/*--------------------------------*- C++ -*----------------------------------*\
| =========                 |                                                 |
| \\      /  F ield         | OpenFOAM: The Open Source CFD Toolbox           |
|  \\    /   O peration     | Version:  2506                                  |
|   \\  /    A nd           | Website:  www.openfoam.com                      |
|    \\/     M anipulation  |                                                 |
\*---------------------------------------------------------------------------*/
FoamFile
{
    version     2.0;
    format      ascii;
    arch        "LSB;label=32;scalar=64";
    class       volVectorField;
    location    "96";
    object      U;
}
// * * * * * * * * * * * * * * * * * * * * * * * * * * * * * * * * * * * * * //

dimensions      [0 1 -1 0 0 0 0];

internalField   nonuniform List<vector> 
12000
(
(-0.00105321916 0.106287452 0.0901946563)
(-0.000937525081 0.00129422029 0.0893023861)
(-0.00142115481 6.9508685e-06 0.0896233528)
(-0.00292432446 -2.63337166e-06 0.0881758734)
(-0.00442201895 -1.78084732e-06 0.0861498846)
(-0.00621090445 -8.02106126e-07 0.0832113255)
(-0.0080876675 2.77123959e-06 0.0791090447)
(-0.00959534128 8.55091975e-06 0.0736927057)
(-0.0102706814 1.42973901e-05 0.0670324748)
(-0.00984120115 1.73407833e-05 0.0595705125)
(-0.00841017378 1.62474108e-05 0.0521186086)
(-0.00648105203 1.62681614e-05 0.0456403896)
(-0.00481570883 2.92499113e-05 0.0408124448)
(-0.00437419839 -3.76361278e-05 0.0376391347)
(-0.00635195505 -0.00079713922 0.0354677181)
(-0.0101008463 -0.000548192877 0.0347957736)
(-0.0156266994 0.0385160373 0.0198606745)
(0.0175631022 0.271553044 -0.161067442)
(0.0142387052 0.496412873 -0.376147915)
(0.0337699468 0.681137967 -0.467682598)
(-0.000793695536 0.296750446 0.12206948)
(-0.0071429132 0.00544940087 0.117690584)
(-0.00709001146 9.69053953e-05 0.121678636)
(-0.0148406568 1.17027346e-05 0.118973326)
(-0.0204478286 8.26826274e-06 0.116696211)
(-0.0266968939 1.031423e-05 0.112500825)
(-0.0320901477 -3.46214369e-06 0.105860684)
(-0.0355189968 -4.14310466e-05 0.0964238647)
(-0.0361982937 -9.2981681e-05 0.084679963)
(-0.0339917581 -0.000133013638 0.072086732)
(-0.029482145 -0.000140810443 0.0606662858)
(-0.0237962747 -0.000145024358 0.0522192074)
(-0.0184327444 -0.000341951671 0.0477308037)
(-0.0154575959 -0.00130560797 0.0473222029)
(-0.016961116 -0.00320447875 0.0504438393)
(-0.023074295 0.00585752074 0.0491144062)
(-0.0263017852 0.0807143572 -0.00539634528)
(0.0255043942 0.285504777 -0.197514298)
(0.0147581379 0.499985333 -0.380614929)
(0.0274716914 0.690229855 -0.438472169)
(0.00486543963 0.455522192 0.102300785)
(-0.0161994964 0.00809569776 0.0913929631)
(-0.0114041354 -1.69579604e-05 0.103272032)
(-0.0258083694 -3.16414097e-05 0.100179447)
(-0.0328468153 -7.9632975e-06 0.0996828018)
(-0.0411540943 -3.70271014e-05 0.0957788731)
(-0.047647218 -5.44800569e-05 0.0888052538)
(-0.0519174434 4.68215503e-05 0.0784828598)
(-0.0531121067 0.000300062519 0.0658395219)
(-0.0505770392 0.000620247259 0.0526436876)
(-0.0441595288 0.000897651432 0.0411332585)
(-0.0348500268 0.0010327616 0.033350974)
(-0.0248995726 0.000670771661 0.0308026075)
(-0.0173762616 -0.00135990189 0.034478487)
(-0.0137559829 -0.00544189399 0.0426522989)
(-0.0115178025 0.00585337405 0.0398265615)
(-0.00444629742 0.0964645465 -0.0293594049)
(0.0392103187 0.275099439 -0.208252213)
(0.0257877075 0.522414161 -0.374129901)
(0.0291457324 0.704507676 -0.425593756)
(0.0152633989 0.586880887 0.106867653)
(-0.0257849883 0.00891970877 0.0933614844)
(-0.0128207649 6.2830242e-05 0.109990666)
(-0.0333580004 0.000145412461 0.106176988)
(-0.0395130936 -8.01460999e-05 0.106508718)
(-0.0495354156 -0.000144129318 0.102448298)
(-0.0582942149 0.000175108083 0.095374967)
(-0.0660162683 0.000454471323 0.0840934995)
(-0.070078052 -6.04942042e-05 0.0687619636)
(-0.067971312 -0.00146143628 0.0510013554)
(-0.0586007024 -0.00314190014 0.0343199971)
(-0.0439289596 -0.00508959979 0.0234139229)
(-0.0280207737 -0.00795617012 0.021576098)
(-0.0148176247 -0.0114915004 0.0285255327)
(-0.00356696914 -0.0102623211 0.0378411472)
(0.00708733285 0.0164177229 0.0316602846)
(0.0346930827 0.132661722 -0.0611620056)
(0.068126067 0.314651931 -0.217893354)
(0.0496645424 0.575886298 -0.360776764)
(0.0360198487 0.727050437 -0.39720872)
(0.0263497346 0.687367651 0.121153651)
(-0.0346196123 0.00604848178 0.108844948)
(-0.0119316343 -0.000471536847 0.127110573)
(-0.0387565618 -0.000888277171 0.121786864)
(-0.0435623157 -3.27482719e-05 0.122105956)
(-0.0572639905 0.00190718848 0.117756323)
(-0.071361885 0.0019876206 0.110616815)
(-0.0861327058 -0.00233215164 0.0972620998)
(-0.0951766826 -0.00692421052 0.0758953613)
(-0.0920759489 -0.00318132134 0.0484424431)
(-0.0744769645 0.00842975889 0.0217727409)
(-0.0474649613 0.0180989315 0.00506984401)
(-0.016969869 0.022406251 0.00268311634)
(0.0100615256 0.0259919707 0.0128065607)
(0.0335671774 0.0421546442 0.0213711178)
(0.0612525872 0.0846516027 -0.00312491809)
(0.098118075 0.198840375 -0.0894076466)
(0.120368361 0.422273694 -0.217250205)
(0.0881814972 0.668500673 -0.330239324)
(0.0485458995 0.759046601 -0.350023489)
(0.0348753884 0.753778577 0.131147295)
(-0.0417139038 -0.000639500668 0.122516092)
(-0.0093437438 0.000629288919 0.140262972)
(-0.0416199322 0.00322010194 0.133879636)
(-0.0458048499 0.00424155369 0.13647397)
(-0.0664731611 -0.00575632074 0.136537313)
(-0.0902577711 -0.0238725225 0.133445211)
(-0.112149522 -0.0157614532 0.116231446)
(-0.111058017 0.0639049171 0.0796952769)
(-0.0726771784 0.209858376 0.0307737866)
(-0.00581857554 0.346622533 -0.0101981438)
(0.0579742178 0.394173899 -0.0289358952)
(0.105715962 0.368638866 -0.0285375792)
(0.138507188 0.306380857 -0.0204621589)
(0.164438596 0.265217518 -0.018777658)
(0.191195836 0.298749503 -0.0418336421)
(0.212060383 0.434051468 -0.104489071)
(0.207232001 0.636911294 -0.195223849)
(0.146103839 0.800701689 -0.270824831)
(0.0679379498 0.798777819 -0.269971018)
(0.0391660703 0.788310339 0.138012769)
(-0.0469612774 -0.00944652169 0.134286106)
(-0.0073051626 0.00357675947 0.150137954)
(-0.0457875657 -0.00197375013 0.145542605)
(-0.052371685 -0.0190937043 0.154160601)
(-0.0785706782 -0.02711141 0.158032976)
(-0.0955824348 0.0392888505 0.147981293)
(-0.0786903358 0.244804463 0.106023163)
(0.00735619525 0.561001908 0.0288430473)
(0.130122327 0.787759775 -0.0540806134)
(0.239231732 0.918521486 -0.101493669)
(0.322766699 0.994397516 -0.106167832)
(0.37846677 1.02372605 -0.0814948257)
(0.407735136 1.00418867 -0.0484486615)
(0.414680713 0.945964707 -0.0282823064)
(0.405169411 0.889759629 -0.0364265878)
(0.377530628 0.887284469 -0.0761864199)
(0.321962198 0.936023687 -0.132209956)
(0.215773007 0.954198048 -0.170916472)
(0.0913385099 0.84162578 -0.150971164)
(0.0289642558 0.758544267 0.148641672)
(-0.0526488177 -0.0327601711 0.143718287)
(-0.00951685494 -0.00130551218 0.16176349)
(-0.0510022781 -0.019229089 0.160602741)
(-0.0531510685 -0.0194109784 0.171584472)
(-0.0642044323 0.0694022426 0.165393788)
(-0.0349782134 0.31495321 0.125140805)
(0.0782610663 0.638849796 0.0246162013)
(0.224777828 0.809901584 -0.101125045)
(0.351261311 0.929325854 -0.189046895)
(0.442597601 1.03630483 -0.215984453)
(0.500437427 1.12328758 -0.191997836)
(0.53332335 1.18354585 -0.140574658)
(0.549009298 1.21845478 -0.0841869982)
(0.549712348 1.23255708 -0.0397465415)
(0.531422529 1.23112754 -0.0173389243)
(0.483445065 1.21673598 -0.0189703389)
(0.397704989 1.17750873 -0.0329637229)
(0.260752578 1.07976583 -0.0353128847)
(0.107819873 0.877464489 0.000460442639)
(0.0335469453 0.789667966 0.170730482)
(-0.0597943858 -0.0396931792 0.148252641)
(-0.0125660271 -0.0140344084 0.17337247)
(-0.0502153146 -0.0181703482 0.170923453)
(-0.0323069695 0.0561738368 0.172253461)
(-0.00812829607 0.289583296 0.132877216)
(0.0975550728 0.54407276 0.0295578462)
(0.250821432 0.668410311 -0.126757144)
(0.382379539 0.831068283 -0.24975725)
(0.463252629 1.00503321 -0.298422467)
(0.496459042 1.13350146 -0.279708438)
(0.4997317 1.20879102 -0.221246535)
(0.490449435 1.24778506 -0.149509721)
(0.477744372 1.26387144 -0.0818465954)
(0.462579399 1.2638108 -0.0270849174)
(0.438366228 1.25146627 0.0122252778)
(0.395415844 1.22643877 0.0391734502)
(0.326014623 1.17266509 0.0640060326)
(0.212460193 1.07021687 0.101193283)
(0.0929173163 0.876985162 0.153389816)
(0.0769265952 0.991651754 0.18294141)
(-0.0679930227 0.00731422636 0.172002182)
(-0.00847377866 -0.0088342634 0.183346446)
(-0.045163692 0.0217039843 0.166841838)
(0.00169683618 0.167859171 0.144018627)
(0.0743512066 0.381627295 0.0507004616)
(0.219663403 0.511538749 -0.12509549)
(0.346952496 0.788403306 -0.273331787)
(0.406886891 1.04884512 -0.336720127)
(0.403489917 1.17899712 -0.321212829)
(0.366843156 1.20901707 -0.261708389)
(0.326167688 1.20858676 -0.189325031)
(0.296454503 1.21030604 -0.120459622)
(0.279746496 1.21213122 -0.0601286049)
(0.26988124 1.20578183 -0.00776278741)
(0.257288503 1.17927917 0.0384406591)
(0.233466656 1.13280329 0.0840030472)
(0.196917212 1.07240149 0.135570836)
(0.12780404 1.00509607 0.203775794)
(0.0667417937 0.861129488 0.270509945)
(0.0389651742 0.828160649 0.186433628)
(-0.094723804 -0.0842112898 0.194845219)
(-0.0219915639 -0.0324563115 0.185242947)
(-0.046127819 0.0342473386 0.146753627)
(0.0267036726 0.190226683 0.0709465184)
(0.150499272 0.366202638 -0.105402514)
(0.262101468 0.811631463 -0.2617066)
(0.293304995 1.14138664 -0.32768067)
(0.251475322 1.20641465 -0.311869774)
(0.181816412 1.12964835 -0.256327166)
(0.120829862 1.06630725 -0.194904358)
(0.0829713988 1.05738412 -0.14101118)
(0.0665586299 1.07021506 -0.0944198511)
(0.066420851 1.07156978 -0.0501138435)
(0.0732787044 1.05242895 -0.00290956937)
(0.0821121149 1.0257694 0.0480232711)
(0.0851424497 0.997815227 0.105012821)
(0.082363013 0.967622594 0.169679726)
(0.0481930248 0.946555731 0.262871145)
(0.0396668851 0.842674145 0.336415893)
(0.00484087305 0.659839381 0.264199281)
(-0.120660961 -0.149867112 0.194407648)
(-0.0329314236 0.00769889603 0.141759794)
(-0.0309318902 0.108695743 0.0860926032)
(0.0713168852 0.299242543 -0.0544107479)
(0.161906079 0.888933611 -0.209063982)
(0.156089312 1.2551185 -0.27302337)
(0.0776791335 1.21528837 -0.260610643)
(-0.00849945291 1.04061998 -0.222284415)
(-0.0650088764 0.952917505 -0.188057836)
(-0.0927423394 0.968253565 -0.156731481)
(-0.101436043 1.00690281 -0.126658455)
(-0.0963575526 1.03021396 -0.0975039663)
(-0.0792466979 1.02783031 -0.065197843)
(-0.0528499068 1.00756729 -0.0235304436)
(-0.0231335746 0.985287946 0.0320268375)
(-0.00837775294 0.951518258 0.0964303175)
(0.0110405824 0.910733292 0.168917328)
(-0.0215647954 0.909378681 0.278720893)
(0.0124420784 0.830565898 0.35571618)
(0.184779732 1.8508996 0.264700967)
(0.0647556394 0.720353055 0.2568733)
(0.0485985753 0.468955696 0.14610727)
(0.0441456658 0.474235204 0.0532504999)
(0.0836365167 0.868694853 -0.0942600427)
(0.0435627876 1.33610249 -0.179661213)
(-0.0867197883 1.22027062 -0.171952336)
(-0.182751834 1.03062615 -0.165928192)
(-0.236173953 0.98403402 -0.167542378)
(-0.263216424 0.973939563 -0.163038022)
(-0.2663843 0.986036441 -0.152447993)
(-0.250862101 1.02004405 -0.139179966)
(-0.224039398 1.05899874 -0.123555373)
(-0.192188646 1.07580819 -0.102021442)
(-0.157526016 1.04589048 -0.066210905)
(-0.119636992 0.97600997 -0.00898490713)
(-0.0861844752 0.920300003 0.0669161331)
(-0.0681995193 0.905253032 0.16313538)
(-0.0835145516 0.939964267 0.287282858)
(-0.0166247182 0.771774088 0.31964819)
(0.158734149 2.13539013 0.0756570872)
(0.12342591 1.32098856 0.221802934)
(0.0822128027 0.949299323 0.193650179)
(0.0185256435 0.82705092 0.0778305844)
(-0.0150279354 1.41369405 -0.0391704819)
(-0.199608962 1.27844022 -0.047473247)
(-0.324208837 1.13740413 -0.0656260401)
(-0.406765458 1.11388049 -0.0974628224)
(-0.464156751 1.07367503 -0.124654665)
(-0.487628928 1.0375809 -0.146166803)
(-0.480022357 1.00657862 -0.159029116)
(-0.446353193 0.988315293 -0.161260968)
(-0.396015466 0.990247398 -0.152337044)
(-0.340267987 1.01068524 -0.13233445)
(-0.288206242 1.02895124 -0.0981379481)
(-0.241473792 1.0145049 -0.0400770376)
(-0.195941404 0.976313546 0.0502867211)
(-0.162201871 0.978982727 0.163826541)
(-0.131197072 0.959616699 0.268276972)
(-0.0430293539 0.634995138 0.234731362)
(0.0118915391 1.45936066 0.0417750287)
(-0.0079246584 1.37538336 0.244093384)
(-0.0228422392 1.14750835 0.242458787)
(-0.113899708 1.24549699 0.143874418)
(-0.256511256 1.39675667 0.111909411)
(-0.424244761 1.27806803 0.0898348961)
(-0.54350393 1.27391436 0.0418234298)
(-0.641997863 1.26949197 -0.0150578041)
(-0.708324482 1.24814539 -0.0750072262)
(-0.739178513 1.20731693 -0.131579534)
(-0.732310697 1.14598045 -0.177925877)
(-0.68808515 1.06996813 -0.207170411)
(-0.611181245 0.99274767 -0.212810191)
(-0.512489239 0.93856252 -0.191581372)
(-0.410249472 0.935251692 -0.145375407)
(-0.326287118 0.984452435 -0.0777973415)
(-0.267713234 1.0242943 0.0143078511)
(-0.208880608 0.977254245 0.12554319)
(-0.141852459 0.83994093 0.193141685)
(-0.049999808 0.41132731 0.122425731)
(-0.0303946295 1.33860865 0.111473281)
(-0.133247833 1.31042654 0.283693725)
(-0.160442157 1.32429808 0.309270638)
(-0.291891307 1.42700504 0.281258063)
(-0.455260651 1.42390682 0.272344152)
(-0.603370324 1.43347647 0.230046254)
(-0.727097015 1.49110347 0.159657683)
(-0.831260747 1.51606672 0.0754078848)
(-0.906393823 1.51813654 -0.017121708)
(-0.950786162 1.49606043 -0.110954021)
(-0.960254397 1.44738745 -0.198368442)
(-0.93017027 1.36699771 -0.270285763)
(-0.856185666 1.24905167 -0.314602906)
(-0.736661979 1.09498239 -0.318031133)
(-0.577091088 0.926149758 -0.270550711)
(-0.398869414 0.794401579 -0.174777251)
(-0.248320483 0.758648205 -0.0568599455)
(-0.170456419 0.765235049 0.0393654979)
(-0.103613025 0.561996037 0.0910735161)
(-0.0261051834 0.155592369 0.0245321563)
(-0.0440798763 1.35876971 0.224440275)
(-0.198114891 1.35951341 0.360161078)
(-0.270637693 1.46632154 0.419006631)
(-0.428037621 1.51505102 0.438399552)
(-0.578470639 1.53811387 0.426744189)
(-0.709347945 1.61624214 0.367899655)
(-0.82492152 1.67207134 0.279959354)
(-0.921700414 1.69038547 0.17361147)
(-0.996828474 1.68944647 0.0553851848)
(-1.04895893 1.67682548 -0.0681437212)
(-1.0763125 1.65872093 -0.190749985)
(-1.07525256 1.63082235 -0.305774882)
(-1.03710108 1.57651401 -0.40266873)
(-0.950536608 1.47236495 -0.465157797)
(-0.803692719 1.29510925 -0.471049617)
(-0.592952055 1.03990869 -0.397941222)
(-0.33852804 0.748967081 -0.240468587)
(-0.104301052 0.528478257 -0.0439037025)
(-0.0151348258 0.470310548 0.0558333245)
(0.0334498684 0.243621313 0.00196274729)
(-0.0466534281 1.41159163 0.363945491)
(-0.226264144 1.45747887 0.479989059)
(-0.335868007 1.56227895 0.557054772)
(-0.493750338 1.59781229 0.589758904)
(-0.622568475 1.65796534 0.565874909)
(-0.733891435 1.71660774 0.492244269)
(-0.828829267 1.71363613 0.388632948)
(-0.905244826 1.67806905 0.265157677)
(-0.96546476 1.63864017 0.130193772)
(-1.01182608 1.61347221 -0.0101469231)
(-1.04522641 1.60901289 -0.152353718)
(-1.06444666 1.62312032 -0.292931794)
(-1.06359871 1.64444553 -0.427565414)
(-1.0305521 1.64954555 -0.545450476)
(-0.946652178 1.59980147 -0.62571143)
(-0.791725926 1.44516766 -0.635052899)
(-0.558845735 1.14884329 -0.534138582)
(-0.273712006 0.744728503 -0.30645244)
(-0.00962649934 0.401348534 -0.0236993678)
(0.0696915237 0.310625343 0.0493696834)
(-0.0432027617 1.46817863 0.514271855)
(-0.232447239 1.54710516 0.621909146)
(-0.35510227 1.63164115 0.701615742)
(-0.496988955 1.6717066 0.726035366)
(-0.602765278 1.72196405 0.683847067)
(-0.691884673 1.71175908 0.593230561)
(-0.761679291 1.63571242 0.473045946)
(-0.814455796 1.54646059 0.335042893)
(-0.855544011 1.47523144 0.189234021)
(-0.889233681 1.4363304 0.0410984471)
(-0.91821549 1.4317207 -0.107769726)
(-0.941811598 1.45561687 -0.257495978)
(-0.958409653 1.50596262 -0.408317786)
(-0.961296145 1.57428201 -0.556782584)
(-0.936123327 1.63650074 -0.690778393)
(-0.858965005 1.63969726 -0.781527961)
(-0.703879251 1.49641855 -0.776255777)
(-0.463730624 1.12158834 -0.608647209)
(-0.171803023 0.576432595 -0.267794138)
(0.0762844656 0.303026808 0.0479758438)
(-0.0353622566 1.51873525 0.66187297)
(-0.221252288 1.61591637 0.764855161)
(-0.336831076 1.68358539 0.836791288)
(-0.456494922 1.71817465 0.842439601)
(-0.540383808 1.72310885 0.778606707)
(-0.608122841 1.64037913 0.669057338)
(-0.65658321 1.51504429 0.532656826)
(-0.69249875 1.40654147 0.383386991)
(-0.721830126 1.3359735 0.231218113)
(-0.747455452 1.3019199 0.0795712488)
(-0.770325689 1.29590984 -0.0717910345)
(-0.790190641 1.31297934 -0.224252622)
(-0.806540288 1.35409756 -0.379154591)
(-0.81822028 1.42312726 -0.537412926)
(-0.820302904 1.51794812 -0.696205979)
(-0.798635107 1.61726106 -0.840617383)
(-0.724928043 1.65302128 -0.926774827)
(-0.565077099 1.47634852 -0.862781002)
(-0.310367502 0.899968106 -0.537752884)
(-0.0169909737 0.0158213909 -0.013934188)
(-0.0238629543 1.56083088 0.796165637)
(-0.196355554 1.66661988 0.894754926)
(-0.292759332 1.71959726 0.95345363)
(-0.389613136 1.73421073 0.937168187)
(-0.454040491 1.68494289 0.851831331)
(-0.504269445 1.55110015 0.724490807)
(-0.538625836 1.40996016 0.575237354)
(-0.566408108 1.31298458 0.419062987)
(-0.592100468 1.26262317 0.263454148)
(-0.615845632 1.24236786 0.10875902)
(-0.636075538 1.23876461 -0.0462618762)
(-0.65214411 1.24890164 -0.202211263)
(-0.663802312 1.2763246 -0.360017194)
(-0.670841256 1.32675294 -0.520583243)
(-0.673065656 1.40428229 -0.68428049)
(-0.668057609 1.50652393 -0.846838799)
(-0.64299069 1.61505016 -0.987060479)
(-0.562261016 1.64377803 -1.03248653)
(-0.381544186 1.34523109 -0.82201411)
(-0.112377402 0.439663146 -0.232413235)
(-0.00934446229 1.5947347 0.909049339)
(-0.161822883 1.70369208 1.00316788)
(-0.232965553 1.74151248 1.04762428)
(-0.308635088 1.72911931 1.01091692)
(-0.356328734 1.63437021 0.907115711)
(-0.393448953 1.47433059 0.765770085)
(-0.419368435 1.33898706 0.608552594)
(-0.443532426 1.26180929 0.44961844)
(-0.467836422 1.22684952 0.292593191)
(-0.490345655 1.21240171 0.135213098)
(-0.508664396 1.20922519 -0.0238930466)
(-0.522780183 1.21650547 -0.184685232)
(-0.533092423 1.23752618 -0.347919423)
(-0.538384883 1.27960875 -0.514246358)
(-0.536851325 1.3493485 -0.683106975)
(-0.526906249 1.43879432 -0.849295523)
(-0.509095619 1.53413173 -1.00208106)
(-0.473846621 1.62649764 -1.11226988)
(-0.372854663 1.57008784 -1.04515035)
(-0.137380567 0.854273398 -0.505544524)
(0.00774906057 1.62159195 0.994555692)
(-0.120887791 1.73058165 1.08573739)
(-0.164123316 1.75318401 1.11836212)
(-0.220898552 1.71498355 1.06549933)
(-0.254138115 1.58938944 0.947914851)
(-0.281430071 1.42038938 0.797131308)
(-0.301514137 1.29679646 0.636030739)
(-0.322453484 1.23228821 0.476704639)
(-0.343755226 1.20006202 0.319195761)
(-0.36280351 1.18321597 0.159970157)
(-0.377972679 1.18018797 -0.00204029764)
(-0.390513475 1.18909277 -0.166725728)
(-0.400777524 1.2063746 -0.334352395)
(-0.40829983 1.23976537 -0.507049328)
(-0.409857648 1.30914211 -0.686053312)
(-0.398750432 1.41062505 -0.863256289)
(-0.373793484 1.4986276 -1.01759049)
(-0.345388505 1.56318243 -1.14066411)
(-0.315758672 1.61581655 -1.18079878)
(-0.118847364 1.13161326 -0.764175996)
(0.0277136628 1.64184481 1.04824086)
(-0.0752497637 1.7503692 1.14089011)
(-0.0899641132 1.75912835 1.16613282)
(-0.130025859 1.70124818 1.10261801)
(-0.150369786 1.55853243 0.976675549)
(-0.169800857 1.38886417 0.820456754)
(-0.18478167 1.27393725 0.657843972)
(-0.201701824 1.21259241 0.498687709)
(-0.218840388 1.17476357 0.34048458)
(-0.234099634 1.15224383 0.179443543)
(-0.246604587 1.15097712 0.0153024978)
(-0.257596308 1.16727329 -0.151588516)
(-0.267031059 1.18764732 -0.32170826)
(-0.27607062 1.20985584 -0.497312017)
(-0.28200295 1.26860588 -0.683698421)
(-0.275796043 1.38540226 -0.87690408)
(-0.25393795 1.49646077 -1.04341466)
(-0.215583129 1.52558801 -1.15628386)
(-0.237893131 1.57664888 -1.24066192)
(-0.0770432523 1.31777901 -0.976997654)
(0.0532827915 1.65635036 1.06655353)
(-0.0247038036 1.76435583 1.1699054)
(-0.0123053545 1.76303738 1.19102526)
(-0.0376881558 1.6936301 1.12363027)
(-0.0452958853 1.54447457 0.994777619)
(-0.0583844165 1.37636296 0.836405726)
(-0.0682931474 1.2652393 0.673562708)
(-0.0807576169 1.20200764 0.514725664)
(-0.0936806192 1.15633972 0.356106224)
(-0.106082909 1.12590716 0.194139181)
(-0.117199715 1.12266489 0.0292511465)
(-0.12697045 1.14777201 -0.138780055)
(-0.135553938 1.17837428 -0.311002984)
(-0.145574053 1.19551514 -0.487978574)
(-0.154473649 1.24039437 -0.677608044)
(-0.151826393 1.36110568 -0.882422672)
(-0.143123961 1.50014057 -1.06670683)
(-0.102733736 1.52007846 -1.1721493)
(-0.157618799 1.51227637 -1.2491603)
(-0.0300702453 1.43260516 -1.12744581)
(0.0870943018 1.69521957 1.03577976)
(0.0336826067 1.747494 1.18367005)
(0.0652638785 1.76786825 1.19275686)
(0.0573330546 1.69392459 1.12937835)
(0.061476617 1.54737006 1.00314656)
(0.0542367213 1.38195411 0.845635367)
(0.0488121591 1.26940842 0.683278138)
(0.0408688633 1.20312696 0.525076086)
(0.0319959496 1.15339475 0.367256063)
(0.0221068445 1.11808013 0.206031007)
(0.0115629635 1.10942492 0.0419099519)
(0.00329476744 1.13725779 -0.126069862)
(-0.00536974294 1.17307439 -0.299393248)
(-0.0170652004 1.18985899 -0.477849655)
(-0.0288858646 1.22969162 -0.670097179)
(-0.0286664137 1.35091869 -0.881156241)
(-0.0330235796 1.50276593 -1.07625435)
(-0.00832323319 1.52628906 -1.17898083)
(-0.083386152 1.46164972 -1.23099055)
(0.0112313731 1.49589058 -1.21227798)
(0.125330562 1.77318684 0.954627864)
(0.0978622821 1.69880353 1.1772261)
(0.143871841 1.7683408 1.17481111)
(0.155749781 1.70347879 1.11922735)
(0.170343605 1.56555734 1.0016963)
(0.170064949 1.40612951 0.848557998)
(0.168073261 1.28838334 0.687366807)
(0.164234531 1.2168678 0.529732186)
(0.159318889 1.16738943 0.373536258)
(0.152461777 1.13384793 0.214851919)
(0.143984976 1.12555647 0.0527576521)
(0.136017379 1.14667094 -0.114868611)
(0.125577554 1.17323082 -0.287551256)
(0.111309018 1.18944661 -0.466591514)
(0.0973002297 1.23557183 -0.661255793)
(0.0925544677 1.36160755 -0.874608084)
(0.0786362494 1.50914199 -1.06791298)
(0.0730621901 1.52762827 -1.16562718)
(-0.0183962728 1.439899 -1.20011817)
(0.0429498952 1.5221849 -1.23476198)
(0.161447849 1.89983843 0.826168407)
(0.162250239 1.63750204 1.13995669)
(0.224939554 1.75050184 1.14211956)
(0.256800711 1.72060013 1.09324124)
(0.28116554 1.59799618 0.989018115)
(0.289905192 1.44787962 0.844764707)
(0.291904754 1.32516248 0.686483441)
(0.291214058 1.2454187 0.529235151)
(0.289356354 1.19513672 0.374258124)
(0.285437175 1.16501447 0.218170869)
(0.279294977 1.15702592 0.0586031668)
(0.271249992 1.1684562 -0.106177322)
(0.259033431 1.182853 -0.276326738)
(0.242753819 1.19880609 -0.4545719)
(0.226825324 1.25869333 -0.649960746)
(0.215501267 1.39153124 -0.860068757)
(0.186829319 1.52243707 -1.04046091)
(0.147731449 1.52032704 -1.12526634)
(0.0361430897 1.44122988 -1.1565711)
(0.0651887111 1.52662556 -1.20571365)
(0.187108466 2.08392083 0.659627504)
(0.217276091 1.59675635 1.05958585)
(0.305458861 1.70090955 1.09538097)
(0.358548201 1.73198099 1.05368184)
(0.392317221 1.64263581 0.963050243)
(0.412059457 1.50666472 0.831835784)
(0.421506137 1.38194124 0.680435764)
(0.424934228 1.29253626 0.52516728)
(0.425467813 1.23620924 0.371245678)
(0.423563044 1.20448274 0.217396481)
(0.41889283 1.19289545 0.0611547748)
(0.410854501 1.19449017 -0.09931953)
(0.397830716 1.20148364 -0.265558929)
(0.38063899 1.22661897 -0.441798279)
(0.362448061 1.306456 -0.634696226)
(0.340633556 1.43865929 -0.833238205)
(0.289437618 1.53640352 -0.989876066)
(0.21525281 1.50398301 -1.05413405)
(0.0778120115 1.43431199 -1.08024318)
(0.0810224692 1.54074652 -1.15087061)
(0.195227875 2.33235816 0.471306098)
(0.248689111 1.62263496 0.924761536)
(0.374979613 1.6282147 1.02524655)
(0.455934729 1.7127627 1.00230052)
(0.50071286 1.68535696 0.923384863)
(0.532270366 1.5805056 0.805802052)
(0.553713675 1.46146129 0.665462452)
(0.565614043 1.36389884 0.516338417)
(0.570811706 1.29686189 0.365630847)
(0.571407286 1.25660833 0.214728584)
(0.56793797 1.2369227 0.0623868991)
(0.560077786 1.2319479 -0.0933688966)
(0.546734239 1.24310036 -0.255095052)
(0.5284791 1.2880183 -0.427296383)
(0.504506088 1.38308515 -0.611389816)
(0.463951489 1.49367027 -0.787168389)
(0.381392323 1.53976135 -0.910023547)
(0.270273263 1.47652812 -0.9512032)
(0.110814615 1.43175154 -0.981582005)
(0.09462142 1.55800257 -1.06932548)
(0.184477223 2.62966319 0.295187868)
(0.235992719 1.74650655 0.740783489)
(0.413187436 1.56951154 0.917193319)
(0.535176164 1.64676134 0.933248211)
(0.59918747 1.6918435 0.86953388)
(0.644946231 1.64968894 0.764014793)
(0.681794138 1.56056492 0.636073393)
(0.707372659 1.46775685 0.49717526)
(0.722215738 1.39344624 0.353800335)
(0.728685786 1.34340574 0.208639902)
(0.728219375 1.31569316 0.0617756004)
(0.721114245 1.31023524 -0.0881077403)
(0.706800644 1.33316274 -0.24358942)
(0.684082125 1.39258304 -0.407057653)
(0.645368121 1.47608042 -0.571935493)
(0.574373649 1.53402516 -0.712630801)
(0.453923941 1.51949777 -0.796524902)
(0.310054227 1.44159081 -0.820364493)
(0.137374745 1.43921188 -0.864773636)
(0.10724709 1.58047602 -0.969782445)
(0.203135985 3.01324879 0.147627993)
(0.185717482 2.03453511 0.520682023)
(0.40110856 1.60478081 0.757451866)
(0.57039271 1.56566477 0.82975393)
(0.667681427 1.63221172 0.794691899)
(0.737366418 1.66213854 0.704601294)
(0.795010953 1.63621687 0.589328831)
(0.838883903 1.58052314 0.462599852)
(0.868206561 1.52179575 0.330344161)
(0.884734853 1.47576404 0.19508312)
(0.889879336 1.44896301 0.0576682304)
(0.884224098 1.44598753 -0.0829834625)
(0.866467092 1.4698651 -0.227840147)
(0.830755853 1.51162158 -0.373133534)
(0.764040691 1.54204296 -0.505370394)
(0.653937393 1.52866985 -0.602850793)
(0.499129673 1.47197927 -0.652317936)
(0.336334683 1.41374802 -0.672288429)
(0.163044829 1.46654944 -0.739019613)
(0.120501967 1.60760861 -0.855313952)
(0.287977164 3.31948312 0.0441458046)
(0.134495277 2.47261184 0.352008019)
(0.33426132 1.8021344 0.578963764)
(0.536703391 1.55687774 0.680130759)
(0.675296522 1.54559622 0.680165522)
(0.782139609 1.59334766 0.61630718)
(0.870632985 1.62366383 0.519516315)
(0.939318086 1.62433182 0.408010171)
(0.987537042 1.60710578 0.2899325)
(1.01701125 1.58635906 0.168452291)
(1.02870363 1.57213037 0.044490156)
(1.0224068 1.5691653 -0.0804397419)
(0.993172897 1.57044286 -0.202761193)
(0.931790425 1.55921574 -0.314804358)
(0.829794978 1.5224977 -0.404836819)
(0.688787552 1.467302 -0.463005474)
(0.521451371 1.42277171 -0.493224497)
(0.36274894 1.42198997 -0.522872986)
(0.19853265 1.52187903 -0.607485024)
(0.137024619 1.63866509 -0.720322683)
(0.266114383 3.08763532 -0.160715067)
(0.177064959 2.84056205 0.18539784)
(0.254305068 2.17552624 0.410270457)
(0.430805553 1.72210959 0.504526401)
(0.597411904 1.54712769 0.523029316)
(0.744465183 1.5200898 0.488526405)
(0.87069201 1.54112012 0.419765067)
(0.970170265 1.56439826 0.332669524)
(1.0406917 1.57688055 0.236833321)
(1.08298262 1.57831391 0.136945976)
(1.0990732 1.57430679 0.035977642)
(1.08437662 1.5554321 -0.0621791608)
(1.03397869 1.51725264 -0.152449418)
(0.948020779 1.468835 -0.22836888)
(0.831964355 1.42856274 -0.284363295)
(0.69705615 1.41573415 -0.320045293)
(0.553750523 1.44079305 -0.345331441)
(0.418754923 1.50085754 -0.381899688)
(0.259918915 1.60757143 -0.459756729)
(0.161537643 1.67237442 -0.547994826)
(-0.020937571 2.48544456 -0.283469048)
(0.0579117627 2.86772824 0.194287678)
(0.111995636 2.35595621 0.318293283)
(0.260043552 1.87148583 0.340303796)
(0.431926162 1.59077214 0.335436772)
(0.601948111 1.46093189 0.312295412)
(0.754892557 1.41102159 0.27078606)
(0.877689402 1.3948786 0.215270158)
(0.964100868 1.38814363 0.151193553)
(1.0139044 1.38049427 0.0828337633)
(1.0281113 1.36352283 0.0138162863)
(1.01254687 1.35316976 -0.0518643627)
(0.972765246 1.36452398 -0.109805723)
(0.913708514 1.40211647 -0.156462043)
(0.839509836 1.46175609 -0.19002019)
(0.752788475 1.53214173 -0.211005164)
(0.649999557 1.60106064 -0.224353027)
(0.530408357 1.65893867 -0.240824949)
(0.355059947 1.71386794 -0.277310133)
(0.196904014 1.70660767 -0.32394582)
(-0.0880604678 2.48000426 -0.187447967)
(-0.0190263708 2.91332649 0.124982116)
(0.00464894969 2.57047589 0.221389996)
(0.154312724 2.25448101 0.20326208)
(0.332864324 2.04626215 0.170776526)
(0.516692298 1.91445817 0.145941449)
(0.686316229 1.83168569 0.123725767)
(0.827399767 1.78188149 0.098454613)
(0.934133308 1.75557949 0.0688679109)
(1.00703296 1.74721398 0.0359875872)
(1.04966472 1.75753016 0.00148518487)
(1.06448105 1.77735358 -0.0342149613)
(1.05353958 1.79881184 -0.0691658574)
(1.01882982 1.81635585 -0.0997057663)
(0.962001858 1.82613794 -0.12091237)
(0.884422824 1.82765335 -0.127332814)
(0.781407245 1.82352297 -0.115474898)
(0.649125999 1.81407669 -0.0864652398)
(0.446478438 1.80257948 -0.0585608848)
(0.2319271 1.7353437 -0.056451542)
(-0.102346297 2.50194806 -0.047887902)
(-0.17574443 2.72955649 0.0977422921)
(-0.0632582103 2.61449144 0.120536385)
(0.130045794 2.48502239 0.0179461205)
(0.34565451 2.37362326 -0.0384445459)
(0.550183656 2.27331606 -0.0538092646)
(0.723369402 2.18518537 -0.049763829)
(0.857705601 2.10946523 -0.042284891)
(0.953030962 2.04430957 -0.0387973636)
(1.0119256 1.98642742 -0.0415453052)
(1.03706746 1.93187458 -0.0499918861)
(1.03126495 1.87886875 -0.0618554428)
(0.997692009 1.82691554 -0.0738559407)
(0.94002452 1.77707749 -0.0821625178)
(0.863001162 1.73313102 -0.0821447831)
(0.773785154 1.70413571 -0.0671598687)
(0.673738894 1.69840594 -0.0273330731)
(0.562456366 1.72154547 0.0480887546)
(0.395728935 1.77173377 0.149296877)
(0.220120331 1.74203673 0.214257988)
(-0.0905672112 2.3447268 0.0836996548)
(-0.165752248 2.4415277 0.00814538743)
(0.0911805205 2.45625928 -0.162159352)
(0.311890498 2.30758631 -0.26448232)
(0.511555379 2.1221291 -0.284918568)
(0.677229281 1.96732981 -0.255225802)
(0.80314559 1.85793406 -0.206388213)
(0.891796795 1.78381383 -0.156488038)
(0.947424108 1.73020043 -0.113137438)
(0.972849713 1.68537248 -0.0779479582)
(0.969250252 1.64183252 -0.0499902206)
(0.937146103 1.59508257 -0.0271289278)
(0.877419263 1.54515637 -0.00771146854)
(0.791891437 1.49500439 0.00986985914)
(0.685216349 1.45040651 0.0274731158)
(0.565153904 1.41947158 0.0495748766)
(0.446090233 1.42780186 0.0892078187)
(0.357346176 1.50941142 0.174991577)
(0.259192875 1.67325731 0.324675553)
(0.180850179 1.72915118 0.44480869)
(-0.0590976425 2.14506321 0.190853848)
(0.0977871111 2.43971921 -0.0865028759)
(0.311489337 2.31520324 -0.362402612)
(0.48504804 2.01644268 -0.458287415)
(0.616085345 1.78373919 -0.434814319)
(0.711839584 1.66552682 -0.363781049)
(0.781205413 1.6249314 -0.283171319)
(0.830360144 1.61914433 -0.208060831)
(0.862062964 1.62237624 -0.142654838)
(0.876779194 1.62330583 -0.0863472486)
(0.873708106 1.61791881 -0.0367984248)
(0.851298508 1.60630502 0.0087309039)
(0.80732888 1.58703716 0.0516071998)
(0.739753347 1.55725874 0.0924349294)
(0.646802514 1.51569764 0.130500925)
(0.529569003 1.46439617 0.163907903)
(0.392365986 1.41713004 0.197107381)
(0.268322208 1.42013375 0.266263473)
(0.163226879 1.58595352 0.440479851)
(0.149830835 1.70688545 0.614266201)
(0.0545121213 2.47837896 0.169143202)
(0.26927855 2.44123033 -0.291722934)
(0.428096408 2.01537887 -0.551917231)
(0.542263219 1.68719344 -0.584934158)
(0.608944065 1.58972323 -0.515586203)
(0.652740268 1.62163335 -0.420889615)
(0.690195665 1.68117796 -0.328446111)
(0.722558926 1.72368669 -0.244828467)
(0.746613 1.74170186 -0.16980646)
(0.759582293 1.74072454 -0.101183891)
(0.759227606 1.72734694 -0.036523272)
(0.743843936 1.70567369 0.0262932943)
(0.712421936 1.67799121 0.0894518085)
(0.663193174 1.64536858 0.153689109)
(0.593082842 1.60539618 0.217420775)
(0.499044778 1.55236895 0.275131079)
(0.376022571 1.48314426 0.31955537)
(0.244133422 1.41749966 0.368482841)
(0.113492451 1.52629695 0.527230605)
(0.130975895 1.68156113 0.73164095)
(0.311941047 3.18430501 -0.0905593675)
(0.333030515 2.25445563 -0.504903457)
(0.425737349 1.66107282 -0.661487755)
(0.506701759 1.55900122 -0.638451115)
(0.539316259 1.67351286 -0.553263526)
(0.56180854 1.79174824 -0.457217907)
(0.589454666 1.84920203 -0.36524044)
(0.616913996 1.85621394 -0.27923706)
(0.638341729 1.83762079 -0.197733424)
(0.651162705 1.81066405 -0.118988267)
(0.654062873 1.78375941 -0.0413797817)
(0.64499284 1.75741233 0.0367233072)
(0.621512834 1.72902601 0.116814409)
(0.582533185 1.69791435 0.199939402)
(0.52688844 1.66274294 0.285723693)
(0.452927918 1.61763738 0.36919113)
(0.352094324 1.55107877 0.436586049)
(0.23428567 1.45161291 0.481270218)
(0.0868987919 1.49243876 0.61034292)
(0.118240522 1.65661627 0.820241722)
(0.233177769 2.57184587 -0.341172703)
(0.237137119 1.64013395 -0.690553482)
(0.356496783 1.50335581 -0.737335532)
(0.424509136 1.68639241 -0.675624833)
(0.443655052 1.85261627 -0.584174577)
(0.459360597 1.90997877 -0.488525578)
(0.480379084 1.88893504 -0.395815001)
(0.500271574 1.83841254 -0.30600481)
(0.514897967 1.78796336 -0.218041857)
(0.523383825 1.74770949 -0.131140379)
(0.525326163 1.71776025 -0.0441103727)
(0.520075089 1.69757762 0.0448693414)
(0.506212037 1.68572764 0.137579288)
(0.481352933 1.67727233 0.235248618)
(0.442674825 1.6661781 0.338082695)
(0.388916969 1.64431646 0.44283222)
(0.311417741 1.59772498 0.535078526)
(0.218486248 1.49284613 0.589200324)
(0.0677643171 1.47795391 0.694877557)
(0.107571173 1.63405191 0.896028093)
(0.208444032 2.21097811 -0.504203735)
(0.199021832 1.53172768 -0.806949841)
(0.290227115 1.62795564 -0.788642985)
(0.330309866 1.84155236 -0.703531453)
(0.343385201 1.93695353 -0.607200342)
(0.356163248 1.91473688 -0.511589483)
(0.371178453 1.84229407 -0.417373032)
(0.384540693 1.77152331 -0.323712358)
(0.393934897 1.72014926 -0.230926838)
(0.399155157 1.68577431 -0.138817343)
(0.400057163 1.66158211 -0.0460535629)
(0.396250751 1.64425816 0.0493125733)
(0.387233114 1.63468007 0.149733666)
(0.371974089 1.63384368 0.257524314)
(0.347659257 1.63913892 0.37365547)
(0.312442863 1.64088457 0.49584925)
(0.25639376 1.62095648 0.610972049)
(0.192178441 1.5275932 0.680928355)
(0.048843142 1.4754689 0.774657789)
(0.0975985841 1.61478598 0.961967433)
(0.179539562 1.97063874 -0.663058729)
(0.136771485 1.51971213 -0.890516628)
(0.21392439 1.73075889 -0.821764623)
(0.23612413 1.9225867 -0.724851032)
(0.250763905 1.96113595 -0.626054819)
(0.260573428 1.89044486 -0.529684954)
(0.270644978 1.79567365 -0.433114898)
(0.280124107 1.72738296 -0.33620251)
(0.286884167 1.687796 -0.240392977)
(0.290611965 1.662709 -0.14516212)
(0.291380106 1.64352789 -0.0485355843)
(0.28851792 1.62680235 0.0514158895)
(0.281039459 1.61218299 0.156808796)
(0.269517714 1.60469536 0.270603416)
(0.253362915 1.61009355 0.395526079)
(0.23188328 1.62424007 0.530882187)
(0.19261804 1.62751678 0.665287381)
(0.156823834 1.55187376 0.751547448)
(0.0263669274 1.47852785 0.842456373)
(0.0873277242 1.59929967 1.01507752)
(0.143421182 1.81474162 -0.779405025)
(0.0758915429 1.56659883 -0.929150855)
(0.147727016 1.80551261 -0.847133045)
(0.152912079 1.96878181 -0.744163323)
(0.16884575 1.97070308 -0.640502854)
(0.172627405 1.86708961 -0.542046857)
(0.179116117 1.76298358 -0.443892095)
(0.186488608 1.70599805 -0.345068601)
(0.191460029 1.67789532 -0.247405106)
(0.193510823 1.65522042 -0.149938248)
(0.193586876 1.63440044 -0.0502104952)
(0.191428148 1.61713479 0.053529318)
(0.185671481 1.6017866 0.162652609)
(0.176544678 1.58959771 0.279762725)
(0.164836571 1.58959988 0.409132787)
(0.152679683 1.60675052 0.552642501)
(0.124465488 1.62579431 0.701829229)
(0.114981982 1.56631721 0.800028809)
(-0.00145766574 1.48422992 0.896281778)
(0.0754556853 1.58623847 1.04987205)
(0.107442107 1.72110636 -0.856391337)
(0.0216255127 1.61521675 -0.944071)
(0.0896130621 1.84195439 -0.867991302)
(0.0791930991 1.99698583 -0.756369775)
(0.0943046769 1.97925558 -0.648353411)
(0.0914155316 1.85270021 -0.54932663)
(0.0955477831 1.74567834 -0.451221102)
(0.100749487 1.70024458 -0.350914426)
(0.103407248 1.67758723 -0.251444426)
(0.102876706 1.64952594 -0.152062281)
(0.101848912 1.62268929 -0.0499154781)
(0.0998798285 1.60411084 0.0562470686)
(0.0962139061 1.59137853 0.167794146)
(0.0899171131 1.57989655 0.286660402)
(0.0815382669 1.57689238 0.418300616)
(0.0764794553 1.59380823 0.564905187)
(0.0533187481 1.62201501 0.725058377)
(0.0705201854 1.57326552 0.828571832)
(-0.0391002425 1.48301454 0.928361368)
(0.0588295046 1.58153655 1.06803911)
(0.076281907 1.67385279 -0.893265651)
(-0.0237362169 1.64299326 -0.943045902)
(0.0351498916 1.85477825 -0.880123894)
(0.0143141926 2.01673926 -0.761044334)
(0.0245970205 1.99229407 -0.650246678)
(0.0159769399 1.85176061 -0.551656741)
(0.0167007484 1.74149991 -0.454420904)
(0.0189105952 1.70138689 -0.352898651)
(0.0190799457 1.67986867 -0.251919073)
(0.0163271853 1.64581615 -0.151403003)
(0.0150184822 1.61454952 -0.0478239034)
(0.0132778962 1.59568233 0.0593915693)
(0.0108889658 1.58360582 0.171772813)
(0.00756001383 1.57301364 0.29159761)
(8.21555929e-05 1.56935248 0.423842099)
(0.00323642962 1.58678971 0.57160737)
(-0.0214894959 1.62079249 0.735499003)
(0.0217150822 1.57299655 0.842679431)
(-0.0835354298 1.5104116 0.958234361)
(0.034249316 1.55431906 1.0481575)
(0.0530424545 1.65931009 -0.893778887)
(-0.0610419649 1.64586334 -0.932758612)
(-0.0200584502 1.85159964 -0.878951508)
(-0.0440688142 2.02773887 -0.758545255)
(-0.0429444498 2.01136411 -0.645832582)
(-0.056227131 1.86578643 -0.548422693)
(-0.0608285646 1.74740467 -0.452698507)
(-0.0617292245 1.70405227 -0.351238405)
(-0.0636411457 1.68340662 -0.249693824)
(-0.0675751801 1.64885991 -0.149111355)
(-0.0693936286 1.61513693 -0.0457166101)
(-0.070166282 1.59394021 0.0618467353)
(-0.072002388 1.5792771 0.174411556)
(-0.0746265347 1.56863817 0.294830545)
(-0.0794990134 1.56800092 0.427332482)
(-0.0759697027 1.58988374 0.577005215)
(-0.0913428396 1.61855616 0.732758899)
(-0.0406935697 1.56991149 0.847045462)
(-0.135775317 1.56899029 0.984618281)
(0.0019779128 1.49267676 0.982345519)
(0.0365220128 1.65851246 -0.864778865)
(-0.0936716872 1.63749387 -0.910042826)
(-0.0743969268 1.83557898 -0.863164532)
(-0.10230136 2.02952309 -0.747951669)
(-0.10932172 2.03662784 -0.634774114)
(-0.128170378 1.89355453 -0.538961347)
(-0.138766249 1.76169712 -0.445808015)
(-0.143240981 1.70810513 -0.345990455)
(-0.146785438 1.68896509 -0.244879524)
(-0.151771111 1.65811688 -0.145012535)
(-0.154649558 1.62168356 -0.0427512339)
(-0.155215388 1.59634141 0.0641595638)
(-0.156599037 1.57991817 0.176779677)
(-0.159125958 1.57167643 0.298021868)
(-0.161966351 1.5776479 0.431717629)
(-0.160157664 1.6000996 0.578938956)
(-0.160547922 1.61127987 0.721768931)
(-0.124514809 1.58034703 0.847529561)
(-0.193243209 1.64230797 0.99678429)
(-0.0365821448 1.38419161 0.867168063)
(0.0230687259 1.66191137 -0.811653312)
(-0.124912218 1.62984522 -0.86872473)
(-0.128012832 1.80539429 -0.83412813)
(-0.162846084 2.01744417 -0.727913823)
(-0.177063453 2.0637141 -0.616510605)
(-0.201594324 1.93602295 -0.522551454)
(-0.218976037 1.78907915 -0.433383673)
(-0.227802299 1.71564338 -0.337065436)
(-0.232806927 1.69358355 -0.237360448)
(-0.238303082 1.67115932 -0.138472514)
(-0.242636455 1.63779149 -0.0377717344)
(-0.24430008 1.60986908 0.068185492)
(-0.245552293 1.59352871 0.180989396)
(-0.247398216 1.58851983 0.302922269)
(-0.248416539 1.59556588 0.435632041)
(-0.246165772 1.60656232 0.575414197)
(-0.240854107 1.6066163 0.711747131)
(-0.229633224 1.62593634 0.854955405)
(-0.250588362 1.69551407 0.973673731)
(-0.0756037901 1.2124362 0.703022137)
(0.0111433316 1.6725699 -0.735088235)
(-0.155386849 1.62491938 -0.807503605)
(-0.181555706 1.76173509 -0.790547506)
(-0.226741744 1.98394458 -0.697582075)
(-0.24839278 2.08333472 -0.590539724)
(-0.278287109 1.99190467 -0.498822969)
(-0.302997706 1.83732727 -0.414734572)
(-0.317480079 1.73498419 -0.324221733)
(-0.32437931 1.69683393 -0.227681943)
(-0.329337759 1.68029653 -0.130028375)
(-0.333647275 1.65793164 -0.0306910511)
(-0.336009889 1.63321999 0.0738091997)
(-0.336860015 1.61649675 0.18575476)
(-0.337270955 1.60869076 0.306488776)
(-0.33747324 1.60726754 0.436152155)
(-0.338935409 1.61025292 0.572911665)
(-0.343070564 1.6323482 0.716650132)
(-0.341704027 1.6996921 0.860845281)
(-0.297136497 1.6708165 0.890960568)
(-0.102265245 0.959623192 0.498185372)
(0.000830585471 1.69130566 -0.636269964)
(-0.184574349 1.62946392 -0.725236345)
(-0.234520888 1.70860396 -0.730225868)
(-0.293864248 1.92113939 -0.655259093)
(-0.324751625 2.07924963 -0.556126638)
(-0.359839927 2.0514931 -0.467420788)
(-0.391977927 1.91244348 -0.388954596)
(-0.413867962 1.78324025 -0.30660405)
(-0.424467053 1.7119731 -0.216381117)
(-0.428823851 1.68205471 -0.121976254)
(-0.430815877 1.66370982 -0.0248218817)
(-0.431627093 1.64436479 0.0774973942)
(-0.431592188 1.62782468 0.187943026)
(-0.432512273 1.61796573 0.308503059)
(-0.437526343 1.61960941 0.440790945)
(-0.449182969 1.64561399 0.585203984)
(-0.458607658 1.70850068 0.733258368)
(-0.430781828 1.75042415 0.83370804)
(-0.314841968 1.51341822 0.73775368)
(-0.101373274 0.618351105 0.277357403)
(-0.00736669103 1.71917883 -0.517096725)
(-0.210679845 1.65181433 -0.622144191)
(-0.284494512 1.65645274 -0.650869753)
(-0.361991003 1.82550192 -0.598169639)
(-0.405773192 2.02875676 -0.511542555)
(-0.447093566 2.08870428 -0.427592401)
(-0.486324213 2.0050137 -0.354707924)
(-0.517249861 1.87590573 -0.281913829)
(-0.535017261 1.77280148 -0.201394747)
(-0.542052516 1.71108494 -0.113425914)
(-0.543130984 1.67763176 -0.0196942721)
(-0.542414544 1.65890456 0.0811243061)
(-0.542256732 1.64944427 0.192845538)
(-0.545663419 1.65491373 0.318610555)
(-0.554995555 1.6843625 0.459292528)
(-0.564687273 1.73966317 0.606697804)
(-0.548884316 1.77794502 0.727234439)
(-0.463565286 1.65012518 0.738183442)
(-0.28535939 1.11400999 0.520249591)
(-0.0595342095 0.147341687 0.0741972467)
(-0.0124793729 1.75603158 -0.381684299)
(-0.230647997 1.70130221 -0.500116196)
(-0.326862676 1.62461632 -0.551018737)
(-0.425785276 1.70697115 -0.522819271)
(-0.48745758 1.91139136 -0.453601983)
(-0.538277538 2.05794265 -0.37765388)
(-0.58442993 2.07090213 -0.310342167)
(-0.624606006 1.99381639 -0.246687977)
(-0.652614473 1.89634644 -0.177565251)
(-0.667483774 1.81822423 -0.0989821707)
(-0.672519726 1.76919428 -0.0102810231)
(-0.672018209 1.74657946 0.0900797432)
(-0.669216868 1.74414728 0.204770736)
(-0.666647993 1.76228396 0.335243832)
(-0.661567421 1.79327731 0.475328893)
(-0.639408566 1.80085512 0.601184721)
(-0.569517545 1.69331091 0.65961518)
(-0.421550629 1.33893996 0.57197366)
(-0.203610705 0.718605374 0.294510293)
(0.00522518325 0.200915516 -0.0310349298)
(-0.0133601052 1.79972201 -0.235984143)
(-0.240824591 1.78425587 -0.363418658)
(-0.355498948 1.6398247 -0.431212529)
(-0.476868863 1.60021166 -0.426452735)
(-0.560596097 1.73246988 -0.378498168)
(-0.62580883 1.91182377 -0.315346077)
(-0.679679388 2.02570267 -0.255184749)
(-0.726766077 2.04785826 -0.199587104)
(-0.763422285 2.01123395 -0.141520245)
(-0.786126164 1.95696912 -0.0743705005)
(-0.79425156 1.91075077 0.00553035149)
(-0.789380103 1.88068324 0.100315911)
(-0.773073961 1.86387666 0.210759624)
(-0.745164484 1.849951 0.333526802)
(-0.700160911 1.8101256 0.453247281)
(-0.624261702 1.68774127 0.534653075)
(-0.497542521 1.40970402 0.521718331)
(-0.312273605 0.966737363 0.363578015)
(-0.107186853 0.564976396 0.0884788851)
(7.54281908e-06 0.521864153 -0.0968524745)
(-0.0102877452 1.84571371 -0.0859581737)
(-0.239217878 1.8977845 -0.218409788)
(-0.365551201 1.7250449 -0.294784926)
(-0.506890105 1.56654145 -0.308988783)
(-0.612872328 1.55856581 -0.284095153)
(-0.695299022 1.66192139 -0.239568488)
(-0.75761098 1.79580134 -0.191672726)
(-0.80673927 1.89889817 -0.1464263)
(-0.843373404 1.95053353 -0.10120389)
(-0.864305661 1.95686862 -0.0498054699)
(-0.865096463 1.93326288 0.013557977)
(-0.842847576 1.89361013 0.0919385123)
(-0.797143993 1.8442907 0.184082699)
(-0.726491464 1.7681282 0.282920014)
(-0.629102862 1.6367249 0.368267621)
(-0.502099842 1.41295106 0.403865862)
(-0.344592997 1.08834366 0.346544315)
(-0.172109837 0.762161585 0.178638253)
(-0.0436419064 0.661925467 -0.0342128112)
(0.00373479377 0.619383325 -0.150314645)
(-0.00652592798 1.88834826 0.0605452987)
(-0.228415168 2.02507492 -0.0714098872)
(-0.358114596 1.87755444 -0.14660125)
(-0.514237066 1.66434709 -0.173402952)
(-0.638267767 1.52639226 -0.171553961)
(-0.735889743 1.47272905 -0.151561362)
(-0.804776004 1.48438121 -0.123857498)
(-0.849482786 1.53071335 -0.0947023286)
(-0.872293857 1.5857351 -0.0653519839)
(-0.872895884 1.63100303 -0.0334122846)
(-0.848459859 1.6533531 0.005135981)
(-0.795118948 1.64232776 0.0540202967)
(-0.708813141 1.59254475 0.114314257)
(-0.591380719 1.50201494 0.179528529)
(-0.448966628 1.3547197 0.23219769)
(-0.291980294 1.14294476 0.24460891)
(-0.135321098 0.891016373 0.192755774)
(0.00171775419 0.686507689 0.0661678582)
(0.0338974465 0.679682572 -0.0610341876)
(0.0455993297 0.702073672 -0.145366116)
(-0.000567158916 1.92060701 0.200754018)
(-0.21202904 2.13943356 0.0760295214)
(-0.345612879 2.05175032 0.00990690719)
(-0.512099641 1.88112669 -0.0240702547)
(-0.649057661 1.73890998 -0.0445327948)
(-0.760258775 1.62099357 -0.054646512)
(-0.838676349 1.52642953 -0.0583652252)
(-0.884631641 1.44919112 -0.0590214172)
(-0.897862348 1.38492828 -0.0579382144)
(-0.876977386 1.33010212 -0.0545112092)
(-0.819043963 1.28264694 -0.0469423238)
(-0.72134153 1.24113923 -0.0325824749)
(-0.583906854 1.20046659 -0.00850970541)
(-0.412553234 1.14872813 0.0246819063)
(-0.223748551 1.08200854 0.0606239861)
(-0.037429451 0.996214194 0.0861569649)
(0.106393789 0.894436985 0.0922073962)
(0.19148882 0.812707164 0.0567124763)
(0.181506722 0.794647273 -0.00470536644)
(0.100460239 0.748045912 -0.0544084973)
(-0.00318441425 1.9533941 0.337431792)
(-0.224409303 2.21051898 0.224969691)
(-0.371509538 2.15578362 0.169924325)
(-0.540416595 2.0768988 0.129894475)
(-0.680779342 2.04469124 0.0903634706)
(-0.801245044 2.02288244 0.0533924099)
(-0.895133015 1.99713708 0.0186798345)
(-0.960948407 1.96279258 -0.015702623)
(-0.995365726 1.91665887 -0.0510302826)
(-0.994689576 1.85493284 -0.0871018065)
(-0.953653694 1.77334624 -0.122244182)
(-0.86649871 1.66782092 -0.153437474)
(-0.729935347 1.53460127 -0.175851655)
(-0.548140704 1.37265342 -0.182829223)
(-0.336109676 1.18827408 -0.166505348)
(-0.118192877 1.00310406 -0.122424353)
(0.0638782765 0.860450769 -0.0618084883)
(0.17072722 0.825155923 -0.00775858266)
(0.166282104 0.831517866 0.0358432945)
(0.0875220207 0.762507282 0.0588079508)
(-0.00692982762 1.98459524 0.477697798)
(-0.231160424 2.26670884 0.381435511)
(-0.374762436 2.25006709 0.332850448)
(-0.533756425 2.24734101 0.284970262)
(-0.66957369 2.28539273 0.231015164)
(-0.793762148 2.31839096 0.175944292)
(-0.900016091 2.33594747 0.119741561)
(-0.985688317 2.33596624 0.0596978779)
(-1.04584065 2.31859122 -0.00653968726)
(-1.0757239 2.2843378 -0.0794192127)
(-1.07045994 2.23260724 -0.1574058)
(-1.02439966 2.1562662 -0.236870699)
(-0.932182194 2.0406471 -0.310096302)
(-0.791705695 1.86534865 -0.363696072)
(-0.607615563 1.61104307 -0.376853298)
(-0.394543056 1.28087313 -0.32618491)
(-0.180175411 0.939230371 -0.203301039)
(-0.00895540169 0.741061307 -0.0312704394)
(0.0449306136 0.839839178 0.0781609898)
(0.0339846248 0.75602459 0.138273715)
(-0.00767631405 2.01199694 0.619620884)
(-0.22644424 2.31490796 0.536610163)
(-0.357974149 2.33028466 0.488817576)
(-0.504816614 2.36844093 0.433172176)
(-0.634179049 2.42237233 0.369534369)
(-0.757775609 2.44707258 0.302968009)
(-0.868225913 2.4422552 0.231915172)
(-0.961889171 2.4181286 0.152525102)
(-1.03374949 2.38692359 0.0620503059)
(-1.08038298 2.35699245 -0.0401705889)
(-1.09962111 2.32992763 -0.152715279)
(-1.08878426 2.30404478 -0.272449882)
(-1.04304804 2.26390475 -0.392739889)
(-0.956160267 2.18035596 -0.499258446)
(-0.821427954 2.00727549 -0.565219679)
(-0.635758501 1.69550764 -0.551284264)
(-0.407936707 1.24833418 -0.420928846)
(-0.17461479 0.829366962 -0.181915629)
(-0.0230823044 0.782186263 0.0581196658)
(-0.00197723597 0.687713509 0.146383629)
(-0.0052785686 2.034967 0.756101454)
(-0.212914016 2.35562081 0.681987495)
(-0.328656403 2.38980086 0.632260037)
(-0.463304058 2.43454376 0.571070782)
(-0.584508591 2.4633179 0.501751243)
(-0.702583768 2.44142595 0.426967054)
(-0.807942198 2.38473398 0.34297009)
(-0.896095075 2.31720995 0.245806666)
(-0.963365478 2.25852155 0.134516957)
(-1.00976251 2.21932192 0.0103899192)
(-1.03687196 2.20237495 -0.124879219)
(-1.04618152 2.20403246 -0.269411929)
(-1.03664043 2.22011056 -0.420813954)
(-1.0022976 2.23370238 -0.569781583)
(-0.930714456 2.20286745 -0.692966528)
(-0.803180737 2.04851271 -0.746135791)
(-0.604193025 1.67522043 -0.668772578)
(-0.343843265 1.07909419 -0.420944832)
(-0.0867854438 0.550562938 -0.0707254842)
(0.011216656 0.611730255 0.108601294)
(-0.000332128427 2.0534677 0.88090101)
(-0.193348481 2.38825643 0.812944649)
(-0.291307942 2.42723365 0.761155638)
(-0.413090095 2.45459745 0.696845955)
(-0.522875861 2.43988857 0.623634446)
(-0.629160821 2.36684261 0.540578274)
(-0.720375687 2.2694817 0.442573173)
(-0.79268055 2.18006549 0.32745423)
(-0.844956136 2.1148572 0.19781115)
(-0.880537924 2.07530484 0.057945691)
(-0.904147295 2.05727389 -0.0894860915)
(-0.9193977 2.0563108 -0.244655843)
(-0.928349723 2.07480126 -0.408924681)
(-0.929346759 2.11635897 -0.580262461)
(-0.913100366 2.17009967 -0.745667449)
(-0.856363682 2.1832696 -0.86952609)
(-0.724368065 2.03267807 -0.884042116)
(-0.496679848 1.55839235 -0.70428421)
(-0.206671398 0.773929546 -0.313317534)
(0.0304938644 0.236306588 0.0577179325)
(0.006750899 2.06747825 0.990110406)
(-0.169349255 2.41269691 0.927150616)
(-0.2479751 2.4456467 0.874193499)
(-0.35552489 2.44398335 0.808105377)
(-0.450332102 2.38692097 0.730635912)
(-0.540204691 2.28030237 0.637424112)
(-0.613082994 2.17272345 0.523716036)
(-0.667492562 2.0955546 0.390887741)
(-0.705055996 2.05176781 0.245691047)
(-0.730624864 2.02762636 0.0946549185)
(-0.748880466 2.01035981 -0.0595914141)
(-0.763034555 1.99663179 -0.218108013)
(-0.775072623 1.9906128 -0.38354859)
(-0.787181396 2.00296314 -0.558184122)
(-0.798404856 2.04672236 -0.739870672)
(-0.795020777 2.1191445 -0.911010681)
(-0.739737336 2.15114619 -1.01804375)
(-0.585121462 1.94334876 -0.953631634)
(-0.325412085 1.21780591 -0.597882632)
(-0.0371079589 0.0382514644 -0.0288362682)
(0.0157130918 2.07688641 1.08102799)
(-0.141787394 2.42951441 1.02296247)
(-0.199580783 2.45041539 0.969837572)
(-0.291537556 2.41814571 0.902302385)
(-0.368860395 2.33062697 0.819539973)
(-0.440722012 2.21332638 0.714969124)
(-0.495923095 2.12053898 0.585935028)
(-0.536034912 2.07244158 0.438028487)
(-0.564604114 2.05429071 0.281166863)
(-0.586172558 2.04255932 0.122189706)
(-0.603020285 2.02577739 -0.0374605873)
(-0.616287679 2.00509412 -0.199135504)
(-0.626577843 1.98567409 -0.364908357)
(-0.635806688 1.97165937 -0.536354476)
(-0.647501026 1.97395699 -0.715359835)
(-0.661503237 2.01174867 -0.899723388)
(-0.657648034 2.08989247 -1.06525079)
(-0.583788354 2.10433434 -1.12367418)
(-0.392031614 1.72256482 -0.892339817)
(-0.112822313 0.579825679 -0.249374669)
(0.0265836365 2.08127149 1.15115574)
(-0.110926333 2.43980756 1.09890531)
(-0.146521888 2.44735201 1.04667839)
(-0.222088513 2.38906703 0.977673931)
(-0.280779358 2.28528887 0.889306372)
(-0.335310356 2.1739802 0.774134322)
(-0.375642111 2.10486012 0.632698432)
(-0.405804857 2.08046634 0.47436701)
(-0.429696695 2.07171268 0.310615747)
(-0.450188576 2.05677163 0.147032174)
(-0.467072003 2.03514312 -0.0168024314)
(-0.480727876 2.01294574 -0.182757273)
(-0.491451183 1.99297959 -0.352063354)
(-0.498831584 1.97636368 -0.524815853)
(-0.504374847 1.96506677 -0.7008365)
(-0.511701315 1.96471624 -0.880494731)
(-0.519639052 1.9988123 -1.06077115)
(-0.500353948 2.07616815 -1.20234702)
(-0.391701599 1.97064179 -1.12907662)
(-0.139291968 1.03072491 -0.524359976)
(0.0400586524 2.08033348 1.19698513)
(-0.0762414316 2.44422685 1.15457737)
(-0.088873355 2.44162902 1.1037878)
(-0.148038549 2.36426462 1.03348069)
(-0.187894106 2.2554477 0.940496592)
(-0.226814594 2.15728148 0.81719264)
(-0.255101512 2.10815039 0.667507481)
(-0.278112121 2.09407835 0.503278028)
(-0.298489656 2.08107688 0.336089053)
(-0.31696334 2.05756628 0.170034735)
(-0.332284107 2.03236665 0.00365333696)
(-0.345790739 2.01023096 -0.165266626)
(-0.358030392 1.98888267 -0.337888473)
(-0.367642768 1.97229986 -0.514956008)
(-0.373438741 1.96561001 -0.695016661)
(-0.374591793 1.9642208 -0.874681494)
(-0.374557977 1.95899945 -1.04960524)
(-0.369492731 1.99331847 -1.21880751)
(-0.340767237 2.03823135 -1.28068566)
(-0.124774338 1.36527118 -0.798128686)
(0.059246861 2.07031831 1.21517902)
(-0.0356840438 2.44448115 1.18998679)
(-0.0268238695 2.43667028 1.14044363)
(-0.070033691 2.34754573 1.06973407)
(-0.0912118288 2.24018804 0.974367579)
(-0.116382134 2.15502469 0.846312294)
(-0.134687985 2.11767959 0.692553247)
(-0.151877171 2.10402239 0.525681714)
(-0.168681481 2.08354134 0.356735896)
(-0.184071804 2.05603835 0.188862466)
(-0.19682151 2.03255026 0.0210013447)
(-0.209811288 2.01078949 -0.148612944)
(-0.222822987 1.98703434 -0.322549593)
(-0.234817175 1.9649393 -0.502380981)
(-0.244794329 1.95601761 -0.687474322)
(-0.247346842 1.96725595 -0.874881965)
(-0.246016678 1.96371005 -1.05074715)
(-0.229880876 1.93221353 -1.21262586)
(-0.263034157 1.99435329 -1.34890891)
(-0.0837856143 1.59664264 -1.03085773)
(0.0884843164 2.07040084 1.19148451)
(0.0158601147 2.41852334 1.21616558)
(0.0378488985 2.43627229 1.15568707)
(0.0118911035 2.34010471 1.08749634)
(0.00911785286 2.23665326 0.992252121)
(-0.00422659604 2.16067647 0.863030649)
(-0.0135061757 2.12803946 0.708802776)
(-0.0256059001 2.11051951 0.541982803)
(-0.038861452 2.0837163 0.372634201)
(-0.0516261915 2.05525855 0.203865254)
(-0.0626275885 2.03363839 0.0358979695)
(-0.0756650711 2.01147253 -0.133407716)
(-0.0886018556 1.98778692 -0.307726131)
(-0.101597299 1.96328375 -0.488708982)
(-0.115903855 1.94758458 -0.676074995)
(-0.122065737 1.96252835 -0.870080228)
(-0.131133928 1.9786619 -1.05572916)
(-0.10559585 1.91501831 -1.20659134)
(-0.177285539 1.91029272 -1.35640544)
(-0.0338813004 1.74070485 -1.20066203)
(0.125457559 2.09256791 1.11983957)
(0.0781636203 2.35371654 1.23102391)
(0.107438774 2.43790061 1.15263872)
(0.0997488346 2.34433656 1.08731966)
(0.111728897 2.24294219 0.995034484)
(0.110442399 2.17200018 0.868414251)
(0.109219528 2.13813479 0.716900264)
(0.102597844 2.11518536 0.55269596)
(0.0926696519 2.08431423 0.384602349)
(0.0817590264 2.05470913 0.216199353)
(0.0704901891 2.03214697 0.0489725576)
(0.0579234871 2.00829189 -0.119266952)
(0.0451838242 1.98517106 -0.293256995)
(0.0313174953 1.96278011 -0.474171489)
(0.0131833118 1.94662717 -0.661976309)
(0.00214824212 1.96099829 -0.858017998)
(-0.0192533706 1.98760856 -1.05104411)
(-0.00277820902 1.92116893 -1.19784448)
(-0.0938135877 1.83725037 -1.33064916)
(0.0123055216 1.81671395 -1.29942579)
(0.165027121 2.14607843 0.997341422)
(0.147575958 2.25577252 1.22387891)
(0.185836648 2.42611865 1.13877682)
(0.194252093 2.3618273 1.07038193)
(0.216319541 2.25963119 0.983041635)
(0.227594902 2.18794472 0.862430356)
(0.234375674 2.14939337 0.716485111)
(0.234126434 2.1210259 0.557084363)
(0.228282191 2.08763598 0.392242503)
(0.219415616 2.05533906 0.225946307)
(0.208549968 2.02861551 0.0601845794)
(0.19641514 2.00436605 -0.106945591)
(0.18299612 1.98241224 -0.279351764)
(0.166404736 1.96246876 -0.458146111)
(0.144757545 1.95194658 -0.644424597)
(0.125196907 1.96988062 -0.839456543)
(0.095183921 1.99357222 -1.03036912)
(0.0841388856 1.9264637 -1.175213)
(-0.017392065 1.80131786 -1.29121262)
(0.0490036551 1.84036034 -1.32681672)
(0.19980143 2.24310524 0.825732313)
(0.217558468 2.14597832 1.17778796)
(0.273999052 2.37625685 1.11920663)
(0.296334523 2.38409907 1.04242591)
(0.32281418 2.29117053 0.957446255)
(0.345471362 2.21148949 0.844618512)
(0.36165888 2.16408725 0.706695357)
(0.369310156 2.13061513 0.554118944)
(0.369329194 2.09628633 0.39456518)
(0.363950092 2.06202616 0.232230633)
(0.354704743 2.03155935 0.0690843769)
(0.342895432 2.00599475 -0.0958806372)
(0.327945039 1.98517943 -0.264947896)
(0.30742448 1.96851243 -0.439374279)
(0.280292264 1.96545502 -0.621301158)
(0.251438597 1.98759497 -0.811195489)
(0.207624044 2.00173145 -0.992368987)
(0.165753849 1.92166148 -1.1292253)
(0.0496052436 1.79878404 -1.24182704)
(0.0751625372 1.8302693 -1.29205703)
(0.218436796 2.39716462 0.618045548)
(0.273576758 2.05987852 1.07582141)
(0.364135029 2.27014858 1.08731949)
(0.405711841 2.37926472 1.01071485)
(0.432337397 2.33414684 0.921984416)
(0.461705706 2.25203916 0.814423724)
(0.488215895 2.18985359 0.685698222)
(0.506023917 2.14715349 0.54205389)
(0.514393952 2.11115541 0.389963931)
(0.514895467 2.07713886 0.233686535)
(0.509145358 2.0462796 0.0754109884)
(0.498100097 2.02013233 -0.084933801)
(0.480641215 1.99933296 -0.248391674)
(0.455219817 1.98709899 -0.416323918)
(0.42163554 1.99266568 -0.591106544)
(0.380794988 2.01317703 -0.769901329)
(0.31724576 2.00598421 -0.933755763)
(0.244190818 1.90565734 -1.05503134)
(0.103524417 1.7827654 -1.15671624)
(0.0939192551 1.83123268 -1.22545118)
(0.212903698 2.62712786 0.394978677)
(0.295865067 2.05752379 0.904784527)
(0.437472855 2.13287361 1.02227246)
(0.51417234 2.30628527 0.97564664)
(0.545726276 2.352869 0.883329122)
(0.576797865 2.30611962 0.774231169)
(0.611129874 2.23948629 0.651775787)
(0.639654068 2.18360255 0.517762348)
(0.65821661 2.13978285 0.37529481)
(0.66678769 2.10342337 0.227623414)
(0.666291658 2.07244752 0.0770901477)
(0.656984968 2.04722962 -0.0754438143)
(0.637970506 2.03002713 -0.230316675)
(0.608641435 2.02534003 -0.388874697)
(0.567278818 2.0341094 -0.551496652)
(0.509652808 2.03757961 -0.711094759)
(0.420333599 1.99539689 -0.84966536)
(0.314031848 1.87390937 -0.950563061)
(0.148722487 1.76513913 -1.04533805)
(0.109449199 1.83370403 -1.12410105)
(0.181535094 2.90251633 0.212025967)
(0.249315518 2.14977566 0.67989266)
(0.458778406 2.0133971 0.897199496)
(0.594085499 2.15776536 0.91648976)
(0.651182996 2.28967608 0.840066947)
(0.690501648 2.32534777 0.729694873)
(0.731722501 2.29692299 0.608468438)
(0.769220662 2.24770553 0.481213008)
(0.79738243 2.19950902 0.348551983)
(0.814557453 2.15849491 0.211615858)
(0.820388536 2.12502542 0.0720392476)
(0.814560547 2.10027023 -0.0692238227)
(0.796274541 2.0865646 -0.212144135)
(0.763125551 2.0812783 -0.356142837)
(0.709422097 2.07237996 -0.497976363)
(0.628179432 2.03710492 -0.628807033)
(0.508805118 1.95474682 -0.736518969)
(0.371237771 1.82519751 -0.817338389)
(0.184985059 1.74812149 -0.908881333)
(0.122457796 1.84060571 -0.997106259)
(0.262629988 3.38749391 0.0855234152)
(0.194269915 2.5239402 0.447866359)
(0.415359899 2.04176465 0.71562344)
(0.605983628 1.9992983 0.804144139)
(0.710927494 2.12128269 0.767989448)
(0.780610435 2.22914745 0.673032182)
(0.840428021 2.2760704 0.557528131)
(0.890977393 2.27628251 0.435931203)
(0.929662198 2.25348282 0.311785893)
(0.955648732 2.22352326 0.185933914)
(0.96815113 2.19409453 0.0590947518)
(0.965963847 2.16816761 -0.0676280658)
(0.945894474 2.14276575 -0.192478358)
(0.902429424 2.1092904 -0.312708273)
(0.828509014 2.05679574 -0.423778199)
(0.719926769 1.9778068 -0.519557794)
(0.573659258 1.87558045 -0.596532827)
(0.4132454 1.76765115 -0.661938697)
(0.21401582 1.73999786 -0.754475879)
(0.133816419 1.85238699 -0.850341575)
(0.257337522 3.40980843 -0.105340505)
(0.150800798 2.97524667 0.2397084)
(0.328176773 2.31669829 0.521534184)
(0.531676534 1.99649526 0.641115234)
(0.682648476 1.95988966 0.643636085)
(0.800147796 2.03245645 0.580458888)
(0.896195115 2.11033314 0.485885685)
(0.971350681 2.15899411 0.378749234)
(1.02627652 2.17755008 0.267583807)
(1.06242367 2.17425964 0.155856231)
(1.0801622 2.15738904 0.0455563012)
(1.07685017 2.12550478 -0.0613845469)
(1.0479096 2.07570482 -0.162096901)
(0.989230691 2.00997248 -0.252647173)
(0.897433336 1.93359914 -0.329349549)
(0.772532736 1.85378215 -0.390654207)
(0.615009113 1.77989567 -0.440927263)
(0.446012553 1.72576138 -0.494903143)
(0.241664754 1.7515302 -0.58753294)
(0.144863082 1.8693991 -0.686229467)
(0.162698798 3.26069777 -0.219371046)
(0.0357198498 3.2208649 0.130803205)
(0.192276672 2.64135272 0.37129156)
(0.378402285 2.17108398 0.459778704)
(0.554452435 1.94256427 0.470717414)
(0.714278857 1.87558272 0.435442909)
(0.848893958 1.8803808 0.370499604)
(0.952656006 1.90244068 0.289009479)
(1.02614375 1.91723094 0.200027276)
(1.07231097 1.91682197 0.108961591)
(1.0931322 1.89990643 0.0197289457)
(1.08885456 1.87068376 -0.0629503117)
(1.05938912 1.83699993 -0.134743563)
(1.00370009 1.80485753 -0.192023857)
(0.919388166 1.77769148 -0.232991735)
(0.804641428 1.75570974 -0.260095173)
(0.656381798 1.74010641 -0.283263573)
(0.489146866 1.73922988 -0.322161385)
(0.279655561 1.7938226 -0.405780478)
(0.158348294 1.89165032 -0.499612922)
(0.0555360352 3.20781097 -0.165758959)
(-0.141198548 3.29058183 0.134496338)
(0.0527204703 2.87240877 0.256458552)
(0.207676835 2.48974573 0.28306758)
(0.391339102 2.21654743 0.28531661)
(0.574810708 2.0477508 0.267498065)
(0.734601674 1.95236072 0.231363738)
(0.860372509 1.89999598 0.181817156)
(0.95147073 1.86948684 0.124045282)
(1.01168734 1.84849569 0.0623425504)
(1.04545823 1.83394193 0.00074881671)
(1.05718958 1.83058134 -0.0566414312)
(1.04801132 1.83547793 -0.104158071)
(1.01637547 1.84348481 -0.135607097)
(0.957862661 1.85035379 -0.146602716)
(0.866818294 1.8523798 -0.139443739)
(0.733518321 1.84835085 -0.128127813)
(0.564567743 1.84722014 -0.139318854)
(0.338440073 1.87636826 -0.19918972)
(0.176823799 1.91989471 -0.282251872)
(-0.0622084615 3.03186903 -0.00906474046)
(-0.290068777 2.94048401 0.0937597572)
(-0.0879904971 2.81932693 0.107353565)
(0.0546661713 2.68619284 0.0830319134)
(0.264267034 2.55434327 0.0749376455)
(0.466006692 2.43885008 0.071029965)
(0.638207287 2.34544974 0.062059079)
(0.773817143 2.27410711 0.0440639417)
(0.873497383 2.22144506 0.0170527925)
(0.941580133 2.18313027 -0.0168067429)
(0.983169951 2.15238145 -0.0536954619)
(1.00198815 2.12195498 -0.0882211365)
(1.00164633 2.09383563 -0.113530474)
(0.985232391 2.07408876 -0.121459611)
(0.952937488 2.06933795 -0.103955347)
(0.901148636 2.08038825 -0.0567996002)
(0.807405653 2.08423749 0.00667760211)
(0.653768549 2.05417609 0.0517227958)
(0.406853493 2.00188426 0.0375594513)
(0.195894896 1.95578181 -0.0350893928)
(0.0204774794 3.03073282 0.15896777)
(-0.216968792 2.97512094 -0.0194150083)
(0.0774754253 2.97328871 -0.128580272)
(0.244342901 2.81733765 -0.152506097)
(0.419475671 2.63054861 -0.140816983)
(0.575036191 2.45320082 -0.112518462)
(0.69317073 2.29506851 -0.0828923406)
(0.770872254 2.15521421 -0.0625861847)
(0.812272896 2.03214005 -0.056456319)
(0.824166581 1.9270127 -0.0640765975)
(0.814064793 1.84372832 -0.0811813329)
(0.789612596 1.78744391 -0.101165459)
(0.758135555 1.76225167 -0.11578035)
(0.726337221 1.76885507 -0.115013629)
(0.698054915 1.80601295 -0.0861536826)
(0.670726678 1.87881315 -0.0148548044)
(0.629567953 1.98723506 0.0962894227)
(0.544535447 2.06665909 0.207994411)
(0.353147487 2.0674854 0.257417196)
(0.181537551 1.99630817 0.20960817)
(0.154783258 3.09547125 0.242564266)
(0.154338591 3.1732354 -0.00316233789)
(0.342832704 3.00082679 -0.258068365)
(0.51402231 2.72594219 -0.326808634)
(0.633419704 2.50043854 -0.292953754)
(0.71580944 2.34385462 -0.225493542)
(0.769554191 2.231135 -0.156300162)
(0.795343964 2.13793772 -0.0996117631)
(0.794230155 2.05150898 -0.0613501204)
(0.769742044 1.96921011 -0.0423043611)
(0.72666164 1.89511418 -0.0400206722)
(0.671016877 1.83745402 -0.0500619894)
(0.611649576 1.80413414 -0.0650986787)
(0.558492267 1.7932024 -0.0727102449)
(0.51522204 1.79528887 -0.0538076983)
(0.48297768 1.82573926 0.0160730172)
(0.454827181 1.92310781 0.152538586)
(0.410008784 2.04812665 0.320105255)
(0.268366822 2.10409932 0.433337276)
(0.155329664 2.02798877 0.417136423)
(0.253764519 3.34053135 0.0596234329)
(0.317238516 3.05131141 -0.257811033)
(0.471911104 2.64046 -0.439028337)
(0.588822796 2.3797966 -0.444164169)
(0.631080323 2.27598589 -0.36381683)
(0.642240098 2.2439492 -0.263001252)
(0.646519383 2.22357534 -0.170235482)
(0.642032785 2.1910442 -0.0958665254)
(0.623582192 2.14358394 -0.0428042372)
(0.591337836 2.08889126 -0.0106440264)
(0.549179388 2.03900612 0.00157878895)
(0.502440837 2.00417473 -0.00396592044)
(0.457305145 1.98280557 -0.0210738919)
(0.41695336 1.95961692 -0.0357906501)
(0.382345034 1.93156856 -0.0245123726)
(0.354103581 1.91003336 0.0427756383)
(0.326086326 1.94530256 0.192013751)
(0.298504854 2.05189346 0.397348157)
(0.188707276 2.132451 0.56253727)
(0.130881621 2.05209478 0.578731477)
(0.277619135 3.15444455 -0.213929767)
(0.313469294 2.54683689 -0.519685842)
(0.436249352 2.29900771 -0.559986506)
(0.497655745 2.30995846 -0.476822393)
(0.484579415 2.38241607 -0.36350314)
(0.463220892 2.42297681 -0.254056933)
(0.45514807 2.42333841 -0.157429656)
(0.448693281 2.39414443 -0.0773444401)
(0.432779704 2.34379208 -0.0174767654)
(0.405772621 2.28380621 0.0213298293)
(0.371504714 2.2274834 0.0372580772)
(0.335085429 2.17615002 0.0300775878)
(0.299426699 2.11369268 0.00661818562)
(0.263400712 2.05093052 -0.0144474145)
(0.232353417 2.01176723 -0.00609241654)
(0.218358563 1.99179659 0.0635112159)
(0.211649845 2.00562247 0.22185234)
(0.208265163 2.08211185 0.449986731)
(0.122400926 2.16194939 0.651698286)
(0.112257359 2.07056443 0.695088232)
(0.251572304 2.69714664 -0.427600468)
(0.264008268 2.28699273 -0.688233604)
(0.338587564 2.37346795 -0.589004474)
(0.332197925 2.51861329 -0.44806798)
(0.291571949 2.55447182 -0.338027447)
(0.270710546 2.53472637 -0.246079635)
(0.270861257 2.51332259 -0.157328817)
(0.273881746 2.4948049 -0.0729580064)
(0.267840476 2.46399281 -0.00135670808)
(0.252553099 2.41454858 0.0433510662)
(0.229202275 2.34694036 0.0605146302)
(0.190357216 2.24158669 0.0564966691)
(0.133629329 2.14137402 0.0438156351)
(0.100213837 2.13722524 0.0253674799)
(0.0968748963 2.15277527 0.0173449624)
(0.10206808 2.1124461 0.0732243169)
(0.113748102 2.08356889 0.233721142)
(0.137843866 2.12472375 0.478148801)
(0.0706896247 2.1926769 0.708152718)
(0.0999719513 2.08430384 0.774164995)
(0.236855069 2.508456 -0.630658951)
(0.188156753 2.35598205 -0.776633225)
(0.210755241 2.57108092 -0.545239178)
(0.14897345 2.60926063 -0.400868157)
(0.117552212 2.52255788 -0.32182444)
(0.101673308 2.48667066 -0.25113944)
(0.105972681 2.49894036 -0.169690029)
(0.116162496 2.51809087 -0.0843497179)
(0.123138968 2.51714794 -0.00838059749)
(0.109461928 2.45809829 0.0501944376)
(0.07101592 2.33060765 0.0899920508)
(0.0364437076 2.23963119 0.104132739)
(0.0321126153 2.25992018 0.0759558188)
(0.0609977671 2.30017615 0.015378789)
(0.0862039258 2.29554567 -0.00587622555)
(0.0786200341 2.22570283 0.0563749671)
(0.0585504184 2.14996597 0.224612013)
(0.0921290354 2.16166214 0.483319643)
(0.0346915609 2.22034253 0.740297172)
(0.0934269882 2.09318106 0.827139236)
(0.198498117 2.40609577 -0.7858122)
(0.09560707 2.46632166 -0.775400032)
(0.098529952 2.66058794 -0.467336985)
(0.00985825165 2.55474487 -0.366291296)
(-0.00382283337 2.44557589 -0.303734576)
(-0.0386206378 2.45468191 -0.236985972)
(-0.0434718734 2.4969248 -0.157489511)
(-0.044575804 2.50987711 -0.0733637677)
(-0.0566678847 2.4573207 0.017748011)
(-0.0552041172 2.38540328 0.0831317669)
(-0.0482764118 2.32173724 0.112049851)
(-0.0123753881 2.3234462 0.0961758948)
(0.0368371462 2.33509659 0.03220251)
(0.0716052458 2.32099899 -0.0238210085)
(0.0963955415 2.30086444 -0.012359383)
(0.10137574 2.27600625 0.072505974)
(0.0479238327 2.20121635 0.229197744)
(0.0688536548 2.18267685 0.477877594)
(0.0119768054 2.23892716 0.757446813)
(0.0907954004 2.0967481 0.864650112)
(0.161966069 2.35908826 -0.884149385)
(0.0272173934 2.56143567 -0.73371621)
(0.0386362278 2.67282818 -0.405254599)
(-0.0626986826 2.51472222 -0.328639067)
(-0.0814792258 2.42080518 -0.263635041)
(-0.130124451 2.42806095 -0.204163453)
(-0.138752238 2.46659728 -0.127701545)
(-0.147736621 2.45430593 -0.050428495)
(-0.130133942 2.41818642 0.012878551)
(-0.0901161512 2.38492577 0.0523300487)
(-0.0336243948 2.36585876 0.0583794583)
(0.0272590549 2.34843059 0.0298628037)
(0.0660134455 2.32049845 -0.00893924449)
(0.0880384695 2.30481494 -0.0500118882)
(0.0948952311 2.28038516 -0.0342132787)
(0.117062308 2.27287184 0.0881306006)
(0.0661121571 2.23513458 0.259755309)
(0.0625590957 2.19061404 0.479993197)
(-0.00358118785 2.24585027 0.769221914)
(0.0889014879 2.09322355 0.893489373)
(0.136780025 2.34032698 -0.941879926)
(-0.0132995889 2.61599038 -0.689906414)
(0.0296831825 2.68165769 -0.352258274)
(-0.0919926397 2.52000393 -0.280661914)
(-0.102741071 2.41364583 -0.221915852)
(-0.147236503 2.37956129 -0.187284821)
(-0.129757368 2.41093121 -0.136866172)
(-0.10440156 2.42529343 -0.0857175135)
(-0.0627132105 2.40547369 -0.0473065431)
(-0.00535643655 2.37502432 -0.0233509978)
(0.0514274907 2.33672728 -0.0115069014)
(0.0892342143 2.29645844 -0.0111792564)
(0.113817416 2.27778658 -0.0274921588)
(0.125320845 2.28050865 -0.0574224013)
(0.110727199 2.26567948 -0.0472012662)
(0.119764885 2.24380758 0.0936051625)
(0.0853796194 2.24471543 0.302374854)
(0.0661729916 2.19517847 0.500885336)
(-0.0205722763 2.23911784 0.782180099)
(0.084470543 2.08283263 0.915413322)
(0.121651123 2.33318195 -0.97702274)
(-0.0327456424 2.64079743 -0.667186573)
(0.0571769017 2.72148859 -0.302729256)
(-0.0906889061 2.54732075 -0.237739407)
(-0.0719896127 2.45451581 -0.189024471)
(-0.107341152 2.37706094 -0.182315322)
(-0.076888047 2.35117138 -0.163069104)
(-0.0306648826 2.34861751 -0.128470304)
(0.0251609079 2.33141918 -0.0976168004)
(0.0828112251 2.29854387 -0.0733997175)
(0.128329188 2.26196989 -0.0480566015)
(0.165030034 2.23779542 -0.03400276)
(0.183628509 2.23340193 -0.0337739665)
(0.181563541 2.2510159 -0.0454400772)
(0.145538927 2.2562285 -0.0353939382)
(0.120600002 2.21448969 0.103537543)
(0.0864634747 2.23364954 0.346187948)
(0.0699667502 2.1995916 0.539489642)
(-0.0496239471 2.22211753 0.797445036)
(0.0726154931 2.06747344 0.929910959)
(0.108597954 2.32847852 -1.003332)
(-0.0421211062 2.65483346 -0.672853033)
(0.098982185 2.78918093 -0.267551087)
(-0.0580724418 2.59603749 -0.196789398)
(-0.0144940265 2.54486458 -0.180958831)
(-0.020256664 2.4940054 -0.195104816)
(0.0205438675 2.43355539 -0.203838617)
(0.0661955183 2.38257308 -0.188700838)
(0.119541497 2.33873883 -0.16309971)
(0.169539712 2.29538168 -0.132846724)
(0.211677356 2.25579562 -0.0983071735)
(0.241453282 2.22678791 -0.0625040266)
(0.247282876 2.21469504 -0.0322610107)
(0.227820745 2.23022013 -0.0172983085)
(0.173811356 2.24816171 0.00237839229)
(0.11686304 2.19707629 0.13650983)
(0.0622127078 2.21402432 0.392336417)
(0.054851899 2.19880742 0.588864791)
(-0.0913153113 2.2461811 0.832292804)
(0.046833488 1.99993684 0.911743986)
(0.0890983731 2.32367532 -1.02451707)
(-0.0506418198 2.66339241 -0.697456965)
(0.12366577 2.86545425 -0.268817069)
(0.0115545476 2.68203921 -0.156790465)
(0.0464282829 2.63821725 -0.202882945)
(0.0705541843 2.63207765 -0.239214129)
(0.109367772 2.5720674 -0.251098912)
(0.141002427 2.48076938 -0.236990582)
(0.169310541 2.38907297 -0.211225655)
(0.195235586 2.30867992 -0.179203328)
(0.215034992 2.24630375 -0.137919452)
(0.228264473 2.21051975 -0.085080525)
(0.228695312 2.20296246 -0.0276834056)
(0.209508919 2.22600758 0.0135182422)
(0.155937449 2.24763783 0.0528190272)
(0.0839413169 2.18831572 0.195660664)
(0.0112707772 2.1911631 0.44461076)
(-0.00781457485 2.2074126 0.64777182)
(-0.147411928 2.30527397 0.877769788)
(0.00469461568 1.85147502 0.844037934)
(0.0617624848 2.3197187 -1.03230694)
(-0.0655649375 2.65166893 -0.725822216)
(0.100809154 2.90649119 -0.322558477)
(0.0820791037 2.80486587 -0.148712772)
(0.108744061 2.73645907 -0.210052952)
(0.124520803 2.69738127 -0.268574721)
(0.118984193 2.59377722 -0.273302049)
(0.114300642 2.45331686 -0.250890874)
(0.115154412 2.33187787 -0.221436648)
(0.117470057 2.24450005 -0.18594061)
(0.113893748 2.1930826 -0.139195648)
(0.112818553 2.18134177 -0.0778763719)
(0.117824908 2.20490117 -0.0132600345)
(0.111415959 2.2508063 0.0356662178)
(0.0712229548 2.25634012 0.101871824)
(-0.000764255786 2.18546016 0.272025582)
(-0.0774796073 2.19391211 0.506655173)
(-0.127481933 2.2852472 0.722475004)
(-0.215208372 2.35460953 0.905480514)
(-0.055205479 1.58001218 0.715626649)
(0.0292500672 2.31414252 -1.01029482)
(-0.0963580331 2.60204535 -0.745543132)
(0.0211706418 2.85918508 -0.409785144)
(0.0816108734 2.87478405 -0.206002559)
(0.122133166 2.79806418 -0.213956181)
(0.109394183 2.69081922 -0.24745737)
(0.0579653197 2.52730766 -0.242071951)
(0.0250679582 2.36397539 -0.230423107)
(0.0142615572 2.26173677 -0.213021816)
(0.00938210805 2.21544896 -0.177198555)
(-0.00436758757 2.20756672 -0.127099519)
(-0.0112420595 2.23001393 -0.0658075133)
(0.00215336537 2.27574703 -0.0129862536)
(-0.00966437464 2.29596858 0.0424712842)
(-0.0552767558 2.274907 0.159046612)
(-0.133825279 2.23387548 0.358141241)
(-0.218461676 2.28645896 0.592190516)
(-0.281602149 2.3798161 0.798691778)
(-0.291390618 2.17229172 0.868819753)
(-0.116689722 1.02299907 0.51608906)
(-0.00724414556 2.29816613 -0.946378029)
(-0.154607218 2.51541792 -0.735071077)
(-0.0910444584 2.71375773 -0.476329412)
(-0.0189069066 2.78866621 -0.286872033)
(0.0243742337 2.72347717 -0.231816452)
(0.00152228954 2.6001405 -0.207455005)
(-0.0464074636 2.44147985 -0.19790017)
(-0.0728767657 2.32182842 -0.20988167)
(-0.085807332 2.2632451 -0.204191709)
(-0.0935048187 2.25505017 -0.167119776)
(-0.103515468 2.27396406 -0.118096668)
(-0.10937161 2.30149462 -0.0689971101)
(-0.116581918 2.33070614 -0.0134085165)
(-0.152001968 2.34425828 0.0781742476)
(-0.216073222 2.33550771 0.239159196)
(-0.301869667 2.33805959 0.459416041)
(-0.383257513 2.36525956 0.684186533)
(-0.414327994 2.23703245 0.822990728)
(-0.333234499 1.60881251 0.724642562)
(-0.108255061 0.40922445 0.258969595)
(-0.0471117402 2.27611638 -0.822918825)
(-0.234812256 2.40373706 -0.677169999)
(-0.223720837 2.51608607 -0.492437204)
(-0.184197567 2.57877185 -0.336746723)
(-0.139212538 2.56669202 -0.239848531)
(-0.126373909 2.50945248 -0.185065191)
(-0.132471657 2.42821183 -0.177654168)
(-0.153104473 2.35308399 -0.191869622)
(-0.179728849 2.30343727 -0.187770341)
(-0.195598866 2.29973835 -0.151455555)
(-0.2048935 2.32404907 -0.100561759)
(-0.220061799 2.35151961 -0.0489845089)
(-0.251202629 2.37695568 0.0213743958)
(-0.306455206 2.38996639 0.144161877)
(-0.379833279 2.38490885 0.33143613)
(-0.454621765 2.35740957 0.550725448)
(-0.497172746 2.23999929 0.728848679)
(-0.45476943 1.89048131 0.756821436)
(-0.276159203 1.30357906 0.523090299)
(0.0158772389 0.817678391 0.0714896902)
(-0.0852997034 2.25410848 -0.634264583)
(-0.320318264 2.30107998 -0.564606697)
(-0.364664379 2.33456561 -0.469442485)
(-0.355322591 2.38145755 -0.370092627)
(-0.29551029 2.43472561 -0.28046036)
(-0.233767371 2.47186654 -0.209752805)
(-0.201891878 2.46707431 -0.170812151)
(-0.216605562 2.41556851 -0.162340442)
(-0.257049511 2.35557017 -0.158387396)
(-0.286924909 2.33635743 -0.130901678)
(-0.302604539 2.35552619 -0.0795689025)
(-0.326806212 2.38057404 -0.0153717787)
(-0.370792099 2.39603144 0.0762446858)
(-0.429411153 2.38993364 0.218418505)
(-0.488941548 2.34387192 0.406593786)
(-0.524750956 2.22816622 0.592437243)
(-0.502263611 1.98991727 0.689722823)
(-0.383956727 1.63784724 0.600765597)
(-0.160912357 1.37841218 0.300456368)
(0.0713184883 1.28278583 -0.00829287081)
(-0.11270926 2.24158671 -0.397851547)
(-0.381889167 2.2497219 -0.410209712)
(-0.470674768 2.23250225 -0.414317441)
(-0.503309695 2.23614019 -0.393905399)
(-0.468307222 2.28070078 -0.344506221)
(-0.397565654 2.36122638 -0.270732065)
(-0.32507376 2.4392253 -0.192971679)
(-0.295017113 2.46088743 -0.140825912)
(-0.319362435 2.4200642 -0.119634021)
(-0.360383419 2.37499334 -0.0974464984)
(-0.388233778 2.36719349 -0.049342918)
(-0.412706703 2.37889257 0.0252189778)
(-0.447081391 2.37679529 0.129326986)
(-0.48347711 2.3392634 0.272444346)
(-0.503774672 2.2428421 0.437068287)
(-0.484117981 2.07281278 0.567219753)
(-0.400210615 1.84897148 0.58053223)
(-0.236218678 1.68571746 0.413358097)
(-0.0230086028 1.68499691 0.116601828)
(-0.011383655 1.01213346 -0.0215527089)
(-0.117040264 2.24560926 -0.152935231)
(-0.379406981 2.28032154 -0.242187451)
(-0.478925533 2.25854216 -0.327579845)
(-0.556077607 2.2001067 -0.37269112)
(-0.582516561 2.15958896 -0.378894248)
(-0.561367257 2.18466785 -0.34239992)
(-0.495300924 2.28766695 -0.26423997)
(-0.417201982 2.41521162 -0.169412518)
(-0.377739433 2.47647275 -0.0960335002)
(-0.394421477 2.44649142 -0.0541559126)
(-0.429292519 2.3952264 -0.0125408602)
(-0.4529337 2.36966907 0.058044542)
(-0.467674195 2.3421668 0.160075667)
(-0.466650109 2.28531771 0.286677535)
(-0.436537727 2.18114789 0.413003386)
(-0.364315701 2.03855285 0.485827269)
(-0.242874896 1.91489182 0.442609507)
(-0.0844765203 1.87262701 0.264629849)
(0.0159076604 1.65113083 0.0596007327)
(-0.0836637217 0.369994322 -0.0602660185)
(-0.0905084628 2.26313848 0.0618945737)
(-0.293150394 2.38642115 -0.0911628426)
(-0.350189031 2.42371111 -0.225037549)
(-0.438326042 2.34598385 -0.292276579)
(-0.519208587 2.22155406 -0.32912555)
(-0.589005375 2.10834262 -0.342576812)
(-0.615416913 2.08233742 -0.315619747)
(-0.580446676 2.18307712 -0.241260474)
(-0.506354569 2.35471901 -0.142680153)
(-0.441839321 2.48779025 -0.0554042157)
(-0.419649607 2.51116877 0.00848780067)
(-0.426484968 2.45704683 0.0694373821)
(-0.42150253 2.39886978 0.151800859)
(-0.39103311 2.33178532 0.24984753)
(-0.325376858 2.25057634 0.335457334)
(-0.224048555 2.16914606 0.366584234)
(-0.0981204738 2.11561052 0.307556164)
(0.0305256054 2.04859886 0.172594864)
(0.00149616008 1.56938207 0.0905181142)
(0.0412040994 0.892533409 -0.0836099471)
(-0.0305409408 2.28083098 0.219662038)
(-0.172200385 2.49786364 0.0179750994)
(-0.186400167 2.58162371 -0.139698557)
(-0.257020037 2.52428985 -0.194632031)
(-0.32606047 2.42988277 -0.21433009)
(-0.432300553 2.27056608 -0.232478436)
(-0.557494748 2.07975431 -0.248647429)
(-0.647028706 1.9685385 -0.239025637)
(-0.664797515 1.99826201 -0.189406228)
(-0.619244762 2.13276437 -0.112345734)
(-0.541610022 2.2943053 -0.029123995)
(-0.463801062 2.40588454 0.0483423457)
(-0.40353923 2.42088602 0.12067865)
(-0.333959322 2.39981376 0.18981801)
(-0.247900882 2.3526498 0.243288174)
(-0.148465362 2.27945763 0.256684947)
(-0.0540182653 2.15167253 0.219327162)
(0.0192766825 1.86426636 0.161700137)
(-0.0268122381 1.32521037 0.110216616)
(0.104891492 1.08307816 -0.050486684)
(0.0115410287 2.28767415 0.316450728)
(-0.114289822 2.53892752 0.0752049992)
(-0.13082131 2.58652122 -0.0872493243)
(-0.207087712 2.50241002 -0.146846797)
(-0.217267008 2.48620312 -0.155139383)
(-0.234199989 2.47088576 -0.122147592)
(-0.315239994 2.35296139 -0.100051769)
(-0.459511364 2.14401783 -0.124950723)
(-0.583633464 1.97893197 -0.152133533)
(-0.65014831 1.88487083 -0.142939951)
(-0.659235988 1.83556481 -0.0992370815)
(-0.61712223 1.83608875 -0.0335887188)
(-0.537194064 1.8824555 0.0399940282)
(-0.440971552 1.9116812 0.106554957)
(-0.340740623 1.88158746 0.153810699)
(-0.247134746 1.77213092 0.171055983)
(-0.170257609 1.56579155 0.153817708)
(-0.117236723 1.29700807 0.102913061)
(-0.091279814 1.10356283 0.0112216334)
(0.0850785774 1.07519045 -0.00543996055)
(0.0303254968 2.29622067 0.382706298)
(-0.123952885 2.54574354 0.121898246)
(-0.185496894 2.50251015 -0.0376869938)
(-0.249648047 2.40403982 -0.123262074)
(-0.245598131 2.38429822 -0.165450212)
(-0.223643631 2.39536845 -0.134256921)
(-0.192581516 2.42380179 -0.0649623685)
(-0.182701932 2.45675451 -0.0173511754)
(-0.211834235 2.48015817 -0.018898964)
(-0.271994576 2.46293548 -0.0447967308)
(-0.33753976 2.37767707 -0.0590976847)
(-0.381116721 2.23056022 -0.05090156)
(-0.38875226 2.05290649 -0.0220227044)
(-0.36465084 1.88409657 0.0245528054)
(-0.312986984 1.75034797 0.0690298991)
(-0.247762045 1.62573824 0.0929109067)
(-0.18694307 1.49807424 0.080430782)
(-0.143490116 1.37910772 0.0162799727)
(-0.110637307 1.2079561 -0.0716153022)
(-0.0460116339 0.696014586 -0.0998675039)
(0.0397117665 2.30433109 0.448745909)
(-0.132309348 2.54733031 0.20073272)
(-0.187000459 2.48066871 0.0409735898)
(-0.24364024 2.38953871 -0.087404745)
(-0.248675946 2.36948296 -0.162430959)
(-0.251175655 2.37444115 -0.151712053)
(-0.252231959 2.3844217 -0.0982792734)
(-0.258179021 2.38791237 -0.0522054298)
(-0.269420647 2.37806959 -0.0262175785)
(-0.280451004 2.35576142 -0.0132453245)
(-0.279861672 2.32811349 -0.00672454829)
(-0.257986821 2.30013356 -0.0028567232)
(-0.21179716 2.27145923 0.00201169379)
(-0.145927611 2.23519786 0.007832556)
(-0.069965839 2.18831383 0.0222671942)
(0.00829902092 2.14173169 0.041740406)
(0.0607754206 2.10591519 0.0573344342)
(0.125538504 2.1431061 0.040940864)
(0.0885442177 2.18453068 -0.0145792454)
(0.0771271156 1.70964517 -0.134711285)
(0.0447308338 2.31148735 0.519470077)
(-0.138522927 2.5465796 0.282075936)
(-0.184225483 2.46273501 0.105006144)
(-0.242129313 2.37119328 -0.0544145865)
(-0.257779807 2.35451113 -0.144864622)
(-0.273832428 2.36437549 -0.134602928)
(-0.290266082 2.3765228 -0.0710247884)
(-0.309626091 2.37705022 -0.0177579084)
(-0.325730666 2.35808808 -0.00179119187)
(-0.329525826 2.3201363 -0.016096097)
(-0.311952617 2.27442642 -0.0460525888)
(-0.269477241 2.23279399 -0.0773855866)
(-0.203497754 2.19879773 -0.097165698)
(-0.119932315 2.16971348 -0.0964432137)
(-0.0293865044 2.14335682 -0.0757812783)
(0.0565406024 2.11966442 -0.0424372784)
(0.10329601 2.10753325 -0.0139395079)
(0.143643071 2.08175427 -0.000223484808)
(0.0969217112 2.13764838 0.0190389857)
(0.135977552 1.88928279 -0.015116427)
(0.0480733219 2.31723089 0.591323676)
(-0.140858699 2.54506427 0.360842931)
(-0.176950987 2.4514479 0.169293502)
(-0.242494902 2.36022348 -0.0125574067)
(-0.270223883 2.3433896 -0.116325615)
(-0.29723434 2.35338932 -0.109357004)
(-0.324161699 2.36196161 -0.0454171742)
(-0.350256307 2.35234798 0.00262543739)
(-0.36288358 2.32268017 0.00683159294)
(-0.358377424 2.28511943 -0.0233417947)
(-0.337289214 2.25545199 -0.0716393585)
(-0.299565291 2.23379567 -0.123356776)
(-0.243359828 2.20455709 -0.165352135)
(-0.167532124 2.15970241 -0.184035766)
(-0.0765101632 2.11299812 -0.16727864)
(0.0183915375 2.08490711 -0.112180328)
(0.0782734792 2.07627929 -0.0394316071)
(0.119843503 2.04323616 0.0131727168)
(0.0559604387 2.08550296 0.0548174151)
(0.107208017 1.81868738 0.0480568395)
(0.0518915621 2.32085308 0.660536763)
(-0.137903498 2.54399519 0.436070667)
(-0.163026894 2.44731129 0.235240181)
(-0.237273155 2.35418507 0.0377785545)
(-0.272547649 2.33204766 -0.077876254)
(-0.300867836 2.33803651 -0.0767400475)
(-0.325886419 2.3434573 -0.0142179405)
(-0.352026369 2.33153026 0.0251283251)
(-0.365362197 2.30908628 0.0125241835)
(-0.366772946 2.29773362 -0.0331448636)
(-0.363321455 2.30084815 -0.0920058895)
(-0.354833276 2.28733037 -0.156449709)
(-0.333449363 2.224786 -0.217976563)
(-0.288740819 2.12217128 -0.259995761)
(-0.214662143 2.02607103 -0.26041875)
(-0.115834607 1.98521137 -0.205041135)
(-0.0139326557 2.01473627 -0.107103062)
(0.0743397954 2.04061661 -0.00980096314)
(0.0108155576 2.07354973 0.083763766)
(0.089046184 1.79560414 0.0979362245)
(0.0576847211 2.32135333 0.723362729)
(-0.129005329 2.5438422 0.50549518)
(-0.140181612 2.45078715 0.301465323)
(-0.222085911 2.35434128 0.0932095523)
(-0.261400321 2.32225701 -0.0377441874)
(-0.285665336 2.31983257 -0.0513583388)
(-0.298900987 2.32420125 0.00785369078)
(-0.31920223 2.32341252 0.0468639374)
(-0.336054433 2.32419997 0.0301817898)
(-0.351417778 2.34502139 -0.0163707978)
(-0.373797883 2.36913084 -0.0741806103)
(-0.402456657 2.34288202 -0.144409218)
(-0.426363248 2.23922062 -0.225564257)
(-0.427783569 2.08868839 -0.3009727)
(-0.390963043 1.94231798 -0.340092892)
(-0.306635489 1.85360544 -0.310733901)
(-0.17551598 1.88241215 -0.200910049)
(-0.0351353097 2.02645447 -0.0391437175)
(-0.0554839135 2.07473185 0.0867377217)
(0.0700081729 1.76107597 0.117183238)
(0.0663764266 2.31878603 0.77449179)
(-0.114039643 2.54314198 0.566378853)
(-0.10642416 2.46182182 0.36491155)
(-0.193457843 2.36260229 0.151079762)
(-0.235565628 2.31821624 0.00338432041)
(-0.258719226 2.30335867 -0.0340603939)
(-0.258705297 2.30147937 0.017717933)
(-0.268821876 2.31228232 0.0655661312)
(-0.285208425 2.33399215 0.0559091992)
(-0.308208098 2.375613 0.0169703831)
(-0.344246699 2.41612218 -0.0301639902)
(-0.3951501 2.39861443 -0.0962422421)
(-0.452895801 2.30401002 -0.189100636)
(-0.499268627 2.16218629 -0.296117414)
(-0.514419196 1.99702322 -0.383189871)
(-0.475962365 1.83325016 -0.404683948)
(-0.366836723 1.74617374 -0.323306829)
(-0.207537657 1.84206043 -0.147428603)
(-0.0790809792 2.04154752 0.0306654298)
(0.0531438906 1.66201711 0.103771813)
(0.080724811 2.30851699 0.80940457)
(-0.0927033929 2.54312265 0.615078902)
(-0.0622847323 2.4786493 0.421101201)
(-0.150210438 2.37946778 0.209125303)
(-0.19347907 2.32218845 0.0491641101)
(-0.224296975 2.29394236 -0.0205373627)
(-0.215629115 2.27541621 0.0125038032)
(-0.211169655 2.28523543 0.0735262968)
(-0.218144258 2.31886457 0.0805828684)
(-0.235796998 2.3659812 0.0522204736)
(-0.264216814 2.42578055 0.020976687)
(-0.310589253 2.44621622 -0.0301379238)
(-0.374582717 2.39886672 -0.119278302)
(-0.44609298 2.30374053 -0.2405314)
(-0.508648036 2.17227347 -0.366118323)
(-0.535637471 1.992964 -0.454305573)
(-0.492011423 1.77009562 -0.457059881)
(-0.357419093 1.5854607 -0.340541183)
(-0.151213603 1.58133948 -0.125338882)
(0.0492230277 1.46828476 0.0592022401)
(0.10581856 2.29629503 0.817889114)
(-0.0616625048 2.53015584 0.655232064)
(-0.0101672217 2.49891183 0.4634787)
(-0.0949498103 2.40320882 0.263687641)
(-0.133541117 2.3309903 0.101742049)
(-0.182227176 2.29538769 -0.000857809021)
(-0.175900553 2.25600945 -0.00373182655)
(-0.15916103 2.24188364 0.061743838)
(-0.144363034 2.2814357 0.0935788959)
(-0.150492002 2.31813723 0.073811546)
(-0.159910407 2.376657 0.0525483009)
(-0.179369194 2.43324299 0.0227047399)
(-0.222166628 2.43321741 -0.0450308863)
(-0.286613118 2.37640117 -0.154802746)
(-0.365416246 2.29309403 -0.289316923)
(-0.440237518 2.19262644 -0.421392222)
(-0.476077409 2.02795958 -0.51018172)
(-0.427003468 1.71106298 -0.496399584)
(-0.260349194 1.23839572 -0.319539153)
(-0.0168435333 0.761014526 -0.0230599704)
(0.143457609 2.30343429 0.788127562)
(-0.0143497971 2.47438925 0.692195056)
(0.0457468486 2.51806983 0.487517932)
(-0.0297096488 2.43557651 0.310657242)
(-0.0537926388 2.34318205 0.158183943)
(-0.123645166 2.30687373 0.0355238428)
(-0.133171844 2.26022683 -0.0173466388)
(-0.125602839 2.193957 0.0251232276)
(-0.0788566712 2.22557372 0.0855822834)
(-0.0650420625 2.26194363 0.0806200841)
(-0.0640015158 2.28753569 0.0562538575)
(-0.0608020167 2.34066599 0.0376944908)
(-0.0691784722 2.3777078 -0.000541196345)
(-0.104204085 2.34499291 -0.0801107771)
(-0.165050638 2.26374905 -0.19480725)
(-0.243108573 2.19537511 -0.330292841)
(-0.321049394 2.16894401 -0.46525475)
(-0.355702605 2.07307339 -0.559942088)
(-0.293930072 1.60607334 -0.513659403)
(-0.107897767 0.518156026 -0.22270106)
(0.185627559 2.34531181 0.71576579)
(0.0478537632 2.37555351 0.713968622)
(0.107144016 2.50655469 0.50378046)
(0.0543716553 2.47417135 0.344173902)
(0.0350157648 2.37293216 0.208435198)
(-0.0366365993 2.31672225 0.093800814)
(-0.0613769641 2.30306384 -0.00306361174)
(-0.0945467669 2.18396955 -0.0164056428)
(-0.0484040577 2.13472013 0.042686453)
(0.00988344966 2.19323824 0.0714509569)
(0.0291388542 2.21747808 0.0553409229)
(0.0332642916 2.22993112 0.0289015071)
(0.0373298719 2.2603913 -0.000552787267)
(0.0337894384 2.2706322 -0.0483314886)
(0.00229988935 2.20924997 -0.132685948)
(-0.048527505 2.10861275 -0.24531513)
(-0.122328696 2.05108958 -0.371277238)
(-0.186888364 2.10125821 -0.515811011)
(-0.228730222 2.12655651 -0.617243046)
(-0.0643522939 1.29499467 -0.444939046)
(0.22147291 2.43565333 0.597969083)
(0.118253071 2.265624 0.701851603)
(0.181118091 2.42719882 0.521341916)
(0.159388475 2.48365541 0.366999095)
(0.132354187 2.42266448 0.2446472)
(0.0774471951 2.34637584 0.145483273)
(0.0428612258 2.33374938 0.051057318)
(-0.00892865267 2.26244945 -0.0116718175)
(-0.0308356444 2.10708565 -0.0136624934)
(0.0341058986 2.08881294 0.0114106532)
(0.0839774449 2.11731294 0.0282432273)
(0.118325928 2.15203871 0.027050349)
(0.128872914 2.16845573 -0.000156379333)
(0.126268723 2.1763475 -0.0450008852)
(0.113159974 2.16499996 -0.108890394)
(0.0885069511 2.10922993 -0.198919819)
(0.0252189439 2.01576565 -0.301305971)
(-0.0114281491 1.90612234 -0.420694183)
(-0.162796257 2.04933776 -0.600351939)
(0.00774241418 1.69676954 -0.584435985)
(0.239847223 2.59121817 0.441238178)
(0.181297411 2.20318669 0.638614169)
(0.26365247 2.28179279 0.529759713)
(0.280277302 2.40166399 0.388906053)
(0.252906299 2.42941598 0.27166576)
(0.210538338 2.39050757 0.180067638)
(0.175591617 2.36235418 0.100360134)
(0.133770355 2.33077434 0.0396746504)
(0.0763940783 2.22530772 -0.00927167301)
(0.0588472557 2.09719812 -0.0396346206)
(0.0872378352 2.03456572 -0.0387641154)
(0.135298162 2.0436771 -0.0225875155)
(0.177452288 2.07996045 -0.0154806066)
(0.194878132 2.10565369 -0.0363824315)
(0.186612007 2.11088781 -0.0888069875)
(0.167700447 2.0952546 -0.164192173)
(0.106498492 2.05137638 -0.25412482)
(0.103905381 1.88326069 -0.337283004)
(-0.106093918 1.8780084 -0.533493372)
(0.0574208558 1.84422394 -0.654892226)
(0.23451844 2.81456474 0.264553139)
(0.207028271 2.25276933 0.502424908)
(0.329790262 2.15097205 0.49014813)
(0.397144623 2.23004381 0.39826346)
(0.392519353 2.31504063 0.298689363)
(0.363299211 2.35024239 0.212559376)
(0.331635917 2.35320334 0.141936016)
(0.294980568 2.34521449 0.0874036032)
(0.246784017 2.311313 0.041521336)
(0.189749391 2.21811492 -0.00600724891)
(0.147201529 2.08882919 -0.0482012174)
(0.140311675 2.00213912 -0.0679594016)
(0.163322254 1.98907841 -0.066007151)
(0.193181991 2.01937953 -0.0628114294)
(0.203955199 2.05016369 -0.0818230234)
(0.191990878 2.05702439 -0.130524568)
(0.136207482 2.02799797 -0.203288354)
(0.129475994 1.88556261 -0.268795199)
(-0.0646102937 1.79219778 -0.463965023)
(0.0866704061 1.89381999 -0.671952904)
(0.256564227 3.16236817 0.132825981)
(0.191633088 2.50759346 0.357244499)
(0.341612466 2.14504046 0.400056966)
(0.462660533 2.04785038 0.355867554)
(0.501176186 2.07746699 0.290415187)
(0.497698942 2.13825868 0.227490508)
(0.477864004 2.189688 0.173268305)
(0.445881393 2.22547216 0.128658824)
(0.402160345 2.24578857 0.0902098192)
(0.348228139 2.23804595 0.0515225415)
(0.284211124 2.17606506 0.00758860668)
(0.216904434 2.06042089 -0.0391457704)
(0.172143682 1.96730546 -0.0709553316)
(0.159981213 1.94754448 -0.08288266)
(0.161819715 1.97541743 -0.0906891302)
(0.156595889 1.99405995 -0.114488217)
(0.117360893 1.96800756 -0.163354491)
(0.110833745 1.8334438 -0.214642536)
(-0.0437610657 1.7908083 -0.428784496)
(0.0968066031 1.88520194 -0.658837041)
(0.253708733 3.27634969 -0.0933669722)
(0.252313862 3.06747796 0.141040017)
(0.381847199 2.65746253 0.271449695)
(0.516474353 2.31051872 0.283552043)
(0.589854891 2.09812402 0.253767323)
(0.612836867 1.99566298 0.21882032)
(0.604144781 1.96623201 0.185844133)
(0.573400857 1.9816095 0.15571297)
(0.527424805 2.02218605 0.128665166)
(0.472200137 2.07115337 0.10257846)
(0.40906709 2.10365013 0.0732838606)
(0.334548929 2.08475047 0.0362543745)
(0.24869576 2.00221254 -0.0106516427)
(0.176941118 1.92789112 -0.0553938447)
(0.136278249 1.91354058 -0.0836239068)
(0.115593858 1.9142841 -0.107717541)
(0.086650408 1.88894359 -0.141355391)
(0.0868689096 1.77271638 -0.180557281)
(-0.0295354849 1.78745888 -0.404900817)
(0.100951576 1.88817413 -0.643658506)
(0.03473234 2.67294325 -0.197384899)
(0.0125779423 2.87062846 -0.00849259507)
(0.281037601 2.92448268 0.113501803)
(0.509583021 2.82991787 0.162451082)
(0.669721348 2.66150706 0.185677464)
(0.759850579 2.46505242 0.203138841)
(0.785982655 2.2706373 0.211792865)
(0.760555286 2.10428888 0.206203971)
(0.7000547 1.9879349 0.187395231)
(0.622263727 1.9350871 0.160929323)
(0.541942497 1.94278902 0.132435843)
(0.46501619 1.97986241 0.103648324)
(0.387654909 1.99818376 0.0708719443)
(0.303922749 1.97157807 0.0297621481)
(0.213824712 1.9120416 -0.0192878735)
(0.148512939 1.86753639 -0.0693941596)
(0.098993299 1.83347031 -0.111240089)
(0.0854654416 1.73843729 -0.157164753)
(-0.00519291713 1.78831538 -0.386225755)
(0.105397888 1.89086875 -0.619403391)
(-0.0801697001 2.50880933 -0.0542454216)
(-0.166039723 2.48582508 -0.172023578)
(0.103204595 2.40825423 -0.175002081)
(0.315279142 2.40912937 -0.110165842)
(0.516533049 2.46958194 -0.0266074428)
(0.694556098 2.54892534 0.0632487768)
(0.820109426 2.56689777 0.148612533)
(0.880470042 2.49771855 0.214501724)
(0.877099743 2.35819447 0.249775203)
(0.820437818 2.18927309 0.252339468)
(0.728428498 2.04055173 0.229229429)
(0.622226227 1.95086346 0.192517229)
(0.518013298 1.92555219 0.152100837)
(0.420229458 1.92781901 0.110639895)
(0.326653105 1.91659881 0.0653305508)
(0.244363392 1.88418189 0.00960437676)
(0.159023635 1.82795139 -0.0501333044)
(0.113280407 1.73902731 -0.127362065)
(0.0306133038 1.79803673 -0.358576555)
(0.113248429 1.89439811 -0.58025512)
(0.0571586667 2.70822883 0.0719480608)
(0.0651500287 2.63708802 -0.288902969)
(0.214807794 2.35647106 -0.36660055)
(0.345190364 2.15943408 -0.295162306)
(0.445325494 2.04892587 -0.189647906)
(0.530681106 2.0073165 -0.0904524022)
(0.626143312 2.08735167 0.00702344038)
(0.727964924 2.23255849 0.109771373)
(0.810131264 2.33684483 0.204840067)
(0.847913374 2.34132344 0.273070724)
(0.829698349 2.25009503 0.302787776)
(0.760710846 2.11218176 0.295031754)
(0.659153128 1.98950286 0.260861598)
(0.545620204 1.91765718 0.213404353)
(0.433018325 1.88779742 0.158942413)
(0.329735015 1.86774774 0.0942877322)
(0.223498494 1.82391056 0.0202607313)
(0.162295789 1.76111112 -0.085912927)
(0.0782272483 1.81611253 -0.309252435)
(0.125948008 1.89998436 -0.515479616)
(0.286435044 3.16927749 -0.0803829827)
(0.21166615 2.60510427 -0.373978458)
(0.303031952 2.27091662 -0.438283742)
(0.413236798 2.15561738 -0.369639144)
(0.49182704 2.12821299 -0.251653915)
(0.543589574 2.09897846 -0.129550566)
(0.564761799 2.02640717 -0.0325260141)
(0.578050913 1.97714847 0.0427399279)
(0.620921879 2.0283711 0.122437316)
(0.688211848 2.13286266 0.210821785)
(0.745576916 2.1991613 0.289058982)
(0.762596303 2.18096886 0.336517771)
(0.728725213 2.0951981 0.34505746)
(0.6524385 1.99293258 0.319485974)
(0.550635293 1.91555826 0.26926052)
(0.442161173 1.86966153 0.200147323)
(0.331829955 1.83230995 0.112959037)
(0.251053156 1.79776488 -0.0147286729)
(0.142878602 1.84143291 -0.225676638)
(0.144177375 1.90789431 -0.414282299)
(0.249211705 2.83663974 -0.289553581)
(0.138358337 2.28665964 -0.535174237)
(0.273496213 2.13009641 -0.539920459)
(0.378098701 2.13212624 -0.458729962)
(0.441261097 2.17829238 -0.327404629)
(0.48897824 2.21553519 -0.182052188)
(0.523657655 2.21518724 -0.0539388485)
(0.533154801 2.15242181 0.035910223)
(0.526862309 2.06196595 0.0936862155)
(0.540321217 2.02060324 0.149726745)
(0.587564152 2.04709726 0.221476995)
(0.646099549 2.08869144 0.297091953)
(0.683072076 2.09133698 0.353369495)
(0.678543057 2.04536207 0.374667094)
(0.6301082 1.97700264 0.357201357)
(0.549896047 1.91547047 0.303803536)
(0.448195958 1.8701271 0.216564598)
(0.35297364 1.84124756 0.08479382)
(0.215964036 1.87190745 -0.107343248)
(0.16677849 1.91880421 -0.273464624)
(0.223624431 2.60447456 -0.405502557)
(0.0982289597 2.20981537 -0.622686781)
(0.243943417 2.14375724 -0.617816853)
(0.316750337 2.17300465 -0.530511994)
(0.357777774 2.24074063 -0.380579476)
(0.390772083 2.30778216 -0.219778381)
(0.41810089 2.34326062 -0.0834188339)
(0.442327507 2.33020162 0.0200092867)
(0.454298732 2.25785019 0.0891678103)
(0.456545441 2.15270657 0.133702648)
(0.470241596 2.068345 0.176033259)
(0.510568895 2.03537157 0.233568429)
(0.567069335 2.0354919 0.301541021)
(0.613091475 2.03151323 0.359206716)
(0.625220649 2.00531186 0.386055167)
(0.595398665 1.96382042 0.3706115)
(0.523523776 1.92294076 0.309104075)
(0.429164308 1.89379369 0.199158034)
(0.276351856 1.90961176 0.0411250758)
(0.1879435 1.93250078 -0.100745807)
(0.210523911 2.51607396 -0.512613296)
(0.0554335456 2.21020434 -0.704068351)
(0.20356816 2.14692993 -0.68677739)
(0.232563331 2.18206214 -0.579780443)
(0.259797337 2.26942495 -0.408208387)
(0.281778517 2.35770505 -0.239802822)
(0.299215063 2.41328634 -0.10739262)
(0.323579185 2.42906169 -0.00889894689)
(0.353548453 2.40078962 0.0654282466)
(0.375087118 2.32419759 0.117645466)
(0.386999855 2.2168305 0.153314626)
(0.405484401 2.11605988 0.18923813)
(0.444195827 2.05119704 0.240543533)
(0.496814102 2.02156047 0.304326069)
(0.54072451 2.00580133 0.360931807)
(0.554425439 1.98653941 0.388302222)
(0.521666722 1.96220633 0.372060076)
(0.448648463 1.93915321 0.307308496)
(0.296500895 1.94587195 0.200241641)
(0.191929192 1.94718038 0.0933340251)
(0.184261534 2.45369763 -0.595028727)
(0.00417258044 2.20812096 -0.752689648)
(0.154198198 2.13851176 -0.733769408)
(0.141006934 2.1935812 -0.608339554)
(0.169288546 2.29893745 -0.422099504)
(0.182546226 2.38990581 -0.251650532)
(0.189661409 2.43498336 -0.128167019)
(0.206672267 2.44103966 -0.0407081458)
(0.236624933 2.42432785 0.0307375842)
(0.266121993 2.37955087 0.0894798557)
(0.28409013 2.29900481 0.130644672)
(0.296524275 2.19616608 0.161114966)
(0.318379487 2.10153586 0.197279431)
(0.357235631 2.03847577 0.25019895)
(0.404280437 2.00734295 0.31414784)
(0.441025801 1.99270547 0.370702937)
(0.442428216 1.98174233 0.401229074)
(0.40318611 1.96932655 0.39377605)
(0.271022606 1.976019 0.35091884)
(0.181103588 1.96078186 0.291321975)
(0.153118678 2.41920938 -0.646281584)
(-0.0422906224 2.20824912 -0.774951338)
(0.0973562428 2.13741369 -0.766035678)
(0.0553552 2.21529036 -0.624944156)
(0.0905137668 2.33163342 -0.431661775)
(0.094257413 2.41524361 -0.258251193)
(0.0976838151 2.43665551 -0.142763869)
(0.105081956 2.41902014 -0.0659118749)
(0.123884874 2.39004633 0.00536773944)
(0.140729609 2.34716814 0.0701735277)
(0.147172044 2.27580297 0.114630649)
(0.150132871 2.1829487 0.144121006)
(0.161287406 2.09702458 0.171831231)
(0.188670819 2.03966756 0.211541313)
(0.23073085 2.01103565 0.268445403)
(0.277438188 1.99988923 0.336482721)
(0.305761483 1.99642483 0.402783124)
(0.306898923 1.99245919 0.451065846)
(0.208047962 2.00233233 0.477492072)
(0.159519453 1.97309659 0.47001938)
(0.123746142 2.40318847 -0.664310412)
(-0.0842662835 2.20450019 -0.773259128)
(0.0268574622 2.14316051 -0.782272832)
(-0.0228650535 2.23817467 -0.631682924)
(0.0121316076 2.36327823 -0.439488326)
(0.0121374094 2.43918436 -0.262902636)
(0.0195915354 2.44258889 -0.151935583)
(0.0164613058 2.40616428 -0.0797265175)
(0.0268052943 2.3726393 -0.000721255296)
(0.0222470182 2.31185791 0.0749462839)
(-8.96349027e-05 2.21495134 0.119622397)
(-0.013585609 2.12217189 0.14209444)
(-0.0129589896 2.07207014 0.159999396)
(0.00413518572 2.05369231 0.187848631)
(0.0401476266 2.04720091 0.232418242)
(0.0957623824 2.04323679 0.293340444)
(0.149475516 2.03588695 0.381120594)
(0.192844588 2.02600408 0.474001211)
(0.12860057 2.03238109 0.567253197)
(0.133222633 1.98300404 0.608125347)
(0.0994903458 2.402496 -0.641967862)
(-0.125174342 2.19914418 -0.755505373)
(-0.0566854377 2.15283878 -0.776076248)
(-0.0986379532 2.25575615 -0.635224838)
(-0.0741932101 2.39013061 -0.444798924)
(-0.0644807017 2.46336825 -0.270183792)
(-0.0585842906 2.45691144 -0.15785787)
(-0.0683437228 2.40938689 -0.0775343293)
(-0.0771899957 2.35660218 0.0115623395)
(-0.0833853424 2.28126907 0.0982718317)
(-0.123159411 2.16525381 0.140815676)
(-0.14490107 2.09754692 0.152705871)
(-0.149677343 2.09473774 0.157376848)
(-0.134232163 2.11589052 0.16578807)
(-0.0933590974 2.13347667 0.184422)
(-0.0271526454 2.13615044 0.227898825)
(0.0302171109 2.11282608 0.332764195)
(0.10243266 2.07793743 0.45761423)
(0.0531391112 2.06466751 0.616260889)
(0.106775566 1.98827721 0.692854131)
(0.0791945287 2.40415857 -0.582853706)
(-0.171245335 2.20450465 -0.711792243)
(-0.144909613 2.16004214 -0.748678787)
(-0.187877355 2.26181608 -0.63319663)
(-0.16521986 2.4062029 -0.448411116)
(-0.150021361 2.48605143 -0.277574588)
(-0.145193737 2.4751856 -0.160664611)
(-0.155515906 2.41996779 -0.0685519831)
(-0.164048216 2.35032905 0.0327881066)
(-0.169610882 2.26014642 0.124411408)
(-0.196821821 2.15571619 0.164657779)
(-0.210265891 2.11404047 0.163679896)
(-0.203157034 2.13613507 0.149119129)
(-0.172565169 2.17593136 0.130832068)
(-0.118849884 2.21164143 0.122989219)
(-0.0554807896 2.23192722 0.154862006)
(-0.0240900862 2.21106835 0.264942097)
(0.0606517913 2.13141284 0.418083038)
(-0.0249143253 2.07973059 0.628176682)
(0.0782544922 2.0066795 0.735995854)
(0.0581040877 2.41195999 -0.483103001)
(-0.221848556 2.21919299 -0.634949722)
(-0.238695388 2.16453274 -0.700561889)
(-0.291378098 2.24867778 -0.621288503)
(-0.271495762 2.39865991 -0.45465123)
(-0.248457192 2.49777027 -0.285206047)
(-0.240438372 2.49242142 -0.161966675)
(-0.24494859 2.43021344 -0.0620543454)
(-0.241401139 2.35287328 0.0438739355)
(-0.230717246 2.26462187 0.134999329)
(-0.227669669 2.18124104 0.172815496)
(-0.219000826 2.14771664 0.159947349)
(-0.190474414 2.16533038 0.125886257)
(-0.143853864 2.20457875 0.086764035)
(-0.0890035251 2.25981016 0.0670024447)
(-0.0426705877 2.31828636 0.102918338)
(-0.0344688758 2.30911582 0.218044707)
(0.010323491 2.19246968 0.4050398)
(-0.101379267 2.18244672 0.654404131)
(0.0393758955 1.94683477 0.716870097)
(0.0383620697 2.42662806 -0.345240287)
(-0.27260686 2.24699357 -0.521666155)
(-0.332544148 2.1711224 -0.625945484)
(-0.406502897 2.2149129 -0.59644654)
(-0.396043254 2.35282896 -0.462797568)
(-0.362802661 2.4807848 -0.29846782)
(-0.341533948 2.50365842 -0.166498791)
(-0.336154307 2.44428373 -0.0642228601)
(-0.317662533 2.36807498 0.0350764926)
(-0.283263004 2.29391099 0.118190066)
(-0.248538294 2.22913931 0.152245042)
(-0.214581355 2.19663441 0.133090188)
(-0.171337694 2.20598467 0.0859323683)
(-0.123928746 2.25727821 0.0361222697)
(-0.0863990837 2.35396164 0.0201925683)
(-0.0701531161 2.44272504 0.0821288469)
(-0.0835404769 2.42426507 0.227868392)
(-0.102111356 2.33978699 0.449496523)
(-0.171419539 2.33053676 0.681646912)
(-0.016347201 1.73866292 0.6269451)
(0.0241518219 2.44926348 -0.177596461)
(-0.312777659 2.29328394 -0.375405923)
(-0.411336007 2.19447617 -0.519595129)
(-0.518568084 2.17537482 -0.550023594)
(-0.533044719 2.26364581 -0.468920802)
(-0.496311261 2.40725708 -0.324753717)
(-0.449631307 2.49061148 -0.185011199)
(-0.423253385 2.46715176 -0.0796856257)
(-0.396184039 2.39495442 0.00509070245)
(-0.347524333 2.33283982 0.0742773547)
(-0.291242597 2.28557049 0.104508516)
(-0.240578102 2.26244738 0.0861399811)
(-0.197183178 2.28524839 0.0394304005)
(-0.168293462 2.37036153 -0.00136540544)
(-0.162884251 2.49348525 0.00974995189)
(-0.17940526 2.56902886 0.108432052)
(-0.212406435 2.54776706 0.287049351)
(-0.243784391 2.46995875 0.505506885)
(-0.235157465 2.25344071 0.650192195)
(-0.079203463 1.26040725 0.464011269)
(0.0220576963 2.47956028 0.0060863582)
(-0.326346941 2.36231995 -0.205943977)
(-0.448655964 2.25636503 -0.379813555)
(-0.595261785 2.1709627 -0.468852719)
(-0.65622415 2.16370371 -0.456593138)
(-0.64476445 2.25954579 -0.360976599)
(-0.582420174 2.39172814 -0.230143654)
(-0.515156307 2.46323233 -0.112044891)
(-0.463593051 2.44047318 -0.0276677578)
(-0.414792954 2.37908341 0.0248094231)
(-0.357129675 2.34171677 0.0475493046)
(-0.305805206 2.33761535 0.0388476602)
(-0.273697766 2.3797144 0.0122705174)
(-0.268437294 2.46919688 -0.000427688015)
(-0.287666298 2.56319235 0.0401488695)
(-0.319452857 2.59719541 0.157804826)
(-0.347290553 2.53386176 0.334422506)
(-0.341931334 2.3335367 0.500680874)
(-0.26168909 1.81276775 0.528154545)
(-0.0945266517 0.674562142 0.264623792)
(0.0366854381 2.51314481 0.186782277)
(-0.301852735 2.44878351 -0.0289758874)
(-0.417777349 2.36758633 -0.213867743)
(-0.592368825 2.25316374 -0.343320658)
(-0.709435025 2.14400345 -0.396560656)
(-0.762538967 2.1106356 -0.372970756)
(-0.739879882 2.17318618 -0.292998716)
(-0.663706222 2.29294578 -0.190667504)
(-0.566896586 2.40064233 -0.0977737419)
(-0.477584744 2.44971861 -0.0325449294)
(-0.407614466 2.44881371 0.00127224257)
(-0.357953395 2.44845949 0.0101852745)
(-0.334528817 2.47732296 0.00828034819)
(-0.341254445 2.52861136 0.0200317592)
(-0.367856534 2.56216168 0.074998203)
(-0.392855745 2.5203474 0.185965195)
(-0.39305489 2.3513714 0.327643369)
(-0.343107893 1.98500029 0.425226092)
(-0.225120339 1.30504431 0.368478194)
(-0.0663212206 0.348946122 0.107070845)
(0.0619309663 2.54263966 0.341400122)
(-0.246496472 2.52884026 0.130786192)
(-0.317166606 2.49810407 -0.0438370971)
(-0.486020489 2.42126888 -0.184445212)
(-0.633096463 2.28622165 -0.273520061)
(-0.755493089 2.14250462 -0.310518532)
(-0.821130588 2.03961158 -0.298622094)
(-0.823353768 2.00982183 -0.251158199)
(-0.770679392 2.05247928 -0.187839946)
(-0.684271954 2.1419292 -0.126694356)
(-0.589030807 2.24785823 -0.0778500973)
(-0.506871604 2.34972028 -0.0418699322)
(-0.452035791 2.43534136 -0.010490997)
(-0.427107185 2.48814569 0.028941258)
(-0.415840694 2.48831356 0.0911039614)
(-0.392967305 2.4022515 0.179818825)
(-0.343275055 2.16641579 0.276137848)
(-0.259567639 1.73488412 0.322061172)
(-0.147244558 1.10891058 0.232891743)
(-0.0217655692 0.482524565 -0.0186213326)
(0.0861164305 2.56555853 0.453935605)
(-0.195561302 2.57727555 0.246427012)
(-0.195130989 2.57242558 0.0930478407)
(-0.322413266 2.56639027 -0.0319867476)
(-0.443842748 2.50368026 -0.119762996)
(-0.579164451 2.39393441 -0.179640534)
(-0.698713178 2.2455531 -0.212786898)
(-0.786149903 2.0855618 -0.220175066)
(-0.830723945 1.94392241 -0.206737679)
(-0.832429827 1.84260799 -0.179526208)
(-0.799188641 1.79243282 -0.144124333)
(-0.74248127 1.79706383 -0.10221812)
(-0.672318175 1.85478447 -0.0528680915)
(-0.594026064 1.94930788 0.00462537524)
(-0.508035354 2.02964234 0.0686195225)
(-0.408547314 2.0131409 0.13552013)
(-0.288429577 1.85957277 0.193779184)
(-0.166930516 1.55394541 0.214237774)
(-0.0857135142 1.19683243 0.153848839)
(0.116270823 1.27708048 -0.058209726)
(0.103893612 2.58361259 0.528015674)
(-0.168252021 2.6046651 0.320153607)
(-0.12670736 2.57352175 0.172655701)
(-0.22749795 2.5659904 0.06118209)
(-0.292355553 2.56174762 -0.0029250341)
(-0.375597837 2.55757186 -0.0498662726)
(-0.460205356 2.52777418 -0.0871777366)
(-0.544748867 2.46064315 -0.115956982)
(-0.622897499 2.35155595 -0.137268256)
(-0.687375013 2.20927043 -0.151840758)
(-0.730920662 2.04834167 -0.158808005)
(-0.747991679 1.88468596 -0.155714731)
(-0.734472963 1.73414242 -0.1392234)
(-0.685599894 1.61084733 -0.107546495)
(-0.594270933 1.52448593 -0.062696662)
(-0.457279779 1.47358731 -0.0104719913)
(-0.283760004 1.42391794 0.0382166382)
(-0.106357315 1.35896715 0.0745246278)
(-0.00932089622 1.30371992 0.0782205444)
(0.13930489 1.3124566 0.000937772643)
(0.113965404 2.59777469 0.580265716)
(-0.160159746 2.62149556 0.377380253)
(-0.110216954 2.55505283 0.233562973)
(-0.227909768 2.51858891 0.123737969)
(-0.293268446 2.48198596 0.0583872739)
(-0.35531062 2.46008708 0.0111589536)
(-0.393362416 2.45484671 -0.0235614868)
(-0.416017459 2.4615112 -0.0462551705)
(-0.430429616 2.47429502 -0.0580858856)
(-0.452491377 2.4761619 -0.0668398635)
(-0.492071171 2.44384557 -0.0806716738)
(-0.54379657 2.36529171 -0.101198078)
(-0.589420751 2.24792074 -0.123151089)
(-0.609015555 2.10472367 -0.141220803)
(-0.584673484 1.943234 -0.154159969)
(-0.504595961 1.76228658 -0.163195411)
(-0.372010738 1.55493983 -0.162570333)
(-0.216354437 1.3324447 -0.138229262)
(-0.0841267928 1.18825744 -0.0773854535)
(0.158527803 1.41548848 0.0290315843)
(0.118482319 2.60851369 0.626307404)
(-0.159646721 2.63087383 0.437337645)
(-0.112854159 2.53553313 0.306427352)
(-0.246055947 2.4881155 0.203748141)
(-0.320202013 2.44847861 0.129698945)
(-0.392826089 2.41575189 0.0575182979)
(-0.434508602 2.38312537 -0.00641843098)
(-0.44792593 2.35339996 -0.0516916819)
(-0.435868971 2.33091299 -0.0723912022)
(-0.405974892 2.32555422 -0.0694382295)
(-0.374801746 2.34248631 -0.0541478321)
(-0.364487566 2.36911497 -0.045956448)
(-0.387438656 2.37494621 -0.060345153)
(-0.428506305 2.3413772 -0.0969263398)
(-0.456020108 2.27733225 -0.148507028)
(-0.444143281 2.18370052 -0.210925558)
(-0.383097966 2.02194898 -0.271332707)
(-0.28364025 1.70811695 -0.289230883)
(-0.158434796 1.19188633 -0.19460868)
(0.0211988478 0.684370697 0.0398808038)
(0.120812287 2.61582733 0.672164038)
(-0.157589665 2.6355785 0.502487219)
(-0.109518928 2.52175049 0.389131261)
(-0.244284879 2.48004523 0.292677394)
(-0.312257827 2.45785657 0.211743461)
(-0.385246725 2.44179914 0.122515706)
(-0.434513103 2.41733444 0.0338571459)
(-0.462239116 2.37822504 -0.0427386498)
(-0.464056079 2.32800316 -0.0949053757)
(-0.440278429 2.27392371 -0.115721266)
(-0.395173713 2.22750003 -0.104203637)
(-0.342701757 2.20134501 -0.0717809877)
(-0.305725142 2.19721831 -0.0453019804)
(-0.303610485 2.1976951 -0.0547067276)
(-0.32851069 2.18725391 -0.110025961)
(-0.346674955 2.18354166 -0.202713049)
(-0.329568477 2.18884192 -0.312660526)
(-0.273507858 2.07884298 -0.385572247)
(-0.191024266 1.5461503 -0.329321352)
(-0.0777121431 0.419275148 -0.099895019)
(0.123872376 2.61988078 0.714922227)
(-0.149215647 2.63878227 0.565850329)
(-0.0895858 2.51509721 0.468797364)
(-0.216849044 2.48344685 0.374088705)
(-0.26895785 2.47542634 0.288143387)
(-0.336498323 2.467895 0.187642904)
(-0.387573138 2.44945859 0.0838280782)
(-0.426073986 2.41850185 -0.0120536089)
(-0.447566341 2.37210176 -0.0890665517)
(-0.448915643 2.31066013 -0.137741751)
(-0.425855428 2.23919329 -0.152505164)
(-0.379310034 2.16787296 -0.13346814)
(-0.31979308 2.10756584 -0.0945508023)
(-0.270173241 2.05958111 -0.0671586378)
(-0.253768313 2.01828369 -0.0895299758)
(-0.262355161 2.00365989 -0.17952079)
(-0.25757343 2.064578 -0.316093372)
(-0.224450585 2.17206801 -0.437149382)
(-0.166074354 2.03513387 -0.440602039)
(-0.0389255584 1.05181531 -0.229739327)
(0.131370726 2.61981066 0.747009785)
(-0.132836442 2.64399221 0.620746188)
(-0.0522887733 2.51415542 0.535112906)
(-0.168555172 2.48823196 0.438306645)
(-0.197732382 2.48616124 0.351517119)
(-0.25409624 2.48096073 0.246039648)
(-0.298650865 2.4667958 0.135250473)
(-0.340056698 2.44469023 0.0292806939)
(-0.374934168 2.4082873 -0.0612659765)
(-0.400179618 2.35396344 -0.128595145)
(-0.409696293 2.28107219 -0.167345736)
(-0.396170574 2.19335858 -0.173702837)
(-0.356317866 2.10277286 -0.15198884)
(-0.29689154 2.02442572 -0.122605676)
(-0.240602507 1.96395652 -0.121941372)
(-0.207685886 1.92903876 -0.185429989)
(-0.185908652 1.95725676 -0.314185036)
(-0.163972882 2.07263774 -0.457187011)
(-0.160826983 2.10553948 -0.514147752)
(-0.0134220934 1.32866827 -0.333563569)
(0.149976188 2.61481777 0.760596292)
(-0.106258525 2.65191418 0.663132851)
(-0.00155201787 2.51691077 0.581903385)
(-0.107912448 2.49015208 0.480582216)
(-0.109064972 2.48747512 0.397633612)
(-0.15131464 2.48175276 0.291533988)
(-0.182327688 2.46990683 0.182619845)
(-0.216603039 2.45617044 0.0761057074)
(-0.252872265 2.43209381 -0.018057463)
(-0.28993189 2.39316668 -0.0944175798)
(-0.321252175 2.33839175 -0.149437916)
(-0.337753704 2.26317583 -0.179774722)
(-0.330442029 2.16804777 -0.185450723)
(-0.294070734 2.07054691 -0.178867172)
(-0.236339011 1.99702164 -0.18741714)
(-0.177883939 1.96165161 -0.238893737)
(-0.131467374 1.96468586 -0.33672419)
(-0.0916562943 2.01805726 -0.460368014)
(-0.141926726 2.12251114 -0.554491851)
(0.00840798198 1.53267339 -0.430119566)
(0.179314543 2.61697825 0.742896583)
(-0.063709279 2.64723963 0.698878701)
(0.0602732187 2.52767443 0.602659772)
(-0.0430319581 2.48987906 0.50562695)
(-0.0116727305 2.47897843 0.422495835)
(-0.0474225996 2.47345625 0.318530972)
(-0.0607965242 2.45716665 0.215658178)
(-0.0868342691 2.44335797 0.115326818)
(-0.113876396 2.42596722 0.0266985123)
(-0.149272245 2.39978297 -0.0507772603)
(-0.185236995 2.36626296 -0.113398028)
(-0.214035145 2.32509221 -0.161121473)
(-0.226295986 2.26787047 -0.193093009)
(-0.214312524 2.19302772 -0.215097066)
(-0.177123375 2.11945939 -0.244441928)
(-0.127183711 2.07003055 -0.300094276)
(-0.0907290044 2.04184901 -0.379894287)
(-0.0287876267 2.00171788 -0.462232346)
(-0.115843023 2.09078489 -0.562964079)
(0.0270340574 1.68143733 -0.505648194)
(0.215783882 2.63585408 0.687929871)
(-0.00428169626 2.61822607 0.717938007)
(0.120583483 2.55182069 0.605698938)
(0.046862098 2.5003891 0.519012392)
(0.0764348041 2.46968648 0.428430283)
(0.0558741247 2.45883753 0.329497042)
(0.0504384689 2.43953184 0.231368826)
(0.0320747749 2.41936039 0.137474838)
(0.00961521405 2.39867894 0.0549657765)
(-0.0131893678 2.3814297 -0.0150601958)
(-0.0415271135 2.35747033 -0.0774210517)
(-0.0696068382 2.33281785 -0.13312363)
(-0.0894712059 2.30887719 -0.182659325)
(-0.0938610328 2.27687725 -0.227551419)
(-0.080111418 2.23258029 -0.27565433)
(-0.0479225501 2.18340985 -0.336994714)
(-0.0405255895 2.13748215 -0.413843065)
(0.0232628203 2.02582592 -0.460514363)
(-0.0832145137 2.04911831 -0.552526963)
(0.0440269216 1.79121894 -0.556635596)
(0.246142051 2.68054933 0.590863329)
(0.0667500572 2.56502967 0.70350599)
(0.184176863 2.56120945 0.602426708)
(0.161954126 2.53024624 0.520400415)
(0.172338801 2.487487 0.427480136)
(0.167772036 2.46067989 0.332529412)
(0.165012363 2.43748381 0.239232537)
(0.153541702 2.41451876 0.151393381)
(0.134512381 2.3909148 0.0715382563)
(0.112576459 2.36742108 0.00180178341)
(0.0928835359 2.34675029 -0.0562979801)
(0.0718731323 2.32530453 -0.10939831)
(0.050514026 2.30555592 -0.164032167)
(0.0350843013 2.29036559 -0.221457132)
(0.0275604287 2.27282445 -0.284030961)
(0.0375469651 2.24248586 -0.351124646)
(0.0269330844 2.20058775 -0.425934973)
(0.066069976 2.06867456 -0.452776644)
(-0.0456983857 2.02077391 -0.529244235)
(0.0611691932 1.85942167 -0.576557691)
(0.260998275 2.77932403 0.457011707)
(0.133434165 2.51258507 0.644825202)
(0.247269637 2.51163926 0.582473536)
(0.279832327 2.53011689 0.507238219)
(0.288461863 2.51745054 0.419859101)
(0.29632105 2.49412529 0.329929645)
(0.302635476 2.47106229 0.244069415)
(0.300364407 2.44968255 0.164591816)
(0.287693959 2.42844162 0.0907749153)
(0.26733495 2.40421039 0.0229042559)
(0.242871504 2.37483936 -0.0372002194)
(0.217715391 2.34333702 -0.0908432656)
(0.192665067 2.31510499 -0.143874599)
(0.167982072 2.29467252 -0.203115888)
(0.145077931 2.28068781 -0.271580857)
(0.129215081 2.26324918 -0.344831837)
(0.103821051 2.23133403 -0.414294131)
(0.109771529 2.10645882 -0.434235271)
(-0.00504522575 2.02970944 -0.496190758)
(0.077208768 1.8813097 -0.562919015)
(0.270325864 3.01248559 0.290651596)
(0.187348642 2.58248392 0.53953852)
(0.30160966 2.45552508 0.540466625)
(0.374097804 2.45951305 0.477932239)
(0.399561095 2.48123462 0.39598658)
(0.42190281 2.49042895 0.312137645)
(0.443694284 2.48977762 0.235637921)
(0.455649523 2.48450958 0.167207894)
(0.4539442 2.47604921 0.104142921)
(0.439972797 2.46204128 0.0449146705)
(0.41417945 2.43679997 -0.0110303687)
(0.380198779 2.39910962 -0.0629127289)
(0.342946933 2.35663128 -0.11486251)
(0.305359457 2.32131189 -0.173424056)
(0.267370146 2.29747735 -0.242085455)
(0.231170344 2.27636614 -0.315921174)
(0.185954606 2.24765981 -0.380409306)
(0.159953443 2.13138279 -0.395500202)
(0.0290899194 2.03785685 -0.440483988)
(0.0907375521 1.89894966 -0.528052607)
(0.263235255 3.23912611 0.108981045)
(0.216299116 2.81936675 0.373799122)
(0.329376721 2.53102888 0.460222952)
(0.420380195 2.41440935 0.426522004)
(0.465913048 2.39131878 0.351341559)
(0.505146037 2.40016149 0.274314991)
(0.542541898 2.41694819 0.207489342)
(0.568694579 2.43492193 0.150633417)
(0.579728266 2.45106405 0.100846397)
(0.575896115 2.46123258 0.0559324051)
(0.558363423 2.45969147 0.0139744304)
(0.527465291 2.44028321 -0.0274751692)
(0.485263509 2.4042319 -0.073845448)
(0.436931541 2.36228943 -0.129997516)
(0.385236252 2.32508412 -0.196952491)
(0.331211741 2.2908007 -0.267153779)
(0.265908643 2.25509957 -0.323353207)
(0.208844137 2.14296388 -0.330026302)
(0.0551646715 2.04012671 -0.362828246)
(0.100898857 1.91289124 -0.47295703)
(0.166514664 3.04379414 -0.0751091355)
(0.0551945704 2.85636507 0.225388332)
(0.244013383 2.59728244 0.378544186)
(0.370257866 2.41386996 0.358339122)
(0.449989276 2.32221518 0.2883672)
(0.518636276 2.28999618 0.220901257)
(0.575909106 2.29186735 0.165201349)
(0.615721729 2.31298583 0.119771316)
(0.638445534 2.34375405 0.0823238918)
(0.646224654 2.37611577 0.05078903)
(0.639622768 2.40185219 0.0227481778)
(0.618072071 2.41296722 -0.00614334731)
(0.582046634 2.4043004 -0.0402460762)
(0.534545126 2.37785214 -0.0848634143)
(0.477693473 2.34069522 -0.142071383)
(0.411358867 2.2958519 -0.202165909)
(0.328161836 2.24978375 -0.24472119)
(0.243782945 2.13768478 -0.238080931)
(0.0661721102 2.03480282 -0.265958493)
(0.10699282 1.92219011 -0.404728909)
(0.0635023767 2.87668668 0.0458474372)
(-0.235481598 2.59513175 0.137523012)
(0.126468956 2.45704274 0.225770863)
(0.246693879 2.33008303 0.217012911)
(0.358770391 2.24842876 0.177999988)
(0.466524683 2.20876968 0.136689941)
(0.550148799 2.19902177 0.101344956)
(0.604940554 2.20912304 0.0741525436)
(0.63637819 2.2322579 0.0550380159)
(0.650844515 2.26325476 0.042375958)
(0.651755154 2.29650674 0.0326776455)
(0.639992896 2.32468387 0.0208912306)
(0.614865495 2.33969585 0.00115691444)
(0.574547491 2.33578339 -0.0327267946)
(0.51845635 2.31202231 -0.0795243375)
(0.444964478 2.26943796 -0.125183995)
(0.350415917 2.22133958 -0.149073034)
(0.248881609 2.11100345 -0.125865664)
(0.0548205204 2.0201926 -0.159408838)
(0.108908633 1.92743586 -0.336214986)
(0.300783856 3.27364756 0.112308587)
(-0.0153338741 3.02018763 0.0788286867)
(0.143074278 2.80674067 0.0268320214)
(0.272827695 2.6514874 0.0267226873)
(0.396816839 2.54062325 0.0286505437)
(0.506345368 2.4456157 0.0267233387)
(0.5820776 2.35529417 0.0245551291)
(0.621333112 2.27551337 0.0215968941)
(0.63136458 2.21291207 0.0167698676)
(0.622430108 2.17525991 0.0109170722)
(0.603431178 2.16652441 0.0062051005)
(0.579914405 2.18184044 0.00412445836)
(0.552091384 2.20729993 0.00156313987)
(0.51583157 2.22557989 -0.00804083667)
(0.464207188 2.22274292 -0.0261706224)
(0.390379571 2.19581819 -0.0451218332)
(0.300639517 2.15909476 -0.0453628367)
(0.207871619 2.05713895 -0.00589313829)
(0.019648308 1.99686524 -0.0641575964)
(0.107594148 1.9292423 -0.28321805)
(0.200550839 3.34311034 -0.0580747206)
(-0.0039396025 3.3382919 0.0639858279)
(0.206522422 3.21513067 0.00361465023)
(0.392825899 3.0536078 -0.0557269923)
(0.545356016 2.90686393 -0.0717224573)
(0.670422621 2.7952809 -0.056870835)
(0.760991467 2.71713364 -0.026320763)
(0.812617906 2.65783795 0.0110464167)
(0.823507548 2.58899993 0.0471764255)
(0.792388498 2.48924146 0.0739028625)
(0.722335082 2.3593695 0.0863369897)
(0.624251238 2.22504322 0.0846868171)
(0.51498541 2.12678766 0.0726883265)
(0.408834441 2.08415872 0.0536276017)
(0.307767897 2.07770802 0.0324079623)
(0.219916562 2.07961485 0.0170830913)
(0.147369667 2.0591926 0.0379337143)
(0.104855771 1.96554787 0.0930955199)
(-0.0246852882 1.96699384 -0.0179547049)
(0.104369781 1.92831089 -0.252943954)
(0.016388151 3.27050175 0.00577975265)
(-0.062287311 3.21019972 -0.137355326)
(0.227150535 2.91984411 -0.290314537)
(0.41716031 2.62448019 -0.31660675)
(0.536453315 2.40340386 -0.269166928)
(0.614754295 2.26650127 -0.198191079)
(0.66551268 2.19769144 -0.127763764)
(0.696760842 2.17802257 -0.0638402728)
(0.72243369 2.212601 -0.000942429461)
(0.742049712 2.27373973 0.0641338662)
(0.741516212 2.31278975 0.125431991)
(0.704619426 2.29843031 0.171873116)
(0.623379817 2.23532231 0.193828715)
(0.503653308 2.15436196 0.188293354)
(0.360091408 2.08748661 0.159819459)
(0.220542818 2.04839318 0.11450411)
(0.0991166803 1.991912 0.100323671)
(0.0675291392 1.89289033 0.135882741)
(-0.0174700975 1.92721419 -0.00368449703)
(0.10286019 1.92582147 -0.229699723)
(0.184815236 3.37861275 0.0576549908)
(0.185774822 3.09305678 -0.26757594)
(0.35036948 2.64429511 -0.426124846)
(0.477707326 2.3050668 -0.408944348)
(0.530568223 2.10886258 -0.317428881)
(0.547015158 2.01147857 -0.215080267)
(0.55135627 1.96960955 -0.126209714)
(0.548613077 1.95242299 -0.0566033261)
(0.542425926 1.94458844 -0.00293546109)
(0.550872054 1.97222846 0.0477181184)
(0.581163048 2.04535372 0.109400028)
(0.61591151 2.13453141 0.181896474)
(0.624565946 2.19553855 0.250454877)
(0.58236608 2.20202723 0.295275681)
(0.480222816 2.15969757 0.301139356)
(0.338671738 2.09974188 0.259793187)
(0.174846939 2.00999024 0.20058514)
(0.0951022677 1.87537043 0.168279491)
(0.0102073401 1.89394326 0.0117086484)
(0.107999888 1.9252351 -0.198034364)
(0.288445201 3.32783626 -0.178337604)
(0.258282818 2.72780819 -0.486142743)
(0.372904944 2.3102939 -0.54350018)
(0.446325557 2.12069226 -0.460472588)
(0.444068035 2.05543583 -0.336577049)
(0.423260606 2.04177289 -0.221072408)
(0.411090405 2.04435785 -0.129911702)
(0.406202893 2.04677099 -0.0617502345)
(0.403696311 2.04139983 -0.0110800532)
(0.403326018 2.02191276 0.027270345)
(0.417648761 2.00746903 0.0679006179)
(0.459022695 2.02789619 0.130651501)
(0.516516255 2.08707948 0.219874308)
(0.557050703 2.15224345 0.316204953)
(0.542675438 2.1812691 0.386036459)
(0.461706703 2.16197232 0.39602898)
(0.316885604 2.08841545 0.3403422)
(0.192339476 1.94607817 0.253218285)
(0.0696693591 1.91183141 0.0738407039)
(0.122863162 1.93287378 -0.140736481)
(0.255438807 2.91651802 -0.369633623)
(0.232701147 2.37614736 -0.651588991)
(0.322615411 2.21366921 -0.596476897)
(0.341617374 2.19713733 -0.452802677)
(0.307033263 2.21312834 -0.312419864)
(0.276806937 2.22867464 -0.200686596)
(0.263695689 2.23238029 -0.11843098)
(0.25894292 2.22090045 -0.0604517922)
(0.258713445 2.20010131 -0.0199426004)
(0.258075065 2.16743609 0.010907581)
(0.262094383 2.11852998 0.0400481736)
(0.288060301 2.06879509 0.080947591)
(0.348784797 2.05000667 0.154043776)
(0.432878429 2.0800893 0.265134252)
(0.49870595 2.13521056 0.387223137)
(0.504445328 2.17106359 0.468767969)
(0.424617956 2.15255315 0.464750869)
(0.303586769 2.04760111 0.375022396)
(0.148963919 1.97882843 0.186732828)
(0.142050516 1.95404637 -0.0482675757)
(0.256186073 2.6710522 -0.561537219)
(0.1956173 2.33257876 -0.760577495)
(0.233822294 2.33340076 -0.584937656)
(0.198302983 2.35797544 -0.410372974)
(0.166268312 2.36859412 -0.279516904)
(0.141623125 2.35906635 -0.181506565)
(0.124564705 2.32998686 -0.101982914)
(0.103076769 2.28641227 -0.0433824564)
(0.0806967709 2.2298518 -0.00130246589)
(0.0803919051 2.19355266 0.021405256)
(0.105081124 2.18258906 0.0282482732)
(0.141045018 2.16538375 0.038404578)
(0.192498711 2.12534777 0.0775384429)
(0.274464065 2.08821155 0.171911563)
(0.375564828 2.09483437 0.316790252)
(0.450021716 2.13765647 0.462174404)
(0.444582782 2.16726695 0.534151166)
(0.364146861 2.11952292 0.49008173)
(0.203348339 2.05028742 0.32167319)
(0.151206261 1.98358921 0.083215507)
(0.228496541 2.53031262 -0.731599862)
(0.113914948 2.4093095 -0.790181749)
(0.131584692 2.47244101 -0.524303106)
(0.0682349692 2.45869295 -0.371930268)
(0.0707812668 2.43045373 -0.259656314)
(0.0406341881 2.37271684 -0.160694088)
(0.0199456835 2.31778602 -0.071425977)
(-0.00288248532 2.28625166 -0.0238522485)
(0.0148638563 2.29952482 -0.0171862226)
(0.0449431883 2.31477956 -0.0239065915)
(0.0729365393 2.31793281 -0.0253818851)
(0.0995088027 2.31181112 -0.0147749406)
(0.130407777 2.28762005 0.0134073186)
(0.173823517 2.21805818 0.0809455821)
(0.249095862 2.14225343 0.21646223)
(0.341103427 2.12441936 0.399082617)
(0.386272996 2.15446721 0.545887387)
(0.3562246 2.14968452 0.574828805)
(0.215284778 2.10183473 0.455848488)
(0.152389433 2.00985766 0.236475396)
(0.184531347 2.4658028 -0.847069188)
(0.0374781847 2.52924158 -0.76328242)
(0.0651149211 2.56671235 -0.472299818)
(-0.00643696305 2.49589588 -0.359655533)
(0.0260260294 2.43331336 -0.25100154)
(-0.0135433194 2.34852911 -0.141865585)
(-0.0119171874 2.32048507 -0.0605572191)
(-0.00600023859 2.35018401 -0.0382379979)
(-0.00161208765 2.34979108 -0.0407317001)
(-0.00351901599 2.31975788 -0.0383457322)
(-0.00677811336 2.29220549 -0.0324559693)
(0.000832101667 2.28091708 -0.0283652243)
(0.0266300749 2.28894747 -0.0153960062)
(0.077493968 2.2928954 0.0307089501)
(0.140295382 2.22953033 0.13997996)
(0.223316884 2.15883219 0.32476366)
(0.288253902 2.15125482 0.522455693)
(0.298695663 2.15743246 0.625835129)
(0.188094687 2.13223372 0.571637636)
(0.143119741 2.02913807 0.385689047)
(0.139704478 2.44239989 -0.914315797)
(-0.0195987299 2.62202775 -0.722199091)
(0.0385514878 2.6171127 -0.450304051)
(-0.0292795456 2.52154086 -0.351825122)
(0.00806279768 2.4411075 -0.246988444)
(-0.018740455 2.35398457 -0.138458186)
(-0.000682332859 2.3208202 -0.0715964461)
(0.0138267592 2.34491792 -0.0379951047)
(0.0134952016 2.32706851 -0.0270347993)
(-0.0021916121 2.28045718 -0.0226735364)
(-0.0275567934 2.23692345 -0.0245684137)
(-0.0405343794 2.22077376 -0.0408965552)
(-0.0363989286 2.2355946 -0.0566355441)
(-0.00743257284 2.27353163 -0.0317583797)
(0.0510033825 2.28715687 0.0733520654)
(0.12094024 2.21630615 0.258912692)
(0.185508027 2.1700886 0.486336128)
(0.22148857 2.16242146 0.648916582)
(0.139053662 2.15024429 0.659231704)
(0.128221269 2.04172544 0.514177439)
(0.101139417 2.44068551 -0.943295)
(-0.0584697502 2.66071373 -0.694460299)
(0.0322053991 2.65170289 -0.45277746)
(-0.023141718 2.55937734 -0.344396724)
(0.0106709747 2.47679118 -0.250425495)
(0.00263038833 2.38812106 -0.139856956)
(0.0153756567 2.31435104 -0.0856840058)
(0.0309439567 2.30746227 -0.0508290952)
(0.0402785088 2.29453884 -0.0249931222)
(0.0326110517 2.25981851 -0.00188900888)
(0.0090630006 2.21315681 0.00510363304)
(-0.00905881938 2.18811509 -0.0192672344)
(-0.0253250887 2.19175025 -0.0540440445)
(-0.0343387934 2.22352367 -0.0630215727)
(-0.0096959743 2.28633502 0.00865460542)
(0.0474003597 2.2638684 0.198120174)
(0.0992576431 2.20284395 0.447357821)
(0.147532875 2.1733364 0.650953131)
(0.0851401773 2.16511025 0.716378805)
(0.112724155 2.04925764 0.611748185)
(0.0709159974 2.44734023 -0.937894905)
(-0.0878352101 2.64457311 -0.689349105)
(0.0128283144 2.65736412 -0.472442381)
(-0.0153003026 2.58887457 -0.349404842)
(0.0228748869 2.52124515 -0.264815855)
(0.0341550574 2.44715286 -0.152875951)
(0.0556519879 2.35664966 -0.0913897426)
(0.0670098665 2.30122702 -0.0554393273)
(0.0729901372 2.26642876 -0.0248673814)
(0.0707809594 2.23479717 0.00298201641)
(0.0665209168 2.20543371 0.0129363302)
(0.0606861471 2.19145453 -0.00333686829)
(0.0410393573 2.19350798 -0.0302125653)
(0.0044027408 2.19362307 -0.0510206674)
(-0.0267903381 2.24059303 -0.0173851828)
(0.00415728492 2.28602482 0.148662065)
(0.034197898 2.23757126 0.414404845)
(0.0873220282 2.19203225 0.638087373)
(0.0368127416 2.18418356 0.747492441)
(0.098469126 2.05089829 0.676000621)
(0.0441432009 2.44796676 -0.898792958)
(-0.123252003 2.59485363 -0.685474831)
(-0.0421655145 2.60992111 -0.50094906)
(-0.0388998253 2.57333399 -0.37804533)
(0.00939617004 2.53362935 -0.295919832)
(0.0457300483 2.49015659 -0.196957306)
(0.0955067981 2.43231487 -0.124405093)
(0.130062229 2.37250298 -0.071025763)
(0.152473422 2.31925253 -0.0306027326)
(0.168087518 2.27465523 0.00114315528)
(0.17481921 2.240894 0.019717225)
(0.166329033 2.22149324 0.0211284642)
(0.132574179 2.21668224 0.00895539233)
(0.0768075444 2.21044651 -0.0038842981)
(0.00203170114 2.21108411 0.00838179307)
(-0.0177524153 2.27782444 0.133023929)
(-0.0159813935 2.26319559 0.38745738)
(0.0455960327 2.21336598 0.616607212)
(-0.00711015836 2.20096906 0.757472132)
(0.0844625288 2.05459811 0.713179736)
(0.0165720102 2.43962122 -0.820090145)
(-0.174884067 2.52935203 -0.654292497)
(-0.133211524 2.51723484 -0.519188634)
(-0.118842065 2.49679956 -0.420509147)
(-0.0623917669 2.48286473 -0.341362855)
(-0.00352792271 2.46982965 -0.25729978)
(0.0602760182 2.44523633 -0.188051825)
(0.116232276 2.41154486 -0.130420345)
(0.165005742 2.37465055 -0.0826070158)
(0.207815265 2.34097868 -0.0380067821)
(0.239157914 2.31335396 0.00654117949)
(0.242425011 2.287929 0.0435203749)
(0.204558018 2.26631496 0.0631239994)
(0.132035377 2.24338915 0.0666660224)
(0.0334995183 2.21114437 0.0737184727)
(-0.0318395667 2.25698589 0.154772423)
(-0.051199596 2.26777669 0.369786127)
(0.0132953894 2.23135269 0.596408603)
(-0.0535296341 2.22956867 0.753285245)
(0.0643205907 2.04047392 0.726257536)
(-0.0105661319 2.42891594 -0.692966368)
(-0.236158272 2.46638128 -0.582955467)
(-0.240367504 2.42164124 -0.510933648)
(-0.236800373 2.3957802 -0.454768794)
(-0.182012115 2.39013467 -0.393132467)
(-0.113414518 2.39803429 -0.318079656)
(-0.0450472818 2.40128204 -0.242586541)
(0.0104329741 2.38462234 -0.178597703)
(0.0534144299 2.34749585 -0.129970795)
(0.0932632823 2.30683841 -0.0845879001)
(0.131306661 2.28253789 -0.0267748099)
(0.15968167 2.28127294 0.044895329)
(0.149365351 2.27992097 0.105226385)
(0.0984334777 2.26221163 0.1365042)
(0.016438223 2.21773825 0.148561379)
(-0.0556586243 2.23922716 0.199097817)
(-0.0817297578 2.26098325 0.367509318)
(-0.035881245 2.26373973 0.584644001)
(-0.095898755 2.30266638 0.753124627)
(0.0330233678 1.92254318 0.696687419)
(-0.0314891015 2.42097682 -0.523168241)
(-0.288174558 2.43625069 -0.474077459)
(-0.329888005 2.3771649 -0.475597367)
(-0.346030406 2.33106636 -0.476674091)
(-0.304044707 2.30516782 -0.448875472)
(-0.2359008 2.31498372 -0.385640881)
(-0.159972954 2.34936466 -0.299913064)
(-0.100169243 2.37065831 -0.216958969)
(-0.0667849618 2.34762551 -0.156617614)
(-0.0492834659 2.2919075 -0.110767262)
(-0.0271129683 2.24759447 -0.050163147)
(0.00655778277 2.24891886 0.0412146141)
(0.0236257055 2.2713604 0.128662852)
(0.00747683383 2.26079847 0.186594945)
(-0.0419778103 2.21870816 0.209726679)
(-0.0989715865 2.23151497 0.247301007)
(-0.124480154 2.27106459 0.380149319)
(-0.102615289 2.32528747 0.583103494)
(-0.130730477 2.34647646 0.745424006)
(-0.00639651848 1.67761834 0.621173022)
(-0.0405326865 2.42106845 -0.330032903)
(-0.311095773 2.45976644 -0.343899488)
(-0.372771183 2.41666053 -0.419713214)
(-0.413216878 2.34014832 -0.481218047)
(-0.399009605 2.25711331 -0.497621145)
(-0.346979516 2.2261251 -0.459880673)
(-0.269260631 2.26916601 -0.373973868)
(-0.193364256 2.3485218 -0.268021572)
(-0.147572909 2.38637639 -0.181583408)
(-0.139789637 2.34555183 -0.126896529)
(-0.141944468 2.27796523 -0.0708886624)
(-0.124281882 2.25070304 0.0197089245)
(-0.101447088 2.25623654 0.129392738)
(-0.0960542374 2.24502098 0.210075013)
(-0.117093563 2.21930117 0.248121173)
(-0.154754524 2.23914494 0.286573937)
(-0.176131255 2.30444357 0.398722083)
(-0.163444002 2.38010803 0.580026288)
(-0.150772714 2.29348987 0.708566687)
(-0.0336955312 1.37847085 0.514992592)
(-0.0354065808 2.42919822 -0.139214753)
(-0.295812024 2.53255394 -0.211242564)
(-0.357998185 2.53338281 -0.346170859)
(-0.426029472 2.42824947 -0.452998118)
(-0.455649013 2.26711909 -0.512340942)
(-0.443288067 2.14857667 -0.514026665)
(-0.386886454 2.14113576 -0.448746966)
(-0.306038731 2.24502697 -0.332438214)
(-0.236447875 2.36865826 -0.211336721)
(-0.213055685 2.3963859 -0.127986676)
(-0.227144547 2.32633324 -0.0696968748)
(-0.228901825 2.26232187 0.0105211305)
(-0.20630919 2.24520409 0.11764155)
(-0.187682524 2.23348347 0.209604688)
(-0.187978395 2.22495631 0.264347183)
(-0.206893991 2.25614671 0.312341005)
(-0.21776901 2.33266002 0.410512206)
(-0.197039179 2.38580726 0.559067364)
(-0.148780822 2.1810816 0.639774764)
(-0.0316009278 1.17960735 0.407539738)
(-0.0182198913 2.43921586 0.0303902393)
(-0.24837854 2.62486046 -0.090014179)
(-0.292244309 2.68346049 -0.259562326)
(-0.383753438 2.56942687 -0.383665348)
(-0.461844976 2.35047927 -0.473372825)
(-0.505010256 2.1362521 -0.522390144)
(-0.493922282 2.02636631 -0.501873854)
(-0.432511827 2.08078762 -0.404609002)
(-0.34856919 2.25536758 -0.264285832)
(-0.288751582 2.39913796 -0.13982325)
(-0.283425791 2.39380205 -0.0602085084)
(-0.298372787 2.30383521 0.00881430299)
(-0.286031478 2.2508338 0.101610234)
(-0.260057543 2.23371649 0.195133265)
(-0.244693148 2.23317383 0.263670595)
(-0.243854524 2.2669655 0.321955096)
(-0.237096967 2.33436207 0.406242161)
(-0.200024566 2.3547525 0.514469657)
(-0.128504304 2.10432105 0.55002931)
(-0.0102393009 1.16104675 0.322521063)
(0.0041726596 2.44247473 0.164150909)
(-0.188988945 2.6989554 0.0047558646)
(-0.200476882 2.80476509 -0.171771377)
(-0.304312186 2.70465327 -0.281020738)
(-0.419391652 2.48076339 -0.379368584)
(-0.518327349 2.21375856 -0.471040077)
(-0.567910982 1.99365498 -0.509547169)
(-0.552545957 1.92596822 -0.462263678)
(-0.481743474 2.05460457 -0.337776033)
(-0.393391547 2.28494732 -0.186870951)
(-0.336299119 2.4296821 -0.0657866209)
(-0.327067496 2.40241225 0.0154002684)
(-0.327209943 2.31172685 0.0896492482)
(-0.306236957 2.26394522 0.173124554)
(-0.279797032 2.25733073 0.246827221)
(-0.259150369 2.28762702 0.309838452)
(-0.232026456 2.34831128 0.380020608)
(-0.179505349 2.36221731 0.452025915)
(-0.101304532 2.10996903 0.457576354)
(-0.0115129316 1.14340075 0.264451411)
(0.0303377832 2.43173672 0.260550627)
(-0.134323683 2.7263473 0.0700816116)
(-0.113175095 2.85354128 -0.0961810158)
(-0.220056319 2.7757959 -0.167793107)
(-0.343082643 2.60381262 -0.250618549)
(-0.476068188 2.36168716 -0.364757406)
(-0.58525578 2.08234378 -0.456894838)
(-0.636363201 1.86963388 -0.47639645)
(-0.613425835 1.84464406 -0.403431731)
(-0.534112001 2.02999517 -0.26474099)
(-0.441799699 2.28979619 -0.117321748)
(-0.378434175 2.43599256 -0.00404755101)
(-0.34903195 2.42428433 0.0753296193)
(-0.324004622 2.37085608 0.145417219)
(-0.291592089 2.35282535 0.213105933)
(-0.258526446 2.37547814 0.27585125)
(-0.221631539 2.41111797 0.340100346)
(-0.172014034 2.34175229 0.395958664)
(-0.115264908 1.88121716 0.382755155)
(-0.0604489775 0.688005064 0.196011915)
(0.0512689957 2.41149813 0.325725294)
(-0.104772767 2.71729549 0.111720742)
(-0.0620814805 2.83434157 -0.0415422308)
(-0.16246402 2.76582427 -0.0717247335)
(-0.253236002 2.6709343 -0.122494882)
(-0.376784963 2.52556429 -0.225840566)
(-0.520469798 2.28210795 -0.342489389)
(-0.642007265 1.98255919 -0.422193285)
(-0.696539061 1.76233213 -0.421442321)
(-0.671262643 1.75207619 -0.33396595)
(-0.59197795 1.95376483 -0.198081466)
(-0.50316582 2.21650487 -0.0674503347)
(-0.434406672 2.37552375 0.0324285433)
(-0.384884987 2.41215924 0.109785055)
(-0.339776529 2.4139155 0.178424919)
(-0.297505222 2.40139043 0.245351315)
(-0.256724229 2.31453546 0.311781446)
(-0.211758999 2.00410547 0.354852964)
(-0.153884347 1.28025196 0.301651339)
(-0.0548923485 0.264266936 0.0848591722)
(0.0638184841 2.39037293 0.368072683)
(-0.0979141729 2.70293385 0.136052407)
(-0.0611256117 2.78210762 -0.00303994666)
(-0.144941316 2.69573468 -0.0104452196)
(-0.17812651 2.65049646 -0.0319452253)
(-0.246794959 2.61612707 -0.092211799)
(-0.373452875 2.50247336 -0.186389366)
(-0.535915747 2.25127171 -0.292462661)
(-0.674070921 1.92219606 -0.35950287)
(-0.739119827 1.66647907 -0.347138914)
(-0.722247162 1.61231883 -0.258076512)
(-0.653851821 1.75920481 -0.132920047)
(-0.578356817 1.96560453 -0.0173640997)
(-0.518449778 2.08073139 0.0721001653)
(-0.464974817 2.0791274 0.146128038)
(-0.403531161 1.99283137 0.213508514)
(-0.330928913 1.78306713 0.26813991)
(-0.245049986 1.40905921 0.28280669)
(-0.13461869 0.950148266 0.203188636)
(0.0419969163 0.731799609 0.00195809971)
(0.0705153369 2.37118996 0.401143972)
(-0.0986847351 2.69030995 0.168096303)
(-0.0622187198 2.73561828 0.0439614893)
(-0.140024493 2.61030283 0.0242095389)
(-0.143960937 2.54709184 0.0042830719)
(-0.15826774 2.55429269 -0.0134367641)
(-0.211972696 2.58250136 -0.0442669295)
(-0.339730105 2.51516231 -0.119924008)
(-0.509540518 2.28206564 -0.213827887)
(-0.661486794 1.93642427 -0.272216917)
(-0.745498329 1.61422689 -0.262658031)
(-0.745436786 1.44330105 -0.188420025)
(-0.685815148 1.44263576 -0.0829165882)
(-0.604467579 1.51832563 0.0156275775)
(-0.522898949 1.53696502 0.0891406649)
(-0.42988472 1.44717049 0.138404533)
(-0.311853837 1.28193256 0.162735176)
(-0.180824471 1.08690983 0.14806657)
(-0.0652592373 0.968600915 0.0810513872)
(0.086999409 1.03025812 -0.0113796349)
(0.0721479902 2.35723551 0.435195525)
(-0.107004125 2.68097131 0.208287658)
(-0.0931561613 2.67113789 0.0915916642)
(-0.181303919 2.50307701 0.0468386051)
(-0.184460019 2.4191721 0.00273551035)
(-0.181287621 2.40523784 -0.0117807823)
(-0.173686827 2.44545028 0.000641012042)
(-0.187243358 2.52566235 0.00375474457)
(-0.264288523 2.55016096 -0.0370620552)
(-0.413511313 2.39952631 -0.112288786)
(-0.570446968 2.09759833 -0.169969047)
(-0.675918278 1.75005305 -0.177859552)
(-0.707002345 1.45582111 -0.138781318)
(-0.669047702 1.27119568 -0.0783243002)
(-0.581351493 1.17907586 -0.0241549816)
(-0.459234134 1.12553426 0.00670628168)
(-0.313075382 1.07514163 0.00924589107)
(-0.162681128 1.04015479 -0.00940267762)
(-0.0450519991 1.0494227 -0.0272913709)
(0.0821340514 1.06794005 0.019269065)
(0.0709865398 2.34893798 0.476379593)
(-0.117469801 2.67093872 0.261816362)
(-0.118108136 2.61991142 0.150723081)
(-0.20430941 2.45754643 0.0822488414)
(-0.214097083 2.38676147 0.0149595022)
(-0.229327116 2.34115989 -0.0180950719)
(-0.226630259 2.31676678 -0.0197174041)
(-0.204758938 2.33520678 -0.00535558078)
(-0.178278729 2.39976721 0.0155062617)
(-0.176014446 2.49682082 0.0236900836)
(-0.236737201 2.5415094 -0.00212598691)
(-0.358236653 2.42422871 -0.0507600843)
(-0.474128914 2.19052549 -0.0881413891)
(-0.537045748 1.94995876 -0.102658263)
(-0.541221894 1.73819508 -0.108840798)
(-0.493219686 1.5485474 -0.123202314)
(-0.404508287 1.34340941 -0.15015515)
(-0.288449535 1.07033353 -0.168369656)
(-0.153841525 0.724417307 -0.126698314)
(-0.00776163028 0.444687467 0.00129359667)
(0.0695234266 2.34404996 0.525316996)
(-0.125390738 2.66023138 0.324588345)
(-0.128610904 2.59141585 0.212954772)
(-0.208035338 2.45328153 0.124189136)
(-0.222221271 2.3960229 0.0449283215)
(-0.249466628 2.34108438 0.00131805207)
(-0.257900591 2.29488103 -0.0228596669)
(-0.244732275 2.26828245 -0.0389830878)
(-0.213006731 2.25736679 -0.0405894301)
(-0.169530003 2.27036373 -0.0184113482)
(-0.126257911 2.32457475 0.0216265797)
(-0.107033232 2.41771238 0.0503267211)
(-0.134342056 2.50574243 0.0361972712)
(-0.198688958 2.51943274 -0.00745581696)
(-0.262302252 2.45902873 -0.0577632847)
(-0.29759704 2.35958032 -0.120307934)
(-0.299271258 2.20074902 -0.200794958)
(-0.263064151 1.87940574 -0.278176602)
(-0.188055015 1.23419757 -0.276820291)
(-0.0716825992 0.262373344 -0.120478666)
(0.0690009298 2.34013143 0.578752705)
(-0.129508235 2.65027031 0.389635808)
(-0.129127224 2.57901792 0.271897893)
(-0.205258701 2.46005371 0.164657405)
(-0.221133124 2.40620136 0.074512215)
(-0.243752307 2.3536251 0.0193609789)
(-0.241969171 2.31514444 -0.0203756165)
(-0.222146956 2.29152376 -0.051878054)
(-0.192125613 2.27009608 -0.0673658359)
(-0.16173864 2.24403737 -0.0634413024)
(-0.131182872 2.21843265 -0.044570584)
(-0.09415608 2.21434538 -0.0121363295)
(-0.0569316031 2.25423898 0.0273313375)
(-0.0456268929 2.32182845 0.0418356059)
(-0.0765456709 2.3754358 0.00927048067)
(-0.118913487 2.39105666 -0.0581677311)
(-0.159120886 2.39804966 -0.157844454)
(-0.169826027 2.32757562 -0.291534525)
(-0.149323721 1.967441 -0.367980592)
(-0.0562658562 0.888839473 -0.250167151)
(0.0698426991 2.33544107 0.632741513)
(-0.129739505 2.64131506 0.452943016)
(-0.122893979 2.57598851 0.327414881)
(-0.199679559 2.47036449 0.204089225)
(-0.215889061 2.4187511 0.0999543914)
(-0.2322966 2.36866088 0.0251162309)
(-0.219740887 2.33086416 -0.0347030572)
(-0.189528152 2.30843182 -0.0786871808)
(-0.151645793 2.29369133 -0.0953365193)
(-0.119103194 2.27869821 -0.0844216953)
(-0.0957833131 2.25452636 -0.061249722)
(-0.0778756737 2.21717975 -0.0394826446)
(-0.0560909665 2.17737918 -0.0170999172)
(-0.0258956547 2.16178361 0.0127405384)
(-0.0086640636 2.18994678 0.0309006178)
(-0.0271076376 2.19653272 -0.0212089444)
(-0.0783311856 2.23438567 -0.104299235)
(-0.0972568166 2.26531544 -0.268669708)
(-0.127367099 2.15567821 -0.406169376)
(-0.0106594314 1.24934277 -0.346741075)
(0.072569728 2.32838521 0.683905822)
(-0.125681649 2.63263246 0.512722841)
(-0.110312115 2.57851804 0.380927633)
(-0.190571126 2.4831386 0.243905966)
(-0.207786126 2.43500712 0.123781529)
(-0.224024073 2.38686686 0.0254903557)
(-0.211365923 2.34360629 -0.0566878995)
(-0.183610147 2.31287263 -0.114607839)
(-0.149149993 2.29469717 -0.133404994)
(-0.117521052 2.28466133 -0.115273935)
(-0.089712544 2.2724919 -0.0817772815)
(-0.0685788792 2.24773471 -0.053236434)
(-0.0513976334 2.20654888 -0.0335301696)
(-0.0333855579 2.15914544 -0.0147104701)
(-0.0227375426 2.13412266 0.0115786212)
(0.0196348311 2.12779844 -0.011157087)
(-0.0336970594 2.15618868 -0.0560304287)
(-0.0280189217 2.17951564 -0.232557585)
(-0.118323313 2.17825883 -0.414212791)
(0.0250009071 1.42380855 -0.4178268)
(0.0779475685 2.31850214 0.727934486)
(-0.116373162 2.62186321 0.567875477)
(-0.0895423374 2.58472895 0.432807182)
(-0.174878848 2.49796654 0.28510703)
(-0.193458813 2.4537034 0.150626728)
(-0.216276789 2.40624008 0.0306764893)
(-0.214584902 2.35309023 -0.070774361)
(-0.202522662 2.30888656 -0.139967599)
(-0.182827959 2.28220971 -0.161225586)
(-0.159609942 2.27201075 -0.141478422)
(-0.131531509 2.26526136 -0.105768389)
(-0.104688801 2.24765505 -0.0736049539)
(-0.0810431906 2.21325148 -0.0488818938)
(-0.0639897794 2.16884038 -0.0273054859)
(-0.0556698011 2.13298993 -0.0140754524)
(0.00257696331 2.12053409 -0.0241582733)
(-0.0386322153 2.1580854 -0.0440809591)
(0.0228413811 2.14201699 -0.205866698)
(-0.111824646 2.16306288 -0.40457708)
(0.0505605209 1.5378972 -0.471371758)
(0.0889839957 2.29999904 0.76050747)
(-0.100038441 2.60936017 0.615915809)
(-0.0583808828 2.59278672 0.48169409)
(-0.14850522 2.51428166 0.327703196)
(-0.168015041 2.47283468 0.184829926)
(-0.203333856 2.42599602 0.0491005039)
(-0.220882505 2.36142317 -0.0663612323)
(-0.233296989 2.29914753 -0.145089537)
(-0.234686736 2.25590016 -0.172726475)
(-0.224675026 2.2377275 -0.159725512)
(-0.200985966 2.23270509 -0.129731359)
(-0.169232112 2.22411957 -0.0978534596)
(-0.136116101 2.20252971 -0.0689275293)
(-0.109605882 2.17074083 -0.046152914)
(-0.0805666692 2.14211292 -0.0381681244)
(-0.0192075008 2.13527131 -0.0468632653)
(-0.0525273341 2.17005643 -0.0656776776)
(0.0527406444 2.13006049 -0.192124783)
(-0.106682572 2.1340255 -0.390562572)
(0.0680692361 1.62292271 -0.511951918)
(0.111106969 2.27628709 0.770942291)
(-0.0725341136 2.5827991 0.659007516)
(-0.0140603804 2.60178675 0.523992185)
(-0.108150272 2.53049493 0.370257646)
(-0.125554805 2.49040253 0.227664784)
(-0.175648073 2.44825186 0.0849532693)
(-0.212901613 2.37721309 -0.0378146594)
(-0.251595057 2.29629997 -0.125819276)
(-0.276496832 2.22806378 -0.164819245)
(-0.285646958 2.19003215 -0.166521859)
(-0.275236809 2.17760542 -0.151242817)
(-0.246155989 2.17513727 -0.129053632)
(-0.20303389 2.17142561 -0.10486132)
(-0.154925929 2.16322834 -0.0856232199)
(-0.0977151453 2.15327007 -0.0779385498)
(-0.0191923832 2.15268117 -0.0795920241)
(-0.0489388677 2.17918789 -0.093128133)
(0.0772978196 2.12483458 -0.177509977)
(-0.0986672719 2.09678281 -0.374271351)
(0.0807038922 1.69380814 -0.541734879)
(0.14714616 2.27066506 0.746177231)
(-0.0276264363 2.50836422 0.699161901)
(0.0447354793 2.61076622 0.553779138)
(-0.0510225087 2.54784446 0.413095298)
(-0.0586566551 2.50145889 0.275315415)
(-0.120775857 2.47345715 0.135608859)
(-0.170179974 2.40922205 0.0118624102)
(-0.230104248 2.3179214 -0.0836510011)
(-0.276286576 2.22369585 -0.135863798)
(-0.307566002 2.15515984 -0.153970539)
(-0.319312384 2.12160133 -0.158697055)
(-0.309327445 2.10990442 -0.158942064)
(-0.276250623 2.10666105 -0.15710787)
(-0.22186068 2.10908728 -0.153832262)
(-0.142511357 2.11963283 -0.145397507)
(-0.0477096308 2.14092904 -0.128054578)
(-0.0486717513 2.17076318 -0.127555289)
(0.0899370717 2.12369861 -0.165382552)
(-0.0844352942 2.05577893 -0.352790568)
(0.0890234624 1.74217852 -0.556998572)
(0.188547672 2.30342845 0.680110561)
(0.0322858609 2.38028421 0.720972864)
(0.111788505 2.58393031 0.574486075)
(0.0396667183 2.5758644 0.450903899)
(0.0283928406 2.51434977 0.321629804)
(-0.0310750469 2.48899111 0.193575591)
(-0.0779956211 2.45186098 0.0759090625)
(-0.147792041 2.37378584 -0.023127885)
(-0.208539307 2.26833347 -0.0896500706)
(-0.256713617 2.16787466 -0.121419086)
(-0.288882768 2.10215491 -0.142504891)
(-0.305128741 2.07049856 -0.166876091)
(-0.303029826 2.05442763 -0.195044754)
(-0.274796104 2.04525683 -0.218365136)
(-0.212054812 2.04891811 -0.225539921)
(-0.131088409 2.07428885 -0.214340978)
(-0.0827376321 2.11351234 -0.198915315)
(0.0783797753 2.11397969 -0.171980228)
(-0.0648910845 2.0327198 -0.333743801)
(0.0901277104 1.75556694 -0.555935557)
(0.221483119 2.39060704 0.571997754)
(0.0963401743 2.23307622 0.705767293)
(0.182705394 2.47056088 0.587921599)
(0.156329312 2.57396185 0.475383853)
(0.136439443 2.54633677 0.357845626)
(0.0937990615 2.50790292 0.244037793)
(0.0554417817 2.47924705 0.139195974)
(-0.000500899315 2.44271406 0.0487611713)
(-0.0669053889 2.36235387 -0.0308634558)
(-0.122238678 2.25159006 -0.0787739578)
(-0.166234422 2.15092972 -0.108200102)
(-0.197295076 2.09111728 -0.142620614)
(-0.222501207 2.06368016 -0.190088841)
(-0.234309 2.04112115 -0.240391777)
(-0.219368672 2.01523998 -0.282314544)
(-0.180350315 2.00163815 -0.309796443)
(-0.125742998 2.02498212 -0.29646424)
(0.0462194102 2.07645486 -0.216973544)
(-0.0519581002 2.02177732 -0.331416423)
(0.0845979005 1.74849853 -0.547413759)
(0.236752087 2.56371667 0.427493875)
(0.149740805 2.14554277 0.639493493)
(0.248786605 2.27781804 0.582811031)
(0.272390405 2.4632067 0.485835502)
(0.260121745 2.53281593 0.378879465)
(0.23765402 2.52910184 0.275740953)
(0.21357435 2.5063204 0.183526595)
(0.179894623 2.48216962 0.104756935)
(0.133989421 2.44641652 0.0370107815)
(0.0782078221 2.37958928 -0.0277312674)
(0.0242175718 2.27213791 -0.0706434585)
(-0.0155168894 2.17099436 -0.103955787)
(-0.0517023234 2.11607906 -0.150065837)
(-0.0890387768 2.08630272 -0.210036848)
(-0.121063385 2.04854555 -0.277744615)
(-0.134386177 1.99369995 -0.34790676)
(-0.136420444 1.96613268 -0.3715428)
(0.0120300855 2.00846242 -0.289846799)
(-0.0487624673 1.99581729 -0.345937477)
(0.0800746173 1.740087 -0.540190571)
(0.230221744 2.81495664 0.279405533)
(0.156742355 2.17695276 0.520000183)
(0.285536805 2.09066602 0.533910143)
(0.357088365 2.23683278 0.469330311)
(0.370415878 2.37889241 0.377901568)
(0.371654982 2.45237377 0.284335541)
(0.369724094 2.47600361 0.201695954)
(0.359236585 2.47632568 0.133456331)
(0.337861106 2.46690618 0.0774056512)
(0.30566661 2.44463778 0.03007833)
(0.254845005 2.38873021 -0.0167401666)
(0.195365799 2.29551816 -0.0613424052)
(0.141412781 2.19606075 -0.101923917)
(0.0910087551 2.13154177 -0.152032681)
(0.0287380503 2.09445944 -0.220809296)
(-0.0188015685 2.03362062 -0.310583245)
(-0.0925841355 1.95906523 -0.391042082)
(0.000492930089 1.94400172 -0.35018132)
(-0.0477618969 1.96140537 -0.369741339)
(0.0793396452 1.73118695 -0.533838485)
(0.281833729 3.23492566 0.148408017)
(0.161137632 2.48938624 0.395986415)
(0.286194107 2.07934923 0.458510039)
(0.389648047 2.02057406 0.421838785)
(0.433873228 2.10716476 0.348576047)
(0.46048207 2.20507984 0.26882843)
(0.480670721 2.27292117 0.197118061)
(0.489739108 2.3116777 0.138440947)
(0.485776586 2.33274967 0.0925668823)
(0.469657006 2.34445818 0.0578681728)
(0.441059293 2.34673077 0.0305471831)
(0.394877406 2.32440631 0.00242306273)
(0.326963359 2.2606573 -0.0355542625)
(0.250048427 2.1741591 -0.0839046047)
(0.168728569 2.10711606 -0.147681424)
(0.100056787 2.05500728 -0.23408674)
(-0.00974729593 1.97855472 -0.353114485)
(0.0197979073 1.91629346 -0.369403571)
(-0.0425361455 1.93072915 -0.389892488)
(0.0826726266 1.7240572 -0.526483516)
(0.258872943 3.34115787 -0.056786688)
(0.15693489 2.89154723 0.22260807)
(0.256520151 2.33282889 0.351018556)
(0.368008924 2.01983327 0.339982201)
(0.439531253 1.91905446 0.28274589)
(0.491209444 1.91757825 0.220338202)
(0.52904704 1.94539752 0.164321678)
(0.550013435 1.97507122 0.118426702)
(0.554263816 2.00216768 0.0839444673)
(0.544459545 2.03201275 0.0605234488)
(0.522814296 2.07148534 0.0461365276)
(0.488464083 2.1170446 0.0357195496)
(0.437509204 2.14893225 0.0210954069)
(0.368928634 2.142221 -0.00857389442)
(0.281309853 2.0940322 -0.0648065605)
(0.192695322 2.04013088 -0.152830576)
(0.0849685815 1.98273974 -0.280565676)
(0.0585024892 1.91717153 -0.351651449)
(-0.0301118084 1.90858096 -0.393967117)
(0.0889236663 1.72045884 -0.51400722)
(0.0591554137 3.08674573 -0.106762535)
(-0.0306652139 3.02884112 0.203906915)
(0.155984448 2.56709254 0.293774776)
(0.295748721 2.21518754 0.265951958)
(0.407599168 2.01179831 0.213731548)
(0.498771441 1.91001472 0.167410952)
(0.566750502 1.86558295 0.130424784)
(0.611275935 1.84980942 0.102839105)
(0.634819998 1.84654455 0.0852928357)
(0.639316644 1.84847041 0.0771685715)
(0.625130671 1.85630915 0.0757990936)
(0.592171193 1.87839879 0.0768266684)
(0.540279497 1.92106906 0.0735002615)
(0.469491724 1.97049229 0.05559948)
(0.381266916 2.00185613 0.0120033781)
(0.287651214 1.99835962 -0.066937794)
(0.177209255 1.96625668 -0.193177079)
(0.113027128 1.92084684 -0.302766782)
(-0.00509206342 1.89591337 -0.373391754)
(0.0957542334 1.72104099 -0.490362535)
(-0.0227927437 3.18678018 0.00893721824)
(-0.180010234 3.13245681 0.042942643)
(0.13110393 2.93471307 0.0678386885)
(0.315478878 2.77585885 0.0760518432)
(0.475902068 2.65768357 0.0705307285)
(0.613685877 2.57282925 0.0578662834)
(0.720985237 2.51125151 0.0458245719)
(0.798692816 2.46404244 0.0403895835)
(0.850395016 2.41979725 0.0450127305)
(0.877533695 2.36741665 0.0609769689)
(0.878791075 2.29830437 0.0874755366)
(0.850963532 2.20934446 0.11965811)
(0.79060573 2.11111496 0.147442714)
(0.697448217 2.02745606 0.155808173)
(0.575827303 1.97367053 0.128575568)
(0.439479493 1.94678731 0.0528516424)
(0.295894301 1.9397971 -0.0768934689)
(0.187275642 1.92077543 -0.215888132)
(0.0349535976 1.88973183 -0.320986282)
(0.103141695 1.72576464 -0.447909224)
(0.13755359 3.24594326 0.131423346)
(0.0705947009 3.2496543 -0.0761882953)
(0.256114635 3.04849171 -0.164994384)
(0.426983354 2.83956571 -0.153174517)
(0.559773947 2.67442165 -0.120965954)
(0.664636906 2.54897498 -0.0952619862)
(0.745798749 2.45253153 -0.0745467598)
(0.804587885 2.37608722 -0.0527272092)
(0.845045082 2.31958978 -0.0255232321)
(0.873900415 2.28836774 0.0105936133)
(0.894656508 2.27914935 0.0589273419)
(0.906144895 2.27710132 0.120181328)
(0.896984874 2.25373779 0.187602859)
(0.849218766 2.1899702 0.242123286)
(0.750151906 2.09691565 0.2562837)
(0.606709446 2.00810972 0.207180135)
(0.436944038 1.95351382 0.0841756182)
(0.278739673 1.92591649 -0.081792429)
(0.0865729211 1.88920083 -0.22814625)
(0.111262199 1.73419817 -0.379371799)
(0.290217863 3.37751261 -0.0390649166)
(0.198087692 2.97575701 -0.215574846)
(0.294809708 2.58858035 -0.254987593)
(0.407502135 2.35727008 -0.229166522)
(0.487552521 2.24697911 -0.189853792)
(0.552743484 2.19705734 -0.151651672)
(0.609747741 2.16936341 -0.11614597)
(0.655751569 2.14494063 -0.0806710526)
(0.688020024 2.11200505 -0.0427121337)
(0.706293356 2.06586152 -0.00270650682)
(0.720386554 2.03345647 0.0409956488)
(0.743901498 2.04541925 0.0982316947)
(0.778960657 2.10162784 0.177982164)
(0.802841213 2.1559579 0.270796813)
(0.778038322 2.1549922 0.341115161)
(0.684323138 2.09266492 0.34477983)
(0.528868818 2.01502454 0.254047644)
(0.354918951 1.95652245 0.0863449171)
(0.13699657 1.89782058 -0.0959279927)
(0.118661365 1.74595178 -0.281884538)
(0.253809927 2.99678235 -0.212939568)
(0.0971006394 2.45878971 -0.354040647)
(0.233381827 2.26992948 -0.342540429)
(0.342247534 2.25929157 -0.312391935)
(0.407362023 2.29663617 -0.270421711)
(0.462635733 2.32700544 -0.223712513)
(0.516566858 2.33715068 -0.178977555)
(0.565895225 2.3277538 -0.13359257)
(0.605391924 2.30079344 -0.0822951698)
(0.628570645 2.24952522 -0.0277342026)
(0.629473429 2.16114244 0.0212830137)
(0.619315672 2.0617753 0.0670535303)
(0.626348397 2.01605449 0.132813228)
(0.661563992 2.05348348 0.238441062)
(0.689231231 2.11638149 0.359844287)
(0.659060398 2.12578119 0.433213674)
(0.548647485 2.07406335 0.400773982)
(0.391046447 2.00178584 0.258446082)
(0.171313573 1.91797992 0.0598721797)
(0.124142263 1.76168435 -0.160098846)
(0.226968427 2.68541392 -0.308858001)
(0.0543526716 2.34171218 -0.431777563)
(0.2029147 2.33825889 -0.415731008)
(0.274704349 2.40148092 -0.384634778)
(0.31877123 2.44336743 -0.330433935)
(0.36273859 2.45023115 -0.277711627)
(0.411218841 2.43214923 -0.232900958)
(0.46341192 2.40337397 -0.186015945)
(0.513857244 2.37492758 -0.126235572)
(0.55513075 2.34893066 -0.050908811)
(0.572267797 2.29744814 0.0246666975)
(0.554728198 2.19012088 0.0797755538)
(0.524762171 2.06548248 0.123921172)
(0.525443944 2.0139527 0.204401768)
(0.55844084 2.05903519 0.340328093)
(0.570325375 2.115326 0.472043048)
(0.508833491 2.10952211 0.509032961)
(0.385841033 2.04563439 0.412367118)
(0.186053025 1.94824809 0.220200979)
(0.127555737 1.78174758 -0.0252628164)
(0.20672833 2.54480749 -0.392829723)
(-0.00846797658 2.38552168 -0.489418813)
(0.154355891 2.4134738 -0.473607147)
(0.169959585 2.4567174 -0.433143494)
(0.212332077 2.46922055 -0.371329054)
(0.253561536 2.4496864 -0.324216169)
(0.297315259 2.40940134 -0.2877082)
(0.347935668 2.36439089 -0.2451203)
(0.401369017 2.32795277 -0.182540694)
(0.451284745 2.31090608 -0.0952740663)
(0.490387312 2.30766329 0.00727687061)
(0.495660024 2.26365014 0.093670915)
(0.460817905 2.14956295 0.144248747)
(0.427501228 2.03907309 0.198296221)
(0.436526559 2.02954851 0.31769577)
(0.461472585 2.09255965 0.479775072)
(0.43661904 2.12509883 0.578984917)
(0.351835801 2.08122992 0.537624537)
(0.180705819 1.98078607 0.367217731)
(0.126222412 1.80263302 0.109409097)
(0.159196842 2.4701062 -0.438151979)
(-0.0788893401 2.43694535 -0.501233014)
(0.0922222221 2.42775679 -0.517343498)
(0.0594509358 2.45171703 -0.470395112)
(0.126273091 2.45616763 -0.413453602)
(0.16543896 2.43694558 -0.370838059)
(0.20299868 2.3932855 -0.338244961)
(0.245181894 2.3392488 -0.300470679)
(0.293664954 2.29165475 -0.237977808)
(0.341514254 2.26150555 -0.144778239)
(0.386202135 2.26285433 -0.0257698901)
(0.413362896 2.26706568 0.0919985731)
(0.396806682 2.20215444 0.168778128)
(0.35295417 2.08218037 0.215576981)
(0.336690526 2.02533009 0.309154042)
(0.357196267 2.07284999 0.47522987)
(0.354512951 2.12900918 0.618874716)
(0.303750349 2.1073901 0.631609943)
(0.16335283 2.01169701 0.492771939)
(0.120878603 1.82227726 0.236566262)
(0.117875959 2.46540773 -0.432093738)
(-0.120119103 2.45928581 -0.493894484)
(0.0138602218 2.42153862 -0.547821416)
(-0.0255948722 2.43044233 -0.505861796)
(0.0560711734 2.43608686 -0.460050081)
(0.0912974482 2.43174023 -0.412238886)
(0.126542846 2.39824124 -0.376765628)
(0.156088274 2.34238248 -0.343935365)
(0.192955252 2.28541039 -0.285911061)
(0.235789872 2.24265099 -0.190918551)
(0.277539257 2.22740909 -0.064194616)
(0.315619218 2.24341234 0.0759974646)
(0.320645057 2.22040121 0.183432886)
(0.284012694 2.11686587 0.240256088)
(0.253351027 2.0300193 0.313986945)
(0.264871791 2.0551602 0.468473142)
(0.27461488 2.12390691 0.637572069)
(0.25202886 2.12340364 0.696686447)
(0.140333673 2.03796389 0.59435719)
(0.114168031 1.83900298 0.351388892)
(0.0929868831 2.48342987 -0.385732948)
(-0.14726761 2.46866878 -0.477518249)
(-0.0535762963 2.42577331 -0.554090207)
(-0.0799778944 2.40852963 -0.545016007)
(-0.0115823349 2.40799246 -0.507506696)
(0.0292740626 2.41846675 -0.453376309)
(0.0694973171 2.40765109 -0.406623968)
(0.0874791594 2.3619586 -0.372436071)
(0.106126157 2.29805939 -0.322601842)
(0.140297203 2.24706485 -0.23123339)
(0.17682404 2.2164706 -0.101301776)
(0.216835096 2.22356118 0.0517779095)
(0.238317621 2.22266084 0.186002251)
(0.216219172 2.14121082 0.261845572)
(0.181162865 2.03620493 0.325534442)
(0.184515148 2.03466903 0.462040368)
(0.201357163 2.10752235 0.641205146)
(0.202047563 2.12682162 0.736923933)
(0.115293632 2.05635788 0.672934606)
(0.107144575 1.85128807 0.452154325)
(0.0847677019 2.49925057 -0.320047668)
(-0.161168308 2.50211817 -0.447891349)
(-0.0804724709 2.45285139 -0.547827736)
(-0.113642286 2.40768918 -0.579543171)
(-0.0584200787 2.38200583 -0.552072968)
(-0.0174406268 2.39006066 -0.500431676)
(0.0297235084 2.40361652 -0.434464773)
(0.0448603288 2.38521519 -0.385850275)
(0.0436794556 2.32252412 -0.342417366)
(0.0600141914 2.2622131 -0.262656758)
(0.090241864 2.22401077 -0.13447554)
(0.126202668 2.2159396 0.0238984216)
(0.157828506 2.2220056 0.178271944)
(0.151783619 2.16074269 0.276292765)
(0.119557587 2.04608476 0.338836971)
(0.11592312 2.01144664 0.455686282)
(0.136128734 2.07756792 0.63356606)
(0.156139368 2.11450059 0.75644181)
(0.0897058302 2.06372865 0.730813607)
(0.0997197058 1.85797478 0.537868295)
(0.0878380578 2.5177616 -0.251902852)
(-0.155122676 2.55480324 -0.417915773)
(-0.0623894575 2.51132618 -0.534898407)
(-0.112178282 2.44428757 -0.601017652)
(-0.0675208921 2.37952774 -0.586864009)
(-0.042933097 2.3603566 -0.547182601)
(0.00421840717 2.37482872 -0.466113905)
(0.0253774588 2.39468189 -0.390356309)
(0.0127042256 2.35318072 -0.340461247)
(0.000510801536 2.28198931 -0.278772287)
(0.0194830362 2.24133308 -0.16159031)
(0.0468983254 2.21894914 -0.00348140876)
(0.0833443306 2.2232419 0.163018692)
(0.0928243017 2.17889691 0.28255845)
(0.0691953792 2.06378476 0.351093028)
(0.0603913713 1.99222541 0.449487295)
(0.0798374121 2.03637372 0.617703882)
(0.115421937 2.08545401 0.759108269)
(0.0640789038 2.05837477 0.770794003)
(0.0919075355 1.85865429 0.607896937)
(0.0996803389 2.53578221 -0.196137901)
(-0.135712977 2.61718645 -0.4030086)
(-0.000681635012 2.58941126 -0.522662135)
(-0.0763024081 2.51393856 -0.6093223)
(-0.0327185141 2.41450302 -0.603954658)
(-0.0350988739 2.35493233 -0.579670683)
(-0.0026547581 2.33343955 -0.496923062)
(0.0187007577 2.37348208 -0.395123483)
(0.0105733766 2.37985539 -0.319559401)
(-0.0307205812 2.30783623 -0.271302221)
(-0.0378700253 2.25565412 -0.179427783)
(-0.0163110335 2.23561647 -0.0293288804)
(0.0176248662 2.22992244 0.141784467)
(0.0404699246 2.19764578 0.280583301)
(0.0294982734 2.09082832 0.360072633)
(0.0195518103 1.98695368 0.444006186)
(0.0336245186 1.99265353 0.597121607)
(0.080391508 2.04335556 0.748748212)
(0.0386908833 2.04145768 0.796092277)
(0.083723922 1.85372154 0.66187736)
(0.115678324 2.54816848 -0.161379049)
(-0.114779827 2.67150038 -0.410277429)
(0.0773398408 2.65823799 -0.530246877)
(-0.0232017732 2.58515374 -0.603939562)
(0.0290080663 2.46985702 -0.607771699)
(0.00574963109 2.38081256 -0.588056855)
(0.0154590108 2.30777278 -0.512857602)
(0.0170651053 2.32319113 -0.402814139)
(0.0228639493 2.38476828 -0.291443163)
(-0.0293490672 2.34117252 -0.235669779)
(-0.0744969943 2.2641077 -0.175468321)
(-0.0640470252 2.24949529 -0.0488861325)
(-0.0366212301 2.24125714 0.115660813)
(-0.00553433887 2.21698844 0.267818135)
(-0.00187912874 2.12576315 0.3636168)
(-0.00637980052 2.00230128 0.440330024)
(-0.00190481534 1.95915723 0.575337368)
(0.0513776669 1.99652236 0.72938924)
(0.0136099706 2.01658993 0.809859444)
(0.0749281655 1.84471101 0.700016856)
(0.135607023 2.55304466 -0.148698053)
(-0.0972534331 2.70086936 -0.436697304)
(0.127410374 2.69338435 -0.560739543)
(0.0264035402 2.6233095 -0.598164168)
(0.0798130826 2.50624059 -0.609769883)
(0.0581236616 2.4066537 -0.580720299)
(0.0512457432 2.30768687 -0.50468559)
(0.0243818225 2.27157177 -0.402130142)
(0.0283351209 2.35079096 -0.272259564)
(-0.00351793785 2.37886892 -0.180924831)
(-0.0823762918 2.28184616 -0.141206932)
(-0.108653534 2.23093265 -0.0548222671)
(-0.0825989627 2.23897977 0.0906300181)
(-0.0473901366 2.2270118 0.244220665)
(-0.0276510314 2.15911482 0.358316655)
(-0.0219730915 2.03519178 0.436870076)
(-0.0286258628 1.94613053 0.554942971)
(0.0286274338 1.95483778 0.706910204)
(-0.0109560182 1.99029829 0.815163028)
(0.0647262904 1.83207971 0.722305251)
(0.153764838 2.56035003 -0.155775608)
(-0.0767396832 2.7013172 -0.473322736)
(0.137629412 2.69171402 -0.591117933)
(0.044155971 2.61899911 -0.604265784)
(0.103772147 2.49535668 -0.617876949)
(0.0900552025 2.39210308 -0.574351255)
(0.0812871236 2.30529319 -0.480956261)
(0.0393810201 2.24290733 -0.380997918)
(0.0197826051 2.29023341 -0.263904925)
(0.0213860955 2.39568347 -0.133788719)
(-0.0520140364 2.33742543 -0.0811530137)
(-0.125065092 2.22719254 -0.0375097592)
(-0.124495123 2.20587472 0.070090394)
(-0.0880758813 2.21006431 0.213306092)
(-0.0535302232 2.17271196 0.339518537)
(-0.0336743556 2.06886111 0.429744362)
(-0.0470495567 1.95386608 0.539646323)
(0.0100262044 1.92553445 0.687648288)
(-0.038796672 1.96378164 0.811257763)
(0.0532315249 1.82157095 0.731120836)
(0.166060239 2.571535 -0.177847752)
(-0.0600397102 2.69583731 -0.506548237)
(0.123037799 2.6676409 -0.607908637)
(0.0306748907 2.5819785 -0.616929392)
(0.101301498 2.43667997 -0.634717898)
(0.0866970001 2.32802005 -0.573042278)
(0.0827546701 2.27172315 -0.45671111)
(0.0454324637 2.2287995 -0.346230625)
(0.00645323884 2.24377519 -0.2503647)
(0.0127503411 2.36620915 -0.118271892)
(-0.00189642106 2.41381344 -0.0142277756)
(-0.0870308601 2.29054268 0.0143399213)
(-0.140264662 2.18912495 0.0673756657)
(-0.122361967 2.17004007 0.179344737)
(-0.0811130498 2.15376085 0.307450035)
(-0.0483319369 2.08386451 0.416512867)
(-0.0621621631 1.97059975 0.529562063)
(-0.012413985 1.91209774 0.674617799)
(-0.0689567341 1.96154666 0.806562673)
(0.0395111159 1.78816667 0.716651867)
(0.171509025 2.57302804 -0.209557468)
(-0.0581157742 2.70152273 -0.523687776)
(0.0936312126 2.63595356 -0.612615874)
(0.00417279129 2.52304876 -0.630874784)
(0.0752240305 2.34766982 -0.652709692)
(0.05188218 2.23872153 -0.57033791)
(0.0502847153 2.2142738 -0.437158591)
(0.0256375449 2.21315318 -0.314289726)
(-0.0111401452 2.23045951 -0.229030775)
(-0.0161514833 2.33328564 -0.118509181)
(0.00115958466 2.4351503 0.0148458711)
(-0.0361327509 2.39138282 0.0797937884)
(-0.110125939 2.24715858 0.100737598)
(-0.134403641 2.1569247 0.159699366)
(-0.106289131 2.121608 0.2712093)
(-0.0716308145 2.07557316 0.397680724)
(-0.0804309611 1.98226782 0.522924941)
(-0.0461364526 1.91560988 0.669594068)
(-0.102437085 1.98829392 0.803214389)
(0.0207976363 1.72049842 0.674124738)
(0.171368978 2.56167389 -0.241455513)
(-0.0727319237 2.71211413 -0.516465892)
(0.0559853632 2.60145408 -0.611118129)
(-0.0261379157 2.44927031 -0.641265578)
(0.0254092997 2.2541238 -0.660956088)
(-0.00417581629 2.15980949 -0.560718917)
(-0.00799567525 2.16390629 -0.421204633)
(-0.0210050819 2.2010447 -0.294477043)
(-0.0419101071 2.24581567 -0.211637712)
(-0.0498676635 2.34155383 -0.117993637)
(-0.0316594539 2.44267305 0.0112382226)
(-0.0296597676 2.45602421 0.11797143)
(-0.0749360455 2.34281802 0.152052063)
(-0.121711661 2.2041783 0.171758956)
(-0.122662193 2.11498717 0.248974563)
(-0.103657358 2.05728996 0.380552068)
(-0.110189045 1.98275815 0.521338751)
(-0.0984399908 1.94203682 0.674479522)
(-0.139530773 2.03357508 0.794057552)
(-0.00542198043 1.60107217 0.599703943)
(0.167374809 2.55295896 -0.262208434)
(-0.0986762156 2.71831595 -0.486967286)
(0.0117186393 2.56423348 -0.599873172)
(-0.0649838463 2.37143824 -0.646333043)
(-0.0459941398 2.18239599 -0.652233252)
(-0.0726938181 2.11499285 -0.545448362)
(-0.0819292545 2.14429238 -0.406840705)
(-0.0853204604 2.21183153 -0.286969921)
(-0.0908582577 2.29017038 -0.205724404)
(-0.093727848 2.38964061 -0.118629777)
(-0.0804346462 2.47832093 0.0036330954)
(-0.0653237706 2.50177041 0.124882455)
(-0.0749068662 2.42594139 0.187509565)
(-0.11159836 2.277562 0.201723763)
(-0.13838768 2.1333883 0.252867748)
(-0.148175587 2.03840226 0.379371315)
(-0.16442739 1.98307655 0.533285157)
(-0.172623655 2.00222344 0.688179074)
(-0.177812924 2.0649045 0.762434662)
(-0.0367069771 1.40837216 0.4911337)
(0.153577113 2.56704132 -0.263663485)
(-0.128703089 2.71380894 -0.443730416)
(-0.0384934907 2.52402584 -0.572164232)
(-0.121078887 2.30797281 -0.638001469)
(-0.126260387 2.14220203 -0.630828466)
(-0.153659043 2.10493861 -0.524849944)
(-0.164455485 2.15965757 -0.393303175)
(-0.164146147 2.25497547 -0.287450466)
(-0.161252579 2.36046405 -0.209862628)
(-0.159886888 2.4621478 -0.121751336)
(-0.150245886 2.53177214 -0.00299540292)
(-0.133431092 2.53856102 0.118387912)
(-0.123537394 2.46518934 0.19718045)
(-0.14279008 2.31071892 0.227873074)
(-0.184988191 2.13578738 0.28109056)
(-0.222357377 2.03204095 0.406694122)
(-0.252073615 2.02774952 0.563930954)
(-0.257687721 2.1014636 0.69640891)
(-0.211656906 2.02561112 0.691407319)
(-0.068832085 1.0920883 0.352510869)
(0.133911697 2.5951303 -0.23652831)
(-0.157813746 2.70012116 -0.387937796)
(-0.0997300283 2.48755181 -0.527205728)
(-0.190800507 2.27007239 -0.609935027)
(-0.214995784 2.13043971 -0.599920692)
(-0.244915251 2.11688192 -0.49927849)
(-0.257515829 2.19446676 -0.380601044)
(-0.259340974 2.31350224 -0.289196325)
(-0.258003997 2.43425859 -0.215309807)
(-0.257506606 2.52833676 -0.124139889)
(-0.250776132 2.5687137 -0.00718848298)
(-0.236386409 2.54001386 0.109274395)
(-0.224911161 2.44162645 0.194972577)
(-0.239902325 2.28795538 0.251683356)
(-0.286992676 2.14537747 0.328648276)
(-0.334505417 2.09846167 0.456606622)
(-0.358693937 2.14199194 0.59585925)
(-0.332398424 2.13132229 0.670272008)
(-0.236927077 1.70617469 0.563806603)
(-0.0849871264 0.501313541 0.186734778)
(0.115512417 2.61888099 -0.177418213)
(-0.188101036 2.68672942 -0.315369553)
(-0.16635149 2.46441185 -0.462628922)
(-0.269965248 2.2589482 -0.561722014)
(-0.311178725 2.13581022 -0.558834564)
(-0.345368315 2.13163294 -0.468438576)
(-0.362403312 2.22136422 -0.362963775)
(-0.373610356 2.35232239 -0.283328136)
(-0.382678795 2.47584606 -0.213089696)
(-0.388233256 2.55831873 -0.121162469)
(-0.385646391 2.57358397 -0.00681570295)
(-0.377432875 2.51919312 0.105819401)
(-0.374180091 2.41693943 0.200323827)
(-0.39172802 2.30565833 0.283747733)
(-0.430363154 2.23540237 0.3823972)
(-0.460736203 2.22128154 0.501225721)
(-0.449995234 2.17537582 0.595943319)
(-0.371553981 1.89047362 0.587089373)
(-0.221355269 1.15291961 0.392663982)
(-0.0313179572 0.150911034 0.044529784)
(0.10060622 2.6347818 -0.0905125567)
(-0.217079486 2.67798321 -0.221502203)
(-0.231128788 2.46113983 -0.375510036)
(-0.352032532 2.27154754 -0.492701311)
(-0.41111467 2.14964838 -0.506143715)
(-0.451503512 2.13374837 -0.43033157)
(-0.474705957 2.21430632 -0.334719362)
(-0.499281981 2.33878475 -0.261664946)
(-0.524628661 2.45518408 -0.196006002)
(-0.541655634 2.53512612 -0.108530499)
(-0.546732105 2.55705504 0.00115603684)
(-0.54650104 2.51669324 0.114138717)
(-0.548905012 2.44188584 0.218280378)
(-0.560221247 2.3646164 0.317485432)
(-0.571800669 2.28942205 0.417747638)
(-0.557610372 2.16865584 0.504256521)
(-0.48884548 1.89953394 0.529699298)
(-0.349866675 1.3952806 0.432356531)
(-0.159394703 0.769054846 0.196881849)
(-0.0111975167 0.408473108 -0.0302351233)
(0.0925795147 2.64328099 0.0193105703)
(-0.240107599 2.67777974 -0.106284165)
(-0.284940534 2.47975036 -0.264495584)
(-0.42667697 2.30695921 -0.401832478)
(-0.506287144 2.1735963 -0.440358078)
(-0.555452828 2.12262278 -0.384871657)
(-0.582102542 2.16550484 -0.295572916)
(-0.615011391 2.26055918 -0.221504719)
(-0.65637063 2.35430143 -0.158759223)
(-0.690674703 2.42277762 -0.0800748362)
(-0.707487928 2.45127468 0.0207637451)
(-0.710229323 2.4277929 0.129910712)
(-0.704811036 2.36024693 0.233366126)
(-0.688619878 2.25451028 0.326667635)
(-0.649521083 2.0954312 0.40123073)
(-0.569159758 1.84909659 0.433953007)
(-0.433812252 1.49872289 0.388844066)
(-0.25196027 1.10468111 0.243640753)
(-0.0866796766 0.789766735 0.0383343309)
(-0.0664729727 0.357943529 -0.0957288174)
(0.085558727 2.64870877 0.141878539)
(-0.253654838 2.68613924 0.0239930802)
(-0.315776164 2.51865586 -0.131452604)
(-0.478720985 2.36738298 -0.288190452)
(-0.581989813 2.22152035 -0.359298014)
(-0.645558579 2.12133654 -0.334409873)
(-0.671850759 2.0987099 -0.255312638)
(-0.696448612 2.13811241 -0.17451922)
(-0.735165038 2.18924707 -0.108410173)
(-0.773553526 2.22167931 -0.0388638073)
(-0.792308304 2.22546141 0.0456586338)
(-0.787429219 2.18967011 0.135634156)
(-0.758189207 2.10551823 0.217775899)
(-0.698453859 1.97111068 0.280417882)
(-0.601023865 1.78654731 0.310229053)
(-0.462274015 1.56079365 0.290604078)
(-0.291893533 1.32665247 0.21233135)
(-0.133536093 1.13045519 0.0974010687)
(-0.0802545682 0.972601508 -0.00728367281)
(0.00991675785 0.888361442 -0.178718138)
(0.084962472 2.65034873 0.266494131)
(-0.246485016 2.70233111 0.161839375)
(-0.309791291 2.57299406 0.0187544194)
(-0.488889952 2.45262037 -0.152485932)
(-0.615765542 2.31054144 -0.258376566)
(-0.704312705 2.17180847 -0.276396337)
(-0.739762403 2.07371125 -0.2246168)
(-0.746760272 2.03455512 -0.145289439)
(-0.75407095 2.02828316 -0.0728709321)
(-0.768022195 2.01839157 -0.0127326097)
(-0.770953317 1.98827136 0.0457428238)
(-0.74640094 1.93331896 0.103325147)
(-0.688215275 1.8479357 0.149243702)
(-0.594225654 1.73224515 0.171538517)
(-0.467127864 1.59453589 0.162775709)
(-0.318643134 1.44747754 0.122420111)
(-0.170995257 1.30149255 0.0635815657)
(-0.0630387645 1.16812467 0.011999601)
(-0.0725238778 1.15330149 -0.033860869)
(0.11439046 1.46268169 -0.202645035)
(0.0912356661 2.64791652 0.380021814)
(-0.220016941 2.71906005 0.291462185)
(-0.25935077 2.62942918 0.173252278)
(-0.440112337 2.55095683 -0.000595509713)
(-0.579330404 2.43876417 -0.132773367)
(-0.697812874 2.30217597 -0.19615187)
(-0.767311077 2.15968898 -0.191358024)
(-0.788242133 2.04435158 -0.140091536)
(-0.776010039 1.96625823 -0.0717721805)
(-0.750654863 1.90913668 -0.00981539499)
(-0.719596982 1.84992908 0.0361910723)
(-0.674782801 1.77688873 0.0661235182)
(-0.604739513 1.69159437 0.0796551821)
(-0.507829785 1.59990275 0.0735650301)
(-0.390230345 1.51016301 0.0481101669)
(-0.261961959 1.42967824 0.0108728759)
(-0.127164614 1.35851846 -0.0239758272)
(0.0132693379 1.32156385 -0.0496995359)
(0.0262526287 1.44339538 -0.0931099904)
(0.151163778 1.5717083 -0.140586827)
(0.102683512 2.64160566 0.470191808)
(-0.182972295 2.73043362 0.394560912)
(-0.176133778 2.67202572 0.310391193)
(-0.334966226 2.63244368 0.148829127)
(-0.456528047 2.5657033 0.0117998225)
(-0.585646723 2.47630856 -0.0809448789)
(-0.689092164 2.35995167 -0.120245129)
(-0.758127228 2.2311762 -0.11604667)
(-0.785574222 2.11119244 -0.084225584)
(-0.777577829 2.01564826 -0.0432582216)
(-0.743092832 1.94610266 -0.00888533476)
(-0.68950773 1.89772282 0.00826449727)
(-0.620593424 1.8652224 0.00262892717)
(-0.53631851 1.84254444 -0.0268009575)
(-0.437535104 1.81500454 -0.0770611159)
(-0.324854305 1.75879459 -0.136749503)
(-0.194159994 1.6555537 -0.181055633)
(-0.0429443713 1.52388289 -0.177981029)
(0.0392185382 1.48993056 -0.133183503)
(0.15544681 1.55065007 -0.0652651726)
(0.115244803 2.63238396 0.530833662)
(-0.147159799 2.73426457 0.460900652)
(-0.085394564 2.69636586 0.4109744)
(-0.219436472 2.67855614 0.261934871)
(-0.293446013 2.62550866 0.136795651)
(-0.387480486 2.5808456 0.0445615564)
(-0.479638536 2.53964428 -0.0111236827)
(-0.561326027 2.48671371 -0.0374889276)
(-0.62085847 2.42122662 -0.0453208429)
(-0.652196382 2.35643339 -0.0430180133)
(-0.654935429 2.30316657 -0.0405758953)
(-0.633604277 2.26509535 -0.0470272704)
(-0.593925622 2.23760972 -0.0693954998)
(-0.541094248 2.20947064 -0.112006938)
(-0.479080716 2.16194871 -0.174976286)
(-0.408336703 2.06383401 -0.2506216)
(-0.324816 1.86656438 -0.316697341)
(-0.227958702 1.53095238 -0.332116114)
(-0.1196519 1.15863828 -0.247421974)
(0.107484702 1.26811308 -0.0208918469)
(0.127088664 2.62138855 0.562690266)
(-0.120082626 2.73092192 0.494428264)
(-0.005772086 2.70316054 0.472751411)
(-0.127610653 2.70732153 0.332892642)
(-0.166352499 2.64587668 0.218261143)
(-0.242851089 2.57014402 0.122054721)
(-0.306371983 2.51279664 0.0675043519)
(-0.360391249 2.49421123 0.0383824379)
(-0.403431702 2.49268231 0.0187702785)
(-0.433669848 2.48408774 0.00308674117)
(-0.449489685 2.46641551 -0.0133921081)
(-0.450079608 2.44396713 -0.0362282669)
(-0.437041673 2.42038342 -0.0713814405)
(-0.413444662 2.39886235 -0.122740493)
(-0.383714144 2.37976603 -0.192331754)
(-0.351572381 2.34940276 -0.278791229)
(-0.316114053 2.25175632 -0.371138179)
(-0.269124204 1.95324813 -0.428751326)
(-0.185405298 1.2883869 -0.354942388)
(-0.0350905945 0.392884846 -0.0750115474)
(0.139310352 2.61056334 0.572603975)
(-0.101980853 2.72387264 0.504977858)
(0.05501172 2.69194915 0.499058682)
(-0.0628750574 2.72164804 0.377638624)
(-0.0662866889 2.66381217 0.282354915)
(-0.142440526 2.56242625 0.183871264)
(-0.206396182 2.45850293 0.122450905)
(-0.267619747 2.39439029 0.08113135)
(-0.313588576 2.35882862 0.0505217478)
(-0.342770563 2.33096609 0.0229120519)
(-0.356476251 2.3042324 -0.0059094573)
(-0.357829743 2.27613963 -0.0413263797)
(-0.346966579 2.2491789 -0.0869792738)
(-0.325237556 2.23008624 -0.144670701)
(-0.297341089 2.2288417 -0.213775148)
(-0.27141862 2.25599411 -0.294043962)
(-0.252806371 2.30158694 -0.385983072)
(-0.234278161 2.25966812 -0.475426252)
(-0.196296777 1.81561032 -0.469448448)
(-0.0812694449 0.617610461 -0.235012388)
(0.152308947 2.60309573 0.568000427)
(-0.0918750284 2.71395082 0.502768807)
(0.0933191741 2.66830215 0.494765247)
(-0.013937969 2.71605424 0.404944727)
(0.0163832598 2.67802286 0.329819757)
(-0.0563827333 2.57645997 0.243261365)
(-0.109205794 2.44187727 0.184022523)
(-0.168441501 2.34752811 0.136025999)
(-0.212377476 2.30140807 0.0925988274)
(-0.243086502 2.26810324 0.0492065815)
(-0.261825058 2.2288622 0.00543935391)
(-0.267047036 2.18907637 -0.0434017609)
(-0.257964034 2.15329426 -0.102245327)
(-0.236597459 2.12405559 -0.170745739)
(-0.208618266 2.10268355 -0.242949283)
(-0.18270129 2.09848072 -0.314949283)
(-0.173202076 2.13883197 -0.388796208)
(-0.158654001 2.23038789 -0.483430395)
(-0.167705161 2.1864809 -0.541026597)
(-0.0366098145 1.26512917 -0.375382282)
(0.165496258 2.60116757 0.552199977)
(-0.0851746656 2.70112961 0.493717266)
(0.11373397 2.64011366 0.473201697)
(0.0253341488 2.69038977 0.413480112)
(0.0748390953 2.67757664 0.354225518)
(0.0251164257 2.59922777 0.289834786)
(-0.00990683525 2.45848914 0.237031392)
(-0.059144591 2.33912686 0.185641869)
(-0.094053998 2.28347483 0.132969114)
(-0.117398469 2.26017718 0.0791375987)
(-0.131539161 2.23361093 0.0232688083)
(-0.138408139 2.19803461 -0.0401199396)
(-0.129827464 2.16818919 -0.113366116)
(-0.109887186 2.14473945 -0.19263943)
(-0.0899504234 2.11888568 -0.267724245)
(-0.0675762901 2.08421259 -0.332891206)
(-0.0845249921 2.06338314 -0.390523022)
(-0.0586681404 2.08724878 -0.467035866)
(-0.1416742 2.17614663 -0.562254221)
(0.00802711036 1.58905174 -0.482276421)
(0.17908436 2.60451925 0.527836545)
(-0.0774360095 2.68654215 0.480131818)
(0.12350436 2.61353336 0.442456268)
(0.055769781 2.65138352 0.40113894)
(0.113893977 2.6562419 0.356840676)
(0.0964140543 2.60866926 0.313699919)
(0.0802196709 2.49276371 0.270564192)
(0.0498070744 2.36291885 0.221543426)
(0.0232911133 2.27951744 0.16222773)
(0.00480658403 2.24426397 0.0964691551)
(-0.00623994511 2.2204396 0.0272873847)
(-0.00374449592 2.19934231 -0.045887451)
(0.0117255239 2.18632198 -0.128039819)
(0.033581293 2.17515904 -0.208292398)
(0.039740508 2.15560128 -0.278075504)
(0.0516350937 2.11488225 -0.330906581)
(0.00100131165 2.07339732 -0.383614062)
(0.0387778928 2.03075583 -0.434440677)
(-0.100313047 2.09036673 -0.542050976)
(0.0457291268 1.78002733 -0.551688469)
(0.193457383 2.6147883 0.495022569)
(-0.065239306 2.66890105 0.464764152)
(0.128355293 2.59364581 0.406662524)
(0.0816805304 2.60847306 0.37423623)
(0.140377868 2.6173044 0.340226086)
(0.153554725 2.59523386 0.312311731)
(0.157827251 2.51963465 0.280499099)
(0.152478551 2.41073942 0.239072422)
(0.142261338 2.31593893 0.18174351)
(0.134218047 2.25961028 0.111353703)
(0.132525977 2.23059497 0.033008461)
(0.14153209 2.21887044 -0.0534613088)
(0.157515374 2.21456399 -0.14013118)
(0.167343886 2.20285347 -0.21390407)
(0.158621709 2.17914463 -0.270200285)
(0.143907357 2.13717038 -0.307889604)
(0.0820402773 2.0848726 -0.351643057)
(0.0947459709 2.03182501 -0.394440618)
(-0.0552875036 2.0131955 -0.501361236)
(0.0725919088 1.85957453 -0.572985145)
(0.209196195 2.63355686 0.452938274)
(-0.0461728497 2.6428878 0.447288843)
(0.132985175 2.58174051 0.36710328)
(0.106040669 2.56989854 0.336948846)
(0.157910351 2.5681368 0.307197782)
(0.194372547 2.5576395 0.287472301)
(0.219501827 2.51856169 0.265836668)
(0.238545484 2.44973244 0.233547834)
(0.249880658 2.37421888 0.183321912)
(0.256499965 2.31624836 0.114610797)
(0.262493223 2.28214258 0.0317034588)
(0.267876396 2.26267955 -0.0574132826)
(0.265229924 2.24233109 -0.14036504)
(0.250622467 2.2136274 -0.204930936)
(0.223014131 2.17995301 -0.247622294)
(0.192961358 2.13867395 -0.27319806)
(0.127974423 2.08587686 -0.303514017)
(0.120443404 2.03461496 -0.347624296)
(-0.0173074341 2.00619655 -0.462152097)
(0.0882011631 1.85850247 -0.555222435)
(0.22745065 2.67883023 0.393656074)
(-0.00873906391 2.60971901 0.428491877)
(0.146390677 2.58133594 0.336535489)
(0.14119488 2.55341442 0.299905189)
(0.175443701 2.52817806 0.266318137)
(0.218476973 2.50690537 0.244430886)
(0.256127864 2.48135597 0.227471561)
(0.289142067 2.44322046 0.203214374)
(0.313154767 2.39565701 0.16225848)
(0.325308991 2.34954692 0.101225301)
(0.327096353 2.31152001 0.0242434713)
(0.316041674 2.27565904 -0.0571596038)
(0.291191257 2.2368602 -0.129607337)
(0.259107363 2.19597612 -0.183970323)
(0.224003935 2.15874785 -0.218521161)
(0.194027326 2.12095481 -0.236473348)
(0.135827495 2.07636846 -0.257585885)
(0.129920674 2.03199597 -0.302559855)
(-0.000835995411 2.00588414 -0.417943141)
(0.0968651319 1.85449457 -0.52626335)
(0.238607529 2.74328258 0.316951522)
(0.0298060161 2.5503293 0.387218559)
(0.167600825 2.545124 0.2998873)
(0.196470744 2.54592675 0.259194466)
(0.218011933 2.52578888 0.226816502)
(0.253315659 2.49342735 0.201451605)
(0.289117475 2.45815163 0.184530551)
(0.319448447 2.42177546 0.166084031)
(0.339312604 2.38335566 0.135514992)
(0.344350903 2.34356679 0.0878374932)
(0.332254695 2.3021235 0.0259211073)
(0.306349481 2.25995879 -0.0413434767)
(0.272486315 2.21685089 -0.104327748)
(0.237675581 2.17292609 -0.155762347)
(0.205013916 2.13540438 -0.190250119)
(0.179593212 2.10073312 -0.205545356)
(0.130256215 2.06467318 -0.22057054)
(0.131674259 2.03045851 -0.263459605)
(0.00584979397 1.99955359 -0.373798786)
(0.102251713 1.85333772 -0.490851263)
(0.273633924 2.99359456 0.226535533)
(0.107895571 2.61302373 0.358457048)
(0.207825542 2.48950492 0.289717175)
(0.267122652 2.46840842 0.227080573)
(0.294528654 2.46906735 0.186450233)
(0.325884107 2.4637499 0.161100863)
(0.357473357 2.44808639 0.148860867)
(0.37989339 2.42343867 0.140552208)
(0.388732378 2.39179708 0.124952199)
(0.382340205 2.35495183 0.0951917064)
(0.360493808 2.31393148 0.0504678207)
(0.326192175 2.2669781 -0.00620732184)
(0.285608461 2.21198376 -0.0682514752)
(0.24600636 2.15553629 -0.123332001)
(0.20978066 2.11310182 -0.160910369)
(0.18041641 2.08262493 -0.176025581)
(0.132487479 2.05722669 -0.18808381)
(0.135480225 2.03172973 -0.22738588)
(0.0112243483 1.99510472 -0.330578676)
(0.10555724 1.85046463 -0.450565105)
(0.270137942 3.26318385 0.00960624087)
(0.218298258 2.96705073 0.198196279)
(0.297560855 2.72608662 0.232191971)
(0.379744753 2.5781756 0.194244133)
(0.435577118 2.49290369 0.153764148)
(0.479419129 2.43927025 0.132432181)
(0.508140859 2.40248104 0.127996764)
(0.515148283 2.37634286 0.129666374)
(0.501302505 2.35490303 0.12613279)
(0.471303096 2.33047613 0.110033066)
(0.429370459 2.29568131 0.0776609656)
(0.380052966 2.24608792 0.0296005884)
(0.328046863 2.18181994 -0.027985255)
(0.277587797 2.1149325 -0.084232012)
(0.232507126 2.07255197 -0.124909781)
(0.195539716 2.05603073 -0.141565203)
(0.144898648 2.0501202 -0.153155181)
(0.14338257 2.03446214 -0.188979784)
(0.0161419249 1.98977698 -0.284600601)
(0.108246559 1.84782555 -0.406514263)
(0.10860487 3.02066801 -0.128430512)
(-0.00670062938 3.04715335 0.0988312213)
(0.19312489 2.93815997 0.157295449)
(0.355928728 2.83274557 0.118805125)
(0.493954827 2.74500317 0.0855612654)
(0.613518851 2.65868761 0.0895911708)
(0.695408187 2.56797644 0.119092616)
(0.728142188 2.47531177 0.152828117)
(0.712057465 2.38930777 0.173311388)
(0.656645535 2.31712296 0.170679834)
(0.575764842 2.25650452 0.142492174)
(0.484067456 2.19458498 0.0914618447)
(0.3949855 2.12109984 0.0258788315)
(0.319385778 2.0493145 -0.0384553991)
(0.259535295 2.00909741 -0.0837392926)
(0.214189682 2.01137289 -0.102023393)
(0.160605223 2.03449581 -0.112937349)
(0.152151984 2.03381602 -0.144965433)
(0.0194304414 1.9821526 -0.23449666)
(0.110610612 1.84491481 -0.359224868)
(-0.0197988282 3.08725846 0.0380246608)
(-0.22827871 3.07349933 0.0278778091)
(0.0603289794 2.9851034 -0.0681807549)
(0.236156628 2.87164608 -0.132413491)
(0.415534251 2.76498747 -0.136420688)
(0.577259682 2.6968169 -0.090902802)
(0.709451039 2.67062764 -0.0109137254)
(0.804656385 2.64842269 0.0844734772)
(0.850824791 2.5906398 0.172542045)
(0.839221592 2.49438438 0.23024497)
(0.771061644 2.37743616 0.242475293)
(0.660592121 2.25767769 0.207006333)
(0.530991462 2.14026863 0.134500209)
(0.40673252 2.02869179 0.0482708454)
(0.304484797 1.95438625 -0.019672994)
(0.233667464 1.95281812 -0.0517342359)
(0.171954489 2.00392586 -0.0664711679)
(0.156948456 2.02374573 -0.0958488504)
(0.0189259936 1.96997946 -0.181483008)
(0.11239196 1.84169269 -0.310603501)
(0.0674858531 3.11769366 0.132936066)
(-0.0846115325 3.15245256 -0.128045738)
(0.195500007 2.90396284 -0.301911868)
(0.380438858 2.61160452 -0.337601521)
(0.519257067 2.38802076 -0.294152911)
(0.623424208 2.25826318 -0.212257238)
(0.694213495 2.21536923 -0.114890642)
(0.748889871 2.27311267 -0.0092760219)
(0.804855623 2.39174861 0.105565662)
(0.84565318 2.48079808 0.215875988)
(0.84175651 2.48359783 0.293818206)
(0.77576579 2.39958673 0.314120308)
(0.654111227 2.25691485 0.269940789)
(0.502711911 2.08424086 0.180352905)
(0.355959226 1.93677523 0.0850097747)
(0.248601775 1.89676002 0.0215516)
(0.172648513 1.96129656 -0.0113544293)
(0.153637807 2.0005134 -0.0445084792)
(0.0136567411 1.95142753 -0.12923611)
(0.113287032 1.83828068 -0.263395854)
(0.154689747 3.15897206 0.143487035)
(0.173829661 3.05719427 -0.189407206)
(0.347195846 2.63389261 -0.435119864)
(0.498056016 2.26770389 -0.477331343)
(0.590329122 2.07033811 -0.403279198)
(0.647351025 1.98989358 -0.285778589)
(0.684359753 1.95866732 -0.160122814)
(0.703926543 1.94462154 -0.0428870687)
(0.716752855 2.0042712 0.0642112618)
(0.742781228 2.15948784 0.175317804)
(0.771564999 2.32794117 0.287331082)
(0.765116134 2.40651604 0.368163951)
(0.694768438 2.3520669 0.382887156)
(0.563490059 2.18175829 0.324033875)
(0.403114072 1.97369288 0.220963636)
(0.264398609 1.86502361 0.122074662)
(0.166370888 1.91113983 0.0544869094)
(0.142918182 1.96252121 0.00725688244)
(0.00571784072 1.92677581 -0.0813573092)
(0.113174284 1.8349823 -0.219993265)
(0.264786698 3.36615162 -0.0297919973)
(0.249729022 2.76779981 -0.416983847)
(0.39171721 2.23978327 -0.591500098)
(0.508292524 2.00744431 -0.572536518)
(0.551311468 1.97721943 -0.458099029)
(0.567094466 2.01562538 -0.3155685)
(0.580664894 2.03811319 -0.177035369)
(0.591572622 2.00796038 -0.0538246401)
(0.596992161 1.94927523 0.0515825017)
(0.607522456 1.96016002 0.150019923)
(0.636317778 2.09143683 0.260446241)
(0.665506413 2.26237709 0.374351892)
(0.653279487 2.34007952 0.448979562)
(0.573305091 2.25294017 0.445119592)
(0.436061767 2.04478576 0.363008021)
(0.288856926 1.87494703 0.243854381)
(0.169162296 1.86925686 0.136203561)
(0.132842021 1.91480182 0.0609571344)
(-0.00034380205 1.8985685 -0.038748865)
(0.112128084 1.83204626 -0.180801728)
(0.263943197 3.04080578 -0.239267088)
(0.212432548 2.31451442 -0.610889544)
(0.356277052 2.02588554 -0.693546169)
(0.442505891 2.02422742 -0.616776362)
(0.451783309 2.13458128 -0.475515068)
(0.45055132 2.2456684 -0.325473193)
(0.46026753 2.30155395 -0.18538908)
(0.47090881 2.27799332 -0.0612647881)
(0.473713059 2.16552795 0.0420317048)
(0.475205972 2.03164468 0.13034251)
(0.49371867 1.99881271 0.227030165)
(0.533506742 2.10618915 0.347474088)
(0.563875237 2.24420162 0.46413011)
(0.542510766 2.26259084 0.521315825)
(0.45296356 2.11710318 0.485179388)
(0.323251364 1.92761626 0.372613378)
(0.192140675 1.8589632 0.235775155)
(0.133932242 1.87424855 0.123402197)
(0.00179778125 1.8719766 0.00325900532)
(0.110456947 1.82973035 -0.143004744)
(0.235635595 2.67226726 -0.39834481)
(0.169451026 2.14956381 -0.754984207)
(0.304819804 2.06561567 -0.764622468)
(0.348268322 2.15573174 -0.636002576)
(0.335326946 2.30002624 -0.478106415)
(0.333007547 2.41849218 -0.336525821)
(0.35092983 2.48427038 -0.203554981)
(0.37220553 2.49541024 -0.0762722222)
(0.38066534 2.42003455 0.0341306671)
(0.37544554 2.25229096 0.120151093)
(0.377216524 2.08821186 0.199805797)
(0.407852144 2.04956888 0.305617147)
(0.457839929 2.1378426 0.437546012)
(0.485443756 2.21578237 0.544604748)
(0.452316022 2.16004576 0.567323257)
(0.359991118 2.00235056 0.489148887)
(0.234247915 1.89107084 0.346877706)
(0.154248205 1.86020505 0.202314468)
(0.0168218386 1.85413115 0.0549564413)
(0.10968 1.82875892 -0.101066901)
(0.237381855 2.55177917 -0.54082774)
(0.123112027 2.16108364 -0.85981415)
(0.244981446 2.13422263 -0.802143642)
(0.243492647 2.23543182 -0.630832283)
(0.226156046 2.38018646 -0.472549274)
(0.225763945 2.48010511 -0.353217595)
(0.248850548 2.53199662 -0.229192259)
(0.275181513 2.56119578 -0.0999154835)
(0.296407817 2.55477218 0.0196210767)
(0.300738398 2.4549983 0.112939423)
(0.296121 2.27610275 0.183531156)
(0.310202184 2.12490998 0.265619197)
(0.357634533 2.09624295 0.386923441)
(0.413692053 2.15233752 0.52095314)
(0.430722639 2.16210223 0.600408031)
(0.384796404 2.06753374 0.576312745)
(0.280379682 1.95168805 0.456013366)
(0.188541878 1.87983949 0.296132803)
(0.0421538532 1.85238378 0.123347125)
(0.111178188 1.83064007 -0.0499927276)
(0.221277062 2.47716452 -0.664909897)
(0.0642895596 2.1817229 -0.923192608)
(0.189138819 2.17727587 -0.815174859)
(0.149462192 2.27548772 -0.616133247)
(0.143444161 2.41712064 -0.468494334)
(0.132901205 2.49791645 -0.373359773)
(0.154522846 2.52905236 -0.252831716)
(0.175147723 2.54714044 -0.121797103)
(0.198105122 2.56571434 0.000588164989)
(0.21840533 2.54136513 0.10052011)
(0.226925688 2.42964068 0.171076067)
(0.237861313 2.26719476 0.234748328)
(0.274928979 2.14712607 0.331527697)
(0.337775884 2.12544396 0.467627427)
(0.387617895 2.14293814 0.589293216)
(0.384619917 2.10465112 0.62598232)
(0.310659409 2.01432917 0.549655206)
(0.220933192 1.92204586 0.396348429)
(0.0683382304 1.8676505 0.207327539)
(0.113772435 1.8371009 0.0132972961)
(0.201336352 2.44096274 -0.757365527)
(0.0162534816 2.20945853 -0.956502217)
(0.145597862 2.20963024 -0.817356813)
(0.0757011954 2.29615399 -0.598032025)
(0.0834739791 2.43332332 -0.458936838)
(0.0481282236 2.50841411 -0.382986957)
(0.0661547866 2.52842116 -0.268336959)
(0.0806681109 2.53101074 -0.138615134)
(0.0990869808 2.53330997 -0.0199630331)
(0.125778183 2.53173563 0.0793146859)
(0.149389398 2.47927302 0.151038038)
(0.170792378 2.36520406 0.206075277)
(0.205350047 2.23183189 0.280763274)
(0.264310129 2.1473847 0.404210898)
(0.327568104 2.13162345 0.549525611)
(0.354950482 2.11851758 0.641588044)
(0.311641362 2.0612342 0.620452958)
(0.235722793 1.96882503 0.492640863)
(0.0849686056 1.89370356 0.299917976)
(0.114964439 1.84832842 0.0879278066)
(0.181717063 2.42153345 -0.825406765)
(-0.0197253261 2.22834755 -0.970287433)
(0.111560479 2.23352157 -0.812374994)
(0.0226079797 2.30814154 -0.574542089)
(0.0378984682 2.43160662 -0.43508461)
(-0.0251529817 2.50951501 -0.371623056)
(-0.0192267025 2.52822974 -0.275911221)
(-0.00894973594 2.52430152 -0.155298521)
(0.0150566137 2.51035984 -0.0419568463)
(0.0430272389 2.49485444 0.0506458204)
(0.0730929499 2.45760764 0.119015797)
(0.10417325 2.38213524 0.170095473)
(0.141718265 2.2777782 0.23193503)
(0.194857771 2.18001241 0.342151948)
(0.257457276 2.13377248 0.498287549)
(0.300063851 2.12217809 0.634054492)
(0.280929164 2.0900151 0.668117245)
(0.225356084 2.00800666 0.576404061)
(0.0850975876 1.92291996 0.391199992)
(0.113144344 1.86294117 0.166559237)
(0.16392931 2.40979346 -0.873302174)
(-0.0444203296 2.23828785 -0.970776505)
(0.0850733076 2.2533518 -0.804730923)
(-0.0111225702 2.32165736 -0.546913687)
(0.00792287044 2.41184173 -0.39554023)
(-0.0735098165 2.49049017 -0.337073496)
(-0.0949251738 2.51418622 -0.268177359)
(-0.0917449563 2.51332933 -0.171183329)
(-0.0649544619 2.49610758 -0.0690950513)
(-0.0285051796 2.46749525 0.0197930483)
(0.00904382254 2.42640546 0.0814344157)
(0.047912141 2.3659602 0.12699886)
(0.0868307101 2.28680495 0.182859252)
(0.131407354 2.19890444 0.286248489)
(0.183707044 2.14000093 0.448325691)
(0.228257205 2.12342135 0.615474448)
(0.224372981 2.1062891 0.696518378)
(0.19163642 2.03606916 0.641904173)
(0.0684574014 1.95063418 0.471299208)
(0.108439865 1.87954534 0.241084141)
(0.147612704 2.40015454 -0.906338578)
(-0.0621685284 2.23987302 -0.962167395)
(0.0631118479 2.26936631 -0.799187058)
(-0.0291203972 2.34423642 -0.524106333)
(-0.00236680217 2.38555296 -0.347994985)
(-0.0858211814 2.45104077 -0.284834321)
(-0.132079371 2.48039442 -0.239129914)
(-0.150795244 2.48838052 -0.174359059)
(-0.136678672 2.47817031 -0.100241465)
(-0.0996970536 2.45021342 -0.0267600941)
(-0.0555171626 2.40749368 0.0353338663)
(-0.00945766896 2.35428495 0.0817456538)
(0.0330051301 2.29221756 0.137134952)
(0.0699524756 2.2141078 0.240938558)
(0.108240715 2.14924968 0.408228503)
(0.146899917 2.12680054 0.595072614)
(0.150955298 2.11670456 0.710063841)
(0.142108216 2.05466608 0.685611181)
(0.0400921131 1.97617203 0.5324992)
(0.102180313 1.89707996 0.303648277)
(0.132274442 2.39028859 -0.926595148)
(-0.0790964226 2.23400601 -0.948080669)
(0.037533332 2.28064356 -0.795450979)
(-0.0371367839 2.37801407 -0.517004738)
(0.000947252014 2.38065573 -0.313887525)
(-0.0569692243 2.40626532 -0.227852871)
(-0.110565562 2.43176516 -0.193536361)
(-0.149788482 2.4485849 -0.151146803)
(-0.167144631 2.45167431 -0.0998525575)
(-0.159918407 2.43263431 -0.0499582648)
(-0.130388995 2.39582886 -0.00814201921)
(-0.0870585622 2.35267502 0.0336047704)
(-0.0410447575 2.30302269 0.0967938618)
(-0.00143933475 2.23615286 0.208851017)
(0.0274056466 2.1657202 0.38119886)
(0.0603069214 2.13640627 0.576940376)
(0.0693602227 2.12641573 0.711766675)
(0.0863734113 2.06726563 0.704832179)
(0.00711339199 2.001371 0.570053903)
(0.0955207505 1.91526598 0.349097993)
(0.116685595 2.38016375 -0.930477218)
(-0.0986310348 2.22091138 -0.931399285)
(0.000174936151 2.28483832 -0.789744346)
(-0.0501810424 2.41336317 -0.52838489)
(-0.00278685688 2.42205703 -0.313796737)
(-0.0136201104 2.39700431 -0.193304586)
(-0.04382922 2.39894986 -0.15156072)
(-0.0766721056 2.41625166 -0.123584249)
(-0.103807178 2.44184466 -0.0916778266)
(-0.121097996 2.45977411 -0.0605675131)
(-0.126979738 2.44693204 -0.0372529116)
(-0.123707104 2.39638835 -0.00867588082)
(-0.10913596 2.3296812 0.0584528395)
(-0.0829718929 2.2629876 0.183239699)
(-0.0574768416 2.19374494 0.3607909)
(-0.0263733763 2.15459462 0.557527337)
(-0.01400538 2.13849118 0.698595056)
(0.0336167266 2.07774499 0.701448869)
(-0.0233861481 2.03030659 0.581441318)
(0.0879092208 1.93218331 0.376621536)
(0.0988958279 2.36880277 -0.911056933)
(-0.125741381 2.20265354 -0.907519489)
(-0.0557210155 2.27834029 -0.779099845)
(-0.0871549405 2.43399844 -0.55020201)
(-0.0356908492 2.49242407 -0.345015309)
(-0.00747328484 2.465999 -0.202242712)
(-0.00246239953 2.4423541 -0.131436596)
(-0.0191904605 2.44033331 -0.0923681039)
(-0.0473382855 2.45050574 -0.0594467214)
(-0.0798796336 2.46887482 -0.029472273)
(-0.108879269 2.48095994 -0.00979656419)
(-0.136897115 2.44813844 0.00268904441)
(-0.162014846 2.36797048 0.0486878826)
(-0.162159817 2.29034024 0.166615013)
(-0.140384943 2.22741387 0.343331419)
(-0.110197437 2.18069994 0.533367247)
(-0.085274984 2.1515714 0.667332137)
(-0.0109818822 2.09259448 0.675934801)
(-0.0502129032 2.06601899 0.567578888)
(0.0802287403 1.94665933 0.388587639)
(0.0767740342 2.35668792 -0.859940448)
(-0.166032345 2.18142796 -0.864269673)
(-0.133590686 2.25676057 -0.757438971)
(-0.161997521 2.42572995 -0.569371722)
(-0.116001198 2.53977244 -0.387475072)
(-0.0713202358 2.57390318 -0.244052827)
(-0.0397749529 2.57065124 -0.148019089)
(-0.0346251251 2.56555012 -0.0826030791)
(-0.0504211703 2.56033819 -0.0321163469)
(-0.0809817679 2.55492427 0.00602895594)
(-0.119034715 2.54672189 0.0282999411)
(-0.164357154 2.50221064 0.0389969795)
(-0.211315029 2.40821039 0.0702636714)
(-0.23257156 2.31930023 0.166235004)
(-0.217205282 2.26048127 0.326687119)
(-0.184027092 2.21230172 0.500499102)
(-0.139681634 2.17096222 0.618618329)
(-0.0470212323 2.11856111 0.627226682)
(-0.0744365153 2.10823832 0.533098343)
(0.0743403025 1.95969103 0.390187073)
(0.049666515 2.34599175 -0.766988387)
(-0.221140073 2.15804339 -0.787906327)
(-0.23425677 2.21689852 -0.712859533)
(-0.279040155 2.3802827 -0.57022631)
(-0.254774764 2.53281177 -0.41875435)
(-0.218076224 2.63396731 -0.283541967)
(-0.18268079 2.68327116 -0.174021635)
(-0.163660031 2.69812334 -0.0853997175)
(-0.162765609 2.6914793 -0.0131693551)
(-0.178683499 2.66889469 0.0400009403)
(-0.203497567 2.62551321 0.0693574425)
(-0.237282684 2.548716 0.0821836826)
(-0.277122295 2.44136997 0.105528005)
(-0.299928867 2.34751858 0.178265371)
(-0.28636337 2.28894159 0.308973319)
(-0.244335395 2.24190881 0.454995911)
(-0.179468902 2.19403601 0.552718087)
(-0.0830914602 2.15762532 0.5634559)
(-0.095527403 2.18443482 0.492742615)
(0.0593033964 1.89383064 0.37158479)
(0.0200421553 2.33935879 -0.624467085)
(-0.287308712 2.13601499 -0.668116681)
(-0.351617423 2.16050504 -0.632970255)
(-0.428790091 2.29492515 -0.539250958)
(-0.4398303 2.46055987 -0.423309219)
(-0.427168587 2.61016105 -0.302220816)
(-0.40302507 2.70978851 -0.187756876)
(-0.381723479 2.75032746 -0.0860074841)
(-0.366905059 2.74388403 -0.00218815953)
(-0.357375833 2.70493435 0.0584998148)
(-0.354176048 2.63525093 0.0939690603)
(-0.360555005 2.53683164 0.111536189)
(-0.37386613 2.4290159 0.133024358)
(-0.377708131 2.34316907 0.1870508)
(-0.353140625 2.2900071 0.283292189)
(-0.297281589 2.2531706 0.394281562)
(-0.217325375 2.22813121 0.473419412)
(-0.128584141 2.24847842 0.494168925)
(-0.109737506 2.29529905 0.451466411)
(0.0242838521 1.69709165 0.327714257)
(-0.00797816335 2.33994281 -0.432509216)
(-0.354948084 2.12380248 -0.502549069)
(-0.469977613 2.10026263 -0.510892506)
(-0.587185763 2.17620041 -0.468785612)
(-0.638872686 2.31304152 -0.395970553)
(-0.654524916 2.47664707 -0.3022647)
(-0.642863496 2.6176061 -0.199715096)
(-0.618026725 2.69544249 -0.100511479)
(-0.587631622 2.70112234 -0.0156060413)
(-0.555888981 2.65732766 0.0475131941)
(-0.526286048 2.58830213 0.0865159635)
(-0.502282109 2.5062325 0.108505633)
(-0.48352438 2.42904865 0.130158417)
(-0.460399326 2.37225573 0.17099603)
(-0.418298067 2.34126076 0.239350327)
(-0.35064331 2.33541936 0.32242674)
(-0.265364819 2.35715158 0.394917068)
(-0.184124863 2.38728928 0.434957762)
(-0.135700275 2.21099365 0.409292344)
(-0.0427953855 1.15952817 0.24926453)
(-0.0289834479 2.35115996 -0.202913317)
(-0.407904982 2.13546833 -0.299591216)
(-0.563208934 2.06633679 -0.348384431)
(-0.718815884 2.06183149 -0.356512538)
(-0.812675608 2.11313582 -0.331809028)
(-0.863324914 2.21866019 -0.278064355)
(-0.872885151 2.35363146 -0.204638205)
(-0.852285394 2.47779993 -0.124663922)
(-0.812189307 2.55438888 -0.0517467397)
(-0.763078326 2.57204221 0.00519503344)
(-0.712954223 2.5496445 0.0444906754)
(-0.665475302 2.5165764 0.071128895)
(-0.620410993 2.48669675 0.096098594)
(-0.572155738 2.46423097 0.131926633)
(-0.510511394 2.44966029 0.185382288)
(-0.429877922 2.43616407 0.253472927)
(-0.33675107 2.39036676 0.323410951)
(-0.249343604 2.19831718 0.365526455)
(-0.176010743 1.59709325 0.312550579)
(-0.0720953508 0.435630786 0.0978882049)
(-0.0344926898 2.37626642 0.0455059584)
(-0.423318711 2.18693364 -0.0765461861)
(-0.596083055 2.10386421 -0.158220984)
(-0.776342072 2.04202055 -0.210074723)
(-0.904354442 1.99365346 -0.230661597)
(-0.993938823 1.974165 -0.220205191)
(-1.04081278 1.99211668 -0.184418941)
(-1.04903471 2.04408926 -0.133007771)
(-1.02529159 2.11264517 -0.0778858534)
(-0.979182275 2.17631797 -0.0293560732)
(-0.920794764 2.22031287 0.00768148904)
(-0.857855951 2.24092441 0.0351453657)
(-0.791242816 2.24358617 0.0599677618)
(-0.71574979 2.23424821 0.0900180678)
(-0.623729201 2.20945006 0.130684231)
(-0.510450609 2.14672248 0.18236029)
(-0.380847844 2.00515097 0.237028553)
(-0.253366176 1.72563024 0.26865915)
(-0.132685551 1.30783967 0.221704642)
(0.0881204537 1.05384756 0.016599386)
(-0.0123006438 2.41736743 0.28921054)
(-0.379706615 2.28751363 0.145867468)
(-0.537357256 2.24106853 0.0366644681)
(-0.714311218 2.19802591 -0.0491868525)
(-0.850096377 2.13205207 -0.10352723)
(-0.9623798 2.04677025 -0.128876992)
(-1.04317769 1.95204567 -0.131270177)
(-1.09047777 1.8608204 -0.117840417)
(-1.10470759 1.78048759 -0.0962154083)
(-1.08962488 1.71316007 -0.0739107353)
(-1.05040038 1.65749047 -0.0560516171)
(-0.991359211 1.6108835 -0.0435103331)
(-0.913810744 1.57083242 -0.0333803223)
(-0.814901144 1.53211447 -0.021488704)
(-0.687773878 1.49062223 -0.00398646631)
(-0.526866782 1.44395343 0.021016059)
(-0.337995332 1.38736206 0.0509616218)
(-0.1508938 1.32185984 0.0740129558)
(-0.0279836016 1.28259764 0.0686830013)
(0.161602975 1.41730623 0.0464480048)
(0.021144883 2.45742847 0.495811368)
(-0.297054193 2.38396752 0.336569157)
(-0.386988508 2.40352539 0.213541263)
(-0.527370432 2.44446751 0.110802555)
(-0.648887068 2.44529468 0.0392002584)
(-0.763570579 2.41409038 -0.00910002215)
(-0.853141294 2.3715175 -0.0394265142)
(-0.91738336 2.32184892 -0.0565021766)
(-0.955664013 2.26949087 -0.0645029662)
(-0.970871019 2.21408121 -0.069193408)
(-0.965950311 2.15392503 -0.075832649)
(-0.942621925 2.08529717 -0.087355804)
(-0.899996501 2.00163748 -0.104158635)
(-0.833512642 1.89309926 -0.124163092)
(-0.73508828 1.74640592 -0.143351973)
(-0.597377292 1.54686114 -0.155529924)
(-0.424210282 1.28728605 -0.150784182)
(-0.242620276 0.998147375 -0.115941524)
(-0.0945930005 0.822694122 -0.0399080762)
(0.0945003289 1.12108866 0.0968796725)
(0.0517306672 2.49238136 0.646684138)
(-0.230882735 2.45699302 0.477350273)
(-0.280297125 2.48166785 0.347726882)
(-0.424476922 2.49464225 0.238287644)
(-0.547514909 2.45467458 0.16054871)
(-0.654793506 2.40820427 0.0964431974)
(-0.731252484 2.37590858 0.0438287738)
(-0.78300144 2.35401746 0.00424907587)
(-0.814859916 2.33607483 -0.0240447107)
(-0.830748334 2.32318815 -0.046286997)
(-0.833346122 2.31619078 -0.0681518495)
(-0.824458443 2.3127389 -0.0946174259)
(-0.803692936 2.30863826 -0.12918026)
(-0.767571479 2.2952478 -0.173272172)
(-0.709240461 2.25480293 -0.225408147)
(-0.620293428 2.15194462 -0.279060934)
(-0.496139677 1.92424951 -0.316447172)
(-0.343261207 1.48948846 -0.299006803)
(-0.179029831 0.828984811 -0.173588333)
(-0.0237335293 0.228397077 0.0438618544)
(0.0785502354 2.52009299 0.745444894)
(-0.178891199 2.5061515 0.580465605)
(-0.191818671 2.51097028 0.46380608)
(-0.331114044 2.49822067 0.35818803)
(-0.434915595 2.45380246 0.272642889)
(-0.523278895 2.41937108 0.185809601)
(-0.585879185 2.38748153 0.107503551)
(-0.631542554 2.34668201 0.0471282807)
(-0.662325383 2.30264582 0.00326927038)
(-0.680645456 2.26342341 -0.0309229397)
(-0.689194674 2.23165224 -0.0624052373)
(-0.689508368 2.21112663 -0.0974053262)
(-0.681556711 2.20494942 -0.141193508)
(-0.663768339 2.2145007 -0.197734703)
(-0.632879643 2.2371353 -0.268768614)
(-0.583779445 2.25642226 -0.351454078)
(-0.508102776 2.21769629 -0.430557606)
(-0.394757499 1.99103289 -0.460650645)
(-0.24016896 1.37889589 -0.357712713)
(-0.068785492 0.347442535 -0.0825182746)
(0.106100717 2.53946744 0.801819432)
(-0.131284645 2.538842 0.654258605)
(-0.101371571 2.51986727 0.559929837)
(-0.225826614 2.49604881 0.457847251)
(-0.298308922 2.46714377 0.365388563)
(-0.36094161 2.46334878 0.260333375)
(-0.400376564 2.460056 0.16532831)
(-0.430225015 2.43846439 0.0925625854)
(-0.45487335 2.39841972 0.0389929784)
(-0.475939052 2.34524193 -0.00391957921)
(-0.49197937 2.28783831 -0.0433162159)
(-0.502858677 2.23387722 -0.0855103252)
(-0.508043859 2.18936079 -0.136472969)
(-0.505722919 2.16086837 -0.201153848)
(-0.494214398 2.15561404 -0.282387843)
(-0.472890381 2.18082985 -0.3796389)
(-0.438223402 2.2276164 -0.486012898)
(-0.37633041 2.21009222 -0.570884021)
(-0.263683903 1.86283883 -0.539792788)
(-0.0922651327 0.796633277 -0.248004017)
(0.139823245 2.55381945 0.815757872)
(-0.0828799899 2.55752088 0.704471575)
(-0.00480725947 2.52107005 0.625247799)
(-0.113474756 2.49243513 0.527465673)
(-0.153238985 2.47594088 0.432042128)
(-0.200288492 2.48995868 0.311443849)
(-0.230570581 2.49369554 0.202344798)
(-0.258235012 2.46783267 0.120533512)
(-0.281502451 2.42664003 0.0631144808)
(-0.299096596 2.3821861 0.0179323013)
(-0.313194571 2.33254513 -0.0245026093)
(-0.326059825 2.27686888 -0.0701101137)
(-0.337336523 2.22102189 -0.125590372)
(-0.344157547 2.17249153 -0.196948621)
(-0.342633811 2.13785196 -0.2863787)
(-0.332316148 2.12457457 -0.389712126)
(-0.315435296 2.14955636 -0.501464876)
(-0.289677304 2.21546951 -0.617045961)
(-0.240253958 2.13773561 -0.673960048)
(-0.0810630639 1.24795857 -0.440006548)
(0.180168147 2.57605449 0.781146053)
(-0.0261414227 2.55317141 0.735009595)
(0.0853100559 2.52078465 0.653290426)
(0.00317897413 2.48583359 0.569490706)
(-0.00436163023 2.46822803 0.475419615)
(-0.046870483 2.48838119 0.350151244)
(-0.0728716711 2.49340882 0.234530591)
(-0.105552324 2.46014999 0.145913996)
(-0.133104386 2.41053661 0.0820240174)
(-0.151405705 2.3651157 0.0317336161)
(-0.162036968 2.32242373 -0.0129188229)
(-0.171926952 2.27399584 -0.057803387)
(-0.183610628 2.22065894 -0.112845667)
(-0.194968761 2.1721802 -0.187503451)
(-0.200217047 2.13872653 -0.286148469)
(-0.196921374 2.11908629 -0.400016851)
(-0.188797182 2.10930331 -0.51259783)
(-0.170162815 2.13790277 -0.624745583)
(-0.186096686 2.19763176 -0.735422782)
(-0.0421867462 1.59860497 -0.606407448)
(0.219050854 2.61472945 0.702142911)
(0.0382047337 2.52804965 0.733484954)
(0.162417903 2.51610373 0.648479403)
(0.128781647 2.47919224 0.584327457)
(0.136903362 2.45037337 0.497524237)
(0.113397455 2.45929586 0.383450978)
(0.0894665456 2.46831414 0.269870918)
(0.0576013801 2.44716177 0.176850531)
(0.027365219 2.40263318 0.105515474)
(0.00507577897 2.3544784 0.0480362409)
(-0.00975905482 2.30728321 -0.00213387492)
(-0.0210829606 2.25839421 -0.0486646059)
(-0.0347680054 2.20267308 -0.10105508)
(-0.0487569381 2.14980372 -0.173814752)
(-0.0588447865 2.11777217 -0.275987395)
(-0.0628621393 2.11032104 -0.399666129)
(-0.0725463445 2.10876768 -0.521297715)
(-0.0527398541 2.09730262 -0.622242629)
(-0.117698973 2.14935487 -0.740386067)
(0.00263184279 1.81605157 -0.718268453)
(0.247007457 2.67656101 0.585244095)
(0.10138451 2.49508992 0.693606798)
(0.228263818 2.4956312 0.617367333)
(0.252049597 2.47122081 0.565774656)
(0.272489373 2.43321904 0.49575707)
(0.275513775 2.418354 0.401834121)
(0.26301723 2.41794152 0.300780812)
(0.237941515 2.40871464 0.209616938)
(0.208892088 2.38182644 0.133408996)
(0.182721273 2.34198597 0.0694244971)
(0.160812984 2.29503377 0.014674934)
(0.140571031 2.24144376 -0.0356372171)
(0.120894905 2.18351133 -0.0890485001)
(0.103676055 2.12997281 -0.160166162)
(0.0892065388 2.09717717 -0.260423029)
(0.0762323103 2.09216403 -0.384205894)
(0.0470296079 2.10232851 -0.510247912)
(0.0460395265 2.09586436 -0.608242345)
(-0.0432641027 2.10381696 -0.716619114)
(0.0418351567 1.92840367 -0.764002384)
(0.259194758 2.77679553 0.435189413)
(0.156496989 2.48459735 0.608228355)
(0.285572486 2.45913528 0.561586312)
(0.360531469 2.45370972 0.517912543)
(0.400692845 2.42326661 0.465887294)
(0.427969023 2.38997495 0.394646681)
(0.43668234 2.36680098 0.313106535)
(0.425979339 2.34870456 0.232836083)
(0.402908599 2.32666977 0.159655072)
(0.375110669 2.29589147 0.0946690744)
(0.346498816 2.25587051 0.0370368614)
(0.318449328 2.20868977 -0.0161906122)
(0.29275047 2.157787 -0.0722824642)
(0.27035296 2.11252778 -0.143310597)
(0.248683544 2.08611574 -0.238809479)
(0.220891573 2.08293506 -0.35489579)
(0.17479959 2.09356202 -0.473384799)
(0.13292888 2.09781548 -0.570578815)
(0.0318593874 2.11206735 -0.677709988)
(0.0739493769 1.96262757 -0.744802087)
(0.255926359 2.93499336 0.28279999)
(0.177201764 2.51932644 0.490480709)
(0.320299224 2.40510846 0.47905314)
(0.438419556 2.3934487 0.442610301)
(0.506956202 2.38704753 0.406148731)
(0.557664239 2.36591859 0.35861976)
(0.591431535 2.3372663 0.300963613)
(0.602891156 2.30773668 0.239282458)
(0.594891482 2.27813052 0.177952547)
(0.574401302 2.24646145 0.119127954)
(0.547378503 2.21125188 0.0634444236)
(0.517242848 2.17268255 0.00897780968)
(0.486165358 2.1345225 -0.0487974476)
(0.455176531 2.10309086 -0.117404005)
(0.419724097 2.0848714 -0.203777582)
(0.371788122 2.08212279 -0.305727763)
(0.30083861 2.09118388 -0.410115443)
(0.223815269 2.09889574 -0.502424953)
(0.0980356914 2.12532495 -0.603430414)
(0.0987627158 1.99133729 -0.685766013)
(0.288579201 3.28821981 0.100726123)
(0.239164539 2.84897655 0.32693977)
(0.366567383 2.5463034 0.372920972)
(0.503601825 2.40086612 0.348491571)
(0.595005381 2.33984394 0.318828522)
(0.662135456 2.30932024 0.289658072)
(0.713033999 2.28546749 0.2559776)
(0.743835921 2.26138276 0.217122297)
(0.754317537 2.23609518 0.174609535)
(0.748994643 2.2097468 0.129954608)
(0.732915482 2.18258907 0.0840442254)
(0.709614087 2.15568999 0.0364273796)
(0.680214532 2.13047378 -0.0156200171)
(0.642351578 2.10784987 -0.0771690038)
(0.591374758 2.09305181 -0.151295993)
(0.521555505 2.08981707 -0.234928065)
(0.425339278 2.0971155 -0.320021019)
(0.315508977 2.10700424 -0.40087865)
(0.162392905 2.14069927 -0.495384936)
(0.121093383 2.01982895 -0.585619295)
(0.13878043 3.24766222 -0.0962614788)
(0.13690745 3.11316776 0.129789857)
(0.337998251 2.88134518 0.239038138)
(0.530240704 2.68260646 0.251997)
(0.669323095 2.53549972 0.239153922)
(0.766114271 2.42861461 0.224098049)
(0.832419792 2.34959365 0.205989584)
(0.873616655 2.28941814 0.182366805)
(0.893887044 2.24223691 0.152942989)
(0.898089435 2.2043737 0.118836121)
(0.8902752 2.17353489 0.0814541666)
(0.872652485 2.14839986 0.0415793127)
(0.844757698 2.12850071 -0.00140453655)
(0.805214277 2.11715734 -0.0477892794)
(0.748362515 2.11427005 -0.0979641386)
(0.666518467 2.11665365 -0.151256739)
(0.55167454 2.12222956 -0.207004911)
(0.413472162 2.12962172 -0.268493664)
(0.231230634 2.16489859 -0.352045246)
(0.144128673 2.04877735 -0.442195537)
(0.0211839516 3.14843486 -0.0331965557)
(-0.0528286016 3.14347702 -0.026425808)
(0.253590594 3.02012022 -0.00588370203)
(0.499435833 2.91875232 0.0347952397)
(0.685793222 2.84170793 0.0799422416)
(0.824870531 2.76699204 0.116068409)
(0.923601891 2.6883328 0.137212959)
(0.988831321 2.60862201 0.143991367)
(1.02793451 2.53191779 0.137158299)
(1.04802041 2.46156951 0.119347542)
(1.0537987 2.39955201 0.0942740515)
(1.04689591 2.34647419 0.065509007)
(1.02635419 2.30219648 0.035964585)
(0.987745868 2.26494986 0.0073739302)
(0.924097025 2.23333495 -0.019200517)
(0.828854791 2.20714638 -0.0437563031)
(0.69473146 2.18871372 -0.0698033039)
(0.528468073 2.1800793 -0.106153287)
(0.313665318 2.20354928 -0.168786843)
(0.17173715 2.07996149 -0.25117715)
(0.169294113 3.20858477 -0.00145332089)
(0.196875566 2.87440152 -0.213079008)
(0.390079728 2.60456166 -0.268622598)
(0.569131227 2.45051555 -0.210281911)
(0.696246388 2.37204869 -0.125483264)
(0.788414602 2.35151722 -0.0511916262)
(0.863338399 2.36949096 0.00346181364)
(0.925016267 2.3999993 0.0383723636)
(0.972689753 2.42426468 0.0557182687)
(1.00901953 2.43516176 0.0592338336)
(1.03557669 2.43289823 0.053219084)
(1.05184935 2.42088372 0.0425023601)
(1.05566226 2.40297817 0.0327067491)
(1.04283225 2.38206468 0.0293029487)
(1.00654811 2.35990937 0.0364498601)
(0.937749804 2.33659883 0.0552272849)
(0.823374654 2.311611 0.0796287369)
(0.657535448 2.28053043 0.0921339312)
(0.413929163 2.26479841 0.066051382)
(0.204117408 2.11233651 -0.00961271589)
(0.268926666 3.0523811 -0.240570979)
(0.310965318 2.50639651 -0.45655993)
(0.429146898 2.2619199 -0.414067433)
(0.522658525 2.1593011 -0.289741831)
(0.565913285 2.08084047 -0.1716835)
(0.589039315 2.00118655 -0.0811358025)
(0.607668286 1.93529503 -0.0191722671)
(0.628635743 1.91303473 0.0143710324)
(0.651458564 1.93078887 0.0278390665)
(0.67612391 1.96968907 0.0291422305)
(0.701233502 2.01267113 0.0238956528)
(0.725003366 2.05079413 0.0173315697)
(0.746092553 2.08306527 0.015331256)
(0.761884829 2.11259185 0.0244573437)
(0.76720688 2.14343625 0.0516264998)
(0.754413824 2.17859442 0.103440076)
(0.705245799 2.21808854 0.179851401)
(0.60061104 2.24851261 0.258592915)
(0.397782504 2.27369413 0.296125125)
(0.201795454 2.12959523 0.25005991)
(0.236780513 2.62717033 -0.476894691)
(0.248660237 2.24128661 -0.632036777)
(0.307842957 2.24964153 -0.463105218)
(0.321383619 2.25092328 -0.291635869)
(0.303072739 2.15877795 -0.169476264)
(0.284513048 2.02149154 -0.0854906835)
(0.273273429 1.90014583 -0.0337044522)
(0.26895219 1.83170618 -0.00511087414)
(0.275813335 1.82885674 0.00438793502)
(0.293436031 1.87134652 -0.000137908895)
(0.316729451 1.92749857 -0.010449227)
(0.340272707 1.97803046 -0.0186678611)
(0.362435439 2.01775748 -0.0189275196)
(0.3845647 2.04761066 -0.00520675378)
(0.409278985 2.07012828 0.0324461213)
(0.44015311 2.09275887 0.107701102)
(0.46202201 2.13300227 0.230191296)
(0.440234567 2.19191329 0.377709097)
(0.305685296 2.25955903 0.488139223)
(0.170365741 2.13000415 0.482555515)
(0.207116382 2.45905634 -0.661294368)
(0.168701774 2.33570861 -0.685590524)
(0.166513424 2.4483119 -0.410367333)
(0.113975596 2.37163942 -0.237683757)
(0.0769733099 2.21814058 -0.127603781)
(0.0524766558 2.0858775 -0.050348397)
(0.0472941218 2.04572182 -0.00936517034)
(0.059368193 2.0732132 -0.00335539431)
(0.0818036279 2.10235656 -0.0128696971)
(0.108256943 2.11087009 -0.0238059688)
(0.133370641 2.11111886 -0.0314435209)
(0.154250298 2.11218017 -0.0350931595)
(0.170379393 2.11286113 -0.0327884204)
(0.181593244 2.10835085 -0.023152088)
(0.188307241 2.09485267 -0.00101322786)
(0.208812795 2.07827238 0.0674917788)
(0.250353155 2.08875444 0.221580773)
(0.280583926 2.14848611 0.435698112)
(0.199418914 2.2422026 0.621504858)
(0.132164951 2.1184858 0.661160318)
(0.154931748 2.36421192 -0.794010191)
(0.0730209367 2.45582533 -0.658294857)
(0.0568667009 2.53211894 -0.334823522)
(-0.0159480103 2.36232794 -0.201277899)
(-0.0207292468 2.2793925 -0.111027969)
(-0.0187179322 2.2590464 -0.0611453986)
(0.014646601 2.2607834 -0.0411105626)
(0.0574803605 2.26084927 -0.0402173113)
(0.105065262 2.25661875 -0.04570734)
(0.148513028 2.24977448 -0.051577076)
(0.180831634 2.24012749 -0.0559756092)
(0.199086978 2.22651967 -0.0580767899)
(0.206624853 2.2099733 -0.0523012987)
(0.205340658 2.18930711 -0.0339496502)
(0.189668743 2.1559989 -0.00924003933)
(0.161328892 2.10924519 0.0416411212)
(0.147770164 2.08203604 0.197344112)
(0.170786573 2.12474262 0.454577066)
(0.1098422 2.22829784 0.70108204)
(0.0986701514 2.09853625 0.775625404)
(0.107714334 2.32421348 -0.865027491)
(0.00697109648 2.54098055 -0.611766539)
(0.0272137744 2.56820547 -0.300312658)
(-0.031151075 2.40830273 -0.188080063)
(-0.00790390982 2.37655955 -0.11498568)
(0.000940085678 2.3663835 -0.0915864157)
(0.0459846557 2.34698529 -0.0906193033)
(0.0976230561 2.33722235 -0.101533618)
(0.14502473 2.32901734 -0.104895452)
(0.179192307 2.31447449 -0.0953953599)
(0.193724386 2.29096767 -0.0775837655)
(0.186865063 2.25743391 -0.0617276656)
(0.16739355 2.21906984 -0.04737172)
(0.157468408 2.18684577 -0.0202230366)
(0.143982031 2.15160481 0.0181355006)
(0.120721824 2.11206576 0.0688985428)
(0.0919177088 2.08917988 0.210813878)
(0.0980935238 2.11956306 0.469014711)
(0.037030254 2.21875837 0.745935165)
(0.0705673864 2.07198535 0.833039835)
(0.0687546296 2.30865549 -0.895550208)
(-0.0387731087 2.55834325 -0.596504724)
(0.0337501035 2.61668631 -0.304142999)
(-0.00473171307 2.4791642 -0.192247191)
(0.0435622347 2.42471907 -0.134781444)
(0.0679146901 2.40586619 -0.131173431)
(0.120631148 2.39929555 -0.147871225)
(0.163557261 2.3943622 -0.154773825)
(0.190734957 2.37674257 -0.1435389)
(0.20376602 2.34739321 -0.113674358)
(0.201460604 2.31587764 -0.0710217767)
(0.178915806 2.27848874 -0.0339417081)
(0.133207372 2.22779418 -0.0187285482)
(0.100471304 2.18182743 -0.00490758459)
(0.0858145589 2.14134806 0.0250724987)
(0.0714222255 2.10233116 0.0854006788)
(0.0408458171 2.10243987 0.2398907)
(0.0443464169 2.12672814 0.489455968)
(-0.0302657219 2.21485267 0.769385383)
(0.0437778751 2.0398248 0.849060573)
(0.0326552098 2.30216321 -0.885250616)
(-0.0818832398 2.51763666 -0.608613755)
(0.00703936884 2.62342446 -0.343754124)
(0.0025779469 2.54371213 -0.228622216)
(0.0662164786 2.49470451 -0.186236823)
(0.103424131 2.47197929 -0.176978637)
(0.12954224 2.45367904 -0.181822115)
(0.137800267 2.41817503 -0.17459997)
(0.133635003 2.36251951 -0.152444366)
(0.12757792 2.30949941 -0.114414818)
(0.123557341 2.28187662 -0.0605033956)
(0.116707802 2.26726239 -0.0056713033)
(0.0870517006 2.23086863 0.0173824264)
(0.0499323364 2.18215914 0.0222467409)
(0.0326732894 2.13644478 0.0396365255)
(0.0140627736 2.09787261 0.102051289)
(-0.0122024463 2.11917216 0.266361162)
(-0.0126843881 2.14920991 0.514885204)
(-0.0872789537 2.25286586 0.789946757)
(0.0178413739 1.95279175 0.814884652)
(-0.00733024353 2.28660242 -0.825837866)
(-0.147870501 2.44117633 -0.597858585)
(-0.0942268544 2.53595347 -0.385780217)
(-0.0789500554 2.51498924 -0.27611744)
(-0.0368163955 2.48231388 -0.232190153)
(-0.0124348746 2.45029047 -0.203163691)
(-0.00813217239 2.40457024 -0.182779553)
(-0.0159427523 2.34010471 -0.161081818)
(-0.0283159142 2.26859089 -0.137682795)
(-0.0351357833 2.22182877 -0.102448194)
(-0.0289220883 2.21689788 -0.0485681472)
(-0.0157902023 2.23196927 0.00859232087)
(-0.0218285526 2.21098748 0.0344835)
(-0.0313424982 2.17043308 0.0380120834)
(-0.0367052112 2.12844109 0.0519941376)
(-0.0559252409 2.10234625 0.119651886)
(-0.0703522178 2.13599844 0.287116712)
(-0.0786574607 2.19762585 0.54190306)
(-0.13222018 2.30265982 0.797457878)
(-0.00790287529 1.8088813 0.737394486)
(-0.0536478572 2.2629374 -0.693948344)
(-0.247670984 2.33641506 -0.523012348)
(-0.264311492 2.37085875 -0.373090681)
(-0.275769005 2.35469788 -0.28605095)
(-0.261034552 2.32903855 -0.238574134)
(-0.239267102 2.30560364 -0.204864772)
(-0.216415417 2.28046591 -0.178575815)
(-0.199092746 2.2517256 -0.156336244)
(-0.192395966 2.22028577 -0.133779394)
(-0.190225994 2.19722225 -0.101752938)
(-0.17777986 2.19424409 -0.053909343)
(-0.152124443 2.20096638 -0.00241393084)
(-0.130486846 2.19072551 0.029073298)
(-0.118567434 2.15944531 0.0365483706)
(-0.115884516 2.12335563 0.0563037189)
(-0.128894808 2.11413006 0.134298699)
(-0.137641868 2.16973969 0.310680965)
(-0.147883013 2.27052464 0.565150865)
(-0.164457806 2.31969301 0.778222535)
(-0.0336022915 1.60040108 0.626871816)
(-0.100941435 2.23755702 -0.483385852)
(-0.360198562 2.23563074 -0.377064433)
(-0.4482528 2.21035087 -0.300904881)
(-0.498151217 2.17930001 -0.264845227)
(-0.495836314 2.16335901 -0.249342551)
(-0.46331063 2.16838158 -0.234295243)
(-0.413983396 2.19035869 -0.210680678)
(-0.364570461 2.21597972 -0.179127048)
(-0.328822189 2.22702695 -0.145312123)
(-0.308956069 2.21670999 -0.110671077)
(-0.290379581 2.19953676 -0.0706915677)
(-0.259538073 2.19080363 -0.0278247419)
(-0.224296378 2.1804233 0.00445337244)
(-0.200383544 2.15351546 0.0232142947)
(-0.193342008 2.12740458 0.0554196187)
(-0.201228454 2.14175319 0.147730718)
(-0.207224557 2.22555265 0.332828487)
(-0.206827091 2.33279344 0.573280924)
(-0.182082226 2.25408083 0.723343398)
(-0.0532980377 1.33001653 0.495127593)
(-0.136554202 2.22202549 -0.219892713)
(-0.439105284 2.19547914 -0.188097365)
(-0.564268865 2.16388428 -0.199897926)
(-0.641768777 2.12942926 -0.231641741)
(-0.665233362 2.09424797 -0.261851174)
(-0.652282521 2.07207444 -0.276164294)
(-0.60925012 2.07960225 -0.266947432)
(-0.546328533 2.12186155 -0.233992738)
(-0.477858906 2.18152535 -0.185814513)
(-0.419984962 2.22403478 -0.135867662)
(-0.378900418 2.22584922 -0.0933887281)
(-0.345224327 2.19903641 -0.0588062562)
(-0.309433735 2.17106554 -0.0288526226)
(-0.278694442 2.1512039 0.00207801611)
(-0.265116859 2.1440074 0.0520495503)
(-0.265007754 2.17999602 0.157660291)
(-0.261350084 2.27249188 0.341809299)
(-0.238722818 2.33728165 0.553021306)
(-0.177929496 2.1093189 0.635881397)
(-0.0526481293 1.08266394 0.362157007)
(-0.143843668 2.22884762 0.0558553228)
(-0.444212943 2.25087731 0.0134018472)
(-0.568786291 2.26540393 -0.0769960706)
(-0.661987614 2.23729082 -0.16800485)
(-0.717090754 2.16862596 -0.239037329)
(-0.745910901 2.08303978 -0.2874763)
(-0.746014574 2.01238772 -0.308928776)
(-0.715285944 1.98813107 -0.299610885)
(-0.654355065 2.02684045 -0.261107658)
(-0.572265682 2.11449657 -0.203582867)
(-0.486364811 2.20669715 -0.14286356)
(-0.415335395 2.25392098 -0.0925490834)
(-0.368049063 2.2408733 -0.0555100452)
(-0.339361508 2.20187002 -0.0189528095)
(-0.320689306 2.18751554 0.0432936498)
(-0.307051847 2.21757837 0.156990687)
(-0.284322442 2.28168425 0.327048504)
(-0.234344076 2.28208205 0.499220217)
(-0.147219952 1.96826456 0.530636415)
(-0.0275306436 0.981613488 0.255428342)
(-0.106779677 2.25953793 0.308242716)
(-0.36449106 2.37996968 0.201787784)
(-0.459645292 2.47704761 0.0482844577)
(-0.546074137 2.47593193 -0.0800172545)
(-0.615295802 2.4027708 -0.169694435)
(-0.681686177 2.28393726 -0.236284713)
(-0.736423383 2.14323977 -0.284149193)
(-0.771407621 2.01121906 -0.309965373)
(-0.774972189 1.92465925 -0.309339946)
(-0.738852241 1.91191865 -0.282202959)
(-0.664441861 1.97876742 -0.234412158)
(-0.564697795 2.1037202 -0.17499339)
(-0.462022933 2.23959925 -0.11162814)
(-0.382194878 2.32123608 -0.0467018061)
(-0.339487023 2.31068542 0.0284419847)
(-0.312747458 2.28126902 0.136263831)
(-0.269385688 2.28463815 0.28327796)
(-0.196814713 2.22724648 0.417374934)
(-0.0983684535 1.89769541 0.424115365)
(-0.00457821201 0.974989698 0.19280541)
(-0.0618745923 2.28931968 0.51339428)
(-0.264652413 2.50242013 0.352552517)
(-0.304124053 2.66618347 0.151986979)
(-0.368951086 2.68069784 0.00955593199)
(-0.443219297 2.61457984 -0.0803755004)
(-0.517724456 2.52587386 -0.145947532)
(-0.591615688 2.41224081 -0.20099625)
(-0.663765354 2.27440798 -0.24546254)
(-0.726838578 2.12468006 -0.277465217)
(-0.764682885 1.98628412 -0.294242331)
(-0.763208311 1.8831892 -0.291898491)
(-0.71733587 1.83901311 -0.266731328)
(-0.631729765 1.88002063 -0.215258381)
(-0.518676356 2.02352267 -0.136360509)
(-0.399706972 2.22964721 -0.0342467389)
(-0.30306617 2.35335528 0.0845996847)
(-0.233876541 2.30642193 0.215677126)
(-0.149774144 2.17721578 0.325472958)
(-0.0600690476 1.78360585 0.331492685)
(-0.0162836585 0.766213387 0.156738496)
(-0.0241541906 2.31376596 0.661566081)
(-0.189800107 2.59269898 0.45416216)
(-0.203778785 2.75644856 0.216236404)
(-0.271387974 2.71755171 0.0684852113)
(-0.334476393 2.64193159 -0.012068633)
(-0.397005278 2.58357417 -0.0758783524)
(-0.451757646 2.53534239 -0.129988148)
(-0.502196584 2.48984899 -0.168170795)
(-0.560740995 2.43594445 -0.201012249)
(-0.621836291 2.36256941 -0.237011462)
(-0.668675695 2.2561255 -0.27229085)
(-0.684553495 2.10769261 -0.295020434)
(-0.662073492 1.92276238 -0.289846684)
(-0.600288079 1.74579153 -0.242179168)
(-0.501626769 1.67006844 -0.145056138)
(-0.373445943 1.78184625 -0.0080538916)
(-0.23844663 1.97455145 0.135333378)
(-0.131929446 1.90036254 0.24279134)
(-0.0533624539 1.43413186 0.261053507)
(-0.0239153344 0.39712057 0.117297547)
(0.00532571082 2.33172132 0.760533488)
(-0.138930591 2.65489361 0.519645602)
(-0.134979589 2.80360053 0.265615748)
(-0.18830141 2.72860774 0.123967806)
(-0.232096625 2.63400951 0.0415934622)
(-0.298164653 2.56598231 -0.036101855)
(-0.358654862 2.5120043 -0.0936731569)
(-0.407282793 2.46788972 -0.127597855)
(-0.445002888 2.46790621 -0.148476819)
(-0.486993986 2.50560865 -0.175742522)
(-0.531529106 2.53942185 -0.218750921)
(-0.561956258 2.52931312 -0.267868255)
(-0.564732605 2.43995253 -0.302732125)
(-0.532175285 2.24536984 -0.302788809)
(-0.463324524 1.93851987 -0.252539705)
(-0.364831045 1.56916943 -0.146959847)
(-0.249776283 1.28738645 -0.000838466915)
(-0.129075121 1.21517497 0.141701733)
(-0.0329756089 1.02585945 0.209642156)
(0.0296964944 0.406719876 0.104902495)
(0.0292132672 2.34203997 0.823860637)
(-0.102243011 2.69441759 0.560557487)
(-0.0630264975 2.85619332 0.293736881)
(-0.0489805091 2.8231264 0.142031996)
(0.00844958983 2.75434076 0.0880337879)
(-0.00782844644 2.69662634 0.0862410699)
(-0.128614922 2.61881634 0.0280373157)
(-0.286470567 2.47493282 -0.0563448374)
(-0.366230478 2.40146505 -0.0989907255)
(-0.427431012 2.40474538 -0.129594417)
(-0.482610285 2.45413214 -0.175894646)
(-0.526439076 2.49180091 -0.240779943)
(-0.546308567 2.48128779 -0.303686234)
(-0.527029764 2.41692228 -0.339974)
(-0.458448644 2.29355714 -0.328497148)
(-0.341701957 2.09026147 -0.256415049)
(-0.200136997 1.76539491 -0.131264721)
(-0.0808998248 1.28074881 0.0119974511)
(-0.0158997332 0.807978226 0.126891449)
(0.0747061283 0.54955399 0.120938655)
(0.0470902235 2.34644473 0.862598522)
(-0.0820385282 2.72150587 0.578972489)
(-0.0176445193 2.89684108 0.275769355)
(-0.00928201858 2.80878931 0.068969418)
(-0.00363547636 2.61368662 0.0291776672)
(0.0169195808 2.59378798 0.0973456114)
(0.00581355549 2.64230687 0.147125732)
(-0.130439996 2.56901591 0.0870078022)
(-0.247765736 2.444823 -0.000174087348)
(-0.344090328 2.36434307 -0.0532520005)
(-0.42311721 2.37929711 -0.106392814)
(-0.493120844 2.40910529 -0.187938461)
(-0.547358743 2.39068714 -0.282378845)
(-0.56864954 2.32041194 -0.364700609)
(-0.540366602 2.19860684 -0.407974315)
(-0.45019045 2.01749581 -0.38314563)
(-0.300604769 1.78448488 -0.273524491)
(-0.129537818 1.49825744 -0.103389237)
(-0.0260184495 1.03779667 0.046801575)
(0.0512824677 0.513189484 0.149888452)
(0.0588955674 2.34796108 0.8864434)
(-0.0762739725 2.74313611 0.584745172)
(0.00395705886 2.9076674 0.252285912)
(-0.0436404702 2.70712173 0.0694137401)
(-0.0606802095 2.49930023 0.0452022678)
(-0.0453238721 2.48898715 0.0819456642)
(-0.00396208873 2.57703415 0.184920313)
(-0.0521480787 2.60478646 0.191782981)
(-0.148651623 2.5116704 0.108492211)
(-0.251870069 2.3711651 0.0433841009)
(-0.344363952 2.32531337 -0.0156460674)
(-0.424565676 2.34510001 -0.104762909)
(-0.496969751 2.34017882 -0.218920778)
(-0.547683342 2.30631754 -0.337394745)
(-0.563219201 2.23011316 -0.435342196)
(-0.529644136 2.0534868 -0.477913989)
(-0.432489606 1.73633773 -0.424867344)
(-0.270958079 1.32160858 -0.255482425)
(-0.095357381 0.890281974 -0.0144340049)
(-0.0148222088 0.287285515 0.135584931)
(0.066816608 2.3484231 0.90382489)
(-0.076261082 2.76087802 0.590944995)
(0.0109507948 2.89550152 0.256602516)
(-0.0673853634 2.65185212 0.0928422453)
(-0.0644020912 2.48361834 0.043924461)
(-0.0688081242 2.46825245 0.0675644314)
(-0.0555056516 2.52492423 0.175863573)
(-0.0439963908 2.59989445 0.238930724)
(-0.0994029747 2.55237152 0.193170453)
(-0.190987285 2.38413128 0.133193119)
(-0.274506752 2.28287682 0.0718799276)
(-0.34778483 2.2683292 -0.0210405749)
(-0.419132135 2.25661623 -0.145191778)
(-0.474643984 2.2588513 -0.283848323)
(-0.50724184 2.27173033 -0.415386305)
(-0.512136439 2.21318869 -0.51039874)
(-0.473703553 1.97273848 -0.528943238)
(-0.364301286 1.48114833 -0.424052426)
(-0.188398634 0.822936886 -0.183437053)
(-0.0332340966 0.268108789 0.0520367876)
(0.0730648025 2.34824937 0.918727203)
(-0.076910243 2.77375894 0.601728531)
(0.0118542213 2.87566134 0.275568975)
(-0.0738317259 2.6295671 0.110708202)
(-0.0576966748 2.4878431 0.0518591957)
(-0.0766748386 2.48569425 0.0751053868)
(-0.0891027063 2.52699923 0.169972387)
(-0.0716265594 2.59180631 0.250724261)
(-0.0953569526 2.55483228 0.249520077)
(-0.162713258 2.38122859 0.205430922)
(-0.222512839 2.2499026 0.14382935)
(-0.280680178 2.19506229 0.0510897752)
(-0.341948386 2.15862475 -0.0782854418)
(-0.387988391 2.17116673 -0.231094787)
(-0.413269286 2.23534585 -0.381190202)
(-0.424681098 2.27629579 -0.501178129)
(-0.420335373 2.21195821 -0.569238167)
(-0.369080752 1.91099185 -0.550662696)
(-0.241011161 1.20649271 -0.376931881)
(-0.0543175762 0.256049614 -0.0584067868)
(0.0791278242 2.34727695 0.930499086)
(-0.0771151177 2.78095484 0.616473684)
(0.0114453835 2.85342423 0.294767991)
(-0.0757215332 2.61049779 0.124067966)
(-0.0594129477 2.49121568 0.0658586553)
(-0.0908642904 2.51044558 0.098659899)
(-0.11613569 2.54810088 0.18338912)
(-0.112549636 2.5784887 0.258702827)
(-0.120649885 2.51897826 0.281345408)
(-0.155008514 2.35732934 0.251662215)
(-0.186432506 2.22159176 0.193957648)
(-0.228841889 2.13621562 0.106293514)
(-0.27911737 2.08492974 -0.0257873984)
(-0.31323624 2.11763354 -0.193281775)
(-0.323179569 2.20872111 -0.360551507)
(-0.323223122 2.25274831 -0.488447397)
(-0.323151116 2.24522879 -0.567102069)
(-0.307315468 2.1735426 -0.606206624)
(-0.24113104 1.74471151 -0.533908183)
(-0.0891307752 0.596451001 -0.218227209)
(0.0880843465 2.34210898 0.93877408)
(-0.0745246764 2.7835679 0.633879307)
(0.00842073749 2.82639079 0.312305572)
(-0.0815284388 2.58435291 0.13950769)
(-0.0723003894 2.49476676 0.0900954578)
(-0.114713312 2.52671996 0.132802228)
(-0.147363537 2.54968747 0.207362982)
(-0.152553864 2.54143216 0.267274932)
(-0.149139303 2.45990541 0.289893785)
(-0.15133285 2.32168655 0.268799022)
(-0.160463375 2.19298167 0.222377367)
(-0.190538303 2.08912495 0.145809096)
(-0.229720381 2.04386975 0.0130946441)
(-0.251329316 2.12241488 -0.169626812)
(-0.248291422 2.25212213 -0.356786273)
(-0.240021352 2.27151064 -0.493699227)
(-0.23236364 2.203148 -0.564401956)
(-0.223691369 2.17183784 -0.616069159)
(-0.208374212 2.0615878 -0.635350462)
(-0.0557314598 1.14702541 -0.38604428)
(0.103635012 2.33745444 0.936855011)
(-0.0633155957 2.76592749 0.663096028)
(0.00302547871 2.79362708 0.33236235)
(-0.0906173765 2.55562611 0.161930711)
(-0.0871882845 2.49771113 0.124386044)
(-0.135307541 2.52871214 0.171717441)
(-0.169831994 2.52753068 0.23127114)
(-0.174095338 2.4897298 0.268434541)
(-0.160010218 2.40132542 0.278345947)
(-0.142939476 2.28399144 0.263966651)
(-0.141429678 2.15960621 0.235253055)
(-0.162245758 2.04823053 0.171875194)
(-0.188458783 2.02407335 0.0386278345)
(-0.194822165 2.15144734 -0.157061758)
(-0.183469641 2.30631392 -0.358604699)
(-0.175418101 2.31653194 -0.507382226)
(-0.16842648 2.20581091 -0.57595167)
(-0.147797392 2.09403566 -0.611412531)
(-0.183047301 2.08480027 -0.685331127)
(-0.0162322317 1.41816955 -0.517116763)
(0.12975242 2.34098878 0.917316356)
(-0.0400588372 2.71168567 0.708582782)
(0.00510145683 2.75905255 0.359670251)
(-0.0962033039 2.53008067 0.191151782)
(-0.092067908 2.49750244 0.161597351)
(-0.138112896 2.52214109 0.209035133)
(-0.169206062 2.50012551 0.250907953)
(-0.169268071 2.44647359 0.262734589)
(-0.151666367 2.35696283 0.258239888)
(-0.132533613 2.24496923 0.25161648)
(-0.12953791 2.11790449 0.240121561)
(-0.141172837 2.01295055 0.185136085)
(-0.150433398 2.02409358 0.0479482692)
(-0.137956568 2.18730115 -0.156597858)
(-0.127556807 2.32864725 -0.359535448)
(-0.120571759 2.33010613 -0.516414998)
(-0.127554948 2.21261265 -0.591872145)
(-0.0910683583 2.04485137 -0.607442106)
(-0.160989594 2.04996397 -0.709592323)
(0.0129669239 1.55867498 -0.622000628)
(0.165442744 2.36282288 0.870199585)
(-0.00177425397 2.61199065 0.764369663)
(0.0276589602 2.72121854 0.404557902)
(-0.0893021331 2.50820369 0.225650349)
(-0.0806894943 2.49277392 0.19375319)
(-0.118221227 2.51557795 0.239819794)
(-0.144158241 2.4827543 0.267316193)
(-0.143942209 2.42318207 0.258176374)
(-0.13373623 2.32756027 0.243252692)
(-0.123973455 2.20472908 0.242699189)
(-0.121247124 2.07496394 0.239174248)
(-0.119868213 1.99536775 0.182725002)
(-0.107124591 2.05238553 0.038543232)
(-0.075902703 2.2297002 -0.165786958)
(-0.0799140579 2.32902743 -0.356603508)
(-0.0706453423 2.32419834 -0.516965606)
(-0.0973232205 2.20010224 -0.600589972)
(-0.0554166253 2.00108978 -0.603182586)
(-0.142933248 2.01039744 -0.721397371)
(0.0326507945 1.6472956 -0.70481569)
(0.205943035 2.41909899 0.784287548)
(0.0539196317 2.48189131 0.810898185)
(0.0766690833 2.65529378 0.475143888)
(-0.0555059604 2.49041407 0.269807732)
(-0.05447931 2.48177972 0.217676154)
(-0.0789229327 2.51190209 0.261290483)
(-0.100517745 2.47789149 0.282926497)
(-0.103657161 2.42062013 0.261837722)
(-0.105769682 2.32027848 0.239863787)
(-0.106304576 2.18693253 0.237557641)
(-0.101028587 2.06427723 0.227819447)
(-0.0840594787 2.02178667 0.16139351)
(-0.0502640566 2.11415889 0.0144920136)
(-0.0118348106 2.26558198 -0.173717978)
(-0.0349642313 2.3203157 -0.346202236)
(-0.0254069896 2.31633879 -0.508037819)
(-0.0704487403 2.18118316 -0.597808883)
(-0.0317490804 1.95661078 -0.594864927)
(-0.128793573 1.98028414 -0.728055252)
(0.0440066215 1.71157433 -0.771285869)
(0.239588925 2.52341664 0.653008578)
(0.118283473 2.36279529 0.822123841)
(0.147046107 2.53757258 0.562788314)
(0.0216608037 2.46815629 0.334068405)
(-0.0200738536 2.45845562 0.237741328)
(-0.0268156246 2.50994511 0.272539521)
(-0.0441951788 2.47889874 0.297759862)
(-0.0477866895 2.43294222 0.272912426)
(-0.056299741 2.34557459 0.244736598)
(-0.0588882744 2.22549384 0.231959046)
(-0.0477950498 2.12377929 0.206825975)
(-0.0177036514 2.10851009 0.128714201)
(0.0306191629 2.21065936 -0.0159281944)
(0.0426550391 2.28369736 -0.170981907)
(0.0117207614 2.31053071 -0.328530591)
(0.0155092688 2.30924232 -0.489165841)
(-0.0447932257 2.16368143 -0.584000195)
(-0.0114163824 1.91513287 -0.580468018)
(-0.116414176 1.96013018 -0.729318089)
(0.0503503083 1.77225883 -0.826807789)
(0.257431136 2.68829925 0.496869327)
(0.170207808 2.28666687 0.783637753)
(0.221084509 2.3778253 0.64227325)
(0.125667528 2.40217775 0.420389434)
(0.0316623088 2.41527894 0.27131916)
(0.0271829619 2.5001938 0.272699335)
(0.019135407 2.48182741 0.30659106)
(0.0203076262 2.44714791 0.284522983)
(0.0139837015 2.38562357 0.24943199)
(0.0162905955 2.30050193 0.222606945)
(0.0344902652 2.23133799 0.182210155)
(0.0669074569 2.22656048 0.0979084359)
(0.0980110587 2.27227363 -0.0285166188)
(0.0895733097 2.28889503 -0.158914239)
(0.0583265278 2.30341664 -0.305919187)
(0.0542002 2.30330531 -0.463174745)
(-0.0172283871 2.15155052 -0.560865015)
(0.0111683876 1.88248129 -0.558704574)
(-0.103601255 1.94242799 -0.723679999)
(0.0552619457 1.8376759 -0.874482788)
(0.304568668 3.0629526 0.307898201)
(0.236084109 2.41424294 0.699666109)
(0.293106365 2.25818942 0.699539036)
(0.232286194 2.28040835 0.519833576)
(0.108637483 2.33177402 0.331975555)
(0.0794676568 2.45897193 0.273254935)
(0.0812605887 2.48365078 0.300358319)
(0.0902687923 2.45832377 0.288528072)
(0.0918157614 2.41445437 0.249920181)
(0.0971409483 2.35961679 0.208032855)
(0.114795142 2.31579828 0.154640925)
(0.138202771 2.30194402 0.0719408224)
(0.147835286 2.2973385 -0.0321687343)
(0.13120781 2.28607415 -0.14296825)
(0.104870282 2.29852561 -0.280759912)
(0.0945976403 2.29986368 -0.432436774)
(0.0181650693 2.14566547 -0.527802875)
(0.0377850086 1.86598265 -0.529973246)
(-0.0885831542 1.92130463 -0.710728516)
(0.0620840954 1.90613828 -0.913553158)
(0.288975386 3.23398982 0.0550939025)
(0.295348079 2.71052492 0.547862023)
(0.353771468 2.30941257 0.721782335)
(0.320927772 2.18422451 0.618546755)
(0.196641856 2.21364563 0.4166628)
(0.137408284 2.36792943 0.292814803)
(0.137647825 2.46451628 0.283753097)
(0.154124837 2.46744744 0.278054681)
(0.165991803 2.43261941 0.244006481)
(0.17392106 2.38909971 0.194401913)
(0.184897245 2.35189275 0.133383566)
(0.195633928 2.32540621 0.0570581759)
(0.194906149 2.3018887 -0.0291365599)
(0.178475958 2.28333928 -0.126211968)
(0.158510715 2.29609876 -0.255579726)
(0.142656136 2.29825262 -0.396229853)
(0.0643066278 2.14867119 -0.484017943)
(0.0654870979 1.86911251 -0.494023833)
(-0.0682994156 1.90056258 -0.688620649)
(0.073291286 1.96737881 -0.937394191)
(0.134375077 2.71697025 -0.134493394)
(0.244630974 2.71530278 0.385763126)
(0.357103086 2.42798468 0.701572037)
(0.361624629 2.18243429 0.689104229)
(0.266778717 2.12054009 0.502841197)
(0.201175684 2.24898706 0.334510912)
(0.192103658 2.40434967 0.271859076)
(0.210144668 2.46161255 0.254489086)
(0.232678928 2.4471721 0.227752653)
(0.249010199 2.40803819 0.182930255)
(0.258804446 2.36811402 0.124121093)
(0.262766847 2.33400461 0.0546352517)
(0.256273046 2.30342819 -0.0212975788)
(0.241008425 2.28350213 -0.110580705)
(0.22562987 2.29679673 -0.230278854)
(0.202310528 2.29672593 -0.353341342)
(0.120941096 2.15584186 -0.42802213)
(0.0928830138 1.88906839 -0.450152618)
(-0.0383954268 1.90052549 -0.657837213)
(0.0882126282 2.00684679 -0.93692689)
(0.126074505 2.60143938 -0.251980856)
(0.122716082 2.59366478 0.214003303)
(0.28231553 2.47665901 0.631870257)
(0.336452438 2.22087905 0.703884504)
(0.298735431 2.07985028 0.558569044)
(0.260899182 2.14842803 0.378915723)
(0.249438364 2.31564959 0.270876529)
(0.261781362 2.42536232 0.226384373)
(0.289054515 2.44845967 0.199359628)
(0.315840531 2.42302402 0.16453633)
(0.332890933 2.38266511 0.116188733)
(0.338594386 2.34277752 0.0565998954)
(0.332540204 2.30799287 -0.0113827484)
(0.322604876 2.29264462 -0.0961306334)
(0.308327868 2.30322632 -0.202084102)
(0.271904067 2.28988417 -0.300056226)
(0.182282611 2.15717731 -0.357747703)
(0.126236843 1.91589956 -0.394534157)
(-0.00010655492 1.92153305 -0.616758586)
(0.104484698 2.03191893 -0.914240671)
(0.072394913 2.54008694 -0.282716788)
(-0.0691493932 2.51624763 0.139674319)
(0.168228056 2.45524826 0.540356126)
(0.263194574 2.23207659 0.648229203)
(0.298873368 2.06519277 0.557573621)
(0.313313318 2.07918201 0.3994004)
(0.313983041 2.21602813 0.270962701)
(0.319365324 2.34731246 0.198481107)
(0.342002866 2.41275492 0.160413782)
(0.373035895 2.42047089 0.130160294)
(0.39972516 2.397589 0.0932900498)
(0.415980724 2.36414404 0.0455966052)
(0.422047923 2.33450307 -0.0140180127)
(0.419894203 2.31895448 -0.0861344761)
(0.397537002 2.30559202 -0.165834571)
(0.341981949 2.26261359 -0.232737595)
(0.243026689 2.14055412 -0.275078664)
(0.167589259 1.94241666 -0.328884137)
(0.0464080367 1.94546831 -0.562889455)
(0.123672384 2.05757128 -0.872782313)
(-0.026195847 2.49305207 -0.174802059)
(-0.206954795 2.38621825 0.0960697507)
(0.0690850774 2.36835251 0.404816058)
(0.197054497 2.21211535 0.525499516)
(0.31007202 2.07353076 0.495710373)
(0.383720874 2.05031232 0.38474875)
(0.411608892 2.123639 0.26800815)
(0.419471648 2.22299362 0.183625932)
(0.432682096 2.30086752 0.131505641)
(0.45608389 2.34425033 0.0963789309)
(0.482114337 2.35812482 0.0642958125)
(0.504191231 2.35416161 0.0274405858)
(0.514872959 2.33587753 -0.0157233743)
(0.505940684 2.30100526 -0.0653445254)
(0.470023282 2.25248311 -0.116423015)
(0.405266172 2.19317743 -0.158229126)
(0.30952679 2.10451553 -0.192873427)
(0.227466807 1.97009926 -0.263171698)
(0.110888011 1.97980735 -0.496763129)
(0.148369137 2.08339443 -0.798453286)
(-0.0845175435 2.47822125 -0.00464986864)
(-0.301438278 2.24564778 -0.0323170738)
(-0.00812575865 2.17814085 0.181732649)
(0.156764698 2.07696929 0.346185658)
(0.328904445 1.98978467 0.381716519)
(0.449422636 1.95399779 0.327046457)
(0.506643862 1.96777124 0.242623342)
(0.523128776 2.00704034 0.167064061)
(0.525573773 2.05101742 0.110395234)
(0.528324982 2.08806029 0.0673704088)
(0.533781275 2.11269595 0.0311285658)
(0.539843794 2.1210685 -0.00335485939)
(0.548737664 2.1229253 -0.0373457237)
(0.555187228 2.12443623 -0.0666870537)
(0.546794445 2.12402322 -0.0867844072)
(0.510959572 2.11683167 -0.0997978123)
(0.437461111 2.09055789 -0.119762871)
(0.349113626 2.02080914 -0.185649249)
(0.215352801 2.03406987 -0.388808271)
(0.184448019 2.1139096 -0.660056634)
(0.172011048 3.03335135 0.160900884)
(0.0689618223 3.08565533 -0.0382152105)
(0.18797252 2.92650885 -0.0414754957)
(0.33016721 2.64126243 0.105744941)
(0.477414221 2.40991363 0.206622105)
(0.600613786 2.2703234 0.223974644)
(0.682866172 2.20210667 0.194941913)
(0.728905816 2.1778939 0.153589467)
(0.75262286 2.17708934 0.113173234)
(0.768145052 2.18745152 0.0740647823)
(0.783128369 2.20099143 0.0334949135)
(0.805730944 2.22166623 -0.00761505114)
(0.831018942 2.24280809 -0.0446217998)
(0.851694645 2.25696945 -0.0670574901)
(0.854510705 2.25847743 -0.064023427)
(0.823436186 2.24250491 -0.0351213022)
(0.7392671 2.20565237 -0.00371217694)
(0.593791606 2.13512547 -0.0323476376)
(0.382913539 2.12516267 -0.19170173)
(0.237072629 2.15362818 -0.42399769)
(0.283591467 3.31634688 -0.0425731865)
(0.161831653 2.98115261 -0.178226895)
(0.275080128 2.73105558 -0.127430228)
(0.424048066 2.63111548 -0.0168764821)
(0.559330463 2.58556784 0.0629866033)
(0.678154584 2.53902249 0.0952826032)
(0.773721009 2.49733783 0.095150888)
(0.840169676 2.46613054 0.0805731692)
(0.879418411 2.44505433 0.059173551)
(0.899292709 2.43263665 0.0308647582)
(0.90972734 2.42599543 -0.00510956833)
(0.910006065 2.40967041 -0.0438645329)
(0.904400185 2.38117291 -0.0766849996)
(0.902061701 2.34629099 -0.093900768)
(0.908225467 2.31539732 -0.08242876)
(0.92303867 2.3099666 -0.0276861903)
(0.901684881 2.31829716 0.0617057892)
(0.796336006 2.30172676 0.128307938)
(0.560299977 2.26872114 0.0823235435)
(0.2905268 2.20301924 -0.0995372069)
(0.233055958 3.01035388 -0.167837828)
(0.119940372 2.54901409 -0.290252976)
(0.254580254 2.36700183 -0.221041639)
(0.369541342 2.31552707 -0.119521177)
(0.449384408 2.29994095 -0.0449483777)
(0.525744824 2.2961291 -0.0010716948)
(0.592805721 2.28337639 0.0226346571)
(0.635993631 2.26263983 0.033625972)
(0.64637451 2.2369859 0.034176136)
(0.624208942 2.20448113 0.019943894)
(0.577979028 2.16003978 -0.00974429362)
(0.536336419 2.12600888 -0.049561977)
(0.51981584 2.10876063 -0.0912875002)
(0.527990179 2.07596813 -0.119675655)
(0.551394828 2.02721988 -0.116037077)
(0.587951235 2.00844185 -0.0498042195)
(0.638327055 2.08117887 0.0924330412)
(0.637789725 2.19709851 0.254363532)
(0.475311012 2.26872186 0.323121596)
(0.255312937 2.22601955 0.219160448)
(0.256921282 2.8154669 -0.301250717)
(0.146368804 2.44785516 -0.417559684)
(0.253996402 2.42595101 -0.304595361)
(0.333386437 2.49916974 -0.201763979)
(0.392504364 2.54753126 -0.133107455)
(0.462415758 2.55436105 -0.0822017194)
(0.532366164 2.54476266 -0.0359969324)
(0.583032788 2.52902996 0.0109728034)
(0.598082587 2.49262861 0.0517242337)
(0.571618096 2.43189761 0.0705608941)
(0.521661269 2.37288509 0.0545691805)
(0.472436619 2.3295896 -0.000136374255)
(0.432363448 2.24246751 -0.0689124411)
(0.40114029 2.09119362 -0.12208618)
(0.380167958 1.96829219 -0.146994831)
(0.385860102 1.92682904 -0.106908583)
(0.417091124 1.96692147 0.058628414)
(0.44286678 2.09944186 0.315527961)
(0.335960944 2.24145124 0.507992487)
(0.203647605 2.23652588 0.484332173)
(0.268423076 2.6519807 -0.452223632)
(0.0918857355 2.43912575 -0.498809674)
(0.198124766 2.557524 -0.320441922)
(0.225247114 2.6422771 -0.239832092)
(0.265543533 2.58409494 -0.195481468)
(0.321228301 2.485826 -0.153915692)
(0.373497697 2.42177459 -0.102545652)
(0.415253595 2.42119133 -0.0373732508)
(0.443149219 2.46886831 0.0349069772)
(0.44027877 2.50199347 0.0840505304)
(0.412368065 2.50043444 0.0832612834)
(0.368164407 2.41423864 0.0367897066)
(0.311943991 2.19199868 -0.0240253556)
(0.261447715 1.99512144 -0.0815025533)
(0.221307572 1.94219962 -0.132177762)
(0.205786032 1.95797361 -0.118802338)
(0.242194198 1.99919203 0.0527510394)
(0.284789416 2.09072216 0.355869918)
(0.20894082 2.23719278 0.634978692)
(0.158053774 2.24343329 0.678178532)
(0.254340453 2.54121491 -0.571023179)
(0.0132850706 2.50842955 -0.519442724)
(0.140937408 2.65616554 -0.31647638)
(0.0956932064 2.59302419 -0.281746544)
(0.14905384 2.3919744 -0.256574148)
(0.18003096 2.2965075 -0.206383213)
(0.200229365 2.28636837 -0.133351842)
(0.203171536 2.31636769 -0.0506955728)
(0.215119526 2.42113428 0.0316755119)
(0.230469138 2.52519608 0.0869712021)
(0.219501747 2.49711677 0.0977524696)
(0.194555482 2.28041409 0.0618647048)
(0.189577544 2.070414 0.00678708598)
(0.192956028 2.03738411 -0.0470830288)
(0.164605508 2.07335589 -0.10463092)
(0.0935811313 2.04565278 -0.128107258)
(0.102804821 2.07070607 0.0424512555)
(0.165641837 2.13709914 0.375483331)
(0.108865701 2.26041895 0.710362137)
(0.124304463 2.24970441 0.800750347)
(0.223550539 2.46682432 -0.649007575)
(-0.0592890787 2.58303376 -0.49710705)
(0.088982785 2.65162957 -0.316264811)
(-0.0107863871 2.46032623 -0.311540531)
(0.0631948422 2.30670415 -0.298024411)
(0.0520369884 2.37101157 -0.223433141)
(0.055523653 2.46278048 -0.12410604)
(0.0258854332 2.49747015 -0.0283927604)
(0.0191212579 2.55270959 0.0370536904)
(0.0369594419 2.54318649 0.0813078282)
(0.0761720766 2.40050178 0.0835598279)
(0.134524422 2.22242259 0.0468638405)
(0.202569649 2.16409465 0.000480523967)
(0.243924591 2.19713511 -0.0226999567)
(0.223895846 2.23344072 -0.0365154826)
(0.0980355169 2.14919167 -0.0727035702)
(0.00473239465 2.10373201 0.0295084065)
(0.085341367 2.17989229 0.366858502)
(0.0361275036 2.29733793 0.747508777)
(0.100371852 2.25046561 0.864908686)
(0.190931937 2.42016352 -0.687392341)
(-0.109623699 2.62716843 -0.448713243)
(0.0320070397 2.59702413 -0.312594743)
(-0.0908987978 2.38690517 -0.314306692)
(-0.05634705 2.36248807 -0.299120237)
(-0.0985432358 2.52515082 -0.202788215)
(-0.104022959 2.63822876 -0.0952974581)
(-0.125959982 2.65730846 -0.0102266899)
(-0.134497614 2.55749572 0.0394919985)
(-0.101318011 2.38312109 0.0415982319)
(-0.0177062934 2.23655319 -0.00525975063)
(0.117139831 2.25781776 -0.0654141334)
(0.22531925 2.30112769 -0.0842911057)
(0.281081964 2.33699065 -0.0481999392)
(0.278739687 2.35691792 0.0188739317)
(0.17703649 2.28395225 0.0439002763)
(-0.0158765495 2.1442198 0.0614686916)
(0.0388774482 2.17234089 0.338608288)
(-0.0216036413 2.31753534 0.757072807)
(0.0798686171 2.24945659 0.892351743)
(0.167567049 2.39151736 -0.694924066)
(-0.139713579 2.63008479 -0.389793977)
(-0.0155983289 2.56103577 -0.274774127)
(-0.170488465 2.37103036 -0.2776141)
(-0.193314089 2.40045235 -0.247254503)
(-0.259248007 2.53326394 -0.146129448)
(-0.291150411 2.55913614 -0.0422859417)
(-0.301446659 2.47410174 0.0156853319)
(-0.259630075 2.36668212 0.0036589212)
(-0.163841158 2.30698435 -0.0673141757)
(-0.0325239998 2.3166736 -0.157844968)
(0.0908038763 2.33713489 -0.215823298)
(0.183106969 2.37481931 -0.181831394)
(0.232513117 2.41697637 -0.0734860168)
(0.228914162 2.42831159 0.0679304994)
(0.165764628 2.36604278 0.151823963)
(-0.0112070216 2.21349226 0.150443531)
(-0.00510278718 2.15200493 0.328375841)
(-0.0739025371 2.34672534 0.759153558)
(0.0562021905 2.20372332 0.882159658)
(0.156305013 2.37402758 -0.681595259)
(-0.150956432 2.60073569 -0.333334149)
(-0.0303817787 2.56348897 -0.202906608)
(-0.224531783 2.36650937 -0.202886444)
(-0.277181818 2.35616696 -0.166830088)
(-0.356653518 2.41319843 -0.085896562)
(-0.379839496 2.39417544 -0.0298904455)
(-0.354902252 2.34539596 -0.0358679888)
(-0.284484892 2.31115405 -0.102900372)
(-0.187992348 2.30357135 -0.202387773)
(-0.0850763935 2.30899568 -0.292400529)
(0.00806316923 2.33148441 -0.322465008)
(0.0798389373 2.41016527 -0.248114535)
(0.127315214 2.5062486 -0.0825766746)
(0.124747634 2.51710311 0.106372375)
(0.101507043 2.43946081 0.232221157)
(-0.020756575 2.29078727 0.236956705)
(-0.0602196226 2.18307047 0.359938702)
(-0.129328612 2.394271 0.76756054)
(0.0250024946 2.07063458 0.825029343)
(0.155530681 2.35546385 -0.666834109)
(-0.150283494 2.56417419 -0.2818196)
(-0.00919836178 2.59053192 -0.119312715)
(-0.219598819 2.37710575 -0.116117844)
(-0.264383286 2.30548107 -0.0947151444)
(-0.328085753 2.33816358 -0.049971505)
(-0.340266997 2.32320493 -0.0348969384)
(-0.318900558 2.29637648 -0.0764377257)
(-0.266495632 2.29300414 -0.166507396)
(-0.200665833 2.30649774 -0.279444892)
(-0.138611026 2.30697915 -0.373279172)
(-0.0955680335 2.31783358 -0.393339352)
(-0.0564824791 2.43578669 -0.296667998)
(-0.0131022492 2.58742441 -0.0960900426)
(-0.00756498546 2.59512414 0.123185862)
(5.27410452e-05 2.48881484 0.2752154)
(-0.0651431728 2.33944873 0.29581349)
(-0.143830108 2.26124531 0.428246731)
(-0.190733422 2.41124416 0.769763894)
(-0.0151137943 1.82481481 0.715245518)
(0.15505408 2.3430605 -0.65487376)
(-0.142987563 2.53161996 -0.24834619)
(0.0356422945 2.62897033 -0.0474577673)
(-0.176765846 2.42931267 -0.0346550731)
(-0.206147052 2.27680561 -0.0266653597)
(-0.261694796 2.27849368 -0.0112678405)
(-0.268692461 2.27525894 -0.0227128591)
(-0.262506141 2.26737174 -0.0922011542)
(-0.232516781 2.29810501 -0.20076064)
(-0.200144393 2.33596969 -0.31432309)
(-0.19327647 2.30532416 -0.39805911)
(-0.212110701 2.27479856 -0.416051856)
(-0.212064236 2.41744281 -0.315941748)
(-0.176672099 2.61492124 -0.106130671)
(-0.147879605 2.62130553 0.117735946)
(-0.131892877 2.5077914 0.27432801)
(-0.174775281 2.3996569 0.346639139)
(-0.257597594 2.38401621 0.509334549)
(-0.248260819 2.35572275 0.733429014)
(-0.0582750378 1.4746647 0.557285672)
(0.150373738 2.33889335 -0.648378073)
(-0.130897692 2.52299325 -0.238130813)
(0.0780010992 2.65282725 -0.00314196496)
(-0.117887314 2.53223915 0.041643647)
(-0.134256655 2.29698873 0.0382174932)
(-0.21414468 2.22458437 0.0121317079)
(-0.214221638 2.2222849 -0.0157597225)
(-0.213282583 2.24631588 -0.0999742972)
(-0.199285496 2.31810393 -0.212218264)
(-0.200095321 2.3770445 -0.302697467)
(-0.247726853 2.308815 -0.361876474)
(-0.326703499 2.2050425 -0.386796066)
(-0.373820805 2.31538388 -0.309236786)
(-0.354794928 2.56458848 -0.114477414)
(-0.319501675 2.6375596 0.106008749)
(-0.313147911 2.55744101 0.280170187)
(-0.34820495 2.48441091 0.412957087)
(-0.382978427 2.3802906 0.560430144)
(-0.301330402 1.99961726 0.628363804)
(-0.0999899042 0.877384613 0.353527181)
(0.140681916 2.3417092 -0.645538759)
(-0.11723227 2.54826455 -0.238347179)
(0.0885383934 2.64819109 0.00591206831)
(-0.0830599585 2.61862721 0.0915258434)
(-0.021828183 2.41572954 0.110622661)
(-0.130070429 2.2725709 0.0490795423)
(-0.149504182 2.22105009 -0.00949857081)
(-0.158471399 2.2627609 -0.101528483)
(-0.159570432 2.35672529 -0.198885561)
(-0.198027037 2.42194914 -0.249581819)
(-0.287140815 2.33355027 -0.274066039)
(-0.409862211 2.13890024 -0.303566867)
(-0.510651798 2.11513837 -0.260178892)
(-0.536431754 2.33168471 -0.0946615191)
(-0.518707777 2.4875315 0.121525211)
(-0.513231732 2.4288035 0.307895771)
(-0.512882109 2.25317713 0.445307474)
(-0.467100688 1.89431305 0.511639037)
(-0.314192728 1.23628055 0.421194731)
(-0.086684761 0.337429717 0.110989014)
(0.128869534 2.34847177 -0.641498087)
(-0.110692742 2.58052225 -0.231596868)
(0.0690593237 2.65175925 0.00880194616)
(-0.0747322352 2.64657139 0.100148692)
(0.0579223441 2.54227513 0.133197356)
(-0.0187076958 2.42488511 0.104512933)
(-0.0374583762 2.32963357 0.0336497093)
(-0.0762154928 2.34115455 -0.0677776722)
(-0.111150686 2.40914087 -0.149102425)
(-0.195938735 2.46046006 -0.163195088)
(-0.300533335 2.39420959 -0.158560369)
(-0.418860328 2.16492884 -0.184148974)
(-0.542887495 1.93432601 -0.175098822)
(-0.618047398 1.90716935 -0.0611852149)
(-0.622209701 2.00261258 0.125748952)
(-0.595930425 1.95385967 0.292515066)
(-0.541193332 1.7362596 0.384499308)
(-0.42229801 1.44659087 0.364445642)
(-0.219749054 1.25671213 0.200505871)
(0.0347355981 1.24051881 -0.0469428847)
(0.11848346 2.35556148 -0.632971487)
(-0.111357828 2.59129607 -0.219637412)
(0.0419397034 2.65807294 0.0158971555)
(-0.0764398069 2.64010818 0.0783932564)
(0.0474884809 2.59163247 0.0912307179)
(0.0280261711 2.54492734 0.11820766)
(0.0316417309 2.46594573 0.0717442816)
(-0.0136958999 2.44068503 -0.0119088244)
(-0.0829014049 2.45680203 -0.0677769119)
(-0.206875237 2.4813292 -0.0605470855)
(-0.300240754 2.47001215 -0.0571260873)
(-0.348151211 2.35849376 -0.0743886175)
(-0.402954512 2.09769595 -0.0693301399)
(-0.473523051 1.78085678 -0.00934888738)
(-0.506455154 1.61158014 0.102172355)
(-0.472213308 1.54604705 0.214892996)
(-0.384603727 1.47771169 0.250726504)
(-0.250435559 1.52515322 0.175995894)
(-0.100852252 1.79989281 0.0197863504)
(0.0782840665 1.78400556 -0.101434262)
(0.109149308 2.36169669 -0.619866008)
(-0.110704617 2.5912763 -0.203884497)
(0.0186328474 2.6608396 0.0312746237)
(-0.0879204857 2.62524792 0.0575023809)
(-0.00790174759 2.59154857 0.0559072719)
(-0.00359594365 2.58699552 0.0983152816)
(0.022184864 2.53929899 0.083066598)
(-0.0139381743 2.49914238 0.0472435918)
(-0.097025202 2.47726389 0.0331133373)
(-0.217293753 2.49258042 0.0291918601)
(-0.267922821 2.52297813 -0.0161850832)
(-0.24162027 2.53133546 -0.063358765)
(-0.221901223 2.4520497 -0.0508125351)
(-0.226591029 2.22264929 0.0176859186)
(-0.22560109 1.91912827 0.0966351356)
(-0.195515969 1.71141712 0.156032254)
(-0.122108628 1.65872416 0.161830822)
(-0.00634563538 1.8068515 0.0843681764)
(0.0353586958 2.1282692 -0.0369346326)
(0.105483726 1.91937085 -0.0797010613)
(0.098944898 2.36777341 -0.602955)
(-0.105613723 2.59709642 -0.186282217)
(0.00796276033 2.66365283 0.0531650074)
(-0.099789484 2.61415277 0.0528712338)
(-0.0530036694 2.5777933 0.0372243291)
(-0.0568614973 2.57618068 0.061398691)
(-0.0323037628 2.54864074 0.0709913751)
(-0.0478454796 2.51202372 0.0859832358)
(-0.0970192927 2.4822998 0.103349792)
(-0.148708697 2.49531653 0.0893590809)
(-0.110137658 2.55722776 -0.00364878982)
(-0.0168074183 2.65113184 -0.11220571)
(-0.00372143113 2.66307887 -0.0850632165)
(0.010109405 2.59330361 0.0165032677)
(0.0208346955 2.42137798 0.0846998972)
(0.0394448063 2.2141453 0.108405838)
(0.0760784251 2.11442201 0.0904728346)
(0.129275352 2.14262642 0.0264345603)
(0.0928677903 2.25613725 -0.0243691283)
(0.110604468 1.934045 -0.0153244105)
(0.085999149 2.37313193 -0.583700874)
(-0.0985139955 2.61241036 -0.166513775)
(-0.00859452715 2.66605511 0.0799124791)
(-0.122032633 2.60264912 0.0684654075)
(-0.106459106 2.55722142 0.0542858097)
(-0.113814292 2.54504167 0.0798806696)
(-0.0905246127 2.52218873 0.115459063)
(-0.0819230801 2.49676907 0.146575277)
(-0.0823134091 2.47436705 0.142292559)
(-0.0629426345 2.48664776 0.0551277144)
(0.057840388 2.58500446 -0.127426534)
(0.0425133224 2.62709132 -0.175322145)
(-0.00452280198 2.52067725 -0.121940353)
(0.0220533283 2.46801906 -0.0377838314)
(0.102834892 2.50831086 0.0338504876)
(0.178431003 2.52173482 0.0768147176)
(0.208665938 2.48935046 0.0855579836)
(0.188811543 2.37581753 0.0599983033)
(0.0832133071 2.29691074 0.0403346404)
(0.087980646 1.84908524 0.0572038205)
(0.0690793207 2.37614176 -0.562651268)
(-0.0950733886 2.63053672 -0.155278458)
(-0.00578983627 2.68414872 0.126581923)
(-0.120631004 2.60480629 0.0944395639)
(-0.0736922617 2.55614166 0.0492463982)
(-0.0456848426 2.5387781 0.00721027937)
(-0.0029136149 2.51643192 0.00687967554)
(0.0238308521 2.51010053 0.0382020022)
(0.0380342383 2.50816042 0.0496608923)
(0.0425507444 2.5223454 0.00396135238)
(-0.0801265556 2.52188858 -0.0103214454)
(-0.305444267 2.24483808 0.0360112242)
(-0.397001908 1.91069525 0.00313633023)
(-0.378354799 1.80289027 -0.03862473)
(-0.283402318 1.84124234 -0.0342045359)
(-0.142485889 1.98689227 -0.00121087191)
(0.00112304252 2.19861329 0.0493904436)
(0.116400119 2.33984278 0.0944705851)
(0.066312954 2.35964459 0.115781847)
(0.079903335 1.83305938 0.114501302)
(0.0456902024 2.37438207 -0.53432594)
(-0.103714112 2.63969283 -0.16606895)
(0.019257843 2.74032991 0.135419366)
(-0.0491786869 2.68692829 0.103097105)
(0.00827453648 2.64417595 0.0114383347)
(-0.112539874 2.47343678 0.0230570278)
(-0.28168852 2.25894443 0.100687647)
(-0.420764755 2.1474915 0.153822442)
(-0.553314954 2.0344495 0.172786214)
(-0.666126083 1.91405079 0.160947614)
(-0.729866784 1.8030968 0.110375293)
(-0.732317174 1.71131171 0.0179450942)
(-0.696159961 1.65893874 -0.0846177718)
(-0.651242672 1.58520207 -0.15448261)
(-0.584905717 1.48503513 -0.190865254)
(-0.477622247 1.43635323 -0.183720824)
(-0.325565062 1.54082955 -0.122248949)
(-0.143320486 1.8848318 -0.0121363897)
(-0.0095452539 2.28373552 0.0947182735)
(0.0647317268 1.83807981 0.162608675)
(0.00985982033 2.36495265 -0.475688109)
(-0.142598351 2.61312741 -0.162685691)
(-0.0440885232 2.75328795 0.0760413585)
(-0.148879025 2.58156157 0.119196304)
(-0.320956877 2.33598574 0.170233711)
(-0.516067545 2.16595816 0.247030289)
(-0.658432317 2.08018083 0.281633202)
(-0.734259904 2.07942662 0.274915786)
(-0.753710698 2.11691057 0.235246224)
(-0.722124076 2.18740892 0.171201382)
(-0.659777834 2.270229 0.0919254333)
(-0.607214307 2.31711685 0.00749894823)
(-0.587333955 2.27157157 -0.0765585075)
(-0.585650449 2.1535553 -0.159744981)
(-0.583873328 1.97030234 -0.233750969)
(-0.559190895 1.70749483 -0.28240736)
(-0.485420351 1.40069755 -0.276070258)
(-0.351303792 1.18100822 -0.181411613)
(-0.168280298 1.24200226 -0.0013747843)
(0.010868152 1.23543912 0.137500771)
(-0.0419954438 2.34328 -0.35021524)
(-0.250233912 2.49093762 -0.0600109581)
(-0.305804072 2.48373597 0.176330224)
(-0.457969874 2.29699495 0.291870185)
(-0.610202249 2.16700679 0.359645076)
(-0.693713858 2.1751852 0.376458846)
(-0.693993037 2.2720063 0.33558767)
(-0.630972388 2.40605178 0.265234864)
(-0.535930068 2.53334398 0.184373725)
(-0.442555086 2.61983675 0.108899261)
(-0.378368432 2.63904118 0.0492328969)
(-0.349478265 2.59888067 0.000127799983)
(-0.343675852 2.54822163 -0.0518327192)
(-0.354241446 2.51405566 -0.115694161)
(-0.38564895 2.46669712 -0.192733705)
(-0.421344119 2.35319613 -0.278006783)
(-0.421809917 2.09350603 -0.345957721)
(-0.355334349 1.60261308 -0.343140666)
(-0.227133055 0.881757475 -0.212821338)
(-0.0613716177 0.225087234 0.00710275513)
(-0.095134942 2.30207233 -0.145629621)
(-0.378935062 2.32361666 0.123744666)
(-0.500405622 2.27735169 0.331895976)
(-0.619313323 2.21340266 0.423987914)
(-0.656331561 2.26062225 0.423461985)
(-0.611199922 2.39156924 0.354621253)
(-0.522996058 2.52009463 0.257168918)
(-0.440141372 2.58473516 0.168661065)
(-0.390403999 2.56947589 0.103517278)
(-0.366195406 2.50250793 0.0572681128)
(-0.34020663 2.43144946 0.0154370542)
(-0.300661441 2.38530068 -0.029775253)
(-0.256063772 2.36182932 -0.0724889472)
(-0.226072984 2.35667318 -0.107330518)
(-0.227976123 2.37551815 -0.150084924)
(-0.265584258 2.40542861 -0.224679851)
(-0.294393019 2.40383051 -0.32955506)
(-0.260215818 2.2756493 -0.407675213)
(-0.179073317 1.78072174 -0.361580745)
(-0.0743115068 0.601628176 -0.138881305)
(-0.100458824 2.27035441 0.101186354)
(-0.413793693 2.25111011 0.313231964)
(-0.527571649 2.25013653 0.444444723)
(-0.576761251 2.31040741 0.454257568)
(-0.52953114 2.43561615 0.376509564)
(-0.447422679 2.53697121 0.270007707)
(-0.388203336 2.55317536 0.186818112)
(-0.370846776 2.49647331 0.135904178)
(-0.367080453 2.42168086 0.0917870231)
(-0.345490498 2.36777312 0.0349508929)
(-0.300921063 2.33647548 -0.0314029446)
(-0.247321036 2.30613835 -0.0907445348)
(-0.196367922 2.273532 -0.129715503)
(-0.158846611 2.24952101 -0.142832416)
(-0.146051793 2.24355809 -0.145856808)
(-0.173154678 2.25511249 -0.185419773)
(-0.209008282 2.27095317 -0.301466315)
(-0.181622861 2.28829322 -0.439344706)
(-0.122179799 2.17724767 -0.454106825)
(-0.0165625046 1.26351013 -0.24167864)
(-0.0782896608 2.2590386 0.347640422)
(-0.368584526 2.25401347 0.481262168)
(-0.435959214 2.32124135 0.510840842)
(-0.432513942 2.44095005 0.43050011)
(-0.364807638 2.54078989 0.310396365)
(-0.312201909 2.55355287 0.219626857)
(-0.295096168 2.49963285 0.172559383)
(-0.290365379 2.44010558 0.134347921)
(-0.26759597 2.41029168 0.0758832202)
(-0.22412862 2.39864693 6.31580725e-05)
(-0.181080269 2.36985997 -0.0722760101)
(-0.143845145 2.32214395 -0.129771681)
(-0.113572271 2.2732997 -0.163797059)
(-0.102375177 2.23672451 -0.163656345)
(-0.11139898 2.21858962 -0.145611051)
(-0.139527668 2.21050041 -0.160966673)
(-0.163457151 2.20588218 -0.283167237)
(-0.126519766 2.22896113 -0.468283723)
(-0.0930507532 2.21877948 -0.5208057)
(0.0300132452 1.5384864 -0.296430337)
(-0.0422302157 2.26090168 0.561510265)
(-0.289624874 2.28993081 0.614302674)
(-0.306577873 2.40890786 0.546918054)
(-0.279847661 2.53479375 0.397973256)
(-0.22242563 2.5809217 0.266619025)
(-0.193632024 2.54267539 0.197334724)
(-0.17929052 2.48340904 0.161765983)
(-0.157319146 2.44982997 0.116293616)
(-0.117851147 2.44283009 0.046502967)
(-0.0787228266 2.42638067 -0.0305106941)
(-0.058982075 2.37752803 -0.0950321033)
(-0.0406273627 2.31597777 -0.147536413)
(-0.0372289225 2.25774372 -0.167314487)
(-0.0582433853 2.22721442 -0.144759373)
(-0.10358693 2.22427008 -0.110709543)
(-0.150236643 2.21424408 -0.134307946)
(-0.155820841 2.2041498 -0.290218087)
(-0.105996994 2.25285182 -0.509682409)
(-0.078568305 2.23463975 -0.581301115)
(0.0442332211 1.5814414 -0.324811774)
(-0.00417452083 2.26897458 0.721279775)
(-0.212051701 2.33101542 0.703317793)
(-0.186823891 2.4799882 0.560063863)
(-0.152799352 2.59422737 0.36493823)
(-0.100829629 2.60651322 0.233227974)
(-0.0727012957 2.55666072 0.172921098)
(-0.0460564258 2.50103431 0.137190994)
(-0.0144943755 2.46622215 0.0874569516)
(0.0191316928 2.44613847 0.0179495105)
(0.032688946 2.40974375 -0.0470914213)
(0.0386295596 2.35535439 -0.104252862)
(0.0386602105 2.28943546 -0.146310955)
(0.0113393543 2.23212473 -0.144385397)
(-0.0448030727 2.21578215 -0.0949729203)
(-0.122531858 2.2260412 -0.0477458878)
(-0.17835399 2.21336617 -0.103480665)
(-0.166900743 2.21657855 -0.315584081)
(-0.12291507 2.3086976 -0.559899003)
(-0.0873127183 2.25433071 -0.642076375)
(0.0306842149 1.49478588 -0.350704769)
(0.0298354621 2.27878657 0.824495428)
(-0.150334427 2.36574485 0.750218891)
(-0.0918449779 2.52880868 0.553297427)
(-0.0589439108 2.62883719 0.32177172)
(-0.00428231913 2.61760273 0.194288843)
(0.0267545412 2.56810988 0.138334151)
(0.0603087446 2.51580272 0.104622711)
(0.0900802139 2.47089466 0.0605578607)
(0.107707652 2.42764168 0.00482505413)
(0.110162897 2.37790079 -0.0485036632)
(0.111447308 2.32181485 -0.0990969619)
(0.0888759527 2.25660692 -0.12080662)
(0.0299647001 2.21327247 -0.0904544569)
(-0.0578329454 2.22124039 -0.0148802309)
(-0.154530634 2.22956973 0.0264479944)
(-0.200502021 2.1984244 -0.0827555081)
(-0.181832163 2.22150106 -0.34263957)
(-0.155597291 2.34140235 -0.604276012)
(-0.117777506 2.26919856 -0.705305841)
(-0.000253167034 1.3949746 -0.399528873)
(0.0581239202 2.28866073 0.881065159)
(-0.106434028 2.39064343 0.766897571)
(-0.0212288579 2.55624697 0.533849736)
(-0.00600520369 2.63509919 0.267907283)
(0.0469108833 2.59359444 0.15096034)
(0.0688852943 2.5358094 0.0997324007)
(0.0973256989 2.48419689 0.0695532306)
(0.122395277 2.4346967 0.0368866274)
(0.14020849 2.38762562 -0.00413491495)
(0.158139759 2.3424251 -0.0519859771)
(0.15240206 2.28400243 -0.0837094024)
(0.0984078377 2.22458843 -0.0718559064)
(0.0126811694 2.21189825 -0.00996068247)
(-0.0906030448 2.24118825 0.0828134741)
(-0.178831349 2.22300614 0.0922037676)
(-0.204501513 2.16620197 -0.0735202354)
(-0.188341362 2.1975982 -0.357867969)
(-0.175822137 2.32376513 -0.634783896)
(-0.149512631 2.29229108 -0.770331741)
(-0.0291633838 1.40887971 -0.485966215)
(0.0844184842 2.29456776 0.904642077)
(-0.0787840588 2.40892711 0.767521945)
(0.0325756859 2.56652965 0.505216776)
(0.0129827567 2.60949284 0.226627897)
(0.0529305423 2.53587962 0.122464251)
(0.0595621552 2.47271442 0.0715030164)
(0.086217177 2.42551205 0.0399071532)
(0.131862045 2.39273849 0.00442613792)
(0.175358118 2.35884152 -0.0338544586)
(0.184148876 2.30098015 -0.0563219085)
(0.140183317 2.23595098 -0.0453351175)
(0.054119221 2.20667092 0.00393064764)
(-0.0342437434 2.24568446 0.0892622492)
(-0.119881496 2.25954566 0.168838574)
(-0.18138856 2.19678508 0.13371265)
(-0.187533688 2.11567278 -0.0707194134)
(-0.173341635 2.13798408 -0.361617649)
(-0.162443792 2.25849926 -0.649948939)
(-0.159715894 2.31382379 -0.827648792)
(-0.0373625866 1.5643606 -0.602714322)
(0.11460343 2.30582472 0.897768274)
(-0.0570102088 2.40898626 0.770622354)
(0.0675348961 2.56088127 0.47725884)
(0.0150753177 2.56369253 0.21205867)
(0.0430089737 2.4734541 0.112848149)
(0.0499185833 2.42392566 0.0488997352)
(0.119859728 2.41234544 -0.0148398697)
(0.178904787 2.37529457 -0.0532178604)
(0.187163143 2.30300203 -0.0545995232)
(0.141587633 2.22393643 -0.0194390702)
(0.0422981585 2.19070528 0.0419886023)
(-0.0117722345 2.26729509 0.0896390467)
(-0.0644426846 2.29053149 0.164782914)
(-0.124142741 2.26024648 0.224708)
(-0.157149818 2.15691572 0.152935402)
(-0.150933994 2.05693402 -0.0727904165)
(-0.135048352 2.06764827 -0.365113004)
(-0.112586161 2.17306634 -0.655367779)
(-0.139195379 2.29148896 -0.861265806)
(-0.0205230379 1.7767166 -0.722631754)
(0.149117248 2.33032747 0.864629756)
(-0.0313253488 2.38365262 0.777522665)
(0.0884431978 2.53750415 0.463805741)
(0.0145892502 2.51515445 0.217534285)
(0.0329695683 2.43413488 0.0996893383)
(0.0962770427 2.43112188 -0.0189606314)
(0.152008375 2.37732951 -0.0825916552)
(0.159011007 2.27738634 -0.064975391)
(0.0947430071 2.17163544 0.00794008077)
(0.0482991089 2.19345543 0.0744401425)
(0.0115153251 2.26977041 0.0987563368)
(-0.0130326219 2.33183636 0.129990062)
(-0.0570569074 2.32056358 0.209444743)
(-0.0960342984 2.24910767 0.253474636)
(-0.10829268 2.11306195 0.157001978)
(-0.0973054276 1.9972682 -0.0800390821)
(-0.0806080508 2.01781375 -0.376271802)
(-0.0409274836 2.11159041 -0.660539848)
(-0.0914998474 2.22217399 -0.866049598)
(0.0116074464 1.94901812 -0.81247043)
(0.1833043 2.37213029 0.806170656)
(0.00183323847 2.33694305 0.782543594)
(0.109135299 2.49350697 0.469822962)
(0.0249763139 2.47405737 0.234631418)
(0.0431642918 2.43522953 0.0617957573)
(0.10778021 2.39466099 -0.0901526279)
(0.0980415115 2.24221228 -0.0889153189)
(0.0691544655 2.14140121 -0.00224007025)
(0.0635760581 2.18662664 0.0515335012)
(0.0598192902 2.28297274 0.0868857618)
(0.0436856393 2.36354133 0.116196319)
(0.0146981521 2.37965823 0.15905556)
(-0.0249055629 2.33845007 0.237884473)
(-0.0457191155 2.23733833 0.264586598)
(-0.0435994635 2.07427359 0.153212956)
(-0.0281236355 1.94002769 -0.0875633572)
(-0.00976845601 1.99762353 -0.392928628)
(0.035068082 2.09514733 -0.666897255)
(-0.0246022232 2.16113445 -0.853212266)
(0.0473654568 2.03758596 -0.847087648)
(0.213257682 2.43491411 0.720011319)
(0.0427901964 2.28123782 0.778310715)
(0.138983759 2.42637119 0.492496548)
(0.0567519626 2.43546878 0.258733038)
(0.0826214666 2.45127361 0.034659229)
(0.0678940542 2.30070384 -0.0961619272)
(0.0252561783 2.1259243 -0.0621979433)
(0.0625572397 2.19885181 -0.0241047234)
(0.0820219332 2.30400344 0.0316091009)
(0.085423616 2.39598726 0.0842113581)
(0.0665675578 2.43791587 0.133536543)
(0.0342510991 2.41433098 0.190837356)
(0.00792995369 2.34988491 0.257231601)
(0.0082679252 2.23133774 0.262785093)
(0.0251689035 2.05389805 0.143144645)
(0.047282678 1.92276721 -0.103005361)
(0.08321954 2.0064102 -0.409987342)
(0.11281549 2.1043642 -0.670234699)
(0.0516923314 2.15810554 -0.831727973)
(0.0803197278 2.04478488 -0.816931168)
(0.235639606 2.52212272 0.605757345)
(0.0885547501 2.2338501 0.752939328)
(0.179126519 2.33838421 0.521761734)
(0.112253905 2.38695617 0.288033476)
(0.11041571 2.43751568 0.0515757708)
(0.0194891743 2.22038093 -0.0610334295)
(-0.0085035423 2.11238452 -0.0671562327)
(-0.000610893939 2.25873181 -0.0535912605)
(0.029904563 2.38625983 0.0174759051)
(0.0466682067 2.46803139 0.0924404213)
(0.0403141115 2.47988119 0.156996851)
(0.0268827008 2.43365324 0.216972231)
(0.0256601477 2.35041416 0.263592225)
(0.0480848091 2.21351856 0.246683184)
(0.0733745009 2.00765775 0.114714766)
(0.131885053 1.95573335 -0.138218033)
(0.185521677 2.04378351 -0.429554076)
(0.203552921 2.12172773 -0.661465242)
(0.125386815 2.15578789 -0.77800429)
(0.108792049 2.04866135 -0.74255645)
(0.24682477 2.63827122 0.468858125)
(0.131858347 2.21720686 0.696856509)
(0.227055405 2.2405168 0.545937931)
(0.190233527 2.31317358 0.329034491)
(0.155002142 2.4055533 0.112205101)
(0.0337933656 2.22937683 0.000287197587)
(-0.0294947669 2.07499906 -0.0374879907)
(-0.0787847319 2.16880918 -0.0444157612)
(-0.0964005208 2.27198533 0.0127898939)
(-0.0653329588 2.36959929 0.0963564022)
(-0.0434991317 2.3902863 0.167439215)
(-0.0207083142 2.34671507 0.218245234)
(0.0155738498 2.25772935 0.240243195)
(0.0672563485 2.11474676 0.197965826)
(0.142676046 1.99411631 0.0411192483)
(0.244751328 2.01556282 -0.202045956)
(0.303122433 2.09209171 -0.453234262)
(0.302281377 2.14143601 -0.632088157)
(0.198885632 2.14935686 -0.690186349)
(0.13659673 2.04778773 -0.618177555)
(0.240193617 2.76869094 0.317183441)
(0.158459412 2.24855128 0.593198874)
(0.274854685 2.16174275 0.540819408)
(0.285686895 2.21481866 0.373274262)
(0.244652076 2.32393828 0.193383854)
(0.159255948 2.32537536 0.082449675)
(0.0715180785 2.1605654 0.0359173398)
(0.00224173454 2.04722328 0.016589289)
(-0.0615583469 2.07626971 0.0173338987)
(-0.0766716174 2.14852969 0.0604009877)
(-0.0530466817 2.19100696 0.118023656)
(-0.00617920338 2.17508364 0.154879933)
(0.0660057319 2.12143007 0.153463154)
(0.165831809 2.05715601 0.0838376122)
(0.292427269 2.04483443 -0.0714393436)
(0.394997259 2.08061421 -0.274223336)
(0.433479848 2.1351467 -0.465341802)
(0.402666811 2.15599867 -0.575403415)
(0.267870315 2.13748974 -0.565041252)
(0.162715907 2.0396858 -0.44803146)
(0.236965988 2.95006868 0.198287694)
(0.146392723 2.31841769 0.475264521)
(0.296039312 2.09205582 0.49218434)
(0.367245923 2.07945844 0.384460679)
(0.352517439 2.15603765 0.247076913)
(0.304212815 2.23943657 0.14527441)
(0.253975615 2.24947175 0.0942228142)
(0.214407188 2.18882269 0.0762762203)
(0.177300788 2.11574933 0.0715867402)
(0.150078841 2.06835073 0.0724832848)
(0.155350701 2.05489346 0.0782133508)
(0.199928401 2.0512272 0.075552503)
(0.28090923 2.04766912 0.0431877322)
(0.388609245 2.05371554 -0.0387300584)
(0.490479959 2.08065155 -0.171706838)
(0.556949504 2.12999938 -0.327767725)
(0.558682457 2.17315866 -0.451644668)
(0.487753055 2.15987356 -0.486022975)
(0.319763204 2.11245832 -0.404927204)
(0.183175778 2.02466826 -0.245173267)
(0.280345108 3.31470613 0.0120552529)
(0.197614903 2.71397718 0.301073776)
(0.321575702 2.25097773 0.396279126)
(0.430688436 2.04161147 0.349771472)
(0.461292639 1.98928199 0.256692029)
(0.448560397 2.01356327 0.174053524)
(0.425362016 2.06347632 0.120677523)
(0.409588334 2.10462526 0.0927870824)
(0.406415179 2.12164644 0.0798795725)
(0.415868147 2.11872279 0.0712074157)
(0.442113259 2.11021944 0.0571593328)
(0.488132394 2.10325863 0.0267485514)
(0.551417913 2.1012042 -0.0312944975)
(0.620755253 2.11612369 -0.122271642)
(0.677915379 2.15655231 -0.237009366)
(0.69593642 2.20057725 -0.344494188)
(0.645122379 2.20299826 -0.398846678)
(0.527889992 2.13512741 -0.36200495)
(0.334772896 2.06495869 -0.220168396)
(0.190421074 2.00198204 -0.027922284)
(0.0528833691 3.04960545 -0.121064014)
(0.0887678042 2.94827901 0.155317025)
(0.296225458 2.61740634 0.283537612)
(0.465212194 2.33569856 0.282829164)
(0.565437995 2.15750236 0.231408395)
(0.613579011 2.06260121 0.174496308)
(0.630853813 2.02441582 0.127548375)
(0.635146531 2.02097128 0.0911703473)
(0.640013148 2.03515701 0.0613005714)
(0.652410522 2.05386877 0.0325195292)
(0.676137976 2.07341068 -0.00181387987)
(0.713717476 2.10304407 -0.0467816876)
(0.759633871 2.14963541 -0.107095133)
(0.798484904 2.20674738 -0.182346575)
(0.80612949 2.25102448 -0.258635452)
(0.75852609 2.24809368 -0.307047211)
(0.644063342 2.17779285 -0.296992737)
(0.491034806 2.05639068 -0.208142328)
(0.296942911 1.99111527 -0.0266888955)
(0.178024817 1.9743054 0.182897491)
(0.00436417177 3.04549802 -0.0284759677)
(-0.0824187102 3.02612187 -0.0340584758)
(0.210497627 2.91053174 0.0456280556)
(0.432229889 2.7845403 0.0995546487)
(0.598118533 2.66589321 0.117684464)
(0.716023771 2.56452441 0.114460921)
(0.792870007 2.48416947 0.102624771)
(0.839966739 2.42467781 0.0860695011)
(0.86939706 2.38454541 0.0637395875)
(0.890344019 2.36255623 0.0335971703)
(0.908266247 2.35814913 -0.00635396268)
(0.920334986 2.36280275 -0.0564404144)
(0.917765221 2.36566581 -0.113272917)
(0.886599566 2.35062998 -0.167431206)
(0.811226058 2.29865906 -0.201976153)
(0.686299364 2.19994496 -0.199047583)
(0.525496776 2.06846454 -0.15052761)
(0.374738163 1.93427606 -0.0432322598)
(0.21259918 1.91335822 0.152264161)
(0.153322953 1.95184078 0.365121474)
(0.16851132 3.12021824 0.0309994284)
(0.119374117 2.87368597 -0.189360303)
(0.265660066 2.69765748 -0.204992073)
(0.419008212 2.60250368 -0.150235036)
(0.547163098 2.55884282 -0.0980876534)
(0.655207755 2.53856119 -0.061047186)
(0.741317397 2.52539262 -0.0364235638)
(0.803458629 2.51212522 -0.0224921227)
(0.843431515 2.49532509 -0.0204055501)
(0.864858795 2.47269451 -0.0310475253)
(0.867992977 2.43995503 -0.0515615985)
(0.848883791 2.39360716 -0.0773937999)
(0.801314203 2.33048841 -0.0996625933)
(0.719379075 2.24827038 -0.106747426)
(0.602007836 2.14709055 -0.0886476588)
(0.463570959 2.03766088 -0.0483952971)
(0.330535642 1.94017062 -9.06726e-05)
(0.244002035 1.86099493 0.0867178876)
(0.134550848 1.88445009 0.281111533)
(0.131216371 1.94006797 0.501177917)
(0.316370665 3.1095011 -0.18130325)
(0.162495611 2.64287312 -0.322274295)
(0.247256888 2.39012641 -0.253003199)
(0.328296969 2.29214176 -0.187297761)
(0.394067075 2.26484377 -0.138719181)
(0.460017059 2.25690161 -0.097423583)
(0.515439357 2.24931755 -0.0623715676)
(0.551196844 2.23718444 -0.0374612095)
(0.566620828 2.22070117 -0.0253938826)
(0.56536694 2.20021965 -0.0241841477)
(0.549034246 2.17416216 -0.0280989666)
(0.517098364 2.13964603 -0.0284964725)
(0.470458038 2.09627265 -0.0186167429)
(0.414405744 2.05192039 0.0030064443)
(0.357875814 2.02200293 0.030783189)
(0.305075357 2.00883136 0.0505618924)
(0.249301503 1.98177048 0.0668736187)
(0.19943838 1.90224679 0.145126399)
(0.0889811268 1.89958278 0.361522829)
(0.11465827 1.93430743 0.594925168)
(0.279203773 2.78230747 -0.326020731)
(0.0146571682 2.37934025 -0.382107961)
(0.172928527 2.27040602 -0.282983824)
(0.206242027 2.2987613 -0.262927991)
(0.2533753 2.32936103 -0.226842513)
(0.30640501 2.34594963 -0.178314201)
(0.350838177 2.35096823 -0.121661197)
(0.375750756 2.34058474 -0.0712540122)
(0.379867958 2.31269709 -0.0367275064)
(0.371977104 2.27354572 -0.0188029441)
(0.365332424 2.23456468 -0.0111263525)
(0.366417719 2.2005174 -0.00655847375)
(0.370195883 2.16981893 0.000509488519)
(0.368899166 2.14154115 0.0143336883)
(0.353118703 2.11406971 0.0378152646)
(0.317806859 2.08377623 0.0677088997)
(0.249769151 2.03116692 0.112432581)
(0.185118609 1.94470833 0.206790005)
(0.0563021062 1.93079708 0.433388098)
(0.0995779665 1.92915828 0.660146004)
(0.264280158 2.70687502 -0.40074176)
(-0.0243358885 2.41293013 -0.401929666)
(0.155725966 2.3158173 -0.309548826)
(0.0930400865 2.35570729 -0.306151875)
(0.137492805 2.35545992 -0.265434362)
(0.151743407 2.36025654 -0.215754202)
(0.183063602 2.37411016 -0.14967218)
(0.207306453 2.38572001 -0.0881645201)
(0.225461938 2.37864053 -0.045442294)
(0.241630766 2.34658392 -0.0306726225)
(0.257336171 2.29318202 -0.0333957281)
(0.271020842 2.23269483 -0.0366806985)
(0.280031015 2.17844639 -0.024604348)
(0.278739178 2.13469429 0.00970805908)
(0.26290762 2.11020839 0.0615195549)
(0.234629379 2.08506207 0.11369738)
(0.175993784 2.03296965 0.178257668)
(0.142790478 1.96412698 0.27945575)
(0.00674740588 1.9546154 0.500280805)
(0.0793976467 1.93262549 0.707295185)
(0.228377229 2.64149062 -0.463183609)
(-0.0765039751 2.42902109 -0.409229592)
(0.135135872 2.30897312 -0.305755239)
(-0.00804145896 2.34429917 -0.292059088)
(0.0385245001 2.31185848 -0.260637836)
(-0.0165963736 2.29942669 -0.213546682)
(-0.00720130081 2.29069678 -0.155038015)
(-0.010301573 2.29153452 -0.100255326)
(-0.0033545578 2.26676042 -0.0629858946)
(-0.00384702321 2.1985246 -0.0489776427)
(0.00361333474 2.14185669 -0.0502730274)
(0.0259904037 2.12621115 -0.0447162209)
(0.0514726734 2.12773044 -0.0168405217)
(0.0728632355 2.12581777 0.027831705)
(0.0863009741 2.1067203 0.0798260124)
(0.0915516358 2.06515373 0.139992512)
(0.0566927436 2.01737509 0.221696592)
(0.0770970429 1.97620838 0.334245053)
(-0.0584083927 2.02880336 0.563896374)
(0.0481738968 1.89074897 0.715757183)
(0.199243615 2.62261817 -0.494175626)
(-0.0824670401 2.46087715 -0.414976859)
(0.13809093 2.32557156 -0.295633399)
(-0.0188922575 2.32585938 -0.243426464)
(-0.00798793601 2.28970453 -0.220626243)
(-0.0986225404 2.25442457 -0.171026087)
(-0.133440861 2.2161207 -0.122927914)
(-0.16673272 2.2003794 -0.0785421128)
(-0.171490264 2.20242243 -0.0569492163)
(-0.162009367 2.19965539 -0.0585364487)
(-0.148327674 2.18294299 -0.0730812883)
(-0.134543641 2.1578119 -0.0754368653)
(-0.114545892 2.13504861 -0.0505075508)
(-0.0877345061 2.11620948 0.000823673552)
(-0.0659482914 2.08643696 0.0678005984)
(-0.0482094204 2.0442028 0.139945937)
(-0.0461748163 2.01350106 0.227886435)
(-0.0166725969 2.02726884 0.369285939)
(-0.112977433 2.13322742 0.605632132)
(0.0140764967 1.74954711 0.663811999)
(0.19314868 2.62651815 -0.526274633)
(-0.0508729531 2.46833177 -0.448450875)
(0.158192892 2.370468 -0.289987812)
(0.0482179378 2.32291088 -0.187784649)
(0.0343621459 2.2876602 -0.160455561)
(-0.0598640827 2.26646021 -0.115449083)
(-0.110309518 2.24558768 -0.0818997118)
(-0.154753005 2.24202798 -0.0569799468)
(-0.183339462 2.24223894 -0.0488437095)
(-0.205308843 2.23304115 -0.0589944344)
(-0.226089171 2.20472327 -0.0750444066)
(-0.241404296 2.16151208 -0.0787008208)
(-0.238133165 2.12176969 -0.0591088979)
(-0.214144662 2.09364822 -0.0157211508)
(-0.181735394 2.06726793 0.0431757852)
(-0.149624788 2.03994378 0.114396214)
(-0.121884988 2.04049528 0.213255141)
(-0.10478138 2.10847051 0.385080719)
(-0.142621532 2.17584678 0.605632291)
(-0.0106769009 1.54286973 0.568390819)
(0.201517587 2.61459329 -0.578145407)
(-0.00862726504 2.43814284 -0.506115921)
(0.171643066 2.40895434 -0.311121805)
(0.153580911 2.35204101 -0.162190383)
(0.127386852 2.29722269 -0.100691429)
(0.0619261653 2.2803083 -0.0481921277)
(-0.0126317298 2.26293217 -0.0169220692)
(-0.0841413921 2.25298339 -0.00623225437)
(-0.134328082 2.26017956 -0.0112613321)
(-0.181369077 2.26288406 -0.0253383626)
(-0.235104529 2.23839679 -0.0417617691)
(-0.282085962 2.19012628 -0.0584755729)
(-0.301277141 2.13510655 -0.0643944671)
(-0.286983749 2.08774309 -0.044199544)
(-0.250237752 2.05928651 0.00317399395)
(-0.20797292 2.05242499 0.0765859317)
(-0.17091589 2.08122282 0.192508762)
(-0.151672212 2.16133681 0.376454259)
(-0.142547758 2.14102517 0.565044514)
(-0.0158849932 1.35427121 0.464107676)
(0.196954436 2.55303446 -0.653791891)
(-0.00136213494 2.37658462 -0.566780553)
(0.160125777 2.38019354 -0.371861048)
(0.210854793 2.37512584 -0.194436304)
(0.217281637 2.32550402 -0.0720081618)
(0.195910158 2.27325775 0.00325743958)
(0.150168243 2.26535534 0.0504768421)
(0.0854711644 2.28205479 0.0701103158)
(0.0128518628 2.29467523 0.0666808325)
(-0.0700972491 2.27451328 0.0523164319)
(-0.163218382 2.2463485 0.0259168431)
(-0.239087241 2.23735418 -0.0181849617)
(-0.288153145 2.20702922 -0.0587604748)
(-0.305770766 2.14812406 -0.0683575103)
(-0.287099889 2.09224979 -0.0381337499)
(-0.239707912 2.0737001 0.0372940149)
(-0.189902822 2.1080207 0.162632238)
(-0.154658105 2.16950049 0.343468634)
(-0.119484022 2.07979988 0.502645989)
(-0.0029674267 1.25794653 0.378859093)
(0.157069886 2.44814967 -0.721947679)
(-0.0522009769 2.29074655 -0.597072695)
(0.109583822 2.27773276 -0.451010636)
(0.159031693 2.32008243 -0.274090995)
(0.226992746 2.33137735 -0.10521339)
(0.264461723 2.29704806 0.0179268953)
(0.256277484 2.24745869 0.0913565562)
(0.215570523 2.22938475 0.128561932)
(0.158429691 2.24259295 0.138868385)
(0.0921661193 2.25415443 0.132565548)
(0.0189117557 2.25056378 0.112066139)
(-0.0510691095 2.26312072 0.0742469796)
(-0.12495016 2.28173505 0.0206314939)
(-0.214642531 2.25088776 -0.0387467007)
(-0.265444457 2.18833346 -0.0624306962)
(-0.252608916 2.12775307 -0.0123652064)
(-0.191045761 2.11606212 0.115996844)
(-0.130319584 2.15081687 0.291137251)
(-0.0870829534 2.03985552 0.437731753)
(0.0166517788 1.26020202 0.322864828)
(0.0935856957 2.34632215 -0.723882292)
(-0.129748983 2.18631265 -0.590783273)
(-0.00507208275 2.17636263 -0.510094268)
(0.0150553199 2.24339774 -0.35263494)
(0.131988126 2.28138596 -0.189708505)
(0.22930641 2.28808238 -0.0347728195)
(0.284020521 2.26583273 0.0871907139)
(0.288558402 2.22642465 0.162542825)
(0.256237016 2.19968969 0.194334208)
(0.205851098 2.19413895 0.195465084)
(0.14881794 2.19821688 0.176088245)
(0.0892592683 2.21237285 0.141713983)
(0.028481835 2.24499589 0.102565488)
(-0.0432188366 2.27577863 0.0608745525)
(-0.129957137 2.28022122 0.00653434576)
(-0.195923134 2.23425379 -0.0255723488)
(-0.180201938 2.15642346 0.0478700035)
(-0.101347453 2.12099855 0.218654675)
(-0.0583941815 2.0277056 0.380200278)
(0.0339914033 1.32181342 0.294283847)
(0.0360292313 2.27255515 -0.634816573)
(-0.209859784 2.1000168 -0.554619151)
(-0.166110525 2.15009073 -0.522625313)
(-0.144468951 2.23571546 -0.428915098)
(-0.0247148126 2.29805245 -0.303818972)
(0.0978977992 2.32124639 -0.138502594)
(0.198124839 2.29044286 0.0218815144)
(0.254530472 2.25038369 0.141758312)
(0.266993919 2.20923565 0.209302269)
(0.249274448 2.1782617 0.231818625)
(0.214574561 2.16240303 0.222406593)
(0.170172302 2.16084599 0.193798371)
(0.120730671 2.17927526 0.159602867)
(0.0685350282 2.2199268 0.127149369)
(0.00531527675 2.26784024 0.0920865768)
(-0.066773421 2.29464073 0.0445808313)
(-0.122376387 2.25835615 0.0281949914)
(-0.0709041131 2.13791664 0.132860877)
(-0.0467151987 2.02428855 0.329443008)
(0.0472919934 1.40170779 0.285826242)
(-0.00201702428 2.22010374 -0.48400648)
(-0.28896096 2.07657318 -0.463271278)
(-0.305309664 2.17010186 -0.501957142)
(-0.309029161 2.26406872 -0.497195594)
(-0.220787447 2.37205083 -0.416420021)
(-0.0914930343 2.47164816 -0.254312549)
(0.043220957 2.4788392 -0.0601980526)
(0.124763139 2.37476296 0.0929689131)
(0.17275062 2.28827129 0.18749427)
(0.194388571 2.2266184 0.234354028)
(0.194335652 2.18589915 0.2437265)
(0.177154653 2.1631466 0.228197187)
(0.14731281 2.15987802 0.20071061)
(0.112651258 2.18319084 0.172027681)
(0.0726728556 2.23371123 0.145832425)
(0.0317414661 2.28858167 0.112095989)
(-0.0404076483 2.32825128 0.0709561024)
(-0.0254142521 2.21630178 0.0964745015)
(-0.0549049952 2.03378931 0.288608647)
(0.057185125 1.46393053 0.285855516)
(-0.0223205033 2.19353869 -0.290937504)
(-0.34078977 2.08824843 -0.328411378)
(-0.405226508 2.18501508 -0.444484139)
(-0.456058207 2.24160407 -0.525665367)
(-0.416576378 2.34009874 -0.514450688)
(-0.310466245 2.51041659 -0.3873995)
(-0.157903499 2.6649769 -0.180689087)
(-0.0298031195 2.66328804 0.0162838431)
(0.0328070806 2.51523067 0.138543949)
(0.0782687673 2.40106349 0.204356574)
(0.107836096 2.32172116 0.233414729)
(0.12007078 2.26773887 0.235638633)
(0.115084561 2.23509746 0.220175361)
(0.0995753469 2.22681587 0.197502254)
(0.0766538897 2.25190232 0.175855015)
(0.0582082748 2.30110812 0.152104874)
(0.00433796927 2.35583936 0.113562277)
(0.000826577313 2.27380734 0.118098008)
(-0.0686726854 2.06866554 0.268390354)
(0.0575564069 1.47650349 0.280010045)
(-0.019841394 2.18601263 -0.0852976799)
(-0.345463766 2.1122273 -0.17227577)
(-0.42570356 2.21183614 -0.350026171)
(-0.513836889 2.21512281 -0.501343219)
(-0.543877996 2.22683628 -0.563544968)
(-0.508839307 2.35672063 -0.502758958)
(-0.38739664 2.59493725 -0.320262479)
(-0.228772041 2.77768215 -0.0930776371)
(-0.119444281 2.75215558 0.071360146)
(-0.0673529212 2.62311864 0.15135913)
(-0.0240953128 2.51688233 0.1956514)
(0.00845907854 2.4333851 0.216789499)
(0.0227804801 2.36802847 0.217867184)
(0.0239988476 2.32603944 0.207206411)
(0.0151792062 2.32192856 0.193369284)
(0.0181601356 2.34629269 0.176230241)
(-0.00191672869 2.38128063 0.132590875)
(-0.00336020775 2.34548007 0.147724824)
(-0.0688753695 2.1546597 0.261930118)
(0.0396113046 1.43534501 0.267352808)
(0.00389846225 2.18895896 0.099662658)
(-0.300028606 2.1424413 -0.0222053953)
(-0.349720851 2.2888728 -0.234301262)
(-0.442843418 2.2857708 -0.415871064)
(-0.531925231 2.19356333 -0.51995596)
(-0.60155223 2.17638139 -0.537137281)
(-0.578971187 2.34217291 -0.433012485)
(-0.455080402 2.62018991 -0.223288552)
(-0.311717113 2.78681941 -0.0121574313)
(-0.232942084 2.7400756 0.109666626)
(-0.188737412 2.63537393 0.163473311)
(-0.149893007 2.54642967 0.194479173)
(-0.121295134 2.47406251 0.207583035)
(-0.100473233 2.42999234 0.202642333)
(-0.0801459456 2.42648864 0.184238462)
(-0.0524820091 2.45312796 0.157964229)
(-0.0487087569 2.48389486 0.133785297)
(-0.060676715 2.42003475 0.183825746)
(-0.0870377667 2.08934401 0.267841536)
(-0.0205274167 1.1095662 0.229436215)
(0.0434024173 2.19900092 0.241452596)
(-0.233507693 2.15619573 0.0964772219)
(-0.233164876 2.3610183 -0.128833114)
(-0.30299426 2.40578739 -0.30765059)
(-0.399893475 2.28525674 -0.393351613)
(-0.549139552 2.13242192 -0.446758949)
(-0.662165161 2.10105385 -0.443064955)
(-0.654338625 2.28186214 -0.328619469)
(-0.536114389 2.57463655 -0.146671458)
(-0.405424104 2.7557934 0.00898926921)
(-0.330137013 2.75244973 0.097147364)
(-0.284248137 2.69513107 0.138974821)
(-0.245245165 2.65284693 0.158985564)
(-0.216311674 2.62750125 0.160712034)
(-0.198670738 2.59909802 0.153509611)
(-0.196829343 2.51904034 0.152675163)
(-0.208300642 2.33271706 0.17247405)
(-0.199346584 1.99173819 0.215430707)
(-0.155161272 1.40007494 0.229706875)
(-0.0664381283 0.454893263 0.134288305)
(0.077583745 2.21893292 0.344318354)
(-0.190974946 2.13903752 0.178344308)
(-0.151845695 2.34915873 -0.0620122094)
(-0.214195583 2.43287409 -0.239736523)
(-0.269592583 2.36006937 -0.27031115)
(-0.396771596 2.22707337 -0.274645523)
(-0.587692179 2.05397616 -0.307657001)
(-0.740448222 1.96965981 -0.2956404)
(-0.768517768 2.0845561 -0.200901361)
(-0.697849275 2.30426493 -0.0708172802)
(-0.609508433 2.44938304 0.0374996636)
(-0.557392135 2.43773569 0.11086032)
(-0.526293337 2.34650125 0.157530011)
(-0.513216603 2.18212705 0.18202889)
(-0.504196738 1.93995102 0.185528308)
(-0.476281564 1.64319958 0.173510137)
(-0.410423915 1.32410514 0.154434037)
(-0.303527943 0.994039863 0.131805064)
(-0.173321237 0.632752618 0.0882116485)
(-0.0451726605 0.253930605 0.0117789184)
(0.104938615 2.25194674 0.416179952)
(-0.175535672 2.12631996 0.242044223)
(-0.121813989 2.31217645 -0.0142264745)
(-0.207930348 2.37836155 -0.20416591)
(-0.247027287 2.28773539 -0.219303114)
(-0.270584647 2.25950342 -0.148533446)
(-0.361037786 2.20440529 -0.107058506)
(-0.56657274 2.00969615 -0.141173439)
(-0.741891957 1.85345071 -0.152066449)
(-0.818168862 1.79677856 -0.0900701225)
(-0.814768643 1.7925547 0.0045914281)
(-0.77112557 1.80032377 0.08706431)
(-0.727165845 1.75293447 0.132016061)
(-0.671853191 1.68356331 0.135010236)
(-0.587899532 1.64629536 0.0988681336)
(-0.461275864 1.67850197 0.0409258789)
(-0.300591667 1.75111636 -0.0108342303)
(-0.143566865 1.76613855 -0.0354502289)
(-0.0203984131 1.65234464 -0.0359239264)
(0.0222069749 1.04928932 -0.0428330382)
(0.126982371 2.29353669 0.466099658)
(-0.169309886 2.13136948 0.307242655)
(-0.103312435 2.31090994 0.0548950585)
(-0.218140687 2.35776427 -0.147247879)
(-0.272101685 2.19986874 -0.195972385)
(-0.273802043 2.12661664 -0.153050345)
(-0.226430502 2.1678065 -0.060222596)
(-0.192437036 2.27907735 0.019949117)
(-0.229307194 2.37887165 0.0293577763)
(-0.344549469 2.32903616 -0.00313806049)
(-0.447608877 2.17799986 0.00148652514)
(-0.495345866 2.06996258 0.0390919165)
(-0.48740356 2.07438258 0.0651105679)
(-0.436882999 2.1694294 0.0515434012)
(-0.357101357 2.30055769 -0.000869851061)
(-0.268271506 2.35450512 -0.0726330753)
(-0.178733986 2.25492016 -0.135336216)
(-0.0757513824 2.06865275 -0.152918164)
(0.0177760269 1.87310026 -0.0943135004)
(0.100521644 1.47124961 0.00594283566)
(0.140740963 2.33249759 0.501336839)
(-0.16675442 2.14983508 0.37479014)
(-0.0889554349 2.32445882 0.128227223)
(-0.217112598 2.36418258 -0.075527758)
(-0.27501196 2.2040959 -0.154357862)
(-0.300102335 2.1250633 -0.164767944)
(-0.285312166 2.11506664 -0.13031141)
(-0.245421756 2.1454827 -0.0674461614)
(-0.192545537 2.23714746 0.0207111747)
(-0.171727417 2.34762798 0.0923529871)
(-0.214303582 2.36038446 0.110556347)
(-0.270626106 2.30629784 0.0970865657)
(-0.308109672 2.28945028 0.074552925)
(-0.336152881 2.31915978 0.0364142437)
(-0.352406516 2.33252984 -0.0308869348)
(-0.339818747 2.27509273 -0.124817495)
(-0.295348282 2.09823763 -0.220136927)
(-0.214718758 1.799703 -0.258900421)
(-0.100520086 1.41740519 -0.17562228)
(0.0490917218 1.07701342 0.0363063168)
(0.143551266 2.35843436 0.53081776)
(-0.16494273 2.17566431 0.441031797)
(-0.0763426868 2.34771255 0.201487909)
(-0.212268481 2.37656163 -0.00456552666)
(-0.269594768 2.22046584 -0.106431724)
(-0.300459352 2.15885563 -0.146329211)
(-0.292925289 2.15924714 -0.133683411)
(-0.26539004 2.15511536 -0.0907186451)
(-0.226259916 2.14231406 -0.0238785105)
(-0.177272534 2.18540778 0.0642328896)
(-0.14887115 2.27365402 0.135060955)
(-0.173732463 2.30199566 0.152132151)
(-0.23207339 2.29643397 0.136786425)
(-0.297673208 2.33594401 0.0976576986)
(-0.346870666 2.38637666 0.012095683)
(-0.371461524 2.35013679 -0.124181116)
(-0.364801965 2.20312185 -0.270036269)
(-0.304229854 1.92618429 -0.357030168)
(-0.187256933 1.36761606 -0.288729452)
(-0.0392243165 0.508938994 -0.0408094144)
(0.13835154 2.37020299 0.562035216)
(-0.160712272 2.2048523 0.500308901)
(-0.0613060512 2.37556433 0.27305888)
(-0.204177235 2.39452749 0.067182281)
(-0.261436837 2.24346049 -0.0556198345)
(-0.302980498 2.18320911 -0.131716338)
(-0.301060156 2.1924228 -0.149164876)
(-0.271058579 2.21458658 -0.122246732)
(-0.23380786 2.19016188 -0.0650171807)
(-0.198964342 2.13738332 0.0173493357)
(-0.158922228 2.1492675 0.114357801)
(-0.147264274 2.20706627 0.180495845)
(-0.189423178 2.25415139 0.195791958)
(-0.25318059 2.34043487 0.161982838)
(-0.307626935 2.40852415 0.0616009125)
(-0.350638675 2.3556819 -0.101865377)
(-0.367958206 2.25419163 -0.292560781)
(-0.334039997 2.13554177 -0.444331619)
(-0.234349466 1.72294209 -0.443527128)
(-0.0817383584 0.656913252 -0.181443922)
(0.131850811 2.37560919 0.594743051)
(-0.150329868 2.23420031 0.547461247)
(-0.0352433947 2.4033093 0.339354432)
(-0.177741532 2.42711318 0.139073337)
(-0.229281046 2.28809655 0.00567945911)
(-0.288556104 2.21083379 -0.103330457)
(-0.308033865 2.18815145 -0.15566814)
(-0.289323582 2.21126931 -0.152176552)
(-0.245205015 2.22779711 -0.100364658)
(-0.206424775 2.17712676 -0.0182311548)
(-0.173873112 2.11296775 0.0851894222)
(-0.144564694 2.13484017 0.184987696)
(-0.153726506 2.21928134 0.235277848)
(-0.190230945 2.33783271 0.215046436)
(-0.22785227 2.37798451 0.113409425)
(-0.266441554 2.24814097 -0.0611813869)
(-0.293692036 2.12098053 -0.278748938)
(-0.291109097 2.13564561 -0.489540352)
(-0.232312819 2.0509631 -0.586607337)
(-0.0741760172 1.17935833 -0.362207544)
(0.132886016 2.38321196 0.62154598)
(-0.132494489 2.2651189 0.578553047)
(0.0106207295 2.4232023 0.393925591)
(-0.129630478 2.46701147 0.20213214)
(-0.157558494 2.35792964 0.0754073351)
(-0.22945502 2.28041155 -0.0534563217)
(-0.273686278 2.21471847 -0.140327596)
(-0.28712408 2.18512209 -0.173109244)
(-0.25866476 2.20507059 -0.139470914)
(-0.210905717 2.21400855 -0.0525950957)
(-0.175594704 2.14698624 0.0574040756)
(-0.138387497 2.1269722 0.169931556)
(-0.115277253 2.20728887 0.244687813)
(-0.114370046 2.32861154 0.240973652)
(-0.123160385 2.33649728 0.146453439)
(-0.14425092 2.13578002 -0.0228706836)
(-0.16788787 1.9393488 -0.239268684)
(-0.185648269 1.94503634 -0.478477517)
(-0.194215682 2.06886737 -0.66750404)
(-0.0399325774 1.55247963 -0.530049671)
(0.15220219 2.39940598 0.633069017)
(-0.108512294 2.29800174 0.591832841)
(0.0788484859 2.43076557 0.420390496)
(-0.0659635261 2.49573791 0.253670035)
(-0.0524171962 2.41417224 0.137439976)
(-0.119283483 2.38330666 0.0125581535)
(-0.167763112 2.3187519 -0.0926863466)
(-0.207800202 2.23096513 -0.160532554)
(-0.219953789 2.17201105 -0.166393028)
(-0.191014083 2.20437446 -0.0975170665)
(-0.142862208 2.22671889 0.0190877744)
(-0.107395716 2.17905779 0.135876732)
(-0.0669856507 2.21897174 0.220749487)
(-0.0358186609 2.31579998 0.233257305)
(-0.0164268189 2.32138901 0.152683432)
(-0.0201020473 2.12750061 -0.00593001276)
(-0.0422402067 1.89260615 -0.201455911)
(-0.0559708383 1.80307844 -0.43304552)
(-0.127310456 1.95054844 -0.678646547)
(0.00414029425 1.76464201 -0.648948648)
(0.191205253 2.44887508 0.612600094)
(-0.0608873772 2.31631705 0.592836252)
(0.127500818 2.42585063 0.415207185)
(0.0313454969 2.50184243 0.286952057)
(0.0409608887 2.44147954 0.174214476)
(-0.00577725249 2.40185153 0.0618933202)
(-0.0320357704 2.41304288 -0.0391580484)
(-0.0588164263 2.36251165 -0.118015187)
(-0.0896890753 2.23316047 -0.150677547)
(-0.119386186 2.13681561 -0.122228894)
(-0.0858046959 2.22139408 -0.0300140666)
(-0.0479096701 2.25304901 0.0879277473)
(-0.00434335545 2.25444895 0.176267405)
(0.0381184059 2.30526034 0.198547977)
(0.0715485032 2.30982283 0.137957641)
(0.0811346608 2.16122864 0.00170211057)
(0.047174829 1.93310566 -0.175257571)
(0.0384499172 1.77727765 -0.390451372)
(-0.0498732215 1.85696554 -0.654240225)
(0.0443848642 1.86108952 -0.700061682)
(0.236904024 2.55974714 0.546066244)
(0.0179501613 2.32507547 0.576357867)
(0.167767026 2.40180697 0.402404564)
(0.140860728 2.48321492 0.293935811)
(0.128542916 2.4568098 0.192474197)
(0.101242935 2.40188654 0.0921860146)
(0.0752054844 2.38203816 -0.0135069611)
(0.0657306596 2.38817418 -0.103328658)
(0.0719163554 2.35619757 -0.125846474)
(0.0311708177 2.18217907 -0.0908332695)
(-0.0141709 2.087116 -0.043614692)
(-0.000945018985 2.20935394 0.0384817979)
(0.0463330104 2.26550875 0.122923317)
(0.090345626 2.29153614 0.153393532)
(0.123927149 2.27846761 0.113964374)
(0.134508118 2.14822668 0.0101504327)
(0.0982301143 1.93054907 -0.143710918)
(0.0816201999 1.78722785 -0.361730104)
(0.0234758075 1.86214817 -0.629149152)
(0.0774161401 1.87686023 -0.687119832)
(0.266025355 2.73778429 0.427295927)
(0.105159039 2.37613586 0.529383182)
(0.218312981 2.369604 0.393802263)
(0.241197743 2.43899042 0.289732902)
(0.222974256 2.44973071 0.200440047)
(0.202077623 2.41010865 0.110955856)
(0.187247264 2.38445697 0.00865838853)
(0.179149692 2.3644175 -0.0959176264)
(0.153431822 2.29047329 -0.136944728)
(0.161316441 2.24138788 -0.0745565245)
(0.119308909 2.11168166 0.00281825731)
(0.0632218325 2.04496642 0.0406503629)
(0.0712274973 2.13975675 0.0807026954)
(0.102588993 2.19954938 0.109732429)
(0.127561008 2.18102205 0.0902330055)
(0.138679966 2.06088209 0.0129695477)
(0.105818642 1.86766921 -0.120276434)
(0.117784385 1.80519569 -0.350314009)
(0.0859406368 1.91098172 -0.598337494)
(0.104142319 1.88998104 -0.633502761)
(0.260925519 2.91151969 0.269559726)
(0.150208194 2.48636559 0.424508551)
(0.26258807 2.37475216 0.363517107)
(0.320838378 2.39635212 0.280957325)
(0.316872075 2.42256766 0.20582296)
(0.30283178 2.41316577 0.127284694)
(0.29559365 2.39954288 0.0312864256)
(0.273741404 2.35625722 -0.0651085311)
(0.203680076 2.20455971 -0.111754471)
(0.160992229 2.08008734 -0.0719756337)
(0.171559092 2.06294951 0.0244016274)
(0.148823223 2.0190145 0.0793036189)
(0.120337617 2.006209 0.0876349544)
(0.115396604 2.02382482 0.0858662465)
(0.123651139 2.00548015 0.0620546408)
(0.121614798 1.9084926 0.00621135202)
(0.116649808 1.80945572 -0.128068116)
(0.182483496 1.88035346 -0.363656189)
(0.157446836 1.98016804 -0.552269229)
(0.131339982 1.90893951 -0.534660539)
(0.252681075 3.03230915 0.153027368)
(0.116465606 2.57043851 0.321480868)
(0.255998224 2.37050119 0.304136377)
(0.349677288 2.33349209 0.243649467)
(0.371430801 2.35239839 0.188635579)
(0.371777266 2.36764527 0.130920127)
(0.36324216 2.36554553 0.0601131749)
(0.321086384 2.30120155 -0.00480351881)
(0.22285525 2.11189705 -0.0361586892)
(0.119060825 1.91291556 -0.0288786376)
(0.111871235 1.90012494 0.0247140709)
(0.138129782 1.93364044 0.0857671626)
(0.143793284 1.92532427 0.115281637)
(0.13811278 1.90028384 0.12058886)
(0.135530394 1.85380163 0.0997992707)
(0.148454584 1.80503594 0.00942728779)
(0.224657801 1.88651193 -0.183246999)
(0.306540936 2.02749499 -0.385832174)
(0.245792755 2.05836709 -0.476920998)
(0.162460762 1.92196414 -0.384057312)
(0.256030351 3.23892881 -0.0188256583)
(0.159507898 2.86546166 0.172675779)
(0.276444755 2.55321387 0.221267657)
(0.379251398 2.37601703 0.188503745)
(0.419012196 2.29698553 0.146597765)
(0.428846463 2.26588813 0.107522862)
(0.422550918 2.2434491 0.0694907817)
(0.389888794 2.19647111 0.0450192538)
(0.325579737 2.10308136 0.0398526509)
(0.24383992 1.97317488 0.0355272488)
(0.173444411 1.86109556 0.0322322224)
(0.146439989 1.81127636 0.0497134721)
(0.157739259 1.79494791 0.0694761076)
(0.188480991 1.79181297 0.0642770027)
(0.253211248 1.8353124 0.00599841272)
(0.3602974 1.96364592 -0.115468919)
(0.454287512 2.12595979 -0.265713451)
(0.464033996 2.18691599 -0.370764858)
(0.32412743 2.10025628 -0.353625933)
(0.190255473 1.91867243 -0.191322204)
(0.00828097744 2.9206239 -0.0821438711)
(0.00899751142 2.98551805 0.0464550907)
(0.251742037 2.85583168 0.124904832)
(0.42167978 2.70718039 0.146549163)
(0.518845245 2.58043054 0.142125628)
(0.572289363 2.4829736 0.127933973)
(0.600233645 2.40971956 0.111167546)
(0.608872844 2.35009231 0.0993466034)
(0.604490595 2.2939796 0.096234762)
(0.597021717 2.23580836 0.0965877695)
(0.591658151 2.1779154 0.0922904437)
(0.592417844 2.13062633 0.0812898188)
(0.606229561 2.1029615 0.0621098278)
(0.639944983 2.11451584 0.0234657146)
(0.692837429 2.18748428 -0.0461131622)
(0.72334509 2.28614145 -0.14376884)
(0.681928209 2.33267 -0.232832432)
(0.547673897 2.22698408 -0.258330091)
(0.319526175 2.04873811 -0.172916055)
(0.192786507 1.88807097 0.0214974901)
(0.131692451 3.09457759 -0.00891626145)
(0.0264666024 2.93253024 -0.163040973)
(0.241502596 2.78658455 -0.145494681)
(0.406828109 2.70288381 -0.0805403904)
(0.517716497 2.65372167 -0.0269169801)
(0.600530009 2.61840455 0.00645790045)
(0.666985878 2.58829895 0.0245538275)
(0.720548265 2.56002763 0.0343700422)
(0.765598832 2.53275356 0.0416344409)
(0.807759558 2.50675797 0.046318766)
(0.849120588 2.48271531 0.0451787405)
(0.887376229 2.46152706 0.0373890039)
(0.917323491 2.44608097 0.0214605895)
(0.93223718 2.43868152 -0.00856840058)
(0.907812554 2.42956928 -0.0514871559)
(0.819871677 2.40160626 -0.0927955835)
(0.647264142 2.29964115 -0.101484776)
(0.416806908 2.06952662 -0.0611185177)
(0.147442111 1.89295747 0.055900561)
(0.156562055 1.84767898 0.222153813)
(0.283738979 3.15098003 -0.145047883)
(0.1835571 2.72199109 -0.267271656)
(0.277840355 2.47850958 -0.217055745)
(0.355681536 2.35909828 -0.138662998)
(0.391961343 2.29633982 -0.0840985379)
(0.418609733 2.25539552 -0.0519350207)
(0.444031628 2.22281639 -0.0342493429)
(0.466284174 2.19540893 -0.0245027013)
(0.486919624 2.17209824 -0.0177913293)
(0.508109099 2.15103563 -0.0138094672)
(0.529265965 2.13062763 -0.0139637902)
(0.548870251 2.11434895 -0.015926773)
(0.56332201 2.1108122 -0.0139554527)
(0.559458706 2.12399078 -0.00322595945)
(0.518028267 2.13945866 0.0173307147)
(0.424377978 2.11105485 0.0563469212)
(0.287606669 2.01755085 0.108637814)
(0.185174444 1.9173538 0.133592877)
(0.0267698923 1.88670208 0.169689105)
(0.134251107 1.84255106 0.321098941)
(0.252676506 2.82004379 -0.316518053)
(0.0743274618 2.42323364 -0.388077538)
(0.198180839 2.32977332 -0.254215095)
(0.251897911 2.32806037 -0.148689196)
(0.259384173 2.32894531 -0.086524689)
(0.269003104 2.30430886 -0.0461563293)
(0.280699003 2.25985885 -0.0215605717)
(0.2886059 2.21091037 -0.00932347757)
(0.292674386 2.16646239 -0.00427958894)
(0.292630622 2.12634423 -0.00331195556)
(0.285402116 2.08463148 -0.00637204288)
(0.268046518 2.03911801 -0.00992324793)
(0.24747791 2.00544384 -0.0020354643)
(0.231552893 1.99433461 0.0276985346)
(0.210288896 1.99270814 0.0774540799)
(0.172985913 1.97308447 0.131270521)
(0.117566411 1.94140353 0.173277276)
(0.115980878 1.93439554 0.180616295)
(-0.00651429082 1.93782372 0.200032519)
(0.119958049 1.84806565 0.358458328)
(0.248373751 2.72229991 -0.408456639)
(0.058064942 2.45310477 -0.431170191)
(0.181433025 2.45163612 -0.277105105)
(0.211072014 2.49229648 -0.179541058)
(0.216382536 2.50299395 -0.123924776)
(0.24196891 2.47911433 -0.0868770172)
(0.275786774 2.43880093 -0.0622303734)
(0.308133551 2.39518186 -0.0450843331)
(0.335011997 2.35268263 -0.030408701)
(0.351881495 2.31115233 -0.0145903141)
(0.354353806 2.27003002 0.00372484175)
(0.336034113 2.22281055 0.0200585736)
(0.290278403 2.1595637 0.0341295757)
(0.22627816 2.08591854 0.0589421633)
(0.168052901 2.02867204 0.103785455)
(0.134341596 2.00119888 0.151014839)
(0.103732101 1.99908681 0.183833892)
(0.124646581 2.00389472 0.198107332)
(-0.000447805342 1.98312855 0.230054155)
(0.109760908 1.85268801 0.387729072)
(0.239849419 2.6667893 -0.515026339)
(0.0347202265 2.49814622 -0.48357059)
(0.163550068 2.52975552 -0.305680038)
(0.17165918 2.55867257 -0.202813134)
(0.180133738 2.53996485 -0.146580716)
(0.210999277 2.49609092 -0.116095839)
(0.247063775 2.45245484 -0.097212637)
(0.283195201 2.41370525 -0.0800631993)
(0.314930917 2.37628943 -0.0601690237)
(0.337665315 2.33846266 -0.0354579668)
(0.34916051 2.30218513 -0.00352139632)
(0.347997869 2.27027988 0.0366306149)
(0.326963777 2.23464173 0.0790745967)
(0.282233503 2.18414502 0.116453104)
(0.226529463 2.12787385 0.14964077)
(0.185794962 2.08976385 0.178013864)
(0.142537762 2.07745467 0.203269654)
(0.145756117 2.06051923 0.228056036)
(0.0115182209 2.01118049 0.276825266)
(0.102892985 1.85359796 0.426371291)
(0.207427944 2.59956 -0.603066152)
(-0.0148597183 2.53227351 -0.506277604)
(0.134356148 2.55776389 -0.330539662)
(0.123561562 2.56566233 -0.225099395)
(0.15427014 2.53273021 -0.175180486)
(0.196019134 2.49268779 -0.155965745)
(0.232913773 2.45715915 -0.140629717)
(0.26488737 2.41956189 -0.119058438)
(0.286808943 2.37620072 -0.0893903665)
(0.295400388 2.3291879 -0.0528216459)
(0.292723682 2.28266783 -0.0108038406)
(0.285882263 2.24521902 0.0396349267)
(0.277793126 2.2218847 0.0968326206)
(0.262000627 2.20222401 0.150288186)
(0.23282754 2.17573932 0.190124154)
(0.202286108 2.1463146 0.215648501)
(0.151829111 2.12399331 0.241633889)
(0.145844933 2.08972477 0.271121841)
(0.0106683362 2.02487607 0.333454981)
(0.0959947328 1.84640237 0.466814787)
(0.159268253 2.55159028 -0.657871054)
(-0.0675414049 2.55247189 -0.511319706)
(0.089584659 2.55215316 -0.377173195)
(0.0600791178 2.55899576 -0.266796307)
(0.116907023 2.52964484 -0.22470943)
(0.156981859 2.49443254 -0.204090126)
(0.187760632 2.45030236 -0.180453987)
(0.210622581 2.39986889 -0.147199936)
(0.222083041 2.35135049 -0.103380362)
(0.220631544 2.30741851 -0.0536227161)
(0.209668632 2.26622441 -0.00279865404)
(0.194983344 2.22890407 0.048289678)
(0.18418606 2.20331808 0.104300212)
(0.178855826 2.19032607 0.161696816)
(0.168573485 2.17904188 0.210222196)
(0.155700601 2.15895002 0.244168268)
(0.110744123 2.13774308 0.281810531)
(0.120445548 2.09749878 0.313515074)
(-0.0178671788 2.01051953 0.381873862)
(0.0858560802 1.84267432 0.501692981)
(0.109254265 2.52319532 -0.661906876)
(-0.118244626 2.53207523 -0.498684712)
(-0.00255832861 2.51855978 -0.403385454)
(-0.043718425 2.52177261 -0.293333833)
(0.0098777804 2.47705002 -0.263720729)
(0.0260838685 2.42484803 -0.233599076)
(0.0465701866 2.36337349 -0.202644809)
(0.0638949583 2.31441076 -0.160253635)
(0.0770034638 2.28670641 -0.104568135)
(0.0831133642 2.26917788 -0.0444794411)
(0.0784400912 2.24658081 0.0112955841)
(0.0711219988 2.22245633 0.0609952345)
(0.0673257092 2.20153878 0.111705623)
(0.0703031169 2.18696724 0.165135155)
(0.0697022623 2.1748824 0.216164016)
(0.0763821802 2.15447394 0.258755924)
(0.0333266697 2.13801893 0.309429736)
(0.0770313701 2.07378462 0.348108756)
(-0.0729013299 2.01986323 0.423665737)
(0.0648547193 1.79878247 0.511354086)
(0.0696541576 2.50661404 -0.604808994)
(-0.169820498 2.48391338 -0.465557145)
(-0.125637905 2.46999152 -0.38162149)
(-0.163959667 2.44594728 -0.300423643)
(-0.150515091 2.38784494 -0.272815109)
(-0.143028243 2.32970615 -0.245895872)
(-0.127411308 2.28306432 -0.217470974)
(-0.108608567 2.26122291 -0.173139307)
(-0.0855050315 2.26177382 -0.112165184)
(-0.0636569199 2.26766019 -0.0452178594)
(-0.0534431002 2.25781158 0.0134427455)
(-0.0476496491 2.23856482 0.0619580639)
(-0.0403986502 2.21800693 0.109759993)
(-0.0322608785 2.19466601 0.16018742)
(-0.0279193386 2.16860761 0.211980817)
(-0.0148182461 2.13666383 0.263815919)
(-0.0468414015 2.10706722 0.318064865)
(-0.00704528463 2.05643975 0.373522696)
(-0.123517119 2.10169842 0.454398699)
(0.0302779434 1.65774559 0.470033696)
(0.0399566778 2.48590534 -0.500076813)
(-0.229021632 2.44313313 -0.388586867)
(-0.234873489 2.41581531 -0.329511516)
(-0.285685785 2.37679705 -0.285971767)
(-0.28521622 2.33159722 -0.271204745)
(-0.27639439 2.29833009 -0.257265233)
(-0.262986462 2.27407432 -0.232793469)
(-0.249296104 2.25543411 -0.191977234)
(-0.228514207 2.24766093 -0.134242837)
(-0.19846911 2.25262038 -0.0677607222)
(-0.170477963 2.25334607 -0.00581027093)
(-0.154008561 2.2328141 0.0477148873)
(-0.140998865 2.20253664 0.0975761049)
(-0.129821393 2.16821634 0.148695047)
(-0.120846794 2.13375348 0.20251887)
(-0.113360937 2.10908788 0.260179718)
(-0.128278795 2.11580315 0.321320059)
(-0.121914189 2.16405745 0.400187475)
(-0.166945539 2.14339371 0.467132002)
(-0.0303757585 1.31603659 0.381495402)
(0.0142730839 2.46903273 -0.35024787)
(-0.283151783 2.41359486 -0.276407622)
(-0.324958843 2.38322872 -0.258891423)
(-0.378871266 2.3496207 -0.26087823)
(-0.377023439 2.32003807 -0.271419182)
(-0.362661783 2.3005532 -0.265503111)
(-0.348876412 2.28538943 -0.23909011)
(-0.345280515 2.26272582 -0.198446499)
(-0.343171255 2.22988215 -0.147678981)
(-0.329468783 2.20116606 -0.0882749111)
(-0.30337431 2.1851879 -0.026692994)
(-0.275521875 2.17327351 0.0292556282)
(-0.252717416 2.15701556 0.0804481959)
(-0.234084338 2.14261717 0.134015939)
(-0.222443398 2.13939177 0.193955098)
(-0.223390697 2.15416061 0.264736922)
(-0.242477067 2.16564408 0.347143783)
(-0.259661881 2.06067085 0.42489433)
(-0.243651621 1.58725096 0.412441619)
(-0.100926859 0.549011787 0.208160769)
(-0.00634982753 2.45780506 -0.167839414)
(-0.325821529 2.40600803 -0.139136135)
(-0.389769685 2.38943001 -0.176694279)
(-0.444526629 2.36217614 -0.233990401)
(-0.441765 2.32288112 -0.278525704)
(-0.420394663 2.28887843 -0.28212446)
(-0.396001798 2.27995234 -0.246361191)
(-0.385879893 2.28618898 -0.19314903)
(-0.392937624 2.2750485 -0.141971658)
(-0.40361388 2.23878848 -0.0955637182)
(-0.401074139 2.20303459 -0.0471063414)
(-0.384298028 2.18447618 0.00632444498)
(-0.364935674 2.17518473 0.0631814958)
(-0.349915906 2.16800108 0.126651253)
(-0.343985501 2.15791839 0.20314784)
(-0.349090045 2.11965585 0.29218276)
(-0.357129884 1.99559398 0.376318045)
(-0.338640864 1.71452307 0.402025361)
(-0.234970461 1.29065181 0.278858476)
(-0.0116518971 0.856017947 0.000688438867)
(-0.0187411579 2.4540342 0.0311129151)
(-0.345018684 2.42809243 0.00869485176)
(-0.41103444 2.45006448 -0.0934013916)
(-0.46418329 2.43912779 -0.211354208)
(-0.471741109 2.37049257 -0.292609608)
(-0.462965991 2.27659218 -0.310899895)
(-0.441815688 2.22185334 -0.27055532)
(-0.419214459 2.2392533 -0.198799234)
(-0.40792483 2.2930253 -0.126391676)
(-0.418840893 2.31579018 -0.0730269188)
(-0.442476013 2.28486303 -0.035942684)
(-0.457165434 2.23383601 0.00453177956)
(-0.457137785 2.1855864 0.0611634488)
(-0.45104434 2.12828306 0.13172815)
(-0.439942508 2.04780639 0.213503396)
(-0.419805393 1.92262481 0.293405501)
(-0.379492988 1.74371154 0.337158501)
(-0.302160056 1.57671178 0.29272913)
(-0.158363615 1.60158117 0.132495531)
(0.120568723 1.77170891 -0.0693920391)
(-0.0164386586 2.45865645 0.226073802)
(-0.321869742 2.482857 0.14580269)
(-0.360003516 2.56750427 -0.0183781311)
(-0.403996716 2.58485198 -0.180040079)
(-0.436852179 2.49077218 -0.279468405)
(-0.472435571 2.32027798 -0.311393911)
(-0.493410012 2.16185091 -0.28195295)
(-0.494529178 2.10058057 -0.21729876)
(-0.473899213 2.14964935 -0.140575726)
(-0.444056955 2.2608295 -0.0676123199)
(-0.425306422 2.34816977 -0.0092984729)
(-0.428911591 2.3428065 0.0336940816)
(-0.440693274 2.25829648 0.0743104871)
(-0.43688428 2.14083169 0.127251522)
(-0.406729032 2.00374914 0.188626736)
(-0.344374758 1.86013265 0.238303187)
(-0.245205451 1.75219601 0.240361254)
(-0.108788846 1.78673576 0.153672164)
(0.0354608316 2.11546858 -0.0242548453)
(0.148137544 1.96918989 -0.0494382013)
(0.0116040339 2.47020119 0.394413131)
(-0.253517813 2.54340602 0.257719497)
(-0.240396896 2.67511325 0.0481838135)
(-0.269502215 2.70580468 -0.121609046)
(-0.332935723 2.62001274 -0.207553278)
(-0.433532252 2.41966473 -0.244417885)
(-0.522573154 2.17979327 -0.230883631)
(-0.585287054 2.01191654 -0.192311773)
(-0.611612394 1.9368025 -0.146525096)
(-0.59820609 1.95327743 -0.0955296444)
(-0.552679805 2.04560457 -0.042449689)
(-0.489722017 2.16654341 0.00765592743)
(-0.423031245 2.24575312 0.0507920964)
(-0.35499969 2.23922786 0.0872277728)
(-0.270168353 2.18040681 0.115214115)
(-0.161036341 2.1071133 0.124687456)
(-0.0317336954 2.05875132 0.100142364)
(0.127731776 2.0860645 0.0321244251)
(0.137707783 2.07552425 -0.03572009)
(0.15437008 1.89136195 0.0443359617)
(0.0452927791 2.48380635 0.520643162)
(-0.191707817 2.5839879 0.337598785)
(-0.126769728 2.69852257 0.103793771)
(-0.145083982 2.68436334 -0.0625427786)
(-0.215277436 2.65748635 -0.0920219292)
(-0.371112885 2.49836703 -0.117947189)
(-0.520098049 2.25188476 -0.118790649)
(-0.633448151 2.0672245 -0.107750828)
(-0.708987796 1.92406111 -0.101828468)
(-0.741827404 1.79774391 -0.0942596124)
(-0.733683749 1.69785405 -0.0798053587)
(-0.690544138 1.63420776 -0.0574826264)
(-0.61919595 1.60549 -0.0310324318)
(-0.526829778 1.58797476 -0.0100372569)
(-0.422580697 1.53374407 -0.00472042867)
(-0.313789511 1.42232141 -0.0202965353)
(-0.211573094 1.27242065 -0.047915875)
(-0.127188959 1.17467762 -0.0505364065)
(-0.0807786433 1.25758492 0.0184105804)
(0.0415310055 1.24217811 0.13417524)
(0.0740926577 2.49808151 0.602470494)
(-0.155113553 2.60710389 0.378501612)
(-0.0838538876 2.65440458 0.10098415)
(-0.145915974 2.55911544 -0.0644365332)
(-0.167007788 2.59350816 0.0145504369)
(-0.312148129 2.52348006 0.0347580397)
(-0.486414969 2.32381067 0.0220872131)
(-0.61449404 2.21227581 0.00517446014)
(-0.698910918 2.15345502 -0.0284636688)
(-0.740868726 2.07817152 -0.0657185809)
(-0.743631152 1.97597319 -0.090964193)
(-0.715203601 1.84780068 -0.0996108624)
(-0.664862091 1.69706331 -0.0933888954)
(-0.600880059 1.52886783 -0.0814125959)
(-0.528119382 1.34758 -0.0773734614)
(-0.448439691 1.15332969 -0.0929102821)
(-0.361312427 0.93703755 -0.123557388)
(-0.26462322 0.691819979 -0.140665828)
(-0.157599987 0.466203323 -0.0962682487)
(-0.0453390415 0.336082587 0.030641604)
(0.103558316 2.50694328 0.649042782)
(-0.1276943 2.61853055 0.407443073)
(-0.0277273538 2.6234301 0.141070594)
(-0.106976033 2.51941144 -0.0281619127)
(-0.102918961 2.55668057 0.0895251816)
(-0.194432916 2.57236115 0.175867082)
(-0.353803439 2.43919858 0.161175465)
(-0.479794467 2.38595254 0.112560577)
(-0.561806908 2.40461343 0.036717101)
(-0.599693805 2.39871711 -0.0430306469)
(-0.600583991 2.35287513 -0.10306901)
(-0.577425005 2.27323471 -0.136881339)
(-0.536871865 2.17329832 -0.14848837)
(-0.487851308 2.06415403 -0.148560355)
(-0.43715144 1.95129465 -0.152567166)
(-0.386945152 1.82391003 -0.174188485)
(-0.33235474 1.6353578 -0.213330704)
(-0.261859867 1.29683682 -0.244572932)
(-0.167053486 0.744171438 -0.215617449)
(-0.05494342 0.136841673 -0.0881288691)
(0.138795979 2.51331145 0.662391608)
(-0.101484719 2.60968673 0.432561101)
(0.0375208809 2.58286294 0.159844744)
(-0.0539735933 2.48526617 -0.0115684926)
(-0.0353073491 2.50533173 0.121049331)
(-0.054409195 2.59780821 0.273977608)
(-0.156245138 2.53981939 0.278648416)
(-0.250300807 2.50695982 0.214675083)
(-0.30019761 2.58370879 0.111537091)
(-0.320919549 2.64161047 -0.00169314783)
(-0.327443943 2.62260466 -0.0948335019)
(-0.313392722 2.56218861 -0.151382218)
(-0.286303998 2.48466987 -0.175580797)
(-0.254423687 2.41163481 -0.177244781)
(-0.22947301 2.36272479 -0.17517936)
(-0.215777843 2.33793865 -0.193083576)
(-0.208123812 2.29392719 -0.241917651)
(-0.184824324 2.10338113 -0.306115128)
(-0.143359498 1.53666007 -0.319860692)
(-0.0666431757 0.441936538 -0.184095499)
(0.174247386 2.53354925 0.639026472)
(-0.0698357207 2.56884554 0.457009706)
(0.0819643599 2.52624543 0.150178488)
(0.00220750782 2.45995259 0.0072441462)
(0.0180821333 2.47009685 0.112027599)
(0.0453333109 2.57424085 0.301105643)
(0.0260750404 2.611728 0.352882888)
(-0.0401538979 2.56730619 0.283164743)
(-0.0775832929 2.61918382 0.160246853)
(-0.10152707 2.66771296 0.0238115277)
(-0.118906272 2.65248488 -0.0863004783)
(-0.124986588 2.59207061 -0.159733771)
(-0.118962211 2.49729168 -0.196192997)
(-0.106764331 2.39136851 -0.199652793)
(-0.0980484431 2.32177451 -0.184503938)
(-0.0896872289 2.33131552 -0.181068919)
(-0.0973166431 2.41266536 -0.217043252)
(-0.0875819308 2.45795236 -0.302727463)
(-0.0852722404 2.19837442 -0.368623298)
(-0.035715942 1.05230039 -0.275888581)
(0.19848314 2.56290937 0.593324119)
(-0.0497948394 2.5183352 0.459349627)
(0.12087401 2.47367056 0.148272549)
(0.0528159837 2.43814253 0.0133813029)
(0.0599493819 2.4573655 0.0956381836)
(0.0945708631 2.53877758 0.268109479)
(0.134648047 2.62632799 0.365459607)
(0.112087945 2.61388647 0.323107262)
(0.0822824576 2.61789649 0.200863453)
(0.0566932176 2.63974265 0.059774972)
(0.0290074231 2.63179936 -0.0615151274)
(0.00254432206 2.57813678 -0.143830633)
(-0.0180568693 2.4843198 -0.188037448)
(-0.0418404128 2.35138309 -0.196120973)
(-0.0700357358 2.23170408 -0.1853079)
(-0.0748731507 2.18495726 -0.180984984)
(-0.0847612061 2.2450388 -0.209458223)
(-0.0605723297 2.3638389 -0.299759402)
(-0.0693086336 2.32919525 -0.388579313)
(0.0138799723 1.41305646 -0.325092262)
(0.200892204 2.57776128 0.544689814)
(-0.0632561386 2.48425942 0.429300746)
(0.155999229 2.43914314 0.137765698)
(0.0732827285 2.42293493 0.0163530834)
(0.0827193377 2.451089 0.0863806017)
(0.108614335 2.52573595 0.218237523)
(0.16758262 2.6123047 0.328506495)
(0.185684707 2.63350429 0.325344959)
(0.173853535 2.62199309 0.225945736)
(0.150255406 2.6111541 0.0917132088)
(0.116999472 2.58230607 -0.0317189024)
(0.0779588287 2.52357568 -0.112982725)
(0.0349396498 2.43258764 -0.15215455)
(-0.0209594911 2.30500171 -0.154834407)
(-0.068219629 2.20569937 -0.155875211)
(-0.0824732764 2.16632377 -0.16953936)
(-0.0894227859 2.19952881 -0.211818505)
(-0.0580290361 2.30259639 -0.310637576)
(-0.0734599652 2.30456274 -0.416838888)
(0.0376656997 1.51762668 -0.354812698)
(0.1856222 2.55706748 0.514615261)
(-0.100475932 2.48390147 0.375200269)
(0.17070974 2.42285231 0.112342947)
(0.0476455116 2.41383381 0.0239203122)
(0.0797362865 2.4433926 0.079906396)
(0.0941021853 2.52609733 0.175811396)
(0.150704954 2.59963255 0.276026946)
(0.192362626 2.6319122 0.299136563)
(0.202244927 2.6206616 0.231529547)
(0.188582561 2.58934172 0.118615631)
(0.155739351 2.5380731 0.00928495032)
(0.10402627 2.46246238 -0.0644019844)
(0.0352226369 2.35589826 -0.0945257685)
(-0.0503803319 2.23285479 -0.0964577637)
(-0.0948813297 2.17497342 -0.121563767)
(-0.109491485 2.1724028 -0.158760698)
(-0.103763777 2.21400602 -0.219105584)
(-0.0699507848 2.30447317 -0.328564903)
(-0.0763186655 2.29112873 -0.451302956)
(0.045565554 1.55265072 -0.379387325)
(0.163576645 2.51873298 0.508559961)
(-0.119751319 2.50780379 0.322178619)
(0.14811156 2.40802483 0.0916767031)
(-0.0142624297 2.40455221 0.0443079636)
(0.0479082686 2.42797675 0.064330459)
(0.0445295535 2.5131922 0.141654169)
(0.104202624 2.57983715 0.224563962)
(0.15572444 2.6116166 0.258053097)
(0.182064129 2.59974701 0.219993803)
(0.180227117 2.55406065 0.137380522)
(0.146082414 2.48184264 0.0549854961)
(0.0831524642 2.39017098 0.00113713948)
(-0.00839539624 2.27468032 -0.0140476005)
(-0.0994164601 2.1818162 -0.034184907)
(-0.132468336 2.16011157 -0.094567998)
(-0.147615165 2.17157615 -0.155236292)
(-0.132726576 2.22047186 -0.233453412)
(-0.100132342 2.30743621 -0.360472776)
(-0.0894475174 2.28173582 -0.498738293)
(0.0421649514 1.55081003 -0.406303464)
(0.141761209 2.48886669 0.516861229)
(-0.113942799 2.53126301 0.292579514)
(0.0860657595 2.39170342 0.092914624)
(-0.0757588456 2.38715307 0.0694753153)
(-0.0217449539 2.39671163 0.051606738)
(-0.0273278465 2.46104328 0.10872427)
(0.0299806668 2.51767689 0.170411274)
(0.0833561956 2.5471797 0.208959933)
(0.11926652 2.53061026 0.195600472)
(0.123323878 2.47473205 0.148367558)
(0.0898047933 2.39548835 0.100477277)
(0.022238016 2.30333537 0.0765968001)
(-0.0770242295 2.20766787 0.0708118373)
(-0.136154654 2.15802994 0.0137727282)
(-0.162601946 2.14458022 -0.0736956199)
(-0.177227547 2.15168106 -0.153872919)
(-0.159689923 2.19702538 -0.250979173)
(-0.130716062 2.2824465 -0.401035232)
(-0.114636391 2.27363828 -0.558107665)
(0.0279484736 1.54464301 -0.449410079)
(0.128415 2.47167734 0.528817636)
(-0.107853186 2.54223749 0.292224713)
(0.0240550414 2.38440971 0.122667389)
(-0.111803146 2.36376821 0.0910034842)
(-0.0900315841 2.34937886 0.0555681259)
(-0.099584611 2.37530502 0.0792924798)
(-0.058961516 2.40657516 0.120838523)
(-0.0116631147 2.42556046 0.159320084)
(0.0269774385 2.4089023 0.168107228)
(0.0369422129 2.36389499 0.156865444)
(0.0136191172 2.30547232 0.14768661)
(-0.0461445106 2.23628951 0.152830913)
(-0.113519798 2.17149654 0.131210963)
(-0.145310447 2.13195837 0.0477473814)
(-0.169463624 2.10529666 -0.0554762924)
(-0.180518644 2.10090025 -0.154944492)
(-0.164511086 2.13188266 -0.268923157)
(-0.139516709 2.21374344 -0.436756117)
(-0.139720302 2.25720123 -0.618511938)
(0.0141887513 1.59320175 -0.519462433)
(0.133588947 2.45784 0.540797948)
(-0.105676507 2.54335789 0.311707413)
(-0.00452757967 2.38611576 0.16800736)
(-0.121975614 2.35036882 0.116363576)
(-0.11673988 2.30917067 0.0738617344)
(-0.139357033 2.29952352 0.0669589978)
(-0.118994603 2.30116474 0.0881923213)
(-0.0859840685 2.30610874 0.119945516)
(-0.0514817508 2.29817399 0.146079502)
(-0.0354830343 2.27585263 0.164926078)
(-0.0447199381 2.2412659 0.186474179)
(-0.0777331823 2.19279732 0.200427447)
(-0.105960967 2.13899358 0.164465177)
(-0.11815219 2.08621388 0.0717834223)
(-0.134587053 2.04480674 -0.0404795373)
(-0.142717772 2.02930186 -0.156754732)
(-0.136343508 2.04255598 -0.282832203)
(-0.110267382 2.1073403 -0.455903268)
(-0.146187127 2.2124496 -0.663695118)
(0.0117801576 1.70528327 -0.610926534)
(0.160753271 2.45740726 0.54067093)
(-0.090450877 2.5093995 0.350514955)
(0.0158702777 2.40292077 0.20687065)
(-0.102262926 2.36621504 0.146224986)
(-0.089771611 2.30226831 0.100800571)
(-0.126583801 2.2640377 0.074044133)
(-0.124993534 2.23513446 0.0741152854)
(-0.111918663 2.22914282 0.0924340567)
(-0.0850899568 2.23001239 0.125334923)
(-0.0629862958 2.22464796 0.163329795)
(-0.0545549071 2.20208134 0.199903897)
(-0.0562617798 2.16052579 0.214344944)
(-0.0530561928 2.10149906 0.174978083)
(-0.0504517011 2.03052251 0.0858754136)
(-0.0562179165 1.97839414 -0.0264696516)
(-0.0603966697 1.95991886 -0.151553961)
(-0.0774324796 1.96607688 -0.287349724)
(-0.0436722596 2.00076958 -0.453848903)
(-0.12147029 2.12829208 -0.678023987)
(0.0240943057 1.83714997 -0.700666871)
(0.209111214 2.50531522 0.505678557)
(-0.0359972413 2.43804782 0.397149317)
(0.0709172084 2.42337825 0.238712795)
(-0.0311420299 2.41737777 0.182076947)
(-0.011916693 2.35326991 0.12702335)
(-0.0499829125 2.30345356 0.0950527572)
(-0.0557982934 2.24059372 0.0844650344)
(-0.0666949858 2.19600623 0.0866260953)
(-0.0626946291 2.17234396 0.105840738)
(-0.0444404774 2.1680556 0.141696501)
(-0.0196896902 2.15749426 0.181001319)
(0.00553061999 2.12402306 0.197423147)
(0.0311301858 2.06350828 0.163597375)
(0.0455487392 1.98574128 0.0863746176)
(0.0449174038 1.92921956 -0.0168977579)
(0.0485544942 1.91211639 -0.135375592)
(0.00877691185 1.92128195 -0.275880318)
(0.0367847894 1.93861491 -0.434818826)
(-0.06535604 2.03370225 -0.660862214)
(0.0471905083 1.93367472 -0.75733201)
(0.259139743 2.61441634 0.433693006)
(0.0392234034 2.33454484 0.417913554)
(0.118855315 2.34537149 0.25147883)
(0.0717912572 2.40812672 0.191708436)
(0.0654075599 2.4038882 0.137931988)
(0.0473258362 2.36713245 0.106341196)
(0.0450543429 2.30650277 0.0946188048)
(0.0406813394 2.24359209 0.0963609998)
(0.0379163377 2.18569163 0.105366215)
(0.0444264509 2.14305469 0.123557415)
(0.0663082561 2.11378914 0.14859806)
(0.100450827 2.08124432 0.161437797)
(0.136708909 2.03160706 0.13912096)
(0.160315934 1.96940464 0.0799561714)
(0.166612844 1.92303967 -0.0100028192)
(0.157531442 1.90518428 -0.115500688)
(0.119968727 1.90775862 -0.24772085)
(0.111287692 1.92732715 -0.408254606)
(0.0126863363 1.99299003 -0.623633458)
(0.0752346092 1.96728202 -0.757047581)
(0.319856038 2.98601003 0.284377522)
(0.205960048 2.52569132 0.420570103)
(0.229858104 2.34578677 0.320901354)
(0.208632694 2.32922258 0.222646407)
(0.169189035 2.34855177 0.146916872)
(0.14364833 2.34534694 0.103526537)
(0.135970254 2.31194314 0.0885071855)
(0.13638083 2.26324826 0.0902186343)
(0.141938361 2.21113107 0.0971688666)
(0.155131489 2.16121489 0.105612231)
(0.179376925 2.11665401 0.11455076)
(0.214597062 2.07621069 0.117043445)
(0.252748174 2.03514575 0.100724905)
(0.280797687 1.99443394 0.0592367621)
(0.290565437 1.9630611 -0.00556117357)
(0.274335058 1.93924752 -0.0944114907)
(0.232895322 1.93314327 -0.214613717)
(0.200574146 1.9495119 -0.368373484)
(0.0964905629 2.01163063 -0.564481225)
(0.102801818 1.97339179 -0.699932532)
(0.259371152 3.14018358 -0.00314951024)
(0.295268277 2.84849331 0.246855927)
(0.354072004 2.59063515 0.319840107)
(0.370930979 2.42867278 0.272521146)
(0.345882344 2.35362606 0.192498058)
(0.323033899 2.3178159 0.12977248)
(0.313998347 2.29085115 0.0961026327)
(0.314798726 2.26352519 0.0829386521)
(0.323367294 2.23545945 0.0793617988)
(0.339364573 2.20620166 0.0793738353)
(0.361416806 2.17399847 0.0798150429)
(0.387523923 2.13800005 0.0767414908)
(0.412990797 2.09940505 0.0640958368)
(0.430383904 2.061174 0.0362194261)
(0.4279416 2.02599465 -0.0119689732)
(0.409135421 2.00657269 -0.0808866338)
(0.369221073 2.00543134 -0.17568345)
(0.314900571 2.01339284 -0.300625405)
(0.18352139 2.04600092 -0.45957365)
(0.13091853 1.99132265 -0.589275096)
(0.118150621 2.74994654 -0.156478735)
(0.0981286921 2.78025257 0.0867183594)
(0.261066306 2.72907685 0.242369158)
(0.376207358 2.61378579 0.244972216)
(0.444031981 2.51549212 0.192885991)
(0.491724985 2.44785635 0.142736828)
(0.525789275 2.40418065 0.108265765)
(0.549907944 2.37766605 0.0864475858)
(0.571307899 2.36273282 0.0723962446)
(0.595251312 2.35330154 0.0633775532)
(0.622219214 2.3430531 0.0579305947)
(0.649318166 2.32699459 0.0539711963)
(0.671395427 2.30274915 0.0484130232)
(0.681287537 2.27053334 0.0369837731)
(0.672321763 2.23314977 0.0143800464)
(0.634105916 2.19156108 -0.0257838529)
(0.55609743 2.15277731 -0.0898382911)
(0.447535481 2.11797655 -0.182999419)
(0.269928676 2.1029525 -0.306486607)
(0.157166797 2.010337 -0.422227913)
(0.0261904696 2.75841385 -0.0694812714)
(-0.187176401 2.79467491 0.0591116696)
(0.0645955683 2.77347605 0.12517528)
(0.198086842 2.72715378 0.100445453)
(0.34114288 2.6767278 0.0704480976)
(0.46936215 2.63226534 0.0532486508)
(0.564123109 2.59635621 0.0442897913)
(0.629072458 2.56734744 0.0365801396)
(0.676230762 2.54090739 0.0277019784)
(0.714223258 2.51272565 0.0194425856)
(0.745915597 2.48128383 0.0147204057)
(0.771230657 2.44887845 0.0149557428)
(0.788117256 2.41763618 0.0188975558)
(0.791718399 2.38800331 0.0242932134)
(0.774327033 2.35790466 0.0276574726)
(0.728334228 2.3230676 0.0219734222)
(0.642479921 2.27948758 0.000919580474)
(0.518551025 2.22165722 -0.0441485218)
(0.32002416 2.1643622 -0.122190022)
(0.173114573 2.02946126 -0.220052416)
(-0.0125796169 2.76529998 0.0479891647)
(-0.236373077 2.78631602 -0.0475980466)
(0.0145605107 2.75339255 -0.0991905064)
(0.182143477 2.70038632 -0.119769135)
(0.36687688 2.639088 -0.11450936)
(0.526114913 2.58176483 -0.0934468941)
(0.640180557 2.52932838 -0.0693820335)
(0.713234019 2.47783885 -0.0509241306)
(0.757603555 2.42453366 -0.0397157954)
(0.783338512 2.37022826 -0.032389061)
(0.796196415 2.31847922 -0.0246050857)
(0.799403645 2.27279251 -0.0135971567)
(0.795110611 2.23863126 0.0016591377)
(0.783070427 2.22120791 0.022699203)
(0.757962022 2.22287154 0.0503786955)
(0.710803047 2.23762098 0.0809550254)
(0.627256104 2.25045695 0.103496103)
(0.5063382 2.23742722 0.104328137)
(0.312696268 2.19610137 0.0683875167)
(0.171970128 2.04320568 -0.0122026656)
(0.0555537525 2.69546595 0.186879872)
(-0.0985928694 2.82354738 -0.102101438)
(0.162332573 2.73958498 -0.302437443)
(0.352195483 2.57609423 -0.344178937)
(0.506588472 2.43920814 -0.302411113)
(0.619845071 2.34921316 -0.230559895)
(0.68599251 2.2923311 -0.160132925)
(0.71222581 2.2523711 -0.105218353)
(0.712999968 2.22009285 -0.0673644542)
(0.70096425 2.19181739 -0.0415089729)
(0.683086848 2.16558812 -0.0216940246)
(0.661554668 2.13876061 -0.00423634258)
(0.638864789 2.11161039 0.0149451463)
(0.619968461 2.09105925 0.0409641134)
(0.602826943 2.09087563 0.0804149071)
(0.576078903 2.12124717 0.134786784)
(0.519608206 2.17409286 0.19420923)
(0.42904088 2.21160443 0.238385341)
(0.263673558 2.20419885 0.24295369)
(0.155716166 2.04843963 0.178421139)
(0.117289779 2.81014487 0.209824534)
(0.129349099 2.89301907 -0.179557685)
(0.310144984 2.65895651 -0.453719388)
(0.473763157 2.40134588 -0.494273251)
(0.571663989 2.25784437 -0.403603052)
(0.615536122 2.20583835 -0.276273491)
(0.620213878 2.1988936 -0.16468593)
(0.600885442 2.20901796 -0.087216958)
(0.575046446 2.22365064 -0.0410361139)
(0.554242931 2.23448321 -0.0141774159)
(0.537738789 2.23326652 0.00481767291)
(0.51832833 2.21428356 0.0208435613)
(0.491856807 2.17499492 0.0348368821)
(0.463752192 2.12268195 0.0540703504)
(0.442150279 2.0806612 0.0938854531)
(0.424705766 2.07887803 0.164332895)
(0.390757481 2.12743915 0.256918514)
(0.332977915 2.18651574 0.343156167)
(0.198361851 2.20376413 0.387238771)
(0.133318005 2.04694186 0.338481759)
(0.258296185 3.28580652 0.0386609382)
(0.24266815 2.90598053 -0.377217889)
(0.417124184 2.46384298 -0.616133768)
(0.556748324 2.2336295 -0.603346452)
(0.595468284 2.18312922 -0.45388762)
(0.577447485 2.21698663 -0.278807564)
(0.540475514 2.27454139 -0.143091997)
(0.5052008 2.32674432 -0.0652036627)
(0.484827748 2.35859248 -0.0314578603)
(0.480341708 2.36478301 -0.0155467045)
(0.481739172 2.35139828 0.00398374034)
(0.47375749 2.32223091 0.0320046262)
(0.444785837 2.27284299 0.0588607118)
(0.397863144 2.20028783 0.0812355129)
(0.349886555 2.1254694 0.116811568)
(0.315974026 2.08978704 0.189468453)
(0.284018829 2.11844639 0.30121534)
(0.247193964 2.17658627 0.419299257)
(0.134959407 2.20285996 0.497052473)
(0.111758973 2.04037318 0.461839386)
(0.235182738 3.20312922 -0.162065096)
(0.297862979 2.58699289 -0.612250504)
(0.476477916 2.23400337 -0.7602752)
(0.567810129 2.16474442 -0.658168988)
(0.549903402 2.22341225 -0.447896904)
(0.494295837 2.31004774 -0.242873621)
(0.445942367 2.38575746 -0.106028098)
(0.418525558 2.42590014 -0.0461502593)
(0.412438944 2.4203181 -0.0332214349)
(0.41985897 2.38564477 -0.0277854069)
(0.429807621 2.35012806 -0.00364226056)
(0.430268095 2.32779403 0.0423351387)
(0.407703474 2.30219073 0.0925933488)
(0.357339215 2.24623541 0.129335545)
(0.294532714 2.16883483 0.162603811)
(0.24475734 2.11962739 0.226317371)
(0.205757924 2.13367885 0.340820523)
(0.179980142 2.18095535 0.475590642)
(0.0796314759 2.20360461 0.577102679)
(0.0927878085 2.02979553 0.547978444)
(0.261856804 2.96790775 -0.372293834)
(0.342370202 2.29853232 -0.843272981)
(0.458975796 2.13482107 -0.855275569)
(0.482933951 2.22514609 -0.648663118)
(0.428338204 2.3411602 -0.396104274)
(0.368855713 2.4199839 -0.190956356)
(0.336352916 2.45945285 -0.0759693645)
(0.330920596 2.45062371 -0.042119087)
(0.341532026 2.40250216 -0.0456507563)
(0.355650449 2.34474806 -0.0432789456)
(0.364420702 2.3033351 -0.0119814572)
(0.364958301 2.29156758 0.0498708716)
(0.348809077 2.29114505 0.122336606)
(0.305926088 2.26036461 0.178077773)
(0.244673704 2.19604067 0.215855323)
(0.191643675 2.15094183 0.271245716)
(0.146734366 2.16070634 0.381542119)
(0.128105159 2.1944062 0.520161297)
(0.0316700476 2.20690054 0.636041825)
(0.0750591151 2.01327581 0.599748722)
(0.268621145 2.62490456 -0.637793334)
(0.299282257 2.09273599 -1.02476101)
(0.357597735 2.18565995 -0.868994183)
(0.338338867 2.38447885 -0.590133348)
(0.285904122 2.49046391 -0.337863129)
(0.256207318 2.52020472 -0.161645356)
(0.258572519 2.50708549 -0.0777745623)
(0.280319587 2.46045411 -0.0619394844)
(0.303082716 2.39366925 -0.0681343204)
(0.315403865 2.32810621 -0.0584765152)
(0.315062055 2.28470223 -0.0157645893)
(0.305223878 2.27397658 0.0597218541)
(0.285195591 2.28123205 0.149111321)
(0.246580025 2.26288342 0.221148372)
(0.191906422 2.21126811 0.265554618)
(0.144696124 2.17913792 0.316367527)
(0.0962034788 2.19198774 0.423704633)
(0.0862293479 2.21130979 0.558098171)
(-0.0158320541 2.20249254 0.676621921)
(0.0575568875 2.0007589 0.625834794)
(0.237465226 2.36072096 -0.86989383)
(0.206440486 2.0675401 -1.10878272)
(0.235899539 2.34115516 -0.831013953)
(0.203265032 2.5399661 -0.540327616)
(0.180417722 2.59160769 -0.318862051)
(0.189810583 2.5771091 -0.177417814)
(0.221639448 2.53392057 -0.112389239)
(0.257073984 2.47014456 -0.0956092852)
(0.278519253 2.39197245 -0.0890706294)
(0.28045328 2.31788657 -0.0637336756)
(0.268259811 2.27282364 -0.00676040833)
(0.247998512 2.26655058 0.0798420618)
(0.221466059 2.27870182 0.179207598)
(0.183879911 2.26369943 0.260140821)
(0.135644006 2.22073416 0.30834794)
(0.0988947039 2.20487287 0.357350061)
(0.0465992395 2.22359491 0.465267592)
(0.0465783457 2.22488838 0.595157259)
(-0.0611329323 2.22308347 0.70828353)
(0.040148632 1.94295847 0.617391444)
(0.183757072 2.20307522 -1.04254853)
(0.106829858 2.13376772 -1.12327485)
(0.139003366 2.4687475 -0.793918857)
(0.106729949 2.61516059 -0.524241734)
(0.115328432 2.62219031 -0.33727504)
(0.14771595 2.58790857 -0.220646683)
(0.190652941 2.53366764 -0.159164651)
(0.225325044 2.46014358 -0.128405729)
(0.238478158 2.37389026 -0.100930739)
(0.230446761 2.29909559 -0.0570195828)
(0.21001826 2.26131975 0.0131791252)
(0.184226065 2.26566029 0.107983019)
(0.154867819 2.28251854 0.21251319)
(0.118988355 2.26498548 0.295740126)
(0.0766315774 2.22830294 0.343786363)
(0.0521441996 2.2294966 0.393574762)
(-0.00261019644 2.25151512 0.503850073)
(-0.00174986512 2.23836894 0.634704796)
(-0.09856368 2.26015447 0.728180332)
(0.0269133079 1.8266725 0.573954778)
(0.128695967 2.11604915 -1.15040122)
(0.0262864471 2.20412525 -1.1038658)
(0.0741662663 2.5272122 -0.7800926)
(0.0406699649 2.63616821 -0.52850434)
(0.066617331 2.61509659 -0.370856509)
(0.100433658 2.56758134 -0.269274325)
(0.139525687 2.50190551 -0.202716808)
(0.165715224 2.41994412 -0.153129672)
(0.171287888 2.3373847 -0.103884797)
(0.159505916 2.27995308 -0.042932177)
(0.138436388 2.26130587 0.037590815)
(0.11324947 2.27606182 0.138297331)
(0.0849253489 2.29165179 0.245924385)
(0.0527212164 2.2660587 0.327092426)
(0.0165539193 2.23530547 0.372341038)
(0.00101438596 2.25399243 0.426360601)
(-0.0510888368 2.26885808 0.541149699)
(-0.0555224997 2.25804837 0.669431853)
(-0.124093501 2.28574557 0.72845158)
(0.0220939373 1.69053243 0.507460948)
(0.0836588562 2.074004 -1.19883792)
(-0.0320523357 2.23981191 -1.07847931)
(0.0249083863 2.5391659 -0.781367959)
(-0.00904074535 2.64007039 -0.53256058)
(0.0143946884 2.59431175 -0.396992629)
(0.034865432 2.52453176 -0.3047971)
(0.0637302848 2.44413379 -0.233242545)
(0.0816200377 2.36705786 -0.168095696)
(0.0851796645 2.31032794 -0.102075135)
(0.0762261558 2.28439179 -0.0278378342)
(0.0600190005 2.28365659 0.0612725102)
(0.0386984767 2.29766025 0.166169923)
(0.0134465603 2.30317255 0.275308772)
(-0.0131927166 2.26515544 0.353892155)
(-0.0407654278 2.24505201 0.394748877)
(-0.0555319097 2.27238346 0.458672038)
(-0.0999277648 2.27531275 0.576746016)
(-0.103182779 2.27987223 0.688183395)
(-0.133391318 2.29145288 0.700561396)
(0.0293798389 1.60264252 0.434920858)
(0.0505150243 2.06034182 -1.19595398)
(-0.0752281051 2.23420507 -1.06089138)
(-0.0237152331 2.52697667 -0.779537495)
(-0.0482751469 2.63590281 -0.531133678)
(-0.0446936609 2.57018437 -0.406139873)
(-0.0393776472 2.47607296 -0.323972329)
(-0.0206276564 2.39758608 -0.252173232)
(-0.00657446559 2.34935799 -0.177533207)
(-0.0013665221 2.32816083 -0.100139404)
(-0.00665313683 2.32393966 -0.0162722752)
(-0.0181019597 2.32297787 0.0806431854)
(-0.0370920666 2.32206334 0.189937418)
(-0.0552635627 2.30978695 0.299410049)
(-0.075149114 2.26503735 0.374302812)
(-0.0956312721 2.25588043 0.414678143)
(-0.11248197 2.27903542 0.489684701)
(-0.144167749 2.27363251 0.603606192)
(-0.134431952 2.29255413 0.681950124)
(-0.127376033 2.28448913 0.644071303)
(0.0458554293 1.60715369 0.371592616)
(0.0257136853 2.05415332 -1.15827986)
(-0.112736412 2.20737514 -1.04013139)
(-0.0739177876 2.49808102 -0.770018288)
(-0.089301184 2.62468586 -0.525011195)
(-0.100094833 2.55590416 -0.401703672)
(-0.108234176 2.45442731 -0.332040072)
(-0.100308904 2.39648992 -0.264211268)
(-0.0897378756 2.37881227 -0.184771397)
(-0.0852628981 2.37423273 -0.0990696355)
(-0.0883309104 2.36780156 -0.00700410005)
(-0.0967342445 2.35621758 0.0966429791)
(-0.110286581 2.34005878 0.209494931)
(-0.120076422 2.31144472 0.316642155)
(-0.131717779 2.26706219 0.387736033)
(-0.145968882 2.26211305 0.432953652)
(-0.161220998 2.27411114 0.514318302)
(-0.174696846 2.26413132 0.613063715)
(-0.143984521 2.28563174 0.647840794)
(-0.112993505 2.26568463 0.567003958)
(0.0627657078 1.68174202 0.325039548)
(0.00281279634 2.04701982 -1.09215929)
(-0.154060135 2.17312309 -1.00291388)
(-0.131435759 2.44924844 -0.758267028)
(-0.136974511 2.60720386 -0.516511757)
(-0.150827889 2.56369523 -0.388779195)
(-0.172645349 2.46858586 -0.327912561)
(-0.17832418 2.42037238 -0.267169134)
(-0.174722597 2.41227356 -0.1871101)
(-0.172049597 2.40757812 -0.096201768)
(-0.17379457 2.39327194 0.000945190773)
(-0.176997777 2.37476117 0.107569645)
(-0.180515815 2.349213 0.221006554)
(-0.180300738 2.31113705 0.324684542)
(-0.181752991 2.26980663 0.395021062)
(-0.187613591 2.26113541 0.446221927)
(-0.193799651 2.26120907 0.525318293)
(-0.184993639 2.24652077 0.600681789)
(-0.131138844 2.25705512 0.592345721)
(-0.0978853364 2.23172396 0.483654972)
(0.0729276616 1.76835988 0.294628648)
(-0.0219859286 2.04339007 -0.990222481)
(-0.204556896 2.13015254 -0.944739493)
(-0.204325533 2.37791463 -0.741494748)
(-0.201302847 2.57325913 -0.510315135)
(-0.207043206 2.58290415 -0.370627661)
(-0.238016361 2.50010016 -0.309045635)
(-0.259864945 2.44243037 -0.257305909)
(-0.265277582 2.42886206 -0.183584157)
(-0.262889847 2.42448998 -0.0933953041)
(-0.261236485 2.40634523 0.00412584382)
(-0.257525803 2.38185917 0.110281213)
(-0.24914592 2.35128972 0.221449304)
(-0.236555569 2.31047857 0.321750829)
(-0.224936796 2.27119346 0.393504288)
(-0.217365885 2.25416743 0.448164589)
(-0.207721893 2.24396528 0.516714755)
(-0.176584223 2.22390035 0.566852339)
(-0.0999469293 2.21795629 0.527568468)
(-0.0839559639 2.19232914 0.410200906)
(0.075381865 1.8292878 0.27610816)
(-0.0497191423 2.04457573 -0.843991152)
(-0.26756315 2.08475695 -0.854000413)
(-0.299769285 2.28135797 -0.712429217)
(-0.296136733 2.50145706 -0.508088045)
(-0.283857904 2.5858598 -0.355228927)
(-0.308251194 2.53765924 -0.28073988)
(-0.341164028 2.46610751 -0.235150412)
(-0.357991191 2.43282318 -0.174429975)
(-0.356701255 2.42738581 -0.0917831158)
(-0.348787353 2.41443119 0.00251597576)
(-0.337349729 2.38599121 0.104016416)
(-0.317506736 2.35133724 0.209418925)
(-0.290834864 2.31040275 0.30538252)
(-0.26288917 2.2711718 0.378028397)
(-0.236670985 2.24554861 0.432803983)
(-0.207864821 2.22769819 0.48638467)
(-0.158488076 2.20435393 0.514256802)
(-0.061807105 2.18384754 0.462288404)
(-0.0747215784 2.15656323 0.353960588)
(0.0763246429 1.86699167 0.268141037)
(-0.0794894478 2.05429011 -0.646181928)
(-0.340781235 2.0475316 -0.721097697)
(-0.417423252 2.16490763 -0.660246826)
(-0.429813348 2.37133804 -0.507652286)
(-0.399671909 2.53183395 -0.354859248)
(-0.394745678 2.56245458 -0.257403791)
(-0.419421353 2.50435271 -0.205199014)
(-0.445815815 2.4411048 -0.157362139)
(-0.452348588 2.41359017 -0.0902913932)
(-0.43987006 2.40588586 -0.00533691175)
(-0.417723062 2.38655786 0.0881797295)
(-0.386321607 2.3536586 0.184087946)
(-0.345156918 2.31482265 0.273131273)
(-0.299301768 2.27550501 0.344401237)
(-0.25230493 2.24334614 0.397275181)
(-0.204126967 2.21778969 0.436598808)
(-0.141679714 2.18898856 0.447835357)
(-0.036414946 2.15962419 0.402147859)
(-0.0731745216 2.15448445 0.31544101)
(0.0711051194 1.84664953 0.263387116)
(-0.106137797 2.07705817 -0.401496587)
(-0.410149824 2.03943055 -0.543123213)
(-0.538885828 2.05727763 -0.573114577)
(-0.591119852 2.18735762 -0.497592536)
(-0.566209861 2.3730217 -0.374856375)
(-0.526125935 2.50885128 -0.261690447)
(-0.51061383 2.53784653 -0.185384529)
(-0.52289001 2.48536672 -0.135166575)
(-0.537274539 2.4175811 -0.0846186748)
(-0.53231217 2.37706261 -0.0183275022)
(-0.504525437 2.35916389 0.0621689673)
(-0.461441518 2.33675875 0.146783759)
(-0.406578498 2.30532504 0.225998918)
(-0.34340534 2.26957076 0.292464067)
(-0.276621703 2.23385325 0.341448219)
(-0.209863239 2.20159666 0.370103541)
(-0.137404602 2.17598707 0.373013253)
(-0.0440990746 2.17887409 0.348000334)
(-0.0691535879 2.22691942 0.294520629)
(0.0429067068 1.68688597 0.250951792)
(-0.120083307 2.11692547 -0.12952251)
(-0.446614276 2.09009483 -0.328962847)
(-0.619317322 2.02193425 -0.442289225)
(-0.73038855 2.02038941 -0.453257889)
(-0.753210666 2.12209738 -0.39310493)
(-0.719313409 2.28477862 -0.299600068)
(-0.665324664 2.43439943 -0.206929548)
(-0.624794094 2.50882534 -0.132849198)
(-0.607106636 2.49527387 -0.0757569409)
(-0.597936799 2.43244011 -0.023077556)
(-0.576655779 2.37251327 0.0351782666)
(-0.533770947 2.33412371 0.100305357)
(-0.472816827 2.30020303 0.16528719)
(-0.398062905 2.26854859 0.221816864)
(-0.316258156 2.24256063 0.264036639)
(-0.234885025 2.23077504 0.288919441)
(-0.157304217 2.24604516 0.300214769)
(-0.0871492958 2.28084713 0.307554391)
(-0.0845741079 2.15003401 0.287766882)
(-0.0283347528 1.15808912 0.205103213)
(-0.111146356 2.17396055 0.142131165)
(-0.417084923 2.21974622 -0.0970584684)
(-0.600557322 2.13123939 -0.270285166)
(-0.763373015 2.01244746 -0.349543885)
(-0.861443697 1.9511131 -0.358955883)
(-0.896916333 1.97509194 -0.319325604)
(-0.878827253 2.07877112 -0.253000186)
(-0.82817245 2.22499567 -0.179311033)
(-0.766189582 2.36460675 -0.110835621)
(-0.707559734 2.45558992 -0.0520115198)
(-0.655458102 2.47881592 -0.000794664561)
(-0.603085195 2.45031672 0.0477076428)
(-0.539819454 2.41258851 0.0954431442)
(-0.462631736 2.38266618 0.139332183)
(-0.377568031 2.36055671 0.177510519)
(-0.293148555 2.34260152 0.211698511)
(-0.218699979 2.29873616 0.246971283)
(-0.164291034 2.11132495 0.276156543)
(-0.136264225 1.50291951 0.244105412)
(-0.0659801192 0.34064063 0.0994715092)
(-0.0683714066 2.22760837 0.38076055)
(-0.31196029 2.40363023 0.12105)
(-0.462822792 2.37490168 -0.0801261773)
(-0.634841383 2.23860966 -0.189733156)
(-0.784610321 2.08630901 -0.243884906)
(-0.899839581 1.94669477 -0.257722086)
(-0.969835087 1.84853725 -0.240304503)
(-0.99516104 1.80736855 -0.201521832)
(-0.982191083 1.82382223 -0.151099608)
(-0.939846946 1.88564078 -0.0972064761)
(-0.875684818 1.97278628 -0.0456525272)
(-0.795435195 2.06097536 4.58188598e-05)
(-0.705283754 2.12311904 0.0396814708)
(-0.608905939 2.14239987 0.0760746178)
(-0.506917299 2.11655289 0.112069456)
(-0.401683742 2.04308588 0.151285892)
(-0.300565256 1.87103734 0.19223328)
(-0.210287772 1.51413765 0.213966393)
(-0.120315167 0.912720288 0.164470782)
(0.0161268349 0.305878376 0.00928238705)
(-0.0271362199 2.25880504 0.558282347)
(-0.200998404 2.53132937 0.283444297)
(-0.27111759 2.58463794 0.0885406519)
(-0.420442919 2.50432076 -0.0151952378)
(-0.561185139 2.41500234 -0.0822451655)
(-0.693621111 2.30683238 -0.126882375)
(-0.806465934 2.17593366 -0.150228143)
(-0.893052069 2.02860514 -0.156449548)
(-0.948246162 1.87738031 -0.14971247)
(-0.970264154 1.73345982 -0.134175398)
(-0.959391329 1.60404124 -0.113354494)
(-0.916740811 1.49275943 -0.0900701452)
(-0.843507108 1.40094478 -0.0659699443)
(-0.741551102 1.32743709 -0.0407659918)
(-0.613966599 1.26023617 -0.0128469446)
(-0.464891637 1.17893504 0.0203278229)
(-0.303995631 1.06598953 0.0573963679)
(-0.151845198 0.891674362 0.0838941647)
(-0.0352591001 0.661983654 0.0720366755)
(0.0720669149 0.568711096 0.00789423763)
(-0.00050121341 2.27783538 0.673706182)
(-0.154279401 2.58988852 0.378648756)
(-0.226089297 2.59009118 0.187165472)
(-0.35941117 2.47844436 0.100956974)
(-0.445495017 2.45244117 0.0402357344)
(-0.524822125 2.45960367 -0.00527892749)
(-0.601373334 2.46469407 -0.0347994145)
(-0.675659208 2.45162291 -0.0542735837)
(-0.741777501 2.41113694 -0.0687759725)
(-0.792593453 2.34212956 -0.0818992568)
(-0.821694408 2.24794028 -0.0956552041)
(-0.824689459 2.13057609 -0.110932032)
(-0.798398686 1.98858033 -0.127608788)
(-0.740010895 1.81693768 -0.14416556)
(-0.646730179 1.60830307 -0.156569006)
(-0.517213927 1.35689902 -0.1581531)
(-0.357492579 1.06854795 -0.140913977)
(-0.188270703 0.778350055 -0.0982365567)
(-0.0459304122 0.576458121 -0.0350133438)
(0.0693837631 0.610891627 0.032668442)
(0.0167906702 2.28937816 0.755947419)
(-0.13705391 2.61340119 0.461018885)
(-0.207478726 2.57189918 0.286325741)
(-0.329632158 2.44194566 0.195630213)
(-0.408477988 2.39229902 0.115909372)
(-0.482618446 2.36262197 0.0580372219)
(-0.542969593 2.35440559 0.0252321139)
(-0.59606706 2.36249181 0.00539168087)
(-0.643046516 2.37141805 -0.0127165499)
(-0.680654784 2.37386264 -0.0352736347)
(-0.704687051 2.36725449 -0.0639775835)
(-0.712001176 2.35024753 -0.0987908382)
(-0.700720419 2.31806974 -0.139047587)
(-0.669416041 2.25961689 -0.183363332)
(-0.616229895 2.15359717 -0.22870491)
(-0.538259327 1.96424195 -0.268597267)
(-0.432610853 1.64321656 -0.288495274)
(-0.299571001 1.15780315 -0.25880372)
(-0.145240724 0.583293559 -0.146284403)
(0.00708288069 0.2311563 0.018783607)
(0.031256688 2.2941856 0.825718216)
(-0.123127562 2.6228675 0.544396603)
(-0.172013468 2.57324243 0.382896031)
(-0.270601524 2.44644221 0.286526704)
(-0.326955942 2.39675435 0.197645173)
(-0.385786075 2.35504975 0.128647052)
(-0.439835259 2.31881246 0.0853001493)
(-0.491475427 2.300015 0.057654004)
(-0.53563661 2.2987405 0.0316593072)
(-0.568375839 2.30612459 -0.00192169473)
(-0.586548099 2.31549685 -0.0444753356)
(-0.589310278 2.32445907 -0.0940066237)
(-0.576528656 2.33267953 -0.148610496)
(-0.548919853 2.33945733 -0.206544458)
(-0.509100002 2.33859358 -0.26599121)
(-0.460951486 2.30547052 -0.325345989)
(-0.403445781 2.17344922 -0.378599691)
(-0.325125603 1.81282544 -0.395834641)
(-0.208735178 1.08316045 -0.30776507)
(-0.0583257903 0.121219371 -0.0797831077)
(0.0453110649 2.29248453 0.884264771)
(-0.107545193 2.62649539 0.616687654)
(-0.122351935 2.59493631 0.456116203)
(-0.194780673 2.47696312 0.350053337)
(-0.22054792 2.43682632 0.25825145)
(-0.254335043 2.40498454 0.186700964)
(-0.297285015 2.35758883 0.142210757)
(-0.352470312 2.31727219 0.110976683)
(-0.403588127 2.30343867 0.0770069575)
(-0.44129319 2.30793001 0.0310433522)
(-0.461673727 2.31557817 -0.0273451091)
(-0.465711906 2.31761644 -0.0930867064)
(-0.454783557 2.31175226 -0.16244101)
(-0.428364924 2.30510272 -0.232362449)
(-0.389997201 2.30428753 -0.297553329)
(-0.350187773 2.31138077 -0.35499012)
(-0.316773333 2.31249753 -0.410946183)
(-0.281241641 2.21646471 -0.466779606)
(-0.21385076 1.76226734 -0.450877467)
(-0.076358533 0.653410353 -0.226160574)
(0.0593343088 2.28508251 0.926735545)
(-0.093006511 2.62509239 0.668664096)
(-0.0706473821 2.62798487 0.50017229)
(-0.125127452 2.5152337 0.378878429)
(-0.124718754 2.47253003 0.287246799)
(-0.133347609 2.45560424 0.219584263)
(-0.157168645 2.41433712 0.189428434)
(-0.211391553 2.36259478 0.167690457)
(-0.269438849 2.34275995 0.129079823)
(-0.312166199 2.35709922 0.0689549785)
(-0.334531931 2.37226585 -0.00736708261)
(-0.341071164 2.36389889 -0.0903685054)
(-0.333403356 2.34081946 -0.175815237)
(-0.308503817 2.32151702 -0.261131853)
(-0.271078835 2.3075525 -0.33512012)
(-0.234817296 2.28832026 -0.386995134)
(-0.216007048 2.27245031 -0.423082898)
(-0.206213783 2.26877337 -0.484837044)
(-0.197513241 2.09967816 -0.544879527)
(-0.0433745276 1.12639456 -0.374950574)
(0.0735732924 2.27328386 0.951089692)
(-0.0815123859 2.61603432 0.702554271)
(-0.0245321569 2.66251947 0.522189421)
(-0.074131389 2.55328769 0.382873353)
(-0.0558886908 2.49148014 0.292963929)
(-0.0523200171 2.47926535 0.225786976)
(-0.0589648426 2.45112679 0.218215443)
(-0.101838587 2.40116352 0.219331122)
(-0.158330599 2.37468041 0.182425463)
(-0.201519848 2.3884007 0.108697263)
(-0.222148876 2.39988402 0.0142101915)
(-0.227754075 2.37545275 -0.0857035512)
(-0.218230622 2.33880431 -0.187284428)
(-0.187722252 2.32777038 -0.287842872)
(-0.152083909 2.32726584 -0.367335206)
(-0.119391072 2.30945527 -0.412795638)
(-0.124367421 2.26979269 -0.42864755)
(-0.119668492 2.22473015 -0.469357197)
(-0.180650685 2.20671318 -0.589010732)
(-0.0015109814 1.41394274 -0.499870041)
(0.090407198 2.25678172 0.960305947)
(-0.0722378311 2.60030925 0.723198978)
(0.0123504997 2.6900064 0.530614397)
(-0.0439471924 2.58511653 0.376515655)
(-0.0123983149 2.49776693 0.28981845)
(-0.0135200008 2.48072534 0.219699559)
(-0.0154506415 2.45975209 0.234386958)
(-0.0424473991 2.42100106 0.260035093)
(-0.0861694904 2.39339164 0.229258174)
(-0.12139095 2.39809004 0.144338917)
(-0.136214306 2.39319123 0.032333826)
(-0.137637643 2.35086101 -0.0852136575)
(-0.116135717 2.32223933 -0.206407689)
(-0.0723527488 2.33239571 -0.319529079)
(-0.0438494934 2.33293758 -0.392501741)
(-0.0154104986 2.31115363 -0.419090595)
(-0.0546122332 2.28370421 -0.419968648)
(-0.0480879996 2.19169796 -0.433047936)
(-0.163955592 2.23411544 -0.598545972)
(0.0332499788 1.59711196 -0.598090058)
(0.110496222 2.24605084 0.951974767)
(-0.0613015021 2.56755 0.74316609)
(0.0396201224 2.7056363 0.529586149)
(-0.0299546604 2.60419784 0.372872744)
(0.012238379 2.49636516 0.285759551)
(-0.00650103761 2.47386196 0.218767541)
(-0.0130859952 2.45186186 0.248852118)
(-0.0284322478 2.42407451 0.286785749)
(-0.0531809181 2.40130078 0.259487523)
(-0.0730567868 2.39484796 0.166443884)
(-0.0799706947 2.36980438 0.0411029101)
(-0.0725531735 2.32820508 -0.0956588833)
(-0.0293158533 2.34799278 -0.24299849)
(0.0186971375 2.36243111 -0.356710578)
(0.0353545516 2.33370137 -0.410827657)
(0.0525101842 2.29325131 -0.409270062)
(-0.00783116914 2.27379071 -0.389235035)
(-0.0103901035 2.16986149 -0.381635478)
(-0.151244484 2.23999714 -0.593106242)
(0.0553725752 1.71985275 -0.673823151)
(0.133465052 2.2441634 0.928823713)
(-0.0490925788 2.51904966 0.763240391)
(0.0606883908 2.70775225 0.524340622)
(-0.0228085832 2.60917459 0.377071159)
(0.021361363 2.49081474 0.2865019)
(-0.018467977 2.46527042 0.229982422)
(-0.0307961893 2.43947208 0.264622249)
(-0.0387285615 2.41942506 0.300544343)
(-0.0460119826 2.4007111 0.273474293)
(-0.0522230023 2.37759456 0.17905372)
(-0.0507123035 2.34155112 0.0414791791)
(-0.017523488 2.36408028 -0.132383395)
(0.0333077677 2.41324552 -0.28991052)
(0.0600338535 2.36956049 -0.386938729)
(0.0619586533 2.29105722 -0.418494968)
(0.0706644194 2.24871656 -0.393361326)
(0.00814682778 2.24253234 -0.344826177)
(-0.00178137328 2.14326244 -0.324160669)
(-0.143566515 2.23644386 -0.587427491)
(0.0669836328 1.81440375 -0.736509007)
(0.158069826 2.25356659 0.889897022)
(-0.0323144453 2.45763889 0.782263099)
(0.0800708957 2.69617737 0.52426947)
(-0.0138322125 2.60509232 0.389159817)
(0.0222275143 2.48594993 0.298669488)
(-0.0360024137 2.45693019 0.251757599)
(-0.0539458013 2.42248367 0.279947628)
(-0.0600893297 2.39877306 0.302996226)
(-0.0584225444 2.37320917 0.267916121)
(-0.0533436262 2.34798543 0.161290305)
(-0.0248702618 2.37420555 -0.00461814492)
(0.0381972475 2.47625809 -0.181375519)
(0.0544768874 2.44342833 -0.315321777)
(0.0502574705 2.30728306 -0.395982076)
(0.0353689739 2.19132323 -0.417155324)
(0.0484448562 2.17344538 -0.378771901)
(-0.00722108676 2.19944928 -0.30392584)
(-0.00319940739 2.10196787 -0.272963811)
(-0.138178027 2.20606239 -0.586611317)
(0.0734918206 1.89758964 -0.794121061)
(0.184125009 2.27820422 0.831020062)
(-0.00566207857 2.38478632 0.797669741)
(0.104784004 2.66869497 0.533731693)
(0.00682845163 2.60149004 0.407811992)
(0.0329648177 2.48506702 0.324118127)
(-0.032106229 2.45946605 0.282089677)
(-0.0515207142 2.41585164 0.293717262)
(-0.0559318422 2.38830146 0.296726412)
(-0.0402401411 2.37907929 0.247805148)
(-0.00540660702 2.41622601 0.127818476)
(0.059505611 2.53345301 -0.041384743)
(0.0722489945 2.53685737 -0.194844642)
(0.0487429427 2.40259132 -0.308415345)
(0.0215648611 2.20712281 -0.384462482)
(-0.00718576058 2.079312 -0.410977544)
(0.0097472303 2.092764 -0.36971988)
(-0.0325510781 2.14438888 -0.277552944)
(0.001324549 2.04457717 -0.241700451)
(-0.128837757 2.13390775 -0.587913373)
(0.080210633 1.97091048 -0.847624066)
(0.211107554 2.3256626 0.74669104)
(0.0351746787 2.30250888 0.802660683)
(0.140637437 2.61478414 0.553441463)
(0.0543709251 2.60526732 0.427910078)
(0.0683749469 2.49180459 0.354195339)
(0.0223523273 2.47202454 0.314103687)
(0.0106064613 2.4432623 0.303518695)
(0.0157483067 2.42829204 0.282945097)
(0.0471844841 2.45403316 0.215501168)
(0.10187389 2.53797749 0.0868073122)
(0.126409637 2.58503831 -0.0598322988)
(0.103311966 2.51866172 -0.181846489)
(0.0642412341 2.35640834 -0.280169272)
(0.0252414108 2.15046486 -0.357063441)
(-0.0200169741 2.00601266 -0.39517611)
(-0.0166231147 2.01768145 -0.361573298)
(-0.052983259 2.07786327 -0.273517752)
(0.0217877855 1.97665856 -0.230094769)
(-0.108382353 2.03226966 -0.584926918)
(0.0897591694 2.02635629 -0.888715938)
(0.235046537 2.40743661 0.632133526)
(0.0897790395 2.22059909 0.783491942)
(0.190656874 2.51679374 0.577361005)
(0.137810496 2.60432865 0.443444088)
(0.134201795 2.51575942 0.371485138)
(0.121209849 2.47690719 0.331509558)
(0.126635575 2.46865424 0.302629096)
(0.146109724 2.47719821 0.260633061)
(0.182136686 2.51583915 0.180097301)
(0.214244834 2.56370927 0.0644186298)
(0.209613491 2.56113589 -0.050402928)
(0.180313083 2.49664239 -0.149627863)
(0.13960103 2.36070762 -0.237653353)
(0.087992578 2.16255572 -0.31052671)
(0.0217543505 1.98475161 -0.356278246)
(-0.00569001539 1.94890793 -0.343037403)
(-0.0540803087 2.00174154 -0.288516833)
(0.0477267453 1.91488245 -0.230945192)
(-0.0732494329 1.94305748 -0.578313725)
(0.102003152 2.05283355 -0.905280426)
(0.246883663 2.54136351 0.488459255)
(0.146953124 2.16869784 0.724605098)
(0.252093151 2.36826072 0.591737059)
(0.249416677 2.54797989 0.454772585)
(0.236154587 2.54646159 0.369526967)
(0.241319102 2.49675164 0.320358881)
(0.263267522 2.47078273 0.280980056)
(0.293735888 2.47270975 0.230072399)
(0.325841314 2.49321786 0.154342454)
(0.342232 2.50875512 0.0634493416)
(0.335472054 2.50763457 -0.0274168599)
(0.310656678 2.47486108 -0.112614949)
(0.267175002 2.376323 -0.186710776)
(0.202984635 2.20076098 -0.246038151)
(0.120321332 2.00597014 -0.289598417)
(0.0557870086 1.90480665 -0.300768383)
(-0.0117253597 1.92286148 -0.295580529)
(0.0646010774 1.86702946 -0.252629344)
(-0.0261472344 1.90487837 -0.574989375)
(0.115708613 2.04909828 -0.891755174)
(0.232925414 2.73215188 0.324126448)
(0.179721741 2.19838259 0.60378524)
(0.310337604 2.21740203 0.56685839)
(0.366887554 2.39534201 0.456001278)
(0.371585198 2.49920353 0.359618088)
(0.384983967 2.51295968 0.291883064)
(0.41470231 2.49241916 0.241011574)
(0.450213844 2.47335577 0.189643492)
(0.480593085 2.46371141 0.127458548)
(0.496093146 2.45847698 0.0564009006)
(0.492452845 2.45135405 -0.0166971277)
(0.467293879 2.42317478 -0.0813489183)
(0.418049689 2.34409225 -0.132134051)
(0.346390112 2.20376863 -0.17088431)
(0.257775007 2.03432282 -0.20444669)
(0.168760912 1.9041552 -0.231640686)
(0.0853386341 1.86613363 -0.262547536)
(0.097647159 1.8251184 -0.280126427)
(0.0218204706 1.87998471 -0.560006691)
(0.133755359 2.0509192 -0.858904782)
(0.200660484 2.97520764 0.199406773)
(0.137145886 2.31853593 0.446385927)
(0.320990109 2.12316472 0.480909172)
(0.444331735 2.18152048 0.418617243)
(0.495321044 2.29494516 0.336602952)
(0.531165873 2.37391816 0.264622039)
(0.571035676 2.40863997 0.206930685)
(0.610126046 2.41463028 0.15616817)
(0.640127381 2.4054603 0.104932782)
(0.654430993 2.38798886 0.0518184692)
(0.64945582 2.36092186 0.00143884544)
(0.620232057 2.31015538 -0.0406239633)
(0.56708809 2.23224625 -0.0710374727)
(0.495743668 2.1318798 -0.0935259401)
(0.411556121 2.02374829 -0.11707268)
(0.319938048 1.92580502 -0.148199805)
(0.225473389 1.86059558 -0.19416881)
(0.176789002 1.80205136 -0.263998977)
(0.0866962042 1.87399391 -0.517688407)
(0.157842027 2.06127345 -0.792614023)
(0.257632089 3.41377061 0.0739178633)
(0.120556095 2.7852566 0.253978364)
(0.301654845 2.31972441 0.329937975)
(0.461472273 2.12510942 0.309370904)
(0.557482285 2.08498271 0.253715716)
(0.625357796 2.09992847 0.196748431)
(0.681373067 2.12199971 0.147373327)
(0.725540043 2.13454975 0.103860951)
(0.755383855 2.1340307 0.0633833661)
(0.769231141 2.12131271 0.0261355357)
(0.764995712 2.09727044 -0.00488821548)
(0.743523416 2.07063517 -0.0265620673)
(0.706078926 2.0434175 -0.0381281069)
(0.653628334 2.01602137 -0.044047926)
(0.585957038 1.98844063 -0.0528731844)
(0.503571193 1.9549689 -0.0723892555)
(0.404484708 1.90524395 -0.11116779)
(0.30858289 1.83281068 -0.197271121)
(0.187718758 1.91505491 -0.428123682)
(0.192971645 2.08442692 -0.66578579)
(0.17489989 3.50521459 -0.0266674299)
(0.0193726883 3.31267891 0.123465859)
(0.267708339 2.93693806 0.205104266)
(0.466369212 2.65930522 0.201733978)
(0.610092692 2.4931311 0.168876594)
(0.723519181 2.39811994 0.134806222)
(0.813389361 2.34227666 0.104808423)
(0.881689459 2.30711029 0.0775493774)
(0.931694778 2.28256071 0.0525939028)
(0.966649661 2.26531517 0.0313719166)
(0.986975048 2.25097274 0.0168384941)
(0.9908587 2.23393339 0.0121482493)
(0.976543726 2.21024729 0.0177488387)
(0.941597834 2.17974748 0.0298050973)
(0.879533064 2.13982966 0.0411809161)
(0.785514284 2.08870958 0.0399345621)
(0.657158623 2.02262408 0.0092617136)
(0.507299431 1.95381153 -0.0856006756)
(0.344600018 2.03355695 -0.268745102)
(0.246573436 2.12496231 -0.448241804)
(0.104492766 3.55035713 -0.00158259486)
(-0.0881688525 3.44914047 -0.0557367993)
(0.240259756 3.20070358 -0.0587012322)
(0.45766547 3.00270548 -0.0536631796)
(0.619052408 2.85842853 -0.0474639552)
(0.749750779 2.75282291 -0.0424655431)
(0.851123958 2.67288225 -0.0410637483)
(0.924967956 2.60969082 -0.0437986905)
(0.977193395 2.55807711 -0.0490894216)
(1.01331813 2.51356833 -0.0534767222)
(1.03825414 2.47678106 -0.0530677225)
(1.05610492 2.45078631 -0.0439451504)
(1.07115949 2.4401652 -0.0216910415)
(1.08158561 2.43832293 0.0169673638)
(1.07402916 2.42981998 0.067150573)
(1.03308749 2.40428119 0.116002736)
(0.939093634 2.35499661 0.141942736)
(0.794408792 2.28985111 0.112553028)
(0.556934041 2.24847749 0.000963860893)
(0.310500852 2.17544187 -0.134754378)
(0.242642712 3.53359532 0.0310419579)
(0.0411809216 3.08703526 -0.156915668)
(0.231765354 2.6110392 -0.222822245)
(0.382571142 2.3136244 -0.206323261)
(0.484084765 2.14804311 -0.163921261)
(0.557132615 2.05227437 -0.123088619)
(0.605363406 1.99021494 -0.0935896907)
(0.631123463 1.94536768 -0.0758262233)
(0.640631705 1.91139402 -0.0662772691)
(0.6404263 1.88658557 -0.0609231871)
(0.635533186 1.87132145 -0.0563033448)
(0.630801096 1.86619073 -0.0493464863)
(0.631105882 1.87469662 -0.0351126535)
(0.650529335 1.92132645 -0.00528921615)
(0.693863927 2.01844327 0.0475436394)
(0.741487185 2.13879939 0.121193311)
(0.750789063 2.24145661 0.199085627)
(0.691361524 2.29300795 0.251627971)
(0.501411998 2.29191874 0.244974815)
(0.287098944 2.19043585 0.199244824)
(0.257134544 3.2672926 -0.120487273)
(0.0125295454 2.58530834 -0.292132718)
(0.223234851 2.21119909 -0.335313771)
(0.356390148 2.07839215 -0.299537341)
(0.423209229 2.04857956 -0.23258468)
(0.463791464 2.04724601 -0.166658835)
(0.488913011 2.04603823 -0.117381686)
(0.501617342 2.03766148 -0.0858512934)
(0.505240791 2.02116599 -0.0662769319)
(0.500771338 1.99672295 -0.0529535605)
(0.486477823 1.96519049 -0.0428687499)
(0.460630617 1.9281992 -0.035956223)
(0.424219763 1.888423 -0.0336977696)
(0.386518572 1.85664407 -0.0299228415)
(0.367092883 1.86003061 -0.0017508991)
(0.386754499 1.92562008 0.0718315304)
(0.426273346 2.04543585 0.190755015)
(0.44567129 2.16879861 0.328336125)
(0.341444188 2.24491893 0.440527922)
(0.230319226 2.17701894 0.488891734)
(0.17542511 2.89898786 -0.159363107)
(0.00943635536 2.34802267 -0.400595294)
(0.235774336 2.17593227 -0.458673445)
(0.342572263 2.1744319 -0.393510158)
(0.375338355 2.2205991 -0.289345848)
(0.393559271 2.26028932 -0.198312437)
(0.411888613 2.27875205 -0.138225738)
(0.431493389 2.27715936 -0.10326201)
(0.451006879 2.26063324 -0.0801491476)
(0.465997942 2.23392109 -0.0591262866)
(0.470796795 2.19978471 -0.0361856467)
(0.461021531 2.15975191 -0.0115378425)
(0.432730604 2.11279258 0.0108357187)
(0.382287024 2.05577912 0.0251760349)
(0.312283671 1.98931067 0.0358824258)
(0.247677529 1.93978078 0.0741828671)
(0.220078016 1.95864441 0.179910731)
(0.244679164 2.05277467 0.357014963)
(0.190617125 2.17088361 0.564814986)
(0.178944504 2.14899856 0.700490608)
(0.204809134 2.81829957 -0.218490821)
(0.0652385223 2.34074751 -0.52444607)
(0.242363409 2.23270676 -0.553323772)
(0.307778245 2.27717233 -0.439838683)
(0.309403781 2.34051939 -0.304852434)
(0.31534264 2.37239957 -0.20859761)
(0.335271176 2.36932589 -0.158080237)
(0.363525269 2.34460717 -0.132321481)
(0.393185978 2.31256328 -0.110421309)
(0.417268336 2.28172475 -0.0826923039)
(0.430807703 2.25437178 -0.0478272608)
(0.431772359 2.23003279 -0.00755620781)
(0.417111098 2.20323143 0.0354466664)
(0.381519484 2.16532057 0.0764212219)
(0.31810002 2.10518874 0.109377893)
(0.231947085 2.0246175 0.140855866)
(0.146715802 1.96412321 0.209024812)
(0.136175451 1.98043651 0.36475602)
(0.0866165293 2.10082773 0.624947776)
(0.14458303 2.11700163 0.827065045)
(0.220518085 2.75429768 -0.314732675)
(0.0745978151 2.31667549 -0.635514562)
(0.229259928 2.27248719 -0.609619593)
(0.262755159 2.35041763 -0.456829806)
(0.251528937 2.40535935 -0.311967349)
(0.261175658 2.40494531 -0.22770435)
(0.287506764 2.36887585 -0.192032606)
(0.318648985 2.32408827 -0.171126674)
(0.346375821 2.28555332 -0.144052088)
(0.36534869 2.25582073 -0.106064588)
(0.374085234 2.23196583 -0.0592368584)
(0.372307204 2.21030422 -0.00613868052)
(0.36127528 2.19362348 0.0519872564)
(0.33922968 2.17835245 0.113519108)
(0.298180194 2.1505113 0.17244826)
(0.231067175 2.09162735 0.221042312)
(0.133900051 2.0088332 0.272592856)
(0.0948246289 1.95297422 0.380108006)
(0.0228948837 2.04695371 0.648183697)
(0.124319814 2.08692957 0.891684834)
(0.231432086 2.71030589 -0.416922869)
(0.0772627621 2.3105039 -0.724639287)
(0.213084551 2.31988327 -0.643806223)
(0.222611903 2.41178915 -0.465908333)
(0.213914701 2.44375591 -0.324421831)
(0.233616631 2.41439818 -0.254956122)
(0.263254235 2.36380499 -0.227105789)
(0.29056662 2.32016701 -0.202842182)
(0.310094018 2.28969717 -0.166576926)
(0.320164061 2.26614311 -0.118667108)
(0.322116382 2.242865 -0.0628436433)
(0.317180612 2.21767707 -0.00108127569)
(0.305417523 2.19259915 0.0659057583)
(0.28677615 2.17234074 0.138534008)
(0.258597465 2.15588187 0.216045834)
(0.215643813 2.1243672 0.289203003)
(0.131803171 2.05520361 0.348125537)
(0.0860880201 1.95856174 0.417754948)
(-0.0154895807 2.01214465 0.662275275)
(0.112536312 2.06134366 0.925044769)
(0.237023727 2.65622618 -0.52718819)
(0.0693143222 2.30719882 -0.795508921)
(0.193221904 2.36808096 -0.660268825)
(0.184464688 2.46256013 -0.472206522)
(0.186045043 2.46974516 -0.342848239)
(0.213281644 2.4226262 -0.285662771)
(0.240068107 2.37083366 -0.257838709)
(0.259165429 2.3363286 -0.225054942)
(0.268711336 2.31452603 -0.179238401)
(0.270768485 2.2926201 -0.124164278)
(0.268527892 2.26563562 -0.062848828)
(0.263258015 2.23583592 0.00347958187)
(0.253008947 2.20413123 0.077299013)
(0.236322596 2.17363246 0.158497604)
(0.213121396 2.15106138 0.247189652)
(0.187212422 2.13310848 0.339802433)
(0.122759689 2.08828071 0.417179624)
(0.0881530431 1.97993554 0.470170207)
(-0.0382522008 1.99438541 0.680710099)
(0.105305535 2.04073633 0.946186732)
(0.236662193 2.5907983 -0.637120924)
(0.0525721716 2.31384577 -0.845750913)
(0.170823426 2.41887426 -0.664867758)
(0.145670565 2.50327022 -0.480762801)
(0.161152166 2.48464101 -0.366766273)
(0.189559449 2.42806904 -0.315636597)
(0.208660779 2.38236543 -0.280278214)
(0.218393366 2.35824011 -0.236238886)
(0.218507407 2.33870532 -0.182928574)
(0.214530572 2.30976012 -0.124713222)
(0.209745404 2.27641628 -0.0607476473)
(0.20601538 2.24409085 0.0122965532)
(0.20421447 2.2164951 0.0901247274)
(0.198381162 2.1904849 0.174252421)
(0.18049949 2.16298483 0.268313056)
(0.160298089 2.14107448 0.373998207)
(0.107145457 2.11066604 0.471865982)
(0.0911025403 2.00448325 0.523401918)
(-0.0513294585 1.98907447 0.703778218)
(0.100090502 2.02463277 0.96140853)
(0.22967131 2.52212995 -0.740453887)
(0.0289858378 2.33351398 -0.875842115)
(0.147150351 2.46703847 -0.662594095)
(0.105415055 2.52964475 -0.492761166)
(0.13732859 2.48784245 -0.392913757)
(0.159282331 2.43255121 -0.340091294)
(0.169252336 2.39866937 -0.291962699)
(0.170462419 2.38195898 -0.236960833)
(0.162034389 2.35512491 -0.180005384)
(0.15367091 2.31516414 -0.123883378)
(0.147803844 2.2824006 -0.0653656777)
(0.156342023 2.26417278 -0.00283940033)
(0.163139947 2.24746516 0.0721711528)
(0.163154574 2.21873535 0.170074204)
(0.152292027 2.18466787 0.280462355)
(0.136638548 2.15482372 0.399536554)
(0.0866304356 2.12852766 0.515027701)
(0.0902483344 2.02692488 0.569866438)
(-0.0596617443 1.99199788 0.728726483)
(0.0952008637 2.01158799 0.970815623)
(0.216282113 2.4591089 -0.83128185)
(0.00264844141 2.36507955 -0.887389226)
(0.123996493 2.50639226 -0.658041552)
(0.0655333396 2.54105358 -0.508152904)
(0.115009757 2.48472605 -0.418004137)
(0.12232494 2.44147485 -0.355645624)
(0.125421615 2.41959268 -0.292626255)
(0.118421263 2.40252191 -0.228144413)
(0.10040346 2.36157849 -0.169244091)
(0.0833072951 2.31544595 -0.115338533)
(0.0647603122 2.27477457 -0.0645109638)
(0.0516470678 2.21457099 -0.0009672693)
(0.0232360513 2.10612764 0.082191853)
(0.0553594048 2.1070005 0.175429682)
(0.0857629251 2.14217393 0.288961332)
(0.10127494 2.15555524 0.418395449)
(0.0579828787 2.14422279 0.550111566)
(0.0831658804 2.04630309 0.607613643)
(-0.0690987022 1.99799634 0.752346415)
(0.0889388025 2.00125736 0.974074085)
(0.198001613 2.40673789 -0.90602369)
(-0.0222159677 2.40326732 -0.88388726)
(0.102311102 2.53324196 -0.654758163)
(0.0284045816 2.54174409 -0.524616441)
(0.0932202585 2.48291391 -0.43856365)
(0.0800016238 2.45690673 -0.360884517)
(0.0815688763 2.44089445 -0.28442147)
(0.0653836761 2.41564448 -0.210967275)
(0.0378443833 2.36258808 -0.145862993)
(0.00564368219 2.30532415 -0.0796817966)
(-0.0545786986 2.16438861 -0.0102556948)
(-0.124482805 1.9619986 0.0440069838)
(-0.130739843 1.88279681 0.0795956509)
(-0.0779148609 1.9307444 0.137742754)
(-0.0106643717 2.03275747 0.257256562)
(0.0571655741 2.12877844 0.413887543)
(0.0225140686 2.15424391 0.57390446)
(0.0702702404 2.06195307 0.63706774)
(-0.0827780748 2.01700934 0.776850174)
(0.0783492081 1.98276609 0.965568983)
(0.176807204 2.36621676 -0.963303908)
(-0.042871687 2.44167599 -0.869093383)
(0.0816318962 2.54860845 -0.654877641)
(-0.00419207943 2.5380917 -0.537503031)
(0.0684753343 2.48688711 -0.452313086)
(0.0352544515 2.47534232 -0.356798082)
(0.0399572909 2.45709928 -0.271671175)
(0.0151250065 2.42101612 -0.18851274)
(-0.0138693058 2.36302338 -0.10967655)
(-0.0550771472 2.26540539 -0.0181302754)
(-0.128513772 2.050193 0.0509795746)
(-0.182723896 1.86824109 0.065376173)
(-0.169461167 1.84245065 0.0450813957)
(-0.127261864 1.87673627 0.0610128252)
(-0.0779251028 1.92750852 0.178066519)
(0.0163817009 2.06423212 0.378373284)
(-0.0129429856 2.15592031 0.582095235)
(0.0496026752 2.07327248 0.660285622)
(-0.100085426 2.05698339 0.803279104)
(0.0633174677 1.94424259 0.938818213)
(0.154879991 2.33664996 -1.0036205)
(-0.0588628198 2.47507556 -0.846224861)
(0.0607956415 2.55677539 -0.657484069)
(-0.0312521386 2.53477124 -0.542170669)
(0.0357586812 2.49567277 -0.458333547)
(-0.00783115808 2.49022924 -0.346036009)
(-0.0026482881 2.4648993 -0.25734548)
(-0.0301729188 2.42023175 -0.166057079)
(-0.0515906592 2.35820389 -0.0734828192)
(-0.0746580335 2.2455041 0.0283658845)
(-0.115539384 2.04552541 0.0875194103)
(-0.135086387 1.90957676 0.0761566605)
(-0.0970981351 1.94043526 0.0311635435)
(-0.0570584988 1.99446651 0.0221369539)
(-0.0731292463 1.93270773 0.12026396)
(-0.0228417022 1.97666667 0.333839994)
(-0.0382985409 2.14383756 0.574830962)
(0.0201375899 2.08137489 0.679780068)
(-0.123033358 2.11435577 0.830341981)
(0.0434355281 1.87851056 0.889437195)
(0.1344224 2.31632432 -1.02888823)
(-0.071594489 2.50034334 -0.819254083)
(0.0385180322 2.56224545 -0.655165328)
(-0.054018362 2.53339474 -0.539877635)
(-0.00775514983 2.50477267 -0.452989947)
(-0.0469114427 2.49668118 -0.333143608)
(-0.0517818621 2.46371881 -0.240146489)
(-0.0735881154 2.41181745 -0.146908642)
(-0.0832662418 2.34685101 -0.05357268)
(-0.0747986998 2.25225782 0.0399766938)
(-0.0621768128 2.11174151 0.0901669463)
(-0.0373197995 2.01569033 0.0676178554)
(0.0221099137 2.05140342 0.00376394212)
(0.0319018415 2.11380551 0.0247467094)
(-0.0129795735 2.04224635 0.128340773)
(-0.0503384629 1.92383495 0.321939015)
(-0.0598950297 2.11187658 0.567270234)
(-0.0248282226 2.09413016 0.700059463)
(-0.15233829 2.18053036 0.855778318)
(0.0164226899 1.77184905 0.81320106)
(0.116395695 2.3030155 -1.0413522)
(-0.081377478 2.51723351 -0.790971547)
(0.0158410504 2.56817086 -0.64063521)
(-0.0782477852 2.53337558 -0.530645099)
(-0.054410654 2.50897391 -0.435919019)
(-0.0892922423 2.49459764 -0.316529907)
(-0.102791268 2.45383556 -0.220392005)
(-0.118685616 2.39484792 -0.13389458)
(-0.11282929 2.32808198 -0.0551521677)
(-0.0742610966 2.25588368 0.0110502651)
(-0.0127288944 2.18085828 0.0398914708)
(0.0571022437 2.13959422 0.0095841817)
(0.103523781 2.18057321 -0.0196839983)
(0.0879112664 2.21959479 0.0443734607)
(0.0250850264 2.13826437 0.181394276)
(-0.0756485139 1.91768134 0.360865176)
(-0.0979877365 2.06499163 0.577688883)
(-0.0964747018 2.12673049 0.730031204)
(-0.187937162 2.23032921 0.867508766)
(-0.01908581 1.60152241 0.704285298)
(0.100912568 2.29457538 -1.04200671)
(-0.0871215577 2.52677063 -0.762029783)
(-0.00730536948 2.57543543 -0.613147333)
(-0.105688583 2.53342227 -0.510106234)
(-0.101142972 2.50767743 -0.410136864)
(-0.135538352 2.48561783 -0.294171295)
(-0.152326866 2.43730186 -0.202680204)
(-0.158348389 2.37460867 -0.133459017)
(-0.132415947 2.3133348 -0.0867318378)
(-0.0696999924 2.26778731 -0.0634811584)
(0.0133870094 2.25066228 -0.0628702222)
(0.0832203168 2.27407272 -0.0700223615)
(0.101396336 2.31266332 -0.026650616)
(0.0549878032 2.2894544 0.0964572426)
(-0.0218542343 2.12987364 0.265301635)
(-0.132329641 1.91622702 0.433092497)
(-0.173171584 2.04798665 0.615228938)
(-0.195349038 2.2090179 0.768821913)
(-0.226603568 2.2363523 0.845190738)
(-0.060389534 1.34077853 0.560879371)
(0.0874499741 2.28697895 -1.03280461)
(-0.0895939878 2.53206447 -0.730210569)
(-0.0315013778 2.5844002 -0.572501012)
(-0.134874528 2.53366105 -0.476282831)
(-0.14796344 2.50250079 -0.376876279)
(-0.182320288 2.47251552 -0.268833916)
(-0.19789926 2.42032651 -0.191813101)
(-0.192656053 2.364405 -0.150091654)
(-0.153793831 2.32862507 -0.139338216)
(-0.0907738959 2.32821245 -0.144514065)
(-0.0299632799 2.3575243 -0.14043043)
(0.00160097241 2.38472252 -0.0971469535)
(-0.0202944959 2.35424029 0.0119466103)
(-0.0775162113 2.22817368 0.175876488)
(-0.148584168 2.0475779 0.353853586)
(-0.239748649 1.95562842 0.513127696)
(-0.288815668 2.13545087 0.672128266)
(-0.305910472 2.28799934 0.795165164)
(-0.269525278 2.01382476 0.764246475)
(-0.100042624 0.806603481 0.37618882)
(0.0739451251 2.27662216 -1.01447807)
(-0.0916361357 2.53586234 -0.692022573)
(-0.0552590173 2.59586105 -0.518669433)
(-0.164669259 2.53571755 -0.42893834)
(-0.193593288 2.49626188 -0.337174758)
(-0.228298338 2.46036752 -0.242849877)
(-0.242679525 2.41079404 -0.185860857)
(-0.236026426 2.37051643 -0.170717074)
(-0.207592692 2.36336935 -0.182427398)
(-0.175105946 2.39000769 -0.190562039)
(-0.15893674 2.41606299 -0.161333386)
(-0.169749448 2.38726061 -0.0741833023)
(-0.206272352 2.28182452 0.06930012)
(-0.255461687 2.14410243 0.250015555)
(-0.315055214 2.0482592 0.42877007)
(-0.381547273 2.09558595 0.586529442)
(-0.417247242 2.23937741 0.720263758)
(-0.395471142 2.13778288 0.768692605)
(-0.283838694 1.45644798 0.605219207)
(-0.0721403179 0.276885009 0.16928823)
(0.0571691999 2.26265011 -0.985851736)
(-0.0977008764 2.5336611 -0.649803202)
(-0.0785567281 2.61067602 -0.452936079)
(-0.19355399 2.5430958 -0.367972258)
(-0.236993906 2.49398476 -0.290356464)
(-0.273216358 2.45434291 -0.214090711)
(-0.290552665 2.41024791 -0.17543384)
(-0.295404683 2.38036791 -0.175999352)
(-0.294483188 2.38109869 -0.19346392)
(-0.30028512 2.40343702 -0.192053302)
(-0.319056549 2.40758005 -0.141618125)
(-0.351253744 2.35228774 -0.0322968108)
(-0.391605191 2.25056265 0.126578311)
(-0.43333696 2.16315141 0.31068888)
(-0.477319014 2.14678274 0.489142994)
(-0.514087149 2.18714898 0.636867682)
(-0.508722584 2.11826794 0.71964893)
(-0.419297741 1.73142903 0.663679891)
(-0.225091077 1.09530929 0.404695664)
(0.0281968566 0.689738124 0.0428574121)
(0.0349169032 2.24295138 -0.946486927)
(-0.113772768 2.51945697 -0.606817553)
(-0.104991021 2.62785725 -0.381035302)
(-0.220967742 2.56070923 -0.295817541)
(-0.276712933 2.50270317 -0.236053907)
(-0.314975239 2.459666 -0.17912818)
(-0.337041885 2.41763126 -0.153197249)
(-0.356293881 2.3855369 -0.158039041)
(-0.38172992 2.37326655 -0.17200881)
(-0.416154073 2.3773749 -0.161977157)
(-0.454518899 2.37348809 -0.101197186)
(-0.494032942 2.33057833 0.0159412804)
(-0.532340242 2.25684743 0.176676027)
(-0.562640854 2.19858367 0.356439301)
(-0.581173826 2.15995785 0.523011275)
(-0.574247695 2.06331735 0.635574065)
(-0.509152399 1.79500606 0.638712424)
(-0.352301325 1.38221867 0.473144843)
(-0.123396518 1.09705092 0.167608278)
(0.0186194554 0.931786206 -0.0151393703)
(0.00460571928 2.21478707 -0.88708587)
(-0.149257239 2.48060086 -0.564184001)
(-0.144887979 2.63711861 -0.315356567)
(-0.252743663 2.58839589 -0.222485201)
(-0.316365238 2.52429107 -0.181771378)
(-0.353273267 2.47787106 -0.144342728)
(-0.373419221 2.43553537 -0.125018016)
(-0.394635129 2.39767095 -0.124269769)
(-0.429952064 2.36652916 -0.128098667)
(-0.479532513 2.34148372 -0.112302798)
(-0.528298105 2.31751956 -0.0518689719)
(-0.564034487 2.27986196 0.0617112072)
(-0.587951648 2.21451356 0.211846714)
(-0.595122086 2.13166706 0.373347664)
(-0.575655291 2.01595123 0.50898002)
(-0.517828146 1.81677122 0.568146097)
(-0.402068176 1.54878497 0.498030306)
(-0.213647963 1.39309869 0.279688045)
(0.00470008344 1.47623742 0.00488024331)
(-0.0648804394 0.650056158 -0.0500895128)
(-0.0384146907 2.1754887 -0.776875154)
(-0.224271934 2.39412059 -0.499574153)
(-0.230181477 2.59710554 -0.259762196)
(-0.320658772 2.59236901 -0.156621585)
(-0.38976286 2.51485204 -0.131411955)
(-0.423662342 2.4484635 -0.116996941)
(-0.432164448 2.39749463 -0.105457478)
(-0.432083496 2.3655001 -0.0949312073)
(-0.441163208 2.34948749 -0.0807029198)
(-0.47015321 2.33009986 -0.0542297989)
(-0.509731121 2.2867283 -0.000794129748)
(-0.537258664 2.22311577 0.0927883609)
(-0.540114774 2.13630528 0.21985903)
(-0.513708004 2.01809619 0.350649447)
(-0.453487052 1.86187651 0.44490367)
(-0.355502656 1.67371249 0.454687592)
(-0.218874379 1.53490532 0.343362757)
(-0.0582222905 1.58190597 0.131504626)
(0.0533446568 1.60328482 -0.00907068712)
(-0.0901858213 0.294952329 -0.0657749473)
(-0.0984322996 2.12485122 -0.572058526)
(-0.368948152 2.22816664 -0.358599273)
(-0.426275375 2.3987091 -0.173595059)
(-0.505880999 2.43309791 -0.0697418835)
(-0.586913235 2.31039903 -0.0463152652)
(-0.634086173 2.16846102 -0.065244827)
(-0.641650784 2.06952134 -0.0914211439)
(-0.617249363 2.03153313 -0.103240558)
(-0.571404175 2.06367481 -0.0896133407)
(-0.517139671 2.15717451 -0.0492265587)
(-0.469758146 2.25509659 0.0121254452)
(-0.438737135 2.26488626 0.0900102041)
(-0.404127911 2.18345003 0.186548083)
(-0.344593168 2.0555624 0.283327181)
(-0.255002582 1.90675008 0.343910022)
(-0.140182051 1.77546684 0.329858095)
(-0.0176775584 1.73306923 0.223619055)
(0.0993904343 1.83543021 0.0582338136)
(0.0463769665 1.48766275 0.0274566582)
(-0.0252361202 0.53525798 -0.0723723333)
(-0.158525566 2.07190732 -0.267287627)
(-0.558731745 1.99527966 -0.105510401)
(-0.748248781 1.92607742 -0.00558924047)
(-0.859448322 1.88065651 0.0150100058)
(-0.900030426 1.85645494 -0.0204425479)
(-0.900613449 1.83779513 -0.0760304318)
(-0.882421269 1.78601073 -0.125812812)
(-0.850201676 1.70636505 -0.156451056)
(-0.798597686 1.63657709 -0.157739137)
(-0.722235816 1.62261774 -0.122781929)
(-0.618294934 1.70113859 -0.0538268173)
(-0.491428175 1.86117687 0.0342949425)
(-0.35908433 2.00585824 0.12001224)
(-0.232808251 2.04884055 0.189422945)
(-0.109115984 2.01438245 0.227473426)
(0.00830454883 1.95107459 0.213093161)
(0.0917843805 1.90591324 0.142633056)
(0.124403861 1.7797204 0.0671179738)
(-0.0106581743 1.1907196 0.0818949287)
(0.0630290823 0.935673973 -0.0622239445)
(-0.141152173 2.04184006 0.0537769941)
(-0.504837798 2.02844321 0.138504027)
(-0.671088141 2.10112557 0.141280046)
(-0.768514793 2.21746616 0.0875304446)
(-0.813518853 2.29386412 0.0138829284)
(-0.848236427 2.26565317 -0.0572960909)
(-0.874846306 2.1558511 -0.120469986)
(-0.889228545 1.99856452 -0.172843736)
(-0.884610731 1.81109236 -0.206770518)
(-0.850802144 1.61734365 -0.213331224)
(-0.777683395 1.45464171 -0.186344598)
(-0.659790253 1.36911235 -0.126443446)
(-0.501805549 1.39589085 -0.0444728516)
(-0.323942817 1.51806208 0.0387080028)
(-0.156850572 1.65013329 0.0996224894)
(-0.0259899331 1.71274079 0.124784503)
(0.0414804293 1.68411223 0.115949532)
(0.061056213 1.46509862 0.115414777)
(-0.0320505573 0.9827629 0.103882113)
(0.0882564581 1.00055883 -0.0389792041)
(-0.0982813292 2.03450673 0.334686209)
(-0.406483351 2.11489342 0.362243401)
(-0.525393429 2.34014433 0.286994613)
(-0.609971735 2.54452555 0.17618321)
(-0.668025406 2.62045259 0.0792023209)
(-0.722838305 2.57975225 -0.000232562042)
(-0.769453933 2.48187433 -0.0710999015)
(-0.810055273 2.35145746 -0.13409427)
(-0.843129468 2.18934975 -0.186580016)
(-0.85973207 1.99239234 -0.224335803)
(-0.846975393 1.76248348 -0.242258625)
(-0.791906854 1.51761541 -0.236052985)
(-0.687728996 1.29543376 -0.203785432)
(-0.539213988 1.14472106 -0.146970839)
(-0.36336125 1.1067266 -0.0716099496)
(-0.188094989 1.18140606 0.00847820728)
(-0.0530400623 1.26791157 0.0720274474)
(0.0253136869 1.20031426 0.115457789)
(0.0177029656 1.03785029 0.0921254771)
(0.0941034239 1.06032917 -0.00445699303)
(-0.0526166524 2.03216114 0.559188072)
(-0.307069552 2.18653736 0.540030128)
(-0.379783544 2.50900548 0.405738369)
(-0.444881383 2.74396237 0.255340875)
(-0.492008345 2.81078133 0.141903807)
(-0.537410377 2.77537678 0.0563378251)
(-0.579988881 2.69897804 -0.0157738569)
(-0.625995649 2.60289381 -0.0790212299)
(-0.674651531 2.49895527 -0.136127563)
(-0.720750915 2.38406912 -0.188119571)
(-0.754410405 2.23949061 -0.233537081)
(-0.762973924 2.04448262 -0.268710154)
(-0.734313894 1.79194018 -0.287933823)
(-0.660376688 1.50025726 -0.283619837)
(-0.53979482 1.21866256 -0.247391071)
(-0.380167344 1.02145475 -0.174488435)
(-0.19912418 0.97752792 -0.0725175373)
(-0.0307723232 1.07359564 0.028013729)
(0.0169312419 1.12838261 0.0541183682)
(0.0801214338 1.10659064 0.043057943)
(-0.0140148368 2.02872761 0.722993847)
(-0.226852067 2.22464006 0.667745875)
(-0.259753826 2.59350674 0.490185922)
(-0.306600291 2.82784229 0.312073583)
(-0.338858489 2.87980725 0.188735967)
(-0.372559305 2.83745452 0.102339337)
(-0.406662464 2.75173778 0.0345726301)
(-0.449335565 2.64745174 -0.0221273762)
(-0.498640496 2.55216456 -0.0737007879)
(-0.549893385 2.48502998 -0.126287499)
(-0.596576425 2.4393609 -0.181845695)
(-0.630453353 2.3848553 -0.238957437)
(-0.644607529 2.27995968 -0.292636292)
(-0.631922716 2.08881257 -0.334567518)
(-0.582067514 1.79875474 -0.352465622)
(-0.484419123 1.43951292 -0.328661322)
(-0.338760851 1.10786443 -0.246110786)
(-0.16863481 0.970222464 -0.111754459)
(-0.0321238968 1.11427023 0.011942513)
(0.0355629083 0.966604942 0.0724518425)
(0.0154407947 2.02305746 0.833709194)
(-0.17001666 2.23284638 0.753788999)
(-0.172130219 2.61431741 0.546168341)
(-0.20927054 2.83131383 0.348709221)
(-0.233007654 2.86523218 0.220246013)
(-0.262265506 2.81620662 0.13537617)
(-0.292882597 2.72116769 0.0725350791)
(-0.330809481 2.59570778 0.0230464925)
(-0.378058674 2.47256904 -0.0214241865)
(-0.431147482 2.38616805 -0.0714269917)
(-0.479439451 2.35543036 -0.131551809)
(-0.513967835 2.36820787 -0.199301916)
(-0.532736794 2.38665218 -0.268249912)
(-0.538139853 2.36488093 -0.332595328)
(-0.525909696 2.25711397 -0.387158703)
(-0.48152677 2.01242902 -0.417985177)
(-0.390016051 1.59630293 -0.395798213)
(-0.252177925 1.07272882 -0.288386801)
(-0.0956179751 0.697412413 -0.102638857)
(0.0129424572 0.68069521 0.0457556934)
(0.0367335093 2.01583371 0.906171519)
(-0.133354146 2.22102719 0.811208424)
(-0.113113565 2.59637097 0.583954206)
(-0.148857229 2.7897884 0.374067139)
(-0.167380921 2.80877306 0.245017006)
(-0.194276556 2.76071432 0.16405671)
(-0.22273833 2.66776307 0.107100519)
(-0.257517927 2.53614422 0.066292421)
(-0.302382939 2.39581599 0.0303859026)
(-0.356828569 2.28745467 -0.0165526099)
(-0.40804054 2.24332709 -0.0842932515)
(-0.441945399 2.25991597 -0.166971238)
(-0.457434714 2.29816627 -0.249911789)
(-0.462089768 2.32552888 -0.324432364)
(-0.457476228 2.33307208 -0.393070538)
(-0.43533511 2.2878647 -0.454256611)
(-0.380407868 2.09133401 -0.484544182)
(-0.281726269 1.61313485 -0.433617753)
(-0.145903181 0.860025289 -0.253639795)
(0.00256190166 0.271608302 -0.00340535272)
(0.0515217205 2.00808134 0.955047125)
(-0.111845363 2.19811812 0.851978726)
(-0.0754194674 2.55863959 0.612333749)
(-0.114511304 2.73025469 0.394360457)
(-0.126953892 2.74423649 0.266985782)
(-0.152535429 2.7043826 0.191645776)
(-0.182784956 2.61291123 0.140606172)
(-0.219571654 2.4754507 0.107164129)
(-0.262867116 2.33352736 0.0805320635)
(-0.312826351 2.23267468 0.0375634903)
(-0.359016927 2.20412433 -0.0378191476)
(-0.387584868 2.23672723 -0.137227246)
(-0.400216727 2.27026773 -0.235739812)
(-0.405782786 2.26921173 -0.320214342)
(-0.404476084 2.2575387 -0.397294342)
(-0.39277164 2.25845086 -0.473787712)
(-0.358845826 2.22708109 -0.538028699)
(-0.28506733 2.00033806 -0.539737196)
(-0.172596013 1.32410182 -0.391947532)
(-0.0490338796 0.169008103 -0.0768292624)
(0.0614237347 2.00061979 0.990757424)
(-0.100838565 2.17030548 0.884186176)
(-0.0523699134 2.5131304 0.63630253)
(-0.0961710673 2.67031015 0.411418379)
(-0.101094417 2.69111495 0.287179083)
(-0.130547298 2.65779433 0.221658691)
(-0.169355572 2.55556146 0.178129212)
(-0.213227453 2.40878666 0.148913743)
(-0.255125905 2.27884998 0.125961229)
(-0.295161901 2.20729133 0.0821968902)
(-0.325232804 2.21614116 -0.00259041451)
(-0.339239962 2.27594596 -0.115077209)
(-0.347107048 2.31008751 -0.222901117)
(-0.353431919 2.28831472 -0.314544715)
(-0.353605085 2.24026989 -0.398609062)
(-0.34791618 2.20406331 -0.483311405)
(-0.331074162 2.19063432 -0.5691456)
(-0.282803365 2.11116265 -0.620382393)
(-0.185255488 1.7058515 -0.529412422)
(-0.0573442047 0.670747112 -0.19434163)
(0.0679436364 1.99396332 1.01945572)
(-0.0964388098 2.14124203 0.912149612)
(-0.0387114985 2.46717344 0.657769673)
(-0.0862461605 2.62121089 0.425087502)
(-0.0845903989 2.65531241 0.308533385)
(-0.124687512 2.61812651 0.258964408)
(-0.17301688 2.50018577 0.222924864)
(-0.221119487 2.35623328 0.192993245)
(-0.259332059 2.25183905 0.164866498)
(-0.285694505 2.21712693 0.110239056)
(-0.29433665 2.25879505 0.0128552943)
(-0.292966308 2.32447051 -0.105000759)
(-0.297941878 2.34515575 -0.213060372)
(-0.3045801 2.31655463 -0.308910684)
(-0.304593255 2.2606623 -0.399611461)
(-0.299534797 2.19874924 -0.487954647)
(-0.290356602 2.16058442 -0.582139824)
(-0.266211318 2.1231311 -0.673046022)
(-0.198861257 1.84788719 -0.647828663)
(-0.0531375899 0.886800055 -0.315714246)
(0.0724198376 1.98839016 1.04453739)
(-0.0954955675 2.11282018 0.937763622)
(-0.0301022823 2.42603123 0.677086293)
(-0.078913077 2.59066786 0.43551378)
(-0.0751548045 2.63273513 0.335620725)
(-0.128021937 2.58160857 0.304947088)
(-0.179954764 2.45736964 0.272644303)
(-0.224979162 2.33552541 0.235418154)
(-0.253473862 2.26717301 0.192265855)
(-0.261723803 2.2669057 0.11932975)
(-0.251915276 2.31827372 0.0125732948)
(-0.244387255 2.35767788 -0.10071841)
(-0.249536435 2.3526579 -0.203638523)
(-0.25606227 2.32208115 -0.30243197)
(-0.256647626 2.27535163 -0.400519996)
(-0.251958744 2.20961887 -0.493383815)
(-0.243204975 2.14563697 -0.586252319)
(-0.229303331 2.11915139 -0.699724042)
(-0.203924852 1.96377781 -0.745165881)
(-0.0475555354 1.06106973 -0.450773111)
(0.0759322027 1.98409446 1.06765319)
(-0.0956539115 2.08605646 0.961528918)
(-0.022875149 2.39401597 0.693828089)
(-0.0703133691 2.58211826 0.444070674)
(-0.0702301922 2.61566273 0.370534166)
(-0.130975588 2.54975744 0.355407076)
(-0.177545495 2.43680043 0.320096064)
(-0.211326304 2.35202782 0.268521955)
(-0.224582402 2.32030116 0.204472213)
(-0.216816527 2.33671144 0.114581303)
(-0.200540588 2.36653986 0.0069522747)
(-0.196816052 2.36303729 -0.0966660597)
(-0.201829743 2.33610509 -0.19504085)
(-0.206511693 2.30686634 -0.295681925)
(-0.207338867 2.27593425 -0.399458312)
(-0.203554452 2.2255972 -0.500075517)
(-0.196185551 2.1474381 -0.590830594)
(-0.174175649 2.0935864 -0.707184577)
(-0.199023832 2.04160245 -0.811387467)
(-0.0295735644 1.26902362 -0.588171534)
(0.0793231249 1.98130637 1.08909543)
(-0.0954462375 2.06198656 0.983076341)
(-0.014263977 2.37408859 0.706968042)
(-0.060005933 2.59164502 0.452943199)
(-0.0661902566 2.59916401 0.41089609)
(-0.126588691 2.52625397 0.403096477)
(-0.160834245 2.43820716 0.357518182)
(-0.179554049 2.39077677 0.287470307)
(-0.178819071 2.37991205 0.204092383)
(-0.164551201 2.38600966 0.10535928)
(-0.153744539 2.37674289 0.00340413124)
(-0.155313192 2.34129721 -0.0929269814)
(-0.157213084 2.30575171 -0.19022783)
(-0.158343642 2.27953695 -0.291646227)
(-0.159266969 2.2611531 -0.396993817)
(-0.153390764 2.23601953 -0.506157304)
(-0.155296577 2.17144105 -0.601533701)
(-0.10564436 2.0701136 -0.706795018)
(-0.184854932 2.06353593 -0.843004088)
(-0.00180927178 1.47775645 -0.715003277)
(0.0834515199 1.98052994 1.1079967)
(-0.0940579611 2.04190261 1.00180884)
(-0.00236494496 2.3674488 0.715460965)
(-0.0501857223 2.60880482 0.463464605)
(-0.0594002384 2.58246281 0.451740158)
(-0.112963982 2.51224945 0.441861241)
(-0.132502373 2.45183438 0.381296778)
(-0.138820895 2.42717243 0.293298702)
(-0.131974163 2.41277842 0.197186205)
(-0.121619564 2.39031248 0.0974645297)
(-0.11830319 2.35022047 0.00190996549)
(-0.118010832 2.30826779 -0.0922471609)
(-0.114935587 2.2762121 -0.190231346)
(-0.111911303 2.25320325 -0.291330631)
(-0.115830294 2.23890962 -0.394839901)
(-0.10202259 2.23345905 -0.509608497)
(-0.123496364 2.20618841 -0.619062965)
(-0.0352945402 2.07236442 -0.709194335)
(-0.161433726 2.03640448 -0.843223833)
(0.0292307085 1.65661151 -0.820854269)
(0.0897731509 1.98255068 1.12202126)
(-0.0910391601 2.02724847 1.01790582)
(0.0149902996 2.37338699 0.719679243)
(-0.0421782943 2.62301528 0.475900259)
(-0.0464902618 2.56670922 0.488108504)
(-0.091279482 2.50582842 0.468870912)
(-0.0969550223 2.46686925 0.393046211)
(-0.0963821449 2.44717124 0.291620231)
(-0.089534408 2.41502127 0.190153153)
(-0.0841741499 2.36867589 0.0926895199)
(-0.0827155957 2.31941022 -0.000256307018)
(-0.078647557 2.2839433 -0.0948125089)
(-0.0728628207 2.25863839 -0.193084834)
(-0.066350478 2.2371469 -0.292666688)
(-0.0776836936 2.22066634 -0.394136635)
(-0.0519514234 2.22270603 -0.509761637)
(-0.0956163121 2.23502653 -0.639297046)
(0.0218876885 2.10554084 -0.717132728)
(-0.129502578 1.98823578 -0.824274245)
(0.0572155103 1.78707414 -0.897428304)
(0.101898892 1.98801346 1.12861515)
(-0.0856760142 2.01935157 1.03096852)
(0.0398885796 2.39233918 0.717463162)
(-0.0338966366 2.62973897 0.492001663)
(-0.025249575 2.55321677 0.516305564)
(-0.0627360156 2.50394392 0.484235913)
(-0.056415703 2.47801384 0.396763575)
(-0.0529851521 2.45379239 0.286777962)
(-0.0463329575 2.40721796 0.18495077)
(-0.0409686928 2.35415689 0.0896979996)
(-0.0367439149 2.30869699 -0.00267613143)
(-0.0329230388 2.27654861 -0.097239661)
(-0.0298328358 2.25433137 -0.195446598)
(-0.0230422815 2.23182339 -0.292518621)
(-0.0418775578 2.2122434 -0.394486208)
(-0.00843636002 2.21635819 -0.508876069)
(-0.0610016115 2.25169269 -0.657698455)
(0.0573785935 2.15123704 -0.724637045)
(-0.0928793555 1.95571903 -0.801478812)
(0.0790153831 1.86609401 -0.93908618)
(0.122127265 2.00421669 1.12169057)
(-0.0758059191 2.01200253 1.04401989)
(0.0690288815 2.42316276 0.706476567)
(-0.0191408501 2.63140425 0.510971907)
(0.00390308909 2.54151712 0.534106885)
(-0.0286276357 2.50457401 0.489819409)
(-0.0099001733 2.48548765 0.394740071)
(-0.00766635365 2.45700797 0.280288256)
(0.0014361743 2.4049581 0.178696821)
(0.00802131555 2.35417987 0.084818386)
(0.0132513322 2.31296523 -0.00597438493)
(0.0153608153 2.28011074 -0.0984187323)
(0.0145555769 2.25716339 -0.195047724)
(0.0156681668 2.2323125 -0.289301988)
(-0.00399568347 2.21308607 -0.393841961)
(0.02460444 2.22359281 -0.511443892)
(-0.0144220963 2.26242933 -0.669514766)
(0.0778846676 2.18692408 -0.731196388)
(-0.0577453692 1.96265722 -0.782707298)
(0.0939183042 1.8991564 -0.944908373)
(0.150115995 2.03817701 1.09635981)
(-0.0575285426 2.00239264 1.05446169)
(0.0965984914 2.45124941 0.695850708)
(0.00445253161 2.63037329 0.527901078)
(0.036174649 2.5364424 0.538687147)
(0.013429025 2.50614407 0.487933571)
(0.0399482616 2.49080604 0.386985556)
(0.043413292 2.46115456 0.272649902)
(0.0525737852 2.41125521 0.170088259)
(0.0592435568 2.36161666 0.0777542088)
(0.0621836068 2.31870803 -0.00981490769)
(0.0629044502 2.286098 -0.098608903)
(0.0595731865 2.26103505 -0.190955661)
(0.0519434905 2.23454416 -0.283374249)
(0.036473995 2.2218417 -0.390688042)
(0.0553111409 2.24321392 -0.519589762)
(0.0316565748 2.27416105 -0.673204245)
(0.0995459284 2.20447112 -0.735553715)
(-0.0308473746 1.99055399 -0.763762815)
(0.101775658 1.90664979 -0.92562865)
(0.18221478 2.09683058 1.0462057)
(-0.0260893765 1.99049048 1.05960292)
(0.123158355 2.46055497 0.691920837)
(0.03576369 2.6287126 0.536547186)
(0.0700596809 2.53955684 0.531998077)
(0.0643251808 2.50738834 0.478981801)
(0.0911555265 2.49430073 0.375205608)
(0.0997891367 2.46666013 0.262899438)
(0.107556438 2.42110141 0.16095624)
(0.112759238 2.37117933 0.0714866009)
(0.114047725 2.32638134 -0.0116212512)
(0.112471369 2.2920904 -0.09581188)
(0.104727273 2.26355582 -0.183024851)
(0.0912963788 2.23789123 -0.274661215)
(0.0773284509 2.23791807 -0.387159651)
(0.0926576802 2.26877931 -0.5281358)
(0.0724153523 2.2848858 -0.672966599)
(0.123049891 2.2048215 -0.729268039)
(-0.0175210622 1.99460632 -0.729830845)
(0.107300149 1.918767 -0.899111884)
(0.214871743 2.1884949 0.964383842)
(0.0215708778 1.98080999 1.05710347)
(0.152526663 2.43724447 0.698529553)
(0.0775122867 2.62361022 0.536975835)
(0.10646573 2.55114239 0.514521493)
(0.121079299 2.50949671 0.461915519)
(0.146637893 2.49485102 0.360714681)
(0.159772259 2.47073175 0.251291381)
(0.166914606 2.42963011 0.152261215)
(0.170146451 2.38030883 0.0667161204)
(0.169644961 2.33413111 -0.0116428536)
(0.165047483 2.29657344 -0.0901327979)
(0.152493919 2.26414565 -0.171778826)
(0.13534153 2.24358247 -0.263675585)
(0.123491925 2.25969688 -0.384396806)
(0.135071352 2.29435999 -0.532455953)
(0.110475586 2.28723584 -0.666465335)
(0.143138481 2.18772125 -0.707988741)
(-0.0120115203 1.98342411 -0.686820844)
(0.112749904 1.92904241 -0.865710294)
(0.243441741 2.32257169 0.845954557)
(0.0841329666 1.98662867 1.03860673)
(0.191834006 2.37718808 0.71871131)
(0.135027716 2.60475198 0.535234875)
(0.148627199 2.56960622 0.487043443)
(0.178947732 2.51748367 0.434797993)
(0.20799258 2.49352968 0.342511054)
(0.224673651 2.47011525 0.239123056)
(0.231914585 2.43329612 0.144599941)
(0.233250455 2.38648265 0.0633613675)
(0.230243735 2.33974817 -0.00992362034)
(0.221838477 2.29831632 -0.0818942507)
(0.205189882 2.26395564 -0.158265815)
(0.187189304 2.25333702 -0.252103546)
(0.177199541 2.28378817 -0.380497012)
(0.181711864 2.31231883 -0.5292456)
(0.145470681 2.2759222 -0.648848783)
(0.158623688 2.15424598 -0.670634682)
(-0.0130267227 1.9615457 -0.635969607)
(0.119163269 1.93823605 -0.829627623)
(0.261042133 2.50583419 0.690993062)
(0.152214663 2.03282312 0.988642822)
(0.24617607 2.29475249 0.746586276)
(0.212487139 2.55522604 0.541847918)
(0.203913836 2.58456956 0.456497003)
(0.2361205 2.53648116 0.397555741)
(0.271338284 2.49811799 0.316812018)
(0.293368635 2.46768545 0.224657747)
(0.30262079 2.43156861 0.137762561)
(0.303110708 2.38744724 0.0621102891)
(0.297405062 2.34113636 -0.00543730528)
(0.285012122 2.29747892 -0.0709242185)
(0.266236659 2.2660309 -0.143694071)
(0.249933074 2.26866323 -0.240534657)
(0.239747801 2.30574198 -0.372465894)
(0.231780873 2.31669878 -0.5137348)
(0.178355816 2.24895056 -0.614903513)
(0.169341988 2.10815378 -0.616269149)
(-0.0177856837 1.93330852 -0.579731103)
(0.127216776 1.94702098 -0.792444719)
(0.260665883 2.73294809 0.509839827)
(0.206535604 2.14837015 0.890774364)
(0.3092033 2.2280298 0.761455764)
(0.307377524 2.46775792 0.56210447)
(0.281904905 2.57048628 0.43715391)
(0.299487867 2.55788161 0.358105846)
(0.334312586 2.51593735 0.282701663)
(0.361272292 2.47421435 0.203729406)
(0.37458385 2.43188324 0.12839699)
(0.376584225 2.38635993 0.061313915)
(0.370147475 2.33984861 0.000970627672)
(0.356507737 2.29812793 -0.0588128623)
(0.339543848 2.27633727 -0.130045553)
(0.326212231 2.29068126 -0.228508911)
(0.311586566 2.32083472 -0.356153628)
(0.285371489 2.3041482 -0.480856197)
(0.211236434 2.20865246 -0.560277453)
(0.177028821 2.05591767 -0.544610379)
(-0.020680519 1.90502032 -0.520587578)
(0.136537741 1.95543382 -0.753574938)
(0.240987668 2.97380199 0.323354893)
(0.224789272 2.34813098 0.737651798)
(0.36041673 2.22957361 0.735295345)
(0.404420234 2.37136472 0.581607263)
(0.382991558 2.50626842 0.435699398)
(0.382284545 2.54971194 0.329557694)
(0.406274723 2.53323284 0.247548696)
(0.43185653 2.49392876 0.176526013)
(0.447736542 2.44725866 0.113154994)
(0.45310826 2.39848267 0.0568515095)
(0.449783553 2.35136887 0.00491313536)
(0.440785229 2.31570158 -0.050053376)
(0.429885952 2.30441963 -0.119578195)
(0.41740854 2.31715486 -0.213738793)
(0.391989801 2.32202628 -0.326530095)
(0.342803831 2.27286711 -0.426435691)
(0.246994483 2.16002073 -0.482726585)
(0.185530412 2.00522483 -0.456896952)
(-0.0146330764 1.88268706 -0.460391411)
(0.146510261 1.96403669 -0.711130453)
(0.202976564 3.16146017 0.166957778)
(0.18300669 2.58990812 0.540382791)
(0.370628737 2.32594349 0.648262586)
(0.473827809 2.3266985 0.571370154)
(0.486431092 2.4190699 0.439173724)
(0.488007002 2.48928109 0.318235075)
(0.503965367 2.51177067 0.223946566)
(0.524239468 2.49965903 0.151633509)
(0.539657573 2.46887785 0.0942662872)
(0.548331579 2.43014107 0.0461822715)
(0.550536257 2.39131801 0.00138999659)
(0.547751655 2.36084011 -0.0478400428)
(0.5393094 2.34318827 -0.110667832)
(0.51964023 2.3293133 -0.190960945)
(0.476779452 2.29627802 -0.279032018)
(0.403184735 2.22197585 -0.349212125)
(0.288385484 2.10887819 -0.383506922)
(0.200057583 1.96327453 -0.356568591)
(0.00615225307 1.87161235 -0.40026289)
(0.157296006 1.97431681 -0.66196498)
(0.221130496 3.37244905 0.0850044847)
(0.0865284617 2.83874524 0.347504293)
(0.318197565 2.47249428 0.498339367)
(0.477597678 2.3450932 0.492892057)
(0.543914759 2.35159543 0.40518174)
(0.579395761 2.39392216 0.299581898)
(0.609886907 2.42489872 0.206628823)
(0.635065421 2.43422184 0.133567582)
(0.652834358 2.4261962 0.0776436418)
(0.663832956 2.40744927 0.0332841824)
(0.668838877 2.38387934 -0.00641541149)
(0.666155367 2.35619569 -0.0481177659)
(0.651748753 2.32471982 -0.0977182304)
(0.618834939 2.28561453 -0.155650946)
(0.557990109 2.23187128 -0.213047923)
(0.464820249 2.15616245 -0.252564325)
(0.338092685 2.06212606 -0.267657081)
(0.226770671 1.93652491 -0.248689149)
(0.0450233328 1.87749928 -0.337595422)
(0.170918718 1.98882601 -0.59744546)
(0.298510081 3.56503031 -0.0277824054)
(0.0847929242 3.24135098 0.223716733)
(0.259123975 2.7588861 0.356847674)
(0.424786756 2.47046116 0.367018452)
(0.530021476 2.35102097 0.312892832)
(0.607702874 2.3145643 0.237723549)
(0.669488253 2.30573059 0.164613248)
(0.714603708 2.30045888 0.103125639)
(0.744599982 2.29163648 0.054609427)
(0.762647729 2.27865708 0.016424029)
(0.770771651 2.26267959 -0.0155383876)
(0.767744347 2.24484255 -0.0459054777)
(0.748599084 2.22312171 -0.077295659)
(0.706488219 2.19390015 -0.108589991)
(0.634776717 2.15320571 -0.133609158)
(0.531714782 2.09728597 -0.144039243)
(0.402768358 2.03132061 -0.142366869)
(0.275565039 1.93307841 -0.137776045)
(0.109103689 1.90868169 -0.260744984)
(0.192558773 2.01046732 -0.496596833)
(0.211120839 3.51607629 -0.193001181)
(0.10180697 3.56252628 0.0444900198)
(0.234128883 3.22481255 0.215664497)
(0.380831633 2.88903225 0.230648359)
(0.509464264 2.67240466 0.187778202)
(0.624261848 2.54771847 0.134893639)
(0.719716024 2.47438521 0.0853038574)
(0.790968302 2.42483446 0.0435200048)
(0.839976254 2.38759764 0.0114620128)
(0.87029136 2.35381025 -0.0117639037)
(0.883099624 2.31868121 -0.028312227)
(0.877593557 2.28095513 -0.0407764502)
(0.851673516 2.24063732 -0.0500671097)
(0.80243672 2.19743885 -0.0545699252)
(0.726367663 2.14934303 -0.049596557)
(0.623389717 2.09570599 -0.0341330772)
(0.501565891 2.04286141 -0.0157462612)
(0.369560221 1.97183009 -0.0245175763)
(0.223363081 1.97914469 -0.145116509)
(0.231362339 2.04069183 -0.328265854)
(0.0918487735 3.50661806 -0.129461733)
(-0.171877361 3.53323879 0.0751761825)
(0.172056485 3.38918664 0.126424689)
(0.327795494 3.22269807 0.0988683931)
(0.4796468 3.07242827 0.0582213722)
(0.624453055 2.93953924 0.0208648634)
(0.742421953 2.82293875 -0.00947841441)
(0.828739608 2.72143411 -0.0311462334)
(0.886440261 2.63020102 -0.043331314)
(0.920767074 2.54934286 -0.0469596915)
(0.935903506 2.47902623 -0.0439773915)
(0.934210536 2.41820664 -0.0356178052)
(0.916922861 2.36522759 -0.0216968355)
(0.885914944 2.31816796 -0.000679663667)
(0.840694321 2.27390911 0.0277429855)
(0.779091148 2.22934215 0.0628801226)
(0.695265319 2.18333804 0.097371857)
(0.590806924 2.1331467 0.10995539)
(0.425409944 2.10840897 0.053847886)
(0.286862447 2.07349337 -0.0723692926)
(0.000284313043 3.39604541 -0.0145827303)
(-0.270486873 3.12952693 -0.151118831)
(0.0112426871 2.80035615 -0.162291324)
(0.114435069 2.56421037 -0.153544354)
(0.272186474 2.37333366 -0.147955196)
(0.422609699 2.22384734 -0.14453587)
(0.539800101 2.11349274 -0.137539677)
(0.62075078 2.03642223 -0.125047348)
(0.671288121 1.98536802 -0.108483923)
(0.698643684 1.95399598 -0.0898361328)
(0.709128154 1.93772884 -0.0707925985)
(0.707657163 1.93331978 -0.0516450709)
(0.698813739 1.93990822 -0.0310258026)
(0.684723626 1.95608671 -0.00538177661)
(0.669317715 1.98340938 0.0291514791)
(0.652836099 2.01619171 0.0766458174)
(0.622936499 2.04867644 0.136610753)
(0.568684631 2.07321217 0.198388771)
(0.421281789 2.09279326 0.23346657)
(0.270997634 2.06597571 0.204458998)
(0.115019828 3.44824021 0.158982335)
(-0.162214413 3.24880141 -0.17274822)
(0.0554075543 2.65304856 -0.257935178)
(0.151629543 2.24842022 -0.268692791)
(0.283794754 2.01393861 -0.269106268)
(0.411097084 1.89694285 -0.251661148)
(0.506991937 1.84602494 -0.217610191)
(0.566574079 1.82493661 -0.175450712)
(0.595103842 1.812485 -0.132246558)
(0.598975238 1.79799765 -0.0915281252)
(0.582657254 1.77720361 -0.0547535081)
(0.548407452 1.74859228 -0.0229847599)
(0.501621063 1.72062583 0.00349893717)
(0.449481239 1.70271944 0.0272171836)
(0.403799863 1.70722165 0.055272085)
(0.376554046 1.73962516 0.0971107058)
(0.366083729 1.80010608 0.16590011)
(0.371367597 1.88891002 0.270343516)
(0.291813105 2.00076131 0.396412526)
(0.220956999 2.04267336 0.458528418)
(0.212752898 3.45335604 0.19972362)
(-0.0154791357 3.23216992 -0.15973644)
(0.129701518 2.55005602 -0.343056349)
(0.249861681 2.12663836 -0.402881009)
(0.359819991 1.96728792 -0.403178935)
(0.456320445 1.94582897 -0.359831386)
(0.525353247 1.97364688 -0.293471507)
(0.565064296 2.00576138 -0.222510339)
(0.582460491 2.02451069 -0.155910214)
(0.583872509 2.02544438 -0.0954882046)
(0.571318139 2.0086309 -0.0403050267)
(0.544403549 1.97651745 0.0100496507)
(0.498052898 1.92471322 0.0536538171)
(0.430644081 1.85611758 0.0867167455)
(0.347511892 1.78391247 0.10904855)
(0.266720443 1.72825553 0.129983849)
(0.203304958 1.70616492 0.176544025)
(0.202868396 1.75029687 0.295411959)
(0.161484241 1.90834597 0.502889954)
(0.175795254 2.01664215 0.648740031)
(0.338360245 3.56449753 0.0730043808)
(0.0197274573 2.99738023 -0.215975667)
(0.193021984 2.32945989 -0.434718602)
(0.327760698 2.04749447 -0.522842267)
(0.407402125 2.01672198 -0.504528384)
(0.465190486 2.07990768 -0.427279478)
(0.503618335 2.15039426 -0.333188595)
(0.524336249 2.19607131 -0.244193113)
(0.533856101 2.21365278 -0.165592089)
(0.536296215 2.20977957 -0.095174358)
(0.531510502 2.19211648 -0.0290597178)
(0.516978228 2.16299318 0.0356729629)
(0.487908831 2.1179086 0.0987823299)
(0.437505271 2.0490287 0.154619177)
(0.359724527 1.95333225 0.19367808)
(0.262807083 1.84490407 0.211115805)
(0.15955603 1.74625649 0.223789076)
(0.122965716 1.69424056 0.302902682)
(0.0749310904 1.84236896 0.552418062)
(0.147198238 1.99395533 0.764613802)
(0.248132484 3.37805184 -0.0476734584)
(-0.0127549676 2.64052661 -0.32041328)
(0.242551195 2.18303289 -0.562799777)
(0.372866326 2.06864668 -0.631222405)
(0.415780969 2.13440678 -0.570885611)
(0.438045288 2.23568032 -0.461367207)
(0.454379474 2.30221559 -0.352238709)
(0.465526156 2.32317409 -0.258181582)
(0.473566546 2.31258301 -0.176782637)
(0.478778475 2.28681765 -0.102200352)
(0.479134479 2.25764385 -0.0296219188)
(0.472495564 2.23104766 0.0450584972)
(0.45611776 2.20529734 0.124182648)
(0.424994275 2.16735071 0.204132143)
(0.368647509 2.09582521 0.2714914)
(0.283772495 1.98287154 0.307362794)
(0.170348164 1.84411808 0.307960092)
(0.104685362 1.70255914 0.331408921)
(0.025197651 1.80172392 0.573332046)
(0.131964653 1.97563168 0.829234245)
(0.194495442 3.17299301 -0.0746153382)
(0.0708872436 2.48778905 -0.44762149)
(0.282939992 2.14916957 -0.683722434)
(0.381149581 2.14267114 -0.701262371)
(0.389548636 2.26560199 -0.59852927)
(0.388416188 2.3624502 -0.472044794)
(0.395497137 2.38962179 -0.362652479)
(0.405617809 2.36659644 -0.271797553)
(0.415469006 2.32233628 -0.190407347)
(0.422540494 2.27534621 -0.111802335)
(0.423931156 2.23423392 -0.0324324695)
(0.418150489 2.20544512 0.0503835577)
(0.405421771 2.19375358 0.139414934)
(0.38580264 2.19160439 0.235355363)
(0.351009672 2.16913527 0.328627533)
(0.29058282 2.09114718 0.393076137)
(0.188246629 1.95063525 0.404100227)
(0.112591735 1.74893907 0.390676686)
(-0.0020272698 1.77927203 0.594010401)
(0.124460225 1.9608698 0.871985012)
(0.211493165 3.02379763 -0.175095708)
(0.124840667 2.35115579 -0.611029399)
(0.295166382 2.14467575 -0.778536663)
(0.357268192 2.2469484 -0.731212632)
(0.341307803 2.38836434 -0.601098435)
(0.33198111 2.43941085 -0.475230346)
(0.339081813 2.41104537 -0.374255019)
(0.351049839 2.35096292 -0.288005253)
(0.362369611 2.28956221 -0.20546551)
(0.37006809 2.2374371 -0.121527903)
(0.371413156 2.19619634 -0.0345207532)
(0.364688771 2.16762916 0.0562908423)
(0.3502334 2.1572476 0.151867644)
(0.332627126 2.16934268 0.255405474)
(0.310842673 2.1855659 0.365714682)
(0.274509535 2.15568433 0.458267293)
(0.192920918 2.04032274 0.492645432)
(0.125070316 1.80929301 0.466206747)
(-0.0154756227 1.76957095 0.62550618)
(0.120746753 1.94860491 0.908745199)
(0.228186756 2.86358264 -0.298051189)
(0.146435937 2.2528841 -0.754463158)
(0.283994225 2.19577739 -0.836769583)
(0.310550924 2.36802653 -0.733434087)
(0.28384581 2.47380647 -0.594101809)
(0.277981319 2.45804462 -0.480071183)
(0.288307677 2.38775985 -0.388471497)
(0.301060381 2.31511182 -0.304439078)
(0.312082593 2.25670497 -0.219294752)
(0.319187522 2.21222376 -0.129580863)
(0.319774212 2.17801703 -0.0347536532)
(0.31227416 2.15306002 0.0642595888)
(0.296152365 2.1398533 0.165368085)
(0.276950072 2.14758016 0.271132372)
(0.260221075 2.17753959 0.388990608)
(0.241656827 2.18555039 0.50309328)
(0.180972037 2.10488068 0.564539749)
(0.132302699 1.86683396 0.541568412)
(-0.0212435715 1.76887126 0.665444635)
(0.118328364 1.93809562 0.94329506)
(0.238694264 2.71091528 -0.43830656)
(0.141282808 2.20487944 -0.872710325)
(0.256113148 2.283997 -0.862877457)
(0.251938567 2.47328546 -0.721124969)
(0.228634088 2.50836492 -0.589061784)
(0.231205701 2.43741782 -0.490132508)
(0.243966082 2.35432662 -0.403843973)
(0.255800789 2.28986185 -0.319300412)
(0.26520472 2.2434748 -0.231107918)
(0.270890626 2.20940166 -0.135588956)
(0.269909143 2.18251602 -0.0327105252)
(0.260897892 2.16100227 0.0744925204)
(0.243663324 2.14526707 0.180444551)
(0.223622824 2.14269761 0.285674902)
(0.208584619 2.16844634 0.404386289)
(0.201361733 2.19651569 0.532011721)
(0.156581476 2.14641517 0.618078639)
(0.131369262 1.91261305 0.606839885)
(-0.024422951 1.77377702 0.707966201)
(0.115816282 1.92907811 0.975444211)
(0.239671825 2.57906941 -0.58013856)
(0.117445465 2.20490473 -0.958112676)
(0.219971376 2.3872052 -0.863833181)
(0.191430556 2.54431931 -0.706991387)
(0.182898758 2.50190012 -0.592419797)
(0.192156607 2.4051366 -0.504520142)
(0.205587023 2.33265293 -0.418208134)
(0.215439406 2.28335343 -0.331746729)
(0.222256732 2.24715274 -0.240742864)
(0.226114793 2.22118209 -0.139207651)
(0.223145987 2.20057998 -0.0277538647)
(0.21179025 2.18159175 0.0871323098)
(0.193281823 2.16323003 0.196215522)
(0.174247911 2.15069175 0.2989392)
(0.160953852 2.1661078 0.415233862)
(0.160835891 2.20063215 0.550068268)
(0.125376987 2.17077097 0.655508274)
(0.123456998 1.94332871 0.658011659)
(-0.0280745063 1.78114577 0.748527612)
(0.11274878 1.92159517 1.00479257)
(0.230698357 2.4740797 -0.712252767)
(0.0843531196 2.24163469 -1.01240928)
(0.183229789 2.48433569 -0.851323681)
(0.13637956 2.57816487 -0.699214354)
(0.148300432 2.47442199 -0.604106685)
(0.158660981 2.37900978 -0.520336957)
(0.172252641 2.32635922 -0.430283362)
(0.179187751 2.289065 -0.341299136)
(0.182254821 2.25679951 -0.24769918)
(0.184207636 2.2364364 -0.139938235)
(0.179500798 2.22246713 -0.0194867561)
(0.165808741 2.20595491 0.102079372)
(0.146130027 2.18390523 0.211587593)
(0.129791958 2.16262732 0.309621571)
(0.119401955 2.16940677 0.422899825)
(0.124176396 2.20406919 0.561325245)
(0.0917720532 2.18332165 0.680674144)
(0.111244153 1.95879955 0.694592547)
(-0.0331591666 1.78874943 0.784407303)
(0.109159 1.9157393 1.03085271)
(0.214670346 2.39578298 -0.827403355)
(0.0502660092 2.30029382 -1.04093357)
(0.15076669 2.56291362 -0.835254516)
(0.0906513961 2.58467706 -0.699808017)
(0.122657236 2.44276221 -0.620805884)
(0.128359626 2.36302036 -0.53525054)
(0.143069946 2.32935481 -0.439519042)
(0.145782631 2.29859863 -0.347193416)
(0.144420204 2.26467813 -0.251332477)
(0.144622573 2.24848512 -0.137800337)
(0.139079337 2.24262178 -0.00841919523)
(0.123861751 2.22882485 0.118591357)
(0.103652736 2.20133101 0.225516053)
(0.0911267386 2.17194108 0.316500711)
(0.0842494799 2.17528955 0.428172181)
(0.0930432977 2.20893369 0.568538274)
(0.0582652675 2.18745763 0.69752447)
(0.097273965 1.96026947 0.717722015)
(-0.0395404363 1.79560036 0.814169846)
(0.105155854 1.91160374 1.05291336)
(0.195366239 2.34028385 -0.923031063)
(0.0204274747 2.36758191 -1.05090751)
(0.124315223 2.61997737 -0.821823028)
(0.0550874348 2.57696937 -0.706577105)
(0.102695583 2.41488691 -0.638912671)
(0.100006808 2.35359492 -0.54804499)
(0.117260959 2.33508764 -0.445796071)
(0.11462454 2.30765945 -0.349103325)
(0.109608693 2.2690291 -0.251699054)
(0.107518383 2.25532843 -0.133675113)
(0.102601558 2.25909581 0.00442325975)
(0.0870666602 2.24805796 0.135518913)
(0.067134782 2.21331051 0.237367994)
(0.0587620248 2.1757935 0.319046825)
(0.0544913337 2.18178243 0.432092017)
(0.0676735301 2.21526826 0.573421665)
(0.0258507874 2.18480268 0.709227046)
(0.0834069241 1.94988559 0.728972297)
(-0.046735338 1.80221111 0.837276605)
(0.10061566 1.90906397 1.07027711)
(0.175580148 2.3025963 -0.999719247)
(-0.0030056353 2.43418856 -1.04909721)
(0.103770177 2.65896969 -0.813186417)
(0.0284349923 2.56494297 -0.715976194)
(0.0857341677 2.39259681 -0.65576911)
(0.0735124839 2.3461798 -0.558383329)
(0.0940024416 2.3397105 -0.449424617)
(0.0858889294 2.31526913 -0.347487206)
(0.0791282771 2.27153146 -0.249025429)
(0.0730525407 2.25705864 -0.128461518)
(0.0703169746 2.27136689 0.0173836861)
(0.0556381424 2.26331875 0.151557193)
(0.0370528906 2.22042489 0.2473891)
(0.0327142594 2.17415751 0.317605246)
(0.0282142446 2.18800909 0.43559163)
(0.0475425823 2.22214716 0.577019728)
(-0.00485852364 2.17627198 0.71733377)
(0.0706804825 1.93116512 0.730479268)
(-0.0545335738 1.80963031 0.85388066)
(0.0955016475 1.90795412 1.08233045)
(0.157153007 2.27805201 -1.05971034)
(-0.0200910638 2.49485914 -1.04088195)
(0.0880277444 2.68551768 -0.808836367)
(0.00867737975 2.55379105 -0.724930324)
(0.0702244651 2.37536149 -0.669662124)
(0.0491793442 2.33803203 -0.566349443)
(0.0722539293 2.34155914 -0.450879404)
(0.059835583 2.32147034 -0.3431093)
(0.0529442349 2.2742854 -0.243222498)
(0.041013752 2.25485359 -0.122493261)
(0.0419096155 2.27934536 0.0287402179)
(0.0299100337 2.2749906 0.165500835)
(0.0128127678 2.22481487 0.256090855)
(0.0126104673 2.16859402 0.31455356)
(0.00315592404 2.1935006 0.438081226)
(0.0319425031 2.22818363 0.582551841)
(-0.0337755888 2.16307764 0.720678521)
(0.0605878619 1.90897845 0.725782472)
(-0.0642541746 1.81806677 0.863428816)
(0.0900466776 1.90973545 1.08909511)
(0.140735799 2.2627755 -1.10584511)
(-0.0320244788 2.54742581 -1.02986314)
(0.075655135 2.70439925 -0.807144675)
(-0.00612498899 2.5453321 -0.731307279)
(0.0552604424 2.36251928 -0.679817121)
(0.0271751843 2.32856942 -0.571939823)
(0.0510796868 2.34016959 -0.450575663)
(0.0362955216 2.3260848 -0.336777873)
(0.0298557431 2.2782692 -0.234555236)
(0.0129646182 2.25146293 -0.115718176)
(0.0169757946 2.2825962 0.036759727)
(0.00918253375 2.28321802 0.176424234)
(-0.00623410458 2.22852408 0.263697522)
(-0.0038002869 2.16263431 0.313673364)
(-0.0200539079 2.19649737 0.4372855)
(0.016501456 2.23259043 0.591597393)
(-0.0568721324 2.14641256 0.716920947)
(0.0541481524 1.89052276 0.71783745)
(-0.0770800638 1.84112088 0.872076114)
(0.0823670968 1.90528729 1.08554767)
(0.126268211 2.25380815 -1.14079816)
(-0.040225725 2.59149678 -1.01804977)
(0.0653174954 2.71837802 -0.806558167)
(-0.0176909925 2.53962205 -0.733685228)
(0.0401125998 2.35382677 -0.686264389)
(0.0074871174 2.31874373 -0.574491282)
(0.029788502 2.33584761 -0.449215842)
(0.0145271056 2.32860601 -0.329395862)
(0.00829688808 2.28326737 -0.223702448)
(-0.0102142756 2.25015798 -0.107795026)
(-0.00899093164 2.27673578 0.040172184)
(-0.00830632845 2.28647064 0.184101191)
(-0.0211309568 2.23141749 0.269705582)
(-0.0199942897 2.1596904 0.316479105)
(-0.0404003308 2.195336 0.435680196)
(0.000449945649 2.23379893 0.600551051)
(-0.0725126029 2.1295187 0.708861603)
(0.0461090248 1.8829231 0.707622168)
(-0.0904194739 1.8859868 0.884414404)
(0.0730821315 1.88678753 1.06827835)
(0.113455273 2.24900618 -1.16670628)
(-0.0463334576 2.62734172 -1.00611901)
(0.0561553541 2.72840624 -0.805940186)
(-0.0276073219 2.53592833 -0.731188205)
(0.0239239987 2.34928981 -0.688920401)
(-0.0101638053 2.31018616 -0.573530381)
(0.00734892119 2.3295359 -0.447601034)
(-0.00599836176 2.32860593 -0.321695877)
(-0.0133413938 2.28830631 -0.21244811)
(-0.0313517092 2.25110493 -0.098448962)
(-0.0349671731 2.26340824 0.0437832784)
(-0.0260007642 2.2826145 0.187596852)
(-0.0350956699 2.23237471 0.273871721)
(-0.035859164 2.15916466 0.321794452)
(-0.0591987215 2.18944877 0.436262211)
(-0.0156821518 2.2312391 0.605570096)
(-0.0817102464 2.11711721 0.698116197)
(0.0325052392 1.89067196 0.696747619)
(-0.103966078 1.94609815 0.899744011)
(0.0627517159 1.85317534 1.03654171)
(0.102011761 2.24695786 -1.18501564)
(-0.0518758295 2.65493129 -0.993842548)
(0.0475806825 2.73443557 -0.803924802)
(-0.0370560199 2.53336366 -0.725185557)
(0.00532119864 2.34881285 -0.685527736)
(-0.0268903624 2.30443629 -0.570975146)
(-0.0171132643 2.32252175 -0.443502548)
(-0.0262600943 2.32626736 -0.314227282)
(-0.0355875456 2.29205457 -0.201363138)
(-0.0520807904 2.25307313 -0.0878532118)
(-0.0590756095 2.25091136 0.0466375571)
(-0.047256705 2.27045469 0.186354717)
(-0.0503765972 2.22893775 0.276055473)
(-0.0522611956 2.15876965 0.328669158)
(-0.0771617833 2.18030254 0.438641159)
(-0.0329469173 2.22467138 0.605453469)
(-0.0872477034 2.11172918 0.685252343)
(0.0123985321 1.91470266 0.688877735)
(-0.118098799 2.01251839 0.9163464)
(0.0506991168 1.80346866 0.990199478)
(0.0920752042 2.24676669 -1.19643729)
(-0.0573985311 2.67363751 -0.981161767)
(0.0375559139 2.73636474 -0.79838728)
(-0.0459755663 2.53161078 -0.717187115)
(-0.0158672667 2.35161471 -0.675949924)
(-0.0450769945 2.30222196 -0.566186001)
(-0.0418898391 2.31637401 -0.436411675)
(-0.049597154 2.32239822 -0.306892587)
(-0.0590967163 2.29375312 -0.190709838)
(-0.0735036934 2.25564557 -0.0770041928)
(-0.082337406 2.24177897 0.0498450398)
(-0.0726435668 2.25161054 0.182094042)
(-0.0685255038 2.21907128 0.275732203)
(-0.0712076826 2.15657259 0.335865435)
(-0.094811887 2.16998576 0.441731797)
(-0.0533844423 2.21384475 0.600383911)
(-0.0926316425 2.1128274 0.671563225)
(-0.0143702587 1.95309065 0.687778114)
(-0.133259792 2.07663809 0.930326958)
(0.0363044111 1.73590378 0.928759163)
(0.0837242304 2.24770314 -1.20085686)
(-0.0626603656 2.68284156 -0.968587638)
(0.0252907363 2.73462781 -0.787544387)
(-0.0558799617 2.53059013 -0.706262145)
(-0.0391106249 2.35763168 -0.661589339)
(-0.066511316 2.3034839 -0.557050555)
(-0.0684807667 2.31141318 -0.428044957)
(-0.0761099784 2.31728096 -0.298528836)
(-0.0853008127 2.29308146 -0.180391811)
(-0.0973974805 2.25702637 -0.0664081031)
(-0.106187174 2.23464241 0.053929224)
(-0.100106471 2.23053962 0.177091067)
(-0.0910995732 2.20310001 0.273084)
(-0.0943852416 2.15168574 0.342158535)
(-0.113579438 2.15997503 0.445105848)
(-0.0790168579 2.19938686 0.591639395)
(-0.101708215 2.1178636 0.658258902)
(-0.0489159389 2.00295419 0.695553933)
(-0.150020878 2.13083236 0.937050732)
(0.0189444174 1.64730037 0.850902154)
(0.0765281777 2.24888514 -1.19799304)
(-0.0669875798 2.68225081 -0.955824484)
(0.0106952743 2.72946267 -0.771124468)
(-0.0680841725 2.53112401 -0.69028463)
(-0.0643833437 2.36701009 -0.642759789)
(-0.0920024266 2.30767987 -0.543634026)
(-0.0982983942 2.30715494 -0.417790639)
(-0.106353108 2.3106884 -0.289346415)
(-0.115020241 2.28989819 -0.170489079)
(-0.124831451 2.25630832 -0.056720537)
(-0.132100008 2.22843686 0.0584538864)
(-0.128775207 2.21136158 0.173067623)
(-0.119297885 2.18411524 0.26949513)
(-0.122661256 2.14483288 0.347194037)
(-0.136076233 2.15160053 0.448845627)
(-0.110782137 2.18358583 0.580972776)
(-0.118609174 2.1247322 0.64670224)
(-0.0933294283 2.06265792 0.712615359)
(-0.169213901 2.16694632 0.931382405)
(-0.00198434379 1.53033644 0.75465233)
(0.0706322113 2.24668941 -1.19032953)
(-0.0709494146 2.67605663 -0.938429739)
(-0.00564857341 2.72180112 -0.749120415)
(-0.0828429717 2.53441617 -0.667768318)
(-0.0917592525 2.38017693 -0.618594574)
(-0.121857409 2.3144503 -0.525771053)
(-0.132434759 2.30277795 -0.405307681)
(-0.1410553 2.30158242 -0.279403286)
(-0.148933366 2.28337416 -0.16105494)
(-0.156638622 2.25267885 -0.0482268412)
(-0.161772283 2.22201587 0.0629447987)
(-0.159945975 2.19571795 0.170964361)
(-0.153017928 2.16671338 0.266856914)
(-0.155992886 2.13850134 0.351661307)
(-0.164412667 2.14559198 0.452675379)
(-0.148138124 2.16853701 0.570062695)
(-0.148293259 2.13498498 0.640644064)
(-0.149187395 2.13086504 0.737639504)
(-0.190528111 2.17068133 0.905828671)
(-0.0262601427 1.37199358 0.638159258)
(0.0652466405 2.24153352 -1.17657618)
(-0.0747277384 2.66367158 -0.916721683)
(-0.0227914018 2.71280049 -0.721244056)
(-0.0996052014 2.54172333 -0.637599083)
(-0.120829707 2.39804564 -0.587785784)
(-0.155699739 2.32461804 -0.502712401)
(-0.171246277 2.29869235 -0.390114288)
(-0.180749068 2.28918192 -0.268761638)
(-0.187434307 2.27175601 -0.152212318)
(-0.192933728 2.24430238 -0.0409820722)
(-0.195868156 2.21326955 0.0670419467)
(-0.194530779 2.18251379 0.170712994)
(-0.19053497 2.15310466 0.266191502)
(-0.193076796 2.1329081 0.356024704)
(-0.198684799 2.13920051 0.455869421)
(-0.191597355 2.15690395 0.56246731)
(-0.196444305 2.15975533 0.646922103)
(-0.214016044 2.20250143 0.763586726)
(-0.211605288 2.11999323 0.85101586)
(-0.0523143613 1.14998774 0.502133772)
(0.0594454147 2.23281372 -1.15678979)
(-0.0790980057 2.64519183 -0.890312382)
(-0.0399080853 2.70333904 -0.687375563)
(-0.11735099 2.55388078 -0.599044283)
(-0.150518608 2.42204644 -0.549003418)
(-0.192186556 2.34109426 -0.473173391)
(-0.214014551 2.29881481 -0.371358445)
(-0.225310524 2.27626877 -0.257372672)
(-0.23063451 2.25495965 -0.144388567)
(-0.233428768 2.22891023 -0.0354756902)
(-0.233856404 2.19885649 0.0699171241)
(-0.231999343 2.16766813 0.171077898)
(-0.22989263 2.14006846 0.266850587)
(-0.232917306 2.12557476 0.360370667)
(-0.240063704 2.13518173 0.460581799)
(-0.246274208 2.16714933 0.566311388)
(-0.264478168 2.21869454 0.669273443)
(-0.279428612 2.24889842 0.776233244)
(-0.231643742 1.94309337 0.758365646)
(-0.0782096368 0.773551036 0.34749272)
(0.0524978679 2.22069033 -1.1305055)
(-0.0849783653 2.62055333 -0.858797235)
(-0.0574931386 2.69343636 -0.647796113)
(-0.135438101 2.57080342 -0.552179484)
(-0.179532832 2.45363637 -0.501414584)
(-0.229198958 2.36864694 -0.43576827)
(-0.258892299 2.31176698 -0.34771222)
(-0.273739118 2.27358237 -0.244755296)
(-0.278494066 2.24224143 -0.138094073)
(-0.278419117 2.21229098 -0.0327271767)
(-0.275964241 2.18239963 0.0703279057)
(-0.273028653 2.1537641 0.170666043)
(-0.272610362 2.13259673 0.268614587)
(-0.279176347 2.13122192 0.367833647)
(-0.294517512 2.16340985 0.474785875)
(-0.317398456 2.23047461 0.589434331)
(-0.342779429 2.28812772 0.698699762)
(-0.33332314 2.1587914 0.755649689)
(-0.240564812 1.49920291 0.620485649)
(-0.0701169335 0.208476684 0.182253395)
(0.04332426 2.2047192 -1.09626578)
(-0.0945704628 2.58860531 -0.822201353)
(-0.0779764438 2.68141494 -0.603584017)
(-0.155035545 2.59066065 -0.498428653)
(-0.207759995 2.49278331 -0.445408845)
(-0.265052345 2.4112913 -0.389587191)
(-0.303774133 2.34758066 -0.317360731)
(-0.324711253 2.29845766 -0.229225907)
(-0.331373014 2.25708575 -0.132456513)
(-0.330036121 2.22065007 -0.032400144)
(-0.325835807 2.19032227 0.0688324118)
(-0.323030686 2.16821737 0.17095814)
(-0.326188621 2.16269785 0.275301344)
(-0.340305998 2.18773713 0.385825225)
(-0.367242559 2.24827675 0.505773867)
(-0.39982907 2.30592022 0.626186751)
(-0.412568181 2.23033036 0.71070586)
(-0.359448464 1.80021417 0.682500606)
(-0.213073266 0.901438312 0.448768801)
(-0.00940050493 -0.0225146083 0.0565639144)
(0.0303178843 2.18383911 -1.051067)
(-0.112095131 2.54592529 -0.779852591)
(-0.107092776 2.66203276 -0.556466865)
(-0.181311288 2.60768529 -0.440865059)
(-0.238935192 2.53455146 -0.383420326)
(-0.301150467 2.46666931 -0.335158048)
(-0.348412058 2.40825349 -0.278486945)
(-0.377887226 2.35988126 -0.207375363)
(-0.39057488 2.31827849 -0.12349799)
(-0.392213877 2.28207317 -0.0302712135)
(-0.38974074 2.25459798 0.0699930017)
(-0.389627482 2.24176377 0.177084534)
(-0.397788386 2.25226043 0.29244247)
(-0.418466936 2.28840552 0.417617543)
(-0.448996474 2.3195549 0.546728624)
(-0.471353005 2.24836799 0.652515572)
(-0.447425293 1.92002847 0.677048575)
(-0.337235013 1.25769538 0.549299672)
(-0.148247842 0.529106295 0.259866458)
(0.00928726016 0.387080062 -0.00315881592)
(0.0115679796 2.15594238 -0.987918401)
(-0.143995313 2.4848717 -0.727518719)
(-0.155049859 2.62227083 -0.506417211)
(-0.226247647 2.60624318 -0.382899049)
(-0.284650677 2.56139216 -0.320051943)
(-0.346303455 2.5164417 -0.275926969)
(-0.397638397 2.4755998 -0.23148295)
(-0.434776945 2.43945413 -0.176331811)
(-0.456064321 2.40731295 -0.106447056)
(-0.464686556 2.37939682 -0.0212238291)
(-0.466876097 2.35771085 0.0782059168)
(-0.469480404 2.34666601 0.191286434)
(-0.477991593 2.34722045 0.317468717)
(-0.49353075 2.33730688 0.451435318)
(-0.507320324 2.25019047 0.573265074)
(-0.494789876 1.97735497 0.638121096)
(-0.420480145 1.4542271 0.5833135)
(-0.26868328 0.836499526 0.37319859)
(-0.0928675332 0.560120713 0.0813500442)
(-0.0140982299 0.637027202 -0.0619451639)
(-0.0146165845 2.11787669 -0.891533543)
(-0.198265192 2.39180518 -0.651791523)
(-0.236502221 2.53470575 -0.445438952)
(-0.310319267 2.54899571 -0.322998114)
(-0.367879074 2.52760453 -0.258927854)
(-0.421648754 2.50863206 -0.218231285)
(-0.466022905 2.49636368 -0.182144402)
(-0.500678399 2.48499298 -0.139081215)
(-0.524175586 2.46923686 -0.0819750944)
(-0.536418433 2.4497244 -0.00630468093)
(-0.539329945 2.42849039 0.0898783845)
(-0.537390409 2.40070859 0.204637825)
(-0.533278762 2.35469867 0.333330503)
(-0.524650844 2.25193929 0.461586932)
(-0.500748334 2.02498617 0.557303138)
(-0.441143911 1.62084812 0.569515577)
(-0.326761646 1.11671987 0.452371367)
(-0.174239824 0.820774837 0.2219449)
(-0.0621710798 1.01447439 -0.00113171684)
(-0.0048510951 0.86240117 -0.118260966)
(-0.0485751218 2.06634036 -0.739085784)
(-0.281088811 2.24901609 -0.529177865)
(-0.364427578 2.35640443 -0.353924306)
(-0.453924687 2.37045793 -0.24916088)
(-0.51415292 2.34881622 -0.197058868)
(-0.555081539 2.34109017 -0.167783928)
(-0.578524873 2.35897052 -0.14193124)
(-0.590660276 2.39172658 -0.108098294)
(-0.594924339 2.41917294 -0.0599444728)
(-0.592244077 2.42351894 0.00668617469)
(-0.581282842 2.40070621 0.0942485582)
(-0.559944499 2.35057595 0.201306965)
(-0.527237625 2.25334682 0.319673354)
(-0.479786402 2.07627882 0.428628921)
(-0.411571456 1.78242764 0.491837725)
(-0.315204528 1.38405418 0.465357741)
(-0.191682218 1.02138982 0.326967954)
(-0.075909793 0.941187433 0.118348839)
(-0.0439829749 1.137905 -0.0525804668)
(0.0169829953 0.947903044 -0.155503384)
(-0.0862210485 2.00059559 -0.516005145)
(-0.385199582 2.05000647 -0.342399292)
(-0.526615843 2.06233696 -0.216592081)
(-0.638843333 2.03496371 -0.153145592)
(-0.701151704 1.98901151 -0.135078853)
(-0.72829226 1.96281737 -0.133537061)
(-0.728942668 1.97056181 -0.126593239)
(-0.711690872 2.01357649 -0.104368584)
(-0.680860743 2.08618135 -0.0644274811)
(-0.639732621 2.16368277 -0.00689662662)
(-0.590044455 2.20342554 0.0683952056)
(-0.52967666 2.18065399 0.16096151)
(-0.45539232 2.09084 0.261187984)
(-0.366003565 1.91367986 0.347728297)
(-0.262194524 1.64612678 0.388321723)
(-0.150298638 1.32665236 0.3526028)
(-0.0453701237 1.06577716 0.233924894)
(0.0330369115 1.01048575 0.073475228)
(0.0082679867 1.02096211 -0.0704410264)
(0.0380230034 0.937891327 -0.156994292)
(-0.113534417 1.92780602 -0.240917798)
(-0.466436561 1.84451798 -0.109077284)
(-0.643695532 1.76318905 -0.0567442804)
(-0.748015441 1.75095862 -0.0681022564)
(-0.786405117 1.77756875 -0.104327123)
(-0.797796251 1.78052994 -0.133861956)
(-0.793688282 1.74396418 -0.145172752)
(-0.774403768 1.6871071 -0.136649825)
(-0.735293472 1.63810252 -0.107879601)
(-0.672796988 1.62229457 -0.0588994236)
(-0.586601349 1.6518694 0.00799029612)
(-0.480162535 1.7020822 0.0872280537)
(-0.357631833 1.71801156 0.169323052)
(-0.227189174 1.66017583 0.239728327)
(-0.0964222466 1.51690595 0.275190893)
(0.0212730647 1.31499043 0.257412227)
(0.101535117 1.12515419 0.179038154)
(0.144338191 1.03234776 0.0765472896)
(0.106439904 0.995975239 -0.0309186091)
(0.0712305021 0.933887018 -0.108187559)
(-0.101518725 1.86763356 0.0307970791)
(-0.418255726 1.82345905 0.105499659)
(-0.550119475 1.93024769 0.0759210985)
(-0.626042328 2.11395071 -0.00311667247)
(-0.668294321 2.23591467 -0.0717422759)
(-0.709622565 2.23938152 -0.112414127)
(-0.744893706 2.16154363 -0.135893866)
(-0.761519833 2.04440041 -0.15031056)
(-0.748605856 1.90787179 -0.154225757)
(-0.698142576 1.76549491 -0.143010518)
(-0.605566375 1.63266122 -0.11342776)
(-0.473146707 1.52512975 -0.0647991024)
(-0.312706714 1.45358422 0.000156378224)
(-0.140367322 1.41279788 0.0700328947)
(0.0241489978 1.37165028 0.127119125)
(0.156382015 1.29877986 0.151212725)
(0.232612027 1.2042959 0.131750745)
(0.252500214 1.12102976 0.0880297074)
(0.194566907 1.05454401 0.0339488354)
(0.105478922 0.9496166 -0.00552822299)
(-0.0744879966 1.84020729 0.264147318)
(-0.34848638 1.87505987 0.287193648)
(-0.44039438 2.15280133 0.194963342)
(-0.512731105 2.42640432 0.0781316609)
(-0.590056313 2.50693248 0.00513510771)
(-0.682311143 2.4376485 -0.0357442936)
(-0.761497346 2.32870111 -0.073381519)
(-0.814426495 2.2141561 -0.115196676)
(-0.835296147 2.08577619 -0.155011852)
(-0.818624946 1.93477889 -0.185583394)
(-0.758519852 1.76023502 -0.200996947)
(-0.651490128 1.57048733 -0.196833415)
(-0.500843481 1.38502603 -0.170331818)
(-0.320849273 1.23269813 -0.121476708)
(-0.132136793 1.1436053 -0.0559908949)
(0.0403524541 1.12796595 0.0117602956)
(0.158195763 1.13872077 0.0626960586)
(0.203479223 1.10794935 0.0927580683)
(0.159443929 1.04766339 0.113415814)
(0.0882580693 0.938167498 0.11413093)
(-0.049010231 1.82812403 0.460382428)
(-0.288063029 1.94011649 0.440663855)
(-0.358656668 2.31671119 0.303904944)
(-0.447300177 2.56876069 0.174557795)
(-0.553447945 2.57342434 0.10751926)
(-0.661118724 2.49270506 0.0615337123)
(-0.747516292 2.42789775 0.00490343204)
(-0.812244622 2.37228598 -0.0621818265)
(-0.853883163 2.30395171 -0.132207838)
(-0.868297034 2.2073583 -0.199214379)
(-0.849266779 2.06923237 -0.257091096)
(-0.790596594 1.87904173 -0.298323687)
(-0.688935129 1.63656983 -0.313844259)
(-0.547859058 1.36315077 -0.29351993)
(-0.380260297 1.11179181 -0.23021823)
(-0.208783992 0.958585706 -0.130838822)
(-0.0628009376 0.946086327 -0.0198403797)
(0.0385194592 0.986481684 0.0754247509)
(0.0295307699 0.973982266 0.159637504)
(0.0464913194 0.9327991 0.199060419)
(-0.02893052 1.82339534 0.622130338)
(-0.242179765 1.99585629 0.570877544)
(-0.297787271 2.42039816 0.409110551)
(-0.393581185 2.62958566 0.280365431)
(-0.502037018 2.59137497 0.217424547)
(-0.603849503 2.51669657 0.163907051)
(-0.687602827 2.47736086 0.0936183005)
(-0.757138583 2.45299863 0.010012876)
(-0.810578377 2.42727176 -0.0804346601)
(-0.844948698 2.39169185 -0.172700778)
(-0.857165508 2.33221937 -0.262530008)
(-0.841656826 2.22650426 -0.343338029)
(-0.791531524 2.04802581 -0.404125092)
(-0.70037371 1.77878993 -0.427591895)
(-0.566183481 1.43777971 -0.393061253)
(-0.398634317 1.11535373 -0.288819015)
(-0.229116532 0.960948937 -0.130835597)
(-0.111208485 1.01954581 0.032029591)
(-0.068365307 1.02127122 0.158380248)
(0.00963767848 0.855246056 0.199818221)
(-0.0132629238 1.8223863 0.754282433)
(-0.207532909 2.03751719 0.681666096)
(-0.249655917 2.48107875 0.507356877)
(-0.345681402 2.64632783 0.382351941)
(-0.447790409 2.57074367 0.32069195)
(-0.54163535 2.48015487 0.259461662)
(-0.621293043 2.42913725 0.17791971)
(-0.688991726 2.40087555 0.0816646856)
(-0.742397816 2.38763187 -0.0228559085)
(-0.782111501 2.38299017 -0.130906237)
(-0.80880876 2.38021094 -0.239230192)
(-0.82053834 2.36509656 -0.345019979)
(-0.811527591 2.30855063 -0.441200224)
(-0.771422622 2.16426273 -0.511679883)
(-0.686410923 1.88564648 -0.529416161)
(-0.546275444 1.47742485 -0.46320463)
(-0.360552729 1.07276235 -0.299607994)
(-0.178497264 0.932079638 -0.0794076292)
(-0.0781374127 1.07310715 0.089729694)
(-0.00993631003 0.715010537 0.137693278)
(-0.000522450026 1.82352478 0.863107566)
(-0.180396681 2.06638314 0.776368446)
(-0.209442139 2.51281133 0.596310785)
(-0.302179758 2.63725897 0.475814105)
(-0.395110271 2.5244655 0.415139485)
(-0.480769265 2.40691323 0.347951788)
(-0.554222371 2.33643222 0.256723714)
(-0.615226313 2.3004311 0.148404103)
(-0.661692185 2.287559 0.0315948499)
(-0.697043147 2.28759324 -0.0868230836)
(-0.725244935 2.29470352 -0.203895149)
(-0.747674782 2.31220127 -0.320525049)
(-0.761956897 2.33450824 -0.43566239)
(-0.760071079 2.33012895 -0.540416411)
(-0.725361141 2.23181666 -0.612369872)
(-0.635024734 1.9519996 -0.613674487)
(-0.474509195 1.45699823 -0.50196751)
(-0.262233433 0.902095641 -0.267594322)
(-0.0695551214 0.666319641 -0.000237442382)
(-0.00384093444 0.611895793 0.0856259526)
(0.0103345531 1.82621739 0.953957807)
(-0.158307936 2.08511324 0.857692442)
(-0.174328156 2.52519422 0.675458589)
(-0.261927618 2.61383316 0.559683239)
(-0.344404717 2.467047 0.500311565)
(-0.421362733 2.32542092 0.428044785)
(-0.486525479 2.24961302 0.326892467)
(-0.537941669 2.22820927 0.205604764)
(-0.57458273 2.23219366 0.0768680248)
(-0.602414907 2.23281431 -0.0490288203)
(-0.626753281 2.22416987 -0.16961387)
(-0.649545311 2.22023692 -0.288365392)
(-0.671114329 2.23824698 -0.40872488)
(-0.688716492 2.28037323 -0.529456853)
(-0.690614239 2.3151135 -0.638685788)
(-0.652295283 2.25324008 -0.705654681)
(-0.544693305 1.95573553 -0.67729663)
(-0.359120031 1.33728888 -0.497753232)
(-0.131380927 0.607747233 -0.181745334)
(0.0286235446 0.438545423 0.0553092204)
(0.0198981037 1.83032664 1.03031974)
(-0.139875819 2.09649283 0.92732461)
(-0.142796262 2.52483186 0.744664025)
(-0.224395096 2.58347516 0.633466521)
(-0.295794897 2.40909161 0.57558061)
(-0.363694675 2.25331714 0.498422263)
(-0.419499084 2.1917513 0.386878294)
(-0.460766182 2.20810574 0.252476678)
(-0.48839055 2.24525822 0.11292072)
(-0.510449465 2.25320684 -0.0188111846)
(-0.53139974 2.22859651 -0.141339375)
(-0.550805914 2.19543273 -0.259835805)
(-0.569578251 2.17530978 -0.379034913)
(-0.589404136 2.18618608 -0.501945725)
(-0.607203643 2.23630185 -0.627126212)
(-0.606610368 2.29207959 -0.738546617)
(-0.554918473 2.23203295 -0.790018181)
(-0.423347465 1.84266651 -0.698692702)
(-0.219280718 0.974655398 -0.394295151)
(0.00195786821 -0.0303145863 0.0126133462)
(0.0285002019 1.83591155 1.09423308)
(-0.124303796 2.10316774 0.986201298)
(-0.114112632 2.51644581 0.803874371)
(-0.189732896 2.55050029 0.696991764)
(-0.250007589 2.35623456 0.640708433)
(-0.309061383 2.19739229 0.558723511)
(-0.355634021 2.16376774 0.43678529)
(-0.387877421 2.22469828 0.290127135)
(-0.409216851 2.28966407 0.141823069)
(-0.429099267 2.2982522 0.00613201793)
(-0.449145895 2.26241372 -0.11842117)
(-0.466009817 2.21644456 -0.238530702)
(-0.479624161 2.17464452 -0.357488865)
(-0.492540968 2.14883936 -0.477834701)
(-0.507624956 2.1582388 -0.60333226)
(-0.521135755 2.21512168 -0.73259974)
(-0.510101127 2.27398838 -0.840183007)
(-0.435360834 2.15008632 -0.844966789)
(-0.277292554 1.51950199 -0.611874358)
(-0.0709594826 0.284532845 -0.117529977)
(0.0363544616 1.8430831 1.14707906)
(-0.111054336 2.10753911 1.03506872)
(-0.0879125315 2.5035323 0.853404813)
(-0.158391597 2.51700997 0.750654524)
(-0.207913019 2.31041378 0.696097309)
(-0.258663912 2.15820903 0.609426971)
(-0.296473443 2.15822057 0.477727139)
(-0.320834159 2.25614383 0.320728633)
(-0.337852524 2.33022618 0.166705223)
(-0.357358649 2.32596682 0.0293762558)
(-0.377442528 2.28092548 -0.097157518)
(-0.393310728 2.23388177 -0.220934558)
(-0.404281014 2.19122081 -0.343444982)
(-0.411401536 2.15421559 -0.464657289)
(-0.417581344 2.13365979 -0.587548846)
(-0.425855815 2.15026626 -0.716508975)
(-0.428858368 2.21532215 -0.847003524)
(-0.397833236 2.24624588 -0.929280138)
(-0.292903639 1.91732573 -0.806824138)
(-0.0929002129 0.77222154 -0.307521135)
(0.0436287374 1.85190465 1.19002112)
(-0.0996706009 2.11164142 1.07474364)
(-0.0639166297 2.4887292 0.894051208)
(-0.130678144 2.48394297 0.795329075)
(-0.169906689 2.27187136 0.742484617)
(-0.212834703 2.13430394 0.651171046)
(-0.242073177 2.16801587 0.510597404)
(-0.259093053 2.29008557 0.345402144)
(-0.272431972 2.3574459 0.188368226)
(-0.29123421 2.33441179 0.0513029131)
(-0.310569527 2.2814975 -0.0763884316)
(-0.325637248 2.23682048 -0.203908895)
(-0.33591994 2.199784 -0.331533495)
(-0.341361902 2.16582129 -0.457434247)
(-0.342752632 2.13930949 -0.582843533)
(-0.342117886 2.13069988 -0.71045915)
(-0.339371046 2.15681469 -0.840821437)
(-0.324943733 2.22283949 -0.963197815)
(-0.280465519 2.11623269 -0.95026336)
(-0.0836146043 1.14213298 -0.507018287)
(0.0504624313 1.86237166 1.22396103)
(-0.0896683974 2.11695161 1.10614153)
(-0.041729621 2.47399664 0.92694654)
(-0.106465572 2.45205621 0.832030071)
(-0.135575515 2.24084271 0.780521989)
(-0.170925435 2.12441022 0.68428727)
(-0.191462181 2.18866123 0.535691595)
(-0.201443867 2.32227641 0.364278239)
(-0.211438558 2.37400072 0.206289743)
(-0.229025898 2.33294592 0.0707541767)
(-0.246840242 2.27464034 -0.0572194737)
(-0.260787695 2.23322519 -0.187686874)
(-0.27057259 2.20209383 -0.320147472)
(-0.275993738 2.17238839 -0.451322591)
(-0.276787538 2.14849367 -0.582129166)
(-0.271990508 2.13791914 -0.715376335)
(-0.263021452 2.13489281 -0.8430137)
(-0.237186052 2.16434443 -0.971586758)
(-0.251960982 2.18541333 -1.0403146)
(-0.055922293 1.42965197 -0.695753397)
(0.0571200932 1.87423764 1.24949341)
(-0.0803697888 2.1243952 1.13003771)
(-0.0207779221 2.46069849 0.953317899)
(-0.0850830552 2.42258681 0.861476929)
(-0.103674149 2.21834982 0.810569698)
(-0.131543746 2.1277964 0.708792339)
(-0.143213526 2.21724263 0.553112679)
(-0.146771418 2.35157954 0.377472367)
(-0.154148259 2.38355649 0.220311817)
(-0.170498292 2.32698173 0.0872884458)
(-0.18654882 2.2648906 -0.0401691683)
(-0.19925668 2.22697056 -0.172707881)
(-0.208356594 2.20229954 -0.309659021)
(-0.213928906 2.17668671 -0.445892482)
(-0.215907793 2.15416124 -0.581294898)
(-0.20871497 2.15005187 -0.723499088)
(-0.204887426 2.14308831 -0.857183731)
(-0.152826602 2.11815475 -0.976204423)
(-0.217286685 2.17033667 -1.08376474)
(-0.0208657701 1.63791621 -0.856723951)
(0.0640920451 1.88746964 1.26594976)
(-0.0707602376 2.13367527 1.14793624)
(-0.000253243014 2.44976179 0.97404283)
(-0.0654079432 2.39743767 0.88397032)
(-0.0722377162 2.20598995 0.832725815)
(-0.0929573727 2.14360908 0.724607891)
(-0.0958325676 2.25103405 0.563170766)
(-0.0942204039 2.37717584 0.385564746)
(-0.100036015 2.38827828 0.230843925)
(-0.115233676 2.31908927 0.100979121)
(-0.129288465 2.25405802 -0.0252159796)
(-0.140805654 2.21872654 -0.158800065)
(-0.149158273 2.20058261 -0.299641541)
(-0.154880476 2.18034898 -0.441005209)
(-0.160188177 2.15880042 -0.580222455)
(-0.1483067 2.15962844 -0.729662853)
(-0.159531799 2.16220174 -0.876171252)
(-0.0823217889 2.09897153 -0.986820903)
(-0.181996797 2.11714411 -1.09587814)
(0.0130375475 1.78335784 -0.984320538)
(0.0734967464 1.9004322 1.27285354)
(-0.0590432521 2.1452744 1.16059379)
(0.0201389044 2.44162336 0.989083877)
(-0.0457482183 2.3789639 0.899303965)
(-0.0391385903 2.20519762 0.847021619)
(-0.0534781081 2.17014485 0.731703039)
(-0.0480842828 2.28678077 0.566836935)
(-0.0429689398 2.39809033 0.389467517)
(-0.0481840716 2.38967088 0.238702791)
(-0.0618831317 2.31182308 0.112432111)
(-0.0735581168 2.24512938 -0.0122021638)
(-0.0844455979 2.21056631 -0.146051706)
(-0.0922000196 2.19754635 -0.289657136)
(-0.0978508971 2.18269649 -0.435386225)
(-0.109068944 2.16416672 -0.57882761)
(-0.0910266602 2.16851876 -0.732735073)
(-0.119605495 2.18059035 -0.892891678)
(-0.0280770205 2.09887851 -1.00105783)
(-0.14830448 2.05586337 -1.09122447)
(0.0413678862 1.88070439 -1.07800464)
(0.0877842922 1.91897817 1.26492037)
(-0.0420768407 2.15110057 1.17333971)
(0.0409482811 2.43721932 0.995986749)
(-0.0242371574 2.36913397 0.909456379)
(-0.0021109445 2.21578529 0.852623976)
(-0.0120604638 2.20446967 0.73058919)
(0.00156760048 2.32161132 0.564143422)
(0.00745461459 2.41366442 0.390328522)
(0.00268012142 2.38907125 0.245175554)
(-0.00915567261 2.30619229 0.121767274)
(-0.017769946 2.24050431 -0.00199342727)
(-0.0289014662 2.20515174 -0.134698587)
(-0.0364647246 2.19502802 -0.279710497)
(-0.0422492976 2.18372274 -0.427948573)
(-0.0597988151 2.17024479 -0.576050854)
(-0.0386456014 2.17935694 -0.73255163)
(-0.0799491753 2.1951522 -0.90434311)
(0.0124102453 2.10626585 -1.01184684)
(-0.116683473 2.00425359 -1.08067544)
(0.0631994205 1.94167228 -1.13971152)
(0.107646 1.94773344 1.23813996)
(-0.0189703742 2.14426139 1.1868152)
(0.0631928186 2.43322987 0.996162248)
(0.00396875214 2.36937967 0.913875915)
(0.0371628788 2.23810154 0.848578733)
(0.0330975999 2.24432514 0.722453724)
(0.0526488768 2.3516534 0.556544125)
(0.0593727138 2.42099662 0.38952261)
(0.0543219952 2.38673477 0.250360316)
(0.0442390886 2.30515154 0.129294146)
(0.0361073689 2.23965159 0.0074692656)
(0.0270965911 2.20413094 -0.124731773)
(0.0193874538 2.19419377 -0.269610337)
(0.0117466898 2.18437304 -0.418399719)
(-0.00872458974 2.17732231 -0.570942359)
(0.00783224346 2.19292306 -0.729110098)
(-0.0371669253 2.20613181 -0.909360024)
(0.0434333081 2.11301325 -1.01365328)
(-0.0877317192 1.97076553 -1.07011045)
(0.0796325894 1.97471675 -1.17211586)
(0.132047294 1.9907085 1.18711937)
(0.0119502977 2.12087845 1.19919135)
(0.0897732912 2.42626484 0.993995389)
(0.0405794867 2.38007191 0.909040805)
(0.0788620531 2.27062814 0.835516325)
(0.0836712578 2.28542649 0.708327155)
(0.105476468 2.37515489 0.546473933)
(0.11291296 2.42243119 0.387802943)
(0.108079453 2.38380077 0.253683655)
(0.0997967056 2.30663004 0.134759032)
(0.0919625193 2.24202736 0.0146105909)
(0.0845521498 2.20732361 -0.115935856)
(0.0765924992 2.19557424 -0.258946473)
(0.0646392167 2.18593619 -0.407065895)
(0.0458739242 2.18653502 -0.561782429)
(0.0504676446 2.20845973 -0.724264741)
(0.0101968537 2.21405914 -0.904306846)
(0.0696275633 2.11525085 -1.00810438)
(-0.0618223161 1.95702602 -1.05906716)
(0.0922382585 1.98612863 -1.1786268)
(0.160198634 2.05267936 1.10628744)
(0.052461079 2.08098419 1.20651787)
(0.123396935 2.40944022 0.99254863)
(0.0861889356 2.39971083 0.895307531)
(0.124275645 2.31076905 0.814466383)
(0.139557677 2.32387422 0.689562794)
(0.16102823 2.39215031 0.534553876)
(0.168926281 2.42116092 0.384598135)
(0.165347537 2.38182178 0.255393776)
(0.158785523 2.31070367 0.138734005)
(0.151870028 2.24910711 0.0206757428)
(0.1451676 2.21465473 -0.107538155)
(0.135714398 2.19956341 -0.247320885)
(0.120653823 2.19000951 -0.393586095)
(0.100416413 2.19871812 -0.548456033)
(0.096611618 2.22451331 -0.715313025)
(0.0570933975 2.21965101 -0.889693808)
(0.0959989509 2.11231524 -0.995502497)
(-0.038144603 1.95248759 -1.04104158)
(0.101149063 1.98692594 -1.16583845)
(0.190083459 2.1402075 0.991575824)
(0.102883915 2.03052147 1.20038178)
(0.167361205 2.37197041 0.994763818)
(0.141890481 2.42249424 0.876404442)
(0.174383122 2.3563369 0.786786887)
(0.199079223 2.35849846 0.66656253)
(0.220448854 2.40354092 0.520898576)
(0.229110004 2.41887818 0.379672285)
(0.227638841 2.3819508 0.255394895)
(0.222838321 2.31849614 0.141287521)
(0.217010302 2.26135903 0.0256646968)
(0.210195494 2.22599984 -0.0992647812)
(0.198440576 2.20632078 -0.234455034)
(0.180334341 2.19815734 -0.377526931)
(0.158376353 2.21525273 -0.532353208)
(0.14718737 2.24051282 -0.69938971)
(0.104707357 2.22105295 -0.867401783)
(0.124600678 2.10406028 -0.97149421)
(-0.0164951835 1.94270912 -1.00906308)
(0.108452041 1.9901359 -1.14125441)
(0.217059265 2.26177934 0.841824328)
(0.159697774 1.98410257 1.16796649)
(0.223870285 2.3029473 1.00098868)
(0.209663002 2.43425039 0.858606056)
(0.230779384 2.40440419 0.755052784)
(0.260277657 2.39234393 0.6389564)
(0.283632782 2.41209372 0.504524527)
(0.294542567 2.41577561 0.372544424)
(0.296011963 2.38314247 0.253315942)
(0.293283848 2.32890118 0.142144081)
(0.288409985 2.27713439 0.0296513577)
(0.280620226 2.2400209 -0.0906097623)
(0.266130519 2.21672977 -0.219997741)
(0.245684569 2.2131983 -0.359304331)
(0.2219292 2.23719032 -0.512636069)
(0.203206647 2.25463612 -0.676367304)
(0.154659499 2.21623647 -0.836108246)
(0.155823558 2.09007359 -0.933615901)
(0.00487090497 1.93146719 -0.964996857)
(0.115130114 1.9932239 -1.103348)
(0.232948304 2.42621465 0.662356502)
(0.212722925 1.96615844 1.09495772)
(0.290183764 2.20114122 1.00395844)
(0.291169941 2.41027339 0.848876017)
(0.297425506 2.44412336 0.724897631)
(0.323569237 2.43021328 0.607436745)
(0.349290329 2.42523799 0.483365932)
(0.364379129 2.41478032 0.361448611)
(0.370029578 2.38409956 0.248270446)
(0.370047938 2.33845576 0.141042112)
(0.366139203 2.29250605 0.0329297313)
(0.357090652 2.25556657 -0.0813062395)
(0.340682094 2.23417726 -0.204364485)
(0.31929125 2.23896795 -0.339435065)
(0.293319939 2.26364314 -0.488798136)
(0.265598534 2.26298806 -0.645106735)
(0.208273305 2.20257166 -0.793570118)
(0.189808122 2.06999824 -0.88063019)
(0.0258140845 1.91844256 -0.906783833)
(0.122004302 1.9972985 -1.05264702)
(0.229653103 2.64080251 0.465622714)
(0.244864687 2.01102109 0.967828664)
(0.354468373 2.08915341 0.98474034)
(0.383028723 2.3271606 0.847138728)
(0.379697627 2.44612793 0.703919924)
(0.394813723 2.46504317 0.576362749)
(0.419089572 2.45134062 0.45695923)
(0.438087338 2.42699332 0.344128397)
(0.448650979 2.3926833 0.238354321)
(0.452379989 2.35137671 0.136890237)
(0.450238564 2.3105574 0.0348108245)
(0.441455723 2.27895416 -0.0724317232)
(0.425676532 2.26661319 -0.188939201)
(0.404383466 2.27707031 -0.318185994)
(0.374111908 2.28825279 -0.459344853)
(0.334801135 2.2585495 -0.603522735)
(0.265980711 2.17726133 -0.737288806)
(0.225889246 2.04383147 -0.81075144)
(0.0459682883 1.90452716 -0.833095885)
(0.129498564 2.00279467 -0.988772483)
(0.199960155 2.89174978 0.285880334)
(0.23068752 2.13959196 0.788891318)
(0.394517039 2.01306708 0.920594318)
(0.470614472 2.19269618 0.838082923)
(0.477064553 2.37279952 0.693237661)
(0.484038595 2.45872684 0.55247726)
(0.503124513 2.4750878 0.429392217)
(0.522914817 2.45731216 0.320930324)
(0.537221168 2.42447402 0.222045182)
(0.545139146 2.38668317 0.127812247)
(0.546293573 2.35095022 0.0334050026)
(0.54032288 2.32637697 -0.0659665246)
(0.526561263 2.3179209 -0.174552594)
(0.502987349 2.31591251 -0.293929347)
(0.463887248 2.29450019 -0.421237514)
(0.40990711 2.23175857 -0.548766002)
(0.326918817 2.1385772 -0.664577713)
(0.262479891 2.01234685 -0.721813495)
(0.0646353823 1.89082052 -0.742683757)
(0.137973325 2.01047685 -0.911550896)
(0.191728768 3.2380615 0.147621164)
(0.157685235 2.3821552 0.569600221)
(0.382066483 2.02296662 0.790266854)
(0.522453877 2.05664063 0.788868393)
(0.568465701 2.2201954 0.674859398)
(0.589408914 2.35786575 0.534974172)
(0.611298516 2.43165955 0.406762674)
(0.632380935 2.45477452 0.2969555)
(0.649155524 2.44788827 0.201187115)
(0.660367407 2.42655449 0.113150167)
(0.664599867 2.40127116 0.0269406319)
(0.660181401 2.37721922 -0.0625945354)
(0.643809528 2.35224607 -0.158910646)
(0.611348221 2.31603831 -0.26236001)
(0.55872005 2.25716052 -0.370689599)
(0.48818768 2.17564269 -0.47807066)
(0.388596321 2.08824286 -0.572685531)
(0.296874073 1.97745772 -0.611628153)
(0.0813219398 1.87917194 -0.635595481)
(0.147988342 2.02126595 -0.821978148)
(0.281066692 3.62429471 0.0865896695)
(0.0812810401 2.8343883 0.390413676)
(0.312472611 2.20132062 0.616895839)
(0.503873513 2.00282271 0.672894667)
(0.608347492 2.04683495 0.610591948)
(0.673178872 2.15922624 0.498755003)
(0.720644718 2.25725582 0.380803857)
(0.755099737 2.31918322 0.274227848)
(0.778785287 2.34853971 0.181527112)
(0.793164319 2.35437235 0.0990711367)
(0.797501178 2.34527821 0.0215673561)
(0.788772682 2.32119303 -0.0556845744)
(0.763404119 2.28171535 -0.135562355)
(0.718659139 2.22790194 -0.219094741)
(0.652491305 2.16399528 -0.305582481)
(0.56536976 2.09688546 -0.389569396)
(0.446541324 2.03374054 -0.459209981)
(0.325207963 1.94232569 -0.479332754)
(0.09595107 1.87279114 -0.515304894)
(0.160144391 2.03640779 -0.723523202)
(0.274132142 3.56663447 -0.0857397794)
(0.0758229066 3.32555475 0.248751454)
(0.233059487 2.63270026 0.447825845)
(0.419265152 2.18784491 0.507534329)
(0.566378743 2.02027816 0.481338348)
(0.683309124 2.00152041 0.408932853)
(0.773259793 2.03640066 0.319155587)
(0.837288471 2.07797655 0.230245217)
(0.879457549 2.10908669 0.150237499)
(0.903505542 2.1260424 0.0799202047)
(0.910277146 2.12909086 0.0167104654)
(0.899358003 2.12125104 -0.0437007511)
(0.869109321 2.10513402 -0.103994483)
(0.817022864 2.0826741 -0.165382883)
(0.739650089 2.05594832 -0.226732478)
(0.634282808 2.02460941 -0.282449755)
(0.493614633 1.98784772 -0.323720327)
(0.343227369 1.91186209 -0.328799543)
(0.110302338 1.87807482 -0.390888171)
(0.175171004 2.05757049 -0.618869062)
(0.106426529 3.5051739 -0.190975585)
(-0.0115157324 3.71103563 0.168666277)
(0.161801737 3.22926448 0.313718479)
(0.334506709 2.75703192 0.336727385)
(0.499260375 2.44417778 0.316540639)
(0.649688766 2.26728872 0.273115736)
(0.774815208 2.17599641 0.215513456)
(0.870513224 2.13019503 0.154321017)
(0.938446731 2.10545253 0.0974860259)
(0.981233191 2.08925154 0.0477009506)
(0.99942052 2.07563963 0.00379533351)
(0.992454931 2.06481178 -0.0353811289)
(0.959477039 2.05428817 -0.0716135414)
(0.897973668 2.04144484 -0.105189107)
(0.805170879 2.0241421 -0.134419756)
(0.679880738 1.99922534 -0.156801723)
(0.522392975 1.9665998 -0.17025196)
(0.352626551 1.89759475 -0.17205432)
(0.136961405 1.90902293 -0.27193515)
(0.196546068 2.08677815 -0.497653803)
(-0.0537553582 3.51667092 0.0314419473)
(-0.236306371 3.52936725 0.176678642)
(0.0390873851 3.37652263 0.194219971)
(0.205136682 3.15927932 0.171433945)
(0.3894621 2.95648392 0.145224953)
(0.565146441 2.79062764 0.114570463)
(0.713008533 2.66233492 0.0798681644)
(0.829161525 2.56339159 0.0464897848)
(0.914484469 2.48273866 0.0193715347)
(0.969715983 2.41212524 4.0373122e-05)
(0.996258372 2.34653258 -0.0124651485)
(0.994514435 2.2830012 -0.0191963194)
(0.96369005 2.22111694 -0.0220832836)
(0.904136866 2.16099174 -0.0223748656)
(0.815263291 2.10503567 -0.0203016834)
(0.695887651 2.05274023 -0.0144040076)
(0.550283744 2.00468958 -0.00783644942)
(0.388091163 1.94060233 -0.0241325751)
(0.221627317 1.99698359 -0.144455157)
(0.235121887 2.12593906 -0.324453364)
(0.0294011263 3.64069216 0.120792693)
(-0.159982856 3.82095746 -0.0996636295)
(0.141054012 3.71051786 -0.135712485)
(0.256075978 3.47125919 -0.104170818)
(0.379454311 3.23096272 -0.0743572359)
(0.512597101 3.01249699 -0.0648353494)
(0.637875409 2.82540692 -0.0685240745)
(0.746752058 2.67428908 -0.0739863178)
(0.834749037 2.5598464 -0.0746876733)
(0.899169988 2.47896304 -0.0689710893)
(0.939928521 2.42626205 -0.0573312725)
(0.958624329 2.39568618 -0.0412746831)
(0.958682419 2.38368603 -0.019627359)
(0.940709938 2.37828375 0.00850868299)
(0.903193375 2.36401791 0.0426673768)
(0.845176248 2.33519674 0.0815757331)
(0.757447622 2.29097635 0.118473665)
(0.638585574 2.23106319 0.131358422)
(0.453300244 2.2024367 0.0720921069)
(0.297099715 2.17189061 -0.057494514)
(0.148833366 3.63176893 0.229587068)
(0.0549338534 3.95187978 -0.0902363237)
(0.127475274 3.54971345 -0.150976221)
(0.118102638 2.85557283 -0.117106385)
(0.197765196 2.34870556 -0.122033176)
(0.340049245 2.05514549 -0.14944655)
(0.489477585 1.89522605 -0.165943483)
(0.616828289 1.80995175 -0.161645338)
(0.70952832 1.76504972 -0.139820591)
(0.763978403 1.74184342 -0.107729321)
(0.78234255 1.73168655 -0.0726486306)
(0.770226526 1.7324605 -0.0404160581)
(0.736258866 1.7486956 -0.0125394707)
(0.695775477 1.79594179 0.0158085058)
(0.661793326 1.87787412 0.0523779138)
(0.638080971 1.97896922 0.102339388)
(0.610554205 2.07888964 0.165718911)
(0.56215276 2.15436034 0.228991649)
(0.416411796 2.1998769 0.259485964)
(0.271660318 2.17343443 0.226948304)
(0.277910455 3.63075066 0.148639731)
(0.0132840712 3.68892508 -0.14966028)
(0.0803140317 2.97537479 -0.114893034)
(0.137920003 2.32214335 -0.178850544)
(0.308900071 1.99881976 -0.285136515)
(0.503792612 1.86328813 -0.343281738)
(0.670851041 1.81882217 -0.342640646)
(0.79398556 1.81330901 -0.299980311)
(0.872417371 1.81820305 -0.233534614)
(0.909214942 1.81796778 -0.156698168)
(0.907210429 1.80419903 -0.0788820428)
(0.868512991 1.7731273 -0.00788027789)
(0.796570627 1.72907877 0.0489476514)
(0.697846738 1.68416833 0.0881983002)
(0.588090785 1.66338961 0.114535617)
(0.492009388 1.69290554 0.144158494)
(0.424718234 1.78724765 0.201769311)
(0.392812096 1.9349015 0.301165619)
(0.294498028 2.09684894 0.422402973)
(0.225133677 2.15061829 0.484616312)
(0.417594055 3.6957168 0.00105431423)
(-0.116002391 3.33865749 -0.122763085)
(0.12956268 2.52454514 -0.20104366)
(0.302947273 2.11079841 -0.382921224)
(0.503954567 1.93582451 -0.507515154)
(0.686058884 1.89319034 -0.534928485)
(0.819334017 1.91393706 -0.487443086)
(0.903943875 1.95367352 -0.398110624)
(0.95072822 1.98845635 -0.290927517)
(0.968328657 2.00803436 -0.179063506)
(0.961064653 2.00932458 -0.0689706787)
(0.928500001 1.99014772 0.0351065735)
(0.865076144 1.94198396 0.126412583)
(0.766454442 1.86255528 0.195458455)
(0.6344051 1.7642832 0.235188162)
(0.487433631 1.68086683 0.251598056)
(0.352180634 1.6612051 0.277461067)
(0.279341076 1.75543869 0.365961448)
(0.18867561 1.97729132 0.54307929)
(0.18711933 2.11822504 0.684016981)
(0.33855756 3.60847123 -0.0250543044)
(-0.208125473 2.90642573 -0.0991351864)
(0.239563254 2.30969672 -0.439361261)
(0.46954948 2.00987088 -0.643879037)
(0.642199943 1.92616962 -0.712103156)
(0.770221223 1.9595697 -0.675745899)
(0.849422978 2.02874842 -0.576878025)
(0.890079787 2.08978256 -0.450405314)
(0.906556057 2.1286881 -0.316954629)
(0.907758005 2.146097 -0.185100066)
(0.896390618 2.14650254 -0.0566833818)
(0.871707691 2.13216976 0.0683237737)
(0.829702162 2.09979996 0.187383686)
(0.761146687 2.0376028 0.291003095)
(0.654861338 1.9339469 0.363554641)
(0.512447482 1.79906008 0.393688142)
(0.349514725 1.68016452 0.398714057)
(0.234488883 1.66413174 0.445064435)
(0.122020274 1.87525974 0.629021347)
(0.162923547 2.0842053 0.822793483)
(0.156689929 3.43164721 -0.015755672)
(0.0203997642 2.7308614 -0.253606223)
(0.351245988 2.16267405 -0.658866053)
(0.577591895 1.9540185 -0.848546825)
(0.697053013 1.97632908 -0.851062986)
(0.760526474 2.07016597 -0.753664719)
(0.7918958 2.15138578 -0.616125569)
(0.803085441 2.1983857 -0.468822564)
(0.803110357 2.21677162 -0.323741467)
(0.796724279 2.21733316 -0.183458054)
(0.784600359 2.20916528 -0.0467114094)
(0.765783975 2.196373 0.0889592185)
(0.737650584 2.17796636 0.225021184)
(0.694258646 2.14329092 0.356720943)
(0.622304871 2.06889467 0.467134571)
(0.510915705 1.93668243 0.530653774)
(0.356994028 1.76824705 0.540334436)
(0.224436682 1.6484873 0.548010339)
(0.0836189238 1.79935417 0.702641307)
(0.148009004 2.05179819 0.921852133)
(0.165809606 3.26901924 -0.0751497525)
(0.16804063 2.4223642 -0.510478778)
(0.438700042 1.99804315 -0.879035064)
(0.613856277 1.96625308 -0.991622639)
(0.673187794 2.07695214 -0.924182755)
(0.68845315 2.17649833 -0.783417027)
(0.693706956 2.2287585 -0.627048651)
(0.69389968 2.24546039 -0.473420195)
(0.689535265 2.24220151 -0.325001479)
(0.68115132 2.22851006 -0.180534685)
(0.668297034 2.21001555 -0.0382973245)
(0.650925701 2.19399704 0.103980989)
(0.628404318 2.18490736 0.249216823)
(0.598923072 2.17664143 0.398092312)
(0.553033098 2.14316139 0.539324492)
(0.476076311 2.04510332 0.641862238)
(0.348813315 1.871254 0.67623194)
(0.22230677 1.68022147 0.665635389)
(0.0602725684 1.74953786 0.779321543)
(0.13765562 2.02234566 1.0024945)
(0.173663906 2.93927376 -0.208583377)
(0.255887622 2.14446586 -0.773991452)
(0.465137298 1.95182825 -1.05442918)
(0.577422534 2.0527 -1.06828907)
(0.595823261 2.17318654 -0.949104456)
(0.592435921 2.2360364 -0.791401623)
(0.592260507 2.25849599 -0.63209982)
(0.591769699 2.26171223 -0.477677009)
(0.587385644 2.25315839 -0.326627377)
(0.578531516 2.2350323 -0.177526911)
(0.564979721 2.20935391 -0.0297675851)
(0.546519809 2.18291835 0.117848572)
(0.523841374 2.16655837 0.268146086)
(0.498879617 2.16672816 0.425438092)
(0.467769275 2.16575429 0.586578262)
(0.418439336 2.11212284 0.723529273)
(0.321334932 1.96144773 0.791602117)
(0.215763421 1.73361773 0.782281453)
(0.0439331055 1.72222132 0.860185637)
(0.12935738 1.99647061 1.07425798)
(0.199488329 2.65471504 -0.390202455)
(0.296526426 2.00304395 -1.00330513)
(0.438551036 1.99982636 -1.16915455)
(0.498803233 2.14235613 -1.10044121)
(0.501267158 2.22556461 -0.957238336)
(0.49871361 2.25990266 -0.798261766)
(0.499793133 2.27764623 -0.63880445)
(0.4986083 2.28387103 -0.481698082)
(0.493240477 2.27611828 -0.326495285)
(0.483885052 2.25562987 -0.172507979)
(0.470720915 2.22565736 -0.0194139864)
(0.452682892 2.18932227 0.133158009)
(0.429597416 2.15702271 0.286823182)
(0.405074302 2.14658659 0.447070014)
(0.380412942 2.15870409 0.618132206)
(0.349884939 2.14356105 0.780273764)
(0.279098164 2.0290208 0.882078845)
(0.201097493 1.79111238 0.88626247)
(0.0297574716 1.71203468 0.939257801)
(0.121927509 1.97448371 1.13801154)
(0.205574303 2.41707219 -0.605775799)
(0.287525127 1.95530308 -1.1829814)
(0.375319097 2.07772499 -1.23115251)
(0.406548521 2.19866764 -1.1143871)
(0.410063635 2.24715269 -0.966153344)
(0.41203352 2.27971613 -0.806520165)
(0.411966378 2.30514266 -0.643352812)
(0.40796079 2.31169429 -0.482184006)
(0.401070539 2.29883418 -0.323421476)
(0.391661902 2.27376086 -0.165817631)
(0.379712912 2.24185519 -0.00846988384)
(0.364132805 2.20266675 0.148615796)
(0.343114793 2.15992016 0.305615407)
(0.319455514 2.13303148 0.466779502)
(0.29732734 2.14166359 0.64097881)
(0.278628457 2.15149363 0.818740109)
(0.227825331 2.07413581 0.949185745)
(0.17856736 1.84285659 0.971909045)
(0.0146407449 1.71325693 1.01079461)
(0.114702563 1.95647408 1.19213298)
(0.191471793 2.23558904 -0.817102007)
(0.248761704 1.97912639 -1.30350132)
(0.297487708 2.14719207 -1.26070804)
(0.318659876 2.22223407 -1.12806898)
(0.326765556 2.26165457 -0.97795231)
(0.329058829 2.30593608 -0.812010825)
(0.325656107 2.33318449 -0.64346268)
(0.319173572 2.33057578 -0.47963118)
(0.31168023 2.30870382 -0.31889054)
(0.302731551 2.28011029 -0.158815051)
(0.291860491 2.24853755 0.00158318333)
(0.278761384 2.21183544 0.162388358)
(0.261294385 2.16720428 0.322884266)
(0.240316695 2.12808776 0.484897654)
(0.219973552 2.12562189 0.658781329)
(0.208940956 2.14726287 0.844520128)
(0.171928295 2.10128149 0.996731587)
(0.150102166 1.88446742 1.03757526)
(-0.0031897225 1.72064118 1.07118999)
(0.107134447 1.94254132 1.23526718)
(0.163879669 2.10282784 -1.00469001)
(0.196689801 2.03975531 -1.37339891)
(0.220635399 2.18812953 -1.2778689)
(0.24060941 2.22993962 -1.14488684)
(0.249162841 2.28029423 -0.987612548)
(0.248634007 2.33255515 -0.812644521)
(0.242477725 2.35223292 -0.640440737)
(0.234813724 2.33712287 -0.475954902)
(0.227373399 2.30925732 -0.313982245)
(0.218764274 2.28127995 -0.151723953)
(0.208507343 2.25160619 0.0108827146)
(0.196945047 2.21724981 0.174186463)
(0.182779879 2.17400019 0.337594606)
(0.165593874 2.12835335 0.500637658)
(0.147518304 2.11419497 0.67282094)
(0.14243414 2.13867532 0.861305024)
(0.113724718 2.1158907 1.02880792)
(0.117919054 1.91479646 1.0835009)
(-0.0243296791 1.73093166 1.11943065)
(0.0985468741 1.93193564 1.26533654)
(0.13099256 2.0091708 -1.15700161)
(0.142692091 2.11012328 -1.40534502)
(0.152610065 2.2024404 -1.29294639)
(0.171214716 2.2362444 -1.16055328)
(0.175687853 2.30101812 -0.991899939)
(0.172150527 2.35260859 -0.809382169)
(0.164256669 2.36180121 -0.6358417)
(0.155632494 2.33731464 -0.471641378)
(0.148018669 2.30885811 -0.30838029)
(0.13945161 2.28491731 -0.144034012)
(0.129526896 2.25729351 0.0203752681)
(0.118633956 2.22239245 0.184887889)
(0.106912059 2.17939005 0.349866552)
(0.0936338156 2.13055939 0.5134407)
(0.0784621072 2.10729363 0.68351837)
(0.0791491986 2.13020886 0.870820048)
(0.0539909063 2.12237389 1.04913804)
(0.083926046 1.93401402 1.11077148)
(-0.0500569348 1.73850735 1.15211308)
(0.0875805692 1.92703872 1.2825138)
(0.0985175457 1.94554006 -1.26986552)
(0.0922250556 2.17160538 -1.41298643)
(0.0948804998 2.20102133 -1.3072232)
(0.108132316 2.24556789 -1.1703482)
(0.106382359 2.31844669 -0.990392474)
(0.100491354 2.36477884 -0.803196493)
(0.0907702054 2.36614133 -0.62951029)
(0.0804530135 2.33682008 -0.465685926)
(0.0720043352 2.31104203 -0.301129895)
(0.063192875 2.29179928 -0.135077217)
(0.0537999999 2.26543625 0.0299190895)
(0.0429479021 2.22776016 0.194884257)
(0.0328204606 2.1834036 0.36024069)
(0.0234786719 2.13285406 0.523370268)
(0.010246032 2.1034509 0.690849227)
(0.019677244 2.12352275 0.874585082)
(-0.00876532466 2.12505652 1.05777062)
(0.0491031462 1.94300811 1.1247954)
(-0.0803933173 1.75481627 1.17422642)
(0.0722424471 1.91620982 1.27837436)
(0.069162532 1.90490025 -1.343605)
(0.0469472188 2.21345661 -1.40692977)
(0.0453741112 2.19452142 -1.31662749)
(0.0498365377 2.25608445 -1.17194626)
(0.0414249087 2.32979367 -0.98368541)
(0.0330556047 2.37083146 -0.793974555)
(0.0207614272 2.36854326 -0.620319982)
(0.00781246798 2.33782839 -0.456668635)
(-0.00239181533 2.31468475 -0.291440056)
(-0.0117720277 2.29811963 -0.124258103)
(-0.0212820132 2.27126927 0.0409005504)
(-0.0318043593 2.23129896 0.205096496)
(-0.0403570961 2.18518014 0.369166306)
(-0.0466436549 2.13396527 0.530579704)
(-0.0568521142 2.10289571 0.695118353)
(-0.0424148481 2.12096306 0.875272924)
(-0.0680242025 2.12212791 1.05363063)
(0.00847919114 1.94150076 1.1279341)
(-0.115420078 1.79493817 1.19295265)
(0.0525770358 1.88583612 1.24301913)
(0.0445296832 1.88197833 -1.38137951)
(0.00734817613 2.23119883 -1.39355502)
(0.000598575076 2.18906422 -1.31616388)
(-0.00491026759 2.26446814 -1.16492721)
(-0.0197708858 2.33502373 -0.972074113)
(-0.0315106781 2.37237174 -0.781077734)
(-0.0469587968 2.37016262 -0.607325621)
(-0.0634628801 2.34030635 -0.444061816)
(-0.0765072905 2.31722909 -0.279351816)
(-0.0869407473 2.29995778 -0.112292642)
(-0.0970152349 2.27212521 0.0529004089)
(-0.106809581 2.23171924 0.215450465)
(-0.113656178 2.18377882 0.376622338)
(-0.118058934 2.1336247 0.535195969)
(-0.123723698 2.10615789 0.696990546)
(-0.10954979 2.12292773 0.873363131)
(-0.123070014 2.11108645 1.03938074)
(-0.0427054753 1.93392385 1.11895649)
(-0.154962283 1.85805876 1.20865182)
(0.0273620061 1.82886186 1.1723272)
(0.0261214086 1.87141713 -1.3872562)
(-0.025857958 2.22718556 -1.37501921)
(-0.0430415045 2.18574675 -1.30320046)
(-0.0576806565 2.26861692 -1.14930962)
(-0.0786294935 2.33517542 -0.955282174)
(-0.0946558827 2.3699718 -0.763836818)
(-0.11357052 2.37097683 -0.589793111)
(-0.134019936 2.34269255 -0.427319649)
(-0.150549222 2.31681405 -0.264150382)
(-0.16276574 2.29726634 -0.0987479949)
(-0.173412126 2.26857716 0.0648240602)
(-0.182474194 2.22740221 0.225100567)
(-0.187996577 2.17893999 0.382602789)
(-0.191126537 2.13351924 0.537964404)
(-0.192592648 2.11426714 0.69758593)
(-0.180698589 2.12603731 0.867782419)
(-0.177367959 2.08918644 1.01650202)
(-0.108200124 1.93026619 1.10422513)
(-0.197497437 1.93566741 1.21461839)
(-0.00394776417 1.73618607 1.06365339)
(0.0134850141 1.86374305 -1.36647634)
(-0.0536959254 2.21424253 -1.34788062)
(-0.0871244511 2.18004583 -1.27741883)
(-0.109759391 2.26910244 -1.12496097)
(-0.137283644 2.33119286 -0.932655355)
(-0.157748741 2.36300743 -0.741964388)
(-0.179840704 2.36937161 -0.567527521)
(-0.203957608 2.34477733 -0.405871724)
(-0.224460592 2.31465913 -0.245425178)
(-0.239224307 2.28975651 -0.0831915254)
(-0.250575207 2.25924427 0.0773472353)
(-0.259173742 2.21835897 0.234252754)
(-0.264087678 2.17346429 0.387920008)
(-0.266374225 2.13780513 0.540457868)
(-0.264975286 2.12621219 0.697288447)
(-0.253408039 2.12216954 0.856743206)
(-0.236197472 2.05724262 0.989300203)
(-0.189751161 1.94591241 1.09268838)
(-0.241293588 2.0094324 1.19816994)
(-0.0394691717 1.59544802 0.915692531)
(0.00217514083 1.84883174 -1.32600395)
(-0.0794648831 2.20196833 -1.30480709)
(-0.131168156 2.17108575 -1.23882233)
(-0.162759523 2.26564129 -1.09185586)
(-0.197071445 2.32369678 -0.904038983)
(-0.222255733 2.35054082 -0.715660609)
(-0.246873532 2.36258269 -0.541050613)
(-0.273547906 2.34561081 -0.379967764)
(-0.297705931 2.31357435 -0.22281808)
(-0.315614764 2.28197145 -0.0651200536)
(-0.328338128 2.2489736 0.0911461449)
(-0.337221146 2.2110654 0.244054649)
(-0.342228784 2.17418155 0.394106405)
(-0.343721731 2.14822985 0.543540386)
(-0.339731945 2.13344878 0.694581618)
(-0.326719904 2.10236406 0.840824194)
(-0.306828537 2.02802486 0.967087222)
(-0.283683576 1.99348352 1.08674088)
(-0.282393773 2.04706723 1.14283028)
(-0.0734096608 1.38968051 0.730528964)
(-0.00920892247 1.82962172 -1.26613061)
(-0.10450521 2.18800192 -1.24511861)
(-0.175872174 2.15747882 -1.18665072)
(-0.217743772 2.25761019 -1.04914531)
(-0.259382331 2.31393406 -0.868900453)
(-0.289782582 2.33271735 -0.685131563)
(-0.316432636 2.34695046 -0.511459885)
(-0.343952359 2.3409088 -0.350756907)
(-0.370177243 2.31432869 -0.196622611)
(-0.391010155 2.28077852 -0.0439579168)
(-0.405777578 2.24693358 0.107228351)
(-0.415697056 2.21274062 0.255610489)
(-0.42097232 2.18132851 0.401438059)
(-0.421376363 2.15395309 0.545803988)
(-0.415778185 2.12136069 0.688746459)
(-0.405174702 2.07031318 0.82678623)
(-0.394075684 2.0271493 0.958211411)
(-0.377104058 2.06138219 1.073398)
(-0.312387459 2.00079152 1.03309215)
(-0.0960271507 1.10117825 0.517783622)
(-0.0210621014 1.8046279 -1.18759033)
(-0.129055587 2.1726386 -1.16737427)
(-0.221628626 2.13771211 -1.11958642)
(-0.275499817 2.24315873 -0.995778497)
(-0.325223191 2.30316935 -0.826371626)
(-0.361803304 2.3122515 -0.650127967)
(-0.390850245 2.3207133 -0.479700285)
(-0.417967517 2.32244461 -0.320045125)
(-0.443815183 2.30731047 -0.168349871)
(-0.465804623 2.27940321 -0.0203764037)
(-0.482269199 2.24627521 0.125260299)
(-0.493448305 2.21168411 0.268255055)
(-0.499490896 2.17551478 0.408648239)
(-0.500769681 2.13534363 0.547257823)
(-0.498656515 2.09015926 0.68540497)
(-0.496329935 2.05695206 0.824136078)
(-0.489664982 2.07526689 0.956797689)
(-0.447783861 2.10525403 1.02741518)
(-0.319340256 1.81287908 0.864489329)
(-0.0975046515 0.69324424 0.297270852)
(-0.0335694955 1.77246938 -1.09050244)
(-0.152595404 2.1558025 -1.0710217)
(-0.267856216 2.11037343 -1.03610055)
(-0.336029312 2.21833674 -0.930332335)
(-0.394855579 2.290925 -0.775144972)
(-0.438988733 2.29464094 -0.609512571)
(-0.472023094 2.28928448 -0.445511176)
(-0.499395062 2.28621948 -0.288962584)
(-0.523657626 2.27637089 -0.139949951)
(-0.544858082 2.25417149 0.00388692203)
(-0.562190468 2.22159765 0.144268621)
(-0.575168609 2.1837378 0.282074949)
(-0.584412283 2.14245117 0.418154732)
(-0.591066954 2.1036748 0.554406208)
(-0.595988787 2.0828665 0.692803833)
(-0.594830591 2.10085537 0.829458279)
(-0.566461591 2.13392702 0.935309688)
(-0.471801093 2.0046062 0.921018996)
(-0.288187694 1.35939315 0.642485187)
(-0.0545534574 0.113995861 0.094216969)
(-0.0468314766 1.73053566 -0.975861781)
(-0.173753268 2.13777281 -0.956123249)
(-0.312409961 2.07525424 -0.934588214)
(-0.397865354 2.17665279 -0.851034624)
(-0.467140269 2.27138686 -0.713593174)
(-0.52032019 2.28372307 -0.561407465)
(-0.559625396 2.26700671 -0.406959207)
(-0.590005852 2.24812172 -0.256268198)
(-0.614671006 2.22954148 -0.111100233)
(-0.63581851 2.20633747 0.0292236477)
(-0.654390536 2.17755322 0.166151353)
(-0.670637029 2.14650305 0.301268738)
(-0.68497572 2.12176537 0.43615223)
(-0.696289682 2.1153313 0.571661067)
(-0.698153379 2.13512735 0.704164329)
(-0.673214043 2.15670687 0.815956935)
(-0.592673224 2.07503555 0.859093671)
(-0.433696338 1.69513203 0.748020011)
(-0.205243531 0.908472793 0.414671535)
(0.0402189419 0.153526127 -0.0112387837)
(-0.0609415625 1.67468981 -0.845699566)
(-0.190325592 2.118219 -0.824155876)
(-0.350799959 2.03555167 -0.813637299)
(-0.457071824 2.11078381 -0.755641378)
(-0.538673131 2.22992125 -0.639798321)
(-0.602323727 2.27098551 -0.503741368)
(-0.649784668 2.26328861 -0.361332172)
(-0.686038232 2.23848055 -0.218771908)
(-0.714529816 2.21249722 -0.0786189178)
(-0.738414718 2.19018344 0.0587103012)
(-0.759486845 2.17218492 0.194012911)
(-0.77824427 2.16161459 0.328121237)
(-0.792720058 2.16401833 0.460586678)
(-0.795824276 2.17638369 0.586749204)
(-0.771669246 2.17102307 0.692969531)
(-0.696180404 2.0757404 0.749988897)
(-0.548673614 1.77845237 0.70877348)
(-0.33240343 1.21172655 0.516889934)
(-0.0884610115 0.569188881 0.191827213)
(0.0711795794 0.557312044 -0.0360525204)
(-0.0761748771 1.5985877 -0.702247037)
(-0.200064843 2.09324538 -0.678819565)
(-0.375820361 2.00066248 -0.673161985)
(-0.506005012 2.0187768 -0.641871049)
(-0.602306538 2.14520568 -0.551565397)
(-0.677851078 2.22556128 -0.434520815)
(-0.73451787 2.25316465 -0.306316266)
(-0.777769979 2.24996722 -0.17375934)
(-0.811282617 2.23641749 -0.0399381874)
(-0.83810826 2.22351663 0.0937055569)
(-0.858934051 2.21387578 0.226069535)
(-0.872741825 2.20696055 0.355298125)
(-0.873513386 2.19176197 0.475693507)
(-0.848319387 2.1402277 0.574751601)
(-0.776693498 2.00258386 0.630601821)
(-0.638472271 1.72178051 0.612814013)
(-0.431280684 1.28588821 0.491283469)
(-0.186551719 0.818567876 0.265333008)
(0.0217816126 0.622885163 0.02423586)
(0.0466199537 0.583098586 -0.0189785473)
(-0.0936616795 1.49385144 -0.546846341)
(-0.203741265 2.04747103 -0.527923814)
(-0.379011051 1.9859762 -0.517628915)
(-0.532271152 1.91538745 -0.50965398)
(-0.644717221 2.00463524 -0.447472677)
(-0.732940263 2.10332331 -0.352463779)
(-0.798761879 2.1683353 -0.240924676)
(-0.847767215 2.19762653 -0.120876118)
(-0.883056491 2.20243249 0.0035020965)
(-0.906415341 2.18977481 0.129177931)
(-0.917251974 2.16178361 0.251975118)
(-0.911856386 2.10715864 0.365570173)
(-0.881637578 2.00380834 0.458128602)
(-0.812735898 1.82252082 0.511220301)
(-0.688769202 1.54438488 0.50142742)
(-0.502404118 1.19634741 0.409579205)
(-0.27266362 0.885347135 0.240632829)
(-0.0553158304 0.762653109 0.0531351907)
(0.0314493446 0.784607812 -0.0185910921)
(0.0322435688 0.602210354 0.0165760676)
(-0.115326501 1.35425556 -0.382657348)
(-0.209636547 1.93839971 -0.386803399)
(-0.355846626 1.99889936 -0.360755982)
(-0.51993082 1.84099695 -0.36525198)
(-0.64514799 1.83469429 -0.329957305)
(-0.743695949 1.89143298 -0.259941661)
(-0.815457812 1.95263803 -0.169180016)
(-0.864547792 1.98821756 -0.066609405)
(-0.893062008 1.9891142 0.0417952855)
(-0.901659004 1.95512368 0.15060233)
(-0.889211152 1.8815436 0.252921632)
(-0.851153353 1.75714115 0.337978906)
(-0.781254176 1.57298386 0.390541276)
(-0.672614423 1.33717772 0.392400312)
(-0.52104065 1.09778093 0.32746859)
(-0.332952704 0.951282988 0.195098671)
(-0.138921654 0.971415837 0.0355805237)
(-0.00447187418 0.991538534 -0.0599593847)
(0.016834999 0.744313856 -0.0386198028)
(0.0253606091 0.580209042 0.0335934651)
(-0.136232238 1.19799414 -0.222069383)
(-0.228294056 1.67745773 -0.277259208)
(-0.313114722 1.98801682 -0.225906103)
(-0.458056808 1.83765118 -0.223730861)
(-0.582467493 1.71992224 -0.208505881)
(-0.682535862 1.67159186 -0.165337935)
(-0.752960346 1.65874437 -0.101162775)
(-0.79360604 1.65279964 -0.0237728725)
(-0.805474471 1.62617047 0.0601322587)
(-0.789869946 1.56546497 0.142952074)
(-0.746315012 1.46435253 0.216330437)
(-0.673836471 1.32505277 0.26842798)
(-0.572915186 1.16590666 0.28531839)
(-0.447939346 1.03462386 0.254621394)
(-0.306585578 1.00996603 0.16991267)
(-0.151407056 1.15408926 0.0359235821)
(0.00308953314 1.33879586 -0.0935698141)
(0.0187991649 0.952675541 -0.111304877)
(0.0155987558 0.636687027 -0.0411702486)
(0.0207809303 0.534350547 0.0468134167)
(-0.104698901 1.17574815 -0.0779502067)
(-0.233714111 1.1467334 -0.197908522)
(-0.261444599 1.73092208 -0.131890862)
(-0.35938698 1.81506013 -0.105500507)
(-0.456902603 1.70271747 -0.0994479168)
(-0.539031448 1.59616081 -0.080737565)
(-0.593035342 1.49275035 -0.0454244316)
(-0.615641294 1.41225561 0.0015800476)
(-0.607782964 1.34891987 0.0532225405)
(-0.566515671 1.26967947 0.104071182)
(-0.494712999 1.17628522 0.146751394)
(-0.396767804 1.07521195 0.171673201)
(-0.279987106 0.987002 0.167531947)
(-0.158150515 0.947270755 0.124495663)
(-0.0561875933 1.01017748 0.0405178261)
(0.0778455858 1.32006363 -0.0657148436)
(0.0949843008 1.25119596 -0.121867304)
(0.0217661929 0.707926963 -0.091696865)
(-0.0169963117 0.434581788 -0.0236047098)
(0.00234103858 0.468725069 0.0605181389)
(0.26636153 2.21804813 0.149265718)
(-0.113384473 0.408562473 -0.0579520269)
(-0.149382131 0.808720593 -0.0589214431)
(-0.23729089 1.21395851 -0.0258365027)
(-0.287439776 1.31719093 -0.0215786196)
(-0.335697316 1.37895673 -0.0200772634)
(-0.368003531 1.39740656 -0.0129446775)
(-0.373175135 1.37210545 -2.640337e-05)
(-0.34259916 1.3113271 0.0155249538)
(-0.278247381 1.25389011 0.0327059752)
(-0.185617395 1.19670321 0.0484547064)
(-0.0751310451 1.14517474 0.0590310162)
(0.0381909456 1.10575809 0.0610881378)
(0.130745334 1.08806351 0.0475005219)
(0.198248255 1.12342587 0.00460675947)
(0.183328694 1.01954994 -0.0440970511)
(0.0756721392 0.692355921 -0.0595148169)
(-0.0428185107 0.212977113 -0.0247733525)
(-0.0612956217 0.227381482 0.0210198509)
(-0.0207557264 0.221229251 0.0365531861)
)
;

boundaryField
{
    inner_wall
    {
        type            rotatingWallVelocity;
        origin          (0 0 0);
        axis            (0 0 1);
        omega           table;
        omegaCoeffs
        {
            values          
21
(
(0 261.79939)
(5.975 261.79939)
(6.025 0)
(29.975 0)
(30.025 261.79939)
(35.975 261.79939)
(36.025 0)
(59.975 0)
(60.025 261.79939)
(65.975 261.79939)
(66.025 0)
(89.975 0)
(90.025 261.79939)
(95.975 261.79939)
(96.025 0)
(119.975 0)
(120.025 261.79939)
(125.975 261.79939)
(126.025 0)
(149.975 0)
(150.025 261.79939)
)
;
        }
        value           nonuniform List<vector> 
600
(
(0 3.3216871 -0)
(0 3.3216871 -0)
(0 3.3216871 -0)
(0 3.3216871 0)
(0 3.3216871 -0)
(0 3.3216871 -0)
(0 3.3216871 -0)
(0 3.3216871 -0)
(0 3.3216871 -0)
(0 3.3216871 -0)
(0 3.3216871 -0)
(0 3.3216871 0)
(0 3.3216871 -0)
(0 3.3216871 -0)
(0 3.3216871 -0)
(0 3.3216871 -0)
(0 3.3216871 -0)
(0 3.3216871 -0)
(0 3.3216871 -0)
(0 3.3216871 -0)
(0 3.3216871 0)
(0 3.3216871 -0)
(0 3.3216871 -0)
(0 3.3216871 -0)
(0 3.3216871 -0)
(0 3.3216871 -0)
(0 3.3216871 -0)
(0 3.3216871 -0)
(0 3.3216871 0)
(0 3.3216871 -0)
(0 3.3216871 -0)
(0 3.3216871 -0)
(0 3.3216871 -0)
(0 3.3216871 -0)
(0 3.3216871 -0)
(0 3.3216871 -0)
(0 3.3216871 0)
(0 3.3216871 -0)
(0 3.3216871 -0)
(0 3.3216871 -0)
(0 3.3216871 -0)
(0 3.3216871 -0)
(0 3.3216871 -0)
(0 3.3216871 -0)
(0 3.3216871 -0)
(0 3.3216871 0)
(0 3.3216871 -0)
(0 3.3216871 -0)
(0 3.3216871 -0)
(0 3.3216871 -0)
(0 3.3216871 -0)
(0 3.3216871 -0)
(0 3.3216871 -0)
(0 3.3216871 0)
(0 3.3216871 -0)
(0 3.3216871 -0)
(0 3.3216871 -0)
(0 3.3216871 -0)
(0 3.3216871 -0)
(0 3.3216871 -0)
(0 3.3216871 -0)
(0 3.3216871 0)
(0 3.3216871 -0)
(0 3.3216871 -0)
(0 3.3216871 -0)
(0 3.3216871 -0)
(0 3.3216871 -0)
(0 3.3216871 -0)
(0 3.3216871 -0)
(0 3.3216871 -0)
(0 3.3216871 0)
(0 3.3216871 -0)
(0 3.3216871 -0)
(0 3.3216871 -0)
(0 3.3216871 -0)
(0 3.3216871 -0)
(0 3.3216871 -0)
(0 3.3216871 -0)
(0 3.3216871 0)
(0 3.3216871 -0)
(0 3.3216871 -0)
(0 3.3216871 -0)
(0 3.3216871 -0)
(0 3.3216871 -0)
(0 3.3216871 -0)
(0 3.3216871 -0)
(0 3.3216871 0)
(0 3.3216871 -0)
(0 3.3216871 -0)
(0 3.3216871 -0)
(0 3.3216871 -0)
(0 3.3216871 -0)
(0 3.3216871 -0)
(0 3.3216871 -0)
(0 3.3216871 -0)
(0 3.3216871 0)
(0 3.3216871 -0)
(0 3.3216871 -0)
(0 3.3216871 -0)
(0 3.3216871 -0)
(0 3.3216871 -0)
(0 3.3216871 -0)
(0 3.3216871 -0)
(0 3.3216871 0)
(0 3.3216871 -0)
(0 3.3216871 0)
(0 3.3216871 -0)
(0 3.3216871 -0)
(0 3.3216871 -0)
(0 3.3216871 0)
(0 3.3216871 -0)
(0 3.3216871 -0)
(0 3.3216871 -0)
(0 3.3216871 -0)
(0 3.3216871 0)
(0 3.3216871 -0)
(0 3.3216871 -0)
(0 3.3216871 -0)
(0 3.3216871 0)
(0 3.3216871 -0)
(0 3.3216871 -0)
(0 3.3216871 -0)
(0 3.3216871 0)
(0 3.3216871 -0)
(0 3.3216871 -0)
(0 3.3216871 -0)
(0 3.3216871 0)
(0 3.3216871 -0)
(0 3.3216871 -0)
(0 3.3216871 -0)
(0 3.3216871 0)
(0 3.3216871 -0)
(0 3.3216871 -0)
(0 3.3216871 -0)
(0 3.3216871 0)
(0 3.3216871 -0)
(0 3.3216871 -0)
(0 3.3216871 -0)
(0 3.3216871 -0)
(0 3.3216871 0)
(0 3.3216871 -0)
(0 3.3216871 -0)
(0 3.3216871 -0)
(0 3.3216871 0)
(0 3.3216871 -0)
(0 3.3216871 -0)
(0 3.3216871 -0)
(0 3.3216871 0)
(0 3.3216871 -0)
(0 3.3216871 -0)
(0 3.3216871 -0)
(0 3.3216871 0)
(0 3.3216871 -0)
(0 3.3216871 -0)
(0 3.3216871 -0)
(0 3.3216871 0)
(0 3.3216871 -0)
(0 3.3216871 -0)
(0 3.3216871 -0)
(0 3.3216871 -0)
(0 3.3216871 0)
(0 3.3216871 -0)
(0 3.3216871 -0)
(0 3.3216871 -0)
(0 3.3216871 0)
(0 3.3216871 -0)
(0 3.3216871 -0)
(0 3.3216871 -0)
(0 3.3216871 0)
(0 3.3216871 -0)
(0 3.3216871 -0)
(0 3.3216871 -0)
(0 3.3216871 0)
(0 3.3216871 -0)
(0 3.3216871 -0)
(0 3.3216871 -0)
(0 3.3216871 0)
(0 3.3216871 -0)
(0 3.3216871 -0)
(0 3.3216871 -0)
(0 3.3216871 0)
(0 3.3216871 -0)
(0 3.3216871 -0)
(0 3.3216871 -0)
(0 3.3216871 -0)
(0 3.3216871 0)
(0 3.3216871 -0)
(0 3.3216871 -0)
(0 3.3216871 -0)
(0 3.3216871 0)
(0 3.3216871 -0)
(0 3.3216871 -0)
(0 3.3216871 -0)
(0 3.3216871 0)
(0 3.3216871 -0)
(0 3.3216871 -0)
(0 3.3216871 -0)
(0 3.3216871 0)
(0 3.3216871 -0)
(0 3.3216871 -0)
(0 3.3216871 -0)
(0 3.3216871 -0)
(0 3.3216871 -0)
(0 3.3216871 -0)
(0 3.3216871 -0)
(0 3.3216871 -0)
(0 3.3216871 -0)
(0 3.3216871 -0)
(0 3.3216871 -0)
(0 3.3216871 -0)
(0 3.3216871 -0)
(0 3.3216871 -0)
(0 3.3216871 -0)
(0 3.3216871 -0)
(0 3.3216871 -0)
(0 3.3216871 -0)
(0 3.3216871 -0)
(0 3.3216871 -0)
(0 3.3216871 -0)
(0 3.3216871 -0)
(0 3.3216871 -0)
(0 3.3216871 -0)
(0 3.3216871 -0)
(0 3.3216871 -0)
(0 3.3216871 -0)
(0 3.3216871 -0)
(0 3.3216871 -0)
(0 3.3216871 -0)
(0 3.3216871 -0)
(0 3.3216871 -0)
(0 3.3216871 -0)
(0 3.3216871 -0)
(0 3.3216871 -0)
(0 3.3216871 -0)
(0 3.3216871 -0)
(0 3.3216871 -0)
(0 3.3216871 -0)
(0 3.3216871 -0)
(0 3.3216871 -0)
(0 3.3216871 -0)
(0 3.3216871 -0)
(0 3.3216871 -0)
(0 3.3216871 -0)
(0 3.3216871 -0)
(0 3.3216871 -0)
(0 3.3216871 -0)
(0 3.3216871 -0)
(0 3.3216871 -0)
(0 3.3216871 -0)
(0 3.3216871 -0)
(0 3.3216871 -0)
(0 3.3216871 -0)
(0 3.3216871 -0)
(0 3.3216871 -0)
(0 3.3216871 -0)
(0 3.3216871 -0)
(0 3.3216871 -0)
(0 3.3216871 -0)
(0 3.3216871 -0)
(0 3.3216871 -0)
(0 3.3216871 -0)
(0 3.3216871 -0)
(0 3.3216871 -0)
(0 3.3216871 -0)
(0 3.3216871 -0)
(0 3.3216871 -0)
(0 3.3216871 -0)
(0 3.3216871 -0)
(0 3.3216871 -0)
(0 3.3216871 -0)
(0 3.3216871 -0)
(0 3.3216871 -0)
(0 3.3216871 -0)
(0 3.3216871 -0)
(0 3.3216871 -0)
(0 3.3216871 -0)
(0 3.3216871 -0)
(0 3.3216871 -0)
(0 3.3216871 -0)
(0 3.3216871 -0)
(0 3.3216871 -0)
(0 3.3216871 -0)
(0 3.3216871 0)
(0 3.3216871 -0)
(0 3.3216871 -0)
(0 3.3216871 -0)
(0 3.3216871 -0)
(0 3.3216871 -0)
(0 3.3216871 -0)
(0 3.3216871 -0)
(0 3.3216871 -0)
(0 3.3216871 -0)
(0 3.3216871 -0)
(0 3.3216871 -0)
(0 3.3216871 -0)
(0 3.3216871 0)
(0 3.3216871 -0)
(0 3.3216871 -0)
(0 3.3216871 -0)
(0 3.3216871 -0)
(0 3.3216871 -0)
(0 3.3216871 -0)
(0 3.3216871 -0)
(0 3.3216871 -0)
(0 3.3216871 0)
(0 3.3216871 -0)
(0 3.3216871 -0)
(0 3.3216871 -0)
(0 3.3216871 -0)
(0 3.3216871 -0)
(0 3.3216871 -0)
(0 3.3216871 -0)
(0 3.3216871 -0)
(0 3.3216871 -0)
(0 3.3216871 -0)
(0 3.3216871 -0)
(0 3.3216871 -0)
(0 3.3216871 0)
(0 3.3216871 -0)
(0 3.3216871 -0)
(0 3.3216871 -0)
(0 3.3216871 -0)
(0 3.3216871 -0)
(0 3.3216871 -0)
(0 3.3216871 -0)
(0 3.3216871 -0)
(0 3.3216871 -0)
(0 3.3216871 -0)
(0 3.3216871 -0)
(0 3.3216871 -0)
(0 3.3216871 -0)
(0 3.3216871 -0)
(0 3.3216871 -0)
(0 3.3216871 -0)
(0 3.3216871 -0)
(0 3.3216871 -0)
(0 3.3216871 -0)
(0 3.3216871 -0)
(0 3.3216871 -0)
(0 3.3216871 -0)
(0 3.3216871 -0)
(0 3.3216871 -0)
(0 3.3216871 -0)
(0 3.3216871 -0)
(0 3.3216871 -0)
(0 3.3216871 -0)
(0 3.3216871 -0)
(0 3.3216871 -0)
(0 3.3216871 -0)
(0 3.3216871 -0)
(0 3.3216871 -0)
(0 3.3216871 -0)
(0 3.3216871 -0)
(0 3.3216871 -0)
(0 3.3216871 -0)
(0 3.3216871 -0)
(0 3.3216871 -0)
(0 3.3216871 -0)
(0 3.3216871 -0)
(0 3.3216871 -0)
(0 3.3216871 -0)
(0 3.3216871 -0)
(0 3.3216871 -0)
(0 3.3216871 -0)
(0 3.3216871 -0)
(0 3.3216871 -0)
(0 3.3216871 -0)
(0 3.3216871 -0)
(0 3.3216871 -0)
(0 3.3216871 -0)
(0 3.3216871 -0)
(0 3.3216871 -0)
(0 3.3216871 -0)
(0 3.3216871 -0)
(0 3.3216871 -0)
(0 3.3216871 -0)
(0 3.3216871 -0)
(0 3.3216871 -0)
(0 3.3216871 -0)
(0 3.3216871 -0)
(0 3.3216871 -0)
(0 3.3216871 -0)
(0 3.3216871 -0)
(0 3.3216871 -0)
(0 3.3216871 -0)
(0 3.3216871 -0)
(0 3.3216871 -0)
(0 3.3216871 -0)
(0 3.3216871 -0)
(0 3.3216871 -0)
(0 3.3216871 -0)
(0 3.3216871 -0)
(0 3.3216871 -0)
(0 3.3216871 -0)
(0 3.3216871 -0)
(0 3.3216871 -0)
(0 3.3216871 -0)
(0 3.3216871 -0)
(0 3.3216871 -0)
(0 3.3216871 -0)
(0 3.3216871 -0)
(0 3.3216871 -0)
(0 3.3216871 0)
(0 3.3216871 -0)
(0 3.3216871 -0)
(0 3.3216871 -0)
(0 3.3216871 0)
(0 3.3216871 -0)
(0 3.3216871 -0)
(0 3.3216871 -0)
(0 3.3216871 0)
(0 3.3216871 -0)
(0 3.3216871 -0)
(0 3.3216871 -0)
(0 3.3216871 0)
(0 3.3216871 -0)
(0 3.3216871 -0)
(0 3.3216871 -0)
(0 3.3216871 -0)
(0 3.3216871 0)
(0 3.3216871 -0)
(0 3.3216871 -0)
(0 3.3216871 -0)
(0 3.3216871 0)
(0 3.3216871 -0)
(0 3.3216871 -0)
(0 3.3216871 -0)
(0 3.3216871 0)
(0 3.3216871 -0)
(0 3.3216871 -0)
(0 3.3216871 -0)
(0 3.3216871 0)
(0 3.3216871 -0)
(0 3.3216871 -0)
(0 3.3216871 -0)
(0 3.3216871 0)
(0 3.3216871 -0)
(0 3.3216871 -0)
(0 3.3216871 -0)
(0 3.3216871 0)
(0 3.3216871 -0)
(0 3.3216871 -0)
(0 3.3216871 -0)
(0 3.3216871 -0)
(0 3.3216871 0)
(0 3.3216871 -0)
(0 3.3216871 -0)
(0 3.3216871 -0)
(0 3.3216871 0)
(0 3.3216871 -0)
(0 3.3216871 -0)
(0 3.3216871 -0)
(0 3.3216871 0)
(0 3.3216871 -0)
(0 3.3216871 -0)
(0 3.3216871 -0)
(0 3.3216871 0)
(0 3.3216871 -0)
(0 3.3216871 -0)
(0 3.3216871 -0)
(0 3.3216871 0)
(0 3.3216871 -0)
(0 3.3216871 -0)
(0 3.3216871 -0)
(0 3.3216871 -0)
(0 3.3216871 0)
(0 3.3216871 -0)
(0 3.3216871 -0)
(0 3.3216871 -0)
(0 3.3216871 0)
(0 3.3216871 -0)
(0 3.3216871 -0)
(0 3.3216871 -0)
(0 3.3216871 0)
(0 3.3216871 -0)
(0 3.3216871 -0)
(0 3.3216871 -0)
(0 3.3216871 0)
(0 3.3216871 -0)
(0 3.3216871 -0)
(0 3.3216871 -0)
(0 3.3216871 0)
(0 3.3216871 -0)
(0 3.3216871 -0)
(0 3.3216871 -0)
(0 3.3216871 0)
(0 3.3216871 -0)
(0 3.3216871 -0)
(0 3.3216871 -0)
(0 3.3216871 -0)
(0 3.3216871 0)
(0 3.3216871 -0)
(0 3.3216871 -0)
(0 3.3216871 -0)
(0 3.3216871 0)
(0 3.3216871 -0)
(0 3.3216871 0)
(0 3.3216871 -0)
(0 3.3216871 -0)
(0 3.3216871 -0)
(0 3.3216871 -0)
(0 3.3216871 -0)
(0 3.3216871 -0)
(0 3.3216871 -0)
(0 3.3216871 0)
(0 3.3216871 -0)
(0 3.3216871 -0)
(0 3.3216871 -0)
(0 3.3216871 -0)
(0 3.3216871 -0)
(0 3.3216871 -0)
(0 3.3216871 -0)
(0 3.3216871 -0)
(0 3.3216871 0)
(0 3.3216871 -0)
(0 3.3216871 -0)
(0 3.3216871 -0)
(0 3.3216871 -0)
(0 3.3216871 -0)
(0 3.3216871 -0)
(0 3.3216871 -0)
(0 3.3216871 0)
(0 3.3216871 -0)
(0 3.3216871 -0)
(0 3.3216871 -0)
(0 3.3216871 -0)
(0 3.3216871 -0)
(0 3.3216871 -0)
(0 3.3216871 -0)
(0 3.3216871 0)
(0 3.3216871 -0)
(0 3.3216871 -0)
(0 3.3216871 -0)
(0 3.3216871 -0)
(0 3.3216871 -0)
(0 3.3216871 -0)
(0 3.3216871 -0)
(0 3.3216871 -0)
(0 3.3216871 0)
(0 3.3216871 -0)
(0 3.3216871 -0)
(0 3.3216871 -0)
(0 3.3216871 -0)
(0 3.3216871 -0)
(0 3.3216871 -0)
(0 3.3216871 -0)
(0 3.3216871 0)
(0 3.3216871 -0)
(0 3.3216871 -0)
(0 3.3216871 -0)
(0 3.3216871 -0)
(0 3.3216871 -0)
(0 3.3216871 -0)
(0 3.3216871 -0)
(0 3.3216871 0)
(0 3.3216871 -0)
(0 3.3216871 -0)
(0 3.3216871 -0)
(0 3.3216871 -0)
(0 3.3216871 -0)
(0 3.3216871 -0)
(0 3.3216871 -0)
(0 3.3216871 -0)
(0 3.3216871 0)
(0 3.3216871 -0)
(0 3.3216871 -0)
(0 3.3216871 -0)
(0 3.3216871 -0)
(0 3.3216871 -0)
(0 3.3216871 -0)
(0 3.3216871 -0)
(0 3.3216871 0)
(0 3.3216871 -0)
(0 3.3216871 -0)
(0 3.3216871 -0)
(0 3.3216871 -0)
(0 3.3216871 -0)
(0 3.3216871 -0)
(0 3.3216871 -0)
(0 3.3216871 0)
(0 3.3216871 -0)
(0 3.3216871 -0)
(0 3.3216871 -0)
(0 3.3216871 -0)
(0 3.3216871 -0)
(0 3.3216871 -0)
(0 3.3216871 -0)
(0 3.3216871 -0)
(0 3.3216871 0)
(0 3.3216871 -0)
(0 3.3216871 -0)
(0 3.3216871 -0)
(0 3.3216871 -0)
(0 3.3216871 -0)
(0 3.3216871 -0)
(0 3.3216871 -0)
(0 3.3216871 0)
(0 3.3216871 -0)
(0 3.3216871 -0)
(0 3.3216871 -0)
)
;
    }
    outer_wall
    {
        type            rotatingWallVelocity;
        origin          (0 0 0);
        axis            (0 0 1);
        omega           constant 0;
        value           uniform (0 0 -0);
    }
    top
    {
        type            fixedValue;
        value           uniform (0 0 -0.001462);
    }
    bottom
    {
        type            inletOutlet;
        inletValue      uniform (0 0 0);
        value           nonuniform List<vector> 
20
(
(0 0 0)
(0 0 0)
(0 0 0)
(0 0 0)
(0 0 0)
(0 0 0)
(0 0 0)
(0 0 0)
(0 0 0)
(0 0 0)
(0 0 0)
(0 0 0)
(0 0 0)
(0 0 0)
(0 0 0)
(0 0 0)
(0 0 0)
(0.0175631022 0.271553044 -0.161067442)
(0.0142387052 0.496412873 -0.376147915)
(0.0337699468 0.681137967 -0.467682598)
)
;
    }
    front
    {
        type            wedge;
    }
    back
    {
        type            wedge;
    }
}


// ************************************************************************* //
