time_s,omega_meas_rad_s,Mz_wedge_Nm,P_visc_full_W
0.1,31.4159,5.6967872e-05,0.12885818
0.2,31.4159,4.4855418e-05,0.10146048
0.3,31.4159,4.0905792e-05,0.092526644
0.4,31.4159,3.9724516e-05,0.089854664
0.5,31.4159,4.1732062e-05,0.094395621
0.6,31.4159,6.6730485e-05,0.15094067
0.7,31.4159,6.9845432e-05,0.15798651
0.8,31.4159,6.8400502e-05,0.15471816
0.9,31.4159,6.9330933e-05,0.15682274
1,31.4159,6.930855e-05,0.15677211
1.1,31.4159,6.9315841e-05,0.15678861
1.2,31.4159,6.9289957e-05,0.15673006
1.3,31.4159,6.9208155e-05,0.15654503
1.4,31.4159,6.919629e-05,0.15651819
1.5,31.4159,6.921369e-05,0.15655755
1.6,31.4159,6.9186117e-05,0.15649518
1.7,31.4159,6.9160884e-05,0.1564381
1.8,31.4159,6.9184463e-05,0.15649144
1.9,31.4159,6.9133476e-05,0.15637611
2,31.4159,6.9168286e-05,0.15645485
2.1,31.4159,6.9133921e-05,0.15637711
2.2,31.4159,6.9142657e-05,0.15639687
2.3,31.4159,6.9114243e-05,0.1563326
2.4,31.4159,6.9098047e-05,0.15629597
2.5,31.4159,6.9139705e-05,0.1563902
2.6,31.4159,6.9106882e-05,0.15631595
2.7,31.4159,6.9089259e-05,0.15627609
2.8,31.4159,6.9085805e-05,0.15626828
2.9,31.4159,6.9044255e-05,0.15617429
3,31.4159,6.9077451e-05,0.15624938
3.1,31.4159,6.9033114e-05,0.15614909
3.2,31.4159,6.9016484e-05,0.15611148
3.3,31.4159,6.9037671e-05,0.1561594
3.4,31.4159,6.8999853e-05,0.15607386
3.5,31.4159,6.8995583e-05,0.1560642
3.6,31.4159,6.8958086e-05,0.15597938
3.7,31.4159,6.8976304e-05,0.15602059
3.8,31.4159,6.8917997e-05,0.1558887
3.9,31.4159,6.894633e-05,0.15595279
4,31.4159,6.887235e-05,0.15578545
4.1,31.4159,6.8865134e-05,0.15576913
4.2,31.4159,6.8889625e-05,0.15582453
4.3,31.4159,6.8837744e-05,0.15570718
4.4,31.4159,6.8844055e-05,0.15572145
4.5,31.4159,6.8807226e-05,0.15563815
4.6,31.4159,6.8813951e-05,0.15565336
4.7,31.4159,6.8775037e-05,0.15556534
4.8,31.4159,6.8729029e-05,0.15546127
4.9,31.4159,6.8682818e-05,0.15535674
5,31.4159,6.8620448e-05,0.15521567
5.1,31.4159,6.8633957e-05,0.15524622
5.2,31.4159,6.8351114e-05,0.15460645
5.3,31.4159,6.8319193e-05,0.15453424
5.4,31.4159,6.8349015e-05,0.1546017
5.5,31.4159,6.838121e-05,0.15467452
5.6,31.4159,6.8446564e-05,0.15482235
5.7,31.4159,6.8442151e-05,0.15481237
5.8,31.4159,6.8434385e-05,0.1547948
5.9,31.4159,6.8450213e-05,0.1548306
6,31.4159,6.8503096e-05,0.15495022
6.1,31.4159,6.846624e-05,0.15486685
6.2,31.4159,6.8485687e-05,0.15491084
6.3,31.4159,6.8491674e-05,0.15492439
6.4,31.4159,6.845828e-05,0.15484885
6.5,31.4159,6.8506057e-05,0.15495692
6.6,31.4159,6.8458265e-05,0.15484882
6.7,31.4159,6.8458317e-05,0.15484893
6.8,31.4159,6.8490087e-05,0.1549208
6.9,31.4159,6.8443334e-05,0.15481504
7,31.4159,6.8427035e-05,0.15477818
7.1,31.4159,6.8434758e-05,0.15479564
7.2,31.4159,6.8440771e-05,0.15480925
7.3,31.4159,6.8442174e-05,0.15481242
7.4,31.4159,6.8396938e-05,0.1547101
7.5,31.4159,6.8413403e-05,0.15474734
7.6,31.4159,6.8371738e-05,0.1546531
7.7,31.4159,6.8389967e-05,0.15469433
7.8,31.4159,6.8361078e-05,0.15462899
7.9,31.4159,6.8346006e-05,0.15459489
8,31.4159,6.8345168e-05,0.154593
8.1,31.4159,6.8307923e-05,0.15450875
8.2,31.4159,6.8329774e-05,0.15455818
8.3,31.4159,6.8269513e-05,0.15442187
8.4,31.4159,6.8289055e-05,0.15446607
8.5,31.4159,6.8231211e-05,0.15433523
8.6,31.4159,6.8257422e-05,0.15439452
8.7,31.4159,6.8200307e-05,0.15426533
8.8,31.4159,6.821401e-05,0.15429632
8.9,31.4159,6.8159391e-05,0.15417278
9,31.4159,6.8143218e-05,0.1541362
9.1,31.4159,6.8145049e-05,0.15414034
9.2,31.4159,6.8095943e-05,0.15402926
9.3,31.4159,6.812396e-05,0.15409264
9.4,31.4159,6.8072913e-05,0.15397717
9.5,31.4159,6.8049352e-05,0.15392388
9.6,31.4159,6.804807e-05,0.15392098
9.7,31.4159,6.7992112e-05,0.1537944
9.8,31.4159,6.8000974e-05,0.15381445
9.9,31.4159,6.7937898e-05,0.15367178
10,31.4159,6.7881565e-05,0.15354435
10.1,31.4159,6.7846161e-05,0.15346427
10.2,31.4159,6.7818608e-05,0.15340195
10.3,31.4159,6.7430155e-05,0.15252329
10.4,31.4159,6.7425882e-05,0.15251362
10.5,31.4159,6.7749771e-05,0.15324624
10.6,31.4159,6.7599608e-05,0.15290658
10.7,31.4159,6.7715864e-05,0.15316955
10.8,31.4159,6.7687078e-05,0.15310444
10.9,31.4159,6.7668855e-05,0.15306321
11,31.4159,6.7694908e-05,0.15312215
11.1,31.4159,6.7728418e-05,0.15319794
11.2,31.4159,6.7702609e-05,0.15313957
11.3,31.4159,6.7697321e-05,0.1531276
11.4,31.4159,6.7716684e-05,0.1531714
11.5,31.4159,6.7724132e-05,0.15318825
11.6,31.4159,6.7692538e-05,0.15311679
11.7,31.4159,6.7711942e-05,0.15316068
11.8,31.4159,6.7706315e-05,0.15314795
11.9,31.4159,6.7679818e-05,0.15308801
12,31.4159,6.7701678e-05,0.15313746
12.1,31.4159,6.767219e-05,0.15307076
12.2,31.4159,6.7635447e-05,0.15298765
12.3,31.4159,6.7635522e-05,0.15298782
12.4,31.4159,6.7666455e-05,0.15305779
12.5,31.4159,6.7621384e-05,0.15295584
12.6,31.4159,6.7618769e-05,0.15294992
12.7,31.4159,6.7596085e-05,0.15289861
12.8,31.4159,6.7582594e-05,0.1528681
12.9,31.4159,6.7567507e-05,0.15283397
13,31.4159,6.7530312e-05,0.15274984
13.1,31.4159,6.7559532e-05,0.15281593
13.2,31.4159,6.7498753e-05,0.15267845
13.3,31.4159,6.747607e-05,0.15262714
13.4,31.4159,6.7490603e-05,0.15266002
13.5,31.4159,6.7438441e-05,0.15254203
13.6,31.4159,6.7450644e-05,0.15256963
13.7,31.4159,6.7400447e-05,0.15245609
13.8,31.4159,6.7404744e-05,0.15246581
13.9,31.4159,6.7353942e-05,0.1523509
14,31.4159,6.7362076e-05,0.1523693
14.1,31.4159,6.7320204e-05,0.15227459
14.2,31.4159,6.7324227e-05,0.15228368
14.3,31.4159,6.7275385e-05,0.15217321
14.4,31.4159,6.727939e-05,0.15218227
14.5,31.4159,6.7222968e-05,0.15205464
14.6,31.4159,6.7226171e-05,0.15206189
14.7,31.4159,6.7155292e-05,0.15190156
14.8,31.4159,6.7131947e-05,0.15184876
14.9,31.4159,6.7106446e-05,0.15179108
15,31.4159,6.7025836e-05,0.15160874
15.1,31.4159,6.6873327e-05,0.15126377
15.2,31.4159,6.6716592e-05,0.15090925
15.3,31.4159,6.6569691e-05,0.15057697
15.4,31.4159,6.6859283e-05,0.15123201
15.5,31.4159,6.686919e-05,0.15125442
15.6,31.4159,6.6901345e-05,0.15132715
15.7,31.4159,6.68858e-05,0.15129199
15.8,31.4159,6.6903189e-05,0.15133132
15.9,31.4159,6.6940651e-05,0.15141606
16,31.4159,6.6946109e-05,0.1514284
16.1,31.4159,6.6927988e-05,0.15138742
16.2,31.4159,6.6892875e-05,0.15130799
16.3,31.4159,6.6921442e-05,0.15137261
16.4,31.4159,6.6918599e-05,0.15136618
16.5,31.4159,6.688203e-05,0.15128346
16.6,31.4159,6.6915153e-05,0.15135838
16.7,31.4159,6.6867296e-05,0.15125013
16.8,31.4159,6.6852901e-05,0.15121757
16.9,31.4159,6.6878368e-05,0.15127518
17,31.4159,6.6820898e-05,0.15114518
17.1,31.4159,6.6798289e-05,0.15109404
17.2,31.4159,6.67944e-05,0.15108525
17.3,31.4159,6.666764e-05,0.15079852
17.4,31.4159,6.6396806e-05,0.15018591
17.5,31.4159,6.6321787e-05,0.15001622
17.6,31.4159,6.6431455e-05,0.15026428
17.7,31.4159,6.6640365e-05,0.15073683
17.8,31.4159,6.6724834e-05,0.15092789
17.9,31.4159,6.670605e-05,0.1508854
18,31.4159,6.6743351e-05,0.15096978
18.1,31.4159,6.6708296e-05,0.15089048
18.2,31.4159,6.6731771e-05,0.15094358
18.3,31.4159,6.6687353e-05,0.15084311
18.4,31.4159,6.6725276e-05,0.15092889
18.5,31.4159,6.6668426e-05,0.1508003
18.6,31.4159,6.6705022e-05,0.15088308
18.7,31.4159,6.6642983e-05,0.15074275
18.8,31.4159,6.6632216e-05,0.1507184
18.9,31.4159,6.6648444e-05,0.1507551
19,31.4159,6.658351e-05,0.15060822
19.1,31.4159,6.6618139e-05,0.15068655
19.2,31.4159,6.65551e-05,0.15054396
19.3,31.4159,6.657712e-05,0.15059377
19.4,31.4159,6.6518219e-05,0.15046054
19.5,31.4159,6.6528257e-05,0.15048324
19.6,31.4159,6.6453495e-05,0.15031414
19.7,31.4159,6.6394292e-05,0.15018022
19.8,31.4159,6.6319949e-05,0.15001206
19.9,31.4159,6.599644e-05,0.1492803
20,31.4159,6.5868016e-05,0.14898982
20.1,31.4159,6.628786e-05,0.14993948
20.2,31.4159,6.6210557e-05,0.14976463
20.3,31.4159,6.6297812e-05,0.14996199
20.4,31.4159,6.626836e-05,0.14989537
20.5,31.4159,6.6286675e-05,0.1499368
20.6,31.4159,6.6326354e-05,0.15002655
20.7,31.4159,6.6290089e-05,0.14994452
20.8,31.4159,6.6305843e-05,0.14998016
20.9,31.4159,6.6333881e-05,0.15004358
21,31.4159,6.6286399e-05,0.14993618
21.1,31.4159,6.6280462e-05,0.14992275
21.2,31.4159,6.6307542e-05,0.149984
21.3,31.4159,6.6300564e-05,0.14996822
21.4,31.4159,6.6260441e-05,0.14987746
21.5,31.4159,6.629748e-05,0.14996124
21.6,31.4159,6.6239354e-05,0.14982976
21.7,31.4159,6.6228411e-05,0.14980501
21.8,31.4159,6.6274673e-05,0.14990965
21.9,31.4159,6.6223038e-05,0.14979286
22,31.4159,6.6182331e-05,0.14970078
22.1,31.4159,6.6218312e-05,0.14978217
22.2,31.4159,6.6150798e-05,0.14962945
22.3,31.4159,6.6134131e-05,0.14959175
22.4,31.4159,6.616096e-05,0.14965244
22.5,31.4159,6.6096738e-05,0.14950717
22.6,31.4159,6.6123463e-05,0.14956762
22.7,31.4159,6.6055439e-05,0.14941376
22.8,31.4159,6.6086018e-05,0.14948292
22.9,31.4159,6.6016474e-05,0.14932562
23,31.4159,6.603995e-05,0.14937872
23.1,31.4159,6.5976081e-05,0.14923425
23.2,31.4159,6.5954187e-05,0.14918473
23.3,31.4159,6.5966426e-05,0.14921241
23.4,31.4159,6.591518e-05,0.1490965
23.5,31.4159,6.5917036e-05,0.1491007
23.6,31.4159,6.5868156e-05,0.14899013
23.7,31.4159,6.5873573e-05,0.14900239
23.8,31.4159,6.5800408e-05,0.14883689
23.9,31.4159,6.5834701e-05,0.14891446
24,31.4159,6.5767812e-05,0.14876316
24.1,31.4159,6.5727696e-05,0.14867242
24.2,31.4159,6.5740125e-05,0.14870053
24.3,31.4159,6.5650154e-05,0.14849703
24.4,31.4159,6.5615897e-05,0.14841954
24.5,31.4159,6.5536927e-05,0.14824091
24.6,31.4159,6.5132158e-05,0.14732535
24.7,31.4159,6.5078807e-05,0.14720467
24.8,31.4159,6.5446576e-05,0.14803654
24.9,31.4159,6.5317976e-05,0.14774566
25,31.4159,6.536379e-05,0.14784929
25.1,31.4159,6.5383019e-05,0.14789278
25.2,31.4159,6.5421691e-05,0.14798025
25.3,31.4159,6.5403685e-05,0.14793952
25.4,31.4159,6.5393419e-05,0.1479163
25.5,31.4159,6.5411224e-05,0.14795658
25.6,31.4159,6.5419406e-05,0.14797509
25.7,31.4159,6.538142e-05,0.14788916
25.8,31.4159,6.5416946e-05,0.14796952
25.9,31.4159,6.5369748e-05,0.14786276
26,31.4159,6.5340332e-05,0.14779622
26.1,31.4159,6.5354584e-05,0.14782846
26.2,31.4159,6.5394044e-05,0.14791772
26.3,31.4159,6.5350249e-05,0.14781866
26.4,31.4159,6.5314188e-05,0.14773709
26.5,31.4159,6.5349465e-05,0.14781688
26.6,31.4159,6.5284657e-05,0.14767029
26.7,31.4159,6.5277178e-05,0.14765337
26.8,31.4159,6.5294161e-05,0.14769179
26.9,31.4159,6.5238424e-05,0.14756571
27,31.4159,6.5224989e-05,0.14753533
27.1,31.4159,6.5251695e-05,0.14759573
27.2,31.4159,6.5214134e-05,0.14751077
27.3,31.4159,6.516444e-05,0.14739837
27.4,31.4159,6.5197572e-05,0.14747331
27.5,31.4159,6.5137866e-05,0.14733826
27.6,31.4159,6.5162965e-05,0.14739503
27.7,31.4159,6.5089461e-05,0.14722877
27.8,31.4159,6.5071988e-05,0.14718924
27.9,31.4159,6.507704e-05,0.14720067
28,31.4159,6.5010742e-05,0.14705071
28.1,31.4159,6.5034531e-05,0.14710452
28.2,31.4159,6.4980532e-05,0.14698238
28.3,31.4159,6.4966761e-05,0.14695123
28.4,31.4159,6.4967848e-05,0.14695368
28.5,31.4159,6.4915599e-05,0.1468355
28.6,31.4159,6.4918457e-05,0.14684197
28.7,31.4159,6.4863987e-05,0.14671876
28.8,31.4159,6.4865309e-05,0.14672175
28.9,31.4159,6.4802024e-05,0.1465786
29,31.4159,6.4841664e-05,0.14666827
29.1,31.4159,6.4772523e-05,0.14651187
29.2,31.4159,6.4748078e-05,0.14645658
29.3,31.4159,6.4755987e-05,0.14647447
29.4,31.4159,6.4674181e-05,0.14628943
29.5,31.4159,6.4694965e-05,0.14633644
29.6,31.4159,6.4605077e-05,0.14613312
29.7,31.4159,6.4542501e-05,0.14599157
29.8,31.4159,6.4560382e-05,0.14603202
29.9,31.4159,6.4392086e-05,0.14565134
30,31.4159,6.4071247e-05,0.14492562
30.1,31.4159,6.3954048e-05,0.14466053
30.2,31.4159,6.4324071e-05,0.1454975
30.3,31.4159,6.4220927e-05,0.14526419
30.4,31.4159,6.4279956e-05,0.14539771
30.5,31.4159,6.4320015e-05,0.14548832
30.6,31.4159,6.4290912e-05,0.14542249
30.7,31.4159,6.4293549e-05,0.14542846
30.8,31.4159,6.4324682e-05,0.14549888
30.9,31.4159,6.4297668e-05,0.14543778
31,31.4159,6.4267939e-05,0.14537053
31.1,31.4159,6.426851e-05,0.14537182
31.2,31.4159,6.4306687e-05,0.14545818
31.3,31.4159,6.4258087e-05,0.14534824
31.4,31.4159,6.4251349e-05,0.145333
31.5,31.4159,6.4296158e-05,0.14543436
31.6,31.4159,6.4234005e-05,0.14529377
31.7,31.4159,6.4222476e-05,0.14526769
31.8,31.4159,6.4241072e-05,0.14530976
31.9,31.4159,6.4183914e-05,0.14518047
32,31.4159,6.4157276e-05,0.14512022
32.1,31.4159,6.4164327e-05,0.14513617
32.2,31.4159,6.4192308e-05,0.14519946
32.3,31.4159,6.4124869e-05,0.14504691
32.4,31.4159,6.413783e-05,0.14507623
32.5,31.4159,6.4122358e-05,0.14504123
32.6,31.4159,6.4065915e-05,0.14491356
32.7,31.4159,6.4108819e-05,0.14501061
32.8,31.4159,6.4033903e-05,0.14484115
32.9,31.4159,6.4012325e-05,0.14479235
33,31.4159,6.40431e-05,0.14486196
33.1,31.4159,6.3979611e-05,0.14471835
33.2,31.4159,6.3954193e-05,0.14466086
33.3,31.4159,6.3982906e-05,0.1447258
33.4,31.4159,6.3909897e-05,0.14456066
33.5,31.4159,6.3926617e-05,0.14459848
33.6,31.4159,6.3840667e-05,0.14440407
33.7,31.4159,6.3839489e-05,0.1444014
33.8,31.4159,6.3832659e-05,0.14438595
33.9,31.4159,6.3774735e-05,0.14425493
34,31.4159,6.3821072e-05,0.14435974
34.1,31.4159,6.3729069e-05,0.14415164
34.2,31.4159,6.3756861e-05,0.1442145
34.3,31.4159,6.3679415e-05,0.14403932
34.4,31.4159,6.3692839e-05,0.14406969
34.5,31.4159,6.3623286e-05,0.14391236
34.6,31.4159,6.3655161e-05,0.14398446
34.7,31.4159,6.3581999e-05,0.14381897
34.8,31.4159,6.3605016e-05,0.14387103
34.9,31.4159,6.3509916e-05,0.14365593
35,31.4159,6.3455812e-05,0.14353354
35.1,31.4159,6.3446766e-05,0.14351308
35.2,31.4159,6.3340541e-05,0.14327281
35.3,31.4159,6.309483e-05,0.14271702
35.4,31.4159,6.3117943e-05,0.1427693
35.5,31.4159,6.3072397e-05,0.14266628
35.6,31.4159,6.3137669e-05,0.14281392
35.7,31.4159,6.3209744e-05,0.14297695
35.8,31.4159,6.3188046e-05,0.14292787
35.9,31.4159,6.3156069e-05,0.14285554
36,31.4159,6.3200124e-05,0.14295519
36.1,31.4159,6.316589e-05,0.14287776
36.2,31.4159,6.3148037e-05,0.14283737
36.3,31.4159,6.3163792e-05,0.14287301
36.4,31.4159,6.3214309e-05,0.14298728
36.5,31.4159,6.3185453e-05,0.14292201
36.6,31.4159,6.3141679e-05,0.14282299
36.7,31.4159,6.3186573e-05,0.14292454
36.8,31.4159,6.3120562e-05,0.14277523
36.9,31.4159,6.3088044e-05,0.14270167
37,31.4159,6.309685e-05,0.14272159
37.1,31.4159,6.3133718e-05,0.14280498
37.2,31.4159,6.3080531e-05,0.14268468
37.3,31.4159,6.3044713e-05,0.14260366
37.4,31.4159,6.3035612e-05,0.14258307
37.5,31.4159,6.3070887e-05,0.14266287
37.6,31.4159,6.3006334e-05,0.14251685
37.7,31.4159,6.2954815e-05,0.14240032
37.8,31.4159,6.2953611e-05,0.14239759
37.9,31.4159,6.2981934e-05,0.14246166
38,31.4159,6.2900144e-05,0.14227665
38.1,31.4159,6.2911069e-05,0.14230136
38.2,31.4159,6.2915648e-05,0.14231172
38.3,31.4159,6.2842225e-05,0.14214564
38.4,31.4159,6.2875468e-05,0.14222084
38.5,31.4159,6.2791275e-05,0.1420304
38.6,31.4159,6.2787186e-05,0.14202115
38.7,31.4159,6.2775625e-05,0.141995
38.8,31.4159,6.271975e-05,0.14186861
38.9,31.4159,6.2760386e-05,0.14196053
39,31.4159,6.2667079e-05,0.14174947
39.1,31.4159,6.2644609e-05,0.14169865
39.2,31.4159,6.2679478e-05,0.14177752
39.3,31.4159,6.2595744e-05,0.14158812
39.4,31.4159,6.2611254e-05,0.1416232
39.5,31.4159,6.2544532e-05,0.14147228
39.6,31.4159,6.2562679e-05,0.14151333
39.7,31.4159,6.249742e-05,0.14136571
39.8,31.4159,6.2465475e-05,0.14129346
39.9,31.4159,6.2471817e-05,0.1413078
40,31.4159,6.2369847e-05,0.14107715
40.1,31.4159,6.2324591e-05,0.14097478
40.2,31.4159,6.2332215e-05,0.14099203
40.3,31.4159,6.2218395e-05,0.14073458
40.4,31.4159,6.1840973e-05,0.13988087
40.5,31.4159,6.1751986e-05,0.13967958
40.6,31.4159,6.2126825e-05,0.14052745
40.7,31.4159,6.2033651e-05,0.14031669
40.8,31.4159,6.213388e-05,0.14054341
40.9,31.4159,6.2076537e-05,0.1404137
41,31.4159,6.2060711e-05,0.1403779
41.1,31.4159,6.211734e-05,0.14050599
41.2,31.4159,6.2084756e-05,0.14043229
41.3,31.4159,6.2074155e-05,0.14040831
41.4,31.4159,6.207686e-05,0.14041443
41.5,31.4159,6.2116075e-05,0.14050313
41.6,31.4159,6.2039203e-05,0.14032925
41.7,31.4159,6.2061313e-05,0.14037926
41.8,31.4159,6.2052237e-05,0.14035874
41.9,31.4159,6.2011438e-05,0.14026645
42,31.4159,6.2046412e-05,0.14034556
42.1,31.4159,6.1973872e-05,0.14018148
42.2,31.4159,6.1981159e-05,0.14019796
42.3,31.4159,6.2015525e-05,0.14027569
42.4,31.4159,6.1956115e-05,0.14014131
42.5,31.4159,6.1907307e-05,0.14003091
42.6,31.4159,6.1902407e-05,0.14001983
42.7,31.4159,6.1915867e-05,0.14005027
42.8,31.4159,6.1847306e-05,0.13989519
42.9,31.4159,6.1883978e-05,0.13997814
43,31.4159,6.1798921e-05,0.13978575
43.1,31.4159,6.1799468e-05,0.13978698
43.2,31.4159,6.181284e-05,0.13981723
43.3,31.4159,6.1736273e-05,0.13964404
43.4,31.4159,6.1753744e-05,0.13968356
43.5,31.4159,6.1689822e-05,0.13953897
43.6,31.4159,6.167191e-05,0.13949846
43.7,31.4159,6.1658898e-05,0.13946902
43.8,31.4159,6.1608177e-05,0.1393543
43.9,31.4159,6.1645308e-05,0.13943828
44,31.4159,6.1572357e-05,0.13927327
44.1,31.4159,6.1547385e-05,0.13921679
44.2,31.4159,6.1529479e-05,0.13917628
44.3,31.4159,6.1465491e-05,0.13903155
44.4,31.4159,6.1493914e-05,0.13909584
44.5,31.4159,6.141812e-05,0.1389244
44.6,31.4159,6.1403473e-05,0.13889127
44.7,31.4159,6.1379604e-05,0.13883728
44.8,31.4159,6.1307406e-05,0.13867397
44.9,31.4159,6.1302349e-05,0.13866253
45,31.4159,6.1175829e-05,0.13837635
45.1,31.4159,6.1024403e-05,0.13803383
45.2,31.4159,6.0950176e-05,0.13786593
45.3,31.4159,6.0706096e-05,0.13731384
45.4,31.4159,6.1021232e-05,0.13802666
45.5,31.4159,6.1048607e-05,0.13808858
45.6,31.4159,6.1034632e-05,0.13805697
45.7,31.4159,6.1001945e-05,0.13798303
45.8,31.4159,6.1033497e-05,0.1380544
45.9,31.4159,6.1061727e-05,0.13811826
46,31.4159,6.1005365e-05,0.13799077
46.1,31.4159,6.1017386e-05,0.13801796
46.2,31.4159,6.1061144e-05,0.13811694
46.3,31.4159,6.103562e-05,0.1380592
46.4,31.4159,6.0987119e-05,0.1379495
46.5,31.4159,6.1046092e-05,0.13808289
46.6,31.4159,6.0994132e-05,0.13796536
46.7,31.4159,6.0953033e-05,0.1378724
46.8,31.4159,6.0996476e-05,0.13797066
46.9,31.4159,6.0947123e-05,0.13785903
47,31.4159,6.0902339e-05,0.13775773
47.1,31.4159,6.0927628e-05,0.13781493
47.2,31.4159,6.0865843e-05,0.13767518
47.3,31.4159,6.0888285e-05,0.13772594
47.4,31.4159,6.0823931e-05,0.13758037
47.5,31.4159,6.0800149e-05,0.13752658
47.6,31.4159,6.0830871e-05,0.13759607
47.7,31.4159,6.0744127e-05,0.13739986
47.8,31.4159,6.0728306e-05,0.13736408
47.9,31.4159,6.0748129e-05,0.13740891
48,31.4159,6.0674715e-05,0.13724286
48.1,31.4159,6.0706616e-05,0.13731501
48.2,31.4159,6.0640641e-05,0.13716578
48.3,31.4159,6.0619763e-05,0.13711856
48.4,31.4159,6.05899e-05,0.13705101
48.5,31.4159,6.0570026e-05,0.13700606
48.6,31.4159,6.0559645e-05,0.13698257
48.7,31.4159,6.0497479e-05,0.13684196
48.8,31.4159,6.0551204e-05,0.13696348
48.9,31.4159,6.0380535e-05,0.13657744
49,31.4159,6.0468233e-05,0.13677581
49.1,31.4159,6.0457145e-05,0.13675072
49.2,31.4159,6.0296335e-05,0.13638698
49.3,31.4159,6.0506618e-05,0.13686263
49.4,31.4159,6.0364229e-05,0.13654055
49.5,31.4159,6.034734e-05,0.13650235
49.6,31.4159,6.0457674e-05,0.13675192
49.7,31.4159,6.0245558e-05,0.13627213
49.8,31.4159,5.9988925e-05,0.13569164
49.9,31.4159,5.9889731e-05,0.13546727
50,31.4159,6.0160119e-05,0.13607887
50.1,31.4159,6.0140353e-05,0.13603416
50.2,31.4159,6.0156073e-05,0.13606972
50.3,31.4159,6.0067476e-05,0.13586931
50.4,31.4159,6.0151032e-05,0.13605831
50.5,31.4159,6.0058337e-05,0.13584864
50.6,31.4159,6.005832e-05,0.1358486
50.7,31.4159,6.0098321e-05,0.13593909
50.8,31.4159,5.9974992e-05,0.13566012
50.9,31.4159,6.0042862e-05,0.13581364
51,31.4159,6.0015147e-05,0.13575095
51.1,31.4159,5.9963302e-05,0.13563368
51.2,31.4159,6.0027354e-05,0.13577856
51.3,31.4159,5.9998793e-05,0.13571396
51.4,31.4159,5.9936798e-05,0.13557373
51.5,31.4159,5.9989397e-05,0.13569271
51.6,31.4159,5.9927035e-05,0.13555165
51.7,31.4159,5.99913e-05,0.13569701
51.8,31.4159,6.0006208e-05,0.13573073
51.9,31.4159,6.0031531e-05,0.13578801
52,31.4159,5.9967957e-05,0.13564421
52.1,31.4159,5.9985415e-05,0.1356837
52.2,31.4159,6.0057538e-05,0.13584684
52.3,31.4159,5.9922813e-05,0.1355421
52.4,31.4159,5.982628e-05,0.13532374
52.5,31.4159,5.9864238e-05,0.1354096
52.6,31.4159,5.9791954e-05,0.1352461
52.7,31.4159,5.9700993e-05,0.13504035
52.8,31.4159,5.9719164e-05,0.13508145
52.9,31.4159,5.9683307e-05,0.13500035
53,31.4159,5.9536658e-05,0.13466863
53.1,31.4159,5.9610826e-05,0.1348364
53.2,31.4159,5.9536222e-05,0.13466765
53.3,31.4159,5.9486749e-05,0.13455574
53.4,31.4159,5.954549e-05,0.13468861
53.5,31.4159,5.9383125e-05,0.13432135
53.6,31.4159,5.9511465e-05,0.13461165
53.7,31.4159,5.9452189e-05,0.13447757
53.8,31.4159,5.9380042e-05,0.13431438
53.9,31.4159,5.9445617e-05,0.1344627
54,31.4159,5.941193e-05,0.13438651
54.1,31.4159,5.9420477e-05,0.13440584
54.2,31.4159,5.9125087e-05,0.13373768
54.3,31.4159,5.9068579e-05,0.13360986
54.4,31.4159,5.9130872e-05,0.13375077
54.5,31.4159,5.918191e-05,0.13386621
54.6,31.4159,5.9062017e-05,0.13359502
54.7,31.4159,5.9107341e-05,0.13369754
54.8,31.4159,5.915102e-05,0.13379634
54.9,31.4159,5.9030182e-05,0.13352301
55,31.4159,5.9108303e-05,0.13369972
55.1,31.4159,5.9033767e-05,0.13353112
55.2,31.4159,5.9047288e-05,0.13356171
55.3,31.4159,5.9083075e-05,0.13364265
55.4,31.4159,5.9006284e-05,0.13346896
55.5,31.4159,5.9030038e-05,0.13352269
55.6,31.4159,5.9061724e-05,0.13359436
55.7,31.4159,5.9016717e-05,0.13349256
55.8,31.4159,5.9079175e-05,0.13363383
55.9,31.4159,5.9112489e-05,0.13370919
56,31.4159,5.9177079e-05,0.13385529
56.1,31.4159,5.9043228e-05,0.13355252
56.2,31.4159,5.9043907e-05,0.13355406
56.3,31.4159,5.9101379e-05,0.13368406
56.4,31.4159,5.8983107e-05,0.13341653
56.5,31.4159,5.8884627e-05,0.13319378
56.6,31.4159,5.8915883e-05,0.13326447
56.7,31.4159,5.8847142e-05,0.13310899
56.8,31.4159,5.8777382e-05,0.13295119
56.9,31.4159,5.8787429e-05,0.13297392
57,31.4159,5.8736944e-05,0.13285973
57.1,31.4159,5.8656127e-05,0.13267692
57.2,31.4159,5.8730487e-05,0.13284512
57.3,31.4159,5.8677221e-05,0.13272464
57.4,31.4159,5.8595921e-05,0.13254074
57.5,31.4159,5.874729e-05,0.13288313
57.6,31.4159,5.8612099e-05,0.13257733
57.7,31.4159,5.8676202e-05,0.13272233
57.8,31.4159,5.8671352e-05,0.13271136
57.9,31.4159,5.8613903e-05,0.13258141
58,31.4159,5.8602827e-05,0.13255636
58.1,31.4159,5.8575684e-05,0.13249496
58.2,31.4159,5.8478734e-05,0.13227567
58.3,31.4159,5.8463891e-05,0.13224209
58.4,31.4159,5.8329829e-05,0.13193885
58.5,31.4159,5.8307403e-05,0.13188813
58.6,31.4159,5.8293312e-05,0.13185625
58.7,31.4159,5.7994526e-05,0.13118042
58.8,31.4159,5.7921062e-05,0.13101424
58.9,31.4159,5.7781493e-05,0.13069855
59,31.4159,5.7940514e-05,0.13105824
59.1,31.4159,5.8034306e-05,0.1312704
59.2,31.4159,5.8137849e-05,0.13150461
59.3,31.4159,5.8064274e-05,0.13133818
59.4,31.4159,5.8119028e-05,0.13146203
59.5,31.4159,5.8171064e-05,0.13157974
59.6,31.4159,5.817886e-05,0.13159737
59.7,31.4159,5.8145421e-05,0.13152173
59.8,31.4159,5.8081032e-05,0.13137609
59.9,31.4159,5.8126668e-05,0.13147931
60,31.4159,5.8103956e-05,0.13142794
60.1,31.4159,5.7975581e-05,0.13113756
60.2,31.4159,5.8029438e-05,0.13125939
60.3,31.4159,5.7987533e-05,0.1311646
60.4,31.4159,5.7911241e-05,0.13099203
60.5,31.4159,5.7962329e-05,0.13110759
60.6,31.4159,5.7913448e-05,0.13099702
60.7,31.4159,5.7932886e-05,0.13104099
60.8,31.4159,5.7901577e-05,0.13097017
60.9,31.4159,5.7879229e-05,0.13091962
61,31.4159,5.7942139e-05,0.13106192
61.1,31.4159,5.7860093e-05,0.13087634
61.2,31.4159,5.7893347e-05,0.13095156
61.3,31.4159,5.7844768e-05,0.13084167
61.4,31.4159,5.782542e-05,0.13079791
61.5,31.4159,5.7763931e-05,0.13065882
61.6,31.4159,5.7706499e-05,0.13052891
61.7,31.4159,5.7760906e-05,0.13065198
61.8,31.4159,5.7607716e-05,0.13030547
61.9,31.4159,5.7655311e-05,0.13041313
62,31.4159,5.7575886e-05,0.13023348
62.1,31.4159,5.7534917e-05,0.13014081
62.2,31.4159,5.7590104e-05,0.13026564
62.3,31.4159,5.748772e-05,0.13003405
62.4,31.4159,5.7532959e-05,0.13013638
62.5,31.4159,5.7479664e-05,0.13001583
62.6,31.4159,5.7440433e-05,0.12992709
62.7,31.4159,5.7469989e-05,0.12999394
62.8,31.4159,5.7403097e-05,0.12984264
62.9,31.4159,5.7397873e-05,0.12983082
63,31.4159,5.7298207e-05,0.12960538
63.1,31.4159,5.732246e-05,0.12966024
63.2,31.4159,5.7243107e-05,0.12948075
63.3,31.4159,5.7115842e-05,0.12919288
63.4,31.4159,5.7201951e-05,0.12938766
63.5,31.4159,5.6946962e-05,0.12881088
63.6,31.4159,5.6708265e-05,0.12827096
63.7,31.4159,5.6616984e-05,0.12806449
63.8,31.4159,5.6942139e-05,0.12879997
63.9,31.4159,5.6834386e-05,0.12855624
64,31.4159,5.6910418e-05,0.12872822
64.1,31.4159,5.6942526e-05,0.12880085
64.2,31.4159,5.6900245e-05,0.12870521
64.3,31.4159,5.6947058e-05,0.1288111
64.4,31.4159,5.6902244e-05,0.12870973
64.5,31.4159,5.6886732e-05,0.12867465
64.6,31.4159,5.6868052e-05,0.1286324
64.7,31.4159,5.6854727e-05,0.12860225
64.8,31.4159,5.6866683e-05,0.1286293
64.9,31.4159,5.6866312e-05,0.12862846
65,31.4159,5.6761284e-05,0.12839089
65.1,31.4159,5.6806329e-05,0.12849278
65.2,31.4159,5.68227e-05,0.12852981
65.3,31.4159,5.6701632e-05,0.12825596
65.4,31.4159,5.6769647e-05,0.12840981
65.5,31.4159,5.6766127e-05,0.12840185
65.6,31.4159,5.665165e-05,0.1281429
65.7,31.4159,5.6748136e-05,0.12836115
65.8,31.4159,5.6667009e-05,0.12817765
65.9,31.4159,5.6606692e-05,0.12804121
66,31.4159,5.6651986e-05,0.12814366
66.1,31.4159,5.659606e-05,0.12801716
66.2,31.4159,5.655749e-05,0.12792992
66.3,31.4159,5.6593745e-05,0.12801193
66.4,31.4159,5.6468616e-05,0.12772889
66.5,31.4159,5.6530083e-05,0.12786793
66.6,31.4159,5.6494236e-05,0.12778684
66.7,31.4159,5.6387269e-05,0.12754489
66.8,31.4159,5.6459571e-05,0.12770843
66.9,31.4159,5.6392413e-05,0.12755652
67,31.4159,5.6328849e-05,0.12741275
67.1,31.4159,5.6333236e-05,0.12742267
67.2,31.4159,5.637183e-05,0.12750997
67.3,31.4159,5.617255e-05,0.12705921
67.4,31.4159,5.6309012e-05,0.12736788
67.5,31.4159,5.6238854e-05,0.12720918
67.6,31.4159,5.6204722e-05,0.12713198
67.7,31.4159,5.6151771e-05,0.12701221
67.8,31.4159,5.6189791e-05,0.12709821
67.9,31.4159,5.608488e-05,0.1268609
68,31.4159,5.6048664e-05,0.12677898
68.1,31.4159,5.6128812e-05,0.12696027
68.2,31.4159,5.60139e-05,0.12670035
68.3,31.4159,5.6057362e-05,0.12679866
68.4,31.4159,5.5966503e-05,0.12659314
68.5,31.4159,5.6020397e-05,0.12671505
68.6,31.4159,5.5908791e-05,0.1264626
68.7,31.4159,5.5785138e-05,0.1261829
68.8,31.4159,5.5925591e-05,0.1265006
68.9,31.4159,5.5733011e-05,0.12606499
69,31.4159,5.5528985e-05,0.1256035
69.1,31.4159,5.5381746e-05,0.12527045
69.2,31.4159,5.5328375e-05,0.12514973
69.3,31.4159,5.5533265e-05,0.12561318
69.4,31.4159,5.5586242e-05,0.12573301
69.5,31.4159,5.5604764e-05,0.12577491
69.6,31.4159,5.5626574e-05,0.12582424
69.7,31.4159,5.5724239e-05,0.12604515
69.8,31.4159,5.5679434e-05,0.12594381
69.9,31.4159,5.5494496e-05,0.12552549
70,31.4159,5.5741108e-05,0.12608331
70.1,31.4159,5.5785712e-05,0.1261842
70.2,31.4159,5.5411796e-05,0.12533842
70.3,31.4159,5.5333288e-05,0.12516084
70.4,31.4159,5.5266756e-05,0.12501035
70.5,31.4159,5.5253162e-05,0.1249796
70.6,31.4159,5.5313399e-05,0.12511586
70.7,31.4159,5.5384336e-05,0.12527631
70.8,31.4159,5.5302648e-05,0.12509154
70.9,31.4159,5.5689033e-05,0.12596552
71,31.4159,5.5926136e-05,0.12650183
71.1,31.4159,5.7151762e-05,0.12927413
71.2,31.4159,5.7295369e-05,0.12959896
71.3,31.4159,5.7669116e-05,0.13044436
71.4,31.4159,5.7750773e-05,0.13062906
71.5,31.4159,5.786093e-05,0.13087823
71.6,31.4159,5.8091973e-05,0.13140084
71.7,31.4159,5.8046929e-05,0.13129895
71.8,31.4159,5.804809e-05,0.13130158
71.9,31.4159,5.8238102e-05,0.13173137
72,31.4159,5.8236826e-05,0.13172849
72.1,31.4159,5.8220335e-05,0.13169118
72.2,31.4159,5.8281647e-05,0.13182987
72.3,31.4159,5.8354336e-05,0.13199429
72.4,31.4159,5.831425e-05,0.13190361
72.5,31.4159,5.8361342e-05,0.13201013
72.6,31.4159,5.837107e-05,0.13203214
72.7,31.4159,5.8353902e-05,0.1319933
72.8,31.4159,5.8406592e-05,0.13211249
72.9,31.4159,5.8348011e-05,0.13197998
73,31.4159,5.841663e-05,0.13213519
73.1,31.4159,5.8333408e-05,0.13194695
73.2,31.4159,5.8362101e-05,0.13201185
73.3,31.4159,5.8363209e-05,0.13201436
73.4,31.4159,5.8325045e-05,0.13192803
73.5,31.4159,5.8358557e-05,0.13200384
73.6,31.4159,5.8312501e-05,0.13189966
73.7,31.4159,5.831542e-05,0.13190626
73.8,31.4159,5.8264783e-05,0.13179172
73.9,31.4159,5.8321233e-05,0.13191941
74,31.4159,5.8225843e-05,0.13170364
74.1,31.4159,5.8230841e-05,0.13171495
74.2,31.4159,5.8234484e-05,0.13172319
74.3,31.4159,5.8178692e-05,0.13159699
74.4,31.4159,5.8231467e-05,0.13171636
74.5,31.4159,5.8135515e-05,0.13149933
74.6,31.4159,5.8145447e-05,0.13152179
74.7,31.4159,5.8129754e-05,0.13148629
74.8,31.4159,5.8121365e-05,0.13146732
74.9,31.4159,5.8070005e-05,0.13135115
75,31.4159,5.803182e-05,0.13126477
75.1,31.4159,5.809826e-05,0.13141506
75.2,31.4159,5.8003625e-05,0.131201
75.3,31.4159,5.801292e-05,0.13122202
75.4,31.4159,5.7960822e-05,0.13110418
75.5,31.4159,5.7920529e-05,0.13101304
75.6,31.4159,5.7901577e-05,0.13097017
75.7,31.4159,5.7705114e-05,0.13052578
75.8,31.4159,5.7525123e-05,0.13011865
75.9,31.4159,5.7258976e-05,0.12951664
76,31.4159,5.7343032e-05,0.12970677
76.1,31.4159,5.745864e-05,0.12996827
76.2,31.4159,5.7484618e-05,0.13002703
76.3,31.4159,5.7447383e-05,0.12994281
76.4,31.4159,5.7478084e-05,0.13001225
76.5,31.4159,5.747002e-05,0.12999401
76.6,31.4159,5.7430141e-05,0.12990381
76.7,31.4159,5.747457e-05,0.1300043
76.8,31.4159,5.7392106e-05,0.12981778
76.9,31.4159,5.7411834e-05,0.1298624
77,31.4159,5.7433633e-05,0.12991171
77.1,31.4159,5.7361294e-05,0.12974808
77.2,31.4159,5.7335372e-05,0.12968945
77.3,31.4159,5.7361357e-05,0.12974822
77.4,31.4159,5.7357917e-05,0.12974044
77.5,31.4159,5.7303451e-05,0.12961724
77.6,31.4159,5.7339901e-05,0.12969969
77.7,31.4159,5.7281706e-05,0.12956806
77.8,31.4159,5.7248122e-05,0.12949209
77.9,31.4159,5.7291077e-05,0.12958925
78,31.4159,5.7240475e-05,0.1294748
78.1,31.4159,5.7196515e-05,0.12937536
78.2,31.4159,5.7236521e-05,0.12946585
78.3,31.4159,5.717761e-05,0.1293326
78.4,31.4159,5.7141824e-05,0.12925165
78.5,31.4159,5.7185312e-05,0.12935002
78.6,31.4159,5.7121493e-05,0.12920566
78.7,31.4159,5.7109984e-05,0.12917963
78.8,31.4159,5.7110505e-05,0.12918081
78.9,31.4159,5.7052183e-05,0.12904889
79,31.4159,5.7092956e-05,0.12914112
79.1,31.4159,5.7014037e-05,0.1289626
79.2,31.4159,5.7012591e-05,0.12895933
79.3,31.4159,5.7003616e-05,0.12893903
79.4,31.4159,5.6950075e-05,0.12881793
79.5,31.4159,5.6982096e-05,0.12889036
79.6,31.4159,5.6896734e-05,0.12869727
79.7,31.4159,5.6917141e-05,0.12874343
79.8,31.4159,5.6873152e-05,0.12864393
79.9,31.4159,5.6824014e-05,0.12853278
80,31.4159,5.683797e-05,0.12856435
80.1,31.4159,5.6825408e-05,0.12853594
80.2,31.4159,5.6778385e-05,0.12842957
80.3,31.4159,5.6780532e-05,0.12843443
80.4,31.4159,5.6714402e-05,0.12828485
80.5,31.4159,5.6755591e-05,0.12837801
80.6,31.4159,5.6661249e-05,0.12816462
80.7,31.4159,5.6673879e-05,0.12819319
80.8,31.4159,5.6653114e-05,0.12814622
80.9,31.4159,5.6615363e-05,0.12806083
81,31.4159,5.6608768e-05,0.12804591
81.1,31.4159,5.654933e-05,0.12791146
81.2,31.4159,5.6572437e-05,0.12796373
81.3,31.4159,5.6517579e-05,0.12783964
81.4,31.4159,5.6503845e-05,0.12780858
81.5,31.4159,5.6448514e-05,0.12768342
81.6,31.4159,5.6473152e-05,0.12773915
81.7,31.4159,5.6412898e-05,0.12760286
81.8,31.4159,5.6402547e-05,0.12757945
81.9,31.4159,5.6348299e-05,0.12745674
82,31.4159,5.6372227e-05,0.12751086
82.1,31.4159,5.6292896e-05,0.12733142
82.2,31.4159,5.6317264e-05,0.12738654
82.3,31.4159,5.6260173e-05,0.1272574
82.4,31.4159,5.6240451e-05,0.1272128
82.5,31.4159,5.6236482e-05,0.12720382
82.6,31.4159,5.6165472e-05,0.1270432
82.7,31.4159,5.617354e-05,0.12706145
82.8,31.4159,5.6112513e-05,0.12692341
82.9,31.4159,5.6103244e-05,0.12690244
83,31.4159,5.6090082e-05,0.12687267
83.1,31.4159,5.6047765e-05,0.12677695
83.2,31.4159,5.6041396e-05,0.12676254
83.3,31.4159,5.5988503e-05,0.1266429
83.4,31.4159,5.5994316e-05,0.12665605
83.5,31.4159,5.5929668e-05,0.12650982
83.6,31.4159,5.5986674e-05,0.12663877
83.7,31.4159,5.5885928e-05,0.12641088
83.8,31.4159,5.588197e-05,0.12640193
83.9,31.4159,5.5869596e-05,0.12637394
84,31.4159,5.582051e-05,0.12626291
84.1,31.4159,5.5847072e-05,0.12632299
84.2,31.4159,5.5758419e-05,0.12612247
84.3,31.4159,5.5801689e-05,0.12622034
84.4,31.4159,5.5681419e-05,0.1259483
84.5,31.4159,5.5556058e-05,0.12566474
84.6,31.4159,5.5366335e-05,0.12523559
84.7,31.4159,5.4994371e-05,0.12439423
84.8,31.4159,5.4580868e-05,0.12345891
84.9,31.4159,5.5183852e-05,0.12482283
85,31.4159,5.5196248e-05,0.12485087
85.1,31.4159,5.5122111e-05,0.12468317
85.2,31.4159,5.5150482e-05,0.12474735
85.3,31.4159,5.5142254e-05,0.12472873
85.4,31.4159,5.5093119e-05,0.1246176
85.5,31.4159,5.5130526e-05,0.12470221
85.6,31.4159,5.5045202e-05,0.12450921
85.7,31.4159,5.5076331e-05,0.12457962
85.8,31.4159,5.5067579e-05,0.12455982
85.9,31.4159,5.5014089e-05,0.12443883
86,31.4159,5.5071676e-05,0.12456909
86.1,31.4159,5.4989838e-05,0.12438398
86.2,31.4159,5.4949791e-05,0.12429339
86.3,31.4159,5.4994063e-05,0.12439354
86.4,31.4159,5.4944902e-05,0.12428233
86.5,31.4159,5.4900856e-05,0.12418271
86.6,31.4159,5.4940042e-05,0.12427134
86.7,31.4159,5.4891547e-05,0.12416165
86.8,31.4159,5.4846083e-05,0.12405881
86.9,31.4159,5.487048e-05,0.124114
87,31.4159,5.4853461e-05,0.1240755
87.1,31.4159,5.4814805e-05,0.12398806
87.2,31.4159,5.4838945e-05,0.12404267
87.3,31.4159,5.4754934e-05,0.12385264
87.4,31.4159,5.4797606e-05,0.12394916
87.5,31.4159,5.4739315e-05,0.12381731
87.6,31.4159,5.4686569e-05,0.123698
87.7,31.4159,5.4754351e-05,0.12385132
87.8,31.4159,5.4665584e-05,0.12365053
87.9,31.4159,5.4627693e-05,0.12356483
88,31.4159,5.4716124e-05,0.12376485
88.1,31.4159,5.460409e-05,0.12351144
88.2,31.4159,5.4582137e-05,0.12346178
88.3,31.4159,5.4707701e-05,0.1237458
88.4,31.4159,5.4578035e-05,0.1234525
88.5,31.4159,5.461644e-05,0.12353937
88.6,31.4159,5.4829284e-05,0.12402081
88.7,31.4159,5.4874969e-05,0.12412415
88.8,31.4159,5.4781026e-05,0.12391166
88.9,31.4159,5.4787985e-05,0.1239274
89,31.4159,5.4699366e-05,0.12372695
89.1,31.4159,5.4592685e-05,0.12348564
89.2,31.4159,5.4623706e-05,0.12355581
89.3,31.4159,5.4526096e-05,0.12333502
89.4,31.4159,5.4566476e-05,0.12342636
89.5,31.4159,5.4411543e-05,0.12307591
89.6,31.4159,5.4415642e-05,0.12308518
89.7,31.4159,5.4489514e-05,0.12325227
89.8,31.4159,5.4306345e-05,0.12283795
89.9,31.4159,5.438843e-05,0.12302363
90,31.4159,5.4405045e-05,0.12306121
90.1,31.4159,5.4264519e-05,0.12274335
90.2,31.4159,5.4376726e-05,0.12299715
90.3,31.4159,5.4345047e-05,0.1229255
90.4,31.4159,5.4331208e-05,0.12289419
90.5,31.4159,5.4414601e-05,0.12308282
90.6,31.4159,5.431004e-05,0.12284631
90.7,31.4159,5.4357288e-05,0.12295319
90.8,31.4159,5.4323867e-05,0.12287759
90.9,31.4159,5.4237378e-05,0.12268195
91,31.4159,5.4209581e-05,0.12261908
91.1,31.4159,5.4163896e-05,0.12251574
91.2,31.4159,5.4161601e-05,0.12251055
91.3,31.4159,5.4095686e-05,0.12236146
91.4,31.4159,5.4059902e-05,0.12228051
91.5,31.4159,5.4014048e-05,0.12217679
91.6,31.4159,5.4031542e-05,0.12221637
91.7,31.4159,5.3975747e-05,0.12209016
91.8,31.4159,5.3952638e-05,0.12203789
91.9,31.4159,5.4020834e-05,0.12219214
92,31.4159,5.3958976e-05,0.12205222
92.1,31.4159,5.394371e-05,0.12201769
92.2,31.4159,5.4008086e-05,0.12216331
92.3,31.4159,5.3953253e-05,0.12203928
92.4,31.4159,5.3933183e-05,0.12199388
92.5,31.4159,5.389554e-05,0.12190874
92.6,31.4159,5.392636e-05,0.12197845
92.7,31.4159,5.3817918e-05,0.12173316
92.8,31.4159,5.3795207e-05,0.12168179
92.9,31.4159,5.3796766e-05,0.12168531
93,31.4159,5.3750103e-05,0.12157977
93.1,31.4159,5.3672419e-05,0.12140405
93.2,31.4159,5.3675012e-05,0.12140991
93.3,31.4159,5.3735403e-05,0.12154651
93.4,31.4159,5.3589194e-05,0.1212158
93.5,31.4159,5.3661286e-05,0.12137887
93.6,31.4159,5.3630854e-05,0.12131003
93.7,31.4159,5.3655751e-05,0.12136635
93.8,31.4159,5.3508846e-05,0.12103406
93.9,31.4159,5.3648644e-05,0.12135027
94,31.4159,5.3549037e-05,0.12112496
94.1,31.4159,5.3524449e-05,0.12106935
94.2,31.4159,5.3461293e-05,0.12092649
94.3,31.4159,5.351623e-05,0.12105076
94.4,31.4159,5.3427054e-05,0.12084905
94.5,31.4159,5.340171e-05,0.12079172
94.6,31.4159,5.3395107e-05,0.12077679
94.7,31.4159,5.3366455e-05,0.12071197
94.8,31.4159,5.3317915e-05,0.12060218
94.9,31.4159,5.3302177e-05,0.12056658
95,31.4159,5.3319262e-05,0.12060523
95.1,31.4159,5.3290017e-05,0.12053908
95.2,31.4159,5.3191603e-05,0.12031647
95.3,31.4159,5.3305393e-05,0.12057386
95.4,31.4159,5.3237304e-05,0.12041984
95.5,31.4159,5.3121385e-05,0.12015764
95.6,31.4159,5.3193879e-05,0.12032162
95.7,31.4159,5.3178111e-05,0.12028595
95.8,31.4159,5.3058482e-05,0.12001536
95.9,31.4159,5.3161464e-05,0.1202483
96,31.4159,5.3083965e-05,0.120073
96.1,31.4159,5.3098728e-05,0.12010639
96.2,31.4159,5.3047743e-05,0.11999107
96.3,31.4159,5.3042029e-05,0.11997814
96.4,31.4159,5.3007211e-05,0.11989939
96.5,31.4159,5.297822e-05,0.11983381
96.6,31.4159,5.2961889e-05,0.11979687
96.7,31.4159,5.2870834e-05,0.11959091
96.8,31.4159,5.2845289e-05,0.11953313
96.9,31.4159,5.2544811e-05,0.11885346
97,31.4159,5.2241089e-05,0.11816646
97.1,31.4159,5.2120202e-05,0.11789302
97.2,31.4159,5.2167834e-05,0.11800076
97.3,31.4159,5.2292467e-05,0.11828267
97.4,31.4159,5.2351756e-05,0.11841678
97.5,31.4159,5.223858e-05,0.11816078
97.6,31.4159,5.2274597e-05,0.11824225
97.7,31.4159,5.2304526e-05,0.11830995
97.8,31.4159,5.2226831e-05,0.11813421
97.9,31.4159,5.2349844e-05,0.11841246
98,31.4159,5.2366809e-05,0.11845083
98.1,31.4159,5.2294434e-05,0.11828712
98.2,31.4159,5.2553143e-05,0.11887231
98.3,31.4159,5.3145684e-05,0.1202126
98.4,31.4159,5.4299135e-05,0.12282165
98.5,31.4159,5.39689e-05,0.12207467
98.6,31.4159,5.4936491e-05,0.12426331
98.7,31.4159,5.4762001e-05,0.12386862
98.8,31.4159,5.5039654e-05,0.12449666
98.9,31.4159,5.5248733e-05,0.12496959
99,31.4159,5.5116217e-05,0.12466984
99.1,31.4159,5.5259558e-05,0.12499407
99.2,31.4159,5.5439369e-05,0.12540079
99.3,31.4159,5.5179351e-05,0.12481265
99.4,31.4159,5.5468373e-05,0.1254664
99.5,31.4159,5.5422677e-05,0.12536304
99.6,31.4159,5.5336954e-05,0.12516914
99.7,31.4159,5.5472597e-05,0.12547595
99.8,31.4159,5.5430489e-05,0.12538071
99.9,31.4159,5.5444917e-05,0.12541334
100,31.4159,5.5507984e-05,0.125556
100.1,31.4159,5.5439957e-05,0.12540212
100.2,31.4159,5.5501782e-05,0.12554197
100.3,31.4159,5.5474195e-05,0.12547957
100.4,31.4159,5.5445573e-05,0.12541482
100.5,31.4159,5.5496658e-05,0.12553038
100.6,31.4159,5.5493842e-05,0.12552401
100.7,31.4159,5.5467667e-05,0.1254648
100.8,31.4159,5.5511031e-05,0.12556289
100.9,31.4159,5.5429617e-05,0.12537873
101,31.4159,5.5421454e-05,0.12536027
101.1,31.4159,5.5459478e-05,0.12544628
101.2,31.4159,5.5472607e-05,0.12547597
101.3,31.4159,5.5425554e-05,0.12536954
101.4,31.4159,5.5489519e-05,0.12551423
101.5,31.4159,5.5414675e-05,0.12534494
101.6,31.4159,5.5382934e-05,0.12527314
101.7,31.4159,5.5425728e-05,0.12536994
101.8,31.4159,5.5395804e-05,0.12530225
101.9,31.4159,5.5359427e-05,0.12521997
102,31.4159,5.539075e-05,0.12529082
102.1,31.4159,5.5383421e-05,0.12527424
102.2,31.4159,5.5352331e-05,0.12520392
102.3,31.4159,5.5363733e-05,0.12522971
102.4,31.4159,5.5312014e-05,0.12511272
102.5,31.4159,5.536251e-05,0.12522694
102.6,31.4159,5.5293922e-05,0.1250718
102.7,31.4159,5.5264997e-05,0.12500637
102.8,31.4159,5.5318442e-05,0.12512726
102.9,31.4159,5.5254516e-05,0.12498267
103,31.4159,5.5227084e-05,0.12492062
103.1,31.4159,5.5281695e-05,0.12504414
103.2,31.4159,5.5213183e-05,0.12488917
103.3,31.4159,5.5218686e-05,0.12490162
103.4,31.4159,5.521193e-05,0.12488634
103.5,31.4159,5.5172291e-05,0.12479668
103.6,31.4159,5.5185083e-05,0.12482561
103.7,31.4159,5.5127749e-05,0.12469592
103.8,31.4159,5.5166112e-05,0.1247827
103.9,31.4159,5.5108555e-05,0.12465251
104,31.4159,5.5078491e-05,0.12458451
104.1,31.4159,5.5127574e-05,0.12469553
104.2,31.4159,5.5057202e-05,0.12453635
104.3,31.4159,5.5064929e-05,0.12455383
104.4,31.4159,5.5055154e-05,0.12453172
104.5,31.4159,5.5012796e-05,0.12443591
104.6,31.4159,5.5045457e-05,0.12450979
104.7,31.4159,5.4970317e-05,0.12433982
104.8,31.4159,5.5020891e-05,0.12445422
104.9,31.4159,5.4927666e-05,0.12424335
105,31.4159,5.4949178e-05,0.12429201
105.1,31.4159,5.4932982e-05,0.12425537
105.2,31.4159,5.4904875e-05,0.1241918
105.3,31.4159,5.4902746e-05,0.12418698
105.4,31.4159,5.4853827e-05,0.12407633
105.5,31.4159,5.4888492e-05,0.12415474
105.6,31.4159,5.4809222e-05,0.12397544
105.7,31.4159,5.4870223e-05,0.12411342
105.8,31.4159,5.4774584e-05,0.12389709
105.9,31.4159,5.4777227e-05,0.12390306
106,31.4159,5.4778928e-05,0.12390691
106.1,31.4159,5.4723838e-05,0.1237823
106.2,31.4159,5.476982e-05,0.12388631
106.3,31.4159,5.4673906e-05,0.12366936
106.4,31.4159,5.474227e-05,0.12382399
106.5,31.4159,5.4650388e-05,0.12361616
106.6,31.4159,5.4676148e-05,0.12367443
106.7,31.4159,5.4618319e-05,0.12354362
106.8,31.4159,5.4617957e-05,0.1235428
106.9,31.4159,5.4603315e-05,0.12350969
107,31.4159,5.4600744e-05,0.12350387
107.1,31.4159,5.4539411e-05,0.12336514
107.2,31.4159,5.4540367e-05,0.1233673
107.3,31.4159,5.4524136e-05,0.12333059
107.4,31.4159,5.4525645e-05,0.123334
107.5,31.4159,5.4460911e-05,0.12318758
107.6,31.4159,5.4475028e-05,0.12321951
107.7,31.4159,5.4423686e-05,0.12310337
107.8,31.4159,5.4412511e-05,0.1230781
107.9,31.4159,5.44104e-05,0.12307332
108,31.4159,5.4364472e-05,0.12296944
108.1,31.4159,5.4396651e-05,0.12304222
108.2,31.4159,5.4320331e-05,0.12286959
108.3,31.4159,5.435376e-05,0.1229452
108.4,31.4159,5.4272953e-05,0.12276242
108.5,31.4159,5.4322664e-05,0.12287487
108.6,31.4159,5.4249134e-05,0.12270855
108.7,31.4159,5.4252469e-05,0.12271609
108.8,31.4159,5.4196587e-05,0.12258969
108.9,31.4159,5.4229459e-05,0.12266404
109,31.4159,5.418628e-05,0.12256637
109.1,31.4159,5.4143165e-05,0.12246885
109.2,31.4159,5.4133677e-05,0.12244739
109.3,31.4159,5.4122464e-05,0.12242203
109.4,31.4159,5.4122347e-05,0.12242176
109.5,31.4159,5.4053708e-05,0.1222665
109.6,31.4159,5.411041e-05,0.12239476
109.7,31.4159,5.4012148e-05,0.1221725
109.8,31.4159,5.4063422e-05,0.12228848
109.9,31.4159,5.3980876e-05,0.12210176
110,31.4159,5.3988467e-05,0.12211893
110.1,31.4159,5.3929475e-05,0.1219855
110.2,31.4159,5.398585e-05,0.12211301
110.3,31.4159,5.3894978e-05,0.12190746
110.4,31.4159,5.3903105e-05,0.12192585
110.5,31.4159,5.3857484e-05,0.12182266
110.6,31.4159,5.3849306e-05,0.12180416
110.7,31.4159,5.3839393e-05,0.12178173
110.8,31.4159,5.3826331e-05,0.12175219
110.9,31.4159,5.3778457e-05,0.1216439
111,31.4159,5.377981e-05,0.12164696
111.1,31.4159,5.3755863e-05,0.1215928
111.2,31.4159,5.378935e-05,0.12166854
111.3,31.4159,5.369776e-05,0.12146137
111.4,31.4159,5.3733642e-05,0.12154253
111.5,31.4159,5.3685032e-05,0.12143258
111.6,31.4159,5.3673663e-05,0.12140686
111.7,31.4159,5.3609987e-05,0.12126283
111.8,31.4159,5.3700111e-05,0.12146669
111.9,31.4159,5.3591404e-05,0.1212208
112,31.4159,5.359868e-05,0.12123726
112.1,31.4159,5.3629313e-05,0.12130655
112.2,31.4159,5.3582814e-05,0.12120137
112.3,31.4159,5.3555453e-05,0.12113948
112.4,31.4159,5.3780362e-05,0.12164821
112.5,31.4159,5.3806344e-05,0.12170698
112.6,31.4159,5.3823022e-05,0.12174471
112.7,31.4159,5.3786703e-05,0.12166255
112.8,31.4159,5.3760461e-05,0.1216032
112.9,31.4159,5.3678899e-05,0.12141871
113,31.4159,5.358053e-05,0.1211962
113.1,31.4159,5.3569589e-05,0.12117145
113.2,31.4159,5.3550842e-05,0.12112905
113.3,31.4159,5.3413656e-05,0.12081874
113.4,31.4159,5.34791e-05,0.12096677
113.5,31.4159,5.3427046e-05,0.12084903
113.6,31.4159,5.3261706e-05,0.12047504
113.7,31.4159,5.3414803e-05,0.12082134
113.8,31.4159,5.3300719e-05,0.12056329
113.9,31.4159,5.3176577e-05,0.12028248
114,31.4159,5.3365817e-05,0.12071053
114.1,31.4159,5.3236958e-05,0.12041906
114.2,31.4159,5.3203118e-05,0.12034252
114.3,31.4159,5.3300084e-05,0.12056185
114.4,31.4159,5.3248962e-05,0.12044621
114.5,31.4159,5.3241183e-05,0.12042862
114.6,31.4159,5.3198821e-05,0.1203328
114.7,31.4159,5.2967324e-05,0.11980916
114.8,31.4159,5.2721212e-05,0.11925247
114.9,31.4159,5.2590004e-05,0.11895569
115,31.4159,5.2772457e-05,0.11936838
115.1,31.4159,5.264961e-05,0.11909051
115.2,31.4159,5.2717899e-05,0.11924498
115.3,31.4159,5.2649714e-05,0.11909075
115.4,31.4159,5.266823e-05,0.11913263
115.5,31.4159,5.2623164e-05,0.11903069
115.6,31.4159,5.2636797e-05,0.11906153
115.7,31.4159,5.2644291e-05,0.11907848
115.8,31.4159,5.2617845e-05,0.11901866
115.9,31.4159,5.2660144e-05,0.11911434
116,31.4159,5.2663409e-05,0.11912172
116.1,31.4159,5.2692941e-05,0.11918852
116.2,31.4159,5.2650221e-05,0.11909189
116.3,31.4159,5.2637355e-05,0.11906279
116.4,31.4159,5.2662633e-05,0.11911997
116.5,31.4159,5.256065e-05,0.11888929
116.6,31.4159,5.253891e-05,0.11884011
116.7,31.4159,5.2560522e-05,0.118889
116.8,31.4159,5.2541022e-05,0.11884489
116.9,31.4159,5.2434077e-05,0.11860299
117,31.4159,5.2502129e-05,0.11875692
117.1,31.4159,5.2481556e-05,0.11871038
117.2,31.4159,5.237407e-05,0.11846725
117.3,31.4159,5.2457433e-05,0.11865582
117.4,31.4159,5.2454621e-05,0.11864946
117.5,31.4159,5.237232e-05,0.1184633
117.6,31.4159,5.2433171e-05,0.11860094
117.7,31.4159,5.2437865e-05,0.11861156
117.8,31.4159,5.2367989e-05,0.1184535
117.9,31.4159,5.2364968e-05,0.11844667
118,31.4159,5.2379959e-05,0.11848058
118.1,31.4159,5.230799e-05,0.11831779
118.2,31.4159,5.2306767e-05,0.11831502
118.3,31.4159,5.2287568e-05,0.11827159
118.4,31.4159,5.2244364e-05,0.11817387
118.5,31.4159,5.2298807e-05,0.11829701
118.6,31.4159,5.2233916e-05,0.11815023
118.7,31.4159,5.2182522e-05,0.11803398
118.8,31.4159,5.2239646e-05,0.1181632
118.9,31.4159,5.2171287e-05,0.11800857
119,31.4159,5.2132816e-05,0.11792155
119.1,31.4159,5.2217003e-05,0.11811198
119.2,31.4159,5.214974e-05,0.11795983
119.3,31.4159,5.2066732e-05,0.11777207
119.4,31.4159,5.2170814e-05,0.1180075
119.5,31.4159,5.2085987e-05,0.11781563
119.6,31.4159,5.1998181e-05,0.11761701
119.7,31.4159,5.2100518e-05,0.1178485
119.8,31.4159,5.2029908e-05,0.11768878
119.9,31.4159,5.1985382e-05,0.11758807
120,31.4159,5.2089769e-05,0.11782418
120.1,31.4159,5.1941136e-05,0.11748798
120.2,31.4159,5.1986492e-05,0.11759058
120.3,31.4159,5.214259e-05,0.11794366
120.4,31.4159,5.2050532e-05,0.11773543
120.5,31.4159,5.2053e-05,0.11774101
120.6,31.4159,5.2224746e-05,0.11812949
120.7,31.4159,5.2355968e-05,0.11842631
120.8,31.4159,5.2251682e-05,0.11819042
120.9,31.4159,5.1921178e-05,0.11744284
121,31.4159,5.193173e-05,0.11746671
121.1,31.4159,5.1821041e-05,0.11721633
121.2,31.4159,5.2033248e-05,0.11769634
121.3,31.4159,5.190126e-05,0.11739778
121.4,31.4159,5.1869477e-05,0.11732589
121.5,31.4159,5.1941825e-05,0.11748954
121.6,31.4159,5.1851736e-05,0.11728576
121.7,31.4159,5.1837534e-05,0.11725364
121.8,31.4159,5.1701222e-05,0.11694531
121.9,31.4159,5.1755091e-05,0.11706716
122,31.4159,5.2073612e-05,0.11778764
122.1,31.4159,5.231611e-05,0.11833615
122.2,31.4159,5.212231e-05,0.11789779
122.3,31.4159,5.1757289e-05,0.11707213
122.4,31.4159,5.1711963e-05,0.11696961
122.5,31.4159,5.2520195e-05,0.11879778
122.6,31.4159,5.315591e-05,0.12023573
122.7,31.4159,5.3261894e-05,0.12047546
122.8,31.4159,5.3593665e-05,0.12122591
122.9,31.4159,5.3831394e-05,0.12176364
123,31.4159,5.416741e-05,0.12252369
123.1,31.4159,5.4062338e-05,0.12228602
123.2,31.4159,5.4393907e-05,0.12303602
123.3,31.4159,5.4443027e-05,0.12314712
123.4,31.4159,5.4396244e-05,0.1230413
123.5,31.4159,5.4727829e-05,0.12379133
123.6,31.4159,5.4542151e-05,0.12337134
123.7,31.4159,5.4779021e-05,0.12390712
123.8,31.4159,5.4718642e-05,0.12377055
123.9,31.4159,5.4753049e-05,0.12384837
124,31.4159,5.4828738e-05,0.12401958
124.1,31.4159,5.4814341e-05,0.12398701
124.2,31.4159,5.4860532e-05,0.12409149
124.3,31.4159,5.4839777e-05,0.12404455
124.4,31.4159,5.491484e-05,0.12421434
124.5,31.4159,5.4847009e-05,0.12406091
124.6,31.4159,5.4893202e-05,0.12416539
124.7,31.4159,5.4904656e-05,0.1241913
124.8,31.4159,5.488656e-05,0.12415037
124.9,31.4159,5.4912525e-05,0.1242091
125,31.4159,5.4850181e-05,0.12406808
125.1,31.4159,5.4891214e-05,0.1241609
125.2,31.4159,5.4898661e-05,0.12417774
125.3,31.4159,5.4871258e-05,0.12411576
125.4,31.4159,5.4889859e-05,0.12415783
125.5,31.4159,5.4846321e-05,0.12405935
125.6,31.4159,5.4891999e-05,0.12416267
125.7,31.4159,5.4851479e-05,0.12407102
125.8,31.4159,5.485276e-05,0.12407392
125.9,31.4159,5.4851381e-05,0.1240708
126,31.4159,5.4809838e-05,0.12397683
126.1,31.4159,5.481079e-05,0.12397898
126.2,31.4159,5.4807418e-05,0.12397135
126.3,31.4159,5.4814805e-05,0.12398806
126.4,31.4159,5.4761537e-05,0.12386757
126.5,31.4159,5.4779451e-05,0.12390809
126.6,31.4159,5.4739043e-05,0.12381669
126.7,31.4159,5.4735307e-05,0.12380824
126.8,31.4159,5.473942e-05,0.12381755
126.9,31.4159,5.4696858e-05,0.12372127
127,31.4159,5.4736032e-05,0.12380988
127.1,31.4159,5.4665302e-05,0.1236499
127.2,31.4159,5.4705218e-05,0.12374018
127.3,31.4159,5.4662239e-05,0.12364297
127.4,31.4159,5.4649815e-05,0.12361486
127.5,31.4159,5.4663687e-05,0.12364624
127.6,31.4159,5.4595388e-05,0.12349175
127.7,31.4159,5.4663788e-05,0.12364647
127.8,31.4159,5.4566737e-05,0.12342695
127.9,31.4159,5.4626346e-05,0.12356178
128,31.4159,5.452689e-05,0.12333682
128.1,31.4159,5.4589805e-05,0.12347913
128.2,31.4159,5.4501347e-05,0.12327904
128.3,31.4159,5.4551734e-05,0.12339301
128.4,31.4159,5.4482153e-05,0.12323562
128.5,31.4159,5.4485709e-05,0.12324367
128.6,31.4159,5.4468263e-05,0.1232042
128.7,31.4159,5.4440835e-05,0.12314216
128.8,31.4159,5.4466437e-05,0.12320007
128.9,31.4159,5.4387918e-05,0.12302247
129,31.4159,5.443923e-05,0.12313853
129.1,31.4159,5.4367026e-05,0.12297521
129.2,31.4159,5.4368213e-05,0.1229779
129.3,31.4159,5.4355051e-05,0.12294812
129.4,31.4159,5.4308209e-05,0.12284217
129.5,31.4159,5.4304982e-05,0.12283487
129.6,31.4159,5.4301167e-05,0.12282624
129.7,31.4159,5.4290521e-05,0.12280216
129.8,31.4159,5.424132e-05,0.12269087
129.9,31.4159,5.424273e-05,0.12269406
130,31.4159,5.4242266e-05,0.12269301
130.1,31.4159,5.4240726e-05,0.12268953
130.2,31.4159,5.4172904e-05,0.12253612
130.3,31.4159,5.4234966e-05,0.1226765
130.4,31.4159,5.4140991e-05,0.12246393
130.5,31.4159,5.4196905e-05,0.12259041
130.6,31.4159,5.4117451e-05,0.12241069
130.7,31.4159,5.4144046e-05,0.12247084
130.8,31.4159,5.4111073e-05,0.12239626
130.9,31.4159,5.4066235e-05,0.12229484
131,31.4159,5.4068292e-05,0.12229949
131.1,31.4159,5.4064244e-05,0.12229034
131.2,31.4159,5.4062416e-05,0.1222862
131.3,31.4159,5.4003457e-05,0.12215284
131.4,31.4159,5.4018585e-05,0.12218706
131.5,31.4159,5.3980934e-05,0.12210189
131.6,31.4159,5.3970653e-05,0.12207864
131.7,31.4159,5.3974009e-05,0.12208623
131.8,31.4159,5.3932502e-05,0.12199234
131.9,31.4159,5.3971024e-05,0.12207948
132,31.4159,5.3896571e-05,0.12191107
132.1,31.4159,5.3940218e-05,0.1220098
132.2,31.4159,5.3876155e-05,0.12186489
132.3,31.4159,5.3883169e-05,0.12188075
132.4,31.4159,5.3824737e-05,0.12174858
132.5,31.4159,5.3886606e-05,0.12188853
132.6,31.4159,5.3799278e-05,0.121691
132.7,31.4159,5.3757306e-05,0.12159606
132.8,31.4159,5.3794279e-05,0.12167969
132.9,31.4159,5.3739492e-05,0.12155576
133,31.4159,5.3698407e-05,0.12146283
133.1,31.4159,5.373281e-05,0.12154065
133.2,31.4159,5.3685768e-05,0.12143424
133.3,31.4159,5.3640605e-05,0.12133209
133.4,31.4159,5.3683438e-05,0.12142897
133.5,31.4159,5.3617273e-05,0.12127931
133.6,31.4159,5.3582534e-05,0.12120073
133.7,31.4159,5.3628382e-05,0.12130444
133.8,31.4159,5.3548755e-05,0.12112433
133.9,31.4159,5.3504116e-05,0.12102336
134,31.4159,5.3550537e-05,0.12112836
134.1,31.4159,5.3466739e-05,0.12093881
134.2,31.4159,5.3456393e-05,0.12091541
134.3,31.4159,5.3436026e-05,0.12086934
134.4,31.4159,5.3367553e-05,0.12071446
134.5,31.4159,5.3377581e-05,0.12073714
134.6,31.4159,5.3260408e-05,0.1204721
134.7,31.4159,5.3144435e-05,0.12020978
134.8,31.4159,5.285401e-05,0.11955285
134.9,31.4159,5.2701463e-05,0.1192078
135,31.4159,5.2937784e-05,0.11974234
135.1,31.4159,5.2912793e-05,0.11968582
135.2,31.4159,5.2935797e-05,0.11973785
135.3,31.4159,5.2856963e-05,0.11955953
135.4,31.4159,5.2919855e-05,0.11970179
135.5,31.4159,5.2878759e-05,0.11960883
135.6,31.4159,5.2838552e-05,0.11951789
135.7,31.4159,5.287888e-05,0.11960911
135.8,31.4159,5.2841407e-05,0.11952435
135.9,31.4159,5.2801392e-05,0.11943383
136,31.4159,5.2843529e-05,0.11952915
136.1,31.4159,5.2800607e-05,0.11943206
136.2,31.4159,5.276082e-05,0.11934206
136.3,31.4159,5.2798553e-05,0.11942741
136.4,31.4159,5.2759194e-05,0.11933838
136.5,31.4159,5.2721516e-05,0.11925316
136.6,31.4159,5.2750376e-05,0.11931844
136.7,31.4159,5.2718506e-05,0.11924635
136.8,31.4159,5.2679152e-05,0.11915733
136.9,31.4159,5.2694779e-05,0.11919268
137,31.4159,5.2684313e-05,0.11916901
137.1,31.4159,5.263836e-05,0.11906507
137.2,31.4159,5.2629773e-05,0.11904564
137.3,31.4159,5.2666635e-05,0.11912902
137.4,31.4159,5.2625396e-05,0.11903574
137.5,31.4159,5.2593528e-05,0.11896366
137.6,31.4159,5.2727129e-05,0.11926586
137.7,31.4159,5.2807029e-05,0.11944659
137.8,31.4159,5.2939839e-05,0.11974699
137.9,31.4159,5.2752671e-05,0.11932363
138,31.4159,5.2828562e-05,0.11949529
138.1,31.4159,5.2882854e-05,0.1196181
138.2,31.4159,5.2710813e-05,0.11922895
138.3,31.4159,5.2628948e-05,0.11904378
138.4,31.4159,5.2662006e-05,0.11911855
138.5,31.4159,5.2600029e-05,0.11897836
138.6,31.4159,5.2497344e-05,0.11874609
138.7,31.4159,5.2606299e-05,0.11899254
138.8,31.4159,5.2468938e-05,0.11868184
138.9,31.4159,5.2417599e-05,0.11856572
139,31.4159,5.2550953e-05,0.11886735
139.1,31.4159,5.2365235e-05,0.11844727
139.2,31.4159,5.238034e-05,0.11848144
139.3,31.4159,5.2503191e-05,0.11875932
139.4,31.4159,5.2409454e-05,0.11854729
139.5,31.4159,5.2410906e-05,0.11855058
139.6,31.4159,5.252591e-05,0.11881071
139.7,31.4159,5.2495269e-05,0.1187414
139.8,31.4159,5.2401922e-05,0.11853025
139.9,31.4159,5.2471198e-05,0.11868695
140,31.4159,5.2459438e-05,0.11866035
140.1,31.4159,5.2323471e-05,0.1183528
140.2,31.4159,5.2345984e-05,0.11840373
140.3,31.4159,5.2311633e-05,0.11832603
140.4,31.4159,5.2288283e-05,0.11827321
140.5,31.4159,5.2247562e-05,0.1181811
140.6,31.4159,5.2203358e-05,0.11808111
140.7,31.4159,5.2266217e-05,0.1182233
140.8,31.4159,5.2152525e-05,0.11796613
140.9,31.4159,5.215496e-05,0.11797164
141,31.4159,5.2253763e-05,0.11819513
141.1,31.4159,5.2171417e-05,0.11800886
141.2,31.4159,5.2178115e-05,0.11802402
141.3,31.4159,5.2212896e-05,0.11810269
141.4,31.4159,5.2185876e-05,0.11804157
141.5,31.4159,5.2166117e-05,0.11799688
141.6,31.4159,5.2125102e-05,0.1179041
141.7,31.4159,5.2154088e-05,0.11796967
141.8,31.4159,5.2107051e-05,0.11786327
141.9,31.4159,5.2005114e-05,0.1176327
142,31.4159,5.2056617e-05,0.11774919
142.1,31.4159,5.2044875e-05,0.11772264
142.2,31.4159,5.1972086e-05,0.11755799
142.3,31.4159,5.1934236e-05,0.11747238
142.4,31.4159,5.1979726e-05,0.11757527
142.5,31.4159,5.1974855e-05,0.11756425
142.6,31.4159,5.1876102e-05,0.11734088
142.7,31.4159,5.197731e-05,0.11756981
142.8,31.4159,5.1952886e-05,0.11751456
142.9,31.4159,5.1818831e-05,0.11721133
143,31.4159,5.1948115e-05,0.11750377
143.1,31.4159,5.1877252e-05,0.11734348
143.2,31.4159,5.1830102e-05,0.11723683
143.3,31.4159,5.1822628e-05,0.11721992
143.4,31.4159,5.1790015e-05,0.11714615
143.5,31.4159,5.1806565e-05,0.11718359
143.6,31.4159,5.1758219e-05,0.11707423
143.7,31.4159,5.1724483e-05,0.11699793
143.8,31.4159,5.1786413e-05,0.11713801
143.9,31.4159,5.1696035e-05,0.11693358
144,31.4159,5.1695779e-05,0.116933
144.1,31.4159,5.1727411e-05,0.11700455
144.2,31.4159,5.1667332e-05,0.11686865
144.3,31.4159,5.1641567e-05,0.11681037
144.4,31.4159,5.1676865e-05,0.11689022
144.5,31.4159,5.1656936e-05,0.11684514
144.6,31.4159,5.1519268e-05,0.11653374
144.7,31.4159,5.1772665e-05,0.11710691
144.8,31.4159,5.1690873e-05,0.1169219
144.9,31.4159,5.1659082e-05,0.11684999
145,31.4159,5.1785516e-05,0.11713598
145.1,31.4159,5.2070814e-05,0.11778131
145.2,31.4159,5.2327853e-05,0.11836271
145.3,31.4159,5.2064072e-05,0.11776606
145.4,31.4159,5.2656002e-05,0.11910497
145.5,31.4159,5.2914579e-05,0.11968986
145.6,31.4159,5.378596e-05,0.12166087
145.7,31.4159,5.399062e-05,0.1221238
145.8,31.4159,5.3972209e-05,0.12208216
145.9,31.4159,5.4365579e-05,0.12297194
146,31.4159,5.4282826e-05,0.12278476
146.1,31.4159,5.438436e-05,0.12301442
146.2,31.4159,5.4572474e-05,0.12343992
146.3,31.4159,5.4432309e-05,0.12312288
146.4,31.4159,5.4665614e-05,0.1236506
146.5,31.4159,5.4589145e-05,0.12347763
146.6,31.4159,5.466859e-05,0.12365733
146.7,31.4159,5.4655619e-05,0.12362799
146.8,31.4159,5.4748715e-05,0.12383857
146.9,31.4159,5.4695629e-05,0.12371849
147,31.4159,5.4696881e-05,0.12372132
147.1,31.4159,5.4791622e-05,0.12393562
147.2,31.4159,5.4716852e-05,0.1237665
147.3,31.4159,5.4759699e-05,0.12386342
147.4,31.4159,5.4749133e-05,0.12383952
147.5,31.4159,5.4726273e-05,0.12378781
147.6,31.4159,5.4825382e-05,0.12401199
147.7,31.4159,5.4741904e-05,0.12382317
147.8,31.4159,5.481271e-05,0.12398332
147.9,31.4159,5.4730998e-05,0.1237985
148,31.4159,5.4794924e-05,0.12394309
148.1,31.4159,5.4706965e-05,0.12374414
148.2,31.4159,5.4796133e-05,0.12394583
148.3,31.4159,5.4708958e-05,0.12374864
148.4,31.4159,5.4771815e-05,0.12389082
148.5,31.4159,5.4681976e-05,0.12368761
148.6,31.4159,5.4759066e-05,0.12386198
148.7,31.4159,5.4674284e-05,0.12367021
148.8,31.4159,5.4734792e-05,0.12380708
148.9,31.4159,5.4640368e-05,0.1235935
149,31.4159,5.4718955e-05,0.12377126
149.1,31.4159,5.4631343e-05,0.12357308
149.2,31.4159,5.4684146e-05,0.12369252
149.3,31.4159,5.4621187e-05,0.12355011
149.4,31.4159,5.4630489e-05,0.12357115
149.5,31.4159,5.4610295e-05,0.12352547
149.6,31.4159,5.459386e-05,0.1234883
149.7,31.4159,5.4624954e-05,0.12355863
149.8,31.4159,5.4545851e-05,0.1233797
149.9,31.4159,5.4599238e-05,0.12350046
150,31.4159,5.4508924e-05,0.12329618
150.1,31.4159,5.4572245e-05,0.12343941
150.2,31.4159,5.450227e-05,0.12328113
150.3,31.4159,5.4511871e-05,0.12330284
150.4,31.4159,5.4463583e-05,0.12319362
150.5,31.4159,5.4527224e-05,0.12333757
150.6,31.4159,5.4443496e-05,0.12314818
150.7,31.4159,5.4457745e-05,0.12318041
150.8,31.4159,5.4414217e-05,0.12308196
150.9,31.4159,5.4409572e-05,0.12307145
151,31.4159,5.441404e-05,0.12308155
151.1,31.4159,5.4409712e-05,0.12307176
151.2,31.4159,5.4351187e-05,0.12293939
151.3,31.4159,5.4398076e-05,0.12304545
151.4,31.4159,5.4322929e-05,0.12287547
151.5,31.4159,5.4375174e-05,0.12299364
151.6,31.4159,5.4305601e-05,0.12283627
151.7,31.4159,5.4310215e-05,0.12284671
151.8,31.4159,5.4299439e-05,0.12282233
151.9,31.4159,5.4253224e-05,0.1227178
152,31.4159,5.4259792e-05,0.12273265
152.1,31.4159,5.4247408e-05,0.12270464
152.2,31.4159,5.4265754e-05,0.12274614
152.3,31.4159,5.4190762e-05,0.12257651
152.4,31.4159,5.4244796e-05,0.12269874
152.5,31.4159,5.4177863e-05,0.12254733
152.6,31.4159,5.4183584e-05,0.12256028
152.7,31.4159,5.4135727e-05,0.12245203
152.8,31.4159,5.4177776e-05,0.12254714
152.9,31.4159,5.4112765e-05,0.12240009
153,31.4159,5.4158718e-05,0.12250403
153.1,31.4159,5.4085536e-05,0.1223385
153.2,31.4159,5.4123234e-05,0.12242377
153.3,31.4159,5.4074584e-05,0.12231372
153.4,31.4159,5.4074169e-05,0.12231279
153.5,31.4159,5.4038979e-05,0.12223319
153.6,31.4159,5.4056936e-05,0.12227381
153.7,31.4159,5.4002559e-05,0.12215081
153.8,31.4159,5.4040091e-05,0.1222357
153.9,31.4159,5.3964429e-05,0.12206456
154,31.4159,5.4018242e-05,0.12218628
154.1,31.4159,5.3944505e-05,0.12201949
154.2,31.4159,5.3956878e-05,0.12204748
154.3,31.4159,5.3922938e-05,0.12197071
154.4,31.4159,5.3879975e-05,0.12187353
154.5,31.4159,5.3913158e-05,0.12194859
154.6,31.4159,5.3872049e-05,0.1218556
154.7,31.4159,5.3825941e-05,0.12175131
154.8,31.4159,5.3863136e-05,0.12183544
154.9,31.4159,5.381465e-05,0.12172577
155,31.4159,5.3772611e-05,0.12163068
155.1,31.4159,5.3808814e-05,0.12171257
155.2,31.4159,5.3762704e-05,0.12160827
155.3,31.4159,5.3719528e-05,0.12151061
155.4,31.4159,5.3766611e-05,0.12161711
155.5,31.4159,5.3694953e-05,0.12145502
155.6,31.4159,5.3693561e-05,0.12145187
155.7,31.4159,5.3682894e-05,0.12142774
155.8,31.4159,5.3628759e-05,0.12130529
155.9,31.4159,5.3655237e-05,0.12136518
156,31.4159,5.3567688e-05,0.12116715
156.1,31.4159,5.3532897e-05,0.12108846
156.2,31.4159,5.3567423e-05,0.12116655
156.3,31.4159,5.3509984e-05,0.12103663
156.4,31.4159,5.3451108e-05,0.12090346
156.5,31.4159,5.3475557e-05,0.12095876
156.6,31.4159,5.3388577e-05,0.12076201
156.7,31.4159,5.331401e-05,0.12059335
156.8,31.4159,5.3123205e-05,0.12016176
156.9,31.4159,5.2985103e-05,0.11984938
157,31.4159,5.2823995e-05,0.11948496
157.1,31.4159,5.3062663e-05,0.12002481
157.2,31.4159,5.2941767e-05,0.11975135
157.3,31.4159,5.3042694e-05,0.11997965
157.4,31.4159,5.2966319e-05,0.11980689
157.5,31.4159,5.2943379e-05,0.119755
157.6,31.4159,5.2995112e-05,0.11987202
157.7,31.4159,5.2936198e-05,0.11973876
157.8,31.4159,5.2902943e-05,0.11966354
157.9,31.4159,5.2958047e-05,0.11978818
158,31.4159,5.2901422e-05,0.1196601
158.1,31.4159,5.2864008e-05,0.11957547
158.2,31.4159,5.2914013e-05,0.11968858
158.3,31.4159,5.2864634e-05,0.11957688
158.4,31.4159,5.2827713e-05,0.11949337
158.5,31.4159,5.2883076e-05,0.1196186
158.6,31.4159,5.2815359e-05,0.11946543
158.7,31.4159,5.2782113e-05,0.11939023
158.8,31.4159,5.2833871e-05,0.1195073
158.9,31.4159,5.2767124e-05,0.11935632
159,31.4159,5.2745656e-05,0.11930776
159.1,31.4159,5.2800194e-05,0.11943112
159.2,31.4159,5.272974e-05,0.11927176
159.3,31.4159,5.2700241e-05,0.11920504
159.4,31.4159,5.2741297e-05,0.1192979
159.5,31.4159,5.2674525e-05,0.11914687
159.6,31.4159,5.2659756e-05,0.11911346
159.7,31.4159,5.2685835e-05,0.11917245
159.8,31.4159,5.2628578e-05,0.11904294
159.9,31.4159,5.2631852e-05,0.11905034
160,31.4159,5.263271e-05,0.11905228
160.1,31.4159,5.2598349e-05,0.11897456
160.2,31.4159,5.266003e-05,0.11911408
160.3,31.4159,5.2575343e-05,0.11892252
160.4,31.4159,5.2628654e-05,0.11904311
160.5,31.4159,5.2823923e-05,0.1194848
160.6,31.4159,5.286166e-05,0.11957016
160.7,31.4159,5.2810405e-05,0.11945422
160.8,31.4159,5.282265e-05,0.11948192
160.9,31.4159,5.2760821e-05,0.11934207
161,31.4159,5.2713666e-05,0.1192354
161.1,31.4159,5.2639425e-05,0.11906747
161.2,31.4159,5.2605386e-05,0.11899048
161.3,31.4159,5.2641255e-05,0.11907161
161.4,31.4159,5.2489869e-05,0.11872919
161.5,31.4159,5.2483125e-05,0.11871393
161.6,31.4159,5.2572521e-05,0.11891614
161.7,31.4159,5.2394467e-05,0.11851339
161.8,31.4159,5.245674e-05,0.11865425
161.9,31.4159,5.2467015e-05,0.11867749
162,31.4159,5.2361447e-05,0.1184387
162.1,31.4159,5.2440754e-05,0.11861809
162.2,31.4159,5.2469575e-05,0.11868328
162.3,31.4159,5.2439407e-05,0.11861504
162.4,31.4159,5.2439646e-05,0.11861558
162.5,31.4159,5.2492076e-05,0.11873418
162.6,31.4159,5.2466029e-05,0.11867526
162.7,31.4159,5.2448071e-05,0.11863464
162.8,31.4159,5.2408091e-05,0.11854421
162.9,31.4159,5.2346995e-05,0.11840601
163,31.4159,5.2389884e-05,0.11850303
163.1,31.4159,5.2269721e-05,0.11823122
163.2,31.4159,5.2238896e-05,0.1181615
163.3,31.4159,5.2262014e-05,0.11821379
163.4,31.4159,5.2181635e-05,0.11803198
163.5,31.4159,5.221829e-05,0.11811489
163.6,31.4159,5.2191419e-05,0.11805411
163.7,31.4159,5.2127758e-05,0.11791011
163.8,31.4159,5.2244955e-05,0.1181752
163.9,31.4159,5.2122899e-05,0.11789912
164,31.4159,5.217109e-05,0.11800813
164.1,31.4159,5.2205178e-05,0.11808523
164.2,31.4159,5.2135309e-05,0.11792719
164.3,31.4159,5.2145272e-05,0.11794973
164.4,31.4159,5.214279e-05,0.11794411
164.5,31.4159,5.2072844e-05,0.1177859
164.6,31.4159,5.2073809e-05,0.11778808
164.7,31.4159,5.2036357e-05,0.11770337
164.8,31.4159,5.203611e-05,0.11770281
164.9,31.4159,5.1997411e-05,0.11761527
165,31.4159,5.1929599e-05,0.11746189
165.1,31.4159,5.1977864e-05,0.11757106
165.2,31.4159,5.1965238e-05,0.1175425
165.3,31.4159,5.1880679e-05,0.11735123
165.4,31.4159,5.1938951e-05,0.11748304
165.5,31.4159,5.1931103e-05,0.11746529
165.6,31.4159,5.1910798e-05,0.11741936
165.7,31.4159,5.1836114e-05,0.11725043
165.8,31.4159,5.1869998e-05,0.11732707
165.9,31.4159,5.1886047e-05,0.11736337
166,31.4159,5.1767686e-05,0.11709565
166.1,31.4159,5.1806945e-05,0.11718445
166.2,31.4159,5.1857922e-05,0.11729976
166.3,31.4159,5.1692909e-05,0.11692651
166.4,31.4159,5.1761697e-05,0.1170821
166.5,31.4159,5.1761567e-05,0.11708181
166.6,31.4159,5.1682854e-05,0.11690376
166.7,31.4159,5.1709823e-05,0.11696476
166.8,31.4159,5.1680132e-05,0.11689761
166.9,31.4159,5.1715126e-05,0.11697676
167,31.4159,5.1602246e-05,0.11672143
167.1,31.4159,5.1685515e-05,0.11690978
167.2,31.4159,5.1656136e-05,0.11684333
167.3,31.4159,5.1566782e-05,0.11664122
167.4,31.4159,5.16615e-05,0.11685546
167.5,31.4159,5.1671867e-05,0.11687891
167.6,31.4159,5.1598507e-05,0.11671297
167.7,31.4159,5.1564918e-05,0.116637
167.8,31.4159,5.1681952e-05,0.11690172
167.9,31.4159,5.1994935e-05,0.11760967
168,31.4159,5.2140889e-05,0.11793981
168.1,31.4159,5.1785892e-05,0.11713683
168.2,31.4159,5.1560761e-05,0.1166276
168.3,31.4159,5.1450877e-05,0.11637904
168.4,31.4159,5.1576996e-05,0.11666432
168.5,31.4159,5.1513329e-05,0.11652031
168.6,31.4159,5.1404592e-05,0.11627435
168.7,31.4159,5.1717221e-05,0.1169815
168.8,31.4159,5.1491036e-05,0.11646988
168.9,31.4159,5.1450102e-05,0.11637729
169,31.4159,5.1305514e-05,0.11605024
169.1,31.4159,5.1106588e-05,0.11560028
169.2,31.4159,5.1186881e-05,0.1157819
169.3,31.4159,5.1355104e-05,0.11616241
169.4,31.4159,5.1565014e-05,0.11663722
169.5,31.4159,5.1590733e-05,0.11669539
169.6,31.4159,5.1492864e-05,0.11647402
169.7,31.4159,5.2468796e-05,0.11868152
169.8,31.4159,5.2714253e-05,0.11923673
169.9,31.4159,5.3535307e-05,0.12109391
170,31.4159,5.3769325e-05,0.12162325
170.1,31.4159,5.3736356e-05,0.12154867
170.2,31.4159,5.4056829e-05,0.12227356
170.3,31.4159,5.3954096e-05,0.12204119
170.4,31.4159,5.4118681e-05,0.12241347
170.5,31.4159,5.4141569e-05,0.12246524
170.6,31.4159,5.4243653e-05,0.12269615
170.7,31.4159,5.4179362e-05,0.12255073
170.8,31.4159,5.43611e-05,0.12296181
170.9,31.4159,5.4291096e-05,0.12280346
171,31.4159,5.4378608e-05,0.12300141
171.1,31.4159,5.4362332e-05,0.12296459
171.2,31.4159,5.4401424e-05,0.12305302
171.3,31.4159,5.4385722e-05,0.1230175
171.4,31.4159,5.447082e-05,0.12320999
171.5,31.4159,5.4411733e-05,0.12307634
171.6,31.4159,5.4500143e-05,0.12327631
171.7,31.4159,5.4452665e-05,0.12316892
171.8,31.4159,5.4482351e-05,0.12323607
171.9,31.4159,5.4453427e-05,0.12317065
172,31.4159,5.4531445e-05,0.12334712
172.1,31.4159,5.4459578e-05,0.12318456
172.2,31.4159,5.4524405e-05,0.12333119
172.3,31.4159,5.4468742e-05,0.12320529
172.4,31.4159,5.4490743e-05,0.12325505
172.5,31.4159,5.4452703e-05,0.12316901
172.6,31.4159,5.4514604e-05,0.12330902
172.7,31.4159,5.445741e-05,0.12317965
172.8,31.4159,5.4495638e-05,0.12326613
172.9,31.4159,5.4468629e-05,0.12320503
173,31.4159,5.4434438e-05,0.12312769
173.1,31.4159,5.4440991e-05,0.12314252
173.2,31.4159,5.4446054e-05,0.12315397
173.3,31.4159,5.4444983e-05,0.12315155
173.4,31.4159,5.4402994e-05,0.12305657
173.5,31.4159,5.4407965e-05,0.12306781
173.6,31.4159,5.4416869e-05,0.12308795
173.7,31.4159,5.4411335e-05,0.12307544
173.8,31.4159,5.437029e-05,0.1229826
173.9,31.4159,5.437469e-05,0.12299255
174,31.4159,5.4378507e-05,0.12300118
174.1,31.4159,5.4380461e-05,0.1230056
174.2,31.4159,5.4327141e-05,0.12288499
174.3,31.4159,5.4344513e-05,0.12292429
174.4,31.4159,5.433324e-05,0.12289879
174.5,31.4159,5.4367814e-05,0.12297699
174.6,31.4159,5.4288451e-05,0.12279748
174.7,31.4159,5.4345268e-05,0.122926
174.8,31.4159,5.4277454e-05,0.1227726
174.9,31.4159,5.4287886e-05,0.1227962
175,31.4159,5.4242817e-05,0.12269426
175.1,31.4159,5.4308767e-05,0.12284343
175.2,31.4159,5.421289e-05,0.12262657
175.3,31.4159,5.4284777e-05,0.12278917
175.4,31.4159,5.4201934e-05,0.12260178
175.5,31.4159,5.4256107e-05,0.12272432
175.6,31.4159,5.4192087e-05,0.12257951
175.7,31.4159,5.4206401e-05,0.12261189
175.8,31.4159,5.4161494e-05,0.12251031
175.9,31.4159,5.4202527e-05,0.12260312
176,31.4159,5.4164485e-05,0.12251707
176.1,31.4159,5.415737e-05,0.12250098
176.2,31.4159,5.4177152e-05,0.12254573
176.3,31.4159,5.4105864e-05,0.12238448
176.4,31.4159,5.4139436e-05,0.12246042
176.5,31.4159,5.4086103e-05,0.12233978
176.6,31.4159,5.4088259e-05,0.12234466
176.7,31.4159,5.409153e-05,0.12235205
176.8,31.4159,5.4045122e-05,0.12224708
176.9,31.4159,5.4078962e-05,0.12232363
177,31.4159,5.4014312e-05,0.12217739
177.1,31.4159,5.4061596e-05,0.12228435
177.2,31.4159,5.3970376e-05,0.12207801
177.3,31.4159,5.4009594e-05,0.12216672
177.4,31.4159,5.3968957e-05,0.1220748
177.5,31.4159,5.3925475e-05,0.12197645
177.6,31.4159,5.3960745e-05,0.12205623
177.7,31.4159,5.392031e-05,0.12196477
177.8,31.4159,5.3874969e-05,0.12186221
177.9,31.4159,5.3911417e-05,0.12194465
178,31.4159,5.3879501e-05,0.12187246
178.1,31.4159,5.3828417e-05,0.12175691
178.2,31.4159,5.3856265e-05,0.1218199
178.3,31.4159,5.381418e-05,0.1217247
178.4,31.4159,5.3766311e-05,0.12161643
178.5,31.4159,5.3793691e-05,0.12167836
178.6,31.4159,5.3748762e-05,0.12157673
178.7,31.4159,5.3697929e-05,0.12146175
178.8,31.4159,5.3723496e-05,0.12151958
178.9,31.4159,5.3682852e-05,0.12142765
179,31.4159,5.3603995e-05,0.12124928
179.1,31.4159,5.3608296e-05,0.12125901
179.2,31.4159,5.3632254e-05,0.1213132
179.3,31.4159,5.351535e-05,0.12104877
179.4,31.4159,5.351533e-05,0.12104872
179.5,31.4159,5.3326986e-05,0.1206227
179.6,31.4159,5.308839e-05,0.12008301
179.7,31.4159,5.2948152e-05,0.1197658
179.8,31.4159,5.3201078e-05,0.1203379
179.9,31.4159,5.308376e-05,0.12007253
180,31.4159,5.3182689e-05,0.12029631
180.1,31.4159,5.3111838e-05,0.12013604
180.2,31.4159,5.3095863e-05,0.12009991
180.3,31.4159,5.3142251e-05,0.12020484
180.4,31.4159,5.3101149e-05,0.12011187
180.5,31.4159,5.3061945e-05,0.12002319
180.6,31.4159,5.311235e-05,0.1201372
180.7,31.4159,5.3067405e-05,0.12003554
180.8,31.4159,5.302829e-05,0.11994706
180.9,31.4159,5.3074948e-05,0.1200526
181,31.4159,5.3021053e-05,0.1199307
181.1,31.4159,5.2990635e-05,0.11986189
181.2,31.4159,5.3038418e-05,0.11996997
181.3,31.4159,5.298399e-05,0.11984686
181.4,31.4159,5.2949399e-05,0.11976862
181.5,31.4159,5.3001696e-05,0.11988691
181.6,31.4159,5.2942102e-05,0.11975211
181.7,31.4159,5.290972e-05,0.11967887
181.8,31.4159,5.2960643e-05,0.11979405
181.9,31.4159,5.2900155e-05,0.11965723
182,31.4159,5.2869921e-05,0.11958884
182.1,31.4159,5.2921928e-05,0.11970648
182.2,31.4159,5.285635e-05,0.11955815
182.3,31.4159,5.2822523e-05,0.11948163
182.4,31.4159,5.2878009e-05,0.11960714
182.5,31.4159,5.2811594e-05,0.11945691
182.6,31.4159,5.2782202e-05,0.11939043
182.7,31.4159,5.2841222e-05,0.11952393
182.8,31.4159,5.2776601e-05,0.11937776
182.9,31.4159,5.2733437e-05,0.11928012
183,31.4159,5.2781618e-05,0.11938911
183.1,31.4159,5.2721387e-05,0.11925287
183.2,31.4159,5.2683963e-05,0.11916822
183.3,31.4159,5.2738982e-05,0.11929267
183.4,31.4159,5.2672606e-05,0.11914253
183.5,31.4159,5.2676868e-05,0.11915217
183.6,31.4159,5.2672435e-05,0.11914214
183.7,31.4159,5.2599221e-05,0.11897654
183.8,31.4159,5.263795e-05,0.11906414
183.9,31.4159,5.2608929e-05,0.11899849
184,31.4159,5.2531395e-05,0.11882312
184.1,31.4159,5.2554306e-05,0.11887494
184.2,31.4159,5.261929e-05,0.11902193
184.3,31.4159,5.2540411e-05,0.11884351
184.4,31.4159,5.249628e-05,0.11874369
184.5,31.4159,5.2535733e-05,0.11883293
184.6,31.4159,5.2493329e-05,0.11873701
184.7,31.4159,5.2449698e-05,0.11863832
184.8,31.4159,5.2501969e-05,0.11875656
184.9,31.4159,5.2436173e-05,0.11860773
185,31.4159,5.2409402e-05,0.11854717
185.1,31.4159,5.246664e-05,0.11867664
185.2,31.4159,5.2402742e-05,0.11853211
185.3,31.4159,5.235205e-05,0.11841745
185.4,31.4159,5.2410808e-05,0.11855035
185.5,31.4159,5.2343547e-05,0.11839821
185.6,31.4159,5.23296e-05,0.11836667
185.7,31.4159,5.2338707e-05,0.11838727
185.8,31.4159,5.2304107e-05,0.118309
185.9,31.4159,5.2282373e-05,0.11825984
186,31.4159,5.224033e-05,0.11816474
186.1,31.4159,5.2280218e-05,0.11825497
186.2,31.4159,5.2211214e-05,0.11809888
186.3,31.4159,5.2256652e-05,0.11820166
186.4,31.4159,5.2352877e-05,0.11841932
186.5,31.4159,5.2292776e-05,0.11828337
186.6,31.4159,5.2332724e-05,0.11837373
186.7,31.4159,5.2655671e-05,0.11910422
186.8,31.4159,5.262004e-05,0.11902363
186.9,31.4159,5.2395132e-05,0.1185149
187,31.4159,5.2304217e-05,0.11830925
187.1,31.4159,5.2180106e-05,0.11802852
187.2,31.4159,5.2250937e-05,0.11818873
187.3,31.4159,5.2061543e-05,0.11776034
187.4,31.4159,5.2127905e-05,0.11791044
187.5,31.4159,5.215375e-05,0.1179689
187.6,31.4159,5.2012647e-05,0.11764974
187.7,31.4159,5.2170312e-05,0.11800637
187.8,31.4159,5.2158749e-05,0.11798021
187.9,31.4159,5.2211047e-05,0.11809851
188,31.4159,5.2198882e-05,0.11807099
188.1,31.4159,5.2224772e-05,0.11812955
188.2,31.4159,5.2257431e-05,0.11820342
188.3,31.4159,5.2111645e-05,0.11787366
188.4,31.4159,5.2074438e-05,0.11778951
188.5,31.4159,5.2088037e-05,0.11782026
188.6,31.4159,5.2021813e-05,0.11767047
188.7,31.4159,5.1985465e-05,0.11758825
188.8,31.4159,5.1905329e-05,0.11740699
188.9,31.4159,5.1995531e-05,0.11761102
189,31.4159,5.1856242e-05,0.11729596
189.1,31.4159,5.1868075e-05,0.11732272
189.2,31.4159,5.1979793e-05,0.11757542
189.3,31.4159,5.1851576e-05,0.1172854
189.4,31.4159,5.18957e-05,0.11738521
189.5,31.4159,5.1917309e-05,0.11743409
189.6,31.4159,5.1932002e-05,0.11746732
189.7,31.4159,5.1855369e-05,0.11729398
189.8,31.4159,5.1861174e-05,0.11730711
189.9,31.4159,5.1876501e-05,0.11734178
190,31.4159,5.1768716e-05,0.11709798
190.1,31.4159,5.1765891e-05,0.11709159
190.2,31.4159,5.1760056e-05,0.11707839
190.3,31.4159,5.1766679e-05,0.11709337
190.4,31.4159,5.1697946e-05,0.1169379
190.5,31.4159,5.1633366e-05,0.11679182
190.6,31.4159,5.1755276e-05,0.11706758
190.7,31.4159,5.1621818e-05,0.1167657
190.8,31.4159,5.1628073e-05,0.11677985
190.9,31.4159,5.1634972e-05,0.11679546
191,31.4159,5.1666908e-05,0.11686769
191.1,31.4159,5.1528815e-05,0.11655533
191.2,31.4159,5.1626101e-05,0.11677539
191.3,31.4159,5.1591219e-05,0.11669649
191.4,31.4159,5.1472449e-05,0.11642784
191.5,31.4159,5.1581721e-05,0.11667501
191.6,31.4159,5.1516242e-05,0.1165269
191.7,31.4159,5.1505274e-05,0.11650209
191.8,31.4159,5.1445738e-05,0.11636742
191.9,31.4159,5.1487579e-05,0.11646206
192,31.4159,5.1470351e-05,0.11642309
192.1,31.4159,5.1385596e-05,0.11623138
192.2,31.4159,5.1442639e-05,0.11636041
192.3,31.4159,5.1429456e-05,0.11633059
192.4,31.4159,5.1440901e-05,0.11635648
192.5,31.4159,5.1257096e-05,0.11594072
192.6,31.4159,5.1504472e-05,0.11650027
192.7,31.4159,5.1548693e-05,0.1166003
192.8,31.4159,5.1704415e-05,0.11695253
192.9,31.4159,5.1529296e-05,0.11655642
193,31.4159,5.1433236e-05,0.11633914
193.1,31.4159,5.1619329e-05,0.11676007
193.2,31.4159,5.1540168e-05,0.11658101
193.3,31.4159,5.1490733e-05,0.1164692
193.4,31.4159,5.1317005e-05,0.11607623
193.5,31.4159,5.1575754e-05,0.11666151
193.6,31.4159,5.1633824e-05,0.11679286
193.7,31.4159,5.131891e-05,0.11608054
193.8,31.4159,5.1025936e-05,0.11541785
193.9,31.4159,5.1046752e-05,0.11546493
194,31.4159,5.1028839e-05,0.11542442
194.1,31.4159,5.0931046e-05,0.11520321
194.2,31.4159,5.083427e-05,0.11498431
194.3,31.4159,5.1247171e-05,0.11591827
194.4,31.4159,5.1953285e-05,0.11751546
194.5,31.4159,5.3269675e-05,0.12049306
194.6,31.4159,5.3251253e-05,0.1204514
194.7,31.4159,5.3544654e-05,0.12111505
194.8,31.4159,5.392849e-05,0.12198327
194.9,31.4159,5.398979e-05,0.12212192
195,31.4159,5.3724537e-05,0.12152194
195.1,31.4159,5.4024052e-05,0.12219942
195.2,31.4159,5.4163083e-05,0.1225139
195.3,31.4159,5.4017429e-05,0.12218444
195.4,31.4159,5.4216697e-05,0.12263518
195.5,31.4159,5.4178492e-05,0.12254876
195.6,31.4159,5.4205954e-05,0.12261088
195.7,31.4159,5.4222036e-05,0.12264725
195.8,31.4159,5.4300154e-05,0.12282395
195.9,31.4159,5.4262937e-05,0.12273977
196,31.4159,5.4329236e-05,0.12288973
196.1,31.4159,5.4323969e-05,0.12287782
196.2,31.4159,5.4301587e-05,0.12282719
196.3,31.4159,5.4331129e-05,0.12289401
196.4,31.4159,5.4341547e-05,0.12291758
196.5,31.4159,5.4375545e-05,0.12299448
196.6,31.4159,5.4324383e-05,0.12287875
196.7,31.4159,5.4392731e-05,0.12303335
196.8,31.4159,5.4340943e-05,0.12291621
196.9,31.4159,5.4357087e-05,0.12295273
197,31.4159,5.4331608e-05,0.1228951
197.1,31.4159,5.4377887e-05,0.12299978
197.2,31.4159,5.4351106e-05,0.1229392
197.3,31.4159,5.4339943e-05,0.12291395
197.4,31.4159,5.4375507e-05,0.12299439
197.5,31.4159,5.4309227e-05,0.12284447
197.6,31.4159,5.4370027e-05,0.122982
197.7,31.4159,5.4311867e-05,0.12285045
197.8,31.4159,5.4321895e-05,0.12287313
197.9,31.4159,5.4320697e-05,0.12287042
198,31.4159,5.4275037e-05,0.12276714
198.1,31.4159,5.4285466e-05,0.12279073
198.2,31.4159,5.4299561e-05,0.12282261
198.3,31.4159,5.4258927e-05,0.1227307
198.4,31.4159,5.430469e-05,0.12283421
198.5,31.4159,5.4269941e-05,0.12275561
198.6,31.4159,5.4238807e-05,0.12268519
198.7,31.4159,5.4239689e-05,0.12268718
198.8,31.4159,5.4246248e-05,0.12270202
198.9,31.4159,5.4243442e-05,0.12269567
199,31.4159,5.4199345e-05,0.12259593
199.1,31.4159,5.4203952e-05,0.12260635
199.2,31.4159,5.4220052e-05,0.12264276
199.3,31.4159,5.4174956e-05,0.12254076
199.4,31.4159,5.4230578e-05,0.12266657
199.5,31.4159,5.4166024e-05,0.12252056
199.6,31.4159,5.420504e-05,0.12260881
199.7,31.4159,5.4137198e-05,0.12245535
199.8,31.4159,5.4191751e-05,0.12257875
199.9,31.4159,5.413472e-05,0.12244975
200,31.4159,5.4144857e-05,0.12247268
200.1,31.4159,5.4101615e-05,0.12237487
200.2,31.4159,5.4143764e-05,0.12247021
200.3,31.4159,5.4072513e-05,0.12230904
200.4,31.4159,5.4145916e-05,0.12247507
200.5,31.4159,5.4063285e-05,0.12228817
200.6,31.4159,5.4027297e-05,0.12220676
200.7,31.4159,5.4110565e-05,0.12239511
200.8,31.4159,5.401782e-05,0.12218533
200.9,31.4159,5.4043832e-05,0.12224416
201,31.4159,5.4009372e-05,0.12216622
201.1,31.4159,5.3962741e-05,0.12206074
201.2,31.4159,5.4004926e-05,0.12215616
201.3,31.4159,5.3951621e-05,0.12203559
201.4,31.4159,5.3919778e-05,0.12196356
201.5,31.4159,5.3977228e-05,0.12209351
201.6,31.4159,5.3905784e-05,0.12193191
201.7,31.4159,5.3910924e-05,0.12194353
201.8,31.4159,5.3899651e-05,0.12191804
201.9,31.4159,5.3862653e-05,0.12183435
202,31.4159,5.3886647e-05,0.12188862
202.1,31.4159,5.3800926e-05,0.12169473
202.2,31.4159,5.3795466e-05,0.12168238
202.3,31.4159,5.3821334e-05,0.12174089
202.4,31.4159,5.3723091e-05,0.12151867
202.5,31.4159,5.3724146e-05,0.12152105
202.6,31.4159,5.3750358e-05,0.12158034
202.7,31.4159,5.3648187e-05,0.12134924
202.8,31.4159,5.3638799e-05,0.121328
202.9,31.4159,5.3663544e-05,0.12138398
203,31.4159,5.3527032e-05,0.12107519
203.1,31.4159,5.3440472e-05,0.1208794
203.2,31.4159,5.3155571e-05,0.12023497
203.3,31.4159,5.3057638e-05,0.12001345
203.4,31.4159,5.3203858e-05,0.12034419
203.5,31.4159,5.3212597e-05,0.12036396
203.6,31.4159,5.3201317e-05,0.12033844
203.7,31.4159,5.3152716e-05,0.12022851
203.8,31.4159,5.3194146e-05,0.12032222
203.9,31.4159,5.3191705e-05,0.1203167
204,31.4159,5.3131231e-05,0.12017991
204.1,31.4159,5.3167307e-05,0.12026151
204.2,31.4159,5.3163896e-05,0.1202538
204.3,31.4159,5.3095483e-05,0.12009905
204.4,31.4159,5.3138602e-05,0.12019659
204.5,31.4159,5.3129023e-05,0.12017492
204.6,31.4159,5.3063087e-05,0.12002577
204.7,31.4159,5.310956e-05,0.12013089
204.8,31.4159,5.3073905e-05,0.12005024
204.9,31.4159,5.302958e-05,0.11994998
205,31.4159,5.3068573e-05,0.12003818
205.1,31.4159,5.3038979e-05,0.11997124
205.2,31.4159,5.2994095e-05,0.11986972
205.3,31.4159,5.3025407e-05,0.11994054
205.4,31.4159,5.3014056e-05,0.11991487
205.5,31.4159,5.2945872e-05,0.11976064
205.6,31.4159,5.2996534e-05,0.11987524
205.7,31.4159,5.2949288e-05,0.11976837
205.8,31.4159,5.2911087e-05,0.11968196
205.9,31.4159,5.2962515e-05,0.11979829
206,31.4159,5.2867078e-05,0.11958241
206.1,31.4159,5.2852577e-05,0.11954961
206.2,31.4159,5.2869189e-05,0.11958719
206.3,31.4159,5.290556e-05,0.11966946
206.4,31.4159,5.2816447e-05,0.11946789
206.5,31.4159,5.2824421e-05,0.11948592
206.6,31.4159,5.2861892e-05,0.11957068
206.7,31.4159,5.2774332e-05,0.11937263
206.8,31.4159,5.2777087e-05,0.11937886
206.9,31.4159,5.2826589e-05,0.11949083
207,31.4159,5.273353e-05,0.11928034
207.1,31.4159,5.27729e-05,0.11936939
207.2,31.4159,5.2733116e-05,0.1192794
207.3,31.4159,5.2688643e-05,0.1191788
207.4,31.4159,5.2732044e-05,0.11927697
207.5,31.4159,5.26874e-05,0.11917599
207.6,31.4159,5.2642944e-05,0.11907543
207.7,31.4159,5.2685208e-05,0.11917103
207.8,31.4159,5.2643163e-05,0.11907593
207.9,31.4159,5.2595822e-05,0.11896885
208,31.4159,5.2628151e-05,0.11904197
208.1,31.4159,5.2599886e-05,0.11897804
208.2,31.4159,5.2553217e-05,0.11887248
208.3,31.4159,5.2589435e-05,0.1189544
208.4,31.4159,5.2546878e-05,0.11885814
208.5,31.4159,5.2505035e-05,0.11876349
208.6,31.4159,5.2548582e-05,0.11886199
208.7,31.4159,5.2499339e-05,0.11875061
208.8,31.4159,5.2460592e-05,0.11866296
208.9,31.4159,5.2514235e-05,0.1187843
209,31.4159,5.2455897e-05,0.11865234
209.1,31.4159,5.2417558e-05,0.11856562
209.2,31.4159,5.247543e-05,0.11869653
209.3,31.4159,5.2385315e-05,0.11849269
209.4,31.4159,5.24114e-05,0.11855169
209.5,31.4159,5.2372658e-05,0.11846406
209.6,31.4159,5.2328767e-05,0.11836478
209.7,31.4159,5.2376257e-05,0.1184722
209.8,31.4159,5.2317598e-05,0.11833952
209.9,31.4159,5.2318005e-05,0.11834044
210,31.4159,5.2313653e-05,0.1183306
210.1,31.4159,5.2276307e-05,0.11824612
210.2,31.4159,5.2278961e-05,0.11825212
210.3,31.4159,5.223314e-05,0.11814848
210.4,31.4159,5.2273898e-05,0.11824067
210.5,31.4159,5.2170394e-05,0.11800655
210.6,31.4159,5.2237092e-05,0.11815742
210.7,31.4159,5.2173627e-05,0.11801386
210.8,31.4159,5.2112409e-05,0.11787539
210.9,31.4159,5.2243866e-05,0.11817274
211,31.4159,5.2142995e-05,0.11794458
211.1,31.4159,5.206203e-05,0.11776144
211.2,31.4159,5.2304472e-05,0.11830983
211.3,31.4159,5.2402385e-05,0.1185313
211.4,31.4159,5.248827e-05,0.11872557
211.5,31.4159,5.2259883e-05,0.11820897
211.6,31.4159,5.2318889e-05,0.11834244
211.7,31.4159,5.2303729e-05,0.11830815
211.8,31.4159,5.2243059e-05,0.11817092
211.9,31.4159,5.2245159e-05,0.11817567
212,31.4159,5.2176081e-05,0.11801941
212.1,31.4159,5.2165451e-05,0.11799537
212.2,31.4159,5.220259e-05,0.11807938
212.3,31.4159,5.2078837e-05,0.11779945
212.4,31.4159,5.2100062e-05,0.11784746
212.5,31.4159,5.2060073e-05,0.11775701
212.6,31.4159,5.2033171e-05,0.11769616
212.7,31.4159,5.2000666e-05,0.11762264
212.8,31.4159,5.1981283e-05,0.11757879
212.9,31.4159,5.1988986e-05,0.11759622
213,31.4159,5.196345e-05,0.11753846
213.1,31.4159,5.1924094e-05,0.11744944
213.2,31.4159,5.2006334e-05,0.11763546
213.3,31.4159,5.192875e-05,0.11745997
213.4,31.4159,5.1879218e-05,0.11734793
213.5,31.4159,5.1987412e-05,0.11759266
213.6,31.4159,5.1925144e-05,0.11745181
213.7,31.4159,5.1878416e-05,0.11734611
213.8,31.4159,5.1872532e-05,0.1173328
213.9,31.4159,5.1841193e-05,0.11726192
214,31.4159,5.1864814e-05,0.11731535
214.1,31.4159,5.1764693e-05,0.11708888
214.2,31.4159,5.1801002e-05,0.11717101
214.3,31.4159,5.1791912e-05,0.11715045
214.4,31.4159,5.1674455e-05,0.11688477
214.5,31.4159,5.1746815e-05,0.11704844
214.6,31.4159,5.1722998e-05,0.11699457
214.7,31.4159,5.1700339e-05,0.11694331
214.8,31.4159,5.1631195e-05,0.11678691
214.9,31.4159,5.171053e-05,0.11696637
215,31.4159,5.1685817e-05,0.11691047
215.1,31.4159,5.1568767e-05,0.1166457
215.2,31.4159,5.1690746e-05,0.11692162
215.3,31.4159,5.1604436e-05,0.11672639
215.4,31.4159,5.1573829e-05,0.11665715
215.5,31.4159,5.1554684e-05,0.11661385
215.6,31.4159,5.16007e-05,0.11671794
215.7,31.4159,5.1480218e-05,0.11644541
215.8,31.4159,5.1551172e-05,0.11660591
215.9,31.4159,5.1458884e-05,0.11639716
216,31.4159,5.1495344e-05,0.11647963
216.1,31.4159,5.1436866e-05,0.11634735
216.2,31.4159,5.1454038e-05,0.11638619
216.3,31.4159,5.1414195e-05,0.11629607
216.4,31.4159,5.140715e-05,0.11628014
216.5,31.4159,5.1362238e-05,0.11617855
216.6,31.4159,5.1414041e-05,0.11629572
216.7,31.4159,5.1352126e-05,0.11615567
216.8,31.4159,5.1331551e-05,0.11610914
216.9,31.4159,5.1507103e-05,0.11650622
217,31.4159,5.1403465e-05,0.1162718
217.1,31.4159,5.1415539e-05,0.11629911
217.2,31.4159,5.1528483e-05,0.11655458
217.3,31.4159,5.189523e-05,0.11738415
217.4,31.4159,5.2154813e-05,0.11797131
217.5,31.4159,5.1879171e-05,0.11734782
217.6,31.4159,5.3301284e-05,0.12056456
217.7,31.4159,5.289327e-05,0.11964166
217.8,31.4159,5.36791e-05,0.12141916
217.9,31.4159,5.3836468e-05,0.12177512
218,31.4159,5.3781464e-05,0.1216507
218.1,31.4159,5.4149387e-05,0.12248293
218.2,31.4159,5.4100619e-05,0.12237261
218.3,31.4159,5.4134269e-05,0.12244873
218.4,31.4159,5.4324774e-05,0.12287964
218.5,31.4159,5.4242073e-05,0.12269258
218.6,31.4159,5.4347839e-05,0.12293181
218.7,31.4159,5.443292e-05,0.12312426
218.8,31.4159,5.434551e-05,0.12292654
218.9,31.4159,5.4479519e-05,0.12322967
219,31.4159,5.4400109e-05,0.12305004
219.1,31.4159,5.4502167e-05,0.12328089
219.2,31.4159,5.4447146e-05,0.12315644
219.3,31.4159,5.4522014e-05,0.12332579
219.4,31.4159,5.4477543e-05,0.1232252
219.5,31.4159,5.4502506e-05,0.12328166
219.6,31.4159,5.447354e-05,0.12321614
219.7,31.4159,5.4531504e-05,0.12334725
219.8,31.4159,5.4502681e-05,0.12328206
219.9,31.4159,5.4498861e-05,0.12327341
220,31.4159,5.4533467e-05,0.12335169
220.1,31.4159,5.446767e-05,0.12320286
220.2,31.4159,5.4533397e-05,0.12335153
220.3,31.4159,5.4473981e-05,0.12321714
220.4,31.4159,5.4486057e-05,0.12324445
220.5,31.4159,5.4483728e-05,0.12323919
220.6,31.4159,5.4444904e-05,0.12315137
220.7,31.4159,5.4452099e-05,0.12316764
220.8,31.4159,5.4455614e-05,0.12317559
220.9,31.4159,5.4459911e-05,0.12318531
221,31.4159,5.440762e-05,0.12306703
221.1,31.4159,5.4427751e-05,0.12311257
221.2,31.4159,5.4418983e-05,0.12309274
221.3,31.4159,5.4452253e-05,0.12316799
221.4,31.4159,5.4373894e-05,0.12299075
221.5,31.4159,5.4435562e-05,0.12313024
221.6,31.4159,5.4362997e-05,0.1229661
221.7,31.4159,5.4394227e-05,0.12303674
221.8,31.4159,5.4368818e-05,0.12297926
221.9,31.4159,5.4324232e-05,0.12287841
222,31.4159,5.4334528e-05,0.1229017
222.1,31.4159,5.4329551e-05,0.12289045
222.2,31.4159,5.4346213e-05,0.12292813
222.3,31.4159,5.4278578e-05,0.12277515
222.4,31.4159,5.4334198e-05,0.12290096
222.5,31.4159,5.4267552e-05,0.12275021
222.6,31.4159,5.4273178e-05,0.12276293
222.7,31.4159,5.4263916e-05,0.12274198
222.8,31.4159,5.422751e-05,0.12265963
222.9,31.4159,5.4223693e-05,0.122651
223,31.4159,5.4231189e-05,0.12266795
223.1,31.4159,5.4198489e-05,0.12259399
223.2,31.4159,5.4214809e-05,0.1226309
223.3,31.4159,5.416856e-05,0.12252629
223.4,31.4159,5.4212586e-05,0.12262588
223.5,31.4159,5.4142722e-05,0.12246785
223.6,31.4159,5.4195795e-05,0.1225879
223.7,31.4159,5.4136961e-05,0.12245482
223.8,31.4159,5.4143968e-05,0.12247067
223.9,31.4159,5.4103119e-05,0.12237827
224,31.4159,5.414797e-05,0.12247972
224.1,31.4159,5.4065955e-05,0.12229421
224.2,31.4159,5.4130096e-05,0.12243929
224.3,31.4159,5.4035671e-05,0.12222571
224.4,31.4159,5.4059936e-05,0.12228059
224.5,31.4159,5.4057859e-05,0.12227589
224.6,31.4159,5.4016632e-05,0.12218264
224.7,31.4159,5.4051579e-05,0.12226169
224.8,31.4159,5.3977145e-05,0.12209332
224.9,31.4159,5.4031997e-05,0.1222174
225,31.4159,5.3943672e-05,0.12201761
225.1,31.4159,5.3956629e-05,0.12204692
225.2,31.4159,5.3954339e-05,0.12204174
225.3,31.4159,5.3906568e-05,0.12193368
225.4,31.4159,5.3940095e-05,0.12200952
225.5,31.4159,5.3866327e-05,0.12184266
225.6,31.4159,5.3933791e-05,0.12199526
225.7,31.4159,5.3858043e-05,0.12182392
225.8,31.4159,5.3812481e-05,0.12172086
225.9,31.4159,5.3868225e-05,0.12184695
226,31.4159,5.375607e-05,0.12159326
226.1,31.4159,5.3743081e-05,0.12156388
226.2,31.4159,5.376377e-05,0.12161068
226.3,31.4159,5.3763542e-05,0.12161016
226.4,31.4159,5.3677394e-05,0.1214153
226.5,31.4159,5.3700021e-05,0.12146648
226.6,31.4159,5.3695684e-05,0.12145667
226.7,31.4159,5.3610515e-05,0.12126403
226.8,31.4159,5.3637686e-05,0.12132548
226.9,31.4159,5.3595215e-05,0.12122942
227,31.4159,5.3505018e-05,0.1210254
227.1,31.4159,5.3502057e-05,0.1210187
227.2,31.4159,5.3545195e-05,0.12111628
227.3,31.4159,5.3375945e-05,0.12073344
227.4,31.4159,5.2973018e-05,0.11982204
227.5,31.4159,5.2998702e-05,0.11988014
227.6,31.4159,5.3127245e-05,0.12017089
227.7,31.4159,5.3065364e-05,0.12003092
227.8,31.4159,5.3119538e-05,0.12015346
227.9,31.4159,5.3083728e-05,0.12007246
228,31.4159,5.3034896e-05,0.11996201
228.1,31.4159,5.302496e-05,0.11993953
228.2,31.4159,5.3050588e-05,0.1199975
228.3,31.4159,5.3089598e-05,0.12008574
228.4,31.4159,5.3009507e-05,0.11990458
228.5,31.4159,5.2983918e-05,0.1198467
228.6,31.4159,5.3020309e-05,0.11992901
228.7,31.4159,5.3018905e-05,0.11992584
228.8,31.4159,5.2944815e-05,0.11975825
228.9,31.4159,5.2983595e-05,0.11984597
229,31.4159,5.2980685e-05,0.11983938
229.1,31.4159,5.2934217e-05,0.11973428
229.2,31.4159,5.2982041e-05,0.11984245
229.3,31.4159,5.2891306e-05,0.11963721
229.4,31.4159,5.2925635e-05,0.11971486
229.5,31.4159,5.2889035e-05,0.11963208
229.6,31.4159,5.2845166e-05,0.11953285
229.7,31.4159,5.2879662e-05,0.11961088
229.8,31.4159,5.2848951e-05,0.11954141
229.9,31.4159,5.2803248e-05,0.11943803
230,31.4159,5.2843658e-05,0.11952944
230.1,31.4159,5.2798524e-05,0.11942735
230.2,31.4159,5.2757257e-05,0.119334
230.3,31.4159,5.2807263e-05,0.11944711
230.4,31.4159,5.2746206e-05,0.11930901
230.5,31.4159,5.2714983e-05,0.11923838
230.6,31.4159,5.277636e-05,0.11937721
230.7,31.4159,5.270711e-05,0.11922057
230.8,31.4159,5.2671703e-05,0.11914048
230.9,31.4159,5.2742589e-05,0.11930083
231,31.4159,5.2657954e-05,0.11910938
231.1,31.4159,5.261733e-05,0.1190175
231.2,31.4159,5.2676189e-05,0.11915063
231.3,31.4159,5.2602994e-05,0.11898507
231.4,31.4159,5.2577465e-05,0.11892732
231.5,31.4159,5.2651058e-05,0.11909379
231.6,31.4159,5.2552898e-05,0.11887175
231.7,31.4159,5.2539795e-05,0.11884212
231.8,31.4159,5.2628323e-05,0.11904236
231.9,31.4159,5.2494998e-05,0.11874079
232,31.4159,5.2493094e-05,0.11873648
232.1,31.4159,5.2535254e-05,0.11883185
232.2,31.4159,5.2495467e-05,0.11874185
232.3,31.4159,5.2592499e-05,0.11896133
232.4,31.4159,5.2667231e-05,0.11913037
232.5,31.4159,5.2830253e-05,0.11949912
232.6,31.4159,5.2661457e-05,0.11911731
232.7,31.4159,5.270981e-05,0.11922668
232.8,31.4159,5.2768095e-05,0.11935852
232.9,31.4159,5.2576438e-05,0.118925
233,31.4159,5.2534849e-05,0.11883093
233.1,31.4159,5.2582604e-05,0.11893895
233.2,31.4159,5.2483367e-05,0.11871448
233.3,31.4159,5.244912e-05,0.11863701
233.4,31.4159,5.2420308e-05,0.11857184
233.5,31.4159,5.2383543e-05,0.11848868
233.6,31.4159,5.2357804e-05,0.11843046
233.7,31.4159,5.2378689e-05,0.1184777
233.8,31.4159,5.2365168e-05,0.11844712
233.9,31.4159,5.226601e-05,0.11822283
234,31.4159,5.2349828e-05,0.11841242
234.1,31.4159,5.2348538e-05,0.1184095
234.2,31.4159,5.2331992e-05,0.11837208
234.3,31.4159,5.2373351e-05,0.11846563
234.4,31.4159,5.2420508e-05,0.1185723
234.5,31.4159,5.2341254e-05,0.11839303
234.6,31.4159,5.2398288e-05,0.11852203
234.7,31.4159,5.2312418e-05,0.1183278
234.8,31.4159,5.2231252e-05,0.11814421
234.9,31.4159,5.2290586e-05,0.11827842
235,31.4159,5.2180075e-05,0.11802845
235.1,31.4159,5.2245742e-05,0.11817698
235.2,31.4159,5.2108039e-05,0.11786551
235.3,31.4159,5.213127e-05,0.11791806
235.4,31.4159,5.214489e-05,0.11794886
235.5,31.4159,5.2014055e-05,0.11765292
235.6,31.4159,5.2102678e-05,0.11785338
235.7,31.4159,5.2106434e-05,0.11786188
235.8,31.4159,5.206425e-05,0.11776646
235.9,31.4159,5.2044711e-05,0.11772226
236,31.4159,5.2080301e-05,0.11780277
236.1,31.4159,5.2119186e-05,0.11789072
236.2,31.4159,5.2015338e-05,0.11765582
236.3,31.4159,5.2027689e-05,0.11768376
236.4,31.4159,5.2087269e-05,0.11781853
236.5,31.4159,5.194799e-05,0.11750349
236.6,31.4159,5.1947406e-05,0.11750216
236.7,31.4159,5.1954857e-05,0.11751902
236.8,31.4159,5.1921981e-05,0.11744466
236.9,31.4159,5.1900056e-05,0.11739506
237,31.4159,5.1802358e-05,0.11717407
237.1,31.4159,5.1894172e-05,0.11738175
237.2,31.4159,5.1839176e-05,0.11725735
237.3,31.4159,5.1771084e-05,0.11710333
237.4,31.4159,5.1903022e-05,0.11740177
237.5,31.4159,5.1797107e-05,0.1171622
237.6,31.4159,5.1802384e-05,0.11717413
237.7,31.4159,5.1811096e-05,0.11719384
237.8,31.4159,5.1754148e-05,0.11706502
237.9,31.4159,5.1726277e-05,0.11700198
238,31.4159,5.1696263e-05,0.11693409
238.1,31.4159,5.1704447e-05,0.11695261
238.2,31.4159,5.1698662e-05,0.11693952
238.3,31.4159,5.1629437e-05,0.11678294
238.4,31.4159,5.1675367e-05,0.11688683
238.5,31.4159,5.1612238e-05,0.11674403
238.6,31.4159,5.1571385e-05,0.11665163
238.7,31.4159,5.1658618e-05,0.11684894
238.8,31.4159,5.159e-05,0.11669373
238.9,31.4159,5.1527263e-05,0.11655183
239,31.4159,5.1598819e-05,0.11671368
239.1,31.4159,5.1569886e-05,0.11664824
239.2,31.4159,5.1532173e-05,0.11656293
239.3,31.4159,5.1479632e-05,0.11644409
239.4,31.4159,5.1595073e-05,0.11670521
239.5,31.4159,5.1501776e-05,0.11649417
239.6,31.4159,5.1364018e-05,0.11618257
239.7,31.4159,5.1667599e-05,0.11686926
239.8,31.4159,5.1898016e-05,0.11739045
239.9,31.4159,5.2129851e-05,0.11791485
240,31.4159,5.161831e-05,0.11675777
240.1,31.4159,5.1455644e-05,0.11638983
240.2,31.4159,5.1413757e-05,0.11629508
240.3,31.4159,5.1473915e-05,0.11643115
240.4,31.4159,5.1419404e-05,0.11630785
240.5,31.4159,5.1349624e-05,0.11615002
240.6,31.4159,5.1593468e-05,0.11670158
240.7,31.4159,5.1398114e-05,0.1162597
240.8,31.4159,5.1277615e-05,0.11598714
240.9,31.4159,5.1221072e-05,0.11585924
241,31.4159,5.1041574e-05,0.11545322
241.1,31.4159,5.1086752e-05,0.11555541
241.2,31.4159,5.144391e-05,0.11636329
241.3,31.4159,5.1569676e-05,0.11664776
241.4,31.4159,5.1790862e-05,0.11714807
241.5,31.4159,5.1658994e-05,0.11684979
241.6,31.4159,5.2317049e-05,0.11833828
241.7,31.4159,5.2549175e-05,0.11886333
241.8,31.4159,5.350034e-05,0.12101482
241.9,31.4159,5.3570376e-05,0.12117323
242,31.4159,5.3788163e-05,0.12166585
242.1,31.4159,5.3796673e-05,0.12168511
242.2,31.4159,5.3905199e-05,0.12193058
242.3,31.4159,5.4062033e-05,0.12228533
242.4,31.4159,5.3985217e-05,0.12211158
242.5,31.4159,5.4090407e-05,0.12234951
242.6,31.4159,5.4219644e-05,0.12264184
242.7,31.4159,5.4081568e-05,0.12232952
242.8,31.4159,5.4272905e-05,0.12276232
242.9,31.4159,5.4285559e-05,0.12279094
243,31.4159,5.4227382e-05,0.12265935
243.1,31.4159,5.4295845e-05,0.12281421
243.2,31.4159,5.4337647e-05,0.12290876
243.3,31.4159,5.4312048e-05,0.12285085
243.4,31.4159,5.4384194e-05,0.12301404
243.5,31.4159,5.4367522e-05,0.12297633
243.6,31.4159,5.4374922e-05,0.12299307
243.7,31.4159,5.441381e-05,0.12308103
243.8,31.4159,5.436723e-05,0.12297567
243.9,31.4159,5.4456434e-05,0.12317745
244,31.4159,5.436217e-05,0.12296423
244.1,31.4159,5.4385829e-05,0.12301774
244.2,31.4159,5.441122e-05,0.12307518
244.3,31.4159,5.4375604e-05,0.12299461
244.4,31.4159,5.4430137e-05,0.12311796
244.5,31.4159,5.439738e-05,0.12304387
244.6,31.4159,5.4387709e-05,0.12302199
244.7,31.4159,5.4446495e-05,0.12315497
244.8,31.4159,5.4358681e-05,0.12295633
244.9,31.4159,5.4379599e-05,0.12300365
245,31.4159,5.4361117e-05,0.12296185
245.1,31.4159,5.4350027e-05,0.12293676
245.2,31.4159,5.4368477e-05,0.12297849
245.3,31.4159,5.4323085e-05,0.12287582
245.4,31.4159,5.4395288e-05,0.12303914
245.5,31.4159,5.4308691e-05,0.12284326
245.6,31.4159,5.43303e-05,0.12289214
245.7,31.4159,5.4321839e-05,0.122873
245.8,31.4159,5.4344678e-05,0.12292466
245.9,31.4159,5.427894e-05,0.12277597
246,31.4159,5.433836e-05,0.12291037
246.1,31.4159,5.4266794e-05,0.12274849
246.2,31.4159,5.4305259e-05,0.1228355
246.3,31.4159,5.4271222e-05,0.12275851
246.4,31.4159,5.425565e-05,0.12272328
246.5,31.4159,5.4290619e-05,0.12280238
246.6,31.4159,5.421625e-05,0.12263416
246.7,31.4159,5.4269466e-05,0.12275454
246.8,31.4159,5.4208497e-05,0.12261663
246.9,31.4159,5.4223674e-05,0.12265096
247,31.4159,5.4156546e-05,0.12249912
247.1,31.4159,5.4192599e-05,0.12258067
247.2,31.4159,5.4189435e-05,0.12257351
247.3,31.4159,5.4206521e-05,0.12261216
247.4,31.4159,5.4144164e-05,0.12247111
247.5,31.4159,5.4169772e-05,0.12252903
247.6,31.4159,5.4126215e-05,0.12243051
247.7,31.4159,5.4122722e-05,0.12242261
247.8,31.4159,5.413517e-05,0.12245077
247.9,31.4159,5.4082122e-05,0.12233077
248,31.4159,5.4138024e-05,0.12245722
248.1,31.4159,5.4066517e-05,0.12229548
248.2,31.4159,5.4081413e-05,0.12232917
248.3,31.4159,5.4067032e-05,0.12229664
248.4,31.4159,5.4041601e-05,0.12223912
248.5,31.4159,5.4048596e-05,0.12225494
248.6,31.4159,5.3993078e-05,0.12212936
248.7,31.4159,5.403807e-05,0.12223113
248.8,31.4159,5.3949916e-05,0.12203173
248.9,31.4159,5.3990864e-05,0.12212436
249,31.4159,5.3951091e-05,0.12203439
249.1,31.4159,5.3907655e-05,0.12193614
249.2,31.4159,5.394319e-05,0.12201652
249.3,31.4159,5.3902114e-05,0.12192361
249.4,31.4159,5.3858503e-05,0.12182496
249.5,31.4159,5.3896071e-05,0.12190994
249.6,31.4159,5.3851303e-05,0.12180867
249.7,31.4159,5.3808762e-05,0.12171245
249.8,31.4159,5.3852001e-05,0.12181025
249.9,31.4159,5.3782714e-05,0.12165353
250,31.4159,5.3743686e-05,0.12156525
250.1,31.4159,5.3788214e-05,0.12166597
250.2,31.4159,5.3716241e-05,0.12150317
250.3,31.4159,5.3678767e-05,0.12141841
250.4,31.4159,5.3721172e-05,0.12151433
250.5,31.4159,5.3634851e-05,0.12131907
250.6,31.4159,5.3583874e-05,0.12120377
250.7,31.4159,5.3616454e-05,0.12127746
250.8,31.4159,5.3507742e-05,0.12103156
250.9,31.4159,5.323147e-05,0.12040665
251,31.4159,5.3217906e-05,0.12037597
251.1,31.4159,5.3007624e-05,0.11990032
251.2,31.4159,5.318493e-05,0.12030138
251.3,31.4159,5.3166076e-05,0.12025873
251.4,31.4159,5.318084e-05,0.12029212
251.5,31.4159,5.3120414e-05,0.12015545
251.6,31.4159,5.3179234e-05,0.12028849
251.7,31.4159,5.3141495e-05,0.12020313
251.8,31.4159,5.3103219e-05,0.12011655
251.9,31.4159,5.3142938e-05,0.12020639
252,31.4159,5.3135228e-05,0.12018895
252.1,31.4159,5.3073986e-05,0.12005043
252.2,31.4159,5.3119885e-05,0.12015425
252.3,31.4159,5.3066256e-05,0.12003294
252.4,31.4159,5.303005e-05,0.11995105
252.5,31.4159,5.3075107e-05,0.12005296
252.6,31.4159,5.3036217e-05,0.11996499
252.7,31.4159,5.2992405e-05,0.1198659
252.8,31.4159,5.3024549e-05,0.1199386
252.9,31.4159,5.301868e-05,0.11992533
253,31.4159,5.2946392e-05,0.11976182
253.1,31.4159,5.2985647e-05,0.11985061
253.2,31.4159,5.2976783e-05,0.11983056
253.3,31.4159,5.2907898e-05,0.11967474
253.4,31.4159,5.2952654e-05,0.11977598
253.5,31.4159,5.2912165e-05,0.1196844
253.6,31.4159,5.2867667e-05,0.11958374
253.7,31.4159,5.290138e-05,0.11966
253.8,31.4159,5.2872949e-05,0.11959569
253.9,31.4159,5.2825738e-05,0.1194889
254,31.4159,5.2857137e-05,0.11955993
254.1,31.4159,5.2831451e-05,0.11950183
254.2,31.4159,5.2784932e-05,0.1193966
254.3,31.4159,5.2815618e-05,0.11946601
254.4,31.4159,5.2784753e-05,0.1193962
254.5,31.4159,5.2735197e-05,0.1192841
254.6,31.4159,5.2767494e-05,0.11935716
254.7,31.4159,5.2758816e-05,0.11933753
254.8,31.4159,5.2687889e-05,0.1191771
254.9,31.4159,5.273204e-05,0.11927696
255,31.4159,5.2686726e-05,0.11917446
255.1,31.4159,5.264327e-05,0.11907617
255.2,31.4159,5.2688206e-05,0.11917781
255.3,31.4159,5.2641733e-05,0.11907269
255.4,31.4159,5.2599254e-05,0.11897661
255.5,31.4159,5.2638545e-05,0.11906548
255.6,31.4159,5.2595009e-05,0.11896701
255.7,31.4159,5.2551519e-05,0.11886863
255.8,31.4159,5.2587565e-05,0.11895017
255.9,31.4159,5.2547723e-05,0.11886005
256,31.4159,5.2493602e-05,0.11873763
256.1,31.4159,5.2494981e-05,0.11874075
256.2,31.4159,5.2550586e-05,0.11886653
256.3,31.4159,5.2484126e-05,0.1187162
256.4,31.4159,5.2449455e-05,0.11863777
256.5,31.4159,5.2508697e-05,0.11877178
256.6,31.4159,5.2417478e-05,0.11856544
256.7,31.4159,5.2437878e-05,0.11861159
256.8,31.4159,5.240702e-05,0.11854179
256.9,31.4159,5.2364147e-05,0.11844481
257,31.4159,5.2399429e-05,0.11852462
257.1,31.4159,5.2352701e-05,0.11841892
257.2,31.4159,5.2313721e-05,0.11833075
257.3,31.4159,5.2365886e-05,0.11844874
257.4,31.4159,5.23105e-05,0.11832346
257.5,31.4159,5.2264697e-05,0.11821986
257.6,31.4159,5.2333033e-05,0.11837443
257.7,31.4159,5.2298951e-05,0.11829734
257.8,31.4159,5.2202485e-05,0.11807914
257.9,31.4159,5.2268624e-05,0.11822874
258,31.4159,5.2244935e-05,0.11817516
258.1,31.4159,5.2169507e-05,0.11800454
258.2,31.4159,5.2240535e-05,0.11816521
258.3,31.4159,5.2423526e-05,0.11857912
258.4,31.4159,5.256703e-05,0.11890372
258.5,31.4159,5.2517534e-05,0.11879176
258.6,31.4159,5.231755e-05,0.11833941
258.7,31.4159,5.2309423e-05,0.11832103
258.8,31.4159,5.2286671e-05,0.11826956
258.9,31.4159,5.2239783e-05,0.11816351
259,31.4159,5.2258642e-05,0.11820616
259.1,31.4159,5.2213257e-05,0.1181035
259.2,31.4159,5.2180341e-05,0.11802905
259.3,31.4159,5.2188026e-05,0.11804643
259.4,31.4159,5.2167034e-05,0.11799895
259.5,31.4159,5.2138368e-05,0.11793411
259.6,31.4159,5.2105045e-05,0.11785874
259.7,31.4159,5.2154572e-05,0.11797076
259.8,31.4159,5.2082384e-05,0.11780748
259.9,31.4159,5.2031428e-05,0.11769222
260,31.4159,5.2120424e-05,0.11789352
260.1,31.4159,5.2027517e-05,0.11768337
260.2,31.4159,5.205137e-05,0.11773733
260.3,31.4159,5.200216e-05,0.11762601
260.4,31.4159,5.1988487e-05,0.11759509
260.5,31.4159,5.2035384e-05,0.11770117
260.6,31.4159,5.1937041e-05,0.11747872
260.7,31.4159,5.1934592e-05,0.11747318
260.8,31.4159,5.2025693e-05,0.11767925
260.9,31.4159,5.1866261e-05,0.11731862
261,31.4159,5.1844844e-05,0.11727017
261.1,31.4159,5.195366e-05,0.11751631
261.2,31.4159,5.1826981e-05,0.11722977
261.3,31.4159,5.1834597e-05,0.117247
261.4,31.4159,5.1839602e-05,0.11725832
261.5,31.4159,5.1780352e-05,0.1171243
261.6,31.4159,5.1816509e-05,0.11720608
261.7,31.4159,5.1768123e-05,0.11709664
261.8,31.4159,5.1793305e-05,0.1171536
261.9,31.4159,5.1760044e-05,0.11707836
262,31.4159,5.1690023e-05,0.11691998
262.1,31.4159,5.1741138e-05,0.1170356
262.2,31.4159,5.1719988e-05,0.11698776
262.3,31.4159,5.1667786e-05,0.11686968
262.4,31.4159,5.1639703e-05,0.11680616
262.5,31.4159,5.1680981e-05,0.11689953
262.6,31.4159,5.1633122e-05,0.11679127
262.7,31.4159,5.1537508e-05,0.116575
262.8,31.4159,5.1636095e-05,0.116798
262.9,31.4159,5.1552307e-05,0.11660847
263,31.4159,5.1527818e-05,0.11655308
263.1,31.4159,5.1527397e-05,0.11655213
263.2,31.4159,5.1582082e-05,0.11667582
263.3,31.4159,5.1441976e-05,0.11635891
263.4,31.4159,5.1522891e-05,0.11654194
263.5,31.4159,5.1473074e-05,0.11642925
263.6,31.4159,5.1476922e-05,0.11643796
263.7,31.4159,5.1404296e-05,0.11627368
263.8,31.4159,5.1459547e-05,0.11639866
263.9,31.4159,5.145127e-05,0.11637993
264,31.4159,5.1422389e-05,0.1163146
264.1,31.4159,5.134483e-05,0.11613917
264.2,31.4159,5.1528587e-05,0.11655482
264.3,31.4159,5.1428486e-05,0.1163284
264.4,31.4159,5.1425203e-05,0.11632097
264.5,31.4159,5.1425266e-05,0.11632111
264.6,31.4159,5.1734122e-05,0.11701973
264.7,31.4159,5.1886216e-05,0.11736376
264.8,31.4159,5.1652092e-05,0.11683418
264.9,31.4159,5.1263438e-05,0.11595507
265,31.4159,5.1341752e-05,0.11613221
265.1,31.4159,5.1251575e-05,0.11592823
265.2,31.4159,5.133884e-05,0.11612562
265.3,31.4159,5.1197447e-05,0.1158058
265.4,31.4159,5.1488889e-05,0.11646503
265.5,31.4159,5.125662e-05,0.11593964
265.6,31.4159,5.1267561e-05,0.11596439
265.7,31.4159,5.1214572e-05,0.11584453
265.8,31.4159,5.1141687e-05,0.11567967
265.9,31.4159,5.115318e-05,0.11570567
266,31.4159,5.1327446e-05,0.11609985
266.1,31.4159,5.150449e-05,0.11650031
266.2,31.4159,5.1517249e-05,0.11652917
266.3,31.4159,5.1414608e-05,0.116297
266.4,31.4159,5.1794593e-05,0.11715651
266.5,31.4159,5.1905059e-05,0.11740638
266.6,31.4159,5.2841078e-05,0.1195236
266.7,31.4159,5.3228883e-05,0.1204008
266.8,31.4159,5.3504871e-05,0.12102506
266.9,31.4159,5.3670771e-05,0.12140032
267,31.4159,5.3842753e-05,0.12178933
267.1,31.4159,5.3557811e-05,0.12114481
267.2,31.4159,5.4086538e-05,0.12234076
267.3,31.4159,5.4000606e-05,0.12214639
267.4,31.4159,5.3861397e-05,0.12183151
267.5,31.4159,5.4170083e-05,0.12252974
267.6,31.4159,5.4095547e-05,0.12236114
267.7,31.4159,5.4085742e-05,0.12233896
267.8,31.4159,5.4197127e-05,0.12259091
267.9,31.4159,5.4206489e-05,0.12261209
268,31.4159,5.4180326e-05,0.12255291
268.1,31.4159,5.4225946e-05,0.1226561
268.2,31.4159,5.4254689e-05,0.12272111
268.3,31.4159,5.4270458e-05,0.12275678
268.4,31.4159,5.4244568e-05,0.12269822
268.5,31.4159,5.4267429e-05,0.12274993
268.6,31.4159,5.4291757e-05,0.12280496
268.7,31.4159,5.4300227e-05,0.12282412
268.8,31.4159,5.4268833e-05,0.1227531
268.9,31.4159,5.4290546e-05,0.12280222
269,31.4159,5.429282e-05,0.12280736
269.1,31.4159,5.4303432e-05,0.12283137
269.2,31.4159,5.4271011e-05,0.12275803
269.3,31.4159,5.4284529e-05,0.12278861
269.4,31.4159,5.4286536e-05,0.12279315
269.5,31.4159,5.4303839e-05,0.12283229
269.6,31.4159,5.4253165e-05,0.12271766
269.7,31.4159,5.428816e-05,0.12279682
269.8,31.4159,5.4246594e-05,0.1227028
269.9,31.4159,5.4263001e-05,0.12273991
270,31.4159,5.4264846e-05,0.12274409
270.1,31.4159,5.4288411e-05,0.12279739
270.2,31.4159,5.4220407e-05,0.12264357
270.3,31.4159,5.4281109e-05,0.12278087
270.4,31.4159,5.422046e-05,0.12264369
270.5,31.4159,5.4235617e-05,0.12267797
270.6,31.4159,5.4194217e-05,0.12258433
270.7,31.4159,5.4240312e-05,0.12268859
270.8,31.4159,5.420164e-05,0.12260112
270.9,31.4159,5.4202009e-05,0.12260195
271,31.4159,5.4174587e-05,0.12253993
271.1,31.4159,5.4217648e-05,0.12263733
271.2,31.4159,5.414941e-05,0.12248298
271.3,31.4159,5.4194857e-05,0.12258578
271.4,31.4159,5.4155161e-05,0.12249599
271.5,31.4159,5.4154619e-05,0.12249476
271.6,31.4159,5.412598e-05,0.12242998
271.7,31.4159,5.414594e-05,0.12247513
271.8,31.4159,5.409303e-05,0.12235545
271.9,31.4159,5.414457e-05,0.12247203
272,31.4159,5.405229e-05,0.1222633
272.1,31.4159,5.4091823e-05,0.12235272
272.2,31.4159,5.4062554e-05,0.12228651
272.3,31.4159,5.4024308e-05,0.1222
272.4,31.4159,5.4062535e-05,0.12228647
272.5,31.4159,5.4021023e-05,0.12219257
272.6,31.4159,5.3985688e-05,0.12211265
272.7,31.4159,5.4024655e-05,0.12220079
272.8,31.4159,5.3984369e-05,0.12210966
272.9,31.4159,5.3944109e-05,0.1220186
273,31.4159,5.3989283e-05,0.12212078
273.1,31.4159,5.3940841e-05,0.1220112
273.2,31.4159,5.3900417e-05,0.12191977
273.3,31.4159,5.3950209e-05,0.12203239
273.4,31.4159,5.3887303e-05,0.1218901
273.5,31.4159,5.3859168e-05,0.12182647
273.6,31.4159,5.3910473e-05,0.12194251
273.7,31.4159,5.3835395e-05,0.12177269
273.8,31.4159,5.3831314e-05,0.12176346
273.9,31.4159,5.3821093e-05,0.12174034
274,31.4159,5.3774703e-05,0.12163541
274.1,31.4159,5.3800552e-05,0.12169388
274.2,31.4159,5.3711432e-05,0.1214923
274.3,31.4159,5.3677018e-05,0.12141445
274.4,31.4159,5.3705053e-05,0.12147786
274.5,31.4159,5.3644077e-05,0.12133994
274.6,31.4159,5.3577962e-05,0.12119039
274.7,31.4159,5.3575378e-05,0.12118455
274.8,31.4159,5.3381325e-05,0.12074561
274.9,31.4159,5.3160915e-05,0.12024705
275,31.4159,5.3014268e-05,0.11991535
275.1,31.4159,5.3256999e-05,0.12046439
275.2,31.4159,5.3143216e-05,0.12020702
275.3,31.4159,5.3255612e-05,0.12046125
275.4,31.4159,5.3180471e-05,0.12029129
275.5,31.4159,5.3163724e-05,0.12025341
275.6,31.4159,5.3210695e-05,0.12035966
275.7,31.4159,5.3169694e-05,0.12026691
275.8,31.4159,5.3133816e-05,0.12018576
275.9,31.4159,5.3185481e-05,0.12030262
276,31.4159,5.3141519e-05,0.12020318
276.1,31.4159,5.3098162e-05,0.12010511
276.2,31.4159,5.3133976e-05,0.12018612
276.3,31.4159,5.3127069e-05,0.1201705
276.4,31.4159,5.3060051e-05,0.12001891
276.5,31.4159,5.3104312e-05,0.12011902
276.6,31.4159,5.3070118e-05,0.12004168
276.7,31.4159,5.3028122e-05,0.11994668
276.8,31.4159,5.3065039e-05,0.12003019
276.9,31.4159,5.3031593e-05,0.11995454
277,31.4159,5.2963662e-05,0.11980088
277.1,31.4159,5.2982526e-05,0.11984355
277.2,31.4159,5.3053559e-05,0.12000422
277.3,31.4159,5.2981564e-05,0.11984137
277.4,31.4159,5.2935187e-05,0.11973647
277.5,31.4159,5.29736e-05,0.11982336
277.6,31.4159,5.2934858e-05,0.11973573
277.7,31.4159,5.2893108e-05,0.11964129
277.8,31.4159,5.2932315e-05,0.11972997
277.9,31.4159,5.2893441e-05,0.11964204
278,31.4159,5.2826614e-05,0.11949089
278.1,31.4159,5.2840955e-05,0.11952332
278.2,31.4159,5.2897109e-05,0.11965034
278.3,31.4159,5.2831829e-05,0.11950268
278.4,31.4159,5.2795852e-05,0.1194213
278.5,31.4159,5.2849565e-05,0.1195428
278.6,31.4159,5.278297e-05,0.11939216
278.7,31.4159,5.2751542e-05,0.11932108
278.8,31.4159,5.2806936e-05,0.11944637
278.9,31.4159,5.2736262e-05,0.11928651
279,31.4159,5.27092e-05,0.1192253
279.1,31.4159,5.2768967e-05,0.11936049
279.2,31.4159,5.2699962e-05,0.1192044
279.3,31.4159,5.2661558e-05,0.11911754
279.4,31.4159,5.2719136e-05,0.11924778
279.5,31.4159,5.2648083e-05,0.11908706
279.6,31.4159,5.261708e-05,0.11901693
279.7,31.4159,5.2672999e-05,0.11914342
279.8,31.4159,5.2602136e-05,0.11898313
279.9,31.4159,5.2567794e-05,0.11890545
280,31.4159,5.2620664e-05,0.11902504
280.1,31.4159,5.2554841e-05,0.11887615
280.2,31.4159,5.2521841e-05,0.11880151
280.3,31.4159,5.2574215e-05,0.11891997
280.4,31.4159,5.2507435e-05,0.11876892
280.5,31.4159,5.2484616e-05,0.11871731
280.6,31.4159,5.2531629e-05,0.11882364
280.7,31.4159,5.2443489e-05,0.11862428
280.8,31.4159,5.2496792e-05,0.11874485
280.9,31.4159,5.2427981e-05,0.1185892
281,31.4159,5.2399434e-05,0.11852463
281.1,31.4159,5.2456607e-05,0.11865395
281.2,31.4159,5.2388054e-05,0.11849889
281.3,31.4159,5.2355299e-05,0.1184248
281.4,31.4159,5.2405624e-05,0.11853863
281.5,31.4159,5.2313815e-05,0.11833096
281.6,31.4159,5.2367124e-05,0.11845154
281.7,31.4159,5.2300196e-05,0.11830016
281.8,31.4159,5.22767e-05,0.11824701
281.9,31.4159,5.2327808e-05,0.11836261
282,31.4159,5.2209791e-05,0.11809567
282.1,31.4159,5.2225862e-05,0.11813202
282.2,31.4159,5.2272795e-05,0.11823818
282.3,31.4159,5.2178595e-05,0.1180251
282.4,31.4159,5.2189571e-05,0.11804993
282.5,31.4159,5.2206103e-05,0.11808732
282.6,31.4159,5.2154408e-05,0.11797039
282.7,31.4159,5.2166842e-05,0.11799852
282.8,31.4159,5.2130265e-05,0.11791578
282.9,31.4159,5.2118958e-05,0.11789021
283,31.4159,5.2099945e-05,0.1178472
283.1,31.4159,5.2141535e-05,0.11794127
283.2,31.4159,5.2215897e-05,0.11810948
283.3,31.4159,5.2284414e-05,0.11826446
283.4,31.4159,5.2247619e-05,0.11818123
283.5,31.4159,5.2568814e-05,0.11890776
283.6,31.4159,5.2515842e-05,0.11878794
283.7,31.4159,5.2202185e-05,0.11807846
283.8,31.4159,5.2180067e-05,0.11802843
283.9,31.4159,5.2006107e-05,0.11763494
284,31.4159,5.2086817e-05,0.1178175
284.1,31.4159,5.1931912e-05,0.11746712
284.2,31.4159,5.1963327e-05,0.11753818
284.3,31.4159,5.2021135e-05,0.11766894
284.4,31.4159,5.1860234e-05,0.11730499
284.5,31.4159,5.2014722e-05,0.11765443
284.6,31.4159,5.2084075e-05,0.1178113
284.7,31.4159,5.2125555e-05,0.11790513
284.8,31.4159,5.2081338e-05,0.11780511
284.9,31.4159,5.2104757e-05,0.11785808
285,31.4159,5.2062595e-05,0.11776272
285.1,31.4159,5.1986309e-05,0.11759016
285.2,31.4159,5.1958814e-05,0.11752797
285.3,31.4159,5.1920247e-05,0.11744073
285.4,31.4159,5.1944662e-05,0.11749596
285.5,31.4159,5.1834327e-05,0.11724639
285.6,31.4159,5.1866207e-05,0.1173185
285.7,31.4159,5.1855934e-05,0.11729526
285.8,31.4159,5.1744928e-05,0.11704417
285.9,31.4159,5.1832114e-05,0.11724138
286,31.4159,5.1780079e-05,0.11712368
286.1,31.4159,5.17362e-05,0.11702443
286.2,31.4159,5.1757358e-05,0.11707229
286.3,31.4159,5.1762437e-05,0.11708378
286.4,31.4159,5.1819224e-05,0.11721222
286.5,31.4159,5.1663851e-05,0.11686078
286.6,31.4159,5.1730942e-05,0.11701254
286.7,31.4159,5.1714389e-05,0.11697509
286.8,31.4159,5.1637183e-05,0.11680046
286.9,31.4159,5.1663906e-05,0.1168609
287,31.4159,5.1575996e-05,0.11666205
287.1,31.4159,5.1619275e-05,0.11675995
287.2,31.4159,5.1568655e-05,0.11664545
287.3,31.4159,5.1503651e-05,0.11649842
287.4,31.4159,5.1618455e-05,0.1167581
287.5,31.4159,5.1495741e-05,0.11648052
287.6,31.4159,5.1477269e-05,0.11643874
287.7,31.4159,5.1494712e-05,0.1164782
287.8,31.4159,5.1482213e-05,0.11644992
287.9,31.4159,5.1420323e-05,0.11630993
288,31.4159,5.1436999e-05,0.11634765
288.1,31.4159,5.1470382e-05,0.11642316
288.2,31.4159,5.1362795e-05,0.11617981
288.3,31.4159,5.1412628e-05,0.11629253
288.4,31.4159,5.1386737e-05,0.11623396
288.5,31.4159,5.1410598e-05,0.11628793
288.6,31.4159,5.1374266e-05,0.11620575
288.7,31.4159,5.1379834e-05,0.11621835
288.8,31.4159,5.1356232e-05,0.11616496
288.9,31.4159,5.1619574e-05,0.11676063
289,31.4159,5.1681647e-05,0.11690103
289.1,31.4159,5.1596844e-05,0.11670921
289.2,31.4159,5.1396918e-05,0.11625699
289.3,31.4159,5.1586716e-05,0.1166863
289.4,31.4159,5.1504621e-05,0.11650061
289.5,31.4159,5.1332885e-05,0.11611215
289.6,31.4159,5.1338454e-05,0.11612475
289.7,31.4159,5.1456954e-05,0.11639279
289.8,31.4159,5.15102e-05,0.11651323
289.9,31.4159,5.1376757e-05,0.11621139
290,31.4159,5.1255018e-05,0.11593602
290.1,31.4159,5.1233319e-05,0.11588694
290.2,31.4159,5.1238227e-05,0.11589804
290.3,31.4159,5.1317208e-05,0.11607669
290.4,31.4159,5.1687024e-05,0.1169132
290.5,31.4159,5.1699187e-05,0.11694071
290.6,31.4159,5.1239758e-05,0.1159015
290.7,31.4159,5.0985597e-05,0.11532661
290.8,31.4159,5.0964957e-05,0.11527992
290.9,31.4159,5.1353405e-05,0.11615857
291,31.4159,5.2200609e-05,0.1180749
291.1,31.4159,5.2895494e-05,0.11964669
291.2,31.4159,5.3431244e-05,0.12085853
291.3,31.4159,5.3367887e-05,0.12071521
291.4,31.4159,5.386937e-05,0.12184954
291.5,31.4159,5.3604101e-05,0.12124952
291.6,31.4159,5.3831854e-05,0.12176468
291.7,31.4159,5.4055531e-05,0.12227063
291.8,31.4159,5.380935e-05,0.12171378
291.9,31.4159,5.4052683e-05,0.12226419
292,31.4159,5.4047949e-05,0.12225348
292.1,31.4159,5.407192e-05,0.1223077
292.2,31.4159,5.410512e-05,0.12238279
292.3,31.4159,5.4166632e-05,0.12252193
292.4,31.4159,5.4122916e-05,0.12242305
292.5,31.4159,5.4217193e-05,0.1226363
292.6,31.4159,5.4210929e-05,0.12262213
292.7,31.4159,5.4211726e-05,0.12262393
292.8,31.4159,5.4273714e-05,0.12276415
292.9,31.4159,5.4216826e-05,0.12263547
293,31.4159,5.4294029e-05,0.1228101
293.1,31.4159,5.4241616e-05,0.12269154
293.2,31.4159,5.4288552e-05,0.12279771
293.3,31.4159,5.4273556e-05,0.12276379
293.4,31.4159,5.4242963e-05,0.12269459
293.5,31.4159,5.4258837e-05,0.12273049
293.6,31.4159,5.4275169e-05,0.12276744
293.7,31.4159,5.4279437e-05,0.12277709
293.8,31.4159,5.4240115e-05,0.12268815
293.9,31.4159,5.4259513e-05,0.12273202
294,31.4159,5.4267998e-05,0.12275122
294.1,31.4159,5.4289948e-05,0.12280087
294.2,31.4159,5.4227744e-05,0.12266016
294.3,31.4159,5.4288969e-05,0.12279865
294.4,31.4159,5.4228165e-05,0.12266112
294.5,31.4159,5.4242926e-05,0.1226945
294.6,31.4159,5.4204684e-05,0.122608
294.7,31.4159,5.4262591e-05,0.12273899
294.8,31.4159,5.4206365e-05,0.12261181
294.9,31.4159,5.4219905e-05,0.12264243
295,31.4159,5.417803e-05,0.12254771
295.1,31.4159,5.4246756e-05,0.12270317
295.2,31.4159,5.415365e-05,0.12249257
295.3,31.4159,5.4195413e-05,0.12258703
295.4,31.4159,5.4163942e-05,0.12251585
295.5,31.4159,5.4161471e-05,0.12251026
295.6,31.4159,5.417311e-05,0.12253658
295.7,31.4159,5.4124849e-05,0.12242742
295.8,31.4159,5.4198913e-05,0.12259495
295.9,31.4159,5.4106762e-05,0.12238651
296,31.4159,5.4135536e-05,0.12245159
296.1,31.4159,5.4110444e-05,0.12239484
296.2,31.4159,5.4073611e-05,0.12231152
296.3,31.4159,5.4114241e-05,0.12240343
296.4,31.4159,5.4070659e-05,0.12230485
296.5,31.4159,5.4038142e-05,0.12223129
296.6,31.4159,5.4083992e-05,0.12233501
296.7,31.4159,5.4035913e-05,0.12222625
296.8,31.4159,5.4001953e-05,0.12214944
296.9,31.4159,5.4053573e-05,0.1222662
297,31.4159,5.3975496e-05,0.12208959
297.1,31.4159,5.3976164e-05,0.1220911
297.2,31.4159,5.4027426e-05,0.12220705
297.3,31.4159,5.3956451e-05,0.12204651
297.4,31.4159,5.3964311e-05,0.12206429
297.5,31.4159,5.3956969e-05,0.12204769
297.6,31.4159,5.3919084e-05,0.12196199
297.7,31.4159,5.3929791e-05,0.12198621
297.8,31.4159,5.3852364e-05,0.12181107
297.9,31.4159,5.3874975e-05,0.12186222
298,31.4159,5.389891e-05,0.12191636
298.1,31.4159,5.3823665e-05,0.12174616
298.2,31.4159,5.3780726e-05,0.12164903
298.3,31.4159,5.3815261e-05,0.12172715
298.4,31.4159,5.3768789e-05,0.12162203
298.5,31.4159,5.372005e-05,0.12151179
298.6,31.4159,5.3746147e-05,0.12157082
298.7,31.4159,5.3694298e-05,0.12145354
298.8,31.4159,5.3632081e-05,0.12131281
298.9,31.4159,5.3645225e-05,0.12134254
299,31.4159,5.3610457e-05,0.12126389
299.1,31.4159,5.3412272e-05,0.12081561
299.2,31.4159,5.3154571e-05,0.12023271
299.3,31.4159,5.3028227e-05,0.11994692
299.4,31.4159,5.3246799e-05,0.12044132
299.5,31.4159,5.3210754e-05,0.12035979
299.6,31.4159,5.3249836e-05,0.12044819
299.7,31.4159,5.3165773e-05,0.12025804
299.8,31.4159,5.3220227e-05,0.12038122
299.9,31.4159,5.3213471e-05,0.12036594
300,31.4159,5.3148418e-05,0.12021879
