time_s,omega_meas_rad_s,Mz_wedge_Nm,P_visc_full_W
0.1,41.8879,7.9571521e-05,0.23998204
0.2,41.8879,6.5186669e-05,0.19659835
0.3,41.8879,6.3538426e-05,0.19162737
0.4,41.8879,8.0136808e-05,0.24168691
0.5,41.8879,0.00011427316,0.34463972
0.6,41.8879,0.00011356129,0.34249277
0.7,41.8879,0.00011216915,0.33829415
0.8,41.8879,0.00011052759,0.33334333
0.9,41.8879,0.00010871331,0.32787159
1,41.8879,0.00010676893,0.32200749
1.1,41.8879,0.00010504343,0.3168035
1.2,41.8879,0.00010645006,0.32104581
1.3,41.8879,0.00010690537,0.32241898
1.4,41.8879,0.00010335349,0.31170676
1.5,41.8879,0.00010686541,0.32229846
1.6,41.8879,0.00010774805,0.32496043
1.7,41.8879,0.00010798367,0.32567107
1.8,41.8879,0.00010738305,0.32385962
1.9,41.8879,0.00010686524,0.32229795
2,41.8879,0.00010613846,0.32010605
2.1,41.8879,0.00010670565,0.32181665
2.2,41.8879,0.00010721135,0.32334179
2.3,41.8879,0.00010658812,0.32146217
2.4,41.8879,0.00010744116,0.32403489
2.5,41.8879,0.00010709298,0.32298481
2.6,41.8879,0.00010709565,0.32299286
2.7,41.8879,0.00010746883,0.32411835
2.8,41.8879,0.00010777474,0.32504093
2.9,41.8879,0.00010783777,0.32523104
3,41.8879,0.00010734861,0.32375577
3.1,41.8879,0.00010751466,0.32425657
3.2,41.8879,0.00010802015,0.32578108
3.3,41.8879,0.00010810393,0.32603375
3.4,41.8879,0.0001078424,0.32524499
3.5,41.8879,0.00010773662,0.32492597
3.6,41.8879,0.00010788123,0.32536211
3.7,41.8879,0.00010823516,0.32642954
3.8,41.8879,0.00010825626,0.32649316
3.9,41.8879,0.0001078993,0.32541661
4,41.8879,0.00010777698,0.32504769
4.1,41.8879,0.00010783016,0.32520809
4.2,41.8879,0.00010813303,0.32612153
4.3,41.8879,0.00010825095,0.32647717
4.4,41.8879,0.00010768812,0.32477969
4.5,41.8879,0.000107381,0.32385345
4.6,41.8879,0.0001074922,0.32418883
4.7,41.8879,0.00010795142,0.32557379
4.8,41.8879,0.00010814785,0.3261662
4.9,41.8879,0.00010742703,0.32399227
5,41.8879,0.00010696705,0.322605
5.1,41.8879,0.00010701123,0.32273825
5.2,41.8879,0.00010762299,0.32458326
5.3,41.8879,0.00010781759,0.32517016
5.4,41.8879,0.00010694916,0.32255105
5.5,41.8879,0.00010641213,0.32093141
5.6,41.8879,0.00010643059,0.32098709
5.7,41.8879,0.00010722818,0.32339256
5.8,41.8879,0.00010750862,0.32423833
5.9,41.8879,0.00010673598,0.3219081
6,41.8879,0.00010590705,0.31940812
6.1,41.8879,0.00010613657,0.32010033
6.2,41.8879,0.00010689163,0.32237754
6.3,41.8879,0.00010733249,0.32370715
6.4,41.8879,0.00010629859,0.32058897
6.5,41.8879,0.00010575311,0.31894384
6.6,41.8879,0.00010595556,0.31955444
6.7,41.8879,0.00010680402,0.32211332
6.8,41.8879,0.00010717651,0.32323673
6.9,41.8879,0.00010562672,0.31856268
7,41.8879,0.00010430416,0.31457393
7.1,41.8879,0.00010469934,0.31576576
7.2,41.8879,0.00010634347,0.32072434
7.3,41.8879,0.00010649136,0.32117036
7.4,41.8879,0.00010550866,0.31820662
7.5,41.8879,0.00010510118,0.31697767
7.6,41.8879,0.00010543946,0.3179979
7.7,41.8879,0.00010641729,0.32094698
7.8,41.8879,0.00010656704,0.3213986
7.9,41.8879,0.0001056013,0.318486
8,41.8879,0.00010527371,0.31749801
8.1,41.8879,0.00010553923,0.31829882
8.2,41.8879,0.00010635851,0.32076969
8.3,41.8879,0.00010655812,0.3213717
8.4,41.8879,0.00010568424,0.31873615
8.5,41.8879,0.00010537188,0.3177941
8.6,41.8879,0.00010559079,0.31845429
8.7,41.8879,0.00010631248,0.32063086
8.8,41.8879,0.00010653498,0.3213019
8.9,41.8879,0.00010581556,0.31913218
9,41.8879,0.00010534587,0.31771564
9.1,41.8879,0.00010553706,0.31829226
9.2,41.8879,0.00010621228,0.32032867
9.3,41.8879,0.00010648266,0.32114412
9.4,41.8879,0.00010592234,0.31945424
9.5,41.8879,0.00010538817,0.31784321
9.6,41.8879,0.0001053598,0.31775765
9.7,41.8879,0.000106152,0.32014689
9.8,41.8879,0.00010641057,0.32092671
9.9,41.8879,0.00010585288,0.31924476
10,41.8879,0.00010541835,0.31793423
10.1,41.8879,0.00010512541,0.31705076
10.2,41.8879,0.00010587026,0.31929716
10.3,41.8879,0.00010636084,0.32077672
10.4,41.8879,0.00010591904,0.31944428
10.5,41.8879,0.00010537431,0.31780141
10.6,41.8879,0.00010493076,0.31646371
10.7,41.8879,0.00010561423,0.318525
10.8,41.8879,0.00010613869,0.32010672
10.9,41.8879,0.00010587426,0.31930923
11,41.8879,0.00010525133,0.3174305
11.1,41.8879,0.00010469399,0.31574963
11.2,41.8879,0.00010535117,0.31773161
11.3,41.8879,0.00010596193,0.31957362
11.4,41.8879,0.0001057324,0.31888138
11.5,41.8879,0.00010515841,0.31715028
11.6,41.8879,0.00010450171,0.31516971
11.7,41.8879,0.00010505213,0.31682975
11.8,41.8879,0.00010572812,0.31886848
11.9,41.8879,0.00010575267,0.31894252
12,41.8879,0.00010520579,0.31729318
12.1,41.8879,0.00010476015,0.31594914
12.2,41.8879,0.00010491511,0.31641651
12.3,41.8879,0.00010563111,0.31857592
12.4,41.8879,0.00010570738,0.31880592
12.5,41.8879,0.00010539323,0.31785849
12.6,41.8879,0.00010482658,0.31614951
12.7,41.8879,0.00010491131,0.31640504
12.8,41.8879,0.0001053628,0.31776669
12.9,41.8879,0.00010558442,0.31843508
13,41.8879,0.00010546163,0.31806475
13.1,41.8879,0.00010480988,0.31609913
13.2,41.8879,0.00010469993,0.31576753
13.3,41.8879,0.0001050637,0.31686463
13.4,41.8879,0.00010509878,0.31697044
13.5,41.8879,0.00010484234,0.31619704
13.6,41.8879,0.00010401037,0.31368787
13.7,41.8879,0.000104078,0.31389183
13.8,41.8879,0.00010425255,0.31441826
13.9,41.8879,0.00010470473,0.31578201
14,41.8879,0.0001049312,0.31646502
14.1,41.8879,0.00010451457,0.31520849
14.2,41.8879,0.00010428825,0.31452593
14.3,41.8879,0.00010427411,0.3144833
14.4,41.8879,0.00010461756,0.31551912
14.5,41.8879,0.00010494172,0.31649676
14.6,41.8879,0.00010467722,0.31569904
14.7,41.8879,0.00010449244,0.31514177
14.8,41.8879,0.0001042142,0.31430261
14.9,41.8879,0.00010457317,0.31538523
15,41.8879,0.00010482162,0.31613454
15.1,41.8879,0.0001048976,0.31636371
15.2,41.8879,0.00010455733,0.31533747
15.3,41.8879,0.00010426481,0.31445524
15.4,41.8879,0.00010445678,0.31503422
15.5,41.8879,0.00010466147,0.31565154
15.6,41.8879,0.0001048658,0.3162678
15.7,41.8879,0.00010477716,0.31600045
15.8,41.8879,0.00010427409,0.31448322
15.9,41.8879,0.00010429361,0.31454212
16,41.8879,0.00010453401,0.31526714
16.1,41.8879,0.00010475461,0.31593246
16.2,41.8879,0.00010479401,0.31605126
16.3,41.8879,0.00010444937,0.31501186
16.4,41.8879,0.00010426816,0.31446534
16.5,41.8879,0.0001041842,0.31421213
16.6,41.8879,0.0001045707,0.31537779
16.7,41.8879,0.00010483027,0.31616062
16.8,41.8879,0.00010447597,0.31509207
16.9,41.8879,0.00010422706,0.31434139
17,41.8879,0.00010404447,0.31379073
17.1,41.8879,0.00010434779,0.31470551
17.2,41.8879,0.0001045676,0.31536844
17.3,41.8879,0.00010448665,0.3151243
17.4,41.8879,0.00010428521,0.31451678
17.5,41.8879,0.0001039074,0.31337733
17.6,41.8879,0.00010398618,0.31361493
17.7,41.8879,0.00010427662,0.31449087
17.8,41.8879,0.00010437731,0.31479452
17.9,41.8879,0.00010430435,0.31457449
18,41.8879,0.00010381862,0.31310956
18.1,41.8879,0.00010379423,0.31303602
18.2,41.8879,0.00010396622,0.31355473
18.3,41.8879,0.0001041583,0.31413402
18.4,41.8879,0.00010422151,0.31432464
18.5,41.8879,0.00010367298,0.31267033
18.6,41.8879,0.00010357508,0.31237507
18.7,41.8879,0.00010362015,0.312511
18.8,41.8879,0.00010386277,0.31324273
18.9,41.8879,0.00010402161,0.31372178
19,41.8879,0.00010370501,0.31276692
19.1,41.8879,0.00010356624,0.3123484
19.2,41.8879,0.00010335039,0.31169741
19.3,41.8879,0.00010369624,0.31274046
19.4,41.8879,0.00010382312,0.31312312
19.5,41.8879,0.00010379767,0.31304639
19.6,41.8879,0.00010350281,0.31215709
19.7,41.8879,0.00010339137,0.31182102
19.8,41.8879,0.00010339708,0.31183822
19.9,41.8879,0.00010367097,0.31266425
20,41.8879,0.00010365532,0.31261707
20.1,41.8879,0.00010363441,0.31255401
20.2,41.8879,0.00010332952,0.31163446
20.3,41.8879,0.00010331631,0.31159463
20.4,41.8879,0.00010352605,0.31222719
20.5,41.8879,0.00010357081,0.3123622
20.6,41.8879,0.00010355268,0.31230751
20.7,41.8879,0.00010319355,0.31122441
20.8,41.8879,0.0001030936,0.31092296
20.9,41.8879,0.00010318731,0.31120557
21,41.8879,0.00010310753,0.31096497
21.1,41.8879,0.00010342,0.31190736
21.2,41.8879,0.00010297135,0.31055426
21.3,41.8879,0.00010263205,0.30953095
21.4,41.8879,0.00010176722,0.30692269
21.5,41.8879,0.00010260062,0.30943617
21.6,41.8879,0.00010271088,0.30976871
21.7,41.8879,0.00010262967,0.30952378
21.8,41.8879,0.00010251753,0.30918558
21.9,41.8879,0.00010245087,0.30898452
22,41.8879,0.00010251094,0.30916571
22.1,41.8879,0.00010271018,0.30976658
22.2,41.8879,0.0001026807,0.30967767
22.3,41.8879,0.00010267217,0.30965196
22.4,41.8879,0.00010250066,0.3091347
22.5,41.8879,0.00010244323,0.30896148
22.6,41.8879,0.00010260118,0.30943784
22.7,41.8879,0.00010273461,0.30984025
22.8,41.8879,0.00010264503,0.3095701
22.9,41.8879,0.0001025573,0.30930552
23,41.8879,0.00010249046,0.30910393
23.1,41.8879,0.00010237414,0.30875313
23.2,41.8879,0.00010260702,0.30945546
23.3,41.8879,0.00010264356,0.30956568
23.4,41.8879,0.00010252605,0.30921127
23.5,41.8879,0.00010246099,0.30901505
23.6,41.8879,0.00010224918,0.30837626
23.7,41.8879,0.00010245126,0.30898572
23.8,41.8879,0.00010256812,0.30933815
23.9,41.8879,0.00010251265,0.30917085
24,41.8879,0.00010243486,0.30893625
24.1,41.8879,0.00010227819,0.30846374
24.2,41.8879,0.00010220895,0.30825493
24.3,41.8879,0.00010231244,0.30856703
24.4,41.8879,0.00010249031,0.30910349
24.5,41.8879,0.00010243229,0.30892851
24.6,41.8879,0.00010214736,0.30806915
24.7,41.8879,0.00010215919,0.30810484
24.8,41.8879,0.00010204792,0.30776926
24.9,41.8879,0.00010220633,0.30824702
25,41.8879,0.00010237473,0.30875491
25.1,41.8879,0.00010213441,0.3080301
25.2,41.8879,0.00010198113,0.30756783
25.3,41.8879,0.00010193672,0.30743388
25.4,41.8879,0.00010200046,0.30762613
25.5,41.8879,0.00010212339,0.30799687
25.6,41.8879,0.00010198011,0.30756475
25.7,41.8879,0.00010195445,0.30748738
25.8,41.8879,0.00010172187,0.3067859
25.9,41.8879,0.00010173405,0.30682265
26,41.8879,0.00010181531,0.30706774
26.1,41.8879,0.00010187207,0.30723891
26.2,41.8879,0.00010187275,0.30724096
26.3,41.8879,0.00010159743,0.30641063
26.4,41.8879,0.00010158457,0.30637183
26.5,41.8879,0.00010161796,0.30647254
26.6,41.8879,0.00010155917,0.30629522
26.7,41.8879,0.00010161906,0.30647585
26.8,41.8879,0.00010138604,0.30577308
26.9,41.8879,0.00010143583,0.30592324
27,41.8879,0.00010140982,0.30584479
27.1,41.8879,0.00010143023,0.30590635
27.2,41.8879,0.00010141777,0.30586878
27.3,41.8879,0.00010127056,0.3054248
27.4,41.8879,0.00010122705,0.30529357
27.5,41.8879,0.00010118042,0.30515293
27.6,41.8879,0.00010123722,0.30532426
27.7,41.8879,0.00010130597,0.30553159
27.8,41.8879,0.00010123441,0.30531576
27.9,41.8879,0.00010120636,0.30523117
28,41.8879,0.00010119472,0.30519609
28.1,41.8879,0.00010115756,0.305084
28.2,41.8879,0.00010120107,0.30521521
28.3,41.8879,0.00010117636,0.30514069
28.4,41.8879,0.00010112445,0.30498415
28.5,41.8879,0.00010096645,0.30450763
28.6,41.8879,0.00010102183,0.30467466
28.7,41.8879,0.00010097574,0.30453563
28.8,41.8879,0.00010092943,0.30439597
28.9,41.8879,0.00010101529,0.30465492
29,41.8879,0.00010071885,0.30376089
29.1,41.8879,0.00010075084,0.30385736
29.2,41.8879,0.00010071401,0.30374627
29.3,41.8879,0.00010057516,0.30332753
29.4,41.8879,0.00010004187,0.30171915
29.5,41.8879,0.00010026091,0.30237976
29.6,41.8879,0.00010011585,0.30194228
29.7,41.8879,0.00010016643,0.30209482
29.8,41.8879,0.00010014531,0.30203113
29.9,41.8879,0.00010029325,0.3024773
30,41.8879,0.0001003478,0.30264181
30.1,41.8879,0.00010018908,0.30216313
30.2,41.8879,0.00010021917,0.30225389
30.3,41.8879,0.00010008213,0.30184057
30.4,41.8879,0.00010018828,0.30216072
30.5,41.8879,0.0001002044,0.30220935
30.6,41.8879,0.00010031304,0.30253698
30.7,41.8879,0.00010011612,0.30194308
30.8,41.8879,0.00010012978,0.3019843
30.9,41.8879,0.0001000826,0.301842
31,41.8879,0.00010007596,0.30182197
31.1,41.8879,0.00010018979,0.30216528
31.2,41.8879,0.00010009111,0.30186765
31.3,41.8879,0.00010012108,0.30195804
31.4,41.8879,9.9906983e-05,0.30131235
31.5,41.8879,9.9988366e-05,0.30155779
31.6,41.8879,0.00010008366,0.30184518
31.7,41.8879,0.00010002919,0.30168091
31.8,41.8879,0.00010001651,0.30164268
31.9,41.8879,9.9950812e-05,0.30144453
32,41.8879,9.9786036e-05,0.30094758
32.1,41.8879,9.9900261e-05,0.30129208
32.2,41.8879,9.9887695e-05,0.30125418
32.3,41.8879,9.992616e-05,0.30137018
32.4,41.8879,9.9858234e-05,0.30116532
32.5,41.8879,9.9791253e-05,0.30096332
32.6,41.8879,9.9617036e-05,0.30043789
32.7,41.8879,9.9726029e-05,0.3007666
32.8,41.8879,9.9826249e-05,0.30106886
32.9,41.8879,9.9704569e-05,0.30070188
33,41.8879,9.9589403e-05,0.30035455
33.1,41.8879,9.9567103e-05,0.30028729
33.2,41.8879,9.9499073e-05,0.30008212
33.3,41.8879,9.9546622e-05,0.30022552
33.4,41.8879,9.9531565e-05,0.30018011
33.5,41.8879,9.9585706e-05,0.3003434
33.6,41.8879,9.9386856e-05,0.29974368
33.7,41.8879,9.9372213e-05,0.29969952
33.8,41.8879,9.9376686e-05,0.29971301
33.9,41.8879,9.9310757e-05,0.29951417
34,41.8879,9.9331581e-05,0.29957698
34.1,41.8879,9.9135062e-05,0.29898429
34.2,41.8879,9.9137566e-05,0.29899184
34.3,41.8879,9.9146098e-05,0.29901757
34.4,41.8879,9.9094615e-05,0.2988623
34.5,41.8879,9.9130148e-05,0.29896947
34.6,41.8879,9.9002672e-05,0.29858501
34.7,41.8879,9.9030845e-05,0.29866998
34.8,41.8879,9.9034258e-05,0.29868027
34.9,41.8879,9.9008073e-05,0.2986013
35,41.8879,9.8961955e-05,0.29846221
35.1,41.8879,9.8786886e-05,0.29793421
35.2,41.8879,9.8782214e-05,0.29792012
35.3,41.8879,9.8699942e-05,0.297672
35.4,41.8879,9.8854285e-05,0.29813748
35.5,41.8879,9.8796756e-05,0.29796398
35.6,41.8879,9.8816237e-05,0.29802274
35.7,41.8879,9.8706705e-05,0.2976924
35.8,41.8879,9.8698236e-05,0.29766685
35.9,41.8879,9.8639154e-05,0.29748867
36,41.8879,9.8704386e-05,0.2976854
36.1,41.8879,9.8643539e-05,0.29750189
36.2,41.8879,9.8590503e-05,0.29734194
36.3,41.8879,9.8516369e-05,0.29711835
36.4,41.8879,9.841317e-05,0.29680711
36.5,41.8879,9.8583651e-05,0.29732127
36.6,41.8879,9.8405324e-05,0.29678345
36.7,41.8879,9.838006e-05,0.29670726
36.8,41.8879,9.8316308e-05,0.29651499
36.9,41.8879,9.8144641e-05,0.29599725
37,41.8879,9.818081e-05,0.29610633
37.1,41.8879,9.8218902e-05,0.29622122
37.2,41.8879,9.8118449e-05,0.29591826
37.3,41.8879,9.7683775e-05,0.29460731
37.4,41.8879,9.701963e-05,0.2926043
37.5,41.8879,9.7546851e-05,0.29419436
37.6,41.8879,9.7641555e-05,0.29447998
37.7,41.8879,9.7544401e-05,0.29418697
37.8,41.8879,9.770915e-05,0.29468384
37.9,41.8879,9.754373e-05,0.29418495
38,41.8879,9.7564563e-05,0.29424777
38.1,41.8879,9.7532365e-05,0.29415067
38.2,41.8879,9.7567634e-05,0.29425704
38.3,41.8879,9.7678332e-05,0.2945909
38.4,41.8879,9.754105e-05,0.29417686
38.5,41.8879,9.7561388e-05,0.2942382
38.6,41.8879,9.7494368e-05,0.29403607
38.7,41.8879,9.7440221e-05,0.29387277
38.8,41.8879,9.7541286e-05,0.29417757
38.9,41.8879,9.7445407e-05,0.29388841
39,41.8879,9.7553592e-05,0.29421469
39.1,41.8879,9.7397926e-05,0.29374521
39.2,41.8879,9.7390657e-05,0.29372329
39.3,41.8879,9.7401817e-05,0.29375694
39.4,41.8879,9.7331398e-05,0.29354456
39.5,41.8879,9.7444935e-05,0.29388698
39.6,41.8879,9.7314381e-05,0.29349324
39.7,41.8879,9.7306365e-05,0.29346907
39.8,41.8879,9.7278324e-05,0.2933845
39.9,41.8879,9.7194686e-05,0.29313225
40,41.8879,9.7324753e-05,0.29352453
40.1,41.8879,9.7202816e-05,0.29315677
40.2,41.8879,9.717679e-05,0.29307828
40.3,41.8879,9.7217677e-05,0.29320159
40.4,41.8879,9.7083641e-05,0.29279735
40.5,41.8879,9.7060559e-05,0.29272774
40.6,41.8879,9.7163011e-05,0.29303672
40.7,41.8879,9.700348e-05,0.29255559
40.8,41.8879,9.6998973e-05,0.29254199
40.9,41.8879,9.6947499e-05,0.29238675
41,41.8879,9.6965764e-05,0.29244184
41.1,41.8879,9.6879099e-05,0.29218046
41.2,41.8879,9.6930946e-05,0.29233683
41.3,41.8879,9.6931963e-05,0.2923399
41.4,41.8879,9.6725745e-05,0.29171796
41.5,41.8879,9.6733731e-05,0.29174205
41.6,41.8879,9.6732314e-05,0.29173777
41.7,41.8879,9.670521e-05,0.29165603
41.8,41.8879,9.6749489e-05,0.29178957
41.9,41.8879,9.6614374e-05,0.29138207
42,41.8879,9.6566148e-05,0.29123663
42.1,41.8879,9.6640817e-05,0.29146182
42.2,41.8879,9.6528658e-05,0.29112356
42.3,41.8879,9.6510269e-05,0.2910681
42.4,41.8879,9.6346821e-05,0.29057515
42.5,41.8879,9.6379136e-05,0.29067261
42.6,41.8879,9.6371068e-05,0.29064828
42.7,41.8879,9.62901e-05,0.29040409
42.8,41.8879,9.6239064e-05,0.29025017
42.9,41.8879,9.6063502e-05,0.28972068
43,41.8879,9.6113654e-05,0.28987194
43.1,41.8879,9.6104331e-05,0.28984382
43.2,41.8879,9.6130239e-05,0.28992196
43.3,41.8879,9.6034578e-05,0.28963345
43.4,41.8879,9.600107e-05,0.28953239
43.5,41.8879,9.5878277e-05,0.28916206
43.6,41.8879,9.6037506e-05,0.28964228
43.7,41.8879,9.6017441e-05,0.28958176
43.8,41.8879,9.6056676e-05,0.2897001
43.9,41.8879,9.5910469e-05,0.28925915
44,41.8879,9.5891906e-05,0.28920316
44.1,41.8879,9.5828502e-05,0.28901194
44.2,41.8879,9.5792305e-05,0.28890277
44.3,41.8879,9.5777865e-05,0.28885922
44.4,41.8879,9.5719346e-05,0.28868273
44.5,41.8879,9.5662758e-05,0.28851207
44.6,41.8879,9.5552791e-05,0.28818041
44.7,41.8879,9.5595121e-05,0.28830808
44.8,41.8879,9.5541907e-05,0.28814759
44.9,41.8879,9.5411663e-05,0.28775478
45,41.8879,9.5572293e-05,0.28823923
45.1,41.8879,9.5303952e-05,0.28742993
45.2,41.8879,9.4736303e-05,0.28571794
45.3,41.8879,9.4336753e-05,0.28451293
45.4,41.8879,9.4786156e-05,0.2858683
45.5,41.8879,9.4882534e-05,0.28615897
45.6,41.8879,9.4820406e-05,0.28597159
45.7,41.8879,9.4803837e-05,0.28592162
45.8,41.8879,9.4850557e-05,0.28606253
45.9,41.8879,9.4781119e-05,0.28585311
46,41.8879,9.490757e-05,0.28623447
46.1,41.8879,9.4739415e-05,0.28572733
46.2,41.8879,9.4848497e-05,0.28605631
46.3,41.8879,9.4728363e-05,0.285694
46.4,41.8879,9.4790726e-05,0.28588208
46.5,41.8879,9.4741311e-05,0.28573305
46.6,41.8879,9.4672445e-05,0.28552535
46.7,41.8879,9.4759405e-05,0.28578762
46.8,41.8879,9.4628521e-05,0.28539288
46.9,41.8879,9.4692664e-05,0.28558633
47,41.8879,9.4644073e-05,0.28543979
47.1,41.8879,9.4582785e-05,0.28525494
47.2,41.8879,9.4671643e-05,0.28552293
47.3,41.8879,9.4529319e-05,0.2850937
47.4,41.8879,9.4552234e-05,0.28516281
47.5,41.8879,9.461221e-05,0.28534369
47.6,41.8879,9.4475159e-05,0.28493035
47.7,41.8879,9.4477291e-05,0.28493678
47.8,41.8879,9.4511371e-05,0.28503957
47.9,41.8879,9.4424645e-05,0.28477801
48,41.8879,9.4287657e-05,0.28436486
48.1,41.8879,9.4383804e-05,0.28465483
48.2,41.8879,9.4291428e-05,0.28437623
48.3,41.8879,9.4348408e-05,0.28454808
48.4,41.8879,9.434789e-05,0.28454652
48.5,41.8879,9.4210808e-05,0.28413309
48.6,41.8879,9.4173308e-05,0.28401999
48.7,41.8879,9.4244474e-05,0.28423462
48.8,41.8879,9.4112757e-05,0.28383737
48.9,41.8879,9.4125836e-05,0.28387682
49,41.8879,9.4029113e-05,0.28358511
49.1,41.8879,9.4040096e-05,0.28361824
49.2,41.8879,9.398143e-05,0.2834413
49.3,41.8879,9.4055752e-05,0.28366545
49.4,41.8879,9.3995071e-05,0.28348244
49.5,41.8879,9.3868224e-05,0.28309988
49.6,41.8879,9.3865375e-05,0.28309129
49.7,41.8879,9.3848854e-05,0.28304146
49.8,41.8879,9.3865671e-05,0.28309218
49.9,41.8879,9.3862446e-05,0.28308246
50,41.8879,9.3805672e-05,0.28291123
50.1,41.8879,9.3744634e-05,0.28272714
50.2,41.8879,9.3644202e-05,0.28242425
50.3,41.8879,9.3582054e-05,0.28223681
50.4,41.8879,9.3562189e-05,0.2821769
50.5,41.8879,9.3506513e-05,0.28200898
50.6,41.8879,9.3491108e-05,0.28196252
50.7,41.8879,9.3491329e-05,0.28196319
50.8,41.8879,9.3493494e-05,0.28196972
50.9,41.8879,9.3477034e-05,0.28192008
51,41.8879,9.3366256e-05,0.28158598
51.1,41.8879,9.3361557e-05,0.28157181
51.2,41.8879,9.3292033e-05,0.28136213
51.3,41.8879,9.3279544e-05,0.28132446
51.4,41.8879,9.3188209e-05,0.281049
51.5,41.8879,9.3166454e-05,0.28098339
51.6,41.8879,9.3065391e-05,0.28067859
51.7,41.8879,9.3121345e-05,0.28084735
51.8,41.8879,9.3006823e-05,0.28050196
51.9,41.8879,9.3036133e-05,0.28059035
52,41.8879,9.2882611e-05,0.28012734
52.1,41.8879,9.2993086e-05,0.28046053
52.2,41.8879,9.2988052e-05,0.28044534
52.3,41.8879,9.2805871e-05,0.2798959
52.4,41.8879,9.2784546e-05,0.27983158
52.5,41.8879,9.280128e-05,0.27988205
52.6,41.8879,9.265217e-05,0.27943235
52.7,41.8879,9.2593915e-05,0.27925665
52.8,41.8879,9.2602924e-05,0.27928383
52.9,41.8879,9.2511226e-05,0.27900727
53,41.8879,9.241248e-05,0.27870946
53.1,41.8879,9.2348939e-05,0.27851782
53.2,41.8879,9.1601919e-05,0.27626487
53.3,41.8879,9.2062481e-05,0.27765389
53.4,41.8879,9.1863214e-05,0.27705291
53.5,41.8879,9.1845141e-05,0.27699841
53.6,41.8879,9.198223e-05,0.27741186
53.7,41.8879,9.1861066e-05,0.27704644
53.8,41.8879,9.1905856e-05,0.27718152
53.9,41.8879,9.190744e-05,0.2771863
54,41.8879,9.1801052e-05,0.27686544
54.1,41.8879,9.1885379e-05,0.27711976
54.2,41.8879,9.1793763e-05,0.27684345
54.3,41.8879,9.1901464e-05,0.27716827
54.4,41.8879,9.1811558e-05,0.27689712
54.5,41.8879,9.1746584e-05,0.27670117
54.6,41.8879,9.1841079e-05,0.27698615
54.7,41.8879,9.1711077e-05,0.27659408
54.8,41.8879,9.1732344e-05,0.27665822
54.9,41.8879,9.1778071e-05,0.27679613
55,41.8879,9.1694083e-05,0.27654283
55.1,41.8879,9.1602859e-05,0.2762677
55.2,41.8879,9.1724141e-05,0.27663348
55.3,41.8879,9.1579418e-05,0.276197
55.4,41.8879,9.1558136e-05,0.27613282
55.5,41.8879,9.1618007e-05,0.27631339
55.6,41.8879,9.149366e-05,0.27593836
55.7,41.8879,9.1511823e-05,0.27599314
55.8,41.8879,9.1548042e-05,0.27610238
55.9,41.8879,9.1400456e-05,0.27565727
56,41.8879,9.1366319e-05,0.27555431
56.1,41.8879,9.1435735e-05,0.27576367
56.2,41.8879,9.1317353e-05,0.27540663
56.3,41.8879,9.1339469e-05,0.27547334
56.4,41.8879,9.1362655e-05,0.27554326
56.5,41.8879,9.1307922e-05,0.27537819
56.6,41.8879,9.1189572e-05,0.27502126
56.7,41.8879,9.1204805e-05,0.2750672
56.8,41.8879,9.1243581e-05,0.27518415
56.9,41.8879,9.1173824e-05,0.27497376
57,41.8879,9.1062381e-05,0.27463766
57.1,41.8879,9.1070288e-05,0.2746615
57.2,41.8879,9.1123494e-05,0.27482197
57.3,41.8879,9.1029181e-05,0.27453753
57.4,41.8879,9.0928631e-05,0.27423428
57.5,41.8879,9.0921976e-05,0.27421421
57.6,41.8879,9.0904078e-05,0.27416023
57.7,41.8879,9.0877582e-05,0.27408032
57.8,41.8879,9.0909946e-05,0.27417793
57.9,41.8879,9.0826425e-05,0.27392603
58,41.8879,9.0786122e-05,0.27380448
58.1,41.8879,9.073703e-05,0.27365642
58.2,41.8879,9.0685536e-05,0.27350112
58.3,41.8879,9.0639156e-05,0.27336124
58.4,41.8879,9.0593964e-05,0.27322494
58.5,41.8879,9.0565646e-05,0.27313954
58.6,41.8879,9.0516333e-05,0.27299081
58.7,41.8879,9.0469013e-05,0.2728481
58.8,41.8879,9.0431858e-05,0.27273604
58.9,41.8879,9.0388118e-05,0.27260413
59,41.8879,9.0308194e-05,0.27236308
59.1,41.8879,9.0391054e-05,0.27261298
59.2,41.8879,9.0353216e-05,0.27249887
59.3,41.8879,9.0314758e-05,0.27238288
59.4,41.8879,9.0272559e-05,0.27225561
59.5,41.8879,9.0242608e-05,0.27216528
59.6,41.8879,9.0204713e-05,0.27205099
59.7,41.8879,9.0162426e-05,0.27192346
59.8,41.8879,9.0136658e-05,0.27184574
59.9,41.8879,9.0096527e-05,0.27172471
60,41.8879,9.000848e-05,0.27145917
60.1,41.8879,9.0066095e-05,0.27163293
60.2,41.8879,8.9938762e-05,0.2712489
60.3,41.8879,8.9897067e-05,0.27112315
60.4,41.8879,8.9816242e-05,0.27087939
60.5,41.8879,8.9889789e-05,0.2711012
60.6,41.8879,8.979217e-05,0.27080679
60.7,41.8879,8.9663964e-05,0.27042013
60.8,41.8879,8.9664981e-05,0.2704232
60.9,41.8879,8.9619317e-05,0.27028548
61,41.8879,8.948833e-05,0.26989043
61.1,41.8879,8.9515455e-05,0.26997224
61.2,41.8879,8.9509314e-05,0.26995372
61.3,41.8879,8.9331816e-05,0.2694184
61.4,41.8879,8.8845454e-05,0.26795156
61.5,41.8879,8.8356017e-05,0.26647546
61.6,41.8879,8.8840912e-05,0.26793786
61.7,41.8879,8.8881708e-05,0.2680609
61.8,41.8879,8.8901457e-05,0.26812047
61.9,41.8879,8.8867385e-05,0.26801771
62,41.8879,8.8767921e-05,0.26771773
62.1,41.8879,8.8889641e-05,0.26808483
62.2,41.8879,8.8810443e-05,0.26784597
62.3,41.8879,8.8726806e-05,0.26759373
62.4,41.8879,8.8851773e-05,0.26797062
62.5,41.8879,8.8767751e-05,0.26771722
62.6,41.8879,8.8678903e-05,0.26744926
62.7,41.8879,8.8798486e-05,0.26780991
62.8,41.8879,8.8718228e-05,0.26756786
62.9,41.8879,8.8622198e-05,0.26727824
63,41.8879,8.8719988e-05,0.26757317
63.1,41.8879,8.8655498e-05,0.26737867
63.2,41.8879,8.8559723e-05,0.26708982
63.3,41.8879,8.8611098e-05,0.26724476
63.4,41.8879,8.8602057e-05,0.2672175
63.5,41.8879,8.8495564e-05,0.26689632
63.6,41.8879,8.8522977e-05,0.266979
63.7,41.8879,8.8573361e-05,0.26713095
63.8,41.8879,8.8435914e-05,0.26671642
63.9,41.8879,8.8410872e-05,0.2666409
64,41.8879,8.8496308e-05,0.26689856
64.1,41.8879,8.8363921e-05,0.26649929
64.2,41.8879,8.8313767e-05,0.26634803
64.3,41.8879,8.8422796e-05,0.26667686
64.4,41.8879,8.8402088e-05,0.2666144
64.5,41.8879,8.8262597e-05,0.26619371
64.6,41.8879,8.8203835e-05,0.26601649
64.7,41.8879,8.8297216e-05,0.26629812
64.8,41.8879,8.8218784e-05,0.26606157
64.9,41.8879,8.810065e-05,0.26570529
65,41.8879,8.8072479e-05,0.26562033
65.1,41.8879,8.816493e-05,0.26589915
65.2,41.8879,8.8033485e-05,0.26550272
65.3,41.8879,8.7992275e-05,0.26537844
65.4,41.8879,8.8141978e-05,0.26582993
65.5,41.8879,8.7977922e-05,0.26533515
65.6,41.8879,8.7893941e-05,0.26508187
65.7,41.8879,8.7935492e-05,0.26520718
65.8,41.8879,8.7983469e-05,0.26535188
65.9,41.8879,8.7896134e-05,0.26508848
66,41.8879,8.7852858e-05,0.26495796
66.1,41.8879,8.7811204e-05,0.26483234
66.2,41.8879,8.7778349e-05,0.26473325
66.3,41.8879,8.7726502e-05,0.26457688
66.4,41.8879,8.7642338e-05,0.26432305
66.5,41.8879,8.7579967e-05,0.26413495
66.6,41.8879,8.7670788e-05,0.26440885
66.7,41.8879,8.7637707e-05,0.26430908
66.8,41.8879,8.7597077e-05,0.26418655
66.9,41.8879,8.7594764e-05,0.26417957
67,41.8879,8.7550268e-05,0.26404538
67.1,41.8879,8.7491736e-05,0.26386885
67.2,41.8879,8.7471994e-05,0.26380931
67.3,41.8879,8.743899e-05,0.26370977
67.4,41.8879,8.7401678e-05,0.26359724
67.5,41.8879,8.7362777e-05,0.26347991
67.6,41.8879,8.7327324e-05,0.26337299
67.7,41.8879,8.7269262e-05,0.26319788
67.8,41.8879,8.7243171e-05,0.26311919
67.9,41.8879,8.7214588e-05,0.26303299
68,41.8879,8.7181151e-05,0.26293214
68.1,41.8879,8.7136384e-05,0.26279713
68.2,41.8879,8.7103708e-05,0.26269858
68.3,41.8879,8.7073536e-05,0.26260759
68.4,41.8879,8.7041191e-05,0.26251004
68.5,41.8879,8.7005448e-05,0.26240224
68.6,41.8879,8.6972648e-05,0.26230331
68.7,41.8879,8.6938169e-05,0.26219933
68.8,41.8879,8.6905211e-05,0.26209993
68.9,41.8879,8.6870502e-05,0.26199525
69,41.8879,8.6844153e-05,0.26191578
69.1,41.8879,8.6807724e-05,0.26180592
69.2,41.8879,8.6783082e-05,0.2617316
69.3,41.8879,8.6743076e-05,0.26161094
69.4,41.8879,8.6716397e-05,0.26153048
69.5,41.8879,8.6670835e-05,0.26139307
69.6,41.8879,8.6611221e-05,0.26121328
69.7,41.8879,8.6494425e-05,0.26086103
69.8,41.8879,8.6414598e-05,0.26062028
69.9,41.8879,8.6484618e-05,0.26083145
70,41.8879,8.6444885e-05,0.26071162
70.1,41.8879,8.6279542e-05,0.26021296
70.2,41.8879,8.6186412e-05,0.25993208
70.3,41.8879,8.623721e-05,0.26008529
70.4,41.8879,8.6244122e-05,0.26010613
70.5,41.8879,8.60997e-05,0.25967057
70.6,41.8879,8.5841577e-05,0.25889209
70.7,41.8879,8.5330289e-05,0.25735008
70.8,41.8879,8.5621592e-05,0.25822863
70.9,41.8879,8.5566715e-05,0.25806312
71,41.8879,8.5525609e-05,0.25793915
71.1,41.8879,8.5463798e-05,0.25775273
71.2,41.8879,8.5571265e-05,0.25807684
71.3,41.8879,8.5511115e-05,0.25789544
71.4,41.8879,8.5405913e-05,0.25757815
71.5,41.8879,8.552808e-05,0.2579466
71.6,41.8879,8.5471005e-05,0.25777447
71.7,41.8879,8.5366889e-05,0.25746046
71.8,41.8879,8.548653e-05,0.25782129
71.9,41.8879,8.5416658e-05,0.25761056
72,41.8879,8.526315e-05,0.25714759
72.1,41.8879,8.5412324e-05,0.25759749
72.2,41.8879,8.5291818e-05,0.25723405
72.3,41.8879,8.5306896e-05,0.25727952
72.4,41.8879,8.5358957e-05,0.25743654
72.5,41.8879,8.5252215e-05,0.25711461
72.6,41.8879,8.5370405e-05,0.25747106
72.7,41.8879,8.5279434e-05,0.2571967
72.8,41.8879,8.5187173e-05,0.25691845
72.9,41.8879,8.5154225e-05,0.25681908
73,41.8879,8.516568e-05,0.25685363
73.1,41.8879,8.5083341e-05,0.2566053
73.2,41.8879,8.5161791e-05,0.2568419
73.3,41.8879,8.5201258e-05,0.25696093
73.4,41.8879,8.5043068e-05,0.25648384
73.5,41.8879,8.5035019e-05,0.25645956
73.6,41.8879,8.5049198e-05,0.25650233
73.7,41.8879,8.4941981e-05,0.25617897
73.8,41.8879,8.499347e-05,0.25633425
73.9,41.8879,8.5008608e-05,0.25637991
74,41.8879,8.4902428e-05,0.25605968
74.1,41.8879,8.4826163e-05,0.25582967
74.2,41.8879,8.4977403e-05,0.2562858
74.3,41.8879,8.4777286e-05,0.25568226
74.4,41.8879,8.4835343e-05,0.25585735
74.5,41.8879,8.4852733e-05,0.2559098
74.6,41.8879,8.4763463e-05,0.25564057
74.7,41.8879,8.4710946e-05,0.25548218
74.8,41.8879,8.4809638e-05,0.25577983
74.9,41.8879,8.4713923e-05,0.25549116
75,41.8879,8.4557143e-05,0.25501832
75.1,41.8879,8.4714068e-05,0.2554916
75.2,41.8879,8.4567626e-05,0.25504994
75.3,41.8879,8.451599e-05,0.25489421
75.4,41.8879,8.4595043e-05,0.25513263
75.5,41.8879,8.4650389e-05,0.25529955
75.6,41.8879,8.4500849e-05,0.25484854
75.7,41.8879,8.4428875e-05,0.25463148
75.8,41.8879,8.4485081e-05,0.25480099
75.9,41.8879,8.4523948e-05,0.25491821
76,41.8879,8.4453371e-05,0.25470536
76.1,41.8879,8.4335117e-05,0.25434871
76.2,41.8879,8.4249195e-05,0.25408957
76.3,41.8879,8.4240496e-05,0.25406334
76.4,41.8879,8.4375474e-05,0.25447042
76.5,41.8879,8.4251896e-05,0.25409772
76.6,41.8879,8.4195318e-05,0.25392709
76.7,41.8879,8.4208827e-05,0.25396783
76.8,41.8879,8.4255823e-05,0.25410956
76.9,41.8879,8.4208788e-05,0.25396771
77,41.8879,8.4169524e-05,0.25384929
77.1,41.8879,8.4135193e-05,0.25374575
77.2,41.8879,8.411038e-05,0.25367092
77.3,41.8879,8.4094882e-05,0.25362418
77.4,41.8879,8.3989775e-05,0.25330718
77.5,41.8879,8.3942651e-05,0.25316506
77.6,41.8879,8.393729e-05,0.25314889
77.7,41.8879,8.394801e-05,0.25318122
77.8,41.8879,8.3917543e-05,0.25308934
77.9,41.8879,8.3887785e-05,0.25299959
78,41.8879,8.3856175e-05,0.25290425
78.1,41.8879,8.3732425e-05,0.25253103
78.2,41.8879,8.3719894e-05,0.25249324
78.3,41.8879,8.3740729e-05,0.25255608
78.4,41.8879,8.3794112e-05,0.25271708
78.5,41.8879,8.3702028e-05,0.25243936
78.6,41.8879,8.3659332e-05,0.25231059
78.7,41.8879,8.3639486e-05,0.25225073
78.8,41.8879,8.3590675e-05,0.25210353
78.9,41.8879,8.3611828e-05,0.25216732
79,41.8879,8.3506263e-05,0.25184894
79.1,41.8879,8.3489803e-05,0.2517993
79.2,41.8879,8.3536748e-05,0.25194088
79.3,41.8879,8.3516548e-05,0.25187996
79.4,41.8879,8.3427236e-05,0.2516106
79.5,41.8879,8.3400101e-05,0.25152877
79.6,41.8879,8.337804e-05,0.25146223
79.7,41.8879,8.3311321e-05,0.25126101
79.8,41.8879,8.3305225e-05,0.25124263
79.9,41.8879,8.3369071e-05,0.25143518
80,41.8879,8.3338931e-05,0.25134428
80.1,41.8879,8.3307874e-05,0.25125062
80.2,41.8879,8.3181007e-05,0.25086799
80.3,41.8879,8.3104942e-05,0.25063859
80.4,41.8879,8.3104354e-05,0.25063681
80.5,41.8879,8.3064139e-05,0.25051553
80.6,41.8879,8.2982114e-05,0.25026815
80.7,41.8879,8.2950945e-05,0.25017414
80.8,41.8879,8.2989251e-05,0.25028967
80.9,41.8879,8.2825605e-05,0.24979613
81,41.8879,8.2802824e-05,0.24972742
81.1,41.8879,8.3077041e-05,0.25055444
81.2,41.8879,8.2892233e-05,0.24999707
81.3,41.8879,8.2850474e-05,0.24987113
81.4,41.8879,8.273726e-05,0.24952968
81.5,41.8879,8.2641528e-05,0.24924097
81.6,41.8879,8.2741271e-05,0.24954178
81.7,41.8879,8.2591303e-05,0.24908949
81.8,41.8879,8.2412101e-05,0.24854903
81.9,41.8879,8.2409089e-05,0.24853994
82,41.8879,8.2400308e-05,0.24851346
82.1,41.8879,8.1988061e-05,0.24727015
82.2,41.8879,8.1497974e-05,0.24579209
82.3,41.8879,8.2122449e-05,0.24767546
82.4,41.8879,8.1752456e-05,0.24655959
82.5,41.8879,8.1870563e-05,0.24691579
82.6,41.8879,8.2073393e-05,0.24752751
82.7,41.8879,8.1826884e-05,0.24678406
82.8,41.8879,8.1769266e-05,0.24661028
82.9,41.8879,8.1926713e-05,0.24708513
83,41.8879,8.1726725e-05,0.24648198
83.1,41.8879,8.183508e-05,0.24680878
83.2,41.8879,8.167797e-05,0.24633494
83.3,41.8879,8.1780612e-05,0.2466445
83.4,41.8879,8.1786323e-05,0.24666173
83.5,41.8879,8.1672485e-05,0.2463184
83.6,41.8879,8.1771858e-05,0.2466181
83.7,41.8879,8.1924234e-05,0.24707766
83.8,41.8879,8.1702193e-05,0.246408
83.9,41.8879,8.1601545e-05,0.24610445
84,41.8879,8.1802794e-05,0.2467114
84.1,41.8879,8.1784712e-05,0.24665687
84.2,41.8879,8.1615471e-05,0.24614645
84.3,41.8879,8.1568593e-05,0.24600507
84.4,41.8879,8.1604227e-05,0.24611254
84.5,41.8879,8.1489467e-05,0.24576643
84.6,41.8879,8.1480354e-05,0.24573894
84.7,41.8879,8.1647569e-05,0.24624325
84.8,41.8879,8.1418688e-05,0.24555297
84.9,41.8879,8.1460138e-05,0.24567798
85,41.8879,8.1796546e-05,0.24669256
85.1,41.8879,8.1447019e-05,0.24563841
85.2,41.8879,8.1417234e-05,0.24554858
85.3,41.8879,8.1658968e-05,0.24627763
85.4,41.8879,8.1392436e-05,0.24547379
85.5,41.8879,8.1399132e-05,0.24549399
85.6,41.8879,8.1627112e-05,0.24618156
85.7,41.8879,8.1319781e-05,0.24525467
85.8,41.8879,8.128869e-05,0.2451609
85.9,41.8879,8.1451002e-05,0.24565042
86,41.8879,8.1297578e-05,0.24518771
86.1,41.8879,8.1311254e-05,0.24522895
86.2,41.8879,8.148142e-05,0.24574216
86.3,41.8879,8.1233517e-05,0.2449945
86.4,41.8879,8.131314e-05,0.24523464
86.5,41.8879,8.1443727e-05,0.24562848
86.6,41.8879,8.1367748e-05,0.24539934
86.7,41.8879,8.130003e-05,0.2451951
86.8,41.8879,8.1203078e-05,0.2449027
86.9,41.8879,8.1126085e-05,0.2446705
87,41.8879,8.1157668e-05,0.24476575
87.1,41.8879,8.1235998e-05,0.24500199
87.2,41.8879,8.0997274e-05,0.24428201
87.3,41.8879,8.0986937e-05,0.24425084
87.4,41.8879,8.1046801e-05,0.24443138
87.5,41.8879,8.1168815e-05,0.24479937
87.6,41.8879,8.093293e-05,0.24408796
87.7,41.8879,8.0957955e-05,0.24416343
87.8,41.8879,8.1255075e-05,0.24505952
87.9,41.8879,8.1021401e-05,0.24435478
88,41.8879,8.0823658e-05,0.2437584
88.1,41.8879,8.0857988e-05,0.24386194
88.2,41.8879,8.0863215e-05,0.2438777
88.3,41.8879,8.0877645e-05,0.24392122
88.4,41.8879,8.07054e-05,0.24340174
88.5,41.8879,8.0783861e-05,0.24363837
88.6,41.8879,8.108402e-05,0.24454363
88.7,41.8879,8.0858466e-05,0.24386338
88.8,41.8879,8.0760012e-05,0.24356645
88.9,41.8879,8.0653459e-05,0.24324509
89,41.8879,8.0659264e-05,0.2432626
89.1,41.8879,8.0925805e-05,0.24406646
89.2,41.8879,8.0821276e-05,0.24375121
89.3,41.8879,8.0744003e-05,0.24351817
89.4,41.8879,8.0773298e-05,0.24360652
89.5,41.8879,8.0777293e-05,0.24361857
89.6,41.8879,8.0651407e-05,0.2432389
89.7,41.8879,8.0579717e-05,0.24302269
89.8,41.8879,8.0569561e-05,0.24299206
89.9,41.8879,8.04737e-05,0.24270295
90,41.8879,8.0414989e-05,0.24252588
90.1,41.8879,8.0469122e-05,0.24268914
90.2,41.8879,8.0586439e-05,0.24304296
90.3,41.8879,8.0642841e-05,0.24321307
90.4,41.8879,8.03303e-05,0.24227046
90.5,41.8879,8.0630677e-05,0.24317638
90.6,41.8879,8.045176e-05,0.24263678
90.7,41.8879,8.0651298e-05,0.24323857
90.8,41.8879,8.079756e-05,0.24367969
90.9,41.8879,8.048398e-05,0.24273395
91,41.8879,8.0310195e-05,0.24220983
91.1,41.8879,8.0434953e-05,0.24258609
91.2,41.8879,8.0583683e-05,0.24303465
91.3,41.8879,8.0344552e-05,0.24231345
91.4,41.8879,8.035974e-05,0.24235926
91.5,41.8879,8.0226363e-05,0.241957
91.6,41.8879,8.0451449e-05,0.24263584
91.7,41.8879,8.0103508e-05,0.24158648
91.8,41.8879,8.0128667e-05,0.24166235
91.9,41.8879,8.0039371e-05,0.24139304
92,41.8879,8.0122234e-05,0.24164295
92.1,41.8879,8.0277308e-05,0.24211065
92.2,41.8879,8.0466242e-05,0.24268046
92.3,41.8879,8.01868e-05,0.24183768
92.4,41.8879,8.0137625e-05,0.24168937
92.5,41.8879,7.9973707e-05,0.24119501
92.6,41.8879,8.0080414e-05,0.24151683
92.7,41.8879,7.9882595e-05,0.24092022
92.8,41.8879,7.9980783e-05,0.24121635
92.9,41.8879,8.0128359e-05,0.24166143
93,41.8879,7.9867972e-05,0.24087612
93.1,41.8879,7.9981872e-05,0.24121963
93.2,41.8879,7.9672601e-05,0.24028689
93.3,41.8879,7.9771634e-05,0.24058557
93.4,41.8879,7.9609298e-05,0.24009597
93.5,41.8879,7.9785332e-05,0.24062688
93.6,41.8879,7.980998e-05,0.24070122
93.7,41.8879,7.9729654e-05,0.24045896
93.8,41.8879,7.9630891e-05,0.2401611
93.9,41.8879,7.9864745e-05,0.24086639
94,41.8879,7.9824319e-05,0.24074446
94.1,41.8879,7.9792507e-05,0.24064852
94.2,41.8879,8.003522e-05,0.24138052
94.3,41.8879,7.960775e-05,0.24009131
94.4,41.8879,7.9785691e-05,0.24062796
94.5,41.8879,7.9413091e-05,0.23950423
94.6,41.8879,7.952778e-05,0.23985012
94.7,41.8879,7.9357721e-05,0.23933724
94.8,41.8879,7.9610444e-05,0.24009943
94.9,41.8879,7.9411644e-05,0.23949986
95,41.8879,7.9423044e-05,0.23953424
95.1,41.8879,7.9843981e-05,0.24080376
95.2,41.8879,7.9701762e-05,0.24037484
95.3,41.8879,7.9526356e-05,0.23984583
95.4,41.8879,7.9644682e-05,0.24020269
95.5,41.8879,7.9551529e-05,0.23992175
95.6,41.8879,7.9633763e-05,0.24016976
95.7,41.8879,7.9901162e-05,0.24097621
95.8,41.8879,7.9426298e-05,0.23954406
95.9,41.8879,7.9593741e-05,0.24004905
96,41.8879,7.9388197e-05,0.23942915
96.1,41.8879,7.9509566e-05,0.23979519
96.2,41.8879,7.9450577e-05,0.23961728
96.3,41.8879,7.9652504e-05,0.24022628
96.4,41.8879,7.9087627e-05,0.23852265
96.5,41.8879,7.9110164e-05,0.23859062
96.6,41.8879,7.8960846e-05,0.23814029
96.7,41.8879,7.9176199e-05,0.23878978
96.8,41.8879,7.9356876e-05,0.23933469
96.9,41.8879,7.9466099e-05,0.2396641
97,41.8879,7.9436508e-05,0.23957485
97.1,41.8879,7.9264201e-05,0.23905519
97.2,41.8879,7.93127e-05,0.23920145
97.3,41.8879,7.9095048e-05,0.23854503
97.4,41.8879,7.9175685e-05,0.23878823
97.5,41.8879,7.9179574e-05,0.23879996
97.6,41.8879,7.940808e-05,0.23948912
97.7,41.8879,7.9138177e-05,0.23867511
97.8,41.8879,7.9140087e-05,0.23868087
97.9,41.8879,7.9148624e-05,0.23870661
98,41.8879,7.9105994e-05,0.23857804
98.1,41.8879,7.9248553e-05,0.23900799
98.2,41.8879,7.9022778e-05,0.23832707
98.3,41.8879,7.8802461e-05,0.23766261
98.4,41.8879,7.8886209e-05,0.23791519
98.5,41.8879,7.9007283e-05,0.23828034
98.6,41.8879,7.8983038e-05,0.23820722
98.7,41.8879,7.8800913e-05,0.23765794
98.8,41.8879,7.8591726e-05,0.23702705
98.9,41.8879,7.8325003e-05,0.23622263
99,41.8879,7.7949262e-05,0.23508942
99.1,41.8879,7.7640702e-05,0.23415883
99.2,41.8879,7.7953326e-05,0.23510168
99.3,41.8879,7.8334436e-05,0.23625108
99.4,41.8879,7.8251665e-05,0.23600145
99.5,41.8879,7.8365834e-05,0.23634578
99.6,41.8879,7.8036251e-05,0.23535178
99.7,41.8879,7.8260457e-05,0.23602797
99.8,41.8879,7.7987974e-05,0.23520618
99.9,41.8879,7.8226317e-05,0.235925
100,41.8879,7.7699323e-05,0.23433563
100.1,41.8879,7.8099591e-05,0.23554281
100.2,41.8879,7.8108917e-05,0.23557093
100.3,41.8879,7.802799e-05,0.23532686
100.4,41.8879,7.814625e-05,0.23568353
100.5,41.8879,7.79515e-05,0.23509618
100.6,41.8879,7.7907929e-05,0.23496477
100.7,41.8879,7.7981187e-05,0.23518571
100.8,41.8879,7.850754e-05,0.23677315
100.9,41.8879,7.7947868e-05,0.23508522
101,41.8879,7.8056946e-05,0.23541419
101.1,41.8879,7.8035899e-05,0.23535071
101.2,41.8879,7.8017621e-05,0.23529559
101.3,41.8879,7.7913911e-05,0.23498281
101.4,41.8879,7.8091319e-05,0.23551786
101.5,41.8879,7.785825e-05,0.23481494
101.6,41.8879,7.7939459e-05,0.23505986
101.7,41.8879,7.7972395e-05,0.23515919
101.8,41.8879,7.7725352e-05,0.23441413
101.9,41.8879,7.8036256e-05,0.23535179
102,41.8879,7.7990085e-05,0.23521254
102.1,41.8879,7.7700941e-05,0.2343405
102.2,41.8879,7.7823668e-05,0.23471064
102.3,41.8879,7.7920805e-05,0.2350036
102.4,41.8879,7.7716193e-05,0.2343865
102.5,41.8879,7.7548694e-05,0.23388134
102.6,41.8879,7.7514408e-05,0.23377794
102.7,41.8879,7.7601472e-05,0.23404051
102.8,41.8879,7.7744094e-05,0.23447065
102.9,41.8879,7.7808579e-05,0.23466513
103,41.8879,7.7473279e-05,0.23365389
103.1,41.8879,7.7664835e-05,0.23423161
103.2,41.8879,7.8095595e-05,0.23553075
103.3,41.8879,7.7943526e-05,0.23507213
103.4,41.8879,7.7399079e-05,0.23343011
103.5,41.8879,7.7475774e-05,0.23366142
103.6,41.8879,7.7440132e-05,0.23355392
103.7,41.8879,7.730465e-05,0.23314532
103.8,41.8879,7.7436022e-05,0.23354153
103.9,41.8879,7.7841025e-05,0.23476299
104,41.8879,7.7933731e-05,0.23504258
104.1,41.8879,7.7996654e-05,0.23523235
104.2,41.8879,7.7863422e-05,0.23483054
104.3,41.8879,7.7477188e-05,0.23366568
104.4,41.8879,7.7789301e-05,0.23460699
104.5,41.8879,7.7472286e-05,0.2336509
104.6,41.8879,7.7669435e-05,0.23424549
104.7,41.8879,7.7702192e-05,0.23434428
104.8,41.8879,7.7539445e-05,0.23385345
104.9,41.8879,7.7458088e-05,0.23360808
105,41.8879,7.7215592e-05,0.23287673
105.1,41.8879,7.7460415e-05,0.2336151
105.2,41.8879,7.7549296e-05,0.23388315
105.3,41.8879,7.7941252e-05,0.23506527
105.4,41.8879,7.7819574e-05,0.2346983
105.5,41.8879,7.7512881e-05,0.23377333
105.6,41.8879,7.7554556e-05,0.23389902
105.7,41.8879,7.7212378e-05,0.23286704
105.8,41.8879,7.7208371e-05,0.23285495
105.9,41.8879,7.7098553e-05,0.23252375
106,41.8879,7.7128912e-05,0.23261531
106.1,41.8879,7.6947461e-05,0.23206806
106.2,41.8879,7.7080449e-05,0.23246915
106.3,41.8879,7.7152364e-05,0.23268604
106.4,41.8879,7.7139157e-05,0.2326462
106.5,41.8879,7.7317393e-05,0.23318375
106.6,41.8879,7.766435e-05,0.23423015
106.7,41.8879,7.7711257e-05,0.23437162
106.8,41.8879,7.7833922e-05,0.23474157
106.9,41.8879,7.7375509e-05,0.23335903
107,41.8879,7.7409951e-05,0.2334629
107.1,41.8879,7.7647125e-05,0.2341782
107.2,41.8879,7.7471768e-05,0.23364934
107.3,41.8879,7.7163588e-05,0.23271989
107.4,41.8879,7.7304326e-05,0.23314434
107.5,41.8879,7.7063935e-05,0.23241934
107.6,41.8879,7.7201687e-05,0.23283479
107.7,41.8879,7.6966409e-05,0.23212521
107.8,41.8879,7.7244001e-05,0.23296241
107.9,41.8879,7.7196354e-05,0.23281871
108,41.8879,7.7293584e-05,0.23311195
108.1,41.8879,7.7535614e-05,0.23384189
108.2,41.8879,7.7334944e-05,0.23323668
108.3,41.8879,7.7417378e-05,0.2334853
108.4,41.8879,7.7046019e-05,0.23236531
108.5,41.8879,7.7657495e-05,0.23420947
108.6,41.8879,7.703309e-05,0.23232631
108.7,41.8879,7.7418436e-05,0.23348849
108.8,41.8879,7.7086264e-05,0.23248668
108.9,41.8879,7.6962468e-05,0.23211332
109,41.8879,7.6948938e-05,0.23207252
109.1,41.8879,7.7098399e-05,0.23252328
109.2,41.8879,7.7054198e-05,0.23238998
109.3,41.8879,7.6800993e-05,0.23162633
109.4,41.8879,7.7350396e-05,0.23328329
109.5,41.8879,7.7063729e-05,0.23241872
109.6,41.8879,7.7003298e-05,0.23223646
109.7,41.8879,7.7183701e-05,0.23278055
109.8,41.8879,7.6805604e-05,0.23164023
109.9,41.8879,7.7047776e-05,0.23237061
110,41.8879,7.6743691e-05,0.23145351
110.1,41.8879,7.6950915e-05,0.23207848
110.2,41.8879,7.7113561e-05,0.23256901
110.3,41.8879,7.7226915e-05,0.23291088
110.4,41.8879,7.6730899e-05,0.23141493
110.5,41.8879,7.7173659e-05,0.23275026
110.6,41.8879,7.7308963e-05,0.23315833
110.7,41.8879,7.720681e-05,0.23285024
110.8,41.8879,7.6856304e-05,0.23179314
110.9,41.8879,7.7008762e-05,0.23225294
111,41.8879,7.6755425e-05,0.2314889
111.1,41.8879,7.7026756e-05,0.23230721
111.2,41.8879,7.6510881e-05,0.23075137
111.3,41.8879,7.6574097e-05,0.23094202
111.4,41.8879,7.694667e-05,0.23206568
111.5,41.8879,7.6929932e-05,0.2320152
111.6,41.8879,7.6486146e-05,0.23067677
111.7,41.8879,7.6405368e-05,0.23043315
111.8,41.8879,7.6588293e-05,0.23098484
111.9,41.8879,7.7130352e-05,0.23261965
112,41.8879,7.7134813e-05,0.2326331
112.1,41.8879,7.7019153e-05,0.23228428
112.2,41.8879,7.6909315e-05,0.23195302
112.3,41.8879,7.6707004e-05,0.23134286
112.4,41.8879,7.6746516e-05,0.23146203
112.5,41.8879,7.6440607e-05,0.23053943
112.6,41.8879,7.6822658e-05,0.23169167
112.7,41.8879,7.6592475e-05,0.23099745
112.8,41.8879,7.6898873e-05,0.23192153
112.9,41.8879,7.6836786e-05,0.23173428
113,41.8879,7.6673538e-05,0.23124193
113.1,41.8879,7.641858e-05,0.230473
113.2,41.8879,7.6719025e-05,0.23137912
113.3,41.8879,7.6950699e-05,0.23207783
113.4,41.8879,7.7130232e-05,0.23261929
113.5,41.8879,7.6750701e-05,0.23147465
113.6,41.8879,7.7057637e-05,0.23240035
113.7,41.8879,7.6658428e-05,0.23119636
113.8,41.8879,7.6349529e-05,0.23026474
113.9,41.8879,7.6783313e-05,0.23157301
114,41.8879,7.6970069e-05,0.23213625
114.1,41.8879,7.6686013e-05,0.23127956
114.2,41.8879,7.6878568e-05,0.23186029
114.3,41.8879,7.8743239e-05,0.237484
114.4,41.8879,7.8692917e-05,0.23733224
114.5,41.8879,8.0129638e-05,0.24166528
114.6,41.8879,8.1228145e-05,0.2449783
114.7,41.8879,8.0828943e-05,0.24377434
114.8,41.8879,8.0740971e-05,0.24350902
114.9,41.8879,8.1217903e-05,0.24494741
115,41.8879,8.1258439e-05,0.24506967
115.1,41.8879,8.1359359e-05,0.24537403
115.2,41.8879,8.1349089e-05,0.24534306
115.3,41.8879,8.127682e-05,0.2451251
115.4,41.8879,8.130429e-05,0.24520795
115.5,41.8879,8.1470256e-05,0.24570849
115.6,41.8879,8.1646629e-05,0.24624042
115.7,41.8879,8.1666445e-05,0.24630018
115.8,41.8879,8.1712414e-05,0.24643882
115.9,41.8879,8.1767454e-05,0.24660482
116,41.8879,8.1761955e-05,0.24658823
116.1,41.8879,8.1751143e-05,0.24655563
116.2,41.8879,8.1855612e-05,0.2468707
116.3,41.8879,8.1772688e-05,0.24662061
116.4,41.8879,8.1786727e-05,0.24666295
116.5,41.8879,8.1826753e-05,0.24678366
116.6,41.8879,8.1869624e-05,0.24691296
116.7,41.8879,8.1899571e-05,0.24700327
116.8,41.8879,8.1938874e-05,0.24712181
116.9,41.8879,8.1942629e-05,0.24713313
117,41.8879,8.1955994e-05,0.24717344
117.1,41.8879,8.1956967e-05,0.24717638
117.2,41.8879,8.1955842e-05,0.24717299
117.3,41.8879,8.1964745e-05,0.24719984
117.4,41.8879,8.18896e-05,0.2469732
117.5,41.8879,8.1903537e-05,0.24701524
117.6,41.8879,8.1928157e-05,0.24708949
117.7,41.8879,8.1951262e-05,0.24715917
117.8,41.8879,8.1881941e-05,0.2469501
117.9,41.8879,8.1898864e-05,0.24700114
118,41.8879,8.1928339e-05,0.24709004
118.1,41.8879,8.193549e-05,0.2471116
118.2,41.8879,8.190306e-05,0.2470138
118.3,41.8879,8.1807836e-05,0.24672661
118.4,41.8879,8.1789377e-05,0.24667094
118.5,41.8879,8.173025e-05,0.24649261
118.6,41.8879,8.1801767e-05,0.24670831
118.7,41.8879,8.1820299e-05,0.2467642
118.8,41.8879,8.1770026e-05,0.24661258
118.9,41.8879,8.1858121e-05,0.24687827
119,41.8879,8.182087e-05,0.24676592
119.1,41.8879,8.1744036e-05,0.24653419
119.2,41.8879,8.1760476e-05,0.24658377
119.3,41.8879,8.175224e-05,0.24655893
119.4,41.8879,8.1663953e-05,0.24629267
119.5,41.8879,8.1730066e-05,0.24649206
119.6,41.8879,8.1749011e-05,0.2465492
119.7,41.8879,8.1748614e-05,0.246548
119.8,41.8879,8.1700745e-05,0.24640363
119.9,41.8879,8.1770767e-05,0.24661481
120,41.8879,8.1763327e-05,0.24659237
120.1,41.8879,8.173042e-05,0.24649313
120.2,41.8879,8.1612159e-05,0.24613646
120.3,41.8879,8.1578756e-05,0.24603572
120.4,41.8879,8.1578432e-05,0.24603474
120.5,41.8879,8.1662858e-05,0.24628936
120.6,41.8879,8.1692648e-05,0.24637921
120.7,41.8879,8.1618195e-05,0.24615467
120.8,41.8879,8.1638854e-05,0.24621697
120.9,41.8879,8.1622273e-05,0.24616696
121,41.8879,8.1562311e-05,0.24598612
121.1,41.8879,8.1573796e-05,0.24602076
121.2,41.8879,8.1486923e-05,0.24575876
121.3,41.8879,8.1476806e-05,0.24572825
121.4,41.8879,8.1435814e-05,0.24560462
121.5,41.8879,8.1436407e-05,0.2456064
121.6,41.8879,8.1460767e-05,0.24567987
121.7,41.8879,8.1485685e-05,0.24575502
121.8,41.8879,8.1474111e-05,0.24572012
121.9,41.8879,8.1381046e-05,0.24543944
122,41.8879,8.1432797e-05,0.24559552
122.1,41.8879,8.1413886e-05,0.24553848
122.2,41.8879,8.1317704e-05,0.24524841
122.3,41.8879,8.13046e-05,0.24520888
122.4,41.8879,8.1290681e-05,0.24516691
122.5,41.8879,8.1382988e-05,0.2454453
122.6,41.8879,8.1360005e-05,0.24537598
122.7,41.8879,8.1236945e-05,0.24500484
122.8,41.8879,8.1212945e-05,0.24493246
122.9,41.8879,8.1209328e-05,0.24492155
123,41.8879,8.1225078e-05,0.24496905
123.1,41.8879,8.1249214e-05,0.24504184
123.2,41.8879,8.1279161e-05,0.24513216
123.3,41.8879,8.1248498e-05,0.24503969
123.4,41.8879,8.1129614e-05,0.24468114
123.5,41.8879,8.1103715e-05,0.24460303
123.6,41.8879,8.1173236e-05,0.2448127
123.7,41.8879,8.1173933e-05,0.2448148
123.8,41.8879,8.1062154e-05,0.24447768
123.9,41.8879,8.1074436e-05,0.24451473
124,41.8879,8.0971849e-05,0.24420533
124.1,41.8879,8.1076014e-05,0.24451948
124.2,41.8879,8.1082027e-05,0.24453762
124.3,41.8879,8.0980842e-05,0.24423245
124.4,41.8879,8.0962256e-05,0.2441764
124.5,41.8879,8.0940115e-05,0.24410963
124.6,41.8879,8.1020262e-05,0.24435134
124.7,41.8879,8.1061644e-05,0.24447615
124.8,41.8879,8.1015359e-05,0.24433655
124.9,41.8879,8.0919664e-05,0.24404794
125,41.8879,8.088186e-05,0.24393393
125.1,41.8879,8.0890953e-05,0.24396136
125.2,41.8879,8.0934212e-05,0.24409182
125.3,41.8879,8.0898538e-05,0.24398423
125.4,41.8879,8.0774443e-05,0.24360997
125.5,41.8879,8.0768888e-05,0.24359322
125.6,41.8879,8.0772002e-05,0.24360261
125.7,41.8879,8.0785941e-05,0.24364465
125.8,41.8879,8.0802354e-05,0.24369415
125.9,41.8879,8.0815934e-05,0.2437351
126,41.8879,8.0841998e-05,0.24381371
126.1,41.8879,8.081442e-05,0.24373054
126.2,41.8879,8.0672695e-05,0.2433031
126.3,41.8879,8.0662672e-05,0.24327288
126.4,41.8879,8.0676841e-05,0.24331561
126.5,41.8879,8.0704883e-05,0.24340018
126.6,41.8879,8.0725816e-05,0.24346331
126.7,41.8879,8.0704894e-05,0.24340021
126.8,41.8879,8.0614532e-05,0.24312769
126.9,41.8879,8.0630907e-05,0.24317707
127,41.8879,8.0554069e-05,0.24294534
127.1,41.8879,8.0609735e-05,0.24311322
127.2,41.8879,8.0594824e-05,0.24306825
127.3,41.8879,8.0480657e-05,0.24272393
127.4,41.8879,8.050163e-05,0.24278719
127.5,41.8879,8.0487129e-05,0.24274345
127.6,41.8879,8.0483731e-05,0.2427332
127.7,41.8879,8.0509492e-05,0.2428109
127.8,41.8879,8.0523314e-05,0.24285258
127.9,41.8879,8.0547445e-05,0.24292536
128,41.8879,8.0570264e-05,0.24299418
128.1,41.8879,8.0481395e-05,0.24272616
128.2,41.8879,8.049528e-05,0.24276803
128.3,41.8879,8.0518257e-05,0.24283733
128.4,41.8879,8.0546106e-05,0.24292132
128.5,41.8879,8.0510801e-05,0.24281484
128.6,41.8879,8.0429289e-05,0.24256901
128.7,41.8879,8.0456342e-05,0.2426506
128.8,41.8879,8.0471288e-05,0.24269567
128.9,41.8879,8.0481939e-05,0.2427278
129,41.8879,8.0362321e-05,0.24236704
129.1,41.8879,8.0374561e-05,0.24240395
129.2,41.8879,8.040344e-05,0.24249105
129.3,41.8879,8.0409415e-05,0.24250907
129.4,41.8879,8.0340165e-05,0.24230022
129.5,41.8879,8.0233744e-05,0.24197926
129.6,41.8879,8.0186606e-05,0.24183709
129.7,41.8879,8.0314759e-05,0.24222359
129.8,41.8879,8.0295145e-05,0.24216444
129.9,41.8879,8.0273007e-05,0.24209767
130,41.8879,8.0312929e-05,0.24221808
130.1,41.8879,8.0207657e-05,0.24190058
130.2,41.8879,8.021322e-05,0.24191736
130.3,41.8879,8.0231653e-05,0.24197295
130.4,41.8879,8.0258654e-05,0.24205439
130.5,41.8879,8.0154261e-05,0.24173955
130.6,41.8879,8.0131681e-05,0.24167144
130.7,41.8879,8.0142748e-05,0.24170482
130.8,41.8879,8.0080041e-05,0.2415157
130.9,41.8879,8.0076398e-05,0.24150471
131,41.8879,8.0081005e-05,0.24151861
131.1,41.8879,8.0099382e-05,0.24157403
131.2,41.8879,8.010061e-05,0.24157774
131.3,41.8879,8.0084836e-05,0.24153016
131.4,41.8879,8.0069538e-05,0.24148403
131.5,41.8879,8.0067615e-05,0.24147823
131.6,41.8879,7.9976738e-05,0.24120415
131.7,41.8879,7.9974834e-05,0.2411984
131.8,41.8879,7.9906722e-05,0.24099298
131.9,41.8879,7.9849431e-05,0.2408202
132,41.8879,7.9859176e-05,0.24084959
132.1,41.8879,7.9943038e-05,0.24110251
132.2,41.8879,7.988936e-05,0.24094062
132.3,41.8879,7.9922323e-05,0.24104004
132.4,41.8879,7.9965644e-05,0.24117069
132.5,41.8879,7.9928189e-05,0.24105773
132.6,41.8879,7.9902285e-05,0.2409796
132.7,41.8879,7.9850295e-05,0.2408228
132.8,41.8879,7.9763121e-05,0.24055989
132.9,41.8879,7.9664567e-05,0.24026266
133,41.8879,7.9658878e-05,0.2402455
133.1,41.8879,7.9769043e-05,0.24057775
133.2,41.8879,7.976106e-05,0.24055368
133.3,41.8879,7.9731724e-05,0.2404652
133.4,41.8879,7.9661274e-05,0.24025273
133.5,41.8879,7.9602173e-05,0.24007448
133.6,41.8879,7.9552856e-05,0.23992575
133.7,41.8879,7.9683488e-05,0.24031972
133.8,41.8879,7.9711097e-05,0.24040299
133.9,41.8879,7.9650448e-05,0.24022008
134,41.8879,7.9661173e-05,0.24025242
134.1,41.8879,7.9544907e-05,0.23990178
134.2,41.8879,7.946555e-05,0.23966244
134.3,41.8879,7.9473382e-05,0.23968606
134.4,41.8879,7.9564377e-05,0.2399605
134.5,41.8879,7.9547316e-05,0.23990904
134.6,41.8879,7.9554002e-05,0.23992921
134.7,41.8879,7.9570195e-05,0.23997804
134.8,41.8879,7.9379431e-05,0.23940271
134.9,41.8879,7.9350885e-05,0.23931662
135,41.8879,7.948931e-05,0.2397341
135.1,41.8879,7.9441556e-05,0.23959008
135.2,41.8879,7.9445915e-05,0.23960322
135.3,41.8879,7.9483473e-05,0.2397165
135.4,41.8879,7.9343973e-05,0.23929577
135.5,41.8879,7.9399649e-05,0.23946369
135.6,41.8879,7.9446499e-05,0.23960498
135.7,41.8879,7.9302916e-05,0.23917195
135.8,41.8879,7.9305244e-05,0.23917897
135.9,41.8879,7.9602662e-05,0.24007596
136,41.8879,7.935973e-05,0.23934329
136.1,41.8879,7.9350252e-05,0.23931471
136.2,41.8879,7.9164568e-05,0.2387547
136.3,41.8879,7.9196158e-05,0.23884997
136.4,41.8879,7.924039e-05,0.23898337
136.5,41.8879,7.908015e-05,0.2385001
136.6,41.8879,7.912971e-05,0.23864957
136.7,41.8879,7.9228603e-05,0.23894782
136.8,41.8879,7.9313305e-05,0.23920328
136.9,41.8879,7.9015455e-05,0.23830499
137,41.8879,7.8728588e-05,0.23743982
137.1,41.8879,7.8205612e-05,0.23586256
137.2,41.8879,7.83586e-05,0.23632396
137.3,41.8879,7.8260769e-05,0.23602891
137.4,41.8879,7.8599952e-05,0.23705186
137.5,41.8879,7.8342276e-05,0.23627473
137.6,41.8879,7.8334589e-05,0.23625154
137.7,41.8879,7.843725e-05,0.23656116
137.8,41.8879,7.8257271e-05,0.23601836
137.9,41.8879,7.8258348e-05,0.23602161
138,41.8879,7.8358792e-05,0.23632454
138.1,41.8879,7.8299976e-05,0.23614715
138.2,41.8879,7.8223485e-05,0.23591646
138.3,41.8879,7.8130795e-05,0.23563692
138.4,41.8879,7.8289179e-05,0.23611459
138.5,41.8879,7.8102973e-05,0.23555301
138.6,41.8879,7.8093075e-05,0.23552315
138.7,41.8879,7.8221023e-05,0.23590904
138.8,41.8879,7.8370499e-05,0.23635985
138.9,41.8879,7.8203455e-05,0.23585605
139,41.8879,7.8072695e-05,0.23546169
139.1,41.8879,7.8197371e-05,0.2358377
139.2,41.8879,7.8091163e-05,0.23551739
139.3,41.8879,7.8166748e-05,0.23574535
139.4,41.8879,7.8594462e-05,0.2370353
139.5,41.8879,7.8099527e-05,0.23554261
139.6,41.8879,7.8024415e-05,0.23531608
139.7,41.8879,7.8185388e-05,0.23580156
139.8,41.8879,7.7890548e-05,0.23491235
139.9,41.8879,7.7925228e-05,0.23501694
140,41.8879,7.7972189e-05,0.23515857
140.1,41.8879,7.7905566e-05,0.23495764
140.2,41.8879,7.7855333e-05,0.23480614
140.3,41.8879,7.796554e-05,0.23513852
140.4,41.8879,7.7938933e-05,0.23505827
140.5,41.8879,7.7922873e-05,0.23500984
140.6,41.8879,7.7778382e-05,0.23457406
140.7,41.8879,7.7900868e-05,0.23494347
140.8,41.8879,7.8298613e-05,0.23614304
140.9,41.8879,7.7972559e-05,0.23515969
141,41.8879,7.7901045e-05,0.234944
141.1,41.8879,7.8221213e-05,0.23590961
141.2,41.8879,7.8190529e-05,0.23581707
141.3,41.8879,7.8009532e-05,0.23527119
141.4,41.8879,7.829724e-05,0.2361389
141.5,41.8879,7.7919306e-05,0.23499908
141.6,41.8879,7.7975047e-05,0.23516719
141.7,41.8879,7.785859e-05,0.23481596
141.8,41.8879,7.8257996e-05,0.23602054
141.9,41.8879,7.7809779e-05,0.23466875
142,41.8879,7.7769794e-05,0.23454816
142.1,41.8879,7.7864313e-05,0.23483323
142.2,41.8879,7.8094057e-05,0.23552611
142.3,41.8879,7.7755387e-05,0.23450471
142.4,41.8879,7.7747513e-05,0.23448096
142.5,41.8879,7.7644257e-05,0.23416955
142.6,41.8879,7.7776213e-05,0.23456752
142.7,41.8879,7.769732e-05,0.23432958
142.8,41.8879,7.7749724e-05,0.23448763
142.9,41.8879,7.7642682e-05,0.2341648
143,41.8879,7.8008939e-05,0.23526941
143.1,41.8879,7.834312e-05,0.23627727
143.2,41.8879,7.7805949e-05,0.2346572
143.3,41.8879,7.8081513e-05,0.23548828
143.4,41.8879,7.7854506e-05,0.23480365
143.5,41.8879,7.7924606e-05,0.23501506
143.6,41.8879,7.7796009e-05,0.23462723
143.7,41.8879,7.7965243e-05,0.23513762
143.8,41.8879,7.7768861e-05,0.23454535
143.9,41.8879,7.7947829e-05,0.2350851
144,41.8879,7.7680994e-05,0.23428035
144.1,41.8879,7.7680628e-05,0.23427924
144.2,41.8879,7.7884846e-05,0.23489515
144.3,41.8879,7.804017e-05,0.2353636
144.4,41.8879,7.8014056e-05,0.23528484
144.5,41.8879,7.7693458e-05,0.23431794
144.6,41.8879,7.7602416e-05,0.23404336
144.7,41.8879,7.7518704e-05,0.23379089
144.8,41.8879,7.7525262e-05,0.23381067
144.9,41.8879,7.7519674e-05,0.23379382
145,41.8879,7.7569313e-05,0.23394352
145.1,41.8879,7.7261606e-05,0.2330155
145.2,41.8879,7.7270588e-05,0.23304259
145.3,41.8879,7.7516014e-05,0.23378278
145.4,41.8879,7.7417737e-05,0.23348638
145.5,41.8879,7.79074e-05,0.23496317
145.6,41.8879,7.7995507e-05,0.23522889
145.7,41.8879,7.7647721e-05,0.23418
145.8,41.8879,7.7496836e-05,0.23372494
145.9,41.8879,7.7343732e-05,0.23326319
146,41.8879,7.731823e-05,0.23318628
146.1,41.8879,7.7223982e-05,0.23290203
146.2,41.8879,7.725891e-05,0.23300737
146.3,41.8879,7.7141225e-05,0.23265244
146.4,41.8879,7.7671476e-05,0.23425164
146.5,41.8879,7.7750048e-05,0.23448861
146.6,41.8879,7.7419335e-05,0.2334912
146.7,41.8879,7.7637962e-05,0.23415057
146.8,41.8879,7.7460553e-05,0.23361551
146.9,41.8879,7.7849316e-05,0.23478799
147,41.8879,7.7551299e-05,0.23388919
147.1,41.8879,7.7454695e-05,0.23359784
147.2,41.8879,7.722526e-05,0.23290589
147.3,41.8879,7.7393933e-05,0.23341459
147.4,41.8879,7.7563228e-05,0.23392517
147.5,41.8879,7.732702e-05,0.23321279
147.6,41.8879,7.7674375e-05,0.23426039
147.7,41.8879,7.7363145e-05,0.23332174
147.8,41.8879,7.7703959e-05,0.23434961
147.9,41.8879,7.7317457e-05,0.23318395
148,41.8879,7.7267765e-05,0.23303408
148.1,41.8879,7.7080138e-05,0.23246821
148.2,41.8879,7.7154337e-05,0.23269199
148.3,41.8879,7.7160918e-05,0.23271183
148.4,41.8879,7.7323711e-05,0.23320281
148.5,41.8879,7.6964955e-05,0.23212082
148.6,41.8879,7.7147978e-05,0.23267281
148.7,41.8879,7.7329049e-05,0.23321891
148.8,41.8879,7.7457749e-05,0.23360705
148.9,41.8879,7.7457927e-05,0.23360759
149,41.8879,7.7470895e-05,0.2336467
149.1,41.8879,7.7386758e-05,0.23339295
149.2,41.8879,7.7362479e-05,0.23331973
149.3,41.8879,7.7402159e-05,0.2334394
149.4,41.8879,7.7358787e-05,0.23330859
149.5,41.8879,7.7302597e-05,0.23313913
149.6,41.8879,7.6928879e-05,0.23201202
149.7,41.8879,7.6991418e-05,0.23220064
149.8,41.8879,7.7166859e-05,0.23272975
149.9,41.8879,7.7154561e-05,0.23269266
150,41.8879,7.7116271e-05,0.23257718
150.1,41.8879,7.7171446e-05,0.23274359
150.2,41.8879,7.6967222e-05,0.23212766
150.3,41.8879,7.7260531e-05,0.23301226
150.4,41.8879,7.6906965e-05,0.23194593
150.5,41.8879,7.7013534e-05,0.23226734
150.6,41.8879,7.7061829e-05,0.23241299
150.7,41.8879,7.72124e-05,0.2328671
150.8,41.8879,7.703106e-05,0.23232019
150.9,41.8879,7.7084583e-05,0.23248161
151,41.8879,7.6825832e-05,0.23170124
151.1,41.8879,7.7022227e-05,0.23229355
151.2,41.8879,7.755187e-05,0.23389092
151.3,41.8879,7.7369776e-05,0.23334174
151.4,41.8879,7.6836906e-05,0.23173464
151.5,41.8879,7.6939262e-05,0.23204334
151.6,41.8879,7.6874342e-05,0.23184754
151.7,41.8879,7.6959729e-05,0.23210506
151.8,41.8879,7.7304048e-05,0.23314351
151.9,41.8879,7.7219725e-05,0.23288919
152,41.8879,7.6989506e-05,0.23219487
152.1,41.8879,7.6710976e-05,0.23135484
152.2,41.8879,7.6894865e-05,0.23190944
152.3,41.8879,7.6749034e-05,0.23146962
152.4,41.8879,7.6948446e-05,0.23207103
152.5,41.8879,7.7128025e-05,0.23261263
152.6,41.8879,7.7179488e-05,0.23276784
152.7,41.8879,7.67816e-05,0.23156784
152.8,41.8879,7.6487289e-05,0.23068022
152.9,41.8879,7.6665501e-05,0.23121769
153,41.8879,7.6821897e-05,0.23168937
153.1,41.8879,7.7306367e-05,0.2331505
153.2,41.8879,7.7190022e-05,0.23279961
153.3,41.8879,7.6812898e-05,0.23166223
153.4,41.8879,7.6597123e-05,0.23101147
153.5,41.8879,7.6564108e-05,0.2309119
153.6,41.8879,7.6603794e-05,0.23103159
153.7,41.8879,7.6587464e-05,0.23098234
153.8,41.8879,7.6508323e-05,0.23074366
153.9,41.8879,7.6724231e-05,0.23139482
154,41.8879,7.67346e-05,0.23142609
154.1,41.8879,7.6901454e-05,0.23192931
154.2,41.8879,7.6925129e-05,0.23200071
154.3,41.8879,7.7160083e-05,0.23270932
154.4,41.8879,7.7004743e-05,0.23224082
154.5,41.8879,7.6781853e-05,0.2315686
154.6,41.8879,7.6755999e-05,0.23149063
154.7,41.8879,7.6587703e-05,0.23098306
154.8,41.8879,7.6628285e-05,0.23110545
154.9,41.8879,7.6435393e-05,0.2305237
155,41.8879,7.6420612e-05,0.23047913
155.1,41.8879,7.6389008e-05,0.23038381
155.2,41.8879,7.6371437e-05,0.23033082
155.3,41.8879,7.6594893e-05,0.23100474
155.4,41.8879,7.6593069e-05,0.23099924
155.5,41.8879,7.6796226e-05,0.23161195
155.6,41.8879,7.6896652e-05,0.23191483
155.7,41.8879,7.6701691e-05,0.23132684
155.8,41.8879,7.6731824e-05,0.23141772
155.9,41.8879,7.6499561e-05,0.23071723
156,41.8879,7.7147178e-05,0.2326704
156.1,41.8879,7.6768606e-05,0.23152865
156.2,41.8879,7.7077867e-05,0.23246136
156.3,41.8879,7.623892e-05,0.22993116
156.4,41.8879,7.6723674e-05,0.23139314
156.5,41.8879,7.6510309e-05,0.23074965
156.6,41.8879,7.6627982e-05,0.23110454
156.7,41.8879,7.6400934e-05,0.23041978
156.8,41.8879,7.6864389e-05,0.23181752
156.9,41.8879,7.6505152e-05,0.23073409
157,41.8879,7.6117469e-05,0.22956487
157.1,41.8879,7.672985e-05,0.23141176
157.2,41.8879,7.8240447e-05,0.23596762
157.3,41.8879,7.9354607e-05,0.23932785
157.4,41.8879,8.0933863e-05,0.24409077
157.5,41.8879,8.109442e-05,0.244575
157.6,41.8879,8.1028655e-05,0.24437665
157.7,41.8879,8.1299317e-05,0.24519295
157.8,41.8879,8.1215995e-05,0.24494166
157.9,41.8879,8.140362e-05,0.24550752
158,41.8879,8.1482323e-05,0.24574488
158.1,41.8879,8.1553783e-05,0.2459604
158.2,41.8879,8.1667125e-05,0.24630224
158.3,41.8879,8.1670088e-05,0.24631117
158.4,41.8879,8.1735475e-05,0.24650837
158.5,41.8879,8.1777124e-05,0.24663398
158.6,41.8879,8.1811583e-05,0.24673791
158.7,41.8879,8.1756411e-05,0.24657151
158.8,41.8879,8.1768467e-05,0.24660787
158.9,41.8879,8.1771507e-05,0.24661704
159,41.8879,8.1780468e-05,0.24664407
159.1,41.8879,8.1781514e-05,0.24664722
159.2,41.8879,8.1726066e-05,0.24648
159.3,41.8879,8.1771194e-05,0.2466161
159.4,41.8879,8.181768e-05,0.2467563
159.5,41.8879,8.184284e-05,0.24683218
159.6,41.8879,8.1863287e-05,0.24689384
159.7,41.8879,8.1806868e-05,0.24672369
159.8,41.8879,8.1831993e-05,0.24679946
159.9,41.8879,8.1862609e-05,0.2468918
160,41.8879,8.1900519e-05,0.24700613
160.1,41.8879,8.1819831e-05,0.24676279
160.2,41.8879,8.1846173e-05,0.24684223
160.3,41.8879,8.1882243e-05,0.24695102
160.4,41.8879,8.1903254e-05,0.24701438
160.5,41.8879,8.191248e-05,0.24704221
160.6,41.8879,8.1915556e-05,0.24705148
160.7,41.8879,8.1838779e-05,0.24681993
160.8,41.8879,8.1877327e-05,0.24693619
160.9,41.8879,8.1892832e-05,0.24698295
161,41.8879,8.1878522e-05,0.24693979
161.1,41.8879,8.1786073e-05,0.24666097
161.2,41.8879,8.174211e-05,0.24652839
161.3,41.8879,8.1863525e-05,0.24689456
161.4,41.8879,8.1793484e-05,0.24668333
161.5,41.8879,8.1733405e-05,0.24650213
161.6,41.8879,8.1851202e-05,0.2468574
161.7,41.8879,8.1809174e-05,0.24673064
161.8,41.8879,8.1798662e-05,0.24669894
161.9,41.8879,8.1711899e-05,0.24643727
162,41.8879,8.181416e-05,0.24674568
162.1,41.8879,8.1777348e-05,0.24663466
162.2,41.8879,8.1709084e-05,0.24642878
162.3,41.8879,8.1813064e-05,0.24674238
162.4,41.8879,8.1826629e-05,0.24678329
162.5,41.8879,8.1820445e-05,0.24676464
162.6,41.8879,8.1797311e-05,0.24669487
162.7,41.8879,8.1693406e-05,0.2463815
162.8,41.8879,8.164813e-05,0.24624495
162.9,41.8879,8.1642752e-05,0.24622873
163,41.8879,8.174041e-05,0.24652326
163.1,41.8879,8.1779807e-05,0.24664208
163.2,41.8879,8.1702929e-05,0.24641022
163.3,41.8879,8.1715349e-05,0.24644767
163.4,41.8879,8.1744008e-05,0.24653411
163.5,41.8879,8.175388e-05,0.24656388
163.6,41.8879,8.1680817e-05,0.24634353
163.7,41.8879,8.1719805e-05,0.24646111
163.8,41.8879,8.1723014e-05,0.24647079
163.9,41.8879,8.1685657e-05,0.24635813
164,41.8879,8.1582958e-05,0.24604839
164.1,41.8879,8.1527995e-05,0.24588263
164.2,41.8879,8.1615531e-05,0.24614663
164.3,41.8879,8.1663889e-05,0.24629247
164.4,41.8879,8.1664676e-05,0.24629485
164.5,41.8879,8.162085e-05,0.24616267
164.6,41.8879,8.1535295e-05,0.24590464
164.7,41.8879,8.1465595e-05,0.24569443
164.8,41.8879,8.1492184e-05,0.24577462
164.9,41.8879,8.1427574e-05,0.24557977
165,41.8879,8.1447696e-05,0.24564045
165.1,41.8879,8.1427838e-05,0.24558056
165.2,41.8879,8.1408252e-05,0.24552149
165.3,41.8879,8.1427234e-05,0.24557874
165.4,41.8879,8.1533368e-05,0.24589883
165.5,41.8879,8.1483483e-05,0.24574838
165.6,41.8879,8.1414578e-05,0.24554057
165.7,41.8879,8.1311501e-05,0.2452297
165.8,41.8879,8.136206e-05,0.24538218
165.9,41.8879,8.1352295e-05,0.24535273
166,41.8879,8.1333629e-05,0.24529643
166.1,41.8879,8.1345866e-05,0.24533334
166.2,41.8879,8.1380586e-05,0.24543805
166.3,41.8879,8.1345805e-05,0.24533316
166.4,41.8879,8.1266766e-05,0.24509478
166.5,41.8879,8.1373785e-05,0.24541754
166.6,41.8879,8.1335627e-05,0.24530246
166.7,41.8879,8.1216743e-05,0.24494392
166.8,41.8879,8.1198916e-05,0.24489015
166.9,41.8879,8.1218027e-05,0.24494779
167,41.8879,8.123371e-05,0.24499509
167.1,41.8879,8.1269801e-05,0.24510393
167.2,41.8879,8.1299445e-05,0.24519334
167.3,41.8879,8.1252798e-05,0.24505265
167.4,41.8879,8.1129443e-05,0.24468062
167.5,41.8879,8.1119668e-05,0.24465114
167.6,41.8879,8.1213839e-05,0.24493515
167.7,41.8879,8.1189349e-05,0.2448613
167.8,41.8879,8.1069408e-05,0.24449956
167.9,41.8879,8.1049898e-05,0.24444072
168,41.8879,8.1002704e-05,0.24429839
168.1,41.8879,8.1053941e-05,0.24445291
168.2,41.8879,8.1016385e-05,0.24433965
168.3,41.8879,8.1028266e-05,0.24437548
168.4,41.8879,8.1144227e-05,0.24472521
168.5,41.8879,8.1091434e-05,0.24456599
168.6,41.8879,8.0965525e-05,0.24418626
168.7,41.8879,8.1011446e-05,0.24432475
168.8,41.8879,8.1075794e-05,0.24451882
168.9,41.8879,8.1074927e-05,0.24451621
169,41.8879,8.0995148e-05,0.2442756
169.1,41.8879,8.1012255e-05,0.24432719
169.2,41.8879,8.1036011e-05,0.24439884
169.3,41.8879,8.0965153e-05,0.24418514
169.4,41.8879,8.0952739e-05,0.2441477
169.5,41.8879,8.0848567e-05,0.24383352
169.6,41.8879,8.0821807e-05,0.24375282
169.7,41.8879,8.0810754e-05,0.24371948
169.8,41.8879,8.089315e-05,0.24396798
169.9,41.8879,8.0930828e-05,0.24408162
170,41.8879,8.0943597e-05,0.24412013
170.1,41.8879,8.0858072e-05,0.24386219
170.2,41.8879,8.0878513e-05,0.24392384
170.3,41.8879,8.0890892e-05,0.24396117
170.4,41.8879,8.0815072e-05,0.2437325
170.5,41.8879,8.0861227e-05,0.2438717
170.6,41.8879,8.0859732e-05,0.24386719
170.7,41.8879,8.0815392e-05,0.24373347
170.8,41.8879,8.068458e-05,0.24333895
170.9,41.8879,8.0651359e-05,0.24323876
171,41.8879,8.0668945e-05,0.2432918
171.1,41.8879,8.067679e-05,0.24331546
171.2,41.8879,8.0696525e-05,0.24337497
171.3,41.8879,8.0715463e-05,0.24343209
171.4,41.8879,8.0737512e-05,0.24349859
171.5,41.8879,8.0744268e-05,0.24351896
171.6,41.8879,8.0661807e-05,0.24327027
171.7,41.8879,8.0687411e-05,0.24334749
171.8,41.8879,8.0702711e-05,0.24339363
171.9,41.8879,8.0693822e-05,0.24336682
172,41.8879,8.0655594e-05,0.24325153
172.1,41.8879,8.0581688e-05,0.24302863
172.2,41.8879,8.0589369e-05,0.2430518
172.3,41.8879,8.0568368e-05,0.24298846
172.4,41.8879,8.0514021e-05,0.24282455
172.5,41.8879,8.0520976e-05,0.24284553
172.6,41.8879,8.04772e-05,0.2427135
172.7,41.8879,8.0577274e-05,0.24301532
172.8,41.8879,8.0536146e-05,0.24289128
172.9,41.8879,8.0549871e-05,0.24293268
173,41.8879,8.0556333e-05,0.24295217
173.1,41.8879,8.0458064e-05,0.24265579
173.2,41.8879,8.0466813e-05,0.24268218
173.3,41.8879,8.049225e-05,0.24275889
173.4,41.8879,8.0497285e-05,0.24277408
173.5,41.8879,8.038726e-05,0.24244225
173.6,41.8879,8.0320212e-05,0.24224004
173.7,41.8879,8.0258035e-05,0.24205252
173.8,41.8879,8.0289666e-05,0.24214792
173.9,41.8879,8.0214113e-05,0.24192005
174,41.8879,8.0279817e-05,0.24211821
174.1,41.8879,8.0312856e-05,0.24221786
174.2,41.8879,8.0363245e-05,0.24236983
174.3,41.8879,8.0274111e-05,0.242101
174.4,41.8879,8.0277174e-05,0.24211024
174.5,41.8879,8.0290831e-05,0.24215143
174.6,41.8879,8.0234313e-05,0.24198098
174.7,41.8879,8.0201188e-05,0.24188107
174.8,41.8879,8.0208654e-05,0.24190359
174.9,41.8879,8.0146944e-05,0.24171748
175,41.8879,8.0069501e-05,0.24148392
175.1,41.8879,8.0046328e-05,0.24141403
175.2,41.8879,8.0192099e-05,0.24185366
175.3,41.8879,8.0181308e-05,0.24182112
175.4,41.8879,8.0195341e-05,0.24186344
175.5,41.8879,8.0169066e-05,0.24178419
175.6,41.8879,8.014954e-05,0.24172531
175.7,41.8879,8.0059786e-05,0.24145461
175.8,41.8879,7.9988941e-05,0.24124095
175.9,41.8879,7.9932867e-05,0.24107183
176,41.8879,8.0010425e-05,0.24130575
176.1,41.8879,8.0059833e-05,0.24145476
176.2,41.8879,8.0035516e-05,0.24138142
176.3,41.8879,7.9951794e-05,0.24112892
176.4,41.8879,7.9861719e-05,0.24085726
176.5,41.8879,7.9830474e-05,0.24076303
176.6,41.8879,7.9924425e-05,0.24104638
176.7,41.8879,7.9982594e-05,0.24122181
176.8,41.8879,7.9934833e-05,0.24107777
176.9,41.8879,7.9927864e-05,0.24105675
177,41.8879,7.9951036e-05,0.24112663
177.1,41.8879,7.9842189e-05,0.24079836
177.2,41.8879,7.97535e-05,0.24053088
177.3,41.8879,7.9735004e-05,0.24047509
177.4,41.8879,7.9858656e-05,0.24084802
177.5,41.8879,7.9852592e-05,0.24082973
177.6,41.8879,7.9839632e-05,0.24079065
177.7,41.8879,7.9816328e-05,0.24072036
177.8,41.8879,7.9818459e-05,0.24072679
177.9,41.8879,7.9701702e-05,0.24037466
178,41.8879,7.9613726e-05,0.24010933
178.1,41.8879,7.9597633e-05,0.2400608
178.2,41.8879,7.9719427e-05,0.24042812
178.3,41.8879,7.9677832e-05,0.24030267
178.4,41.8879,7.9587727e-05,0.24003092
178.5,41.8879,7.9516966e-05,0.23981751
178.6,41.8879,7.959496e-05,0.24005273
178.7,41.8879,7.9619512e-05,0.24012678
178.8,41.8879,7.9618911e-05,0.24012497
178.9,41.8879,7.9605635e-05,0.24008493
179,41.8879,7.9638395e-05,0.24018373
179.1,41.8879,7.9533634e-05,0.23986778
179.2,41.8879,7.9426493e-05,0.23954465
179.3,41.8879,7.9388281e-05,0.2394294
179.4,41.8879,7.9481945e-05,0.23971189
179.5,41.8879,7.946262e-05,0.2396536
179.6,41.8879,7.9359797e-05,0.2393435
179.7,41.8879,7.9337141e-05,0.23927517
179.8,41.8879,7.9468462e-05,0.23967122
179.9,41.8879,7.9422916e-05,0.23953386
180,41.8879,7.9360316e-05,0.23934506
180.1,41.8879,7.927466e-05,0.23908673
180.2,41.8879,7.9247061e-05,0.23900349
180.3,41.8879,7.9375163e-05,0.23938984
180.4,41.8879,7.9303255e-05,0.23917297
180.5,41.8879,7.9178871e-05,0.23879784
180.6,41.8879,7.9129664e-05,0.23864943
180.7,41.8879,7.9227062e-05,0.23894318
180.8,41.8879,7.9198741e-05,0.23885776
180.9,41.8879,7.9059647e-05,0.23843827
181,41.8879,7.8949825e-05,0.23810705
181.1,41.8879,7.912619e-05,0.23863896
181.2,41.8879,7.8788505e-05,0.23762052
181.3,41.8879,7.8079623e-05,0.23548259
181.4,41.8879,7.8527159e-05,0.23683232
181.5,41.8879,7.8442101e-05,0.23657579
181.6,41.8879,7.8306926e-05,0.23616811
181.7,41.8879,7.8422097e-05,0.23651546
181.8,41.8879,7.8701083e-05,0.23735686
181.9,41.8879,7.8496646e-05,0.23674029
182,41.8879,7.8331865e-05,0.23624333
182.1,41.8879,7.8270779e-05,0.2360591
182.2,41.8879,7.8441917e-05,0.23657524
182.3,41.8879,7.8271667e-05,0.23606177
182.4,41.8879,7.8230611e-05,0.23593795
182.5,41.8879,7.8287874e-05,0.23611066
182.6,41.8879,7.8232316e-05,0.23594309
182.7,41.8879,7.8149781e-05,0.23569418
182.8,41.8879,7.8324285e-05,0.23622047
182.9,41.8879,7.830171e-05,0.23615238
183,41.8879,7.8221567e-05,0.23591068
183.1,41.8879,7.816497e-05,0.23573998
183.2,41.8879,7.830333e-05,0.23615727
183.3,41.8879,7.8290705e-05,0.23611919
183.4,41.8879,7.8196516e-05,0.23583512
183.5,41.8879,7.8053658e-05,0.23540428
183.6,41.8879,7.8210731e-05,0.235878
183.7,41.8879,7.8224946e-05,0.23592087
183.8,41.8879,7.8128827e-05,0.23563098
183.9,41.8879,7.7966989e-05,0.23514289
184,41.8879,7.8041478e-05,0.23536754
184.1,41.8879,7.8079693e-05,0.23548279
184.2,41.8879,7.7977941e-05,0.23517592
184.3,41.8879,7.8013651e-05,0.23528362
184.4,41.8879,7.8139512e-05,0.23566321
184.5,41.8879,7.8077143e-05,0.2354751
184.6,41.8879,7.8001015e-05,0.23524551
184.7,41.8879,7.7863118e-05,0.23482962
184.8,41.8879,7.799701e-05,0.23523343
184.9,41.8879,7.8084212e-05,0.23549642
185,41.8879,7.7933569e-05,0.2350421
185.1,41.8879,7.7892956e-05,0.23491961
185.2,41.8879,7.8354364e-05,0.23631118
185.3,41.8879,7.8203366e-05,0.23585578
185.4,41.8879,7.7904891e-05,0.2349556
185.5,41.8879,7.7999833e-05,0.23524194
185.6,41.8879,7.8081204e-05,0.23548735
185.7,41.8879,7.8006738e-05,0.23526277
185.8,41.8879,7.7855992e-05,0.23480813
185.9,41.8879,7.7823112e-05,0.23470896
186,41.8879,7.7946412e-05,0.23508083
186.1,41.8879,7.7783968e-05,0.23459091
186.2,41.8879,7.7711524e-05,0.23437242
186.3,41.8879,7.7891482e-05,0.23491517
186.4,41.8879,7.7889594e-05,0.23490947
186.5,41.8879,7.7974345e-05,0.23516507
186.6,41.8879,7.7739342e-05,0.23445632
186.7,41.8879,7.7885972e-05,0.23489855
186.8,41.8879,7.7763718e-05,0.23452984
186.9,41.8879,7.7905182e-05,0.23495648
187,41.8879,7.7575349e-05,0.23396173
187.1,41.8879,7.7898168e-05,0.23493533
187.2,41.8879,7.7586698e-05,0.23399596
187.3,41.8879,7.7846555e-05,0.23477967
187.4,41.8879,7.823643e-05,0.2359555
187.5,41.8879,7.7947705e-05,0.23508473
187.6,41.8879,7.7798595e-05,0.23463502
187.7,41.8879,7.7757932e-05,0.23451239
187.8,41.8879,7.7761343e-05,0.23452267
187.9,41.8879,7.7770832e-05,0.23455129
188,41.8879,7.7460168e-05,0.23361435
188.1,41.8879,7.7774068e-05,0.23456105
188.2,41.8879,7.7599098e-05,0.23403335
188.3,41.8879,7.7615435e-05,0.23408263
188.4,41.8879,7.7629529e-05,0.23412513
188.5,41.8879,7.7670331e-05,0.23424819
188.6,41.8879,7.7913782e-05,0.23498242
188.7,41.8879,7.7486606e-05,0.23369409
188.8,41.8879,7.7652862e-05,0.2341955
188.9,41.8879,7.7990125e-05,0.23521266
189,41.8879,7.8042194e-05,0.2353697
189.1,41.8879,7.7692547e-05,0.23431519
189.2,41.8879,7.7782248e-05,0.23458572
189.3,41.8879,7.7397344e-05,0.23342488
189.4,41.8879,7.7542018e-05,0.23386121
189.5,41.8879,7.7636806e-05,0.23414708
189.6,41.8879,7.764797e-05,0.23418075
189.7,41.8879,7.7529354e-05,0.23382301
189.8,41.8879,7.7433238e-05,0.23353313
189.9,41.8879,7.759765e-05,0.23402899
190,41.8879,7.7543388e-05,0.23386534
190.1,41.8879,7.7546079e-05,0.23387345
190.2,41.8879,7.7795798e-05,0.23462659
190.3,41.8879,7.7875992e-05,0.23486845
190.4,41.8879,7.7441255e-05,0.23355731
190.5,41.8879,7.7666495e-05,0.23423662
190.6,41.8879,7.7555755e-05,0.23390264
190.7,41.8879,7.7454653e-05,0.23359772
190.8,41.8879,7.7407728e-05,0.2334562
190.9,41.8879,7.7495976e-05,0.23372235
191,41.8879,7.755752e-05,0.23390796
191.1,41.8879,7.7500126e-05,0.23373486
191.2,41.8879,7.7574127e-05,0.23395804
191.3,41.8879,7.7546004e-05,0.23387323
191.4,41.8879,7.7653282e-05,0.23419677
191.5,41.8879,7.7515539e-05,0.23378135
191.6,41.8879,7.7798445e-05,0.23463457
191.7,41.8879,7.7465204e-05,0.23362954
191.8,41.8879,7.7445893e-05,0.2335713
191.9,41.8879,7.7277168e-05,0.23306244
192,41.8879,7.7080561e-05,0.23246948
192.1,41.8879,7.7143687e-05,0.23265987
192.2,41.8879,7.7197057e-05,0.23282083
192.3,41.8879,7.7217645e-05,0.23288292
192.4,41.8879,7.7334174e-05,0.23323436
192.5,41.8879,7.7610742e-05,0.23406847
192.6,41.8879,7.7428712e-05,0.23351948
192.7,41.8879,7.7571897e-05,0.23395132
192.8,41.8879,7.7228381e-05,0.2329153
192.9,41.8879,7.7321912e-05,0.23319738
193,41.8879,7.7027336e-05,0.23230896
193.1,41.8879,7.724093e-05,0.23295315
193.2,41.8879,7.7041604e-05,0.23235199
193.3,41.8879,7.7158708e-05,0.23270517
193.4,41.8879,7.7369461e-05,0.23334079
193.5,41.8879,7.7419748e-05,0.23349245
193.6,41.8879,7.7552351e-05,0.23389237
193.7,41.8879,7.7464284e-05,0.23362677
193.8,41.8879,7.7386403e-05,0.23339188
193.9,41.8879,7.7148971e-05,0.2326758
194,41.8879,7.7137556e-05,0.23264138
194.1,41.8879,7.7012065e-05,0.2322629
194.2,41.8879,7.7193571e-05,0.23281031
194.3,41.8879,7.7315731e-05,0.23317874
194.4,41.8879,7.7194792e-05,0.232814
194.5,41.8879,7.7082593e-05,0.23247561
194.6,41.8879,7.6771761e-05,0.23153816
194.7,41.8879,7.688901e-05,0.23189178
194.8,41.8879,7.7220819e-05,0.23289249
194.9,41.8879,7.7124283e-05,0.23260135
195,41.8879,7.7237701e-05,0.23294341
195.1,41.8879,7.695338e-05,0.23208591
195.2,41.8879,7.6958377e-05,0.23210098
195.3,41.8879,7.6784924e-05,0.23157786
195.4,41.8879,7.689842e-05,0.23192016
195.5,41.8879,7.7008183e-05,0.2322512
195.6,41.8879,7.7260452e-05,0.23301202
195.7,41.8879,7.6984396e-05,0.23217946
195.8,41.8879,7.7212161e-05,0.23286638
195.9,41.8879,7.7644152e-05,0.23416924
196,41.8879,7.7419443e-05,0.23349153
196.1,41.8879,7.6935019e-05,0.23203054
196.2,41.8879,7.6916339e-05,0.2319742
196.3,41.8879,7.682606e-05,0.23170193
196.4,41.8879,7.6956078e-05,0.23209405
196.5,41.8879,7.7221528e-05,0.23289463
196.6,41.8879,7.6982752e-05,0.2321745
196.7,41.8879,7.6931006e-05,0.23201844
196.8,41.8879,7.7005381e-05,0.23224274
196.9,41.8879,7.67097e-05,0.23135099
197,41.8879,7.6850521e-05,0.2317757
197.1,41.8879,7.6807412e-05,0.23164569
197.2,41.8879,7.7085092e-05,0.23248315
197.3,41.8879,7.6850714e-05,0.23177628
197.4,41.8879,7.6715603e-05,0.2313688
197.5,41.8879,7.6881995e-05,0.23187062
197.6,41.8879,7.6696302e-05,0.23131059
197.7,41.8879,7.6892044e-05,0.23190093
197.8,41.8879,7.6736862e-05,0.23143291
197.9,41.8879,7.7125156e-05,0.23260398
198,41.8879,7.6818972e-05,0.23168055
198.1,41.8879,7.7272488e-05,0.23304832
198.2,41.8879,7.669914e-05,0.23131914
198.3,41.8879,7.6723425e-05,0.23139239
198.4,41.8879,7.6452066e-05,0.23057399
198.5,41.8879,7.6553491e-05,0.23087988
198.6,41.8879,7.6703258e-05,0.23133156
198.7,41.8879,7.6977357e-05,0.23215823
198.8,41.8879,7.7010541e-05,0.23225831
198.9,41.8879,7.7009354e-05,0.23225473
199,41.8879,7.6771056e-05,0.23153604
199.1,41.8879,7.6670045e-05,0.2312314
199.2,41.8879,7.6524465e-05,0.23079234
199.3,41.8879,7.6856912e-05,0.23179497
199.4,41.8879,7.6869237e-05,0.23183215
199.5,41.8879,7.6678014e-05,0.23125543
199.6,41.8879,7.6806833e-05,0.23164394
199.7,41.8879,7.6716614e-05,0.23137184
199.8,41.8879,7.6573255e-05,0.23093948
199.9,41.8879,7.6604555e-05,0.23103388
200,41.8879,7.6991103e-05,0.23219968
200.1,41.8879,7.6768645e-05,0.23152877
200.2,41.8879,7.699519e-05,0.23221201
200.3,41.8879,7.6978061e-05,0.23216035
200.4,41.8879,7.72547e-05,0.23299467
200.5,41.8879,7.686604e-05,0.2318225
200.6,41.8879,7.6703425e-05,0.23133207
200.7,41.8879,7.6548045e-05,0.23086345
200.8,41.8879,7.62253e-05,0.22989008
200.9,41.8879,7.6491522e-05,0.23069298
201,41.8879,7.6357495e-05,0.23028877
201.1,41.8879,7.6769799e-05,0.23153225
201.2,41.8879,7.6843656e-05,0.23175499
201.3,41.8879,7.6446862e-05,0.23055829
201.4,41.8879,7.6329145e-05,0.23020327
201.5,41.8879,7.628547e-05,0.23007155
201.6,41.8879,7.6619231e-05,0.23107815
201.7,41.8879,7.6657089e-05,0.23119232
201.8,41.8879,7.687943e-05,0.23186289
201.9,41.8879,7.6408759e-05,0.23044338
202,41.8879,7.704826e-05,0.23237207
202.1,41.8879,7.6520716e-05,0.23078103
202.2,41.8879,7.6305862e-05,0.23013305
202.3,41.8879,7.6358563e-05,0.23029199
202.4,41.8879,7.6465871e-05,0.23061562
202.5,41.8879,7.6662916e-05,0.23120989
202.6,41.8879,7.6725924e-05,0.23139992
202.7,41.8879,7.6104192e-05,0.22952483
202.8,41.8879,7.6134762e-05,0.22961702
202.9,41.8879,7.6033987e-05,0.22931309
203,41.8879,7.6361902e-05,0.23030206
203.1,41.8879,7.6694827e-05,0.23130614
203.2,41.8879,7.6638028e-05,0.23113484
203.3,41.8879,7.6259747e-05,0.22999397
203.4,41.8879,7.6251346e-05,0.22996863
203.5,41.8879,7.6701663e-05,0.23132676
203.6,41.8879,7.6681792e-05,0.23126683
203.7,41.8879,7.615276e-05,0.2296713
203.8,41.8879,7.6076342e-05,0.22944083
203.9,41.8879,7.620619e-05,0.22983244
204,41.8879,7.619534e-05,0.22979972
204.1,41.8879,7.6099913e-05,0.22951192
204.2,41.8879,7.6561097e-05,0.23090282
204.3,41.8879,7.6458124e-05,0.23059226
204.4,41.8879,7.6864719e-05,0.23181852
204.5,41.8879,7.6579698e-05,0.23095892
204.6,41.8879,7.6527349e-05,0.23080104
204.7,41.8879,7.6499968e-05,0.23071846
204.8,41.8879,7.6097249e-05,0.22950388
204.9,41.8879,7.6477672e-05,0.23065121
205,41.8879,7.6476196e-05,0.23064676
205.1,41.8879,7.6321701e-05,0.23018082
205.2,41.8879,7.6015585e-05,0.22925759
205.3,41.8879,7.5759676e-05,0.22848579
205.4,41.8879,7.6132722e-05,0.22961087
205.5,41.8879,7.6111777e-05,0.2295477
205.6,41.8879,7.6099795e-05,0.22951156
205.7,41.8879,7.601757e-05,0.22926358
205.8,41.8879,7.6204334e-05,0.22982685
205.9,41.8879,7.6439613e-05,0.23053643
206,41.8879,7.6709891e-05,0.23135157
206.1,41.8879,7.706803e-05,0.23243169
206.2,41.8879,7.61459e-05,0.22965061
206.3,41.8879,7.5899214e-05,0.22890663
206.4,41.8879,7.5898154e-05,0.22890343
206.5,41.8879,7.5935981e-05,0.22901751
206.6,41.8879,7.6176144e-05,0.22974183
206.7,41.8879,7.6395361e-05,0.23040297
206.8,41.8879,7.6138958e-05,0.22962968
206.9,41.8879,7.5777807e-05,0.22854047
207,41.8879,7.6100742e-05,0.22951442
207.1,41.8879,7.6126251e-05,0.22959135
207.2,41.8879,7.5937683e-05,0.22902264
207.3,41.8879,7.5521576e-05,0.2277677
207.4,41.8879,7.5556196e-05,0.22787211
207.5,41.8879,7.6317369e-05,0.23016775
207.6,41.8879,7.6179724e-05,0.22975262
207.7,41.8879,7.5558888e-05,0.22788023
207.8,41.8879,7.565977e-05,0.22818448
207.9,41.8879,7.5700608e-05,0.22830765
208,41.8879,7.5871736e-05,0.22882375
208.1,41.8879,7.5650942e-05,0.22815785
208.2,41.8879,7.5616446e-05,0.22805382
208.3,41.8879,7.5764526e-05,0.22850042
208.4,41.8879,7.5960203e-05,0.22909056
208.5,41.8879,7.5836892e-05,0.22871867
208.6,41.8879,7.5731756e-05,0.22840159
208.7,41.8879,7.5493757e-05,0.2276838
208.8,41.8879,7.5796661e-05,0.22859733
208.9,41.8879,7.5919315e-05,0.22896725
209,41.8879,7.593042e-05,0.22900074
209.1,41.8879,7.6124986e-05,0.22958754
209.2,41.8879,7.5600975e-05,0.22800716
209.3,41.8879,7.5413181e-05,0.22744079
209.4,41.8879,7.6166505e-05,0.22971275
209.5,41.8879,7.6284021e-05,0.23006718
209.6,41.8879,7.6895566e-05,0.23191155
209.7,41.8879,7.8603928e-05,0.23706385
209.8,41.8879,8.0597341e-05,0.24307584
209.9,41.8879,7.9618806e-05,0.24012465
210,41.8879,8.0417151e-05,0.2425324
210.1,41.8879,8.0775253e-05,0.24361241
210.2,41.8879,8.0694982e-05,0.24337032
210.3,41.8879,8.0477535e-05,0.24271452
210.4,41.8879,8.0713624e-05,0.24342654
210.5,41.8879,8.0804336e-05,0.24370012
210.6,41.8879,8.0913465e-05,0.24402925
210.7,41.8879,8.1093858e-05,0.2445733
210.8,41.8879,8.1075355e-05,0.2445175
210.9,41.8879,8.1062598e-05,0.24447903
211,41.8879,8.0953521e-05,0.24415005
211.1,41.8879,8.0997807e-05,0.24428362
211.2,41.8879,8.0992215e-05,0.24426675
211.3,41.8879,8.1024329e-05,0.24436361
211.4,41.8879,8.1047204e-05,0.2444326
211.5,41.8879,8.1089582e-05,0.24456041
211.6,41.8879,8.1060219e-05,0.24447185
211.7,41.8879,8.0958891e-05,0.24416625
211.8,41.8879,8.0986719e-05,0.24425018
211.9,41.8879,8.1118651e-05,0.24464807
212,41.8879,8.1187076e-05,0.24485444
212.1,41.8879,8.1167804e-05,0.24479632
212.2,41.8879,8.1067568e-05,0.24449401
212.3,41.8879,8.1067612e-05,0.24449415
212.4,41.8879,8.1103957e-05,0.24460376
212.5,41.8879,8.1237502e-05,0.24500652
212.6,41.8879,8.1211709e-05,0.24492873
212.7,41.8879,8.1122631e-05,0.24466008
212.8,41.8879,8.1120293e-05,0.24465303
212.9,41.8879,8.1162064e-05,0.24477901
213,41.8879,8.1206156e-05,0.24491198
213.1,41.8879,8.1256623e-05,0.24506419
213.2,41.8879,8.1236411e-05,0.24500323
213.3,41.8879,8.1135091e-05,0.24469766
213.4,41.8879,8.1121719e-05,0.24465733
213.5,41.8879,8.1226417e-05,0.24497309
213.6,41.8879,8.12319e-05,0.24498963
213.7,41.8879,8.1106827e-05,0.24461241
213.8,41.8879,8.1117939e-05,0.24464593
213.9,41.8879,8.1127741e-05,0.24467549
214,41.8879,8.1139955e-05,0.24471233
214.1,41.8879,8.1164257e-05,0.24478562
214.2,41.8879,8.119743e-05,0.24488567
214.3,41.8879,8.1231907e-05,0.24498965
214.4,41.8879,8.1268087e-05,0.24509876
214.5,41.8879,8.1256774e-05,0.24506465
214.6,41.8879,8.1177107e-05,0.24482438
214.7,41.8879,8.1137187e-05,0.24470398
214.8,41.8879,8.1140871e-05,0.24471509
214.9,41.8879,8.1189289e-05,0.24486111
215,41.8879,8.121332e-05,0.24493359
215.1,41.8879,8.1256602e-05,0.24506413
215.2,41.8879,8.126318e-05,0.24508397
215.3,41.8879,8.1233787e-05,0.24499532
215.4,41.8879,8.1108081e-05,0.2446162
215.5,41.8879,8.1095836e-05,0.24457927
215.6,41.8879,8.1113476e-05,0.24463247
215.7,41.8879,8.1134953e-05,0.24469724
215.8,41.8879,8.1168331e-05,0.24479791
215.9,41.8879,8.1203597e-05,0.24490427
216,41.8879,8.119633e-05,0.24488235
216.1,41.8879,8.1129637e-05,0.24468121
216.2,41.8879,8.1140996e-05,0.24471547
216.3,41.8879,8.1070499e-05,0.24450285
216.4,41.8879,8.1113013e-05,0.24463107
216.5,41.8879,8.1091972e-05,0.24456761
216.6,41.8879,8.1056079e-05,0.24445936
216.7,41.8879,8.1075436e-05,0.24451774
216.8,41.8879,8.1100178e-05,0.24459236
216.9,41.8879,8.1125197e-05,0.24466782
217,41.8879,8.1178129e-05,0.24482746
217.1,41.8879,8.1167048e-05,0.24479404
217.2,41.8879,8.1169353e-05,0.24480099
217.3,41.8879,8.1169782e-05,0.24480228
217.4,41.8879,8.1089072e-05,0.24455887
217.5,41.8879,8.1104621e-05,0.24460576
217.6,41.8879,8.1124e-05,0.24466421
217.7,41.8879,8.1138106e-05,0.24470675
217.8,41.8879,8.1058088e-05,0.24446542
217.9,41.8879,8.1070757e-05,0.24450363
218,41.8879,8.1100438e-05,0.24459315
218.1,41.8879,8.1098761e-05,0.24458809
218.2,41.8879,8.1057875e-05,0.24446478
218.3,41.8879,8.0935575e-05,0.24409593
218.4,41.8879,8.0913987e-05,0.24403082
218.5,41.8879,8.091341e-05,0.24402908
218.6,41.8879,8.0924841e-05,0.24406356
218.7,41.8879,8.0943165e-05,0.24411882
218.8,41.8879,8.0962725e-05,0.24417782
218.9,41.8879,8.0984712e-05,0.24424412
219,41.8879,8.1006134e-05,0.24430873
219.1,41.8879,8.1006951e-05,0.2443112
219.2,41.8879,8.1007193e-05,0.24431192
219.3,41.8879,8.092508e-05,0.24406428
219.4,41.8879,8.093778e-05,0.24410258
219.5,41.8879,8.0960071e-05,0.24416981
219.6,41.8879,8.0967437e-05,0.24419203
219.7,41.8879,8.0960687e-05,0.24417167
219.8,41.8879,8.0955083e-05,0.24415477
219.9,41.8879,8.0903843e-05,0.24400023
220,41.8879,8.0725771e-05,0.24346318
220.1,41.8879,8.0853759e-05,0.24384918
220.2,41.8879,8.0756828e-05,0.24355684
220.3,41.8879,8.0770654e-05,0.24359854
220.4,41.8879,8.0748139e-05,0.24353064
220.5,41.8879,8.0682153e-05,0.24333163
220.6,41.8879,8.0748966e-05,0.24353313
220.7,41.8879,8.0762734e-05,0.24357465
220.8,41.8879,8.0697763e-05,0.24337871
220.9,41.8879,8.0801241e-05,0.24369079
221,41.8879,8.078976e-05,0.24365616
221.1,41.8879,8.0793032e-05,0.24366603
221.2,41.8879,8.0718747e-05,0.24344199
221.3,41.8879,8.0723654e-05,0.24345679
221.4,41.8879,8.0735711e-05,0.24349316
221.5,41.8879,8.074972e-05,0.24353541
221.6,41.8879,8.0755554e-05,0.243553
221.7,41.8879,8.0742752e-05,0.24351439
221.8,41.8879,8.073176e-05,0.24348124
221.9,41.8879,8.0718625e-05,0.24344163
222,41.8879,8.0623638e-05,0.24315515
222.1,41.8879,8.0623295e-05,0.24315412
222.2,41.8879,8.0634146e-05,0.24318684
222.3,41.8879,8.0562361e-05,0.24297034
222.4,41.8879,8.0491829e-05,0.24275762
222.5,41.8879,8.0448956e-05,0.24262832
222.6,41.8879,8.0536845e-05,0.24289339
222.7,41.8879,8.0613509e-05,0.2431246
222.8,41.8879,8.0587446e-05,0.243046
222.9,41.8879,8.058818e-05,0.24304821
223,41.8879,8.0545575e-05,0.24291972
223.1,41.8879,8.0474063e-05,0.24270404
223.2,41.8879,8.0494208e-05,0.2427648
223.3,41.8879,8.0486094e-05,0.24274033
223.4,41.8879,8.0438032e-05,0.24259538
223.5,41.8879,8.0513961e-05,0.24282437
223.6,41.8879,8.0470003e-05,0.2426918
223.7,41.8879,8.0395174e-05,0.24246612
223.8,41.8879,8.0311399e-05,0.24221346
223.9,41.8879,8.0273482e-05,0.24209911
224,41.8879,8.0421921e-05,0.24254679
224.1,41.8879,8.0427714e-05,0.24256426
224.2,41.8879,8.03956e-05,0.24246741
224.3,41.8879,8.0397384e-05,0.24247279
224.4,41.8879,8.039136e-05,0.24245462
224.5,41.8879,8.0386701e-05,0.24244057
224.6,41.8879,8.0368916e-05,0.24238693
224.7,41.8879,8.0279157e-05,0.24211622
224.8,41.8879,8.0263868e-05,0.24207011
224.9,41.8879,8.0266156e-05,0.24207701
225,41.8879,8.0289233e-05,0.24214661
225.1,41.8879,8.0197033e-05,0.24186854
225.2,41.8879,8.012118e-05,0.24163977
225.3,41.8879,8.0099492e-05,0.24157437
225.4,41.8879,8.0244659e-05,0.24201218
225.5,41.8879,8.0182394e-05,0.24182439
225.6,41.8879,8.0096572e-05,0.24156556
225.7,41.8879,8.0040588e-05,0.24139672
225.8,41.8879,8.0062003e-05,0.2414613
225.9,41.8879,8.0029394e-05,0.24136295
226,41.8879,7.9966099e-05,0.24117206
226.1,41.8879,8.0062545e-05,0.24146294
226.2,41.8879,8.0133254e-05,0.24167619
226.3,41.8879,8.0093047e-05,0.24155493
226.4,41.8879,8.0005522e-05,0.24129096
226.5,41.8879,7.9938573e-05,0.24108904
226.6,41.8879,7.9914287e-05,0.2410158
226.7,41.8879,8.00708e-05,0.24148783
226.8,41.8879,7.9940458e-05,0.24109473
226.9,41.8879,7.9875273e-05,0.24089814
227,41.8879,7.9837661e-05,0.2407847
227.1,41.8879,7.9940198e-05,0.24109394
227.2,41.8879,7.9971573e-05,0.24118857
227.3,41.8879,7.9942644e-05,0.24110132
227.4,41.8879,7.9936657e-05,0.24108326
227.5,41.8879,7.9921862e-05,0.24103865
227.6,41.8879,7.9894876e-05,0.24095726
227.7,41.8879,7.9800665e-05,0.24067312
227.8,41.8879,7.972699e-05,0.24045093
227.9,41.8879,7.9717427e-05,0.24042208
228,41.8879,7.9844722e-05,0.240806
228.1,41.8879,7.9819325e-05,0.2407294
228.2,41.8879,7.9785685e-05,0.24062795
228.3,41.8879,7.9693371e-05,0.24034953
228.4,41.8879,7.963402e-05,0.24017053
228.5,41.8879,7.9664571e-05,0.24026267
228.6,41.8879,7.9667734e-05,0.24027221
228.7,41.8879,7.9609688e-05,0.24009715
228.8,41.8879,7.9686162e-05,0.24032779
228.9,41.8879,7.9674506e-05,0.24029264
229,41.8879,7.9668746e-05,0.24027527
229.1,41.8879,7.9594421e-05,0.24005111
229.2,41.8879,7.9493794e-05,0.23974762
229.3,41.8879,7.9551571e-05,0.23992187
229.4,41.8879,7.9596801e-05,0.24005828
229.5,41.8879,7.946e-05,0.2396457
229.6,41.8879,7.9388976e-05,0.2394315
229.7,41.8879,7.9461801e-05,0.23965113
229.8,41.8879,7.9479753e-05,0.23970528
229.9,41.8879,7.9466068e-05,0.239664
230,41.8879,7.9465909e-05,0.23966352
230.1,41.8879,7.9416268e-05,0.23951381
230.2,41.8879,7.9293487e-05,0.23914351
230.3,41.8879,7.9234922e-05,0.23896688
230.4,41.8879,7.9270629e-05,0.23907457
230.5,41.8879,7.9294053e-05,0.23914522
230.6,41.8879,7.9101099e-05,0.23856328
230.7,41.8879,7.9162023e-05,0.23874702
230.8,41.8879,7.9279376e-05,0.23910095
230.9,41.8879,7.9131626e-05,0.23865535
231,41.8879,7.8485983e-05,0.23670814
231.1,41.8879,7.8551934e-05,0.23690704
231.2,41.8879,7.8469593e-05,0.23665871
231.3,41.8879,7.8564287e-05,0.2369443
231.4,41.8879,7.8608953e-05,0.237079
231.5,41.8879,7.8448049e-05,0.23659373
231.6,41.8879,7.851585e-05,0.23679821
231.7,41.8879,7.8632534e-05,0.23715012
231.8,41.8879,7.8491389e-05,0.23672444
231.9,41.8879,7.8484631e-05,0.23670406
232,41.8879,7.8535116e-05,0.23685632
232.1,41.8879,7.8429653e-05,0.23653825
232.2,41.8879,7.8338106e-05,0.23626215
232.3,41.8879,7.839801e-05,0.23644282
232.4,41.8879,7.8469837e-05,0.23665944
232.5,41.8879,7.8271263e-05,0.23606056
232.6,41.8879,7.8331219e-05,0.23624138
232.7,41.8879,7.8387666e-05,0.23641162
232.8,41.8879,7.8310518e-05,0.23617895
232.9,41.8879,7.8229442e-05,0.23593443
233,41.8879,7.8285972e-05,0.23610492
233.1,41.8879,7.8350189e-05,0.23629859
233.2,41.8879,7.823888e-05,0.23596289
233.3,41.8879,7.8205291e-05,0.23586159
233.4,41.8879,7.8285644e-05,0.23610393
233.5,41.8879,7.8388149e-05,0.23641308
233.6,41.8879,7.8155271e-05,0.23571073
233.7,41.8879,7.8157775e-05,0.23571828
233.8,41.8879,7.8352508e-05,0.23630559
233.9,41.8879,7.8567242e-05,0.23695321
234,41.8879,7.8193424e-05,0.2358258
234.1,41.8879,7.8182632e-05,0.23579325
234.2,41.8879,7.8108537e-05,0.23556979
234.3,41.8879,7.8028022e-05,0.23532696
234.4,41.8879,7.8074293e-05,0.23546651
234.5,41.8879,7.8091745e-05,0.23551914
234.6,41.8879,7.797186e-05,0.23515758
234.7,41.8879,7.7917292e-05,0.23499301
234.8,41.8879,7.7965923e-05,0.23513967
234.9,41.8879,7.8030381e-05,0.23533407
235,41.8879,7.7818217e-05,0.2346942
235.1,41.8879,7.8108946e-05,0.23557102
235.2,41.8879,7.8373865e-05,0.23637
235.3,41.8879,7.8052223e-05,0.23539995
235.4,41.8879,7.802275e-05,0.23531106
235.5,41.8879,7.8285045e-05,0.23610212
235.6,41.8879,7.8019818e-05,0.23530222
235.7,41.8879,7.8027042e-05,0.235324
235.8,41.8879,7.8017111e-05,0.23529405
235.9,41.8879,7.8198349e-05,0.23584065
236,41.8879,7.795335e-05,0.23510175
236.1,41.8879,7.7881118e-05,0.23488391
236.2,41.8879,7.7975094e-05,0.23516733
236.3,41.8879,7.7991861e-05,0.2352179
236.4,41.8879,7.7909807e-05,0.23497043
236.5,41.8879,7.8163142e-05,0.23573447
236.6,41.8879,7.7990077e-05,0.23521252
236.7,41.8879,7.765051e-05,0.23418841
236.8,41.8879,7.7791503e-05,0.23461363
236.9,41.8879,7.7772215e-05,0.23455546
237,41.8879,7.7745812e-05,0.23447583
237.1,41.8879,7.7873435e-05,0.23486074
237.2,41.8879,7.7724045e-05,0.23441018
237.3,41.8879,7.7719491e-05,0.23439645
237.4,41.8879,7.7725179e-05,0.23441361
237.5,41.8879,7.7752356e-05,0.23449557
237.6,41.8879,7.7769067e-05,0.23454597
237.7,41.8879,7.7819256e-05,0.23469733
237.8,41.8879,7.7723633e-05,0.23440894
237.9,41.8879,7.8125952e-05,0.23562231
238,41.8879,7.7673256e-05,0.23425701
238.1,41.8879,7.7739529e-05,0.23445689
238.2,41.8879,7.7732656e-05,0.23443616
238.3,41.8879,7.8121183e-05,0.23560793
238.4,41.8879,7.754403e-05,0.23386727
238.5,41.8879,7.766618e-05,0.23423567
238.6,41.8879,7.8059643e-05,0.23542232
238.7,41.8879,7.7972347e-05,0.23515905
238.8,41.8879,7.7572592e-05,0.23395341
238.9,41.8879,7.768546e-05,0.23429382
239,41.8879,7.7660661e-05,0.23421903
239.1,41.8879,7.7556089e-05,0.23390364
239.2,41.8879,7.7351856e-05,0.23328769
239.3,41.8879,7.7762468e-05,0.23452607
239.4,41.8879,7.8124904e-05,0.23561915
239.5,41.8879,7.7491665e-05,0.23370934
239.6,41.8879,7.7786144e-05,0.23459747
239.7,41.8879,7.7705336e-05,0.23435376
239.8,41.8879,7.7564739e-05,0.23392973
239.9,41.8879,7.7507136e-05,0.233756
240,41.8879,7.7552103e-05,0.23389162
240.1,41.8879,7.7551221e-05,0.23388896
240.2,41.8879,7.7666095e-05,0.23423541
240.3,41.8879,7.7766577e-05,0.23453846
240.4,41.8879,7.77494e-05,0.23448665
240.5,41.8879,7.7539938e-05,0.23385493
240.6,41.8879,7.7548871e-05,0.23388187
240.7,41.8879,7.7505243e-05,0.23375029
240.8,41.8879,7.7466938e-05,0.23363477
240.9,41.8879,7.7663213e-05,0.23422672
241,41.8879,7.7404161e-05,0.23344544
241.1,41.8879,7.740432e-05,0.23344592
241.2,41.8879,7.7439277e-05,0.23355135
241.3,41.8879,7.7710871e-05,0.23437045
241.4,41.8879,7.74604e-05,0.23361505
241.5,41.8879,7.7582756e-05,0.23398407
241.6,41.8879,7.7247786e-05,0.23297382
241.7,41.8879,7.7478796e-05,0.23367053
241.8,41.8879,7.7516185e-05,0.2337833
241.9,41.8879,7.7724411e-05,0.23441129
242,41.8879,7.8035568e-05,0.23534972
242.1,41.8879,7.7722638e-05,0.23440594
242.2,41.8879,7.7481662e-05,0.23367918
242.3,41.8879,7.7435962e-05,0.23354135
242.4,41.8879,7.7479114e-05,0.23367149
242.5,41.8879,7.7317073e-05,0.23318279
242.6,41.8879,7.7654814e-05,0.23420139
242.7,41.8879,7.7320277e-05,0.23319245
242.8,41.8879,7.7083326e-05,0.23247782
242.9,41.8879,7.7226513e-05,0.23290966
243,41.8879,7.7531174e-05,0.2338285
243.1,41.8879,7.7338547e-05,0.23324755
243.2,41.8879,7.713056e-05,0.23262028
243.3,41.8879,7.7016742e-05,0.23227701
243.4,41.8879,7.7061864e-05,0.23241309
243.5,41.8879,7.7139806e-05,0.23264816
243.6,41.8879,7.723149e-05,0.23292468
243.7,41.8879,7.7236838e-05,0.2329408
243.8,41.8879,7.7200256e-05,0.23283048
243.9,41.8879,7.7401791e-05,0.23343829
244,41.8879,7.743448e-05,0.23353688
244.1,41.8879,7.7021705e-05,0.23229198
244.2,41.8879,7.712416e-05,0.23260097
244.3,41.8879,7.7393441e-05,0.23341311
244.4,41.8879,7.7265309e-05,0.23302667
244.5,41.8879,7.7048247e-05,0.23237203
244.6,41.8879,7.7051586e-05,0.2323821
244.7,41.8879,7.7273613e-05,0.23305171
244.8,41.8879,7.7250926e-05,0.23298329
244.9,41.8879,7.7614627e-05,0.23408019
245,41.8879,7.7249043e-05,0.23297761
245.1,41.8879,7.7164959e-05,0.23272402
245.2,41.8879,7.7074022e-05,0.23244976
245.3,41.8879,7.7066479e-05,0.23242701
245.4,41.8879,7.6770283e-05,0.23153371
245.5,41.8879,7.7137732e-05,0.23264191
245.6,41.8879,7.7129446e-05,0.23261692
245.7,41.8879,7.6855496e-05,0.2317907
245.8,41.8879,7.6983217e-05,0.2321759
245.9,41.8879,7.7053978e-05,0.23238931
246,41.8879,7.6809575e-05,0.23165221
246.1,41.8879,7.7039573e-05,0.23234587
246.2,41.8879,7.72822e-05,0.23307761
246.3,41.8879,7.7303174e-05,0.23314087
246.4,41.8879,7.7010855e-05,0.23225926
246.5,41.8879,7.6917194e-05,0.23197678
246.6,41.8879,7.7114545e-05,0.23257198
246.7,41.8879,7.7026348e-05,0.23230598
246.8,41.8879,7.7344202e-05,0.23326461
246.9,41.8879,7.7071741e-05,0.23244288
247,41.8879,7.7170901e-05,0.23274194
247.1,41.8879,7.7015022e-05,0.23227182
247.2,41.8879,7.682034e-05,0.23168467
247.3,41.8879,7.6796205e-05,0.23161189
247.4,41.8879,7.6989134e-05,0.23219375
247.5,41.8879,7.6789886e-05,0.23159283
247.6,41.8879,7.6787801e-05,0.23158654
247.7,41.8879,7.6753581e-05,0.23148334
247.8,41.8879,7.6840544e-05,0.23174561
247.9,41.8879,7.6860093e-05,0.23180457
248,41.8879,7.7029534e-05,0.23231559
248.1,41.8879,7.6725661e-05,0.23139913
248.2,41.8879,7.7040797e-05,0.23234956
248.3,41.8879,7.6586906e-05,0.23098065
248.4,41.8879,7.6846318e-05,0.23176302
248.5,41.8879,7.6729403e-05,0.23141042
248.6,41.8879,7.7053834e-05,0.23238888
248.7,41.8879,7.648055e-05,0.23065989
248.8,41.8879,7.6712133e-05,0.23135833
248.9,41.8879,7.6771357e-05,0.23153695
249,41.8879,7.7065151e-05,0.23242301
249.1,41.8879,7.7119678e-05,0.23258746
249.2,41.8879,7.7134216e-05,0.2326313
249.3,41.8879,7.6625665e-05,0.23109755
249.4,41.8879,7.6542497e-05,0.23084672
249.5,41.8879,7.640175e-05,0.23042224
249.6,41.8879,7.6608048e-05,0.23104442
249.7,41.8879,7.6848687e-05,0.23177017
249.8,41.8879,7.6906148e-05,0.23194347
249.9,41.8879,7.66608e-05,0.23120352
250,41.8879,7.6634567e-05,0.2311244
250.1,41.8879,7.6952244e-05,0.23208249
250.2,41.8879,7.6878971e-05,0.2318615
250.3,41.8879,7.6934339e-05,0.23202849
250.4,41.8879,7.671979e-05,0.23138142
250.5,41.8879,7.6666293e-05,0.23122008
250.6,41.8879,7.6508558e-05,0.23074436
250.7,41.8879,7.6389902e-05,0.2303865
250.8,41.8879,7.620694e-05,0.2298347
250.9,41.8879,7.6446024e-05,0.23055576
251,41.8879,7.6332818e-05,0.23021434
251.1,41.8879,7.6631526e-05,0.23111523
251.2,41.8879,7.6313165e-05,0.23015507
251.3,41.8879,7.6145922e-05,0.22965068
251.4,41.8879,7.710504e-05,0.23254331
251.5,41.8879,7.7243407e-05,0.23296062
251.6,41.8879,7.6842464e-05,0.2317514
251.7,41.8879,7.6870521e-05,0.23183602
251.8,41.8879,7.6843166e-05,0.23175352
251.9,41.8879,7.6621938e-05,0.23108631
252,41.8879,7.6490017e-05,0.23068845
252.1,41.8879,7.6533414e-05,0.23081933
252.2,41.8879,7.6330173e-05,0.23020637
252.3,41.8879,7.6406713e-05,0.23043721
252.4,41.8879,7.6728866e-05,0.2314088
252.5,41.8879,7.6375532e-05,0.23034317
252.6,41.8879,7.6394285e-05,0.23039972
252.7,41.8879,7.6246372e-05,0.22995363
252.8,41.8879,7.6057881e-05,0.22938515
252.9,41.8879,7.6273308e-05,0.23003487
253,41.8879,7.6697482e-05,0.23131415
253.1,41.8879,7.6428344e-05,0.23050244
253.2,41.8879,7.6112527e-05,0.22954996
253.3,41.8879,7.6383716e-05,0.23036785
253.4,41.8879,7.6007597e-05,0.2292335
253.5,41.8879,7.5978914e-05,0.229147
253.6,41.8879,7.6282748e-05,0.23006334
253.7,41.8879,7.6750742e-05,0.23147477
253.8,41.8879,7.6722624e-05,0.23138997
253.9,41.8879,7.6583417e-05,0.23097013
254,41.8879,7.6496588e-05,0.23070826
254.1,41.8879,7.648144e-05,0.23066258
254.2,41.8879,7.6674918e-05,0.23124609
254.3,41.8879,7.6387631e-05,0.23037966
254.4,41.8879,7.6369107e-05,0.23032379
254.5,41.8879,7.6209141e-05,0.22984134
254.6,41.8879,7.6221769e-05,0.22987943
254.7,41.8879,7.6334182e-05,0.23021846
254.8,41.8879,7.6159411e-05,0.22969136
254.9,41.8879,7.5901025e-05,0.22891209
255,41.8879,7.6048839e-05,0.22935788
255.1,41.8879,7.6051171e-05,0.22936492
255.2,41.8879,7.6044672e-05,0.22934532
255.3,41.8879,7.6491615e-05,0.23069327
255.4,41.8879,7.6807725e-05,0.23164663
255.5,41.8879,7.629005e-05,0.23008536
255.6,41.8879,7.5833227e-05,0.22870761
255.7,41.8879,7.5961289e-05,0.22909384
255.8,41.8879,7.6133312e-05,0.22961265
255.9,41.8879,7.6073986e-05,0.22943373
256,41.8879,7.6187768e-05,0.22977689
256.1,41.8879,7.6494749e-05,0.23070272
256.2,41.8879,7.6121472e-05,0.22957694
256.3,41.8879,7.7014853e-05,0.23227131
256.4,41.8879,7.6559266e-05,0.2308973
256.5,41.8879,7.5993156e-05,0.22918995
256.6,41.8879,7.6512175e-05,0.23075527
256.7,41.8879,7.5523152e-05,0.22777245
256.8,41.8879,7.5776341e-05,0.22853605
256.9,41.8879,7.6130424e-05,0.22960394
257,41.8879,7.6433979e-05,0.23051944
257.1,41.8879,7.6189862e-05,0.2297832
257.2,41.8879,7.5734887e-05,0.22841103
257.3,41.8879,7.6143722e-05,0.22964404
257.4,41.8879,7.8216748e-05,0.23589614
257.5,41.8879,7.890479e-05,0.23797123
257.6,41.8879,8.0218859e-05,0.24193437
257.7,41.8879,7.9891459e-05,0.24094695
257.8,41.8879,8.0627442e-05,0.24316662
257.9,41.8879,8.091184e-05,0.24402435
258,41.8879,8.0746759e-05,0.24352648
258.1,41.8879,8.0884372e-05,0.24394151
258.2,41.8879,8.1075694e-05,0.24451852
258.3,41.8879,8.1330873e-05,0.24528812
258.4,41.8879,8.1344865e-05,0.24533032
258.5,41.8879,8.1227609e-05,0.24497669
258.6,41.8879,8.1257281e-05,0.24506617
258.7,41.8879,8.1274261e-05,0.24511739
258.8,41.8879,8.1158872e-05,0.24476938
258.9,41.8879,8.1218124e-05,0.24494808
259,41.8879,8.1185963e-05,0.24485109
259.1,41.8879,8.1267169e-05,0.245096
259.2,41.8879,8.1241063e-05,0.24501726
259.3,41.8879,8.1136427e-05,0.24470169
259.4,41.8879,8.1146303e-05,0.24473147
259.5,41.8879,8.1152846e-05,0.2447512
259.6,41.8879,8.1300694e-05,0.2451971
259.7,41.8879,8.1309678e-05,0.2452242
259.8,41.8879,8.1235201e-05,0.24499958
259.9,41.8879,8.1229382e-05,0.24498203
260,41.8879,8.1254511e-05,0.24505782
260.1,41.8879,8.1303823e-05,0.24520654
260.2,41.8879,8.1338899e-05,0.24531233
260.3,41.8879,8.1401508e-05,0.24550115
260.4,41.8879,8.1429087e-05,0.24558433
260.5,41.8879,8.1368232e-05,0.24540079
260.6,41.8879,8.1413791e-05,0.2455382
260.7,41.8879,8.139396e-05,0.24547839
260.8,41.8879,8.1280535e-05,0.24513631
260.9,41.8879,8.1292235e-05,0.24517159
261,41.8879,8.140847e-05,0.24552215
261.1,41.8879,8.1403013e-05,0.24550569
261.2,41.8879,8.1279922e-05,0.24513446
261.3,41.8879,8.1283831e-05,0.24514625
261.4,41.8879,8.1302052e-05,0.2452012
261.5,41.8879,8.1325953e-05,0.24527328
261.6,41.8879,8.1367887e-05,0.24539975
261.7,41.8879,8.1403328e-05,0.24550664
261.8,41.8879,8.1447296e-05,0.24563924
261.9,41.8879,8.1381613e-05,0.24544115
262,41.8879,8.1393609e-05,0.24547733
262.1,41.8879,8.1307626e-05,0.24521801
262.2,41.8879,8.1338631e-05,0.24531152
262.3,41.8879,8.1284641e-05,0.24514869
262.4,41.8879,8.1384051e-05,0.2454485
262.5,41.8879,8.1380253e-05,0.24543705
262.6,41.8879,8.1252161e-05,0.24505073
262.7,41.8879,8.12526e-05,0.24505206
262.8,41.8879,8.1266922e-05,0.24509525
262.9,41.8879,8.1290733e-05,0.24516706
263,41.8879,8.1324784e-05,0.24526976
263.1,41.8879,8.1366946e-05,0.24539692
263.2,41.8879,8.1348681e-05,0.24534183
263.3,41.8879,8.1269149e-05,0.24510197
263.4,41.8879,8.1213361e-05,0.24493371
263.5,41.8879,8.1298745e-05,0.24519123
263.6,41.8879,8.1280731e-05,0.2451369
263.7,41.8879,8.1229249e-05,0.24498163
263.8,41.8879,8.1341192e-05,0.24531924
263.9,41.8879,8.1314146e-05,0.24523767
264,41.8879,8.1150082e-05,0.24474287
264.1,41.8879,8.1242654e-05,0.24502206
264.2,41.8879,8.123857e-05,0.24500974
264.3,41.8879,8.1184744e-05,0.24484741
264.4,41.8879,8.1202008e-05,0.24489947
264.5,41.8879,8.1236654e-05,0.24500396
264.6,41.8879,8.127123e-05,0.24510824
264.7,41.8879,8.1305452e-05,0.24521146
264.8,41.8879,8.1234624e-05,0.24499784
264.9,41.8879,8.1260554e-05,0.24507604
265,41.8879,8.1300535e-05,0.24519663
265.1,41.8879,8.1257192e-05,0.2450659
265.2,41.8879,8.1151502e-05,0.24474715
265.3,41.8879,8.1113137e-05,0.24463145
265.4,41.8879,8.1206701e-05,0.24491363
265.5,41.8879,8.119763e-05,0.24488627
265.6,41.8879,8.1077704e-05,0.24452458
265.7,41.8879,8.1072541e-05,0.24450901
265.8,41.8879,8.1066955e-05,0.24449217
265.9,41.8879,8.1077436e-05,0.24452377
266,41.8879,8.1106884e-05,0.24461259
266.1,41.8879,8.1133106e-05,0.24469167
266.2,41.8879,8.1160066e-05,0.24477298
266.3,41.8879,8.1189407e-05,0.24486147
266.4,41.8879,8.1115257e-05,0.24463784
266.5,41.8879,8.114832e-05,0.24473756
266.6,41.8879,8.1167313e-05,0.24479484
266.7,41.8879,8.1091182e-05,0.24456523
266.8,41.8879,8.113836e-05,0.24470752
266.9,41.8879,8.1134356e-05,0.24469544
267,41.8879,8.1133456e-05,0.24469273
267.1,41.8879,8.1089689e-05,0.24456073
267.2,41.8879,8.0989758e-05,0.24425934
267.3,41.8879,8.0922465e-05,0.24405639
267.4,41.8879,8.1058546e-05,0.2444668
267.5,41.8879,8.1064057e-05,0.24448342
267.6,41.8879,8.1055281e-05,0.24445696
267.7,41.8879,8.106543e-05,0.24448757
267.8,41.8879,8.098633e-05,0.24424901
267.9,41.8879,8.1005652e-05,0.24430728
268,41.8879,8.1028665e-05,0.24437669
268.1,41.8879,8.0993001e-05,0.24426912
268.2,41.8879,8.0889721e-05,0.24395764
268.3,41.8879,8.0889303e-05,0.24395638
268.4,41.8879,8.0841654e-05,0.24381267
268.5,41.8879,8.0832869e-05,0.24378618
268.6,41.8879,8.0852661e-05,0.24384587
268.7,41.8879,8.0863702e-05,0.24387917
268.8,41.8879,8.0876451e-05,0.24391762
268.9,41.8879,8.0896263e-05,0.24397737
269,41.8879,8.0923425e-05,0.24405929
269.1,41.8879,8.0914485e-05,0.24403233
269.2,41.8879,8.0837117e-05,0.24379899
269.3,41.8879,8.0851678e-05,0.2438429
269.4,41.8879,8.086551e-05,0.24388462
269.5,41.8879,8.0876866e-05,0.24391887
269.6,41.8879,8.08697e-05,0.24389726
269.7,41.8879,8.0816376e-05,0.24373643
269.8,41.8879,8.0689941e-05,0.24335512
269.9,41.8879,8.0662517e-05,0.24327241
270,41.8879,8.0620897e-05,0.24314688
270.1,41.8879,8.0688486e-05,0.24335073
270.2,41.8879,8.0696991e-05,0.24337638
270.3,41.8879,8.0629646e-05,0.24317327
270.4,41.8879,8.06791e-05,0.24332242
270.5,41.8879,8.0699029e-05,0.24338253
270.6,41.8879,8.0640808e-05,0.24320693
270.7,41.8879,8.0708347e-05,0.24341063
270.8,41.8879,8.0702713e-05,0.24339364
270.9,41.8879,8.0714678e-05,0.24342972
271,41.8879,8.0661722e-05,0.24327001
271.1,41.8879,8.0558617e-05,0.24295905
271.2,41.8879,8.0525433e-05,0.24285897
271.3,41.8879,8.0502894e-05,0.242791
271.4,41.8879,8.0508338e-05,0.24280742
271.5,41.8879,8.0522619e-05,0.24285049
271.6,41.8879,8.0530014e-05,0.24287279
271.7,41.8879,8.0548702e-05,0.24292915
271.8,41.8879,8.0480493e-05,0.24272344
271.9,41.8879,8.0407887e-05,0.24250446
272,41.8879,8.0412221e-05,0.24251753
272.1,41.8879,8.0523229e-05,0.24285233
272.2,41.8879,8.0518512e-05,0.2428381
272.3,41.8879,8.051632e-05,0.24283149
272.4,41.8879,8.0506361e-05,0.24280145
272.5,41.8879,8.0498957e-05,0.24277912
272.6,41.8879,8.0480436e-05,0.24272327
272.7,41.8879,8.0469926e-05,0.24269157
272.8,41.8879,8.046178e-05,0.242667
272.9,41.8879,8.0377149e-05,0.24241176
273,41.8879,8.0380492e-05,0.24242184
273.1,41.8879,8.0297714e-05,0.24217219
273.2,41.8879,8.0236035e-05,0.24198617
273.3,41.8879,8.0216077e-05,0.24192598
273.4,41.8879,8.0353584e-05,0.24234069
273.5,41.8879,8.0347966e-05,0.24232375
273.6,41.8879,8.0325418e-05,0.24225574
273.7,41.8879,8.0340106e-05,0.24230004
273.8,41.8879,8.0311244e-05,0.24221299
273.9,41.8879,8.0307279e-05,0.24220104
274,41.8879,8.0305353e-05,0.24219523
274.1,41.8879,8.0195456e-05,0.24186378
274.2,41.8879,8.0182113e-05,0.24182354
274.3,41.8879,8.0124414e-05,0.24164953
274.4,41.8879,8.0077123e-05,0.2415069
274.5,41.8879,8.0136289e-05,0.24168534
274.6,41.8879,8.0188946e-05,0.24184415
274.7,41.8879,8.0107436e-05,0.24159832
274.8,41.8879,8.0084525e-05,0.24152923
274.9,41.8879,8.0093347e-05,0.24155583
275,41.8879,8.0046781e-05,0.24141539
275.1,41.8879,7.9952271e-05,0.24113036
275.2,41.8879,7.9976269e-05,0.24120273
275.3,41.8879,7.9954238e-05,0.24113629
275.4,41.8879,7.9889481e-05,0.24094099
275.5,41.8879,7.9962484e-05,0.24116116
275.6,41.8879,8.0019993e-05,0.2413346
275.7,41.8879,8.0000807e-05,0.24127674
275.8,41.8879,7.9901413e-05,0.24097697
275.9,41.8879,7.9836619e-05,0.24078156
276,41.8879,7.9836555e-05,0.24078136
276.1,41.8879,7.995274e-05,0.24113177
276.2,41.8879,7.9900239e-05,0.24097343
276.3,41.8879,7.9936127e-05,0.24108167
276.4,41.8879,7.9925612e-05,0.24104996
276.5,41.8879,7.9931945e-05,0.24106905
276.6,41.8879,7.9819697e-05,0.24073052
276.7,41.8879,7.973337e-05,0.24047017
276.8,41.8879,7.9701964e-05,0.24037545
276.9,41.8879,7.983897e-05,0.24078865
277,41.8879,7.9824612e-05,0.24074535
277.1,41.8879,7.9759488e-05,0.24054894
277.2,41.8879,7.9655897e-05,0.24023651
277.3,41.8879,7.9627507e-05,0.24015089
277.4,41.8879,7.9698267e-05,0.2403643
277.5,41.8879,7.972977e-05,0.24045931
277.6,41.8879,7.9607347e-05,0.24009009
277.7,41.8879,7.9537114e-05,0.23987827
277.8,41.8879,7.9515291e-05,0.23981246
277.9,41.8879,7.9683798e-05,0.24032066
278,41.8879,7.9572463e-05,0.23998488
278.1,41.8879,7.9512443e-05,0.23980387
278.2,41.8879,7.9519374e-05,0.23982477
278.3,41.8879,7.9689802e-05,0.24033877
278.4,41.8879,7.9557071e-05,0.23993846
278.5,41.8879,7.9448195e-05,0.2396101
278.6,41.8879,7.940385e-05,0.23947636
278.7,41.8879,7.9480539e-05,0.23970765
278.8,41.8879,7.9488955e-05,0.23973303
278.9,41.8879,7.9363125e-05,0.23935353
279,41.8879,7.9289017e-05,0.23913003
279.1,41.8879,7.9333785e-05,0.23926505
279.2,41.8879,7.9374392e-05,0.23938751
279.3,41.8879,7.934787e-05,0.23930753
279.4,41.8879,7.9353875e-05,0.23932564
279.5,41.8879,7.9221165e-05,0.23892539
279.6,41.8879,7.9161963e-05,0.23874684
279.7,41.8879,7.9242593e-05,0.23899002
279.8,41.8879,7.9221321e-05,0.23892586
279.9,41.8879,7.9052887e-05,0.23841788
280,41.8879,7.8804653e-05,0.23766922
280.1,41.8879,7.8373817e-05,0.23636985
280.2,41.8879,7.8440849e-05,0.23657202
280.3,41.8879,7.8331058e-05,0.23624089
280.4,41.8879,7.8585884e-05,0.23700943
280.5,41.8879,7.8406811e-05,0.23646936
280.6,41.8879,7.8380441e-05,0.23638983
280.7,41.8879,7.8480817e-05,0.23669256
280.8,41.8879,7.8299751e-05,0.23614647
280.9,41.8879,7.8340664e-05,0.23626987
281,41.8879,7.8424643e-05,0.23652314
281.1,41.8879,7.8297029e-05,0.23613826
281.2,41.8879,7.8279999e-05,0.2360869
281.3,41.8879,7.8428967e-05,0.23653618
281.4,41.8879,7.8332745e-05,0.23624598
281.5,41.8879,7.8218495e-05,0.23590141
281.6,41.8879,7.8204803e-05,0.23586012
281.7,41.8879,7.8394055e-05,0.23643089
281.8,41.8879,7.8228523e-05,0.23593165
281.9,41.8879,7.820476e-05,0.23585999
282,41.8879,7.8403065e-05,0.23645806
282.1,41.8879,7.8235822e-05,0.23595367
282.2,41.8879,7.8175812e-05,0.23577268
282.3,41.8879,7.8336083e-05,0.23625605
282.4,41.8879,7.8329984e-05,0.23623765
282.5,41.8879,7.8209965e-05,0.23587569
282.6,41.8879,7.8283022e-05,0.23609602
282.7,41.8879,7.8263483e-05,0.23603709
282.8,41.8879,7.8135331e-05,0.2356506
282.9,41.8879,7.8099206e-05,0.23554164
283,41.8879,7.816194e-05,0.23573085
283.1,41.8879,7.8191364e-05,0.23581959
283.2,41.8879,7.8012176e-05,0.23527917
283.3,41.8879,7.8063564e-05,0.23543415
283.4,41.8879,7.817722e-05,0.23577693
283.5,41.8879,7.8223126e-05,0.23591538
283.6,41.8879,7.8091865e-05,0.2355195
283.7,41.8879,7.8071308e-05,0.23545751
283.8,41.8879,7.8184763e-05,0.23579968
283.9,41.8879,7.7985171e-05,0.23519772
284,41.8879,7.7971755e-05,0.23515726
284.1,41.8879,7.8076432e-05,0.23547296
284.2,41.8879,7.7975784e-05,0.23516941
284.3,41.8879,7.7979386e-05,0.23518028
284.4,41.8879,7.8335246e-05,0.23625352
284.5,41.8879,7.7960853e-05,0.23512438
284.6,41.8879,7.7842799e-05,0.23476834
284.7,41.8879,7.8087652e-05,0.2355068
284.8,41.8879,7.7872054e-05,0.23485657
284.9,41.8879,7.7841977e-05,0.23476586
285,41.8879,7.7812314e-05,0.2346764
285.1,41.8879,7.7888381e-05,0.23490581
285.2,41.8879,7.7826139e-05,0.23471809
285.3,41.8879,7.7883422e-05,0.23489085
285.4,41.8879,7.7802466e-05,0.2346467
285.5,41.8879,7.7749465e-05,0.23448685
285.6,41.8879,7.7788112e-05,0.23460341
285.7,41.8879,7.7932972e-05,0.2350403
285.8,41.8879,7.7660102e-05,0.23421734
285.9,41.8879,7.7775407e-05,0.23456509
286,41.8879,7.7944569e-05,0.23507527
286.1,41.8879,7.8145451e-05,0.23568112
286.2,41.8879,7.7913931e-05,0.23498287
286.3,41.8879,7.7769046e-05,0.2345459
286.4,41.8879,7.7848916e-05,0.23478679
286.5,41.8879,7.7675211e-05,0.23426291
286.6,41.8879,7.7775692e-05,0.23456595
286.7,41.8879,7.7973244e-05,0.23516175
286.8,41.8879,7.7982834e-05,0.23519068
286.9,41.8879,7.7725109e-05,0.2344134
287,41.8879,7.7815017e-05,0.23468455
287.1,41.8879,7.77799e-05,0.23457864
287.2,41.8879,7.7750164e-05,0.23448896
287.3,41.8879,7.7494098e-05,0.23371668
287.4,41.8879,7.7619519e-05,0.23409494
287.5,41.8879,7.8013199e-05,0.23528225
287.6,41.8879,7.7684299e-05,0.23429031
287.7,41.8879,7.7414299e-05,0.23347601
287.8,41.8879,7.7512163e-05,0.23377117
287.9,41.8879,7.7466311e-05,0.23363288
288,41.8879,7.7591154e-05,0.2340094
288.1,41.8879,7.7418401e-05,0.23348839
288.2,41.8879,7.7527177e-05,0.23381645
288.3,41.8879,7.8043866e-05,0.23537474
288.4,41.8879,7.7686076e-05,0.23429567
288.5,41.8879,7.766925e-05,0.23424493
288.6,41.8879,7.7489371e-05,0.23370243
288.7,41.8879,7.7418213e-05,0.23348782
288.8,41.8879,7.7639391e-05,0.23415487
288.9,41.8879,7.7534582e-05,0.23383878
289,41.8879,7.755701e-05,0.23390642
289.1,41.8879,7.7787266e-05,0.23460085
289.2,41.8879,7.7428727e-05,0.23351953
289.3,41.8879,7.7824081e-05,0.23471189
289.4,41.8879,7.7448101e-05,0.23357796
289.5,41.8879,7.736821e-05,0.23333701
289.6,41.8879,7.7292645e-05,0.23310911
289.7,41.8879,7.7392995e-05,0.23341176
289.8,41.8879,7.7497172e-05,0.23372595
289.9,41.8879,7.7607599e-05,0.23405899
290,41.8879,7.7705026e-05,0.23435283
290.1,41.8879,7.789216e-05,0.23491721
290.2,41.8879,7.7321484e-05,0.23319609
290.3,41.8879,7.7506048e-05,0.23375272
290.4,41.8879,7.7934029e-05,0.23504348
290.5,41.8879,7.7671796e-05,0.23425261
290.6,41.8879,7.7500387e-05,0.23373565
290.7,41.8879,7.7307106e-05,0.23315273
290.8,41.8879,7.7291419e-05,0.23310542
290.9,41.8879,7.7439525e-05,0.23355209
291,41.8879,7.7607697e-05,0.23405929
291.1,41.8879,7.7326338e-05,0.23321073
291.2,41.8879,7.7133704e-05,0.23262976
291.3,41.8879,7.7373169e-05,0.23335197
291.4,41.8879,7.7587117e-05,0.23399722
291.5,41.8879,7.7650295e-05,0.23418776
291.6,41.8879,7.7569946e-05,0.23394543
291.7,41.8879,7.7293981e-05,0.23311314
291.8,41.8879,7.7219541e-05,0.23288864
291.9,41.8879,7.7350566e-05,0.2332838
292,41.8879,7.7426927e-05,0.2335141
292.1,41.8879,7.7286112e-05,0.23308941
292.2,41.8879,7.7244001e-05,0.23296241
292.3,41.8879,7.6998515e-05,0.23222204
292.4,41.8879,7.7218e-05,0.23288399
292.5,41.8879,7.7444767e-05,0.2335679
292.6,41.8879,7.7200935e-05,0.23283252
292.7,41.8879,7.7379385e-05,0.23337072
292.8,41.8879,7.7005534e-05,0.23224321
292.9,41.8879,7.7276071e-05,0.23305913
293,41.8879,7.719939e-05,0.23282786
293.1,41.8879,7.7509937e-05,0.23376445
293.2,41.8879,7.7256329e-05,0.23299959
293.3,41.8879,7.7349495e-05,0.23328057
293.4,41.8879,7.7075097e-05,0.23245301
293.5,41.8879,7.7248714e-05,0.23297662
293.6,41.8879,7.7016206e-05,0.23227539
293.7,41.8879,7.7252253e-05,0.23298729
293.8,41.8879,7.7641445e-05,0.23416107
293.9,41.8879,7.7218327e-05,0.23288498
294,41.8879,7.713894e-05,0.23264555
294.1,41.8879,7.7028968e-05,0.23231388
294.2,41.8879,7.7296694e-05,0.23312132
294.3,41.8879,7.6883055e-05,0.23187382
294.4,41.8879,7.678093e-05,0.23156582
294.5,41.8879,7.6875891e-05,0.23185221
294.6,41.8879,7.7026278e-05,0.23230577
294.7,41.8879,7.6986015e-05,0.23218434
294.8,41.8879,7.7254047e-05,0.2329927
294.9,41.8879,7.7091125e-05,0.23250134
295,41.8879,7.7154941e-05,0.23269381
295.1,41.8879,7.696588e-05,0.23212361
295.2,41.8879,7.7383136e-05,0.23338203
295.3,41.8879,7.7054647e-05,0.23239133
295.4,41.8879,7.7219336e-05,0.23288802
295.5,41.8879,7.6894528e-05,0.23190842
295.6,41.8879,7.6845212e-05,0.23175969
295.7,41.8879,7.7033691e-05,0.23232813
295.8,41.8879,7.7108401e-05,0.23255345
295.9,41.8879,7.7458775e-05,0.23361015
296,41.8879,7.7339813e-05,0.23325137
296.1,41.8879,7.7351879e-05,0.23328776
296.2,41.8879,7.6937386e-05,0.23203768
296.3,41.8879,7.6971901e-05,0.23214177
296.4,41.8879,7.6760318e-05,0.23150365
296.5,41.8879,7.7218665e-05,0.23288599
296.6,41.8879,7.7044173e-05,0.23235974
296.7,41.8879,7.6697851e-05,0.23131526
296.8,41.8879,7.6858804e-05,0.23180068
296.9,41.8879,7.6845556e-05,0.23176073
297,41.8879,7.6809369e-05,0.23165159
297.1,41.8879,7.6939747e-05,0.2320448
297.2,41.8879,7.6833362e-05,0.23172395
297.3,41.8879,7.6863457e-05,0.23181471
297.4,41.8879,7.6681138e-05,0.23126485
297.5,41.8879,7.7181038e-05,0.23277252
297.6,41.8879,7.7045976e-05,0.23236518
297.7,41.8879,7.7207112e-05,0.23285115
297.8,41.8879,7.653449e-05,0.23082257
297.9,41.8879,7.6707111e-05,0.23134319
298,41.8879,7.6941672e-05,0.2320506
298.1,41.8879,7.6901229e-05,0.23192863
298.2,41.8879,7.6795552e-05,0.23160992
298.3,41.8879,7.6558028e-05,0.23089356
298.4,41.8879,7.7051684e-05,0.23238239
298.5,41.8879,7.669011e-05,0.23129191
298.6,41.8879,7.6807685e-05,0.23164651
298.7,41.8879,7.6574412e-05,0.23094297
298.8,41.8879,7.6676088e-05,0.23124962
298.9,41.8879,7.6778845e-05,0.23155953
299,41.8879,7.6679748e-05,0.23126066
299.1,41.8879,7.6974446e-05,0.23214945
299.2,41.8879,7.6900361e-05,0.23192601
299.3,41.8879,7.6906792e-05,0.23194541
299.4,41.8879,7.6706532e-05,0.23134144
299.5,41.8879,7.6269459e-05,0.23002326
299.6,41.8879,7.6395925e-05,0.23040467
299.7,41.8879,7.6770737e-05,0.23153508
299.8,41.8879,7.7107269e-05,0.23255003
299.9,41.8879,7.6607789e-05,0.23104364
300,41.8879,7.6777695e-05,0.23155606
