time_s,omega_meas_rad_s,Mz_wedge_Nm,P_visc_full_W
0.1,20.944,3.6782026e-05,0.055466118
0.2,20.944,2.7545573e-05,0.041537843
0.3,20.944,2.4194374e-05,0.036484342
0.4,20.944,2.2432816e-05,0.033827969
0.5,20.944,2.1859425e-05,0.032963314
0.6,20.944,2.1696301e-05,0.032717327
0.7,20.944,2.1897816e-05,0.033021207
0.8,20.944,2.250615e-05,0.033938555
0.9,20.944,2.6320044e-05,0.039689784
1,20.944,3.2863937e-05,0.049557765
1.1,20.944,3.5282545e-05,0.053204948
1.2,20.944,3.4550769e-05,0.052101454
1.3,20.944,3.4846962e-05,0.052548103
1.4,20.944,3.4542395e-05,0.052088826
1.5,20.944,3.4585678e-05,0.052154095
1.6,20.944,3.4625913e-05,0.052214769
1.7,20.944,3.4842277e-05,0.052541039
1.8,20.944,3.5192847e-05,0.053069687
1.9,20.944,3.5387551e-05,0.053363295
2,20.944,3.5292746e-05,0.053220331
2.1,20.944,3.5316998e-05,0.053256903
2.2,20.944,3.5247645e-05,0.05315232
2.3,20.944,3.5318795e-05,0.053259613
2.4,20.944,3.5293564e-05,0.053221565
2.5,20.944,3.5462469e-05,0.053476269
2.6,20.944,3.5419601e-05,0.053411625
2.7,20.944,3.540245e-05,0.053385761
2.8,20.944,3.534703e-05,0.05330219
2.9,20.944,3.5238529e-05,0.053138574
3,20.944,3.5206067e-05,0.053089622
3.1,20.944,3.516279e-05,0.053024362
3.2,20.944,3.5362231e-05,0.053325112
3.3,20.944,3.5406751e-05,0.053392247
3.4,20.944,3.5387029e-05,0.053362508
3.5,20.944,3.5578487e-05,0.053651219
3.6,20.944,3.5539075e-05,0.053591788
3.7,20.944,3.5559538e-05,0.053622645
3.8,20.944,3.5598026e-05,0.053680683
3.9,20.944,3.5584252e-05,0.053659914
4,20.944,3.5586327e-05,0.053663042
4.1,20.944,3.5603696e-05,0.053689235
4.2,20.944,3.5601612e-05,0.053686092
4.3,20.944,3.5594723e-05,0.053675703
4.4,20.944,3.5611076e-05,0.053700364
4.5,20.944,3.5599412e-05,0.053682774
4.6,20.944,3.5603971e-05,0.053689648
4.7,20.944,3.5598287e-05,0.053681078
4.8,20.944,3.5588876e-05,0.053666887
4.9,20.944,3.5601801e-05,0.053686377
5,20.944,3.5585995e-05,0.053662542
5.1,20.944,3.558017e-05,0.053653758
5.2,20.944,3.5591659e-05,0.053671083
5.3,20.944,3.5568885e-05,0.05363674
5.4,20.944,3.5582772e-05,0.053657682
5.5,20.944,3.556106e-05,0.05362494
5.6,20.944,3.5557594e-05,0.053619714
5.7,20.944,3.5557365e-05,0.053619368
5.8,20.944,3.5544709e-05,0.053600284
5.9,20.944,3.554351e-05,0.053598475
6,20.944,3.5520144e-05,0.05356324
6.1,20.944,3.5518473e-05,0.05356072
6.2,20.944,3.5522696e-05,0.053567089
6.3,20.944,3.5493788e-05,0.053523497
6.4,20.944,3.5485782e-05,0.053511424
6.5,20.944,3.547129e-05,0.05348957
6.6,20.944,3.5438383e-05,0.053439947
6.7,20.944,3.5401521e-05,0.053384361
6.8,20.944,3.5333313e-05,0.053281505
6.9,20.944,3.52604e-05,0.053171555
7,20.944,3.5146646e-05,0.053000017
7.1,20.944,3.524005e-05,0.053140868
7.2,20.944,3.5220885e-05,0.053111967
7.3,20.944,3.5357658e-05,0.053318217
7.4,20.944,3.5339199e-05,0.053290381
7.5,20.944,3.5349276e-05,0.053305577
7.6,20.944,3.5372806e-05,0.053341059
7.7,20.944,3.5359279e-05,0.053320661
7.8,20.944,3.5364985e-05,0.053329266
7.9,20.944,3.5379271e-05,0.053350809
8,20.944,3.5361519e-05,0.053324039
8.1,20.944,3.5370634e-05,0.053337785
8.2,20.944,3.5378148e-05,0.053349115
8.3,20.944,3.5362106e-05,0.053324924
8.4,20.944,3.5371776e-05,0.053339506
8.5,20.944,3.5373264e-05,0.05334175
8.6,20.944,3.5359557e-05,0.053321081
8.7,20.944,3.5373222e-05,0.053341686
8.8,20.944,3.5356918e-05,0.053317101
8.9,20.944,3.5352285e-05,0.053310114
9,20.944,3.5363646e-05,0.053327247
9.1,20.944,3.5339701e-05,0.053291139
9.2,20.944,3.5341758e-05,0.05329424
9.3,20.944,3.5345894e-05,0.053300477
9.4,20.944,3.5329535e-05,0.053275808
9.5,20.944,3.5339145e-05,0.053290299
9.6,20.944,3.5315288e-05,0.053254324
9.7,20.944,3.5321647e-05,0.053263913
9.8,20.944,3.5309737e-05,0.053245954
9.9,20.944,3.5296699e-05,0.053226293
10,20.944,3.5308057e-05,0.053243421
10.1,20.944,3.5286579e-05,0.053211033
10.2,20.944,3.5276356e-05,0.053195615
10.3,20.944,3.5288647e-05,0.05321415
10.4,20.944,3.5269461e-05,0.053185218
10.5,20.944,3.5259124e-05,0.053169631
10.6,20.944,3.5254566e-05,0.053162758
10.7,20.944,3.5238785e-05,0.05313896
10.8,20.944,3.5244206e-05,0.053147135
10.9,20.944,3.5221111e-05,0.053112308
11,20.944,3.5228642e-05,0.053123665
11.1,20.944,3.5204284e-05,0.053086934
11.2,20.944,3.5192628e-05,0.053069357
11.3,20.944,3.5203977e-05,0.053086471
11.4,20.944,3.5178972e-05,0.053048764
11.5,20.944,3.5160367e-05,0.053020708
11.6,20.944,3.516042e-05,0.053020788
11.7,20.944,3.515553e-05,0.053013414
11.8,20.944,3.5141576e-05,0.052992372
11.9,20.944,3.5133609e-05,0.052980357
12,20.944,3.5120783e-05,0.052961017
12.1,20.944,3.5113595e-05,0.052950178
12.2,20.944,3.5099732e-05,0.052929272
12.3,20.944,3.509067e-05,0.052915607
12.4,20.944,3.5073741e-05,0.052890079
12.5,20.944,3.5067307e-05,0.052880377
12.6,20.944,3.5041272e-05,0.052841117
12.7,20.944,3.5048231e-05,0.05285161
12.8,20.944,3.5016053e-05,0.052803087
12.9,20.944,3.4987723e-05,0.052760366
13,20.944,3.4967481e-05,0.052729843
13.1,20.944,3.4905304e-05,0.052636082
13.2,20.944,3.4847049e-05,0.052548235
13.3,20.944,3.4746047e-05,0.052395926
13.4,20.944,3.4643861e-05,0.052241834
13.5,20.944,3.4735377e-05,0.052379837
13.6,20.944,3.4675513e-05,0.052289565
13.7,20.944,3.4819448e-05,0.052506614
13.8,20.944,3.4800685e-05,0.052478319
13.9,20.944,3.4803684e-05,0.052482842
14,20.944,3.4808381e-05,0.052489924
14.1,20.944,3.4815646e-05,0.052500881
14.2,20.944,3.4804733e-05,0.052484424
14.3,20.944,3.4818671e-05,0.052505442
14.4,20.944,3.4799433e-05,0.052476432
14.5,20.944,3.4814249e-05,0.052498774
14.6,20.944,3.4797966e-05,0.052474219
14.7,20.944,3.4789458e-05,0.052461389
14.8,20.944,3.4799142e-05,0.052475992
14.9,20.944,3.478178e-05,0.052449812
15,20.944,3.4794927e-05,0.052469636
15.1,20.944,3.4775931e-05,0.052440992
15.2,20.944,3.4762893e-05,0.05242133
15.3,20.944,3.4769193e-05,0.05243083
15.4,20.944,3.4759063e-05,0.052415555
15.5,20.944,3.4743861e-05,0.052392631
15.6,20.944,3.4747265e-05,0.052397764
15.7,20.944,3.4744454e-05,0.052393524
15.8,20.944,3.47237e-05,0.052362228
15.9,20.944,3.4729414e-05,0.052370845
16,20.944,3.4717963e-05,0.052353578
16.1,20.944,3.4700267e-05,0.052326892
16.2,20.944,3.4705396e-05,0.052334627
16.3,20.944,3.4693139e-05,0.052316144
16.4,20.944,3.4676008e-05,0.05229031
16.5,20.944,3.4684967e-05,0.052303821
16.6,20.944,3.4663708e-05,0.052271762
16.7,20.944,3.4651499e-05,0.052253352
16.8,20.944,3.4663548e-05,0.052271522
16.9,20.944,3.4642618e-05,0.05223996
17,20.944,3.4623644e-05,0.052211347
17.1,20.944,3.4631613e-05,0.052223364
17.2,20.944,3.4606913e-05,0.052186117
17.3,20.944,3.4596617e-05,0.052170591
17.4,20.944,3.4599998e-05,0.052175689
17.5,20.944,3.4573186e-05,0.052135259
17.6,20.944,3.4566521e-05,0.052125208
17.7,20.944,3.4569936e-05,0.052130358
17.8,20.944,3.4540186e-05,0.052085495
17.9,20.944,3.4537045e-05,0.052080758
18,20.944,3.4534633e-05,0.052077121
18.1,20.944,3.4509719e-05,0.052039552
18.2,20.944,3.4516228e-05,0.052049368
18.3,20.944,3.4485602e-05,0.052003184
18.4,20.944,3.4493752e-05,0.052015474
18.5,20.944,3.4469118e-05,0.051978327
18.6,20.944,3.4464644e-05,0.05197158
18.7,20.944,3.4447569e-05,0.051945832
18.8,20.944,3.442774e-05,0.05191593
18.9,20.944,3.4432169e-05,0.051922609
19,20.944,3.4404424e-05,0.051880771
19.1,20.944,3.4392516e-05,0.051862814
19.2,20.944,3.4390051e-05,0.051859097
19.3,20.944,3.4380645e-05,0.051844913
19.4,20.944,3.4366339e-05,0.05182334
19.5,20.944,3.4355664e-05,0.051807242
19.6,20.944,3.4338836e-05,0.051781865
19.7,20.944,3.4329846e-05,0.051768309
19.8,20.944,3.4311946e-05,0.051741317
19.9,20.944,3.4302567e-05,0.051727174
20,20.944,3.4275718e-05,0.051686687
20.1,20.944,3.4276451e-05,0.051687791
20.2,20.944,3.4246919e-05,0.051643257
20.3,20.944,3.4236853e-05,0.051628078
20.4,20.944,3.4202573e-05,0.051576386
20.5,20.944,3.417862e-05,0.051540265
20.6,20.944,3.4128482e-05,0.051464659
20.7,20.944,3.4059048e-05,0.051359955
20.8,20.944,3.3994194e-05,0.051262157
20.9,20.944,3.386863e-05,0.051072811
21,20.944,3.3880891e-05,0.0510913
21.1,20.944,3.3858391e-05,0.05105737
21.2,20.944,3.3950751e-05,0.051196646
21.3,20.944,3.3989273e-05,0.051254737
21.4,20.944,3.395481e-05,0.051202768
21.5,20.944,3.3963859e-05,0.051216412
21.6,20.944,3.3981399e-05,0.051242863
21.7,20.944,3.3964333e-05,0.051217127
21.8,20.944,3.3959043e-05,0.05120915
21.9,20.944,3.3969384e-05,0.051224744
22,20.944,3.3945547e-05,0.051188798
22.1,20.944,3.3947955e-05,0.05119243
22.2,20.944,3.3951276e-05,0.051197438
22.3,20.944,3.3929166e-05,0.051164097
22.4,20.944,3.3935613e-05,0.051173818
22.5,20.944,3.3931329e-05,0.051167358
22.6,20.944,3.3912328e-05,0.051138705
22.7,20.944,3.3921744e-05,0.051152905
22.8,20.944,3.3900585e-05,0.051120997
22.9,20.944,3.3892644e-05,0.051109023
23,20.944,3.3899429e-05,0.051119255
23.1,20.944,3.3870486e-05,0.051075609
23.2,20.944,3.3873587e-05,0.051080286
23.3,20.944,3.386794e-05,0.051071769
23.4,20.944,3.384648e-05,0.051039408
23.5,20.944,3.3856347e-05,0.051054288
23.6,20.944,3.3832523e-05,0.051018363
23.7,20.944,3.3821766e-05,0.051002141
23.8,20.944,3.3827778e-05,0.051011206
23.9,20.944,3.380035e-05,0.050969846
24,20.944,3.3807354e-05,0.050980409
24.1,20.944,3.3782807e-05,0.050943391
24.2,20.944,3.3769431e-05,0.050923222
24.3,20.944,3.3772642e-05,0.050928064
24.4,20.944,3.3749718e-05,0.050893494
24.5,20.944,3.3755148e-05,0.050901683
24.6,20.944,3.3725327e-05,0.050856715
24.7,20.944,3.3729273e-05,0.050862665
24.8,20.944,3.3708251e-05,0.050830964
24.9,20.944,3.3692865e-05,0.050807762
25,20.944,3.3696049e-05,0.050812564
25.1,20.944,3.3665275e-05,0.050766158
25.2,20.944,3.3662286e-05,0.050761651
25.3,20.944,3.3657083e-05,0.050753804
25.4,20.944,3.362934e-05,0.050711968
25.5,20.944,3.3632349e-05,0.050716506
25.6,20.944,3.3612241e-05,0.050686184
25.7,20.944,3.3595662e-05,0.050661183
25.8,20.944,3.3598677e-05,0.050665729
25.9,20.944,3.356886e-05,0.050620766
26,20.944,3.357538e-05,0.050630598
26.1,20.944,3.3546294e-05,0.050586738
26.2,20.944,3.354195e-05,0.050580188
26.3,20.944,3.3522507e-05,0.050550867
26.4,20.944,3.3501287e-05,0.050518869
26.5,20.944,3.3507132e-05,0.050527683
26.6,20.944,3.3480221e-05,0.050487102
26.7,20.944,3.3478176e-05,0.050484018
26.8,20.944,3.3452899e-05,0.050445901
26.9,20.944,3.344814e-05,0.050438725
27,20.944,3.3428989e-05,0.050409845
27.1,20.944,3.3408606e-05,0.050379109
27.2,20.944,3.3413115e-05,0.050385908
27.3,20.944,3.3378946e-05,0.050334383
27.4,20.944,3.3385456e-05,0.0503442
27.5,20.944,3.3353409e-05,0.050295874
27.6,20.944,3.3344181e-05,0.050281958
27.7,20.944,3.3332258e-05,0.050263979
27.8,20.944,3.3311775e-05,0.05023309
27.9,20.944,3.330022e-05,0.050215666
28,20.944,3.3282474e-05,0.050188905
28.1,20.944,3.3272492e-05,0.050173853
28.2,20.944,3.3248638e-05,0.050137882
28.3,20.944,3.3230746e-05,0.050110902
28.4,20.944,3.3197767e-05,0.05006117
28.5,20.944,3.3183636e-05,0.050039862
28.6,20.944,3.3151257e-05,0.049991034
28.7,20.944,3.3129695e-05,0.04995852
28.8,20.944,3.30422e-05,0.04982658
28.9,20.944,3.2958634e-05,0.049700566
29,20.944,3.2845537e-05,0.049530018
29.1,20.944,3.2823719e-05,0.049497118
29.2,20.944,3.2910351e-05,0.049627757
29.3,20.944,3.290933e-05,0.049626217
29.4,20.944,3.3037308e-05,0.049819203
29.5,20.944,3.2950864e-05,0.049688849
29.6,20.944,3.2967079e-05,0.0497133
29.7,20.944,3.3072279e-05,0.049871939
29.8,20.944,3.3074921e-05,0.049875922
29.9,20.944,3.3131867e-05,0.049961795
30,20.944,3.3117769e-05,0.049940536
30.1,20.944,3.3008055e-05,0.04977509
30.2,20.944,3.2929031e-05,0.049655925
30.3,20.944,3.2972632e-05,0.049721674
30.4,20.944,3.29653e-05,0.049710618
30.5,20.944,3.2918933e-05,0.049640698
30.6,20.944,3.2851264e-05,0.049538656
30.7,20.944,3.2848512e-05,0.049534505
30.8,20.944,3.2891064e-05,0.049598672
30.9,20.944,3.2914566e-05,0.049634113
31,20.944,3.299453e-05,0.049754695
31.1,20.944,3.3082624e-05,0.049887538
31.2,20.944,3.3117009e-05,0.04993939
31.3,20.944,3.3028116e-05,0.049805342
31.4,20.944,3.297494e-05,0.049725155
31.5,20.944,3.2958395e-05,0.049700205
31.6,20.944,3.3154227e-05,0.049995514
31.7,20.944,3.3516279e-05,0.050541476
31.8,20.944,3.3412918e-05,0.050385611
31.9,20.944,3.3608293e-05,0.05068023
32,20.944,3.3658555e-05,0.050756024
32.1,20.944,3.3734542e-05,0.050870609
32.2,20.944,3.3814086e-05,0.05099056
32.3,20.944,3.3847843e-05,0.051041465
32.4,20.944,3.3906138e-05,0.051129372
32.5,20.944,3.3952469e-05,0.051199236
32.6,20.944,3.3976227e-05,0.051235063
32.7,20.944,3.4016254e-05,0.051295422
32.8,20.944,3.4017499e-05,0.0512973
32.9,20.944,3.4040358e-05,0.05133177
33,20.944,3.4061213e-05,0.05136322
33.1,20.944,3.4055237e-05,0.051354207
33.2,20.944,3.4079612e-05,0.051390964
33.3,20.944,3.4061719e-05,0.051363983
33.4,20.944,3.4068e-05,0.051373454
33.5,20.944,3.4080655e-05,0.051392537
33.6,20.944,3.4063888e-05,0.051367253
33.7,20.944,3.4081541e-05,0.051393873
33.8,20.944,3.4063394e-05,0.051366507
33.9,20.944,3.4058134e-05,0.051358576
34,20.944,3.4052881e-05,0.051350655
34.1,20.944,3.4044109e-05,0.051337428
34.2,20.944,3.4039224e-05,0.051330061
34.3,20.944,3.402612e-05,0.051310301
34.4,20.944,3.4023891e-05,0.051306939
34.5,20.944,3.4002931e-05,0.051275331
34.6,20.944,3.4009914e-05,0.051285862
34.7,20.944,3.3981108e-05,0.051242423
34.8,20.944,3.3986474e-05,0.051250515
34.9,20.944,3.3966144e-05,0.051219859
35,20.944,3.3953142e-05,0.051200251
35.1,20.944,3.3955316e-05,0.05120353
35.2,20.944,3.3927189e-05,0.051161116
35.3,20.944,3.3919056e-05,0.051148851
35.4,20.944,3.3914502e-05,0.051141984
35.5,20.944,3.3893137e-05,0.051109765
35.6,20.944,3.3893294e-05,0.051110003
35.7,20.944,3.3865627e-05,0.051068281
35.8,20.944,3.3868977e-05,0.051073333
35.9,20.944,3.3834456e-05,0.051021277
36,20.944,3.383684e-05,0.051024872
36.1,20.944,3.3812639e-05,0.050988378
36.2,20.944,3.3806575e-05,0.050979234
36.3,20.944,3.3783172e-05,0.050943942
36.4,20.944,3.3763381e-05,0.050914098
36.5,20.944,3.3762345e-05,0.050912536
36.6,20.944,3.3726029e-05,0.050857772
36.7,20.944,3.3726975e-05,0.050859199
36.8,20.944,3.3683522e-05,0.050793673
36.9,20.944,3.3646739e-05,0.050738206
37,20.944,3.3620613e-05,0.050698809
37.1,20.944,3.3553863e-05,0.050598151
37.2,20.944,3.3472509e-05,0.050475473
37.3,20.944,3.3382727e-05,0.050340085
37.4,20.944,3.3304126e-05,0.050221556
37.5,20.944,3.3360073e-05,0.050305923
37.6,20.944,3.3334935e-05,0.050268015
37.7,20.944,3.3432237e-05,0.050414743
37.8,20.944,3.3423581e-05,0.050401691
37.9,20.944,3.34115e-05,0.050383473
38,20.944,3.3414415e-05,0.050387869
38.1,20.944,3.3421601e-05,0.050398704
38.2,20.944,3.3395896e-05,0.050359942
38.3,20.944,3.3398359e-05,0.050363657
38.4,20.944,3.3399161e-05,0.050364867
38.5,20.944,3.3374576e-05,0.050327792
38.6,20.944,3.3379059e-05,0.050334553
38.7,20.944,3.3375906e-05,0.050329799
38.8,20.944,3.3353257e-05,0.050295645
38.9,20.944,3.3360847e-05,0.05030709
39,20.944,3.3342792e-05,0.050279863
39.1,20.944,3.3329491e-05,0.050259806
39.2,20.944,3.3336086e-05,0.050269751
39.3,20.944,3.3308451e-05,0.050228078
39.4,20.944,3.3316892e-05,0.050240807
39.5,20.944,3.3292062e-05,0.050203364
39.6,20.944,3.3277697e-05,0.050181702
39.7,20.944,3.3286429e-05,0.05019487
39.8,20.944,3.3254308e-05,0.050146433
39.9,20.944,3.3250177e-05,0.050140204
40,20.944,3.3245106e-05,0.050132556
40.1,20.944,3.3216942e-05,0.050090086
40.2,20.944,3.3216788e-05,0.050089854
40.3,20.944,3.3208887e-05,0.050077938
40.4,20.944,3.3182395e-05,0.05003799
40.5,20.944,3.3185795e-05,0.050043117
40.6,20.944,3.3166749e-05,0.050014397
40.7,20.944,3.314527e-05,0.049982007
40.8,20.944,3.3151058e-05,0.049990735
40.9,20.944,3.312395e-05,0.049949856
41,20.944,3.3121084e-05,0.049945534
41.1,20.944,3.3100888e-05,0.049915079
41.2,20.944,3.3079666e-05,0.049883078
41.3,20.944,3.3083969e-05,0.049889567
41.4,20.944,3.3056037e-05,0.049847446
41.5,20.944,3.3050866e-05,0.049839649
41.6,20.944,3.303212e-05,0.04981138
41.7,20.944,3.3009159e-05,0.049776755
41.8,20.944,3.3013503e-05,0.049783306
41.9,20.944,3.298545e-05,0.049741002
42,20.944,3.29694e-05,0.049716801
42.1,20.944,3.297289e-05,0.049722063
42.2,20.944,3.2937623e-05,0.049668881
42.3,20.944,3.2945656e-05,0.049680995
42.4,20.944,3.2911127e-05,0.049628926
42.5,20.944,3.2890091e-05,0.049597204
42.6,20.944,3.2894574e-05,0.049603965
42.7,20.944,3.2864333e-05,0.049558363
42.8,20.944,3.2860563e-05,0.049552678
42.9,20.944,3.2834694e-05,0.049513667
43,20.944,3.2818867e-05,0.049489801
43.1,20.944,3.2812077e-05,0.049479563
43.2,20.944,3.278496e-05,0.04943867
43.3,20.944,3.2785575e-05,0.049439598
43.4,20.944,3.2749323e-05,0.049384931
43.5,20.944,3.2755514e-05,0.049394267
43.6,20.944,3.2719194e-05,0.049339497
43.7,20.944,3.2707263e-05,0.049321506
43.8,20.944,3.2697335e-05,0.049306536
43.9,20.944,3.2672444e-05,0.049269
44,20.944,3.2670138e-05,0.049265523
44.1,20.944,3.2630972e-05,0.049206461
44.2,20.944,3.2626618e-05,0.049199896
44.3,20.944,3.2613035e-05,0.049179413
44.4,20.944,3.2592525e-05,0.049148485
44.5,20.944,3.2574812e-05,0.049121775
44.6,20.944,3.2553851e-05,0.049090165
44.7,20.944,3.253761e-05,0.049065674
44.8,20.944,3.25177e-05,0.049035651
44.9,20.944,3.2495812e-05,0.049002644
45,20.944,3.245536e-05,0.048941644
45.1,20.944,3.2445476e-05,0.048926739
45.2,20.944,3.2402387e-05,0.048861763
45.3,20.944,3.2361219e-05,0.048799682
45.4,20.944,3.229733e-05,0.04870334
45.5,20.944,3.2194214e-05,0.048547845
45.6,20.944,3.2064297e-05,0.048351934
45.7,20.944,3.2068668e-05,0.048358525
45.8,20.944,3.2082354e-05,0.048379163
45.9,20.944,3.2210174e-05,0.048571911
46,20.944,3.226224e-05,0.048650425
46.1,20.944,3.2272607e-05,0.048666059
46.2,20.944,3.2219912e-05,0.048586597
46.3,20.944,3.2190236e-05,0.048541846
46.4,20.944,3.2290941e-05,0.048693706
46.5,20.944,3.2270733e-05,0.048663233
46.6,20.944,3.2277608e-05,0.0486736
46.7,20.944,3.2254498e-05,0.048638751
46.8,20.944,3.2153748e-05,0.048486823
46.9,20.944,3.2201105e-05,0.048558236
47,20.944,3.2228848e-05,0.048600071
47.1,20.944,3.2239017e-05,0.048615405
47.2,20.944,3.2305941e-05,0.048716325
47.3,20.944,3.2265119e-05,0.048654767
47.4,20.944,3.2146045e-05,0.048475207
47.5,20.944,3.2073414e-05,0.048365682
47.6,20.944,3.2119234e-05,0.048434776
47.7,20.944,3.2116668e-05,0.048430908
47.8,20.944,3.2062539e-05,0.048349283
47.9,20.944,3.2000318e-05,0.048255456
48,20.944,3.197264e-05,0.048213718
48.1,20.944,3.2027141e-05,0.048295904
48.2,20.944,3.2062806e-05,0.048349686
48.3,20.944,3.2209497e-05,0.048570891
48.4,20.944,3.2427394e-05,0.048899473
48.5,20.944,3.2706699e-05,0.049320656
48.6,20.944,3.2910802e-05,0.049628437
48.7,20.944,3.2869901e-05,0.049566758
48.8,20.944,3.3016932e-05,0.049788476
48.9,20.944,3.3036726e-05,0.049818326
49,20.944,3.3080838e-05,0.049884846
49.1,20.944,3.3142047e-05,0.049977146
49.2,20.944,3.3142356e-05,0.049977613
49.3,20.944,3.3185545e-05,0.05004274
49.4,20.944,3.3187545e-05,0.050045755
49.5,20.944,3.3194127e-05,0.050055681
49.6,20.944,3.3221683e-05,0.050097234
49.7,20.944,3.322625e-05,0.050104121
49.8,20.944,3.3224942e-05,0.05010215
49.9,20.944,3.3253191e-05,0.050144748
50,20.944,3.3237732e-05,0.050121436
50.1,20.944,3.3248442e-05,0.050137587
50.2,20.944,3.3256996e-05,0.050150486
50.3,20.944,3.3254433e-05,0.050146621
50.4,20.944,3.3265702e-05,0.050163615
50.5,20.944,3.3258616e-05,0.050152929
50.6,20.944,3.3278023e-05,0.050182193
50.7,20.944,3.3258945e-05,0.050153424
50.8,20.944,3.3276245e-05,0.050179512
50.9,20.944,3.3259949e-05,0.050154939
51,20.944,3.3267368e-05,0.050166127
51.1,20.944,3.3253931e-05,0.050145864
51.2,20.944,3.3246262e-05,0.050134299
51.3,20.944,3.3254877e-05,0.050147291
51.4,20.944,3.3229686e-05,0.050109304
51.5,20.944,3.3227341e-05,0.050105768
51.6,20.944,3.3226231e-05,0.050104093
51.7,20.944,3.3206339e-05,0.050074096
51.8,20.944,3.3212046e-05,0.050082702
51.9,20.944,3.3186157e-05,0.050043664
52,20.944,3.3194167e-05,0.050055741
52.1,20.944,3.3160142e-05,0.050004434
52.2,20.944,3.316424e-05,0.050010613
52.3,20.944,3.3142596e-05,0.049977974
52.4,20.944,3.3138821e-05,0.049972282
52.5,20.944,3.3119741e-05,0.049943509
52.6,20.944,3.30989e-05,0.049912082
52.7,20.944,3.310466e-05,0.049920768
52.8,20.944,3.3075723e-05,0.049877131
52.9,20.944,3.3070366e-05,0.049869054
53,20.944,3.305692e-05,0.049848778
53.1,20.944,3.3026632e-05,0.049803105
53.2,20.944,3.303019e-05,0.04980847
53.3,20.944,3.298935e-05,0.049746885
53.4,20.944,3.2957042e-05,0.049698164
53.5,20.944,3.294393e-05,0.049678393
53.6,20.944,3.2886263e-05,0.049591432
53.7,20.944,3.2834156e-05,0.049512856
53.8,20.944,3.2743542e-05,0.049376213
53.9,20.944,3.2623648e-05,0.049195418
54,20.944,3.2631189e-05,0.049206789
54.1,20.944,3.2605619e-05,0.04916823
54.2,20.944,3.2659985e-05,0.049250212
54.3,20.944,3.2729024e-05,0.049354322
54.4,20.944,3.2686125e-05,0.049289631
54.5,20.944,3.2697925e-05,0.049307425
54.6,20.944,3.271134e-05,0.049327654
54.7,20.944,3.2688559e-05,0.049293301
54.8,20.944,3.2676028e-05,0.049274405
54.9,20.944,3.2680573e-05,0.049281259
55,20.944,3.2680387e-05,0.049280978
55.1,20.944,3.2656849e-05,0.049245484
55.2,20.944,3.2666925e-05,0.049260677
55.3,20.944,3.2646989e-05,0.049230614
55.4,20.944,3.2635632e-05,0.049213489
55.5,20.944,3.2642201e-05,0.049223394
55.6,20.944,3.2610399e-05,0.049175439
55.7,20.944,3.2610638e-05,0.049175798
55.8,20.944,3.2608587e-05,0.049172705
55.9,20.944,3.2586622e-05,0.049139583
56,20.944,3.2596206e-05,0.049154036
56.1,20.944,3.2567743e-05,0.049111114
56.2,20.944,3.2549821e-05,0.049084089
56.3,20.944,3.2556499e-05,0.049094158
56.4,20.944,3.2533267e-05,0.049059126
56.5,20.944,3.2519376e-05,0.049038179
56.6,20.944,3.252417e-05,0.049045408
56.7,20.944,3.2492537e-05,0.048997706
56.8,20.944,3.249767e-05,0.049005447
56.9,20.944,3.2470096e-05,0.048963866
57,20.944,3.2457255e-05,0.048944502
57.1,20.944,3.2461221e-05,0.048950483
57.2,20.944,3.2429631e-05,0.048902846
57.3,20.944,3.2438899e-05,0.048916821
57.4,20.944,3.2411492e-05,0.048875493
57.5,20.944,3.2394116e-05,0.048849291
57.6,20.944,3.2387219e-05,0.048838889
57.7,20.944,3.2361876e-05,0.048800674
57.8,20.944,3.2367604e-05,0.048809311
57.9,20.944,3.2330037e-05,0.048752662
58,20.944,3.2323004e-05,0.048742056
58.1,20.944,3.2315445e-05,0.048730657
58.2,20.944,3.2290605e-05,0.048693199
58.3,20.944,3.2290815e-05,0.048693515
58.4,20.944,3.225513e-05,0.048639705
58.5,20.944,3.224837e-05,0.04862951
58.6,20.944,3.2239831e-05,0.048616634
58.7,20.944,3.221694e-05,0.048582114
58.8,20.944,3.221022e-05,0.04857198
58.9,20.944,3.2182508e-05,0.048530192
59,20.944,3.2185337e-05,0.048534458
59.1,20.944,3.2146545e-05,0.048475962
59.2,20.944,3.214763e-05,0.048477597
59.3,20.944,3.2122135e-05,0.048439152
59.4,20.944,3.2102188e-05,0.048409072
59.5,20.944,3.2110712e-05,0.048421926
59.6,20.944,3.2075029e-05,0.048368118
59.7,20.944,3.2050875e-05,0.048331695
59.8,20.944,3.205052e-05,0.048331159
59.9,20.944,3.2024059e-05,0.048291256
60,20.944,3.2017875e-05,0.048281931
60.1,20.944,3.1990121e-05,0.048240078
60.2,20.944,3.1971929e-05,0.048212645
60.3,20.944,3.1970346e-05,0.048210258
60.4,20.944,3.1935403e-05,0.048157566
60.5,20.944,3.1922829e-05,0.048138605
60.6,20.944,3.1911348e-05,0.048121292
60.7,20.944,3.1888403e-05,0.048086691
60.8,20.944,3.1876257e-05,0.048068375
60.9,20.944,3.1851688e-05,0.048031327
61,20.944,3.1849946e-05,0.0480287
61.1,20.944,3.1807764e-05,0.04796509
61.2,20.944,3.1804655e-05,0.047960402
61.3,20.944,3.1780527e-05,0.047924018
61.4,20.944,3.1755664e-05,0.047886525
61.5,20.944,3.1753291e-05,0.047882946
61.6,20.944,3.1711681e-05,0.047820201
61.7,20.944,3.171527e-05,0.047825612
61.8,20.944,3.1674218e-05,0.047763707
61.9,20.944,3.1641843e-05,0.047714886
62,20.944,3.1628215e-05,0.047694336
62.1,20.944,3.156385e-05,0.047597276
62.2,20.944,3.1517186e-05,0.047526908
62.3,20.944,3.1444803e-05,0.047417756
62.4,20.944,3.1342999e-05,0.04726424
62.5,20.944,3.1246547e-05,0.047118793
62.6,20.944,3.1287474e-05,0.047180509
62.7,20.944,3.1172432e-05,0.047007031
62.8,20.944,3.1384744e-05,0.04732719
62.9,20.944,3.1391147e-05,0.047336845
63,20.944,3.1445947e-05,0.047419482
63.1,20.944,3.1570409e-05,0.047607167
63.2,20.944,3.1612199e-05,0.047670185
63.3,20.944,3.1594654e-05,0.047643728
63.4,20.944,3.1648181e-05,0.047724444
63.5,20.944,3.1927797e-05,0.048146096
63.6,20.944,3.2113914e-05,0.048426755
63.7,20.944,3.2119878e-05,0.048435748
63.8,20.944,3.2255098e-05,0.048639656
63.9,20.944,3.2307122e-05,0.048718106
64,20.944,3.2385901e-05,0.048836903
64.1,20.944,3.2424353e-05,0.048894887
64.2,20.944,3.2458456e-05,0.048946312
64.3,20.944,3.2505775e-05,0.049017669
64.4,20.944,3.2553394e-05,0.049089477
64.5,20.944,3.2568843e-05,0.049112773
64.6,20.944,3.2591436e-05,0.049146843
64.7,20.944,3.262934e-05,0.049204
64.8,20.944,3.2660363e-05,0.049250783
64.9,20.944,3.2661793e-05,0.049252939
65,20.944,3.2689026e-05,0.049294005
65.1,20.944,3.2700904e-05,0.049311918
65.2,20.944,3.2695916e-05,0.049304394
65.3,20.944,3.271863e-05,0.049338647
65.4,20.944,3.2706345e-05,0.049320122
65.5,20.944,3.2703985e-05,0.049316563
65.6,20.944,3.2718507e-05,0.049338462
65.7,20.944,3.2703296e-05,0.049315524
65.8,20.944,3.271715e-05,0.049336415
65.9,20.944,3.2694897e-05,0.049302859
66,20.944,3.2707948e-05,0.049322539
66.1,20.944,3.2688934e-05,0.049293866
66.2,20.944,3.269233e-05,0.049298988
66.3,20.944,3.2680224e-05,0.049280733
66.4,20.944,3.2662783e-05,0.049254432
66.5,20.944,3.2669127e-05,0.049263999
66.6,20.944,3.2657251e-05,0.04924609
66.7,20.944,3.2639882e-05,0.049219898
66.8,20.944,3.2643957e-05,0.049226043
66.9,20.944,3.263589e-05,0.049213877
67,20.944,3.2616792e-05,0.049185078
67.1,20.944,3.2620531e-05,0.049190717
67.2,20.944,3.259995e-05,0.049159682
67.3,20.944,3.2603228e-05,0.049164625
67.4,20.944,3.2574184e-05,0.049120828
67.5,20.944,3.2566092e-05,0.049108624
67.6,20.944,3.2571578e-05,0.049116898
67.7,20.944,3.2537582e-05,0.049065632
67.8,20.944,3.2536565e-05,0.049064099
67.9,20.944,3.253149e-05,0.049056446
68,20.944,3.2503688e-05,0.049014522
68.1,20.944,3.2506905e-05,0.049019373
68.2,20.944,3.2488217e-05,0.048991191
68.3,20.944,3.2469619e-05,0.048963146
68.4,20.944,3.247509e-05,0.048971396
68.5,20.944,3.244315e-05,0.048923232
68.6,20.944,3.2450165e-05,0.04893381
68.7,20.944,3.2421374e-05,0.048890395
68.8,20.944,3.2418308e-05,0.048885771
68.9,20.944,3.2396484e-05,0.048852861
69,20.944,3.2376886e-05,0.048823308
69.1,20.944,3.238047e-05,0.048828712
69.2,20.944,3.2353144e-05,0.048787506
69.3,20.944,3.2351421e-05,0.048784908
69.4,20.944,3.2326916e-05,0.048747955
69.5,20.944,3.2322758e-05,0.048741685
69.6,20.944,3.2298616e-05,0.048705279
69.7,20.944,3.2280837e-05,0.048678469
69.8,20.944,3.2284949e-05,0.048684671
69.9,20.944,3.2249749e-05,0.04863159
70,20.944,3.2256355e-05,0.048641552
70.1,20.944,3.2223415e-05,0.048591878
70.2,20.944,3.2220108e-05,0.048586891
70.3,20.944,3.2194417e-05,0.04854815
70.4,20.944,3.2187321e-05,0.04853745
70.5,20.944,3.216313e-05,0.048500971
70.6,20.944,3.2141268e-05,0.048468003
70.7,20.944,3.2141305e-05,0.048468059
70.8,20.944,3.210275e-05,0.048409919
70.9,20.944,3.2104395e-05,0.048412401
71,20.944,3.2058552e-05,0.048343271
71.1,20.944,3.2017793e-05,0.048281807
71.2,20.944,3.19877e-05,0.048236427
71.3,20.944,3.1934347e-05,0.048155973
71.4,20.944,3.183999e-05,0.048013686
71.5,20.944,3.1753763e-05,0.047883658
71.6,20.944,3.1661341e-05,0.047744289
71.7,20.944,3.1716192e-05,0.047827002
71.8,20.944,3.1660309e-05,0.047742732
71.9,20.944,3.1781013e-05,0.04792475
72,20.944,3.1756861e-05,0.047888331
72.1,20.944,3.1765594e-05,0.047901499
72.2,20.944,3.1746144e-05,0.047872169
72.3,20.944,3.1748651e-05,0.04787595
72.4,20.944,3.1748591e-05,0.047875859
72.5,20.944,3.1723717e-05,0.04783835
72.6,20.944,3.1731821e-05,0.04785057
72.7,20.944,3.1717911e-05,0.047829595
72.8,20.944,3.1699457e-05,0.047801767
72.9,20.944,3.1711952e-05,0.047820609
73,20.944,3.1687755e-05,0.047784121
73.1,20.944,3.1671821e-05,0.047760093
73.2,20.944,3.1682475e-05,0.047776159
73.3,20.944,3.1657121e-05,0.047737925
73.4,20.944,3.1639698e-05,0.047711652
73.5,20.944,3.1649929e-05,0.047727081
73.6,20.944,3.1622794e-05,0.047686161
73.7,20.944,3.1607068e-05,0.047662447
73.8,20.944,3.1612465e-05,0.047670585
73.9,20.944,3.1586155e-05,0.04763091
74,20.944,3.1586037e-05,0.047630733
74.1,20.944,3.1562193e-05,0.047594778
74.2,20.944,3.1566591e-05,0.047601409
74.3,20.944,3.1533279e-05,0.047551175
74.4,20.944,3.1539397e-05,0.047560402
74.5,20.944,3.1512216e-05,0.047519414
74.6,20.944,3.1497756e-05,0.047497609
74.7,20.944,3.150312e-05,0.047505697
74.8,20.944,3.146868e-05,0.047453762
74.9,20.944,3.1474257e-05,0.047462172
75,20.944,3.144504e-05,0.047418114
75.1,20.944,3.142967e-05,0.047394937
75.2,20.944,3.1434651e-05,0.047402448
75.3,20.944,3.1400298e-05,0.047350645
75.4,20.944,3.1404331e-05,0.047356727
75.5,20.944,3.1374208e-05,0.047311302
75.6,20.944,3.1370391e-05,0.047305545
75.7,20.944,3.1349464e-05,0.047273989
75.8,20.944,3.132556e-05,0.047237942
75.9,20.944,3.1331218e-05,0.047246474
76,20.944,3.130048e-05,0.047200122
76.1,20.944,3.1284451e-05,0.047175951
76.2,20.944,3.1288794e-05,0.0471825
76.3,20.944,3.1253354e-05,0.047129057
76.4,20.944,3.1258291e-05,0.047136503
76.5,20.944,3.1219426e-05,0.047077896
76.6,20.944,3.1211472e-05,0.047065902
76.7,20.944,3.1212198e-05,0.047066995
76.8,20.944,3.1174561e-05,0.047010241
76.9,20.944,3.1166086e-05,0.046997461
77,20.944,3.115397e-05,0.046979189
77.1,20.944,3.1134037e-05,0.046949132
77.2,20.944,3.1131329e-05,0.046945048
77.3,20.944,3.1113035e-05,0.04691746
77.4,20.944,3.1099388e-05,0.046896882
77.5,20.944,3.1051039e-05,0.046823974
77.6,20.944,3.1048912e-05,0.046820766
77.7,20.944,3.1049262e-05,0.046821294
77.8,20.944,3.1095385e-05,0.046890845
77.9,20.944,3.1136829e-05,0.046953342
78,20.944,3.1219173e-05,0.047077515
78.1,20.944,3.1286827e-05,0.047179535
78.2,20.944,3.1296182e-05,0.04719364
78.3,20.944,3.1476535e-05,0.047465608
78.4,20.944,3.1809726e-05,0.047968048
78.5,20.944,3.1741353e-05,0.047864945
78.6,20.944,3.1903189e-05,0.048108988
78.7,20.944,3.1947208e-05,0.048175367
78.8,20.944,3.2012486e-05,0.048273804
78.9,20.944,3.2049458e-05,0.048329556
79,20.944,3.2106441e-05,0.048415485
79.1,20.944,3.211829e-05,0.048433354
79.2,20.944,3.2161755e-05,0.048498897
79.3,20.944,3.2176476e-05,0.048521096
79.4,20.944,3.220849e-05,0.048569373
79.5,20.944,3.2222875e-05,0.048591065
79.6,20.944,3.2239308e-05,0.048615844
79.7,20.944,3.2274976e-05,0.048669631
79.8,20.944,3.2269691e-05,0.048661662
79.9,20.944,3.2302052e-05,0.04871046
80,20.944,3.2289079e-05,0.048690897
80.1,20.944,3.2286594e-05,0.048687151
80.2,20.944,3.2306107e-05,0.048716575
80.3,20.944,3.2288848e-05,0.04869055
80.4,20.944,3.2294358e-05,0.048698858
80.5,20.944,3.2279823e-05,0.04867694
80.6,20.944,3.2266962e-05,0.048657546
80.7,20.944,3.2274933e-05,0.048669566
80.8,20.944,3.2240039e-05,0.048616947
80.9,20.944,3.2239404e-05,0.04861599
81,20.944,3.2199751e-05,0.048556193
81.1,20.944,3.2151929e-05,0.04848408
81.2,20.944,3.2115784e-05,0.048429574
81.3,20.944,3.2022882e-05,0.048289482
81.4,20.944,3.1913548e-05,0.04812461
81.5,20.944,3.1914126e-05,0.048125481
81.6,20.944,3.1892206e-05,0.048092426
81.7,20.944,3.1912233e-05,0.048122626
81.8,20.944,3.20091e-05,0.048268698
81.9,20.944,3.1975211e-05,0.048217595
82,20.944,3.1994025e-05,0.048245966
82.1,20.944,3.1988341e-05,0.048237394
82.2,20.944,3.1979045e-05,0.048223376
82.3,20.944,3.1991788e-05,0.048242592
82.4,20.944,3.1969255e-05,0.048208613
82.5,20.944,3.1984912e-05,0.048232224
82.6,20.944,3.1964752e-05,0.048201823
82.7,20.944,3.1955164e-05,0.048187365
82.8,20.944,3.196512e-05,0.048202378
82.9,20.944,3.1943872e-05,0.048170336
83,20.944,3.1955864e-05,0.04818842
83.1,20.944,3.1930875e-05,0.048150738
83.2,20.944,3.1921963e-05,0.048137298
83.3,20.944,3.1930592e-05,0.04815031
83.4,20.944,3.1900251e-05,0.048104557
83.5,20.944,3.1902951e-05,0.04810863
83.6,20.944,3.190216e-05,0.048107437
83.7,20.944,3.1876356e-05,0.048068525
83.8,20.944,3.1882532e-05,0.048077837
83.9,20.944,3.186854e-05,0.048056739
84,20.944,3.1845206e-05,0.048021551
84.1,20.944,3.1845642e-05,0.048022209
84.2,20.944,3.1851108e-05,0.048030451
84.3,20.944,3.1821868e-05,0.047986359
84.4,20.944,3.1819718e-05,0.047983116
84.5,20.944,3.1817129e-05,0.047979213
84.6,20.944,3.1789073e-05,0.047936905
84.7,20.944,3.1792243e-05,0.047941685
84.8,20.944,3.1784416e-05,0.047929882
84.9,20.944,3.1760674e-05,0.04789408
85,20.944,3.1769854e-05,0.047907923
85.1,20.944,3.1742411e-05,0.04786654
85.2,20.944,3.1740911e-05,0.047864277
85.3,20.944,3.1723939e-05,0.047838685
85.4,20.944,3.1700867e-05,0.047803893
85.5,20.944,3.1700316e-05,0.047803062
85.6,20.944,3.169684e-05,0.04779782
85.7,20.944,3.1667319e-05,0.047753304
85.8,20.944,3.1671241e-05,0.047759218
85.9,20.944,3.1653818e-05,0.047732944
86,20.944,3.1625917e-05,0.047690871
86.1,20.944,3.1621806e-05,0.047684671
86.2,20.944,3.1634057e-05,0.047703146
86.3,20.944,3.1600882e-05,0.047653118
86.4,20.944,3.1580687e-05,0.047622666
86.5,20.944,3.1577537e-05,0.047617915
86.6,20.944,3.1573492e-05,0.047611816
86.7,20.944,3.1548177e-05,0.047573641
86.8,20.944,3.1552372e-05,0.047579967
86.9,20.944,3.1519586e-05,0.047530527
87,20.944,3.1527201e-05,0.04754201
87.1,20.944,3.14971e-05,0.047496619
87.2,20.944,3.1493255e-05,0.047490821
87.3,20.944,3.1473245e-05,0.047460646
87.4,20.944,3.1451662e-05,0.0474281
87.5,20.944,3.1459829e-05,0.047440416
87.6,20.944,3.1428822e-05,0.047393658
87.7,20.944,3.1425762e-05,0.047389044
87.8,20.944,3.1404381e-05,0.047356802
87.9,20.944,3.1384979e-05,0.047327544
88,20.944,3.1388956e-05,0.047333541
88.1,20.944,3.1352347e-05,0.047278336
88.2,20.944,3.1349042e-05,0.047273353
88.3,20.944,3.1338497e-05,0.04725745
88.4,20.944,3.1312534e-05,0.0472183
88.5,20.944,3.1322432e-05,0.047233225
88.6,20.944,3.1289201e-05,0.047183114
88.7,20.944,3.1264728e-05,0.047146209
88.8,20.944,3.1266888e-05,0.047149467
88.9,20.944,3.1241855e-05,0.047111718
89,20.944,3.1224949e-05,0.047086224
89.1,20.944,3.1228293e-05,0.047091266
89.2,20.944,3.1192655e-05,0.047037526
89.3,20.944,3.1196043e-05,0.047042635
89.4,20.944,3.1159714e-05,0.046987851
89.5,20.944,3.116807e-05,0.047000453
89.6,20.944,3.1132917e-05,0.046947442
89.7,20.944,3.1122325e-05,0.04693147
89.8,20.944,3.1111565e-05,0.046915245
89.9,20.944,3.10925e-05,0.046886495
90,20.944,3.1081313e-05,0.046869626
90.1,20.944,3.105531e-05,0.046830414
90.2,20.944,3.1055578e-05,0.046830818
90.3,20.944,3.1017283e-05,0.046773071
90.4,20.944,3.1013602e-05,0.04676752
90.5,20.944,3.1000302e-05,0.046747463
90.6,20.944,3.0980887e-05,0.046718186
90.7,20.944,3.096619e-05,0.046696024
90.8,20.944,3.0949665e-05,0.046671104
90.9,20.944,3.0930397e-05,0.046642049
91,20.944,3.0901808e-05,0.046598938
91.1,20.944,3.0896732e-05,0.046591284
91.2,20.944,3.0868723e-05,0.046549046
91.3,20.944,3.0851325e-05,0.04652281
91.4,20.944,3.0857483e-05,0.046532097
91.5,20.944,3.0814467e-05,0.04646723
91.6,20.944,3.0801513e-05,0.046447697
91.7,20.944,3.0736536e-05,0.046349712
91.8,20.944,3.0711216e-05,0.04631153
91.9,20.944,3.0715867e-05,0.046318545
92,20.944,3.0675806e-05,0.046258134
92.1,20.944,3.061676e-05,0.046169094
92.2,20.944,3.0521089e-05,0.046024825
92.3,20.944,3.0397683e-05,0.045838733
92.4,20.944,3.0470153e-05,0.045948015
92.5,20.944,3.0506163e-05,0.046002318
92.6,20.944,3.0650198e-05,0.046219518
92.7,20.944,3.0730632e-05,0.04634081
92.8,20.944,3.0764463e-05,0.046391826
92.9,20.944,3.0716026e-05,0.046318784
93,20.944,3.0657033e-05,0.046229825
93.1,20.944,3.0613385e-05,0.046164004
93.2,20.944,3.0765142e-05,0.04639285
93.3,20.944,3.1195697e-05,0.047042112
93.4,20.944,3.1130036e-05,0.046943098
93.5,20.944,3.1281778e-05,0.04717192
93.6,20.944,3.1377648e-05,0.04731649
93.7,20.944,3.1427783e-05,0.047392091
93.8,20.944,3.1515899e-05,0.047524968
93.9,20.944,3.1546329e-05,0.047570855
94,20.944,3.161581e-05,0.04767563
94.1,20.944,3.1629238e-05,0.047695879
94.2,20.944,3.16613e-05,0.047744227
94.3,20.944,3.1708189e-05,0.047814935
94.4,20.944,3.1717547e-05,0.047829045
94.5,20.944,3.1759293e-05,0.047891997
94.6,20.944,3.1773848e-05,0.047913946
94.7,20.944,3.1815619e-05,0.047976936
94.8,20.944,3.1816384e-05,0.047978089
94.9,20.944,3.1850719e-05,0.048029866
95,20.944,3.1847201e-05,0.048024561
95.1,20.944,3.1849774e-05,0.048028441
95.2,20.944,3.1869154e-05,0.048057664
95.3,20.944,3.1859237e-05,0.04804271
95.4,20.944,3.1880854e-05,0.048075307
95.5,20.944,3.1857644e-05,0.048040307
95.6,20.944,3.1867133e-05,0.048054617
95.7,20.944,3.187156e-05,0.048061292
95.8,20.944,3.1852624e-05,0.048032737
95.9,20.944,3.1865883e-05,0.048052732
96,20.944,3.1856458e-05,0.04803852
96.1,20.944,3.1845141e-05,0.048021454
96.2,20.944,3.1858749e-05,0.048041974
96.3,20.944,3.1832854e-05,0.048002925
96.4,20.944,3.1846638e-05,0.048023711
96.5,20.944,3.1824914e-05,0.047990952
96.6,20.944,3.182784e-05,0.047995365
96.7,20.944,3.1815385e-05,0.047976583
96.8,20.944,3.1797471e-05,0.047949569
96.9,20.944,3.1800952e-05,0.047954818
97,20.944,3.1806633e-05,0.047963385
97.1,20.944,3.1781271e-05,0.047925139
97.2,20.944,3.1770528e-05,0.04790894
97.3,20.944,3.1785021e-05,0.047930794
97.4,20.944,3.1760042e-05,0.047893126
97.5,20.944,3.1750629e-05,0.047878932
97.6,20.944,3.174632e-05,0.047872435
97.7,20.944,3.1721137e-05,0.047834459
97.8,20.944,3.1728836e-05,0.047846069
97.9,20.944,3.171131e-05,0.047819641
98,20.944,3.1695588e-05,0.047795932
98.1,20.944,3.1699193e-05,0.047801369
98.2,20.944,3.1676022e-05,0.047766427
98.3,20.944,3.1680825e-05,0.047773671
98.4,20.944,3.1652446e-05,0.047730876
98.5,20.944,3.164617e-05,0.047721411
98.6,20.944,3.1644625e-05,0.047719083
98.7,20.944,3.1620987e-05,0.047683437
98.8,20.944,3.1628391e-05,0.047694602
98.9,20.944,3.1596778e-05,0.04764693
99,20.944,3.1606129e-05,0.047661031
99.1,20.944,3.1577764e-05,0.047618257
99.2,20.944,3.1575647e-05,0.047615066
99.3,20.944,3.1557151e-05,0.047587175
99.4,20.944,3.1537665e-05,0.047557789
99.5,20.944,3.1546903e-05,0.047571721
99.6,20.944,3.1518762e-05,0.047529285
99.7,20.944,3.1517031e-05,0.047526674
99.8,20.944,3.1496551e-05,0.04749579
99.9,20.944,3.1479027e-05,0.047469365
100,20.944,3.1483652e-05,0.04747634
100.1,20.944,3.1449008e-05,0.047424098
100.2,20.944,3.1449456e-05,0.047424773
100.3,20.944,3.1435383e-05,0.047403552
100.4,20.944,3.1412496e-05,0.047369038
100.5,20.944,3.1417051e-05,0.047375908
100.6,20.944,3.1394707e-05,0.047342214
100.7,20.944,3.1377265e-05,0.047315912
100.8,20.944,3.138284e-05,0.047324318
100.9,20.944,3.1349811e-05,0.047274512
101,20.944,3.1357233e-05,0.047285703
101.1,20.944,3.1325297e-05,0.047237545
101.2,20.944,3.1325431e-05,0.047237747
101.3,20.944,3.1300105e-05,0.047199556
101.4,20.944,3.1298824e-05,0.047197626
101.5,20.944,3.1272875e-05,0.047158495
101.6,20.944,3.1269311e-05,0.04715312
101.7,20.944,3.124686e-05,0.047119265
101.8,20.944,3.1229234e-05,0.047092686
101.9,20.944,3.1234265e-05,0.047100272
102,20.944,3.1199807e-05,0.047048311
102.1,20.944,3.1210112e-05,0.04706385
102.2,20.944,3.1174561e-05,0.047010241
102.3,20.944,3.115335e-05,0.046978255
102.4,20.944,3.1156956e-05,0.046983693
102.5,20.944,3.1130675e-05,0.046944061
102.6,20.944,3.1126015e-05,0.046937035
102.7,20.944,3.1101129e-05,0.046899507
102.8,20.944,3.1081067e-05,0.046869255
102.9,20.944,3.1084051e-05,0.046873754
103,20.944,3.1045525e-05,0.046815659
103.1,20.944,3.1049075e-05,0.046821011
103.2,20.944,3.1010912e-05,0.046763464
103.3,20.944,3.0986211e-05,0.046726214
103.4,20.944,3.0978051e-05,0.04671391
103.5,20.944,3.0924165e-05,0.046632652
103.6,20.944,3.0899855e-05,0.046595993
103.7,20.944,3.0823746e-05,0.046481223
103.8,20.944,3.074488e-05,0.046362295
103.9,20.944,3.0658842e-05,0.046232553
104,20.944,3.0551677e-05,0.046070951
104.1,20.944,3.0615997e-05,0.046167944
104.2,20.944,3.05351e-05,0.046045954
104.3,20.944,3.0639914e-05,0.046204009
104.4,20.944,3.0640734e-05,0.046205246
104.5,20.944,3.0641613e-05,0.046206572
104.6,20.944,3.0619103e-05,0.046172628
104.7,20.944,3.063527e-05,0.046197007
104.8,20.944,3.0602229e-05,0.046147181
104.9,20.944,3.0605215e-05,0.046151685
105,20.944,3.0602656e-05,0.046147826
105.1,20.944,3.0575117e-05,0.046106298
105.2,20.944,3.0583155e-05,0.046118419
105.3,20.944,3.0562434e-05,0.046087173
105.4,20.944,3.0550618e-05,0.046069355
105.5,20.944,3.055955e-05,0.046082824
105.6,20.944,3.0526291e-05,0.046032669
105.7,20.944,3.0531541e-05,0.046040586
105.8,20.944,3.0502909e-05,0.045997411
105.9,20.944,3.0495474e-05,0.045986199
106,20.944,3.0506661e-05,0.046003069
106.1,20.944,3.0473013e-05,0.045952328
106.2,20.944,3.0448473e-05,0.045915323
106.3,20.944,3.0438447e-05,0.045900205
106.4,20.944,3.0444989e-05,0.04591007
106.5,20.944,3.0440087e-05,0.045902677
106.6,20.944,3.0466472e-05,0.045942464
106.7,20.944,3.0456946e-05,0.045928099
106.8,20.944,3.0404987e-05,0.045849747
106.9,20.944,3.0374704e-05,0.045804082
107,20.944,3.0455118e-05,0.045925344
107.1,20.944,3.0528411e-05,0.046035867
107.2,20.944,3.0706158e-05,0.046303903
107.3,20.944,3.0935387e-05,0.046649573
107.4,20.944,3.1269464e-05,0.047153352
107.5,20.944,3.1304122e-05,0.047205614
107.6,20.944,3.1365426e-05,0.047298059
107.7,20.944,3.1450549e-05,0.047426422
107.8,20.944,3.1477248e-05,0.047466682
107.9,20.944,3.1543028e-05,0.047565877
108,20.944,3.1557051e-05,0.047587024
108.1,20.944,3.1580401e-05,0.047622234
108.2,20.944,3.1618133e-05,0.047679132
108.3,20.944,3.1612947e-05,0.047671312
108.4,20.944,3.1631497e-05,0.047699286
108.5,20.944,3.1658197e-05,0.047739547
108.6,20.944,3.1646336e-05,0.047721662
108.7,20.944,3.1662046e-05,0.047745352
108.8,20.944,3.1678113e-05,0.047769581
108.9,20.944,3.1674125e-05,0.047763567
109,20.944,3.1697155e-05,0.047798296
109.1,20.944,3.16905e-05,0.047788259
109.2,20.944,3.1712608e-05,0.047821598
109.3,20.944,3.1699832e-05,0.047802332
109.4,20.944,3.1716337e-05,0.047827222
109.5,20.944,3.1728769e-05,0.047845969
109.6,20.944,3.1723831e-05,0.047838522
109.7,20.944,3.1740936e-05,0.047864316
109.8,20.944,3.1719705e-05,0.0478323
109.9,20.944,3.1729397e-05,0.047846915
110,20.944,3.1741413e-05,0.047865036
110.1,20.944,3.1720169e-05,0.047833
110.2,20.944,3.1710391e-05,0.047818255
110.3,20.944,3.1721206e-05,0.047834564
110.4,20.944,3.1712159e-05,0.047820922
110.5,20.944,3.1698154e-05,0.047799802
110.6,20.944,3.1706688e-05,0.04781267
110.7,20.944,3.1695862e-05,0.047796346
110.8,20.944,3.1679274e-05,0.047771331
110.9,20.944,3.1689607e-05,0.047786913
111,20.944,3.167427e-05,0.047763786
111.1,20.944,3.1661569e-05,0.047744633
111.2,20.944,3.1678407e-05,0.047770025
111.3,20.944,3.1649324e-05,0.047726168
111.4,20.944,3.1634195e-05,0.047703353
111.5,20.944,3.1642893e-05,0.04771647
111.6,20.944,3.1626298e-05,0.047691445
111.7,20.944,3.1612532e-05,0.047670687
111.8,20.944,3.161922e-05,0.047680772
111.9,20.944,3.1590657e-05,0.047637699
112,20.944,3.1591983e-05,0.0476397
112.1,20.944,3.1586612e-05,0.047631601
112.2,20.944,3.1570017e-05,0.047606576
112.3,20.944,3.1565188e-05,0.047599294
112.4,20.944,3.1548165e-05,0.047573624
112.5,20.944,3.1546468e-05,0.047571064
112.6,20.944,3.1523803e-05,0.047536886
112.7,20.944,3.1531768e-05,0.047548897
112.8,20.944,3.1500163e-05,0.047501238
112.9,20.944,3.1512131e-05,0.047519285
113,20.944,3.1473571e-05,0.047461138
113.1,20.944,3.1467226e-05,0.04745157
113.2,20.944,3.1476137e-05,0.047465007
113.3,20.944,3.1447653e-05,0.047422054
113.4,20.944,3.1449486e-05,0.047424818
113.5,20.944,3.1426873e-05,0.047390719
113.6,20.944,3.1426339e-05,0.047389913
113.7,20.944,3.1403833e-05,0.047355976
113.8,20.944,3.1401053e-05,0.047351784
113.9,20.944,3.1380754e-05,0.047321173
114,20.944,3.1364976e-05,0.047297381
114.1,20.944,3.1374384e-05,0.047311567
114.2,20.944,3.1336635e-05,0.047254643
114.3,20.944,3.1336706e-05,0.04725475
114.4,20.944,3.1327909e-05,0.047241484
114.5,20.944,3.1312658e-05,0.047218487
114.6,20.944,3.1302369e-05,0.047202971
114.7,20.944,3.1286744e-05,0.047179408
114.8,20.944,3.1276061e-05,0.047163299
114.9,20.944,3.125984e-05,0.047138838
115,20.944,3.1243675e-05,0.047114462
115.1,20.944,3.1220162e-05,0.047079005
115.2,20.944,3.1219273e-05,0.047077665
115.3,20.944,3.120218e-05,0.047051888
115.4,20.944,3.1177281e-05,0.047014342
115.5,20.944,3.1178941e-05,0.047016846
115.6,20.944,3.1151851e-05,0.046975995
115.7,20.944,3.1129921e-05,0.046942925
115.8,20.944,3.1126698e-05,0.046938065
115.9,20.944,3.1079876e-05,0.046867459
116,20.944,3.1068984e-05,0.046851033
116.1,20.944,3.1005774e-05,0.046755715
116.2,20.944,3.0955499e-05,0.046679903
116.3,20.944,3.0868906e-05,0.046549322
116.4,20.944,3.0758438e-05,0.04638274
116.5,20.944,3.0701941e-05,0.046297544
116.6,20.944,3.0752029e-05,0.046373075
116.7,20.944,3.0655975e-05,0.046228229
116.8,20.944,3.0794789e-05,0.046437557
116.9,20.944,3.077304e-05,0.04640476
117,20.944,3.0778422e-05,0.046412875
117.1,20.944,3.0760171e-05,0.046385354
117.2,20.944,3.0755178e-05,0.046377825
117.3,20.944,3.0765412e-05,0.046393257
117.4,20.944,3.073693e-05,0.046350307
117.5,20.944,3.0749931e-05,0.046369912
117.6,20.944,3.0726351e-05,0.046334354
117.7,20.944,3.0708162e-05,0.046306925
117.8,20.944,3.0713413e-05,0.046314845
117.9,20.944,3.0705835e-05,0.046303416
118,20.944,3.0686239e-05,0.046273866
118.1,20.944,3.0692703e-05,0.046283614
118.2,20.944,3.066217e-05,0.046237572
118.3,20.944,3.0661012e-05,0.046235826
118.4,20.944,3.065889e-05,0.046232625
118.5,20.944,3.0631144e-05,0.046190786
118.6,20.944,3.0635965e-05,0.046198055
118.7,20.944,3.0619787e-05,0.046173659
118.8,20.944,3.0601292e-05,0.046145769
118.9,20.944,3.0616838e-05,0.046169212
119,20.944,3.0593774e-05,0.046134432
119.1,20.944,3.0568798e-05,0.046096769
119.2,20.944,3.0577161e-05,0.046109381
119.3,20.944,3.0548712e-05,0.04606648
119.4,20.944,3.0536759e-05,0.046048455
119.5,20.944,3.0543373e-05,0.046058429
119.6,20.944,3.0511233e-05,0.046009963
119.7,20.944,3.0523755e-05,0.046028846
119.8,20.944,3.0498145e-05,0.045990227
119.9,20.944,3.0481664e-05,0.045965374
120,20.944,3.0477044e-05,0.045958408
120.1,20.944,3.0450316e-05,0.045918102
120.2,20.944,3.0465699e-05,0.045941299
120.3,20.944,3.0438256e-05,0.045899917
120.4,20.944,3.0413695e-05,0.045862879
120.5,20.944,3.0424078e-05,0.045878536
120.6,20.944,3.0392939e-05,0.04583158
120.7,20.944,3.0373242e-05,0.045801877
120.8,20.944,3.0378674e-05,0.045810068
120.9,20.944,3.0357469e-05,0.045778091
121,20.944,3.0326591e-05,0.045731529
121.1,20.944,3.0333241e-05,0.045741557
121.2,20.944,3.0314064e-05,0.045712638
121.3,20.944,3.0326708e-05,0.045731705
121.4,20.944,3.0314265e-05,0.045712942
121.5,20.944,3.0277339e-05,0.045657259
121.6,20.944,3.0247414e-05,0.045612132
121.7,20.944,3.0240878e-05,0.045602276
121.8,20.944,3.0302666e-05,0.045695451
121.9,20.944,3.0393278e-05,0.045832091
122,20.944,3.0532433e-05,0.046041932
122.1,20.944,3.0756967e-05,0.046380522
122.2,20.944,3.1065858e-05,0.046846319
122.3,20.944,3.1117616e-05,0.04692437
122.4,20.944,3.1162083e-05,0.046991424
122.5,20.944,3.1286184e-05,0.047178564
122.6,20.944,3.1295214e-05,0.047192181
122.7,20.944,3.1369572e-05,0.047304311
122.8,20.944,3.1391837e-05,0.047337885
122.9,20.944,3.1425147e-05,0.047388116
123,20.944,3.1442433e-05,0.047414183
123.1,20.944,3.1455326e-05,0.047433625
123.2,20.944,3.1487668e-05,0.047482396
123.3,20.944,3.1481597e-05,0.047473241
123.4,20.944,3.1517292e-05,0.047527068
123.5,20.944,3.1514327e-05,0.047522597
123.6,20.944,3.1523399e-05,0.047536278
123.7,20.944,3.1537271e-05,0.047557195
123.8,20.944,3.1543913e-05,0.047567212
123.9,20.944,3.1558724e-05,0.047589546
124,20.944,3.1555534e-05,0.047584735
124.1,20.944,3.1580397e-05,0.047622229
124.2,20.944,3.1576713e-05,0.047616673
124.3,20.944,3.1579567e-05,0.047620976
124.4,20.944,3.1595966e-05,0.047645705
124.5,20.944,3.1577416e-05,0.047617733
124.6,20.944,3.1581216e-05,0.047623463
124.7,20.944,3.1587539e-05,0.047632998
124.8,20.944,3.1572702e-05,0.047610624
124.9,20.944,3.1587674e-05,0.047633201
125,20.944,3.1561772e-05,0.047594143
125.1,20.944,3.157544e-05,0.047614754
125.2,20.944,3.155639e-05,0.047586026
125.3,20.944,3.1563835e-05,0.047597253
125.4,20.944,3.1544929e-05,0.047568743
125.5,20.944,3.155046e-05,0.047577084
125.6,20.944,3.1531405e-05,0.04754835
125.7,20.944,3.1534427e-05,0.047552907
125.8,20.944,3.1518588e-05,0.047529022
125.9,20.944,3.150626e-05,0.047510432
126,20.944,3.1515116e-05,0.047523787
126.1,20.944,3.1484178e-05,0.047477133
126.2,20.944,3.1488706e-05,0.04748396
126.3,20.944,3.1482932e-05,0.047475254
126.4,20.944,3.1472009e-05,0.047458783
126.5,20.944,3.1464416e-05,0.047447332
126.6,20.944,3.1454092e-05,0.047431764
126.7,20.944,3.1445702e-05,0.047419113
126.8,20.944,3.1434207e-05,0.047401778
126.9,20.944,3.1426389e-05,0.047389989
127,20.944,3.1416168e-05,0.047374576
127.1,20.944,3.1399995e-05,0.047350188
127.2,20.944,3.1382568e-05,0.047323908
127.3,20.944,3.1392213e-05,0.047338453
127.4,20.944,3.1365799e-05,0.04729862
127.5,20.944,3.1367565e-05,0.047301284
127.6,20.944,3.1345429e-05,0.047267903
127.7,20.944,3.1345684e-05,0.047268288
127.8,20.944,3.1323534e-05,0.047234887
127.9,20.944,3.1319533e-05,0.047228854
128,20.944,3.130112e-05,0.047201088
128.1,20.944,3.1283411e-05,0.047174383
128.2,20.944,3.1296865e-05,0.047194671
128.3,20.944,3.1261898e-05,0.047141942
128.4,20.944,3.1243695e-05,0.047114492
128.5,20.944,3.1246911e-05,0.047119342
128.6,20.944,3.1221601e-05,0.047081175
128.7,20.944,3.1216245e-05,0.047073099
128.8,20.944,3.1189262e-05,0.047032409
128.9,20.944,3.1163526e-05,0.0469936
129,20.944,3.1156826e-05,0.046983496
129.1,20.944,3.1100842e-05,0.046899074
129.2,20.944,3.1068047e-05,0.04684962
129.3,20.944,3.1013048e-05,0.046766683
129.4,20.944,3.091657e-05,0.046621198
129.5,20.944,3.0831861e-05,0.04649346
129.6,20.944,3.076081e-05,0.046386317
129.7,20.944,3.080811e-05,0.046457644
129.8,20.944,3.0740142e-05,0.046355151
129.9,20.944,3.084348e-05,0.046510981
130,20.944,3.0844144e-05,0.046511982
130.1,20.944,3.0845775e-05,0.046514441
130.2,20.944,3.0823071e-05,0.046480204
130.3,20.944,3.0830098e-05,0.046490801
130.4,20.944,3.0830149e-05,0.046490878
130.5,20.944,3.0806914e-05,0.04645584
130.6,20.944,3.0817174e-05,0.046471312
130.7,20.944,3.0802683e-05,0.046449461
130.8,20.944,3.078641e-05,0.046424921
130.9,20.944,3.0800299e-05,0.046445865
131,20.944,3.077685e-05,0.046410505
131.1,20.944,3.0765855e-05,0.046393925
131.2,20.944,3.0774989e-05,0.046407698
131.3,20.944,3.0745334e-05,0.04636298
131.4,20.944,3.0755462e-05,0.046378252
131.5,20.944,3.073172e-05,0.04634245
131.6,20.944,3.0720837e-05,0.04632604
131.7,20.944,3.0729486e-05,0.046339082
131.8,20.944,3.0699726e-05,0.046294205
131.9,20.944,3.0710809e-05,0.046310917
132,20.944,3.0687389e-05,0.046275601
132.1,20.944,3.066812e-05,0.046246544
132.2,20.944,3.0674765e-05,0.046256564
132.3,20.944,3.0656868e-05,0.046229576
132.4,20.944,3.0638042e-05,0.046201187
132.5,20.944,3.0649117e-05,0.046217887
132.6,20.944,3.062137e-05,0.046176045
132.7,20.944,3.0608622e-05,0.046156823
132.8,20.944,3.0619612e-05,0.046173395
132.9,20.944,3.0583787e-05,0.046119372
133,20.944,3.0572561e-05,0.046102444
133.1,20.944,3.0580443e-05,0.04611433
133.2,20.944,3.0555766e-05,0.046077118
133.3,20.944,3.0543406e-05,0.046058479
133.4,20.944,3.0550541e-05,0.046069238
133.5,20.944,3.0517871e-05,0.046019972
133.6,20.944,3.0526035e-05,0.046032285
133.7,20.944,3.0499402e-05,0.045992122
133.8,20.944,3.0481029e-05,0.045964416
133.9,20.944,3.0489859e-05,0.045977732
134,20.944,3.0455819e-05,0.045926401
134.1,20.944,3.0443949e-05,0.045908501
134.2,20.944,3.0451654e-05,0.045920119
134.3,20.944,3.0423808e-05,0.045878129
134.4,20.944,3.041203e-05,0.045860368
134.5,20.944,3.0418287e-05,0.045869804
134.6,20.944,3.0383138e-05,0.045816801
134.7,20.944,3.0393456e-05,0.045832359
134.8,20.944,3.0361212e-05,0.045783737
134.9,20.944,3.0343626e-05,0.045757217
135,20.944,3.0351147e-05,0.045768558
135.1,20.944,3.0321759e-05,0.045724243
135.2,20.944,3.0307525e-05,0.045702777
135.3,20.944,3.0311121e-05,0.045708201
135.4,20.944,3.0284219e-05,0.045667633
135.5,20.944,3.0266206e-05,0.04564047
135.6,20.944,3.0267946e-05,0.045643094
135.7,20.944,3.0240005e-05,0.04560096
135.8,20.944,3.0220738e-05,0.045571906
135.9,20.944,3.0239371e-05,0.045600003
136,20.944,3.0209192e-05,0.045554495
136.1,20.944,3.0203617e-05,0.045546088
136.2,20.944,3.01892e-05,0.045524347
136.3,20.944,3.0125514e-05,0.045428312
136.4,20.944,3.0181166e-05,0.045512233
136.5,20.944,3.0208934e-05,0.045554106
136.6,20.944,3.0299713e-05,0.045690997
136.7,20.944,3.0443145e-05,0.045907289
136.8,20.944,3.0604799e-05,0.046151057
136.9,20.944,3.0883947e-05,0.046572003
137,20.944,3.1008243e-05,0.046759438
137.1,20.944,3.102578e-05,0.046785883
137.2,20.944,3.1144054e-05,0.046964237
137.3,20.944,3.1188667e-05,0.047031511
137.4,20.944,3.1228423e-05,0.047091463
137.5,20.944,3.1288773e-05,0.047182468
137.6,20.944,3.1292334e-05,0.047187839
137.7,20.944,3.1338801e-05,0.047257909
137.8,20.944,3.1345765e-05,0.047268411
137.9,20.944,3.1372833e-05,0.047309229
138,20.944,3.1379191e-05,0.047318816
138.1,20.944,3.1390169e-05,0.04733537
138.2,20.944,3.1418188e-05,0.047377622
138.3,20.944,3.1410354e-05,0.047365809
138.4,20.944,3.1428063e-05,0.047392513
138.5,20.944,3.14577e-05,0.047437205
138.6,20.944,3.1448587e-05,0.047423463
138.7,20.944,3.1469588e-05,0.047455132
138.8,20.944,3.1480935e-05,0.047472242
138.9,20.944,3.1475621e-05,0.04746423
139,20.944,3.1497799e-05,0.047497673
139.1,20.944,3.1480264e-05,0.047471231
139.2,20.944,3.1492296e-05,0.047489374
139.3,20.944,3.1479541e-05,0.047470141
139.4,20.944,3.1487951e-05,0.047482822
139.5,20.944,3.1473352e-05,0.047460808
139.6,20.944,3.1468857e-05,0.04745403
139.7,20.944,3.1479637e-05,0.047470285
139.8,20.944,3.1454537e-05,0.047432436
139.9,20.944,3.1456784e-05,0.047435823
140,20.944,3.1460074e-05,0.047440786
140.1,20.944,3.1434865e-05,0.04740277
140.2,20.944,3.1446119e-05,0.047419741
140.3,20.944,3.1428066e-05,0.047392517
140.4,20.944,3.1430941e-05,0.047396853
140.5,20.944,3.1413207e-05,0.047370111
140.6,20.944,3.1412479e-05,0.047369013
140.7,20.944,3.1398744e-05,0.047348302
140.8,20.944,3.138131e-05,0.047322012
140.9,20.944,3.1390975e-05,0.047336586
141,20.944,3.1374509e-05,0.047311755
141.1,20.944,3.1360466e-05,0.047290579
141.2,20.944,3.1367257e-05,0.047300819
141.3,20.944,3.1337278e-05,0.047255613
141.4,20.944,3.1338104e-05,0.047256858
141.5,20.944,3.1330738e-05,0.04724575
141.6,20.944,3.1318236e-05,0.047226897
141.7,20.944,3.1308741e-05,0.04721258
141.8,20.944,3.1294664e-05,0.047191352
141.9,20.944,3.1285899e-05,0.047178134
142,20.944,3.1263267e-05,0.047144007
142.1,20.944,3.1268594e-05,0.04715204
142.2,20.944,3.1238495e-05,0.047106651
142.3,20.944,3.1233795e-05,0.047099564
142.4,20.944,3.1206931e-05,0.047059053
142.5,20.944,3.1180022e-05,0.047018475
142.6,20.944,3.1172478e-05,0.0470071
142.7,20.944,3.1118154e-05,0.046925181
142.8,20.944,3.1095581e-05,0.046891141
142.9,20.944,3.1015665e-05,0.046770631
143,20.944,3.0921749e-05,0.046629008
143.1,20.944,3.0831569e-05,0.04649302
143.2,20.944,3.082677e-05,0.046485782
143.3,20.944,3.0809632e-05,0.046459938
143.4,20.944,3.0801902e-05,0.046448283
143.5,20.944,3.0885121e-05,0.046573774
143.6,20.944,3.0890854e-05,0.04658242
143.7,20.944,3.0867912e-05,0.046547824
143.8,20.944,3.086131e-05,0.046537868
143.9,20.944,3.0876294e-05,0.046560463
144,20.944,3.0854316e-05,0.046527321
144.1,20.944,3.0848352e-05,0.046518327
144.2,20.944,3.0860344e-05,0.046536412
144.3,20.944,3.0834184e-05,0.046496962
144.4,20.944,3.0842045e-05,0.046508817
144.5,20.944,3.0821425e-05,0.046477722
144.6,20.944,3.0830384e-05,0.046491233
144.7,20.944,3.0802403e-05,0.046449038
144.8,20.944,3.0814875e-05,0.046467846
144.9,20.944,3.0791036e-05,0.046431896
145,20.944,3.0781164e-05,0.04641701
145.1,20.944,3.0786992e-05,0.046425798
145.2,20.944,3.076453e-05,0.046391927
145.3,20.944,3.0773886e-05,0.046406035
145.4,20.944,3.0744354e-05,0.046361502
145.5,20.944,3.0754095e-05,0.046376191
145.6,20.944,3.0730014e-05,0.046339877
145.7,20.944,3.0719797e-05,0.046324472
145.8,20.944,3.072829e-05,0.046337279
145.9,20.944,3.0698547e-05,0.046292427
146,20.944,3.0709486e-05,0.046308923
146.1,20.944,3.0682228e-05,0.046267818
146.2,20.944,3.0670704e-05,0.04625044
146.3,20.944,3.0677603e-05,0.046260844
146.4,20.944,3.064393e-05,0.046210065
146.5,20.944,3.064626e-05,0.046213579
146.6,20.944,3.0642623e-05,0.046208095
146.7,20.944,3.0614896e-05,0.046166284
146.8,20.944,3.0621402e-05,0.046176095
146.9,20.944,3.0604332e-05,0.046150353
147,20.944,3.0585664e-05,0.046122203
147.1,20.944,3.0591525e-05,0.046131041
147.2,20.944,3.0566329e-05,0.046093046
147.3,20.944,3.0572888e-05,0.046102937
147.4,20.944,3.0541745e-05,0.046055974
147.5,20.944,3.0550849e-05,0.046069703
147.6,20.944,3.0522221e-05,0.046026533
147.7,20.944,3.0511235e-05,0.046009967
147.8,20.944,3.0517807e-05,0.046019876
147.9,20.944,3.0484889e-05,0.045970238
148,20.944,3.0493739e-05,0.045983583
148.1,20.944,3.0465398e-05,0.045940845
148.2,20.944,3.0450576e-05,0.045918495
148.3,20.944,3.0456944e-05,0.045928097
148.4,20.944,3.0424708e-05,0.045879486
148.5,20.944,3.0436799e-05,0.045897719
148.6,20.944,3.0406283e-05,0.045851702
148.7,20.944,3.0383495e-05,0.045817338
148.8,20.944,3.0385316e-05,0.045820085
148.9,20.944,3.0374705e-05,0.045804083
149,20.944,3.0352161e-05,0.045770087
149.1,20.944,3.0355663e-05,0.045775368
149.2,20.944,3.032784e-05,0.045733412
149.3,20.944,3.0332663e-05,0.045740685
149.4,20.944,3.0298253e-05,0.045688796
149.5,20.944,3.0305374e-05,0.045699535
149.6,20.944,3.0276781e-05,0.045656418
149.7,20.944,3.0274952e-05,0.045653658
149.8,20.944,3.0248815e-05,0.045614245
149.9,20.944,3.0234876e-05,0.045593225
150,20.944,3.0245326e-05,0.045608984
150.1,20.944,3.0207309e-05,0.045551656
150.2,20.944,3.0200254e-05,0.045541017
150.3,20.944,3.0184459e-05,0.045517198
150.4,20.944,3.0161608e-05,0.04548274
150.5,20.944,3.0183914e-05,0.045516376
150.6,20.944,3.016184e-05,0.045483089
150.7,20.944,3.0140784e-05,0.045451338
150.8,20.944,3.0119491e-05,0.045419228
150.9,20.944,3.0068766e-05,0.045342737
151,20.944,3.0141524e-05,0.045452454
151.1,20.944,3.0164256e-05,0.045486733
151.2,20.944,3.0271497e-05,0.045648448
151.3,20.944,3.0429612e-05,0.045886881
151.4,20.944,3.0591732e-05,0.046131353
151.5,20.944,3.0901249e-05,0.046598095
151.6,20.944,3.0930121e-05,0.046641633
151.7,20.944,3.1004824e-05,0.046754282
151.8,20.944,3.1096033e-05,0.046891823
151.9,20.944,3.114879e-05,0.046971378
152,20.944,3.118393e-05,0.047024368
152.1,20.944,3.1215087e-05,0.047071353
152.2,20.944,3.1260199e-05,0.047139379
152.3,20.944,3.1271574e-05,0.047156533
152.4,20.944,3.1303488e-05,0.047204658
152.5,20.944,3.1307456e-05,0.047210641
152.6,20.944,3.1332589e-05,0.047248542
152.7,20.944,3.1335519e-05,0.04725296
152.8,20.944,3.1357086e-05,0.047285482
152.9,20.944,3.1362854e-05,0.04729418
153,20.944,3.1368645e-05,0.047302913
153.1,20.944,3.1398413e-05,0.047347801
153.2,20.944,3.1399689e-05,0.047349726
153.3,20.944,3.1420248e-05,0.047380729
153.4,20.944,3.1417835e-05,0.04737709
153.5,20.944,3.14181e-05,0.047377489
153.6,20.944,3.1439379e-05,0.047409577
153.7,20.944,3.141795e-05,0.047377263
153.8,20.944,3.1439679e-05,0.04741003
153.9,20.944,3.1417119e-05,0.04737601
154,20.944,3.1415072e-05,0.047372923
154.1,20.944,3.1431038e-05,0.047396999
154.2,20.944,3.1405971e-05,0.047359199
154.3,20.944,3.1425803e-05,0.047389105
154.4,20.944,3.1400391e-05,0.047350784
154.5,20.944,3.1390077e-05,0.047335231
154.6,20.944,3.1409785e-05,0.04736495
154.7,20.944,3.1381831e-05,0.047322797
154.8,20.944,3.1372747e-05,0.047309099
154.9,20.944,3.1391098e-05,0.047336771
155,20.944,3.1363095e-05,0.047294544
155.1,20.944,3.1346004e-05,0.047268771
155.2,20.944,3.1350788e-05,0.047275986
155.3,20.944,3.1344829e-05,0.047266999
155.4,20.944,3.1335365e-05,0.047252728
155.5,20.944,3.1321099e-05,0.047231216
155.6,20.944,3.1301553e-05,0.047201741
155.7,20.944,3.1305634e-05,0.047207894
155.8,20.944,3.1290153e-05,0.047184549
155.9,20.944,3.1269457e-05,0.047153341
156,20.944,3.1275729e-05,0.047162799
156.1,20.944,3.1254729e-05,0.047131132
156.2,20.944,3.1236134e-05,0.04710309
156.3,20.944,3.123484e-05,0.047101139
156.4,20.944,3.1194792e-05,0.047040748
156.5,20.944,3.1181933e-05,0.047021356
156.6,20.944,3.1150757e-05,0.046974345
156.7,20.944,3.1094993e-05,0.046890254
156.8,20.944,3.1049954e-05,0.046822337
156.9,20.944,3.0953096e-05,0.046676278
157,20.944,3.0842259e-05,0.04650914
157.1,20.944,3.0848172e-05,0.046518057
157.2,20.944,3.0841683e-05,0.046508271
157.3,20.944,3.0791877e-05,0.046433165
157.4,20.944,3.0922389e-05,0.046629973
157.5,20.944,3.0891988e-05,0.046584129
157.6,20.944,3.0903115e-05,0.046600909
157.7,20.944,3.0882011e-05,0.046569084
157.8,20.944,3.0879606e-05,0.046565458
157.9,20.944,3.0894662e-05,0.046588161
158,20.944,3.0875783e-05,0.046559692
158.1,20.944,3.086106e-05,0.046537492
158.2,20.944,3.0876504e-05,0.04656078
158.3,20.944,3.0853779e-05,0.046526512
158.4,20.944,3.0846033e-05,0.046514831
158.5,20.944,3.0856753e-05,0.046530996
158.6,20.944,3.0829817e-05,0.046490378
158.7,20.944,3.0843199e-05,0.046510558
158.8,20.944,3.0820782e-05,0.046476753
158.9,20.944,3.0804805e-05,0.04645266
159,20.944,3.0814776e-05,0.046467695
159.1,20.944,3.079708e-05,0.046441012
159.2,20.944,3.0780712e-05,0.046416329
159.3,20.944,3.0794346e-05,0.046436888
159.4,20.944,3.0768728e-05,0.046398257
159.5,20.944,3.0757872e-05,0.046381887
159.6,20.944,3.0766394e-05,0.046394738
159.7,20.944,3.0734457e-05,0.046346578
159.8,20.944,3.0735536e-05,0.046348205
159.9,20.944,3.0735135e-05,0.0463476
160,20.944,3.070911e-05,0.046308355
160.1,20.944,3.0714643e-05,0.046316699
160.2,20.944,3.0699118e-05,0.046293288
160.3,20.944,3.0681207e-05,0.046266278
160.4,20.944,3.0691329e-05,0.046281543
160.5,20.944,3.0667618e-05,0.046245787
160.6,20.944,3.0656754e-05,0.046229405
160.7,20.944,3.0664774e-05,0.046241498
160.8,20.944,3.0633273e-05,0.046193996
160.9,20.944,3.0643636e-05,0.046209622
161,20.944,3.0617134e-05,0.046169658
161.1,20.944,3.0601775e-05,0.046146498
161.2,20.944,3.0611961e-05,0.046161858
161.3,20.944,3.058389e-05,0.046119528
161.4,20.944,3.0574107e-05,0.046104775
161.5,20.944,3.0581879e-05,0.046116495
161.6,20.944,3.0549221e-05,0.046067247
161.7,20.944,3.0559501e-05,0.046082749
161.8,20.944,3.0532465e-05,0.04604198
161.9,20.944,3.0513278e-05,0.046013047
162,20.944,3.0522259e-05,0.04602659
162.1,20.944,3.0496753e-05,0.045988128
162.2,20.944,3.048467e-05,0.045969907
162.3,20.944,3.0491618e-05,0.045980384
162.4,20.944,3.0458057e-05,0.045929776
162.5,20.944,3.0470137e-05,0.045947991
162.6,20.944,3.0438552e-05,0.045900362
162.7,20.944,3.0418346e-05,0.045869892
162.8,20.944,3.0424327e-05,0.045878912
162.9,20.944,3.0405149e-05,0.045849991
163,20.944,3.0387107e-05,0.045822785
163.1,20.944,3.0394849e-05,0.04583446
163.2,20.944,3.0365487e-05,0.045790182
163.3,20.944,3.0352401e-05,0.045770449
163.4,20.944,3.0358457e-05,0.045779582
163.5,20.944,3.032525e-05,0.045729506
163.6,20.944,3.0336267e-05,0.04574612
163.7,20.944,3.0301353e-05,0.04569347
163.8,20.944,3.0279735e-05,0.045660872
163.9,20.944,3.0278675e-05,0.045659273
164,20.944,3.0274468e-05,0.045652929
164.1,20.944,3.0245001e-05,0.045608494
164.2,20.944,3.0252096e-05,0.045619193
164.3,20.944,3.0222003e-05,0.045573814
164.4,20.944,3.0219449e-05,0.045569962
164.5,20.944,3.0200902e-05,0.045541993
164.6,20.944,3.0184847e-05,0.045517784
164.7,20.944,3.019052e-05,0.045526338
164.8,20.944,3.0149781e-05,0.045464905
164.9,20.944,3.0158601e-05,0.045478205
165,20.944,3.0136418e-05,0.045444754
165.1,20.944,3.0125618e-05,0.045428468
165.2,20.944,3.0133941e-05,0.045441018
165.3,20.944,3.0087573e-05,0.045371097
165.4,20.944,3.0072558e-05,0.045348455
165.5,20.944,3.0053841e-05,0.045320231
165.6,20.944,3.0086948e-05,0.045370156
165.7,20.944,3.0145538e-05,0.045458507
165.8,20.944,3.0245167e-05,0.045608744
165.9,20.944,3.0354583e-05,0.045773739
166,20.944,3.0457249e-05,0.045928557
166.1,20.944,3.0654758e-05,0.046226394
166.2,20.944,3.0890965e-05,0.046582586
166.3,20.944,3.0858399e-05,0.046533479
166.4,20.944,3.0997554e-05,0.04674332
166.5,20.944,3.1054021e-05,0.046828469
166.6,20.944,3.1087838e-05,0.046879466
166.7,20.944,3.1149313e-05,0.046972168
166.8,20.944,3.1177872e-05,0.047015233
166.9,20.944,3.1197781e-05,0.047045255
167,20.944,3.1240083e-05,0.047109045
167.1,20.944,3.1248561e-05,0.047121829
167.2,20.944,3.1277085e-05,0.047164843
167.3,20.944,3.1284119e-05,0.04717545
167.4,20.944,3.1297275e-05,0.04719529
167.5,20.944,3.1339964e-05,0.047259663
167.6,20.944,3.1336066e-05,0.047253784
167.7,20.944,3.134245e-05,0.047263412
167.8,20.944,3.1371963e-05,0.047307916
167.9,20.944,3.1374398e-05,0.047311588
168,20.944,3.1375514e-05,0.04731327
168.1,20.944,3.1404062e-05,0.04735632
168.2,20.944,3.1384589e-05,0.047326956
168.3,20.944,3.1380904e-05,0.047321399
168.4,20.944,3.1398879e-05,0.047348505
168.5,20.944,3.1376294e-05,0.047314447
168.6,20.944,3.1397675e-05,0.04734669
168.7,20.944,3.1374646e-05,0.047311962
168.8,20.944,3.1375576e-05,0.047313365
168.9,20.944,3.1373419e-05,0.047310112
169,20.944,3.1366742e-05,0.047300043
169.1,20.944,3.1358415e-05,0.047287486
169.2,20.944,3.1342751e-05,0.047263865
169.3,20.944,3.1353575e-05,0.047280188
169.4,20.944,3.1334966e-05,0.047252126
169.5,20.944,3.1338256e-05,0.047257087
169.6,20.944,3.1320838e-05,0.047230821
169.7,20.944,3.1308022e-05,0.047211495
169.8,20.944,3.1318256e-05,0.047226928
169.9,20.944,3.1289237e-05,0.047183168
170,20.944,3.129829e-05,0.047196819
170.1,20.944,3.1265481e-05,0.047147345
170.2,20.944,3.1272352e-05,0.047157706
170.3,20.944,3.1248827e-05,0.047122231
170.4,20.944,3.1243986e-05,0.047114931
170.5,20.944,3.1218221e-05,0.047076078
170.6,20.944,3.1192283e-05,0.047036964
170.7,20.944,3.1184743e-05,0.047025594
170.8,20.944,3.1127799e-05,0.046939725
170.9,20.944,3.1097562e-05,0.046894129
171,20.944,3.1012174e-05,0.046765366
171.1,20.944,3.0927269e-05,0.046637332
171.2,20.944,3.0838774e-05,0.046503884
171.3,20.944,3.0870011e-05,0.046550989
171.4,20.944,3.0822768e-05,0.046479748
171.5,20.944,3.083657e-05,0.046500561
171.6,20.944,3.0933029e-05,0.046646018
171.7,20.944,3.0890942e-05,0.046582551
171.8,20.944,3.0898414e-05,0.046593819
171.9,20.944,3.0903359e-05,0.046601276
172,20.944,3.0882642e-05,0.046570036
172.1,20.944,3.0892315e-05,0.046584623
172.2,20.944,3.0882541e-05,0.046569884
172.3,20.944,3.0867864e-05,0.046547751
172.4,20.944,3.0883391e-05,0.046571166
172.5,20.944,3.0860685e-05,0.046536925
172.6,20.944,3.0853874e-05,0.046526655
172.7,20.944,3.0864808e-05,0.046543143
172.8,20.944,3.0837649e-05,0.046502189
172.9,20.944,3.0851719e-05,0.046523404
173,20.944,3.0814027e-05,0.046466566
173.1,20.944,3.0812726e-05,0.046464605
173.2,20.944,3.0817059e-05,0.046471138
173.3,20.944,3.0812558e-05,0.046464352
173.4,20.944,3.0790044e-05,0.046430401
173.5,20.944,3.0801677e-05,0.046447943
173.6,20.944,3.0778998e-05,0.046413744
173.7,20.944,3.0768323e-05,0.046397646
173.8,20.944,3.0776919e-05,0.046410609
173.9,20.944,3.0744992e-05,0.046362465
174,20.944,3.0748317e-05,0.046367478
174.1,20.944,3.0747166e-05,0.046365743
174.2,20.944,3.0720472e-05,0.046325489
174.3,20.944,3.0729869e-05,0.046339659
174.4,20.944,3.0709498e-05,0.04630894
174.5,20.944,3.0697437e-05,0.046290752
174.6,20.944,3.0706138e-05,0.046303874
174.7,20.944,3.0676427e-05,0.046259071
174.8,20.944,3.0687773e-05,0.04627618
174.9,20.944,3.066692e-05,0.046244735
175,20.944,3.0647289e-05,0.046215131
175.1,20.944,3.0658201e-05,0.046231586
175.2,20.944,3.063203e-05,0.046192121
175.3,20.944,3.0614805e-05,0.046166147
175.4,20.944,3.0624716e-05,0.046181092
175.5,20.944,3.0598786e-05,0.04614199
175.6,20.944,3.0588206e-05,0.046126035
175.7,20.944,3.0596099e-05,0.046137939
175.8,20.944,3.0564302e-05,0.046089989
175.9,20.944,3.0574749e-05,0.046105743
176,20.944,3.0548242e-05,0.046065771
176.1,20.944,3.052962e-05,0.04603769
176.2,20.944,3.0539911e-05,0.046053208
176.3,20.944,3.051245e-05,0.046011798
176.4,20.944,3.0512041e-05,0.046011181
176.5,20.944,3.0494041e-05,0.045984038
176.6,20.944,3.0472691e-05,0.045951843
176.7,20.944,3.0481825e-05,0.045965616
176.8,20.944,3.0455647e-05,0.04592614
176.9,20.944,3.0455441e-05,0.04592583
177,20.944,3.0437127e-05,0.045898213
177.1,20.944,3.0418795e-05,0.04587057
177.2,20.944,3.0426238e-05,0.045881794
177.3,20.944,3.0391727e-05,0.045829752
177.4,20.944,3.0397867e-05,0.045839011
177.5,20.944,3.0372173e-05,0.045800266
177.6,20.944,3.0370948e-05,0.045798417
177.7,20.944,3.0351082e-05,0.045768461
177.8,20.944,3.0330718e-05,0.045737752
177.9,20.944,3.0340612e-05,0.045752672
178,20.944,3.0312014e-05,0.045709547
178.1,20.944,3.0294124e-05,0.04568257
178.2,20.944,3.0300246e-05,0.045691802
178.3,20.944,3.0267453e-05,0.04564235
178.4,20.944,3.0280973e-05,0.045662738
178.5,20.944,3.0246738e-05,0.045611114
178.6,20.944,3.0223124e-05,0.045575504
178.7,20.944,3.0221213e-05,0.045572621
178.8,20.944,3.0213663e-05,0.045561237
178.9,20.944,3.0191697e-05,0.045528113
179,20.944,3.0201652e-05,0.045543124
179.1,20.944,3.0167965e-05,0.045492325
179.2,20.944,3.0145188e-05,0.045457979
179.3,20.944,3.0146545e-05,0.045460026
179.4,20.944,3.0125058e-05,0.045427623
179.5,20.944,3.0133426e-05,0.045440242
179.6,20.944,3.0127319e-05,0.045431033
179.7,20.944,3.0089739e-05,0.045374363
179.8,20.944,3.0047859e-05,0.045311209
179.9,20.944,3.0073251e-05,0.0453495
180,20.944,3.0128152e-05,0.045432288
180.1,20.944,3.0182536e-05,0.045514299
180.2,20.944,3.0348094e-05,0.045763955
180.3,20.944,3.0482859e-05,0.045967175
180.4,20.944,3.0728396e-05,0.046337439
180.5,20.944,3.0921081e-05,0.046628001
180.6,20.944,3.0894238e-05,0.046587522
180.7,20.944,3.1045152e-05,0.046815096
180.8,20.944,3.1065461e-05,0.046845721
180.9,20.944,3.1128603e-05,0.046940937
181,20.944,3.1173233e-05,0.047008238
181.1,20.944,3.1189217e-05,0.047032341
181.2,20.944,3.1238762e-05,0.047107054
181.3,20.944,3.1244488e-05,0.047115689
181.4,20.944,3.1270563e-05,0.047155008
181.5,20.944,3.127876e-05,0.047167369
181.6,20.944,3.1285879e-05,0.047178104
181.7,20.944,3.1322155e-05,0.047232808
181.8,20.944,3.1318366e-05,0.047227093
181.9,20.944,3.1342512e-05,0.047263505
182,20.944,3.1349221e-05,0.047273622
182.1,20.944,3.135635e-05,0.047284373
182.2,20.944,3.1385488e-05,0.047328312
182.3,20.944,3.1371999e-05,0.04730797
182.4,20.944,3.1399778e-05,0.04734986
182.5,20.944,3.1381757e-05,0.047322685
182.6,20.944,3.1388251e-05,0.047332478
182.7,20.944,3.1391285e-05,0.047337054
182.8,20.944,3.138689e-05,0.047330426
182.9,20.944,3.1388096e-05,0.047332244
183,20.944,3.1383286e-05,0.047324991
183.1,20.944,3.1377007e-05,0.047315523
183.2,20.944,3.1361942e-05,0.047292804
183.3,20.944,3.1372598e-05,0.047308874
183.4,20.944,3.1360747e-05,0.047291003
183.5,20.944,3.1347389e-05,0.047270859
183.6,20.944,3.13662e-05,0.047299226
183.7,20.944,3.133933e-05,0.047258707
183.8,20.944,3.1329155e-05,0.047243364
183.9,20.944,3.1343224e-05,0.047264579
184,20.944,3.1312515e-05,0.04721827
184.1,20.944,3.1313378e-05,0.047219572
184.2,20.944,3.1306634e-05,0.047209402
184.3,20.944,3.1294221e-05,0.047190684
184.4,20.944,3.1286254e-05,0.04717867
184.5,20.944,3.1272254e-05,0.047157559
184.6,20.944,3.1262616e-05,0.047143025
184.7,20.944,3.1244737e-05,0.047116064
184.8,20.944,3.1230904e-05,0.047095205
184.9,20.944,3.1204078e-05,0.047054752
185,20.944,3.1186395e-05,0.047028086
185.1,20.944,3.1136816e-05,0.046953323
185.2,20.944,3.1112212e-05,0.04691622
185.3,20.944,3.103011e-05,0.046792413
185.4,20.944,3.0944976e-05,0.046664033
185.5,20.944,3.0846548e-05,0.046515607
185.6,20.944,3.0862072e-05,0.046539017
185.7,20.944,3.0835131e-05,0.046498391
185.8,20.944,3.0836627e-05,0.046500647
185.9,20.944,3.0915385e-05,0.046619412
186,20.944,3.0914439e-05,0.046617985
186.1,20.944,3.0902657e-05,0.046600217
186.2,20.944,3.0896697e-05,0.04659123
186.3,20.944,3.091397e-05,0.046617277
186.4,20.944,3.0891607e-05,0.046583555
186.5,20.944,3.0884666e-05,0.046573088
186.6,20.944,3.0896561e-05,0.046591025
186.7,20.944,3.0867218e-05,0.046546777
186.8,20.944,3.08725e-05,0.046554743
186.9,20.944,3.0873893e-05,0.046556842
187,20.944,3.0848233e-05,0.046518148
187.1,20.944,3.0856192e-05,0.04653015
187.2,20.944,3.0851863e-05,0.046523622
187.3,20.944,3.0831797e-05,0.046493364
187.4,20.944,3.0843574e-05,0.046511123
187.5,20.944,3.0820195e-05,0.046475868
187.6,20.944,3.0812235e-05,0.046463865
187.7,20.944,3.0821486e-05,0.046477815
187.8,20.944,3.0794538e-05,0.046437178
187.9,20.944,3.0801833e-05,0.046448179
188,20.944,3.0771467e-05,0.046402388
188.1,20.944,3.0772293e-05,0.046403634
188.2,20.944,3.0774832e-05,0.046407461
188.3,20.944,3.0747564e-05,0.046366342
188.4,20.944,3.0754531e-05,0.046376849
188.5,20.944,3.0740209e-05,0.046355252
188.6,20.944,3.0723033e-05,0.04632935
188.7,20.944,3.073395e-05,0.046345813
188.8,20.944,3.0710251e-05,0.046310076
188.9,20.944,3.0699111e-05,0.046293277
189,20.944,3.0708184e-05,0.046306959
189.1,20.944,3.0676897e-05,0.046259779
189.2,20.944,3.0671596e-05,0.046251785
189.3,20.944,3.0677557e-05,0.046260774
189.4,20.944,3.0647808e-05,0.046215914
189.5,20.944,3.0633941e-05,0.046195003
189.6,20.944,3.0641659e-05,0.046206641
189.7,20.944,3.0626238e-05,0.046183387
189.8,20.944,3.060631e-05,0.046153336
189.9,20.944,3.0616621e-05,0.046168885
190,20.944,3.0591581e-05,0.046131125
190.1,20.944,3.0579817e-05,0.046113385
190.2,20.944,3.0588099e-05,0.046125875
190.3,20.944,3.0556432e-05,0.046078122
190.4,20.944,3.0568888e-05,0.046096904
190.5,20.944,3.0539096e-05,0.04605198
190.6,20.944,3.0520788e-05,0.046024371
190.7,20.944,3.0525907e-05,0.046032091
190.8,20.944,3.0508957e-05,0.046006531
190.9,20.944,3.0488759e-05,0.045976072
191,20.944,3.0499989e-05,0.045993008
191.1,20.944,3.0471566e-05,0.045950147
191.2,20.944,3.045612e-05,0.045926855
191.3,20.944,3.0471287e-05,0.045949726
191.4,20.944,3.0444702e-05,0.045909637
191.5,20.944,3.0422678e-05,0.045876425
191.6,20.944,3.0427991e-05,0.045884436
191.7,20.944,3.0396526e-05,0.045836989
191.8,20.944,3.0410079e-05,0.045857426
191.9,20.944,3.0384131e-05,0.045818298
192,20.944,3.0370454e-05,0.045797673
192.1,20.944,3.0361785e-05,0.0457846
192.2,20.944,3.03372e-05,0.045747527
192.3,20.944,3.0342613e-05,0.04575569
192.4,20.944,3.0310511e-05,0.045707281
192.5,20.944,3.0324955e-05,0.045729061
192.6,20.944,3.0292486e-05,0.0456801
192.7,20.944,3.0270082e-05,0.045646315
192.8,20.944,3.0273246e-05,0.045651086
192.9,20.944,3.0252997e-05,0.045620552
193,20.944,3.0235619e-05,0.045594347
193.1,20.944,3.0243765e-05,0.04560663
193.2,20.944,3.0208737e-05,0.045553808
193.3,20.944,3.0212585e-05,0.045559612
193.4,20.944,3.0178874e-05,0.045508776
193.5,20.944,3.0194954e-05,0.045533025
193.6,20.944,3.0164303e-05,0.045486803
193.7,20.944,3.0139014e-05,0.045448668
193.8,20.944,3.0132978e-05,0.045439566
193.9,20.944,3.0111411e-05,0.045407044
194,20.944,3.0097864e-05,0.045386615
194.1,20.944,3.011834e-05,0.045417493
194.2,20.944,3.0102681e-05,0.045393879
194.3,20.944,3.0074534e-05,0.045351435
194.4,20.944,3.0039362e-05,0.045298397
194.5,20.944,3.0022122e-05,0.0452724
194.6,20.944,3.0093433e-05,0.045379934
194.7,20.944,3.0168468e-05,0.045493084
194.8,20.944,3.0325415e-05,0.045729755
194.9,20.944,3.0548494e-05,0.046066151
195,20.944,3.0816769e-05,0.046470701
195.1,20.944,3.0922199e-05,0.046629687
195.2,20.944,3.0941452e-05,0.046658719
195.3,20.944,3.1054712e-05,0.046829511
195.4,20.944,3.1101497e-05,0.046900062
195.5,20.944,3.1138472e-05,0.046955819
195.6,20.944,3.1185767e-05,0.047027139
195.7,20.944,3.1200134e-05,0.047048804
195.8,20.944,3.1218512e-05,0.047076517
195.9,20.944,3.1262209e-05,0.047142411
196,20.944,3.1256075e-05,0.047133161
196.1,20.944,3.1260305e-05,0.047139539
196.2,20.944,3.1289862e-05,0.047184111
196.3,20.944,3.1289218e-05,0.047183139
196.4,20.944,3.1310126e-05,0.047214668
196.5,20.944,3.1312382e-05,0.04721807
196.6,20.944,3.1319763e-05,0.0472292
196.7,20.944,3.1346021e-05,0.047268797
196.8,20.944,3.1336173e-05,0.047253946
196.9,20.944,3.1359827e-05,0.047289616
197,20.944,3.1359568e-05,0.047289226
197.1,20.944,3.1357339e-05,0.047285863
197.2,20.944,3.1378569e-05,0.047317878
197.3,20.944,3.1358407e-05,0.047287475
197.4,20.944,3.1381109e-05,0.047321708
197.5,20.944,3.1358401e-05,0.047287465
197.6,20.944,3.1362487e-05,0.047293627
197.7,20.944,3.1361893e-05,0.047292731
197.8,20.944,3.1355357e-05,0.047282875
197.9,20.944,3.1352404e-05,0.047278421
198,20.944,3.1335194e-05,0.047252471
198.1,20.944,3.1353994e-05,0.04728082
198.2,20.944,3.1326101e-05,0.047238758
198.3,20.944,3.1311621e-05,0.047216922
198.4,20.944,3.1317535e-05,0.047225841
198.5,20.944,3.1307589e-05,0.047210843
198.6,20.944,3.1290118e-05,0.047184497
198.7,20.944,3.1296232e-05,0.047193716
198.8,20.944,3.1279428e-05,0.047168377
198.9,20.944,3.1262289e-05,0.047142532
199,20.944,3.1274366e-05,0.047160743
199.1,20.944,3.1240031e-05,0.047108968
199.2,20.944,3.1234989e-05,0.047101364
199.3,20.944,3.1208099e-05,0.047060815
199.4,20.944,3.117597e-05,0.047012365
199.5,20.944,3.1163873e-05,0.046994123
199.6,20.944,3.1099846e-05,0.046897573
199.7,20.944,3.1034574e-05,0.046799145
199.8,20.944,3.0970828e-05,0.046703017
199.9,20.944,3.0845611e-05,0.046514194
200,20.944,3.087123e-05,0.046552827
200.1,20.944,3.0843202e-05,0.046510561
200.2,20.944,3.0835599e-05,0.046499096
200.3,20.944,3.0919943e-05,0.046626284
200.4,20.944,3.0927363e-05,0.046637474
200.5,20.944,3.0904449e-05,0.046602921
200.6,20.944,3.0899398e-05,0.046595304
200.7,20.944,3.0916643e-05,0.046621309
200.8,20.944,3.0895216e-05,0.046588997
200.9,20.944,3.0890616e-05,0.046582061
201,20.944,3.0903012e-05,0.046600753
201.1,20.944,3.0873057e-05,0.046555582
201.2,20.944,3.0882726e-05,0.046570163
201.3,20.944,3.0871628e-05,0.046553426
201.4,20.944,3.0855384e-05,0.046528932
201.5,20.944,3.0863833e-05,0.046541673
201.6,20.944,3.0851998e-05,0.046523825
201.7,20.944,3.0834568e-05,0.046497541
201.8,20.944,3.0843777e-05,0.046511429
201.9,20.944,3.0829836e-05,0.046490406
202,20.944,3.0814531e-05,0.046467327
202.1,20.944,3.0827601e-05,0.046487036
202.2,20.944,3.0803045e-05,0.046450006
202.3,20.944,3.0794944e-05,0.04643779
202.4,20.944,3.0804491e-05,0.046452187
202.5,20.944,3.0775986e-05,0.046409202
202.6,20.944,3.0788478e-05,0.04642804
202.7,20.944,3.0756913e-05,0.04638044
202.8,20.944,3.0759216e-05,0.046383913
202.9,20.944,3.0754395e-05,0.046376643
203,20.944,3.0729829e-05,0.046339599
203.1,20.944,3.0735426e-05,0.04634804
203.2,20.944,3.0721116e-05,0.04632646
203.3,20.944,3.0703541e-05,0.046299957
203.4,20.944,3.0714511e-05,0.0463165
203.5,20.944,3.0689273e-05,0.046278441
203.6,20.944,3.0679779e-05,0.046264125
203.7,20.944,3.0688372e-05,0.046277084
203.8,20.944,3.0658082e-05,0.046231407
203.9,20.944,3.06722e-05,0.046252696
204,20.944,3.0642917e-05,0.046208539
204.1,20.944,3.0625215e-05,0.046181845
204.2,20.944,3.0621724e-05,0.04617658
204.3,20.944,3.0626648e-05,0.046184004
204.4,20.944,3.0596995e-05,0.046139289
204.5,20.944,3.0587305e-05,0.046124678
204.6,20.944,3.0599918e-05,0.046143697
204.7,20.944,3.0564147e-05,0.046089756
204.8,20.944,3.0559473e-05,0.046082707
204.9,20.944,3.0564246e-05,0.046089905
205,20.944,3.0533085e-05,0.046042915
205.1,20.944,3.0530289e-05,0.046038698
205.2,20.944,3.0525485e-05,0.046031455
205.3,20.944,3.0504325e-05,0.045999546
205.4,20.944,3.0507678e-05,0.046004602
205.5,20.944,3.0475248e-05,0.045955698
205.6,20.944,3.0473027e-05,0.045952349
205.7,20.944,3.046995e-05,0.04594771
205.8,20.944,3.0447363e-05,0.045913649
205.9,20.944,3.0451354e-05,0.045919667
206,20.944,3.0420807e-05,0.045873604
206.1,20.944,3.0405162e-05,0.045850011
206.2,20.944,3.0416207e-05,0.045866666
206.3,20.944,3.0388136e-05,0.045824337
206.4,20.944,3.0388184e-05,0.045824409
206.5,20.944,3.0367594e-05,0.04579336
206.6,20.944,3.0349562e-05,0.045766168
206.7,20.944,3.0357124e-05,0.045777572
206.8,20.944,3.0322464e-05,0.045725306
206.9,20.944,3.0330508e-05,0.045737435
207,20.944,3.0303297e-05,0.045696402
207.1,20.944,3.028751e-05,0.045672596
207.2,20.944,3.0291498e-05,0.04567861
207.3,20.944,3.0259284e-05,0.045630032
207.4,20.944,3.0252993e-05,0.045620545
207.5,20.944,3.0245866e-05,0.045609797
207.6,20.944,3.0226624e-05,0.045580781
207.7,20.944,3.0222981e-05,0.045575289
207.8,20.944,3.0191591e-05,0.045527954
207.9,20.944,3.0195946e-05,0.04553452
208,20.944,3.0172737e-05,0.045499522
208.1,20.944,3.0154144e-05,0.045471484
208.2,20.944,3.016216e-05,0.045483572
208.3,20.944,3.0130309e-05,0.045435542
208.4,20.944,3.0134622e-05,0.045442045
208.5,20.944,3.0096734e-05,0.045384911
208.6,20.944,3.0102941e-05,0.045394271
208.7,20.944,3.0076446e-05,0.045354319
208.8,20.944,3.009057e-05,0.045375617
208.9,20.944,3.0055988e-05,0.045323468
209,20.944,3.0047136e-05,0.045310119
209.1,20.944,2.9990283e-05,0.045224387
209.2,20.944,3.0026464e-05,0.045278946
209.3,20.944,3.0041193e-05,0.045301158
209.4,20.944,3.0095213e-05,0.045382617
209.5,20.944,3.0150293e-05,0.045465677
209.6,20.944,3.0213056e-05,0.045560321
209.7,20.944,3.0163247e-05,0.045485211
209.8,20.944,3.0095942e-05,0.045383717
209.9,20.944,3.0024617e-05,0.045276161
210,20.944,3.0050868e-05,0.045315748
210.1,20.944,3.0384584e-05,0.045818981
210.2,20.944,3.037196e-05,0.045799944
210.3,20.944,3.0524747e-05,0.046030341
210.4,20.944,3.0609025e-05,0.046157431
210.5,20.944,3.0720854e-05,0.046326065
210.6,20.944,3.0797348e-05,0.046441415
210.7,20.944,3.086309e-05,0.046540552
210.8,20.944,3.0930987e-05,0.046642939
210.9,20.944,3.0974162e-05,0.046708045
211,20.944,3.103454e-05,0.046799093
211.1,20.944,3.1058341e-05,0.046834985
211.2,20.944,3.1105359e-05,0.046905887
211.3,20.944,3.1133505e-05,0.046948329
211.4,20.944,3.1162611e-05,0.04699222
211.5,20.944,3.1212873e-05,0.047068013
211.6,20.944,3.1219795e-05,0.047078452
211.7,20.944,3.126536e-05,0.047147162
211.8,20.944,3.1256173e-05,0.047133308
211.9,20.944,3.1266555e-05,0.047148965
212,20.944,3.1291173e-05,0.047186087
212.1,20.944,3.1271322e-05,0.047156153
212.2,20.944,3.1285146e-05,0.047177
212.3,20.944,3.129086e-05,0.047185615
212.4,20.944,3.128768e-05,0.04718082
212.5,20.944,3.1289214e-05,0.047183134
212.6,20.944,3.1283235e-05,0.047174117
212.7,20.944,3.1284024e-05,0.047175308
212.8,20.944,3.1276191e-05,0.047163495
212.9,20.944,3.127464e-05,0.047161156
213,20.944,3.1257163e-05,0.047134802
213.1,20.944,3.1270485e-05,0.047154891
213.2,20.944,3.124683e-05,0.047119219
213.3,20.944,3.1249506e-05,0.047123256
213.4,20.944,3.1231608e-05,0.047096266
213.5,20.944,3.1214138e-05,0.047069922
213.6,20.944,3.1225249e-05,0.047086677
213.7,20.944,3.1187468e-05,0.047029703
213.8,20.944,3.1160467e-05,0.046988988
213.9,20.944,3.1143405e-05,0.046963258
214,20.944,3.112279e-05,0.046932172
214.1,20.944,3.1053021e-05,0.046826962
214.2,20.944,3.0977175e-05,0.046712589
214.3,20.944,3.0909445e-05,0.046610454
214.4,20.944,3.0801945e-05,0.046448348
214.5,20.944,3.0865283e-05,0.046543858
214.6,20.944,3.0802996e-05,0.046449933
214.7,20.944,3.0851981e-05,0.046523801
214.8,20.944,3.0901887e-05,0.046599056
214.9,20.944,3.090638e-05,0.046605831
215,20.944,3.0881512e-05,0.046568332
215.1,20.944,3.0883526e-05,0.046571369
215.2,20.944,3.0900335e-05,0.046596716
215.3,20.944,3.088025e-05,0.046566428
215.4,20.944,3.0869609e-05,0.046550382
215.5,20.944,3.0886283e-05,0.046575526
215.6,20.944,3.0865217e-05,0.046543759
215.7,20.944,3.0854998e-05,0.046528349
215.8,20.944,3.08651e-05,0.046543582
215.9,20.944,3.0844809e-05,0.046512985
216,20.944,3.0853576e-05,0.046526206
216.1,20.944,3.0825178e-05,0.046483383
216.2,20.944,3.0829799e-05,0.046490351
216.3,20.944,3.0828214e-05,0.046487961
216.4,20.944,3.0806469e-05,0.04645517
216.5,20.944,3.0816962e-05,0.046470993
216.6,20.944,3.0796903e-05,0.046440745
216.7,20.944,3.0788043e-05,0.046427384
216.8,20.944,3.0798059e-05,0.046442487
216.9,20.944,3.0769028e-05,0.04639871
217,20.944,3.0777256e-05,0.046411116
217.1,20.944,3.0749187e-05,0.04636879
217.2,20.944,3.0751495e-05,0.046372271
217.3,20.944,3.0748833e-05,0.046368256
217.4,20.944,3.0724805e-05,0.046332022
217.5,20.944,3.0734057e-05,0.046345974
217.6,20.944,3.0715162e-05,0.046317481
217.7,20.944,3.0701961e-05,0.046297574
217.8,20.944,3.0711608e-05,0.046312122
217.9,20.944,3.0682687e-05,0.04626851
218,20.944,3.0693888e-05,0.046285401
218.1,20.944,3.0665916e-05,0.04624322
218.2,20.944,3.0656296e-05,0.046228713
218.3,20.944,3.0664879e-05,0.046241656
218.4,20.944,3.0634659e-05,0.046196085
218.5,20.944,3.0647559e-05,0.046215538
218.6,20.944,3.061835e-05,0.046171493
218.7,20.944,3.0601942e-05,0.04614675
218.8,20.944,3.0609806e-05,0.046158608
218.9,20.944,3.059201e-05,0.046131772
219,20.944,3.057562e-05,0.046107057
219.1,20.944,3.0585044e-05,0.046121268
219.2,20.944,3.0558928e-05,0.046081886
219.3,20.944,3.0538822e-05,0.046051566
219.4,20.944,3.0539096e-05,0.046051979
219.5,20.944,3.0535406e-05,0.046046415
219.6,20.944,3.0507422e-05,0.046004217
219.7,20.944,3.0515522e-05,0.046016431
219.8,20.944,3.0492935e-05,0.045982369
219.9,20.944,3.0479764e-05,0.045962509
220,20.944,3.048586e-05,0.045971702
220.1,20.944,3.0450819e-05,0.04591886
220.2,20.944,3.0449901e-05,0.045917476
220.3,20.944,3.0445717e-05,0.045911167
220.4,20.944,3.0417307e-05,0.045868326
220.5,20.944,3.0425519e-05,0.045880708
220.6,20.944,3.0398689e-05,0.04584025
220.7,20.944,3.0397578e-05,0.045838575
220.8,20.944,3.0378659e-05,0.045810045
220.9,20.944,3.0357742e-05,0.045778504
221,20.944,3.0367767e-05,0.045793621
221.1,20.944,3.0338599e-05,0.045749637
221.2,20.944,3.0336366e-05,0.045746268
221.3,20.944,3.0317168e-05,0.045717319
221.4,20.944,3.0296149e-05,0.045685623
221.5,20.944,3.0306488e-05,0.045701214
221.6,20.944,3.0275907e-05,0.045655098
221.7,20.944,3.027472e-05,0.045653309
221.8,20.944,3.0254035e-05,0.045622117
221.9,20.944,3.0232627e-05,0.045589834
222,20.944,3.0243875e-05,0.045606795
222.1,20.944,3.0211976e-05,0.045558693
222.2,20.944,3.0214071e-05,0.045561852
222.3,20.944,3.0186711e-05,0.045520593
222.4,20.944,3.0178797e-05,0.045508661
222.5,20.944,3.0157766e-05,0.045476945
222.6,20.944,3.014444e-05,0.045456852
222.7,20.944,3.0158998e-05,0.045478803
222.8,20.944,3.0122922e-05,0.045424402
222.9,20.944,3.0115326e-05,0.045412948
223,20.944,3.0064628e-05,0.045336497
223.1,20.944,3.007557e-05,0.045352998
223.2,20.944,3.0118154e-05,0.045417213
223.3,20.944,3.0121327e-05,0.045421997
223.4,20.944,3.0168199e-05,0.045492678
223.5,20.944,3.0144175e-05,0.045456452
223.6,20.944,3.0102799e-05,0.045394058
223.7,20.944,3.0052331e-05,0.045317953
223.8,20.944,3.0121936e-05,0.045422915
223.9,20.944,3.0134994e-05,0.045442606
224,20.944,3.0117171e-05,0.045415731
224.1,20.944,3.0081885e-05,0.04536252
224.2,20.944,2.9998307e-05,0.045236487
224.3,20.944,3.0009398e-05,0.045253212
224.4,20.944,3.0070477e-05,0.045345318
224.5,20.944,3.0089611e-05,0.04537417
224.6,20.944,3.0184905e-05,0.04551787
224.7,20.944,3.0192115e-05,0.045528744
224.8,20.944,3.0128682e-05,0.045433089
224.9,20.944,3.0022124e-05,0.045272402
225,20.944,2.9934868e-05,0.045140823
225.1,20.944,2.9934419e-05,0.045140146
225.2,20.944,3.0063759e-05,0.045335186
225.3,20.944,3.0489541e-05,0.045977252
225.4,20.944,3.0367286e-05,0.045792896
225.5,20.944,3.0540196e-05,0.046053639
225.6,20.944,3.0635549e-05,0.046197427
225.7,20.944,3.0728089e-05,0.046336976
225.8,20.944,3.0799103e-05,0.046444061
225.9,20.944,3.0860022e-05,0.046535925
226,20.944,3.0921103e-05,0.046628033
226.1,20.944,3.0966154e-05,0.046695969
226.2,20.944,3.0996323e-05,0.046741463
226.3,20.944,3.1022166e-05,0.046780433
226.4,20.944,3.1046384e-05,0.046816953
226.5,20.944,3.1084714e-05,0.046874754
226.6,20.944,3.1089248e-05,0.046881592
226.7,20.944,3.1131301e-05,0.046945005
226.8,20.944,3.1134563e-05,0.046949924
226.9,20.944,3.1177591e-05,0.047014809
227,20.944,3.1178906e-05,0.047016793
227.1,20.944,3.1198095e-05,0.04704573
227.2,20.944,3.1227566e-05,0.04709017
227.3,20.944,3.1211405e-05,0.0470658
227.4,20.944,3.1234628e-05,0.04710082
227.5,20.944,3.1218447e-05,0.047076419
227.6,20.944,3.1217339e-05,0.047074748
227.7,20.944,3.1229848e-05,0.047093612
227.8,20.944,3.120713e-05,0.047059353
227.9,20.944,3.1205597e-05,0.047057042
228,20.944,3.1207206e-05,0.047059467
228.1,20.944,3.1180734e-05,0.047019549
228.2,20.944,3.1184743e-05,0.047025595
228.3,20.944,3.1145373e-05,0.046966226
228.4,20.944,3.1141546e-05,0.046960456
228.5,20.944,3.1084501e-05,0.046874433
228.6,20.944,3.1018588e-05,0.046775038
228.7,20.944,3.095707e-05,0.046682271
228.8,20.944,3.0873128e-05,0.046555689
228.9,20.944,3.0786474e-05,0.046425017
229,20.944,3.0871152e-05,0.04655271
229.1,20.944,3.0774407e-05,0.046406821
229.2,20.944,3.0881868e-05,0.046568869
229.3,20.944,3.0910434e-05,0.046611946
229.4,20.944,3.0883377e-05,0.046571144
229.5,20.944,3.0904219e-05,0.046602574
229.6,20.944,3.0884575e-05,0.046572951
229.7,20.944,3.0901198e-05,0.046598018
229.8,20.944,3.0882138e-05,0.046569276
229.9,20.944,3.0870686e-05,0.046552007
230,20.944,3.0885964e-05,0.046575046
230.1,20.944,3.0868776e-05,0.046549126
230.2,20.944,3.0858436e-05,0.046533533
230.3,20.944,3.0870672e-05,0.046551986
230.4,20.944,3.0845031e-05,0.046513319
230.5,20.944,3.0859553e-05,0.046535219
230.6,20.944,3.0838046e-05,0.046502787
230.7,20.944,3.0823503e-05,0.046480856
230.8,20.944,3.0836853e-05,0.046500988
230.9,20.944,3.081478e-05,0.046467702
231,20.944,3.0806688e-05,0.046455499
231.1,20.944,3.081431e-05,0.046466994
231.2,20.944,3.0785859e-05,0.04642409
231.3,20.944,3.0787312e-05,0.046426281
231.4,20.944,3.0787631e-05,0.046426762
231.5,20.944,3.0762313e-05,0.046388584
231.6,20.944,3.0770273e-05,0.046400587
231.7,20.944,3.0756592e-05,0.046379956
231.8,20.944,3.0738391e-05,0.04635251
231.9,20.944,3.0751746e-05,0.046372649
232,20.944,3.0719873e-05,0.046324586
232.1,20.944,3.0712072e-05,0.046312822
232.2,20.944,3.0716404e-05,0.046319354
232.3,20.944,3.070874e-05,0.046307797
232.4,20.944,3.0687158e-05,0.046275252
232.5,20.944,3.0698873e-05,0.046292918
232.6,20.944,3.0674137e-05,0.046255617
232.7,20.944,3.065684e-05,0.046229533
232.8,20.944,3.0667603e-05,0.046245763
232.9,20.944,3.0643511e-05,0.046209434
233,20.944,3.0633365e-05,0.046194134
233.1,20.944,3.0642869e-05,0.046208466
233.2,20.944,3.0611447e-05,0.046161083
233.3,20.944,3.0619748e-05,0.0461736
233.4,20.944,3.059236e-05,0.0461323
233.5,20.944,3.0582443e-05,0.046117346
233.6,20.944,3.0590874e-05,0.046130059
233.7,20.944,3.0558735e-05,0.046081595
233.8,20.944,3.0568975e-05,0.046097036
233.9,20.944,3.0543059e-05,0.046057956
234,20.944,3.0519344e-05,0.046022194
234.1,20.944,3.051652e-05,0.046017935
234.2,20.944,3.0525491e-05,0.046031464
234.3,20.944,3.0492051e-05,0.045981037
234.4,20.944,3.0501159e-05,0.045994771
234.5,20.944,3.0473736e-05,0.045953419
234.6,20.944,3.0473871e-05,0.045953622
234.7,20.944,3.0455277e-05,0.045925583
234.8,20.944,3.0435583e-05,0.045895885
234.9,20.944,3.0449196e-05,0.045916413
235,20.944,3.0418143e-05,0.045869587
235.1,20.944,3.0399548e-05,0.045841546
235.2,20.944,3.0408959e-05,0.045855737
235.3,20.944,3.0380323e-05,0.045812554
235.4,20.944,3.0380031e-05,0.045812114
235.5,20.944,3.0360314e-05,0.045782381
235.6,20.944,3.0341077e-05,0.045753373
235.7,20.944,3.0347858e-05,0.045763598
235.8,20.944,3.0315575e-05,0.045714918
235.9,20.944,3.0329362e-05,0.045735708
236,20.944,3.0307043e-05,0.045702051
236.1,20.944,3.0276524e-05,0.045656029
236.2,20.944,3.0285206e-05,0.045669121
236.3,20.944,3.0255334e-05,0.045624075
236.4,20.944,3.0255248e-05,0.045623946
236.5,20.944,3.0232971e-05,0.045590353
236.6,20.944,3.0216073e-05,0.045564872
236.7,20.944,3.0221894e-05,0.045573648
236.8,20.944,3.0186265e-05,0.045519921
236.9,20.944,3.0198895e-05,0.045538967
237,20.944,3.0173104e-05,0.045500075
237.1,20.944,3.0150785e-05,0.045466418
237.2,20.944,3.0153353e-05,0.045470292
237.3,20.944,3.0116001e-05,0.045413966
237.4,20.944,3.0123712e-05,0.045425593
237.5,20.944,3.0098677e-05,0.045387841
237.6,20.944,3.0111434e-05,0.045407079
237.7,20.944,3.0074056e-05,0.045350714
237.8,20.944,3.0068132e-05,0.04534178
237.9,20.944,3.0021672e-05,0.045271721
238,20.944,3.0035175e-05,0.045292083
238.1,20.944,3.0087192e-05,0.045370522
238.2,20.944,3.0109875e-05,0.045404729
238.3,20.944,3.0183635e-05,0.045515955
238.4,20.944,3.0199465e-05,0.045539827
238.5,20.944,3.0129599e-05,0.045434471
238.6,20.944,3.0054236e-05,0.045320826
238.7,20.944,2.9962003e-05,0.045181742
238.8,20.944,3.0020753e-05,0.045270335
238.9,20.944,2.9989403e-05,0.04522306
239,20.944,2.9965978e-05,0.045187736
239.1,20.944,2.9913348e-05,0.045108372
239.2,20.944,2.98966e-05,0.045083116
239.3,20.944,2.9858597e-05,0.045025809
239.4,20.944,2.9869224e-05,0.045041833
239.5,20.944,2.9861102e-05,0.045029586
239.6,20.944,2.9873581e-05,0.045048404
239.7,20.944,2.9831169e-05,0.044984448
239.8,20.944,2.9785805e-05,0.044916041
239.9,20.944,2.9745437e-05,0.044855168
240,20.944,2.9837183e-05,0.044993518
240.1,20.944,2.9924232e-05,0.045124784
240.2,20.944,3.0204721e-05,0.045547752
240.3,20.944,3.0542268e-05,0.046056763
240.4,20.944,3.0752847e-05,0.046374309
240.5,20.944,3.0711691e-05,0.046312248
240.6,20.944,3.0858277e-05,0.046533295
240.7,20.944,3.0870239e-05,0.046551333
240.8,20.944,3.0927874e-05,0.046638245
240.9,20.944,3.0960478e-05,0.046687409
241,20.944,3.0992065e-05,0.046735043
241.1,20.944,3.0997974e-05,0.046743952
241.2,20.944,3.1028003e-05,0.046789236
241.3,20.944,3.1034484e-05,0.046799009
241.4,20.944,3.1057748e-05,0.04683409
241.5,20.944,3.1070781e-05,0.046853743
241.6,20.944,3.1076567e-05,0.046862469
241.7,20.944,3.1082247e-05,0.046871034
241.8,20.944,3.1084312e-05,0.046874148
241.9,20.944,3.1082271e-05,0.04687107
242,20.944,3.1072438e-05,0.046856242
242.1,20.944,3.1093232e-05,0.046887599
242.2,20.944,3.1085585e-05,0.046876068
242.3,20.944,3.1080581e-05,0.046868521
242.4,20.944,3.1094614e-05,0.046889683
242.5,20.944,3.1070266e-05,0.046852966
242.6,20.944,3.10734e-05,0.046857693
242.7,20.944,3.1068901e-05,0.046850908
242.8,20.944,3.1050194e-05,0.046822699
242.9,20.944,3.1031371e-05,0.046794315
243,20.944,3.0980632e-05,0.046717802
243.1,20.944,3.0943156e-05,0.046661288
243.2,20.944,3.0870939e-05,0.046552388
243.3,20.944,3.0770588e-05,0.046401062
243.4,20.944,3.0771502e-05,0.046402441
243.5,20.944,3.0797833e-05,0.046442146
243.6,20.944,3.0737818e-05,0.046351645
243.7,20.944,3.0883859e-05,0.046571871
243.8,20.944,3.0861727e-05,0.046538497
243.9,20.944,3.0858385e-05,0.046533457
244,20.944,3.089013e-05,0.046581328
244.1,20.944,3.087073e-05,0.046552072
244.2,20.944,3.0872256e-05,0.046554375
244.3,20.944,3.0884935e-05,0.046573494
244.4,20.944,3.0866783e-05,0.046546122
244.5,20.944,3.0857477e-05,0.046532088
244.6,20.944,3.0864163e-05,0.04654217
244.7,20.944,3.0869677e-05,0.046550486
244.8,20.944,3.0846495e-05,0.046515527
244.9,20.944,3.0856076e-05,0.046529975
245,20.944,3.0859609e-05,0.046535303
245.1,20.944,3.0831073e-05,0.046492272
245.2,20.944,3.0838497e-05,0.046503467
245.3,20.944,3.0841135e-05,0.046507444
245.4,20.944,3.0817391e-05,0.04647164
245.5,20.944,3.0827789e-05,0.04648732
245.6,20.944,3.0815188e-05,0.046468318
245.7,20.944,3.080056e-05,0.046446259
245.8,20.944,3.0809924e-05,0.04646038
245.9,20.944,3.078857e-05,0.046428178
246,20.944,3.0798231e-05,0.046442747
246.1,20.944,3.0776962e-05,0.046410673
246.2,20.944,3.0783075e-05,0.046419892
246.3,20.944,3.0755983e-05,0.046379038
246.4,20.944,3.074522e-05,0.046362808
246.5,20.944,3.0756947e-05,0.046380492
246.6,20.944,3.0739855e-05,0.046354718
246.7,20.944,3.0725903e-05,0.046333679
246.8,20.944,3.0735321e-05,0.046347881
246.9,20.944,3.0707457e-05,0.046305862
247,20.944,3.0721499e-05,0.046327037
247.1,20.944,3.0692912e-05,0.04628393
247.2,20.944,3.0683491e-05,0.046269723
247.3,20.944,3.0692759e-05,0.046283699
247.4,20.944,3.0662709e-05,0.046238383
247.5,20.944,3.0677675e-05,0.046260952
247.6,20.944,3.0654738e-05,0.046226364
247.7,20.944,3.0641193e-05,0.046205939
247.8,20.944,3.0638443e-05,0.046201791
247.9,20.944,3.0616949e-05,0.046169379
248,20.944,3.0628119e-05,0.046186224
248.1,20.944,3.0597422e-05,0.046139934
248.2,20.944,3.0588538e-05,0.046126537
248.3,20.944,3.0596394e-05,0.046138383
248.4,20.944,3.0564724e-05,0.046090626
248.5,20.944,3.0578452e-05,0.046111327
248.6,20.944,3.0549884e-05,0.046068247
248.7,20.944,3.0529543e-05,0.046037574
248.8,20.944,3.0534994e-05,0.046045794
248.9,20.944,3.0517616e-05,0.046019589
249,20.944,3.0491986e-05,0.045980939
249.1,20.944,3.048834e-05,0.045975441
249.2,20.944,3.0501912e-05,0.045995907
249.3,20.944,3.0470179e-05,0.045948054
249.4,20.944,3.0451758e-05,0.045920277
249.5,20.944,3.0457794e-05,0.045929379
249.6,20.944,3.0440073e-05,0.045902656
249.7,20.944,3.0420004e-05,0.045872393
249.8,20.944,3.0429103e-05,0.045886114
249.9,20.944,3.0401935e-05,0.045845146
250,20.944,3.039006e-05,0.045827238
250.1,20.944,3.0393504e-05,0.045832431
250.2,20.944,3.0363045e-05,0.045786501
250.3,20.944,3.0355794e-05,0.045775567
250.4,20.944,3.0352733e-05,0.045770951
250.5,20.944,3.032863e-05,0.045734603
250.6,20.944,3.0330981e-05,0.045738149
250.7,20.944,3.0303247e-05,0.045696327
250.8,20.944,3.0308257e-05,0.045703881
250.9,20.944,3.0275904e-05,0.045655094
251,20.944,3.028037e-05,0.045661829
251.1,20.944,3.025293e-05,0.04562045
251.2,20.944,3.0258263e-05,0.045628493
251.3,20.944,3.0223363e-05,0.045575865
251.4,20.944,3.0230512e-05,0.045586644
251.5,20.944,3.0201339e-05,0.045542653
251.6,20.944,3.0198617e-05,0.045538548
251.7,20.944,3.0177874e-05,0.045507268
251.8,20.944,3.0158959e-05,0.045478745
251.9,20.944,3.0161906e-05,0.045483189
252,20.944,3.0128304e-05,0.045432518
252.1,20.944,3.0129548e-05,0.045434394
252.2,20.944,3.0110655e-05,0.045405905
252.3,20.944,3.0088396e-05,0.045372338
252.4,20.944,3.0096835e-05,0.045385064
252.5,20.944,3.0065015e-05,0.045337081
252.6,20.944,3.0064503e-05,0.045336309
252.7,20.944,3.0041799e-05,0.045302072
252.8,20.944,3.0022334e-05,0.04527272
252.9,20.944,3.0022736e-05,0.045273325
253,20.944,2.9986321e-05,0.045218413
253.1,20.944,2.998856e-05,0.045221789
253.2,20.944,2.9982018e-05,0.045211924
253.3,20.944,2.9954706e-05,0.045170739
253.4,20.944,2.995072e-05,0.045164728
253.5,20.944,2.9910075e-05,0.045103436
253.6,20.944,2.9937374e-05,0.045144603
253.7,20.944,2.9920714e-05,0.045119479
253.8,20.944,2.9915672e-05,0.045111876
253.9,20.944,2.9912866e-05,0.045107645
254,20.944,2.982798e-05,0.044979639
254.1,20.944,2.9847914e-05,0.0450097
254.2,20.944,2.993023e-05,0.045133829
254.3,20.944,3.0014556e-05,0.04526099
254.4,20.944,3.0254934e-05,0.045623472
254.5,20.944,3.0527599e-05,0.046034642
254.6,20.944,3.0799397e-05,0.046444506
254.7,20.944,3.0742983e-05,0.046359434
254.8,20.944,3.086985e-05,0.046550747
254.9,20.944,3.0914645e-05,0.046618295
255,20.944,3.0942434e-05,0.0466602
255.1,20.944,3.1013018e-05,0.046766639
255.2,20.944,3.101042e-05,0.046762721
255.3,20.944,3.1047848e-05,0.046819161
255.4,20.944,3.1058434e-05,0.046835125
255.5,20.944,3.1067739e-05,0.046849157
255.6,20.944,3.1098858e-05,0.046896083
255.7,20.944,3.1086563e-05,0.046877543
255.8,20.944,3.1118833e-05,0.046926205
255.9,20.944,3.1101554e-05,0.046900149
256,20.944,3.1104561e-05,0.046904683
256.1,20.944,3.1133705e-05,0.046948632
256.2,20.944,3.1117097e-05,0.046923587
256.3,20.944,3.1111107e-05,0.046914554
256.4,20.944,3.1130005e-05,0.046943052
256.5,20.944,3.1130693e-05,0.046944089
256.6,20.944,3.1126468e-05,0.046937717
256.7,20.944,3.1150204e-05,0.046973511
256.8,20.944,3.1144163e-05,0.046964402
256.9,20.944,3.1154746e-05,0.04698036
257,20.944,3.1146833e-05,0.046968427
257.1,20.944,3.1132398e-05,0.04694666
257.2,20.944,3.1143092e-05,0.046962786
257.3,20.944,3.1108028e-05,0.04690991
257.4,20.944,3.1079216e-05,0.046866463
257.5,20.944,3.105476e-05,0.046829584
257.6,20.944,3.0971754e-05,0.046704414
257.7,20.944,3.0913774e-05,0.046616982
257.8,20.944,3.0798411e-05,0.046443018
257.9,20.944,3.0828265e-05,0.046488037
258,20.944,3.0813277e-05,0.046465436
258.1,20.944,3.0802922e-05,0.046449821
258.2,20.944,3.0890484e-05,0.046581862
258.3,20.944,3.0899895e-05,0.046596054
258.4,20.944,3.0880546e-05,0.046566875
258.5,20.944,3.0881653e-05,0.046568544
258.6,20.944,3.0897229e-05,0.046592032
258.7,20.944,3.08735e-05,0.04655625
258.8,20.944,3.0881686e-05,0.046568594
258.9,20.944,3.0885874e-05,0.046574909
259,20.944,3.08669e-05,0.046546297
259.1,20.944,3.0877978e-05,0.046563003
259.2,20.944,3.0867812e-05,0.046547673
259.3,20.944,3.0854099e-05,0.046526993
259.4,20.944,3.0870751e-05,0.046552105
259.5,20.944,3.084877e-05,0.046518958
259.6,20.944,3.084138e-05,0.046507814
259.7,20.944,3.0852652e-05,0.046524812
259.8,20.944,3.082359e-05,0.046480987
259.9,20.944,3.0827885e-05,0.046487464
260,20.944,3.0836852e-05,0.046500986
260.1,20.944,3.0811276e-05,0.046462418
260.2,20.944,3.0798542e-05,0.046443215
260.3,20.944,3.0802666e-05,0.046449435
260.4,20.944,3.0802623e-05,0.04644937
260.5,20.944,3.0777065e-05,0.046410829
260.6,20.944,3.0785351e-05,0.046423324
260.7,20.944,3.0779165e-05,0.046413996
260.8,20.944,3.0759411e-05,0.046384207
260.9,20.944,3.0771468e-05,0.046402388
261,20.944,3.0748118e-05,0.046367178
261.1,20.944,3.0735684e-05,0.046348428
261.2,20.944,3.0748028e-05,0.046367042
261.3,20.944,3.0723969e-05,0.046330762
261.4,20.944,3.0711356e-05,0.046311742
261.5,20.944,3.0724146e-05,0.046331029
261.6,20.944,3.0692168e-05,0.046282807
261.7,20.944,3.0693999e-05,0.046285568
261.8,20.944,3.0688535e-05,0.046277329
261.9,20.944,3.0665838e-05,0.046243102
262,20.944,3.0678082e-05,0.046261566
262.1,20.944,3.0651963e-05,0.046222179
262.2,20.944,3.0642676e-05,0.046208175
262.3,20.944,3.0652163e-05,0.046222481
262.4,20.944,3.0621515e-05,0.046176264
262.5,20.944,3.0635667e-05,0.046197606
262.6,20.944,3.060769e-05,0.046155418
262.7,20.944,3.0587804e-05,0.046125429
262.8,20.944,3.0590652e-05,0.046129724
262.9,20.944,3.0586656e-05,0.046123698
263,20.944,3.0562702e-05,0.046087577
263.1,20.944,3.0572367e-05,0.046102152
263.2,20.944,3.0545086e-05,0.046061013
263.3,20.944,3.0545572e-05,0.046061746
263.4,20.944,3.0528008e-05,0.046035259
263.5,20.944,3.0509128e-05,0.046006789
263.6,20.944,3.0520053e-05,0.046023264
263.7,20.944,3.0492516e-05,0.045981739
263.8,20.944,3.048314e-05,0.0459676
263.9,20.944,3.0486976e-05,0.045973384
264,20.944,3.0459035e-05,0.04593125
264.1,20.944,3.0447287e-05,0.045913535
264.2,20.944,3.045608e-05,0.045926793
264.3,20.944,3.0422901e-05,0.045876761
264.4,20.944,3.0431166e-05,0.045889224
264.5,20.944,3.0403906e-05,0.045848117
264.6,20.944,3.0402835e-05,0.045846502
264.7,20.944,3.0384085e-05,0.045818228
264.8,20.944,3.0364176e-05,0.045788206
264.9,20.944,3.037729e-05,0.045807982
265,20.944,3.0346822e-05,0.045762036
265.1,20.944,3.0329264e-05,0.045735559
265.2,20.944,3.0339313e-05,0.045750713
265.3,20.944,3.0309466e-05,0.045705704
265.4,20.944,3.0297116e-05,0.045687082
265.5,20.944,3.0300114e-05,0.045691602
265.6,20.944,3.0268381e-05,0.04564375
265.7,20.944,3.0262664e-05,0.045635129
265.8,20.944,3.0256389e-05,0.045625667
265.9,20.944,3.0236309e-05,0.045595386
266,20.944,3.0233558e-05,0.045591238
266.1,20.944,3.0206094e-05,0.045549823
266.2,20.944,3.0212571e-05,0.045559591
266.3,20.944,3.017943e-05,0.045509615
266.4,20.944,3.0186581e-05,0.045520397
266.5,20.944,3.0153414e-05,0.045470383
266.6,20.944,3.0159996e-05,0.045480309
266.7,20.944,3.0127275e-05,0.045430967
266.8,20.944,3.013435e-05,0.045441635
266.9,20.944,3.0099139e-05,0.045388539
267,20.944,3.0113199e-05,0.04540974
267.1,20.944,3.007492e-05,0.045352017
267.2,20.944,3.0055141e-05,0.045322191
267.3,20.944,3.0060837e-05,0.04533078
267.4,20.944,3.0035349e-05,0.045292345
267.5,20.944,3.0030201e-05,0.045284582
267.6,20.944,3.0006512e-05,0.045248859
267.7,20.944,2.9991261e-05,0.045225861
267.8,20.944,3.0000811e-05,0.045240263
267.9,20.944,2.9965146e-05,0.045186481
268,20.944,2.9967718e-05,0.04519036
268.1,20.944,2.9928591e-05,0.045131358
268.2,20.944,2.9937088e-05,0.045144171
268.3,20.944,2.9924044e-05,0.0451245
268.4,20.944,2.9931589e-05,0.045135878
268.5,20.944,2.9890308e-05,0.045073627
268.6,20.944,2.9857362e-05,0.045023946
268.7,20.944,2.984033e-05,0.044998262
268.8,20.944,2.9912633e-05,0.045107294
268.9,20.944,2.9953508e-05,0.045168931
269,20.944,3.0110881e-05,0.045406245
269.1,20.944,3.0289785e-05,0.045676026
269.2,20.944,3.0557279e-05,0.046079399
269.3,20.944,3.0731684e-05,0.046342396
269.4,20.944,3.0724305e-05,0.046331268
269.5,20.944,3.084915e-05,0.046519531
269.6,20.944,3.0894828e-05,0.046588413
269.7,20.944,3.0934987e-05,0.046648971
269.8,20.944,3.0976587e-05,0.046711701
269.9,20.944,3.102067e-05,0.046778177
270,20.944,3.1025282e-05,0.046785132
270.1,20.944,3.1070224e-05,0.046852903
270.2,20.944,3.1064193e-05,0.046843809
270.3,20.944,3.1071871e-05,0.046855387
270.4,20.944,3.1099896e-05,0.046897648
270.5,20.944,3.1098635e-05,0.046895747
270.6,20.944,3.1116401e-05,0.046922537
270.7,20.944,3.111836e-05,0.046925491
270.8,20.944,3.1120366e-05,0.046928515
270.9,20.944,3.115365e-05,0.046978708
271,20.944,3.1139263e-05,0.046957013
271.1,20.944,3.1150172e-05,0.046973463
271.2,20.944,3.1174125e-05,0.047009582
271.3,20.944,3.1170493e-05,0.047004106
271.4,20.944,3.11661e-05,0.046997481
271.5,20.944,3.1182881e-05,0.047022786
271.6,20.944,3.1155707e-05,0.046981809
271.7,20.944,3.116915e-05,0.047002081
271.8,20.944,3.1134355e-05,0.046949611
271.9,20.944,3.110536e-05,0.046905888
272,20.944,3.109104e-05,0.046884294
272.1,20.944,3.1036908e-05,0.046802664
272.2,20.944,3.096139e-05,0.046688785
272.3,20.944,3.0899012e-05,0.046594722
272.4,20.944,3.0786094e-05,0.046424444
272.5,20.944,3.0863181e-05,0.04654069
272.6,20.944,3.0795524e-05,0.046438665
272.7,20.944,3.0845394e-05,0.046513867
272.8,20.944,3.0921943e-05,0.0466293
272.9,20.944,3.0882974e-05,0.046570536
273,20.944,3.0885915e-05,0.046574971
273.1,20.944,3.0910464e-05,0.04661199
273.2,20.944,3.0889773e-05,0.046580789
273.3,20.944,3.0886971e-05,0.046576563
273.4,20.944,3.0902102e-05,0.046599381
273.5,20.944,3.0879233e-05,0.046564895
273.6,20.944,3.0890426e-05,0.046581773
273.7,20.944,3.0872962e-05,0.046555438
273.8,20.944,3.0885811e-05,0.046574815
273.9,20.944,3.0860924e-05,0.046537286
274,20.944,3.0876246e-05,0.046560391
274.1,20.944,3.0853538e-05,0.046526148
274.2,20.944,3.0848124e-05,0.046517983
274.3,20.944,3.0860368e-05,0.046536448
274.4,20.944,3.0833789e-05,0.046496367
274.5,20.944,3.0842495e-05,0.046509495
274.6,20.944,3.0822913e-05,0.046479967
274.7,20.944,3.0834142e-05,0.046496899
274.8,20.944,3.0807945e-05,0.046457395
274.9,20.944,3.0821263e-05,0.046477478
275,20.944,3.0796507e-05,0.046440147
275.1,20.944,3.0788503e-05,0.046428077
275.2,20.944,3.0798812e-05,0.046443623
275.3,20.944,3.0771631e-05,0.046402636
275.4,20.944,3.0784197e-05,0.046421584
275.5,20.944,3.0760068e-05,0.046385198
275.6,20.944,3.0752149e-05,0.046373257
275.7,20.944,3.0761976e-05,0.046388075
275.8,20.944,3.0733429e-05,0.046345028
275.9,20.944,3.0751574e-05,0.046372389
276,20.944,3.0730206e-05,0.046340168
276.1,20.944,3.0709079e-05,0.046308309
276.2,20.944,3.0720817e-05,0.046326009
276.3,20.944,3.06964e-05,0.046289189
276.4,20.944,3.0682405e-05,0.046268085
276.5,20.944,3.0694667e-05,0.046286575
276.6,20.944,3.0668819e-05,0.046247597
276.7,20.944,3.065648e-05,0.046228991
276.8,20.944,3.0663627e-05,0.046239768
276.9,20.944,3.06402e-05,0.046204441
277,20.944,3.0646467e-05,0.046213892
277.1,20.944,3.0622153e-05,0.046177227
277.2,20.944,3.0627374e-05,0.046185099
277.3,20.944,3.0596529e-05,0.046138587
277.4,20.944,3.0596797e-05,0.04613899
277.5,20.944,3.0593428e-05,0.04613391
277.6,20.944,3.0567197e-05,0.046094355
277.7,20.944,3.0573629e-05,0.046104054
277.8,20.944,3.0557428e-05,0.046079624
277.9,20.944,3.053835e-05,0.046050855
278,20.944,3.0550234e-05,0.046068775
278.1,20.944,3.0521967e-05,0.04602615
278.2,20.944,3.0522482e-05,0.046026926
278.3,20.944,3.0505437e-05,0.046001222
278.4,20.944,3.0485366e-05,0.045970957
278.5,20.944,3.0496701e-05,0.045988049
278.6,20.944,3.0468952e-05,0.045946205
278.7,20.944,3.0468487e-05,0.045945504
278.8,20.944,3.0450775e-05,0.045918795
278.9,20.944,3.0431658e-05,0.045889966
279,20.944,3.0442716e-05,0.045906642
279.1,20.944,3.0414088e-05,0.045863471
279.2,20.944,3.0412992e-05,0.045861819
279.3,20.944,3.0394193e-05,0.04583347
279.4,20.944,3.0374436e-05,0.045803678
279.5,20.944,3.0384859e-05,0.045819396
279.6,20.944,3.0356447e-05,0.045776551
279.7,20.944,3.0356216e-05,0.045776202
279.8,20.944,3.0335444e-05,0.045744879
279.9,20.944,3.0319045e-05,0.045720149
280,20.944,3.0324077e-05,0.045727738
280.1,20.944,3.0288824e-05,0.045674577
280.2,20.944,3.0289084e-05,0.045674969
280.3,20.944,3.0281788e-05,0.045663967
280.4,20.944,3.025688e-05,0.045626406
280.5,20.944,3.0259861e-05,0.045630902
280.6,20.944,3.0233182e-05,0.045590671
280.7,20.944,3.0236319e-05,0.045595402
280.8,20.944,3.0203147e-05,0.045545379
280.9,20.944,3.0201427e-05,0.045542785
281,20.944,3.0196475e-05,0.045535317
281.1,20.944,3.0165443e-05,0.045488523
281.2,20.944,3.0175358e-05,0.045503474
281.3,20.944,3.0144664e-05,0.045457189
281.4,20.944,3.0130996e-05,0.045436578
281.5,20.944,3.0132833e-05,0.045439348
281.6,20.944,3.0099899e-05,0.045389685
281.7,20.944,3.0093695e-05,0.045380329
281.8,20.944,3.0087259e-05,0.045370623
281.9,20.944,3.0067272e-05,0.045340484
282,20.944,3.0060773e-05,0.045330684
282.1,20.944,3.0027154e-05,0.045279988
282.2,20.944,3.0034819e-05,0.045291546
282.3,20.944,3.0012848e-05,0.045258415
282.4,20.944,3.001123e-05,0.045255974
282.5,20.944,2.997958e-05,0.045208247
282.6,20.944,2.9971298e-05,0.045195758
282.7,20.944,2.995206e-05,0.045166748
282.8,20.944,2.9964498e-05,0.045185504
282.9,20.944,2.9949745e-05,0.045163257
283,20.944,2.9925604e-05,0.045126853
283.1,20.944,2.9898555e-05,0.045086064
283.2,20.944,2.9855943e-05,0.045021807
283.3,20.944,2.9940786e-05,0.045149747
283.4,20.944,2.9971022e-05,0.045195342
283.5,20.944,3.0092012e-05,0.045377791
283.6,20.944,3.0312856e-05,0.045710816
283.7,20.944,3.0521516e-05,0.04602547
283.8,20.944,3.0758798e-05,0.046383283
283.9,20.944,3.0741447e-05,0.046357118
284,20.944,3.0854913e-05,0.046528221
284.1,20.944,3.0905111e-05,0.046603918
284.2,20.944,3.0964555e-05,0.046693557
284.3,20.944,3.1002316e-05,0.046750501
284.4,20.944,3.103897e-05,0.046805774
284.5,20.944,3.1053725e-05,0.046828024
284.6,20.944,3.1085961e-05,0.046876634
284.7,20.944,3.1092366e-05,0.046886293
284.8,20.944,3.111047e-05,0.046913593
284.9,20.944,3.112575e-05,0.046936635
285,20.944,3.1134393e-05,0.046949668
285.1,20.944,3.1141255e-05,0.046960016
285.2,20.944,3.1140195e-05,0.046958417
285.3,20.944,3.1169846e-05,0.04700313
285.4,20.944,3.1169894e-05,0.047003202
285.5,20.944,3.1191273e-05,0.047035442
285.6,20.944,3.1190875e-05,0.047034841
285.7,20.944,3.119509e-05,0.047041198
285.8,20.944,3.1218291e-05,0.047076183
285.9,20.944,3.1199969e-05,0.047048555
286,20.944,3.1220876e-05,0.047080083
286.1,20.944,3.1198093e-05,0.047045726
286.2,20.944,3.1203353e-05,0.047053658
286.3,20.944,3.1186531e-05,0.047028291
286.4,20.944,3.1168614e-05,0.047001272
286.5,20.944,3.1175597e-05,0.047011803
286.6,20.944,3.1129721e-05,0.046942623
286.7,20.944,3.1106175e-05,0.046907117
286.8,20.944,3.1076067e-05,0.046861715
286.9,20.944,3.0990642e-05,0.046732896
287,20.944,3.0912382e-05,0.046614882
287.1,20.944,3.0827521e-05,0.046486915
287.2,20.944,3.0858922e-05,0.046534268
287.3,20.944,3.0813248e-05,0.046465392
287.4,20.944,3.0840289e-05,0.046506169
287.5,20.944,3.0916576e-05,0.046621207
287.6,20.944,3.0899316e-05,0.046595179
287.7,20.944,3.0914642e-05,0.046618291
287.8,20.944,3.0899483e-05,0.046595432
287.9,20.944,3.0917752e-05,0.046622981
288,20.944,3.0901604e-05,0.04659863
288.1,20.944,3.0889048e-05,0.046579695
288.2,20.944,3.0905589e-05,0.04660464
288.3,20.944,3.0887839e-05,0.046577873
288.4,20.944,3.0882029e-05,0.046569111
288.5,20.944,3.0895191e-05,0.046588959
288.6,20.944,3.087054e-05,0.046551786
288.7,20.944,3.0886326e-05,0.046575591
288.8,20.944,3.0855992e-05,0.046529848
288.9,20.944,3.0864803e-05,0.046543135
289,20.944,3.0861208e-05,0.046537715
289.1,20.944,3.0840877e-05,0.046507056
289.2,20.944,3.0856101e-05,0.046530013
289.3,20.944,3.0834254e-05,0.046497068
289.4,20.944,3.0820371e-05,0.046476133
289.5,20.944,3.0833497e-05,0.046495927
289.6,20.944,3.0811259e-05,0.046462393
289.7,20.944,3.0803695e-05,0.046450987
289.8,20.944,3.0814097e-05,0.046466672
289.9,20.944,3.078695e-05,0.046425735
290,20.944,3.0799604e-05,0.046444817
290.1,20.944,3.0774072e-05,0.046406317
290.2,20.944,3.0766189e-05,0.046394428
290.3,20.944,3.0776441e-05,0.046409888
290.4,20.944,3.0748134e-05,0.046367202
290.5,20.944,3.0765605e-05,0.046393548
290.6,20.944,3.0743627e-05,0.046360406
290.7,20.944,3.0722804e-05,0.046329005
290.8,20.944,3.0732667e-05,0.046343879
290.9,20.944,3.0709771e-05,0.046309352
291,20.944,3.0700356e-05,0.046295155
291.1,20.944,3.0708906e-05,0.046308048
291.2,20.944,3.0676445e-05,0.046259098
291.3,20.944,3.0678068e-05,0.046261544
291.4,20.944,3.0675159e-05,0.046257158
291.5,20.944,3.0649831e-05,0.046218965
291.6,20.944,3.0657493e-05,0.046230519
291.7,20.944,3.0641106e-05,0.046205807
291.8,20.944,3.062242e-05,0.046177629
291.9,20.944,3.0635217e-05,0.046196927
292,20.944,3.060072e-05,0.046144906
292.1,20.944,3.0594535e-05,0.04613558
292.2,20.944,3.0603812e-05,0.04614957
292.3,20.944,3.0579311e-05,0.046112623
292.4,20.944,3.05684e-05,0.046096169
292.5,20.944,3.0576847e-05,0.046108906
292.6,20.944,3.0545458e-05,0.046061573
292.7,20.944,3.0554161e-05,0.046074697
292.8,20.944,3.0527845e-05,0.046035014
292.9,20.944,3.0528356e-05,0.046035783
293,20.944,3.0511617e-05,0.046010541
293.1,20.944,3.0493267e-05,0.045982871
293.2,20.944,3.0502603e-05,0.04599695
293.3,20.944,3.0471668e-05,0.0459503
293.4,20.944,3.0485007e-05,0.045970415
293.5,20.944,3.0454985e-05,0.045925143
293.6,20.944,3.0435429e-05,0.045895653
293.7,20.944,3.0438183e-05,0.045899805
293.8,20.944,3.0423333e-05,0.045877413
293.9,20.944,3.0401894e-05,0.045845083
294,20.944,3.0407239e-05,0.045853144
294.1,20.944,3.0388487e-05,0.045824867
294.2,20.944,3.0368275e-05,0.045794387
294.3,20.944,3.0378944e-05,0.045810475
294.4,20.944,3.0350275e-05,0.045767243
294.5,20.944,3.035006e-05,0.045766919
294.6,20.944,3.0329266e-05,0.045735563
294.7,20.944,3.0311535e-05,0.045708825
294.8,20.944,3.0319002e-05,0.045720084
294.9,20.944,3.0286373e-05,0.045670881
295,20.944,3.0294356e-05,0.045682919
295.1,20.944,3.0258611e-05,0.045629017
295.2,20.944,3.0265264e-05,0.04563905
295.3,20.944,3.0240968e-05,0.045602412
295.4,20.944,3.0227297e-05,0.045581796
295.5,20.944,3.0230541e-05,0.045586689
295.6,20.944,3.0197653e-05,0.045537095
295.7,20.944,3.0185658e-05,0.045519006
295.8,20.944,3.0193804e-05,0.045531291
295.9,20.944,3.0158439e-05,0.045477961
296,20.944,3.0167908e-05,0.04549224
296.1,20.944,3.0135633e-05,0.04544357
296.2,20.944,3.0134808e-05,0.045442325
296.3,20.944,3.0112264e-05,0.045408331
296.4,20.944,3.0094739e-05,0.045381903
296.5,20.944,3.0101368e-05,0.045391899
296.6,20.944,3.0065659e-05,0.045338052
296.7,20.944,3.0077349e-05,0.04535568
296.8,20.944,3.0042691e-05,0.045303416
296.9,20.944,3.0027078e-05,0.045279872
297,20.944,3.0030728e-05,0.045285377
297.1,20.944,2.9991793e-05,0.045226664
297.2,20.944,2.9992495e-05,0.045227723
297.3,20.944,2.9975538e-05,0.045202153
297.4,20.944,2.9961305e-05,0.045180689
297.5,20.944,2.9970156e-05,0.045194036
297.6,20.944,2.9927762e-05,0.045130107
297.7,20.944,2.9926743e-05,0.045128571
297.8,20.944,2.9894342e-05,0.045079711
297.9,20.944,2.990341e-05,0.045093386
298,20.944,2.9937932e-05,0.045145443
298.1,20.944,2.9920698e-05,0.045119455
298.2,20.944,2.9921951e-05,0.045121345
298.3,20.944,2.9846188e-05,0.045007096
298.4,20.944,2.9872819e-05,0.045047255
298.5,20.944,2.9958232e-05,0.045176056
298.6,20.944,3.0060813e-05,0.045330743
298.7,20.944,3.022597e-05,0.045579796
298.8,20.944,3.0486423e-05,0.04597255
298.9,20.944,3.0760459e-05,0.046385788
299,20.944,3.0741661e-05,0.046357441
299.1,20.944,3.0831258e-05,0.046492551
299.2,20.944,3.0916389e-05,0.046620926
299.3,20.944,3.0931718e-05,0.04664404
299.4,20.944,3.0998019e-05,0.04674402
299.5,20.944,3.1007776e-05,0.046758734
299.6,20.944,3.1041801e-05,0.046810043
299.7,20.944,3.1048759e-05,0.046820535
299.8,20.944,3.107748e-05,0.046863846
299.9,20.944,3.1075707e-05,0.046861171
300,20.944,3.1100576e-05,0.046898674
