time_s,omega_meas_rad_s,Mz_wedge_Nm,P_visc_full_W
0.1,10.472,1.8027222e-05,0.013592237
0.2,10.472,1.3312967e-05,0.010037764
0.3,10.472,1.1307068e-05,0.0085253482
0.4,10.472,1.0147346e-05,0.0076509362
0.5,10.472,9.3840275e-06,0.0070754066
0.6,10.472,8.8639915e-06,0.0066833078
0.7,10.472,8.5043364e-06,0.0064121336
0.8,10.472,8.2606417e-06,0.0062283916
0.9,10.472,8.103106e-06,0.0061096123
1,10.472,7.9954893e-06,0.006028471
1.1,10.472,7.9397892e-06,0.005986474
1.2,10.472,7.9339394e-06,0.0059820634
1.3,10.472,7.959656e-06,0.0060014533
1.4,10.472,8.017322e-06,0.0060449325
1.5,10.472,8.0829991e-06,0.006094452
1.6,10.472,8.1557551e-06,0.0061493088
1.7,10.472,8.244623e-06,0.0062163138
1.8,10.472,8.3455251e-06,0.0062923924
1.9,10.472,8.4516648e-06,0.0063724201
2,10.472,8.5582461e-06,0.0064527807
2.1,10.472,8.6634087e-06,0.0065320715
2.2,10.472,8.7897925e-06,0.0066273629
2.3,10.472,8.9436483e-06,0.0067433677
2.4,10.472,9.1536801e-06,0.0069017284
2.5,10.472,9.4435849e-06,0.0071203119
2.6,10.472,9.8197351e-06,0.0074039232
2.7,10.472,1.0268883e-05,0.0077425731
2.8,10.472,1.0729194e-05,0.008089641
2.9,10.472,1.1153976e-05,0.0084099191
3,10.472,1.1493043e-05,0.0086655703
3.1,10.472,1.1685247e-05,0.0088104891
3.2,10.472,1.1742005e-05,0.0088532837
3.3,10.472,1.1728043e-05,0.0088427571
3.4,10.472,1.1705632e-05,0.0088258591
3.5,10.472,1.1697193e-05,0.0088194967
3.6,10.472,1.1695193e-05,0.0088179887
3.7,10.472,1.1698249e-05,0.0088202928
3.8,10.472,1.1693405e-05,0.0088166404
3.9,10.472,1.1690053e-05,0.0088141132
4,10.472,1.1684082e-05,0.0088096107
4.1,10.472,1.1675708e-05,0.0088032969
4.2,10.472,1.1667767e-05,0.0087973095
4.3,10.472,1.1656402e-05,0.0087887404
4.4,10.472,1.1648233e-05,0.0087825813
4.5,10.472,1.1635249e-05,0.0087727915
4.6,10.472,1.1625717e-05,0.0087656043
4.7,10.472,1.1618609e-05,0.0087602451
4.8,10.472,1.1618161e-05,0.0087599076
4.9,10.472,1.1633674e-05,0.0087716042
5,10.472,1.1657937e-05,0.0087898978
5.1,10.472,1.1686301e-05,0.0088112838
5.2,10.472,1.1698953e-05,0.008820823
5.3,10.472,1.1703382e-05,0.0088241626
5.4,10.472,1.1705672e-05,0.0088258896
5.5,10.472,1.1703186e-05,0.0088240149
5.6,10.472,1.1705488e-05,0.008825751
5.7,10.472,1.1705585e-05,0.0088258236
5.8,10.472,1.1707188e-05,0.0088270328
5.9,10.472,1.1707709e-05,0.0088274252
6,10.472,1.1705128e-05,0.008825479
6.1,10.472,1.170544e-05,0.0088257145
6.2,10.472,1.1706237e-05,0.0088263156
6.3,10.472,1.1703475e-05,0.0088242326
6.4,10.472,1.1704632e-05,0.008825105
6.5,10.472,1.1700752e-05,0.00882218
6.6,10.472,1.1698763e-05,0.0088206798
6.7,10.472,1.1697569e-05,0.0088197797
6.8,10.472,1.169341e-05,0.0088166441
6.9,10.472,1.1693251e-05,0.0088165244
7,10.472,1.1689246e-05,0.0088135048
7.1,10.472,1.168711e-05,0.0088118942
7.2,10.472,1.1684998e-05,0.0088103018
7.3,10.472,1.168074e-05,0.0088070909
7.4,10.472,1.1680471e-05,0.008806888
7.5,10.472,1.167469e-05,0.0088025298
7.6,10.472,1.167196e-05,0.0088004709
7.7,10.472,1.1670503e-05,0.0087993727
7.8,10.472,1.1665247e-05,0.0087954094
7.9,10.472,1.1664008e-05,0.0087944758
8,10.472,1.1658684e-05,0.0087904612
8.1,10.472,1.1654242e-05,0.0087871122
8.2,10.472,1.1652986e-05,0.0087861649
8.3,10.472,1.1647996e-05,0.0087824027
8.4,10.472,1.1643301e-05,0.0087788629
8.5,10.472,1.164151e-05,0.0087775121
8.6,10.472,1.1636555e-05,0.008773776
8.7,10.472,1.1631651e-05,0.0087700788
8.8,10.472,1.1629488e-05,0.0087684479
8.9,10.472,1.1624899e-05,0.0087649876
9,10.472,1.1619218e-05,0.0087607046
9.1,10.472,1.1615995e-05,0.0087582747
9.2,10.472,1.1613855e-05,0.0087566609
9.3,10.472,1.1607919e-05,0.0087521854
9.4,10.472,1.1606294e-05,0.0087509601
9.5,10.472,1.1599173e-05,0.0087455911
9.6,10.472,1.1595326e-05,0.0087426902
9.7,10.472,1.1593263e-05,0.0087411351
9.8,10.472,1.1587841e-05,0.0087370468
9.9,10.472,1.158717e-05,0.0087365406
10,10.472,1.1582006e-05,0.0087326472
10.1,10.472,1.1580762e-05,0.008731709
10.2,10.472,1.1582592e-05,0.0087330894
10.3,10.472,1.1582854e-05,0.0087332865
10.4,10.472,1.159043e-05,0.0087389987
10.5,10.472,1.159692e-05,0.0087438923
10.6,10.472,1.161086e-05,0.0087544026
10.7,10.472,1.1628269e-05,0.0087675286
10.8,10.472,1.164554e-05,0.0087805505
10.9,10.472,1.1663688e-05,0.008794234
11,10.472,1.1674419e-05,0.0088023248
11.1,10.472,1.168564e-05,0.0088107856
11.2,10.472,1.1693503e-05,0.0088167141
11.3,10.472,1.1697334e-05,0.008819603
11.4,10.472,1.1703705e-05,0.0088244065
11.5,10.472,1.1703749e-05,0.0088244393
11.6,10.472,1.1704065e-05,0.0088246776
11.7,10.472,1.1704674e-05,0.0088251371
11.8,10.472,1.169996e-05,0.0088215824
11.9,10.472,1.1698003e-05,0.0088201073
12,10.472,1.1689377e-05,0.0088136032
12.1,10.472,1.1682427e-05,0.0088083634
12.2,10.472,1.1676923e-05,0.008804213
12.3,10.472,1.1668622e-05,0.0087979541
12.4,10.472,1.1669532e-05,0.0087986405
12.5,10.472,1.1675551e-05,0.0088031786
12.6,10.472,1.1698716e-05,0.0088206445
12.7,10.472,1.1725803e-05,0.0088410681
12.8,10.472,1.1748258e-05,0.0088579986
12.9,10.472,1.1758994e-05,0.0088660934
13,10.472,1.1759559e-05,0.0088665196
13.1,10.472,1.1761165e-05,0.0088677299
13.2,10.472,1.1762562e-05,0.0088687832
13.3,10.472,1.176427e-05,0.0088700714
13.4,10.472,1.1768108e-05,0.008872965
13.5,10.472,1.1767555e-05,0.008872548
13.6,10.472,1.1770375e-05,0.0088746746
13.7,10.472,1.1768021e-05,0.0088728996
13.8,10.472,1.176867e-05,0.0088733886
13.9,10.472,1.1768327e-05,0.0088731302
14,10.472,1.1766937e-05,0.0088720821
14.1,10.472,1.1767321e-05,0.008872372
14.2,10.472,1.1764085e-05,0.008869932
14.3,10.472,1.1764227e-05,0.0088700392
14.4,10.472,1.1760592e-05,0.0088672984
14.5,10.472,1.1758909e-05,0.0088660294
14.6,10.472,1.1757341e-05,0.008864847
14.7,10.472,1.1753665e-05,0.0088620753
14.8,10.472,1.175364e-05,0.0088620562
14.9,10.472,1.1748274e-05,0.0088580106
15,10.472,1.1745964e-05,0.008856269
15.1,10.472,1.1744731e-05,0.0088553391
15.2,10.472,1.1739982e-05,0.0088517587
15.3,10.472,1.1738206e-05,0.0088504195
15.4,10.472,1.1732909e-05,0.0088464255
15.5,10.472,1.1729882e-05,0.0088441433
15.6,10.472,1.1726507e-05,0.0088415989
15.7,10.472,1.172177e-05,0.0088380269
15.8,10.472,1.1719486e-05,0.0088363049
15.9,10.472,1.1713507e-05,0.0088317969
16,10.472,1.1711559e-05,0.0088303284
16.1,10.472,1.170532e-05,0.0088256243
16.2,10.472,1.1701325e-05,0.0088226117
16.3,10.472,1.1697563e-05,0.0088197751
16.4,10.472,1.1691839e-05,0.0088154598
16.5,10.472,1.1688843e-05,0.0088132005
16.6,10.472,1.1682626e-05,0.0088085134
16.7,10.472,1.1679739e-05,0.0088063366
16.8,10.472,1.1671977e-05,0.0088004841
16.9,10.472,1.1668845e-05,0.0087981223
17,10.472,1.1664289e-05,0.0087946872
17.1,10.472,1.1658637e-05,0.0087904259
17.2,10.472,1.1653929e-05,0.0087868756
17.3,10.472,1.1646843e-05,0.0087815333
17.4,10.472,1.1644348e-05,0.0087796524
17.5,10.472,1.1636804e-05,0.0087739641
17.6,10.472,1.1632008e-05,0.0087703481
17.7,10.472,1.1627347e-05,0.0087668338
17.8,10.472,1.1620619e-05,0.0087617606
17.9,10.472,1.1617403e-05,0.0087593358
18,10.472,1.1608937e-05,0.0087529531
18.1,10.472,1.1603474e-05,0.0087488336
18.2,10.472,1.1600471e-05,0.0087465693
18.3,10.472,1.1592434e-05,0.0087405099
18.4,10.472,1.1588759e-05,0.0087377389
18.5,10.472,1.1582688e-05,0.0087331614
18.6,10.472,1.1576279e-05,0.0087283291
18.7,10.472,1.157298e-05,0.0087258419
18.8,10.472,1.1570296e-05,0.008723818
18.9,10.472,1.1566147e-05,0.0087206896
19,10.472,1.1568067e-05,0.0087221375
19.1,10.472,1.1566874e-05,0.0087212376
19.2,10.472,1.1572319e-05,0.0087253434
19.3,10.472,1.1583156e-05,0.008733514
19.4,10.472,1.1593867e-05,0.0087415899
19.5,10.472,1.1610922e-05,0.0087544496
19.6,10.472,1.1622618e-05,0.0087632678
19.7,10.472,1.1634438e-05,0.0087721802
19.8,10.472,1.164235e-05,0.0087781457
19.9,10.472,1.1645455e-05,0.0087804867
20,10.472,1.1648765e-05,0.0087829822
20.1,10.472,1.1644849e-05,0.0087800301
20.2,10.472,1.1645384e-05,0.008780433
20.3,10.472,1.1645996e-05,0.0087808945
20.4,10.472,1.1650852e-05,0.0087845561
20.5,10.472,1.1667666e-05,0.0087972334
20.6,10.472,1.1694808e-05,0.0088176983
20.7,10.472,1.1728955e-05,0.0088434447
20.8,10.472,1.1749219e-05,0.0088587231
20.9,10.472,1.1760636e-05,0.0088673311
21,10.472,1.1766587e-05,0.0088718185
21.1,10.472,1.176756e-05,0.008872552
21.2,10.472,1.1773145e-05,0.0088767626
21.3,10.472,1.1775358e-05,0.0088784313
21.4,10.472,1.1780581e-05,0.0088823696
21.5,10.472,1.1781926e-05,0.0088833839
21.6,10.472,1.178646e-05,0.008886802
21.7,10.472,1.1785151e-05,0.0088858155
21.8,10.472,1.1785102e-05,0.0088857784
21.9,10.472,1.178753e-05,0.0088876092
22,10.472,1.178685e-05,0.0088870962
22.1,10.472,1.1785499e-05,0.0088860777
22.2,10.472,1.1786469e-05,0.0088868094
22.3,10.472,1.1785129e-05,0.0088857991
22.4,10.472,1.1783151e-05,0.0088843073
22.5,10.472,1.1784854e-05,0.0088855917
22.6,10.472,1.1781532e-05,0.0088830868
22.7,10.472,1.1778124e-05,0.0088805167
22.8,10.472,1.1778928e-05,0.0088811235
22.9,10.472,1.1774282e-05,0.0088776205
23,10.472,1.1771505e-05,0.0088755265
23.1,10.472,1.1771792e-05,0.0088757424
23.2,10.472,1.1766838e-05,0.0088720078
23.3,10.472,1.1762717e-05,0.0088689003
23.4,10.472,1.1762486e-05,0.008868726
23.5,10.472,1.1756566e-05,0.008864263
23.6,10.472,1.1752642e-05,0.0088613042
23.7,10.472,1.1751802e-05,0.0088606707
23.8,10.472,1.1745417e-05,0.0088558566
23.9,10.472,1.1741494e-05,0.0088528983
24,10.472,1.1740503e-05,0.0088521516
24.1,10.472,1.173388e-05,0.0088471577
24.2,10.472,1.1729127e-05,0.0088435738
24.3,10.472,1.1726295e-05,0.0088414386
24.4,10.472,1.1719755e-05,0.0088365081
24.5,10.472,1.1717327e-05,0.0088346773
24.6,10.472,1.1709855e-05,0.0088290434
24.7,10.472,1.1704421e-05,0.0088249461
24.8,10.472,1.1702112e-05,0.0088232056
24.9,10.472,1.1694547e-05,0.0088175014
25,10.472,1.1689694e-05,0.0088138422
25.1,10.472,1.1685926e-05,0.0088110009
25.2,10.472,1.1678678e-05,0.0088055364
25.3,10.472,1.1675461e-05,0.0088031107
25.4,10.472,1.1667103e-05,0.0087968093
25.5,10.472,1.1660924e-05,0.0087921499
25.6,10.472,1.1657299e-05,0.0087894168
25.7,10.472,1.1648591e-05,0.0087828512
25.8,10.472,1.1643906e-05,0.0087793187
25.9,10.472,1.1638384e-05,0.0087751555
26,10.472,1.1630418e-05,0.0087691489
26.1,10.472,1.16259e-05,0.0087657427
26.2,10.472,1.1618474e-05,0.0087601435
26.3,10.472,1.1610604e-05,0.00875421
26.4,10.472,1.1605183e-05,0.0087501221
26.5,10.472,1.159925e-05,0.008745649
26.6,10.472,1.1591486e-05,0.0087397948
26.7,10.472,1.1585862e-05,0.0087355542
26.8,10.472,1.1576824e-05,0.0087287398
26.9,10.472,1.1572403e-05,0.0087254065
27,10.472,1.1562808e-05,0.0087181724
27.1,10.472,1.1554694e-05,0.0087120541
27.2,10.472,1.154904e-05,0.0087077917
27.3,10.472,1.1540034e-05,0.0087010009
27.4,10.472,1.1535074e-05,0.0086972613
27.5,10.472,1.1526628e-05,0.0086908934
27.6,10.472,1.1523012e-05,0.0086881664
27.7,10.472,1.1517266e-05,0.0086838341
27.8,10.472,1.151845e-05,0.008684727
27.9,10.472,1.1517512e-05,0.00868402
28,10.472,1.1521779e-05,0.0086872367
28.1,10.472,1.1532218e-05,0.0086951076
28.2,10.472,1.1546993e-05,0.0087062477
28.3,10.472,1.156163e-05,0.0087172838
28.4,10.472,1.1587684e-05,0.0087369285
28.5,10.472,1.161926e-05,0.0087607362
28.6,10.472,1.1659455e-05,0.0087910424
28.7,10.472,1.1694977e-05,0.0088178257
28.8,10.472,1.1714765e-05,0.0088327454
28.9,10.472,1.1729408e-05,0.0088437856
29,10.472,1.1735055e-05,0.0088480438
29.1,10.472,1.1743283e-05,0.0088542475
29.2,10.472,1.1753611e-05,0.0088620348
29.3,10.472,1.1759881e-05,0.0088667622
29.4,10.472,1.1769468e-05,0.0088739903
29.5,10.472,1.1772124e-05,0.0088759929
29.6,10.472,1.1776612e-05,0.0088793767
29.7,10.472,1.1781702e-05,0.0088832148
29.8,10.472,1.1783111e-05,0.0088842768
29.9,10.472,1.1788151e-05,0.0088880769
30,10.472,1.1787268e-05,0.0088874116
30.1,10.472,1.1787854e-05,0.0088878536
30.2,10.472,1.1791508e-05,0.0088906083
30.3,10.472,1.1789374e-05,0.0088889996
30.4,10.472,1.1789662e-05,0.0088892163
30.5,10.472,1.1790977e-05,0.0088902083
30.6,10.472,1.1788451e-05,0.0088883033
30.7,10.472,1.179005e-05,0.0088895091
30.8,10.472,1.1785878e-05,0.0088863638
30.9,10.472,1.1784922e-05,0.0088856428
31,10.472,1.1784147e-05,0.0088850581
31.1,10.472,1.1779922e-05,0.008881873
31.2,10.472,1.1780246e-05,0.008882117
31.3,10.472,1.1775701e-05,0.0088786902
31.4,10.472,1.1773388e-05,0.0088769462
31.5,10.472,1.1772106e-05,0.0088759793
31.6,10.472,1.1767265e-05,0.0088723294
31.7,10.472,1.1766312e-05,0.0088716112
31.8,10.472,1.1760202e-05,0.0088670044
31.9,10.472,1.1756052e-05,0.0088638753
32,10.472,1.1754773e-05,0.0088629105
32.1,10.472,1.1747821e-05,0.0088576688
32.2,10.472,1.1744744e-05,0.0088553488
32.3,10.472,1.1741386e-05,0.0088528169
32.4,10.472,1.1735262e-05,0.0088481994
32.5,10.472,1.1733076e-05,0.0088465514
32.6,10.472,1.1726038e-05,0.0088412454
32.7,10.472,1.1721994e-05,0.008838196
32.8,10.472,1.1717421e-05,0.0088347481
32.9,10.472,1.1711414e-05,0.0088302186
33,10.472,1.1707604e-05,0.0088273464
33.1,10.472,1.1699972e-05,0.0088215917
33.2,10.472,1.1696327e-05,0.0088188435
33.3,10.472,1.1687607e-05,0.0088122685
33.4,10.472,1.1683252e-05,0.0088089852
33.5,10.472,1.1677768e-05,0.0088048505
33.6,10.472,1.1671297e-05,0.008799971
33.7,10.472,1.1665513e-05,0.0087956099
33.8,10.472,1.1657671e-05,0.0087896974
33.9,10.472,1.1652902e-05,0.0087861015
34,10.472,1.1644497e-05,0.0087797642
34.1,10.472,1.1639992e-05,0.0087763678
34.2,10.472,1.1630199e-05,0.0087689842
34.3,10.472,1.16227e-05,0.0087633298
34.4,10.472,1.1618371e-05,0.0087600656
34.5,10.472,1.1608225e-05,0.0087524158
34.6,10.472,1.1600099e-05,0.0087462888
34.7,10.472,1.1595049e-05,0.0087424811
34.8,10.472,1.1584211e-05,0.0087343097
34.9,10.472,1.1576014e-05,0.0087281295
35,10.472,1.156939e-05,0.0087231352
35.1,10.472,1.1557058e-05,0.0087138365
35.2,10.472,1.1548869e-05,0.0087076623
35.3,10.472,1.1540128e-05,0.0087010719
35.4,10.472,1.1528292e-05,0.0086921479
35.5,10.472,1.1519945e-05,0.0086858545
35.6,10.472,1.1506092e-05,0.008675409
35.7,10.472,1.1494742e-05,0.0086668519
35.8,10.472,1.1484241e-05,0.0086589339
35.9,10.472,1.1470252e-05,0.0086483864
36,10.472,1.1462507e-05,0.0086425468
36.1,10.472,1.1452208e-05,0.0086347819
36.2,10.472,1.1454035e-05,0.0086361589
36.3,10.472,1.1471843e-05,0.0086495857
36.4,10.472,1.1501884e-05,0.0086722363
36.5,10.472,1.1542201e-05,0.0087026352
36.6,10.472,1.1571672e-05,0.0087248556
36.7,10.472,1.1596905e-05,0.008743881
36.8,10.472,1.162171e-05,0.0087625833
36.9,10.472,1.1642636e-05,0.0087783612
37,10.472,1.1663363e-05,0.0087939892
37.1,10.472,1.1683609e-05,0.0088092541
37.2,10.472,1.1699871e-05,0.0088215155
37.3,10.472,1.1713424e-05,0.0088317341
37.4,10.472,1.1725654e-05,0.0088409553
37.5,10.472,1.1734063e-05,0.0088472961
37.6,10.472,1.1745701e-05,0.008856071
37.7,10.472,1.1751494e-05,0.0088604388
37.8,10.472,1.1759251e-05,0.008866287
37.9,10.472,1.1765397e-05,0.0088709211
38,10.472,1.1768294e-05,0.0088731054
38.1,10.472,1.1773493e-05,0.0088770255
38.2,10.472,1.1777526e-05,0.0088800662
38.3,10.472,1.1778522e-05,0.0088808168
38.4,10.472,1.178297e-05,0.0088841711
38.5,10.472,1.1782167e-05,0.0088835652
38.6,10.472,1.178404e-05,0.0088849776
38.7,10.472,1.1784635e-05,0.0088854261
38.8,10.472,1.1783988e-05,0.0088849381
38.9,10.472,1.1785008e-05,0.0088857071
39,10.472,1.1781025e-05,0.008882704
39.1,10.472,1.1780741e-05,0.0088824903
39.2,10.472,1.1781037e-05,0.0088827136
39.3,10.472,1.1777851e-05,0.0088803111
39.4,10.472,1.1777705e-05,0.0088802011
39.5,10.472,1.1773252e-05,0.0088768436
39.6,10.472,1.1772505e-05,0.0088762805
39.7,10.472,1.1767793e-05,0.0088727273
39.8,10.472,1.1767218e-05,0.0088722944
39.9,10.472,1.1761232e-05,0.0088677806
40,10.472,1.1758324e-05,0.0088655882
40.1,10.472,1.1755604e-05,0.0088635372
40.2,10.472,1.1750262e-05,0.0088595099
40.3,10.472,1.1747747e-05,0.0088576135
40.4,10.472,1.1741827e-05,0.0088531499
40.5,10.472,1.1739944e-05,0.00885173
40.6,10.472,1.1733099e-05,0.0088465687
40.7,10.472,1.1729669e-05,0.0088439827
40.8,10.472,1.1723083e-05,0.0088390171
40.9,10.472,1.1717357e-05,0.0088346994
41,10.472,1.1714935e-05,0.0088328734
41.1,10.472,1.1707036e-05,0.0088269178
41.2,10.472,1.170281e-05,0.0088237313
41.3,10.472,1.1695309e-05,0.0088180761
41.4,10.472,1.1689768e-05,0.0088138982
41.5,10.472,1.1683644e-05,0.0088092805
41.6,10.472,1.1676393e-05,0.0088038137
41.7,10.472,1.1671427e-05,0.0088000691
41.8,10.472,1.1662472e-05,0.0087933171
41.9,10.472,1.1658005e-05,0.008789949
42,10.472,1.1648063e-05,0.008782453
42.1,10.472,1.1640018e-05,0.0087763875
42.2,10.472,1.1635247e-05,0.0087727897
42.3,10.472,1.1624809e-05,0.0087649201
42.4,10.472,1.1617353e-05,0.0087592985
42.5,10.472,1.1609416e-05,0.0087533139
42.6,10.472,1.1599585e-05,0.0087459016
42.7,10.472,1.1591927e-05,0.0087401271
42.8,10.472,1.1580138e-05,0.0087312388
42.9,10.472,1.1572501e-05,0.0087254806
43,10.472,1.1559353e-05,0.0087155674
43.1,10.472,1.1548544e-05,0.0087074176
43.2,10.472,1.1538447e-05,0.0086998043
43.3,10.472,1.1524395e-05,0.0086892098
43.4,10.472,1.1513765e-05,0.0086811942
43.5,10.472,1.1497314e-05,0.0086687908
43.6,10.472,1.1482949e-05,0.0086579596
43.7,10.472,1.1472395e-05,0.0086500022
43.8,10.472,1.146052e-05,0.0086410487
43.9,10.472,1.1461491e-05,0.008641781
44,10.472,1.1474811e-05,0.0086518242
44.1,10.472,1.149957e-05,0.0086704918
44.2,10.472,1.1523285e-05,0.0086883725
44.3,10.472,1.1534539e-05,0.0086968578
44.4,10.472,1.1539379e-05,0.0087005068
44.5,10.472,1.1537351e-05,0.0086989778
44.6,10.472,1.1539765e-05,0.0087007981
44.7,10.472,1.1539856e-05,0.0087008667
44.8,10.472,1.1546549e-05,0.0087059132
44.9,10.472,1.1552481e-05,0.0087103862
45,10.472,1.1559467e-05,0.008715653
45.1,10.472,1.1571926e-05,0.0087250467
45.2,10.472,1.1589645e-05,0.0087384066
45.3,10.472,1.1607672e-05,0.0087519987
45.4,10.472,1.1632415e-05,0.0087706546
45.5,10.472,1.165187e-05,0.0087853234
45.6,10.472,1.1671085e-05,0.0087998117
45.7,10.472,1.1690584e-05,0.0088145135
45.8,10.472,1.1702366e-05,0.0088233965
45.9,10.472,1.1712632e-05,0.0088311374
46,10.472,1.172519e-05,0.0088406059
46.1,10.472,1.1731944e-05,0.0088456984
46.2,10.472,1.1740156e-05,0.0088518901
46.3,10.472,1.1747882e-05,0.008857715
46.4,10.472,1.1751904e-05,0.0088607474
46.5,10.472,1.1759128e-05,0.0088661942
46.6,10.472,1.1760732e-05,0.0088674039
46.7,10.472,1.1763563e-05,0.0088695382
46.8,10.472,1.1767574e-05,0.0088725622
46.9,10.472,1.1767331e-05,0.0088723789
47,10.472,1.1770946e-05,0.0088751051
47.1,10.472,1.1768335e-05,0.008873136
47.2,10.472,1.1768703e-05,0.0088734137
47.3,10.472,1.1769924e-05,0.0088743345
47.4,10.472,1.1767124e-05,0.0088722236
47.5,10.472,1.1768304e-05,0.0088731126
47.6,10.472,1.176425e-05,0.0088700562
47.7,10.472,1.1763408e-05,0.0088694214
47.8,10.472,1.1759309e-05,0.0088663309
47.9,10.472,1.1757072e-05,0.0088646441
48,10.472,1.1754252e-05,0.0088625182
48.1,10.472,1.1749244e-05,0.0088587423
48.2,10.472,1.1748546e-05,0.0088582157
48.3,10.472,1.1742202e-05,0.0088534324
48.4,10.472,1.1738419e-05,0.0088505802
48.5,10.472,1.1735769e-05,0.008848582
48.6,10.472,1.1729405e-05,0.0088437838
48.7,10.472,1.1727126e-05,0.008842065
48.8,10.472,1.1719225e-05,0.0088361083
48.9,10.472,1.1713472e-05,0.0088317706
49,10.472,1.1711102e-05,0.0088299838
49.1,10.472,1.1702707e-05,0.008823654
49.2,10.472,1.1697037e-05,0.008819379
49.3,10.472,1.1692565e-05,0.0088160072
49.4,10.472,1.168446e-05,0.0088098961
49.5,10.472,1.1679619e-05,0.0088062459
49.6,10.472,1.1670481e-05,0.0087993563
49.7,10.472,1.1664808e-05,0.0087950784
49.8,10.472,1.1655784e-05,0.0087882743
49.9,10.472,1.1649708e-05,0.0087836931
50,10.472,1.1638545e-05,0.0087752767
50.1,10.472,1.163092e-05,0.0087695277
50.2,10.472,1.162317e-05,0.0087636842
50.3,10.472,1.1612097e-05,0.0087553353
50.4,10.472,1.1604737e-05,0.0087497857
50.5,10.472,1.1591997e-05,0.00874018
50.6,10.472,1.1581082e-05,0.0087319507
50.7,10.472,1.1571146e-05,0.0087244587
50.8,10.472,1.1556728e-05,0.0087135877
50.9,10.472,1.1546086e-05,0.0087055644
51,10.472,1.1529362e-05,0.0086929542
51.1,10.472,1.1514743e-05,0.0086819322
51.2,10.472,1.1504033e-05,0.0086738566
51.3,10.472,1.149147e-05,0.0086643842
51.4,10.472,1.1489378e-05,0.0086628068
51.5,10.472,1.1500257e-05,0.0086710096
51.6,10.472,1.1522682e-05,0.0086879178
51.7,10.472,1.1547834e-05,0.0087068821
51.8,10.472,1.1559621e-05,0.0087157695
51.9,10.472,1.1564909e-05,0.0087197566
52,10.472,1.1559405e-05,0.0087156062
52.1,10.472,1.1558315e-05,0.0087147846
52.2,10.472,1.1559437e-05,0.0087156306
52.3,10.472,1.1557795e-05,0.0087143923
52.4,10.472,1.1560721e-05,0.0087165989
52.5,10.472,1.1557087e-05,0.0087138585
52.6,10.472,1.1555087e-05,0.0087123511
52.7,10.472,1.1556477e-05,0.008713399
52.8,10.472,1.155294e-05,0.0087107323
52.9,10.472,1.1551891e-05,0.0087099408
53,10.472,1.155278e-05,0.008710611
53.1,10.472,1.1548614e-05,0.0087074702
53.2,10.472,1.1549526e-05,0.0087081579
53.3,10.472,1.1551247e-05,0.0087094553
53.4,10.472,1.1551448e-05,0.0087096073
53.5,10.472,1.1557758e-05,0.0087143643
53.6,10.472,1.1561951e-05,0.0087175258
53.7,10.472,1.1572666e-05,0.0087256048
53.8,10.472,1.1587432e-05,0.0087367382
53.9,10.472,1.1604622e-05,0.0087496995
54,10.472,1.1627433e-05,0.0087668987
54.1,10.472,1.1644786e-05,0.0087799823
54.2,10.472,1.1663839e-05,0.0087943482
54.3,10.472,1.1680873e-05,0.0088071916
54.4,10.472,1.169095e-05,0.0088147892
54.5,10.472,1.1703091e-05,0.0088239434
54.6,10.472,1.170986e-05,0.0088290474
54.7,10.472,1.1717772e-05,0.0088350123
54.8,10.472,1.1725487e-05,0.0088408293
54.9,10.472,1.1729252e-05,0.0088436683
55,10.472,1.1735665e-05,0.0088485036
55.1,10.472,1.1737864e-05,0.0088501617
55.2,10.472,1.1740711e-05,0.0088523079
55.3,10.472,1.1743142e-05,0.0088541411
55.4,10.472,1.1742828e-05,0.0088539046
55.5,10.472,1.1745171e-05,0.0088556713
55.6,10.472,1.1743076e-05,0.0088540918
55.7,10.472,1.1743814e-05,0.0088546477
55.8,10.472,1.1741059e-05,0.0088525705
55.9,10.472,1.1741921e-05,0.0088532209
56,10.472,1.1736724e-05,0.0088493021
56.1,10.472,1.1733267e-05,0.0088466954
56.2,10.472,1.1732204e-05,0.0088458945
56.3,10.472,1.1728351e-05,0.0088429889
56.4,10.472,1.1723705e-05,0.0088394857
56.5,10.472,1.1722357e-05,0.0088384694
56.6,10.472,1.1715305e-05,0.0088331524
56.7,10.472,1.1710569e-05,0.0088295816
56.8,10.472,1.1707246e-05,0.0088270762
56.9,10.472,1.1699895e-05,0.008821534
57,10.472,1.1696913e-05,0.0088192852
57.1,10.472,1.1687521e-05,0.0088122036
57.2,10.472,1.168103e-05,0.0088073094
57.3,10.472,1.1676096e-05,0.0088035896
57.4,10.472,1.1667239e-05,0.0087969116
57.5,10.472,1.166215e-05,0.0087930742
57.6,10.472,1.1651521e-05,0.0087850607
57.7,10.472,1.1644234e-05,0.0087795664
57.8,10.472,1.1633617e-05,0.0087715613
57.9,10.472,1.162435e-05,0.0087645737
58,10.472,1.1614041e-05,0.0087568011
58.1,10.472,1.1602293e-05,0.0087479434
58.2,10.472,1.1591069e-05,0.0087394802
58.3,10.472,1.1576558e-05,0.0087285396
58.4,10.472,1.1565666e-05,0.0087203275
58.5,10.472,1.1549609e-05,0.0087082205
58.6,10.472,1.1536723e-05,0.0086985048
58.7,10.472,1.1528366e-05,0.0086922037
58.8,10.472,1.1523937e-05,0.0086888643
58.9,10.472,1.153751e-05,0.0086990977
59,10.472,1.1558126e-05,0.0087146424
59.1,10.472,1.1581309e-05,0.0087321216
59.2,10.472,1.1597299e-05,0.0087441779
59.3,10.472,1.1598321e-05,0.0087449487
59.4,10.472,1.1597055e-05,0.0087439939
59.5,10.472,1.1595007e-05,0.0087424499
59.6,10.472,1.1593174e-05,0.0087410675
59.7,10.472,1.1594605e-05,0.0087421465
59.8,10.472,1.1592621e-05,0.0087406511
59.9,10.472,1.1594147e-05,0.0087418012
60,10.472,1.1589404e-05,0.0087382252
60.1,10.472,1.1586556e-05,0.0087360775
60.2,10.472,1.1587116e-05,0.0087364999
60.3,10.472,1.1582123e-05,0.0087327356
60.4,10.472,1.1579767e-05,0.0087309588
60.5,10.472,1.1578662e-05,0.0087301258
60.6,10.472,1.1573922e-05,0.0087265516
60.7,10.472,1.1573651e-05,0.0087263478
60.8,10.472,1.1567778e-05,0.0087219196
60.9,10.472,1.1564046e-05,0.0087191054
61,10.472,1.1563137e-05,0.0087184202
61.1,10.472,1.1558547e-05,0.0087149598
61.2,10.472,1.155585e-05,0.0087129264
61.3,10.472,1.1553072e-05,0.0087108311
61.4,10.472,1.1548744e-05,0.0087075679
61.5,10.472,1.1547415e-05,0.0087065662
61.6,10.472,1.1543172e-05,0.0087033667
61.7,10.472,1.1542936e-05,0.0087031892
61.8,10.472,1.1538501e-05,0.0086998454
61.9,10.472,1.1539735e-05,0.0087007758
62,10.472,1.1540695e-05,0.008701499
62.1,10.472,1.1542931e-05,0.0087031852
62.2,10.472,1.1549042e-05,0.0087077929
62.3,10.472,1.1556683e-05,0.0087135543
62.4,10.472,1.1572776e-05,0.0087256878
62.5,10.472,1.1587614e-05,0.0087368756
62.6,10.472,1.1607444e-05,0.008751827
62.7,10.472,1.162852e-05,0.0087677178
62.8,10.472,1.1643354e-05,0.0087789025
62.9,10.472,1.1658975e-05,0.0087906805
63,10.472,1.1666107e-05,0.0087960581
63.1,10.472,1.1675173e-05,0.0088028934
63.2,10.472,1.1684576e-05,0.0088099833
63.3,10.472,1.1690085e-05,0.0088141369
63.4,10.472,1.1694286e-05,0.0088173048
63.5,10.472,1.1699907e-05,0.0088215425
63.6,10.472,1.1703206e-05,0.0088240302
63.7,10.472,1.1704946e-05,0.0088253417
63.8,10.472,1.1706752e-05,0.0088267037
63.9,10.472,1.1705646e-05,0.00882587
64,10.472,1.1707371e-05,0.0088271707
64.1,10.472,1.1703806e-05,0.0088244823
64.2,10.472,1.1704189e-05,0.0088247715
64.3,10.472,1.1698889e-05,0.0088207752
64.4,10.472,1.1696866e-05,0.0088192501
64.5,10.472,1.1694868e-05,0.0088177437
64.6,10.472,1.1688217e-05,0.0088127285
64.7,10.472,1.1683633e-05,0.0088092721
64.8,10.472,1.1680024e-05,0.008806551
64.9,10.472,1.1672531e-05,0.0088009014
65,10.472,1.1668208e-05,0.008797642
65.1,10.472,1.1658617e-05,0.0087904105
65.2,10.472,1.16519e-05,0.0087853464
65.3,10.472,1.1642775e-05,0.008778466
65.4,10.472,1.1632763e-05,0.008770917
65.5,10.472,1.1625322e-05,0.0087653069
65.6,10.472,1.161201e-05,0.0087552694
65.7,10.472,1.1599834e-05,0.0087460895
65.8,10.472,1.159055e-05,0.008739089
65.9,10.472,1.1576021e-05,0.0087281349
66,10.472,1.1563028e-05,0.0087183381
66.1,10.472,1.1556485e-05,0.0087134049
66.2,10.472,1.1555397e-05,0.0087125841
66.3,10.472,1.1568841e-05,0.0087227211
66.4,10.472,1.1596975e-05,0.0087439336
66.5,10.472,1.1617607e-05,0.0087594898
66.6,10.472,1.1629585e-05,0.0087685212
66.7,10.472,1.1634955e-05,0.0087725698
66.8,10.472,1.1630933e-05,0.0087695377
66.9,10.472,1.1628492e-05,0.0087676971
67,10.472,1.163069e-05,0.0087693538
67.1,10.472,1.1627734e-05,0.0087671254
67.2,10.472,1.1628488e-05,0.0087676941
67.3,10.472,1.162927e-05,0.0087682835
67.4,10.472,1.1626165e-05,0.0087659421
67.5,10.472,1.1625837e-05,0.0087656951
67.6,10.472,1.1621632e-05,0.0087625248
67.7,10.472,1.1619728e-05,0.0087610891
67.8,10.472,1.1617199e-05,0.0087591825
67.9,10.472,1.1613626e-05,0.0087564881
68,10.472,1.1612219e-05,0.0087554277
68.1,10.472,1.1606997e-05,0.0087514898
68.2,10.472,1.1606547e-05,0.008751151
68.3,10.472,1.1600669e-05,0.0087467189
68.4,10.472,1.1596339e-05,0.0087434544
68.5,10.472,1.1594544e-05,0.0087421004
68.6,10.472,1.158909e-05,0.0087379886
68.7,10.472,1.1586948e-05,0.0087363734
68.8,10.472,1.1580667e-05,0.0087316375
68.9,10.472,1.157841e-05,0.0087299359
69,10.472,1.1571831e-05,0.0087249758
69.1,10.472,1.1568279e-05,0.0087222976
69.2,10.472,1.1565814e-05,0.0087204385
69.3,10.472,1.1559128e-05,0.0087153974
69.4,10.472,1.1554996e-05,0.0087122822
69.5,10.472,1.1552772e-05,0.0087106054
69.6,10.472,1.1545622e-05,0.008705214
69.7,10.472,1.1542525e-05,0.008702879
69.8,10.472,1.1538482e-05,0.0086998306
69.9,10.472,1.1533547e-05,0.0086961098
70,10.472,1.1531237e-05,0.0086943685
70.1,10.472,1.1524917e-05,0.008689603
70.2,10.472,1.15228e-05,0.0086880071
70.3,10.472,1.1517922e-05,0.0086843286
70.4,10.472,1.1515785e-05,0.0086827177
70.5,10.472,1.1514574e-05,0.0086818042
70.6,10.472,1.1513513e-05,0.0086810046
70.7,10.472,1.1517079e-05,0.008683693
70.8,10.472,1.1520331e-05,0.0086861454
70.9,10.472,1.1530739e-05,0.0086939924
71,10.472,1.1542143e-05,0.0087025912
71.1,10.472,1.1561323e-05,0.0087170523
71.2,10.472,1.1577271e-05,0.0087290768
71.3,10.472,1.1594806e-05,0.0087422981
71.4,10.472,1.1611842e-05,0.0087551434
71.5,10.472,1.1621275e-05,0.0087622551
71.6,10.472,1.1631669e-05,0.0087700923
71.7,10.472,1.1636653e-05,0.0087738502
71.8,10.472,1.1644777e-05,0.0087799759
71.9,10.472,1.1646589e-05,0.0087813421
72,10.472,1.1650585e-05,0.0087843546
72.1,10.472,1.1653418e-05,0.0087864905
72.2,10.472,1.1652691e-05,0.0087859427
72.3,10.472,1.1654218e-05,0.0087870937
72.4,10.472,1.1650681e-05,0.0087844271
72.5,10.472,1.1649771e-05,0.0087837408
72.6,10.472,1.1644633e-05,0.008779867
72.7,10.472,1.1641825e-05,0.00877775
72.8,10.472,1.1634064e-05,0.0087718983
72.9,10.472,1.1628979e-05,0.0087680643
73,10.472,1.1619118e-05,0.0087606287
73.1,10.472,1.1612785e-05,0.0087558541
73.2,10.472,1.1600156e-05,0.0087463321
73.3,10.472,1.1588914e-05,0.0087378555
73.4,10.472,1.1581617e-05,0.0087323542
73.5,10.472,1.1571186e-05,0.0087244892
73.6,10.472,1.1569201e-05,0.0087229923
73.7,10.472,1.1582486e-05,0.0087330089
73.8,10.472,1.1605424e-05,0.0087503043
73.9,10.472,1.1632355e-05,0.0087706093
74,10.472,1.1650909e-05,0.0087845991
74.1,10.472,1.1654611e-05,0.0087873903
74.2,10.472,1.1655923e-05,0.0087883793
74.3,10.472,1.165362e-05,0.0087866433
74.4,10.472,1.1654392e-05,0.008787225
74.5,10.472,1.1655991e-05,0.0087884309
74.6,10.472,1.1655926e-05,0.008788382
74.7,10.472,1.1657698e-05,0.0087897175
74.8,10.472,1.1655026e-05,0.008787703
74.9,10.472,1.1656458e-05,0.0087887827
75,10.472,1.1652294e-05,0.0087856431
75.1,10.472,1.1649888e-05,0.0087838295
75.2,10.472,1.1649648e-05,0.0087836485
75.3,10.472,1.1646858e-05,0.0087815449
75.4,10.472,1.1643681e-05,0.0087791491
75.5,10.472,1.164316e-05,0.0087787563
75.6,10.472,1.1638529e-05,0.0087752646
75.7,10.472,1.1637218e-05,0.008774276
75.8,10.472,1.1632123e-05,0.0087704348
75.9,10.472,1.1631224e-05,0.0087697568
76,10.472,1.1624981e-05,0.0087650494
76.1,10.472,1.1621658e-05,0.0087625442
76.2,10.472,1.1619595e-05,0.0087609889
76.3,10.472,1.1613467e-05,0.0087563684
76.4,10.472,1.1611699e-05,0.0087550352
76.5,10.472,1.1605076e-05,0.0087500416
76.6,10.472,1.1601634e-05,0.0087474466
76.7,10.472,1.1597716e-05,0.0087444926
76.8,10.472,1.1592173e-05,0.0087403131
76.9,10.472,1.1589322e-05,0.0087381631
77,10.472,1.1582437e-05,0.0087329725
77.1,10.472,1.1580074e-05,0.0087311907
77.2,10.472,1.1572513e-05,0.0087254897
77.3,10.472,1.1567091e-05,0.0087214017
77.4,10.472,1.1564884e-05,0.0087197371
77.5,10.472,1.1557134e-05,0.0087138939
77.6,10.472,1.1551333e-05,0.00870952
77.7,10.472,1.1548337e-05,0.0087072617
77.8,10.472,1.1541722e-05,0.0087022739
77.9,10.472,1.1536392e-05,0.0086982547
78,10.472,1.1532847e-05,0.0086955825
78.1,10.472,1.152541e-05,0.0086899744
78.2,10.472,1.1521308e-05,0.0086868818
78.3,10.472,1.1514471e-05,0.0086817273
78.4,10.472,1.1509431e-05,0.0086779269
78.5,10.472,1.1504508e-05,0.0086742153
78.6,10.472,1.1498263e-05,0.0086695066
78.7,10.472,1.1494852e-05,0.0086669343
78.8,10.472,1.148812e-05,0.008661859
78.9,10.472,1.1486384e-05,0.0086605497
79,10.472,1.1479907e-05,0.0086556661
79.1,10.472,1.1477463e-05,0.0086538232
79.2,10.472,1.147829e-05,0.0086544471
79.3,10.472,1.1477443e-05,0.0086538082
79.4,10.472,1.1484394e-05,0.0086590491
79.5,10.472,1.1490244e-05,0.0086634599
79.6,10.472,1.1503674e-05,0.0086735861
79.7,10.472,1.1517424e-05,0.0086839531
79.8,10.472,1.153436e-05,0.0086967226
79.9,10.472,1.1549304e-05,0.0087079907
80,10.472,1.1560122e-05,0.0087161467
80.1,10.472,1.156964e-05,0.0087233236
80.2,10.472,1.1572428e-05,0.0087254256
80.3,10.472,1.1575888e-05,0.0087280341
80.4,10.472,1.1579262e-05,0.0087305782
80.5,10.472,1.1577482e-05,0.0087292365
80.6,10.472,1.157836e-05,0.008729898
80.7,10.472,1.1571953e-05,0.0087250673
80.8,10.472,1.1566514e-05,0.0087209663
80.9,10.472,1.1564165e-05,0.008719195
81,10.472,1.1557452e-05,0.0087141338
81.1,10.472,1.1556296e-05,0.0087132622
81.2,10.472,1.1569041e-05,0.0087228716
81.3,10.472,1.1589919e-05,0.0087386136
81.4,10.472,1.1620944e-05,0.0087620057
81.5,10.472,1.1644782e-05,0.0087799793
81.6,10.472,1.1655525e-05,0.0087880792
81.7,10.472,1.1660521e-05,0.008791846
81.8,10.472,1.1659466e-05,0.0087910512
81.9,10.472,1.1663939e-05,0.0087944233
82,10.472,1.1663633e-05,0.0087941928
82.1,10.472,1.1665668e-05,0.0087957269
82.2,10.472,1.1670189e-05,0.0087991361
82.3,10.472,1.1669372e-05,0.0087985198
82.4,10.472,1.167077e-05,0.008799574
82.5,10.472,1.1670816e-05,0.0087996089
82.6,10.472,1.1669785e-05,0.0087988309
82.7,10.472,1.1670512e-05,0.0087993791
82.8,10.472,1.1666838e-05,0.0087966088
82.9,10.472,1.1665839e-05,0.0087958561
83,10.472,1.1666604e-05,0.008796433
83.1,10.472,1.1661676e-05,0.0087927173
83.2,10.472,1.1660648e-05,0.008791942
83.3,10.472,1.1659446e-05,0.0087910357
83.4,10.472,1.1655211e-05,0.0087878427
83.5,10.472,1.165497e-05,0.0087876606
83.6,10.472,1.1649883e-05,0.0087838253
83.7,10.472,1.1647548e-05,0.0087820651
83.8,10.472,1.164472e-05,0.0087799323
83.9,10.472,1.1640354e-05,0.0087766404
84,10.472,1.1638939e-05,0.008775574
84.1,10.472,1.1632543e-05,0.0087707512
84.2,10.472,1.163035e-05,0.0087690977
84.3,10.472,1.1624785e-05,0.0087649019
84.4,10.472,1.162317e-05,0.0087636841
84.5,10.472,1.1616001e-05,0.0087582788
84.6,10.472,1.1611023e-05,0.0087545256
84.7,10.472,1.1609126e-05,0.0087530951
84.8,10.472,1.1602088e-05,0.0087477886
84.9,10.472,1.1597396e-05,0.0087442513
85,10.472,1.1594765e-05,0.0087422675
85.1,10.472,1.1586145e-05,0.008735768
85.2,10.472,1.1582885e-05,0.0087333101
85.3,10.472,1.1577116e-05,0.0087289599
85.4,10.472,1.1570788e-05,0.0087241888
85.5,10.472,1.1568178e-05,0.0087222209
85.6,10.472,1.1559955e-05,0.0087160208
85.7,10.472,1.1553694e-05,0.0087113002
85.8,10.472,1.1550778e-05,0.0087091021
85.9,10.472,1.1542225e-05,0.0087026528
86,10.472,1.1536757e-05,0.0086985298
86.1,10.472,1.153226e-05,0.0086951393
86.2,10.472,1.1524535e-05,0.0086893147
86.3,10.472,1.1520975e-05,0.008686631
86.4,10.472,1.1512431e-05,0.0086801884
86.5,10.472,1.1505984e-05,0.0086753275
86.6,10.472,1.1500365e-05,0.008671091
86.7,10.472,1.1491851e-05,0.0086646718
86.8,10.472,1.1487663e-05,0.0086615142
86.9,10.472,1.1478967e-05,0.0086549571
87,10.472,1.1473326e-05,0.0086507043
87.1,10.472,1.1466777e-05,0.0086457664
87.2,10.472,1.1459496e-05,0.008640277
87.3,10.472,1.1453193e-05,0.0086355242
87.4,10.472,1.1445391e-05,0.0086296414
87.5,10.472,1.1440923e-05,0.0086262732
87.6,10.472,1.1433689e-05,0.0086208189
87.7,10.472,1.1430927e-05,0.008618736
87.8,10.472,1.1425589e-05,0.0086147113
87.9,10.472,1.1426266e-05,0.0086152215
88,10.472,1.1426046e-05,0.0086150559
88.1,10.472,1.1433757e-05,0.0086208695
88.2,10.472,1.1440054e-05,0.008625618
88.3,10.472,1.1451396e-05,0.008634169
88.4,10.472,1.1464729e-05,0.0086442221
88.5,10.472,1.1472007e-05,0.0086497099
88.6,10.472,1.1481273e-05,0.0086566959
88.7,10.472,1.1484627e-05,0.0086592249
88.8,10.472,1.1496078e-05,0.0086678589
88.9,10.472,1.1518035e-05,0.0086844144
89,10.472,1.155028e-05,0.0087087261
89.1,10.472,1.1587043e-05,0.0087364452
89.2,10.472,1.1613262e-05,0.0087562135
89.3,10.472,1.1626465e-05,0.0087661686
89.4,10.472,1.163531e-05,0.0087728378
89.5,10.472,1.1638721e-05,0.0087754093
89.6,10.472,1.1647519e-05,0.0087820431
89.7,10.472,1.1651702e-05,0.0087851969
89.8,10.472,1.1658803e-05,0.0087905509
89.9,10.472,1.1661919e-05,0.0087929002
90,10.472,1.1664497e-05,0.0087948442
90.1,10.472,1.1669404e-05,0.0087985442
90.2,10.472,1.166956e-05,0.0087986614
90.3,10.472,1.1670558e-05,0.0087994143
90.4,10.472,1.1673807e-05,0.008801864
90.5,10.472,1.1671586e-05,0.0088001893
90.6,10.472,1.1673368e-05,0.0088015326
90.7,10.472,1.1673553e-05,0.0088016722
90.8,10.472,1.1672767e-05,0.0088010799
90.9,10.472,1.1672612e-05,0.0088009626
91,10.472,1.1668729e-05,0.0087980348
91.1,10.472,1.1667126e-05,0.0087968267
91.2,10.472,1.1667371e-05,0.0087970111
91.3,10.472,1.1666144e-05,0.0087960856
91.4,10.472,1.1663596e-05,0.0087941647
91.5,10.472,1.1661875e-05,0.0087928674
91.6,10.472,1.1657344e-05,0.0087894506
91.7,10.472,1.16569e-05,0.0087891163
91.8,10.472,1.165222e-05,0.0087855875
91.9,10.472,1.1649321e-05,0.0087834017
92,10.472,1.1647857e-05,0.0087822977
92.1,10.472,1.1642149e-05,0.0087779939
92.2,10.472,1.1640421e-05,0.0087766912
92.3,10.472,1.1633463e-05,0.0087714453
92.4,10.472,1.1630551e-05,0.0087692497
92.5,10.472,1.1627528e-05,0.0087669699
92.6,10.472,1.1621519e-05,0.0087624397
92.7,10.472,1.1619528e-05,0.0087609386
92.8,10.472,1.1612575e-05,0.0087556958
92.9,10.472,1.1608604e-05,0.0087527019
93,10.472,1.160457e-05,0.0087496599
93.1,10.472,1.1597256e-05,0.0087441457
93.2,10.472,1.1594816e-05,0.0087423057
93.3,10.472,1.1587357e-05,0.0087366819
93.4,10.472,1.1582551e-05,0.0087330579
93.5,10.472,1.1577393e-05,0.0087291689
93.6,10.472,1.1570828e-05,0.0087242195
93.7,10.472,1.1566623e-05,0.008721049
93.8,10.472,1.1558636e-05,0.0087150269
93.9,10.472,1.1555202e-05,0.0087124373
94,10.472,1.1546338e-05,0.0087057544
94.1,10.472,1.1540143e-05,0.0087010835
94.2,10.472,1.1535729e-05,0.0086977552
94.3,10.472,1.1527192e-05,0.0086913183
94.4,10.472,1.1523107e-05,0.0086882385
94.5,10.472,1.1513444e-05,0.0086809522
94.6,10.472,1.1506847e-05,0.0086759788
94.7,10.472,1.1500771e-05,0.0086713975
94.8,10.472,1.149196e-05,0.0086647542
94.9,10.472,1.1486598e-05,0.0086607114
95,10.472,1.14776e-05,0.0086539266
95.1,10.472,1.1470288e-05,0.0086484134
95.2,10.472,1.1462733e-05,0.0086427176
95.3,10.472,1.1453574e-05,0.0086358114
95.4,10.472,1.1446615e-05,0.0086305643
95.5,10.472,1.143614e-05,0.0086226662
95.6,10.472,1.1429093e-05,0.0086173529
95.7,10.472,1.1416757e-05,0.0086080519
95.8,10.472,1.1408807e-05,0.0086020579
95.9,10.472,1.1399574e-05,0.0085950964
96,10.472,1.1387905e-05,0.0085862981
96.1,10.472,1.137968e-05,0.008580097
96.2,10.472,1.1368967e-05,0.0085720189
96.3,10.472,1.1358807e-05,0.008564359
96.4,10.472,1.1353785e-05,0.0085605726
96.5,10.472,1.1352285e-05,0.0085594416
96.6,10.472,1.1359056e-05,0.0085645464
96.7,10.472,1.1381961e-05,0.0085818166
96.8,10.472,1.1421113e-05,0.0086113361
96.9,10.472,1.1471812e-05,0.0086495625
97,10.472,1.151228e-05,0.0086800753
97.1,10.472,1.1543762e-05,0.008703812
97.2,10.472,1.1559455e-05,0.0087156439
97.3,10.472,1.1572795e-05,0.0087257019
97.4,10.472,1.1588523e-05,0.0087375613
97.5,10.472,1.1599061e-05,0.0087455063
97.6,10.472,1.1611674e-05,0.0087550161
97.7,10.472,1.1624138e-05,0.0087644137
97.8,10.472,1.1631323e-05,0.0087698318
97.9,10.472,1.1641718e-05,0.0087776694
98,10.472,1.1645167e-05,0.0087802695
98.1,10.472,1.1650049e-05,0.0087839508
98.2,10.472,1.1656992e-05,0.0087891855
98.3,10.472,1.1659611e-05,0.0087911598
98.4,10.472,1.1662458e-05,0.0087933069
98.5,10.472,1.1666625e-05,0.0087964482
98.6,10.472,1.1666653e-05,0.0087964699
98.7,10.472,1.167077e-05,0.0087995741
98.8,10.472,1.1668858e-05,0.0087981323
98.9,10.472,1.1669279e-05,0.0087984495
99,10.472,1.1671647e-05,0.0088002353
99.1,10.472,1.1668053e-05,0.0087975251
99.2,10.472,1.1668485e-05,0.0087978513
99.3,10.472,1.1669339e-05,0.0087984953
99.4,10.472,1.1665661e-05,0.0087957218
99.5,10.472,1.1664382e-05,0.0087947575
99.6,10.472,1.1664227e-05,0.0087946404
99.7,10.472,1.1660635e-05,0.0087919322
99.8,10.472,1.1660303e-05,0.0087916822
99.9,10.472,1.1655535e-05,0.008788087
100,10.472,1.1654935e-05,0.0087876346
100.1,10.472,1.1649683e-05,0.0087836743
100.2,10.472,1.1648692e-05,0.0087829276
100.3,10.472,1.1643492e-05,0.0087790069
100.4,10.472,1.16417e-05,0.0087776559
100.5,10.472,1.1635994e-05,0.0087733531
100.6,10.472,1.1634347e-05,0.0087721118
100.7,10.472,1.1627735e-05,0.008767126
100.8,10.472,1.1624152e-05,0.0087644246
100.9,10.472,1.1620403e-05,0.0087615976
101,10.472,1.1613881e-05,0.0087566807
101.1,10.472,1.1610403e-05,0.0087540577
101.2,10.472,1.1606268e-05,0.00875094
101.3,10.472,1.1600444e-05,0.0087465494
101.4,10.472,1.1596764e-05,0.0087437741
101.5,10.472,1.1589309e-05,0.0087381532
101.6,10.472,1.1586417e-05,0.0087359729
101.7,10.472,1.157806e-05,0.0087296718
101.8,10.472,1.1571999e-05,0.0087251019
101.9,10.472,1.1568519e-05,0.0087224782
102,10.472,1.1559448e-05,0.0087156385
102.1,10.472,1.1554088e-05,0.0087115978
102.2,10.472,1.1549843e-05,0.0087083968
102.3,10.472,1.1541542e-05,0.0087021377
102.4,10.472,1.1537406e-05,0.0086990196
102.5,10.472,1.1527641e-05,0.0086916567
102.6,10.472,1.152016e-05,0.0086860165
102.7,10.472,1.151622e-05,0.0086830455
102.8,10.472,1.1506902e-05,0.00867602
102.9,10.472,1.1498212e-05,0.0086694677
103,10.472,1.14928e-05,0.0086653871
103.1,10.472,1.148269e-05,0.0086577647
103.2,10.472,1.1475357e-05,0.0086522354
103.3,10.472,1.146694e-05,0.0086458895
103.4,10.472,1.1457371e-05,0.008638674
103.5,10.472,1.1448634e-05,0.0086320866
103.6,10.472,1.1437614e-05,0.008623778
103.7,10.472,1.1429233e-05,0.0086174587
103.8,10.472,1.1417126e-05,0.0086083305
103.9,10.472,1.1407838e-05,0.0086013273
104,10.472,1.139292e-05,0.0085900794
104.1,10.472,1.1382636e-05,0.0085823252
104.2,10.472,1.1369005e-05,0.0085720482
104.3,10.472,1.1354713e-05,0.0085612722
104.4,10.472,1.1344405e-05,0.0085534997
104.5,10.472,1.1336099e-05,0.0085472376
104.6,10.472,1.1335173e-05,0.0085465393
104.7,10.472,1.134876e-05,0.0085567832
104.8,10.472,1.1373757e-05,0.0085756309
104.9,10.472,1.1403543e-05,0.0085980891
105,10.472,1.142129e-05,0.0086114697
105.1,10.472,1.1435747e-05,0.0086223703
105.2,10.472,1.1449377e-05,0.0086326474
105.3,10.472,1.1463941e-05,0.0086436283
105.4,10.472,1.1487761e-05,0.0086615881
105.5,10.472,1.1510521e-05,0.0086787483
105.6,10.472,1.1534926e-05,0.0086971496
105.7,10.472,1.1556307e-05,0.0087132708
105.8,10.472,1.157173e-05,0.0087248996
105.9,10.472,1.1588409e-05,0.0087374753
106,10.472,1.1597664e-05,0.0087444529
106.1,10.472,1.1608582e-05,0.0087526851
106.2,10.472,1.1620065e-05,0.0087613429
106.3,10.472,1.1627297e-05,0.0087667958
106.4,10.472,1.1637536e-05,0.0087745159
106.5,10.472,1.1641704e-05,0.0087776587
106.6,10.472,1.1646799e-05,0.0087815004
106.7,10.472,1.1653025e-05,0.0087861945
106.8,10.472,1.1654883e-05,0.0087875951
106.9,10.472,1.1659768e-05,0.0087912786
107,10.472,1.1660158e-05,0.0087915722
107.1,10.472,1.1661242e-05,0.00879239
107.2,10.472,1.1665127e-05,0.0087953188
107.3,10.472,1.166358e-05,0.0087941527
107.4,10.472,1.1663762e-05,0.0087942896
107.5,10.472,1.1665457e-05,0.008795568
107.6,10.472,1.1663016e-05,0.0087937274
107.7,10.472,1.1664721e-05,0.0087950128
107.8,10.472,1.1660817e-05,0.0087920692
107.9,10.472,1.165929e-05,0.0087909182
108,10.472,1.1659863e-05,0.0087913498
108.1,10.472,1.1654558e-05,0.0087873506
108.2,10.472,1.1653405e-05,0.0087864811
108.3,10.472,1.1651999e-05,0.0087854209
108.4,10.472,1.1647455e-05,0.0087819944
108.5,10.472,1.164698e-05,0.0087816366
108.6,10.472,1.1641398e-05,0.0087774281
108.7,10.472,1.1638092e-05,0.0087749353
108.8,10.472,1.1636355e-05,0.0087736256
108.9,10.472,1.1630781e-05,0.0087694231
109,10.472,1.1629011e-05,0.008768088
109.1,10.472,1.1622673e-05,0.0087633097
109.2,10.472,1.1618998e-05,0.0087605387
109.3,10.472,1.161474e-05,0.0087573278
109.4,10.472,1.1609271e-05,0.0087532046
109.5,10.472,1.1605968e-05,0.0087507144
109.6,10.472,1.1598909e-05,0.0087453914
109.7,10.472,1.159644e-05,0.0087435304
109.8,10.472,1.1588148e-05,0.0087372778
109.9,10.472,1.1582975e-05,0.008733378
110,10.472,1.1579716e-05,0.0087309205
110.1,10.472,1.157047e-05,0.0087239491
110.2,10.472,1.1566336e-05,0.0087208323
110.3,10.472,1.1560461e-05,0.0087164027
110.4,10.472,1.1553792e-05,0.008711374
110.5,10.472,1.1547683e-05,0.0087067681
110.6,10.472,1.1539008e-05,0.008700227
110.7,10.472,1.1534625e-05,0.0086969225
110.8,10.472,1.1525146e-05,0.0086897753
110.9,10.472,1.1517923e-05,0.0086843298
111,10.472,1.1512768e-05,0.0086804432
111.1,10.472,1.1501667e-05,0.0086720728
111.2,10.472,1.1495056e-05,0.0086670887
111.3,10.472,1.1487568e-05,0.0086614421
111.4,10.472,1.1478124e-05,0.0086543222
111.5,10.472,1.1470632e-05,0.008648673
111.6,10.472,1.1459063e-05,0.00863995
111.7,10.472,1.1451794e-05,0.0086344697
111.8,10.472,1.1438467e-05,0.0086244208
111.9,10.472,1.142787e-05,0.0086164313
112,10.472,1.1418144e-05,0.0086090982
112.1,10.472,1.1404252e-05,0.0085986233
112.2,10.472,1.1393461e-05,0.008590487
112.3,10.472,1.1376946e-05,0.0085780356
112.4,10.472,1.1365023e-05,0.0085690458
112.5,10.472,1.1352878e-05,0.0085598885
112.6,10.472,1.1343473e-05,0.0085527972
112.7,10.472,1.134298e-05,0.0085524251
112.8,10.472,1.1354065e-05,0.0085607834
112.9,10.472,1.1379556e-05,0.0085800034
113,10.472,1.1401104e-05,0.0085962501
113.1,10.472,1.1416332e-05,0.0086077314
113.2,10.472,1.141804e-05,0.0086090192
113.3,10.472,1.1418207e-05,0.0086091455
113.4,10.472,1.1421952e-05,0.0086119689
113.5,10.472,1.142531e-05,0.008614501
113.6,10.472,1.1436225e-05,0.0086227303
113.7,10.472,1.1444412e-05,0.0086289036
113.8,10.472,1.1458199e-05,0.0086392986
113.9,10.472,1.1479097e-05,0.0086550554
114,10.472,1.1498457e-05,0.0086696524
114.1,10.472,1.1521389e-05,0.0086869426
114.2,10.472,1.1544449e-05,0.0087043296
114.3,10.472,1.156156e-05,0.0087172314
114.4,10.472,1.1579425e-05,0.0087307013
114.5,10.472,1.1589963e-05,0.0087386463
114.6,10.472,1.1600725e-05,0.008746761
114.7,10.472,1.1612465e-05,0.0087556124
114.8,10.472,1.1619491e-05,0.0087609101
114.9,10.472,1.1629556e-05,0.0087684988
115,10.472,1.1633675e-05,0.0087716051
115.1,10.472,1.1639756e-05,0.0087761902
115.2,10.472,1.1646213e-05,0.0087810581
115.3,10.472,1.1648223e-05,0.0087825738
115.4,10.472,1.1654051e-05,0.008786968
115.5,10.472,1.1653592e-05,0.0087866219
115.6,10.472,1.1654812e-05,0.0087875414
115.7,10.472,1.1659343e-05,0.0087909578
115.8,10.472,1.165841e-05,0.0087902544
115.9,10.472,1.1657437e-05,0.0087895212
116,10.472,1.16596e-05,0.0087911518
116.1,10.472,1.1656611e-05,0.0087888984
116.2,10.472,1.1657815e-05,0.0087898057
116.3,10.472,1.165472e-05,0.0087874722
116.4,10.472,1.1654879e-05,0.0087875924
116.5,10.472,1.1651142e-05,0.0087847743
116.6,10.472,1.165149e-05,0.0087850368
116.7,10.472,1.1646392e-05,0.0087811932
116.8,10.472,1.1643396e-05,0.008778934
116.9,10.472,1.1642659e-05,0.0087783787
117,10.472,1.163671e-05,0.0087738931
117.1,10.472,1.1635103e-05,0.0087726818
117.2,10.472,1.1631928e-05,0.0087702877
117.3,10.472,1.1627778e-05,0.0087671586
117.4,10.472,1.1624353e-05,0.0087645759
117.5,10.472,1.161855e-05,0.0087602008
117.6,10.472,1.161681e-05,0.0087588891
117.7,10.472,1.1609643e-05,0.008753485
117.8,10.472,1.1605265e-05,0.0087501838
117.9,10.472,1.1602192e-05,0.0087478673
118,10.472,1.1594334e-05,0.0087419426
118.1,10.472,1.1590028e-05,0.0087386956
118.2,10.472,1.1586496e-05,0.0087360326
118.3,10.472,1.1579142e-05,0.008730488
118.4,10.472,1.1576034e-05,0.0087281442
118.5,10.472,1.1567114e-05,0.0087214188
118.6,10.472,1.1560513e-05,0.008716442
118.7,10.472,1.1556987e-05,0.0087137834
118.8,10.472,1.1548129e-05,0.0087071043
118.9,10.472,1.1541656e-05,0.0087022242
119,10.472,1.1536645e-05,0.008698446
119.1,10.472,1.1527394e-05,0.0086914708
119.2,10.472,1.1521342e-05,0.0086869077
119.3,10.472,1.1512206e-05,0.0086800191
119.4,10.472,1.1504628e-05,0.0086743051
119.5,10.472,1.14966e-05,0.0086682524
119.6,10.472,1.1486969e-05,0.0086609905
119.7,10.472,1.1479517e-05,0.0086553719
119.8,10.472,1.1468382e-05,0.0086469769
119.9,10.472,1.1460587e-05,0.0086410992
120,10.472,1.1446941e-05,0.0086308104
120.1,10.472,1.1436408e-05,0.0086228686
120.2,10.472,1.1427488e-05,0.0086161434
120.3,10.472,1.1412561e-05,0.0086048882
120.4,10.472,1.1401368e-05,0.0085964488
120.5,10.472,1.1387907e-05,0.0085862995
120.6,10.472,1.1374042e-05,0.0085758456
120.7,10.472,1.1361843e-05,0.0085666477
120.8,10.472,1.1350946e-05,0.0085584314
120.9,10.472,1.1352615e-05,0.0085596899
121,10.472,1.1362465e-05,0.0085671171
121.1,10.472,1.1385894e-05,0.0085847822
121.2,10.472,1.1409786e-05,0.0086027959
121.3,10.472,1.141838e-05,0.0086092762
121.4,10.472,1.1422194e-05,0.0086121515
121.5,10.472,1.1420833e-05,0.0086111254
121.6,10.472,1.1419529e-05,0.0086101422
121.7,10.472,1.14212e-05,0.0086114024
121.8,10.472,1.1421548e-05,0.0086116641
121.9,10.472,1.1426671e-05,0.0086155273
122,10.472,1.1428468e-05,0.0086168821
122.1,10.472,1.1432358e-05,0.008619815
122.2,10.472,1.1441277e-05,0.0086265398
122.3,10.472,1.1450588e-05,0.0086335605
122.4,10.472,1.1463564e-05,0.0086433441
122.5,10.472,1.1482938e-05,0.0086579513
122.6,10.472,1.150633e-05,0.0086755887
122.7,10.472,1.1526744e-05,0.0086909805
122.8,10.472,1.1549883e-05,0.0087084268
122.9,10.472,1.1564388e-05,0.0087193637
123,10.472,1.1577138e-05,0.0087289771
123.1,10.472,1.1590272e-05,0.0087388794
123.2,10.472,1.1602667e-05,0.008748225
123.3,10.472,1.1610322e-05,0.0087539968
123.4,10.472,1.162058e-05,0.0087617317
123.5,10.472,1.1625764e-05,0.0087656401
123.6,10.472,1.1632596e-05,0.0087707912
123.7,10.472,1.163802e-05,0.0087748808
123.8,10.472,1.1641588e-05,0.0087775708
123.9,10.472,1.1646617e-05,0.0087813627
124,10.472,1.1646288e-05,0.0087811145
124.1,10.472,1.1649402e-05,0.0087834628
124.2,10.472,1.1652621e-05,0.0087858898
124.3,10.472,1.1651581e-05,0.008785106
124.4,10.472,1.1654663e-05,0.0087874296
124.5,10.472,1.1652416e-05,0.0087857351
124.6,10.472,1.1653231e-05,0.00878635
124.7,10.472,1.1650777e-05,0.0087844993
124.8,10.472,1.1649838e-05,0.0087837916
124.9,10.472,1.1648639e-05,0.0087828872
125,10.472,1.1644849e-05,0.0087800296
125.1,10.472,1.1643769e-05,0.0087792154
125.2,10.472,1.1642042e-05,0.0087779132
125.3,10.472,1.1638407e-05,0.0087751726
125.4,10.472,1.1637231e-05,0.008774286
125.5,10.472,1.1632026e-05,0.0087703616
125.6,10.472,1.1631143e-05,0.008769696
125.7,10.472,1.1624733e-05,0.008764863
125.8,10.472,1.1621278e-05,0.0087622579
125.9,10.472,1.1618948e-05,0.0087605012
126,10.472,1.1612366e-05,0.0087555385
126.1,10.472,1.1608035e-05,0.0087522728
126.2,10.472,1.1605733e-05,0.0087505369
126.3,10.472,1.1598149e-05,0.008744819
126.4,10.472,1.1594773e-05,0.0087422736
126.5,10.472,1.1590013e-05,0.0087386845
126.6,10.472,1.1584041e-05,0.0087341813
126.7,10.472,1.157906e-05,0.0087304259
126.8,10.472,1.1571499e-05,0.0087247253
126.9,10.472,1.156791e-05,0.0087220189
127,10.472,1.1559619e-05,0.0087157678
127.1,10.472,1.1553632e-05,0.0087112535
127.2,10.472,1.1548562e-05,0.008707431
127.3,10.472,1.1539998e-05,0.0087009737
127.4,10.472,1.1534804e-05,0.0086970574
127.5,10.472,1.1525134e-05,0.0086897663
127.6,10.472,1.1517766e-05,0.0086842113
127.7,10.472,1.1510829e-05,0.0086789809
127.8,10.472,1.1500981e-05,0.0086715556
127.9,10.472,1.1494966e-05,0.0086670204
128,10.472,1.148349e-05,0.008658368
128.1,10.472,1.1474428e-05,0.0086515349
128.2,10.472,1.1466288e-05,0.0086453977
128.3,10.472,1.145402e-05,0.0086361481
128.4,10.472,1.1445609e-05,0.0086298058
128.5,10.472,1.1431e-05,0.0086187911
128.6,10.472,1.141803e-05,0.0086090123
128.7,10.472,1.1407822e-05,0.0086013152
128.8,10.472,1.1391573e-05,0.008589064
128.9,10.472,1.1378207e-05,0.0085789859
129,10.472,1.1368086e-05,0.0085713546
129.1,10.472,1.1356237e-05,0.0085624212
129.2,10.472,1.1358507e-05,0.0085641328
129.3,10.472,1.1373521e-05,0.0085754525
129.4,10.472,1.1397062e-05,0.0085932022
129.5,10.472,1.1418053e-05,0.008609029
129.6,10.472,1.1425493e-05,0.0086146389
129.7,10.472,1.1428461e-05,0.0086168766
129.8,10.472,1.1424192e-05,0.008613658
129.9,10.472,1.1421931e-05,0.0086119533
130,10.472,1.1424421e-05,0.0086138305
130.1,10.472,1.1423809e-05,0.0086133695
130.2,10.472,1.1425217e-05,0.0086144311
130.3,10.472,1.1426493e-05,0.0086153931
130.4,10.472,1.14257e-05,0.0086147949
130.5,10.472,1.1429885e-05,0.0086179501
130.6,10.472,1.14305e-05,0.0086184141
130.7,10.472,1.1435236e-05,0.008621985
130.8,10.472,1.1444377e-05,0.0086288774
130.9,10.472,1.1453208e-05,0.0086355357
131,10.472,1.1471023e-05,0.0086489677
131.1,10.472,1.1486832e-05,0.0086608873
131.2,10.472,1.1509471e-05,0.0086779567
131.3,10.472,1.1532005e-05,0.0086949473
131.4,10.472,1.1549577e-05,0.0087081961
131.5,10.472,1.1567713e-05,0.0087218706
131.6,10.472,1.1579626e-05,0.0087308526
131.7,10.472,1.1590217e-05,0.0087388381
131.8,10.472,1.1602478e-05,0.0087480826
131.9,10.472,1.1609376e-05,0.0087532839
132,10.472,1.1616477e-05,0.0087586381
132.1,10.472,1.1625174e-05,0.0087651955
132.2,10.472,1.1630058e-05,0.0087688776
132.3,10.472,1.1633474e-05,0.008771453
132.4,10.472,1.1638975e-05,0.0087756008
132.5,10.472,1.1642474e-05,0.0087782391
132.6,10.472,1.1644462e-05,0.0087797377
132.7,10.472,1.1646687e-05,0.0087814153
132.8,10.472,1.1645903e-05,0.0087808243
132.9,10.472,1.1649132e-05,0.0087832591
133,10.472,1.164694e-05,0.0087816064
133.1,10.472,1.1647071e-05,0.0087817048
133.2,10.472,1.16472e-05,0.0087818027
133.3,10.472,1.1644093e-05,0.0087794595
133.4,10.472,1.1644391e-05,0.0087796843
133.5,10.472,1.1641682e-05,0.0087776418
133.6,10.472,1.1638205e-05,0.0087750207
133.7,10.472,1.1637136e-05,0.0087742145
133.8,10.472,1.1635256e-05,0.008772797
133.9,10.472,1.1631134e-05,0.0087696893
134,10.472,1.1630297e-05,0.0087690579
134.1,10.472,1.1623526e-05,0.0087639528
134.2,10.472,1.1620856e-05,0.0087619394
134.3,10.472,1.1618195e-05,0.0087599332
134.4,10.472,1.1612418e-05,0.008755577
134.5,10.472,1.1610505e-05,0.0087541346
134.6,10.472,1.1604096e-05,0.0087493031
134.7,10.472,1.1600188e-05,0.0087463563
134.8,10.472,1.159569e-05,0.0087429651
134.9,10.472,1.1589694e-05,0.0087384435
135,10.472,1.1586563e-05,0.0087360835
135.1,10.472,1.1577734e-05,0.0087294262
135.2,10.472,1.1573446e-05,0.0087261934
135.3,10.472,1.1568261e-05,0.0087222836
135.4,10.472,1.1561266e-05,0.0087170095
135.5,10.472,1.1556572e-05,0.0087134701
135.6,10.472,1.154785e-05,0.008706894
135.7,10.472,1.1543328e-05,0.0087034845
135.8,10.472,1.1533696e-05,0.0086962225
135.9,10.472,1.1526772e-05,0.0086910018
136,10.472,1.1519848e-05,0.0086857814
136.1,10.472,1.1510331e-05,0.0086786052
136.2,10.472,1.1504806e-05,0.0086744395
136.3,10.472,1.1493618e-05,0.0086660041
136.4,10.472,1.1485333e-05,0.008659757
136.5,10.472,1.1476186e-05,0.008652861
136.6,10.472,1.1465179e-05,0.0086445612
136.7,10.472,1.145603e-05,0.0086376636
136.8,10.472,1.1442848e-05,0.0086277241
136.9,10.472,1.1433441e-05,0.0086206319
137,10.472,1.1418915e-05,0.0086096792
137.1,10.472,1.1404824e-05,0.0085990551
137.2,10.472,1.1391883e-05,0.0085892973
137.3,10.472,1.1376817e-05,0.0085779377
137.4,10.472,1.1368024e-05,0.0085713082
137.5,10.472,1.136205e-05,0.0085668042
137.6,10.472,1.1370566e-05,0.0085732248
137.7,10.472,1.1391411e-05,0.0085889418
137.8,10.472,1.1414246e-05,0.0086061587
137.9,10.472,1.1429134e-05,0.0086173844
138,10.472,1.1431826e-05,0.0086194137
138.1,10.472,1.1432721e-05,0.0086200885
138.2,10.472,1.1427951e-05,0.008616492
138.3,10.472,1.1426779e-05,0.0086156085
138.4,10.472,1.1428787e-05,0.0086171227
138.5,10.472,1.1427381e-05,0.0086160624
138.6,10.472,1.1429302e-05,0.0086175109
138.7,10.472,1.1426884e-05,0.0086156874
138.8,10.472,1.1426758e-05,0.0086155926
138.9,10.472,1.142754e-05,0.008616182
139,10.472,1.1425461e-05,0.0086146148
139.1,10.472,1.14274e-05,0.008616077
139.2,10.472,1.1432812e-05,0.0086201575
139.3,10.472,1.1436627e-05,0.0086230336
139.4,10.472,1.1443586e-05,0.0086282806
139.5,10.472,1.1457313e-05,0.0086386308
139.6,10.472,1.1471814e-05,0.0086495643
139.7,10.472,1.1492219e-05,0.0086649491
139.8,10.472,1.1514184e-05,0.0086815104
139.9,10.472,1.1534202e-05,0.0086966036
140,10.472,1.1555043e-05,0.0087123178
140.1,10.472,1.1566808e-05,0.0087211881
140.2,10.472,1.1580176e-05,0.0087312671
140.3,10.472,1.1592712e-05,0.0087407192
140.4,10.472,1.1600629e-05,0.0087466884
140.5,10.472,1.1611441e-05,0.0087548407
140.6,10.472,1.1616258e-05,0.0087584723
140.7,10.472,1.1622194e-05,0.0087629485
140.8,10.472,1.1629881e-05,0.0087687439
140.9,10.472,1.1631577e-05,0.0087700228
141,10.472,1.1637016e-05,0.0087741237
141.1,10.472,1.1638983e-05,0.0087756073
141.2,10.472,1.1639642e-05,0.0087761038
141.3,10.472,1.1642505e-05,0.0087782626
141.4,10.472,1.1643812e-05,0.0087792481
141.5,10.472,1.164357e-05,0.0087790657
141.6,10.472,1.1644957e-05,0.0087801112
141.7,10.472,1.1642374e-05,0.0087781638
141.8,10.472,1.1643796e-05,0.0087792357
141.9,10.472,1.1639743e-05,0.0087761802
142,10.472,1.1636868e-05,0.0087740122
142.1,10.472,1.1636071e-05,0.0087734115
142.2,10.472,1.1635784e-05,0.0087731947
142.3,10.472,1.1631257e-05,0.0087697815
142.4,10.472,1.1630994e-05,0.0087695835
142.5,10.472,1.1624949e-05,0.0087650253
142.6,10.472,1.1621192e-05,0.008762193
142.7,10.472,1.1620494e-05,0.0087616664
142.8,10.472,1.1614212e-05,0.0087569303
142.9,10.472,1.1609721e-05,0.0087535438
143,10.472,1.1608494e-05,0.0087526185
143.1,10.472,1.1602244e-05,0.0087479062
143.2,10.472,1.1598829e-05,0.0087453315
143.3,10.472,1.1592292e-05,0.0087404024
143.4,10.472,1.1587491e-05,0.0087367831
143.5,10.472,1.1582597e-05,0.0087330931
143.6,10.472,1.157613e-05,0.0087282166
143.7,10.472,1.1571898e-05,0.0087250257
143.8,10.472,1.1564159e-05,0.008719191
143.9,10.472,1.1560644e-05,0.0087165409
144,10.472,1.1551206e-05,0.0087094245
144.1,10.472,1.1544627e-05,0.0087044638
144.2,10.472,1.1539385e-05,0.0087005119
144.3,10.472,1.1530679e-05,0.0086939472
144.4,10.472,1.1525078e-05,0.0086897245
144.5,10.472,1.1515098e-05,0.0086821994
144.6,10.472,1.1508658e-05,0.0086773437
144.7,10.472,1.1497992e-05,0.0086693021
144.8,10.472,1.149165e-05,0.0086645199
144.9,10.472,1.1479882e-05,0.0086556476
145,10.472,1.1471328e-05,0.0086491974
145.1,10.472,1.1459141e-05,0.0086400092
145.2,10.472,1.144806e-05,0.008631654
145.3,10.472,1.1436623e-05,0.0086230306
145.4,10.472,1.1422509e-05,0.0086123891
145.5,10.472,1.1411817e-05,0.0086043271
145.6,10.472,1.1395297e-05,0.0085918719
145.7,10.472,1.1382566e-05,0.0085822723
145.8,10.472,1.1372311e-05,0.0085745407
145.9,10.472,1.13658e-05,0.0085696312
146,10.472,1.1374488e-05,0.0085761822
146.1,10.472,1.1393357e-05,0.0085904091
146.2,10.472,1.1415948e-05,0.0086074419
146.3,10.472,1.1433304e-05,0.0086205281
146.4,10.472,1.1435153e-05,0.0086219226
146.5,10.472,1.1434336e-05,0.0086213067
146.6,10.472,1.1432052e-05,0.0086195844
146.7,10.472,1.1430142e-05,0.0086181441
146.8,10.472,1.1431968e-05,0.0086195206
146.9,10.472,1.1430014e-05,0.0086180475
147,10.472,1.1432339e-05,0.0086198005
147.1,10.472,1.1428571e-05,0.0086169596
147.2,10.472,1.1427856e-05,0.0086164203
147.3,10.472,1.1428643e-05,0.0086170136
147.4,10.472,1.1426449e-05,0.0086153596
147.5,10.472,1.1428911e-05,0.0086172162
147.6,10.472,1.142678e-05,0.0086156096
147.7,10.472,1.1428832e-05,0.0086171566
147.8,10.472,1.1433797e-05,0.0086209001
147.9,10.472,1.1437523e-05,0.0086237093
148,10.472,1.1448719e-05,0.0086321508
148.1,10.472,1.1458927e-05,0.0086398474
148.2,10.472,1.1477025e-05,0.0086534934
148.3,10.472,1.1495912e-05,0.0086677339
148.4,10.472,1.1517947e-05,0.0086843476
148.5,10.472,1.1538861e-05,0.0087001168
148.6,10.472,1.1555366e-05,0.0087125609
148.7,10.472,1.1571281e-05,0.0087245608
148.8,10.472,1.1581194e-05,0.0087320351
148.9,10.472,1.1593637e-05,0.0087414168
149,10.472,1.1600365e-05,0.0087464899
149.1,10.472,1.1608768e-05,0.0087528252
149.2,10.472,1.1617484e-05,0.0087593973
149.3,10.472,1.1621458e-05,0.0087623934
149.4,10.472,1.1628837e-05,0.0087679574
149.5,10.472,1.1630427e-05,0.008769156
149.6,10.472,1.1634362e-05,0.0087721228
149.7,10.472,1.1637469e-05,0.0087744656
149.8,10.472,1.1638349e-05,0.0087751286
149.9,10.472,1.1641164e-05,0.008777251
150,10.472,1.1638677e-05,0.0087753764
150.1,10.472,1.1639568e-05,0.0087760483
150.2,10.472,1.1641158e-05,0.0087772465
150.3,10.472,1.1638869e-05,0.0087755211
150.4,10.472,1.1640567e-05,0.0087768015
150.5,10.472,1.1636842e-05,0.0087739923
150.6,10.472,1.1633635e-05,0.0087715748
150.7,10.472,1.1633766e-05,0.0087716737
150.8,10.472,1.1629215e-05,0.0087682417
150.9,10.472,1.1628141e-05,0.008767432
151,10.472,1.1623594e-05,0.0087640042
151.1,10.472,1.1623069e-05,0.0087636084
151.2,10.472,1.1617518e-05,0.0087594227
151.3,10.472,1.1612947e-05,0.0087559759
151.4,10.472,1.1610835e-05,0.0087543835
151.5,10.472,1.160474e-05,0.0087497883
151.6,10.472,1.1602955e-05,0.0087484427
151.7,10.472,1.1595494e-05,0.0087428171
151.8,10.472,1.159024e-05,0.0087388559
151.9,10.472,1.1588136e-05,0.0087372694
152,10.472,1.1580286e-05,0.0087313502
152.1,10.472,1.1574956e-05,0.0087273314
152.2,10.472,1.1571093e-05,0.0087244193
152.3,10.472,1.1563091e-05,0.0087183856
152.4,10.472,1.1559689e-05,0.0087158205
152.5,10.472,1.1550934e-05,0.0087092191
152.6,10.472,1.1543998e-05,0.0087039894
152.7,10.472,1.1538691e-05,0.0086999882
152.8,10.472,1.1529269e-05,0.0086928847
152.9,10.472,1.1524487e-05,0.0086892788
153,10.472,1.1514209e-05,0.0086815293
153.1,10.472,1.1505142e-05,0.0086746928
153.2,10.472,1.1498239e-05,0.0086694883
153.3,10.472,1.1487323e-05,0.0086612576
153.4,10.472,1.1479568e-05,0.0086554103
153.5,10.472,1.1467172e-05,0.0086460639
153.6,10.472,1.1457979e-05,0.0086391325
153.7,10.472,1.1444429e-05,0.0086289167
153.8,10.472,1.1434632e-05,0.0086215296
153.9,10.472,1.1419073e-05,0.0086097981
154,10.472,1.1405791e-05,0.0085997841
154.1,10.472,1.1393707e-05,0.0085906725
154.2,10.472,1.1379445e-05,0.0085799196
154.3,10.472,1.1373653e-05,0.0085755524
154.4,10.472,1.1371582e-05,0.0085739912
154.5,10.472,1.1386892e-05,0.0085855345
154.6,10.472,1.1408926e-05,0.0086021477
154.7,10.472,1.1429129e-05,0.0086173806
154.8,10.472,1.1438355e-05,0.0086243367
154.9,10.472,1.1437738e-05,0.0086238714
155,10.472,1.143722e-05,0.0086234812
155.1,10.472,1.1431738e-05,0.0086193475
155.2,10.472,1.1432218e-05,0.0086197097
155.3,10.472,1.1434259e-05,0.0086212482
155.4,10.472,1.1432387e-05,0.0086198366
155.5,10.472,1.1433699e-05,0.0086208261
155.6,10.472,1.1430445e-05,0.0086183725
155.7,10.472,1.1429372e-05,0.0086175634
155.8,10.472,1.1429151e-05,0.008617397
155.9,10.472,1.1426555e-05,0.00861544
156,10.472,1.1428672e-05,0.008617036
156.1,10.472,1.1425882e-05,0.0086149319
156.2,10.472,1.1426832e-05,0.0086156485
156.3,10.472,1.1430501e-05,0.008618415
156.4,10.472,1.1432334e-05,0.0086197967
156.5,10.472,1.1441189e-05,0.0086264734
156.6,10.472,1.1447813e-05,0.0086314681
156.7,10.472,1.1460844e-05,0.008641293
156.8,10.472,1.1480785e-05,0.0086563278
156.9,10.472,1.1499823e-05,0.0086706827
157,10.472,1.152342e-05,0.008688474
157.1,10.472,1.1540029e-05,0.0087009971
157.2,10.472,1.155774e-05,0.0087143507
157.3,10.472,1.1573022e-05,0.0087258733
157.4,10.472,1.1581879e-05,0.0087325516
157.5,10.472,1.1591967e-05,0.0087401573
157.6,10.472,1.1602974e-05,0.0087484569
157.7,10.472,1.160804e-05,0.0087522767
157.8,10.472,1.1616413e-05,0.0087585898
157.9,10.472,1.1622151e-05,0.008762916
158,10.472,1.1626894e-05,0.0087664923
158.1,10.472,1.1630886e-05,0.0087695017
158.2,10.472,1.16328e-05,0.0087709447
158.3,10.472,1.1636589e-05,0.008773802
158.4,10.472,1.1636152e-05,0.0087734723
158.5,10.472,1.1639715e-05,0.008776159
158.6,10.472,1.1637767e-05,0.00877469
158.7,10.472,1.1639136e-05,0.008775722
158.8,10.472,1.1637143e-05,0.0087742198
158.9,10.472,1.1636569e-05,0.008773787
159,10.472,1.1635777e-05,0.0087731897
159.1,10.472,1.1632294e-05,0.0087705638
159.2,10.472,1.1633125e-05,0.0087711898
159.3,10.472,1.1628266e-05,0.0087675264
159.4,10.472,1.1625188e-05,0.0087652054
159.5,10.472,1.1625283e-05,0.0087652771
159.6,10.472,1.1620057e-05,0.0087613367
159.7,10.472,1.1618176e-05,0.0087599191
159.8,10.472,1.16129e-05,0.008755941
159.9,10.472,1.1609447e-05,0.0087533373
160,10.472,1.1605988e-05,0.0087507292
160.1,10.472,1.1599394e-05,0.0087457576
160.2,10.472,1.1597818e-05,0.0087445693
160.3,10.472,1.1590793e-05,0.0087392728
160.4,10.472,1.1586231e-05,0.0087358327
160.5,10.472,1.1581833e-05,0.0087325165
160.6,10.472,1.1574674e-05,0.0087271189
160.7,10.472,1.1571014e-05,0.0087243596
160.8,10.472,1.1563583e-05,0.0087187563
160.9,10.472,1.1557649e-05,0.0087142825
161,10.472,1.1551831e-05,0.0087098956
161.1,10.472,1.1544298e-05,0.008704216
161.2,10.472,1.1538934e-05,0.0087001714
161.3,10.472,1.152951e-05,0.008693066
161.4,10.472,1.1524236e-05,0.0086890898
161.5,10.472,1.151372e-05,0.008681161
161.6,10.472,1.1506049e-05,0.0086753765
161.7,10.472,1.1497777e-05,0.0086691399
161.8,10.472,1.1487665e-05,0.0086615157
161.9,10.472,1.1479459e-05,0.0086553281
162,10.472,1.14672e-05,0.0086460854
162.1,10.472,1.1458506e-05,0.00863953
162.2,10.472,1.144422e-05,0.0086287586
162.3,10.472,1.143218e-05,0.0086196812
162.4,10.472,1.1420739e-05,0.0086110544
162.5,10.472,1.1405257e-05,0.0085993812
162.6,10.472,1.1394178e-05,0.0085910281
162.7,10.472,1.137938e-05,0.0085798702
162.8,10.472,1.1372981e-05,0.0085750458
162.9,10.472,1.1376491e-05,0.0085776923
163,10.472,1.1392279e-05,0.0085895962
163.1,10.472,1.1418623e-05,0.008609459
163.2,10.472,1.143419e-05,0.0086211963
163.3,10.472,1.1439793e-05,0.0086254211
163.4,10.472,1.1441279e-05,0.0086265416
163.5,10.472,1.1435582e-05,0.0086222459
163.6,10.472,1.1435574e-05,0.0086222396
163.7,10.472,1.1434651e-05,0.0086215437
163.8,10.472,1.143384e-05,0.0086209326
163.9,10.472,1.1436308e-05,0.0086227929
164,10.472,1.1432776e-05,0.0086201305
164.1,10.472,1.14317e-05,0.0086193189
164.2,10.472,1.1432091e-05,0.0086196136
164.3,10.472,1.1428645e-05,0.0086170153
164.4,10.472,1.1430003e-05,0.0086180394
164.5,10.472,1.1426437e-05,0.0086153505
164.6,10.472,1.1426589e-05,0.0086154656
164.7,10.472,1.1427093e-05,0.0086158449
164.8,10.472,1.1427025e-05,0.008615794
164.9,10.472,1.1430892e-05,0.0086187094
165,10.472,1.1431978e-05,0.0086195285
165.1,10.472,1.1439847e-05,0.0086254617
165.2,10.472,1.1451998e-05,0.0086346232
165.3,10.472,1.1464689e-05,0.0086441922
165.4,10.472,1.1486018e-05,0.0086602741
165.5,10.472,1.1504981e-05,0.0086745719
165.6,10.472,1.1527647e-05,0.0086916611
165.7,10.472,1.1545035e-05,0.0087047717
165.8,10.472,1.156107e-05,0.0087168621
165.9,10.472,1.1574052e-05,0.00872665
166,10.472,1.1582796e-05,0.0087332428
166.1,10.472,1.1593623e-05,0.0087414062
166.2,10.472,1.1602925e-05,0.0087484198
166.3,10.472,1.1608691e-05,0.0087527676
166.4,10.472,1.1618494e-05,0.0087601587
166.5,10.472,1.1620599e-05,0.008761746
166.6,10.472,1.1624212e-05,0.0087644698
166.7,10.472,1.1629773e-05,0.0087686628
166.8,10.472,1.1631854e-05,0.008770232
166.9,10.472,1.1632944e-05,0.0087710533
167,10.472,1.1637298e-05,0.0087743366
167.1,10.472,1.1635004e-05,0.0087726066
167.2,10.472,1.1635484e-05,0.0087729686
167.3,10.472,1.1637153e-05,0.0087742272
167.4,10.472,1.1634643e-05,0.0087723347
167.5,10.472,1.1635952e-05,0.0087733215
167.6,10.472,1.1631821e-05,0.0087702072
167.7,10.472,1.1630445e-05,0.0087691691
167.8,10.472,1.1629192e-05,0.0087682248
167.9,10.472,1.1624971e-05,0.0087650422
168,10.472,1.1625047e-05,0.0087650998
168.1,10.472,1.1619354e-05,0.0087608069
168.2,10.472,1.1616058e-05,0.0087583219
168.3,10.472,1.1614431e-05,0.0087570949
168.4,10.472,1.1609157e-05,0.0087531188
168.5,10.472,1.1607812e-05,0.0087521048
168.6,10.472,1.1601385e-05,0.0087472589
168.7,10.472,1.1596977e-05,0.0087439353
168.8,10.472,1.1593048e-05,0.0087409727
168.9,10.472,1.1586573e-05,0.0087360908
169,10.472,1.1584132e-05,0.0087342501
169.1,10.472,1.1575964e-05,0.0087280918
169.2,10.472,1.157097e-05,0.0087243263
169.3,10.472,1.1565688e-05,0.0087203438
169.4,10.472,1.1558633e-05,0.0087150247
169.5,10.472,1.1553804e-05,0.0087113836
169.6,10.472,1.1545382e-05,0.0087050334
169.7,10.472,1.1540407e-05,0.0087012821
169.8,10.472,1.1530076e-05,0.0086934931
169.9,10.472,1.1523951e-05,0.0086888749
170,10.472,1.1517979e-05,0.0086843722
170.1,10.472,1.1507768e-05,0.0086766727
170.2,10.472,1.1500177e-05,0.0086709497
170.3,10.472,1.1490061e-05,0.0086633225
170.4,10.472,1.1478924e-05,0.0086549254
170.5,10.472,1.1470349e-05,0.0086484593
170.6,10.472,1.1459817e-05,0.0086405183
170.7,10.472,1.1447701e-05,0.0086313834
170.8,10.472,1.1435926e-05,0.0086225056
170.9,10.472,1.1420969e-05,0.0086112283
171,10.472,1.1409375e-05,0.0086024865
171.1,10.472,1.1394246e-05,0.0085910794
171.2,10.472,1.1382669e-05,0.00858235
171.3,10.472,1.1375435e-05,0.0085768964
171.4,10.472,1.1376645e-05,0.0085778084
171.5,10.472,1.1393987e-05,0.008590884
171.6,10.472,1.1415861e-05,0.0086073766
171.7,10.472,1.1436215e-05,0.008622723
171.8,10.472,1.1441437e-05,0.0086266605
171.9,10.472,1.1442535e-05,0.0086274883
172,10.472,1.1438284e-05,0.0086242832
172.1,10.472,1.1439218e-05,0.0086249874
172.2,10.472,1.1436466e-05,0.0086229125
172.3,10.472,1.1435773e-05,0.0086223902
172.4,10.472,1.1437254e-05,0.0086235064
172.5,10.472,1.1434516e-05,0.0086214423
172.6,10.472,1.1435646e-05,0.0086222938
172.7,10.472,1.1431425e-05,0.0086191119
172.8,10.472,1.1429491e-05,0.0086176534
172.9,10.472,1.1430318e-05,0.0086182768
173,10.472,1.142631e-05,0.0086152546
173.1,10.472,1.1426371e-05,0.0086153009
173.2,10.472,1.1426809e-05,0.0086156312
173.3,10.472,1.1425177e-05,0.0086144003
173.4,10.472,1.1428739e-05,0.0086170865
173.5,10.472,1.1429256e-05,0.0086174763
173.6,10.472,1.1434698e-05,0.0086215792
173.7,10.472,1.1442669e-05,0.0086275897
173.8,10.472,1.1453094e-05,0.0086354495
173.9,10.472,1.1470414e-05,0.008648509
174,10.472,1.1486986e-05,0.0086610038
174.1,10.472,1.1508504e-05,0.0086772281
174.2,10.472,1.1532223e-05,0.0086951114
174.3,10.472,1.1548082e-05,0.0087070693
174.4,10.472,1.1562483e-05,0.0087179268
174.5,10.472,1.1576976e-05,0.0087288547
174.6,10.472,1.1584498e-05,0.0087345261
174.7,10.472,1.1595258e-05,0.008742639
174.8,10.472,1.160381e-05,0.0087490872
174.9,10.472,1.1610563e-05,0.0087541788
175,10.472,1.161707e-05,0.0087590847
175.1,10.472,1.1620216e-05,0.0087614567
175.2,10.472,1.1627082e-05,0.0087666341
175.3,10.472,1.1628025e-05,0.0087673446
175.4,10.472,1.1630855e-05,0.0087694787
175.5,10.472,1.1634306e-05,0.0087720804
175.6,10.472,1.1633655e-05,0.00877159
175.7,10.472,1.1636399e-05,0.0087736583
175.8,10.472,1.1633885e-05,0.0087717631
175.9,10.472,1.1634286e-05,0.0087720655
176,10.472,1.1634462e-05,0.0087721984
176.1,10.472,1.163101e-05,0.0087695952
176.2,10.472,1.1632046e-05,0.0087703768
176.3,10.472,1.1627969e-05,0.0087673023
176.4,10.472,1.1626451e-05,0.0087661577
176.5,10.472,1.1624119e-05,0.0087643996
176.6,10.472,1.162032e-05,0.0087615355
176.7,10.472,1.1618813e-05,0.0087603993
176.8,10.472,1.1613778e-05,0.0087566029
176.9,10.472,1.16122e-05,0.008755413
177,10.472,1.1605004e-05,0.0087499876
177.1,10.472,1.1602387e-05,0.0087480144
177.2,10.472,1.159901e-05,0.0087454682
177.3,10.472,1.1592784e-05,0.0087407734
177.4,10.472,1.1590547e-05,0.0087390869
177.5,10.472,1.1583146e-05,0.0087335071
177.6,10.472,1.1578407e-05,0.0087299339
177.7,10.472,1.1573536e-05,0.008726261
177.8,10.472,1.1566543e-05,0.0087209886
177.9,10.472,1.1562859e-05,0.0087182109
178,10.472,1.1553636e-05,0.0087112567
178.1,10.472,1.154864e-05,0.0087074895
178.2,10.472,1.1542088e-05,0.00870255
178.3,10.472,1.1534882e-05,0.0086971164
178.4,10.472,1.1527728e-05,0.0086917227
178.5,10.472,1.1518874e-05,0.0086850469
178.6,10.472,1.1512239e-05,0.0086800444
178.7,10.472,1.1501577e-05,0.008672005
178.8,10.472,1.1495178e-05,0.0086671804
178.9,10.472,1.1482773e-05,0.0086578271
179,10.472,1.1471629e-05,0.0086494249
179.1,10.472,1.1462428e-05,0.0086424871
179.2,10.472,1.1451897e-05,0.0086345474
179.3,10.472,1.1439021e-05,0.0086248388
179.4,10.472,1.1427759e-05,0.0086163476
179.5,10.472,1.1412045e-05,0.0086044994
179.6,10.472,1.1401007e-05,0.008596177
179.7,10.472,1.1385532e-05,0.0085845091
179.8,10.472,1.1376024e-05,0.0085773398
179.9,10.472,1.1378514e-05,0.0085792179
180,10.472,1.1389687e-05,0.0085876417
180.1,10.472,1.1412348e-05,0.0086047275
180.2,10.472,1.1434352e-05,0.0086213182
180.3,10.472,1.1442196e-05,0.0086272324
180.4,10.472,1.1444887e-05,0.0086292618
180.5,10.472,1.1440047e-05,0.0086256127
180.6,10.472,1.143822e-05,0.0086242347
180.7,10.472,1.1437938e-05,0.0086240224
180.8,10.472,1.1436971e-05,0.0086232929
180.9,10.472,1.1438131e-05,0.0086241675
181,10.472,1.1435515e-05,0.0086221951
181.1,10.472,1.1436674e-05,0.0086230695
181.2,10.472,1.1432636e-05,0.0086200248
181.3,10.472,1.1431017e-05,0.0086188041
181.4,10.472,1.1431291e-05,0.0086190105
181.5,10.472,1.1428107e-05,0.0086166097
181.6,10.472,1.1429474e-05,0.0086176405
181.7,10.472,1.1425751e-05,0.0086148337
181.8,10.472,1.1424782e-05,0.008614103
181.9,10.472,1.142792e-05,0.0086164689
182,10.472,1.1426648e-05,0.0086155098
182.1,10.472,1.1429787e-05,0.0086178766
182.2,10.472,1.1436749e-05,0.008623126
182.3,10.472,1.1443426e-05,0.0086281602
182.4,10.472,1.1458372e-05,0.0086394294
182.5,10.472,1.1472408e-05,0.0086500117
182.6,10.472,1.1492386e-05,0.0086650754
182.7,10.472,1.1516254e-05,0.0086830714
182.8,10.472,1.1533714e-05,0.008696236
182.9,10.472,1.1551641e-05,0.0087097523
183,10.472,1.1567295e-05,0.0087215556
183.1,10.472,1.1577135e-05,0.0087289748
183.2,10.472,1.1589968e-05,0.0087386505
183.3,10.472,1.1596851e-05,0.0087438399
183.4,10.472,1.1603777e-05,0.0087490618
183.5,10.472,1.1612352e-05,0.0087555278
183.6,10.472,1.1616538e-05,0.0087586836
183.7,10.472,1.1623175e-05,0.0087636883
183.8,10.472,1.1623927e-05,0.0087642547
183.9,10.472,1.1628414e-05,0.008767638
184,10.472,1.1631341e-05,0.0087698448
184.1,10.472,1.1632045e-05,0.0087703758
184.2,10.472,1.163464e-05,0.0087723323
184.3,10.472,1.1632963e-05,0.0087710681
184.4,10.472,1.1635252e-05,0.0087727942
184.5,10.472,1.1632326e-05,0.0087705874
184.6,10.472,1.163168e-05,0.0087701008
184.7,10.472,1.1632032e-05,0.0087703658
184.8,10.472,1.1628658e-05,0.0087678217
184.9,10.472,1.1628495e-05,0.0087676993
185,10.472,1.1623919e-05,0.0087642487
185.1,10.472,1.1620097e-05,0.0087613675
185.2,10.472,1.1619087e-05,0.008760606
185.3,10.472,1.1615458e-05,0.0087578697
185.4,10.472,1.1611083e-05,0.008754571
185.5,10.472,1.1610021e-05,0.0087537704
185.6,10.472,1.1603629e-05,0.0087489509
185.7,10.472,1.1600155e-05,0.008746331
185.8,10.472,1.1596215e-05,0.0087433603
185.9,10.472,1.1590759e-05,0.0087392465
186,10.472,1.1588146e-05,0.0087372769
186.1,10.472,1.1579461e-05,0.0087307282
186.2,10.472,1.1575879e-05,0.0087280276
186.3,10.472,1.1569682e-05,0.0087233554
186.4,10.472,1.1563019e-05,0.0087183313
186.5,10.472,1.1559777e-05,0.0087158868
186.6,10.472,1.1550705e-05,0.0087090467
186.7,10.472,1.154404e-05,0.0087040217
186.8,10.472,1.1538924e-05,0.0087001641
186.9,10.472,1.1529786e-05,0.0086932743
187,10.472,1.15249e-05,0.0086895901
187.1,10.472,1.1513739e-05,0.0086811749
187.2,10.472,1.1505525e-05,0.0086749816
187.3,10.472,1.149871e-05,0.0086698432
187.4,10.472,1.1487558e-05,0.0086614353
187.5,10.472,1.148051e-05,0.0086561209
187.6,10.472,1.1467158e-05,0.0086460539
187.7,10.472,1.1455283e-05,0.0086371002
187.8,10.472,1.1446273e-05,0.0086303066
187.9,10.472,1.1431391e-05,0.0086190857
188,10.472,1.1418934e-05,0.0086096936
188.1,10.472,1.1405911e-05,0.0085998746
188.2,10.472,1.1391234e-05,0.008588808
188.3,10.472,1.1381939e-05,0.0085818002
188.4,10.472,1.1375728e-05,0.0085771165
188.5,10.472,1.1386026e-05,0.0085848811
188.6,10.472,1.1403689e-05,0.0085981994
188.7,10.472,1.1425969e-05,0.0086149977
188.8,10.472,1.1442881e-05,0.0086277495
188.9,10.472,1.144469e-05,0.0086291129
189,10.472,1.1442475e-05,0.0086274431
189.1,10.472,1.144123e-05,0.0086265045
189.2,10.472,1.1437465e-05,0.0086236655
189.3,10.472,1.1437212e-05,0.008623475
189.4,10.472,1.1439216e-05,0.0086249859
189.5,10.472,1.1435813e-05,0.0086224201
189.6,10.472,1.1436418e-05,0.0086228759
189.7,10.472,1.143435e-05,0.0086213169
189.8,10.472,1.1432077e-05,0.0086196031
189.9,10.472,1.1432867e-05,0.0086201984
190,10.472,1.1429298e-05,0.0086175078
190.1,10.472,1.1427653e-05,0.0086162676
190.2,10.472,1.1428189e-05,0.0086166715
190.3,10.472,1.1425464e-05,0.0086146172
190.4,10.472,1.142778e-05,0.0086163636
190.5,10.472,1.142549e-05,0.0086146367
190.6,10.472,1.1426502e-05,0.0086153993
190.7,10.472,1.1432778e-05,0.0086201319
190.8,10.472,1.1436725e-05,0.0086231079
190.9,10.472,1.1446062e-05,0.0086301476
191,10.472,1.1461331e-05,0.00864166
191.1,10.472,1.1477148e-05,0.0086535858
191.2,10.472,1.1500775e-05,0.0086714
191.3,10.472,1.1519744e-05,0.008685703
191.4,10.472,1.1538398e-05,0.0086997675
191.5,10.472,1.1556864e-05,0.0087136907
191.6,10.472,1.1567327e-05,0.0087215797
191.7,10.472,1.1580134e-05,0.0087312356
191.8,10.472,1.1589987e-05,0.008738665
191.9,10.472,1.159821e-05,0.0087448645
192,10.472,1.160634e-05,0.0087509948
192.1,10.472,1.1610892e-05,0.0087544266
192.2,10.472,1.1619092e-05,0.0087606095
192.3,10.472,1.1621372e-05,0.0087623284
192.4,10.472,1.1625658e-05,0.0087655601
192.5,10.472,1.1629036e-05,0.0087681073
192.6,10.472,1.1630094e-05,0.0087689051
192.7,10.472,1.1633182e-05,0.0087712327
192.8,10.472,1.1631898e-05,0.0087702648
192.9,10.472,1.163468e-05,0.0087723624
193,10.472,1.163186e-05,0.008770236
193.1,10.472,1.1631466e-05,0.0087699395
193.2,10.472,1.1632208e-05,0.0087704988
193.3,10.472,1.1628885e-05,0.0087679934
193.4,10.472,1.1629665e-05,0.0087685816
193.5,10.472,1.1625131e-05,0.0087651625
193.6,10.472,1.1623973e-05,0.0087642899
193.7,10.472,1.1619697e-05,0.0087610657
193.8,10.472,1.1617241e-05,0.0087592137
193.9,10.472,1.1614145e-05,0.0087568793
194,10.472,1.1608468e-05,0.008752599
194.1,10.472,1.1605603e-05,0.0087504391
194.2,10.472,1.1603639e-05,0.008748958
194.3,10.472,1.1597416e-05,0.0087442663
194.4,10.472,1.159549e-05,0.0087428138
194.5,10.472,1.1587904e-05,0.0087370945
194.6,10.472,1.1582385e-05,0.0087329333
194.7,10.472,1.1580122e-05,0.0087312269
194.8,10.472,1.1572226e-05,0.0087252733
194.9,10.472,1.1566077e-05,0.0087206367
195,10.472,1.1562435e-05,0.0087178912
195.1,10.472,1.1554082e-05,0.0087115933
195.2,10.472,1.1550585e-05,0.0087089566
195.3,10.472,1.1541781e-05,0.0087023182
195.4,10.472,1.1533395e-05,0.0086959957
195.5,10.472,1.1528913e-05,0.0086926161
195.6,10.472,1.1518574e-05,0.0086848201
195.7,10.472,1.1509928e-05,0.0086783014
195.8,10.472,1.1503598e-05,0.0086735286
195.9,10.472,1.14926e-05,0.0086652363
196,10.472,1.1485287e-05,0.0086597226
196.1,10.472,1.147285e-05,0.008650345
196.2,10.472,1.1464811e-05,0.0086442841
196.3,10.472,1.1450455e-05,0.0086334597
196.4,10.472,1.1438405e-05,0.008624374
196.5,10.472,1.1427243e-05,0.0086159582
196.6,10.472,1.1411775e-05,0.0086042956
196.7,10.472,1.1400867e-05,0.008596071
196.8,10.472,1.1385521e-05,0.0085845009
196.9,10.472,1.1377754e-05,0.0085786446
197,10.472,1.138002e-05,0.0085803532
197.1,10.472,1.1392489e-05,0.0085897547
197.2,10.472,1.1418498e-05,0.0086093651
197.3,10.472,1.1435409e-05,0.0086221157
197.4,10.472,1.1444876e-05,0.0086292534
197.5,10.472,1.1445069e-05,0.0086293992
197.6,10.472,1.1441183e-05,0.0086264691
197.7,10.472,1.1440647e-05,0.0086260651
197.8,10.472,1.1438126e-05,0.0086241642
197.9,10.472,1.1440232e-05,0.0086257522
198,10.472,1.143742e-05,0.0086236319
198.1,10.472,1.1436937e-05,0.0086232678
198.2,10.472,1.1437137e-05,0.0086234183
198.3,10.472,1.1433121e-05,0.00862039
198.4,10.472,1.143175e-05,0.0086193563
198.5,10.472,1.1432222e-05,0.0086197122
198.6,10.472,1.1427891e-05,0.0086164467
198.7,10.472,1.1428187e-05,0.0086166704
198.8,10.472,1.1427169e-05,0.0086159024
198.9,10.472,1.1426053e-05,0.0086150608
199,10.472,1.1426718e-05,0.0086155624
199.1,10.472,1.1424853e-05,0.008614156
199.2,10.472,1.1429652e-05,0.0086177749
199.3,10.472,1.1431596e-05,0.0086192405
199.4,10.472,1.1439215e-05,0.0086249848
199.5,10.472,1.1449947e-05,0.0086330769
199.6,10.472,1.1463665e-05,0.0086434198
199.7,10.472,1.1484018e-05,0.008658766
199.8,10.472,1.1503032e-05,0.0086731023
199.9,10.472,1.1526626e-05,0.0086908915
200,10.472,1.1542792e-05,0.0087030802
200.1,10.472,1.1558142e-05,0.0087146541
200.2,10.472,1.1572379e-05,0.0087253883
200.3,10.472,1.1581205e-05,0.008732043
200.4,10.472,1.1593133e-05,0.0087410365
200.5,10.472,1.1598935e-05,0.0087454115
200.6,10.472,1.1607001e-05,0.0087514933
200.7,10.472,1.1613786e-05,0.0087566085
200.8,10.472,1.1618131e-05,0.0087598847
200.9,10.472,1.1623961e-05,0.0087642806
201,10.472,1.1624414e-05,0.0087646223
201.1,10.472,1.1628087e-05,0.0087673917
201.2,10.472,1.1631701e-05,0.0087701163
201.3,10.472,1.1631029e-05,0.0087696101
201.4,10.472,1.1634412e-05,0.0087721607
201.5,10.472,1.1631749e-05,0.0087701524
201.6,10.472,1.1630884e-05,0.0087695002
201.7,10.472,1.1633119e-05,0.0087711852
201.8,10.472,1.1629228e-05,0.0087682517
201.9,10.472,1.1627218e-05,0.0087667367
202,10.472,1.1628195e-05,0.0087674729
202.1,10.472,1.1623214e-05,0.0087637173
202.2,10.472,1.1620798e-05,0.008761896
202.3,10.472,1.1619813e-05,0.0087611529
202.4,10.472,1.1614793e-05,0.0087573677
202.5,10.472,1.1613825e-05,0.0087566379
202.6,10.472,1.1607548e-05,0.0087519056
202.7,10.472,1.1604072e-05,0.008749285
202.8,10.472,1.1601029e-05,0.00874699
202.9,10.472,1.159484e-05,0.0087423239
203,10.472,1.1592233e-05,0.008740358
203.1,10.472,1.1586459e-05,0.0087360044
203.2,10.472,1.1581007e-05,0.0087318944
203.3,10.472,1.1577368e-05,0.0087291503
203.4,10.472,1.1569663e-05,0.0087233404
203.5,10.472,1.1566543e-05,0.0087209886
203.6,10.472,1.1557595e-05,0.0087142414
203.7,10.472,1.1551436e-05,0.0087095977
203.8,10.472,1.1546677e-05,0.0087060097
203.9,10.472,1.1537838e-05,0.008699345
204,10.472,1.1533207e-05,0.0086958532
204.1,10.472,1.1522495e-05,0.0086877768
204.2,10.472,1.1515421e-05,0.008682443
204.3,10.472,1.1507798e-05,0.0086766958
204.4,10.472,1.1497394e-05,0.0086688509
204.5,10.472,1.1490767e-05,0.0086638547
204.6,10.472,1.1478503e-05,0.0086546077
204.7,10.472,1.1468506e-05,0.0086470698
204.8,10.472,1.1458209e-05,0.0086393065
204.9,10.472,1.1444528e-05,0.0086289912
205,10.472,1.143387e-05,0.0086209552
205.1,10.472,1.1419679e-05,0.0086102553
205.2,10.472,1.1404707e-05,0.0085989664
205.3,10.472,1.1393301e-05,0.0085903666
205.4,10.472,1.1381859e-05,0.0085817395
205.5,10.472,1.1376095e-05,0.0085773939
205.6,10.472,1.1385023e-05,0.008584125
205.7,10.472,1.1405664e-05,0.0085996885
205.8,10.472,1.1428348e-05,0.0086167914
205.9,10.472,1.1442966e-05,0.0086278133
206,10.472,1.1445035e-05,0.0086293729
206.1,10.472,1.1445392e-05,0.0086296423
206.2,10.472,1.1440013e-05,0.0086255867
206.3,10.472,1.1438314e-05,0.0086243059
206.4,10.472,1.1440421e-05,0.0086258941
206.5,10.472,1.1437596e-05,0.0086237642
206.6,10.472,1.1438683e-05,0.0086245838
206.7,10.472,1.1436855e-05,0.0086232054
206.8,10.472,1.1433854e-05,0.0086209431
206.9,10.472,1.1433706e-05,0.0086208318
207,10.472,1.1432506e-05,0.0086199263
207.1,10.472,1.1430284e-05,0.008618251
207.2,10.472,1.143033e-05,0.0086182858
207.3,10.472,1.1426829e-05,0.0086156463
207.4,10.472,1.1428342e-05,0.0086167871
207.5,10.472,1.1424728e-05,0.0086140624
207.6,10.472,1.1424869e-05,0.0086141685
207.7,10.472,1.1427797e-05,0.0086163758
207.8,10.472,1.1428324e-05,0.0086167732
207.9,10.472,1.1435641e-05,0.0086222907
208,10.472,1.1440657e-05,0.0086260722
208.1,10.472,1.1451425e-05,0.0086341914
208.2,10.472,1.1470194e-05,0.0086483427
208.3,10.472,1.1487161e-05,0.0086611358
208.4,10.472,1.1507808e-05,0.008676703
208.5,10.472,1.1531406e-05,0.0086944959
208.6,10.472,1.1546861e-05,0.0087061487
208.7,10.472,1.1561022e-05,0.0087168253
208.8,10.472,1.157601e-05,0.0087281262
208.9,10.472,1.1584251e-05,0.0087343396
209,10.472,1.159333e-05,0.008741185
209.1,10.472,1.1602236e-05,0.0087479006
209.2,10.472,1.1607311e-05,0.0087517271
209.3,10.472,1.1615796e-05,0.0087581244
209.4,10.472,1.1618499e-05,0.0087601625
209.5,10.472,1.1623438e-05,0.0087638863
209.6,10.472,1.1626824e-05,0.0087664391
209.7,10.472,1.1628613e-05,0.0087677883
209.8,10.472,1.1631083e-05,0.0087696506
209.9,10.472,1.1630061e-05,0.0087688796
210,10.472,1.1632435e-05,0.0087706701
210.1,10.472,1.1631718e-05,0.0087701296
210.2,10.472,1.1629912e-05,0.0087687673
210.3,10.472,1.163032e-05,0.0087690748
210.4,10.472,1.1629701e-05,0.0087686081
210.5,10.472,1.1627146e-05,0.0087666823
210.6,10.472,1.1626739e-05,0.0087663753
210.7,10.472,1.162207e-05,0.0087628546
210.8,10.472,1.1621824e-05,0.0087626696
210.9,10.472,1.1616412e-05,0.0087585885
211,10.472,1.1613643e-05,0.0087565007
211.1,10.472,1.1611741e-05,0.0087550667
211.2,10.472,1.1606381e-05,0.0087510258
211.3,10.472,1.1604397e-05,0.0087495297
211.4,10.472,1.1597961e-05,0.0087446772
211.5,10.472,1.1595128e-05,0.0087425412
211.6,10.472,1.1588659e-05,0.0087376633
211.7,10.472,1.15864e-05,0.00873596
211.8,10.472,1.1578486e-05,0.0087299933
211.9,10.472,1.1573432e-05,0.0087261823
212,10.472,1.1570008e-05,0.0087236008
212.1,10.472,1.1560759e-05,0.008716627
212.2,10.472,1.1556312e-05,0.0087132744
212.3,10.472,1.1550303e-05,0.0087087435
212.4,10.472,1.1543039e-05,0.0087032665
212.5,10.472,1.153645e-05,0.0086982986
212.6,10.472,1.1527713e-05,0.008691711
212.7,10.472,1.1521691e-05,0.0086871706
212.8,10.472,1.1511964e-05,0.0086798368
212.9,10.472,1.1505371e-05,0.0086748659
213,10.472,1.149303e-05,0.0086655605
213.1,10.472,1.148502e-05,0.0086595211
213.2,10.472,1.1475825e-05,0.0086525886
213.3,10.472,1.146427e-05,0.0086438761
213.4,10.472,1.1454465e-05,0.0086364832
213.5,10.472,1.1440181e-05,0.0086257132
213.6,10.472,1.1429856e-05,0.0086179288
213.7,10.472,1.1413326e-05,0.0086054648
213.8,10.472,1.1399411e-05,0.0085949736
213.9,10.472,1.1389364e-05,0.0085873983
214,10.472,1.1378055e-05,0.0085788718
214.1,10.472,1.1379611e-05,0.0085800444
214.2,10.472,1.1393863e-05,0.0085907902
214.3,10.472,1.1416604e-05,0.008607937
214.4,10.472,1.1437905e-05,0.0086239976
214.5,10.472,1.1444949e-05,0.0086293085
214.6,10.472,1.1447203e-05,0.008631008
214.7,10.472,1.144219e-05,0.0086272282
214.8,10.472,1.1440419e-05,0.0086258929
214.9,10.472,1.1440149e-05,0.0086256896
215,10.472,1.1438009e-05,0.0086240756
215.1,10.472,1.1438404e-05,0.0086243735
215.2,10.472,1.1439134e-05,0.0086249237
215.3,10.472,1.1436194e-05,0.0086227076
215.4,10.472,1.1437252e-05,0.008623505
215.5,10.472,1.1432842e-05,0.0086201797
215.6,10.472,1.1430589e-05,0.0086184813
215.7,10.472,1.1431121e-05,0.0086188825
215.8,10.472,1.1426941e-05,0.0086157308
215.9,10.472,1.1427155e-05,0.0086158923
216,10.472,1.1426665e-05,0.0086155223
216.1,10.472,1.1424976e-05,0.0086142494
216.2,10.472,1.142688e-05,0.0086156849
216.3,10.472,1.1426335e-05,0.0086152741
216.4,10.472,1.143191e-05,0.0086194769
216.5,10.472,1.1434269e-05,0.008621256
216.6,10.472,1.1442868e-05,0.0086277394
216.7,10.472,1.1457045e-05,0.0086384286
216.8,10.472,1.1472115e-05,0.0086497911
216.9,10.472,1.149499e-05,0.0086670386
217,10.472,1.1513595e-05,0.0086810662
217.1,10.472,1.1533278e-05,0.0086959069
217.2,10.472,1.1552636e-05,0.0087105027
217.3,10.472,1.1563677e-05,0.0087188276
217.4,10.472,1.1576868e-05,0.008728773
217.5,10.472,1.1587003e-05,0.0087364146
217.6,10.472,1.1595283e-05,0.0087426575
217.7,10.472,1.1603798e-05,0.0087490777
217.8,10.472,1.1608521e-05,0.0087526389
217.9,10.472,1.1616182e-05,0.0087584155
218,10.472,1.1619931e-05,0.0087612422
218.1,10.472,1.1622471e-05,0.008763157
218.2,10.472,1.1627029e-05,0.008766594
218.3,10.472,1.1629303e-05,0.0087683082
218.4,10.472,1.1630906e-05,0.0087695169
218.5,10.472,1.1631898e-05,0.008770265
218.6,10.472,1.1631245e-05,0.0087697726
218.7,10.472,1.1632766e-05,0.0087709195
218.8,10.472,1.1630234e-05,0.0087690104
218.9,10.472,1.163154e-05,0.0087699947
219,10.472,1.1628062e-05,0.0087673725
219.1,10.472,1.1625814e-05,0.0087656778
219.2,10.472,1.1625525e-05,0.0087654599
219.3,10.472,1.1621107e-05,0.0087621291
219.4,10.472,1.1621049e-05,0.008762085
219.5,10.472,1.1615226e-05,0.0087576945
219.6,10.472,1.1612189e-05,0.0087554046
219.7,10.472,1.1610497e-05,0.0087541286
219.8,10.472,1.1604831e-05,0.008749857
219.9,10.472,1.1603395e-05,0.0087487739
220,10.472,1.1596276e-05,0.0087434069
220.1,10.472,1.1591886e-05,0.0087400965
220.2,10.472,1.1589158e-05,0.00873804
220.3,10.472,1.1582137e-05,0.0087327457
220.4,10.472,1.1579507e-05,0.0087307634
220.5,10.472,1.1571103e-05,0.0087244264
220.6,10.472,1.1565097e-05,0.0087198983
220.7,10.472,1.1562081e-05,0.0087176244
220.8,10.472,1.1553136e-05,0.0087108801
220.9,10.472,1.1547087e-05,0.0087063187
221,10.472,1.1541442e-05,0.0087020629
221.1,10.472,1.1532143e-05,0.0086950515
221.2,10.472,1.1525371e-05,0.0086899452
221.3,10.472,1.151889e-05,0.0086850587
221.4,10.472,1.1508827e-05,0.0086774714
221.5,10.472,1.150234e-05,0.0086725805
221.6,10.472,1.1491689e-05,0.0086645493
221.7,10.472,1.1482246e-05,0.0086574294
221.8,10.472,1.1472646e-05,0.0086501919
221.9,10.472,1.1459857e-05,0.0086405487
222,10.472,1.1450277e-05,0.0086333258
222.1,10.472,1.1436439e-05,0.0086228918
222.2,10.472,1.1423875e-05,0.008613419
222.3,10.472,1.1410522e-05,0.008603351
222.4,10.472,1.1396078e-05,0.0085924605
222.5,10.472,1.1385989e-05,0.0085848532
222.6,10.472,1.1378009e-05,0.0085788368
222.7,10.472,1.1384439e-05,0.008583685
222.8,10.472,1.1399157e-05,0.0085947822
222.9,10.472,1.142361e-05,0.0086132188
223,10.472,1.1442104e-05,0.0086271636
223.1,10.472,1.1445572e-05,0.0086297781
223.2,10.472,1.1446288e-05,0.0086303177
223.3,10.472,1.1441428e-05,0.0086266536
223.4,10.472,1.1440187e-05,0.0086257177
223.5,10.472,1.1440248e-05,0.0086257637
223.6,10.472,1.1439243e-05,0.0086250065
223.7,10.472,1.1440122e-05,0.0086256687
223.8,10.472,1.143715e-05,0.0086234284
223.9,10.472,1.1438182e-05,0.0086242061
224,10.472,1.1433617e-05,0.008620764
224.1,10.472,1.1431509e-05,0.008619175
224.2,10.472,1.1432056e-05,0.0086195872
224.3,10.472,1.1429116e-05,0.0086173708
224.4,10.472,1.1426669e-05,0.0086155257
224.5,10.472,1.1427266e-05,0.0086159758
224.6,10.472,1.1425316e-05,0.0086145052
224.7,10.472,1.1423573e-05,0.0086131913
224.8,10.472,1.1425034e-05,0.008614293
224.9,10.472,1.142858e-05,0.0086169666
225,10.472,1.1429707e-05,0.0086178162
225.1,10.472,1.1435815e-05,0.0086224217
225.2,10.472,1.1448291e-05,0.0086318284
225.3,10.472,1.1460192e-05,0.0086408017
225.4,10.472,1.1476551e-05,0.0086531356
225.5,10.472,1.150017e-05,0.0086709439
225.6,10.472,1.1518762e-05,0.0086849624
225.7,10.472,1.1538721e-05,0.0087000108
225.8,10.472,1.1555571e-05,0.0087127156
225.9,10.472,1.1567062e-05,0.0087213793
226,10.472,1.1580043e-05,0.0087311668
226.1,10.472,1.1588259e-05,0.0087373622
226.2,10.472,1.1597357e-05,0.008744222
226.3,10.472,1.1605277e-05,0.0087501934
226.4,10.472,1.1610703e-05,0.0087542846
226.5,10.472,1.161781e-05,0.0087596428
226.6,10.472,1.1620237e-05,0.0087614727
226.7,10.472,1.1626343e-05,0.0087660767
226.8,10.472,1.1626461e-05,0.0087661659
226.9,10.472,1.1628253e-05,0.0087675165
227,10.472,1.1632854e-05,0.0087709858
227.1,10.472,1.1630802e-05,0.0087694388
227.2,10.472,1.1632411e-05,0.0087706516
227.3,10.472,1.1630989e-05,0.0087695796
227.4,10.472,1.1628895e-05,0.0087680011
227.5,10.472,1.1629403e-05,0.0087683838
227.6,10.472,1.1628256e-05,0.0087675188
227.7,10.472,1.1625787e-05,0.0087656572
227.8,10.472,1.1624109e-05,0.0087643925
227.9,10.472,1.1619776e-05,0.0087611253
228,10.472,1.1619098e-05,0.0087606142
228.1,10.472,1.1614588e-05,0.0087572137
228.2,10.472,1.1611771e-05,0.0087550899
228.3,10.472,1.1608575e-05,0.0087526798
228.4,10.472,1.1603679e-05,0.0087489881
228.5,10.472,1.160113e-05,0.0087470666
228.6,10.472,1.1594996e-05,0.0087424417
228.7,10.472,1.1592395e-05,0.0087404802
228.8,10.472,1.1584551e-05,0.008734566
228.9,10.472,1.158079e-05,0.0087317304
229,10.472,1.1576158e-05,0.0087282382
229.1,10.472,1.1570082e-05,0.0087236569
229.2,10.472,1.1565022e-05,0.0087198413
229.3,10.472,1.1557142e-05,0.0087139005
229.4,10.472,1.1553362e-05,0.0087110504
229.5,10.472,1.1544344e-05,0.0087042504
229.6,10.472,1.1538016e-05,0.0086994795
229.7,10.472,1.1531375e-05,0.0086944726
229.8,10.472,1.1522794e-05,0.0086880025
229.9,10.472,1.1516382e-05,0.008683168
230,10.472,1.1505944e-05,0.0086752975
230.1,10.472,1.1499672e-05,0.008670569
230.2,10.472,1.1487727e-05,0.0086615626
230.3,10.472,1.1477868e-05,0.008654129
230.4,10.472,1.1469368e-05,0.0086477202
230.5,10.472,1.1456182e-05,0.0086377782
230.6,10.472,1.1446648e-05,0.0086305898
230.7,10.472,1.143133e-05,0.00861904
230.8,10.472,1.1418097e-05,0.0086090625
230.9,10.472,1.1406203e-05,0.0086000946
231,10.472,1.1390213e-05,0.0085880381
231.1,10.472,1.1381347e-05,0.0085813532
231.2,10.472,1.1380124e-05,0.0085804311
231.3,10.472,1.1387999e-05,0.0085863693
231.4,10.472,1.1411965e-05,0.0086044388
231.5,10.472,1.1431287e-05,0.0086190072
231.6,10.472,1.144424e-05,0.0086287741
231.7,10.472,1.1447064e-05,0.0086309033
231.8,10.472,1.1443717e-05,0.0086283794
231.9,10.472,1.1442776e-05,0.0086276697
232,10.472,1.1438592e-05,0.0086245153
232.1,10.472,1.1439105e-05,0.0086249021
232.2,10.472,1.144067e-05,0.0086260824
232.3,10.472,1.1438415e-05,0.0086243817
232.4,10.472,1.1439096e-05,0.0086248953
232.5,10.472,1.1435332e-05,0.0086220573
232.6,10.472,1.1435307e-05,0.0086220383
232.7,10.472,1.1431812e-05,0.0086194037
232.8,10.472,1.1432841e-05,0.008620179
232.9,10.472,1.1429188e-05,0.008617425
233,10.472,1.1429303e-05,0.0086175119
233.1,10.472,1.1425936e-05,0.0086149732
233.2,10.472,1.1424741e-05,0.0086140719
233.3,10.472,1.1426401e-05,0.0086153232
233.4,10.472,1.1425348e-05,0.0086145298
233.5,10.472,1.1429713e-05,0.0086178209
233.6,10.472,1.1431255e-05,0.0086189833
233.7,10.472,1.1438895e-05,0.008624744
233.8,10.472,1.1449795e-05,0.0086329623
233.9,10.472,1.1463614e-05,0.0086433813
234,10.472,1.1483818e-05,0.0086586148
234.1,10.472,1.1503249e-05,0.0086732656
234.2,10.472,1.1527149e-05,0.008691286
234.3,10.472,1.1543641e-05,0.0087037207
234.4,10.472,1.155748e-05,0.0087141552
234.5,10.472,1.1573221e-05,0.0087260236
234.6,10.472,1.1581838e-05,0.0087325204
234.7,10.472,1.1590035e-05,0.0087387011
234.8,10.472,1.1601291e-05,0.008747188
234.9,10.472,1.16066e-05,0.0087511908
235,10.472,1.161079e-05,0.0087543499
235.1,10.472,1.1616413e-05,0.0087585897
235.2,10.472,1.1623785e-05,0.0087641481
235.3,10.472,1.1625392e-05,0.0087653594
235.4,10.472,1.1626812e-05,0.0087664302
235.5,10.472,1.1630747e-05,0.008769397
235.6,10.472,1.1629065e-05,0.0087681289
235.7,10.472,1.1631415e-05,0.0087699011
235.8,10.472,1.1631008e-05,0.0087695943
235.9,10.472,1.1629873e-05,0.0087687385
236,10.472,1.1631776e-05,0.0087701732
236.1,10.472,1.1628083e-05,0.0087673882
236.2,10.472,1.1627316e-05,0.0087668104
236.3,10.472,1.1625485e-05,0.0087654294
236.4,10.472,1.1622631e-05,0.0087632777
236.5,10.472,1.1620541e-05,0.0087617017
236.6,10.472,1.1616337e-05,0.0087585325
236.7,10.472,1.1614901e-05,0.0087574492
236.8,10.472,1.1609977e-05,0.0087537366
236.9,10.472,1.160819e-05,0.0087523893
237,10.472,1.1601192e-05,0.0087471129
237.1,10.472,1.1598267e-05,0.0087449077
237.2,10.472,1.1594718e-05,0.0087422321
237.3,10.472,1.1589468e-05,0.0087382731
237.4,10.472,1.1586138e-05,0.0087357627
237.5,10.472,1.1578758e-05,0.0087301985
237.6,10.472,1.1575866e-05,0.0087280177
237.7,10.472,1.1567491e-05,0.0087217033
237.8,10.472,1.156132e-05,0.0087170505
237.9,10.472,1.1558268e-05,0.008714749
238,10.472,1.1549179e-05,0.0087078965
238.1,10.472,1.1541886e-05,0.0087023971
238.2,10.472,1.1536706e-05,0.0086984915
238.3,10.472,1.1528656e-05,0.0086924221
238.4,10.472,1.1519589e-05,0.0086855859
238.5,10.472,1.1512655e-05,0.0086803579
238.6,10.472,1.1504971e-05,0.0086745638
238.7,10.472,1.1495159e-05,0.0086671658
238.8,10.472,1.1487208e-05,0.0086611712
238.9,10.472,1.147515e-05,0.0086520791
239,10.472,1.1467379e-05,0.00864622
239.1,10.472,1.145313e-05,0.0086354771
239.2,10.472,1.1442238e-05,0.0086272642
239.3,10.472,1.1427904e-05,0.0086164571
239.4,10.472,1.141357e-05,0.0086056489
239.5,10.472,1.1402728e-05,0.0085974744
239.6,10.472,1.1387659e-05,0.0085861129
239.7,10.472,1.1378902e-05,0.0085795101
239.8,10.472,1.1382396e-05,0.0085821444
239.9,10.472,1.1394311e-05,0.0085911281
240,10.472,1.1417075e-05,0.0086082921
240.1,10.472,1.143835e-05,0.008624333
240.2,10.472,1.1445522e-05,0.0086297403
240.3,10.472,1.1448435e-05,0.0086319366
240.4,10.472,1.1442494e-05,0.0086274574
240.5,10.472,1.1439744e-05,0.0086253836
240.6,10.472,1.1441278e-05,0.0086265408
240.7,10.472,1.1438526e-05,0.0086244659
240.8,10.472,1.143964e-05,0.0086253053
240.9,10.472,1.1438968e-05,0.0086247986
241,10.472,1.1437312e-05,0.00862355
241.1,10.472,1.1437027e-05,0.0086233351
241.2,10.472,1.1433298e-05,0.0086205241
241.3,10.472,1.1433451e-05,0.0086206393
241.4,10.472,1.142978e-05,0.0086178709
241.5,10.472,1.1428579e-05,0.0086169656
241.6,10.472,1.1427717e-05,0.0086163156
241.7,10.472,1.1425356e-05,0.0086145357
241.8,10.472,1.1426827e-05,0.0086156447
241.9,10.472,1.1423857e-05,0.0086134053
242,10.472,1.1426622e-05,0.0086154902
242.1,10.472,1.1429355e-05,0.0086175509
242.2,10.472,1.1433537e-05,0.0086207043
242.3,10.472,1.1441942e-05,0.0086270411
242.4,10.472,1.1451528e-05,0.0086342688
242.5,10.472,1.1469561e-05,0.0086478655
242.6,10.472,1.1487469e-05,0.0086613676
242.7,10.472,1.150912e-05,0.0086776927
242.8,10.472,1.1530495e-05,0.0086938089
242.9,10.472,1.154647e-05,0.0087058536
243,10.472,1.156274e-05,0.0087181213
243.1,10.472,1.1573522e-05,0.0087262505
243.2,10.472,1.1584031e-05,0.0087341741
243.3,10.472,1.1593533e-05,0.0087413386
243.4,10.472,1.160053e-05,0.0087466143
243.5,10.472,1.1609226e-05,0.0087531706
243.6,10.472,1.1613192e-05,0.0087561607
243.7,10.472,1.1620639e-05,0.0087617758
243.8,10.472,1.1621805e-05,0.0087626553
243.9,10.472,1.1624642e-05,0.0087647944
244,10.472,1.1629148e-05,0.0087681915
244.1,10.472,1.1628541e-05,0.0087677335
244.2,10.472,1.1632091e-05,0.0087704104
244.3,10.472,1.1630343e-05,0.0087690926
244.4,10.472,1.1631185e-05,0.0087697274
244.5,10.472,1.1630993e-05,0.0087695824
244.6,10.472,1.1629348e-05,0.0087683421
244.7,10.472,1.1629552e-05,0.0087684965
244.8,10.472,1.1625749e-05,0.0087656286
244.9,10.472,1.1626258e-05,0.0087660127
245,10.472,1.1620622e-05,0.0087617632
245.1,10.472,1.1618318e-05,0.0087600261
245.2,10.472,1.1617186e-05,0.0087591721
245.3,10.472,1.1612349e-05,0.0087555252
245.4,10.472,1.1611471e-05,0.0087548635
245.5,10.472,1.1604824e-05,0.0087498517
245.6,10.472,1.1600439e-05,0.0087465456
245.7,10.472,1.1599231e-05,0.0087456345
245.8,10.472,1.1592184e-05,0.0087403216
245.9,10.472,1.1587117e-05,0.0087365006
246,10.472,1.1585139e-05,0.0087350092
246.1,10.472,1.1576899e-05,0.0087287969
246.2,10.472,1.1572389e-05,0.0087253962
246.3,10.472,1.1567204e-05,0.0087214871
246.4,10.472,1.1560054e-05,0.0087160956
246.5,10.472,1.1555489e-05,0.008712654
246.6,10.472,1.1547263e-05,0.0087064516
246.7,10.472,1.154327e-05,0.0087034412
246.8,10.472,1.1534078e-05,0.0086965099
246.9,10.472,1.1525631e-05,0.0086901412
247,10.472,1.1520274e-05,0.0086861021
247.1,10.472,1.1508662e-05,0.0086773471
247.2,10.472,1.1501309e-05,0.0086718028
247.3,10.472,1.1493207e-05,0.0086656943
247.4,10.472,1.1482233e-05,0.0086574199
247.5,10.472,1.1474707e-05,0.0086517458
247.6,10.472,1.1460971e-05,0.008641389
247.7,10.472,1.1449692e-05,0.0086328843
247.8,10.472,1.1438909e-05,0.0086247544
247.9,10.472,1.1424132e-05,0.0086136129
248,10.472,1.141231e-05,0.0086046995
248.1,10.472,1.1396906e-05,0.0085930847
248.2,10.472,1.1385775e-05,0.0085846924
248.3,10.472,1.1379478e-05,0.0085799447
248.4,10.472,1.1383008e-05,0.0085826062
248.5,10.472,1.140238e-05,0.0085972118
248.6,10.472,1.1423822e-05,0.008613379
248.7,10.472,1.1442827e-05,0.0086277086
248.8,10.472,1.1446186e-05,0.0086302409
248.9,10.472,1.1444758e-05,0.0086291645
249,10.472,1.1443368e-05,0.0086281167
249.1,10.472,1.1439921e-05,0.0086255177
249.2,10.472,1.1442334e-05,0.008627337
249.3,10.472,1.1439358e-05,0.0086250932
249.4,10.472,1.1438303e-05,0.0086242973
249.5,10.472,1.1439336e-05,0.008625076
249.6,10.472,1.1436015e-05,0.0086225725
249.7,10.472,1.1435936e-05,0.0086225125
249.8,10.472,1.1432569e-05,0.0086199741
249.9,10.472,1.1433458e-05,0.0086206444
250,10.472,1.142882e-05,0.0086171473
250.1,10.472,1.1427616e-05,0.0086162393
250.2,10.472,1.1428059e-05,0.0086165736
250.3,10.472,1.1424962e-05,0.0086142385
250.4,10.472,1.1427167e-05,0.008615901
250.5,10.472,1.1424632e-05,0.0086139899
250.6,10.472,1.1425414e-05,0.0086145797
250.7,10.472,1.1431182e-05,0.0086189281
250.8,10.472,1.1434427e-05,0.0086213749
250.9,10.472,1.1443806e-05,0.0086284464
251,10.472,1.1456904e-05,0.0086383227
251.1,10.472,1.1471984e-05,0.0086496926
251.2,10.472,1.1495055e-05,0.0086670872
251.3,10.472,1.1514054e-05,0.0086814128
251.4,10.472,1.153361e-05,0.0086961578
251.5,10.472,1.155264e-05,0.0087105061
251.6,10.472,1.1564457e-05,0.0087194152
251.7,10.472,1.1578007e-05,0.0087296324
251.8,10.472,1.1584954e-05,0.0087348697
251.9,10.472,1.1595447e-05,0.0087427813
252,10.472,1.1603583e-05,0.008748916
252.1,10.472,1.160957e-05,0.0087534301
252.2,10.472,1.1615862e-05,0.0087581738
252.3,10.472,1.1618441e-05,0.0087601184
252.4,10.472,1.1624005e-05,0.0087643137
252.5,10.472,1.1626068e-05,0.0087658693
252.6,10.472,1.1626836e-05,0.0087664484
252.7,10.472,1.162962e-05,0.0087685477
252.8,10.472,1.1631121e-05,0.0087696788
252.9,10.472,1.1630721e-05,0.0087693778
253,10.472,1.1632684e-05,0.0087708576
253.1,10.472,1.1628558e-05,0.0087677469
253.2,10.472,1.1629156e-05,0.0087681975
253.3,10.472,1.1628189e-05,0.0087674685
253.4,10.472,1.1625909e-05,0.0087657497
253.5,10.472,1.1624175e-05,0.0087644417
253.6,10.472,1.162025e-05,0.0087614822
253.7,10.472,1.1619219e-05,0.0087607055
253.8,10.472,1.1614758e-05,0.0087573416
253.9,10.472,1.1613395e-05,0.0087563144
254,10.472,1.1606755e-05,0.0087513076
254.1,10.472,1.160316e-05,0.008748597
254.2,10.472,1.1601668e-05,0.0087474723
254.3,10.472,1.1594875e-05,0.0087423504
254.4,10.472,1.1592131e-05,0.0087402813
254.5,10.472,1.1586636e-05,0.0087361382
254.6,10.472,1.1580939e-05,0.0087318425
254.7,10.472,1.1577725e-05,0.0087294195
254.8,10.472,1.1569257e-05,0.0087230343
254.9,10.472,1.1564859e-05,0.008719719
255,10.472,1.1560798e-05,0.0087166566
255.1,10.472,1.1552786e-05,0.0087106161
255.2,10.472,1.154592e-05,0.0087054386
255.3,10.472,1.1540548e-05,0.0087013887
255.4,10.472,1.1531134e-05,0.0086942904
255.5,10.472,1.1526453e-05,0.0086907609
255.6,10.472,1.1516166e-05,0.0086830049
255.7,10.472,1.1506432e-05,0.0086756655
255.8,10.472,1.1500607e-05,0.0086712733
255.9,10.472,1.1489031e-05,0.0086625458
256,10.472,1.1480427e-05,0.0086560586
256.1,10.472,1.1470083e-05,0.008648259
256.2,10.472,1.1458252e-05,0.0086393385
256.3,10.472,1.1446824e-05,0.008630722
256.4,10.472,1.1432535e-05,0.0086199486
256.5,10.472,1.1421775e-05,0.0086118353
256.6,10.472,1.1405444e-05,0.0085995223
256.7,10.472,1.1392577e-05,0.0085898205
256.8,10.472,1.1383911e-05,0.0085832869
256.9,10.472,1.1378469e-05,0.0085791838
257,10.472,1.1389579e-05,0.00858756
257.1,10.472,1.1408301e-05,0.0086016763
257.2,10.472,1.1431597e-05,0.0086192416
257.3,10.472,1.1444591e-05,0.0086290388
257.4,10.472,1.1447127e-05,0.0086309502
257.5,10.472,1.1445398e-05,0.0086296466
257.6,10.472,1.1440686e-05,0.0086260942
257.7,10.472,1.1441634e-05,0.008626809
257.8,10.472,1.1439746e-05,0.0086253854
257.9,10.472,1.1439864e-05,0.0086254746
258,10.472,1.1441372e-05,0.0086266115
258.1,10.472,1.14364e-05,0.0086228625
258.2,10.472,1.1436344e-05,0.0086228204
258.3,10.472,1.1435004e-05,0.0086218103
258.4,10.472,1.1432983e-05,0.0086202866
258.5,10.472,1.14319e-05,0.0086194698
258.6,10.472,1.1428104e-05,0.0086166077
258.7,10.472,1.1428493e-05,0.0086169005
258.8,10.472,1.1426251e-05,0.0086152107
258.9,10.472,1.1424027e-05,0.0086135339
259,10.472,1.1425222e-05,0.0086144346
259.1,10.472,1.1426009e-05,0.0086150282
259.2,10.472,1.1427101e-05,0.0086158514
259.3,10.472,1.143233e-05,0.0086197939
259.4,10.472,1.1436537e-05,0.0086229656
259.5,10.472,1.1448546e-05,0.0086320202
259.6,10.472,1.1459656e-05,0.0086403974
259.7,10.472,1.1476672e-05,0.0086532272
259.8,10.472,1.1499923e-05,0.008670758
259.9,10.472,1.151953e-05,0.0086855414
260,10.472,1.1539213e-05,0.0087003821
260.1,10.472,1.1556652e-05,0.0087135308
260.2,10.472,1.1567722e-05,0.0087218774
260.3,10.472,1.1581177e-05,0.0087320222
260.4,10.472,1.1588056e-05,0.0087372087
260.5,10.472,1.1595994e-05,0.0087431941
260.6,10.472,1.1606445e-05,0.0087510739
260.7,10.472,1.1610359e-05,0.0087540252
260.8,10.472,1.161527e-05,0.0087577277
260.9,10.472,1.1621801e-05,0.008762652
261,10.472,1.1622466e-05,0.008763153
261.1,10.472,1.162696e-05,0.0087665415
261.2,10.472,1.1629247e-05,0.0087682664
261.3,10.472,1.1630114e-05,0.00876892
261.4,10.472,1.1631316e-05,0.0087698262
261.5,10.472,1.1630011e-05,0.0087688424
261.6,10.472,1.163185e-05,0.0087702291
261.7,10.472,1.1629207e-05,0.0087682358
261.8,10.472,1.1629659e-05,0.0087685765
261.9,10.472,1.1626494e-05,0.0087661902
262,10.472,1.162686e-05,0.0087664663
262.1,10.472,1.1622159e-05,0.0087629222
262.2,10.472,1.1619905e-05,0.0087612226
262.3,10.472,1.1617945e-05,0.0087597448
262.4,10.472,1.1613312e-05,0.0087562513
262.5,10.472,1.1612314e-05,0.0087554987
262.6,10.472,1.1606564e-05,0.0087511637
262.7,10.472,1.1603454e-05,0.008748819
262.8,10.472,1.1599695e-05,0.0087459843
262.9,10.472,1.1594394e-05,0.0087419878
263,10.472,1.1591781e-05,0.0087400175
263.1,10.472,1.1584401e-05,0.0087344531
263.2,10.472,1.1582251e-05,0.0087328322
263.3,10.472,1.1574793e-05,0.0087272085
263.4,10.472,1.1568793e-05,0.0087226849
263.5,10.472,1.1564599e-05,0.0087195223
263.6,10.472,1.1556581e-05,0.008713477
263.7,10.472,1.1552978e-05,0.0087107602
263.8,10.472,1.1544247e-05,0.0087041777
263.9,10.472,1.1536106e-05,0.0086980392
264,10.472,1.1530925e-05,0.0086941329
264.1,10.472,1.1521127e-05,0.0086867453
264.2,10.472,1.1515323e-05,0.0086823694
264.3,10.472,1.1505015e-05,0.0086745975
264.4,10.472,1.1497895e-05,0.0086692286
264.5,10.472,1.1486439e-05,0.0086605909
264.6,10.472,1.1479052e-05,0.0086550217
264.7,10.472,1.1465556e-05,0.0086448459
264.8,10.472,1.1454558e-05,0.0086365537
264.9,10.472,1.1443363e-05,0.0086281127
265,10.472,1.1427987e-05,0.0086165197
265.1,10.472,1.1415165e-05,0.0086068521
265.2,10.472,1.1404542e-05,0.0085988424
265.3,10.472,1.138947e-05,0.0085874779
265.4,10.472,1.1379748e-05,0.008580148
265.5,10.472,1.1381566e-05,0.0085815183
265.6,10.472,1.1391463e-05,0.0085889809
265.7,10.472,1.1415773e-05,0.0086073098
265.8,10.472,1.143502e-05,0.0086218219
265.9,10.472,1.144596e-05,0.0086300709
266,10.472,1.1447653e-05,0.0086313469
266.1,10.472,1.1442379e-05,0.008627371
266.2,10.472,1.144195e-05,0.0086270471
266.3,10.472,1.1439916e-05,0.0086255139
266.4,10.472,1.1440474e-05,0.008625934
266.5,10.472,1.1440516e-05,0.0086259664
266.6,10.472,1.1438576e-05,0.0086245029
266.7,10.472,1.1438838e-05,0.0086247012
266.8,10.472,1.1435208e-05,0.0086219636
266.9,10.472,1.1436149e-05,0.0086226735
267,10.472,1.143252e-05,0.008619937
267.1,10.472,1.1430334e-05,0.0086182888
267.2,10.472,1.1430469e-05,0.0086183909
267.3,10.472,1.1427121e-05,0.0086158661
267.4,10.472,1.142843e-05,0.0086168537
267.5,10.472,1.1424803e-05,0.0086141188
267.6,10.472,1.1423659e-05,0.0086132562
267.7,10.472,1.1426823e-05,0.0086156418
267.8,10.472,1.1427676e-05,0.008616285
267.9,10.472,1.1430791e-05,0.0086186335
268,10.472,1.1439867e-05,0.0086254769
268.1,10.472,1.1449129e-05,0.0086324604
268.2,10.472,1.146295e-05,0.0086428806
268.3,10.472,1.1483448e-05,0.008658336
268.4,10.472,1.1504781e-05,0.0086744211
268.5,10.472,1.1525573e-05,0.0086900973
268.6,10.472,1.1544558e-05,0.0087044123
268.7,10.472,1.1557949e-05,0.0087145087
268.8,10.472,1.1573175e-05,0.0087259888
268.9,10.472,1.1581691e-05,0.0087324096
269,10.472,1.1590916e-05,0.0087393655
269.1,10.472,1.1600584e-05,0.0087466544
269.2,10.472,1.1605898e-05,0.008750661
269.3,10.472,1.1613923e-05,0.0087567124
269.4,10.472,1.1617025e-05,0.0087590507
269.5,10.472,1.1621551e-05,0.0087624636
269.6,10.472,1.1625392e-05,0.0087653596
269.7,10.472,1.1626847e-05,0.0087664567
269.8,10.472,1.1630308e-05,0.0087690658
269.9,10.472,1.162939e-05,0.0087683741
270,10.472,1.1632774e-05,0.0087709258
270.1,10.472,1.1630557e-05,0.008769254
270.2,10.472,1.1631225e-05,0.0087697574
270.3,10.472,1.162952e-05,0.0087684722
270.4,10.472,1.1626807e-05,0.0087664265
270.5,10.472,1.1626719e-05,0.0087663601
270.6,10.472,1.1625064e-05,0.0087651123
270.7,10.472,1.1622132e-05,0.0087629019
270.8,10.472,1.1620156e-05,0.0087614119
270.9,10.472,1.1615499e-05,0.0087579001
271,10.472,1.1614398e-05,0.00875707
271.1,10.472,1.1609538e-05,0.0087534056
271.2,10.472,1.1606404e-05,0.0087510431
271.3,10.472,1.1602829e-05,0.0087483473
271.4,10.472,1.159761e-05,0.0087444121
271.5,10.472,1.1594692e-05,0.008742212
271.6,10.472,1.158834e-05,0.0087374233
271.7,10.472,1.1585396e-05,0.0087352032
271.8,10.472,1.1577062e-05,0.0087289192
271.9,10.472,1.1572918e-05,0.0087257949
272,10.472,1.1569092e-05,0.0087229104
272.1,10.472,1.1561636e-05,0.0087172888
272.2,10.472,1.1556297e-05,0.0087132629
272.3,10.472,1.1548881e-05,0.0087076713
272.4,10.472,1.1541305e-05,0.008701959
272.5,10.472,1.1536366e-05,0.0086982357
272.6,10.472,1.1527209e-05,0.008691331
272.7,10.472,1.1521078e-05,0.0086867085
272.8,10.472,1.1511002e-05,0.0086791114
272.9,10.472,1.1504923e-05,0.008674528
273,10.472,1.1493105e-05,0.0086656172
273.1,10.472,1.1484028e-05,0.0086587733
273.2,10.472,1.1475641e-05,0.0086524496
273.3,10.472,1.1463043e-05,0.0086429509
273.4,10.472,1.1453958e-05,0.0086361007
273.5,10.472,1.1438748e-05,0.0086246327
273.6,10.472,1.1425125e-05,0.0086143613
273.7,10.472,1.1414515e-05,0.0086063617
273.8,10.472,1.139841e-05,0.008594219
273.9,10.472,1.1386617e-05,0.0085853273
274,10.472,1.1380982e-05,0.0085810785
274.1,10.472,1.1381381e-05,0.0085813793
274.2,10.472,1.1399338e-05,0.0085949183
274.3,10.472,1.1420857e-05,0.0086111437
274.4,10.472,1.1440595e-05,0.0086260257
274.5,10.472,1.1445972e-05,0.0086300797
274.6,10.472,1.1448018e-05,0.0086316226
274.7,10.472,1.1442271e-05,0.0086272893
274.8,10.472,1.1439702e-05,0.0086253519
274.9,10.472,1.1442321e-05,0.0086273271
275,10.472,1.1441117e-05,0.0086264191
275.1,10.472,1.1439172e-05,0.0086249526
275.2,10.472,1.1440145e-05,0.0086256866
275.3,10.472,1.1436675e-05,0.0086230699
275.4,10.472,1.1435701e-05,0.0086223355
275.5,10.472,1.1434134e-05,0.0086211543
275.6,10.472,1.143199e-05,0.0086195374
275.7,10.472,1.1430988e-05,0.0086187821
275.8,10.472,1.142735e-05,0.0086160394
275.9,10.472,1.1428041e-05,0.0086165597
276,10.472,1.1425526e-05,0.0086146638
276.1,10.472,1.1424258e-05,0.0086137077
276.2,10.472,1.1426923e-05,0.0086157168
276.3,10.472,1.1425527e-05,0.0086146648
276.4,10.472,1.142783e-05,0.0086164007
276.5,10.472,1.1435637e-05,0.0086222872
276.6,10.472,1.1441371e-05,0.0086266103
276.7,10.472,1.1452669e-05,0.0086351289
276.8,10.472,1.1470322e-05,0.0086484393
276.9,10.472,1.1488113e-05,0.0086618532
277,10.472,1.1511255e-05,0.0086793023
277.1,10.472,1.1529887e-05,0.0086933499
277.2,10.472,1.1547711e-05,0.0087067891
277.3,10.472,1.1562781e-05,0.0087181519
277.4,10.472,1.1573048e-05,0.0087258931
277.5,10.472,1.1585601e-05,0.0087353579
277.6,10.472,1.1592461e-05,0.0087405301
277.7,10.472,1.1601262e-05,0.0087471661
277.8,10.472,1.1608428e-05,0.008752569
277.9,10.472,1.1613508e-05,0.0087563994
278,10.472,1.1620637e-05,0.0087617744
278.1,10.472,1.1621052e-05,0.008762087
278.2,10.472,1.1625387e-05,0.0087653556
278.3,10.472,1.162839e-05,0.0087676199
278.4,10.472,1.162921e-05,0.0087682385
278.5,10.472,1.1631739e-05,0.0087701451
278.6,10.472,1.1629963e-05,0.0087688057
278.7,10.472,1.1632376e-05,0.0087706256
278.8,10.472,1.1629425e-05,0.0087684003
278.9,10.472,1.1628632e-05,0.0087678025
279,10.472,1.1629077e-05,0.008768138
279.1,10.472,1.1625606e-05,0.0087655207
279.2,10.472,1.1625472e-05,0.0087654202
279.3,10.472,1.1619938e-05,0.0087612473
279.4,10.472,1.161908e-05,0.0087606006
279.5,10.472,1.1615665e-05,0.0087580258
279.6,10.472,1.1611518e-05,0.0087548988
279.7,10.472,1.1610877e-05,0.0087544152
279.8,10.472,1.1604462e-05,0.0087495788
279.9,10.472,1.1600883e-05,0.0087468803
280,10.472,1.159781e-05,0.0087445633
280.1,10.472,1.1591195e-05,0.0087395759
280.2,10.472,1.1589258e-05,0.0087381153
280.3,10.472,1.1581961e-05,0.008732613
280.4,10.472,1.1576906e-05,0.0087288021
280.5,10.472,1.1573116e-05,0.0087259439
280.6,10.472,1.156562e-05,0.0087202923
280.7,10.472,1.1562111e-05,0.0087176469
280.8,10.472,1.1553085e-05,0.0087108416
280.9,10.472,1.1546055e-05,0.0087055409
281,10.472,1.1541615e-05,0.0087021932
281.1,10.472,1.1532317e-05,0.0086951824
281.2,10.472,1.1527108e-05,0.0086912548
281.3,10.472,1.1517415e-05,0.0086839467
281.4,10.472,1.1510802e-05,0.0086789605
281.5,10.472,1.1500172e-05,0.0086709454
281.6,10.472,1.14935e-05,0.0086659151
281.7,10.472,1.1480919e-05,0.0086564292
281.8,10.472,1.147094e-05,0.0086489049
281.9,10.472,1.1461635e-05,0.0086418896
282,10.472,1.1447432e-05,0.0086311803
282.1,10.472,1.1434998e-05,0.0086218058
282.2,10.472,1.1423952e-05,0.0086134769
282.3,10.472,1.1407617e-05,0.008601161
282.4,10.472,1.1396169e-05,0.0085925291
282.5,10.472,1.1384245e-05,0.0085835382
282.6,10.472,1.1377394e-05,0.0085783732
282.7,10.472,1.1384223e-05,0.0085835218
282.8,10.472,1.1404108e-05,0.0085985148
282.9,10.472,1.1426082e-05,0.0086150834
283,10.472,1.1444429e-05,0.0086289161
283.1,10.472,1.1446003e-05,0.0086301033
283.2,10.472,1.1444382e-05,0.0086288808
283.3,10.472,1.1443081e-05,0.0086278999
283.4,10.472,1.1439933e-05,0.0086255264
283.5,10.472,1.1442508e-05,0.0086274683
283.6,10.472,1.1439614e-05,0.008625286
283.7,10.472,1.1438209e-05,0.0086242262
283.8,10.472,1.1438905e-05,0.008624751
283.9,10.472,1.1436468e-05,0.0086229137
284,10.472,1.1433429e-05,0.0086206227
284.1,10.472,1.1432806e-05,0.0086201527
284.2,10.472,1.1431911e-05,0.0086194783
284.3,10.472,1.142856e-05,0.0086169515
284.4,10.472,1.1430507e-05,0.0086184193
284.5,10.472,1.1425893e-05,0.0086149405
284.6,10.472,1.1424456e-05,0.0086138572
284.7,10.472,1.1426435e-05,0.008615349
284.8,10.472,1.1423891e-05,0.008613431
284.9,10.472,1.1426042e-05,0.0086150531
285,10.472,1.1430882e-05,0.0086187022
285.1,10.472,1.1434713e-05,0.0086215907
285.2,10.472,1.1446283e-05,0.008630314
285.3,10.472,1.1456973e-05,0.0086383742
285.4,10.472,1.1472745e-05,0.0086502665
285.5,10.472,1.149533e-05,0.0086672947
285.6,10.472,1.1513936e-05,0.0086813232
285.7,10.472,1.1535468e-05,0.0086975583
285.8,10.472,1.1552356e-05,0.0087102916
285.9,10.472,1.1565845e-05,0.0087204618
286,10.472,1.1577849e-05,0.0087295128
286.1,10.472,1.1585027e-05,0.0087349253
286.2,10.472,1.1596483e-05,0.0087435625
286.3,10.472,1.1602176e-05,0.0087478554
286.4,10.472,1.1609726e-05,0.0087535473
286.5,10.472,1.1615662e-05,0.0087580234
286.6,10.472,1.1619374e-05,0.0087608222
286.7,10.472,1.1624675e-05,0.0087648187
286.8,10.472,1.1625526e-05,0.0087654608
286.9,10.472,1.1630281e-05,0.0087690456
287,10.472,1.1628907e-05,0.0087680098
287.1,10.472,1.162917e-05,0.0087682081
287.2,10.472,1.1632301e-05,0.0087705692
287.3,10.472,1.1629957e-05,0.0087688019
287.4,10.472,1.1630169e-05,0.0087689616
287.5,10.472,1.1629321e-05,0.0087683221
287.6,10.472,1.1627109e-05,0.0087666538
287.7,10.472,1.162678e-05,0.008766406
287.8,10.472,1.1622373e-05,0.0087630836
287.9,10.472,1.1622491e-05,0.008763172
288,10.472,1.1616988e-05,0.0087590233
288.1,10.472,1.1614426e-05,0.0087570915
288.2,10.472,1.1612868e-05,0.008755917
288.3,10.472,1.1607662e-05,0.0087519918
288.4,10.472,1.1605562e-05,0.0087504082
288.5,10.472,1.1599396e-05,0.0087457586
288.6,10.472,1.1595668e-05,0.0087429484
288.7,10.472,1.1591476e-05,0.0087397872
288.8,10.472,1.1585866e-05,0.0087355579
288.9,10.472,1.1582316e-05,0.008732881
289,10.472,1.1575327e-05,0.008727611
289.1,10.472,1.157221e-05,0.0087252609
289.2,10.472,1.1563694e-05,0.00871884
289.3,10.472,1.1557304e-05,0.0087140223
289.4,10.472,1.1553293e-05,0.0087109979
289.5,10.472,1.1544852e-05,0.0087046335
289.6,10.472,1.1539676e-05,0.0087007314
289.7,10.472,1.1530397e-05,0.0086937345
289.8,10.472,1.1525503e-05,0.0086900446
289.9,10.472,1.1514824e-05,0.0086819933
290,10.472,1.1505229e-05,0.0086747587
290.1,10.472,1.1497634e-05,0.0086690323
290.2,10.472,1.1490408e-05,0.0086635838
290.3,10.472,1.1478841e-05,0.0086548621
290.4,10.472,1.1471219e-05,0.0086491156
290.5,10.472,1.1457683e-05,0.0086389098
290.6,10.472,1.1444484e-05,0.0086289576
290.7,10.472,1.1434723e-05,0.0086215983
290.8,10.472,1.1418605e-05,0.0086094456
290.9,10.472,1.1404567e-05,0.0085988612
291,10.472,1.1394032e-05,0.0085909175
291.1,10.472,1.1381447e-05,0.0085814289
291.2,10.472,1.1381026e-05,0.0085811117
291.3,10.472,1.1387553e-05,0.0085860331
291.4,10.472,1.1408266e-05,0.0086016499
291.5,10.472,1.1432652e-05,0.0086200369
291.6,10.472,1.1443863e-05,0.0086284896
291.7,10.472,1.1446989e-05,0.0086308467
291.8,10.472,1.1445058e-05,0.0086293904
291.9,10.472,1.1441052e-05,0.0086263704
292,10.472,1.1442841e-05,0.008627719
292.1,10.472,1.1440273e-05,0.0086257831
292.2,10.472,1.1439977e-05,0.0086255594
292.3,10.472,1.1440844e-05,0.0086262132
292.4,10.472,1.1437705e-05,0.0086238463
292.5,10.472,1.143787e-05,0.0086239707
292.6,10.472,1.143417e-05,0.0086211811
292.7,10.472,1.1431343e-05,0.0086190501
292.8,10.472,1.1431561e-05,0.0086192138
292.9,10.472,1.1429077e-05,0.0086173413
293,10.472,1.1426443e-05,0.008615355
293.1,10.472,1.1426523e-05,0.0086154152
293.2,10.472,1.1425889e-05,0.0086149375
293.3,10.472,1.1425234e-05,0.0086144433
293.4,10.472,1.1426398e-05,0.008615321
293.5,10.472,1.1426143e-05,0.0086151291
293.6,10.472,1.1431893e-05,0.0086194643
293.7,10.472,1.1436802e-05,0.0086231658
293.8,10.472,1.1445355e-05,0.0086296144
293.9,10.472,1.1460955e-05,0.0086413767
294,10.472,1.1479236e-05,0.0086551605
294.1,10.472,1.1499371e-05,0.0086703418
294.2,10.472,1.1522244e-05,0.0086875873
294.3,10.472,1.1539423e-05,0.00870054
294.4,10.472,1.1557487e-05,0.0087141603
294.5,10.472,1.1567756e-05,0.0087219026
294.6,10.472,1.1579127e-05,0.0087304762
294.7,10.472,1.1589509e-05,0.0087383042
294.8,10.472,1.1596229e-05,0.008743371
294.9,10.472,1.1606125e-05,0.0087508327
295,10.472,1.1610465e-05,0.008754105
295.1,10.472,1.1616126e-05,0.0087583732
295.2,10.472,1.1621983e-05,0.0087627889
295.3,10.472,1.1623503e-05,0.0087639351
295.4,10.472,1.1628838e-05,0.0087679576
295.5,10.472,1.1627967e-05,0.0087673013
295.6,10.472,1.1628719e-05,0.0087678682
295.7,10.472,1.1632198e-05,0.0087704908
295.8,10.472,1.1629948e-05,0.0087687947
295.9,10.472,1.1629934e-05,0.0087687843
296,10.472,1.1630924e-05,0.0087695307
296.1,10.472,1.1628026e-05,0.0087673459
296.2,10.472,1.1628377e-05,0.0087676099
296.3,10.472,1.162351e-05,0.0087639407
296.4,10.472,1.1622975e-05,0.0087635373
296.5,10.472,1.1619763e-05,0.0087611152
296.6,10.472,1.161635e-05,0.0087585423
296.7,10.472,1.1615392e-05,0.0087578195
296.8,10.472,1.1610094e-05,0.0087538254
296.9,10.472,1.1608094e-05,0.0087523174
297,10.472,1.1602424e-05,0.0087480417
297.1,10.472,1.1601002e-05,0.0087469699
297.2,10.472,1.1593736e-05,0.0087414913
297.3,10.472,1.1588858e-05,0.0087378133
297.4,10.472,1.1586348e-05,0.0087359212
297.5,10.472,1.1579249e-05,0.0087305684
297.6,10.472,1.1575404e-05,0.0087276695
297.7,10.472,1.156815e-05,0.0087222
297.8,10.472,1.1565035e-05,0.0087198512
297.9,10.472,1.155671e-05,0.0087135742
298,10.472,1.1550392e-05,0.0087088107
298.1,10.472,1.1544432e-05,0.0087043168
298.2,10.472,1.1535887e-05,0.0086978739
298.3,10.472,1.1530293e-05,0.0086936562
298.4,10.472,1.1520641e-05,0.0086863791
298.5,10.472,1.1515392e-05,0.0086824215
298.6,10.472,1.1504489e-05,0.0086742005
298.7,10.472,1.1494909e-05,0.0086669778
298.8,10.472,1.1487397e-05,0.0086613136
298.9,10.472,1.1475848e-05,0.0086526059
299,10.472,1.1467432e-05,0.0086462599
299.1,10.472,1.1453085e-05,0.0086354429
299.2,10.472,1.1441818e-05,0.0086269477
299.3,10.472,1.1429176e-05,0.0086174156
299.4,10.472,1.1415272e-05,0.0086069328
299.5,10.472,1.1402244e-05,0.0085971099
299.6,10.472,1.1388544e-05,0.0085867801
299.7,10.472,1.1381811e-05,0.0085817037
299.8,10.472,1.1380368e-05,0.0085806154
299.9,10.472,1.1397066e-05,0.0085932051
300,10.472,1.1417381e-05,0.0086085223
