time_s,omega_meas_rad_s,Mz_wedge_Nm,P_visc_full_W
0.1,52.3599,0.00010576395,0.39872088
0.2,52.3599,9.2753234e-05,0.3496716
0.3,52.3599,0.00010252493,0.38651003
0.4,52.3599,0.00015390233,0.58019837
0.5,52.3599,0.00014794833,0.55775231
0.6,52.3599,0.00014810971,0.55836069
0.7,52.3599,0.00015220654,0.57380537
0.8,52.3599,0.00015118608,0.56995834
0.9,52.3599,0.00015163044,0.57163354
1,52.3599,0.00015106282,0.56949365
1.1,52.3599,0.00015126597,0.57025953
1.2,52.3599,0.00015049273,0.56734446
1.3,52.3599,0.00015094547,0.56905124
1.4,52.3599,0.00015011623,0.56592509
1.5,52.3599,0.00015068525,0.56807025
1.6,52.3599,0.00014941981,0.56329965
1.7,52.3599,0.00015044348,0.5671588
1.8,52.3599,0.00014958234,0.56391238
1.9,52.3599,0.00015012363,0.565953
2,52.3599,0.00014911975,0.56216846
2.1,52.3599,0.00015008881,0.56582173
2.2,52.3599,0.00014952567,0.56369873
2.3,52.3599,0.00014954633,0.56377663
2.4,52.3599,0.00014914399,0.56225983
2.5,52.3599,0.00014924748,0.56265
2.6,52.3599,0.00014972819,0.56446221
2.7,52.3599,0.00014843962,0.55960441
2.8,52.3599,0.00014965379,0.56418174
2.9,52.3599,0.00014813019,0.5584379
3,52.3599,0.00014996489,0.56535454
3.1,52.3599,0.00014728314,0.55524458
3.2,52.3599,0.00015009032,0.56582741
3.3,52.3599,0.00014736774,0.55556351
3.4,52.3599,0.00014940848,0.56325695
3.5,52.3599,0.0001470288,0.55428575
3.6,52.3599,0.00014944001,0.5633758
3.7,52.3599,0.00014754077,0.55621585
3.8,52.3599,0.00014747725,0.55597638
3.9,52.3599,0.00014814448,0.55849176
4,52.3599,0.00014799173,0.55791591
4.1,52.3599,0.00014765841,0.55665934
4.2,52.3599,0.00014713626,0.55469087
4.3,52.3599,0.00014833853,0.55922333
4.4,52.3599,0.00014767646,0.55672737
4.5,52.3599,0.00014780082,0.55719619
4.6,52.3599,0.00014776891,0.55707589
4.7,52.3599,0.00014843796,0.55959816
4.8,52.3599,0.00014861804,0.56027707
4.9,52.3599,0.00014754817,0.55624374
5,52.3599,0.00014912124,0.56217409
5.1,52.3599,0.0001478844,0.55751128
5.2,52.3599,0.00014806643,0.55819754
5.3,52.3599,0.00014536047,0.54799628
5.4,52.3599,0.00014776788,0.55707201
5.5,52.3599,0.00014686246,0.55365866
5.6,52.3599,0.00014681263,0.55347082
5.7,52.3599,0.00014750078,0.55606507
5.8,52.3599,0.00014670669,0.55307144
5.9,52.3599,0.00014802542,0.55804293
6,52.3599,0.00014620436,0.55117769
6.1,52.3599,0.00014806662,0.55819823
6.2,52.3599,0.00014714708,0.55473168
6.3,52.3599,0.00014706687,0.55442928
6.4,52.3599,0.00014788588,0.55751688
6.5,52.3599,0.00014672346,0.55313464
6.6,52.3599,0.00014861709,0.56027347
6.7,52.3599,0.00014615848,0.55100474
6.8,52.3599,0.00014823687,0.55884009
6.9,52.3599,0.00014737495,0.55559071
7,52.3599,0.00014703518,0.5543098
7.1,52.3599,0.00014822715,0.55880341
7.2,52.3599,0.00014642407,0.55200598
7.3,52.3599,0.0001489461,0.56151381
7.4,52.3599,0.00014617663,0.55107315
7.5,52.3599,0.00014843648,0.55959259
7.6,52.3599,0.00014705082,0.55436878
7.7,52.3599,0.00014757532,0.5563461
7.8,52.3599,0.0001478909,0.55753579
7.9,52.3599,0.00014702313,0.55426436
8,52.3599,0.00014820074,0.55870388
8.1,52.3599,0.00014705071,0.55436835
8.2,52.3599,0.00014819009,0.55866371
8.3,52.3599,0.0001471755,0.55483882
8.4,52.3599,0.00014778664,0.55714274
8.5,52.3599,0.00014763572,0.55657378
8.6,52.3599,0.00014750982,0.55609915
8.7,52.3599,0.00014758302,0.55637512
8.8,52.3599,0.00014745319,0.55588568
8.9,52.3599,0.00014773228,0.55693782
9,52.3599,0.00014749946,0.55606012
9.1,52.3599,0.00014701296,0.55422606
9.2,52.3599,0.00014791247,0.5576171
9.3,52.3599,0.00014704259,0.55433775
9.4,52.3599,0.00014775072,0.55700732
9.5,52.3599,0.00014709066,0.55451895
9.6,52.3599,0.00014699276,0.55414989
9.7,52.3599,0.000148448,0.55963603
9.8,52.3599,0.00014567002,0.54916329
9.9,52.3599,0.00014836249,0.55931366
10,52.3599,0.00014615983,0.55100981
10.1,52.3599,0.00014786438,0.55743583
10.2,52.3599,0.00014644282,0.55207666
10.3,52.3599,0.00014649253,0.55226406
10.4,52.3599,0.00014804447,0.55811475
10.5,52.3599,0.00014612621,0.55088306
10.6,52.3599,0.00014668076,0.55297367
10.7,52.3599,0.0001468837,0.55373873
10.8,52.3599,0.00014722257,0.55501625
10.9,52.3599,0.00014626435,0.55140383
11,52.3599,0.00014688109,0.55372891
11.1,52.3599,0.0001467129,0.55309484
11.2,52.3599,0.00014756235,0.55629717
11.3,52.3599,0.00014582323,0.54974087
11.4,52.3599,0.00014737123,0.55557668
11.5,52.3599,0.0001469791,0.55409838
11.6,52.3599,0.00014689248,0.55377183
11.7,52.3599,0.00014683634,0.55356019
11.8,52.3599,0.00014694619,0.55397431
11.9,52.3599,0.00014757275,0.55633639
12,52.3599,0.00014643672,0.55205366
12.1,52.3599,0.00014767561,0.55672416
12.2,52.3599,0.00014711111,0.55459606
12.3,52.3599,0.00014749212,0.55603242
12.4,52.3599,0.00014780241,0.55720219
12.5,52.3599,0.00014733401,0.55543637
12.6,52.3599,0.00014828618,0.55902597
12.7,52.3599,0.00014762593,0.55653689
12.8,52.3599,0.00014787003,0.55745713
12.9,52.3599,0.00014837977,0.55937881
13,52.3599,0.00014770179,0.55682286
13.1,52.3599,0.00014841364,0.55950647
13.2,52.3599,0.00014791772,0.5576369
13.3,52.3599,0.00014817019,0.55858869
13.4,52.3599,0.00014813349,0.55845036
13.5,52.3599,0.0001476816,0.55674677
13.6,52.3599,0.00014836719,0.55933138
13.7,52.3599,0.0001477638,0.55705664
13.8,52.3599,0.00014779834,0.55718686
13.9,52.3599,0.0001485735,0.56010913
14,52.3599,0.0001474342,0.55581407
14.1,52.3599,0.00014817965,0.55862437
14.2,52.3599,0.00014798293,0.55788275
14.3,52.3599,0.00014766092,0.55666878
14.4,52.3599,0.00014815965,0.55854895
14.5,52.3599,0.0001475487,0.55624572
14.6,52.3599,0.00014799361,0.557923
14.7,52.3599,0.00014626518,0.55140699
14.8,52.3599,0.00014562897,0.54900851
14.9,52.3599,0.00014674625,0.55322057
15,52.3599,0.0001457989,0.54964913
15.1,52.3599,0.00014662967,0.55278105
15.2,52.3599,0.00014656742,0.55254638
15.3,52.3599,0.00014581498,0.54970975
15.4,52.3599,0.00014694911,0.55398533
15.5,52.3599,0.00014596242,0.55026558
15.6,52.3599,0.0001462958,0.55152241
15.7,52.3599,0.00014670959,0.55308237
15.8,52.3599,0.00014568374,0.54921501
15.9,52.3599,0.00014692963,0.55391188
16,52.3599,0.0001458228,0.54973923
16.1,52.3599,0.00014606815,0.5506642
16.2,52.3599,0.00014678954,0.55338378
16.3,52.3599,0.00014534663,0.54794411
16.4,52.3599,0.00014678022,0.55334865
16.5,52.3599,0.00014581029,0.54969209
16.6,52.3599,0.00014582279,0.5497392
16.7,52.3599,0.00014667024,0.552934
16.8,52.3599,0.00014538111,0.54807412
16.9,52.3599,0.00014652828,0.55239885
17,52.3599,0.00014581737,0.54971877
17.1,52.3599,0.00014586008,0.5498798
17.2,52.3599,0.00014649848,0.5522865
17.3,52.3599,0.00014537571,0.54805373
17.4,52.3599,0.00014638385,0.55185435
17.5,52.3599,0.00014593874,0.55017631
17.6,52.3599,0.00014544497,0.54831486
17.7,52.3599,0.00014645221,0.55211208
17.8,52.3599,0.00014546886,0.54840493
17.9,52.3599,0.0001458375,0.54979467
18,52.3599,0.00014598416,0.55034754
18.1,52.3599,0.00014522569,0.54748817
18.2,52.3599,0.00014636941,0.55179993
18.3,52.3599,0.00014498543,0.54658243
18.4,52.3599,0.00014560861,0.54893177
18.5,52.3599,0.00014621966,0.55123538
18.6,52.3599,0.00014451835,0.54482157
18.7,52.3599,0.00014607346,0.55068421
18.8,52.3599,0.00014509142,0.54698199
18.9,52.3599,0.00014538891,0.5481035
19,52.3599,0.00014544502,0.54831505
19.1,52.3599,0.0001446558,0.54533976
19.2,52.3599,0.00014589655,0.55001727
19.3,52.3599,0.00014484606,0.54605702
19.4,52.3599,0.00014477147,0.54577584
19.5,52.3599,0.00014550816,0.54855307
19.6,52.3599,0.00014509541,0.54699703
19.7,52.3599,0.00014456858,0.54501094
19.8,52.3599,0.00014516677,0.54726606
19.9,52.3599,0.00014506761,0.54689224
20,52.3599,0.00014498069,0.54656457
20.1,52.3599,0.00014472192,0.54558901
20.2,52.3599,0.00014501505,0.5466941
20.3,52.3599,0.00014534826,0.54795027
20.4,52.3599,0.0001445885,0.54508603
20.5,52.3599,0.00014502882,0.54674601
20.6,52.3599,0.00014515617,0.54722611
20.7,52.3599,0.00014515612,0.54722593
20.8,52.3599,0.00014475204,0.54570255
20.9,52.3599,0.00014513688,0.54715339
21,52.3599,0.00014532514,0.54786312
21.1,52.3599,0.00014504994,0.54682561
21.2,52.3599,0.00014501769,0.54670406
21.3,52.3599,0.00014524622,0.5475656
21.4,52.3599,0.00014547797,0.54843927
21.5,52.3599,0.0001448576,0.54610052
21.6,52.3599,0.0001452964,0.54775476
21.7,52.3599,0.00014544795,0.54832608
21.8,52.3599,0.00014538999,0.54810757
21.9,52.3599,0.00014501728,0.54670251
22,52.3599,0.00014538433,0.54808625
22.1,52.3599,0.00014566826,0.54915665
22.2,52.3599,0.00014505596,0.54684833
22.3,52.3599,0.00014528473,0.54771076
22.4,52.3599,0.00014546228,0.5483801
22.5,52.3599,0.00014559389,0.54887626
22.6,52.3599,0.00014493312,0.54638521
22.7,52.3599,0.00014538998,0.54810754
22.8,52.3599,0.0001455582,0.54874172
22.9,52.3599,0.00014526446,0.54763435
23,52.3599,0.00014516359,0.54725409
23.1,52.3599,0.00014536716,0.54802153
23.2,52.3599,0.0001455706,0.54878846
23.3,52.3599,0.00014487304,0.54615872
23.4,52.3599,0.0001453043,0.54778452
23.5,52.3599,0.00014527797,0.54768529
23.6,52.3599,0.00014527468,0.54767288
23.7,52.3599,0.00014473879,0.54565261
23.8,52.3599,0.00014510742,0.54704231
23.9,52.3599,0.0001452764,0.54767935
24,52.3599,0.0001445788,0.54504946
24.1,52.3599,0.00014485426,0.54608794
24.2,52.3599,0.00014476901,0.54576654
24.3,52.3599,0.00014496103,0.54649046
24.4,52.3599,0.00014396971,0.54275324
24.5,52.3599,0.0001445811,0.54505814
24.6,52.3599,0.00014456523,0.5449983
24.7,52.3599,0.00014395041,0.5426805
24.8,52.3599,0.00014406654,0.54311829
24.9,52.3599,0.00014391747,0.5425563
25,52.3599,0.00014423951,0.54377037
25.1,52.3599,0.00014301581,0.53915714
25.2,52.3599,0.00014388415,0.54243072
25.3,52.3599,0.0001437168,0.54179981
25.4,52.3599,0.00014285515,0.53855147
25.5,52.3599,0.00014382542,0.54220928
25.6,52.3599,0.0001430736,0.539375
25.7,52.3599,0.00014377795,0.54203035
25.8,52.3599,0.00014307578,0.53938322
25.9,52.3599,0.00014342932,0.54071604
26,52.3599,0.0001437565,0.54194948
26.1,52.3599,0.00014311306,0.53952375
26.2,52.3599,0.00014360634,0.54138338
26.3,52.3599,0.00014301199,0.53914272
26.4,52.3599,0.00014395801,0.54270913
26.5,52.3599,0.00014261106,0.53763125
26.6,52.3599,0.00014340216,0.54061364
26.7,52.3599,0.00014305937,0.53932133
26.8,52.3599,0.0001427137,0.53801819
26.9,52.3599,0.00014323505,0.53998366
27,52.3599,0.00014227716,0.5363725
27.1,52.3599,0.0001437209,0.54181528
27.2,52.3599,0.00014154622,0.53361691
27.3,52.3599,0.0001432343,0.53998081
27.4,52.3599,0.00013998411,0.5277279
27.5,52.3599,0.00014140775,0.53309487
27.6,52.3599,0.00014114557,0.53210647
27.7,52.3599,0.00014085968,0.5310287
27.8,52.3599,0.00014177297,0.53447172
27.9,52.3599,0.00014061767,0.53011636
28,52.3599,0.00014226148,0.53631339
28.1,52.3599,0.00014045207,0.52949204
28.2,52.3599,0.00014206013,0.5355543
28.3,52.3599,0.00014087275,0.53107798
28.4,52.3599,0.00014163135,0.53393785
28.5,52.3599,0.00014139915,0.53306246
28.6,52.3599,0.00014106415,0.53179954
28.7,52.3599,0.00014218663,0.5360312
28.8,52.3599,0.00014073715,0.53056679
28.9,52.3599,0.00014209461,0.53568428
29,52.3599,0.00014104154,0.5317143
29.1,52.3599,0.00014172141,0.53427737
29.2,52.3599,0.0001416505,0.53401005
29.3,52.3599,0.00014105246,0.53175548
29.4,52.3599,0.00014234455,0.53662655
29.5,52.3599,0.00014091495,0.53123707
29.6,52.3599,0.00014179698,0.53456226
29.7,52.3599,0.00014152026,0.53351905
29.8,52.3599,0.0001411493,0.53212057
29.9,52.3599,0.00014212981,0.535817
30,52.3599,0.00014043738,0.52943667
30.1,52.3599,0.00014201713,0.53539219
30.2,52.3599,0.00014116426,0.53217694
30.3,52.3599,0.00014076662,0.53067787
30.4,52.3599,0.00014190421,0.53496651
30.5,52.3599,0.00014041105,0.5293374
30.6,52.3599,0.00014197829,0.53524576
30.7,52.3599,0.00014019325,0.52851634
30.8,52.3599,0.00014106563,0.53180514
30.9,52.3599,0.00014132933,0.53279924
31,52.3599,0.00014067073,0.53031638
31.1,52.3599,0.00014078501,0.53074719
31.2,52.3599,0.0001409126,0.5312282
31.3,52.3599,0.00014123246,0.53243404
31.4,52.3599,0.00014068255,0.53036096
31.5,52.3599,0.00014074292,0.53058853
31.6,52.3599,0.00014108629,0.53188301
31.7,52.3599,0.00014130142,0.53269405
31.8,52.3599,0.00014040576,0.52931749
31.9,52.3599,0.00014116056,0.53216299
32,52.3599,0.00014120983,0.53234876
32.1,52.3599,0.00014103069,0.53167342
32.2,52.3599,0.00014083972,0.53095347
32.3,52.3599,0.00014114022,0.53208631
32.4,52.3599,0.00014148938,0.53340264
32.5,52.3599,0.00014080303,0.53081513
32.6,52.3599,0.0001411877,0.5322653
32.7,52.3599,0.00014132025,0.53276503
32.8,52.3599,0.00014135472,0.53289499
32.9,52.3599,0.00014093092,0.53129728
33,52.3599,0.00014127055,0.53257765
33.1,52.3599,0.00014150771,0.53347175
33.2,52.3599,0.00014114447,0.53210235
33.3,52.3599,0.000141209,0.53234561
33.4,52.3599,0.00014131922,0.53276112
33.5,52.3599,0.00014153806,0.53358616
33.6,52.3599,0.00014101392,0.53161017
33.7,52.3599,0.00014134268,0.53284958
33.8,52.3599,0.0001414536,0.53326775
33.9,52.3599,0.00014139995,0.53306549
34,52.3599,0.00014106365,0.53179766
34.1,52.3599,0.0001412822,0.53262156
34.2,52.3599,0.00014152336,0.53353072
34.3,52.3599,0.00014107006,0.53182181
34.4,52.3599,0.00014124469,0.53248016
34.5,52.3599,0.00014126873,0.53257078
34.6,52.3599,0.00014153441,0.53357237
34.7,52.3599,0.00014079384,0.53078051
34.8,52.3599,0.000141244,0.53247755
34.9,52.3599,0.00014134784,0.53286902
35,52.3599,0.000141085,0.53187814
35.1,52.3599,0.00014090444,0.53119744
35.2,52.3599,0.00014094725,0.53135884
35.3,52.3599,0.00014147333,0.53334212
35.4,52.3599,0.00014030701,0.52894518
35.5,52.3599,0.00014101151,0.53160109
35.6,52.3599,0.00014079659,0.53079087
35.7,52.3599,0.00014077997,0.53072823
35.8,52.3599,0.00014020544,0.5285623
35.9,52.3599,0.00014021047,0.52858124
36,52.3599,0.00014073876,0.53057284
36.1,52.3599,0.00013924499,0.52494149
36.2,52.3599,0.00014030714,0.52894567
36.3,52.3599,0.00013951596,0.52596301
36.4,52.3599,0.00013965568,0.52648974
36.5,52.3599,0.00013936156,0.52538094
36.6,52.3599,0.00013967129,0.52654858
36.7,52.3599,0.00013965524,0.52648809
36.8,52.3599,0.00013946811,0.5257826
36.9,52.3599,0.00013977779,0.52695008
37,52.3599,0.00013944039,0.5256781
37.1,52.3599,0.00014021484,0.52859771
37.2,52.3599,0.00013898324,0.52395469
37.3,52.3599,0.00014012775,0.52826939
37.4,52.3599,0.0001393021,0.52515678
37.5,52.3599,0.00013881694,0.52332775
37.6,52.3599,0.00013767754,0.51903231
37.7,52.3599,0.00013770125,0.51912169
37.8,52.3599,0.00013866091,0.52273954
37.9,52.3599,0.00013743322,0.51811125
38,52.3599,0.00013854636,0.5223077
38.1,52.3599,0.00013768828,0.51907282
38.2,52.3599,0.00013806226,0.52048266
38.3,52.3599,0.00013829808,0.52137169
38.4,52.3599,0.00013764026,0.51889179
38.5,52.3599,0.0001387246,0.52297965
38.6,52.3599,0.0001374884,0.51831927
38.7,52.3599,0.00013854287,0.52229454
38.8,52.3599,0.00013791062,0.51991103
38.9,52.3599,0.00013808555,0.52057048
39,52.3599,0.00013850467,0.52215051
39.1,52.3599,0.00013768559,0.51906269
39.2,52.3599,0.00013875372,0.52308944
39.3,52.3599,0.00013775626,0.51932908
39.4,52.3599,0.00013840774,0.5217851
39.5,52.3599,0.00013829702,0.52136772
39.6,52.3599,0.00013788019,0.51979629
39.7,52.3599,0.00013877976,0.52318758
39.8,52.3599,0.00013778828,0.5194498
39.9,52.3599,0.00013847306,0.52203138
40,52.3599,0.00013837595,0.52166527
40.1,52.3599,0.00013797003,0.52013498
40.2,52.3599,0.00013867401,0.52278892
40.3,52.3599,0.00013785295,0.51969361
40.4,52.3599,0.00013835471,0.52158519
40.5,52.3599,0.00013841192,0.52180088
40.6,52.3599,0.00013764041,0.51889233
40.7,52.3599,0.00013872516,0.52298176
40.8,52.3599,0.0001378264,0.51959352
40.9,52.3599,0.0001378989,0.51986684
41,52.3599,0.00013841322,0.52180575
41.1,52.3599,0.00013738285,0.51792138
41.2,52.3599,0.00013847791,0.52204966
41.3,52.3599,0.00013731454,0.51766383
41.4,52.3599,0.00013772794,0.51922231
41.5,52.3599,0.00013821132,0.52104461
41.6,52.3599,0.00013718959,0.51719278
41.7,52.3599,0.00013776933,0.51937834
41.8,52.3599,0.00013757061,0.51862921
41.9,52.3599,0.00013777826,0.51941202
42,52.3599,0.00013723764,0.51737394
42.1,52.3599,0.00013747824,0.51828098
42.2,52.3599,0.00013778584,0.51944059
42.3,52.3599,0.00013748783,0.51831712
42.4,52.3599,0.00013728301,0.51754497
42.5,52.3599,0.00013764854,0.518923
42.6,52.3599,0.00013782195,0.51957674
42.7,52.3599,0.00013721475,0.51728765
42.8,52.3599,0.00013760821,0.51877094
42.9,52.3599,0.00013769291,0.51909026
43,52.3599,0.00013762824,0.51884647
43.1,52.3599,0.00013735631,0.5178213
43.2,52.3599,0.00013768937,0.51907693
43.3,52.3599,0.00013782291,0.51958036
43.4,52.3599,0.00013744683,0.51816256
43.5,52.3599,0.00013762134,0.51882046
43.6,52.3599,0.00013768982,0.51907861
43.7,52.3599,0.00013780772,0.51952311
43.8,52.3599,0.00013737772,0.51790201
43.9,52.3599,0.00013766943,0.51900175
44,52.3599,0.00013780068,0.51949656
44.1,52.3599,0.00013756527,0.51860907
44.2,52.3599,0.00013752371,0.51845239
44.3,52.3599,0.00013762816,0.51884617
44.4,52.3599,0.00013782345,0.51958237
44.5,52.3599,0.00013732299,0.51769568
44.6,52.3599,0.0001376036,0.51875358
44.7,52.3599,0.00013765652,0.51895306
44.8,52.3599,0.00013762576,0.5188371
44.9,52.3599,0.00013731006,0.51764694
45,52.3599,0.00013750922,0.51839776
45.1,52.3599,0.00013771099,0.51915842
45.2,52.3599,0.00013726899,0.51749213
45.3,52.3599,0.00013737482,0.5178911
45.4,52.3599,0.00013738792,0.51794049
45.5,52.3599,0.00013764655,0.51891551
45.6,52.3599,0.00013689406,0.51607867
45.7,52.3599,0.00013728999,0.51757127
45.8,52.3599,0.00013734979,0.51779672
45.9,52.3599,0.00013728043,0.51753524
46,52.3599,0.00013678556,0.51566963
46.1,52.3599,0.00013699102,0.51644419
46.2,52.3599,0.0001373338,0.51773644
46.3,52.3599,0.00013645792,0.51443446
46.4,52.3599,0.00013684914,0.51590932
46.5,52.3599,0.00013646014,0.51444281
46.6,52.3599,0.00013701996,0.51655329
46.7,52.3599,0.00013567297,0.51147527
46.8,52.3599,0.00013651492,0.51464933
46.9,52.3599,0.00013618093,0.51339022
47,52.3599,0.00013566437,0.51144286
47.1,52.3599,0.00013625869,0.51368338
47.2,52.3599,0.00013571975,0.51165163
47.3,52.3599,0.00013609768,0.5130764
47.4,52.3599,0.00013560852,0.51123229
47.5,52.3599,0.00013626967,0.51372477
47.6,52.3599,0.00013566261,0.51143623
47.7,52.3599,0.0001362155,0.51352055
47.8,52.3599,0.00013582951,0.51206542
47.9,52.3599,0.00013583694,0.51209342
48,52.3599,0.00013619819,0.5134553
48.1,52.3599,0.00013526284,0.50992911
48.2,52.3599,0.00013613269,0.51320836
48.3,52.3599,0.00013346917,0.50316712
48.4,52.3599,0.00013430229,0.50630792
48.5,52.3599,0.00013373264,0.50416038
48.6,52.3599,0.00013411861,0.50561548
48.7,52.3599,0.00013428361,0.5062375
48.8,52.3599,0.00013391249,0.50483841
48.9,52.3599,0.00013471478,0.50786296
49,52.3599,0.00013372213,0.50412077
49.1,52.3599,0.00013467463,0.50771161
49.2,52.3599,0.00013406367,0.50540835
49.3,52.3599,0.00013435296,0.50649895
49.4,52.3599,0.00013451876,0.50712399
49.5,52.3599,0.0001340404,0.50532063
49.6,52.3599,0.0001348455,0.50835577
49.7,52.3599,0.00013406659,0.50541935
49.8,52.3599,0.00013456342,0.50729235
49.9,52.3599,0.00013454017,0.50720471
50,52.3599,0.00013425203,0.50611845
50.1,52.3599,0.00013484057,0.50833718
50.2,52.3599,0.00013419128,0.50588941
50.3,52.3599,0.00013460522,0.50744994
50.4,52.3599,0.00013468611,0.50775488
50.5,52.3599,0.00013415139,0.50573905
50.6,52.3599,0.0001348581,0.50840327
50.7,52.3599,0.00013436439,0.50654202
50.8,52.3599,0.0001343574,0.5065157
50.9,52.3599,0.00013476119,0.50803792
51,52.3599,0.00013418841,0.50587859
51.1,52.3599,0.00013456597,0.50730196
51.2,52.3599,0.00013446371,0.50691644
51.3,52.3599,0.00013419061,0.50588691
51.4,52.3599,0.00013471144,0.5078504
51.5,52.3599,0.00013392419,0.50488251
51.6,52.3599,0.00013431258,0.50634673
51.7,52.3599,0.00013451032,0.50709216
51.8,52.3599,0.00013378923,0.50437375
51.9,52.3599,0.00013435917,0.50652236
52,52.3599,0.00013414725,0.50572344
52.1,52.3599,0.00013402138,0.5052489
52.2,52.3599,0.00013403397,0.50529637
52.3,52.3599,0.00013396547,0.50503812
52.4,52.3599,0.00013420066,0.50592478
52.5,52.3599,0.00013377126,0.50430597
52.6,52.3599,0.00013390915,0.50482581
52.7,52.3599,0.00013411989,0.50562031
52.8,52.3599,0.00013387237,0.50468715
52.9,52.3599,0.00013375138,0.50423104
53,52.3599,0.00013397905,0.50508933
53.1,52.3599,0.00013400801,0.50519851
53.2,52.3599,0.00013375057,0.504228
53.3,52.3599,0.00013388957,0.50475201
53.4,52.3599,0.0001339791,0.50508951
53.5,52.3599,0.00013390492,0.50480987
53.6,52.3599,0.00013371072,0.50407777
53.7,52.3599,0.0001339392,0.50493912
53.8,52.3599,0.00013400143,0.50517369
53.9,52.3599,0.00013370657,0.50406212
54,52.3599,0.00013384178,0.50457184
54.1,52.3599,0.00013389399,0.50476868
54.2,52.3599,0.00013390893,0.50482499
54.3,52.3599,0.00013364417,0.50382686
54.4,52.3599,0.00013383794,0.50455737
54.5,52.3599,0.00013391749,0.50485728
54.6,52.3599,0.00013365136,0.50385397
54.7,52.3599,0.00013368832,0.50399329
54.8,52.3599,0.0001337245,0.5041297
54.9,52.3599,0.00013380339,0.50442712
55,52.3599,0.00013341927,0.502979
55.1,52.3599,0.00013370946,0.50407301
55.2,52.3599,0.00013363172,0.50377993
55.3,52.3599,0.00013365598,0.50387138
55.4,52.3599,0.00013324701,0.50232959
55.5,52.3599,0.00013341895,0.50297782
55.6,52.3599,0.00013354605,0.50345698
55.7,52.3599,0.00013313698,0.50191481
55.8,52.3599,0.00013315586,0.50198598
55.9,52.3599,0.00013306075,0.50162741
56,52.3599,0.00013340568,0.50292776
56.1,52.3599,0.00013246329,0.49937506
56.2,52.3599,0.00013301027,0.50143712
56.3,52.3599,0.00013269811,0.50026031
56.4,52.3599,0.00013287469,0.50092598
56.5,52.3599,0.00013210579,0.4980273
56.6,52.3599,0.00013251149,0.49955676
56.7,52.3599,0.00013263008,0.50000385
56.8,52.3599,0.00013180772,0.4969036
56.9,52.3599,0.00013255054,0.49970398
57,52.3599,0.00013199153,0.49759654
57.1,52.3599,0.00013231447,0.49881402
57.2,52.3599,0.00013203133,0.49774659
57.3,52.3599,0.00013233932,0.49890771
57.4,52.3599,0.00013186958,0.4971368
57.5,52.3599,0.00013210546,0.49802608
57.6,52.3599,0.00013244566,0.49930859
57.7,52.3599,0.00013185074,0.49706579
57.8,52.3599,0.00013250261,0.49952329
57.9,52.3599,0.00013204216,0.49778742
58,52.3599,0.00013220853,0.49841462
58.1,52.3599,0.00013222826,0.49848901
58.2,52.3599,0.00013175679,0.49671163
58.3,52.3599,0.00013215421,0.49820986
58.4,52.3599,0.00012998402,0.49002842
58.5,52.3599,0.00013049222,0.49194431
58.6,52.3599,0.00013015844,0.49068598
58.7,52.3599,0.00013039921,0.49159366
58.8,52.3599,0.00013068457,0.49266945
58.9,52.3599,0.00013044519,0.49176699
59,52.3599,0.00013087828,0.49339971
59.1,52.3599,0.00013043641,0.49173389
59.2,52.3599,0.00013067714,0.49264144
59.3,52.3599,0.00013084166,0.49326164
59.4,52.3599,0.00013051911,0.49204565
59.5,52.3599,0.00013086284,0.49334151
59.6,52.3599,0.00013070631,0.4927514
59.7,52.3599,0.00013074742,0.49290636
59.8,52.3599,0.00013086954,0.49336677
59.9,52.3599,0.00013067363,0.49262817
60,52.3599,0.00013086934,0.49336598
60.1,52.3599,0.00013077421,0.49300736
60.2,52.3599,0.00013064299,0.4925127
60.3,52.3599,0.0001308814,0.49341145
60.4,52.3599,0.00013068287,0.49266304
60.5,52.3599,0.00013068563,0.49267341
60.6,52.3599,0.00013093586,0.49361677
60.7,52.3599,0.00013078691,0.49305525
60.8,52.3599,0.00013069613,0.49271301
60.9,52.3599,0.0001309095,0.49351738
61,52.3599,0.00013068672,0.49267755
61.1,52.3599,0.0001307453,0.49289838
61.2,52.3599,0.00013078879,0.49306233
61.3,52.3599,0.00013058475,0.49229311
61.4,52.3599,0.00013065432,0.49255539
61.5,52.3599,0.00013057286,0.49224828
61.6,52.3599,0.00013052258,0.49205874
61.7,52.3599,0.00013060532,0.49237068
61.8,52.3599,0.00013035764,0.49143692
61.9,52.3599,0.0001304727,0.49187069
62,52.3599,0.00013056426,0.49221586
62.1,52.3599,0.00013037627,0.49150718
62.2,52.3599,0.00013042747,0.49170019
62.3,52.3599,0.00013048386,0.49191277
62.4,52.3599,0.0001302557,0.49105263
62.5,52.3599,0.00013032771,0.49132412
62.6,52.3599,0.00013035266,0.49141817
62.7,52.3599,0.00013031009,0.49125767
62.8,52.3599,0.00013013382,0.49059317
62.9,52.3599,0.00013018746,0.49079536
63,52.3599,0.00013024683,0.49101918
63.1,52.3599,0.00013010373,0.49047973
63.2,52.3599,0.00013008724,0.49041756
63.3,52.3599,0.00013016465,0.49070938
63.4,52.3599,0.00013010065,0.49046812
63.5,52.3599,0.0001299495,0.48989826
63.6,52.3599,0.0001300539,0.49029187
63.7,52.3599,0.00013003929,0.49023679
63.8,52.3599,0.0001298029,0.48934562
63.9,52.3599,0.00012982295,0.4894212
64,52.3599,0.00012984794,0.48951541
64.1,52.3599,0.000129884,0.48965135
64.2,52.3599,0.0001296023,0.48858936
64.3,52.3599,0.00012976675,0.48920934
64.4,52.3599,0.00012974981,0.48914546
64.5,52.3599,0.00012967136,0.48884971
64.6,52.3599,0.00012958661,0.48853023
64.7,52.3599,0.00012954178,0.48836123
64.8,52.3599,0.00012962434,0.48867247
64.9,52.3599,0.00012913719,0.48683596
65,52.3599,0.00012924538,0.48724382
65.1,52.3599,0.00012914287,0.48685737
65.2,52.3599,0.00012937207,0.48772143
65.3,52.3599,0.00012882073,0.48564291
65.4,52.3599,0.00012921284,0.48712114
65.5,52.3599,0.00012905625,0.4865308
65.6,52.3599,0.00012909176,0.48666466
65.7,52.3599,0.00012859056,0.48477521
65.8,52.3599,0.00012882551,0.48566094
65.9,52.3599,0.00012897009,0.48620599
66,52.3599,0.00012842687,0.48415809
66.1,52.3599,0.00012857734,0.48472537
66.2,52.3599,0.00012848623,0.48438189
66.3,52.3599,0.00012905658,0.48653205
66.4,52.3599,0.00012788864,0.48212903
66.5,52.3599,0.00012872524,0.48528293
66.6,52.3599,0.00012836688,0.48393195
66.7,52.3599,0.00012828238,0.48361338
66.8,52.3599,0.00012810156,0.48293172
66.9,52.3599,0.00012804751,0.48272795
67,52.3599,0.00012826608,0.48355194
67.1,52.3599,0.00012799818,0.48254197
67.2,52.3599,0.0001285192,0.48450619
67.3,52.3599,0.00012792734,0.48227492
67.4,52.3599,0.00012840674,0.48408222
67.5,52.3599,0.00012843185,0.48417687
67.6,52.3599,0.00012810542,0.48294627
67.7,52.3599,0.00012846101,0.4842868
67.8,52.3599,0.00012826189,0.48353616
67.9,52.3599,0.00012820691,0.48332886
68,52.3599,0.00012838951,0.48401725
68.1,52.3599,0.00012803666,0.48268705
68.2,52.3599,0.00012828064,0.48360681
68.3,52.3599,0.0001279525,0.48236978
68.4,52.3599,0.00012613673,0.47552449
68.5,52.3599,0.00012666525,0.47751696
68.6,52.3599,0.00012656083,0.47712331
68.7,52.3599,0.00012701327,0.47882894
68.8,52.3599,0.0001269072,0.47842906
68.9,52.3599,0.00012676791,0.47790398
69,52.3599,0.00012681635,0.47808659
69.1,52.3599,0.00012677271,0.47792207
69.2,52.3599,0.00012669778,0.47763957
69.3,52.3599,0.00012674213,0.47780678
69.4,52.3599,0.00012673879,0.47779419
69.5,52.3599,0.0001266994,0.47764568
69.6,52.3599,0.0001267245,0.47774032
69.7,52.3599,0.00012674161,0.47780481
69.8,52.3599,0.00012675651,0.47786098
69.9,52.3599,0.00012670233,0.47765673
70,52.3599,0.00012686093,0.47825464
70.1,52.3599,0.0001267372,0.47778818
70.2,52.3599,0.00012673742,0.47778901
70.3,52.3599,0.00012663368,0.47739792
70.4,52.3599,0.00012668319,0.47758459
70.5,52.3599,0.00012666525,0.47751694
70.6,52.3599,0.00012660855,0.47730319
70.7,52.3599,0.00012671382,0.47770007
70.8,52.3599,0.00012650899,0.47692785
70.9,52.3599,0.00012649439,0.47687281
71,52.3599,0.00012646017,0.47674383
71.1,52.3599,0.00012635185,0.47633545
71.2,52.3599,0.00012644121,0.47667234
71.3,52.3599,0.00012635057,0.47633064
71.4,52.3599,0.00012648093,0.47682207
71.5,52.3599,0.00012630029,0.47614107
71.6,52.3599,0.000126306,0.4761626
71.7,52.3599,0.00012634607,0.47631368
71.8,52.3599,0.0001263415,0.47629642
71.9,52.3599,0.000126541,0.47704853
72,52.3599,0.00012634871,0.47632362
72.1,52.3599,0.00012620289,0.47577389
72.2,52.3599,0.00012626057,0.47599134
72.3,52.3599,0.00012644704,0.4766943
72.4,52.3599,0.00012607897,0.47530671
72.5,52.3599,0.00012604155,0.47516566
72.6,52.3599,0.00012602138,0.47508961
72.7,52.3599,0.00012594667,0.47480798
72.8,52.3599,0.00012592235,0.47471629
72.9,52.3599,0.00012585237,0.47445248
73,52.3599,0.00012592281,0.474718
73.1,52.3599,0.00012589911,0.47462866
73.2,52.3599,0.00012591247,0.47467904
73.3,52.3599,0.00012584905,0.47443993
73.4,52.3599,0.0001258433,0.47441825
73.5,52.3599,0.0001258359,0.47439036
73.6,52.3599,0.00012590211,0.47463998
73.7,52.3599,0.00012568388,0.47381728
73.8,52.3599,0.00012575638,0.47409058
73.9,52.3599,0.00012576891,0.47413782
74,52.3599,0.00012576234,0.47411305
74.1,52.3599,0.00012556051,0.47335219
74.2,52.3599,0.00012549657,0.47311113
74.3,52.3599,0.00012538177,0.47267833
74.4,52.3599,0.00012532437,0.47246193
74.5,52.3599,0.00012534554,0.47254177
74.6,52.3599,0.00012524187,0.47215093
74.7,52.3599,0.00012523969,0.47214272
74.8,52.3599,0.00012529171,0.47233881
74.9,52.3599,0.00012512407,0.47170684
75,52.3599,0.00012521209,0.47203866
75.1,52.3599,0.00012529515,0.47235177
75.2,52.3599,0.00012513086,0.47173244
75.3,52.3599,0.00012500678,0.47126467
75.4,52.3599,0.00012494154,0.47101873
75.5,52.3599,0.00012522449,0.47208542
75.6,52.3599,0.00012520525,0.47201289
75.7,52.3599,0.00012493972,0.47101187
75.8,52.3599,0.00012481373,0.47053687
75.9,52.3599,0.00012486509,0.47073048
76,52.3599,0.0001245827,0.46966592
76.1,52.3599,0.00012456704,0.46960686
76.2,52.3599,0.00012426676,0.46847486
76.3,52.3599,0.00012450381,0.46936853
76.4,52.3599,0.00012395094,0.46728424
76.5,52.3599,0.00012446279,0.46921385
76.6,52.3599,0.00012421242,0.46826998
76.7,52.3599,0.00012383894,0.46686201
76.8,52.3599,0.00012449921,0.46935117
76.9,52.3599,0.00012408001,0.46777082
77,52.3599,0.00012419006,0.4681857
77.1,52.3599,0.00012420507,0.46824227
77.2,52.3599,0.00012409534,0.46782862
77.3,52.3599,0.00012427078,0.46849001
77.4,52.3599,0.00012405631,0.46768147
77.5,52.3599,0.00012392772,0.4671967
77.6,52.3599,0.00012409919,0.46784312
77.7,52.3599,0.00012393948,0.46724104
77.8,52.3599,0.00012408984,0.46780789
77.9,52.3599,0.00012387535,0.46699929
78,52.3599,0.00012405096,0.46766131
78.1,52.3599,0.00012381556,0.46677385
78.2,52.3599,0.00012371345,0.46638892
78.3,52.3599,0.00012368349,0.46627597
78.4,52.3599,0.00012363767,0.46610322
78.5,52.3599,0.00012376436,0.46658085
78.6,52.3599,0.00012364372,0.46612606
78.7,52.3599,0.00012384819,0.46689688
78.8,52.3599,0.00012348117,0.46551323
78.9,52.3599,0.00012362638,0.46606066
79,52.3599,0.00012357891,0.4658817
79.1,52.3599,0.00012342251,0.4652921
79.2,52.3599,0.00012337224,0.46510258
79.3,52.3599,0.00012320131,0.46445821
79.4,52.3599,0.00012337397,0.46510912
79.5,52.3599,0.00012320195,0.4644606
79.6,52.3599,0.00012311906,0.46414812
79.7,52.3599,0.00012282412,0.46303621
79.8,52.3599,0.00012289684,0.46331038
79.9,52.3599,0.00012288524,0.46326665
80,52.3599,0.00012193153,0.45967125
80.1,52.3599,0.00012167051,0.45868721
80.2,52.3599,0.00012203132,0.46004745
80.3,52.3599,0.00012236088,0.46128983
80.4,52.3599,0.00012216592,0.46055488
80.5,52.3599,0.00012192463,0.45964523
80.6,52.3599,0.00012190146,0.45955786
80.7,52.3599,0.00012188718,0.45950403
80.8,52.3599,0.00012201356,0.45998048
80.9,52.3599,0.00012191701,0.45961649
81,52.3599,0.00012196564,0.45979982
81.1,52.3599,0.00012194171,0.45970963
81.2,52.3599,0.0001218722,0.45944756
81.3,52.3599,0.00012192681,0.45965345
81.4,52.3599,0.00012198127,0.45985875
81.5,52.3599,0.00012188439,0.45949353
81.6,52.3599,0.00012179497,0.4591564
81.7,52.3599,0.00012206204,0.46016326
81.8,52.3599,0.00012200195,0.4599367
81.9,52.3599,0.00012170025,0.45879932
82,52.3599,0.00012174662,0.45897413
82.1,52.3599,0.00012169542,0.45878111
82.2,52.3599,0.00012165116,0.45861428
82.3,52.3599,0.00012160527,0.45844127
82.4,52.3599,0.00012171585,0.45885812
82.5,52.3599,0.00012172298,0.45888502
82.6,52.3599,0.00012144638,0.45784225
82.7,52.3599,0.00012157863,0.45834085
82.8,52.3599,0.00012166605,0.45867038
82.9,52.3599,0.00012177135,0.45906738
83,52.3599,0.00012146904,0.45792768
83.1,52.3599,0.00012150831,0.45807572
83.2,52.3599,0.00012132106,0.45736981
83.3,52.3599,0.00012136817,0.45754743
83.4,52.3599,0.00012127437,0.45719379
83.5,52.3599,0.00012109072,0.45650146
83.6,52.3599,0.00012124578,0.45708601
83.7,52.3599,0.00012153653,0.45818211
83.8,52.3599,0.00012131042,0.45732972
83.9,52.3599,0.00012119883,0.45690901
84,52.3599,0.00012160482,0.45843956
84.1,52.3599,0.00012102605,0.45625765
84.2,52.3599,0.00012083655,0.45554324
84.3,52.3599,0.00012110292,0.45654744
84.4,52.3599,0.00012106619,0.45640899
84.5,52.3599,0.00012086566,0.455653
84.6,52.3599,0.00012101058,0.45619934
84.7,52.3599,0.00012094392,0.45594802
84.8,52.3599,0.00012105077,0.45635083
84.9,52.3599,0.00012085825,0.45562507
85,52.3599,0.00012105272,0.45635818
85.1,52.3599,0.00012105172,0.45635444
85.2,52.3599,0.00012087203,0.45567701
85.3,52.3599,0.00012078752,0.45535842
85.4,52.3599,0.00012059927,0.45464873
85.5,52.3599,0.00012071095,0.45506976
85.6,52.3599,0.0001205621,0.45450862
85.7,52.3599,0.00012089959,0.45578092
85.8,52.3599,0.00012101077,0.45620004
85.9,52.3599,0.00012120143,0.45691881
86,52.3599,0.00012060295,0.45466261
86.1,52.3599,0.00012056461,0.45451807
86.2,52.3599,0.00012030459,0.45353783
86.3,52.3599,0.0001203154,0.45357855
86.4,52.3599,0.00012048406,0.45421441
86.5,52.3599,0.00012026207,0.45337753
86.6,52.3599,0.00012048678,0.45422466
86.7,52.3599,0.000120368,0.45377686
86.8,52.3599,0.00012037973,0.45382109
86.9,52.3599,0.00012010567,0.45278789
87,52.3599,0.00012024319,0.45330634
87.1,52.3599,0.00012016705,0.4530193
87.2,52.3599,0.00012020605,0.45316634
87.3,52.3599,0.00011997748,0.45230463
87.4,52.3599,0.00012026602,0.4533924
87.5,52.3599,0.00012025874,0.45336495
87.6,52.3599,0.00012025655,0.45335669
87.7,52.3599,0.00012000695,0.45241573
87.8,52.3599,0.00012009361,0.45274243
87.9,52.3599,0.00012020549,0.45316421
88,52.3599,0.00011981467,0.45169085
88.1,52.3599,0.00012004682,0.45256603
88.2,52.3599,0.00011973911,0.45140602
88.3,52.3599,0.00011965913,0.45110447
88.4,52.3599,0.00011946642,0.45037799
88.5,52.3599,0.00011956347,0.45074384
88.6,52.3599,0.00012044904,0.45408239
88.7,52.3599,0.00011961843,0.45095106
88.8,52.3599,0.00011956898,0.45076462
88.9,52.3599,0.00011927187,0.44964454
89,52.3599,0.0001192358,0.44950857
89.1,52.3599,0.00011973278,0.45138215
89.2,52.3599,0.00011942923,0.45023777
89.3,52.3599,0.00011917699,0.44928687
89.4,52.3599,0.00011932595,0.44984842
89.5,52.3599,0.00011919241,0.44934497
89.6,52.3599,0.00011921457,0.44942854
89.7,52.3599,0.0001190443,0.44878665
89.8,52.3599,0.00011931593,0.44981067
89.9,52.3599,0.00011927605,0.44966032
90,52.3599,0.0001192207,0.44945163
90.1,52.3599,0.00011908536,0.44894142
90.2,52.3599,0.00011921621,0.44943472
90.3,52.3599,0.00011897309,0.44851817
90.4,52.3599,0.00011892581,0.44833993
90.5,52.3599,0.00011927418,0.44965327
90.6,52.3599,0.00011906119,0.44885029
90.7,52.3599,0.00011947952,0.45042739
90.8,52.3599,0.00011912623,0.44909549
90.9,52.3599,0.0001194797,0.45042807
91,52.3599,0.00011924156,0.44953027
91.1,52.3599,0.000118628,0.4472172
91.2,52.3599,0.00011902156,0.4487009
91.3,52.3599,0.00011907983,0.44892059
91.4,52.3599,0.00011916288,0.44923366
91.5,52.3599,0.00011921884,0.44944464
91.6,52.3599,0.00011830853,0.44601286
91.7,52.3599,0.00011777408,0.443998
91.8,52.3599,0.00011623837,0.43820854
91.9,52.3599,0.00011801923,0.4449222
92,52.3599,0.00011732138,0.44229137
92.1,52.3599,0.0001173277,0.44231521
92.2,52.3599,0.00011726182,0.44206684
92.3,52.3599,0.00011735582,0.4424212
92.4,52.3599,0.00011748194,0.44289667
92.5,52.3599,0.00011716837,0.44171454
92.6,52.3599,0.00011742752,0.4426915
92.7,52.3599,0.00011717369,0.4417346
92.8,52.3599,0.00011706115,0.44131034
92.9,52.3599,0.00011731565,0.44226976
93,52.3599,0.00011710905,0.44149092
93.1,52.3599,0.00011740013,0.44258827
93.2,52.3599,0.00011698863,0.44103693
93.3,52.3599,0.00011768158,0.44364931
93.4,52.3599,0.00011717898,0.44175452
93.5,52.3599,0.00011703604,0.44121568
93.6,52.3599,0.00011699034,0.44104338
93.7,52.3599,0.00011756097,0.44319462
93.8,52.3599,0.00011727623,0.44212117
93.9,52.3599,0.0001171435,0.44162077
94,52.3599,0.00011695327,0.44090363
94.1,52.3599,0.0001170629,0.44131693
94.2,52.3599,0.00011670237,0.43995778
94.3,52.3599,0.0001167413,0.44010453
94.4,52.3599,0.00011689487,0.44068347
94.5,52.3599,0.00011702822,0.44118619
94.6,52.3599,0.00011720808,0.44186425
94.7,52.3599,0.00011686543,0.44057249
94.8,52.3599,0.00011692413,0.44079376
94.9,52.3599,0.00011685525,0.44053411
95,52.3599,0.00011701119,0.441122
95.1,52.3599,0.00011743869,0.44273361
95.2,52.3599,0.00011694379,0.44086789
95.3,52.3599,0.00011714752,0.44163594
95.4,52.3599,0.00011714537,0.44162784
95.5,52.3599,0.00011703397,0.44120787
95.6,52.3599,0.00011637138,0.43870997
95.7,52.3599,0.0001170684,0.44133766
95.8,52.3599,0.00011738735,0.44254006
95.9,52.3599,0.00011702995,0.4411927
96,52.3599,0.00011652494,0.43928888
96.1,52.3599,0.00011673343,0.44007484
96.2,52.3599,0.00011689721,0.44069228
96.3,52.3599,0.00011674664,0.44012466
96.4,52.3599,0.00011645866,0.43903898
96.5,52.3599,0.00011639478,0.43879817
96.6,52.3599,0.0001161215,0.43776792
96.7,52.3599,0.00011671937,0.44002183
96.8,52.3599,0.00011680695,0.44035201
96.9,52.3599,0.00011682554,0.4404221
97,52.3599,0.00011662803,0.43967751
97.1,52.3599,0.00011698473,0.44102225
97.2,52.3599,0.00011626443,0.43830678
97.3,52.3599,0.00011654371,0.43935962
97.4,52.3599,0.00011697533,0.44098678
97.5,52.3599,0.00011681532,0.44038356
97.6,52.3599,0.00011676934,0.44021022
97.7,52.3599,0.00011656835,0.43945253
97.8,52.3599,0.00011603762,0.43745172
97.9,52.3599,0.00011613609,0.43782294
98,52.3599,0.00011666093,0.43980153
98.1,52.3599,0.0001162639,0.43830477
98.2,52.3599,0.00011636705,0.43869361
98.3,52.3599,0.00011681375,0.44037765
98.4,52.3599,0.00011615391,0.43789013
98.5,52.3599,0.00011624511,0.43823393
98.6,52.3599,0.00011581414,0.43660921
98.7,52.3599,0.00011638719,0.43876955
98.8,52.3599,0.00011598855,0.43726672
98.9,52.3599,0.00011640863,0.43885037
99,52.3599,0.00011649667,0.43918227
99.1,52.3599,0.00011606244,0.43754529
99.2,52.3599,0.00011633786,0.43858358
99.3,52.3599,0.00011593305,0.43705749
99.4,52.3599,0.00011619541,0.43804657
99.5,52.3599,0.00011678255,0.44026004
99.6,52.3599,0.00011659137,0.43953931
99.7,52.3599,0.00011597985,0.43723391
99.8,52.3599,0.00011557563,0.43571003
99.9,52.3599,0.00011554983,0.43561278
100,52.3599,0.00011612143,0.43776766
100.1,52.3599,0.00011578928,0.43651548
100.2,52.3599,0.00011676816,0.44020577
100.3,52.3599,0.00011542752,0.4351517
100.4,52.3599,0.00011534549,0.43484243
100.5,52.3599,0.00011530494,0.43468958
100.6,52.3599,0.00011588238,0.43686648
100.7,52.3599,0.00011554606,0.43559858
100.8,52.3599,0.00011619605,0.43804896
100.9,52.3599,0.00011598256,0.43724416
101,52.3599,0.00011604746,0.43748879
101.1,52.3599,0.00011518076,0.43422142
101.2,52.3599,0.00011558888,0.43576
101.3,52.3599,0.0001158134,0.43660642
101.4,52.3599,0.00011601793,0.43737746
101.5,52.3599,0.00011581439,0.43661017
101.6,52.3599,0.00011540759,0.43507657
101.7,52.3599,0.0001156865,0.436128
101.8,52.3599,0.00011558777,0.43575581
101.9,52.3599,0.00011537845,0.43496668
102,52.3599,0.00011648141,0.43912475
102.1,52.3599,0.00011587977,0.43685662
102.2,52.3599,0.00011631899,0.43851245
102.3,52.3599,0.00011560724,0.43582923
102.4,52.3599,0.00011559637,0.43578824
102.5,52.3599,0.00011601271,0.43735778
102.6,52.3599,0.00011627944,0.43836335
102.7,52.3599,0.0001152175,0.43435992
102.8,52.3599,0.0001152486,0.43447717
102.9,52.3599,0.00011588919,0.43689212
103,52.3599,0.00011498024,0.43346547
103.1,52.3599,0.00011508876,0.43387457
103.2,52.3599,0.00011463989,0.43218238
103.3,52.3599,0.00011493991,0.43331345
103.4,52.3599,0.00011492617,0.43326165
103.5,52.3599,0.00011547574,0.43533347
103.6,52.3599,0.00011595999,0.43715904
103.7,52.3599,0.00011572573,0.43627593
103.8,52.3599,0.00011502846,0.43364728
103.9,52.3599,0.00011435331,0.43110199
104,52.3599,0.00011540747,0.43507611
104.1,52.3599,0.00011650893,0.43922852
104.2,52.3599,0.00011584661,0.43673162
104.3,52.3599,0.00011497157,0.4334328
104.4,52.3599,0.00011482758,0.43288998
104.5,52.3599,0.00011421075,0.43056457
104.6,52.3599,0.00011417505,0.43042997
104.7,52.3599,0.0001145213,0.43173531
104.8,52.3599,0.000116654,0.43977542
104.9,52.3599,0.00011553658,0.43556283
105,52.3599,0.00011490856,0.43319525
105.1,52.3599,0.00011455684,0.43186928
105.2,52.3599,0.0001145066,0.43167991
105.3,52.3599,0.0001137647,0.42888301
105.4,52.3599,0.0001148475,0.43296507
105.5,52.3599,0.00011450204,0.43166269
105.6,52.3599,0.00011501728,0.4336051
105.7,52.3599,0.00011449934,0.43165254
105.8,52.3599,0.00011457985,0.43195602
105.9,52.3599,0.00011537544,0.43495534
106,52.3599,0.00011374937,0.42882521
106.1,52.3599,0.00011444724,0.43145612
106.2,52.3599,0.00011406811,0.43002681
106.3,52.3599,0.00011367081,0.42852904
106.4,52.3599,0.00011538017,0.4349732
106.5,52.3599,0.00011379348,0.42899151
106.6,52.3599,0.00011403696,0.42990938
106.7,52.3599,0.0001142369,0.43066317
106.8,52.3599,0.00011395422,0.42959747
106.9,52.3599,0.00011462144,0.43211285
107,52.3599,0.00011451834,0.43172417
107.1,52.3599,0.00011459344,0.43200727
107.2,52.3599,0.00011452216,0.43173856
107.3,52.3599,0.00011351258,0.42793252
107.4,52.3599,0.00011451866,0.43172536
107.5,52.3599,0.00011355934,0.42810882
107.6,52.3599,0.0001149193,0.43323573
107.7,52.3599,0.00011537779,0.43496419
107.8,52.3599,0.00011402875,0.42987845
107.9,52.3599,0.00011460132,0.432037
108,52.3599,0.00011444105,0.43143277
108.1,52.3599,0.00011485666,0.43299961
108.2,52.3599,0.0001132814,0.42706101
108.3,52.3599,0.00011455337,0.43185623
108.4,52.3599,0.00011393646,0.4295305
108.5,52.3599,0.00011542612,0.4351464
108.6,52.3599,0.00011435497,0.43110825
108.7,52.3599,0.00011446883,0.43153753
108.8,52.3599,0.00011422275,0.43060982
108.9,52.3599,0.00011358391,0.42820143
109,52.3599,0.0001140317,0.42988957
109.1,52.3599,0.00011434821,0.43108279
109.2,52.3599,0.00011406427,0.43001234
109.3,52.3599,0.00011286817,0.42550314
109.4,52.3599,0.00011406016,0.42999687
109.5,52.3599,0.00011586718,0.43680917
109.6,52.3599,0.00011323866,0.42689986
109.7,52.3599,0.00011426459,0.43076753
109.8,52.3599,0.0001145998,0.43203127
109.9,52.3599,0.00011428699,0.43085199
110,52.3599,0.00011424857,0.43070714
110.1,52.3599,0.00011525697,0.43450872
110.2,52.3599,0.00011430294,0.43091212
110.3,52.3599,0.00011416414,0.43038887
110.4,52.3599,0.00011435285,0.43110026
110.5,52.3599,0.00011369475,0.42861931
110.6,52.3599,0.00011304905,0.42618506
110.7,52.3599,0.00011300903,0.42603419
110.8,52.3599,0.00011502304,0.43362682
110.9,52.3599,0.00011453233,0.43177691
111,52.3599,0.00011307587,0.42628618
111.1,52.3599,0.00011380847,0.429048
111.2,52.3599,0.00011325522,0.42696229
111.3,52.3599,0.0001126627,0.42472857
111.4,52.3599,0.0001114531,0.42016846
111.5,52.3599,0.00011217537,0.42289138
111.6,52.3599,0.00011151915,0.42041747
111.7,52.3599,0.00011169452,0.4210786
111.8,52.3599,0.00011223609,0.42312027
111.9,52.3599,0.00011297039,0.42588851
112,52.3599,0.0001129169,0.42568688
112.1,52.3599,0.00011389013,0.42935585
112.2,52.3599,0.00011244265,0.423899
112.3,52.3599,0.00011149099,0.42031129
112.4,52.3599,0.00011235171,0.42355615
112.5,52.3599,0.00011114232,0.41899687
112.6,52.3599,0.00011188564,0.42179912
112.7,52.3599,0.00011207711,0.42252093
112.8,52.3599,0.00011329602,0.42711611
112.9,52.3599,0.00011184784,0.42165662
113,52.3599,0.00011201224,0.42227638
113.1,52.3599,0.00011300066,0.42600263
113.2,52.3599,0.00011235685,0.42357551
113.3,52.3599,0.00011288929,0.42558279
113.4,52.3599,0.0001128785,0.42554209
113.5,52.3599,0.00011360482,0.42828028
113.6,52.3599,0.00011255524,0.42432343
113.7,52.3599,0.0001115659,0.42059371
113.8,52.3599,0.00011207448,0.42251101
113.9,52.3599,0.00011190151,0.42185892
114,52.3599,0.00011201665,0.42229299
114.1,52.3599,0.00011091317,0.41813297
114.2,52.3599,0.0001129622,0.42585763
114.3,52.3599,0.00011139234,0.41993941
114.4,52.3599,0.00011199797,0.42222257
114.5,52.3599,0.00011265756,0.42470918
114.6,52.3599,0.00011275807,0.4250881
114.7,52.3599,0.00011215908,0.42282996
114.8,52.3599,0.00011206709,0.42248315
114.9,52.3599,0.00011248571,0.42406133
115,52.3599,0.00011186635,0.4217264
115.1,52.3599,0.00011160612,0.42074534
115.2,52.3599,0.00011170758,0.42112782
115.3,52.3599,0.00011119999,0.41921428
115.4,52.3599,0.00011231505,0.42341794
115.5,52.3599,0.00011307526,0.42628388
115.6,52.3599,0.00011171202,0.42114456
115.7,52.3599,0.00011165354,0.42092411
115.8,52.3599,0.00011226529,0.42323036
115.9,52.3599,0.00011218939,0.42294423
116,52.3599,0.00011165186,0.42091779
116.1,52.3599,0.00011285536,0.42545485
116.2,52.3599,0.00011266699,0.42474471
116.3,52.3599,0.0001121597,0.4228323
116.4,52.3599,0.00011171054,0.421139
116.5,52.3599,0.00011116684,0.4190893
116.6,52.3599,0.00011226846,0.4232423
116.7,52.3599,0.00011225145,0.42317819
116.8,52.3599,0.0001110915,0.41880528
116.9,52.3599,0.00011127386,0.41949275
117,52.3599,0.00011171777,0.42116624
117.1,52.3599,0.00011183667,0.4216145
117.2,52.3599,0.00011134944,0.41977767
117.3,52.3599,0.00011204118,0.42238549
117.4,52.3599,0.00011246426,0.42398045
117.5,52.3599,0.0001120586,0.42245115
117.6,52.3599,0.00011190031,0.42185442
117.7,52.3599,0.00011192364,0.42194236
117.8,52.3599,0.00011239387,0.42371509
117.9,52.3599,0.00011165942,0.42094629
118,52.3599,0.00011228307,0.42329737
118.1,52.3599,0.00011224249,0.42314441
118.2,52.3599,0.00011187623,0.42176363
118.3,52.3599,0.00011085383,0.41790926
118.4,52.3599,0.00011232251,0.42344606
118.5,52.3599,0.00011098983,0.41842197
118.6,52.3599,0.00011150326,0.42035758
118.7,52.3599,0.0001115342,0.42047422
118.8,52.3599,0.00011229331,0.423336
118.9,52.3599,0.00011217913,0.42290554
119,52.3599,0.00011221281,0.42303251
119.1,52.3599,0.00011143648,0.42010583
119.2,52.3599,0.0001104229,0.4162847
119.3,52.3599,0.00011235739,0.42357757
119.4,52.3599,0.0001112745,0.41949517
119.5,52.3599,0.00011182823,0.42158267
119.6,52.3599,0.00011319949,0.4267522
119.7,52.3599,0.00011163045,0.42083705
119.8,52.3599,0.00011120289,0.41922521
119.9,52.3599,0.00011129575,0.41957529
120,52.3599,0.00011059518,0.41693419
120.1,52.3599,0.00011127078,0.41948112
120.2,52.3599,0.00011027401,0.41572342
120.3,52.3599,0.00011144298,0.42013033
120.4,52.3599,0.0001115399,0.42049568
120.5,52.3599,0.00011136638,0.41984154
120.6,52.3599,0.00011141125,0.4200107
120.7,52.3599,0.00011241748,0.4238041
120.8,52.3599,0.00011198534,0.42217498
120.9,52.3599,0.00011126521,0.41946015
121,52.3599,0.00011110588,0.41885946
121.1,52.3599,0.0001111939,0.41919132
121.2,52.3599,0.00011239347,0.42371356
121.3,52.3599,0.00011089068,0.41804819
121.4,52.3599,0.00011133413,0.41971995
121.5,52.3599,0.00011180565,0.42149757
121.6,52.3599,0.00011076499,0.41757434
121.7,52.3599,0.00011065006,0.41714109
121.8,52.3599,0.0001121609,0.42283681
121.9,52.3599,0.0001112048,0.41923239
122,52.3599,0.00011131049,0.41963085
122.1,52.3599,0.00011175653,0.42131236
122.2,52.3599,0.00011060835,0.41698383
122.3,52.3599,0.00011086056,0.41793464
122.4,52.3599,0.00011134387,0.41975667
122.5,52.3599,0.00011182943,0.4215872
122.6,52.3599,0.00011070222,0.41733771
122.7,52.3599,0.00011032797,0.41592681
122.8,52.3599,0.00011178095,0.42140444
122.9,52.3599,0.00011269541,0.42485188
123,52.3599,0.00011153903,0.42049241
123.1,52.3599,0.00011082262,0.41779162
123.2,52.3599,0.00011184505,0.42164608
123.3,52.3599,0.00011095473,0.41828965
123.4,52.3599,0.00011090546,0.41810392
123.5,52.3599,0.00011089275,0.418056
123.6,52.3599,0.00011174852,0.42128219
123.7,52.3599,0.00011094344,0.41824709
123.8,52.3599,0.00011214599,0.42278062
123.9,52.3599,0.00011176374,0.42133955
124,52.3599,0.00011296872,0.42588222
124.1,52.3599,0.00011065172,0.41714733
124.2,52.3599,0.0001117668,0.42135108
124.3,52.3599,0.00011139924,0.41996544
124.4,52.3599,0.0001102916,0.41578973
124.5,52.3599,0.00011029538,0.41580395
124.6,52.3599,0.00011000201,0.414698
124.7,52.3599,0.00011205392,0.42243351
124.8,52.3599,0.00011097116,0.41835161
124.9,52.3599,0.00011134045,0.41974378
125,52.3599,0.00011138915,0.41992738
125.1,52.3599,0.00011171925,0.42117184
125.2,52.3599,0.00011040097,0.41620204
125.3,52.3599,0.00011042857,0.41630606
125.4,52.3599,0.00011201615,0.42229113
125.5,52.3599,0.00010993131,0.41443145
125.6,52.3599,0.00011119676,0.41920209
125.7,52.3599,0.00011234424,0.423528
125.8,52.3599,0.00011084995,0.41789463
125.9,52.3599,0.00011109192,0.41880685
126,52.3599,0.00010957267,0.41307942
126.1,52.3599,0.00011132233,0.41967547
126.2,52.3599,0.00011103299,0.41858471
126.3,52.3599,0.00011061623,0.41701354
126.4,52.3599,0.00011091109,0.41812515
126.5,52.3599,0.00011246899,0.42399828
126.6,52.3599,0.00011113361,0.41896403
126.7,52.3599,0.00011119239,0.41918561
126.8,52.3599,0.00011051037,0.41661444
126.9,52.3599,0.00011018621,0.41539241
127,52.3599,0.00011032547,0.4159174
127.1,52.3599,0.00011124459,0.4193824
127.2,52.3599,0.00011011687,0.41513101
127.3,52.3599,0.00011184665,0.42165212
127.4,52.3599,0.000111527,0.42044706
127.5,52.3599,0.00011083018,0.41782011
127.6,52.3599,0.00011069352,0.4173049
127.7,52.3599,0.00011068022,0.41725478
127.8,52.3599,0.00011015798,0.41528598
127.9,52.3599,0.00011061461,0.41700744
128,52.3599,0.00011131951,0.41966485
128.1,52.3599,0.00011043937,0.41634681
128.2,52.3599,0.00011087833,0.41800163
128.3,52.3599,0.00011002283,0.41477648
128.4,52.3599,0.00011133595,0.41972684
128.5,52.3599,0.00011067877,0.4172493
128.6,52.3599,0.0001113815,0.41989854
128.7,52.3599,0.0001108149,0.41776253
128.8,52.3599,0.00011089193,0.41805292
128.9,52.3599,0.00011073591,0.41746474
129,52.3599,0.00011110965,0.41887369
129.1,52.3599,0.0001103505,0.41601178
129.2,52.3599,0.00011079386,0.41768317
129.3,52.3599,0.00011015192,0.41526312
129.4,52.3599,0.00011241105,0.42377987
129.5,52.3599,0.00011095865,0.41830445
129.6,52.3599,0.00010997626,0.41460093
129.7,52.3599,0.00011064796,0.41713318
129.8,52.3599,0.00010980742,0.41396441
129.9,52.3599,0.00011056216,0.4168097
130,52.3599,0.00010992272,0.41439907
130.1,52.3599,0.00011074385,0.41749465
130.2,52.3599,0.00011056079,0.41680454
130.3,52.3599,0.00010962049,0.4132597
130.4,52.3599,0.0001116494,0.42090849
130.5,52.3599,0.0001123951,0.42371973
130.6,52.3599,0.00011007974,0.41499104
130.7,52.3599,0.00011042066,0.41627625
130.8,52.3599,0.00011122049,0.41929155
130.9,52.3599,0.00011050129,0.41658025
131,52.3599,0.00011096566,0.41833085
131.1,52.3599,0.00011186892,0.42173609
131.2,52.3599,0.00010992896,0.41442261
131.3,52.3599,0.00011070241,0.41733842
131.4,52.3599,0.00011019782,0.41543618
131.5,52.3599,0.00011002263,0.41477572
131.6,52.3599,0.00010946195,0.41266201
131.7,52.3599,0.0001100506,0.41488116
131.8,52.3599,0.00011090803,0.41811361
131.9,52.3599,0.00011164027,0.4208741
132,52.3599,0.00011049637,0.41656166
132.1,52.3599,0.00011081769,0.41777304
132.2,52.3599,0.00010958324,0.41311924
132.3,52.3599,0.00011110656,0.41886205
132.4,52.3599,0.00011088402,0.41802307
132.5,52.3599,0.00011076777,0.41758485
132.6,52.3599,0.00011032604,0.41591954
132.7,52.3599,0.00011099639,0.41844671
132.8,52.3599,0.00011047785,0.41649185
132.9,52.3599,0.00010971783,0.41362667
133,52.3599,0.00011116842,0.41909527
133.1,52.3599,0.00011009383,0.41504413
133.2,52.3599,0.00011017567,0.41535267
133.3,52.3599,0.00010972441,0.41365146
133.4,52.3599,0.00011157782,0.42063865
133.5,52.3599,0.00011040883,0.41623167
133.6,52.3599,0.00011064678,0.41712872
133.7,52.3599,0.00010978079,0.413864
133.8,52.3599,0.00010970039,0.41356091
133.9,52.3599,0.00011033627,0.4159581
134,52.3599,0.00010943121,0.41254613
134.1,52.3599,0.00011084068,0.41785969
134.2,52.3599,0.0001100013,0.41469533
134.3,52.3599,0.00010936279,0.41228819
134.4,52.3599,0.00010944165,0.41258548
134.5,52.3599,0.00010957557,0.41309036
134.6,52.3599,0.00010979013,0.41389921
134.7,52.3599,0.00011082903,0.41781577
134.8,52.3599,0.00010946155,0.41266051
134.9,52.3599,0.00011003733,0.41483115
135,52.3599,0.00011051515,0.41663247
135.1,52.3599,0.00011076223,0.41756395
135.2,52.3599,0.00010943533,0.41256166
135.3,52.3599,0.0001100273,0.41479333
135.4,52.3599,0.000109854,0.41414
135.5,52.3599,0.00011190696,0.42187949
135.6,52.3599,0.00011054769,0.41675517
135.7,52.3599,0.00011014424,0.4152342
135.8,52.3599,0.00010969644,0.41354602
135.9,52.3599,0.00011140274,0.41997861
136,52.3599,0.00010960608,0.41320536
136.1,52.3599,0.00011035041,0.41601143
136.2,52.3599,0.00011019112,0.4154109
136.3,52.3599,0.00010967517,0.41346583
136.4,52.3599,0.00011196431,0.42209567
136.5,52.3599,0.00011238267,0.42367288
136.6,52.3599,0.00011565526,0.43601023
136.7,52.3599,0.00011472146,0.43248989
136.8,52.3599,0.00011590201,0.43694046
136.9,52.3599,0.00011596783,0.4371886
137,52.3599,0.00011568663,0.43612851
137.1,52.3599,0.00011590349,0.43694605
137.2,52.3599,0.00011575412,0.43638295
137.3,52.3599,0.00011587548,0.43684046
137.4,52.3599,0.00011584836,0.43673821
137.5,52.3599,0.00011591896,0.43700438
137.6,52.3599,0.00011599552,0.43729298
137.7,52.3599,0.00011619516,0.43804564
137.8,52.3599,0.00011617945,0.43798639
137.9,52.3599,0.00011619163,0.43803233
138,52.3599,0.0001163292,0.43855096
138.1,52.3599,0.00011613788,0.43782969
138.2,52.3599,0.00011627641,0.43835193
138.3,52.3599,0.00011627471,0.43834552
138.4,52.3599,0.00011629975,0.43843992
138.5,52.3599,0.00011632494,0.43853488
138.6,52.3599,0.00011630933,0.43847602
138.7,52.3599,0.00011625388,0.43826698
138.8,52.3599,0.00011629447,0.43842002
138.9,52.3599,0.0001162262,0.43816264
139,52.3599,0.00011629197,0.43841057
139.1,52.3599,0.00011621758,0.43813015
139.2,52.3599,0.00011627015,0.43832832
139.3,52.3599,0.00011621946,0.43813723
139.4,52.3599,0.00011631037,0.43847995
139.5,52.3599,0.00011628024,0.43836638
139.6,52.3599,0.00011625749,0.43828059
139.7,52.3599,0.00011631051,0.43848047
139.8,52.3599,0.00011629022,0.43840398
139.9,52.3599,0.00011638644,0.43876674
140,52.3599,0.00011630481,0.43845899
140.1,52.3599,0.00011633382,0.43856835
140.2,52.3599,0.00011623929,0.43821198
140.3,52.3599,0.00011631192,0.43848579
140.4,52.3599,0.00011621745,0.43812966
140.5,52.3599,0.00011628267,0.43837551
140.6,52.3599,0.00011627284,0.43833847
140.7,52.3599,0.00011616172,0.43791955
140.8,52.3599,0.00011616147,0.4379186
140.9,52.3599,0.00011623387,0.43819157
141,52.3599,0.00011617526,0.43797059
141.1,52.3599,0.00011617746,0.43797889
141.2,52.3599,0.00011620902,0.43809788
141.3,52.3599,0.00011610578,0.43770868
141.4,52.3599,0.00011615075,0.43787822
141.5,52.3599,0.00011616663,0.43793808
141.6,52.3599,0.00011613491,0.43781849
141.7,52.3599,0.0001160534,0.43751118
141.8,52.3599,0.00011616198,0.43792055
141.9,52.3599,0.00011614111,0.43784186
142,52.3599,0.0001160455,0.43748141
142.1,52.3599,0.00011609597,0.43767169
142.2,52.3599,0.00011605754,0.43752681
142.3,52.3599,0.00011598264,0.43724444
142.4,52.3599,0.00011603902,0.43745697
142.5,52.3599,0.00011607259,0.43758355
142.6,52.3599,0.00011604413,0.43747627
142.7,52.3599,0.000115911,0.43697435
142.8,52.3599,0.00011592879,0.43704145
142.9,52.3599,0.00011601385,0.43736208
143,52.3599,0.00011585514,0.43676379
143.1,52.3599,0.0001159276,0.43703696
143.2,52.3599,0.00011598736,0.43726223
143.3,52.3599,0.00011579111,0.43652238
143.4,52.3599,0.00011585662,0.43676935
143.5,52.3599,0.00011595146,0.43712688
143.6,52.3599,0.00011580399,0.43657094
143.7,52.3599,0.00011588822,0.4368885
143.8,52.3599,0.00011589502,0.4369141
143.9,52.3599,0.0001157255,0.43627506
144,52.3599,0.0001158119,0.43660075
144.1,52.3599,0.00011593656,0.43707072
144.2,52.3599,0.00011578786,0.43651013
144.3,52.3599,0.0001156732,0.43607788
144.4,52.3599,0.00011582434,0.43664765
144.5,52.3599,0.00011589355,0.43690856
144.6,52.3599,0.00011557238,0.43569779
144.7,52.3599,0.00011586174,0.43678867
144.8,52.3599,0.00011585851,0.43677649
144.9,52.3599,0.00011556898,0.43568497
145,52.3599,0.00011569488,0.43615961
145.1,52.3599,0.00011576662,0.43643007
145.2,52.3599,0.00011560047,0.43580369
145.3,52.3599,0.00011565062,0.43599275
145.4,52.3599,0.00011570784,0.43620846
145.5,52.3599,0.00011569903,0.43617524
145.6,52.3599,0.00011551154,0.43546844
145.7,52.3599,0.0001156813,0.4361084
145.8,52.3599,0.00011571964,0.43625296
145.9,52.3599,0.00011536169,0.4349035
146,52.3599,0.00011563276,0.4359254
146.1,52.3599,0.00011572931,0.43628939
146.2,52.3599,0.00011534258,0.43483146
146.3,52.3599,0.0001156544,0.43600702
146.4,52.3599,0.00011563841,0.4359467
146.5,52.3599,0.00011530977,0.43470778
146.6,52.3599,0.00011562741,0.43590526
146.7,52.3599,0.00011565081,0.43599346
146.8,52.3599,0.00011541121,0.43509021
146.9,52.3599,0.00011544927,0.43523366
147,52.3599,0.00011555205,0.43562114
147.1,52.3599,0.00011551811,0.43549322
147.2,52.3599,0.00011531827,0.43473981
147.3,52.3599,0.0001154957,0.43540871
147.4,52.3599,0.00011549102,0.43539108
147.5,52.3599,0.00011513562,0.43405125
147.6,52.3599,0.00011552407,0.43551566
147.7,52.3599,0.00011546862,0.43530664
147.8,52.3599,0.00011505735,0.43375617
147.9,52.3599,0.00011542931,0.43515842
148,52.3599,0.0001155118,0.4354694
148.1,52.3599,0.00011512351,0.43400559
148.2,52.3599,0.00011546099,0.43527788
148.3,52.3599,0.00011545491,0.43525494
148.4,52.3599,0.00011495338,0.43336423
148.5,52.3599,0.0001153537,0.43487339
148.6,52.3599,0.00011545719,0.43526353
148.7,52.3599,0.00011497136,0.43343199
148.8,52.3599,0.00011526883,0.43455343
148.9,52.3599,0.00011532815,0.43477708
149,52.3599,0.00011502548,0.43363603
149.1,52.3599,0.00011527012,0.43455831
149.2,52.3599,0.00011523149,0.43441268
149.3,52.3599,0.00011489422,0.4331412
149.4,52.3599,0.00011512901,0.43402632
149.5,52.3599,0.00011520916,0.43432848
149.6,52.3599,0.00011473847,0.43255404
149.7,52.3599,0.00011521565,0.43435294
149.8,52.3599,0.00011518744,0.43424659
149.9,52.3599,0.00011488728,0.43311501
150,52.3599,0.0001150988,0.43391243
150.1,52.3599,0.00011518562,0.43423976
150.2,52.3599,0.00011486854,0.43304437
150.3,52.3599,0.00011510104,0.43392088
150.4,52.3599,0.00011500772,0.43356907
150.5,52.3599,0.00011516291,0.43415413
150.6,52.3599,0.00011545529,0.43525636
150.7,52.3599,0.00011477556,0.43269386
150.8,52.3599,0.00011497239,0.4334359
150.9,52.3599,0.00011497007,0.43342712
151,52.3599,0.0001149046,0.43318033
151.1,52.3599,0.00011498354,0.43347791
151.2,52.3599,0.00011484619,0.43296011
151.3,52.3599,0.00011496325,0.43340143
151.4,52.3599,0.00011542372,0.43513737
151.5,52.3599,0.00011513756,0.43405857
151.6,52.3599,0.00011502436,0.43363181
151.7,52.3599,0.00011471941,0.43248216
151.8,52.3599,0.00011519207,0.43426407
151.9,52.3599,0.00011505409,0.43374389
152,52.3599,0.00011491931,0.43323577
152.1,52.3599,0.00011494493,0.43333235
152.2,52.3599,0.00011451234,0.43170154
152.3,52.3599,0.00011467721,0.43232307
152.4,52.3599,0.0001147993,0.43278334
152.5,52.3599,0.00011469304,0.43238276
152.6,52.3599,0.00011472475,0.4325023
152.7,52.3599,0.00011457831,0.43195023
152.8,52.3599,0.00011463833,0.43217651
152.9,52.3599,0.0001144083,0.43130931
153,52.3599,0.00011473357,0.43253555
153.1,52.3599,0.0001146753,0.43231589
153.2,52.3599,0.00011469264,0.43238124
153.3,52.3599,0.00011456989,0.43191851
153.4,52.3599,0.00011491397,0.43321565
153.5,52.3599,0.00011481397,0.43283866
153.6,52.3599,0.00011481082,0.43282676
153.7,52.3599,0.0001147764,0.43269701
153.8,52.3599,0.00011460535,0.43205219
153.9,52.3599,0.00011477733,0.43270053
154,52.3599,0.00011494164,0.43331995
154.1,52.3599,0.00011453278,0.43177861
154.2,52.3599,0.00011459168,0.43200063
154.3,52.3599,0.0001145109,0.43169611
154.4,52.3599,0.00011453061,0.43177042
154.5,52.3599,0.00011455639,0.4318676
154.6,52.3599,0.00011435345,0.43110253
154.7,52.3599,0.00011466508,0.43227735
154.8,52.3599,0.00011434935,0.43108709
154.9,52.3599,0.00011441898,0.43134959
155,52.3599,0.00011437559,0.43118601
155.1,52.3599,0.00011443565,0.43141242
155.2,52.3599,0.00011435699,0.43111586
155.3,52.3599,0.00011420411,0.43053953
155.4,52.3599,0.00011462947,0.43214309
155.5,52.3599,0.00011413223,0.43026856
155.6,52.3599,0.00011504621,0.4337142
155.7,52.3599,0.0001146142,0.43208555
155.8,52.3599,0.0001144265,0.43137792
155.9,52.3599,0.00011428379,0.43083992
156,52.3599,0.00011385294,0.42921566
156.1,52.3599,0.00011474043,0.43256141
156.2,52.3599,0.0001142836,0.43083921
156.3,52.3599,0.00011448191,0.43158682
156.4,52.3599,0.00011422298,0.43061069
156.5,52.3599,0.00011442274,0.43136374
156.6,52.3599,0.00011375349,0.42884073
156.7,52.3599,0.00011554288,0.43558658
156.8,52.3599,0.00011456116,0.43188557
156.9,52.3599,0.00011447247,0.43155123
157,52.3599,0.00011420607,0.43054693
157.1,52.3599,0.00011414535,0.43031803
157.2,52.3599,0.00011374126,0.42879464
157.3,52.3599,0.00011527242,0.43456696
157.4,52.3599,0.00011470975,0.43244574
157.5,52.3599,0.00011476137,0.43264035
157.6,52.3599,0.00011421316,0.43057364
157.7,52.3599,0.00011395604,0.42960435
157.8,52.3599,0.00011414823,0.43032888
157.9,52.3599,0.00011386261,0.42925212
158,52.3599,0.00011439609,0.43126329
158.1,52.3599,0.00011392131,0.42947341
158.2,52.3599,0.00011409276,0.43011976
158.3,52.3599,0.00011398714,0.42972158
158.4,52.3599,0.00011379365,0.42899216
158.5,52.3599,0.00011363226,0.42838369
158.6,52.3599,0.00011384834,0.42919832
158.7,52.3599,0.00011378913,0.42897511
158.8,52.3599,0.00011384033,0.42916814
158.9,52.3599,0.00011399903,0.4297664
159,52.3599,0.00011406409,0.43001168
159.1,52.3599,0.00011499591,0.43352456
159.2,52.3599,0.00011427526,0.43080777
159.3,52.3599,0.00011412775,0.43025167
159.4,52.3599,0.00011358591,0.42820896
159.5,52.3599,0.00011404065,0.42992332
159.6,52.3599,0.00011366172,0.42849476
159.7,52.3599,0.00011423579,0.43065898
159.8,52.3599,0.00011345408,0.42771198
159.9,52.3599,0.00011316241,0.42661242
160,52.3599,0.00011207093,0.42249763
160.1,52.3599,0.00011264752,0.42467132
160.2,52.3599,0.00011238618,0.42368611
160.3,52.3599,0.00011269049,0.4248333
160.4,52.3599,0.00011378714,0.4289676
160.5,52.3599,0.00011243722,0.42387851
160.6,52.3599,0.00011230025,0.42336217
160.7,52.3599,0.00011229546,0.42334408
160.8,52.3599,0.00011198443,0.42217155
160.9,52.3599,0.00011232521,0.42345626
161,52.3599,0.00011296458,0.4258666
161.1,52.3599,0.00011213207,0.42272811
161.2,52.3599,0.00011213617,0.42274356
161.3,52.3599,0.00011243936,0.42388658
161.4,52.3599,0.00011296336,0.42586202
161.5,52.3599,0.00011264953,0.42467892
161.6,52.3599,0.00011286554,0.42549326
161.7,52.3599,0.00011263203,0.42461292
161.8,52.3599,0.00011203888,0.42237679
161.9,52.3599,0.00011223572,0.42311887
162,52.3599,0.00011296498,0.42586812
162.1,52.3599,0.00011381089,0.42905713
162.2,52.3599,0.00011242878,0.42384671
162.3,52.3599,0.00011276799,0.42512549
162.4,52.3599,0.00011257063,0.42438145
162.5,52.3599,0.00011245652,0.42395127
162.6,52.3599,0.00011169182,0.42106843
162.7,52.3599,0.00011355914,0.42810804
162.8,52.3599,0.00011188428,0.42179399
162.9,52.3599,0.00011230899,0.42339509
163,52.3599,0.00011251766,0.42418178
163.1,52.3599,0.00011268801,0.42482397
163.2,52.3599,0.00011311559,0.4264359
163.3,52.3599,0.00011221852,0.42305403
163.4,52.3599,0.0001124539,0.4239414
163.5,52.3599,0.00011193752,0.42199468
163.6,52.3599,0.00011165607,0.42093364
163.7,52.3599,0.00011190635,0.42187718
163.8,52.3599,0.00011182735,0.42157936
163.9,52.3599,0.00011221918,0.42305653
164,52.3599,0.00011259454,0.42447159
164.1,52.3599,0.00011232369,0.4234505
164.2,52.3599,0.00011200728,0.42225769
164.3,52.3599,0.00011189293,0.4218266
164.4,52.3599,0.00011220233,0.42299298
164.5,52.3599,0.00011211575,0.42266661
164.6,52.3599,0.00011272282,0.4249552
164.7,52.3599,0.00011189336,0.42182821
164.8,52.3599,0.00011272016,0.42494517
164.9,52.3599,0.00011249331,0.42408995
165,52.3599,0.00011204099,0.42238476
165.1,52.3599,0.00011214944,0.42279362
165.2,52.3599,0.00011228105,0.42328978
165.3,52.3599,0.00011122015,0.41929025
165.4,52.3599,0.00011179687,0.42146446
165.5,52.3599,0.00011208563,0.42255304
165.6,52.3599,0.00011249816,0.42410825
165.7,52.3599,0.00011166823,0.42097948
165.8,52.3599,0.00011269594,0.42485388
165.9,52.3599,0.00011266514,0.42473774
166,52.3599,0.00011222236,0.42306849
166.1,52.3599,0.00011198155,0.42216068
166.2,52.3599,0.00011165948,0.4209465
166.3,52.3599,0.00011144382,0.42013347
166.4,52.3599,0.00011200924,0.42226508
166.5,52.3599,0.00011345492,0.42771514
166.6,52.3599,0.00011243941,0.42388676
166.7,52.3599,0.00011207324,0.42250635
166.8,52.3599,0.00011227647,0.42327252
166.9,52.3599,0.00011145492,0.42017533
167,52.3599,0.00011129509,0.4195728
167.1,52.3599,0.00011175453,0.42130483
167.2,52.3599,0.00011300958,0.42603626
167.3,52.3599,0.00011246226,0.42397291
167.4,52.3599,0.00011135417,0.41979553
167.5,52.3599,0.00011191525,0.42191072
167.6,52.3599,0.00011187609,0.4217631
167.7,52.3599,0.00011156203,0.42057914
167.8,52.3599,0.00011193265,0.42197635
167.9,52.3599,0.00011307359,0.42627756
168,52.3599,0.00011173516,0.42123181
168.1,52.3599,0.00011179409,0.42145395
168.2,52.3599,0.00011229619,0.42334686
168.3,52.3599,0.0001112032,0.41922638
168.4,52.3599,0.00011117776,0.41913044
168.5,52.3599,0.00011158863,0.42067939
168.6,52.3599,0.00011253012,0.42422873
168.7,52.3599,0.00011354989,0.42807317
168.8,52.3599,0.00011279731,0.42523602
168.9,52.3599,0.00011169948,0.42109731
169,52.3599,0.00011148244,0.42027909
169.1,52.3599,0.00011221572,0.42304347
169.2,52.3599,0.000112328,0.42346677
169.3,52.3599,0.00011112744,0.41894076
169.4,52.3599,0.00011182988,0.42158891
169.5,52.3599,0.00011239002,0.42370058
169.6,52.3599,0.00011168498,0.42104263
169.7,52.3599,0.0001112747,0.41949592
169.8,52.3599,0.00011162676,0.42082315
169.9,52.3599,0.0001122593,0.42320776
170,52.3599,0.00011117628,0.41912488
170.1,52.3599,0.0001118395,0.42162515
170.2,52.3599,0.00011160651,0.42074682
170.3,52.3599,0.00011139161,0.41993667
170.4,52.3599,0.00011111126,0.41887977
170.5,52.3599,0.00011112621,0.41893612
170.6,52.3599,0.00011199089,0.42219589
170.7,52.3599,0.00011207682,0.42251982
170.8,52.3599,0.00011297857,0.42591934
170.9,52.3599,0.00011110023,0.41883817
171,52.3599,0.0001115138,0.42039729
171.1,52.3599,0.00011231555,0.42341983
171.2,52.3599,0.00011243119,0.42385579
171.3,52.3599,0.00011147249,0.42024157
171.4,52.3599,0.00011175787,0.42131743
171.5,52.3599,0.00011094532,0.41825419
171.6,52.3599,0.00011136392,0.41983227
171.7,52.3599,0.00011126664,0.41946555
171.8,52.3599,0.0001115044,0.42036186
171.9,52.3599,0.00011213458,0.42273757
172,52.3599,0.00011151475,0.42040089
172.1,52.3599,0.00011153265,0.42046837
172.2,52.3599,0.00011196991,0.4221168
172.3,52.3599,0.00011146967,0.42023092
172.4,52.3599,0.00011103557,0.4185944
172.5,52.3599,0.00011081597,0.41776654
172.6,52.3599,0.00011129628,0.41957727
172.7,52.3599,0.00011127189,0.41948532
172.8,52.3599,0.00011048749,0.4165282
172.9,52.3599,0.00011096529,0.41832947
173,52.3599,0.00011231231,0.4234076
173.1,52.3599,0.00011135555,0.4198007
173.2,52.3599,0.00011058819,0.41690784
173.3,52.3599,0.00011171924,0.42117178
173.4,52.3599,0.00011187684,0.42176595
173.5,52.3599,0.00011208876,0.42256486
173.6,52.3599,0.00011128478,0.41953392
173.7,52.3599,0.00011155805,0.42056411
173.8,52.3599,0.0001110323,0.41858208
173.9,52.3599,0.00011114039,0.41898957
174,52.3599,0.00011040495,0.41621702
174.1,52.3599,0.00011112824,0.41894379
174.2,52.3599,0.00011169301,0.42107291
174.3,52.3599,0.00011171889,0.42117049
174.4,52.3599,0.00011034243,0.41598135
174.5,52.3599,0.00011226581,0.42323233
174.6,52.3599,0.00011114913,0.41902252
174.7,52.3599,0.00011131733,0.41965663
174.8,52.3599,0.00011105054,0.41865086
174.9,52.3599,0.0001117149,0.42115543
175,52.3599,0.00011185648,0.42168918
175.1,52.3599,0.00011205713,0.4224456
175.2,52.3599,0.00011177532,0.42138321
175.3,52.3599,0.00011052834,0.41668221
175.4,52.3599,0.00011110978,0.41887419
175.5,52.3599,0.00011218061,0.42291111
175.6,52.3599,0.00011187262,0.42175002
175.7,52.3599,0.00011142291,0.42005466
175.8,52.3599,0.00011178569,0.42142231
175.9,52.3599,0.00011027968,0.41574478
176,52.3599,0.00011005916,0.41491342
176.1,52.3599,0.00011032351,0.41591003
176.2,52.3599,0.0001103403,0.41597332
176.3,52.3599,0.00010984261,0.41409706
176.4,52.3599,0.00011090237,0.41809228
176.5,52.3599,0.00011169103,0.42106544
176.6,52.3599,0.00011080805,0.41773668
176.7,52.3599,0.00011150698,0.4203716
176.8,52.3599,0.00011241425,0.42379191
176.9,52.3599,0.00011108691,0.41878797
177,52.3599,0.00011229306,0.42333503
177.1,52.3599,0.00011098423,0.41840088
177.2,52.3599,0.00011080896,0.41774014
177.3,52.3599,0.00011050997,0.41661297
177.4,52.3599,0.00011239342,0.42371338
177.5,52.3599,0.00011122976,0.41932649
177.6,52.3599,0.00011068755,0.41728241
177.7,52.3599,0.00011044865,0.41638176
177.8,52.3599,0.00011052424,0.41666676
177.9,52.3599,0.00011041606,0.41625893
178,52.3599,0.00011064539,0.41712349
178.1,52.3599,0.00011059198,0.41692213
178.2,52.3599,0.00011059822,0.41694565
178.3,52.3599,0.00010968799,0.41351416
178.4,52.3599,0.00011045385,0.41640137
178.5,52.3599,0.00011028235,0.41575485
178.6,52.3599,0.00011140101,0.41997211
178.7,52.3599,0.00011146723,0.42022174
178.8,52.3599,0.00011124574,0.41938675
178.9,52.3599,0.00011175446,0.42130457
179,52.3599,0.00011103134,0.41857847
179.1,52.3599,0.00011080281,0.41771691
179.2,52.3599,0.00011153288,0.42046922
179.3,52.3599,0.00011167132,0.42099115
179.4,52.3599,0.00011086794,0.41796247
179.5,52.3599,0.00011100334,0.4184729
179.6,52.3599,0.00011101441,0.41851465
179.7,52.3599,0.00011105435,0.41866521
179.8,52.3599,0.00011025449,0.41564982
179.9,52.3599,0.00010999125,0.41465741
180,52.3599,0.00011108877,0.41879496
180.1,52.3599,0.00011098497,0.41840367
180.2,52.3599,0.00011086633,0.4179564
180.3,52.3599,0.00011065109,0.41714496
180.4,52.3599,0.00011054334,0.41673875
180.5,52.3599,0.00011047933,0.41649743
180.6,52.3599,0.00011035105,0.41601384
180.7,52.3599,0.00011009152,0.41503543
180.8,52.3599,0.00010998261,0.41462483
180.9,52.3599,0.0001109789,0.41838079
181,52.3599,0.00011156594,0.42059385
181.1,52.3599,0.00011089142,0.41805098
181.2,52.3599,0.00011198099,0.42215857
181.3,52.3599,0.00011000206,0.41469816
181.4,52.3599,0.0001101491,0.4152525
181.5,52.3599,0.00011051717,0.41664008
181.6,52.3599,0.00011004195,0.41484856
181.7,52.3599,0.00011097549,0.41836794
181.8,52.3599,0.00011164337,0.42088575
181.9,52.3599,0.00011072755,0.41743321
182,52.3599,0.00011040831,0.41622971
182.1,52.3599,0.00010966279,0.41341916
182.2,52.3599,0.00011112201,0.41892028
182.3,52.3599,0.00011044345,0.41636216
182.4,52.3599,0.00011095899,0.4183057
182.5,52.3599,0.00010972032,0.41363604
182.6,52.3599,0.00011052136,0.41665588
182.7,52.3599,0.00011191554,0.42191184
182.8,52.3599,0.00011122332,0.41930221
182.9,52.3599,0.00011008794,0.41502195
183,52.3599,0.00011077115,0.41759756
183.1,52.3599,0.00011093123,0.41820107
183.2,52.3599,0.00011082433,0.41779807
183.3,52.3599,0.00011038461,0.41614034
183.4,52.3599,0.00011054471,0.41674393
183.5,52.3599,0.0001106694,0.417214
183.6,52.3599,0.00010978131,0.41386597
183.7,52.3599,0.00011171531,0.42115697
183.8,52.3599,0.00010986394,0.41417749
183.9,52.3599,0.00010973811,0.41370312
184,52.3599,0.00011035383,0.4160243
184.1,52.3599,0.00011187283,0.42175083
184.2,52.3599,0.00011087728,0.41799769
184.3,52.3599,0.00011100802,0.41849055
184.4,52.3599,0.00010951328,0.41285552
184.5,52.3599,0.00011102177,0.41854239
184.6,52.3599,0.0001100237,0.41477976
184.7,52.3599,0.00011055804,0.41679418
184.8,52.3599,0.00011042549,0.41629448
184.9,52.3599,0.00010962204,0.41326554
185,52.3599,0.00011047423,0.4164782
185.1,52.3599,0.00011048733,0.41652759
185.2,52.3599,0.00011034994,0.41600967
185.3,52.3599,0.00011020371,0.41545839
185.4,52.3599,0.0001103381,0.41596501
185.5,52.3599,0.0001108889,0.41804149
185.6,52.3599,0.00011068765,0.41728279
185.7,52.3599,0.00011001566,0.41474945
185.8,52.3599,0.00010983066,0.41405202
185.9,52.3599,0.00010989721,0.41430292
186,52.3599,0.00011023648,0.41558191
186.1,52.3599,0.00011196124,0.42208411
186.2,52.3599,0.00011097511,0.41836648
186.3,52.3599,0.00011239208,0.42370834
186.4,52.3599,0.00011018766,0.41539787
186.5,52.3599,0.00011018618,0.4153923
186.6,52.3599,0.0001094316,0.41254758
186.7,52.3599,0.00011021556,0.41550306
186.8,52.3599,0.00011092173,0.41816524
186.9,52.3599,0.00011030251,0.41583086
187,52.3599,0.00011011537,0.41512536
187.1,52.3599,0.00011009787,0.41505938
187.2,52.3599,0.0001101202,0.41514355
187.3,52.3599,0.00010941164,0.41247235
187.4,52.3599,0.00010965039,0.41337241
187.5,52.3599,0.00011009198,0.41503718
187.6,52.3599,0.00011182535,0.42157181
187.7,52.3599,0.0001102752,0.41572788
187.8,52.3599,0.0001098946,0.41429306
187.9,52.3599,0.00010970174,0.41356599
188,52.3599,0.00011067879,0.41724937
188.1,52.3599,0.00011044244,0.41635837
188.2,52.3599,0.00011049738,0.41656548
188.3,52.3599,0.00011148107,0.4202739
188.4,52.3599,0.00011021314,0.41549393
188.5,52.3599,0.00011005356,0.41489233
188.6,52.3599,0.00011001328,0.41474047
188.7,52.3599,0.00011106559,0.4187076
188.8,52.3599,0.00011077558,0.41761426
188.9,52.3599,0.00011023083,0.4155606
189,52.3599,0.00010986684,0.4141884
189.1,52.3599,0.00011034419,0.41598796
189.2,52.3599,0.00010988838,0.41426959
189.3,52.3599,0.00011023781,0.41558694
189.4,52.3599,0.00010924793,0.41185518
189.5,52.3599,0.0001106664,0.4172027
189.6,52.3599,0.00010965429,0.41338711
189.7,52.3599,0.00011218714,0.42293573
189.8,52.3599,0.00011374209,0.42879777
189.9,52.3599,0.0001157376,0.43632066
190,52.3599,0.0001152097,0.43433052
190.1,52.3599,0.0001159766,0.43722167
190.2,52.3599,0.0001162878,0.43839488
190.3,52.3599,0.00011661291,0.43962049
190.4,52.3599,0.00011588433,0.43687382
190.5,52.3599,0.00011678426,0.44026649
190.6,52.3599,0.00011592269,0.43701844
190.7,52.3599,0.00011573132,0.43629699
190.8,52.3599,0.00011608437,0.43762796
190.9,52.3599,0.0001160729,0.4375847
191,52.3599,0.00011606394,0.43755094
191.1,52.3599,0.0001162602,0.43829083
191.2,52.3599,0.00011608047,0.43761326
191.3,52.3599,0.00011628946,0.43840113
191.4,52.3599,0.00011632043,0.43851788
191.5,52.3599,0.00011617678,0.43797634
191.6,52.3599,0.00011618225,0.43799694
191.7,52.3599,0.00011626437,0.43830653
191.8,52.3599,0.00011624416,0.43823035
191.9,52.3599,0.00011626209,0.43829794
192,52.3599,0.0001162317,0.43818339
192.1,52.3599,0.00011627796,0.43835777
192.2,52.3599,0.00011635099,0.43863309
192.3,52.3599,0.00011633459,0.43857127
192.4,52.3599,0.0001164114,0.43886082
192.5,52.3599,0.00011645983,0.43904339
192.6,52.3599,0.00011650604,0.43921762
192.7,52.3599,0.0001164346,0.43894827
192.8,52.3599,0.00011633001,0.43855398
192.9,52.3599,0.00011631471,0.43849633
193,52.3599,0.00011632705,0.43854283
193.1,52.3599,0.00011629255,0.43841279
193.2,52.3599,0.00011628405,0.43838073
193.3,52.3599,0.00011627755,0.43835621
193.4,52.3599,0.00011632184,0.43852318
193.5,52.3599,0.00011638118,0.43874691
193.6,52.3599,0.00011633229,0.43856258
193.7,52.3599,0.0001163403,0.43859279
193.8,52.3599,0.00011636654,0.4386917
193.9,52.3599,0.00011622564,0.43816052
194,52.3599,0.00011629797,0.43843322
194.1,52.3599,0.00011637217,0.43871293
194.2,52.3599,0.00011629772,0.43843227
194.3,52.3599,0.00011631284,0.43848926
194.4,52.3599,0.00011633449,0.43857088
194.5,52.3599,0.0001163104,0.43848007
194.6,52.3599,0.00011629758,0.43843174
194.7,52.3599,0.00011629617,0.43842641
194.8,52.3599,0.00011628669,0.4383907
194.9,52.3599,0.00011618051,0.4379904
195,52.3599,0.00011621732,0.43812918
195.1,52.3599,0.00011624689,0.43824064
195.2,52.3599,0.00011615459,0.43789266
195.3,52.3599,0.00011612908,0.43779652
195.4,52.3599,0.00011613375,0.43781412
195.5,52.3599,0.00011620651,0.43808839
195.6,52.3599,0.00011617003,0.43795089
195.7,52.3599,0.00011615477,0.43789334
195.8,52.3599,0.00011611263,0.43773448
195.9,52.3599,0.00011612218,0.43777048
196,52.3599,0.0001161558,0.43789723
196.1,52.3599,0.00011609968,0.43768569
196.2,52.3599,0.00011604443,0.43747737
196.3,52.3599,0.00011609981,0.43768615
196.4,52.3599,0.0001161142,0.43774041
196.5,52.3599,0.00011606265,0.43754608
196.6,52.3599,0.00011598746,0.43726263
196.7,52.3599,0.00011604869,0.43749344
196.8,52.3599,0.00011602428,0.43740143
196.9,52.3599,0.00011597512,0.4372161
197,52.3599,0.00011598492,0.43725302
197.1,52.3599,0.00011603801,0.43745319
197.2,52.3599,0.00011586788,0.43681181
197.3,52.3599,0.00011588435,0.43687388
197.4,52.3599,0.00011600664,0.43733493
197.5,52.3599,0.00011587013,0.43682028
197.6,52.3599,0.00011592445,0.43702507
197.7,52.3599,0.00011594352,0.43709696
197.8,52.3599,0.0001158238,0.43664561
197.9,52.3599,0.00011586313,0.43679389
198,52.3599,0.00011593185,0.43705295
198.1,52.3599,0.00011583338,0.43668173
198.2,52.3599,0.00011580747,0.43658406
198.3,52.3599,0.00011588005,0.43685768
198.4,52.3599,0.00011582119,0.43663578
198.5,52.3599,0.00011563995,0.43595254
198.6,52.3599,0.00011576814,0.43643579
198.7,52.3599,0.00011587737,0.43684757
198.8,52.3599,0.00011559159,0.43577022
198.9,52.3599,0.00011579275,0.43652857
199,52.3599,0.00011580964,0.43659223
199.1,52.3599,0.00011546794,0.43530408
199.2,52.3599,0.00011570482,0.43619709
199.3,52.3599,0.00011575281,0.43637799
199.4,52.3599,0.00011543795,0.43519101
199.5,52.3599,0.00011564724,0.43598001
199.6,52.3599,0.00011572654,0.43627895
199.7,52.3599,0.00011551919,0.43549729
199.8,52.3599,0.00011561403,0.43585481
199.9,52.3599,0.00011567218,0.43607403
200,52.3599,0.00011552756,0.43552882
200.1,52.3599,0.00011559268,0.43577433
200.2,52.3599,0.00011568486,0.43612185
200.3,52.3599,0.00011559569,0.43578566
200.4,52.3599,0.00011539753,0.43503861
200.5,52.3599,0.00011560245,0.43581114
200.6,52.3599,0.00011559343,0.43577716
200.7,52.3599,0.00011531479,0.43472669
200.8,52.3599,0.00011554134,0.43558077
200.9,52.3599,0.00011561846,0.4358715
201,52.3599,0.00011514685,0.43409359
201.1,52.3599,0.00011551332,0.43547515
201.2,52.3599,0.00011555025,0.43561435
201.3,52.3599,0.00011510902,0.43395096
201.4,52.3599,0.00011547346,0.43532488
201.5,52.3599,0.00011551164,0.43546881
201.6,52.3599,0.00011509276,0.43388969
201.7,52.3599,0.00011540434,0.43506431
201.8,52.3599,0.00011552566,0.43552167
201.9,52.3599,0.00011511287,0.43396549
202,52.3599,0.00011550754,0.43545335
202.1,52.3599,0.00011551648,0.43548706
202.2,52.3599,0.00011498826,0.43349572
202.3,52.3599,0.00011537168,0.43494116
202.4,52.3599,0.00011541078,0.43508858
202.5,52.3599,0.00011494646,0.43333813
202.6,52.3599,0.00011528193,0.43460283
202.7,52.3599,0.00011531555,0.43472957
202.8,52.3599,0.00011504778,0.4337201
202.9,52.3599,0.00011527122,0.43456245
203,52.3599,0.00011527237,0.43456679
203.1,52.3599,0.00011511557,0.43397565
203.2,52.3599,0.00011518578,0.43424034
203.3,52.3599,0.00011506918,0.43380077
203.4,52.3599,0.00011523248,0.4344164
203.5,52.3599,0.00011523074,0.43440986
203.6,52.3599,0.00011480228,0.4327946
203.7,52.3599,0.00011517203,0.43418852
203.8,52.3599,0.00011511737,0.43398243
203.9,52.3599,0.00011486334,0.43302479
204,52.3599,0.00011509071,0.43388195
204.1,52.3599,0.00011493331,0.43328857
204.2,52.3599,0.0001151254,0.43401272
204.3,52.3599,0.00011512147,0.43399789
204.4,52.3599,0.0001147664,0.4326593
204.5,52.3599,0.00011499203,0.43350993
204.6,52.3599,0.00011490348,0.43317609
204.7,52.3599,0.00011492619,0.43326171
204.8,52.3599,0.0001150628,0.43377671
204.9,52.3599,0.00011465172,0.43222699
205,52.3599,0.00011487242,0.43305902
205.1,52.3599,0.00011484618,0.43296008
205.2,52.3599,0.00011513301,0.43404139
205.3,52.3599,0.00011495727,0.43337889
205.4,52.3599,0.00011476839,0.43266684
205.5,52.3599,0.00011482704,0.43288793
205.6,52.3599,0.00011456617,0.43190446
205.7,52.3599,0.00011482219,0.43286965
205.8,52.3599,0.00011507634,0.43382778
205.9,52.3599,0.00011482747,0.43288955
206,52.3599,0.00011504192,0.43369802
206.1,52.3599,0.00011469374,0.4323854
206.2,52.3599,0.00011464582,0.43220475
206.3,52.3599,0.00011460818,0.43206285
206.4,52.3599,0.00011476706,0.4326618
206.5,52.3599,0.00011483037,0.43290047
206.6,52.3599,0.00011458875,0.43198959
206.7,52.3599,0.0001146492,0.43221748
206.8,52.3599,0.0001145301,0.43176849
206.9,52.3599,0.00011485521,0.43299413
207,52.3599,0.00011479569,0.43276972
207.1,52.3599,0.00011468826,0.43236474
207.2,52.3599,0.00011471958,0.43248281
207.3,52.3599,0.00011453771,0.43179718
207.4,52.3599,0.00011467765,0.43232473
207.5,52.3599,0.0001145645,0.43189817
207.6,52.3599,0.00011470034,0.43241028
207.7,52.3599,0.00011455282,0.43185415
207.8,52.3599,0.00011456944,0.43191681
207.9,52.3599,0.00011475296,0.43260866
208,52.3599,0.00011430684,0.43092682
208.1,52.3599,0.00011503067,0.43365559
208.2,52.3599,0.00011428632,0.43084946
208.3,52.3599,0.00011502173,0.43362188
208.4,52.3599,0.0001149374,0.43330397
208.5,52.3599,0.00011463237,0.43215402
208.6,52.3599,0.00011477214,0.43268096
208.7,52.3599,0.00011418937,0.43048397
208.8,52.3599,0.00011463534,0.43216523
208.9,52.3599,0.00011439264,0.43125027
209,52.3599,0.00011534458,0.43483901
209.1,52.3599,0.00011494366,0.43332758
209.2,52.3599,0.00011438983,0.4312397
209.3,52.3599,0.00011439275,0.43125069
209.4,52.3599,0.00011448763,0.43160837
209.5,52.3599,0.00011486942,0.43304771
209.6,52.3599,0.00011445019,0.43146723
209.7,52.3599,0.00011445638,0.43149056
209.8,52.3599,0.00011437529,0.43118489
209.9,52.3599,0.00011438167,0.43120891
210,52.3599,0.00011405642,0.42998275
210.1,52.3599,0.00011432563,0.43099766
210.2,52.3599,0.00011438069,0.43120524
210.3,52.3599,0.00011434381,0.43106621
210.4,52.3599,0.00011430936,0.43093632
210.5,52.3599,0.00011432139,0.43098169
210.6,52.3599,0.00011421344,0.43057469
210.7,52.3599,0.00011444506,0.43144792
210.8,52.3599,0.00011415856,0.43036783
210.9,52.3599,0.00011425452,0.43072958
211,52.3599,0.00011423499,0.43065595
211.1,52.3599,0.0001144299,0.43139076
211.2,52.3599,0.00011505129,0.43373331
211.3,52.3599,0.00011427504,0.43080694
211.4,52.3599,0.00011432355,0.43098982
211.5,52.3599,0.00011400688,0.429796
211.6,52.3599,0.00011463154,0.43215093
211.7,52.3599,0.00011414328,0.43031022
211.8,52.3599,0.00011422181,0.43060627
211.9,52.3599,0.00011442371,0.43136741
212,52.3599,0.00011439294,0.43125142
212.1,52.3599,0.0001141928,0.43049692
212.2,52.3599,0.00011381198,0.42906124
212.3,52.3599,0.00011370028,0.42864013
212.4,52.3599,0.0001141516,0.43034157
212.5,52.3599,0.00011387402,0.42929512
212.6,52.3599,0.00011412404,0.43023768
212.7,52.3599,0.00011389378,0.4293696
212.8,52.3599,0.00011410559,0.43016813
212.9,52.3599,0.00011442613,0.43137652
213,52.3599,0.00011398086,0.4296979
213.1,52.3599,0.00011498242,0.43347371
213.2,52.3599,0.00011408446,0.43008848
213.3,52.3599,0.00011376306,0.42887681
213.4,52.3599,0.00011419526,0.43050618
213.5,52.3599,0.0001138175,0.42908207
213.6,52.3599,0.00011429012,0.43086378
213.7,52.3599,0.00011361889,0.4283333
213.8,52.3599,0.00011269331,0.42484394
213.9,52.3599,0.0001108599,0.41793214
214,52.3599,0.00011224432,0.4231513
214.1,52.3599,0.00011211037,0.42264633
214.2,52.3599,0.0001135753,0.42816897
214.3,52.3599,0.00011349955,0.42788339
214.4,52.3599,0.00011271261,0.4249167
214.5,52.3599,0.00011267882,0.42478931
214.6,52.3599,0.00011244877,0.42392206
214.7,52.3599,0.00011197759,0.42214576
214.8,52.3599,0.00011225883,0.42320601
214.9,52.3599,0.000112549,0.42429992
215,52.3599,0.00011298906,0.42595891
215.1,52.3599,0.000112375,0.42364393
215.2,52.3599,0.00011216139,0.42283868
215.3,52.3599,0.00011256109,0.4243455
215.4,52.3599,0.00011184822,0.42165805
215.5,52.3599,0.000112692,0.42483902
215.6,52.3599,0.00011343317,0.42763317
215.7,52.3599,0.00011346475,0.4277522
215.8,52.3599,0.00011220907,0.4230184
215.9,52.3599,0.0001119141,0.42190639
216,52.3599,0.00011211756,0.42267341
216.1,52.3599,0.00011139756,0.41995909
216.2,52.3599,0.00011247958,0.42403819
216.3,52.3599,0.00011316923,0.42663812
216.4,52.3599,0.00011235622,0.42357314
216.5,52.3599,0.00011224858,0.42316735
216.6,52.3599,0.00011263271,0.42461549
216.7,52.3599,0.00011244653,0.42391362
216.8,52.3599,0.00011200221,0.42223857
216.9,52.3599,0.00011268178,0.42480047
217,52.3599,0.000113064,0.42624144
217.1,52.3599,0.000113748,0.42882005
217.2,52.3599,0.00011182606,0.4215745
217.3,52.3599,0.0001117037,0.42111319
217.4,52.3599,0.00011244336,0.42390165
217.5,52.3599,0.00011207091,0.42249754
217.6,52.3599,0.00011213501,0.42273921
217.7,52.3599,0.00011225637,0.42319671
217.8,52.3599,0.00011271543,0.42492735
217.9,52.3599,0.00011273732,0.42500987
218,52.3599,0.00011218094,0.42291236
218.1,52.3599,0.00011201511,0.4222872
218.2,52.3599,0.00011272287,0.42495539
218.3,52.3599,0.00011249888,0.42411097
218.4,52.3599,0.00011197161,0.42212322
218.5,52.3599,0.00011166318,0.42096045
218.6,52.3599,0.00011163007,0.42083563
218.7,52.3599,0.00011142798,0.42007376
218.8,52.3599,0.00011176328,0.42133783
218.9,52.3599,0.00011218238,0.42291779
219,52.3599,0.00011260138,0.42449739
219.1,52.3599,0.00011288613,0.42557086
219.2,52.3599,0.00011227644,0.42327238
219.3,52.3599,0.00011136342,0.4198304
219.4,52.3599,0.00011181358,0.42152745
219.5,52.3599,0.0001119515,0.42204738
219.6,52.3599,0.00011216476,0.42285137
219.7,52.3599,0.00011234153,0.42351776
219.8,52.3599,0.00011211465,0.42266246
219.9,52.3599,0.000112575,0.42439792
220,52.3599,0.00011225561,0.42319387
220.1,52.3599,0.00011183799,0.42161946
220.2,52.3599,0.00011153848,0.42049033
220.3,52.3599,0.00011204823,0.42241204
220.4,52.3599,0.00011156928,0.42060647
220.5,52.3599,0.00011214853,0.42279019
220.6,52.3599,0.00011146043,0.42019611
220.7,52.3599,0.00011288658,0.42557256
220.8,52.3599,0.00011259049,0.42445632
220.9,52.3599,0.00011205837,0.42245028
221,52.3599,0.00011327773,0.42704717
221.1,52.3599,0.00011256936,0.42437669
221.2,52.3599,0.00011166888,0.42098193
221.3,52.3599,0.00011248004,0.42403996
221.4,52.3599,0.00011217211,0.42287908
221.5,52.3599,0.00011198582,0.42217677
221.6,52.3599,0.00011143694,0.42010754
221.7,52.3599,0.00011153882,0.42049162
221.8,52.3599,0.00011177978,0.42140002
221.9,52.3599,0.00011189395,0.42183045
222,52.3599,0.00011176646,0.42134979
222.1,52.3599,0.00011196626,0.42210305
222.2,52.3599,0.00011264247,0.4246523
222.3,52.3599,0.00011205336,0.4224314
222.4,52.3599,0.00011191948,0.42192667
222.5,52.3599,0.00011311476,0.42643277
222.6,52.3599,0.00011193509,0.42198553
222.7,52.3599,0.0001124007,0.42374085
222.8,52.3599,0.00011129454,0.41957071
222.9,52.3599,0.00011171175,0.42114357
223,52.3599,0.00011210578,0.42262903
223.1,52.3599,0.00011179264,0.42144851
223.2,52.3599,0.00011142489,0.4200621
223.3,52.3599,0.00011133221,0.41971274
223.4,52.3599,0.00011215984,0.42283281
223.5,52.3599,0.00011268611,0.42481679
223.6,52.3599,0.0001113804,0.41989438
223.7,52.3599,0.0001117817,0.42140725
223.8,52.3599,0.00011168822,0.42105486
223.9,52.3599,0.00011294047,0.42577574
224,52.3599,0.00011227949,0.4232839
224.1,52.3599,0.00011136478,0.4198355
224.2,52.3599,0.00011199957,0.42222859
224.3,52.3599,0.00011122774,0.41931887
224.4,52.3599,0.00011120153,0.41922009
224.5,52.3599,0.00011213442,0.42273699
224.6,52.3599,0.0001124407,0.42389162
224.7,52.3599,0.00011106291,0.41869749
224.8,52.3599,0.000111525,0.42043952
224.9,52.3599,0.00011134546,0.41976268
225,52.3599,0.00011141037,0.42000738
225.1,52.3599,0.00011095085,0.41827504
225.2,52.3599,0.00011193697,0.42199261
225.3,52.3599,0.00011199371,0.42220651
225.4,52.3599,0.00011154104,0.4205
225.5,52.3599,0.00011106122,0.41869112
225.6,52.3599,0.00011153268,0.42046847
225.7,52.3599,0.00011109192,0.41880684
225.8,52.3599,0.0001109728,0.41835776
225.9,52.3599,0.00011165231,0.42091946
226,52.3599,0.0001115207,0.42042332
226.1,52.3599,0.0001107031,0.41734104
226.2,52.3599,0.00011152186,0.42042769
226.3,52.3599,0.00011196071,0.42208212
226.4,52.3599,0.00011178688,0.42142681
226.5,52.3599,0.00011173444,0.42122911
226.6,52.3599,0.00011013023,0.41518136
226.7,52.3599,0.00011224457,0.42315224
226.8,52.3599,0.00011269005,0.42483167
226.9,52.3599,0.0001114754,0.42025253
227,52.3599,0.00011096052,0.41831148
227.1,52.3599,0.00011198991,0.4221922
227.2,52.3599,0.00011120521,0.41923394
227.3,52.3599,0.00011079744,0.41769667
227.4,52.3599,0.00011114781,0.41901755
227.5,52.3599,0.00011244415,0.42390465
227.6,52.3599,0.00011133829,0.41973564
227.7,52.3599,0.00011079781,0.41769809
227.8,52.3599,0.00011117675,0.41912667
227.9,52.3599,0.00011097082,0.41835031
228,52.3599,0.00011157407,0.42062453
228.1,52.3599,0.00011149861,0.42034003
228.2,52.3599,0.00011297918,0.42592165
228.3,52.3599,0.00011148668,0.42029506
228.4,52.3599,0.00011101592,0.41852035
228.5,52.3599,0.00011070753,0.41735773
228.6,52.3599,0.00011116795,0.4190935
228.7,52.3599,0.00011036142,0.41605294
228.8,52.3599,0.00011141522,0.42002566
228.9,52.3599,0.00011113593,0.41897277
229,52.3599,0.00011113581,0.41897233
229.1,52.3599,0.00011170401,0.42111438
229.2,52.3599,0.00011113695,0.4189766
229.3,52.3599,0.00011067903,0.4172503
229.4,52.3599,0.00011079085,0.41767183
229.5,52.3599,0.00011124172,0.4193716
229.6,52.3599,0.00011224992,0.42317241
229.7,52.3599,0.00011114948,0.41902386
229.8,52.3599,0.00011267829,0.42478732
229.9,52.3599,0.00011173484,0.42123059
230,52.3599,0.00011095417,0.41828754
230.1,52.3599,0.00011193438,0.42198285
230.2,52.3599,0.00011143582,0.42010334
230.3,52.3599,0.00011091127,0.41812582
230.4,52.3599,0.00011089868,0.41807834
230.5,52.3599,0.00011131866,0.41966164
230.6,52.3599,0.00011071794,0.41739698
230.7,52.3599,0.00011091325,0.41813328
230.8,52.3599,0.00011075458,0.41753512
230.9,52.3599,0.00011306561,0.42624749
231,52.3599,0.00011113422,0.41896631
231.1,52.3599,0.00011241956,0.42381193
231.2,52.3599,0.00011036379,0.41606185
231.3,52.3599,0.00011056344,0.41681453
231.4,52.3599,0.00011080783,0.41773587
231.5,52.3599,0.00011040525,0.41621817
231.6,52.3599,0.00011086091,0.41793596
231.7,52.3599,0.00011073147,0.41744799
231.8,52.3599,0.00011092094,0.41816228
231.9,52.3599,0.00011160128,0.42072709
232,52.3599,0.00011133475,0.41972231
232.1,52.3599,0.00011181576,0.42153567
232.2,52.3599,0.00011196791,0.42210927
232.3,52.3599,0.00011214262,0.4227679
232.4,52.3599,0.00011113341,0.41896325
232.5,52.3599,0.00011087484,0.41798847
232.6,52.3599,0.00011003874,0.41483645
232.7,52.3599,0.00011044342,0.41636205
232.8,52.3599,0.00011033206,0.41594226
232.9,52.3599,0.00011234771,0.42354106
233,52.3599,0.00011060411,0.41696783
233.1,52.3599,0.00011122513,0.41930903
233.2,52.3599,0.00011129722,0.41958082
233.3,52.3599,0.0001101606,0.41529585
233.4,52.3599,0.00011057823,0.41687027
233.5,52.3599,0.00011044835,0.41638064
233.6,52.3599,0.00011109187,0.41880668
233.7,52.3599,0.00011075665,0.41754293
233.8,52.3599,0.00011179339,0.42145134
233.9,52.3599,0.00011021487,0.41550045
234,52.3599,0.00011168229,0.4210325
234.1,52.3599,0.00011071012,0.41736749
234.2,52.3599,0.00010979854,0.41393093
234.3,52.3599,0.0001108748,0.41798832
234.4,52.3599,0.00011046786,0.41645419
234.5,52.3599,0.00011177968,0.42139965
234.6,52.3599,0.00011001628,0.41475179
234.7,52.3599,0.00011049156,0.41654356
234.8,52.3599,0.00011097948,0.41838297
234.9,52.3599,0.00011337746,0.42742315
235,52.3599,0.00011446323,0.43151641
235.1,52.3599,0.00011552671,0.43552564
235.2,52.3599,0.00011675018,0.44013801
235.3,52.3599,0.00011634485,0.43860993
235.4,52.3599,0.00011603858,0.43745534
235.5,52.3599,0.00011612226,0.43777079
235.6,52.3599,0.00011787663,0.44438462
235.7,52.3599,0.00011690551,0.44072356
235.8,52.3599,0.00011667859,0.43986812
235.9,52.3599,0.00011681519,0.44038307
236,52.3599,0.00011672754,0.44005266
236.1,52.3599,0.00011698171,0.44101086
236.2,52.3599,0.00011688338,0.44064016
236.3,52.3599,0.00011682637,0.44042524
236.4,52.3599,0.0001170823,0.44139006
236.5,52.3599,0.00011704667,0.44125573
236.6,52.3599,0.00011693641,0.44084005
236.7,52.3599,0.00011695029,0.44089239
236.8,52.3599,0.00011713514,0.44158925
236.9,52.3599,0.00011697693,0.44099282
237,52.3599,0.00011695072,0.44089402
237.1,52.3599,0.00011703969,0.44122941
237.2,52.3599,0.00011715912,0.44167967
237.3,52.3599,0.00011713284,0.4415806
237.4,52.3599,0.00011713046,0.44157163
237.5,52.3599,0.00011721617,0.44189474
237.6,52.3599,0.0001171396,0.44160607
237.7,52.3599,0.00011715038,0.44164673
237.8,52.3599,0.00011718386,0.44177293
237.9,52.3599,0.00011711377,0.44150872
238,52.3599,0.0001170768,0.44136934
238.1,52.3599,0.00011711313,0.44150629
238.2,52.3599,0.00011713183,0.44157677
238.3,52.3599,0.00011717159,0.44172667
238.4,52.3599,0.00011716567,0.44170436
238.5,52.3599,0.00011718645,0.44178268
238.6,52.3599,0.0001171394,0.44160531
238.7,52.3599,0.00011704464,0.4412481
238.8,52.3599,0.00011707136,0.44134883
238.9,52.3599,0.00011712271,0.44154241
239,52.3599,0.00011711867,0.44152717
239.1,52.3599,0.00011704699,0.44125695
239.2,52.3599,0.00011711329,0.44150689
239.3,52.3599,0.00011706499,0.44132479
239.4,52.3599,0.0001170336,0.44120647
239.5,52.3599,0.00011704132,0.44123557
239.6,52.3599,0.0001170472,0.44125775
239.7,52.3599,0.00011703141,0.44119821
239.8,52.3599,0.00011700963,0.44111608
239.9,52.3599,0.0001170293,0.44119024
240,52.3599,0.00011702444,0.44117195
240.1,52.3599,0.00011698452,0.44102146
240.2,52.3599,0.00011697111,0.44097087
240.3,52.3599,0.00011699798,0.44107219
240.4,52.3599,0.00011701247,0.44112679
240.5,52.3599,0.00011691978,0.44077737
240.6,52.3599,0.00011691018,0.44074117
240.7,52.3599,0.00011697547,0.44098731
240.8,52.3599,0.00011694272,0.44086385
240.9,52.3599,0.00011697847,0.44099863
241,52.3599,0.00011693375,0.44083006
241.1,52.3599,0.00011687964,0.44062605
241.2,52.3599,0.00011693344,0.44082888
241.3,52.3599,0.00011692633,0.44080205
241.4,52.3599,0.00011690372,0.44071683
241.5,52.3599,0.00011684343,0.44048955
241.6,52.3599,0.00011688474,0.44064529
241.7,52.3599,0.00011681703,0.44039002
241.8,52.3599,0.00011684196,0.440484
241.9,52.3599,0.00011675904,0.44017138
242,52.3599,0.00011677638,0.44023675
242.1,52.3599,0.00011681894,0.44039722
242.2,52.3599,0.00011678226,0.44025894
242.3,52.3599,0.00011674355,0.44011301
242.4,52.3599,0.00011672688,0.44005016
242.5,52.3599,0.00011671625,0.44001009
242.6,52.3599,0.00011675556,0.44015826
242.7,52.3599,0.00011671121,0.4399911
242.8,52.3599,0.00011676258,0.44018475
242.9,52.3599,0.00011676399,0.44019006
243,52.3599,0.00011668727,0.43990083
243.1,52.3599,0.00011664551,0.4397434
243.2,52.3599,0.00011665348,0.43977345
243.3,52.3599,0.00011656828,0.43945226
243.4,52.3599,0.00011655649,0.43940779
243.5,52.3599,0.0001166412,0.43972717
243.6,52.3599,0.00011659038,0.43953557
243.7,52.3599,0.00011655237,0.43939228
243.8,52.3599,0.00011653376,0.4393221
243.9,52.3599,0.00011653747,0.43933608
244,52.3599,0.00011658315,0.43950831
244.1,52.3599,0.00011652358,0.43928375
244.2,52.3599,0.00011651387,0.43924712
244.3,52.3599,0.00011645628,0.43903001
244.4,52.3599,0.00011643682,0.43895667
244.5,52.3599,0.00011643619,0.4389543
244.6,52.3599,0.00011636358,0.43868055
244.7,52.3599,0.00011635715,0.43865629
244.8,52.3599,0.00011642899,0.43892716
244.9,52.3599,0.00011638188,0.43874954
245,52.3599,0.00011636838,0.43869863
245.1,52.3599,0.00011635891,0.43866294
245.2,52.3599,0.00011636299,0.43867832
245.3,52.3599,0.0001163769,0.43873076
245.4,52.3599,0.00011628529,0.43838539
245.5,52.3599,0.00011627509,0.43834693
245.6,52.3599,0.00011624712,0.43824151
245.7,52.3599,0.00011620147,0.43806941
245.8,52.3599,0.00011622107,0.43814331
245.9,52.3599,0.00011614119,0.43784217
246,52.3599,0.00011615592,0.43789769
246.1,52.3599,0.00011620627,0.43808751
246.2,52.3599,0.00011614615,0.43786085
246.3,52.3599,0.00011617773,0.43797993
246.4,52.3599,0.00011614616,0.4378609
246.5,52.3599,0.00011614452,0.4378547
246.6,52.3599,0.00011603433,0.43743932
246.7,52.3599,0.00011606652,0.43756066
246.8,52.3599,0.00011608671,0.43763676
246.9,52.3599,0.00011599806,0.43730256
247,52.3599,0.00011601307,0.43735914
247.1,52.3599,0.00011602894,0.43741898
247.2,52.3599,0.00011589915,0.43692968
247.3,52.3599,0.00011600197,0.43731731
247.4,52.3599,0.00011599184,0.43727913
247.5,52.3599,0.00011598271,0.43724471
247.6,52.3599,0.0001159905,0.43727406
247.7,52.3599,0.00011586087,0.43678536
247.8,52.3599,0.00011582021,0.43663209
247.9,52.3599,0.00011587119,0.43682428
248,52.3599,0.00011581509,0.43661277
248.1,52.3599,0.0001158076,0.43658457
248.2,52.3599,0.00011580391,0.43657066
248.3,52.3599,0.00011573677,0.43631755
248.4,52.3599,0.00011573142,0.43629735
248.5,52.3599,0.00011581061,0.43659591
248.6,52.3599,0.00011572663,0.43627929
248.7,52.3599,0.00011577938,0.43647815
248.8,52.3599,0.00011575976,0.43640421
248.9,52.3599,0.00011576451,0.43642212
249,52.3599,0.00011563068,0.43591758
249.1,52.3599,0.00011565192,0.43599766
249.2,52.3599,0.00011560974,0.43583865
249.3,52.3599,0.00011555114,0.43561773
249.4,52.3599,0.00011555176,0.43562007
249.5,52.3599,0.00011548008,0.43534983
249.6,52.3599,0.00011557948,0.43572456
249.7,52.3599,0.00011551156,0.43546852
249.8,52.3599,0.00011555386,0.43562797
249.9,52.3599,0.00011550875,0.43545793
250,52.3599,0.0001156333,0.43592744
250.1,52.3599,0.00011545227,0.43524499
250.2,52.3599,0.00011538852,0.43500467
250.3,52.3599,0.00011542242,0.43513246
250.4,52.3599,0.00011530115,0.43467528
250.5,52.3599,0.00011544766,0.43522761
250.6,52.3599,0.00011536681,0.4349228
250.7,52.3599,0.00011518892,0.43425218
250.8,52.3599,0.00011533892,0.43481768
250.9,52.3599,0.0001155223,0.43550901
251,52.3599,0.00011530432,0.43468723
251.1,52.3599,0.00011544392,0.43521352
251.2,52.3599,0.00011540124,0.43505262
251.3,52.3599,0.00011497771,0.43345595
251.4,52.3599,0.00011514209,0.43407564
251.5,52.3599,0.0001152605,0.43452203
251.6,52.3599,0.00011490418,0.43317874
251.7,52.3599,0.00011521778,0.43436098
251.8,52.3599,0.00011540543,0.43506839
251.9,52.3599,0.00011518696,0.4342448
252,52.3599,0.00011521084,0.43433483
252.1,52.3599,0.00011517121,0.43418542
252.2,52.3599,0.00011474782,0.43258929
252.3,52.3599,0.00011511413,0.43397024
252.4,52.3599,0.00011527138,0.43456305
252.5,52.3599,0.00011488818,0.43311843
252.6,52.3599,0.00011525455,0.43449962
252.7,52.3599,0.00011503632,0.43367688
252.8,52.3599,0.00011533218,0.43479225
252.9,52.3599,0.00011503936,0.43368837
253,52.3599,0.00011457712,0.43194575
253.1,52.3599,0.00011505135,0.43373355
253.2,52.3599,0.00011491541,0.43322108
253.3,52.3599,0.00011489415,0.43314091
253.4,52.3599,0.00011520653,0.43431856
253.5,52.3599,0.00011491471,0.43321843
253.6,52.3599,0.00011473739,0.43254996
253.7,52.3599,0.000114996,0.43352488
253.8,52.3599,0.00011473052,0.43252407
253.9,52.3599,0.00011489809,0.43315579
254,52.3599,0.0001148591,0.43300878
254.1,52.3599,0.00011479253,0.43275784
254.2,52.3599,0.00011521194,0.43433895
254.3,52.3599,0.00011492089,0.43324173
254.4,52.3599,0.00011488673,0.43311297
254.5,52.3599,0.00011441933,0.43135089
254.6,52.3599,0.00011467874,0.43232885
254.7,52.3599,0.00011455158,0.43184948
254.8,52.3599,0.00011473092,0.43252557
254.9,52.3599,0.00011460644,0.43205628
255,52.3599,0.00011481056,0.43282578
255.1,52.3599,0.00011465611,0.43224353
255.2,52.3599,0.00011446652,0.43152881
255.3,52.3599,0.0001146633,0.43227064
255.4,52.3599,0.00011441604,0.4313385
255.5,52.3599,0.00011453501,0.43178702
255.6,52.3599,0.00011508837,0.43387314
255.7,52.3599,0.00011487536,0.43307011
255.8,52.3599,0.00011451887,0.43172615
255.9,52.3599,0.00011433824,0.43104521
256,52.3599,0.00011450595,0.43167745
256.1,52.3599,0.00011439484,0.43125858
256.2,52.3599,0.00011436452,0.43114427
256.3,52.3599,0.00011466271,0.43226843
256.4,52.3599,0.00011422246,0.43060873
256.5,52.3599,0.00011427808,0.43081841
256.6,52.3599,0.00011454706,0.43183243
256.7,52.3599,0.00011454441,0.43182243
256.8,52.3599,0.00011430824,0.43093212
256.9,52.3599,0.00011437972,0.43120157
257,52.3599,0.0001144481,0.43145935
257.1,52.3599,0.00011442959,0.43138957
257.2,52.3599,0.00011464478,0.43220081
257.3,52.3599,0.00011408037,0.43007305
257.4,52.3599,0.00011426341,0.43076308
257.5,52.3599,0.00011455813,0.43187416
257.6,52.3599,0.00011405658,0.42998335
257.7,52.3599,0.00011458216,0.43196476
257.8,52.3599,0.00011438293,0.43121368
257.9,52.3599,0.00011432049,0.43097829
258,52.3599,0.00011416421,0.43038912
258.1,52.3599,0.00011419869,0.43051911
258.2,52.3599,0.0001139273,0.42949599
258.3,52.3599,0.00011401139,0.42981301
258.4,52.3599,0.00011414202,0.43030546
258.5,52.3599,0.0001144501,0.43146692
258.6,52.3599,0.00011440074,0.4312808
258.7,52.3599,0.00011423521,0.4306568
258.8,52.3599,0.00011432229,0.43098506
258.9,52.3599,0.00011428826,0.43085679
259,52.3599,0.00011413283,0.43027083
259.1,52.3599,0.00011432693,0.43100254
259.2,52.3599,0.00011493472,0.43329387
259.3,52.3599,0.0001144614,0.43150948
259.4,52.3599,0.00011443229,0.43139977
259.5,52.3599,0.00011455786,0.43187315
259.6,52.3599,0.00011439017,0.43124095
259.7,52.3599,0.00011389782,0.42938486
259.8,52.3599,0.00011401598,0.42983031
259.9,52.3599,0.00011367856,0.42855827
260,52.3599,0.00011405781,0.42998799
260.1,52.3599,0.00011489025,0.43312624
260.2,52.3599,0.00011409089,0.43011271
260.3,52.3599,0.00011389018,0.42935604
260.4,52.3599,0.00011421762,0.43059046
260.5,52.3599,0.00011373438,0.4287687
260.6,52.3599,0.0001142612,0.43075476
260.7,52.3599,0.00011330919,0.42716578
260.8,52.3599,0.00011194696,0.42203028
260.9,52.3599,0.00011221407,0.42303725
261,52.3599,0.00011231213,0.42340693
261.1,52.3599,0.00011225245,0.42318196
261.2,52.3599,0.0001125675,0.42436967
261.3,52.3599,0.00011236708,0.42361411
261.4,52.3599,0.00011237422,0.42364102
261.5,52.3599,0.00011237568,0.42364652
261.6,52.3599,0.00011289071,0.42558812
261.7,52.3599,0.00011236516,0.42360687
261.8,52.3599,0.00011268212,0.42480178
261.9,52.3599,0.00011246843,0.42399616
262,52.3599,0.00011241912,0.42381027
262.1,52.3599,0.00011199357,0.422206
262.2,52.3599,0.00011210021,0.42260802
262.3,52.3599,0.00011224904,0.42316908
262.4,52.3599,0.00011315173,0.42657215
262.5,52.3599,0.00011262149,0.42457321
262.6,52.3599,0.00011231485,0.42341719
262.7,52.3599,0.00011261116,0.42453424
262.8,52.3599,0.00011242013,0.4238141
262.9,52.3599,0.00011218128,0.42291365
263,52.3599,0.00011219257,0.4229562
263.1,52.3599,0.00011234692,0.42353809
263.2,52.3599,0.00011177671,0.42138845
263.3,52.3599,0.00011230375,0.42337536
263.4,52.3599,0.00011322172,0.42683602
263.5,52.3599,0.00011202463,0.42232308
263.6,52.3599,0.00011197792,0.422147
263.7,52.3599,0.00011237263,0.423635
263.8,52.3599,0.00011230567,0.42338258
263.9,52.3599,0.00011195113,0.42204599
264,52.3599,0.0001131524,0.42657467
264.1,52.3599,0.00011242616,0.42383682
264.2,52.3599,0.00011185336,0.4216774
264.3,52.3599,0.00011233036,0.42347566
264.4,52.3599,0.00011214478,0.42277603
264.5,52.3599,0.00011231562,0.42342011
264.6,52.3599,0.00011238973,0.42369949
264.7,52.3599,0.00011331366,0.42718262
264.8,52.3599,0.0001126576,0.42470934
264.9,52.3599,0.0001119364,0.42199046
265,52.3599,0.00011229674,0.42334892
265.1,52.3599,0.00011255205,0.42431141
265.2,52.3599,0.00011267277,0.42476652
265.3,52.3599,0.00011245435,0.42394308
265.4,52.3599,0.00011181888,0.42154741
265.5,52.3599,0.00011182157,0.42155757
265.6,52.3599,0.00011240585,0.42376025
265.7,52.3599,0.000112164,0.42284851
265.8,52.3599,0.00011154862,0.42052857
265.9,52.3599,0.00011194353,0.42201735
266,52.3599,0.00011192449,0.42194555
266.1,52.3599,0.00011202398,0.42232064
266.2,52.3599,0.00011241006,0.42377611
266.3,52.3599,0.00011196774,0.4221086
266.4,52.3599,0.00011286268,0.42548248
266.5,52.3599,0.00011237085,0.42362832
266.6,52.3599,0.00011262396,0.42458252
266.7,52.3599,0.00011237714,0.42365202
266.8,52.3599,0.00011197793,0.42214705
266.9,52.3599,0.00011163098,0.42083907
267,52.3599,0.00011263106,0.42460929
267.1,52.3599,0.0001121066,0.42263212
267.2,52.3599,0.00011223166,0.42310358
267.3,52.3599,0.00011275583,0.42507963
267.4,52.3599,0.00011199263,0.42220246
267.5,52.3599,0.00011097523,0.41836692
267.6,52.3599,0.0001114736,0.42024575
267.7,52.3599,0.00011104407,0.41862645
267.8,52.3599,0.00011156547,0.42059211
267.9,52.3599,0.0001116049,0.42074076
268,52.3599,0.00011146004,0.42019462
268.1,52.3599,0.00011298789,0.4259545
268.2,52.3599,0.00011198968,0.42219132
268.3,52.3599,0.00011128173,0.41952241
268.4,52.3599,0.00011261521,0.42454951
268.5,52.3599,0.00011142092,0.42004717
268.6,52.3599,0.00011172857,0.42120696
268.7,52.3599,0.00011100145,0.4184658
268.8,52.3599,0.00011104378,0.41862537
268.9,52.3599,0.00011203183,0.42235023
269,52.3599,0.0001124496,0.4239252
269.1,52.3599,0.00011169356,0.42107499
269.2,52.3599,0.00011155358,0.42054726
269.3,52.3599,0.0001118385,0.42162139
269.4,52.3599,0.00011259902,0.42448851
269.5,52.3599,0.00011218975,0.42294556
269.6,52.3599,0.00011253052,0.42423025
269.7,52.3599,0.00011160222,0.42073062
269.8,52.3599,0.00011173182,0.42121922
269.9,52.3599,0.00011201008,0.42226823
270,52.3599,0.00011146345,0.4202075
270.1,52.3599,0.00011238357,0.42367626
270.2,52.3599,0.00011140248,0.41997765
270.3,52.3599,0.00011211998,0.42268254
270.4,52.3599,0.00011225209,0.42318059
270.5,52.3599,0.00011203662,0.42236827
270.6,52.3599,0.00011106949,0.41872229
270.7,52.3599,0.00011127387,0.41949278
270.8,52.3599,0.00011194944,0.42203962
270.9,52.3599,0.00011228876,0.42331883
271,52.3599,0.00011155754,0.4205622
271.1,52.3599,0.00011143189,0.42008852
271.2,52.3599,0.0001112794,0.41951362
271.3,52.3599,0.00011120728,0.41924176
271.4,52.3599,0.0001121732,0.42288319
271.5,52.3599,0.00011082882,0.417815
271.6,52.3599,0.00011163496,0.42085405
271.7,52.3599,0.00011206911,0.42249077
271.8,52.3599,0.00011165857,0.42094306
271.9,52.3599,0.00011078025,0.41763187
272,52.3599,0.00011136708,0.41984418
272.1,52.3599,0.00011124771,0.41939416
272.2,52.3599,0.00011174927,0.42128499
272.3,52.3599,0.00011139121,0.41993517
272.4,52.3599,0.00011318681,0.42670439
272.5,52.3599,0.00011245435,0.42394309
272.6,52.3599,0.00011224695,0.42316122
272.7,52.3599,0.00011115177,0.41903247
272.8,52.3599,0.0001113357,0.41972588
272.9,52.3599,0.00011242558,0.42383464
273,52.3599,0.00011119064,0.41917903
273.1,52.3599,0.00011091414,0.41813664
273.2,52.3599,0.00011104959,0.41864725
273.3,52.3599,0.00011102818,0.41856655
273.4,52.3599,0.00011124287,0.41937591
273.5,52.3599,0.00011076776,0.41758479
273.6,52.3599,0.00011272113,0.42494883
273.7,52.3599,0.00011167352,0.42099945
273.8,52.3599,0.00011138233,0.41990167
273.9,52.3599,0.00011134913,0.41977651
274,52.3599,0.00011006953,0.41495253
274.1,52.3599,0.00011197148,0.42212272
274.2,52.3599,0.00011117075,0.41910404
274.3,52.3599,0.00011149572,0.42032913
274.4,52.3599,0.00011093795,0.41822639
274.5,52.3599,0.00011126833,0.41947191
274.6,52.3599,0.00011071294,0.41737814
274.7,52.3599,0.00011065143,0.41714625
274.8,52.3599,0.00011114809,0.41901859
274.9,52.3599,0.00011192141,0.42193397
275,52.3599,0.0001110771,0.41875098
275.1,52.3599,0.00011169082,0.42106465
275.2,52.3599,0.00011180887,0.42150969
275.3,52.3599,0.00011126986,0.41947766
275.4,52.3599,0.00011096142,0.41831488
275.5,52.3599,0.00011124409,0.41938053
275.6,52.3599,0.00011064098,0.41710686
275.7,52.3599,0.00011251607,0.42417577
275.8,52.3599,0.00011083736,0.41784717
275.9,52.3599,0.0001105882,0.41690787
276,52.3599,0.00011057726,0.41686664
276.1,52.3599,0.0001114595,0.4201926
276.2,52.3599,0.00011139902,0.41996458
276.3,52.3599,0.00011081418,0.41775979
276.4,52.3599,0.00011153528,0.42047827
276.5,52.3599,0.00011179465,0.42145609
276.6,52.3599,0.00011092921,0.41819345
276.7,52.3599,0.00011130565,0.41961258
276.8,52.3599,0.00011130837,0.41962286
276.9,52.3599,0.00011216861,0.42286589
277,52.3599,0.0001109949,0.4184411
277.1,52.3599,0.00011122743,0.4193177
277.2,52.3599,0.00011195645,0.42206607
277.3,52.3599,0.0001117602,0.42132622
277.4,52.3599,0.00011112518,0.41893224
277.5,52.3599,0.00011107431,0.41874044
277.6,52.3599,0.00011129325,0.41956586
277.7,52.3599,0.00011096568,0.41833092
277.8,52.3599,0.00011035982,0.41604688
277.9,52.3599,0.00011139251,0.41994003
278,52.3599,0.00011055414,0.41677945
278.1,52.3599,0.0001104495,0.41638497
278.2,52.3599,0.00011136428,0.41983361
278.3,52.3599,0.00011085789,0.41792458
278.4,52.3599,0.00011199238,0.42220149
278.5,52.3599,0.00011157391,0.4206239
278.6,52.3599,0.00011090104,0.41808723
278.7,52.3599,0.00011119616,0.41919982
278.8,52.3599,0.00011057659,0.41686411
278.9,52.3599,0.00011200364,0.42224395
279,52.3599,0.00011119147,0.41918214
279.1,52.3599,0.0001112138,0.41926634
279.2,52.3599,0.00011108074,0.41876472
279.3,52.3599,0.00011060891,0.41698594
279.4,52.3599,0.0001102873,0.41577349
279.5,52.3599,0.00011064098,0.41710685
279.6,52.3599,0.0001112456,0.41938619
279.7,52.3599,0.00011065575,0.41716254
279.8,52.3599,0.00010980981,0.41397341
279.9,52.3599,0.00011118542,0.41915933
280,52.3599,0.00011139075,0.4199334
280.1,52.3599,0.00011127948,0.41951393
280.2,52.3599,0.00011047848,0.41649424
280.3,52.3599,0.00011014703,0.41524468
280.4,52.3599,0.00011142773,0.42007283
280.5,52.3599,0.00011052127,0.41665556
280.6,52.3599,0.00011039953,0.41619662
280.7,52.3599,0.0001108942,0.41806147
280.8,52.3599,0.00011057072,0.41684196
280.9,52.3599,0.00011168954,0.42105984
281,52.3599,0.00011104735,0.41863881
281.1,52.3599,0.00011095724,0.41829911
281.2,52.3599,0.00011128492,0.41953443
281.3,52.3599,0.00011124181,0.41937193
281.4,52.3599,0.00011143502,0.4201003
281.5,52.3599,0.00010995159,0.41450791
281.6,52.3599,0.00011160383,0.42073671
281.7,52.3599,0.00011122307,0.41930126
281.8,52.3599,0.00011074898,0.41751401
281.9,52.3599,0.00011247262,0.42401197
282,52.3599,0.00011148998,0.42030751
282.1,52.3599,0.00010991153,0.41435687
282.2,52.3599,0.00010976813,0.4138163
282.3,52.3599,0.00011067239,0.41722527
282.4,52.3599,0.00011181354,0.4215273
282.5,52.3599,0.00011098789,0.41841467
282.6,52.3599,0.00011098617,0.41840817
282.7,52.3599,0.0001107656,0.41757665
282.8,52.3599,0.0001096321,0.41330346
282.9,52.3599,0.00011153656,0.42048311
283,52.3599,0.00011053694,0.41671462
283.1,52.3599,0.00010985972,0.41416157
283.2,52.3599,0.00011042564,0.41629502
283.3,52.3599,0.00011055387,0.41677845
283.4,52.3599,0.00010961979,0.41325704
283.5,52.3599,0.00011109417,0.41881533
283.6,52.3599,0.00011021349,0.41549524
283.7,52.3599,0.00011066881,0.41721177
283.8,52.3599,0.00011100426,0.41847636
283.9,52.3599,0.00011016533,0.41531368
284,52.3599,0.00011305691,0.4262147
284.1,52.3599,0.00011046084,0.41642775
284.2,52.3599,0.00011129954,0.41958956
284.3,52.3599,0.00011117664,0.41912622
284.4,52.3599,0.00011026979,0.4157075
284.5,52.3599,0.00011024459,0.41561251
284.6,52.3599,0.00011062535,0.41704792
284.7,52.3599,0.0001110184,0.41852967
284.8,52.3599,0.00011118175,0.41914551
284.9,52.3599,0.00011067774,0.41724545
285,52.3599,0.00010989287,0.41428653
285.1,52.3599,0.00011020623,0.41546788
285.2,52.3599,0.00011004248,0.41485056
285.3,52.3599,0.00010989428,0.41429184
285.4,52.3599,0.0001098709,0.41420372
285.5,52.3599,0.0001101322,0.41518879
285.6,52.3599,0.00011033795,0.41596447
285.7,52.3599,0.00011012226,0.41515133
285.8,52.3599,0.00011059575,0.41693635
285.9,52.3599,0.00011071833,0.41739846
286,52.3599,0.0001103169,0.41588511
286.1,52.3599,0.00011018228,0.41537759
286.2,52.3599,0.00011123416,0.41934308
286.3,52.3599,0.00011022251,0.41552926
286.4,52.3599,0.00011080211,0.41771428
286.5,52.3599,0.00011127394,0.41949303
286.6,52.3599,0.00011039258,0.41617041
286.7,52.3599,0.00011076203,0.41756321
286.8,52.3599,0.00011035727,0.4160373
286.9,52.3599,0.00011101335,0.41851064
287,52.3599,0.00011022487,0.41553814
287.1,52.3599,0.00011225298,0.42318395
287.2,52.3599,0.00011104379,0.41862539
287.3,52.3599,0.00011191133,0.42189594
287.4,52.3599,0.00011027543,0.41572876
287.5,52.3599,0.00011007869,0.41498707
287.6,52.3599,0.00010954829,0.41298752
287.7,52.3599,0.00011012489,0.41516122
287.8,52.3599,0.00010993109,0.41443061
287.9,52.3599,0.00010999871,0.41468555
288,52.3599,0.0001105455,0.41674691
288.1,52.3599,0.00011116465,0.41908102
288.2,52.3599,0.00010994731,0.41449176
288.3,52.3599,0.00011102444,0.41855247
288.4,52.3599,0.00011044721,0.41637634
288.5,52.3599,0.00011072318,0.41741672
288.6,52.3599,0.00011115783,0.41905534
288.7,52.3599,0.00011006958,0.41495272
288.8,52.3599,0.00011153894,0.42049209
288.9,52.3599,0.00010923249,0.41179698
289,52.3599,0.00010930903,0.41208552
289.1,52.3599,0.00011076889,0.41758905
289.2,52.3599,0.00010985509,0.41414413
289.3,52.3599,0.00010992349,0.41440197
289.4,52.3599,0.00011054478,0.41674417
289.5,52.3599,0.00010923373,0.41180164
289.6,52.3599,0.00011032105,0.41590073
289.7,52.3599,0.00011100825,0.41849141
289.8,52.3599,0.00011066888,0.41721202
289.9,52.3599,0.00011156484,0.42058971
290,52.3599,0.00011024666,0.41562028
290.1,52.3599,0.00011067913,0.41725067
290.2,52.3599,0.00010937441,0.412332
290.3,52.3599,0.00011013702,0.41520695
290.4,52.3599,0.00010963177,0.41330223
290.5,52.3599,0.00011082074,0.41778454
290.6,52.3599,0.00011111942,0.41891053
290.7,52.3599,0.00011131196,0.41963639
290.8,52.3599,0.00010993471,0.41444428
290.9,52.3599,0.00010948981,0.41276704
291,52.3599,0.00010968625,0.41350759
291.1,52.3599,0.00011024681,0.41562087
291.2,52.3599,0.00011013406,0.41519582
291.3,52.3599,0.00010972337,0.41364755
291.4,52.3599,0.00011002543,0.41478627
291.5,52.3599,0.00011101029,0.41849912
291.6,52.3599,0.00011001758,0.41475669
291.7,52.3599,0.00011003877,0.41483657
291.8,52.3599,0.00011058112,0.41688118
291.9,52.3599,0.00011056241,0.41681064
292,52.3599,0.0001108345,0.41783641
292.1,52.3599,0.00011073869,0.41747521
292.2,52.3599,0.00011022456,0.41553699
292.3,52.3599,0.0001097216,0.41364086
292.4,52.3599,0.00010960654,0.4132071
292.5,52.3599,0.00010930421,0.41206733
292.6,52.3599,0.0001087846,0.41010846
292.7,52.3599,0.0001091941,0.41165223
292.8,52.3599,0.0001106329,0.4170764
292.9,52.3599,0.00010995638,0.41452598
293,52.3599,0.00011041031,0.41623725
293.1,52.3599,0.00011009394,0.41504454
293.2,52.3599,0.00011100002,0.4184604
293.3,52.3599,0.00010909908,0.41129401
293.4,52.3599,0.00011050283,0.41658603
293.5,52.3599,0.00011107607,0.41874708
293.6,52.3599,0.00010979896,0.41393251
293.7,52.3599,0.00010930077,0.41205438
293.8,52.3599,0.00011013147,0.41518604
293.9,52.3599,0.00011093437,0.41821291
294,52.3599,0.00010927613,0.41196147
294.1,52.3599,0.00010965696,0.41339717
294.2,52.3599,0.00010912079,0.41137587
294.3,52.3599,0.00010964977,0.41337008
294.4,52.3599,0.00010969267,0.4135318
294.5,52.3599,0.00010996077,0.4145425
294.6,52.3599,0.00010984825,0.41411833
294.7,52.3599,0.00011093673,0.41822179
294.8,52.3599,0.00010947516,0.41271181
294.9,52.3599,0.00011108111,0.41876608
295,52.3599,0.00010918431,0.41161533
295.1,52.3599,0.00011107115,0.41872855
295.2,52.3599,0.00010922407,0.41176522
295.3,52.3599,0.00010930294,0.41206255
295.4,52.3599,0.00011023289,0.41556839
295.5,52.3599,0.00010939656,0.41241548
295.6,52.3599,0.0001099953,0.4146727
295.7,52.3599,0.00010882178,0.41024862
295.8,52.3599,0.00011006169,0.41492296
295.9,52.3599,0.00011017044,0.41533294
296,52.3599,0.00010953666,0.41294367
296.1,52.3599,0.0001100003,0.41469155
296.2,52.3599,0.00011029506,0.41580275
296.3,52.3599,0.00011009794,0.41505964
296.4,52.3599,0.0001106889,0.41728749
296.5,52.3599,0.00010975902,0.41378192
296.6,52.3599,0.00010977507,0.41384246
296.7,52.3599,0.00011044377,0.41636337
296.8,52.3599,0.00010938567,0.41237445
296.9,52.3599,0.00010914933,0.41148344
297,52.3599,0.00010946036,0.41265601
297.1,52.3599,0.00010898677,0.41087062
297.2,52.3599,0.00010956128,0.41303647
297.3,52.3599,0.00010877256,0.41006305
297.4,52.3599,0.00010994993,0.41450164
297.5,52.3599,0.00011048839,0.41653161
297.6,52.3599,0.0001099497,0.4145008
297.7,52.3599,0.00010948762,0.41275877
297.8,52.3599,0.00010972742,0.4136628
297.9,52.3599,0.0001085942,0.40939067
298,52.3599,0.00010972038,0.41363628
298.1,52.3599,0.00011011844,0.41513693
298.2,52.3599,0.00010985222,0.41413329
298.3,52.3599,0.00010987444,0.41421708
298.4,52.3599,0.00011041472,0.41625387
298.5,52.3599,0.00010945121,0.4126215
298.6,52.3599,0.0001091131,0.41134687
298.7,52.3599,0.00010992441,0.41440543
298.8,52.3599,0.00010930723,0.41207874
298.9,52.3599,0.00010983382,0.41406392
299,52.3599,0.000111307,0.4196177
299.1,52.3599,0.00011056015,0.41680214
299.2,52.3599,0.00010891648,0.41060562
299.3,52.3599,0.00010972209,0.41364273
299.4,52.3599,0.00010869746,0.40977994
299.5,52.3599,0.00010898104,0.41084901
299.6,52.3599,0.00010906625,0.41117024
299.7,52.3599,0.00010886651,0.41041726
299.8,52.3599,0.00011023927,0.41559243
299.9,52.3599,0.00010908691,0.41124815
300,52.3599,0.00010979992,0.41393611
