time_s,omega_meas_rad_s,Mz_wedge_Nm,P_visc_full_W
0.1,39.2699,7.3597802e-05,0.20809284
0.2,39.2699,5.9334713e-05,0.16776491
0.3,39.2699,5.6789349e-05,0.16056807
0.4,39.2699,6.1988331e-05,0.17526784
0.5,39.2699,0.00011188756,0.31635455
0.6,39.2699,0.00010254617,0.28994241
0.7,39.2699,0.0001006381,0.28454746
0.8,39.2699,0.00010057588,0.28437154
0.9,39.2699,0.00010033819,0.28369948
1,39.2699,9.9660664e-05,0.28178383
1.1,39.2699,9.9169782e-05,0.2803959
1.2,39.2699,9.8278851e-05,0.27787685
1.3,39.2699,9.8613105e-05,0.27882193
1.4,39.2699,9.7551934e-05,0.27582154
1.5,39.2699,9.7187776e-05,0.2747919
1.6,39.2699,9.7299274e-05,0.27510716
1.7,39.2699,9.8117147e-05,0.27741964
1.8,39.2699,9.7183866e-05,0.27478085
1.9,39.2699,9.6639474e-05,0.27324162
2,39.2699,9.5720894e-05,0.2706444
2.1,39.2699,9.4010391e-05,0.26580806
2.2,39.2699,9.6184988e-05,0.27195659
2.3,39.2699,9.7701896e-05,0.27624554
2.4,39.2699,9.7685346e-05,0.27619875
2.5,39.2699,9.7670149e-05,0.27615578
2.6,39.2699,9.6832758e-05,0.27378812
2.7,39.2699,9.6351491e-05,0.27242737
2.8,39.2699,9.6689316e-05,0.27338254
2.9,39.2699,9.6675402e-05,0.2733432
3,39.2699,9.7349085e-05,0.275248
3.1,39.2699,9.7081166e-05,0.27449047
3.2,39.2699,9.7108307e-05,0.27456721
3.3,39.2699,9.657353e-05,0.27305517
3.4,39.2699,9.5670302e-05,0.27050135
3.5,39.2699,9.7243042e-05,0.27494817
3.6,39.2699,9.7258164e-05,0.27499092
3.7,39.2699,9.7294701e-05,0.27509423
3.8,39.2699,9.7339223e-05,0.27522011
3.9,39.2699,9.7317334e-05,0.27515822
4,39.2699,9.728925e-05,0.27507882
4.1,39.2699,9.732421e-05,0.27517766
4.2,39.2699,9.7382385e-05,0.27534215
4.3,39.2699,9.7348679e-05,0.27524685
4.4,39.2699,9.7325442e-05,0.27518115
4.5,39.2699,9.7360132e-05,0.27527923
4.6,39.2699,9.7373998e-05,0.27531844
4.7,39.2699,9.7336155e-05,0.27521144
4.8,39.2699,9.732495e-05,0.27517976
4.9,39.2699,9.7392404e-05,0.27537048
5,39.2699,9.739253e-05,0.27537083
5.1,39.2699,9.7376667e-05,0.27532598
5.2,39.2699,9.7357819e-05,0.27527269
5.3,39.2699,9.7294666e-05,0.27509413
5.4,39.2699,9.7256827e-05,0.27498714
5.5,39.2699,9.7251584e-05,0.27497232
5.6,39.2699,9.7205298e-05,0.27484145
5.7,39.2699,9.7195315e-05,0.27481322
5.8,39.2699,9.7157516e-05,0.27470635
5.9,39.2699,9.7117314e-05,0.27459268
6,39.2699,9.700308e-05,0.27426969
6.1,39.2699,9.6995305e-05,0.27424771
6.2,39.2699,9.6860955e-05,0.27386784
6.3,39.2699,9.6882405e-05,0.27392849
6.4,39.2699,9.6799671e-05,0.27369457
6.5,39.2699,9.6753505e-05,0.27356403
6.6,39.2699,9.6576883e-05,0.27306465
6.7,39.2699,9.6104422e-05,0.27172879
6.8,39.2699,9.6109608e-05,0.27174346
6.9,39.2699,9.6223004e-05,0.27206408
7,39.2699,9.6267493e-05,0.27218987
7.1,39.2699,9.6269475e-05,0.27219547
7.2,39.2699,9.6269607e-05,0.27219584
7.3,39.2699,9.6266392e-05,0.27218675
7.4,39.2699,9.6288124e-05,0.2722482
7.5,39.2699,9.6303143e-05,0.27229066
7.6,39.2699,9.6319063e-05,0.27233568
7.7,39.2699,9.6338664e-05,0.2723911
7.8,39.2699,9.6348861e-05,0.27241993
7.9,39.2699,9.6344491e-05,0.27240758
8,19.63495,-1.7781857e-05,0.025138503
8.1,0,-2.7073056e-05,0
8.2,0,-1.5355714e-05,0
8.3,0,-1.0404066e-05,0
8.4,0,-7.8562279e-06,0
8.5,0,-6.0370757e-06,0
8.6,0,-4.6506253e-06,0
8.7,0,-3.5799256e-06,0
8.8,0,-2.7522123e-06,0
8.9,0,-2.1136157e-06,0
9,0,-1.6220199e-06,0
9.1,0,-1.2442298e-06,0
9.2,0,-9.541439e-07,0
9.3,0,-7.3155589e-07,0
9.4,0,-5.6085646e-07,0
9.5,0,-4.2998057e-07,0
9.6,0,-3.296515e-07,0
9.7,0,-2.5272449e-07,0
9.8,0,-1.9374949e-07,0
9.9,0,-1.4854356e-07,0
10,19.63495,0.00010925445,0.15445481
10.1,39.2699,7.3774748e-05,0.20859314
10.2,39.2699,5.9266988e-05,0.16757342
10.3,39.2699,5.7643476e-05,0.16298306
10.4,39.2699,8.0215747e-05,0.22680463
10.5,39.2699,0.00010310906,0.29153394
10.6,39.2699,9.9553196e-05,0.28147997
10.7,39.2699,9.8659838e-05,0.27895406
10.8,39.2699,9.8800567e-05,0.27935196
10.9,39.2699,9.7178342e-05,0.27476523
11,39.2699,9.6076562e-05,0.27165002
11.1,39.2699,9.726587e-05,0.27501271
11.2,39.2699,9.7716977e-05,0.27628819
11.3,39.2699,9.6719871e-05,0.27346894
11.4,39.2699,9.588069e-05,0.27109621
11.5,39.2699,9.6563153e-05,0.27302582
11.6,39.2699,9.6578642e-05,0.27306962
11.7,39.2699,9.6961852e-05,0.27415312
11.8,39.2699,9.7071718e-05,0.27446376
11.9,39.2699,9.7433314e-05,0.27548615
12,39.2699,9.7331263e-05,0.27519761
12.1,39.2699,9.7646236e-05,0.27608817
12.2,39.2699,9.7670767e-05,0.27615753
12.3,39.2699,9.7562762e-05,0.27585215
12.4,39.2699,9.7675383e-05,0.27617058
12.5,39.2699,9.7515278e-05,0.27571789
12.6,39.2699,9.7973266e-05,0.27701283
12.7,39.2699,9.7306996e-05,0.27512899
12.8,39.2699,9.6781061e-05,0.27364195
12.9,39.2699,9.6268243e-05,0.27219199
13,39.2699,9.7814159e-05,0.27656296
13.1,39.2699,9.8001989e-05,0.27709404
13.2,39.2699,9.8124291e-05,0.27743984
13.3,39.2699,9.8003215e-05,0.27709751
13.4,39.2699,9.7814501e-05,0.27656393
13.5,39.2699,9.7919149e-05,0.27685981
13.6,39.2699,9.8049901e-05,0.27722951
13.7,39.2699,9.8138949e-05,0.27748128
13.8,39.2699,9.8113135e-05,0.2774083
13.9,39.2699,9.7827647e-05,0.2766011
14,39.2699,9.7523987e-05,0.27574252
14.1,39.2699,9.7362385e-05,0.2752856
14.2,39.2699,9.76965e-05,0.27623029
14.3,39.2699,9.7958486e-05,0.27697104
14.4,39.2699,9.8222322e-05,0.27771701
14.5,39.2699,9.8152511e-05,0.27751963
14.6,39.2699,9.7582639e-05,0.27590835
14.7,39.2699,9.763617e-05,0.27605971
14.8,39.2699,9.7396147e-05,0.27538106
14.9,39.2699,9.7906796e-05,0.27682489
15,39.2699,9.8189877e-05,0.27762528
15.1,39.2699,9.8194499e-05,0.27763835
15.2,39.2699,9.7962477e-05,0.27698232
15.3,39.2699,9.7534341e-05,0.2757718
15.4,39.2699,9.7557101e-05,0.27583615
15.5,39.2699,9.7759656e-05,0.27640886
15.6,39.2699,9.7931972e-05,0.27689607
15.7,39.2699,9.7868502e-05,0.27671661
15.8,39.2699,9.797031e-05,0.27700447
15.9,39.2699,9.772884e-05,0.27632173
16,39.2699,9.7538938e-05,0.27578479
16.1,39.2699,9.7646648e-05,0.27608933
16.2,39.2699,9.7844807e-05,0.27664962
16.3,39.2699,9.7848107e-05,0.27665895
16.4,39.2699,9.7662756e-05,0.27613488
16.5,39.2699,9.7751928e-05,0.27638701
16.6,39.2699,9.630573e-05,0.27229798
16.7,39.2699,9.6383989e-05,0.27251925
16.8,39.2699,9.721948e-05,0.27488155
16.9,39.2699,9.7447497e-05,0.27552625
17,39.2699,9.7524389e-05,0.27574365
17.1,39.2699,9.7400008e-05,0.27539198
17.2,39.2699,9.7308701e-05,0.27513381
17.3,39.2699,9.7102957e-05,0.27455209
17.4,39.2699,9.7187784e-05,0.27479193
17.5,39.2699,9.730328e-05,0.27511849
17.6,39.2699,9.7423704e-05,0.27545898
17.7,39.2699,9.7454968e-05,0.27554737
17.8,39.2699,9.7253251e-05,0.27497703
17.9,39.2699,9.7160532e-05,0.27471488
18,19.63495,-1.7323039e-05,0.024489865
18.1,0,-2.7366852e-05,0
18.2,0,-1.5365486e-05,0
18.3,0,-1.0439721e-05,0
18.4,0,-7.884954e-06,0
18.5,0,-6.0575078e-06,0
18.6,0,-4.6647584e-06,0
18.7,0,-3.5897571e-06,0
18.8,0,-2.7592881e-06,0
18.9,0,-2.1189862e-06,0
19,0,-1.6261294e-06,0
19.1,0,-1.2473771e-06,0
19.2,0,-9.5654294e-07,0
19.3,0,-7.3338907e-07,0
19.4,0,-5.6224852e-07,0
19.5,0,-4.3104107e-07,0
19.6,0,-3.3044771e-07,0
19.7,0,-2.5333283e-07,0
19.8,0,-1.9422221e-07,0
19.9,0,-1.4890166e-07,0
20,19.63495,0.00010924488,0.15444128
20.1,39.2699,7.3754419e-05,0.20853566
20.2,39.2699,5.9304584e-05,0.16767973
20.3,39.2699,5.7722329e-05,0.16320601
20.4,39.2699,8.0176144e-05,0.22669266
20.5,39.2699,0.00010290647,0.29096113
20.6,39.2699,9.9521855e-05,0.28139136
20.7,39.2699,9.7722365e-05,0.27630342
20.8,39.2699,9.7464648e-05,0.27557474
20.9,39.2699,9.7083799e-05,0.27449792
21,39.2699,9.7558324e-05,0.2758396
21.1,39.2699,9.7551852e-05,0.27582131
21.2,39.2699,9.7877933e-05,0.27674328
21.3,39.2699,9.7216323e-05,0.27487262
21.4,39.2699,9.6172721e-05,0.27192191
21.5,39.2699,9.6114775e-05,0.27175807
21.6,39.2699,9.7441011e-05,0.27550791
21.7,39.2699,9.7282597e-05,0.27506001
21.8,39.2699,9.7180178e-05,0.27477042
21.9,39.2699,9.7904679e-05,0.2768189
22,39.2699,9.7834238e-05,0.27661973
22.1,39.2699,9.7512348e-05,0.27570961
22.2,39.2699,9.7619345e-05,0.27601214
22.3,39.2699,9.7043974e-05,0.27438532
22.4,39.2699,9.7761868e-05,0.27641511
22.5,39.2699,9.7427827e-05,0.27547063
22.6,39.2699,9.7453179e-05,0.27554232
22.7,39.2699,9.7213863e-05,0.27486567
22.8,39.2699,9.7577105e-05,0.27589271
22.9,39.2699,9.7604263e-05,0.27596949
23,39.2699,9.7973875e-05,0.27701455
23.1,39.2699,9.8037492e-05,0.27719442
23.2,39.2699,9.7582582e-05,0.27590819
23.3,39.2699,9.7539628e-05,0.27578674
23.4,39.2699,9.7203657e-05,0.27483681
23.5,39.2699,9.761537e-05,0.2760009
23.6,39.2699,9.7814279e-05,0.2765633
23.7,39.2699,9.8051681e-05,0.27723454
23.8,39.2699,9.8016994e-05,0.27713646
23.9,39.2699,9.7514533e-05,0.27571579
24,39.2699,9.7444356e-05,0.27551737
24.1,39.2699,9.7342975e-05,0.27523072
24.2,39.2699,9.8000687e-05,0.27709036
24.3,39.2699,9.8074932e-05,0.27730028
24.4,39.2699,9.7777682e-05,0.27645982
24.5,39.2699,9.7650618e-05,0.27610056
24.6,39.2699,9.632663e-05,0.27235707
24.7,39.2699,9.7335962e-05,0.27521089
24.8,39.2699,9.7358302e-05,0.27527406
24.9,39.2699,9.765499e-05,0.27611292
25,39.2699,9.7734885e-05,0.27633882
25.1,39.2699,9.7625453e-05,0.27602941
25.2,39.2699,9.7475246e-05,0.27560471
25.3,39.2699,9.7312582e-05,0.27514479
25.4,39.2699,9.7587782e-05,0.27592289
25.5,39.2699,9.7681394e-05,0.27618758
25.6,39.2699,9.7863949e-05,0.27670374
25.7,39.2699,9.7848322e-05,0.27665956
25.8,39.2699,9.7665073e-05,0.27614143
25.9,39.2699,9.7563641e-05,0.27585464
26,39.2699,9.7430704e-05,0.27547877
26.1,39.2699,9.7608513e-05,0.27598151
26.2,39.2699,9.7782348e-05,0.27647302
26.3,39.2699,9.7920272e-05,0.27686299
26.4,39.2699,9.7832776e-05,0.2766156
26.5,39.2699,9.7593804e-05,0.27593992
26.6,39.2699,9.7519007e-05,0.27572844
26.7,39.2699,9.7386285e-05,0.27535318
26.8,39.2699,9.7632944e-05,0.27605059
26.9,39.2699,9.7742217e-05,0.27635955
27,39.2699,9.7811818e-05,0.27655634
27.1,39.2699,9.7660828e-05,0.27612943
27.2,39.2699,9.7478784e-05,0.27561471
27.3,39.2699,9.7428146e-05,0.27547154
27.4,39.2699,9.7440747e-05,0.27550717
27.5,39.2699,9.7587732e-05,0.27592275
27.6,39.2699,9.7603894e-05,0.27596845
27.7,39.2699,9.7640807e-05,0.27607282
27.8,39.2699,9.7502287e-05,0.27568116
27.9,39.2699,9.7386454e-05,0.27535365
28,19.63495,-1.701137e-05,0.024049252
28.1,0,-2.7368592e-05,0
28.2,0,-1.5357668e-05,0
28.3,0,-1.0428826e-05,0
28.4,0,-7.8809224e-06,0
28.5,0,-6.0564466e-06,0
28.6,0,-4.6650251e-06,0
28.7,0,-3.5902257e-06,0
28.8,0,-2.7596733e-06,0
28.9,0,-2.1191276e-06,0
29,0,-1.626207e-06,0
29.1,0,-1.2474101e-06,0
29.2,0,-9.5654502e-07,0
29.3,0,-7.334079e-07,0
29.4,0,-5.6226923e-07,0
29.5,0,-4.3105491e-07,0
29.6,0,-3.3045646e-07,0
29.7,0,-2.5334588e-07,0
29.8,0,-1.942237e-07,0
29.9,0,-1.4890421e-07,0
30,19.63495,0.00010922221,0.15440923
30.1,39.2699,7.3610262e-05,0.20812807
30.2,39.2699,5.9151546e-05,0.16724702
30.3,39.2699,5.7632945e-05,0.16295328
30.4,39.2699,8.0476756e-05,0.22754262
30.5,39.2699,0.00010358043,0.29286672
30.6,39.2699,9.9732776e-05,0.28198772
30.7,39.2699,9.8796779e-05,0.27934125
30.8,39.2699,9.7411964e-05,0.27542578
30.9,39.2699,9.9321097e-05,0.28082373
31,39.2699,9.8599802e-05,0.27878431
31.1,39.2699,9.7905696e-05,0.27682177
31.2,39.2699,9.8577607e-05,0.27872156
31.3,39.2699,9.8367087e-05,0.27812633
31.4,39.2699,9.7611361e-05,0.27598956
31.5,39.2699,9.6688916e-05,0.27338141
31.6,39.2699,9.8212726e-05,0.27768988
31.7,39.2699,9.7228014e-05,0.27490567
31.8,39.2699,9.7592032e-05,0.27593491
31.9,39.2699,9.830335e-05,0.27794612
32,39.2699,9.7643408e-05,0.27608017
32.1,39.2699,9.6625747e-05,0.27320281
32.2,39.2699,9.7924532e-05,0.27687503
32.3,39.2699,9.8233985e-05,0.27774999
32.4,39.2699,9.8438717e-05,0.27832886
32.5,39.2699,9.8577549e-05,0.2787214
32.6,39.2699,9.8533356e-05,0.27859644
32.7,39.2699,9.7993558e-05,0.2770702
32.8,39.2699,9.7910232e-05,0.2768346
32.9,39.2699,9.7619159e-05,0.27601161
33,39.2699,9.7988021e-05,0.27705454
33.1,39.2699,9.8246296e-05,0.2777848
33.2,39.2699,9.8245577e-05,0.27778277
33.3,39.2699,9.804776e-05,0.27722345
33.4,39.2699,9.7753802e-05,0.27639231
33.5,39.2699,9.7147241e-05,0.27467729
33.6,39.2699,9.6626544e-05,0.27320506
33.7,39.2699,9.7741673e-05,0.27635801
33.8,39.2699,9.7875937e-05,0.27673764
33.9,39.2699,9.8067481e-05,0.27727921
34,39.2699,9.8100939e-05,0.27737381
34.1,39.2699,9.8084362e-05,0.27732694
34.2,39.2699,9.8095218e-05,0.27735764
34.3,39.2699,9.8063142e-05,0.27726694
34.4,39.2699,9.8014515e-05,0.27712945
34.5,39.2699,9.7851374e-05,0.27666818
34.6,39.2699,9.7757229e-05,0.276402
34.7,39.2699,9.7696859e-05,0.2762313
34.8,39.2699,9.7578273e-05,0.27589601
34.9,39.2699,9.7617414e-05,0.27600668
35,39.2699,9.7652917e-05,0.27610706
35.1,39.2699,9.766052e-05,0.27612856
35.2,39.2699,9.7641867e-05,0.27607582
35.3,39.2699,9.7605947e-05,0.27597426
35.4,39.2699,9.7644745e-05,0.27608395
35.5,39.2699,9.7652342e-05,0.27610544
35.6,39.2699,9.7680723e-05,0.27618568
35.7,39.2699,9.7645332e-05,0.27608561
35.8,39.2699,9.763209e-05,0.27604817
35.9,39.2699,9.7595125e-05,0.27594366
36,39.2699,9.7572496e-05,0.27587967
36.1,39.2699,9.7429059e-05,0.27547412
36.2,39.2699,9.7420771e-05,0.27545068
36.3,39.2699,9.7478993e-05,0.2756153
36.4,39.2699,9.7624382e-05,0.27602638
36.5,39.2699,9.764991e-05,0.27609856
36.6,39.2699,9.7659527e-05,0.27612575
36.7,39.2699,9.7656079e-05,0.276116
36.8,39.2699,9.7506543e-05,0.2756932
36.9,39.2699,9.7275672e-05,0.27504043
37,39.2699,9.7074605e-05,0.27447192
37.1,39.2699,9.6978168e-05,0.27419925
37.2,39.2699,9.7122462e-05,0.27460724
37.3,39.2699,9.7188472e-05,0.27479387
37.4,39.2699,9.7574833e-05,0.27588628
37.5,39.2699,9.7385615e-05,0.27535128
37.6,39.2699,9.6744611e-05,0.27353889
37.7,39.2699,9.6542427e-05,0.27296722
37.8,39.2699,9.6498853e-05,0.27284402
37.9,39.2699,9.6537536e-05,0.27295339
38,19.63495,-1.7634812e-05,0.024930623
38.1,0,-2.7471347e-05,0
38.2,0,-1.5468393e-05,0
38.3,0,-1.0495104e-05,0
38.4,0,-7.8952155e-06,0
38.5,0,-6.0520179e-06,0
38.6,0,-4.6563999e-06,0
38.7,0,-3.5824511e-06,0
38.8,0,-2.7536275e-06,0
38.9,0,-2.1147462e-06,0
39,0,-1.6229539e-06,0
39.1,0,-1.2449674e-06,0
39.2,0,-9.5470187e-07,0
39.3,0,-7.319804e-07,0
39.4,0,-5.6117139e-07,0
39.5,0,-4.302135e-07,0
39.6,0,-3.2981147e-07,0
39.7,0,-2.5284938e-07,0
39.8,0,-1.9384173e-07,0
39.9,0,-1.4861285e-07,0
40,19.63495,0.00010925269,0.15445232
40.1,39.2699,7.3672526e-05,0.20830412
40.2,39.2699,5.9182241e-05,0.16733381
40.3,39.2699,5.7640719e-05,0.16297526
40.4,39.2699,8.0475407e-05,0.2275388
40.5,39.2699,0.00010260067,0.29009649
40.6,39.2699,9.9467566e-05,0.28123786
40.7,39.2699,9.8266812e-05,0.27784281
40.8,39.2699,9.8309189e-05,0.27796263
40.9,39.2699,9.9005453e-05,0.27993126
41,39.2699,9.8964783e-05,0.27981627
41.1,39.2699,9.878461e-05,0.27930685
41.2,39.2699,9.8228618e-05,0.27773482
41.3,39.2699,9.8765514e-05,0.27925285
41.4,39.2699,9.7966995e-05,0.2769951
41.5,39.2699,9.7581665e-05,0.2759056
41.6,39.2699,9.8470224e-05,0.27841794
41.7,39.2699,9.8555153e-05,0.27865807
41.8,39.2699,9.8179231e-05,0.27759518
41.9,39.2699,9.8320436e-05,0.27799443
42,39.2699,9.7935604e-05,0.27690634
42.1,39.2699,9.8376534e-05,0.27815304
42.2,39.2699,9.7379687e-05,0.27533452
42.3,39.2699,9.772411e-05,0.27630836
42.4,39.2699,9.7851193e-05,0.27666767
42.5,39.2699,9.6485347e-05,0.27280583
42.6,39.2699,9.8156732e-05,0.27753156
42.7,39.2699,9.7746521e-05,0.27637172
42.8,39.2699,9.7987005e-05,0.27705167
42.9,39.2699,9.7924037e-05,0.27687363
43,39.2699,9.8168572e-05,0.27756504
43.1,39.2699,9.8332872e-05,0.27802959
43.2,39.2699,9.8493628e-05,0.27848411
43.3,39.2699,9.8516346e-05,0.27854835
43.4,39.2699,9.8567557e-05,0.27869314
43.5,39.2699,9.852526e-05,0.27857355
43.6,39.2699,9.8613355e-05,0.27882263
43.7,39.2699,9.8435677e-05,0.27832026
43.8,39.2699,9.8548872e-05,0.27864031
43.9,39.2699,9.8246844e-05,0.27778635
44,39.2699,9.8277719e-05,0.27787365
44.1,39.2699,9.80179e-05,0.27713903
44.2,39.2699,9.8159717e-05,0.27754
44.3,39.2699,9.8099115e-05,0.27736866
44.4,39.2699,9.8215711e-05,0.27769832
44.5,39.2699,9.827987e-05,0.27787973
44.6,39.2699,9.8223174e-05,0.27771943
44.7,39.2699,9.8261966e-05,0.27782911
44.8,39.2699,9.8226141e-05,0.27772781
44.9,39.2699,9.8255028e-05,0.27780949
45,39.2699,9.8249405e-05,0.27779359
45.1,39.2699,9.8179602e-05,0.27759623
45.2,39.2699,9.8194876e-05,0.27763941
45.3,39.2699,9.8038007e-05,0.27719588
45.4,39.2699,9.8137971e-05,0.27747852
45.5,39.2699,9.8040135e-05,0.27720189
45.6,39.2699,9.8090043e-05,0.277343
45.7,39.2699,9.7971999e-05,0.27700924
45.8,39.2699,9.8008683e-05,0.27711296
45.9,39.2699,9.7964589e-05,0.27698829
46,39.2699,9.7843582e-05,0.27664615
46.1,39.2699,9.7824254e-05,0.2765915
46.2,39.2699,9.7745487e-05,0.2763688
46.3,39.2699,9.7936986e-05,0.27691025
46.4,39.2699,9.7837657e-05,0.2766294
46.5,39.2699,9.7951149e-05,0.27695029
46.6,39.2699,9.7816215e-05,0.27656877
46.7,39.2699,9.7909974e-05,0.27683387
46.8,39.2699,9.7866844e-05,0.27671192
46.9,39.2699,9.7769348e-05,0.27643626
47,39.2699,9.774993e-05,0.27638136
47.1,39.2699,9.7615498e-05,0.27600126
47.2,39.2699,9.7615728e-05,0.27600191
47.3,39.2699,9.7466052e-05,0.27557871
47.4,39.2699,9.7448486e-05,0.27552904
47.5,39.2699,9.7294106e-05,0.27509255
47.6,39.2699,9.7287348e-05,0.27507344
47.7,39.2699,9.722123e-05,0.27488649
47.8,39.2699,9.7039929e-05,0.27437388
47.9,39.2699,9.6652325e-05,0.27327795
48,19.63495,-1.7644179e-05,0.024943865
48.1,0,-2.7655685e-05,0
48.2,0,-1.5499169e-05,0
48.3,0,-1.0572108e-05,0
48.4,0,-7.9419561e-06,0
48.5,0,-6.0810976e-06,0
48.6,0,-4.6761395e-06,0
48.7,0,-3.5968203e-06,0
48.8,0,-2.7645613e-06,0
48.9,0,-2.123041e-06,0
49,0,-1.6293248e-06,0
49.1,0,-1.2498211e-06,0
49.2,0,-9.5840293e-07,0
49.3,0,-7.3481518e-07,0
49.4,0,-5.6333844e-07,0
49.5,0,-4.3187465e-07,0
49.6,0,-3.3107881e-07,0
49.7,0,-2.53803e-07,0
49.8,0,-1.9456966e-07,0
49.9,0,-1.491658e-07,0
50,19.63495,0.00010923891,0.15443284
50.1,39.2699,7.365831e-05,0.20826392
50.2,39.2699,5.9187533e-05,0.16734877
50.3,39.2699,5.7500645e-05,0.16257921
50.4,39.2699,8.0567154e-05,0.22779821
50.5,39.2699,0.00010448453,0.29542298
50.6,39.2699,9.9896482e-05,0.28245059
50.7,39.2699,9.7578452e-05,0.27589652
50.8,39.2699,9.8732025e-05,0.27915817
50.9,39.2699,9.88275e-05,0.27942812
51,39.2699,9.8242689e-05,0.2777746
51.1,39.2699,9.8065054e-05,0.27727235
51.2,39.2699,9.833782e-05,0.27804358
51.3,39.2699,9.6950754e-05,0.27412174
51.4,39.2699,9.6806399e-05,0.27371359
51.5,39.2699,9.7657936e-05,0.27612125
51.6,39.2699,9.7026949e-05,0.27433718
51.7,39.2699,9.8214896e-05,0.27769602
51.8,39.2699,9.8413859e-05,0.27825857
51.9,39.2699,9.8304714e-05,0.27794997
52,39.2699,9.8100337e-05,0.27737211
52.1,39.2699,9.8007145e-05,0.27710862
52.2,39.2699,9.7977165e-05,0.27702385
52.3,39.2699,9.7981006e-05,0.27703471
52.4,39.2699,9.7418553e-05,0.27544441
52.5,39.2699,9.6730655e-05,0.27349943
52.6,39.2699,9.7934051e-05,0.27690195
52.7,39.2699,9.7941945e-05,0.27692427
52.8,39.2699,9.8153871e-05,0.27752348
52.9,39.2699,9.8192047e-05,0.27763141
53,39.2699,9.7678496e-05,0.27617938
53.1,39.2699,9.7306047e-05,0.27512631
53.2,39.2699,9.7952889e-05,0.27695521
53.3,39.2699,9.8143284e-05,0.27749354
53.4,39.2699,9.8089138e-05,0.27734045
53.5,39.2699,9.8263679e-05,0.27783395
53.6,39.2699,9.8143231e-05,0.27749339
53.7,39.2699,9.7811095e-05,0.2765543
53.8,39.2699,9.7537594e-05,0.27578099
53.9,39.2699,9.763981e-05,0.27607
54,39.2699,9.7837674e-05,0.27662945
54.1,39.2699,9.8109725e-05,0.27739866
54.2,39.2699,9.8141063e-05,0.27748726
54.3,39.2699,9.8072866e-05,0.27729444
54.4,39.2699,9.7616422e-05,0.27600387
54.5,39.2699,9.7180913e-05,0.2747725
54.6,39.2699,9.6550117e-05,0.27298897
54.7,39.2699,9.6746799e-05,0.27354507
54.8,39.2699,9.7778432e-05,0.27646194
54.9,39.2699,9.7676585e-05,0.27617398
55,39.2699,9.7426916e-05,0.27546806
55.1,39.2699,9.7078331e-05,0.27448246
55.2,39.2699,9.7190904e-05,0.27480075
55.3,39.2699,9.7372989e-05,0.27531558
55.4,39.2699,9.7668119e-05,0.27615004
55.5,39.2699,9.7754147e-05,0.27639328
55.6,39.2699,9.7496291e-05,0.27566421
55.7,39.2699,9.7262326e-05,0.27500269
55.8,39.2699,9.7122105e-05,0.27460622
55.9,39.2699,9.7304662e-05,0.27512239
56,39.2699,9.7551241e-05,0.27581958
56.1,39.2699,9.7670424e-05,0.27615656
56.2,39.2699,9.7629787e-05,0.27604166
56.3,39.2699,9.7365336e-05,0.27529395
56.4,39.2699,9.7189239e-05,0.27479604
56.5,39.2699,9.7141109e-05,0.27465996
56.6,39.2699,9.7393217e-05,0.27537278
56.7,39.2699,9.7620808e-05,0.27601627
56.8,39.2699,9.763097e-05,0.27604501
56.9,39.2699,9.7465614e-05,0.27557747
57,39.2699,9.7216935e-05,0.27487435
57.1,39.2699,9.7152728e-05,0.27469281
57.2,39.2699,9.7207429e-05,0.27484747
57.3,39.2699,9.7350701e-05,0.27525256
57.4,39.2699,9.7496452e-05,0.27566467
57.5,39.2699,9.7512399e-05,0.27570976
57.6,39.2699,9.7446421e-05,0.27552321
57.7,39.2699,9.7185695e-05,0.27478602
57.8,39.2699,9.7082412e-05,0.274494
57.9,39.2699,9.7057878e-05,0.27442463
58,19.63495,-1.7186004e-05,0.024296136
58.1,0,-2.736864e-05,0
58.2,0,-1.5365894e-05,0
58.3,0,-1.0429752e-05,0
58.4,0,-7.8766891e-06,0
58.5,0,-6.0530039e-06,0
58.6,0,-4.6620255e-06,0
58.7,0,-3.5879098e-06,0
58.8,0,-2.7578863e-06,0
58.9,0,-2.1177735e-06,0
59,0,-1.6251553e-06,0
59.1,0,-1.2465909e-06,0
59.2,0,-9.5595672e-07,0
59.3,0,-7.3295877e-07,0
59.4,0,-5.6191578e-07,0
59.5,0,-4.3078735e-07,0
59.6,0,-3.3024923e-07,0
59.7,0,-2.5317309e-07,0
59.8,0,-1.9409252e-07,0
59.9,0,-1.4880206e-07,0
60,19.63495,0.00010923132,0.15442212
60.1,39.2699,7.365753e-05,0.20826172
60.2,39.2699,5.9188275e-05,0.16735087
60.3,39.2699,5.7510922e-05,0.16260827
60.4,39.2699,8.0590318e-05,0.22786371
60.5,39.2699,0.00010319659,0.29178143
60.6,39.2699,0.00010030345,0.28360127
60.7,39.2699,9.7905907e-05,0.27682237
60.8,39.2699,9.9605345e-05,0.28162742
60.9,39.2699,9.8817927e-05,0.27940105
61,39.2699,9.8264258e-05,0.27783558
61.1,39.2699,9.7904954e-05,0.27681968
61.2,39.2699,9.8526535e-05,0.27857716
61.3,39.2699,9.6980894e-05,0.27420696
61.4,39.2699,9.6691606e-05,0.27338902
61.5,39.2699,9.698482e-05,0.27421806
61.6,39.2699,9.8027978e-05,0.27716752
61.7,39.2699,9.7848699e-05,0.27666062
61.8,39.2699,9.7209277e-05,0.2748527
61.9,39.2699,9.6928722e-05,0.27405945
62,39.2699,9.752199e-05,0.27573687
62.1,39.2699,9.8027001e-05,0.27716476
62.2,39.2699,9.7665398e-05,0.27614235
62.3,39.2699,9.7601182e-05,0.27596078
62.4,39.2699,9.7581788e-05,0.27590595
62.5,39.2699,9.7679765e-05,0.27618297
62.6,39.2699,9.7746344e-05,0.27637122
62.7,39.2699,9.7246856e-05,0.27495895
62.8,39.2699,9.7676198e-05,0.27617288
62.9,39.2699,9.7573835e-05,0.27588346
63,39.2699,9.8115317e-05,0.27741447
63.1,39.2699,9.7829241e-05,0.2766056
63.2,39.2699,9.7729004e-05,0.27632219
63.3,39.2699,9.7160148e-05,0.27471379
63.4,39.2699,9.714062e-05,0.27465857
63.5,39.2699,9.7546114e-05,0.27580508
63.6,39.2699,9.7660717e-05,0.27612911
63.7,39.2699,9.7699561e-05,0.27623894
63.8,39.2699,9.7679457e-05,0.2761821
63.9,39.2699,9.7574402e-05,0.27588507
64,39.2699,9.7631893e-05,0.27604762
64.1,39.2699,9.7589921e-05,0.27592894
64.2,39.2699,9.7691811e-05,0.27621703
64.3,39.2699,9.762039e-05,0.27601509
64.4,39.2699,9.7592207e-05,0.27593541
64.5,39.2699,9.7556976e-05,0.27583579
64.6,39.2699,9.7499526e-05,0.27567336
64.7,39.2699,9.7500942e-05,0.27567736
64.8,39.2699,9.7461025e-05,0.2755645
64.9,39.2699,9.7515363e-05,0.27571814
65,39.2699,9.7599711e-05,0.27595662
65.1,39.2699,9.7658021e-05,0.27612149
65.2,39.2699,9.7665977e-05,0.27614399
65.3,39.2699,9.7715986e-05,0.27628539
65.4,39.2699,9.7746001e-05,0.27637025
65.5,39.2699,9.7777373e-05,0.27645895
65.6,39.2699,9.7688342e-05,0.27620722
65.7,39.2699,9.7689537e-05,0.2762106
65.8,39.2699,9.7550349e-05,0.27581706
65.9,39.2699,9.7568819e-05,0.27586928
66,39.2699,9.7516421e-05,0.27572113
66.1,39.2699,9.7512909e-05,0.2757112
66.2,39.2699,9.7513064e-05,0.27571164
66.3,39.2699,9.748217e-05,0.27562428
66.4,39.2699,9.7514397e-05,0.2757154
66.5,39.2699,9.7473264e-05,0.2755991
66.6,39.2699,9.750289e-05,0.27568287
66.7,39.2699,9.7461262e-05,0.27556517
66.8,39.2699,9.7455459e-05,0.27554876
66.9,39.2699,9.7429573e-05,0.27547557
67,39.2699,9.7386098e-05,0.27535265
67.1,39.2699,9.7374811e-05,0.27532074
67.2,39.2699,9.7312468e-05,0.27514447
67.3,39.2699,9.7322213e-05,0.27517202
67.4,39.2699,9.7256714e-05,0.27498682
67.5,39.2699,9.7267203e-05,0.27501648
67.6,39.2699,9.7255568e-05,0.27498358
67.7,39.2699,9.7200272e-05,0.27482724
67.8,39.2699,9.720385e-05,0.27483735
67.9,39.2699,9.7189323e-05,0.27479628
68,19.63495,-1.7185929e-05,0.024296029
68.1,0,-2.7133305e-05,0
68.2,0,-1.5354873e-05,0
68.3,0,-1.0411876e-05,0
68.4,0,-7.8582294e-06,0
68.5,0,-6.0340632e-06,0
68.6,0,-4.646744e-06,0
68.7,0,-3.5769046e-06,0
68.8,0,-2.7499369e-06,0
68.9,0,-2.1118723e-06,0
69,0,-1.6207102e-06,0
69.1,0,-1.2431638e-06,0
69.2,0,-9.533018e-07,0
69.3,0,-7.3091237e-07,0
69.4,0,-5.6035812e-07,0
69.5,0,-4.2959577e-07,0
69.6,0,-3.2934268e-07,0
69.7,0,-2.5248824e-07,0
69.8,0,-1.9357585e-07,0
69.9,0,-1.4840621e-07,0
70,19.63495,0.00010924078,0.15443549
70.1,39.2699,7.376748e-05,0.20857259
70.2,39.2699,5.9329926e-05,0.16775138
70.3,39.2699,5.7774761e-05,0.16335425
70.4,39.2699,8.0235027e-05,0.22685915
70.5,39.2699,0.0001030769,0.291443
70.6,39.2699,0.00010010764,0.28304761
70.7,39.2699,9.7660204e-05,0.27612766
70.8,39.2699,9.7502679e-05,0.27568227
70.9,39.2699,9.8911827e-05,0.27966654
71,39.2699,9.8874372e-05,0.27956064
71.1,39.2699,9.7685073e-05,0.27619798
71.2,39.2699,9.7476698e-05,0.27560881
71.3,39.2699,9.8224166e-05,0.27772223
71.4,39.2699,9.7846737e-05,0.27665507
71.5,39.2699,9.6870219e-05,0.27389403
71.6,39.2699,9.7577202e-05,0.27589298
71.7,39.2699,9.7924942e-05,0.27687619
71.8,39.2699,9.7661357e-05,0.27613092
71.9,39.2699,9.7913763e-05,0.27684458
72,39.2699,9.770281e-05,0.27624813
72.1,39.2699,9.7776056e-05,0.27645523
72.2,39.2699,9.7948505e-05,0.27694282
72.3,39.2699,9.809696e-05,0.27736256
72.4,39.2699,9.8602754e-05,0.27879266
72.5,39.2699,9.7302686e-05,0.2751168
72.6,39.2699,9.7065969e-05,0.2744475
72.7,39.2699,9.7064641e-05,0.27444375
72.8,39.2699,9.7287152e-05,0.27507288
72.9,39.2699,9.7851931e-05,0.27666976
73,39.2699,9.8122366e-05,0.2774344
73.1,39.2699,9.8364893e-05,0.27812012
73.2,39.2699,9.7513596e-05,0.27571314
73.3,39.2699,9.6982163e-05,0.27421055
73.4,39.2699,9.6559563e-05,0.27301567
73.5,39.2699,9.7086675e-05,0.27450605
73.6,39.2699,9.7864466e-05,0.2767052
73.7,39.2699,9.8158581e-05,0.27753679
73.8,39.2699,9.8096934e-05,0.27736249
73.9,39.2699,9.6975043e-05,0.27419042
74,39.2699,9.6742335e-05,0.27353245
74.1,39.2699,9.6561797e-05,0.27302199
74.2,39.2699,9.7434675e-05,0.27549
74.3,39.2699,9.8213914e-05,0.27769324
74.4,39.2699,9.8029917e-05,0.277173
74.5,39.2699,9.7495734e-05,0.27566264
74.6,39.2699,9.6408294e-05,0.27258797
74.7,39.2699,9.6532588e-05,0.27293941
74.8,39.2699,9.6892886e-05,0.27395812
74.9,39.2699,9.7696147e-05,0.27622929
75,39.2699,9.8050569e-05,0.2772314
75.1,39.2699,9.7814994e-05,0.27656532
75.2,39.2699,9.7319148e-05,0.27516335
75.3,39.2699,9.6649536e-05,0.27327007
75.4,39.2699,9.7116595e-05,0.27459065
75.5,39.2699,9.7577668e-05,0.2758943
75.6,39.2699,9.8226197e-05,0.27772797
75.7,39.2699,9.834174e-05,0.27805466
75.8,39.2699,9.7480664e-05,0.27562003
75.9,39.2699,9.7169691e-05,0.27474077
76,39.2699,9.6709404e-05,0.27343934
76.1,39.2699,9.7302169e-05,0.27511534
76.2,39.2699,9.6989446e-05,0.27423114
76.3,39.2699,9.7314251e-05,0.27514951
76.4,39.2699,9.69035e-05,0.27398813
76.5,39.2699,9.574624e-05,0.27071606
76.6,39.2699,9.6464434e-05,0.27274671
76.7,39.2699,9.656259e-05,0.27302423
76.8,39.2699,9.7072192e-05,0.2744651
76.9,39.2699,9.7378388e-05,0.27533085
77,39.2699,9.7351044e-05,0.27525354
77.1,39.2699,9.7140945e-05,0.27465949
77.2,39.2699,9.6831113e-05,0.27378346
77.3,39.2699,9.6923526e-05,0.27404476
77.4,39.2699,9.7034488e-05,0.27435849
77.5,39.2699,9.737215e-05,0.27531321
77.6,39.2699,9.7486373e-05,0.27563617
77.7,39.2699,9.7445688e-05,0.27552113
77.8,39.2699,9.7356002e-05,0.27526755
77.9,39.2699,9.7170439e-05,0.27474289
78,19.63495,-1.7075292e-05,0.02413962
78.1,0,-2.7733943e-05,0
78.2,0,-1.5420025e-05,0
78.3,0,-1.0469055e-05,0
78.4,0,-7.8986415e-06,0
78.5,0,-6.0643048e-06,0
78.6,0,-4.6680467e-06,0
78.7,0,-3.59156e-06,0
78.8,0,-2.7605224e-06,0
78.9,0,-2.1199286e-06,0
79,0,-1.62692e-06,0
79.1,0,-1.2480016e-06,0
79.2,0,-9.5707731e-07,0
79.3,0,-7.3383245e-07,0
79.4,0,-5.6260177e-07,0
79.5,0,-4.3131855e-07,0
79.6,0,-3.3066813e-07,0
79.7,0,-2.5351178e-07,0
79.8,0,-1.9435754e-07,0
79.9,0,-1.4900572e-07,0
80,19.63495,0.00010924884,0.15444687
80.1,39.2699,7.3648299e-05,0.20823562
80.2,39.2699,5.9166976e-05,0.16729065
80.3,39.2699,5.7735312e-05,0.16324272
80.4,39.2699,8.0791623e-05,0.22843288
80.5,39.2699,0.00010281477,0.29070185
80.6,39.2699,9.9564416e-05,0.2815117
80.7,39.2699,9.8408289e-05,0.27824283
80.8,39.2699,9.8875413e-05,0.27956359
80.9,39.2699,9.8960333e-05,0.27980369
81,39.2699,9.8828249e-05,0.27943023
81.1,39.2699,9.818654e-05,0.27761584
81.2,39.2699,9.7220169e-05,0.27488349
81.3,39.2699,9.8611621e-05,0.27881773
81.4,39.2699,9.8592186e-05,0.27876278
81.5,39.2699,9.7995164e-05,0.27707474
81.6,39.2699,9.7062165e-05,0.27443675
81.7,39.2699,9.7943957e-05,0.27692996
81.8,39.2699,9.6401493e-05,0.27256874
81.9,39.2699,9.6824979e-05,0.27376612
82,39.2699,9.6204199e-05,0.27201091
82.1,39.2699,9.770799e-05,0.27626278
82.2,39.2699,9.7843397e-05,0.27664563
82.3,39.2699,9.7575867e-05,0.27588921
82.4,39.2699,9.7752744e-05,0.27638931
82.5,39.2699,9.7933258e-05,0.27689971
82.6,39.2699,9.8067834e-05,0.27728021
82.7,39.2699,9.7959875e-05,0.27697496
82.8,39.2699,9.7862947e-05,0.27670091
82.9,39.2699,9.7969722e-05,0.27700281
83,39.2699,9.7888585e-05,0.27677339
83.1,39.2699,9.8325307e-05,0.2780082
83.2,39.2699,9.8243095e-05,0.27777575
83.3,39.2699,9.7716236e-05,0.27628609
83.4,39.2699,9.818602e-05,0.27761437
83.5,39.2699,9.8222931e-05,0.27771874
83.6,39.2699,9.8290994e-05,0.27791118
83.7,39.2699,9.8431033e-05,0.27830713
83.8,39.2699,9.8554378e-05,0.27865588
83.9,39.2699,9.8610331e-05,0.27881408
84,39.2699,9.8567625e-05,0.27869334
84.1,39.2699,9.8485942e-05,0.27846238
84.2,39.2699,9.847358e-05,0.27842743
84.3,39.2699,9.8461512e-05,0.27839331
84.4,39.2699,9.856522e-05,0.27868654
84.5,39.2699,9.8585977e-05,0.27874522
84.6,39.2699,9.8543751e-05,0.27862583
84.7,39.2699,9.8535666e-05,0.27860297
84.8,39.2699,9.8370932e-05,0.2781372
84.9,39.2699,9.833989e-05,0.27804943
85,39.2699,9.8201541e-05,0.27765826
85.1,39.2699,9.8332058e-05,0.27802728
85.2,39.2699,9.834699e-05,0.2780695
85.3,39.2699,9.8402888e-05,0.27822755
85.4,39.2699,9.8268343e-05,0.27784714
85.5,39.2699,9.8025489e-05,0.27716048
85.6,39.2699,9.7916005e-05,0.27685092
85.7,39.2699,9.7765538e-05,0.27642549
85.8,39.2699,9.7910757e-05,0.27683609
85.9,39.2699,9.7908312e-05,0.27682917
86,39.2699,9.7973883e-05,0.27701457
86.1,39.2699,9.7818957e-05,0.27657653
86.2,39.2699,9.7590622e-05,0.27593092
86.3,39.2699,9.7454116e-05,0.27554497
86.4,39.2699,9.7435722e-05,0.27549295
86.5,39.2699,9.7583028e-05,0.27590945
86.6,39.2699,9.7734661e-05,0.27633819
86.7,39.2699,9.7807613e-05,0.27654445
86.8,39.2699,9.7751318e-05,0.27638528
86.9,39.2699,9.7509806e-05,0.27570242
87,39.2699,9.7460094e-05,0.27556187
87.1,39.2699,9.743245e-05,0.2754837
87.2,39.2699,9.7601581e-05,0.27596191
87.3,39.2699,9.7762314e-05,0.27641637
87.4,39.2699,9.7696867e-05,0.27623133
87.5,39.2699,9.7623226e-05,0.27602311
87.6,39.2699,9.730152e-05,0.27511351
87.7,39.2699,9.7136453e-05,0.27464679
87.8,39.2699,9.6539241e-05,0.27295822
87.9,39.2699,9.6775225e-05,0.27362545
88,19.63495,-1.7420208e-05,0.024627233
88.1,0,-2.7566224e-05,0
88.2,0,-1.5447406e-05,0
88.3,0,-1.0490085e-05,0
88.4,0,-7.9062177e-06,0
88.5,0,-6.0676404e-06,0
88.6,0,-4.6694662e-06,0
88.7,0,-3.5919859e-06,0
88.8,0,-2.7605569e-06,0
88.9,0,-2.1198635e-06,0
89,0,-1.6267785e-06,0
89.1,0,-1.2478604e-06,0
89.2,0,-9.5689873e-07,0
89.3,0,-7.3364797e-07,0
89.4,0,-5.6243945e-07,0
89.5,0,-4.3117719e-07,0
89.6,0,-3.3054627e-07,0
89.7,0,-2.5340995e-07,0
89.8,0,-1.9426944e-07,0
89.9,0,-1.4893594e-07,0
90,19.63495,0.00010922095,0.15440745
90.1,39.2699,7.3615147e-05,0.20814188
90.2,39.2699,5.9149135e-05,0.1672402
90.3,39.2699,5.7661314e-05,0.16303349
90.4,39.2699,8.0857539e-05,0.22861926
90.5,39.2699,0.00010351559,0.29268338
90.6,39.2699,9.9728978e-05,0.28197698
90.7,39.2699,9.8912645e-05,0.27966886
90.8,39.2699,9.9699618e-05,0.28189397
90.9,39.2699,9.854959e-05,0.27864234
91,39.2699,9.8237319e-05,0.27775942
91.1,39.2699,9.8237165e-05,0.27775898
91.2,39.2699,9.7941601e-05,0.2769233
91.3,39.2699,9.8069051e-05,0.27728365
91.4,39.2699,9.6415643e-05,0.27260875
91.5,39.2699,9.6838311e-05,0.27380382
91.6,39.2699,9.7649608e-05,0.2760977
91.7,39.2699,9.7974737e-05,0.27701698
91.8,39.2699,9.7874029e-05,0.27673224
91.9,39.2699,9.8117114e-05,0.27741955
92,39.2699,9.8222745e-05,0.27771821
92.1,39.2699,9.849385e-05,0.27848474
92.2,39.2699,9.8006984e-05,0.27710816
92.3,39.2699,9.7514914e-05,0.27571687
92.4,39.2699,9.6145257e-05,0.27184425
92.5,39.2699,9.6465855e-05,0.27275072
92.6,39.2699,9.7419147e-05,0.27544609
92.7,39.2699,9.7460658e-05,0.27556346
92.8,39.2699,9.7728217e-05,0.27631997
92.9,39.2699,9.7777867e-05,0.27646035
93,39.2699,9.7372507e-05,0.27531422
93.1,39.2699,9.75142e-05,0.27571485
93.2,39.2699,9.7395642e-05,0.27537963
93.3,39.2699,9.7861386e-05,0.27669649
93.4,39.2699,9.824832e-05,0.27779052
93.5,39.2699,9.8014635e-05,0.27712979
93.6,39.2699,9.8009315e-05,0.27711475
93.7,39.2699,9.7350633e-05,0.27525237
93.8,39.2699,9.7527194e-05,0.27575159
93.9,39.2699,9.7434993e-05,0.2754909
94,39.2699,9.790484e-05,0.27681936
94.1,39.2699,9.7872687e-05,0.27672845
94.2,39.2699,9.7695381e-05,0.27622712
94.3,39.2699,9.7389098e-05,0.27536113
94.4,39.2699,9.7297717e-05,0.27510276
94.5,39.2699,9.7460181e-05,0.27556211
94.6,39.2699,9.7876112e-05,0.27673813
94.7,39.2699,9.798132e-05,0.2770356
94.8,39.2699,9.8020524e-05,0.27714644
94.9,39.2699,9.7353108e-05,0.27525937
95,39.2699,9.736023e-05,0.27527951
95.1,39.2699,9.7013274e-05,0.27429851
95.2,39.2699,9.7487456e-05,0.27563923
95.3,39.2699,9.7608816e-05,0.27598237
95.4,39.2699,9.7835517e-05,0.27662335
95.5,39.2699,9.7553886e-05,0.27582706
95.6,39.2699,9.7322853e-05,0.27517383
95.7,39.2699,9.7204788e-05,0.27484001
95.8,39.2699,9.7268747e-05,0.27502085
95.9,39.2699,9.7716644e-05,0.27628725
96,39.2699,9.7902364e-05,0.27681235
96.1,39.2699,9.7780202e-05,0.27646695
96.2,39.2699,9.7493625e-05,0.27565667
96.3,39.2699,9.6820663e-05,0.27375392
96.4,39.2699,9.697385e-05,0.27418705
96.5,39.2699,9.6945254e-05,0.27410619
96.6,39.2699,9.7654188e-05,0.27611065
96.7,39.2699,9.7655618e-05,0.2761147
96.8,39.2699,9.7692502e-05,0.27621898
96.9,39.2699,9.7371538e-05,0.27531148
97,39.2699,9.7034114e-05,0.27435744
97.1,39.2699,9.7295473e-05,0.27509641
97.2,39.2699,9.7476026e-05,0.27560691
97.3,39.2699,9.7707313e-05,0.27626086
97.4,39.2699,9.7648029e-05,0.27609324
97.5,39.2699,9.6999e-05,0.27425815
97.6,39.2699,9.6877907e-05,0.27391577
97.7,39.2699,9.6589083e-05,0.27309914
97.8,39.2699,9.6859716e-05,0.27386434
97.9,39.2699,9.6665088e-05,0.27331404
98,19.63495,-1.714171e-05,0.024233517
98.1,0,-2.7615662e-05,0
98.2,0,-1.5478754e-05,0
98.3,0,-1.049159e-05,0
98.4,0,-7.9109322e-06,0
98.5,0,-6.0705144e-06,0
98.6,0,-4.6710782e-06,0
98.7,0,-3.5930514e-06,0
98.8,0,-2.7613801e-06,0
98.9,0,-2.1204801e-06,0
99,0,-1.6272758e-06,0
99.1,0,-1.2482052e-06,0
99.2,0,-9.57192e-07,0
99.3,0,-7.3389024e-07,0
99.4,0,-5.6264062e-07,0
99.5,0,-4.3132902e-07,0
99.6,0,-3.3066932e-07,0
99.7,0,-2.5350038e-07,0
99.8,0,-1.9433598e-07,0
99.9,0,-1.489812e-07,0
100,19.63495,0.0001092411,0.15443593
100.1,39.2699,7.3592244e-05,0.20807713
100.2,39.2699,5.915619e-05,0.16726015
100.3,39.2699,5.7675281e-05,0.16307298
100.4,39.2699,8.0727014e-05,0.22825021
100.5,39.2699,0.00010280956,0.29068712
100.6,39.2699,0.00010005691,0.2829042
100.7,39.2699,9.8193234e-05,0.27763477
100.8,39.2699,9.9580893e-05,0.28155828
100.9,39.2699,9.9052812e-05,0.28006517
101,39.2699,9.7932334e-05,0.27689709
101.1,39.2699,9.8517312e-05,0.27855108
101.2,39.2699,9.7573195e-05,0.27588165
101.3,39.2699,9.6658507e-05,0.27329543
101.4,39.2699,9.7941897e-05,0.27692413
101.5,39.2699,9.7539124e-05,0.27578532
101.6,39.2699,9.7565037e-05,0.27585859
101.7,39.2699,9.775207e-05,0.27638741
101.8,39.2699,9.680275e-05,0.27370327
101.9,39.2699,9.6336253e-05,0.27238428
102,39.2699,9.7287314e-05,0.27507334
102.1,39.2699,9.6989198e-05,0.27423044
102.2,39.2699,9.7125747e-05,0.27461652
102.3,39.2699,9.7961373e-05,0.2769792
102.4,39.2699,9.7106527e-05,0.27456218
102.5,39.2699,9.6074842e-05,0.27164516
102.6,39.2699,9.6061192e-05,0.27160656
102.7,39.2699,9.6081971e-05,0.27166532
102.8,39.2699,9.6554418e-05,0.27300113
102.9,39.2699,9.7175397e-05,0.2747569
103,39.2699,9.7086054e-05,0.27450429
103.1,39.2699,9.7484654e-05,0.27563131
103.2,39.2699,9.7353324e-05,0.27525998
103.3,39.2699,9.7754835e-05,0.27639523
103.4,39.2699,9.752014e-05,0.27573164
103.5,39.2699,9.7731942e-05,0.2763305
103.6,39.2699,9.753805e-05,0.27578228
103.7,39.2699,9.7604295e-05,0.27596958
103.8,39.2699,9.7739822e-05,0.27635278
103.9,39.2699,9.7596488e-05,0.27594751
104,39.2699,9.7868564e-05,0.27671679
104.1,39.2699,9.7654258e-05,0.27611085
104.2,39.2699,9.7822921e-05,0.27658773
104.3,39.2699,9.7652951e-05,0.27610716
104.4,39.2699,9.7796574e-05,0.27651324
104.5,39.2699,9.7776147e-05,0.27645549
104.6,39.2699,9.7812087e-05,0.2765571
104.7,39.2699,9.7774754e-05,0.27645155
104.8,39.2699,9.7664745e-05,0.2761405
104.9,39.2699,9.7636035e-05,0.27605933
105,39.2699,9.7567288e-05,0.27586495
105.1,39.2699,9.7549254e-05,0.27581396
105.2,39.2699,9.7508401e-05,0.27569845
105.3,39.2699,9.7550119e-05,0.27581641
105.4,39.2699,9.7452029e-05,0.27553906
105.5,39.2699,9.7577229e-05,0.27589306
105.6,39.2699,9.756022e-05,0.27584497
105.7,39.2699,9.7662701e-05,0.27613473
105.8,39.2699,9.7678862e-05,0.27618042
105.9,39.2699,9.7625229e-05,0.27602878
106,39.2699,9.75502e-05,0.27581663
106.1,39.2699,9.7461786e-05,0.27556665
106.2,39.2699,9.7419609e-05,0.2754474
106.3,39.2699,9.733283e-05,0.27520204
106.4,39.2699,9.726166e-05,0.27500081
106.5,39.2699,9.723315e-05,0.2749202
106.6,39.2699,9.7183797e-05,0.27478065
106.7,39.2699,9.7157676e-05,0.2747068
106.8,39.2699,9.7152885e-05,0.27469325
106.9,39.2699,9.7123273e-05,0.27460953
107,39.2699,9.7163039e-05,0.27472196
107.1,39.2699,9.70818e-05,0.27449227
107.2,39.2699,9.7104014e-05,0.27455508
107.3,39.2699,9.7089997e-05,0.27451544
107.4,39.2699,9.7118551e-05,0.27459618
107.5,39.2699,9.7021379e-05,0.27432143
107.6,39.2699,9.7009208e-05,0.27428702
107.7,39.2699,9.6943725e-05,0.27410187
107.8,39.2699,9.6993461e-05,0.27424249
107.9,39.2699,9.6944688e-05,0.27410459
108,19.63495,-1.7323481e-05,0.024490489
108.1,0,-2.71598e-05,0
108.2,0,-1.537019e-05,0
108.3,0,-1.0431618e-05,0
108.4,0,-7.8786072e-06,0
108.5,0,-6.0517668e-06,0
108.6,0,-4.6603282e-06,0
108.7,0,-3.5865863e-06,0
108.8,0,-2.7570277e-06,0
108.9,0,-2.1172137e-06,0
109,0,-1.6247977e-06,0
109.1,0,-1.2463229e-06,0
109.2,0,-9.5576953e-07,0
109.3,0,-7.3281549e-07,0
109.4,0,-5.6180684e-07,0
109.5,0,-4.3070446e-07,0
109.6,0,-3.3018321e-07,0
109.7,0,-2.5311898e-07,0
109.8,0,-1.9404772e-07,0
109.9,0,-1.4876798e-07,0
110,19.63495,0.00010925615,0.15445721
110.1,39.2699,7.3647724e-05,0.20823399
110.2,39.2699,5.9176925e-05,0.16731878
110.3,39.2699,5.769859e-05,0.16313889
110.4,39.2699,8.0433811e-05,0.22742119
110.5,39.2699,0.00010260401,0.29010595
110.6,39.2699,9.9892915e-05,0.2824405
110.7,39.2699,9.6731929e-05,0.27350303
110.8,39.2699,9.875119e-05,0.27921235
110.9,39.2699,9.7398453e-05,0.27538758
111,39.2699,9.7915901e-05,0.27685063
111.1,39.2699,9.7925737e-05,0.27687844
111.2,39.2699,9.7325746e-05,0.27518201
111.3,39.2699,9.6082789e-05,0.27166763
111.4,39.2699,9.6938656e-05,0.27408754
111.5,39.2699,9.5302611e-05,0.26946173
111.6,39.2699,9.7394872e-05,0.27537745
111.7,39.2699,9.7664821e-05,0.27614072
111.8,39.2699,9.762568e-05,0.27603005
111.9,39.2699,9.8256488e-05,0.27781362
112,39.2699,9.7972352e-05,0.27701024
112.1,39.2699,9.7870215e-05,0.27672146
112.2,39.2699,9.7482221e-05,0.27562443
112.3,39.2699,9.6692962e-05,0.27339285
112.4,39.2699,9.7459714e-05,0.27556079
112.5,39.2699,9.7324029e-05,0.27517715
112.6,39.2699,9.7543395e-05,0.27579739
112.7,39.2699,9.7683533e-05,0.27619363
112.8,39.2699,9.7770382e-05,0.27643918
112.9,39.2699,9.7698522e-05,0.27623601
113,39.2699,9.7254556e-05,0.27498072
113.1,39.2699,9.7128742e-05,0.27462499
113.2,39.2699,9.7040187e-05,0.27437461
113.3,39.2699,9.7448429e-05,0.27552888
113.4,39.2699,9.7840191e-05,0.27663657
113.5,39.2699,9.7736649e-05,0.27634381
113.6,39.2699,9.7706007e-05,0.27625717
113.7,39.2699,9.7151699e-05,0.2746899
113.8,39.2699,9.744573e-05,0.27552125
113.9,39.2699,9.7661798e-05,0.27613217
114,39.2699,9.7975088e-05,0.27701798
114.1,39.2699,9.8187217e-05,0.27761776
114.2,39.2699,9.7363642e-05,0.27528916
114.3,39.2699,9.7281258e-05,0.27505622
114.4,39.2699,9.6726702e-05,0.27348825
114.5,39.2699,9.7423288e-05,0.2754578
114.6,39.2699,9.7717385e-05,0.27628934
114.7,39.2699,9.8124983e-05,0.2774418
114.8,39.2699,9.7992376e-05,0.27706686
114.9,39.2699,9.742408e-05,0.27546004
115,39.2699,9.7494256e-05,0.27565846
115.1,39.2699,9.7380032e-05,0.2753355
115.2,39.2699,9.7945863e-05,0.27693534
115.3,39.2699,9.8203197e-05,0.27766294
115.4,39.2699,9.792661e-05,0.27688091
115.5,39.2699,9.7594535e-05,0.27594199
115.6,39.2699,9.697164e-05,0.2741808
115.7,39.2699,9.6961534e-05,0.27415222
115.8,39.2699,9.7246118e-05,0.27495686
115.9,39.2699,9.7856946e-05,0.27668394
116,39.2699,9.7968318e-05,0.27699884
116.1,39.2699,9.7558468e-05,0.27584001
116.2,39.2699,9.7409097e-05,0.27541768
116.3,39.2699,9.7014122e-05,0.27430091
116.4,39.2699,9.7514452e-05,0.27571556
116.5,39.2699,9.7749819e-05,0.27638104
116.6,39.2699,9.7820114e-05,0.2765798
116.7,39.2699,9.740922e-05,0.27541802
116.8,39.2699,9.7166711e-05,0.27473235
116.9,39.2699,9.6167538e-05,0.27190725
117,39.2699,9.5608662e-05,0.27032707
117.1,39.2699,9.7165607e-05,0.27472922
117.2,39.2699,9.7452504e-05,0.27554041
117.3,39.2699,9.7430887e-05,0.27547929
117.4,39.2699,9.7151081e-05,0.27468815
117.5,39.2699,9.6900349e-05,0.27397923
117.6,39.2699,9.6928768e-05,0.27405958
117.7,39.2699,9.7038421e-05,0.27436961
117.8,39.2699,9.7282363e-05,0.27505934
117.9,39.2699,9.73629e-05,0.27528706
118,19.63495,-1.7072611e-05,0.02413583
118.1,0,-2.7405789e-05,0
118.2,0,-1.5381373e-05,0
118.3,0,-1.0433538e-05,0
118.4,0,-7.8863383e-06,0
118.5,0,-6.0595609e-06,0
118.6,0,-4.665912e-06,0
118.7,0,-3.5902924e-06,0
118.8,0,-2.7595447e-06,0
118.9,0,-2.1191108e-06,0
119,0,-1.6262156e-06,0
119.1,0,-1.2474478e-06,0
119.2,0,-9.5660722e-07,0
119.3,0,-7.3343489e-07,0
119.4,0,-5.622925e-07,0
119.5,0,-4.310776e-07,0
119.6,0,-3.3046979e-07,0
119.7,0,-2.5334509e-07,0
119.8,0,-1.9422603e-07,0
119.9,0,-1.4890372e-07,0
120,19.63495,0.00010923645,0.15442937
120.1,39.2699,7.3658495e-05,0.20826444
120.2,39.2699,5.9184639e-05,0.16734059
120.3,39.2699,5.7661165e-05,0.16303307
120.4,39.2699,8.0262158e-05,0.22693586
120.5,39.2699,0.0001026952,0.29036377
120.6,39.2699,9.9794813e-05,0.28216313
120.7,39.2699,9.7896596e-05,0.27679605
120.8,39.2699,9.9321482e-05,0.28082482
120.9,39.2699,9.8722271e-05,0.27913059
121,39.2699,9.8745088e-05,0.2791951
121.1,39.2699,9.8553492e-05,0.27865338
121.2,39.2699,9.8563892e-05,0.27868278
121.3,39.2699,9.7618552e-05,0.2760099
121.4,39.2699,9.7371724e-05,0.27531201
121.5,39.2699,9.6683682e-05,0.27336661
121.6,39.2699,9.7413103e-05,0.275429
121.7,39.2699,9.8243119e-05,0.27777582
121.8,39.2699,9.8042593e-05,0.27720884
121.9,39.2699,9.8221143e-05,0.27771368
122,39.2699,9.8010733e-05,0.27711876
122.1,39.2699,9.8110802e-05,0.2774017
122.2,39.2699,9.8072899e-05,0.27729453
122.3,39.2699,9.8189756e-05,0.27762494
122.4,39.2699,9.8199171e-05,0.27765156
122.5,39.2699,9.8313846e-05,0.27797579
122.6,39.2699,9.8492094e-05,0.27847978
122.7,39.2699,9.8288041e-05,0.27790283
122.8,39.2699,9.8311829e-05,0.27797009
122.9,39.2699,9.8605747e-05,0.27880112
123,39.2699,9.8129061e-05,0.27745333
123.1,39.2699,9.8065841e-05,0.27727458
123.2,39.2699,9.7312394e-05,0.27514426
123.3,39.2699,9.7413364e-05,0.27542974
123.4,39.2699,9.7502693e-05,0.27568231
123.5,39.2699,9.7861234e-05,0.27669606
123.6,39.2699,9.8160398e-05,0.27754193
123.7,39.2699,9.7693543e-05,0.27622193
123.8,39.2699,9.7369158e-05,0.27530475
123.9,39.2699,9.6882316e-05,0.27392824
124,39.2699,9.7109571e-05,0.27457079
124.1,39.2699,9.7506756e-05,0.2756938
124.2,39.2699,9.7974007e-05,0.27701492
124.3,39.2699,9.8183754e-05,0.27760797
124.4,39.2699,9.7770558e-05,0.27643968
124.5,39.2699,9.7536083e-05,0.27577672
124.6,39.2699,9.7274906e-05,0.27503826
124.7,39.2699,9.7506275e-05,0.27569244
124.8,39.2699,9.7975916e-05,0.27702032
124.9,39.2699,9.7966342e-05,0.27699325
125,39.2699,9.7846762e-05,0.27665514
125.1,39.2699,9.712652e-05,0.27461871
125.2,39.2699,9.6881999e-05,0.27392734
125.3,39.2699,9.6718974e-05,0.2734664
125.4,39.2699,9.7362666e-05,0.27528639
125.5,39.2699,9.7753638e-05,0.27639184
125.6,39.2699,9.7933845e-05,0.27690137
125.7,39.2699,9.762771e-05,0.27603579
125.8,39.2699,9.7104205e-05,0.27455561
125.9,39.2699,9.7171594e-05,0.27474615
126,39.2699,9.7128948e-05,0.27462557
126.1,39.2699,9.7729849e-05,0.27632458
126.2,39.2699,9.7775511e-05,0.27645369
126.3,39.2699,9.8063689e-05,0.27726849
126.4,39.2699,9.7638171e-05,0.27606537
126.5,39.2699,9.7263992e-05,0.2750074
126.6,39.2699,9.7670215e-05,0.27615597
126.7,39.2699,9.7923527e-05,0.27687219
126.8,39.2699,9.8137499e-05,0.27747718
126.9,39.2699,9.7804997e-05,0.27653706
127,39.2699,9.7277216e-05,0.27504479
127.1,39.2699,9.7157507e-05,0.27470632
127.2,39.2699,9.7087333e-05,0.27450791
127.3,39.2699,9.7131156e-05,0.27463182
127.4,39.2699,9.7281721e-05,0.27505753
127.5,39.2699,9.661747e-05,0.27317941
127.6,39.2699,9.5152011e-05,0.26903592
127.7,39.2699,9.58137e-05,0.2709068
127.8,39.2699,9.6491937e-05,0.27282447
127.9,39.2699,9.6463686e-05,0.27274459
128,19.63495,-1.7533838e-05,0.024787875
128.1,0,-2.7681006e-05,0
128.2,0,-1.5479267e-05,0
128.3,0,-1.0495781e-05,0
128.4,0,-7.9036548e-06,0
128.5,0,-6.0610387e-06,0
128.6,0,-4.6622385e-06,0
128.7,0,-3.5859259e-06,0
128.8,0,-2.7560156e-06,0
128.9,0,-2.1164658e-06,0
129,0,-1.6243095e-06,0
129.1,0,-1.2459713e-06,0
129.2,0,-9.5545831e-07,0
129.3,0,-7.3257212e-07,0
129.4,0,-5.6165253e-07,0
129.5,0,-4.3057874e-07,0
129.6,0,-3.3008942e-07,0
129.7,0,-2.5305925e-07,0
129.8,0,-1.9400336e-07,0
129.9,0,-1.4873014e-07,0
130,19.63495,0.00010925061,0.15444938
130.1,39.2699,7.3679447e-05,0.20832369
130.2,39.2699,5.9203439e-05,0.16739375
130.3,39.2699,5.762662e-05,0.16293539
130.4,39.2699,8.0469635e-05,0.22752249
130.5,39.2699,0.0001020128,0.28843435
130.6,39.2699,9.9855117e-05,0.28233363
130.7,39.2699,9.8580784e-05,0.27873054
130.8,39.2699,9.8669377e-05,0.27898103
130.9,39.2699,9.8890535e-05,0.27960634
131,39.2699,9.8891257e-05,0.27960838
131.1,39.2699,9.856606e-05,0.27868891
131.2,39.2699,9.8654334e-05,0.2789385
131.3,39.2699,9.8567642e-05,0.27869338
131.4,39.2699,9.6855297e-05,0.27385184
131.5,39.2699,9.7366381e-05,0.2752969
131.6,39.2699,9.7008218e-05,0.27428422
131.7,39.2699,9.668076e-05,0.27335835
131.8,39.2699,9.7757172e-05,0.27640184
131.9,39.2699,9.7959687e-05,0.27697443
132,39.2699,9.798641e-05,0.27704999
132.1,39.2699,9.809094e-05,0.27734554
132.2,39.2699,9.8220906e-05,0.27771301
132.3,39.2699,9.8346231e-05,0.27806736
132.4,39.2699,9.8101795e-05,0.27737623
132.5,39.2699,9.8098609e-05,0.27736722
132.6,39.2699,9.832797e-05,0.27801573
132.7,39.2699,9.8055823e-05,0.27724625
132.8,39.2699,9.8259022e-05,0.27782078
132.9,39.2699,9.7346799e-05,0.27524153
133,39.2699,9.7449215e-05,0.27553111
133.1,39.2699,9.8061482e-05,0.27726225
133.2,39.2699,9.7914964e-05,0.27684798
133.3,39.2699,9.8219104e-05,0.27770792
133.4,39.2699,9.7995702e-05,0.27707626
133.5,39.2699,9.8247349e-05,0.27778778
133.6,39.2699,9.8493987e-05,0.27848513
133.7,39.2699,9.8672469e-05,0.27898977
133.8,39.2699,9.8935813e-05,0.27973436
133.9,39.2699,9.8634512e-05,0.27888245
134,39.2699,9.8767328e-05,0.27925798
134.1,39.2699,9.8567245e-05,0.27869226
134.2,39.2699,9.8731804e-05,0.27915754
134.3,39.2699,9.8781432e-05,0.27929786
134.4,39.2699,9.8629429e-05,0.27886808
134.5,39.2699,9.8437349e-05,0.27832499
134.6,39.2699,9.8161711e-05,0.27754564
134.7,39.2699,9.8132073e-05,0.27746184
134.8,39.2699,9.8254911e-05,0.27780916
134.9,39.2699,9.8433056e-05,0.27831285
135,39.2699,9.8629862e-05,0.27886931
135.1,39.2699,9.8667869e-05,0.27897677
135.2,39.2699,9.8592052e-05,0.2787624
135.3,39.2699,9.819469e-05,0.27763889
135.4,39.2699,9.7805444e-05,0.27653832
135.5,39.2699,9.7427956e-05,0.275471
135.6,39.2699,9.7353636e-05,0.27526086
135.7,39.2699,9.7468661e-05,0.27558609
135.8,39.2699,9.7600629e-05,0.27595922
135.9,39.2699,9.7369031e-05,0.27530439
136,39.2699,9.7176724e-05,0.27476066
136.1,39.2699,9.7104047e-05,0.27455517
136.2,39.2699,9.7271519e-05,0.27502868
136.3,39.2699,9.7423739e-05,0.27545907
136.4,39.2699,9.7573797e-05,0.27588335
136.5,39.2699,9.766204e-05,0.27613285
136.6,39.2699,9.7194365e-05,0.27481053
136.7,39.2699,9.7155091e-05,0.27469949
136.8,39.2699,9.7124556e-05,0.27461315
136.9,39.2699,9.7441123e-05,0.27550823
137,39.2699,9.7568636e-05,0.27586876
137.1,39.2699,9.7812884e-05,0.27655936
137.2,39.2699,9.7218874e-05,0.27487983
137.3,39.2699,9.6585492e-05,0.27308899
137.4,39.2699,9.6512916e-05,0.27288379
137.5,39.2699,9.5388146e-05,0.26970357
137.6,39.2699,9.5551978e-05,0.2701668
137.7,39.2699,9.682728e-05,0.27377263
137.8,39.2699,9.7078033e-05,0.27448161
137.9,39.2699,9.6753349e-05,0.27356359
138,19.63495,-1.7684805e-05,0.0250013
138.1,0,-2.7635952e-05,0
138.2,0,-1.5445075e-05,0
138.3,0,-1.0504935e-05,0
138.4,0,-7.919111e-06,0
138.5,0,-6.0755351e-06,0
138.6,0,-4.6746406e-06,0
138.7,0,-3.5959506e-06,0
138.8,0,-2.7637215e-06,0
138.9,0,-2.1222652e-06,0
139,0,-1.628658e-06,0
139.1,0,-1.2493019e-06,0
139.2,0,-9.5804183e-07,0
139.3,0,-7.3455264e-07,0
139.4,0,-5.6314725e-07,0
139.5,0,-4.3172664e-07,0
139.6,0,-3.3096971e-07,0
139.7,0,-2.5373354e-07,0
139.8,0,-1.9452305e-07,0
139.9,0,-1.4913626e-07,0
140,19.63495,0.00010925546,0.15445623
140.1,39.2699,7.3780514e-05,0.20860945
140.2,39.2699,5.9270284e-05,0.16758275
140.3,39.2699,5.7678316e-05,0.16308156
140.4,39.2699,8.0181712e-05,0.2267084
140.5,39.2699,0.00010236437,0.28942837
140.6,39.2699,9.9729131e-05,0.28197742
140.7,39.2699,9.7725903e-05,0.27631342
140.8,39.2699,9.8161984e-05,0.27754641
140.9,39.2699,9.7453229e-05,0.27554246
141,39.2699,9.6974884e-05,0.27418997
141.1,39.2699,9.7147579e-05,0.27467825
141.2,39.2699,9.7775043e-05,0.27645236
141.3,39.2699,9.6611527e-05,0.2731626
141.4,39.2699,9.5817715e-05,0.27091815
141.5,39.2699,9.6039532e-05,0.27154532
141.6,39.2699,9.7452944e-05,0.27554165
141.7,39.2699,9.7270782e-05,0.2750266
141.8,39.2699,9.7154126e-05,0.27469676
141.9,39.2699,9.8016118e-05,0.27713399
142,39.2699,9.6759487e-05,0.27358095
142.1,39.2699,9.7500763e-05,0.27567686
142.2,39.2699,9.7707789e-05,0.27626221
142.3,39.2699,9.7495262e-05,0.2756613
142.4,39.2699,9.7841811e-05,0.27664114
142.5,39.2699,9.7711581e-05,0.27627293
142.6,39.2699,9.7818028e-05,0.2765739
142.7,39.2699,9.7382241e-05,0.27534174
142.8,39.2699,9.7683876e-05,0.2761946
142.9,39.2699,9.7496858e-05,0.27566581
143,39.2699,9.8007534e-05,0.27710972
143.1,39.2699,9.8151997e-05,0.27751818
143.2,39.2699,9.794264e-05,0.27692623
143.3,39.2699,9.7871185e-05,0.2767242
143.4,39.2699,9.7368406e-05,0.27530263
143.5,39.2699,9.7568184e-05,0.27586748
143.6,39.2699,9.7638991e-05,0.27606769
143.7,39.2699,9.7963474e-05,0.27698514
143.8,39.2699,9.8018285e-05,0.27714011
143.9,39.2699,9.7657694e-05,0.27612057
144,39.2699,9.7376878e-05,0.27532658
144.1,39.2699,9.7379793e-05,0.27533482
144.2,39.2699,9.737662e-05,0.27532585
144.3,39.2699,9.700942e-05,0.27428762
144.4,39.2699,9.6301105e-05,0.2722849
144.5,39.2699,9.7589265e-05,0.27592709
144.6,39.2699,9.7280937e-05,0.27505531
144.7,39.2699,9.7186486e-05,0.27478826
144.8,39.2699,9.7057013e-05,0.27442218
144.9,39.2699,9.7399678e-05,0.27539104
145,39.2699,9.7635278e-05,0.27605719
145.1,39.2699,9.7800677e-05,0.27652484
145.2,39.2699,9.7575151e-05,0.27588718
145.3,39.2699,9.7216376e-05,0.27487277
145.4,39.2699,9.7254986e-05,0.27498194
145.5,39.2699,9.7284984e-05,0.27506676
145.6,39.2699,9.766768e-05,0.2761488
145.7,39.2699,9.7743545e-05,0.27636331
145.8,39.2699,9.7641992e-05,0.27607617
145.9,39.2699,9.7432191e-05,0.27548297
146,39.2699,9.7220466e-05,0.27488433
146.1,39.2699,9.7404948e-05,0.27540594
146.2,39.2699,9.7465442e-05,0.27557699
146.3,39.2699,9.7730996e-05,0.27632782
146.4,39.2699,9.7744875e-05,0.27636707
146.5,39.2699,9.7590427e-05,0.27593037
146.6,39.2699,9.7395941e-05,0.27538048
146.7,39.2699,9.7193926e-05,0.27480929
146.8,39.2699,9.7448678e-05,0.27552959
146.9,39.2699,9.7571475e-05,0.27587679
147,39.2699,9.7753779e-05,0.27639224
147.1,39.2699,9.7630119e-05,0.2760426
147.2,39.2699,9.7477863e-05,0.27561211
147.3,39.2699,9.7371893e-05,0.27531249
147.4,39.2699,9.7323743e-05,0.27517634
147.5,39.2699,9.7423767e-05,0.27545916
147.6,39.2699,9.7483086e-05,0.27562687
147.7,39.2699,9.7632405e-05,0.27604906
147.8,39.2699,9.7479728e-05,0.27561738
147.9,39.2699,9.7361068e-05,0.27528188
148,19.63495,-1.7057235e-05,0.024114093
148.1,0,-2.7369888e-05,0
148.2,0,-1.5362511e-05,0
148.3,0,-1.043146e-05,0
148.4,0,-7.8829573e-06,0
148.5,0,-6.057502e-06,0
148.6,0,-4.6655471e-06,0
148.7,0,-3.5906665e-06,0
148.8,0,-2.7599863e-06,0
148.9,0,-2.1194522e-06,0
149,0,-1.6264715e-06,0
149.1,0,-1.2475991e-06,0
149.2,0,-9.5672586e-07,0
149.3,0,-7.3353332e-07,0
149.4,0,-5.6235328e-07,0
149.5,0,-4.3111538e-07,0
149.6,0,-3.3050118e-07,0
149.7,0,-2.5337562e-07,0
149.8,0,-1.9424916e-07,0
149.9,0,-1.4892538e-07,0
150,19.63495,0.00010923549,0.15442801
150.1,39.2699,7.3609681e-05,0.20812643
150.2,39.2699,5.9151636e-05,0.16724728
150.3,39.2699,5.7552975e-05,0.16272717
150.4,39.2699,8.0127139e-05,0.2265541
150.5,39.2699,0.00010201159,0.2884309
150.6,39.2699,9.9646897e-05,0.2817449
150.7,39.2699,9.8595936e-05,0.27877338
150.8,39.2699,9.7399387e-05,0.27539022
150.9,39.2699,9.7331823e-05,0.27519919
151,39.2699,9.8482277e-05,0.27845202
151.1,39.2699,9.7079679e-05,0.27448627
151.2,39.2699,9.8134024e-05,0.27746736
151.3,39.2699,9.6987363e-05,0.27422525
151.4,39.2699,9.5867523e-05,0.27105898
151.5,39.2699,9.6485577e-05,0.27280649
151.6,39.2699,9.7690662e-05,0.27621378
151.7,39.2699,9.7807815e-05,0.27654502
151.8,39.2699,9.7376114e-05,0.27532442
151.9,39.2699,9.8243148e-05,0.2777759
152,39.2699,9.704511e-05,0.27438853
152.1,39.2699,9.7675064e-05,0.27616968
152.2,39.2699,9.7888827e-05,0.27677408
152.3,39.2699,9.776305e-05,0.27641845
152.4,39.2699,9.8011454e-05,0.2771208
152.5,39.2699,9.7934939e-05,0.27690446
152.6,39.2699,9.8124015e-05,0.27743906
152.7,39.2699,9.7835135e-05,0.27662227
152.8,39.2699,9.7855387e-05,0.27667953
152.9,39.2699,9.760736e-05,0.27597825
153,39.2699,9.7971123e-05,0.27700677
153.1,39.2699,9.8115339e-05,0.27741453
153.2,39.2699,9.8134126e-05,0.27746765
153.3,39.2699,9.7977575e-05,0.27702501
153.4,39.2699,9.7426619e-05,0.27546722
153.5,39.2699,9.7428447e-05,0.27547239
153.6,39.2699,9.7392357e-05,0.27537034
153.7,39.2699,9.7823206e-05,0.27658854
153.8,39.2699,9.8132039e-05,0.27746174
153.9,39.2699,9.785526e-05,0.27667917
154,39.2699,9.7362398e-05,0.27528564
154.1,39.2699,9.7082759e-05,0.27449498
154.2,39.2699,9.6355579e-05,0.27243892
154.3,39.2699,9.6662375e-05,0.27330637
154.4,39.2699,9.7487458e-05,0.27563924
154.5,39.2699,9.7681456e-05,0.27618775
154.6,39.2699,9.7302343e-05,0.27511584
154.7,39.2699,9.7136125e-05,0.27464587
154.8,39.2699,9.6888326e-05,0.27394523
154.9,39.2699,9.723871e-05,0.27493592
155,39.2699,9.7512992e-05,0.27571143
155.1,39.2699,9.7745867e-05,0.27636987
155.2,39.2699,9.7564994e-05,0.27585846
155.3,39.2699,9.7170383e-05,0.27474273
155.4,39.2699,9.7116106e-05,0.27458926
155.5,39.2699,9.7098015e-05,0.27453811
155.6,39.2699,9.7535397e-05,0.27577478
155.7,39.2699,9.7734782e-05,0.27633853
155.8,39.2699,9.7663589e-05,0.27613724
155.9,39.2699,9.7430842e-05,0.27547916
156,39.2699,9.7139888e-05,0.2746565
156.1,39.2699,9.7285857e-05,0.27506922
156.2,39.2699,9.7311338e-05,0.27514127
156.3,39.2699,9.7620823e-05,0.27601632
156.4,39.2699,9.7712135e-05,0.27627449
156.5,39.2699,9.7591442e-05,0.27593325
156.6,39.2699,9.7357299e-05,0.27527122
156.7,39.2699,9.7123893e-05,0.27461128
156.8,39.2699,9.734815e-05,0.27524535
156.9,39.2699,9.7461476e-05,0.27556577
157,39.2699,9.7686942e-05,0.27620326
157.1,39.2699,9.7615337e-05,0.2760008
157.2,39.2699,9.7456247e-05,0.27555099
157.3,39.2699,9.733022e-05,0.27519466
157.4,39.2699,9.7232694e-05,0.27491891
157.5,39.2699,9.7360159e-05,0.27527931
157.6,39.2699,9.7442901e-05,0.27551326
157.7,39.2699,9.7575099e-05,0.27588704
157.8,39.2699,9.7451105e-05,0.27553645
157.9,39.2699,9.7302981e-05,0.27511764
158,19.63495,-1.7100714e-05,0.024175559
158.1,0,-2.7374844e-05,0
158.2,0,-1.5370984e-05,0
158.3,0,-1.0436755e-05,0
158.4,0,-7.887783e-06,0
158.5,0,-6.0614545e-06,0
158.6,0,-4.6684641e-06,0
158.7,0,-3.5927562e-06,0
158.8,0,-2.7614894e-06,0
158.9,0,-2.1204803e-06,0
159,0,-1.6272352e-06,0
159.1,0,-1.248178e-06,0
159.2,0,-9.5717633e-07,0
159.3,0,-7.3388146e-07,0
159.4,0,-5.6262141e-07,0
159.5,0,-4.3132101e-07,0
159.6,0,-3.3065939e-07,0
159.7,0,-2.5349743e-07,0
159.8,0,-1.9434117e-07,0
159.9,0,-1.4899725e-07,0
160,19.63495,0.00010922691,0.15441587
160.1,39.2699,7.3607807e-05,0.20812113
160.2,39.2699,5.9157042e-05,0.16726256
160.3,39.2699,5.7481681e-05,0.16252559
160.4,39.2699,8.0113588e-05,0.22651579
160.5,39.2699,0.00010256031,0.2899824
160.6,39.2699,9.9349492e-05,0.28090401
160.7,39.2699,9.875337e-05,0.27921852
160.8,39.2699,9.8437807e-05,0.27832628
160.9,39.2699,9.8995938e-05,0.27990436
161,39.2699,9.8965952e-05,0.27981958
161.1,39.2699,9.7581285e-05,0.27590453
161.2,39.2699,9.8642806e-05,0.2789059
161.3,39.2699,9.7375179e-05,0.27532178
161.4,39.2699,9.621591e-05,0.27204402
161.5,39.2699,9.6974756e-05,0.2741896
161.6,39.2699,9.8256858e-05,0.27781466
161.7,39.2699,9.7772909e-05,0.27644633
161.8,39.2699,9.660499e-05,0.27314412
161.9,39.2699,9.7616799e-05,0.27600494
162,39.2699,9.695605e-05,0.27413672
162.1,39.2699,9.646774e-05,0.27275605
162.2,39.2699,9.7832707e-05,0.27661541
162.3,39.2699,9.7827321e-05,0.27660018
162.4,39.2699,9.7879825e-05,0.27674863
162.5,39.2699,9.7882132e-05,0.27675515
162.6,39.2699,9.8054696e-05,0.27724306
162.7,39.2699,9.8097588e-05,0.27736434
162.8,39.2699,9.8255582e-05,0.27781106
162.9,39.2699,9.8211568e-05,0.27768661
163,39.2699,9.8178102e-05,0.27759199
163.1,39.2699,9.7973671e-05,0.27701397
163.2,39.2699,9.782435e-05,0.27659178
163.3,39.2699,9.7550584e-05,0.27581772
163.4,39.2699,9.7568091e-05,0.27586722
163.5,39.2699,9.7551264e-05,0.27581964
163.6,39.2699,9.768427e-05,0.27619571
163.7,39.2699,9.7783066e-05,0.27647505
163.8,39.2699,9.779519e-05,0.27650933
163.9,39.2699,9.7801576e-05,0.27652738
164,39.2699,9.7826594e-05,0.27659812
164.1,39.2699,9.7899103e-05,0.27680314
164.2,39.2699,9.7896514e-05,0.27679582
164.3,39.2699,9.7881787e-05,0.27675417
164.4,39.2699,9.7761141e-05,0.27641306
164.5,39.2699,9.7791529e-05,0.27649898
164.6,39.2699,9.812611e-05,0.27744498
164.7,39.2699,9.8234554e-05,0.2777516
164.8,39.2699,9.794498e-05,0.27693285
164.9,39.2699,9.7777652e-05,0.27645974
165,39.2699,9.7038708e-05,0.27437043
165.1,39.2699,9.6192186e-05,0.27197694
165.2,39.2699,9.7509574e-05,0.27570177
165.3,39.2699,9.7583074e-05,0.27590958
165.4,39.2699,9.7585952e-05,0.27591772
165.5,39.2699,9.7596847e-05,0.27594853
165.6,39.2699,9.7620887e-05,0.2760165
165.7,39.2699,9.7559743e-05,0.27584362
165.8,39.2699,9.7606985e-05,0.27597719
165.9,39.2699,9.7550026e-05,0.27581614
166,39.2699,9.7577368e-05,0.27589345
166.1,39.2699,9.7474932e-05,0.27560382
166.2,39.2699,9.7508706e-05,0.27569931
166.3,39.2699,9.7423716e-05,0.27545901
166.4,39.2699,9.7405907e-05,0.27540866
166.5,39.2699,9.7354157e-05,0.27526234
166.6,39.2699,9.7286817e-05,0.27507194
166.7,39.2699,9.7276426e-05,0.27504256
166.8,39.2699,9.720624e-05,0.27484411
166.9,39.2699,9.7222244e-05,0.27488936
167,39.2699,9.7149866e-05,0.27468472
167.1,39.2699,9.71548e-05,0.27469867
167.2,39.2699,9.7118254e-05,0.27459534
167.3,39.2699,9.7116146e-05,0.27458938
167.4,39.2699,9.714982e-05,0.27468459
167.5,39.2699,9.7103235e-05,0.27455287
167.6,39.2699,9.7034978e-05,0.27435988
167.7,39.2699,9.6957653e-05,0.27414125
167.8,39.2699,9.6959923e-05,0.27414767
167.9,39.2699,9.6925347e-05,0.27404991
168,19.63495,-1.7421701e-05,0.024629344
168.1,0,-2.7185908e-05,0
168.2,0,-1.5363881e-05,0
168.3,0,-1.0435638e-05,0
168.4,0,-7.8773186e-06,0
168.5,0,-6.0488637e-06,0
168.6,0,-4.6576853e-06,0
168.7,0,-3.5846656e-06,0
168.8,0,-2.7556048e-06,0
168.9,0,-2.1162231e-06,0
169,0,-1.6240151e-06,0
169.1,0,-1.2456886e-06,0
169.2,0,-9.5524287e-07,0
169.3,0,-7.3242435e-07,0
169.4,0,-5.6151306e-07,0
169.5,0,-4.3048161e-07,0
169.6,0,-3.3001239e-07,0
169.7,0,-2.5299746e-07,0
169.8,0,-1.9395393e-07,0
169.9,0,-1.4869317e-07,0
170,19.63495,0.00010922588,0.15441442
170.1,39.2699,7.3734522e-05,0.2084794
170.2,39.2699,5.9273615e-05,0.16759216
170.3,39.2699,5.7637296e-05,0.16296558
170.4,39.2699,8.0290729e-05,0.22701664
170.5,39.2699,0.00010281455,0.29070122
170.6,39.2699,9.9844837e-05,0.28230457
170.7,39.2699,9.7842009e-05,0.27664171
170.8,39.2699,9.7766866e-05,0.27642924
170.9,39.2699,9.7593016e-05,0.2759377
171,39.2699,9.7437506e-05,0.275498
171.1,39.2699,9.7263531e-05,0.2750061
171.2,39.2699,9.7943099e-05,0.27692753
171.3,39.2699,9.6509315e-05,0.2728736
171.4,39.2699,9.6062604e-05,0.27161056
171.5,39.2699,9.6517301e-05,0.27289618
171.6,39.2699,9.7530711e-05,0.27576153
171.7,39.2699,9.7654348e-05,0.27611111
171.8,39.2699,9.7196434e-05,0.27481639
171.9,39.2699,9.7990909e-05,0.27706271
172,39.2699,9.8238764e-05,0.2777635
172.1,39.2699,9.7071912e-05,0.27446431
172.2,39.2699,9.6461203e-05,0.27273757
172.3,39.2699,9.7959229e-05,0.27697314
172.4,39.2699,9.8115999e-05,0.27741639
172.5,39.2699,9.7736848e-05,0.27634437
172.6,39.2699,9.8014999e-05,0.27713082
172.7,39.2699,9.7336967e-05,0.27521373
172.8,39.2699,9.7706754e-05,0.27625928
172.9,39.2699,9.7279116e-05,0.27505016
173,39.2699,9.7820601e-05,0.27658118
173.1,39.2699,9.7924238e-05,0.2768742
173.2,39.2699,9.798761e-05,0.27705338
173.3,39.2699,9.8050818e-05,0.2772321
173.4,39.2699,9.7598536e-05,0.2759533
173.5,39.2699,9.7705143e-05,0.27625473
173.6,39.2699,9.737015e-05,0.27530756
173.7,39.2699,9.7602829e-05,0.27596544
173.8,39.2699,9.7640639e-05,0.27607235
173.9,39.2699,9.7677693e-05,0.27617711
174,39.2699,9.7719535e-05,0.27629542
174.1,39.2699,9.7754669e-05,0.27639476
174.2,39.2699,9.7911767e-05,0.27683894
174.3,39.2699,9.7935747e-05,0.27690674
174.4,39.2699,9.7867645e-05,0.27671419
174.5,39.2699,9.7460473e-05,0.27556294
174.6,39.2699,9.6808426e-05,0.27371932
174.7,39.2699,9.6638077e-05,0.27323767
174.8,39.2699,9.764531e-05,0.27608555
174.9,39.2699,9.7623444e-05,0.27602373
175,39.2699,9.7671199e-05,0.27615875
175.1,39.2699,9.7538284e-05,0.27578294
175.2,39.2699,9.7581454e-05,0.275905
175.3,39.2699,9.7487424e-05,0.27563914
175.4,39.2699,9.7550899e-05,0.27581861
175.5,39.2699,9.743615e-05,0.27549417
175.6,39.2699,9.7449675e-05,0.27553241
175.7,39.2699,9.739948e-05,0.27539048
175.8,39.2699,9.7396915e-05,0.27538323
175.9,39.2699,9.7369592e-05,0.27530598
176,39.2699,9.7421209e-05,0.27545192
176.1,39.2699,9.7426921e-05,0.27546807
176.2,39.2699,9.7440628e-05,0.27550683
176.3,39.2699,9.7343625e-05,0.27523256
176.4,39.2699,9.7360784e-05,0.27528107
176.5,39.2699,9.7353713e-05,0.27526108
176.6,39.2699,9.7341128e-05,0.2752255
176.7,39.2699,9.732928e-05,0.275192
176.8,39.2699,9.7347544e-05,0.27524364
176.9,39.2699,9.736414e-05,0.27529056
177,39.2699,9.7356899e-05,0.27527009
177.1,39.2699,9.729249e-05,0.27508798
177.2,39.2699,9.7249032e-05,0.2749651
177.3,39.2699,9.7136461e-05,0.27464681
177.4,39.2699,9.7107372e-05,0.27456457
177.5,39.2699,9.7040138e-05,0.27437447
177.6,39.2699,9.7000929e-05,0.27426361
177.7,39.2699,9.7027356e-05,0.27433833
177.8,39.2699,9.6942123e-05,0.27409734
177.9,39.2699,9.691792e-05,0.27402891
178,19.63495,-1.7509324e-05,0.024753218
178.1,0,-2.7195162e-05,0
178.2,0,-1.5371721e-05,0
178.3,0,-1.0438083e-05,0
178.4,0,-7.8749456e-06,0
178.5,0,-6.0453542e-06,0
178.6,0,-4.6543467e-06,0
178.7,0,-3.5820633e-06,0
178.8,0,-2.7536995e-06,0
178.9,0,-2.1148428e-06,0
179,0,-1.6229976e-06,0
179.1,0,-1.2449258e-06,0
179.2,0,-9.5466891e-07,0
179.3,0,-7.3197458e-07,0
179.4,0,-5.6116551e-07,0
179.5,0,-4.3020024e-07,0
179.6,0,-3.2980355e-07,0
179.7,0,-2.5283586e-07,0
179.8,0,-1.9383516e-07,0
179.9,0,-1.4860434e-07,0
180,19.63495,0.00010925223,0.15445167
180.1,39.2699,7.3772373e-05,0.20858643
180.2,39.2699,5.9280721e-05,0.16761225
180.3,39.2699,5.7627859e-05,0.1629389
180.4,39.2699,8.0394559e-05,0.22731021
180.5,39.2699,0.00010345037,0.29249896
180.6,39.2699,9.9887285e-05,0.28242459
180.7,39.2699,9.779629e-05,0.27651244
180.8,39.2699,9.7541192e-05,0.27579117
180.9,39.2699,9.7558843e-05,0.27584107
181,39.2699,9.7518911e-05,0.27572817
181.1,39.2699,9.7719624e-05,0.27629567
181.2,39.2699,9.8012803e-05,0.27712461
181.3,39.2699,9.7035867e-05,0.27436239
181.4,39.2699,9.6019292e-05,0.27148809
181.5,39.2699,9.6562343e-05,0.27302354
181.6,39.2699,9.7410987e-05,0.27542302
181.7,39.2699,9.7651643e-05,0.27610346
181.8,39.2699,9.723995e-05,0.27493942
181.9,39.2699,9.8073088e-05,0.27729507
182,39.2699,9.7888203e-05,0.27677232
182.1,39.2699,9.7930048e-05,0.27689063
182.2,39.2699,9.819304e-05,0.27763422
182.3,39.2699,9.8136763e-05,0.2774751
182.4,39.2699,9.8149394e-05,0.27751082
182.5,39.2699,9.7699231e-05,0.27623801
182.6,39.2699,9.8301564e-05,0.27794107
182.7,39.2699,9.8104319e-05,0.27738337
182.8,39.2699,9.8053746e-05,0.27724038
182.9,39.2699,9.7885008e-05,0.27676328
183,39.2699,9.7673015e-05,0.27616389
183.1,39.2699,9.7725093e-05,0.27631113
183.2,39.2699,9.7365021e-05,0.27529305
183.3,39.2699,9.7608529e-05,0.27598156
183.4,39.2699,9.6789824e-05,0.27366672
183.5,39.2699,9.6522976e-05,0.27291223
183.6,39.2699,9.7430273e-05,0.27547755
183.7,39.2699,9.7355099e-05,0.275265
183.8,39.2699,9.7148299e-05,0.27468029
183.9,39.2699,9.6862407e-05,0.27387195
184,39.2699,9.7087742e-05,0.27450907
184.1,39.2699,9.7398394e-05,0.27538741
184.2,39.2699,9.7751446e-05,0.27638565
184.3,39.2699,9.7943409e-05,0.27692841
184.4,39.2699,9.7604768e-05,0.27597092
184.5,39.2699,9.7442966e-05,0.27551344
184.6,39.2699,9.7329613e-05,0.27519294
184.7,39.2699,9.7650942e-05,0.27610148
184.8,39.2699,9.802209e-05,0.27715087
184.9,39.2699,9.8002822e-05,0.27709639
185,39.2699,9.7856096e-05,0.27668154
185.1,39.2699,9.7245322e-05,0.27495461
185.2,39.2699,9.7153434e-05,0.27469481
185.3,39.2699,9.7204622e-05,0.27483954
185.4,39.2699,9.7747495e-05,0.27637447
185.5,39.2699,9.8032609e-05,0.27718061
185.6,39.2699,9.780031e-05,0.27652381
185.7,39.2699,9.764603e-05,0.27608759
185.8,39.2699,9.7213365e-05,0.27486426
185.9,39.2699,9.7451937e-05,0.2755388
186,39.2699,9.7760799e-05,0.27641209
186.1,39.2699,9.7918222e-05,0.27685719
186.2,39.2699,9.8034168e-05,0.27718502
186.3,39.2699,9.7547363e-05,0.27580861
186.4,39.2699,9.7286095e-05,0.27506989
186.5,39.2699,9.6996747e-05,0.27425178
186.6,39.2699,9.7316551e-05,0.27515601
186.7,39.2699,9.7533926e-05,0.27577062
186.8,39.2699,9.7764258e-05,0.27642187
186.9,39.2699,9.7795417e-05,0.27650997
187,39.2699,9.743562e-05,0.27549267
187.1,39.2699,9.7303211e-05,0.27511829
187.2,39.2699,9.7158938e-05,0.27471037
187.3,39.2699,9.766903e-05,0.27615262
187.4,39.2699,9.7715109e-05,0.2762829
187.5,39.2699,9.7912417e-05,0.27684078
187.6,39.2699,9.7559355e-05,0.27584252
187.7,39.2699,9.7134043e-05,0.27463998
187.8,39.2699,9.7186783e-05,0.2747891
187.9,39.2699,9.7230919e-05,0.27491389
188,19.63495,-1.6901465e-05,0.023893878
188.1,0,-2.754829e-05,0
188.2,0,-1.5435472e-05,0
188.3,0,-1.048198e-05,0
188.4,0,-7.8980512e-06,0
188.5,0,-6.0587441e-06,0
188.6,0,-4.6621972e-06,0
188.7,0,-3.586944e-06,0
188.8,0,-2.7571208e-06,0
188.9,0,-2.1174245e-06,0
189,0,-1.6250043e-06,0
189.1,0,-1.2465574e-06,0
189.2,0,-9.55947e-07,0
189.3,0,-7.329491e-07,0
189.4,0,-5.6191977e-07,0
189.5,0,-4.3077981e-07,0
189.6,0,-3.3023986e-07,0
189.7,0,-2.5317007e-07,0
189.8,0,-1.9408821e-07,0
189.9,0,-1.487989e-07,0
190,19.63495,0.00010924087,0.15443561
190.1,39.2699,7.3766548e-05,0.20856996
190.2,39.2699,5.9333039e-05,0.16776018
190.3,39.2699,5.782682e-05,0.16350145
190.4,39.2699,8.0406116e-05,0.22734289
190.5,39.2699,0.00010312734,0.29158563
190.6,39.2699,9.963236e-05,0.2817038
190.7,39.2699,9.7508012e-05,0.27569735
190.8,39.2699,9.929323e-05,0.28074494
190.9,39.2699,9.8973391e-05,0.27984061
191,39.2699,9.8649487e-05,0.2789248
191.1,39.2699,9.7830612e-05,0.27660948
191.2,39.2699,9.6925604e-05,0.27405063
191.3,39.2699,9.8624014e-05,0.27885277
191.4,39.2699,9.8129915e-05,0.27745574
191.5,39.2699,9.7834239e-05,0.27661974
191.6,39.2699,9.8144142e-05,0.27749597
191.7,39.2699,9.8355893e-05,0.27809468
191.8,39.2699,9.8220184e-05,0.27771097
191.9,39.2699,9.8246779e-05,0.27778617
192,39.2699,9.8137529e-05,0.27747727
192.1,39.2699,9.8336623e-05,0.27804019
192.2,39.2699,9.8152719e-05,0.27752022
192.3,39.2699,9.7846607e-05,0.27665471
192.4,39.2699,9.7185666e-05,0.27478594
192.5,39.2699,9.7111815e-05,0.27457713
192.6,39.2699,9.815848e-05,0.27753651
192.7,39.2699,9.784792e-05,0.27665842
192.8,39.2699,9.8377866e-05,0.27815681
192.9,39.2699,9.8376116e-05,0.27815186
193,39.2699,9.8517922e-05,0.2785528
193.1,39.2699,9.8654031e-05,0.27893764
193.2,39.2699,9.8250215e-05,0.27779588
193.3,39.2699,9.8539239e-05,0.27861308
193.4,39.2699,9.8459707e-05,0.27838821
193.5,39.2699,9.8673551e-05,0.27899284
193.6,39.2699,9.8584421e-05,0.27874082
193.7,39.2699,9.8055235e-05,0.27724459
193.8,39.2699,9.7990537e-05,0.27706166
193.9,39.2699,9.7624037e-05,0.2760254
194,39.2699,9.804144e-05,0.27720558
194.1,39.2699,9.8109485e-05,0.27739798
194.2,39.2699,9.8270677e-05,0.27785374
194.3,39.2699,9.81854e-05,0.27761262
194.4,39.2699,9.7779716e-05,0.27646558
194.5,39.2699,9.7798416e-05,0.27651845
194.6,39.2699,9.7947093e-05,0.27693882
194.7,39.2699,9.819336e-05,0.27763513
194.8,39.2699,9.8212262e-05,0.27768857
194.9,39.2699,9.7951951e-05,0.27695256
195,39.2699,9.7973287e-05,0.27701289
195.1,39.2699,9.7613647e-05,0.27599603
195.2,39.2699,9.7609597e-05,0.27598458
195.3,39.2699,9.7685369e-05,0.27619882
195.4,39.2699,9.8044383e-05,0.27721391
195.5,39.2699,9.6729574e-05,0.27349637
195.6,39.2699,9.7289209e-05,0.2750787
195.7,39.2699,9.7116595e-05,0.27459065
195.8,39.2699,9.7117229e-05,0.27459244
195.9,39.2699,9.7550837e-05,0.27581844
196,39.2699,9.7754472e-05,0.2763942
196.1,39.2699,9.7752134e-05,0.27638759
196.2,39.2699,9.7573134e-05,0.27588148
196.3,39.2699,9.7310785e-05,0.2751397
196.4,39.2699,9.746754e-05,0.27558292
196.5,39.2699,9.7676776e-05,0.27617452
196.6,39.2699,9.800049e-05,0.2770898
196.7,39.2699,9.8062948e-05,0.2772664
196.8,39.2699,9.7902907e-05,0.27681389
196.9,39.2699,9.7663143e-05,0.27613597
197,39.2699,9.7389049e-05,0.27536099
197.1,39.2699,9.7437897e-05,0.27549911
197.2,39.2699,9.7511914e-05,0.27570838
197.3,39.2699,9.7594903e-05,0.27594303
197.4,39.2699,9.7576022e-05,0.27588964
197.5,39.2699,9.7338978e-05,0.27521942
197.6,39.2699,9.7190966e-05,0.27480092
197.7,39.2699,9.6524036e-05,0.27291523
197.8,39.2699,9.6859416e-05,0.27386349
197.9,39.2699,9.7050248e-05,0.27440305
198,19.63495,-1.711322e-05,0.02419324
198.1,0,-2.7627536e-05,0
198.2,0,-1.5447603e-05,0
198.3,0,-1.0487343e-05,0
198.4,0,-7.9037049e-06,0
198.5,0,-6.0640668e-06,0
198.6,0,-4.6667356e-06,0
198.7,0,-3.5902296e-06,0
198.8,0,-2.7594283e-06,0
198.9,0,-2.11894e-06,0
199,0,-1.6260742e-06,0
199.1,0,-1.247312e-06,0
199.2,0,-9.5648494e-07,0
199.3,0,-7.3333205e-07,0
199.4,0,-5.622026e-07,0
199.5,0,-4.3099371e-07,0
199.6,0,-3.3041367e-07,0
199.7,0,-2.5330372e-07,0
199.8,0,-1.9419461e-07,0
199.9,0,-1.4887931e-07,0
200,19.63495,0.00010924753,0.15444502
200.1,39.2699,7.3750668e-05,0.20852506
200.2,39.2699,5.9295193e-05,0.16765317
200.3,39.2699,5.763578e-05,0.16296129
200.4,39.2699,8.0661916e-05,0.22806615
200.5,39.2699,0.00010256665,0.29000031
200.6,39.2699,9.9921498e-05,0.28252132
200.7,39.2699,9.8746838e-05,0.27920005
200.8,39.2699,9.9368796e-05,0.28095859
200.9,39.2699,9.8504306e-05,0.27851431
201,39.2699,9.6863955e-05,0.27387632
201.1,39.2699,9.747848e-05,0.27561385
201.2,39.2699,9.7593312e-05,0.27593853
201.3,39.2699,9.7404393e-05,0.27540437
201.4,39.2699,9.6485075e-05,0.27280507
201.5,39.2699,9.6891141e-05,0.27395319
201.6,39.2699,9.7348685e-05,0.27524686
201.7,39.2699,9.7636969e-05,0.27606197
201.8,39.2699,9.7509591e-05,0.27570182
201.9,39.2699,9.7918823e-05,0.27685889
202,39.2699,9.7749597e-05,0.27638042
202.1,39.2699,9.8191474e-05,0.27762979
202.2,39.2699,9.7848802e-05,0.27666091
202.3,39.2699,9.7628786e-05,0.27603883
202.4,39.2699,9.6981436e-05,0.27420849
202.5,39.2699,9.7673229e-05,0.27616449
202.6,39.2699,9.7548379e-05,0.27581149
202.7,39.2699,9.6639008e-05,0.2732403
202.8,39.2699,9.7700005e-05,0.2762402
202.9,39.2699,9.7889688e-05,0.27677652
203,39.2699,9.794276e-05,0.27692657
203.1,39.2699,9.8216718e-05,0.27770117
203.2,39.2699,9.8063755e-05,0.27726868
203.3,39.2699,9.8103649e-05,0.27738148
203.4,39.2699,9.8095074e-05,0.27735723
203.5,39.2699,9.819239e-05,0.27763239
203.6,39.2699,9.8218155e-05,0.27770523
203.7,39.2699,9.800136e-05,0.27709226
203.8,39.2699,9.7772312e-05,0.27644464
203.9,39.2699,9.7724607e-05,0.27630976
204,39.2699,9.7771362e-05,0.27644196
204.1,39.2699,9.8038628e-05,0.27719763
204.2,39.2699,9.8021265e-05,0.27714854
204.3,39.2699,9.776005e-05,0.27640997
204.4,39.2699,9.7564001e-05,0.27585566
204.5,39.2699,9.7286458e-05,0.27507092
204.6,39.2699,9.7533231e-05,0.27576866
204.7,39.2699,9.7678505e-05,0.27617941
204.8,39.2699,9.7862977e-05,0.27670099
204.9,39.2699,9.7737128e-05,0.27634516
205,39.2699,9.7295905e-05,0.27509763
205.1,39.2699,9.7203141e-05,0.27483535
205.2,39.2699,9.7101233e-05,0.27454721
205.3,39.2699,9.752434e-05,0.27574352
205.4,39.2699,9.768445e-05,0.27619622
205.5,39.2699,9.7663935e-05,0.27613821
205.6,39.2699,9.7427441e-05,0.27546954
205.7,39.2699,9.7055297e-05,0.27441733
205.8,39.2699,9.719539e-05,0.27481343
205.9,39.2699,9.7249448e-05,0.27496628
206,39.2699,9.7566488e-05,0.27586269
206.1,39.2699,9.7627719e-05,0.27603581
206.2,39.2699,9.7474207e-05,0.27560177
206.3,39.2699,9.7249555e-05,0.27496658
206.4,39.2699,9.7004684e-05,0.27427423
206.5,39.2699,9.7248501e-05,0.2749636
206.6,39.2699,9.7361549e-05,0.27528324
206.7,39.2699,9.7639559e-05,0.27606929
206.8,39.2699,9.7549468e-05,0.27581456
206.9,39.2699,9.7345366e-05,0.27523748
207,39.2699,9.7151261e-05,0.27468866
207.1,39.2699,9.6977314e-05,0.27419684
207.2,39.2699,9.7211853e-05,0.27485998
207.3,39.2699,9.7407496e-05,0.27541315
207.4,39.2699,9.7614772e-05,0.27599921
207.5,39.2699,9.7474324e-05,0.2756021
207.6,39.2699,9.7281933e-05,0.27505813
207.7,39.2699,9.7095756e-05,0.27453172
207.8,39.2699,9.6971162e-05,0.27417945
207.9,39.2699,9.7137312e-05,0.27464922
208,19.63495,-1.7086091e-05,0.024154887
208.1,0,-2.736781e-05,0
208.2,0,-1.5372154e-05,0
208.3,0,-1.0426023e-05,0
208.4,0,-7.8700329e-06,0
208.5,0,-6.0437357e-06,0
208.6,0,-4.6530659e-06,0
208.7,0,-3.580518e-06,0
208.8,0,-2.7521796e-06,0
208.9,0,-2.1134985e-06,0
209,0,-1.6219059e-06,0
209.1,0,-1.2441435e-06,0
209.2,0,-9.5407051e-07,0
209.3,0,-7.3149431e-07,0
209.4,0,-5.6080765e-07,0
209.5,0,-4.2992808e-07,0
209.6,0,-3.295988e-07,0
209.7,0,-2.5268238e-07,0
209.8,0,-1.9372145e-07,0
209.9,0,-1.4851868e-07,0
210,19.63495,0.00010924903,0.15444715
210.1,39.2699,7.3766723e-05,0.20857045
210.2,39.2699,5.9300307e-05,0.16766763
210.3,39.2699,5.7601017e-05,0.16286301
210.4,39.2699,8.0590748e-05,0.22786492
210.5,39.2699,0.00010332916,0.29215626
210.6,39.2699,9.9665429e-05,0.2817973
210.7,39.2699,9.9311527e-05,0.28079667
210.8,39.2699,9.9442569e-05,0.28116718
210.9,39.2699,9.8729827e-05,0.27915195
211,39.2699,9.78568e-05,0.27668353
211.1,39.2699,9.7680706e-05,0.27618563
211.2,39.2699,9.6123362e-05,0.27178235
211.3,39.2699,9.6099678e-05,0.27171538
211.4,39.2699,9.6070138e-05,0.27163186
211.5,39.2699,9.661892e-05,0.2731835
211.6,39.2699,9.7005646e-05,0.27427694
211.7,39.2699,9.7260057e-05,0.27499627
211.8,39.2699,9.6346818e-05,0.27241415
211.9,39.2699,9.6073177e-05,0.27164045
212,39.2699,9.7352755e-05,0.27525837
212.1,39.2699,9.7491289e-05,0.27565007
212.2,39.2699,9.7079087e-05,0.27448459
212.3,39.2699,9.7062765e-05,0.27443845
212.4,39.2699,9.6633956e-05,0.27322602
212.5,39.2699,9.6817029e-05,0.27374364
212.6,39.2699,9.581658e-05,0.27091494
212.7,39.2699,9.7327229e-05,0.2751862
212.8,39.2699,9.7425e-05,0.27546264
212.9,39.2699,9.7177143e-05,0.27476184
213,39.2699,9.7034641e-05,0.27435893
213.1,39.2699,9.6855041e-05,0.27385112
213.2,39.2699,9.7235435e-05,0.27492666
213.3,39.2699,9.7721723e-05,0.27630161
213.4,39.2699,9.7773941e-05,0.27644925
213.5,39.2699,9.7689963e-05,0.27621181
213.6,39.2699,9.7154238e-05,0.27469708
213.7,39.2699,9.7209205e-05,0.27485249
213.8,39.2699,9.7264025e-05,0.27500749
213.9,39.2699,9.7644118e-05,0.27608218
214,39.2699,9.7923984e-05,0.27687348
214.1,39.2699,9.7663805e-05,0.27613785
214.2,39.2699,9.748206e-05,0.27562397
214.3,39.2699,9.7074466e-05,0.27447153
214.4,39.2699,9.7310863e-05,0.27513993
214.5,39.2699,9.7547224e-05,0.27580822
214.6,39.2699,9.7859666e-05,0.27669163
214.7,39.2699,9.7866174e-05,0.27671003
214.8,39.2699,9.7477693e-05,0.27561163
214.9,39.2699,9.7407046e-05,0.27541188
215,39.2699,9.7181451e-05,0.27477402
215.1,39.2699,9.7503272e-05,0.27568395
215.2,39.2699,9.7667117e-05,0.27614721
215.3,39.2699,9.7796323e-05,0.27651253
215.4,39.2699,9.7694938e-05,0.27622587
215.5,39.2699,9.7298914e-05,0.27510614
215.6,39.2699,9.7263843e-05,0.27500698
215.7,39.2699,9.717004e-05,0.27474176
215.8,39.2699,9.7511156e-05,0.27570624
215.9,39.2699,9.7680761e-05,0.27618579
216,39.2699,9.7684549e-05,0.2761965
216.1,39.2699,9.7521964e-05,0.2757368
216.2,39.2699,9.721022e-05,0.27485536
216.3,39.2699,9.72529e-05,0.27497604
216.4,39.2699,9.7222515e-05,0.27489013
216.5,39.2699,9.7529659e-05,0.27575856
216.6,39.2699,9.7675581e-05,0.27617114
216.7,39.2699,9.7660658e-05,0.27612895
216.8,39.2699,9.7424349e-05,0.2754608
216.9,39.2699,9.7091513e-05,0.27451973
217,39.2699,9.718005e-05,0.27477006
217.1,39.2699,9.7258331e-05,0.27499139
217.2,39.2699,9.7524669e-05,0.27574445
217.3,39.2699,9.7582878e-05,0.27590903
217.4,39.2699,9.7558477e-05,0.27584004
217.5,39.2699,9.738458e-05,0.27534836
217.6,39.2699,9.7111479e-05,0.27457618
217.7,39.2699,9.7128842e-05,0.27462527
217.8,39.2699,9.7159519e-05,0.27471201
217.9,39.2699,9.74088e-05,0.27541684
218,19.63495,-1.6898896e-05,0.023890246
218.1,0,-2.7375586e-05,0
218.2,0,-1.5382087e-05,0
218.3,0,-1.0425893e-05,0
218.4,0,-7.8746811e-06,0
218.5,0,-6.0487382e-06,0
218.6,0,-4.6567569e-06,0
218.7,0,-3.583171e-06,0
218.8,0,-2.7541263e-06,0
218.9,0,-2.1150037e-06,0
219,0,-1.6230741e-06,0
219.1,0,-1.2450217e-06,0
219.2,0,-9.5476312e-07,0
219.3,0,-7.3202819e-07,0
219.4,0,-5.6120896e-07,0
219.5,0,-4.3023629e-07,0
219.6,0,-3.2983208e-07,0
219.7,0,-2.5286275e-07,0
219.8,0,-1.9385335e-07,0
219.9,0,-1.4861624e-07,0
220,19.63495,0.00010925651,0.15445772
220.1,39.2699,7.3773509e-05,0.20858964
220.2,39.2699,5.9260042e-05,0.16755379
220.3,39.2699,5.7741409e-05,0.16325995
220.4,39.2699,8.0433657e-05,0.22742076
220.5,39.2699,0.00010213113,0.28876891
220.6,39.2699,9.968543e-05,0.28185385
220.7,39.2699,9.9374176e-05,0.2809738
220.8,39.2699,9.9439804e-05,0.28115936
220.9,39.2699,9.8889352e-05,0.279603
221,39.2699,9.8664215e-05,0.27896644
221.1,39.2699,9.8145824e-05,0.27750072
221.2,39.2699,9.7868366e-05,0.27671623
221.3,39.2699,9.8527607e-05,0.27858019
221.4,39.2699,9.7561572e-05,0.27584879
221.5,39.2699,9.5927842e-05,0.27122953
221.6,39.2699,9.7694543e-05,0.27622475
221.7,39.2699,9.7412691e-05,0.27542784
221.8,39.2699,9.5626555e-05,0.27037766
221.9,39.2699,9.6742534e-05,0.27353301
222,39.2699,9.7703451e-05,0.27624994
222.1,39.2699,9.7429441e-05,0.2754752
222.2,39.2699,9.7767744e-05,0.27643173
222.3,39.2699,9.7314083e-05,0.27514903
222.4,39.2699,9.7723912e-05,0.27630779
222.5,39.2699,9.7274823e-05,0.27503803
222.6,39.2699,9.7890674e-05,0.2767793
222.7,39.2699,9.7697024e-05,0.27623177
222.8,39.2699,9.8194571e-05,0.27763855
222.9,39.2699,9.834033e-05,0.27805067
223,39.2699,9.8293392e-05,0.27791796
223.1,39.2699,9.8262641e-05,0.27783102
223.2,39.2699,9.7932327e-05,0.27689707
223.3,39.2699,9.7981876e-05,0.27703717
223.4,39.2699,9.8020962e-05,0.27714768
223.5,39.2699,9.816276e-05,0.27754861
223.6,39.2699,9.8226222e-05,0.27772804
223.7,39.2699,9.820347e-05,0.27766371
223.8,39.2699,9.8097485e-05,0.27736405
223.9,39.2699,9.7936791e-05,0.2769097
224,39.2699,9.7505478e-05,0.27569019
224.1,39.2699,9.7634974e-05,0.27605633
224.2,39.2699,9.7585641e-05,0.27591684
224.3,39.2699,9.6409892e-05,0.27259249
224.4,39.2699,9.7670862e-05,0.2761578
224.5,39.2699,9.7192143e-05,0.27480425
224.6,39.2699,9.7218178e-05,0.27487787
224.7,39.2699,9.7375648e-05,0.2753231
224.8,39.2699,9.7843346e-05,0.27664549
224.9,39.2699,9.8097489e-05,0.27736406
225,39.2699,9.7861125e-05,0.27669575
225.1,39.2699,9.7612181e-05,0.27599188
225.2,39.2699,9.7301614e-05,0.27511377
225.3,39.2699,9.7574674e-05,0.27588583
225.4,39.2699,9.7840252e-05,0.27663674
225.5,39.2699,9.809907e-05,0.27736853
225.6,39.2699,9.7982416e-05,0.2770387
225.7,39.2699,9.7546074e-05,0.27580497
225.8,39.2699,9.7319205e-05,0.27516351
225.9,39.2699,9.7230728e-05,0.27491335
226,39.2699,9.764635e-05,0.27608849
226.1,39.2699,9.7918236e-05,0.27685723
226.2,39.2699,9.8065016e-05,0.27727224
226.3,39.2699,9.7918607e-05,0.27685828
226.4,39.2699,9.7672359e-05,0.27616203
226.5,39.2699,9.7606755e-05,0.27597654
226.6,39.2699,9.7639583e-05,0.27606936
226.7,39.2699,9.7836691e-05,0.27662667
226.8,39.2699,9.7940876e-05,0.27692124
226.9,39.2699,9.7870868e-05,0.2767233
227,39.2699,9.7587419e-05,0.27592187
227.1,39.2699,9.7273021e-05,0.27503293
227.2,39.2699,9.7199022e-05,0.2748237
227.3,39.2699,9.7234223e-05,0.27492323
227.4,39.2699,9.7443259e-05,0.27551427
227.5,39.2699,9.7619484e-05,0.27601253
227.6,39.2699,9.7457101e-05,0.2755534
227.7,39.2699,9.6881501e-05,0.27392593
227.8,39.2699,9.6812645e-05,0.27373125
227.9,39.2699,9.6810563e-05,0.27372536
228,19.63495,-1.7382209e-05,0.024573514
228.1,0,-2.7618291e-05,0
228.2,0,-1.5428428e-05,0
228.3,0,-1.0500025e-05,0
228.4,0,-7.9152466e-06,0
228.5,0,-6.0728359e-06,0
228.6,0,-4.6736146e-06,0
228.7,0,-3.5953764e-06,0
228.8,0,-2.7631618e-06,0
228.9,0,-2.1218024e-06,0
229,0,-1.6282423e-06,0
229.1,0,-1.2489841e-06,0
229.2,0,-9.5778816e-07,0
229.3,0,-7.34352e-07,0
229.4,0,-5.629902e-07,0
229.5,0,-4.3159779e-07,0
229.6,0,-3.3086493e-07,0
229.7,0,-2.536481e-07,0
229.8,0,-1.9445318e-07,0
229.9,0,-1.4907718e-07,0
230,19.63495,0.00010924413,0.15444022
230.1,39.2699,7.3753942e-05,0.20853432
230.2,39.2699,5.9312169e-05,0.16770117
230.3,39.2699,5.7735285e-05,0.16324264
230.4,39.2699,8.0293316e-05,0.22702395
230.5,39.2699,0.0001031716,0.29171075
230.6,39.2699,9.9838788e-05,0.28228747
230.7,39.2699,9.8588905e-05,0.27875351
230.8,39.2699,9.8879864e-05,0.27957617
230.9,39.2699,9.7691512e-05,0.27621619
231,39.2699,9.8755998e-05,0.27922595
231.1,39.2699,9.8732746e-05,0.27916021
231.2,39.2699,9.8002789e-05,0.2770963
231.3,39.2699,9.7725904e-05,0.27631343
231.4,39.2699,9.775016e-05,0.27638201
231.5,39.2699,9.6932513e-05,0.27407017
231.6,39.2699,9.7220008e-05,0.27488304
231.7,39.2699,9.7315801e-05,0.27515389
231.8,39.2699,9.7841352e-05,0.27663985
231.9,39.2699,9.8322665e-05,0.27800073
232,39.2699,9.7877114e-05,0.27674096
232.1,39.2699,9.7932418e-05,0.27689733
232.2,39.2699,9.721093e-05,0.27485737
232.3,39.2699,9.7669448e-05,0.2761538
232.4,39.2699,9.7840183e-05,0.27663654
232.5,39.2699,9.7308805e-05,0.27513411
232.6,39.2699,9.6074168e-05,0.27164325
232.7,39.2699,9.7750974e-05,0.27638431
232.8,39.2699,9.7997877e-05,0.27708241
232.9,39.2699,9.7949616e-05,0.27694596
233,39.2699,9.7936488e-05,0.27690884
233.1,39.2699,9.7927655e-05,0.27688386
233.2,39.2699,9.7996016e-05,0.27707715
233.3,39.2699,9.8155476e-05,0.27752801
233.4,39.2699,9.8300004e-05,0.27793666
233.5,39.2699,9.8261853e-05,0.27782879
233.6,39.2699,9.8023974e-05,0.2771562
233.7,39.2699,9.7955193e-05,0.27696173
233.8,39.2699,9.7996942e-05,0.27707977
233.9,39.2699,9.8257879e-05,0.27781755
234,39.2699,9.830669e-05,0.27795556
234.1,39.2699,9.8004266e-05,0.27710048
234.2,39.2699,9.7664593e-05,0.27614007
234.3,39.2699,9.7297423e-05,0.27510192
234.4,39.2699,9.7439448e-05,0.27550349
234.5,39.2699,9.7784139e-05,0.27647808
234.6,39.2699,9.7903273e-05,0.27681493
234.7,39.2699,9.7972836e-05,0.27701161
234.8,39.2699,9.7295657e-05,0.27509693
234.9,39.2699,9.7316544e-05,0.27515599
235,39.2699,9.7010386e-05,0.27429035
235.1,39.2699,9.7605984e-05,0.27597436
235.2,39.2699,9.777088e-05,0.27644059
235.3,39.2699,9.7765505e-05,0.2764254
235.4,39.2699,9.7584084e-05,0.27591244
235.5,39.2699,9.7061504e-05,0.27443488
235.6,39.2699,9.718312e-05,0.27477874
235.7,39.2699,9.7281372e-05,0.27505654
235.8,39.2699,9.7823271e-05,0.27658872
235.9,39.2699,9.7918265e-05,0.27685731
236,39.2699,9.7649341e-05,0.27609695
236.1,39.2699,9.724561e-05,0.27495543
236.2,39.2699,9.6941521e-05,0.27409564
236.3,39.2699,9.7035994e-05,0.27436275
236.4,39.2699,9.7144974e-05,0.27467089
236.5,39.2699,9.7311309e-05,0.27514119
236.6,39.2699,9.734692e-05,0.27524187
236.7,39.2699,9.703246e-05,0.27435276
236.8,39.2699,9.7021289e-05,0.27432117
236.9,39.2699,9.6775926e-05,0.27362743
237,39.2699,9.7219244e-05,0.27488088
237.1,39.2699,9.7036224e-05,0.2743634
237.2,39.2699,9.664034e-05,0.27324407
237.3,39.2699,9.6558131e-05,0.27301163
237.4,39.2699,9.6702477e-05,0.27341975
237.5,39.2699,9.6642888e-05,0.27325127
237.6,39.2699,9.6586579e-05,0.27309206
237.7,39.2699,9.6927863e-05,0.27405702
237.8,39.2699,9.7020535e-05,0.27431904
237.9,39.2699,9.7040688e-05,0.27437602
238,19.63495,-1.7464058e-05,0.024689225
238.1,0,-2.7651457e-05,0
238.2,0,-1.5446151e-05,0
238.3,0,-1.0493947e-05,0
238.4,0,-7.917017e-06,0
238.5,0,-6.0762397e-06,0
238.6,0,-4.6760007e-06,0
238.7,0,-3.5970497e-06,0
238.8,0,-2.764487e-06,0
238.9,0,-2.1228789e-06,0
239,0,-1.6291073e-06,0
239.1,0,-1.2496748e-06,0
239.2,0,-9.5833463e-07,0
239.3,0,-7.3478904e-07,0
239.4,0,-5.6334409e-07,0
239.5,0,-4.3188316e-07,0
239.6,0,-3.3110105e-07,0
239.7,0,-2.5383826e-07,0
239.8,0,-1.9461246e-07,0
239.9,0,-1.4920431e-07,0
240,19.63495,0.00010923716,0.15443036
240.1,39.2699,7.3658403e-05,0.20826418
240.2,39.2699,5.9209118e-05,0.1674098
240.3,39.2699,5.7729144e-05,0.16322527
240.4,39.2699,8.0626324e-05,0.22796551
240.5,39.2699,0.00010364752,0.29305641
240.6,39.2699,9.9552396e-05,0.28147771
240.7,39.2699,9.9825027e-05,0.28224856
240.8,39.2699,9.9010295e-05,0.27994496
240.9,39.2699,9.7629519e-05,0.2760409
241,39.2699,9.5159427e-05,0.26905689
241.1,39.2699,9.8010695e-05,0.27711865
241.2,39.2699,9.7815441e-05,0.27656659
241.3,39.2699,9.7722598e-05,0.27630408
241.4,39.2699,9.7259663e-05,0.27499516
241.5,39.2699,9.6499863e-05,0.27284688
241.6,39.2699,9.7108687e-05,0.27456829
241.7,39.2699,9.7658664e-05,0.27612331
241.8,39.2699,9.5886919e-05,0.27111382
241.9,39.2699,9.4934117e-05,0.26841984
242,39.2699,9.7316633e-05,0.27515624
242.1,39.2699,9.7142725e-05,0.27466453
242.2,39.2699,9.6855893e-05,0.27385353
242.3,39.2699,9.6485651e-05,0.27280669
242.4,39.2699,9.5482347e-05,0.26996992
242.5,39.2699,9.6914319e-05,0.27401872
242.6,39.2699,9.7260998e-05,0.27499894
242.7,39.2699,9.7328608e-05,0.2751901
242.8,39.2699,9.7607496e-05,0.27597864
242.9,39.2699,9.7530561e-05,0.27576111
243,39.2699,9.739127e-05,0.27536727
243.1,39.2699,9.7254605e-05,0.27498086
243.2,39.2699,9.7224776e-05,0.27489652
243.3,39.2699,9.7524786e-05,0.27574478
243.4,39.2699,9.7644858e-05,0.27608428
243.5,39.2699,9.774117e-05,0.27635659
243.6,39.2699,9.7467017e-05,0.27558144
243.7,39.2699,9.7299866e-05,0.27510883
243.8,39.2699,9.7162748e-05,0.27472114
243.9,39.2699,9.7396646e-05,0.27538247
244,39.2699,9.7665767e-05,0.27614339
244.1,39.2699,9.7752682e-05,0.27638914
244.2,39.2699,9.7697009e-05,0.27623173
244.3,39.2699,9.7302543e-05,0.2751164
244.4,39.2699,9.7268138e-05,0.27501912
244.5,39.2699,9.7238917e-05,0.2749365
244.6,39.2699,9.7548957e-05,0.27581312
244.7,39.2699,9.7673374e-05,0.2761649
244.8,39.2699,9.7657727e-05,0.27612066
244.9,39.2699,9.7531989e-05,0.27576515
245,39.2699,9.7207028e-05,0.27484634
245.1,39.2699,9.7246239e-05,0.2749572
245.2,39.2699,9.7253615e-05,0.27497806
245.3,39.2699,9.756979e-05,0.27587202
245.4,39.2699,9.7630396e-05,0.27604338
245.5,39.2699,9.7563992e-05,0.27585563
245.6,39.2699,9.743935e-05,0.27550321
245.7,39.2699,9.7150096e-05,0.27468537
245.8,39.2699,9.7171892e-05,0.27474699
245.9,39.2699,9.7166408e-05,0.27473149
246,39.2699,9.7481355e-05,0.27562198
246.1,39.2699,9.7610676e-05,0.27598763
246.2,39.2699,9.7529039e-05,0.2757568
246.3,39.2699,9.7293093e-05,0.27508968
246.4,39.2699,9.6999682e-05,0.27426008
246.5,39.2699,9.7087669e-05,0.27450886
246.6,39.2699,9.7190252e-05,0.27479891
246.7,39.2699,9.749793e-05,0.27566885
246.8,39.2699,9.7489815e-05,0.2756459
246.9,39.2699,9.7310302e-05,0.27513834
247,39.2699,9.7060634e-05,0.27443242
247.1,39.2699,9.6822123e-05,0.27375805
247.2,39.2699,9.6954056e-05,0.27413108
247.3,39.2699,9.7137798e-05,0.2746506
247.4,39.2699,9.74392e-05,0.27550279
247.5,39.2699,9.7422521e-05,0.27545563
247.6,39.2699,9.7182365e-05,0.27477661
247.7,39.2699,9.6875573e-05,0.27390917
247.8,39.2699,9.6699048e-05,0.27341006
247.9,39.2699,9.6868327e-05,0.27388868
248,19.63495,-1.7293386e-05,0.024447943
248.1,0,-2.7374838e-05,0
248.2,0,-1.5398599e-05,0
248.3,0,-1.0442224e-05,0
248.4,0,-7.8809977e-06,0
248.5,0,-6.0519513e-06,0
248.6,0,-4.6586999e-06,0
248.7,0,-3.5844228e-06,0
248.8,0,-2.7550229e-06,0
248.9,0,-2.1155992e-06,0
249,0,-1.6235429e-06,0
249.1,0,-1.245372e-06,0
249.2,0,-9.5504752e-07,0
249.3,0,-7.3225972e-07,0
249.4,0,-5.6137587e-07,0
249.5,0,-4.3036526e-07,0
249.6,0,-3.2992947e-07,0
249.7,0,-2.5293758e-07,0
249.8,0,-1.9390975e-07,0
249.9,0,-1.4865854e-07,0
250,19.63495,0.0001092386,0.15443241
250.1,39.2699,7.3657418e-05,0.2082614
250.2,39.2699,5.9187241e-05,0.16734795
250.3,39.2699,5.7680883e-05,0.16308882
250.4,39.2699,8.0552025e-05,0.22775544
250.5,39.2699,0.00010294352,0.29106588
250.6,39.2699,9.9395075e-05,0.2810329
250.7,39.2699,9.9108217e-05,0.28022182
250.8,39.2699,9.8957768e-05,0.27979644
250.9,39.2699,9.7891909e-05,0.2767828
251,39.2699,9.8569418e-05,0.27869841
251.1,39.2699,9.8337898e-05,0.2780438
251.2,39.2699,9.6946751e-05,0.27411042
251.3,39.2699,9.7861061e-05,0.27669557
251.4,39.2699,9.7688133e-05,0.27620663
251.5,39.2699,9.6946094e-05,0.27410857
251.6,39.2699,9.8113744e-05,0.27741002
251.7,39.2699,9.7447708e-05,0.27552685
251.8,39.2699,9.6801826e-05,0.27370066
251.9,39.2699,9.792017e-05,0.2768627
252,39.2699,9.75184e-05,0.27572672
252.1,39.2699,9.7932415e-05,0.27689732
252.2,39.2699,9.7928768e-05,0.27688701
252.3,39.2699,9.7866825e-05,0.27671187
252.4,39.2699,9.7434132e-05,0.27548846
252.5,39.2699,9.6946112e-05,0.27410862
252.6,39.2699,9.7026355e-05,0.2743355
252.7,39.2699,9.7347524e-05,0.27524358
252.8,39.2699,9.778211e-05,0.27647235
252.9,39.2699,9.8332281e-05,0.27802792
253,39.2699,9.8103837e-05,0.27738201
253.1,39.2699,9.7914097e-05,0.27684553
253.2,39.2699,9.7419288e-05,0.27544649
253.3,39.2699,9.7340143e-05,0.27522271
253.4,39.2699,9.7787228e-05,0.27648682
253.5,39.2699,9.8126486e-05,0.27744604
253.6,39.2699,9.8069814e-05,0.27728581
253.7,39.2699,9.7781585e-05,0.27647086
253.8,39.2699,9.7399954e-05,0.27539182
253.9,39.2699,9.7544774e-05,0.27580129
254,39.2699,9.7713516e-05,0.2762784
254.1,39.2699,9.7901315e-05,0.27680939
254.2,39.2699,9.8241828e-05,0.27777217
254.3,39.2699,9.770709e-05,0.27626023
254.4,39.2699,9.7600245e-05,0.27595813
254.5,39.2699,9.7439389e-05,0.27550332
254.6,39.2699,9.7816335e-05,0.27656911
254.7,39.2699,9.8068733e-05,0.27728275
254.8,39.2699,9.8107004e-05,0.27739096
254.9,39.2699,9.794815e-05,0.27694181
255,39.2699,9.7395063e-05,0.27537799
255.1,39.2699,9.746725e-05,0.2755821
255.2,39.2699,9.7475277e-05,0.27560479
255.3,39.2699,9.7884308e-05,0.2767613
255.4,39.2699,9.7943137e-05,0.27692764
255.5,39.2699,9.7739605e-05,0.27635216
255.6,39.2699,9.7450434e-05,0.27553455
255.7,39.2699,9.7124415e-05,0.27461276
255.8,39.2699,9.7314486e-05,0.27515017
255.9,39.2699,9.7565373e-05,0.27585954
256,39.2699,9.8007577e-05,0.27710984
256.1,39.2699,9.8041278e-05,0.27720512
256.2,39.2699,9.770776e-05,0.27626212
256.3,39.2699,9.7480195e-05,0.2756187
256.4,39.2699,9.6946893e-05,0.27411083
256.5,39.2699,9.7056652e-05,0.27442116
256.6,39.2699,9.7290053e-05,0.27508109
256.7,39.2699,9.7662851e-05,0.27613515
256.8,39.2699,9.7654355e-05,0.27611113
256.9,39.2699,9.7179591e-05,0.27476876
257,39.2699,9.7027227e-05,0.27433797
257.1,39.2699,9.6820465e-05,0.27375336
257.2,39.2699,9.7244635e-05,0.27495267
257.3,39.2699,9.7410454e-05,0.27542151
257.4,39.2699,9.7899886e-05,0.27680535
257.5,39.2699,9.7626145e-05,0.27603137
257.6,39.2699,9.7038929e-05,0.27437105
257.7,39.2699,9.702374e-05,0.27432811
257.8,39.2699,9.7042448e-05,0.274381
257.9,39.2699,9.7313608e-05,0.27514769
258,19.63495,-1.7142492e-05,0.024234622
258.1,0,-2.7619777e-05,0
258.2,0,-1.5462208e-05,0
258.3,0,-1.0497372e-05,0
258.4,0,-7.909089e-06,0
258.5,0,-6.0640346e-06,0
258.6,0,-4.6637712e-06,0
258.7,0,-3.5872978e-06,0
258.8,0,-2.7572674e-06,0
258.9,0,-2.1175009e-06,0
259,0,-1.6250696e-06,0
259.1,0,-1.2465563e-06,0
259.2,0,-9.5592061e-07,0
259.3,0,-7.3292597e-07,0
259.4,0,-5.6189598e-07,0
259.5,0,-4.3076859e-07,0
259.6,0,-3.3023768e-07,0
259.7,0,-2.5317493e-07,0
259.8,0,-1.9409382e-07,0
259.9,0,-1.4879971e-07,0
260,19.63495,0.00010924738,0.15444481
260.1,39.2699,7.3660966e-05,0.20827143
260.2,39.2699,5.9186141e-05,0.16734484
260.3,39.2699,5.7745858e-05,0.16327253
260.4,39.2699,8.0679678e-05,0.22811637
260.5,39.2699,0.00010258834,0.29006165
260.6,39.2699,9.9477785e-05,0.28126675
260.7,39.2699,9.9483897e-05,0.28128403
260.8,39.2699,9.8655523e-05,0.27894186
260.9,39.2699,9.8972828e-05,0.27983902
261,39.2699,9.8754155e-05,0.27922074
261.1,39.2699,9.75443e-05,0.27579995
261.2,39.2699,9.6206828e-05,0.27201834
261.3,39.2699,9.8742677e-05,0.27918828
261.4,39.2699,9.8416667e-05,0.27826651
261.5,39.2699,9.7507096e-05,0.27569476
261.6,39.2699,9.82794e-05,0.2778784
261.7,39.2699,9.8106523e-05,0.2773896
261.8,39.2699,9.7879403e-05,0.27674743
261.9,39.2699,9.8051322e-05,0.27723352
262,39.2699,9.6450306e-05,0.27270676
262.1,39.2699,9.641391e-05,0.27260385
262.2,39.2699,9.7899467e-05,0.27680416
262.3,39.2699,9.772067e-05,0.27629863
262.4,39.2699,9.7721256e-05,0.27630028
262.5,39.2699,9.7748692e-05,0.27637786
262.6,39.2699,9.8339624e-05,0.27804868
262.7,39.2699,9.8497623e-05,0.27849541
262.8,39.2699,9.861605e-05,0.27883025
262.9,39.2699,9.8214154e-05,0.27769392
263,39.2699,9.8052468e-05,0.27723676
263.1,39.2699,9.8107766e-05,0.27739311
263.2,39.2699,9.8405795e-05,0.27823577
263.3,39.2699,9.8649958e-05,0.27892613
263.4,39.2699,9.8437665e-05,0.27832588
263.5,39.2699,9.8190134e-05,0.277626
263.6,39.2699,9.7926891e-05,0.2768817
263.7,39.2699,9.8047552e-05,0.27722286
263.8,39.2699,9.8493095e-05,0.27848261
263.9,39.2699,9.8639394e-05,0.27889626
264,39.2699,9.8931912e-05,0.27972333
264.1,39.2699,9.8480001e-05,0.27844559
264.2,39.2699,9.8428004e-05,0.27829857
264.3,39.2699,9.7987009e-05,0.27705168
264.4,39.2699,9.8261037e-05,0.27782648
264.5,39.2699,9.8185042e-05,0.27761161
264.6,39.2699,9.8450357e-05,0.27836177
264.7,39.2699,9.8460413e-05,0.2783902
264.8,39.2699,9.8285776e-05,0.27789643
264.9,39.2699,9.8312718e-05,0.2779726
265,39.2699,9.8136328e-05,0.27747387
265.1,39.2699,9.8412633e-05,0.27825511
265.2,39.2699,9.8493383e-05,0.27848342
265.3,39.2699,9.8602006e-05,0.27879055
265.4,39.2699,9.8586133e-05,0.27874567
265.5,39.2699,9.7974795e-05,0.27701715
265.6,39.2699,9.792328e-05,0.27687149
265.7,39.2699,9.7521624e-05,0.27573584
265.8,39.2699,9.7740501e-05,0.2763547
265.9,39.2699,9.807586e-05,0.2773029
266,39.2699,9.8292528e-05,0.27791552
266.1,39.2699,9.8232131e-05,0.27774475
266.2,39.2699,9.7721868e-05,0.27630201
266.3,39.2699,9.7752532e-05,0.27638871
266.4,39.2699,9.7703706e-05,0.27625066
266.5,39.2699,9.8153591e-05,0.27752268
266.6,39.2699,9.8302214e-05,0.2779429
266.7,39.2699,9.8116706e-05,0.27741839
266.8,39.2699,9.7534419e-05,0.27577202
266.9,39.2699,9.7190044e-05,0.27479832
267,39.2699,9.7308236e-05,0.2751325
267.1,39.2699,9.7536822e-05,0.27577881
267.2,39.2699,9.7985547e-05,0.27704755
267.3,39.2699,9.7984012e-05,0.27704321
267.4,39.2699,9.7676016e-05,0.27617237
267.5,39.2699,9.7272695e-05,0.27503201
267.6,39.2699,9.6983247e-05,0.27421361
267.7,39.2699,9.7351953e-05,0.27525611
267.8,39.2699,9.743304e-05,0.27548537
267.9,39.2699,9.7397316e-05,0.27538437
268,19.63495,-1.7172816e-05,0.024277492
268.1,0,-2.7873615e-05,0
268.2,0,-1.5533593e-05,0
268.3,0,-1.0577038e-05,0
268.4,0,-7.9631242e-06,0
268.5,0,-6.1006052e-06,0
268.6,0,-4.6899167e-06,0
268.7,0,-3.6062246e-06,0
268.8,0,-2.7712197e-06,0
268.9,0,-2.1280782e-06,0
269,0,-1.6331177e-06,0
269.1,0,-1.2526827e-06,0
269.2,0,-9.6062556e-07,0
269.3,0,-7.3652126e-07,0
269.4,0,-5.6463544e-07,0
269.5,0,-4.3285402e-07,0
269.6,0,-3.3182837e-07,0
269.7,0,-2.5438824e-07,0
269.8,0,-1.9502082e-07,0
269.9,0,-1.4951352e-07,0
270,19.63495,0.00010923249,0.15442376
270.1,39.2699,7.3684085e-05,0.2083368
270.2,39.2699,5.9187598e-05,0.16734896
270.3,39.2699,5.755789e-05,0.16274107
270.4,39.2699,8.009115e-05,0.22645234
270.5,39.2699,0.00010315091,0.29165227
270.6,39.2699,9.9241138e-05,0.28059765
270.7,39.2699,9.943382e-05,0.28114245
270.8,39.2699,9.7971968e-05,0.27700916
270.9,39.2699,9.8261885e-05,0.27782888
271,39.2699,9.7121953e-05,0.2746058
271.1,39.2699,9.7796279e-05,0.27651241
271.2,39.2699,9.7020475e-05,0.27431887
271.3,39.2699,9.7937242e-05,0.27691097
271.4,39.2699,9.7300611e-05,0.27511094
271.5,39.2699,9.643124e-05,0.27265285
271.6,39.2699,9.5677583e-05,0.27052194
271.7,39.2699,9.7372376e-05,0.27531385
271.8,39.2699,9.6500821e-05,0.27284959
271.9,39.2699,9.6785373e-05,0.27365414
272,39.2699,9.6078109e-05,0.2716544
272.1,39.2699,9.7306495e-05,0.27512758
272.2,39.2699,9.7626998e-05,0.27603378
272.3,39.2699,9.72264e-05,0.27490111
272.4,39.2699,9.7303696e-05,0.27511966
272.5,39.2699,9.7036678e-05,0.27436469
272.6,39.2699,9.7052468e-05,0.27440933
272.7,39.2699,9.7499402e-05,0.27567301
272.8,39.2699,9.7559165e-05,0.27584198
272.9,39.2699,9.7736845e-05,0.27634436
273,39.2699,9.7614627e-05,0.2759988
273.1,39.2699,9.7427873e-05,0.27547076
273.2,39.2699,9.7389058e-05,0.27536102
273.3,39.2699,9.7579604e-05,0.27589977
273.4,39.2699,9.7724421e-05,0.27630923
273.5,39.2699,9.8113481e-05,0.27740927
273.6,39.2699,9.7792846e-05,0.2765027
273.7,39.2699,9.7769234e-05,0.27643594
273.8,39.2699,9.7468752e-05,0.27558635
273.9,39.2699,9.7412019e-05,0.27542594
274,39.2699,9.7526376e-05,0.27574927
274.1,39.2699,9.7786205e-05,0.27648392
274.2,39.2699,9.8175079e-05,0.27758344
274.3,39.2699,9.6865204e-05,0.27387986
274.4,39.2699,9.5500956e-05,0.27002253
274.5,39.2699,9.679869e-05,0.27369179
274.6,39.2699,9.7081347e-05,0.27449098
274.7,39.2699,9.7335554e-05,0.27520974
274.8,39.2699,9.7557386e-05,0.27583695
274.9,39.2699,9.7457999e-05,0.27555594
275,39.2699,9.6983069e-05,0.27421311
275.1,39.2699,9.6793877e-05,0.27367818
275.2,39.2699,9.6707757e-05,0.27343469
275.3,39.2699,9.7176044e-05,0.27475873
275.4,39.2699,9.7443104e-05,0.27551383
275.5,39.2699,9.7473499e-05,0.27559977
275.6,39.2699,9.7200656e-05,0.27482832
275.7,39.2699,9.6728908e-05,0.27349449
275.8,39.2699,9.680437e-05,0.27370785
275.9,39.2699,9.6928132e-05,0.27405778
276,39.2699,9.7387902e-05,0.27535775
276.1,39.2699,9.7493063e-05,0.27565508
276.2,39.2699,9.7289755e-05,0.27508024
276.3,39.2699,9.6966373e-05,0.2741659
276.4,39.2699,9.6671813e-05,0.27333306
276.5,39.2699,9.6965651e-05,0.27416386
276.6,39.2699,9.7230893e-05,0.27491382
276.7,39.2699,9.7485987e-05,0.27563508
276.8,39.2699,9.7366728e-05,0.27529788
276.9,39.2699,9.7101261e-05,0.27454729
277,39.2699,9.6939545e-05,0.27409005
277.1,39.2699,9.6824059e-05,0.27376352
277.2,39.2699,9.7120401e-05,0.27460141
277.3,39.2699,9.7278362e-05,0.27504803
277.4,39.2699,9.7396023e-05,0.27538071
277.5,39.2699,9.7194998e-05,0.27481233
277.6,39.2699,9.6884874e-05,0.27393547
277.7,39.2699,9.6755811e-05,0.27357055
277.8,39.2699,9.6804464e-05,0.27370812
277.9,39.2699,9.7033652e-05,0.27435613
278,19.63495,-1.7152999e-05,0.024249476
278.1,0,-2.738327e-05,0
278.2,0,-1.540108e-05,0
278.3,0,-1.0437825e-05,0
278.4,0,-7.8819579e-06,0
278.5,0,-6.0532978e-06,0
278.6,0,-4.6595856e-06,0
278.7,0,-3.5850687e-06,0
278.8,0,-2.7555362e-06,0
278.9,0,-2.1160261e-06,0
279,0,-1.6238847e-06,0
279.1,0,-1.2456169e-06,0
279.2,0,-9.5522559e-07,0
279.3,0,-7.3239163e-07,0
279.4,0,-5.6147746e-07,0
279.5,0,-4.3044004e-07,0
279.6,0,-3.299822e-07,0
279.7,0,-2.5297675e-07,0
279.8,0,-1.9394035e-07,0
279.9,0,-1.48681e-07,0
280,19.63495,0.00010925112,0.1544501
280.1,39.2699,7.3666138e-05,0.20828606
280.2,39.2699,5.9177701e-05,0.16732097
280.3,39.2699,5.7721836e-05,0.16320461
280.4,39.2699,8.0743048e-05,0.22829554
280.5,39.2699,0.00010368977,0.29317587
280.6,39.2699,9.954878e-05,0.28146749
280.7,39.2699,9.9590858e-05,0.28158646
280.8,39.2699,9.8079799e-05,0.27731404
280.9,39.2699,9.9078838e-05,0.28013876
281,39.2699,9.8767219e-05,0.27925767
281.1,39.2699,9.6770806e-05,0.27361295
281.2,39.2699,9.7528957e-05,0.27575657
281.3,39.2699,9.850589e-05,0.27851878
281.4,39.2699,9.8076385e-05,0.27730439
281.5,39.2699,9.7178751e-05,0.27476639
281.6,39.2699,9.7802204e-05,0.27652916
281.7,39.2699,9.7983476e-05,0.27704169
281.8,39.2699,9.730043e-05,0.27511043
281.9,39.2699,9.6910185e-05,0.27400703
282,39.2699,9.799751e-05,0.27708137
282.1,39.2699,9.792426e-05,0.27687426
282.2,39.2699,9.7504945e-05,0.27568868
282.3,39.2699,9.6619084e-05,0.27318397
282.4,39.2699,9.708849e-05,0.27451118
282.5,39.2699,9.5633926e-05,0.2703985
282.6,39.2699,9.7358781e-05,0.27527541
282.7,39.2699,9.7626849e-05,0.27603336
282.8,39.2699,9.7869666e-05,0.2767199
282.9,39.2699,9.7359827e-05,0.27527837
283,39.2699,9.7236976e-05,0.27493101
283.1,39.2699,9.7129025e-05,0.27462579
283.2,39.2699,9.7578884e-05,0.27589774
283.3,39.2699,9.7948167e-05,0.27694186
283.4,39.2699,9.8071375e-05,0.27729022
283.5,39.2699,9.778588e-05,0.276483
283.6,39.2699,9.7338215e-05,0.27521726
283.7,39.2699,9.7280859e-05,0.27505509
283.8,39.2699,9.7507819e-05,0.27569681
283.9,39.2699,9.7887703e-05,0.2767709
284,39.2699,9.8160943e-05,0.27754347
284.1,39.2699,9.7801769e-05,0.27652793
284.2,39.2699,9.7501183e-05,0.27567804
284.3,39.2699,9.7017312e-05,0.27430993
284.4,39.2699,9.7198602e-05,0.27482252
284.5,39.2699,9.7473748e-05,0.27560047
284.6,39.2699,9.7848979e-05,0.27666141
284.7,39.2699,9.797485e-05,0.2770173
284.8,39.2699,9.7588926e-05,0.27592613
284.9,39.2699,9.7364369e-05,0.27529121
285,39.2699,9.7253022e-05,0.27497638
285.1,39.2699,9.7606683e-05,0.27597634
285.2,39.2699,9.7872301e-05,0.27672736
285.3,39.2699,9.7881009e-05,0.27675198
285.4,39.2699,9.7596622e-05,0.27594789
285.5,39.2699,9.6970708e-05,0.27417816
285.6,39.2699,9.6904838e-05,0.27399192
285.7,39.2699,9.7084376e-05,0.27449955
285.8,39.2699,9.7680323e-05,0.27618455
285.9,39.2699,9.7993271e-05,0.27706939
286,39.2699,9.7862915e-05,0.27670082
286.1,39.2699,9.7410218e-05,0.27542085
286.2,39.2699,9.6780601e-05,0.27364065
286.3,39.2699,9.6732499e-05,0.27350464
286.4,39.2699,9.6963714e-05,0.27415838
286.5,39.2699,9.7645719e-05,0.27608671
286.6,39.2699,9.789328e-05,0.27678667
286.7,39.2699,9.7810209e-05,0.27655179
286.8,39.2699,9.7158136e-05,0.2747081
286.9,39.2699,9.6705099e-05,0.27342717
287,39.2699,9.6445138e-05,0.27269215
287.1,39.2699,9.5880597e-05,0.27109594
287.2,39.2699,9.7323024e-05,0.27517431
287.3,39.2699,9.7510098e-05,0.27570325
287.4,39.2699,9.7206721e-05,0.27484547
287.5,39.2699,9.6860866e-05,0.27386759
287.6,39.2699,9.6590004e-05,0.27310174
287.7,39.2699,9.6990502e-05,0.27423413
287.8,39.2699,9.732428e-05,0.27517786
287.9,39.2699,9.7768016e-05,0.2764325
288,19.63495,-1.670566e-05,0.023617066
288.1,0,-2.7767494e-05,0
288.2,0,-1.5442216e-05,0
288.3,0,-1.0472285e-05,0
288.4,0,-7.9081686e-06,0
288.5,0,-6.0732165e-06,0
288.6,0,-4.6742522e-06,0
288.7,0,-3.5954861e-06,0
288.8,0,-2.7632649e-06,0
288.9,0,-2.1218867e-06,0
289,0,-1.6283211e-06,0
289.1,0,-1.249047e-06,0
289.2,0,-9.5785992e-07,0
289.3,0,-7.3445655e-07,0
289.4,0,-5.6309349e-07,0
289.5,0,-4.3169004e-07,0
289.6,0,-3.3095539e-07,0
289.7,0,-2.5372464e-07,0
289.8,0,-1.9452322e-07,0
289.9,0,-1.4913567e-07,0
290,19.63495,0.00010923688,0.15442996
290.1,39.2699,7.3687924e-05,0.20834765
290.2,39.2699,5.9284772e-05,0.16762371
290.3,39.2699,5.7626444e-05,0.1629349
290.4,39.2699,8.0086882e-05,0.22644028
290.5,39.2699,0.00010320693,0.29181067
290.6,39.2699,9.9846569e-05,0.28230946
290.7,39.2699,9.920606e-05,0.28049847
290.8,39.2699,9.8995616e-05,0.27990345
290.9,39.2699,9.8662339e-05,0.27896113
291,39.2699,9.8521156e-05,0.27856195
291.1,39.2699,9.8050793e-05,0.27723203
291.2,39.2699,9.659944e-05,0.27312842
291.3,39.2699,9.6778822e-05,0.27363562
291.4,39.2699,9.7687518e-05,0.27620489
291.5,39.2699,9.6517655e-05,0.27289718
291.6,39.2699,9.692085e-05,0.27403719
291.7,39.2699,9.6861325e-05,0.27386889
291.8,39.2699,9.6793079e-05,0.27367593
291.9,39.2699,9.7237287e-05,0.27493189
292,39.2699,9.6479828e-05,0.27279023
292.1,39.2699,9.8006108e-05,0.27710568
292.2,39.2699,9.7918506e-05,0.276858
292.3,39.2699,9.7479517e-05,0.27561678
292.4,39.2699,9.6826901e-05,0.27377156
292.5,39.2699,9.7027488e-05,0.2743387
292.6,39.2699,9.5777975e-05,0.27080579
292.7,39.2699,9.7730972e-05,0.27632776
292.8,39.2699,9.7765735e-05,0.27642605
292.9,39.2699,9.7418518e-05,0.27544431
293,39.2699,9.7224508e-05,0.27489576
293.1,39.2699,9.7070382e-05,0.27445998
293.2,39.2699,9.7256363e-05,0.27498583
293.3,39.2699,9.7664736e-05,0.27614048
293.4,39.2699,9.7801634e-05,0.27652755
293.5,39.2699,9.7896189e-05,0.2767949
293.6,39.2699,9.7272856e-05,0.27503246
293.7,39.2699,9.7193643e-05,0.2748085
293.8,39.2699,9.7083221e-05,0.27449628
293.9,39.2699,9.7452248e-05,0.27553968
294,39.2699,9.7869079e-05,0.27671824
294.1,39.2699,9.7930729e-05,0.27689256
294.2,39.2699,9.7804647e-05,0.27653607
294.3,39.2699,9.7292674e-05,0.2750885
294.4,39.2699,9.7279277e-05,0.27505062
294.5,39.2699,9.7329326e-05,0.27519213
294.6,39.2699,9.7822325e-05,0.27658605
294.7,39.2699,9.8030775e-05,0.27717543
294.8,39.2699,9.7807167e-05,0.27654319
294.9,39.2699,9.7485628e-05,0.27563406
295,39.2699,9.6984711e-05,0.27421775
295.1,39.2699,9.7112969e-05,0.27458039
295.2,39.2699,9.738647e-05,0.2753537
295.3,39.2699,9.7751363e-05,0.27638541
295.4,39.2699,9.7846627e-05,0.27665476
295.5,39.2699,9.7409624e-05,0.27541916
295.6,39.2699,9.7210196e-05,0.2748553
295.7,39.2699,9.6939267e-05,0.27408926
295.8,39.2699,9.7315052e-05,0.27515177
295.9,39.2699,9.7538796e-05,0.27578439
296,39.2699,9.7704803e-05,0.27625377
296.1,39.2699,9.7605675e-05,0.27597349
296.2,39.2699,9.71724e-05,0.27474843
296.3,39.2699,9.7014166e-05,0.27430104
296.4,39.2699,9.6927876e-05,0.27405706
296.5,39.2699,9.7429309e-05,0.27547482
296.6,39.2699,9.7673061e-05,0.27616402
296.7,39.2699,9.7726213e-05,0.2763143
296.8,39.2699,9.7476171e-05,0.27560732
296.9,39.2699,9.7026543e-05,0.27433603
297,39.2699,9.7021461e-05,0.27432166
297.1,39.2699,9.6922945e-05,0.27404311
297.2,39.2699,9.7347447e-05,0.27524336
297.3,39.2699,9.7458114e-05,0.27555627
297.4,39.2699,9.7014895e-05,0.2743031
297.5,39.2699,9.6123861e-05,0.27178376
297.6,39.2699,9.6555169e-05,0.27300325
297.7,39.2699,9.661664e-05,0.27317706
297.8,39.2699,9.6761624e-05,0.27358699
297.9,39.2699,9.7075998e-05,0.27447586
298,19.63495,-1.7231666e-05,0.024360688
298.1,0,-2.7641529e-05,0
298.2,0,-1.5444642e-05,0
298.3,0,-1.0490747e-05,0
298.4,0,-7.9164629e-06,0
298.5,0,-6.0759467e-06,0
298.6,0,-4.6748706e-06,0
298.7,0,-3.5955833e-06,0
298.8,0,-2.7632351e-06,0
298.9,0,-2.1218345e-06,0
299,0,-1.6283096e-06,0
299.1,0,-1.249023e-06,0
299.2,0,-9.5781541e-07,0
299.3,0,-7.3440138e-07,0
299.4,0,-5.6303598e-07,0
299.5,0,-4.3163602e-07,0
299.6,0,-3.3090658e-07,0
299.7,0,-2.536803e-07,0
299.8,0,-1.9448498e-07,0
299.9,0,-1.4910432e-07,0
300,0,-1.1431726e-07,0
