time_s,omega_meas_rad_s,Mz_wedge_Nm,P_visc_full_W
0.1,26.1799,4.6663022e-05,0.087957594
0.2,26.1799,3.5647275e-05,0.067193431
0.3,26.1799,3.1800455e-05,0.059942356
0.4,26.1799,3.0807843e-05,0.058071329
0.5,26.1799,3.0170481e-05,0.056869933
0.6,26.1799,3.145587e-05,0.059292831
0.7,26.1799,4.1393068e-05,0.078023979
0.8,26.1799,5.2984689e-05,0.099873638
0.9,26.1799,5.1134822e-05,0.096386726
1,26.1799,5.1081227e-05,0.096285703
1.1,26.1799,5.068964e-05,0.095547578
1.2,26.1799,5.0852137e-05,0.095853879
1.3,26.1799,5.1088047e-05,0.096298558
1.4,26.1799,5.1118997e-05,0.096356897
1.5,26.1799,5.1119759e-05,0.096358333
1.6,26.1799,5.1086308e-05,0.096295279
1.7,26.1799,5.1090971e-05,0.096304069
1.8,26.1799,5.1033327e-05,0.096195412
1.9,26.1799,5.0915403e-05,0.095973132
2,26.1799,5.0734464e-05,0.09563207
2.1,26.1799,5.0770612e-05,0.095700206
2.2,26.1799,5.0871049e-05,0.095889527
2.3,26.1799,5.0872899e-05,0.095893013
2.4,26.1799,5.0868383e-05,0.095884501
2.5,26.1799,5.091199e-05,0.095966697
2.6,26.1799,5.0884384e-05,0.095914661
2.7,26.1799,5.0888056e-05,0.095921584
2.8,26.1799,5.0888346e-05,0.09592213
2.9,26.1799,5.0868123e-05,0.095884011
3,26.1799,5.0876789e-05,0.095900346
3.1,26.1799,5.0856121e-05,0.095861388
3.2,26.1799,5.0844094e-05,0.095838718
3.3,26.1799,5.0834318e-05,0.09582029
3.4,26.1799,5.0785088e-05,0.095727493
3.5,26.1799,5.0772308e-05,0.095703404
3.6,26.1799,5.0694129e-05,0.09555604
3.7,26.1799,5.0589839e-05,0.095359458
3.8,26.1799,5.0318383e-05,0.094847777
3.9,26.1799,5.028079e-05,0.094776916
4,26.1799,5.0167416e-05,0.094563211
4.1,26.1799,5.0095221e-05,0.094427127
4.2,26.1799,4.9842401e-05,0.093950574
4.3,26.1799,5.0249089e-05,0.094717161
4.4,26.1799,5.0427162e-05,0.09505282
4.5,26.1799,5.0363019e-05,0.094931914
4.6,26.1799,5.0197474e-05,0.094619869
4.7,26.1799,4.979341e-05,0.093858227
4.8,26.1799,4.9894652e-05,0.094049064
4.9,26.1799,5.0150216e-05,0.094530789
5,26.1799,5.034634e-05,0.094900475
5.1,26.1799,5.0368522e-05,0.094942287
5.2,26.1799,5.0427553e-05,0.095053557
5.3,26.1799,5.0430919e-05,0.095059902
5.4,26.1799,5.0461345e-05,0.095117254
5.5,26.1799,5.045432e-05,0.095104011
5.6,26.1799,5.0479403e-05,0.095151292
5.7,26.1799,5.0467804e-05,0.095129429
5.8,26.1799,5.048042e-05,0.09515321
5.9,26.1799,5.0464921e-05,0.095123993
6,26.1799,5.0483082e-05,0.095158226
6.1,26.1799,5.0444727e-05,0.095085929
6.2,26.1799,5.0440008e-05,0.095077034
6.3,26.1799,5.0369378e-05,0.094943901
6.4,26.1799,5.0268527e-05,0.0947538
6.5,26.1799,5.0098953e-05,0.094434161
6.6,26.1799,5.0060431e-05,0.09436155
6.7,26.1799,5.0092663e-05,0.094422306
6.8,26.1799,5.0266912e-05,0.094750757
6.9,26.1799,5.0275438e-05,0.094766827
7,26.1799,5.0307421e-05,0.094827114
7.1,26.1799,5.0336854e-05,0.094882594
7.2,26.1799,5.0319917e-05,0.094850668
7.3,26.1799,5.034159e-05,0.094891521
7.4,26.1799,5.0365063e-05,0.094935766
7.5,26.1799,5.0352871e-05,0.094912786
7.6,26.1799,5.0377714e-05,0.094959613
7.7,26.1799,5.038242e-05,0.094968484
7.8,26.1799,5.0376746e-05,0.094957789
7.9,26.1799,5.0402629e-05,0.095006577
8,13.08995,-2.3809291e-05,0.022439695
8.1,0,-1.6407474e-05,0
8.2,0,-1.0410196e-05,0
8.3,0,-7.2823731e-06,0
8.4,0,-5.4803964e-06,0
8.5,0,-4.2191886e-06,0
8.6,0,-3.2545884e-06,0
8.7,0,-2.5055404e-06,0
8.8,0,-1.9253948e-06,0
8.9,0,-1.4779304e-06,0
9,0,-1.1337204e-06,0
9.1,0,-8.6938732e-07,0
9.2,0,-6.6654181e-07,0
9.3,0,-5.1096937e-07,0
9.4,0,-3.917037e-07,0
9.5,0,-3.0027243e-07,0
9.6,0,-2.3019031e-07,0
9.7,0,-1.7646484e-07,0
9.8,0,-1.3527954e-07,0
9.9,0,-1.0371026e-07,0
10,13.08995,7.2812698e-05,0.06862425
10.1,26.1799,4.6705435e-05,0.08803754
10.2,26.1799,3.5605335e-05,0.067114376
10.3,26.1799,3.1801336e-05,0.059944018
10.4,26.1799,3.0801971e-05,0.058060262
10.5,26.1799,3.0749722e-05,0.057961775
10.6,26.1799,3.6486767e-05,0.068775833
10.7,26.1799,4.874874e-05,0.091889074
10.8,26.1799,5.3479336e-05,0.10080602
10.9,26.1799,5.0928699e-05,0.095998195
11,26.1799,5.1483123e-05,0.097043256
11.1,26.1799,5.1029682e-05,0.096188542
11.2,26.1799,5.1028302e-05,0.096185941
11.3,26.1799,5.1212332e-05,0.096532829
11.4,26.1799,5.1142041e-05,0.096400334
11.5,26.1799,5.1162897e-05,0.096439646
11.6,26.1799,5.1140234e-05,0.096396927
11.7,26.1799,5.1115264e-05,0.09634986
11.8,26.1799,5.1109755e-05,0.096339476
11.9,26.1799,5.1026214e-05,0.096182004
12,26.1799,5.0891762e-05,0.095928569
12.1,26.1799,5.080774e-05,0.095770192
12.2,26.1799,5.0732898e-05,0.095629118
12.3,26.1799,5.0930708e-05,0.096001981
12.4,26.1799,5.0886218e-05,0.095918119
12.5,26.1799,5.0929352e-05,0.095999425
12.6,26.1799,5.0923267e-05,0.095987955
12.7,26.1799,5.092767e-05,0.095996253
12.8,26.1799,5.0909102e-05,0.095961255
12.9,26.1799,5.0929058e-05,0.09599887
13,26.1799,5.0891148e-05,0.095927411
13.1,26.1799,5.0890312e-05,0.095925836
13.2,26.1799,5.0904479e-05,0.095952541
13.3,26.1799,5.086472e-05,0.095877597
13.4,26.1799,5.0874324e-05,0.0958957
13.5,26.1799,5.0824167e-05,0.095801157
13.6,26.1799,5.0817309e-05,0.095788228
13.7,26.1799,5.0739083e-05,0.095640777
13.8,26.1799,5.0664648e-05,0.095500471
13.9,26.1799,5.0437803e-05,0.095072878
14,26.1799,5.0145706e-05,0.094522288
14.1,26.1799,4.9993389e-05,0.094235179
14.2,26.1799,5.0407999e-05,0.0950167
14.3,26.1799,5.0820131e-05,0.095793549
14.4,26.1799,5.073509e-05,0.095633251
14.5,26.1799,5.0798519e-05,0.09575281
14.6,26.1799,5.0795869e-05,0.095747815
14.7,26.1799,5.078324e-05,0.09572401
14.8,26.1799,5.0794979e-05,0.095746139
14.9,26.1799,5.0741215e-05,0.095644796
15,26.1799,5.0692174e-05,0.095552354
15.1,26.1799,5.0540835e-05,0.095267089
15.2,26.1799,5.0419559e-05,0.095038488
15.3,26.1799,5.0342615e-05,0.094893453
15.4,26.1799,5.0627202e-05,0.095429887
15.5,26.1799,5.0578543e-05,0.095338166
15.6,26.1799,5.0597415e-05,0.095373739
15.7,26.1799,5.0592438e-05,0.095364357
15.8,26.1799,5.0592571e-05,0.095364609
15.9,26.1799,5.0546861e-05,0.095278448
16,26.1799,5.0502382e-05,0.095194606
16.1,26.1799,5.0385189e-05,0.094973703
16.2,26.1799,5.0167786e-05,0.094563908
16.3,26.1799,5.0239455e-05,0.094699001
16.4,26.1799,5.0443336e-05,0.095083307
16.5,26.1799,5.0430234e-05,0.09505861
16.6,26.1799,5.0475251e-05,0.095143466
16.7,26.1799,5.0474386e-05,0.095141835
16.8,26.1799,5.0520003e-05,0.095227821
16.9,26.1799,5.0512519e-05,0.095213715
17,26.1799,5.0511895e-05,0.095212538
17.1,26.1799,5.0531827e-05,0.095250109
17.2,26.1799,5.0563385e-05,0.095309594
17.3,26.1799,5.0549508e-05,0.095283436
17.4,26.1799,5.0545473e-05,0.095275831
17.5,26.1799,5.0570124e-05,0.095322297
17.6,26.1799,5.0569913e-05,0.095321899
17.7,26.1799,5.0561059e-05,0.09530521
17.8,26.1799,5.0589239e-05,0.095358328
17.9,26.1799,5.0559358e-05,0.095302004
18,13.08995,-2.3719625e-05,0.022355187
18.1,0,-1.6762e-05,0
18.2,0,-1.0498057e-05,0
18.3,0,-7.3551865e-06,0
18.4,0,-5.5411596e-06,0
18.5,0,-4.261991e-06,0
18.6,0,-3.2851249e-06,0
18.7,0,-2.5282214e-06,0
18.8,0,-1.9426346e-06,0
18.9,0,-1.4911391e-06,0
19,0,-1.1438522e-06,0
19.1,0,-8.7718615e-07,0
19.2,0,-6.7254215e-07,0
19.3,0,-5.1558282e-07,0
19.4,0,-3.9525348e-07,0
19.5,0,-3.0299673e-07,0
19.6,0,-2.322699e-07,0
19.7,0,-1.7805971e-07,0
19.8,0,-1.3650531e-07,0
19.9,0,-1.046543e-07,0
20,13.08995,7.2821353e-05,0.068632407
20.1,26.1799,4.6679155e-05,0.087988003
20.2,26.1799,3.5650976e-05,0.067200407
20.3,26.1799,3.1788184e-05,0.059919226
20.4,26.1799,3.0747805e-05,0.05795816
20.5,26.1799,3.0793843e-05,0.05804494
20.6,26.1799,3.6404019e-05,0.068619858
20.7,26.1799,4.8735893e-05,0.091864858
20.8,26.1799,5.3470461e-05,0.1007893
20.9,26.1799,5.0794176e-05,0.095744624
21,26.1799,5.1466345e-05,0.097011631
21.1,26.1799,5.1033577e-05,0.096195884
21.2,26.1799,5.1040107e-05,0.096208193
21.3,26.1799,5.1202334e-05,0.096513983
21.4,26.1799,5.1150234e-05,0.096415777
21.5,26.1799,5.1168695e-05,0.096450576
21.6,26.1799,5.1130841e-05,0.096379222
21.7,26.1799,5.1132083e-05,0.096381563
21.8,26.1799,5.1089576e-05,0.096301439
21.9,26.1799,5.1027936e-05,0.096185251
22,26.1799,5.0881227e-05,0.095908711
22.1,26.1799,5.0810158e-05,0.095774749
22.2,26.1799,5.0725668e-05,0.09561549
22.3,26.1799,5.092907e-05,0.095998894
22.4,26.1799,5.0890913e-05,0.095926969
22.5,26.1799,5.0910535e-05,0.095963955
22.6,26.1799,5.0946753e-05,0.096032224
22.7,26.1799,5.0897217e-05,0.095938851
22.8,26.1799,5.0927865e-05,0.095996621
22.9,26.1799,5.0896977e-05,0.095938399
23,26.1799,5.0907734e-05,0.095958676
23.1,26.1799,5.0873351e-05,0.095893865
23.2,26.1799,5.0880296e-05,0.095906957
23.3,26.1799,5.0851357e-05,0.095852409
23.4,26.1799,5.0822087e-05,0.095797235
23.5,26.1799,5.0792609e-05,0.095741671
23.6,26.1799,5.068509e-05,0.095539003
23.7,26.1799,5.0534365e-05,0.095254892
23.8,26.1799,5.0418056e-05,0.095035656
23.9,26.1799,5.0241839e-05,0.094703495
24,26.1799,5.0681695e-05,0.095532603
24.1,26.1799,5.0417743e-05,0.095035066
24.2,26.1799,5.0495518e-05,0.095181668
24.3,26.1799,5.0480694e-05,0.095153725
24.4,26.1799,5.075914e-05,0.095678583
24.5,26.1799,5.0812405e-05,0.095778984
24.6,26.1799,5.0793189e-05,0.095742764
24.7,26.1799,5.0830161e-05,0.095812455
24.8,26.1799,5.080322e-05,0.095761672
24.9,26.1799,5.0810148e-05,0.09577473
25,26.1799,5.0765147e-05,0.095689907
25.1,26.1799,5.0755767e-05,0.095672225
25.2,26.1799,5.0726835e-05,0.09561769
25.3,26.1799,5.0651978e-05,0.095476588
25.4,26.1799,5.0509417e-05,0.095207866
25.5,26.1799,5.034402e-05,0.094896102
25.6,26.1799,5.0330532e-05,0.094870678
25.7,26.1799,5.0537865e-05,0.095261491
25.8,26.1799,5.0523466e-05,0.095234349
25.9,26.1799,5.047048e-05,0.095134472
26,26.1799,5.0408383e-05,0.095017423
26.1,26.1799,5.0318032e-05,0.094847115
26.2,26.1799,5.0112591e-05,0.094459869
26.3,26.1799,5.0180871e-05,0.094588572
26.4,26.1799,5.0439451e-05,0.095075984
26.5,26.1799,5.0358011e-05,0.094922474
26.6,26.1799,5.0439496e-05,0.09507607
26.7,26.1799,5.0434556e-05,0.095066757
26.8,26.1799,5.0427891e-05,0.095054194
26.9,26.1799,5.0453538e-05,0.095102537
27,26.1799,5.0404552e-05,0.095010201
27.1,26.1799,5.0358702e-05,0.094923777
27.2,26.1799,5.0233712e-05,0.094688177
27.3,26.1799,5.0134865e-05,0.094501855
27.4,26.1799,5.0039778e-05,0.09432262
27.5,26.1799,5.0525709e-05,0.095238577
27.6,26.1799,5.0430739e-05,0.095059562
27.7,26.1799,5.0531093e-05,0.095248725
27.8,26.1799,5.049766e-05,0.095185705
27.9,26.1799,5.0528562e-05,0.095243955
28,13.08995,-2.3706179e-05,0.022342514
28.1,0,-1.6633727e-05,0
28.2,0,-1.0467475e-05,0
28.3,0,-7.3185072e-06,0
28.4,0,-5.51108e-06,0
28.5,0,-4.240571e-06,0
28.6,0,-3.2698341e-06,0
28.7,0,-2.5170378e-06,0
28.8,0,-1.934339e-06,0
28.9,0,-1.4848944e-06,0
29,0,-1.1390831e-06,0
29.1,0,-8.7348141e-07,0
29.2,0,-6.6969563e-07,0
29.3,0,-5.1339685e-07,0
29.4,0,-3.9358214e-07,0
29.5,0,-3.0171347e-07,0
29.6,0,-2.3128392e-07,0
29.7,0,-1.7730404e-07,0
29.8,0,-1.359245e-07,0
29.9,0,-1.0420652e-07,0
30,13.08995,7.2809703e-05,0.068621426
30.1,26.1799,4.6676195e-05,0.087982424
30.2,26.1799,3.5635614e-05,0.067171451
30.3,26.1799,3.178294e-05,0.059909342
30.4,26.1799,3.0758638e-05,0.057978581
30.5,26.1799,3.0787142e-05,0.05803231
30.6,26.1799,3.6473039e-05,0.068749957
30.7,26.1799,4.8761291e-05,0.091912731
30.8,26.1799,5.3451086e-05,0.10075277
30.9,26.1799,5.0798747e-05,0.09575324
31,26.1799,5.1474665e-05,0.097027315
31.1,26.1799,5.1029765e-05,0.096188699
31.2,26.1799,5.102336e-05,0.096176625
31.3,26.1799,5.1205295e-05,0.096519565
31.4,26.1799,5.1153967e-05,0.096422814
31.5,26.1799,5.1139932e-05,0.096396358
31.6,26.1799,5.115258e-05,0.096420199
31.7,26.1799,5.1107228e-05,0.096334712
31.8,26.1799,5.1103862e-05,0.096328368
31.9,26.1799,5.1029167e-05,0.096187571
32,26.1799,5.0856102e-05,0.095861351
32.1,26.1799,5.0820365e-05,0.095793988
32.2,26.1799,5.0726004e-05,0.095616123
32.3,26.1799,5.0916388e-05,0.095974988
32.4,26.1799,5.0874162e-05,0.095895393
32.5,26.1799,5.0913549e-05,0.095969636
32.6,26.1799,5.0923897e-05,0.095989142
32.7,26.1799,5.0887933e-05,0.095921352
32.8,26.1799,5.0921146e-05,0.095983957
32.9,26.1799,5.0897361e-05,0.095939124
33,26.1799,5.0873916e-05,0.09589493
33.1,26.1799,5.0887791e-05,0.095921083
33.2,26.1799,5.0847191e-05,0.095844556
33.3,26.1799,5.0799844e-05,0.095755308
33.4,26.1799,5.0755435e-05,0.0956716
33.5,26.1799,5.0592916e-05,0.095365258
33.6,26.1799,5.04468e-05,0.095089836
33.7,26.1799,5.038045e-05,0.094964769
33.8,26.1799,5.0901092e-05,0.095946156
33.9,26.1799,5.0654723e-05,0.095481762
34,26.1799,5.0620746e-05,0.095417717
34.1,26.1799,5.0428254e-05,0.095054878
34.2,26.1799,5.043871e-05,0.095074588
34.3,26.1799,5.0942148e-05,0.096023545
34.4,26.1799,5.0779099e-05,0.095716205
34.5,26.1799,5.0876925e-05,0.095900601
34.6,26.1799,5.0835673e-05,0.095822844
34.7,26.1799,5.087187e-05,0.095891075
34.8,26.1799,5.0842285e-05,0.095835307
34.9,26.1799,5.0865645e-05,0.09587934
35,26.1799,5.0825438e-05,0.095803551
35.1,26.1799,5.0829757e-05,0.095811693
35.2,26.1799,5.0835913e-05,0.095823296
35.3,26.1799,5.0815653e-05,0.095785107
35.4,26.1799,5.081412e-05,0.095782217
35.5,26.1799,5.0784572e-05,0.095726521
35.6,26.1799,5.0806026e-05,0.09576696
35.7,26.1799,5.0764888e-05,0.095689418
35.8,26.1799,5.0731988e-05,0.095627403
35.9,26.1799,5.0707691e-05,0.095581604
36,26.1799,5.0610742e-05,0.095398861
36.1,26.1799,5.0516398e-05,0.095221026
36.2,26.1799,5.023544e-05,0.094691433
36.3,26.1799,5.007887e-05,0.094396307
36.4,26.1799,5.0202073e-05,0.094628538
36.5,26.1799,5.0068835e-05,0.09437739
36.6,26.1799,5.0581611e-05,0.095343949
36.7,26.1799,5.0544576e-05,0.095274141
36.8,26.1799,5.0611312e-05,0.095399935
36.9,26.1799,5.0623772e-05,0.095423421
37,26.1799,5.0686215e-05,0.095541123
37.1,26.1799,5.0680849e-05,0.095531008
37.2,26.1799,5.0718632e-05,0.095602227
37.3,26.1799,5.0735741e-05,0.095634478
37.4,26.1799,5.0738757e-05,0.095640162
37.5,26.1799,5.0779668e-05,0.095717278
37.6,26.1799,5.0776908e-05,0.095712074
37.7,26.1799,5.0775846e-05,0.095710073
37.8,26.1799,5.080416e-05,0.095763444
37.9,26.1799,5.0797465e-05,0.095750823
38,13.08995,-2.3499422e-05,0.022147651
38.1,0,-1.6828364e-05,0
38.2,0,-1.0521762e-05,0
38.3,0,-7.3532717e-06,0
38.4,0,-5.5395775e-06,0
38.5,0,-4.2591864e-06,0
38.6,0,-3.2815738e-06,0
38.7,0,-2.5249772e-06,0
38.8,0,-1.9399806e-06,0
38.9,0,-1.489012e-06,0
39,0,-1.1422104e-06,0
39.1,0,-8.7588617e-07,0
39.2,0,-6.7152714e-07,0
39.3,0,-5.1480273e-07,0
39.4,0,-3.9465203e-07,0
39.5,0,-3.0253665e-07,0
39.6,0,-2.3192502e-07,0
39.7,0,-1.7779564e-07,0
39.8,0,-1.3630428e-07,0
39.9,0,-1.04495e-07,0
40,13.08995,7.2818547e-05,0.068629762
40.1,26.1799,4.6686377e-05,0.088001618
40.2,26.1799,3.561158e-05,0.067126147
40.3,26.1799,3.1783389e-05,0.059910189
40.4,26.1799,3.0758471e-05,0.057978267
40.5,26.1799,3.0783866e-05,0.058026134
40.6,26.1799,3.6517754e-05,0.068834243
40.7,26.1799,4.8655092e-05,0.091712551
40.8,26.1799,5.3494177e-05,0.100834
40.9,26.1799,5.0789905e-05,0.095736573
41,26.1799,5.1468721e-05,0.097016109
41.1,26.1799,5.1027075e-05,0.096183629
41.2,26.1799,5.1035649e-05,0.09619979
41.3,26.1799,5.1208602e-05,0.096525797
41.4,26.1799,5.1148031e-05,0.096411624
41.5,26.1799,5.1161184e-05,0.096436417
41.6,26.1799,5.1131485e-05,0.096380436
41.7,26.1799,5.1136423e-05,0.096389745
41.8,26.1799,5.1077522e-05,0.096278719
41.9,26.1799,5.1043902e-05,0.096215346
42,26.1799,5.0862341e-05,0.095873113
42.1,26.1799,5.082665e-05,0.095805835
42.2,26.1799,5.0724661e-05,0.095613592
42.3,26.1799,5.0911645e-05,0.095966048
42.4,26.1799,5.090205e-05,0.095947962
42.5,26.1799,5.0906204e-05,0.095955793
42.6,26.1799,5.0943919e-05,0.096026882
42.7,26.1799,5.0896642e-05,0.095937769
42.8,26.1799,5.0928418e-05,0.095997664
42.9,26.1799,5.0897758e-05,0.095939872
43,26.1799,5.0910211e-05,0.095963345
43.1,26.1799,5.0883267e-05,0.095912557
43.2,26.1799,5.0885262e-05,0.095916317
43.3,26.1799,5.0844658e-05,0.09583978
43.4,26.1799,5.0842949e-05,0.095836559
43.5,26.1799,5.0799511e-05,0.09575468
43.6,26.1799,5.0758239e-05,0.095676884
43.7,26.1799,5.0643521e-05,0.095460647
43.8,26.1799,5.0449735e-05,0.095095369
43.9,26.1799,5.0055061e-05,0.094351427
44,26.1799,5.0099548e-05,0.094435284
44.1,26.1799,5.0474649e-05,0.09514233
44.2,26.1799,5.0712125e-05,0.095589962
44.3,26.1799,5.0817501e-05,0.095788592
44.4,26.1799,5.0788318e-05,0.095733583
44.5,26.1799,5.084392e-05,0.095838389
44.6,26.1799,5.0814036e-05,0.095782059
44.7,26.1799,5.0833525e-05,0.095818794
44.8,26.1799,5.0802419e-05,0.095760161
44.9,26.1799,5.0806921e-05,0.095768647
45,26.1799,5.0745938e-05,0.095653698
45.1,26.1799,5.0701899e-05,0.095570686
45.2,26.1799,5.0630862e-05,0.095436784
45.3,26.1799,5.0392465e-05,0.094987417
45.4,26.1799,5.0470774e-05,0.095135028
45.5,26.1799,5.0274892e-05,0.094765798
45.6,26.1799,5.062319e-05,0.095422324
45.7,26.1799,5.0535579e-05,0.095257181
45.8,26.1799,5.0575818e-05,0.09533303
45.9,26.1799,5.0515837e-05,0.095219969
46,26.1799,5.0476654e-05,0.09514611
46.1,26.1799,5.0352076e-05,0.094911287
46.2,26.1799,5.0145085e-05,0.094521119
46.3,26.1799,5.0208583e-05,0.094640809
46.4,26.1799,5.0451244e-05,0.095098213
46.5,26.1799,5.0419149e-05,0.095037716
46.6,26.1799,5.0453842e-05,0.09510311
46.7,26.1799,5.0482815e-05,0.095157723
46.8,26.1799,5.0472739e-05,0.095138731
46.9,26.1799,5.047186e-05,0.095137074
47,26.1799,5.05099e-05,0.095208777
47.1,26.1799,5.0467594e-05,0.095129033
47.2,26.1799,5.0440039e-05,0.095077093
47.3,26.1799,5.0400155e-05,0.095001914
47.4,26.1799,5.0201245e-05,0.094626978
47.5,26.1799,5.0194305e-05,0.094613897
47.6,26.1799,5.0043898e-05,0.094330385
47.7,26.1799,5.0516112e-05,0.095220486
47.8,26.1799,5.0460235e-05,0.095115161
47.9,26.1799,5.0545091e-05,0.095275112
48,13.08995,-2.3732235e-05,0.022367072
48.1,0,-1.665032e-05,0
48.2,0,-1.0476546e-05,0
48.3,0,-7.3235635e-06,0
48.4,0,-5.5150026e-06,0
48.5,0,-4.2435492e-06,0
48.6,0,-3.2719782e-06,0
48.7,0,-2.5186945e-06,0
48.8,0,-1.9355706e-06,0
48.9,0,-1.4858317e-06,0
49,0,-1.1398333e-06,0
49.1,0,-8.7407045e-07,0
49.2,0,-6.7015323e-07,0
49.3,0,-5.1374817e-07,0
49.4,0,-3.938428e-07,0
49.5,0,-3.0191657e-07,0
49.6,0,-2.3144909e-07,0
49.7,0,-1.7742932e-07,0
49.8,0,-1.3601919e-07,0
49.9,0,-1.0427607e-07,0
50,13.08995,7.2819581e-05,0.068630736
50.1,26.1799,4.6673657e-05,0.08797764
50.2,26.1799,3.5634861e-05,0.06717003
50.3,26.1799,3.1762685e-05,0.059871161
50.4,26.1799,3.0771981e-05,0.058003732
50.5,26.1799,3.0824209e-05,0.058102178
50.6,26.1799,3.6544689e-05,0.068885014
50.7,26.1799,4.8723804e-05,0.09184207
50.8,26.1799,5.3461566e-05,0.10077253
50.9,26.1799,5.0771286e-05,0.095701477
51,26.1799,5.1451026e-05,0.096982755
51.1,26.1799,5.1055592e-05,0.096237381
51.2,26.1799,5.1039334e-05,0.096206735
51.3,26.1799,5.117995e-05,0.096471791
51.4,26.1799,5.1156399e-05,0.096427398
51.5,26.1799,5.114147e-05,0.096399257
51.6,26.1799,5.1123899e-05,0.096366136
51.7,26.1799,5.1121949e-05,0.096362462
51.8,26.1799,5.1073433e-05,0.096271011
51.9,26.1799,5.1041826e-05,0.096211433
52,26.1799,5.0837461e-05,0.095826214
52.1,26.1799,5.0794679e-05,0.095745572
52.2,26.1799,5.0738126e-05,0.095638973
52.3,26.1799,5.0899321e-05,0.095942817
52.4,26.1799,5.0877551e-05,0.095901783
52.5,26.1799,5.0924027e-05,0.095989388
52.6,26.1799,5.0899722e-05,0.095943573
52.7,26.1799,5.0892055e-05,0.095929122
52.8,26.1799,5.0905331e-05,0.095954147
52.9,26.1799,5.0882851e-05,0.095911773
53,26.1799,5.0888251e-05,0.095921951
53.1,26.1799,5.0859173e-05,0.095867141
53.2,26.1799,5.0861402e-05,0.095871343
53.3,26.1799,5.0802985e-05,0.095761228
53.4,26.1799,5.0748287e-05,0.095658126
53.5,26.1799,5.0639662e-05,0.095453373
53.6,26.1799,5.0410492e-05,0.095021398
53.7,26.1799,5.046485e-05,0.095123861
53.8,26.1799,5.0747199e-05,0.095656075
53.9,26.1799,5.0676299e-05,0.095522432
54,26.1799,5.0586718e-05,0.095353576
54.1,26.1799,5.0396554e-05,0.094995125
54.2,26.1799,5.046759e-05,0.095129026
54.3,26.1799,5.0888941e-05,0.095923252
54.4,26.1799,5.0775473e-05,0.095709371
54.5,26.1799,5.08327e-05,0.09581724
54.6,26.1799,5.0824066e-05,0.095800965
54.7,26.1799,5.0824304e-05,0.095801415
54.8,26.1799,5.0836413e-05,0.09582424
54.9,26.1799,5.0809104e-05,0.095772762
55,26.1799,5.0823286e-05,0.095799496
55.1,26.1799,5.0786138e-05,0.095729473
55.2,26.1799,5.07997e-05,0.095755037
55.3,26.1799,5.0754226e-05,0.09566932
55.4,26.1799,5.0748418e-05,0.095658373
55.5,26.1799,5.0707106e-05,0.095580501
55.6,26.1799,5.0684255e-05,0.095537429
55.7,26.1799,5.0593499e-05,0.095366358
55.8,26.1799,5.0499015e-05,0.095188259
55.9,26.1799,5.0210438e-05,0.094644306
56,26.1799,4.9807279e-05,0.093884371
56.1,26.1799,4.9795727e-05,0.093862596
56.2,26.1799,5.0017648e-05,0.094280905
56.3,26.1799,4.9984598e-05,0.094218608
56.4,26.1799,5.0094231e-05,0.094425261
56.5,26.1799,5.0337298e-05,0.094883431
56.6,26.1799,5.0343667e-05,0.094895437
56.7,26.1799,5.0410909e-05,0.095022185
56.8,26.1799,5.0453696e-05,0.095102836
56.9,26.1799,5.0463167e-05,0.095120688
57,26.1799,5.0510041e-05,0.095209043
57.1,26.1799,5.0514932e-05,0.095218263
57.2,26.1799,5.0557294e-05,0.095298113
57.3,26.1799,5.0546773e-05,0.095278281
57.4,26.1799,5.0585231e-05,0.095350772
57.5,26.1799,5.0571768e-05,0.095325396
57.6,26.1799,5.0614688e-05,0.095406297
57.7,26.1799,5.0594143e-05,0.095367572
57.8,26.1799,5.0626079e-05,0.095427769
57.9,26.1799,5.0615795e-05,0.095408384
58,13.08995,-2.3640819e-05,0.022280914
58.1,0,-1.6629655e-05,0
58.2,0,-1.0466671e-05,0
58.3,0,-7.3136044e-06,0
58.4,0,-5.5073322e-06,0
58.5,0,-4.2374135e-06,0
58.6,0,-3.2668617e-06,0
58.7,0,-2.5144402e-06,0
58.8,0,-1.9321446e-06,0
58.9,0,-1.4831216e-06,0
59,0,-1.1377052e-06,0
59.1,0,-8.7249783e-07,0
59.2,0,-6.6894689e-07,0
59.3,0,-5.1281542e-07,0
59.4,0,-3.9310912e-07,0
59.5,0,-3.013482e-07,0
59.6,0,-2.3100569e-07,0
59.7,0,-1.7708928e-07,0
59.8,0,-1.3576029e-07,0
59.9,0,-1.0408153e-07,0
60,13.08995,7.2822507e-05,0.068633494
60.1,26.1799,4.6674322e-05,0.087978894
60.2,26.1799,3.5648348e-05,0.067195453
60.3,26.1799,3.1788367e-05,0.059919572
60.4,26.1799,3.0746621e-05,0.05795593
60.5,26.1799,3.0819649e-05,0.058093583
60.6,26.1799,3.6451873e-05,0.068710061
60.7,26.1799,4.8755426e-05,0.091901676
60.8,26.1799,5.3448733e-05,0.10074834
60.9,26.1799,5.0786649e-05,0.095730435
61,26.1799,5.1452016e-05,0.096984621
61.1,26.1799,5.1047864e-05,0.096222813
61.2,26.1799,5.1028929e-05,0.096187123
61.3,26.1799,5.1215401e-05,0.096538613
61.4,26.1799,5.1152912e-05,0.096420824
61.5,26.1799,5.1137329e-05,0.096391451
61.6,26.1799,5.1145657e-05,0.096407149
61.7,26.1799,5.1108912e-05,0.096337886
61.8,26.1799,5.1104937e-05,0.096330394
61.9,26.1799,5.1019512e-05,0.096169372
62,26.1799,5.0871957e-05,0.095891237
62.1,26.1799,5.0804318e-05,0.095763741
62.2,26.1799,5.0749749e-05,0.095660881
62.3,26.1799,5.0899303e-05,0.095942784
62.4,26.1799,5.0902105e-05,0.095948065
62.5,26.1799,5.0908486e-05,0.095960094
62.6,26.1799,5.0931871e-05,0.096004173
62.7,26.1799,5.0901333e-05,0.09594661
62.8,26.1799,5.0901105e-05,0.09594618
62.9,26.1799,5.0918688e-05,0.095979324
63,26.1799,5.0880369e-05,0.095907095
63.1,26.1799,5.0865068e-05,0.095878253
63.2,26.1799,5.0877682e-05,0.095902029
63.3,26.1799,5.0837591e-05,0.09582646
63.4,26.1799,5.081593e-05,0.09578563
63.5,26.1799,5.0732777e-05,0.095628891
63.6,26.1799,5.0609534e-05,0.095396582
63.7,26.1799,5.0419316e-05,0.09503803
63.8,26.1799,5.0404111e-05,0.095009371
63.9,26.1799,5.0752987e-05,0.095666985
64,26.1799,5.0561091e-05,0.09530527
64.1,26.1799,5.042432e-05,0.095047462
64.2,26.1799,5.048142e-05,0.095155094
64.3,26.1799,5.0720061e-05,0.095604921
64.4,26.1799,5.0753872e-05,0.095668653
64.5,26.1799,5.0810159e-05,0.095774752
64.6,26.1799,5.0815079e-05,0.095784025
64.7,26.1799,5.0793772e-05,0.095743863
64.8,26.1799,5.0794409e-05,0.095745063
64.9,26.1799,5.0775961e-05,0.09571029
65,26.1799,5.0736447e-05,0.095635808
65.1,26.1799,5.0706885e-05,0.095580085
65.2,26.1799,5.0560642e-05,0.095304424
65.3,26.1799,5.0373124e-05,0.09495096
65.4,26.1799,5.040402e-05,0.095009198
65.5,26.1799,5.0458472e-05,0.095111838
65.6,26.1799,5.0568401e-05,0.095319049
65.7,26.1799,5.0549009e-05,0.095282497
65.8,26.1799,5.0554806e-05,0.095293424
65.9,26.1799,5.0528792e-05,0.095244388
66,26.1799,5.0462512e-05,0.095119453
66.1,26.1799,5.0396066e-05,0.094994206
66.2,26.1799,5.0163065e-05,0.09455501
66.3,26.1799,5.0211525e-05,0.094646355
66.4,26.1799,5.0389551e-05,0.094981925
66.5,26.1799,5.0392256e-05,0.094987025
66.6,26.1799,5.0409298e-05,0.095019148
66.7,26.1799,5.0403603e-05,0.095008412
66.8,26.1799,5.0407693e-05,0.095016122
66.9,26.1799,5.0344445e-05,0.094896903
67,26.1799,5.0244673e-05,0.094708838
67.1,26.1799,5.0100625e-05,0.094437312
67.2,26.1799,5.0045684e-05,0.094333752
67.3,26.1799,5.0537727e-05,0.095261229
67.4,26.1799,5.0413821e-05,0.095027673
67.5,26.1799,5.0515437e-05,0.095219215
67.6,26.1799,5.0512736e-05,0.095214123
67.7,26.1799,5.0530483e-05,0.095247575
67.8,26.1799,5.0571793e-05,0.095325444
67.9,26.1799,5.0557531e-05,0.09529856
68,13.08995,-2.3676273e-05,0.022314328
68.1,0,-1.6629902e-05,0
68.2,0,-1.0465672e-05,0
68.3,0,-7.3158584e-06,0
68.4,0,-5.509048e-06,0
68.5,0,-4.2390127e-06,0
68.6,0,-3.2684119e-06,0
68.7,0,-2.5158711e-06,0
68.8,0,-1.9333457e-06,0
68.9,0,-1.4841023e-06,0
69,0,-1.1385004e-06,0
69.1,0,-8.7304129e-07,0
69.2,0,-6.6936762e-07,0
69.3,0,-5.1314512e-07,0
69.4,0,-3.9336408e-07,0
69.5,0,-3.0154848e-07,0
69.6,0,-2.3116427e-07,0
69.7,0,-1.7721585e-07,0
69.8,0,-1.3585694e-07,0
69.9,0,-1.041512e-07,0
70,13.08995,7.2815725e-05,0.068627102
70.1,26.1799,4.6677801e-05,0.087985452
70.2,26.1799,3.5648698e-05,0.067196112
70.3,26.1799,3.1789506e-05,0.059921719
70.4,26.1799,3.0749383e-05,0.057961135
70.5,26.1799,3.0807477e-05,0.058070639
70.6,26.1799,3.6436754e-05,0.068681561
70.7,26.1799,4.8775541e-05,0.091939593
70.8,26.1799,5.3455254e-05,0.10076063
70.9,26.1799,5.0785685e-05,0.095728618
71,26.1799,5.1469889e-05,0.097018311
71.1,26.1799,5.1023572e-05,0.096177025
71.2,26.1799,5.1045742e-05,0.096218814
71.3,26.1799,5.1201293e-05,0.096512021
71.4,26.1799,5.1142713e-05,0.0964016
71.5,26.1799,5.1159852e-05,0.096433905
71.6,26.1799,5.112825e-05,0.096374339
71.7,26.1799,5.1132589e-05,0.096382518
71.8,26.1799,5.1077233e-05,0.096278173
71.9,26.1799,5.1039494e-05,0.096207036
72,26.1799,5.0847439e-05,0.095845023
72.1,26.1799,5.0814667e-05,0.095783249
72.2,26.1799,5.0732938e-05,0.095629194
72.3,26.1799,5.0895759e-05,0.095936104
72.4,26.1799,5.0895895e-05,0.09593636
72.5,26.1799,5.091462e-05,0.095971655
72.6,26.1799,5.091516e-05,0.095972673
72.7,26.1799,5.0918973e-05,0.095979861
72.8,26.1799,5.0896928e-05,0.095938308
72.9,26.1799,5.0919866e-05,0.095981544
73,26.1799,5.0878946e-05,0.095904411
73.1,26.1799,5.0886546e-05,0.095918737
73.2,26.1799,5.0865918e-05,0.095879855
73.3,26.1799,5.0836878e-05,0.095825116
73.4,26.1799,5.0827489e-05,0.095807417
73.5,26.1799,5.0753189e-05,0.095667365
73.6,26.1799,5.0646234e-05,0.095465761
73.7,26.1799,5.0462463e-05,0.09511936
73.8,26.1799,5.042425e-05,0.095047332
73.9,26.1799,5.0303562e-05,0.094819839
74,26.1799,5.0462018e-05,0.095118523
74.1,26.1799,5.0447635e-05,0.095091412
74.2,26.1799,5.0297829e-05,0.094809034
74.3,26.1799,5.0824955e-05,0.095802642
74.4,26.1799,5.0794035e-05,0.095744359
74.5,26.1799,5.0824125e-05,0.095801076
74.6,26.1799,5.0836936e-05,0.095825224
74.7,26.1799,5.0815612e-05,0.09578503
74.8,26.1799,5.0835586e-05,0.09582268
74.9,26.1799,5.0806783e-05,0.095768389
75,26.1799,5.0806802e-05,0.095768423
75.1,26.1799,5.0774492e-05,0.09570752
75.2,26.1799,5.0778441e-05,0.095714964
75.3,26.1799,5.0717224e-05,0.095599573
75.4,26.1799,5.0687463e-05,0.095543475
75.5,26.1799,5.0563105e-05,0.095309066
75.6,26.1799,5.0376291e-05,0.09495693
75.7,26.1799,5.0390213e-05,0.094983174
75.8,26.1799,5.018252e-05,0.094591682
75.9,26.1799,5.0482593e-05,0.095157305
76,26.1799,5.0375053e-05,0.094954598
76.1,26.1799,5.0269438e-05,0.094755518
76.2,26.1799,5.0008271e-05,0.094263231
76.3,26.1799,4.9845128e-05,0.093955713
76.4,26.1799,5.0022399e-05,0.094289862
76.5,26.1799,4.9897188e-05,0.094053845
76.6,26.1799,5.0358478e-05,0.094923354
76.7,26.1799,5.034076e-05,0.094889956
76.8,26.1799,5.0447458e-05,0.095091078
76.9,26.1799,5.0440709e-05,0.095078355
77,26.1799,5.0505807e-05,0.095201062
77.1,26.1799,5.0507738e-05,0.095204703
77.2,26.1799,5.0520548e-05,0.095228848
77.3,26.1799,5.0571153e-05,0.095324237
77.4,26.1799,5.0556251e-05,0.095296147
77.5,26.1799,5.0594465e-05,0.095368178
77.6,26.1799,5.0589438e-05,0.095358703
77.7,26.1799,5.0591417e-05,0.095362433
77.8,26.1799,5.0624129e-05,0.095424094
77.9,26.1799,5.0606034e-05,0.095389985
78,13.08995,-2.3639012e-05,0.022279211
78.1,0,-1.6626551e-05,0
78.2,0,-1.0465607e-05,0
78.3,0,-7.3127798e-06,0
78.4,0,-5.5066536e-06,0
78.5,0,-4.2371339e-06,0
78.6,0,-3.2667804e-06,0
78.7,0,-2.5143685e-06,0
78.8,0,-1.9321198e-06,0
78.9,0,-1.4830815e-06,0
79,0,-1.13769e-06,0
79.1,0,-8.7242724e-07,0
79.2,0,-6.6890073e-07,0
79.3,0,-5.1279176e-07,0
79.4,0,-3.9310956e-07,0
79.5,0,-3.0135193e-07,0
79.6,0,-2.3102091e-07,0
79.7,0,-1.7710587e-07,0
79.8,0,-1.3577019e-07,0
79.9,0,-1.0408387e-07,0
80,13.08995,7.2821365e-05,0.068632418
80.1,26.1799,4.6686816e-05,0.088002445
80.2,26.1799,3.5608945e-05,0.06712118
80.3,26.1799,3.1782236e-05,0.059908016
80.4,26.1799,3.0757141e-05,0.057975759
80.5,26.1799,3.0783442e-05,0.058025335
80.6,26.1799,3.6504029e-05,0.068808372
80.7,26.1799,4.8754774e-05,0.091900448
80.8,26.1799,5.346383e-05,0.1007768
80.9,26.1799,5.0782972e-05,0.095723506
81,26.1799,5.1466378e-05,0.097011693
81.1,26.1799,5.1023009e-05,0.096175963
81.2,26.1799,5.1040279e-05,0.096208518
81.3,26.1799,5.1209175e-05,0.096526878
81.4,26.1799,5.1147291e-05,0.09641023
81.5,26.1799,5.1162142e-05,0.096438222
81.6,26.1799,5.1130592e-05,0.096378752
81.7,26.1799,5.1137651e-05,0.096392059
81.8,26.1799,5.1080437e-05,0.096284212
81.9,26.1799,5.1047515e-05,0.096222156
82,26.1799,5.0866365e-05,0.095880697
82.1,26.1799,5.0803965e-05,0.095763077
82.2,26.1799,5.0749588e-05,0.095660579
82.3,26.1799,5.0896526e-05,0.095937549
82.4,26.1799,5.0892658e-05,0.095930259
82.5,26.1799,5.0916948e-05,0.095976045
82.6,26.1799,5.0912809e-05,0.095968243
82.7,26.1799,5.0910591e-05,0.095964062
82.8,26.1799,5.0911049e-05,0.095964925
82.9,26.1799,5.0899081e-05,0.095942364
83,26.1799,5.0913183e-05,0.095968946
83.1,26.1799,5.0874962e-05,0.095896902
83.2,26.1799,5.086468e-05,0.09587752
83.3,26.1799,5.0859918e-05,0.095868545
83.4,26.1799,5.0803766e-05,0.0957627
83.5,26.1799,5.0781894e-05,0.095721474
83.6,26.1799,5.066926e-05,0.095509164
83.7,26.1799,5.048448e-05,0.095160862
83.8,26.1799,5.0420291e-05,0.095039868
83.9,26.1799,5.0185666e-05,0.094597612
84,26.1799,5.0527649e-05,0.095242233
84.1,26.1799,5.0424547e-05,0.095047891
84.2,26.1799,5.0302234e-05,0.094817337
84.3,26.1799,5.0869181e-05,0.095886005
84.4,26.1799,5.0757239e-05,0.095675001
84.5,26.1799,5.0841689e-05,0.095834183
84.6,26.1799,5.0815799e-05,0.095785383
84.7,26.1799,5.0835913e-05,0.095823297
84.8,26.1799,5.0807317e-05,0.095769394
84.9,26.1799,5.0826352e-05,0.095805274
85,26.1799,5.0777722e-05,0.095713609
85.1,26.1799,5.0757327e-05,0.095675165
85.2,26.1799,5.0752306e-05,0.095665702
85.3,26.1799,5.0655163e-05,0.095482591
85.4,26.1799,5.0550694e-05,0.095285672
85.5,26.1799,5.0340506e-05,0.094889477
85.6,26.1799,5.0392703e-05,0.094987867
85.7,26.1799,5.045226e-05,0.095100129
85.8,26.1799,5.0550231e-05,0.095284799
85.9,26.1799,5.0477517e-05,0.095147736
86,26.1799,5.04506e-05,0.095097
86.1,26.1799,5.0359642e-05,0.094925549
86.2,26.1799,5.0126881e-05,0.094486805
86.3,26.1799,5.0213715e-05,0.094650483
86.4,26.1799,5.0430406e-05,0.095058935
86.5,26.1799,5.0385796e-05,0.094974847
86.6,26.1799,5.0463133e-05,0.095120623
86.7,26.1799,5.0445133e-05,0.095086694
86.8,26.1799,5.0478079e-05,0.095148797
86.9,26.1799,5.0469425e-05,0.095132483
87,26.1799,5.0505408e-05,0.095200309
87.1,26.1799,5.0477215e-05,0.095147167
87.2,26.1799,5.0469149e-05,0.095131963
87.3,26.1799,5.0490774e-05,0.095172726
87.4,26.1799,5.0443662e-05,0.095083923
87.5,26.1799,5.0368896e-05,0.094942991
87.6,26.1799,5.0218059e-05,0.09465867
87.7,26.1799,5.0190231e-05,0.094606216
87.8,26.1799,5.0036686e-05,0.09431679
87.9,26.1799,5.0506396e-05,0.095202173
88,13.08995,-2.3801331e-05,0.022432193
88.1,0,-1.6671186e-05,0
88.2,0,-1.0488591e-05,0
88.3,0,-7.3334219e-06,0
88.4,0,-5.5229435e-06,0
88.5,0,-4.2496133e-06,0
88.6,0,-3.2767808e-06,0
88.7,0,-2.5224262e-06,0
88.8,0,-1.9385085e-06,0
88.9,0,-1.4880891e-06,0
89,0,-1.141607e-06,0
89.1,0,-8.7544477e-07,0
89.2,0,-6.7118525e-07,0
89.3,0,-5.1454709e-07,0
89.4,0,-3.9445589e-07,0
89.5,0,-3.0239767e-07,0
89.6,0,-2.3181544e-07,0
89.7,0,-1.7770726e-07,0
89.8,0,-1.3623552e-07,0
89.9,0,-1.0444273e-07,0
90,13.08995,7.2812741e-05,0.06862429
90.1,26.1799,4.6725123e-05,0.088074652
90.2,26.1799,3.5614662e-05,0.067131957
90.3,26.1799,3.1772249e-05,0.05988919
90.4,26.1799,3.0816789e-05,0.058088192
90.5,26.1799,3.0776149e-05,0.058011588
90.6,26.1799,3.645185e-05,0.068710017
90.7,26.1799,4.8655152e-05,0.091712665
90.8,26.1799,5.3483485e-05,0.10081385
90.9,26.1799,5.0766689e-05,0.095692813
91,26.1799,5.1455536e-05,0.096991257
91.1,26.1799,5.1039103e-05,0.096206301
91.2,26.1799,5.102714e-05,0.09618375
91.3,26.1799,5.1213705e-05,0.096535417
91.4,26.1799,5.1151154e-05,0.09641751
91.5,26.1799,5.1135135e-05,0.096387317
91.6,26.1799,5.1143896e-05,0.096403831
91.7,26.1799,5.1121087e-05,0.096360835
91.8,26.1799,5.1081068e-05,0.096285403
91.9,26.1799,5.104939e-05,0.096225691
92,26.1799,5.0850369e-05,0.095850546
92.1,26.1799,5.0797408e-05,0.095750717
92.2,26.1799,5.0752821e-05,0.095666672
92.3,26.1799,5.090158e-05,0.095947075
92.4,26.1799,5.0900454e-05,0.095944953
92.5,26.1799,5.0908372e-05,0.095959878
92.6,26.1799,5.0942953e-05,0.096025062
92.7,26.1799,5.089129e-05,0.09592768
92.8,26.1799,5.0925331e-05,0.095991845
92.9,26.1799,5.0902344e-05,0.095948516
93,26.1799,5.0906e-05,0.095955407
93.1,26.1799,5.0884532e-05,0.095914941
93.2,26.1799,5.0867493e-05,0.095882824
93.3,26.1799,5.086657e-05,0.095881083
93.4,26.1799,5.0822312e-05,0.095797659
93.5,26.1799,5.0813288e-05,0.09578065
93.6,26.1799,5.0738402e-05,0.095639493
93.7,26.1799,5.063823e-05,0.095450673
93.8,26.1799,5.0395459e-05,0.094993061
93.9,26.1799,5.0416213e-05,0.095032182
94,26.1799,5.0449258e-05,0.095094471
94.1,26.1799,5.0434272e-05,0.095066222
94.2,26.1799,5.0437641e-05,0.095072573
94.3,26.1799,5.0274199e-05,0.094764492
94.4,26.1799,5.0793218e-05,0.095742818
94.5,26.1799,5.0749324e-05,0.095660081
94.6,26.1799,5.076639e-05,0.095692248
94.7,26.1799,5.0753999e-05,0.095668892
94.8,26.1799,5.0706956e-05,0.095580218
94.9,26.1799,5.0623331e-05,0.09542259
95,26.1799,5.0366532e-05,0.094938536
95.1,26.1799,5.0420143e-05,0.095039589
95.2,26.1799,5.0474201e-05,0.095141486
95.3,26.1799,5.058592e-05,0.095352072
95.4,26.1799,5.0577714e-05,0.095336603
95.5,26.1799,5.0595532e-05,0.09537019
95.6,26.1799,5.0585205e-05,0.095350723
95.7,26.1799,5.0566767e-05,0.095315968
95.8,26.1799,5.0580529e-05,0.09534191
95.9,26.1799,5.0525477e-05,0.09523814
96,26.1799,5.0445821e-05,0.095087992
96.1,26.1799,5.0363839e-05,0.09493346
96.2,26.1799,5.0119646e-05,0.094473167
96.3,26.1799,5.0187674e-05,0.094601396
96.4,26.1799,5.0359246e-05,0.094924801
96.5,26.1799,5.028051e-05,0.094776389
96.6,26.1799,5.0264862e-05,0.094746892
96.7,26.1799,5.0061552e-05,0.094363663
96.8,26.1799,5.0131284e-05,0.094495104
96.9,26.1799,5.0178271e-05,0.094583672
97,26.1799,5.0401391e-05,0.095004243
97.1,26.1799,5.0405337e-05,0.095011682
97.2,26.1799,5.0474327e-05,0.095141725
97.3,26.1799,5.0509588e-05,0.095208189
97.4,26.1799,5.050829e-05,0.095205743
97.5,26.1799,5.0556597e-05,0.095296799
97.6,26.1799,5.0550636e-05,0.095285563
97.7,26.1799,5.0564178e-05,0.095311089
97.8,26.1799,5.059604e-05,0.095371147
97.9,26.1799,5.0583862e-05,0.095348192
98,13.08995,-2.3670567e-05,0.022308951
98.1,0,-1.6625377e-05,0
98.2,0,-1.0464674e-05,0
98.3,0,-7.3138554e-06,0
98.4,0,-5.5074806e-06,0
98.5,0,-4.2378163e-06,0
98.6,0,-3.2675379e-06,0
98.7,0,-2.5151341e-06,0
98.8,0,-1.9327999e-06,0
98.9,0,-1.4836774e-06,0
99,0,-1.1381395e-06,0
99.1,0,-8.7278598e-07,0
99.2,0,-6.6914647e-07,0
99.3,0,-5.1297924e-07,0
99.4,0,-3.9325146e-07,0
99.5,0,-3.0145764e-07,0
99.6,0,-2.3109448e-07,0
99.7,0,-1.7715638e-07,0
99.8,0,-1.358093e-07,0
99.9,0,-1.0411746e-07,0
100,13.08995,7.2823012e-05,0.06863397
100.1,26.1799,4.6674713e-05,0.087979631
100.2,26.1799,3.5648066e-05,0.067194922
100.3,26.1799,3.178884e-05,0.059920462
100.4,26.1799,3.0746916e-05,0.057956485
100.5,26.1799,3.079897e-05,0.058054605
100.6,26.1799,3.6477243e-05,0.068757882
100.7,26.1799,4.8715027e-05,0.091825526
100.8,26.1799,5.3471884e-05,0.10079198
100.9,26.1799,5.0781892e-05,0.095721469
101,26.1799,5.1456495e-05,0.096993064
101.1,26.1799,5.1025738e-05,0.096181108
101.2,26.1799,5.1047564e-05,0.09622225
101.3,26.1799,5.1196109e-05,0.096502249
101.4,26.1799,5.1148108e-05,0.096411769
101.5,26.1799,5.1168641e-05,0.096450473
101.6,26.1799,5.1129735e-05,0.096377136
101.7,26.1799,5.1134466e-05,0.096386055
101.8,26.1799,5.1087059e-05,0.096296694
101.9,26.1799,5.1019609e-05,0.096169556
102,26.1799,5.0877678e-05,0.095902022
102.1,26.1799,5.0802486e-05,0.095760288
102.2,26.1799,5.073804e-05,0.095638811
102.3,26.1799,5.091135e-05,0.095965492
102.4,26.1799,5.0879748e-05,0.095905924
102.5,26.1799,5.0931075e-05,0.096002672
102.6,26.1799,5.0914971e-05,0.095972317
102.7,26.1799,5.0917056e-05,0.095976247
102.8,26.1799,5.0898702e-05,0.09594165
102.9,26.1799,5.0919705e-05,0.09598124
103,26.1799,5.0882428e-05,0.095910975
103.1,26.1799,5.0892536e-05,0.095930029
103.2,26.1799,5.0863028e-05,0.095874406
103.3,26.1799,5.0857914e-05,0.095864768
103.4,26.1799,5.0803016e-05,0.095761287
103.5,26.1799,5.0780522e-05,0.095718888
103.6,26.1799,5.0663631e-05,0.095498552
103.7,26.1799,5.0475223e-05,0.095143414
103.8,26.1799,5.045559e-05,0.095106405
103.9,26.1799,5.0320311e-05,0.094851411
104,26.1799,5.0599258e-05,0.095377213
104.1,26.1799,5.0415958e-05,0.095031701
104.2,26.1799,5.0505854e-05,0.095201151
104.3,26.1799,5.0490802e-05,0.095172778
104.4,26.1799,5.0758623e-05,0.095677608
104.5,26.1799,5.0798576e-05,0.095752917
104.6,26.1799,5.0788667e-05,0.095734241
104.7,26.1799,5.0823285e-05,0.095799493
104.8,26.1799,5.0782614e-05,0.09572283
104.9,26.1799,5.0797006e-05,0.095749958
105,26.1799,5.073815e-05,0.095639018
105.1,26.1799,5.0729725e-05,0.095623138
105.2,26.1799,5.0627809e-05,0.09543103
105.3,26.1799,5.0463613e-05,0.095121529
105.4,26.1799,5.0426518e-05,0.095051605
105.5,26.1799,5.0261537e-05,0.094740624
105.6,26.1799,5.0590227e-05,0.09536019
105.7,26.1799,5.0545118e-05,0.095275161
105.8,26.1799,5.0534714e-05,0.09525555
105.9,26.1799,5.0526759e-05,0.095240555
106,26.1799,5.0442679e-05,0.095082068
106.1,26.1799,5.035166e-05,0.094910503
106.2,26.1799,5.0166458e-05,0.094561405
106.3,26.1799,5.0182607e-05,0.094591845
106.4,26.1799,5.041481e-05,0.095029538
106.5,26.1799,5.0367645e-05,0.094940633
106.6,26.1799,5.0417414e-05,0.095034446
106.7,26.1799,5.0399085e-05,0.094999897
106.8,26.1799,5.0408543e-05,0.095017724
106.9,26.1799,5.0335292e-05,0.094879649
107,26.1799,5.0231215e-05,0.09468347
107.1,26.1799,5.0101829e-05,0.094439582
107.2,26.1799,5.0048428e-05,0.094338924
107.3,26.1799,5.0510248e-05,0.095209434
107.4,26.1799,5.0422793e-05,0.095044584
107.5,26.1799,5.0499498e-05,0.09518917
107.6,26.1799,5.0490801e-05,0.095172776
107.7,26.1799,5.0537543e-05,0.095260883
107.8,26.1799,5.0544089e-05,0.095273221
107.9,26.1799,5.054972e-05,0.095283837
108,13.08995,-2.3686525e-05,0.02232399
108.1,0,-1.6627603e-05,0
108.2,0,-1.0464928e-05,0
108.3,0,-7.3160215e-06,0
108.4,0,-5.5094184e-06,0
108.5,0,-4.2393037e-06,0
108.6,0,-3.2687766e-06,0
108.7,0,-2.5161047e-06,0
108.8,0,-1.9335121e-06,0
108.9,0,-1.4842411e-06,0
109,0,-1.1385896e-06,0
109.1,0,-8.7311352e-07,0
109.2,0,-6.6942595e-07,0
109.3,0,-5.131894e-07,0
109.4,0,-3.9339588e-07,0
109.5,0,-3.015707e-07,0
109.6,0,-2.3118221e-07,0
109.7,0,-1.7722971e-07,0
109.8,0,-1.3586706e-07,0
109.9,0,-1.0415903e-07,0
110,13.08995,7.2815479e-05,0.06862687
110.1,26.1799,4.6677899e-05,0.087985636
110.2,26.1799,3.5627234e-05,0.067155654
110.3,26.1799,3.1801568e-05,0.059944454
110.4,26.1799,3.0751816e-05,0.057965721
110.5,26.1799,3.0790646e-05,0.058038914
110.6,26.1799,3.6459341e-05,0.068724137
110.7,26.1799,4.8813706e-05,0.092011531
110.8,26.1799,5.3443093e-05,0.10073771
110.9,26.1799,5.078713e-05,0.095731343
111,26.1799,5.1472688e-05,0.097023588
111.1,26.1799,5.1028053e-05,0.096185471
111.2,26.1799,5.1023447e-05,0.096176789
111.3,26.1799,5.1209212e-05,0.096526948
111.4,26.1799,5.1151746e-05,0.096418628
111.5,26.1799,5.1141501e-05,0.096399315
111.6,26.1799,5.1154637e-05,0.096424076
111.7,26.1799,5.1100681e-05,0.096322372
111.8,26.1799,5.1078187e-05,0.096279972
111.9,26.1799,5.1045433e-05,0.096218232
112,26.1799,5.0845486e-05,0.095841341
112.1,26.1799,5.0800489e-05,0.095756525
112.2,26.1799,5.0746251e-05,0.095654288
112.3,26.1799,5.0895184e-05,0.09593502
112.4,26.1799,5.0902222e-05,0.095948286
112.5,26.1799,5.0907043e-05,0.095957373
112.6,26.1799,5.0915772e-05,0.095973827
112.7,26.1799,5.0915186e-05,0.095972723
112.8,26.1799,5.0900604e-05,0.095945237
112.9,26.1799,5.0889341e-05,0.095924005
113,26.1799,5.0905154e-05,0.095953813
113.1,26.1799,5.087582e-05,0.095898519
113.2,26.1799,5.0857464e-05,0.095863919
113.3,26.1799,5.0858783e-05,0.095866405
113.4,26.1799,5.0805383e-05,0.09576575
113.5,26.1799,5.0764473e-05,0.095688635
113.6,26.1799,5.0671387e-05,0.095513173
113.7,26.1799,5.0458087e-05,0.095111112
113.8,26.1799,5.0443212e-05,0.095083074
113.9,26.1799,5.0195204e-05,0.094615591
114,26.1799,5.0532143e-05,0.095250704
114.1,26.1799,5.0409829e-05,0.095020148
114.2,26.1799,5.0316595e-05,0.094844407
114.3,26.1799,5.090086e-05,0.095945718
114.4,26.1799,5.0747679e-05,0.095656979
114.5,26.1799,5.0845278e-05,0.09584095
114.6,26.1799,5.0808201e-05,0.095771062
114.7,26.1799,5.0831054e-05,0.095814137
114.8,26.1799,5.0805844e-05,0.095766617
114.9,26.1799,5.0822635e-05,0.095798268
115,26.1799,5.077554e-05,0.095709497
115.1,26.1799,5.0757802e-05,0.095676061
115.2,26.1799,5.0762221e-05,0.09568439
115.3,26.1799,5.0690138e-05,0.095548518
115.4,26.1799,5.0646459e-05,0.095466184
115.5,26.1799,5.0497937e-05,0.095186227
115.6,26.1799,5.0318712e-05,0.094848397
115.7,26.1799,5.0312335e-05,0.094836377
115.8,26.1799,5.0423707e-05,0.095046307
115.9,26.1799,5.0418889e-05,0.095037226
116,26.1799,5.0332954e-05,0.094875242
116.1,26.1799,5.0147599e-05,0.094525856
116.2,26.1799,4.9791011e-05,0.093853706
116.3,26.1799,4.9793228e-05,0.093857885
116.4,26.1799,5.0225966e-05,0.094673575
116.5,26.1799,5.0320139e-05,0.094851087
116.6,26.1799,5.0351453e-05,0.094910112
116.7,26.1799,5.0392772e-05,0.094987997
116.8,26.1799,5.0450514e-05,0.095096837
116.9,26.1799,5.0473042e-05,0.095139302
117,26.1799,5.0493517e-05,0.095177897
117.1,26.1799,5.0539349e-05,0.095264287
117.2,26.1799,5.052665e-05,0.095240351
117.3,26.1799,5.0562443e-05,0.095307818
117.4,26.1799,5.0577696e-05,0.095336569
117.5,26.1799,5.0570361e-05,0.095322743
117.6,26.1799,5.06057e-05,0.095389356
117.7,26.1799,5.0606663e-05,0.095391172
117.8,26.1799,5.0599358e-05,0.095377402
117.9,26.1799,5.0641716e-05,0.095457244
118,13.08995,-2.3647468e-05,0.02228718
118.1,0,-1.6629342e-05,0
118.2,0,-1.0467193e-05,0
118.3,0,-7.3133823e-06,0
118.4,0,-5.5068608e-06,0
118.5,0,-4.2371125e-06,0
118.6,0,-3.2667106e-06,0
118.7,0,-2.5144208e-06,0
118.8,0,-1.9321638e-06,0
118.9,0,-1.483099e-06,0
119,0,-1.1376977e-06,0
119.1,0,-8.7243109e-07,0
119.2,0,-6.6891285e-07,0
119.3,0,-5.1280249e-07,0
119.4,0,-3.9311859e-07,0
119.5,0,-3.0135381e-07,0
119.6,0,-2.3102056e-07,0
119.7,0,-1.7709879e-07,0
119.8,0,-1.3576434e-07,0
119.9,0,-1.0408288e-07,0
120,13.08995,7.2821496e-05,0.068632541
120.1,26.1799,4.6690344e-05,0.088009094
120.2,26.1799,3.5606643e-05,0.067116841
120.3,26.1799,3.1818252e-05,0.059975902
120.4,26.1799,3.0746779e-05,0.057956227
120.5,26.1799,3.0778945e-05,0.058016859
120.6,26.1799,3.6468957e-05,0.068742263
120.7,26.1799,4.8695157e-05,0.091788073
120.8,26.1799,5.3474899e-05,0.10079766
120.9,26.1799,5.0787455e-05,0.095731955
121,26.1799,5.1472441e-05,0.097023122
121.1,26.1799,5.1041936e-05,0.09621164
121.2,26.1799,5.1028662e-05,0.09618662
121.3,26.1799,5.1219707e-05,0.09654673
121.4,26.1799,5.1142752e-05,0.096401673
121.5,26.1799,5.1147663e-05,0.096410931
121.6,26.1799,5.1156452e-05,0.096427498
121.7,26.1799,5.1118668e-05,0.096356277
121.8,26.1799,5.1078466e-05,0.096280498
121.9,26.1799,5.1037194e-05,0.096202701
122,26.1799,5.0870221e-05,0.095887966
122.1,26.1799,5.0804783e-05,0.095764618
122.2,26.1799,5.0753316e-05,0.095667605
122.3,26.1799,5.0902834e-05,0.09594944
122.4,26.1799,5.0903935e-05,0.095951515
122.5,26.1799,5.0911704e-05,0.095966159
122.6,26.1799,5.0946852e-05,0.096032412
122.7,26.1799,5.0897609e-05,0.09593959
122.8,26.1799,5.0936882e-05,0.096013618
122.9,26.1799,5.0910087e-05,0.095963111
123,26.1799,5.088531e-05,0.095916408
123.1,26.1799,5.0899148e-05,0.095942491
123.2,26.1799,5.0880227e-05,0.095906827
123.3,26.1799,5.0857756e-05,0.09586447
123.4,26.1799,5.0861749e-05,0.095871997
123.5,26.1799,5.0811278e-05,0.095776861
123.6,26.1799,5.0759918e-05,0.095680049
123.7,26.1799,5.0704554e-05,0.095575691
123.8,26.1799,5.0504028e-05,0.095197708
123.9,26.1799,5.035507e-05,0.094916931
124,26.1799,5.0120778e-05,0.0944753
124.1,26.1799,5.0490737e-05,0.095172656
124.2,26.1799,5.0397362e-05,0.094996649
124.3,26.1799,5.0763213e-05,0.095686261
124.4,26.1799,5.0736325e-05,0.095635577
124.5,26.1799,5.0796817e-05,0.095749602
124.6,26.1799,5.0791922e-05,0.095740375
124.7,26.1799,5.0782866e-05,0.095723306
124.8,26.1799,5.0783256e-05,0.095724041
124.9,26.1799,5.0714044e-05,0.095593579
125,26.1799,5.0636668e-05,0.09544773
125.1,26.1799,5.0419072e-05,0.09503757
125.2,26.1799,5.0467478e-05,0.095128814
125.3,26.1799,5.0302797e-05,0.094818398
125.4,26.1799,5.0630423e-05,0.095435958
125.5,26.1799,5.0565382e-05,0.095313358
125.6,26.1799,5.0618291e-05,0.09541309
125.7,26.1799,5.0581456e-05,0.095343657
125.8,26.1799,5.0587936e-05,0.095355871
125.9,26.1799,5.0538507e-05,0.095262701
126,26.1799,5.0490412e-05,0.095172044
126.1,26.1799,5.0359741e-05,0.094925735
126.2,26.1799,5.0153214e-05,0.094536442
126.3,26.1799,5.0213678e-05,0.094650412
126.4,26.1799,5.0464809e-05,0.095123783
126.5,26.1799,5.0430687e-05,0.095059464
126.6,26.1799,5.0462498e-05,0.095119427
126.7,26.1799,5.0461189e-05,0.095116959
126.8,26.1799,5.0499847e-05,0.095189827
126.9,26.1799,5.0511482e-05,0.095211759
127,26.1799,5.0502562e-05,0.095194945
127.1,26.1799,5.0520674e-05,0.095229087
127.2,26.1799,5.0557921e-05,0.095299296
127.3,26.1799,5.0533638e-05,0.095253523
127.4,26.1799,5.0567745e-05,0.095317812
127.5,26.1799,5.0549101e-05,0.09528267
127.6,26.1799,5.0545601e-05,0.095276073
127.7,26.1799,5.0575003e-05,0.095331493
127.8,26.1799,5.0536337e-05,0.09525861
127.9,26.1799,5.0544213e-05,0.095273456
128,13.08995,-2.3749647e-05,0.022383482
128.1,0,-1.6768255e-05,0
128.2,0,-1.0503958e-05,0
128.3,0,-7.358388e-06,0
128.4,0,-5.5435374e-06,0
128.5,0,-4.2637543e-06,0
128.6,0,-3.2866384e-06,0
128.7,0,-2.5295278e-06,0
128.8,0,-1.9437089e-06,0
128.9,0,-1.4920007e-06,0
129,0,-1.1445357e-06,0
129.1,0,-8.7770468e-07,0
129.2,0,-6.7293485e-07,0
129.3,0,-5.1587604e-07,0
129.4,0,-3.95465e-07,0
129.5,0,-3.0316197e-07,0
129.6,0,-2.3240997e-07,0
129.7,0,-1.7816755e-07,0
129.8,0,-1.3658538e-07,0
129.9,0,-1.0471221e-07,0
130,13.08995,7.2811135e-05,0.068622777
130.1,26.1799,4.6718007e-05,0.088061238
130.2,26.1799,3.5605552e-05,0.067114786
130.3,26.1799,3.1800308e-05,0.059942079
130.4,26.1799,3.080298e-05,0.058062163
130.5,26.1799,3.075957e-05,0.057980339
130.6,26.1799,3.6501973e-05,0.068804496
130.7,26.1799,4.8737058e-05,0.091867054
130.8,26.1799,5.3455214e-05,0.10076056
130.9,26.1799,5.0800596e-05,0.095756726
131,26.1799,5.1442278e-05,0.096966265
131.1,26.1799,5.1045172e-05,0.09621774
131.2,26.1799,5.1030771e-05,0.096190595
131.3,26.1799,5.1217817e-05,0.096543167
131.4,26.1799,5.1138537e-05,0.096393729
131.5,26.1799,5.1131038e-05,0.096379594
131.6,26.1799,5.1137413e-05,0.096391609
131.7,26.1799,5.1119522e-05,0.096357887
131.8,26.1799,5.1077318e-05,0.096278333
131.9,26.1799,5.1033682e-05,0.096196082
132,26.1799,5.0866687e-05,0.095881303
132.1,26.1799,5.0800295e-05,0.095756158
132.2,26.1799,5.0749333e-05,0.095660097
132.3,26.1799,5.089918e-05,0.095942551
132.4,26.1799,5.0903718e-05,0.095951105
132.5,26.1799,5.0908327e-05,0.095959794
132.6,26.1799,5.0916401e-05,0.095975012
132.7,26.1799,5.0915395e-05,0.095973117
132.8,26.1799,5.0900811e-05,0.095945625
132.9,26.1799,5.0888366e-05,0.095922169
133,26.1799,5.0899628e-05,0.095943397
133.1,26.1799,5.0875308e-05,0.095897554
133.2,26.1799,5.0873079e-05,0.095893353
133.3,26.1799,5.0837447e-05,0.095826189
133.4,26.1799,5.0814249e-05,0.095782461
133.5,26.1799,5.0739714e-05,0.095641967
133.6,26.1799,5.0630192e-05,0.095435522
133.7,26.1799,5.0394474e-05,0.094991206
133.8,26.1799,5.0402252e-05,0.095005866
133.9,26.1799,5.0745008e-05,0.095651945
134,26.1799,5.0560653e-05,0.095304445
134.1,26.1799,5.0419902e-05,0.095039135
134.2,26.1799,5.0487285e-05,0.09516615
134.3,26.1799,5.0743769e-05,0.095649609
134.4,26.1799,5.0760043e-05,0.095680284
134.5,26.1799,5.0828262e-05,0.095808875
134.6,26.1799,5.0823494e-05,0.095799887
134.7,26.1799,5.0824293e-05,0.095801393
134.8,26.1799,5.0837927e-05,0.095827093
134.9,26.1799,5.0812799e-05,0.095779728
135,26.1799,5.0823238e-05,0.095799405
135.1,26.1799,5.0791773e-05,0.095740095
135.2,26.1799,5.0802362e-05,0.095760054
135.3,26.1799,5.0757698e-05,0.095675864
135.4,26.1799,5.0763592e-05,0.095686975
135.5,26.1799,5.0711984e-05,0.095589696
135.6,26.1799,5.0693303e-05,0.095554484
135.7,26.1799,5.0604149e-05,0.095386433
135.8,26.1799,5.0486331e-05,0.095164351
135.9,26.1799,5.0227835e-05,0.094677098
136,26.1799,5.0247546e-05,0.094714253
136.1,26.1799,5.0121748e-05,0.09447713
136.2,26.1799,5.010664e-05,0.094448652
136.3,26.1799,5.0041783e-05,0.094326398
136.4,26.1799,5.018952e-05,0.094604876
136.5,26.1799,5.009738e-05,0.094431196
136.6,26.1799,5.0000941e-05,0.094249414
136.7,26.1799,4.9923317e-05,0.094103095
136.8,26.1799,5.0450498e-05,0.095096808
136.9,26.1799,5.0354994e-05,0.094916786
137,26.1799,5.0421282e-05,0.095041736
137.1,26.1799,5.0449515e-05,0.095094955
137.2,26.1799,5.0497958e-05,0.095186267
137.3,26.1799,5.0498872e-05,0.09518799
137.4,26.1799,5.0544147e-05,0.095273331
137.5,26.1799,5.0541577e-05,0.095268486
137.6,26.1799,5.0555893e-05,0.095295473
137.7,26.1799,5.0592639e-05,0.095364737
137.8,26.1799,5.0562219e-05,0.095307396
137.9,26.1799,5.0589402e-05,0.095358634
138,13.08995,-2.36654e-05,0.022304081
138.1,0,-1.662412e-05,0
138.2,0,-1.0463207e-05,0
138.3,0,-7.3132486e-06,0
138.4,0,-5.5072673e-06,0
138.5,0,-4.2375819e-06,0
138.6,0,-3.2671547e-06,0
138.7,0,-2.5148061e-06,0
138.8,0,-1.9324824e-06,0
138.9,0,-1.4834187e-06,0
139,0,-1.137964e-06,0
139.1,0,-8.726321e-07,0
139.2,0,-6.6906326e-07,0
139.3,0,-5.1291403e-07,0
139.4,0,-3.9318521e-07,0
139.5,0,-3.0141231e-07,0
139.6,0,-2.3105839e-07,0
139.7,0,-1.7712529e-07,0
139.8,0,-1.3578633e-07,0
139.9,0,-1.0409892e-07,0
140,13.08995,7.2803783e-05,0.068615847
140.1,26.1799,4.6700211e-05,0.088027694
140.2,26.1799,3.5608504e-05,0.067120349
140.3,26.1799,3.1779432e-05,0.05990273
140.4,26.1799,3.0822248e-05,0.058098482
140.5,26.1799,3.0759546e-05,0.057980293
140.6,26.1799,3.651384e-05,0.068826865
140.7,26.1799,4.8653643e-05,0.09170982
140.8,26.1799,5.3477748e-05,0.10080303
140.9,26.1799,5.0817216e-05,0.095788053
141,26.1799,5.1442728e-05,0.096967114
141.1,26.1799,5.1027347e-05,0.096184141
141.2,26.1799,5.1035977e-05,0.096200407
141.3,26.1799,5.1201209e-05,0.096511862
141.4,26.1799,5.1145477e-05,0.096406811
141.5,26.1799,5.1172679e-05,0.096458085
141.6,26.1799,5.1147244e-05,0.096410141
141.7,26.1799,5.1112069e-05,0.096343838
141.8,26.1799,5.1107202e-05,0.096334663
141.9,26.1799,5.1022397e-05,0.09617481
142,26.1799,5.0874712e-05,0.09589643
142.1,26.1799,5.081163e-05,0.095777525
142.2,26.1799,5.0728445e-05,0.095620724
142.3,26.1799,5.0930552e-05,0.096001687
142.4,26.1799,5.0882574e-05,0.09591125
142.5,26.1799,5.0933561e-05,0.096007358
142.6,26.1799,5.0926594e-05,0.095994225
142.7,26.1799,5.0892496e-05,0.095929953
142.8,26.1799,5.0922289e-05,0.095986111
142.9,26.1799,5.0899176e-05,0.095942545
143,26.1799,5.0911223e-05,0.095965253
143.1,26.1799,5.0874284e-05,0.095895623
143.2,26.1799,5.0872426e-05,0.095892121
143.3,26.1799,5.0854952e-05,0.095859185
143.4,26.1799,5.0814838e-05,0.095783571
143.5,26.1799,5.0793415e-05,0.095743191
143.6,26.1799,5.0696712e-05,0.095560909
143.7,26.1799,5.0540711e-05,0.095266855
143.8,26.1799,5.0421927e-05,0.095042953
143.9,26.1799,5.0256273e-05,0.094730703
144,26.1799,5.0706071e-05,0.09557855
144.1,26.1799,5.0445032e-05,0.095086504
144.2,26.1799,5.0500355e-05,0.095190786
144.3,26.1799,5.0296613e-05,0.094806742
144.4,26.1799,5.0838065e-05,0.095827353
144.5,26.1799,5.0773909e-05,0.095706422
144.6,26.1799,5.0804043e-05,0.095763223
144.7,26.1799,5.0824174e-05,0.09580117
144.8,26.1799,5.0798053e-05,0.095751932
144.9,26.1799,5.0811338e-05,0.095776973
145,26.1799,5.0762184e-05,0.09568432
145.1,26.1799,5.0766418e-05,0.095692301
145.2,26.1799,5.0703327e-05,0.095573378
145.3,26.1799,5.0634688e-05,0.095443998
145.4,26.1799,5.0419565e-05,0.0950385
145.5,26.1799,5.0451363e-05,0.095098438
145.6,26.1799,5.0220063e-05,0.094662448
145.7,26.1799,5.0599962e-05,0.095378539
145.8,26.1799,5.0507027e-05,0.095203362
145.9,26.1799,5.0533049e-05,0.095252412
146,26.1799,5.0437931e-05,0.09507312
146.1,26.1799,5.034864e-05,0.09490481
146.2,26.1799,5.0152932e-05,0.09453591
146.3,26.1799,5.0187808e-05,0.094601649
146.4,26.1799,5.0444427e-05,0.095085365
146.5,26.1799,5.040057e-05,0.095002696
146.6,26.1799,5.0441912e-05,0.095080623
146.7,26.1799,5.0473022e-05,0.095139265
146.8,26.1799,5.0478083e-05,0.095148803
146.9,26.1799,5.0489203e-05,0.095169765
147,26.1799,5.0522972e-05,0.095233417
147.1,26.1799,5.0500259e-05,0.095190605
147.2,26.1799,5.0523491e-05,0.095234396
147.3,26.1799,5.0540415e-05,0.095266298
147.4,26.1799,5.0522376e-05,0.095232293
147.5,26.1799,5.0552323e-05,0.095288743
147.6,26.1799,5.0535611e-05,0.095257242
147.7,26.1799,5.0538329e-05,0.095262365
147.8,26.1799,5.0549602e-05,0.095283614
147.9,26.1799,5.0521313e-05,0.09523029
148,13.08995,-2.3753713e-05,0.022387314
148.1,0,-1.6767678e-05,0
148.2,0,-1.0503661e-05,0
148.3,0,-7.3586076e-06,0
148.4,0,-5.5439226e-06,0
148.5,0,-4.2642784e-06,0
148.6,0,-3.2869747e-06,0
148.7,0,-2.5298859e-06,0
148.8,0,-1.944032e-06,0
148.9,0,-1.492221e-06,0
149,0,-1.1447305e-06,0
149.1,0,-8.7783164e-07,0
149.2,0,-6.7301869e-07,0
149.3,0,-5.1595065e-07,0
149.4,0,-3.9552407e-07,0
149.5,0,-3.032106e-07,0
149.6,0,-2.3243999e-07,0
149.7,0,-1.7819415e-07,0
149.8,0,-1.3660891e-07,0
149.9,0,-1.0473087e-07,0
150,13.08995,7.2801271e-05,0.06861348
150.1,26.1799,4.667818e-05,0.087986166
150.2,26.1799,3.5624291e-05,0.067150106
150.3,26.1799,3.1758827e-05,0.05986389
150.4,26.1799,3.0812096e-05,0.058079346
150.5,26.1799,3.076813e-05,0.057996473
150.6,26.1799,3.6540804e-05,0.068877692
150.7,26.1799,4.8700973e-05,0.091799035
150.8,26.1799,5.3459784e-05,0.10076917
150.9,26.1799,5.0801214e-05,0.095757891
151,26.1799,5.1438307e-05,0.09695878
151.1,26.1799,5.1023295e-05,0.096176502
151.2,26.1799,5.1051372e-05,0.096229426
151.3,26.1799,5.1198209e-05,0.096506207
151.4,26.1799,5.1140541e-05,0.096397506
151.5,26.1799,5.1157931e-05,0.096430285
151.6,26.1799,5.1120043e-05,0.096358868
151.7,26.1799,5.1112275e-05,0.096344227
151.8,26.1799,5.1096191e-05,0.096313908
151.9,26.1799,5.1016659e-05,0.096163994
152,26.1799,5.0879646e-05,0.09590573
152.1,26.1799,5.0804123e-05,0.095763373
152.2,26.1799,5.0723694e-05,0.09561177
152.3,26.1799,5.0924447e-05,0.09599018
152.4,26.1799,5.088011e-05,0.095906605
152.5,26.1799,5.092397e-05,0.095989279
152.6,26.1799,5.0916695e-05,0.095975567
152.7,26.1799,5.0906103e-05,0.095955601
152.8,26.1799,5.0901497e-05,0.09594692
152.9,26.1799,5.0893638e-05,0.095932106
153,26.1799,5.0905449e-05,0.095954368
153.1,26.1799,5.0864982e-05,0.09587809
153.2,26.1799,5.0852369e-05,0.095854316
153.3,26.1799,5.0839035e-05,0.095829181
153.4,26.1799,5.0769768e-05,0.095698616
153.5,26.1799,5.0717263e-05,0.095599648
153.6,26.1799,5.0519116e-05,0.095226149
153.7,26.1799,5.0454445e-05,0.095104247
153.8,26.1799,5.0279664e-05,0.094774793
153.9,26.1799,5.0757599e-05,0.095675679
154,26.1799,5.0593103e-05,0.095365611
154.1,26.1799,5.046913e-05,0.095131927
154.2,26.1799,5.0507351e-05,0.095203973
154.3,26.1799,5.0537614e-05,0.095261017
154.4,26.1799,5.076856e-05,0.095696339
154.5,26.1799,5.0835818e-05,0.095823118
154.6,26.1799,5.0812703e-05,0.095779546
154.7,26.1799,5.084192e-05,0.09583462
154.8,26.1799,5.0817118e-05,0.095787868
154.9,26.1799,5.0839577e-05,0.095830203
155,26.1799,5.079518e-05,0.095746518
155.1,26.1799,5.0791249e-05,0.095739107
155.2,26.1799,5.0793724e-05,0.095743772
155.3,26.1799,5.0765555e-05,0.095690675
155.4,26.1799,5.0749366e-05,0.095660159
155.5,26.1799,5.0707846e-05,0.095581895
155.6,26.1799,5.0693929e-05,0.095555663
155.7,26.1799,5.059873e-05,0.095376218
155.8,26.1799,5.0466187e-05,0.095126381
155.9,26.1799,5.024169e-05,0.094703214
156,26.1799,5.0203016e-05,0.094630316
156.1,26.1799,5.0295745e-05,0.094805106
156.2,26.1799,5.0143653e-05,0.094518418
156.3,26.1799,5.0054198e-05,0.094349801
156.4,26.1799,5.0177775e-05,0.094582738
156.5,26.1799,5.0242099e-05,0.094703984
156.6,26.1799,5.0131202e-05,0.094494949
156.7,26.1799,5.0018024e-05,0.094281615
156.8,26.1799,4.9987284e-05,0.094223672
156.9,26.1799,5.0478267e-05,0.095149151
157,26.1799,5.0357029e-05,0.094920623
157.1,26.1799,5.0451415e-05,0.095098536
157.2,26.1799,5.0470154e-05,0.095133859
157.3,26.1799,5.0490548e-05,0.095172301
157.4,26.1799,5.0533215e-05,0.095252725
157.5,26.1799,5.0530387e-05,0.095247394
157.6,26.1799,5.0547391e-05,0.095279446
157.7,26.1799,5.0581166e-05,0.09534311
157.8,26.1799,5.0566702e-05,0.095315846
157.9,26.1799,5.0572874e-05,0.095327481
158,13.08995,-2.3654325e-05,0.022293643
158.1,0,-1.6623561e-05,0
158.2,0,-1.0462715e-05,0
158.3,0,-7.3134358e-06,0
158.4,0,-5.507222e-06,0
158.5,0,-4.2375352e-06,0
158.6,0,-3.2671914e-06,0
158.7,0,-2.5148899e-06,0
158.8,0,-1.9325644e-06,0
158.9,0,-1.4834238e-06,0
159,0,-1.1379559e-06,0
159.1,0,-8.7263546e-07,0
159.2,0,-6.6906615e-07,0
159.3,0,-5.1291963e-07,0
159.4,0,-3.9320806e-07,0
159.5,0,-3.0142267e-07,0
159.6,0,-2.3106938e-07,0
159.7,0,-1.7713547e-07,0
159.8,0,-1.3579443e-07,0
159.9,0,-1.0410379e-07,0
160,13.08995,7.2810203e-05,0.068621898
160.1,26.1799,4.6677335e-05,0.087984573
160.2,26.1799,3.5627139e-05,0.067155475
160.3,26.1799,3.1803193e-05,0.059947517
160.4,26.1799,3.0747526e-05,0.057957635
160.5,26.1799,3.0807325e-05,0.058070354
160.6,26.1799,3.6488466e-05,0.068779037
160.7,26.1799,4.8795517e-05,0.091977246
160.8,26.1799,5.3451658e-05,0.10075385
160.9,26.1799,5.0796137e-05,0.09574832
161,26.1799,5.1448632e-05,0.096978243
161.1,26.1799,5.1027903e-05,0.096185189
161.2,26.1799,5.105549e-05,0.096237189
161.3,26.1799,5.1185225e-05,0.096481734
161.4,26.1799,5.1148051e-05,0.096411661
161.5,26.1799,5.115593e-05,0.096426513
161.6,26.1799,5.1122699e-05,0.096363874
161.7,26.1799,5.112097e-05,0.096360616
161.8,26.1799,5.1086473e-05,0.096295591
161.9,26.1799,5.1019426e-05,0.096169209
162,26.1799,5.0876243e-05,0.095899317
162.1,26.1799,5.0797046e-05,0.095750033
162.2,26.1799,5.072587e-05,0.095615871
162.3,26.1799,5.0915575e-05,0.095973456
162.4,26.1799,5.0874877e-05,0.095896741
162.5,26.1799,5.0918248e-05,0.095978495
162.6,26.1799,5.09193e-05,0.095980477
162.7,26.1799,5.0907396e-05,0.095958039
162.8,26.1799,5.0901811e-05,0.095947511
162.9,26.1799,5.0894258e-05,0.095933274
163,26.1799,5.0903801e-05,0.095951261
163.1,26.1799,5.0865647e-05,0.095879344
163.2,26.1799,5.084291e-05,0.095836485
163.3,26.1799,5.0842687e-05,0.095836065
163.4,26.1799,5.0784625e-05,0.095726621
163.5,26.1799,5.0722996e-05,0.095610453
163.6,26.1799,5.0543759e-05,0.095272601
163.7,26.1799,5.0388625e-05,0.09498018
163.8,26.1799,5.0278858e-05,0.094773274
163.9,26.1799,5.0745158e-05,0.095652228
164,26.1799,5.040866e-05,0.095017945
164.1,26.1799,5.0523007e-05,0.095233484
164.2,26.1799,5.0430255e-05,0.095058651
164.3,26.1799,5.0810684e-05,0.095775741
164.4,26.1799,5.0803243e-05,0.095761716
164.5,26.1799,5.0842615e-05,0.095835929
164.6,26.1799,5.0834133e-05,0.095819942
164.7,26.1799,5.0848634e-05,0.095847275
164.8,26.1799,5.0830495e-05,0.095813085
164.9,26.1799,5.0847706e-05,0.095845526
165,26.1799,5.0820947e-05,0.095795087
165.1,26.1799,5.0804836e-05,0.095764718
165.2,26.1799,5.080195e-05,0.095759278
165.3,26.1799,5.0771534e-05,0.095701946
165.4,26.1799,5.079033e-05,0.095737374
165.5,26.1799,5.0745056e-05,0.095652035
165.6,26.1799,5.0711575e-05,0.095588926
165.7,26.1799,5.07082e-05,0.095582564
165.8,26.1799,5.0633842e-05,0.095442402
165.9,26.1799,5.0542389e-05,0.095270017
166,26.1799,5.0418551e-05,0.095036589
166.1,26.1799,5.0083621e-05,0.094405261
166.2,26.1799,4.9747958e-05,0.093772553
166.3,26.1799,4.9391294e-05,0.093100259
166.4,26.1799,4.9797922e-05,0.093866733
166.5,26.1799,5.0334304e-05,0.094877788
166.6,26.1799,5.0254701e-05,0.094727738
166.7,26.1799,5.0361699e-05,0.094929425
166.8,26.1799,5.0399883e-05,0.095001401
166.9,26.1799,5.0423033e-05,0.095045036
167,26.1799,5.0454338e-05,0.095104046
167.1,26.1799,5.0516943e-05,0.095222053
167.2,26.1799,5.0511997e-05,0.095212731
167.3,26.1799,5.0531775e-05,0.095250011
167.4,26.1799,5.0577453e-05,0.095336112
167.5,26.1799,5.0555638e-05,0.095294992
167.6,26.1799,5.0593777e-05,0.095366882
167.7,26.1799,5.0583815e-05,0.095348103
167.8,26.1799,5.0615011e-05,0.095406906
167.9,26.1799,5.0597815e-05,0.095374494
168,13.08995,-2.3641702e-05,0.022281746
168.1,0,-1.6626674e-05,0
168.2,0,-1.0464275e-05,0
168.3,0,-7.3128147e-06,0
168.4,0,-5.5069346e-06,0
168.5,0,-4.2372716e-06,0
168.6,0,-3.2668405e-06,0
168.7,0,-2.5145616e-06,0
168.8,0,-1.9322751e-06,0
168.9,0,-1.4831763e-06,0
169,0,-1.137775e-06,0
169.1,0,-8.7248478e-07,0
169.2,0,-6.689427e-07,0
169.3,0,-5.1282624e-07,0
169.4,0,-3.9312318e-07,0
169.5,0,-3.0136859e-07,0
169.6,0,-2.3102305e-07,0
169.7,0,-1.7710422e-07,0
169.8,0,-1.3577409e-07,0
169.9,0,-1.0408834e-07,0
170,13.08995,7.2810059e-05,0.068621762
170.1,26.1799,4.6728053e-05,0.088080174
170.2,26.1799,3.5596259e-05,0.067097269
170.3,26.1799,3.1817805e-05,0.05997506
170.4,26.1799,3.0752452e-05,0.057966921
170.5,26.1799,3.0781999e-05,0.058022615
170.6,26.1799,3.6448573e-05,0.068703841
170.7,26.1799,4.8687488e-05,0.091773617
170.8,26.1799,5.3469426e-05,0.10078734
170.9,26.1799,5.0775695e-05,0.095709789
171,26.1799,5.1459951e-05,0.096999579
171.1,26.1799,5.1023612e-05,0.096177101
171.2,26.1799,5.1041954e-05,0.096211675
171.3,26.1799,5.1201379e-05,0.096512183
171.4,26.1799,5.1144043e-05,0.096404108
171.5,26.1799,5.1161316e-05,0.096436665
171.6,26.1799,5.1130007e-05,0.09637765
171.7,26.1799,5.1136614e-05,0.096390104
171.8,26.1799,5.1079392e-05,0.096282242
171.9,26.1799,5.1046119e-05,0.096219524
172,26.1799,5.0865887e-05,0.095879795
172.1,26.1799,5.0804303e-05,0.095763714
172.2,26.1799,5.0748548e-05,0.095658618
172.3,26.1799,5.0896342e-05,0.095937202
172.4,26.1799,5.0891388e-05,0.095927864
172.5,26.1799,5.0917814e-05,0.095977675
172.6,26.1799,5.0914009e-05,0.095970504
172.7,26.1799,5.0910444e-05,0.095963783
172.8,26.1799,5.0912095e-05,0.095966895
172.9,26.1799,5.0900322e-05,0.095944704
173,26.1799,5.09029e-05,0.095949564
173.1,26.1799,5.0879061e-05,0.095904629
173.2,26.1799,5.0888999e-05,0.095923361
173.3,26.1799,5.0845371e-05,0.095841125
173.4,26.1799,5.0850206e-05,0.095850237
173.5,26.1799,5.0785146e-05,0.095727604
173.6,26.1799,5.0748155e-05,0.095657876
173.7,26.1799,5.0589396e-05,0.095358624
173.8,26.1799,5.0386699e-05,0.094976549
173.9,26.1799,5.0361737e-05,0.094929496
174,26.1799,5.0632675e-05,0.095440202
174.1,26.1799,5.0356475e-05,0.094919578
174.2,26.1799,5.0477986e-05,0.095148621
174.3,26.1799,5.0629111e-05,0.095433485
174.4,26.1799,5.0719675e-05,0.095604193
174.5,26.1799,5.0804609e-05,0.095764291
174.6,26.1799,5.0765865e-05,0.09569126
174.7,26.1799,5.0780656e-05,0.095719139
174.8,26.1799,5.0723999e-05,0.095612345
174.9,26.1799,5.0648016e-05,0.095469119
175,26.1799,5.0422108e-05,0.095043294
175.1,26.1799,5.0478684e-05,0.095149936
175.2,26.1799,5.0362862e-05,0.094931618
175.3,26.1799,5.0633643e-05,0.095442028
175.4,26.1799,5.0567241e-05,0.095316863
175.5,26.1799,5.0624179e-05,0.095424187
175.6,26.1799,5.0585392e-05,0.095351077
175.7,26.1799,5.060883e-05,0.095395257
175.8,26.1799,5.0574734e-05,0.095330986
175.9,26.1799,5.056662e-05,0.095315691
176,26.1799,5.0474549e-05,0.095142143
176.1,26.1799,5.0380339e-05,0.094964561
176.2,26.1799,5.0192681e-05,0.094610835
176.3,26.1799,5.0209304e-05,0.094642168
176.4,26.1799,5.0447192e-05,0.095090576
176.5,26.1799,5.0411433e-05,0.095023171
176.6,26.1799,5.044337e-05,0.095083372
176.7,26.1799,5.0485962e-05,0.095163656
176.8,26.1799,5.0473517e-05,0.095140197
176.9,26.1799,5.0478623e-05,0.095149821
177,26.1799,5.0519543e-05,0.095226954
177.1,26.1799,5.0494551e-05,0.095179846
177.2,26.1799,5.0496693e-05,0.095183882
177.3,26.1799,5.0514022e-05,0.095216547
177.4,26.1799,5.0477291e-05,0.095147311
177.5,26.1799,5.0421878e-05,0.09504286
177.6,26.1799,5.0347646e-05,0.094902936
177.7,26.1799,5.0143107e-05,0.09451739
177.8,26.1799,5.0195236e-05,0.094615651
177.9,26.1799,5.0373444e-05,0.094951563
178,13.08995,-2.3802411e-05,0.022433211
178.1,0,-1.6696937e-05,0
178.2,0,-1.0494183e-05,0
178.3,0,-7.3371898e-06,0
178.4,0,-5.5256087e-06,0
178.5,0,-4.2518403e-06,0
178.6,0,-3.2785794e-06,0
178.7,0,-2.5239112e-06,0
178.8,0,-1.9396628e-06,0
178.9,0,-1.4890372e-06,0
179,0,-1.1423136e-06,0
179.1,0,-8.7601538e-07,0
179.2,0,-6.7163774e-07,0
179.3,0,-5.1488461e-07,0
179.4,0,-3.9470373e-07,0
179.5,0,-3.025787e-07,0
179.6,0,-2.3195559e-07,0
179.7,0,-1.7781703e-07,0
179.8,0,-1.3632045e-07,0
179.9,0,-1.0450855e-07,0
180,13.08995,7.28125e-05,0.068624062
180.1,26.1799,4.6724765e-05,0.088073976
180.2,26.1799,3.5614118e-05,0.067130931
180.3,26.1799,3.1772061e-05,0.059888835
180.4,26.1799,3.0812827e-05,0.058080724
180.5,26.1799,3.0740948e-05,0.057945237
180.6,26.1799,3.6480232e-05,0.068763516
180.7,26.1799,4.86445e-05,0.091692586
180.8,26.1799,5.3494479e-05,0.10083457
180.9,26.1799,5.0765186e-05,0.09568998
181,26.1799,5.1460976e-05,0.09700151
181.1,26.1799,5.10218e-05,0.096173685
181.2,26.1799,5.1031589e-05,0.096192136
181.3,26.1799,5.1210033e-05,0.096528494
181.4,26.1799,5.1144737e-05,0.096405415
181.5,26.1799,5.116444e-05,0.096442555
181.6,26.1799,5.1136988e-05,0.096390809
181.7,26.1799,5.1112178e-05,0.096344043
181.8,26.1799,5.1105912e-05,0.096332233
181.9,26.1799,5.1022688e-05,0.096175358
182,26.1799,5.0879783e-05,0.09590599
182.1,26.1799,5.0800964e-05,0.095757419
182.2,26.1799,5.0755216e-05,0.095671187
182.3,26.1799,5.0902001e-05,0.095947869
182.4,26.1799,5.0902999e-05,0.095949751
182.5,26.1799,5.091131e-05,0.095965417
182.6,26.1799,5.0934603e-05,0.096009322
182.7,26.1799,5.089969e-05,0.095943514
182.8,26.1799,5.090613e-05,0.095955652
182.9,26.1799,5.0921967e-05,0.095985503
183,26.1799,5.0889317e-05,0.095923961
183.1,26.1799,5.0875895e-05,0.095898661
183.2,26.1799,5.0882438e-05,0.095910994
183.3,26.1799,5.0860569e-05,0.095869771
183.4,26.1799,5.0839536e-05,0.095830126
183.5,26.1799,5.0822285e-05,0.095797608
183.6,26.1799,5.0755455e-05,0.095671637
183.7,26.1799,5.0698426e-05,0.095564139
183.8,26.1799,5.051678e-05,0.095221745
183.9,26.1799,5.036649e-05,0.094938456
184,26.1799,5.0190456e-05,0.094606641
184.1,26.1799,5.0604866e-05,0.095387784
184.2,26.1799,5.0364759e-05,0.094935193
184.3,26.1799,5.0294944e-05,0.094803595
184.4,26.1799,5.0788301e-05,0.095733549
184.5,26.1799,5.0728755e-05,0.095621308
184.6,26.1799,5.0759768e-05,0.095679766
184.7,26.1799,5.0722548e-05,0.095609609
184.8,26.1799,5.066482e-05,0.095500795
184.9,26.1799,5.0500434e-05,0.095190935
185,26.1799,5.0426386e-05,0.095051357
185.1,26.1799,5.0266925e-05,0.09475078
185.2,26.1799,5.0607672e-05,0.095393074
185.3,26.1799,5.0583351e-05,0.095347229
185.4,26.1799,5.0589144e-05,0.095358148
185.5,26.1799,5.059739e-05,0.095373691
185.6,26.1799,5.0585996e-05,0.095352214
185.7,26.1799,5.0582527e-05,0.095345676
185.8,26.1799,5.0539791e-05,0.095265121
185.9,26.1799,5.0533973e-05,0.095254154
186,26.1799,5.0416822e-05,0.09503333
186.1,26.1799,5.03152e-05,0.094841777
186.2,26.1799,5.008036e-05,0.094399114
186.3,26.1799,5.0089047e-05,0.09441549
186.4,26.1799,5.0264669e-05,0.094746529
186.5,26.1799,4.9995617e-05,0.094239378
186.6,26.1799,5.0116575e-05,0.094467378
186.7,26.1799,5.0135909e-05,0.094503823
186.8,26.1799,5.0367142e-05,0.094939686
186.9,26.1799,5.0396625e-05,0.09499526
187,26.1799,5.0475565e-05,0.095144058
187.1,26.1799,5.0463476e-05,0.09512127
187.2,26.1799,5.0505038e-05,0.095199612
187.3,26.1799,5.0537727e-05,0.09526123
187.4,26.1799,5.052834e-05,0.095243536
187.5,26.1799,5.0572127e-05,0.095326072
187.6,26.1799,5.0568911e-05,0.095320011
187.7,26.1799,5.0576674e-05,0.095334644
187.8,26.1799,5.0608513e-05,0.095394658
187.9,26.1799,5.0594424e-05,0.095368101
188,13.08995,-2.3652457e-05,0.022291882
188.1,0,-1.6626339e-05,0
188.2,0,-1.0465228e-05,0
188.3,0,-7.3137282e-06,0
188.4,0,-5.5072248e-06,0
188.5,0,-4.2375621e-06,0
188.6,0,-3.2671898e-06,0
188.7,0,-2.5147772e-06,0
188.8,0,-1.9324982e-06,0
188.9,0,-1.4833987e-06,0
189,0,-1.1379632e-06,0
189.1,0,-8.7265474e-07,0
189.2,0,-6.6906286e-07,0
189.3,0,-5.1291551e-07,0
189.4,0,-3.9319155e-07,0
189.5,0,-3.014088e-07,0
189.6,0,-2.3105563e-07,0
189.7,0,-1.7712541e-07,0
189.8,0,-1.3578759e-07,0
189.9,0,-1.04101e-07,0
190,13.08995,7.2808766e-05,0.068620543
190.1,26.1799,4.6719651e-05,0.088064338
190.2,26.1799,3.5602404e-05,0.067108851
190.3,26.1799,3.1800349e-05,0.059942156
190.4,26.1799,3.0806018e-05,0.058067889
190.5,26.1799,3.0755358e-05,0.057972398
190.6,26.1799,3.6422533e-05,0.068654755
190.7,26.1799,4.8629343e-05,0.091664016
190.8,26.1799,5.3479113e-05,0.1008056
190.9,26.1799,5.0796139e-05,0.095748324
191,26.1799,5.1437661e-05,0.096957563
191.1,26.1799,5.1042764e-05,0.096213202
191.2,26.1799,5.1034318e-05,0.096197281
191.3,26.1799,5.1193563e-05,0.096497449
191.4,26.1799,5.1170574e-05,0.096454116
191.5,26.1799,5.1149609e-05,0.096414598
191.6,26.1799,5.1135532e-05,0.096388064
191.7,26.1799,5.1137872e-05,0.096392474
191.8,26.1799,5.1080713e-05,0.096284732
191.9,26.1799,5.1032524e-05,0.096193899
192,26.1799,5.0880919e-05,0.095908131
192.1,26.1799,5.079857e-05,0.095752907
192.2,26.1799,5.0737438e-05,0.095637676
192.3,26.1799,5.0924222e-05,0.095989754
192.4,26.1799,5.0882952e-05,0.095911963
192.5,26.1799,5.0934669e-05,0.096009447
192.6,26.1799,5.0925555e-05,0.095992267
192.7,26.1799,5.0918475e-05,0.095978923
192.8,26.1799,5.0919449e-05,0.095980758
192.9,26.1799,5.0905929e-05,0.095955274
193,26.1799,5.0922146e-05,0.095985841
193.1,26.1799,5.0890589e-05,0.095926358
193.2,26.1799,5.0868942e-05,0.095885554
193.3,26.1799,5.0879317e-05,0.09590511
193.4,26.1799,5.0856192e-05,0.095861521
193.5,26.1799,5.0829882e-05,0.095811929
193.6,26.1799,5.0815688e-05,0.095785173
193.7,26.1799,5.0743522e-05,0.095649145
193.8,26.1799,5.0673751e-05,0.09551763
193.9,26.1799,5.0476595e-05,0.095145998
194,26.1799,5.0344339e-05,0.094896703
194.1,26.1799,5.0070774e-05,0.094381046
194.2,26.1799,5.045955e-05,0.09511387
194.3,26.1799,5.0345831e-05,0.094899516
194.4,26.1799,5.0821597e-05,0.095796312
194.5,26.1799,5.0678992e-05,0.095527508
194.6,26.1799,5.0767856e-05,0.095695013
194.7,26.1799,5.0716351e-05,0.095597929
194.8,26.1799,5.06542e-05,0.095480776
194.9,26.1799,5.0458193e-05,0.095111311
195,26.1799,5.0453079e-05,0.095101673
195.1,26.1799,5.0302719e-05,0.094818251
195.2,26.1799,5.0608736e-05,0.095395079
195.3,26.1799,5.0596747e-05,0.095372481
195.4,26.1799,5.0606436e-05,0.095390743
195.5,26.1799,5.0623876e-05,0.095423616
195.6,26.1799,5.0598092e-05,0.095375015
195.7,26.1799,5.0608845e-05,0.095395284
195.8,26.1799,5.0568285e-05,0.095318831
195.9,26.1799,5.0545473e-05,0.095275831
196,26.1799,5.044763e-05,0.095091401
196.1,26.1799,5.032107e-05,0.094852842
196.2,26.1799,5.0150619e-05,0.094531549
196.3,26.1799,5.0229313e-05,0.094679884
196.4,26.1799,5.0479723e-05,0.095151896
196.5,26.1799,5.0396028e-05,0.094994135
196.6,26.1799,5.0498379e-05,0.095187061
196.7,26.1799,5.0474699e-05,0.095142425
196.8,26.1799,5.0484643e-05,0.095161169
196.9,26.1799,5.0524192e-05,0.095235717
197,26.1799,5.0502035e-05,0.095193953
197.1,26.1799,5.0533388e-05,0.09525305
197.2,26.1799,5.0540084e-05,0.095265672
197.3,26.1799,5.0531215e-05,0.095248955
197.4,26.1799,5.0565678e-05,0.095313917
197.5,26.1799,5.0548664e-05,0.095281845
197.6,26.1799,5.0568264e-05,0.09531879
197.7,26.1799,5.0563012e-05,0.09530889
197.8,26.1799,5.055144e-05,0.095287078
197.9,26.1799,5.0581255e-05,0.095343279
198,13.08995,-2.373756e-05,0.02237209
198.1,0,-1.6760519e-05,0
198.2,0,-1.0495945e-05,0
198.3,0,-7.3547502e-06,0
198.4,0,-5.540867e-06,0
198.5,0,-4.2617232e-06,0
198.6,0,-3.2848769e-06,0
198.7,0,-2.5281294e-06,0
198.8,0,-1.9426441e-06,0
198.9,0,-1.4912181e-06,0
199,0,-1.1439432e-06,0
199.1,0,-8.7724861e-07,0
199.2,0,-6.7257502e-07,0
199.3,0,-5.156118e-07,0
199.4,0,-3.9527303e-07,0
199.5,0,-3.0301e-07,0
199.6,0,-2.3228326e-07,0
199.7,0,-1.7806873e-07,0
199.8,0,-1.3650938e-07,0
199.9,0,-1.04654e-07,0
200,13.08995,7.2818181e-05,0.068629417
200.1,26.1799,4.6676213e-05,0.087982458
200.2,26.1799,3.563295e-05,0.067166428
200.3,26.1799,3.1789565e-05,0.059921829
200.4,26.1799,3.0746402e-05,0.057955516
200.5,26.1799,3.0793337e-05,0.058043988
200.6,26.1799,3.650939e-05,0.068818476
200.7,26.1799,4.857156e-05,0.091555097
200.8,26.1799,5.3524711e-05,0.10089155
200.9,26.1799,5.0778941e-05,0.095715907
201,26.1799,5.1445146e-05,0.096971671
201.1,26.1799,5.106435e-05,0.09625389
201.2,26.1799,5.1014409e-05,0.096159754
201.3,26.1799,5.1190917e-05,0.096492463
201.4,26.1799,5.1161986e-05,0.096437928
201.5,26.1799,5.115605e-05,0.09642674
201.6,26.1799,5.1134145e-05,0.096385451
201.7,26.1799,5.1134314e-05,0.096385768
201.8,26.1799,5.1081289e-05,0.096285818
201.9,26.1799,5.1038781e-05,0.096205693
202,26.1799,5.0883528e-05,0.095913048
202.1,26.1799,5.080574e-05,0.095766422
202.2,26.1799,5.0756285e-05,0.095673202
202.3,26.1799,5.0916743e-05,0.095975656
202.4,26.1799,5.0885701e-05,0.095917144
202.5,26.1799,5.0932335e-05,0.096005047
202.6,26.1799,5.0924178e-05,0.095989673
202.7,26.1799,5.0927832e-05,0.095996559
202.8,26.1799,5.0907658e-05,0.095958532
202.9,26.1799,5.0933834e-05,0.096007872
203,26.1799,5.0910921e-05,0.095964684
203.1,26.1799,5.0878514e-05,0.095903597
203.2,26.1799,5.0893066e-05,0.095931027
203.3,26.1799,5.0850325e-05,0.095850462
203.4,26.1799,5.081555e-05,0.095784913
203.5,26.1799,5.0785658e-05,0.095728568
203.6,26.1799,5.0656205e-05,0.095484556
203.7,26.1799,5.0441407e-05,0.095079671
203.8,26.1799,5.0497768e-05,0.095185909
203.9,26.1799,5.0517326e-05,0.095222776
204,26.1799,5.0678085e-05,0.095525799
204.1,26.1799,5.0553177e-05,0.095290352
204.2,26.1799,5.0420598e-05,0.095040447
204.3,26.1799,5.0398405e-05,0.094998614
204.4,26.1799,5.0898938e-05,0.095942096
204.5,26.1799,5.0779846e-05,0.095717612
204.6,26.1799,5.0828269e-05,0.095808888
204.7,26.1799,5.0806298e-05,0.095767473
204.8,26.1799,5.0829994e-05,0.09581214
204.9,26.1799,5.0810376e-05,0.09577516
205,26.1799,5.0795837e-05,0.095747755
205.1,26.1799,5.0778017e-05,0.095714166
205.2,26.1799,5.0774753e-05,0.095708012
205.3,26.1799,5.0728074e-05,0.095620025
205.4,26.1799,5.069455e-05,0.095556834
205.5,26.1799,5.057182e-05,0.095325494
205.6,26.1799,5.0383879e-05,0.094971234
205.7,26.1799,5.0403819e-05,0.09500882
205.8,26.1799,5.0198782e-05,0.094622334
205.9,26.1799,5.050255e-05,0.095194924
206,26.1799,5.0345963e-05,0.094899763
206.1,26.1799,5.0256012e-05,0.094730211
206.2,26.1799,5.0142594e-05,0.094516423
206.3,26.1799,5.0260616e-05,0.094738889
206.4,26.1799,5.0446244e-05,0.095088789
206.5,26.1799,5.0394715e-05,0.094991659
206.6,26.1799,5.0485973e-05,0.095163676
206.7,26.1799,5.0467427e-05,0.095128719
206.8,26.1799,5.048005e-05,0.095152511
206.9,26.1799,5.0526482e-05,0.095240033
207,26.1799,5.0516568e-05,0.095221346
207.1,26.1799,5.0517954e-05,0.095223959
207.2,26.1799,5.0551381e-05,0.095286967
207.3,26.1799,5.053625e-05,0.095258445
207.4,26.1799,5.0571801e-05,0.095325457
207.5,26.1799,5.0545057e-05,0.095275046
207.6,26.1799,5.0575342e-05,0.095332133
207.7,26.1799,5.055873e-05,0.095300821
207.8,26.1799,5.0572461e-05,0.095326702
207.9,26.1799,5.0565643e-05,0.095313851
208,13.08995,-2.3718971e-05,0.02235457
208.1,0,-1.6758217e-05,0
208.2,0,-1.0491923e-05,0
208.3,0,-7.3530382e-06,0
208.4,0,-5.5394717e-06,0
208.5,0,-4.2605439e-06,0
208.6,0,-3.2839948e-06,0
208.7,0,-2.5273794e-06,0
208.8,0,-1.9421194e-06,0
208.9,0,-1.4907655e-06,0
209,0,-1.143569e-06,0
209.1,0,-8.7695474e-07,0
209.2,0,-6.7235655e-07,0
209.3,0,-5.1543488e-07,0
209.4,0,-3.9513112e-07,0
209.5,0,-3.029026e-07,0
209.6,0,-2.3220831e-07,0
209.7,0,-1.7801246e-07,0
209.8,0,-1.3646605e-07,0
209.9,0,-1.0461992e-07,0
210,13.08995,7.2810216e-05,0.06862191
210.1,26.1799,4.6715258e-05,0.088056057
210.2,26.1799,3.560543e-05,0.067114555
210.3,26.1799,3.1800051e-05,0.059941595
210.4,26.1799,3.0804274e-05,0.058064603
210.5,26.1799,3.0753567e-05,0.057969022
210.6,26.1799,3.6503808e-05,0.068807956
210.7,26.1799,4.8754312e-05,0.091899577
210.8,26.1799,5.3450828e-05,0.10075229
210.9,26.1799,5.0816782e-05,0.095787236
211,26.1799,5.144216e-05,0.096966044
211.1,26.1799,5.1022245e-05,0.096174524
211.2,26.1799,5.102931e-05,0.096187842
211.3,26.1799,5.1215993e-05,0.096539729
211.4,26.1799,5.115405e-05,0.096422969
211.5,26.1799,5.1136569e-05,0.096390019
211.6,26.1799,5.113481e-05,0.096386703
211.7,26.1799,5.1129941e-05,0.096377526
211.8,26.1799,5.1077689e-05,0.096279034
211.9,26.1799,5.1037956e-05,0.096204137
212,26.1799,5.0870442e-05,0.095888382
212.1,26.1799,5.0803222e-05,0.095761676
212.2,26.1799,5.0752031e-05,0.095665183
212.3,26.1799,5.0900493e-05,0.095945027
212.4,26.1799,5.0905504e-05,0.095954473
212.5,26.1799,5.0908922e-05,0.095960915
212.6,26.1799,5.0933899e-05,0.096007995
212.7,26.1799,5.0903096e-05,0.095949934
212.8,26.1799,5.0899767e-05,0.095943659
212.9,26.1799,5.0917693e-05,0.095977448
213,26.1799,5.0881731e-05,0.095909661
213.1,26.1799,5.08654e-05,0.095878878
213.2,26.1799,5.0872131e-05,0.095891566
213.3,26.1799,5.081281e-05,0.095779748
213.4,26.1799,5.0773567e-05,0.095705777
213.5,26.1799,5.0628119e-05,0.095431615
213.6,26.1799,5.0444142e-05,0.095084828
213.7,26.1799,5.0445009e-05,0.095086461
213.8,26.1799,5.076897e-05,0.095697113
213.9,26.1799,5.0651975e-05,0.095476582
214,26.1799,5.0560892e-05,0.095304895
214.1,26.1799,5.0464923e-05,0.095123999
214.2,26.1799,5.0363571e-05,0.094932955
214.3,26.1799,5.0917239e-05,0.095976593
214.4,26.1799,5.0780589e-05,0.095719013
214.5,26.1799,5.0868523e-05,0.095884765
214.6,26.1799,5.084115e-05,0.095833168
214.7,26.1799,5.0861886e-05,0.095872254
214.8,26.1799,5.0843345e-05,0.095837305
214.9,26.1799,5.0859671e-05,0.09586808
215,26.1799,5.0826215e-05,0.095805017
215.1,26.1799,5.0852446e-05,0.095854461
215.2,26.1799,5.0817454e-05,0.095788501
215.3,26.1799,5.0826343e-05,0.095805257
215.4,26.1799,5.0806609e-05,0.09576806
215.5,26.1799,5.0812249e-05,0.09577869
215.6,26.1799,5.0778013e-05,0.095714157
215.7,26.1799,5.0783835e-05,0.095725131
215.8,26.1799,5.073297e-05,0.095629253
215.9,26.1799,5.0716887e-05,0.095598938
216,26.1799,5.061662e-05,0.095409939
216.1,26.1799,5.05155e-05,0.095219333
216.2,26.1799,5.0329175e-05,0.094868119
216.3,26.1799,5.034512e-05,0.094898175
216.4,26.1799,5.0542676e-05,0.095270559
216.5,26.1799,5.053979e-05,0.095265118
216.6,26.1799,5.0552683e-05,0.095289422
216.7,26.1799,5.0554428e-05,0.09529271
216.8,26.1799,5.0580936e-05,0.095342677
216.9,26.1799,5.0557673e-05,0.095298827
217,26.1799,5.0554914e-05,0.095293628
217.1,26.1799,5.0565779e-05,0.095314106
217.2,26.1799,5.0520858e-05,0.095229433
217.3,26.1799,5.0479313e-05,0.095151122
217.4,26.1799,5.0419524e-05,0.095038423
217.5,26.1799,5.019708e-05,0.094619126
217.6,26.1799,4.9913546e-05,0.094084678
217.7,26.1799,4.9782973e-05,0.093838554
217.8,26.1799,5.0158747e-05,0.09454687
217.9,26.1799,5.0340163e-05,0.094888832
218,13.08995,-2.3879084e-05,0.022505473
218.1,0,-1.6737847e-05,0
218.2,0,-1.0510705e-05,0
218.3,0,-7.3525136e-06,0
218.4,0,-5.5382973e-06,0
218.5,0,-4.2615859e-06,0
218.6,0,-3.2861786e-06,0
218.7,0,-2.5298435e-06,0
218.8,0,-1.9443817e-06,0
218.9,0,-1.4926796e-06,0
219,0,-1.1451002e-06,0
219.1,0,-8.7817069e-07,0
219.2,0,-6.7330621e-07,0
219.3,0,-5.1616423e-07,0
219.4,0,-3.9569113e-07,0
219.5,0,-3.033353e-07,0
219.6,0,-2.3254097e-07,0
219.7,0,-1.7826786e-07,0
219.8,0,-1.3666239e-07,0
219.9,0,-1.0477136e-07,0
220,13.08995,7.2814409e-05,0.068625862
220.1,26.1799,4.6704433e-05,0.088035652
220.2,26.1799,3.560478e-05,0.06711333
220.3,26.1799,3.1800609e-05,0.059942646
220.4,26.1799,3.0801261e-05,0.058058923
220.5,26.1799,3.0736958e-05,0.057937714
220.6,26.1799,3.647912e-05,0.06876142
220.7,26.1799,4.8696037e-05,0.091789731
220.8,26.1799,5.3485293e-05,0.10081725
220.9,26.1799,5.0789862e-05,0.095736492
221,26.1799,5.1434288e-05,0.096951205
221.1,26.1799,5.1060059e-05,0.0962458
221.2,26.1799,5.102288e-05,0.096175721
221.3,26.1799,5.11956e-05,0.09650129
221.4,26.1799,5.1175504e-05,0.09646341
221.5,26.1799,5.1158408e-05,0.096431184
221.6,26.1799,5.1139756e-05,0.096396026
221.7,26.1799,5.1131939e-05,0.096381292
221.8,26.1799,5.1075381e-05,0.096274682
221.9,26.1799,5.1041384e-05,0.096210599
222,26.1799,5.0872608e-05,0.095892465
222.1,26.1799,5.0807138e-05,0.095769057
222.2,26.1799,5.0757783e-05,0.095676025
222.3,26.1799,5.0903386e-05,0.09595048
222.4,26.1799,5.0910201e-05,0.095963326
222.5,26.1799,5.0915894e-05,0.095974057
222.6,26.1799,5.0921788e-05,0.095985166
222.7,26.1799,5.0922293e-05,0.095986119
222.8,26.1799,5.090864e-05,0.095960383
222.9,26.1799,5.089538e-05,0.095935388
223,26.1799,5.0910637e-05,0.095964147
223.1,26.1799,5.0887555e-05,0.095920639
223.2,26.1799,5.088622e-05,0.095918122
223.3,26.1799,5.0857493e-05,0.095863974
223.4,26.1799,5.0850625e-05,0.095851028
223.5,26.1799,5.0802559e-05,0.095760425
223.6,26.1799,5.0769149e-05,0.09569745
223.7,26.1799,5.06525e-05,0.095477572
223.8,26.1799,5.0458881e-05,0.095112608
223.9,26.1799,5.0252125e-05,0.094722883
224,26.1799,4.9941979e-05,0.094138274
224.1,26.1799,5.0547639e-05,0.095279915
224.2,26.1799,5.0627542e-05,0.095430527
224.3,26.1799,5.0706467e-05,0.095579297
224.4,26.1799,5.0734455e-05,0.095632053
224.5,26.1799,5.0675881e-05,0.095521644
224.6,26.1799,5.0545678e-05,0.095276218
224.7,26.1799,5.0463654e-05,0.095121606
224.8,26.1799,5.0334591e-05,0.094878328
224.9,26.1799,5.0666798e-05,0.095504522
225,26.1799,5.0633294e-05,0.09544137
225.1,26.1799,5.065023e-05,0.095473293
225.2,26.1799,5.0657187e-05,0.095486406
225.3,26.1799,5.0657149e-05,0.095486335
225.4,26.1799,5.0656077e-05,0.095484315
225.5,26.1799,5.0636891e-05,0.095448149
225.6,26.1799,5.0657772e-05,0.095487509
225.7,26.1799,5.0627985e-05,0.095431362
225.8,26.1799,5.0624109e-05,0.095424056
225.9,26.1799,5.0563954e-05,0.095310666
226,26.1799,5.050675e-05,0.09520284
226.1,26.1799,5.0358924e-05,0.094924194
226.2,26.1799,5.0182301e-05,0.094591268
226.3,26.1799,5.0259209e-05,0.094736237
226.4,26.1799,5.0486656e-05,0.095164964
226.5,26.1799,5.0454975e-05,0.095105246
226.6,26.1799,5.048738e-05,0.095166328
226.7,26.1799,5.0482491e-05,0.095157113
226.8,26.1799,5.0520111e-05,0.095228024
226.9,26.1799,5.052663e-05,0.095240312
227,26.1799,5.0508637e-05,0.095206397
227.1,26.1799,5.051559e-05,0.095219502
227.2,26.1799,5.0539521e-05,0.095264612
227.3,26.1799,5.0498062e-05,0.095186463
227.4,26.1799,5.0483544e-05,0.095159098
227.5,26.1799,5.0364579e-05,0.094934854
227.6,26.1799,5.0187389e-05,0.09460086
227.7,26.1799,5.0232222e-05,0.094685368
227.8,26.1799,5.0361468e-05,0.09492899
227.9,26.1799,5.0478385e-05,0.095149374
228,13.08995,-2.3730573e-05,0.022365505
228.1,0,-1.6679243e-05,0
228.2,0,-1.0490634e-05,0
228.3,0,-7.3308298e-06,0
228.4,0,-5.5206719e-06,0
228.5,0,-4.2478965e-06,0
228.6,0,-3.2753348e-06,0
228.7,0,-2.5213225e-06,0
228.8,0,-1.9376245e-06,0
228.9,0,-1.4874288e-06,0
229,0,-1.1410765e-06,0
229.1,0,-8.7503382e-07,0
229.2,0,-6.7086786e-07,0
229.3,0,-5.14298e-07,0
229.4,0,-3.9426783e-07,0
229.5,0,-3.0224421e-07,0
229.6,0,-2.3169324e-07,0
229.7,0,-1.7761911e-07,0
229.8,0,-1.361665e-07,0
229.9,0,-1.0439063e-07,0
230,13.08995,7.2820321e-05,0.068631434
230.1,26.1799,4.667811e-05,0.087986034
230.2,26.1799,3.5626859e-05,0.067154947
230.3,26.1799,3.1809203e-05,0.059958846
230.4,26.1799,3.0763858e-05,0.05798842
230.5,26.1799,3.0755517e-05,0.057972699
230.6,26.1799,3.6539047e-05,0.068874379
230.7,26.1799,4.8649829e-05,0.091702632
230.8,26.1799,5.3501275e-05,0.10084738
230.9,26.1799,5.0789699e-05,0.095736185
231,26.1799,5.1446743e-05,0.096974683
231.1,26.1799,5.1038649e-05,0.096205444
231.2,26.1799,5.1039169e-05,0.096206425
231.3,26.1799,5.1196371e-05,0.096502743
231.4,26.1799,5.1140602e-05,0.096397621
231.5,26.1799,5.1148062e-05,0.096411683
231.6,26.1799,5.1149583e-05,0.096414551
231.7,26.1799,5.110773e-05,0.096335658
231.8,26.1799,5.1094875e-05,0.096311428
231.9,26.1799,5.1036548e-05,0.096201484
232,26.1799,5.0848586e-05,0.095847184
232.1,26.1799,5.0808436e-05,0.095771503
232.2,26.1799,5.0747318e-05,0.095656299
232.3,26.1799,5.0898903e-05,0.09594203
232.4,26.1799,5.0903135e-05,0.095950007
232.5,26.1799,5.091446e-05,0.095971353
232.6,26.1799,5.0936259e-05,0.096012443
232.7,26.1799,5.0905541e-05,0.095954542
232.8,26.1799,5.0903989e-05,0.095951616
232.9,26.1799,5.092575e-05,0.095992635
233,26.1799,5.0882869e-05,0.095911806
233.1,26.1799,5.0877883e-05,0.095902408
233.2,26.1799,5.0887246e-05,0.095920057
233.3,26.1799,5.0841459e-05,0.09583375
233.4,26.1799,5.0817658e-05,0.095788887
233.5,26.1799,5.0785053e-05,0.095727428
233.6,26.1799,5.0669019e-05,0.09550871
233.7,26.1799,5.0507734e-05,0.095204695
233.8,26.1799,5.0444483e-05,0.09508547
233.9,26.1799,5.0229892e-05,0.094680975
234,26.1799,5.0656425e-05,0.095484969
234.1,26.1799,5.040002e-05,0.095001659
234.2,26.1799,5.0481595e-05,0.095155423
234.3,26.1799,5.0575289e-05,0.095332033
234.4,26.1799,5.0753565e-05,0.095668074
234.5,26.1799,5.0822172e-05,0.095797395
234.6,26.1799,5.080502e-05,0.095765065
234.7,26.1799,5.0823295e-05,0.095799512
234.8,26.1799,5.0813099e-05,0.095780293
234.9,26.1799,5.0802287e-05,0.095759912
235,26.1799,5.0777593e-05,0.095713365
235.1,26.1799,5.0793453e-05,0.095743261
235.2,26.1799,5.0738959e-05,0.095640542
235.3,26.1799,5.0724444e-05,0.095613183
235.4,26.1799,5.0623394e-05,0.095422709
235.5,26.1799,5.048838e-05,0.095168213
235.6,26.1799,5.0346504e-05,0.094900784
235.7,26.1799,5.0286677e-05,0.094788013
235.8,26.1799,5.0525729e-05,0.095238614
235.9,26.1799,5.0476262e-05,0.095145372
236,26.1799,5.0387524e-05,0.094978105
236.1,26.1799,5.0287509e-05,0.09478958
236.2,26.1799,5.0099809e-05,0.094435775
236.3,26.1799,5.0177353e-05,0.094581943
236.4,26.1799,5.044248e-05,0.095081693
236.5,26.1799,5.0358578e-05,0.094923543
236.6,26.1799,5.0454178e-05,0.095103744
236.7,26.1799,5.0436615e-05,0.095070639
236.8,26.1799,5.0440877e-05,0.095078672
236.9,26.1799,5.0475509e-05,0.095143952
237,26.1799,5.0441414e-05,0.095079684
237.1,26.1799,5.0439771e-05,0.095076587
237.2,26.1799,5.0426694e-05,0.095051938
237.3,26.1799,5.0322741e-05,0.094855992
237.4,26.1799,5.0162782e-05,0.094554477
237.5,26.1799,5.0200334e-05,0.09462526
237.6,26.1799,5.0119284e-05,0.094472484
237.7,26.1799,5.0478955e-05,0.095150447
237.8,26.1799,5.0447858e-05,0.09509183
237.9,26.1799,5.0523862e-05,0.095235096
238,13.08995,-2.3745762e-05,0.02237982
238.1,0,-1.6643842e-05,0
238.2,0,-1.0472493e-05,0
238.3,0,-7.3229692e-06,0
238.4,0,-5.5146953e-06,0
238.5,0,-4.2433898e-06,0
238.6,0,-3.2720899e-06,0
238.7,0,-2.5188086e-06,0
238.8,0,-1.935642e-06,0
238.9,0,-1.4858633e-06,0
239,0,-1.1398521e-06,0
239.1,0,-8.7412668e-07,0
239.2,0,-6.7019188e-07,0
239.3,0,-5.137729e-07,0
239.4,0,-3.9385485e-07,0
239.5,0,-3.0192377e-07,0
239.6,0,-2.314578e-07,0
239.7,0,-1.7743674e-07,0
239.8,0,-1.3602425e-07,0
239.9,0,-1.0428092e-07,0
240,13.08995,7.2814251e-05,0.068625713
240.1,26.1799,4.6704923e-05,0.088036575
240.2,26.1799,3.5605621e-05,0.067114914
240.3,26.1799,3.1801159e-05,0.059943683
240.4,26.1799,3.0799336e-05,0.058055294
240.5,26.1799,3.0740352e-05,0.057944112
240.6,26.1799,3.646538e-05,0.06873552
240.7,26.1799,4.8687653e-05,0.091773929
240.8,26.1799,5.3482738e-05,0.10081244
240.9,26.1799,5.0814203e-05,0.095782374
241,26.1799,5.1440355e-05,0.096962641
241.1,26.1799,5.1028436e-05,0.096186194
241.2,26.1799,5.1034243e-05,0.096197139
241.3,26.1799,5.1204635e-05,0.096518319
241.4,26.1799,5.1145621e-05,0.096407082
241.5,26.1799,5.1158074e-05,0.096430555
241.6,26.1799,5.1141845e-05,0.096399964
241.7,26.1799,5.1113659e-05,0.096346835
241.8,26.1799,5.1103229e-05,0.096327174
241.9,26.1799,5.1019929e-05,0.096170159
242,26.1799,5.0870105e-05,0.095887747
242.1,26.1799,5.0823833e-05,0.095800525
242.2,26.1799,5.0728158e-05,0.095620184
242.3,26.1799,5.0923179e-05,0.09598779
242.4,26.1799,5.0886219e-05,0.095918121
242.5,26.1799,5.0935892e-05,0.096011753
242.6,26.1799,5.0919144e-05,0.095980183
242.7,26.1799,5.092337e-05,0.095988148
242.8,26.1799,5.0910442e-05,0.095963781
242.9,26.1799,5.0895647e-05,0.095935893
243,26.1799,5.09108e-05,0.095964455
243.1,26.1799,5.0880533e-05,0.095907403
243.2,26.1799,5.0878055e-05,0.095902732
243.3,26.1799,5.0844305e-05,0.095839114
243.4,26.1799,5.0820383e-05,0.095794023
243.5,26.1799,5.075309e-05,0.095667178
243.6,26.1799,5.0628962e-05,0.095433203
243.7,26.1799,5.042532e-05,0.095049348
243.8,26.1799,5.0427579e-05,0.095053607
243.9,26.1799,5.0657421e-05,0.095486848
244,26.1799,5.053128e-05,0.095249078
244.1,26.1799,5.0430394e-05,0.095058912
244.2,26.1799,5.0421475e-05,0.095042101
244.3,26.1799,5.0921377e-05,0.095984393
244.4,26.1799,5.0749416e-05,0.095660255
244.5,26.1799,5.0850149e-05,0.095850131
244.6,26.1799,5.0820422e-05,0.095794096
244.7,26.1799,5.0825531e-05,0.095803728
244.8,26.1799,5.0838177e-05,0.095827565
244.9,26.1799,5.082197e-05,0.095797015
245,26.1799,5.0815056e-05,0.095783983
245.1,26.1799,5.0804052e-05,0.095763241
245.2,26.1799,5.0787709e-05,0.095732434
245.3,26.1799,5.07549e-05,0.09567059
245.4,26.1799,5.076596e-05,0.095691438
245.5,26.1799,5.0711314e-05,0.095588433
245.6,26.1799,5.0685138e-05,0.095539092
245.7,26.1799,5.0568544e-05,0.095319319
245.8,26.1799,5.0384747e-05,0.094972869
245.9,26.1799,5.0305565e-05,0.094823616
246,26.1799,5.0073717e-05,0.094386593
246.1,26.1799,5.0313179e-05,0.094837967
246.2,26.1799,5.00518e-05,0.094345281
246.3,26.1799,5.0136706e-05,0.094505324
246.4,26.1799,5.0402641e-05,0.095006599
246.5,26.1799,5.0339788e-05,0.094888125
246.6,26.1799,5.0401269e-05,0.095004013
246.7,26.1799,5.0428035e-05,0.095054465
246.8,26.1799,5.0406335e-05,0.095013563
246.9,26.1799,5.0401244e-05,0.095003965
247,26.1799,5.0407672e-05,0.095016083
247.1,26.1799,5.0310865e-05,0.094833606
247.2,26.1799,5.0130384e-05,0.094493407
247.3,26.1799,5.0205624e-05,0.094635232
247.4,26.1799,5.0088455e-05,0.094414373
247.5,26.1799,5.0438307e-05,0.095073827
247.6,26.1799,5.0462577e-05,0.095119575
247.7,26.1799,5.0492146e-05,0.095175312
247.8,26.1799,5.0510709e-05,0.095210302
247.9,26.1799,5.0543669e-05,0.09527243
248,13.08995,-2.3717033e-05,0.022352744
248.1,0,-1.6630944e-05,0
248.2,0,-1.0465607e-05,0
248.3,0,-7.3177716e-06,0
248.4,0,-5.5107169e-06,0
248.5,0,-4.2403362e-06,0
248.6,0,-3.2696994e-06,0
248.7,0,-2.516907e-06,0
248.8,0,-1.9341527e-06,0
248.9,0,-1.4847417e-06,0
249,0,-1.1389849e-06,0
249.1,0,-8.7344328e-07,0
249.2,0,-6.6965419e-07,0
249.3,0,-5.1335653e-07,0
249.4,0,-3.9353598e-07,0
249.5,0,-3.0167787e-07,0
249.6,0,-2.3126816e-07,0
249.7,0,-1.7729065e-07,0
249.8,0,-1.3591159e-07,0
249.9,0,-1.0419416e-07,0
250,13.08995,7.2812782e-05,0.068624329
250.1,26.1799,4.6711866e-05,0.088049663
250.2,26.1799,3.5606176e-05,0.067115962
250.3,26.1799,3.1794777e-05,0.059931654
250.4,26.1799,3.0801783e-05,0.058059907
250.5,26.1799,3.0790003e-05,0.058037702
250.6,26.1799,3.6458143e-05,0.068721879
250.7,26.1799,4.8689309e-05,0.09177705
250.8,26.1799,5.3483643e-05,0.10081414
250.9,26.1799,5.0791799e-05,0.095740144
251,26.1799,5.1468999e-05,0.097016634
251.1,26.1799,5.1037937e-05,0.096204103
251.2,26.1799,5.1037393e-05,0.096203076
251.3,26.1799,5.1200887e-05,0.096511256
251.4,26.1799,5.1149009e-05,0.096413467
251.5,26.1799,5.117008e-05,0.096453186
251.6,26.1799,5.113027e-05,0.096378146
251.7,26.1799,5.113335e-05,0.096383951
251.8,26.1799,5.1089961e-05,0.096302166
251.9,26.1799,5.1029412e-05,0.096188032
252,26.1799,5.089014e-05,0.095925513
252.1,26.1799,5.0800862e-05,0.095757227
252.2,26.1799,5.0724298e-05,0.095612907
252.3,26.1799,5.0926564e-05,0.09599417
252.4,26.1799,5.0889108e-05,0.095923567
252.5,26.1799,5.0927023e-05,0.095995035
252.6,26.1799,5.0928247e-05,0.095997341
252.7,26.1799,5.0900196e-05,0.095944468
252.8,26.1799,5.0928467e-05,0.095997757
252.9,26.1799,5.0902926e-05,0.095949613
253,26.1799,5.0884733e-05,0.095915321
253.1,26.1799,5.0898938e-05,0.095942095
253.2,26.1799,5.0868509e-05,0.095884739
253.3,26.1799,5.0873561e-05,0.095894262
253.4,26.1799,5.0823336e-05,0.09579959
253.5,26.1799,5.0790733e-05,0.095738134
253.6,26.1799,5.0735513e-05,0.095634047
253.7,26.1799,5.0575592e-05,0.095332603
253.8,26.1799,5.038688e-05,0.09497689
253.9,26.1799,5.0339617e-05,0.094887803
254,26.1799,5.0614449e-05,0.095405848
254.1,26.1799,5.035624e-05,0.094919135
254.2,26.1799,5.040288e-05,0.09500705
254.3,26.1799,5.0902466e-05,0.095948746
254.4,26.1799,5.0745552e-05,0.09565297
254.5,26.1799,5.0839831e-05,0.095830682
254.6,26.1799,5.079913e-05,0.095753963
254.7,26.1799,5.0825413e-05,0.095803505
254.8,26.1799,5.0794604e-05,0.095745431
254.9,26.1799,5.0804279e-05,0.095763668
255,26.1799,5.0753608e-05,0.095668155
255.1,26.1799,5.0716556e-05,0.095598314
255.2,26.1799,5.0641607e-05,0.095457039
255.3,26.1799,5.0437669e-05,0.095072625
255.4,26.1799,5.0459144e-05,0.095113105
255.5,26.1799,5.0234369e-05,0.094689415
255.6,26.1799,5.0594133e-05,0.095367553
255.7,26.1799,5.0553537e-05,0.095291031
255.8,26.1799,5.0534851e-05,0.095255808
255.9,26.1799,5.0511954e-05,0.095212649
256,26.1799,5.0462963e-05,0.095120304
256.1,26.1799,5.0334816e-05,0.094878752
256.2,26.1799,5.0145103e-05,0.094521152
256.3,26.1799,5.0203793e-05,0.09463178
256.4,26.1799,5.0437559e-05,0.095072417
256.5,26.1799,5.0415821e-05,0.095031443
256.6,26.1799,5.0446277e-05,0.09508885
256.7,26.1799,5.0467474e-05,0.095128806
256.8,26.1799,5.0475743e-05,0.095144393
256.9,26.1799,5.04736e-05,0.095140354
257,26.1799,5.0510515e-05,0.095209936
257.1,26.1799,5.048944e-05,0.09517021
257.2,26.1799,5.0491782e-05,0.095174626
257.3,26.1799,5.0509283e-05,0.095207615
257.4,26.1799,5.0469912e-05,0.095133403
257.5,26.1799,5.0415521e-05,0.095030878
257.6,26.1799,5.0339788e-05,0.094888124
257.7,26.1799,5.0131982e-05,0.09449642
257.8,26.1799,5.0184232e-05,0.094594908
257.9,26.1799,5.0426861e-05,0.095052253
258,13.08995,-2.3815216e-05,0.022445279
258.1,0,-1.6693164e-05,0
258.2,0,-1.0492469e-05,0
258.3,0,-7.3365214e-06,0
258.4,0,-5.5253447e-06,0
258.5,0,-4.2516655e-06,0
258.6,0,-3.2784382e-06,0
258.7,0,-2.5238253e-06,0
258.8,0,-1.93958e-06,0
258.9,0,-1.4889547e-06,0
259,0,-1.1422414e-06,0
259.1,0,-8.7592879e-07,0
259.2,0,-6.715709e-07,0
259.3,0,-5.1483763e-07,0
259.4,0,-3.9468276e-07,0
259.5,0,-3.025604e-07,0
259.6,0,-2.3193533e-07,0
259.7,0,-1.7780178e-07,0
259.8,0,-1.3630715e-07,0
259.9,0,-1.0450184e-07,0
260,13.08995,7.2820523e-05,0.068631625
260.1,26.1799,4.6678047e-05,0.087985915
260.2,26.1799,3.5626966e-05,0.06715515
260.3,26.1799,3.1800855e-05,0.059943111
260.4,26.1799,3.0760336e-05,0.057981782
260.5,26.1799,3.075687e-05,0.057975248
260.6,26.1799,3.6505321e-05,0.068810808
260.7,26.1799,4.8673899e-05,0.091748003
260.8,26.1799,5.3478757e-05,0.10080493
260.9,26.1799,5.0783236e-05,0.095724002
261,26.1799,5.1437442e-05,0.09695715
261.1,26.1799,5.1025764e-05,0.096181157
261.2,26.1799,5.1018427e-05,0.096167326
261.3,26.1799,5.1220376e-05,0.09654799
261.4,26.1799,5.1143867e-05,0.096403776
261.5,26.1799,5.1135157e-05,0.096387358
261.6,26.1799,5.1142504e-05,0.096401207
261.7,26.1799,5.1124305e-05,0.096366901
261.8,26.1799,5.107857e-05,0.096280694
261.9,26.1799,5.1037008e-05,0.096202352
262,26.1799,5.0870437e-05,0.095888372
262.1,26.1799,5.0803221e-05,0.095761674
262.2,26.1799,5.0750976e-05,0.095663195
262.3,26.1799,5.0908918e-05,0.095960908
262.4,26.1799,5.0888287e-05,0.095922018
262.5,26.1799,5.0927261e-05,0.095995483
262.6,26.1799,5.0912984e-05,0.095968572
262.7,26.1799,5.0916737e-05,0.095975646
262.8,26.1799,5.090906e-05,0.095961174
262.9,26.1799,5.0916842e-05,0.095975843
263,26.1799,5.0897404e-05,0.095939205
263.1,26.1799,5.0883562e-05,0.095913113
263.2,26.1799,5.0884195e-05,0.095914306
263.3,26.1799,5.0850891e-05,0.09585153
263.4,26.1799,5.0851549e-05,0.095852769
263.5,26.1799,5.078725e-05,0.095731569
263.6,26.1799,5.0737455e-05,0.095637708
263.7,26.1799,5.0617437e-05,0.095411479
263.8,26.1799,5.0375311e-05,0.094955084
263.9,26.1799,5.0416654e-05,0.095033013
264,26.1799,5.0539891e-05,0.095265308
264.1,26.1799,5.0400646e-05,0.095002839
264.2,26.1799,5.0495097e-05,0.095180875
264.3,26.1799,5.0309486e-05,0.094831007
264.4,26.1799,5.0781984e-05,0.095721642
264.5,26.1799,5.0759127e-05,0.095678559
264.6,26.1799,5.0803943e-05,0.095763035
264.7,26.1799,5.0767205e-05,0.095693785
264.8,26.1799,5.0777136e-05,0.095712505
264.9,26.1799,5.0708654e-05,0.09558342
265,26.1799,5.0630179e-05,0.095435497
265.1,26.1799,5.0420043e-05,0.095039401
265.2,26.1799,5.045612e-05,0.095107405
265.3,26.1799,5.0279997e-05,0.09477542
265.4,26.1799,5.0620149e-05,0.095416592
265.5,26.1799,5.0552206e-05,0.095288523
265.6,26.1799,5.0600205e-05,0.095378998
265.7,26.1799,5.0564094e-05,0.09531093
265.8,26.1799,5.0572518e-05,0.09532681
265.9,26.1799,5.0512632e-05,0.095213927
266,26.1799,5.0455664e-05,0.095106545
266.1,26.1799,5.0318259e-05,0.094847544
266.2,26.1799,5.0126436e-05,0.094485966
266.3,26.1799,5.0196998e-05,0.094618972
266.4,26.1799,5.0435392e-05,0.095068333
266.5,26.1799,5.0384105e-05,0.09497166
266.6,26.1799,5.0425185e-05,0.095049093
266.7,26.1799,5.0442641e-05,0.095081998
266.8,26.1799,5.0423535e-05,0.095045983
266.9,26.1799,5.039991e-05,0.095001451
267,26.1799,5.0350889e-05,0.094909049
267.1,26.1799,5.0162772e-05,0.094554457
267.2,26.1799,5.0194717e-05,0.094614673
267.3,26.1799,5.000171e-05,0.094250864
267.4,26.1799,5.0506018e-05,0.095201459
267.5,26.1799,5.0428969e-05,0.095056226
267.6,26.1799,5.0524733e-05,0.095236737
267.7,26.1799,5.0513715e-05,0.095215969
267.8,26.1799,5.0534e-05,0.095254204
267.9,26.1799,5.0566294e-05,0.095315077
268,13.08995,-2.3699089e-05,0.022335832
268.1,0,-1.6630417e-05,0
268.2,0,-1.0466277e-05,0
268.3,0,-7.3168957e-06,0
268.4,0,-5.5097528e-06,0
268.5,0,-4.2395494e-06,0
268.6,0,-3.2688755e-06,0
268.7,0,-2.5162249e-06,0
268.8,0,-1.9336282e-06,0
268.9,0,-1.4843349e-06,0
269,0,-1.1386816e-06,0
269.1,0,-8.7319168e-07,0
269.2,0,-6.6946645e-07,0
269.3,0,-5.1322258e-07,0
269.4,0,-3.9344138e-07,0
269.5,0,-3.0160801e-07,0
269.6,0,-2.3120535e-07,0
269.7,0,-1.7724192e-07,0
269.8,0,-1.3587727e-07,0
269.9,0,-1.041708e-07,0
270,13.08995,7.2821218e-05,0.068632279
270.1,26.1799,4.6690432e-05,0.08800926
270.2,26.1799,3.5606658e-05,0.067116869
270.3,26.1799,3.1816413e-05,0.059972437
270.4,26.1799,3.0745802e-05,0.057954386
270.5,26.1799,3.0779198e-05,0.058017336
270.6,26.1799,3.6469059e-05,0.068742454
270.7,26.1799,4.8729597e-05,0.091852991
270.8,26.1799,5.3470699e-05,0.10078974
270.9,26.1799,5.0785762e-05,0.095728765
271,26.1799,5.1458635e-05,0.096997098
271.1,26.1799,5.1032477e-05,0.09619381
271.2,26.1799,5.1046393e-05,0.096220041
271.3,26.1799,5.1184532e-05,0.096480427
271.4,26.1799,5.1154145e-05,0.096423149
271.5,26.1799,5.1161316e-05,0.096436665
271.6,26.1799,5.1128242e-05,0.096374323
271.7,26.1799,5.1133678e-05,0.09638457
271.8,26.1799,5.1087618e-05,0.096297748
271.9,26.1799,5.1025557e-05,0.096180766
272,26.1799,5.0884309e-05,0.095914521
272.1,26.1799,5.0804023e-05,0.095763185
272.2,26.1799,5.0720631e-05,0.095605996
272.3,26.1799,5.0917089e-05,0.09597631
272.4,26.1799,5.0894368e-05,0.095933481
272.5,26.1799,5.0907462e-05,0.095958163
272.6,26.1799,5.0937536e-05,0.096014851
272.7,26.1799,5.0897872e-05,0.095940086
272.8,26.1799,5.0928042e-05,0.095996955
272.9,26.1799,5.0899396e-05,0.095942958
273,26.1799,5.088379e-05,0.095913542
273.1,26.1799,5.0904247e-05,0.095952103
273.2,26.1799,5.0872654e-05,0.095892552
273.3,26.1799,5.0870093e-05,0.095887724
273.4,26.1799,5.0835251e-05,0.095822048
273.5,26.1799,5.0814271e-05,0.095782503
273.6,26.1799,5.0735712e-05,0.095634422
273.7,26.1799,5.0626767e-05,0.095429066
273.8,26.1799,5.0427534e-05,0.095053521
273.9,26.1799,5.0393177e-05,0.094988761
274,26.1799,5.0283806e-05,0.094782602
274.1,26.1799,5.0366522e-05,0.094938516
274.2,26.1799,5.0438687e-05,0.095074544
274.3,26.1799,5.0762068e-05,0.095684102
274.4,26.1799,5.0730943e-05,0.095625433
274.5,26.1799,5.0826832e-05,0.095806179
274.6,26.1799,5.0780551e-05,0.095718942
274.7,26.1799,5.0809926e-05,0.095774313
274.8,26.1799,5.0768642e-05,0.095696494
274.9,26.1799,5.0769834e-05,0.095698741
275,26.1799,5.0699938e-05,0.095566991
275.1,26.1799,5.0614479e-05,0.095405904
275.2,26.1799,5.0424406e-05,0.095047626
275.3,26.1799,5.0435771e-05,0.095069047
275.4,26.1799,5.0330131e-05,0.094869921
275.5,26.1799,5.0593145e-05,0.095365691
275.6,26.1799,5.0569111e-05,0.095320388
275.7,26.1799,5.0573156e-05,0.095328013
275.8,26.1799,5.0563261e-05,0.09530936
275.9,26.1799,5.0518341e-05,0.095224687
276,26.1799,5.044372e-05,0.095084031
276.1,26.1799,5.0364693e-05,0.09493507
276.2,26.1799,5.0135805e-05,0.094503626
276.3,26.1799,5.0203832e-05,0.094631854
276.4,26.1799,5.0461636e-05,0.095117802
276.5,26.1799,5.0379965e-05,0.094963856
276.6,26.1799,5.0449252e-05,0.095094459
276.7,26.1799,5.0468017e-05,0.09512983
276.8,26.1799,5.0454773e-05,0.095104866
276.9,26.1799,5.048962e-05,0.09517055
277,26.1799,5.0494687e-05,0.095180101
277.1,26.1799,5.0480096e-05,0.095152599
277.2,26.1799,5.0506858e-05,0.095203043
277.3,26.1799,5.0468008e-05,0.095129813
277.4,26.1799,5.04659e-05,0.095125839
277.5,26.1799,5.0373892e-05,0.094952409
277.6,26.1799,5.0202862e-05,0.094630024
277.7,26.1799,5.0225792e-05,0.094673248
277.8,26.1799,5.0017405e-05,0.094280448
277.9,26.1799,5.0522587e-05,0.095232693
278,13.08995,-2.3812765e-05,0.022442969
278.1,0,-1.6670273e-05,0
278.2,0,-1.0488286e-05,0
278.3,0,-7.3332639e-06,0
278.4,0,-5.5227721e-06,0
278.5,0,-4.2495928e-06,0
278.6,0,-3.2768861e-06,0
278.7,0,-2.5225523e-06,0
278.8,0,-1.9386439e-06,0
278.9,0,-1.4882181e-06,0
279,0,-1.1416602e-06,0
279.1,0,-8.7550619e-07,0
279.2,0,-6.7124582e-07,0
279.3,0,-5.1459526e-07,0
279.4,0,-3.944939e-07,0
279.5,0,-3.0241203e-07,0
279.6,0,-2.3182658e-07,0
279.7,0,-1.7771828e-07,0
279.8,0,-1.3624224e-07,0
279.9,0,-1.0445186e-07,0
280,13.08995,7.2819978e-05,0.068631111
280.1,26.1799,4.6679384e-05,0.087988436
280.2,26.1799,3.5627208e-05,0.067155605
280.3,26.1799,3.1816095e-05,0.059971837
280.4,26.1799,3.0751053e-05,0.057964283
280.5,26.1799,3.0775999e-05,0.058011305
280.6,26.1799,3.6499738e-05,0.068800283
280.7,26.1799,4.8540775e-05,0.091497069
280.8,26.1799,5.3529076e-05,0.10089978
280.9,26.1799,5.0761479e-05,0.095682992
281,26.1799,5.1474581e-05,0.097027156
281.1,26.1799,5.1030356e-05,0.096189813
281.2,26.1799,5.1026419e-05,0.096182392
281.3,26.1799,5.1216316e-05,0.096540338
281.4,26.1799,5.1146069e-05,0.096407926
281.5,26.1799,5.1168376e-05,0.096449974
281.6,26.1799,5.1142841e-05,0.096401842
281.7,26.1799,5.1113401e-05,0.096346348
281.8,26.1799,5.1111087e-05,0.096341986
281.9,26.1799,5.1026826e-05,0.096183158
282,26.1799,5.0884797e-05,0.09591544
282.1,26.1799,5.0818122e-05,0.095789762
282.2,26.1799,5.0730708e-05,0.09562499
282.3,26.1799,5.0930819e-05,0.096002189
282.4,26.1799,5.0886356e-05,0.095918379
282.5,26.1799,5.0939585e-05,0.096018713
282.6,26.1799,5.0918058e-05,0.095978136
282.7,26.1799,5.0914584e-05,0.095971588
282.8,26.1799,5.0920573e-05,0.095982877
282.9,26.1799,5.0905294e-05,0.095954076
283,26.1799,5.0920353e-05,0.095982462
283.1,26.1799,5.0889275e-05,0.095923881
283.2,26.1799,5.0888897e-05,0.09592317
283.3,26.1799,5.0874318e-05,0.095895688
283.4,26.1799,5.0851287e-05,0.095852276
283.5,26.1799,5.0848883e-05,0.095847745
283.6,26.1799,5.080978e-05,0.095774037
283.7,26.1799,5.0785843e-05,0.095728917
283.8,26.1799,5.0698512e-05,0.095564301
283.9,26.1799,5.0599423e-05,0.095377524
284,26.1799,5.0307198e-05,0.094826694
284.1,26.1799,5.0194465e-05,0.094614198
284.2,26.1799,5.0049705e-05,0.094341331
284.3,26.1799,5.0245259e-05,0.094709941
284.4,26.1799,5.0788949e-05,0.095734772
284.5,26.1799,5.066416e-05,0.095499551
284.6,26.1799,5.075129e-05,0.095663787
284.7,26.1799,5.0668341e-05,0.095507432
284.8,26.1799,5.0568379e-05,0.095319007
284.9,26.1799,5.036924e-05,0.094943639
285,26.1799,5.0392761e-05,0.094987976
285.1,26.1799,5.0592356e-05,0.095364203
285.2,26.1799,5.0595925e-05,0.09537093
285.3,26.1799,5.0587808e-05,0.095355631
285.4,26.1799,5.062201e-05,0.095420099
285.5,26.1799,5.0591748e-05,0.095363057
285.6,26.1799,5.0608787e-05,0.095395175
285.7,26.1799,5.0585023e-05,0.095350381
285.8,26.1799,5.0580553e-05,0.095341955
285.9,26.1799,5.0516215e-05,0.09522068
286,26.1799,5.0456741e-05,0.095108575
286.1,26.1799,5.0293674e-05,0.094801201
286.2,26.1799,5.0168231e-05,0.094564747
286.3,26.1799,5.0262864e-05,0.094743126
286.4,26.1799,5.0441254e-05,0.095079383
286.5,26.1799,5.042576e-05,0.095050177
286.6,26.1799,5.0466457e-05,0.09512689
286.7,26.1799,5.0487865e-05,0.095167242
286.8,26.1799,5.0485579e-05,0.095162933
286.9,26.1799,5.0498768e-05,0.095187794
287,26.1799,5.0530018e-05,0.095246699
287.1,26.1799,5.050906e-05,0.095207194
287.2,26.1799,5.0511779e-05,0.09521232
287.3,26.1799,5.0541841e-05,0.095268985
287.4,26.1799,5.0529027e-05,0.095244831
287.5,26.1799,5.0529285e-05,0.095245317
287.6,26.1799,5.0540497e-05,0.095266452
287.7,26.1799,5.0513518e-05,0.095215598
287.8,26.1799,5.0525791e-05,0.095238731
287.9,26.1799,5.0505887e-05,0.095201213
288,13.08995,-2.3814942e-05,0.022445021
288.1,0,-1.678301e-05,0
288.2,0,-1.0515514e-05,0
288.3,0,-7.3640858e-06,0
288.4,0,-5.54726e-06,0
288.5,0,-4.2667523e-06,0
288.6,0,-3.2891438e-06,0
288.7,0,-2.531577e-06,0
288.8,0,-1.9454161e-06,0
288.9,0,-1.4933238e-06,0
289,0,-1.1455426e-06,0
289.1,0,-8.7847034e-07,0
289.2,0,-6.7351962e-07,0
289.3,0,-5.1635015e-07,0
289.4,0,-3.9583313e-07,0
289.5,0,-3.0343586e-07,0
289.6,0,-2.3261181e-07,0
289.7,0,-1.7832196e-07,0
289.8,0,-1.3670891e-07,0
289.9,0,-1.0480673e-07,0
290,13.08995,7.2810926e-05,0.06862258
290.1,26.1799,4.6678778e-05,0.087987292
290.2,26.1799,3.5626877e-05,0.067154982
290.3,26.1799,3.1813134e-05,0.059966255
290.4,26.1799,3.0764914e-05,0.057990411
290.5,26.1799,3.0695702e-05,0.057859949
290.6,26.1799,3.6413502e-05,0.068637732
290.7,26.1799,4.8430952e-05,0.091290059
290.8,26.1799,5.3575133e-05,0.1009866
290.9,26.1799,5.0759971e-05,0.09568015
291,26.1799,5.1460125e-05,0.096999907
291.1,26.1799,5.1045643e-05,0.096218628
291.2,26.1799,5.1031987e-05,0.096192887
291.3,26.1799,5.1203106e-05,0.096515438
291.4,26.1799,5.1146772e-05,0.096409251
291.5,26.1799,5.1172356e-05,0.096457475
291.6,26.1799,5.1149844e-05,0.096415041
291.7,26.1799,5.1124537e-05,0.09636734
291.8,26.1799,5.1123374e-05,0.096365147
291.9,26.1799,5.1036128e-05,0.096200692
292,26.1799,5.0873488e-05,0.095894124
292.1,26.1799,5.0844265e-05,0.095839041
292.2,26.1799,5.0742545e-05,0.095647302
292.3,26.1799,5.0922993e-05,0.095987438
292.4,26.1799,5.0919667e-05,0.095981168
292.5,26.1799,5.0920781e-05,0.095983268
292.6,26.1799,5.0948201e-05,0.096034954
292.7,26.1799,5.0924315e-05,0.09598993
292.8,26.1799,5.0923321e-05,0.095988056
292.9,26.1799,5.0943455e-05,0.096026008
293,26.1799,5.0907714e-05,0.095958639
293.1,26.1799,5.0909559e-05,0.095962116
293.2,26.1799,5.0911262e-05,0.095965326
293.3,26.1799,5.0871543e-05,0.095890458
293.4,26.1799,5.089426e-05,0.095933278
293.5,26.1799,5.0848801e-05,0.09584759
293.6,26.1799,5.0835867e-05,0.095823211
293.7,26.1799,5.0782288e-05,0.095722216
293.8,26.1799,5.071785e-05,0.095600753
293.9,26.1799,5.0559175e-05,0.095301658
294,26.1799,5.0360127e-05,0.094926463
294.1,26.1799,5.025233e-05,0.094723271
294.2,26.1799,5.0577917e-05,0.095336986
294.3,26.1799,5.0384809e-05,0.094972987
294.4,26.1799,5.0264708e-05,0.094746602
294.5,26.1799,5.0764049e-05,0.095687836
294.6,26.1799,5.0679094e-05,0.095527699
294.7,26.1799,5.0690655e-05,0.095549491
294.8,26.1799,5.0492903e-05,0.095176738
294.9,26.1799,5.0453264e-05,0.095102022
295,26.1799,5.0266173e-05,0.094749364
295.1,26.1799,5.0661069e-05,0.095493723
295.2,26.1799,5.0577785e-05,0.095336737
295.3,26.1799,5.0628609e-05,0.095432538
295.4,26.1799,5.060658e-05,0.095391014
295.5,26.1799,5.0624661e-05,0.095425097
295.6,26.1799,5.0587841e-05,0.095355693
295.7,26.1799,5.0592916e-05,0.095365258
295.8,26.1799,5.0518248e-05,0.095224512
295.9,26.1799,5.0461658e-05,0.095117843
296,26.1799,5.0276045e-05,0.094767972
296.1,26.1799,5.0177157e-05,0.094581573
296.2,26.1799,5.031719e-05,0.094845528
296.3,26.1799,5.0465542e-05,0.095125165
296.4,26.1799,5.0422628e-05,0.095044274
296.5,26.1799,5.0501964e-05,0.095193818
296.6,26.1799,5.0484256e-05,0.09516044
296.7,26.1799,5.0508862e-05,0.09520682
296.8,26.1799,5.0544102e-05,0.095273246
296.9,26.1799,5.0513251e-05,0.095215095
297,26.1799,5.0526423e-05,0.095239922
297.1,26.1799,5.0553662e-05,0.095291267
297.2,26.1799,5.0554845e-05,0.095293497
297.3,26.1799,5.0550309e-05,0.095284946
297.4,26.1799,5.0584727e-05,0.095349824
297.5,26.1799,5.0568171e-05,0.095318615
297.6,26.1799,5.0561477e-05,0.095305997
297.7,26.1799,5.0594775e-05,0.095368762
297.8,26.1799,5.0571558e-05,0.095324999
297.9,26.1799,5.0564738e-05,0.095312145
298,13.08995,-2.3713597e-05,0.022349506
298.1,0,-1.6756922e-05,0
298.2,0,-1.0490772e-05,0
298.3,0,-7.3517524e-06,0
298.4,0,-5.5384163e-06,0
298.5,0,-4.2597112e-06,0
298.6,0,-3.2833201e-06,0
298.7,0,-2.526981e-06,0
298.8,0,-1.9417891e-06,0
298.9,0,-1.4905564e-06,0
299,0,-1.1434487e-06,0
299.1,0,-8.7684624e-07,0
299.2,0,-6.7229585e-07,0
299.3,0,-5.1539416e-07,0
299.4,0,-3.951078e-07,0
299.5,0,-3.028809e-07,0
299.6,0,-2.3219299e-07,0
299.7,0,-1.7799835e-07,0
299.8,0,-1.364567e-07,0
299.9,0,-1.0461566e-07,0
300,0,-8.0203981e-08,0
