time_s,omega_meas_rad_s,Mz_wedge_Nm,P_visc_full_W
0.1,52.3599,0.00010576395,0.39872088
0.2,52.3599,9.2753232e-05,0.3496716
0.3,52.3599,0.00010252465,0.38650899
0.4,52.3599,0.00015390297,0.58020079
0.5,52.3599,0.00014794796,0.55775092
0.6,52.3599,0.00014811081,0.55836483
0.7,52.3599,0.00015220651,0.57380527
0.8,52.3599,0.00015118978,0.56997228
0.9,52.3599,0.0001516319,0.57163905
1,52.3599,0.00015106374,0.56949713
1.1,52.3599,0.00015126497,0.57025576
1.2,52.3599,0.00015049254,0.56734376
1.3,52.3599,0.00015094367,0.56904447
1.4,52.3599,0.0001501156,0.56592273
1.5,52.3599,0.00015068268,0.56806058
1.6,52.3599,0.00014941897,0.56329648
1.7,52.3599,0.00015044138,0.5671509
1.8,52.3599,0.00014958191,0.56391077
1.9,52.3599,0.00015012177,0.56594598
2,52.3599,0.00014911971,0.56216831
2.1,52.3599,0.00015008841,0.56582023
2.2,52.3599,0.00014952557,0.56369834
2.3,52.3599,0.00014954525,0.56377257
2.4,52.3599,0.00014914463,0.56226226
2.5,52.3599,0.00014924735,0.56264951
2.6,52.3599,0.00014972851,0.56446343
2.7,52.3599,0.00014843898,0.559602
2.8,52.3599,0.00014965456,0.56418464
2.9,52.3599,0.00014813009,0.55843751
3,52.3599,0.00014996488,0.56535451
3.1,52.3599,0.00014728284,0.55524348
3.2,52.3599,0.00015009077,0.56582913
3.3,52.3599,0.00014736747,0.55556251
3.4,52.3599,0.00014940819,0.56325584
3.5,52.3599,0.00014702932,0.5542877
3.6,52.3599,0.00014944001,0.56337582
3.7,52.3599,0.0001475405,0.55621483
3.8,52.3599,0.00014747688,0.55597496
3.9,52.3599,0.00014814497,0.5584936
4,52.3599,0.00014799188,0.5579165
4.1,52.3599,0.00014765715,0.55665458
4.2,52.3599,0.00014713719,0.55469436
4.3,52.3599,0.00014833735,0.55921889
4.4,52.3599,0.0001476783,0.55673431
4.5,52.3599,0.00014780028,0.55719417
4.6,52.3599,0.00014776975,0.55707909
4.7,52.3599,0.00014843818,0.55959898
4.8,52.3599,0.00014861907,0.56028094
4.9,52.3599,0.00014754629,0.55623666
5,52.3599,0.00014912235,0.56217825
5.1,52.3599,0.00014788394,0.55750958
5.2,52.3599,0.0001480611,0.55817745
5.3,52.3599,0.00014535765,0.54798566
5.4,52.3599,0.00014776579,0.55706415
5.5,52.3599,0.00014686762,0.55367813
5.6,52.3599,0.00014681438,0.55347739
5.7,52.3599,0.00014750372,0.55607617
5.8,52.3599,0.00014670704,0.55307274
5.9,52.3599,0.00014802654,0.55804714
6,52.3599,0.00014620545,0.55118178
6.1,52.3599,0.00014806584,0.55819531
6.2,52.3599,0.00014715009,0.554743
6.3,52.3599,0.00014706463,0.55442082
6.4,52.3599,0.00014788969,0.55753123
6.5,52.3599,0.00014672244,0.55313079
6.6,52.3599,0.00014861771,0.56027579
6.7,52.3599,0.00014616014,0.551011
6.8,52.3599,0.00014823496,0.55883286
6.9,52.3599,0.00014737902,0.55560604
7,52.3599,0.00014703214,0.55429833
7.1,52.3599,0.00014823119,0.55881866
7.2,52.3599,0.00014642289,0.55200154
7.3,52.3599,0.00014894592,0.56151313
7.4,52.3599,0.00014617884,0.55108148
7.5,52.3599,0.00014843379,0.55958245
7.6,52.3599,0.00014705478,0.55438371
7.7,52.3599,0.00014757226,0.55633457
7.8,52.3599,0.00014789481,0.55755053
7.9,52.3599,0.00014702233,0.55426136
8,26.17995,-8.6965014e-06,0.016392526
8.1,0,-3.8651982e-05,0
8.2,0,-1.9523715e-05,0
8.3,0,-1.3677841e-05,0
8.4,0,-1.0287639e-05,0
8.5,0,-7.7828398e-06,0
8.6,0,-5.93437e-06,0
8.7,0,-4.5506518e-06,0
8.8,0,-3.4967594e-06,0
8.9,0,-2.6873362e-06,0
9,0,-2.0642051e-06,0
9.1,0,-1.5845435e-06,0
9.2,0,-1.2157383e-06,0
9.3,0,-9.3243351e-07,0
9.4,0,-7.1501471e-07,0
9.5,0,-5.4822695e-07,0
9.6,0,-4.2032335e-07,0
9.7,0,-3.2225209e-07,0
9.8,0,-2.4706232e-07,0
9.9,0,-1.8941738e-07,0
10,26.17995,0.00014571321,0.27466304
10.1,52.3599,0.00010613039,0.40010232
10.2,52.3599,9.4551633e-05,0.35645141
10.3,52.3599,0.00014604173,0.5505646
10.4,52.3599,0.00015809844,0.59601733
10.5,52.3599,0.00015506175,0.58456926
10.6,52.3599,0.00015233855,0.57430306
10.7,52.3599,0.00014713448,0.55468414
10.8,52.3599,0.00014595729,0.55024627
10.9,52.3599,0.00014879722,0.56095253
11,52.3599,0.00014837286,0.55935275
11.1,52.3599,0.00014962821,0.56408532
11.2,52.3599,0.00014897083,0.56160705
11.3,52.3599,0.00014701741,0.55424283
11.4,52.3599,0.00014980051,0.56473486
11.5,52.3599,0.0001502177,0.56630764
11.6,52.3599,0.00015013545,0.56599754
11.7,52.3599,0.00015029877,0.56661327
11.8,52.3599,0.00015047169,0.56726517
11.9,52.3599,0.00015053125,0.56748968
12,52.3599,0.00015028488,0.56656088
12.1,52.3599,0.00015053723,0.56751222
12.2,52.3599,0.00015059048,0.56771299
12.3,52.3599,0.00015001009,0.56552496
12.4,52.3599,0.0001508014,0.56850812
12.5,52.3599,0.00014998438,0.56542805
12.6,52.3599,0.00015045587,0.56720552
12.7,52.3599,0.00015004522,0.56565741
12.8,52.3599,0.00015026744,0.56649515
12.9,52.3599,0.0001501433,0.56602716
13,52.3599,0.00014981579,0.56479247
13.1,52.3599,0.00015054886,0.56755608
13.2,52.3599,0.00014937468,0.56312952
13.3,52.3599,0.00015032177,0.56669996
13.4,52.3599,0.00014952376,0.56369155
13.5,52.3599,0.00014992152,0.56519104
13.6,52.3599,0.00014933027,0.56296209
13.7,52.3599,0.00014926255,0.56270681
13.8,52.3599,0.00014985343,0.56493435
13.9,52.3599,0.00014852132,0.55991243
14,52.3599,0.00014919572,0.56245484
14.1,52.3599,0.00014872216,0.56066959
14.2,52.3599,0.00014942671,0.56332566
14.3,52.3599,0.00014812871,0.55843233
14.4,52.3599,0.0001489507,0.56153116
14.5,52.3599,0.00014889626,0.56132592
14.6,52.3599,0.00014894255,0.56150044
14.7,52.3599,0.00014822815,0.55880722
14.8,52.3599,0.00014883494,0.56109475
14.9,52.3599,0.00014910191,0.56210121
15,52.3599,0.00014805483,0.55815379
15.1,52.3599,0.00014911503,0.56215065
15.2,52.3599,0.000148702,0.56059357
15.3,52.3599,0.00014846765,0.5597101
15.4,52.3599,0.0001490017,0.56172341
15.5,52.3599,0.00014867775,0.56050214
15.6,52.3599,0.00014897828,0.56163513
15.7,52.3599,0.00014873618,0.56072245
15.8,52.3599,0.00014891252,0.5613872
15.9,52.3599,0.00014924984,0.56265889
16,52.3599,0.00014872513,0.56068079
16.1,52.3599,0.00014911353,0.56214502
16.2,52.3599,0.00014907033,0.56198213
16.3,52.3599,0.00014894377,0.56150503
16.4,52.3599,0.00014909383,0.56207073
16.5,52.3599,0.0001486375,0.56035041
16.6,52.3599,0.00014930976,0.56288478
16.7,52.3599,0.00014873447,0.56071598
16.8,52.3599,0.00014862427,0.56030054
16.9,52.3599,0.00014921883,0.56254199
17,52.3599,0.00014829094,0.55904391
17.1,52.3599,0.00014886191,0.56119641
17.2,52.3599,0.00014868982,0.56054767
17.3,52.3599,0.00014829334,0.55905295
17.4,52.3599,0.00014889882,0.56133555
17.5,52.3599,0.0001478398,0.55734316
17.6,52.3599,0.0001479616,0.55780231
17.7,52.3599,0.00014573554,0.5494103
17.8,52.3599,0.00014671638,0.55310795
17.9,52.3599,0.0001474858,0.55600859
18,26.17995,-9.8499101e-06,0.018566651
18.1,0,-3.7641501e-05,0
18.2,0,-1.9475391e-05,0
18.3,0,-1.3524969e-05,0
18.4,0,-1.0146284e-05,0
18.5,0,-7.6510612e-06,0
18.6,0,-5.8345354e-06,0
18.7,0,-4.4825137e-06,0
18.8,0,-3.4496475e-06,0
18.9,0,-2.652915e-06,0
19,0,-2.0380856e-06,0
19.1,0,-1.5644174e-06,0
19.2,0,-1.2001978e-06,0
19.3,0,-9.2043638e-07,0
19.4,0,-7.0575638e-07,0
19.5,0,-5.4108536e-07,0
19.6,0,-4.1482496e-07,0
19.7,0,-3.1802141e-07,0
19.8,0,-2.4380049e-07,0
19.9,0,-1.8690236e-07,0
20,26.17995,0.00014569632,0.27463122
20.1,52.3599,0.00010619665,0.40035212
20.2,52.3599,9.4671726e-05,0.35690415
20.3,52.3599,0.00014467846,0.54542518
20.4,52.3599,0.0001577883,0.59484813
20.5,52.3599,0.00015962171,0.60175994
20.6,52.3599,0.00015471019,0.58324392
20.7,52.3599,0.00014785314,0.55739344
20.8,52.3599,0.00014838791,0.55940949
20.9,52.3599,0.00014964497,0.56414851
21,52.3599,0.00015002278,0.56557279
21.1,52.3599,0.00015026449,0.56648403
21.2,52.3599,0.0001508057,0.56852435
21.3,52.3599,0.00014795475,0.55777649
21.4,52.3599,0.00014954641,0.56377692
21.5,52.3599,0.00014856583,0.56008023
21.6,52.3599,0.00014650078,0.55229516
21.7,52.3599,0.0001432003,0.53985264
21.8,52.3599,0.00014800323,0.55795928
21.9,52.3599,0.00014747691,0.55597507
22,52.3599,0.00014976986,0.56461933
22.1,52.3599,0.00014803841,0.55809189
22.2,52.3599,0.0001502134,0.56629142
22.3,52.3599,0.00014903354,0.56184344
22.4,52.3599,0.00015005205,0.56568315
22.5,52.3599,0.00014941854,0.56329487
22.6,52.3599,0.00015020742,0.56626888
22.7,52.3599,0.00014916644,0.56234446
22.8,52.3599,0.00015038892,0.56695312
22.9,52.3599,0.00014959319,0.56395327
23,52.3599,0.00015012667,0.56596447
23.1,52.3599,0.00014967733,0.56427047
23.2,52.3599,0.00015040586,0.56701697
23.3,52.3599,0.00015034474,0.56678654
23.4,52.3599,0.00015025511,0.56644865
23.5,52.3599,0.00015119918,0.57000773
23.6,52.3599,0.00015055768,0.56758932
23.7,52.3599,0.00015075358,0.56832787
23.8,52.3599,0.00015090669,0.56890508
23.9,52.3599,0.00015052307,0.56745886
24,52.3599,0.00015045538,0.56720367
24.1,52.3599,0.00014963337,0.56410475
24.2,52.3599,0.0001496206,0.56405663
24.3,52.3599,0.00014998808,0.56544197
24.4,52.3599,0.00014912177,0.56217606
24.5,52.3599,0.00014856699,0.56008461
24.6,52.3599,0.00014981808,0.56480109
24.7,52.3599,0.00014819962,0.55869963
24.8,52.3599,0.00014941614,0.56328583
24.9,52.3599,0.00014795731,0.55778614
25,52.3599,0.00014992514,0.5652047
25.1,52.3599,0.00014804483,0.55811609
25.2,52.3599,0.00014931152,0.56289141
25.3,52.3599,0.00014887413,0.5612425
25.4,52.3599,0.0001485964,0.56019547
25.5,52.3599,0.00014862524,0.5603042
25.6,52.3599,0.00014890444,0.56135676
25.7,52.3599,0.00014872298,0.56067268
25.8,52.3599,0.00014879613,0.56094844
25.9,52.3599,0.00014823599,0.55883677
26,52.3599,0.00014839071,0.55942003
26.1,52.3599,0.00014878987,0.56092485
26.2,52.3599,0.00014815953,0.55854852
26.3,52.3599,0.00014876282,0.56082286
26.4,52.3599,0.00014881533,0.56102081
26.5,52.3599,0.0001487414,0.5607421
26.6,52.3599,0.00014778421,0.55713358
26.7,52.3599,0.00014753353,0.55618854
26.8,52.3599,0.00014545361,0.54834743
26.9,52.3599,0.00014847425,0.55973499
27,52.3599,0.00014705044,0.55436732
27.1,52.3599,0.00014838513,0.559399
27.2,52.3599,0.00014767883,0.5567363
27.3,52.3599,0.00014779265,0.5571654
27.4,52.3599,0.00014825749,0.55891783
27.5,52.3599,0.00014757647,0.55635044
27.6,52.3599,0.00014870611,0.56060908
27.7,52.3599,0.00014740412,0.55570069
27.8,52.3599,0.00014828518,0.55902218
27.9,52.3599,0.0001471314,0.55467256
28,26.17995,-1.0670222e-05,0.020112903
28.1,0,-3.7853143e-05,0
28.2,0,-1.9526519e-05,0
28.3,0,-1.3541456e-05,0
28.4,0,-1.0157813e-05,0
28.5,0,-7.6571448e-06,0
28.6,0,-5.8362064e-06,0
28.7,0,-4.481666e-06,0
28.8,0,-3.4482953e-06,0
28.9,0,-2.6518392e-06,0
29,0,-2.0373811e-06,0
29.1,0,-1.563964e-06,0
29.2,0,-1.1998322e-06,0
29.3,0,-9.2015665e-07,0
29.4,0,-7.0554038e-07,0
29.5,0,-5.4090854e-07,0
29.6,0,-4.1467277e-07,0
29.7,0,-3.1789945e-07,0
29.8,0,-2.4370719e-07,0
29.9,0,-1.8683492e-07,0
30,26.17995,0.00014570679,0.27465094
30.1,52.3599,0.00010616156,0.40021983
30.2,52.3599,9.4746395e-05,0.35718565
30.3,52.3599,0.00014642255,0.55200025
30.4,52.3599,0.0001552167,0.58515343
30.5,52.3599,0.00015428889,0.58165567
30.6,52.3599,0.00015231731,0.57422297
30.7,52.3599,0.00014604218,0.55056628
30.8,52.3599,0.00014978171,0.56466397
30.9,52.3599,0.00015152851,0.57124927
31,52.3599,0.00015043644,0.56713226
31.1,52.3599,0.00015171872,0.57196634
31.2,52.3599,0.00015175578,0.57210607
31.3,52.3599,0.00015306663,0.57704785
31.4,52.3599,0.00015146402,0.57100613
31.5,52.3599,0.00015124392,0.57017638
31.6,52.3599,0.00014912229,0.56217803
31.7,52.3599,0.00014885441,0.56116816
31.8,52.3599,0.00015077977,0.56842657
31.9,52.3599,0.00014957653,0.56389048
32,52.3599,0.0001522399,0.57393114
32.1,52.3599,0.00015074993,0.56831411
32.2,52.3599,0.00015161202,0.5715641
32.3,52.3599,0.00015137844,0.57068352
32.4,52.3599,0.00015138767,0.57071832
32.5,52.3599,0.00015165181,0.57171408
32.6,52.3599,0.00015133454,0.57051804
32.7,52.3599,0.00015137529,0.57067165
32.8,52.3599,0.00015161183,0.57156337
32.9,52.3599,0.00015139422,0.57074301
33,52.3599,0.00015158252,0.57145287
33.1,52.3599,0.00015052839,0.56747891
33.2,52.3599,0.00015167832,0.57181405
33.3,52.3599,0.00015080244,0.56851206
33.4,52.3599,0.00015070761,0.56815453
33.5,52.3599,0.0001497259,0.56445359
33.6,52.3599,0.00015075699,0.56834072
33.7,52.3599,0.00015032917,0.56672786
33.8,52.3599,0.00014925986,0.56269664
33.9,52.3599,0.00014851915,0.55990425
34,52.3599,0.00014922784,0.56257593
34.1,52.3599,0.00014951649,0.56366413
34.2,52.3599,0.00014771216,0.55686197
34.3,52.3599,0.00014859949,0.5602071
34.4,52.3599,0.00014802829,0.55805373
34.5,52.3599,0.00014958498,0.56392232
34.6,52.3599,0.0001472457,0.55510346
34.7,52.3599,0.00014837581,0.55936386
34.8,52.3599,0.00014701914,0.55424933
34.9,52.3599,0.00014875709,0.56080126
35,52.3599,0.0001454084,0.54817698
35.1,52.3599,0.00014608496,0.55072755
35.2,52.3599,0.00014566216,0.54913363
35.3,52.3599,0.00014725174,0.55512621
35.4,52.3599,0.00014576965,0.54953886
35.5,52.3599,0.00014688026,0.55372578
35.6,52.3599,0.00014655966,0.55251713
35.7,52.3599,0.00014693889,0.55394681
35.8,52.3599,0.00014716238,0.55478934
35.9,52.3599,0.00014698871,0.5541346
36,52.3599,0.00014782167,0.55727481
36.1,52.3599,0.00014753199,0.55618274
36.2,52.3599,0.00014826805,0.55895762
36.3,52.3599,0.00014774926,0.55700183
36.4,52.3599,0.00014861712,0.5602736
36.5,52.3599,0.00014845156,0.55964945
36.6,52.3599,0.00014859456,0.56018854
36.7,52.3599,0.00014866719,0.56046235
36.8,52.3599,0.00014862039,0.5602859
36.9,52.3599,0.00014940231,0.56323367
37,52.3599,0.00014813414,0.5584528
37.1,52.3599,0.00014952569,0.56369883
37.2,52.3599,0.00014810378,0.55833834
37.3,52.3599,0.00014955408,0.56380584
37.4,52.3599,0.00014786972,0.55745594
37.5,52.3599,0.00014874149,0.56074247
37.6,52.3599,0.00014868787,0.56054031
37.7,52.3599,0.0001476442,0.55660575
37.8,52.3599,0.00014938399,0.56316463
37.9,52.3599,0.0001466077,0.55269824
38,26.17995,-7.7879233e-06,0.014679896
38.1,0,-3.9476369e-05,0
38.2,0,-1.9615395e-05,0
38.3,0,-1.3800188e-05,0
38.4,0,-1.0394073e-05,0
38.5,0,-7.8819725e-06,0
38.6,0,-6.0045109e-06,0
38.7,0,-4.5953055e-06,0
38.8,0,-3.5271899e-06,0
38.9,0,-2.7100504e-06,0
39,0,-2.0817128e-06,0
39.1,0,-1.5981584e-06,0
39.2,0,-1.2262239e-06,0
39.3,0,-9.4052277e-07,0
39.4,0,-7.2120972e-07,0
39.5,0,-5.5296394e-07,0
39.6,0,-4.2396083e-07,0
39.7,0,-3.2504288e-07,0
39.8,0,-2.4919955e-07,0
39.9,0,-1.9105803e-07,0
40,26.17995,0.00014568863,0.27461672
40.1,52.3599,0.00010592569,0.3993306
40.2,52.3599,9.4537281e-05,0.3563973
40.3,52.3599,0.00014667708,0.5529598
40.4,52.3599,0.00015676971,0.59100815
40.5,52.3599,0.00014878435,0.56090403
40.6,52.3599,0.00015051221,0.5674179
40.7,52.3599,0.00015016618,0.56611342
40.8,52.3599,0.00014867125,0.56047767
40.9,52.3599,0.00014957791,0.56389568
41,52.3599,0.00014843753,0.55959655
41.1,52.3599,0.00015052716,0.56747427
41.2,52.3599,0.00015107565,0.56954201
41.3,52.3599,0.0001503447,0.56678641
41.4,52.3599,0.00015168039,0.57182184
41.5,52.3599,0.0001520274,0.57313004
41.6,52.3599,0.00015246256,0.57477056
41.7,52.3599,0.00015313281,0.57729735
41.8,52.3599,0.00015230525,0.57417752
41.9,52.3599,0.00015292727,0.57652246
42,52.3599,0.00015283036,0.57615714
42.1,52.3599,0.0001528292,0.57615276
42.2,52.3599,0.00015158165,0.57144962
42.3,52.3599,0.00015217231,0.57367632
42.4,52.3599,0.00015023605,0.56637679
42.5,52.3599,0.00015154011,0.571293
42.6,52.3599,0.00015125951,0.57023518
42.7,52.3599,0.00015144851,0.57094766
42.8,52.3599,0.00015113274,0.56975726
42.9,52.3599,0.00015121094,0.57005206
43,52.3599,0.00015087378,0.56878098
43.1,52.3599,0.00015116527,0.5698799
43.2,52.3599,0.00015052256,0.56745692
43.3,52.3599,0.00015112933,0.56974439
43.4,52.3599,0.00014962196,0.56406175
43.5,52.3599,0.00015114635,0.56980855
43.6,52.3599,0.00014942692,0.56332646
43.7,52.3599,0.00015135208,0.57058414
43.8,52.3599,0.00014853332,0.55995766
43.9,52.3599,0.00015102314,0.56934408
44,52.3599,0.00014936584,0.5630962
44.1,52.3599,0.00015045287,0.56719421
44.2,52.3599,0.00014931848,0.56291766
44.3,52.3599,0.00014993001,0.56522307
44.4,52.3599,0.00015069808,0.56811863
44.5,52.3599,0.00014895973,0.56156521
44.6,52.3599,0.00015081796,0.56857057
44.7,52.3599,0.00014916208,0.56232804
44.8,52.3599,0.00015105319,0.56945735
44.9,52.3599,0.0001487537,0.56078848
45,52.3599,0.00015041307,0.56704414
45.1,52.3599,0.00014986577,0.5649809
45.2,52.3599,0.00014956238,0.56383715
45.3,52.3599,0.00014980605,0.56475576
45.4,52.3599,0.00014942006,0.5633006
45.5,52.3599,0.0001494048,0.56324306
45.6,52.3599,0.00014934129,0.56300363
45.7,52.3599,0.00014825793,0.55891946
45.8,52.3599,0.00015047511,0.56727804
45.9,52.3599,0.00014690238,0.55380915
46,52.3599,0.00014985594,0.56494382
46.1,52.3599,0.00014710213,0.55456221
46.2,52.3599,0.00014936513,0.5630935
46.3,52.3599,0.00014676882,0.55330564
46.4,52.3599,0.00014831974,0.5591525
46.5,52.3599,0.0001477737,0.55709395
46.6,52.3599,0.00014799891,0.55794299
46.7,52.3599,0.00014724182,0.55508881
46.8,52.3599,0.00014885217,0.56115972
46.9,52.3599,0.00014772514,0.55691089
47,52.3599,0.00014921156,0.56251456
47.1,52.3599,0.00014781614,0.55725394
47.2,52.3599,0.0001490626,0.561953
47.3,52.3599,0.00014881541,0.56102112
47.4,52.3599,0.00014830055,0.55908014
47.5,52.3599,0.00014834936,0.55926415
47.6,52.3599,0.00014648662,0.55224179
47.7,52.3599,0.00014812709,0.55842622
47.8,52.3599,0.00014744463,0.55585338
47.9,52.3599,0.00014853239,0.55995416
48,26.17995,-8.9091681e-06,0.016793394
48.1,0,-3.8812728e-05,0
48.2,0,-1.9627192e-05,0
48.3,0,-1.3696596e-05,0
48.4,0,-1.0238549e-05,0
48.5,0,-7.7162971e-06,0
48.6,0,-5.8852749e-06,0
48.7,0,-4.5210224e-06,0
48.8,0,-3.4785464e-06,0
48.9,0,-2.6748421e-06,0
49,0,-2.0548076e-06,0
49.1,0,-1.5772985e-06,0
49.2,0,-1.2100562e-06,0
49.3,0,-9.279878e-07,0
49.4,0,-7.1155686e-07,0
49.5,0,-5.4553331e-07,0
49.6,0,-4.1822222e-07,0
49.7,0,-3.2062353e-07,0
49.8,0,-2.4580276e-07,0
49.9,0,-1.8844991e-07,0
50,26.17995,0.00014571505,0.27466652
50.1,52.3599,0.00010614355,0.40015193
50.2,52.3599,9.4539236e-05,0.35640468
50.3,52.3599,0.00014597961,0.55033041
50.4,52.3599,0.00015592248,0.58781414
50.5,52.3599,0.00015231327,0.57420773
50.6,52.3599,0.0001503308,0.566734
50.7,52.3599,0.00014608263,0.55071876
50.8,52.3599,0.00015074136,0.56828178
50.9,52.3599,0.00015195732,0.57286585
51,52.3599,0.0001518121,0.5723184
51.1,52.3599,0.00015064558,0.56792071
51.2,52.3599,0.0001498343,0.56486225
51.3,52.3599,0.00015220634,0.57380463
51.4,52.3599,0.00014941042,0.56326426
51.5,52.3599,0.00015127205,0.57028242
51.6,52.3599,0.00014958125,0.56390826
51.7,52.3599,0.00015108592,0.56958073
51.8,52.3599,0.00014968285,0.56429129
51.9,52.3599,0.0001516944,0.57187466
52,52.3599,0.00014985925,0.56495631
52.1,52.3599,0.00015054319,0.56753471
52.2,52.3599,0.00014859486,0.56018968
52.3,52.3599,0.00014965262,0.56417734
52.4,52.3599,0.00015008783,0.56581804
52.5,52.3599,0.00014999098,0.56545292
52.6,52.3599,0.00015032676,0.56671879
52.7,52.3599,0.00014938914,0.56318405
52.8,52.3599,0.00015058164,0.56767966
52.9,52.3599,0.000150191,0.56620696
53,52.3599,0.00015021632,0.56630243
53.1,52.3599,0.00014973789,0.56449878
53.2,52.3599,0.0001505761,0.56765875
53.3,52.3599,0.0001503546,0.56682374
53.4,52.3599,0.00015040339,0.56700765
53.5,52.3599,0.00014983209,0.56485392
53.6,52.3599,0.00015105876,0.56947835
53.7,52.3599,0.00015053836,0.56751648
53.8,52.3599,0.00015033275,0.56674136
53.9,52.3599,0.00015065013,0.56793787
54,52.3599,0.00015071179,0.56817031
54.1,52.3599,0.00015127382,0.57028912
54.2,52.3599,0.00014984651,0.56490827
54.3,52.3599,0.00015162776,0.57162343
54.4,52.3599,0.00015056292,0.5676091
54.5,52.3599,0.00015109128,0.56960095
54.6,52.3599,0.00015078171,0.5684339
54.7,52.3599,0.00015086803,0.56875931
54.8,52.3599,0.00015140398,0.57077982
54.9,52.3599,0.00015016166,0.56609638
55,52.3599,0.00015158082,0.57144646
55.1,52.3599,0.00015046493,0.56723965
55.2,52.3599,0.00015097968,0.56918024
55.3,52.3599,0.00015130119,0.57039229
55.4,52.3599,0.00015037967,0.56691826
55.5,52.3599,0.00015133593,0.57052327
55.6,52.3599,0.00015066807,0.56800549
55.7,52.3599,0.00015086957,0.56876514
55.8,52.3599,0.00015087773,0.56879589
55.9,52.3599,0.00015043062,0.56711032
56,52.3599,0.00015113376,0.56976108
56.1,52.3599,0.00015003891,0.56563359
56.2,52.3599,0.00015052705,0.56747386
56.3,52.3599,0.00015013107,0.56598103
56.4,52.3599,0.00014922437,0.56256287
56.5,52.3599,0.00014698755,0.55413024
56.6,52.3599,0.00014847834,0.55975041
56.7,52.3599,0.00014821818,0.55876961
56.8,52.3599,0.00014850367,0.5598459
56.9,52.3599,0.00014798837,0.55790324
57,52.3599,0.00014822002,0.55877654
57.1,52.3599,0.00014886488,0.56120763
57.2,52.3599,0.00014759419,0.55641722
57.3,52.3599,0.00014912128,0.56217421
57.4,52.3599,0.00014782185,0.55727548
57.5,52.3599,0.00014899113,0.56168359
57.6,52.3599,0.00014826959,0.55896343
57.7,52.3599,0.0001485279,0.55993724
57.8,52.3599,0.00014920743,0.562499
57.9,52.3599,0.00014821151,0.55874446
58,26.17995,-7.52022e-06,0.014175287
58.1,0,-3.8680862e-05,0
58.2,0,-1.950593e-05,0
58.3,0,-1.3636181e-05,0
58.4,0,-1.0210855e-05,0
58.5,0,-7.6922313e-06,0
58.6,0,-5.8584971e-06,0
58.7,0,-4.4954419e-06,0
58.8,0,-3.4573935e-06,0
58.9,0,-2.6585706e-06,0
59,0,-2.0425149e-06,0
59.1,0,-1.567917e-06,0
59.2,0,-1.2029322e-06,0
59.3,0,-9.2257546e-07,0
59.4,0,-7.0743599e-07,0
59.5,0,-5.42395e-07,0
59.6,0,-4.1583189e-07,0
59.7,0,-3.1880154e-07,0
59.8,0,-2.4441289e-07,0
59.9,0,-1.873881e-07,0
60,26.17995,0.00014571952,0.27467494
60.1,52.3599,0.0001061365,0.40012535
60.2,52.3599,9.4644554e-05,0.35680171
60.3,52.3599,0.00014522231,0.54747544
60.4,52.3599,0.00015369723,0.57942517
60.5,52.3599,0.00015293318,0.57654476
60.6,52.3599,0.00014656392,0.55253319
60.7,52.3599,0.000148135,0.55845603
60.8,52.3599,0.00015023954,0.56638996
60.9,52.3599,0.00015123692,0.57015001
61,52.3599,0.00015177678,0.57218522
61.1,52.3599,0.00015206853,0.57328508
61.2,52.3599,0.00015282092,0.57612155
61.3,52.3599,0.00015214313,0.57356634
61.4,52.3599,0.00015243605,0.57467063
61.5,52.3599,0.00015209406,0.57338133
61.6,52.3599,0.00015176291,0.57213295
61.7,52.3599,0.00014873462,0.56071653
61.8,52.3599,0.00015218416,0.57372102
61.9,52.3599,0.00015116365,0.56987377
62,52.3599,0.000152452,0.57473074
62.1,52.3599,0.00015159663,0.57150608
62.2,52.3599,0.00015262813,0.57539473
62.3,52.3599,0.00015218508,0.57372448
62.4,52.3599,0.00015199674,0.57301445
62.5,52.3599,0.00015295004,0.57660831
62.6,52.3599,0.00015171622,0.57195691
62.7,52.3599,0.0001526683,0.57554619
62.8,52.3599,0.00015179392,0.57224983
62.9,52.3599,0.00015186502,0.5725179
63,52.3599,0.00015226525,0.5740267
63.1,52.3599,0.00015079712,0.56849199
63.2,52.3599,0.00015231614,0.57421856
63.3,52.3599,0.00015069013,0.56808867
63.4,52.3599,0.00015194687,0.57282645
63.5,52.3599,0.00015085231,0.56870005
63.6,52.3599,0.00015132715,0.57049016
63.7,52.3599,0.00015135661,0.57060121
63.8,52.3599,0.00015056862,0.56763055
63.9,52.3599,0.0001515942,0.57149692
64,52.3599,0.0001503192,0.56669028
64.1,52.3599,0.00015166212,0.57175298
64.2,52.3599,0.00014991746,0.56517575
64.3,52.3599,0.00015102921,0.56936695
64.4,52.3599,0.00015065785,0.56796698
64.5,52.3599,0.00015027713,0.56653166
64.6,52.3599,0.00015059684,0.56773696
64.7,52.3599,0.00014981542,0.56479106
64.8,52.3599,0.00015141166,0.57080877
64.9,52.3599,0.0001492077,0.56250002
65,52.3599,0.00015041611,0.56705562
65.1,52.3599,0.00015000096,0.56549055
65.2,52.3599,0.00015076817,0.56838284
65.3,52.3599,0.00014918472,0.56241339
65.4,52.3599,0.00015005818,0.56570627
65.5,52.3599,0.00015052026,0.56744826
65.6,52.3599,0.00014927743,0.56276289
65.7,52.3599,0.00014985174,0.56492801
65.8,52.3599,0.00014964782,0.56415924
65.9,52.3599,0.00014977157,0.56462577
66,52.3599,0.00014953101,0.56371887
66.1,52.3599,0.00014893536,0.56147332
66.2,52.3599,0.00015022829,0.56634756
66.3,52.3599,0.00014807577,0.55823274
66.4,52.3599,0.00015008593,0.56581089
66.5,52.3599,0.00014836504,0.55932326
66.6,52.3599,0.00014947864,0.56352144
66.7,52.3599,0.00014874177,0.56074351
66.8,52.3599,0.00014875031,0.5607757
66.9,52.3599,0.00014964031,0.56413093
67,52.3599,0.00014803739,0.55808804
67.1,52.3599,0.00014980738,0.56476076
67.2,52.3599,0.00014815701,0.558539
67.3,52.3599,0.00014978824,0.56468861
67.4,52.3599,0.00014628454,0.55147994
67.5,52.3599,0.00014792189,0.55765262
67.6,52.3599,0.0001472958,0.55529232
67.7,52.3599,0.00014778725,0.55714506
67.8,52.3599,0.0001480939,0.5583011
67.9,52.3599,0.00014754413,0.55622851
68,26.17995,-7.9338425e-06,0.014954947
68.1,0,-3.8891145e-05,0
68.2,0,-1.9580038e-05,0
68.3,0,-1.3710253e-05,0
68.4,0,-1.0282748e-05,0
68.5,0,-7.7605412e-06,0
68.6,0,-5.9143297e-06,0
68.7,0,-4.5371978e-06,0
68.8,0,-3.4880554e-06,0
68.9,0,-2.6813661e-06,0
69,0,-2.0597394e-06,0
69.1,0,-1.5810511e-06,0
69.2,0,-1.2129747e-06,0
69.3,0,-9.3028835e-07,0
69.4,0,-7.1333465e-07,0
69.5,0,-5.4691324e-07,0
69.6,0,-4.1930408e-07,0
69.7,0,-3.2146363e-07,0
69.8,0,-2.4644563e-07,0
69.9,0,-1.8893521e-07,0
70,26.17995,0.00014570413,0.27464593
70.1,52.3599,0.0001062754,0.40064899
70.2,52.3599,9.4602062e-05,0.35664152
70.3,52.3599,0.00014634998,0.55172666
70.4,52.3599,0.00016107021,0.60722064
70.5,52.3599,0.00015769134,0.5944826
70.6,52.3599,0.00015042739,0.56709813
70.7,52.3599,0.00014642257,0.55200032
70.8,52.3599,0.00015052142,0.56745261
70.9,52.3599,0.00015000566,0.56550828
71,52.3599,0.00015014377,0.56602893
71.1,52.3599,0.00015144883,0.57094887
71.2,52.3599,0.00015189735,0.57263976
71.3,52.3599,0.00015236001,0.57438394
71.4,52.3599,0.00015298677,0.57674679
71.5,52.3599,0.00015413648,0.5810811
71.6,52.3599,0.00014978316,0.56466945
71.7,52.3599,0.00015074848,0.56830861
71.8,52.3599,0.00015026909,0.56650135
71.9,52.3599,0.00015324158,0.57770738
72,52.3599,0.00015122449,0.57010312
72.1,52.3599,0.00015223179,0.57390056
72.2,52.3599,0.00015182548,0.57236882
72.3,52.3599,0.00015206889,0.57328644
72.4,52.3599,0.00014974153,0.56451252
72.5,52.3599,0.00015093996,0.56903047
72.6,52.3599,0.00015164106,0.57167357
72.7,52.3599,0.00015227056,0.57404674
72.8,52.3599,0.00015184582,0.5724455
72.9,52.3599,0.00015229949,0.5741558
73,52.3599,0.00015256387,0.57515247
73.1,52.3599,0.00015282042,0.57611966
73.2,52.3599,0.00015185827,0.57249243
73.3,52.3599,0.00015098171,0.56918787
73.4,52.3599,0.00014868091,0.56051406
73.5,52.3599,0.00015114949,0.5698204
73.6,52.3599,0.00015153238,0.57126387
73.7,52.3599,0.00015050536,0.56739209
73.8,52.3599,0.00015102921,0.56936697
73.9,52.3599,0.00015044637,0.56716968
74,52.3599,0.00015153733,0.5712825
74.1,52.3599,0.00015033579,0.56675283
74.2,52.3599,0.00015045887,0.5672168
74.3,52.3599,0.00015111036,0.56967288
74.4,52.3599,0.00015061048,0.56778839
74.5,52.3599,0.00015111122,0.56967612
74.6,52.3599,0.00015030835,0.56664939
74.7,52.3599,0.00015156182,0.57137484
74.8,52.3599,0.00015053223,0.56749339
74.9,52.3599,0.00015096192,0.56911327
75,52.3599,0.00015130802,0.57041805
75.1,52.3599,0.0001507542,0.56833017
75.2,52.3599,0.00015114954,0.56982059
75.3,52.3599,0.00015119004,0.56997325
75.4,52.3599,0.00015079014,0.56846569
75.5,52.3599,0.00015133365,0.57051468
75.6,52.3599,0.00015073663,0.56826395
75.7,52.3599,0.00015093544,0.56901344
75.8,52.3599,0.00015119061,0.56997542
75.9,52.3599,0.00015016631,0.56611391
76,52.3599,0.0001513677,0.57064303
76.1,52.3599,0.00015042858,0.56710264
76.2,52.3599,0.00015091826,0.56894866
76.3,52.3599,0.0001506193,0.56782162
76.4,52.3599,0.00015055891,0.56759395
76.5,52.3599,0.00015093223,0.56900133
76.6,52.3599,0.00014993865,0.56525565
76.7,52.3599,0.00015106042,0.56948462
76.8,52.3599,0.00015026592,0.56648941
76.9,52.3599,0.00015040647,0.56701927
77,52.3599,0.00015037201,0.56688936
77.1,52.3599,0.0001502765,0.56652928
77.2,52.3599,0.00015045044,0.56718502
77.3,52.3599,0.00014987589,0.56501905
77.4,52.3599,0.00015056126,0.56760282
77.5,52.3599,0.00015007555,0.56577175
77.6,52.3599,0.00014990886,0.56514332
77.7,52.3599,0.0001500648,0.56573122
77.8,52.3599,0.00015015856,0.56608469
77.9,52.3599,0.00014904825,0.56189892
78,26.17995,-9.4415976e-06,0.017797
78.1,0,-3.8755964e-05,0
78.2,0,-1.9553416e-05,0
78.3,0,-1.3623208e-05,0
78.4,0,-1.0187918e-05,0
78.5,0,-7.6704574e-06,0
78.6,0,-5.8445486e-06,0
78.7,0,-4.488335e-06,0
78.8,0,-3.4535878e-06,0
78.9,0,-2.6559662e-06,0
79,0,-2.0404087e-06,0
79.1,0,-1.5662248e-06,0
79.2,0,-1.2015628e-06,0
79.3,0,-9.2151755e-07,0
79.4,0,-7.0658882e-07,0
79.5,0,-5.4172224e-07,0
79.6,0,-4.1531388e-07,0
79.7,0,-3.1840053e-07,0
79.8,0,-2.4410832e-07,0
79.9,0,-1.8714942e-07,0
80,26.17995,0.00014569084,0.27462088
80.1,52.3599,0.00010593849,0.39937888
80.2,52.3599,9.4506238e-05,0.35628028
80.3,52.3599,0.000145352,0.54796437
80.4,52.3599,0.00015843716,0.59729427
80.5,52.3599,0.00015392445,0.58028175
80.6,52.3599,0.00015018022,0.56616632
80.7,52.3599,0.00014837616,0.55936517
80.8,52.3599,0.00014851441,0.55988636
80.9,52.3599,0.00014687961,0.5537233
81,52.3599,0.00015142836,0.57087172
81.1,52.3599,0.00015103752,0.56939827
81.2,52.3599,0.00015184455,0.57244071
81.3,52.3599,0.00015123038,0.57012534
81.4,52.3599,0.00015197742,0.57294161
81.5,52.3599,0.00015116126,0.56986478
81.6,52.3599,0.00015207297,0.57330184
81.7,52.3599,0.00015115381,0.5698367
81.8,52.3599,0.00015179646,0.5722594
81.9,52.3599,0.00015152158,0.57122316
82,52.3599,0.0001514442,0.57093142
82.1,52.3599,0.00015188633,0.57259824
82.2,52.3599,0.0001510198,0.56933148
82.3,52.3599,0.0001521891,0.57373965
82.4,52.3599,0.00015105406,0.56946064
82.5,52.3599,0.00015207442,0.57330732
82.6,52.3599,0.00015100916,0.56929138
82.7,52.3599,0.00015160105,0.57152275
82.8,52.3599,0.00015204839,0.57320918
82.9,52.3599,0.00015079497,0.56848388
83,52.3599,0.00015189381,0.57262642
83.1,52.3599,0.00015121754,0.57007696
83.2,52.3599,0.00015186949,0.57253472
83.3,52.3599,0.00015114347,0.56979769
83.4,52.3599,0.0001510479,0.56943743
83.5,52.3599,0.00015224966,0.57396795
83.6,52.3599,0.00015046943,0.56725664
83.7,52.3599,0.00015135421,0.57059217
83.8,52.3599,0.00015115362,0.56983595
83.9,52.3599,0.00015118306,0.56994695
84,52.3599,0.00015074038,0.56827809
84.1,52.3599,0.00015047036,0.56726013
84.2,52.3599,0.00015097418,0.56915948
84.3,52.3599,0.00015076026,0.56835302
84.4,52.3599,0.00014974246,0.56451602
84.5,52.3599,0.0001505202,0.56744803
84.6,52.3599,0.00015068806,0.56808083
84.7,52.3599,0.00014912011,0.5621698
84.8,52.3599,0.00015070469,0.56814355
84.9,52.3599,0.00014852085,0.55991067
85,52.3599,0.00015139287,0.5707379
85.1,52.3599,0.00014724106,0.55508594
85.2,52.3599,0.00015022285,0.56632705
85.3,52.3599,0.00014879354,0.56093868
85.4,52.3599,0.00014853864,0.55997773
85.5,52.3599,0.00014907216,0.56198906
85.6,52.3599,0.00014814124,0.55847955
85.7,52.3599,0.00014938724,0.56317685
85.8,52.3599,0.00014820082,0.55870417
85.9,52.3599,0.00014897651,0.56162845
86,52.3599,0.00014938663,0.56317458
86.1,52.3599,0.00014866513,0.56045458
86.2,52.3599,0.00014971383,0.5644081
86.3,52.3599,0.00014887023,0.56122779
86.4,52.3599,0.00014973877,0.56450212
86.5,52.3599,0.00014921058,0.56251086
86.6,52.3599,0.00014891394,0.56139257
86.7,52.3599,0.00014975858,0.5645768
86.8,52.3599,0.00014924634,0.56264567
86.9,52.3599,0.00014796668,0.55782146
87,52.3599,0.00014728935,0.55526801
87.1,52.3599,0.0001478024,0.55720215
87.2,52.3599,0.0001479509,0.55776201
87.3,52.3599,0.00014812603,0.55842221
87.4,52.3599,0.00014771375,0.55686797
87.5,52.3599,0.0001487703,0.56085104
87.6,52.3599,0.00014740866,0.55571778
87.7,52.3599,0.00014873214,0.56070721
87.8,52.3599,0.00014836499,0.55932306
87.9,52.3599,0.0001480139,0.5579995
88,26.17995,-7.8515947e-06,0.014799914
88.1,0,-3.8763482e-05,0
88.2,0,-1.9531097e-05,0
88.3,0,-1.3686505e-05,0
88.4,0,-1.0261305e-05,0
88.5,0,-7.740058e-06,0
88.6,0,-5.8958035e-06,0
88.7,0,-4.5225796e-06,0
88.8,0,-3.4771936e-06,0
88.9,0,-2.6733414e-06,0
89,0,-2.0537176e-06,0
89.1,0,-1.5764744e-06,0
89.2,0,-1.2094838e-06,0
89.3,0,-9.2760679e-07,0
89.4,0,-7.1129903e-07,0
89.5,0,-5.4535348e-07,0
89.6,0,-4.1809795e-07,0
89.7,0,-3.2054109e-07,0
89.8,0,-2.4574419e-07,0
89.9,0,-1.8840075e-07,0
90,26.17995,0.00014571184,0.27466047
90.1,52.3599,0.00010615971,0.40021284
90.2,52.3599,9.4732604e-05,0.35713366
90.3,52.3599,0.00014541243,0.54819217
90.4,52.3599,0.00015438289,0.58201003
90.5,52.3599,0.00015293229,0.57654142
90.6,52.3599,0.00014910462,0.5621114
90.7,52.3599,0.00014756038,0.55628976
90.8,52.3599,0.00014953826,0.56374622
90.9,52.3599,0.00015136216,0.57062214
91,52.3599,0.00015153134,0.57125993
91.1,52.3599,0.00015174177,0.57205322
91.2,52.3599,0.00015217252,0.57367714
91.3,52.3599,0.00015130848,0.57041976
91.4,52.3599,0.00014947983,0.56352594
91.5,52.3599,0.00015065485,0.56795566
91.6,52.3599,0.00015147432,0.57104497
91.7,52.3599,0.00015084473,0.56867149
91.8,52.3599,0.00015228678,0.57410787
91.9,52.3599,0.00015116974,0.56989673
92,52.3599,0.00015211251,0.5734509
92.1,52.3599,0.00015172362,0.57198481
92.2,52.3599,0.00015224163,0.57393766
92.3,52.3599,0.00015202031,0.5731033
92.4,52.3599,0.00015151787,0.57120914
92.5,52.3599,0.00015217592,0.57368996
92.6,52.3599,0.00015167066,0.57178518
92.7,52.3599,0.00015103225,0.56937839
92.8,52.3599,0.00015159093,0.57148459
92.9,52.3599,0.00015070533,0.56814597
93,52.3599,0.00015133396,0.57051582
93.1,52.3599,0.00015025336,0.56644207
93.2,52.3599,0.00015096497,0.56912478
93.3,52.3599,0.00015080685,0.56852869
93.4,52.3599,0.00015006782,0.5657426
93.5,52.3599,0.0001507695,0.56838786
93.6,52.3599,0.00014961729,0.56404415
93.7,52.3599,0.00015124716,0.57018861
93.8,52.3599,0.00014864002,0.56035992
93.9,52.3599,0.00015085886,0.56872474
94,52.3599,0.00014918719,0.5624227
94.1,52.3599,0.00014988377,0.56504874
94.2,52.3599,0.00014930671,0.56287327
94.3,52.3599,0.00014897245,0.56161313
94.4,52.3599,0.00015074416,0.56829234
94.5,52.3599,0.00014776849,0.55707433
94.6,52.3599,0.00015031262,0.56666548
94.7,52.3599,0.00014817743,0.558616
94.8,52.3599,0.00015036805,0.56687445
94.9,52.3599,0.0001480896,0.55828488
95,52.3599,0.00014914062,0.56224714
95.1,52.3599,0.00014965578,0.56418923
95.2,52.3599,0.000148473,0.55973027
95.3,52.3599,0.00014912244,0.5621786
95.4,52.3599,0.0001484222,0.55953874
95.5,52.3599,0.00014951002,0.56363973
95.6,52.3599,0.00014844156,0.55961173
95.7,52.3599,0.00014904087,0.56187109
95.8,52.3599,0.00014902694,0.56181856
95.9,52.3599,0.00014899819,0.5617102
96,52.3599,0.00014905051,0.56190741
96.1,52.3599,0.00014896168,0.56157255
96.2,52.3599,0.0001495659,0.5638504
96.3,52.3599,0.00014911819,0.56216258
96.4,52.3599,0.00014914312,0.56225656
96.5,52.3599,0.00014942417,0.56331611
96.6,52.3599,0.00014918784,0.56242514
96.7,52.3599,0.00014912738,0.5621972
96.8,52.3599,0.00014891902,0.56141171
96.9,52.3599,0.00014964555,0.56415066
97,52.3599,0.00014841846,0.55952466
97.1,52.3599,0.00014950123,0.56360658
97.2,52.3599,0.00014882312,0.56105018
97.3,52.3599,0.00014899629,0.56170304
97.4,52.3599,0.00014920575,0.56249265
97.5,52.3599,0.00014842242,0.55953956
97.6,52.3599,0.00014999535,0.56546937
97.7,52.3599,0.0001476865,0.55676521
97.8,52.3599,0.00014788047,0.55749647
97.9,52.3599,0.00014754641,0.55623711
98,26.17995,-9.4443667e-06,0.017802219
98.1,0,-3.8945117e-05,0
98.2,0,-1.9773291e-05,0
98.3,0,-1.3663109e-05,0
98.4,0,-1.0224597e-05,0
98.5,0,-7.7186683e-06,0
98.6,0,-5.8899416e-06,0
98.7,0,-4.5235824e-06,0
98.8,0,-3.4793862e-06,0
98.9,0,-2.6749529e-06,0
99,0,-2.0546794e-06,0
99.1,0,-1.57711e-06,0
99.2,0,-1.2099029e-06,0
99.3,0,-9.2787739e-07,0
99.4,0,-7.1145503e-07,0
99.5,0,-5.4545014e-07,0
99.6,0,-4.1816087e-07,0
99.7,0,-3.2057648e-07,0
99.8,0,-2.4576309e-07,0
99.9,0,-1.884151e-07,0
100,26.17995,0.00014569514,0.27462898
100.1,52.3599,0.00010592718,0.39933623
100.2,52.3599,9.461564e-05,0.35669271
100.3,52.3599,0.00014655824,0.55251178
100.4,52.3599,0.00016029239,0.60428835
100.5,52.3599,0.00015541953,0.58591806
100.6,52.3599,0.00015161691,0.57158254
100.7,52.3599,0.00014760561,0.55646028
100.8,52.3599,0.00015142619,0.57086353
100.9,52.3599,0.00015301854,0.57686654
101,52.3599,0.00015251856,0.57498165
101.1,52.3599,0.00015249141,0.57487931
101.2,52.3599,0.00015287463,0.57632401
101.3,52.3599,0.00014975448,0.56456134
101.4,52.3599,0.00014828363,0.55901635
101.5,52.3599,0.00014952461,0.56369473
101.6,52.3599,0.0001496029,0.56398989
101.7,52.3599,0.0001489009,0.5613434
101.8,52.3599,0.00015129904,0.57038419
101.9,52.3599,0.00015088452,0.56882147
102,52.3599,0.00015161347,0.57156956
102.1,52.3599,0.00015160277,0.57152923
102.2,52.3599,0.00015034935,0.56680394
102.3,52.3599,0.00015179736,0.57226282
102.4,52.3599,0.00015033372,0.56674501
102.5,52.3599,0.00015058434,0.56768981
102.6,52.3599,0.00015101003,0.56929464
102.7,52.3599,0.00015033788,0.56676069
102.8,52.3599,0.00015157298,0.57141691
102.9,52.3599,0.00015167691,0.57180873
103,52.3599,0.0001515555,0.57135102
103.1,52.3599,0.0001520551,0.57323448
103.2,52.3599,0.00015259889,0.57528452
103.3,52.3599,0.00015147293,0.57103973
103.4,52.3599,0.00015107565,0.56954203
103.5,52.3599,0.00014911962,0.56216796
103.6,52.3599,0.0001517881,0.57222789
103.7,52.3599,0.00014997764,0.56540262
103.8,52.3599,0.00015133994,0.57053837
103.9,52.3599,0.00014974071,0.56450943
104,52.3599,0.00015096034,0.56910732
104.1,52.3599,0.00014934386,0.56301334
104.2,52.3599,0.0001502467,0.56641694
104.3,52.3599,0.00014978552,0.56467834
104.4,52.3599,0.00014903485,0.56184839
104.5,52.3599,0.00014964158,0.56413571
104.6,52.3599,0.00014949205,0.563572
104.7,52.3599,0.0001500675,0.56574138
104.8,52.3599,0.00014881316,0.56101263
104.9,52.3599,0.00015015303,0.56606382
105,52.3599,0.00014967328,0.56425521
105.1,52.3599,0.00014997371,0.5653878
105.2,52.3599,0.0001495769,0.56389188
105.3,52.3599,0.00015061143,0.56779196
105.4,52.3599,0.00014955274,0.56380078
105.5,52.3599,0.00015037187,0.56688885
105.6,52.3599,0.00015027534,0.56652494
105.7,52.3599,0.0001499622,0.5653444
105.8,52.3599,0.00015103708,0.56939661
105.9,52.3599,0.00014939267,0.56319734
106,52.3599,0.00015141262,0.57081238
106.1,52.3599,0.00014972453,0.56444841
106.2,52.3599,0.00015071357,0.56817702
106.3,52.3599,0.00015042392,0.56708505
106.4,52.3599,0.00015012931,0.56597441
106.5,52.3599,0.0001513233,0.57047565
106.6,52.3599,0.00014918743,0.56242362
106.7,52.3599,0.00015159912,0.57151548
106.8,52.3599,0.00014977563,0.56464108
106.9,52.3599,0.0001504399,0.56714532
107,52.3599,0.0001506442,0.56791549
107.1,52.3599,0.00014961848,0.56404864
107.2,52.3599,0.00015133524,0.57052067
107.3,52.3599,0.00014774386,0.55698146
107.4,52.3599,0.00014908567,0.56203997
107.5,52.3599,0.0001486549,0.56041602
107.6,52.3599,0.00014862469,0.56030212
107.7,52.3599,0.00014977465,0.56463738
107.8,52.3599,0.00014823835,0.55884564
107.9,52.3599,0.00015011598,0.56592417
108,26.17995,-8.2394672e-06,0.015531037
108.1,0,-3.8626702e-05,0
108.2,0,-1.9512595e-05,0
108.3,0,-1.3652628e-05,0
108.4,0,-1.0182943e-05,0
108.5,0,-7.654609e-06,0
108.6,0,-5.8333474e-06,0
108.7,0,-4.4819131e-06,0
108.8,0,-3.4495629e-06,0
108.9,0,-2.6528881e-06,0
109,0,-2.0379436e-06,0
109.1,0,-1.5643011e-06,0
109.2,0,-1.2000624e-06,0
109.3,0,-9.2030865e-07,0
109.4,0,-7.0564732e-07,0
109.5,0,-5.4100667e-07,0
109.6,0,-4.1477568e-07,0
109.7,0,-3.1798466e-07,0
109.8,0,-2.4377615e-07,0
109.9,0,-1.8689271e-07,0
110,26.17995,0.00014569481,0.27462837
110.1,52.3599,0.00010599614,0.3995962
110.2,52.3599,9.4630654e-05,0.35674931
110.3,52.3599,0.00014587123,0.54992181
110.4,52.3599,0.00015930792,0.60057695
110.5,52.3599,0.00015593434,0.58785888
110.6,52.3599,0.00014941218,0.5632709
110.7,52.3599,0.00014870978,0.56062289
110.8,52.3599,0.00014909654,0.56208094
110.9,52.3599,0.00015111733,0.56969917
111,52.3599,0.00014969123,0.5643229
111.1,52.3599,0.0001516633,0.5717574
111.2,52.3599,0.00015160105,0.57152274
111.3,52.3599,0.00015148689,0.57109237
111.4,52.3599,0.00015155702,0.57135674
111.5,52.3599,0.0001521581,0.57362276
111.6,52.3599,0.00015166528,0.57176487
111.7,52.3599,0.00015202826,0.5731333
111.8,52.3599,0.00015166703,0.57177148
111.9,52.3599,0.00015279279,0.5760155
112,52.3599,0.00015158883,0.57147667
112.1,52.3599,0.0001524268,0.57463574
112.2,52.3599,0.00015210203,0.5734114
112.3,52.3599,0.00015216413,0.57364549
112.4,52.3599,0.00015230307,0.57416928
112.5,52.3599,0.00015160603,0.57154153
112.6,52.3599,0.00015222541,0.57387654
112.7,52.3599,0.00015168584,0.57184238
112.8,52.3599,0.00015091508,0.56893668
112.9,52.3599,0.00015243255,0.57465741
113,52.3599,0.0001493447,0.56301648
113.1,52.3599,0.00015191394,0.57270231
113.2,52.3599,0.00014961673,0.56404204
113.3,52.3599,0.00015037647,0.56690618
113.4,52.3599,0.00014991924,0.56518247
113.5,52.3599,0.00014881652,0.56102529
113.6,52.3599,0.00015113682,0.56977265
113.7,52.3599,0.00014742346,0.5557736
113.8,52.3599,0.00015063772,0.56789107
113.9,52.3599,0.00014793096,0.55768683
114,52.3599,0.0001501324,0.56598606
114.1,52.3599,0.00014779944,0.55719102
114.2,52.3599,0.00014879083,0.56092844
114.3,52.3599,0.00014947113,0.56349312
114.4,52.3599,0.00014748729,0.55601423
114.5,52.3599,0.00014945163,0.56341963
114.6,52.3599,0.0001471116,0.55459789
114.7,52.3599,0.00015025931,0.56646449
114.8,52.3599,0.00014653219,0.55241357
114.9,52.3599,0.00014912313,0.56218119
115,52.3599,0.00014756448,0.55630523
115.1,52.3599,0.00014890824,0.56137109
115.2,52.3599,0.00014723076,0.55504712
115.3,52.3599,0.00014814348,0.55848799
115.4,52.3599,0.00014832493,0.55917206
115.5,52.3599,0.00014799849,0.5579414
115.6,52.3599,0.00014735021,0.55549743
115.7,52.3599,0.00014812838,0.55843108
115.8,52.3599,0.00014825459,0.55890689
115.9,52.3599,0.00014770491,0.55683461
116,52.3599,0.00014760509,0.55645831
116.1,52.3599,0.00014809684,0.55831217
116.2,52.3599,0.00014848991,0.55979401
116.3,52.3599,0.00014710487,0.55457254
116.4,52.3599,0.00014873869,0.5607319
116.5,52.3599,0.00014789819,0.5575633
116.6,52.3599,0.00014874071,0.5607395
116.7,52.3599,0.00014792123,0.55765015
116.8,52.3599,0.00014943804,0.56336838
116.9,52.3599,0.00014846526,0.5597011
117,52.3599,0.00014941676,0.56328814
117.1,52.3599,0.00014889993,0.56133974
117.2,52.3599,0.00014927167,0.56274117
117.3,52.3599,0.00014980621,0.56475635
117.4,52.3599,0.00014881894,0.56103441
117.5,52.3599,0.00014998481,0.56542967
117.6,52.3599,0.00014900891,0.5617506
117.7,52.3599,0.00014823652,0.55883875
117.8,52.3599,0.00014769582,0.55680036
117.9,52.3599,0.00014791327,0.55762013
118,26.17995,-8.2019096e-06,0.015460242
118.1,0,-3.8818158e-05,0
118.2,0,-1.9559262e-05,0
118.3,0,-1.3694714e-05,0
118.4,0,-1.0266062e-05,0
118.5,0,-7.7480221e-06,0
118.6,0,-5.9078375e-06,0
118.7,0,-4.5345904e-06,0
118.8,0,-3.4869171e-06,0
118.9,0,-2.6806393e-06,0
119,0,-2.0591245e-06,0
119.1,0,-1.5805861e-06,0
119.2,0,-1.2125774e-06,0
119.3,0,-9.2992213e-07,0
119.4,0,-7.130306e-07,0
119.5,0,-5.4666419e-07,0
119.6,0,-4.1910966e-07,0
119.7,0,-3.2130443e-07,0
119.8,0,-2.4631835e-07,0
119.9,0,-1.8883822e-07,0
120,26.17995,0.00014569822,0.2746348
120.1,52.3599,0.00010606647,0.39986133
120.2,52.3599,9.4575914e-05,0.35654295
120.3,52.3599,0.00014640868,0.55194797
120.4,52.3599,0.00015907069,0.59968265
120.5,52.3599,0.00015431636,0.58175923
120.6,52.3599,0.00015252034,0.57498839
120.7,52.3599,0.00015147076,0.57103157
120.8,52.3599,0.00014986354,0.56497246
120.9,52.3599,0.00015010862,0.56589641
121,52.3599,0.0001499794,0.56540927
121.1,52.3599,0.00014982467,0.56482595
121.2,52.3599,0.00014933709,0.56298782
121.3,52.3599,0.00015276082,0.57589498
121.4,52.3599,0.0001510544,0.5694619
121.5,52.3599,0.00015178857,0.57222968
121.6,52.3599,0.00015158307,0.57145494
121.7,52.3599,0.00015136497,0.57063274
121.8,52.3599,0.00015013503,0.56599596
121.9,52.3599,0.00015145019,0.57095401
122,52.3599,0.00015147821,0.57105966
122.1,52.3599,0.00015079121,0.56846971
122.2,52.3599,0.00015146264,0.57100094
122.3,52.3599,0.00015013426,0.56599307
122.4,52.3599,0.00014961661,0.56404157
122.5,52.3599,0.00015027995,0.56654231
122.6,52.3599,0.00015107664,0.56954576
122.7,52.3599,0.00015021204,0.56628628
122.8,52.3599,0.00015140755,0.57079327
122.9,52.3599,0.00015061323,0.56779876
123,52.3599,0.0001514494,0.57095102
123.1,52.3599,0.00015041496,0.5670513
123.2,52.3599,0.00015127828,0.57030592
123.3,52.3599,0.00015077404,0.56840497
123.4,52.3599,0.00015165965,0.57174367
123.5,52.3599,0.00015060542,0.56776931
123.6,52.3599,0.00015142185,0.57084716
123.7,52.3599,0.00015119632,0.56999696
123.8,52.3599,0.00015154483,0.57131081
123.9,52.3599,0.00015140687,0.57079071
124,52.3599,0.00015112959,0.56974537
124.1,52.3599,0.00015167533,0.57180277
124.2,52.3599,0.00015161669,0.57158168
124.3,52.3599,0.00015105797,0.56947539
124.4,52.3599,0.00015166355,0.57175835
124.5,52.3599,0.000151808,0.57230292
124.6,52.3599,0.00015061578,0.56780837
124.7,52.3599,0.00015199101,0.57299286
124.8,52.3599,0.00015053442,0.56750162
124.9,52.3599,0.00015137588,0.57067387
125,52.3599,0.00015019136,0.56620834
125.1,52.3599,0.00014798793,0.55790158
125.2,52.3599,0.00015037298,0.56689301
125.3,52.3599,0.00014834213,0.5592369
125.4,52.3599,0.00015022151,0.56632198
125.5,52.3599,0.00014932183,0.56293027
125.6,52.3599,0.00014909749,0.56208454
125.7,52.3599,0.00015028515,0.5665619
125.8,52.3599,0.00014884016,0.56111444
125.9,52.3599,0.0001504434,0.56715849
126,52.3599,0.00014911768,0.56216065
126.1,52.3599,0.00014983525,0.56486584
126.2,52.3599,0.00015037573,0.56690339
126.3,52.3599,0.00014897115,0.56160826
126.4,52.3599,0.00015066864,0.56800762
126.5,52.3599,0.00014954595,0.56377519
126.6,52.3599,0.00014990606,0.56513277
126.7,52.3599,0.00015023356,0.56636743
126.8,52.3599,0.0001496049,0.56399741
126.9,52.3599,0.00015072648,0.56822571
127,52.3599,0.00014949862,0.56359675
127.1,52.3599,0.0001503112,0.56666011
127.2,52.3599,0.00015048246,0.56730575
127.3,52.3599,0.0001495415,0.56375841
127.4,52.3599,0.0001507756,0.56841086
127.5,52.3599,0.00014983626,0.56486962
127.6,52.3599,0.00015019467,0.56622079
127.7,52.3599,0.00015043848,0.56713996
127.8,52.3599,0.00014971363,0.56440735
127.9,52.3599,0.00015079437,0.56848162
128,26.17995,-7.1840796e-06,0.013541677
128.1,0,-3.8412981e-05,0
128.2,0,-1.9378644e-05,0
128.3,0,-1.3566041e-05,0
128.4,0,-1.0112078e-05,0
128.5,0,-7.5838632e-06,0
128.6,0,-5.7744216e-06,0
128.7,0,-4.4376362e-06,0
128.8,0,-3.4166375e-06,0
128.9,0,-2.6281353e-06,0
129,0,-2.0192522e-06,0
129.1,0,-1.5500329e-06,0
129.2,0,-1.1891483e-06,0
129.3,0,-9.1198898e-07,0
129.4,0,-6.9929025e-07,0
129.5,0,-5.3616147e-07,0
129.6,0,-4.1106354e-07,0
129.7,0,-3.1515323e-07,0
129.8,0,-2.416181e-07,0
129.9,0,-1.8524713e-07,0
130,26.17995,0.00014567817,0.274597
130.1,52.3599,0.00010585894,0.39907896
130.2,52.3599,9.462898e-05,0.356743
130.3,52.3599,0.00014579275,0.54962594
130.4,52.3599,0.00015839689,0.59714246
130.5,52.3599,0.00015537291,0.58574232
130.6,52.3599,0.00015053963,0.56752128
130.7,52.3599,0.00014942431,0.56331664
130.8,52.3599,0.00015199066,0.57299155
130.9,52.3599,0.00015304521,0.5769671
131,52.3599,0.00015129329,0.5703625
131.1,52.3599,0.00015285507,0.57625028
131.2,52.3599,0.00015195193,0.57284554
131.3,52.3599,0.00015148414,0.571082
131.4,52.3599,0.00015081649,0.56856502
131.5,52.3599,0.00015154874,0.57132552
131.6,52.3599,0.00015178083,0.57220051
131.7,52.3599,0.00015222402,0.57387128
131.8,52.3599,0.00015193599,0.57278543
131.9,52.3599,0.00015243839,0.57467943
132,52.3599,0.00015050398,0.56738688
132.1,52.3599,0.00015051621,0.56743297
132.2,52.3599,0.00015055412,0.56757589
132.3,52.3599,0.00015186231,0.57250766
132.4,52.3599,0.00015223241,0.57390291
132.5,52.3599,0.00015158952,0.57147925
132.6,52.3599,0.00015313501,0.57730562
132.7,52.3599,0.00015216466,0.57364749
132.8,52.3599,0.00015191114,0.57269176
132.9,52.3599,0.00015220125,0.57378545
133,52.3599,0.00015095005,0.56906854
133.1,52.3599,0.00015251509,0.5749686
133.2,52.3599,0.00015006576,0.56573482
133.3,52.3599,0.00015160982,0.5715558
133.4,52.3599,0.00015015776,0.56608166
133.5,52.3599,0.00015139947,0.57076279
133.6,52.3599,0.00014987016,0.56499744
133.7,52.3599,0.00015049685,0.56736002
133.8,52.3599,0.00015052548,0.56746793
133.9,52.3599,0.00015103248,0.56937926
134,52.3599,0.00014921095,0.56251227
134.1,52.3599,0.00015084325,0.56866588
134.2,52.3599,0.00014975668,0.56456962
134.3,52.3599,0.00015165085,0.57171046
134.4,52.3599,0.00014880234,0.56097185
134.5,52.3599,0.00015044958,0.56718181
134.6,52.3599,0.00014907271,0.56199111
134.7,52.3599,0.00014981974,0.56480737
134.8,52.3599,0.00014785939,0.557417
134.9,52.3599,0.00014668264,0.55298077
135,52.3599,0.00014732105,0.55538752
135.1,52.3599,0.00014796178,0.55780303
135.2,52.3599,0.00014746237,0.55592028
135.3,52.3599,0.00014735207,0.55550446
135.4,52.3599,0.00014799588,0.55793157
135.5,52.3599,0.00014755916,0.55628516
135.6,52.3599,0.00014803601,0.55808285
135.7,52.3599,0.00014711895,0.5546256
135.8,52.3599,0.00014780791,0.55722292
135.9,52.3599,0.00014776501,0.55706119
136,52.3599,0.00014777462,0.55709744
136.1,52.3599,0.00014773222,0.55693759
136.2,52.3599,0.00014787363,0.55747067
136.3,52.3599,0.0001478502,0.55738237
136.4,52.3599,0.00014834708,0.55925557
136.5,52.3599,0.00014781885,0.55726417
136.6,52.3599,0.0001484392,0.55960283
136.7,52.3599,0.00014785664,0.55740665
136.8,52.3599,0.0001486299,0.56032175
136.9,52.3599,0.00014824326,0.55886416
137,52.3599,0.00014778809,0.55714821
137.1,52.3599,0.0001488071,0.56098978
137.2,52.3599,0.00014784003,0.55734404
137.3,52.3599,0.00014919457,0.56245051
137.4,52.3599,0.00014693798,0.55394338
137.5,52.3599,0.00014946272,0.56346144
137.6,52.3599,0.0001476501,0.55662801
137.7,52.3599,0.00014873287,0.56070996
137.8,52.3599,0.00014808821,0.55827963
137.9,52.3599,0.00014901116,0.56175908
138,26.17995,-8.4609588e-06,0.015948538
138.1,0,-3.8983845e-05,0
138.2,0,-1.9627825e-05,0
138.3,0,-1.3716417e-05,0
138.4,0,-1.0268256e-05,0
138.5,0,-7.7612584e-06,0
138.6,0,-5.9240897e-06,0
138.7,0,-4.5487854e-06,0
138.8,0,-3.4980397e-06,0
138.9,0,-2.688875e-06,0
139,0,-2.0652092e-06,0
139.1,0,-1.5850831e-06,0
139.2,0,-1.2160266e-06,0
139.3,0,-9.3262821e-07,0
139.4,0,-7.1514751e-07,0
139.5,0,-5.4832011e-07,0
139.6,0,-4.2039885e-07,0
139.7,0,-3.2231863e-07,0
139.8,0,-2.4712569e-07,0
139.9,0,-1.8947013e-07,0
140,26.17995,0.00014570304,0.27464388
140.1,52.3599,0.0001059992,0.39960773
140.2,52.3599,9.4563783e-05,0.35649722
140.3,52.3599,0.00014596966,0.55029288
140.4,52.3599,0.00015846132,0.59738538
140.5,52.3599,0.00015415482,0.58115023
140.6,52.3599,0.00015017371,0.5661418
140.7,52.3599,0.00014699155,0.55414534
140.8,52.3599,0.0001508183,0.56857183
140.9,52.3599,0.0001508009,0.56850623
141,52.3599,0.00014949251,0.56357372
141.1,52.3599,0.00015055702,0.56758684
141.2,52.3599,0.00015230972,0.57419438
141.3,52.3599,0.00015096661,0.56913096
141.4,52.3599,0.00015215523,0.57361195
141.5,52.3599,0.00015067676,0.56803824
141.6,52.3599,0.00015219008,0.57374332
141.7,52.3599,0.00015068905,0.56808459
141.8,52.3599,0.00015118837,0.56996697
141.9,52.3599,0.00014987708,0.56502354
142,52.3599,0.00015178767,0.57222628
142.1,52.3599,0.00015097131,0.56914866
142.2,52.3599,0.00015198005,0.57295155
142.3,52.3599,0.00015091039,0.56891901
142.4,52.3599,0.00015176072,0.57212468
142.5,52.3599,0.0001509604,0.56910755
142.6,52.3599,0.00015160417,0.57153451
142.7,52.3599,0.00015066065,0.56797749
142.8,52.3599,0.00015084369,0.56866757
142.9,52.3599,0.00015089648,0.56886657
143,52.3599,0.00015030411,0.56663338
143.1,52.3599,0.0001504839,0.56731119
143.2,52.3599,0.00014993404,0.56523827
143.3,52.3599,0.00015045871,0.56721622
143.4,52.3599,0.00014966673,0.56423052
143.5,52.3599,0.00015007887,0.56578426
143.6,52.3599,0.00014905408,0.5619209
143.7,52.3599,0.00015010742,0.5658919
143.8,52.3599,0.00014932184,0.56293033
143.9,52.3599,0.00014894753,0.5615192
144,52.3599,0.00014941863,0.56329521
144.1,52.3599,0.00014898513,0.56166093
144.2,52.3599,0.00014943926,0.56337298
144.3,52.3599,0.00014816219,0.55855854
144.4,52.3599,0.00014964491,0.56414827
144.5,52.3599,0.0001487057,0.56060753
144.6,52.3599,0.0001487763,0.56087368
144.7,52.3599,0.00014847641,0.5597431
144.8,52.3599,0.00014941135,0.56326775
144.9,52.3599,0.00014822973,0.55881314
145,52.3599,0.00014868035,0.56051194
145.1,52.3599,0.0001480903,0.5582875
145.2,52.3599,0.00014970347,0.56436902
145.3,52.3599,0.00014709588,0.55453866
145.4,52.3599,0.0001492892,0.56280725
145.5,52.3599,0.00014779034,0.5571567
145.6,52.3599,0.00014933665,0.56298615
145.7,52.3599,0.0001471096,0.55459036
145.8,52.3599,0.00014918082,0.56239868
145.9,52.3599,0.00014809015,0.55828695
146,52.3599,0.00014884263,0.56112375
146.1,52.3599,0.00014865388,0.56041216
146.2,52.3599,0.00014890816,0.56137078
146.3,52.3599,0.00014946413,0.56346673
146.4,52.3599,0.00014865797,0.56042758
146.5,52.3599,0.00014973221,0.56447738
146.6,52.3599,0.00014909072,0.562059
146.7,52.3599,0.00014966263,0.56421508
146.8,52.3599,0.00014877641,0.5608741
146.9,52.3599,0.00014936257,0.56308388
147,52.3599,0.00014782484,0.55728675
147.1,52.3599,0.00014710126,0.55455892
147.2,52.3599,0.00014835127,0.55927134
147.3,52.3599,0.00014781547,0.55725142
147.4,52.3599,0.00014795448,0.55777548
147.5,52.3599,0.00014831187,0.55912281
147.6,52.3599,0.00014805975,0.55817233
147.7,52.3599,0.00014853034,0.55994642
147.8,52.3599,0.00014784483,0.55736212
147.9,52.3599,0.00014838553,0.55940051
148,26.17995,-8.0817518e-06,0.01523375
148.1,0,-3.8778366e-05,0
148.2,0,-1.9569122e-05,0
148.3,0,-1.367279e-05,0
148.4,0,-1.0240583e-05,0
148.5,0,-7.7230251e-06,0
148.6,0,-5.8895126e-06,0
148.7,0,-4.5224638e-06,0
148.8,0,-3.4785889e-06,0
148.9,0,-2.6745465e-06,0
149,0,-2.0544651e-06,0
149.1,0,-1.5769028e-06,0
149.2,0,-1.2097633e-06,0
149.3,0,-9.2778016e-07,0
149.4,0,-7.1138579e-07,0
149.5,0,-5.4541177e-07,0
149.6,0,-4.1814128e-07,0
149.7,0,-3.2057072e-07,0
149.8,0,-2.4576678e-07,0
149.9,0,-1.884254e-07,0
150,26.17995,0.00014571046,0.27465786
150.1,52.3599,0.00010606999,0.39987463
150.2,52.3599,9.4538382e-05,0.35640146
150.3,52.3599,0.00014645473,0.55212156
150.4,52.3599,0.00015932997,0.60066008
150.5,52.3599,0.0001563312,0.58935498
150.6,52.3599,0.00015113142,0.56975228
150.7,52.3599,0.00014427386,0.54389989
150.8,52.3599,0.00014919956,0.56246932
150.9,52.3599,0.00014929211,0.56281824
151,52.3599,0.00015091747,0.56894569
151.1,52.3599,0.00015143624,0.57090143
151.2,52.3599,0.00015302268,0.57688215
151.3,52.3599,0.00015253767,0.57505371
151.4,52.3599,0.00015339619,0.57829025
151.5,52.3599,0.00015188621,0.57259778
151.6,52.3599,0.00015150709,0.57116851
151.7,52.3599,0.00015056344,0.56761105
151.8,52.3599,0.00015131403,0.5704407
151.9,52.3599,0.00015118801,0.56996561
152,52.3599,0.00015141928,0.57083749
152.1,52.3599,0.00015113852,0.56977902
152.2,52.3599,0.00015206791,0.57328274
152.3,52.3599,0.00015077296,0.56840091
152.4,52.3599,0.00014863272,0.5603324
152.5,52.3599,0.00015104974,0.56944437
152.6,52.3599,0.00015075878,0.56834747
152.7,52.3599,0.00015078412,0.56844299
152.8,52.3599,0.00015073713,0.56826585
152.9,52.3599,0.00015092512,0.56897456
153,52.3599,0.00015079349,0.56847832
153.1,52.3599,0.00015028055,0.56654455
153.2,52.3599,0.00015052942,0.56748279
153.3,52.3599,0.0001510158,0.56931639
153.4,52.3599,0.00014949011,0.56356468
153.5,52.3599,0.00015087945,0.56880238
153.6,52.3599,0.00014958063,0.56390595
153.7,52.3599,0.00015063042,0.56786355
153.8,52.3599,0.00014947231,0.56349759
153.9,52.3599,0.00014962516,0.56407381
154,52.3599,0.00015047593,0.56728112
154.1,52.3599,0.00014872263,0.56067136
154.2,52.3599,0.00015105656,0.56947008
154.3,52.3599,0.00014824672,0.55887722
154.4,52.3599,0.00015077476,0.5684077
154.5,52.3599,0.00014855727,0.56004797
154.6,52.3599,0.0001505432,0.56753473
154.7,52.3599,0.00014900202,0.5617246
154.8,52.3599,0.00014925253,0.56266902
154.9,52.3599,0.00015043967,0.56714444
155,52.3599,0.00014860411,0.56022453
155.1,52.3599,0.00015064934,0.56793487
155.2,52.3599,0.00014824117,0.5588563
155.3,52.3599,0.00015088241,0.56881351
155.4,52.3599,0.00014850726,0.55985942
155.5,52.3599,0.00014960604,0.56400172
155.6,52.3599,0.00014964027,0.56413076
155.7,52.3599,0.00014868646,0.56053499
155.8,52.3599,0.00015029734,0.56660788
155.9,52.3599,0.00014848313,0.55976847
156,52.3599,0.00014989458,0.56508949
156.1,52.3599,0.00014949191,0.56357148
156.2,52.3599,0.0001491919,0.56244047
156.3,52.3599,0.00014986461,0.5649765
156.4,52.3599,0.00014936133,0.5630792
156.5,52.3599,0.00014890989,0.56137732
156.6,52.3599,0.00015019874,0.56623616
156.7,52.3599,0.0001481346,0.55845451
156.8,52.3599,0.00014951468,0.5636573
156.9,52.3599,0.00014554237,0.54868204
157,52.3599,0.00014852747,0.55993559
157.1,52.3599,0.00014765396,0.55664255
157.2,52.3599,0.00014727464,0.55521253
157.3,52.3599,0.00014880033,0.56096426
157.4,52.3599,0.00014664904,0.55285408
157.5,52.3599,0.00014917005,0.56235807
157.6,52.3599,0.0001469454,0.55397134
157.7,52.3599,0.00014866642,0.56045943
157.8,52.3599,0.00014776255,0.55705193
157.9,52.3599,0.00014824842,0.5588836
158,26.17995,-8.5036679e-06,0.016029043
158.1,0,-3.8860265e-05,0
158.2,0,-1.9580354e-05,0
158.3,0,-1.3713435e-05,0
158.4,0,-1.0278374e-05,0
158.5,0,-7.751778e-06,0
158.6,0,-5.9067821e-06,0
158.7,0,-4.5332448e-06,0
158.8,0,-3.4863775e-06,0
158.9,0,-2.6805525e-06,0
159,0,-2.0591587e-06,0
159.1,0,-1.5806448e-06,0
159.2,0,-1.2126339e-06,0
159.3,0,-9.3001555e-07,0
159.4,0,-7.1310611e-07,0
159.5,0,-5.4672437e-07,0
159.6,0,-4.1916164e-07,0
159.7,0,-3.2135279e-07,0
159.8,0,-2.463627e-07,0
159.9,0,-1.8887825e-07,0
160,26.17995,0.00014569084,0.27462088
160.1,52.3599,0.00010592641,0.39933331
160.2,52.3599,9.4529608e-05,0.35636838
160.3,52.3599,0.00014591848,0.55009994
160.4,52.3599,0.00016005558,0.60339559
160.5,52.3599,0.00015334288,0.57808929
160.6,52.3599,0.0001512748,0.57029281
160.7,52.3599,0.00015189011,0.57261248
160.8,52.3599,0.00015090225,0.56888834
160.9,52.3599,0.00014947783,0.56351838
161,52.3599,0.00015172142,0.57197654
161.1,52.3599,0.00015219706,0.57376966
161.2,52.3599,0.00015270637,0.5756897
161.3,52.3599,0.00015160087,0.57152205
161.4,52.3599,0.00015174274,0.5720569
161.5,52.3599,0.00015049476,0.56735212
161.6,52.3599,0.00015179314,0.57224689
161.7,52.3599,0.00014998741,0.56543947
161.8,52.3599,0.00015083063,0.56861833
161.9,52.3599,0.00015012383,0.56595375
162,52.3599,0.00015134819,0.57056947
162.1,52.3599,0.00015012827,0.5659705
162.2,52.3599,0.00015074115,0.56828101
162.3,52.3599,0.00015065534,0.56795749
162.4,52.3599,0.00015169384,0.57187256
162.5,52.3599,0.00015060636,0.56777283
162.6,52.3599,0.00015075511,0.56833361
162.7,52.3599,0.00015087218,0.56877495
162.8,52.3599,0.0001512631,0.5702487
162.9,52.3599,0.00015119788,0.57000282
163,52.3599,0.00014967753,0.56427122
163.1,52.3599,0.00015030686,0.56664377
163.2,52.3599,0.00015039553,0.56697802
163.3,52.3599,0.00015003495,0.56561867
163.4,52.3599,0.00014906626,0.56196681
163.5,52.3599,0.00014904788,0.5618975
163.6,52.3599,0.00015008073,0.56579128
163.7,52.3599,0.00014898274,0.56165193
163.8,52.3599,0.00014917969,0.56239442
163.9,52.3599,0.00014925536,0.56267968
164,52.3599,0.00014968339,0.56429331
164.1,52.3599,0.00014923184,0.56259102
164.2,52.3599,0.00014852863,0.55993999
164.3,52.3599,0.00014923446,0.56260091
164.4,52.3599,0.00014791354,0.55762115
164.5,52.3599,0.00014641657,0.5519777
164.6,52.3599,0.00014669367,0.55302236
164.7,52.3599,0.00014812997,0.55843706
164.8,52.3599,0.00014746484,0.55592959
164.9,52.3599,0.00014830494,0.55909669
165,52.3599,0.00014699778,0.55416883
165.1,52.3599,0.00014873949,0.5607349
165.2,52.3599,0.00014814509,0.55849406
165.3,52.3599,0.0001485879,0.56016344
165.4,52.3599,0.00014801659,0.55800964
165.5,52.3599,0.00014888035,0.56126594
165.6,52.3599,0.00014908793,0.5620485
165.7,52.3599,0.00014859051,0.56017325
165.8,52.3599,0.0001492961,0.56283326
165.9,52.3599,0.00014890743,0.56136804
166,52.3599,0.00015000626,0.56551053
166.1,52.3599,0.0001485294,0.55994288
166.2,52.3599,0.0001501518,0.56605919
166.3,52.3599,0.0001489301,0.56145351
166.4,52.3599,0.00015012423,0.56595527
166.5,52.3599,0.00014899494,0.56169795
166.6,52.3599,0.00014961175,0.56402325
166.7,52.3599,0.00014982813,0.564839
166.8,52.3599,0.00014889803,0.5613326
166.9,52.3599,0.00015024299,0.56640298
167,52.3599,0.00014850108,0.55983614
167.1,52.3599,0.00015010079,0.5658669
167.2,52.3599,0.00014854644,0.56000714
167.3,52.3599,0.0001492937,0.56282422
167.4,52.3599,0.00014917727,0.56238529
167.5,52.3599,0.00014796688,0.55782225
167.6,52.3599,0.00014977366,0.56463362
167.7,52.3599,0.00014743614,0.5558214
167.8,52.3599,0.00014964775,0.56415897
167.9,52.3599,0.00014701549,0.55423557
168,26.17995,-8.1909939e-06,0.015439666
168.1,0,-3.972482e-05,0
168.2,0,-1.9718259e-05,0
168.3,0,-1.3684875e-05,0
168.4,0,-1.027279e-05,0
168.5,0,-7.7708052e-06,0
168.6,0,-5.9211825e-06,0
168.7,0,-4.539861e-06,0
168.8,0,-3.4896774e-06,0
168.9,0,-2.6829727e-06,0
169,0,-2.0612922e-06,0
169.1,0,-1.5825022e-06,0
169.2,0,-1.2141894e-06,0
169.3,0,-9.3123256e-07,0
169.4,0,-7.1407502e-07,0
169.5,0,-5.4749377e-07,0
169.6,0,-4.1976564e-07,0
169.7,0,-3.2182306e-07,0
169.8,0,-2.467277e-07,0
169.9,0,-1.8916094e-07,0
170,26.17995,0.00014569155,0.27462222
170.1,52.3599,0.00010592801,0.39933935
170.2,52.3599,9.4588974e-05,0.35659218
170.3,52.3599,0.00014568423,0.54921686
170.4,52.3599,0.0001578618,0.59512521
170.5,52.3599,0.00015472875,0.5833139
170.6,52.3599,0.000153049,0.57698139
170.7,52.3599,0.00014422443,0.54371351
170.8,52.3599,0.00015171605,0.57195627
170.9,52.3599,0.00015337263,0.57820142
171,52.3599,0.00015199253,0.5729986
171.1,52.3599,0.00015148323,0.57107856
171.2,52.3599,0.0001528706,0.57630883
171.3,52.3599,0.00015121833,0.57007992
171.4,52.3599,0.00015237927,0.57445657
171.5,52.3599,0.00015136479,0.57063206
171.6,52.3599,0.00015180232,0.5722815
171.7,52.3599,0.00015194038,0.57280199
171.8,52.3599,0.00015216361,0.57364353
171.9,52.3599,0.00015112785,0.5697388
172,52.3599,0.00015212775,0.57350835
172.1,52.3599,0.00014736556,0.5555553
172.2,52.3599,0.00014931827,0.56291685
172.3,52.3599,0.00014872203,0.56066909
172.4,52.3599,0.00015048974,0.56733318
172.5,52.3599,0.0001490804,0.56202013
172.6,52.3599,0.0001518958,0.57263393
172.7,52.3599,0.00014915577,0.56230424
172.8,52.3599,0.00015105309,0.56945698
172.9,52.3599,0.0001515154,0.57119986
173,52.3599,0.00015167382,0.57179706
173.1,52.3599,0.00015113602,0.5697696
173.2,52.3599,0.0001512357,0.57014541
173.3,52.3599,0.00015002967,0.56559878
173.4,52.3599,0.00015052734,0.56747494
173.5,52.3599,0.00014942307,0.56331194
173.6,52.3599,0.00014941717,0.56328969
173.7,52.3599,0.00014959306,0.56395279
173.8,52.3599,0.00014923558,0.56260514
173.9,52.3599,0.00014869653,0.56057296
174,52.3599,0.00014885463,0.56116896
174.1,52.3599,0.00014916098,0.5623239
174.2,52.3599,0.000148638,0.56035229
174.3,52.3599,0.00014944473,0.56339362
174.4,52.3599,0.00014931942,0.5629212
174.5,52.3599,0.00014944688,0.56340169
174.6,52.3599,0.00014962382,0.56406876
174.7,52.3599,0.00014983576,0.56486776
174.8,52.3599,0.00014905816,0.56193627
174.9,52.3599,0.0001497758,0.56464169
175,52.3599,0.00014878219,0.56089588
175.1,52.3599,0.00014756133,0.55629335
175.2,52.3599,0.00014780187,0.55720016
175.3,52.3599,0.00014873692,0.56072522
175.4,52.3599,0.00014782317,0.55728045
175.5,52.3599,0.00014913934,0.5622423
175.6,52.3599,0.00014803867,0.55809287
175.7,52.3599,0.00014900298,0.56172826
175.8,52.3599,0.00014829698,0.55906667
175.9,52.3599,0.00014929129,0.56281516
176,52.3599,0.00014826386,0.55894182
176.1,52.3599,0.00014910254,0.56210358
176.2,52.3599,0.00014869527,0.56056821
176.3,52.3599,0.00014887914,0.56126139
176.4,52.3599,0.00014868182,0.56051748
176.5,52.3599,0.00014867888,0.56050643
176.6,52.3599,0.0001492096,0.56250719
176.7,52.3599,0.00014783276,0.55731662
176.8,52.3599,0.0001494749,0.56350735
176.9,52.3599,0.00014798863,0.55790422
177,52.3599,0.00014904293,0.56187883
177.1,52.3599,0.00014762754,0.55654297
177.2,52.3599,0.00014877565,0.56087121
177.3,52.3599,0.00014858884,0.56016696
177.4,52.3599,0.00014747019,0.55594976
177.5,52.3599,0.0001486275,0.56031273
177.6,52.3599,0.00014779598,0.55717797
177.7,52.3599,0.00014857818,0.56012677
177.8,52.3599,0.00014734015,0.55545952
177.9,52.3599,0.00014776362,0.55705595
178,26.17995,-8.5303491e-06,0.016079336
178.1,0,-3.9765369e-05,0
178.2,0,-1.9720475e-05,0
178.3,0,-1.3831163e-05,0
178.4,0,-1.0389563e-05,0
178.5,0,-7.8776312e-06,0
178.6,0,-6.0138023e-06,0
178.7,0,-4.6119304e-06,0
178.8,0,-3.5434914e-06,0
178.9,0,-2.722999e-06,0
179,0,-2.0913617e-06,0
179.1,0,-1.6053379e-06,0
179.2,0,-1.2316327e-06,0
179.3,0,-9.4461936e-07,0
179.4,0,-7.2433076e-07,0
179.5,0,-5.5536833e-07,0
179.6,0,-4.2580867e-07,0
179.7,0,-3.2646156e-07,0
179.8,0,-2.5029991e-07,0
179.9,0,-1.9190495e-07,0
180,26.17995,0.00014570442,0.27464647
180.1,52.3599,0.000106129,0.40009707
180.2,52.3599,9.4586943e-05,0.35658453
180.3,52.3599,0.00014564502,0.54906903
180.4,52.3599,0.00015828966,0.59673823
180.5,52.3599,0.0001515932,0.57149316
180.6,52.3599,0.00015051037,0.56741098
180.7,52.3599,0.00015085676,0.56871682
180.8,52.3599,0.00015151043,0.5711811
180.9,52.3599,0.00014855296,0.56003171
181,52.3599,0.00015117906,0.56993188
181.1,52.3599,0.00015079291,0.56847614
181.2,52.3599,0.0001494002,0.56322571
181.3,52.3599,0.0001510268,0.56935785
181.4,52.3599,0.00015083936,0.56865123
181.5,52.3599,0.00015189967,0.57264849
181.6,52.3599,0.00015096979,0.56914295
181.7,52.3599,0.00015341339,0.5783551
181.8,52.3599,0.00015157511,0.57142495
181.9,52.3599,0.0001497925,0.56470465
182,52.3599,0.00015214751,0.57358285
182.1,52.3599,0.00015083292,0.56862694
182.2,52.3599,0.00015182984,0.57238525
182.3,52.3599,0.00015071535,0.56818372
182.4,52.3599,0.00015235639,0.57437032
182.5,52.3599,0.00014947099,0.56349261
182.6,52.3599,0.00015059999,0.56774882
182.7,52.3599,0.00014781349,0.55724396
182.8,52.3599,0.00014923508,0.56260325
182.9,52.3599,0.00014642724,0.55201794
183,52.3599,0.00014892778,0.56144473
183.1,52.3599,0.00014860597,0.56023156
183.2,52.3599,0.00014935617,0.56305972
183.3,52.3599,0.0001498567,0.56494669
183.4,52.3599,0.00014923105,0.56258803
183.5,52.3599,0.00015028521,0.56656212
183.6,52.3599,0.00014929473,0.56282812
183.7,52.3599,0.00015111992,0.56970891
183.8,52.3599,0.00014901115,0.56175903
183.9,52.3599,0.00015109019,0.56959685
184,52.3599,0.00014995061,0.56530071
184.1,52.3599,0.00015056019,0.56759878
184.2,52.3599,0.00015116335,0.56987265
184.3,52.3599,0.00015004406,0.56565301
184.4,52.3599,0.0001517434,0.5720594
184.5,52.3599,0.00015020161,0.56624697
184.6,52.3599,0.00015151982,0.57121652
184.7,52.3599,0.00015081979,0.56857747
184.8,52.3599,0.0001508672,0.5687562
184.9,52.3599,0.00015161499,0.57157527
185,52.3599,0.00015039351,0.5669704
185.1,52.3599,0.00015150678,0.57116736
185.2,52.3599,0.00015062201,0.56783184
185.3,52.3599,0.00014991139,0.56515287
185.4,52.3599,0.00014845496,0.55966224
185.5,52.3599,0.0001488105,0.5610026
185.6,52.3599,0.00015025202,0.566437
185.7,52.3599,0.000148903,0.56135134
185.8,52.3599,0.00014970711,0.56438277
185.9,52.3599,0.00014961651,0.56404121
186,52.3599,0.00014936519,0.56309374
186.1,52.3599,0.00014968587,0.56430266
186.2,52.3599,0.00014918437,0.56241205
186.3,52.3599,0.00014993883,0.56525631
186.4,52.3599,0.00014896603,0.56158894
186.5,52.3599,0.00014957853,0.56389802
186.6,52.3599,0.00014937037,0.56311326
186.7,52.3599,0.00014912089,0.56217274
186.8,52.3599,0.00014956367,0.56384199
186.9,52.3599,0.00014866318,0.56044721
187,52.3599,0.00014983966,0.56488245
187.1,52.3599,0.00014873913,0.56073356
187.2,52.3599,0.00014908115,0.56202295
187.3,52.3599,0.00014970659,0.56438077
187.4,52.3599,0.00014838057,0.5593818
187.5,52.3599,0.00014976954,0.56461811
187.6,52.3599,0.00014869721,0.56057551
187.7,52.3599,0.00014918412,0.56241111
187.8,52.3599,0.00014943377,0.5633523
187.9,52.3599,0.00014838463,0.55939712
188,26.17995,-6.970776e-06,0.013139609
188.1,0,-3.8574047e-05,0
188.2,0,-1.9443393e-05,0
188.3,0,-1.3597995e-05,0
188.4,0,-1.0185257e-05,0
188.5,0,-7.6714633e-06,0
188.6,0,-5.8448174e-06,0
188.7,0,-4.486737e-06,0
188.8,0,-3.4512619e-06,0
188.9,0,-2.6538907e-06,0
189,0,-2.0388869e-06,0
189.1,0,-1.5650737e-06,0
189.2,0,-1.2007388e-06,0
189.3,0,-9.2090871e-07,0
189.4,0,-7.0616197e-07,0
189.5,0,-5.4142561e-07,0
189.6,0,-4.1511195e-07,0
189.7,0,-3.1825526e-07,0
189.8,0,-2.4399211e-07,0
189.9,0,-1.870636e-07,0
190,26.17995,0.00014570061,0.2746393
190.1,52.3599,0.00010599575,0.39959472
190.2,52.3599,9.460795e-05,0.35666372
190.3,52.3599,0.00014541222,0.5481914
190.4,52.3599,0.00015770093,0.59451876
190.5,52.3599,0.00015300112,0.57680089
190.6,52.3599,0.00015066682,0.56800079
190.7,52.3599,0.00014627022,0.55142596
190.8,52.3599,0.00015144556,0.57093656
190.9,52.3599,0.00015172809,0.57200168
191,52.3599,0.00015283835,0.57618724
191.1,52.3599,0.00015209971,0.57340263
191.2,52.3599,0.00015277092,0.57593304
191.3,52.3599,0.00015249791,0.57490384
191.4,52.3599,0.00015267007,0.57555283
191.5,52.3599,0.00015220665,0.57380579
191.6,52.3599,0.00015153249,0.57126426
191.7,52.3599,0.00015202525,0.57312194
191.8,52.3599,0.00015090194,0.56888716
191.9,52.3599,0.00015126812,0.57026764
192,52.3599,0.00015031628,0.56667927
192.1,52.3599,0.00015134565,0.57055989
192.2,52.3599,0.00015037099,0.56688553
192.3,52.3599,0.00015049246,0.56734346
192.4,52.3599,0.00015034138,0.56677389
192.5,52.3599,0.00015097202,0.56915133
192.6,52.3599,0.00015033266,0.56674102
192.7,52.3599,0.0001504888,0.56732964
192.8,52.3599,0.00015038368,0.56693337
192.9,52.3599,0.00015121792,0.57007836
193,52.3599,0.00015001582,0.56554655
193.1,52.3599,0.0001510662,0.5695064
193.2,52.3599,0.00015026102,0.56647095
193.3,52.3599,0.00015167292,0.57179368
193.4,52.3599,0.00014965964,0.56420379
193.5,52.3599,0.00015151444,0.57119621
193.6,52.3599,0.00015029605,0.566603
193.7,52.3599,0.00015144283,0.57092625
193.8,52.3599,0.00014996223,0.56534452
193.9,52.3599,0.00015108382,0.56957284
194,52.3599,0.0001510934,0.56960895
194.1,52.3599,0.00015028249,0.56655187
194.2,52.3599,0.00015121559,0.57006957
194.3,52.3599,0.00015028698,0.56656882
194.4,52.3599,0.00015190525,0.57266955
194.5,52.3599,0.00014947122,0.56349345
194.6,52.3599,0.00015131419,0.57044131
194.7,52.3599,0.00015080878,0.56853595
194.8,52.3599,0.00015042238,0.56707925
194.9,52.3599,0.0001507843,0.56844366
195,52.3599,0.00014988963,0.56507082
195.1,52.3599,0.00015203016,0.57314045
195.2,52.3599,0.00014889528,0.56132221
195.3,52.3599,0.00015123258,0.57013364
195.4,52.3599,0.0001500388,0.56563318
195.5,52.3599,0.00015065167,0.56794367
195.6,52.3599,0.00014992817,0.56521614
195.7,52.3599,0.00014992605,0.56520814
195.8,52.3599,0.00015123325,0.57013615
195.9,52.3599,0.00014933196,0.56296846
196,52.3599,0.0001502896,0.56657868
196.1,52.3599,0.00015003113,0.56560427
196.2,52.3599,0.00015014623,0.56603818
196.3,52.3599,0.00014978954,0.56469351
196.4,52.3599,0.00014939831,0.56321858
196.5,52.3599,0.00015030965,0.56665429
196.6,52.3599,0.00014907484,0.56199915
196.7,52.3599,0.00014888979,0.56130154
196.8,52.3599,0.0001493295,0.56295921
196.9,52.3599,0.00014881576,0.56102246
197,52.3599,0.00014804993,0.55813534
197.1,52.3599,0.00014887219,0.56123519
197.2,52.3599,0.00014819757,0.55869191
197.3,52.3599,0.00014881607,0.56102362
197.4,52.3599,0.00014749595,0.55604688
197.5,52.3599,0.00014924643,0.56264602
197.6,52.3599,0.00014843964,0.55960449
197.7,52.3599,0.00014894147,0.56149635
197.8,52.3599,0.00014896703,0.56159271
197.9,52.3599,0.00014912409,0.56218483
198,26.17995,-7.443212e-06,0.01403013
198.1,0,-3.8861037e-05,0
198.2,0,-1.9508026e-05,0
198.3,0,-1.3683316e-05,0
198.4,0,-1.0247972e-05,0
198.5,0,-7.7416956e-06,0
198.6,0,-5.9064823e-06,0
198.7,0,-4.5336241e-06,0
198.8,0,-3.4856979e-06,0
198.9,0,-2.6794485e-06,0
199,0,-2.0581468e-06,0
199.1,0,-1.5798096e-06,0
199.2,0,-1.2120536e-06,0
199.3,0,-9.2959937e-07,0
199.4,0,-7.1285322e-07,0
199.5,0,-5.4657316e-07,0
199.6,0,-4.1905739e-07,0
199.7,0,-3.2128627e-07,0
199.8,0,-2.4633189e-07,0
199.9,0,-1.8886436e-07,0
200,26.17995,0.00014569328,0.27462548
200.1,52.3599,0.00010592418,0.39932492
200.2,52.3599,9.4603016e-05,0.35664512
200.3,52.3599,0.00014614759,0.55096367
200.4,52.3599,0.00015845639,0.59736679
200.5,52.3599,0.00015454273,0.58261262
200.6,52.3599,0.00015098949,0.56921719
200.7,52.3599,0.00014971314,0.56440547
200.8,52.3599,0.00014995114,0.56530272
200.9,52.3599,0.00015203637,0.57316386
201,52.3599,0.00015139801,0.57075731
201.1,52.3599,0.00015240213,0.57454273
201.2,52.3599,0.00015175114,0.57208856
201.3,52.3599,0.00015207333,0.57330321
201.4,52.3599,0.00015079642,0.56848936
201.5,52.3599,0.00015141204,0.57081019
201.6,52.3599,0.00014871612,0.56064679
201.7,52.3599,0.00015204485,0.57319581
201.8,52.3599,0.00015000204,0.56549462
201.9,52.3599,0.00015149969,0.57114061
202,52.3599,0.00015073002,0.56823902
202.1,52.3599,0.00015105133,0.56945034
202.2,52.3599,0.00014792857,0.55767782
202.3,52.3599,0.00015161642,0.57158066
202.4,52.3599,0.00015063125,0.56786668
202.5,52.3599,0.00015178361,0.57221096
202.6,52.3599,0.00015140546,0.57078539
202.7,52.3599,0.00015144766,0.57094447
202.8,52.3599,0.00015195627,0.57286187
202.9,52.3599,0.00015124921,0.57019633
203,52.3599,0.00015209611,0.57338906
203.1,52.3599,0.00015089521,0.56886179
203.2,52.3599,0.00015194052,0.57280251
203.3,52.3599,0.00015140608,0.57078773
203.4,52.3599,0.00015109585,0.56961816
203.5,52.3599,0.00015136301,0.57062536
203.6,52.3599,0.00015109045,0.56959781
203.7,52.3599,0.00015135544,0.57059682
203.8,52.3599,0.00015074103,0.56828053
203.9,52.3599,0.00015065061,0.56793968
204,52.3599,0.00015141859,0.5708349
204.1,52.3599,0.00015005189,0.56568255
204.2,52.3599,0.00015070835,0.56815735
204.3,52.3599,0.00015026946,0.56650277
204.4,52.3599,0.00015062437,0.56784075
204.5,52.3599,0.00015012522,0.56595899
204.6,52.3599,0.0001498752,0.56501643
204.7,52.3599,0.00015064682,0.56792537
204.8,52.3599,0.00015001344,0.56553759
204.9,52.3599,0.00014981919,0.56480529
205,52.3599,0.00015005754,0.56570384
205.1,52.3599,0.00015007386,0.56576536
205.2,52.3599,0.00015018388,0.56618012
205.3,52.3599,0.000149537,0.56374146
205.4,52.3599,0.00014982297,0.56481954
205.5,52.3599,0.00015040082,0.56699799
205.6,52.3599,0.00014861469,0.56026444
205.7,52.3599,0.00015077539,0.56841007
205.8,52.3599,0.00014801324,0.55799699
205.9,52.3599,0.00015106471,0.56950077
206,52.3599,0.0001477397,0.55696577
206.1,52.3599,0.00015013487,0.56599536
206.2,52.3599,0.00014864484,0.56037808
206.3,52.3599,0.0001488823,0.5612733
206.4,52.3599,0.00014926877,0.56273023
206.5,52.3599,0.00014883922,0.56111088
206.6,52.3599,0.00014868173,0.56051715
206.7,52.3599,0.00014863681,0.56034782
206.8,52.3599,0.00014859384,0.56018584
206.9,52.3599,0.00014933916,0.5629956
207,52.3599,0.00014754322,0.55622506
207.1,52.3599,0.00014944028,0.56337683
207.2,52.3599,0.00014823089,0.55881751
207.3,52.3599,0.0001491984,0.56246496
207.4,52.3599,0.00014850533,0.55985214
207.5,52.3599,0.00014923367,0.56259794
207.6,52.3599,0.00014935271,0.56304671
207.7,52.3599,0.0001492306,0.56258635
207.8,52.3599,0.00014954374,0.56376684
207.9,52.3599,0.00014931593,0.56290802
208,26.17995,-7.4206703e-06,0.01398764
208.1,0,-3.862033e-05,0
208.2,0,-1.9494688e-05,0
208.3,0,-1.3638555e-05,0
208.4,0,-1.0223731e-05,0
208.5,0,-7.724946e-06,0
208.6,0,-5.8914161e-06,0
208.7,0,-4.5200765e-06,0
208.8,0,-3.4744924e-06,0
208.9,0,-2.6706684e-06,0
209,0,-2.0514239e-06,0
209.1,0,-1.5746839e-06,0
209.2,0,-1.2081148e-06,0
209.3,0,-9.2657031e-07,0
209.4,0,-7.1052414e-07,0
209.5,0,-5.4478263e-07,0
209.6,0,-4.1767592e-07,0
209.7,0,-3.2022374e-07,0
209.8,0,-2.4551104e-07,0
209.9,0,-1.8823667e-07,0
210,26.17995,0.00014571507,0.27466655
210.1,52.3599,0.00010613515,0.40012025
210.2,52.3599,9.4573538e-05,0.35653399
210.3,52.3599,0.00014572067,0.54935423
210.4,52.3599,0.00015827527,0.59668397
210.5,52.3599,0.00015513878,0.58485968
210.6,52.3599,0.0001545588,0.58267321
210.7,52.3599,0.00014926154,0.562703
210.8,52.3599,0.00015129553,0.57037096
210.9,52.3599,0.00015007239,0.56575983
211,52.3599,0.00015213161,0.5735229
211.1,52.3599,0.00015148845,0.57109825
211.2,52.3599,0.00014992752,0.56521367
211.3,52.3599,0.00015083849,0.56864794
211.4,52.3599,0.00015076498,0.56837081
211.5,52.3599,0.00015041806,0.56706296
211.6,52.3599,0.00014949742,0.56359223
211.7,52.3599,0.0001508159,0.56856279
211.8,52.3599,0.00015079871,0.568498
211.9,52.3599,0.00015126548,0.57025767
212,52.3599,0.00015074157,0.56828257
212.1,52.3599,0.00015050401,0.56738699
212.2,52.3599,0.0001506804,0.56805195
212.3,52.3599,0.0001483933,0.55942979
212.4,52.3599,0.00015056037,0.56759945
212.5,52.3599,0.00014970048,0.56435775
212.6,52.3599,0.00015078876,0.56846047
212.7,52.3599,0.00014892808,0.56144587
212.8,52.3599,0.00015042589,0.56709249
212.9,52.3599,0.00014943811,0.56336866
213,52.3599,0.00015054207,0.56753046
213.1,52.3599,0.00014896622,0.56158967
213.2,52.3599,0.00014989525,0.56509204
213.3,52.3599,0.0001501949,0.56622168
213.4,52.3599,0.00014956023,0.56382901
213.5,52.3599,0.00014991129,0.56515249
213.6,52.3599,0.00014943024,0.56333896
213.7,52.3599,0.00015069485,0.56810644
213.8,52.3599,0.00014937551,0.56313264
213.9,52.3599,0.00014991034,0.5651489
214,52.3599,0.000150257,0.56645578
214.1,52.3599,0.00014991011,0.56514805
214.2,52.3599,0.00014990458,0.56512718
214.3,52.3599,0.00014982671,0.56483363
214.4,52.3599,0.00015028576,0.5665642
214.5,52.3599,0.00014972844,0.56446318
214.6,52.3599,0.00015025904,0.56646348
214.7,52.3599,0.00015002396,0.56557725
214.8,52.3599,0.00015017748,0.566156
214.9,52.3599,0.00015023249,0.56636338
215,52.3599,0.00015044929,0.56718072
215.1,52.3599,0.00014969352,0.56433153
215.2,52.3599,0.00015103592,0.56939225
215.3,52.3599,0.00014963974,0.56412876
215.4,52.3599,0.00015060632,0.56777269
215.5,52.3599,0.00014990693,0.56513604
215.6,52.3599,0.00015001563,0.56554583
215.7,52.3599,0.00015032841,0.56672501
215.8,52.3599,0.00014846056,0.55968335
215.9,52.3599,0.00014780439,0.55720965
216,52.3599,0.00014791291,0.55761877
216.1,52.3599,0.00014883496,0.56109482
216.2,52.3599,0.00014735784,0.55552622
216.3,52.3599,0.00014881288,0.56101156
216.4,52.3599,0.00014763416,0.5565679
216.5,52.3599,0.0001486544,0.56041413
216.6,52.3599,0.0001478011,0.55719725
216.7,52.3599,0.00014846362,0.55969489
216.8,52.3599,0.0001486446,0.56037719
216.9,52.3599,0.00014809719,0.55831348
217,52.3599,0.00014917251,0.56236737
217.1,52.3599,0.00014826916,0.5589618
217.2,52.3599,0.00014935126,0.56304122
217.3,52.3599,0.00014852605,0.55993025
217.4,52.3599,0.00014900107,0.56172103
217.5,52.3599,0.00014954852,0.56378486
217.6,52.3599,0.0001484764,0.55974309
217.7,52.3599,0.00014973153,0.56447482
217.8,52.3599,0.000149026,0.56181502
217.9,52.3599,0.00014914235,0.56225364
218,26.17995,-7.2465834e-06,0.013659494
218.1,0,-3.8553851e-05,0
218.2,0,-1.9424704e-05,0
218.3,0,-1.3617207e-05,0
218.4,0,-1.0191324e-05,0
218.5,0,-7.6699567e-06,0
218.6,0,-5.8408996e-06,0
218.7,0,-4.4839532e-06,0
218.8,0,-3.4496219e-06,0
218.9,0,-2.6527957e-06,0
219,0,-2.0380296e-06,0
219.1,0,-1.5644826e-06,0
219.2,0,-1.2002571e-06,0
219.3,0,-9.2050123e-07,0
219.4,0,-7.0582869e-07,0
219.5,0,-5.411598e-07,0
219.6,0,-4.1490372e-07,0
219.7,0,-3.1809349e-07,0
219.8,0,-2.4386722e-07,0
219.9,0,-1.8696734e-07,0
220,26.17995,0.00014570073,0.27463952
220.1,52.3599,0.00010599388,0.3995877
220.2,52.3599,9.4620104e-05,0.35670954
220.3,52.3599,0.00014591121,0.55007255
220.4,52.3599,0.00015854992,0.59771938
220.5,52.3599,0.00015236563,0.57440512
220.6,52.3599,0.00014719179,0.55490021
220.7,52.3599,0.00014628686,0.55148872
220.8,52.3599,0.00015012384,0.5659538
220.9,52.3599,0.00015191081,0.57269051
221,52.3599,0.00015220475,0.57379863
221.1,52.3599,0.00015150363,0.57115548
221.2,52.3599,0.00015236078,0.57438685
221.3,52.3599,0.00015142936,0.5708755
221.4,52.3599,0.00015266113,0.57551914
221.5,52.3599,0.00015154124,0.57129727
221.6,52.3599,0.00015204646,0.57320191
221.7,52.3599,0.0001521151,0.57346066
221.8,52.3599,0.00015176431,0.57213822
221.9,52.3599,0.0001524905,0.57487589
222,52.3599,0.00015109131,0.56960107
222.1,52.3599,0.00015293994,0.57657025
222.2,52.3599,0.00015116645,0.56988433
222.3,52.3599,0.00015227877,0.57407769
222.4,52.3599,0.00015166831,0.57177629
222.5,52.3599,0.00015209855,0.57339829
222.6,52.3599,0.00015177477,0.57217763
222.7,52.3599,0.00015154553,0.57131344
222.8,52.3599,0.00015223163,0.57389997
222.9,52.3599,0.00015159661,0.57150599
223,52.3599,0.00015181155,0.5723163
223.1,52.3599,0.00015138006,0.57068961
223.2,52.3599,0.00015218889,0.57373884
223.3,52.3599,0.0001507902,0.5684659
223.4,52.3599,0.00015203015,0.57314042
223.5,52.3599,0.0001504821,0.56730438
223.6,52.3599,0.00015170502,0.57191471
223.7,52.3599,0.00015074427,0.56829276
223.8,52.3599,0.00015091269,0.56892769
223.9,52.3599,0.00015110612,0.5696569
224,52.3599,0.00015003778,0.56562934
224.1,52.3599,0.00015164926,0.57170448
224.2,52.3599,0.0001493964,0.56321139
224.3,52.3599,0.00015124902,0.57019562
224.4,52.3599,0.00014937313,0.56312366
224.5,52.3599,0.00015105689,0.56947129
224.6,52.3599,0.0001492887,0.56280539
224.7,52.3599,0.00014975165,0.56455064
224.8,52.3599,0.00015034811,0.56679926
224.9,52.3599,0.00014920614,0.56249414
225,52.3599,0.00014987011,0.56499726
225.1,52.3599,0.00014915148,0.56228806
225.2,52.3599,0.00014997384,0.56538828
225.3,52.3599,0.00014933251,0.56297054
225.4,52.3599,0.00014964658,0.56415457
225.5,52.3599,0.00014914744,0.56227283
225.6,52.3599,0.00015033919,0.56676564
225.7,52.3599,0.00014878735,0.56091535
225.8,52.3599,0.00015010308,0.56587553
225.9,52.3599,0.00014961444,0.56403339
226,52.3599,0.00014937376,0.56312605
226.1,52.3599,0.00014982817,0.56483914
226.2,52.3599,0.00014857133,0.56010094
226.3,52.3599,0.00015080443,0.56851955
226.4,52.3599,0.00014736051,0.55553629
226.5,52.3599,0.0001480662,0.55819668
226.6,52.3599,0.00014756372,0.55630234
226.7,52.3599,0.00014805073,0.55813834
226.8,52.3599,0.00014764091,0.55659337
226.9,52.3599,0.00014798303,0.55788311
227,52.3599,0.00014819015,0.55866394
227.1,52.3599,0.00014773508,0.55694836
227.2,52.3599,0.00014882175,0.56104501
227.3,52.3599,0.00014758099,0.55636747
227.4,52.3599,0.00014918945,0.56243123
227.5,52.3599,0.00014766545,0.55668586
227.6,52.3599,0.00014886629,0.56121292
227.7,52.3599,0.0001488281,0.56106898
227.8,52.3599,0.00014812414,0.55841511
227.9,52.3599,0.00014964313,0.56414154
228,26.17995,-8.5355124e-06,0.016089069
228.1,0,-3.8693884e-05,0
228.2,0,-1.9607127e-05,0
228.3,0,-1.3626338e-05,0
228.4,0,-1.0162595e-05,0
228.5,0,-7.642331e-06,0
228.6,0,-5.8247378e-06,0
228.7,0,-4.4759972e-06,0
228.8,0,-3.4454622e-06,0
228.9,0,-2.6500484e-06,0
229,0,-2.0359082e-06,0
229.1,0,-1.5627871e-06,0
229.2,0,-1.1989068e-06,0
229.3,0,-9.1943451e-07,0
229.4,0,-7.0499507e-07,0
229.5,0,-5.4051098e-07,0
229.6,0,-4.1439949e-07,0
229.7,0,-3.1770146e-07,0
229.8,0,-2.4356288e-07,0
229.9,0,-1.8673044e-07,0
230,26.17995,0.00014569782,0.27463404
230.1,52.3599,0.0001059975,0.39960133
230.2,52.3599,9.4629724e-05,0.35674581
230.3,52.3599,0.00014599605,0.55039239
230.4,52.3599,0.00016006372,0.60342625
230.5,52.3599,0.00015706713,0.59212939
230.6,52.3599,0.00015030435,0.56663428
230.7,52.3599,0.00014953477,0.56373306
230.8,52.3599,0.0001489531,0.56154018
230.9,52.3599,0.00014510464,0.54703182
231,52.3599,0.00014942811,0.56333094
231.1,52.3599,0.00014874272,0.56074707
231.2,52.3599,0.00014997475,0.56539172
231.3,52.3599,0.00014860629,0.56023275
231.4,52.3599,0.00014930896,0.56288176
231.5,52.3599,0.00014885089,0.56115487
231.6,52.3599,0.00014967558,0.56426389
231.7,52.3599,0.0001485061,0.55985506
231.8,52.3599,0.00014964742,0.56415772
231.9,52.3599,0.00014903628,0.56185378
232,52.3599,0.00014929919,0.56284491
232.1,52.3599,0.00014952526,0.5636972
232.2,52.3599,0.000149245,0.56264062
232.3,52.3599,0.00014973378,0.56448329
232.4,52.3599,0.000149129,0.56220332
232.5,52.3599,0.00014960155,0.56398478
232.6,52.3599,0.00014960477,0.56399693
232.7,52.3599,0.00014862468,0.5603021
232.8,52.3599,0.00014981935,0.56480589
232.9,52.3599,0.00014849127,0.55979913
233,52.3599,0.0001490682,0.5619741
233.1,52.3599,0.00014852744,0.55993548
233.2,52.3599,0.00014821697,0.55876504
233.3,52.3599,0.00014918299,0.56240685
233.4,52.3599,0.0001471888,0.55488896
233.5,52.3599,0.00014880853,0.5609952
233.6,52.3599,0.00014744485,0.55585421
233.7,52.3599,0.00014841823,0.5595238
233.8,52.3599,0.00014715783,0.5547722
233.9,52.3599,0.00014763794,0.55658217
234,52.3599,0.00014816744,0.55857833
234.1,52.3599,0.00014693073,0.55391603
234.2,52.3599,0.00014770482,0.5568343
234.3,52.3599,0.00014703184,0.55429721
234.4,52.3599,0.00014809454,0.5583035
234.5,52.3599,0.00014655152,0.55248646
234.6,52.3599,0.00014744042,0.55583753
234.7,52.3599,0.00014720297,0.55494238
234.8,52.3599,0.00014763903,0.55658627
234.9,52.3599,0.00014641816,0.55198369
235,52.3599,0.00014744577,0.5558577
235.1,52.3599,0.00014730524,0.55532793
235.2,52.3599,0.00014716969,0.55481689
235.3,52.3599,0.00014686361,0.55366301
235.4,52.3599,0.00014714316,0.55471689
235.5,52.3599,0.00014770816,0.55684688
235.6,52.3599,0.00014661935,0.55274216
235.7,52.3599,0.00014733052,0.55542323
235.8,52.3599,0.00014710951,0.55459002
235.9,52.3599,0.00014747084,0.55595221
236,52.3599,0.00014677551,0.55333089
236.1,52.3599,0.00014714283,0.55471563
236.2,52.3599,0.00014747663,0.55597405
236.3,52.3599,0.00014692215,0.55388368
236.4,52.3599,0.00014707353,0.55445438
236.5,52.3599,0.00014702456,0.55426975
236.6,52.3599,0.00014738307,0.5556213
236.7,52.3599,0.00014669977,0.55304533
236.8,52.3599,0.00014704017,0.55432862
236.9,52.3599,0.00014719251,0.55490292
237,52.3599,0.00014684901,0.55360797
237.1,52.3599,0.00014687488,0.5537055
237.2,52.3599,0.00014678794,0.55337775
237.3,52.3599,0.000147194,0.55490856
237.4,52.3599,0.00014640524,0.55193499
237.5,52.3599,0.00014698246,0.55411107
237.6,52.3599,0.00014688799,0.55375491
237.7,52.3599,0.00014652674,0.55239304
237.8,52.3599,0.00014682128,0.55350341
237.9,52.3599,0.00014653903,0.55243936
238,26.17995,-9.9392016e-06,0.018734962
238.1,0,-3.788237e-05,0
238.2,0,-1.9479606e-05,0
238.3,0,-1.3553971e-05,0
238.4,0,-1.0198595e-05,0
238.5,0,-7.7343899e-06,0
238.6,0,-5.9078479e-06,0
238.7,0,-4.5340961e-06,0
238.8,0,-3.4851326e-06,0
238.9,0,-2.6785088e-06,0
239,0,-2.0573112e-06,0
239.1,0,-1.5791495e-06,0
239.2,0,-1.2115636e-06,0
239.3,0,-9.2921656e-07,0
239.4,0,-7.1251634e-07,0
239.5,0,-5.4630408e-07,0
239.6,0,-4.188489e-07,0
239.7,0,-3.2113211e-07,0
239.8,0,-2.4620623e-07,0
239.9,0,-1.8876019e-07,0
240,26.17995,0.00014570852,0.27465422
240.1,52.3599,0.0001062088,0.4003979
240.2,52.3599,9.4648624e-05,0.35681706
240.3,52.3599,0.00014559119,0.54886611
240.4,52.3599,0.00015659993,0.59036807
240.5,52.3599,0.00015410991,0.58098092
240.6,52.3599,0.00015421211,0.58136621
240.7,52.3599,0.00014964993,0.56416718
240.8,52.3599,0.00015027849,0.56653681
240.9,52.3599,0.00014872933,0.56069661
241,52.3599,0.00014923406,0.5625994
241.1,52.3599,0.00015053382,0.56749939
241.2,52.3599,0.00015122436,0.57010263
241.3,52.3599,0.0001518941,0.57262753
241.4,52.3599,0.00015108903,0.56959248
241.5,52.3599,0.00015045488,0.56720179
241.6,52.3599,0.00015041934,0.56706781
241.7,52.3599,0.00015118044,0.56993706
241.8,52.3599,0.0001508322,0.56862423
241.9,52.3599,0.00015073541,0.56825936
242,52.3599,0.00015118892,0.56996903
242.1,52.3599,0.00015052576,0.56746899
242.2,52.3599,0.00015162452,0.5716112
242.3,52.3599,0.0001503038,0.56663222
242.4,52.3599,0.00015180129,0.57227761
242.5,52.3599,0.00015028485,0.56656079
242.6,52.3599,0.00015190837,0.5726813
242.7,52.3599,0.00015030356,0.56663133
242.8,52.3599,0.00015165423,0.57172321
242.9,52.3599,0.00015079201,0.56847272
243,52.3599,0.00015111604,0.5696943
243.1,52.3599,0.00015116048,0.56986183
243.2,52.3599,0.00015051673,0.56743495
243.3,52.3599,0.00015172949,0.57200693
243.4,52.3599,0.00015005043,0.56567702
243.5,52.3599,0.00015136639,0.57063809
243.6,52.3599,0.00015026538,0.56648738
243.7,52.3599,0.00015076804,0.56838238
243.8,52.3599,0.0001506089,0.56778242
243.9,52.3599,0.00014943187,0.56334511
244,52.3599,0.00015117567,0.56991909
244.1,52.3599,0.00014891492,0.56139628
244.2,52.3599,0.00015065953,0.56797328
244.3,52.3599,0.00014869676,0.56057383
244.4,52.3599,0.00014976673,0.56460752
244.5,52.3599,0.00014941255,0.56327228
244.6,52.3599,0.00014866792,0.56046511
244.7,52.3599,0.00014938921,0.56318431
244.8,52.3599,0.00014855979,0.56005746
244.9,52.3599,0.0001488817,0.56127102
245,52.3599,0.00014857214,0.560104
245.1,52.3599,0.00014824976,0.55888866
245.2,52.3599,0.00014913723,0.56223434
245.3,52.3599,0.00014827634,0.55898889
245.4,52.3599,0.00014887422,0.56124284
245.5,52.3599,0.00014908739,0.56204644
245.6,52.3599,0.00014809958,0.55832251
245.7,52.3599,0.00015040575,0.56701655
245.8,52.3599,0.00014715428,0.55475879
245.9,52.3599,0.00015037053,0.56688379
246,52.3599,0.0001476513,0.55663251
246.1,52.3599,0.00014941852,0.56329479
246.2,52.3599,0.00014653084,0.55240851
246.3,52.3599,0.00014732651,0.55540811
246.4,52.3599,0.00014810052,0.55832606
246.5,52.3599,0.00014700425,0.55419319
246.6,52.3599,0.00014822421,0.55879236
246.7,52.3599,0.00014744666,0.55586106
246.8,52.3599,0.00014850207,0.55983986
246.9,52.3599,0.00014737207,0.55557985
247,52.3599,0.0001485405,0.55998473
247.1,52.3599,0.00014805381,0.55814997
247.2,52.3599,0.00014814653,0.55849949
247.3,52.3599,0.00014862289,0.56029535
247.4,52.3599,0.00014797577,0.55785574
247.5,52.3599,0.00014929753,0.56283868
247.6,52.3599,0.00014784918,0.55737851
247.7,52.3599,0.00014906966,0.5619796
247.8,52.3599,0.00014893969,0.56148966
247.9,52.3599,0.00014830785,0.55910767
248,26.17995,-7.3924135e-06,0.013934377
248.1,0,-3.8655521e-05,0
248.2,0,-1.9460802e-05,0
248.3,0,-1.3632864e-05,0
248.4,0,-1.0215151e-05,0
248.5,0,-7.6943389e-06,0
248.6,0,-5.8594929e-06,0
248.7,0,-4.4967441e-06,0
248.8,0,-3.4586952e-06,0
248.9,0,-2.6594742e-06,0
249,0,-2.0431631e-06,0
249.1,0,-1.5684425e-06,0
249.2,0,-1.2033386e-06,0
249.3,0,-9.2287297e-07,0
249.4,0,-7.0765809e-07,0
249.5,0,-5.4257001e-07,0
249.6,0,-4.1598281e-07,0
249.7,0,-3.1892257e-07,0
249.8,0,-2.4450976e-07,0
249.9,0,-1.8746678e-07,0
250,26.17995,0.00014571382,0.27466419
250.1,52.3599,0.00010613083,0.40010396
250.2,52.3599,9.4580589e-05,0.35656057
250.3,52.3599,0.00014562022,0.54897552
250.4,52.3599,0.00015632114,0.58931708
250.5,52.3599,0.00015475853,0.58342617
250.6,52.3599,0.00015146135,0.57099608
250.7,52.3599,0.00014452748,0.54485601
250.8,52.3599,0.00015088946,0.56884012
250.9,52.3599,0.00014851773,0.55989888
251,52.3599,0.00015005834,0.56570685
251.1,52.3599,0.00015097754,0.56917218
251.2,52.3599,0.00015089642,0.56886636
251.3,52.3599,0.00015186392,0.57251373
251.4,52.3599,0.0001505815,0.56767911
251.5,52.3599,0.00015181865,0.57234305
251.6,52.3599,0.00015069112,0.5680924
251.7,52.3599,0.00015147629,0.57105242
251.8,52.3599,0.00015068608,0.56807338
251.9,52.3599,0.00015118473,0.56995325
252,52.3599,0.00015114583,0.56980661
252.1,52.3599,0.00015054452,0.5675397
252.2,52.3599,0.00015087205,0.56877448
252.3,52.3599,0.00015087177,0.56877342
252.4,52.3599,0.00015078008,0.56842777
252.5,52.3599,0.00015032024,0.56669421
252.6,52.3599,0.00015075621,0.56833776
252.7,52.3599,0.00015044053,0.5671477
252.8,52.3599,0.00015062785,0.56785384
252.9,52.3599,0.00014983691,0.56487209
253,52.3599,0.00015068674,0.56807587
253.1,52.3599,0.0001495215,0.56368302
253.2,52.3599,0.00015034756,0.5667972
253.3,52.3599,0.00014929539,0.5628306
253.4,52.3599,0.00015018748,0.56619371
253.5,52.3599,0.0001488393,0.56111117
253.6,52.3599,0.00014966582,0.56422707
253.7,52.3599,0.00014976477,0.56460011
253.8,52.3599,0.00014781049,0.55723264
253.9,52.3599,0.00015035054,0.56680841
254,52.3599,0.00014734873,0.55549186
254.1,52.3599,0.0001509732,0.56915581
254.2,52.3599,0.00014614636,0.55095904
254.3,52.3599,0.00015006161,0.5657192
254.4,52.3599,0.00014778699,0.55714407
254.5,52.3599,0.000148636,0.56034475
254.6,52.3599,0.0001481657,0.55857177
254.7,52.3599,0.00014778792,0.55714756
254.8,52.3599,0.00014954246,0.56376205
254.9,52.3599,0.00014680554,0.55344409
255,52.3599,0.00014905171,0.56191197
255.1,52.3599,0.00014814078,0.5584778
255.2,52.3599,0.00014846167,0.55968755
255.3,52.3599,0.0001483953,0.55943734
255.4,52.3599,0.00014877703,0.56087644
255.5,52.3599,0.0001487314,0.5607044
255.6,52.3599,0.0001489815,0.56164725
255.7,52.3599,0.00014860609,0.56023201
255.8,52.3599,0.00014912723,0.56219664
255.9,52.3599,0.00014938171,0.563156
256,52.3599,0.00014862257,0.56029412
256.1,52.3599,0.00014964254,0.56413934
256.2,52.3599,0.0001486498,0.56039678
256.3,52.3599,0.00014844998,0.55964347
256.4,52.3599,0.00014656345,0.55253142
256.5,52.3599,0.00014785936,0.5574169
256.6,52.3599,0.00014850706,0.55985868
256.7,52.3599,0.00014727765,0.55522388
256.8,52.3599,0.00014883615,0.56109931
256.9,52.3599,0.00014763862,0.55658471
257,52.3599,0.00014854017,0.55998348
257.1,52.3599,0.00014829976,0.55907717
257.2,52.3599,0.00014804948,0.55813365
257.3,52.3599,0.00014937217,0.56312004
257.4,52.3599,0.00014771829,0.55688508
257.5,52.3599,0.00014914749,0.56227304
257.6,52.3599,0.00014872945,0.56069707
257.7,52.3599,0.00014841688,0.5595187
257.8,52.3599,0.00014942688,0.56332632
257.9,52.3599,0.00014824623,0.55887536
258,26.17995,-7.495763e-06,0.014129186
258.1,0,-3.8703221e-05,0
258.2,0,-1.9539406e-05,0
258.3,0,-1.360829e-05,0
258.4,0,-1.0186184e-05,0
258.5,0,-7.6729552e-06,0
258.6,0,-5.8468843e-06,0
258.7,0,-4.488792e-06,0
258.8,0,-3.4532073e-06,0
258.9,0,-2.6553961e-06,0
259,0,-2.0399733e-06,0
259.1,0,-1.5659449e-06,0
259.2,0,-1.2013933e-06,0
259.3,0,-9.2141876e-07,0
259.4,0,-7.0653091e-07,0
259.5,0,-5.4169145e-07,0
259.6,0,-4.1529945e-07,0
259.7,0,-3.1839456e-07,0
259.8,0,-2.4410683e-07,0
259.9,0,-1.871507e-07,0
260,26.17995,0.00014569274,0.27462446
260.1,52.3599,0.00010606628,0.39986063
260.2,52.3599,9.4532608e-05,0.35637969
260.3,52.3599,0.00014577761,0.5495689
260.4,52.3599,0.00016000294,0.60319713
260.5,52.3599,0.00015324862,0.57773392
260.6,52.3599,0.00014845203,0.55965119
260.7,52.3599,0.00014781208,0.55723867
260.8,52.3599,0.0001494961,0.56358725
260.9,52.3599,0.00015087944,0.56880235
261,52.3599,0.00015110762,0.56966256
261.1,52.3599,0.0001511081,0.56966437
261.2,52.3599,0.00015025407,0.56644474
261.3,52.3599,0.00015093707,0.5690196
261.4,52.3599,0.00015055204,0.56756806
261.5,52.3599,0.00015199022,0.57298986
261.6,52.3599,0.00015073289,0.56824986
261.7,52.3599,0.00015213914,0.5735513
261.8,52.3599,0.00015124815,0.57019234
261.9,52.3599,0.00015119172,0.56997961
262,52.3599,0.00015155167,0.57133659
262.1,52.3599,0.00015026286,0.56647788
262.2,52.3599,0.00015221387,0.57383302
262.3,52.3599,0.00014975055,0.56454653
262.4,52.3599,0.00015211511,0.57346069
262.5,52.3599,0.00014971382,0.56440806
262.6,52.3599,0.00015157023,0.57140655
262.7,52.3599,0.00014927862,0.56276737
262.8,52.3599,0.00015144742,0.57094356
262.9,52.3599,0.00014967881,0.56427605
263,52.3599,0.00014967258,0.56425256
263.1,52.3599,0.00014924795,0.56265178
263.2,52.3599,0.00014906848,0.56197519
263.3,52.3599,0.0001495889,0.56393712
263.4,52.3599,0.00014658879,0.55262695
263.5,52.3599,0.00014881283,0.56101141
263.6,52.3599,0.00014670394,0.55306108
263.7,52.3599,0.00014905438,0.561922
263.8,52.3599,0.00014492154,0.54634158
263.9,52.3599,0.00014829124,0.55904505
264,52.3599,0.00014625176,0.55135639
264.1,52.3599,0.00014762459,0.55653183
264.2,52.3599,0.00014612839,0.55089131
264.3,52.3599,0.00014751951,0.55613571
264.4,52.3599,0.00014669326,0.55302079
264.5,52.3599,0.00014787166,0.55746328
264.6,52.3599,0.00014779016,0.55715601
264.7,52.3599,0.00014781187,0.55723787
264.8,52.3599,0.00014883905,0.56111026
264.9,52.3599,0.00014834261,0.55923872
265,52.3599,0.00014867858,0.5605053
265.1,52.3599,0.00014845333,0.55965611
265.2,52.3599,0.00014733251,0.55543072
265.3,52.3599,0.00014712319,0.55464161
265.4,52.3599,0.00014858265,0.56014364
265.5,52.3599,0.00014783552,0.55732702
265.6,52.3599,0.00014884651,0.56113837
265.7,52.3599,0.00014769967,0.55681487
265.8,52.3599,0.00014921598,0.56253125
265.9,52.3599,0.00014812863,0.55843202
266,52.3599,0.00014907701,0.56200732
266.1,52.3599,0.00014819002,0.55866346
266.2,52.3599,0.00014873976,0.56073591
266.3,52.3599,0.0001485318,0.55995193
266.4,52.3599,0.00014804893,0.55813157
266.5,52.3599,0.00014864496,0.56037852
266.6,52.3599,0.00014732575,0.55540524
266.7,52.3599,0.00014853271,0.55995538
266.8,52.3599,0.00014705145,0.55437116
266.9,52.3599,0.0001488154,0.56102109
267,52.3599,0.00014643334,0.55204094
267.1,52.3599,0.00014903216,0.56183826
267.2,52.3599,0.00014635176,0.55173339
267.3,52.3599,0.00014925674,0.5626849
267.4,52.3599,0.00014580735,0.54968101
267.5,52.3599,0.00014929156,0.56281616
267.6,52.3599,0.00014598804,0.55036218
267.7,52.3599,0.0001490908,0.56205932
267.8,52.3599,0.00014563603,0.54903512
267.9,52.3599,0.00014885068,0.56115409
268,26.17995,-1.0896064e-05,0.020538606
268.1,0,-3.9705073e-05,0
268.2,0,-1.9933753e-05,0
268.3,0,-1.3819966e-05,0
268.4,0,-1.0305807e-05,0
268.5,0,-7.7916274e-06,0
268.6,0,-5.9571957e-06,0
268.7,0,-4.5803594e-06,0
268.8,0,-3.5247419e-06,0
268.9,0,-2.7100993e-06,0
269,0,-2.0816336e-06,0
269.1,0,-1.5976888e-06,0
269.2,0,-1.2256543e-06,0
269.3,0,-9.4000603e-07,0
269.4,0,-7.2079206e-07,0
269.5,0,-5.5263218e-07,0
269.6,0,-4.2368291e-07,0
269.7,0,-3.248265e-07,0
269.8,0,-2.4903357e-07,0
269.9,0,-1.9092991e-07,0
270,26.17995,0.00014569725,0.27463297
270.1,52.3599,0.00010599349,0.39958621
270.2,52.3599,9.4596646e-05,0.35662111
270.3,52.3599,0.00014593083,0.55014649
270.4,52.3599,0.00015604964,0.58829353
270.5,52.3599,0.00015042423,0.56708621
270.6,52.3599,0.00015068836,0.56808197
270.7,52.3599,0.00015010022,0.56586476
270.8,52.3599,0.00015217454,0.57368473
270.9,52.3599,0.00015170573,0.57191738
271,52.3599,0.00015221875,0.57385143
271.1,52.3599,0.00015229417,0.57413575
271.2,52.3599,0.00015271415,0.57571905
271.3,52.3599,0.0001529603,0.57664699
271.4,52.3599,0.00015189757,0.57264059
271.5,52.3599,0.00015294528,0.57659037
271.6,52.3599,0.00015264401,0.57545462
271.7,52.3599,0.0001519925,0.57299849
271.8,52.3599,0.00015224499,0.57395033
271.9,52.3599,0.00015182776,0.57237742
272,52.3599,0.00015244738,0.57471332
272.1,52.3599,0.00015054029,0.56752377
272.2,52.3599,0.00015193546,0.57278342
272.3,52.3599,0.00014970523,0.56437568
272.4,52.3599,0.0001514088,0.57079799
272.5,52.3599,0.00014915486,0.5623008
272.6,52.3599,0.00014988255,0.56504416
272.7,52.3599,0.00014841372,0.55950677
272.8,52.3599,0.00015000839,0.56551853
272.9,52.3599,0.00014717887,0.5548515
273,52.3599,0.00014805751,0.5581639
273.1,52.3599,0.00014817654,0.55861265
273.2,52.3599,0.00014884575,0.56113549
273.3,52.3599,0.00014836402,0.55931943
273.4,52.3599,0.00014859052,0.56017329
273.5,52.3599,0.00014899067,0.56168184
273.6,52.3599,0.00014871827,0.56065491
273.7,52.3599,0.00014971316,0.56440557
273.8,52.3599,0.00014829277,0.55905083
273.9,52.3599,0.00015010649,0.56588837
274,52.3599,0.00014851981,0.55990673
274.1,52.3599,0.00015032568,0.56671471
274.2,52.3599,0.00014862084,0.56028759
274.3,52.3599,0.00014972937,0.56446668
274.4,52.3599,0.00014949914,0.56359873
274.5,52.3599,0.00014898063,0.56164399
274.6,52.3599,0.00015031436,0.56667203
274.7,52.3599,0.0001485835,0.56014682
274.8,52.3599,0.00015058361,0.56768708
274.9,52.3599,0.00014946197,0.56345859
275,52.3599,0.00015017373,0.56614186
275.1,52.3599,0.00014986536,0.56497932
275.2,52.3599,0.00015028852,0.56657461
275.3,52.3599,0.00015032992,0.5667307
275.4,52.3599,0.0001500181,0.56555515
275.5,52.3599,0.00015065139,0.56794259
275.6,52.3599,0.00015023551,0.56637477
275.7,52.3599,0.00015041042,0.56703418
275.8,52.3599,0.00015053131,0.56748992
275.9,52.3599,0.00015020311,0.56625264
276,52.3599,0.00015084583,0.56867562
276.1,52.3599,0.00015018581,0.56618741
276.2,52.3599,0.0001507933,0.56847761
276.3,52.3599,0.00015057703,0.56766227
276.4,52.3599,0.00015017334,0.5661404
276.5,52.3599,0.00015117731,0.56992527
276.6,52.3599,0.00014892592,0.56143773
276.7,52.3599,0.00014858943,0.5601692
276.8,52.3599,0.00014873919,0.56073378
276.9,52.3599,0.00014921862,0.56254117
277,52.3599,0.00015014196,0.56602211
277.1,52.3599,0.00014824166,0.55885812
277.2,52.3599,0.00015029567,0.56660157
277.3,52.3599,0.00014898706,0.56166824
277.4,52.3599,0.00014937708,0.56313857
277.5,52.3599,0.0001498895,0.56507034
277.6,52.3599,0.00014885255,0.56116112
277.7,52.3599,0.00015030517,0.56663737
277.8,52.3599,0.00014904118,0.56187226
277.9,52.3599,0.00014961659,0.56404148
278,26.17995,-6.9574684e-06,0.013114525
278.1,0,-3.8516666e-05,0
278.2,0,-1.9427624e-05,0
278.3,0,-1.3599695e-05,0
278.4,0,-1.0166578e-05,0
278.5,0,-7.6472899e-06,0
278.6,0,-5.8250277e-06,0
278.7,0,-4.4734074e-06,0
278.8,0,-3.4422919e-06,0
278.9,0,-2.6473596e-06,0
279,0,-2.0338678e-06,0
279.1,0,-1.5612677e-06,0
279.2,0,-1.1977917e-06,0
279.3,0,-9.1859851e-07,0
279.4,0,-7.0437074e-07,0
279.5,0,-5.400401e-07,0
279.6,0,-4.1402417e-07,0
279.7,0,-3.1741415e-07,0
279.8,0,-2.4335015e-07,0
279.9,0,-1.8657557e-07,0
280,26.17995,0.00014571324,0.2746631
280.1,52.3599,0.00010610662,0.4000127
280.2,52.3599,9.4490714e-05,0.35622175
280.3,52.3599,0.00014602837,0.55051421
280.4,52.3599,0.0001557263,0.58707456
280.5,52.3599,0.00015425952,0.58154495
280.6,52.3599,0.00015326103,0.57778073
280.7,52.3599,0.00014577614,0.54956335
280.8,52.3599,0.00015020773,0.56627003
280.9,52.3599,0.00015199165,0.57299528
281,52.3599,0.00015104258,0.56941736
281.1,52.3599,0.00015110472,0.56965161
281.2,52.3599,0.00015232604,0.5742559
281.3,52.3599,0.00015253426,0.57504085
281.4,52.3599,0.00015241977,0.57460924
281.5,52.3599,0.00015194898,0.57283439
281.6,52.3599,0.00015283027,0.57615678
281.7,52.3599,0.00015262509,0.57538328
281.8,52.3599,0.00015112855,0.56974147
281.9,52.3599,0.00015126566,0.57025833
282,52.3599,0.00015248386,0.57485086
282.1,52.3599,0.00015153491,0.57127341
282.2,52.3599,0.00015250042,0.57491327
282.3,52.3599,0.00015126743,0.57026503
282.4,52.3599,0.00015173984,0.57204597
282.5,52.3599,0.0001511219,0.5697164
282.6,52.3599,0.00015085418,0.56870712
282.7,52.3599,0.00015101452,0.56931158
282.8,52.3599,0.00015016063,0.56609246
282.9,52.3599,0.00015106948,0.56951877
283,52.3599,0.00014951774,0.56366884
283.1,52.3599,0.00015094375,0.56904477
283.2,52.3599,0.00014956829,0.56385941
283.3,52.3599,0.00015087011,0.56876717
283.4,52.3599,0.00014908287,0.56202942
283.5,52.3599,0.00015083137,0.56862112
283.6,52.3599,0.00014950706,0.56362857
283.7,52.3599,0.00015031233,0.56666436
283.8,52.3599,0.00014926593,0.56271955
283.9,52.3599,0.00015011471,0.56591938
284,52.3599,0.00015006423,0.56572906
284.1,52.3599,0.00014934129,0.56300364
284.2,52.3599,0.00014978532,0.5646776
284.3,52.3599,0.0001492535,0.56267266
284.4,52.3599,0.00014999898,0.56548309
284.5,52.3599,0.00014875619,0.56079786
284.6,52.3599,0.00014914449,0.56226173
284.7,52.3599,0.00014902349,0.56180556
284.8,52.3599,0.00014883592,0.56109846
284.9,52.3599,0.00014879696,0.56095155
285,52.3599,0.00014797922,0.55786875
285.1,52.3599,0.00014917469,0.56237559
285.2,52.3599,0.00014796758,0.55782489
285.3,52.3599,0.00014791949,0.55764359
285.4,52.3599,0.00014824593,0.55887423
285.5,52.3599,0.00014836529,0.55932422
285.6,52.3599,0.00014763764,0.55658102
285.7,52.3599,0.00014807325,0.55822324
285.8,52.3599,0.00014813353,0.55845049
285.9,52.3599,0.00014856038,0.56005969
286,52.3599,0.00014777303,0.55709145
286.1,52.3599,0.00014885662,0.56117646
286.2,52.3599,0.0001483461,0.55925187
286.3,52.3599,0.00014937934,0.56314707
286.4,52.3599,0.00014788835,0.55752619
286.5,52.3599,0.00014957701,0.56389229
286.6,52.3599,0.00014901762,0.56178344
286.7,52.3599,0.00014859685,0.56019716
286.8,52.3599,0.00014920295,0.5624821
286.9,52.3599,0.00014836265,0.55931425
287,52.3599,0.000149779,0.56465377
287.1,52.3599,0.00014668863,0.55300335
287.2,52.3599,0.00014697943,0.55409965
287.3,52.3599,0.00014759791,0.55643126
287.4,52.3599,0.00014752175,0.55614413
287.5,52.3599,0.00014865414,0.56041314
287.6,52.3599,0.00014751066,0.55610234
287.7,52.3599,0.00014888161,0.56127068
287.8,52.3599,0.00014762023,0.55651538
287.9,52.3599,0.00014846265,0.55969125
288,26.17995,-7.9862409e-06,0.015053716
288.1,0,-3.8765198e-05,0
288.2,0,-1.9536591e-05,0
288.3,0,-1.3691101e-05,0
288.4,0,-1.02544e-05,0
288.5,0,-7.731148e-06,0
288.6,0,-5.8944428e-06,0
288.7,0,-4.5261888e-06,0
288.8,0,-3.4816007e-06,0
288.9,0,-2.6768915e-06,0
289,0,-2.0562885e-06,0
289.1,0,-1.5783898e-06,0
289.2,0,-1.2108983e-06,0
289.3,0,-9.2863985e-07,0
289.4,0,-7.1206113e-07,0
289.5,0,-5.4593054e-07,0
289.6,0,-4.1855208e-07,0
289.7,0,-3.208848e-07,0
289.8,0,-2.4601698e-07,0
289.9,0,-1.8861842e-07,0
290,26.17995,0.00014571295,0.27466256
290.1,52.3599,0.00010617492,0.40027021
290.2,52.3599,9.4666857e-05,0.3568858
290.3,52.3599,0.00014559793,0.54889149
290.4,52.3599,0.00015605874,0.58832784
290.5,52.3599,0.00015575016,0.58716453
290.6,52.3599,0.00015285744,0.57625924
290.7,52.3599,0.00014795909,0.55779288
290.8,52.3599,0.00015029114,0.56658449
290.9,52.3599,0.00015164595,0.571692
291,52.3599,0.00015203791,0.57316968
291.1,52.3599,0.00015170024,0.57189666
291.2,52.3599,0.00015209821,0.57339701
291.3,52.3599,0.00015135383,0.57059075
291.4,52.3599,0.00015240799,0.57456481
291.5,52.3599,0.00015074697,0.56830294
291.6,52.3599,0.00015194671,0.57282586
291.7,52.3599,0.00015052711,0.56747409
291.8,52.3599,0.00015193749,0.5727911
291.9,52.3599,0.00014984456,0.56490094
292,52.3599,0.00015139981,0.57076409
292.1,52.3599,0.00015062041,0.56782583
292.2,52.3599,0.00015230271,0.57416794
292.3,52.3599,0.00015106064,0.56948542
292.4,52.3599,0.00015183991,0.57242321
292.5,52.3599,0.00015194709,0.57282728
292.6,52.3599,0.00015242745,0.5746382
292.7,52.3599,0.00015092383,0.56896966
292.8,52.3599,0.00015307707,0.57708722
292.9,52.3599,0.00015043931,0.56714307
293,52.3599,0.00015288859,0.57637666
293.1,52.3599,0.0001499397,0.56525958
293.2,52.3599,0.00015233293,0.57428188
293.3,52.3599,0.00015043394,0.56712283
293.4,52.3599,0.00015176976,0.57215877
293.5,52.3599,0.00015051719,0.5674367
293.6,52.3599,0.00015106495,0.5695017
293.7,52.3599,0.00015057064,0.56763819
293.8,52.3599,0.00015088939,0.56883983
293.9,52.3599,0.00015023044,0.56635565
294,52.3599,0.00015134789,0.57056836
294.1,52.3599,0.00014951305,0.56365117
294.2,52.3599,0.00015139867,0.57075977
294.3,52.3599,0.00015012448,0.5659562
294.4,52.3599,0.00015109139,0.56960135
294.5,52.3599,0.0001506446,0.567917
294.6,52.3599,0.00015009975,0.56586297
294.7,52.3599,0.00015012944,0.56597489
294.8,52.3599,0.00015042312,0.56708205
294.9,52.3599,0.00014915053,0.56228451
295,52.3599,0.00014847312,0.55973073
295.1,52.3599,0.00014738679,0.55563534
295.2,52.3599,0.00014854989,0.56002015
295.3,52.3599,0.00014764637,0.55661392
295.4,52.3599,0.00014750757,0.55609069
295.5,52.3599,0.00014770612,0.55683917
295.6,52.3599,0.00014802503,0.55804145
295.7,52.3599,0.00014773901,0.5569632
295.8,52.3599,0.00014846329,0.55969365
295.9,52.3599,0.00014673075,0.55316214
296,52.3599,0.00014904241,0.56187689
296.1,52.3599,0.00014673736,0.55318706
296.2,52.3599,0.00014935037,0.56303787
296.3,52.3599,0.00014689593,0.55378483
296.4,52.3599,0.00014916514,0.56233958
296.5,52.3599,0.00014729134,0.55527549
296.6,52.3599,0.00014890347,0.5613531
296.7,52.3599,0.00014822293,0.5587875
296.8,52.3599,0.00014885014,0.56115206
296.9,52.3599,0.00014772514,0.55691089
297,52.3599,0.00014904546,0.5618884
297.1,52.3599,0.00014829811,0.55907093
297.2,52.3599,0.00014923627,0.56260774
297.3,52.3599,0.00014737215,0.55558016
297.4,52.3599,0.00014956434,0.5638445
297.5,52.3599,0.00014817601,0.55861062
297.6,52.3599,0.00014888807,0.56129504
297.7,52.3599,0.00014854141,0.55998814
297.8,52.3599,0.00014932622,0.56294681
297.9,52.3599,0.00014886217,0.56119738
298,26.17995,-8.3888165e-06,0.015812553
298.1,0,-3.9030233e-05,0
298.2,0,-1.965458e-05,0
298.3,0,-1.3639286e-05,0
298.4,0,-1.0202709e-05,0
298.5,0,-7.7151353e-06,0
298.6,0,-5.889954e-06,0
298.7,0,-4.5214949e-06,0
298.8,0,-3.476395e-06,0
298.9,0,-2.6722345e-06,0
299,0,-2.0525718e-06,0
299.1,0,-1.5755693e-06,0
299.2,0,-1.2087756e-06,0
299.3,0,-9.2705231e-07,0
299.4,0,-7.1086515e-07,0
299.5,0,-5.4503409e-07,0
299.6,0,-4.1788292e-07,0
299.7,0,-3.203817e-07,0
299.8,0,-2.4562497e-07,0
299.9,0,-1.8831683e-07,0
300,0,-1.4438284e-07,0
