time_s,omega_meas_rad_s,Mz_wedge_Nm,P_visc_full_W
0.1,65.4498,0.0001418562,0.6684811
0.2,65.4498,0.0001376277,0.64855479
0.3,65.4498,0.00023486141,1.1067575
0.4,65.4498,0.00019364543,0.91253193
0.5,65.4498,0.00020561435,0.96893412
0.6,65.4498,0.00020720895,0.97644847
0.7,65.4498,0.00020807601,0.9805344
0.8,65.4498,0.00021135407,0.99598188
0.9,65.4498,0.00020940336,0.98678939
1,65.4498,0.00020773451,0.9789251
1.1,65.4498,0.0002091187,0.98544795
1.2,65.4498,0.00020900509,0.98491258
1.3,65.4498,0.00020800684,0.98020842
1.4,65.4498,0.00020848315,0.98245298
1.5,65.4498,0.00020892288,0.98452516
1.6,65.4498,0.00020880747,0.98398132
1.7,65.4498,0.00020863682,0.98317713
1.8,65.4498,0.00020872084,0.98357307
1.9,65.4498,0.00020850107,0.98253744
2,65.4498,0.00020829948,0.98158746
2.1,65.4498,0.00020981913,0.98874867
2.2,65.4498,0.00020933766,0.98647976
2.3,65.4498,0.0002062333,0.97185083
2.4,65.4498,0.00020325515,0.95781663
2.5,65.4498,0.00020355933,0.95925004
2.6,65.4498,0.00020569582,0.96931803
2.7,65.4498,0.00020630235,0.97217623
2.8,65.4498,0.00020507238,0.96638012
2.9,65.4498,0.00020555227,0.96864154
3,65.4498,0.00020479774,0.96508593
3.1,65.4498,0.00020230335,0.95333138
3.2,65.4498,0.00020105085,0.94742914
3.3,65.4498,0.00020254649,0.95447715
3.4,65.4498,0.0002049265,0.9656927
3.5,65.4498,0.00020455267,0.96393104
3.6,65.4498,0.00020197455,0.95178194
3.7,65.4498,0.00019950239,0.94013218
3.8,65.4498,0.00019959447,0.94056609
3.9,65.4498,0.0002019569,0.95169881
4,65.4498,0.00020420478,0.96229165
4.1,65.4498,0.00020335079,0.95826731
4.2,65.4498,0.00020104943,0.94742244
4.3,65.4498,0.00019892946,0.93743235
4.4,65.4498,0.00020006819,0.94279845
4.5,65.4498,0.0002029416,0.95633907
4.6,65.4498,0.0002034988,0.95896482
4.7,65.4498,0.00020229653,0.95329927
4.8,65.4498,0.000199595,0.9405686
4.9,65.4498,0.00019888577,0.93722643
5,65.4498,0.0002025118,0.95431368
5.1,65.4498,0.0002048306,0.96524078
5.2,65.4498,0.00020415998,0.96208055
5.3,65.4498,0.00020101385,0.94725478
5.4,65.4498,0.00019851386,0.93547385
5.5,65.4498,0.00019897803,0.9376612
5.6,65.4498,0.00020331681,0.9581072
5.7,65.4498,0.00020329451,0.95800211
5.8,65.4498,0.00019993282,0.94216055
5.9,65.4498,0.0001973781,0.93012172
6,65.4498,0.00020045803,0.94463555
6.1,65.4498,0.00020360414,0.95946122
6.2,65.4498,0.00020370149,0.95991996
6.3,65.4498,0.00020181202,0.95101606
6.4,65.4498,0.00020091444,0.9467863
6.5,65.4498,0.00020428799,0.96268381
6.6,65.4498,0.00020550094,0.96839966
6.7,65.4498,0.00020391465,0.96092445
6.8,65.4498,0.00020229491,0.95329161
6.9,65.4498,0.00020397792,0.96122262
7,65.4498,0.00020544013,0.96811312
7.1,65.4498,0.00020438433,0.96313779
7.2,65.4498,0.00020302778,0.95674517
7.3,65.4498,0.00020494577,0.96578351
7.4,65.4498,0.00020619329,0.97166229
7.5,65.4498,0.00020510504,0.96653401
7.6,65.4498,0.00020450374,0.96370049
7.7,65.4498,0.00020538075,0.96783329
7.8,65.4498,0.00020432769,0.96287088
7.9,65.4498,0.00020396937,0.96118231
8,32.7249,1.5330049e-06,0.003612055
8.1,0,-5.1383431e-05,0
8.2,0,-2.425296e-05,0
8.3,0,-1.7292839e-05,0
8.4,0,-1.2517019e-05,0
8.5,0,-9.1686576e-06,0
8.6,0,-6.8363003e-06,0
8.7,0,-5.2001008e-06,0
8.8,0,-3.9975089e-06,0
8.9,0,-3.0810026e-06,0
9,0,-2.3726847e-06,0
9.1,0,-1.8245123e-06,0
9.2,0,-1.401229e-06,0
9.3,0,-1.0752611e-06,0
9.4,0,-8.2475412e-07,0
9.5,0,-6.3244035e-07,0
9.6,0,-4.8492342e-07,0
9.7,0,-3.7179127e-07,0
9.8,0,-2.8505006e-07,0
9.9,0,-2.1854512e-07,0
10,32.7249,0.00018217985,0.42925085
10.1,65.4498,0.00014129078,0.66581661
10.2,65.4498,0.00016622513,0.78331692
10.3,65.4498,0.0002175902,1.0253689
10.4,65.4498,0.0002017986,0.95095284
10.5,65.4498,0.00020373296,0.96006825
10.6,65.4498,0.00020590492,0.97030339
10.7,65.4498,0.00020528281,0.96737176
10.8,65.4498,0.00020432622,0.96286394
10.9,65.4498,0.00020384789,0.96060986
11,65.4498,0.00020310563,0.95711206
11.1,65.4498,0.00020264814,0.95495619
11.2,65.4498,0.00020181071,0.95100989
11.3,65.4498,0.00020308455,0.9570127
11.4,65.4498,0.00020393531,0.9610218
11.5,65.4498,0.00020496092,0.96585488
11.6,65.4498,0.00020510245,0.96652182
11.7,65.4498,0.00020414652,0.96201711
11.8,65.4498,0.00020450867,0.96372371
11.9,65.4498,0.0002037175,0.9599954
12,65.4498,0.00020412945,0.96193668
12.1,65.4498,0.00020451653,0.96376077
12.2,65.4498,0.0002052828,0.9673717
12.3,65.4498,0.00020432442,0.96285547
12.4,65.4498,0.00020322724,0.9576851
12.5,65.4498,0.0002047233,0.96473512
12.6,65.4498,0.0002051318,0.96666016
12.7,65.4498,0.00020430888,0.96278224
12.8,65.4498,0.00020397253,0.9611972
12.9,65.4498,0.0002055946,0.96884104
13,65.4498,0.000205792,0.96977125
13.1,65.4498,0.0002039393,0.96104062
13.2,65.4498,0.0002046246,0.96427003
13.3,65.4498,0.0002056816,0.96925102
13.4,65.4498,0.00020475291,0.96487468
13.5,65.4498,0.00020202878,0.95203751
13.6,65.4498,0.00020318443,0.95748339
13.7,65.4498,0.00020253686,0.95443178
13.8,65.4498,0.0002017725,0.95082983
13.9,65.4498,0.00020362836,0.95957535
14,65.4498,0.00020324236,0.95775635
14.1,65.4498,0.00020185162,0.95120265
14.2,65.4498,0.00020318337,0.95747837
14.3,65.4498,0.00020328614,0.95796268
14.4,65.4498,0.00020211157,0.95242766
14.5,65.4498,0.00020367295,0.95978549
14.6,65.4498,0.00020348639,0.95890632
14.7,65.4498,0.00020206438,0.95220528
14.8,65.4498,0.00020357418,0.95932005
14.9,65.4498,0.0002032343,0.95771839
15,65.4498,0.0002023191,0.95340559
15.1,65.4498,0.00020416835,0.96211998
15.2,65.4498,0.00020300298,0.95662831
15.3,65.4498,0.00020244539,0.95400074
15.4,65.4498,0.00020403932,0.96151195
15.5,65.4498,0.00020281129,0.95572498
15.6,65.4498,0.00020316074,0.95737176
15.7,65.4498,0.00020406994,0.96165624
15.8,65.4498,0.00020228067,0.95322451
15.9,65.4498,0.00020350605,0.95899896
16,65.4498,0.00020352324,0.95907997
16.1,65.4498,0.000202516,0.95433347
16.2,65.4498,0.00020413451,0.96196052
16.3,65.4498,0.0002026699,0.95505871
16.4,65.4498,0.00020242753,0.95391656
16.5,65.4498,0.00020367682,0.95980369
16.6,65.4498,0.00020248107,0.95416888
16.7,65.4498,0.00020346073,0.95878542
16.8,65.4498,0.00020339489,0.95847515
16.9,65.4498,0.00020218809,0.95278827
17,65.4498,0.00020293341,0.95630047
17.1,65.4498,0.0002026039,0.95474771
17.2,65.4498,0.00020298311,0.95653468
17.3,65.4498,0.00020347795,0.95886657
17.4,65.4498,0.00020274043,0.95539107
17.5,65.4498,0.00020277002,0.95553052
17.6,65.4498,0.00020248324,0.95417909
17.7,65.4498,0.00020283511,0.95583726
17.8,65.4498,0.00020335905,0.95830624
17.9,65.4498,0.00020307018,0.956945
18,32.7249,2.6051839e-06,0.0061383155
18.1,0,-4.7957562e-05,0
18.2,0,-2.3143626e-05,0
18.3,0,-1.662091e-05,0
18.4,0,-1.1889787e-05,0
18.5,0,-8.7172084e-06,0
18.6,0,-6.5984437e-06,0
18.7,0,-5.0685781e-06,0
18.8,0,-3.9073064e-06,0
18.9,0,-3.010206e-06,0
19,0,-2.3155102e-06,0
19.1,0,-1.7788609e-06,0
19.2,0,-1.3653234e-06,0
19.3,0,-1.0473259e-06,0
19.4,0,-8.0315554e-07,0
19.5,0,-6.15803e-07,0
19.6,0,-4.7212806e-07,0
19.7,0,-3.6195342e-07,0
19.8,0,-2.774821e-07,0
19.9,0,-2.127314e-07,0
20,32.7249,0.00018218692,0.4292675
20.1,65.4498,0.00014139659,0.66631525
20.2,65.4498,0.00016632609,0.78379266
20.3,65.4498,0.00022342446,1.0528622
20.4,65.4498,0.00020692703,0.97511997
20.5,65.4498,0.00020593533,0.97044669
20.6,65.4498,0.0002093693,0.98662885
20.7,65.4498,0.00020641984,0.97272989
20.8,65.4498,0.00020702954,0.97560304
20.9,65.4498,0.00020744395,0.97755588
21,65.4498,0.00020739146,0.97730851
21.1,65.4498,0.00020666281,0.97387487
21.2,65.4498,0.00020520267,0.9669941
21.3,65.4498,0.00020650893,0.9731497
21.4,65.4498,0.00020732051,0.97697418
21.5,65.4498,0.00020622788,0.9718253
21.6,65.4498,0.00020543409,0.96808462
21.7,65.4498,0.00020458407,0.96407903
21.8,65.4498,0.00020345393,0.95875335
21.9,65.4498,0.00020285207,0.95591717
22,65.4498,0.00020216314,0.95267065
22.1,65.4498,0.00020321995,0.95765078
22.2,65.4498,0.00020309859,0.95707886
22.3,65.4498,0.00020410937,0.96184203
22.4,65.4498,0.00020501836,0.96612555
22.5,65.4498,0.00020510544,0.96653592
22.6,65.4498,0.00020434848,0.96296881
22.7,65.4498,0.00020513462,0.96667341
22.8,65.4498,0.00020679418,0.97449391
22.9,65.4498,0.00020617217,0.97156279
23,65.4498,0.00020424364,0.9624748
23.1,65.4498,0.00020345795,0.95877231
23.2,65.4498,0.00020500764,0.96607504
23.3,65.4498,0.00020616124,0.97151128
23.4,65.4498,0.00020496804,0.96588845
23.5,65.4498,0.00020293883,0.95632603
23.6,65.4498,0.00020010905,0.942991
23.7,65.4498,0.00020227123,0.95318004
23.8,65.4498,0.00020243397,0.95394694
23.9,65.4498,0.00020045068,0.94460089
24,65.4498,0.00019977714,0.94142693
24.1,65.4498,0.00020247543,0.9541423
24.2,65.4498,0.00020313408,0.95724614
24.3,65.4498,0.000201117,0.94774083
24.4,65.4498,0.00019841043,0.93498644
24.5,65.4498,0.00020036641,0.94420379
24.6,65.4498,0.00020279927,0.95566837
24.7,65.4498,0.00020179158,0.95091971
24.8,65.4498,0.00019959194,0.94055416
24.9,65.4498,0.00020076692,0.94609116
25,65.4498,0.00020336996,0.95835767
25.1,65.4498,0.00020213626,0.95254399
25.2,65.4498,0.00020001391,0.94254266
25.3,65.4498,0.00020165836,0.95029197
25.4,65.4498,0.00020345961,0.95878012
25.5,65.4498,0.00020190031,0.95143213
25.6,65.4498,0.00020068718,0.94571535
25.7,65.4498,0.00020282647,0.95579656
25.8,65.4498,0.0002031683,0.95740737
25.9,65.4498,0.00020104474,0.94740035
26,65.4498,0.00020213231,0.95252539
26.1,65.4498,0.00020417447,0.96214883
26.2,65.4498,0.00020167279,0.95035993
26.3,65.4498,0.00020028581,0.94382399
26.4,65.4498,0.00020422259,0.96237561
26.5,65.4498,0.00020303141,0.9567623
26.6,65.4498,0.00019961218,0.94064954
26.7,65.4498,0.00020103038,0.94733269
26.8,65.4498,0.00020187741,0.95132419
26.9,65.4498,0.00020115612,0.94792522
27,65.4498,0.00020264199,0.95492719
27.1,65.4498,0.00020328682,0.95796588
27.2,65.4498,0.0002026825,0.9551181
27.3,65.4498,0.00020299736,0.95660181
27.4,65.4498,0.00020208072,0.9522823
27.5,65.4498,0.00020118702,0.94807081
27.6,65.4498,0.00020223344,0.95300193
27.7,65.4498,0.00020323766,0.95773422
27.8,65.4498,0.00020345341,0.9587509
27.9,65.4498,0.00020373669,0.96008583
28,32.7249,2.3614848e-06,0.0055641135
28.1,0,-4.9698042e-05,0
28.2,0,-2.3670976e-05,0
28.3,0,-1.6897838e-05,0
28.4,0,-1.2051181e-05,0
28.5,0,-8.8715337e-06,0
28.6,0,-6.7145782e-06,0
28.7,0,-5.1487986e-06,0
28.8,0,-3.9644329e-06,0
28.9,0,-3.0527446e-06,0
29,0,-2.34796e-06,0
29.1,0,-1.8038391e-06,0
29.2,0,-1.3845451e-06,0
29.3,0,-1.0621002e-06,0
29.4,0,-8.1445906e-07,0
29.5,0,-6.2444706e-07,0
29.6,0,-4.7873657e-07,0
29.7,0,-3.6701303e-07,0
29.8,0,-2.8136264e-07,0
29.9,0,-2.1570076e-07,0
30,32.7249,0.00018218859,0.42927145
30.1,65.4498,0.00014119934,0.66538575
30.2,65.4498,0.00016445898,0.77499415
30.3,65.4498,0.00022825103,1.0756069
30.4,65.4498,0.00021397893,1.0083512
30.5,65.4498,0.00021141145,0.99625229
30.6,65.4498,0.00021282648,1.0029204
30.7,65.4498,0.0002079275,0.97983458
30.8,65.4498,0.00020841489,0.98213131
30.9,65.4498,0.00020913044,0.98550326
31,65.4498,0.00020554232,0.96859466
31.1,65.4498,0.00020737386,0.97722561
31.2,65.4498,0.00020803004,0.98031779
31.3,65.4498,0.00020808697,0.98058604
31.4,65.4498,0.00020784008,0.97942262
31.5,65.4498,0.00020783859,0.97941559
31.6,65.4498,0.00020759743,0.97827915
31.7,65.4498,0.00020680444,0.97454226
31.8,65.4498,0.00020666574,0.97388867
31.9,65.4498,0.00020665375,0.97383214
32,65.4498,0.00020662618,0.97370222
32.1,65.4498,0.00020731293,0.97693848
32.2,65.4498,0.00020889737,0.98440498
32.3,65.4498,0.00020961703,0.98779628
32.4,65.4498,0.00020916604,0.98567103
32.5,65.4498,0.00020739828,0.97734065
32.6,65.4498,0.00020629145,0.97212485
32.7,65.4498,0.00020743732,0.97752466
32.8,65.4498,0.00020838412,0.98198633
32.9,65.4498,0.00020821152,0.98117297
33,65.4498,0.00020735044,0.97711525
33.1,65.4498,0.00020530419,0.9674725
33.2,65.4498,0.00020277945,0.95557495
33.3,65.4498,0.00020145409,0.94932933
33.4,65.4498,0.00020161958,0.95010919
33.5,65.4498,0.00020269487,0.95517637
33.6,65.4498,0.0002040997,0.96179646
33.7,65.4498,0.00020456546,0.96399135
33.8,65.4498,0.00020350303,0.95898476
33.9,65.4498,0.00020328258,0.95794592
34,65.4498,0.0002036326,0.95959533
34.1,65.4498,0.00020288262,0.95606113
34.2,65.4498,0.00020270876,0.95524183
34.3,65.4498,0.00020430306,0.96275479
34.4,65.4498,0.00020383196,0.96053477
34.5,65.4498,0.000202205,0.95286791
34.6,65.4498,0.00020027643,0.94377978
34.7,65.4498,0.00020024636,0.94363808
34.8,65.4498,0.00020261282,0.95478972
34.9,65.4498,0.00020004765,0.94270166
35,65.4498,0.00020111855,0.94774815
35.1,65.4498,0.000200854,0.94650149
35.2,65.4498,0.0002015757,0.94990245
35.3,65.4498,0.0002022681,0.95316528
35.4,65.4498,0.00020347994,0.95887593
35.5,65.4498,0.00020340558,0.95852554
35.6,65.4498,0.00020236307,0.95361281
35.7,65.4498,0.00020158469,0.94994479
35.8,65.4498,0.00020264289,0.95493144
35.9,65.4498,0.00020380583,0.96041167
36,65.4498,0.00020351555,0.95904377
36.1,65.4498,0.00020329298,0.95799491
36.2,65.4498,0.00020415218,0.96204379
36.3,65.4498,0.00020387631,0.96074377
36.4,65.4498,0.00020365083,0.95968125
36.5,65.4498,0.00020495389,0.96582176
36.6,65.4498,0.00020613387,0.97138227
36.7,65.4498,0.00020588223,0.97019645
36.8,65.4498,0.00020529767,0.96744178
36.9,65.4498,0.00020561654,0.96894441
37,65.4498,0.00020419894,0.96226413
37.1,65.4498,0.00020332411,0.95814161
37.2,65.4498,0.000205533,0.96855075
37.3,65.4498,0.0002064552,0.97289649
37.4,65.4498,0.00020525419,0.9672369
37.5,65.4498,0.00020435862,0.96301662
37.6,65.4498,0.00020353521,0.95913637
37.7,65.4498,0.00020340242,0.95851063
37.8,65.4498,0.00020451175,0.96373822
37.9,65.4498,0.00020549439,0.9683688
38,32.7249,-4.9041207e-07,0.0011555054
38.1,0,-5.134402e-05,0
38.2,0,-2.4295811e-05,0
38.3,0,-1.6970254e-05,0
38.4,0,-1.2034531e-05,0
38.5,0,-8.8194553e-06,0
38.6,0,-6.6802648e-06,0
38.7,0,-5.1349061e-06,0
38.8,0,-3.958514e-06,0
38.9,0,-3.04833e-06,0
39,0,-2.3437124e-06,0
39.1,0,-1.7999032e-06,0
39.2,0,-1.3812072e-06,0
39.3,0,-1.0594588e-06,0
39.4,0,-8.1242804e-07,0
39.5,0,-6.228973e-07,0
39.6,0,-4.7755931e-07,0
39.7,0,-3.6612701e-07,0
39.8,0,-2.8070156e-07,0
39.9,0,-2.1520471e-07,0
40,32.7249,0.00018217653,0.42924302
40.1,65.4498,0.00014150715,0.66683625
40.2,65.4498,0.00016566504,0.78067756
40.3,65.4498,0.00022425184,1.0567611
40.4,65.4498,0.00020331672,0.95810679
40.5,65.4498,0.0002096397,0.98790309
40.6,65.4498,0.00021140811,0.99623653
40.7,65.4498,0.00021067834,0.99279759
40.8,65.4498,0.00021009209,0.99003492
40.9,65.4498,0.00020940768,0.98680974
41,65.4498,0.00020854511,0.982745
41.1,65.4498,0.000207686,0.97869651
41.2,65.4498,0.00020746042,0.9776335
41.3,65.4498,0.00020800105,0.98018116
41.4,65.4498,0.00020734769,0.97710228
41.5,65.4498,0.00020673993,0.97423825
41.6,65.4498,0.00020549558,0.96837441
41.7,65.4498,0.00020644401,0.97284379
41.8,65.4498,0.0002058127,0.96986881
41.9,65.4498,0.00020547783,0.96829076
42,65.4498,0.00020501766,0.96612226
42.1,65.4498,0.00020600176,0.97075974
42.2,65.4498,0.00020672503,0.97416807
42.3,65.4498,0.00020698602,0.97539792
42.4,65.4498,0.00020761197,0.97834766
42.5,65.4498,0.00020577515,0.96969183
42.6,65.4498,0.00020359426,0.95941464
42.7,65.4498,0.00020488911,0.96551649
42.8,65.4498,0.00020558389,0.96879058
42.9,65.4498,0.00020543126,0.96807131
43,65.4498,0.00020537852,0.96782278
43.1,65.4498,0.00020501076,0.96608974
43.2,65.4498,0.00020538141,0.96783641
43.3,65.4498,0.00020565379,0.96911996
43.4,65.4498,0.00020577524,0.96969226
43.5,65.4498,0.00020744367,0.97755458
43.6,65.4498,0.00020689718,0.97497927
43.7,65.4498,0.00020655648,0.97337378
43.8,65.4498,0.00020256345,0.95455707
43.9,65.4498,0.00020329547,0.95800664
44,65.4498,0.00020502474,0.96615563
44.1,65.4498,0.00020412034,0.96189376
44.2,65.4498,0.0002015909,0.94997404
44.3,65.4498,0.00019981296,0.94159571
44.4,65.4498,0.00020279486,0.95564756
44.5,65.4498,0.00020486558,0.96540559
44.6,65.4498,0.0002044411,0.96340531
44.7,65.4498,0.00020147983,0.94945063
44.8,65.4498,0.00020075884,0.94605308
44.9,65.4498,0.00020431844,0.9628273
45,65.4498,0.00020599416,0.97072392
45.1,65.4498,0.00020374737,0.96013619
45.2,65.4498,0.00019970418,0.94108308
45.3,65.4498,0.00020020363,0.94343673
45.4,65.4498,0.00020421222,0.9623267
45.5,65.4498,0.00020469931,0.96462208
45.6,65.4498,0.00020309506,0.95706224
45.7,65.4498,0.00020153962,0.94973239
45.8,65.4498,0.00020224197,0.95304215
45.9,65.4498,0.00020396041,0.96114011
46,65.4498,0.00020387325,0.96072936
46.1,65.4498,0.00020296399,0.9564446
46.2,65.4498,0.00020281153,0.95572614
46.3,65.4498,0.00020522946,0.96712035
46.4,65.4498,0.00020505725,0.96630883
46.5,65.4498,0.00020256914,0.9545839
46.6,65.4498,0.00020240368,0.95380419
46.7,65.4498,0.00020556402,0.96869692
46.8,65.4498,0.00020416926,0.96212427
46.9,65.4498,0.00020136571,0.94891287
47,65.4498,0.00020192903,0.95156746
47.1,65.4498,0.0002023565,0.95358184
47.2,65.4498,0.00020178329,0.95088065
47.3,65.4498,0.00020265687,0.95499732
47.4,65.4498,0.00020609155,0.97118287
47.5,65.4498,0.00020509715,0.96649685
47.6,65.4498,0.00020306683,0.9569292
47.7,65.4498,0.00020500528,0.96606391
47.8,65.4498,0.00020576948,0.96966512
47.9,65.4498,0.00020407816,0.96169497
48,32.7249,2.7211223e-07,0.00064114888
48.1,0,-5.1286996e-05,0
48.2,0,-2.4252204e-05,0
48.3,0,-1.7240467e-05,0
48.4,0,-1.2321249e-05,0
48.5,0,-8.99164e-06,0
48.6,0,-6.7702471e-06,0
48.7,0,-5.1883221e-06,0
48.8,0,-3.9985378e-06,0
48.9,0,-3.0811322e-06,0
49,0,-2.3704445e-06,0
49.1,0,-1.8211893e-06,0
49.2,0,-1.3978808e-06,0
49.3,0,-1.0723506e-06,0
49.4,0,-8.2238553e-07,0
49.5,0,-6.3057479e-07,0
49.6,0,-4.8347736e-07,0
49.7,0,-3.7067788e-07,0
49.8,0,-2.8418739e-07,0
49.9,0,-2.1788194e-07,0
50,32.7249,0.00018218334,0.42925908
50.1,65.4498,0.00014140127,0.6663373
50.2,65.4498,0.00016640931,0.78418483
50.3,65.4498,0.00021857641,1.0300163
50.4,65.4498,0.0002116143,0.9972082
50.5,65.4498,0.00021076487,0.99320534
50.6,65.4498,0.000209072,0.98522786
50.7,65.4498,0.00020733242,0.97703033
50.8,65.4498,0.00020836342,0.98188879
50.9,65.4498,0.00020810296,0.98066138
51,65.4498,0.00020816283,0.9809435
51.1,65.4498,0.00020819631,0.9811013
51.2,65.4498,0.00020827958,0.9814937
51.3,65.4498,0.0002090453,0.98510208
51.4,65.4498,0.00020891579,0.98449175
51.5,65.4498,0.00020816682,0.98096234
51.6,65.4498,0.00020886758,0.98426457
51.7,65.4498,0.00020899334,0.98485721
51.8,65.4498,0.00020849143,0.98249199
51.9,65.4498,0.00020836507,0.98189658
52,65.4498,0.00020957648,0.98760517
52.1,65.4498,0.00020910975,0.98540576
52.2,65.4498,0.00020739669,0.97733316
52.3,65.4498,0.00020842548,0.98218122
52.4,65.4498,0.00020970819,0.98822585
52.5,65.4498,0.00020799479,0.98015166
52.6,65.4498,0.00020788323,0.97962595
52.7,65.4498,0.00021009163,0.99003278
52.8,65.4498,0.00020843122,0.98220827
52.9,65.4498,0.00020745365,0.97760159
53,65.4498,0.00020844443,0.98227053
53.1,65.4498,0.00020844755,0.98228525
53.2,65.4498,0.00020769471,0.97873754
53.3,65.4498,0.00020862374,0.98311552
53.4,65.4498,0.00020815817,0.98092157
53.5,65.4498,0.00020717395,0.97628355
53.6,65.4498,0.00020400944,0.96137117
53.7,65.4498,0.00020528336,0.96737434
53.8,65.4498,0.00020553757,0.96857231
53.9,65.4498,0.00020294489,0.9563546
54,65.4498,0.00020476827,0.96494704
54.1,65.4498,0.00020607448,0.97110242
54.2,65.4498,0.00020331861,0.95811569
54.3,65.4498,0.00020268569,0.95513313
54.4,65.4498,0.00020581812,0.96989436
54.5,65.4498,0.00020447077,0.96354511
54.6,65.4498,0.00020293541,0.95630991
54.7,65.4498,0.00020418484,0.96219769
54.8,65.4498,0.00020529911,0.96744856
54.9,65.4498,0.00020439356,0.96318127
55,65.4498,0.0002043834,0.96313341
55.1,65.4498,0.00020597031,0.97061154
55.2,65.4498,0.00020498763,0.96598078
55.3,65.4498,0.00020408255,0.96171566
55.4,65.4498,0.00020620579,0.97172122
55.5,65.4498,0.00020577666,0.96969895
55.6,65.4498,0.00020481135,0.96515006
55.7,65.4498,0.00020665453,0.97383582
55.8,65.4498,0.00020522044,0.96707787
55.9,65.4498,0.00020420839,0.96230869
56,65.4498,0.00020547125,0.96825976
56.1,65.4498,0.00020540642,0.96795424
56.2,65.4498,0.00020597705,0.97064329
56.3,65.4498,0.00020596335,0.97057874
56.4,65.4498,0.0002056352,0.96903237
56.5,65.4498,0.00020584432,0.97001779
56.6,65.4498,0.00020469735,0.96461283
56.7,65.4498,0.00020550278,0.96840834
56.8,65.4498,0.00020663212,0.97373024
56.9,65.4498,0.00020560156,0.96887381
57,65.4498,0.00020624214,0.9718925
57.1,65.4498,0.00020625769,0.97196577
57.2,65.4498,0.00020504107,0.96623259
57.3,65.4498,0.00020641126,0.97268943
57.4,65.4498,0.00020660019,0.97357977
57.5,65.4498,0.00020545252,0.96817151
57.6,65.4498,0.00020632586,0.97228699
57.7,65.4498,0.00020606644,0.97106454
57.8,65.4498,0.00020530051,0.96745517
57.9,65.4498,0.00020651889,0.97319667
58,32.7249,4.7666594e-06,0.011231168
58.1,0,-4.9280816e-05,0
58.2,0,-2.3401986e-05,0
58.3,0,-1.6688115e-05,0
58.4,0,-1.1802943e-05,0
58.5,0,-8.6729482e-06,0
58.6,0,-6.5909828e-06,0
58.7,0,-5.0693122e-06,0
58.8,0,-3.9074004e-06,0
58.9,0,-3.0088148e-06,0
59,0,-2.313495e-06,0
59.1,0,-1.7767963e-06,0
59.2,0,-1.363523e-06,0
59.3,0,-1.0458819e-06,0
59.4,0,-8.0204029e-07,0
59.5,0,-6.1494955e-07,0
59.6,0,-4.714757e-07,0
59.7,0,-3.6146464e-07,0
59.8,0,-2.7712828e-07,0
59.9,0,-2.1246553e-07,0
60,32.7249,0.00018221296,0.42932888
60.1,65.4498,0.00014130123,0.6658659
60.2,65.4498,0.00016564519,0.780584
60.3,65.4498,0.00022319471,1.0517795
60.4,65.4498,0.00020271212,0.9552577
60.5,65.4498,0.00020650218,0.97311788
60.6,65.4498,0.00021091323,0.99390449
60.7,65.4498,0.00020962386,0.98782845
60.8,65.4498,0.00020964675,0.9879363
60.9,65.4498,0.00020952821,0.98737773
61,65.4498,0.00020875391,0.98372894
61.1,65.4498,0.00020881505,0.98401705
61.2,65.4498,0.00020847832,0.98243024
61.3,65.4498,0.00020706675,0.97577835
61.4,65.4498,0.00020844113,0.98225497
61.5,65.4498,0.00020923264,0.98598488
61.6,65.4498,0.00020878236,0.98386297
61.7,65.4498,0.00020868518,0.98340503
61.8,65.4498,0.00020807541,0.98053156
61.9,65.4498,0.00020869737,0.98346246
62,65.4498,0.00020914104,0.98555323
62.1,65.4498,0.00020888018,0.98432393
62.2,65.4498,0.00020786452,0.97953778
62.3,65.4498,0.0002078403,0.97942363
62.4,65.4498,0.00020991924,0.98922042
62.5,65.4498,0.0002081937,0.981089
62.6,65.4498,0.00020745657,0.97761535
62.7,65.4498,0.00020741616,0.97742491
62.8,65.4498,0.00020831111,0.98164226
62.9,65.4498,0.00020886679,0.98426083
63,65.4498,0.00020725797,0.97667948
63.1,65.4498,0.00020803038,0.98031935
63.2,65.4498,0.00020938531,0.98670432
63.3,65.4498,0.00020762674,0.97841727
63.4,65.4498,0.00020698744,0.97540465
63.5,65.4498,0.000208339,0.9817737
63.6,65.4498,0.0002075186,0.97790766
63.7,65.4498,0.00020638207,0.97255188
63.8,65.4498,0.00020756416,0.97812235
63.9,65.4498,0.00020545763,0.96819556
64,65.4498,0.0002042471,0.96249112
64.1,65.4498,0.00020491639,0.96564504
64.2,65.4498,0.00020682134,0.97462191
64.3,65.4498,0.00020515276,0.96675892
64.4,65.4498,0.00020465613,0.96441862
64.5,65.4498,0.00020690704,0.97502577
64.6,65.4498,0.00020512212,0.96661453
64.7,65.4498,0.00020473417,0.96478637
64.8,65.4498,0.00020733855,0.97705918
64.9,65.4498,0.00020512335,0.96662032
65,65.4498,0.0002044623,0.96350518
65.1,65.4498,0.00020685034,0.97475858
65.2,65.4498,0.00020499058,0.96599468
65.3,65.4498,0.00020440687,0.96324401
65.4,65.4498,0.00020697087,0.97532657
65.5,65.4498,0.00020510094,0.9665147
65.6,65.4498,0.00020443807,0.96339102
65.7,65.4498,0.00020596735,0.97059758
65.8,65.4498,0.00020509083,0.96646707
65.9,65.4498,0.00020495087,0.96580755
66,65.4498,0.0002063433,0.97236919
66.1,65.4498,0.00020499406,0.96601104
66.2,65.4498,0.00020440358,0.96322847
66.3,65.4498,0.00020543705,0.96809859
66.4,65.4498,0.00020480869,0.96513752
66.5,65.4498,0.00020508349,0.96643248
66.6,65.4498,0.00020617562,0.97157904
66.7,65.4498,0.00020490823,0.96560661
66.8,65.4498,0.00020435655,0.96300685
66.9,65.4498,0.00020481929,0.96518749
67,65.4498,0.0002044297,0.96335158
67.1,65.4498,0.00020529832,0.96744486
67.2,65.4498,0.00020605624,0.97101646
67.3,65.4498,0.00020513015,0.96665237
67.4,65.4498,0.00020474505,0.96483764
67.5,65.4498,0.00020456047,0.96396782
67.6,65.4498,0.00020469736,0.96461288
67.7,65.4498,0.00020565041,0.96910403
67.8,65.4498,0.00020574043,0.96952822
67.9,65.4498,0.0002055216,0.96849705
68,32.7249,3.429646e-06,0.0080809072
68.1,0,-4.9650219e-05,0
68.2,0,-2.3566115e-05,0
68.3,0,-1.6839436e-05,0
68.4,0,-1.196193e-05,0
68.5,0,-8.7884961e-06,0
68.6,0,-6.6635476e-06,0
68.7,0,-5.1141508e-06,0
68.8,0,-3.9382677e-06,0
68.9,0,-3.0323351e-06,0
69,0,-2.332053e-06,0
69.1,0,-1.7915411e-06,0
69.2,0,-1.3750712e-06,0
69.3,0,-1.0548418e-06,0
69.4,0,-8.0892636e-07,0
69.5,0,-6.2023623e-07,0
69.6,0,-4.7551042e-07,0
69.7,0,-3.6454894e-07,0
69.8,0,-2.7948401e-07,0
69.9,0,-2.1426774e-07,0
70,32.7249,0.00018217836,0.42924734
70.1,65.4498,0.00014118899,0.66533696
70.2,65.4498,0.00016512895,0.77815129
70.3,65.4498,0.00022353227,1.0533702
70.4,65.4498,0.000214372,1.0102035
70.5,65.4498,0.00021221535,1.0000405
70.6,65.4498,0.00021093615,0.99401249
70.7,65.4498,0.0002116293,0.99727887
70.8,65.4498,0.00021148768,0.99661152
70.9,65.4498,0.00021107324,0.99465848
71,65.4498,0.00020995604,0.98939383
71.1,65.4498,0.00020918242,0.98574821
71.2,65.4498,0.00020892665,0.98454291
71.3,65.4498,0.00020990878,0.98917111
71.4,65.4498,0.00021109737,0.99477218
71.5,65.4498,0.00021082403,0.99348412
71.6,65.4498,0.00020972687,0.98831388
71.7,65.4498,0.0002096107,0.98776643
71.8,65.4498,0.00021038661,0.99142283
71.9,65.4498,0.00020919713,0.98581754
72,65.4498,0.00020692059,0.97508961
72.1,65.4498,0.00020661122,0.97363172
72.2,65.4498,0.00020668765,0.9739919
72.3,65.4498,0.0002064235,0.97274712
72.4,65.4498,0.00020661633,0.97365581
72.5,65.4498,0.00020647635,0.9729962
72.6,65.4498,0.00020631325,0.97222757
72.7,65.4498,0.00020522926,0.9671194
72.8,65.4498,0.00020424528,0.96248249
72.9,65.4498,0.00020580432,0.96982931
73,65.4498,0.0002082645,0.98142265
73.1,65.4498,0.0002085726,0.98287451
73.2,65.4498,0.00020663355,0.97373697
73.3,65.4498,0.0002040306,0.96147085
73.4,65.4498,0.00020386264,0.96067937
73.5,65.4498,0.00020441742,0.96329373
73.6,65.4498,0.00020464141,0.96434924
73.7,65.4498,0.00020368243,0.95983016
73.8,65.4498,0.00020356226,0.95926386
73.9,65.4498,0.00020454791,0.96390865
74,65.4498,0.00020528601,0.96738683
74.1,65.4498,0.00020466768,0.96447304
74.2,65.4498,0.00020249314,0.95422578
74.3,65.4498,0.00020036696,0.94420637
74.4,65.4498,0.00020081334,0.94630989
74.5,65.4498,0.00020280347,0.95568815
74.6,65.4498,0.00020470699,0.96465827
74.7,65.4498,0.00020588853,0.97022616
74.8,65.4498,0.00020496553,0.96587663
74.9,65.4498,0.00020262627,0.95485313
75,65.4498,0.00020093815,0.94689807
75.1,65.4498,0.00020131837,0.94868977
75.2,65.4498,0.0002002561,0.94368395
75.3,65.4498,0.00020121346,0.9481954
75.4,65.4498,0.00020278607,0.95560615
75.5,65.4498,0.00020454661,0.96390251
75.6,65.4498,0.00020582608,0.96993185
75.7,65.4498,0.00020671241,0.97410857
75.8,65.4498,0.00020537234,0.96779368
75.9,65.4498,0.00020198351,0.95182419
76,65.4498,0.00020297195,0.9564821
76.1,65.4498,0.00020314286,0.95728748
76.2,65.4498,0.00020196376,0.9517311
76.3,65.4498,0.00020182345,0.95106991
76.4,65.4498,0.00020428341,0.96266219
76.5,65.4498,0.00020394727,0.96107819
76.6,65.4498,0.00020273974,0.95538784
76.7,65.4498,0.00020298487,0.95654296
76.8,65.4498,0.00020335131,0.95826978
76.9,65.4498,0.00020395626,0.96112055
77,65.4498,0.00020416562,0.96210711
77.1,65.4498,0.00020560859,0.96890697
77.2,65.4498,0.0002047911,0.96505464
77.3,65.4498,0.00020327058,0.95788936
77.4,65.4498,0.00020343486,0.95866352
77.5,65.4498,0.00020548836,0.96834041
77.6,65.4498,0.00020555552,0.96865689
77.7,65.4498,0.00020420342,0.96228527
77.8,65.4498,0.00020388149,0.96076819
77.9,65.4498,0.00020605158,0.97099451
78,32.7249,3.5729047e-06,0.0084184523
78.1,0,-5.1407592e-05,0
78.2,0,-2.4206761e-05,0
78.3,0,-1.717691e-05,0
78.4,0,-1.2226001e-05,0
78.5,0,-8.9101383e-06,0
78.6,0,-6.7220403e-06,0
78.7,0,-5.151237e-06,0
78.8,0,-3.9677975e-06,0
78.9,0,-3.0567299e-06,0
79,0,-2.3518083e-06,0
79.1,0,-1.8069919e-06,0
79.2,0,-1.3870437e-06,0
79.3,0,-1.0640931e-06,0
79.4,0,-8.1607966e-07,0
79.5,0,-6.2575011e-07,0
79.6,0,-4.7977178e-07,0
79.7,0,-3.6784543e-07,0
79.8,0,-2.8202471e-07,0
79.9,0,-2.1623072e-07,0
80,32.7249,0.00018220775,0.42931659
80.1,65.4498,0.00014139199,0.6662936
80.2,65.4498,0.00016543595,0.779598
80.3,65.4498,0.00022402157,1.055676
80.4,65.4498,0.00020190083,0.95143457
80.5,65.4498,0.0002042014,0.96227575
80.6,65.4498,0.00020834744,0.9818135
80.7,65.4498,0.00020631667,0.97224371
80.8,65.4498,0.000205818,0.96989379
80.9,65.4498,0.00020479559,0.96507581
81,65.4498,0.00020464805,0.96438052
81.1,65.4498,0.00020369892,0.95990786
81.2,65.4498,0.00020492693,0.96569473
81.3,65.4498,0.00020511809,0.96659552
81.4,65.4498,0.000205533,0.96855077
81.5,65.4498,0.00020565682,0.96913426
81.6,65.4498,0.00020692014,0.97508747
81.7,65.4498,0.00020735851,0.97715327
81.8,65.4498,0.00020630495,0.97218848
81.9,65.4498,0.00020635819,0.97243937
82,65.4498,0.00020523497,0.9671463
82.1,65.4498,0.00020496801,0.9658883
82.2,65.4498,0.00020668752,0.97399129
82.3,65.4498,0.0002070594,0.97574374
82.4,65.4498,0.00020599453,0.97072567
82.5,65.4498,0.00020515554,0.96677199
82.6,65.4498,0.00020445614,0.96347617
82.7,65.4498,0.00020588251,0.97019779
82.8,65.4498,0.00020579619,0.96979102
82.9,65.4498,0.00020229456,0.95328998
83,65.4498,0.00020261826,0.95481535
83.1,65.4498,0.00020274724,0.95542316
83.2,65.4498,0.00020367692,0.9598042
83.3,65.4498,0.00020426734,0.96258648
83.4,65.4498,0.00020375175,0.96015681
83.5,65.4498,0.00020283045,0.95581528
83.6,65.4498,0.00020221091,0.9528958
83.7,65.4498,0.00020264712,0.95495139
83.8,65.4498,0.00020351895,0.95905979
83.9,65.4498,0.00020367182,0.95978015
84,65.4498,0.00020365014,0.95967801
84.1,65.4498,0.00020427008,0.96259939
84.2,65.4498,0.00020404833,0.96155443
84.3,65.4498,0.00020229502,0.95329213
84.4,65.4498,0.00020204863,0.95213105
84.5,65.4498,0.00020403983,0.96151436
84.6,65.4498,0.00020347387,0.95884731
84.7,65.4498,0.00020135622,0.94886816
84.8,65.4498,0.00020260774,0.95476579
84.9,65.4498,0.00020437193,0.96307935
85,65.4498,0.00020274663,0.95542029
85.1,65.4498,0.00020126078,0.9484184
85.2,65.4498,0.00020352969,0.95911039
85.3,65.4498,0.00020412395,0.96191076
85.4,65.4498,0.00020228134,0.95322767
85.5,65.4498,0.00020122844,0.94826602
85.6,65.4498,0.00020322098,0.95765564
85.7,65.4498,0.00020368457,0.95984024
85.8,65.4498,0.00020257601,0.95461629
85.9,65.4498,0.00020284599,0.95588854
86,65.4498,0.00020403855,0.96150831
86.1,65.4498,0.00020276394,0.95550188
86.2,65.4498,0.00020160137,0.95002338
86.3,65.4498,0.00020169104,0.95044594
86.4,65.4498,0.00020245519,0.95404694
86.5,65.4498,0.0002032439,0.95776364
86.6,65.4498,0.00020368251,0.95983055
86.7,65.4498,0.00020322128,0.95765702
86.8,65.4498,0.00020346539,0.95880737
86.9,65.4498,0.00020363737,0.9596178
87,65.4498,0.00020276862,0.95552393
87.1,65.4498,0.00020270715,0.95523425
87.2,65.4498,0.00020394103,0.96104877
87.3,65.4498,0.00020390225,0.96086601
87.4,65.4498,0.00020358501,0.95937106
87.5,65.4498,0.0002041426,0.96199866
87.6,65.4498,0.00020409596,0.96177885
87.7,65.4498,0.0002033323,0.95818019
87.8,65.4498,0.00020381965,0.96047677
87.9,65.4498,0.00020441876,0.9633
88,32.7249,2.3219149e-06,0.0054708792
88.1,0,-4.9524529e-05,0
88.2,0,-2.3589174e-05,0
88.3,0,-1.6792244e-05,0
88.4,0,-1.1963628e-05,0
88.5,0,-8.7808898e-06,0
88.6,0,-6.6487062e-06,0
88.7,0,-5.1050269e-06,0
88.8,0,-3.9337226e-06,0
88.9,0,-3.029598e-06,0
89,0,-2.3300301e-06,0
89.1,0,-1.7898062e-06,0
89.2,0,-1.3736488e-06,0
89.3,0,-1.0537396e-06,0
89.4,0,-8.0808302e-07,0
89.5,0,-6.1960212e-07,0
89.6,0,-4.7504287e-07,0
89.7,0,-3.6420691e-07,0
89.8,0,-2.7922032e-07,0
89.9,0,-2.1406803e-07,0
90,32.7249,0.00018215422,0.42919046
90.1,65.4498,0.00014149201,0.66676492
90.2,65.4498,0.00016505758,0.77781499
90.3,65.4498,0.00022097027,1.0412971
90.4,65.4498,0.00020464278,0.96435568
90.5,65.4498,0.00021375699,1.0073054
90.6,65.4498,0.00021200194,0.99903487
90.7,65.4498,0.00021171641,0.99768938
90.8,65.4498,0.00021033725,0.99119025
90.9,65.4498,0.00020898871,0.98483541
91,65.4498,0.00020926519,0.98613826
91.1,65.4498,0.00020886348,0.98424526
91.2,65.4498,0.00020931131,0.98635561
91.3,65.4498,0.00020859908,0.9829993
91.4,65.4498,0.0002082973,0.98157721
91.5,65.4498,0.00020657493,0.97346072
91.6,65.4498,0.00020629368,0.97213537
91.7,65.4498,0.00020646353,0.97293577
91.8,65.4498,0.0002085461,0.98274966
91.9,65.4498,0.00020823392,0.98127853
92,65.4498,0.00020764944,0.97852422
92.1,65.4498,0.00020632773,0.97229582
92.2,65.4498,0.00020518234,0.96689829
92.3,65.4498,0.00020697291,0.97533615
92.4,65.4498,0.00020803232,0.98032853
92.5,65.4498,0.0002084345,0.98222376
92.6,65.4498,0.00020863345,0.98316124
92.7,65.4498,0.00020695212,0.97523819
92.8,65.4498,0.00020421969,0.96236191
92.9,65.4498,0.00020220718,0.9528782
93,65.4498,0.00020477289,0.9649688
93.1,65.4498,0.00020523015,0.96712362
93.2,65.4498,0.00020533203,0.96760369
93.3,65.4498,0.00020696905,0.97531795
93.4,65.4498,0.0002075341,0.9779807
93.5,65.4498,0.0002058413,0.97000357
93.6,65.4498,0.00020487755,0.96546203
93.7,65.4498,0.00020648058,0.97301612
93.8,65.4498,0.00020599817,0.9707428
93.9,65.4498,0.00020469719,0.96461208
94,65.4498,0.00020595829,0.97055487
94.1,65.4498,0.00020714884,0.97616519
94.2,65.4498,0.00020524819,0.9672086
94.3,65.4498,0.00020461002,0.96420131
94.4,65.4498,0.00020678205,0.97443678
94.5,65.4498,0.0002061191,0.97131269
94.6,65.4498,0.00020453137,0.96383068
94.7,65.4498,0.00020518292,0.96690106
94.8,65.4498,0.00020527818,0.96734994
94.9,65.4498,0.00020514448,0.96671988
95,65.4498,0.00020567653,0.96922713
95.1,65.4498,0.00020556332,0.96869363
95.2,65.4498,0.00020485838,0.96537167
95.3,65.4498,0.00020505533,0.96629979
95.4,65.4498,0.00020656405,0.97340947
95.5,65.4498,0.00020692046,0.97508899
95.6,65.4498,0.00020645914,0.97291509
95.7,65.4498,0.00020615451,0.97147953
95.8,65.4498,0.00020632384,0.97227751
95.9,65.4498,0.00020663684,0.97375245
96,65.4498,0.00020660367,0.97359618
96.1,65.4498,0.00020630249,0.97217688
96.2,65.4498,0.00020597879,0.97065149
96.3,65.4498,0.00020633174,0.97231472
96.4,65.4498,0.00020690421,0.97501241
96.5,65.4498,0.0002068205,0.97461796
96.6,65.4498,0.00020649848,0.97310045
96.7,65.4498,0.00020664993,0.97381417
96.8,65.4498,0.0002070431,0.97566692
96.9,65.4498,0.00020665213,0.97382452
97,65.4498,0.00020618702,0.97163276
97.1,65.4498,0.00020611095,0.9712743
97.2,65.4498,0.00020660535,0.97360405
97.3,65.4498,0.00020656949,0.97343508
97.4,65.4498,0.00020570752,0.96937318
97.5,65.4498,0.00020502658,0.96616431
97.6,65.4498,0.00020609277,0.97118859
97.7,65.4498,0.00020662323,0.97368833
97.8,65.4498,0.00020576971,0.9696662
97.9,65.4498,0.00020458678,0.96409181
98,32.7249,1.8349505e-06,0.0043234972
98.1,0,-5.1059365e-05,0
98.2,0,-2.4207036e-05,0
98.3,0,-1.724126e-05,0
98.4,0,-1.2252795e-05,0
98.5,0,-8.9388177e-06,0
98.6,0,-6.7466326e-06,0
98.7,0,-5.1819904e-06,0
98.8,0,-3.9985765e-06,0
98.9,0,-3.0826332e-06,0
99,0,-2.3719249e-06,0
99.1,0,-1.8223545e-06,0
99.2,0,-1.3987297e-06,0
99.3,0,-1.0730057e-06,0
99.4,0,-8.2285696e-07,0
99.5,0,-6.3093654e-07,0
99.6,0,-4.8373217e-07,0
99.7,0,-3.7085413e-07,0
99.8,0,-2.843075e-07,0
99.9,0,-2.1796689e-07,0
100,32.7249,0.00018217603,0.42924185
100.1,65.4498,0.00014160533,0.66729891
100.2,65.4498,0.00016589145,0.7817445
100.3,65.4498,0.00022744498,1.0718084
100.4,65.4498,0.00020552262,0.96850184
100.5,65.4498,0.00020898142,0.98480105
100.6,65.4498,0.00020718534,0.9763372
100.7,65.4498,0.000208534,0.98269262
100.8,65.4498,0.00021076989,0.99322899
100.9,65.4498,0.00020858292,0.98292317
101,65.4498,0.00020471947,0.96471707
101.1,65.4498,0.00020771848,0.9788496
101.2,65.4498,0.00020867606,0.98336204
101.3,65.4498,0.00020772094,0.97886117
101.4,65.4498,0.00020743463,0.97751196
101.5,65.4498,0.00020810631,0.98067719
101.6,65.4498,0.00020883175,0.98409574
101.7,65.4498,0.00021030412,0.99103411
101.8,65.4498,0.00021009835,0.99006444
101.9,65.4498,0.00020818971,0.98107021
102,65.4498,0.00020721754,0.97648895
102.1,65.4498,0.00020932802,0.98643436
102.2,65.4498,0.00021013767,0.99024974
102.3,65.4498,0.0002097694,0.98851432
102.4,65.4498,0.0002094435,0.98697852
102.5,65.4498,0.00020908513,0.98528976
102.6,65.4498,0.0002092152,0.9859027
102.7,65.4498,0.00020925015,0.98606739
102.8,65.4498,0.00020885622,0.98421102
102.9,65.4498,0.00020985571,0.98892101
103,65.4498,0.00020953961,0.98743146
103.1,65.4498,0.00020822341,0.981229
103.2,65.4498,0.00020733998,0.97706594
103.3,65.4498,0.00020793777,0.97988297
103.4,65.4498,0.00020676852,0.97437297
103.5,65.4498,0.00020793999,0.97989343
103.6,65.4498,0.00020833129,0.98173736
103.7,65.4498,0.00020662361,0.97369014
103.8,65.4498,0.00020573696,0.96951189
103.9,65.4498,0.00020788192,0.97961975
104,65.4498,0.00020376972,0.9602415
104.1,65.4498,0.00020352695,0.95909747
104.2,65.4498,0.00020408714,0.96173728
104.3,65.4498,0.00020421143,0.96232302
104.4,65.4498,0.00020501429,0.96610636
104.5,65.4498,0.00020504096,0.96623206
104.6,65.4498,0.00020490821,0.96560652
104.7,65.4498,0.00020576843,0.9696602
104.8,65.4498,0.00020467822,0.9645227
104.9,65.4498,0.00020432279,0.96284776
105,65.4498,0.00020627328,0.97203925
105.1,65.4498,0.00020565599,0.96913032
105.2,65.4498,0.000205536,0.96856489
105.3,65.4498,0.00020673646,0.9742219
105.4,65.4498,0.00020519589,0.96696214
105.5,65.4498,0.00020542408,0.96803747
105.6,65.4498,0.00020697826,0.97536136
105.7,65.4498,0.00020547738,0.96828863
105.8,65.4498,0.00020649164,0.97306823
105.9,65.4498,0.00020673942,0.97423586
106,65.4498,0.00020486022,0.96538034
106.1,65.4498,0.00020668249,0.97396758
106.2,65.4498,0.00020635976,0.97244677
106.3,65.4498,0.00020494787,0.96579338
106.4,65.4498,0.00020689954,0.9749904
106.5,65.4498,0.00020567149,0.96920337
106.6,65.4498,0.0002048856,0.96549996
106.7,65.4498,0.00020663464,0.9737421
106.8,65.4498,0.00020550199,0.96840462
106.9,65.4498,0.0002052059,0.96700931
107,65.4498,0.00020602418,0.97086536
107.1,65.4498,0.00020477609,0.96498391
107.2,65.4498,0.0002051002,0.96651122
107.3,65.4498,0.00020612319,0.97133194
107.4,65.4498,0.00020505225,0.96628527
107.5,65.4498,0.00020541099,0.96797577
107.6,65.4498,0.00020625714,0.97196316
107.7,65.4498,0.00020418918,0.96221816
107.8,65.4498,0.00020448247,0.96360022
107.9,65.4498,0.0002059822,0.97066756
108,32.7249,2.5637677e-06,0.006040731
108.1,0,-4.9751117e-05,0
108.2,0,-2.3531394e-05,0
108.3,0,-1.677309e-05,0
108.4,0,-1.1878264e-05,0
108.5,0,-8.6818382e-06,0
108.6,0,-6.5743531e-06,0
108.7,0,-5.0527994e-06,0
108.8,0,-3.8961499e-06,0
108.9,0,-3.001714e-06,0
109,0,-2.3087346e-06,0
109.1,0,-1.7733505e-06,0
109.2,0,-1.361009e-06,0
109.3,0,-1.0439906e-06,0
109.4,0,-8.0059603e-07,0
109.5,0,-6.1384535e-07,0
109.6,0,-4.7060881e-07,0
109.7,0,-3.6079841e-07,0
109.8,0,-2.766073e-07,0
109.9,0,-2.120676e-07,0
110,32.7249,0.00018218422,0.42926116
110.1,65.4498,0.00014160539,0.66729921
110.2,65.4498,0.00016467327,0.77600395
110.3,65.4498,0.00022211922,1.0467114
110.4,65.4498,0.00020924104,0.98602446
110.5,65.4498,0.00021138319,0.99611912
110.6,65.4498,0.00020876027,0.98375891
110.7,65.4498,0.00020760139,0.9782978
110.8,65.4498,0.00020835113,0.98183084
110.9,65.4498,0.00020907812,0.98525674
111,65.4498,0.0002095232,0.98735412
111.1,65.4498,0.00020918806,0.98577481
111.2,65.4498,0.00020767626,0.9786506
111.3,65.4498,0.00020788318,0.97962569
111.4,65.4498,0.00020828312,0.98151036
111.5,65.4498,0.00020857669,0.98289381
111.6,65.4498,0.00020992319,0.989239
111.7,65.4498,0.00020962948,0.98785492
111.8,65.4498,0.00020848698,0.98247103
111.9,65.4498,0.00020817288,0.9809909
112,65.4498,0.00020851159,0.98258703
112.1,65.4498,0.00020979459,0.98863302
112.2,65.4498,0.00020825807,0.98139232
112.3,65.4498,0.00020800599,0.98020443
112.4,65.4498,0.00020944415,0.98698158
112.5,65.4498,0.00020978699,0.98859719
112.6,65.4498,0.00020779925,0.97923017
112.7,65.4498,0.00020802739,0.98030529
112.8,65.4498,0.00020934186,0.98649955
112.9,65.4498,0.00020934894,0.98653292
113,65.4498,0.00020830501,0.98161355
113.1,65.4498,0.00020956308,0.98754206
113.2,65.4498,0.00020962011,0.98781077
113.3,65.4498,0.00020812608,0.98077036
113.4,65.4498,0.00020917841,0.98572935
113.5,65.4498,0.00020698595,0.97539759
113.6,65.4498,0.00020626473,0.97199896
113.7,65.4498,0.00020698837,0.97540901
113.8,65.4498,0.00020686029,0.97480547
113.9,65.4498,0.00020524754,0.96720556
114,65.4498,0.00020730391,0.97689595
114.1,65.4498,0.00020745384,0.97760249
114.2,65.4498,0.00020488504,0.96549731
114.3,65.4498,0.00020699069,0.97541994
114.4,65.4498,0.00020682385,0.97463374
114.5,65.4498,0.00020485389,0.96535054
114.6,65.4498,0.00020725753,0.97667742
114.7,65.4498,0.00020659406,0.97355088
114.8,65.4498,0.00020423557,0.96243674
114.9,65.4498,0.00020674635,0.97426851
115,65.4498,0.00020636268,0.97246052
115.1,65.4498,0.00020414008,0.96198678
115.2,65.4498,0.0002069531,0.9752428
115.3,65.4498,0.00020603954,0.97093776
115.4,65.4498,0.00020398384,0.96125052
115.5,65.4498,0.00020682218,0.97462588
115.6,65.4498,0.00020590611,0.970309
115.7,65.4498,0.00020422328,0.96237884
115.8,65.4498,0.0002069263,0.97511651
115.9,65.4498,0.00020545542,0.96818516
116,65.4498,0.00020429688,0.96272566
116.1,65.4498,0.00020726811,0.97672725
116.2,65.4498,0.00020525335,0.96723292
116.3,65.4498,0.00020451706,0.96376323
116.4,65.4498,0.00020740947,0.97739339
116.5,65.4498,0.00020439417,0.96318416
116.6,65.4498,0.00020428412,0.96266554
116.7,65.4498,0.00020685849,0.97479698
116.8,65.4498,0.00020431442,0.96280834
116.9,65.4498,0.00020536597,0.96776363
117,65.4498,0.00020674159,0.97424609
117.1,65.4498,0.00020429347,0.96270959
117.2,65.4498,0.00020534056,0.96764391
117.3,65.4498,0.00020476513,0.96493224
117.4,65.4498,0.00020454483,0.96389413
117.5,65.4498,0.00020641495,0.97270682
117.6,65.4498,0.00020542316,0.96803312
117.7,65.4498,0.00020593336,0.97043739
117.8,65.4498,0.00020560912,0.96890947
117.9,65.4498,0.00020430545,0.96276605
118,32.7249,4.0396295e-06,0.0095181458
118.1,0,-4.9446675e-05,0
118.2,0,-2.3518244e-05,0
118.3,0,-1.6824135e-05,0
118.4,0,-1.2004953e-05,0
118.5,0,-8.8104673e-06,0
118.6,0,-6.6722935e-06,0
118.7,0,-5.1193333e-06,0
118.8,0,-3.9419184e-06,0
118.9,0,-3.0349647e-06,0
119,0,-2.3340303e-06,0
119.1,0,-1.7929208e-06,0
119.2,0,-1.3761578e-06,0
119.3,0,-1.0556709e-06,0
119.4,0,-8.0955081e-07,0
119.5,0,-6.2072807e-07,0
119.6,0,-4.7590067e-07,0
119.7,0,-3.6484805e-07,0
119.8,0,-2.797127e-07,0
119.9,0,-2.1444774e-07,0
120,32.7249,0.00018216993,0.42922748
120.1,65.4498,0.00014175105,0.66798559
120.2,65.4498,0.00016453416,0.7753484
120.3,65.4498,0.00022834121,1.0760318
120.4,65.4498,0.00020775166,0.97900592
120.5,65.4498,0.00020963672,0.98788908
120.6,65.4498,0.00020924154,0.98602683
120.7,65.4498,0.00021059253,0.99239321
120.8,65.4498,0.00020954843,0.98747299
120.9,65.4498,0.00020885183,0.98419037
121,65.4498,0.00020900283,0.98490194
121.1,65.4498,0.00020835719,0.98185944
121.2,65.4498,0.00020951714,0.98732557
121.3,65.4498,0.00020904663,0.98510832
121.4,65.4498,0.00020782484,0.97935079
121.5,65.4498,0.00020699702,0.97544977
121.6,65.4498,0.00020703948,0.97564989
121.7,65.4498,0.00020697199,0.97533183
121.8,65.4498,0.00020722751,0.97653593
121.9,65.4498,0.00020895852,0.98469314
122,65.4498,0.00020978896,0.98860649
122.1,65.4498,0.00020878497,0.98387528
122.2,65.4498,0.00020680596,0.97454942
122.3,65.4498,0.00020630114,0.97217051
122.4,65.4498,0.00020738274,0.97726745
122.5,65.4498,0.00020754212,0.97801849
122.6,65.4498,0.00020668839,0.9739954
122.7,65.4498,0.00020664522,0.97379196
122.8,65.4498,0.00020750875,0.97786126
122.9,65.4498,0.0002065202,0.97320284
123,65.4498,0.00020544759,0.96814826
123.1,65.4498,0.00020555892,0.96867289
123.2,65.4498,0.00020553376,0.96855431
123.3,65.4498,0.0002037352,0.96007882
123.4,65.4498,0.0002022715,0.95318133
123.5,65.4498,0.00020458184,0.96406851
123.6,65.4498,0.00020649674,0.97309225
123.7,65.4498,0.0002071439,0.97614195
123.8,65.4498,0.00020700933,0.97550779
123.9,65.4498,0.00020697241,0.97533382
124,65.4498,0.00020554009,0.96858418
124.1,65.4498,0.00020395253,0.96110295
124.2,65.4498,0.00020512618,0.96663365
124.3,65.4498,0.00020453975,0.96387016
124.4,65.4498,0.00020414612,0.96201526
124.5,65.4498,0.0002064613,0.97292527
124.6,65.4498,0.0002061075,0.97125803
124.7,65.4498,0.00020464793,0.96437995
124.8,65.4498,0.00020581431,0.9698764
124.9,65.4498,0.00020603592,0.97092069
125,65.4498,0.00020363855,0.95962337
125.1,65.4498,0.00020260454,0.95475074
125.2,65.4498,0.00020508173,0.96642418
125.3,65.4498,0.0002048204,0.96519271
125.4,65.4498,0.00020318641,0.95749269
125.5,65.4498,0.00020419846,0.96226188
125.6,65.4498,0.00020460171,0.96416213
125.7,65.4498,0.00020335124,0.95826947
125.8,65.4498,0.00020299223,0.95657764
125.9,65.4498,0.00020582097,0.9699078
126,65.4498,0.00020663337,0.97373612
126.1,65.4498,0.00020478483,0.96502509
126.2,65.4498,0.00020322492,0.95767419
126.3,65.4498,0.0002033173,0.9581095
126.4,65.4498,0.00020396594,0.96116615
126.5,65.4498,0.00020403537,0.96149335
126.6,65.4498,0.00020394851,0.961084
126.7,65.4498,0.00020363297,0.95959706
126.8,65.4498,0.00020453435,0.96384475
126.9,65.4498,0.00020601252,0.97081045
127,65.4498,0.00020579346,0.96977814
127.1,65.4498,0.00020415529,0.96205844
127.2,65.4498,0.0002022488,0.95307434
127.3,65.4498,0.00020292895,0.95627947
127.4,65.4498,0.00020484089,0.96528927
127.5,65.4498,0.00020542163,0.96802591
127.6,65.4498,0.00020481499,0.96516719
127.7,65.4498,0.00020395137,0.96109751
127.8,65.4498,0.00020428876,0.96268739
127.9,65.4498,0.00020512202,0.96661405
128,32.7249,1.7482421e-06,0.0041191954
128.1,0,-5.1454665e-05,0
128.2,0,-2.4217008e-05,0
128.3,0,-1.7149247e-05,0
128.4,0,-1.2224239e-05,0
128.5,0,-8.9089892e-06,0
128.6,0,-6.7225374e-06,0
128.7,0,-5.156461e-06,0
128.8,0,-3.9739593e-06,0
128.9,0,-3.0619661e-06,0
129,0,-2.3558865e-06,0
129.1,0,-1.8101296e-06,0
129.2,0,-1.3894593e-06,0
129.3,0,-1.0659438e-06,0
129.4,0,-8.1747688e-07,0
129.5,0,-6.268312e-07,0
129.6,0,-4.8058918e-07,0
129.7,0,-3.6844483e-07,0
129.8,0,-2.8247059e-07,0
129.9,0,-2.165604e-07,0
130,32.7249,0.00018217119,0.42923044
130.1,65.4498,0.00014174529,0.66795847
130.2,65.4498,0.00016445376,0.77496954
130.3,65.4498,0.00022187417,1.0455566
130.4,65.4498,0.00020788245,0.97962227
130.5,65.4498,0.00021119536,0.99523397
130.6,65.4498,0.00021120518,0.99528026
130.7,65.4498,0.00020923557,0.98599867
130.8,65.4498,0.00020705541,0.97572495
130.9,65.4498,0.000210083,0.98999209
131,65.4498,0.00020975515,0.98844716
131.1,65.4498,0.00021062591,0.9925505
131.2,65.4498,0.0002104852,0.9918874
131.3,65.4498,0.00020832058,0.98168691
131.4,65.4498,0.00020717251,0.97627673
131.5,65.4498,0.00020927332,0.98617659
131.6,65.4498,0.00020961804,0.98780102
131.7,65.4498,0.00020825114,0.98135966
131.8,65.4498,0.00020908228,0.98527631
131.9,65.4498,0.0002089362,0.98458796
132,65.4498,0.00020770275,0.97877545
132.1,65.4498,0.000207782,0.9791489
132.2,65.4498,0.0002074137,0.97741333
132.3,65.4498,0.00020708768,0.97587701
132.4,65.4498,0.00020857324,0.98287753
132.5,65.4498,0.0002086202,0.98309884
132.6,65.4498,0.00020777392,0.97911081
132.7,65.4498,0.00020703237,0.97561638
132.8,65.4498,0.0002049084,0.96560741
132.9,65.4498,0.00020570281,0.96935096
133,65.4498,0.00020772598,0.9788849
133.1,65.4498,0.00020683115,0.97466814
133.2,65.4498,0.00020682224,0.97462612
133.3,65.4498,0.00020807946,0.98055067
133.4,65.4498,0.00020664343,0.97378351
133.5,65.4498,0.00020433813,0.96292005
133.6,65.4498,0.00020508918,0.96645928
133.7,65.4498,0.0002060039,0.97076982
133.8,65.4498,0.00020499875,0.96603317
133.9,65.4498,0.00020611869,0.97131073
134,65.4498,0.00020632888,0.97230126
134.1,65.4498,0.00020549845,0.96838792
134.2,65.4498,0.00020654845,0.97333594
134.3,65.4498,0.00020474903,0.96485639
134.4,65.4498,0.00020366671,0.95975607
134.5,65.4498,0.00020634233,0.97236463
134.6,65.4498,0.00020755611,0.97808443
134.7,65.4498,0.00020552136,0.9684959
134.8,65.4498,0.00020655339,0.97335924
134.9,65.4498,0.00020799946,0.98017365
135,65.4498,0.00020645657,0.97290298
135.1,65.4498,0.00020688703,0.97493148
135.2,65.4498,0.00020822788,0.98125006
135.3,65.4498,0.00020713266,0.97608895
135.4,65.4498,0.00020621483,0.97176381
135.5,65.4498,0.00020737961,0.97725268
135.6,65.4498,0.00020676142,0.97433953
135.7,65.4498,0.00020646347,0.97293546
135.8,65.4498,0.00020723848,0.97658765
135.9,65.4498,0.0002067488,0.97428008
136,65.4498,0.00020684336,0.97472566
136.1,65.4498,0.000204007,0.96135966
136.2,65.4498,0.00020274459,0.95541071
136.3,65.4498,0.00020419362,0.96223909
136.4,65.4498,0.00020499168,0.96599984
136.5,65.4498,0.00020363128,0.95958913
136.6,65.4498,0.00020439146,0.96317135
136.7,65.4498,0.00020563284,0.96902123
136.8,65.4498,0.00020389829,0.96084735
136.9,65.4498,0.00020388592,0.96078909
137,65.4498,0.0002059683,0.97060205
137.1,65.4498,0.00020442648,0.96333639
137.2,65.4498,0.00020433447,0.96290281
137.3,65.4498,0.00020663246,0.97373181
137.4,65.4498,0.00020462758,0.96428406
137.5,65.4498,0.00020435706,0.96300925
137.6,65.4498,0.00020699093,0.97542107
137.7,65.4498,0.00020485884,0.96537383
137.8,65.4498,0.00020457568,0.9640395
137.9,65.4498,0.00020668296,0.97396979
138,32.7249,3.3931199e-06,0.0079948446
138.1,0,-4.992875e-05,0
138.2,0,-2.3637502e-05,0
138.3,0,-1.6770657e-05,0
138.4,0,-1.1845219e-05,0
138.5,0,-8.6695376e-06,0
138.6,0,-6.5728727e-06,0
138.7,0,-5.0548784e-06,0
138.8,0,-3.8978221e-06,0
138.9,0,-3.0022717e-06,0
139,0,-2.3086167e-06,0
139.1,0,-1.7730604e-06,0
139.2,0,-1.3606548e-06,0
139.3,0,-1.0436563e-06,0
139.4,0,-8.0033423e-07,0
139.5,0,-6.1364775e-07,0
139.6,0,-4.7047091e-07,0
139.7,0,-3.6069766e-07,0
139.8,0,-2.7653807e-07,0
139.9,0,-2.1202125e-07,0
140,32.7249,0.00018220985,0.42932154
140.1,65.4498,0.00014122868,0.66552399
140.2,65.4498,0.00016523795,0.77866493
140.3,65.4498,0.00022162358,1.0443758
140.4,65.4498,0.00021294852,1.0034956
140.5,65.4498,0.00020927059,0.98616373
140.6,65.4498,0.0002137689,1.0073615
140.7,65.4498,0.00021201744,0.99910791
140.8,65.4498,0.00021238565,1.0008431
140.9,65.4498,0.00021106567,0.99462281
141,65.4498,0.000210584,0.99235302
141.1,65.4498,0.00020865481,0.98326194
141.2,65.4498,0.00020757593,0.97817784
141.3,65.4498,0.00020712734,0.9760639
141.4,65.4498,0.00020757681,0.97818198
141.5,65.4498,0.00020814718,0.98086975
141.6,65.4498,0.00020788416,0.97963032
141.7,65.4498,0.00020833669,0.98176281
141.8,65.4498,0.00020768874,0.97870941
141.9,65.4498,0.00020560128,0.96887253
142,65.4498,0.000204442,0.96340952
142.1,65.4498,0.00020311412,0.95715204
142.2,65.4498,0.00020311003,0.9571328
142.3,65.4498,0.00020389799,0.96084595
142.4,65.4498,0.00020502651,0.96616395
142.5,65.4498,0.00020647679,0.97299827
142.6,65.4498,0.00020673795,0.97422896
142.7,65.4498,0.00020823946,0.98130464
142.8,65.4498,0.00020607474,0.97110365
142.9,65.4498,0.00020442111,0.9633111
143,65.4498,0.00020524565,0.96719664
143.1,65.4498,0.00020645397,0.97289072
143.2,65.4498,0.0002072965,0.97686102
143.3,65.4498,0.00020764516,0.97850409
143.4,65.4498,0.00020883457,0.98410904
143.5,65.4498,0.00020917531,0.9857147
143.6,65.4498,0.00020875249,0.98372223
143.7,65.4498,0.00020738453,0.97727588
143.8,65.4498,0.00020769467,0.97873737
143.9,65.4498,0.00020771841,0.97884925
144,65.4498,0.00020701592,0.97553885
144.1,65.4498,0.00020704926,0.97569594
144.2,65.4498,0.00020692115,0.97509224
144.3,65.4498,0.00020560019,0.96886739
144.4,65.4498,0.00020403696,0.96150082
144.5,65.4498,0.00020525562,0.96724364
144.6,65.4498,0.00020563756,0.96904348
144.7,65.4498,0.00020557767,0.96876125
144.8,65.4498,0.00020531315,0.96751471
144.9,65.4498,0.00020401071,0.96137714
145,65.4498,0.00020430937,0.96278455
145.1,65.4498,0.00020584545,0.97002313
145.2,65.4498,0.0002067152,0.97412175
145.3,65.4498,0.00020513625,0.9666811
145.4,65.4498,0.00020192067,0.95152804
145.5,65.4498,0.00019941994,0.93974365
145.6,65.4498,0.00020069493,0.94575191
145.7,65.4498,0.00020374616,0.96013047
145.8,65.4498,0.00020489082,0.96552453
145.9,65.4498,0.00020372961,0.96005249
146,65.4498,0.00020101342,0.94725274
146.1,65.4498,0.00019870748,0.93638626
146.2,65.4498,0.00019869991,0.93635058
146.3,65.4498,0.00020130314,0.94861802
146.4,65.4498,0.00020353101,0.95911662
146.5,65.4498,0.00020319412,0.95752906
146.6,65.4498,0.00020077983,0.946152
146.7,65.4498,0.0001992144,0.93877505
146.8,65.4498,0.00020177366,0.95083531
146.9,65.4498,0.00020494639,0.96578639
147,65.4498,0.00020597233,0.97062106
147.1,65.4498,0.0002028577,0.95594368
147.2,65.4498,0.0001969046,0.92789042
147.3,65.4498,0.00019838514,0.93486729
147.4,65.4498,0.00020184682,0.95118003
147.5,65.4498,0.00020282891,0.95580803
147.6,65.4498,0.00020171307,0.95054979
147.7,65.4498,0.00019979208,0.94149733
147.8,65.4498,0.00020050918,0.94487655
147.9,65.4498,0.00020418603,0.9622033
148,32.7249,2.0427731e-06,0.0048131673
148.1,0,-5.1910385e-05,0
148.2,0,-2.4410509e-05,0
148.3,0,-1.7323509e-05,0
148.4,0,-1.2399097e-05,0
148.5,0,-9.102094e-06,0
148.6,0,-6.8875641e-06,0
148.7,0,-5.2766402e-06,0
148.8,0,-4.0589463e-06,0
148.9,0,-3.1241416e-06,0
149,0,-2.4026899e-06,0
149.1,0,-1.8459439e-06,0
149.2,0,-1.4169589e-06,0
149.3,0,-1.0870238e-06,0
149.4,0,-8.3364769e-07,0
149.5,0,-6.3920382e-07,0
149.6,0,-4.9008692e-07,0
149.7,0,-3.7573889e-07,0
149.8,0,-2.8806233e-07,0
149.9,0,-2.2084989e-07,0
150,32.7249,0.00018218145,0.42925463
150.1,65.4498,0.00014134899,0.66609097
150.2,65.4498,0.00016599996,0.78225581
150.3,65.4498,0.00021555157,1.0157621
150.4,65.4498,0.00020508923,0.96645955
150.5,65.4498,0.00020368515,0.95984295
150.6,65.4498,0.00020329065,0.95798393
150.7,65.4498,0.00020391701,0.96093558
150.8,65.4498,0.00020383426,0.96054565
150.9,65.4498,0.00020380048,0.96038643
151,65.4498,0.00020420459,0.96229079
151.1,65.4498,0.00020410516,0.96182223
151.2,65.4498,0.00020314505,0.95729779
151.3,65.4498,0.00020400533,0.96135178
151.4,65.4498,0.00020397842,0.96122496
151.5,65.4498,0.00020426748,0.96258714
151.6,65.4498,0.00020375588,0.96017626
151.7,65.4498,0.00020355118,0.95921164
151.8,65.4498,0.00020409857,0.96179115
151.9,65.4498,0.00020416169,0.9620886
152,65.4498,0.00020406753,0.96164488
152.1,65.4498,0.00020345179,0.95874329
152.2,65.4498,0.00020414835,0.96202576
152.3,65.4498,0.00020419253,0.96223394
152.4,65.4498,0.0002037136,0.95997704
152.5,65.4498,0.00020397229,0.96119609
152.6,65.4498,0.00020391,0.96090256
152.7,65.4498,0.00020411533,0.96187016
152.8,65.4498,0.00020359591,0.95942243
152.9,65.4498,0.0002040104,0.96137568
153,65.4498,0.00020416281,0.96209387
153.1,65.4498,0.00020344971,0.95873351
153.2,65.4498,0.00020408078,0.96170732
153.3,65.4498,0.00020409979,0.96179689
153.4,65.4498,0.00020336439,0.95833144
153.5,65.4498,0.00020408592,0.96173154
153.6,65.4498,0.00020402733,0.96145544
153.7,65.4498,0.00020334875,0.95825774
153.8,65.4498,0.00020403999,0.96151512
153.9,65.4498,0.00020394937,0.96108807
154,65.4498,0.0002036003,0.9594431
154.1,65.4498,0.00020387291,0.96072779
154.2,65.4498,0.00020380031,0.96038563
154.3,65.4498,0.00020224034,0.95303445
154.4,65.4498,0.00019957024,0.94045194
154.5,65.4498,0.00020101533,0.94726174
154.6,65.4498,0.00020132096,0.948702
154.7,65.4498,0.00020127376,0.94847957
154.8,65.4498,0.00020128901,0.94855141
154.9,65.4498,0.00020134238,0.94880295
155,65.4498,0.00020133762,0.94878049
155.1,65.4498,0.00020132321,0.94871262
155.2,65.4498,0.00020134389,0.94881005
155.3,65.4498,0.00020133806,0.94878258
155.4,65.4498,0.00020130969,0.9486489
155.5,65.4498,0.00020132548,0.9487233
155.6,65.4498,0.00020131808,0.94868844
155.7,65.4498,0.0002013025,0.94861501
155.8,65.4498,0.00020129513,0.94858029
155.9,65.4498,0.00020128678,0.94854092
156,65.4498,0.00020126759,0.94845048
156.1,65.4498,0.00020126287,0.94842825
156.2,65.4498,0.00020123983,0.94831967
156.3,65.4498,0.00020122954,0.94827117
156.4,65.4498,0.00020123228,0.94828412
156.5,65.4498,0.00020121022,0.94818016
156.6,65.4498,0.00020118269,0.9480504
156.7,65.4498,0.00020118697,0.94807057
156.8,65.4498,0.00020117224,0.94800115
156.9,65.4498,0.00020112533,0.9477801
157,65.4498,0.00020112869,0.94779592
157.1,65.4498,0.00020111105,0.94771284
157.2,65.4498,0.00020108593,0.94759443
157.3,65.4498,0.00020108211,0.94757645
157.4,65.4498,0.00020105064,0.94742812
157.5,65.4498,0.00020103248,0.94734254
157.6,65.4498,0.00020102226,0.94729439
157.7,65.4498,0.00020098282,0.94710855
157.8,65.4498,0.00020097195,0.94705731
157.9,65.4498,0.00020095539,0.9469793
158,32.7249,1.8342604e-06,0.0043218711
158.1,0,-4.6680509e-05,0
158.2,0,-2.281316e-05,0
158.3,0,-1.6578387e-05,0
158.4,0,-1.1954908e-05,0
158.5,0,-8.6726252e-06,0
158.6,0,-6.5244067e-06,0
158.7,0,-5.0052576e-06,0
158.8,0,-3.8612628e-06,0
158.9,0,-2.9773159e-06,0
159,0,-2.2915847e-06,0
159.1,0,-1.7610195e-06,0
159.2,0,-1.3518646e-06,0
159.3,0,-1.037113e-06,0
159.4,0,-7.9535051e-07,0
159.5,0,-6.0982713e-07,0
159.6,0,-4.6753849e-07,0
159.7,0,-3.5843353e-07,0
159.8,0,-2.7478999e-07,0
159.9,0,-2.1066879e-07,0
160,32.7249,0.00018217834,0.42924728
160.1,65.4498,0.00014174905,0.66797619
160.2,65.4498,0.00016512062,0.77811204
160.3,65.4498,0.00022210893,1.0466629
160.4,65.4498,0.00021506202,1.0134552
160.5,65.4498,0.00021123323,0.99541241
160.6,65.4498,0.00021190299,0.9985686
160.7,65.4498,0.00020496366,0.96586782
160.8,65.4498,0.00020508212,0.96642603
160.9,65.4498,0.00020601681,0.97083063
161,65.4498,0.00020431435,0.96280802
161.1,65.4498,0.00020245419,0.95404219
161.2,65.4498,0.00020276504,0.95550707
161.3,65.4498,0.0002016236,0.95012815
161.4,65.4498,0.00020273939,0.95538617
161.5,65.4498,0.00020411785,0.96188203
161.6,65.4498,0.00020362076,0.95953956
161.7,65.4498,0.00020439905,0.96320713
161.8,65.4498,0.00020248536,0.95418909
161.9,65.4498,0.00020430507,0.96276425
162,65.4498,0.00020239809,0.95377784
162.1,65.4498,0.00020267481,0.95508183
162.2,65.4498,0.00020263854,0.95491096
162.3,65.4498,0.00020212554,0.95249346
162.4,65.4498,0.00020156556,0.94985465
162.5,65.4498,0.00020289588,0.95612361
162.6,65.4498,0.00020404275,0.96152813
162.7,65.4498,0.00020376468,0.96021772
162.8,65.4498,0.00020291374,0.95620781
162.9,65.4498,0.00020356,0.95925321
163,65.4498,0.0002039355,0.96102271
163.1,65.4498,0.00020355559,0.95923245
163.2,65.4498,0.00020356966,0.95929874
163.3,65.4498,0.00020539703,0.96790999
163.4,65.4498,0.00020603217,0.97090305
163.5,65.4498,0.00020487643,0.96545674
163.6,65.4498,0.00020342362,0.95861054
163.7,65.4498,0.000203378,0.95839557
163.8,65.4498,0.00020356481,0.9592759
163.9,65.4498,0.00020347946,0.95887369
164,65.4498,0.00020366196,0.95973368
164.1,65.4498,0.00020379994,0.96038388
164.2,65.4498,0.00020455473,0.96394076
164.3,65.4498,0.00020506873,0.96636292
164.4,65.4498,0.00020447105,0.96354645
164.5,65.4498,0.00020499627,0.96602147
164.6,65.4498,0.00020564603,0.96908338
164.7,65.4498,0.00020443588,0.96338071
164.8,65.4498,0.00020288305,0.95606319
164.9,65.4498,0.00020306613,0.95692589
165,65.4498,0.00020507955,0.96641391
165.1,65.4498,0.00020530393,0.96747129
165.2,65.4498,0.00020438798,0.96315498
165.3,65.4498,0.00020445531,0.96347226
165.4,65.4498,0.00020638768,0.97257833
165.5,65.4498,0.00020538082,0.96783363
165.6,65.4498,0.000202987,0.95655302
165.7,65.4498,0.00020375365,0.96016577
165.8,65.4498,0.0002058736,0.97015581
165.9,65.4498,0.00020426305,0.96256625
166,65.4498,0.0002027696,0.95552855
166.1,65.4498,0.00020364691,0.95966275
166.2,65.4498,0.00020519021,0.9669354
166.3,65.4498,0.00020418759,0.96221067
166.4,65.4498,0.00020439005,0.96316474
166.5,65.4498,0.00020368995,0.95986556
166.6,65.4498,0.00020323234,0.95770916
166.7,65.4498,0.00020315394,0.95733971
166.8,65.4498,0.00020490362,0.96558487
166.9,65.4498,0.00020429305,0.96270765
167,65.4498,0.00020450916,0.96372601
167.1,65.4498,0.00020641299,0.97269758
167.2,65.4498,0.00020590726,0.9703144
167.3,65.4498,0.00020630746,0.97220029
167.4,65.4498,0.00020564906,0.96909765
167.5,65.4498,0.00020527544,0.96733701
167.6,65.4498,0.0002060602,0.97103512
167.7,65.4498,0.00020658741,0.97351955
167.8,65.4498,0.00020553314,0.96855141
167.9,65.4498,0.00020698925,0.97541314
168,32.7249,3.7650891e-06,0.0088712759
168.1,0,-5.0227334e-05,0
168.2,0,-2.38303e-05,0
168.3,0,-1.6890142e-05,0
168.4,0,-1.2003496e-05,0
168.5,0,-8.8504938e-06,0
168.6,0,-6.7225491e-06,0
168.7,0,-5.1631374e-06,0
168.8,0,-3.9758721e-06,0
168.9,0,-3.060498e-06,0
169,0,-2.3531659e-06,0
169.1,0,-1.8074777e-06,0
169.2,0,-1.3872385e-06,0
169.3,0,-1.0641713e-06,0
169.4,0,-8.1611486e-07,0
169.5,0,-6.2579098e-07,0
169.6,0,-4.7981223e-07,0
169.7,0,-3.6788389e-07,0
169.8,0,-2.820526e-07,0
169.9,0,-2.1624434e-07,0
170,32.7249,0.00018220602,0.42931252
170.1,65.4498,0.00014125406,0.66564358
170.2,65.4498,0.00016471739,0.77621185
170.3,65.4498,0.0002171319,1.0232092
170.4,65.4498,0.0002064753,0.97299125
170.5,65.4498,0.00020423746,0.96244568
170.6,65.4498,0.00020480168,0.9651045
170.7,65.4498,0.0002041139,0.96186341
170.8,65.4498,0.00020535079,0.9676921
170.9,65.4498,0.00020591968,0.97037295
171,65.4498,0.00020558853,0.96881242
171.1,65.4498,0.00020532331,0.96756261
171.2,65.4498,0.00020477518,0.96497961
171.3,65.4498,0.00020440796,0.96324912
171.4,65.4498,0.00020593808,0.97045966
171.5,65.4498,0.00020564554,0.96908106
171.6,65.4498,0.00020525131,0.96722331
171.7,65.4498,0.00020475768,0.96489713
171.8,65.4498,0.00020454964,0.96391679
171.9,65.4498,0.00020616664,0.97153669
172,65.4498,0.0002053881,0.9678679
172.1,65.4498,0.00020485899,0.96537457
172.2,65.4498,0.00020486059,0.96538209
172.3,65.4498,0.0002052943,0.96742592
172.4,65.4498,0.00020535805,0.96772633
172.5,65.4498,0.00020475606,0.96488953
172.6,65.4498,0.00020604112,0.97094523
172.7,65.4498,0.00020539941,0.9679212
172.8,65.4498,0.00020445977,0.96349327
172.9,65.4498,0.0002050388,0.96622189
173,65.4498,0.00020561199,0.96892297
173.1,65.4498,0.00020518684,0.96691951
173.2,65.4498,0.00020466491,0.96445995
173.3,65.4498,0.00020605393,0.97100558
173.4,65.4498,0.000205342,0.96765069
173.5,65.4498,0.00020434149,0.96293592
173.6,65.4498,0.00020622291,0.97180187
173.7,65.4498,0.00020558407,0.96879139
173.8,65.4498,0.00020467627,0.96451349
173.9,65.4498,0.00020642389,0.97274897
174,65.4498,0.00020576825,0.96965934
174.1,65.4498,0.00020474272,0.96482663
174.2,65.4498,0.00020631391,0.97223068
174.3,65.4498,0.00020558721,0.96880623
174.4,65.4498,0.00020520189,0.96699045
174.5,65.4498,0.00020509774,0.96649963
174.6,65.4498,0.00020141417,0.94914122
174.7,65.4498,0.00020325264,0.95780483
174.8,65.4498,0.0002042782,0.96263765
174.9,65.4498,0.00020292963,0.95628266
175,65.4498,0.00020442078,0.96330955
175.1,65.4498,0.00020394186,0.96105267
175.2,65.4498,0.00020339599,0.95848035
175.3,65.4498,0.00020480536,0.96512181
175.4,65.4498,0.00020348912,0.95891922
175.5,65.4498,0.0002043229,0.96284828
175.6,65.4498,0.00020459351,0.96412349
175.7,65.4498,0.00020355903,0.95924867
175.8,65.4498,0.00020498171,0.96595285
175.9,65.4498,0.00020396077,0.96114179
176,65.4498,0.00020444925,0.96344369
176.1,65.4498,0.00020486572,0.96540626
176.2,65.4498,0.00020384612,0.9606015
176.3,65.4498,0.00020510059,0.96651306
176.4,65.4498,0.00020422325,0.9623787
176.5,65.4498,0.00020484543,0.96531068
176.6,65.4498,0.00020492143,0.96566877
176.7,65.4498,0.00020419696,0.96225483
176.8,65.4498,0.00020519298,0.96694845
176.9,65.4498,0.00020436059,0.96302588
177,65.4498,0.00020518847,0.96692718
177.1,65.4498,0.00020480469,0.96511869
177.2,65.4498,0.0002046024,0.96416543
177.3,65.4498,0.00020513882,0.96669322
177.4,65.4498,0.00020453436,0.96384479
177.5,65.4498,0.0002053737,0.96780009
177.6,65.4498,0.00020462314,0.96426314
177.7,65.4498,0.00020504772,0.96626395
177.8,65.4498,0.00020496856,0.96589089
177.9,65.4498,0.00020485055,0.96533479
178,32.7249,4.7340597e-06,0.011154357
178.1,0,-4.7857412e-05,0
178.2,0,-2.2963433e-05,0
178.3,0,-1.6560041e-05,0
178.4,0,-1.1739869e-05,0
178.5,0,-8.6107433e-06,0
178.6,0,-6.5323607e-06,0
178.7,0,-5.0238338e-06,0
178.8,0,-3.8737376e-06,0
178.9,0,-2.9840609e-06,0
179,0,-2.2951647e-06,0
179.1,0,-1.7630229e-06,0
179.2,0,-1.3531582e-06,0
179.3,0,-1.0380147e-06,0
179.4,0,-7.960365e-07,0
179.5,0,-6.1035959e-07,0
179.6,0,-4.6794167e-07,0
179.7,0,-3.5875769e-07,0
179.8,0,-2.7504322e-07,0
179.9,0,-2.1086092e-07,0
180,32.7249,0.00018219807,0.42929378
180.1,65.4498,0.00014130218,0.66587035
180.2,65.4498,0.00016595126,0.78202633
180.3,65.4498,0.00022040649,1.0386404
180.4,65.4498,0.0002046957,0.96460505
180.5,65.4498,0.00021003455,0.9897638
180.6,65.4498,0.00020934636,0.98652076
180.7,65.4498,0.00020829698,0.98157569
180.8,65.4498,0.00021125259,0.99550367
180.9,65.4498,0.000209346,0.98651908
181,65.4498,0.000209879,0.98903079
181.1,65.4498,0.00020968108,0.98809811
181.2,65.4498,0.00020975879,0.98846431
181.3,65.4498,0.00020921122,0.98588393
181.4,65.4498,0.00020884297,0.98414859
181.5,65.4498,0.00020898996,0.9848413
181.6,65.4498,0.00020950113,0.98725013
181.7,65.4498,0.00021033007,0.9911564
181.8,65.4498,0.00020947583,0.98713089
181.9,65.4498,0.0002086897,0.98342632
182,65.4498,0.00020966221,0.98800916
182.1,65.4498,0.00021025041,0.99078101
182.2,65.4498,0.00020921267,0.98589079
182.3,65.4498,0.0002077654,0.97907069
182.4,65.4498,0.00021003983,0.98978868
182.5,65.4498,0.00020969145,0.98814697
182.6,65.4498,0.00020760347,0.97830758
182.7,65.4498,0.00020886888,0.98427069
182.8,65.4498,0.00020980777,0.98869513
182.9,65.4498,0.00020836835,0.981912
183,65.4498,0.00020701387,0.97552916
183.1,65.4498,0.00020508186,0.9664248
183.2,65.4498,0.00020642664,0.97276195
183.3,65.4498,0.00020569935,0.96933468
183.4,65.4498,0.00020528046,0.96736068
183.5,65.4498,0.00020654469,0.97331823
183.6,65.4498,0.00020558481,0.96879489
183.7,65.4498,0.00020439281,0.96317774
183.8,65.4498,0.00020524091,0.9671743
183.9,65.4498,0.00020556552,0.96870401
184,65.4498,0.0002044611,0.96349955
184.1,65.4498,0.00020528893,0.96740062
184.2,65.4498,0.00020585587,0.97007225
184.3,65.4498,0.00020407658,0.96168755
184.4,65.4498,0.00020434961,0.96297414
184.5,65.4498,0.00020616667,0.97153686
184.6,65.4498,0.00020450626,0.96371236
184.7,65.4498,0.00020403817,0.96150653
184.8,65.4498,0.000206801,0.97452608
184.9,65.4498,0.00020455366,0.96393574
185,65.4498,0.00020339956,0.95849714
185.1,65.4498,0.000206599,0.97357416
185.2,65.4498,0.00020488639,0.96550366
185.3,65.4498,0.00020348252,0.95888808
185.4,65.4498,0.00020627739,0.97205859
185.5,65.4498,0.00020494888,0.96579814
185.6,65.4498,0.00020340978,0.95854531
185.7,65.4498,0.00020618319,0.97161472
185.8,65.4498,0.00020480386,0.96511476
185.9,65.4498,0.00020292268,0.9562499
186,65.4498,0.00020445993,0.96349404
186.1,65.4498,0.00020416836,0.96212003
186.2,65.4498,0.00020409926,0.96179441
186.3,65.4498,0.00020565464,0.96912396
186.4,65.4498,0.0002047864,0.9650325
186.5,65.4498,0.00020452845,0.96381691
186.6,65.4498,0.00020467085,0.96448795
186.7,65.4498,0.00020354794,0.95919638
186.8,65.4498,0.00020469494,0.9646015
186.9,65.4498,0.00020587885,0.97018051
187,65.4498,0.00020498737,0.96597955
187.1,65.4498,0.0002053955,0.96790281
187.2,65.4498,0.00020507094,0.96637334
187.3,65.4498,0.00020437906,0.96311295
187.4,65.4498,0.00020545433,0.96818003
187.5,65.4498,0.00020570921,0.96938112
187.6,65.4498,0.00020549274,0.96836101
187.7,65.4498,0.00020575532,0.9695984
187.8,65.4498,0.00020522636,0.96710575
187.9,65.4498,0.00020503751,0.96621579
188,32.7249,3.9863449e-06,0.0093925971
188.1,0,-4.9340377e-05,0
188.2,0,-2.3480599e-05,0
188.3,0,-1.6780751e-05,0
188.4,0,-1.1930752e-05,0
188.5,0,-8.7473617e-06,0
188.6,0,-6.6292394e-06,0
188.7,0,-5.089989e-06,0
188.8,0,-3.9209855e-06,0
188.9,0,-3.0193243e-06,0
189,0,-2.3220127e-06,0
189.1,0,-1.7836643e-06,0
189.2,0,-1.3689702e-06,0
189.3,0,-1.0501281e-06,0
189.4,0,-8.0532581e-07,0
189.5,0,-6.1747682e-07,0
189.6,0,-4.7340042e-07,0
189.7,0,-3.6293603e-07,0
189.8,0,-2.7824824e-07,0
189.9,0,-2.1332863e-07,0
190,32.7249,0.0001822178,0.42934028
190.1,65.4498,0.00014137493,0.6662132
190.2,65.4498,0.00016459438,0.7756322
190.3,65.4498,0.00022172652,1.0448608
190.4,65.4498,0.00020492222,0.96567252
190.5,65.4498,0.00020152793,0.94967729
190.6,65.4498,0.00020800108,0.98018128
190.7,65.4498,0.00020819183,0.98108017
190.8,65.4498,0.00021001602,0.98967645
190.9,65.4498,0.00020927081,0.98616475
191,65.4498,0.0002092927,0.98626792
191.1,65.4498,0.00020872455,0.98359058
191.2,65.4498,0.00020864523,0.9832168
191.3,65.4498,0.00020925144,0.98607346
191.4,65.4498,0.00020905826,0.98516313
191.5,65.4498,0.0002078375,0.97941044
191.6,65.4498,0.00020778376,0.97915718
191.7,65.4498,0.00020715965,0.97621614
191.8,65.4498,0.00020803453,0.98033892
191.9,65.4498,0.00020879204,0.9839086
192,65.4498,0.00020860877,0.98304495
192.1,65.4498,0.00020774337,0.97896687
192.2,65.4498,0.00020760927,0.97833493
192.3,65.4498,0.00020899967,0.98488704
192.4,65.4498,0.00020864288,0.98320571
192.5,65.4498,0.00020774716,0.97898474
192.6,65.4498,0.00020772494,0.97888002
192.7,65.4498,0.00020861052,0.98305322
192.8,65.4498,0.00020874985,0.98370981
192.9,65.4498,0.00020698221,0.97537999
193,65.4498,0.00020766262,0.97858633
193.1,65.4498,0.00020887465,0.98429789
193.2,65.4498,0.00020613826,0.97140298
193.3,65.4498,0.00020282564,0.95579264
193.4,65.4498,0.0002059164,0.97035747
193.5,65.4498,0.00020520544,0.96700716
193.6,65.4498,0.00020331268,0.95808774
193.7,65.4498,0.00020359046,0.95939673
193.8,65.4498,0.00020582067,0.96990636
193.9,65.4498,0.00020465735,0.96442436
194,65.4498,0.00020357232,0.95931128
194.1,65.4498,0.00020641958,0.97272865
194.2,65.4498,0.00020545436,0.96818016
194.3,65.4498,0.00020358546,0.95937317
194.4,65.4498,0.00020526385,0.96728242
194.5,65.4498,0.00020582702,0.96993628
194.6,65.4498,0.00020410299,0.96181201
194.7,65.4498,0.00020548369,0.96831838
194.8,65.4498,0.00020655622,0.97337253
194.9,65.4498,0.00020408318,0.96171862
195,65.4498,0.00020500714,0.96607269
195.1,65.4498,0.00020643703,0.97281086
195.2,65.4498,0.00020403609,0.96149674
195.3,65.4498,0.00020514162,0.96670644
195.4,65.4498,0.00020686405,0.97482318
195.5,65.4498,0.00020379053,0.96033957
195.6,65.4498,0.00020502779,0.96617002
195.7,65.4498,0.0002067672,0.9743668
195.8,65.4498,0.00020367013,0.9597722
195.9,65.4498,0.00020509935,0.96650724
196,65.4498,0.00020654289,0.97330976
196.1,65.4498,0.00020313704,0.95726004
196.2,65.4498,0.00020532607,0.96757561
196.3,65.4498,0.00020637856,0.97253536
196.4,65.4498,0.0002031908,0.95751338
196.5,65.4498,0.00020541767,0.96800729
196.6,65.4498,0.0002060357,0.97091966
196.7,65.4498,0.00020263024,0.95487182
196.8,65.4498,0.00020497647,0.96592818
196.9,65.4498,0.00020525496,0.96724051
197,65.4498,0.0002032166,0.95763497
197.1,65.4498,0.00020569432,0.96931096
197.2,65.4498,0.00020570156,0.96934508
197.3,65.4498,0.00020355101,0.95921084
197.4,65.4498,0.00020429644,0.9627236
197.5,65.4498,0.00020396111,0.96114339
197.6,65.4498,0.00020415259,0.96204571
197.7,65.4498,0.00020528035,0.96736018
197.8,65.4498,0.00020492042,0.96566404
197.9,65.4498,0.00020535544,0.96771403
198,32.7249,2.6439604e-06,0.0062296804
198.1,0,-4.9824994e-05,0
198.2,0,-2.3639035e-05,0
198.3,0,-1.6874764e-05,0
198.4,0,-1.1985526e-05,0
198.5,0,-8.7963835e-06,0
198.6,0,-6.6619803e-06,0
198.7,0,-5.1118318e-06,0
198.8,0,-3.9371228e-06,0
198.9,0,-3.0319802e-06,0
199,0,-2.332083e-06,0
199.1,0,-1.7915475e-06,0
199.2,0,-1.3751312e-06,0
199.3,0,-1.0548975e-06,0
199.4,0,-8.0898809e-07,0
199.5,0,-6.2028673e-07,0
199.6,0,-4.7554584e-07,0
199.7,0,-3.6458093e-07,0
199.8,0,-2.7950492e-07,0
199.9,0,-2.1428557e-07,0
200,32.7249,0.00018220621,0.42931296
200.1,65.4498,0.00014139589,0.66631195
200.2,65.4498,0.00016597075,0.78211816
200.3,65.4498,0.00021866166,1.0304181
200.4,65.4498,0.00020715189,0.97617957
200.5,65.4498,0.00020081279,0.94630728
200.6,65.4498,0.00020566784,0.96918615
200.7,65.4498,0.00020601087,0.97080268
200.8,65.4498,0.00020619397,0.9716655
200.9,65.4498,0.00020605603,0.97101548
201,65.4498,0.00020703895,0.97564736
201.1,65.4498,0.0002058678,0.97012848
201.2,65.4498,0.00020526998,0.96731128
201.3,65.4498,0.0002045968,0.96413901
201.4,65.4498,0.00020503681,0.96621253
201.5,65.4498,0.0002049648,0.96587318
201.6,65.4498,0.00020461298,0.96421525
201.7,65.4498,0.0002042162,0.96234547
201.8,65.4498,0.0002035571,0.95923956
201.9,65.4498,0.00020457722,0.96404676
202,65.4498,0.00020514089,0.96670297
202.1,65.4498,0.0002055571,0.96866432
202.2,65.4498,0.00020622754,0.97182369
202.3,65.4498,0.0002064564,0.97290216
202.4,65.4498,0.0002064182,0.97272214
202.5,65.4498,0.00020578576,0.96974184
202.6,65.4498,0.00020580826,0.96984788
202.7,65.4498,0.00020724948,0.97663949
202.8,65.4498,0.00020762512,0.97840963
202.9,65.4498,0.0002068605,0.97480645
203,65.4498,0.00020644485,0.97284776
203.1,65.4498,0.00020642983,0.97277694
203.2,65.4498,0.00020465675,0.96442154
203.3,65.4498,0.00020490535,0.96559304
203.4,65.4498,0.0002041266,0.96192325
203.5,65.4498,0.00020459309,0.96412153
203.6,65.4498,0.00020415444,0.96205445
203.7,65.4498,0.00020225905,0.95312263
203.8,65.4498,0.00020194912,0.95166214
203.9,65.4498,0.00020400927,0.96137036
204,65.4498,0.00020355194,0.95921524
204.1,65.4498,0.00020179859,0.95095276
204.2,65.4498,0.00020151131,0.94959902
204.3,65.4498,0.00020297255,0.95648491
204.4,65.4498,0.00020339509,0.95847607
204.5,65.4498,0.00020296244,0.95643727
204.6,65.4498,0.00020261858,0.95481689
204.7,65.4498,0.00020312517,0.95720412
204.8,65.4498,0.00020420548,0.96229495
204.9,65.4498,0.00020383067,0.96052873
205,65.4498,0.00020285152,0.95591459
205.1,65.4498,0.00020271333,0.95526338
205.2,65.4498,0.00020431991,0.96283418
205.3,65.4498,0.00020450234,0.96369386
205.4,65.4498,0.00020367418,0.95979129
205.5,65.4498,0.00020421404,0.96233528
205.6,65.4498,0.00020454166,0.96387919
205.7,65.4498,0.00020359763,0.95943054
205.8,65.4498,0.00020386335,0.96068273
205.9,65.4498,0.00020508539,0.96644145
206,65.4498,0.00020430647,0.96277089
206.1,65.4498,0.00020414286,0.96199986
206.2,65.4498,0.00020455429,0.96393871
206.3,65.4498,0.00020276422,0.95550319
206.4,65.4498,0.0002031227,0.95719249
206.5,65.4498,0.00020348258,0.95888838
206.6,65.4498,0.00020230009,0.95331603
206.7,65.4498,0.00020429528,0.96271812
206.8,65.4498,0.00020367921,0.95981499
206.9,65.4498,0.0002009211,0.94681768
207,65.4498,0.0002018292,0.95109702
207.1,65.4498,0.00020337184,0.95836651
207.2,65.4498,0.00020249906,0.95425364
207.3,65.4498,0.00020241337,0.95384985
207.4,65.4498,0.00020132052,0.94869994
207.5,65.4498,0.00020077877,0.94614697
207.6,65.4498,0.00020173309,0.95064411
207.7,65.4498,0.00020266048,0.95501435
207.8,65.4498,0.0002037922,0.96034745
207.9,65.4498,0.00020432203,0.96284417
208,32.7249,3.1572132e-06,0.0074390031
208.1,0,-4.9449547e-05,0
208.2,0,-2.3538541e-05,0
208.3,0,-1.6766572e-05,0
208.4,0,-1.1974288e-05,0
208.5,0,-8.7891474e-06,0
208.6,0,-6.6500038e-06,0
208.7,0,-5.1036922e-06,0
208.8,0,-3.9314593e-06,0
208.9,0,-3.0274529e-06,0
209,0,-2.3282897e-06,0
209.1,0,-1.7884248e-06,0
209.2,0,-1.3726257e-06,0
209.3,0,-1.052928e-06,0
209.4,0,-8.0743199e-07,0
209.5,0,-6.1908381e-07,0
209.6,0,-4.7463705e-07,0
209.7,0,-3.6389101e-07,0
209.8,0,-2.7897939e-07,0
209.9,0,-2.1388619e-07,0
210,32.7249,0.00018216856,0.42922426
210.1,65.4498,0.00014155036,0.66703987
210.2,65.4498,0.00016525277,0.77873478
210.3,65.4498,0.00021879914,1.0310659
210.4,65.4498,0.00020277896,0.95557263
210.5,65.4498,0.00020837418,0.98193948
210.6,65.4498,0.00021020304,0.99055777
210.7,65.4498,0.00020837199,0.98192917
210.8,65.4498,0.00020625974,0.97197543
210.9,65.4498,0.00020562943,0.96900516
211,65.4498,0.00020633379,0.97232436
211.1,65.4498,0.00020764751,0.97851512
211.2,65.4498,0.0002072893,0.9768271
211.3,65.4498,0.00020563578,0.9690351
211.4,65.4498,0.00020543229,0.96807618
211.5,65.4498,0.00020537078,0.96778631
211.6,65.4498,0.0002060615,0.97104124
211.7,65.4498,0.00020610477,0.97124516
211.8,65.4498,0.00020451983,0.96377632
211.9,65.4498,0.00020314646,0.95730445
212,65.4498,0.00020482073,0.96519426
212.1,65.4498,0.00020500281,0.96605227
212.2,65.4498,0.00020496251,0.96586239
212.3,65.4498,0.00020377315,0.96025765
212.4,65.4498,0.00020469232,0.96458916
212.5,65.4498,0.00020442892,0.96334792
212.6,65.4498,0.00020423263,0.96242293
212.7,65.4498,0.00020411725,0.96187919
212.8,65.4498,0.00020433769,0.96291801
212.9,65.4498,0.00020335253,0.95827554
213,65.4498,0.00020278814,0.95561591
213.1,65.4498,0.00020288738,0.95608356
213.2,65.4498,0.00020434111,0.9629341
213.3,65.4498,0.00020403991,0.96151475
213.4,65.4498,0.00019993865,0.942188
213.5,65.4498,0.00020158675,0.94995449
213.6,65.4498,0.00020338091,0.95840925
213.7,65.4498,0.0002026783,0.95509832
213.8,65.4498,0.00020081991,0.94634087
213.9,65.4498,0.0002002997,0.9438894
214,65.4498,0.00020251071,0.95430854
214.1,65.4498,0.00020264193,0.95492693
214.2,65.4498,0.00020150672,0.94957734
214.3,65.4498,0.00020185176,0.95120334
214.4,65.4498,0.00020279895,0.95566686
214.5,65.4498,0.00020099343,0.94715855
214.6,65.4498,0.00019954611,0.94033822
214.7,65.4498,0.00020275434,0.95545664
214.8,65.4498,0.00020303639,0.95678576
214.9,65.4498,0.0002009044,0.94673898
215,65.4498,0.00019995845,0.94228132
215.1,65.4498,0.00020087519,0.94660136
215.2,65.4498,0.0002021171,0.9524537
215.3,65.4498,0.00020286842,0.95599424
215.4,65.4498,0.00020253537,0.95442477
215.5,65.4498,0.00020177705,0.95085125
215.6,65.4498,0.00020292757,0.95627295
215.7,65.4498,0.00020256342,0.95455695
215.8,65.4498,0.00020146438,0.94937786
215.9,65.4498,0.00020139365,0.94904451
216,65.4498,0.00020233753,0.95349245
216.1,65.4498,0.00020282692,0.95579868
216.2,65.4498,0.00020340533,0.95852433
216.3,65.4498,0.00020383815,0.96056398
216.4,65.4498,0.00020400319,0.96134168
216.5,65.4498,0.00020404328,0.96153061
216.6,65.4498,0.00020374546,0.96012717
216.7,65.4498,0.00020356204,0.95926284
216.8,65.4498,0.00020385585,0.96064737
216.9,65.4498,0.00020430594,0.96276837
217,65.4498,0.00020447732,0.96357599
217.1,65.4498,0.00020450364,0.96369999
217.2,65.4498,0.00020447416,0.96356107
217.3,65.4498,0.00020426244,0.96256339
217.4,65.4498,0.00020429812,0.96273154
217.5,65.4498,0.00020426311,0.96256654
217.6,65.4498,0.00020412785,0.96192913
217.7,65.4498,0.00020427586,0.96262663
217.8,65.4498,0.00020435434,0.96299645
217.9,65.4498,0.00020389593,0.96083625
218,32.7249,2.2055695e-06,0.005196747
218.1,0,-4.9360117e-05,0
218.2,0,-2.3572195e-05,0
218.3,0,-1.6840443e-05,0
218.4,0,-1.205947e-05,0
218.5,0,-8.8449451e-06,0
218.6,0,-6.689688e-06,0
218.7,0,-5.129718e-06,0
218.8,0,-3.9500846e-06,0
218.9,0,-3.041857e-06,0
219,0,-2.3397596e-06,0
219.1,0,-1.7975258e-06,0
219.2,0,-1.3797162e-06,0
219.3,0,-1.0584442e-06,0
219.4,0,-8.1171443e-07,0
219.5,0,-6.2240772e-07,0
219.6,0,-4.7719842e-07,0
219.7,0,-3.6584761e-07,0
219.8,0,-2.8048167e-07,0
219.9,0,-2.1504034e-07,0
220,32.7249,0.00018218164,0.42925508
220.1,65.4498,0.00014143887,0.66651451
220.2,65.4498,0.00016455839,0.77546259
220.3,65.4498,0.00022326199,1.0520966
220.4,65.4498,0.00020260713,0.95476292
220.5,65.4498,0.00020891418,0.98448416
220.6,65.4498,0.00020737542,0.97723295
220.7,65.4498,0.00020852358,0.98264351
220.8,65.4498,0.00020518769,0.96692353
220.9,65.4498,0.00020474597,0.96484194
221,65.4498,0.00020469401,0.96459709
221.1,65.4498,0.00020466904,0.96447946
221.2,65.4498,0.00020564973,0.96910081
221.3,65.4498,0.00020528899,0.96740086
221.4,65.4498,0.00020399113,0.96128485
221.5,65.4498,0.00020277672,0.95556209
221.6,65.4498,0.00020202014,0.95199681
221.7,65.4498,0.00020286423,0.95597449
221.8,65.4498,0.00020337297,0.95837186
221.9,65.4498,0.00020278006,0.95557782
222,65.4498,0.00020188495,0.95135974
222.1,65.4498,0.00020165951,0.95029736
222.2,65.4498,0.00020172028,0.95058372
222.3,65.4498,0.00020170348,0.95050456
222.4,65.4498,0.00020297031,0.95647438
222.5,65.4498,0.00020330454,0.95804937
222.6,65.4498,0.0002026313,0.95487682
222.7,65.4498,0.00020145707,0.9493434
222.8,65.4498,0.00020255093,0.95449808
222.9,65.4498,0.00020391394,0.96092111
223,65.4498,0.0002030987,0.95707939
223.1,65.4498,0.00020108477,0.94758895
223.2,65.4498,0.00020244256,0.9539874
223.3,65.4498,0.00020444634,0.96342999
223.4,65.4498,0.00020316092,0.95737258
223.5,65.4498,0.00020070929,0.94581959
223.6,65.4498,0.00020135861,0.9488794
223.7,65.4498,0.00020419699,0.96225496
223.8,65.4498,0.0002031301,0.95722734
223.9,65.4498,0.00020046487,0.94466775
224,65.4498,0.0002000141,0.94254355
224.1,65.4498,0.00020298319,0.95653506
224.2,65.4498,0.00020303596,0.95678376
224.3,65.4498,0.00020127909,0.94850469
224.4,65.4498,0.00020138189,0.94898912
224.5,65.4498,0.00020402607,0.9614495
224.6,65.4498,0.00020292817,0.95627579
224.7,65.4498,0.00020086705,0.94656299
224.8,65.4498,0.00020178375,0.95088285
224.9,65.4498,0.00020404569,0.96154198
225,65.4498,0.00020229219,0.9532788
225.1,65.4498,0.00020101502,0.94726029
225.2,65.4498,0.00020419964,0.96226746
225.3,65.4498,0.00020292828,0.95627631
225.4,65.4498,0.00019982281,0.94164213
225.5,65.4498,0.00020131653,0.94868111
225.6,65.4498,0.00020347621,0.95885838
225.7,65.4498,0.00020163657,0.95018929
225.8,65.4498,0.00020120538,0.94815734
225.9,65.4498,0.00020382913,0.96052148
226,65.4498,0.00020273991,0.95538866
226.1,65.4498,0.00020129107,0.94856115
226.2,65.4498,0.00020229396,0.95328715
226.3,65.4498,0.000201111,0.94771259
226.4,65.4498,0.00020079469,0.94622202
226.5,65.4498,0.00020345097,0.95873943
226.6,65.4498,0.00020366854,0.95976471
226.7,65.4498,0.00020270378,0.95521839
226.8,65.4498,0.00020322007,0.95765134
226.9,65.4498,0.00020266741,0.95504697
227,65.4498,0.00020194085,0.95162315
227.1,65.4498,0.00020275082,0.95544005
227.2,65.4498,0.00020340677,0.95853116
227.3,65.4498,0.00020338943,0.95844942
227.4,65.4498,0.00020355659,0.95923715
227.5,65.4498,0.00020384413,0.96059214
227.6,65.4498,0.00020337219,0.95836818
227.7,65.4498,0.00020281031,0.9557204
227.8,65.4498,0.00020304727,0.95683703
227.9,65.4498,0.00020361868,0.95952975
228,32.7249,2.2056231e-06,0.0051968734
228.1,0,-4.9549573e-05,0
228.2,0,-2.36086e-05,0
228.3,0,-1.6816439e-05,0
228.4,0,-1.2006625e-05,0
228.5,0,-8.8317535e-06,0
228.6,0,-6.6904382e-06,0
228.7,0,-5.1336189e-06,0
228.8,0,-3.9535318e-06,0
228.9,0,-3.0441543e-06,0
229,0,-2.3410397e-06,0
229.1,0,-1.7983459e-06,0
229.2,0,-1.3802808e-06,0
229.3,0,-1.0588509e-06,0
229.4,0,-8.1200473e-07,0
229.5,0,-6.2259576e-07,0
229.6,0,-4.7733254e-07,0
229.7,0,-3.6595872e-07,0
229.8,0,-2.8056647e-07,0
229.9,0,-2.1510447e-07,0
230,32.7249,0.00018215647,0.42919575
230.1,65.4498,0.00014159648,0.66725723
230.2,65.4498,0.0001649141,0.77713885
230.3,65.4498,0.00022554206,1.0628412
230.4,65.4498,0.00020531094,0.9675043
230.5,65.4498,0.00020903828,0.98506899
230.6,65.4498,0.00021192098,0.99865336
230.7,65.4498,0.00021000039,0.98960281
230.8,65.4498,0.00020994213,0.98932826
230.9,65.4498,0.00020820333,0.98113436
231,65.4498,0.0002086547,0.98326141
231.1,65.4498,0.00020877203,0.98381429
231.2,65.4498,0.00020807167,0.98051394
231.3,65.4498,0.00020885344,0.98419792
231.4,65.4498,0.00020865228,0.98325002
231.5,65.4498,0.00020931908,0.9863922
231.6,65.4498,0.00020994028,0.98931955
231.7,65.4498,0.00020916694,0.98567526
231.8,65.4498,0.00020978905,0.98860691
231.9,65.4498,0.00021100379,0.99433121
232,65.4498,0.00021117442,0.99513531
232.1,65.4498,0.00020824247,0.98131883
232.2,65.4498,0.00020898819,0.98483292
232.3,65.4498,0.0002110779,0.99468047
232.4,65.4498,0.00021136989,0.99605641
232.5,65.4498,0.00020972465,0.98830343
232.6,65.4498,0.00021042846,0.99162003
232.7,65.4498,0.00020944556,0.98698826
232.8,65.4498,0.00020865945,0.98328378
232.9,65.4498,0.00020907848,0.98525842
233,65.4498,0.00020910116,0.9853653
233.1,65.4498,0.00021082077,0.99346877
233.2,65.4498,0.0002093552,0.98656244
233.3,65.4498,0.00020745041,0.97758633
233.4,65.4498,0.00020855428,0.9827882
233.5,65.4498,0.00020958376,0.9876395
233.6,65.4498,0.00020857486,0.98288515
233.7,65.4498,0.00020911702,0.98544004
233.8,65.4498,0.00021182182,0.9981861
233.9,65.4498,0.00020894771,0.98464219
234,65.4498,0.0002076088,0.97833273
234.1,65.4498,0.00020932391,0.98641498
234.2,65.4498,0.00021022926,0.99068135
234.3,65.4498,0.00020641371,0.97270098
234.4,65.4498,0.00020850621,0.98256168
234.5,65.4498,0.00020816572,0.98095712
234.6,65.4498,0.00020531596,0.96752796
234.7,65.4498,0.00020679994,0.97452106
234.8,65.4498,0.00020864852,0.98323227
234.9,65.4498,0.00020692894,0.97512897
235,65.4498,0.00020732727,0.97700606
235.1,65.4498,0.00020914575,0.98557544
235.2,65.4498,0.00020635574,0.97242781
235.3,65.4498,0.00020653319,0.97326401
235.4,65.4498,0.00020855021,0.98276902
235.5,65.4498,0.00020703612,0.97563401
235.6,65.4498,0.00020684537,0.97473516
235.7,65.4498,0.00020891288,0.98447807
235.8,65.4498,0.00020774647,0.97898146
235.9,65.4498,0.00020631085,0.9722163
236,65.4498,0.00020973975,0.98837455
236.1,65.4498,0.00020858988,0.98295596
236.2,65.4498,0.00020532049,0.96754931
236.3,65.4498,0.00020785106,0.97947432
236.4,65.4498,0.00020862913,0.98314091
236.5,65.4498,0.00020643739,0.97281259
236.6,65.4498,0.00020703591,0.97563305
236.7,65.4498,0.0002082714,0.98145514
236.8,65.4498,0.00020687044,0.97485327
236.9,65.4498,0.00020675075,0.97428925
237,65.4498,0.00020767307,0.97863558
237.1,65.4498,0.00020791329,0.9797676
237.2,65.4498,0.00020752841,0.97795391
237.3,65.4498,0.00020731389,0.976943
237.4,65.4498,0.0002060956,0.97120193
237.5,65.4498,0.00020596333,0.97057865
237.6,65.4498,0.0002068839,0.97491671
237.7,65.4498,0.00020802996,0.98031739
237.8,65.4498,0.00020827749,0.98148385
237.9,65.4498,0.0002055854,0.9687977
238,32.7249,3.2159888e-06,0.0075774896
238.1,0,-5.0973164e-05,0
238.2,0,-2.4041971e-05,0
238.3,0,-1.7168239e-05,0
238.4,0,-1.2303502e-05,0
238.5,0,-8.9344274e-06,0
238.6,0,-6.7178741e-06,0
238.7,0,-5.1483885e-06,0
238.8,0,-3.9696063e-06,0
238.9,0,-3.0605971e-06,0
239,0,-2.3557493e-06,0
239.1,0,-1.8104228e-06,0
239.2,0,-1.3898185e-06,0
239.3,0,-1.0662623e-06,0
239.4,0,-8.1770515e-07,0
239.5,0,-6.2695124e-07,0
239.6,0,-4.8065763e-07,0
239.7,0,-3.6849039e-07,0
239.8,0,-2.8250299e-07,0
239.9,0,-2.1657633e-07,0
240,32.7249,0.00018216446,0.42921459
240.1,65.4498,0.00014149943,0.66679988
240.2,65.4498,0.00016603483,0.78242016
240.3,65.4498,0.00022046507,1.0389164
240.4,65.4498,0.00020159231,0.94998072
240.5,65.4498,0.00021089474,0.99381732
240.6,65.4498,0.00020973048,0.98833091
240.7,65.4498,0.00020644187,0.9728337
240.8,65.4498,0.00020761289,0.978352
240.9,65.4498,0.00020849801,0.982523
241,65.4498,0.00021001618,0.98967721
241.1,65.4498,0.00020868779,0.98341736
241.2,65.4498,0.00020732673,0.97700351
241.3,65.4498,0.00020911363,0.98542406
241.4,65.4498,0.00020994907,0.98936099
241.5,65.4498,0.00021014514,0.99028495
241.6,65.4498,0.00020997022,0.98946064
241.7,65.4498,0.00020851416,0.98259911
241.8,65.4498,0.00020827215,0.98145868
241.9,65.4498,0.00020878609,0.98388054
242,65.4498,0.00020890696,0.98445017
242.1,65.4498,0.00020940549,0.98679943
242.2,65.4498,0.00020903209,0.98503983
242.3,65.4498,0.00020987256,0.98900045
242.4,65.4498,0.00020882695,0.98407312
242.5,65.4498,0.00020858155,0.98291671
242.6,65.4498,0.00020785548,0.97949516
242.7,65.4498,0.00020933058,0.9864464
242.8,65.4498,0.00020969081,0.98814397
242.9,65.4498,0.00020837644,0.98195014
243,65.4498,0.00020880648,0.98397665
243.1,65.4498,0.00021023715,0.99071852
243.2,65.4498,0.00021057225,0.99229762
243.3,65.4498,0.00020845154,0.98230402
243.4,65.4498,0.00020841101,0.98211306
243.5,65.4498,0.00020749921,0.9778163
243.6,65.4498,0.00020790667,0.97973638
243.7,65.4498,0.00020634098,0.97235827
243.8,65.4498,0.00020612982,0.97136321
243.9,65.4498,0.00020774437,0.97897158
244,65.4498,0.00020718005,0.9763123
244.1,65.4498,0.00020650837,0.97314705
244.2,65.4498,0.00020817468,0.98099937
244.3,65.4498,0.0002078391,0.97941797
244.4,65.4498,0.00020641449,0.97270465
244.5,65.4498,0.00020727023,0.97673723
244.6,65.4498,0.00020805647,0.98044234
244.7,65.4498,0.0002066914,0.9740096
244.8,65.4498,0.00020708093,0.97584519
244.9,65.4498,0.00020857852,0.9829024
245,65.4498,0.00020689235,0.97495655
245.1,65.4498,0.00020672366,0.97416159
245.2,65.4498,0.00020831643,0.98166733
245.3,65.4498,0.00020712811,0.97606752
245.4,65.4498,0.00020701307,0.97552543
245.5,65.4498,0.00020869845,0.98346756
245.6,65.4498,0.00020682065,0.97461867
245.7,65.4498,0.00020680083,0.97452526
245.8,65.4498,0.00020849333,0.98250096
245.9,65.4498,0.00020685481,0.97477965
246,65.4498,0.00020728808,0.97682136
246.1,65.4498,0.00020842848,0.98219537
246.2,65.4498,0.00020614853,0.97145139
246.3,65.4498,0.00020700617,0.9754929
246.4,65.4498,0.00020791744,0.97978715
246.5,65.4498,0.00020635847,0.97244066
246.6,65.4498,0.00020775448,0.97901922
246.7,65.4498,0.00020780642,0.979264
246.8,65.4498,0.00020596545,0.97058861
246.9,65.4498,0.00020690023,0.97499366
247,65.4498,0.00020683686,0.97469504
247.1,65.4498,0.00020656873,0.9734315
247.2,65.4498,0.0002077688,0.97908672
247.3,65.4498,0.0002072335,0.97656416
247.4,65.4498,0.00020649524,0.9730852
247.5,65.4498,0.00020641424,0.97270349
247.6,65.4498,0.00020631537,0.97223758
247.7,65.4498,0.00020693384,0.97515206
247.8,65.4498,0.00020733985,0.97706534
247.9,65.4498,0.00020702549,0.97558396
248,32.7249,5.0622463e-06,0.011927628
248.1,0,-4.9305839e-05,0
248.2,0,-2.3384662e-05,0
248.3,0,-1.672617e-05,0
248.4,0,-1.1796161e-05,0
248.5,0,-8.645645e-06,0
248.6,0,-6.5605982e-06,0
248.7,0,-5.0435056e-06,0
248.8,0,-3.8875505e-06,0
248.9,0,-2.9941615e-06,0
249,0,-2.3025998e-06,0
249.1,0,-1.7686241e-06,0
249.2,0,-1.3573339e-06,0
249.3,0,-1.0411431e-06,0
249.4,0,-7.9837523e-07,0
249.5,0,-6.1211266e-07,0
249.6,0,-4.6927054e-07,0
249.7,0,-3.5975805e-07,0
249.8,0,-2.7579775e-07,0
249.9,0,-2.1143751e-07,0
250,32.7249,0.00018218577,0.42926481
250.1,65.4498,0.00014125049,0.66562679
250.2,65.4498,0.00016612114,0.78282686
250.3,65.4498,0.00022541212,1.0622289
250.4,65.4498,0.00020065079,0.94554389
250.5,65.4498,0.00020331934,0.95811914
250.6,65.4498,0.00021028548,0.99094629
250.7,65.4498,0.00020616849,0.9715454
250.8,65.4498,0.00020739465,0.97732354
250.9,65.4498,0.00020721758,0.97648913
251,65.4498,0.00020742747,0.97747823
251.1,65.4498,0.00020804961,0.98041
251.2,65.4498,0.00020827808,0.98148661
251.3,65.4498,0.00020750187,0.97782882
251.4,65.4498,0.000207634,0.97845145
251.5,65.4498,0.00020813505,0.9808126
251.6,65.4498,0.00020810436,0.98066799
251.7,65.4498,0.00020845148,0.98230374
251.8,65.4498,0.00020888765,0.98435915
251.9,65.4498,0.00020845662,0.98232798
252,65.4498,0.00020736479,0.97718284
252.1,65.4498,0.00020671012,0.97409778
252.2,65.4498,0.00020767287,0.97863463
252.3,65.4498,0.00020917901,0.98573217
252.4,65.4498,0.00020842332,0.98217107
252.5,65.4498,0.0002071839,0.97633041
252.6,65.4498,0.0002074898,0.97777196
252.7,65.4498,0.00020823603,0.98128845
252.8,65.4498,0.00020757578,0.9781771
252.9,65.4498,0.00020733062,0.97702181
253,65.4498,0.000206706,0.97407838
253.1,65.4498,0.00020773967,0.97894945
253.2,65.4498,0.00020898067,0.9847975
253.3,65.4498,0.00020744803,0.97757512
253.4,65.4498,0.00020474152,0.96482098
253.5,65.4498,0.00020603306,0.97090723
253.6,65.4498,0.00020563542,0.96903338
253.7,65.4498,0.00020469216,0.9645884
253.8,65.4498,0.00020407069,0.96165979
253.9,65.4498,0.0002053138,0.96751777
254,65.4498,0.00020464671,0.9643742
254.1,65.4498,0.00020221298,0.95290555
254.2,65.4498,0.00020184426,0.95116797
254.3,65.4498,0.00020577969,0.96971324
254.4,65.4498,0.00020581814,0.96989445
254.5,65.4498,0.00020461151,0.96420832
254.6,65.4498,0.0002042104,0.96231817
254.7,65.4498,0.00020276621,0.95551257
254.8,65.4498,0.00020339231,0.95846299
254.9,65.4498,0.00020313938,0.9572711
255,65.4498,0.00020337054,0.9583604
255.1,65.4498,0.00020303488,0.95677863
255.2,65.4498,0.00020503688,0.96621286
255.3,65.4498,0.00020462291,0.96426204
255.4,65.4498,0.00020391476,0.96092496
255.5,65.4498,0.00020568024,0.9692446
255.6,65.4498,0.00020625469,0.97195161
255.7,65.4498,0.00020468861,0.96457164
255.8,65.4498,0.00020555724,0.96866497
255.9,65.4498,0.00020577091,0.96967189
256,65.4498,0.00020456603,0.963994
256.1,65.4498,0.00020616782,0.97154225
256.2,65.4498,0.00020633577,0.97233371
256.3,65.4498,0.00020557869,0.96876604
256.4,65.4498,0.00020600087,0.97075552
256.5,65.4498,0.00020428152,0.96265327
256.6,65.4498,0.0002051628,0.96680624
256.7,65.4498,0.00020595514,0.97054005
256.8,65.4498,0.00020431061,0.96279037
256.9,65.4498,0.00020607337,0.9710972
257,65.4498,0.00020583882,0.96999188
257.1,65.4498,0.0002039981,0.96131772
257.2,65.4498,0.00020505892,0.96631669
257.3,65.4498,0.00020563234,0.96901887
257.4,65.4498,0.00020460445,0.96417508
257.5,65.4498,0.00020465621,0.96441896
257.6,65.4498,0.0002052692,0.96730761
257.7,65.4498,0.00020511565,0.96658403
257.8,65.4498,0.00020509899,0.96650552
257.9,65.4498,0.0002052792,0.96735474
258,32.7249,3.4209598e-06,0.0080604409
258.1,0,-4.9776188e-05,0
258.2,0,-2.3572554e-05,0
258.3,0,-1.6855692e-05,0
258.4,0,-1.1992797e-05,0
258.5,0,-8.8200355e-06,0
258.6,0,-6.693244e-06,0
258.7,0,-5.1383717e-06,0
258.8,0,-3.9566998e-06,0
258.9,0,-3.0463165e-06,0
259,0,-2.342687e-06,0
259.1,0,-1.7995368e-06,0
259.2,0,-1.3811771e-06,0
259.3,0,-1.0595034e-06,0
259.4,0,-8.125136e-07,0
259.5,0,-6.2298209e-07,0
259.6,0,-4.7762973e-07,0
259.7,0,-3.6617559e-07,0
259.8,0,-2.8071826e-07,0
259.9,0,-2.1521501e-07,0
260,32.7249,0.0001822124,0.42932755
260.1,65.4498,0.00014131513,0.66593137
260.2,65.4498,0.00016566768,0.78068999
260.3,65.4498,0.00022232706,1.0476908
260.4,65.4498,0.00020664456,0.97378883
260.5,65.4498,0.00020674266,0.97425112
260.6,65.4498,0.00020763163,0.9784403
260.7,65.4498,0.00020356461,0.95927492
260.8,65.4498,0.00020550241,0.96840659
260.9,65.4498,0.00020766894,0.97861614
261,65.4498,0.00020823534,0.9812852
261.1,65.4498,0.00020945553,0.98703522
261.2,65.4498,0.00020872789,0.98360632
261.3,65.4498,0.00020804203,0.98037427
261.4,65.4498,0.00020806826,0.98049785
261.5,65.4498,0.00020835946,0.98187012
261.6,65.4498,0.00020843566,0.98222922
261.7,65.4498,0.00020894251,0.98461766
261.8,65.4498,0.00021021069,0.99059384
261.9,65.4498,0.00020898947,0.98483898
262,65.4498,0.00020863123,0.9831508
262.1,65.4498,0.00020976744,0.98850506
262.2,65.4498,0.00021018679,0.99048118
262.3,65.4498,0.00020986962,0.98898659
262.4,65.4498,0.00020814771,0.98087229
262.5,65.4498,0.00020939284,0.98673981
262.6,65.4498,0.00021003504,0.98976608
262.7,65.4498,0.00020907864,0.98525918
262.8,65.4498,0.00020821965,0.9812113
262.9,65.4498,0.00020859855,0.98299679
263,65.4498,0.00020894237,0.98461701
263.1,65.4498,0.00020890377,0.98443513
263.2,65.4498,0.00020831805,0.98167498
263.3,65.4498,0.00020998404,0.98952576
263.4,65.4498,0.00020901985,0.98498215
263.5,65.4498,0.00020848351,0.98245469
263.6,65.4498,0.00020986712,0.98897479
263.7,65.4498,0.00020891816,0.98450294
263.8,65.4498,0.00020664491,0.97379049
263.9,65.4498,0.00020748642,0.97775604
264,65.4498,0.00020621748,0.9717763
264.1,65.4498,0.00020672268,0.97415699
264.2,65.4498,0.00020786986,0.97956293
264.3,65.4498,0.00020628892,0.97211295
264.4,65.4498,0.00020736783,0.97719718
264.5,65.4498,0.00020738104,0.97725941
264.6,65.4498,0.00020555576,0.96865803
264.7,65.4498,0.00020775191,0.97900712
264.8,65.4498,0.00020737679,0.97723938
264.9,65.4498,0.00020542411,0.9680376
265,65.4498,0.00020761224,0.97834891
265.1,65.4498,0.00020681561,0.9745949
265.2,65.4498,0.00020535379,0.96770625
265.3,65.4498,0.00020779217,0.97919685
265.4,65.4498,0.00020663031,0.97372171
265.5,65.4498,0.00020534137,0.96764772
265.6,65.4498,0.00020737278,0.97722049
265.7,65.4498,0.00020610759,0.97125844
265.8,65.4498,0.00020548809,0.96833911
265.9,65.4498,0.00020772596,0.97888484
266,65.4498,0.00020540354,0.96794067
266.1,65.4498,0.00020505427,0.96629477
266.2,65.4498,0.00020731671,0.97695628
266.3,65.4498,0.00020499718,0.96602575
266.4,65.4498,0.00020543707,0.96809871
266.5,65.4498,0.00020731159,0.97693216
266.6,65.4498,0.00020412473,0.96191446
266.7,65.4498,0.00020493815,0.9657476
266.8,65.4498,0.000206583,0.97349874
266.9,65.4498,0.00020411292,0.96185878
267,65.4498,0.00020580626,0.96983843
267.1,65.4498,0.00020670299,0.97406418
267.2,65.4498,0.000203587,0.95938047
267.3,65.4498,0.00020517806,0.96687814
267.4,65.4498,0.00020566811,0.96918746
267.5,65.4498,0.00020379637,0.96036707
267.6,65.4498,0.00020611242,0.97128119
267.7,65.4498,0.00020602947,0.97089032
267.8,65.4498,0.00020395826,0.96112995
267.9,65.4498,0.00020495443,0.96582429
268,32.7249,2.790068e-06,0.0065739381
268.1,0,-4.971041e-05,0
268.2,0,-2.3598516e-05,0
268.3,0,-1.6863454e-05,0
268.4,0,-1.2035254e-05,0
268.5,0,-8.8335078e-06,0
268.6,0,-6.6792567e-06,0
268.7,0,-5.1190899e-06,0
268.8,0,-3.9408864e-06,0
268.9,0,-3.0347869e-06,0
269,0,-2.3345162e-06,0
269.1,0,-1.7936499e-06,0
269.2,0,-1.3768614e-06,0
269.3,0,-1.0562738e-06,0
269.4,0,-8.1004472e-07,0
269.5,0,-6.211115e-07,0
269.6,0,-4.7619849e-07,0
269.7,0,-3.6509358e-07,0
269.8,0,-2.7990317e-07,0
269.9,0,-2.1458839e-07,0
270,32.7249,0.0001821887,0.42927171
270.1,65.4498,0.00014143557,0.66649892
270.2,65.4498,0.0001657278,0.78097328
270.3,65.4498,0.00021856134,1.0299453
270.4,65.4498,0.00020014645,0.94316727
270.5,65.4498,0.00020975674,0.98845463
270.6,65.4498,0.00021000035,0.98960261
270.7,65.4498,0.00020888921,0.98436651
270.8,65.4498,0.00020779384,0.97920471
270.9,65.4498,0.00020766621,0.97860327
271,65.4498,0.00020865005,0.9832395
271.1,65.4498,0.0002092173,0.98591259
271.2,65.4498,0.00020826701,0.98143448
271.3,65.4498,0.00020860679,0.98303564
271.4,65.4498,0.00020916982,0.98568883
271.5,65.4498,0.00020915411,0.98561481
271.6,65.4498,0.00020941009,0.98682111
271.7,65.4498,0.00020839219,0.98202438
271.8,65.4498,0.00020831857,0.98167744
271.9,65.4498,0.00020730091,0.97688184
272,65.4498,0.00020787474,0.97958592
272.1,65.4498,0.00020870832,0.98351407
272.2,65.4498,0.0002105142,0.9920241
272.3,65.4498,0.00021000378,0.98961877
272.4,65.4498,0.0002088761,0.98430472
272.5,65.4498,0.00020679171,0.97448227
272.6,65.4498,0.00020890999,0.98446445
272.7,65.4498,0.00020951131,0.98729806
272.8,65.4498,0.00020873526,0.98364103
272.9,65.4498,0.00020879363,0.9839161
273,65.4498,0.00021003851,0.98978245
273.1,65.4498,0.00021061116,0.99248101
273.2,65.4498,0.00020827095,0.98145304
273.3,65.4498,0.00020832439,0.98170487
273.4,65.4498,0.00021031279,0.99107495
273.5,65.4498,0.00020860998,0.98305064
273.6,65.4498,0.00020408409,0.96172294
273.7,65.4498,0.00020693098,0.97513856
273.8,65.4498,0.00020600148,0.97075841
273.9,65.4498,0.00020455364,0.96393561
274,65.4498,0.00020458467,0.96408187
274.1,65.4498,0.0002060139,0.97081695
274.2,65.4498,0.00020740704,0.97738195
274.3,65.4498,0.00020681272,0.97458129
274.4,65.4498,0.00020560186,0.96887524
274.5,65.4498,0.00020618157,0.97160708
274.6,65.4498,0.00020639114,0.97259463
274.7,65.4498,0.00020502286,0.96614678
274.8,65.4498,0.00020626911,0.97201956
274.9,65.4498,0.00020730425,0.97689754
275,65.4498,0.00020702689,0.97559051
275.1,65.4498,0.00020712289,0.97604294
275.2,65.4498,0.00020632566,0.97228605
275.3,65.4498,0.00020514312,0.96671347
275.4,65.4498,0.00020658342,0.97350072
275.5,65.4498,0.00020653158,0.97325644
275.6,65.4498,0.00020408153,0.96171088
275.7,65.4498,0.0002049428,0.96576952
275.8,65.4498,0.00020711674,0.97601392
275.9,65.4498,0.00020551932,0.9684863
276,65.4498,0.00020540616,0.96795303
276.1,65.4498,0.0002076412,0.97848539
276.2,65.4498,0.00020707609,0.97582239
276.3,65.4498,0.00020609046,0.97117774
276.4,65.4498,0.00020662883,0.97371473
276.5,65.4498,0.0002050483,0.96626665
276.6,65.4498,0.00020431401,0.96280642
276.7,65.4498,0.00020677172,0.97438809
276.8,65.4498,0.00020694208,0.97519087
276.9,65.4498,0.00020584569,0.97002427
277,65.4498,0.00020677274,0.97439287
277.1,65.4498,0.00020592983,0.97042075
277.2,65.4498,0.00020386019,0.96066781
277.3,65.4498,0.00020514337,0.96671468
277.4,65.4498,0.00020692457,0.97510837
277.5,65.4498,0.00020582356,0.96991997
277.6,65.4498,0.00020520456,0.96700301
277.7,65.4498,0.0002044357,0.96337987
277.8,65.4498,0.00020353197,0.9591211
277.9,65.4498,0.00020456079,0.96396931
278,32.7249,2.0672619e-06,0.0048708675
278.1,0,-5.1603062e-05,0
278.2,0,-2.4228473e-05,0
278.3,0,-1.7123518e-05,0
278.4,0,-1.2270286e-05,0
278.5,0,-9.0172781e-06,0
278.6,0,-6.803747e-06,0
278.7,0,-5.2070645e-06,0
278.8,0,-4.0067621e-06,0
278.9,0,-3.0854909e-06,0
279,0,-2.373824e-06,0
279.1,0,-1.8240564e-06,0
279.2,0,-1.4002582e-06,0
279.3,0,-1.0742801e-06,0
279.4,0,-8.2389057e-07,0
279.5,0,-6.3175968e-07,0
279.6,0,-4.8437824e-07,0
279.7,0,-3.7135931e-07,0
279.8,0,-2.8471199e-07,0
279.9,0,-2.1828542e-07,0
280,32.7249,0.0001821593,0.42920243
280.1,65.4498,0.0001418216,0.66831808
280.2,65.4498,0.00016530033,0.77895889
280.3,65.4498,0.00022314034,1.0515233
280.4,65.4498,0.00021635337,1.0195405
280.5,65.4498,0.00020820056,0.98112131
280.6,65.4498,0.00021037469,0.99136667
280.7,65.4498,0.00021135038,0.9959645
280.8,65.4498,0.00021270647,1.0023549
280.9,65.4498,0.0002126024,1.0018645
281,65.4498,0.0002109765,0.9942026
281.1,65.4498,0.00021078349,0.99329308
281.2,65.4498,0.00020748457,0.9777473
281.3,65.4498,0.00020722448,0.97652166
281.4,65.4498,0.00020596752,0.9705984
281.5,65.4498,0.00020639316,0.97260418
281.6,65.4498,0.00020689418,0.97496517
281.7,65.4498,0.0002075072,0.97785395
281.8,65.4498,0.00020783806,0.97941306
281.9,65.4498,0.00020761913,0.97838139
282,65.4498,0.00020662544,0.97369874
282.1,65.4498,0.00020525632,0.96724695
282.2,65.4498,0.00020424712,0.96249118
282.3,65.4498,0.0002056834,0.9692595
282.4,65.4498,0.00020741567,0.97742259
282.5,65.4498,0.00020759175,0.97825239
282.6,65.4498,0.00020693468,0.975156
282.7,65.4498,0.00020591267,0.97033989
282.8,65.4498,0.00020522057,0.96707845
282.9,65.4498,0.00020661789,0.97366317
283,65.4498,0.00020747617,0.97770772
283.1,65.4498,0.00020580795,0.96984644
283.2,65.4498,0.00020319872,0.95755074
283.3,65.4498,0.00020299307,0.95658162
283.4,65.4498,0.00020580044,0.96981101
283.5,65.4498,0.00020711116,0.97598765
283.6,65.4498,0.00020785604,0.97949783
283.7,65.4498,0.00020570995,0.96938462
283.8,65.4498,0.00020475995,0.96490785
283.9,65.4498,0.00020599387,0.97072254
284,65.4498,0.00020739302,0.97731586
284.1,65.4498,0.00020630357,0.97218196
284.2,65.4498,0.00020474935,0.96485791
284.3,65.4498,0.00020591499,0.97035084
284.4,65.4498,0.00020858689,0.98294187
284.5,65.4498,0.00020716013,0.9762184
284.6,65.4498,0.00020424981,0.96250388
284.7,65.4498,0.00020539813,0.96791517
284.8,65.4498,0.00020497992,0.96594444
284.9,65.4498,0.00020044767,0.9445867
285,65.4498,0.00020061052,0.94535414
285.1,65.4498,0.00020443977,0.96339902
285.2,65.4498,0.00020397609,0.96121401
285.3,65.4498,0.00020147803,0.94944218
285.4,65.4498,0.00020145186,0.94931884
285.5,65.4498,0.00020193844,0.95161179
285.6,65.4498,0.00020133189,0.94875349
285.7,65.4498,0.00020301315,0.95667626
285.8,65.4498,0.0002057217,0.96943997
285.9,65.4498,0.00020542311,0.96803289
286,65.4498,0.00020398298,0.96124647
286.1,65.4498,0.00020472178,0.96472799
286.2,65.4498,0.00020501623,0.96611553
286.3,65.4498,0.00020400241,0.96133803
286.4,65.4498,0.00020394577,0.96107111
286.5,65.4498,0.00020574516,0.96955052
286.6,65.4498,0.00020649493,0.97308373
286.7,65.4498,0.00020557285,0.96873854
286.8,65.4498,0.00020546036,0.96820844
286.9,65.4498,0.00020741172,0.97740402
287,65.4498,0.00020638028,0.97254348
287.1,65.4498,0.00020464146,0.96434947
287.2,65.4498,0.00020537647,0.96781311
287.3,65.4498,0.0002065318,0.9732575
287.4,65.4498,0.00020629197,0.97212732
287.5,65.4498,0.00020650102,0.97311244
287.6,65.4498,0.00020726524,0.97671373
287.7,65.4498,0.00020697027,0.97532372
287.8,65.4498,0.00020635073,0.97240419
287.9,65.4498,0.00020608175,0.97113668
288,32.7249,2.6432387e-06,0.00622798
288.1,0,-5.0940238e-05,0
288.2,0,-2.4055702e-05,0
288.3,0,-1.7034079e-05,0
288.4,0,-1.217316e-05,0
288.5,0,-8.8639492e-06,0
288.6,0,-6.6739409e-06,0
288.7,0,-5.1145397e-06,0
288.8,0,-3.9409072e-06,0
288.9,0,-3.0367163e-06,0
289,0,-2.3366011e-06,0
289.1,0,-1.7953603e-06,0
289.2,0,-1.3781636e-06,0
289.3,0,-1.0572989e-06,0
289.4,0,-8.1085399e-07,0
289.5,0,-6.2173304e-07,0
289.6,0,-4.7668165e-07,0
289.7,0,-3.6545711e-07,0
289.8,0,-2.8017643e-07,0
289.9,0,-2.1480442e-07,0
290,32.7249,0.00018218438,0.42926152
290.1,65.4498,0.00014161073,0.66732434
290.2,65.4498,0.00016513102,0.77816102
290.3,65.4498,0.00021929051,1.0333814
290.4,65.4498,0.0002028755,0.95602759
290.5,65.4498,0.00020160007,0.95001725
290.6,65.4498,0.00020674009,0.974239
290.7,65.4498,0.00020492448,0.96568316
290.8,65.4498,0.0002060353,0.97091776
290.9,65.4498,0.00020437143,0.96307697
291,65.4498,0.00020325805,0.95783033
291.1,65.4498,0.00020242937,0.95392524
291.2,65.4498,0.00020340889,0.95854113
291.3,65.4498,0.00020389242,0.96081972
291.4,65.4498,0.00020467996,0.9645309
291.5,65.4498,0.00020412697,0.96192501
291.6,65.4498,0.0002046598,0.96443591
291.7,65.4498,0.00020395374,0.96110867
291.8,65.4498,0.00020371237,0.95997122
291.9,65.4498,0.00020414809,0.96202452
292,65.4498,0.00020485878,0.96537359
292.1,65.4498,0.00020458862,0.96410045
292.2,65.4498,0.00020303773,0.95679207
292.3,65.4498,0.00020442236,0.963317
292.4,65.4498,0.0002053919,0.96788584
292.5,65.4498,0.00020366219,0.95973478
292.6,65.4498,0.0002032752,0.95791112
292.7,65.4498,0.00020397056,0.96118792
292.8,65.4498,0.00020435702,0.96300908
292.9,65.4498,0.00020412398,0.96191093
293,65.4498,0.00020285115,0.95591284
293.1,65.4498,0.00020285089,0.9559116
293.2,65.4498,0.00020477669,0.96498672
293.3,65.4498,0.00020409425,0.9617708
293.4,65.4498,0.00020398736,0.96126708
293.5,65.4498,0.0002052257,0.96710262
293.6,65.4498,0.00020492741,0.96569698
293.7,65.4498,0.00020300025,0.95661546
293.8,65.4498,0.0002012415,0.94832753
293.9,65.4498,0.00020296567,0.9564525
294,65.4498,0.0002017494,0.95072095
294.1,65.4498,0.00020216275,0.95266882
294.2,65.4498,0.00020344353,0.95870436
294.3,65.4498,0.0002015988,0.95001128
294.4,65.4498,0.00020163262,0.95017066
294.5,65.4498,0.00020357883,0.95934194
294.6,65.4498,0.00020215257,0.95262086
294.7,65.4498,0.00020225233,0.95309097
294.8,65.4498,0.00020378844,0.96032972
294.9,65.4498,0.00020226673,0.95315881
295,65.4498,0.00020246695,0.95410236
295.1,65.4498,0.0002039151,0.96092656
295.2,65.4498,0.00020237078,0.95364915
295.3,65.4498,0.00020325834,0.95783167
295.4,65.4498,0.00020395499,0.96111457
295.5,65.4498,0.00020255161,0.95450129
295.6,65.4498,0.00020400203,0.96133624
295.7,65.4498,0.00020358247,0.95935909
295.8,65.4498,0.0002029897,0.95656575
295.9,65.4498,0.0002046178,0.96423795
296,65.4498,0.00020327186,0.95789538
296.1,65.4498,0.0002037922,0.96034744
296.2,65.4498,0.00020430244,0.96275188
296.3,65.4498,0.00020321798,0.95764146
296.4,65.4498,0.0002048074,0.96513146
296.5,65.4498,0.00020378205,0.96029962
296.6,65.4498,0.0002039165,0.9609332
296.7,65.4498,0.00020466826,0.96447576
296.8,65.4498,0.00020361579,0.95951614
296.9,65.4498,0.00020495491,0.96582656
297,65.4498,0.00020401339,0.96138975
297.1,65.4498,0.0002041241,0.96191146
297.2,65.4498,0.00020470131,0.9646315
297.3,65.4498,0.00020391748,0.96093782
297.4,65.4498,0.00020509023,0.96646424
297.5,65.4498,0.00020409384,0.96176887
297.6,65.4498,0.00020456917,0.9640088
297.7,65.4498,0.00020467664,0.96451524
297.8,65.4498,0.00020431078,0.96279116
297.9,65.4498,0.00020507628,0.96639849
298,32.7249,3.6410839e-06,0.0085790958
298.1,0,-4.7901735e-05,0
298.2,0,-2.3003514e-05,0
298.3,0,-1.6577636e-05,0
298.4,0,-1.1725357e-05,0
298.5,0,-8.5838958e-06,0
298.6,0,-6.5082123e-06,0
298.7,0,-5.0062771e-06,0
298.8,0,-3.8611719e-06,0
298.9,0,-2.9748924e-06,0
299,0,-2.2881952e-06,0
299.1,0,-1.7576673e-06,0
299.2,0,-1.3490084e-06,0
299.3,0,-1.0348077e-06,0
299.4,0,-7.9357219e-07,0
299.5,0,-6.0846434e-07,0
299.6,0,-4.6650067e-07,0
299.7,0,-3.576444e-07,0
299.8,0,-2.7419724e-07,0
299.9,0,-2.1021334e-07,0
300,0,-1.6116394e-07,0
