time_s,omega_meas_rad_s,Mz_wedge_Nm,P_visc_full_W
0.1,13.09,2.261879e-05,0.021317758
0.2,13.09,1.6741304e-05,0.015778344
0.3,13.09,1.4262353e-05,0.013441983
0.4,13.09,1.2855904e-05,0.012116433
0.5,13.09,1.2009362e-05,0.011318584
0.6,13.09,1.1484868e-05,0.010824259
0.7,13.09,1.1144256e-05,0.010503239
0.8,13.09,1.0929159e-05,0.010300513
0.9,13.09,1.0885623e-05,0.010259482
1,13.09,1.0940725e-05,0.010311414
1.1,13.09,1.0995619e-05,0.010363151
1.2,13.09,1.110971e-05,0.01047068
1.3,13.09,1.1303111e-05,0.010652956
1.4,13.09,1.1506479e-05,0.010844626
1.5,13.09,1.1708677e-05,0.011035194
1.6,13.09,1.2121049e-05,0.011423846
1.7,13.09,1.2917236e-05,0.012174236
1.8,13.09,1.4023395e-05,0.013216769
1.9,13.09,1.5243821e-05,0.014366997
2,13.09,1.6343704e-05,0.015403614
2.1,13.09,1.6966294e-05,0.015990393
2.2,13.09,1.6982939e-05,0.01600608
2.3,13.09,1.685967e-05,0.015889901
2.4,13.09,1.6856323e-05,0.015886747
2.5,13.09,1.6897342e-05,0.015925407
2.6,13.09,1.6924468e-05,0.015950972
2.7,13.09,1.6920634e-05,0.01594736
2.8,13.09,1.6917965e-05,0.015944843
2.9,13.09,1.6919072e-05,0.015945887
3,13.09,1.6910555e-05,0.01593786
3.1,13.09,1.6904325e-05,0.015931988
3.2,13.09,1.6900112e-05,0.015928017
3.3,13.09,1.6884064e-05,0.015912892
3.4,13.09,1.6866062e-05,0.015895926
3.5,13.09,1.6850928e-05,0.015881663
3.6,13.09,1.6825419e-05,0.015857621
3.7,13.09,1.681552e-05,0.015848292
3.8,13.09,1.6835457e-05,0.015867082
3.9,13.09,1.6886969e-05,0.01591563
4,13.09,1.6916111e-05,0.015943096
4.1,13.09,1.6922585e-05,0.015949198
4.2,13.09,1.6929511e-05,0.015955726
4.3,13.09,1.6938685e-05,0.015964372
4.4,13.09,1.6942025e-05,0.015967519
4.5,13.09,1.6946271e-05,0.015971521
4.6,13.09,1.6954862e-05,0.015979619
4.7,13.09,1.6952827e-05,0.0159777
4.8,13.09,1.6958538e-05,0.015983082
4.9,13.09,1.6961349e-05,0.015985732
5,13.09,1.6962578e-05,0.01598689
5.1,13.09,1.6966475e-05,0.015990563
5.2,13.09,1.6962796e-05,0.015987096
5.3,13.09,1.6963196e-05,0.015987472
5.4,13.09,1.6969404e-05,0.015993323
5.5,13.09,1.6966211e-05,0.015990314
5.6,13.09,1.6965513e-05,0.015989657
5.7,13.09,1.6968037e-05,0.015992035
5.8,13.09,1.6962496e-05,0.015986813
5.9,13.09,1.6962293e-05,0.015986622
6,13.09,1.6966051e-05,0.015990164
6.1,13.09,1.6960766e-05,0.015985183
6.2,13.09,1.6958144e-05,0.015982712
6.3,13.09,1.6960752e-05,0.015985169
6.4,13.09,1.6956098e-05,0.015980783
6.5,13.09,1.6954875e-05,0.015979631
6.6,13.09,1.6955484e-05,0.015980205
6.7,13.09,1.6948601e-05,0.015973717
6.8,13.09,1.6946434e-05,0.015971675
6.9,13.09,1.6948086e-05,0.015973232
7,13.09,1.6940524e-05,0.015966105
7.1,13.09,1.6940628e-05,0.015966204
7.2,13.09,1.6938059e-05,0.015963782
7.3,13.09,1.6933789e-05,0.015959758
7.4,13.09,1.693146e-05,0.015957563
7.5,13.09,1.6924661e-05,0.015951154
7.6,13.09,1.6925737e-05,0.015952168
7.7,13.09,1.6917784e-05,0.015944673
7.8,13.09,1.6914652e-05,0.015941721
7.9,13.09,1.6912331e-05,0.015939533
8,6.545,-1.9679757e-05,0.0092738885
8.1,0,-8.5831573e-06,0
8.2,0,-5.1056389e-06,0
8.3,0,-3.7828382e-06,0
8.4,0,-2.9187111e-06,0
8.5,0,-2.2695014e-06,0
8.6,0,-1.7594791e-06,0
8.7,0,-1.3580431e-06,0
8.8,0,-1.0448478e-06,0
8.9,0,-8.0238544e-07,0
9,0,-6.156021e-07,0
9.1,0,-4.7206593e-07,0
9.2,0,-3.6192915e-07,0
9.3,0,-2.7745549e-07,0
9.4,0,-2.1268647e-07,0
9.5,0,-1.6303851e-07,0
9.6,0,-1.2498084e-07,0
9.7,0,-9.5810102e-08,0
9.8,0,-7.344933e-08,0
9.9,0,-5.6310106e-08,0
10,6.545,3.6404176e-05,0.017155104
10.1,13.09,2.2651221e-05,0.021348323
10.2,13.09,1.6729865e-05,0.015767563
10.3,13.09,1.4241295e-05,0.013422136
10.4,13.09,1.2848023e-05,0.012109004
10.5,13.09,1.1994654e-05,0.011304722
10.6,13.09,1.1484753e-05,0.01082415
10.7,13.09,1.114076e-05,0.010499943
10.8,13.09,1.0938871e-05,0.010309667
10.9,13.09,1.0892505e-05,0.010265968
11,13.09,1.0951351e-05,0.010321429
11.1,13.09,1.1017279e-05,0.010383565
11.2,13.09,1.1129195e-05,0.010489044
11.3,13.09,1.1365816e-05,0.010712054
11.4,13.09,1.1643582e-05,0.010973843
11.5,13.09,1.1968045e-05,0.011279643
11.6,13.09,1.2544989e-05,0.011823402
11.7,13.09,1.3473963e-05,0.012698941
11.8,13.09,1.4459981e-05,0.013628243
11.9,13.09,1.5449697e-05,0.014561031
12,13.09,1.646515e-05,0.015518075
12.1,13.09,1.6980934e-05,0.01600419
12.2,13.09,1.6958693e-05,0.015983229
12.3,13.09,1.6855512e-05,0.015885983
12.4,13.09,1.6861458e-05,0.015891587
12.5,13.09,1.6897509e-05,0.015925564
12.6,13.09,1.6911758e-05,0.015938993
12.7,13.09,1.6910497e-05,0.015937805
12.8,13.09,1.6904962e-05,0.015932589
12.9,13.09,1.6905346e-05,0.01593295
13,13.09,1.6895374e-05,0.015923552
13.1,13.09,1.6889601e-05,0.015918111
13.2,13.09,1.6884892e-05,0.015913673
13.3,13.09,1.6868996e-05,0.015898692
13.4,13.09,1.6858685e-05,0.015888974
13.5,13.09,1.6840512e-05,0.015871846
13.6,13.09,1.6819373e-05,0.015851923
13.7,13.09,1.6803345e-05,0.015836817
13.8,13.09,1.6782301e-05,0.015816983
13.9,13.09,1.6791603e-05,0.01582575
14,13.09,1.6845116e-05,0.015876185
14.1,13.09,1.6872442e-05,0.015901939
14.2,13.09,1.6887249e-05,0.015915895
14.3,13.09,1.6899591e-05,0.015927526
14.4,13.09,1.6899431e-05,0.015927376
14.5,13.09,1.6910394e-05,0.015937708
14.6,13.09,1.6912689e-05,0.015939871
14.7,13.09,1.6917038e-05,0.01594397
14.8,13.09,1.6926467e-05,0.015952857
14.9,13.09,1.6926143e-05,0.015952551
15,13.09,1.692878e-05,0.015955037
15.1,13.09,1.6934253e-05,0.015960194
15.2,13.09,1.6932855e-05,0.015958877
15.3,13.09,1.6937162e-05,0.015962937
15.4,13.09,1.6936283e-05,0.015962108
15.5,13.09,1.6934541e-05,0.015960466
15.6,13.09,1.6938928e-05,0.015964601
15.7,13.09,1.6939498e-05,0.015965138
15.8,13.09,1.6938829e-05,0.015964508
15.9,13.09,1.6941331e-05,0.015966865
16,13.09,1.6936345e-05,0.015962166
16.1,13.09,1.6936205e-05,0.015962035
16.2,13.09,1.6940448e-05,0.015966033
16.3,13.09,1.6934842e-05,0.01596075
16.4,13.09,1.6936794e-05,0.015962589
16.5,13.09,1.693343e-05,0.015959419
16.6,13.09,1.6929064e-05,0.015955304
16.7,13.09,1.6931039e-05,0.015957166
16.8,13.09,1.6929308e-05,0.015955535
16.9,13.09,1.692605e-05,0.015952464
17,13.09,1.6926892e-05,0.015953257
17.1,13.09,1.6918565e-05,0.015945409
17.2,13.09,1.6916684e-05,0.015943636
17.3,13.09,1.6917695e-05,0.015944589
17.4,13.09,1.6909682e-05,0.015937037
17.5,13.09,1.6909583e-05,0.015936944
17.6,13.09,1.6905348e-05,0.015932952
17.7,13.09,1.6900125e-05,0.01592803
17.8,13.09,1.6901166e-05,0.015929011
17.9,13.09,1.6893065e-05,0.015921375
18,6.545,-1.9691474e-05,0.00927941
18.1,0,-8.5904208e-06,0
18.2,0,-5.1054772e-06,0
18.3,0,-3.7817618e-06,0
18.4,0,-2.918143e-06,0
18.5,0,-2.2693351e-06,0
18.6,0,-1.7595685e-06,0
18.7,0,-1.358187e-06,0
18.8,0,-1.0450282e-06,0
18.9,0,-8.0255945e-07,0
19,0,-6.1573426e-07,0
19.1,0,-4.7217744e-07,0
19.2,0,-3.6200309e-07,0
19.3,0,-2.7751735e-07,0
19.4,0,-2.1273721e-07,0
19.5,0,-1.6307498e-07,0
19.6,0,-1.250091e-07,0
19.7,0,-9.5831471e-08,0
19.8,0,-7.3468035e-08,0
19.9,0,-5.632288e-08,0
20,6.545,3.6393916e-05,0.017150269
20.1,13.09,2.2660093e-05,0.021356685
20.2,13.09,1.672568e-05,0.015763619
20.3,13.09,1.4241964e-05,0.013422766
20.4,13.09,1.284524e-05,0.012106382
20.5,13.09,1.1995799e-05,0.0113058
20.6,13.09,1.1483661e-05,0.010823121
20.7,13.09,1.1141234e-05,0.01050039
20.8,13.09,1.0937565e-05,0.010308436
20.9,13.09,1.0892922e-05,0.010266361
21,13.09,1.0955734e-05,0.01032556
21.1,13.09,1.1010279e-05,0.010376968
21.2,13.09,1.1137461e-05,0.010496834
21.3,13.09,1.1369092e-05,0.010715142
21.4,13.09,1.1642692e-05,0.010973004
21.5,13.09,1.1973839e-05,0.011285103
21.6,13.09,1.2545246e-05,0.011823643
21.7,13.09,1.348471e-05,0.012709069
21.8,13.09,1.4450863e-05,0.013619649
21.9,13.09,1.5425668e-05,0.014538384
22,13.09,1.6437288e-05,0.015491816
22.1,13.09,1.6967924e-05,0.015991929
22.2,13.09,1.6960733e-05,0.015985152
22.3,13.09,1.6861649e-05,0.015891767
22.4,13.09,1.6866429e-05,0.015896272
22.5,13.09,1.6898689e-05,0.015926676
22.6,13.09,1.6915174e-05,0.015942214
22.7,13.09,1.6914534e-05,0.01594161
22.8,13.09,1.6908985e-05,0.01593638
22.9,13.09,1.6909381e-05,0.015936753
23,13.09,1.6900769e-05,0.015928637
23.1,13.09,1.6895635e-05,0.015923798
23.2,13.09,1.6890015e-05,0.015918501
23.3,13.09,1.6875269e-05,0.015904603
23.4,13.09,1.6866146e-05,0.015896005
23.5,13.09,1.6843705e-05,0.015874855
23.6,13.09,1.6825444e-05,0.015857645
23.7,13.09,1.6805356e-05,0.015838712
23.8,13.09,1.6787863e-05,0.015822225
23.9,13.09,1.6804467e-05,0.015837874
24,13.09,1.6852149e-05,0.015882813
24.1,13.09,1.6887389e-05,0.015916027
24.2,13.09,1.6896222e-05,0.015924351
24.3,13.09,1.6903683e-05,0.015931383
24.4,13.09,1.6910357e-05,0.015937673
24.5,13.09,1.6913328e-05,0.015940473
24.6,13.09,1.692283e-05,0.015949429
24.7,13.09,1.6925616e-05,0.015952055
24.8,13.09,1.6926784e-05,0.015953156
24.9,13.09,1.693375e-05,0.015959721
25,13.09,1.6936695e-05,0.015962496
25.1,13.09,1.6938143e-05,0.015963861
25.2,13.09,1.6940803e-05,0.015966368
25.3,13.09,1.6938779e-05,0.01596446
25.4,13.09,1.6943399e-05,0.015968815
25.5,13.09,1.6942814e-05,0.015968263
25.6,13.09,1.6940737e-05,0.015966306
25.7,13.09,1.6943182e-05,0.01596861
25.8,13.09,1.6945263e-05,0.015970572
25.9,13.09,1.6942012e-05,0.015967507
26,13.09,1.694571e-05,0.015970992
26.1,13.09,1.694147e-05,0.015966997
26.2,13.09,1.6941239e-05,0.015966779
26.3,13.09,1.6942858e-05,0.015968305
26.4,13.09,1.6936801e-05,0.015962596
26.5,13.09,1.6935738e-05,0.015961595
26.6,13.09,1.6938651e-05,0.01596434
26.7,13.09,1.6932509e-05,0.015958551
26.8,13.09,1.6933126e-05,0.015959133
26.9,13.09,1.6929093e-05,0.015955331
27,13.09,1.6923606e-05,0.01595016
27.1,13.09,1.6924226e-05,0.015950745
27.2,13.09,1.692213e-05,0.015948769
27.3,13.09,1.6917115e-05,0.015944043
27.4,13.09,1.6917153e-05,0.015944078
27.5,13.09,1.6909735e-05,0.015937087
27.6,13.09,1.6910646e-05,0.015937946
27.7,13.09,1.6902453e-05,0.015930224
27.8,13.09,1.6899948e-05,0.015927863
27.9,13.09,1.6897275e-05,0.015925344
28,6.545,-1.9690262e-05,0.009278839
28.1,0,-8.5897524e-06,0
28.2,0,-5.1056281e-06,0
28.3,0,-3.781842e-06,0
28.4,0,-2.918136e-06,0
28.5,0,-2.2693148e-06,0
28.6,0,-1.7595607e-06,0
28.7,0,-1.3581664e-06,0
28.8,0,-1.0450008e-06,0
28.9,0,-8.0254421e-07,0
29,0,-6.1574463e-07,0
29.1,0,-4.721915e-07,0
29.2,0,-3.6201218e-07,0
29.3,0,-2.7750847e-07,0
29.4,0,-2.1272673e-07,0
29.5,0,-1.6306893e-07,0
29.6,0,-1.2500717e-07,0
29.7,0,-9.5829558e-08,0
29.8,0,-7.3464862e-08,0
29.9,0,-5.6320418e-08,0
30,6.545,3.6403395e-05,0.017154736
30.1,13.09,2.2654097e-05,0.021351033
30.2,13.09,1.6728486e-05,0.015766264
30.3,13.09,1.4244013e-05,0.013424697
30.4,13.09,1.2843627e-05,0.012104862
30.5,13.09,1.1993445e-05,0.011303582
30.6,13.09,1.1486817e-05,0.010826095
30.7,13.09,1.1141426e-05,0.010500571
30.8,13.09,1.0938899e-05,0.010309693
30.9,13.09,1.08945e-05,0.010267848
31,13.09,1.0951446e-05,0.010321519
31.1,13.09,1.1016395e-05,0.010382732
31.2,13.09,1.1128344e-05,0.010488242
31.3,13.09,1.1369266e-05,0.010715306
31.4,13.09,1.1641655e-05,0.010972027
31.5,13.09,1.1976942e-05,0.011288028
31.6,13.09,1.2547087e-05,0.011825378
31.7,13.09,1.3474431e-05,0.012699382
31.8,13.09,1.4473965e-05,0.013641422
31.9,13.09,1.5469651e-05,0.014579837
32,13.09,1.6481951e-05,0.015533909
32.1,13.09,1.6975837e-05,0.015999387
32.2,13.09,1.6965618e-05,0.015989755
32.3,13.09,1.6881322e-05,0.015910308
32.4,13.09,1.6891186e-05,0.015919605
32.5,13.09,1.6919524e-05,0.015946313
32.6,13.09,1.6930939e-05,0.015957072
32.7,13.09,1.6935343e-05,0.015961222
32.8,13.09,1.6927816e-05,0.015954128
32.9,13.09,1.6925013e-05,0.015951486
33,13.09,1.6927128e-05,0.01595348
33.1,13.09,1.6915747e-05,0.015942753
33.2,13.09,1.6907305e-05,0.015934797
33.3,13.09,1.6900079e-05,0.015927986
33.4,13.09,1.6884077e-05,0.015912905
33.5,13.09,1.6873139e-05,0.015902596
33.6,13.09,1.6849966e-05,0.015880756
33.7,13.09,1.6826461e-05,0.015858602
33.8,13.09,1.681419e-05,0.015847038
33.9,13.09,1.6814515e-05,0.015847344
34,13.09,1.6858824e-05,0.015889105
34.1,13.09,1.6897865e-05,0.0159259
34.2,13.09,1.6914829e-05,0.015941888
34.3,13.09,1.6919338e-05,0.015946138
34.4,13.09,1.6923022e-05,0.01594961
34.5,13.09,1.69337e-05,0.015959673
34.6,13.09,1.6936093e-05,0.015961929
34.7,13.09,1.6938866e-05,0.015964543
34.8,13.09,1.6944755e-05,0.015970092
34.9,13.09,1.695091e-05,0.015975894
35,13.09,1.6948825e-05,0.015973929
35.1,13.09,1.6950874e-05,0.01597586
35.2,13.09,1.6957735e-05,0.015982326
35.3,13.09,1.69545e-05,0.015979277
35.4,13.09,1.6952821e-05,0.015977694
35.5,13.09,1.6955254e-05,0.015979988
35.6,13.09,1.6959116e-05,0.015983628
35.7,13.09,1.6955401e-05,0.015980127
35.8,13.09,1.6959821e-05,0.015984292
35.9,13.09,1.6954399e-05,0.015979182
36,13.09,1.6951558e-05,0.015976504
36.1,13.09,1.695252e-05,0.015977411
36.2,13.09,1.6954913e-05,0.015979667
36.3,13.09,1.6949863e-05,0.015974907
36.4,13.09,1.6951607e-05,0.015976551
36.5,13.09,1.6946342e-05,0.015971588
36.6,13.09,1.6942754e-05,0.015968207
36.7,13.09,1.6944721e-05,0.015970061
36.8,13.09,1.693956e-05,0.015965196
36.9,13.09,1.6937572e-05,0.015963323
37,13.09,1.6936526e-05,0.015962337
37.1,13.09,1.6929918e-05,0.015956109
37.2,13.09,1.6927598e-05,0.015953923
37.3,13.09,1.6927838e-05,0.015954149
37.4,13.09,1.6920595e-05,0.015947322
37.5,13.09,1.6921636e-05,0.015948303
37.6,13.09,1.6913194e-05,0.015940347
37.7,13.09,1.6908723e-05,0.015936133
37.8,13.09,1.6910705e-05,0.015938001
37.9,13.09,1.6902863e-05,0.015930611
38,6.545,-1.9685209e-05,0.0092764577
38.1,0,-8.5877731e-06,0
38.2,0,-5.1057427e-06,0
38.3,0,-3.7821087e-06,0
38.4,0,-2.9181518e-06,0
38.5,0,-2.2692104e-06,0
38.6,0,-1.7593957e-06,0
38.7,0,-1.3580144e-06,0
38.8,0,-1.0448828e-06,0
38.9,0,-8.0244383e-07,0
39,0,-6.1563945e-07,0
39.1,0,-4.7209926e-07,0
39.2,0,-3.6195249e-07,0
39.3,0,-2.7747947e-07,0
39.4,0,-2.1270733e-07,0
39.5,0,-1.6305161e-07,0
39.6,0,-1.2499107e-07,0
39.7,0,-9.5817785e-08,0
39.8,0,-7.3457551e-08,0
39.9,0,-5.6314776e-08,0
40,6.545,3.639866e-05,0.017152505
40.1,13.09,2.2658627e-05,0.021355303
40.2,13.09,1.6724263e-05,0.015762283
40.3,13.09,1.4247592e-05,0.013428071
40.4,13.09,1.2841055e-05,0.012102437
40.5,13.09,1.200117e-05,0.011310862
40.6,13.09,1.1478836e-05,0.010818573
40.7,13.09,1.1147159e-05,0.010505975
40.8,13.09,1.0934517e-05,0.010305563
40.9,13.09,1.0893249e-05,0.01026667
41,13.09,1.0954668e-05,0.010324555
41.1,13.09,1.1012939e-05,0.010379475
41.2,13.09,1.1132111e-05,0.010491792
41.3,13.09,1.1366513e-05,0.010712711
41.4,13.09,1.164705e-05,0.010977111
41.5,13.09,1.197717e-05,0.011288244
41.6,13.09,1.2552851e-05,0.011830811
41.7,13.09,1.3479216e-05,0.012703891
41.8,13.09,1.4458321e-05,0.013626678
41.9,13.09,1.5432518e-05,0.014544839
42,13.09,1.6451817e-05,0.015505509
42.1,13.09,1.6970062e-05,0.015993944
42.2,13.09,1.6962547e-05,0.015986861
42.3,13.09,1.6871748e-05,0.015901285
42.4,13.09,1.6879316e-05,0.015908418
42.5,13.09,1.6908509e-05,0.015935932
42.6,13.09,1.6923154e-05,0.015949735
42.7,13.09,1.6925535e-05,0.015951978
42.8,13.09,1.691896e-05,0.015945782
42.9,13.09,1.6920047e-05,0.015946806
43,13.09,1.6912874e-05,0.015940046
43.1,13.09,1.690725e-05,0.015934745
43.2,13.09,1.6899693e-05,0.015927623
43.3,13.09,1.6886302e-05,0.015915002
43.4,13.09,1.6877214e-05,0.015906437
43.5,13.09,1.6855045e-05,0.015885543
43.6,13.09,1.6838577e-05,0.015870022
43.7,13.09,1.6818313e-05,0.015850923
43.8,13.09,1.6800625e-05,0.015834253
43.9,13.09,1.6813805e-05,0.015846675
44,13.09,1.6858214e-05,0.015888529
44.1,13.09,1.689141e-05,0.015919817
44.2,13.09,1.6907558e-05,0.015935036
44.3,13.09,1.6912759e-05,0.015939937
44.4,13.09,1.6921448e-05,0.015948126
44.5,13.09,1.6922457e-05,0.015949077
44.6,13.09,1.6927419e-05,0.015953754
44.7,13.09,1.6934577e-05,0.0159605
44.8,13.09,1.6941442e-05,0.01596697
44.9,13.09,1.6941193e-05,0.015966736
45,13.09,1.6947105e-05,0.015972308
45.1,13.09,1.6945022e-05,0.015970344
45.2,13.09,1.6950411e-05,0.015975424
45.3,13.09,1.6949049e-05,0.01597414
45.4,13.09,1.6950272e-05,0.015975293
45.5,13.09,1.6952483e-05,0.015977377
45.6,13.09,1.6949453e-05,0.01597452
45.7,13.09,1.6953754e-05,0.015978574
45.8,13.09,1.6950712e-05,0.015975707
45.9,13.09,1.6949396e-05,0.015974467
46,13.09,1.6952291e-05,0.015977195
46.1,13.09,1.6948081e-05,0.015973228
46.2,13.09,1.6952256e-05,0.015977162
46.3,13.09,1.6947096e-05,0.015972299
46.4,13.09,1.6943681e-05,0.015969081
46.5,13.09,1.6946128e-05,0.015971387
46.6,13.09,1.6938696e-05,0.015964382
46.7,13.09,1.6939679e-05,0.015965309
46.8,13.09,1.693779e-05,0.015963529
46.9,13.09,1.6934104e-05,0.015960054
47,13.09,1.6934464e-05,0.015960394
47.1,13.09,1.692793e-05,0.015954236
47.2,13.09,1.6927404e-05,0.01595374
47.3,13.09,1.6921928e-05,0.015948578
47.4,13.09,1.6916354e-05,0.015943325
47.5,13.09,1.6916128e-05,0.015943112
47.6,13.09,1.6912833e-05,0.015940007
47.7,13.09,1.6908516e-05,0.015935938
47.8,13.09,1.6904964e-05,0.015932591
47.9,13.09,1.689873e-05,0.015926715
48,6.545,-1.9690493e-05,0.0092789478
48.1,0,-8.5875479e-06,0
48.2,0,-5.1054106e-06,0
48.3,0,-3.7818964e-06,0
48.4,0,-2.9181805e-06,0
48.5,0,-2.2693216e-06,0
48.6,0,-1.7594683e-06,0
48.7,0,-1.358086e-06,0
48.8,0,-1.0449052e-06,0
48.9,0,-8.0247779e-07,0
49,0,-6.1567917e-07,0
49.1,0,-4.7212791e-07,0
49.2,0,-3.619698e-07,0
49.3,0,-2.7748542e-07,0
49.4,0,-2.1272005e-07,0
49.5,0,-1.6306405e-07,0
49.6,0,-1.2499953e-07,0
49.7,0,-9.5825312e-08,0
49.8,0,-7.346026e-08,0
49.9,0,-5.6315675e-08,0
50,6.545,3.6400649e-05,0.017153442
50.1,13.09,2.2650821e-05,0.021347946
50.2,13.09,1.6729622e-05,0.015767334
50.3,13.09,1.4241152e-05,0.013422001
50.4,13.09,1.284822e-05,0.012109191
50.5,13.09,1.1995144e-05,0.011305184
50.6,13.09,1.1484784e-05,0.010824179
50.7,13.09,1.1141277e-05,0.010500431
50.8,13.09,1.0939065e-05,0.01030985
50.9,13.09,1.0893503e-05,0.010266909
51,13.09,1.0951917e-05,0.010321962
51.1,13.09,1.1017143e-05,0.010383437
51.2,13.09,1.1127509e-05,0.010487455
51.3,13.09,1.1365234e-05,0.010711506
51.4,13.09,1.1649074e-05,0.01097902
51.5,13.09,1.1980396e-05,0.011291284
51.6,13.09,1.2559919e-05,0.011837472
51.7,13.09,1.3489077e-05,0.012713185
51.8,13.09,1.446852e-05,0.013636291
51.9,13.09,1.5462248e-05,0.014572859
52,13.09,1.6475233e-05,0.015527578
52.1,13.09,1.6976629e-05,0.016000133
52.2,13.09,1.6966595e-05,0.015990677
52.3,13.09,1.6885046e-05,0.015913818
52.4,13.09,1.6890805e-05,0.015919246
52.5,13.09,1.6920034e-05,0.015946794
52.6,13.09,1.693788e-05,0.015963613
52.7,13.09,1.6932928e-05,0.015958946
52.8,13.09,1.6931329e-05,0.015957439
52.9,13.09,1.6930508e-05,0.015956665
53,13.09,1.6922856e-05,0.015949453
53.1,13.09,1.691859e-05,0.015945432
53.2,13.09,1.6913582e-05,0.015940713
53.3,13.09,1.6899839e-05,0.01592776
53.4,13.09,1.6890798e-05,0.015919239
53.5,13.09,1.6869862e-05,0.015899508
53.6,13.09,1.6849338e-05,0.015880164
53.7,13.09,1.6833917e-05,0.01586563
53.8,13.09,1.6811832e-05,0.015844815
53.9,13.09,1.6816348e-05,0.015849072
54,13.09,1.6868894e-05,0.015898595
54.1,13.09,1.6901531e-05,0.015929354
54.2,13.09,1.6913913e-05,0.015941025
54.3,13.09,1.6925972e-05,0.015952391
54.4,13.09,1.6924671e-05,0.015951164
54.5,13.09,1.6930984e-05,0.015957114
54.6,13.09,1.6941114e-05,0.015966661
54.7,13.09,1.6942589e-05,0.015968051
54.8,13.09,1.6950739e-05,0.015975733
54.9,13.09,1.6948646e-05,0.01597376
55,13.09,1.6949803e-05,0.01597485
55.1,13.09,1.6955215e-05,0.015979951
55.2,13.09,1.6955694e-05,0.015980402
55.3,13.09,1.6955493e-05,0.015980213
55.4,13.09,1.6960775e-05,0.015985191
55.5,13.09,1.6957117e-05,0.015981743
55.6,13.09,1.6955696e-05,0.015980405
55.7,13.09,1.6959874e-05,0.015984342
55.8,13.09,1.6957069e-05,0.015981698
55.9,13.09,1.6955552e-05,0.015980269
56,13.09,1.6958842e-05,0.01598337
56.1,13.09,1.6951895e-05,0.015976822
56.2,13.09,1.6953408e-05,0.015978248
56.3,13.09,1.695301e-05,0.015977873
56.4,13.09,1.6949228e-05,0.015974309
56.5,13.09,1.6950371e-05,0.015975385
56.6,13.09,1.6944631e-05,0.015969976
56.7,13.09,1.6946901e-05,0.015972115
56.8,13.09,1.6939699e-05,0.015965327
56.9,13.09,1.6937521e-05,0.015963275
57,13.09,1.6939174e-05,0.015964833
57.1,13.09,1.6930223e-05,0.015956396
57.2,13.09,1.6928892e-05,0.015955142
57.3,13.09,1.6928801e-05,0.015955057
57.4,13.09,1.6922103e-05,0.015948743
57.5,13.09,1.6921282e-05,0.01594797
57.6,13.09,1.6914377e-05,0.015941462
57.7,13.09,1.6911262e-05,0.015938526
57.8,13.09,1.6908185e-05,0.015935626
57.9,13.09,1.6901644e-05,0.015929461
58,6.545,-1.9687415e-05,0.0092774976
58.1,0,-8.5868317e-06,0
58.2,0,-5.1056586e-06,0
58.3,0,-3.7820945e-06,0
58.4,0,-2.9182305e-06,0
58.5,0,-2.2693062e-06,0
58.6,0,-1.7594262e-06,0
58.7,0,-1.3580333e-06,0
58.8,0,-1.0448619e-06,0
58.9,0,-8.024412e-07,0
59,0,-6.1565027e-07,0
59.1,0,-4.7210956e-07,0
59.2,0,-3.6195034e-07,0
59.3,0,-2.7746896e-07,0
59.4,0,-2.1270447e-07,0
59.5,0,-1.6305305e-07,0
59.6,0,-1.2499083e-07,0
59.7,0,-9.5816514e-08,0
59.8,0,-7.3454333e-08,0
59.9,0,-5.6314331e-08,0
60,6.545,3.640357e-05,0.017154818
60.1,13.09,2.2650679e-05,0.021347812
60.2,13.09,1.6729514e-05,0.015767232
60.3,13.09,1.4241989e-05,0.013422789
60.4,13.09,1.28477e-05,0.0121087
60.5,13.09,1.1994741e-05,0.011304803
60.6,13.09,1.1485218e-05,0.010824589
60.7,13.09,1.1140701e-05,0.010499888
60.8,13.09,1.0939548e-05,0.010310305
60.9,13.09,1.0892783e-05,0.01026623
61,13.09,1.0955667e-05,0.010325497
61.1,13.09,1.101267e-05,0.010379221
61.2,13.09,1.1129248e-05,0.010489093
61.3,13.09,1.1371002e-05,0.010716942
61.4,13.09,1.1637669e-05,0.01096827
61.5,13.09,1.1971215e-05,0.011282631
61.6,13.09,1.2531455e-05,0.011810646
61.7,13.09,1.3460894e-05,0.012686623
61.8,13.09,1.4445242e-05,0.013614352
61.9,13.09,1.5427071e-05,0.014539706
62,13.09,1.6448784e-05,0.01550265
62.1,13.09,1.6967032e-05,0.015991088
62.2,13.09,1.6950255e-05,0.015975276
62.3,13.09,1.6859653e-05,0.015889886
62.4,13.09,1.6858557e-05,0.015888852
62.5,13.09,1.6896924e-05,0.015925013
62.6,13.09,1.6907318e-05,0.015934809
62.7,13.09,1.6909965e-05,0.015937304
62.8,13.09,1.6901359e-05,0.015929193
62.9,13.09,1.6899216e-05,0.015927173
63,13.09,1.6896599e-05,0.015924707
63.1,13.09,1.6886497e-05,0.015915186
63.2,13.09,1.6882307e-05,0.015911237
63.3,13.09,1.6866879e-05,0.015896696
63.4,13.09,1.6852788e-05,0.015883416
63.5,13.09,1.6839245e-05,0.015870652
63.6,13.09,1.6815703e-05,0.015848464
63.7,13.09,1.6798368e-05,0.015832125
63.8,13.09,1.677721e-05,0.015812185
63.9,13.09,1.6788153e-05,0.015822499
64,13.09,1.683888e-05,0.015870308
64.1,13.09,1.6868023e-05,0.015897775
64.2,13.09,1.6884603e-05,0.015913401
64.3,13.09,1.6891001e-05,0.01591943
64.4,13.09,1.6893328e-05,0.015921624
64.5,13.09,1.6904542e-05,0.015932193
64.6,13.09,1.6907297e-05,0.015934789
64.7,13.09,1.6910554e-05,0.015937859
64.8,13.09,1.691673e-05,0.01594368
64.9,13.09,1.6923352e-05,0.015949921
65,13.09,1.6921843e-05,0.015948499
65.1,13.09,1.6925034e-05,0.015951506
65.2,13.09,1.6930245e-05,0.015956417
65.3,13.09,1.6929243e-05,0.015955473
65.4,13.09,1.6935325e-05,0.015961205
65.5,13.09,1.693152e-05,0.015957619
65.6,13.09,1.6930706e-05,0.015956852
65.7,13.09,1.6933254e-05,0.015959254
65.8,13.09,1.6937441e-05,0.015963199
65.9,13.09,1.6934101e-05,0.015960052
66,13.09,1.6936048e-05,0.015961887
66.1,13.09,1.6933811e-05,0.015959778
66.2,13.09,1.6930489e-05,0.015956647
66.3,13.09,1.6932051e-05,0.01595812
66.4,13.09,1.6932731e-05,0.015958761
66.5,13.09,1.6928374e-05,0.015954654
66.6,13.09,1.6931456e-05,0.015957559
66.7,13.09,1.6925638e-05,0.015952076
66.8,13.09,1.6923898e-05,0.015950435
66.9,13.09,1.6925292e-05,0.01595175
67,13.09,1.6917978e-05,0.015944856
67.1,13.09,1.6916364e-05,0.015943335
67.2,13.09,1.6919044e-05,0.015945861
67.3,13.09,1.6911479e-05,0.015938731
67.4,13.09,1.6907838e-05,0.0159353
67.5,13.09,1.6909944e-05,0.015937284
67.6,13.09,1.6901599e-05,0.015929419
67.7,13.09,1.6898883e-05,0.015926859
67.8,13.09,1.6898417e-05,0.01592642
67.9,13.09,1.6891254e-05,0.015919669
68,6.545,-1.9693652e-05,0.0092804365
68.1,0,-8.5900753e-06,0
68.2,0,-5.1053315e-06,0
68.3,0,-3.781692e-06,0
68.4,0,-2.9181165e-06,0
68.5,0,-2.2694078e-06,0
68.6,0,-1.759607e-06,0
68.7,0,-1.3582343e-06,0
68.8,0,-1.045041e-06,0
68.9,0,-8.0258488e-07,0
69,0,-6.1576678e-07,0
69.1,0,-4.721909e-07,0
69.2,0,-3.6202423e-07,0
69.3,0,-2.7752892e-07,0
69.4,0,-2.1274049e-07,0
69.5,0,-1.6307781e-07,0
69.6,0,-1.2501265e-07,0
69.7,0,-9.5837453e-08,0
69.8,0,-7.3469878e-08,0
69.9,0,-5.6323457e-08,0
70,6.545,3.6398684e-05,0.017152516
70.1,13.09,2.2651116e-05,0.021348224
70.2,13.09,1.6728907e-05,0.01576666
70.3,13.09,1.4242007e-05,0.013422807
70.4,13.09,1.2847489e-05,0.012108502
70.5,13.09,1.199505e-05,0.011305094
70.6,13.09,1.1485668e-05,0.010825013
70.7,13.09,1.1141203e-05,0.010500361
70.8,13.09,1.0938673e-05,0.010309481
70.9,13.09,1.0893639e-05,0.010267037
71,13.09,1.0950753e-05,0.010320866
71.1,13.09,1.1018879e-05,0.010385073
71.2,13.09,1.1129329e-05,0.01048917
71.3,13.09,1.1362699e-05,0.010709116
71.4,13.09,1.1646351e-05,0.010976453
71.5,13.09,1.1977726e-05,0.011288767
71.6,13.09,1.25438e-05,0.01182228
71.7,13.09,1.347703e-05,0.012701831
71.8,13.09,1.4458761e-05,0.013627093
71.9,13.09,1.5446759e-05,0.014558261
72,13.09,1.6472793e-05,0.015525278
72.1,13.09,1.6976701e-05,0.016000201
72.2,13.09,1.696747e-05,0.015991501
72.3,13.09,1.6875244e-05,0.01590458
72.4,13.09,1.6878729e-05,0.015907864
72.5,13.09,1.6918199e-05,0.015945064
72.6,13.09,1.6927843e-05,0.015954154
72.7,13.09,1.6928803e-05,0.015955058
72.8,13.09,1.6923417e-05,0.015949982
72.9,13.09,1.6918896e-05,0.015945721
73,13.09,1.6917787e-05,0.015944675
73.1,13.09,1.6914439e-05,0.015941521
73.2,13.09,1.6902629e-05,0.01593039
73.3,13.09,1.6896167e-05,0.015924299
73.4,13.09,1.6878203e-05,0.015907369
73.5,13.09,1.6861108e-05,0.015891257
73.6,13.09,1.684772e-05,0.01587864
73.7,13.09,1.6823615e-05,0.015855921
73.8,13.09,1.6802989e-05,0.015836481
73.9,13.09,1.6814533e-05,0.015847361
74,13.09,1.6858176e-05,0.015888493
74.1,13.09,1.6894211e-05,0.015922456
74.2,13.09,1.6910731e-05,0.015938026
74.3,13.09,1.6915962e-05,0.015942956
74.4,13.09,1.6923074e-05,0.015949659
74.5,13.09,1.6925486e-05,0.015951932
74.6,13.09,1.6932893e-05,0.015958913
74.7,13.09,1.6939508e-05,0.015965147
74.8,13.09,1.6939711e-05,0.015965339
74.9,13.09,1.6946707e-05,0.015971933
75,13.09,1.6946668e-05,0.015971896
75.1,13.09,1.6947064e-05,0.015972269
75.2,13.09,1.6952446e-05,0.015977342
75.3,13.09,1.6951409e-05,0.015976364
75.4,13.09,1.6952877e-05,0.015977748
75.5,13.09,1.6954759e-05,0.015979521
75.6,13.09,1.6951763e-05,0.015976697
75.7,13.09,1.6955571e-05,0.015980287
75.8,13.09,1.695273e-05,0.015977609
75.9,13.09,1.6953033e-05,0.015977894
76,13.09,1.6955206e-05,0.015979942
76.1,13.09,1.6949921e-05,0.015974961
76.2,13.09,1.6953554e-05,0.015978385
76.3,13.09,1.6947612e-05,0.015972785
76.4,13.09,1.6944255e-05,0.015969622
76.5,13.09,1.6946124e-05,0.015971383
76.6,13.09,1.6942874e-05,0.01596832
76.7,13.09,1.6937915e-05,0.015963647
76.8,13.09,1.6938353e-05,0.015964059
76.9,13.09,1.693721e-05,0.015962982
77,13.09,1.6929951e-05,0.01595614
77.1,13.09,1.6928825e-05,0.015955079
77.2,13.09,1.6929337e-05,0.015955561
77.3,13.09,1.6922446e-05,0.015949067
77.4,13.09,1.6923755e-05,0.0159503
77.5,13.09,1.6915435e-05,0.015942459
77.6,13.09,1.6911212e-05,0.015938479
77.7,13.09,1.6912959e-05,0.015940126
77.8,13.09,1.6905405e-05,0.015933006
77.9,13.09,1.6900484e-05,0.015928368
78,6.545,-1.9690023e-05,0.0092787265
78.1,0,-8.5871894e-06,0
78.2,0,-5.1054022e-06,0
78.3,0,-3.7819084e-06,0
78.4,0,-2.9181642e-06,0
78.5,0,-2.2692993e-06,0
78.6,0,-1.7594408e-06,0
78.7,0,-1.3580571e-06,0
78.8,0,-1.0448864e-06,0
78.9,0,-8.024685e-07,0
79,0,-6.1567257e-07,0
79.1,0,-4.7213769e-07,0
79.2,0,-3.6197328e-07,0
79.3,0,-2.7748203e-07,0
79.4,0,-2.1270994e-07,0
79.5,0,-1.6305622e-07,0
79.6,0,-1.2499871e-07,0
79.7,0,-9.5822783e-08,0
79.8,0,-7.3457701e-08,0
79.9,0,-5.6314568e-08,0
80,6.545,3.6401331e-05,0.017153763
80.1,13.09,2.2652472e-05,0.021349502
80.2,13.09,1.6728767e-05,0.015766528
80.3,13.09,1.4240763e-05,0.013421635
80.4,13.09,1.2847676e-05,0.012108678
80.5,13.09,1.1993025e-05,0.011303186
80.6,13.09,1.1481968e-05,0.010821525
80.7,13.09,1.1143614e-05,0.010502633
80.8,13.09,1.0937025e-05,0.010307928
80.9,13.09,1.0895592e-05,0.010268878
81,13.09,1.0953763e-05,0.010323703
81.1,13.09,1.1015919e-05,0.010382283
81.2,13.09,1.1128305e-05,0.010488205
81.3,13.09,1.1370445e-05,0.010716417
81.4,13.09,1.164083e-05,0.01097125
81.5,13.09,1.197258e-05,0.011283917
81.6,13.09,1.2543087e-05,0.011821609
81.7,13.09,1.3474279e-05,0.012699238
81.8,13.09,1.4453843e-05,0.013622458
81.9,13.09,1.542879e-05,0.014541326
82,13.09,1.644837e-05,0.01550226
82.1,13.09,1.6960177e-05,0.015984628
82.2,13.09,1.6953104e-05,0.015977962
82.3,13.09,1.6868245e-05,0.015897984
82.4,13.09,1.6868181e-05,0.015897923
82.5,13.09,1.6906362e-05,0.015933908
82.6,13.09,1.6916342e-05,0.015943314
82.7,13.09,1.6916397e-05,0.015943366
82.8,13.09,1.6914489e-05,0.015941567
82.9,13.09,1.6909821e-05,0.015937168
83,13.09,1.6910259e-05,0.015937581
83.1,13.09,1.6897741e-05,0.015925783
83.2,13.09,1.6891635e-05,0.015920028
83.3,13.09,1.6882463e-05,0.015911383
83.4,13.09,1.6866565e-05,0.0158964
83.5,13.09,1.6854513e-05,0.015885041
83.6,13.09,1.6830297e-05,0.015862219
83.7,13.09,1.6809701e-05,0.015842807
83.8,13.09,1.679636e-05,0.015830233
83.9,13.09,1.6802468e-05,0.01583599
84,13.09,1.6855154e-05,0.015885646
84.1,13.09,1.6885e-05,0.015913775
84.2,13.09,1.6896415e-05,0.015924533
84.3,13.09,1.6909595e-05,0.015936955
84.4,13.09,1.6910116e-05,0.015937446
84.5,13.09,1.691433e-05,0.015941417
84.6,13.09,1.6925555e-05,0.015951997
84.7,13.09,1.6928861e-05,0.015955113
84.8,13.09,1.6930133e-05,0.015956312
84.9,13.09,1.6936689e-05,0.015962491
85,13.09,1.693837e-05,0.015964075
85.1,13.09,1.6939119e-05,0.015964781
85.2,13.09,1.6943601e-05,0.015969005
85.3,13.09,1.694444e-05,0.015969795
85.4,13.09,1.6942376e-05,0.01596785
85.5,13.09,1.6944872e-05,0.015970203
85.6,13.09,1.6949246e-05,0.015974325
85.7,13.09,1.6945665e-05,0.015970951
85.8,13.09,1.6950205e-05,0.015975229
85.9,13.09,1.6945291e-05,0.015970597
86,13.09,1.694232e-05,0.015967798
86.1,13.09,1.6943609e-05,0.015969013
86.2,13.09,1.6946702e-05,0.015971928
86.3,13.09,1.6941692e-05,0.015967206
86.4,13.09,1.6943422e-05,0.015968836
86.5,13.09,1.6938934e-05,0.015964607
86.6,13.09,1.6935163e-05,0.015961053
86.7,13.09,1.6936885e-05,0.015962676
86.8,13.09,1.6933514e-05,0.015959498
86.9,13.09,1.6928305e-05,0.015954589
87,13.09,1.6928429e-05,0.015954706
87.1,13.09,1.6927548e-05,0.015953875
87.2,13.09,1.6921361e-05,0.015948045
87.3,13.09,1.692375e-05,0.015950296
87.4,13.09,1.6917157e-05,0.015944082
87.5,13.09,1.6911537e-05,0.015938785
87.6,13.09,1.691215e-05,0.015939363
87.7,13.09,1.6902936e-05,0.015930679
87.8,13.09,1.6902477e-05,0.015930247
87.9,13.09,1.6898706e-05,0.015926693
88,6.545,-1.9685571e-05,0.0092766287
88.1,0,-8.589337e-06,0
88.2,0,-5.1055837e-06,0
88.3,0,-3.781824e-06,0
88.4,0,-2.9180668e-06,0
88.5,0,-2.2692215e-06,0
88.6,0,-1.75944e-06,0
88.7,0,-1.3580638e-06,0
88.8,0,-1.0449278e-06,0
88.9,0,-8.0248435e-07,0
89,0,-6.1569998e-07,0
89.1,0,-4.7218071e-07,0
89.2,0,-3.6200662e-07,0
89.3,0,-2.775039e-07,0
89.4,0,-2.1272468e-07,0
89.5,0,-1.6306681e-07,0
89.6,0,-1.2500615e-07,0
89.7,0,-9.5828237e-08,0
89.8,0,-7.3461904e-08,0
89.9,0,-5.6317804e-08,0
90,6.545,3.639985e-05,0.017153065
90.1,13.09,2.2654466e-05,0.021351381
90.2,13.09,1.6726863e-05,0.015764734
90.3,13.09,1.4239392e-05,0.013420343
90.4,13.09,1.2846315e-05,0.012107395
90.5,13.09,1.1995463e-05,0.011305484
90.6,13.09,1.1484956e-05,0.010824341
90.7,13.09,1.1140627e-05,0.010499818
90.8,13.09,1.0938709e-05,0.010309514
90.9,13.09,1.0892582e-05,0.01026604
91,13.09,1.0956379e-05,0.010326168
91.1,13.09,1.1012459e-05,0.010379022
91.2,13.09,1.1134262e-05,0.010493819
91.3,13.09,1.1367006e-05,0.010713176
91.4,13.09,1.1644869e-05,0.010975056
91.5,13.09,1.1973268e-05,0.011284566
91.6,13.09,1.254395e-05,0.011822422
91.7,13.09,1.3481797e-05,0.012706324
91.8,13.09,1.4448674e-05,0.013617586
91.9,13.09,1.5416043e-05,0.014529312
92,13.09,1.6436016e-05,0.015490616
92.1,13.09,1.6968648e-05,0.015992611
92.2,13.09,1.6956921e-05,0.015981559
92.3,13.09,1.6868026e-05,0.015897777
92.4,13.09,1.686485e-05,0.015894784
92.5,13.09,1.689878e-05,0.015926762
92.6,13.09,1.6918005e-05,0.015944882
92.7,13.09,1.6914196e-05,0.015941291
92.8,13.09,1.6911358e-05,0.015938616
92.9,13.09,1.6909618e-05,0.015936977
93,13.09,1.6901398e-05,0.01592923
93.1,13.09,1.6897235e-05,0.015925306
93.2,13.09,1.6891505e-05,0.015919906
93.3,13.09,1.6877398e-05,0.015906611
93.4,13.09,1.686669e-05,0.015896518
93.5,13.09,1.6846051e-05,0.015877066
93.6,13.09,1.6826997e-05,0.015859108
93.7,13.09,1.6807032e-05,0.015840292
93.8,13.09,1.6787977e-05,0.015822333
93.9,13.09,1.6803782e-05,0.015837228
94,13.09,1.6853075e-05,0.015883686
94.1,13.09,1.6881882e-05,0.015910836
94.2,13.09,1.6898312e-05,0.015926321
94.3,13.09,1.6903874e-05,0.015931563
94.4,13.09,1.6905788e-05,0.015933367
94.5,13.09,1.6915988e-05,0.015942981
94.6,13.09,1.6920839e-05,0.015947552
94.7,13.09,1.6924542e-05,0.015951042
94.8,13.09,1.6932532e-05,0.015958573
94.9,13.09,1.6932302e-05,0.015958356
95,13.09,1.6932527e-05,0.015958568
95.1,13.09,1.6939561e-05,0.015965197
95.2,13.09,1.6940088e-05,0.015965694
95.3,13.09,1.6940026e-05,0.015965635
95.4,13.09,1.6945584e-05,0.015970874
95.5,13.09,1.6942284e-05,0.015967764
95.6,13.09,1.6943459e-05,0.015968871
95.7,13.09,1.6947e-05,0.015972209
95.8,13.09,1.6943351e-05,0.015968769
95.9,13.09,1.6946445e-05,0.015971686
96,13.09,1.6942657e-05,0.015968115
96.1,13.09,1.694047e-05,0.015966054
96.2,13.09,1.6944093e-05,0.015969469
96.3,13.09,1.6939838e-05,0.015965459
96.4,13.09,1.6937235e-05,0.015963005
96.5,13.09,1.6939942e-05,0.015965556
96.6,13.09,1.6935105e-05,0.015960998
96.7,13.09,1.6931517e-05,0.015957616
96.8,13.09,1.6932857e-05,0.015958879
96.9,13.09,1.6929451e-05,0.015955669
97,13.09,1.6923712e-05,0.01595026
97.1,13.09,1.6923439e-05,0.015950002
97.2,13.09,1.6923869e-05,0.015950408
97.3,13.09,1.6917357e-05,0.01594427
97.4,13.09,1.6917318e-05,0.015944234
97.5,13.09,1.6910732e-05,0.015938027
97.6,13.09,1.6906021e-05,0.015933587
97.7,13.09,1.6906428e-05,0.01593397
97.8,13.09,1.6899464e-05,0.015927406
97.9,13.09,1.6895811e-05,0.015923964
98,6.545,-1.9694914e-05,0.0092810312
98.1,0,-8.5888064e-06,0
98.2,0,-5.1053421e-06,0
98.3,0,-3.7816951e-06,0
98.4,0,-2.9181129e-06,0
98.5,0,-2.2693369e-06,0
98.6,0,-1.7595132e-06,0
98.7,0,-1.3581273e-06,0
98.8,0,-1.0449481e-06,0
98.9,0,-8.0252134e-07,0
99,0,-6.1571608e-07,0
99.1,0,-4.7217161e-07,0
99.2,0,-3.6199943e-07,0
99.3,0,-2.775028e-07,0
99.4,0,-2.1272586e-07,0
99.5,0,-1.6306813e-07,0
99.6,0,-1.2500733e-07,0
99.7,0,-9.5829316e-08,0
99.8,0,-7.3462747e-08,0
99.9,0,-5.6318532e-08,0
100,6.545,3.6399262e-05,0.017152788
100.1,13.09,2.2654622e-05,0.021351528
100.2,13.09,1.6726849e-05,0.015764721
100.3,13.09,1.4239536e-05,0.013420478
100.4,13.09,1.2846259e-05,0.012107342
100.5,13.09,1.19953e-05,0.01130533
100.6,13.09,1.148524e-05,0.010824609
100.7,13.09,1.1140621e-05,0.010499813
100.8,13.09,1.0938668e-05,0.010309476
100.9,13.09,1.0892605e-05,0.010266062
101,13.09,1.0951763e-05,0.010321817
101.1,13.09,1.1017744e-05,0.010384003
101.2,13.09,1.1128709e-05,0.010488586
101.3,13.09,1.1366306e-05,0.010712516
101.4,13.09,1.164564e-05,0.010975783
101.5,13.09,1.1971986e-05,0.011283357
101.6,13.09,1.2551621e-05,0.011829652
101.7,13.09,1.3479066e-05,0.01270375
101.8,13.09,1.444667e-05,0.013615698
101.9,13.09,1.5413582e-05,0.014526993
102,13.09,1.6425845e-05,0.015481031
102.1,13.09,1.6959731e-05,0.015984208
102.2,13.09,1.6957991e-05,0.015982568
102.3,13.09,1.6864631e-05,0.015894578
102.4,13.09,1.6870711e-05,0.015900308
102.5,13.09,1.6900823e-05,0.015928688
102.6,13.09,1.6917199e-05,0.015944121
102.7,13.09,1.6916933e-05,0.015943871
102.8,13.09,1.6912047e-05,0.015939266
102.9,13.09,1.6912771e-05,0.015939949
103,13.09,1.6904904e-05,0.015932534
103.1,13.09,1.6903392e-05,0.015931109
103.2,13.09,1.6890222e-05,0.015918697
103.3,13.09,1.6878371e-05,0.015907527
103.4,13.09,1.6868086e-05,0.015897834
103.5,13.09,1.6846234e-05,0.015877239
103.6,13.09,1.6828394e-05,0.015860425
103.7,13.09,1.6810012e-05,0.0158431
103.8,13.09,1.6791362e-05,0.015825522
103.9,13.09,1.6808997e-05,0.015842144
104,13.09,1.6856521e-05,0.015886934
104.1,13.09,1.6885708e-05,0.015914442
104.2,13.09,1.6901555e-05,0.015929377
104.3,13.09,1.6904838e-05,0.015932472
104.4,13.09,1.6908783e-05,0.01593619
104.5,13.09,1.6919122e-05,0.015945934
104.6,13.09,1.6921332e-05,0.015948017
104.7,13.09,1.6929251e-05,0.015955481
104.8,13.09,1.693302e-05,0.015959032
104.9,13.09,1.6935282e-05,0.015961165
105,13.09,1.6940594e-05,0.015966171
105.1,13.09,1.6938916e-05,0.015964589
105.2,13.09,1.6945218e-05,0.015970529
105.3,13.09,1.6942337e-05,0.015967813
105.4,13.09,1.6942631e-05,0.015968091
105.5,13.09,1.6949124e-05,0.01597421
105.6,13.09,1.6946053e-05,0.015971316
105.7,13.09,1.6944207e-05,0.015969576
105.8,13.09,1.6948934e-05,0.015974031
105.9,13.09,1.6944677e-05,0.015970019
106,13.09,1.694217e-05,0.015967656
106.1,13.09,1.6944428e-05,0.015969784
106.2,13.09,1.6944478e-05,0.015969832
106.3,13.09,1.6941932e-05,0.015967432
106.4,13.09,1.6943192e-05,0.01596862
106.5,13.09,1.6938038e-05,0.015963762
106.6,13.09,1.6940396e-05,0.015965985
106.7,13.09,1.6934184e-05,0.01596013
106.8,13.09,1.6931621e-05,0.015957714
106.9,13.09,1.6932454e-05,0.0159585
107,13.09,1.6926849e-05,0.015953217
107.1,13.09,1.6928218e-05,0.015954507
107.2,13.09,1.6920691e-05,0.015947413
107.3,13.09,1.6918621e-05,0.015945462
107.4,13.09,1.6918522e-05,0.015945369
107.5,13.09,1.6910265e-05,0.015937587
107.6,13.09,1.6907283e-05,0.015934776
107.7,13.09,1.6907373e-05,0.015934861
107.8,13.09,1.6898641e-05,0.015926631
107.9,13.09,1.6897787e-05,0.015925826
108,6.545,-1.9694323e-05,0.009280753
108.1,0,-8.5888958e-06,0
108.2,0,-5.1053939e-06,0
108.3,0,-3.7817418e-06,0
108.4,0,-2.918031e-06,0
108.5,0,-2.2692418e-06,0
108.6,0,-1.7595257e-06,0
108.7,0,-1.358145e-06,0
108.8,0,-1.0449439e-06,0
108.9,0,-8.0249104e-07,0
109,0,-6.1569405e-07,0
109.1,0,-4.7216686e-07,0
109.2,0,-3.6200263e-07,0
109.3,0,-2.7750121e-07,0
109.4,0,-2.1272384e-07,0
109.5,0,-1.6306703e-07,0
109.6,0,-1.2500423e-07,0
109.7,0,-9.5826771e-08,0
109.8,0,-7.3463028e-08,0
109.9,0,-5.6320131e-08,0
110,6.545,3.6403343e-05,0.017154711
110.1,13.09,2.2653333e-05,0.021350313
110.2,13.09,1.6728351e-05,0.015766136
110.3,13.09,1.4243364e-05,0.013424085
110.4,13.09,1.2843971e-05,0.012105186
110.5,13.09,1.1992618e-05,0.011302803
110.6,13.09,1.148334e-05,0.010822819
110.7,13.09,1.1142313e-05,0.010501407
110.8,13.09,1.0933644e-05,0.010304741
110.9,13.09,1.089963e-05,0.010272684
111,13.09,1.0952072e-05,0.010322109
111.1,13.09,1.1013434e-05,0.010379941
111.2,13.09,1.1131896e-05,0.010491589
111.3,13.09,1.1366005e-05,0.010712232
111.4,13.09,1.1645593e-05,0.010975738
111.5,13.09,1.1975504e-05,0.011286673
111.6,13.09,1.2543456e-05,0.011821956
111.7,13.09,1.346865e-05,0.012693933
111.8,13.09,1.4465459e-05,0.013633406
111.9,13.09,1.5458432e-05,0.014569263
112,13.09,1.647581e-05,0.015528121
112.1,13.09,1.6971913e-05,0.015995689
112.2,13.09,1.6959264e-05,0.015983767
112.3,13.09,1.6880369e-05,0.01590941
112.4,13.09,1.6881875e-05,0.015910829
112.5,13.09,1.6918628e-05,0.015945468
112.6,13.09,1.6927583e-05,0.015953908
112.7,13.09,1.6928019e-05,0.01595432
112.8,13.09,1.6926258e-05,0.015952659
112.9,13.09,1.692237e-05,0.015948995
113,13.09,1.6923045e-05,0.015949631
113.1,13.09,1.6911583e-05,0.015938829
113.2,13.09,1.6903995e-05,0.015931677
113.3,13.09,1.6895444e-05,0.015923619
113.4,13.09,1.6878891e-05,0.015908017
113.5,13.09,1.6866116e-05,0.015895977
113.6,13.09,1.6844983e-05,0.015876059
113.7,13.09,1.682155e-05,0.015853975
113.8,13.09,1.6806618e-05,0.015839902
113.9,13.09,1.6815398e-05,0.015848176
114,13.09,1.6859252e-05,0.015889508
114.1,13.09,1.6896614e-05,0.01592472
114.2,13.09,1.6911521e-05,0.01593877
114.3,13.09,1.6917481e-05,0.015944388
114.4,13.09,1.6925929e-05,0.01595235
114.5,13.09,1.69271e-05,0.015953453
114.6,13.09,1.6932887e-05,0.015958907
114.7,13.09,1.6942926e-05,0.015968369
114.8,13.09,1.6942246e-05,0.015967728
114.9,13.09,1.6944674e-05,0.015970016
115,13.09,1.6951528e-05,0.015976476
115.1,13.09,1.6947916e-05,0.015973072
115.2,13.09,1.6951879e-05,0.015976807
115.3,13.09,1.6955029e-05,0.015979776
115.4,13.09,1.6952618e-05,0.015977503
115.5,13.09,1.695819e-05,0.015982755
115.6,13.09,1.6954003e-05,0.015978808
115.7,13.09,1.6952614e-05,0.0159775
115.8,13.09,1.6956677e-05,0.015981329
115.9,13.09,1.695328e-05,0.015978127
116,13.09,1.6953225e-05,0.015978075
116.1,13.09,1.6955231e-05,0.015979966
116.2,13.09,1.6950616e-05,0.015975617
116.3,13.09,1.695125e-05,0.015976214
116.4,13.09,1.6947479e-05,0.01597266
116.5,13.09,1.6943011e-05,0.015968449
116.6,13.09,1.6944082e-05,0.015969459
116.7,13.09,1.694256e-05,0.015968024
116.8,13.09,1.6938975e-05,0.015964645
116.9,13.09,1.6939237e-05,0.015964892
117,13.09,1.693137e-05,0.015957477
117.1,13.09,1.6929249e-05,0.015955479
117.2,13.09,1.6930089e-05,0.01595627
117.3,13.09,1.6923151e-05,0.015949731
117.4,13.09,1.6923765e-05,0.01595031
117.5,13.09,1.6914706e-05,0.015941773
117.6,13.09,1.6912928e-05,0.015940096
117.7,13.09,1.6911049e-05,0.015938325
117.8,13.09,1.6903744e-05,0.01593144
117.9,13.09,1.6904189e-05,0.01593186
118,6.545,-1.9689382e-05,0.0092784244
118.1,0,-8.5874656e-06,0
118.2,0,-5.1055636e-06,0
118.3,0,-3.7819526e-06,0
118.4,0,-2.9180616e-06,0
118.5,0,-2.2691887e-06,0
118.6,0,-1.7594515e-06,0
118.7,0,-1.3580726e-06,0
118.8,0,-1.0448679e-06,0
118.9,0,-8.0242703e-07,0
119,0,-6.1565151e-07,0
119.1,0,-4.721246e-07,0
119.2,0,-3.6196586e-07,0
119.3,0,-2.7747862e-07,0
119.4,0,-2.127058e-07,0
119.5,0,-1.6305177e-07,0
119.6,0,-1.2499273e-07,0
119.7,0,-9.581862e-08,0
119.8,0,-7.3457406e-08,0
119.9,0,-5.6314555e-08,0
120,6.545,3.6398418e-05,0.017152391
120.1,13.09,2.2652067e-05,0.02134912
120.2,13.09,1.6730562e-05,0.01576822
120.3,13.09,1.4239908e-05,0.013420828
120.4,13.09,1.2844514e-05,0.012105698
120.5,13.09,1.1996014e-05,0.011306003
120.6,13.09,1.1478409e-05,0.010818171
120.7,13.09,1.1145091e-05,0.010504026
120.8,13.09,1.093465e-05,0.010305689
120.9,13.09,1.0895559e-05,0.010268847
121,13.09,1.0952962e-05,0.010322947
121.1,13.09,1.1010804e-05,0.010377462
121.2,13.09,1.1137848e-05,0.010497199
121.3,13.09,1.1365457e-05,0.010711716
121.4,13.09,1.1634878e-05,0.01096564
121.5,13.09,1.1965742e-05,0.011277472
121.6,13.09,1.2525752e-05,0.011805271
121.7,13.09,1.3455783e-05,0.012681806
121.8,13.09,1.443989e-05,0.013609307
121.9,13.09,1.5414565e-05,0.014527919
122,13.09,1.6430765e-05,0.015485668
122.1,13.09,1.6954604e-05,0.015979375
122.2,13.09,1.6946312e-05,0.01597156
122.3,13.09,1.6851373e-05,0.015882082
122.4,13.09,1.6850065e-05,0.015880849
122.5,13.09,1.6887742e-05,0.01591636
122.6,13.09,1.6897987e-05,0.015926015
122.7,13.09,1.6900507e-05,0.01592839
122.8,13.09,1.6891119e-05,0.015919542
122.9,13.09,1.6888089e-05,0.015916686
123,13.09,1.6887005e-05,0.015915665
123.1,13.09,1.6874647e-05,0.015904017
123.2,13.09,1.6867947e-05,0.015897703
123.3,13.09,1.6851551e-05,0.01588225
123.4,13.09,1.6840295e-05,0.015871641
123.5,13.09,1.6818594e-05,0.015851189
123.6,13.09,1.6801455e-05,0.015835036
123.7,13.09,1.6773809e-05,0.01580898
123.8,13.09,1.6760504e-05,0.01579644
123.9,13.09,1.677439e-05,0.015809527
124,13.09,1.6821055e-05,0.015853508
124.1,13.09,1.6853379e-05,0.015883973
124.2,13.09,1.6862892e-05,0.015892939
124.3,13.09,1.6867482e-05,0.015897264
124.4,13.09,1.6872218e-05,0.015901728
124.5,13.09,1.6881443e-05,0.015910422
124.6,13.09,1.6883448e-05,0.015912312
124.7,13.09,1.6888451e-05,0.015917027
124.8,13.09,1.6895852e-05,0.015924002
124.9,13.09,1.6893622e-05,0.015921901
125,13.09,1.6899456e-05,0.0159274
125.1,13.09,1.6902009e-05,0.015929806
125.2,13.09,1.6903302e-05,0.015931024
125.3,13.09,1.6907561e-05,0.015935038
125.4,13.09,1.6905608e-05,0.015933197
125.5,13.09,1.6909866e-05,0.01593721
125.6,13.09,1.6907487e-05,0.015934969
125.7,13.09,1.690912e-05,0.015936507
125.8,13.09,1.6910859e-05,0.015938147
125.9,13.09,1.6908072e-05,0.015935519
126,13.09,1.6911863e-05,0.015939093
126.1,13.09,1.6909905e-05,0.015937248
126.2,13.09,1.6907205e-05,0.015934703
126.3,13.09,1.6908804e-05,0.015936209
126.4,13.09,1.6911826e-05,0.015939058
126.5,13.09,1.6907937e-05,0.015935393
126.6,13.09,1.6909521e-05,0.015936885
126.7,13.09,1.6905736e-05,0.015933319
126.8,13.09,1.6902747e-05,0.015930501
126.9,13.09,1.6904604e-05,0.015932251
127,13.09,1.6901788e-05,0.015929597
127.1,13.09,1.689739e-05,0.015925452
127.2,13.09,1.6896735e-05,0.015924835
127.3,13.09,1.6898218e-05,0.015926232
127.4,13.09,1.6891862e-05,0.015920242
127.5,13.09,1.6893892e-05,0.015922155
127.6,13.09,1.6886121e-05,0.015914832
127.7,13.09,1.688405e-05,0.015912879
127.8,13.09,1.6884266e-05,0.015913083
127.9,13.09,1.6877184e-05,0.015906409
128,6.545,-1.9707506e-05,0.0092869649
128.1,0,-8.5947861e-06,0
128.2,0,-5.1050195e-06,0
128.3,0,-3.7813265e-06,0
128.4,0,-2.9183341e-06,0
128.5,0,-2.2697683e-06,0
128.6,0,-1.759979e-06,0
128.7,0,-1.3585298e-06,0
128.8,0,-1.0453007e-06,0
128.9,0,-8.027839e-07,0
129,0,-6.1591686e-07,0
129.1,0,-4.7232848e-07,0
129.2,0,-3.6212357e-07,0
129.3,0,-2.7759809e-07,0
129.4,0,-2.1279736e-07,0
129.5,0,-1.6312394e-07,0
129.6,0,-1.2505105e-07,0
129.7,0,-9.5863065e-08,0
129.8,0,-7.348855e-08,0
129.9,0,-5.6338322e-08,0
130,6.545,3.6400933e-05,0.017153576
130.1,13.09,2.265311e-05,0.021350104
130.2,13.09,1.672854e-05,0.015766314
130.3,13.09,1.4242555e-05,0.013423323
130.4,13.09,1.2845426e-05,0.012106557
130.5,13.09,1.199713e-05,0.011307055
130.6,13.09,1.1484415e-05,0.010823831
130.7,13.09,1.1143002e-05,0.010502057
130.8,13.09,1.0938546e-05,0.010309361
130.9,13.09,1.0895002e-05,0.010268321
131,13.09,1.0955033e-05,0.010324899
131.1,13.09,1.1011423e-05,0.010378045
131.2,13.09,1.1137093e-05,0.010496487
131.3,13.09,1.1367624e-05,0.010713758
131.4,13.09,1.1640523e-05,0.010970961
131.5,13.09,1.1969134e-05,0.01128067
131.6,13.09,1.2532507e-05,0.011811637
131.7,13.09,1.3465536e-05,0.012690998
131.8,13.09,1.445027e-05,0.013619091
131.9,13.09,1.5446699e-05,0.014558205
132,13.09,1.6458326e-05,0.015511643
132.1,13.09,1.6968506e-05,0.015992477
132.2,13.09,1.6957127e-05,0.015981753
132.3,13.09,1.686375e-05,0.015893748
132.4,13.09,1.6872215e-05,0.015901725
132.5,13.09,1.6901379e-05,0.015929212
132.6,13.09,1.6915823e-05,0.015942825
132.7,13.09,1.6917613e-05,0.015944512
132.8,13.09,1.6910529e-05,0.015937836
132.9,13.09,1.6912729e-05,0.015939909
133,13.09,1.6903808e-05,0.015931501
133.1,13.09,1.6897183e-05,0.015925257
133.2,13.09,1.6892196e-05,0.015920557
133.3,13.09,1.6877781e-05,0.015906971
133.4,13.09,1.6867547e-05,0.015897326
133.5,13.09,1.6847415e-05,0.015878352
133.6,13.09,1.6832732e-05,0.015864513
133.7,13.09,1.680696e-05,0.015840224
133.8,13.09,1.6789542e-05,0.015823808
133.9,13.09,1.6801567e-05,0.015835141
134,13.09,1.6845337e-05,0.015876393
134.1,13.09,1.6883136e-05,0.015912018
134.2,13.09,1.6895314e-05,0.015923496
134.3,13.09,1.6901432e-05,0.015929262
134.4,13.09,1.6907014e-05,0.015934523
134.5,13.09,1.6916469e-05,0.015943434
134.6,13.09,1.6919125e-05,0.015945937
134.7,13.09,1.692482e-05,0.015951304
134.8,13.09,1.6932636e-05,0.015958671
134.9,13.09,1.6931033e-05,0.01595716
135,13.09,1.6936761e-05,0.015962559
135.1,13.09,1.6939842e-05,0.015965462
135.2,13.09,1.6940677e-05,0.015966249
135.3,13.09,1.6943409e-05,0.015968824
135.4,13.09,1.6941615e-05,0.015967134
135.5,13.09,1.694759e-05,0.015972765
135.6,13.09,1.6944646e-05,0.01596999
135.7,13.09,1.6947287e-05,0.015972479
135.8,13.09,1.6944711e-05,0.015970051
135.9,13.09,1.6941875e-05,0.015967378
136,13.09,1.6945047e-05,0.015970368
136.1,13.09,1.6943446e-05,0.015968859
136.2,13.09,1.6941223e-05,0.015966764
136.3,13.09,1.6944758e-05,0.015970095
136.4,13.09,1.6938989e-05,0.015964659
136.5,13.09,1.6936011e-05,0.015961851
136.6,13.09,1.6937693e-05,0.015963437
136.7,13.09,1.6934531e-05,0.015960457
136.8,13.09,1.692939e-05,0.015955612
136.9,13.09,1.6929125e-05,0.015955362
137,13.09,1.6930228e-05,0.015956401
137.1,13.09,1.6923727e-05,0.015950274
137.2,13.09,1.6925839e-05,0.015952265
137.3,13.09,1.6918753e-05,0.015945586
137.4,13.09,1.6913672e-05,0.015940797
137.5,13.09,1.6914496e-05,0.015941574
137.6,13.09,1.6907602e-05,0.015935077
137.7,13.09,1.6904159e-05,0.015931832
137.8,13.09,1.6902298e-05,0.015930078
137.9,13.09,1.6894742e-05,0.015922956
138,6.545,-1.9688967e-05,0.0092782289
138.1,0,-8.5883787e-06,0
138.2,0,-5.1055476e-06,0
138.3,0,-3.7819788e-06,0
138.4,0,-2.9181772e-06,0
138.5,0,-2.2693799e-06,0
138.6,0,-1.7595568e-06,0
138.7,0,-1.3581259e-06,0
138.8,0,-1.0449444e-06,0
138.9,0,-8.0248958e-07,0
139,0,-6.1570757e-07,0
139.1,0,-4.7215775e-07,0
139.2,0,-3.6198592e-07,0
139.3,0,-2.7749682e-07,0
139.4,0,-2.1272122e-07,0
139.5,0,-1.6306997e-07,0
139.6,0,-1.2500594e-07,0
139.7,0,-9.5826646e-08,0
139.8,0,-7.3461564e-08,0
139.9,0,-5.6318511e-08,0
140,6.545,3.6399038e-05,0.017152683
140.1,13.09,2.2658352e-05,0.021355043
140.2,13.09,1.6724989e-05,0.015762968
140.3,13.09,1.4247e-05,0.013427512
140.4,13.09,1.2841963e-05,0.012103293
140.5,13.09,1.2000624e-05,0.011310348
140.6,13.09,1.1480572e-05,0.01082021
140.7,13.09,1.1145052e-05,0.010503988
140.8,13.09,1.0935364e-05,0.010306362
140.9,13.09,1.0896806e-05,0.010270022
141,13.09,1.0953083e-05,0.010323062
141.1,13.09,1.1011606e-05,0.010378219
141.2,13.09,1.1134811e-05,0.010494337
141.3,13.09,1.1363455e-05,0.010709829
141.4,13.09,1.1639277e-05,0.010969785
141.5,13.09,1.1971744e-05,0.01128313
141.6,13.09,1.2529662e-05,0.011808955
141.7,13.09,1.3460998e-05,0.012686721
141.8,13.09,1.4444263e-05,0.013613429
141.9,13.09,1.5434923e-05,0.014547107
142,13.09,1.6456051e-05,0.015509499
142.1,13.09,1.6961349e-05,0.015985732
142.2,13.09,1.6947536e-05,0.015972714
142.3,13.09,1.6868065e-05,0.015897814
142.4,13.09,1.6867417e-05,0.015897204
142.5,13.09,1.6900023e-05,0.015927934
142.6,13.09,1.6917273e-05,0.015944192
142.7,13.09,1.6912358e-05,0.015939559
142.8,13.09,1.6914097e-05,0.015941198
142.9,13.09,1.690696e-05,0.015934472
143,13.09,1.6900683e-05,0.015928555
143.1,13.09,1.6896762e-05,0.015924861
143.2,13.09,1.6891909e-05,0.015920287
143.3,13.09,1.6877371e-05,0.015906585
143.4,13.09,1.686811e-05,0.015897856
143.5,13.09,1.6846578e-05,0.015877563
143.6,13.09,1.6828598e-05,0.015860617
143.7,13.09,1.6808268e-05,0.015841457
143.8,13.09,1.6789504e-05,0.015823772
143.9,13.09,1.6801883e-05,0.015835439
144,13.09,1.6845492e-05,0.015876539
144.1,13.09,1.6880952e-05,0.01590996
144.2,13.09,1.6897127e-05,0.015925204
144.3,13.09,1.690303e-05,0.015930768
144.4,13.09,1.6911748e-05,0.015938985
144.5,13.09,1.6912619e-05,0.015939805
144.6,13.09,1.6918677e-05,0.015945515
144.7,13.09,1.6928883e-05,0.015955134
144.8,13.09,1.6928367e-05,0.015954648
144.9,13.09,1.6933072e-05,0.015959082
145,13.09,1.6938812e-05,0.015964491
145.1,13.09,1.6937595e-05,0.015963344
145.2,13.09,1.6941897e-05,0.015967399
145.3,13.09,1.6941533e-05,0.015967056
145.4,13.09,1.6940169e-05,0.01596577
145.5,13.09,1.6944159e-05,0.015969531
145.6,13.09,1.6945343e-05,0.015970647
145.7,13.09,1.6944494e-05,0.015969847
145.8,13.09,1.6947361e-05,0.015972549
145.9,13.09,1.6943259e-05,0.015968682
146,13.09,1.6946234e-05,0.015971487
146.1,13.09,1.6942377e-05,0.015967851
146.2,13.09,1.6940254e-05,0.015965851
146.3,13.09,1.6943313e-05,0.015968733
146.4,13.09,1.6938637e-05,0.015964327
146.5,13.09,1.6935407e-05,0.015961282
146.6,13.09,1.6936859e-05,0.015962651
146.7,13.09,1.6935651e-05,0.015961512
146.8,13.09,1.6931895e-05,0.015957972
146.9,13.09,1.6932423e-05,0.01595847
147,13.09,1.6924038e-05,0.015950567
147.1,13.09,1.6923245e-05,0.01594982
147.2,13.09,1.6923708e-05,0.015950256
147.3,13.09,1.6917144e-05,0.01594407
147.4,13.09,1.6918755e-05,0.015945589
147.5,13.09,1.6910357e-05,0.015937674
147.6,13.09,1.6906681e-05,0.015934208
147.7,13.09,1.6907343e-05,0.015934833
147.8,13.09,1.6898225e-05,0.015926239
147.9,13.09,1.6897316e-05,0.015925383
148,6.545,-1.969482e-05,0.0092809868
148.1,0,-8.5888259e-06,0
148.2,0,-5.1053574e-06,0
148.3,0,-3.7817695e-06,0
148.4,0,-2.9181156e-06,0
148.5,0,-2.2692961e-06,0
148.6,0,-1.7595556e-06,0
148.7,0,-1.3581644e-06,0
148.8,0,-1.0449576e-06,0
148.9,0,-8.0250156e-07,0
149,0,-6.1569722e-07,0
149.1,0,-4.7216025e-07,0
149.2,0,-3.6199538e-07,0
149.3,0,-2.7750032e-07,0
149.4,0,-2.1272407e-07,0
149.5,0,-1.6306729e-07,0
149.6,0,-1.250071e-07,0
149.7,0,-9.5829265e-08,0
149.8,0,-7.3462804e-08,0
149.9,0,-5.6318509e-08,0
150,6.545,3.6400949e-05,0.017153583
150.1,13.09,2.2653134e-05,0.021350126
150.2,13.09,1.6728567e-05,0.01576634
150.3,13.09,1.4242658e-05,0.01342342
150.4,13.09,1.2845498e-05,0.012106625
150.5,13.09,1.1997062e-05,0.011306991
150.6,13.09,1.1484461e-05,0.010823875
150.7,13.09,1.1142673e-05,0.010501746
150.8,13.09,1.0938434e-05,0.010309255
150.9,13.09,1.0895135e-05,0.010268447
151,13.09,1.0955131e-05,0.010324992
151.1,13.09,1.1011455e-05,0.010378076
151.2,13.09,1.1136141e-05,0.01049559
151.3,13.09,1.1363316e-05,0.010709698
151.4,13.09,1.1639207e-05,0.01096972
151.5,13.09,1.1969763e-05,0.011281262
151.6,13.09,1.2531914e-05,0.011811079
151.7,13.09,1.3468348e-05,0.012693649
151.8,13.09,1.4454903e-05,0.013623457
151.9,13.09,1.5448191e-05,0.014559611
152,13.09,1.646632e-05,0.015519178
152.1,13.09,1.6967154e-05,0.015991204
152.2,13.09,1.6955367e-05,0.015980094
152.3,13.09,1.6865735e-05,0.015895618
152.4,13.09,1.6870968e-05,0.01590055
152.5,13.09,1.6905572e-05,0.015933163
152.6,13.09,1.6917091e-05,0.01594402
152.7,13.09,1.6918953e-05,0.015945775
152.8,13.09,1.6911956e-05,0.01593918
152.9,13.09,1.6914367e-05,0.015941452
153,13.09,1.6905331e-05,0.015932936
153.1,13.09,1.6899345e-05,0.015927295
153.2,13.09,1.6893995e-05,0.015922253
153.3,13.09,1.6879483e-05,0.015908575
153.4,13.09,1.6870337e-05,0.015899955
153.5,13.09,1.6849076e-05,0.015879917
153.6,13.09,1.683133e-05,0.015863192
153.7,13.09,1.6811283e-05,0.015844298
153.8,13.09,1.6791399e-05,0.015825557
153.9,13.09,1.6805197e-05,0.015838562
154,13.09,1.6849939e-05,0.015880731
154.1,13.09,1.6884514e-05,0.015913317
154.2,13.09,1.6900693e-05,0.015928565
154.3,13.09,1.6904633e-05,0.015932278
154.4,13.09,1.6908771e-05,0.015936179
154.5,13.09,1.6918491e-05,0.015945339
154.6,13.09,1.6921082e-05,0.015947782
154.7,13.09,1.6929575e-05,0.015955786
154.8,13.09,1.6932202e-05,0.015958262
154.9,13.09,1.6933864e-05,0.015959828
155,13.09,1.6940073e-05,0.01596568
155.1,13.09,1.6940247e-05,0.015965844
155.2,13.09,1.694023e-05,0.015965828
155.3,13.09,1.6946031e-05,0.015971295
155.4,13.09,1.6944351e-05,0.015969712
155.5,13.09,1.6943212e-05,0.015968639
155.6,13.09,1.6947338e-05,0.015972527
155.7,13.09,1.6946413e-05,0.015971655
155.8,13.09,1.6943719e-05,0.015969116
155.9,13.09,1.6945681e-05,0.015970966
156,13.09,1.6949076e-05,0.015974166
156.1,13.09,1.6944029e-05,0.015969408
156.2,13.09,1.694633e-05,0.015971577
156.3,13.09,1.6941822e-05,0.015967328
156.4,13.09,1.6941152e-05,0.015966697
156.5,13.09,1.6940863e-05,0.015966425
156.6,13.09,1.6935874e-05,0.015961723
156.7,13.09,1.6938006e-05,0.015963732
156.8,13.09,1.6932663e-05,0.015958697
156.9,13.09,1.692858e-05,0.015954848
157,13.09,1.6929815e-05,0.015956012
157.1,13.09,1.6925708e-05,0.015952141
157.2,13.09,1.6920906e-05,0.015947616
157.3,13.09,1.6922501e-05,0.015949118
157.4,13.09,1.6915106e-05,0.015942149
157.5,13.09,1.6912551e-05,0.015939741
157.6,13.09,1.6910603e-05,0.015937906
157.7,13.09,1.6904028e-05,0.015931708
157.8,13.09,1.6905132e-05,0.015932749
157.9,13.09,1.6896382e-05,0.015924502
158,6.545,-1.9690764e-05,0.0092790754
158.1,0,-8.5895837e-06,0
158.2,0,-5.1055783e-06,0
158.3,0,-3.7820108e-06,0
158.4,0,-2.9182535e-06,0
158.5,0,-2.269358e-06,0
158.6,0,-1.7595442e-06,0
158.7,0,-1.358142e-06,0
158.8,0,-1.0449886e-06,0
158.9,0,-8.0252662e-07,0
159,0,-6.1570553e-07,0
159.1,0,-4.7215354e-07,0
159.2,0,-3.6198898e-07,0
159.3,0,-2.7750642e-07,0
159.4,0,-2.127281e-07,0
159.5,0,-1.6306695e-07,0
159.6,0,-1.2500249e-07,0
159.7,0,-9.5826123e-08,0
159.8,0,-7.346337e-08,0
159.9,0,-5.6319235e-08,0
160,6.545,3.6399524e-05,0.017152912
160.1,13.09,2.2653178e-05,0.021350167
160.2,13.09,1.6728786e-05,0.015766546
160.3,13.09,1.4242508e-05,0.013423279
160.4,13.09,1.2845471e-05,0.0121066
160.5,13.09,1.1996719e-05,0.011306668
160.6,13.09,1.1484089e-05,0.010823525
160.7,13.09,1.1142248e-05,0.010501346
160.8,13.09,1.0938178e-05,0.010309014
160.9,13.09,1.0893799e-05,0.010267187
161,13.09,1.0956299e-05,0.010326093
161.1,13.09,1.1010768e-05,0.010377428
161.2,13.09,1.1135019e-05,0.010494533
161.3,13.09,1.1362864e-05,0.010709272
161.4,13.09,1.1641463e-05,0.010971846
161.5,13.09,1.1964583e-05,0.01127638
161.6,13.09,1.2530465e-05,0.011809712
161.7,13.09,1.3460455e-05,0.01268621
161.8,13.09,1.4447436e-05,0.013616419
161.9,13.09,1.5440441e-05,0.014552307
162,13.09,1.6452515e-05,0.015506167
162.1,13.09,1.6967597e-05,0.01599162
162.2,13.09,1.6950156e-05,0.015975183
162.3,13.09,1.6860344e-05,0.015890537
162.4,13.09,1.6867852e-05,0.015897613
162.5,13.09,1.6899016e-05,0.015926985
162.6,13.09,1.6913287e-05,0.015940434
162.7,13.09,1.6912962e-05,0.015940128
162.8,13.09,1.6907198e-05,0.015934696
162.9,13.09,1.6908668e-05,0.015936081
163,13.09,1.6899278e-05,0.015927231
163.1,13.09,1.6893611e-05,0.015921891
163.2,13.09,1.6888793e-05,0.01591735
163.3,13.09,1.6874376e-05,0.015903762
163.4,13.09,1.6865645e-05,0.015895533
163.5,13.09,1.6844723e-05,0.015875815
163.6,13.09,1.6827742e-05,0.01585981
163.7,13.09,1.6803495e-05,0.015836958
163.8,13.09,1.6785204e-05,0.015819719
163.9,13.09,1.6798945e-05,0.01583267
164,13.09,1.6842635e-05,0.015873847
164.1,13.09,1.6876181e-05,0.015905463
164.2,13.09,1.689264e-05,0.015920975
164.3,13.09,1.6900238e-05,0.015928136
164.4,13.09,1.6901227e-05,0.015929069
164.5,13.09,1.6910268e-05,0.015937589
164.6,13.09,1.6918172e-05,0.015945039
164.7,13.09,1.6922551e-05,0.015949166
164.8,13.09,1.6929121e-05,0.015955358
164.9,13.09,1.6927508e-05,0.015953838
165,13.09,1.6930761e-05,0.015956904
165.1,13.09,1.6938568e-05,0.015964262
165.2,13.09,1.6935397e-05,0.015961273
165.3,13.09,1.6940328e-05,0.01596592
165.4,13.09,1.6939679e-05,0.015965308
165.5,13.09,1.6937972e-05,0.0159637
165.6,13.09,1.6941631e-05,0.015967148
165.7,13.09,1.6942575e-05,0.015968038
165.8,13.09,1.6941919e-05,0.01596742
165.9,13.09,1.6943171e-05,0.0159686
166,13.09,1.693789e-05,0.015963622
166.1,13.09,1.6937676e-05,0.015963421
166.2,13.09,1.6941899e-05,0.015967401
166.3,13.09,1.6937938e-05,0.015963668
166.4,13.09,1.6934933e-05,0.015960836
166.5,13.09,1.6937663e-05,0.015963408
166.6,13.09,1.6933345e-05,0.015959339
166.7,13.09,1.6930394e-05,0.015956557
166.8,13.09,1.6933281e-05,0.015959279
166.9,13.09,1.69268e-05,0.01595317
167,13.09,1.692207e-05,0.015948713
167.1,13.09,1.6922962e-05,0.015949553
167.2,13.09,1.6921264e-05,0.015947953
167.3,13.09,1.691629e-05,0.015943265
167.4,13.09,1.6916348e-05,0.01594332
167.5,13.09,1.6908948e-05,0.015936346
167.6,13.09,1.6909826e-05,0.015937173
167.7,13.09,1.6901695e-05,0.01592951
167.8,13.09,1.6899353e-05,0.015927302
167.9,13.09,1.6896538e-05,0.01592465
168,6.545,-1.969064e-05,0.009279017
168.1,0,-8.5899173e-06,0
168.2,0,-5.1055163e-06,0
168.3,0,-3.7818608e-06,0
168.4,0,-2.9181794e-06,0
168.5,0,-2.2694454e-06,0
168.6,0,-1.7596315e-06,0
168.7,0,-1.3581996e-06,0
168.8,0,-1.0450233e-06,0
168.9,0,-8.0255136e-07,0
169,0,-6.1572402e-07,0
169.1,0,-4.7218233e-07,0
169.2,0,-3.6201388e-07,0
169.3,0,-2.7752e-07,0
169.4,0,-2.1274318e-07,0
169.5,0,-1.6308055e-07,0
169.6,0,-1.2501053e-07,0
169.7,0,-9.5830757e-08,0
169.8,0,-7.3465669e-08,0
169.9,0,-5.6321373e-08,0
170,6.545,3.6403499e-05,0.017154785
170.1,13.09,2.2652443e-05,0.021349475
170.2,13.09,1.6730667e-05,0.015768319
170.3,13.09,1.4239366e-05,0.013420318
170.4,13.09,1.2844411e-05,0.0121056
170.5,13.09,1.1996641e-05,0.011306594
170.6,13.09,1.1479064e-05,0.010818788
170.7,13.09,1.1145914e-05,0.010504801
170.8,13.09,1.0935595e-05,0.01030658
170.9,13.09,1.0896429e-05,0.010269666
171,13.09,1.0953447e-05,0.010323405
171.1,13.09,1.1010371e-05,0.010377055
171.2,13.09,1.1135574e-05,0.010495055
171.3,13.09,1.1364824e-05,0.010711119
171.4,13.09,1.1640724e-05,0.01097115
171.5,13.09,1.1978005e-05,0.01128903
171.6,13.09,1.2544997e-05,0.011823408
171.7,13.09,1.3474239e-05,0.012699201
171.8,13.09,1.4468847e-05,0.013636598
171.9,13.09,1.5460647e-05,0.014571351
172,13.09,1.6481041e-05,0.015533052
172.1,13.09,1.6972799e-05,0.015996524
172.2,13.09,1.6963272e-05,0.015987544
172.3,13.09,1.6883538e-05,0.015912397
172.4,13.09,1.6884824e-05,0.015913609
172.5,13.09,1.692202e-05,0.015948666
172.6,13.09,1.6930919e-05,0.015957053
172.7,13.09,1.6931146e-05,0.015957266
172.8,13.09,1.6929369e-05,0.015955592
172.9,13.09,1.6925412e-05,0.015951862
173,13.09,1.6925425e-05,0.015951875
173.1,13.09,1.691314e-05,0.015940296
173.2,13.09,1.6906946e-05,0.015934458
173.3,13.09,1.689987e-05,0.01592779
173.4,13.09,1.6881949e-05,0.015910899
173.5,13.09,1.6866161e-05,0.015896019
173.6,13.09,1.6850192e-05,0.015880969
173.7,13.09,1.6824375e-05,0.015856637
173.8,13.09,1.6810202e-05,0.01584328
173.9,13.09,1.6816543e-05,0.015849255
174,13.09,1.6861824e-05,0.015891932
174.1,13.09,1.6897545e-05,0.015925598
174.2,13.09,1.6915094e-05,0.015942138
174.3,13.09,1.6919024e-05,0.015945842
174.4,13.09,1.6925308e-05,0.015951764
174.5,13.09,1.6931239e-05,0.015957354
174.6,13.09,1.6937259e-05,0.015963028
174.7,13.09,1.6944855e-05,0.015970187
174.8,13.09,1.6943265e-05,0.015968688
174.9,13.09,1.6946269e-05,0.015971519
175,13.09,1.6953439e-05,0.015978277
175.1,13.09,1.6951724e-05,0.015976661
175.2,13.09,1.6951216e-05,0.015976182
175.3,13.09,1.6955772e-05,0.015980476
175.4,13.09,1.6956847e-05,0.015981489
175.5,13.09,1.695648e-05,0.015981144
175.6,13.09,1.6959325e-05,0.015983825
175.7,13.09,1.6954153e-05,0.01597895
175.8,13.09,1.695436e-05,0.015979145
175.9,13.09,1.6959483e-05,0.015983973
176,13.09,1.695541e-05,0.015980135
176.1,13.09,1.6951174e-05,0.015976142
176.2,13.09,1.6955172e-05,0.01597991
176.3,13.09,1.6949615e-05,0.015974673
176.4,13.09,1.6947498e-05,0.015972678
176.5,13.09,1.6949535e-05,0.015974598
176.6,13.09,1.6943401e-05,0.015968817
176.7,13.09,1.6944842e-05,0.015970175
176.8,13.09,1.6939639e-05,0.015965271
176.9,13.09,1.6936503e-05,0.015962315
177,13.09,1.6938224e-05,0.015963937
177.1,13.09,1.6929037e-05,0.015955279
177.2,13.09,1.6928921e-05,0.01595517
177.3,13.09,1.6926228e-05,0.015952632
177.4,13.09,1.6921472e-05,0.015948149
177.5,13.09,1.6920779e-05,0.015947496
177.6,13.09,1.6912882e-05,0.015940053
177.7,13.09,1.6913885e-05,0.015940998
177.8,13.09,1.690522e-05,0.015932832
177.9,13.09,1.6899995e-05,0.015927907
178,6.545,-1.9687977e-05,0.0092777621
178.1,0,-8.5868198e-06,0
178.2,0,-5.1058142e-06,0
178.3,0,-3.7822987e-06,0
178.4,0,-2.9182343e-06,0
178.5,0,-2.2693306e-06,0
178.6,0,-1.7594866e-06,0
178.7,0,-1.3580543e-06,0
178.8,0,-1.0448795e-06,0
178.9,0,-8.0243534e-07,0
179,0,-6.1566478e-07,0
179.1,0,-4.7212641e-07,0
179.2,0,-3.6197199e-07,0
179.3,0,-2.7748423e-07,0
179.4,0,-2.1270616e-07,0
179.5,0,-1.6305402e-07,0
179.6,0,-1.249934e-07,0
179.7,0,-9.5821541e-08,0
179.8,0,-7.3457608e-08,0
179.9,0,-5.6313973e-08,0
180,6.545,3.6399343e-05,0.017152827
180.1,13.09,2.2650645e-05,0.02134778
180.2,13.09,1.6730073e-05,0.015767759
180.3,13.09,1.4241024e-05,0.01342188
180.4,13.09,1.2847327e-05,0.012108349
180.5,13.09,1.1995278e-05,0.01130531
180.6,13.09,1.1485729e-05,0.01082507
180.7,13.09,1.1141232e-05,0.010500388
180.8,13.09,1.0938919e-05,0.010309712
180.9,13.09,1.0893609e-05,0.010267009
181,13.09,1.0950953e-05,0.010321054
181.1,13.09,1.1019037e-05,0.010385222
181.2,13.09,1.1131291e-05,0.010491019
181.3,13.09,1.1367089e-05,0.010713254
181.4,13.09,1.1648854e-05,0.010978812
181.5,13.09,1.198228e-05,0.011293059
181.6,13.09,1.2555632e-05,0.011833432
181.7,13.09,1.3484347e-05,0.012708727
181.8,13.09,1.4471471e-05,0.013639072
181.9,13.09,1.5458033e-05,0.014568887
182,13.09,1.6480435e-05,0.01553248
182.1,13.09,1.6983087e-05,0.01600622
182.2,13.09,1.6965473e-05,0.015989619
182.3,13.09,1.6885324e-05,0.015914081
182.4,13.09,1.6886389e-05,0.015915084
182.5,13.09,1.6920601e-05,0.015947328
182.6,13.09,1.6934767e-05,0.015960679
182.7,13.09,1.6931838e-05,0.015957919
182.8,13.09,1.6931773e-05,0.015957857
182.9,13.09,1.6926279e-05,0.01595268
183,13.09,1.6927698e-05,0.015954017
183.1,13.09,1.6917457e-05,0.015944364
183.2,13.09,1.6910537e-05,0.015937843
183.3,13.09,1.6898468e-05,0.015926468
183.4,13.09,1.6883327e-05,0.015912198
183.5,13.09,1.6872323e-05,0.015901827
183.6,13.09,1.6848348e-05,0.015879231
183.7,13.09,1.6828535e-05,0.015860558
183.8,13.09,1.681227e-05,0.015845228
183.9,13.09,1.6815711e-05,0.015848471
184,13.09,1.6866613e-05,0.015896445
184.1,13.09,1.6899844e-05,0.015927765
184.2,13.09,1.6911823e-05,0.015939055
184.3,13.09,1.6925571e-05,0.015952012
184.4,13.09,1.692462e-05,0.015951116
184.5,13.09,1.6929684e-05,0.015955889
184.6,13.09,1.6940683e-05,0.015966255
184.7,13.09,1.6940182e-05,0.015965783
184.8,13.09,1.6945684e-05,0.015970968
184.9,13.09,1.6951758e-05,0.015976693
185,13.09,1.6949037e-05,0.015974128
185.1,13.09,1.6951549e-05,0.015976496
185.2,13.09,1.6957899e-05,0.015982481
185.3,13.09,1.6954801e-05,0.015979561
185.4,13.09,1.6955712e-05,0.01598042
185.5,13.09,1.6959555e-05,0.015984041
185.6,13.09,1.6956091e-05,0.015980776
185.7,13.09,1.6960661e-05,0.015985083
185.8,13.09,1.6955835e-05,0.015980535
185.9,13.09,1.6954289e-05,0.015979078
186,13.09,1.6958575e-05,0.015983118
186.1,13.09,1.6953134e-05,0.01597799
186.2,13.09,1.6952296e-05,0.0159772
186.3,13.09,1.6953839e-05,0.015978654
186.4,13.09,1.694749e-05,0.01597267
186.5,13.09,1.6945802e-05,0.01597108
186.6,13.09,1.6948e-05,0.015973151
186.7,13.09,1.694066e-05,0.015966234
186.8,13.09,1.6941439e-05,0.015966967
186.9,13.09,1.6939037e-05,0.015964703
187,13.09,1.6935543e-05,0.015961411
187.1,13.09,1.6934915e-05,0.015960818
187.2,13.09,1.6928041e-05,0.01595434
187.3,13.09,1.6928951e-05,0.015955198
187.4,13.09,1.6921127e-05,0.015947824
187.5,13.09,1.6917182e-05,0.015944106
187.6,13.09,1.6916856e-05,0.015943799
187.7,13.09,1.6909212e-05,0.015936594
187.8,13.09,1.690945e-05,0.015936819
187.9,13.09,1.6901003e-05,0.015928857
188,6.545,-1.96816e-05,0.0092747571
188.1,0,-8.5878187e-06,0
188.2,0,-5.1057787e-06,0
188.3,0,-3.7820873e-06,0
188.4,0,-2.9181353e-06,0
188.5,0,-2.2691962e-06,0
188.6,0,-1.7593767e-06,0
188.7,0,-1.3580111e-06,0
188.8,0,-1.04489e-06,0
188.9,0,-8.024487e-07,0
189,0,-6.1564572e-07,0
189.1,0,-4.7211146e-07,0
189.2,0,-3.6195631e-07,0
189.3,0,-2.7748147e-07,0
189.4,0,-2.1270901e-07,0
189.5,0,-1.6305284e-07,0
189.6,0,-1.2499178e-07,0
189.7,0,-9.5818104e-08,0
189.8,0,-7.3457816e-08,0
189.9,0,-5.6315e-08,0
190,6.545,3.6397276e-05,0.017151853
190.1,13.09,2.2658027e-05,0.021354737
190.2,13.09,1.672485e-05,0.015762837
190.3,13.09,1.4247568e-05,0.013428048
190.4,13.09,1.284189e-05,0.012103224
190.5,13.09,1.199997e-05,0.011309732
190.6,13.09,1.148106e-05,0.010820669
190.7,13.09,1.114503e-05,0.010503968
190.8,13.09,1.0935567e-05,0.010306553
190.9,13.09,1.0896865e-05,0.010270077
191,13.09,1.0953224e-05,0.010323195
191.1,13.09,1.101203e-05,0.010378618
191.2,13.09,1.1134491e-05,0.010494035
191.3,13.09,1.1363704e-05,0.010710064
191.4,13.09,1.1642879e-05,0.01097318
191.5,13.09,1.198026e-05,0.011291156
191.6,13.09,1.2545367e-05,0.011823757
191.7,13.09,1.34825e-05,0.012706987
191.8,13.09,1.4460662e-05,0.013628885
191.9,13.09,1.5448729e-05,0.014560119
192,13.09,1.6470444e-05,0.015523064
192.1,13.09,1.6969834e-05,0.015993729
192.2,13.09,1.6959282e-05,0.015983784
192.3,13.09,1.6879118e-05,0.015908231
192.4,13.09,1.6881375e-05,0.015910358
192.5,13.09,1.6916935e-05,0.015943873
192.6,13.09,1.6927138e-05,0.015953489
192.7,13.09,1.6929884e-05,0.015956077
192.8,13.09,1.6923448e-05,0.015950012
192.9,13.09,1.6924985e-05,0.01595146
193,13.09,1.6917765e-05,0.015944655
193.1,13.09,1.6915654e-05,0.015942666
193.2,13.09,1.6902637e-05,0.015930397
193.3,13.09,1.6891407e-05,0.015919813
193.4,13.09,1.688424e-05,0.015913058
193.5,13.09,1.6864736e-05,0.015894676
193.6,13.09,1.6843054e-05,0.015874242
193.7,13.09,1.6827923e-05,0.015859981
193.8,13.09,1.6806999e-05,0.01584026
193.9,13.09,1.6811854e-05,0.015844836
194,13.09,1.6864277e-05,0.015894244
194.1,13.09,1.6894894e-05,0.015923099
194.2,13.09,1.6913203e-05,0.015940356
194.3,13.09,1.6917533e-05,0.015944437
194.4,13.09,1.691873e-05,0.015945565
194.5,13.09,1.6926492e-05,0.01595288
194.6,13.09,1.6936914e-05,0.015962703
194.7,13.09,1.6938478e-05,0.015964176
194.8,13.09,1.6945356e-05,0.015970659
194.9,13.09,1.6944727e-05,0.015970066
195,13.09,1.6946643e-05,0.015971872
195.1,13.09,1.6953921e-05,0.015978731
195.2,13.09,1.6952003e-05,0.015976924
195.3,13.09,1.6952031e-05,0.015976951
195.4,13.09,1.695663e-05,0.015981284
195.5,13.09,1.6952024e-05,0.015976944
195.6,13.09,1.6954651e-05,0.01597942
195.7,13.09,1.6955662e-05,0.015980372
195.8,13.09,1.6953409e-05,0.015978249
195.9,13.09,1.6955642e-05,0.015980353
196,13.09,1.6951974e-05,0.015976896
196.1,13.09,1.6955102e-05,0.015979845
196.2,13.09,1.6949496e-05,0.015974561
196.3,13.09,1.694725e-05,0.015972444
196.4,13.09,1.6951404e-05,0.015976359
196.5,13.09,1.6946099e-05,0.01597136
196.6,13.09,1.6942633e-05,0.015968093
196.7,13.09,1.6943683e-05,0.015969083
196.8,13.09,1.6937504e-05,0.015963259
196.9,13.09,1.6939659e-05,0.01596529
197,13.09,1.6931835e-05,0.015957915
197.1,13.09,1.692987e-05,0.015956064
197.2,13.09,1.6930134e-05,0.015956313
197.3,13.09,1.69228e-05,0.015949401
197.4,13.09,1.6922824e-05,0.015949424
197.5,13.09,1.6916282e-05,0.015943258
197.6,13.09,1.691318e-05,0.015940334
197.7,13.09,1.6910776e-05,0.015938068
197.8,13.09,1.6903307e-05,0.015931028
197.9,13.09,1.6902592e-05,0.015930355
198,6.545,-1.9690846e-05,0.0092791143
198.1,0,-8.5877346e-06,0
198.2,0,-5.1056712e-06,0
198.3,0,-3.782014e-06,0
198.4,0,-2.9181154e-06,0
198.5,0,-2.2692091e-06,0
198.6,0,-1.759446e-06,0
198.7,0,-1.3580645e-06,0
198.8,0,-1.0448734e-06,0
198.9,0,-8.0243125e-07,0
199,0,-6.156377e-07,0
199.1,0,-4.7211133e-07,0
199.2,0,-3.6195869e-07,0
199.3,0,-2.7747421e-07,0
199.4,0,-2.1270381e-07,0
199.5,0,-1.6305094e-07,0
199.6,0,-1.249921e-07,0
199.7,0,-9.5818617e-08,0
199.8,0,-7.3457914e-08,0
199.9,0,-5.6315066e-08,0
200,6.545,3.6399199e-05,0.017152759
200.1,13.09,2.2660298e-05,0.021356877
200.2,13.09,1.6725771e-05,0.015763704
200.3,13.09,1.424076e-05,0.013421631
200.4,13.09,1.2847777e-05,0.012108773
200.5,13.09,1.1993736e-05,0.011303856
200.6,13.09,1.148721e-05,0.010826466
200.7,13.09,1.1137896e-05,0.010497244
200.8,13.09,1.0934126e-05,0.010305195
200.9,13.09,1.0895794e-05,0.010269068
201,13.09,1.0948116e-05,0.010318381
201.1,13.09,1.1012129e-05,0.010378712
201.2,13.09,1.1133108e-05,0.010492731
201.3,13.09,1.1366533e-05,0.01071273
201.4,13.09,1.1646146e-05,0.010976259
201.5,13.09,1.1973771e-05,0.01128504
201.6,13.09,1.2552529e-05,0.011830507
201.7,13.09,1.3481304e-05,0.012705859
201.8,13.09,1.4452996e-05,0.013621659
201.9,13.09,1.5422875e-05,0.014535751
202,13.09,1.6441246e-05,0.015495546
202.1,13.09,1.6970918e-05,0.01599475
202.2,13.09,1.6957804e-05,0.015982391
202.3,13.09,1.6869747e-05,0.015899399
202.4,13.09,1.6868531e-05,0.015898253
202.5,13.09,1.6901676e-05,0.015929492
202.6,13.09,1.6921756e-05,0.015948416
202.7,13.09,1.6915842e-05,0.015942843
202.8,13.09,1.6913485e-05,0.015940621
202.9,13.09,1.6912454e-05,0.01593965
203,13.09,1.6904833e-05,0.015932467
203.1,13.09,1.690013e-05,0.015928035
203.2,13.09,1.689326e-05,0.01592156
203.3,13.09,1.687912e-05,0.015908233
203.4,13.09,1.6870343e-05,0.015899961
203.5,13.09,1.6848943e-05,0.015879792
203.6,13.09,1.6830319e-05,0.01586224
203.7,13.09,1.6811831e-05,0.015844815
203.8,13.09,1.6793169e-05,0.015827226
203.9,13.09,1.6809986e-05,0.015843076
204,13.09,1.6857132e-05,0.01588751
204.1,13.09,1.6886055e-05,0.015914769
204.2,13.09,1.6903167e-05,0.015930897
204.3,13.09,1.6907475e-05,0.015934957
204.4,13.09,1.6909307e-05,0.015936684
204.5,13.09,1.6918478e-05,0.015945327
204.6,13.09,1.6926297e-05,0.015952696
204.7,13.09,1.6930316e-05,0.015956484
204.8,13.09,1.6936481e-05,0.015962295
204.9,13.09,1.6934645e-05,0.015960564
205,13.09,1.6937804e-05,0.015963542
205.1,13.09,1.6945243e-05,0.015970553
205.2,13.09,1.6942118e-05,0.015967607
205.3,13.09,1.6947094e-05,0.015972297
205.4,13.09,1.694528e-05,0.015970587
205.5,13.09,1.6946737e-05,0.015971961
205.6,13.09,1.6948323e-05,0.015973455
205.7,13.09,1.6945441e-05,0.015970739
205.8,13.09,1.694925e-05,0.015974329
205.9,13.09,1.6946013e-05,0.015971278
206,13.09,1.6943799e-05,0.015969192
206.1,13.09,1.6945584e-05,0.015970874
206.2,13.09,1.6945438e-05,0.015970736
206.3,13.09,1.6942919e-05,0.015968363
206.4,13.09,1.69442e-05,0.01596957
206.5,13.09,1.6939004e-05,0.015964672
206.6,13.09,1.6940463e-05,0.015966048
206.7,13.09,1.6935376e-05,0.015961253
206.8,13.09,1.6931293e-05,0.015957405
206.9,13.09,1.6932867e-05,0.015958889
207,13.09,1.6927692e-05,0.015954011
207.1,13.09,1.6925835e-05,0.015952261
207.2,13.09,1.6924305e-05,0.015950819
207.3,13.09,1.691772e-05,0.015944613
207.4,13.09,1.6918045e-05,0.015944919
207.5,13.09,1.6912887e-05,0.015940057
207.6,13.09,1.6906576e-05,0.01593411
207.7,13.09,1.6905149e-05,0.015932765
207.8,13.09,1.6903268e-05,0.015930992
207.9,13.09,1.6896072e-05,0.01592421
208,6.545,-1.9688985e-05,0.0092782372
208.1,0,-8.5881586e-06,0
208.2,0,-5.1052813e-06,0
208.3,0,-3.7817036e-06,0
208.4,0,-2.9180551e-06,0
208.5,0,-2.269308e-06,0
208.6,0,-1.759498e-06,0
208.7,0,-1.3581586e-06,0
208.8,0,-1.0449717e-06,0
208.9,0,-8.0249558e-07,0
209,0,-6.1570476e-07,0
209.1,0,-4.7215136e-07,0
209.2,0,-3.619801e-07,0
209.3,0,-2.7749166e-07,0
209.4,0,-2.127178e-07,0
209.5,0,-1.6306788e-07,0
209.6,0,-1.2500339e-07,0
209.7,0,-9.5825064e-08,0
209.8,0,-7.3460425e-08,0
209.9,0,-5.6317018e-08,0
210,6.545,3.6395987e-05,0.017151245
210.1,13.09,2.2658676e-05,0.021355349
210.2,13.09,1.6724722e-05,0.015762716
210.3,13.09,1.4246715e-05,0.013427244
210.4,13.09,1.2840041e-05,0.012101482
210.5,13.09,1.1999214e-05,0.011309019
210.6,13.09,1.1481095e-05,0.010820703
210.7,13.09,1.1144226e-05,0.01050321
210.8,13.09,1.0935294e-05,0.010306296
210.9,13.09,1.0895421e-05,0.010268717
211,13.09,1.0953332e-05,0.010323297
211.1,13.09,1.1010285e-05,0.010376973
211.2,13.09,1.1135985e-05,0.010495443
211.3,13.09,1.1365585e-05,0.010711837
211.4,13.09,1.1639275e-05,0.010969784
211.5,13.09,1.1975383e-05,0.011286559
211.6,13.09,1.2535879e-05,0.011814815
211.7,13.09,1.3462746e-05,0.012688369
211.8,13.09,1.4451301e-05,0.013620062
211.9,13.09,1.5435567e-05,0.014547713
212,13.09,1.6459858e-05,0.015513087
212.1,13.09,1.6976287e-05,0.015999811
212.2,13.09,1.6954149e-05,0.015978946
212.3,13.09,1.6862982e-05,0.015893023
212.4,13.09,1.687077e-05,0.015900363
212.5,13.09,1.6902185e-05,0.015929971
212.6,13.09,1.6919533e-05,0.015946322
212.7,13.09,1.6913776e-05,0.015940895
212.8,13.09,1.6914595e-05,0.015941667
212.9,13.09,1.6907591e-05,0.015935066
213,13.09,1.6904718e-05,0.015932359
213.1,13.09,1.6901159e-05,0.015929004
213.2,13.09,1.6888822e-05,0.015917377
213.3,13.09,1.6882011e-05,0.015910957
213.4,13.09,1.6863622e-05,0.015893626
213.5,13.09,1.6845925e-05,0.015876948
213.6,13.09,1.6832257e-05,0.015864066
213.7,13.09,1.6806423e-05,0.015839717
213.8,13.09,1.6789012e-05,0.015823308
213.9,13.09,1.6802994e-05,0.015836486
214,13.09,1.6846914e-05,0.015877879
214.1,13.09,1.6882096e-05,0.015911038
214.2,13.09,1.6898498e-05,0.015926496
214.3,13.09,1.6904245e-05,0.015931913
214.4,13.09,1.6910439e-05,0.015937751
214.5,13.09,1.6913805e-05,0.015940923
214.6,13.09,1.6919294e-05,0.015946096
214.7,13.09,1.692872e-05,0.01595498
214.8,13.09,1.6929291e-05,0.015955518
214.9,13.09,1.6932231e-05,0.015958289
215,13.09,1.6939138e-05,0.015964799
215.1,13.09,1.6935861e-05,0.01596171
215.2,13.09,1.6939933e-05,0.015965548
215.3,13.09,1.6943436e-05,0.015968849
215.4,13.09,1.6941697e-05,0.01596721
215.5,13.09,1.6947348e-05,0.015972536
215.6,13.09,1.694345e-05,0.015968863
215.7,13.09,1.6942319e-05,0.015967797
215.8,13.09,1.6946591e-05,0.015971823
215.9,13.09,1.6943951e-05,0.015969335
216,13.09,1.6941954e-05,0.015967453
216.1,13.09,1.6945214e-05,0.015970526
216.2,13.09,1.6941724e-05,0.015967236
216.3,13.09,1.694109e-05,0.015966639
216.4,13.09,1.6940989e-05,0.015966544
216.5,13.09,1.6936385e-05,0.015962204
216.6,13.09,1.6938252e-05,0.015963964
216.7,13.09,1.6933753e-05,0.015959723
216.8,13.09,1.6932405e-05,0.015958453
216.9,13.09,1.6931037e-05,0.015957164
217,13.09,1.692431e-05,0.015950823
217.1,13.09,1.6922158e-05,0.015948795
217.2,13.09,1.6924563e-05,0.015951062
217.3,13.09,1.6917301e-05,0.015944217
217.4,13.09,1.6915359e-05,0.015942388
217.5,13.09,1.6912903e-05,0.015940073
217.6,13.09,1.6907565e-05,0.015935042
217.7,13.09,1.6906909e-05,0.015934424
217.8,13.09,1.6899361e-05,0.01592731
217.9,13.09,1.6900112e-05,0.015928018
218,6.545,-1.969505e-05,0.0092810952
218.1,0,-8.5892704e-06,0
218.2,0,-5.1057156e-06,0
218.3,0,-3.7819484e-06,0
218.4,0,-2.9183148e-06,0
218.5,0,-2.2694736e-06,0
218.6,0,-1.7596043e-06,0
218.7,0,-1.3582029e-06,0
218.8,0,-1.0449955e-06,0
218.9,0,-8.0254102e-07,0
219,0,-6.1573211e-07,0
219.1,0,-4.7217012e-07,0
219.2,0,-3.6200397e-07,0
219.3,0,-2.7751056e-07,0
219.4,0,-2.1273287e-07,0
219.5,0,-1.630739e-07,0
219.6,0,-1.2500744e-07,0
219.7,0,-9.5831002e-08,0
219.8,0,-7.3464782e-08,0
219.9,0,-5.6321361e-08,0
220,6.545,3.6400923e-05,0.017153571
220.1,13.09,2.2651542e-05,0.021348625
220.2,13.09,1.6727784e-05,0.015765602
220.3,13.09,1.4242317e-05,0.013423098
220.4,13.09,1.2841457e-05,0.012102816
220.5,13.09,1.2001341e-05,0.011311024
220.6,13.09,1.1479059e-05,0.010818784
220.7,13.09,1.1147058e-05,0.010505879
220.8,13.09,1.0934543e-05,0.010305588
220.9,13.09,1.0893145e-05,0.010266572
221,13.09,1.0958787e-05,0.010328438
221.1,13.09,1.1010649e-05,0.010377316
221.2,13.09,1.1128876e-05,0.010488743
221.3,13.09,1.1371052e-05,0.010716989
221.4,13.09,1.1642506e-05,0.010972829
221.5,13.09,1.1980456e-05,0.01129134
221.6,13.09,1.2545942e-05,0.0118243
221.7,13.09,1.3473569e-05,0.012698569
221.8,13.09,1.4454701e-05,0.013623267
221.9,13.09,1.543641e-05,0.014548508
222,13.09,1.6464451e-05,0.015517416
222.1,13.09,1.6977639e-05,0.016001085
222.2,13.09,1.696058e-05,0.015985007
222.3,13.09,1.6866421e-05,0.015896264
222.4,13.09,1.6867829e-05,0.015897592
222.5,13.09,1.6906729e-05,0.015934254
222.6,13.09,1.6917823e-05,0.01594471
222.7,13.09,1.6919301e-05,0.015946103
222.8,13.09,1.6911915e-05,0.015939142
222.9,13.09,1.6912905e-05,0.015940075
223,13.09,1.6905397e-05,0.015932998
223.1,13.09,1.6902711e-05,0.015930467
223.2,13.09,1.6889831e-05,0.015918328
223.3,13.09,1.6876915e-05,0.015906155
223.4,13.09,1.6867089e-05,0.015896894
223.5,13.09,1.6849451e-05,0.015880271
223.6,13.09,1.6827441e-05,0.015859527
223.7,13.09,1.6807231e-05,0.015840479
223.8,13.09,1.6795571e-05,0.015829489
223.9,13.09,1.6800982e-05,0.015834589
224,13.09,1.6852641e-05,0.015883277
224.1,13.09,1.6886699e-05,0.015915376
224.2,13.09,1.6897322e-05,0.015925388
224.3,13.09,1.6908999e-05,0.015936394
224.4,13.09,1.6908986e-05,0.015936381
224.5,13.09,1.6919227e-05,0.015946033
224.6,13.09,1.6922003e-05,0.015948649
224.7,13.09,1.6928411e-05,0.015954689
224.8,13.09,1.6933143e-05,0.015959149
224.9,13.09,1.6933988e-05,0.015959945
225,13.09,1.6941701e-05,0.015967214
225.1,13.09,1.6939191e-05,0.015964848
225.2,13.09,1.6939969e-05,0.015965582
225.3,13.09,1.694696e-05,0.015972171
225.4,13.09,1.6943789e-05,0.015969182
225.5,13.09,1.6943627e-05,0.01596903
225.6,13.09,1.6949978e-05,0.015975015
225.7,13.09,1.6946423e-05,0.015971664
225.8,13.09,1.6944577e-05,0.015969925
225.9,13.09,1.6948387e-05,0.015973516
226,13.09,1.6942835e-05,0.015968283
226.1,13.09,1.6944499e-05,0.015969852
226.2,13.09,1.694457e-05,0.015969919
226.3,13.09,1.6941804e-05,0.015967311
226.4,13.09,1.6943283e-05,0.015968705
226.5,13.09,1.6937835e-05,0.01596357
226.6,13.09,1.6940628e-05,0.015966204
226.7,13.09,1.6934016e-05,0.015959972
226.8,13.09,1.6931842e-05,0.015957922
226.9,13.09,1.6932739e-05,0.015958768
227,13.09,1.6925479e-05,0.015951925
227.1,13.09,1.6923986e-05,0.015950518
227.2,13.09,1.6924151e-05,0.015950673
227.3,13.09,1.6917927e-05,0.015944807
227.4,13.09,1.691919e-05,0.015945998
227.5,13.09,1.6910942e-05,0.015938225
227.6,13.09,1.6908066e-05,0.015935514
227.7,13.09,1.6907612e-05,0.015935087
227.8,13.09,1.6900123e-05,0.015928028
227.9,13.09,1.6900758e-05,0.015928626
228,6.545,-1.9694245e-05,0.0092807162
228.1,0,-8.5888289e-06,0
228.2,0,-5.1054683e-06,0
228.3,0,-3.7819887e-06,0
228.4,0,-2.9182411e-06,0
228.5,0,-2.2694275e-06,0
228.6,0,-1.7596507e-06,0
228.7,0,-1.3582454e-06,0
228.8,0,-1.0450184e-06,0
228.9,0,-8.0252874e-07,0
229,0,-6.1571525e-07,0
229.1,0,-4.7215209e-07,0
229.2,0,-3.6198738e-07,0
229.3,0,-2.7750952e-07,0
229.4,0,-2.1272889e-07,0
229.5,0,-1.6307287e-07,0
229.6,0,-1.250062e-07,0
229.7,0,-9.5827508e-08,0
229.8,0,-7.3464442e-08,0
229.9,0,-5.6319898e-08,0
230,6.545,3.6393722e-05,0.017150177
230.1,13.09,2.2657934e-05,0.02135465
230.2,13.09,1.6724067e-05,0.015762099
230.3,13.09,1.4247617e-05,0.013428094
230.4,13.09,1.2842662e-05,0.012103952
230.5,13.09,1.1999073e-05,0.011308886
230.6,13.09,1.1481513e-05,0.010821097
230.7,13.09,1.1144361e-05,0.010503338
230.8,13.09,1.0935834e-05,0.010306805
230.9,13.09,1.0892156e-05,0.010265639
231,13.09,1.0956894e-05,0.010326653
231.1,13.09,1.1011793e-05,0.010378395
231.2,13.09,1.1134776e-05,0.010494303
231.3,13.09,1.1364781e-05,0.010711079
231.4,13.09,1.1646864e-05,0.010976936
231.5,13.09,1.1969905e-05,0.011281396
231.6,13.09,1.2541932e-05,0.01182052
231.7,13.09,1.3470401e-05,0.012695584
231.8,13.09,1.4455735e-05,0.013624241
231.9,13.09,1.545008e-05,0.014561391
232,13.09,1.6471025e-05,0.015523611
232.1,13.09,1.6969603e-05,0.015993512
232.2,13.09,1.696061e-05,0.015985036
232.3,13.09,1.6872871e-05,0.015902344
232.4,13.09,1.6875447e-05,0.015904771
232.5,13.09,1.6912762e-05,0.01593994
232.6,13.09,1.6920742e-05,0.015947461
232.7,13.09,1.6921781e-05,0.01594844
232.8,13.09,1.6920525e-05,0.015947256
232.9,13.09,1.6915384e-05,0.015942411
233,13.09,1.6915761e-05,0.015942766
233.1,13.09,1.6906373e-05,0.015933918
233.2,13.09,1.6898321e-05,0.01592633
233.3,13.09,1.6888617e-05,0.015917184
233.4,13.09,1.6873256e-05,0.015902706
233.5,13.09,1.6860601e-05,0.015890779
233.6,13.09,1.6835878e-05,0.015867479
233.7,13.09,1.6816833e-05,0.015849529
233.8,13.09,1.6801623e-05,0.015835194
233.9,13.09,1.680686e-05,0.01584013
234,13.09,1.6859302e-05,0.015889555
234.1,13.09,1.6887891e-05,0.015916499
234.2,13.09,1.6903396e-05,0.015931113
234.3,13.09,1.6915506e-05,0.015942526
234.4,13.09,1.6914637e-05,0.015941707
234.5,13.09,1.6920676e-05,0.015947399
234.6,13.09,1.6933202e-05,0.015959204
234.7,13.09,1.6935234e-05,0.01596112
234.8,13.09,1.6937525e-05,0.015963278
234.9,13.09,1.6943721e-05,0.015969118
235,13.09,1.6940794e-05,0.015966359
235.1,13.09,1.6944412e-05,0.015969769
235.2,13.09,1.6951553e-05,0.0159765
235.3,13.09,1.6949549e-05,0.015974611
235.4,13.09,1.6947796e-05,0.015972958
235.5,13.09,1.6953802e-05,0.01597862
235.6,13.09,1.6949824e-05,0.01597487
235.7,13.09,1.6949103e-05,0.015974191
235.8,13.09,1.6954695e-05,0.015979461
235.9,13.09,1.6950424e-05,0.015975435
236,13.09,1.6948446e-05,0.015973571
236.1,13.09,1.6951768e-05,0.015976703
236.2,13.09,1.694556e-05,0.015970851
236.3,13.09,1.6947857e-05,0.015973017
236.4,13.09,1.694396e-05,0.015969344
236.5,13.09,1.6940714e-05,0.015966284
236.6,13.09,1.6943135e-05,0.015968566
236.7,13.09,1.693806e-05,0.015963782
236.8,13.09,1.6935205e-05,0.015961092
236.9,13.09,1.6936191e-05,0.015962021
237,13.09,1.6930117e-05,0.015956297
237.1,13.09,1.6932452e-05,0.015958498
237.2,13.09,1.6925468e-05,0.015951915
237.3,13.09,1.6921691e-05,0.015948355
237.4,13.09,1.6921464e-05,0.015948141
237.5,13.09,1.6914168e-05,0.015941265
237.6,13.09,1.6913831e-05,0.015940948
237.7,13.09,1.6906971e-05,0.015934482
237.8,13.09,1.6903353e-05,0.015931072
237.9,13.09,1.6900939e-05,0.015928797
238,6.545,-1.9691998e-05,0.0092796571
238.1,0,-8.5884688e-06,0
238.2,0,-5.1059048e-06,0
238.3,0,-3.7821621e-06,0
238.4,0,-2.9182391e-06,0
238.5,0,-2.2693416e-06,0
238.6,0,-1.7594916e-06,0
238.7,0,-1.3581026e-06,0
238.8,0,-1.0449214e-06,0
238.9,0,-8.0248975e-07,0
239,0,-6.1568893e-07,0
239.1,0,-4.7213856e-07,0
239.2,0,-3.619737e-07,0
239.3,0,-2.7748735e-07,0
239.4,0,-2.1271896e-07,0
239.5,0,-1.6306399e-07,0
239.6,0,-1.2499907e-07,0
239.7,0,-9.5822927e-08,0
239.8,0,-7.3459235e-08,0
239.9,0,-5.6317968e-08,0
240,6.545,3.6404039e-05,0.017155039
240.1,13.09,2.2650969e-05,0.021348085
240.2,13.09,1.6730457e-05,0.015768122
240.3,13.09,1.4241039e-05,0.013421894
240.4,13.09,1.2847194e-05,0.012108223
240.5,13.09,1.1994912e-05,0.011304965
240.6,13.09,1.1485359e-05,0.010824721
240.7,13.09,1.1140842e-05,0.01050002
240.8,13.09,1.0939583e-05,0.010310338
240.9,13.09,1.0892721e-05,0.010266172
241,13.09,1.0952383e-05,0.010322402
241.1,13.09,1.1015816e-05,0.010382186
241.2,13.09,1.1129863e-05,0.010489674
241.3,13.09,1.1370711e-05,0.010716668
241.4,13.09,1.1638161e-05,0.010968734
241.5,13.09,1.1969281e-05,0.011280808
241.6,13.09,1.2528779e-05,0.011808124
241.7,13.09,1.3460728e-05,0.012686467
241.8,13.09,1.4438829e-05,0.013608308
241.9,13.09,1.541515e-05,0.01452847
242,13.09,1.643259e-05,0.015487387
242.1,13.09,1.6962479e-05,0.015986797
242.2,13.09,1.6949015e-05,0.015974107
242.3,13.09,1.6859093e-05,0.015889358
242.4,13.09,1.6855521e-05,0.015885991
242.5,13.09,1.6890986e-05,0.015919416
242.6,13.09,1.6907537e-05,0.015935016
242.7,13.09,1.6902573e-05,0.015930337
242.8,13.09,1.6903583e-05,0.015931289
242.9,13.09,1.6895964e-05,0.015924108
243,13.09,1.6890976e-05,0.015919407
243.1,13.09,1.6888268e-05,0.015916855
243.2,13.09,1.6874788e-05,0.01590415
243.3,13.09,1.6864544e-05,0.015894496
243.4,13.09,1.6851389e-05,0.015882097
243.5,13.09,1.6832087e-05,0.015863905
243.6,13.09,1.681515e-05,0.015847943
243.7,13.09,1.678971e-05,0.015823966
243.8,13.09,1.6777604e-05,0.015812556
243.9,13.09,1.6783727e-05,0.015818327
244,13.09,1.683415e-05,0.01586585
244.1,13.09,1.6869348e-05,0.015899023
244.2,13.09,1.6878851e-05,0.01590798
244.3,13.09,1.6890015e-05,0.015918502
244.4,13.09,1.6890069e-05,0.015918553
244.5,13.09,1.6897278e-05,0.015925347
244.6,13.09,1.6905353e-05,0.015932958
244.7,13.09,1.6907516e-05,0.015934996
244.8,13.09,1.6915141e-05,0.015942182
244.9,13.09,1.6915449e-05,0.015942473
245,13.09,1.6917367e-05,0.01594428
245.1,13.09,1.692238e-05,0.015949004
245.2,13.09,1.6925329e-05,0.015951784
245.3,13.09,1.6926008e-05,0.015952424
245.4,13.09,1.6930212e-05,0.015956387
245.5,13.09,1.6927607e-05,0.015953931
245.6,13.09,1.6932342e-05,0.015958393
245.7,13.09,1.6929224e-05,0.015955455
245.8,13.09,1.6929536e-05,0.015955749
245.9,13.09,1.6933041e-05,0.015959052
246,13.09,1.6927867e-05,0.015954176
246.1,13.09,1.6928666e-05,0.015954929
246.2,13.09,1.6933083e-05,0.015959092
246.3,13.09,1.6928265e-05,0.015954551
246.4,13.09,1.6925427e-05,0.015951876
246.5,13.09,1.6928e-05,0.015954302
246.6,13.09,1.6925269e-05,0.015951728
246.7,13.09,1.6921145e-05,0.015947841
246.8,13.09,1.692168e-05,0.015948345
246.9,13.09,1.6921613e-05,0.015948282
247,13.09,1.691643e-05,0.015943397
247.1,13.09,1.6916655e-05,0.015943609
247.2,13.09,1.6912986e-05,0.015940151
247.3,13.09,1.6907238e-05,0.015934734
247.4,13.09,1.6907292e-05,0.015934784
247.5,13.09,1.6905404e-05,0.015933005
247.6,13.09,1.6900126e-05,0.015928031
247.7,13.09,1.6899964e-05,0.015927878
247.8,13.09,1.6892426e-05,0.015920773
247.9,13.09,1.6893525e-05,0.01592181
248,6.545,-1.970095e-05,0.0092838755
248.1,0,-8.5912473e-06,0
248.2,0,-5.1053037e-06,0
248.3,0,-3.7817477e-06,0
248.4,0,-2.9182703e-06,0
248.5,0,-2.269591e-06,0
248.6,0,-1.7597691e-06,0
248.7,0,-1.3583764e-06,0
248.8,0,-1.0451402e-06,0
248.9,0,-8.026451e-07,0
249,0,-6.1579835e-07,0
249.1,0,-4.7221346e-07,0
249.2,0,-3.6204128e-07,0
249.3,0,-2.7754174e-07,0
249.4,0,-2.1275096e-07,0
249.5,0,-1.6308695e-07,0
249.6,0,-1.250186e-07,0
249.7,0,-9.5840466e-08,0
249.8,0,-7.347266e-08,0
249.9,0,-5.6327833e-08,0
250,6.545,3.6394509e-05,0.017150549
250.1,13.09,2.2653299e-05,0.021350281
250.2,13.09,1.6728183e-05,0.015765978
250.3,13.09,1.4243808e-05,0.013424504
250.4,13.09,1.2843745e-05,0.012104973
250.5,13.09,1.1993355e-05,0.011303497
250.6,13.09,1.1486288e-05,0.010825597
250.7,13.09,1.1141498e-05,0.010500639
250.8,13.09,1.0940095e-05,0.010310821
250.9,13.09,1.089439e-05,0.010267745
251,13.09,1.0953187e-05,0.010323159
251.1,13.09,1.1017558e-05,0.010383828
251.2,13.09,1.1127083e-05,0.010487053
251.3,13.09,1.1363703e-05,0.010710063
251.4,13.09,1.1648849e-05,0.010978807
251.5,13.09,1.1981635e-05,0.011292451
251.6,13.09,1.2555353e-05,0.011833169
251.7,13.09,1.3478666e-05,0.012703373
251.8,13.09,1.4480103e-05,0.013647207
251.9,13.09,1.5494267e-05,0.014603037
252,13.09,1.6492673e-05,0.015544015
252.1,13.09,1.6978423e-05,0.016001824
252.2,13.09,1.6976268e-05,0.015999793
252.3,13.09,1.6896205e-05,0.015924336
252.4,13.09,1.6904767e-05,0.015932404
252.5,13.09,1.6930292e-05,0.015956461
252.6,13.09,1.6942457e-05,0.015967927
252.7,13.09,1.6947098e-05,0.015972301
252.8,13.09,1.6939802e-05,0.015965424
252.9,13.09,1.6938222e-05,0.015963936
253,13.09,1.6939083e-05,0.015964747
253.1,13.09,1.6926694e-05,0.015953071
253.2,13.09,1.6921544e-05,0.015948217
253.3,13.09,1.6910425e-05,0.015937737
253.4,13.09,1.6895372e-05,0.01592355
253.5,13.09,1.6884017e-05,0.015912848
253.6,13.09,1.6860826e-05,0.015890992
253.7,13.09,1.6840674e-05,0.015871999
253.8,13.09,1.6823095e-05,0.015855431
253.9,13.09,1.6821945e-05,0.015854346
254,13.09,1.6870858e-05,0.015900446
254.1,13.09,1.6905061e-05,0.015932682
254.2,13.09,1.691929e-05,0.015946093
254.3,13.09,1.6931996e-05,0.015958068
254.4,13.09,1.6931798e-05,0.015957881
254.5,13.09,1.6940979e-05,0.015966533
254.6,13.09,1.6943391e-05,0.015968807
254.7,13.09,1.6948281e-05,0.015973416
254.8,13.09,1.6954946e-05,0.015979697
254.9,13.09,1.6953769e-05,0.015978588
255,13.09,1.6959959e-05,0.015984423
255.1,13.09,1.695833e-05,0.015982887
255.2,13.09,1.6960682e-05,0.015985104
255.3,13.09,1.6962836e-05,0.015987134
255.4,13.09,1.6960443e-05,0.015984878
255.5,13.09,1.696584e-05,0.015989965
255.6,13.09,1.6960942e-05,0.015985348
255.7,13.09,1.6960959e-05,0.015985364
255.8,13.09,1.696387e-05,0.015988108
255.9,13.09,1.695937e-05,0.015983867
256,13.09,1.696289e-05,0.015987185
256.1,13.09,1.6956676e-05,0.015981328
256.2,13.09,1.6955729e-05,0.015980435
256.3,13.09,1.6957534e-05,0.015982137
256.4,13.09,1.6952091e-05,0.015977007
256.5,13.09,1.6954682e-05,0.015979449
256.6,13.09,1.6947766e-05,0.01597293
256.7,13.09,1.6944904e-05,0.015970233
256.8,13.09,1.6948237e-05,0.015973375
256.9,13.09,1.6942203e-05,0.015967688
257,13.09,1.6935434e-05,0.015961308
257.1,13.09,1.6933173e-05,0.015959177
257.2,13.09,1.6935605e-05,0.015961469
257.3,13.09,1.6927686e-05,0.015954005
257.4,13.09,1.6923137e-05,0.015949718
257.5,13.09,1.6924819e-05,0.015951303
257.6,13.09,1.6916574e-05,0.015943533
257.7,13.09,1.6911773e-05,0.015939008
257.8,13.09,1.6913522e-05,0.015940656
257.9,13.09,1.6905945e-05,0.015933515
258,6.545,-1.9682716e-05,0.0092752831
258.1,0,-8.5867164e-06,0
258.2,0,-5.1058923e-06,0
258.3,0,-3.78226e-06,0
258.4,0,-2.9181876e-06,0
258.5,0,-2.2692433e-06,0
258.6,0,-1.7593752e-06,0
258.7,0,-1.357972e-06,0
258.8,0,-1.0448292e-06,0
258.9,0,-8.0239766e-07,0
259,0,-6.1562355e-07,0
259.1,0,-4.720904e-07,0
259.2,0,-3.6194659e-07,0
259.3,0,-2.774638e-07,0
259.4,0,-2.126934e-07,0
259.5,0,-1.6304589e-07,0
259.6,0,-1.2498668e-07,0
259.7,0,-9.5816307e-08,0
259.8,0,-7.3454608e-08,0
259.9,0,-5.6312998e-08,0
260,6.545,3.6392775e-05,0.017149731
260.1,13.09,2.2653385e-05,0.021350362
260.2,13.09,1.6723459e-05,0.015761525
260.3,13.09,1.4249137e-05,0.013429527
260.4,13.09,1.2842228e-05,0.012103543
260.5,13.09,1.1991971e-05,0.011302193
260.6,13.09,1.1483953e-05,0.010823396
260.7,13.09,1.1140582e-05,0.010499776
260.8,13.09,1.0934786e-05,0.010305817
260.9,13.09,1.0895605e-05,0.01026889
261,13.09,1.0947527e-05,0.010317825
261.1,13.09,1.101316e-05,0.010379683
261.2,13.09,1.1133071e-05,0.010492696
261.3,13.09,1.1368232e-05,0.010714331
261.4,13.09,1.1645042e-05,0.01097522
261.5,13.09,1.1973241e-05,0.01128454
261.6,13.09,1.2548391e-05,0.011826607
261.7,13.09,1.3476378e-05,0.012701217
261.8,13.09,1.44446e-05,0.013613747
261.9,13.09,1.5404249e-05,0.014518197
262,13.09,1.6420796e-05,0.015476272
262.1,13.09,1.6964981e-05,0.015989156
262.2,13.09,1.6959178e-05,0.015983686
262.3,13.09,1.6860691e-05,0.015890864
262.4,13.09,1.6864848e-05,0.015894782
262.5,13.09,1.6897122e-05,0.0159252
262.6,13.09,1.6915973e-05,0.015942966
262.7,13.09,1.6910699e-05,0.015937996
262.8,13.09,1.6911451e-05,0.015938704
262.9,13.09,1.6904171e-05,0.015931843
263,13.09,1.6900785e-05,0.015928652
263.1,13.09,1.6897292e-05,0.01592536
263.2,13.09,1.6883178e-05,0.015912057
263.3,13.09,1.6872345e-05,0.015901848
263.4,13.09,1.6862716e-05,0.015892772
263.5,13.09,1.6840317e-05,0.015871662
263.6,13.09,1.6823588e-05,0.015855895
263.7,13.09,1.6802733e-05,0.01583624
263.8,13.09,1.6786576e-05,0.015821012
263.9,13.09,1.6803407e-05,0.015836875
264,13.09,1.6849019e-05,0.015879863
264.1,13.09,1.6878846e-05,0.015907975
264.2,13.09,1.6896902e-05,0.015924992
264.3,13.09,1.6900377e-05,0.015928267
264.4,13.09,1.690271e-05,0.015930466
264.5,13.09,1.691445e-05,0.015941531
264.6,13.09,1.6917571e-05,0.015944473
264.7,13.09,1.6921704e-05,0.015948367
264.8,13.09,1.6929333e-05,0.015955558
264.9,13.09,1.6929225e-05,0.015955456
265,13.09,1.6935782e-05,0.015961635
265.1,13.09,1.6932545e-05,0.015958585
265.2,13.09,1.6936144e-05,0.015961977
265.3,13.09,1.6941493e-05,0.015967018
265.4,13.09,1.6937881e-05,0.015963614
265.5,13.09,1.6938925e-05,0.015964598
265.6,13.09,1.6945536e-05,0.015970829
265.7,13.09,1.6942462e-05,0.015967931
265.8,13.09,1.6940546e-05,0.015966125
265.9,13.09,1.6944567e-05,0.015969916
266,13.09,1.6938275e-05,0.015963985
266.1,13.09,1.6940171e-05,0.015965772
266.2,13.09,1.6941339e-05,0.015966873
266.3,13.09,1.6937046e-05,0.015962827
266.4,13.09,1.694102e-05,0.015966573
266.5,13.09,1.6934636e-05,0.015960556
266.6,13.09,1.6931494e-05,0.015957594
266.7,13.09,1.6933932e-05,0.015959892
266.8,13.09,1.6929775e-05,0.015955975
266.9,13.09,1.6925093e-05,0.015951562
267,13.09,1.6926143e-05,0.015952552
267.1,13.09,1.6922782e-05,0.015949383
267.2,13.09,1.691706e-05,0.01594399
267.3,13.09,1.6915003e-05,0.015942052
267.4,13.09,1.6915603e-05,0.015942617
267.5,13.09,1.6909022e-05,0.015936415
267.6,13.09,1.6910372e-05,0.015937687
267.7,13.09,1.6902642e-05,0.015930402
267.8,13.09,1.6901342e-05,0.015929177
267.9,13.09,1.6894708e-05,0.015922924
268,6.545,-1.9691582e-05,0.009279461
268.1,0,-8.5901406e-06,0
268.2,0,-5.1055073e-06,0
268.3,0,-3.7818007e-06,0
268.4,0,-2.9181368e-06,0
268.5,0,-2.2693205e-06,0
268.6,0,-1.7595571e-06,0
268.7,0,-1.3581632e-06,0
268.8,0,-1.0450097e-06,0
268.9,0,-8.0254583e-07,0
269,0,-6.1572085e-07,0
269.1,0,-4.7216246e-07,0
269.2,0,-3.6199573e-07,0
269.3,0,-2.7751249e-07,0
269.4,0,-2.1273333e-07,0
269.5,0,-1.6307144e-07,0
269.6,0,-1.2500625e-07,0
269.7,0,-9.5828905e-08,0
269.8,0,-7.3465226e-08,0
269.9,0,-5.6320689e-08,0
270,6.545,3.6398343e-05,0.017152355
270.1,13.09,2.2657868e-05,0.021354587
270.2,13.09,1.6724956e-05,0.015762936
270.3,13.09,1.4246105e-05,0.013426669
270.4,13.09,1.284254e-05,0.012103838
270.5,13.09,1.1999292e-05,0.011309093
270.6,13.09,1.1480178e-05,0.010819838
270.7,13.09,1.1145652e-05,0.010504554
270.8,13.09,1.093542e-05,0.010306414
270.9,13.09,1.0898656e-05,0.010271765
271,13.09,1.0949196e-05,0.010319398
271.1,13.09,1.1014017e-05,0.010380491
271.2,13.09,1.1130854e-05,0.010490607
271.3,13.09,1.1362642e-05,0.010709063
271.4,13.09,1.1643004e-05,0.010973298
271.5,13.09,1.1974903e-05,0.011286107
271.6,13.09,1.2537256e-05,0.011816113
271.7,13.09,1.3466685e-05,0.012692082
271.8,13.09,1.4450261e-05,0.013619082
271.9,13.09,1.5448242e-05,0.014559659
272,13.09,1.6462153e-05,0.01551525
272.1,13.09,1.6966052e-05,0.015990165
272.2,13.09,1.6959519e-05,0.015984008
272.3,13.09,1.6873301e-05,0.015902748
272.4,13.09,1.6880324e-05,0.015909367
272.5,13.09,1.6909151e-05,0.015936537
272.6,13.09,1.6927117e-05,0.015953469
272.7,13.09,1.6921574e-05,0.015948245
272.8,13.09,1.69191e-05,0.015945913
272.9,13.09,1.6920334e-05,0.015947076
273,13.09,1.6913402e-05,0.015940543
273.1,13.09,1.6912058e-05,0.015939276
273.2,13.09,1.6899307e-05,0.015927259
273.3,13.09,1.6887597e-05,0.015916222
273.4,13.09,1.6878007e-05,0.015907184
273.5,13.09,1.6856637e-05,0.015887043
273.6,13.09,1.6838985e-05,0.015870407
273.7,13.09,1.6821132e-05,0.015853581
273.8,13.09,1.6799682e-05,0.015833364
273.9,13.09,1.6807331e-05,0.015840573
274,13.09,1.685965e-05,0.015889883
274.1,13.09,1.688879e-05,0.015917346
274.2,13.09,1.6904386e-05,0.015932046
274.3,13.09,1.6916613e-05,0.01594357
274.4,13.09,1.6915541e-05,0.015942559
274.5,13.09,1.6921669e-05,0.015948335
274.6,13.09,1.693283e-05,0.015958854
274.7,13.09,1.6933026e-05,0.015959039
274.8,13.09,1.6939546e-05,0.015965183
274.9,13.09,1.6942952e-05,0.015968393
275,13.09,1.694301e-05,0.015968448
275.1,13.09,1.6948978e-05,0.015974073
275.2,13.09,1.6947405e-05,0.01597259
275.3,13.09,1.6947506e-05,0.015972686
275.4,13.09,1.6952385e-05,0.015977284
275.5,13.09,1.6950699e-05,0.015975695
275.6,13.09,1.69497e-05,0.015974753
275.7,13.09,1.6954147e-05,0.015978945
275.8,13.09,1.6950778e-05,0.01597577
275.9,13.09,1.694959e-05,0.015974649
276,13.09,1.6953291e-05,0.015978137
276.1,13.09,1.6946667e-05,0.015971895
276.2,13.09,1.694739e-05,0.015972576
276.3,13.09,1.6948237e-05,0.015973374
276.4,13.09,1.6943458e-05,0.01596887
276.5,13.09,1.6945421e-05,0.01597072
276.6,13.09,1.6940723e-05,0.015966293
276.7,13.09,1.6939222e-05,0.015964878
276.8,13.09,1.6938364e-05,0.01596407
276.9,13.09,1.6932432e-05,0.015958479
277,13.09,1.693418e-05,0.015960126
277.1,13.09,1.6926947e-05,0.015953309
277.2,13.09,1.6925316e-05,0.015951771
277.3,13.09,1.6923805e-05,0.015950348
277.4,13.09,1.6917545e-05,0.015944448
277.5,13.09,1.6917715e-05,0.015944608
277.6,13.09,1.6911215e-05,0.015938482
277.7,13.09,1.6907829e-05,0.015935291
277.8,13.09,1.6905241e-05,0.015932852
277.9,13.09,1.6898089e-05,0.015926111
278,6.545,-1.9686212e-05,0.0092769306
278.1,0,-8.5873867e-06,0
278.2,0,-5.1056238e-06,0
278.3,0,-3.7820631e-06,0
278.4,0,-2.9182683e-06,0
278.5,0,-2.269359e-06,0
278.6,0,-1.759565e-06,0
278.7,0,-1.3581458e-06,0
278.8,0,-1.0449354e-06,0
278.9,0,-8.0249107e-07,0
279,0,-6.1568639e-07,0
279.1,0,-4.7215137e-07,0
279.2,0,-3.619912e-07,0
279.3,0,-2.7749752e-07,0
279.4,0,-2.127224e-07,0
279.5,0,-1.6306407e-07,0
279.6,0,-1.2499825e-07,0
279.7,0,-9.5822081e-08,0
279.8,0,-7.3458026e-08,0
279.9,0,-5.6316453e-08,0
280,6.545,3.6403618e-05,0.017154841
280.1,13.09,2.2653256e-05,0.02135024
280.2,13.09,1.6728604e-05,0.015766375
280.3,13.09,1.4242361e-05,0.01342314
280.4,13.09,1.2845557e-05,0.01210668
280.5,13.09,1.1996578e-05,0.011306535
280.6,13.09,1.148429e-05,0.010823713
280.7,13.09,1.1142299e-05,0.010501394
280.8,13.09,1.0938599e-05,0.01030941
280.9,13.09,1.0894568e-05,0.010267913
281,13.09,1.0955451e-05,0.010325294
281.1,13.09,1.1012929e-05,0.010379466
281.2,13.09,1.1132222e-05,0.010491896
281.3,13.09,1.1365222e-05,0.010711495
281.4,13.09,1.1648158e-05,0.010978156
281.5,13.09,1.1977976e-05,0.011289002
281.6,13.09,1.2553654e-05,0.011831568
281.7,13.09,1.3478591e-05,0.012703303
281.8,13.09,1.4466902e-05,0.013634766
281.9,13.09,1.5463187e-05,0.014573744
282,13.09,1.6476359e-05,0.015528639
282.1,13.09,1.6975503e-05,0.015999072
282.2,13.09,1.696066e-05,0.015985083
282.3,13.09,1.6882793e-05,0.015911695
282.4,13.09,1.6890914e-05,0.015919349
282.5,13.09,1.6918884e-05,0.01594571
282.6,13.09,1.6936361e-05,0.015962181
282.7,13.09,1.6930729e-05,0.015956874
282.8,13.09,1.6929304e-05,0.015955531
282.9,13.09,1.6929049e-05,0.01595529
283,13.09,1.6922702e-05,0.015949308
283.1,13.09,1.6920077e-05,0.015946834
283.2,13.09,1.6908989e-05,0.015936384
283.3,13.09,1.6897184e-05,0.015925258
283.4,13.09,1.6888952e-05,0.015917499
283.5,13.09,1.6868925e-05,0.015898625
283.6,13.09,1.6849203e-05,0.015880037
283.7,13.09,1.6831773e-05,0.015863609
283.8,13.09,1.6810233e-05,0.015843308
283.9,13.09,1.6819043e-05,0.015851612
284,13.09,1.6859533e-05,0.015889772
284.1,13.09,1.6897446e-05,0.015925505
284.2,13.09,1.6913241e-05,0.015940391
284.3,13.09,1.69232e-05,0.015949778
284.4,13.09,1.6925466e-05,0.015951913
284.5,13.09,1.6933578e-05,0.015959559
284.6,13.09,1.6935625e-05,0.015961488
284.7,13.09,1.6940981e-05,0.015966536
284.8,13.09,1.6948767e-05,0.015973874
284.9,13.09,1.6946468e-05,0.015971708
285,13.09,1.6951802e-05,0.015976734
285.1,13.09,1.695446e-05,0.01597924
285.2,13.09,1.6954534e-05,0.015979309
285.3,13.09,1.6958747e-05,0.01598328
285.4,13.09,1.6955519e-05,0.015980237
285.5,13.09,1.6960232e-05,0.01598468
285.6,13.09,1.6956174e-05,0.015980855
285.7,13.09,1.6955525e-05,0.015980243
285.8,13.09,1.6959237e-05,0.015983741
285.9,13.09,1.6953511e-05,0.015978345
286,13.09,1.6955288e-05,0.01598002
286.1,13.09,1.695529e-05,0.015980022
286.2,13.09,1.6951864e-05,0.015976793
286.3,13.09,1.6953305e-05,0.015978151
286.4,13.09,1.6947909e-05,0.015973065
286.5,13.09,1.6950661e-05,0.015975659
286.6,13.09,1.6944091e-05,0.015969467
286.7,13.09,1.6941045e-05,0.015966596
286.8,13.09,1.6943611e-05,0.015969014
286.9,13.09,1.6936549e-05,0.015962358
287,13.09,1.6932946e-05,0.015958963
287.1,13.09,1.6933128e-05,0.015959134
287.2,13.09,1.6928864e-05,0.015955116
287.3,13.09,1.6924014e-05,0.015950545
287.4,13.09,1.6926334e-05,0.015952731
287.5,13.09,1.6919258e-05,0.015946062
287.6,13.09,1.6913185e-05,0.015940339
287.7,13.09,1.6913597e-05,0.015940726
287.8,13.09,1.6904091e-05,0.015931768
287.9,13.09,1.6903129e-05,0.015930861
288,6.545,-1.968984e-05,0.0092786401
288.1,0,-8.5867865e-06,0
288.2,0,-5.105647e-06,0
288.3,0,-3.78214e-06,0
288.4,0,-2.9181267e-06,0
288.5,0,-2.2692001e-06,0
288.6,0,-1.759434e-06,0
288.7,0,-1.3580703e-06,0
288.8,0,-1.0448992e-06,0
288.9,0,-8.0245371e-07,0
289,0,-6.1565498e-07,0
289.1,0,-4.721111e-07,0
289.2,0,-3.619558e-07,0
289.3,0,-2.7748072e-07,0
289.4,0,-2.127103e-07,0
289.5,0,-1.6305861e-07,0
289.6,0,-1.2499685e-07,0
289.7,0,-9.5820501e-08,0
289.8,0,-7.3456424e-08,0
289.9,0,-5.6313536e-08,0
290,6.545,3.6397921e-05,0.017152156
290.1,13.09,2.2657494e-05,0.021354235
290.2,13.09,1.6725035e-05,0.015763011
290.3,13.09,1.4247626e-05,0.013428103
290.4,13.09,1.2841946e-05,0.012103277
290.5,13.09,1.2000007e-05,0.011309766
290.6,13.09,1.1481267e-05,0.010820864
290.7,13.09,1.1145077e-05,0.010504012
290.8,13.09,1.0935646e-05,0.010306628
290.9,13.09,1.0896885e-05,0.010270096
291,13.09,1.0953255e-05,0.010323224
291.1,13.09,1.1011618e-05,0.01037823
291.2,13.09,1.1134294e-05,0.010493849
291.3,13.09,1.136361e-05,0.010709975
291.4,13.09,1.1643049e-05,0.010973341
291.5,13.09,1.1980571e-05,0.011291449
291.6,13.09,1.254655e-05,0.011824872
291.7,13.09,1.3484243e-05,0.01270863
291.8,13.09,1.4463543e-05,0.0136316
291.9,13.09,1.5452193e-05,0.014563383
292,13.09,1.6474338e-05,0.015526734
292.1,13.09,1.6972425e-05,0.015996171
292.2,13.09,1.696271e-05,0.015987015
292.3,13.09,1.6880548e-05,0.015909579
292.4,13.09,1.6883595e-05,0.01591245
292.5,13.09,1.6917964e-05,0.015944843
292.6,13.09,1.6927958e-05,0.015954261
292.7,13.09,1.6932124e-05,0.015958188
292.8,13.09,1.6924911e-05,0.01595139
292.9,13.09,1.6924112e-05,0.015950637
293,13.09,1.6923968e-05,0.015950502
293.1,13.09,1.6913594e-05,0.015940724
293.2,13.09,1.6907663e-05,0.015935134
293.3,13.09,1.6894257e-05,0.015922499
293.4,13.09,1.6879702e-05,0.015908782
293.5,13.09,1.6867725e-05,0.015897494
293.6,13.09,1.6844788e-05,0.015875876
293.7,13.09,1.6823486e-05,0.015855799
293.8,13.09,1.6809655e-05,0.015842764
293.9,13.09,1.6813429e-05,0.01584632
294,13.09,1.6865297e-05,0.015895205
294.1,13.09,1.6896954e-05,0.015925041
294.2,13.09,1.690851e-05,0.015935933
294.3,13.09,1.692069e-05,0.015947412
294.4,13.09,1.6922567e-05,0.015949181
294.5,13.09,1.6925769e-05,0.015952198
294.6,13.09,1.693556e-05,0.015961426
294.7,13.09,1.6941185e-05,0.015966728
294.8,13.09,1.6943804e-05,0.015969196
294.9,13.09,1.6949339e-05,0.015974413
295,13.09,1.6947303e-05,0.015972494
295.1,13.09,1.6949337e-05,0.015974411
295.2,13.09,1.6954928e-05,0.01597968
295.3,13.09,1.6951364e-05,0.015976321
295.4,13.09,1.6954355e-05,0.01597914
295.5,13.09,1.695634e-05,0.015981012
295.6,13.09,1.6954168e-05,0.015978964
295.7,13.09,1.6957898e-05,0.01598248
295.8,13.09,1.6952347e-05,0.015977248
295.9,13.09,1.6955005e-05,0.015979753
296,13.09,1.6954483e-05,0.015979261
296.1,13.09,1.6950868e-05,0.015975854
296.2,13.09,1.6953613e-05,0.015978441
296.3,13.09,1.6948612e-05,0.015973728
296.4,13.09,1.6945164e-05,0.015970478
296.5,13.09,1.6946681e-05,0.015971908
296.6,13.09,1.6945232e-05,0.015970542
296.7,13.09,1.6941588e-05,0.015967108
296.8,13.09,1.694198e-05,0.015967478
296.9,13.09,1.6935878e-05,0.015961726
297,13.09,1.6936265e-05,0.015962091
297.1,13.09,1.693044e-05,0.015956601
297.2,13.09,1.6925509e-05,0.015951953
297.3,13.09,1.6925643e-05,0.01595208
297.4,13.09,1.6920993e-05,0.015947698
297.5,13.09,1.6914584e-05,0.015941658
297.6,13.09,1.6913149e-05,0.015940305
297.7,13.09,1.6911336e-05,0.015938596
297.8,13.09,1.6904067e-05,0.015931745
297.9,13.09,1.6904377e-05,0.015932037
298,6.545,-1.9688666e-05,0.0092780872
298.1,0,-8.5874337e-06,0
298.2,0,-5.1056066e-06,0
298.3,0,-3.7819917e-06,0
298.4,0,-2.9180903e-06,0
298.5,0,-2.2691999e-06,0
298.6,0,-1.7594478e-06,0
298.7,0,-1.3580646e-06,0
298.8,0,-1.0448735e-06,0
298.9,0,-8.0243321e-07,0
299,0,-6.1564725e-07,0
299.1,0,-4.7212339e-07,0
299.2,0,-3.6196647e-07,0
299.3,0,-2.7747592e-07,0
299.4,0,-2.1270305e-07,0
299.5,0,-1.6305276e-07,0
299.6,0,-1.2499319e-07,0
299.7,0,-9.5822028e-08,0
299.8,0,-7.3457704e-08,0
299.9,0,-5.6314109e-08,0
300,0,-4.3177437e-08,0
