/*--------------------------------*- C++ -*----------------------------------*\
| =========                 |                                                 |
| \\      /  F ield         | OpenFOAM: The Open Source CFD Toolbox           |
|  \\    /   O peration     | Version:  2506                                  |
|   \\  /    A nd           | Website:  www.openfoam.com                      |
|    \\/     M anipulation  |                                                 |
\*---------------------------------------------------------------------------*/
FoamFile
{
    version     2.0;
    format      ascii;
    arch        "LSB;label=32;scalar=64";
    class       surfaceScalarField;
    location    "13";
    object      phi;
}
// * * * * * * * * * * * * * * * * * * * * * * * * * * * * * * * * * * * * * //

dimensions      [0 3 -1 0 0 0 0];

oriented        oriented;

internalField   nonuniform List<scalar> 
23380
(
-1.26427739e-09
4.77356599e-08
-3.64286197e-09
4.91342486e-08
-7.43812595e-09
4.77463497e-08
-1.30170515e-08
4.39721836e-08
-2.01719097e-08
3.57848695e-08
-2.9674513e-08
2.23762668e-08
-4.10998495e-08
5.50843069e-09
-5.03568463e-08
-7.34766797e-09
-5.50287317e-08
-1.96286857e-08
-5.48364896e-08
-3.17990998e-08
-5.01212293e-08
-4.1975457e-08
-4.1428069e-08
-4.8371498e-08
-2.97265924e-08
-4.91542849e-08
-1.68941235e-08
-4.29116811e-08
-5.82857459e-09
-3.00992478e-08
5.13508157e-10
-1.45552184e-08
1.93534091e-09
-2.40821242e-09
1.31981019e-09
3.24231973e-09
4.09482158e-10
5.16843327e-09
4.46529083e-09
-5.95579119e-09
5.36914591e-08
-1.52152421e-08
5.83937012e-08
-2.71892958e-08
5.97204035e-08
-3.88173113e-08
5.5600199e-08
-4.73737189e-08
4.43412771e-08
-5.51597206e-08
3.01622684e-08
-6.52468765e-08
1.55955865e-08
-7.27072111e-08
1.12666827e-10
-7.66343705e-08
-1.57015255e-08
-7.71702265e-08
-3.12632429e-08
-7.34428288e-08
-4.57028539e-08
-6.46324175e-08
-5.71819088e-08
-5.0605157e-08
-6.31815452e-08
-3.25704487e-08
-6.09463897e-08
-1.38851191e-08
-4.87845781e-08
-1.68683396e-11
-2.84234711e-08
5.23396334e-09
-7.65904526e-09
4.15192488e-09
4.32437092e-09
1.591052e-09
7.72928568e-09
6.05635383e-09
-9.6048368e-09
6.32962872e-08
-2.25174477e-08
7.13063094e-08
-3.62855527e-08
7.34885072e-08
-4.67303367e-08
6.60449821e-08
-5.45965482e-08
5.22074876e-08
-6.2609666e-08
3.81753853e-08
-7.06934552e-08
2.3679375e-08
-7.80801263e-08
7.49933783e-09
-8.41333695e-08
-9.64828198e-09
-8.76872196e-08
-2.77093922e-08
-8.74774604e-08
-4.59126126e-08
-8.21057304e-08
-6.25536385e-08
-7.04641257e-08
-7.48231502e-08
-5.24806838e-08
-7.89298327e-08
-3.02056477e-08
-7.10596162e-08
-8.76463852e-09
-4.98644821e-08
4.03146348e-09
-2.04551496e-08
5.49304637e-09
2.86277537e-09
2.5796683e-09
1.06426858e-08
8.63601225e-09
-1.12555589e-08
7.45518528e-08
-2.49560589e-08
8.50068102e-08
-3.7278345e-08
8.58107927e-08
-4.61227763e-08
7.48894125e-08
-5.439354e-08
6.04782505e-08
-6.33760199e-08
4.71578644e-08
-7.22667742e-08
3.25701286e-08
-8.09994363e-08
1.62319996e-08
-8.87967187e-08
-1.85099932e-09
-9.48708968e-08
-2.16352132e-08
-9.80347914e-08
-4.27487171e-08
-9.67917467e-08
-6.37966827e-08
-8.93747366e-08
-8.22401603e-08
-7.43634264e-08
-9.39411437e-08
-5.19690974e-08
-9.3453947e-08
-2.57580431e-08
-7.60755398e-08
-3.61142188e-09
-4.26017732e-08
5.16088694e-09
-5.90952341e-09
2.98379802e-09
1.28197533e-08
1.16198209e-08
-1.15740279e-08
8.6125872e-08
-2.48001644e-08
9.82329438e-08
-3.55598978e-08
9.65705248e-08
-4.38052742e-08
8.3134788e-08
-5.25720163e-08
6.92449917e-08
-6.18673275e-08
5.64531746e-08
-7.10819712e-08
4.17847714e-08
-8.00392154e-08
2.51892436e-08
-8.83334954e-08
6.44328112e-09
-9.55410772e-08
-1.44276306e-08
-1.01164821e-07
-3.71249722e-08
-1.0403222e-07
-6.09292825e-08
-1.02137172e-07
-8.41352089e-08
-9.29271476e-08
-1.03151168e-07
-7.44750982e-08
-1.11905998e-07
-4.76369423e-08
-1.02913698e-07
-1.86307794e-08
-7.16079397e-08
1.57086673e-10
-2.46974027e-08
2.64467691e-09
1.03321847e-08
1.42644874e-08
-1.1142087e-08
9.7267965e-08
-2.3340215e-08
1.10431072e-07
-3.28896286e-08
1.06119938e-07
-4.09696174e-08
9.1214776e-08
-4.97480504e-08
7.80234238e-08
-5.85341253e-08
6.52392485e-08
-6.69387295e-08
5.01893748e-08
-7.47937992e-08
3.3044313e-08
-8.20899357e-08
1.37394175e-08
-8.9006007e-08
-7.51155849e-09
-9.56348728e-08
-3.04961053e-08
-1.01446521e-07
-5.51176333e-08
-1.04790007e-07
-8.07917223e-08
-1.02686588e-07
-1.05254588e-07
-9.14776809e-08
-1.23114906e-07
-6.89423845e-08
-1.25448997e-07
-3.77885653e-08
-1.02761761e-07
-8.49579793e-09
-5.3990161e-08
2.52043943e-09
-6.84076092e-10
1.67849369e-08
-1.01648328e-08
1.07432789e-07
-2.09806454e-08
1.21246882e-07
-2.9554418e-08
1.14693709e-07
-3.7427115e-08
9.9087472e-08
-4.57128419e-08
8.63091497e-08
-5.34642944e-08
7.29907001e-08
-6.04433896e-08
5.71684691e-08
-6.66257587e-08
3.92266814e-08
-7.23222302e-08
1.94358893e-08
-7.80874388e-08
-1.74634932e-09
-8.43599861e-08
-2.42235571e-08
-9.12251933e-08
-4.82524251e-08
-9.78867118e-08
-7.41302031e-08
-1.01946555e-07
-1.01194744e-07
-9.90980083e-08
-1.25963454e-07
-8.44485724e-08
-1.40098434e-07
-5.63075887e-08
-1.30902748e-07
-2.19543944e-08
-8.8343369e-08
-3.8793426e-10
-2.22505154e-08
1.63969903e-08
-8.78191008e-09
1.16214705e-07
-1.80359638e-08
1.30500936e-07
-2.57941584e-08
1.22451903e-07
-3.32468913e-08
1.06540204e-07
-4.06991503e-08
9.37614078e-08
-4.72444587e-08
7.95360076e-08
-5.28024302e-08
6.27264398e-08
-5.75448183e-08
4.39690692e-08
-6.19606817e-08
2.38517523e-08
-6.65941478e-08
2.88711701e-09
-7.18265699e-08
-1.89911342e-08
-7.80294759e-08
-4.20495182e-08
-8.53245458e-08
-6.68351325e-08
-9.27088632e-08
-9.38104261e-08
-9.67502197e-08
-1.21922098e-07
-9.13578973e-08
-1.45490759e-07
-7.08244942e-08
-1.51436153e-07
-3.67670133e-08
-1.22400841e-07
-5.39854301e-09
-5.36190112e-08
1.09984563e-08
-7.17304865e-09
1.23387746e-07
-1.48151126e-08
1.38142998e-07
-2.18501207e-08
1.29486909e-07
-2.86417925e-08
1.13331875e-07
-3.51059693e-08
1.00225584e-07
-4.05201641e-08
8.49502016e-08
-4.49937657e-08
6.72000406e-08
-4.88977906e-08
4.78730932e-08
-5.27413202e-08
2.76952816e-08
-5.6760414e-08
6.90621114e-09
-6.10785906e-08
-1.46729572e-08
-6.59300471e-08
-3.7198061e-08
-7.18549952e-08
-6.09101839e-08
-7.92192048e-08
-8.64462161e-08
-8.66758066e-08
-1.14465497e-07
-8.91443926e-08
-1.43022173e-07
-7.83416247e-08
-1.62238923e-07
-4.93273164e-08
-1.51415163e-07
-1.23386767e-08
-9.06076328e-08
-1.34023395e-09
-5.45202113e-09
1.28839772e-07
-1.14704362e-08
1.44161413e-07
-1.78162352e-08
1.35832708e-07
-2.37228703e-08
1.19238509e-07
-2.91915442e-08
1.05694257e-07
-3.36433486e-08
8.94020052e-08
-3.73707407e-08
7.09274318e-08
-4.08722075e-08
5.13745595e-08
-4.45470607e-08
3.13701343e-08
-4.83946166e-08
1.07537667e-08
-5.22551841e-08
-1.08123891e-08
-5.61186054e-08
-3.33346393e-08
-6.03345591e-08
-5.66942298e-08
-6.57180506e-08
-8.10627244e-08
-7.28676733e-08
-1.07315874e-07
-7.95844171e-08
-1.3630543e-07
-7.79570325e-08
-1.63866308e-07
-5.78904717e-08
-1.71481715e-07
-2.1713452e-08
-1.26784677e-07
-2.30536789e-08
-3.56789227e-09
1.32407657e-07
-8.04208659e-09
1.48635605e-07
-1.36543505e-08
1.4144497e-07
-1.84802216e-08
1.24064379e-07
-2.30484728e-08
1.10262507e-07
-2.66812253e-08
9.30347568e-08
-2.98350224e-08
7.40812282e-08
-3.30217239e-08
5.45612601e-08
-3.64934898e-08
3.48418995e-08
-4.01368342e-08
1.43971113e-08
-4.37606229e-08
-7.18860044e-09
-4.72609355e-08
-2.98343264e-08
-5.06137639e-08
-5.33414012e-08
-5.41567762e-08
-7.7519712e-08
-5.90152383e-08
-1.02457412e-07
-6.5890701e-08
-1.29429967e-07
-7.0390433e-08
-1.59366576e-07
-6.03507741e-08
-1.81521387e-07
-2.89411959e-08
-1.58194241e-07
-5.19948877e-08
-1.18814367e-09
1.33595806e-07
-4.67950486e-09
1.52126966e-07
-9.20596345e-09
1.45971428e-07
-1.28646293e-08
1.27723044e-07
-1.67079152e-08
1.14105792e-07
-1.95627771e-08
9.58896179e-08
-2.21761614e-08
7.66946117e-08
-2.49322644e-08
5.73173625e-08
-2.79684956e-08
3.78781303e-08
-3.11705845e-08
1.75991995e-08
-3.4460522e-08
-3.89866283e-09
-3.78310834e-08
-2.64637648e-08
-4.11219985e-08
-5.00504861e-08
-4.40372855e-08
-7.4604425e-08
-4.69148364e-08
-9.95798611e-08
-5.15097398e-08
-1.24835064e-07
-5.79647221e-08
-1.52911595e-07
-5.6319345e-08
-1.83166755e-07
-3.21798738e-08
-1.82333735e-07
-8.41747562e-08
1.07594294e-09
1.32519857e-07
-1.45464398e-09
1.54657551e-07
-3.92365648e-09
1.48440439e-07
-7.0215563e-09
1.30820942e-07
-1.01265168e-08
1.17210752e-07
-1.21791412e-08
9.79422415e-08
-1.42718726e-08
7.87873423e-08
-1.64803456e-08
5.95258348e-08
-1.89402027e-08
4.03379866e-08
-2.15893952e-08
2.02483919e-08
-2.44304656e-08
-1.05759271e-09
-2.75647434e-08
-2.33294873e-08
-3.09483455e-08
-4.66668842e-08
-3.40869098e-08
-7.14658611e-08
-3.63699686e-08
-9.72968027e-08
-3.86807232e-08
-1.22524309e-07
-4.38755498e-08
-1.47716768e-07
-4.75493559e-08
-1.79492961e-07
-3.17536132e-08
-1.98129466e-07
-1.1592838e-07
3.448824e-09
1.29071038e-07
2.64592523e-09
1.55460451e-07
1.83154885e-09
1.49254815e-07
-1.32999035e-09
1.33982481e-07
-2.91485333e-09
1.18795614e-07
-4.54999715e-09
9.95773845e-08
-6.08195892e-09
8.03193032e-08
-7.72076266e-09
6.11646377e-08
-9.62061487e-09
4.22378382e-08
-1.18312746e-08
2.24590506e-08
-1.42878902e-08
1.39902244e-09
-1.71171547e-08
-2.05002231e-08
-2.03722932e-08
-4.34117462e-08
-2.37736029e-08
-6.80645519e-08
-2.63927025e-08
-9.46777034e-08
-2.77564973e-08
-1.21160515e-07
-3.06962749e-08
-1.44776991e-07
-3.65205599e-08
-1.73668668e-07
-2.83731931e-08
-2.06276852e-07
-1.44301569e-07
5.94580496e-09
1.23125227e-07
7.46424293e-09
1.53942011e-07
7.09872339e-09
1.49620334e-07
5.68737099e-09
1.35393832e-07
4.64803468e-09
1.19834949e-07
3.4844892e-09
1.00740929e-07
2.47636186e-09
8.13274296e-08
1.27562888e-09
6.23653697e-08
-2.93885673e-10
4.38073516e-08
-2.14892843e-09
2.43140927e-08
-4.38329896e-09
3.63339233e-09
-6.99987573e-09
-1.7883647e-08
-1.0009176e-08
-4.04024464e-08
-1.33955545e-08
-6.46781741e-08
-1.64844631e-08
-9.15887955e-08
-1.81195242e-08
-1.19525453e-07
-1.9568685e-08
-1.43327829e-07
-2.53890296e-08
-1.67848334e-07
-2.32546478e-08
-2.08411223e-07
-1.67556226e-07
8.23987354e-09
1.14885359e-07
1.21798094e-08
1.50002076e-07
1.33201474e-08
1.48479995e-07
1.28321037e-08
1.35881875e-07
1.27127091e-08
1.19954343e-07
1.20946091e-08
1.01359028e-07
1.14564805e-08
8.19655573e-08
1.06353429e-08
6.31865063e-08
9.49066271e-09
4.49520309e-08
7.75576249e-09
2.60489918e-08
5.48393344e-09
5.90522036e-09
2.84633743e-09
-1.52460517e-08
-9.50183857e-11
-3.74610914e-08
-3.35637993e-09
-6.14168135e-08
-6.6929758e-09
-8.82522004e-08
-9.09497887e-09
-1.17123451e-07
-1.04119982e-08
-1.42010811e-07
-1.54899773e-08
-1.62770347e-07
-1.76286947e-08
-2.06272522e-07
-1.85184916e-07
1.01590302e-08
1.04726324e-07
1.69053964e-08
1.43255708e-07
1.97339057e-08
1.45651485e-07
2.04935672e-08
1.35122213e-07
2.12067222e-08
1.19241187e-07
2.12326249e-08
1.01333124e-07
2.09088251e-08
8.22893561e-08
2.03155517e-08
6.37797787e-08
1.93516029e-08
4.59159785e-08
1.77684548e-08
2.76321387e-08
1.55020347e-08
8.17163951e-09
1.27599504e-08
-1.25039685e-08
9.71115797e-09
-3.44122999e-08
6.370348e-09
-5.80760046e-08
2.85372805e-09
-8.47355817e-08
-3.62222486e-10
-1.13907501e-07
-2.78114986e-09
-1.39591883e-07
-7.57974613e-09
-1.5797176e-07
-1.23833786e-08
-2.0146888e-07
-1.97568302e-07
1.15618629e-08
9.31644661e-08
2.12321547e-08
1.33585418e-07
2.61203271e-08
1.40763313e-07
2.83683465e-08
1.32874193e-07
3.00167391e-08
1.17592793e-07
3.08568088e-08
1.00493054e-07
3.08869953e-08
8.22591685e-08
3.04321696e-08
6.42346033e-08
2.95483178e-08
4.67998291e-08
2.80240939e-08
2.91563613e-08
2.57437906e-08
1.04519413e-08
2.28508493e-08
-9.61102833e-09
1.95386428e-08
-3.11000945e-08
1.59315027e-08
-5.44688657e-08
1.20444554e-08
-8.08485355e-08
8.07236455e-09
-1.09935411e-07
4.00065144e-09
-1.35520171e-07
-1.96035338e-09
-1.52010749e-07
-7.87379766e-09
-1.9555545e-07
-2.05442096e-07
1.23102281e-08
8.0854233e-08
2.48003138e-08
1.21095331e-07
3.20980479e-08
1.33465578e-07
3.6130032e-08
1.28842208e-07
3.89494306e-08
1.14773394e-07
4.07617721e-08
9.86807113e-08
4.13278808e-08
8.16930587e-08
4.10321463e-08
6.45303366e-08
4.01471551e-08
4.76848189e-08
3.85977119e-08
3.07058029e-08
3.62590664e-08
1.27905855e-08
3.3188177e-08
-6.54014038e-09
2.95686872e-08
-2.7480606e-08
2.55836945e-08
-5.04838743e-08
2.1210029e-08
-7.64748713e-08
1.62342618e-08
-1.04959644e-07
1.0143527e-08
-1.29429436e-07
2.91318521e-09
-1.44780415e-07
-3.81667835e-09
-1.88825577e-07
-2.0925878e-07
1.22083366e-08
6.86459012e-08
2.70478112e-08
1.06255857e-07
3.70553992e-08
1.2345799e-07
4.34051849e-08
1.22492422e-07
4.7772659e-08
1.10405919e-07
5.07356293e-08
9.57177399e-08
5.20820144e-08
8.03466724e-08
5.21085676e-08
6.4503782e-08
5.1240496e-08
4.85528892e-08
4.96054241e-08
3.23408734e-08
4.71504731e-08
1.52455347e-08
4.38848009e-08
-3.27446955e-09
3.99596278e-08
-2.35554343e-08
3.55366519e-08
-4.60608997e-08
3.04702969e-08
-7.14085175e-08
2.42016736e-08
-9.86910222e-08
1.60585904e-08
-1.21286354e-07
7.03676698e-09
-1.35758586e-07
-4.19522098e-10
-1.81369301e-07
-2.09678299e-07
1.15426825e-08
5.71032141e-08
2.77155783e-08
9.008296e-08
4.03700165e-08
1.10803551e-07
4.97094563e-08
1.13152981e-07
5.62011089e-08
1.03914266e-07
6.05935196e-08
9.13253282e-08
6.29994224e-08
7.79407685e-08
6.36387471e-08
6.3864456e-08
6.29592359e-08
4.92323989e-08
6.12714523e-08
3.40286554e-08
5.86701312e-08
1.78468543e-08
5.51859333e-08
2.09726836e-10
5.09407079e-08
-1.93102102e-08
4.5957807e-08
-4.10780001e-08
3.98952987e-08
-6.53460105e-08
3.19492236e-08
-9.07449476e-08
2.14202954e-08
-1.10757425e-07
9.97944345e-09
-1.24317742e-07
1.6422839e-09
-1.73032133e-07
-2.0803602e-07
9.99631323e-09
4.71069049e-08
2.63018954e-08
7.37773785e-08
4.14423903e-08
9.56630563e-08
5.46348747e-08
9.99604965e-08
6.39616496e-08
9.458749e-08
7.01941124e-08
8.50928644e-08
7.39665512e-08
7.41683286e-08
7.5568233e-08
6.2262773e-08
7.53895985e-08
4.94110321e-08
7.38267282e-08
3.55915243e-08
7.1118327e-08
2.05552539e-08
6.73961199e-08
3.93193247e-09
6.26871752e-08
-1.46012669e-08
5.6844115e-08
-3.52349412e-08
4.93329374e-08
-5.78348338e-08
3.92074931e-08
-8.0619504e-08
2.59138382e-08
-9.74637712e-08
1.21018786e-08
-1.10505777e-07
2.85760518e-09
-1.63787871e-07
-2.05178412e-07
2.88552434e-09
4.42213759e-08
1.77008736e-08
5.89620281e-08
4.03412564e-08
7.30226729e-08
5.79206426e-08
8.23811097e-08
7.04919212e-08
8.20162107e-08
7.9100849e-08
7.64839357e-08
8.46293833e-08
6.86397934e-08
8.75534805e-08
5.93386748e-08
8.8249479e-08
4.87150325e-08
8.71122885e-08
3.67287135e-08
8.44460969e-08
2.32214441e-08
8.03813491e-08
7.99667894e-09
7.48772082e-08
-9.09712726e-09
6.77131979e-08
-2.80709319e-08
5.82112257e-08
-4.83328624e-08
4.53986051e-08
-6.78068837e-08
2.9139022e-08
-8.12041877e-08
1.34768945e-08
-9.48436558e-08
3.9009085e-09
-1.54211876e-07
-2.01277508e-07
1.51311209e-08
2.90902588e-08
2.59309941e-08
4.81621555e-08
3.94079062e-08
5.95457608e-08
5.90594783e-08
6.27295374e-08
7.51163456e-08
6.5959343e-08
8.63836932e-08
6.52165877e-08
9.38950462e-08
6.11284398e-08
9.83100465e-08
5.49236739e-08
1.00052568e-07
4.69725105e-08
9.95144646e-08
3.72668158e-08
9.69763467e-08
2.5759561e-08
9.25331167e-08
1.24399078e-08
8.60849169e-08
-2.64892842e-09
7.72991414e-08
-1.92851572e-08
6.53942863e-08
-3.64280078e-08
4.96250965e-08
-5.20376942e-08
3.06544405e-08
-6.22335324e-08
1.4353735e-08
-7.85429448e-08
5.06068636e-09
-1.44918838e-07
-1.96216818e-07
-2.6525038e-09
3.17427582e-08
9.70106994e-09
3.58085809e-08
4.01683263e-08
2.90785043e-08
6.18737249e-08
4.1024139e-08
7.84808129e-08
4.93522552e-08
9.15564016e-08
5.21409991e-08
1.01032775e-07
5.16520667e-08
1.06965132e-07
4.89913166e-08
1.09705999e-07
4.42316426e-08
1.09673412e-07
3.72994024e-08
1.07142217e-07
2.82907553e-08
1.02168881e-07
1.74132431e-08
9.44834036e-08
5.03654795e-09
8.37396256e-08
-8.54137982e-09
6.93362739e-08
-2.20246565e-08
5.09780175e-08
-3.36794377e-08
3.04857202e-08
-4.17412346e-08
1.56513459e-08
-6.37085768e-08
6.93793103e-09
-1.36205415e-07
-1.89278891e-07
1.99169757e-08
1.18257868e-08
3.45923688e-08
2.11331889e-08
5.04517066e-08
1.32191671e-08
6.7426626e-08
2.40492203e-08
8.1489014e-08
3.52898678e-08
9.31981785e-08
4.0431835e-08
1.02591677e-07
4.22585686e-08
1.09173599e-07
4.24093948e-08
1.12776484e-07
4.06287568e-08
1.13462779e-07
3.66131074e-08
1.11223181e-07
3.05303523e-08
1.05912607e-07
2.27238163e-08
9.72884026e-08
1.36607519e-08
8.48356366e-08
3.91138573e-09
6.85082889e-08
-5.69730894e-09
4.91923006e-08
-1.43634497e-08
3.01381133e-08
-2.26870478e-08
1.92175788e-08
-5.27880365e-08
1.0402434e-08
-1.27390279e-07
-1.78876453e-07
3.57038572e-08
-2.38780744e-08
7.70563762e-08
-2.02193306e-08
9.91865786e-08
-8.91103493e-09
1.13957959e-07
9.27784017e-09
1.21401792e-07
2.78460359e-08
1.2215559e-07
3.96780372e-08
1.19690001e-07
4.47241585e-08
1.16440357e-07
4.5659039e-08
1.13143376e-07
4.39257376e-08
1.09500873e-07
4.02556108e-08
1.04795915e-07
3.52353099e-08
9.81901596e-08
2.9329572e-08
8.89934248e-08
2.28574868e-08
7.68282937e-08
1.60765169e-08
6.20437068e-08
9.087278e-09
4.67057539e-08
9.74503475e-10
3.42066297e-08
-1.01879232e-08
2.81784079e-08
-4.67598202e-08
1.6951942e-08
-1.16163803e-07
-1.61924515e-07
3.96817947e-08
-6.35598647e-08
8.46963298e-08
-6.52338644e-08
1.15449895e-07
-3.96645988e-08
1.43750168e-07
-1.90224327e-08
1.69191611e-07
2.40459441e-09
1.84063605e-07
2.48060445e-08
1.8792479e-07
4.08629739e-08
1.82877693e-07
5.07061378e-08
1.71763593e-07
5.50398382e-08
1.57123044e-07
5.48961612e-08
1.40837485e-07
5.15208696e-08
1.23989073e-07
4.61779849e-08
1.0702741e-07
3.98191499e-08
9.01847165e-08
3.29192109e-08
7.41034529e-08
2.51685418e-08
6.0265081e-08
1.48128749e-08
5.37167982e-08
-3.63964073e-09
4.84921801e-08
-4.15351957e-08
2.952232e-08
-9.71939515e-08
-1.32402189e-07
2.10493579e-08
-8.4609226e-08
4.65034564e-08
-9.06879629e-08
7.23786313e-08
-6.55397728e-08
9.64398683e-08
-4.30836683e-08
1.22502847e-07
-2.3658383e-08
1.50828592e-07
-3.51969872e-09
1.77429278e-07
1.42622897e-08
1.97244239e-07
3.0891179e-08
2.08476616e-07
4.38074627e-08
2.10855357e-07
5.2517421e-08
2.05440083e-07
5.6936144e-08
1.94063137e-07
5.75549319e-08
1.78765446e-07
5.51168408e-08
1.61514486e-07
5.0170171e-08
1.44133783e-07
4.25492446e-08
1.28055878e-07
3.08907802e-08
1.12071205e-07
1.23450331e-08
8.89209816e-08
-1.83849774e-08
5.03178763e-08
-5.8590835e-08
-8.2084317e-08
1.96263212e-08
-1.04235543e-07
3.94942423e-08
-1.10555882e-07
5.73255529e-08
-8.3371082e-08
7.2550761e-08
-5.83088748e-08
8.53525187e-08
-3.6460139e-08
9.99639126e-08
-1.81310907e-08
1.18308126e-07
-4.08192151e-09
1.41365739e-07
7.83356702e-09
1.65896305e-07
1.92768988e-08
1.87845206e-07
3.05685206e-08
2.04365535e-07
4.04158164e-08
2.14188888e-07
4.77315794e-08
2.17223295e-07
5.2082435e-08
2.14010461e-07
5.33830059e-08
2.05087323e-07
5.14723826e-08
1.90183201e-07
4.57949021e-08
1.67172587e-07
3.5355648e-08
1.29749472e-07
1.90381436e-08
7.13266311e-08
-1.68002981e-10
-1.07576807e-08
1.92045972e-08
-1.23440143e-07
3.37157936e-08
-1.25067078e-07
4.65774133e-08
-9.62327006e-08
5.81337048e-08
-6.98651648e-08
6.8079589e-08
-4.64060215e-08
7.75232334e-08
-2.75747334e-08
8.67000832e-08
-1.32587696e-08
9.72804101e-08
-2.7467581e-09
1.10780588e-07
5.77672252e-09
1.27961438e-07
1.33876718e-08
1.47243757e-07
2.1133499e-08
1.66036715e-07
2.89386233e-08
1.81841148e-07
3.62780033e-08
1.92522024e-07
4.27021311e-08
1.9595725e-07
4.80371573e-08
1.89468043e-07
5.22841098e-08
1.6934873e-07
5.54749619e-08
1.30946637e-07
5.74402326e-08
7.15995676e-08
5.91790764e-08
6.08418823e-08
1.41504736e-08
-1.37590612e-07
2.20659058e-08
-1.32982509e-07
3.08379391e-08
-1.05004732e-07
3.80177048e-08
-7.70449292e-08
4.52859802e-08
-5.36742954e-08
5.33965123e-08
-3.56852639e-08
6.20088195e-08
-2.18710751e-08
7.03667419e-08
-1.11046787e-08
7.84872373e-08
-2.34377109e-09
8.69567427e-08
4.91816819e-09
9.67309188e-08
1.13593247e-08
1.08140302e-07
1.7529242e-08
1.20436248e-07
2.39820585e-08
1.31904964e-07
3.12334165e-08
1.39953753e-07
3.99883694e-08
1.40952873e-07
5.12849915e-08
1.30204239e-07
6.62235966e-08
1.0295793e-07
8.46865471e-08
5.67885681e-08
1.0534843e-07
1.17630455e-07
6.90726024e-09
-1.44497874e-07
8.86498485e-09
-1.34940233e-07
1.30767235e-08
-1.0921647e-07
1.70371354e-08
-8.10053397e-08
2.22595879e-08
-5.88967465e-08
2.8447118e-08
-4.18727926e-08
3.51538388e-08
-2.85777944e-08
4.22497094e-08
-1.82005478e-08
4.94755499e-08
-9.56960996e-09
5.63696042e-08
-1.9758845e-09
6.26358271e-08
5.09310355e-09
6.84087751e-08
1.17562957e-08
7.40236503e-08
1.8367185e-08
7.9556648e-08
2.57004206e-08
8.4387668e-08
3.51573511e-08
8.65855997e-08
4.90870618e-08
8.2360354e-08
7.04488436e-08
6.69161296e-08
1.00130767e-07
3.67775508e-08
1.35487018e-07
1.54408002e-07
-1.12334289e-09
-1.43374526e-07
-5.81839759e-09
-1.30245176e-07
-5.9554828e-09
-1.09079383e-07
-4.63317371e-09
-8.23276476e-08
-1.00958096e-09
-6.25203382e-08
2.96386796e-09
-4.58462404e-08
8.04695668e-09
-3.3660882e-08
1.38869272e-08
-2.40405172e-08
2.01911064e-08
-1.58737881e-08
2.65272647e-08
-8.31204155e-09
3.24393865e-08
-8.19016908e-10
3.7333011e-08
6.86267275e-09
4.09245942e-08
1.47756035e-08
4.3276174e-08
2.33488427e-08
4.46588309e-08
3.37746961e-08
4.50404777e-08
4.87054163e-08
4.28137174e-08
7.26756051e-08
3.52241983e-08
1.07720292e-07
1.79165419e-08
1.52794665e-07
1.72324548e-07
-1.12173707e-08
-1.32157158e-07
-2.06181868e-08
-1.20844359e-07
-2.72211348e-08
-1.02476434e-07
-2.84371933e-08
-8.11115883e-08
-2.77248792e-08
-6.32326516e-08
-2.48708644e-08
-4.87002545e-08
-2.09388728e-08
-3.7592873e-08
-1.61448277e-08
-2.88345617e-08
-1.065526e-08
-2.13633551e-08
-4.71428378e-09
-1.42530169e-08
1.27037398e-09
-6.8036736e-09
6.78546384e-09
1.34758422e-09
1.10714528e-08
1.04896162e-08
1.3698433e-08
2.07218642e-08
1.46592293e-08
3.28139016e-08
1.42620776e-08
4.91025699e-08
1.27202618e-08
7.42174221e-08
8.48089579e-09
1.11959653e-07
4.86905913e-10
1.60788666e-07
1.7281145e-07
-2.0370563e-08
-1.1178659e-07
-3.77230615e-08
-1.03491859e-07
-5.00502799e-08
-9.01492146e-08
-5.59966038e-08
-7.51652639e-08
-5.76052285e-08
-6.16240265e-08
-5.61284492e-08
-5.01770335e-08
-5.27836114e-08
-4.09377106e-08
-4.82518838e-08
-3.3366289e-08
-4.29017438e-08
-2.67134947e-08
-3.6961107e-08
-2.01936533e-08
-3.06553899e-08
-1.310939e-08
-2.44173598e-08
-4.89044485e-09
-1.87416751e-08
4.81393266e-09
-1.43625531e-08
1.63427437e-08
-1.18108323e-08
3.02621823e-08
-1.13380384e-08
4.86297768e-08
-1.28915081e-08
7.57708925e-08
-1.75368884e-08
1.1660504e-07
-2.10721986e-08
1.64323968e-07
1.51739257e-07
-2.9480225e-08
-8.23063676e-08
-5.54718095e-08
-7.75002745e-08
-7.45189788e-08
-7.1102045e-08
-8.59971903e-08
-6.36870522e-08
-9.12031248e-08
-5.64180919e-08
-9.16774617e-08
-4.97026964e-08
-8.89016454e-08
-4.37135269e-08
-8.40254336e-08
-3.82425008e-08
-7.78487771e-08
-3.28901511e-08
-7.0887448e-08
-2.71549824e-08
-6.34797302e-08
-2.05171076e-08
-5.59335052e-08
-1.24366695e-08
-4.86584989e-08
-2.46107306e-09
-4.24677841e-08
1.01520297e-08
-3.84344868e-08
2.62288856e-08
-3.77470033e-08
4.79422942e-08
-4.09638406e-08
7.89877304e-08
-4.51223425e-08
1.20763537e-07
-3.62505427e-08
1.55452179e-07
1.15488711e-07
-3.76046161e-08
-4.47017474e-08
-7.12998281e-08
-4.38050614e-08
-9.70632343e-08
-4.53386385e-08
-1.14489911e-07
-4.62603753e-08
-1.24571609e-07
-4.6336394e-08
-1.28631563e-07
-4.56427425e-08
-1.28016311e-07
-4.43287797e-08
-1.23917811e-07
-4.23410007e-08
-1.17355252e-07
-3.94527102e-08
-1.09183018e-07
-3.53272173e-08
-1.00109845e-07
-2.95902809e-08
-9.07276028e-08
-2.18189114e-08
-8.18115465e-08
-1.13771295e-08
-7.44554438e-08
2.79592705e-09
-6.99209205e-08
2.16943624e-08
-6.91896035e-08
4.72109767e-08
-7.09293985e-08
8.07275254e-08
-6.71058408e-08
1.16939986e-07
-4.26799017e-08
1.31026232e-07
7.28088142e-08
-4.32225933e-08
-1.47915789e-09
-8.13951203e-08
-5.63253539e-09
-1.11618319e-07
-1.511544e-08
-1.33586486e-07
-2.4292209e-08
-1.48518621e-07
-3.14042588e-08
-1.57400423e-07
-3.67609408e-08
-1.61092122e-07
-4.06370817e-08
-1.60357016e-07
-4.30761072e-08
-1.55959248e-07
-4.38504791e-08
-1.48734432e-07
-4.25520335e-08
-1.39617756e-07
-3.87069581e-08
-1.29557793e-07
-3.18788755e-08
-1.19423862e-07
-2.15110612e-08
-1.10383665e-07
-6.24427054e-09
-1.03456612e-07
1.47673083e-08
-9.83007534e-08
4.20551178e-08
-9.13564511e-08
7.3783223e-08
-7.3846231e-08
9.94297603e-08
-3.75122952e-08
9.46923056e-08
3.52965147e-08
-4.37404702e-08
4.22613146e-08
-8.18628296e-08
3.24898238e-08
-1.12459484e-07
1.54812143e-08
-1.35767496e-07
-9.84197645e-10
-1.54008347e-07
-1.31634088e-08
-1.67476845e-07
-2.3292444e-08
-1.76401354e-07
-3.17125732e-08
-1.80789516e-07
-3.86879459e-08
-1.80689962e-07
-4.39500341e-08
-1.76414091e-07
-4.68279057e-08
-1.68690624e-07
-4.64304267e-08
-1.58671283e-07
-4.18982178e-08
-1.47548311e-07
-3.26340346e-08
-1.35528758e-07
-1.82638252e-08
-1.23538959e-07
2.77750813e-09
-1.09098975e-07
2.76151322e-08
-9.00156937e-08
5.46999405e-08
-6.10206999e-08
7.04347714e-08
-2.32936754e-08
5.6965272e-08
1.2002843e-08
-3.74803821e-08
7.97416921e-08
-7.10057504e-08
6.601519e-08
-9.83299533e-08
4.28054157e-08
-1.21633576e-07
2.23194239e-08
-1.41547641e-07
6.75065528e-09
-1.58698111e-07
-6.14197517e-09
-1.72598753e-07
-1.78119331e-08
-1.82526939e-07
-2.8759761e-08
-1.87698294e-07
-3.87786802e-08
-1.87438409e-07
-4.70877912e-08
-1.81365417e-07
-5.25034202e-08
-1.69689386e-07
-5.35742511e-08
-1.53515049e-07
-4.8808373e-08
-1.34708505e-07
-3.70703713e-08
-1.137532e-07
-1.81777994e-08
-9.10657551e-08
4.92768591e-09
-6.46307301e-08
2.82649142e-08
-3.42600879e-08
4.00641232e-08
-8.01107556e-09
3.0716267e-08
3.99176253e-09
-3.03837136e-08
1.10125406e-07
-5.79688277e-08
9.36003027e-08
-8.11460107e-08
6.5982597e-08
-1.02479704e-07
4.36531154e-08
-1.23203489e-07
2.74744381e-08
-1.4280247e-07
1.3457005e-08
-1.60131807e-07
-4.82598321e-10
-1.74189947e-07
-1.47016227e-08
-1.84146194e-07
-2.88224349e-08
-1.89041804e-07
-4.21921826e-08
-1.87664356e-07
-5.38808693e-08
-1.78639277e-07
-6.25993318e-08
-1.60832639e-07
-6.66150136e-08
-1.34022177e-07
-6.38808353e-08
-9.9599162e-08
-5.26008174e-08
-6.23760743e-08
-3.22954047e-08
-2.7885067e-08
-6.22609522e-09
-3.71372001e-09
1.5892779e-08
5.95899273e-09
2.10435438e-08
9.95075723e-09
-2.43638136e-08
1.34489215e-07
-4.72638905e-08
1.16500377e-07
-6.80321671e-08
8.67508711e-08
-8.89784157e-08
6.45993616e-08
-1.10175037e-07
4.86710572e-08
-1.30132788e-07
3.34147532e-08
-1.47818193e-07
1.72028052e-08
-1.62545986e-07
2.61684736e-11
-1.74224301e-07
-1.71441217e-08
-1.82300616e-07
-3.411587e-08
-1.85848905e-07
-5.0332582e-08
-1.8330686e-07
-6.51413791e-08
-1.72538852e-07
-7.73830236e-08
-1.51279115e-07
-8.51405755e-08
-1.18223372e-07
-8.56565632e-08
-7.50118253e-08
-7.5506954e-08
-2.93245999e-08
-5.19133235e-08
3.32283443e-09
-1.67546627e-08
1.08376395e-08
1.35287431e-08
2.07883915e-08
-1.95542492e-08
1.54043463e-07
-3.89914399e-08
1.35937565e-07
-5.7995758e-08
1.05755186e-07
-7.79654011e-08
8.45690019e-08
-9.79456774e-08
6.86513307e-08
-1.16256687e-07
5.17257601e-08
-1.32088368e-07
3.30344834e-08
-1.45465851e-07
1.34036492e-08
-1.56337763e-07
-6.27221247e-09
-1.64974958e-07
-2.5478677e-08
-1.70989528e-07
-4.43180144e-08
-1.73378242e-07
-6.27526671e-08
-1.70298631e-07
-8.04626369e-08
-1.59089486e-07
-9.63497236e-08
-1.36892473e-07
-1.07853579e-07
-1.02308919e-07
-1.10090511e-07
-5.8544009e-08
-9.56782368e-08
-1.68812045e-08
-5.84174664e-08
2.77304605e-09
-6.12551872e-09
2.35614378e-08
-1.55538717e-08
1.69597331e-07
-3.21273951e-08
1.52511085e-07
-4.92541224e-08
1.22881911e-07
-6.72692473e-08
1.02584124e-07
-8.4767978e-08
8.61500583e-08
-1.00226625e-07
6.71844036e-08
-1.13185432e-07
4.59932882e-08
-1.23942262e-07
2.41604764e-08
-1.33020223e-07
2.80574587e-09
-1.40726355e-07
-1.77725478e-08
-1.47098487e-07
-3.79458848e-08
-1.51725113e-07
-5.81260444e-08
-1.5360103e-07
-7.85867226e-08
-1.50795471e-07
-9.91552854e-08
-1.40245976e-07
-1.18403077e-07
-1.18303934e-07
-1.32032556e-07
-8.31089678e-08
-1.30873206e-07
-3.98508506e-08
-1.01675591e-07
-6.3212293e-09
-3.96551388e-08
1.72402028e-08
-1.19962233e-08
1.81593552e-07
-2.58749538e-08
1.66389813e-07
-4.08038606e-08
1.37810814e-07
-5.61461478e-08
1.17926408e-07
-7.05539439e-08
1.00557851e-07
-8.28086624e-08
7.94391187e-08
-9.27965784e-08
5.59812008e-08
-1.01104304e-07
3.24681986e-08
-1.08426514e-07
1.01279533e-08
-1.15011478e-07
-1.11875874e-08
-1.20820085e-07
-3.21372811e-08
-1.25677919e-07
-5.32682125e-08
-1.29305595e-07
-7.49590503e-08
-1.31020125e-07
-9.74407578e-08
-1.28999159e-07
-1.20424047e-07
-1.19370228e-07
-1.4166149e-07
-9.65908601e-08
-1.53652578e-07
-5.81852461e-08
-1.40081205e-07
-1.53196656e-08
-8.25207301e-08
1.92053558e-09
-8.58890191e-09
1.9018245e-07
-1.9784316e-08
1.77585223e-07
-3.22998602e-08
1.50326355e-07
-4.46204741e-08
1.30247018e-07
-5.59193782e-08
1.11856752e-07
-6.53044933e-08
8.88242302e-08
-7.29479535e-08
6.36246573e-08
-7.95754338e-08
3.90956752e-08
-8.5773171e-08
1.6325687e-08
-9.16140384e-08
-5.3467235e-09
-9.68571274e-08
-2.68941954e-08
-1.01248886e-07
-4.88764576e-08
-1.04671303e-07
-7.15366365e-08
-1.0719405e-07
-9.49180137e-08
-1.08725788e-07
-1.18892313e-07
-1.07412036e-07
-1.42975246e-07
-9.72077494e-08
-1.63856867e-07
-6.96489015e-08
-1.6764006e-07
-2.68465674e-08
-1.25323066e-07
-2.49260373e-08
-4.96485888e-09
1.95147306e-07
-1.36298439e-08
1.86250205e-07
-2.37000449e-08
1.60396552e-07
-3.29237255e-08
1.39470695e-07
-4.14729268e-08
1.20405949e-07
-4.86132492e-08
9.59645488e-08
-5.46745883e-08
6.96859926e-08
-6.02895654e-08
4.47106486e-08
-6.58004961e-08
2.18366138e-08
-7.10796357e-08
-6.75877074e-11
-7.58954627e-08
-2.2078372e-08
-7.99917895e-08
-4.47801344e-08
-8.30870027e-08
-6.84414269e-08
-8.50250305e-08
-9.29799897e-08
-8.63448243e-08
-1.17572523e-07
-8.78190517e-08
-1.41501022e-07
-8.65093807e-08
-1.65166542e-07
-7.15876324e-08
-1.8256181e-07
-3.49393521e-08
-1.61971355e-07
-5.98653924e-08
-5.15847145e-10
1.9566315e-07
-7.5583655e-09
1.9329272e-07
-1.49607934e-08
1.67798977e-07
-2.11971241e-08
1.45707022e-07
-2.75010844e-08
1.26709906e-07
-3.29224854e-08
1.01385946e-07
-3.79020287e-08
7.46655319e-08
-4.27682821e-08
4.9576898e-08
-4.75879083e-08
2.6656236e-08
-5.21973644e-08
4.54186432e-09
-5.64615983e-08
-1.7814142e-08
-6.0372047e-08
-4.08696896e-08
-6.36524016e-08
-6.51610762e-08
-6.56053438e-08
-9.10270516e-08
-6.60112352e-08
-1.17166636e-07
-6.65647875e-08
-1.40947474e-07
-6.87071459e-08
-1.63024186e-07
-6.44304101e-08
-1.86838552e-07
-3.77784802e-08
-1.88623289e-07
-9.76438767e-08
3.85750568e-09
1.91805641e-07
-1.74615482e-09
1.98896377e-07
-5.50138906e-09
1.71554207e-07
-9.66881319e-09
1.49874442e-07
-1.39870479e-08
1.31028137e-07
-1.79278026e-08
1.05326697e-07
-2.20424565e-08
7.87801817e-08
-2.61609416e-08
5.36953789e-08
-3.01837393e-08
3.06790295e-08
-3.39962802e-08
8.354401e-09
-3.76255037e-08
-1.41849227e-08
-4.12262779e-08
-3.72689195e-08
-4.47554602e-08
-6.16318981e-08
-4.73789006e-08
-8.84036155e-08
-4.79274887e-08
-1.16618052e-07
-4.71563116e-08
-1.41718655e-07
-4.87905814e-08
-1.61389921e-07
-5.11213826e-08
-1.84507753e-07
-3.58965334e-08
-2.03848145e-07
-1.33540414e-07
9.15975747e-09
1.82645881e-07
6.42727684e-09
2.01628854e-07
4.15071564e-09
1.73830765e-07
1.27923335e-09
1.52745921e-07
-5.44892944e-10
1.32852259e-07
-3.32989883e-09
1.08111699e-07
-6.50718556e-09
8.19574644e-08
-9.88366575e-09
5.7071855e-08
-1.31672607e-08
3.39626203e-08
-1.6305941e-08
1.14930769e-08
-1.9411598e-08
-1.10792701e-08
-2.26356852e-08
-3.40448366e-08
-2.61296411e-08
-5.81379466e-08
-2.92816557e-08
-8.52516053e-08
-3.0693948e-08
-1.15205764e-07
-3.00048284e-08
-1.42407779e-07
-3.03156114e-08
-1.61079141e-07
-3.51939628e-08
-1.79629407e-07
-2.99563182e-08
-2.09085795e-07
-1.63496735e-07
1.48168336e-08
1.67829042e-07
1.53422728e-08
2.01103411e-07
1.4152451e-08
1.75020583e-07
1.36906054e-08
1.53207762e-07
1.32293147e-08
1.33313546e-07
1.16086555e-08
1.09732354e-07
9.21675909e-09
8.43493569e-08
6.50465655e-09
5.97839535e-08
3.78268611e-09
3.66845866e-08
1.0457477e-09
1.42300111e-08
-1.74202913e-09
-8.29149767e-09
-4.79325778e-09
-3.09936123e-08
-8.10877136e-09
-5.48224374e-08
-1.12903322e-08
-8.2070049e-08
-1.34443473e-08
-1.13051753e-07
-1.40320384e-08
-1.41820092e-07
-1.44069607e-08
-1.60704223e-07
-1.94882117e-08
-1.7454816e-07
-2.19348317e-08
-2.0663918e-07
-1.8543157e-07
2.0069254e-08
1.47759786e-07
2.54700976e-08
1.95702564e-07
2.56921433e-08
1.74798534e-07
2.61149457e-08
1.52784956e-07
2.71221027e-08
1.32306385e-07
2.68300465e-08
1.10024407e-07
2.53523484e-08
8.58270513e-08
2.32878456e-08
6.18484526e-08
2.1030917e-08
3.89415113e-08
1.85678901e-08
1.66930339e-08
1.57478212e-08
-5.4714328e-09
1.26492846e-08
-2.78950799e-08
9.47569271e-09
-5.16488498e-08
6.56013436e-09
-7.9154495e-08
4.076137e-09
-1.1056776e-07
1.78070673e-09
-1.39524666e-07
-6.59798436e-10
-1.58263721e-07
-6.42536057e-09
-1.68782602e-07
-1.36475028e-08
-1.99417045e-07
-1.99079075e-07
2.44426401e-08
1.23317141e-07
3.62424681e-08
1.83902733e-07
3.87291741e-08
1.72311825e-07
3.98980201e-08
1.51616107e-07
4.16232986e-08
1.30581104e-07
4.25602143e-08
1.09087488e-07
4.20875491e-08
8.62997131e-08
4.06478377e-08
6.32881607e-08
3.87060767e-08
4.08832688e-08
3.63546534e-08
1.90444537e-08
3.35257958e-08
-2.64257906e-09
3.03471335e-08
-2.47164213e-08
2.73145135e-08
-4.86162338e-08
2.4593878e-08
-7.64338635e-08
2.14436179e-08
-1.07417504e-07
1.71813586e-08
-1.3526241e-07
1.14285132e-08
-1.5251088e-07
3.31802701e-09
-1.60672121e-07
-5.68161145e-09
-1.9041741e-07
-2.04760691e-07
2.71198484e-08
9.61972907e-08
4.63977422e-08
1.64624836e-07
5.29848752e-08
1.65724689e-07
5.54090621e-08
1.49191917e-07
5.74927076e-08
1.28497455e-07
5.92666194e-08
1.07313573e-07
5.97740814e-08
8.57922479e-08
5.89807707e-08
6.40814683e-08
5.72853926e-08
4.25786438e-08
5.49468526e-08
2.13829903e-08
5.21479727e-08
1.56297482e-10
4.9140484e-08
-2.1708936e-08
4.64152152e-08
-4.58909686e-08
4.36307329e-08
-7.36493848e-08
3.93296863e-08
-1.03116462e-07
3.23771696e-08
-1.28309897e-07
2.29196468e-08
-1.43053359e-07
1.22009242e-08
-1.49953401e-07
1.15099835e-09
-1.79367492e-07
-2.03609693e-07
2.73132446e-08
6.88840399e-08
5.39915262e-08
1.37946551e-07
6.67548259e-08
1.52961386e-07
7.21177505e-08
1.4382899e-07
7.52327199e-08
1.25382483e-07
7.77509675e-08
1.04795323e-07
7.91996437e-08
8.43435689e-08
7.92067754e-08
6.40743339e-08
7.79610544e-08
4.3824362e-08
7.58365402e-08
2.35075018e-08
7.31789837e-08
2.81385109e-09
7.04927488e-08
-1.90227041e-08
6.77850398e-08
-4.31832627e-08
6.40020848e-08
-6.98664332e-08
5.72660509e-08
-9.6380431e-08
4.66275307e-08
-1.1767138e-07
3.30023923e-08
-1.29428225e-07
1.83889706e-08
-1.35339984e-07
4.76998996e-09
-1.65748512e-07
-1.98839707e-07
2.56715419e-08
4.32124971e-08
5.69698263e-08
1.06648264e-07
7.69117271e-08
1.33019482e-07
8.78785727e-08
1.32862141e-07
9.4106588e-08
1.19154465e-07
9.82995629e-08
1.00602345e-07
1.01080077e-07
8.15630525e-08
1.02296734e-07
6.28576746e-08
1.01988156e-07
4.41329374e-08
1.00467681e-07
2.50279752e-08
9.81246907e-08
5.15683871e-09
9.52460101e-08
-1.61440259e-08
9.12947967e-08
-3.9232052e-08
8.47411565e-08
-6.33127958e-08
7.39575221e-08
-8.55967997e-08
5.87652458e-08
-1.02479107e-07
4.08118164e-08
-1.11474798e-07
2.26606296e-08
-1.17188799e-07
7.20731107e-09
-1.50295201e-07
-1.91632396e-07
2.81731434e-08
1.50393481e-08
5.51484663e-08
7.96729378e-08
7.96670871e-08
1.08500859e-07
9.78761392e-08
1.14653087e-07
1.1016837e-07
1.06862232e-07
1.183501e-07
9.24206133e-08
1.23803688e-07
7.61094622e-08
1.27051845e-07
5.96095156e-08
1.28263617e-07
4.29211636e-08
1.27618917e-07
2.56726737e-08
1.25229105e-07
7.54664893e-09
1.20920262e-07
-1.18351845e-08
1.13882754e-07
-3.21945467e-08
1.02820043e-07
-5.22500873e-08
8.70176249e-08
-6.97943841e-08
6.72639444e-08
-8.2725429e-08
4.56840537e-08
-8.98949103e-08
2.5159302e-08
-9.66640521e-08
8.93130177e-09
-1.34067201e-07
-1.82701099e-07
4.02211458e-08
-2.51817977e-08
6.36349183e-08
5.62591636e-08
8.08893518e-08
9.12464232e-08
1.00621858e-07
9.49205785e-08
1.18710954e-07
8.87731343e-08
1.3239972e-07
7.87318452e-08
1.41877377e-07
6.66318035e-08
1.47903013e-07
5.35838783e-08
1.50845932e-07
3.99782434e-08
1.50785394e-07
2.57332106e-08
1.476108e-07
1.07212412e-08
1.40841416e-07
-5.06580184e-09
1.29882327e-07
-2.12354592e-08
1.142055e-07
-3.65732617e-08
9.41611658e-08
-4.97500525e-08
7.12475415e-08
-5.98118072e-08
4.7709174e-08
-6.63565441e-08
2.65100879e-08
-7.54649667e-08
1.05161704e-08
-1.1807329e-07
-1.72184927e-07
1.62489013e-08
-4.1430703e-08
4.61561141e-08
2.63519485e-08
7.18163959e-08
6.55861395e-08
9.6647936e-08
7.00890369e-08
1.19459773e-07
6.59612954e-08
1.37834035e-07
6.03575823e-08
1.51079991e-07
5.33858464e-08
1.59569807e-07
4.50940615e-08
1.6367906e-07
3.58689896e-08
1.63523753e-07
2.58885168e-08
1.59048003e-07
1.51969897e-08
1.50000575e-07
3.98162623e-09
1.36163369e-07
-7.39825529e-09
1.1781766e-07
-1.82275535e-08
9.58645299e-08
-2.77969241e-08
7.20041248e-08
-3.59514032e-08
4.84266603e-08
-4.27790817e-08
2.82224252e-08
-5.52607352e-08
1.29456906e-08
-1.02796554e-07
-1.5923924e-07
-1.29661643e-08
-2.84645374e-08
9.44264797e-09
3.94313569e-09
5.06186406e-08
2.44101459e-08
8.80030705e-08
3.2704606e-08
1.17998432e-07
3.59659334e-08
1.4063134e-07
3.77246729e-08
1.56491883e-07
3.75253024e-08
1.66225149e-07
3.53607953e-08
1.70421393e-07
3.16727443e-08
1.69498356e-07
2.68115538e-08
1.63672146e-07
2.1023199e-08
1.53103066e-07
1.4550706e-08
1.38029219e-07
7.67559016e-09
1.19238141e-07
5.63523989e-10
9.72358489e-08
-5.79463303e-09
7.37911376e-08
-1.25066932e-08
5.12818105e-08
-2.02697545e-08
3.3023045e-08
-3.70019687e-08
1.75302569e-08
-8.73037719e-08
-1.41708982e-07
-4.14024228e-08
1.29378827e-08
-1.76221461e-08
-1.98371418e-08
3.32835504e-08
-2.6495551e-08
8.2161543e-08
-1.61733869e-08
1.21464669e-07
-3.33719288e-09
1.506143e-07
8.57504147e-09
1.70828927e-07
1.73106746e-08
1.82798991e-07
2.33907315e-08
1.87446492e-07
2.70252428e-08
1.85731949e-07
2.85260957e-08
1.78375521e-07
2.83796272e-08
1.65978455e-07
2.69477713e-08
1.49216019e-07
2.44380264e-08
1.28908045e-07
2.08714975e-08
1.06883077e-07
1.62303348e-08
8.45222592e-08
9.85412515e-09
6.37218756e-08
5.30628444e-10
4.66119328e-08
-1.98920283e-08
2.6927433e-08
-6.76192681e-08
-1.14781551e-07
-1.44561861e-08
2.73940713e-08
8.892512e-09
-4.3185839e-08
5.25760352e-08
-7.01790737e-08
9.56690072e-08
-5.92663585e-08
1.32987302e-07
-4.06554874e-08
1.64970901e-07
-2.34085576e-08
1.91068685e-07
-8.78710934e-09
2.10593405e-07
3.86601161e-09
2.22824574e-07
1.47940736e-08
2.28003293e-07
2.33473768e-08
2.26296909e-07
3.00860119e-08
2.17997575e-07
3.52471053e-08
2.03549158e-07
3.8886444e-08
1.83609091e-07
4.08115644e-08
1.59347791e-07
4.04916354e-08
1.32515648e-07
3.66862685e-08
1.05914654e-07
2.71316248e-08
7.94012777e-08
6.62135013e-09
4.57366837e-08
-3.39546785e-08
-6.90448648e-08
1.71331886e-08
1.02608814e-08
4.65042367e-08
-7.25568865e-08
7.12016771e-08
-9.48765132e-08
9.50580238e-08
-8.31227043e-08
1.17894183e-07
-6.34916454e-08
1.38754516e-07
-4.42688906e-08
1.57571552e-07
-2.76041444e-08
1.75272909e-07
-1.38353452e-08
1.91947761e-07
-1.88077795e-09
2.06730698e-07
8.56444054e-09
2.18020809e-07
1.87959015e-08
2.24641828e-07
2.86260874e-08
2.25601427e-07
3.79268455e-08
2.20187714e-07
4.62252783e-08
2.08085079e-07
5.25942706e-08
1.89357102e-07
5.54142473e-08
1.63947237e-07
5.25414906e-08
1.29262377e-07
4.13062083e-08
7.41938798e-08
2.11138245e-08
5.1490142e-09
4.14243916e-08
-3.11635072e-08
6.29500363e-08
-9.40825295e-08
7.65058687e-08
-1.08432344e-07
9.22029626e-08
-9.88197969e-08
1.07907878e-07
-7.91965592e-08
1.2142325e-07
-5.77842619e-08
1.32525785e-07
-3.87066783e-08
1.41577381e-07
-2.28869402e-08
1.49504857e-07
-9.80825345e-09
1.57056834e-07
1.01246506e-09
1.6529105e-07
1.05616864e-08
1.74073756e-07
1.9843382e-08
1.82379521e-07
2.96210811e-08
1.88406415e-07
4.01983855e-08
1.89728782e-07
5.12719046e-08
1.83308823e-07
6.1834207e-08
1.65477766e-07
7.03725496e-08
1.31577267e-07
7.52067113e-08
7.48999946e-08
7.77910949e-08
8.0049012e-08
2.90416774e-08
-6.02051841e-08
5.29872526e-08
-1.18028103e-07
7.25268173e-08
-1.27971907e-07
8.74022172e-08
-1.13695195e-07
9.89012599e-08
-9.06956005e-08
1.08443851e-07
-6.73268519e-08
1.16891242e-07
-4.71540673e-08
1.2430784e-07
-3.03035373e-08
1.30283757e-07
-1.57841694e-08
1.34241074e-07
-2.94485023e-09
1.36180805e-07
8.6219561e-09
1.37040641e-07
1.89835478e-08
1.37971683e-07
2.869004e-08
1.39495301e-07
3.86747691e-08
1.40716343e-07
5.00508643e-08
1.38736923e-07
6.38136281e-08
1.28803515e-07
8.0305959e-08
1.05046583e-07
9.89636437e-08
6.07480554e-08
1.22089628e-07
1.40797068e-07
2.51366986e-08
-8.53418796e-08
5.24002493e-08
-1.45291652e-07
6.87953476e-08
-1.44367004e-07
7.79486578e-08
-1.22848504e-07
8.43117247e-08
-9.70586656e-08
9.04953046e-08
-7.35104301e-08
9.70383873e-08
-5.36971484e-08
1.03431298e-07
-3.66964463e-08
1.09030533e-07
-2.13834032e-08
1.13174187e-07
-7.08850302e-09
1.15262208e-07
6.53393664e-09
1.14697144e-07
1.95486136e-08
1.11577012e-07
3.18101739e-08
1.06810352e-07
4.34414308e-08
1.01572938e-07
5.52882796e-08
9.60459933e-08
6.93405745e-08
8.80907221e-08
8.82612323e-08
7.30147015e-08
1.14039668e-07
4.28773865e-08
1.52226944e-07
1.83674457e-07
2.67152754e-08
-1.12057153e-07
4.94919063e-08
-1.68068281e-07
5.91693108e-08
-1.54044407e-07
6.32383531e-08
-1.26917544e-07
6.67258486e-08
-1.00546159e-07
7.13852185e-08
-7.81697982e-08
7.67367229e-08
-5.90486509e-08
8.19191819e-08
-4.18789035e-08
8.63933131e-08
-2.58575326e-08
8.98546864e-08
-1.05498746e-08
9.20235301e-08
4.36509463e-09
9.22959717e-08
1.92761738e-08
8.98588694e-08
3.4247278e-08
8.42712893e-08
4.90290128e-08
7.61353524e-08
6.34242185e-08
6.6955014e-08
7.85209153e-08
5.77238819e-08
9.7492366e-08
4.71858162e-08
1.24577735e-07
2.75616853e-08
1.7185108e-07
2.11236144e-07
2.5659904e-08
-1.37717055e-07
4.16881388e-08
-1.84096514e-07
4.62742774e-08
-1.58630543e-07
4.79072561e-08
-1.28550521e-07
5.04556213e-08
-1.03094522e-07
5.43340573e-08
-8.20482321e-08
5.84930136e-08
-6.32076052e-08
6.22734949e-08
-4.56593828e-08
6.54111329e-08
-2.89951687e-08
6.77394108e-08
-1.28781507e-08
6.91146073e-08
2.98990007e-09
6.93641028e-08
1.90266802e-08
6.79305869e-08
3.5680796e-08
6.3859012e-08
5.31005899e-08
5.65680597e-08
7.07151731e-08
4.69095841e-08
8.81793929e-08
3.69757764e-08
1.07426176e-07
2.8762665e-08
1.3279085e-07
1.56757609e-08
1.84937987e-07
2.26911908e-07
2.27962325e-08
-1.60513285e-07
3.21625912e-08
-1.9346287e-07
3.35179675e-08
-1.59985917e-07
3.41179987e-08
-1.2915055e-07
3.62115905e-08
-1.05188112e-07
3.9067766e-08
-8.49044055e-08
4.18449186e-08
-6.59847557e-08
4.42942652e-08
-4.81087274e-08
4.6306213e-08
-3.10071145e-08
4.77471305e-08
-1.43190661e-08
4.84427706e-08
2.29426195e-09
4.8244142e-08
1.9225311e-08
4.70379467e-08
3.68869935e-08
4.4235138e-08
5.5903401e-08
3.88707688e-08
7.60795448e-08
3.09043066e-08
9.61458578e-08
2.18525077e-08
1.16477977e-07
1.52977838e-08
1.39345576e-07
6.21145008e-09
1.94024325e-07
2.3312336e-07
1.85489766e-08
-1.7906226e-07
2.23539951e-08
-1.97267887e-07
2.21507147e-08
-1.59782635e-07
2.20844155e-08
-1.29084249e-07
2.33503846e-08
-1.06454079e-07
2.47875792e-08
-8.63415981e-08
2.61986543e-08
-6.73958287e-08
2.74604676e-08
-4.93705386e-08
2.84899742e-08
-3.20366191e-08
2.92080235e-08
-1.50371133e-08
2.94397273e-08
2.06256025e-09
2.89912152e-08
1.96738254e-08
2.78289298e-08
3.80492812e-08
2.57775848e-08
5.79547486e-08
2.21161457e-08
7.97409866e-08
1.65318852e-08
1.01730121e-07
9.83142275e-09
1.23178442e-07
2.97999847e-09
1.46197004e-07
-4.04350881e-09
2.01047837e-07
2.29079853e-07
1.35371036e-08
-1.92599362e-07
1.33245649e-08
-1.97055346e-07
1.22440568e-08
-1.58702125e-07
1.13596946e-08
-1.28199885e-07
1.11029073e-08
-1.0619729e-07
1.10943966e-08
-8.63330854e-08
1.12852567e-08
-6.75866868e-08
1.14954253e-08
-4.95807051e-08
1.16411449e-08
-3.21823367e-08
1.16554805e-08
-1.50514468e-08
1.14708007e-08
2.24724224e-09
1.09540353e-08
2.0190593e-08
9.9492968e-09
3.90540222e-08
8.39528081e-09
5.95087672e-08
6.0237508e-09
8.21125193e-08
2.55041059e-09
1.05203464e-07
-9.4218926e-10
1.26671044e-07
-7.55846379e-09
1.52813281e-07
-1.6171559e-08
2.09660935e-07
2.12908297e-07
7.98792506e-09
-2.00587286e-07
5.24143208e-09
-1.94308852e-07
3.54783251e-09
-1.57008524e-07
7.66182414e-10
-1.25418233e-07
-7.50377285e-10
-1.04680728e-07
-2.30792377e-09
-8.4775537e-08
-3.24141967e-09
-6.6653189e-08
-3.9257861e-09
-4.88963368e-08
-4.4853828e-09
-3.16227381e-08
-5.00891971e-09
-1.45279079e-08
-5.55299776e-09
2.79132234e-09
-6.19099826e-09
2.08285956e-08
-7.12166357e-09
3.99846898e-08
-8.43119631e-09
6.08183024e-08
-9.99000938e-09
8.36713349e-08
-1.16476955e-08
1.06861152e-07
-1.40112087e-08
1.29034559e-07
-2.23160047e-08
1.61118079e-07
-2.67907703e-08
2.14135706e-07
1.86117527e-07
2.67024861e-09
-2.03257532e-07
-2.38801952e-09
-1.89250582e-07
-5.29854099e-09
-1.54098001e-07
-9.02150264e-09
-1.21695269e-07
-1.29509802e-08
-1.00751249e-07
-1.57153036e-08
-8.20112119e-08
-1.78637523e-08
-6.45047386e-08
-1.93816922e-08
-4.73783953e-08
-2.05146795e-08
-3.04897491e-08
-2.1434487e-08
-1.36080986e-08
-2.22575266e-08
3.61436372e-09
-2.30721062e-08
2.16431771e-08
-2.40349832e-08
4.09475688e-08
-2.51576037e-08
6.19409252e-08
-2.60324279e-08
8.45461615e-08
-2.68316825e-08
1.07660409e-07
-3.06705868e-08
1.32873466e-07
-4.04123709e-08
1.70859867e-07
-3.60689744e-08
2.0979231e-07
1.50048557e-07
-2.52915277e-09
-2.00728379e-07
-8.90677052e-09
-1.82872963e-07
-1.48141213e-08
-1.48190648e-07
-1.98810665e-08
-1.16628323e-07
-2.53847524e-08
-9.52475616e-08
-2.98245442e-08
-7.75714187e-08
-3.31829822e-08
-6.11462993e-08
-3.5589981e-08
-4.49713951e-08
-3.72956673e-08
-2.87840615e-08
-3.85344794e-08
-1.23692851e-08
-3.95105454e-08
4.59043114e-09
-4.03851318e-08
2.25177651e-08
-4.12487433e-08
4.1811182e-08
-4.2009001e-08
6.27011847e-08
-4.25960196e-08
8.51331821e-08
-4.44497172e-08
1.09514108e-07
-5.09538194e-08
1.39377569e-07
-5.75333011e-08
1.77439349e-07
-4.14960291e-08
1.93755044e-07
1.08552528e-07
-8.36469243e-09
-1.92363684e-07
-1.70554258e-08
-1.74182228e-07
-2.50850012e-08
-1.40161072e-07
-3.19975424e-08
-1.0971578e-07
-3.89533867e-08
-8.82917162e-08
-4.49749826e-08
-7.15498217e-08
-4.96403897e-08
-5.6480891e-08
-5.29872052e-08
-4.16245785e-08
-5.52710615e-08
-2.65002041e-08
-5.678302e-08
-1.08573256e-08
-5.77842637e-08
5.59167602e-09
-5.84663842e-08
2.31998868e-08
-5.8953277e-08
4.22980762e-08
-5.94427658e-08
6.3190675e-08
-6.07419887e-08
8.64324065e-08
-6.4733695e-08
1.13505816e-07
-7.1273677e-08
1.45917552e-07
-6.91966025e-08
1.75362278e-07
-4.09400023e-08
1.65498444e-07
6.76125294e-08
-1.42470211e-08
-1.78116664e-07
-2.71911148e-08
-1.61238134e-07
-3.75120716e-08
-1.29840114e-07
-4.60992122e-08
-1.01128639e-07
-5.43164578e-08
-8.00744698e-08
-6.16788417e-08
-6.4187437e-08
-6.75949534e-08
-5.05647786e-08
-7.18850852e-08
-3.7334446e-08
-7.47203095e-08
-2.3664979e-08
-7.64019213e-08
-9.17571308e-09
-7.72341398e-08
6.42389524e-09
-7.7522599e-08
2.34883469e-08
-7.76734224e-08
4.24489006e-08
-7.84098353e-08
6.39270889e-08
-8.08202208e-08
8.88427932e-08
-8.50595435e-08
1.1774514e-07
-8.62639585e-08
1.47121968e-07
-7.19606949e-08
1.61059014e-07
-3.46036575e-08
1.28141413e-07
3.30088713e-08
-2.12517072e-08
-1.56864954e-07
-3.97560371e-08
-1.42733803e-07
-5.3296418e-08
-1.16299733e-07
-6.35577178e-08
-9.08673386e-08
-7.25885232e-08
-7.10436639e-08
-8.07100775e-08
-5.60658822e-08
-8.74827589e-08
-4.37920968e-08
-9.25272082e-08
-3.22899963e-08
-9.58110275e-08
-2.03811594e-08
-9.75744084e-08
-7.41233191e-09
-9.81928854e-08
7.04237264e-09
-9.81557841e-08
2.3451246e-08
-9.81249466e-08
4.24180637e-08
-9.88438985e-08
6.46460414e-08
-1.00404255e-07
9.04031506e-08
-1.00346126e-07
1.17687011e-07
-9.16028431e-08
1.38378686e-07
-6.53544581e-08
1.34810632e-07
-2.44232688e-08
8.72102216e-08
8.58560591e-09
-2.96131457e-08
-1.27251809e-07
-5.51920014e-08
-1.17154947e-07
-7.3422101e-08
-9.80696327e-08
-8.59783271e-08
-7.83111122e-08
-9.55237586e-08
-6.14982322e-08
-1.03515002e-07
-4.8074639e-08
-1.10226156e-07
-3.70809428e-08
-1.15408913e-07
-2.71072389e-08
-1.18846503e-07
-1.69435692e-08
-1.20592938e-07
-5.66589747e-09
-1.20934912e-07
7.38434645e-09
-1.20308406e-07
2.28247409e-08
-1.19173538e-07
4.12831959e-08
-1.17583467e-07
6.30559706e-08
-1.1427006e-07
8.70897444e-08
-1.0553282e-07
1.08949771e-07
-8.5659555e-08
1.18505422e-07
-5.18170615e-08
1.00968138e-07
-1.41605662e-08
4.95537325e-08
-5.57496184e-09
-3.89614354e-08
-8.82903717e-08
-7.29279169e-08
-8.31884651e-08
-9.75212958e-08
-7.34762535e-08
-1.13811487e-07
-6.20209214e-08
-1.24497255e-07
-5.0812464e-08
-1.31923765e-07
-4.06481285e-08
-1.37434023e-07
-3.15706853e-08
-1.41475523e-07
-2.30657391e-08
-1.4399645e-07
-1.44226428e-08
-1.44829831e-07
-4.83251676e-09
-1.43907778e-07
6.46229349e-09
-1.41133133e-07
2.00500952e-08
-1.36349755e-07
3.64998181e-08
-1.28878394e-07
5.55846095e-08
-1.17020284e-07
7.52316347e-08
-9.79949753e-08
8.99244625e-08
-6.96714799e-08
9.01819275e-08
-3.51792217e-08
6.64758825e-08
-7.13060791e-09
2.15051151e-08
-1.2705567e-08
-4.78177725e-08
-4.04726011e-08
-8.98753824e-08
-4.11308557e-08
-1.21353331e-07
-4.19983051e-08
-1.42759598e-07
-4.06146546e-08
-1.56290774e-07
-3.7281289e-08
-1.64316004e-07
-3.26228986e-08
-1.68688647e-07
-2.71980428e-08
-1.70544358e-07
-2.12100284e-08
-1.70362535e-07
-1.46044668e-08
-1.68085816e-07
-7.10923563e-09
-1.63472277e-07
1.84875347e-09
-1.55672207e-07
1.22500245e-08
-1.44103198e-07
2.49308086e-08
-1.27884468e-07
3.93658794e-08
-1.06115964e-07
5.34631307e-08
-7.84590245e-08
6.22675235e-08
-4.68404857e-08
5.85633886e-08
-1.8394104e-08
3.80294987e-08
-2.66730245e-09
5.77831883e-09
-1.53728717e-08
-5.29257131e-08
1.24531133e-08
-9.92119419e-08
5.15537284e-09
-1.34903868e-07
-6.30637921e-09
-1.60309831e-07
-1.52086922e-08
-1.77306561e-07
-2.02845599e-08
-1.8784339e-07
-2.20860696e-08
-1.93236557e-07
-2.18048765e-08
-1.9429697e-07
-2.01496167e-08
-1.91436709e-07
-1.7464728e-08
-1.84755685e-07
-1.37902602e-08
-1.73940834e-07
-8.96609842e-09
-1.58805251e-07
-2.88555922e-09
-1.38563666e-07
4.68922206e-09
-1.12758762e-07
1.35609755e-08
-8.20121228e-08
2.27164908e-08
-4.88154426e-08
2.90708427e-08
-1.84992918e-08
2.82472378e-08
8.02793606e-10
1.87274155e-08
4.68001105e-09
1.90109632e-09
-1.06928584e-08
-4.94155825e-08
6.1868693e-08
-9.29185762e-08
4.86583652e-08
-1.26600844e-07
2.73758876e-08
-1.5154274e-07
9.73320285e-09
-1.69871993e-07
-1.95530769e-09
-1.83283477e-07
-8.67458622e-09
-1.91963089e-07
-1.31252654e-08
-1.95869788e-07
-1.62429181e-08
-1.94676506e-07
-1.86580114e-08
-1.87886709e-07
-2.05800574e-08
-1.74873391e-07
-2.19794177e-08
-1.55142725e-07
-2.26162265e-08
-1.28335119e-07
-2.21183847e-08
-9.47292039e-08
-2.00449404e-08
-5.62369156e-08
-1.57757984e-08
-1.82791748e-08
-8.88689867e-09
1.08220608e-08
-8.53998963e-10
2.25848155e-08
6.96465753e-09
1.59866638e-08
8.49925235e-09
5.29380278e-09
-3.892563e-08
1.00794323e-07
-7.29658329e-08
8.26985672e-08
-9.92855422e-08
5.36955958e-08
-1.20944564e-07
3.13922233e-08
-1.40222854e-07
1.73229813e-08
-1.56745729e-07
7.84828786e-09
-1.70041233e-07
1.70237405e-10
-1.79545319e-07
-6.73883298e-09
-1.84502262e-07
-1.37010694e-08
-1.84165316e-07
-2.09170042e-08
-1.7762892e-07
-2.85158149e-08
-1.63861271e-07
-3.63838766e-08
-1.41895288e-07
-4.40843683e-08
-1.11391231e-07
-5.05489986e-08
-7.36389434e-08
-5.35280868e-08
-3.32805029e-08
-4.92453407e-08
-2.8365726e-10
-3.38508457e-08
1.71709427e-08
-1.04899412e-08
1.35007654e-08
1.21694238e-08
1.879457e-08
-2.93917534e-08
1.30186074e-07
-5.54677385e-08
1.08774551e-07
-7.68355139e-08
7.50633697e-08
-9.63675217e-08
5.09242297e-08
-1.15072918e-07
3.60283767e-08
-1.32172115e-07
2.4947483e-08
-1.46985918e-07
1.49840393e-08
-1.5875345e-07
5.0286977e-09
-1.67028784e-07
-5.42573622e-09
-1.71376974e-07
-1.65688152e-08
-1.71191314e-07
-2.87014763e-08
-1.65576885e-07
-4.19983067e-08
-1.5332457e-07
-5.63366848e-08
-1.33188593e-07
-7.06849764e-08
-1.04641216e-07
-8.20754655e-08
-6.9212033e-08
-8.46745248e-08
-3.21842286e-08
-7.08786522e-08
-5.09408072e-09
-3.75800932e-08
3.19484543e-09
3.88050117e-09
2.19894123e-08
-2.20475072e-08
1.52233581e-07
-4.23371202e-08
1.29064162e-07
-6.02315913e-08
9.29578393e-08
-7.78286353e-08
6.85212721e-08
-9.52368062e-08
5.34365461e-08
-1.113651e-07
4.1075775e-08
-1.25317887e-07
2.89368251e-08
-1.36583242e-07
1.62940514e-08
-1.45008903e-07
2.9999233e-09
-1.50644451e-07
-1.09332684e-08
-1.53468188e-07
-2.58777402e-08
-1.53167089e-07
-4.22994066e-08
-1.48916161e-07
-6.0587614e-08
-1.39209819e-07
-8.03913199e-08
-1.21942329e-07
-9.93429573e-08
-9.52464417e-08
-1.11370414e-07
-6.0026061e-08
-1.06099034e-07
-2.44766184e-08
-7.31295351e-08
-3.24894381e-09
-1.73471803e-08
1.87404696e-08
-1.6427053e-08
1.68660631e-07
-3.25258299e-08
1.45162937e-07
-4.78073794e-08
1.08239387e-07
-6.34153451e-08
8.41292361e-08
-7.89771998e-08
6.89983991e-08
-9.32157173e-08
5.53142909e-08
-1.0521002e-07
4.09311258e-08
-1.14614673e-07
2.56987028e-08
-1.21634986e-07
1.00202352e-08
-1.2661132e-07
-5.95693613e-09
-1.29940022e-07
-2.25490392e-08
-1.31862766e-07
-4.03766646e-08
-1.32283179e-07
-6.01672021e-08
-1.30320642e-07
-8.23538586e-08
-1.23633091e-07
-1.0603051e-07
-1.0821653e-07
-1.26786977e-07
-8.02905791e-08
-1.34024988e-07
-4.18272848e-08
-1.11592834e-07
-7.91104824e-09
-5.12634144e-08
1.08294176e-08
-1.2029537e-08
1.80690167e-07
-2.4911996e-08
1.58045395e-07
-3.79944171e-08
1.21321806e-07
-5.1470267e-08
9.76050841e-08
-6.48114578e-08
8.23395882e-08
-7.671534e-08
6.72181712e-08
-8.6386575e-08
5.06023591e-08
-9.37485809e-08
3.30607071e-08
-9.92272208e-08
1.54988734e-08
-1.03279714e-07
-1.90444427e-09
-1.06231281e-07
-1.9597474e-08
-1.08393094e-07
-3.82148533e-08
-1.10171941e-07
-5.83883566e-08
-1.1176802e-07
-8.07577811e-08
-1.12111513e-07
-1.05687019e-07
-1.07301102e-07
-1.3159739e-07
-9.04926979e-08
-1.50833393e-07
-5.69105425e-08
-1.45174989e-07
-1.56836214e-08
-9.24903426e-08
-4.85420354e-09
-8.4709044e-09
1.89161069e-07
-1.86910409e-08
1.68265529e-07
-2.97757621e-08
1.32406526e-07
-4.09820983e-08
1.08811418e-07
-5.19371782e-08
9.32946661e-08
-6.14476162e-08
7.67286073e-08
-6.89808085e-08
5.81355495e-08
-7.47720099e-08
3.88519066e-08
-7.93859337e-08
2.01127953e-08
-8.31460588e-08
1.85567896e-09
-8.6045377e-08
-1.66981576e-08
-8.80576408e-08
-3.62025913e-08
-8.94756362e-08
-5.69703629e-08
-9.10629749e-08
-7.91704443e-08
-9.35153737e-08
-1.03234622e-07
-9.52747027e-08
-1.29838062e-07
-8.94952369e-08
-1.56612861e-07
-6.619062e-08
-1.6847961e-07
-2.62532348e-08
-1.32427727e-07
-3.11074421e-08
-5.37058104e-09
1.94531649e-07
-1.33233783e-08
1.76218325e-07
-2.2562776e-08
1.41645921e-07
-3.14173899e-08
1.1766603e-07
-4.00479749e-08
1.01925249e-07
-4.73998982e-08
8.40805287e-08
-5.32436138e-08
6.3979263e-08
-5.80187115e-08
4.36270023e-08
-6.22592762e-08
2.43533579e-08
-6.60778232e-08
5.67422392e-09
-6.92581732e-08
-1.35178095e-08
-7.15374444e-08
-3.3923322e-08
-7.2769964e-08
-5.57378454e-08
-7.32848028e-08
-7.86556075e-08
-7.43945872e-08
-1.0212484e-07
-7.74588306e-08
-1.26773821e-07
-7.91272242e-08
-1.54944469e-07
-6.7259874e-08
-1.8034696e-07
-3.32644781e-08
-1.66423129e-07
-6.43719207e-08
-1.97504742e-09
1.96506694e-07
-8.53092552e-09
1.82774201e-07
-1.59702462e-08
1.4908524e-07
-2.24748361e-08
1.24170618e-07
-2.90279766e-08
1.08478388e-07
-3.45671639e-08
8.96197139e-08
-3.91460507e-08
6.85581477e-08
-4.32047181e-08
4.76856676e-08
-4.7086517e-08
2.82351547e-08
-5.07418426e-08
9.32954742e-09
-5.39911481e-08
-1.02685062e-08
-5.66581071e-08
-3.12563651e-08
-5.84065148e-08
-5.39894399e-08
-5.87931798e-08
-7.82689447e-08
-5.82559618e-08
-1.0266206e-07
-5.92909649e-08
-1.2573882e-07
-6.33579735e-08
-1.50877462e-07
-6.08541132e-08
-1.82850825e-07
-3.56365954e-08
-1.91640647e-07
-1.00008519e-07
1.23223679e-09
1.95274456e-07
-4.28568734e-09
1.88292123e-07
-9.6613706e-09
1.54460921e-07
-1.39952923e-08
1.28504538e-07
-1.8789263e-08
1.13272356e-07
-2.27626296e-08
9.35930783e-08
-2.63499205e-08
7.21454364e-08
-2.97493082e-08
5.10850531e-08
-3.30782165e-08
3.15640607e-08
-3.62260476e-08
1.24773762e-08
-3.91488873e-08
-7.3456687e-09
-4.18935252e-08
-2.85117294e-08
-4.4279189e-08
-5.16037784e-08
-4.54967791e-08
-7.70513569e-08
-4.47650466e-08
-1.03393795e-07
-4.36619879e-08
-1.26841881e-07
-4.64993442e-08
-1.48040108e-07
-4.96919317e-08
-1.79658238e-07
-3.41015102e-08
-2.07231075e-07
-1.3411003e-07
4.49236686e-09
1.90782087e-07
-5.49194286e-11
1.92839407e-07
-2.68989022e-09
1.5709589e-07
-6.08519907e-09
1.31899845e-07
-9.19352533e-09
1.1638068e-07
-1.16608483e-08
9.60603992e-08
-1.44122266e-08
7.48968125e-08
-1.71124792e-08
5.37853034e-08
-1.97717569e-08
3.4223336e-08
-2.22931291e-08
1.49987461e-08
-2.47274035e-08
-4.91139672e-09
-2.72416024e-08
-2.5997533e-08
-2.99088861e-08
-4.8936497e-08
-3.20424235e-08
-7.49178219e-08
-3.22148633e-08
-1.03221357e-07
-3.05942785e-08
-1.28462468e-07
-3.1407602e-08
-1.47226786e-07
-3.67362063e-08
-1.74329638e-07
-2.94762002e-08
-2.14491082e-07
-1.63586233e-07
8.44024176e-09
1.82341844e-07
5.8418145e-09
1.95437833e-07
3.60263287e-09
1.5933507e-07
1.23151049e-09
1.34270965e-07
4.78021946e-10
1.17134167e-07
-1.18409367e-09
9.77225126e-08
-2.88402556e-09
7.65967421e-08
-4.8762301e-09
5.57775056e-08
-6.8903734e-09
3.62374769e-08
-8.85978643e-09
1.69681566e-08
-1.08853497e-08
-2.88583592e-09
-1.31133933e-08
-2.37694919e-08
-1.57368909e-08
-4.63130019e-08
-1.8366575e-08
-7.22881404e-08
-1.96298576e-08
-1.01958077e-07
-1.89373199e-08
-1.29155008e-07
-1.88983888e-08
-1.4726572e-07
-2.4247924e-08
-1.68980103e-07
-2.33408223e-08
-2.15398188e-07
-1.86927056e-07
1.24679639e-08
1.69873878e-07
1.21351115e-08
1.95770684e-07
1.03200943e-08
1.61150085e-07
9.69755815e-09
1.34893499e-07
9.92062757e-09
1.16911095e-07
9.629061e-09
9.8014077e-08
8.70174683e-09
7.7524054e-08
7.35091327e-09
5.71283369e-08
5.88277021e-09
3.77056176e-08
4.29514478e-09
1.85557796e-08
2.52656809e-09
-1.11726178e-09
4.26358422e-10
-2.16692847e-08
-2.09284715e-09
-4.37937988e-08
-4.7424507e-09
-6.96385393e-08
-6.73490219e-09
-9.99656281e-08
-7.68957531e-09
-1.28200337e-07
-8.55389199e-09
-1.46401405e-07
-1.35922186e-08
-1.6394178e-07
-1.70150454e-08
-2.11975362e-07
-2.03942104e-07
1.63657625e-08
1.53508114e-07
1.94215138e-08
1.92714931e-07
1.82363184e-08
1.62335279e-07
1.80609497e-08
1.35068866e-07
1.95472805e-08
1.15424762e-07
2.04286242e-08
9.71327313e-08
2.04807822e-08
7.74718939e-08
1.98717432e-08
5.77373736e-08
1.89340136e-08
3.8643345e-08
1.770681e-08
1.97829808e-08
1.60477467e-08
5.41799104e-10
1.39359185e-08
-1.95574589e-08
1.14229101e-08
-4.12807927e-08
8.78529222e-09
-6.70009239e-08
6.19473102e-09
-9.73750693e-08
3.50781108e-09
-1.25513419e-07
4.73275596e-10
-1.43366871e-07
-5.35610735e-09
-1.58112398e-07
-1.1226178e-08
-2.06105295e-07
-2.15168283e-07
1.99404076e-08
1.33567705e-07
2.75316699e-08
1.85123667e-07
2.7469588e-08
1.62397359e-07
2.74886958e-08
1.35049756e-07
2.95011216e-08
1.13412335e-07
3.15577758e-08
9.50760751e-08
3.26488923e-08
7.63807754e-08
3.28536496e-08
5.75326141e-08
3.24534379e-08
3.90435547e-08
3.15115521e-08
2.07248643e-08
2.99596734e-08
2.09367553e-09
2.77504876e-08
-1.73482753e-08
2.52078524e-08
-3.87381598e-08
2.25609067e-08
-6.43539805e-08
1.92267131e-08
-9.4040878e-08
1.46139803e-08
-1.20900688e-07
8.29027378e-09
-1.37043166e-07
4.34317959e-10
-1.50256446e-07
-5.98596329e-09
-1.99685016e-07
-2.21154248e-07
2.26824899e-08
1.10885213e-07
3.58674887e-08
1.71938666e-07
3.82425795e-08
1.60022266e-07
3.85347532e-08
1.34757581e-07
4.04968074e-08
1.11450279e-07
4.33359118e-08
9.22369689e-08
4.54484358e-08
7.42682495e-08
4.64945663e-08
5.64864817e-08
4.66419632e-08
3.88961558e-08
4.59919089e-08
2.13749166e-08
4.45311406e-08
3.55444174e-09
4.23934501e-08
-1.52105869e-08
4.00129282e-08
-3.635764e-08
3.72700716e-08
-6.16111261e-08
3.28604471e-08
-8.96312556e-08
2.57063013e-08
-1.13746544e-07
1.60870838e-08
-1.27423951e-07
6.58237508e-09
-1.40751738e-07
-1.086502e-09
-1.92016142e-07
-2.2224075e-07
2.3877689e-08
8.70075225e-08
4.33592586e-08
1.52457095e-07
4.99723824e-08
1.53409141e-07
5.15104874e-08
1.33219474e-07
5.34113508e-08
1.09549414e-07
5.65567312e-08
8.90915867e-08
5.94753661e-08
7.13496128e-08
6.13382726e-08
5.46235734e-08
6.20700933e-08
3.81643332e-08
6.17826315e-08
2.16623766e-08
6.06148041e-08
4.72226722e-09
5.88598376e-08
-1.34556223e-08
5.67272091e-08
-3.42250134e-08
5.33845476e-08
-5.82684665e-08
4.69786637e-08
-8.32253736e-08
3.65527983e-08
-1.03320681e-07
2.33676914e-08
-1.14238846e-07
1.11751838e-08
-1.28559233e-07
2.35260141e-09
-1.83193561e-07
-2.1988815e-07
2.27620901e-08
6.42454308e-08
4.81795531e-08
1.27039631e-07
6.07882944e-08
1.40800398e-07
6.57113834e-08
1.28296383e-07
6.87823189e-08
1.06478477e-07
7.23586743e-08
8.55152298e-08
7.59461397e-08
6.77621458e-08
7.86587711e-08
5.19109405e-08
8.01621704e-08
3.66609323e-08
8.04982833e-08
2.13262621e-08
7.98672125e-08
5.35333631e-09
7.84823303e-08
-1.20707418e-08
7.59304552e-08
-3.167314e-08
7.06903086e-08
-5.30283215e-08
6.0980884e-08
-7.35159507e-08
4.65832852e-08
-8.89230836e-08
2.97544537e-08
-9.74100157e-08
1.51645961e-08
-1.13969376e-07
4.91327101e-09
-1.72942238e-07
-2.1497488e-07
2.00800051e-08
4.41654242e-08
4.91591855e-08
9.79604487e-08
6.80078471e-08
1.21951735e-07
7.89182411e-08
1.17385988e-07
8.55992617e-08
9.97974546e-08
9.08326699e-08
8.02818203e-08
9.55114624e-08
6.3083352e-08
9.93378371e-08
4.80845644e-08
1.0192285e-07
3.40759177e-08
1.03125503e-07
2.01236077e-08
1.02876586e-07
5.60225229e-09
1.00919994e-07
-1.01141508e-08
9.62843444e-08
-2.70374922e-08
8.74453242e-08
-4.41893027e-08
7.34396897e-08
-5.95103175e-08
5.50152856e-08
-7.04986809e-08
3.52481844e-08
-7.76429153e-08
1.94682649e-08
-9.81894582e-08
8.15616359e-09
-1.61630137e-07
-2.06818717e-07
1.38068041e-08
3.03586186e-08
4.21337674e-08
6.96334842e-08
6.80343793e-08
9.60511221e-08
8.76459803e-08
9.7774386e-08
1.00735357e-07
8.67080766e-08
1.09677775e-07
7.13394011e-08
1.16408191e-07
5.63529353e-08
1.21539148e-07
4.29536057e-08
1.24983975e-07
3.06310897e-08
1.26475377e-07
1.86322052e-08
1.25596012e-07
6.48161631e-09
1.21640044e-07
-6.15818369e-09
1.13615598e-07
-1.90130474e-08
1.0067683e-07
-3.12505364e-08
8.29002211e-08
-4.17337095e-08
6.17340718e-08
-4.93325326e-08
4.0827389e-08
-5.67362337e-08
2.5544194e-08
-8.29062637e-08
1.29230035e-08
-1.49008948e-07
-1.93895714e-07
9.2408177e-09
2.11177997e-08
2.9813947e-08
4.90603537e-08
6.10620757e-08
6.48029924e-08
8.84188451e-08
7.04176157e-08
1.08950011e-07
6.61769098e-08
1.23529363e-07
5.67600477e-08
1.33661376e-07
4.62209217e-08
1.40394118e-07
3.62208633e-08
1.44155588e-07
2.68696185e-08
1.44916619e-07
1.78711739e-08
1.4238389e-07
9.01434428e-09
1.35933384e-07
2.92321756e-10
1.25043882e-07
-8.12354673e-09
1.09649979e-07
-1.5856634e-08
9.04202168e-08
-2.25039478e-08
6.9123583e-08
-2.80358995e-08
4.97865007e-08
-3.73991518e-08
3.62893747e-08
-6.94091389e-08
2.06818556e-08
-1.33401429e-07
-1.73213858e-07
1.79246055e-08
3.19319342e-09
3.34784953e-08
3.35064631e-08
5.81283149e-08
4.01531721e-08
8.58213596e-08
4.27245702e-08
1.10519136e-07
4.14791332e-08
1.29759319e-07
3.75198636e-08
1.43402826e-07
3.25774141e-08
1.52130507e-07
2.74931819e-08
1.56552877e-07
2.24472482e-08
1.56999607e-07
1.74244436e-08
1.53558345e-07
1.24556054e-08
1.46224777e-07
7.62588953e-09
1.35084244e-07
3.01698601e-09
1.2035506e-07
-1.12745082e-09
1.02740328e-07
-4.88921601e-09
8.45187857e-08
-9.81435747e-09
6.96822392e-08
-2.2562606e-08
5.71862695e-08
-5.69131692e-08
3.44030829e-08
-1.10618243e-07
-1.38810775e-07
1.32218447e-08
-1.00286521e-08
3.91163911e-08
7.61191607e-09
6.92894674e-08
9.98009529e-09
1.00606841e-07
1.14071965e-08
1.28226535e-07
1.38594388e-08
1.49876815e-07
1.58695834e-08
1.65467518e-07
1.69867103e-08
1.75629817e-07
1.73308833e-08
1.8085572e-07
1.72213448e-08
1.81692517e-07
1.65876459e-08
1.78524886e-07
1.56232367e-08
1.71669337e-07
1.44814378e-08
1.61545401e-07
1.31409226e-08
1.49114848e-07
1.13031012e-08
1.36010091e-07
8.21554155e-09
1.23984418e-07
2.2113154e-09
1.14845616e-07
-1.34238039e-08
9.79970933e-08
-4.00646476e-08
5.86279661e-08
-7.12491155e-08
-8.01828096e-08
-5.20084091e-09
-4.82781108e-09
3.49587645e-08
-3.25476894e-08
8.45113554e-08
-3.95724958e-08
1.28657836e-07
-3.27392838e-08
1.65767721e-07
-2.32504467e-08
1.95820091e-07
-1.4182786e-08
2.19371311e-07
-6.56451038e-09
2.37423814e-07
-7.21619753e-10
2.50046722e-07
4.59843751e-09
2.57984438e-07
8.6499296e-09
2.61714951e-07
1.18927238e-08
2.61642555e-07
1.4553834e-08
2.58088814e-07
1.6694664e-08
2.51276776e-07
1.81151387e-08
2.4117234e-07
1.83199774e-08
2.26888427e-07
1.6495229e-08
2.02220303e-07
1.12443198e-08
1.58864332e-07
3.29132388e-09
8.91777117e-08
-1.56249559e-09
8.99490295e-09
2.15608475e-08
-2.63886591e-08
4.99097845e-08
-6.08966265e-08
7.71709778e-08
-6.6833689e-08
1.06479597e-07
-6.20479033e-08
1.34001546e-07
-5.07723955e-08
1.57501195e-07
-3.76824343e-08
1.76977221e-07
-2.60405364e-08
1.93077589e-07
-1.68219877e-08
2.07030552e-07
-9.35452481e-09
2.18807625e-07
-3.12714335e-09
2.28283582e-07
2.41676776e-09
2.35189094e-07
7.64832234e-09
2.39114024e-07
1.2769734e-08
2.39272571e-07
1.79565921e-08
2.34104159e-07
2.34883891e-08
2.20727469e-07
2.98719194e-08
1.94077969e-07
3.78938204e-08
1.48617226e-07
4.87520666e-08
8.06094119e-08
6.64453205e-08
8.96043146e-08
1.93552223e-08
-4.57438805e-08
4.10642615e-08
-8.26056653e-08
6.71723392e-08
-9.29417663e-08
9.13123128e-08
-8.61878765e-08
1.11205546e-07
-7.06656284e-08
1.26740224e-07
-5.3217112e-08
1.38627478e-07
-3.79277895e-08
1.47529904e-07
-2.5724414e-08
1.54061211e-07
-1.58858309e-08
1.58551742e-07
-7.61767352e-09
1.61405562e-07
-4.37052057e-10
1.63146024e-07
5.90786051e-09
1.63850041e-07
1.20657175e-08
1.63171914e-07
1.86347198e-08
1.60072455e-07
2.65878489e-08
1.52345281e-07
3.75990941e-08
1.35959619e-07
5.42794828e-08
1.05758065e-07
7.89536215e-08
5.81543246e-08
1.1404906e-07
1.47758641e-07
1.44587674e-08
-6.02026484e-08
4.08887279e-08
-1.09035626e-07
6.72448486e-08
-1.19297887e-07
8.69061646e-08
-1.05849192e-07
1.00833122e-07
-8.45925854e-08
1.11355707e-07
-6.3739696e-08
1.19854619e-07
-4.64267012e-08
1.26658443e-07
-3.25282372e-08
1.31635426e-07
-2.08628137e-08
1.34479074e-07
-1.04613211e-08
1.34970541e-07
-9.28517559e-10
1.32495271e-07
8.38313035e-09
1.27291116e-07
1.72698735e-08
1.19755916e-07
2.61699208e-08
1.10487383e-07
3.58563822e-08
9.98125446e-08
4.82739334e-08
8.65883181e-08
6.750371e-08
6.7402798e-08
9.81391417e-08
3.72351746e-08
1.44216687e-07
1.84993815e-07
2.04924182e-08
-8.06950651e-08
4.78162002e-08
-1.36359407e-07
6.56219364e-08
-1.37103622e-07
7.69575659e-08
-1.17184821e-07
8.49318927e-08
-9.25669115e-08
9.18581867e-08
-7.06659894e-08
9.84469941e-08
-5.30155079e-08
1.04322382e-07
-3.84036244e-08
1.08931039e-07
-2.54714703e-08
1.1184817e-07
-1.3378451e-08
1.12537629e-07
-1.617976e-09
1.10579146e-07
1.03416139e-08
1.05269976e-07
2.25790445e-08
9.62985305e-08
3.51413671e-08
8.40927495e-08
4.80621641e-08
7.01256448e-08
6.2241039e-08
5.60034269e-08
8.16259286e-08
4.15920451e-08
1.12550525e-07
2.22455039e-08
1.63563227e-07
2.07239321e-07
2.27171903e-08
-1.03412256e-07
4.55237573e-08
-1.59165974e-07
5.69701048e-08
-1.48549969e-07
6.27197413e-08
-1.22934457e-07
6.73885261e-08
-9.72356957e-08
7.26845834e-08
-7.59620459e-08
7.81586524e-08
-5.84895761e-08
8.29477461e-08
-4.31927175e-08
8.65276113e-08
-2.90513347e-08
8.86299794e-08
-1.54808184e-08
8.90868447e-08
-2.07484052e-09
8.76762076e-08
1.17522519e-08
8.38131596e-08
2.64420932e-08
7.66516688e-08
4.23028588e-08
6.56819141e-08
5.90319198e-08
5.17865214e-08
7.61364326e-08
3.73886362e-08
9.60238146e-08
2.50818116e-08
1.2485735e-07
1.19431478e-08
1.76701894e-07
2.19182468e-07
2.30172694e-08
-1.26429524e-07
3.97676568e-08
-1.7591636e-07
4.57881438e-08
-1.54570456e-07
4.85497771e-08
-1.25696089e-07
5.19976733e-08
-1.00683591e-07
5.6514021e-08
-8.0478393e-08
6.08944985e-08
-6.2870053e-08
6.43916206e-08
-4.66898389e-08
6.67541137e-08
-3.14138272e-08
6.78594365e-08
-1.65861405e-08
6.76011833e-08
-1.81658654e-09
6.59841094e-08
1.33693266e-08
6.2853173e-08
2.95730304e-08
5.75907569e-08
4.75652757e-08
4.92034984e-08
6.74191792e-08
3.75494959e-08
8.77904359e-08
2.44254757e-08
1.09147836e-07
1.38609793e-08
1.35421848e-07
4.67147304e-09
1.858914e-07
2.23853943e-07
2.11810957e-08
-1.47610621e-07
3.19035831e-08
-1.86638847e-07
3.44182536e-08
-1.57085126e-07
3.6000988e-08
-1.27278823e-07
3.90593654e-08
-1.03741968e-07
4.2691738e-08
-8.41107649e-08
4.57662884e-08
-6.59446028e-08
4.80153754e-08
-4.89389253e-08
4.93931068e-08
-3.27915581e-08
4.97846752e-08
-1.69777081e-08
4.90661502e-08
-1.09806092e-09
4.71240081e-08
1.53114694e-08
4.41136413e-08
3.25833979e-08
3.99181982e-08
5.17607197e-08
3.37308776e-08
7.36065006e-08
2.48617736e-08
9.66595408e-08
1.4004878e-08
1.20004732e-07
4.87738837e-09
1.44549337e-07
-1.69768502e-09
1.92466477e-07
2.22156258e-07
1.80478025e-08
-1.65658422e-07
2.3646859e-08
-1.92237903e-07
2.43138045e-08
-1.57752071e-07
2.53259174e-08
-1.28290936e-07
2.77507201e-08
-1.0616677e-07
3.00318513e-08
-8.63918956e-08
3.16963215e-08
-6.76090726e-08
3.28008462e-08
-5.00434495e-08
3.33411278e-08
-3.33318392e-08
3.31998068e-08
-1.68363866e-08
3.22508181e-08
-1.49071733e-10
3.02736705e-08
1.72886177e-08
2.74442895e-08
3.54127795e-08
2.39141335e-08
5.52908763e-08
1.92663077e-08
7.82543271e-08
1.29120328e-08
1.03013816e-07
4.99953843e-09
1.27917227e-07
-2.97538499e-09
1.52524263e-07
-8.96102053e-09
1.98452111e-07
2.13195239e-07
1.42534851e-08
-1.79911908e-07
1.5886613e-08
-1.93871031e-07
1.56132465e-08
-1.57478704e-07
1.59007958e-08
-1.28578484e-07
1.71410305e-08
-1.07407005e-07
1.78789001e-08
-8.71297649e-08
1.82619612e-08
-6.79921334e-08
1.83403361e-08
-5.0121824e-08
1.81124254e-08
-3.31039283e-08
1.74891571e-08
-1.62131179e-08
1.62916531e-08
1.0484325e-09
1.45027591e-08
1.9077512e-08
1.2095099e-08
3.78204401e-08
9.18311428e-09
5.82028615e-08
5.67210647e-09
8.17653355e-08
1.04044569e-09
1.07645478e-07
-4.08896519e-09
1.33046638e-07
-1.01445996e-08
1.58579896e-07
-1.46848675e-08
2.02992383e-07
1.98510371e-07
1.01354309e-08
-1.90047337e-07
9.02671879e-09
-1.92762319e-07
7.85277198e-09
-1.56304757e-07
7.14942554e-09
-1.27875138e-07
6.76258717e-09
-1.07020166e-07
6.06850256e-09
-8.643568e-08
5.33995794e-09
-6.72635886e-08
4.51732007e-09
-4.9299186e-08
3.59874602e-09
-3.21853541e-08
2.51139385e-09
-1.51257657e-08
1.20125131e-09
2.35857515e-09
-3.34785882e-10
2.06135494e-08
-2.39130586e-09
3.98769603e-08
-4.82285725e-09
6.06344132e-08
-7.523839e-09
8.44663176e-08
-1.06664588e-08
1.10788097e-07
-1.3975192e-08
1.36355371e-07
-1.88988381e-08
1.63503545e-07
-2.0065778e-08
2.04159321e-07
1.78444596e-07
5.78872129e-09
-1.9583606e-07
2.56847042e-09
-1.89542068e-07
1.35074109e-09
-1.55087028e-07
-1.70593953e-09
-1.24818457e-07
-3.60132495e-09
-1.05124781e-07
-5.54646539e-09
-8.44905396e-08
-7.33507549e-09
-6.54749785e-08
-8.9601603e-09
-4.76741012e-08
-1.04542004e-08
-3.06913141e-08
-1.18977123e-08
-1.36822539e-08
-1.33887968e-08
3.84965943e-09
-1.4925605e-08
2.21503574e-08
-1.65696643e-08
4.15210196e-08
-1.85465553e-08
6.26113043e-08
-2.06707611e-08
8.65905236e-08
-2.26491351e-08
1.12766472e-07
-2.47458046e-08
1.38452041e-07
-2.88768318e-08
1.6763457e-07
-2.52129033e-08
2.00495397e-07
1.53231691e-07
1.98793749e-09
-1.97823996e-07
-2.88223702e-09
-1.84671893e-07
-6.50640121e-09
-1.51462863e-07
-9.96412435e-09
-1.21360734e-07
-1.40733709e-08
-1.01015534e-07
-1.73290226e-08
-8.1234888e-08
-2.01718356e-08
-6.26321657e-08
-2.26022296e-08
-4.52437075e-08
-2.4691477e-08
-2.8602067e-08
-2.64788321e-08
-1.18948992e-08
-2.80275059e-08
5.39833282e-09
-2.94271642e-08
2.35500153e-08
-3.0846946e-08
4.29408011e-08
-3.24671923e-08
6.42315505e-08
-3.40075774e-08
8.81309087e-08
-3.51598491e-08
1.13918743e-07
-3.69972877e-08
1.40289479e-07
-3.96176937e-08
1.70254979e-07
-2.96566179e-08
1.90534318e-07
1.23575076e-07
-1.89728416e-09
-1.95926713e-07
-7.89841398e-09
-1.78670764e-07
-1.40656349e-08
-1.45295643e-07
-1.92768501e-08
-1.16149519e-07
-2.49139578e-08
-9.53784267e-08
-2.96854871e-08
-7.6463359e-08
-3.36160961e-08
-5.87015572e-08
-3.68624088e-08
-4.19973952e-08
-3.95274272e-08
-2.59370491e-08
-4.1629035e-08
-9.79329201e-09
-4.32334572e-08
7.0027544e-09
-4.45107227e-08
2.48272803e-08
-4.56751117e-08
4.41051897e-08
-4.68473505e-08
6.54037889e-08
-4.78273903e-08
8.91109482e-08
-4.87247405e-08
1.14816093e-07
-5.05709603e-08
1.42135699e-07
-4.98412887e-08
1.69525305e-07
-3.23965684e-08
1.73089604e-07
9.11785057e-08
-6.3405959e-09
-1.89586116e-07
-1.41050474e-08
-1.70906312e-07
-2.22178755e-08
-1.37182815e-07
-2.95164412e-08
-1.08850953e-07
-3.67449756e-08
-8.81498927e-08
-4.30105615e-08
-7.01977735e-08
-4.81041653e-08
-5.36079539e-08
-5.216554e-08
-3.79360212e-08
-5.53504833e-08
-2.27521065e-08
-5.77219713e-08
-7.42180486e-09
-5.93634758e-08
8.64425818e-09
-6.04601122e-08
2.59239159e-08
-6.12473266e-08
4.48924035e-08
-6.19071406e-08
6.60636025e-08
-6.25710895e-08
8.97748966e-08
-6.35956492e-08
1.15840652e-07
-6.43410905e-08
1.4288114e-07
-5.77345436e-08
1.62918761e-07
-3.23661646e-08
1.4772122e-07
5.88123442e-08
-1.06857074e-08
-1.7890041e-07
-2.17053134e-08
-1.59886707e-07
-3.18906777e-08
-1.26997451e-07
-4.11734636e-08
-9.9568168e-08
-5.00308295e-08
-7.92925273e-08
-5.77789961e-08
-6.24496076e-08
-6.40815639e-08
-4.73053867e-08
-6.89785623e-08
-3.30390236e-08
-7.2633495e-08
-1.90971746e-08
-7.51751734e-08
-4.88012738e-09
-7.67322317e-08
1.02013155e-08
-7.75224849e-08
2.67141683e-08
-7.78618063e-08
4.52317241e-08
-7.8115033e-08
6.63168285e-08
-7.85754575e-08
9.02353205e-08
-7.88741163e-08
1.1613931e-07
-7.58009749e-08
1.39807998e-07
-6.10432644e-08
1.48161048e-07
-2.91486261e-08
1.15826588e-07
2.96637159e-08
-1.59391305e-08
-1.62961278e-07
-3.11399633e-08
-1.44685874e-07
-4.39881918e-08
-1.14149223e-07
-5.52406218e-08
-8.83157386e-08
-6.55924581e-08
-6.89406916e-08
-7.46517383e-08
-5.33903282e-08
-8.20675588e-08
-3.98895671e-08
-8.77642625e-08
-2.73423208e-08
-9.18456155e-08
-1.50158226e-08
-9.44800044e-08
-2.24573951e-09
-9.58556804e-08
1.15769904e-08
-9.62640916e-08
2.71225786e-08
-9.60887554e-08
4.50563869e-08
-9.56647611e-08
6.58928335e-08
-9.48117977e-08
8.93823564e-08
-9.17519998e-08
1.13079512e-07
-8.16302624e-08
1.2968626e-07
-5.78231168e-08
1.24353905e-07
-2.20441679e-08
8.00476342e-08
7.61955045e-09
-2.25048371e-08
-1.40456443e-07
-4.30836184e-08
-1.24107093e-07
-5.95701362e-08
-9.76627056e-08
-7.31165387e-08
-7.47693369e-08
-8.48403457e-08
-5.72168854e-08
-9.48557887e-08
-4.3374886e-08
-1.03024826e-07
-3.17205304e-08
-1.09273651e-07
-2.10934972e-08
-1.13645295e-07
-1.06441796e-08
-1.16304747e-07
4.13711196e-10
-1.17360602e-07
1.26328444e-08
-1.1707577e-07
2.68377459e-08
-1.15637558e-07
4.36181743e-08
-1.1294042e-07
6.31956938e-08
-1.07997302e-07
8.44392381e-08
-9.81490694e-08
1.03231279e-07
-7.90639545e-08
1.10601145e-07
-4.80748928e-08
9.33648403e-08
-1.316287e-08
4.51356163e-08
-5.54332224e-09
-3.06000664e-08
-1.09856375e-07
-5.80636824e-08
-9.66434772e-08
-7.95702697e-08
-7.61561189e-08
-9.6254794e-08
-5.80848134e-08
-1.09590649e-07
-4.38810315e-08
-1.2031996e-07
-3.26455762e-08
-1.28749277e-07
-2.32912139e-08
-1.3499986e-07
-1.4842915e-08
-1.39156787e-07
-6.48725429e-09
-1.41220054e-07
2.47697696e-09
-1.41140745e-07
1.25535344e-08
-1.38790772e-07
2.44877724e-08
-1.33910022e-07
3.8737423e-08
-1.2585959e-07
5.51452609e-08
-1.13325919e-07
7.19055664e-08
-9.42123819e-08
8.41177413e-08
-6.68129138e-08
8.32016764e-08
-3.38128986e-08
6.03648272e-08
-6.84945107e-09
1.81721633e-08
-1.23927713e-08
-4.0022822e-08
-6.98335557e-08
-7.57045885e-08
-6.09617118e-08
-1.03530733e-07
-4.83299751e-08
-1.24433263e-07
-3.71822841e-08
-1.40046928e-07
-2.82673681e-08
-1.51633793e-07
-2.10587118e-08
-1.59983351e-07
-1.49416573e-08
-1.65477195e-07
-9.34907224e-09
-1.68223807e-07
-3.74064319e-09
-1.6803964e-07
2.29280947e-09
-1.64568916e-07
9.08280924e-09
-1.57338564e-07
1.72574189e-08
-1.45688102e-07
2.70869598e-08
-1.2885239e-07
3.83095486e-08
-1.06208004e-07
4.92611795e-08
-7.78076658e-08
5.57174026e-08
-4.57732242e-08
5.1167234e-08
-1.73607372e-08
3.1952337e-08
-2.17535923e-09
2.98678953e-09
-1.45681334e-08
-4.95717618e-08
-2.0261793e-08
-9.30980151e-08
-1.7435459e-08
-1.26984213e-07
-1.44437776e-08
-1.51945499e-07
-1.22209997e-08
-1.69731121e-07
-1.04817466e-08
-1.81864934e-07
-8.92489995e-09
-1.89381243e-07
-7.42534894e-09
-1.92828944e-07
-5.90137226e-09
-1.92267893e-07
-4.30169541e-09
-1.8745671e-07
-2.51837481e-09
-1.78122757e-07
-2.51144915e-10
-1.63386572e-07
2.5212323e-09
-1.42657987e-07
6.35837415e-09
-1.15595171e-07
1.12467317e-08
-8.29546771e-08
1.66206844e-08
-4.76710704e-08
2.04337947e-08
-1.59471318e-08
1.94432948e-08
3.94311424e-09
1.20620925e-08
6.21349576e-09
7.16402011e-10
-8.35463583e-09
-5.56986025e-08
3.54368065e-08
-1.03010299e-07
2.98762357e-08
-1.38593834e-07
2.11397572e-08
-1.63758772e-07
1.29439368e-08
-1.80876942e-07
6.63642233e-09
-1.91869181e-07
2.06733816e-09
-1.9795893e-07
-1.33560128e-09
-1.99754599e-07
-4.10570415e-09
-1.97171519e-07
-6.88477664e-09
-1.89795051e-07
-9.89484357e-09
-1.76865589e-07
-1.31806077e-08
-1.57676633e-07
-1.66677248e-08
-1.31393963e-07
-1.99242978e-08
-9.79040919e-08
-2.22431401e-08
-5.88426309e-08
-2.24407778e-08
-1.94992773e-08
-1.89095599e-08
1.08892562e-08
-1.09452403e-08
2.37939556e-08
-8.42610669e-10
1.70781046e-08
7.43225664e-09
8.72346595e-09
-4.72521605e-08
8.26889673e-08
-8.77055144e-08
7.03295888e-08
-1.17978666e-07
5.14129076e-08
-1.3994628e-07
3.49115498e-08
-1.56123384e-07
2.28135257e-08
-1.6821264e-07
1.41565923e-08
-1.7700808e-07
7.45983755e-09
-1.82534733e-07
1.42094848e-09
-1.84648937e-07
-4.77057425e-09
-1.82778885e-07
-1.17648964e-08
-1.76011662e-07
-1.99478316e-08
-1.63251768e-07
-2.94276204e-08
-1.43288823e-07
-3.98872432e-08
-1.15318735e-07
-5.02132289e-08
-8.0013925e-08
-5.77455896e-08
-4.12017454e-08
-5.77217411e-08
-7.39203417e-09
-4.47549529e-08
1.14716721e-08
-1.97063159e-08
1.06252294e-08
8.27869311e-09
1.93486969e-08
-3.6448802e-08
1.19137766e-07
-6.77461473e-08
1.01626932e-07
-9.11939634e-08
7.48607223e-08
-1.09116003e-07
5.28335879e-08
-1.23942434e-07
3.76399558e-08
-1.36814072e-07
2.70282288e-08
-1.4791507e-07
1.85608346e-08
-1.56986769e-07
1.04926468e-08
-1.6351227e-07
1.75492559e-09
-1.67042664e-07
-8.23450414e-09
-1.67018974e-07
-1.99715219e-08
-1.6260209e-07
-3.38445056e-08
-1.52577769e-07
-4.99115659e-08
-1.35476954e-07
-6.73140448e-08
-1.10159506e-07
-8.30630387e-08
-7.7102289e-08
-9.07789596e-08
-4.05154532e-08
-8.13417905e-08
-1.11982665e-08
-4.90235067e-08
6.36704027e-10
-3.55627424e-09
1.99853977e-08
-2.69446079e-08
1.46082374e-07
-5.03015977e-08
1.24983921e-07
-6.83725837e-08
9.29317069e-08
-8.35607122e-08
6.80217151e-08
-9.76870782e-08
5.17663204e-08
-1.10836936e-07
4.01780851e-08
-1.2243319e-07
3.01570874e-08
-1.31967853e-07
2.00273086e-08
-1.39258138e-07
9.04520903e-09
-1.44258445e-07
-3.23419783e-09
-1.47104411e-07
-1.71255573e-08
-1.47669044e-07
-3.32798733e-08
-1.45356868e-07
-5.22237429e-08
-1.38736916e-07
-7.39339987e-08
-1.25354938e-07
-9.6445018e-08
-1.02317262e-07
-1.13816638e-07
-6.88121755e-08
-1.14846878e-07
-3.13225421e-08
-8.65131394e-08
-5.38481689e-09
-2.94940062e-08
1.4600582e-08
-1.93987359e-08
1.65481107e-07
-3.67942291e-08
1.42379412e-07
-5.11781546e-08
1.07315631e-07
-6.4518857e-08
8.13624159e-08
-7.77599739e-08
6.50074358e-08
-9.00867913e-08
5.2504901e-08
-1.0054835e-07
4.06186449e-08
-1.08698284e-07
2.81772414e-08
-1.14629356e-07
1.49762798e-08
-1.18765865e-07
9.02309005e-10
-1.21592442e-07
-1.42989807e-08
-1.2365459e-07
-3.12177269e-08
-1.25213016e-07
-5.0665318e-08
-1.25726931e-07
-7.34200854e-08
-1.22958685e-07
-9.92132651e-08
-1.12348612e-07
-1.24426712e-07
-8.83817312e-08
-1.3881376e-07
-5.02683928e-08
-1.24626482e-07
-1.16304739e-08
-6.81319227e-08
2.97010443e-09
-1.3541402e-08
1.79022509e-07
-2.65317992e-08
1.55369808e-07
-3.83642785e-08
1.19148109e-07
-5.00818809e-08
9.30800167e-08
-6.19268192e-08
7.68523725e-08
-7.26237725e-08
6.32018527e-08
-8.12378428e-08
4.92327135e-08
-8.75567214e-08
3.44961185e-08
-9.18999706e-08
1.93195274e-08
-9.47960116e-08
3.79834857e-09
-9.67578399e-08
-1.23371539e-08
-9.83862386e-08
-2.95893296e-08
-1.00388825e-07
-4.8662733e-08
-1.03322006e-07
-7.04869056e-08
-1.06559491e-07
-9.59757817e-08
-1.06475845e-07
-1.2451036e-07
-9.5340556e-08
-1.4994905e-07
-6.52776454e-08
-1.54689392e-07
-2.18468604e-08
-1.11562714e-07
-1.88767557e-08
-8.89640721e-09
1.87918913e-07
-1.85252058e-08
1.64998605e-07
-2.83968339e-08
1.29019735e-07
-3.83080557e-08
1.02991237e-07
-4.82744632e-08
8.68187782e-08
-5.69107634e-08
7.18381511e-08
-6.35514376e-08
5.58733861e-08
-6.83154426e-08
3.92601217e-08
-7.17015684e-08
2.27056515e-08
-7.41371485e-08
6.23392696e-09
-7.5857806e-08
-1.0616498e-08
-7.70816739e-08
-2.83654633e-08
-7.82858427e-08
-4.74585657e-08
-8.03571323e-08
-6.84156177e-08
-8.42236522e-08
-9.21092634e-08
-8.91046472e-08
-1.19629366e-07
-8.90236198e-08
-1.50030079e-07
-7.19334842e-08
-1.71779531e-07
-3.29600965e-08
-1.50536101e-07
-5.18368556e-08
-4.89415739e-09
1.9281307e-07
-1.19905146e-08
1.72094961e-07
-2.01370839e-08
1.37166302e-07
-2.79387047e-08
1.10792856e-07
-3.57982644e-08
9.46783359e-08
-4.23271051e-08
7.83669899e-08
-4.72317463e-08
6.07780254e-08
-5.08959448e-08
4.29243183e-08
-5.38566743e-08
2.56663791e-08
-5.63596029e-08
8.73685367e-09
-5.8375717e-08
-8.60038566e-09
-5.98402563e-08
-2.69009259e-08
-6.08239074e-08
-4.64749164e-08
-6.17073007e-08
-6.75322262e-08
-6.34983961e-08
-9.03181697e-08
-6.76437591e-08
-1.15484005e-07
-7.29191472e-08
-1.44754693e-07
-6.81789448e-08
-1.76519734e-07
-3.85705566e-08
-1.80144495e-07
-9.04074125e-08
-7.16649139e-10
1.93529716e-07
-6.57266923e-09
1.77950979e-07
-1.27825738e-08
1.43376205e-07
-1.83044688e-08
1.16314749e-07
-2.41450352e-08
1.005189e-07
-2.87727197e-08
8.29946723e-08
-3.23298983e-08
6.4335202e-08
-3.52642553e-08
4.58586732e-08
-3.79610558e-08
2.83631775e-08
-4.0445095e-08
1.12208908e-08
-4.25900982e-08
-6.4553845e-09
-4.43517911e-08
-2.51392349e-08
-4.57181068e-08
-4.51086027e-08
-4.65878011e-08
-6.66625338e-08
-4.70227608e-08
-8.9883212e-08
-4.82662266e-08
-1.14240541e-07
-5.29224439e-08
-1.40098477e-07
-5.62618884e-08
-1.73180293e-07
-3.84699944e-08
-1.97936389e-07
-1.2887741e-07
3.02435325e-09
1.90505362e-07
-1.98008679e-09
1.82955417e-07
-5.47208855e-09
1.46868204e-07
-9.25357163e-09
1.2009623e-07
-1.32176829e-08
1.04483009e-07
-1.61383107e-08
8.59152979e-08
-1.86627504e-08
6.68596395e-08
-2.10013911e-08
4.81973118e-08
-2.3316679e-08
3.06784631e-08
-2.55032402e-08
1.34074498e-08
-2.74553523e-08
-4.50327467e-09
-2.92323177e-08
-2.33622717e-08
-3.09342161e-08
-4.34067063e-08
-3.24293592e-08
-6.51673929e-08
-3.31278862e-08
-8.9184687e-08
-3.28705851e-08
-1.14497844e-07
-3.43424964e-08
-1.38626568e-07
-4.04143809e-08
-1.67108409e-07
-3.34907705e-08
-2.04860004e-07
-1.62368181e-07
7.18687981e-09
1.8331848e-07
4.00381796e-09
1.86138477e-07
2.05963165e-09
1.48812389e-07
-1.12711399e-09
1.23282973e-07
-2.63035295e-09
1.05986246e-07
-4.20526538e-09
8.7490208e-08
-5.78521033e-09
6.84395821e-08
-7.50481696e-09
4.99169161e-08
-9.27962951e-09
3.24532732e-08
-1.10134155e-08
1.51412334e-08
-1.27075855e-08
-2.80910705e-09
-1.44080239e-08
-2.16618356e-08
-1.62239872e-08
-4.15907453e-08
-1.82268422e-08
-6.31645402e-08
-1.97872734e-08
-8.7624258e-08
-2.00040328e-08
-1.14281087e-07
-1.94265773e-08
-1.39204025e-07
-2.45213394e-08
-1.6201365e-07
-2.58879111e-08
-2.03493433e-07
-1.88256094e-07
1.16814617e-08
1.71637017e-07
1.06958741e-08
1.87124063e-07
8.94100328e-09
1.50567257e-07
8.0722477e-09
1.24151726e-07
7.95600789e-09
1.06102484e-07
7.55017512e-09
8.78960385e-08
6.8428485e-09
6.91469064e-08
5.77240963e-09
5.09873525e-08
4.53109272e-09
3.36945877e-08
3.21238426e-09
1.64599393e-08
1.76310886e-09
-1.35983416e-09
1.15528509e-10
-2.00142577e-08
-1.88629416e-09
-3.9588925e-08
-4.21869005e-09
-6.08321467e-08
-6.39228785e-09
-8.54506625e-08
-7.82047262e-09
-1.12852904e-07
-7.81319794e-09
-1.39211301e-07
-1.13716836e-08
-1.58455165e-07
-1.78117386e-08
-1.97053382e-07
-2.06067834e-07
1.59664971e-08
1.55670518e-07
1.83029644e-08
1.84787593e-07
1.72986398e-08
1.5157158e-07
1.71700648e-08
1.24280299e-07
1.85010268e-08
1.04771519e-07
1.93999754e-08
8.69970876e-08
1.96390661e-08
6.89078134e-08
1.93194535e-08
5.13069627e-08
1.86546e-08
3.43594388e-08
1.76652504e-08
1.74492864e-08
1.62599256e-08
4.54880625e-11
1.44492579e-08
-1.82035925e-08
1.2201415e-08
-3.73410845e-08
9.58116448e-09
-5.82118986e-08
6.87423503e-09
-8.27437355e-08
4.42793048e-09
-1.10406602e-07
2.83759113e-09
-1.37620964e-07
-2.46154089e-09
-1.53156036e-07
-1.03308451e-08
-1.89184079e-07
-2.16398681e-07
1.9886329e-08
1.35784187e-07
2.68985269e-08
1.77775394e-07
2.70377107e-08
1.51432394e-07
2.73107665e-08
1.24007241e-07
2.94003387e-08
1.02681945e-07
3.15512745e-08
8.48461495e-08
3.2874861e-08
6.75842246e-08
3.34125361e-08
5.07692852e-08
3.33448e-08
3.44271725e-08
3.26821885e-08
1.81118955e-08
3.13567123e-08
1.37096177e-09
2.92851445e-08
-1.61320272e-08
2.65889616e-08
-3.46449041e-08
2.35463769e-08
-5.51693164e-08
2.02593542e-08
-7.94567152e-08
1.67643022e-08
-1.06911552e-07
1.19184852e-08
-1.32775149e-07
5.64038965e-09
-1.46877942e-07
-2.70161705e-09
-1.80842076e-07
-2.19100299e-07
2.29484213e-08
1.12835764e-07
3.58334899e-08
1.64890323e-07
3.84744245e-08
1.48791458e-07
3.92305223e-08
1.23251141e-07
4.14440785e-08
1.00468387e-07
4.44428297e-08
8.18473961e-08
4.68304553e-08
6.51965968e-08
4.82527488e-08
4.93469894e-08
4.87844636e-08
3.38954553e-08
4.84324393e-08
1.84639174e-08
4.71276254e-08
2.67577328e-09
4.48348538e-08
-1.3839258e-08
4.18072224e-08
-3.16172751e-08
3.83936037e-08
-5.17557e-08
3.44444774e-08
-7.55075913e-08
2.91479235e-08
-1.01615e-07
2.14636294e-08
-1.25090857e-07
1.25430886e-08
-1.37957404e-07
2.48008235e-09
-1.70779071e-07
-2.16620218e-07
2.44476525e-08
8.83881093e-08
4.38705014e-08
1.45467472e-07
5.09640091e-08
1.41697948e-07
5.33139667e-08
1.20901182e-07
5.57031043e-08
9.8079247e-08
5.90565513e-08
7.84939469e-08
6.22264673e-08
6.20266785e-08
6.44334365e-08
4.7140018e-08
6.5502457e-08
3.28264326e-08
6.54152698e-08
1.85511022e-08
6.41745047e-08
3.9165361e-09
6.1864222e-08
-1.15289777e-08
5.87432762e-08
-2.84963316e-08
5.49380817e-08
-4.79505079e-08
4.97942493e-08
-7.03637612e-08
4.20268851e-08
-9.38476381e-08
3.09582917e-08
-1.14022266e-07
1.80209338e-08
-1.25020048e-07
5.51866533e-09
-1.58276806e-07
-2.11101554e-07
2.36687968e-08
6.47193106e-08
4.89429083e-08
1.20193359e-07
6.23197821e-08
1.28321072e-07
6.8615189e-08
1.14605773e-07
7.26340018e-08
9.40604322e-08
7.65987587e-08
7.45291879e-08
8.04100937e-08
5.82153415e-08
8.33532427e-08
4.41968669e-08
8.50174904e-08
3.11621828e-08
8.52893329e-08
1.82792576e-08
8.42093697e-08
4.99649701e-09
8.19286577e-08
-9.2482678e-09
7.85362661e-08
-2.51039423e-08
7.36619677e-08
-4.30762117e-08
6.61900383e-08
-6.2891834e-08
5.49047196e-08
-8.25623216e-08
3.96957217e-08
-9.88132695e-08
2.25615636e-08
-1.07885892e-07
8.09736824e-09
-1.43812613e-07
-2.03004187e-07
2.17099643e-08
4.30093442e-08
4.9796311e-08
9.21070101e-08
6.95744865e-08
1.08542895e-07
8.24735534e-08
1.01706704e-07
9.07465573e-08
8.57874264e-08
9.68038295e-08
6.84719139e-08
1.01791865e-07
5.32273036e-08
1.0569642e-07
4.02923106e-08
1.08183525e-07
2.86750759e-08
1.09029189e-07
1.7433591e-08
1.08137119e-07
5.88856516e-09
1.0544833e-07
-6.55948109e-09
1.00763795e-07
-2.04194089e-08
9.33252995e-08
-3.56377186e-08
8.20850175e-08
-5.16515541e-08
6.64432619e-08
-6.69205679e-08
4.69198632e-08
-7.92898729e-08
2.62349461e-08
-8.72009769e-08
1.0585798e-08
-1.28163467e-07
-1.9241839e-07
1.86252466e-08
2.43840959e-08
4.21135076e-08
6.86187474e-08
6.88673258e-08
8.17890749e-08
9.01686094e-08
8.04054189e-08
1.05315289e-07
7.06407447e-08
1.15877953e-07
5.79092483e-08
1.23462722e-07
4.56425325e-08
1.2885143e-07
3.49036009e-08
1.32183504e-07
2.53430009e-08
1.33362422e-07
1.6254671e-08
1.32176438e-07
7.07454694e-09
1.28154107e-07
-2.53715141e-09
1.21017807e-07
-1.32831118e-08
1.10006327e-07
-2.46262404e-08
9.46424503e-08
-3.62876791e-08
7.5035019e-08
-4.73131386e-08
5.20957168e-08
-5.63505724e-08
2.9498663e-08
-6.46039254e-08
1.36724996e-08
-1.12337306e-07
-1.78745891e-07
3.33324378e-08
-8.94834404e-09
5.0869926e-08
5.10812575e-08
6.9135014e-08
6.35239853e-08
9.18407312e-08
5.76997001e-08
1.12392463e-07
5.00890114e-08
1.28048156e-07
4.22535532e-08
1.39154407e-07
3.45362809e-08
1.46531432e-07
2.75265741e-08
1.50639015e-07
2.12354156e-08
1.51610827e-07
1.52828576e-08
1.49390062e-07
9.29531052e-09
1.43887844e-07
2.96506444e-09
1.34389154e-07
-3.78442314e-09
1.20638801e-07
-1.08758896e-08
1.02556067e-07
-1.82049465e-08
8.06252672e-08
-2.53823408e-08
5.60656289e-08
-3.1790936e-08
3.41567938e-08
-4.2695092e-08
1.83511318e-08
-9.65316459e-08
-1.60394761e-07
8.54933881e-09
-1.74976842e-08
3.5202461e-08
2.44281337e-08
6.6313233e-08
3.24132118e-08
9.56780286e-08
2.83349029e-08
1.20383758e-07
2.53832801e-08
1.3953822e-07
2.30990898e-08
1.53126662e-07
2.09478373e-08
1.61734403e-07
1.89188323e-08
1.65979199e-07
1.69906181e-08
1.66251817e-07
1.50102375e-08
1.62734336e-07
1.28127904e-08
1.5542799e-07
1.02714085e-08
1.44275892e-07
7.3676738e-09
1.29257186e-07
4.14281484e-09
1.10218052e-07
8.34185685e-10
8.77902807e-08
-2.95457155e-09
6.39465197e-08
-7.94717641e-09
4.51756958e-08
-2.39242699e-08
2.68989002e-08
-7.82548525e-08
-1.33495861e-07
-3.41239826e-08
1.66262965e-08
1.1195347e-08
-2.08911975e-08
6.72402053e-08
-2.36316479e-08
1.10384811e-07
-1.48097044e-08
1.43899251e-07
-8.13116116e-09
1.69725093e-07
-2.72675391e-09
1.88099582e-07
2.57334787e-09
1.99662696e-07
7.35571648e-09
2.05250476e-07
1.14028369e-08
2.0548224e-07
1.47784725e-08
2.00711538e-07
1.75834906e-08
1.91084521e-07
1.98984246e-08
1.76712029e-07
2.1740164e-08
1.57858713e-07
2.29961296e-08
1.35508216e-07
2.31846809e-08
1.11648043e-07
2.09056002e-08
9.03566877e-08
1.33441775e-08
7.34459627e-08
-7.01354637e-09
4.62665844e-08
-5.10754754e-08
-8.72292778e-08
1.04875844e-08
6.13871117e-09
3.99674083e-08
-5.03710225e-08
7.44439202e-08
-5.81081609e-08
1.09317991e-07
-4.96837767e-08
1.40647411e-07
-3.94605825e-08
1.67231289e-07
-2.93106325e-08
1.89399099e-07
-1.95944634e-08
2.07643467e-07
-1.08886531e-08
2.22196946e-07
-3.15064318e-09
2.32859162e-07
4.11625565e-09
2.39326413e-07
1.11162379e-08
2.4143797e-07
1.77868672e-08
2.39006504e-07
2.41716287e-08
2.31867395e-07
3.01352371e-08
2.19893669e-07
3.51584054e-08
2.02814332e-07
3.79849366e-08
1.7954791e-07
3.66105982e-08
1.44343089e-07
2.81912736e-08
8.26900312e-08
1.05775806e-08
-4.53924695e-09
3.1969192e-08
-2.58304823e-08
4.85645144e-08
-6.6966346e-08
6.77217961e-08
-7.72654436e-08
9.16697782e-08
-7.36317598e-08
1.13857263e-07
-6.16480684e-08
1.31422056e-07
-4.68754266e-08
1.44723991e-07
-3.28963996e-08
1.54815386e-07
-2.09800491e-08
1.62876353e-07
-1.12116109e-08
1.70083107e-07
-3.09050021e-09
1.77240301e-07
3.95904269e-09
1.84544381e-07
1.04827864e-08
1.91412795e-07
1.73032133e-08
1.9677974e-07
2.47682915e-08
1.98772313e-07
3.31658313e-08
1.94205564e-07
4.25516847e-08
1.78000269e-07
5.28158917e-08
1.42935868e-07
6.32556738e-08
8.12310177e-08
7.22824302e-08
7.66917699e-08
1.70290507e-08
-4.28595336e-08
3.95751322e-08
-8.95124284e-08
6.81534239e-08
-1.05843736e-07
9.19518022e-08
-9.7430139e-08
1.09574825e-07
-7.92710917e-08
1.22310035e-07
-5.96106378e-08
1.31698383e-07
-4.22847488e-08
1.38627143e-07
-2.79088101e-08
1.4322711e-07
-1.58115794e-08
1.45454053e-07
-5.31744334e-09
1.45489929e-07
3.92316529e-09
1.43879204e-07
1.20935099e-08
1.41860659e-07
1.93217574e-08
1.40360128e-07
2.62688217e-08
1.39492743e-07
3.4033215e-08
1.37484418e-07
4.45600082e-08
1.29452078e-07
6.08482313e-08
1.07261744e-07
8.54460075e-08
6.23422026e-08
1.1720197e-07
1.39033972e-07
2.05841638e-08
-6.34436985e-08
4.94896735e-08
-1.18417939e-07
7.15716567e-08
-1.2792572e-07
8.71560262e-08
-1.13014509e-07
9.76972344e-08
-8.98123008e-08
1.05591026e-07
-6.75044306e-08
1.12407517e-07
-4.91012403e-08
1.1843777e-07
-3.3939064e-08
1.23287084e-07
-2.06608947e-08
1.2636142e-07
-8.39178007e-09
1.26996957e-07
3.28762673e-09
1.24555247e-07
1.45352191e-08
1.18854528e-07
2.50224754e-08
1.10613866e-07
3.45094823e-08
1.0140413e-07
4.32429505e-08
9.28863233e-08
5.30778138e-08
8.46173527e-08
6.91172009e-08
7.10336925e-08
9.90296667e-08
4.19973513e-08
1.46238311e-07
1.81031323e-07
2.32239898e-08
-8.66676887e-08
5.06105429e-08
-1.45804493e-07
6.64994225e-08
-1.438146e-07
7.47422329e-08
-1.21257321e-07
8.00942598e-08
-9.51643285e-08
8.53548483e-08
-7.276502e-08
9.10381104e-08
-5.47845033e-08
9.65344938e-08
-3.94354484e-08
1.0115768e-07
-2.52840822e-08
1.04421215e-07
-1.16553162e-08
1.05978058e-07
1.73078349e-09
1.05080814e-07
1.54324614e-08
1.00886119e-07
2.92171697e-08
9.27199378e-08
4.26756627e-08
8.10133258e-08
5.49495615e-08
6.79553815e-08
6.6135757e-08
5.63944565e-08
8.06781252e-08
4.56575782e-08
1.09766545e-07
2.68207721e-08
1.65075116e-07
2.07852095e-07
2.48650037e-08
-1.11532693e-07
4.67204068e-08
-1.67659897e-07
5.59196859e-08
-1.5301388e-07
5.92237963e-08
-1.24561432e-07
6.20414215e-08
-9.79819545e-08
6.63075502e-08
-7.70311497e-08
7.12436411e-08
-5.97205951e-08
7.57740214e-08
-4.39658296e-08
7.93662698e-08
-2.88763316e-08
8.18289732e-08
-1.41180207e-08
8.30172406e-08
5.42515119e-10
8.27816105e-08
1.56680906e-08
8.04362774e-08
3.15625018e-08
7.48437002e-08
4.82682389e-08
6.5133578e-08
6.46596829e-08
5.22191325e-08
7.90502017e-08
3.93386981e-08
9.35585586e-08
2.94122603e-08
1.19692981e-07
1.62868566e-08
1.78200519e-07
2.24138951e-07
2.38558489e-08
-1.35388543e-07
3.89143187e-08
-1.82718367e-07
4.30629599e-08
-1.57162522e-07
4.40229719e-08
-1.25521444e-07
4.6205294e-08
-1.00164278e-07
5.00955161e-08
-8.09213726e-08
5.41755689e-08
-6.38006489e-08
5.75462592e-08
-4.73365208e-08
5.99889017e-08
-3.13189751e-08
6.1476489e-08
-1.56056091e-08
6.20082243e-08
1.07788013e-11
6.15515764e-08
1.61247375e-08
5.99144128e-08
3.31996644e-08
5.63127009e-08
5.18699499e-08
4.94837386e-08
7.14886444e-08
3.91196034e-08
8.94143359e-08
2.73023436e-08
1.05375818e-07
1.84355687e-08
1.28559756e-07
8.67560771e-09
1.87960479e-07
2.32814559e-07
2.08806102e-08
-1.56269154e-07
2.96348539e-08
-1.91472611e-07
3.07777369e-08
-1.58305406e-07
3.08892889e-08
-1.25632997e-07
3.29863624e-08
-1.02261352e-07
3.61957173e-08
-8.41307285e-08
3.91144431e-08
-6.67193757e-08
4.13026965e-08
-4.95247752e-08
4.27827799e-08
-3.27990595e-08
4.36002601e-08
-1.64230903e-08
4.36697583e-08
-5.87203729e-11
4.29097616e-08
1.68847331e-08
4.1346226e-08
3.47631992e-08
3.87364973e-08
5.44796777e-08
3.41358917e-08
7.60892491e-08
2.68104587e-08
9.67397682e-08
1.72821949e-08
1.14904081e-07
9.98345512e-09
1.35858495e-07
2.6882148e-09
1.95255719e-07
2.35502773e-07
1.67236102e-08
-1.72992764e-07
2.04154508e-08
-1.95164453e-07
2.01552955e-08
-1.58045252e-07
1.98033245e-08
-1.25281027e-07
2.1390137e-08
-1.03848165e-07
2.33691923e-08
-8.61097846e-08
2.49921521e-08
-6.83423365e-08
2.60597308e-08
-5.05923549e-08
2.67012868e-08
-3.34406165e-08
2.69832436e-08
-1.67050482e-08
2.67948416e-08
1.2968055e-10
2.60201231e-08
1.76594507e-08
2.46104678e-08
3.61728535e-08
2.25955586e-08
5.64945861e-08
1.95016774e-08
7.91831294e-08
1.49725036e-08
1.01268941e-07
8.36743636e-09
1.21509147e-07
1.33837267e-09
1.42887558e-07
-4.90173762e-09
2.01495829e-07
2.30601036e-07
1.19999145e-08
-1.8499268e-07
1.21185017e-08
-1.95283041e-07
1.1065405e-08
-1.56992156e-07
1.01945859e-08
-1.24410209e-07
1.0436174e-08
-1.04089754e-07
1.10103574e-08
-8.6683969e-08
1.13977629e-08
-6.8729743e-08
1.14971148e-08
-5.06917078e-08
1.14389347e-08
-3.33824374e-08
1.12398106e-08
-1.65059251e-08
1.08288812e-08
5.40608865e-10
1.01538342e-08
1.83344967e-08
9.04663707e-09
3.72800497e-08
7.54802071e-09
5.79932015e-08
5.68012063e-09
8.10510287e-08
3.08007559e-09
1.03868985e-07
2.5554395e-10
1.24333678e-07
-5.89051765e-09
1.49033619e-07
-1.30032831e-08
2.08608594e-07
2.17597752e-07
6.96960782e-09
-1.91962288e-07
4.7319546e-09
-1.93045388e-07
3.34596437e-09
-1.55606166e-07
7.86188849e-10
-1.21850434e-07
-1.63362319e-10
-1.03140204e-07
-1.31908089e-09
-8.55282514e-08
-1.9714771e-09
-6.80773478e-08
-2.60079119e-09
-5.00623947e-08
-3.19012972e-09
-3.27930999e-08
-3.74672104e-09
-1.59493348e-08
-4.34217172e-09
1.13605851e-09
-5.03007592e-09
1.90223999e-08
-5.92751729e-09
3.81774901e-08
-7.04074244e-09
5.91064258e-08
-7.9537536e-09
8.1964039e-08
-8.74548031e-09
1.04660711e-07
-1.00070575e-08
1.25595255e-07
-1.60659494e-08
1.5509251e-07
-2.08945311e-08
2.13437175e-07
1.96703221e-07
2.41123291e-09
-1.94373522e-07
-2.13918658e-09
-1.8849497e-07
-4.51759022e-09
-1.53227764e-07
-7.71500398e-09
-1.18653021e-07
-1.11440462e-08
-9.97111629e-08
-1.34585371e-08
-8.32137615e-08
-1.53316713e-08
-6.62042145e-08
-1.66805162e-08
-4.87135508e-08
-1.77463054e-08
-3.17273117e-08
-1.86284128e-08
-1.50672285e-08
-1.9403679e-08
1.91132378e-09
-2.0134077e-08
1.9752797e-08
-2.08784622e-08
3.89218744e-08
-2.150753e-08
5.97354928e-08
-2.14524774e-08
8.19089856e-08
-2.07984454e-08
1.04006679e-07
-2.18771581e-08
1.26673967e-07
-2.97134479e-08
1.62928799e-07
-2.89806393e-08
2.12704366e-07
1.67722581e-07
-2.03345174e-09
-1.92340071e-07
-7.64173029e-09
-1.82886692e-07
-1.28524611e-08
-1.48017034e-07
-1.71322363e-08
-1.14373247e-07
-2.21669402e-08
-9.46764599e-08
-2.62421496e-08
-7.9138553e-08
-2.92294282e-08
-6.32169368e-08
-3.13237544e-08
-4.66192255e-08
-3.28782882e-08
-3.01727788e-08
-3.40669001e-08
-1.38786175e-08
-3.49661443e-08
2.81056707e-09
-3.56239526e-08
2.04106043e-08
-3.60021857e-08
3.93001067e-08
-3.5834516e-08
5.95678222e-08
-3.48397094e-08
8.09141784e-08
-3.41248333e-08
1.03291802e-07
-3.77565442e-08
1.30305677e-07
-4.57333938e-08
1.70905649e-07
-3.62069862e-08
2.03177957e-07
1.31515595e-07
-7.10019924e-09
-1.85239873e-07
-1.44990057e-08
-1.75487886e-07
-2.14157856e-08
-1.41100254e-07
-2.73965501e-08
-1.08392483e-07
-3.39510799e-08
-8.81219309e-08
-3.97296791e-08
-7.33599547e-08
-4.40188672e-08
-5.89277495e-08
-4.69374201e-08
-4.37006736e-08
-4.89325158e-08
-2.8177684e-08
-5.02994329e-08
-1.25117013e-08
-5.1134747e-08
3.64588025e-09
-5.14261745e-08
2.07020309e-08
-5.11073621e-08
3.89812935e-08
-5.01688689e-08
5.86293282e-08
-4.92904223e-08
8.0035731e-08
-5.08830805e-08
1.04884459e-07
-5.75690374e-08
1.36991633e-07
-6.12919157e-08
1.74628526e-07
-4.04964612e-08
1.82382503e-07
9.10191328e-08
-1.19647749e-08
-1.73275098e-07
-2.28596302e-08
-1.64593031e-07
-3.14922124e-08
-1.32467673e-07
-3.8922215e-08
-1.00962482e-07
-4.68220391e-08
-8.02221075e-08
-5.41756927e-08
-6.60063019e-08
-5.98935946e-08
-5.32098484e-08
-6.37751391e-08
-3.98191299e-08
-6.61946575e-08
-2.57581665e-08
-6.75426954e-08
-1.11636642e-08
-6.80135462e-08
4.11673015e-09
-6.77285949e-08
2.04170788e-08
-6.69077366e-08
3.81604344e-08
-6.62735108e-08
5.79951017e-08
-6.74368433e-08
8.11990628e-08
-7.2209629e-08
1.09657244e-07
-7.82416449e-08
1.43023649e-07
-7.22201994e-08
1.6860708e-07
-3.96688092e-08
1.49831111e-07
5.13503235e-08
-1.77500364e-08
-1.55525063e-07
-3.31631593e-08
-1.49179909e-07
-4.41720632e-08
-1.2145877e-07
-5.28306096e-08
-9.23039358e-08
-6.15661102e-08
-7.14866076e-08
-7.00476621e-08
-5.75247507e-08
-7.70695166e-08
-4.61879947e-08
-8.20253034e-08
-3.48633439e-08
-8.50252994e-08
-2.27581713e-08
-8.64656771e-08
-9.72328733e-09
-8.67687488e-08
4.41980103e-09
-8.64147516e-08
2.00630808e-08
-8.61448708e-08
3.78905528e-08
-8.71199016e-08
5.89701317e-08
-9.04020437e-08
8.44812042e-08
-9.48708797e-08
1.1412608e-07
-9.36271964e-08
1.41779965e-07
-7.42431366e-08
1.4922302e-07
-3.30682474e-08
1.08656222e-07
1.82820754e-08
-2.48338072e-08
-1.30691256e-07
-4.60845882e-08
-1.27929129e-07
-6.06422215e-08
-1.06901137e-07
-7.07878519e-08
-8.21583062e-08
-7.98048721e-08
-6.24695882e-08
-8.85907681e-08
-4.87388555e-08
-9.63803818e-08
-3.83983818e-08
-1.02354734e-07
-2.88889922e-08
-1.06300836e-07
-1.881207e-08
-1.08502875e-07
-7.52124976e-09
-1.09496556e-07
5.41348165e-09
-1.09958358e-07
2.05248818e-08
-1.10665507e-07
3.85977009e-08
-1.12144192e-07
6.04488159e-08
-1.13619682e-07
8.59566941e-08
-1.11302219e-07
1.11808616e-07
-9.7613103e-08
1.28090848e-07
-6.55215717e-08
1.17131488e-07
-2.16247212e-08
6.475937e-08
-3.34264607e-09
-3.32874147e-08
-9.74038422e-08
-6.19107417e-08
-9.93058028e-08
-8.17105101e-08
-8.71013694e-08
-9.44610798e-08
-6.94077372e-08
-1.03823092e-07
-5.31075763e-08
-1.12112518e-07
-4.04494303e-08
-1.19730987e-07
-3.07799133e-08
-1.26186365e-07
-2.24336155e-08
-1.31048237e-07
-1.39501984e-08
-1.34280775e-07
-4.28871272e-09
-1.36091741e-07
7.22444666e-09
-1.36743551e-07
2.11766916e-08
-1.36307131e-07
3.81612797e-08
-1.34099187e-07
5.8240871e-08
-1.2795666e-07
7.98141669e-08
-1.13813747e-07
9.76657027e-08
-8.71967762e-08
1.01473876e-07
-4.85406032e-08
7.84753138e-08
-1.13570821e-08
2.75758485e-08
-1.46997288e-08
-4.24511375e-08
-5.49527055e-08
-7.94240592e-08
-6.23328818e-08
-1.06103458e-07
-6.04219711e-08
-1.23386113e-07
-5.21250835e-08
-1.34455179e-07
-4.20385104e-08
-1.4235148e-07
-3.25531302e-08
-1.48800377e-07
-2.43310173e-08
-1.54263459e-07
-1.69705341e-08
-1.58508731e-07
-9.70492692e-09
-1.61155244e-07
-1.64220036e-09
-1.61674842e-07
7.7440436e-09
-1.59565531e-07
1.90673802e-08
-1.53964854e-07
3.25606021e-08
-1.43414043e-07
4.76900595e-08
-1.25867546e-07
6.2267669e-08
-9.93651517e-08
7.11633073e-08
-6.43452008e-08
6.64539243e-08
-2.80572994e-08
4.21874117e-08
-4.31598239e-09
3.83453032e-09
-1.90157114e-08
-5.03269399e-08
-4.62576657e-09
-9.4248875e-08
-1.84109475e-08
-1.2778703e-07
-2.68838172e-08
-1.50953958e-07
-2.89581557e-08
-1.65938535e-07
-2.70539342e-08
-1.75215898e-07
-2.32757676e-08
-1.80796002e-07
-1.87509146e-08
-1.83881081e-07
-1.38854553e-08
-1.84872977e-07
-8.71303227e-09
-1.83478304e-07
-3.03687412e-09
-1.79035773e-07
3.30151182e-09
-1.70365233e-07
1.03968398e-08
-1.56144636e-07
1.83400045e-08
-1.34959686e-07
2.65051088e-08
-1.06033779e-07
3.33417613e-08
-7.05591263e-08
3.56886535e-08
-3.33699723e-08
2.92647693e-08
-5.84461139e-09
1.46620499e-08
3.49256701e-09
-5.50264854e-09
-1.55231449e-08
-5.23283931e-08
4.77026257e-08
-9.83660311e-08
2.76266896e-08
-1.35051882e-07
9.80203328e-09
-1.6223346e-07
-1.77657873e-09
-1.81556662e-07
-7.73073272e-09
-1.94198079e-07
-1.06343521e-08
-2.01344467e-07
-1.16045265e-08
-2.03870827e-07
-1.13590965e-08
-2.02114939e-07
-1.04689207e-08
-1.95979653e-07
-9.17216162e-09
-1.85028166e-07
-7.64997553e-09
-1.6853209e-07
-6.09923701e-09
-1.45456332e-07
-4.73575395e-09
-1.15046865e-07
-3.90435928e-09
-7.77826691e-08
-3.92243531e-09
-3.73811524e-08
-4.71286419e-09
-2.87295239e-09
-5.24343147e-09
1.69013021e-08
-5.11220534e-09
1.42567773e-08
-2.85812476e-09
-1.26636777e-09
-4.28707604e-08
9.05733852e-08
-8.22836141e-08
6.70395424e-08
-1.15477374e-07
4.29957923e-08
-1.42688895e-07
2.54349413e-08
-1.63875594e-07
1.34559656e-08
-1.79668091e-07
5.15814384e-09
-1.90404265e-07
-8.68352634e-10
-1.96592089e-07
-5.17127404e-09
-1.98119825e-07
-8.9411854e-09
-1.94739265e-07
-1.25527217e-08
-1.85943268e-07
-1.64459736e-08
-1.71051359e-07
-2.09911467e-08
-1.4933073e-07
-2.64563836e-08
-1.20375382e-07
-3.28597077e-08
-8.48858688e-08
-3.94119498e-08
-4.61114832e-08
-4.34872506e-08
-1.11444651e-08
-4.02104504e-08
1.02452182e-08
-2.65018895e-08
1.13537772e-08
-3.96668424e-09
1.0087409e-08
-3.26101473e-08
1.23183532e-07
-6.28886401e-08
9.73180344e-08
-8.86580032e-08
6.87651545e-08
-1.10566828e-07
4.73437654e-08
-1.29216244e-07
3.21053803e-08
-1.44830083e-07
2.07719828e-08
-1.57444161e-07
1.17457239e-08
-1.66574781e-07
3.95934495e-09
-1.72149775e-07
-3.36619197e-09
-1.7393905e-07
-1.07634472e-08
-1.71525379e-07
-1.88596456e-08
-1.64314167e-07
-2.8202359e-08
-1.51555539e-07
-3.92150129e-08
-1.32540816e-07
-5.18744318e-08
-1.07022658e-07
-6.49301083e-08
-7.58374925e-08
-7.46724167e-08
-4.19037282e-08
-7.41442154e-08
-1.31902353e-08
-5.52153831e-08
8.43355927e-10
-1.80002763e-08
1.09307647e-08
-2.38098138e-08
1.46993345e-07
-4.63339062e-08
1.19842126e-07
-6.62422042e-08
8.86734517e-08
-8.4214714e-08
6.53162743e-08
-1.00595058e-07
4.84857236e-08
-1.14939649e-07
3.51165726e-08
-1.26820465e-07
2.36265387e-08
-1.36004307e-07
1.31431862e-08
-1.42464835e-07
3.09433503e-09
-1.46191316e-07
-7.03696699e-09
-1.47067378e-07
-1.79835847e-08
-1.44811727e-07
-3.04580107e-08
-1.38955506e-07
-4.50712341e-08
-1.28827053e-07
-6.2002886e-08
-1.13545854e-07
-8.02113075e-08
-9.20580125e-08
-9.61602591e-08
-6.3877591e-08
-1.02324638e-07
-3.19392653e-08
-8.71537095e-08
-6.32051378e-09
-4.36190283e-08
4.61025057e-09
-1.6809703e-08
1.63803047e-07
-3.35240328e-08
1.36556455e-07
-4.9331737e-08
1.04481155e-07
-6.44531344e-08
8.04376708e-08
-7.88357994e-08
6.28683878e-08
-9.15586391e-08
4.78394114e-08
-1.01983774e-07
3.40516729e-08
-1.09972267e-07
2.11316786e-08
-1.15735968e-07
8.85803423e-09
-1.19457778e-07
-3.31515767e-09
-1.21323736e-07
-1.61176277e-08
-1.21317089e-07
-3.04646589e-08
-1.19289159e-07
-4.70991644e-08
-1.14870187e-07
-6.64218591e-08
-1.07265539e-07
-8.78159561e-08
-9.48903494e-08
-1.08535449e-07
-7.51180764e-08
-1.22096911e-07
-4.59573971e-08
-1.16314389e-07
-1.3353714e-08
-7.6222712e-08
-8.74346372e-09
-1.1302204e-08
1.7510525e-07
-2.36108715e-08
1.48865122e-07
-3.6410463e-08
1.17280746e-07
-4.90231727e-08
9.30503796e-08
-6.12150991e-08
7.50603132e-08
-7.1797908e-08
5.84222195e-08
-8.02019479e-08
4.24557118e-08
-8.65391752e-08
2.74689049e-08
-9.12457011e-08
1.35645592e-08
-9.45668145e-08
5.95473243e-12
-9.67401283e-08
-1.39443148e-08
-9.77796441e-08
-2.94251439e-08
-9.7710525e-08
-4.71682845e-08
-9.63853193e-08
-6.77470655e-08
-9.33264422e-08
-9.0874834e-08
-8.74143672e-08
-1.14447525e-07
-7.59008552e-08
-1.33610424e-07
-5.39890756e-08
-1.3822617e-07
-2.17430011e-08
-1.08468787e-07
-3.04864652e-08
-6.76569234e-09
1.81870942e-07
-1.56682928e-08
1.57767721e-07
-2.60087739e-08
1.27621226e-07
-3.60308004e-08
1.03072405e-07
-4.58535242e-08
8.48830362e-08
-5.41538491e-08
6.67225434e-08
-6.0590854e-08
4.88927157e-08
-6.55030561e-08
3.2381106e-08
-6.9356687e-08
1.74181892e-08
-7.24250885e-08
3.07435515e-09
-7.46359012e-08
-1.17335031e-08
-7.61561217e-08
-2.79049245e-08
-7.71115078e-08
-4.62128992e-08
-7.74144536e-08
-6.74441206e-08
-7.66186072e-08
-9.16706811e-08
-7.4115382e-08
-1.16950751e-07
-6.85207353e-08
-1.39205071e-07
-5.47696829e-08
-1.51977223e-07
-2.7103796e-08
-1.36134674e-07
-5.75902615e-08
-2.14510426e-09
1.84016045e-07
-9.11489277e-09
1.64737509e-07
-1.70775017e-08
1.35583834e-07
-2.43589489e-08
1.10353852e-07
-3.19143441e-08
9.24384305e-08
-3.81703177e-08
7.29785161e-08
-4.30665632e-08
5.37889602e-08
-4.69806515e-08
3.62951933e-08
-5.02519084e-08
2.06894451e-08
-5.29319187e-08
5.75436439e-09
-5.49774941e-08
-9.68792867e-09
-5.65838883e-08
-2.62985313e-08
-5.80526804e-08
-4.4744108e-08
-5.93981937e-08
-6.60986082e-08
-5.99785054e-08
-9.10903703e-08
-5.90510984e-08
-1.17878158e-07
-5.65875791e-08
-1.41668591e-07
-4.95551731e-08
-1.59009629e-07
-2.8640097e-08
-1.57049751e-07
-8.62303588e-08
1.85259051e-09
1.82163454e-07
-3.731574e-09
1.70321673e-07
-8.71721435e-09
1.40569474e-07
-1.34971007e-08
1.15133737e-07
-1.89964688e-08
9.79377976e-08
-2.3456957e-08
7.74390034e-08
-2.71665604e-08
5.74985626e-08
-3.02876584e-08
3.94162903e-08
-3.29763839e-08
2.33781696e-08
-3.52189614e-08
7.99694085e-09
-3.70027161e-08
-7.90417494e-09
-3.85369785e-08
-2.47642699e-08
-4.0220398e-08
-4.30606894e-08
-4.22599949e-08
-6.40590123e-08
-4.39994086e-08
-8.93509573e-08
-4.42740543e-08
-1.17603514e-07
-4.33547569e-08
-1.42587889e-07
-4.09481737e-08
-1.61416213e-07
-2.72891322e-08
-1.70708793e-07
-1.13519491e-07
5.82761355e-09
1.7633584e-07
1.88655082e-09
1.74262735e-07
4.38803956e-10
1.4201722e-07
-3.61361697e-09
1.19186157e-07
-6.63804186e-09
1.00962222e-07
-9.50224283e-09
8.03032034e-08
-1.21756773e-08
6.01719962e-08
-1.45560253e-08
4.17966373e-08
-1.65964376e-08
2.54185809e-08
-1.84166419e-08
9.8171441e-09
-2.00607861e-08
-6.26003183e-09
-2.16460333e-08
-2.31790237e-08
-2.35048373e-08
-4.12018863e-08
-2.59573642e-08
-6.16064862e-08
-2.85568636e-08
-8.67514589e-08
-3.01337145e-08
-1.16026663e-07
-3.05365793e-08
-1.42185025e-07
-3.11795884e-08
-1.60773205e-07
-2.39123e-08
-1.77976082e-07
-1.37431792e-07
1.03889735e-08
1.65946866e-07
9.29276718e-09
1.75358941e-07
7.92826244e-09
1.43381724e-07
6.7256101e-09
1.20388809e-07
5.79484537e-09
1.01892986e-07
4.24534224e-09
8.18527057e-08
2.64341652e-09
6.17739209e-08
1.0071127e-09
4.34329401e-08
-5.84667646e-10
2.70103603e-08
-2.06679572e-09
1.12992711e-08
-3.62240783e-09
-4.70442076e-09
-5.42190235e-09
-2.13795301e-08
-7.63051511e-09
-3.89932745e-08
-1.04352902e-08
-5.8801712e-08
-1.35828307e-08
-8.36039192e-08
-1.64287967e-08
-1.13180698e-07
-1.85865609e-08
-1.40027262e-07
-2.15690735e-08
-1.57790693e-07
-1.96561508e-08
-1.79889005e-07
-1.57087943e-07
1.47088611e-08
1.51238004e-07
1.68108913e-08
1.7325691e-07
1.68739903e-08
1.43318624e-07
1.73001085e-08
1.1996269e-07
1.82868236e-08
1.0090627e-07
1.83543739e-08
8.17851545e-08
1.77635908e-08
6.23647032e-08
1.68768062e-08
4.43197238e-08
1.59002356e-08
2.79869299e-08
1.46896588e-08
1.2509847e-08
1.30282225e-08
-3.04298544e-09
1.08390773e-08
-1.91903859e-08
8.06510641e-09
-3.62193046e-08
4.81998545e-09
-5.55565919e-08
1.31418173e-09
-8.00981163e-08
-2.81029779e-09
-1.09056219e-07
-7.28357491e-09
-1.35553985e-07
-1.28000209e-08
-1.52274247e-07
-1.53227546e-08
-1.77366272e-07
-1.72410697e-07
1.86070131e-08
1.3263099e-07
2.52458134e-08
1.66618109e-07
2.683741e-08
1.41727026e-07
2.84874438e-08
1.18312655e-07
3.10306032e-08
9.83631093e-08
3.28938374e-08
7.99219195e-08
3.36282565e-08
6.16302832e-08
3.36150473e-08
4.43329321e-08
3.314706e-08
2.84549162e-08
3.21703863e-08
1.34865197e-08
3.0417649e-08
-1.29024915e-09
2.77645016e-08
-1.65372393e-08
2.43756989e-08
-3.28305028e-08
2.06499682e-08
-5.1830862e-08
1.63707665e-08
-7.58189153e-08
1.07837304e-08
-1.03469184e-07
3.60792899e-09
-1.28378184e-07
-5.07177392e-09
-1.43594545e-07
-1.11409398e-08
-1.71297106e-07
-1.83551637e-07
2.1645065e-08
1.10985925e-07
3.39597903e-08
1.54303383e-07
3.81398334e-08
1.37546983e-07
4.10038684e-08
1.15448619e-07
4.46151883e-08
9.47517886e-08
4.8139833e-08
7.6397274e-08
5.04308038e-08
5.93393116e-08
5.14472683e-08
4.33164667e-08
5.14921007e-08
2.8410083e-08
5.06396944e-08
1.43389251e-08
4.87810446e-08
5.68399804e-10
4.58220527e-08
-1.35782483e-08
4.2086452e-08
-2.90949029e-08
3.78794765e-08
-4.76238872e-08
3.25184836e-08
-7.04579231e-08
2.45992389e-08
-9.55499399e-08
1.35999387e-08
-1.17378885e-07
1.47685912e-09
-1.31471466e-07
-6.88180438e-09
-1.62938443e-07
-1.90433442e-07
2.31397216e-08
8.7846202e-08
4.18172705e-08
1.35625833e-07
5.03337342e-08
1.29030518e-07
5.53602368e-08
1.10422116e-07
6.01073723e-08
9.00046523e-08
6.49574221e-08
7.15472235e-08
6.88151593e-08
5.54815736e-08
7.11020778e-08
4.10295474e-08
7.18705125e-08
2.76416475e-08
7.12736983e-08
1.49357385e-08
6.94032406e-08
2.43885662e-09
6.64218116e-08
-1.05968201e-08
6.25402017e-08
-2.52132937e-08
5.75252601e-08
-4.26089463e-08
5.007538e-08
-6.30080437e-08
3.87610506e-08
-8.42356112e-08
2.3880651e-08
-1.02498486e-07
9.07165181e-09
-1.16662467e-07
-1.31748368e-09
-1.52549308e-07
-1.91750926e-07
2.21412362e-08
6.57049652e-08
4.6671436e-08
1.11095632e-07
6.12593509e-08
1.14442603e-07
7.05600398e-08
1.01121426e-07
7.79075217e-08
8.26571697e-08
8.45105965e-08
6.4944148e-08
9.00648842e-08
4.99272851e-08
9.3972747e-08
3.71216839e-08
9.60024914e-08
2.56119024e-08
9.61970097e-08
1.47412193e-08
9.46909445e-08
3.94492106e-09
9.16263429e-08
-7.53221925e-09
8.69017668e-08
-2.04887184e-08
7.96496756e-08
-3.53568558e-08
6.84532039e-08
-5.18115728e-08
5.26802591e-08
-6.8462667e-08
3.37478497e-08
-8.35660771e-08
1.57917283e-08
-9.87063461e-08
3.39893263e-09
-1.40156513e-07
-1.88351993e-07
1.9533153e-08
4.61718113e-08
4.75033297e-08
8.3125455e-08
6.81218096e-08
9.3824122e-08
8.39769032e-08
8.52663322e-08
9.62659976e-08
7.03680746e-08
1.06067393e-07
5.51427519e-08
1.13962482e-07
4.20321955e-08
1.19864569e-07
3.1219596e-08
1.2354549e-07
2.19309803e-08
1.24897178e-07
1.33895314e-08
1.23786078e-07
5.05602028e-09
1.19912573e-07
-3.65871576e-09
1.1286398e-07
-1.3440126e-08
1.01669432e-07
-2.41623084e-08
8.56750582e-08
-3.58171996e-08
6.54541459e-08
-4.82417555e-08
4.32137618e-08
-6.13256936e-08
2.3181948e-08
-7.86745333e-08
8.5558988e-09
-1.25530464e-07
-1.79796095e-07
1.22708471e-08
3.39009636e-08
3.86908606e-08
5.67054409e-08
6.68539236e-08
6.56610583e-08
9.12994509e-08
6.08208041e-08
1.10390309e-07
5.12772153e-08
1.25032459e-07
4.05006014e-08
1.36141692e-07
3.09229618e-08
1.44118681e-07
2.32426069e-08
1.49047697e-07
1.70019634e-08
1.5083802e-07
1.15992079e-08
1.49317337e-07
6.57670209e-09
1.44130091e-07
1.52853012e-09
1.34423293e-07
-3.73332955e-09
1.19765938e-07
-9.50495339e-09
1.00426092e-07
-1.64773549e-08
7.78082436e-08
-2.56239078e-08
5.41629995e-08
-3.76804505e-08
3.34239805e-08
-5.79355147e-08
1.57733449e-08
-1.0787983e-07
-1.6402275e-07
7.35921396e-09
2.65417486e-08
2.85788752e-08
3.54857788e-08
6.36072405e-08
3.06326924e-08
9.37144176e-08
3.07136263e-08
1.18398054e-07
2.65935782e-08
1.38083398e-07
2.0815257e-08
1.52842065e-07
1.61642943e-08
1.63065801e-07
1.30188701e-08
1.69105727e-07
1.0962036e-08
1.7110222e-07
9.6027147e-09
1.69092579e-07
8.58634227e-09
1.62952176e-07
7.66893253e-09
1.52684941e-07
6.53390455e-09
1.38359813e-07
4.82017397e-09
1.19924967e-07
1.95749039e-09
9.84213923e-08
-4.12033408e-09
7.50253526e-08
-1.42844115e-08
5.20550324e-08
-3.49651957e-08
2.71862658e-08
-8.30110632e-08
-1.36836485e-07
2.47791028e-08
1.76264538e-09
6.00109502e-08
2.53930624e-10
9.15214254e-08
-8.77783472e-10
1.25992431e-07
-3.75738048e-09
1.58504967e-07
-5.9189581e-09
1.85210753e-07
-5.89052993e-09
2.05810235e-07
-4.43518772e-09
2.2105507e-07
-2.22596576e-09
2.31441114e-07
5.7599174e-10
2.37019356e-07
4.02447187e-09
2.37903114e-07
7.70258395e-09
2.33822142e-07
1.17499034e-08
2.24307211e-07
1.60488348e-08
2.08751936e-07
2.03754483e-08
1.86775798e-07
2.39336281e-08
1.58013609e-07
2.46418541e-08
1.24619306e-07
1.91098909e-08
8.8167041e-08
1.48706891e-09
4.70893883e-08
-4.19334118e-08
-8.97470965e-08
1.50407236e-08
-1.32780794e-08
4.85708624e-08
-3.3276209e-08
8.44026277e-08
-3.67095495e-08
1.20341159e-07
-3.96959122e-08
1.52266247e-07
-3.7844047e-08
1.78567573e-07
-3.21918563e-08
1.99635697e-07
-2.55033128e-08
2.16476569e-07
-1.90668379e-08
2.30031947e-07
-1.29793876e-08
2.41029337e-07
-6.97291826e-09
2.49622572e-07
-8.90651394e-10
2.55124372e-07
6.2481021e-09
2.56969206e-07
1.42040001e-08
2.5390984e-07
2.34348139e-08
2.43941549e-07
3.39019187e-08
2.24184787e-07
4.43986153e-08
1.91889974e-07
5.14047036e-08
1.4516087e-07
4.82161718e-08
7.73793222e-08
2.58481364e-08
-1.23677748e-08
1.53639704e-08
-2.86420502e-08
3.24149091e-08
-5.03271483e-08
6.13894938e-08
-6.56841349e-08
9.1315927e-08
-6.96223461e-08
1.16653011e-07
-6.31811315e-08
1.36130182e-07
-5.16690278e-08
1.5009707e-07
-3.94702017e-08
1.595319e-07
-2.85016682e-08
1.65568191e-07
-1.90156797e-08
1.69348058e-07
-1.0752786e-08
1.71957699e-07
-3.50029299e-09
1.75308921e-07
2.89687958e-09
1.80570193e-07
8.94272751e-09
1.87366494e-07
1.66385128e-08
1.93183201e-07
2.80852109e-08
1.92391733e-07
4.51900827e-08
1.77056382e-07
6.67400535e-08
1.39714743e-07
8.55578109e-08
7.71025988e-08
8.84602797e-08
6.47348242e-08
4.53875904e-09
-3.31808104e-08
2.96539201e-08
-7.54423102e-08
6.49601257e-08
-1.00990341e-07
9.36815205e-08
-9.83437416e-08
1.14182971e-07
-8.36825822e-08
1.28381404e-07
-6.58674617e-08
1.38175489e-07
-4.92642876e-08
1.44701041e-07
-3.50272211e-08
1.48395886e-07
-2.27105254e-08
1.49269961e-07
-1.16268616e-08
1.47422328e-07
-1.65266001e-09
1.42861694e-07
7.4575124e-09
1.36930155e-07
1.4874266e-08
1.32247391e-07
2.13212759e-08
1.31197347e-07
2.91352551e-08
1.32652033e-07
4.37353961e-08
1.28340665e-07
7.10514203e-08
1.06477932e-07
1.07420543e-07
6.07478046e-08
1.34190408e-07
1.25482628e-07
1.76723874e-08
-5.08531981e-08
4.80387384e-08
-1.05808662e-07
7.27254988e-08
-1.25677102e-07
9.17113911e-08
-1.17329635e-07
1.04490654e-07
-9.64618454e-08
1.13177782e-07
-7.45545905e-08
1.1986826e-07
-5.59547666e-08
1.25295634e-07
-4.04545951e-08
1.2928946e-07
-2.67043523e-08
1.31396941e-07
-1.37343433e-08
1.30874246e-07
-1.12996601e-09
1.26897059e-07
1.14346992e-08
1.18799346e-07
2.29719778e-08
1.07593842e-07
3.25267798e-08
9.66128596e-08
4.01162369e-08
8.98186631e-08
5.05295921e-08
8.53526035e-08
7.55174793e-08
7.24829719e-08
1.20290175e-07
4.19299739e-08
1.64743404e-07
1.67412602e-07
2.1229906e-08
-7.20831053e-08
5.137088e-08
-1.35949637e-07
7.08709693e-08
-1.45177192e-07
8.15975171e-08
-1.28056183e-07
8.79448512e-08
-1.0280918e-07
9.30916424e-08
-7.97013824e-08
9.820408e-08
-6.10672048e-08
1.03046324e-07
-4.52968403e-08
1.07042173e-07
-3.07002015e-08
1.09701848e-07
-1.63940187e-08
1.10556625e-07
-1.98474413e-09
1.08762432e-07
1.32288913e-08
1.03002476e-07
2.87319337e-08
9.24454481e-08
4.3083807e-08
7.85142309e-08
5.40474536e-08
6.57366873e-08
6.33071352e-08
5.73262128e-08
8.39279534e-08
4.74092397e-08
1.30207147e-07
2.69847567e-08
1.85167888e-07
1.94397359e-07
2.43409261e-08
-9.64240318e-08
5.01127014e-08
-1.61721412e-07
6.26367103e-08
-1.57701202e-07
6.71999186e-08
-1.32619392e-07
6.98916551e-08
-1.05500917e-07
7.34853119e-08
-8.32950398e-08
7.77417059e-08
-6.53235996e-08
8.1677625e-08
-4.923276e-08
8.4734466e-08
-3.37570432e-08
8.67558514e-08
-1.84154049e-08
8.7591664e-08
-2.82055738e-09
8.70243687e-08
1.37961858e-08
8.38618382e-08
3.18944636e-08
7.64565494e-08
5.04890952e-08
6.44028164e-08
6.6101186e-08
5.06430844e-08
7.70668666e-08
3.97961907e-08
9.47748466e-08
3.05262846e-08
1.39477054e-07
1.62235044e-08
1.99470667e-07
2.10620863e-07
2.49954151e-08
-1.21419448e-07
4.43153824e-08
-1.81041381e-07
5.08122959e-08
-1.64198116e-07
5.19704448e-08
-1.33777541e-07
5.33976253e-08
-1.06928099e-07
5.65133752e-08
-8.64107905e-08
6.00510016e-08
-6.88612266e-08
6.29229766e-08
-5.21047359e-08
6.48062976e-08
-3.56403649e-08
6.57428377e-08
-1.93519457e-08
6.58613864e-08
-2.93910691e-09
6.53031762e-08
1.43543953e-08
6.34875504e-08
3.37100886e-08
5.88444583e-08
5.51321866e-08
5.00323044e-08
7.49133393e-08
3.83130824e-08
8.8786088e-08
2.7465292e-08
1.05622636e-07
1.87341701e-08
1.48208174e-07
8.32750132e-09
2.09877337e-07
2.18948364e-07
2.34178386e-08
-1.44837287e-07
3.61601843e-08
-1.93783727e-07
3.84622737e-08
-1.66500206e-07
3.82097087e-08
-1.33524977e-07
3.94854961e-08
-1.08203887e-07
4.21868995e-08
-8.91121947e-08
4.48097907e-08
-7.14841186e-08
4.66259705e-08
-5.39209165e-08
4.75588077e-08
-3.65732029e-08
4.77174886e-08
-1.95106275e-08
4.71734096e-08
-2.39502876e-09
4.60909897e-08
1.54368144e-08
4.44633281e-08
3.53377495e-08
4.13422759e-08
5.82532382e-08
3.5322579e-08
8.09330354e-08
2.65742754e-08
9.75343909e-08
1.72797262e-08
1.14917185e-07
9.58137532e-09
1.55906525e-07
2.28824368e-09
2.17170467e-07
2.21236608e-07
2.02797334e-08
-1.65117022e-07
2.72909082e-08
-2.00794903e-07
2.72298136e-08
-1.66439112e-07
2.64249512e-08
-1.32720115e-07
2.74929854e-08
-1.09271922e-07
2.93142521e-08
-9.09334622e-08
3.07957084e-08
-7.29655757e-08
3.15715968e-08
-5.46968057e-08
3.17226123e-08
-3.67242193e-08
3.13778415e-08
-1.91658576e-08
3.05134857e-08
-1.53067391e-09
2.91115143e-08
1.68387849e-08
2.73539774e-08
3.70952856e-08
2.49215016e-08
6.06857132e-08
2.08994582e-08
8.4955078e-08
1.50128548e-08
1.03420994e-07
7.81995852e-09
1.22110081e-07
5.62009035e-10
1.63164474e-07
-4.81178215e-09
2.22544259e-07
2.16424825e-07
1.62973666e-08
-1.81414388e-07
1.87420778e-08
-2.03239614e-07
1.7480318e-08
-1.65177353e-07
1.61916056e-08
-1.31431404e-07
1.6495474e-08
-1.09575791e-07
1.70535612e-08
-9.14915502e-08
1.73186848e-08
-7.32307002e-08
1.71114415e-08
-5.44895633e-08
1.65917663e-08
-3.62045451e-08
1.58707127e-08
-1.8444805e-08
1.48396995e-08
-4.9966164e-10
1.33941883e-08
1.82842951e-08
1.16144004e-08
3.88750726e-08
9.5950257e-09
6.2705087e-08
7.15326198e-09
8.73968409e-08
3.57257739e-09
1.07001677e-07
-1.60778363e-09
1.27290441e-07
-7.6598645e-09
1.69216555e-07
-1.16469955e-08
2.26531388e-07
2.0477783e-07
1.18442294e-08
-1.93258619e-07
1.1026046e-08
-2.02421432e-07
8.87240849e-09
-1.63023716e-07
6.92113626e-09
-1.29480132e-07
5.85175287e-09
-1.08506408e-07
4.90103222e-09
-9.05408304e-08
4.01426703e-09
-7.23439359e-08
2.95919021e-09
-5.34344875e-08
1.87107884e-09
-3.51164347e-08
7.69412405e-10
-1.73431396e-08
-3.79630685e-10
6.49380349e-10
-1.77867346e-09
1.96833368e-08
-3.48520505e-09
4.05816032e-08
-5.02936774e-09
6.42492488e-08
-6.05195609e-09
8.84194283e-08
-7.58776994e-09
1.0853749e-07
-1.13791942e-08
1.31081864e-07
-1.71580348e-08
1.74995394e-07
-1.78524456e-08
2.27225799e-07
1.86925383e-07
7.00280918e-09
-2.00261428e-07
3.83469618e-09
-1.99253319e-07
1.656688e-09
-1.60845709e-07
-2.18623107e-09
-1.25637214e-07
-4.91550191e-09
-1.05777138e-07
-7.26986011e-09
-8.81864731e-08
-9.3413374e-09
-7.02724595e-08
-1.11717849e-08
-5.1604041e-08
-1.27611291e-08
-3.35270915e-08
-1.41354255e-08
-1.59688444e-08
-1.54699575e-08
1.98391128e-09
-1.69200276e-08
2.11334059e-08
-1.84462144e-08
4.21077889e-08
-1.93303394e-08
6.51333729e-08
-1.90044362e-08
8.80935242e-08
-1.90993554e-08
1.08632409e-07
-2.26005842e-08
1.34583092e-07
-2.78611674e-08
1.80255977e-07
-2.38171989e-08
2.23181829e-07
1.63108185e-07
2.44582779e-09
-2.02707257e-07
-2.80201315e-09
-1.94005479e-07
-6.96318443e-09
-1.56684538e-07
-1.11981898e-08
-1.2140221e-07
-1.59460881e-08
-1.01029241e-07
-1.98841836e-08
-8.42483786e-08
-2.31245148e-08
-6.70321293e-08
-2.57072399e-08
-4.90213169e-08
-2.78416598e-08
-3.13926726e-08
-2.96242917e-08
-1.41862136e-08
-3.11449457e-08
3.50456417e-09
-3.24600474e-08
2.24485065e-08
-3.33645411e-08
4.30122816e-08
-3.31346002e-08
6.49034311e-08
-3.17012922e-08
8.66602153e-08
-3.1547082e-08
1.08478197e-07
-3.56123032e-08
1.38648312e-07
-3.9609773e-08
1.84253445e-07
-2.92512301e-08
2.12823287e-07
1.33856954e-07
-2.27719888e-09
-2.00430059e-07
-8.85534235e-09
-1.87427336e-07
-1.55415334e-08
-1.49998348e-07
-2.13402832e-08
-1.15603461e-07
-2.77138554e-08
-9.46556696e-08
-3.33394438e-08
-7.86227911e-08
-3.77633757e-08
-6.26081983e-08
-4.10815946e-08
-4.5703099e-08
-4.36865172e-08
-2.87877512e-08
-4.57698405e-08
-1.21028914e-08
-4.73019214e-08
5.03664393e-09
-4.81545038e-08
2.33010878e-08
-4.80526482e-08
4.2910425e-08
-4.6688872e-08
6.3539654e-08
-4.49490593e-08
8.49204016e-08
-4.58701337e-08
1.09399271e-07
-5.08067662e-08
1.43584944e-07
-5.15708622e-08
1.85017542e-07
-3.32958738e-08
1.94548297e-07
1.00561081e-07
-7.6444569e-09
-1.92785603e-07
-1.65305566e-08
-1.78541238e-07
-2.50901218e-08
-1.41438784e-07
-3.27092676e-08
-1.07984316e-07
-4.06856031e-08
-8.6679335e-08
-4.79685869e-08
-7.13398082e-08
-5.36801832e-08
-5.6896603e-08
-5.77253427e-08
-4.16579406e-08
-6.05644112e-08
-2.59486837e-08
-6.25555841e-08
-1.01117196e-08
-6.36733806e-08
6.15443935e-09
-6.3737184e-08
2.33648901e-08
-6.26563179e-08
4.18295579e-08
-6.08873812e-08
6.17707163e-08
-6.02077079e-08
8.42407274e-08
-6.30365385e-08
1.12228101e-07
-6.73751445e-08
1.47923549e-07
-6.18752319e-08
1.79517628e-07
-3.4744979e-08
1.67418045e-07
6.58161006e-08
-1.320774e-08
-1.79577863e-07
-2.61477649e-08
-1.65601213e-07
-3.68516315e-08
-1.30734918e-07
-4.60977018e-08
-9.87382464e-08
-5.54603456e-08
-7.73166921e-08
-6.42361173e-08
-6.25640376e-08
-7.13002456e-08
-4.98324756e-08
-7.6184653e-08
-3.67735341e-08
-7.91660281e-08
-2.29673096e-08
-8.07204461e-08
-8.55730264e-09
-8.10975853e-08
6.53157746e-09
-8.04037322e-08
2.2671036e-08
-7.90301951e-08
4.04560199e-08
-7.80837848e-08
6.0824305e-08
-7.92286389e-08
8.53855807e-08
-8.25857752e-08
1.15585236e-07
-8.25968972e-08
1.4793467e-07
-6.78552103e-08
1.64775941e-07
-3.28064242e-08
1.32369257e-07
3.3009677e-08
-2.00391527e-08
-1.59538712e-07
-3.83551355e-08
-1.47285231e-07
-5.21328491e-08
-1.16957205e-07
-6.30012557e-08
-8.78698408e-08
-7.32574941e-08
-6.70604546e-08
-8.29778094e-08
-5.28437232e-08
-9.11760555e-08
-4.16342305e-08
-9.70715344e-08
-3.08780562e-08
-1.00569646e-07
-1.94691987e-08
-1.02073555e-07
-7.05339506e-09
-1.02128058e-07
6.58607957e-09
-1.0131279e-07
2.18557666e-08
-1.00394475e-07
3.95377044e-08
-1.00322511e-07
6.07523403e-08
-1.01337049e-07
8.64001175e-08
-1.00910501e-07
1.15158687e-07
-9.20597364e-08
1.39083906e-07
-6.66186547e-08
1.39334858e-07
-2.66864584e-08
9.24370618e-08
6.32321749e-09
-2.85254408e-08
-1.31013271e-07
-5.39359743e-08
-1.21874699e-07
-7.23662335e-08
-9.85269467e-08
-8.54904923e-08
-7.47455828e-08
-9.62736946e-08
-5.62772532e-08
-1.06017233e-07
-4.3100186e-08
-1.1452743e-07
-3.31240338e-08
-1.21159273e-07
-2.42462142e-08
-1.2554587e-07
-1.50826024e-08
-1.27789299e-07
-4.80996717e-09
-1.28320998e-07
7.11777739e-09
-1.27715087e-07
2.12498546e-08
-1.26479789e-07
3.83024053e-08
-1.2463533e-07
5.89078805e-08
-1.2086961e-07
8.26343973e-08
-1.11548419e-07
1.05837495e-07
-9.11466421e-08
1.18682128e-07
-5.64844341e-08
1.0467265e-07
-1.62705043e-08
5.22231297e-08
-9.94728614e-09
-3.85757453e-08
-9.24375271e-08
-7.29121577e-08
-8.75382872e-08
-9.80826269e-08
-7.33564785e-08
-1.15116493e-07
-5.77117172e-08
-1.27039944e-07
-4.43538031e-08
-1.36233144e-07
-3.39069871e-08
-1.43758836e-07
-2.5598343e-08
-1.4975295e-07
-1.8252101e-08
-1.54008071e-07
-1.08274819e-08
-1.56344863e-07
-2.47317636e-09
-1.56624415e-07
7.39732862e-09
-1.54744095e-07
1.93695338e-08
-1.50394593e-07
3.39529022e-08
-1.42652191e-07
5.11654779e-08
-1.29642351e-07
6.9624556e-08
-1.08605736e-07
8.48008798e-08
-7.74754143e-08
8.75518059e-08
-3.91414889e-08
6.63387233e-08
-7.14051076e-09
2.02221529e-08
-1.70877981e-08
-4.89651259e-08
-4.34724013e-08
-9.27745666e-08
-4.37288471e-08
-1.2599114e-07
-4.01399058e-08
-1.48898425e-07
-3.48044326e-08
-1.63906413e-07
-2.93458159e-08
-1.73599608e-07
-2.42137936e-08
-1.79852494e-07
-1.93454577e-08
-1.83670613e-07
-1.44339824e-08
-1.85393952e-07
-9.10414379e-09
-1.84925056e-07
-2.94207296e-09
-1.81737281e-07
4.20955274e-09
-1.75024523e-07
1.26567745e-08
-1.63778452e-07
2.27068306e-08
-1.46647969e-07
3.40349937e-08
-1.22259073e-07
4.52356596e-08
-9.00616768e-08
5.2603483e-08
-5.21626548e-08
4.96527833e-08
-1.70704985e-08
3.12465674e-08
1.27523574e-09
1.87641606e-09
-1.58125616e-08
-5.62586511e-08
1.27862481e-08
-1.06327911e-07
6.34041193e-09
-1.45308621e-07
-1.1591973e-09
-1.73156812e-07
-6.9562419e-09
-1.91726944e-07
-1.07756848e-08
-2.03279738e-07
-1.26610004e-08
-2.09696595e-07
-1.29286014e-08
-2.11979446e-07
-1.21511314e-08
-2.10542599e-07
-1.0540992e-08
-2.05278946e-07
-8.20572674e-09
-1.95823377e-07
-5.24601683e-09
-1.81446324e-07
-1.72027927e-09
-1.61024697e-07
2.28520284e-09
-1.33495992e-07
6.50628792e-09
-9.85680928e-08
1.03077595e-08
-5.82672003e-08
1.23025898e-08
-1.89244979e-08
1.03100801e-08
7.58089591e-09
4.7411718e-09
1.14897628e-08
-2.03244932e-09
-4.32280003e-09
-5.46146552e-08
6.74009031e-08
-1.02681088e-07
5.44068445e-08
-1.39686981e-07
3.58466943e-08
-1.65891036e-07
1.92478125e-08
-1.84025884e-07
7.35916271e-09
-1.96017882e-07
-6.69003419e-10
-2.03651295e-07
-5.29518926e-09
-2.07183159e-07
-8.61926756e-09
-2.06615074e-07
-1.11090776e-08
-2.01565123e-07
-1.32556793e-08
-1.9138159e-07
-1.54295501e-08
-1.75219171e-07
-1.78826986e-08
-1.52146584e-07
-2.07873854e-08
-1.21459645e-07
-2.41806521e-08
-8.35493877e-08
-2.7602498e-08
-4.18745321e-08
-2.93722665e-08
-5.38388354e-09
-2.61805691e-08
1.61130737e-08
-1.6755785e-08
1.47461539e-08
-6.65532211e-10
1.04233548e-08
-4.35169366e-08
1.10917838e-07
-8.10286471e-08
9.19185539e-08
-1.0869206e-07
6.35101068e-08
-1.29218011e-07
3.97737627e-08
-1.45577537e-07
2.37186878e-08
-1.59294438e-07
1.30478963e-08
-1.70096557e-07
5.50692919e-09
-1.78009561e-07
-7.06263917e-10
-1.82718986e-07
-6.39965339e-09
-1.8372944e-07
-1.22452261e-08
-1.80380446e-07
-1.87785439e-08
-1.71807512e-07
-2.64556336e-08
-1.56974323e-07
-3.56205747e-08
-1.34893645e-07
-4.62613314e-08
-1.05260132e-07
-5.72360117e-08
-6.96648589e-08
-6.49675398e-08
-3.30748815e-08
-6.27705474e-08
-5.96304943e-09
-4.38676189e-08
3.69705352e-09
-1.03256332e-08
1.41204069e-08
-3.21737368e-08
1.43091575e-07
-5.96620001e-08
1.19406817e-07
-8.04160832e-08
8.42641892e-08
-9.75078291e-08
5.68655079e-08
-1.12917907e-07
3.91287646e-08
-1.26827334e-07
2.69573227e-08
-1.38782664e-07
1.74622586e-08
-1.48529982e-07
9.04105408e-09
-1.55604802e-07
6.75165373e-10
-1.59966236e-07
-7.88379192e-09
-1.61234265e-07
-1.75105156e-08
-1.58990531e-07
-2.86993683e-08
-1.52527226e-07
-4.20838805e-08
-1.40760852e-07
-5.80277055e-08
-1.22308408e-07
-7.5688456e-08
-9.59917084e-08
-9.12842404e-08
-6.25138467e-08
-9.62484097e-08
-2.79454326e-08
-7.84360323e-08
-4.591054e-09
-3.36800148e-08
9.5293541e-09
-2.29896371e-08
1.6608121e-07
-4.29748947e-08
1.39392073e-07
-5.91751736e-08
1.00464467e-07
-7.40231687e-08
7.17135023e-08
-8.83561316e-08
5.34617269e-08
-1.01504179e-07
4.01053693e-08
-1.12820797e-07
2.87788766e-08
-1.21935381e-07
1.81556372e-08
-1.28851109e-07
7.59089303e-09
-1.33426646e-07
-3.30825608e-09
-1.35934585e-07
-1.50025769e-08
-1.36450879e-07
-2.81830742e-08
-1.34941423e-07
-4.35933374e-08
-1.30963007e-07
-6.20061214e-08
-1.23114792e-07
-8.35366715e-08
-1.08491598e-07
-1.05907435e-07
-8.33983613e-08
-1.21341647e-07
-4.75894847e-08
-1.14244911e-07
-1.21870496e-08
-6.90824475e-08
-2.65769717e-09
-1.58405029e-08
1.81921713e-07
-3.03733024e-08
1.53924872e-07
-4.3455337e-08
1.13546501e-07
-5.6234604e-08
8.44927687e-08
-6.88290454e-08
6.60561677e-08
-8.02609204e-08
5.15372437e-08
-8.99394394e-08
3.8457395e-08
-9.76711816e-08
2.58873789e-08
-1.03544596e-07
1.34643067e-08
-1.0755176e-07
6.9890753e-10
-1.10012364e-07
-1.2541973e-08
-1.11113618e-07
-2.70818209e-08
-1.11265604e-07
-4.34413517e-08
-1.10879286e-07
-6.23924399e-08
-1.09737433e-07
-8.46785245e-08
-1.05526996e-07
-1.10117873e-07
-9.23437173e-08
-1.34524926e-07
-6.32828217e-08
-1.43305805e-07
-2.24542437e-08
-1.09911029e-07
-2.51119396e-08
-1.01255032e-08
1.92047215e-07
-2.05503715e-08
1.6434974e-07
-3.12419817e-08
1.24238111e-07
-4.17571253e-08
9.50079117e-08
-5.21591391e-08
7.64581809e-08
-6.14387248e-08
6.08168289e-08
-6.92172281e-08
4.62358977e-08
-7.54830177e-08
3.2153168e-08
-8.03338226e-08
1.83151111e-08
-8.39489301e-08
4.3140146e-09
-8.62887348e-08
-1.02021687e-08
-8.75789369e-08
-2.57916192e-08
-8.80646698e-08
-4.29556191e-08
-8.82802573e-08
-6.21768528e-08
-8.90500451e-08
-8.39087369e-08
-9.03541643e-08
-1.08813754e-07
-8.78780078e-08
-1.37001083e-07
-7.0794291e-08
-1.60389524e-07
-3.30339819e-08
-1.47671335e-07
-5.81459233e-08
-5.11823845e-09
1.97165454e-07
-1.25482826e-08
1.71779784e-07
-2.11358786e-08
1.32825706e-07
-2.91534038e-08
1.03025436e-07
-3.72760779e-08
8.45808545e-08
-4.43711488e-08
6.79118993e-08
-5.0289934e-08
5.21546825e-08
-5.51018698e-08
3.69651032e-08
-5.89304833e-08
2.21437241e-08
-6.19371896e-08
7.32072041e-09
-6.42178697e-08
-7.92148896e-09
-6.58975654e-08
-2.41119238e-08
-6.69928084e-08
-4.18603765e-08
-6.74774171e-08
-6.16922444e-08
-6.78395673e-08
-8.35465868e-08
-6.96347839e-08
-1.07018537e-07
-7.28579832e-08
-1.33777884e-07
-6.7927681e-08
-1.65319825e-07
-3.92515706e-08
-1.76347449e-07
-9.73974926e-08
1.88055168e-10
1.96977397e-07
-5.98258654e-09
1.77950425e-07
-1.21050648e-08
1.38948184e-07
-1.7623872e-08
1.08544243e-07
-2.36097124e-08
9.05666944e-08
-2.86018361e-08
7.29040225e-08
-3.28048735e-08
5.63577194e-08
-3.6247622e-08
4.04078512e-08
-3.90302928e-08
2.49263944e-08
-4.12834162e-08
9.57384336e-09
-4.31924246e-08
-6.01248106e-09
-4.4991621e-08
-2.23127278e-08
-4.67909573e-08
-4.00610405e-08
-4.82340776e-08
-6.02491244e-08
-4.87318758e-08
-8.30487889e-08
-4.91695283e-08
-1.06580885e-07
-5.27144141e-08
-1.30232998e-07
-5.61717338e-08
-1.61862507e-07
-3.94459486e-08
-1.93073231e-07
-1.36843443e-07
4.83575669e-09
1.92141641e-07
-7.4529147e-11
1.8286071e-07
-2.64399997e-09
1.41517655e-07
-6.95871846e-09
1.12858961e-07
-1.06388331e-08
9.42468086e-08
-1.36330916e-08
7.58982804e-08
-1.62773732e-08
5.90020004e-08
-1.84756777e-08
4.26061551e-08
-2.03113422e-08
2.67620583e-08
-2.18869585e-08
1.1149459e-08
-2.3333783e-08
-4.56565708e-09
-2.49026134e-08
-2.07438981e-08
-2.6921122e-08
-3.80425324e-08
-2.92434919e-08
-5.79267548e-08
-3.08629067e-08
-8.14293744e-08
-3.12030254e-08
-1.06240766e-07
-3.2873016e-08
-1.28563008e-07
-3.96339664e-08
-1.55101555e-07
-3.42069546e-08
-1.98500246e-07
-1.71050396e-07
1.04074258e-08
1.81734214e-07
8.05166846e-09
1.85216467e-07
5.74332605e-09
1.43825997e-07
3.52458301e-09
1.15077704e-07
2.31186258e-09
9.54595285e-08
8.9910225e-10
7.73110402e-08
-1.73198563e-10
6.00743007e-08
-1.2067178e-09
4.36396737e-08
-2.20775237e-09
2.77630921e-08
-3.20800732e-09
1.21497133e-08
-4.29455819e-09
-3.47910692e-09
-5.67834182e-09
-1.9360115e-08
-7.66445606e-09
-3.60564186e-08
-1.02999815e-08
-5.52912298e-08
-1.29841069e-08
-7.87452493e-08
-1.48575926e-08
-1.04367281e-07
-1.61445306e-08
-1.2727607e-07
-2.24767326e-08
-1.48769355e-07
-2.59316577e-08
-1.95045319e-07
-1.96982055e-07
1.57773688e-08
1.65956846e-07
1.66853934e-08
1.84308443e-07
1.53284508e-08
1.45182939e-07
1.47526643e-08
1.1565349e-07
1.53899827e-08
9.48222096e-08
1.59428312e-08
7.67581912e-08
1.63372998e-08
5.96798315e-08
1.65083083e-08
4.34686646e-08
1.63920774e-08
2.78793223e-08
1.59185832e-08
1.26232068e-08
1.49661843e-08
-2.52670877e-09
1.34679151e-08
-1.78618465e-08
1.13253615e-08
-3.39138657e-08
8.56155697e-09
-5.25274258e-08
5.26011156e-09
-7.54438043e-08
1.42941297e-09
-1.00536583e-07
-1.81574934e-09
-1.24030908e-07
-8.34021177e-09
-1.42244891e-07
-1.69118863e-08
-1.86473647e-07
-2.1389394e-07
2.05756144e-08
1.4538123e-07
2.65931817e-08
1.78290875e-07
2.65876852e-08
1.45188435e-07
2.68904757e-08
1.15350699e-07
2.8998746e-08
9.27139387e-08
3.14013471e-08
7.43555895e-08
3.34300684e-08
5.76511095e-08
3.49252693e-08
4.1973463e-08
3.57855848e-08
2.7019006e-08
3.59008484e-08
1.25079425e-08
3.5139113e-08
-1.76497432e-09
3.34492786e-08
-1.61720129e-08
3.10562777e-08
-3.15208655e-08
2.80256386e-08
-4.94967873e-08
2.37445265e-08
-7.11626928e-08
1.78164952e-08
-9.46085517e-08
1.04221623e-08
-1.16636575e-07
1.3529927e-09
-1.33175723e-07
-7.5820118e-09
-1.7753864e-07
-2.21475953e-07
2.43333102e-08
1.21047922e-07
3.70175949e-08
1.6560659e-07
3.97724505e-08
1.42433579e-07
4.10675681e-08
1.1405558e-07
4.38892151e-08
8.98922911e-08
4.77790279e-08
7.04657761e-08
5.14567576e-08
5.39733791e-08
5.43354437e-08
3.90947761e-08
5.62048635e-08
2.51495854e-08
5.69526053e-08
1.17601996e-08
5.65341832e-08
-1.34655312e-09
5.50587499e-08
-1.46965805e-08
5.27241301e-08
-2.91862465e-08
4.92069837e-08
-4.59796417e-08
4.33934035e-08
-6.53491134e-08
3.45061346e-08
-8.57212835e-08
2.30406832e-08
-1.05171124e-07
1.23128527e-08
-1.22447892e-07
1.85415343e-09
-1.67079944e-07
-2.19621798e-07
2.61763235e-08
9.48715964e-08
4.63911837e-08
1.4539173e-07
5.41475785e-08
1.34677184e-07
5.76215383e-08
1.1058162e-07
6.13177658e-08
8.61960629e-08
6.62412806e-08
6.55422605e-08
7.13671635e-08
4.88474953e-08
7.57182337e-08
3.47437051e-08
7.8838991e-08
2.20288271e-08
8.057515e-08
1.00240396e-08
8.09151311e-08
-1.6865353e-09
8.00025458e-08
-1.37839963e-08
7.75751863e-08
-2.6758888e-08
7.27555747e-08
-4.1160031e-08
6.43046979e-08
-5.68982375e-08
5.18408814e-08
-7.32574677e-08
3.6679234e-08
-9.00094779e-08
2.23316436e-08
-1.08100303e-07
8.63036263e-09
-1.5337866e-07
-2.10991437e-07
2.49814845e-08
6.98901132e-08
5.19360095e-08
1.18437205e-07
6.67424642e-08
1.19870729e-07
7.49157818e-08
1.02408302e-07
8.12390174e-08
7.98728266e-08
8.77083006e-08
5.90729765e-08
9.42843476e-08
4.22714475e-08
1.00217069e-07
2.88109823e-08
1.04898125e-07
1.73477707e-08
1.08005678e-07
6.91648532e-09
1.09342751e-07
-3.02360909e-09
1.08559191e-07
-1.30004376e-08
1.04976953e-07
-2.31766513e-08
9.76840184e-08
-3.38670972e-08
8.60139749e-08
-4.5228195e-08
7.03137258e-08
-5.75572198e-08
5.21719775e-08
-7.18677303e-08
3.44593365e-08
-9.03876614e-08
1.66615171e-08
-1.35580844e-07
-1.94329919e-07
2.21925377e-08
4.76975735e-08
5.28711133e-08
8.77586281e-08
7.42724228e-08
9.84694184e-08
8.95464608e-08
8.7134263e-08
1.01149122e-07
6.8270165e-08
1.10818026e-07
4.9404071e-08
1.19383153e-07
3.37063198e-08
1.26801208e-07
2.13929259e-08
1.32683031e-07
1.14659462e-08
1.3653967e-07
3.05984546e-09
1.37965245e-07
-4.44918546e-09
1.36365941e-07
-1.14011345e-08
1.31299883e-07
-1.81105947e-08
1.22393479e-07
-2.49606944e-08
1.09505164e-07
-3.23398805e-08
9.28951415e-08
-4.09471981e-08
7.31903764e-08
-5.21629664e-08
5.21020036e-08
-6.9299291e-08
2.79151692e-08
-1.11394007e-07
-1.66414752e-07
1.48882415e-08
3.28093328e-08
4.3031559e-08
5.96153102e-08
7.22061844e-08
6.92947922e-08
9.62874582e-08
6.30529883e-08
1.15140851e-07
4.94167712e-08
1.29956312e-07
3.45886085e-08
1.41684129e-07
2.19785019e-08
1.50784473e-07
1.2292581e-08
1.57418985e-07
4.83143197e-09
1.61713418e-07
-1.23458873e-09
1.63602331e-07
-6.3380989e-09
1.63076567e-07
-1.08753723e-08
1.59954492e-07
-1.49885203e-08
1.53774379e-07
-1.87805831e-08
1.43775575e-07
-2.23410773e-08
1.28924888e-07
-2.60965121e-08
1.08050956e-07
-3.12890352e-08
8.12111398e-08
-4.24594745e-08
4.52945786e-08
-7.54774498e-08
-1.21120172e-07
1.42697022e-08
1.8539628e-08
3.74968643e-08
3.63881466e-08
6.8943365e-08
3.78482903e-08
9.8433282e-08
3.356307e-08
1.24309499e-07
2.35405527e-08
1.45963988e-07
1.29341179e-08
1.63633399e-07
4.30908935e-09
1.78214479e-07
-2.28850042e-09
1.90417918e-07
-7.37200811e-09
2.00277608e-07
-1.10942802e-08
2.07685095e-07
-1.3745587e-08
2.12343929e-07
-1.55342078e-08
2.13811702e-07
-1.64562944e-08
2.11288115e-07
-1.62569977e-08
2.03495484e-07
-1.4548447e-08
1.88616845e-07
-1.12178741e-08
1.64186083e-07
-6.85827509e-09
1.27633481e-07
-5.9068746e-09
7.23110104e-08
-2.01549774e-08
-4.88091636e-08
1.80834759e-08
4.56152148e-10
5.00698078e-08
4.40181364e-09
8.49220328e-08
2.99606384e-09
1.23553228e-07
-5.06812654e-09
1.59460662e-07
-1.23668833e-08
1.89345274e-07
-1.69504949e-08
2.13174962e-07
-1.95206006e-08
2.31510948e-07
-2.06244879e-08
2.44760861e-07
-2.06219228e-08
2.53499622e-07
-1.98330423e-08
2.58321346e-07
-1.85673124e-08
2.59799063e-07
-1.70119265e-08
2.58477439e-07
-1.5134672e-08
2.54825935e-07
-1.26054947e-08
2.48967019e-07
-8.68953244e-09
2.39807818e-07
-2.05867372e-09
2.20892437e-07
1.20571046e-08
1.81784667e-07
3.32008957e-08
1.07136342e-07
5.44933433e-08
5.8327179e-08
-2.856384e-10
7.41787267e-10
2.99855668e-08
-2.58693937e-08
7.18488659e-08
-3.88672371e-08
1.08946687e-07
-4.21659495e-08
1.38986093e-07
-4.2406291e-08
1.61962822e-07
-3.99272254e-08
1.78244469e-07
-3.58022494e-08
1.88527264e-07
-3.09072844e-08
1.93586811e-07
-2.56814714e-08
1.9414465e-07
-2.0390882e-08
1.90845807e-07
-1.52684716e-08
1.84320124e-07
-1.04862451e-08
1.75311574e-07
-6.1261234e-09
1.64807727e-07
-2.10164896e-09
1.54229214e-07
1.88897973e-09
1.44945954e-07
7.22458484e-09
1.3689136e-07
2.01116973e-08
1.18579927e-07
5.15123254e-08
7.27638251e-08
1.00309446e-07
1.31091002e-07
1.84934721e-08
-1.77516855e-08
3.75661655e-08
-4.49420888e-08
6.43463693e-08
-6.56474428e-08
9.4982379e-08
-7.2801961e-08
1.21728443e-07
-6.91523563e-08
1.41946401e-07
-6.01451861e-08
1.55659683e-07
-4.95155327e-08
1.63717554e-07
-3.89651568e-08
1.66950472e-07
-2.89143917e-08
1.65914989e-07
-1.93554e-08
1.60914019e-07
-1.02675032e-08
1.52153725e-07
-1.72595243e-09
1.40004327e-07
6.02327274e-09
1.25238185e-07
1.26644919e-08
1.09043298e-07
1.80838645e-08
9.33006372e-08
2.29672442e-08
8.08182882e-08
3.25940448e-08
6.87979119e-08
6.35327017e-08
4.27316264e-08
1.26375727e-07
1.73822628e-07
1.1728552e-08
-2.9480241e-08
3.82500993e-08
-7.14636384e-08
7.19465705e-08
-9.9343916e-08
1.00958745e-07
-1.01814137e-07
1.22602228e-07
-9.0795841e-08
1.3740727e-07
-7.495023e-08
1.46936861e-07
-5.90451252e-08
1.52513935e-07
-4.45422325e-08
1.54849127e-07
-3.12495855e-08
1.54135782e-07
-1.86420568e-08
1.50234625e-07
-6.36634769e-09
1.42673513e-07
5.83515763e-09
1.30900651e-07
1.77961332e-08
1.1487676e-07
2.86883811e-08
9.5375563e-08
3.75850592e-08
7.44643087e-08
4.38784968e-08
5.61275757e-08
5.0930776e-08
4.28457943e-08
7.68144796e-08
2.53023136e-08
1.43919208e-07
1.9912494e-07
2.03409668e-08
-4.98212093e-08
5.29121745e-08
-1.04034848e-07
7.96913331e-08
-1.26123077e-07
9.96868324e-08
-1.21809639e-07
1.13002927e-07
-1.04111938e-07
1.21524703e-07
-8.34720084e-08
1.27207935e-07
-6.47283591e-08
1.31021576e-07
-4.83558748e-08
1.33143255e-07
-3.33712668e-08
1.33390092e-07
-1.88888953e-08
1.31365038e-07
-4.34129617e-09
1.26445635e-07
1.07545592e-08
1.17842932e-07
2.63988343e-08
1.04683629e-07
4.18476817e-08
8.68603137e-08
5.54083727e-08
6.57977618e-08
6.49410465e-08
4.52247557e-08
7.15037801e-08
2.97965216e-08
9.22427128e-08
1.55948874e-08
1.58120838e-07
2.14719827e-07
2.3042849e-08
-7.28640617e-08
5.59543545e-08
-1.36946356e-07
7.72639269e-08
-1.47432651e-07
8.8668238e-08
-1.33213952e-07
9.50022254e-08
-1.10445927e-07
9.94497953e-08
-8.79195804e-08
1.03134239e-07
-6.84128048e-08
1.06039187e-07
-5.12608249e-08
1.07907772e-07
-3.52398547e-08
1.08538298e-07
-1.95194229e-08
1.07714774e-07
-3.51777412e-09
1.05005899e-07
1.34634318e-08
9.96044429e-08
3.18002884e-08
9.03085632e-08
5.11435591e-08
7.62294569e-08
6.94874766e-08
5.79237918e-08
8.32467094e-08
3.83320475e-08
9.10955222e-08
2.22699036e-08
1.08304853e-07
9.57465983e-09
1.70816081e-07
2.24294485e-07
2.65604041e-08
-9.94244677e-08
5.42796362e-08
-1.6466559e-07
6.72398453e-08
-1.60392863e-07
7.18334574e-08
-1.37807566e-07
7.43270122e-08
-1.12939484e-07
7.7115955e-08
-9.07085255e-08
7.99072183e-08
-7.12040705e-08
8.20227319e-08
-5.33763408e-08
8.3199236e-08
-3.64163612e-08
8.34286846e-08
-1.97488739e-08
8.27446846e-08
-2.83377653e-09
8.11367709e-08
1.50713431e-08
7.80677961e-08
3.48692607e-08
7.23037254e-08
5.69076273e-08
6.24245596e-08
7.93666399e-08
4.81962377e-08
9.74750286e-08
3.16110115e-08
1.07680746e-07
1.67892681e-08
1.23126595e-07
5.3593132e-09
1.82246031e-07
2.29653797e-07
2.69232799e-08
-1.26347751e-07
4.67080509e-08
-1.84450364e-07
5.27233247e-08
-1.66408139e-07
5.39509042e-08
-1.39035148e-07
5.55156996e-08
-1.14504282e-07
5.80607425e-08
-9.3253571e-08
6.03798086e-08
-7.35231392e-08
6.18449919e-08
-5.48415268e-08
6.24014306e-08
-3.69728025e-08
6.21031424e-08
-1.94505884e-08
6.10511472e-08
-1.78178413e-09
5.94327436e-08
1.6689744e-08
5.71981685e-08
3.71038331e-08
5.35183353e-08
6.05874577e-08
4.6939219e-08
8.59457534e-08
3.6770682e-08
1.07643563e-07
2.40096898e-08
1.20441735e-07
1.1693963e-08
1.35442318e-07
1.65862836e-09
1.92281364e-07
2.31312423e-07
2.45334414e-08
-1.50881195e-07
3.63935899e-08
-1.96310515e-07
3.79347352e-08
-1.67949287e-07
3.82216011e-08
-1.39322017e-07
4.01082144e-08
-1.16390898e-07
4.25032672e-08
-9.56486265e-08
4.41962674e-08
-7.52161423e-08
4.50254375e-08
-5.56706998e-08
4.51044047e-08
-3.70517726e-08
4.44401973e-08
-1.87863841e-08
4.30277835e-08
-3.69373342e-10
4.10208946e-08
1.86966299e-08
3.87210512e-08
3.94036734e-08
3.58330589e-08
6.3475447e-08
3.13003385e-08
9.04784707e-08
2.45198836e-08
1.14424015e-07
1.5574305e-08
1.29387311e-07
5.71092909e-09
1.45305692e-07
-3.32960353e-09
2.01321893e-07
2.27982818e-07
2.02642892e-08
-1.71145486e-07
2.5557628e-08
-2.01603856e-07
2.50257735e-08
-1.67417435e-07
2.52268345e-08
-1.3952308e-07
2.7184698e-08
-1.18348765e-07
2.8873116e-08
-9.73370476e-08
2.96793184e-08
-7.60223477e-08
2.97917726e-08
-5.5783157e-08
2.93813971e-08
-3.66414003e-08
2.84092398e-08
-1.78142301e-08
2.68210281e-08
1.21883503e-09
2.46532141e-08
2.08644405e-08
2.22029518e-08
4.18539324e-08
1.95287483e-08
6.61496472e-08
1.61468904e-08
9.38603253e-08
1.20060835e-08
1.18564818e-07
6.62379105e-09
1.34769601e-07
-1.87843951e-09
1.53807919e-07
-1.00828645e-08
2.09526315e-07
2.17899952e-07
1.51592618e-08
-1.86304751e-07
1.56527369e-08
-2.02097334e-07
1.42767287e-08
-1.66041429e-07
1.42118213e-08
-1.39458176e-07
1.53979242e-08
-1.19534871e-07
1.59717074e-08
-9.79108339e-08
1.58017407e-08
-7.58523843e-08
1.51373393e-08
-5.51187589e-08
1.41887143e-08
-3.56927787e-08
1.29057108e-08
-1.65312301e-08
1.11975985e-08
2.92694372e-09
9.115066e-09
2.29469694e-08
6.65739626e-09
4.43115986e-08
4.07074692e-09
6.8736293e-08
1.80873682e-09
9.61223319e-08
-4.33223815e-10
1.20806776e-07
-2.90794936e-09
1.37244323e-07
-9.92875686e-09
1.60828724e-07
-1.66331206e-08
2.16230675e-07
2.01266829e-07
9.71831806e-09
-1.96023072e-07
7.24360438e-09
-1.99622623e-07
5.22350416e-09
-1.64021332e-07
3.96597875e-09
-1.38200654e-07
3.82051997e-09
-1.19389415e-07
3.20265477e-09
-9.7292972e-08
2.14170221e-09
-7.47914352e-08
7.20471198e-10
-5.36975314e-08
-8.47911588e-10
-3.41243995e-08
-2.4546078e-09
-1.49245376e-08
-4.20809627e-09
4.68042843e-09
-6.28115303e-09
2.50200225e-08
-8.7944711e-09
4.6824913e-08
-1.13816629e-08
7.13234812e-08
-1.2978083e-08
9.77187485e-08
-1.30726901e-08
1.20901379e-07
-1.42554399e-08
1.3842707e-07
-2.18114357e-08
1.68384716e-07
-2.38409078e-08
2.18260143e-07
1.77425919e-07
4.43674952e-09
-2.00459824e-07
-4.11531776e-10
-1.94774345e-07
-2.78069492e-09
-1.61652172e-07
-5.79932194e-09
-1.3518203e-07
-7.82328624e-09
-1.17365454e-07
-9.58316405e-09
-9.55330975e-08
-1.15639682e-08
-7.28106344e-08
-1.36761723e-08
-5.15853308e-08
-1.5763494e-08
-3.20370814e-08
-1.78017291e-08
-1.28863062e-08
-1.98640825e-08
6.74277812e-09
-2.21287029e-08
2.72846393e-08
-2.46590968e-08
4.93553033e-08
-2.67953907e-08
7.34597714e-08
-2.71951996e-08
9.81185539e-08
-2.61212073e-08
1.19827384e-07
-2.82421865e-08
1.40548046e-07
-3.61502531e-08
1.76292779e-07
-3.1049489e-08
2.13159376e-07
1.46376427e-07
2.48017792e-10
-2.00707844e-07
-5.79326374e-09
-1.88733066e-07
-1.1466445e-08
-1.55978994e-07
-1.57115551e-08
-1.30936923e-07
-1.97493455e-08
-1.13327667e-07
-2.28823938e-08
-9.24000524e-08
-2.57109078e-08
-6.99821236e-08
-2.84867586e-08
-4.88094834e-08
-3.12132276e-08
-2.93106159e-08
-3.37910605e-08
-1.0308477e-08
-3.6232358e-08
9.18407212e-09
-3.86387537e-08
2.96910315e-08
-4.0842539e-08
5.15590851e-08
-4.20066987e-08
7.46239276e-08
-4.13878514e-08
9.74997031e-08
-4.08501474e-08
1.19289677e-07
-4.54029759e-08
1.45100872e-07
-5.11792469e-08
1.82069048e-07
-3.66562564e-08
1.9863638e-07
1.0972017e-07
-4.10905319e-09
-1.96598794e-07
-1.13387324e-08
-1.8150339e-07
-1.93766416e-08
-1.47941088e-07
-2.62355578e-08
-1.2407801e-07
-3.2357856e-08
-1.07205372e-07
-3.70681677e-08
-8.76897439e-08
-4.08224253e-08
-6.62278693e-08
-4.42109359e-08
-4.5420976e-08
-4.7468864e-08
-2.60526911e-08
-5.05028545e-08
-7.27448988e-09
-5.32026183e-08
1.18838325e-08
-5.54499698e-08
3.19383797e-08
-5.69110408e-08
5.30201527e-08
-5.71316247e-08
7.48445081e-08
-5.67216656e-08
9.70897408e-08
-5.86814486e-08
1.21249457e-07
-6.48266704e-08
1.5124609e-07
-6.43423755e-08
1.81584749e-07
-3.88530917e-08
1.73147094e-07
7.08670745e-08
-7.78441023e-09
-1.88814386e-07
-1.72580871e-08
-1.72029715e-07
-2.74112445e-08
-1.37787933e-07
-3.70988025e-08
-1.14390455e-07
-4.57476976e-08
-9.85564794e-08
-5.24286089e-08
-8.10088356e-08
-5.7400604e-08
-6.12558773e-08
-6.14261037e-08
-4.13954794e-08
-6.50094611e-08
-2.24693369e-08
-6.81814908e-08
-4.10246338e-09
-7.07472392e-08
1.44495777e-08
-7.24899718e-08
3.36811092e-08
-7.3297669e-08
5.38278468e-08
-7.36203401e-08
7.51671762e-08
-7.51156519e-08
9.85850495e-08
-7.95300074e-08
1.25663809e-07
-8.31677856e-08
1.54883866e-07
-7.22692156e-08
1.70686177e-07
-3.66415393e-08
1.37519412e-07
3.42255341e-08
-1.13868024e-08
-1.77427587e-07
-2.35213141e-08
-1.59895207e-07
-3.58022976e-08
-1.25506952e-07
-4.82315444e-08
-1.01961211e-07
-5.97404057e-08
-8.70476209e-08
-6.89224245e-08
-7.18268195e-08
-7.56511892e-08
-5.45271155e-08
-8.06124873e-08
-3.64341841e-08
-8.44830373e-08
-1.85987898e-08
-8.75285426e-08
-1.05696093e-09
-8.97136267e-08
1.6634659e-08
-9.10737253e-08
3.5041205e-08
-9.20328231e-08
5.47869418e-08
-9.36051653e-08
7.67395156e-08
-9.67870608e-08
1.01766942e-07
-9.99906618e-08
1.28867408e-07
-9.55409966e-08
1.50434198e-07
-7.20353539e-08
1.47180531e-07
-2.95494784e-08
9.50335353e-08
4.6760523e-09
-1.54049234e-08
-1.62022665e-07
-3.04580131e-08
-1.44842119e-07
-4.47913762e-08
-1.11173592e-07
-5.96100256e-08
-8.71425638e-08
-7.39558702e-08
-7.27017788e-08
-8.60073005e-08
-5.97753917e-08
-9.51098487e-08
-4.54245698e-08
-1.01626778e-07
-2.99172577e-08
-1.06231299e-07
-1.39942708e-08
-1.09460669e-07
2.17240673e-09
-1.11623382e-07
1.87973692e-08
-1.13156334e-07
3.6574155e-08
-1.14646498e-07
5.62771027e-08
-1.16492716e-07
7.85857314e-08
-1.17670293e-07
1.02944518e-07
-1.13906116e-07
1.25103227e-07
-9.75097697e-08
1.3403785e-07
-6.28680582e-08
1.12538818e-07
-1.90404253e-08
5.12058965e-08
-1.43643734e-08
-2.02419786e-08
-1.4178069e-07
-3.87118512e-08
-1.26372249e-07
-5.50098666e-08
-9.48755785e-08
-7.15526737e-08
-7.0599759e-08
-8.81496673e-08
-5.61047874e-08
-1.02913725e-07
-4.50113363e-08
-1.14701597e-07
-3.36366994e-08
-1.2342631e-07
-2.11925474e-08
-1.29601959e-07
-7.81862372e-09
-1.33752713e-07
6.32315826e-09
-1.36392726e-07
2.14373806e-08
-1.37883356e-07
3.8064783e-08
-1.38242438e-07
5.66361823e-08
-1.36612075e-07
7.69553663e-08
-1.30480426e-07
9.68128668e-08
-1.15449096e-07
1.10071895e-07
-8.7225359e-08
1.05814111e-07
-4.73148976e-08
7.26283527e-08
-1.06062663e-08
1.44972649e-08
-2.49706423e-08
-2.64155683e-08
-1.15365122e-07
-4.93530324e-08
-1.03434787e-07
-6.78486377e-08
-7.6379975e-08
-8.5303539e-08
-5.31448595e-08
-1.02930898e-07
-3.84774301e-08
-1.19418395e-07
-2.85238418e-08
-1.3340337e-07
-1.96517261e-08
-1.44318805e-07
-1.02771136e-08
-1.52323623e-07
1.86192064e-10
-1.57394456e-07
1.13939903e-08
-1.59836394e-07
2.38793166e-08
-1.59403052e-07
3.76314395e-08
-1.55271543e-07
5.25046717e-08
-1.4581737e-07
6.75011911e-08
-1.28700721e-07
7.96962166e-08
-1.01816375e-07
8.31875472e-08
-6.59373589e-08
6.99350927e-08
-2.89943542e-08
3.56853472e-08
-5.39269303e-09
-9.10440124e-09
-3.0363335e-08
-3.46111559e-08
-8.07539691e-08
-6.3823608e-08
-7.42223364e-08
-8.55202667e-08
-5.46833179e-08
-1.03472732e-07
-3.51923956e-08
-1.20538554e-07
-2.141161e-08
-1.3680793e-07
-1.22544673e-08
-1.51142619e-07
-5.31703853e-09
-1.62708939e-07
1.28920559e-09
-1.70817482e-07
8.29473395e-09
-1.7525789e-07
1.58343966e-08
-1.75362497e-07
2.39839224e-08
-1.70241327e-07
3.25102683e-08
-1.5858734e-07
4.08506838e-08
-1.38932861e-07
4.78467106e-08
-1.10471605e-07
5.12349591e-08
-7.45609002e-08
4.72768408e-08
-3.66270985e-08
3.20012892e-08
-8.23462874e-09
7.29287459e-09
2.25348511e-09
-1.9592514e-08
-2.81098518e-08
-4.50729109e-08
-3.56810588e-08
-8.27210109e-08
-3.65742376e-08
-1.09769506e-07
-2.76348244e-08
-1.29275636e-07
-1.56862662e-08
-1.45000539e-07
-5.6867084e-09
-1.58910384e-07
1.6553767e-09
-1.70556844e-07
6.32942016e-09
-1.79381619e-07
1.01139798e-08
-1.8447686e-07
1.3389974e-08
-1.84958934e-07
1.63164702e-08
-1.79741944e-07
1.87669315e-08
-1.67576055e-07
2.03443778e-08
-1.47200224e-07
2.04748522e-08
-1.1785832e-07
1.85048052e-08
-8.0396136e-08
1.37727738e-08
-3.90948839e-08
5.97558742e-09
-3.90070221e-09
-3.19289344e-09
1.57533329e-08
-1.23611601e-08
1.32991025e-08
-1.71382872e-08
-1.48107485e-08
-5.48498581e-08
1.91687973e-08
-1.01454665e-07
1.0030568e-08
-1.36543576e-07
7.454086e-09
-1.61399302e-07
9.16945856e-09
-1.78714707e-07
1.16286957e-08
-1.90450112e-07
1.3390781e-08
-1.98185108e-07
1.40644151e-08
-2.0196463e-07
1.3893502e-08
-2.01459241e-07
1.28845843e-08
-1.96016431e-07
1.08736596e-08
-1.84813931e-07
7.56443067e-09
-1.67043341e-07
2.57378669e-09
-1.41981183e-07
-4.58730655e-09
-1.09371291e-07
-1.41050874e-08
-7.03966662e-08
-2.52018519e-08
-2.96369618e-08
-3.47841175e-08
4.14855745e-09
-3.69784133e-08
2.15034399e-08
-2.97160444e-08
1.62417933e-08
-1.18766384e-08
1.43104378e-09
-5.17797351e-08
7.09485323e-08
-9.84567628e-08
5.67075951e-08
-1.36017311e-07
4.50146335e-08
-1.64141103e-07
3.72932499e-08
-1.84040861e-07
3.15284536e-08
-1.9727452e-07
2.66244391e-08
-2.05231893e-07
2.20217876e-08
-2.08674494e-07
1.73361026e-08
-2.07942346e-07
1.21524365e-08
-2.0300631e-07
5.93762322e-09
-1.93597035e-07
-1.84484483e-09
-1.79517805e-07
-1.15054441e-08
-1.6002695e-07
-2.40781621e-08
-1.34562198e-07
-3.95698389e-08
-1.03138496e-07
-5.66255551e-08
-6.72036552e-08
-7.07189581e-08
-3.06797041e-08
-7.35023643e-08
-3.73173631e-09
-5.66640109e-08
5.74884129e-09
-2.1357218e-08
7.17988633e-09
-4.3632736e-08
1.14581267e-07
-8.36805384e-08
9.67553971e-08
-1.16078582e-07
7.74126766e-08
-1.4061069e-07
6.18253572e-08
-1.58218706e-07
4.913647e-08
-1.70247237e-07
3.86529699e-08
-1.77963021e-07
2.97375714e-08
-1.8227035e-07
2.16434314e-08
-1.83697279e-07
1.35793646e-08
-1.82463517e-07
4.70386152e-09
-1.78611132e-07
-5.69723007e-09
-1.71663859e-07
-1.84527169e-08
-1.61243501e-07
-3.44985204e-08
-1.46516288e-07
-5.42970516e-08
-1.26232669e-07
-7.69091745e-08
-9.88897651e-08
-9.80618614e-08
-6.43069305e-08
-1.08085199e-07
-2.81793699e-08
-9.27915723e-08
-3.78821202e-09
-4.57483733e-08
3.39167427e-09
-3.39879226e-08
1.4856919e-07
-6.51805008e-08
1.27947975e-07
-9.01380841e-08
1.0237026e-07
-1.09075216e-07
8.07624892e-08
-1.23101169e-07
6.31624231e-08
-1.33389847e-07
4.89416475e-08
-1.40894157e-07
3.72418816e-08
-1.4618561e-07
2.69348844e-08
-1.49521748e-07
1.69155025e-08
-1.51017232e-07
6.19934551e-09
-1.50677267e-07
-6.03719501e-09
-1.48531446e-07
-2.05985375e-08
-1.44680231e-07
-3.83497357e-08
-1.38849893e-07
-6.01273896e-08
-1.29701371e-07
-8.60576961e-08
-1.14082474e-07
-1.13680758e-07
-8.77348794e-08
-1.34432793e-07
-4.98232339e-08
-1.30703216e-07
-1.18913609e-08
-8.36802465e-08
-8.49968521e-09
-2.4847644e-08
1.73416834e-07
-4.7860455e-08
1.50960786e-07
-6.62802934e-08
1.20790098e-07
-8.07177016e-08
9.51998975e-08
-9.23409823e-08
7.4785704e-08
-1.01876233e-07
5.84768979e-08
-1.09670555e-07
4.50362042e-08
-1.15731866e-07
3.29961954e-08
-1.19935456e-07
2.11190928e-08
-1.22244625e-07
8.50851425e-09
-1.22816477e-07
-5.46534282e-09
-1.22076607e-07
-2.13384069e-08
-1.20688029e-07
-3.97383134e-08
-1.19279984e-07
-6.1535434e-08
-1.17604912e-07
-8.77327685e-08
-1.12893962e-07
-1.18391707e-07
-9.8545226e-08
-1.48781528e-07
-6.72307511e-08
-1.62017691e-07
-2.34028985e-08
-1.27508097e-07
-3.19025829e-08
-1.70219191e-08
1.90438753e-07
-3.33747382e-08
1.67313605e-07
-4.69514314e-08
1.34366792e-07
-5.82516559e-08
1.06500122e-07
-6.82861269e-08
8.48201752e-08
-7.71801993e-08
6.73709705e-08
-8.47466264e-08
5.26026315e-08
-9.06757393e-08
3.89253084e-08
-9.47573603e-08
2.5200714e-08
-9.6997579e-08
1.07487331e-08
-9.76283827e-08
-4.83453886e-09
-9.70732556e-08
-2.18935336e-08
-9.59834638e-08
-4.08281049e-08
-9.53630539e-08
-6.21558434e-08
-9.62623928e-08
-8.68334289e-08
-9.80969053e-08
-1.16557194e-07
-9.51820316e-08
-1.51696401e-07
-7.60033862e-08
-1.81196335e-07
-3.52847465e-08
-1.68226735e-07
-6.71873282e-08
-1.05134876e-08
2.00952241e-07
-2.16891277e-08
1.78489246e-07
-3.17924594e-08
1.44470123e-07
-4.06072213e-08
1.15314884e-07
-4.90842541e-08
9.32972083e-08
-5.6809068e-08
7.50957846e-08
-6.33437924e-08
5.91373561e-08
-6.83688773e-08
4.39503935e-08
-7.18098905e-08
2.86417275e-08
-7.38233885e-08
1.27622313e-08
-7.466254e-08
-3.995387e-09
-7.45771153e-08
-2.1978958e-08
-7.3828947e-08
-4.15762727e-08
-7.29627246e-08
-6.30220653e-08
-7.32592148e-08
-8.65369381e-08
-7.63335245e-08
-1.13482884e-07
-8.03012277e-08
-1.47728697e-07
-7.36043271e-08
-1.87893235e-07
-4.16062919e-08
-2.00224769e-07
-1.08793619e-07
-4.68795024e-09
2.05640191e-07
-1.22716941e-08
1.8607299e-07
-1.9689905e-08
1.51888335e-07
-2.60924044e-08
1.21717384e-07
-3.28245995e-08
1.00029404e-07
-3.89207828e-08
8.11919682e-08
-4.39697942e-08
6.41863676e-08
-4.77764212e-08
4.77570206e-08
-5.04000906e-08
3.1265397e-08
-5.20805688e-08
1.44427097e-08
-5.30981797e-08
-2.9777759e-09
-5.36292264e-08
-2.1447911e-08
-5.37106407e-08
-4.1494858e-08
-5.32878587e-08
-6.34448467e-08
-5.28476021e-08
-8.69771941e-08
-5.43781091e-08
-1.11952376e-07
-5.96455123e-08
-1.42461294e-07
-6.18302277e-08
-1.85708519e-07
-4.17809598e-08
-2.20274035e-07
-1.50574578e-07
1.14145994e-09
2.04498732e-07
-4.76501762e-09
1.91979468e-07
-9.39204158e-09
1.56515359e-07
-1.34624887e-08
1.25787831e-07
-1.83817106e-08
1.04948626e-07
-2.26093566e-08
8.54196142e-08
-2.60685105e-08
6.76455215e-08
-2.86481774e-08
5.03366876e-08
-3.04674586e-08
3.30846782e-08
-3.17511448e-08
1.5726396e-08
-3.27424433e-08
-1.98647738e-09
-3.36154355e-08
-2.05749187e-08
-3.43989944e-08
-4.07112988e-08
-3.48596097e-08
-6.2984231e-08
-3.48261805e-08
-8.70106227e-08
-3.54033065e-08
-1.1137525e-07
-3.90939752e-08
-1.38770624e-07
-4.49185851e-08
-1.79883909e-07
-3.6144282e-08
-2.29048337e-07
-1.86718859e-07
6.0920498e-09
1.98406682e-07
2.1132113e-09
1.95958306e-07
8.16073312e-10
1.57812497e-07
-2.40673879e-09
1.29010643e-07
-5.00773501e-09
1.07549622e-07
-7.38137893e-09
8.77932581e-08
-9.28708853e-09
6.95512311e-08
-1.07224327e-08
5.17720316e-08
-1.17960374e-08
3.41582827e-08
-1.26835476e-08
1.66139061e-08
-1.35592028e-08
-1.11082233e-09
-1.45080295e-08
-1.96260921e-08
-1.55903636e-08
-3.96289646e-08
-1.67118401e-08
-6.18627542e-08
-1.76916447e-08
-8.60308178e-08
-1.88891203e-08
-1.10177774e-07
-2.15478682e-08
-1.36111876e-07
-2.71923005e-08
-1.74239476e-07
-2.68936992e-08
-2.29346937e-07
-2.13612558e-07
1.17287805e-08
1.86677902e-07
1.02675797e-08
1.97419507e-07
9.10932914e-09
1.58970747e-07
8.43632377e-09
1.29683649e-07
7.88605067e-09
1.08099895e-07
7.21436397e-09
8.84649446e-08
6.77117514e-09
6.99944196e-08
6.41786176e-09
5.21253446e-08
6.04829389e-09
3.45278502e-08
5.56207698e-09
1.71001225e-08
4.92480094e-09
-4.73546691e-10
4.10545634e-09
-1.88067478e-08
2.98501663e-09
-3.85085251e-08
1.58334727e-09
-6.04610849e-08
-2.5386673e-10
-8.41936037e-08
-3.38970694e-09
-1.07041934e-07
-6.88817588e-09
-1.32613407e-07
-1.13732895e-08
-1.69754362e-07
-1.61830943e-08
-2.24537132e-07
-2.29795651e-07
1.6877595e-08
1.69800306e-07
1.87381896e-08
1.95558912e-07
1.86162666e-08
1.5909267e-07
1.91555791e-08
1.29144336e-07
2.05029699e-08
1.06752504e-07
2.16392843e-08
8.73286298e-08
2.26366098e-08
6.89970936e-08
2.34289827e-08
5.13329711e-08
2.39055542e-08
3.40512779e-08
2.40444178e-08
1.69612583e-08
2.37911524e-08
-2.20282064e-10
2.31477628e-08
-1.81633588e-08
2.20508351e-08
-3.74115979e-08
2.02317198e-08
-5.86419698e-08
1.69058447e-08
-8.08677288e-08
1.20980173e-08
-1.02234106e-07
6.53411811e-09
-1.27049508e-07
1.20077271e-09
-1.64421016e-07
-3.96415436e-09
-2.19372203e-07
-2.33759806e-07
2.14054422e-08
1.48394864e-07
2.81872756e-08
1.88777079e-07
2.91743368e-08
1.58105608e-07
3.05359297e-08
1.27782743e-07
3.32763106e-08
1.04012122e-07
3.62082742e-08
8.43966655e-08
3.87863258e-08
6.64190413e-08
4.08874486e-08
4.92318474e-08
4.24292843e-08
3.25094413e-08
4.33920015e-08
1.599854e-08
4.37646585e-08
-5.92940054e-10
4.34679795e-08
-1.78666807e-08
4.24355188e-08
-3.63791379e-08
4.00033598e-08
-5.62098113e-08
3.51430922e-08
-7.60074616e-08
2.81821758e-08
-9.52731907e-08
2.0917152e-08
-1.19784485e-07
1.51936331e-08
-1.58697497e-07
6.29497281e-09
-2.10473544e-07
-2.27464832e-07
2.49143642e-08
1.23480499e-07
3.80088601e-08
1.75682582e-07
4.13517177e-08
1.5476275e-07
4.34471794e-08
1.2568728e-07
4.69423839e-08
1.00516917e-07
5.13529983e-08
7.99860501e-08
5.56078269e-08
6.21642117e-08
5.92276926e-08
4.56119806e-08
6.20726245e-08
2.96645083e-08
6.41035202e-08
1.39676431e-08
6.53157098e-08
-1.80513087e-09
6.56302279e-08
-1.81811999e-08
6.45775848e-08
-3.53264958e-08
6.10302996e-08
-5.2662527e-08
5.42529986e-08
-6.92301614e-08
4.55841851e-08
-8.66043777e-08
3.75031208e-08
-1.11703422e-07
2.95567603e-08
-1.50751137e-07
1.58494265e-08
-1.96766209e-07
-2.11615407e-07
2.65723629e-08
9.69081362e-08
4.67668884e-08
1.55488056e-07
5.45825953e-08
1.46947042e-07
5.83774582e-08
1.21892416e-07
6.25817861e-08
9.63125878e-08
6.80393527e-08
7.45284824e-08
7.3840949e-08
5.63626142e-08
7.91461266e-08
4.03068017e-08
8.35760602e-08
2.52345732e-08
8.69823207e-08
1.05613811e-08
8.92298493e-08
-4.05266091e-09
8.99390479e-08
-1.88903999e-08
8.81219223e-08
-3.35093714e-08
8.28469072e-08
-4.73875131e-08
7.46558309e-08
-6.10390861e-08
6.59984779e-08
-7.79470261e-08
5.82612454e-08
-1.0396619e-07
4.7665456e-08
-1.40155348e-07
2.7212289e-08
-1.76313043e-07
-1.84403117e-07
2.60745508e-08
7.08335838e-08
5.2755955e-08
1.28806651e-07
6.68897026e-08
1.32813294e-07
7.46099069e-08
1.14172211e-07
8.07421943e-08
9.01802991e-08
8.73536385e-08
6.79170368e-08
9.44434803e-08
4.92727709e-08
1.01278969e-07
3.34713116e-08
1.07194551e-07
1.93189891e-08
1.11749419e-07
6.00651112e-09
1.14510956e-07
-6.81419943e-09
1.1454378e-07
-1.89232257e-08
1.1127286e-07
-3.02384521e-08
1.05260796e-07
-4.13754505e-08
9.86024374e-08
-5.43807294e-08
9.3106641e-08
-7.24512307e-08
8.65190141e-08
-9.73785644e-08
7.15520227e-08
-1.25188358e-07
4.11735045e-08
-1.45934524e-07
-1.43229614e-07
2.23361566e-08
4.84974268e-08
5.13937136e-08
9.9749093e-08
7.34865549e-08
1.10720451e-07
8.83032564e-08
9.93555081e-08
9.9000504e-08
7.948305e-08
1.08086251e-07
5.88312878e-08
1.16581724e-07
4.0777297e-08
1.24395891e-07
2.56571425e-08
1.31001446e-07
1.27134321e-08
1.35483721e-07
1.52423445e-09
1.3742465e-07
-8.7551305e-09
1.36685189e-07
-1.81837665e-08
1.34493461e-07
-2.80467264e-08
1.32748662e-07
-3.96306527e-08
1.32553927e-07
-5.41859965e-08
1.31847877e-07
-7.17451824e-08
1.24124434e-07
-8.96551224e-08
1.01018557e-07
-1.02082482e-07
5.73247448e-08
-1.02240714e-07
-8.5904869e-08
2.96694083e-08
1.88280164e-08
5.22769394e-08
7.71415603e-08
7.48925838e-08
8.81048053e-08
9.51837147e-08
7.90643755e-08
1.11792937e-07
6.28738257e-08
1.24964474e-07
4.56597488e-08
1.3565695e-07
3.00848198e-08
1.44292506e-07
1.70215841e-08
1.50867327e-07
6.13860913e-09
1.55852853e-07
-3.46129408e-09
1.59679074e-07
-1.25813532e-08
1.64062867e-07
-2.25675618e-08
1.69870354e-07
-3.38542147e-08
1.76623654e-07
-4.6383955e-08
1.81547544e-07
-5.91098874e-08
1.79421247e-07
-6.96188871e-08
1.63674872e-07
-7.39087491e-08
1.28594188e-07
-6.70017994e-08
7.1266591e-08
-4.49131172e-08
-1.46382795e-08
3.55388659e-08
-1.67108511e-08
5.93519572e-08
5.33284672e-08
7.87838667e-08
6.86728939e-08
1.00778632e-07
5.70696088e-08
1.21893998e-07
4.17584571e-08
1.39669388e-07
2.78843571e-08
1.54483879e-07
1.5270326e-08
1.67405237e-07
4.10022468e-09
1.79797269e-07
-6.25342588e-09
1.9229451e-07
-1.59585366e-08
2.04833588e-07
-2.51204336e-08
2.16268769e-07
-3.40027442e-08
2.24893217e-07
-4.24786651e-08
2.28426845e-07
-4.99175849e-08
2.24156386e-07
-5.48394302e-08
2.09153022e-07
-5.46155248e-08
1.80787928e-07
-4.55436561e-08
1.36661893e-07
-2.28757658e-08
7.39548468e-08
1.77939258e-08
5.93165661e-08
1.56120543e-09
-1.82720592e-08
3.67076202e-08
1.818205e-08
7.62750845e-08
2.91054273e-08
1.13838887e-07
1.95058042e-08
1.46943103e-07
8.65423806e-09
1.7540777e-07
-5.80311784e-10
2.0031054e-07
-9.6324469e-09
2.212565e-07
-1.68457376e-08
2.37698938e-07
-2.26958654e-08
2.49015354e-07
-2.7274955e-08
2.54662391e-07
-3.07674727e-08
2.53954344e-07
-3.32946994e-08
2.46224072e-07
-3.47483955e-08
2.3105313e-07
-3.47466444e-08
2.08662868e-07
-3.24491704e-08
1.80196401e-07
-2.61490599e-08
1.47267836e-07
-1.26150937e-08
1.07999834e-07
1.63922343e-08
5.65581446e-08
6.92356123e-08
1.15874709e-07
-3.50730092e-08
1.68009472e-08
2.71360616e-09
-1.96045683e-08
6.23603185e-08
-3.05412879e-08
1.1132538e-07
-2.94592597e-08
1.49165488e-07
-2.91858734e-08
1.78560574e-07
-2.99754002e-08
1.99449202e-07
-3.0521078e-08
2.12738484e-07
-3.01350219e-08
2.19049374e-07
-2.90067574e-08
2.1892776e-07
-2.71533435e-08
2.12648245e-07
-2.44879603e-08
2.0029633e-07
-2.09427872e-08
1.8191503e-07
-1.63670977e-08
1.57931825e-07
-1.07634423e-08
1.2963796e-07
-4.15530856e-09
1.00069348e-07
3.41954927e-09
7.48069371e-08
1.26473153e-08
5.64298681e-08
3.47693002e-08
3.21498082e-08
9.35156691e-08
1.48024515e-07
-5.65046481e-09
2.24514092e-08
2.27178148e-08
-4.7972851e-08
6.012641e-08
-6.79498861e-08
9.3914484e-08
-6.32473367e-08
1.21486106e-07
-5.67574982e-08
1.4269966e-07
-5.11889575e-08
1.57698457e-07
-4.55198779e-08
1.67091405e-07
-3.95279723e-08
1.71319313e-07
-3.32346684e-08
1.70644388e-07
-2.64784219e-08
1.65209241e-07
-1.90528159e-08
1.55111295e-07
-1.0844844e-08
1.40330842e-07
-1.58664827e-09
1.21860502e-07
7.70689535e-09
1.00046219e-07
1.76589707e-08
7.56675895e-08
2.77981762e-08
5.16220955e-08
3.66928059e-08
3.4348858e-08
5.20425348e-08
1.85630777e-08
1.09301445e-07
1.66587591e-07
2.74591364e-08
-5.00773123e-09
4.94083019e-08
-6.99220198e-08
6.82211493e-08
-8.67627367e-08
9.06092531e-08
-8.56354436e-08
1.12502575e-07
-7.86508233e-08
1.3042264e-07
-6.91090252e-08
1.43683094e-07
-5.87803356e-08
1.52563113e-07
-4.84079943e-08
1.57232974e-07
-3.79045323e-08
1.57665602e-07
-2.6911053e-08
1.53696535e-07
-1.50837524e-08
1.45291736e-07
-2.44004794e-09
1.32059106e-07
1.16459778e-08
1.14028689e-07
2.57373092e-08
9.23996623e-08
3.92879941e-08
6.86588755e-08
5.15389596e-08
4.44611759e-08
6.08905025e-08
2.52355698e-08
7.12681367e-08
1.21408154e-08
1.22396197e-07
1.78728404e-07
3.26300261e-08
-3.76377598e-08
4.96032954e-08
-8.68952922e-08
6.84898116e-08
-1.05649256e-07
8.93609777e-08
-1.06506613e-07
1.07499978e-07
-9.6789827e-08
1.21376853e-07
-8.2985903e-08
1.31457986e-07
-6.88614724e-08
1.38228539e-07
-5.51785503e-08
1.41846436e-07
-4.15224332e-08
1.42353045e-07
-2.74176655e-08
1.39695111e-07
-1.24258212e-08
1.33288462e-07
3.96659719e-09
1.22719442e-07
2.2214994e-08
1.07282699e-07
4.11740489e-08
8.75607737e-08
5.90099159e-08
6.52015876e-08
7.38981422e-08
4.18376843e-08
8.4254402e-08
2.14897597e-08
9.16160584e-08
8.7473806e-09
1.35138569e-07
1.87475783e-07
1.77478352e-08
-5.53856e-08
4.3380359e-08
-1.1252782e-07
6.73369281e-08
-1.29605829e-07
8.45270159e-08
-1.23696704e-07
9.64978594e-08
-1.08760674e-07
1.0532534e-07
-9.18133873e-08
1.11838157e-07
-7.53742926e-08
1.16058816e-07
-5.93992126e-08
1.17982139e-07
-4.34457601e-08
1.17789845e-07
-2.72253753e-08
1.15678467e-07
-1.03144475e-08
1.11600905e-07
8.04415566e-09
1.05012504e-07
2.88033917e-08
9.44718699e-08
5.17146788e-08
7.91655397e-08
7.43162422e-08
6.00633973e-08
9.30002807e-08
3.90717274e-08
1.05246069e-07
1.94764312e-08
1.1121135e-07
6.71955167e-09
1.47895447e-07
1.94195331e-07
2.22990888e-08
-7.76846907e-08
4.82286617e-08
-1.38457396e-07
6.37596403e-08
-1.45136811e-07
7.34064531e-08
-1.33343521e-07
8.03268104e-08
-1.15681035e-07
8.60211665e-08
-9.75077472e-08
9.02857058e-08
-7.96388358e-08
9.26489766e-08
-6.17624873e-08
9.31202648e-08
-4.39170523e-08
9.20403157e-08
-2.61454302e-08
8.98502671e-08
-8.12440313e-09
8.68917937e-08
1.1002625e-08
8.29861449e-08
3.27090364e-08
7.67633707e-08
5.79374489e-08
6.64550019e-08
8.46246068e-08
5.18409008e-08
1.07614378e-07
3.44905146e-08
1.22596451e-07
1.73339419e-08
1.2836792e-07
5.14697515e-09
1.60082405e-07
1.99342305e-07
2.31569644e-08
-1.00841661e-07
4.4019233e-08
-1.59319668e-07
5.38650771e-08
-1.54982658e-07
5.93094646e-08
-1.38787912e-07
6.39565504e-08
-1.20328125e-07
6.8244468e-08
-1.01795669e-07
7.11301785e-08
-8.25245503e-08
7.22218682e-08
-6.28541812e-08
7.17816827e-08
-4.3476871e-08
7.01695942e-08
-2.4533346e-08
6.77175461e-08
-5.67235945e-09
6.48409801e-08
1.38791866e-08
6.18244992e-08
3.57255129e-08
5.79583398e-08
6.18036038e-08
5.14207306e-08
9.11622117e-08
4.11228674e-08
1.17912237e-07
2.78468114e-08
1.35872503e-07
1.41628537e-08
1.42051871e-07
3.38833843e-09
1.70856919e-07
2.02730638e-07
2.25056144e-08
-1.23347277e-07
3.71435644e-08
-1.73957621e-07
4.23639974e-08
-1.60203095e-07
4.5706188e-08
-1.42130106e-07
4.94487481e-08
-1.24070689e-07
5.26885997e-08
-1.05035524e-07
5.43090672e-08
-8.4145022e-08
5.44338454e-08
-6.29789638e-08
5.3524549e-08
-4.2567579e-08
5.18059806e-08
-2.28147822e-08
4.93282651e-08
-3.1946485e-09
4.63201654e-08
1.68872817e-08
4.33059583e-08
3.87397154e-08
4.02645973e-08
6.48449602e-08
3.5930642e-08
9.54961624e-08
2.90411342e-08
1.2480174e-07
1.95550678e-08
1.45358565e-07
9.64607702e-09
1.5196086e-07
8.15987602e-10
1.79686999e-07
2.03546626e-07
1.9863001e-08
-1.43210284e-07
2.86167989e-08
-1.82711423e-07
3.10488336e-08
-1.62635134e-07
3.34351361e-08
-1.44516413e-07
3.64729578e-08
-1.27108515e-07
3.83849225e-08
-1.06947493e-07
3.87292381e-08
-8.4489342e-08
3.80587322e-08
-6.23084623e-08
3.68302468e-08
-4.13390983e-08
3.51058192e-08
-2.10903592e-08
3.27973091e-08
-8.86143277e-10
2.98896605e-08
1.97949256e-08
2.68518762e-08
4.1777495e-08
2.39976053e-08
6.76992264e-08
2.07674791e-08
9.87262837e-08
1.64235998e-08
1.29145615e-07
1.03194561e-08
1.51462705e-07
3.10359109e-09
1.59176718e-07
-3.83056637e-09
1.86621156e-07
1.99716053e-07
1.61498763e-08
-1.59360161e-07
1.99755981e-08
-1.86537148e-07
2.08832544e-08
-1.63542794e-07
2.24233182e-08
-1.46056481e-07
2.4313993e-08
-1.28999194e-07
2.46555304e-08
-1.07289035e-07
2.38630492e-08
-8.36968653e-08
2.24925015e-08
-6.09379192e-08
2.09060459e-08
-3.97526474e-08
1.90893461e-08
-1.92736643e-08
1.68784264e-08
1.32477151e-09
1.42631088e-08
2.24102384e-08
1.14116316e-08
4.46289674e-08
8.61296471e-09
7.04978884e-08
6.0587489e-09
1.01280495e-07
3.50680877e-09
1.31697551e-07
1.18355534e-09
1.53785955e-07
-3.91478248e-09
1.64275054e-07
-9.85128762e-09
1.92557649e-07
1.89864765e-07
1.1872374e-08
-1.71232541e-07
1.19669477e-08
-1.86631726e-07
1.17356145e-08
-1.63311465e-07
1.21965609e-08
-1.46517431e-07
1.23359407e-08
-1.29138578e-07
1.12943227e-08
-1.06247422e-07
9.54931345e-09
-8.19518605e-08
7.52723361e-09
-5.8915844e-08
5.51128176e-09
-3.77367003e-08
3.46513784e-09
-1.72275251e-08
1.29640029e-09
3.49350421e-09
-1.09684351e-09
2.48034775e-08
-3.85197722e-09
4.73840964e-08
-6.66289964e-09
7.3308806e-08
-8.83838102e-09
1.03455971e-07
-1.00018436e-08
1.32861009e-07
-9.971446e-09
1.53755553e-07
-1.26022465e-08
1.66905847e-07
-1.62846573e-08
1.96240061e-07
1.735801e-07
7.36710144e-09
-1.78599643e-07
4.75366228e-09
-1.8401829e-07
3.6556064e-09
-1.62213413e-07
1.58947012e-09
-1.44451299e-07
4.66139637e-10
-1.28015252e-07
-1.88281312e-09
-1.03898473e-07
-4.37237065e-09
-7.94623074e-08
-7.01489604e-09
-5.6273323e-08
-9.52793674e-09
-3.52236641e-08
-1.18904692e-08
-1.48649972e-08
-1.42131093e-08
5.81613995e-09
-1.66476299e-08
2.72379938e-08
-1.94345481e-08
5.01710103e-08
-2.22754416e-08
7.6149695e-08
-2.3945852e-08
1.05126377e-07
-2.34863263e-08
1.32401479e-07
-2.17332422e-08
1.52002465e-07
-2.42408107e-08
1.69413415e-07
-2.33271437e-08
1.9532638e-07
1.50252958e-07
3.31630513e-09
-1.81915955e-07
-1.86799265e-09
-1.78833997e-07
-4.49741753e-09
-1.59583992e-07
-7.73089492e-09
-1.41217826e-07
-1.1444555e-08
-1.24301596e-07
-1.46982474e-08
-1.00644785e-07
-1.81636684e-08
-7.59968906e-08
-2.14931537e-08
-5.2943842e-08
-2.46464464e-08
-3.20703756e-08
-2.75394478e-08
-1.1972e-08
-3.02321493e-08
8.50883745e-09
-3.29412523e-08
2.99470928e-08
-3.58349654e-08
5.30647193e-08
-3.83491609e-08
7.86638864e-08
-3.9063504e-08
1.05840716e-07
-3.73484639e-08
1.30686436e-07
-3.57962308e-08
1.50450229e-07
-3.80463563e-08
1.71663532e-07
-3.00378276e-08
1.87317854e-07
1.20215121e-07
-4.29250622e-10
-1.81486705e-07
-6.66212179e-09
-1.72601129e-07
-1.27577656e-08
-1.53488352e-07
-1.76976129e-08
-1.36277983e-07
-2.32410994e-08
-1.18758113e-07
-2.79846878e-08
-9.59012004e-08
-3.2280932e-08
-7.17006502e-08
-3.63410187e-08
-4.88837592e-08
-4.02253988e-08
-2.81859994e-08
-4.37998035e-08
-8.39759902e-09
-4.70374766e-08
1.1746507e-08
-5.00654447e-08
3.29750574e-08
-5.28205845e-08
5.58198554e-08
-5.45721081e-08
8.04154062e-08
-5.42896865e-08
1.05558291e-07
-5.25008985e-08
1.28897644e-07
-5.2329943e-08
1.50279271e-07
-5.19762036e-08
1.71309793e-07
-3.47149781e-08
1.70056612e-07
8.55001444e-08
-3.84109476e-09
-1.77645617e-07
-1.17739849e-08
-1.64668243e-07
-2.04519724e-08
-1.44810369e-07
-2.81096189e-08
-1.2862034e-07
-3.56073008e-08
-1.11260435e-07
-4.19545681e-08
-8.95539368e-08
-4.72803601e-08
-6.63748618e-08
-5.20725767e-08
-4.40915462e-08
-5.66166962e-08
-2.36418833e-08
-6.08244647e-08
-4.18983382e-09
-6.45412879e-08
1.54633271e-08
-6.76721325e-08
3.61058989e-08
-6.9966475e-08
5.81141946e-08
-7.09327451e-08
8.1381673e-08
-7.04901258e-08
1.05115668e-07
-6.99337869e-08
1.28341302e-07
-6.99785181e-08
1.50323999e-07
-6.2996052e-08
1.64327317e-07
-3.53545549e-08
1.4241512e-07
5.01455797e-08
-6.96295885e-09
-1.70682658e-07
-1.71348804e-08
-1.54496324e-07
-2.82263554e-08
-1.33718897e-07
-3.87330854e-08
-1.18113613e-07
-4.86089432e-08
-1.0138458e-07
-5.69525516e-08
-8.12103317e-08
-6.37046518e-08
-5.9622765e-08
-6.93907552e-08
-3.8405446e-08
-7.44980008e-08
-1.85346407e-08
-7.91032824e-08
4.15444946e-10
-8.29910902e-08
1.93511323e-08
-8.59565944e-08
3.90714004e-08
-8.78424693e-08
6.00000667e-08
-8.86870083e-08
8.2226209e-08
-8.89491819e-08
1.05377839e-07
-8.88011134e-08
1.2819323e-07
-8.48748688e-08
1.46397751e-07
-6.74947104e-08
1.46947161e-07
-3.122948e-08
1.06149872e-07
1.89161026e-08
-9.69849634e-09
-1.60984169e-07
-2.24615496e-08
-1.41733275e-07
-3.61252449e-08
-1.20055205e-07
-4.95368427e-08
-1.04702019e-07
-6.21559488e-08
-8.87654775e-08
-7.30252007e-08
-7.03410829e-08
-8.18312052e-08
-5.08167634e-08
-8.89117619e-08
-3.1324892e-08
-9.47957959e-08
-1.26506091e-08
-9.9706324e-08
5.32597086e-09
-1.03609872e-07
2.32546783e-08
-1.06409885e-07
4.18714111e-08
-1.08156443e-07
6.17466222e-08
-1.08982808e-07
8.30525719e-08
-1.08590036e-07
1.04985063e-07
-1.04805183e-07
1.24408376e-07
-9.18441239e-08
1.33436688e-07
-6.26856403e-08
1.17788667e-07
-2.14805054e-08
6.49447434e-08
-2.56441184e-09
-1.23712135e-08
-1.48612954e-07
-2.77562183e-08
-1.26348273e-07
-4.41182266e-08
-1.036932e-07
-6.04534868e-08
-8.83667614e-08
-7.59996335e-08
-7.32193337e-08
-8.97815335e-08
-5.65591856e-08
-1.0125237e-07
-3.93459291e-08
-1.1043094e-07
-2.21463244e-08
-1.17692096e-07
-5.38945518e-09
-1.23275107e-07
1.09089805e-08
-1.27303328e-07
2.72828977e-08
-1.2978591e-07
4.43539907e-08
-1.30602701e-07
6.25634119e-08
-1.29223048e-07
8.1672916e-08
-1.24031073e-07
9.97930867e-08
-1.11570507e-07
1.11947805e-07
-8.71389973e-08
1.09005176e-07
-4.95674525e-08
8.02171249e-08
-1.08450429e-08
2.62223168e-08
-1.34094505e-08
-1.51344782e-08
-1.33478483e-07
-3.3118752e-08
-1.08364003e-07
-5.22330781e-08
-8.45788769e-08
-7.14717393e-08
-6.9128103e-08
-8.99146433e-08
-5.4776432e-08
-1.0663925e-07
-3.98345809e-08
-1.20985284e-07
-2.4999897e-08
-1.32663969e-07
-1.04676419e-08
-1.41707734e-07
3.65430921e-09
-1.48127176e-07
1.73284213e-08
-1.51919953e-07
3.10756732e-08
-1.52782721e-07
4.52167566e-08
-1.50040253e-07
5.98209422e-08
-1.42441055e-07
7.40737164e-08
-1.27988989e-07
8.53410176e-08
-1.04298971e-07
8.82577848e-08
-7.06005025e-08
7.53067046e-08
-3.26358322e-08
4.22524451e-08
-5.39900566e-09
-1.01450026e-09
-1.88084641e-08
-1.80947152e-08
-1.15383766e-07
-3.87037529e-08
-8.77549665e-08
-6.06202565e-08
-6.26623754e-08
-8.28001606e-08
-4.69482009e-08
-1.04048524e-07
-3.35280706e-08
-1.23433247e-07
-2.04498595e-08
-1.40233809e-07
-8.19933649e-09
-1.54003955e-07
3.30250356e-09
-1.64155763e-07
1.38061162e-08
-1.70450267e-07
2.36229239e-08
-1.7227838e-07
3.29037852e-08
-1.68814106e-07
4.1752481e-08
-1.58951274e-07
4.99581089e-08
-1.41480282e-07
5.66027221e-08
-1.1561669e-07
5.94774232e-08
-8.21527997e-08
5.47938919e-08
-4.55731e-08
3.8727003e-08
-1.57671933e-08
1.24465428e-08
-3.30337267e-09
-1.34783368e-08
-2.21118315e-08
-2.13760471e-08
-9.40077258e-08
-4.47101442e-08
-6.44208726e-08
-6.94468983e-08
-3.79256232e-08
-9.46624563e-08
-2.17326443e-08
-1.18780734e-07
-9.40979354e-09
-1.40656637e-07
1.42604215e-09
-1.59060736e-07
1.02047619e-08
-1.73221298e-07
1.74630648e-08
-1.8244058e-07
2.30253981e-08
-1.85842776e-07
2.7025119e-08
-1.82471759e-07
2.95327669e-08
-1.71285776e-07
3.05664971e-08
-1.51396604e-07
3.00689352e-08
-1.22608399e-07
2.78145153e-08
-8.63565574e-08
2.32255802e-08
-4.68410471e-08
1.52783802e-08
-1.27447819e-08
4.63073589e-09
6.00672038e-09
-6.30496796e-09
7.06816828e-09
-1.45397731e-08
-1.50436708e-08
-2.53028008e-08
-6.87049218e-08
-5.16903148e-08
-3.80333587e-08
-7.89437655e-08
-1.06721732e-08
-1.06441007e-07
5.76459701e-09
-1.32400093e-07
1.65492916e-08
-1.54838001e-07
2.38639506e-08
-1.72584045e-07
2.79508052e-08
-1.84355171e-07
2.92341906e-08
-1.89319445e-07
2.79896712e-08
-1.86710982e-07
2.44166545e-08
-1.75862808e-07
1.86845925e-08
-1.56287741e-07
1.09914288e-08
-1.28006623e-07
1.78781625e-09
-9.19531435e-08
-8.23896597e-09
-5.08925709e-08
-1.78349938e-08
-1.14700245e-08
-2.41441676e-08
1.74508823e-08
-2.4290171e-08
2.61502255e-08
-1.50043048e-08
1.70723214e-08
-5.46188388e-09
2.02865635e-09
-3.07784479e-08
-3.79264804e-08
-6.12092504e-08
-7.602558e-09
-9.1015521e-08
1.91340972e-08
-1.19706585e-07
3.44556616e-08
-1.45273829e-07
4.21165357e-08
-1.65667003e-07
4.42571241e-08
-1.79810174e-07
4.20939761e-08
-1.87230934e-07
3.66549506e-08
-1.87959292e-07
2.87180285e-08
-1.82302552e-07
1.87599139e-08
-1.70562435e-07
6.94447394e-09
-1.53057361e-07
-6.51364624e-09
-1.29634718e-07
-2.16348286e-08
-1.00119068e-07
-3.77546168e-08
-6.58309475e-08
-5.21231146e-08
-3.07268943e-08
-5.92482201e-08
-2.38182507e-09
-5.26352402e-08
1.36503054e-08
-3.10364423e-08
1.15912155e-08
-3.40278075e-09
1.36198648e-08
-3.89059574e-08
9.79482153e-10
-7.38520444e-08
2.73435305e-08
-1.05242052e-07
5.05241055e-08
-1.32684119e-07
6.18977297e-08
-1.54828808e-07
6.42612248e-08
-1.70749101e-07
6.01774178e-08
-1.80541382e-07
5.18862569e-08
-1.85016847e-07
4.11304152e-08
-1.85223078e-07
2.89242589e-08
-1.82026398e-07
1.55632338e-08
-1.75225914e-07
1.43988343e-10
-1.65114868e-07
-1.66246923e-08
-1.5031796e-07
-3.64317379e-08
-1.29922299e-07
-5.81502775e-08
-1.03321403e-07
-7.87240102e-08
-7.11005787e-08
-9.14690443e-08
-3.69954282e-08
-8.67403889e-08
-1.00056878e-08
-5.80261746e-08
7.43042194e-10
-1.41515251e-08
1.43629142e-08
-4.21777363e-08
4.31572142e-08
-8.00674355e-08
6.52332297e-08
-1.10906717e-07
8.13633882e-08
-1.34591652e-07
8.55826651e-08
-1.51033319e-07
8.07028921e-08
-1.61009454e-07
7.01535539e-08
-1.66139382e-07
5.7016185e-08
-1.68188048e-07
4.31790812e-08
-1.68410449e-07
2.91466599e-08
-1.67221871e-07
1.43746554e-08
-1.64794536e-07
-2.28334716e-09
-1.60171751e-07
-2.12474782e-08
-1.53029176e-07
-4.35743126e-08
-1.42175765e-07
-6.90036891e-08
-1.25570277e-07
-9.53294974e-08
-1.00666706e-07
-1.16372613e-07
-6.6756482e-08
-1.20650612e-07
-2.9990389e-08
-9.47922737e-08
-5.39070231e-09
-3.87511962e-08
8.97220584e-09
-4.14214351e-08
8.45786556e-08
-7.76460075e-08
1.01457805e-07
-1.04806946e-07
1.08524329e-07
-1.22931537e-07
1.03707256e-07
-1.33378875e-07
9.11502312e-08
-1.38611437e-07
7.5386116e-08
-1.41209948e-07
5.96146971e-08
-1.42813221e-07
4.4782354e-08
-1.43865881e-07
3.01993204e-08
-1.44158455e-07
1.46672289e-08
-1.43680952e-07
-2.76085005e-09
-1.42283829e-07
-2.26446012e-08
-1.40206342e-07
-4.56518e-08
-1.36982413e-07
-7.22276177e-08
-1.30529546e-07
-1.01782363e-07
-1.16471572e-07
-1.30430587e-07
-8.95709303e-08
-1.47551252e-07
-4.96799566e-08
-1.34683238e-07
-1.11994554e-08
-7.72317093e-08
-2.22724083e-09
-3.70910456e-08
1.21669699e-07
-6.84908127e-08
1.32857573e-07
-9.0132821e-08
1.30166338e-07
-1.02749344e-07
1.16323781e-07
-1.09112288e-07
9.75131753e-08
-1.12562428e-07
7.88362568e-08
-1.15303219e-07
6.23554891e-08
-1.17791508e-07
4.72706439e-08
-1.19537286e-07
3.19450987e-08
-1.20161303e-07
1.52912455e-08
-1.19838435e-07
-3.08371755e-09
-1.19082749e-07
-2.34002865e-08
-1.18681377e-07
-4.60531722e-08
-1.19164913e-07
-7.17440806e-08
-1.19739166e-07
-1.01208109e-07
-1.16456653e-07
-1.33713098e-07
-1.01359465e-07
-1.62648439e-07
-6.71646616e-08
-1.68878047e-07
-2.11879507e-08
-1.23208404e-07
-2.34151956e-08
-3.0681315e-08
1.5235102e-07
-5.58958064e-08
1.58072067e-07
-7.19571079e-08
1.46227641e-07
-8.05008949e-08
1.24867569e-07
-8.51392866e-08
1.02151568e-07
-8.88525201e-08
8.25494912e-08
-9.2536227e-08
6.60391968e-08
-9.55971755e-08
5.03315931e-08
-9.73772227e-08
3.37251465e-08
-9.78229155e-08
1.57369388e-08
-9.73196047e-08
-3.58702768e-09
-9.64196127e-08
-2.43002777e-08
-9.58342486e-08
-4.66385354e-08
-9.65437529e-08
-7.10345754e-08
-9.93609824e-08
-9.83908789e-08
-1.0286692e-07
-1.30207161e-07
-9.98036636e-08
-1.65711694e-07
-7.77153569e-08
-1.90966344e-07
-3.37923867e-08
-1.67131382e-07
-5.72075735e-08
-2.36612903e-08
1.76012309e-07
-4.26265209e-08
1.77037298e-07
-5.4051745e-08
1.57652867e-07
-6.00703358e-08
1.30886161e-07
-6.42904954e-08
1.06371729e-07
-6.85197311e-08
8.6778728e-08
-7.24717389e-08
6.99912055e-08
-7.52919641e-08
5.31518192e-08
-7.67171633e-08
3.51503465e-08
-7.70747936e-08
1.60945702e-08
-7.68040253e-08
-3.85779511e-09
-7.62231427e-08
-2.48811592e-08
-7.55674927e-08
-4.72941842e-08
-7.53809329e-08
-7.12211339e-08
-7.69848821e-08
-9.67869287e-08
-8.17608569e-08
-1.25431185e-07
-8.66127911e-08
-1.60859759e-07
-7.79351592e-08
-1.99643981e-07
-4.19082034e-08
-2.03158323e-07
-9.91157791e-08
-1.68244911e-08
1.92836806e-07
-3.01602458e-08
1.90373056e-07
-3.81208832e-08
1.65613506e-07
-4.25247131e-08
1.35289992e-07
-4.64841319e-08
1.10331149e-07
-5.05537573e-08
9.08483546e-08
-5.39155387e-08
7.33529882e-08
-5.59901782e-08
5.52264599e-08
-5.69395894e-08
3.6099759e-08
-5.72562886e-08
1.64112704e-08
-5.73526728e-08
-3.76140962e-09
-5.74064645e-08
-2.4827366e-08
-5.7359118e-08
-4.73415292e-08
-5.70819262e-08
-7.14983241e-08
-5.71456711e-08
-9.67231822e-08
-5.97917381e-08
-1.22785117e-07
-6.66658115e-08
-1.53985685e-07
-6.85132659e-08
-1.97796518e-07
-4.41066178e-08
-2.27564977e-07
-1.43222389e-07
-1.03927227e-08
2.03229527e-07
-1.8961426e-08
1.9894176e-07
-2.44433377e-08
1.71095419e-07
-2.74212983e-08
1.38267954e-07
-3.07838919e-08
1.13693744e-07
-3.39926759e-08
9.40571401e-08
-3.63011476e-08
7.56614613e-08
-3.75237769e-08
5.64490905e-08
-3.80250162e-08
3.66009995e-08
-3.8243735e-08
1.66299909e-08
-3.85053392e-08
-3.49980394e-09
-3.89946112e-08
-2.43380924e-08
-3.96208307e-08
-4.67153079e-08
-4.00042985e-08
-7.11148545e-08
-3.99041267e-08
-9.68233523e-08
-4.06366097e-08
-1.22052632e-07
-4.56598908e-08
-1.48962402e-07
-5.29341074e-08
-1.90522305e-07
-4.06605787e-08
-2.39838492e-07
-1.8388297e-07
-3.62302961e-09
2.06852561e-07
-9.17953858e-09
2.04498271e-07
-1.24591623e-08
1.74375044e-07
-1.39223232e-08
1.39731117e-07
-1.64052132e-08
1.16176635e-07
-1.82902671e-08
9.59421955e-08
-1.94285873e-08
7.67997829e-08
-1.98477578e-08
5.68682626e-08
-1.99430639e-08
3.66963072e-08
-2.00263676e-08
1.67132959e-08
-2.03270096e-08
-3.1991601e-09
-2.09717872e-08
-2.3693313e-08
-2.19205046e-08
-4.57665886e-08
-2.29229826e-08
-7.01123745e-08
-2.35748346e-08
-9.61714983e-08
-2.42904142e-08
-1.21337052e-07
-2.72509852e-08
-1.4600183e-07
-3.52720662e-08
-1.82501216e-07
-3.30586568e-08
-2.42051906e-07
-2.1694162e-07
3.06306261e-09
2.03789497e-07
-8.33442457e-10
2.08394777e-07
-4.20177806e-10
1.73961781e-07
-1.80873285e-09
1.41119673e-07
-2.67797501e-09
1.17045879e-07
-3.21079398e-09
9.64750161e-08
-3.13082599e-09
7.67198166e-08
-2.7971952e-09
5.65346334e-08
-2.4880851e-09
3.63871988e-08
-2.39091109e-09
1.66161239e-08
-2.64798411e-09
-2.94208513e-09
-3.27274777e-09
-2.30685473e-08
-4.26494561e-09
-4.47743885e-08
-5.59079966e-09
-6.87865182e-08
-7.14593817e-09
-9.46163578e-08
-9.28858281e-09
-1.19194405e-07
-1.22694133e-08
-1.43020998e-07
-1.8678496e-08
-1.76092137e-07
-2.32927986e-08
-2.37437592e-07
-2.40234421e-07
1.0181789e-08
1.93607712e-07
9.2853589e-09
2.0929121e-07
9.64783275e-09
1.73599309e-07
1.0077139e-08
1.40690369e-07
1.07380137e-08
1.16385006e-07
1.1698947e-08
9.55140847e-08
1.29353515e-08
7.5483414e-08
1.40404853e-08
5.54295014e-08
1.48100711e-08
3.5617615e-08
1.51707206e-08
1.62554763e-08
1.51418861e-08
-2.91324839e-09
1.47112879e-08
-2.26379469e-08
1.37742665e-08
-4.38373649e-08
1.21853503e-08
-6.71975998e-08
9.53186955e-09
-9.19628748e-08
5.45766806e-09
-1.15120202e-07
7.61376898e-10
-1.38324706e-07
-5.31734601e-09
-1.70013407e-07
-1.25880898e-08
-2.30166853e-07
-2.52822506e-07
1.72809556e-08
1.76326755e-07
1.96837309e-08
2.06888435e-07
2.09242398e-08
1.72358802e-07
2.20418917e-08
1.39572719e-07
2.41990484e-08
1.14227851e-07
2.66534545e-08
9.30596803e-08
2.90972862e-08
7.30395841e-08
3.11431031e-08
5.33836863e-08
3.26222769e-08
3.41384431e-08
3.35444046e-08
1.53333508e-08
3.39484055e-08
-3.31724724e-09
3.3782696e-08
-2.24722352e-08
3.2883834e-08
-4.29385007e-08
3.08165618e-08
-6.51303255e-08
2.66921144e-08
-8.78384255e-08
2.03741045e-08
-1.0880219e-07
1.27761944e-08
-1.30726794e-07
6.53692673e-09
-1.63774142e-07
-3.80912394e-10
-2.23249004e-07
-2.5320342e-07
2.33043611e-08
1.53022398e-07
3.12257953e-08
1.98967003e-07
3.33203303e-08
1.70264268e-07
3.50080972e-08
1.37884954e-07
3.81090515e-08
1.11126899e-07
4.19961845e-08
8.91725492e-08
4.57859724e-08
6.9249798e-08
4.90027316e-08
5.01669289e-08
5.1485444e-08
3.16557326e-08
5.32356275e-08
1.35831693e-08
5.42529706e-08
-4.33458821e-09
5.44530942e-08
-2.26723567e-08
5.35289565e-08
-4.2014361e-08
5.06103572e-08
-6.22117242e-08
4.46124995e-08
-8.18405659e-08
3.58523817e-08
-1.00042071e-07
2.65058142e-08
-1.21380225e-07
1.91769326e-08
-1.56445255e-07
8.83904423e-09
-2.12911121e-07
-2.44364372e-07
2.75929488e-08
1.25429447e-07
4.28249382e-08
1.83735014e-07
4.73206166e-08
1.65768591e-07
4.96144629e-08
1.35591109e-07
5.31537845e-08
1.07587579e-07
5.81134885e-08
8.4212847e-08
6.33007683e-08
6.40625199e-08
6.79103634e-08
4.55573355e-08
7.16581635e-08
2.79079343e-08
7.44733815e-08
1.07679533e-08
7.63039425e-08
-6.16514719e-09
7.69567951e-08
-2.33252074e-08
7.57148364e-08
-4.07724006e-08
7.13579667e-08
-5.78548527e-08
6.32590993e-08
-7.37416968e-08
5.28615114e-08
-8.9644481e-08
4.29306993e-08
-1.11449411e-07
3.36890965e-08
-1.47203655e-07
1.85133804e-08
-1.97735397e-07
-2.25850994e-07
2.91103666e-08
9.63190837e-08
5.23989542e-08
1.60446428e-07
6.18065781e-08
1.56360969e-07
6.59328803e-08
1.31464808e-07
7.0138658e-08
1.03381803e-07
7.58389861e-08
7.85125205e-08
8.22234069e-08
5.76781008e-08
8.82842365e-08
3.94965076e-08
9.3468126e-08
2.27240465e-08
9.75149844e-08
6.7210968e-09
1.00195583e-07
-8.84574364e-09
1.00895702e-07
-2.40253252e-08
9.85649953e-08
-3.8441692e-08
9.24675275e-08
-5.17573832e-08
8.33573963e-08
-6.46315639e-08
7.35772021e-08
-7.98642851e-08
6.45225519e-08
-1.0239476e-07
5.28211485e-08
-1.35502246e-07
3.05290336e-08
-1.75443287e-07
-1.95321957e-07
2.72908023e-08
6.90282796e-08
5.72973823e-08
1.30439848e-07
7.35977218e-08
1.4006063e-07
8.22286278e-08
1.22833904e-07
8.8757273e-08
9.6853159e-08
9.56108724e-08
7.16589226e-08
1.03015975e-07
5.02729997e-08
1.10279035e-07
3.22334489e-08
1.16659306e-07
1.63437776e-08
1.21568907e-07
1.8114976e-09
1.24352737e-07
-1.16295729e-08
1.24153454e-07
-2.38260404e-08
1.20698743e-07
-3.49869787e-08
1.14887379e-07
-4.59460181e-08
1.08569637e-07
-5.83138205e-08
1.02822103e-07
-7.4116749e-08
9.51999787e-08
-9.47726337e-08
7.87364569e-08
-1.19038727e-07
4.56118781e-08
-1.42318701e-07
-1.49710081e-07
2.28443213e-08
4.61839618e-08
5.561314e-08
9.7671031e-08
7.87293896e-08
1.16944382e-07
9.48329285e-08
1.06730366e-07
1.06567013e-07
8.51190762e-08
1.16246922e-07
6.19790145e-08
1.2510289e-07
4.14170328e-08
1.33164892e-07
2.41714487e-08
1.39870128e-07
9.63854279e-09
1.44319342e-07
-2.63771487e-09
1.46221057e-07
-1.35312863e-08
1.46174776e-07
-2.37797584e-08
1.45600687e-07
-3.44128881e-08
1.45808083e-07
-4.61534131e-08
1.46713473e-07
-5.92192086e-08
1.45469821e-07
-7.28730956e-08
1.35979606e-07
-8.52824184e-08
1.10432256e-07
-9.34913724e-08
6.29239673e-08
-9.48104179e-08
-8.67861106e-08
1.52922151e-08
3.08917451e-08
4.16219081e-08
7.13413383e-08
7.26786233e-08
8.58876674e-08
9.78821206e-08
8.15268693e-08
1.16852231e-07
6.61489668e-08
1.31366186e-07
4.74650606e-08
1.42820477e-07
2.99627433e-08
1.5170696e-07
1.52849665e-08
1.58842154e-07
2.5033504e-09
1.64856345e-07
-8.65190447e-09
1.71165836e-07
-1.9840777e-08
1.7861718e-07
-3.12311007e-08
1.86836063e-07
-4.26317701e-08
1.94165368e-07
-5.34827173e-08
1.97576581e-07
-6.26304207e-08
1.92767875e-07
-6.80643886e-08
1.74506004e-07
-6.70205461e-08
1.37301795e-07
-5.62871668e-08
7.65079323e-08
-3.40165481e-08
-1.02781805e-08
2.55772901e-08
5.31445834e-09
4.36638991e-08
5.32547305e-08
6.71939855e-08
6.23575818e-08
9.43393907e-08
5.4381465e-08
1.19288568e-07
4.11997908e-08
1.40507365e-07
2.62462646e-08
1.587646e-07
1.17055093e-08
1.75599748e-07
-1.55018119e-09
1.9202853e-07
-1.39254307e-08
2.0789993e-07
-2.45233035e-08
2.21649536e-07
-3.35903817e-08
2.31690445e-07
-4.1272009e-08
2.36528412e-07
-4.74697363e-08
2.34832262e-07
-5.17865663e-08
2.25457395e-07
-5.32555532e-08
2.07393599e-07
-5.00005918e-08
1.79180587e-07
-3.88075343e-08
1.37607692e-07
-1.47142678e-08
7.57272543e-08
2.78638848e-08
6.54490773e-08
1.0027411e-08
-4.71295461e-09
3.77410154e-08
2.55411261e-08
7.30557747e-08
2.7042823e-08
1.10839987e-07
1.65972532e-08
1.46476083e-07
5.56369519e-09
1.78204977e-07
-5.48262888e-09
2.04931656e-07
-1.50211689e-08
2.2587021e-07
-2.24887346e-08
2.39925821e-07
-2.79810408e-08
2.46984659e-07
-3.15821405e-08
2.46941381e-07
-3.35471037e-08
2.39850439e-07
-3.41810663e-08
2.25974235e-07
-3.35935313e-08
2.05968215e-07
-3.17805459e-08
1.81225798e-07
-2.85131359e-08
1.54102194e-07
-2.28769873e-08
1.26895471e-07
-1.16008105e-08
9.57470928e-08
1.64341074e-08
5.22609627e-08
7.13500217e-08
1.17710038e-07
-2.13747215e-08
1.66617701e-08
2.10798374e-08
-1.69134318e-08
7.25066945e-08
-2.43840336e-08
1.13639503e-07
-2.45355552e-08
1.45945213e-07
-2.67420143e-08
1.69672156e-07
-2.92095714e-08
1.85418054e-07
-3.07670668e-08
1.9408278e-07
-3.11534598e-08
1.96433162e-07
-3.03314228e-08
1.93095525e-07
-2.82445034e-08
1.84434322e-07
-2.48859008e-08
1.70632949e-07
-2.03796928e-08
1.51926472e-07
-1.4887054e-08
1.2892349e-07
-8.77756356e-09
1.03245805e-07
-2.83545153e-09
7.79851126e-08
2.38370541e-09
5.87077078e-08
7.67659391e-09
4.77571157e-08
2.73847034e-08
2.92646427e-08
8.98424896e-08
1.46974683e-07
1.34952248e-08
3.16654265e-09
3.65231532e-08
-3.99413606e-08
6.16364719e-08
-4.94973522e-08
8.90889444e-08
-5.19880276e-08
1.14858054e-07
-5.25111239e-08
1.362086e-07
-5.05601175e-08
1.52263841e-07
-4.68223077e-08
1.63104738e-07
-4.19943568e-08
1.68995827e-07
-3.62225114e-08
1.7015322e-07
-2.94018973e-08
1.66685858e-07
-2.1418539e-08
1.58551684e-07
-1.22455191e-08
1.45648325e-07
-1.98369518e-09
1.27848274e-07
9.02248716e-09
1.05283971e-07
1.97288513e-08
7.89960349e-08
2.86716416e-08
5.25442004e-08
3.41284286e-08
3.38244105e-08
4.61044898e-08
1.86594978e-08
1.05007408e-07
1.65634179e-07
2.36469494e-08
-2.04804037e-08
3.63949659e-08
-5.26893763e-08
5.82640329e-08
-7.13664191e-08
8.57994525e-08
-7.95234471e-08
1.11272989e-07
-7.79846603e-08
1.31576206e-07
-7.08633354e-08
1.46443672e-07
-6.1689773e-08
1.56395527e-07
-5.19462121e-08
1.61926249e-07
-4.17532339e-08
1.63343607e-07
-3.08192557e-08
1.60760426e-07
-1.88353591e-08
1.54127629e-07
-5.6127224e-09
1.42929228e-07
9.2147053e-09
1.26937277e-07
2.50144375e-08
1.06118991e-07
4.0547137e-08
8.09890219e-08
5.38016109e-08
5.3239677e-08
6.1877773e-08
2.97768348e-08
6.95673354e-08
1.43797643e-08
1.20404473e-07
1.80013945e-07
1.03477144e-08
-3.08281212e-08
3.24137696e-08
-7.47554322e-08
6.34244838e-08
-1.02377134e-07
9.00914809e-08
-1.06190444e-07
1.10269533e-07
-9.81627122e-08
1.24889354e-07
-8.54831568e-08
1.35220644e-07
-7.20210633e-08
1.42047597e-07
-5.87731661e-08
1.45737701e-07
-4.54433387e-08
1.46485163e-07
-3.15667177e-08
1.4437664e-07
-1.67268369e-08
1.39420635e-07
-6.56718552e-10
1.3093384e-07
1.77015e-08
1.18349269e-07
3.75990074e-08
1.00951049e-07
5.79453565e-08
7.87922402e-08
7.59604197e-08
5.29431935e-08
8.77268197e-08
2.84477928e-08
9.40627324e-08
1.21516047e-08
1.36700667e-07
1.92165547e-07
1.7411837e-08
-4.82399549e-08
4.56153922e-08
-1.02958987e-07
6.90700722e-08
-1.25831814e-07
8.73328081e-08
-1.24453181e-07
1.00293768e-07
-1.11123672e-07
1.09519996e-07
-9.4709386e-08
1.1618518e-07
-7.86862477e-08
1.20552193e-07
-6.31401795e-08
1.22626768e-07
-4.75179143e-08
1.22550213e-07
-3.1490164e-08
1.20561679e-07
-1.47383034e-08
1.16660457e-07
3.24450241e-09
1.10931383e-07
2.34305734e-08
1.02283591e-07
4.62467991e-08
8.93981245e-08
7.08308223e-08
7.16197552e-08
9.37387886e-08
4.96427418e-08
1.09703833e-07
2.7063171e-08
1.16642306e-07
1.06121662e-08
1.53151665e-07
2.02777716e-07
2.07734e-08
-6.9013358e-08
4.86164073e-08
-1.30801995e-07
6.66996622e-08
-1.43915069e-07
7.77948371e-08
-1.35548356e-07
8.53690634e-08
-1.18697899e-07
9.13017712e-08
-1.00642094e-07
9.57763526e-08
-8.31608297e-08
9.84441802e-08
-6.58080077e-08
9.92305875e-08
-4.83043225e-08
9.83214017e-08
-3.0580979e-08
9.59998437e-08
-1.24167463e-08
9.25764848e-08
6.66786045e-09
8.8330309e-08
2.76767484e-08
8.25970162e-08
5.19800912e-08
7.38163419e-08
7.9611496e-08
6.06681304e-08
1.06887e-07
4.3326576e-08
1.27045387e-07
2.43729611e-08
1.35595917e-07
9.01302768e-09
1.68511604e-07
2.1179074e-07
2.31304743e-08
-9.21438289e-08
4.67054451e-08
-1.54376965e-07
5.8694425e-08
-1.55904049e-07
6.48388701e-08
-1.41692802e-07
6.95142375e-08
-1.23373267e-07
7.38698887e-08
-1.04997746e-07
7.70907043e-08
-8.6381646e-08
7.86771504e-08
-6.73944545e-08
7.87358519e-08
-4.83630247e-08
7.74703697e-08
-2.93154978e-08
7.50309357e-08
-9.97731317e-09
7.16611379e-08
1.00376575e-08
6.77592843e-08
3.15786012e-08
6.33108421e-08
5.64285328e-08
5.71627785e-08
8.5759559e-08
4.77927297e-08
1.16257048e-07
3.4864348e-08
1.39973768e-07
2.01815025e-08
1.50278766e-07
6.84014022e-09
1.81852959e-07
2.18630883e-07
2.33580861e-08
-1.15501918e-07
4.09050436e-08
-1.71923923e-07
4.77549606e-08
-1.62753966e-07
5.12673411e-08
-1.45205183e-07
5.48742327e-08
-1.26980159e-07
5.83644598e-08
-1.08487974e-07
6.05320304e-08
-8.85492171e-08
6.12500668e-08
-6.81124916e-08
6.08541465e-08
-4.79671051e-08
5.94865064e-08
-2.79478584e-08
5.71201428e-08
-7.61095037e-09
5.38133085e-08
1.33444911e-08
4.99513098e-08
3.54405993e-08
4.58920718e-08
6.04877702e-08
4.10928585e-08
9.05587717e-08
3.4393659e-08
1.22956247e-07
2.51641905e-08
1.49203237e-07
1.47491666e-08
1.60693786e-07
4.00023786e-09
1.92601894e-07
2.22631117e-07
2.1528724e-08
-1.37030638e-07
3.30240951e-08
-1.83419294e-07
3.63618814e-08
-1.66091753e-07
3.86982749e-08
-1.47541576e-07
4.17765029e-08
-1.30058387e-07
4.42125255e-08
-1.10923997e-07
4.52007619e-08
-8.9537454e-08
4.50843971e-08
-6.79961274e-08
4.42625929e-08
-4.71453013e-08
4.27801032e-08
-2.64653695e-08
4.05379777e-08
-5.36882536e-09
3.75032267e-08
1.63792416e-08
3.38880891e-08
3.90557364e-08
3.00626283e-08
6.43132305e-08
2.59184376e-08
9.47029619e-08
2.11294502e-08
1.27745234e-07
1.4965015e-08
1.55367672e-07
8.0336217e-09
1.67625183e-07
-2.58070852e-10
2.00893579e-07
2.22373049e-07
1.83138081e-08
-1.55344449e-07
2.45261554e-08
-1.89631642e-07
2.58366543e-08
-1.67402252e-07
2.7410575e-08
-1.49115497e-07
2.96432383e-08
-1.32291051e-07
3.07117808e-08
-1.1199254e-07
3.05633674e-08
-8.93890409e-08
2.96769543e-08
-6.71097147e-08
2.83919327e-08
-4.58602802e-08
2.67033456e-08
-2.47767826e-08
2.45243918e-08
-3.18987196e-09
2.18226191e-08
1.9081014e-08
1.86110457e-08
4.22673096e-08
1.51092884e-08
6.78149875e-08
1.13517657e-08
9.84604842e-08
8.01770522e-09
1.31079295e-07
4.99573593e-09
1.58389641e-07
-5.44111762e-10
1.73165026e-07
-7.45275634e-09
2.0780223e-07
2.14920289e-07
1.43823307e-08
-1.69726777e-07
1.6343926e-08
-1.91593236e-07
1.64274381e-08
-1.67485764e-07
1.70116492e-08
-1.49699709e-07
1.79333934e-08
-1.33212796e-07
1.7618837e-08
-1.11677984e-07
1.64864729e-08
-8.8256677e-08
1.48987861e-08
-6.55220281e-08
1.31506415e-08
-4.41121358e-08
1.12003362e-08
-2.28264777e-08
8.99536e-09
-9.84895811e-10
6.49718816e-09
2.15791858e-08
3.52967381e-09
4.52348239e-08
2.84255564e-11
7.13162356e-08
-3.01221476e-09
1.01501124e-07
-5.27821069e-09
1.3334529e-07
-5.70650668e-09
1.58817937e-07
-8.83709834e-09
1.76295622e-07
-1.49728263e-08
2.13937949e-07
1.99947466e-07
1.01211814e-08
-1.79847961e-07
9.05379784e-09
-1.90525853e-07
7.87446078e-09
-1.66306427e-07
7.08024849e-09
-1.48905497e-07
6.35499392e-09
-1.32487541e-07
4.7809655e-09
-1.10103955e-07
2.86684248e-09
-8.6342554e-08
6.4149463e-10
-6.32966803e-08
-1.66264909e-09
-4.18079922e-08
-3.9040977e-09
-2.05850288e-08
-6.23927108e-09
1.35027775e-09
-8.76713703e-09
2.4107052e-08
-1.16649269e-08
4.8132614e-08
-1.49729803e-08
7.4624289e-08
-1.78148403e-08
1.04342984e-07
-1.85283312e-08
1.34058782e-07
-1.73057448e-08
1.57595351e-07
-2.07667395e-08
1.79756612e-07
-2.29236108e-08
2.16094828e-07
1.7702385e-07
5.78744529e-09
-1.85635403e-07
2.0001491e-09
-1.86738556e-07
6.9717362e-10
-1.65003452e-07
-2.7809903e-09
-1.45427333e-07
-5.1972886e-09
-1.30071243e-07
-7.7849809e-09
-1.07516263e-07
-1.0581089e-08
-8.35464456e-08
-1.34712821e-08
-6.04064869e-08
-1.63521359e-08
-3.8927138e-08
-1.91384393e-08
-1.7798725e-08
-2.1808884e-08
4.02072303e-09
-2.45596437e-08
2.68578123e-08
-2.76067467e-08
5.11797175e-08
-3.07111506e-08
7.77286932e-08
-3.25428446e-08
1.06174678e-07
-3.19363084e-08
1.33452245e-07
-3.1103706e-08
1.56762749e-07
-3.55053554e-08
1.84158266e-07
-3.08050591e-08
2.11394522e-07
1.46218794e-07
2.16638961e-09
-1.87801795e-07
-3.29602016e-09
-1.81276147e-07
-7.81675659e-09
-1.60482715e-07
-1.1842693e-08
-1.41401396e-07
-1.65736659e-08
-1.25340269e-07
-2.04910816e-08
-1.03598847e-07
-2.41549282e-08
-7.98825985e-08
-2.77465153e-08
-5.68148994e-08
-3.1335106e-08
-3.53385467e-08
-3.47564206e-08
-1.43774095e-08
-3.79361191e-08
7.20042234e-09
-4.10253098e-08
2.99470038e-08
-4.40660135e-08
5.42204218e-08
-4.6508118e-08
8.01707983e-08
-4.72661651e-08
1.06932726e-07
-4.65166724e-08
1.32702754e-07
-4.78921606e-08
1.58138238e-07
-5.1124925e-08
1.87391025e-07
-3.69184832e-08
1.97188087e-07
1.09300306e-07
-1.35600096e-09
-1.86445791e-07
-7.94162474e-09
-1.74690523e-07
-1.52677915e-08
-1.53156548e-07
-2.16104973e-08
-1.3505869e-07
-2.81900411e-08
-1.18760725e-07
-3.36935782e-08
-9.80953092e-08
-3.83428842e-08
-7.52332918e-08
-4.2623435e-08
-5.25343477e-08
-4.68234174e-08
-3.11385634e-08
-5.08367341e-08
-1.03640917e-08
-5.45046381e-08
1.08683276e-08
-5.77700649e-08
3.32124317e-08
-6.04587837e-08
5.69091414e-08
-6.212023e-08
8.18322454e-08
-6.26461742e-08
1.07458671e-07
-6.35791776e-08
1.33635758e-07
-6.67614268e-08
1.61320488e-07
-6.45667018e-08
1.85196305e-07
-3.91951188e-08
1.71816494e-07
7.01051906e-08
-4.65928955e-09
-1.81786504e-07
-1.28942731e-08
-1.66455539e-07
-2.25162419e-08
-1.43534579e-07
-3.15688966e-08
-1.26006035e-07
-4.03095618e-08
-1.1002006e-07
-4.76627262e-08
-9.07421441e-08
-5.35969257e-08
-6.92990914e-08
-5.86487884e-08
-4.74824841e-08
-6.33154096e-08
-2.64719409e-08
-6.76585472e-08
-6.02095273e-09
-7.14910471e-08
1.47008289e-08
-7.46186094e-08
3.63399953e-08
-7.69247384e-08
5.92152717e-08
-7.85520349e-08
8.34595429e-08
-8.03162889e-08
1.09222926e-07
-8.31831024e-08
1.36502573e-07
-8.43311332e-08
1.62468519e-07
-7.20990305e-08
1.72964197e-07
-3.64292565e-08
1.36146728e-07
3.36759295e-08
-7.55566357e-09
-1.74230837e-07
-1.80384176e-08
-1.55972784e-07
-2.98930249e-08
-1.31679971e-07
-4.16524249e-08
-1.14246634e-07
-5.28936794e-08
-9.87788043e-08
-6.25135621e-08
-8.11222603e-08
-7.02070455e-08
-6.16056069e-08
-7.63566766e-08
-4.13328518e-08
-8.15297262e-08
-2.12988899e-08
-8.60008968e-08
-1.54978044e-09
-8.97490789e-08
1.84490126e-08
-9.27428472e-08
3.93337652e-08
-9.52053451e-08
6.1677771e-08
-9.76839695e-08
8.59381688e-08
-1.0054392e-07
1.12082878e-07
-1.02045204e-07
1.38003857e-07
-9.5446934e-08
1.5587025e-07
-7.05847425e-08
1.4810201e-07
-2.80843834e-08
9.36463603e-08
5.59155027e-09
-1.03378611e-08
-1.63892978e-07
-2.33159236e-08
-1.42994721e-07
-3.75035975e-08
-1.17492296e-07
-5.19163035e-08
-9.9833927e-08
-6.58355522e-08
-8.48595546e-08
-7.80822541e-08
-6.88755573e-08
-8.80706354e-08
-5.16172244e-08
-9.58968408e-08
-3.35066449e-08
-1.02033815e-07
-1.51619141e-08
-1.06914082e-07
3.33048846e-09
-1.1079224e-07
2.23271732e-08
-1.13929851e-07
4.2471378e-08
-1.16635752e-07
6.43836736e-08
-1.18924333e-07
8.82267509e-08
-1.19465665e-07
1.1262421e-07
-1.14096292e-07
1.32634486e-07
-9.57490446e-08
1.37523003e-07
-5.96686044e-08
1.12021566e-07
-1.59587248e-08
4.99364892e-08
-1.03671776e-08
-1.33185541e-08
-1.50574421e-07
-2.89185511e-08
-1.27394723e-07
-4.55217152e-08
-1.00889131e-07
-6.24874195e-08
-8.28682216e-08
-7.90435675e-08
-6.83034053e-08
-9.40249131e-08
-5.38942103e-08
-1.06647456e-07
-3.89946797e-08
-1.16705375e-07
-2.34487244e-08
-1.24474663e-07
-7.39262391e-09
-1.30286196e-07
9.14202316e-09
-1.34474587e-07
2.65155669e-08
-1.37234249e-07
4.52310422e-08
-1.38382257e-07
6.55316825e-08
-1.36870858e-07
8.67153541e-08
-1.30093525e-07
1.05846878e-07
-1.13739837e-07
1.16280799e-07
-8.38251884e-08
1.07608355e-07
-4.27584186e-08
7.09548012e-08
-7.49073203e-09
1.46687964e-08
-1.78579049e-08
-1.67376241e-08
-1.33836798e-07
-3.51838876e-08
-1.08948459e-07
-5.43013033e-08
-8.17717143e-08
-7.37127564e-08
-6.34567671e-08
-9.26645885e-08
-4.93515716e-08
-1.10112128e-07
-3.64466689e-08
-1.25207542e-07
-2.38992636e-08
-1.37478671e-07
-1.11775934e-08
-1.46883139e-07
2.01184592e-09
-1.53318293e-07
1.55771802e-08
-1.56851595e-07
3.0048871e-08
-1.57142491e-07
4.552194e-08
-1.53324976e-07
6.17141694e-08
-1.43792467e-07
7.71828468e-08
-1.26257348e-07
8.83117607e-08
-9.87399414e-08
8.87633931e-08
-6.23045414e-08
7.11729561e-08
-2.55668762e-08
3.42171334e-08
-4.09273768e-09
-6.80533229e-09
-2.19506443e-08
-2.08235941e-08
-1.13013201e-07
-4.25723834e-08
-8.71996679e-08
-6.4435054e-08
-5.99090421e-08
-8.628353e-08
-4.16082892e-08
-1.07307161e-07
-2.83279389e-08
-1.26568098e-07
-1.718573e-08
-1.43221489e-07
-7.24587031e-09
-1.56666469e-07
2.26738951e-09
-1.66206751e-07
1.15521304e-08
-1.71559392e-07
2.09298238e-08
-1.72051568e-07
3.05410485e-08
-1.66826826e-07
4.02972008e-08
-1.54753846e-07
4.9641191e-08
-1.34695844e-07
5.71248469e-08
-1.06231652e-07
5.98475698e-08
-7.10979586e-08
5.3629701e-08
-3.53210769e-08
3.5396076e-08
-9.6081716e-09
8.50423436e-09
-9.67301077e-10
-1.54462069e-08
-2.29179405e-08
-2.58766326e-08
-8.71365688e-08
-5.1703372e-08
-6.13729273e-08
-7.67185197e-08
-3.48938924e-08
-1.01051235e-07
-1.72755716e-08
-1.23814971e-07
-5.56420006e-09
-1.44020594e-07
3.01989487e-09
-1.60681106e-07
9.4146442e-09
-1.72941591e-07
1.4527877e-08
-1.80069928e-07
1.86804701e-08
-1.81251652e-07
2.21115501e-08
-1.75575759e-07
2.4865158e-08
-1.62094325e-07
2.6815769e-08
-1.40065931e-07
2.76127995e-08
-1.0957717e-07
2.6636088e-08
-7.25928367e-08
2.28632387e-08
-3.39152391e-08
1.49521059e-08
-3.46650841e-09
4.9473475e-09
1.14600826e-08
-6.42235776e-09
9.35243607e-09
-1.33385504e-08
-1.35655054e-08
-3.24218124e-08
-5.47147524e-08
-6.34026575e-08
-3.03920795e-08
-9.19262601e-08
-6.37028716e-09
-1.18236385e-07
9.03455644e-09
-1.41558098e-07
1.7757515e-08
-1.60617904e-07
2.20797041e-08
-1.745841e-07
2.33808427e-08
-1.8268638e-07
2.26301591e-08
-1.84353957e-07
2.03480496e-08
-1.78975352e-07
1.67329475e-08
-1.65878147e-07
1.17679562e-08
-1.44700932e-07
5.63855587e-09
-1.15465633e-07
-1.62249716e-09
-7.91060167e-08
-9.72352557e-09
-3.90014693e-08
-1.7241306e-08
-2.48130337e-09
-2.15680574e-08
2.34248219e-08
-2.09587749e-08
2.90793633e-08
-1.20768926e-08
1.84194744e-08
-2.67866374e-09
4.85397358e-09
-4.07924091e-08
-1.39223428e-08
-7.84520227e-08
7.2675364e-09
-1.10390041e-07
2.55677343e-08
-1.36843982e-07
3.54884997e-08
-1.57757837e-07
3.86713731e-08
-1.72811235e-07
3.71331044e-08
-1.82008874e-07
3.25784845e-08
-1.85494892e-07
2.61161796e-08
-1.83458916e-07
1.83120758e-08
-1.7606855e-07
9.3425848e-09
-1.63115613e-07
-1.18497921e-09
-1.44719951e-07
-1.2757103e-08
-1.20270524e-07
-2.60719216e-08
-9.01015004e-08
-3.98925467e-08
-5.60483428e-08
-5.12944606e-08
-2.24966058e-08
-5.51197911e-08
2.91244042e-09
-4.6367818e-08
1.52239085e-08
-2.43883606e-08
1.15963646e-08
9.48889821e-10
1.6450338e-08
-4.48350399e-08
3.09127018e-08
-8.45203952e-08
4.69528951e-08
-1.16726876e-07
5.77742184e-08
-1.4104452e-07
5.98061463e-08
-1.58126553e-07
5.57534093e-08
-1.69067654e-07
4.80742084e-08
-1.75188844e-07
3.86996764e-08
-1.77635568e-07
2.85629066e-08
-1.77100377e-07
1.77768878e-08
-1.73614151e-07
5.85636074e-09
-1.66970752e-07
-7.82837481e-09
-1.56055075e-07
-2.3672778e-08
-1.40217886e-07
-4.19091081e-08
-1.18780041e-07
-6.13303881e-08
-9.16344718e-08
-7.84400271e-08
-6.01610371e-08
-8.65932226e-08
-2.92297085e-08
-7.72991433e-08
-6.82557502e-09
-4.67924874e-08
4.79011548e-10
-6.35569761e-09
1.69293541e-08
-4.27824324e-08
7.36951361e-08
-8.04816306e-08
8.46520961e-08
-1.09233699e-07
8.65262896e-08
-1.2915615e-07
7.97286005e-08
-1.4193685e-07
6.85341128e-08
-1.49886452e-07
5.60238129e-08
-1.54984572e-07
4.37977999e-08
-1.58307968e-07
3.18863052e-08
-1.60054838e-07
1.9523761e-08
-1.59964134e-07
5.76565895e-09
-1.57711092e-07
-1.0081414e-08
-1.52841592e-07
-2.85422749e-08
-1.44834388e-07
-4.99163095e-08
-1.32639262e-07
-7.35255116e-08
-1.14567633e-07
-9.65116523e-08
-8.89552816e-08
-1.12205571e-07
-5.64891833e-08
-1.09765238e-07
-2.41374871e-08
-7.91441828e-08
-4.73909041e-09
-2.57540851e-08
1.21902645e-08
-3.72480634e-08
1.10943204e-07
-6.9647321e-08
1.17051357e-07
-9.3073441e-08
1.09952413e-07
-1.08321614e-07
9.49767767e-08
-1.18073912e-07
7.82864133e-08
-1.25004478e-07
6.29543823e-08
-1.30553271e-07
4.93465965e-08
-1.34917299e-07
3.62503365e-08
-1.37812008e-07
2.24184724e-08
-1.39118245e-07
7.07189937e-09
-1.3896445e-07
-1.02352062e-08
-1.37574363e-07
-2.99323589e-08
-1.35021061e-07
-5.2469609e-08
-1.3062248e-07
-7.79240891e-08
-1.22229892e-07
-1.04904237e-07
-1.05992234e-07
-1.28443227e-07
-7.81543186e-08
-1.37603151e-07
-4.0706499e-08
-1.16591996e-07
-8.34985048e-09
-5.81107328e-08
3.84041851e-09
-3.03407025e-08
1.41283909e-07
-5.63107245e-08
1.43021382e-07
-7.43736904e-08
1.28015382e-07
-8.60683001e-08
1.0667139e-07
-9.44626523e-08
8.66807687e-08
-1.01555351e-07
7.00470843e-08
-1.07655461e-07
5.54467101e-08
-1.12298135e-07
4.08930133e-08
-1.15222375e-07
2.53427158e-08
-1.16618554e-07
8.46808158e-09
-1.16929009e-07
-9.92474799e-09
-1.1671455e-07
-3.01468151e-08
-1.1654017e-07
-5.26439852e-08
-1.16548253e-07
-7.79160033e-08
-1.15461937e-07
-1.05990549e-07
-1.0924815e-07
-1.3465701e-07
-9.11725893e-08
-1.55678709e-07
-5.67729387e-08
-1.50991646e-07
-1.56885237e-08
-9.91951398e-08
-1.18481033e-08
-2.3384115e-08
1.64668028e-07
-4.32180062e-08
1.62855277e-07
-5.6871882e-08
1.41669261e-07
-6.62441616e-08
1.16043672e-07
-7.4084573e-08
9.45211834e-08
-8.12564877e-08
7.72190023e-08
-8.72442902e-08
6.14345159e-08
-9.15293272e-08
4.51780537e-08
-9.41494927e-08
2.79628847e-08
-9.54654844e-08
9.78407667e-09
-9.58969085e-08
-9.49332038e-09
-9.59074211e-08
-3.01362991e-08
-9.6101778e-08
-5.24496249e-08
-9.71879465e-08
-7.68298314e-08
-9.93255546e-08
-1.03852938e-07
-1.00266805e-07
-1.33715756e-07
-9.30296191e-08
-1.62915892e-07
-6.79926093e-08
-1.7602865e-07
-2.63852866e-08
-1.4080246e-07
-3.82333861e-08
-1.7009089e-08
1.8167712e-07
-3.15076069e-08
1.77353798e-07
-4.18352553e-08
1.51996913e-07
-4.95582437e-08
1.23766664e-07
-5.67837748e-08
1.01746718e-07
-6.34088725e-08
8.38441034e-08
-6.86659765e-08
6.66916233e-08
-7.23151053e-08
4.8827186e-08
-7.46487847e-08
3.02965677e-08
-7.60442073e-08
1.11795029e-08
-7.67872529e-08
-8.75027121e-09
-7.71143789e-08
-2.98091696e-08
-7.73248698e-08
-5.22391305e-08
-7.79911512e-08
-7.61635464e-08
-8.00301385e-08
-1.01813947e-07
-8.36177105e-08
-1.30128181e-07
-8.45874043e-08
-1.61946195e-07
-7.12518242e-08
-1.89364228e-07
-3.51951168e-08
-1.76859161e-07
-7.34285002e-08
-1.13267298e-08
1.93003852e-07
-2.13332884e-08
1.8736036e-07
-2.91795298e-08
1.59843157e-07
-3.53626912e-08
1.29949829e-07
-4.15896008e-08
1.07973631e-07
-4.7130749e-08
8.93852551e-08
-5.13400227e-08
7.09009006e-08
-5.4262747e-08
5.17499139e-08
-5.62783238e-08
3.23121482e-08
-5.77026312e-08
1.2603814e-08
-5.87518618e-08
-7.70103694e-09
-5.95618388e-08
-2.89991889e-08
-6.01743624e-08
-5.16266032e-08
-6.06988153e-08
-7.56390899e-08
-6.17312929e-08
-1.00781466e-07
-6.46231587e-08
-1.27236312e-07
-6.92423738e-08
-1.57326977e-07
-6.61305464e-08
-1.92476051e-07
-3.8958381e-08
-2.04031323e-07
-1.12386878e-07
-6.05247459e-09
1.9905633e-07
-1.25002705e-08
1.93808159e-07
-1.83324454e-08
1.65675336e-07
-2.27483186e-08
1.34365706e-07
-2.77096524e-08
1.12934968e-07
-3.1880885e-08
9.35564912e-08
-3.4966676e-08
7.39866952e-08
-3.71545691e-08
5.39378107e-08
-3.87788583e-08
3.39364411e-08
-4.00773625e-08
1.3902322e-08
-4.12461749e-08
-6.53222067e-09
-4.24074022e-08
-2.78379578e-08
-4.35291331e-08
-5.05048685e-08
-4.44918973e-08
-7.46763219e-08
-4.52850482e-08
-9.99883108e-08
-4.68242043e-08
-1.25697152e-07
-5.13414633e-08
-1.52809715e-07
-5.49866441e-08
-1.88830868e-07
-3.82558821e-08
-2.2076208e-07
-1.50642757e-07
-2.56582548e-10
1.99312915e-07
-5.05421623e-09
1.98605795e-07
-8.36565034e-09
1.68986773e-07
-1.10717128e-08
1.37071772e-07
-1.46763146e-08
1.16539573e-07
-1.7299057e-08
9.61792372e-08
-1.93022288e-08
7.59898707e-08
-2.07632715e-08
5.53988571e-08
-2.19456203e-08
3.51187936e-08
-2.3036862e-08
1.49935676e-08
-2.42050807e-08
-5.36399803e-09
-2.5521433e-08
-2.65216017e-08
-2.69616242e-08
-4.90646735e-08
-2.84688742e-08
-7.3169068e-08
-2.97932009e-08
-9.86639801e-08
-3.10623151e-08
-1.24428034e-07
-3.42426954e-08
-1.49629331e-07
-4.09186601e-08
-1.82154899e-07
-3.38467173e-08
-2.27834018e-07
-1.84489473e-07
4.85838747e-09
1.94454532e-07
1.89579362e-09
2.01568392e-07
1.76471801e-09
1.69117852e-07
-6.58180673e-10
1.39494674e-07
-1.94070789e-09
1.17822104e-07
-3.16700733e-09
9.74055402e-08
-4.03575103e-09
7.6858618e-08
-4.78817231e-09
5.6151282e-08
-5.51783243e-09
3.58484575e-08
-6.35743892e-09
1.58331779e-08
-7.44443312e-09
-4.27699995e-09
-8.78671133e-09
-2.51793196e-08
-1.04000862e-08
-4.74512948e-08
-1.23610551e-08
-7.12080952e-08
-1.4522291e-08
-9.65027402e-08
-1.66502121e-08
-1.22300109e-07
-1.94274381e-08
-1.46852102e-07
-2.65780071e-08
-1.75004326e-07
-2.72368158e-08
-2.27175206e-07
-2.11726285e-07
1.0734037e-08
1.83720496e-07
1.05865016e-08
2.01715931e-07
1.0613562e-08
1.69090795e-07
1.05942809e-08
1.39513958e-07
1.08136132e-08
1.17602775e-07
1.10523018e-08
9.7166855e-08
1.1259708e-08
7.66512153e-08
1.12394723e-08
5.61715211e-08
1.09783326e-08
3.61096006e-08
1.04220407e-08
1.63894735e-08
9.53695555e-09
-3.39191116e-09
8.25677721e-09
-2.38991376e-08
6.44683427e-09
-4.56413481e-08
4.03590414e-09
-6.87971612e-08
1.09028203e-09
-9.35571142e-08
-2.7599535e-09
-1.1844987e-07
-6.85884094e-09
-1.42753211e-07
-1.38781048e-08
-1.67985059e-07
-1.9876895e-08
-2.2117641e-07
-2.31603179e-07
1.62416603e-08
1.67478841e-07
1.93908602e-08
1.98566734e-07
2.06676559e-08
1.67814002e-07
2.16800553e-08
1.38501562e-07
2.36842779e-08
1.15598556e-07
2.5512663e-08
9.53384731e-08
2.69446987e-08
7.52191827e-08
2.78510293e-08
5.52651938e-08
2.82376859e-08
3.57229472e-08
2.81200906e-08
1.6507072e-08
2.74774088e-08
-2.74922601e-09
2.61769127e-08
-2.25986381e-08
2.39918093e-08
-4.34562413e-08
2.08257451e-08
-6.56310934e-08
1.64594065e-08
-8.91907718e-08
1.0968476e-08
-1.12958936e-07
4.41720163e-09
-1.36201933e-07
-3.99373775e-09
-1.59574116e-07
-1.23709183e-08
-2.12799227e-07
-2.43974094e-07
2.09241895e-08
1.46554653e-07
2.90078547e-08
1.90483071e-07
3.16138129e-08
1.65208046e-07
3.36498061e-08
1.36465571e-07
3.6908595e-08
1.1233977e-07
4.04027909e-08
9.18442801e-08
4.32863388e-08
7.23356378e-08
4.53580829e-08
5.31934526e-08
4.66275309e-08
3.44535022e-08
4.7110388e-08
1.60242179e-08
4.6718264e-08
-2.35709905e-09
4.52865346e-08
-2.11669056e-08
4.25984104e-08
-4.0768114e-08
3.8470964e-08
-6.15036438e-08
3.25406958e-08
-8.32605002e-08
2.46031023e-08
-1.05021339e-07
1.46764067e-08
-1.26275235e-07
4.84175561e-09
-1.49739462e-07
-3.83689873e-09
-2.04120566e-07
-2.47810992e-07
2.42942259e-08
1.22260432e-07
3.85702977e-08
1.76207002e-07
4.37100003e-08
1.60068347e-07
4.68349307e-08
1.33340644e-07
5.09280815e-08
1.08246622e-07
5.5841571e-08
8.69307933e-08
6.0330956e-08
6.78462554e-08
6.38045024e-08
4.97199089e-08
6.61465364e-08
3.21114709e-08
6.73270229e-08
1.48437339e-08
6.72266594e-08
-2.25673288e-09
6.57001868e-08
-1.96404303e-08
6.24881221e-08
-3.75560465e-08
5.71987313e-08
-5.621425e-08
4.92603955e-08
-7.53221614e-08
3.8474863e-08
-9.42358041e-08
2.56484754e-08
-1.13448844e-07
1.42007385e-08
-1.38291721e-07
3.89988308e-09
-1.9381971e-07
-2.43911105e-07
2.56163425e-08
9.66440899e-08
4.66331089e-08
1.55190238e-07
5.61398221e-08
1.50561636e-07
6.12557888e-08
1.28224679e-07
6.6287796e-08
1.03214617e-07
7.22662254e-08
8.09523663e-08
7.82275909e-08
6.18848922e-08
8.32283893e-08
4.47191128e-08
8.68451135e-08
2.84947489e-08
8.89060483e-08
1.27828015e-08
8.92595072e-08
-2.61018953e-09
8.77217734e-08
-1.81026943e-08
8.38652967e-08
-3.36995674e-08
7.70517224e-08
-4.94006732e-08
6.67530886e-08
-6.5023525e-08
5.32559683e-08
-8.0738681e-08
3.81575586e-08
-9.83504329e-08
2.45682139e-08
-1.24702375e-07
1.10115583e-08
-1.80263048e-07
-2.32899547e-07
2.43500512e-08
7.22940439e-08
5.11465728e-08
1.2839372e-07
6.6624875e-08
1.35083336e-07
7.57292072e-08
1.19120349e-07
8.29026062e-08
9.60412201e-08
9.01211044e-08
7.37338703e-08
9.73388396e-08
5.46671591e-08
1.03763676e-07
3.82942786e-08
1.08727362e-07
2.35310648e-08
1.11826707e-07
9.68345786e-09
1.12777364e-07
-3.56084381e-09
1.1111994e-07
-1.64452692e-08
1.0627491e-07
-2.88545347e-08
9.77350754e-08
-4.08608366e-08
8.55034058e-08
-5.27918533e-08
7.04490168e-08
-6.56842903e-08
5.43047114e-08
-8.22061251e-08
3.8871117e-08
-1.09268777e-07
2.05565269e-08
-1.61948458e-07
-2.12343017e-07
2.13414298e-08
5.09526143e-08
5.08797912e-08
9.88553602e-08
7.24029817e-08
1.13560148e-07
8.78507523e-08
1.03672581e-07
9.93960611e-08
8.44959133e-08
1.09072494e-07
6.40574392e-08
1.17802138e-07
4.59375167e-08
1.25445045e-07
3.06513734e-08
1.31456296e-07
1.75198151e-08
1.35295659e-07
5.8440961e-09
1.36424382e-07
-4.6895652e-09
1.3435799e-07
-1.43788757e-08
1.28881638e-07
-2.33781806e-08
1.20128667e-07
-3.21078638e-08
1.08531093e-07
-4.11942779e-08
9.4661961e-08
-5.18151557e-08
7.89708393e-08
-6.65150022e-08
6.07425565e-08
-9.10404938e-08
3.41755976e-08
-1.35381492e-07
-1.7816742e-07
1.60572133e-08
3.48954056e-08
4.13513028e-08
7.35612733e-08
6.98207451e-08
8.50907073e-08
9.31052338e-08
8.03880938e-08
1.11093248e-07
6.65079005e-08
1.25275568e-07
4.98751211e-08
1.36758428e-07
3.44546574e-08
1.45988349e-07
2.14214538e-08
1.52860808e-07
1.0647357e-08
1.57298777e-07
1.40612769e-09
1.59241783e-07
-6.63256955e-09
1.58903756e-07
-1.40408479e-08
1.56585275e-07
-2.10596985e-08
1.52280306e-07
-2.78028929e-08
1.45550283e-07
-3.44642534e-08
1.3530475e-07
-4.15696212e-08
1.19567911e-07
-5.0778162e-08
9.47151286e-08
-6.61877074e-08
5.39239241e-08
-9.45902899e-08
-1.24243492e-07
2.42920594e-08
1.06033457e-08
4.39179289e-08
5.39354049e-08
6.87017693e-08
6.03068681e-08
9.43085368e-08
5.47813275e-08
1.177013e-07
4.31151382e-08
1.37359742e-07
3.02166797e-08
1.53594076e-07
1.82203243e-08
1.66972949e-07
8.04258222e-09
1.78192227e-07
-5.71920489e-10
1.88035721e-07
-8.43736595e-09
1.96480607e-07
-1.50774556e-08
2.03164854e-07
-2.07250941e-08
2.07522156e-07
-2.54169994e-08
2.08743204e-07
-2.90239401e-08
2.05513617e-07
-3.12346655e-08
1.9568756e-07
-3.17435628e-08
1.75663633e-07
-3.07542343e-08
1.39358497e-07
-2.98825719e-08
7.89317247e-08
-3.41635118e-08
-4.53117689e-08
3.29424423e-08
-2.23390934e-08
6.17148446e-08
2.51630041e-08
8.37159567e-08
3.8305757e-08
1.14733209e-07
2.37640757e-08
1.46991055e-07
1.08572933e-08
1.75410071e-07
1.79766413e-09
1.99949437e-07
-6.31904117e-09
2.2033555e-07
-1.23435309e-08
2.36598924e-07
-1.68352941e-08
2.48197671e-07
-2.00361128e-08
2.55332295e-07
-2.22120786e-08
2.58265295e-07
-2.36580937e-08
2.57325882e-07
-2.44775867e-08
2.52801918e-07
-2.44999748e-08
2.44649882e-07
-2.30826289e-08
2.31715924e-07
-1.88096044e-08
2.09972461e-07
-9.01077017e-09
1.69266748e-07
1.08231443e-08
9.71225197e-08
3.79807129e-08
5.18107531e-08
-7.56931068e-09
-1.47697842e-08
1.69594563e-08
6.34237203e-10
6.65743155e-08
-1.13091019e-08
1.09738117e-07
-1.93997258e-08
1.43099099e-07
-2.25036877e-08
1.69142847e-07
-2.42460844e-08
1.88055025e-07
-2.52312187e-08
2.00760505e-07
-2.50490103e-08
2.07846185e-07
-2.39209745e-08
2.09937303e-07
-2.21272297e-08
2.07622402e-07
-1.9897178e-08
2.01416499e-07
-1.74521902e-08
1.91899037e-07
-1.4960124e-08
1.79899417e-07
-1.25003538e-08
1.66523481e-07
-9.706693e-09
1.52523832e-07
-4.80995419e-09
1.36165818e-07
7.34724412e-09
1.10352208e-07
3.66367532e-08
6.40271359e-08
8.4305789e-08
1.15837887e-07
-3.80990655e-08
2.33292835e-08
-2.67636311e-09
-3.47884647e-08
4.4098891e-08
-5.80843561e-08
8.02823209e-08
-5.55831557e-08
1.0973075e-07
-5.19521169e-08
1.33359889e-07
-4.78752233e-08
1.50679272e-07
-4.25506019e-08
1.62043644e-07
-3.64133822e-08
1.68029808e-07
-2.99071389e-08
1.69070488e-07
-2.316791e-08
1.65406182e-07
-1.62328713e-08
1.57176351e-07
-9.22235884e-09
1.44537149e-07
-2.32092159e-09
1.2833652e-07
3.70027554e-09
1.10106814e-07
8.52301348e-09
9.25878421e-08
1.27090172e-08
7.87454648e-08
2.1189622e-08
6.46939307e-08
5.06882892e-08
3.81462808e-08
1.10853435e-07
1.53984169e-07
1.70724748e-08
6.25680637e-09
3.87365108e-08
-5.64525016e-08
6.06937479e-08
-8.00415939e-08
8.80069414e-08
-8.28963498e-08
1.13507833e-07
-7.74530095e-08
1.33653731e-07
-6.80211218e-08
1.48188672e-07
-5.70855425e-08
1.57828787e-07
-4.60534979e-08
1.63178087e-07
-3.5256439e-08
1.64519669e-07
-2.45094917e-08
1.6183805e-07
-1.3551253e-08
1.5497818e-07
-2.36248866e-09
1.43324182e-07
9.33307659e-09
1.26572347e-07
2.04521096e-08
1.05143452e-07
2.99519081e-08
8.12625212e-08
3.65899485e-08
5.9701951e-08
4.27501916e-08
4.34652554e-08
6.69249821e-08
2.41161722e-08
1.3020252e-07
1.78100339e-07
2.92013858e-08
-2.29445786e-08
4.72004777e-08
-7.44515942e-08
6.88268744e-08
-1.01667991e-07
9.28709292e-08
-1.06940406e-07
1.13180145e-07
-9.77622261e-08
1.27899202e-07
-8.27401793e-08
1.38086953e-07
-6.72732942e-08
1.44959686e-07
-5.29262318e-08
1.49059309e-07
-3.93560625e-08
1.5043508e-07
-2.5885263e-08
1.4885829e-07
-1.19744629e-08
1.43776719e-07
2.71908196e-09
1.34611365e-07
1.84984304e-08
1.20526915e-07
3.45365593e-08
1.01122751e-07
4.93560709e-08
7.73266672e-08
6.03860314e-08
5.29419429e-08
6.71349154e-08
3.39017033e-08
8.59652223e-08
1.70802797e-08
1.47023939e-07
1.95180619e-07
1.92410464e-08
-4.21856278e-08
4.64481802e-08
-1.0165873e-07
7.30129158e-08
-1.28232728e-07
9.25001901e-08
-1.26427681e-07
1.0535831e-07
-1.10620347e-07
1.13982463e-07
-9.13643329e-08
1.20265371e-07
-7.3556203e-08
1.24921191e-07
-5.75820529e-08
1.27968606e-07
-4.24034781e-08
1.292394e-07
-2.71560574e-08
1.28502748e-07
-1.12378108e-08
1.25330434e-07
5.89139495e-09
1.19031841e-07
2.47970224e-08
1.08510962e-07
4.50574375e-08
9.28191602e-08
6.50478715e-08
7.20102663e-08
8.11949244e-08
4.86870986e-08
9.04580816e-08
2.87462614e-08
1.05906056e-07
1.30642106e-08
1.6270599e-07
2.08244827e-07
2.23433117e-08
-6.45289398e-08
5.26320389e-08
-1.31947458e-07
7.26180465e-08
-1.48218737e-07
8.37760231e-08
-1.37585659e-07
9.00817421e-08
-1.16926067e-07
9.47234138e-08
-9.60060056e-08
9.87079095e-08
-7.75406997e-08
1.01795035e-07
-6.06691796e-08
1.03654513e-07
-4.42629567e-08
1.04187635e-07
-2.76891801e-08
1.03429881e-07
-1.04800578e-08
1.01322014e-07
7.99926143e-09
9.74904594e-08
2.86285757e-08
9.07234183e-08
5.18244773e-08
7.95372894e-08
7.62339992e-08
6.32460453e-08
9.74861667e-08
4.33970712e-08
1.10307055e-07
2.47715806e-08
1.24531547e-07
1.01835563e-08
1.7729401e-07
2.18428383e-07
2.48134315e-08
-8.93423739e-08
5.15361623e-08
-1.5867019e-07
6.47290227e-08
-1.61411599e-07
6.97420579e-08
-1.42598695e-07
7.24798372e-08
-1.19663848e-07
7.54554169e-08
-9.89815866e-08
7.83403998e-08
-8.04256838e-08
8.03752764e-08
-6.27040573e-08
8.12801561e-08
-4.51678374e-08
8.10666603e-08
-2.74756854e-08
7.98661136e-08
-9.27951214e-09
7.78961388e-08
9.96923499e-09
7.51722495e-08
3.13524637e-08
7.08914516e-08
5.61052738e-08
6.34653219e-08
8.36601272e-08
5.17102885e-08
1.09241199e-07
3.62690015e-08
1.2574834e-07
2.05364041e-08
1.40264141e-07
7.49540102e-09
1.90335012e-07
2.25923782e-07
2.56781813e-08
-1.15020556e-07
4.60465593e-08
-1.7903857e-07
5.29615903e-08
-1.68326631e-07
5.45319137e-08
-1.4416902e-07
5.61235733e-08
-1.21255509e-07
5.86543946e-08
-1.01512409e-07
6.08962313e-08
-8.26675218e-08
6.22006524e-08
-6.40084797e-08
6.25225652e-08
-4.54897515e-08
6.18977517e-08
-2.68508731e-08
6.03550057e-08
-7.73676746e-09
5.80751701e-08
1.22490692e-08
5.53760168e-08
3.40516156e-08
5.20780291e-08
5.94032599e-08
4.70002237e-08
8.87379308e-08
3.89003345e-08
1.17341086e-07
2.77146745e-08
1.36933998e-07
1.55785009e-08
1.52400313e-07
4.58519439e-09
2.01328315e-07
2.30508975e-07
2.41939313e-08
-1.3921449e-07
3.77408608e-08
-1.92585501e-07
4.02178352e-08
-1.70803607e-07
4.04672618e-08
-1.44418448e-07
4.20611013e-08
-1.2284935e-07
4.424533e-08
-1.03696639e-07
4.57233027e-08
-8.4145496e-08
4.63060039e-08
-6.45911824e-08
4.61465762e-08
-4.53303252e-08
4.52552054e-08
-2.59595037e-08
4.35589798e-08
-6.04054336e-09
4.11198787e-08
1.46881686e-08
3.82637461e-08
3.69077465e-08
3.51890554e-08
6.24779487e-08
3.13318591e-08
9.25951252e-08
2.59206607e-08
1.22752283e-07
1.83477282e-08
1.44506929e-07
9.66461828e-09
1.6108342e-07
7.67369351e-10
2.10225562e-07
2.31276343e-07
2.09997388e-08
-1.6021423e-07
2.8505785e-08
-2.00091549e-07
2.8475692e-08
-1.70773516e-07
2.83259392e-08
-1.44268697e-07
2.98453477e-08
-1.2436876e-07
3.1229884e-08
-1.05081177e-07
3.17475907e-08
-8.46632043e-08
3.15539346e-08
-6.43975278e-08
3.08854452e-08
-4.46618373e-08
2.97298088e-08
-2.48038688e-08
2.79788956e-08
-4.28963183e-09
2.56267536e-08
1.70403089e-08
2.28231971e-08
3.97113012e-08
1.98397653e-08
6.54613785e-08
1.66217315e-08
9.5813157e-08
1.32215944e-08
1.26152418e-07
8.73817735e-09
1.48990344e-07
1.62190104e-09
1.68199695e-07
-5.64416098e-09
2.17491621e-07
2.2563218e-07
1.6922843e-08
-1.77137074e-07
1.95779654e-08
-2.02746672e-07
1.83487686e-08
-1.6954432e-07
1.78163222e-08
-1.43736252e-07
1.86539415e-08
-1.25206381e-07
1.88956291e-08
-1.05322866e-07
1.84295096e-08
-8.41970863e-08
1.7463899e-08
-6.34319188e-08
1.62723534e-08
-4.34702932e-08
1.48397384e-08
-2.33712555e-08
1.30125523e-08
-2.46244737e-09
1.08112443e-08
1.92416151e-08
8.16993061e-09
4.23526129e-08
5.30653593e-09
6.83247712e-08
2.81108329e-09
9.83086075e-08
8.88062556e-10
1.28075436e-07
-6.97222396e-10
1.50575627e-07
-6.04782441e-09
1.73550295e-07
-1.2923957e-08
2.24367751e-07
2.12708222e-07
1.2492771e-08
-1.89629847e-07
1.16272165e-08
-2.01881119e-07
9.57885937e-09
-1.67495965e-07
8.37167981e-09
-1.42529074e-07
7.85299168e-09
-1.24687694e-07
6.8840401e-09
-1.04353916e-07
5.53814864e-09
-8.28511964e-08
3.86131906e-09
-6.17550908e-08
2.08694772e-09
-4.16959235e-08
2.64761312e-10
-2.15490708e-08
-1.58876336e-09
-6.08924472e-10
-3.7722891e-09
2.1425139e-08
-6.36017793e-09
4.49404999e-08
-9.1563381e-09
7.11209293e-08
-1.11345803e-08
1.00286848e-07
-1.13992011e-08
1.28340055e-07
-1.14500146e-08
1.50626439e-07
-1.69708445e-08
1.79071123e-07
-2.06131246e-08
2.28010029e-07
1.92095095e-07
7.90884471e-09
-1.97538693e-07
4.71366101e-09
-1.98685937e-07
2.34435823e-09
-1.65126663e-07
-1.14231189e-09
-1.39042405e-07
-2.919205e-09
-1.22910803e-07
-4.93153333e-09
-1.02341589e-07
-7.1144033e-09
-8.06683279e-08
-9.45303104e-09
-5.94164645e-08
-1.17868179e-08
-3.93621381e-08
-1.40187547e-08
-1.93171356e-08
-1.62558534e-08
1.62817259e-09
-1.86014666e-08
2.37707505e-08
-2.11921169e-08
4.75311484e-08
-2.36434582e-08
7.35722688e-08
-2.46463304e-08
1.01289718e-07
-2.37278461e-08
1.27421569e-07
-2.42491417e-08
1.51147733e-07
-3.09521181e-08
1.85774097e-07
-2.85928489e-08
2.25650756e-07
1.63502245e-07
3.63011326e-09
-2.01168808e-07
-1.61519294e-09
-1.93440632e-07
-5.34790839e-09
-1.61393949e-07
-9.39756792e-09
-1.34992747e-07
-1.35462705e-08
-1.18762101e-07
-1.67960885e-08
-9.90917727e-08
-1.98617949e-08
-7.76026229e-08
-2.28731841e-08
-5.64050767e-08
-2.58680891e-08
-3.63672345e-08
-2.86944928e-08
-1.64907333e-08
-3.13174498e-08
4.2511281e-09
-3.38476645e-08
2.63009637e-08
-3.62681937e-08
4.9951676e-08
-3.79673845e-08
7.52714578e-08
-3.79785202e-08
1.01300852e-07
-3.71536975e-08
1.26596745e-07
-4.01169695e-08
1.54111004e-07
-4.64391996e-08
1.92096325e-07
-3.54953809e-08
2.14706936e-07
1.28006862e-07
-4.64334486e-12
-2.01164165e-07
-6.10278974e-09
-1.87342487e-07
-1.2695189e-08
-1.54801551e-07
-1.8446474e-08
-1.29241463e-07
-2.44004627e-08
-1.12808114e-07
-2.92056942e-08
-9.42865425e-08
-3.31829959e-08
-7.36253226e-08
-3.6812158e-08
-5.27759158e-08
-4.03516694e-08
-3.28277244e-08
-4.36842847e-08
-1.31581194e-08
-4.6657594e-08
7.22443605e-09
-4.92113612e-08
2.88547295e-08
-5.11465599e-08
5.18868733e-08
-5.20147379e-08
7.61396343e-08
-5.19343883e-08
1.01220501e-07
-5.32555976e-08
1.27917953e-07
-5.89754504e-08
1.59830855e-07
-6.11873935e-08
1.94308268e-07
-3.95321656e-08
1.93051703e-07
8.84746958e-08
-3.76274724e-09
-1.9740142e-07
-1.10625266e-08
-1.80042709e-07
-1.97168476e-08
-1.46147232e-07
-2.78676355e-08
-1.21090677e-07
-3.58541255e-08
-1.04821625e-07
-4.24281685e-08
-8.77125006e-08
-4.7557075e-08
-6.84964172e-08
-5.18094776e-08
-4.85235143e-08
-5.56866621e-08
-2.8950541e-08
-5.92310041e-08
-9.61377846e-09
-6.22396042e-08
1.0233035e-08
-6.45188035e-08
3.11339277e-08
-6.59559609e-08
5.33240295e-08
-6.68059985e-08
7.69896706e-08
-6.84062421e-08
1.02820743e-07
-7.28916949e-08
1.32403405e-07
-7.84000721e-08
1.65339231e-07
-7.17720061e-08
1.87680199e-07
-3.89968542e-08
1.60276552e-07
4.94778386e-08
-7.24955303e-09
-1.90151867e-07
-1.66624542e-08
-1.70629809e-07
-2.71125739e-08
-1.35697113e-07
-3.76372902e-08
-1.10565962e-07
-4.79443223e-08
-9.4514594e-08
-5.66493589e-08
-7.9007465e-08
-6.33467584e-08
-6.17990187e-08
-6.8456946e-08
-4.34133276e-08
-7.26028856e-08
-2.48046023e-08
-7.60702695e-08
-6.14639545e-09
-7.88284745e-08
1.29912391e-08
-8.08548588e-08
3.31603111e-08
-8.24852476e-08
5.49544174e-08
-8.46795717e-08
7.91839936e-08
-8.87276831e-08
1.06868853e-07
-9.40071166e-08
1.37682837e-07
-9.36704251e-08
1.65002539e-07
-7.47535924e-08
1.68763366e-07
-3.34387376e-08
1.18961692e-07
1.60391013e-08
-1.09132423e-08
-1.79238626e-07
-2.30228463e-08
-1.58520206e-07
-3.53314304e-08
-1.2338853e-07
-4.80149147e-08
-9.78824781e-08
-6.06893883e-08
-8.18401212e-08
-7.18156111e-08
-6.78812431e-08
-8.05881258e-08
-5.30265047e-08
-8.70942306e-08
-3.69072236e-08
-9.18899837e-08
-2.00088499e-08
-9.550606e-08
-2.53031979e-09
-9.82721417e-08
1.57573201e-08
-1.00592289e-07
3.54804581e-08
-1.03136559e-07
5.74986864e-08
-1.06613968e-07
8.26614017e-08
-1.10562489e-07
1.10817374e-07
-1.11099759e-07
1.38220106e-07
-9.97221849e-08
1.53624963e-07
-6.82350688e-08
1.37276248e-07
-2.3033308e-08
7.37599321e-08
-6.99420939e-09
-1.53014784e-08
-1.63937148e-07
-3.06781921e-08
-1.43143492e-07
-4.50244681e-08
-1.09042254e-07
-5.95352739e-08
-8.33716731e-08
-7.42702683e-08
-6.71051274e-08
-8.77713391e-08
-5.43801729e-08
-9.89401747e-08
-4.18576697e-08
-1.0748437e-07
-2.83630286e-08
-1.13731281e-07
-1.37619398e-08
-1.18299702e-07
2.03810118e-09
-1.21680611e-07
1.91382289e-08
-1.24457691e-07
3.82575372e-08
-1.26952738e-07
5.99937334e-08
-1.28688233e-07
8.43968963e-08
-1.2728592e-07
1.0941506e-07
-1.17670229e-07
1.28604414e-07
-9.36104594e-08
1.29565193e-07
-5.38724361e-08
9.75382247e-08
-1.23344333e-08
3.22219246e-08
-1.93286417e-08
-2.08675166e-08
-1.43069633e-07
-4.04312136e-08
-1.23579796e-07
-5.72609521e-08
-9.22125163e-08
-7.32902187e-08
-6.73424069e-08
-8.94120407e-08
-5.09833058e-08
-1.04674054e-07
-3.91181604e-08
-1.17960666e-07
-2.85710579e-08
-1.28677084e-07
-1.76466107e-08
-1.36814928e-07
-5.62409559e-09
-1.42582689e-07
7.80586198e-09
-1.4634801e-07
2.29035491e-08
-1.4816174e-07
4.00712675e-08
-1.47528173e-07
5.93601663e-08
-1.42929822e-07
7.97985447e-08
-1.31505478e-07
9.79907155e-08
-1.09631576e-07
1.06730511e-07
-7.56866107e-08
9.56202275e-08
-3.56071491e-08
5.74587608e-08
-5.97992222e-09
2.59470014e-09
-2.5308566e-08
-2.80652006e-08
-1.15004431e-07
-5.32965264e-08
-9.83484706e-08
-7.36025553e-08
-7.19064876e-08
-9.11775873e-08
-4.97673751e-08
-1.07835463e-07
-3.43254301e-08
-1.23575983e-07
-2.33776409e-08
-1.37662002e-07
-1.44850387e-08
-1.49363779e-07
-5.94483388e-09
-1.58229141e-07
3.24126655e-09
-1.63924011e-07
1.35007321e-08
-1.66141119e-07
2.51206571e-08
-1.64190368e-07
3.81205168e-08
-1.56883737e-07
5.20535347e-08
-1.4254123e-07
6.54560378e-08
-1.19461815e-07
7.49112999e-08
-8.72201934e-08
7.4488889e-08
-4.92569671e-08
5.76570011e-08
-1.63584538e-08
2.45602489e-08
-1.45433309e-09
-1.23094246e-08
-2.67628975e-08
-3.7219496e-08
-7.77849372e-08
-7.00403523e-08
-6.55276148e-08
-9.54569074e-08
-4.64899325e-08
-1.15391599e-07
-2.98326837e-08
-1.32189555e-07
-1.75274737e-08
-1.46855439e-07
-8.71175711e-09
-1.59512333e-07
-1.82814419e-09
-1.69598075e-07
4.1409083e-09
-1.76342531e-07
9.98572227e-09
-1.78971161e-07
1.61293631e-08
-1.76520197e-07
2.26696926e-08
-1.67799281e-07
2.93996014e-08
-1.51455057e-07
3.57093104e-08
-1.26433995e-07
4.04349762e-08
-9.30177879e-08
4.14950929e-08
-5.42763418e-08
3.5747443e-08
-1.76126978e-08
2.09933569e-08
4.90789893e-09
2.03965043e-09
7.88970616e-09
-1.52912283e-08
-1.8873193e-08
-4.77654343e-08
-3.00195014e-08
-8.92807562e-08
-2.40122924e-08
-1.2124891e-07
-1.45217788e-08
-1.45068238e-07
-6.01335505e-09
-1.63101911e-07
5.06199646e-10
-1.76329042e-07
4.51537386e-09
-1.85606211e-07
7.44902558e-09
-1.91034248e-07
9.56894501e-09
-1.92193254e-07
1.11447289e-08
-1.88291676e-07
1.22277859e-08
-1.78251361e-07
1.2629378e-08
-1.6097817e-07
1.21264107e-08
-1.35494892e-07
1.02260324e-08
-1.01610343e-07
6.55042701e-09
-6.11587138e-08
1.04346422e-09
-1.98745291e-08
-5.53674151e-09
1.23812351e-08
-1.12624066e-08
2.54409983e-08
-1.10201105e-08
1.73821976e-08
-7.23243107e-09
-1.49099353e-09
-5.62302601e-08
2.62107577e-08
-1.03895311e-07
2.36527587e-08
-1.39725871e-07
2.13087815e-08
-1.65063021e-07
1.9323795e-08
-1.82132507e-07
1.75756866e-08
-1.93329421e-07
1.57122879e-08
-1.99613035e-07
1.37326402e-08
-2.0146299e-07
1.14189006e-08
-1.98829763e-07
8.51150196e-09
-1.91294324e-07
4.69234812e-09
-1.78227482e-07
-4.37464178e-10
-1.59174792e-07
-6.92627829e-09
-1.33472551e-07
-1.54762081e-08
-1.01170662e-07
-2.57514625e-08
-6.38875701e-08
-3.62396267e-08
-2.6470564e-08
-4.29537467e-08
2.40998276e-09
-4.01429528e-08
1.73122261e-08
-2.59223549e-08
1.32773346e-08
-3.19753537e-09
1.17863397e-08
-4.99316945e-08
7.61424542e-08
-9.31027698e-08
6.6823835e-08
-1.25922924e-07
5.41289368e-08
-1.49479252e-07
4.28801231e-08
-1.65841595e-07
3.39380304e-08
-1.76923727e-07
2.67944207e-08
-1.83899177e-07
2.07080905e-08
-1.87371963e-07
1.4891687e-08
-1.87535205e-07
8.6747447e-09
-1.84019812e-07
1.17695598e-09
-1.76845542e-07
-7.61173365e-09
-1.65021022e-07
-1.87507977e-08
-1.47957974e-07
-3.25392562e-08
-1.25079441e-07
-4.86299939e-08
-9.64707633e-08
-6.4848304e-08
-6.36467694e-08
-7.57777398e-08
-3.07913054e-08
-7.29984156e-08
-6.72659842e-09
-4.99870589e-08
1.79632844e-09
-1.1720465e-08
1.35826705e-08
-3.99800654e-08
1.16122519e-07
-7.48379233e-08
1.01681694e-07
-1.01358798e-07
8.06498118e-08
-1.20896617e-07
6.24179431e-08
-1.35440369e-07
4.84817828e-08
-1.46411703e-07
3.7765756e-08
-1.54559325e-07
2.88557134e-08
-1.60165766e-07
2.04981283e-08
-1.63235392e-07
1.17443713e-08
-1.63793411e-07
1.73497635e-09
-1.6153332e-07
-9.87182437e-09
-1.56306946e-07
-2.39771706e-08
-1.47701694e-07
-4.1144508e-08
-1.3492864e-07
-6.14030473e-08
-1.16710064e-07
-8.30668791e-08
-9.1557982e-08
-1.0092982e-07
-5.96009847e-08
-1.04955412e-07
-2.66553532e-08
-8.29326912e-08
-4.66769839e-09
-3.37081149e-08
8.9149712e-09
-3.02715665e-08
1.46394088e-07
-5.67829453e-08
1.28193074e-07
-7.72570462e-08
1.01123914e-07
-9.31754275e-08
7.83363254e-08
-1.06135365e-07
6.14417211e-08
-1.16754695e-07
4.83850867e-08
-1.25113051e-07
3.72140705e-08
-1.31173537e-07
2.65586149e-08
-1.35000185e-07
1.55710209e-08
-1.36879421e-07
3.61421265e-09
-1.36932297e-07
-9.81894767e-09
-1.3545439e-07
-2.54550763e-08
-1.32592014e-07
-4.4006883e-08
-1.27978574e-07
-6.60164867e-08
-1.20061546e-07
-9.09839061e-08
-1.05538269e-07
-1.15453096e-07
-8.03999132e-08
-1.30093767e-07
-4.47003779e-08
-1.18632223e-07
-1.03972079e-08
-6.80112867e-08
-1.48223406e-09
-2.19635358e-08
1.68357624e-07
-4.15672033e-08
1.47796742e-07
-5.7322749e-08
1.1687946e-07
-7.04548952e-08
9.14684725e-08
-8.19535757e-08
7.29404027e-08
-9.1682642e-08
5.8114154e-08
-9.93454237e-08
4.48768532e-08
-1.04879713e-07
3.20929051e-08
-1.08478167e-07
1.91694758e-08
-1.10471526e-07
5.60757287e-09
-1.11171082e-07
-9.11939089e-09
-1.11032128e-07
-2.55940293e-08
-1.10599932e-07
-4.44390772e-08
-1.10249534e-07
-6.63668841e-08
-1.09366252e-07
-9.18671873e-08
-1.04910315e-07
-1.19909031e-07
-9.05320791e-08
-1.44472001e-07
-6.00413105e-08
-1.49122992e-07
-1.94278624e-08
-1.0862473e-07
-2.09100967e-08
-1.51533665e-08
1.83510992e-07
-2.92982198e-08
1.61941597e-07
-4.15468168e-08
1.29128059e-07
-5.23372184e-08
1.02258875e-07
-6.21944669e-08
8.27976525e-08
-7.05423326e-08
6.64620208e-08
-7.70575207e-08
5.13920425e-08
-8.18153088e-08
3.68506945e-08
-8.50725718e-08
2.24267399e-08
-8.70702475e-08
7.60524972e-09
-8.80382795e-08
-8.15135774e-09
-8.83146433e-08
-2.53176643e-08
-8.84205429e-08
-4.43331764e-08
-8.90686948e-08
-6.5718731e-08
-9.07919602e-08
-9.01439206e-08
-9.25033318e-08
-1.18197659e-07
-8.86532836e-08
-1.48322048e-07
-6.88939558e-08
-1.68882317e-07
-3.0115687e-08
-1.47403e-07
-5.10257811e-08
-9.52791213e-09
1.93038905e-07
-1.93593294e-08
1.71773015e-07
-2.8918282e-08
1.38687012e-07
-3.74240325e-08
1.10764627e-07
-4.54348036e-08
9.08084248e-08
-5.21434441e-08
7.31706625e-08
-5.73675101e-08
5.66161098e-08
-6.13046153e-08
4.07878008e-08
-6.4194797e-08
2.53169229e-08
-6.61790364e-08
9.58949035e-09
-6.7393675e-08
-6.93671783e-09
-6.80575434e-08
-2.46537946e-08
-6.84648759e-08
-4.39258426e-08
-6.90492707e-08
-6.51343349e-08
-7.05572525e-08
-8.86359375e-08
-7.37686871e-08
-1.14986223e-07
-7.66471385e-08
-1.45443596e-07
-6.86606599e-08
-1.76868796e-07
-3.72295848e-08
-1.7883407e-07
-8.82553657e-08
-4.39007846e-09
1.97428985e-07
-1.11767328e-08
1.78559671e-07
-1.84282451e-08
1.45938526e-07
-2.45082261e-08
1.1684461e-07
-3.06543038e-08
9.69545037e-08
-3.56754526e-08
7.81918127e-08
-3.96168686e-08
6.05575272e-08
-4.27058042e-08
4.38767377e-08
-4.51034029e-08
2.77145229e-08
-4.68797643e-08
1.13658531e-08
-4.81582748e-08
-5.65820598e-09
-4.91479009e-08
-2.36641671e-08
-5.00377325e-08
-4.30360096e-08
-5.09274701e-08
-6.4244596e-08
-5.19585463e-08
-8.76048599e-08
-5.40951599e-08
-1.12849608e-07
-5.87673141e-08
-1.4077144e-07
-5.99370209e-08
-1.75699086e-07
-3.90635755e-08
-1.99707516e-07
-1.27318939e-07
8.43049643e-10
1.96585936e-07
-4.53354973e-09
1.83936271e-07
-9.04328498e-09
1.50448263e-07
-1.28533766e-08
1.20654703e-07
-1.72418974e-08
1.01343026e-07
-2.05588741e-08
8.15087909e-08
-2.32706312e-08
6.32692857e-08
-2.54759574e-08
4.60820652e-08
-2.72756373e-08
2.95142043e-08
-2.87258821e-08
1.28160993e-08
-2.994076e-08
-4.44332667e-09
-3.10873205e-08
-2.25176051e-08
-3.23298443e-08
-4.17934844e-08
-3.37653054e-08
-6.28091335e-08
-3.51271204e-08
-8.62430435e-08
-3.64313449e-08
-1.11545382e-07
-3.98763087e-08
-1.37326475e-07
-4.58618848e-08
-1.6971351e-07
-3.59082426e-08
-2.09661154e-07
-1.63227181e-07
5.43138616e-09
1.91154552e-07
1.70828965e-09
1.87659369e-07
7.03673914e-10
1.5145288e-07
-2.48400856e-09
1.23842386e-07
-4.51022614e-09
1.03369245e-07
-6.3005741e-09
8.32991402e-08
-7.80512357e-09
6.47738365e-08
-9.10974552e-09
4.73866886e-08
-1.02570715e-08
3.06615317e-08
-1.13497683e-08
1.39087974e-08
-1.25177257e-08
-3.27536778e-09
-1.37745225e-08
-2.12608069e-08
-1.52118846e-08
-4.03561209e-08
-1.70290527e-08
-6.09919639e-08
-1.90963033e-08
-8.41757914e-08
-2.08972361e-08
-1.09744448e-07
-2.3146711e-08
-1.35076999e-07
-3.01247322e-08
-1.62735486e-07
-2.92532418e-08
-2.10532644e-07
-1.92480421e-07
1.07443011e-08
1.80410251e-07
9.66620197e-09
1.88737469e-07
8.70369988e-09
1.52415383e-07
8.15163411e-09
1.24394453e-07
7.97628482e-09
1.03544595e-07
7.60629072e-09
8.36691357e-08
7.29627345e-09
6.50838552e-08
6.90769407e-09
4.77752693e-08
6.39779731e-09
3.11714298e-08
5.68029653e-09
1.46262997e-08
4.67123301e-09
-2.26630284e-09
3.37114903e-09
-1.99607215e-08
1.66223256e-09
-3.86472029e-08
-5.65000727e-10
-5.87647292e-08
-3.26348349e-09
-8.14773072e-08
-6.42211723e-09
-1.06585813e-07
-9.43690822e-09
-1.32062207e-07
-1.57500999e-08
-1.56422295e-07
-2.12248325e-08
-2.05057909e-07
-2.13705254e-07
1.56697735e-08
1.64740479e-07
1.77987423e-08
1.86608502e-07
1.80998191e-08
1.52114307e-07
1.87816013e-08
1.23712673e-07
2.04206027e-08
1.01905595e-07
2.16554012e-08
8.24343385e-08
2.25849084e-08
6.41543492e-08
2.3216791e-08
4.71433881e-08
2.34745905e-08
3.09136316e-08
2.32521503e-08
1.48487411e-08
2.24681679e-08
-1.48231907e-09
2.10777577e-08
-1.85703099e-08
1.89658652e-08
-3.65353091e-08
1.616451e-08
-5.59633726e-08
1.24852056e-08
-7.77980014e-08
7.8284252e-09
-1.01929032e-07
2.69810621e-09
-1.26931887e-07
-4.88775616e-09
-1.4883643e-07
-1.31576097e-08
-1.96788055e-07
-2.26862862e-07
1.99988871e-08
1.44741593e-07
2.68958468e-08
1.79711543e-07
2.85376752e-08
1.5047248e-07
3.02047418e-08
1.22045607e-07
3.31685052e-08
9.89418331e-08
3.6115915e-08
7.94869298e-08
3.84946872e-08
6.17755783e-08
4.02998686e-08
4.53382078e-08
4.1476951e-08
2.97365503e-08
4.19049292e-08
1.44207642e-08
4.14267818e-08
-1.00417046e-09
3.99144403e-08
-1.70579671e-08
3.73206919e-08
-3.39415594e-08
3.367066e-08
-5.23133394e-08
2.86448837e-08
-7.27722238e-08
2.18371819e-08
-9.51213287e-08
1.30725035e-08
-1.18167208e-07
3.83957925e-09
-1.39603505e-07
-4.58370974e-09
-1.88364763e-07
-2.31446572e-07
2.33183501e-08
1.21423244e-07
3.62801874e-08
1.66749707e-07
4.0461466e-08
1.46291203e-07
4.31556685e-08
1.19351406e-07
4.68999869e-08
9.51975157e-08
5.12888471e-08
7.50980707e-08
5.52583267e-08
5.78060997e-08
5.8405934e-08
4.21906016e-08
6.06091472e-08
2.75333382e-08
6.17362252e-08
1.32936873e-08
6.1589893e-08
-8.57837166e-10
6.00685772e-08
-1.55366502e-08
5.70911347e-08
-3.09641158e-08
5.24513249e-08
-4.76735285e-08
4.55917246e-08
-6.59126224e-08
3.60317012e-08
-8.55613042e-08
2.41461668e-08
-1.06281672e-07
1.31719898e-08
-1.28629327e-07
3.20646134e-09
-1.78399235e-07
-2.28240109e-07
2.47640944e-08
9.665915e-08
4.44744575e-08
1.47039344e-07
5.31827266e-08
1.37582934e-07
5.79261904e-08
1.14607943e-07
6.25463217e-08
9.05773854e-08
6.79604764e-08
6.9683917e-08
7.33481462e-08
5.24184308e-08
7.79138143e-08
3.76249344e-08
8.12710194e-08
2.4176134e-08
8.32014382e-08
1.13632695e-08
8.35777762e-08
-1.23417427e-09
8.21925806e-08
-1.41514537e-08
7.87543322e-08
-2.75258664e-08
7.2729297e-08
-4.16484925e-08
6.35490701e-08
-5.67323945e-08
5.11250161e-08
-7.31372494e-08
3.64891762e-08
-9.16458316e-08
2.27852386e-08
-1.14925389e-07
9.6236159e-09
-1.6523761e-07
-2.18616493e-07
2.40361468e-08
7.26230043e-08
4.98981606e-08
1.21177332e-07
6.47682774e-08
1.22712818e-07
7.3661441e-08
1.0571478e-07
8.05119592e-08
8.3726868e-08
8.71989761e-08
6.29969008e-08
9.37978559e-08
4.58195518e-08
9.96571222e-08
3.17656688e-08
1.04213352e-07
1.96199051e-08
1.07104987e-07
8.47163552e-09
1.07974473e-07
-2.10366002e-09
1.06459238e-07
-1.26362178e-08
1.02034665e-07
-2.31012924e-08
9.4251263e-08
-3.38650901e-08
8.29101289e-08
-4.53912597e-08
6.83666233e-08
-5.85937431e-08
5.18149065e-08
-7.50941144e-08
3.56486228e-08
-9.87591038e-08
1.81691636e-08
-1.47758151e-07
-2.00447329e-07
2.00921228e-08
5.25308819e-08
4.90077765e-08
9.22616784e-08
7.12939695e-08
1.00426626e-07
8.70423054e-08
8.99664448e-08
9.86099755e-08
7.21591985e-08
1.08070492e-07
5.35363847e-08
1.16314732e-07
3.75753124e-08
1.2330132e-07
2.47790815e-08
1.28670705e-07
1.42505203e-08
1.32023672e-07
5.11866957e-09
1.3298871e-07
-3.06869814e-09
1.31041347e-07
-1.06888537e-08
1.2599572e-07
-1.80556653e-08
1.17746491e-07
-2.56158598e-08
1.0631012e-07
-3.39548888e-08
9.18030504e-08
-4.40866729e-08
7.45655426e-08
-5.78566059e-08
5.53642249e-08
-7.95577865e-08
3.05409707e-08
-1.22934895e-07
-1.69906359e-07
1.79626915e-08
3.45681913e-08
4.4586248e-08
6.56381224e-08
7.2240478e-08
7.27723963e-08
9.47523269e-08
6.74545963e-08
1.1255354e-07
5.43579858e-08
1.26648944e-07
3.94409812e-08
1.37824783e-07
2.6399474e-08
1.46542845e-07
1.60610193e-08
1.52953549e-07
7.83981611e-09
1.57082701e-07
9.89518824e-10
1.58995108e-07
-4.98110491e-09
1.58741449e-07
-1.04351945e-08
1.56293246e-07
-1.56074623e-08
1.51348524e-07
-2.06711372e-08
1.4323143e-07
-2.58377942e-08
1.30845243e-07
-3.17004865e-08
1.12789904e-07
-3.98012661e-08
8.74212234e-08
-5.41891049e-08
4.94332635e-08
-8.49469366e-08
-1.20473095e-07
2.34842336e-08
1.10839575e-08
5.13148971e-08
3.7807459e-08
7.67757224e-08
4.73115712e-08
1.02739781e-07
4.14905379e-08
1.26890377e-07
3.02073903e-08
1.47245305e-07
1.9086053e-08
1.637378e-07
9.9069789e-09
1.77167815e-07
2.63100446e-09
1.88343625e-07
-3.33599436e-09
1.97603701e-07
-8.2705569e-09
2.04867448e-07
-1.22448516e-08
2.09880272e-07
-1.54480179e-08
2.12210074e-07
-1.79372644e-08
2.1110503e-07
-1.95660929e-08
2.05298554e-07
-2.00313183e-08
1.92812205e-07
-1.92141377e-08
1.70725665e-07
-1.77147255e-08
1.34361713e-07
-1.78251541e-08
7.62712256e-08
-2.68564475e-08
-4.42018698e-08
5.53682214e-09
5.54713604e-09
4.10350089e-08
2.30927235e-09
8.36476083e-08
4.69897187e-09
1.23853097e-07
1.28504947e-09
1.59534635e-07
-5.4741482e-09
1.89158862e-07
-1.05381735e-08
2.13098222e-07
-1.40323817e-08
2.32022458e-07
-1.62932315e-08
2.46250316e-07
-1.75638526e-08
2.56059337e-07
-1.80795783e-08
2.61885579e-07
-1.80710937e-08
2.64152104e-07
-1.77145435e-08
2.63213206e-07
-1.69983665e-08
2.59275234e-07
-1.56281207e-08
2.52141944e-07
-1.28980287e-08
2.40330534e-07
-7.4027272e-09
2.19049248e-07
3.56655957e-09
1.77494385e-07
2.37297104e-08
1.0313585e-07
4.75020858e-08
5.89339806e-08
1.45912546e-08
-9.04411965e-09
4.21325757e-08
-2.52320492e-08
7.53923988e-08
-2.85608516e-08
1.11682764e-07
-3.50053157e-08
1.425654e-07
-3.63567849e-08
1.66266991e-07
-3.42397644e-08
1.83270851e-07
-3.10362427e-08
1.94476345e-07
-2.74987253e-08
2.00661776e-07
-2.37492842e-08
2.02459826e-07
-1.98776286e-08
2.00437294e-07
-1.60485625e-08
1.95125717e-07
-1.24029667e-08
1.87100981e-07
-8.97363005e-09
1.77142473e-07
-5.66961318e-09
1.66024676e-07
-1.78023201e-09
1.54265752e-07
4.35619662e-09
1.39995328e-07
1.78369831e-08
1.16188101e-07
4.7536936e-08
6.90919093e-08
9.45982789e-08
1.28025889e-07
4.3210793e-09
-1.33651984e-08
2.131515e-08
-4.22261201e-08
5.66177026e-08
-6.38634046e-08
8.81376675e-08
-6.65252811e-08
1.1416938e-07
-6.23884978e-08
1.34431828e-07
-5.4502213e-08
1.48765369e-07
-4.53697846e-08
1.57668692e-07
-3.64020491e-08
1.61803474e-07
-2.78840668e-08
1.61633973e-07
-1.97081276e-08
1.57410732e-07
-1.18253223e-08
1.49333979e-07
-4.32621397e-09
1.3778367e-07
2.57667852e-09
1.23698337e-07
8.41571932e-09
1.08500061e-07
1.34180431e-08
9.4026351e-08
1.88299064e-08
8.16707926e-08
3.01925408e-08
6.76966564e-08
6.15110727e-08
4.06444176e-08
1.21650515e-07
1.68670307e-07
1.54633051e-08
-2.88285053e-08
3.78077132e-08
-6.4570529e-08
6.46418764e-08
-9.06975686e-08
9.26471738e-08
-9.45305791e-08
1.1506852e-07
-8.48098449e-08
1.31064439e-07
-7.04981326e-08
1.41904908e-07
-5.62102544e-08
1.48728732e-07
-4.32258732e-08
1.52117134e-07
-3.12724699e-08
1.52199614e-07
-1.97906086e-08
1.48788926e-07
-8.41463515e-09
1.41478379e-07
2.98433226e-09
1.29670878e-07
1.43841796e-08
1.13376473e-07
2.47101235e-08
9.36997716e-08
3.30947434e-08
7.31684324e-08
3.93612448e-08
5.55708833e-08
4.77900895e-08
4.1992361e-08
7.50895929e-08
2.40126462e-08
1.39630231e-07
1.92682951e-07
1.41625797e-08
-4.29910843e-08
4.36132154e-08
-9.40211651e-08
7.19764869e-08
-1.19060841e-07
9.35781633e-08
-1.16132256e-07
1.08413347e-07
-9.96450292e-08
1.18397233e-07
-8.04820194e-08
1.25426497e-07
-6.32395193e-08
1.30367257e-07
-4.81666347e-08
1.33324642e-07
-3.42298551e-08
1.34101863e-07
-2.05678305e-08
1.32325038e-07
-6.63781111e-09
1.27303715e-07
8.00565408e-09
1.18301873e-07
2.3386021e-08
1.04459464e-07
3.85525316e-08
8.58909393e-08
5.16632674e-08
6.44453733e-08
6.08068099e-08
4.41695221e-08
6.80659397e-08
2.90156246e-08
9.02434908e-08
1.4751502e-08
1.5389435e-07
2.07434454e-07
2.06737767e-08
-6.36648632e-08
5.22969506e-08
-1.2564434e-07
7.35107196e-08
-1.40274611e-07
8.60448046e-08
-1.28666342e-07
9.37073375e-08
-1.07307563e-07
9.93225442e-08
-8.6097227e-08
1.03984763e-07
-6.79017392e-08
1.07634412e-07
-5.1816285e-08
1.09971515e-07
-3.65669586e-08
1.10821899e-07
-2.14182161e-08
1.10023931e-07
-5.83984313e-09
1.07168683e-07
1.08609009e-08
1.01386865e-07
2.91678379e-08
9.13886013e-08
4.85507941e-08
7.63866728e-08
6.66651948e-08
5.72804152e-08
7.99130665e-08
3.74571488e-08
8.78892053e-08
2.16595191e-08
1.06041118e-07
9.12228958e-09
1.6643158e-07
2.16556741e-07
2.42747301e-08
-8.79395923e-08
5.23104603e-08
-1.53680071e-07
6.64714785e-08
-1.5443563e-07
7.21130405e-08
-1.34307905e-07
7.54422318e-08
-1.10636755e-07
7.89629715e-08
-8.96179679e-08
8.23747531e-08
-7.13135218e-08
8.48900441e-08
-5.43315771e-08
8.6200867e-08
-3.78777825e-08
8.63643817e-08
-2.15817319e-08
8.55367341e-08
-5.01219671e-09
8.37654348e-08
1.26321991e-08
8.04789606e-08
3.2454311e-08
7.42514169e-08
5.47783366e-08
6.35942743e-08
7.73223362e-08
4.8474683e-08
9.50326566e-08
3.1311328e-08
1.05052559e-07
1.65084936e-08
1.20843953e-07
5.27722423e-09
1.77662845e-07
2.21833966e-07
2.59676269e-08
-1.13907222e-07
4.73058674e-08
-1.75018312e-07
5.45302873e-08
-1.61660051e-07
5.62021243e-08
-1.35979743e-07
5.80460393e-08
-1.12480671e-07
6.09881055e-08
-9.25600353e-08
6.36657322e-08
-7.39911497e-08
6.52636952e-08
-5.59295411e-08
6.57329095e-08
-3.83469981e-08
6.52405152e-08
-2.10893388e-08
6.39868051e-08
-3.75848785e-09
6.22236282e-08
1.43953748e-08
5.98900225e-08
3.47879155e-08
5.59906078e-08
5.867775e-08
4.88900609e-08
8.44228818e-08
3.79147272e-08
1.06007989e-07
2.4414626e-08
1.18552659e-07
1.18970362e-08
1.33361539e-07
2.15551227e-09
1.87404371e-07
2.23989475e-07
2.4816184e-08
-1.38723405e-07
3.88340797e-08
-1.89036209e-07
4.11231754e-08
-1.63949147e-07
4.13626031e-08
-1.36219172e-07
4.32403667e-08
-1.14358436e-07
4.58794654e-08
-9.51991352e-08
4.77472943e-08
-7.58589798e-08
4.85283739e-08
-5.67106219e-08
4.84335668e-08
-3.82521922e-08
4.76003841e-08
-2.02561575e-08
4.60608526e-08
-2.21895762e-09
4.39888033e-08
1.64674228e-08
4.16586495e-08
3.7118068e-08
3.87006134e-08
6.16357846e-08
3.38756164e-08
8.92478773e-08
2.64061496e-08
1.13477454e-07
1.66280777e-08
1.2833073e-07
6.69688566e-09
1.43292732e-07
-1.95992217e-09
1.96061172e-07
2.22029554e-07
2.1656794e-08
-1.60380201e-07
2.91483617e-08
-1.96527778e-07
2.87196114e-08
-1.63520398e-07
2.86851137e-08
-1.36184676e-07
3.06259423e-08
-1.16299266e-07
3.24822807e-08
-9.70554749e-08
3.33147972e-08
-7.66914975e-08
3.32907545e-08
-5.66865806e-08
3.27319635e-08
-3.76934025e-08
3.16925298e-08
-1.9216725e-08
3.0099026e-08
-6.2545522e-10
2.79421011e-08
1.86243464e-08
2.55001656e-08
3.95600021e-08
2.28183352e-08
6.43176134e-08
1.92987228e-08
9.27674881e-08
1.4584118e-08
1.18192058e-07
8.27448186e-09
1.34640365e-07
-1.98879026e-10
1.51766089e-07
-7.77136618e-09
2.03633662e-07
2.14258183e-07
1.74067294e-08
-1.7778693e-07
1.9709667e-08
-1.98830716e-07
1.81260052e-08
-1.61936738e-07
1.78679087e-08
-1.35926581e-07
1.91763862e-08
-1.17607745e-07
1.98205335e-08
-9.76996235e-08
1.95926127e-08
-7.6463578e-08
1.88033997e-08
-5.58973689e-08
1.77901763e-08
-3.66801804e-08
1.6557354e-08
-1.79839041e-08
1.49446418e-08
9.87255539e-10
1.29095907e-08
2.06593961e-08
1.04884262e-08
4.19811651e-08
7.90586621e-09
6.69001718e-08
5.37795003e-09
9.52954026e-08
2.72762205e-09
1.20842384e-07
-3.48093654e-10
1.37716079e-07
-6.88648831e-09
1.58304485e-07
-1.35112728e-08
2.10258438e-07
2.00746912e-07
1.26894796e-08
-1.90476412e-07
1.13364634e-08
-1.97477701e-07
9.06809047e-09
-1.59668366e-07
8.19075832e-09
-1.3504925e-07
8.11222665e-09
-1.17529215e-07
7.45580972e-09
-9.70432079e-08
6.29563615e-09
-7.53034058e-08
4.82214153e-09
-5.44238756e-08
3.33864668e-09
-3.51966869e-08
1.83443126e-09
-1.647969e-08
1.84941393e-10
2.63674404e-09
-1.80645255e-09
2.26507887e-08
-4.22037357e-09
4.43950847e-08
-6.74334196e-09
6.94231385e-08
-8.48410869e-09
9.70361675e-08
-9.15712267e-09
1.21515397e-07
-1.03007359e-08
1.38859691e-07
-1.66454513e-08
1.64649195e-07
-1.98490019e-08
2.13461992e-07
1.80897905e-07
7.77447046e-09
-1.98250881e-07
4.09899191e-09
-1.93802223e-07
1.74399037e-09
-1.57313366e-07
-1.50939341e-09
-1.31795867e-07
-3.03505911e-09
-1.1600355e-07
-4.77698013e-09
-9.53012881e-08
-6.75606515e-09
-7.3324322e-08
-8.85491966e-09
-5.23250223e-08
-1.0839801e-08
-3.32118067e-08
-1.26794132e-08
-1.4640079e-08
-1.45423895e-08
4.49971924e-09
-1.66488201e-08
2.47572182e-08
-1.91282737e-08
4.68745369e-08
-2.13920644e-08
7.16869277e-08
-2.21248723e-08
9.77689738e-08
-2.12088863e-08
1.20599409e-07
-2.21785644e-08
1.39829368e-07
-2.89222521e-08
1.71392885e-07
-2.65103491e-08
2.11050079e-07
1.54387557e-07
3.24704834e-09
-2.01497933e-07
-2.22241271e-09
-1.88332764e-07
-6.30798633e-09
-1.53227793e-07
-1.01851718e-08
-1.27918683e-07
-1.40291445e-08
-1.12159579e-07
-1.70292142e-08
-9.23012195e-08
-1.98675062e-08
-7.04860311e-08
-2.25928971e-08
-4.95996325e-08
-2.51880249e-08
-3.061668e-08
-2.75699364e-08
-1.22581685e-08
-2.98216508e-08
6.75143258e-09
-3.21276721e-08
2.70632384e-08
-3.44319665e-08
4.917883e-08
-3.59024888e-08
7.31574485e-08
-3.54438603e-08
9.73103439e-08
-3.40872805e-08
1.19242828e-07
-3.65780699e-08
1.42320157e-07
-4.24439015e-08
1.77258711e-07
-3.23741875e-08
2.0098037e-07
1.22013364e-07
-6.18111416e-10
-2.0087982e-07
-7.02610735e-09
-1.81924769e-07
-1.38019836e-08
-1.46451918e-07
-1.96647477e-08
-1.2205592e-07
-2.54140783e-08
-1.06410249e-07
-2.99072098e-08
-8.78080891e-08
-3.35608212e-08
-6.68324207e-08
-3.68681407e-08
-4.62923139e-08
-4.00489348e-08
-2.74358867e-08
-4.29975002e-08
-9.30960393e-09
-4.56432171e-08
9.39714874e-09
-4.79672213e-08
2.93872416e-08
-4.96808525e-08
5.08924601e-08
-5.00689908e-08
7.35455855e-08
-4.90360411e-08
9.62773931e-08
-4.90206934e-08
1.19227479e-07
-5.34906715e-08
1.46790134e-07
-5.54851264e-08
1.79253168e-07
-3.59745818e-08
1.81469814e-07
8.60387843e-08
-4.76139801e-09
-1.96118426e-07
-1.23298422e-08
-1.74356326e-07
-2.11498487e-08
-1.37631913e-07
-2.95709838e-08
-1.13634786e-07
-3.74944525e-08
-9.84867815e-08
-4.37250652e-08
-8.15774773e-08
-4.83987055e-08
-6.21587811e-08
-5.2241067e-08
-4.24499532e-08
-5.57894016e-08
-2.38875527e-08
-5.90441275e-08
-6.05487855e-09
-6.17767699e-08
1.21297905e-08
-6.37468635e-08
3.13573346e-08
-6.46652403e-08
5.1810836e-08
-6.44856413e-08
7.33659855e-08
-6.43750885e-08
9.61668393e-08
-6.68443676e-08
1.21696758e-07
-7.11231294e-08
1.51068895e-07
-6.53287506e-08
1.73458783e-07
-3.58363275e-08
1.51977396e-07
5.02024506e-08
-8.53078446e-09
-1.87587639e-07
-1.83592143e-08
-1.64527896e-07
-2.89750918e-08
-1.27016036e-07
-3.98971851e-08
-1.02712693e-07
-5.03261196e-08
-8.80578477e-08
-5.87355354e-08
-7.3168062e-08
-6.48702287e-08
-5.60240884e-08
-6.94059208e-08
-3.79142615e-08
-7.31129646e-08
-2.01805093e-08
-7.62469801e-08
-2.92086324e-09
-7.86352105e-08
1.45180205e-08
-8.00770979e-08
3.27992216e-08
-8.0658865e-08
5.23926025e-08
-8.11218515e-08
7.38289715e-08
-8.2902821e-08
9.79478082e-08
-8.6246361e-08
1.25040297e-07
-8.56840529e-08
1.50506586e-07
-6.90988832e-08
1.56873616e-07
-3.17070091e-08
1.14585511e-07
1.84954444e-08
-1.2707383e-08
-1.7488026e-07
-2.53586351e-08
-1.51876646e-07
-3.77567682e-08
-1.14617904e-07
-5.08688136e-08
-8.96006484e-08
-6.38558402e-08
-7.50708216e-08
-7.48417535e-08
-6.2182149e-08
-8.30580531e-08
-4.78077891e-08
-8.88365606e-08
-3.21357542e-08
-9.29387291e-08
-1.60783408e-08
-9.59252976e-08
6.57053354e-11
-9.79423941e-08
1.65351171e-08
-9.91734194e-08
3.40302469e-08
-1.0009166e-07
5.33108432e-08
-1.01437451e-07
7.51747625e-08
-1.03288216e-07
9.97985724e-08
-1.02862973e-07
1.24615055e-07
-9.27528044e-08
1.40396417e-07
-6.48135683e-08
1.28934375e-07
-2.34084881e-08
7.3180437e-08
-4.91304888e-09
-1.78425081e-08
-1.5703775e-07
-3.40236156e-08
-1.35695538e-07
-4.82804498e-08
-1.00361069e-07
-6.30294213e-08
-7.4851677e-08
-7.81295637e-08
-5.99706791e-08
-9.16599926e-08
-4.86517201e-08
-1.02384387e-07
-3.70833946e-08
-1.10140856e-07
-2.43792852e-08
-1.15442379e-07
-1.07768175e-08
-1.18930391e-07
3.55371837e-09
-1.21077014e-07
1.86817401e-08
-1.22308159e-07
3.52613928e-08
-1.22927672e-07
5.39303564e-08
-1.22739742e-07
7.49868326e-08
-1.20076327e-07
9.71351574e-08
-1.10806213e-07
1.1534494e-07
-8.9187965e-08
1.18778168e-07
-5.30330334e-08
9.27794463e-08
-1.34723424e-08
3.36197363e-08
-1.83853873e-08
-2.44565304e-08
-1.32581223e-07
-4.54178576e-08
-1.14734211e-07
-6.19907502e-08
-8.37881768e-08
-7.77268644e-08
-5.91155626e-08
-9.38824718e-08
-4.38150713e-08
-1.09124398e-07
-3.34097935e-08
-1.22033593e-07
-2.41741987e-08
-1.31975883e-07
-1.44369948e-08
-1.39043456e-07
-3.70924335e-09
-1.43536163e-07
8.04642551e-09
-1.45838049e-07
2.09836273e-08
-1.46039428e-07
3.54627727e-08
-1.4378748e-07
5.16784086e-08
-1.37938549e-07
6.91379024e-08
-1.26235516e-07
8.54321242e-08
-1.05598638e-07
9.4708062e-08
-7.42847491e-08
8.74642781e-08
-3.6734779e-08
5.52294716e-08
-7.04761512e-09
3.93258106e-09
-2.54330065e-08
-3.3095159e-08
-9.94860605e-08
-6.08543852e-08
-8.69749841e-08
-8.10308487e-08
-6.36117126e-08
-9.75315811e-08
-4.26148293e-08
-1.13310734e-07
-2.80359176e-08
-1.28473936e-07
-1.82465905e-08
-1.42013237e-07
-1.06348968e-08
-1.52964753e-07
-3.48547832e-09
-1.60849521e-07
4.17552643e-09
-1.65401375e-07
1.259828e-08
-1.6637358e-07
2.1955834e-08
-1.63194087e-07
3.22832804e-08
-1.5486687e-07
4.33511921e-08
-1.39990904e-07
5.42619375e-08
-1.17178125e-07
6.26193459e-08
-8.61073061e-08
6.36372426e-08
-4.96593467e-08
5.10163193e-08
-1.7547162e-08
2.3117292e-08
-1.59695419e-09
-1.20176349e-08
-2.7029956e-08
-4.38032888e-08
-5.56827744e-08
-8.06567758e-08
-5.01214971e-08
-1.06745375e-07
-3.75231121e-08
-1.25251762e-07
-2.41084413e-08
-1.40008434e-07
-1.32792446e-08
-1.52938655e-07
-5.31636816e-09
-1.64372394e-07
7.98843002e-10
-1.73346764e-07
5.48889344e-09
-1.79093309e-07
9.92207247e-09
-1.80772706e-07
1.42776782e-08
-1.77450782e-07
1.86339118e-08
-1.68021777e-07
2.2854277e-08
-1.51237064e-07
2.65664799e-08
-1.26095779e-07
2.91206539e-08
-9.28013694e-08
2.93249373e-08
-5.42650432e-08
2.51009178e-08
-1.75447605e-08
1.42960376e-08
5.36331157e-09
2.09216748e-10
8.83324424e-09
-1.54875575e-08
-1.81967152e-08
-5.39407998e-08
-1.74197037e-09
-9.99477045e-08
-4.1145905e-09
-1.34090705e-07
-3.38011052e-09
-1.57927458e-07
-2.71686232e-10
-1.74334271e-07
3.12756962e-09
-1.85677425e-07
6.02678687e-09
-1.93041708e-07
8.16312855e-09
-1.96976805e-07
9.42399112e-09
-1.96977924e-07
9.92319322e-09
-1.92269637e-07
9.56939331e-09
-1.81858845e-07
8.22312081e-09
-1.64692831e-07
5.68826444e-09
-1.39822712e-07
1.69636232e-09
-1.06857156e-07
-3.84490059e-09
-6.70036802e-08
-1.05285366e-08
-2.51492405e-08
-1.67535204e-08
8.55628048e-09
-1.94094811e-08
2.45290171e-08
-1.57635132e-08
1.72760995e-08
-8.23464684e-09
-9.20610568e-10
-5.48009188e-08
5.30589471e-08
-1.02471933e-07
4.35564251e-08
-1.38977456e-07
3.31254138e-08
-1.65123819e-07
2.58746783e-08
-1.83395821e-07
2.13995729e-08
-1.95721326e-07
1.83522944e-08
-2.03258296e-07
1.57000999e-08
-2.06594621e-07
1.27603178e-08
-2.0576394e-07
9.09251463e-09
-2.00446994e-07
4.25244823e-09
-1.90182695e-07
-2.04117622e-09
-1.74395264e-07
-1.00991653e-08
-1.52233679e-07
-2.0465221e-08
-1.23165422e-07
-3.29131556e-08
-8.77348368e-08
-4.59591202e-08
-4.90577618e-08
-5.54305928e-08
-1.41807465e-08
-5.42864942e-08
7.94778316e-09
-3.78920451e-08
9.85347847e-09
-1.0140331e-08
8.93286525e-09
-4.64593746e-08
9.95183266e-08
-8.7498991e-08
8.45960442e-08
-1.19259359e-07
6.48857842e-08
-1.43207334e-07
4.98226555e-08
-1.6124801e-07
3.94402505e-08
-1.74595997e-07
3.1700283e-08
-1.83988051e-07
2.50921563e-08
-1.89855017e-07
1.86272853e-08
-1.92391454e-07
1.16289541e-08
-1.91533328e-07
3.39432418e-09
-1.87218733e-07
-6.35576998e-09
-1.78886491e-07
-1.8431405e-08
-1.65877939e-07
-3.34737716e-08
-1.472168e-07
-5.15742919e-08
-1.21932998e-07
-7.12429205e-08
-8.97571691e-08
-8.76064194e-08
-5.27639179e-08
-9.12797423e-08
-1.92649802e-08
-7.13909754e-08
-1.27414906e-09
-2.81311677e-08
7.65872219e-09
-3.62041454e-08
1.35722472e-07
-6.82730109e-08
1.16664912e-07
-9.33080798e-08
8.99208554e-08
-1.13039817e-07
6.95543948e-08
-1.28863137e-07
5.52635731e-08
-1.41294567e-07
4.41317154e-08
-1.50651598e-07
3.44491892e-08
-1.57232914e-07
2.52086038e-08
-1.61309669e-07
1.57057114e-08
-1.63195056e-07
5.27971331e-09
-1.62912243e-07
-6.63858106e-09
-1.60479414e-07
-2.08642317e-08
-1.55671159e-07
-3.82820251e-08
-1.4768752e-07
-5.95579281e-08
-1.34732438e-07
-8.41979997e-08
-1.13810248e-07
-1.08528607e-07
-8.21839773e-08
-1.2290601e-07
-4.23959961e-08
-1.11178958e-07
-8.69564911e-09
-6.18315028e-08
-1.03692831e-09
-2.67702314e-08
1.62492709e-07
-5.06467305e-08
1.40541414e-07
-6.9588513e-08
1.08862641e-07
-8.52797404e-08
8.52456248e-08
-9.86034816e-08
6.85873169e-08
-1.09535773e-07
5.50640094e-08
-1.18095773e-07
4.30091918e-08
-1.24435814e-07
3.1548647e-08
-1.28780468e-07
2.00503684e-08
-1.31409461e-07
7.90870786e-09
-1.32547471e-07
-5.50056808e-09
-1.32552947e-07
-2.0858754e-08
-1.31863236e-07
-3.89717332e-08
-1.30596713e-07
-6.08244491e-08
-1.27637607e-07
-8.7157103e-08
-1.19341123e-07
-1.16825089e-07
-9.93369246e-08
-1.42910206e-07
-6.28159669e-08
-1.47699909e-07
-1.84562716e-08
-1.06191201e-07
-1.94931934e-08
-1.8856756e-08
1.81349466e-07
-3.61620265e-08
1.57846687e-07
-5.04354555e-08
1.23136072e-07
-6.29009889e-08
9.77111611e-08
-7.40835401e-08
7.97698708e-08
-8.36429201e-08
6.46233922e-08
-9.1424981e-08
5.07912555e-08
-9.74208246e-08
3.75444934e-08
-1.01678235e-07
2.43077812e-08
-1.0428973e-07
1.05202057e-08
-1.05458256e-07
-4.33203941e-09
-1.05608343e-07
-2.07086645e-08
-1.05461096e-07
-3.91189776e-08
-1.05961291e-07
-6.03242512e-08
-1.07568324e-07
-8.55500671e-08
-1.0832259e-07
-1.1607082e-07
-1.01253158e-07
-1.49979635e-07
-7.59082251e-08
-1.73044842e-07
-3.15221698e-08
-1.50577246e-07
-5.10153633e-08
-1.24197111e-08
1.93769181e-07
-2.46348866e-08
1.70061866e-07
-3.54854601e-08
1.33986649e-07
-4.53124836e-08
1.07538188e-07
-5.45593987e-08
8.90167888e-08
-6.27045855e-08
7.27685819e-08
-6.95016966e-08
5.75883696e-08
-7.48468845e-08
4.28896841e-08
-7.87191839e-08
2.81800836e-08
-8.11732302e-08
1.29742548e-08
-8.23435115e-08
-3.16175518e-09
-8.24946965e-08
-2.05574765e-08
-8.20431056e-08
-3.95705655e-08
-8.18480338e-08
-6.05193199e-08
-8.33002193e-08
-8.40978786e-08
-8.71328559e-08
-1.12238181e-07
-8.93793274e-08
-1.47733161e-07
-7.76220765e-08
-1.84802086e-07
-4.07499002e-08
-1.87449423e-07
-9.17652579e-08
-7.06527041e-09
2.00834453e-07
-1.53995111e-08
1.78396109e-07
-2.36635084e-08
1.42250649e-07
-3.10447628e-08
1.14919445e-07
-3.83560637e-08
9.63280927e-08
-4.48695781e-08
7.92820993e-08
-5.03252084e-08
6.3044003e-08
-5.46004963e-08
4.7164975e-08
-5.77169922e-08
3.12965825e-08
-5.98171317e-08
1.50743974e-08
-6.10881556e-08
-1.89072821e-09
-6.16666672e-08
-1.99789618e-08
-6.16372386e-08
-3.9599991e-08
-6.11761479e-08
-6.09804076e-08
-6.1173632e-08
-8.41003915e-08
-6.36942157e-08
-1.09717594e-07
-6.91348514e-08
-1.42292523e-07
-6.82172592e-08
-1.85719679e-07
-4.29302167e-08
-2.12736456e-07
-1.34695474e-07
-1.55366402e-09
2.02388121e-07
-7.95072561e-09
1.84793174e-07
-1.38384782e-08
1.48138405e-07
-1.88004599e-08
1.1988143e-07
-2.41832782e-08
1.01710914e-07
-2.88596158e-08
8.395844e-08
-3.2773685e-08
6.69580753e-08
-3.57822368e-08
5.01735299e-08
-3.79654472e-08
3.34797961e-08
-3.95193342e-08
1.66282876e-08
-4.06753133e-08
-7.34745814e-10
-4.15889732e-08
-1.90652988e-08
-4.22856712e-08
-3.89032897e-08
-4.25424851e-08
-6.07235903e-08
-4.23361647e-08
-8.43067088e-08
-4.30995191e-08
-1.08954237e-07
-4.73564781e-08
-1.38035561e-07
-5.19729291e-08
-1.81103222e-07
-3.87790416e-08
-2.25930344e-07
-1.73474511e-07
3.05583368e-09
1.99332289e-07
-1.96396891e-09
1.89812979e-07
-4.70205451e-09
1.50876493e-07
-7.8812649e-09
1.23060643e-07
-1.12599409e-08
1.05089593e-07
-1.39231024e-08
8.66216048e-08
-1.63090622e-08
6.93440382e-08
-1.80626769e-08
5.19271479e-08
-1.93561271e-08
3.47732495e-08
-2.03690556e-08
1.76412196e-08
-2.12683976e-08
1.64599607e-10
-2.22250033e-08
-1.81086897e-08
-2.33107173e-08
-3.78175723e-08
-2.43487676e-08
-5.96855367e-08
-2.49937673e-08
-8.36617058e-08
-2.57798697e-08
-1.08168132e-07
-2.83927275e-08
-1.35422701e-07
-3.38055318e-08
-1.75690417e-07
-3.02427002e-08
-2.29493167e-07
-2.03717211e-07
8.19735192e-09
1.9113494e-07
5.26030184e-09
1.92750032e-07
3.83063719e-09
1.52306161e-07
2.03405609e-09
1.24857227e-07
1.23698077e-09
1.05886672e-07
7.28202091e-11
8.77857685e-08
-5.70482826e-10
6.99873445e-08
-1.15035444e-09
5.25070227e-08
-1.64654942e-09
3.52694478e-08
-2.16141407e-09
1.81560876e-08
-2.7860984e-09
7.89287419e-10
-3.58437126e-09
-1.73104134e-08
-4.74716409e-09
-3.6654776e-08
-6.2196824e-09
-5.82130149e-08
-7.85797604e-09
-8.20234088e-08
-1.00379229e-08
-1.05988182e-07
-1.28768062e-08
-1.32583815e-07
-1.7140431e-08
-1.71426787e-07
-1.97790269e-08
-2.26854571e-07
-2.23496234e-07
1.35764667e-08
1.77558475e-07
1.31207058e-08
1.93205795e-07
1.2221101e-08
1.53205768e-07
1.25034745e-08
1.24574857e-07
1.35346546e-08
1.04855495e-07
1.44564333e-08
8.68639928e-08
1.5173206e-08
6.92705747e-08
1.57150319e-08
5.19651999e-08
1.60274446e-08
3.49570383e-08
1.60709265e-08
1.81126089e-08
1.5766718e-08
1.09349919e-09
1.50971296e-08
-1.66408217e-08
1.39130142e-08
-3.54706574e-08
1.21321029e-08
-5.64321004e-08
9.40949755e-09
-7.93008003e-08
5.40797073e-09
-1.01986652e-07
9.48862781e-10
-1.28124704e-07
-3.68133959e-09
-1.66796584e-07
-8.55419472e-09
-2.21981709e-07
-2.32050428e-07
1.85560533e-08
1.59002425e-07
2.2121334e-08
1.89640517e-07
2.19848271e-08
1.53342278e-07
2.31129822e-08
1.23446704e-07
2.59369995e-08
1.0203148e-07
2.87252367e-08
8.40757584e-08
3.11085323e-08
6.6887282e-08
3.29791589e-08
5.00945761e-08
3.43156256e-08
3.36205746e-08
3.51203793e-08
1.73078581e-08
3.53010702e-08
9.12811455e-10
3.47708523e-08
-1.61106007e-08
3.35375295e-08
-3.42373315e-08
3.13046598e-08
-5.41992275e-08
2.72106282e-08
-7.52067657e-08
2.11979022e-08
-9.59739234e-08
1.45099668e-08
-1.21436767e-07
9.3620747e-09
-1.61648687e-07
2.92285384e-09
-2.15542488e-07
-2.29127572e-07
2.28660055e-08
1.36136421e-07
3.21292998e-08
1.80377225e-07
3.35134976e-08
1.51958082e-07
3.51765329e-08
1.21783672e-07
3.89434921e-08
9.82645237e-08
4.34824954e-08
7.95367579e-08
4.76401725e-08
6.27296076e-08
5.10453518e-08
4.66893996e-08
5.36167764e-08
3.10491526e-08
5.53380089e-08
1.55866285e-08
5.61416976e-08
1.09125762e-10
5.60220325e-08
-1.59909327e-08
5.48447431e-08
-3.30600393e-08
5.18368807e-08
-5.11913622e-08
4.59783784e-08
-6.93482605e-08
3.78401686e-08
-8.78357108e-08
2.97573322e-08
-1.13353927e-07
2.26108264e-08
-1.5450218e-07
1.14675974e-08
-2.04399254e-07
-2.17659974e-07
2.57489997e-08
1.10387424e-07
4.20578521e-08
1.64068375e-07
4.6897706e-08
1.47118231e-07
4.95510913e-08
1.19130289e-07
5.37656493e-08
9.40499682e-08
5.9489404e-08
7.38130059e-08
6.53336621e-08
5.68853521e-08
7.04369591e-08
4.15861052e-08
7.44970778e-08
2.69890366e-08
7.74225262e-08
1.26611826e-08
7.91762994e-08
-1.64464465e-09
7.96310978e-08
-1.64457285e-08
7.81802136e-08
-3.16091525e-08
7.3723485e-08
-4.6734631e-08
6.58923716e-08
-6.15171443e-08
5.65121308e-08
-7.84554674e-08
4.79593398e-08
-1.04801134e-07
3.83971998e-08
-1.44940036e-07
2.15166961e-08
-1.8751875e-07
-1.96143276e-07
2.6327237e-08
8.40601884e-08
4.99517095e-08
1.40443904e-07
6.06266604e-08
1.36443282e-07
6.61138164e-08
1.13643135e-07
7.1462375e-08
8.87014121e-08
7.8104639e-08
6.71707443e-08
8.5325218e-08
4.96647756e-08
9.21018901e-08
3.48094355e-08
9.77996165e-08
2.12913127e-08
1.02099658e-07
8.36114356e-09
1.04779292e-07
-4.32427608e-09
1.05169981e-07
-1.68364151e-08
1.02476105e-07
-2.89152744e-08
9.63281963e-08
-4.05867194e-08
8.79248065e-08
-5.3113752e-08
7.97570959e-08
-7.02877544e-08
7.19768165e-08
-9.70208524e-08
5.90950099e-08
-1.32058229e-07
3.39413299e-08
-1.62365065e-07
-1.62201945e-07
2.40066297e-08
6.00535617e-08
5.28607585e-08
1.11589778e-07
7.10452989e-08
1.18258744e-07
8.24884828e-08
1.02199953e-07
9.12264671e-08
7.99634302e-08
9.95660104e-08
5.88312033e-08
1.07958107e-07
4.12726814e-08
1.15871865e-07
2.68956796e-08
1.22609954e-07
1.45532257e-08
1.27482035e-07
3.48906524e-09
1.29905744e-07
-6.74798271e-09
1.29324505e-07
-1.62551745e-08
1.2593335e-07
-2.55241168e-08
1.21004264e-07
-3.56576309e-08
1.16441611e-07
-4.85510967e-08
1.12635151e-07
-6.64812925e-08
1.05316727e-07
-8.97024265e-08
8.62990157e-08
-1.13040515e-07
4.92658238e-08
-1.25331873e-07
-1.1293612e-07
2.16196022e-08
3.84339613e-08
4.78371552e-08
8.53722268e-08
7.32829316e-08
9.28129697e-08
9.27637299e-08
8.27191574e-08
1.07604221e-07
6.51229412e-08
1.19589978e-07
4.68454489e-08
1.29794758e-07
3.10679035e-08
1.38462367e-07
1.82280725e-08
1.45232446e-07
7.78314867e-09
1.49940574e-07
-1.21906099e-09
1.52444289e-07
-9.25169558e-09
1.5376262e-07
-1.75735031e-08
1.5515745e-07
-2.6918945e-08
1.57515637e-07
-3.80158157e-08
1.60103209e-07
-5.11386672e-08
1.59030241e-07
-6.54083223e-08
1.47205646e-07
-7.78778291e-08
1.1728776e-07
-8.31226284e-08
6.56977014e-08
-7.37418109e-08
-4.72384179e-08
3.63892554e-08
2.04470879e-09
5.83085751e-08
6.34529093e-08
7.73669157e-08
7.37546311e-08
9.89479968e-08
6.11380784e-08
1.1908155e-07
4.49893899e-08
1.3569991e-07
3.02270911e-08
1.49169405e-07
1.75984108e-08
1.60352522e-07
7.04495751e-09
1.70212924e-07
-2.07725143e-09
1.79528157e-07
-1.05342922e-08
1.88990483e-07
-1.87140194e-08
1.98471444e-07
-2.70544628e-08
2.07271792e-07
-3.57192907e-08
2.13699847e-07
-4.44438695e-08
2.1474891e-07
-5.2187728e-08
2.06022871e-07
-5.66822815e-08
1.82413081e-07
-5.4268038e-08
1.39678702e-07
-4.03882469e-08
7.60751873e-08
-1.01382958e-08
2.88367713e-08
1.3849126e-08
-1.18044155e-08
4.55041472e-08
3.179789e-08
7.83238529e-08
4.09349275e-08
1.11250058e-07
2.82118756e-08
1.41282063e-07
1.49573863e-08
1.67465498e-07
4.04365818e-09
1.90557936e-07
-5.49402522e-09
2.10885303e-07
-1.32824084e-08
2.28185959e-07
-1.93779053e-08
2.41900566e-07
-2.42488977e-08
2.51557682e-07
-2.83711343e-08
2.56584142e-07
-3.20809211e-08
2.56222763e-07
-3.53579099e-08
2.49463142e-07
-3.76842463e-08
2.35119113e-07
-3.78436981e-08
2.11860634e-07
-3.34238007e-08
1.78344681e-07
-2.07520829e-08
1.33165989e-07
4.79044522e-09
7.03254502e-08
5.27022464e-08
9.91622218e-08
-2.70574193e-08
1.52530064e-08
1.3236692e-08
-8.49621908e-09
7.23095815e-08
-1.81379601e-08
1.21754401e-07
-2.12329421e-08
1.61148407e-07
-2.44366178e-08
1.92509084e-07
-2.73170176e-08
2.16031764e-07
-2.90167038e-08
2.32149219e-07
-2.93998616e-08
2.41560478e-07
-2.87891626e-08
2.44796317e-07
-2.7484735e-08
2.42127114e-07
-2.57019297e-08
2.33652649e-07
-2.36064549e-08
2.1946468e-07
-2.11699393e-08
1.99849409e-07
-1.80689742e-08
1.75488738e-07
-1.34830253e-08
1.47428158e-07
-5.36321921e-09
1.16746844e-07
9.92923275e-09
8.38719723e-08
3.76653196e-08
4.47673629e-08
9.1806856e-08
1.43929586e-07
-5.4423992e-09
2.06954068e-08
2.64767266e-08
-4.04153433e-08
6.89644831e-08
-6.0625715e-08
1.05932733e-07
-5.82011902e-08
1.35287505e-07
-5.37913891e-08
1.57527859e-07
-4.95573694e-08
1.73075852e-07
-4.45646958e-08
1.82482848e-07
-3.8806856e-08
1.86243025e-07
-3.25493383e-08
1.84637819e-07
-2.58795274e-08
1.77782787e-07
-1.88468965e-08
1.65769988e-07
-1.15936544e-08
1.4885683e-07
-4.2567793e-09
1.28265897e-07
2.52196018e-09
1.06003481e-07
8.77939261e-09
8.39387534e-08
1.67015097e-08
6.39606909e-08
2.99072969e-08
4.6583767e-08
5.50422441e-08
2.52634624e-08
1.13127164e-07
1.69193049e-07
2.85281641e-08
-7.83275496e-09
5.32541269e-08
-6.51413045e-08
7.44106834e-08
-8.17822702e-08
9.90573513e-08
-8.28478569e-08
1.2275095e-07
-7.74849864e-08
1.41879929e-07
-6.86863477e-08
1.55699858e-07
-5.83846236e-08
1.64533564e-07
-4.764056e-08
1.68657972e-07
-3.66737457e-08
1.6810771e-07
-2.53292641e-08
1.6270572e-07
-1.34449044e-08
1.52406252e-07
-1.29418501e-09
1.36614807e-07
1.15346664e-08
1.15846649e-07
2.32901203e-08
9.13398328e-08
3.32862101e-08
6.60838471e-08
4.19574969e-08
4.35861051e-08
5.24050401e-08
2.76881554e-08
7.09401961e-08
1.41808839e-08
1.26634435e-07
1.83373934e-07
3.0156837e-08
-3.79895914e-08
5.02726929e-08
-8.52571595e-08
7.31686748e-08
-1.04678251e-07
9.6902428e-08
-1.06581609e-07
1.16991501e-07
-9.75740584e-08
1.31935939e-07
-8.36307846e-08
1.42301011e-07
-6.87496948e-08
1.48846045e-07
-5.41855926e-08
1.51955704e-07
-3.97834036e-08
1.51716221e-07
-2.50897801e-08
1.4794198e-07
-9.67066276e-09
1.39717628e-07
6.93016841e-09
1.26625072e-07
2.4627224e-08
1.08065696e-07
4.18494978e-08
8.48795475e-08
5.64723595e-08
5.96936779e-08
6.71433676e-08
3.62861177e-08
7.58126016e-08
1.91650763e-08
8.80612377e-08
8.31952445e-09
1.37479989e-07
1.91693458e-07
1.86644509e-08
-5.66540403e-08
4.65766907e-08
-1.13169398e-07
7.25629697e-08
-1.30664529e-07
9.16266719e-08
-1.2564531e-07
1.04820801e-07
-1.10768187e-07
1.14056729e-07
-9.28667118e-08
1.2046799e-07
-7.51609553e-08
1.24469935e-07
-5.81875362e-08
1.262508e-07
-4.15642676e-08
1.25948199e-07
-2.47871781e-08
1.23508239e-07
-7.23070187e-09
1.18465358e-07
1.19730507e-08
1.09849982e-07
3.32426007e-08
9.62570621e-08
5.54424187e-08
7.73835003e-08
7.53459222e-08
5.50377528e-08
8.94891161e-08
3.28240116e-08
9.80263436e-08
1.52391e-08
1.05646151e-07
5.151135e-09
1.47567953e-07
1.96844594e-07
2.30298981e-08
-7.96839385e-08
5.09203502e-08
-1.4105985e-07
6.82422754e-08
-1.47986454e-07
7.90838608e-08
-1.36486895e-07
8.65427395e-08
-1.18227065e-07
9.22347735e-08
-9.85587452e-08
9.63199672e-08
-7.92461484e-08
9.86145369e-08
-6.04821052e-08
9.92066713e-08
-4.21564012e-08
9.83821352e-08
-2.39626413e-08
9.64266694e-08
-5.27523526e-09
9.33868679e-08
1.5012853e-08
8.84626469e-08
3.81668225e-08
7.99487901e-08
6.39562763e-08
6.64813505e-08
8.88133625e-08
4.86954178e-08
1.07275049e-07
2.94572855e-08
1.17264476e-07
1.29694601e-08
1.22133976e-07
3.27966516e-09
1.5725775e-07
2.00124258e-07
2.42739524e-08
-1.03957889e-07
4.64201853e-08
-1.63206082e-07
5.71564293e-08
-1.58722697e-07
6.32345708e-08
-1.42565036e-07
6.81172914e-08
-1.23109785e-07
7.23500063e-08
-1.0279146e-07
7.51666747e-08
-8.20628163e-08
7.63129465e-08
-6.16283764e-08
7.60108336e-08
-4.18542877e-08
7.45558517e-08
-2.25076589e-08
7.23047418e-08
-3.02412467e-09
6.97167032e-08
1.76008922e-08
6.66339345e-08
4.12495917e-08
6.16640582e-08
6.89261531e-08
5.29175062e-08
9.75599149e-08
3.99833402e-08
1.20209216e-07
2.46938128e-08
1.32554004e-07
1.07064197e-08
1.3612137e-07
1.83358303e-09
1.66130585e-07
2.01957842e-07
2.34912235e-08
-1.27449113e-07
3.86599435e-08
-1.78374802e-07
4.43078151e-08
-1.64370569e-07
4.81479305e-08
-1.46405151e-07
5.21175677e-08
-1.27079422e-07
5.54206852e-08
-1.06094577e-07
5.71508317e-08
-8.37929624e-08
5.74799329e-08
-6.19574772e-08
5.67297864e-08
-4.11041408e-08
5.50143583e-08
-2.07922303e-08
5.24903887e-08
-5.00154695e-10
4.96163844e-08
2.04748968e-08
4.68822414e-08
4.39837351e-08
4.36430814e-08
7.21653133e-08
3.81563227e-08
1.03046674e-07
2.94288487e-08
1.2893669e-07
1.81855655e-08
1.43797287e-07
7.40545983e-09
1.46901475e-07
-5.01555703e-10
1.74037602e-07
2.01456284e-07
2.05112394e-08
-1.47960351e-07
2.92513135e-08
-1.87114875e-07
3.194874e-08
-1.67067995e-07
3.48088807e-08
-1.49265292e-07
3.80930285e-08
-1.30363569e-07
4.0174079e-08
-1.08175627e-07
4.07752861e-08
-8.43941692e-08
4.04374869e-08
-6.16196777e-08
3.94237018e-08
-4.00903555e-08
3.76865004e-08
-1.90550286e-08
3.5182856e-08
2.00348997e-09
3.21744749e-08
2.34832782e-08
2.93457337e-08
4.68124764e-08
2.67023935e-08
7.48086535e-08
2.31340361e-08
1.06615031e-07
1.77331975e-08
1.34337528e-07
1.0290784e-08
1.51239701e-07
2.1048296e-09
1.5508743e-07
-4.34402139e-09
1.8048645e-07
1.97112264e-07
1.6377018e-08
-1.6433737e-07
1.99067804e-08
-1.90644638e-07
2.10413788e-08
-1.68202593e-07
2.29487067e-08
-1.5117262e-07
2.50772848e-08
-1.32492148e-07
2.56516919e-08
-1.08750034e-07
2.52059317e-08
-8.39484089e-08
2.42122865e-08
-6.06260324e-08
2.28503088e-08
-3.87283775e-08
2.10415664e-08
-1.7246286e-08
1.86868648e-08
4.35819178e-09
1.59014615e-08
2.62686817e-08
1.31215847e-08
4.95923533e-08
1.06383817e-08
7.72918564e-08
8.22209206e-09
1.0903132e-07
5.29806465e-09
1.37261556e-07
1.92133339e-09
1.54616432e-07
-3.7542532e-09
1.60763015e-07
-9.3980175e-09
1.86130216e-07
1.87714244e-07
1.17000401e-08
-1.76037409e-07
1.1442826e-08
-1.90387423e-07
1.13200709e-08
-1.68079838e-07
1.20429298e-08
-1.51895479e-07
1.23302297e-08
-1.32779447e-07
1.15931892e-08
-1.08012993e-07
1.02360368e-08
-8.25912564e-08
8.54832166e-09
-5.89383171e-08
6.72164867e-09
-3.69017044e-08
4.71555915e-09
-1.52401963e-08
2.49524047e-09
6.57851067e-09
-2.28749299e-11
2.87867972e-08
-2.78339989e-09
5.23528783e-08
-5.19928625e-09
7.97077425e-08
-6.85374253e-09
1.10685776e-07
-7.96078466e-09
1.38368597e-07
-8.41725128e-09
1.55072899e-07
-1.13547663e-08
1.63700531e-07
-1.51972088e-08
1.89972654e-07
1.72517036e-07
6.89499078e-09
-1.82932401e-07
3.85665766e-09
-1.87349091e-07
2.86981002e-09
-1.67092991e-07
6.65417364e-10
-1.49691086e-07
-9.01026287e-11
-1.32023927e-07
-2.09379412e-09
-1.06009302e-07
-4.26803512e-09
-8.04170153e-08
-6.6648838e-09
-5.65414683e-08
-9.03329581e-09
-3.45332922e-08
-1.13272433e-08
-1.29462485e-08
-1.36193001e-08
8.87056761e-09
-1.60609866e-08
3.12284839e-08
-1.88081097e-08
5.51000013e-08
-2.13312728e-08
8.22309054e-08
-2.24307858e-08
1.11785289e-07
-2.15703685e-08
1.3750818e-07
-1.97574465e-08
1.53259976e-07
-2.19746545e-08
1.65917737e-07
-2.18346468e-08
1.89832649e-07
1.50682386e-07
2.8276758e-09
-1.85760075e-07
-2.58203686e-09
-1.81939378e-07
-5.8229225e-09
-1.63852105e-07
-8.93390967e-09
-1.46580099e-07
-1.25790837e-08
-1.28378753e-07
-1.54945305e-08
-1.03093855e-07
-1.86432902e-08
-7.72682554e-08
-2.17724207e-08
-5.34123374e-08
-2.47931988e-08
-3.15125138e-08
-2.75774157e-08
-1.01620312e-08
-3.01908389e-08
1.14839912e-08
-3.28566263e-08
3.38942716e-08
-3.56888406e-08
5.79322156e-08
-3.79056416e-08
8.44477063e-08
-3.80004137e-08
1.11880061e-07
-3.55775152e-08
1.35085281e-07
-3.32864124e-08
1.50968874e-07
-3.519411e-08
1.67825436e-07
-2.85931692e-08
1.83231702e-07
1.22089218e-07
-9.70310828e-10
-1.84789766e-07
-7.55158398e-09
-1.75358105e-07
-1.40999927e-08
-1.57303696e-07
-1.93376262e-08
-1.41342465e-07
-2.47409825e-08
-1.22975397e-07
-2.91945567e-08
-9.86402804e-08
-3.32534506e-08
-7.3209361e-08
-3.72018001e-08
-4.94639876e-08
-4.10054171e-08
-2.77088963e-08
-4.44736434e-08
-6.69380429e-09
-4.76136772e-08
1.46240256e-08
-5.05860308e-08
3.68666256e-08
-5.32628089e-08
6.0608994e-08
-5.46862545e-08
8.5871152e-08
-5.36171113e-08
1.10810918e-07
-5.06556802e-08
1.3212385e-07
-4.93652468e-08
1.4967844e-07
-4.91699908e-08
1.67630177e-07
-3.37775664e-08
1.67839281e-07
8.83116485e-08
-4.42744127e-09
-1.80362323e-07
-1.27069567e-08
-1.67078589e-07
-2.18775128e-08
-1.4813314e-07
-2.995175e-08
-1.33268228e-07
-3.7370794e-08
-1.15556352e-07
-4.34673513e-08
-9.25437226e-08
-4.86243228e-08
-6.80523889e-08
-5.33960181e-08
-4.46922916e-08
-5.79575706e-08
-2.31473431e-08
-6.21440705e-08
-2.50730347e-09
-6.5820355e-08
1.83003109e-08
-6.89043694e-08
3.99506407e-08
-7.10294141e-08
6.27340392e-08
-7.1433228e-08
8.62749664e-08
-6.98212276e-08
1.09198918e-07
-6.77488784e-08
1.30051501e-07
-6.69492103e-08
1.48878773e-07
-6.09083303e-08
1.61589299e-07
-3.52147979e-08
1.42145742e-07
5.30968524e-08
-7.32695146e-09
-1.73035372e-07
-1.78997367e-08
-1.56505803e-07
-2.95842262e-08
-1.3644865e-07
-4.05917996e-08
-1.22260654e-07
-5.04904371e-08
-1.05657714e-07
-5.86299488e-08
-8.44042101e-08
-6.52420926e-08
-6.14402442e-08
-7.09591052e-08
-3.89752779e-08
-7.6181632e-08
-1.79248151e-08
-8.08779312e-08
2.18899697e-09
-8.47859241e-08
2.2208305e-08
-8.76302961e-08
4.27950138e-08
-8.90824886e-08
6.41862326e-08
-8.89706802e-08
8.61631587e-08
-8.78013074e-08
1.08029546e-07
-8.64132881e-08
1.28663483e-07
-8.25369401e-08
1.45002425e-07
-6.67408257e-08
1.45793182e-07
-3.19736721e-08
1.07378593e-07
2.11231776e-08
-9.8477787e-09
-1.63187591e-07
-2.28797694e-08
-1.43473812e-07
-3.71786611e-08
-1.22149757e-07
-5.11865956e-08
-1.08252718e-07
-6.39527802e-08
-9.28915286e-08
-7.46732333e-08
-7.36837559e-08
-8.33254002e-08
-5.27880761e-08
-9.03997923e-08
-3.19008844e-08
-9.63872629e-08
-1.19373429e-08
-1.01390888e-07
7.19262403e-09
-1.05244105e-07
2.6061523e-08
-1.07724753e-07
4.52756632e-08
-1.08762791e-07
6.52242722e-08
-1.0851524e-07
8.59156088e-08
-1.07062468e-07
1.06576775e-07
-1.02973369e-07
1.24574384e-07
-9.09957355e-08
1.33024792e-07
-6.35458596e-08
1.18343309e-07
-2.31269761e-08
6.69597048e-08
-2.00379594e-09
-1.22291765e-08
-1.50958415e-07
-2.76196787e-08
-1.28083309e-07
-4.45400875e-08
-1.05229347e-07
-6.15508466e-08
-9.12419581e-08
-7.73972314e-08
-7.70451425e-08
-9.11152764e-08
-5.99657095e-08
-1.02402291e-07
-4.150106e-08
-1.11453582e-07
-2.28495916e-08
-1.18661377e-07
-4.72954545e-09
-1.24174818e-07
1.27060672e-08
-1.28005956e-07
2.98926626e-08
-1.30082611e-07
4.73523196e-08
-1.30314938e-07
6.54566013e-08
-1.28387262e-07
8.39879337e-08
-1.23091584e-07
1.01281099e-07
-1.11348145e-07
1.12830947e-07
-8.82984941e-08
1.09975142e-07
-5.17364792e-08
8.17812924e-08
-1.22898028e-08
2.75130339e-08
-1.42936e-08
-1.46053821e-08
-1.3635303e-07
-3.21809919e-08
-1.10507697e-07
-5.15946838e-08
-8.58156537e-08
-7.14937243e-08
-7.1342916e-08
-9.03959819e-08
-5.8142883e-08
-1.07204392e-07
-4.31572975e-08
-1.21397805e-07
-2.73076449e-08
-1.32879433e-07
-1.13679608e-08
-1.41752728e-07
4.14375176e-09
-1.48038355e-07
1.89916963e-08
-1.51719784e-07
3.35740944e-08
-1.52514994e-07
4.81475316e-08
-1.49852519e-07
6.27941284e-08
-1.42647229e-07
7.67826458e-08
-1.29028337e-07
8.76622081e-08
-1.06504479e-07
9.03070896e-08
-7.37489715e-08
7.72196361e-08
-3.55220704e-08
4.35543949e-08
-6.47449217e-09
-1.53454657e-09
-2.07680888e-08
-1.71120065e-08
-1.19241024e-07
-3.67250561e-08
-9.0894646e-08
-5.84068764e-08
-6.41338313e-08
-8.09971063e-08
-4.87526839e-08
-1.02774641e-07
-3.63653458e-08
-1.22452615e-07
-2.34793207e-08
-1.39332251e-07
-1.0428006e-08
-1.5315444e-07
2.45423041e-09
-1.63376131e-07
1.43654459e-08
-1.69915246e-07
2.55308138e-08
-1.7221444e-07
3.58732915e-08
-1.69468303e-07
4.54013965e-08
-1.60577537e-07
5.39033655e-08
-1.44273356e-07
6.04784667e-08
-1.19544622e-07
6.29334761e-08
-8.68037984e-08
5.75662682e-08
-5.00308108e-08
4.04466501e-08
-1.88126161e-08
1.23362007e-08
-4.40915593e-09
-1.59379998e-08
-2.51772445e-08
-1.99657289e-08
-9.92752912e-08
-4.16022012e-08
-6.92581708e-08
-6.5232492e-08
-4.05035377e-08
-9.02010175e-08
-2.37841554e-08
-1.14608758e-07
-1.19576018e-08
-1.36847928e-07
-1.24014792e-09
-1.55860795e-07
8.58486422e-09
-1.70739866e-07
1.73333047e-08
-1.80972989e-07
2.45985719e-08
-1.85683609e-07
3.02414368e-08
-1.83888388e-07
3.40780739e-08
-1.74412215e-07
3.59252257e-08
-1.56146447e-07
3.56376004e-08
-1.28704027e-07
3.30360495e-08
-9.3102798e-08
2.73322499e-08
-5.33180833e-08
1.7781556e-08
-1.76673453e-08
4.79591557e-09
2.80576308e-09
-8.13690248e-09
5.52462038e-09
-1.86568566e-08
-1.96526205e-08
-2.36465266e-08
-7.56287626e-08
-4.7732298e-08
-4.51723963e-08
-7.28910236e-08
-1.53448086e-08
-9.91825324e-08
2.50735715e-09
-1.24899828e-07
1.3759698e-08
-1.48123068e-07
2.19830955e-08
-1.67284927e-07
2.77467269e-08
-1.81068534e-07
3.11169156e-08
-1.88457426e-07
3.19874667e-08
-1.88431487e-07
3.02155018e-08
-1.80016593e-07
2.56631834e-08
-1.62386554e-07
1.82951897e-08
-1.35196614e-07
8.44766329e-09
-9.94983625e-08
-2.66219856e-09
-5.75853663e-08
-1.45807425e-08
-1.62771362e-08
-2.352667e-08
1.45965134e-08
-2.60777307e-08
2.49590321e-08
-1.84994187e-08
1.65307776e-08
-1.02285948e-08
-3.12184129e-09
-2.92542537e-08
-4.63745047e-08
-5.72150574e-08
-1.72115885e-08
-8.44309258e-08
1.18710641e-08
-1.11611941e-07
2.96883768e-08
-1.37371736e-07
3.95194967e-08
-1.59430854e-07
4.40422177e-08
-1.76149531e-07
4.44654081e-08
-1.8647822e-07
4.14456079e-08
-1.89872152e-07
3.53814029e-08
-1.86179414e-07
2.65227667e-08
-1.75536965e-07
1.50207387e-08
-1.58198486e-07
9.56713741e-10
-1.34382746e-07
-1.5368073e-08
-1.03740144e-07
-3.33047959e-08
-6.80266649e-08
-5.0294218e-08
-3.11565463e-08
-6.03967847e-08
-1.02794908e-09
-5.62063234e-08
1.62556618e-08
-3.5783024e-08
1.33645761e-08
-7.33750595e-09
1.02427384e-08
-3.85045846e-08
-7.86991598e-09
-7.33807895e-08
1.76646209e-08
-1.03901974e-07
4.2392253e-08
-1.31244333e-07
5.70307405e-08
-1.54642639e-07
6.2917807e-08
-1.72858935e-07
6.22585178e-08
-1.85267316e-07
5.6873793e-08
-1.91966827e-07
4.81451221e-08
-1.93557891e-07
3.69724711e-08
-1.90788533e-07
2.37534131e-08
-1.84062228e-07
8.29443677e-09
-1.73317748e-07
-9.78776213e-09
-1.57854708e-07
-3.08311087e-08
-1.36514516e-07
-5.46449837e-08
-1.08602305e-07
-7.82064253e-08
-7.45034559e-08
-9.44956294e-08
-3.78343705e-08
-9.2875405e-08
-8.52116451e-09
-6.50962264e-08
2.8561158e-09
-1.87147792e-08
1.30988573e-08
-4.41028628e-08
3.62329514e-08
-8.36111336e-08
5.71728962e-08
-1.15911635e-07
7.46927585e-08
-1.41241484e-07
8.23605938e-08
-1.59717773e-07
8.1394101e-08
-1.71704949e-07
7.42456981e-08
-1.78248144e-07
6.34169916e-08
-1.80800387e-07
5.06973692e-08
-1.80752736e-07
3.69248242e-08
-1.78994282e-07
2.19949633e-08
-1.75757297e-07
5.05745674e-09
-1.70747934e-07
-1.47971211e-08
-1.6310294e-07
-3.84760992e-08
-1.51638966e-07
-6.61089529e-08
-1.34185569e-07
-9.56598187e-08
-1.07892601e-07
-1.20788593e-07
-7.16780868e-08
-1.29089915e-07
-3.18033169e-08
-1.04970991e-07
-4.8053018e-09
-4.57127888e-08
8.29355889e-09
-4.44739915e-08
8.07069481e-08
-8.37597226e-08
9.6458632e-08
-1.13663036e-07
1.04596076e-07
-1.34106135e-07
1.02803697e-07
-1.46264179e-07
9.35521499e-08
-1.52280164e-07
8.02616871e-08
-1.54653698e-07
6.57905305e-08
-1.55377173e-07
5.14208484e-08
-1.55440956e-07
3.69886115e-08
-1.54965329e-07
2.15193408e-08
-1.53841093e-07
3.93322516e-09
-1.52050879e-07
-1.65873307e-08
-1.49699888e-07
-4.08270855e-08
-1.46360018e-07
-6.9448818e-08
-1.39889358e-07
-1.02130475e-07
-1.25588341e-07
-1.35089606e-07
-9.75795042e-08
-1.57098747e-07
-5.49752284e-08
-1.47575263e-07
-1.25543642e-08
-8.81336473e-08
-4.26080065e-09
-4.02562735e-08
1.20963225e-07
-7.50261892e-08
1.31228552e-07
-9.95508628e-08
1.29120754e-07
-1.14136009e-07
1.17388847e-07
-1.21312908e-07
1.00729053e-07
-1.24474927e-07
8.3423711e-08
-1.26270067e-07
6.75856751e-08
-1.27727141e-07
5.2877927e-08
-1.28630992e-07
3.78924674e-08
-1.28522445e-07
2.14107988e-08
-1.27456839e-07
2.86762423e-09
-1.26034932e-07
-1.80092331e-08
-1.25211031e-07
-4.16509825e-08
-1.25715436e-07
-6.8944408e-08
-1.26849666e-07
-1.0099624e-07
-1.24446458e-07
-1.37492809e-07
-1.09821295e-07
-1.71723907e-07
-7.44277087e-08
-1.82968845e-07
-2.46329636e-08
-1.37928385e-07
-2.88937615e-08
-3.33592113e-08
1.54322442e-07
-6.14602302e-08
1.59329575e-07
-7.98606632e-08
1.47521191e-07
-8.97064145e-08
1.27234603e-07
-9.4544605e-08
1.05567249e-07
-9.77457808e-08
8.66248915e-08
-1.00750622e-07
7.05905206e-08
-1.03233547e-07
5.53608568e-08
-1.04437371e-07
3.90962969e-08
-1.04135724e-07
2.11091571e-08
-1.02678692e-07
1.41059655e-09
-1.00777226e-07
-1.99106933e-08
-9.93280901e-08
-4.31001138e-08
-9.96138634e-08
-6.86586297e-08
-1.02776764e-07
-9.78333343e-08
-1.07468075e-07
-1.32801493e-07
-1.05914558e-07
-1.7327742e-07
-8.44964947e-08
-2.04386903e-07
-3.85177313e-08
-1.83907144e-07
-6.74114875e-08
-2.55878269e-08
1.79910272e-07
-4.67322888e-08
1.80474041e-07
-5.98323791e-08
1.60621286e-07
-6.66719578e-08
1.34074186e-07
-7.09768073e-08
1.09872103e-07
-7.50208733e-08
9.06689624e-08
-7.88276193e-08
7.43972714e-08
-8.14838033e-08
5.80170457e-08
-8.25311846e-08
4.01436831e-08
-8.22485314e-08
2.08265091e-08
-8.10413758e-08
2.03446118e-10
-7.94092663e-08
-2.15427976e-08
-7.75707701e-08
-4.49386048e-08
-7.63191272e-08
-6.99102675e-08
-7.74415524e-08
-9.67109039e-08
-8.27428029e-08
-1.27500238e-07
-8.89533989e-08
-1.6706682e-07
-8.17989046e-08
-2.11541394e-07
-4.57910647e-08
-2.19914976e-07
-1.13202551e-07
-1.80148167e-08
1.97925094e-07
-3.28929972e-08
1.95352226e-07
-4.20076824e-08
1.69735976e-07
-4.7028807e-08
1.39095316e-07
-5.12036346e-08
1.14046935e-07
-5.54476989e-08
9.49130315e-08
-5.89900144e-08
7.79395917e-08
-6.10669205e-08
6.00939567e-08
-6.17351514e-08
4.08119191e-08
-6.15421644e-08
2.06335272e-08
-6.10013427e-08
-3.37370131e-10
-6.01763893e-08
-2.23677458e-08
-5.89933095e-08
-4.61216793e-08
-5.73644978e-08
-7.15390739e-08
-5.62405317e-08
-9.78348647e-08
-5.84927945e-08
-1.2524797e-07
-6.57438449e-08
-1.59815765e-07
-6.85260511e-08
-2.08759182e-07
-4.56916449e-08
-2.4274938e-07
-1.5889419e-07
-1.09916682e-08
2.08916764e-07
-2.06115033e-08
2.04972065e-07
-2.69131216e-08
1.76037598e-07
-3.04860322e-08
1.42668231e-07
-3.41701261e-08
1.17731034e-07
-3.77317259e-08
9.8474636e-08
-4.02993154e-08
8.0507186e-08
-4.15230449e-08
6.13176912e-08
-4.17528963e-08
4.10417755e-08
-4.15344752e-08
2.04151114e-08
-4.13135993e-08
-5.58240684e-10
-4.11517042e-08
-2.25296355e-08
-4.09072871e-08
-4.63660912e-08
-4.00593445e-08
-7.23870111e-08
-3.8563131e-08
-9.93310728e-08
-3.84330407e-08
-1.25378055e-07
-4.30927046e-08
-1.55156096e-07
-4.9867777e-08
-2.01984106e-07
-3.94461405e-08
-2.53171007e-07
-1.9834033e-07
-3.87133973e-09
2.1278811e-07
-1.00159992e-08
2.11116729e-07
-1.39893009e-08
1.80010904e-07
-1.60346425e-08
1.44713577e-07
-1.88288105e-08
1.20525206e-07
-2.11013821e-08
1.00747212e-07
-2.24346913e-08
8.18404999e-08
-2.28056134e-08
6.16886182e-08
-2.26145397e-08
4.08507069e-08
-2.22603996e-08
2.00609763e-08
-2.20628002e-08
-7.55834656e-10
-2.21550148e-08
-2.24374157e-08
-2.24673946e-08
-4.60537062e-08
-2.25123721e-08
-7.23420283e-08
-2.18968806e-08
-9.99465588e-08
-2.16641738e-08
-1.25610757e-07
-2.42176397e-08
-1.52602625e-07
-3.06692513e-08
-1.95532488e-07
-2.9498758e-08
-2.54341499e-07
-2.27839082e-07
3.14588939e-09
2.09642221e-07
-1.15998779e-09
2.15422609e-07
-1.3916929e-09
1.80242613e-07
-3.07149136e-09
1.4639338e-07
-4.42214971e-09
1.21875869e-07
-5.20119606e-09
1.01526263e-07
-5.22293466e-09
8.18622433e-08
-4.77238083e-09
6.12380692e-08
-4.17009992e-09
4.02484309e-08
-3.63698556e-09
1.95278672e-08
-3.34800049e-09
-1.04481453e-09
-3.41065333e-09
-2.23747577e-08
-3.8209104e-09
-4.56434439e-08
-4.34502611e-09
-7.18179073e-08
-4.87990101e-09
-9.94116785e-08
-6.22051514e-09
-1.24270137e-07
-8.79272948e-09
-1.50030407e-07
-1.36247612e-08
-1.90700454e-07
-1.81612723e-08
-2.49804977e-07
-2.46000354e-07
1.05178901e-08
1.99124339e-07
9.30802261e-09
2.16632481e-07
9.20345944e-09
1.80347181e-07
9.20351037e-09
1.46393333e-07
9.55807879e-09
1.21521305e-07
1.03740876e-08
1.00710259e-07
1.16414942e-08
8.05948413e-08
1.29251392e-08
5.99544289e-08
1.40002414e-08
3.91733335e-08
1.47980519e-08
1.87300614e-08
1.53172815e-08
-1.5640392e-09
1.54898312e-08
-2.25473026e-08
1.52305753e-08
-4.53841831e-08
1.44229659e-08
-7.10102927e-08
1.25412895e-08
-9.75299969e-08
9.17323478e-09
-1.20902078e-07
4.71902759e-09
-1.45576195e-07
-4.70517341e-10
-1.85510901e-07
-6.02483843e-09
-2.44250657e-07
-2.52025186e-07
1.77124051e-08
1.81411934e-07
1.99255503e-08
2.14419339e-07
2.08162178e-08
1.79456517e-07
2.16221463e-08
1.45587408e-07
2.34925593e-08
1.19650896e-07
2.58922715e-08
9.8310551e-08
2.84597271e-08
7.802739e-08
3.07392422e-08
5.76749181e-08
3.25344072e-08
3.73781727e-08
3.38826442e-08
1.7381829e-08
3.48357365e-08
-2.51712711e-09
3.53444986e-08
-2.30560602e-08
3.53159789e-08
-4.53556588e-08
3.41622752e-08
-6.98565843e-08
3.07431721e-08
-9.4110889e-08
2.50716988e-08
-1.15230599e-07
1.87692471e-08
-1.39273739e-07
1.33765875e-08
-1.80118241e-07
4.96097566e-09
-2.35835032e-07
-2.47064211e-07
2.38197243e-08
1.57592218e-07
3.1650325e-08
2.06588743e-07
3.35155417e-08
1.77591304e-07
3.4961115e-08
1.44141839e-07
3.78562307e-08
1.16755784e-07
4.17147266e-08
9.44520589e-08
4.56643526e-08
7.4077768e-08
4.91454708e-08
5.4193804e-08
5.1958313e-08
3.45653345e-08
5.41413391e-08
1.51988068e-08
5.57560327e-08
-4.13181665e-09
5.68059602e-08
-2.41059836e-08
5.69912652e-08
-4.55409596e-08
5.50727426e-08
-6.79380572e-08
4.97117686e-08
-8.87499105e-08
4.18325777e-08
-1.07351405e-07
3.42550771e-08
-1.31696234e-07
2.68800636e-08
-1.72743219e-07
1.4029188e-08
-2.22984159e-07
-2.33035015e-07
2.82415302e-08
1.29350688e-07
4.35298504e-08
1.91300426e-07
4.78524948e-08
1.73268663e-07
4.99221631e-08
1.42072174e-07
5.33158034e-08
1.13362147e-07
5.82733833e-08
8.94944825e-08
6.36219442e-08
6.87292107e-08
6.85067035e-08
4.93090484e-08
7.26231953e-08
3.04488464e-08
7.59494132e-08
1.18725925e-08
7.85428035e-08
-6.72520332e-09
8.02930817e-08
-2.58562582e-08
8.02816473e-08
-4.55295213e-08
7.6829246e-08
-6.4485652e-08
6.94085537e-08
-8.13292142e-08
6.04438018e-08
-9.83866486e-08
5.26641822e-08
-1.23916612e-07
4.31242959e-08
-1.63203333e-07
2.44863874e-08
-2.04346236e-07
-2.08548629e-07
2.98987087e-08
9.94519881e-08
5.35749065e-08
1.67624233e-07
6.29024175e-08
1.63941155e-07
6.67320902e-08
1.38242504e-07
7.07454322e-08
1.09348808e-07
7.64514697e-08
8.37884481e-08
8.30158427e-08
6.21648409e-08
8.93971824e-08
4.29277119e-08
9.50515472e-08
2.47944849e-08
9.97783074e-08
7.14583542e-09
1.03439622e-07
-1.03865151e-08
1.05323515e-07
-2.77401478e-08
1.04016761e-07
-4.42227633e-08
9.86409402e-08
-5.9109828e-08
9.06450995e-08
-7.333337e-08
8.32420492e-08
-9.09835956e-08
7.65818132e-08
-1.17256372e-07
6.38901615e-08
-1.50511672e-07
3.69976452e-08
-1.77453723e-07
-1.71550976e-07
2.81432018e-08
7.13087857e-08
5.91298771e-08
1.3663756e-07
7.56242576e-08
1.47446778e-07
8.38704896e-08
1.29996275e-07
9.00586538e-08
1.03160647e-07
9.68583321e-08
7.69887725e-08
1.04463157e-07
5.4560019e-08
1.12135012e-07
3.52558596e-08
1.19131623e-07
1.77978763e-08
1.24858732e-07
1.41872928e-09
1.28584923e-07
-1.41127042e-08
1.29180013e-07
-2.83352346e-08
1.26278528e-07
-4.13212752e-08
1.21289436e-07
-5.41207334e-08
1.16960534e-07
-6.90044655e-08
1.14250656e-07
-8.82737137e-08
1.0837955e-07
-1.11385264e-07
8.98453722e-08
-1.31977496e-07
5.1631556e-08
-1.39239892e-07
-1.19919422e-07
2.35279608e-08
4.77808335e-08
5.80567077e-08
1.02108817e-07
8.18206446e-08
1.23682844e-07
9.75708636e-08
1.14246059e-07
1.08832521e-07
9.18989919e-08
1.18289274e-07
6.75320222e-08
1.27229905e-07
4.56193903e-08
1.35662045e-07
2.68237214e-08
1.42918343e-07
1.05415807e-08
1.48007083e-07
-3.67000929e-09
1.5027052e-07
-1.63761392e-08
1.50260646e-07
-2.83253579e-08
1.49903943e-07
-4.09645701e-08
1.51254398e-07
-5.54711859e-08
1.54356648e-07
-7.2106714e-08
1.55130939e-07
-8.90480024e-08
1.45525915e-07
-1.01780237e-07
1.17151328e-07
-1.036029e-07
6.59733661e-08
-8.80619354e-08
-5.39460491e-08
1.52184527e-08
3.25623791e-08
4.46960348e-08
7.2631237e-08
7.65651758e-08
9.18137055e-08
1.01907392e-07
8.89038454e-08
1.20774229e-07
7.3032157e-08
1.35078357e-07
5.32278955e-08
1.46455741e-07
3.42420087e-08
1.55437043e-07
1.78424208e-08
1.6219964e-07
3.77898556e-09
1.6728631e-07
-8.75667756e-09
1.72263602e-07
-2.135343e-08
1.7876232e-07
-3.48240745e-08
1.86970427e-07
-4.91726757e-08
1.95053108e-07
-6.35538654e-08
1.99062869e-07
-7.61164738e-08
1.93602086e-07
-8.35872163e-08
1.73183717e-07
-8.13618664e-08
1.33692853e-07
-6.41120385e-08
7.30176512e-08
-2.73867207e-08
1.90715985e-08
2.24015298e-08
1.01608566e-08
4.20367285e-08
5.29960419e-08
6.79461078e-08
6.59043287e-08
9.63299365e-08
6.05200188e-08
1.21356944e-07
4.80051517e-08
1.41399329e-07
3.3185512e-08
1.57593231e-07
1.80481075e-08
1.71806772e-07
3.62888094e-09
1.8589172e-07
-1.0305961e-08
2.00528704e-07
-2.33936604e-08
2.14556243e-07
-3.53809681e-08
2.25844739e-07
-4.61125697e-08
2.31933412e-07
-5.52613472e-08
2.3043584e-07
-6.20562917e-08
2.19404079e-07
-6.50847113e-08
1.9784831e-07
-6.20314456e-08
1.65808848e-07
-4.93224028e-08
1.22910741e-07
-2.12139242e-08
6.54150805e-08
3.01089323e-08
8.4486684e-08
9.10838867e-09
1.0524652e-09
3.30714014e-08
2.90330301e-08
6.72783794e-08
3.16973522e-08
1.03270031e-07
2.45283686e-08
1.37346798e-07
1.39283856e-08
1.67895329e-07
2.63698208e-09
1.95332596e-07
-9.38915815e-09
2.1857151e-07
-1.96100327e-08
2.36154738e-07
-2.78891882e-08
2.46904057e-07
-3.41429794e-08
2.49965287e-07
-3.84421974e-08
2.44717661e-07
-4.08649429e-08
2.30843331e-07
-4.13870156e-08
2.08674479e-07
-3.9887439e-08
1.7960463e-07
-3.60148602e-08
1.46608701e-07
-2.90355148e-08
1.13917325e-07
-1.66310246e-08
8.19127883e-08
1.07906079e-08
4.31026014e-08
6.89191291e-08
1.27589281e-07
-1.05021666e-08
1.15546379e-08
2.92104122e-08
-1.06795464e-08
7.87570622e-08
-1.78492965e-08
1.22104402e-07
-1.881897e-08
1.57656634e-07
-2.16238459e-08
1.85411273e-07
-2.51176567e-08
2.04302074e-07
-2.82799586e-08
2.15137937e-07
-3.04458961e-08
2.18603489e-07
-3.13547402e-08
2.15269897e-07
-3.08093869e-08
2.05518834e-07
-2.86911349e-08
1.89596085e-07
-2.49421933e-08
1.67728082e-07
-1.95190116e-08
1.40530764e-07
-1.26901203e-08
1.09864086e-07
-5.34818107e-09
7.92739926e-08
1.55457946e-09
5.49890375e-08
7.65393142e-09
4.10052192e-08
2.47744318e-08
2.41116913e-08
8.58126472e-08
1.51700976e-07
1.88701132e-08
-7.31547933e-09
4.4383692e-08
-3.61931257e-08
6.81611383e-08
-4.16267427e-08
9.5527707e-08
-4.61855385e-08
1.21812047e-07
-4.79081857e-08
1.43735336e-07
-4.70409455e-08
1.60170893e-07
-4.47155163e-08
1.71180958e-07
-4.1455961e-08
1.76970395e-07
-3.71441768e-08
1.77689828e-07
-3.15288203e-08
1.73392071e-07
-2.43933774e-08
1.64032313e-07
-1.55824352e-08
1.49585596e-07
-5.07229433e-09
1.30099066e-07
6.79640995e-09
1.05823758e-07
1.89271273e-08
7.80357501e-08
2.9342588e-08
5.01266286e-08
3.55630529e-08
2.99522761e-08
4.49487784e-08
1.56561154e-08
1.00108815e-07
1.67357086e-07
1.77438298e-08
-2.50593046e-08
3.19020322e-08
-5.03513274e-08
5.87954576e-08
-6.85201682e-08
8.85550475e-08
-7.59451285e-08
1.15490732e-07
-7.48438702e-08
1.37231385e-07
-6.87815985e-08
1.53298911e-07
-6.07830428e-08
1.6399092e-07
-5.21479701e-08
1.69759803e-07
-4.29130591e-08
1.70972941e-07
-3.27419582e-08
1.67839338e-07
-2.12597742e-08
1.60383857e-07
-8.12695382e-09
1.4816819e-07
7.1433722e-09
1.30654594e-07
2.43100057e-08
1.07946789e-07
4.16349322e-08
8.09694901e-08
5.63198866e-08
5.18690168e-08
6.46635256e-08
2.71797996e-08
6.96379995e-08
1.20940855e-08
1.15194519e-07
1.79451175e-07
8.06519355e-09
-3.31245032e-08
3.29817573e-08
-7.52678928e-08
6.50332707e-08
-1.00571682e-07
9.27509768e-08
-1.03662835e-07
1.14151947e-07
-9.62448406e-08
1.29806085e-07
-8.44357371e-08
1.40627533e-07
-7.16044909e-08
1.47285301e-07
-5.88057385e-08
1.50264196e-07
-4.58919538e-08
1.49974623e-07
-3.24523854e-08
1.4674841e-07
-1.80335606e-08
1.40712829e-07
-2.09137299e-09
1.31524572e-07
1.63316291e-08
1.18545036e-07
3.7289541e-08
1.00679727e-07
5.95002405e-08
7.77823432e-08
7.92172701e-08
5.1217043e-08
9.12288247e-08
2.60311961e-08
9.48238402e-08
9.98892677e-09
1.31236795e-07
1.89440097e-07
1.84802846e-08
-5.16047848e-08
4.72569868e-08
-1.04044595e-07
7.02806654e-08
-1.23595362e-07
8.897201e-08
-1.2235418e-07
1.02788159e-07
-1.1006099e-07
1.12463308e-07
-9.4110887e-08
1.18895538e-07
-7.80367208e-08
1.22482341e-07
-6.23925417e-08
1.23458662e-07
-4.68682745e-08
1.22123609e-07
-3.11173333e-08
1.1880945e-07
-1.47194007e-08
1.13810793e-07
2.90728323e-09
1.07341399e-07
2.28010233e-08
9.85977438e-08
4.60331952e-08
8.59701892e-08
7.21277942e-08
6.83922707e-08
9.67951872e-08
4.65380586e-08
1.13083036e-07
2.41001062e-08
1.17261796e-07
8.21591055e-09
1.47120981e-07
1.9765601e-07
2.13707984e-08
-7.29755883e-08
4.85407155e-08
-1.31214514e-07
6.64509996e-08
-1.41505647e-07
7.82525172e-08
-1.34155699e-07
8.64929836e-08
-1.18301457e-07
9.2444916e-08
-1.0006282e-07
9.63421109e-08
-8.19339162e-08
9.81596267e-08
-6.42100579e-08
9.80393327e-08
-4.67479808e-08
9.61934816e-08
-2.92714823e-08
9.28512891e-08
-1.13772083e-08
8.83257816e-08
7.43279039e-09
8.3038718e-08
2.80880863e-08
7.67480657e-08
5.23238467e-08
6.8016996e-08
8.08588628e-08
5.52974337e-08
1.09514748e-07
3.85871909e-08
1.29793277e-07
2.05167132e-08
1.35332267e-07
6.12848502e-09
1.61509214e-07
2.0378449e-07
2.35106155e-08
-9.64862021e-08
4.5584544e-08
-1.53288443e-07
5.73827536e-08
-1.53303857e-07
6.43875015e-08
-1.41160448e-07
6.94903696e-08
-1.23404326e-07
7.34682509e-08
-1.04040702e-07
7.58816377e-08
-8.43473036e-08
7.66728519e-08
-6.50012725e-08
7.60752694e-08
-4.61503986e-08
7.41957155e-08
-2.73919288e-08
7.10436225e-08
-8.2251157e-09
6.67669851e-08
1.17094272e-08
6.18085051e-08
3.30465655e-08
5.64405008e-08
5.76918501e-08
4.98667414e-08
8.7432621e-08
4.07341272e-08
1.18647361e-07
2.85704112e-08
1.41956992e-07
1.52948493e-08
1.48607832e-07
3.40192208e-09
1.73402132e-07
2.07186414e-07
2.28918651e-08
-1.19378072e-07
3.86218987e-08
-1.69018479e-07
4.5685316e-08
-1.60367276e-07
5.00524248e-08
-1.45527557e-07
5.36461628e-08
-1.26998065e-07
5.62756183e-08
-1.06670158e-07
5.74256856e-08
-8.54973716e-08
5.7393088e-08
-6.49686754e-08
5.64675273e-08
-4.52248385e-08
5.46255355e-08
-2.55499374e-08
5.17313767e-08
-5.33095752e-09
4.77686506e-08
1.56721525e-08
4.30927962e-08
3.77224189e-08
3.8115743e-08
6.26689022e-08
3.25827449e-08
9.29656177e-08
2.5950168e-08
1.25279937e-07
1.75432194e-08
1.50363939e-07
8.51645842e-09
1.57634587e-07
-7.9589534e-10
1.82714491e-07
2.06390515e-07
2.02389564e-08
-1.39617027e-07
2.9900492e-08
-1.78680015e-07
3.38167668e-08
-1.64283552e-07
3.66078407e-08
-1.48318632e-07
3.90433423e-08
-1.29433567e-07
4.01924988e-08
-1.07819315e-07
4.00905371e-08
-8.53954106e-08
3.92733963e-08
-6.41515353e-08
3.79311784e-08
-4.38826212e-08
3.59661569e-08
-2.35849166e-08
3.3262209e-08
-2.6270104e-09
2.97563477e-08
1.91780127e-08
2.55856164e-08
4.1893149e-08
2.1013499e-08
6.72410182e-08
1.60297074e-08
9.79494079e-08
1.12801848e-08
1.30029458e-07
6.46262489e-09
1.55181497e-07
-3.32352841e-10
1.64429567e-07
-7.72100537e-09
1.90103134e-07
1.98669511e-07
1.62844674e-08
-1.55901498e-07
2.0783038e-08
-1.83178587e-07
2.27239625e-08
-1.66224477e-07
2.40670111e-08
-1.49661682e-07
2.51281274e-08
-1.30494684e-07
2.4723945e-08
-1.07415134e-07
2.3528829e-08
-8.42002953e-08
2.1946576e-08
-6.2569283e-08
2.00970633e-08
-4.20331092e-08
1.78774126e-08
-2.13652665e-08
1.52300067e-08
2.03944933e-11
1.21427809e-08
2.22652374e-08
8.48283323e-09
4.55530954e-08
4.26813932e-09
7.14557107e-08
2.89050702e-10
1.01928495e-07
-3.39035706e-09
1.33708865e-07
-5.04723058e-09
1.5683837e-07
-8.58680197e-09
1.67969132e-07
-1.447959e-08
1.95995927e-07
1.84189917e-07
1.16324386e-08
-1.67533936e-07
1.21947018e-08
-1.83740851e-07
1.23641626e-08
-1.66393939e-07
1.2241418e-08
-1.49538938e-07
1.14457221e-08
-1.29698989e-07
9.71739614e-09
-1.05686809e-07
7.60330842e-09
-8.20862085e-08
5.25150163e-09
-6.0217477e-08
2.81411248e-09
-3.95957207e-08
2.82549207e-10
-1.88337042e-08
-2.36324703e-09
2.66618967e-09
-5.30264405e-09
2.52046332e-08
-8.78906471e-09
4.90395147e-08
-1.29161839e-08
7.55828285e-08
-1.67049403e-08
1.0571725e-07
-1.82446389e-08
1.35248562e-07
-1.74226148e-08
1.56016344e-07
-1.99089647e-08
1.70455485e-07
-2.14782931e-08
1.97565248e-07
1.62711626e-07
6.79475618e-09
-1.74328695e-07
4.02003702e-09
-1.80966134e-07
3.09554481e-09
-1.65469448e-07
-2.16344269e-10
-1.4622705e-07
-2.10863639e-09
-1.27806698e-07
-4.92686842e-09
-1.02868577e-07
-7.96079456e-09
-7.90522832e-08
-1.10892151e-08
-5.70890573e-08
-1.41403357e-08
-3.6544601e-08
-1.70949927e-08
-1.58790481e-08
-2.00909129e-08
5.66210863e-09
-2.32097088e-08
2.83234279e-08
-2.67821142e-08
5.26119188e-08
-3.06300238e-08
7.94307368e-08
-3.32192068e-08
1.08306432e-07
-3.29021372e-08
1.34931491e-07
-3.10678532e-08
1.54182059e-07
-3.32163471e-08
1.72603974e-07
-2.82378733e-08
1.92586779e-07
1.3447375e-07
2.46855398e-09
-1.76797248e-07
-3.04079485e-09
-1.75456785e-07
-6.6469813e-09
-1.61863262e-07
-1.07667028e-08
-1.42107329e-07
-1.55792502e-08
-1.22994152e-07
-1.95664727e-08
-9.88813557e-08
-2.3596056e-08
-7.50227007e-08
-2.75929884e-08
-5.30921256e-08
-3.14856262e-08
-3.2651964e-08
-3.5141734e-08
-1.22229414e-08
-3.8589622e-08
9.10999551e-09
-4.20367028e-08
3.17705075e-08
-4.55949265e-08
5.61701413e-08
-4.86369508e-08
8.24727599e-08
-4.96179027e-08
1.09287382e-07
-4.79069969e-08
1.33220583e-07
-4.65308286e-08
1.52805889e-07
-4.69188691e-08
1.72992017e-07
-3.33587772e-08
1.7902668e-07
1.01114975e-07
-1.68193263e-09
-1.75115318e-07
-8.54067306e-09
-1.68598046e-07
-1.5968634e-08
-1.54435302e-07
-2.23763302e-08
-1.35699634e-07
-2.90753656e-08
-1.16295117e-07
-3.47260999e-08
-9.32306222e-08
-3.98291759e-08
-6.99196254e-08
-4.47436909e-08
-4.81776114e-08
-4.950638e-08
-2.78892757e-08
-5.39406138e-08
-7.78870852e-09
-5.79729247e-08
1.31423053e-08
-6.16251743e-08
3.54227561e-08
-6.46862513e-08
5.92312172e-08
-6.63801009e-08
8.41666085e-08
-6.58814309e-08
1.08788711e-07
-6.397889e-08
1.31318041e-07
-6.30164115e-08
1.5184341e-07
-5.84859552e-08
1.68461556e-07
-3.52125295e-08
1.55753259e-07
6.59024418e-08
-5.37960476e-09
-1.69735712e-07
-1.44067572e-08
-1.59570894e-07
-2.47585106e-08
-1.44083549e-07
-3.42639294e-08
-1.26194215e-07
-4.32222012e-08
-1.07336846e-07
-5.07861475e-08
-8.56666766e-08
-5.72452491e-08
-6.34605244e-08
-6.31314596e-08
-4.22914016e-08
-6.86686753e-08
-2.23520606e-08
-7.37253129e-08
-2.73207182e-09
-7.80608074e-08
1.7477799e-08
-8.14414304e-08
3.88033783e-08
-8.35118935e-08
6.13016795e-08
-8.38822924e-08
8.45370064e-08
-8.27211796e-08
1.07627598e-07
-8.10488532e-08
1.29645714e-07
-7.7985375e-08
1.48779931e-07
-6.50254425e-08
1.55501627e-07
-3.28031749e-08
1.23530985e-07
3.30992691e-08
-8.74938752e-09
-1.60986327e-07
-2.04262291e-08
-1.47894053e-07
-3.35019157e-08
-1.31007863e-07
-4.61706699e-08
-1.13525462e-07
-5.79255765e-08
-9.55819396e-08
-6.79257991e-08
-7.56664545e-08
-7.62269525e-08
-5.51593715e-08
-8.33163986e-08
-3.52019559e-08
-8.95411379e-08
-1.61273219e-08
-9.48633158e-08
2.59010551e-09
-9.89855435e-08
2.16000261e-08
-1.01623236e-07
4.14410697e-08
-1.02607271e-07
6.22857145e-08
-1.02044154e-07
8.39738884e-08
-1.00285623e-07
1.05869066e-07
-9.67995388e-08
1.26159629e-07
-8.74104057e-08
1.39390798e-07
-6.40128751e-08
1.32104093e-07
-2.60579567e-08
8.55760716e-08
7.04130958e-09
-1.17029961e-08
-1.49283329e-07
-2.62903187e-08
-1.3330673e-07
-4.21401467e-08
-1.15158035e-07
-5.79350054e-08
-9.77306032e-08
-7.28076588e-08
-8.07092865e-08
-8.57569812e-08
-6.27171324e-08
-9.64982464e-08
-4.44181066e-08
-1.05250474e-07
-2.64497283e-08
-1.1232856e-07
-9.04923607e-09
-1.17713411e-07
7.97495584e-09
-1.21293209e-07
2.51798238e-08
-1.22933673e-07
4.30815335e-08
-1.22635866e-07
6.19879068e-08
-1.20441051e-07
8.17790728e-08
-1.15831147e-07
1.01259163e-07
-1.06485615e-07
1.16814097e-07
-8.74880286e-08
1.20393211e-07
-5.46938664e-08
9.93099336e-08
-1.556437e-08
4.64465696e-08
-8.52305809e-09
-1.45484029e-08
-1.34734928e-07
-3.20138984e-08
-1.15841235e-07
-5.06245167e-08
-9.65474171e-08
-6.93731816e-08
-7.89819384e-08
-8.7325916e-08
-6.27565521e-08
-1.03360895e-07
-4.66821534e-08
-1.16859099e-07
-3.09199026e-08
-1.27650234e-07
-1.56585935e-08
-1.35889394e-07
-8.10075809e-10
-1.41400068e-07
1.34856297e-08
-1.4425371e-07
2.8033466e-08
-1.44322043e-07
4.31498663e-08
-1.41404256e-07
5.90701193e-08
-1.34997724e-07
7.53725405e-08
-1.23783216e-07
9.00446547e-08
-1.05220536e-07
9.82514174e-08
-7.66167234e-08
9.1789399e-08
-3.96476314e-08
6.23408386e-08
-7.49067581e-09
1.42896194e-08
-1.60137364e-08
-1.74547731e-08
-1.17280153e-07
-3.77849079e-08
-9.55110997e-08
-5.91386932e-08
-7.51936314e-08
-8.06049183e-08
-5.7515713e-08
-1.01287568e-07
-4.20739027e-08
-1.2003618e-07
-2.79335402e-08
-1.36000949e-07
-1.49551334e-08
-1.48727378e-07
-2.93216506e-09
-1.57791767e-07
8.25431426e-09
-1.63197158e-07
1.88910208e-08
-1.6456928e-07
2.94055878e-08
-1.61512426e-07
4.00930132e-08
-1.53443757e-07
5.10014508e-08
-1.39561255e-07
6.14900385e-08
-1.18884737e-07
6.93681371e-08
-9.06927489e-08
7.00594297e-08
-5.63770494e-08
5.74736996e-08
-2.32258411e-08
2.91896342e-08
-3.67858183e-09
-5.25764511e-09
-1.96923153e-08
-2.0559188e-08
-9.67209662e-08
-4.39173321e-08
-7.21529555e-08
-6.8207904e-08
-5.0903059e-08
-9.23768106e-08
-3.33468059e-08
-1.15461411e-07
-1.89893019e-08
-1.36316001e-07
-7.07894923e-09
-1.54026558e-07
2.75542436e-09
-1.67622953e-07
1.06642307e-08
-1.76544004e-07
1.71753653e-08
-1.80240437e-07
2.25874551e-08
-1.78083041e-07
2.72481925e-08
-1.69362155e-07
3.13721276e-08
-1.53360222e-07
3.49995181e-08
-1.29690269e-07
3.78200868e-08
-9.89953773e-08
3.86732461e-08
-6.36996718e-08
3.47637251e-08
-2.92995302e-08
2.30735595e-08
-5.52062552e-09
5.41072686e-09
1.59272908e-09
-1.23709931e-08
-1.80995884e-08
-2.39393236e-08
-7.27816397e-08
-5.06665532e-08
-4.54257244e-08
-7.83991368e-08
-2.31704745e-08
-1.05696771e-07
-6.04917075e-09
-1.31258616e-07
6.57254401e-09
-1.53544706e-07
1.5207142e-08
-1.71263456e-07
2.04741747e-08
-1.83509748e-07
2.29105241e-08
-1.89471439e-07
2.31370576e-08
-1.88487936e-07
2.16039525e-08
-1.7990587e-07
1.86661275e-08
-1.63165968e-07
1.46322273e-08
-1.3796999e-07
9.80354159e-09
-1.04754824e-07
4.60492158e-09
-6.5867753e-08
-2.13823901e-10
-2.65710125e-08
-4.53301424e-09
3.49382806e-09
-6.99128053e-09
1.71113385e-08
-8.20677905e-09
1.24100881e-08
-7.66974739e-09
-5.68949639e-09
-2.77723001e-08
-4.50093405e-08
-5.8042287e-08
-1.51557367e-08
-8.92972904e-08
8.08453003e-09
-1.19137083e-07
2.37906225e-08
-1.45626509e-07
3.30619717e-08
-1.66992126e-07
3.65727601e-08
-1.82073237e-07
3.55552876e-08
-1.90402821e-07
3.12401085e-08
-1.91870042e-07
2.46042799e-08
-1.86495079e-07
1.62289913e-08
-1.74154445e-07
6.32549496e-09
-1.54977778e-07
-4.54443786e-09
-1.28603385e-07
-1.65708502e-08
-9.51906905e-08
-2.88077711e-08
-5.64926443e-08
-3.89118686e-08
-1.82989663e-08
-4.2726691e-08
1.09370935e-08
-3.62273388e-08
2.2392292e-08
-1.966198e-08
1.61467382e-08
-1.42418519e-09
1.04572398e-08
-3.25202188e-08
-1.24891172e-08
-6.63603708e-08
1.86844175e-08
-9.96371031e-08
4.1361264e-08
-1.29737817e-07
5.38913384e-08
-1.54584955e-07
5.79091108e-08
-1.7310643e-07
5.50942363e-08
-1.85294608e-07
4.77434671e-08
-1.91828566e-07
3.77740682e-08
-1.93554328e-07
2.63300437e-08
-1.91103277e-07
1.37779422e-08
-1.83946402e-07
-8.31377534e-10
-1.72224607e-07
-1.62662312e-08
-1.54432728e-07
-3.43627272e-08
-1.29659916e-07
-5.35805818e-08
-9.78138608e-08
-7.07579219e-08
-6.09040189e-08
-7.96365316e-08
-2.51682213e-08
-7.19631356e-08
-8.30476326e-10
-4.39997195e-08
4.83648672e-09
-7.09115318e-09
1.52937317e-08
-3.57355777e-08
2.32464596e-08
-7.10427089e-08
5.39915498e-08
-1.03803857e-07
7.41224137e-08
-1.31414834e-07
8.15023169e-08
-1.52423428e-07
7.8917707e-08
-1.66862335e-07
6.95331452e-08
-1.75951093e-07
5.68322269e-08
-1.8123906e-07
4.30620371e-08
-1.83846755e-07
2.89377409e-08
-1.84081383e-07
1.40125727e-08
-1.82100153e-07
-2.81260537e-09
-1.76747795e-07
-2.16185876e-08
-1.67514349e-07
-4.35961708e-08
-1.52860259e-07
-6.823467e-08
-1.30755658e-07
-9.28625209e-08
-9.96220542e-08
-1.10770134e-07
-6.09832477e-08
-1.10601941e-07
-2.36882074e-08
-8.12947625e-08
-3.24518105e-09
-2.7534169e-08
1.2048548e-08
-3.5536399e-08
5.87828637e-08
-6.99352415e-08
8.83903948e-08
-9.97506349e-08
1.03937809e-07
-1.22763944e-07
1.04515628e-07
-1.38478991e-07
9.4632756e-08
-1.48188331e-07
7.9242487e-08
-1.54063337e-07
6.27072352e-08
-1.57866135e-07
4.68648373e-08
-1.60370587e-07
3.14421955e-08
-1.61699052e-07
1.534104e-08
-1.62048383e-07
-2.46327221e-09
-1.61099152e-07
-2.25678158e-08
-1.58739956e-07
-4.5955365e-08
-1.53908186e-07
-7.30664379e-08
-1.43853838e-07
-1.02916866e-07
-1.24047304e-07
-1.30576667e-07
-9.04627319e-08
-1.44186511e-07
-4.61356134e-08
-1.25621875e-07
-8.96448261e-09
-6.47053058e-08
3.08407143e-09
-3.27577588e-08
9.15406212e-08
-6.38403697e-08
1.19473007e-07
-8.90550285e-08
1.2915247e-07
-1.06696374e-07
1.22156976e-07
-1.17420716e-07
1.05357101e-07
-1.23653154e-07
8.54749272e-08
-1.27855427e-07
6.69095104e-08
-1.31154015e-07
5.01634279e-08
-1.33534259e-07
3.38224418e-08
-1.34805735e-07
1.66125188e-08
-1.35220528e-07
-2.04847649e-09
-1.35213027e-07
-2.25753145e-08
-1.35572483e-07
-4.55959061e-08
-1.36496781e-07
-7.21421381e-08
-1.36313535e-07
-1.0310011e-07
-1.29884332e-07
-1.37005868e-07
-1.0892809e-07
-1.65142752e-07
-6.8125511e-08
-1.66424457e-07
-1.88644301e-08
-1.13966376e-07
-1.57803621e-08
-2.84135651e-08
1.19954191e-07
-5.47611656e-08
1.4582061e-07
-7.48059761e-08
1.49197282e-07
-8.75905248e-08
1.34941527e-07
-9.48460995e-08
1.12612678e-07
-9.95080431e-08
9.01368733e-08
-1.03462665e-07
7.08641352e-08
-1.06807449e-07
5.35082137e-08
-1.08968975e-07
3.59839712e-08
-1.09740183e-07
1.73837287e-08
-1.09424631e-07
-2.36402493e-09
-1.0866459e-07
-2.33353537e-08
-1.08449879e-07
-4.58106143e-08
-1.10046443e-07
-7.05455712e-08
-1.14000069e-07
-9.91464807e-08
-1.17440378e-07
-1.33565557e-07
-1.11189629e-07
-1.71393499e-07
-8.29710916e-08
-1.94642987e-07
-3.33610709e-08
-1.63576403e-07
-4.9141427e-08
-2.33260033e-08
1.43280193e-07
-4.4496519e-08
1.66991127e-07
-5.97039932e-08
1.64404759e-07
-6.87397411e-08
1.43977277e-07
-7.40083668e-08
1.17881306e-07
-7.82064958e-08
9.43350048e-08
-8.22354866e-08
7.48931285e-08
-8.55011443e-08
5.6773874e-08
-8.74412505e-08
3.792408e-08
-8.80936819e-08
1.8036163e-08
-8.77457622e-08
-2.71194191e-09
-8.67034316e-08
-2.43776816e-08
-8.53984439e-08
-4.71155994e-08
-8.49766921e-08
-7.09673203e-08
-8.74626743e-08
-9.66604957e-08
-9.3743836e-08
-1.27284392e-07
-9.81588783e-08
-1.66978454e-07
-8.55095685e-08
-2.072923e-07
-4.42972618e-08
-2.04788699e-07
-9.34386925e-08
-1.80988377e-08
1.61379036e-07
-3.42224794e-08
1.83114771e-07
-4.53399187e-08
1.755222e-07
-5.16501258e-08
1.50287486e-07
-5.57428283e-08
1.21974011e-07
-5.96118499e-08
9.82040288e-08
-6.33166961e-08
7.85979772e-08
-6.60941852e-08
5.95513657e-08
-6.76955749e-08
3.95254724e-08
-6.8420677e-08
1.87612677e-08
-6.85529484e-08
-2.5796677e-09
-6.81157517e-08
-2.48148756e-08
-6.69476545e-08
-4.8283694e-08
-6.52662822e-08
-7.264869e-08
-6.46795771e-08
-9.72471978e-08
-6.827896e-08
-1.23685007e-07
-7.59659494e-08
-1.59291463e-07
-7.55391756e-08
-2.07719067e-07
-4.70995981e-08
-2.33228283e-07
-1.40538285e-07
-1.30390005e-08
1.74418034e-07
-2.44787637e-08
1.94554535e-07
-3.23187207e-08
1.83362159e-07
-3.65536122e-08
1.5452238e-07
-3.96877751e-08
1.25108176e-07
-4.29036772e-08
1.01419933e-07
-4.58150081e-08
8.15093106e-08
-4.78200124e-08
6.15563724e-08
-4.89468863e-08
4.06523488e-08
-4.95705081e-08
1.93848923e-08
-4.99777275e-08
-2.17244573e-09
-5.01565114e-08
-2.46360892e-08
-4.9818082e-08
-4.8622121e-08
-4.85256583e-08
-7.39411112e-08
-4.67100481e-08
-9.90628053e-08
-4.70081321e-08
-1.23386919e-07
-5.24562345e-08
-1.53843357e-07
-5.78458589e-08
-2.02329445e-07
-4.26881398e-08
-2.48385991e-07
-1.83226428e-07
-8.14635785e-09
1.82564398e-07
-1.53981126e-08
2.01806292e-07
-2.06829328e-08
1.88646981e-07
-2.3055178e-08
1.56894627e-07
-2.52114428e-08
1.27264443e-07
-2.74098991e-08
1.03618392e-07
-2.92617596e-08
8.33611734e-08
-3.04215909e-08
6.27162061e-08
-3.10378156e-08
4.12685761e-08
-3.14034565e-08
1.97505355e-08
-3.17363753e-08
-1.83952427e-09
-3.21267143e-08
-2.42457477e-08
-3.23846736e-08
-4.83641594e-08
-3.20003802e-08
-7.4325402e-08
-3.0781495e-08
-1.00281688e-07
-3.0157508e-08
-1.24010904e-07
-3.25776253e-08
-1.51423238e-07
-3.81346692e-08
-1.96772394e-07
-3.33700205e-08
-2.53150647e-07
-2.16596443e-07
-2.56001127e-09
1.85124406e-07
-7.2231268e-09
2.06469409e-07
-1.00220806e-08
1.91445937e-07
-1.05378446e-08
1.57410393e-07
-1.17722253e-08
1.28498826e-07
-1.26644417e-08
1.04510611e-07
-1.33649118e-08
8.40616459e-08
-1.3673156e-08
6.30244526e-08
-1.378035e-08
4.13757723e-08
-1.38503166e-08
1.98205048e-08
-1.40124728e-08
-1.6773658e-09
-1.43386491e-08
-2.39195691e-08
-1.47695572e-08
-4.79332489e-08
-1.50530263e-08
-7.40419304e-08
-1.50830006e-08
-1.00251711e-07
-1.54320378e-08
-1.23661863e-07
-1.68405969e-08
-1.50014676e-07
-2.01837327e-08
-1.93429261e-07
-2.18682581e-08
-2.5146611e-07
-2.38464704e-07
2.68337387e-09
1.82441039e-07
4.94362098e-11
2.09103349e-07
1.26730152e-09
1.90228074e-07
9.85076668e-10
1.5769262e-07
1.41041404e-09
1.28073491e-07
1.53806421e-09
1.04382963e-07
2.10130041e-09
8.34984119e-08
2.71704508e-09
6.24087101e-08
3.17514146e-09
4.09176782e-08
3.43071111e-09
1.95649371e-08
3.50176848e-09
-1.74842098e-09
3.36877045e-09
-2.3786569e-08
3.01645992e-09
-4.75809362e-08
2.4080133e-09
-7.34334814e-08
1.11753954e-09
-9.89612344e-08
-1.45905508e-09
-1.21085267e-07
-3.55547185e-09
-1.47918257e-07
-5.6468619e-09
-1.91337863e-07
-9.70217042e-09
-2.47410809e-07
-2.48166868e-07
7.88360886e-09
1.74557427e-07
9.07973164e-09
2.07907228e-07
1.10113825e-08
1.88296424e-07
1.26207231e-08
1.56083281e-07
1.40730007e-08
1.26621215e-07
1.5758879e-08
1.02697086e-07
1.7631304e-08
8.16259888e-08
1.9222186e-08
6.081783e-08
2.03420584e-08
3.97978076e-08
2.10654169e-08
1.88415804e-08
2.14975859e-08
-2.18058846e-09
2.16406228e-08
-2.39296042e-08
2.13636594e-08
-4.7303971e-08
2.01459316e-08
-7.22157515e-08
1.71350834e-08
-9.5950384e-08
1.31223431e-08
-1.17072524e-07
9.66081947e-09
-1.44456731e-07
7.53330792e-09
-1.89210356e-07
2.56709053e-09
-2.42444578e-07
-2.45599781e-07
1.35928968e-08
1.60964538e-07
1.81056816e-08
2.03394446e-07
2.1966473e-08
1.84435635e-07
2.44727477e-08
1.53577008e-07
2.72097999e-08
1.23884165e-07
3.02142279e-08
9.969266e-08
3.33637889e-08
7.84764294e-08
3.6115375e-08
5.80662455e-08
3.81902889e-08
3.77228952e-08
3.96544341e-08
1.73774364e-08
4.06109624e-08
-3.13711549e-09
4.10679901e-08
-2.43866306e-08
4.07434328e-08
-4.69794121e-08
3.86370427e-08
-7.01093595e-08
3.39337905e-08
-9.12471297e-08
2.82178427e-08
-1.11356575e-07
2.41778159e-08
-1.40416703e-07
2.0828875e-08
-1.85861406e-07
1.1411758e-08
-2.33027469e-07
-2.34188015e-07
1.87032612e-08
1.42261274e-07
2.79103034e-08
1.94187405e-07
3.36453381e-08
1.78700602e-07
3.73715527e-08
1.49850795e-07
4.10669715e-08
1.20188747e-07
4.53658549e-08
9.5393778e-08
4.98112382e-08
7.40310476e-08
5.38151971e-08
5.4062288e-08
5.70422067e-08
3.44958868e-08
5.94533966e-08
1.49662477e-08
6.11023504e-08
-4.78606832e-09
6.19283051e-08
-2.52125842e-08
6.12467693e-08
-4.62978748e-08
5.77345267e-08
-6.65971154e-08
5.13406894e-08
-8.48532909e-08
4.49900945e-08
-1.05005978e-07
4.11892029e-08
-1.3661581e-07
3.59204411e-08
-1.80592649e-07
2.11683363e-08
-2.18275348e-07
-2.13019682e-07
2.25417305e-08
1.19719552e-07
3.78854626e-08
1.78843676e-07
4.64362834e-08
1.70149783e-07
5.17230042e-08
1.44564076e-07
5.63386965e-08
1.15573056e-07
6.17148406e-08
9.00176351e-08
6.74289569e-08
6.83169325e-08
7.27543289e-08
4.87369172e-08
7.72597743e-08
2.99904424e-08
8.07741232e-08
1.14518995e-08
8.32042003e-08
-7.2161447e-09
8.41255994e-08
-2.61339825e-08
8.23763349e-08
-4.45486091e-08
7.71342328e-08
-6.13550119e-08
7.01454684e-08
-7.78645253e-08
6.52354541e-08
-1.00095963e-07
6.24349927e-08
-1.33815348e-07
5.42050322e-08
-1.7236268e-07
3.21973103e-08
-1.96267635e-07
-1.80822363e-07
2.42560897e-08
9.54634587e-08
4.66909505e-08
1.56408816e-07
5.97690257e-08
1.57071709e-07
6.76361348e-08
1.36696968e-07
7.37207076e-08
1.09488485e-07
8.01426558e-08
8.35956879e-08
8.69802455e-08
6.14793438e-08
9.35432051e-08
4.21739584e-08
9.92436308e-08
2.42900174e-08
1.03683343e-07
7.0121883e-09
1.06412574e-07
-9.94537535e-09
1.06478858e-07
-2.62002664e-08
1.03074518e-07
-4.11442681e-08
9.73119116e-08
-5.55924051e-08
9.27663508e-08
-7.33189639e-08
9.16912637e-08
-9.90208752e-08
8.94114343e-08
-1.31535518e-07
7.59332636e-08
-1.58884514e-07
4.42906029e-08
-1.64624957e-07
-1.36531765e-07
2.28086771e-08
7.26547899e-08
5.16945799e-08
1.27522916e-07
7.10979266e-08
1.37668364e-07
8.36009122e-08
1.24193984e-07
9.26525567e-08
1.00436841e-07
1.00690663e-07
7.55575822e-08
1.08539524e-07
5.36304834e-08
1.15895335e-07
3.48181487e-08
1.22146519e-07
1.80388337e-08
1.266422e-07
2.51650668e-09
1.28546494e-07
-1.18496688e-08
1.2726635e-07
-2.49201228e-08
1.240147e-07
-3.78926178e-08
1.22017354e-07
-5.35950582e-08
1.23667965e-07
-7.49695748e-08
1.26146973e-07
-1.01499884e-07
1.20717794e-07
-1.26106338e-07
9.85009417e-08
-1.36667652e-07
5.58706438e-08
-1.21994669e-07
-8.06611126e-08
1.99137309e-08
5.27410547e-08
5.16058615e-08
9.58307858e-08
7.72835352e-08
1.11990692e-07
9.64782097e-08
1.0499931e-07
1.10647184e-07
8.62678677e-08
1.21689954e-07
6.45148119e-08
1.30983527e-07
4.4336911e-08
1.38839764e-07
2.6961912e-08
1.44924051e-07
1.19545471e-08
1.48483137e-07
-1.04257981e-09
1.49566668e-07
-1.29332001e-08
1.50086699e-07
-2.54401541e-08
1.52768436e-07
-4.05743545e-08
1.58715117e-07
-5.95417395e-08
1.64815325e-07
-8.1069783e-08
1.63881276e-07
-1.00565834e-07
1.48262371e-07
-1.10487433e-07
1.14349729e-07
-1.02755016e-07
6.25093123e-08
-7.01542363e-08
-1.81518059e-08
1.76798732e-08
3.50611884e-08
4.71322096e-08
6.63784517e-08
7.62107417e-08
8.29121607e-08
1.02530677e-07
7.86793752e-08
1.23223012e-07
6.55755328e-08
1.38820676e-07
4.89171482e-08
1.50610391e-07
3.25471961e-08
1.5921527e-07
1.83570326e-08
1.65783025e-07
5.38679117e-09
1.71661894e-07
-6.92144928e-09
1.79028028e-07
-2.02993346e-08
1.88753114e-07
-3.51652409e-08
1.99151936e-07
-5.09731767e-08
2.06019327e-07
-6.64091303e-08
2.03833051e-07
-7.88835069e-08
1.87875884e-07
-8.46086662e-08
1.56634756e-07
-7.92463044e-08
1.12588134e-07
-5.87083853e-08
5.87357443e-08
-1.6301859e-08
4.05839446e-08
7.85540386e-09
2.72057789e-08
3.04358391e-08
4.37980153e-08
6.88244075e-08
4.45235921e-08
1.0170628e-07
4.5797502e-08
1.28615145e-07
3.8666668e-08
1.51046965e-07
2.64853275e-08
1.70005019e-07
1.35891413e-08
1.86916447e-07
1.44560314e-09
2.03800851e-07
-1.14976143e-08
2.20331007e-07
-2.34516062e-08
2.34504044e-07
-3.4472373e-08
2.43485148e-07
-4.41463459e-08
2.4421633e-07
-5.17043588e-08
2.33830268e-07
-5.60230689e-08
2.10692425e-07
-5.57456632e-08
1.755642e-07
-4.94804403e-08
1.32686469e-07
-3.63685732e-08
8.87873847e-08
-1.48093079e-08
4.34443619e-08
2.90411764e-08
8.40282997e-08
2.65336048e-08
6.72179339e-10
6.24475074e-08
7.88411342e-09
9.45463407e-08
1.24247584e-08
1.31213395e-07
9.13044668e-09
1.66679933e-07
3.200129e-09
1.97613205e-07
-4.44794534e-09
2.23094732e-07
-1.18923872e-08
2.43203818e-07
-1.86634842e-08
2.56380092e-07
-2.46738897e-08
2.62322213e-07
-2.93937287e-08
2.60429427e-07
-3.25795887e-08
2.50166573e-07
-3.38834927e-08
2.31211464e-07
-3.27492512e-08
2.03555653e-07
-2.8367258e-08
1.67922788e-07
-2.01127989e-08
1.26722981e-07
-8.28063385e-09
8.47704383e-08
5.5839694e-09
5.1205343e-08
1.87557937e-08
2.53749385e-08
5.48715663e-08
1.09403243e-07
2.17968362e-08
-2.11246639e-08
5.36893839e-08
-2.40084368e-08
8.73545361e-08
-2.12403953e-08
1.22753575e-07
-2.6268594e-08
1.54070086e-07
-2.81163826e-08
1.77769403e-07
-2.81472635e-08
1.9404017e-07
-2.8163156e-08
2.0368699e-07
-2.83103058e-08
2.07171666e-07
-2.8158567e-08
2.04976004e-07
-2.71980684e-08
1.97368862e-07
-2.49724479e-08
1.84546108e-07
-2.10607397e-08
1.66763327e-07
-1.49664707e-08
1.44565421e-07
-6.16935276e-09
1.19246314e-07
5.20630712e-09
9.18311737e-08
1.91345057e-08
6.33684973e-08
3.40466447e-08
3.7451507e-08
4.46727751e-08
1.75645409e-08
7.47585421e-08
1.26967776e-07
1.30699214e-09
-2.24316524e-08
2.28190002e-08
-4.55204458e-08
6.31281013e-08
-6.15494981e-08
9.74497903e-08
-6.05902847e-08
1.25520985e-07
-5.61875787e-08
1.476966e-07
-5.03228799e-08
1.63881969e-07
-4.43485272e-08
1.74424777e-07
-3.88531154e-08
1.7984669e-07
-3.35804809e-08
1.8060295e-07
-2.795433e-08
1.76974774e-07
-2.13442731e-08
1.69014487e-07
-1.31004537e-08
1.56730956e-07
-2.68294015e-09
1.39365505e-07
1.1196097e-08
1.16910938e-07
2.76608725e-08
9.05411134e-08
4.55043287e-08
6.23916171e-08
6.21961392e-08
3.53420389e-08
7.17223577e-08
1.50463092e-08
9.50542568e-08
1.42014089e-07
1.63233877e-08
-3.87550483e-08
4.38199118e-08
-7.30169738e-08
7.08315807e-08
-8.85611697e-08
9.76906377e-08
-8.7449344e-08
1.19896739e-07
-7.83936819e-08
1.36488038e-07
-6.69141809e-08
1.47997307e-07
-5.58577985e-08
1.55057678e-07
-4.59134882e-08
1.58152426e-07
-3.667523e-08
1.57701737e-07
-2.75036425e-08
1.54084673e-07
-1.77272106e-08
1.47556693e-07
-6.57247532e-09
1.37800301e-07
7.07345119e-09
1.24696178e-07
2.43002183e-08
1.07351276e-07
4.50057729e-08
8.56783476e-08
6.71772552e-08
6.08251481e-08
8.70493366e-08
3.49236126e-08
9.76238838e-08
1.39383968e-08
1.16039481e-07
1.55952479e-07
1.91522813e-08
-5.79073279e-08
4.86441924e-08
-1.02508887e-07
7.22512942e-08
-1.12168274e-07
9.12113569e-08
-1.06409409e-07
1.05837948e-07
-9.30202749e-08
1.16339767e-07
-7.74160028e-08
1.23221723e-07
-6.27397559e-08
1.26861251e-07
-4.95530185e-08
1.27599188e-07
-3.74131693e-08
1.25827909e-07
-2.57323644e-08
1.21953359e-07
-1.38526631e-08
1.16336936e-07
-9.56053604e-10
1.0929544e-07
1.41149449e-08
1.00740387e-07
3.28552694e-08
8.93644237e-08
5.63817343e-08
7.37977882e-08
8.2743888e-08
5.41533469e-08
1.06693775e-07
3.21834967e-08
1.19593737e-07
1.24523352e-08
1.35770627e-07
1.68404817e-07
2.31185337e-08
-8.10258698e-08
4.93386418e-08
-1.28728999e-07
6.61671718e-08
-1.28996807e-07
7.79490654e-08
-1.18191305e-07
8.6614098e-08
-1.0168531e-07
9.28345038e-08
-8.36364111e-08
9.6634309e-08
-6.65395635e-08
9.80935177e-08
-5.10122293e-08
9.75369293e-08
-3.68565831e-08
9.52903193e-08
-2.34857564e-08
9.16106571e-08
-1.01730028e-08
8.68333177e-08
3.82128371e-09
8.14218866e-08
1.95263737e-08
7.54894177e-08
3.87877358e-08
6.81487381e-08
6.37224113e-08
5.77162795e-08
9.31763442e-08
4.34716509e-08
1.20938401e-07
2.6719426e-08
1.36345953e-07
9.92185726e-09
1.52568203e-07
1.78326667e-07
2.39000396e-08
-1.04925909e-07
4.37014938e-08
-1.48530456e-07
5.44233237e-08
-1.3971864e-07
6.154893e-08
-1.25316914e-07
6.69277032e-08
-1.07064086e-07
7.08767121e-08
-8.75854226e-08
7.29420962e-08
-6.86049501e-08
7.32914832e-08
-5.13616188e-08
7.23580219e-08
-3.5923124e-08
7.03111799e-08
-2.14389166e-08
6.71346833e-08
-6.99650854e-09
6.29255627e-08
8.03040181e-09
5.80960404e-08
2.43558935e-08
5.30736999e-08
4.38100735e-08
4.75749299e-08
6.92211785e-08
4.04070875e-08
1.00344184e-07
3.05816934e-08
1.30763793e-07
1.92709331e-08
1.47656716e-07
6.26732056e-09
1.65571801e-07
1.8459399e-07
2.20215195e-08
-1.26947436e-07
3.48057272e-08
-1.61314667e-07
4.09663717e-08
-1.45879287e-07
4.54205641e-08
-1.2977111e-07
4.91323841e-08
-1.10775909e-07
5.14873588e-08
-8.99404e-08
5.21326656e-08
-6.92502596e-08
5.16604719e-08
-5.08894277e-08
5.05196245e-08
-3.47822793e-08
4.86843456e-08
-1.96036402e-08
4.59646345e-08
-4.27680012e-09
4.22985837e-08
1.16964498e-08
3.79789098e-08
2.86755644e-08
3.33703487e-08
4.84186316e-08
2.85852873e-08
7.40062368e-08
2.33767951e-08
1.05552673e-07
1.69173104e-08
1.37223275e-07
1.03152981e-08
1.54258719e-07
1.60365362e-09
1.74283452e-07
1.86197638e-07
1.81729589e-08
-1.45120395e-07
2.46774656e-08
-1.67819177e-07
2.79547939e-08
-1.49156618e-07
3.05889908e-08
-1.32405309e-07
3.28590966e-08
-1.13046017e-07
3.35206354e-08
-9.06019418e-08
3.2884727e-08
-6.8614354e-08
3.16609461e-08
-4.96656497e-08
3.01542673e-08
-3.32756032e-08
2.82698521e-08
-1.7719228e-08
2.5838114e-08
-1.8450651e-09
2.27761705e-08
1.47583902e-08
1.91675213e-08
3.22842102e-08
1.4960595e-08
5.26255545e-08
1.06089495e-08
7.83578791e-08
6.71755562e-09
1.09444064e-07
3.80052701e-09
1.401403e-07
-9.02143628e-10
1.58961393e-07
-6.57436859e-09
1.79955664e-07
1.79623272e-07
1.32121701e-08
-1.58332571e-07
1.47990064e-08
-1.69406016e-07
1.58788052e-08
-1.5023642e-07
1.67533147e-08
-1.33279822e-07
1.71507721e-08
-1.13443477e-07
1.62953938e-08
-8.97465663e-08
1.46727295e-08
-6.69916926e-08
1.27361454e-08
-4.77290686e-08
1.06964635e-08
-3.12359242e-08
8.55419661e-09
-1.55769641e-08
6.20557872e-09
5.03549465e-10
3.5333879e-09
1.74305776e-08
2.5183139e-10
3.55657633e-08
-3.49041008e-09
5.63677926e-08
-7.35376556e-09
8.22212312e-08
-1.01688131e-08
1.12259108e-07
-1.04181584e-08
1.40389643e-07
-1.1423401e-08
1.59966626e-07
-1.52187665e-08
1.83751036e-07
1.64404499e-07
7.83273755e-09
-1.66165309e-07
5.53868381e-09
-1.67111965e-07
4.86645027e-09
-1.49564189e-07
2.69901142e-09
-1.31112386e-07
1.50833758e-09
-1.12252806e-07
-5.88692948e-10
-8.76495386e-08
-2.83933775e-09
-6.47410507e-08
-5.51207475e-09
-4.50563345e-08
-8.2261845e-09
-2.85218174e-08
-1.08618522e-08
-1.29412995e-08
-1.34204862e-08
3.06218015e-09
-1.60123272e-08
2.00224153e-08
-1.89843424e-08
3.85377752e-08
-2.25283735e-08
5.99118205e-08
-2.56609176e-08
8.53537722e-08
-2.66801612e-08
1.13278349e-07
-2.4985941e-08
1.38695419e-07
-2.5548239e-08
1.60528928e-07
-2.39060889e-08
1.82108874e-07
1.40498414e-07
3.05730956e-09
-1.69222623e-07
-2.86831179e-09
-1.61186346e-07
-6.1068373e-09
-1.46325666e-07
-1.01936967e-08
-1.27025529e-07
-1.42394908e-08
-1.08207015e-07
-1.74614082e-08
-8.4427624e-08
-2.06652373e-08
-6.15372245e-08
-2.39279425e-08
-4.17936322e-08
-2.7360771e-08
-2.50889919e-08
-3.06848715e-08
-9.61720211e-09
-3.37102363e-08
6.08754177e-09
-3.656262e-08
2.28747958e-08
-3.94921844e-08
4.14673365e-08
-4.23286303e-08
6.27482633e-08
-4.4006602e-08
8.70317408e-08
-4.33957103e-08
1.12667454e-07
-4.17392792e-08
1.37038986e-07
-4.17452672e-08
1.60534908e-07
-3.16489532e-08
1.72012566e-07
1.08849455e-07
-1.63195109e-09
-1.67590672e-07
-9.11833252e-09
-1.53699967e-07
-1.70498215e-08
-1.38394179e-07
-2.3741028e-08
-1.20334325e-07
-3.03174243e-08
-1.01630621e-07
-3.54007861e-08
-7.93442648e-08
-3.96166998e-08
-5.73213136e-08
-4.35941716e-08
-3.78161632e-08
-4.7635269e-08
-2.10478974e-08
-5.15477217e-08
-5.70475242e-09
-5.50762309e-08
9.61604791e-09
-5.81406106e-08
2.59391725e-08
-6.06983703e-08
4.40250933e-08
-6.24337221e-08
6.44836123e-08
-6.27650587e-08
8.73630746e-08
-6.18176137e-08
1.11720006e-07
-6.09401241e-08
1.36161493e-07
-5.70977345e-08
1.56692521e-07
-3.62592621e-08
1.51174083e-07
7.2590196e-08
-5.77422068e-09
-1.61816456e-07
-1.56388486e-08
-1.43835341e-07
-2.71731917e-08
-1.26859839e-07
-3.77071137e-08
-1.09800405e-07
-4.7308143e-08
-9.20295941e-08
-5.49263166e-08
-7.17260937e-08
-6.08639673e-08
-5.13836654e-08
-6.58819178e-08
-3.27982153e-08
-7.05193849e-08
-1.6410433e-08
-7.48133341e-08
-1.41080601e-09
-7.84837578e-08
1.32864688e-08
-8.12985103e-08
2.87539223e-08
-8.31125239e-08
4.58391042e-08
-8.38526009e-08
6.52236866e-08
-8.36365881e-08
8.71470592e-08
-8.27786928e-08
1.10862109e-07
-7.99092672e-08
1.33292067e-07
-6.74142826e-08
1.4419753e-07
-3.54976403e-08
1.19257448e-07
3.70925505e-08
-9.3726256e-09
-1.5244383e-07
-2.2191486e-08
-1.31016483e-07
-3.70036561e-08
-1.1204767e-07
-5.15038471e-08
-9.53002161e-08
-6.4834065e-08
-7.86993783e-08
-7.5899074e-08
-6.06610869e-08
-8.46282718e-08
-4.26544699e-08
-9.15603418e-08
-2.58661476e-08
-9.72582819e-08
-1.07124955e-08
-1.01894812e-07
3.22572172e-09
-1.05389548e-07
1.67812024e-08
-1.07632673e-07
3.09970445e-08
-1.08609846e-07
4.68162746e-08
-1.08400267e-07
6.50141056e-08
-1.06921416e-07
8.5668206e-08
-1.03027128e-07
1.06967818e-07
-9.26038681e-08
1.22868805e-07
-6.82597653e-08
1.19853431e-07
-2.88463161e-08
7.98439887e-08
8.2462371e-09
-1.25191284e-08
-1.39924705e-07
-2.84365227e-08
-1.15099091e-07
-4.64262597e-08
-9.40579354e-08
-6.47113307e-08
-7.7015147e-08
-8.20283009e-08
-6.13824101e-08
-9.71095027e-08
-4.55798871e-08
-1.09476579e-07
-3.02873955e-08
-1.19247089e-07
-1.609564e-08
-1.26796286e-07
-3.16330047e-09
-1.32273286e-07
8.70271955e-09
-1.35832521e-07
2.03404357e-08
-1.37421974e-07
3.25864951e-08
-1.36888465e-07
4.62827636e-08
-1.33835049e-07
6.19606876e-08
-1.27233644e-07
7.90667993e-08
-1.14767047e-07
9.45012193e-08
-9.2515846e-08
1.00617603e-07
-5.75103399e-08
8.48479188e-08
-1.70393624e-08
3.93730172e-08
-8.79313013e-09
-1.56704664e-08
-1.24254238e-07
-3.45867184e-08
-9.61828396e-08
-5.55844476e-08
-7.30602076e-08
-7.72735865e-08
-5.53260097e-08
-9.82961953e-08
-4.0359803e-08
-1.17252968e-07
-2.66231166e-08
-1.33353132e-07
-1.41872328e-08
-1.46356029e-07
-3.09274482e-09
-1.5616885e-07
6.64951843e-09
-1.62893518e-07
1.54273859e-08
-1.66368696e-07
2.38156124e-08
-1.66204337e-07
3.24221338e-08
-1.61722375e-07
4.18008001e-08
-1.51880079e-07
5.21183904e-08
-1.35284588e-07
6.2471306e-08
-1.10388789e-07
6.96054195e-08
-7.66606034e-08
6.68894154e-08
-3.81621735e-08
4.63494922e-08
-7.65649317e-09
8.86732703e-09
-1.64496205e-08
-1.92123678e-08
-1.05041874e-07
-4.12822725e-08
-7.41129368e-08
-6.53244322e-08
-4.90180494e-08
-9.02036373e-08
-3.04468061e-08
-1.14527565e-07
-1.60358771e-08
-1.36833913e-07
-4.31677005e-09
-1.56118344e-07
5.09719693e-09
-1.71616229e-07
1.24051386e-08
-1.82910021e-07
1.79433098e-08
-1.89525364e-07
2.20427275e-08
-1.90816088e-07
2.51063356e-08
-1.859175e-07
2.75235442e-08
-1.73774981e-07
2.96582801e-08
-1.53328716e-07
3.16721241e-08
-1.24107352e-07
3.32499408e-08
-8.72233289e-08
3.27213953e-08
-4.68727656e-08
2.65388513e-08
-1.35335032e-08
1.30102238e-08
1.38510009e-09
-6.05126986e-09
-1.50645249e-08
-2.36223718e-08
-8.14195001e-08
-4.96750577e-08
-4.80602513e-08
-7.74434307e-08
-2.12496774e-08
-1.05907277e-07
-1.98296148e-09
-1.3355223e-07
1.16090755e-08
-1.58655035e-07
2.07860336e-08
-1.7960219e-07
2.60443506e-08
-1.95223305e-07
2.8026253e-08
-2.04670223e-07
2.73902264e-08
-2.07294417e-07
2.46669213e-08
-2.02429155e-07
2.02410726e-08
-1.89274668e-07
1.43690568e-08
-1.67204663e-07
7.58827335e-09
-1.35798453e-07
2.65913148e-10
-9.58637333e-08
-6.68477959e-09
-5.1076264e-08
-1.20660753e-08
-1.05493915e-08
-1.39880227e-08
1.33439938e-08
-1.08831583e-08
1.31610794e-08
-5.86836487e-09
-1.90344218e-09
-2.95591871e-08
-5.18603163e-08
-6.12096032e-08
-1.64098366e-08
-9.45825323e-08
1.21232507e-08
-1.27370946e-07
3.08054513e-08
-1.57281116e-07
4.15192448e-08
-1.81931947e-07
4.54368638e-08
-1.998858e-07
4.39982028e-08
-2.10591202e-07
3.87316547e-08
-2.14089813e-07
3.08888371e-08
-2.10696084e-07
2.12731916e-08
-2.00740569e-07
1.02855574e-08
-1.84110603e-07
-2.26090951e-09
-1.60951508e-07
-1.55708226e-08
-1.30410968e-07
-3.02746275e-08
-9.24695893e-08
-4.46261592e-08
-4.98591659e-08
-5.46764997e-08
-1.0520012e-08
-5.33271776e-08
1.45359983e-08
-3.59391746e-08
1.46814839e-08
-6.01384307e-09
1.27780374e-08
-3.73584819e-08
-1.45018316e-08
-7.5091424e-08
2.13231057e-08
-1.11594571e-07
4.86263977e-08
-1.44373805e-07
6.35846845e-08
-1.70781711e-07
6.79271506e-08
-1.89221011e-07
6.38761634e-08
-1.99679472e-07
5.44566634e-08
-2.03384481e-07
4.2436663e-08
-2.02108916e-07
2.96132727e-08
-1.97457195e-07
1.66214697e-08
-1.9016747e-07
2.99583282e-09
-1.8031318e-07
-1.21152002e-08
-1.66151854e-07
-2.97321484e-08
-1.46126688e-07
-5.02997936e-08
-1.18739842e-07
-7.20130066e-08
-8.39532273e-08
-8.94631152e-08
-4.48173534e-08
-9.24630528e-08
-1.124008e-08
-6.95164442e-08
4.00987819e-09
-2.12638107e-08
1.67879197e-08
-4.18448242e-08
2.73429891e-08
-8.17973206e-08
6.1275601e-08
-1.17185407e-07
8.40144838e-08
-1.44997738e-07
9.13970149e-08
-1.63392481e-07
8.63218939e-08
-1.72721323e-07
7.32050049e-08
-1.75409733e-07
5.71450737e-08
-1.74649408e-07
4.16763375e-08
-1.72951309e-07
2.79151738e-08
-1.71314385e-07
1.49845456e-08
-1.69394033e-07
1.07548152e-09
-1.66065426e-07
-1.54438075e-08
-1.60037077e-07
-3.5760497e-08
-1.4992837e-07
-6.04085004e-08
-1.33684342e-07
-8.82570354e-08
-1.08897649e-07
-1.14249809e-07
-7.45634633e-08
-1.26797239e-07
-3.54396858e-08
-1.08640227e-07
-5.7391075e-09
-5.09643806e-08
1.10488073e-08
-4.11723713e-08
6.85153634e-08
-7.92374658e-08
9.93406958e-08
-1.09729572e-07
1.1450659e-07
-1.29997759e-07
1.11665202e-07
-1.39982165e-07
9.63062995e-08
-1.4264189e-07
7.58647304e-08
-1.42316345e-07
5.68195289e-08
-1.42179715e-07
4.15397077e-08
-1.4301827e-07
2.87537286e-08
-1.44013407e-07
1.59796829e-08
-1.44276447e-07
1.33852187e-09
-1.43555591e-07
-1.61646635e-08
-1.41917706e-07
-3.73983824e-08
-1.38932021e-07
-6.33941856e-08
-1.32738298e-07
-9.44507581e-08
-1.19485371e-07
-1.27502736e-07
-9.43096532e-08
-1.51972958e-07
-5.56782689e-08
-1.47271607e-07
-1.45120261e-08
-9.21306331e-08
-3.4632146e-09
-3.6771515e-08
1.05286875e-07
-6.97989757e-08
1.32368155e-07
-9.37292658e-08
1.3843688e-07
-1.06893636e-07
1.24829572e-07
-1.11413326e-07
1.0082599e-07
-1.12077205e-07
7.65286093e-08
-1.1297038e-07
5.77127042e-08
-1.15066152e-07
4.36354794e-08
-1.17127998e-07
3.08155752e-08
-1.17945847e-07
1.67975318e-08
-1.17457821e-07
8.50496272e-10
-1.1644056e-07
-1.71819241e-08
-1.15928922e-07
-3.79100208e-08
-1.16524725e-07
-6.2798382e-08
-1.17398735e-07
-9.35767484e-08
-1.14771025e-07
-1.30130446e-07
-1.01421565e-07
-1.65322418e-07
-7.03850144e-08
-1.78308163e-07
-2.61178458e-08
-1.36397794e-07
-2.95810656e-08
-3.05541301e-08
1.35841007e-07
-5.71768307e-08
1.58990856e-07
-7.47258702e-08
1.55985919e-07
-8.2831922e-08
1.32935624e-07
-8.51979104e-08
1.03191979e-07
-8.66771122e-08
7.80078113e-08
-8.9388201e-08
6.04237932e-08
-9.22666295e-08
4.6513908e-08
-9.37099408e-08
3.22588867e-08
-9.33243957e-08
1.64119868e-08
-9.17863031e-08
-6.8759619e-10
-9.00352884e-08
-1.89329387e-08
-8.90862081e-08
-3.88591012e-08
-9.00924789e-08
-6.1792111e-08
-9.36990057e-08
-8.99702215e-08
-9.79141746e-08
-1.25915277e-07
-9.56196789e-08
-1.67616914e-07
-7.6016064e-08
-1.97911774e-07
-3.55120764e-08
-1.76901791e-07
-6.50931383e-08
-2.38787944e-08
1.59719798e-07
-4.41079052e-08
1.79219966e-07
-5.64237657e-08
1.68301779e-07
-6.14849485e-08
1.37996807e-07
-6.34756487e-08
1.05182679e-07
-6.59888135e-08
8.05209762e-08
-6.92056832e-08
6.3640663e-08
-7.14745085e-08
4.87827334e-08
-7.19752096e-08
3.27595879e-08
-7.11607334e-08
1.55975108e-08
-6.97718287e-08
-2.07650095e-09
-6.8246393e-08
-2.04583744e-08
-6.6942685e-08
-4.01628093e-08
-6.68430441e-08
-6.18917519e-08
-6.95594179e-08
-8.72538476e-08
-7.55746668e-08
-1.19900028e-07
-8.02942516e-08
-1.62897329e-07
-7.19354768e-08
-2.06270554e-07
-3.95632547e-08
-2.09274006e-07
-1.04656398e-07
-1.74926187e-08
1.77212419e-07
-3.1967051e-08
1.93694398e-07
-4.03659572e-08
1.76700685e-07
-4.36139646e-08
1.41244815e-07
-4.55451854e-08
1.071139e-07
-4.82043669e-08
8.31801579e-08
-5.07995007e-08
6.62357968e-08
-5.21246898e-08
5.01079225e-08
-5.22147979e-08
3.28496961e-08
-5.18241548e-08
1.52068676e-08
-5.13555124e-08
-2.54514329e-09
-5.068259e-08
-2.11312969e-08
-4.96751525e-08
-4.11702469e-08
-4.87562029e-08
-6.28107016e-08
-4.9501555e-08
-8.65084954e-08
-5.39742745e-08
-1.15427308e-07
-6.08147206e-08
-1.56056883e-07
-6.07017322e-08
-2.06383538e-07
-3.89382659e-08
-2.31037481e-07
-1.4359466e-07
-1.16207828e-08
1.88833198e-07
-2.11383374e-08
2.03211952e-07
-2.67239071e-08
1.82286255e-07
-2.86483644e-08
1.43169272e-07
-3.02218098e-08
1.08687345e-07
-3.22422486e-08
8.52005966e-08
-3.3831813e-08
6.78253612e-08
-3.44678919e-08
5.07440013e-08
-3.45897994e-08
3.29716034e-08
-3.47507218e-08
1.536779e-08
-3.49727561e-08
-2.32310929e-09
-3.50162837e-08
-2.10877696e-08
-3.46514797e-08
-4.15350511e-08
-3.37823362e-08
-6.36798454e-08
-3.33869974e-08
-8.69038341e-08
-3.58340137e-08
-1.12980292e-07
-4.17746372e-08
-1.50116259e-07
-4.58314875e-08
-2.02326692e-07
-3.40605078e-08
-2.42808454e-07
-1.77655173e-07
-6.00542103e-09
1.94838622e-07
-1.16290813e-08
2.08835612e-07
-1.50437352e-08
1.85700909e-07
-1.57151356e-08
1.43840672e-07
-1.66386853e-08
1.09610895e-07
-1.76295033e-08
8.61914144e-08
-1.82217991e-08
6.84176568e-08
-1.83697454e-08
5.08919473e-08
-1.85006949e-08
3.31025526e-08
-1.88224518e-08
1.56895463e-08
-1.92136891e-08
-1.93187238e-09
-1.96114669e-08
-2.06899924e-08
-1.98923708e-08
-4.12541477e-08
-1.96680532e-08
-6.39041633e-08
-1.93014542e-08
-8.72704332e-08
-2.07821897e-08
-1.11499556e-07
-2.53195157e-08
-1.45578933e-07
-3.04445854e-08
-1.97201618e-07
-2.65404156e-08
-2.46712632e-07
-2.04195585e-07
9.55039142e-11
1.94743114e-07
-3.76358144e-09
2.12694697e-07
-4.15124356e-09
1.8608857e-07
-4.03747878e-09
1.43726907e-07
-4.0957587e-09
1.09669174e-07
-4.09891872e-09
8.61945741e-08
-3.72227596e-09
6.80410137e-08
-3.31304217e-09
5.04827131e-08
-3.18626026e-09
3.29757701e-08
-3.28578436e-09
1.578907e-08
-3.52516443e-09
-1.69249303e-09
-4.01691199e-09
-2.01982455e-08
-4.68791085e-09
-4.05831495e-08
-5.1952606e-09
-6.33968141e-08
-5.72737022e-09
-8.67383239e-08
-7.53043167e-09
-1.09696494e-07
-1.14129904e-08
-1.41696374e-07
-1.62970295e-08
-1.92317584e-07
-1.78224956e-08
-2.45187158e-07
-2.22018084e-07
5.48759419e-09
1.89255524e-07
4.50911159e-09
2.1367318e-07
5.90735379e-09
1.84690328e-07
6.66572766e-09
1.42968533e-07
7.54225134e-09
1.0879265e-07
8.69680921e-09
8.50400158e-08
1.01463924e-08
6.659143e-08
1.12895586e-08
4.93395464e-08
1.19366511e-08
3.2328677e-08
1.22464556e-08
1.54792646e-08
1.22538723e-08
-1.69991048e-09
1.1872936e-08
-1.981731e-08
1.11045419e-08
-3.98147561e-08
9.97483578e-09
-6.22671084e-08
8.22917265e-09
-8.49926611e-08
5.27639907e-09
-1.06743721e-07
1.07204592e-09
-1.37492021e-07
-3.83718905e-09
-1.87408345e-07
-8.41126329e-09
-2.40613092e-07
-2.30429343e-07
1.15360939e-08
1.77719426e-07
1.36304581e-08
2.11578815e-07
1.58780283e-08
1.82442757e-07
1.7222853e-08
1.41623707e-07
1.89326989e-08
1.07082804e-07
2.11901596e-08
8.27825544e-08
2.36983016e-08
6.40832874e-08
2.5802118e-08
4.72357293e-08
2.72628476e-08
3.08679465e-08
2.81868709e-08
1.45552405e-08
2.86111601e-08
-2.12420078e-09
2.85088423e-08
-1.97149933e-08
2.7819961e-08
-3.91258757e-08
2.61879913e-08
-6.06351394e-08
2.30826121e-08
-8.18872824e-08
1.86282875e-08
-1.02289397e-07
1.33883781e-08
-1.32252112e-07
7.93394677e-09
-1.81953918e-07
1.58302214e-09
-2.34262159e-07
-2.28846325e-07
1.73951856e-08
1.60324245e-07
2.32167245e-08
2.05757277e-07
2.664687e-08
1.79012611e-07
2.84369886e-08
1.39833588e-07
3.06636803e-08
1.04856111e-07
3.38512456e-08
7.95949883e-08
3.7413255e-08
6.05212772e-08
4.06367456e-08
4.40122379e-08
4.31743721e-08
2.83303191e-08
4.4995063e-08
1.27345483e-08
4.6092192e-08
-3.22133106e-09
4.64605208e-08
-2.00833232e-08
4.59269165e-08
-3.85922723e-08
4.36882259e-08
-5.83964495e-08
3.90427165e-08
-7.72417735e-08
3.29209172e-08
-9.61675986e-08
2.68304797e-08
-1.26161675e-07
1.98614617e-08
-1.74984895e-07
9.26693009e-09
-2.23667635e-07
-2.1957939e-07
2.24814447e-08
1.37842796e-07
3.3748057e-08
1.94490663e-07
3.87985915e-08
1.73962076e-07
4.11126805e-08
1.37519498e-07
4.3479884e-08
1.02488907e-07
4.72288548e-08
7.58460166e-08
5.17455831e-08
5.60045479e-08
5.61492267e-08
3.96085933e-08
5.9932378e-08
2.45471667e-08
6.28918226e-08
9.77510236e-09
6.49573807e-08
-5.28689049e-09
6.60636417e-08
-2.11895855e-08
6.56485538e-08
-3.81771855e-08
6.25012295e-08
-5.52491261e-08
5.6361067e-08
-7.1101612e-08
4.93165726e-08
-8.91231047e-08
4.29500213e-08
-1.19795124e-07
3.40811207e-08
-1.66116e-07
1.82141073e-08
-2.07800612e-07
-2.01365286e-07
2.61163487e-08
1.11726452e-07
4.43709027e-08
1.7623611e-07
5.2636998e-08
1.65695981e-07
5.60783796e-08
1.34078116e-07
5.85645808e-08
1.00002705e-07
6.24279299e-08
7.19826663e-08
6.75543461e-08
5.08781305e-08
7.3003476e-08
3.41594622e-08
7.80636022e-08
1.94870392e-08
8.23377206e-08
5.50098245e-09
8.5616735e-08
-8.56590639e-09
8.74305691e-08
-2.30034209e-08
8.66881897e-08
-3.74348072e-08
8.24712597e-08
-5.10321971e-08
7.58819666e-08
-6.451232e-08
6.9799211e-08
-8.30403506e-08
6.40045007e-08
-1.14000415e-07
5.23249464e-08
-1.5443644e-07
2.91783283e-08
-1.84654002e-07
-1.72186953e-07
2.7303562e-08
8.44228855e-08
5.33013889e-08
1.50238282e-07
6.71087311e-08
1.51888638e-07
7.34303248e-08
1.27756521e-07
7.69865953e-08
9.64464329e-08
8.10228178e-08
6.79464425e-08
8.63864e-08
4.5514547e-08
9.2501928e-08
2.80439328e-08
9.85824594e-08
1.34065063e-08
1.03976701e-07
1.06739353e-10
1.08022053e-07
-1.26112603e-08
1.09711158e-07
-2.46925268e-08
1.08284471e-07
-3.60081223e-08
1.04386296e-07
-4.71340226e-08
1.00463027e-07
-6.05890522e-08
9.80089167e-08
-8.05862415e-08
9.28050775e-08
-1.08796576e-07
7.60882864e-08
-1.37719654e-07
4.27163218e-08
-1.51282027e-07
-1.29470635e-07
2.53613467e-08
5.90615429e-08
5.77497441e-08
1.17849885e-07
7.91322157e-08
1.30506166e-07
9.13986203e-08
1.15490116e-07
9.84303558e-08
8.94146962e-08
1.03846585e-07
6.25302122e-08
1.09529182e-07
3.98319483e-08
1.15709038e-07
2.18640755e-08
1.21855508e-07
7.26003461e-09
1.27137239e-07
-5.17499367e-09
1.30620967e-07
-1.60949898e-08
1.32037765e-07
-2.6109327e-08
1.32304521e-07
-3.62748795e-08
1.33345651e-07
-4.81751539e-08
1.36197869e-07
-6.34412715e-08
1.37883836e-07
-8.22722101e-08
1.30298946e-07
-1.01211687e-07
1.04708814e-07
-1.12129517e-07
5.82010513e-08
-1.04774273e-07
-7.12695795e-08
2.23551187e-08
3.67064193e-08
5.38312411e-08
8.63737611e-08
8.31462086e-08
1.01191197e-07
1.03968499e-07
9.46678247e-08
1.17680967e-07
7.5702226e-08
1.27097686e-07
5.31134924e-08
1.34459623e-07
3.24700098e-08
1.40899758e-07
1.54239382e-08
1.46505311e-07
1.6544805e-09
1.51237719e-07
-9.90740404e-09
1.55761937e-07
-2.06192095e-08
1.61368476e-07
-3.17158676e-08
1.6914767e-07
-4.40540753e-08
1.78645897e-07
-5.76733814e-08
1.8646397e-07
-7.12593462e-08
1.86030214e-07
-8.18384543e-08
1.69489746e-07
-8.46712199e-08
1.31407344e-07
-7.40471207e-08
7.14161631e-08
-4.47830833e-08
1.46578623e-10
3.59098074e-08
7.96614649e-10
6.3193205e-08
5.90903634e-08
8.71809488e-08
7.72034523e-08
1.10890068e-07
7.0958704e-08
1.30885745e-07
5.57065483e-08
1.46002603e-07
3.79966328e-08
1.57238192e-07
2.12344192e-08
1.66466032e-07
6.19609635e-09
1.75427783e-07
-7.30727223e-09
1.8565977e-07
-2.01393932e-08
1.97838392e-07
-3.27978327e-08
2.11346454e-07
-4.52239315e-08
2.24127778e-07
-5.68354001e-08
2.32746395e-07
-6.62919996e-08
2.32821357e-07
-7.13343089e-08
2.19776509e-07
-6.87936066e-08
1.89919182e-07
-5.48138929e-08
1.4146258e-07
-2.55905138e-08
7.48839371e-08
2.17955493e-08
7.50305189e-08
1.53644863e-08
-1.45678774e-08
5.33891828e-08
2.10656646e-08
8.78992297e-08
4.26934039e-08
1.19825353e-07
3.90325793e-08
1.47612706e-07
2.79191937e-08
1.70721362e-07
1.48879748e-08
1.89989115e-07
1.96666458e-09
2.07998541e-07
-1.18133326e-08
2.24940403e-07
-2.42491361e-08
2.40031328e-07
-3.52303201e-08
2.51722816e-07
-4.44893221e-08
2.58222511e-07
-5.17236276e-08
2.57730203e-07
-5.63430934e-08
2.48728417e-07
-5.72902149e-08
2.30443385e-07
-5.30492774e-08
2.03012718e-07
-4.13629396e-08
1.66722198e-07
-1.85233729e-08
1.2012161e-07
2.10100689e-08
6.16275881e-08
8.02895772e-08
1.36658102e-07
-2.2846769e-08
8.27889357e-09
2.08082191e-08
-2.25893247e-08
7.78376744e-08
-1.43360531e-08
1.25902368e-07
-9.03211643e-09
1.64940755e-07
-1.11191952e-08
1.96202145e-07
-1.63734174e-08
2.20427762e-07
-2.22589549e-08
2.36830303e-07
-2.82158758e-08
2.45842789e-07
-3.32616238e-08
2.47564891e-07
-3.69524241e-08
2.42084833e-07
-3.90092664e-08
2.29561355e-07
-3.92001508e-08
2.10528388e-07
-3.73101277e-08
1.86135647e-07
-3.28974754e-08
1.5828033e-07
-2.51939608e-08
1.29458012e-07
-1.25406231e-08
1.01891511e-07
9.04312733e-09
7.39596136e-08
4.89419695e-08
3.91394516e-08
1.15109729e-07
1.75797556e-07
-2.843768e-09
1.11226551e-08
2.43503459e-08
-4.97834417e-08
5.89445417e-08
-4.89302513e-08
9.20233385e-08
-4.21109155e-08
1.20271452e-07
-3.93673105e-08
1.41706171e-07
-3.78081387e-08
1.56173173e-07
-3.67259592e-08
1.6379247e-07
-3.58351748e-08
1.65125871e-07
-3.45950273e-08
1.60737929e-07
-3.25644838e-08
1.51251522e-07
-2.9522861e-08
1.373383e-07
-2.528693e-08
1.19826123e-07
-1.97979527e-08
9.9940957e-08
-1.30123108e-08
7.95618041e-08
-4.81480923e-09
6.17924816e-08
5.22869858e-09
4.92127437e-08
2.16228639e-08
3.89150662e-08
5.92396402e-08
2.14237058e-08
1.32601094e-07
1.97221257e-07
2.25880495e-08
-1.1465393e-08
3.3729041e-08
-6.09244348e-08
4.19987489e-08
-5.71999615e-08
6.03997047e-08
-6.05118737e-08
8.14202825e-08
-6.03878905e-08
9.95769779e-08
-5.59648363e-08
1.13007844e-07
-5.01568272e-08
1.21412117e-07
-4.42394497e-08
1.25053239e-07
-3.82361522e-08
1.24337307e-07
-3.18485529e-08
1.19613289e-07
-2.4798845e-08
1.11181621e-07
-1.68552631e-08
9.93073356e-08
-7.92366906e-09
8.43072759e-08
1.98774727e-09
6.69137901e-08
1.25786751e-08
4.84755471e-08
2.36669396e-08
3.20354699e-08
3.80629391e-08
2.17533087e-08
6.95218037e-08
1.11713594e-08
1.43183033e-07
2.08392618e-07
2.00430427e-08
-3.15084419e-08
1.97814521e-08
-6.06628476e-08
3.55934535e-08
-7.30119656e-08
5.82523214e-08
-8.31707441e-08
7.92125837e-08
-8.13481552e-08
9.58307027e-08
-7.25829576e-08
1.07657842e-07
-6.19839689e-08
1.15084495e-07
-5.16661051e-08
1.18656742e-07
-4.18084004e-08
1.18740888e-07
-3.19327014e-08
1.15446158e-07
-2.15041159e-08
1.08695616e-07
-1.01047229e-08
9.83660159e-08
2.40592925e-09
8.41790942e-08
1.6174667e-08
6.65823833e-08
3.01753838e-08
4.66205895e-08
4.36287314e-08
2.71860607e-08
5.74974658e-08
1.41286587e-08
8.25791989e-08
5.81245045e-09
1.51499246e-07
2.14205064e-07
-1.79576253e-09
-2.97126785e-08
8.88951558e-09
-7.13481276e-08
3.94930383e-08
-1.03615491e-07
6.19962609e-08
-1.05673969e-07
7.82460155e-08
-9.75979123e-08
9.00410717e-08
-8.43780161e-08
9.83245643e-08
-7.02674637e-08
1.03732244e-07
-5.70737872e-08
1.06569545e-07
-4.46457037e-08
1.06879052e-07
-3.22422098e-08
1.0454442e-07
-1.91694862e-08
9.93733183e-08
-4.93362259e-09
9.09539526e-08
1.0825293e-08
7.92457101e-08
2.78829073e-08
6.39985495e-08
4.54225421e-08
4.56053853e-08
6.20218928e-08
2.60817718e-08
7.70210767e-08
1.09856084e-08
9.76753639e-08
3.07983207e-09
1.59405012e-07
2.17284897e-07
1.09118101e-08
-4.06244948e-08
2.78753228e-08
-8.83116439e-08
4.39192238e-08
-1.19659395e-07
6.0924538e-08
-1.22679286e-07
7.27139332e-08
-1.0938731e-07
8.04536602e-08
-9.21177454e-08
8.61183397e-08
-7.59321456e-08
9.02345914e-08
-6.1190041e-08
9.26319631e-08
-4.70430776e-08
9.30754741e-08
-3.26857228e-08
9.1372311e-08
-1.7466325e-08
8.74391629e-08
-1.00047658e-09
8.08801369e-08
1.73843167e-08
7.14751073e-08
3.72879345e-08
5.88585822e-08
5.80390644e-08
4.30915064e-08
7.77889661e-08
2.53176552e-08
9.47949254e-08
9.81846464e-09
1.13174548e-07
1.76413272e-09
1.67459348e-07
2.19049026e-07
1.206175e-08
-5.26862446e-08
3.07797481e-08
-1.07029644e-07
4.62292401e-08
-1.35108889e-07
5.75882458e-08
-1.34038294e-07
6.46693245e-08
-1.16468391e-07
6.95348542e-08
-9.69832774e-08
7.3527929e-08
-7.99252228e-08
7.66337444e-08
-6.42958588e-08
7.84508692e-08
-4.88602046e-08
7.87064199e-08
-3.29412756e-08
7.72904918e-08
-1.60503992e-08
7.40393969e-08
2.25061604e-09
6.89936656e-08
2.24300455e-08
6.17147884e-08
4.4566809e-08
5.17407784e-08
6.80130717e-08
3.88605653e-08
9.0669176e-08
2.36478967e-08
1.10007591e-07
9.12611041e-09
1.27696335e-07
9.54078076e-10
1.75631371e-07
2.20003105e-07
1.32598652e-08
-6.59461159e-08
3.20604835e-08
-1.25830266e-07
4.47880203e-08
-1.47836429e-07
5.16108423e-08
-1.40861119e-07
5.53600281e-08
-1.20217579e-07
5.85598882e-08
-1.0018314e-07
6.15774494e-08
-8.29427864e-08
6.3950742e-08
-6.66691537e-08
6.52598148e-08
-5.01692798e-08
6.5256266e-08
-3.29377293e-08
6.38526456e-08
-1.46467811e-08
6.10841839e-08
5.01907517e-09
5.70080948e-08
2.65061319e-08
5.13423905e-08
5.02325105e-08
4.35840051e-08
7.5771454e-08
3.33580947e-08
1.00895084e-07
2.08572087e-08
1.22508474e-07
8.15214122e-09
1.40401396e-07
1.95815655e-10
1.835877e-07
2.20198917e-07
1.42898074e-08
-8.02359235e-08
3.14600269e-08
-1.43000488e-07
4.0735738e-08
-1.57112142e-07
4.41951299e-08
-1.44320513e-07
4.6086656e-08
-1.22109108e-07
4.85104451e-08
-1.02606931e-07
5.09526155e-08
-8.53849594e-08
5.28101328e-08
-6.85266735e-08
5.373472e-08
-5.10938695e-08
5.35192927e-08
-3.27223044e-08
5.2094558e-08
-1.3222049e-08
4.95278968e-08
7.58573365e-09
4.59578954e-08
3.00761305e-08
4.13212459e-08
5.48691571e-08
3.52019978e-08
8.18906992e-08
2.71768569e-08
1.08920221e-07
1.71756363e-08
1.32509692e-07
6.63526291e-09
1.5094177e-07
-8.40654406e-10
1.91063608e-07
2.19358263e-07
1.44827056e-08
-9.47186347e-08
2.89142647e-08
-1.5743205e-07
3.51248051e-08
-1.63322685e-07
3.64903839e-08
-1.45686094e-07
3.75999485e-08
-1.23218675e-07
3.96340733e-08
-1.04641059e-07
4.15999831e-08
-8.73508717e-08
4.30060317e-08
-6.99327248e-08
4.35761167e-08
-5.16639571e-08
4.31553595e-08
-3.23015497e-08
4.16981517e-08
-1.17648439e-08
3.92621731e-08
1.00217093e-08
3.60025158e-08
3.3335785e-08
3.20029846e-08
5.88686853e-08
2.70263778e-08
8.68673029e-08
2.07499099e-08
1.15196686e-07
1.28990799e-08
1.40360519e-07
4.46950811e-09
1.59371335e-07
-2.49997709e-09
1.98033096e-07
2.16858282e-07
1.40158967e-08
-1.08734532e-07
2.53823391e-08
-1.68798494e-07
2.90111336e-08
-1.66951482e-07
2.92025244e-08
-1.45877487e-07
3.0044807e-08
-1.2406096e-07
3.17200594e-08
-1.06316314e-07
3.31849196e-08
-8.88157345e-08
3.41197787e-08
-7.08675864e-08
3.43146367e-08
-5.18588177e-08
3.36797621e-08
-3.16666779e-08
3.21930962e-08
-1.02781808e-08
2.98990127e-08
1.23157899e-08
2.69125665e-08
3.63222282e-08
2.3359279e-08
6.24219698e-08
1.91682248e-08
9.10583541e-08
1.4277334e-08
1.20087574e-07
8.27362623e-09
1.46364224e-07
1.33275663e-09
1.66312205e-07
-4.77572664e-09
2.04141571e-07
2.12082556e-07
1.29013592e-08
-1.21635896e-07
2.13122024e-08
-1.7720934e-07
2.30112464e-08
-1.68650528e-07
2.26188578e-08
-1.45485101e-07
2.33129224e-08
-1.24755027e-07
2.45093012e-08
-1.07512695e-07
2.54364086e-08
-8.97428445e-08
2.58628126e-08
-7.12939931e-08
2.56789198e-08
-5.16749276e-08
2.48342377e-08
-3.08219985e-08
2.33137143e-08
-8.7576604e-09
2.11533232e-08
1.4476178e-08
1.84169413e-08
3.90586071e-08
1.52236066e-08
6.56153014e-08
1.15864336e-08
9.4695524e-08
7.77699366e-09
1.23897011e-07
3.58269721e-09
1.50558518e-07
-1.83678695e-09
1.71731683e-07
-7.23955102e-09
2.09544337e-07
2.04843001e-07
1.13887391e-08
-1.33024636e-07
1.71593747e-08
-1.82979978e-07
1.75170707e-08
-1.69008227e-07
1.67648002e-08
-1.44732833e-07
1.72298869e-08
-1.25220116e-07
1.78128133e-08
-1.08095624e-07
1.81970301e-08
-9.01270639e-08
1.80963717e-08
-7.11933374e-08
1.75535251e-08
-5.11320836e-08
1.64959002e-08
-2.97643765e-08
1.49162915e-08
-7.17805471e-09
1.28457956e-08
1.65466708e-08
1.02969947e-08
4.16074049e-08
7.38699293e-09
6.85253001e-08
4.25625944e-09
9.78262545e-08
1.08511322e-09
1.27068154e-07
-1.51197281e-09
1.53155601e-07
-5.64762163e-09
1.75867333e-07
-1.00647698e-08
2.13961477e-07
1.94778232e-07
9.67607491e-09
-1.42700715e-07
1.32170852e-08
-1.86520991e-07
1.26941429e-08
-1.68485287e-07
1.15434103e-08
-1.43582103e-07
1.16451028e-08
-1.25321811e-07
1.15527193e-08
-1.08003243e-07
1.13845281e-08
-8.99588753e-08
1.07597411e-08
-7.05685531e-08
9.8608731e-09
-5.02332184e-08
8.58122127e-09
-2.84847274e-08
6.89931707e-09
-5.4961536e-09
4.84852134e-09
1.85974634e-08
2.39217657e-09
4.40637465e-08
-4.08439335e-10
7.13259129e-08
-3.12272971e-09
1.00540542e-07
-5.46607702e-09
1.29411499e-07
-7.11972916e-09
1.5480925e-07
-1.0689526e-08
1.79437124e-07
-1.33328723e-08
2.16604826e-07
1.81445356e-07
7.91217984e-09
-1.50612896e-07
9.60989203e-09
-1.88218705e-07
8.49311152e-09
-1.67368508e-07
6.89367849e-09
-1.41982672e-07
6.39943486e-09
-1.2482757e-07
5.75710881e-09
-1.07360919e-07
4.91762364e-09
-8.91193928e-08
3.78862728e-09
-6.94395594e-08
2.51301391e-09
-4.89576078e-08
9.61524118e-10
-2.69332407e-08
-8.36658603e-10
-3.69797398e-09
-2.96296768e-09
2.07237693e-08
-5.43184347e-09
4.65326192e-08
-8.15632424e-09
7.40503907e-08
-1.0592136e-08
1.02976351e-07
-1.21765184e-08
1.30995878e-07
-1.31019433e-08
1.55734673e-07
-1.66157058e-08
1.82950887e-07
-1.67677837e-08
2.16756897e-07
1.64677574e-07
6.19352704e-09
-1.56806427e-07
6.42974864e-09
-1.88454929e-07
4.82700085e-09
-1.65765763e-07
2.62829784e-09
-1.39783971e-07
1.68842431e-09
-1.23887699e-07
-1.02949435e-10
-1.05569548e-07
-1.15795079e-09
-8.80643941e-08
-2.77575772e-09
-6.78217552e-08
-4.49808425e-09
-4.72352841e-08
-6.33793901e-09
-2.50933888e-08
-8.39273991e-09
-1.64317622e-09
-1.06929235e-08
2.30239499e-08
-1.32785112e-08
4.91182039e-08
-1.59473665e-08
7.6719243e-08
-1.79854907e-08
1.05014472e-07
-1.88949504e-08
1.31905336e-07
-1.97554971e-08
1.56595217e-07
-2.32137891e-08
1.86409174e-07
-2.00533582e-08
2.13596468e-07
1.44624212e-07
4.55895845e-09
-1.61365386e-07
3.5605131e-09
-1.87456486e-07
1.93955856e-09
-1.64144811e-07
-1.34371487e-09
-1.365007e-07
-2.99508968e-09
-1.22236326e-07
-4.80611333e-09
-1.03758527e-07
-7.01632836e-09
-8.58541816e-08
-9.02905581e-09
-6.58090304e-08
-1.12319139e-08
-4.50324287e-08
-1.34738635e-08
-2.28514421e-08
-1.58295492e-08
7.12506336e-10
-1.84015344e-08
2.55959321e-08
-2.1141e-08
5.18576666e-08
-2.36688646e-08
7.92471048e-08
-2.52409859e-08
1.0658659e-07
-2.57110283e-08
1.32375375e-07
-2.70228529e-08
1.57907039e-07
-2.99557843e-08
1.89342105e-07
-2.27455739e-08
2.06386251e-07
1.21878639e-07
3.08028183e-09
-1.64445671e-07
1.27171249e-09
-1.85647919e-07
-9.51260877e-10
-1.61921839e-07
-4.31177024e-09
-1.33140193e-07
-7.39713933e-09
-1.1915096e-07
-9.66820816e-09
-1.01487461e-07
-1.23904493e-08
-8.31319431e-08
-1.50393909e-08
-6.31600915e-08
-1.7736213e-08
-4.23356094e-08
-2.04303055e-08
-2.01573524e-08
-2.31868921e-08
3.4690898e-09
-2.60664674e-08
2.84755045e-08
-2.88938824e-08
5.46850787e-08
-3.11427098e-08
8.14959293e-08
-3.22471148e-08
1.07690993e-07
-3.27298146e-08
1.32858073e-07
-3.47666765e-08
1.59943899e-07
-3.62070309e-08
1.90782455e-07
-2.43601516e-08
1.94539373e-07
9.7518484e-08
1.70438384e-09
-1.66150056e-07
-6.49426752e-10
-1.8329411e-07
-3.83515436e-09
-1.58736114e-07
-7.33704516e-09
-1.29638305e-07
-1.12709444e-08
-1.15217063e-07
-1.43437026e-08
-9.8414705e-08
-1.75453105e-08
-7.99303378e-08
-2.07793214e-08
-5.99260831e-08
-2.40223882e-08
-3.90925454e-08
-2.72209216e-08
-1.6958822e-08
-3.040942e-08
6.65758516e-09
-3.35397033e-08
3.1605785e-08
-3.63000679e-08
5.74454405e-08
-3.81610232e-08
8.33568819e-08
-3.89903771e-08
1.08520344e-07
-3.99794627e-08
1.33847155e-07
-4.24778794e-08
1.62442313e-07
-4.11961015e-08
1.89500678e-07
-2.46013541e-08
1.7794462e-07
7.29171305e-08
3.81225173e-10
-1.66531285e-07
-2.38611616e-09
-1.80526771e-07
-6.24014747e-09
-1.54882085e-07
-1.02715127e-08
-1.25606942e-07
-1.48612524e-08
-1.10627325e-07
-1.87359194e-08
-9.45400405e-08
-2.24852699e-08
-7.61809898e-08
-2.62627539e-08
-5.61486018e-08
-3.00524445e-08
-3.53028576e-08
-3.37549152e-08
-1.32563541e-08
-3.73136075e-08
1.02162745e-08
-4.05478774e-08
3.4840052e-08
-4.30834931e-08
5.99810535e-08
-4.46017012e-08
8.48750874e-08
-4.55430807e-08
1.09461721e-07
-4.73066537e-08
1.35610726e-07
-4.94424996e-08
1.64578157e-07
-4.43785743e-08
1.84436748e-07
-2.35208556e-08
1.57086903e-07
4.93962719e-08
-6.47395964e-10
-1.6588389e-07
-3.62443412e-09
-1.77549735e-07
-8.1943445e-09
-1.50312177e-07
-1.29758254e-08
-1.20825463e-07
-1.82366808e-08
-1.05366472e-07
-2.28706461e-08
-8.99060777e-08
-2.71851101e-08
-7.18665284e-08
-3.14537905e-08
-5.18799241e-08
-3.57215487e-08
-3.10351022e-08
-3.98388569e-08
-9.13904878e-09
-4.36214517e-08
1.39988665e-08
-4.67949877e-08
3.80135852e-08
-4.90676953e-08
6.22537586e-08
-5.05099163e-08
8.63173058e-08
-5.20092383e-08
1.1096104e-07
-5.44081347e-08
1.3800962e-07
-5.49850741e-08
1.65155094e-07
-4.53790412e-08
1.74830716e-07
-2.11664029e-08
1.32874259e-07
2.82298692e-08
-1.43547414e-09
-1.64448419e-07
-4.91482525e-09
-1.74070386e-07
-9.98283992e-09
-1.45244164e-07
-1.54739979e-08
-1.15334308e-07
-2.14114503e-08
-9.94290226e-08
-2.67670037e-08
-8.45505267e-08
-3.16258422e-08
-6.70076925e-08
-3.62943512e-08
-4.72114177e-08
-4.08949826e-08
-2.64344735e-08
-4.52569464e-08
-4.77708788e-09
-4.90874912e-08
1.78294085e-08
-5.21217812e-08
4.10478725e-08
-5.42950684e-08
6.44270432e-08
-5.60783233e-08
8.81005581e-08
-5.83631582e-08
1.13245873e-07
-6.06876254e-08
1.40334085e-07
-5.83815335e-08
1.62849e-07
-4.40081195e-08
1.60457298e-07
-1.78810414e-08
1.06747181e-07
1.0348825e-08
-2.44389993e-09
-1.6200452e-07
-6.30247345e-09
-1.70211815e-07
-1.17111896e-08
-1.39835451e-07
-1.78033946e-08
-1.09242105e-07
-2.43858022e-08
-9.28466174e-08
-3.04266459e-08
-7.85096855e-08
-3.57980631e-08
-6.16362779e-08
-4.0758224e-08
-4.22512594e-08
-4.55028117e-08
-2.16898886e-08
-4.99169279e-08
-3.62974546e-10
-5.36698778e-08
2.15823556e-08
-5.66430408e-08
4.40210328e-08
-5.90455317e-08
6.68295316e-08
-6.15189062e-08
9.057393e-08
-6.43545507e-08
1.16081515e-07
-6.54692751e-08
1.41448807e-07
-5.92216718e-08
1.56601395e-07
-4.04133564e-08
1.41648982e-07
-1.38672889e-08
8.02011086e-08
-3.51846423e-09
-3.46742124e-09
-1.58537101e-07
-7.8402432e-09
-1.65838995e-07
-1.34754883e-08
-1.34200208e-07
-2.00381281e-08
-1.02679468e-07
-2.71870287e-08
-8.56977193e-08
-3.38564114e-08
-7.18403053e-08
-3.97141851e-08
-5.57785068e-08
-4.48918502e-08
-3.7073597e-08
-4.96462541e-08
-1.69354874e-08
-5.39277029e-08
3.91847145e-09
-5.76263696e-08
2.52810197e-08
-6.07586349e-08
4.71532955e-08
-6.37189091e-08
6.97898033e-08
-6.69172042e-08
9.37722226e-08
-6.95753563e-08
1.18739665e-07
-6.82305583e-08
1.40104007e-07
-5.7444345e-08
1.4581518e-07
-3.48487814e-08
1.19053415e-07
-8.62523138e-09
5.39775585e-08
-1.21436981e-08
-4.67635541e-09
-1.53860748e-07
-9.68407062e-09
-1.60831282e-07
-1.54399791e-08
-1.28444302e-07
-2.23061958e-08
-9.58132534e-08
-2.98912375e-08
-7.81126801e-08
-3.7090826e-08
-6.46407193e-08
-4.34080179e-08
-4.94613174e-08
-4.87985712e-08
-3.16830463e-08
-5.35157061e-08
-1.22183553e-08
-5.77080811e-08
8.11084372e-09
-6.14507014e-08
2.90236374e-08
-6.49634467e-08
5.06660383e-08
-6.85698934e-08
7.33962476e-08
-7.20396077e-08
9.72419346e-08
-7.3415943e-08
1.20115998e-07
-6.85417397e-08
1.35229802e-07
-5.32135289e-08
1.30486967e-07
-2.814599e-08
9.39858756e-08
-3.92583115e-09
2.97573948e-08
-1.606953e-08
-6.28043539e-09
-1.47580315e-07
-1.20969826e-08
-1.55014737e-07
-1.78515149e-08
-1.22689772e-07
-2.47887004e-08
-8.88760702e-08
-3.26408341e-08
-7.02605489e-08
-4.02241681e-08
-5.70573878e-08
-4.69517363e-08
-4.27337518e-08
-5.26104769e-08
-2.60243082e-08
-5.73981696e-08
-7.43066532e-09
-6.16224726e-08
1.23351441e-08
-6.55707401e-08
3.29719024e-08
-6.95172119e-08
5.46125077e-08
-7.34467157e-08
7.73257491e-08
-7.62966733e-08
1.0009189e-07
-7.52307196e-08
1.19050042e-07
-6.62061409e-08
1.26205221e-07
-4.67769562e-08
1.11057781e-07
-2.06310195e-08
6.78399357e-08
-8.14043505e-10
9.94041783e-09
-1.68835757e-08
-8.50143203e-09
-1.39078884e-07
-1.54539174e-08
-1.48062254e-07
-2.10835203e-08
-1.17060171e-07
-2.77815352e-08
-8.21780577e-08
-3.56769192e-08
-6.23651672e-08
-4.34447059e-08
-4.92896035e-08
-5.04697507e-08
-3.57087095e-08
-5.64379878e-08
-2.00560736e-08
-6.14469258e-08
-2.42172995e-09
-6.58600844e-08
1.67483002e-08
-7.00537096e-08
3.71655252e-08
-7.41708376e-08
5.87296335e-08
-7.76908015e-08
8.08457108e-08
-7.88334794e-08
1.01234566e-07
-7.4446389e-08
1.14662949e-07
-6.12574656e-08
1.13016296e-07
-3.87135692e-08
8.85138827e-08
-1.28943307e-08
4.2020696e-08
1.44885845e-09
-4.40277572e-09
-1.54347182e-08
-1.15961437e-08
-1.27482743e-07
-2.02420924e-08
-1.39416307e-07
-2.56883158e-08
-1.1161395e-07
-3.17154901e-08
-7.61508856e-08
-3.93582056e-08
-5.47224541e-08
-4.70746284e-08
-4.1573183e-08
-5.41943535e-08
-2.85889868e-08
-6.04004423e-08
-1.38499872e-08
-6.56649667e-08
2.84279191e-09
-7.02652442e-08
2.13485754e-08
-7.44778718e-08
4.13781505e-08
-7.81659062e-08
6.24176657e-08
-8.03338067e-08
8.30136092e-08
-7.88326759e-08
9.97334329e-08
-7.07735429e-08
1.06603814e-07
-5.41036342e-08
9.63463853e-08
-3.04689107e-08
6.48791575e-08
-8.26806516e-09
1.98198473e-08
3.76923497e-10
-1.30477659e-08
-1.50577967e-08
-1.58508677e-08
-1.11631877e-07
-2.70720507e-08
-1.28195126e-07
-3.24755308e-08
-1.06210471e-07
-3.72515197e-08
-7.1374899e-08
-4.4187343e-08
-4.7786633e-08
-5.15977414e-08
-3.41627868e-08
-5.85211344e-08
-2.16655962e-08
-6.46975827e-08
-7.67354128e-09
-6.99919588e-08
8.13716569e-09
-7.44720166e-08
2.5828631e-08
-7.81590106e-08
4.50651423e-08
-8.05971225e-08
6.48557757e-08
-8.05089877e-08
8.29254724e-08
-7.57959515e-08
9.50203947e-08
-6.42656648e-08
9.50735258e-08
-4.53947634e-08
7.74754819e-08
-2.3193956e-08
4.26783481e-08
-6.80137769e-09
3.42726747e-09
-1.7065562e-09
-1.81425911e-08
-1.67643539e-08
-2.15343829e-08
-9.00974958e-08
-3.65240852e-08
-1.13205425e-07
-4.2489935e-08
-1.00244623e-07
-4.54161574e-08
-6.84486786e-08
-5.08344084e-08
-4.2368384e-08
-5.76223622e-08
-2.73748353e-08
-6.40402519e-08
-1.52477085e-08
-6.97424964e-08
-1.97129901e-09
-7.45383345e-08
1.29330016e-08
-7.82474375e-08
2.9537732e-08
-8.05776807e-08
4.73953835e-08
-8.08158964e-08
6.50939895e-08
-7.76414862e-08
7.97510603e-08
-6.93567263e-08
8.6735633e-08
-5.48190405e-08
8.0535838e-08
-3.52984376e-08
5.79548771e-08
-1.61941264e-08
2.35740351e-08
-5.11312178e-09
-7.65373989e-09
-1.52525236e-09
-2.17304622e-08
-1.82896078e-08
-2.82603361e-08
-6.18371613e-08
-4.8299558e-08
-9.3166205e-08
-5.64380434e-08
-9.21061397e-08
-5.75378205e-08
-6.73489034e-08
-6.01380118e-08
-3.97681945e-08
-6.56375585e-08
-2.18752905e-08
-7.13142387e-08
-9.57103032e-09
-7.60831789e-08
2.79763919e-09
-7.96463652e-08
1.6496186e-08
-8.16179652e-08
3.15093302e-08
-8.14582566e-08
4.72356731e-08
-7.83347876e-08
6.19705188e-08
-7.11289513e-08
7.25452222e-08
-5.8881531e-08
7.4488211e-08
-4.18390998e-08
6.34934049e-08
-2.27539069e-08
3.88696823e-08
-6.74604082e-09
7.56616705e-09
1.38327384e-09
-1.57830561e-08
1.8800548e-09
-2.2227246e-08
-1.6409554e-08
-3.36090147e-08
-2.82281483e-08
-5.93437843e-08
-6.7431437e-08
-7.27851866e-08
-7.86647389e-08
-7.42491876e-08
-6.58849041e-08
-7.31382022e-08
-4.08791817e-08
-7.57089213e-08
-1.93045731e-08
-8.00848342e-08
-5.19511924e-09
-8.34828857e-08
6.19568883e-09
-8.49827279e-08
1.79960265e-08
-8.40137768e-08
3.05403774e-08
-7.99201095e-08
4.31420041e-08
-7.20186347e-08
5.40690424e-08
-5.97460709e-08
6.02726567e-08
-4.32547025e-08
5.79968408e-08
-2.42665599e-08
4.45052605e-08
-6.29696371e-09
2.09000842e-08
5.78832175e-09
-4.51912013e-09
9.04498284e-09
-1.90397193e-08
5.51849024e-09
-1.87007552e-08
-1.0891065e-08
-3.14468994e-08
3.21874947e-09
-6.12384573e-08
-3.76398806e-08
-8.33339726e-08
-5.65692251e-08
-9.1960128e-08
-5.72587501e-08
-9.06872558e-08
-4.21520554e-08
-8.85762038e-08
-2.14156266e-08
-8.9170966e-08
-4.60035871e-09
-8.98721148e-08
6.89683596e-09
-8.8059978e-08
1.61838881e-08
-8.28071637e-08
2.52875615e-08
-7.34641098e-08
3.37989487e-08
-5.97733313e-08
4.03782623e-08
-4.21090086e-08
4.26083323e-08
-2.18658495e-08
3.775368e-08
-2.80706242e-09
2.54464715e-08
1.17728833e-08
6.3201367e-09
1.70570974e-08
-9.80333581e-09
1.34957729e-08
-1.54783963e-08
6.18848419e-09
-1.13934687e-08
-4.70258196e-09
-1.82028956e-08
2.14216436e-08
-4.07337196e-08
-1.51090582e-08
-6.93009127e-08
-2.80020334e-08
-9.47243877e-08
-3.18352766e-08
-1.06665719e-07
-3.0210726e-08
-1.0734528e-07
-2.07360662e-08
-1.03274764e-07
-8.67087636e-09
-9.8091898e-08
1.71396817e-09
-9.02426382e-08
8.3346269e-09
-7.86732018e-08
1.37181236e-08
-6.29488033e-08
1.80745488e-08
-4.338359e-08
2.08130474e-08
-2.16035289e-08
2.08282696e-08
-7.98627218e-10
1.69487766e-08
1.5540105e-08
9.10773757e-09
2.25342137e-08
-6.7397368e-10
1.91135915e-08
-6.38271499e-09
1.04694029e-08
-6.83420942e-09
3.19644217e-09
-4.12051004e-09
-1.50614082e-09
2.2455656e-08
8.39345553e-09
-1.8548875e-08
-4.93116034e-08
-7.84369361e-08
-9.80747636e-08
-1.05634556e-07
-1.02796659e-07
-9.33252575e-08
-7.84575143e-08
-5.92205007e-08
-3.72321434e-08
-1.52157186e-08
2.93405841e-09
1.32556416e-08
1.38083589e-08
8.66518011e-09
3.0833519e-09
2.2806821e-10
)
;

boundaryField
{
    inner_wall
    {
        type            calculated;
        value           uniform 0;
    }
    outer_wall
    {
        type            calculated;
        value           uniform 0;
    }
    top
    {
        type            calculated;
        value           nonuniform List<scalar> 
20
(
-1.03401323e-09
-1.04685846e-09
-1.0597037e-09
-1.07254893e-09
-1.08539416e-09
-1.09823939e-09
-1.11108462e-09
-1.12392985e-09
-1.13677508e-09
-1.14962031e-09
-1.16246554e-09
-1.17531077e-09
-1.188156e-09
-1.20100123e-09
-1.21384646e-09
-1.22669169e-09
-1.23953692e-09
-1.25238215e-09
-1.26522738e-09
-1.27807261e-09
)
;
    }
    bottom
    {
        type            calculated;
        value           nonuniform List<scalar> 
20
(
-4.64713867e-08
-4.67556622e-08
-4.39510825e-08
-3.83932544e-08
-2.86300077e-08
-1.28736597e-08
5.91690986e-09
1.66046689e-08
2.43005753e-08
3.1606862e-08
3.72602009e-08
3.96783418e-08
3.74528124e-08
3.0079216e-08
1.90337026e-08
8.21314054e-09
9.8638355e-10
-2.62679227e-09
-4.25808015e-09
-4.05581795e-09
)
;
    }
    front
    {
        type            wedge;
        value           nonuniform List<scalar> 
12000
(
-6.15855871e-09
-1.60397614e-08
-2.23657645e-08
-2.6087743e-08
-2.85266809e-08
-3.05142081e-08
-3.24456858e-08
-3.44689745e-08
-3.66150547e-08
-3.88752831e-08
-4.12557329e-08
-4.37956785e-08
-4.6697815e-08
-5.02604392e-08
-5.45956254e-08
-5.96857799e-08
-6.54334856e-08
-7.1663336e-08
-7.81360442e-08
-8.44364927e-08
-9.04141503e-08
-9.54995387e-08
-9.76950991e-08
-1.07121482e-07
-1.03465178e-07
-1.12921962e-07
-1.19424398e-07
-1.15098556e-07
-9.72155702e-08
-8.5830821e-08
-7.65912648e-08
-6.80489122e-08
-6.20299395e-08
-5.82756775e-08
-5.63226764e-08
-5.47072896e-08
-5.3520728e-08
-5.27839753e-08
-5.25656701e-08
-5.29434252e-08
-5.40997803e-08
-5.5490799e-08
-5.6890934e-08
-5.82147989e-08
-5.94388274e-08
-6.05670104e-08
-6.16105117e-08
-6.26160831e-08
-6.35221548e-08
-6.48734345e-08
-6.70360658e-08
-7.02413733e-08
-7.46435352e-08
-8.038818e-08
-8.75390538e-08
-9.58890987e-08
-1.0500039e-07
-1.16166572e-07
-1.22315873e-07
-1.04194316e-07
-9.86490354e-08
-9.86296786e-08
-1.0167366e-07
-1.06974749e-07
-1.2378122e-07
-1.15691592e-07
-1.03900874e-07
-9.50395144e-08
-8.64136485e-08
-7.90192838e-08
-7.28516861e-08
-6.7897549e-08
-6.40565983e-08
-6.12401839e-08
-5.92324141e-08
-5.75599012e-08
-5.5884932e-08
-5.42545843e-08
-5.26985516e-08
-5.13174804e-08
-5.02814334e-08
-4.98270961e-08
-5.02339009e-08
-5.13698847e-08
-5.27935367e-08
-5.42484602e-08
-5.56352789e-08
-5.69343791e-08
-5.8156718e-08
-5.93298037e-08
-6.04640682e-08
-6.17203127e-08
-6.34268829e-08
-6.57888278e-08
-6.89161947e-08
-7.28991354e-08
-7.78430032e-08
-8.38103761e-08
-9.07381944e-08
-9.8166541e-08
-1.05699177e-07
-1.10922736e-07
-1.16531417e-07
-1.2225201e-07
-1.1948868e-07
-1.15599235e-07
-1.22641574e-07
-1.19347203e-07
-1.09330378e-07
-1.02822299e-07
-9.48375006e-08
-8.72406473e-08
-8.04049458e-08
-7.45997379e-08
-6.98164229e-08
-6.59665642e-08
-6.29587047e-08
-6.07058066e-08
-5.90005846e-08
-5.75291734e-08
-5.60266953e-08
-5.44943634e-08
-5.29116843e-08
-5.12889803e-08
-4.96804946e-08
-4.8232839e-08
-4.73005597e-08
-4.85182618e-08
-5.03662447e-08
-5.23311097e-08
-5.42322763e-08
-5.60248212e-08
-5.77114759e-08
-5.93358928e-08
-6.08613322e-08
-6.27306215e-08
-6.52243623e-08
-6.85118732e-08
-7.26863811e-08
-7.78532752e-08
-8.40846472e-08
-9.13300767e-08
-9.91794649e-08
-1.07209819e-07
-1.14186456e-07
-1.23406855e-07
-1.1176536e-07
-1.05702294e-07
-1.13172786e-07
-1.23797909e-07
-1.15317939e-07
-1.08664658e-07
-1.00263992e-07
-9.17565932e-08
-8.37125547e-08
-7.6784716e-08
-7.10968305e-08
-6.65978654e-08
-6.31699998e-08
-6.06926169e-08
-5.89300199e-08
-5.7505119e-08
-5.61276274e-08
-5.48236079e-08
-5.36193626e-08
-5.25942916e-08
-5.1887359e-08
-5.17063604e-08
-5.23090407e-08
-5.41615492e-08
-5.62382435e-08
-5.82200526e-08
-6.00364148e-08
-6.16981233e-08
-6.32458434e-08
-6.47017292e-08
-6.63040832e-08
-6.84128561e-08
-7.1249386e-08
-7.49079726e-08
-7.9480403e-08
-8.50343912e-08
-9.15567786e-08
-9.86141704e-08
-1.05982032e-07
-1.109096e-07
-1.15971886e-07
-1.23102177e-07
-1.20121423e-07
-1.20496772e-07
-1.1259424e-07
-1.10396809e-07
-1.03077151e-07
-9.51595614e-08
-8.72705734e-08
-8.01232473e-08
-7.40116248e-08
-6.8967283e-08
-6.49144896e-08
-6.1772658e-08
-5.94731097e-08
-5.78320981e-08
-5.64807776e-08
-5.51002269e-08
-5.37060437e-08
-5.22979271e-08
-5.09360089e-08
-4.97613293e-08
-4.90223708e-08
-4.90746161e-08
-5.01996219e-08
-5.18710635e-08
-5.37266914e-08
-5.56003584e-08
-5.74410495e-08
-5.9263236e-08
-6.10550121e-08
-6.34607718e-08
-6.68155669e-08
-7.125738e-08
-7.68846129e-08
-8.37635608e-08
-9.18236082e-08
-1.0041708e-07
-1.09084335e-07
-1.14331597e-07
-1.19727709e-07
-1.21794375e-07
-1.15476334e-07
-1.22331614e-07
-1.17890986e-07
-1.14953665e-07
-1.06228862e-07
-9.70364711e-08
-8.79163472e-08
-7.99858595e-08
-7.3527517e-08
-6.85093177e-08
-6.47508139e-08
-6.20802149e-08
-6.02901224e-08
-5.90346352e-08
-5.77461343e-08
-5.64321967e-08
-5.50611854e-08
-5.36244384e-08
-5.21354559e-08
-5.0660168e-08
-4.93912543e-08
-4.88162956e-08
-5.01659858e-08
-5.18765057e-08
-5.36776386e-08
-5.5440861e-08
-5.71116403e-08
-5.86846312e-08
-6.0167148e-08
-6.16756914e-08
-6.37615109e-08
-6.67063902e-08
-7.06043064e-08
-7.55524556e-08
-8.16708027e-08
-8.8950697e-08
-9.73747352e-08
-1.05685274e-07
-1.1887234e-07
-1.22401868e-07
-1.07096119e-07
-1.07425974e-07
-1.06810385e-07
-1.18372704e-07
-1.22361269e-07
-1.07853985e-07
-1.00642424e-07
-9.25914756e-08
-8.56291929e-08
-7.97555974e-08
-7.51141551e-08
-7.15855059e-08
-6.90423386e-08
-6.73520571e-08
-6.63194934e-08
-6.57133799e-08
-6.50341642e-08
-6.43458434e-08
-6.35992833e-08
-6.27751757e-08
-6.18468168e-08
-6.07841858e-08
-5.95525481e-08
-5.81219143e-08
-5.65200403e-08
-5.51782339e-08
-5.42884513e-08
-5.39633642e-08
-5.41843055e-08
-5.48522701e-08
-5.58519817e-08
-5.71166296e-08
-5.85382265e-08
-6.04797042e-08
-6.36571457e-08
-6.83571094e-08
-7.46659892e-08
-8.25536843e-08
-9.16547299e-08
-1.01172525e-07
-1.0954042e-07
-1.15046933e-07
-1.23830643e-07
-1.17031128e-07
-1.12948815e-07
-1.19173723e-07
-1.23631638e-07
-1.15631946e-07
-1.1128984e-07
-1.04482366e-07
-9.70690591e-08
-8.99177447e-08
-8.35896005e-08
-7.832916e-08
-7.41316231e-08
-7.08982154e-08
-6.85198586e-08
-6.68761716e-08
-6.57516446e-08
-6.4879719e-08
-6.39555048e-08
-6.29971775e-08
-6.19625302e-08
-6.08242308e-08
-5.95509678e-08
-5.81173626e-08
-5.65295295e-08
-5.48945247e-08
-5.35241846e-08
-5.28724475e-08
-5.28588069e-08
-5.33609963e-08
-5.42389788e-08
-5.53762193e-08
-5.66927282e-08
-5.81717128e-08
-5.97246868e-08
-6.2013947e-08
-6.53953147e-08
-6.99877658e-08
-7.58452968e-08
-8.2966269e-08
-9.11592342e-08
-9.98996574e-08
-1.08344549e-07
-1.14665296e-07
-1.23093343e-07
-1.21601238e-07
-1.09043519e-07
-1.03638946e-07
-1.15126483e-07
-1.2312319e-07
-1.14531067e-07
-1.07315409e-07
-9.92061888e-08
-9.1270369e-08
-8.40548605e-08
-7.79249813e-08
-7.29198364e-08
-6.89387886e-08
-6.58571396e-08
-6.35674298e-08
-6.19166091e-08
-6.06814117e-08
-5.93503865e-08
-5.79765382e-08
-5.6505786e-08
-5.49157153e-08
-5.3189358e-08
-5.13456331e-08
-4.95072018e-08
-4.81044175e-08
-4.88564747e-08
-5.03148055e-08
-5.20444344e-08
-5.38506974e-08
-5.56562816e-08
-5.74474469e-08
-5.92342633e-08
-6.11100523e-08
-6.36243693e-08
-6.70676383e-08
-7.1538148e-08
-7.71100887e-08
-8.38490184e-08
-9.16076594e-08
-1.00155217e-07
-1.08028313e-07
-1.16097781e-07
-1.2288488e-07
-1.16913312e-07
-1.20484044e-07
-1.17883682e-07
-1.19675388e-07
-1.13316841e-07
-1.07452898e-07
-9.95243833e-08
-9.15482298e-08
-8.41427096e-08
-7.78499357e-08
-7.27485128e-08
-6.87504248e-08
-6.57242515e-08
-6.35471087e-08
-6.20268038e-08
-6.08531127e-08
-5.95660212e-08
-5.82210191e-08
-5.6783512e-08
-5.52649454e-08
-5.37181461e-08
-5.22934747e-08
-5.13097484e-08
-5.12925579e-08
-5.21900984e-08
-5.35247732e-08
-5.50019961e-08
-5.64788051e-08
-5.79022776e-08
-5.92854761e-08
-6.05944152e-08
-6.22290205e-08
-6.46113011e-08
-6.79609468e-08
-7.24120888e-08
-7.81222189e-08
-8.51768466e-08
-9.35273049e-08
-1.02408544e-07
-1.12299261e-07
-1.24954392e-07
-1.15463505e-07
-1.1195464e-07
-1.11169755e-07
-1.21280292e-07
-1.23142294e-07
-1.10163342e-07
-1.02038724e-07
-9.34009867e-08
-8.58734759e-08
-7.95825132e-08
-7.46348651e-08
-7.08842133e-08
-6.81749229e-08
-6.63439445e-08
-6.51453558e-08
-6.43058069e-08
-6.3413798e-08
-6.25128598e-08
-6.15601517e-08
-6.05375582e-08
-5.94229386e-08
-5.81940712e-08
-5.68308043e-08
-5.53329316e-08
-5.37863636e-08
-5.25553803e-08
-5.18051668e-08
-5.16351545e-08
-5.20080225e-08
-5.2807456e-08
-5.39063552e-08
-5.5232738e-08
-5.66767394e-08
-5.86089717e-08
-6.175665e-08
-6.6377445e-08
-7.25670123e-08
-8.03609477e-08
-8.94947472e-08
-9.93065452e-08
-1.08229267e-07
-1.14069579e-07
-1.22839342e-07
-1.18757293e-07
-1.14922736e-07
-1.21849618e-07
-1.21113001e-07
-1.12736969e-07
-1.0965672e-07
-1.02930429e-07
-9.6374527e-08
-9.01224356e-08
-8.47879036e-08
-8.04940958e-08
-7.72153866e-08
-7.48604328e-08
-7.33021249e-08
-7.23388594e-08
-7.16529461e-08
-7.09307102e-08
-7.0204745e-08
-6.94313424e-08
-6.85880664e-08
-6.76450045e-08
-6.65655002e-08
-6.53029649e-08
-6.3820478e-08
-6.21885008e-08
-6.0732973e-08
-5.95817318e-08
-5.87936169e-08
-5.83732185e-08
-5.82897504e-08
-5.85000526e-08
-5.89760899e-08
-5.96946522e-08
-6.09313602e-08
-6.30972672e-08
-6.65163684e-08
-7.1390057e-08
-7.7863668e-08
-8.59855542e-08
-9.52542216e-08
-1.05625631e-07
-1.14765778e-07
-1.17845813e-07
-1.23957025e-07
-1.21699203e-07
-1.1540176e-07
-1.14667428e-07
-1.08111325e-07
-1.01333034e-07
-9.42578504e-08
-8.79896305e-08
-8.2854972e-08
-7.89154342e-08
-7.60798472e-08
-7.42005468e-08
-7.30281093e-08
-7.22304851e-08
-7.13751113e-08
-7.0499846e-08
-6.9541096e-08
-6.84598e-08
-6.72059102e-08
-6.5728465e-08
-6.40093114e-08
-6.22239202e-08
-6.07559413e-08
-5.97352953e-08
-5.9176017e-08
-5.90270014e-08
-5.92167733e-08
-5.96762636e-08
-6.03906424e-08
-6.12666706e-08
-6.29328934e-08
-6.5693845e-08
-6.97334275e-08
-7.52167156e-08
-8.22739268e-08
-9.09280585e-08
-1.00513325e-07
-1.11168489e-07
-1.25035782e-07
-1.16472529e-07
-1.11715164e-07
-1.11475721e-07
-1.20232208e-07
-1.2101535e-07
-1.10505269e-07
-1.11119672e-07
-1.07215077e-07
-1.01788817e-07
-9.61980954e-08
-9.03340651e-08
-8.46626253e-08
-7.93484004e-08
-7.45197712e-08
-7.0196132e-08
-6.63534115e-08
-6.29448306e-08
-5.99176521e-08
-5.72232424e-08
-5.48104602e-08
-5.26474204e-08
-5.06831286e-08
-4.87353202e-08
-4.67554593e-08
-4.47493735e-08
-4.26944209e-08
-4.05838237e-08
-3.84147117e-08
-3.61920861e-08
-3.39442207e-08
-3.17712854e-08
-2.99663857e-08
-2.9241631e-08
-3.09609672e-08
-3.6326292e-08
-7.36689542e-08
-1.60784334e-10
2.86743852e-11
6.25200529e-11
-1.2779055e-09
-3.97273482e-09
-7.38146157e-09
-1.08797803e-08
-1.40769595e-08
-1.68058711e-08
-1.9040947e-08
-2.08069794e-08
-2.22190495e-08
-2.3183115e-08
-2.37203543e-08
-2.41435926e-08
-2.47869202e-08
-2.60241718e-08
-2.82071041e-08
-3.16244984e-08
-3.63363612e-08
-4.23418586e-08
-4.93611525e-08
-5.42292807e-08
-6.8044837e-08
-7.07678406e-08
-8.5491727e-08
-1.03169367e-07
-9.27138643e-08
-6.2628188e-08
-5.16165515e-08
-4.70108225e-08
-4.53523174e-08
-4.57827265e-08
-4.58454237e-08
-4.48352579e-08
-4.3948077e-08
-4.31660128e-08
-4.29041199e-08
-4.37184744e-08
-4.60432576e-08
-4.97322503e-08
-5.30747017e-08
-5.57124744e-08
-5.76629496e-08
-5.90388735e-08
-5.995512e-08
-6.05114827e-08
-6.07491723e-08
-6.08261601e-08
-6.02534259e-08
-5.89481573e-08
-5.71816679e-08
-5.54757975e-08
-5.45599308e-08
-5.53602354e-08
-5.88108284e-08
-6.56472737e-08
-7.67447381e-08
-9.57276754e-08
-9.97558516e-08
-9.91476255e-08
-9.47740095e-08
-1.0178699e-07
-1.01937198e-07
-9.65086363e-08
-7.76350952e-08
-6.5646917e-08
-5.84211797e-08
-5.39365634e-08
-5.21273111e-08
-5.19536303e-08
-5.25986308e-08
-5.33416465e-08
-5.36289915e-08
-5.31571034e-08
-5.21303473e-08
-5.08051552e-08
-4.90167042e-08
-4.6780271e-08
-4.42947716e-08
-4.21756787e-08
-4.15779977e-08
-4.39631401e-08
-4.81214076e-08
-5.17724367e-08
-5.44203965e-08
-5.61944883e-08
-5.73235678e-08
-5.79949816e-08
-5.83302878e-08
-5.84352891e-08
-5.8245388e-08
-5.74890947e-08
-5.62653831e-08
-5.48099207e-08
-5.3470398e-08
-5.27017752e-08
-5.30739119e-08
-5.52534754e-08
-5.96725486e-08
-6.68566696e-08
-7.49127949e-08
-8.39726476e-08
-9.83509975e-08
-1.08851914e-07
-1.11976779e-07
-1.04666461e-07
-8.75656988e-08
-7.30030033e-08
-6.49633412e-08
-5.78500296e-08
-5.36806953e-08
-5.16882145e-08
-5.1282441e-08
-5.17785643e-08
-5.26238437e-08
-5.33852452e-08
-5.3741468e-08
-5.35424458e-08
-5.29518561e-08
-5.2125818e-08
-5.09050262e-08
-4.91706274e-08
-4.68041821e-08
-4.38145322e-08
-4.05824447e-08
-3.83487117e-08
-4.20559661e-08
-4.62990192e-08
-4.97699723e-08
-5.23223983e-08
-5.41212696e-08
-5.53700756e-08
-5.62051783e-08
-5.68368896e-08
-5.69024209e-08
-5.63379766e-08
-5.53705934e-08
-5.43903066e-08
-5.39104748e-08
-5.45770715e-08
-5.71475747e-08
-6.21687499e-08
-7.02303377e-08
-7.92178287e-08
-9.63384579e-08
-1.02880851e-07
-1.01907669e-07
-1.05961597e-07
-9.8173293e-08
-8.08817172e-08
-7.0694541e-08
-6.10776294e-08
-5.46643787e-08
-5.10205846e-08
-4.96543174e-08
-4.96860139e-08
-5.0344249e-08
-5.10214226e-08
-5.12920636e-08
-5.09582674e-08
-5.0180177e-08
-4.91841419e-08
-4.78563905e-08
-4.6196659e-08
-4.43001761e-08
-4.25224857e-08
-4.1650569e-08
-4.29274302e-08
-4.78246886e-08
-5.19553002e-08
-5.49297717e-08
-5.69582337e-08
-5.8317073e-08
-5.921659e-08
-5.98510252e-08
-6.0111128e-08
-5.97670093e-08
-5.89782064e-08
-5.80859104e-08
-5.75599188e-08
-5.79909289e-08
-6.01138862e-08
-6.4440135e-08
-7.17579626e-08
-7.97728564e-08
-8.97440659e-08
-1.09584968e-07
-1.09309529e-07
-9.47685119e-08
-7.9844817e-08
-7.27773215e-08
-6.26425562e-08
-5.55459198e-08
-5.10428402e-08
-4.8960556e-08
-4.86529509e-08
-4.94319339e-08
-5.06960375e-08
-5.19483841e-08
-5.2782504e-08
-5.29434954e-08
-5.25547955e-08
-5.17791353e-08
-5.04248554e-08
-4.83824528e-08
-4.5651743e-08
-4.25965998e-08
-4.02783149e-08
-4.06240143e-08
-4.42036205e-08
-4.8025073e-08
-5.10649943e-08
-5.32433986e-08
-5.47414382e-08
-5.57453489e-08
-5.64913489e-08
-5.64099313e-08
-5.56558616e-08
-5.47077794e-08
-5.42520178e-08
-5.51309849e-08
-5.83363925e-08
-6.44346807e-08
-7.42077907e-08
-8.41833826e-08
-9.64131048e-08
-1.10197193e-07
-1.09341677e-07
-1.02240161e-07
-8.94640833e-08
-7.91044018e-08
-6.67488239e-08
-5.85431599e-08
-5.36636097e-08
-5.18629105e-08
-5.20631604e-08
-5.3259147e-08
-5.46507241e-08
-5.56788674e-08
-5.60273459e-08
-5.56701641e-08
-5.51335556e-08
-5.42945286e-08
-5.30860861e-08
-5.14041038e-08
-4.91301466e-08
-4.61925493e-08
-4.28056441e-08
-4.02208324e-08
-4.25933665e-08
-4.60155902e-08
-4.93763698e-08
-5.21558323e-08
-5.42509508e-08
-5.57406095e-08
-5.67674373e-08
-5.73727524e-08
-5.71280713e-08
-5.61708007e-08
-5.4929651e-08
-5.39741098e-08
-5.40308958e-08
-5.59028399e-08
-6.07096104e-08
-6.77980945e-08
-8.23165769e-08
-1.00084215e-07
-1.07197881e-07
-1.04526466e-07
-1.04094533e-07
-9.9554473e-08
-8.60643952e-08
-6.91864912e-08
-6.30615907e-08
-5.80108644e-08
-5.60743415e-08
-5.60438825e-08
-5.7232934e-08
-5.89265705e-08
-6.06045691e-08
-6.19035558e-08
-6.26474837e-08
-6.28816876e-08
-6.30683566e-08
-6.30887179e-08
-6.29403319e-08
-6.25741849e-08
-6.19175399e-08
-6.08476954e-08
-5.91618039e-08
-5.65293388e-08
-5.24278652e-08
-4.86229864e-08
-4.62616412e-08
-4.5550918e-08
-4.606209e-08
-4.72104284e-08
-4.85493137e-08
-4.97866211e-08
-5.09191906e-08
-5.15162148e-08
-5.12418191e-08
-5.05115665e-08
-5.02069549e-08
-5.14472983e-08
-5.52971548e-08
-6.23533301e-08
-7.23706696e-08
-8.14586748e-08
-9.69924452e-08
-1.07517537e-07
-1.09353201e-07
-1.0747048e-07
-9.76528263e-08
-8.32756445e-08
-7.54788699e-08
-6.69970153e-08
-6.10847007e-08
-5.76806093e-08
-5.64257311e-08
-5.66737382e-08
-5.77577085e-08
-5.91286641e-08
-6.03719836e-08
-6.12129344e-08
-6.15392642e-08
-6.15145004e-08
-6.13812454e-08
-6.10424006e-08
-6.04532715e-08
-5.95196743e-08
-5.8096752e-08
-5.59598382e-08
-5.28116644e-08
-4.85408595e-08
-4.49637164e-08
-4.336209e-08
-4.34757944e-08
-4.46088423e-08
-4.61274418e-08
-4.76364794e-08
-4.89545866e-08
-5.00061264e-08
-5.09410178e-08
-5.1168132e-08
-5.07866746e-08
-5.02582373e-08
-5.02731964e-08
-5.16631535e-08
-5.52829875e-08
-6.17011535e-08
-7.12428552e-08
-8.12203663e-08
-9.69885872e-08
-1.1101193e-07
-1.07878044e-07
-9.46883401e-08
-1.01881627e-07
-9.27123262e-08
-7.77298239e-08
-6.8402109e-08
-6.07870376e-08
-5.6106265e-08
-5.38901207e-08
-5.35426349e-08
-5.4323559e-08
-5.56024595e-08
-5.68917311e-08
-5.7827769e-08
-5.81810606e-08
-5.79396903e-08
-5.75451205e-08
-5.68172587e-08
-5.56751457e-08
-5.39611443e-08
-5.14796633e-08
-4.80460226e-08
-4.37041705e-08
-3.94538495e-08
-4.11212705e-08
-4.42174894e-08
-4.72510529e-08
-4.97257689e-08
-5.15909137e-08
-5.29444261e-08
-5.39299468e-08
-5.46274636e-08
-5.46115725e-08
-5.4051781e-08
-5.34034328e-08
-5.32828788e-08
-5.44633579e-08
-5.77288169e-08
-6.39805114e-08
-7.27208414e-08
-8.45765675e-08
-1.01322313e-07
-1.10526177e-07
-1.10192569e-07
-9.86809189e-08
-9.11530555e-08
-7.84143363e-08
-6.94188251e-08
-6.15780219e-08
-5.6779439e-08
-5.45744073e-08
-5.44007578e-08
-5.54302286e-08
-5.69454722e-08
-5.83833502e-08
-5.93330856e-08
-5.95684073e-08
-5.91887147e-08
-5.85915251e-08
-5.75852975e-08
-5.60698355e-08
-5.38893153e-08
-5.09348652e-08
-4.73557046e-08
-4.4069135e-08
-4.33942302e-08
-4.59948617e-08
-4.92761138e-08
-5.21354889e-08
-5.42866373e-08
-5.57845176e-08
-5.67485096e-08
-5.73963362e-08
-5.74258099e-08
-5.66696222e-08
-5.53867045e-08
-5.40806962e-08
-5.34516748e-08
-5.43906596e-08
-5.79572275e-08
-6.48021701e-08
-7.4664552e-08
-9.51235914e-08
-1.05803999e-07
-1.08296916e-07
-1.08921771e-07
-1.04180112e-07
-8.93461178e-08
-7.23734904e-08
-6.45423381e-08
-5.86657631e-08
-5.60887539e-08
-5.56200635e-08
-5.64419914e-08
-5.77851139e-08
-5.91089847e-08
-6.00655322e-08
-6.0522933e-08
-6.06011191e-08
-6.0664024e-08
-6.06007056e-08
-6.03953927e-08
-5.99950208e-08
-5.93290936e-08
-5.82864749e-08
-5.66796345e-08
-5.41692422e-08
-5.02133708e-08
-4.64373827e-08
-4.4199135e-08
-4.37527594e-08
-4.45927115e-08
-4.60301861e-08
-4.75578595e-08
-4.88747092e-08
-4.99857892e-08
-5.04892501e-08
-5.0059875e-08
-4.91370833e-08
-4.85666498e-08
-4.94309578e-08
-5.28274511e-08
-5.95236273e-08
-6.95135582e-08
-7.91019331e-08
-9.41372399e-08
-1.05027632e-07
-1.1140438e-07
-1.08244293e-07
-9.44075976e-08
-8.22384518e-08
-7.63600094e-08
-6.92212747e-08
-6.48955368e-08
-6.25871309e-08
-6.19958505e-08
-6.24291961e-08
-6.32895643e-08
-6.41068026e-08
-6.45844547e-08
-6.46059391e-08
-6.43620182e-08
-6.41169805e-08
-6.37718255e-08
-6.32900917e-08
-6.26038244e-08
-6.16236152e-08
-6.02126107e-08
-5.81472903e-08
-5.50830372e-08
-5.15639747e-08
-4.85371202e-08
-4.64643137e-08
-4.53611966e-08
-4.49976801e-08
-4.50944725e-08
-4.54281225e-08
-4.58385401e-08
-4.63018565e-08
-4.65193327e-08
-4.63558276e-08
-4.59212969e-08
-4.56835838e-08
-4.6414688e-08
-4.92169327e-08
-5.50033422e-08
-6.51608361e-08
-7.97306635e-08
-9.14404441e-08
-1.10774983e-07
-1.09750234e-07
-9.2880428e-08
-8.60078766e-08
-7.6090543e-08
-6.94132069e-08
-6.5198065e-08
-6.34757493e-08
-6.34019698e-08
-6.41571901e-08
-6.50590264e-08
-6.56573766e-08
-6.5769791e-08
-6.5545798e-08
-6.53609224e-08
-6.50687556e-08
-6.46063157e-08
-6.38457853e-08
-6.25854602e-08
-6.04837057e-08
-5.69958868e-08
-5.31807461e-08
-5.02182412e-08
-4.84885312e-08
-4.78193335e-08
-4.78359574e-08
-4.81951533e-08
-4.86727478e-08
-4.91166226e-08
-4.96001266e-08
-4.95801443e-08
-4.91023709e-08
-4.84982589e-08
-4.83830791e-08
-4.96322616e-08
-5.33840687e-08
-6.06300128e-08
-7.123225e-08
-9.36186894e-08
-1.06596756e-07
-1.08855968e-07
-1.07053487e-07
-1.00709504e-07
-8.79171967e-08
-7.52855274e-08
-7.30365543e-08
-6.4513938e-08
-5.70177835e-08
-5.08138544e-08
-4.58390564e-08
-4.22101199e-08
-3.97090853e-08
-3.8115085e-08
-3.71779992e-08
-3.66815057e-08
-3.64512479e-08
-3.63542239e-08
-3.62926742e-08
-3.61901242e-08
-3.59619996e-08
-3.55611722e-08
-3.51291838e-08
-3.46694394e-08
-3.41598745e-08
-3.35684277e-08
-3.28367991e-08
-3.18638569e-08
-3.04860805e-08
-2.84617583e-08
-2.54859766e-08
-2.13397747e-08
-1.64441424e-08
-1.3153158e-08
-1.69150113e-08
-2.75614951e-08
2.47222384e-10
-4.5479075e-11
-4.93613056e-09
-1.26135279e-08
-2.03245959e-08
-2.66806182e-08
-3.13705232e-08
-3.45936424e-08
-3.66933144e-08
-3.79837164e-08
-3.87007218e-08
-3.89968592e-08
-3.9005938e-08
-3.85485121e-08
-3.74098507e-08
-3.56087164e-08
-3.33009839e-08
-3.08200246e-08
-2.86685529e-08
-2.74364459e-08
-2.76825708e-08
-2.99078674e-08
-3.29527623e-08
-4.16134145e-08
-4.85101905e-08
-6.53471756e-08
-9.25315735e-08
-8.32089495e-08
-5.13840893e-08
-4.40588678e-08
-4.50849334e-08
-4.73799715e-08
-4.89977674e-08
-4.89503251e-08
-4.79150299e-08
-4.63647665e-08
-4.45632868e-08
-4.34476216e-08
-4.43987188e-08
-4.84995253e-08
-5.50662762e-08
-6.03315082e-08
-6.37528998e-08
-6.57089196e-08
-6.67061917e-08
-6.7139936e-08
-6.72732756e-08
-6.72666313e-08
-6.71894912e-08
-6.71194844e-08
-6.67884515e-08
-6.58117839e-08
-6.3856458e-08
-6.07998917e-08
-5.70471729e-08
-5.37329383e-08
-5.28187238e-08
-5.55434795e-08
-6.81605699e-08
-8.16993703e-08
-8.92865793e-08
-9.16629842e-08
-9.39323792e-08
-8.55249464e-08
-7.09878952e-08
-5.72052327e-08
-5.24455402e-08
-5.16972153e-08
-5.33606637e-08
-5.59105022e-08
-5.8150913e-08
-5.96418669e-08
-6.03674452e-08
-6.04865517e-08
-6.01842156e-08
-5.95251382e-08
-5.82641979e-08
-5.61236241e-08
-5.28238618e-08
-4.84111069e-08
-4.39289431e-08
-4.21258757e-08
-4.66403925e-08
-5.50284188e-08
-6.06832494e-08
-6.38688752e-08
-6.55367906e-08
-6.63480565e-08
-6.6682621e-08
-6.67478454e-08
-6.66549274e-08
-6.64472553e-08
-6.61889861e-08
-6.5586529e-08
-6.44364174e-08
-6.25658233e-08
-5.99165181e-08
-5.66866615e-08
-5.35114403e-08
-5.14361821e-08
-5.19851312e-08
-5.55880111e-08
-6.1963082e-08
-7.56326658e-08
-9.53409374e-08
-1.04682628e-07
-8.71805853e-08
-6.59575506e-08
-5.55771416e-08
-5.18653309e-08
-5.09247657e-08
-5.2556751e-08
-5.50208971e-08
-5.73714257e-08
-5.91377342e-08
-6.02430252e-08
-6.07890244e-08
-6.09180271e-08
-6.08303983e-08
-6.05325754e-08
-5.98884465e-08
-5.86933566e-08
-5.66279779e-08
-5.32928728e-08
-4.84398751e-08
-4.26686279e-08
-3.87978172e-08
-4.59978921e-08
-5.29169277e-08
-5.76518679e-08
-6.04917013e-08
-6.20736853e-08
-6.29034342e-08
-6.33048517e-08
-6.34605718e-08
-6.3498167e-08
-6.33186837e-08
-6.26903551e-08
-6.14155492e-08
-5.9385229e-08
-5.67639018e-08
-5.42302347e-08
-5.29722476e-08
-5.47953522e-08
-5.94430973e-08
-7.22184553e-08
-8.63886849e-08
-9.53067374e-08
-9.31620046e-08
-7.45941176e-08
-5.97626431e-08
-5.29273473e-08
-4.94084496e-08
-4.97761696e-08
-5.21196603e-08
-5.49461525e-08
-5.7282929e-08
-5.88064485e-08
-5.95598774e-08
-5.9710327e-08
-5.94480592e-08
-5.88865903e-08
-5.78557757e-08
-5.61610477e-08
-5.35572742e-08
-4.98977034e-08
-4.55232795e-08
-4.19595006e-08
-4.23660375e-08
-5.02211871e-08
-5.61967767e-08
-5.98940117e-08
-6.19317472e-08
-6.29674777e-08
-6.34521187e-08
-6.3650815e-08
-6.37075453e-08
-6.36922311e-08
-6.33502817e-08
-6.25110099e-08
-6.10362788e-08
-5.89946761e-08
-5.69286459e-08
-5.58972582e-08
-5.77599032e-08
-6.27418706e-08
-7.26339449e-08
-9.93487704e-08
-9.8656804e-08
-7.30104857e-08
-5.8871481e-08
-5.26151464e-08
-4.79637687e-08
-4.75883752e-08
-4.9691565e-08
-5.29281839e-08
-5.61720154e-08
-5.8834914e-08
-6.07328258e-08
-6.19104235e-08
-6.2492997e-08
-6.26640802e-08
-6.24693619e-08
-6.16889213e-08
-6.00091896e-08
-5.69904195e-08
-5.22592272e-08
-4.61536299e-08
-4.09956548e-08
-4.19755071e-08
-4.97810188e-08
-5.60544744e-08
-5.98534103e-08
-6.19105149e-08
-6.29422998e-08
-6.33988752e-08
-6.35215528e-08
-6.34904735e-08
-6.29801662e-08
-6.17652832e-08
-5.97131179e-08
-5.7050896e-08
-5.47381903e-08
-5.4346948e-08
-5.82039644e-08
-6.57109249e-08
-7.8463948e-08
-1.00333747e-07
-9.80376594e-08
-8.07948551e-08
-6.70330812e-08
-5.77567109e-08
-5.16842082e-08
-5.10803538e-08
-5.34613522e-08
-5.69200555e-08
-5.99381392e-08
-6.19493203e-08
-6.29919347e-08
-6.33514084e-08
-6.33396187e-08
-6.3304433e-08
-6.31537258e-08
-6.28156103e-08
-6.21211298e-08
-6.07823014e-08
-5.83522106e-08
-5.42361072e-08
-4.80118827e-08
-4.11130479e-08
-4.29638354e-08
-4.82768785e-08
-5.35506302e-08
-5.74695343e-08
-6.00167256e-08
-6.15694676e-08
-6.24860324e-08
-6.30074284e-08
-6.32541436e-08
-6.29933215e-08
-6.20110799e-08
-6.01198476e-08
-5.73905376e-08
-5.43973598e-08
-5.26833251e-08
-5.35072384e-08
-6.02815522e-08
-7.69966093e-08
-9.49900469e-08
-9.88339566e-08
-8.90163357e-08
-7.56710622e-08
-6.08912665e-08
-5.36326547e-08
-5.34177839e-08
-5.51186019e-08
-5.83540712e-08
-6.14583934e-08
-6.38052909e-08
-6.52360797e-08
-6.59238132e-08
-6.61435467e-08
-6.62108296e-08
-6.63114873e-08
-6.64113088e-08
-6.64931802e-08
-6.64987853e-08
-6.63334072e-08
-6.58536664e-08
-6.48326334e-08
-6.28584068e-08
-5.91530017e-08
-5.29261106e-08
-4.78907693e-08
-4.6119207e-08
-4.72665972e-08
-4.98831444e-08
-5.27176888e-08
-5.51169498e-08
-5.6888174e-08
-5.80539479e-08
-5.87720058e-08
-5.88026565e-08
-5.79018647e-08
-5.59199148e-08
-5.31968819e-08
-5.08920104e-08
-5.0787693e-08
-5.47797185e-08
-6.11380909e-08
-7.40500224e-08
-9.39965815e-08
-1.02030224e-07
-9.01476016e-08
-7.34853346e-08
-6.23918918e-08
-5.72213227e-08
-5.43413053e-08
-5.47581817e-08
-5.69920255e-08
-5.97680095e-08
-6.21988106e-08
-6.39159562e-08
-6.49200332e-08
-6.53903196e-08
-6.55357002e-08
-6.56573765e-08
-6.57572138e-08
-6.5803407e-08
-6.57344176e-08
-6.54462574e-08
-6.47742839e-08
-6.34562338e-08
-6.10544033e-08
-5.68073891e-08
-4.94789892e-08
-4.45006194e-08
-4.3729309e-08
-4.59777563e-08
-4.93155838e-08
-5.24612987e-08
-5.49115998e-08
-5.66186987e-08
-5.77016042e-08
-5.83159457e-08
-5.85476164e-08
-5.81697852e-08
-5.70441512e-08
-5.51291274e-08
-5.27422842e-08
-5.08017871e-08
-5.07428728e-08
-5.44383784e-08
-6.12845164e-08
-7.53164425e-08
-9.79518191e-08
-1.00869088e-07
-8.33340899e-08
-8.01663512e-08
-6.6614551e-08
-5.70080776e-08
-5.30813494e-08
-5.24000162e-08
-5.4444072e-08
-5.75908278e-08
-6.06954896e-08
-6.31289416e-08
-6.47399347e-08
-6.56425204e-08
-6.6046975e-08
-6.61981113e-08
-6.62682732e-08
-6.61667908e-08
-6.57856828e-08
-6.49192214e-08
-6.32275377e-08
-6.01959801e-08
-5.52000868e-08
-4.79708321e-08
-4.01314151e-08
-4.32892931e-08
-4.88068226e-08
-5.35428869e-08
-5.68042305e-08
-5.88141746e-08
-5.99635001e-08
-6.05647324e-08
-6.08303594e-08
-6.08601544e-08
-6.04157408e-08
-5.93487603e-08
-5.7582397e-08
-5.53658284e-08
-5.34922136e-08
-5.35763433e-08
-5.70178105e-08
-6.52884044e-08
-8.23290508e-08
-1.01136857e-07
-1.0035003e-07
-7.87197665e-08
-6.78018528e-08
-5.80992264e-08
-5.36515872e-08
-5.26003251e-08
-5.46366906e-08
-5.79621893e-08
-6.12603666e-08
-6.37833373e-08
-6.53666811e-08
-6.61699319e-08
-6.64630881e-08
-6.65561773e-08
-6.65765797e-08
-6.64193006e-08
-6.59317473e-08
-6.48241785e-08
-6.26276291e-08
-5.87048102e-08
-5.26100823e-08
-4.5552572e-08
-4.35404737e-08
-4.86209185e-08
-5.43039751e-08
-5.85605936e-08
-6.12868413e-08
-6.28937626e-08
-6.37818928e-08
-6.42163215e-08
-6.43951632e-08
-6.42111487e-08
-6.34101964e-08
-6.17332794e-08
-5.90637755e-08
-5.57558676e-08
-5.30080762e-08
-5.28902635e-08
-5.64727233e-08
-7.08722756e-08
-8.98625504e-08
-1.01797767e-07
-9.6292321e-08
-8.16736612e-08
-6.45598074e-08
-5.55338058e-08
-5.37759817e-08
-5.46357799e-08
-5.7218529e-08
-5.97827428e-08
-6.16733102e-08
-6.27772438e-08
-6.3293813e-08
-6.34862508e-08
-6.36544533e-08
-6.38987962e-08
-6.41863444e-08
-6.44909336e-08
-6.47533685e-08
-6.48829276e-08
-6.47456865e-08
-6.41337604e-08
-6.26774683e-08
-5.96461267e-08
-5.30400392e-08
-4.71583553e-08
-4.48720685e-08
-4.60933424e-08
-4.9112011e-08
-5.23640548e-08
-5.50431323e-08
-5.69390645e-08
-5.81098271e-08
-5.87598948e-08
-5.86834542e-08
-5.76580376e-08
-5.55259411e-08
-5.25466893e-08
-4.97617933e-08
-4.89537875e-08
-5.22282003e-08
-5.84953476e-08
-7.03530038e-08
-8.83107005e-08
-1.03887274e-07
-9.21997932e-08
-7.31289157e-08
-6.45283256e-08
-6.08877381e-08
-5.88732745e-08
-5.94355177e-08
-6.09083909e-08
-6.23900912e-08
-6.33600337e-08
-6.37737371e-08
-6.3808341e-08
-6.36772889e-08
-6.35875832e-08
-6.356653e-08
-6.35697882e-08
-6.35388014e-08
-6.33700518e-08
-6.29088571e-08
-6.1935558e-08
-6.01371488e-08
-5.70531709e-08
-5.19721398e-08
-4.71919327e-08
-4.43775951e-08
-4.38183196e-08
-4.48296628e-08
-4.65466106e-08
-4.83460721e-08
-4.99029662e-08
-5.10994907e-08
-5.19180356e-08
-5.24077739e-08
-5.24126649e-08
-5.179854e-08
-5.04090734e-08
-4.82627569e-08
-4.59981267e-08
-4.50710145e-08
-4.81261913e-08
-5.77904933e-08
-7.12469543e-08
-9.96145151e-08
-1.00632649e-07
-7.66279344e-08
-6.82660741e-08
-6.21521332e-08
-6.04434011e-08
-6.10946172e-08
-6.26462214e-08
-6.39214965e-08
-6.45598168e-08
-6.46817959e-08
-6.45667439e-08
-6.4492874e-08
-6.45503213e-08
-6.4692004e-08
-6.48535625e-08
-6.48889009e-08
-6.45378235e-08
-6.33333704e-08
-6.04668392e-08
-5.49433775e-08
-5.0075459e-08
-4.77329364e-08
-4.78784438e-08
-4.94742959e-08
-5.15041178e-08
-5.33590725e-08
-5.47929974e-08
-5.57631401e-08
-5.63182888e-08
-5.64606902e-08
-5.60427011e-08
-5.49158455e-08
-5.29701328e-08
-5.04179131e-08
-4.82050052e-08
-4.83802339e-08
-5.2237334e-08
-6.77624108e-08
-8.93612579e-08
-1.02575939e-07
-9.51921371e-08
-7.74442197e-08
-6.06873288e-08
-5.18963346e-08
-4.78428133e-08
-4.25706526e-08
-3.96009554e-08
-3.84528105e-08
-3.87305736e-08
-3.99499697e-08
-4.16157285e-08
-4.33724761e-08
-4.49946942e-08
-4.6372099e-08
-4.74672623e-08
-4.82904295e-08
-4.88738362e-08
-4.9273023e-08
-4.95669745e-08
-4.98286125e-08
-5.00635659e-08
-5.0265465e-08
-5.04201256e-08
-5.04993577e-08
-5.04465386e-08
-5.01539856e-08
-4.94244351e-08
-4.79086172e-08
-4.50157346e-08
-3.98548578e-08
-3.14595193e-08
-1.98382837e-08
-8.2379823e-09
-3.4971463e-09
8.62636816e-10
-6.91033918e-09
-2.00778749e-08
-3.09032641e-08
-3.76204838e-08
-4.1172347e-08
-4.27905222e-08
-4.33494392e-08
-4.33768034e-08
-4.31780651e-08
-4.29283745e-08
-4.27231467e-08
-4.25920741e-08
-4.25335436e-08
-4.24221276e-08
-4.20293499e-08
-4.10807502e-08
-3.93515044e-08
-3.68000329e-08
-3.36848199e-08
-3.05653786e-08
-2.83213515e-08
-2.73814395e-08
-2.98695079e-08
-3.53233794e-08
-4.8034927e-08
-8.07497222e-08
-8.06426895e-08
-4.90302311e-08
-4.37041055e-08
-4.73462601e-08
-5.01452136e-08
-5.12372457e-08
-5.10110844e-08
-4.9960343e-08
-4.79377912e-08
-4.5187254e-08
-4.28963791e-08
-4.33751473e-08
-4.85486859e-08
-5.69700708e-08
-6.29868486e-08
-6.5675365e-08
-6.63693527e-08
-6.61325822e-08
-6.55852639e-08
-6.50525498e-08
-6.46833828e-08
-6.45331247e-08
-6.46084498e-08
-6.49342353e-08
-6.54414954e-08
-6.58265555e-08
-6.54680394e-08
-6.35768673e-08
-5.97454397e-08
-5.50428521e-08
-5.1262679e-08
-5.36040353e-08
-6.38645233e-08
-7.61841623e-08
-8.6214193e-08
-8.62329794e-08
-7.078339e-08
-5.70035738e-08
-5.11996638e-08
-5.22356696e-08
-5.53144994e-08
-5.85252949e-08
-6.06388366e-08
-6.16669885e-08
-6.20785993e-08
-6.22475471e-08
-6.2336129e-08
-6.23559375e-08
-6.21889478e-08
-6.15989348e-08
-6.01198858e-08
-5.70406704e-08
-5.17638332e-08
-4.51058568e-08
-4.13274764e-08
-4.69050319e-08
-5.8145045e-08
-6.35604217e-08
-6.56790177e-08
-6.62368079e-08
-6.61291661e-08
-6.58014702e-08
-6.54687102e-08
-6.52245945e-08
-6.5100529e-08
-6.50948442e-08
-6.52104509e-08
-6.53610866e-08
-6.53463866e-08
-6.48084719e-08
-6.32603767e-08
-6.03272678e-08
-5.61992814e-08
-5.21805996e-08
-5.02594817e-08
-5.17377046e-08
-6.0615738e-08
-8.26950482e-08
-9.79933119e-08
-7.48163299e-08
-5.52668606e-08
-5.06613559e-08
-5.17193387e-08
-5.47889852e-08
-5.81026394e-08
-6.03513267e-08
-6.15259667e-08
-6.20118748e-08
-6.2181187e-08
-6.22506555e-08
-6.23076004e-08
-6.23459613e-08
-6.23189898e-08
-6.21208388e-08
-6.15080765e-08
-5.99980643e-08
-5.67991924e-08
-5.10723856e-08
-4.32571239e-08
-3.81109299e-08
-4.83157699e-08
-5.65952591e-08
-6.10905356e-08
-6.29749631e-08
-6.35065518e-08
-6.34724717e-08
-6.32786631e-08
-6.31066145e-08
-6.30201327e-08
-6.30452062e-08
-6.31587431e-08
-6.32217237e-08
-6.29144366e-08
-6.17339491e-08
-5.92663266e-08
-5.57568435e-08
-5.28994374e-08
-5.23952287e-08
-5.83171076e-08
-7.24668404e-08
-8.86934647e-08
-8.25848445e-08
-6.00538774e-08
-5.0773579e-08
-4.90265376e-08
-5.11491389e-08
-5.51777554e-08
-5.8716163e-08
-6.0923553e-08
-6.19827168e-08
-6.23972141e-08
-6.25351659e-08
-6.25699259e-08
-6.25685495e-08
-6.24589624e-08
-6.20886793e-08
-6.11395786e-08
-5.90637365e-08
-5.51434913e-08
-4.90497852e-08
-4.24016414e-08
-4.05703188e-08
-4.98995871e-08
-5.73312032e-08
-6.11163848e-08
-6.25720178e-08
-6.29152569e-08
-6.28299132e-08
-6.26381921e-08
-6.24784099e-08
-6.24062272e-08
-6.24696783e-08
-6.25995525e-08
-6.25532776e-08
-6.18823218e-08
-6.01281232e-08
-5.73687099e-08
-5.52186402e-08
-5.58760297e-08
-6.27075902e-08
-9.08973015e-08
-8.8781962e-08
-5.88990742e-08
-4.89223622e-08
-4.68133208e-08
-4.83411578e-08
-5.26171057e-08
-5.70403613e-08
-6.04001067e-08
-6.24686682e-08
-6.3588656e-08
-6.41741679e-08
-6.45205648e-08
-6.47946477e-08
-6.50468303e-08
-6.5210268e-08
-6.51018307e-08
-6.42899074e-08
-6.19511734e-08
-5.6934715e-08
-4.87740108e-08
-4.0626756e-08
-4.19767683e-08
-5.32801205e-08
-5.98887331e-08
-6.27990418e-08
-6.38655372e-08
-6.41453357e-08
-6.41280437e-08
-6.40222246e-08
-6.39035023e-08
-6.38283333e-08
-6.36969454e-08
-6.31755195e-08
-6.16981386e-08
-5.89166198e-08
-5.55295972e-08
-5.421774e-08
-5.71947526e-08
-6.74203135e-08
-9.27279411e-08
-8.70111105e-08
-6.50772744e-08
-5.46768315e-08
-5.0512759e-08
-5.15015552e-08
-5.57753822e-08
-5.99033116e-08
-6.23537933e-08
-6.31503727e-08
-6.30534321e-08
-6.26915588e-08
-6.2380961e-08
-6.22256915e-08
-6.22267693e-08
-6.24046495e-08
-6.27397303e-08
-6.3114004e-08
-6.32024801e-08
-6.23264447e-08
-5.92847133e-08
-5.2396486e-08
-4.14338815e-08
-4.2042137e-08
-4.92827514e-08
-5.60026667e-08
-6.0171846e-08
-6.22858298e-08
-6.3240858e-08
-6.36551443e-08
-6.38509509e-08
-6.39674056e-08
-6.40801292e-08
-6.41166985e-08
-6.37895028e-08
-6.25593135e-08
-5.98357632e-08
-5.58731369e-08
-5.22642522e-08
-5.21664804e-08
-6.24003868e-08
-8.42256838e-08
-9.29584525e-08
-7.50187842e-08
-5.93549407e-08
-5.15136752e-08
-5.24526485e-08
-5.64281598e-08
-6.03161878e-08
-6.29291956e-08
-6.39204402e-08
-6.38732833e-08
-6.34048937e-08
-6.29305764e-08
-6.26348752e-08
-6.25395597e-08
-6.26233703e-08
-6.28822987e-08
-6.32851623e-08
-6.37483506e-08
-6.41042078e-08
-6.40840644e-08
-6.33082011e-08
-6.11863584e-08
-5.62403487e-08
-4.90875669e-08
-4.5098651e-08
-4.61393919e-08
-5.01699632e-08
-5.45699657e-08
-5.79675609e-08
-6.0137748e-08
-6.1358612e-08
-6.19734399e-08
-6.22313439e-08
-6.22550465e-08
-6.20076936e-08
-6.11788776e-08
-5.92283139e-08
-5.59364649e-08
-5.22291802e-08
-5.0699647e-08
-5.24887849e-08
-6.07474426e-08
-8.4213626e-08
-9.46284723e-08
-7.46269383e-08
-5.88966136e-08
-5.34579309e-08
-5.30516955e-08
-5.53551024e-08
-5.88436658e-08
-6.16632432e-08
-6.31826857e-08
-6.36088588e-08
-6.34554246e-08
-6.31511682e-08
-6.29364553e-08
-6.28932042e-08
-6.30000363e-08
-6.32520425e-08
-6.36224684e-08
-6.40413298e-08
-6.43608904e-08
-6.43178033e-08
-6.34838652e-08
-6.11895236e-08
-5.63974234e-08
-4.7264176e-08
-4.25217758e-08
-4.42784477e-08
-4.9263032e-08
-5.41769221e-08
-5.76752147e-08
-5.97521071e-08
-6.08353937e-08
-6.13315154e-08
-6.15035349e-08
-6.15025922e-08
-6.13505529e-08
-6.09560603e-08
-6.00478409e-08
-5.82278096e-08
-5.53513589e-08
-5.21234619e-08
-5.07392675e-08
-5.28673541e-08
-6.23214677e-08
-8.71287593e-08
-9.34599164e-08
-7.17607371e-08
-6.31734183e-08
-5.35384454e-08
-5.11544279e-08
-5.31577887e-08
-5.71529601e-08
-6.11925716e-08
-6.39425611e-08
-6.52748153e-08
-6.56504008e-08
-6.55966054e-08
-6.54669041e-08
-6.54356876e-08
-6.55546031e-08
-6.58086175e-08
-6.61685196e-08
-6.6534825e-08
-6.66755383e-08
-6.61169167e-08
-6.39901216e-08
-5.89663219e-08
-4.99850727e-08
-3.95039133e-08
-4.41687409e-08
-5.1552131e-08
-5.69321888e-08
-5.99261123e-08
-6.13490381e-08
-6.1939982e-08
-6.21372182e-08
-6.21559704e-08
-6.20925239e-08
-6.19939092e-08
-6.17723469e-08
-6.11587084e-08
-5.97301182e-08
-5.72181858e-08
-5.43631708e-08
-5.31665167e-08
-5.64247417e-08
-6.97339789e-08
-9.31565986e-08
-9.04363543e-08
-6.44409041e-08
-5.50773749e-08
-5.11255997e-08
-5.25012916e-08
-5.64257114e-08
-6.07283004e-08
-6.36785191e-08
-6.50112201e-08
-6.524802e-08
-6.5026502e-08
-6.47672177e-08
-6.46632204e-08
-6.47564162e-08
-6.50413144e-08
-6.54919166e-08
-6.59936064e-08
-6.62483437e-08
-6.56117329e-08
-6.28842851e-08
-5.63899246e-08
-4.61086561e-08
-4.25136174e-08
-4.95248488e-08
-5.64624991e-08
-6.08094774e-08
-6.30402819e-08
-6.4043057e-08
-6.44379942e-08
-6.45685651e-08
-6.46019283e-08
-6.46398356e-08
-6.46856605e-08
-6.45504118e-08
-6.37426529e-08
-6.15383121e-08
-5.76404812e-08
-5.35019559e-08
-5.14863815e-08
-5.80731712e-08
-7.7795276e-08
-9.60045613e-08
-8.34982688e-08
-6.48162166e-08
-5.3722271e-08
-5.255765e-08
-5.53687087e-08
-5.85656175e-08
-6.06629309e-08
-6.13175752e-08
-6.11465734e-08
-6.07365446e-08
-6.04225701e-08
-6.03140839e-08
-6.03798155e-08
-6.06078128e-08
-6.10078895e-08
-6.15735622e-08
-6.2257182e-08
-6.29409494e-08
-6.34204278e-08
-6.33842167e-08
-6.22915779e-08
-5.88550817e-08
-5.092407e-08
-4.4996646e-08
-4.49064262e-08
-4.89992659e-08
-5.39893088e-08
-5.79242087e-08
-6.03903791e-08
-6.17040863e-08
-6.22997629e-08
-6.24935008e-08
-6.24452871e-08
-6.21343625e-08
-6.12703129e-08
-5.92975873e-08
-5.58577995e-08
-5.16654161e-08
-4.92297517e-08
-5.0354722e-08
-5.70450935e-08
-7.67230094e-08
-9.6823146e-08
-7.7828471e-08
-6.09919714e-08
-5.72734193e-08
-5.72898368e-08
-5.89218064e-08
-6.08730351e-08
-6.19024289e-08
-6.20098396e-08
-6.16257856e-08
-6.1174254e-08
-6.08665424e-08
-6.07429116e-08
-6.07529931e-08
-6.08840735e-08
-6.11271349e-08
-6.14440191e-08
-6.17156947e-08
-6.1684209e-08
-6.09005012e-08
-5.8680383e-08
-5.40718946e-08
-4.72244296e-08
-4.26631882e-08
-4.23350601e-08
-4.51107254e-08
-4.89588544e-08
-5.24808521e-08
-5.51388978e-08
-5.69213157e-08
-5.80104132e-08
-5.85983757e-08
-5.88201333e-08
-5.87006521e-08
-5.82088248e-08
-5.71919612e-08
-5.52765916e-08
-5.20836218e-08
-4.79663328e-08
-4.53071136e-08
-4.83538975e-08
-5.90320169e-08
-9.05330107e-08
-9.18319266e-08
-6.64007554e-08
-6.01966972e-08
-5.88267188e-08
-6.05022128e-08
-6.22894494e-08
-6.30517337e-08
-6.28897617e-08
-6.23870097e-08
-6.19419966e-08
-6.16874864e-08
-6.16016904e-08
-6.16940039e-08
-6.20028896e-08
-6.25133028e-08
-6.30631252e-08
-6.32212504e-08
-6.20734051e-08
-5.76484117e-08
-5.06802497e-08
-4.66446187e-08
-4.73034364e-08
-5.08993131e-08
-5.50748496e-08
-5.84883251e-08
-6.08097056e-08
-6.22012394e-08
-6.29306096e-08
-6.32124831e-08
-6.31376783e-08
-6.27199231e-08
-6.18909656e-08
-6.03986711e-08
-5.78016414e-08
-5.38575791e-08
-4.97572092e-08
-4.76085771e-08
-5.42332884e-08
-7.48495005e-08
-9.61677529e-08
-8.45000249e-08
-5.91084228e-08
-4.58898134e-08
-4.11697629e-08
-3.91687973e-08
-3.88797629e-08
-4.05286399e-08
-4.30777953e-08
-4.58164908e-08
-4.82342419e-08
-5.01131975e-08
-5.14500402e-08
-5.2351309e-08
-5.29510304e-08
-5.33657889e-08
-5.36837491e-08
-5.39773586e-08
-5.42872728e-08
-5.46168227e-08
-5.497357e-08
-5.53580046e-08
-5.57644419e-08
-5.61812309e-08
-5.65889892e-08
-5.69563856e-08
-5.72299174e-08
-5.73088955e-08
-5.69861557e-08
-5.5817762e-08
-5.28847756e-08
-4.65601563e-08
-3.49158907e-08
-1.79814809e-08
-1.60880861e-09
-3.40501114e-09
-2.25989773e-08
-3.56705116e-08
-4.12376585e-08
-4.3004602e-08
-4.31993507e-08
-4.26876391e-08
-4.18404552e-08
-4.09015026e-08
-4.00597696e-08
-3.94459901e-08
-3.91292156e-08
-3.91236133e-08
-3.93888688e-08
-3.99257219e-08
-4.06186209e-08
-4.12434418e-08
-4.14603015e-08
-4.08803966e-08
-3.92115272e-08
-3.64194404e-08
-3.29200275e-08
-2.94569898e-08
-2.75319978e-08
-2.90266706e-08
-3.55997531e-08
-6.6173969e-08
-8.03632244e-08
-5.03577704e-08
-4.43226317e-08
-4.86409924e-08
-5.10888977e-08
-5.1888332e-08
-5.19367158e-08
-5.12562902e-08
-4.93843787e-08
-4.62198912e-08
-4.28235572e-08
-4.22961128e-08
-4.77553188e-08
-5.71793327e-08
-6.36060019e-08
-6.51645919e-08
-6.46324621e-08
-6.3462663e-08
-6.23491461e-08
-6.15482119e-08
-6.1083492e-08
-6.08913152e-08
-6.09117143e-08
-6.11024371e-08
-6.16157182e-08
-6.2528355e-08
-6.37186815e-08
-6.45450795e-08
-6.37039565e-08
-6.02253145e-08
-5.46100346e-08
-5.04013949e-08
-5.35046125e-08
-6.47158657e-08
-7.9721591e-08
-8.13116014e-08
-6.22039854e-08
-5.17867598e-08
-5.1518965e-08
-5.5250993e-08
-5.87941994e-08
-6.07983626e-08
-6.14105105e-08
-6.14710658e-08
-6.14573069e-08
-6.1500464e-08
-6.16144696e-08
-6.17714412e-08
-6.19575176e-08
-6.20362945e-08
-6.15820878e-08
-5.96422612e-08
-5.48088027e-08
-4.68315665e-08
-4.06678902e-08
-4.62394397e-08
-5.89375925e-08
-6.36624348e-08
-6.4730701e-08
-6.42762341e-08
-6.33851587e-08
-6.25562415e-08
-6.19629606e-08
-6.16177302e-08
-6.14746487e-08
-6.14847322e-08
-6.16100242e-08
-6.19385794e-08
-6.24882041e-08
-6.31835708e-08
-6.37002534e-08
-6.33169351e-08
-6.10895584e-08
-5.67685714e-08
-5.18876108e-08
-4.89794175e-08
-5.25378513e-08
-7.2654051e-08
-9.26018967e-08
-6.76892185e-08
-5.12274494e-08
-5.11619782e-08
-5.49510168e-08
-5.86941546e-08
-6.08266687e-08
-6.14817195e-08
-6.15137911e-08
-6.1435376e-08
-6.14132739e-08
-6.1457929e-08
-6.15439437e-08
-6.16469026e-08
-6.17917919e-08
-6.19476975e-08
-6.19461979e-08
-6.12836752e-08
-5.88601015e-08
-5.30678495e-08
-4.37074202e-08
-3.76098804e-08
-5.00278609e-08
-5.87546348e-08
-6.22681192e-08
-6.28494022e-08
-6.23238423e-08
-6.16225365e-08
-6.10965325e-08
-6.08042222e-08
-6.06970499e-08
-6.06938896e-08
-6.08357109e-08
-6.11621671e-08
-6.16610174e-08
-6.20768841e-08
-6.16892143e-08
-5.952268e-08
-5.56676246e-08
-5.19524296e-08
-5.23477475e-08
-6.2932993e-08
-8.26595709e-08
-7.55976223e-08
-5.27613521e-08
-4.84901349e-08
-5.08128982e-08
-5.5510697e-08
-5.94378505e-08
-6.12797829e-08
-6.1665024e-08
-6.15214281e-08
-6.13453458e-08
-6.12802178e-08
-6.13439907e-08
-6.14908562e-08
-6.17390533e-08
-6.20456859e-08
-6.21889385e-08
-6.1555832e-08
-5.89329563e-08
-5.28557823e-08
-4.3903937e-08
-3.91015706e-08
-4.88542361e-08
-5.7862463e-08
-6.13824863e-08
-6.20904343e-08
-6.18153005e-08
-6.13555592e-08
-6.09673714e-08
-6.06917875e-08
-6.04997589e-08
-6.04206843e-08
-6.05413173e-08
-6.09126694e-08
-6.13794887e-08
-6.13161147e-08
-5.96998886e-08
-5.6558564e-08
-5.41863938e-08
-5.74084277e-08
-8.44746206e-08
-8.08518459e-08
-5.10389881e-08
-4.58441695e-08
-4.80681657e-08
-5.31140407e-08
-5.81339086e-08
-6.11683051e-08
-6.23694418e-08
-6.25765465e-08
-6.24654383e-08
-6.23620719e-08
-6.23810071e-08
-6.25516259e-08
-6.2861589e-08
-6.33587083e-08
-6.39953341e-08
-6.44565277e-08
-6.37928501e-08
-6.00805034e-08
-5.13461116e-08
-4.05313944e-08
-4.17339804e-08
-5.51801947e-08
-6.1091058e-08
-6.29888652e-08
-6.3312254e-08
-6.313478e-08
-6.28642864e-08
-6.26370391e-08
-6.24777372e-08
-6.23901645e-08
-6.24346718e-08
-6.25979964e-08
-6.25612971e-08
-6.14609586e-08
-5.84803304e-08
-5.49726776e-08
-5.42886079e-08
-6.15560094e-08
-8.74365529e-08
-7.74468208e-08
-5.55433042e-08
-4.99427642e-08
-5.09341729e-08
-5.57282925e-08
-6.02701206e-08
-6.22205734e-08
-6.20860623e-08
-6.12187669e-08
-6.04319419e-08
-5.99117979e-08
-5.96083876e-08
-5.94137673e-08
-5.93259888e-08
-5.94384862e-08
-5.98757087e-08
-6.0722019e-08
-6.18342715e-08
-6.25578536e-08
-6.13685944e-08
-5.55385457e-08
-4.19254702e-08
-4.14595411e-08
-5.06139577e-08
-5.81531338e-08
-6.18269626e-08
-6.30598137e-08
-6.32779783e-08
-6.32069023e-08
-6.31119259e-08
-6.30523249e-08
-6.30626407e-08
-6.31866033e-08
-6.34283174e-08
-6.35492556e-08
-6.27251545e-08
-5.98211557e-08
-5.50131894e-08
-5.09504664e-08
-5.53947959e-08
-7.74822775e-08
-8.74425442e-08
-6.46595089e-08
-5.17331614e-08
-5.09630047e-08
-5.59280393e-08
-6.02631299e-08
-6.22898483e-08
-6.22506344e-08
-6.13106214e-08
-6.03655618e-08
-5.97333934e-08
-5.94188866e-08
-5.93324798e-08
-5.93513193e-08
-5.95091557e-08
-5.98562037e-08
-6.04483522e-08
-6.1276279e-08
-6.21557502e-08
-6.26209379e-08
-6.19236875e-08
-5.92112697e-08
-5.25161821e-08
-4.51971776e-08
-4.40986908e-08
-4.87926478e-08
-5.47961674e-08
-5.91498362e-08
-6.14008889e-08
-6.2241197e-08
-6.24108341e-08
-6.23588915e-08
-6.22688905e-08
-6.22146364e-08
-6.22106223e-08
-6.21682128e-08
-6.16672392e-08
-5.98537753e-08
-5.61632101e-08
-5.2120727e-08
-5.01920074e-08
-5.44990662e-08
-7.88182151e-08
-8.73325559e-08
-6.32909176e-08
-5.21896555e-08
-5.18851557e-08
-5.51098028e-08
-5.90289605e-08
-6.15289835e-08
-6.21373972e-08
-6.16449305e-08
-6.08989956e-08
-6.03261623e-08
-6.0009859e-08
-5.98957791e-08
-5.99113333e-08
-6.00330159e-08
-6.0326866e-08
-6.08490235e-08
-6.16126144e-08
-6.25011019e-08
-6.3164522e-08
-6.29139388e-08
-6.06381048e-08
-5.47906227e-08
-4.44777333e-08
-4.15211525e-08
-4.65775391e-08
-5.34031708e-08
-5.81743376e-08
-6.05141846e-08
-6.1325486e-08
-6.1444775e-08
-6.13380672e-08
-6.11981096e-08
-6.10597866e-08
-6.0964853e-08
-6.0902149e-08
-6.07789768e-08
-6.02604862e-08
-5.86989812e-08
-5.56093219e-08
-5.21034073e-08
-5.06687298e-08
-5.59003029e-08
-8.03284373e-08
-8.66614633e-08
-6.23444479e-08
-5.38274049e-08
-5.00042579e-08
-5.29622744e-08
-5.78886551e-08
-6.20370211e-08
-6.40260842e-08
-6.41995695e-08
-6.35799086e-08
-6.28954558e-08
-6.2428389e-08
-6.22112054e-08
-6.22009013e-08
-6.23246868e-08
-6.2655214e-08
-6.32508619e-08
-6.41316895e-08
-6.516598e-08
-6.58870887e-08
-6.52031225e-08
-6.10545684e-08
-5.10083378e-08
-3.89827026e-08
-4.50891112e-08
-5.36580783e-08
-5.88151279e-08
-6.09987792e-08
-6.16796939e-08
-6.17884283e-08
-6.1729531e-08
-6.16378085e-08
-6.15295711e-08
-6.14309249e-08
-6.13731579e-08
-6.13308824e-08
-6.10397784e-08
-5.98078857e-08
-5.70886934e-08
-5.38890277e-08
-5.34184968e-08
-6.28379782e-08
-8.76316007e-08
-8.15445315e-08
-5.55050337e-08
-5.01826773e-08
-5.13995264e-08
-5.62677288e-08
-6.09276348e-08
-6.33761791e-08
-6.36453352e-08
-6.28964752e-08
-6.20413289e-08
-6.14399484e-08
-6.11318598e-08
-6.10588604e-08
-6.11381171e-08
-6.14504566e-08
-6.20740172e-08
-6.30585821e-08
-6.42769521e-08
-6.51658491e-08
-6.43105495e-08
-5.89879931e-08
-4.66213801e-08
-4.16434126e-08
-5.00888247e-08
-5.76230207e-08
-6.15625021e-08
-6.30785412e-08
-6.34495051e-08
-6.33917908e-08
-6.32258e-08
-6.3080223e-08
-6.29977805e-08
-6.3061974e-08
-6.33183675e-08
-6.36600225e-08
-6.3450157e-08
-6.13520857e-08
-5.68871883e-08
-5.19574496e-08
-5.29376749e-08
-7.09424357e-08
-9.11316671e-08
-7.29796237e-08
-5.55889363e-08
-5.14104897e-08
-5.47141669e-08
-5.84324623e-08
-6.01971034e-08
-6.01050419e-08
-5.93224142e-08
-5.86588555e-08
-5.83013874e-08
-5.81723268e-08
-5.81632423e-08
-5.81776716e-08
-5.82729502e-08
-5.85198903e-08
-5.90100451e-08
-5.979557e-08
-6.07958233e-08
-6.17063998e-08
-6.1990795e-08
-6.09333187e-08
-5.63238035e-08
-4.74345561e-08
-4.34110025e-08
-4.69408013e-08
-5.3474323e-08
-5.8726605e-08
-6.15245566e-08
-6.25198882e-08
-6.26342409e-08
-6.24677616e-08
-6.22838267e-08
-6.21802757e-08
-6.21704615e-08
-6.21655684e-08
-6.17702643e-08
-6.00985483e-08
-5.63516824e-08
-5.16606279e-08
-4.88811553e-08
-5.10827849e-08
-7.04718286e-08
-9.06727167e-08
-6.70478909e-08
-5.5423194e-08
-5.57964418e-08
-5.81310792e-08
-6.02531786e-08
-6.09439579e-08
-6.04908266e-08
-5.97682809e-08
-5.92682795e-08
-5.90586789e-08
-5.90232735e-08
-5.90486098e-08
-5.90658486e-08
-5.91262202e-08
-5.92976571e-08
-5.96515833e-08
-6.01612399e-08
-6.05332096e-08
-6.00144852e-08
-5.73022025e-08
-5.06686746e-08
-4.28050877e-08
-4.06183825e-08
-4.44234713e-08
-5.04144408e-08
-5.55430115e-08
-5.88241185e-08
-6.05195948e-08
-6.12188427e-08
-6.14040482e-08
-6.13636213e-08
-6.12372932e-08
-6.10317963e-08
-6.0729772e-08
-6.0244894e-08
-5.92831306e-08
-5.71218969e-08
-5.29296303e-08
-4.77312337e-08
-4.59041082e-08
-5.27954824e-08
-8.45253013e-08
-8.38217655e-08
-6.04013581e-08
-5.76705656e-08
-5.93454618e-08
-6.15520185e-08
-6.21815243e-08
-6.17062549e-08
-6.10864687e-08
-6.07211236e-08
-6.05421446e-08
-6.03945843e-08
-6.01919125e-08
-6.00416645e-08
-6.01248365e-08
-6.06207825e-08
-6.14780243e-08
-6.20769414e-08
-6.08783365e-08
-5.41860801e-08
-4.67108533e-08
-4.58046192e-08
-5.08119193e-08
-5.7184111e-08
-6.1910833e-08
-6.44660189e-08
-6.55055374e-08
-6.577189e-08
-6.57257464e-08
-6.55766977e-08
-6.53608793e-08
-6.50655745e-08
-6.46447022e-08
-6.39486278e-08
-6.25213885e-08
-5.94468007e-08
-5.44477098e-08
-4.90632723e-08
-4.93058919e-08
-6.59214592e-08
-9.09509967e-08
-7.55995686e-08
-4.78769846e-08
-3.96548772e-08
-3.86462919e-08
-4.00127586e-08
-4.30051815e-08
-4.639356e-08
-4.92068133e-08
-5.11159777e-08
-5.21818645e-08
-5.26652384e-08
-5.28302818e-08
-5.28664576e-08
-5.28823264e-08
-5.29291463e-08
-5.30255661e-08
-5.31664174e-08
-5.33386826e-08
-5.35595427e-08
-5.38424487e-08
-5.4201633e-08
-5.46482154e-08
-5.5186259e-08
-5.58083102e-08
-5.64913805e-08
-5.71930602e-08
-5.78447948e-08
-5.83315997e-08
-5.84288047e-08
-5.76102845e-08
-5.4565016e-08
-4.65540403e-08
-3.03680823e-08
-7.58573898e-09
-1.89120702e-08
-3.57033159e-08
-4.04370204e-08
-4.19783627e-08
-4.23905395e-08
-4.18242132e-08
-4.05020819e-08
-3.88415685e-08
-3.72479878e-08
-3.5991267e-08
-3.51881248e-08
-3.48455695e-08
-3.49216621e-08
-3.5365087e-08
-3.61409101e-08
-3.71992799e-08
-3.84289108e-08
-3.96286847e-08
-4.04818333e-08
-4.05777562e-08
-3.95011356e-08
-3.7026037e-08
-3.33527899e-08
-2.94001298e-08
-2.75082288e-08
-2.87450308e-08
-5.1377121e-08
-7.72775564e-08
-5.56842339e-08
-4.45986717e-08
-4.87512459e-08
-5.09095793e-08
-5.16218902e-08
-5.19156412e-08
-5.16250353e-08
-5.02517294e-08
-4.72555327e-08
-4.30817997e-08
-4.1153261e-08
-4.60956365e-08
-5.62603581e-08
-6.31748822e-08
-6.39592934e-08
-6.26635413e-08
-6.10686873e-08
-5.99568407e-08
-5.94252722e-08
-5.92761949e-08
-5.92954651e-08
-5.93583447e-08
-5.94227475e-08
-5.95510395e-08
-5.9924286e-08
-6.08009006e-08
-6.22567474e-08
-6.35493162e-08
-6.288183e-08
-5.87599827e-08
-5.23525189e-08
-4.96075904e-08
-5.64416157e-08
-7.28487907e-08
-7.85578036e-08
-5.82993271e-08
-5.04744903e-08
-5.31509706e-08
-5.74547034e-08
-6.00510989e-08
-6.0766749e-08
-6.06974474e-08
-6.05841186e-08
-6.05254723e-08
-6.04930528e-08
-6.05049499e-08
-6.05974445e-08
-6.08091985e-08
-6.11346781e-08
-6.13476536e-08
-6.05962928e-08
-5.69711071e-08
-4.86943131e-08
-4.01116467e-08
-4.48484675e-08
-5.8384864e-08
-6.29561745e-08
-6.32724561e-08
-6.2070867e-08
-6.07851224e-08
-5.99392044e-08
-5.9548161e-08
-5.94483368e-08
-5.9483196e-08
-5.95626752e-08
-5.96527417e-08
-5.97935075e-08
-6.00671699e-08
-6.05978069e-08
-6.14640644e-08
-6.24214668e-08
-6.2481744e-08
-6.0119878e-08
-5.50986492e-08
-4.96561148e-08
-4.88678206e-08
-6.52368578e-08
-8.82932795e-08
-6.40833346e-08
-5.02180127e-08
-5.28886598e-08
-5.74601627e-08
-6.0252815e-08
-6.09548831e-08
-6.08125842e-08
-6.06703284e-08
-6.06513328e-08
-6.06750772e-08
-6.06893498e-08
-6.06965441e-08
-6.07267393e-08
-6.08251181e-08
-6.1043336e-08
-6.13476792e-08
-6.13531129e-08
-5.98254116e-08
-5.44050103e-08
-4.3859611e-08
-3.70550044e-08
-5.09893099e-08
-5.98013228e-08
-6.22252768e-08
-6.17080104e-08
-6.05296635e-08
-5.96598033e-08
-5.92747118e-08
-5.92202662e-08
-5.93027358e-08
-5.94016265e-08
-5.94834142e-08
-5.95956207e-08
-5.98720116e-08
-6.04582956e-08
-6.11603873e-08
-6.09014241e-08
-5.82774105e-08
-5.36757461e-08
-5.05844252e-08
-5.68869862e-08
-7.72798964e-08
-7.1385627e-08
-4.94989696e-08
-4.88161632e-08
-5.34172199e-08
-5.82864333e-08
-6.06228944e-08
-6.08208707e-08
-6.03859697e-08
-6.00511056e-08
-5.98907741e-08
-5.9828636e-08
-5.9824451e-08
-5.98714354e-08
-6.00476793e-08
-6.04520607e-08
-6.10994265e-08
-6.16065591e-08
-6.06688062e-08
-5.58437628e-08
-4.58014101e-08
-3.78026521e-08
-4.74757257e-08
-5.79030079e-08
-6.10525303e-08
-6.11989399e-08
-6.06604655e-08
-6.02160918e-08
-5.99642384e-08
-5.9817418e-08
-5.96917345e-08
-5.95425574e-08
-5.94107711e-08
-5.94436173e-08
-5.98481136e-08
-6.05354205e-08
-6.042659e-08
-5.80661752e-08
-5.43984698e-08
-5.4744299e-08
-7.97285564e-08
-7.5127676e-08
-4.71595623e-08
-4.59578961e-08
-5.10722469e-08
-5.69513647e-08
-6.05280005e-08
-6.14678822e-08
-6.11752501e-08
-6.06804709e-08
-6.03263057e-08
-6.01386698e-08
-6.0079977e-08
-6.01144405e-08
-6.0266842e-08
-6.06533466e-08
-6.14272701e-08
-6.25890926e-08
-6.34297363e-08
-6.16285723e-08
-5.34856553e-08
-4.04788947e-08
-4.10888797e-08
-5.5632661e-08
-6.10159058e-08
-6.23152172e-08
-6.22680348e-08
-6.19090415e-08
-6.15698949e-08
-6.13377445e-08
-6.12174224e-08
-6.1180993e-08
-6.11976357e-08
-6.13124976e-08
-6.16015387e-08
-6.16512977e-08
-6.00659412e-08
-5.64481672e-08
-5.368509e-08
-5.8736316e-08
-8.37032043e-08
-6.96632199e-08
-5.03992434e-08
-4.92706207e-08
-5.3583956e-08
-5.89971057e-08
-6.15829557e-08
-6.1309027e-08
-6.01696146e-08
-5.93637735e-08
-5.89989624e-08
-5.88411674e-08
-5.87007128e-08
-5.84757751e-08
-5.81669737e-08
-5.7871978e-08
-5.78311409e-08
-5.83876531e-08
-5.97267656e-08
-6.13610294e-08
-6.15713809e-08
-5.6992036e-08
-4.20912134e-08
-4.09781575e-08
-5.19182275e-08
-5.96269774e-08
-6.23439081e-08
-6.26684153e-08
-6.23801652e-08
-6.21077691e-08
-6.19547251e-08
-6.18906297e-08
-6.18876171e-08
-6.19486233e-08
-6.21438584e-08
-6.25667262e-08
-6.28886863e-08
-6.1667345e-08
-5.75124484e-08
-5.18295275e-08
-5.25489726e-08
-7.39101392e-08
-8.22176523e-08
-5.76053493e-08
-4.94073066e-08
-5.32384304e-08
-5.88405494e-08
-6.1305155e-08
-6.1031612e-08
-5.97769938e-08
-5.88150768e-08
-5.83859359e-08
-5.82933544e-08
-5.83192641e-08
-5.83365607e-08
-5.83101291e-08
-5.82720045e-08
-5.83204234e-08
-5.86326864e-08
-5.93911628e-08
-6.05488732e-08
-6.14628153e-08
-6.07287491e-08
-5.69511363e-08
-4.84107116e-08
-4.2271221e-08
-4.53557733e-08
-5.29295636e-08
-5.88377247e-08
-6.14522237e-08
-6.19319874e-08
-6.16438246e-08
-6.13024643e-08
-6.11163681e-08
-6.1077409e-08
-6.11523636e-08
-6.12926158e-08
-6.14860886e-08
-6.16454786e-08
-6.11550367e-08
-5.87263682e-08
-5.43497209e-08
-5.02649437e-08
-5.21028788e-08
-7.6589296e-08
-7.99485895e-08
-5.5881055e-08
-5.01202887e-08
-5.33714052e-08
-5.78715193e-08
-6.07153014e-08
-6.11181607e-08
-6.02917015e-08
-5.94596836e-08
-5.90245176e-08
-5.88871641e-08
-5.88563841e-08
-5.8815527e-08
-5.8726031e-08
-5.86234119e-08
-5.86004671e-08
-5.88196552e-08
-5.94625387e-08
-6.05721647e-08
-6.17924038e-08
-6.21154689e-08
-5.98070884e-08
-5.25966363e-08
-4.1583534e-08
-4.16567362e-08
-4.96908538e-08
-5.67213167e-08
-6.00151422e-08
-6.08087708e-08
-6.06555205e-08
-6.03622155e-08
-6.01731176e-08
-6.00942228e-08
-6.00687846e-08
-6.00653725e-08
-6.00605659e-08
-6.00686851e-08
-6.00495638e-08
-5.95815668e-08
-5.76787541e-08
-5.40994905e-08
-5.08157689e-08
-5.31424909e-08
-7.65474717e-08
-8.0392223e-08
-5.5537391e-08
-4.98768673e-08
-5.09467726e-08
-5.65551864e-08
-6.13147766e-08
-6.32927237e-08
-6.29691955e-08
-6.19191679e-08
-6.10929459e-08
-6.06571265e-08
-6.04709347e-08
-6.03874107e-08
-6.03280208e-08
-6.02924096e-08
-6.03616168e-08
-6.06963411e-08
-6.15011253e-08
-6.28640953e-08
-6.44416044e-08
-6.50168274e-08
-6.19604532e-08
-5.11184612e-08
-3.83355883e-08
-4.58223992e-08
-5.50269455e-08
-5.95312138e-08
-6.08917268e-08
-6.10674897e-08
-6.09722418e-08
-6.0876825e-08
-6.08180395e-08
-6.07820858e-08
-6.07428952e-08
-6.06822891e-08
-6.06413009e-08
-6.0657921e-08
-6.03558319e-08
-5.86921772e-08
-5.532039e-08
-5.28297173e-08
-5.94401655e-08
-8.38858804e-08
-7.41646033e-08
-5.04688892e-08
-4.93463384e-08
-5.38823779e-08
-5.94644202e-08
-6.23918876e-08
-6.24465395e-08
-6.13209139e-08
-6.03338746e-08
-5.97996615e-08
-5.95800145e-08
-5.94926937e-08
-5.94249475e-08
-5.93534941e-08
-5.93519661e-08
-5.95923159e-08
-6.03295277e-08
-6.17290565e-08
-6.34558422e-08
-6.40541875e-08
-6.02305304e-08
-4.67545661e-08
-4.07395264e-08
-5.04221895e-08
-5.83033678e-08
-6.17197695e-08
-6.25823253e-08
-6.24915556e-08
-6.21773807e-08
-6.18848841e-08
-6.16763983e-08
-6.15646144e-08
-6.1563235e-08
-6.17187051e-08
-6.21487116e-08
-6.27732649e-08
-6.24277547e-08
-5.92338211e-08
-5.35266568e-08
-5.1305601e-08
-6.75535034e-08
-8.69005193e-08
-6.49747095e-08
-5.15609559e-08
-5.24197202e-08
-5.71056771e-08
-5.95741855e-08
-5.95111964e-08
-5.86037729e-08
-5.80739247e-08
-5.8016723e-08
-5.81431632e-08
-5.82327173e-08
-5.82012521e-08
-5.80636571e-08
-5.78515377e-08
-5.76590278e-08
-5.76698887e-08
-5.81231374e-08
-5.91254799e-08
-6.0318736e-08
-6.07039423e-08
-5.91883729e-08
-5.29039394e-08
-4.38302246e-08
-4.34368049e-08
-5.06135626e-08
-5.77891666e-08
-6.14089726e-08
-6.21790117e-08
-6.17697101e-08
-6.12033902e-08
-6.08276903e-08
-6.06680098e-08
-6.06969455e-08
-6.08702047e-08
-6.11623895e-08
-6.14935605e-08
-6.12897223e-08
-5.91460607e-08
-5.45206726e-08
-4.96993609e-08
-4.88629076e-08
-6.79021565e-08
-8.50881177e-08
-5.96660433e-08
-5.35503856e-08
-5.64611516e-08
-5.91957011e-08
-6.0151566e-08
-5.95700688e-08
-5.87853769e-08
-5.84707273e-08
-5.85503767e-08
-5.8748888e-08
-5.88835962e-08
-5.88918798e-08
-5.87858514e-08
-5.85893078e-08
-5.8401554e-08
-5.841408e-08
-5.88074658e-08
-5.93937866e-08
-5.90790145e-08
-5.56209451e-08
-4.68657561e-08
-3.93546891e-08
-4.14178022e-08
-4.91779142e-08
-5.62430454e-08
-6.01669901e-08
-6.14997384e-08
-6.15080713e-08
-6.10941724e-08
-6.06777741e-08
-6.0388865e-08
-6.02376783e-08
-6.02266903e-08
-6.02945332e-08
-6.03475097e-08
-6.0221494e-08
-5.93182728e-08
-5.62405733e-08
-5.06381873e-08
-4.60959849e-08
-5.02974162e-08
-8.11917344e-08
-7.67878086e-08
-5.71326512e-08
-5.74652056e-08
-6.02419667e-08
-6.15604649e-08
-6.12005045e-08
-6.06983466e-08
-6.06640357e-08
-6.08560054e-08
-6.09390017e-08
-6.07588903e-08
-6.0317352e-08
-5.97035683e-08
-5.91974858e-08
-5.92627595e-08
-6.01532618e-08
-6.10289547e-08
-5.92789824e-08
-5.02344863e-08
-4.39857106e-08
-4.79782637e-08
-5.65736795e-08
-6.30258748e-08
-6.56709733e-08
-6.59177074e-08
-6.53585447e-08
-6.48015204e-08
-6.44611204e-08
-6.43077238e-08
-6.42899583e-08
-6.43401919e-08
-6.43783325e-08
-6.43268882e-08
-6.39509159e-08
-6.23138911e-08
-5.81119612e-08
-5.17037385e-08
-4.83346815e-08
-6.14321048e-08
-8.70479312e-08
-6.81268802e-08
-4.1786369e-08
-3.81435822e-08
-4.0154063e-08
-4.37780785e-08
-4.7625718e-08
-5.0409815e-08
-5.18881675e-08
-5.24229762e-08
-5.2475659e-08
-5.23696022e-08
-5.22534038e-08
-5.21675474e-08
-5.21088819e-08
-5.2067553e-08
-5.20388774e-08
-5.20159806e-08
-5.20026256e-08
-5.20051902e-08
-5.20387763e-08
-5.21299372e-08
-5.23173978e-08
-5.26474291e-08
-5.31624583e-08
-5.38839836e-08
-5.47938659e-08
-5.58178702e-08
-5.68118195e-08
-5.75463084e-08
-5.76663581e-08
-5.64818355e-08
-5.20622968e-08
-3.94077981e-08
-1.40049608e-08
-3.31247643e-08
-3.67540877e-08
-4.01686327e-08
-4.22173543e-08
-4.21674525e-08
-4.05013815e-08
-3.80786001e-08
-3.56600493e-08
-3.37357007e-08
-3.24841385e-08
-3.18532074e-08
-3.17008281e-08
-3.19055979e-08
-3.2397212e-08
-3.31561139e-08
-3.41884891e-08
-3.5462219e-08
-3.68822653e-08
-3.82669965e-08
-3.93299576e-08
-3.96634167e-08
-3.8768037e-08
-3.62479888e-08
-3.22175811e-08
-2.85079899e-08
-2.61970005e-08
-3.9082709e-08
-7.05799411e-08
-6.14478649e-08
-4.57248725e-08
-4.82268462e-08
-5.02262165e-08
-5.08971768e-08
-5.13050283e-08
-5.13025848e-08
-5.05334337e-08
-4.81843141e-08
-4.37518164e-08
-4.02526782e-08
-4.38708482e-08
-5.44721801e-08
-6.21911642e-08
-6.2792349e-08
-6.10524835e-08
-5.9364511e-08
-5.86345754e-08
-5.86578138e-08
-5.89404427e-08
-5.91884041e-08
-5.93139625e-08
-5.93194579e-08
-5.92015509e-08
-5.90649367e-08
-5.9188639e-08
-6.00086078e-08
-6.16435977e-08
-6.28585686e-08
-6.11524098e-08
-5.5292268e-08
-4.93226473e-08
-5.12885549e-08
-6.62477933e-08
-7.68210798e-08
-5.69899271e-08
-5.03184779e-08
-5.42888986e-08
-5.83121817e-08
-5.99465363e-08
-6.00309842e-08
-5.98718811e-08
-5.98021044e-08
-5.97313623e-08
-5.96576716e-08
-5.96133584e-08
-5.96183396e-08
-5.97238709e-08
-6.00061751e-08
-6.044401e-08
-6.04909975e-08
-5.82268105e-08
-5.05172776e-08
-3.98033156e-08
-4.30045634e-08
-5.73243543e-08
-6.20904624e-08
-6.18401002e-08
-6.01523026e-08
-5.88903304e-08
-5.84833105e-08
-5.8613262e-08
-5.88931784e-08
-5.91190927e-08
-5.92397536e-08
-5.92702057e-08
-5.92241169e-08
-5.91625436e-08
-5.92139794e-08
-5.96003214e-08
-6.05234104e-08
-6.16249992e-08
-6.12390213e-08
-5.7521138e-08
-5.12802749e-08
-4.75329187e-08
-5.9898974e-08
-8.47265043e-08
-6.24727405e-08
-5.02516095e-08
-5.42332433e-08
-5.85878026e-08
-6.02587068e-08
-6.01921878e-08
-5.99582628e-08
-5.99525338e-08
-6.00071719e-08
-6.00214499e-08
-5.99958734e-08
-5.99559261e-08
-5.99225447e-08
-5.99311741e-08
-6.00684774e-08
-6.04353957e-08
-6.08563242e-08
-6.01279989e-08
-5.52664354e-08
-4.38043993e-08
-3.6481775e-08
-5.13865427e-08
-6.02022085e-08
-6.16713347e-08
-6.03476615e-08
-5.88930713e-08
-5.82539204e-08
-5.82956651e-08
-5.85903929e-08
-5.88541086e-08
-5.89983619e-08
-5.9018662e-08
-5.89476135e-08
-5.88819318e-08
-5.90545501e-08
-5.9728803e-08
-6.04669848e-08
-5.94630356e-08
-5.54234115e-08
-5.05984202e-08
-5.3168893e-08
-7.24283354e-08
-6.9080236e-08
-4.81578589e-08
-4.96400489e-08
-5.5155148e-08
-5.92076693e-08
-6.01218924e-08
-5.96166499e-08
-5.92131399e-08
-5.91161604e-08
-5.91263162e-08
-5.91200926e-08
-5.90636088e-08
-5.89714462e-08
-5.89085421e-08
-5.90428257e-08
-5.9621338e-08
-6.06346159e-08
-6.10104123e-08
-5.7822243e-08
-4.77740921e-08
-3.67776267e-08
-4.59193966e-08
-5.75443437e-08
-6.05049065e-08
-6.03272717e-08
-5.97894616e-08
-5.95570649e-08
-5.95300412e-08
-5.95460972e-08
-5.95224329e-08
-5.94050203e-08
-5.91577844e-08
-5.88599522e-08
-5.87913382e-08
-5.93226447e-08
-5.99911265e-08
-5.87826973e-08
-5.49697553e-08
-5.33906469e-08
-7.60834746e-08
-7.12396242e-08
-4.54402764e-08
-4.70021301e-08
-5.35208686e-08
-5.87944145e-08
-6.06316867e-08
-6.02977006e-08
-5.9634062e-08
-5.92569845e-08
-5.91247619e-08
-5.90998388e-08
-5.90853866e-08
-5.90257076e-08
-5.89317675e-08
-5.89095222e-08
-5.92481515e-08
-6.03461891e-08
-6.20390744e-08
-6.20586948e-08
-5.52111764e-08
-4.05086566e-08
-4.01636305e-08
-5.51911389e-08
-6.04739343e-08
-6.14488569e-08
-6.12485701e-08
-6.08469015e-08
-6.05086167e-08
-6.03060669e-08
-6.02311967e-08
-6.02469077e-08
-6.02946131e-08
-6.03247179e-08
-6.04703433e-08
-6.08309322e-08
-6.03073416e-08
-5.73572317e-08
-5.37053526e-08
-5.74362032e-08
-8.08340392e-08
-6.35688541e-08
-4.78833433e-08
-5.01249742e-08
-5.58890335e-08
-6.03066819e-08
-6.09595615e-08
-5.97623129e-08
-5.88678558e-08
-5.86735956e-08
-5.88021172e-08
-5.89372925e-08
-5.89313787e-08
-5.8739934e-08
-5.83212263e-08
-5.76765737e-08
-5.70187194e-08
-5.69042831e-08
-5.79725809e-08
-6.00151895e-08
-6.10898986e-08
-5.72413372e-08
-4.18589837e-08
-4.06089881e-08
-5.31567175e-08
-6.04802519e-08
-6.20572892e-08
-6.16723168e-08
-6.11808573e-08
-6.09382025e-08
-6.0855631e-08
-6.0830561e-08
-6.08289748e-08
-6.08614472e-08
-6.096854e-08
-6.13024464e-08
-6.1960286e-08
-6.18690307e-08
-5.87783043e-08
-5.27393338e-08
-5.16063017e-08
-7.25110835e-08
-7.70734202e-08
-5.30644828e-08
-4.94904815e-08
-5.5472844e-08
-5.99660367e-08
-6.04307999e-08
-5.91289406e-08
-5.8126517e-08
-5.79104984e-08
-5.81225717e-08
-5.8409414e-08
-5.85973418e-08
-5.8636508e-08
-5.85454968e-08
-5.83120004e-08
-5.79846718e-08
-5.77745964e-08
-5.80968811e-08
-5.92272677e-08
-6.04574196e-08
-5.95123241e-08
-5.43062661e-08
-4.42715484e-08
-4.09643096e-08
-4.84396445e-08
-5.69353158e-08
-6.09355355e-08
-6.1417702e-08
-6.07485326e-08
-6.01792183e-08
-5.99590319e-08
-5.99752375e-08
-6.00928826e-08
-6.02545091e-08
-6.04343879e-08
-6.06346413e-08
-6.09095445e-08
-6.10293415e-08
-5.9700577e-08
-5.58130966e-08
-5.07282472e-08
-5.15690086e-08
-7.59593512e-08
-7.27207766e-08
-5.1460329e-08
-5.02714607e-08
-5.53368421e-08
-5.93437718e-08
-6.04175523e-08
-5.96020627e-08
-5.87499546e-08
-5.85068971e-08
-5.86560083e-08
-5.88767259e-08
-5.90033541e-08
-5.89870875e-08
-5.88288985e-08
-5.8531118e-08
-5.8136485e-08
-5.78296687e-08
-5.79784848e-08
-5.89358021e-08
-6.04779474e-08
-6.12422978e-08
-5.86927919e-08
-5.00284336e-08
-3.90323324e-08
-4.2886508e-08
-5.27439192e-08
-5.85870101e-08
-6.01223743e-08
-5.98963151e-08
-5.94718648e-08
-5.92839916e-08
-5.92935677e-08
-5.93850637e-08
-5.94800475e-08
-5.95319326e-08
-5.95106387e-08
-5.94249e-08
-5.93605458e-08
-5.92576501e-08
-5.82792902e-08
-5.53450107e-08
-5.14085475e-08
-5.21322522e-08
-7.4636163e-08
-7.44930594e-08
-5.09937701e-08
-4.88721958e-08
-5.31345924e-08
-5.92226805e-08
-6.23124347e-08
-6.22252078e-08
-6.09640219e-08
-6.00713164e-08
-5.97751799e-08
-5.97907414e-08
-5.98723494e-08
-5.99036153e-08
-5.98424605e-08
-5.96753641e-08
-5.94237074e-08
-5.92571152e-08
-5.95565179e-08
-6.07516362e-08
-6.27607916e-08
-6.42505146e-08
-6.21330371e-08
-5.07557697e-08
-3.7540699e-08
-4.6432358e-08
-5.58728193e-08
-5.95968217e-08
-6.03116045e-08
-6.02182544e-08
-6.00743816e-08
-5.99973701e-08
-5.99667673e-08
-5.99646462e-08
-5.99780961e-08
-5.99738641e-08
-5.99248668e-08
-5.99133404e-08
-5.99250208e-08
-5.90960196e-08
-5.62256027e-08
-5.2908374e-08
-5.78508375e-08
-8.11475754e-08
-6.82240461e-08
-4.78502355e-08
-5.00540502e-08
-5.61108249e-08
-6.07985707e-08
-6.17330372e-08
-6.05959351e-08
-5.95286342e-08
-5.91458512e-08
-5.91897339e-08
-5.93463178e-08
-5.94384457e-08
-5.93980417e-08
-5.92148209e-08
-5.88915739e-08
-5.85650391e-08
-5.86243286e-08
-5.96211722e-08
-6.16176888e-08
-6.31293726e-08
-6.04523377e-08
-4.6538384e-08
-3.9834613e-08
-5.07180316e-08
-5.8782852e-08
-6.15839624e-08
-6.1838124e-08
-6.14329004e-08
-6.10258984e-08
-6.07360943e-08
-6.05509709e-08
-6.04466746e-08
-6.04282153e-08
-6.05057127e-08
-6.07773469e-08
-6.14647745e-08
-6.20064414e-08
-6.01176548e-08
-5.46312447e-08
-5.0930831e-08
-6.6447414e-08
-8.28233934e-08
-5.91663132e-08
-5.02746134e-08
-5.40096846e-08
-5.83512777e-08
-5.92950329e-08
-5.84401004e-08
-5.78820681e-08
-5.80531575e-08
-5.84833941e-08
-5.88183757e-08
-5.89555059e-08
-5.89118109e-08
-5.87271326e-08
-5.83697039e-08
-5.7843602e-08
-5.7301123e-08
-5.71589659e-08
-5.78894867e-08
-5.92388527e-08
-5.95600462e-08
-5.71165578e-08
-4.89471185e-08
-4.10560045e-08
-4.54279035e-08
-5.48876634e-08
-6.06116802e-08
-6.17478639e-08
-6.0931985e-08
-6.00216992e-08
-5.95332938e-08
-5.93863885e-08
-5.94149681e-08
-5.95404037e-08
-5.97448186e-08
-6.00432713e-08
-6.04999196e-08
-6.09474102e-08
-6.00895164e-08
-5.62893944e-08
-5.06691384e-08
-4.83008879e-08
-6.795458e-08
-7.93079867e-08
-5.49153555e-08
-5.34014354e-08
-5.7349613e-08
-5.93378832e-08
-5.91037058e-08
-5.82209812e-08
-5.79547229e-08
-5.82586915e-08
-5.86892262e-08
-5.89941656e-08
-5.91314515e-08
-5.91350393e-08
-5.90100129e-08
-5.86968964e-08
-5.81977008e-08
-5.77345789e-08
-5.77691893e-08
-5.83911932e-08
-5.81533248e-08
-5.36045856e-08
-4.2944101e-08
-3.74840151e-08
-4.45124915e-08
-5.43008315e-08
-5.99255253e-08
-6.13372047e-08
-6.07752408e-08
-5.98668769e-08
-5.92136995e-08
-5.88639644e-08
-5.87193769e-08
-5.86930682e-08
-5.87981873e-08
-5.9025822e-08
-5.93395942e-08
-5.96732292e-08
-5.96313638e-08
-5.76749695e-08
-5.25077839e-08
-4.67511105e-08
-4.9846482e-08
-7.94530132e-08
-7.07086039e-08
-5.54820149e-08
-5.78974898e-08
-6.05625118e-08
-6.0919683e-08
-6.04098247e-08
-6.04959918e-08
-6.10142317e-08
-6.14518877e-08
-6.16043061e-08
-6.14409076e-08
-6.09431848e-08
-6.00339756e-08
-5.89239123e-08
-5.83622978e-08
-5.91328438e-08
-6.01724081e-08
-5.72226373e-08
-4.61693535e-08
-4.32258382e-08
-5.245404e-08
-6.20474429e-08
-6.58498622e-08
-6.54825054e-08
-6.40153523e-08
-6.29472863e-08
-6.24699054e-08
-6.23568992e-08
-6.24050812e-08
-6.25537555e-08
-6.27787157e-08
-6.30459293e-08
-6.33245748e-08
-6.35552679e-08
-6.30379668e-08
-5.99888445e-08
-5.36618282e-08
-4.86493211e-08
-5.95134275e-08
-8.42043955e-08
-6.17523988e-08
-3.87964297e-08
-3.88313136e-08
-4.27959683e-08
-4.71368587e-08
-5.03119949e-08
-5.17835345e-08
-5.21116776e-08
-5.19853481e-08
-5.17984144e-08
-5.16752864e-08
-5.1615197e-08
-5.15918262e-08
-5.15863205e-08
-5.15879614e-08
-5.15880761e-08
-5.15792018e-08
-5.15535778e-08
-5.14989374e-08
-5.14064523e-08
-5.12822265e-08
-5.11615993e-08
-5.11192762e-08
-5.12645329e-08
-5.17123891e-08
-5.25338818e-08
-5.36999134e-08
-5.50374898e-08
-5.62086909e-08
-5.67302033e-08
-5.6015961e-08
-5.31770921e-08
-4.40574305e-08
-1.86983319e-08
-2.9986826e-08
-3.69953509e-08
-4.12710295e-08
-4.26898324e-08
-4.14053037e-08
-3.86270608e-08
-3.54864391e-08
-3.28331883e-08
-3.1092241e-08
-3.02190229e-08
-2.99260188e-08
-2.9951787e-08
-3.01745727e-08
-3.05822447e-08
-3.11946385e-08
-3.20333005e-08
-3.31092768e-08
-3.43938789e-08
-3.57980844e-08
-3.71625547e-08
-3.82256259e-08
-3.85411905e-08
-3.74571166e-08
-3.4408694e-08
-3.03129614e-08
-2.62024157e-08
-3.06859903e-08
-6.14824386e-08
-6.47758463e-08
-4.89320497e-08
-4.73156654e-08
-4.93751831e-08
-5.00159764e-08
-5.04787951e-08
-5.0596381e-08
-5.03080218e-08
-4.88683684e-08
-4.47955043e-08
-3.98500783e-08
-4.13315093e-08
-5.18661959e-08
-6.08063887e-08
-6.18367131e-08
-5.98856536e-08
-5.82576227e-08
-5.80030566e-08
-5.85236732e-08
-5.90230289e-08
-5.92820538e-08
-5.93852425e-08
-5.94058705e-08
-5.93013665e-08
-5.90180859e-08
-5.86883977e-08
-5.87562412e-08
-5.98281417e-08
-6.16126924e-08
-6.17755362e-08
-5.74981169e-08
-5.04342542e-08
-4.85085299e-08
-6.03783364e-08
-7.5074684e-08
-5.7321217e-08
-5.02971337e-08
-5.46637643e-08
-5.82928942e-08
-5.93429383e-08
-5.92450055e-08
-5.91597302e-08
-5.91215521e-08
-5.90400466e-08
-5.89703962e-08
-5.8926039e-08
-5.88884003e-08
-5.88905455e-08
-5.90378684e-08
-5.94363604e-08
-5.98508523e-08
-5.86876327e-08
-5.20772784e-08
-3.97760071e-08
-4.09181624e-08
-5.58750904e-08
-6.11681004e-08
-6.06089022e-08
-5.8672936e-08
-5.77139083e-08
-5.79297963e-08
-5.85244369e-08
-5.8958087e-08
-5.91419957e-08
-5.91688741e-08
-5.91311835e-08
-5.9034608e-08
-5.88649033e-08
-5.86614721e-08
-5.85968656e-08
-5.90283125e-08
-6.01743304e-08
-6.0931157e-08
-5.87138816e-08
-5.27117756e-08
-4.72512934e-08
-5.60712453e-08
-8.16742271e-08
-6.18338168e-08
-5.05018834e-08
-5.49004464e-08
-5.87558913e-08
-5.96500183e-08
-5.93348729e-08
-5.92213618e-08
-5.92950107e-08
-5.93154197e-08
-5.92688141e-08
-5.92132916e-08
-5.91763882e-08
-5.91475889e-08
-5.9126491e-08
-5.91793276e-08
-5.94921772e-08
-6.01306479e-08
-6.0027282e-08
-5.57242245e-08
-4.35626539e-08
-3.58190488e-08
-5.13588749e-08
-6.01753203e-08
-6.09431076e-08
-5.90743369e-08
-5.75991939e-08
-5.73936772e-08
-5.7870533e-08
-5.83444956e-08
-5.85869771e-08
-5.8652304e-08
-5.86236447e-08
-5.85167236e-08
-5.83308948e-08
-5.81860473e-08
-5.84671061e-08
-5.9365015e-08
-5.95007874e-08
-5.65330058e-08
-5.11577525e-08
-5.08961667e-08
-6.80078482e-08
-6.79069447e-08
-4.76814815e-08
-5.0174208e-08
-5.58882477e-08
-5.90536371e-08
-5.91593518e-08
-5.85891499e-08
-5.84656182e-08
-5.85804541e-08
-5.86729102e-08
-5.86835132e-08
-5.86236934e-08
-5.84981981e-08
-5.82924102e-08
-5.81220611e-08
-5.83720422e-08
-5.94468307e-08
-6.06365026e-08
-5.88970031e-08
-4.95210118e-08
-3.59934908e-08
-4.42710661e-08
-5.68777754e-08
-5.9925457e-08
-5.95724651e-08
-5.91247481e-08
-5.90648577e-08
-5.91194179e-08
-5.91623614e-08
-5.91840021e-08
-5.91744174e-08
-5.90178523e-08
-5.86581684e-08
-5.82627842e-08
-5.83661196e-08
-5.9159295e-08
-5.88235308e-08
-5.53758277e-08
-5.26304207e-08
-7.31055173e-08
-6.8699834e-08
-4.47621304e-08
-4.7932853e-08
-5.490247e-08
-5.92127825e-08
-5.98417673e-08
-5.90834191e-08
-5.8613682e-08
-5.85617971e-08
-5.86761852e-08
-5.87898553e-08
-5.88281958e-08
-5.87749831e-08
-5.85847577e-08
-5.82335997e-08
-5.79494722e-08
-5.84527266e-08
-6.03341382e-08
-6.1755136e-08
-5.64993587e-08
-4.06015175e-08
-3.89502484e-08
-5.43463511e-08
-5.97322215e-08
-6.05753992e-08
-6.03539772e-08
-5.99719295e-08
-5.96494505e-08
-5.94804909e-08
-5.94489994e-08
-5.95047078e-08
-5.9592021e-08
-5.96037295e-08
-5.95714597e-08
-5.98355724e-08
-5.98441857e-08
-5.76140669e-08
-5.37264014e-08
-5.69545026e-08
-7.83298629e-08
-5.88940684e-08
-4.67590155e-08
-5.11862546e-08
-5.71996555e-08
-6.02974604e-08
-5.98006843e-08
-5.85833306e-08
-5.82186743e-08
-5.84432791e-08
-5.87448491e-08
-5.89128937e-08
-5.89343302e-08
-5.8843295e-08
-5.85443839e-08
-5.78732514e-08
-5.68323956e-08
-5.60466037e-08
-5.66784586e-08
-5.88708145e-08
-6.04359698e-08
-5.68631627e-08
-4.11189064e-08
-4.03352561e-08
-5.42515403e-08
-6.07915109e-08
-6.12829226e-08
-6.04857083e-08
-6.00561787e-08
-5.99692685e-08
-5.99872609e-08
-5.9996317e-08
-5.9977969e-08
-5.99687464e-08
-6.00122522e-08
-6.02225733e-08
-6.08684089e-08
-6.13113617e-08
-5.90336004e-08
-5.31145013e-08
-5.1394911e-08
-7.22809814e-08
-7.21346692e-08
-5.02762908e-08
-5.03307775e-08
-5.68309366e-08
-5.98168134e-08
-5.90772591e-08
-5.78161057e-08
-5.75155322e-08
-5.78860688e-08
-5.83546837e-08
-5.86597716e-08
-5.8776688e-08
-5.87817816e-08
-5.87193961e-08
-5.85212717e-08
-5.80838451e-08
-5.74787811e-08
-5.72931802e-08
-5.82375694e-08
-5.95939981e-08
-5.81118876e-08
-5.12693642e-08
-4.04699455e-08
-4.14266448e-08
-5.22231677e-08
-5.95520162e-08
-6.10665961e-08
-6.01539762e-08
-5.92952199e-08
-5.90383938e-08
-5.91342643e-08
-5.93250284e-08
-5.9499482e-08
-5.96387706e-08
-5.97724364e-08
-5.99189497e-08
-6.01392851e-08
-6.042882e-08
-5.97337837e-08
-5.63775744e-08
-5.09083295e-08
-5.20357733e-08
-7.5720757e-08
-6.60526064e-08
-4.90867175e-08
-5.12023591e-08
-5.67372576e-08
-5.95435943e-08
-5.93315237e-08
-5.83353299e-08
-5.80393567e-08
-5.83293377e-08
-5.87136955e-08
-5.89561561e-08
-5.90442332e-08
-5.90256926e-08
-5.89368651e-08
-5.86994595e-08
-5.82146646e-08
-5.75296816e-08
-5.71047449e-08
-5.77091368e-08
-5.9384527e-08
-6.03918755e-08
-5.7302792e-08
-4.72019506e-08
-3.7040671e-08
-4.47989466e-08
-5.50456695e-08
-5.91334816e-08
-5.93849143e-08
-5.88028415e-08
-5.85329564e-08
-5.85917134e-08
-5.87682405e-08
-5.89424892e-08
-5.90785336e-08
-5.9157019e-08
-5.91457937e-08
-5.90040071e-08
-5.87875395e-08
-5.86427681e-08
-5.80971909e-08
-5.57978016e-08
-5.17980388e-08
-5.19032921e-08
-7.3583842e-08
-6.91078665e-08
-4.81454361e-08
-4.9162294e-08
-5.50784411e-08
-6.04497291e-08
-6.17657071e-08
-6.0587692e-08
-5.9412014e-08
-5.90565419e-08
-5.91656714e-08
-5.9353801e-08
-5.94848562e-08
-5.95593632e-08
-5.95917617e-08
-5.95077495e-08
-5.91888945e-08
-5.86541285e-08
-5.83403636e-08
-5.90882944e-08
-6.12366026e-08
-6.33262385e-08
-6.17671355e-08
-4.99923172e-08
-3.6642541e-08
-4.69257001e-08
-5.63139477e-08
-5.93170116e-08
-5.95783597e-08
-5.93510775e-08
-5.92005859e-08
-5.91213008e-08
-5.90807524e-08
-5.9075477e-08
-5.91147132e-08
-5.91830192e-08
-5.92065002e-08
-5.91753531e-08
-5.92203889e-08
-5.88333324e-08
-5.65118804e-08
-5.3003667e-08
-5.71034892e-08
-7.89533206e-08
-6.34933853e-08
-4.65658201e-08
-5.10199822e-08
-5.74063285e-08
-6.07854616e-08
-6.04377369e-08
-5.91612984e-08
-5.86576107e-08
-5.88155316e-08
-5.91450042e-08
-5.93878834e-08
-5.94910485e-08
-5.94968621e-08
-5.93870859e-08
-5.90447027e-08
-5.84020226e-08
-5.77807971e-08
-5.81139211e-08
-6.00379851e-08
-6.20547115e-08
-5.99507059e-08
-4.59444349e-08
-3.89202005e-08
-5.10086631e-08
-5.91112469e-08
-6.12329712e-08
-6.09456132e-08
-6.0386451e-08
-6.00261572e-08
-5.98177953e-08
-5.96955864e-08
-5.96248068e-08
-5.96009015e-08
-5.96335466e-08
-5.97709614e-08
-6.02920171e-08
-6.11036217e-08
-6.00539906e-08
-5.50217176e-08
-5.09062081e-08
-6.6692526e-08
-7.87277424e-08
-5.50751161e-08
-5.01623924e-08
-5.51946843e-08
-5.86370453e-08
-5.85877433e-08
-5.77362367e-08
-5.77468333e-08
-5.83117019e-08
-5.88062013e-08
-5.90375216e-08
-5.90726954e-08
-5.90208863e-08
-5.89157832e-08
-5.86854789e-08
-5.8180077e-08
-5.73446586e-08
-5.6650767e-08
-5.70242712e-08
-5.8415022e-08
-5.84034735e-08
-5.46665475e-08
-4.47453702e-08
-3.97379214e-08
-4.89158914e-08
-5.84749742e-08
-6.14694386e-08
-6.055099e-08
-5.92157894e-08
-5.86103432e-08
-5.85345489e-08
-5.86477518e-08
-5.87855252e-08
-5.89015793e-08
-5.90266277e-08
-5.92189445e-08
-5.9581119e-08
-6.01844016e-08
-6.00343667e-08
-5.69706876e-08
-5.10952804e-08
-4.83388871e-08
-6.93037487e-08
-7.33567933e-08
-5.20576619e-08
-5.38543884e-08
-5.78024422e-08
-5.87726346e-08
-5.79494396e-08
-5.74083195e-08
-5.77071205e-08
-5.82550434e-08
-5.86149971e-08
-5.87476424e-08
-5.87806439e-08
-5.88224985e-08
-5.88450793e-08
-5.86893099e-08
-5.8145378e-08
-5.73169568e-08
-5.6957545e-08
-5.7536228e-08
-5.71619047e-08
-5.12554956e-08
-3.91826277e-08
-3.7297397e-08
-4.85568147e-08
-5.79692873e-08
-6.09209906e-08
-6.0217301e-08
-5.88890848e-08
-5.81019332e-08
-5.78273069e-08
-5.77893596e-08
-5.78181918e-08
-5.78516853e-08
-5.79036814e-08
-5.80397543e-08
-5.83158769e-08
-5.87590722e-08
-5.91320972e-08
-5.79029151e-08
-5.32448158e-08
-4.71227769e-08
-5.04469571e-08
-7.85171103e-08
-6.54948559e-08
-5.47465752e-08
-5.82982218e-08
-6.03649382e-08
-6.01708933e-08
-5.99709997e-08
-6.05115351e-08
-6.11150227e-08
-6.14140068e-08
-6.14896722e-08
-6.14408532e-08
-6.11455908e-08
-6.02965904e-08
-5.88291749e-08
-5.7708599e-08
-5.83603705e-08
-5.93467829e-08
-5.47502725e-08
-4.2427635e-08
-4.45562282e-08
-5.76617366e-08
-6.53465251e-08
-6.5551241e-08
-6.31696494e-08
-6.14465321e-08
-6.08753248e-08
-6.08831573e-08
-6.10188461e-08
-6.11429641e-08
-6.1267949e-08
-6.1440837e-08
-6.16956728e-08
-6.20407344e-08
-6.25124074e-08
-6.26550278e-08
-6.0529915e-08
-5.46064745e-08
-4.91423223e-08
-5.9909936e-08
-8.13246276e-08
-5.62382033e-08
-3.7590034e-08
-4.0286118e-08
-4.51466196e-08
-4.91634092e-08
-5.12221543e-08
-5.16673898e-08
-5.14757188e-08
-5.12420995e-08
-5.11216418e-08
-5.10850489e-08
-5.10818906e-08
-5.10857672e-08
-5.10908495e-08
-5.11028376e-08
-5.11327572e-08
-5.11870664e-08
-5.12517644e-08
-5.12987683e-08
-5.12867215e-08
-5.11753222e-08
-5.09517295e-08
-5.06649316e-08
-5.0450792e-08
-5.05147024e-08
-5.10550549e-08
-5.21455592e-08
-5.36330197e-08
-5.50881223e-08
-5.58451556e-08
-5.51535152e-08
-5.25665957e-08
-4.54142573e-08
-2.13158126e-08
-2.84624561e-08
-3.72239309e-08
-4.16785739e-08
-4.24931923e-08
-4.03804536e-08
-3.69339264e-08
-3.34383113e-08
-3.08420447e-08
-2.94704882e-08
-2.89856464e-08
-2.88823653e-08
-2.88812935e-08
-2.89602853e-08
-2.91985992e-08
-2.96497347e-08
-3.03247907e-08
-3.12188237e-08
-3.23166208e-08
-3.35793846e-08
-3.4933178e-08
-3.62486936e-08
-3.72438773e-08
-3.73032998e-08
-3.55133411e-08
-3.19244654e-08
-2.73171528e-08
-2.61488479e-08
-5.17772826e-08
-6.47029205e-08
-5.30933774e-08
-4.69312947e-08
-4.8375247e-08
-4.91148909e-08
-4.96231973e-08
-4.97289069e-08
-4.9692036e-08
-4.91742514e-08
-4.60767443e-08
-4.01908398e-08
-3.88256394e-08
-4.84617002e-08
-5.9008072e-08
-6.09588308e-08
-5.91249635e-08
-5.75183441e-08
-5.75564828e-08
-5.83474769e-08
-5.88165756e-08
-5.89096141e-08
-5.89410832e-08
-5.90037541e-08
-5.90421689e-08
-5.88960425e-08
-5.85067724e-08
-5.81684702e-08
-5.86078271e-08
-6.02262248e-08
-6.13823998e-08
-5.86470168e-08
-5.16970902e-08
-4.72316959e-08
-5.54728172e-08
-7.25969832e-08
-5.89730995e-08
-5.01460116e-08
-5.4439577e-08
-5.78237814e-08
-5.86220406e-08
-5.85219726e-08
-5.85066978e-08
-5.84700406e-08
-5.83843433e-08
-5.83494591e-08
-5.83441261e-08
-5.82963884e-08
-5.82313714e-08
-5.82598241e-08
-5.85403733e-08
-5.90484069e-08
-5.85661821e-08
-5.31802662e-08
-3.99944888e-08
-3.86982466e-08
-5.41285e-08
-6.01651078e-08
-5.96434754e-08
-5.76073257e-08
-5.69759929e-08
-5.76931845e-08
-5.84745218e-08
-5.87634648e-08
-5.87183295e-08
-5.85919507e-08
-5.84979366e-08
-5.84485473e-08
-5.83764076e-08
-5.82080718e-08
-5.7991271e-08
-5.80467787e-08
-5.8890894e-08
-6.00721222e-08
-5.89702021e-08
-5.35843761e-08
-4.73214271e-08
-5.3297738e-08
-7.87948862e-08
-6.19276005e-08
-5.07088497e-08
-5.5014355e-08
-5.84181399e-08
-5.8891912e-08
-5.8554261e-08
-5.85398985e-08
-5.86024043e-08
-5.85455739e-08
-5.84481941e-08
-5.83960622e-08
-5.83813936e-08
-5.837329e-08
-5.83630803e-08
-5.83747081e-08
-5.86164366e-08
-5.93654417e-08
-5.97023046e-08
-5.58069327e-08
-4.31495486e-08
-3.50006026e-08
-5.09873529e-08
-5.98235567e-08
-6.02317253e-08
-5.80172534e-08
-5.66224964e-08
-5.68381057e-08
-5.7568167e-08
-5.79741456e-08
-5.80341306e-08
-5.79714491e-08
-5.7917784e-08
-5.78823202e-08
-5.77746243e-08
-5.7559842e-08
-5.75359773e-08
-5.82315674e-08
-5.8935334e-08
-5.69893267e-08
-5.17244427e-08
-4.94952161e-08
-6.39760037e-08
-6.7346145e-08
-4.7543519e-08
-5.02532996e-08
-5.5897534e-08
-5.84538358e-08
-5.82329965e-08
-5.78156766e-08
-5.79034117e-08
-5.80751968e-08
-5.81309212e-08
-5.81179315e-08
-5.80902351e-08
-5.80191798e-08
-5.78310536e-08
-5.74983531e-08
-5.74099512e-08
-5.8364717e-08
-6.00144037e-08
-5.92958024e-08
-5.0812842e-08
-3.53987986e-08
-4.25365028e-08
-5.60152982e-08
-5.93588409e-08
-5.89261199e-08
-5.85284104e-08
-5.84937049e-08
-5.84641165e-08
-5.84328704e-08
-5.84509134e-08
-5.85169086e-08
-5.85483813e-08
-5.83533546e-08
-5.790777e-08
-5.76951002e-08
-5.83290487e-08
-5.84878015e-08
-5.55205719e-08
-5.21216889e-08
-7.05122183e-08
-6.71427705e-08
-4.45564965e-08
-4.83953279e-08
-5.53686707e-08
-5.89117352e-08
-5.89240589e-08
-5.81642306e-08
-5.79603648e-08
-5.81048862e-08
-5.82848415e-08
-5.83948156e-08
-5.84451875e-08
-5.84622233e-08
-5.83745805e-08
-5.80022724e-08
-5.72998753e-08
-5.70795376e-08
-5.87227755e-08
-6.10366036e-08
-5.73072499e-08
-4.07408928e-08
-3.75544172e-08
-5.31578427e-08
-5.88536488e-08
-5.9755384e-08
-5.95668592e-08
-5.9228249e-08
-5.89270576e-08
-5.87927784e-08
-5.88087442e-08
-5.88757018e-08
-5.89765229e-08
-5.89925747e-08
-5.88444562e-08
-5.89183145e-08
-5.9115224e-08
-5.74205901e-08
-5.35975678e-08
-5.70763414e-08
-7.58658331e-08
-5.53412728e-08
-4.62666359e-08
-5.19211196e-08
-5.76405439e-08
-5.96963699e-08
-5.87185193e-08
-5.77677902e-08
-5.7756889e-08
-5.80899456e-08
-5.83106859e-08
-5.8362221e-08
-5.83601343e-08
-5.83610408e-08
-5.82824661e-08
-5.78229298e-08
-5.66882924e-08
-5.54469619e-08
-5.57513138e-08
-5.80129188e-08
-5.97354614e-08
-5.60216778e-08
-3.9946182e-08
-4.01812246e-08
-5.51197253e-08
-6.06799308e-08
-6.02968068e-08
-5.93547387e-08
-5.91355681e-08
-5.92125636e-08
-5.92993264e-08
-5.93277177e-08
-5.92876979e-08
-5.92315976e-08
-5.92222046e-08
-5.93456e-08
-5.99026613e-08
-6.05167891e-08
-5.86498741e-08
-5.29696401e-08
-5.19118472e-08
-7.22625495e-08
-6.75078384e-08
-4.86191464e-08
-5.11516168e-08
-5.73534282e-08
-5.91281073e-08
-5.79447788e-08
-5.71078386e-08
-5.73222318e-08
-5.78714364e-08
-5.8232518e-08
-5.83254724e-08
-5.8282844e-08
-5.82423868e-08
-5.8246308e-08
-5.82416541e-08
-5.79661416e-08
-5.7229216e-08
-5.67122304e-08
-5.75268257e-08
-5.87980547e-08
-5.64217746e-08
-4.78468564e-08
-3.73477601e-08
-4.33079614e-08
-5.55091582e-08
-6.04963249e-08
-6.00961547e-08
-5.87510245e-08
-5.82567998e-08
-5.83903052e-08
-5.86514424e-08
-5.88603043e-08
-5.8990687e-08
-5.90683179e-08
-5.91537997e-08
-5.92699715e-08
-5.94420639e-08
-5.97428803e-08
-5.93214798e-08
-5.62701386e-08
-5.07144735e-08
-5.38627367e-08
-7.46811316e-08
-6.02222746e-08
-4.79935092e-08
-5.21692394e-08
-5.74000186e-08
-5.90449441e-08
-5.8233601e-08
-5.75364182e-08
-5.77021376e-08
-5.81429784e-08
-5.84027075e-08
-5.84416574e-08
-5.83979952e-08
-5.83854621e-08
-5.84131437e-08
-5.8405517e-08
-5.81216063e-08
-5.73560555e-08
-5.65285595e-08
-5.68265651e-08
-5.85569787e-08
-5.95369455e-08
-5.56063404e-08
-4.41753543e-08
-3.57055294e-08
-4.68426606e-08
-5.63332713e-08
-5.88947395e-08
-5.84760738e-08
-5.78972913e-08
-5.78616616e-08
-5.80822115e-08
-5.83071493e-08
-5.84799839e-08
-5.85977917e-08
-5.86814469e-08
-5.87169532e-08
-5.8611439e-08
-5.83232769e-08
-5.80429622e-08
-5.76103204e-08
-5.57225188e-08
-5.1876005e-08
-5.19551115e-08
-7.28560611e-08
-6.43717969e-08
-4.6436322e-08
-4.9809634e-08
-5.63146989e-08
-6.06054493e-08
-6.06603995e-08
-5.91769854e-08
-5.83947187e-08
-5.8399931e-08
-5.85945457e-08
-5.86946431e-08
-5.87255434e-08
-5.87961011e-08
-5.89400133e-08
-5.90697482e-08
-5.89420942e-08
-5.8324369e-08
-5.75548181e-08
-5.78514925e-08
-6.00178468e-08
-6.24518013e-08
-6.10156494e-08
-4.8822851e-08
-3.56771291e-08
-4.7270522e-08
-5.6426798e-08
-5.88819199e-08
-5.88272627e-08
-5.85152291e-08
-5.83643221e-08
-5.82800202e-08
-5.82416768e-08
-5.82353373e-08
-5.82678539e-08
-5.83697331e-08
-5.84718746e-08
-5.84716434e-08
-5.84878848e-08
-5.8283462e-08
-5.63615512e-08
-5.29513653e-08
-5.69099297e-08
-7.69298407e-08
-5.97430802e-08
-4.59344601e-08
-5.1712155e-08
-5.78579284e-08
-6.01634609e-08
-5.92571365e-08
-5.82606585e-08
-5.82077698e-08
-5.85620785e-08
-5.88425054e-08
-5.89419652e-08
-5.89586989e-08
-5.90015589e-08
-5.90603378e-08
-5.89527409e-08
-5.83482708e-08
-5.73176418e-08
-5.70633196e-08
-5.88134897e-08
-6.10510736e-08
-5.90479572e-08
-4.49000332e-08
-3.80074746e-08
-5.12509789e-08
-5.92782016e-08
-6.07260618e-08
-5.99934287e-08
-5.94272438e-08
-5.9197991e-08
-5.90834649e-08
-5.90261453e-08
-5.89842687e-08
-5.89556057e-08
-5.89601418e-08
-5.90152037e-08
-5.93686645e-08
-6.01691507e-08
-5.95032747e-08
-5.48452675e-08
-5.10079995e-08
-6.75051915e-08
-7.47087451e-08
-5.22207511e-08
-5.03870588e-08
-5.58063091e-08
-5.84289735e-08
-5.79271281e-08
-5.73156742e-08
-5.76602241e-08
-5.82704865e-08
-5.8598502e-08
-5.8628565e-08
-5.85402935e-08
-5.84572973e-08
-5.84104195e-08
-5.83847961e-08
-5.81230883e-08
-5.72722302e-08
-5.62586391e-08
-5.64187252e-08
-5.77592218e-08
-5.70831664e-08
-5.17462454e-08
-4.06324908e-08
-4.01410059e-08
-5.29061671e-08
-6.05645933e-08
-6.08358275e-08
-5.89198296e-08
-5.79056467e-08
-5.78539259e-08
-5.80547172e-08
-5.82303552e-08
-5.83526688e-08
-5.84201724e-08
-5.84750055e-08
-5.85825127e-08
-5.88430455e-08
-5.94307242e-08
-5.95703264e-08
-5.68941522e-08
-5.09201369e-08
-4.94347632e-08
-7.04046846e-08
-6.75581181e-08
-5.04876157e-08
-5.43495929e-08
-5.77788325e-08
-5.79383575e-08
-5.70347928e-08
-5.69473162e-08
-5.75076689e-08
-5.79492188e-08
-5.80438485e-08
-5.79621456e-08
-5.79161884e-08
-5.79911877e-08
-5.81906178e-08
-5.83154547e-08
-5.79124689e-08
-5.68854876e-08
-5.62603097e-08
-5.68042927e-08
-5.60067493e-08
-4.86033302e-08
-3.58293236e-08
-3.84523886e-08
-5.22089502e-08
-5.9696293e-08
-6.02339128e-08
-5.84967722e-08
-5.73604106e-08
-5.71394135e-08
-5.72428868e-08
-5.73494112e-08
-5.74062194e-08
-5.74121394e-08
-5.73789604e-08
-5.7388961e-08
-5.75380442e-08
-5.79243e-08
-5.84124015e-08
-5.74814655e-08
-5.31223045e-08
-4.7083178e-08
-5.27157615e-08
-7.71587369e-08
-6.10940285e-08
-5.45109361e-08
-5.84798661e-08
-5.98898134e-08
-5.95049668e-08
-5.96379935e-08
-6.02804916e-08
-6.06462595e-08
-6.06747247e-08
-6.06619823e-08
-6.07429851e-08
-6.07433065e-08
-6.01703271e-08
-5.8583844e-08
-5.71434572e-08
-5.77963006e-08
-5.83956373e-08
-5.19040437e-08
-3.93770109e-08
-4.7533885e-08
-6.20482706e-08
-6.61651591e-08
-6.36055825e-08
-6.06951573e-08
-5.96842485e-08
-5.98555318e-08
-6.01543713e-08
-6.02674932e-08
-6.02837496e-08
-6.02961285e-08
-6.03737862e-08
-6.05595197e-08
-6.08717596e-08
-6.13963042e-08
-6.18534731e-08
-6.02881259e-08
-5.47655378e-08
-4.95897545e-08
-6.18336247e-08
-7.79358848e-08
-5.1493167e-08
-3.73919885e-08
-4.17773075e-08
-4.67524232e-08
-5.00221102e-08
-5.11314751e-08
-5.10322198e-08
-5.072649e-08
-5.05619586e-08
-5.05160605e-08
-5.05083352e-08
-5.04964558e-08
-5.04729805e-08
-5.04488647e-08
-5.04433056e-08
-5.04735974e-08
-5.05538181e-08
-5.06844863e-08
-5.0836883e-08
-5.09535218e-08
-5.09615092e-08
-5.0802325e-08
-5.04775589e-08
-5.01063082e-08
-4.993522e-08
-5.02573723e-08
-5.12382843e-08
-5.27475224e-08
-5.42813014e-08
-5.50141129e-08
-5.40545702e-08
-5.12218348e-08
-4.50065956e-08
-2.23448597e-08
-2.65419826e-08
-3.67723418e-08
-4.15423242e-08
-4.21002731e-08
-3.96381371e-08
-3.585246e-08
-3.21502318e-08
-2.96156384e-08
-2.85026828e-08
-2.82251948e-08
-2.81271169e-08
-2.79703398e-08
-2.78582232e-08
-2.79445201e-08
-2.82683387e-08
-2.88334298e-08
-2.96070424e-08
-3.05652396e-08
-3.16871145e-08
-3.29437977e-08
-3.42875156e-08
-3.55796534e-08
-3.63590217e-08
-3.56508191e-08
-3.29184864e-08
-2.8581322e-08
-2.44539289e-08
-4.29997987e-08
-6.16702417e-08
-5.65514563e-08
-4.77379924e-08
-4.73357725e-08
-4.82161575e-08
-4.88108498e-08
-4.88529357e-08
-4.88342068e-08
-4.8994054e-08
-4.73145477e-08
-4.14061327e-08
-3.68335204e-08
-4.42914878e-08
-5.65592177e-08
-6.00969566e-08
-5.86227338e-08
-5.69651385e-08
-5.70084635e-08
-5.79070557e-08
-5.83284422e-08
-5.82709278e-08
-5.82539555e-08
-5.83670161e-08
-5.84892786e-08
-5.84925778e-08
-5.82042671e-08
-5.77637844e-08
-5.78323669e-08
-5.9120711e-08
-6.06246315e-08
-5.89453599e-08
-5.2557636e-08
-4.67304736e-08
-5.15697766e-08
-6.94265253e-08
-6.10044826e-08
-5.01757497e-08
-5.38141025e-08
-5.71412561e-08
-5.78881798e-08
-5.78365789e-08
-5.78713454e-08
-5.78401381e-08
-5.77611282e-08
-5.77635604e-08
-5.77974257e-08
-5.77474714e-08
-5.76448334e-08
-5.75950565e-08
-5.77783041e-08
-5.82824392e-08
-5.80981758e-08
-5.36725643e-08
-4.03548476e-08
-3.64052814e-08
-5.20396572e-08
-5.90755763e-08
-5.88991376e-08
-5.68647489e-08
-5.63722112e-08
-5.73388741e-08
-5.81450231e-08
-5.82342495e-08
-5.79882318e-08
-5.77715488e-08
-5.76705602e-08
-5.765686e-08
-5.76772124e-08
-5.76163946e-08
-5.74256812e-08
-5.73292227e-08
-5.79150787e-08
-5.91548383e-08
-5.86714989e-08
-5.38655258e-08
-4.73850663e-08
-5.12538388e-08
-7.60286689e-08
-6.24163086e-08
-5.0833307e-08
-5.47448946e-08
-5.78388637e-08
-5.81406467e-08
-5.78367893e-08
-5.78665433e-08
-5.79040751e-08
-5.78129421e-08
-5.77212641e-08
-5.76989379e-08
-5.76853314e-08
-5.76567023e-08
-5.76370264e-08
-5.76277243e-08
-5.78334094e-08
-5.86676746e-08
-5.92649404e-08
-5.55083001e-08
-4.25492675e-08
-3.40059304e-08
-5.02002357e-08
-5.91925046e-08
-5.96310349e-08
-5.72308196e-08
-5.58729841e-08
-5.63406681e-08
-5.7147195e-08
-5.7392938e-08
-5.72929749e-08
-5.71814608e-08
-5.71335125e-08
-5.71529752e-08
-5.71381279e-08
-5.69672749e-08
-5.68043237e-08
-5.72595932e-08
-5.81539932e-08
-5.69624128e-08
-5.20939005e-08
-4.86093522e-08
-6.03079214e-08
-6.6883654e-08
-4.78409042e-08
-4.99379673e-08
-5.5452376e-08
-5.77175169e-08
-5.74400161e-08
-5.71719706e-08
-5.73532737e-08
-5.75007937e-08
-5.74980138e-08
-5.7464573e-08
-5.74534037e-08
-5.74300803e-08
-5.73240971e-08
-5.69558078e-08
-5.66332327e-08
-5.74770715e-08
-5.94073449e-08
-5.92431134e-08
-5.1460156e-08
-3.49145799e-08
-4.07268483e-08
-5.49687658e-08
-5.87617339e-08
-5.83752007e-08
-5.79431823e-08
-5.78269443e-08
-5.76779994e-08
-5.75994229e-08
-5.76368371e-08
-5.7714992e-08
-5.78559489e-08
-5.784158e-08
-5.74934901e-08
-5.71569149e-08
-5.76090901e-08
-5.79886069e-08
-5.54383245e-08
-5.17098992e-08
-6.81362083e-08
-6.63085017e-08
-4.45762833e-08
-4.83321353e-08
-5.51596994e-08
-5.83139034e-08
-5.81268264e-08
-5.74636716e-08
-5.74045046e-08
-5.75922644e-08
-5.77262933e-08
-5.77724569e-08
-5.78046126e-08
-5.7852912e-08
-5.78929286e-08
-5.76723155e-08
-5.68372584e-08
-5.60893564e-08
-5.74019876e-08
-6.01722119e-08
-5.75745321e-08
-4.0863664e-08
-3.60220612e-08
-5.17073574e-08
-5.78316284e-08
-5.89903049e-08
-5.88474579e-08
-5.85648052e-08
-5.82999576e-08
-5.81884909e-08
-5.82523226e-08
-5.83227957e-08
-5.84060436e-08
-5.84036766e-08
-5.8173945e-08
-5.80893968e-08
-5.8320506e-08
-5.69694342e-08
-5.33157955e-08
-5.74859342e-08
-7.34546752e-08
-5.26440078e-08
-4.59719688e-08
-5.21818137e-08
-5.74865764e-08
-5.89256875e-08
-5.78373546e-08
-5.71111455e-08
-5.7233643e-08
-5.75307965e-08
-5.76478186e-08
-5.76189045e-08
-5.75890298e-08
-5.76195681e-08
-5.77038967e-08
-5.74398461e-08
-5.62964641e-08
-5.48498447e-08
-5.50999727e-08
-5.74440539e-08
-5.89417977e-08
-5.47575148e-08
-3.83933774e-08
-4.01516352e-08
-5.56589393e-08
-6.02860662e-08
-5.93040736e-08
-5.83662095e-08
-5.83760974e-08
-5.85617552e-08
-5.86773588e-08
-5.87301972e-08
-5.86780098e-08
-5.85866471e-08
-5.85387406e-08
-5.86117749e-08
-5.90911782e-08
-5.96881834e-08
-5.79175423e-08
-5.23744071e-08
-5.33611816e-08
-7.18482789e-08
-6.32543083e-08
-4.76355552e-08
-5.16508897e-08
-5.7306499e-08
-5.83569346e-08
-5.71464994e-08
-5.66656817e-08
-5.70773881e-08
-5.75577311e-08
-5.77277332e-08
-5.76541043e-08
-5.75276828e-08
-5.74333352e-08
-5.7460414e-08
-5.76217832e-08
-5.75328174e-08
-5.6787961e-08
-5.61788324e-08
-5.70014212e-08
-5.79497725e-08
-5.43396969e-08
-4.41086472e-08
-3.51672896e-08
-4.58377917e-08
-5.75456382e-08
-6.02962519e-08
-5.89135302e-08
-5.76736175e-08
-5.76013692e-08
-5.79367469e-08
-5.81826798e-08
-5.83381619e-08
-5.842101e-08
-5.84508616e-08
-5.85092349e-08
-5.86271041e-08
-5.87914686e-08
-5.90691865e-08
-5.87100721e-08
-5.56896216e-08
-5.0300627e-08
-5.65440748e-08
-7.2666969e-08
-5.53570962e-08
-4.76063476e-08
-5.28488907e-08
-5.74902768e-08
-5.83144711e-08
-5.73489839e-08
-5.69759004e-08
-5.73363156e-08
-5.77016044e-08
-5.77778625e-08
-5.76755958e-08
-5.75631277e-08
-5.75142262e-08
-5.75759452e-08
-5.77515108e-08
-5.77033466e-08
-5.69876314e-08
-5.5986401e-08
-5.61975727e-08
-5.79697489e-08
-5.85862454e-08
-5.35455518e-08
-4.10008514e-08
-3.50195545e-08
-4.8438826e-08
-5.67170167e-08
-5.83834326e-08
-5.7678496e-08
-5.71657013e-08
-5.72911339e-08
-5.7579958e-08
-5.77989561e-08
-5.79564964e-08
-5.80529285e-08
-5.81190612e-08
-5.81863288e-08
-5.81463779e-08
-5.78618638e-08
-5.74814088e-08
-5.70237913e-08
-5.53413073e-08
-5.17108603e-08
-5.25517994e-08
-7.18748636e-08
-6.03302105e-08
-4.54129055e-08
-5.03402271e-08
-5.68425962e-08
-6.01834529e-08
-5.95480516e-08
-5.81175749e-08
-5.7648305e-08
-5.77888692e-08
-5.79355816e-08
-5.7934246e-08
-5.789273e-08
-5.79366421e-08
-5.81069348e-08
-5.83902279e-08
-5.84715938e-08
-5.78915048e-08
-5.68765322e-08
-5.69387284e-08
-5.9152736e-08
-6.16625213e-08
-5.99417401e-08
-4.72242625e-08
-3.46714121e-08
-4.73776017e-08
-5.62508986e-08
-5.84025745e-08
-5.81157115e-08
-5.77251681e-08
-5.75884065e-08
-5.75335532e-08
-5.75449593e-08
-5.75711495e-08
-5.75750348e-08
-5.7646375e-08
-5.77687376e-08
-5.77932551e-08
-5.77780931e-08
-5.76230604e-08
-5.59429741e-08
-5.27565717e-08
-5.71363382e-08
-7.48938845e-08
-5.67742102e-08
-4.55536611e-08
-5.19663971e-08
-5.77268734e-08
-5.93930017e-08
-5.83620884e-08
-5.76411978e-08
-5.77786857e-08
-5.81055388e-08
-5.82451796e-08
-5.82129554e-08
-5.81669092e-08
-5.82059807e-08
-5.83832898e-08
-5.85018891e-08
-5.80295811e-08
-5.68218173e-08
-5.62675407e-08
-5.79342164e-08
-6.01208121e-08
-5.78222228e-08
-4.34336663e-08
-3.71119897e-08
-5.13381271e-08
-5.9260335e-08
-6.01421749e-08
-5.90647779e-08
-5.85751467e-08
-5.84992096e-08
-5.84495271e-08
-5.84437197e-08
-5.84264876e-08
-5.8393892e-08
-5.8382096e-08
-5.83895098e-08
-5.86260985e-08
-5.93173913e-08
-5.87307958e-08
-5.42640657e-08
-5.15408214e-08
-6.82291043e-08
-7.08600617e-08
-5.02015986e-08
-5.05448866e-08
-5.59322598e-08
-5.80415292e-08
-5.7409573e-08
-5.69541296e-08
-5.73672732e-08
-5.78879617e-08
-5.80824351e-08
-5.80186177e-08
-5.78818862e-08
-5.77373952e-08
-5.76694766e-08
-5.7765864e-08
-5.77034873e-08
-5.68930665e-08
-5.57881221e-08
-5.59672163e-08
-5.71360478e-08
-5.54567194e-08
-4.83079578e-08
-3.69934319e-08
-4.20557817e-08
-5.62856504e-08
-6.11533785e-08
-5.9605124e-08
-5.7552787e-08
-5.71224648e-08
-5.74476597e-08
-5.76545644e-08
-5.7751135e-08
-5.7829866e-08
-5.78747296e-08
-5.79126703e-08
-5.80000713e-08
-5.82215476e-08
-5.87721765e-08
-5.89688227e-08
-5.62758961e-08
-5.01878803e-08
-5.1905283e-08
-7.04431559e-08
-6.22128361e-08
-4.97242517e-08
-5.46508963e-08
-5.74375366e-08
-5.71093326e-08
-5.63449142e-08
-5.65562718e-08
-5.71366565e-08
-5.73963757e-08
-5.73191994e-08
-5.71631298e-08
-5.70885735e-08
-5.7131043e-08
-5.74240959e-08
-5.77511023e-08
-5.74416292e-08
-5.63021575e-08
-5.5611706e-08
-5.60926064e-08
-5.46573657e-08
-4.56541605e-08
-3.30448023e-08
-4.02789343e-08
-5.46432729e-08
-6.00050094e-08
-5.90438309e-08
-5.70653321e-08
-5.64543793e-08
-5.66992561e-08
-5.69004481e-08
-5.69510921e-08
-5.69691066e-08
-5.69558497e-08
-5.69009292e-08
-5.68646393e-08
-5.69349783e-08
-5.72391141e-08
-5.76823725e-08
-5.67300547e-08
-5.23773388e-08
-4.68627161e-08
-5.62088758e-08
-7.49999487e-08
-5.74932225e-08
-5.45214721e-08
-5.84362554e-08
-5.93043316e-08
-5.89012051e-08
-5.92121101e-08
-5.97504907e-08
-5.98754099e-08
-5.9755041e-08
-5.97064984e-08
-5.98242506e-08
-6.00387921e-08
-5.97030554e-08
-5.80854595e-08
-5.66136884e-08
-5.73278898e-08
-5.7276272e-08
-4.87264722e-08
-3.72604851e-08
-5.1294165e-08
-6.47207516e-08
-6.53970545e-08
-6.14749693e-08
-5.89209e-08
-5.87856449e-08
-5.93988687e-08
-5.9637925e-08
-5.95627248e-08
-5.94579393e-08
-5.94177103e-08
-5.94633961e-08
-5.96160266e-08
-5.98941175e-08
-6.04009602e-08
-6.0962495e-08
-5.9592934e-08
-5.41723604e-08
-5.05865711e-08
-6.42663141e-08
-7.39369887e-08
-4.75003063e-08
-3.77303996e-08
-4.29733939e-08
-4.7620975e-08
-5.01362452e-08
-5.06334936e-08
-5.03241046e-08
-5.0049661e-08
-4.99557745e-08
-4.99471895e-08
-4.9950365e-08
-4.99417026e-08
-4.99188717e-08
-4.98859354e-08
-4.98587636e-08
-4.98678734e-08
-4.99442763e-08
-5.00944927e-08
-5.02873066e-08
-5.04541154e-08
-5.05091186e-08
-5.0384774e-08
-5.00746004e-08
-4.96974973e-08
-4.95143782e-08
-4.98412116e-08
-5.08439252e-08
-5.2344537e-08
-5.37534362e-08
-5.41280326e-08
-5.25396304e-08
-4.91478368e-08
-4.35901598e-08
-2.24859814e-08
-2.40152634e-08
-3.53477309e-08
-4.07929995e-08
-4.16839409e-08
-3.93883212e-08
-3.55705308e-08
-3.168861e-08
-2.90079959e-08
-2.78667363e-08
-2.76228264e-08
-2.74939729e-08
-2.72176636e-08
-2.69694888e-08
-2.69584723e-08
-2.71990911e-08
-2.76406809e-08
-2.82781479e-08
-2.91035182e-08
-3.01019899e-08
-3.1257431e-08
-3.25561772e-08
-3.39422841e-08
-3.50980932e-08
-3.51349017e-08
-3.32340585e-08
-2.94847523e-08
-2.43224569e-08
-3.60206856e-08
-5.67654757e-08
-5.83347588e-08
-4.94634882e-08
-4.66147364e-08
-4.72739107e-08
-4.80326489e-08
-4.80544673e-08
-4.79213807e-08
-4.83306324e-08
-4.81225726e-08
-4.33652856e-08
-3.59373517e-08
-3.95754019e-08
-5.31469819e-08
-5.89830933e-08
-5.83124855e-08
-5.65228437e-08
-5.63270481e-08
-5.72538727e-08
-5.77628649e-08
-5.767791e-08
-5.76001429e-08
-5.77300114e-08
-5.78779171e-08
-5.79103319e-08
-5.76964765e-08
-5.72963004e-08
-5.7255131e-08
-5.83353924e-08
-5.98628201e-08
-5.86835007e-08
-5.28215703e-08
-4.64845094e-08
-4.85716793e-08
-6.58021823e-08
-6.26530696e-08
-5.09518439e-08
-5.28129402e-08
-5.62521814e-08
-5.71706779e-08
-5.7161349e-08
-5.72325417e-08
-5.72386665e-08
-5.7173539e-08
-5.71899653e-08
-5.72305085e-08
-5.71763568e-08
-5.70615971e-08
-5.69700417e-08
-5.71120044e-08
-5.76153557e-08
-5.74679049e-08
-5.34713153e-08
-4.06618949e-08
-3.40901118e-08
-4.95191918e-08
-5.7809929e-08
-5.83301794e-08
-5.63341049e-08
-5.57403865e-08
-5.67270806e-08
-5.76007509e-08
-5.76530623e-08
-5.73140228e-08
-5.70496265e-08
-5.69546498e-08
-5.69414002e-08
-5.69677999e-08
-5.69491642e-08
-5.68059333e-08
-5.66954606e-08
-5.71744369e-08
-5.83678171e-08
-5.80908028e-08
-5.36162427e-08
-4.72718673e-08
-4.97089659e-08
-7.33964735e-08
-6.30271333e-08
-5.09240761e-08
-5.42445124e-08
-5.71579261e-08
-5.74246628e-08
-5.71437292e-08
-5.71924986e-08
-5.72400452e-08
-5.71641781e-08
-5.71046699e-08
-5.71098848e-08
-5.70769415e-08
-5.70034768e-08
-5.69484758e-08
-5.69196858e-08
-5.71499801e-08
-5.8093088e-08
-5.87551014e-08
-5.4843175e-08
-4.16708326e-08
-3.27925772e-08
-4.89134141e-08
-5.8301078e-08
-5.91211289e-08
-5.67277186e-08
-5.52769388e-08
-5.57555004e-08
-5.65726073e-08
-5.67409421e-08
-5.65824835e-08
-5.64925845e-08
-5.64784799e-08
-5.64879249e-08
-5.64926878e-08
-5.63553526e-08
-5.61487283e-08
-5.64429864e-08
-5.7357094e-08
-5.66271945e-08
-5.22011818e-08
-4.80130516e-08
-5.69900467e-08
-6.61716345e-08
-4.88127941e-08
-4.92943525e-08
-5.46711453e-08
-5.69587957e-08
-5.67499504e-08
-5.65593036e-08
-5.677121e-08
-5.68936942e-08
-5.68582482e-08
-5.68255881e-08
-5.6809699e-08
-5.6801953e-08
-5.67487577e-08
-5.63715879e-08
-5.59497306e-08
-5.68087903e-08
-5.89360177e-08
-5.88939547e-08
-5.13269894e-08
-3.44172692e-08
-3.8818793e-08
-5.37159018e-08
-5.81138338e-08
-5.78710053e-08
-5.73816438e-08
-5.71553137e-08
-5.69317265e-08
-5.685039e-08
-5.6934825e-08
-5.7035487e-08
-5.71580349e-08
-5.72129528e-08
-5.69680869e-08
-5.66287932e-08
-5.69836803e-08
-5.7442673e-08
-5.51768785e-08
-5.13296661e-08
-6.58951428e-08
-6.60338125e-08
-4.46904376e-08
-4.77961667e-08
-5.4466205e-08
-5.76048293e-08
-5.74680644e-08
-5.68593496e-08
-5.68242212e-08
-5.69952011e-08
-5.70918216e-08
-5.71080282e-08
-5.7126377e-08
-5.7171738e-08
-5.72581519e-08
-5.71047897e-08
-5.62247114e-08
-5.52593213e-08
-5.64283421e-08
-5.93688868e-08
-5.7272976e-08
-4.08455056e-08
-3.4369665e-08
-4.99694219e-08
-5.66949331e-08
-5.82269493e-08
-5.81661866e-08
-5.79364803e-08
-5.77283951e-08
-5.76124214e-08
-5.768808e-08
-5.77891307e-08
-5.78377007e-08
-5.77822875e-08
-5.74793677e-08
-5.73025134e-08
-5.75381871e-08
-5.63191103e-08
-5.29724215e-08
-5.79674028e-08
-7.1158027e-08
-5.05875064e-08
-4.56462509e-08
-5.19604949e-08
-5.69522805e-08
-5.81658858e-08
-5.71185105e-08
-5.64888773e-08
-5.66114259e-08
-5.68601348e-08
-5.69467433e-08
-5.69190822e-08
-5.68612759e-08
-5.69149014e-08
-5.70825285e-08
-5.68297854e-08
-5.55793816e-08
-5.41713512e-08
-5.4676212e-08
-5.70836714e-08
-5.80537304e-08
-5.30012793e-08
-3.64897961e-08
-4.01933231e-08
-5.57654006e-08
-5.97563468e-08
-5.84333694e-08
-5.75034841e-08
-5.7670337e-08
-5.79232733e-08
-5.80468646e-08
-5.81276086e-08
-5.80768035e-08
-5.79806403e-08
-5.79173093e-08
-5.79636711e-08
-5.8415443e-08
-5.88634541e-08
-5.67615368e-08
-5.1707342e-08
-5.55494122e-08
-7.08384893e-08
-5.9399436e-08
-4.70052862e-08
-5.17374571e-08
-5.69108626e-08
-5.7689856e-08
-5.65818109e-08
-5.62412417e-08
-5.66332675e-08
-5.6998285e-08
-5.7066394e-08
-5.69569063e-08
-5.68160226e-08
-5.66823047e-08
-5.6736215e-08
-5.69891596e-08
-5.69246288e-08
-5.61556085e-08
-5.5635816e-08
-5.65527987e-08
-5.69531236e-08
-5.1709804e-08
-4.0161378e-08
-3.40263579e-08
-4.80272787e-08
-5.82542434e-08
-5.97085956e-08
-5.79683363e-08
-5.68959663e-08
-5.7069385e-08
-5.74498982e-08
-5.7624768e-08
-5.77286307e-08
-5.77829117e-08
-5.7783865e-08
-5.78467006e-08
-5.7988624e-08
-5.81768234e-08
-5.84440229e-08
-5.79209865e-08
-5.45811018e-08
-5.03431584e-08
-5.93074422e-08
-6.98330966e-08
-5.1450356e-08
-4.75154308e-08
-5.31384178e-08
-5.7218342e-08
-5.75962474e-08
-5.66458569e-08
-5.64422629e-08
-5.68199209e-08
-5.70910896e-08
-5.70904529e-08
-5.69787495e-08
-5.68716102e-08
-5.67559113e-08
-5.68106627e-08
-5.70776412e-08
-5.7108714e-08
-5.63605331e-08
-5.53793498e-08
-5.57517119e-08
-5.75272368e-08
-5.74613191e-08
-5.0983075e-08
-3.77219774e-08
-3.48464954e-08
-4.91069145e-08
-5.64899141e-08
-5.78789438e-08
-5.70433496e-08
-5.65236066e-08
-5.67121889e-08
-5.70334875e-08
-5.72437258e-08
-5.73853226e-08
-5.74643849e-08
-5.75127882e-08
-5.75986055e-08
-5.76097239e-08
-5.7347687e-08
-5.69155089e-08
-5.63993337e-08
-5.4747132e-08
-5.13429097e-08
-5.36014471e-08
-7.05689915e-08
-5.69610662e-08
-4.47389642e-08
-5.0540808e-08
-5.67966674e-08
-5.9537199e-08
-5.86316383e-08
-5.73176014e-08
-5.69896871e-08
-5.71492856e-08
-5.72682589e-08
-5.72612275e-08
-5.72324225e-08
-5.723442e-08
-5.73949154e-08
-5.77410942e-08
-5.78776167e-08
-5.72333087e-08
-5.6125667e-08
-5.62786772e-08
-5.86171362e-08
-6.09224233e-08
-5.85067049e-08
-4.51493993e-08
-3.3645295e-08
-4.70980925e-08
-5.5800089e-08
-5.79305272e-08
-5.74795155e-08
-5.69920269e-08
-5.6876347e-08
-5.68797173e-08
-5.69544617e-08
-5.70231972e-08
-5.70045479e-08
-5.70273601e-08
-5.71267378e-08
-5.71360086e-08
-5.70824255e-08
-5.69217606e-08
-5.53365166e-08
-5.24676365e-08
-5.75964902e-08
-7.28557118e-08
-5.44222377e-08
-4.51991902e-08
-5.17570088e-08
-5.72199359e-08
-5.86692444e-08
-5.76967125e-08
-5.71027374e-08
-5.7243145e-08
-5.74866094e-08
-5.75496955e-08
-5.74917917e-08
-5.74283956e-08
-5.74734688e-08
-5.77252795e-08
-5.79196432e-08
-5.74083797e-08
-5.61044073e-08
-5.55952033e-08
-5.73258532e-08
-5.92401303e-08
-5.62473654e-08
-4.15442306e-08
-3.62220591e-08
-5.1118752e-08
-5.90454098e-08
-5.95751398e-08
-5.82217501e-08
-5.77913964e-08
-5.78543449e-08
-5.78472813e-08
-5.7872038e-08
-5.78900195e-08
-5.78619637e-08
-5.78459994e-08
-5.78118422e-08
-5.79780909e-08
-5.85587182e-08
-5.77398065e-08
-5.33602677e-08
-5.27252597e-08
-6.85956357e-08
-6.72298033e-08
-4.87119113e-08
-5.04502589e-08
-5.56704939e-08
-5.76228361e-08
-5.70112106e-08
-5.65372921e-08
-5.68449204e-08
-5.72714336e-08
-5.74305092e-08
-5.73811509e-08
-5.72423312e-08
-5.7051803e-08
-5.69887142e-08
-5.71576745e-08
-5.711395e-08
-5.62487802e-08
-5.52069408e-08
-5.55780857e-08
-5.644655e-08
-5.33048062e-08
-4.43715065e-08
-3.42071248e-08
-4.47434069e-08
-5.83131637e-08
-6.08872784e-08
-5.84947272e-08
-5.65938478e-08
-5.65896389e-08
-5.7058697e-08
-5.71603352e-08
-5.71624203e-08
-5.72128175e-08
-5.72499886e-08
-5.73129636e-08
-5.74281616e-08
-5.76806715e-08
-5.82532667e-08
-5.82328314e-08
-5.49933303e-08
-4.9636586e-08
-5.51658064e-08
-6.92529443e-08
-5.7521391e-08
-4.93924593e-08
-5.46875559e-08
-5.69419833e-08
-5.63931793e-08
-5.57640004e-08
-5.60861964e-08
-5.66110625e-08
-5.67819118e-08
-5.66848908e-08
-5.65688064e-08
-5.64462606e-08
-5.64566915e-08
-5.68059999e-08
-5.71724119e-08
-5.67593259e-08
-5.55401633e-08
-5.49392254e-08
-5.53674663e-08
-5.30041533e-08
-4.24141405e-08
-3.09007468e-08
-4.19556134e-08
-5.5669305e-08
-5.96863357e-08
-5.80249335e-08
-5.60617892e-08
-5.58501201e-08
-5.63172329e-08
-5.64641169e-08
-5.64236034e-08
-5.64174756e-08
-5.64092925e-08
-5.63748443e-08
-5.63589022e-08
-5.64145577e-08
-5.66890743e-08
-5.69831032e-08
-5.56003473e-08
-5.09742237e-08
-4.75154705e-08
-5.99653863e-08
-7.20618407e-08
-5.46766816e-08
-5.46092964e-08
-5.82113263e-08
-5.86901337e-08
-5.82975836e-08
-5.86378551e-08
-5.90542912e-08
-5.90885882e-08
-5.89732241e-08
-5.88829631e-08
-5.89812356e-08
-5.9302556e-08
-5.90096196e-08
-5.73771847e-08
-5.60965642e-08
-5.68980815e-08
-5.58844866e-08
-4.52780181e-08
-3.61776364e-08
-5.4758818e-08
-6.56816691e-08
-6.42319259e-08
-5.9895428e-08
-5.78075325e-08
-5.82078028e-08
-5.89310179e-08
-5.90399966e-08
-5.88682933e-08
-5.87447211e-08
-5.86959839e-08
-5.87138543e-08
-5.88425209e-08
-5.9097726e-08
-5.96085357e-08
-6.01111329e-08
-5.84336561e-08
-5.32345405e-08
-5.24751373e-08
-6.63611284e-08
-6.938881e-08
-4.42550261e-08
-3.82990147e-08
-4.37556421e-08
-4.79084195e-08
-4.98554907e-08
-5.00402564e-08
-4.96813146e-08
-4.94520164e-08
-4.93946143e-08
-4.94015441e-08
-4.94138842e-08
-4.9416264e-08
-4.94051109e-08
-4.93776754e-08
-4.93457804e-08
-4.93579283e-08
-4.94472081e-08
-4.961049e-08
-4.97992785e-08
-4.99315017e-08
-4.99249694e-08
-4.97395863e-08
-4.94181302e-08
-4.91192686e-08
-4.91112679e-08
-4.96578738e-08
-5.08160823e-08
-5.22698625e-08
-5.32879571e-08
-5.28618143e-08
-5.02488686e-08
-4.61794966e-08
-4.12085568e-08
-2.18445261e-08
-2.0604074e-08
-3.263418e-08
-3.92015921e-08
-4.1087513e-08
-3.95918323e-08
-3.61572701e-08
-3.21292592e-08
-2.90077609e-08
-2.75050976e-08
-2.713616e-08
-2.70119748e-08
-2.6717418e-08
-2.63876996e-08
-2.62682396e-08
-2.6405115e-08
-2.67216366e-08
-2.7211809e-08
-2.79043087e-08
-2.87903748e-08
-2.9857406e-08
-3.10993489e-08
-3.24948972e-08
-3.38095271e-08
-3.42624805e-08
-3.29763092e-08
-2.98367683e-08
-2.47288412e-08
-3.10284085e-08
-5.11325445e-08
-5.82739605e-08
-5.13728271e-08
-4.6466845e-08
-4.63484627e-08
-4.72084638e-08
-4.73519278e-08
-4.71224566e-08
-4.73692942e-08
-4.8184241e-08
-4.55629083e-08
-3.66118657e-08
-3.4859663e-08
-4.84788614e-08
-5.71993783e-08
-5.80378742e-08
-5.62718414e-08
-5.55728775e-08
-5.64102306e-08
-5.71625954e-08
-5.71790425e-08
-5.70031552e-08
-5.70358768e-08
-5.71543093e-08
-5.71452998e-08
-5.69665258e-08
-5.67202008e-08
-5.68604874e-08
-5.79135547e-08
-5.9183387e-08
-5.79623803e-08
-5.24653546e-08
-4.61437093e-08
-4.63049308e-08
-6.19810369e-08
-6.34954358e-08
-5.24792823e-08
-5.18145011e-08
-5.50678038e-08
-5.64066211e-08
-5.65253695e-08
-5.65741216e-08
-5.66181367e-08
-5.66128473e-08
-5.6626252e-08
-5.66231621e-08
-5.65621203e-08
-5.64464444e-08
-5.63396136e-08
-5.65061047e-08
-5.70203264e-08
-5.67227913e-08
-5.26192685e-08
-4.05726109e-08
-3.18046415e-08
-4.64326541e-08
-5.61405861e-08
-5.7845333e-08
-5.60107462e-08
-5.50510922e-08
-5.58825969e-08
-5.69180843e-08
-5.71350732e-08
-5.68098489e-08
-5.64786486e-08
-5.63339302e-08
-5.63021922e-08
-5.62804129e-08
-5.62319877e-08
-5.61272855e-08
-5.61397137e-08
-5.67099801e-08
-5.77613483e-08
-5.72554773e-08
-5.29068394e-08
-4.69013331e-08
-4.85024896e-08
-7.09169531e-08
-6.35559305e-08
-5.12439502e-08
-5.35019053e-08
-5.63306955e-08
-5.67616778e-08
-5.65076095e-08
-5.65015729e-08
-5.65644619e-08
-5.6556706e-08
-5.65386817e-08
-5.65200048e-08
-5.64530918e-08
-5.63557821e-08
-5.62816016e-08
-5.625319e-08
-5.65628418e-08
-5.76202132e-08
-5.8176261e-08
-5.37960413e-08
-4.03567054e-08
-3.13122969e-08
-4.69781338e-08
-5.70043573e-08
-5.87016751e-08
-5.64979564e-08
-5.47807214e-08
-5.50703366e-08
-5.59053834e-08
-5.61132367e-08
-5.59523962e-08
-5.58679565e-08
-5.58757589e-08
-5.58714634e-08
-5.58343853e-08
-5.56901858e-08
-5.55202214e-08
-5.57898162e-08
-5.66225455e-08
-5.60783431e-08
-5.2049308e-08
-4.75464268e-08
-5.40122168e-08
-6.51156204e-08
-5.03335806e-08
-4.85741441e-08
-5.35216908e-08
-5.61098475e-08
-5.61801152e-08
-5.59933012e-08
-5.61325971e-08
-5.62525257e-08
-5.62484777e-08
-5.6214684e-08
-5.61856833e-08
-5.61935565e-08
-5.61337159e-08
-5.57041018e-08
-5.53142923e-08
-5.63726546e-08
-5.86130751e-08
-5.82943677e-08
-5.04325914e-08
-3.36405511e-08
-3.67518075e-08
-5.21420031e-08
-5.73638465e-08
-5.74002956e-08
-5.6869039e-08
-5.65679719e-08
-5.62875427e-08
-5.61750669e-08
-5.62771536e-08
-5.6409804e-08
-5.64915264e-08
-5.65035578e-08
-5.63206278e-08
-5.61107439e-08
-5.64617069e-08
-5.6862318e-08
-5.47888604e-08
-5.09332986e-08
-6.37321512e-08
-6.59254064e-08
-4.54836415e-08
-4.68904154e-08
-5.32154584e-08
-5.66876724e-08
-5.69634315e-08
-5.6408278e-08
-5.62346771e-08
-5.63178103e-08
-5.64052391e-08
-5.64470265e-08
-5.64739093e-08
-5.6546272e-08
-5.66141757e-08
-5.63484365e-08
-5.53494606e-08
-5.44266944e-08
-5.57533672e-08
-5.87146158e-08
-5.65600907e-08
-4.0412872e-08
-3.25860931e-08
-4.7869984e-08
-5.5356338e-08
-5.74646945e-08
-5.75090824e-08
-5.73025326e-08
-5.71676157e-08
-5.7038407e-08
-5.70532396e-08
-5.71619022e-08
-5.71733795e-08
-5.703417e-08
-5.67264314e-08
-5.65941261e-08
-5.67568019e-08
-5.54754323e-08
-5.26876136e-08
-5.83785632e-08
-6.90271302e-08
-4.90110241e-08
-4.51631034e-08
-5.13159483e-08
-5.60826544e-08
-5.742081e-08
-5.66060165e-08
-5.59451356e-08
-5.59147674e-08
-5.60850842e-08
-5.61850658e-08
-5.61868355e-08
-5.61737451e-08
-5.63166949e-08
-5.64844767e-08
-5.60231035e-08
-5.4578599e-08
-5.34390573e-08
-5.45024274e-08
-5.68947616e-08
-5.68710793e-08
-5.06179577e-08
-3.42822263e-08
-4.01137162e-08
-5.54186886e-08
-5.92074498e-08
-5.77236015e-08
-5.67100944e-08
-5.69323862e-08
-5.72576442e-08
-5.73880203e-08
-5.7469349e-08
-5.74586141e-08
-5.73714681e-08
-5.7317576e-08
-5.74259476e-08
-5.78629097e-08
-5.78587769e-08
-5.52200736e-08
-5.15041852e-08
-5.8033741e-08
-6.91854615e-08
-5.5937278e-08
-4.65092168e-08
-5.13758672e-08
-5.62724758e-08
-5.71487574e-08
-5.62285559e-08
-5.58074422e-08
-5.59978223e-08
-5.62413191e-08
-5.63014565e-08
-5.62359116e-08
-5.60951099e-08
-5.60120168e-08
-5.61712526e-08
-5.64489345e-08
-5.62385051e-08
-5.53779485e-08
-5.50998554e-08
-5.61386541e-08
-5.55618097e-08
-4.83514817e-08
-3.61458725e-08
-3.37328015e-08
-4.89879626e-08
-5.80365272e-08
-5.91991187e-08
-5.7342296e-08
-5.62669886e-08
-5.64925696e-08
-5.6893691e-08
-5.70290302e-08
-5.70749901e-08
-5.7102522e-08
-5.71263158e-08
-5.72146102e-08
-5.73915622e-08
-5.76422143e-08
-5.78175346e-08
-5.68072531e-08
-5.32137373e-08
-5.12345595e-08
-6.15351588e-08
-6.64211844e-08
-4.83941634e-08
-4.74404294e-08
-5.30198328e-08
-5.67487937e-08
-5.69711217e-08
-5.60735956e-08
-5.58597683e-08
-5.61393399e-08
-5.6357068e-08
-5.63763879e-08
-5.63024209e-08
-5.61787532e-08
-5.60815993e-08
-5.62112616e-08
-5.65161596e-08
-5.64326079e-08
-5.55388768e-08
-5.47169627e-08
-5.54850106e-08
-5.71539094e-08
-5.58947819e-08
-4.7733188e-08
-3.43944475e-08
-3.48099818e-08
-4.86226758e-08
-5.58813564e-08
-5.7423009e-08
-5.65546229e-08
-5.59221295e-08
-5.60829323e-08
-5.64339507e-08
-5.66481583e-08
-5.67724058e-08
-5.685203e-08
-5.69222143e-08
-5.70075224e-08
-5.70069223e-08
-5.67650129e-08
-5.63400469e-08
-5.57077151e-08
-5.39163675e-08
-5.09934183e-08
-5.48498961e-08
-6.90080402e-08
-5.4204051e-08
-4.41874629e-08
-5.03180699e-08
-5.62992416e-08
-5.88211092e-08
-5.79798057e-08
-5.67453157e-08
-5.63651995e-08
-5.64542521e-08
-5.65689287e-08
-5.66053459e-08
-5.66028524e-08
-5.66344807e-08
-5.68572731e-08
-5.72155467e-08
-5.72122669e-08
-5.63528663e-08
-5.52887022e-08
-5.584445e-08
-5.84056019e-08
-6.01417234e-08
-5.65089426e-08
-4.25160155e-08
-3.25660699e-08
-4.62581005e-08
-5.50987224e-08
-5.74486164e-08
-5.69300209e-08
-5.63186366e-08
-5.62029566e-08
-5.62571982e-08
-5.63619352e-08
-5.64603603e-08
-5.64746301e-08
-5.64759497e-08
-5.65112918e-08
-5.64856086e-08
-5.64163017e-08
-5.61531156e-08
-5.45347145e-08
-5.22308833e-08
-5.81160846e-08
-7.08595453e-08
-5.25571501e-08
-4.47456459e-08
-5.11129064e-08
-5.63825979e-08
-5.79922825e-08
-5.72687235e-08
-5.66477836e-08
-5.66191818e-08
-5.67537015e-08
-5.68051289e-08
-5.67823722e-08
-5.6760408e-08
-5.68943548e-08
-5.72033228e-08
-5.72881946e-08
-5.65268631e-08
-5.51658529e-08
-5.49990366e-08
-5.69673445e-08
-5.8315156e-08
-5.41704879e-08
-3.92037841e-08
-3.52244906e-08
-5.04578981e-08
-5.86555308e-08
-5.90913952e-08
-5.74875234e-08
-5.70136591e-08
-5.71917675e-08
-5.72460928e-08
-5.72694137e-08
-5.73233457e-08
-5.73126971e-08
-5.72720623e-08
-5.72427767e-08
-5.74421837e-08
-5.77839678e-08
-5.64289592e-08
-5.24813325e-08
-5.44743624e-08
-6.84942817e-08
-6.38242924e-08
-4.75328045e-08
-4.99961654e-08
-5.50464483e-08
-5.7141054e-08
-5.67843382e-08
-5.61989151e-08
-5.6202038e-08
-5.64517429e-08
-5.66060352e-08
-5.66145431e-08
-5.64933839e-08
-5.63609177e-08
-5.64167253e-08
-5.66352874e-08
-5.64373326e-08
-5.5398893e-08
-5.45632703e-08
-5.52502251e-08
-5.54538525e-08
-5.03720097e-08
-4.00415214e-08
-3.25232714e-08
-4.70460481e-08
-5.8939114e-08
-6.05105209e-08
-5.78049977e-08
-5.59143218e-08
-5.60409645e-08
-5.65792056e-08
-5.66606697e-08
-5.65861024e-08
-5.65848595e-08
-5.66312515e-08
-5.67273675e-08
-5.69156528e-08
-5.73004085e-08
-5.78080902e-08
-5.71015517e-08
-5.32568639e-08
-5.00133222e-08
-5.83612988e-08
-6.69581824e-08
-5.35680682e-08
-4.92073323e-08
-5.44544725e-08
-5.64128338e-08
-5.58025609e-08
-5.52268363e-08
-5.54871742e-08
-5.5925502e-08
-5.6106324e-08
-5.60767955e-08
-5.59713998e-08
-5.58464169e-08
-5.59411316e-08
-5.63539445e-08
-5.65787366e-08
-5.58746411e-08
-5.45968905e-08
-5.4263803e-08
-5.45335362e-08
-5.08606794e-08
-3.88735737e-08
-2.93382351e-08
-4.26699375e-08
-5.55252051e-08
-5.92615191e-08
-5.73956291e-08
-5.53555726e-08
-5.52302165e-08
-5.58041288e-08
-5.59728891e-08
-5.58929623e-08
-5.58477225e-08
-5.58414087e-08
-5.58441802e-08
-5.58751357e-08
-5.59951827e-08
-5.62499076e-08
-5.60931318e-08
-5.38857261e-08
-4.94791741e-08
-4.96828007e-08
-6.30755548e-08
-6.85053573e-08
-5.25947579e-08
-5.46519549e-08
-5.7859281e-08
-5.80862648e-08
-5.76586639e-08
-5.79263978e-08
-5.82425739e-08
-5.82954516e-08
-5.82241605e-08
-5.81159564e-08
-5.8260802e-08
-5.86162923e-08
-5.81997451e-08
-5.65261593e-08
-5.56005907e-08
-5.64476255e-08
-5.40653601e-08
-4.16084233e-08
-3.60284974e-08
-5.69045563e-08
-6.55957895e-08
-6.34565019e-08
-5.90117392e-08
-5.70410892e-08
-5.75252435e-08
-5.82973129e-08
-5.84711321e-08
-5.83439419e-08
-5.82100019e-08
-5.81329126e-08
-5.81230905e-08
-5.82318579e-08
-5.85150371e-08
-5.9028166e-08
-5.91454547e-08
-5.68407769e-08
-5.25557499e-08
-5.51830092e-08
-6.75084694e-08
-6.44525666e-08
-4.17423613e-08
-3.88910252e-08
-4.41049902e-08
-4.77716888e-08
-4.93921408e-08
-4.94720298e-08
-4.91322009e-08
-4.89196667e-08
-4.88603184e-08
-4.88641303e-08
-4.88774596e-08
-4.88822075e-08
-4.88743402e-08
-4.88554998e-08
-4.88537568e-08
-4.89071389e-08
-4.90291412e-08
-4.9188371e-08
-4.93133399e-08
-4.93239556e-08
-4.91761418e-08
-4.88982413e-08
-4.86096965e-08
-4.85188308e-08
-4.88626293e-08
-4.976066e-08
-5.10539201e-08
-5.22159248e-08
-5.23718173e-08
-5.05806978e-08
-4.6622912e-08
-4.20641421e-08
-3.79322326e-08
-2.04586449e-08
-1.62697561e-08
-2.83287229e-08
-3.62900271e-08
-3.97607571e-08
-3.97594453e-08
-3.73836609e-08
-3.35778936e-08
-2.98921617e-08
-2.76158936e-08
-2.68162957e-08
-2.66593582e-08
-2.64416368e-08
-2.60730355e-08
-2.5798372e-08
-2.57746952e-08
-2.59769964e-08
-2.63566622e-08
-2.69382583e-08
-2.77292195e-08
-2.8728657e-08
-2.99358658e-08
-3.13141535e-08
-3.26257566e-08
-3.32070199e-08
-3.22722885e-08
-2.96127744e-08
-2.50511207e-08
-2.77515083e-08
-4.56641905e-08
-5.67177339e-08
-5.28426858e-08
-4.68733755e-08
-4.55818907e-08
-4.63057527e-08
-4.66054892e-08
-4.64514634e-08
-4.64037239e-08
-4.75205223e-08
-4.72388531e-08
-3.88145282e-08
-3.10641218e-08
-4.24582528e-08
-5.41705023e-08
-5.7439795e-08
-5.62781986e-08
-5.49319031e-08
-5.53376435e-08
-5.63658756e-08
-5.67343461e-08
-5.654794e-08
-5.63644973e-08
-5.63302847e-08
-5.63104129e-08
-5.62507229e-08
-5.63058216e-08
-5.67821462e-08
-5.77947155e-08
-5.84520221e-08
-5.66802859e-08
-5.14421044e-08
-4.55848498e-08
-4.45787976e-08
-5.8173899e-08
-6.33784836e-08
-5.44095392e-08
-5.1260898e-08
-5.3646346e-08
-5.54319973e-08
-5.58809976e-08
-5.59373613e-08
-5.59639777e-08
-5.5985631e-08
-5.59950659e-08
-5.59747597e-08
-5.59150184e-08
-5.57828086e-08
-5.56900644e-08
-5.59666772e-08
-5.64707618e-08
-5.575511e-08
-5.11486298e-08
-3.96271458e-08
-2.95848319e-08
-4.26188377e-08
-5.36943031e-08
-5.71998661e-08
-5.59426248e-08
-5.44669554e-08
-5.48110556e-08
-5.59793703e-08
-5.65829288e-08
-5.64589639e-08
-5.60888818e-08
-5.58146003e-08
-5.56819188e-08
-5.56155222e-08
-5.55688387e-08
-5.55972406e-08
-5.58736109e-08
-5.65654926e-08
-5.71921203e-08
-5.60203674e-08
-5.16683352e-08
-4.63864996e-08
-4.7528597e-08
-6.86032559e-08
-6.39101002e-08
-5.18551349e-08
-5.26422567e-08
-5.53055064e-08
-5.60819397e-08
-5.59476017e-08
-5.58414652e-08
-5.58518563e-08
-5.58750943e-08
-5.58832963e-08
-5.58462909e-08
-5.57657596e-08
-5.5686166e-08
-5.56281782e-08
-5.56461856e-08
-5.61193834e-08
-5.72768232e-08
-5.74097504e-08
-5.21208425e-08
-3.84730111e-08
-2.94627832e-08
-4.41803309e-08
-5.49820682e-08
-5.81756033e-08
-5.65813899e-08
-5.44902083e-08
-5.43205476e-08
-5.51480204e-08
-5.55081213e-08
-5.53690273e-08
-5.5230995e-08
-5.52123308e-08
-5.51892879e-08
-5.51117037e-08
-5.49860135e-08
-5.49476677e-08
-5.53133232e-08
-5.59732053e-08
-5.53070304e-08
-5.16051133e-08
-4.71421396e-08
-5.13653245e-08
-6.37094176e-08
-5.21107008e-08
-4.80971192e-08
-5.2067834e-08
-5.50338646e-08
-5.56310733e-08
-5.55147194e-08
-5.55153934e-08
-5.55845403e-08
-5.56113276e-08
-5.55969905e-08
-5.55838983e-08
-5.56093712e-08
-5.54869884e-08
-5.49634206e-08
-5.47469595e-08
-5.62103759e-08
-5.842279e-08
-5.72873976e-08
-4.8690558e-08
-3.2313442e-08
-3.44233537e-08
-5.00477015e-08
-5.63658202e-08
-5.69323422e-08
-5.64263706e-08
-5.60896897e-08
-5.5774066e-08
-5.55647197e-08
-5.55817739e-08
-5.56931768e-08
-5.57501356e-08
-5.5725889e-08
-5.56364221e-08
-5.56520865e-08
-5.60503868e-08
-5.6222212e-08
-5.41946199e-08
-5.05813592e-08
-6.16102519e-08
-6.57599496e-08
-4.71913397e-08
-4.5844402e-08
-5.13697921e-08
-5.53102832e-08
-5.63887627e-08
-5.61500538e-08
-5.58458801e-08
-5.57469571e-08
-5.57549319e-08
-5.57889758e-08
-5.58657628e-08
-5.59493755e-08
-5.58838618e-08
-5.53449063e-08
-5.42034878e-08
-5.36084771e-08
-5.54128081e-08
-5.8218265e-08
-5.53872897e-08
-3.92862565e-08
-3.0627088e-08
-4.52620511e-08
-5.36461582e-08
-5.66400486e-08
-5.68964096e-08
-5.66439284e-08
-5.65755293e-08
-5.64734313e-08
-5.63646843e-08
-5.636405e-08
-5.63357162e-08
-5.61796487e-08
-5.59813139e-08
-5.59647471e-08
-5.59301227e-08
-5.44967188e-08
-5.25113236e-08
-5.86430636e-08
-6.71045419e-08
-4.78177169e-08
-4.45740509e-08
-5.01919729e-08
-5.48210443e-08
-5.65792868e-08
-5.6259439e-08
-5.56117165e-08
-5.53386094e-08
-5.53358532e-08
-5.53962466e-08
-5.54485897e-08
-5.55811621e-08
-5.58191667e-08
-5.57907196e-08
-5.48792697e-08
-5.3323859e-08
-5.28837057e-08
-5.46993138e-08
-5.66649182e-08
-5.50295733e-08
-4.74196811e-08
-3.18342536e-08
-3.95183172e-08
-5.4616152e-08
-5.86834944e-08
-5.72292057e-08
-5.59701504e-08
-5.61187805e-08
-5.65397064e-08
-5.67036494e-08
-5.67674046e-08
-5.67843365e-08
-5.67612271e-08
-5.67973783e-08
-5.69954457e-08
-5.72144672e-08
-5.6454897e-08
-5.35910849e-08
-5.21714273e-08
-6.03373586e-08
-6.69080608e-08
-5.2834456e-08
-4.5977901e-08
-5.05950459e-08
-5.52210897e-08
-5.66187137e-08
-5.6126126e-08
-5.55660376e-08
-5.54135209e-08
-5.54475436e-08
-5.54689394e-08
-5.5431759e-08
-5.53964248e-08
-5.54966593e-08
-5.57881273e-08
-5.59288236e-08
-5.53781376e-08
-5.44959071e-08
-5.46615868e-08
-5.56044027e-08
-5.33932343e-08
-4.40652989e-08
-3.22214636e-08
-3.35444852e-08
-4.83975792e-08
-5.73158903e-08
-5.88278932e-08
-5.70047886e-08
-5.57091053e-08
-5.58362854e-08
-5.62953113e-08
-5.64549405e-08
-5.64678306e-08
-5.64882247e-08
-5.65457685e-08
-5.66795973e-08
-5.69105429e-08
-5.71557122e-08
-5.69781729e-08
-5.529331e-08
-5.20693327e-08
-5.29489366e-08
-6.28516236e-08
-6.26784629e-08
-4.60257807e-08
-4.71845349e-08
-5.25008314e-08
-5.60417199e-08
-5.6482854e-08
-5.57222803e-08
-5.53228497e-08
-5.53676927e-08
-5.54982334e-08
-5.5545126e-08
-5.55138171e-08
-5.54452497e-08
-5.54964256e-08
-5.57781144e-08
-5.60094131e-08
-5.55877731e-08
-5.45306462e-08
-5.41591775e-08
-5.54559748e-08
-5.65830306e-08
-5.34561061e-08
-4.35706129e-08
-3.10905958e-08
-3.41637095e-08
-4.71376796e-08
-5.47578123e-08
-5.6957514e-08
-5.62399616e-08
-5.53855246e-08
-5.53944093e-08
-5.57661972e-08
-5.60208765e-08
-5.61550659e-08
-5.62537783e-08
-5.63360918e-08
-5.63918427e-08
-5.63524972e-08
-5.61310674e-08
-5.57081999e-08
-5.48683107e-08
-5.29108787e-08
-5.0837075e-08
-5.60646175e-08
-6.72959753e-08
-5.19846792e-08
-4.35941724e-08
-4.96818184e-08
-5.53289136e-08
-5.79756044e-08
-5.76055601e-08
-5.65008937e-08
-5.59108562e-08
-5.57972216e-08
-5.58484444e-08
-5.59130504e-08
-5.59748082e-08
-5.61384983e-08
-5.64722838e-08
-5.67325246e-08
-5.63628384e-08
-5.52214575e-08
-5.44999078e-08
-5.58033e-08
-5.84389132e-08
-5.89816919e-08
-5.36128197e-08
-3.92329791e-08
-3.12088347e-08
-4.47649088e-08
-5.39479e-08
-5.69199954e-08
-5.65131618e-08
-5.57264328e-08
-5.55390591e-08
-5.56169692e-08
-5.57189546e-08
-5.58285071e-08
-5.58860377e-08
-5.58839967e-08
-5.58733538e-08
-5.58341777e-08
-5.57386543e-08
-5.52712949e-08
-5.36040743e-08
-5.21231636e-08
-5.85748535e-08
-6.89515163e-08
-5.10943452e-08
-4.4201027e-08
-5.00172586e-08
-5.51110768e-08
-5.72040453e-08
-5.70305559e-08
-5.64290888e-08
-5.61420304e-08
-5.6090855e-08
-5.61026691e-08
-5.61230407e-08
-5.62336672e-08
-5.64967788e-08
-5.67389495e-08
-5.64534614e-08
-5.52959665e-08
-5.41064163e-08
-5.46566222e-08
-5.6810097e-08
-5.70507256e-08
-5.13315075e-08
-3.63838983e-08
-3.3872259e-08
-4.91766342e-08
-5.80197775e-08
-5.87664955e-08
-5.69028101e-08
-5.62043944e-08
-5.64609648e-08
-5.66170615e-08
-5.66252959e-08
-5.6660729e-08
-5.66742202e-08
-5.66664508e-08
-5.67270743e-08
-5.69228122e-08
-5.67719496e-08
-5.48438226e-08
-5.2029142e-08
-5.65753803e-08
-6.78728925e-08
-6.06255064e-08
-4.65114555e-08
-4.92098003e-08
-5.38739074e-08
-5.63790701e-08
-5.66443811e-08
-5.61423858e-08
-5.58054669e-08
-5.57337334e-08
-5.57541614e-08
-5.57493942e-08
-5.57311794e-08
-5.57906788e-08
-5.60093931e-08
-5.61261452e-08
-5.55429571e-08
-5.43553266e-08
-5.39887588e-08
-5.48978719e-08
-5.37660856e-08
-4.63759555e-08
-3.55003078e-08
-3.18216464e-08
-4.77549609e-08
-5.87219616e-08
-6.03635379e-08
-5.75638789e-08
-5.53753295e-08
-5.53851245e-08
-5.60482468e-08
-5.62318087e-08
-5.61342608e-08
-5.60841407e-08
-5.61421421e-08
-5.63075401e-08
-5.6623637e-08
-5.70563257e-08
-5.70930175e-08
-5.53741033e-08
-5.16695398e-08
-5.16143466e-08
-6.07708406e-08
-6.38061704e-08
-5.03266993e-08
-4.89311733e-08
-5.39402223e-08
-5.5843008e-08
-5.54171121e-08
-5.482006e-08
-5.48252113e-08
-5.508636e-08
-5.52644045e-08
-5.53039664e-08
-5.52541898e-08
-5.52838045e-08
-5.55780291e-08
-5.59666216e-08
-5.57937221e-08
-5.46798163e-08
-5.35474596e-08
-5.3625532e-08
-5.33838985e-08
-4.79452445e-08
-3.50089864e-08
-2.801276e-08
-4.18971137e-08
-5.46093446e-08
-5.88654165e-08
-5.71766939e-08
-5.48368139e-08
-5.44807203e-08
-5.51474208e-08
-5.5474703e-08
-5.54363005e-08
-5.53708135e-08
-5.53644788e-08
-5.54141512e-08
-5.55149883e-08
-5.56576621e-08
-5.56158635e-08
-5.46013828e-08
-5.17261049e-08
-4.89214242e-08
-5.31725695e-08
-6.4871577e-08
-6.45742503e-08
-5.11569632e-08
-5.45457839e-08
-5.74014093e-08
-5.75317782e-08
-5.70669139e-08
-5.71163009e-08
-5.73050713e-08
-5.73783185e-08
-5.73390324e-08
-5.73373191e-08
-5.76522904e-08
-5.79690219e-08
-5.72406528e-08
-5.5582127e-08
-5.51980442e-08
-5.58310216e-08
-5.15998361e-08
-3.77428608e-08
-3.63055911e-08
-5.72162836e-08
-6.52403941e-08
-6.32638098e-08
-5.87539637e-08
-5.64422368e-08
-5.66938198e-08
-5.75376614e-08
-5.79086973e-08
-5.79092645e-08
-5.7801904e-08
-5.77233494e-08
-5.7721951e-08
-5.78547164e-08
-5.81557591e-08
-5.84341496e-08
-5.77900611e-08
-5.50663536e-08
-5.27480046e-08
-5.82617128e-08
-6.73427257e-08
-5.93604677e-08
-3.9919541e-08
-3.93633167e-08
-4.40440984e-08
-4.7286071e-08
-4.8791922e-08
-4.89807283e-08
-4.87173751e-08
-4.84858662e-08
-4.83782711e-08
-4.83484677e-08
-4.83477031e-08
-4.83521155e-08
-4.83551528e-08
-4.83695277e-08
-4.84222685e-08
-4.85231676e-08
-4.86444224e-08
-4.87216963e-08
-4.86839986e-08
-4.8499438e-08
-4.8210684e-08
-4.79405558e-08
-4.78712415e-08
-4.81937789e-08
-4.90004792e-08
-5.01572813e-08
-5.12408089e-08
-5.15294177e-08
-5.01003006e-08
-4.63732518e-08
-4.10880292e-08
-3.67053673e-08
-3.38819817e-08
-1.83059941e-08
-1.13128991e-08
-2.23152929e-08
-3.14683389e-08
-3.68255355e-08
-3.88942366e-08
-3.8461019e-08
-3.57918845e-08
-3.19838277e-08
-2.87108624e-08
-2.6948745e-08
-2.64289681e-08
-2.63047523e-08
-2.6059513e-08
-2.57143538e-08
-2.54940508e-08
-2.55223092e-08
-2.57967955e-08
-2.62886796e-08
-2.70121615e-08
-2.79717345e-08
-2.91492283e-08
-3.04500281e-08
-3.1591798e-08
-3.20297448e-08
-3.11798861e-08
-2.88406391e-08
-2.4972558e-08
-2.5708301e-08
-4.09236329e-08
-5.42305653e-08
-5.35737878e-08
-4.76258032e-08
-4.51169994e-08
-4.5368691e-08
-4.5758538e-08
-4.57250364e-08
-4.55658479e-08
-4.6603657e-08
-4.78762518e-08
-4.15949959e-08
-2.9206648e-08
-3.54299702e-08
-4.92638348e-08
-5.57853363e-08
-5.63663883e-08
-5.4701913e-08
-5.4184431e-08
-5.5125716e-08
-5.60670484e-08
-5.62853464e-08
-5.60985055e-08
-5.59365378e-08
-5.59275354e-08
-5.60633799e-08
-5.63996162e-08
-5.69962928e-08
-5.75816316e-08
-5.7238215e-08
-5.46878794e-08
-4.97568834e-08
-4.47476841e-08
-4.32115894e-08
-5.45327931e-08
-6.23287628e-08
-5.62714733e-08
-5.1436827e-08
-5.22600911e-08
-5.41211344e-08
-5.50401555e-08
-5.52942615e-08
-5.53340377e-08
-5.53312967e-08
-5.53219115e-08
-5.53088405e-08
-5.52230727e-08
-5.50469862e-08
-5.50674244e-08
-5.55527128e-08
-5.58694548e-08
-5.42734609e-08
-4.86644901e-08
-3.75593692e-08
-2.73079656e-08
-3.79242859e-08
-4.98968627e-08
-5.58465402e-08
-5.60285648e-08
-5.42658617e-08
-5.36983138e-08
-5.46153444e-08
-5.56741089e-08
-5.60727378e-08
-5.5931989e-08
-5.56365803e-08
-5.54196501e-08
-5.53452258e-08
-5.53932849e-08
-5.56017837e-08
-5.60075883e-08
-5.64402125e-08
-5.62141358e-08
-5.41827045e-08
-4.99600075e-08
-4.57240853e-08
-4.67754031e-08
-6.64822918e-08
-6.40456322e-08
-5.27333617e-08
-5.18502635e-08
-5.40612253e-08
-5.52263952e-08
-5.53941742e-08
-5.52849056e-08
-5.51994439e-08
-5.51612058e-08
-5.51352106e-08
-5.51033512e-08
-5.50678038e-08
-5.50367352e-08
-5.50107366e-08
-5.51562282e-08
-5.58848253e-08
-5.69758019e-08
-5.61331084e-08
-4.93951821e-08
-3.57263061e-08
-2.7199586e-08
-4.02561682e-08
-5.16747999e-08
-5.7047075e-08
-5.68713631e-08
-5.4616147e-08
-5.36494177e-08
-5.42375385e-08
-5.48496403e-08
-5.48650445e-08
-5.46566953e-08
-5.45295975e-08
-5.44702766e-08
-5.44116938e-08
-5.43994853e-08
-5.45615239e-08
-5.49944605e-08
-5.53247108e-08
-5.42906405e-08
-5.08245432e-08
-4.67466353e-08
-4.90463498e-08
-6.19936703e-08
-5.38467714e-08
-4.81250121e-08
-5.04970506e-08
-5.35794979e-08
-5.4861863e-08
-5.50671616e-08
-5.50301886e-08
-5.5008753e-08
-5.50029114e-08
-5.50011141e-08
-5.5027073e-08
-5.5024586e-08
-5.47274033e-08
-5.41544851e-08
-5.44244008e-08
-5.64384426e-08
-5.81681623e-08
-5.54397231e-08
-4.56931427e-08
-3.02915597e-08
-3.16815083e-08
-4.70908442e-08
-5.48173323e-08
-5.63409345e-08
-5.60209062e-08
-5.56983896e-08
-5.54203079e-08
-5.51352645e-08
-5.49790746e-08
-5.49636842e-08
-5.49972648e-08
-5.50335235e-08
-5.51173897e-08
-5.53492007e-08
-5.56879013e-08
-5.54463371e-08
-5.33354539e-08
-5.0311136e-08
-5.9506265e-08
-6.53935741e-08
-4.97139344e-08
-4.51482263e-08
-4.90434781e-08
-5.31550325e-08
-5.51933896e-08
-5.56968986e-08
-5.56220279e-08
-5.54742659e-08
-5.53829608e-08
-5.53500486e-08
-5.53385753e-08
-5.52172883e-08
-5.47907064e-08
-5.38950905e-08
-5.28624279e-08
-5.30851621e-08
-5.55461422e-08
-5.77033456e-08
-5.33893677e-08
-3.72202824e-08
-2.83745722e-08
-4.19012196e-08
-5.1221506e-08
-5.55645152e-08
-5.63531812e-08
-5.59966054e-08
-5.58929778e-08
-5.59110077e-08
-5.57657056e-08
-5.5602383e-08
-5.5510793e-08
-5.54207682e-08
-5.53646756e-08
-5.53564694e-08
-5.49782154e-08
-5.3458363e-08
-5.24512016e-08
-5.87191881e-08
-6.54409068e-08
-4.69795533e-08
-4.39335984e-08
-4.86047428e-08
-5.3050254e-08
-5.53672196e-08
-5.58116117e-08
-5.54892943e-08
-5.51429364e-08
-5.49761346e-08
-5.49433845e-08
-5.5035021e-08
-5.52225105e-08
-5.52595935e-08
-5.4649274e-08
-5.32360804e-08
-5.21030518e-08
-5.29028008e-08
-5.52187832e-08
-5.58606234e-08
-5.19450897e-08
-4.32022538e-08
-2.91357525e-08
-3.80350778e-08
-5.30160038e-08
-5.80823494e-08
-5.70638562e-08
-5.54146334e-08
-5.52090648e-08
-5.56870143e-08
-5.59903533e-08
-5.60953509e-08
-5.61586932e-08
-5.62360443e-08
-5.63401628e-08
-5.64203006e-08
-5.60957744e-08
-5.4646553e-08
-5.2431761e-08
-5.37971183e-08
-6.20228274e-08
-6.40660805e-08
-5.00591527e-08
-4.54405597e-08
-4.92789071e-08
-5.35722014e-08
-5.57036616e-08
-5.60116887e-08
-5.56554231e-08
-5.53030255e-08
-5.50993009e-08
-5.49979907e-08
-5.49719644e-08
-5.50692566e-08
-5.53009803e-08
-5.5480376e-08
-5.51561206e-08
-5.42166929e-08
-5.364601e-08
-5.4352303e-08
-5.45354705e-08
-4.98454706e-08
-3.86719646e-08
-2.8553237e-08
-3.24514426e-08
-4.61769443e-08
-5.571702e-08
-5.84711796e-08
-5.70663329e-08
-5.53613991e-08
-5.50954576e-08
-5.55811758e-08
-5.58992495e-08
-5.59739909e-08
-5.60165653e-08
-5.61208886e-08
-5.6293516e-08
-5.64831743e-08
-5.64581827e-08
-5.56631649e-08
-5.35703422e-08
-5.1651851e-08
-5.51174905e-08
-6.30915282e-08
-5.88328433e-08
-4.41780796e-08
-4.66739543e-08
-5.14889617e-08
-5.49790372e-08
-5.59849173e-08
-5.56174082e-08
-5.51112785e-08
-5.48673001e-08
-5.48101868e-08
-5.48164391e-08
-5.48275151e-08
-5.49299437e-08
-5.51942888e-08
-5.54732724e-08
-5.52999408e-08
-5.43862362e-08
-5.34852316e-08
-5.39685152e-08
-5.55445683e-08
-5.52150196e-08
-4.94877168e-08
-3.82836788e-08
-2.79000725e-08
-3.24654278e-08
-4.41872029e-08
-5.26598348e-08
-5.6220326e-08
-5.61156833e-08
-5.5040425e-08
-5.46857528e-08
-5.49849977e-08
-5.53238544e-08
-5.55068535e-08
-5.56144739e-08
-5.56924484e-08
-5.57229282e-08
-5.56569507e-08
-5.54265482e-08
-5.49076401e-08
-5.37955872e-08
-5.18578858e-08
-5.09610665e-08
-5.70861484e-08
-6.55458274e-08
-5.02553034e-08
-4.29746293e-08
-4.85478443e-08
-5.38254093e-08
-5.67997402e-08
-5.72543998e-08
-5.65871397e-08
-5.59169977e-08
-5.55660552e-08
-5.54649635e-08
-5.54933504e-08
-5.56402483e-08
-5.59236156e-08
-5.6188307e-08
-5.60184193e-08
-5.50801547e-08
-5.39332948e-08
-5.41303493e-08
-5.62994425e-08
-5.83483562e-08
-5.67835312e-08
-4.93273521e-08
-3.52371562e-08
-2.94425909e-08
-4.22016721e-08
-5.19575603e-08
-5.61370409e-08
-5.62534814e-08
-5.52968733e-08
-5.48892399e-08
-5.49446469e-08
-5.5043835e-08
-5.5114993e-08
-5.5178092e-08
-5.52069802e-08
-5.52035735e-08
-5.51605092e-08
-5.49594893e-08
-5.42273899e-08
-5.26425972e-08
-5.2174478e-08
-5.88975987e-08
-6.7184858e-08
-4.99996139e-08
-4.36647251e-08
-4.84301923e-08
-5.32634379e-08
-5.5956217e-08
-5.66371802e-08
-5.6420093e-08
-5.60868148e-08
-5.58842463e-08
-5.58104214e-08
-5.58546507e-08
-5.60273355e-08
-5.61948403e-08
-5.60027523e-08
-5.50808026e-08
-5.37131647e-08
-5.32651361e-08
-5.47722604e-08
-5.65807287e-08
-5.48855032e-08
-4.73489688e-08
-3.3072174e-08
-3.19056264e-08
-4.68388009e-08
-5.6852738e-08
-5.86175347e-08
-5.66484172e-08
-5.5426773e-08
-5.55778516e-08
-5.59017626e-08
-5.5976224e-08
-5.59993058e-08
-5.60509372e-08
-5.61175151e-08
-5.61997726e-08
-5.61310226e-08
-5.53178373e-08
-5.32557486e-08
-5.23717052e-08
-5.87449815e-08
-6.67013344e-08
-5.7629728e-08
-4.56245508e-08
-4.80268089e-08
-5.2062018e-08
-5.49436161e-08
-5.60946853e-08
-5.61558562e-08
-5.58664746e-08
-5.55991446e-08
-5.54361439e-08
-5.53612572e-08
-5.54030741e-08
-5.55584918e-08
-5.56781107e-08
-5.53245614e-08
-5.42369107e-08
-5.32479469e-08
-5.3604816e-08
-5.41746043e-08
-5.07343834e-08
-4.10529488e-08
-3.09817695e-08
-3.10470211e-08
-4.65807401e-08
-5.76385078e-08
-6.0379027e-08
-5.79388885e-08
-5.51698767e-08
-5.46218806e-08
-5.53286245e-08
-5.58025048e-08
-5.58653009e-08
-5.58602602e-08
-5.59636211e-08
-5.61842e-08
-5.64612433e-08
-5.65147668e-08
-5.56609475e-08
-5.32820365e-08
-5.10243992e-08
-5.41240902e-08
-6.19135921e-08
-6.00853552e-08
-4.76972651e-08
-4.84371609e-08
-5.2984969e-08
-5.51259388e-08
-5.52009163e-08
-5.47108856e-08
-5.44473253e-08
-5.44388977e-08
-5.45180241e-08
-5.45867717e-08
-5.47068142e-08
-5.49867762e-08
-5.53429534e-08
-5.53388119e-08
-5.45011338e-08
-5.31616824e-08
-5.25707376e-08
-5.29534574e-08
-5.14678969e-08
-4.38457726e-08
-3.07983812e-08
-2.63673163e-08
-3.9504295e-08
-5.24621154e-08
-5.8257904e-08
-5.7452059e-08
-5.47400041e-08
-5.36725003e-08
-5.42094207e-08
-5.4813433e-08
-5.4992372e-08
-5.50059993e-08
-5.50327989e-08
-5.50935038e-08
-5.51247873e-08
-5.4966791e-08
-5.42295821e-08
-5.24196293e-08
-4.99852567e-08
-5.0198684e-08
-5.70579328e-08
-6.49805758e-08
-6.05402103e-08
-5.01783622e-08
-5.42237507e-08
-5.67996092e-08
-5.70897209e-08
-5.66512615e-08
-5.64329221e-08
-5.6423568e-08
-5.6465636e-08
-5.65183567e-08
-5.67687929e-08
-5.72220226e-08
-5.72272918e-08
-5.60406004e-08
-5.46576815e-08
-5.49049328e-08
-5.47284291e-08
-4.81505764e-08
-3.36662781e-08
-3.59026498e-08
-5.60077953e-08
-6.44994397e-08
-6.36721118e-08
-5.93364784e-08
-5.62829326e-08
-5.58104335e-08
-5.65238292e-08
-5.7137332e-08
-5.74020944e-08
-5.74555339e-08
-5.74500923e-08
-5.74871151e-08
-5.75916488e-08
-5.76733864e-08
-5.73523217e-08
-5.59608839e-08
-5.37050164e-08
-5.41445299e-08
-6.1031938e-08
-6.5753233e-08
-5.44211568e-08
-3.87362894e-08
-3.96400521e-08
-4.35681925e-08
-4.64386658e-08
-4.79903551e-08
-4.84635113e-08
-4.8403189e-08
-4.82139732e-08
-4.80639047e-08
-4.79808359e-08
-4.79471077e-08
-4.79430021e-08
-4.7959223e-08
-4.80102203e-08
-4.80865212e-08
-4.81506607e-08
-4.8142159e-08
-4.8006755e-08
-4.77402403e-08
-4.7417398e-08
-4.71822387e-08
-4.72031925e-08
-4.76165814e-08
-4.84481497e-08
-4.95167244e-08
-5.04079608e-08
-5.05080205e-08
-4.90171477e-08
-4.52101076e-08
-3.9368234e-08
-3.35277944e-08
-3.05146097e-08
-2.93492521e-08
-1.53261584e-08
-6.48271921e-09
-1.50336125e-08
-2.43990054e-08
-3.13869522e-08
-3.56349926e-08
-3.78282491e-08
-3.75997332e-08
-3.50103101e-08
-3.13548096e-08
-2.82932902e-08
-2.66809041e-08
-2.62271842e-08
-2.61747604e-08
-2.60613457e-08
-2.5869534e-08
-2.57759446e-08
-2.59159289e-08
-2.6319163e-08
-2.69579908e-08
-2.78193837e-08
-2.88354036e-08
-2.98498207e-08
-3.05752473e-08
-3.06136477e-08
-2.96078202e-08
-2.74602543e-08
-2.44937823e-08
-2.4478417e-08
-3.72300316e-08
-5.1409143e-08
-5.35532304e-08
-4.84891662e-08
-4.506556e-08
-4.45388495e-08
-4.48070578e-08
-4.48536996e-08
-4.47116374e-08
-4.60223111e-08
-4.77809611e-08
-4.33119104e-08
-2.95360626e-08
-2.83689532e-08
-4.2087306e-08
-5.19072964e-08
-5.57086629e-08
-5.50046569e-08
-5.34909059e-08
-5.34733578e-08
-5.45918933e-08
-5.55862905e-08
-5.59818212e-08
-5.60425116e-08
-5.61060073e-08
-5.62945439e-08
-5.65593686e-08
-5.67470468e-08
-5.64429112e-08
-5.49901511e-08
-5.18795696e-08
-4.75060363e-08
-4.35223128e-08
-4.2141744e-08
-5.11693991e-08
-6.04916474e-08
-5.76432488e-08
-5.2335129e-08
-5.13213697e-08
-5.25800899e-08
-5.37758622e-08
-5.43913802e-08
-5.46224379e-08
-5.46810179e-08
-5.46827768e-08
-5.46102091e-08
-5.43969138e-08
-5.42705544e-08
-5.46406845e-08
-5.52661901e-08
-5.48257429e-08
-5.1617684e-08
-4.45609271e-08
-3.40248011e-08
-2.47935121e-08
-3.23012839e-08
-4.40106941e-08
-5.27181634e-08
-5.56361805e-08
-5.46192689e-08
-5.30832941e-08
-5.29774652e-08
-5.39840363e-08
-5.50064678e-08
-5.552479e-08
-5.56303002e-08
-5.5585053e-08
-5.55668271e-08
-5.56361037e-08
-5.57577584e-08
-5.58120528e-08
-5.54848247e-08
-5.42479101e-08
-5.16294597e-08
-4.79142081e-08
-4.48830487e-08
-4.62776941e-08
-6.46183363e-08
-6.3948974e-08
-5.38269771e-08
-5.13440823e-08
-5.26823054e-08
-5.40193907e-08
-5.46030651e-08
-5.47198424e-08
-5.46731556e-08
-5.45987892e-08
-5.45379455e-08
-5.45002907e-08
-5.44714831e-08
-5.4434869e-08
-5.44774964e-08
-5.48929976e-08
-5.58420448e-08
-5.63259441e-08
-5.36209891e-08
-4.49250831e-08
-3.17529967e-08
-2.45149359e-08
-3.49771242e-08
-4.62707313e-08
-5.4281569e-08
-5.67799732e-08
-5.52873574e-08
-5.34341375e-08
-5.32285503e-08
-5.39370089e-08
-5.43510811e-08
-5.43034452e-08
-5.41407064e-08
-5.40565552e-08
-5.40620618e-08
-5.41716037e-08
-5.44114666e-08
-5.46597587e-08
-5.44427317e-08
-5.2935771e-08
-4.97261358e-08
-4.62861991e-08
-4.70334878e-08
-6.00470799e-08
-5.53052425e-08
-4.87844006e-08
-4.91310654e-08
-5.17325894e-08
-5.35449759e-08
-5.43082626e-08
-5.45213385e-08
-5.45469574e-08
-5.45282268e-08
-5.45112675e-08
-5.44780163e-08
-5.42684217e-08
-5.37409075e-08
-5.3473184e-08
-5.46737763e-08
-5.69765096e-08
-5.72013968e-08
-5.19239549e-08
-4.09411341e-08
-2.74419681e-08
-2.83302857e-08
-4.2736919e-08
-5.2110675e-08
-5.52655975e-08
-5.55082769e-08
-5.52733554e-08
-5.51195659e-08
-5.49412434e-08
-5.47527215e-08
-5.46432732e-08
-5.46472003e-08
-5.47566276e-08
-5.49339991e-08
-5.51425847e-08
-5.51427181e-08
-5.43590446e-08
-5.22247296e-08
-5.01270553e-08
-5.74012122e-08
-6.46796238e-08
-5.27754964e-08
-4.55018329e-08
-4.67055949e-08
-5.01313679e-08
-5.27365446e-08
-5.40938669e-08
-5.46205599e-08
-5.47453503e-08
-5.47064401e-08
-5.45738753e-08
-5.42763371e-08
-5.37403993e-08
-5.29330917e-08
-5.20463205e-08
-5.18340248e-08
-5.3351177e-08
-5.61068592e-08
-5.65825723e-08
-4.98922051e-08
-3.38811964e-08
-2.56926266e-08
-3.74376703e-08
-4.74660876e-08
-5.3721311e-08
-5.5773154e-08
-5.55017532e-08
-5.51137655e-08
-5.51980169e-08
-5.52618825e-08
-5.51224905e-08
-5.49779488e-08
-5.49017784e-08
-5.48220466e-08
-5.45853726e-08
-5.38238619e-08
-5.24491067e-08
-5.2479992e-08
-5.85794947e-08
-6.41107492e-08
-4.65323313e-08
-4.32899501e-08
-4.66689758e-08
-5.06528455e-08
-5.33814096e-08
-5.46619166e-08
-5.50108306e-08
-5.4977844e-08
-5.48768259e-08
-5.48140908e-08
-5.47900845e-08
-5.46130251e-08
-5.39374312e-08
-5.26251585e-08
-5.13935056e-08
-5.1672831e-08
-5.37741653e-08
-5.54251278e-08
-5.33931602e-08
-4.68302318e-08
-3.78344752e-08
-2.61180024e-08
-3.51222495e-08
-4.99635608e-08
-5.69508894e-08
-5.72331738e-08
-5.53576883e-08
-5.43839574e-08
-5.45912324e-08
-5.50643915e-08
-5.53516542e-08
-5.54948071e-08
-5.55561685e-08
-5.55187236e-08
-5.52117123e-08
-5.43456438e-08
-5.29062861e-08
-5.2373401e-08
-5.60679791e-08
-6.27344941e-08
-6.07678237e-08
-4.75377957e-08
-4.48400469e-08
-4.75196368e-08
-5.11831246e-08
-5.38333081e-08
-5.51076838e-08
-5.54567208e-08
-5.53995055e-08
-5.52462425e-08
-5.51210855e-08
-5.50781476e-08
-5.51109664e-08
-5.50823903e-08
-5.46785446e-08
-5.37320593e-08
-5.28494676e-08
-5.30815012e-08
-5.38746938e-08
-5.20064303e-08
-4.41125757e-08
-3.21506459e-08
-2.52651322e-08
-2.98285662e-08
-4.16857601e-08
-5.24259065e-08
-5.75180082e-08
-5.74653016e-08
-5.55359182e-08
-5.44619854e-08
-5.46311822e-08
-5.51353754e-08
-5.54419151e-08
-5.55909072e-08
-5.57022057e-08
-5.57755886e-08
-5.56827984e-08
-5.51498654e-08
-5.38659305e-08
-5.21492477e-08
-5.22484655e-08
-5.72165237e-08
-6.22718254e-08
-5.51036858e-08
-4.26778393e-08
-4.5821481e-08
-4.99486393e-08
-5.33359155e-08
-5.50315546e-08
-5.5400141e-08
-5.52035571e-08
-5.49359728e-08
-5.47684917e-08
-5.47121077e-08
-5.47584244e-08
-5.4918476e-08
-5.50497496e-08
-5.48061219e-08
-5.39266256e-08
-5.28780481e-08
-5.28769572e-08
-5.4279378e-08
-5.50619417e-08
-5.18992091e-08
-4.31796202e-08
-3.18354904e-08
-2.48460731e-08
-2.93737911e-08
-3.92119267e-08
-4.87144202e-08
-5.44644595e-08
-5.59205505e-08
-5.50522928e-08
-5.41582708e-08
-5.40847999e-08
-5.44312894e-08
-5.47285501e-08
-5.48847001e-08
-5.49577953e-08
-5.49588695e-08
-5.48382299e-08
-5.45012719e-08
-5.37794716e-08
-5.24857746e-08
-5.09324426e-08
-5.13673215e-08
-5.78306716e-08
-6.38926198e-08
-4.90311459e-08
-4.23906015e-08
-4.69006505e-08
-5.1676206e-08
-5.49395822e-08
-5.63351501e-08
-5.64954308e-08
-5.61930105e-08
-5.58793707e-08
-5.57032664e-08
-5.56612465e-08
-5.57374556e-08
-5.57767595e-08
-5.54673509e-08
-5.45431112e-08
-5.33370614e-08
-5.30610673e-08
-5.46795849e-08
-5.70438882e-08
-5.71149021e-08
-5.24439504e-08
-4.30899394e-08
-3.05663332e-08
-2.70446749e-08
-3.80322401e-08
-4.83936367e-08
-5.45106018e-08
-5.5980966e-08
-5.51671419e-08
-5.4362148e-08
-5.42235484e-08
-5.43527331e-08
-5.44335166e-08
-5.44714961e-08
-5.45043521e-08
-5.44903693e-08
-5.43628356e-08
-5.3951955e-08
-5.30158909e-08
-5.17688662e-08
-5.23769627e-08
-5.9038943e-08
-6.56313205e-08
-4.93175907e-08
-4.32159798e-08
-4.64749612e-08
-5.071839e-08
-5.37907707e-08
-5.53649051e-08
-5.59043708e-08
-5.59622173e-08
-5.58836322e-08
-5.5810245e-08
-5.57796287e-08
-5.5687048e-08
-5.52853317e-08
-5.43296836e-08
-5.30029695e-08
-5.22695899e-08
-5.32159283e-08
-5.52419823e-08
-5.54434037e-08
-5.08611603e-08
-4.17743719e-08
-2.93210396e-08
-2.89588767e-08
-4.27822476e-08
-5.44695963e-08
-5.83787876e-08
-5.69629527e-08
-5.49975896e-08
-5.45618493e-08
-5.49308165e-08
-5.52108756e-08
-5.53234032e-08
-5.538314e-08
-5.53907206e-08
-5.52489683e-08
-5.4715715e-08
-5.35241849e-08
-5.22291525e-08
-5.37152692e-08
-6.06452559e-08
-6.49804231e-08
-5.48840447e-08
-4.49405587e-08
-4.64052288e-08
-4.95695352e-08
-5.24603169e-08
-5.43521912e-08
-5.5271042e-08
-5.55619106e-08
-5.5559386e-08
-5.54691491e-08
-5.53896781e-08
-5.53397545e-08
-5.52293853e-08
-5.47734228e-08
-5.37274111e-08
-5.25558743e-08
-5.24178406e-08
-5.32606097e-08
-5.21821706e-08
-4.54464484e-08
-3.43063905e-08
-2.67686475e-08
-2.92129125e-08
-4.29650386e-08
-5.48724036e-08
-6.00179372e-08
-5.89908743e-08
-5.57691343e-08
-5.40426597e-08
-5.42718705e-08
-5.50086897e-08
-5.54431274e-08
-5.56368618e-08
-5.57556917e-08
-5.58285278e-08
-5.57008237e-08
-5.50432694e-08
-5.35290162e-08
-5.16372419e-08
-5.18501936e-08
-5.6782186e-08
-6.15754514e-08
-5.61010461e-08
-4.55175943e-08
-4.75818675e-08
-5.14510131e-08
-5.39084888e-08
-5.47449749e-08
-5.47391074e-08
-5.45422841e-08
-5.44198934e-08
-5.44100098e-08
-5.44791101e-08
-5.4664469e-08
-5.48411505e-08
-5.46860555e-08
-5.3858166e-08
-5.25243779e-08
-5.16274642e-08
-5.18458085e-08
-5.17777478e-08
-4.79285414e-08
-3.80609504e-08
-2.62849709e-08
-2.41426914e-08
-3.50341041e-08
-4.82918392e-08
-5.66497113e-08
-5.79927046e-08
-5.54574872e-08
-5.32454571e-08
-5.29899116e-08
-5.36476727e-08
-5.41461529e-08
-5.43494269e-08
-5.43942692e-08
-5.42955937e-08
-5.39960371e-08
-5.32993105e-08
-5.20275554e-08
-5.04255658e-08
-4.99677878e-08
-5.32453011e-08
-6.00821979e-08
-6.33316736e-08
-5.66645049e-08
-4.9558549e-08
-5.34046667e-08
-5.59451578e-08
-5.66683976e-08
-5.65040648e-08
-5.62195067e-08
-5.60746301e-08
-5.60786696e-08
-5.62487006e-08
-5.65970261e-08
-5.6766677e-08
-5.60672724e-08
-5.45902676e-08
-5.39495176e-08
-5.45177956e-08
-5.24694003e-08
-4.32226346e-08
-2.93532017e-08
-3.41690816e-08
-5.26185366e-08
-6.26453285e-08
-6.42771829e-08
-6.09402356e-08
-5.71489544e-08
-5.53764863e-08
-5.53655579e-08
-5.59287961e-08
-5.64188064e-08
-5.67076939e-08
-5.68255519e-08
-5.68482697e-08
-5.67609267e-08
-5.64109211e-08
-5.55460361e-08
-5.4166924e-08
-5.35465497e-08
-5.65484182e-08
-6.28004629e-08
-6.29171799e-08
-4.99922984e-08
-3.81022721e-08
-3.97544323e-08
-4.27054047e-08
-4.51623376e-08
-4.67788632e-08
-4.76058665e-08
-4.78995032e-08
-4.79253096e-08
-4.78591572e-08
-4.77857369e-08
-4.77334911e-08
-4.77048948e-08
-4.76978832e-08
-4.76866835e-08
-4.76297168e-08
-4.74786394e-08
-4.72089622e-08
-4.6859212e-08
-4.65450752e-08
-4.64264024e-08
-4.66383294e-08
-4.72299331e-08
-4.81241261e-08
-4.90648703e-08
-4.9609923e-08
-4.92221869e-08
-4.72770707e-08
-4.31029519e-08
-3.66486849e-08
-2.96293522e-08
-2.50471123e-08
-2.46500931e-08
-2.47181317e-08
-1.1441743e-08
-2.79408315e-09
-7.89424928e-09
-1.55855231e-08
-2.31475277e-08
-2.89041941e-08
-3.35354121e-08
-3.66192734e-08
-3.71212478e-08
-3.50449361e-08
-3.16454685e-08
-2.85597808e-08
-2.67610197e-08
-2.61790719e-08
-2.6220003e-08
-2.63911949e-08
-2.6533784e-08
-2.6702144e-08
-2.69931053e-08
-2.74480617e-08
-2.8013001e-08
-2.85942955e-08
-2.90336248e-08
-2.91170863e-08
-2.86213938e-08
-2.74121229e-08
-2.55844903e-08
-2.37159545e-08
-2.37494169e-08
-3.48275451e-08
-4.8825738e-08
-5.29385664e-08
-4.92815186e-08
-4.55131173e-08
-4.40981608e-08
-4.39440749e-08
-4.39104249e-08
-4.4047858e-08
-4.59763127e-08
-4.7721038e-08
-4.28555863e-08
-3.02533762e-08
-2.26833812e-08
-3.29803103e-08
-4.45092437e-08
-5.24300351e-08
-5.49210425e-08
-5.38178082e-08
-5.23571735e-08
-5.23028459e-08
-5.33404846e-08
-5.44630253e-08
-5.51468821e-08
-5.54322191e-08
-5.54969232e-08
-5.53725984e-08
-5.48549022e-08
-5.36569372e-08
-5.15037864e-08
-4.84015323e-08
-4.48892033e-08
-4.20047665e-08
-4.12580249e-08
-4.81952446e-08
-5.81307067e-08
-5.82444722e-08
-5.36514803e-08
-5.11761946e-08
-5.12317618e-08
-5.21383932e-08
-5.29458448e-08
-5.34412578e-08
-5.36910588e-08
-5.3730148e-08
-5.35338909e-08
-5.3381806e-08
-5.37825101e-08
-5.46054929e-08
-5.46269627e-08
-5.22580477e-08
-4.65999813e-08
-3.80187042e-08
-2.86288937e-08
-2.19788528e-08
-2.60295773e-08
-3.54687051e-08
-4.62181278e-08
-5.30608778e-08
-5.47961302e-08
-5.35253989e-08
-5.20491611e-08
-5.18085352e-08
-5.2579447e-08
-5.35684381e-08
-5.42857736e-08
-5.4654024e-08
-5.47623491e-08
-5.47051177e-08
-5.44732828e-08
-5.39222495e-08
-5.28409217e-08
-5.10218309e-08
-4.84672144e-08
-4.56722158e-08
-4.39105036e-08
-4.61112598e-08
-6.31951787e-08
-6.36290674e-08
-5.50703233e-08
-5.13509559e-08
-5.14303222e-08
-5.24487566e-08
-5.32595082e-08
-5.36999631e-08
-5.38867362e-08
-5.39409278e-08
-5.39319125e-08
-5.38819495e-08
-5.38129957e-08
-5.38279154e-08
-5.41493222e-08
-5.48986173e-08
-5.55208219e-08
-5.42184778e-08
-4.85513081e-08
-3.78360793e-08
-2.62804467e-08
-2.15137831e-08
-2.8398356e-08
-3.79826322e-08
-4.82223697e-08
-5.46793855e-08
-5.58898135e-08
-5.41276876e-08
-5.26451949e-08
-5.26512475e-08
-5.33304701e-08
-5.37869418e-08
-5.39014389e-08
-5.39061693e-08
-5.39449354e-08
-5.40061532e-08
-5.4022546e-08
-5.37915468e-08
-5.29509134e-08
-5.11204005e-08
-4.83369373e-08
-4.56417134e-08
-4.54394655e-08
-5.8032482e-08
-5.6317967e-08
-5.00322085e-08
-4.83667806e-08
-4.97588039e-08
-5.15237045e-08
-5.27208418e-08
-5.33529497e-08
-5.36328809e-08
-5.37228774e-08
-5.3685931e-08
-5.34665696e-08
-5.30137139e-08
-5.2713813e-08
-5.35356923e-08
-5.56772392e-08
-5.697713e-08
-5.40346489e-08
-4.54832849e-08
-3.39625479e-08
-2.37888151e-08
-2.4211264e-08
-3.63102213e-08
-4.71688386e-08
-5.28200743e-08
-5.44413923e-08
-5.45530806e-08
-5.45108515e-08
-5.45436695e-08
-5.45740983e-08
-5.45802356e-08
-5.45930404e-08
-5.46258511e-08
-5.46394392e-08
-5.45090536e-08
-5.40037524e-08
-5.28331778e-08
-5.10239569e-08
-5.00529825e-08
-5.53094603e-08
-6.34769392e-08
-5.59258087e-08
-4.7597943e-08
-4.54719002e-08
-4.68974746e-08
-4.89892419e-08
-5.06096787e-08
-5.15865482e-08
-5.20564235e-08
-5.21894013e-08
-5.2029785e-08
-5.16195218e-08
-5.10754701e-08
-5.06428241e-08
-5.08102047e-08
-5.21800043e-08
-5.46532751e-08
-5.62632709e-08
-5.34727805e-08
-4.38245947e-08
-2.89123676e-08
-2.25376794e-08
-3.15061751e-08
-4.14621248e-08
-4.99725814e-08
-5.44844936e-08
-5.52432841e-08
-5.45193617e-08
-5.41808509e-08
-5.43735533e-08
-5.45112861e-08
-5.44234406e-08
-5.42454917e-08
-5.39569316e-08
-5.34003292e-08
-5.24646695e-08
-5.15560874e-08
-5.252931e-08
-5.82076295e-08
-6.32768776e-08
-4.65241364e-08
-4.26968119e-08
-4.45559836e-08
-4.76447014e-08
-5.03112422e-08
-5.20978133e-08
-5.30861186e-08
-5.3532184e-08
-5.36499795e-08
-5.3583641e-08
-5.32004824e-08
-5.23619449e-08
-5.11520351e-08
-5.02412376e-08
-5.07109724e-08
-5.27960084e-08
-5.47278709e-08
-5.35113412e-08
-4.75967269e-08
-3.89807719e-08
-3.14376252e-08
-2.27344721e-08
-3.013029e-08
-4.4348479e-08
-5.40822341e-08
-5.71468915e-08
-5.60949029e-08
-5.4298443e-08
-5.35197951e-08
-5.36595026e-08
-5.39974122e-08
-5.41655729e-08
-5.4116274e-08
-5.38547583e-08
-5.33102968e-08
-5.25468608e-08
-5.21707767e-08
-5.37189081e-08
-5.83272894e-08
-6.22621437e-08
-5.7238069e-08
-4.52618106e-08
-4.39724981e-08
-4.5575371e-08
-4.82317113e-08
-5.07659289e-08
-5.26142846e-08
-5.37229323e-08
-5.42830247e-08
-5.4512245e-08
-5.45644947e-08
-5.44957633e-08
-5.42326622e-08
-5.36136036e-08
-5.26182733e-08
-5.1749511e-08
-5.18534929e-08
-5.27400158e-08
-5.20208675e-08
-4.64370032e-08
-3.55157055e-08
-2.49628456e-08
-2.24383339e-08
-2.54200121e-08
-3.43220781e-08
-4.60313596e-08
-5.44411715e-08
-5.739116e-08
-5.64340054e-08
-5.45760663e-08
-5.36985915e-08
-5.38367412e-08
-5.42645175e-08
-5.45390844e-08
-5.45942091e-08
-5.44421327e-08
-5.40075599e-08
-5.31816212e-08
-5.21054006e-08
-5.16777348e-08
-5.3755846e-08
-5.87441317e-08
-6.05940756e-08
-5.17798943e-08
-4.15240412e-08
-4.45268683e-08
-4.78818128e-08
-5.09119525e-08
-5.30287977e-08
-5.41702153e-08
-5.46296906e-08
-5.47411711e-08
-5.47255297e-08
-5.46800734e-08
-5.46312995e-08
-5.4447928e-08
-5.39000839e-08
-5.28921628e-08
-5.18885466e-08
-5.18758536e-08
-5.32159851e-08
-5.43110208e-08
-5.22303698e-08
-4.49960252e-08
-3.40240975e-08
-2.47093657e-08
-2.2048567e-08
-2.48312924e-08
-3.17530011e-08
-4.16951927e-08
-5.01623271e-08
-5.45658574e-08
-5.52065745e-08
-5.41902177e-08
-5.33795079e-08
-5.32898419e-08
-5.35650301e-08
-5.38147033e-08
-5.39095566e-08
-5.38479922e-08
-5.36136494e-08
-5.31126334e-08
-5.22510613e-08
-5.10872244e-08
-5.03173648e-08
-5.19976e-08
-5.82777439e-08
-6.24957401e-08
-4.84372668e-08
-4.19217702e-08
-4.48460214e-08
-4.87968499e-08
-5.20266334e-08
-5.40839205e-08
-5.51113232e-08
-5.5481282e-08
-5.55276571e-08
-5.54399089e-08
-5.53047501e-08
-5.50096141e-08
-5.43747646e-08
-5.33246453e-08
-5.22395629e-08
-5.20923303e-08
-5.36245e-08
-5.59745421e-08
-5.65102783e-08
-5.27677178e-08
-4.46023199e-08
-3.4610117e-08
-2.54908231e-08
-2.38068621e-08
-3.1724672e-08
-4.21531445e-08
-5.0745904e-08
-5.48631376e-08
-5.52632523e-08
-5.42575363e-08
-5.35607128e-08
-5.34976743e-08
-5.36512683e-08
-5.37205763e-08
-5.36859001e-08
-5.35579075e-08
-5.32441277e-08
-5.26340347e-08
-5.17293764e-08
-5.11095798e-08
-5.26980251e-08
-5.89923278e-08
-6.44047875e-08
-4.90930278e-08
-4.29782226e-08
-4.43974248e-08
-4.7542414e-08
-5.0430534e-08
-5.24767638e-08
-5.36920493e-08
-5.43046564e-08
-5.45381245e-08
-5.45461359e-08
-5.43027547e-08
-5.36883841e-08
-5.2668017e-08
-5.15464261e-08
-5.11092245e-08
-5.21013907e-08
-5.40978812e-08
-5.48720937e-08
-5.16421164e-08
-4.37236025e-08
-3.43330549e-08
-2.52703845e-08
-2.47582688e-08
-3.61866395e-08
-4.95392027e-08
-5.69878009e-08
-5.77269545e-08
-5.55527611e-08
-5.39486424e-08
-5.36823199e-08
-5.39378191e-08
-5.41122268e-08
-5.41114377e-08
-5.39384264e-08
-5.35408237e-08
-5.28586421e-08
-5.21436847e-08
-5.25129643e-08
-5.5926242e-08
-6.18993683e-08
-6.27977402e-08
-5.25262054e-08
-4.45380919e-08
-4.45769669e-08
-4.65513469e-08
-4.89072629e-08
-5.09739132e-08
-5.24861445e-08
-5.34442545e-08
-5.39721784e-08
-5.42069724e-08
-5.42316383e-08
-5.40149636e-08
-5.34245579e-08
-5.23938149e-08
-5.1342454e-08
-5.11777273e-08
-5.20455351e-08
-5.18788903e-08
-4.72517942e-08
-3.70476107e-08
-2.65654695e-08
-2.3203605e-08
-2.55764172e-08
-3.61846936e-08
-4.89456172e-08
-5.76815464e-08
-5.99760531e-08
-5.76306694e-08
-5.46023166e-08
-5.3318189e-08
-5.35215396e-08
-5.40629887e-08
-5.43905362e-08
-5.44449018e-08
-5.42443879e-08
-5.37041975e-08
-5.27464983e-08
-5.16384847e-08
-5.14730895e-08
-5.39690912e-08
-5.87020036e-08
-5.98415543e-08
-5.21993997e-08
-4.36461238e-08
-4.61462701e-08
-4.92503135e-08
-5.17339149e-08
-5.32150989e-08
-5.39016573e-08
-5.41468829e-08
-5.42106114e-08
-5.4212714e-08
-5.42023383e-08
-5.40486927e-08
-5.3530613e-08
-5.25023568e-08
-5.12213785e-08
-5.04250672e-08
-5.06454815e-08
-5.09690734e-08
-4.87708014e-08
-4.14995496e-08
-3.02925589e-08
-2.17369114e-08
-2.12757027e-08
-2.82830796e-08
-4.09591481e-08
-5.23699119e-08
-5.7610751e-08
-5.70169096e-08
-5.41387952e-08
-5.22589516e-08
-5.20169341e-08
-5.24077519e-08
-5.26714621e-08
-5.26565147e-08
-5.23730031e-08
-5.18353616e-08
-5.10513371e-08
-5.02691976e-08
-5.02460849e-08
-5.22383278e-08
-5.67472807e-08
-6.11271666e-08
-6.0121709e-08
-5.30347162e-08
-4.91218445e-08
-5.19273468e-08
-5.44664825e-08
-5.57730534e-08
-5.61852695e-08
-5.62073739e-08
-5.61615625e-08
-5.61666059e-08
-5.62570933e-08
-5.62012529e-08
-5.55391089e-08
-5.41969147e-08
-5.32102984e-08
-5.35326011e-08
-5.3184388e-08
-4.7832088e-08
-3.62346814e-08
-2.47908277e-08
-3.05327794e-08
-4.60845332e-08
-5.80546321e-08
-6.36195886e-08
-6.30382719e-08
-5.95904668e-08
-5.64906505e-08
-5.49801018e-08
-5.46874434e-08
-5.48722497e-08
-5.51044512e-08
-5.52239553e-08
-5.51725813e-08
-5.49250927e-08
-5.44382451e-08
-5.38065583e-08
-5.35849153e-08
-5.50663106e-08
-5.91987466e-08
-6.3087195e-08
-5.93450153e-08
-4.65657469e-08
-3.81425296e-08
-3.94674042e-08
-4.15250875e-08
-4.34259358e-08
-4.49200139e-08
-4.5952469e-08
-4.65812165e-08
-4.69162364e-08
-4.7065445e-08
-4.71075308e-08
-4.70876348e-08
-4.70282536e-08
-4.69199806e-08
-4.6734756e-08
-4.64577783e-08
-4.61155418e-08
-4.58014725e-08
-4.56623588e-08
-4.58335692e-08
-4.63598925e-08
-4.71511723e-08
-4.80051791e-08
-4.8606117e-08
-4.85142964e-08
-4.7275021e-08
-4.45029197e-08
-3.97329989e-08
-3.27803147e-08
-2.50002587e-08
-1.94492089e-08
-1.83223346e-08
-2.05368257e-08
-1.95706919e-08
-6.58235481e-09
-1.01589446e-09
-3.23277922e-09
-7.0549913e-09
-1.31941278e-08
-1.89884689e-08
-2.46134769e-08
-3.02398964e-08
-3.47202311e-08
-3.66404092e-08
-3.57319568e-08
-3.29400234e-08
-2.9802992e-08
-2.7448379e-08
-2.624161e-08
-2.59291471e-08
-2.60562543e-08
-2.6290624e-08
-2.64853792e-08
-2.66542075e-08
-2.67882333e-08
-2.68093455e-08
-2.66282729e-08
-2.61548936e-08
-2.53393025e-08
-2.42314083e-08
-2.3067866e-08
-2.24732502e-08
-2.41941627e-08
-3.42348761e-08
-4.71210696e-08
-5.20264664e-08
-4.9924782e-08
-4.65460284e-08
-4.45321334e-08
-4.37727327e-08
-4.34970191e-08
-4.43865718e-08
-4.69212218e-08
-4.72437659e-08
-4.02803262e-08
-2.78699095e-08
-1.90897795e-08
-2.34783444e-08
-3.31555779e-08
-4.39369981e-08
-5.14343579e-08
-5.39013795e-08
-5.2928941e-08
-5.11928967e-08
-5.03714039e-08
-5.06641651e-08
-5.14023982e-08
-5.19169199e-08
-5.1929621e-08
-5.15276817e-08
-5.06049647e-08
-4.90823431e-08
-4.69733622e-08
-4.44852067e-08
-4.2051849e-08
-4.03203287e-08
-4.04630018e-08
-4.57875672e-08
-5.56869992e-08
-5.80572528e-08
-5.49854322e-08
-5.19448619e-08
-5.0697422e-08
-5.06947794e-08
-5.11440833e-08
-5.16134927e-08
-5.19310492e-08
-5.19686453e-08
-5.21210312e-08
-5.29385743e-08
-5.41162456e-08
-5.42354532e-08
-5.17681564e-08
-4.60741896e-08
-3.77338572e-08
-2.8517235e-08
-2.15394463e-08
-1.89168833e-08
-2.0048217e-08
-2.48140666e-08
-3.50119942e-08
-4.54918724e-08
-5.19969125e-08
-5.38798292e-08
-5.28503602e-08
-5.11540943e-08
-5.01398701e-08
-5.0043893e-08
-5.04467433e-08
-5.08675729e-08
-5.10310321e-08
-5.08448149e-08
-5.03689886e-08
-4.95287016e-08
-4.82885937e-08
-4.66854423e-08
-4.49220973e-08
-4.34839101e-08
-4.34578008e-08
-4.77396235e-08
-6.23448645e-08
-6.31045598e-08
-5.64411508e-08
-5.21779975e-08
-5.09099395e-08
-5.10565685e-08
-5.15771259e-08
-5.20602821e-08
-5.24090714e-08
-5.26225407e-08
-5.27138829e-08
-5.2769323e-08
-5.29446311e-08
-5.34029983e-08
-5.40967934e-08
-5.44603478e-08
-5.31841362e-08
-4.84264815e-08
-3.92188148e-08
-2.76888665e-08
-1.96461835e-08
-1.85378362e-08
-2.13211685e-08
-2.69693251e-08
-3.72662681e-08
-4.76900656e-08
-5.38728204e-08
-5.49878994e-08
-5.33830215e-08
-5.18568604e-08
-5.15552889e-08
-5.20543884e-08
-5.25951936e-08
-5.28555832e-08
-5.28784611e-08
-5.27795384e-08
-5.24561327e-08
-5.17793798e-08
-5.05930517e-08
-4.88279259e-08
-4.6660956e-08
-4.46731824e-08
-4.43368856e-08
-5.62882181e-08
-5.6875956e-08
-5.1763467e-08
-4.86853922e-08
-4.83536625e-08
-4.92271015e-08
-5.02435158e-08
-5.10195754e-08
-5.15043542e-08
-5.17739871e-08
-5.17592792e-08
-5.1584888e-08
-5.17033956e-08
-5.28070111e-08
-5.48862959e-08
-5.623017e-08
-5.39293346e-08
-4.62628288e-08
-3.4965228e-08
-2.49365021e-08
-1.97048429e-08
-1.94707732e-08
-2.74168726e-08
-3.85361206e-08
-4.7213059e-08
-5.15501835e-08
-5.29289548e-08
-5.31526817e-08
-5.3185809e-08
-5.32788069e-08
-5.33937287e-08
-5.34457384e-08
-5.3372534e-08
-5.31472665e-08
-5.27139453e-08
-5.19715024e-08
-5.08979747e-08
-4.97778112e-08
-4.9691484e-08
-5.32188319e-08
-6.17208208e-08
-5.85250317e-08
-5.1541385e-08
-4.71997695e-08
-4.58938922e-08
-4.61658095e-08
-4.6911831e-08
-4.76153847e-08
-4.81150871e-08
-4.83908977e-08
-4.85522738e-08
-4.87727168e-08
-4.92682203e-08
-5.03133826e-08
-5.20856316e-08
-5.42675463e-08
-5.55468672e-08
-5.34911621e-08
-4.60433087e-08
-3.40965922e-08
-2.23648454e-08
-1.90500905e-08
-2.40758714e-08
-3.23398845e-08
-4.24754491e-08
-5.05110656e-08
-5.43065261e-08
-5.45268704e-08
-5.34797375e-08
-5.29015703e-08
-5.29552073e-08
-5.30433791e-08
-5.28302056e-08
-5.24187373e-08
-5.18012107e-08
-5.1100831e-08
-5.08928536e-08
-5.2537212e-08
-5.75845661e-08
-6.28946254e-08
-4.81477126e-08
-4.27158569e-08
-4.25703253e-08
-4.41861311e-08
-4.60783488e-08
-4.76703075e-08
-4.87856965e-08
-4.94292954e-08
-4.96721763e-08
-4.95338523e-08
-4.9041514e-08
-4.85419044e-08
-4.87062657e-08
-5.01290696e-08
-5.25135817e-08
-5.41911692e-08
-5.27031611e-08
-4.64969272e-08
-3.70049947e-08
-2.85905781e-08
-2.46314475e-08
-1.91124904e-08
-2.28468177e-08
-3.48919968e-08
-4.7222642e-08
-5.4673883e-08
-5.67660445e-08
-5.56598014e-08
-5.38244016e-08
-5.26947042e-08
-5.23808706e-08
-5.23683093e-08
-5.23033333e-08
-5.21349896e-08
-5.19926996e-08
-5.21808443e-08
-5.33254282e-08
-5.60939348e-08
-5.98503194e-08
-6.07489087e-08
-5.39932143e-08
-4.32852058e-08
-4.23599026e-08
-4.33451106e-08
-4.50308757e-08
-4.69035089e-08
-4.86055461e-08
-4.99390773e-08
-5.0857789e-08
-5.13941368e-08
-5.16407756e-08
-5.14890724e-08
-5.09564563e-08
-5.02609649e-08
-4.99337786e-08
-5.0480903e-08
-5.14888509e-08
-5.09546264e-08
-4.6190141e-08
-3.61505483e-08
-2.45418703e-08
-1.85698249e-08
-2.03008709e-08
-1.98478236e-08
-2.42908033e-08
-3.51657713e-08
-4.66773835e-08
-5.4301695e-08
-5.6835788e-08
-5.59495839e-08
-5.40900137e-08
-5.28287479e-08
-5.24545012e-08
-5.24983327e-08
-5.24877645e-08
-5.22508997e-08
-5.18733565e-08
-5.14707613e-08
-5.14602246e-08
-5.26508142e-08
-5.57485294e-08
-5.94387286e-08
-5.85695246e-08
-4.93865934e-08
-4.07440722e-08
-4.25865358e-08
-4.51002994e-08
-4.75207031e-08
-4.95415879e-08
-5.10115157e-08
-5.19452507e-08
-5.24515876e-08
-5.26419379e-08
-5.26138798e-08
-5.23010788e-08
-5.16066227e-08
-5.07173844e-08
-5.02253632e-08
-5.08268172e-08
-5.24187721e-08
-5.34078917e-08
-5.12395201e-08
-4.42633733e-08
-3.33466216e-08
-2.29646865e-08
-1.83996795e-08
-1.98003618e-08
-1.95043324e-08
-2.2308225e-08
-3.07998352e-08
-4.12129345e-08
-4.95307745e-08
-5.37751434e-08
-5.44987318e-08
-5.35810609e-08
-5.25884254e-08
-5.2136685e-08
-5.21085012e-08
-5.21586291e-08
-5.20483478e-08
-5.1717416e-08
-5.11881008e-08
-5.04880754e-08
-4.98854404e-08
-5.01718364e-08
-5.28243441e-08
-5.85469452e-08
-6.1656268e-08
-4.88186227e-08
-4.22384475e-08
-4.27394994e-08
-4.51602504e-08
-4.76952158e-08
-4.9739694e-08
-5.11431183e-08
-5.19654715e-08
-5.23353784e-08
-5.23673314e-08
-5.21370359e-08
-5.15600639e-08
-5.08207241e-08
-5.04502099e-08
-5.11675282e-08
-5.31661226e-08
-5.53599479e-08
-5.54847055e-08
-5.13647129e-08
-4.28822999e-08
-3.26266777e-08
-2.46522484e-08
-2.07109488e-08
-1.97699651e-08
-2.33580056e-08
-3.22477295e-08
-4.28111899e-08
-5.0702168e-08
-5.43131159e-08
-5.46084131e-08
-5.3552506e-08
-5.26631506e-08
-5.23944359e-08
-5.24259891e-08
-5.2368508e-08
-5.21039955e-08
-5.1688892e-08
-5.11180952e-08
-5.05990736e-08
-5.08055094e-08
-5.31406588e-08
-5.88395263e-08
-6.36570731e-08
-4.98780577e-08
-4.34521051e-08
-4.27032085e-08
-4.41139532e-08
-4.60222853e-08
-4.77455609e-08
-4.90397283e-08
-4.98703831e-08
-5.02817258e-08
-5.03511577e-08
-5.00263149e-08
-4.9504292e-08
-4.92439444e-08
-4.98319963e-08
-5.14792852e-08
-5.34416793e-08
-5.39096865e-08
-5.06306565e-08
-4.27716392e-08
-3.27079029e-08
-2.55198608e-08
-2.12843023e-08
-1.95275065e-08
-2.66594375e-08
-4.02388724e-08
-5.19643853e-08
-5.72749659e-08
-5.71590986e-08
-5.50129074e-08
-5.33354788e-08
-5.2696657e-08
-5.25750738e-08
-5.24893406e-08
-5.23085531e-08
-5.20998579e-08
-5.20360341e-08
-5.25931895e-08
-5.45790964e-08
-5.84471584e-08
-6.22234266e-08
-6.04076546e-08
-5.06530901e-08
-4.44517223e-08
-4.30341237e-08
-4.35815121e-08
-4.49173417e-08
-4.64780104e-08
-4.79353306e-08
-4.91137487e-08
-4.9945139e-08
-5.04494511e-08
-5.05412601e-08
-5.02020826e-08
-4.95901089e-08
-4.92049156e-08
-4.9655076e-08
-5.07599597e-08
-5.07286039e-08
-4.67934673e-08
-3.74420502e-08
-2.58022208e-08
-1.9331664e-08
-2.05046405e-08
-2.03889624e-08
-2.62348485e-08
-3.8188628e-08
-5.04569678e-08
-5.81276301e-08
-5.96582271e-08
-5.72850844e-08
-5.43487966e-08
-5.26884712e-08
-5.22389253e-08
-5.22316919e-08
-5.21757439e-08
-5.1944101e-08
-5.15972939e-08
-5.13318851e-08
-5.16471402e-08
-5.32897501e-08
-5.64972996e-08
-5.92974516e-08
-5.72478271e-08
-4.89314816e-08
-4.20803705e-08
-4.37962569e-08
-4.60865421e-08
-4.8187125e-08
-4.97997913e-08
-5.08690469e-08
-5.1477962e-08
-5.17375828e-08
-5.17413169e-08
-5.14552713e-08
-5.07502325e-08
-4.97628244e-08
-4.89256088e-08
-4.87799478e-08
-4.93969929e-08
-4.9785752e-08
-4.78721436e-08
-4.16167457e-08
-3.11746371e-08
-2.12855346e-08
-1.79467675e-08
-1.82222616e-08
-2.00146485e-08
-2.98364397e-08
-4.30939578e-08
-5.33819981e-08
-5.75559647e-08
-5.6614864e-08
-5.38041302e-08
-5.16969451e-08
-5.08776846e-08
-5.07162523e-08
-5.06341922e-08
-5.04876082e-08
-5.03310915e-08
-5.03702667e-08
-5.09789544e-08
-5.26565227e-08
-5.56092212e-08
-5.88488001e-08
-5.96946827e-08
-5.57869577e-08
-4.94439314e-08
-4.82361181e-08
-5.00456282e-08
-5.22142138e-08
-5.38184752e-08
-5.47559537e-08
-5.52058736e-08
-5.53513957e-08
-5.53256687e-08
-5.49803646e-08
-5.41232941e-08
-5.29154474e-08
-5.21287637e-08
-5.24050763e-08
-5.2445298e-08
-4.87797715e-08
-3.91438686e-08
-2.69686787e-08
-2.0141943e-08
-2.49327121e-08
-3.55915357e-08
-4.83025068e-08
-5.85497342e-08
-6.30693569e-08
-6.26089022e-08
-5.98672241e-08
-5.71192075e-08
-5.53290437e-08
-5.44624317e-08
-5.4114147e-08
-5.39685413e-08
-5.38655538e-08
-5.3759693e-08
-5.37505289e-08
-5.4099423e-08
-5.52996701e-08
-5.7830684e-08
-6.11009147e-08
-6.19447455e-08
-5.59618203e-08
-4.45806618e-08
-3.9054573e-08
-3.90411928e-08
-4.0152118e-08
-4.13728661e-08
-4.2477207e-08
-4.33937072e-08
-4.40988231e-08
-4.46011315e-08
-4.49286073e-08
-4.51133363e-08
-4.51873978e-08
-4.5159078e-08
-4.50265522e-08
-4.48407955e-08
-4.4700809e-08
-4.47395788e-08
-4.50707275e-08
-4.57105756e-08
-4.65320128e-08
-4.72898988e-08
-4.76964154e-08
-4.74742708e-08
-4.6276292e-08
-4.37795072e-08
-3.98545876e-08
-3.44128986e-08
-2.73360896e-08
-1.95677335e-08
-1.4230393e-08
-1.33476971e-08
-1.57789639e-08
-1.71612663e-08
-1.29351441e-08
-3.15101993e-09
-2.51936098e-10
-1.2169224e-09
-2.60412262e-09
-4.70295701e-09
-8.46033683e-09
-1.29443159e-08
-1.82823127e-08
-2.48310807e-08
-3.09030387e-08
-3.4995875e-08
-3.63142558e-08
-3.52096704e-08
-3.2791421e-08
-3.00929555e-08
-2.7816177e-08
-2.62394118e-08
-2.53238274e-08
-2.48762869e-08
-2.46401698e-08
-2.44346776e-08
-2.42014376e-08
-2.39334046e-08
-2.36518495e-08
-2.34257053e-08
-2.33994459e-08
-2.38554732e-08
-2.53723068e-08
-2.91259018e-08
-3.68010009e-08
-4.67059359e-08
-5.09506103e-08
-5.01755606e-08
-4.78682358e-08
-4.60109225e-08
-4.48274074e-08
-4.48546191e-08
-4.66848828e-08
-4.79621486e-08
-4.4095859e-08
-3.33736494e-08
-2.12482924e-08
-1.56968831e-08
-1.61266487e-08
-1.99587131e-08
-2.90588991e-08
-4.00875254e-08
-4.84634157e-08
-5.23417893e-08
-5.24876148e-08
-5.07682975e-08
-4.87556156e-08
-4.73328111e-08
-4.6635894e-08
-4.63075739e-08
-4.57861584e-08
-4.49141749e-08
-4.37485121e-08
-4.23829948e-08
-4.10023204e-08
-3.98679117e-08
-3.93872085e-08
-4.03948724e-08
-4.4617457e-08
-5.39549014e-08
-5.72491225e-08
-5.57499439e-08
-5.30393399e-08
-5.09703436e-08
-4.98702336e-08
-4.95018515e-08
-4.94851937e-08
-4.97570412e-08
-5.07600402e-08
-5.25237395e-08
-5.4021852e-08
-5.35533346e-08
-4.98798874e-08
-4.297918e-08
-3.39356064e-08
-2.45690076e-08
-1.71379304e-08
-1.43873687e-08
-1.59943625e-08
-1.61102848e-08
-1.51862607e-08
-2.02903861e-08
-3.09020133e-08
-4.15813467e-08
-4.90968073e-08
-5.24903022e-08
-5.26922004e-08
-5.12703635e-08
-4.94522928e-08
-4.79501939e-08
-4.69653683e-08
-4.63972746e-08
-4.60381891e-08
-4.56373215e-08
-4.50998818e-08
-4.45070101e-08
-4.39829486e-08
-4.37613205e-08
-4.42862204e-08
-4.64948593e-08
-5.21533835e-08
-6.19795818e-08
-6.21897133e-08
-5.76492011e-08
-5.38329042e-08
-5.17335552e-08
-5.08417795e-08
-5.05740655e-08
-5.05627235e-08
-5.06539298e-08
-5.08695068e-08
-5.12754172e-08
-5.18926132e-08
-5.26253026e-08
-5.31333846e-08
-5.27505626e-08
-5.04890201e-08
-4.5143081e-08
-3.61873843e-08
-2.50387364e-08
-1.60455266e-08
-1.37250734e-08
-1.63255736e-08
-1.57139347e-08
-1.59427449e-08
-2.21017422e-08
-3.32891671e-08
-4.4407966e-08
-5.16191861e-08
-5.39152388e-08
-5.30049111e-08
-5.11328973e-08
-4.97124011e-08
-4.91315078e-08
-4.90813671e-08
-4.91008713e-08
-4.89057316e-08
-4.84503715e-08
-4.77047589e-08
-4.66572645e-08
-4.53662645e-08
-4.40295126e-08
-4.321431e-08
-4.48486862e-08
-5.53579091e-08
-5.69727807e-08
-5.36517673e-08
-5.04214559e-08
-4.87007765e-08
-4.81614992e-08
-4.82231414e-08
-4.84958149e-08
-4.87631465e-08
-4.90494565e-08
-4.96396296e-08
-5.08484736e-08
-5.2746943e-08
-5.4701168e-08
-5.51321172e-08
-5.18751913e-08
-4.36249895e-08
-3.1944573e-08
-2.10522573e-08
-1.58088444e-08
-1.61097857e-08
-1.51130054e-08
-1.71246328e-08
-2.54922166e-08
-3.59479433e-08
-4.39625356e-08
-4.84142607e-08
-5.01892591e-08
-5.06247944e-08
-5.05352808e-08
-5.03258344e-08
-5.01190093e-08
-4.99254941e-08
-4.97124388e-08
-4.941846e-08
-4.89851527e-08
-4.84993307e-08
-4.82114716e-08
-4.87661772e-08
-5.15979588e-08
-5.96414292e-08
-5.97052553e-08
-5.581428e-08
-5.20205234e-08
-4.96263469e-08
-4.84629692e-08
-4.8064807e-08
-4.80749546e-08
-4.82594075e-08
-4.87048618e-08
-4.94826237e-08
-5.06220123e-08
-5.20859223e-08
-5.36716961e-08
-5.48300798e-08
-5.45596542e-08
-5.12508109e-08
-4.35156921e-08
-3.22019311e-08
-2.10610353e-08
-1.5591744e-08
-1.57681131e-08
-1.61700218e-08
-2.04876797e-08
-2.96882869e-08
-4.0450933e-08
-4.90430804e-08
-5.33956386e-08
-5.39539125e-08
-5.26298579e-08
-5.12173684e-08
-5.04691801e-08
-5.02065667e-08
-4.99553448e-08
-4.96195411e-08
-4.94723387e-08
-5.00056739e-08
-5.20813353e-08
-5.65825502e-08
-6.25772874e-08
-5.21339219e-08
-4.56821805e-08
-4.32345796e-08
-4.27813102e-08
-4.31481067e-08
-4.37730882e-08
-4.43935061e-08
-4.48932654e-08
-4.52652832e-08
-4.57776823e-08
-4.68541389e-08
-4.87009415e-08
-5.1091595e-08
-5.3169935e-08
-5.34605205e-08
-5.02805195e-08
-4.27649597e-08
-3.21945503e-08
-2.25297361e-08
-1.80334005e-08
-1.86987517e-08
-1.5844927e-08
-1.4734521e-08
-2.16048631e-08
-3.39446611e-08
-4.56298909e-08
-5.33043709e-08
-5.63900647e-08
-5.62078668e-08
-5.46134967e-08
-5.30924905e-08
-5.23176741e-08
-5.22304143e-08
-5.25310875e-08
-5.30750781e-08
-5.41211826e-08
-5.58621209e-08
-5.81839059e-08
-5.99675046e-08
-5.86276935e-08
-5.19283562e-08
-4.35248022e-08
-4.09718307e-08
-4.07808076e-08
-4.14424427e-08
-4.24176542e-08
-4.34630663e-08
-4.44233055e-08
-4.51972376e-08
-4.57171868e-08
-4.59989245e-08
-4.62635731e-08
-4.67961243e-08
-4.78356488e-08
-4.92377806e-08
-5.01221041e-08
-4.87960759e-08
-4.33313543e-08
-3.34720865e-08
-2.15195752e-08
-1.45975143e-08
-1.56303262e-08
-1.90542069e-08
-1.52529023e-08
-1.4275783e-08
-2.05751859e-08
-3.2114925e-08
-4.38573372e-08
-5.2163446e-08
-5.5920734e-08
-5.61413083e-08
-5.46137837e-08
-5.2804876e-08
-5.15766682e-08
-5.10865702e-08
-5.10815153e-08
-5.1261825e-08
-5.17392133e-08
-5.28216618e-08
-5.47803627e-08
-5.74311834e-08
-5.92229664e-08
-5.69292404e-08
-4.88945737e-08
-4.23102916e-08
-4.11100847e-08
-4.18014602e-08
-4.30203642e-08
-4.42939281e-08
-4.54095421e-08
-4.6264725e-08
-4.68268395e-08
-4.71051972e-08
-4.71003457e-08
-4.70555222e-08
-4.73879763e-08
-4.84759617e-08
-5.02948062e-08
-5.20245959e-08
-5.20663723e-08
-4.85029976e-08
-4.05266385e-08
-2.9431462e-08
-1.8700183e-08
-1.39753274e-08
-1.55592167e-08
-1.83292166e-08
-1.53714615e-08
-1.37306651e-08
-1.760604e-08
-2.67118359e-08
-3.75009768e-08
-4.64637725e-08
-5.17736739e-08
-5.36309377e-08
-5.33548979e-08
-5.22204931e-08
-5.10754994e-08
-5.02887263e-08
-4.98595093e-08
-4.96012765e-08
-4.93486782e-08
-4.91928524e-08
-4.94758808e-08
-5.08008387e-08
-5.391857e-08
-5.87007267e-08
-6.1341959e-08
-5.13984359e-08
-4.54789579e-08
-4.34550526e-08
-4.33930663e-08
-4.41289872e-08
-4.5082534e-08
-4.59656199e-08
-4.66492729e-08
-4.71058878e-08
-4.73249363e-08
-4.74877129e-08
-4.8037994e-08
-4.93261297e-08
-5.1400773e-08
-5.37053041e-08
-5.49436417e-08
-5.33722957e-08
-4.75725183e-08
-3.79101278e-08
-2.69616071e-08
-1.87173628e-08
-1.60652507e-08
-1.73928353e-08
-1.5781413e-08
-1.47653416e-08
-1.93911672e-08
-2.92010631e-08
-4.00178892e-08
-4.84041051e-08
-5.29261215e-08
-5.40655156e-08
-5.32147333e-08
-5.18136447e-08
-5.07552188e-08
-5.02176297e-08
-4.99459452e-08
-4.96851522e-08
-4.94949468e-08
-4.96743854e-08
-5.07677863e-08
-5.35851904e-08
-5.85463065e-08
-6.3060007e-08
-5.27530921e-08
-4.63683229e-08
-4.37121366e-08
-4.30323283e-08
-4.32506199e-08
-4.38168318e-08
-4.44465398e-08
-4.50032267e-08
-4.54040266e-08
-4.58192933e-08
-4.65981113e-08
-4.79673027e-08
-4.99060341e-08
-5.19557356e-08
-5.31270532e-08
-5.2062174e-08
-4.73480518e-08
-3.86026492e-08
-2.78226376e-08
-1.94452443e-08
-1.74728017e-08
-1.81086071e-08
-1.46833729e-08
-1.57222142e-08
-2.5780441e-08
-3.9808287e-08
-5.10395324e-08
-5.65997673e-08
-5.73575652e-08
-5.58350983e-08
-5.40553411e-08
-5.2973654e-08
-5.26430588e-08
-5.27749767e-08
-5.31391951e-08
-5.38956005e-08
-5.52963845e-08
-5.75110669e-08
-6.01351009e-08
-6.13693931e-08
-5.8125347e-08
-4.94054581e-08
-4.41886494e-08
-4.17743453e-08
-4.10368767e-08
-4.1209695e-08
-4.18467792e-08
-4.26708925e-08
-4.34916008e-08
-4.41727955e-08
-4.46641649e-08
-4.50926569e-08
-4.57050434e-08
-4.67806e-08
-4.82972492e-08
-4.94875009e-08
-4.87184305e-08
-4.39792462e-08
-3.46806632e-08
-2.27359709e-08
-1.49414408e-08
-1.5375663e-08
-1.87226039e-08
-1.55332016e-08
-1.55323988e-08
-2.29083297e-08
-3.5571698e-08
-4.82912695e-08
-5.67319258e-08
-5.94983518e-08
-5.82876827e-08
-5.57312359e-08
-5.3558889e-08
-5.23635216e-08
-5.19698288e-08
-5.20018496e-08
-5.22281162e-08
-5.28569885e-08
-5.41020658e-08
-5.60383889e-08
-5.80936578e-08
-5.84642171e-08
-5.47355676e-08
-4.71646095e-08
-4.18853636e-08
-4.11387102e-08
-4.18471063e-08
-4.29308473e-08
-4.39816426e-08
-4.48201177e-08
-4.53751408e-08
-4.56363062e-08
-4.5586275e-08
-4.54419338e-08
-4.55500649e-08
-4.61738999e-08
-4.728661e-08
-4.83152522e-08
-4.81534914e-08
-4.52952667e-08
-3.85951201e-08
-2.84636208e-08
-1.81822306e-08
-1.41410818e-08
-1.64705133e-08
-1.63417638e-08
-1.31104186e-08
-1.68336951e-08
-2.77571271e-08
-4.12413605e-08
-5.18160123e-08
-5.6948995e-08
-5.71957174e-08
-5.51190773e-08
-5.2912067e-08
-5.16138105e-08
-5.12296178e-08
-5.13994136e-08
-5.1864136e-08
-5.26810136e-08
-5.3982428e-08
-5.57442257e-08
-5.7522375e-08
-5.81599125e-08
-5.61068666e-08
-5.10208139e-08
-4.56340441e-08
-4.54321183e-08
-4.67073256e-08
-4.83005741e-08
-4.9686995e-08
-5.06660721e-08
-5.12046848e-08
-5.1334501e-08
-5.10441158e-08
-5.05037482e-08
-5.01083517e-08
-5.0309355e-08
-5.09955082e-08
-5.08215383e-08
-4.70915299e-08
-3.7995074e-08
-2.55616356e-08
-1.67471582e-08
-1.61908487e-08
-1.85092416e-08
-2.21390474e-08
-3.19211291e-08
-4.48831707e-08
-5.54766657e-08
-6.1271306e-08
-6.25717824e-08
-6.1380505e-08
-5.93506164e-08
-5.75371612e-08
-5.63487761e-08
-5.57677944e-08
-5.56297575e-08
-5.57398895e-08
-5.61468357e-08
-5.6987321e-08
-5.83734757e-08
-6.01394975e-08
-6.13226148e-08
-5.98277148e-08
-5.37040984e-08
-4.51591061e-08
-4.09541694e-08
-3.96476987e-08
-3.95926452e-08
-3.99707759e-08
-4.04713604e-08
-4.09812982e-08
-4.14518057e-08
-4.18574152e-08
-4.21876578e-08
-4.24363186e-08
-4.26364948e-08
-4.28597661e-08
-4.32072929e-08
-4.37467578e-08
-4.44940732e-08
-4.53705423e-08
-4.61882984e-08
-4.66823708e-08
-4.65880516e-08
-4.57055173e-08
-4.39250381e-08
-4.10929871e-08
-3.70733905e-08
-3.20321814e-08
-2.61866977e-08
-1.96078937e-08
-1.32672577e-08
-9.28313912e-09
-1.03639256e-08
-1.31676602e-08
-1.4201254e-08
-1.26078308e-08
-7.71484658e-09
-1.78361988e-09
-6.41822756e-11
-3.823644e-10
-9.09820924e-10
-1.54928545e-09
-2.60030727e-09
-3.72540237e-09
-5.7165547e-09
-1.00191194e-08
-1.57901922e-08
-2.25985576e-08
-2.93562312e-08
-3.38536586e-08
-3.60881569e-08
-3.66378475e-08
-3.61495533e-08
-3.52028758e-08
-3.41993699e-08
-3.33634129e-08
-3.28067493e-08
-3.26433825e-08
-3.28334324e-08
-3.3133224e-08
-3.35504685e-08
-3.40766577e-08
-3.47409693e-08
-3.56603431e-08
-3.71087808e-08
-3.95323746e-08
-4.33682024e-08
-4.83191098e-08
-5.06916827e-08
-5.06948726e-08
-4.97214838e-08
-4.86014979e-08
-4.76008024e-08
-4.81743841e-08
-4.78449612e-08
-4.34619714e-08
-3.31193026e-08
-1.98420594e-08
-1.12099805e-08
-1.07210703e-08
-1.2881217e-08
-1.05733542e-08
-1.22265823e-08
-1.98743228e-08
-3.06938312e-08
-4.08940497e-08
-4.75286997e-08
-5.08030451e-08
-5.1566853e-08
-5.07941996e-08
-4.93873e-08
-4.80057343e-08
-4.70882344e-08
-4.66243175e-08
-4.61036352e-08
-4.56685863e-08
-4.53317826e-08
-4.51766771e-08
-4.54113575e-08
-4.65225737e-08
-4.94011084e-08
-5.48766843e-08
-5.70936521e-08
-5.66496102e-08
-5.51098059e-08
-5.35259391e-08
-5.23741989e-08
-5.15592794e-08
-5.15205288e-08
-5.26479948e-08
-5.38672353e-08
-5.36730528e-08
-5.06131816e-08
-4.41305281e-08
-3.50827278e-08
-2.51625186e-08
-1.63440122e-08
-1.04465084e-08
-8.21707205e-09
-1.14209425e-08
-1.47443331e-08
-1.50059825e-08
-1.24122402e-08
-8.59479686e-09
-1.28271647e-08
-2.14520667e-08
-3.21290081e-08
-4.15638886e-08
-4.76644022e-08
-5.0917404e-08
-5.20897464e-08
-5.19900664e-08
-5.12951778e-08
-5.04705257e-08
-4.98044044e-08
-4.94866375e-08
-4.96416865e-08
-4.99471136e-08
-5.04693724e-08
-5.13077988e-08
-5.26757426e-08
-5.49330092e-08
-5.84261542e-08
-6.23704008e-08
-6.16324844e-08
-5.91388028e-08
-5.66680384e-08
-5.47664245e-08
-5.3403653e-08
-5.24083307e-08
-5.16980491e-08
-5.15885933e-08
-5.17411438e-08
-5.18288202e-08
-5.15189666e-08
-5.04027065e-08
-4.79676686e-08
-4.36725444e-08
-3.69104619e-08
-2.74445629e-08
-1.74808322e-08
-9.97147084e-09
-8.13998839e-09
-1.27338503e-08
-1.55502901e-08
-1.45626363e-08
-1.05995496e-08
-8.87611301e-09
-1.41576913e-08
-2.40661612e-08
-3.61360071e-08
-4.55705753e-08
-5.06294e-08
-5.23085332e-08
-5.18948266e-08
-5.05479276e-08
-4.90870178e-08
-4.80085593e-08
-4.75768111e-08
-4.73241181e-08
-4.70194491e-08
-4.67974105e-08
-4.67529237e-08
-4.71083588e-08
-4.83033222e-08
-5.11838178e-08
-5.6412877e-08
-5.75017883e-08
-5.60867198e-08
-5.42066916e-08
-5.27144033e-08
-5.17291492e-08
-5.11653312e-08
-5.07758616e-08
-5.09532088e-08
-5.18277409e-08
-5.30199379e-08
-5.39654807e-08
-5.38227042e-08
-5.14573563e-08
-4.56402201e-08
-3.56802581e-08
-2.34670163e-08
-1.36648923e-08
-8.91274678e-09
-1.09570129e-08
-1.49534753e-08
-1.40522271e-08
-9.55273452e-09
-1.11438776e-08
-1.83451547e-08
-2.78479662e-08
-3.61872389e-08
-4.14619102e-08
-4.44554555e-08
-4.59546669e-08
-4.66222766e-08
-4.68956591e-08
-4.70203283e-08
-4.71425717e-08
-4.74194302e-08
-4.80649818e-08
-4.88641467e-08
-4.98627664e-08
-5.13847659e-08
-5.41168056e-08
-5.88205422e-08
-6.01160812e-08
-5.91795254e-08
-5.7628429e-08
-5.62733393e-08
-5.53099722e-08
-5.46919898e-08
-5.42751673e-08
-5.42578891e-08
-5.45296711e-08
-5.48419425e-08
-5.4930225e-08
-5.4463046e-08
-5.29721428e-08
-4.98041384e-08
-4.41498261e-08
-3.49251196e-08
-2.35537099e-08
-1.42434733e-08
-9.27387658e-09
-1.29448354e-08
-1.41855774e-08
-1.04852189e-08
-9.52184787e-09
-1.34341803e-08
-2.21988471e-08
-3.34564325e-08
-4.35462962e-08
-5.01272516e-08
-5.29676819e-08
-5.31937161e-08
-5.21481868e-08
-5.09536034e-08
-5.04168545e-08
-5.07193195e-08
-5.11618597e-08
-5.22337382e-08
-5.43287162e-08
-5.79302508e-08
-6.28648906e-08
-5.82081246e-08
-5.40129049e-08
-5.15035836e-08
-5.01725643e-08
-4.95164882e-08
-4.92501788e-08
-4.91724009e-08
-4.94697636e-08
-5.04023848e-08
-5.1633254e-08
-5.27979379e-08
-5.33544742e-08
-5.25254882e-08
-4.94180427e-08
-4.31943895e-08
-3.36846715e-08
-2.26889407e-08
-1.38013104e-08
-1.00860484e-08
-1.21207405e-08
-1.56989137e-08
-1.44299481e-08
-1.0401541e-08
-8.87124944e-09
-1.54176822e-08
-2.62141177e-08
-3.8397712e-08
-4.79107001e-08
-5.36775227e-08
-5.6291536e-08
-5.67197914e-08
-5.62213518e-08
-5.58189462e-08
-5.61594091e-08
-5.69031411e-08
-5.77670385e-08
-5.87815171e-08
-5.96568595e-08
-5.97220188e-08
-5.79030724e-08
-5.34372037e-08
-4.936498e-08
-4.6956763e-08
-4.56937341e-08
-4.50410737e-08
-4.47181814e-08
-4.45985059e-08
-4.46284e-08
-4.47049003e-08
-4.50772675e-08
-4.5886221e-08
-4.69632548e-08
-4.79850454e-08
-4.83694592e-08
-4.72188681e-08
-4.34745141e-08
-3.60723468e-08
-2.53025651e-08
-1.50631684e-08
-8.30309439e-09
-1.16837053e-08
-1.67070714e-08
-1.80846505e-08
-1.47542355e-08
-1.01467259e-08
-8.19965044e-09
-1.35172468e-08
-2.336207e-08
-3.53976862e-08
-4.56440967e-08
-5.20923043e-08
-5.53316069e-08
-5.61718787e-08
-5.56411771e-08
-5.47475295e-08
-5.43243266e-08
-5.49102112e-08
-5.56673259e-08
-5.66918176e-08
-5.79629279e-08
-5.91514349e-08
-5.94221438e-08
-5.75038722e-08
-5.28560637e-08
-4.97096623e-08
-4.78851481e-08
-4.68782681e-08
-4.63520016e-08
-4.61327388e-08
-4.61186374e-08
-4.6235685e-08
-4.64336338e-08
-4.6597926e-08
-4.74006979e-08
-4.87291199e-08
-5.02079709e-08
-5.12094335e-08
-5.07991233e-08
-4.78787699e-08
-4.15080343e-08
-3.14462641e-08
-2.04477339e-08
-1.17224719e-08
-8.0943571e-09
-1.28455451e-08
-1.62778868e-08
-1.74814183e-08
-1.49472951e-08
-1.13308258e-08
-8.06726748e-09
-1.07438624e-08
-1.81738244e-08
-2.84392883e-08
-3.86104771e-08
-4.59897245e-08
-5.04039253e-08
-5.25246011e-08
-5.30705053e-08
-5.27255895e-08
-5.2067807e-08
-5.15882963e-08
-5.17482823e-08
-5.2372539e-08
-5.33000903e-08
-5.4861963e-08
-5.72510083e-08
-6.0228174e-08
-6.21320463e-08
-5.71556937e-08
-5.36494901e-08
-5.1640956e-08
-5.0526468e-08
-4.99188315e-08
-4.96233149e-08
-4.95317688e-08
-4.96062838e-08
-4.96885802e-08
-5.02982279e-08
-5.14320458e-08
-5.27837745e-08
-5.38627223e-08
-5.39151761e-08
-5.19661479e-08
-4.70428401e-08
-3.85695889e-08
-2.74132305e-08
-1.72832831e-08
-1.05999136e-08
-9.62525697e-09
-1.41802375e-08
-1.56694055e-08
-1.42390717e-08
-1.02029376e-08
-8.35842321e-09
-1.24904147e-08
-2.10697987e-08
-3.19452134e-08
-4.17009829e-08
-4.85108869e-08
-5.22124202e-08
-5.3417278e-08
-5.30889015e-08
-5.21792902e-08
-5.14183107e-08
-5.13418573e-08
-5.18187846e-08
-5.26002403e-08
-5.40519121e-08
-5.64596368e-08
-5.99030794e-08
-6.32471015e-08
-5.81458089e-08
-5.40120165e-08
-5.15406542e-08
-5.0170116e-08
-4.9432284e-08
-4.90625968e-08
-4.89103283e-08
-4.9000144e-08
-4.96694284e-08
-5.06615295e-08
-5.1710517e-08
-5.24278145e-08
-5.22337376e-08
-5.03894798e-08
-4.61800961e-08
-3.90372026e-08
-2.89529281e-08
-1.86426595e-08
-1.13967437e-08
-9.90851185e-09
-1.44615625e-08
-1.59996478e-08
-1.32214005e-08
-8.32199134e-09
-1.01219557e-08
-1.95890413e-08
-3.29304814e-08
-4.52636171e-08
-5.29661179e-08
-5.65402451e-08
-5.74181992e-08
-5.70115885e-08
-5.64796457e-08
-5.65184442e-08
-5.7222187e-08
-5.79967344e-08
-5.89997979e-08
-6.00865115e-08
-6.0848945e-08
-6.03808456e-08
-5.74943668e-08
-5.22729612e-08
-4.85444464e-08
-4.62406685e-08
-4.48974294e-08
-4.41482253e-08
-4.37702488e-08
-4.36476982e-08
-4.36785672e-08
-4.40742706e-08
-4.48865506e-08
-4.59965854e-08
-4.71432073e-08
-4.77989748e-08
-4.70663711e-08
-4.38282204e-08
-3.70102605e-08
-2.6573372e-08
-1.60526189e-08
-8.65469537e-09
-1.06399476e-08
-1.57257832e-08
-1.73798901e-08
-1.45545892e-08
-1.0273081e-08
-9.03104448e-09
-1.53467033e-08
-2.6534877e-08
-4.01856194e-08
-5.10669961e-08
-5.69005356e-08
-5.8902061e-08
-5.86279997e-08
-5.75055212e-08
-5.65568124e-08
-5.63577367e-08
-5.67356026e-08
-5.72422662e-08
-5.79685397e-08
-5.87154872e-08
-5.9006994e-08
-5.79789385e-08
-5.48279475e-08
-5.02154157e-08
-4.73203103e-08
-4.56628469e-08
-4.47294545e-08
-4.42313476e-08
-4.40075952e-08
-4.3953225e-08
-4.39840467e-08
-4.40423747e-08
-4.46703679e-08
-4.5669448e-08
-4.66844754e-08
-4.72158713e-08
-4.6587401e-08
-4.40386615e-08
-3.89306921e-08
-3.0675204e-08
-2.06433714e-08
-1.20410723e-08
-8.41592375e-09
-1.38110659e-08
-1.69141568e-08
-1.66615147e-08
-1.27717286e-08
-8.3402403e-09
-1.08681906e-08
-2.02494294e-08
-3.31071764e-08
-4.55495132e-08
-5.33283061e-08
-5.67350589e-08
-5.72492343e-08
-5.64693259e-08
-5.56411818e-08
-5.54633749e-08
-5.59802673e-08
-5.64990072e-08
-5.71148975e-08
-5.75964919e-08
-5.75494196e-08
-5.63691435e-08
-5.35759213e-08
-4.95269895e-08
-4.6464703e-08
-4.54421209e-08
-4.53344746e-08
-4.56297421e-08
-4.60622633e-08
-4.64554419e-08
-4.67418168e-08
-4.67470809e-08
-4.70318471e-08
-4.77636443e-08
-4.85760959e-08
-4.86948003e-08
-4.6886881e-08
-4.16134174e-08
-3.15579364e-08
-1.94002805e-08
-1.05028507e-08
-9.84612278e-09
-1.49334147e-08
-1.50159216e-08
-1.10754894e-08
-1.30993684e-08
-2.1954119e-08
-3.41161932e-08
-4.64749116e-08
-5.46993537e-08
-5.92027389e-08
-6.10411509e-08
-6.12003782e-08
-6.0595652e-08
-5.99075507e-08
-5.95936797e-08
-5.9817609e-08
-6.00792761e-08
-6.04860968e-08
-6.09435742e-08
-6.12036276e-08
-6.07034865e-08
-5.86065164e-08
-5.43376214e-08
-4.98696402e-08
-4.70492906e-08
-4.54727352e-08
-4.46120898e-08
-4.41267157e-08
-4.38421003e-08
-4.36801404e-08
-4.36024235e-08
-4.36230892e-08
-4.37654082e-08
-4.40607679e-08
-4.44704438e-08
-4.49234909e-08
-4.53320113e-08
-4.55630633e-08
-4.54367339e-08
-4.47505215e-08
-4.33287183e-08
-4.1094394e-08
-3.80905628e-08
-3.44134212e-08
-3.00647001e-08
-2.47987043e-08
-1.94317953e-08
-1.47086942e-08
-1.00314918e-08
-5.73713453e-09
-5.55002855e-09
-7.61855474e-09
-1.02214028e-08
-1.20812701e-08
-1.18588288e-08
-9.38462264e-09
-5.31159557e-09
-1.39865584e-09
-1.77251795e-11
-1.00088042e-10
-2.51769469e-10
-4.44512848e-10
-6.56574719e-10
-8.22571592e-10
-1.16086629e-09
-1.39021833e-09
-6.04402879e-10
-1.2420727e-09
-7.28464686e-09
-1.37785341e-08
-1.92222271e-08
-2.35657195e-08
-2.69029309e-08
-2.94236246e-08
-3.13316984e-08
-3.28000656e-08
-3.39530112e-08
-3.48649753e-08
-3.56351598e-08
-3.64669592e-08
-3.73479583e-08
-3.8286115e-08
-3.92839284e-08
-4.03522522e-08
-4.15107122e-08
-4.278041e-08
-4.41427903e-08
-4.54077213e-08
-4.5779416e-08
-4.54615457e-08
-4.46031951e-08
-4.33407252e-08
-4.19058949e-08
-3.79522474e-08
-3.10872466e-08
-2.14351159e-08
-1.00973944e-08
-2.27818973e-09
-3.42600891e-09
-6.65363792e-09
-7.9587129e-09
-7.25577364e-09
-5.17148246e-09
-1.35517092e-09
-3.39943338e-09
-1.20082351e-08
-2.07191525e-08
-2.80664489e-08
-3.38883356e-08
-3.81960505e-08
-4.11938538e-08
-4.31390213e-08
-4.42549197e-08
-4.49180011e-08
-4.56780702e-08
-4.6458224e-08
-4.72984314e-08
-4.82075802e-08
-4.92157571e-08
-5.03820404e-08
-5.17738967e-08
-5.32708818e-08
-5.36174324e-08
-5.32388373e-08
-5.23985178e-08
-5.13496621e-08
-5.01975801e-08
-4.9095863e-08
-4.7629261e-08
-4.48156356e-08
-4.03082475e-08
-3.38008356e-08
-2.54647521e-08
-1.64201788e-08
-8.48495442e-09
-2.91531187e-09
-1.19777028e-09
-3.82406447e-09
-6.41113585e-09
-8.69629267e-09
-1.04651447e-08
-1.03840362e-08
-8.87724301e-09
-6.72429366e-09
-4.21367241e-09
-7.77258207e-10
-4.27135818e-09
-1.29552462e-08
-2.10784694e-08
-2.7856233e-08
-3.32750827e-08
-3.74612273e-08
-4.06508196e-08
-4.30806236e-08
-4.49413559e-08
-4.63650793e-08
-4.74920749e-08
-4.86768775e-08
-4.99422885e-08
-5.13087104e-08
-5.27808378e-08
-5.43318933e-08
-5.58066196e-08
-5.66758013e-08
-5.56073286e-08
-5.41184369e-08
-5.24359983e-08
-5.07126642e-08
-4.90070772e-08
-4.73396705e-08
-4.56536364e-08
-4.34474685e-08
-4.07542689e-08
-3.75733373e-08
-3.38249577e-08
-2.93682897e-08
-2.40577843e-08
-1.78117025e-08
-1.04633506e-08
-3.09083816e-09
-1.18131219e-09
-4.2293822e-09
-6.98849587e-09
-9.46814192e-09
-1.10424811e-08
-1.03174306e-08
-8.45588839e-09
-6.12675021e-09
-3.12526151e-09
-4.39447453e-10
-6.90636959e-09
-1.72131169e-08
-2.61553113e-08
-3.30681237e-08
-3.81195135e-08
-4.1647146e-08
-4.40182982e-08
-4.55111597e-08
-4.63029582e-08
-4.6951143e-08
-4.76890804e-08
-4.84903032e-08
-4.93991949e-08
-5.04464707e-08
-5.16623306e-08
-5.30143813e-08
-5.42018487e-08
-5.4208208e-08
-5.36023833e-08
-5.26808986e-08
-5.16555517e-08
-5.06286674e-08
-4.96081898e-08
-4.86795366e-08
-4.74243842e-08
-4.54318906e-08
-4.25554211e-08
-3.85586822e-08
-3.31180126e-08
-2.5926449e-08
-1.6873054e-08
-6.94173449e-09
-7.76681519e-10
-2.88371364e-09
-6.07285011e-09
-8.57323619e-09
-1.04496958e-08
-1.00700783e-08
-7.92248275e-09
-4.9803292e-09
-1.54491619e-09
-4.42328694e-09
-1.18544835e-08
-1.82671608e-08
-2.32349136e-08
-2.70090304e-08
-2.99624674e-08
-3.24826419e-08
-3.48507126e-08
-3.71916918e-08
-3.94674999e-08
-4.15196948e-08
-4.36092334e-08
-4.57612391e-08
-4.79585961e-08
-5.01837169e-08
-5.21992672e-08
-5.3004822e-08
-5.28511708e-08
-5.21243533e-08
-5.11031961e-08
-4.99412237e-08
-4.87000886e-08
-4.74467852e-08
-4.58924062e-08
-4.38190953e-08
-4.12078798e-08
-3.79976093e-08
-3.40530212e-08
-2.91718208e-08
-2.30962422e-08
-1.54876467e-08
-6.26009932e-09
-9.97510806e-10
-4.56101626e-09
-7.29273461e-09
-9.11321953e-09
-9.67547929e-09
-7.80528619e-09
-5.35463198e-09
-2.17820105e-09
-1.83185136e-09
-7.09170155e-09
-1.59767895e-08
-2.53312348e-08
-3.31712591e-08
-3.914048e-08
-4.34365889e-08
-4.63934368e-08
-4.82791741e-08
-4.95478496e-08
-5.10103014e-08
-5.25931067e-08
-5.44291994e-08
-5.65634475e-08
-5.87037844e-08
-5.74713072e-08
-5.56779704e-08
-5.39657983e-08
-5.24369748e-08
-5.10686069e-08
-4.981132e-08
-4.86692189e-08
-4.73874613e-08
-4.55674367e-08
-4.31000968e-08
-3.97956035e-08
-3.53984629e-08
-2.96786605e-08
-2.25481946e-08
-1.41187801e-08
-5.68848769e-09
-1.18937704e-09
-3.16043923e-09
-6.36857287e-09
-8.59633833e-09
-1.01537983e-08
-1.01892256e-08
-8.25433006e-09
-5.98609063e-09
-2.55360122e-09
-1.38631522e-09
-9.25155626e-09
-1.92669401e-08
-2.82375258e-08
-3.58268364e-08
-4.16750966e-08
-4.58611594e-08
-4.86119801e-08
-5.0135964e-08
-5.12864219e-08
-5.23319353e-08
-5.31613598e-08
-5.36799555e-08
-5.36936882e-08
-5.29930224e-08
-5.13796687e-08
-4.97767691e-08
-4.83263439e-08
-4.70572335e-08
-4.59473048e-08
-4.49673606e-08
-4.40951765e-08
-4.33005294e-08
-4.26089161e-08
-4.17272172e-08
-4.03539631e-08
-3.8318224e-08
-3.53744544e-08
-3.12099214e-08
-2.55048739e-08
-1.81035954e-08
-9.10696289e-09
-1.36409351e-09
-2.1584964e-09
-5.2978452e-09
-8.05946779e-09
-1.08606739e-08
-1.20248796e-08
-1.08589484e-08
-8.69044142e-09
-6.26828145e-09
-3.44868424e-09
-4.15811534e-10
-6.11658501e-09
-1.62222154e-08
-2.53732712e-08
-3.31537187e-08
-3.9459391e-08
-4.42778164e-08
-4.77378743e-08
-4.99699579e-08
-5.11396952e-08
-5.22933571e-08
-5.33464349e-08
-5.42425568e-08
-5.48641762e-08
-5.50045731e-08
-5.44537157e-08
-5.29977933e-08
-5.16788384e-08
-5.05217625e-08
-4.95085485e-08
-4.86177419e-08
-4.78286628e-08
-4.7123092e-08
-4.64827543e-08
-4.58760577e-08
-4.53551404e-08
-4.42552983e-08
-4.23542296e-08
-3.94434196e-08
-3.52328532e-08
-2.94320594e-08
-2.19238179e-08
-1.29113879e-08
-3.79489233e-09
-6.05859121e-10
-3.78306252e-09
-6.32472e-09
-8.97689415e-09
-1.13179925e-08
-1.22168637e-08
-1.1191463e-08
-9.24988226e-09
-6.74937769e-09
-4.17522859e-09
-9.90259568e-10
-2.86413472e-09
-1.07198228e-08
-1.91984939e-08
-2.65152307e-08
-3.26189752e-08
-3.76028318e-08
-4.15997216e-08
-4.4758253e-08
-4.71718708e-08
-4.88818307e-08
-5.03604384e-08
-5.19260489e-08
-5.35296759e-08
-5.51665159e-08
-5.66861533e-08
-5.76319241e-08
-5.60846608e-08
-5.44583142e-08
-5.30708258e-08
-5.1903666e-08
-5.0896186e-08
-4.99968027e-08
-4.91737433e-08
-4.83757075e-08
-4.76756928e-08
-4.6562448e-08
-4.4745678e-08
-4.20461632e-08
-3.82141805e-08
-3.2982661e-08
-2.61532913e-08
-1.77710741e-08
-8.51196161e-09
-1.32260153e-09
-2.05585352e-09
-5.41329622e-09
-7.7025103e-09
-9.69038824e-09
-1.07189745e-08
-1.0075368e-08
-8.10855891e-09
-5.66705912e-09
-2.81081882e-09
-9.00385521e-10
-5.65870371e-09
-1.39908057e-08
-2.25609825e-08
-3.01660202e-08
-3.6366093e-08
-4.11020916e-08
-4.45994922e-08
-4.71075646e-08
-4.88025174e-08
-5.02012568e-08
-5.17264463e-08
-5.33502433e-08
-5.51253924e-08
-5.69837486e-08
-5.85129691e-08
-5.6946646e-08
-5.4997471e-08
-5.32005717e-08
-5.16145791e-08
-5.02037901e-08
-4.89242049e-08
-4.77547235e-08
-4.65718453e-08
-4.49802581e-08
-4.28711985e-08
-4.00932941e-08
-3.64333161e-08
-3.16805663e-08
-2.57049284e-08
-1.85738249e-08
-1.04589507e-08
-2.77506057e-09
-1.52855891e-09
-4.96456264e-09
-7.39914956e-09
-9.39424502e-09
-1.04417244e-08
-9.32323388e-09
-7.12478976e-09
-4.28291523e-09
-6.48724161e-10
-4.25519366e-09
-1.51976675e-08
-2.57844309e-08
-3.42629694e-08
-4.07236438e-08
-4.53250901e-08
-4.83924991e-08
-5.02204436e-08
-5.13006516e-08
-5.2380607e-08
-5.32810867e-08
-5.39595838e-08
-5.42477536e-08
-5.39034837e-08
-5.26625423e-08
-5.07654795e-08
-4.89076037e-08
-4.72929314e-08
-4.59300487e-08
-4.47783338e-08
-4.37950074e-08
-4.2936858e-08
-4.21952585e-08
-4.1294533e-08
-4.00197429e-08
-3.81839284e-08
-3.55198997e-08
-3.16679054e-08
-2.62439975e-08
-1.90762033e-08
-1.03050649e-08
-2.09669109e-09
-1.59678322e-09
-4.77955553e-09
-7.50939848e-09
-1.0195434e-08
-1.15389541e-08
-1.08159726e-08
-8.83676948e-09
-6.72268522e-09
-3.53165159e-09
-3.86419302e-10
-7.82296177e-09
-1.98563352e-08
-3.01663652e-08
-3.81044769e-08
-4.38724126e-08
-4.78128193e-08
-5.0275425e-08
-5.15474845e-08
-5.23246513e-08
-5.30703408e-08
-5.36494401e-08
-5.4003386e-08
-5.39751228e-08
-5.33758867e-08
-5.20924813e-08
-5.04239132e-08
-4.89311007e-08
-4.76005908e-08
-4.64032275e-08
-4.53179983e-08
-4.43291807e-08
-4.34191219e-08
-4.25704004e-08
-4.17689252e-08
-4.04325131e-08
-3.84288501e-08
-3.56265733e-08
-3.18418167e-08
-2.69088784e-08
-2.07879135e-08
-1.35601507e-08
-5.46851948e-09
-8.40129183e-10
-3.50300998e-09
-6.44920894e-09
-9.46604571e-09
-1.17377755e-08
-1.21269506e-08
-1.02867665e-08
-7.85423747e-09
-5.05754298e-09
-9.59811224e-10
-3.39426084e-09
-1.45057432e-08
-2.55267658e-08
-3.43813154e-08
-4.09474945e-08
-4.54596985e-08
-4.83071418e-08
-4.98293252e-08
-5.05200936e-08
-5.11899119e-08
-5.16191102e-08
-5.17701115e-08
-5.15122018e-08
-5.07144677e-08
-4.93366588e-08
-4.75966488e-08
-4.61548988e-08
-4.50128591e-08
-4.40946092e-08
-4.33435312e-08
-4.27164755e-08
-4.21778737e-08
-4.16568107e-08
-4.12442758e-08
-4.03065456e-08
-3.84564296e-08
-3.54264487e-08
-3.08553377e-08
-2.43416137e-08
-1.56049206e-08
-5.51180542e-09
-8.1386278e-10
-4.14932404e-09
-7.40934711e-09
-9.73280901e-09
-1.00447555e-08
-8.06802316e-09
-5.8100595e-09
-1.95059219e-09
-2.66273575e-09
-1.30763287e-08
-2.33255739e-08
-3.16322779e-08
-3.8268683e-08
-4.33307553e-08
-4.70309569e-08
-4.95745294e-08
-5.11170336e-08
-5.19444457e-08
-5.27507313e-08
-5.33915436e-08
-5.38406109e-08
-5.39839052e-08
-5.36556829e-08
-5.26881264e-08
-5.10123407e-08
-4.92037803e-08
-4.74958924e-08
-4.59376058e-08
-4.45153391e-08
-4.32086939e-08
-4.20061084e-08
-4.09018616e-08
-3.98941453e-08
-3.89392951e-08
-3.7974784e-08
-3.69155116e-08
-3.57027584e-08
-3.42666159e-08
-3.2513703e-08
-3.03557493e-08
-2.77262778e-08
-2.46167942e-08
-2.11213293e-08
-1.74591634e-08
-1.38615727e-08
-1.03298055e-08
-6.45684594e-09
-2.19490826e-09
-1.0850461e-09
-2.2117956e-09
-2.26304058e-09
-2.0661857e-09
-2.35511395e-09
-3.09416825e-09
-4.40152062e-09
-5.71548048e-09
-5.9506462e-09
-4.68284335e-09
-2.42542343e-09
-5.936603e-10
)
;
    }
    back
    {
        type            wedge;
        value           nonuniform List<scalar> 
12000
(
6.15855871e-09
1.60397614e-08
2.23657645e-08
2.6087743e-08
2.85266809e-08
3.05142081e-08
3.24456858e-08
3.44689745e-08
3.66150547e-08
3.88752831e-08
4.12557329e-08
4.37956785e-08
4.6697815e-08
5.02604392e-08
5.45956254e-08
5.96857799e-08
6.54334856e-08
7.1663336e-08
7.81360442e-08
8.44364927e-08
9.04141503e-08
9.54995387e-08
9.76950991e-08
1.07121482e-07
1.03465178e-07
1.12921962e-07
1.19424398e-07
1.15098556e-07
9.72155702e-08
8.5830821e-08
7.65912648e-08
6.80489122e-08
6.20299395e-08
5.82756775e-08
5.63226764e-08
5.47072896e-08
5.3520728e-08
5.27839753e-08
5.25656701e-08
5.29434252e-08
5.40997803e-08
5.5490799e-08
5.6890934e-08
5.82147989e-08
5.94388274e-08
6.05670104e-08
6.16105117e-08
6.26160831e-08
6.35221548e-08
6.48734345e-08
6.70360658e-08
7.02413733e-08
7.46435352e-08
8.038818e-08
8.75390538e-08
9.58890987e-08
1.0500039e-07
1.16166572e-07
1.22315873e-07
1.04194316e-07
9.86490354e-08
9.86296786e-08
1.0167366e-07
1.06974749e-07
1.2378122e-07
1.15691592e-07
1.03900874e-07
9.50395144e-08
8.64136485e-08
7.90192838e-08
7.28516861e-08
6.7897549e-08
6.40565983e-08
6.12401839e-08
5.92324141e-08
5.75599012e-08
5.5884932e-08
5.42545843e-08
5.26985516e-08
5.13174804e-08
5.02814334e-08
4.98270961e-08
5.02339009e-08
5.13698847e-08
5.27935367e-08
5.42484602e-08
5.56352789e-08
5.69343791e-08
5.8156718e-08
5.93298037e-08
6.04640682e-08
6.17203127e-08
6.34268829e-08
6.57888278e-08
6.89161947e-08
7.28991354e-08
7.78430032e-08
8.38103761e-08
9.07381944e-08
9.8166541e-08
1.05699177e-07
1.10922736e-07
1.16531417e-07
1.2225201e-07
1.1948868e-07
1.15599235e-07
1.22641574e-07
1.19347203e-07
1.09330378e-07
1.02822299e-07
9.48375006e-08
8.72406473e-08
8.04049458e-08
7.45997379e-08
6.98164229e-08
6.59665642e-08
6.29587047e-08
6.07058066e-08
5.90005846e-08
5.75291734e-08
5.60266953e-08
5.44943634e-08
5.29116843e-08
5.12889803e-08
4.96804946e-08
4.8232839e-08
4.73005597e-08
4.85182618e-08
5.03662447e-08
5.23311097e-08
5.42322763e-08
5.60248212e-08
5.77114759e-08
5.93358928e-08
6.08613322e-08
6.27306215e-08
6.52243623e-08
6.85118732e-08
7.26863811e-08
7.78532752e-08
8.40846472e-08
9.13300767e-08
9.91794649e-08
1.07209819e-07
1.14186456e-07
1.23406855e-07
1.1176536e-07
1.05702294e-07
1.13172786e-07
1.23797909e-07
1.15317939e-07
1.08664658e-07
1.00263992e-07
9.17565932e-08
8.37125547e-08
7.6784716e-08
7.10968305e-08
6.65978654e-08
6.31699998e-08
6.06926169e-08
5.89300199e-08
5.7505119e-08
5.61276274e-08
5.48236079e-08
5.36193626e-08
5.25942916e-08
5.1887359e-08
5.17063604e-08
5.23090407e-08
5.41615492e-08
5.62382435e-08
5.82200526e-08
6.00364148e-08
6.16981233e-08
6.32458434e-08
6.47017292e-08
6.63040832e-08
6.84128561e-08
7.1249386e-08
7.49079726e-08
7.9480403e-08
8.50343912e-08
9.15567786e-08
9.86141704e-08
1.05982032e-07
1.109096e-07
1.15971886e-07
1.23102177e-07
1.20121423e-07
1.20496772e-07
1.1259424e-07
1.10396809e-07
1.03077151e-07
9.51595614e-08
8.72705734e-08
8.01232473e-08
7.40116248e-08
6.8967283e-08
6.49144896e-08
6.1772658e-08
5.94731097e-08
5.78320981e-08
5.64807776e-08
5.51002269e-08
5.37060437e-08
5.22979271e-08
5.09360089e-08
4.97613293e-08
4.90223708e-08
4.90746161e-08
5.01996219e-08
5.18710635e-08
5.37266914e-08
5.56003584e-08
5.74410495e-08
5.9263236e-08
6.10550121e-08
6.34607718e-08
6.68155669e-08
7.125738e-08
7.68846129e-08
8.37635608e-08
9.18236082e-08
1.0041708e-07
1.09084335e-07
1.14331597e-07
1.19727709e-07
1.21794375e-07
1.15476334e-07
1.22331614e-07
1.17890986e-07
1.14953665e-07
1.06228862e-07
9.70364711e-08
8.79163472e-08
7.99858595e-08
7.3527517e-08
6.85093177e-08
6.47508139e-08
6.20802149e-08
6.02901224e-08
5.90346352e-08
5.77461343e-08
5.64321967e-08
5.50611854e-08
5.36244384e-08
5.21354559e-08
5.0660168e-08
4.93912543e-08
4.88162956e-08
5.01659858e-08
5.18765057e-08
5.36776386e-08
5.5440861e-08
5.71116403e-08
5.86846312e-08
6.0167148e-08
6.16756914e-08
6.37615109e-08
6.67063902e-08
7.06043064e-08
7.55524556e-08
8.16708027e-08
8.8950697e-08
9.73747352e-08
1.05685274e-07
1.1887234e-07
1.22401868e-07
1.07096119e-07
1.07425974e-07
1.06810385e-07
1.18372704e-07
1.22361269e-07
1.07853985e-07
1.00642424e-07
9.25914756e-08
8.56291929e-08
7.97555974e-08
7.51141551e-08
7.15855059e-08
6.90423386e-08
6.73520571e-08
6.63194934e-08
6.57133799e-08
6.50341642e-08
6.43458434e-08
6.35992833e-08
6.27751757e-08
6.18468168e-08
6.07841858e-08
5.95525481e-08
5.81219143e-08
5.65200403e-08
5.51782339e-08
5.42884513e-08
5.39633642e-08
5.41843055e-08
5.48522701e-08
5.58519817e-08
5.71166296e-08
5.85382265e-08
6.04797042e-08
6.36571457e-08
6.83571094e-08
7.46659892e-08
8.25536843e-08
9.16547299e-08
1.01172525e-07
1.0954042e-07
1.15046933e-07
1.23830643e-07
1.17031128e-07
1.12948815e-07
1.19173723e-07
1.23631638e-07
1.15631946e-07
1.1128984e-07
1.04482366e-07
9.70690591e-08
8.99177447e-08
8.35896005e-08
7.832916e-08
7.41316231e-08
7.08982154e-08
6.85198586e-08
6.68761716e-08
6.57516446e-08
6.4879719e-08
6.39555048e-08
6.29971775e-08
6.19625302e-08
6.08242308e-08
5.95509678e-08
5.81173626e-08
5.65295295e-08
5.48945247e-08
5.35241846e-08
5.28724475e-08
5.28588069e-08
5.33609963e-08
5.42389788e-08
5.53762193e-08
5.66927282e-08
5.81717128e-08
5.97246868e-08
6.2013947e-08
6.53953147e-08
6.99877658e-08
7.58452968e-08
8.2966269e-08
9.11592342e-08
9.98996574e-08
1.08344549e-07
1.14665296e-07
1.23093343e-07
1.21601238e-07
1.09043519e-07
1.03638946e-07
1.15126483e-07
1.2312319e-07
1.14531067e-07
1.07315409e-07
9.92061888e-08
9.1270369e-08
8.40548605e-08
7.79249813e-08
7.29198364e-08
6.89387886e-08
6.58571396e-08
6.35674298e-08
6.19166091e-08
6.06814117e-08
5.93503865e-08
5.79765382e-08
5.6505786e-08
5.49157153e-08
5.3189358e-08
5.13456331e-08
4.95072018e-08
4.81044175e-08
4.88564747e-08
5.03148055e-08
5.20444344e-08
5.38506974e-08
5.56562816e-08
5.74474469e-08
5.92342633e-08
6.11100523e-08
6.36243693e-08
6.70676383e-08
7.1538148e-08
7.71100887e-08
8.38490184e-08
9.16076594e-08
1.00155217e-07
1.08028313e-07
1.16097781e-07
1.2288488e-07
1.16913312e-07
1.20484044e-07
1.17883682e-07
1.19675388e-07
1.13316841e-07
1.07452898e-07
9.95243833e-08
9.15482298e-08
8.41427096e-08
7.78499357e-08
7.27485128e-08
6.87504248e-08
6.57242515e-08
6.35471087e-08
6.20268038e-08
6.08531127e-08
5.95660212e-08
5.82210191e-08
5.6783512e-08
5.52649454e-08
5.37181461e-08
5.22934747e-08
5.13097484e-08
5.12925579e-08
5.21900984e-08
5.35247732e-08
5.50019961e-08
5.64788051e-08
5.79022776e-08
5.92854761e-08
6.05944152e-08
6.22290205e-08
6.46113011e-08
6.79609468e-08
7.24120888e-08
7.81222189e-08
8.51768466e-08
9.35273049e-08
1.02408544e-07
1.12299261e-07
1.24954392e-07
1.15463505e-07
1.1195464e-07
1.11169755e-07
1.21280292e-07
1.23142294e-07
1.10163342e-07
1.02038724e-07
9.34009867e-08
8.58734759e-08
7.95825132e-08
7.46348651e-08
7.08842133e-08
6.81749229e-08
6.63439445e-08
6.51453558e-08
6.43058069e-08
6.3413798e-08
6.25128598e-08
6.15601517e-08
6.05375582e-08
5.94229386e-08
5.81940712e-08
5.68308043e-08
5.53329316e-08
5.37863636e-08
5.25553803e-08
5.18051668e-08
5.16351545e-08
5.20080225e-08
5.2807456e-08
5.39063552e-08
5.5232738e-08
5.66767394e-08
5.86089717e-08
6.175665e-08
6.6377445e-08
7.25670123e-08
8.03609477e-08
8.94947472e-08
9.93065452e-08
1.08229267e-07
1.14069579e-07
1.22839342e-07
1.18757293e-07
1.14922736e-07
1.21849618e-07
1.21113001e-07
1.12736969e-07
1.0965672e-07
1.02930429e-07
9.6374527e-08
9.01224356e-08
8.47879036e-08
8.04940958e-08
7.72153866e-08
7.48604328e-08
7.33021249e-08
7.23388594e-08
7.16529461e-08
7.09307102e-08
7.0204745e-08
6.94313424e-08
6.85880664e-08
6.76450045e-08
6.65655002e-08
6.53029649e-08
6.3820478e-08
6.21885008e-08
6.0732973e-08
5.95817318e-08
5.87936169e-08
5.83732185e-08
5.82897504e-08
5.85000526e-08
5.89760899e-08
5.96946522e-08
6.09313602e-08
6.30972672e-08
6.65163684e-08
7.1390057e-08
7.7863668e-08
8.59855542e-08
9.52542216e-08
1.05625631e-07
1.14765778e-07
1.17845813e-07
1.23957025e-07
1.21699203e-07
1.1540176e-07
1.14667428e-07
1.08111325e-07
1.01333034e-07
9.42578504e-08
8.79896305e-08
8.2854972e-08
7.89154342e-08
7.60798472e-08
7.42005468e-08
7.30281093e-08
7.22304851e-08
7.13751113e-08
7.0499846e-08
6.9541096e-08
6.84598e-08
6.72059102e-08
6.5728465e-08
6.40093114e-08
6.22239202e-08
6.07559413e-08
5.97352953e-08
5.9176017e-08
5.90270014e-08
5.92167733e-08
5.96762636e-08
6.03906424e-08
6.12666706e-08
6.29328934e-08
6.5693845e-08
6.97334275e-08
7.52167156e-08
8.22739268e-08
9.09280585e-08
1.00513325e-07
1.11168489e-07
1.25035782e-07
1.16472529e-07
1.11715164e-07
1.11475721e-07
1.20232208e-07
1.2101535e-07
1.10505269e-07
1.11119672e-07
1.07215077e-07
1.01788817e-07
9.61980954e-08
9.03340651e-08
8.46626253e-08
7.93484004e-08
7.45197712e-08
7.0196132e-08
6.63534115e-08
6.29448306e-08
5.99176521e-08
5.72232424e-08
5.48104602e-08
5.26474204e-08
5.06831286e-08
4.87353202e-08
4.67554593e-08
4.47493735e-08
4.26944209e-08
4.05838237e-08
3.84147117e-08
3.61920861e-08
3.39442207e-08
3.17712854e-08
2.99663857e-08
2.9241631e-08
3.09609672e-08
3.6326292e-08
7.36689542e-08
1.60784334e-10
-2.86743852e-11
-6.25200529e-11
1.2779055e-09
3.97273482e-09
7.38146157e-09
1.08797803e-08
1.40769595e-08
1.68058711e-08
1.9040947e-08
2.08069794e-08
2.22190495e-08
2.3183115e-08
2.37203543e-08
2.41435926e-08
2.47869202e-08
2.60241718e-08
2.82071041e-08
3.16244984e-08
3.63363612e-08
4.23418586e-08
4.93611525e-08
5.42292807e-08
6.8044837e-08
7.07678406e-08
8.5491727e-08
1.03169367e-07
9.27138643e-08
6.2628188e-08
5.16165515e-08
4.70108225e-08
4.53523174e-08
4.57827265e-08
4.58454237e-08
4.48352579e-08
4.3948077e-08
4.31660128e-08
4.29041199e-08
4.37184744e-08
4.60432576e-08
4.97322503e-08
5.30747017e-08
5.57124744e-08
5.76629496e-08
5.90388735e-08
5.995512e-08
6.05114827e-08
6.07491723e-08
6.08261601e-08
6.02534259e-08
5.89481573e-08
5.71816679e-08
5.54757975e-08
5.45599308e-08
5.53602354e-08
5.88108284e-08
6.56472737e-08
7.67447381e-08
9.57276754e-08
9.97558516e-08
9.91476255e-08
9.47740095e-08
1.0178699e-07
1.01937198e-07
9.65086363e-08
7.76350952e-08
6.5646917e-08
5.84211797e-08
5.39365634e-08
5.21273111e-08
5.19536303e-08
5.25986308e-08
5.33416465e-08
5.36289915e-08
5.31571034e-08
5.21303473e-08
5.08051552e-08
4.90167042e-08
4.6780271e-08
4.42947716e-08
4.21756787e-08
4.15779977e-08
4.39631401e-08
4.81214076e-08
5.17724367e-08
5.44203965e-08
5.61944883e-08
5.73235678e-08
5.79949816e-08
5.83302878e-08
5.84352891e-08
5.8245388e-08
5.74890947e-08
5.62653831e-08
5.48099207e-08
5.3470398e-08
5.27017752e-08
5.30739119e-08
5.52534754e-08
5.96725486e-08
6.68566696e-08
7.49127949e-08
8.39726476e-08
9.83509975e-08
1.08851914e-07
1.11976779e-07
1.04666461e-07
8.75656988e-08
7.30030033e-08
6.49633412e-08
5.78500296e-08
5.36806953e-08
5.16882145e-08
5.1282441e-08
5.17785643e-08
5.26238437e-08
5.33852452e-08
5.3741468e-08
5.35424458e-08
5.29518561e-08
5.2125818e-08
5.09050262e-08
4.91706274e-08
4.68041821e-08
4.38145322e-08
4.05824447e-08
3.83487117e-08
4.20559661e-08
4.62990192e-08
4.97699723e-08
5.23223983e-08
5.41212696e-08
5.53700756e-08
5.62051783e-08
5.68368896e-08
5.69024209e-08
5.63379766e-08
5.53705934e-08
5.43903066e-08
5.39104748e-08
5.45770715e-08
5.71475747e-08
6.21687499e-08
7.02303377e-08
7.92178287e-08
9.63384579e-08
1.02880851e-07
1.01907669e-07
1.05961597e-07
9.8173293e-08
8.08817172e-08
7.0694541e-08
6.10776294e-08
5.46643787e-08
5.10205846e-08
4.96543174e-08
4.96860139e-08
5.0344249e-08
5.10214226e-08
5.12920636e-08
5.09582674e-08
5.0180177e-08
4.91841419e-08
4.78563905e-08
4.6196659e-08
4.43001761e-08
4.25224857e-08
4.1650569e-08
4.29274302e-08
4.78246886e-08
5.19553002e-08
5.49297717e-08
5.69582337e-08
5.8317073e-08
5.921659e-08
5.98510252e-08
6.0111128e-08
5.97670093e-08
5.89782064e-08
5.80859104e-08
5.75599188e-08
5.79909289e-08
6.01138862e-08
6.4440135e-08
7.17579626e-08
7.97728564e-08
8.97440659e-08
1.09584968e-07
1.09309529e-07
9.47685119e-08
7.9844817e-08
7.27773215e-08
6.26425562e-08
5.55459198e-08
5.10428402e-08
4.8960556e-08
4.86529509e-08
4.94319339e-08
5.06960375e-08
5.19483841e-08
5.2782504e-08
5.29434954e-08
5.25547955e-08
5.17791353e-08
5.04248554e-08
4.83824528e-08
4.5651743e-08
4.25965998e-08
4.02783149e-08
4.06240143e-08
4.42036205e-08
4.8025073e-08
5.10649943e-08
5.32433986e-08
5.47414382e-08
5.57453489e-08
5.64913489e-08
5.64099313e-08
5.56558616e-08
5.47077794e-08
5.42520178e-08
5.51309849e-08
5.83363925e-08
6.44346807e-08
7.42077907e-08
8.41833826e-08
9.64131048e-08
1.10197193e-07
1.09341677e-07
1.02240161e-07
8.94640833e-08
7.91044018e-08
6.67488239e-08
5.85431599e-08
5.36636097e-08
5.18629105e-08
5.20631604e-08
5.3259147e-08
5.46507241e-08
5.56788674e-08
5.60273459e-08
5.56701641e-08
5.51335556e-08
5.42945286e-08
5.30860861e-08
5.14041038e-08
4.91301466e-08
4.61925493e-08
4.28056441e-08
4.02208324e-08
4.25933665e-08
4.60155902e-08
4.93763698e-08
5.21558323e-08
5.42509508e-08
5.57406095e-08
5.67674373e-08
5.73727524e-08
5.71280713e-08
5.61708007e-08
5.4929651e-08
5.39741098e-08
5.40308958e-08
5.59028399e-08
6.07096104e-08
6.77980945e-08
8.23165769e-08
1.00084215e-07
1.07197881e-07
1.04526466e-07
1.04094533e-07
9.9554473e-08
8.60643952e-08
6.91864912e-08
6.30615907e-08
5.80108644e-08
5.60743415e-08
5.60438825e-08
5.7232934e-08
5.89265705e-08
6.06045691e-08
6.19035558e-08
6.26474837e-08
6.28816876e-08
6.30683566e-08
6.30887179e-08
6.29403319e-08
6.25741849e-08
6.19175399e-08
6.08476954e-08
5.91618039e-08
5.65293388e-08
5.24278652e-08
4.86229864e-08
4.62616412e-08
4.5550918e-08
4.606209e-08
4.72104284e-08
4.85493137e-08
4.97866211e-08
5.09191906e-08
5.15162148e-08
5.12418191e-08
5.05115665e-08
5.02069549e-08
5.14472983e-08
5.52971548e-08
6.23533301e-08
7.23706696e-08
8.14586748e-08
9.69924452e-08
1.07517537e-07
1.09353201e-07
1.0747048e-07
9.76528263e-08
8.32756445e-08
7.54788699e-08
6.69970153e-08
6.10847007e-08
5.76806093e-08
5.64257311e-08
5.66737382e-08
5.77577085e-08
5.91286641e-08
6.03719836e-08
6.12129344e-08
6.15392642e-08
6.15145004e-08
6.13812454e-08
6.10424006e-08
6.04532715e-08
5.95196743e-08
5.8096752e-08
5.59598382e-08
5.28116644e-08
4.85408595e-08
4.49637164e-08
4.336209e-08
4.34757944e-08
4.46088423e-08
4.61274418e-08
4.76364794e-08
4.89545866e-08
5.00061264e-08
5.09410178e-08
5.1168132e-08
5.07866746e-08
5.02582373e-08
5.02731964e-08
5.16631535e-08
5.52829875e-08
6.17011535e-08
7.12428552e-08
8.12203663e-08
9.69885872e-08
1.1101193e-07
1.07878044e-07
9.46883401e-08
1.01881627e-07
9.27123262e-08
7.77298239e-08
6.8402109e-08
6.07870376e-08
5.6106265e-08
5.38901207e-08
5.35426349e-08
5.4323559e-08
5.56024595e-08
5.68917311e-08
5.7827769e-08
5.81810606e-08
5.79396903e-08
5.75451205e-08
5.68172587e-08
5.56751457e-08
5.39611443e-08
5.14796633e-08
4.80460226e-08
4.37041705e-08
3.94538495e-08
4.11212705e-08
4.42174894e-08
4.72510529e-08
4.97257689e-08
5.15909137e-08
5.29444261e-08
5.39299468e-08
5.46274636e-08
5.46115725e-08
5.4051781e-08
5.34034328e-08
5.32828788e-08
5.44633579e-08
5.77288169e-08
6.39805114e-08
7.27208414e-08
8.45765675e-08
1.01322313e-07
1.10526177e-07
1.10192569e-07
9.86809189e-08
9.11530555e-08
7.84143363e-08
6.94188251e-08
6.15780219e-08
5.6779439e-08
5.45744073e-08
5.44007578e-08
5.54302286e-08
5.69454722e-08
5.83833502e-08
5.93330856e-08
5.95684073e-08
5.91887147e-08
5.85915251e-08
5.75852975e-08
5.60698355e-08
5.38893153e-08
5.09348652e-08
4.73557046e-08
4.4069135e-08
4.33942302e-08
4.59948617e-08
4.92761138e-08
5.21354889e-08
5.42866373e-08
5.57845176e-08
5.67485096e-08
5.73963362e-08
5.74258099e-08
5.66696222e-08
5.53867045e-08
5.40806962e-08
5.34516748e-08
5.43906596e-08
5.79572275e-08
6.48021701e-08
7.4664552e-08
9.51235914e-08
1.05803999e-07
1.08296916e-07
1.08921771e-07
1.04180112e-07
8.93461178e-08
7.23734904e-08
6.45423381e-08
5.86657631e-08
5.60887539e-08
5.56200635e-08
5.64419914e-08
5.77851139e-08
5.91089847e-08
6.00655322e-08
6.0522933e-08
6.06011191e-08
6.0664024e-08
6.06007056e-08
6.03953927e-08
5.99950208e-08
5.93290936e-08
5.82864749e-08
5.66796345e-08
5.41692422e-08
5.02133708e-08
4.64373827e-08
4.4199135e-08
4.37527594e-08
4.45927115e-08
4.60301861e-08
4.75578595e-08
4.88747092e-08
4.99857892e-08
5.04892501e-08
5.0059875e-08
4.91370833e-08
4.85666498e-08
4.94309578e-08
5.28274511e-08
5.95236273e-08
6.95135582e-08
7.91019331e-08
9.41372399e-08
1.05027632e-07
1.1140438e-07
1.08244293e-07
9.44075976e-08
8.22384518e-08
7.63600094e-08
6.92212747e-08
6.48955368e-08
6.25871309e-08
6.19958505e-08
6.24291961e-08
6.32895643e-08
6.41068026e-08
6.45844547e-08
6.46059391e-08
6.43620182e-08
6.41169805e-08
6.37718255e-08
6.32900917e-08
6.26038244e-08
6.16236152e-08
6.02126107e-08
5.81472903e-08
5.50830372e-08
5.15639747e-08
4.85371202e-08
4.64643137e-08
4.53611966e-08
4.49976801e-08
4.50944725e-08
4.54281225e-08
4.58385401e-08
4.63018565e-08
4.65193327e-08
4.63558276e-08
4.59212969e-08
4.56835838e-08
4.6414688e-08
4.92169327e-08
5.50033422e-08
6.51608361e-08
7.97306635e-08
9.14404441e-08
1.10774983e-07
1.09750234e-07
9.2880428e-08
8.60078766e-08
7.6090543e-08
6.94132069e-08
6.5198065e-08
6.34757493e-08
6.34019698e-08
6.41571901e-08
6.50590264e-08
6.56573766e-08
6.5769791e-08
6.5545798e-08
6.53609224e-08
6.50687556e-08
6.46063157e-08
6.38457853e-08
6.25854602e-08
6.04837057e-08
5.69958868e-08
5.31807461e-08
5.02182412e-08
4.84885312e-08
4.78193335e-08
4.78359574e-08
4.81951533e-08
4.86727478e-08
4.91166226e-08
4.96001266e-08
4.95801443e-08
4.91023709e-08
4.84982589e-08
4.83830791e-08
4.96322616e-08
5.33840687e-08
6.06300128e-08
7.123225e-08
9.36186894e-08
1.06596756e-07
1.08855968e-07
1.07053487e-07
1.00709504e-07
8.79171967e-08
7.52855274e-08
7.30365543e-08
6.4513938e-08
5.70177835e-08
5.08138544e-08
4.58390564e-08
4.22101199e-08
3.97090853e-08
3.8115085e-08
3.71779992e-08
3.66815057e-08
3.64512479e-08
3.63542239e-08
3.62926742e-08
3.61901242e-08
3.59619996e-08
3.55611722e-08
3.51291838e-08
3.46694394e-08
3.41598745e-08
3.35684277e-08
3.28367991e-08
3.18638569e-08
3.04860805e-08
2.84617583e-08
2.54859766e-08
2.13397747e-08
1.64441424e-08
1.3153158e-08
1.69150113e-08
2.75614951e-08
-2.47222384e-10
4.5479075e-11
4.93613056e-09
1.26135279e-08
2.03245959e-08
2.66806182e-08
3.13705232e-08
3.45936424e-08
3.66933144e-08
3.79837164e-08
3.87007218e-08
3.89968592e-08
3.9005938e-08
3.85485121e-08
3.74098507e-08
3.56087164e-08
3.33009839e-08
3.08200246e-08
2.86685529e-08
2.74364459e-08
2.76825708e-08
2.99078674e-08
3.29527623e-08
4.16134145e-08
4.85101905e-08
6.53471756e-08
9.25315735e-08
8.32089495e-08
5.13840893e-08
4.40588678e-08
4.50849334e-08
4.73799715e-08
4.89977674e-08
4.89503251e-08
4.79150299e-08
4.63647665e-08
4.45632868e-08
4.34476216e-08
4.43987188e-08
4.84995253e-08
5.50662762e-08
6.03315082e-08
6.37528998e-08
6.57089196e-08
6.67061917e-08
6.7139936e-08
6.72732756e-08
6.72666313e-08
6.71894912e-08
6.71194844e-08
6.67884515e-08
6.58117839e-08
6.3856458e-08
6.07998917e-08
5.70471729e-08
5.37329383e-08
5.28187238e-08
5.55434795e-08
6.81605699e-08
8.16993703e-08
8.92865793e-08
9.16629842e-08
9.39323792e-08
8.55249464e-08
7.09878952e-08
5.72052327e-08
5.24455402e-08
5.16972153e-08
5.33606637e-08
5.59105022e-08
5.8150913e-08
5.96418669e-08
6.03674452e-08
6.04865517e-08
6.01842156e-08
5.95251382e-08
5.82641979e-08
5.61236241e-08
5.28238618e-08
4.84111069e-08
4.39289431e-08
4.21258757e-08
4.66403925e-08
5.50284188e-08
6.06832494e-08
6.38688752e-08
6.55367906e-08
6.63480565e-08
6.6682621e-08
6.67478454e-08
6.66549274e-08
6.64472553e-08
6.61889861e-08
6.5586529e-08
6.44364174e-08
6.25658233e-08
5.99165181e-08
5.66866615e-08
5.35114403e-08
5.14361821e-08
5.19851312e-08
5.55880111e-08
6.1963082e-08
7.56326658e-08
9.53409374e-08
1.04682628e-07
8.71805853e-08
6.59575506e-08
5.55771416e-08
5.18653309e-08
5.09247657e-08
5.2556751e-08
5.50208971e-08
5.73714257e-08
5.91377342e-08
6.02430252e-08
6.07890244e-08
6.09180271e-08
6.08303983e-08
6.05325754e-08
5.98884465e-08
5.86933566e-08
5.66279779e-08
5.32928728e-08
4.84398751e-08
4.26686279e-08
3.87978172e-08
4.59978921e-08
5.29169277e-08
5.76518679e-08
6.04917013e-08
6.20736853e-08
6.29034342e-08
6.33048517e-08
6.34605718e-08
6.3498167e-08
6.33186837e-08
6.26903551e-08
6.14155492e-08
5.9385229e-08
5.67639018e-08
5.42302347e-08
5.29722476e-08
5.47953522e-08
5.94430973e-08
7.22184553e-08
8.63886849e-08
9.53067374e-08
9.31620046e-08
7.45941176e-08
5.97626431e-08
5.29273473e-08
4.94084496e-08
4.97761696e-08
5.21196603e-08
5.49461525e-08
5.7282929e-08
5.88064485e-08
5.95598774e-08
5.9710327e-08
5.94480592e-08
5.88865903e-08
5.78557757e-08
5.61610477e-08
5.35572742e-08
4.98977034e-08
4.55232795e-08
4.19595006e-08
4.23660375e-08
5.02211871e-08
5.61967767e-08
5.98940117e-08
6.19317472e-08
6.29674777e-08
6.34521187e-08
6.3650815e-08
6.37075453e-08
6.36922311e-08
6.33502817e-08
6.25110099e-08
6.10362788e-08
5.89946761e-08
5.69286459e-08
5.58972582e-08
5.77599032e-08
6.27418706e-08
7.26339449e-08
9.93487704e-08
9.8656804e-08
7.30104857e-08
5.8871481e-08
5.26151464e-08
4.79637687e-08
4.75883752e-08
4.9691565e-08
5.29281839e-08
5.61720154e-08
5.8834914e-08
6.07328258e-08
6.19104235e-08
6.2492997e-08
6.26640802e-08
6.24693619e-08
6.16889213e-08
6.00091896e-08
5.69904195e-08
5.22592272e-08
4.61536299e-08
4.09956548e-08
4.19755071e-08
4.97810188e-08
5.60544744e-08
5.98534103e-08
6.19105149e-08
6.29422998e-08
6.33988752e-08
6.35215528e-08
6.34904735e-08
6.29801662e-08
6.17652832e-08
5.97131179e-08
5.7050896e-08
5.47381903e-08
5.4346948e-08
5.82039644e-08
6.57109249e-08
7.8463948e-08
1.00333747e-07
9.80376594e-08
8.07948551e-08
6.70330812e-08
5.77567109e-08
5.16842082e-08
5.10803538e-08
5.34613522e-08
5.69200555e-08
5.99381392e-08
6.19493203e-08
6.29919347e-08
6.33514084e-08
6.33396187e-08
6.3304433e-08
6.31537258e-08
6.28156103e-08
6.21211298e-08
6.07823014e-08
5.83522106e-08
5.42361072e-08
4.80118827e-08
4.11130479e-08
4.29638354e-08
4.82768785e-08
5.35506302e-08
5.74695343e-08
6.00167256e-08
6.15694676e-08
6.24860324e-08
6.30074284e-08
6.32541436e-08
6.29933215e-08
6.20110799e-08
6.01198476e-08
5.73905376e-08
5.43973598e-08
5.26833251e-08
5.35072384e-08
6.02815522e-08
7.69966093e-08
9.49900469e-08
9.88339566e-08
8.90163357e-08
7.56710622e-08
6.08912665e-08
5.36326547e-08
5.34177839e-08
5.51186019e-08
5.83540712e-08
6.14583934e-08
6.38052909e-08
6.52360797e-08
6.59238132e-08
6.61435467e-08
6.62108296e-08
6.63114873e-08
6.64113088e-08
6.64931802e-08
6.64987853e-08
6.63334072e-08
6.58536664e-08
6.48326334e-08
6.28584068e-08
5.91530017e-08
5.29261106e-08
4.78907693e-08
4.6119207e-08
4.72665972e-08
4.98831444e-08
5.27176888e-08
5.51169498e-08
5.6888174e-08
5.80539479e-08
5.87720058e-08
5.88026565e-08
5.79018647e-08
5.59199148e-08
5.31968819e-08
5.08920104e-08
5.0787693e-08
5.47797185e-08
6.11380909e-08
7.40500224e-08
9.39965815e-08
1.02030224e-07
9.01476016e-08
7.34853346e-08
6.23918918e-08
5.72213227e-08
5.43413053e-08
5.47581817e-08
5.69920255e-08
5.97680095e-08
6.21988106e-08
6.39159562e-08
6.49200332e-08
6.53903196e-08
6.55357002e-08
6.56573765e-08
6.57572138e-08
6.5803407e-08
6.57344176e-08
6.54462574e-08
6.47742839e-08
6.34562338e-08
6.10544033e-08
5.68073891e-08
4.94789892e-08
4.45006194e-08
4.3729309e-08
4.59777563e-08
4.93155838e-08
5.24612987e-08
5.49115998e-08
5.66186987e-08
5.77016042e-08
5.83159457e-08
5.85476164e-08
5.81697852e-08
5.70441512e-08
5.51291274e-08
5.27422842e-08
5.08017871e-08
5.07428728e-08
5.44383784e-08
6.12845164e-08
7.53164425e-08
9.79518191e-08
1.00869088e-07
8.33340899e-08
8.01663512e-08
6.6614551e-08
5.70080776e-08
5.30813494e-08
5.24000162e-08
5.4444072e-08
5.75908278e-08
6.06954896e-08
6.31289416e-08
6.47399347e-08
6.56425204e-08
6.6046975e-08
6.61981113e-08
6.62682732e-08
6.61667908e-08
6.57856828e-08
6.49192214e-08
6.32275377e-08
6.01959801e-08
5.52000868e-08
4.79708321e-08
4.01314151e-08
4.32892931e-08
4.88068226e-08
5.35428869e-08
5.68042305e-08
5.88141746e-08
5.99635001e-08
6.05647324e-08
6.08303594e-08
6.08601544e-08
6.04157408e-08
5.93487603e-08
5.7582397e-08
5.53658284e-08
5.34922136e-08
5.35763433e-08
5.70178105e-08
6.52884044e-08
8.23290508e-08
1.01136857e-07
1.0035003e-07
7.87197665e-08
6.78018528e-08
5.80992264e-08
5.36515872e-08
5.26003251e-08
5.46366906e-08
5.79621893e-08
6.12603666e-08
6.37833373e-08
6.53666811e-08
6.61699319e-08
6.64630881e-08
6.65561773e-08
6.65765797e-08
6.64193006e-08
6.59317473e-08
6.48241785e-08
6.26276291e-08
5.87048102e-08
5.26100823e-08
4.5552572e-08
4.35404737e-08
4.86209185e-08
5.43039751e-08
5.85605936e-08
6.12868413e-08
6.28937626e-08
6.37818928e-08
6.42163215e-08
6.43951632e-08
6.42111487e-08
6.34101964e-08
6.17332794e-08
5.90637755e-08
5.57558676e-08
5.30080762e-08
5.28902635e-08
5.64727233e-08
7.08722756e-08
8.98625504e-08
1.01797767e-07
9.6292321e-08
8.16736612e-08
6.45598074e-08
5.55338058e-08
5.37759817e-08
5.46357799e-08
5.7218529e-08
5.97827428e-08
6.16733102e-08
6.27772438e-08
6.3293813e-08
6.34862508e-08
6.36544533e-08
6.38987962e-08
6.41863444e-08
6.44909336e-08
6.47533685e-08
6.48829276e-08
6.47456865e-08
6.41337604e-08
6.26774683e-08
5.96461267e-08
5.30400392e-08
4.71583553e-08
4.48720685e-08
4.60933424e-08
4.9112011e-08
5.23640548e-08
5.50431323e-08
5.69390645e-08
5.81098271e-08
5.87598948e-08
5.86834542e-08
5.76580376e-08
5.55259411e-08
5.25466893e-08
4.97617933e-08
4.89537875e-08
5.22282003e-08
5.84953476e-08
7.03530038e-08
8.83107005e-08
1.03887274e-07
9.21997932e-08
7.31289157e-08
6.45283256e-08
6.08877381e-08
5.88732745e-08
5.94355177e-08
6.09083909e-08
6.23900912e-08
6.33600337e-08
6.37737371e-08
6.3808341e-08
6.36772889e-08
6.35875832e-08
6.356653e-08
6.35697882e-08
6.35388014e-08
6.33700518e-08
6.29088571e-08
6.1935558e-08
6.01371488e-08
5.70531709e-08
5.19721398e-08
4.71919327e-08
4.43775951e-08
4.38183196e-08
4.48296628e-08
4.65466106e-08
4.83460721e-08
4.99029662e-08
5.10994907e-08
5.19180356e-08
5.24077739e-08
5.24126649e-08
5.179854e-08
5.04090734e-08
4.82627569e-08
4.59981267e-08
4.50710145e-08
4.81261913e-08
5.77904933e-08
7.12469543e-08
9.96145151e-08
1.00632649e-07
7.66279344e-08
6.82660741e-08
6.21521332e-08
6.04434011e-08
6.10946172e-08
6.26462214e-08
6.39214965e-08
6.45598168e-08
6.46817959e-08
6.45667439e-08
6.4492874e-08
6.45503213e-08
6.4692004e-08
6.48535625e-08
6.48889009e-08
6.45378235e-08
6.33333704e-08
6.04668392e-08
5.49433775e-08
5.0075459e-08
4.77329364e-08
4.78784438e-08
4.94742959e-08
5.15041178e-08
5.33590725e-08
5.47929974e-08
5.57631401e-08
5.63182888e-08
5.64606902e-08
5.60427011e-08
5.49158455e-08
5.29701328e-08
5.04179131e-08
4.82050052e-08
4.83802339e-08
5.2237334e-08
6.77624108e-08
8.93612579e-08
1.02575939e-07
9.51921371e-08
7.74442197e-08
6.06873288e-08
5.18963346e-08
4.78428133e-08
4.25706526e-08
3.96009554e-08
3.84528105e-08
3.87305736e-08
3.99499697e-08
4.16157285e-08
4.33724761e-08
4.49946942e-08
4.6372099e-08
4.74672623e-08
4.82904295e-08
4.88738362e-08
4.9273023e-08
4.95669745e-08
4.98286125e-08
5.00635659e-08
5.0265465e-08
5.04201256e-08
5.04993577e-08
5.04465386e-08
5.01539856e-08
4.94244351e-08
4.79086172e-08
4.50157346e-08
3.98548578e-08
3.14595193e-08
1.98382837e-08
8.2379823e-09
3.4971463e-09
-8.62636816e-10
6.91033918e-09
2.00778749e-08
3.09032641e-08
3.76204838e-08
4.1172347e-08
4.27905222e-08
4.33494392e-08
4.33768034e-08
4.31780651e-08
4.29283745e-08
4.27231467e-08
4.25920741e-08
4.25335436e-08
4.24221276e-08
4.20293499e-08
4.10807502e-08
3.93515044e-08
3.68000329e-08
3.36848199e-08
3.05653786e-08
2.83213515e-08
2.73814395e-08
2.98695079e-08
3.53233794e-08
4.8034927e-08
8.07497222e-08
8.06426895e-08
4.90302311e-08
4.37041055e-08
4.73462601e-08
5.01452136e-08
5.12372457e-08
5.10110844e-08
4.9960343e-08
4.79377912e-08
4.5187254e-08
4.28963791e-08
4.33751473e-08
4.85486859e-08
5.69700708e-08
6.29868486e-08
6.5675365e-08
6.63693527e-08
6.61325822e-08
6.55852639e-08
6.50525498e-08
6.46833828e-08
6.45331247e-08
6.46084498e-08
6.49342353e-08
6.54414954e-08
6.58265555e-08
6.54680394e-08
6.35768673e-08
5.97454397e-08
5.50428521e-08
5.1262679e-08
5.36040353e-08
6.38645233e-08
7.61841623e-08
8.6214193e-08
8.62329794e-08
7.078339e-08
5.70035738e-08
5.11996638e-08
5.22356696e-08
5.53144994e-08
5.85252949e-08
6.06388366e-08
6.16669885e-08
6.20785993e-08
6.22475471e-08
6.2336129e-08
6.23559375e-08
6.21889478e-08
6.15989348e-08
6.01198858e-08
5.70406704e-08
5.17638332e-08
4.51058568e-08
4.13274764e-08
4.69050319e-08
5.8145045e-08
6.35604217e-08
6.56790177e-08
6.62368079e-08
6.61291661e-08
6.58014702e-08
6.54687102e-08
6.52245945e-08
6.5100529e-08
6.50948442e-08
6.52104509e-08
6.53610866e-08
6.53463866e-08
6.48084719e-08
6.32603767e-08
6.03272678e-08
5.61992814e-08
5.21805996e-08
5.02594817e-08
5.17377046e-08
6.0615738e-08
8.26950482e-08
9.79933119e-08
7.48163299e-08
5.52668606e-08
5.06613559e-08
5.17193387e-08
5.47889852e-08
5.81026394e-08
6.03513267e-08
6.15259667e-08
6.20118748e-08
6.2181187e-08
6.22506555e-08
6.23076004e-08
6.23459613e-08
6.23189898e-08
6.21208388e-08
6.15080765e-08
5.99980643e-08
5.67991924e-08
5.10723856e-08
4.32571239e-08
3.81109299e-08
4.83157699e-08
5.65952591e-08
6.10905356e-08
6.29749631e-08
6.35065518e-08
6.34724717e-08
6.32786631e-08
6.31066145e-08
6.30201327e-08
6.30452062e-08
6.31587431e-08
6.32217237e-08
6.29144366e-08
6.17339491e-08
5.92663266e-08
5.57568435e-08
5.28994374e-08
5.23952287e-08
5.83171076e-08
7.24668404e-08
8.86934647e-08
8.25848445e-08
6.00538774e-08
5.0773579e-08
4.90265376e-08
5.11491389e-08
5.51777554e-08
5.8716163e-08
6.0923553e-08
6.19827168e-08
6.23972141e-08
6.25351659e-08
6.25699259e-08
6.25685495e-08
6.24589624e-08
6.20886793e-08
6.11395786e-08
5.90637365e-08
5.51434913e-08
4.90497852e-08
4.24016414e-08
4.05703188e-08
4.98995871e-08
5.73312032e-08
6.11163848e-08
6.25720178e-08
6.29152569e-08
6.28299132e-08
6.26381921e-08
6.24784099e-08
6.24062272e-08
6.24696783e-08
6.25995525e-08
6.25532776e-08
6.18823218e-08
6.01281232e-08
5.73687099e-08
5.52186402e-08
5.58760297e-08
6.27075902e-08
9.08973015e-08
8.8781962e-08
5.88990742e-08
4.89223622e-08
4.68133208e-08
4.83411578e-08
5.26171057e-08
5.70403613e-08
6.04001067e-08
6.24686682e-08
6.3588656e-08
6.41741679e-08
6.45205648e-08
6.47946477e-08
6.50468303e-08
6.5210268e-08
6.51018307e-08
6.42899074e-08
6.19511734e-08
5.6934715e-08
4.87740108e-08
4.0626756e-08
4.19767683e-08
5.32801205e-08
5.98887331e-08
6.27990418e-08
6.38655372e-08
6.41453357e-08
6.41280437e-08
6.40222246e-08
6.39035023e-08
6.38283333e-08
6.36969454e-08
6.31755195e-08
6.16981386e-08
5.89166198e-08
5.55295972e-08
5.421774e-08
5.71947526e-08
6.74203135e-08
9.27279411e-08
8.70111105e-08
6.50772744e-08
5.46768315e-08
5.0512759e-08
5.15015552e-08
5.57753822e-08
5.99033116e-08
6.23537933e-08
6.31503727e-08
6.30534321e-08
6.26915588e-08
6.2380961e-08
6.22256915e-08
6.22267693e-08
6.24046495e-08
6.27397303e-08
6.3114004e-08
6.32024801e-08
6.23264447e-08
5.92847133e-08
5.2396486e-08
4.14338815e-08
4.2042137e-08
4.92827514e-08
5.60026667e-08
6.0171846e-08
6.22858298e-08
6.3240858e-08
6.36551443e-08
6.38509509e-08
6.39674056e-08
6.40801292e-08
6.41166985e-08
6.37895028e-08
6.25593135e-08
5.98357632e-08
5.58731369e-08
5.22642522e-08
5.21664804e-08
6.24003868e-08
8.42256838e-08
9.29584525e-08
7.50187842e-08
5.93549407e-08
5.15136752e-08
5.24526485e-08
5.64281598e-08
6.03161878e-08
6.29291956e-08
6.39204402e-08
6.38732833e-08
6.34048937e-08
6.29305764e-08
6.26348752e-08
6.25395597e-08
6.26233703e-08
6.28822987e-08
6.32851623e-08
6.37483506e-08
6.41042078e-08
6.40840644e-08
6.33082011e-08
6.11863584e-08
5.62403487e-08
4.90875669e-08
4.5098651e-08
4.61393919e-08
5.01699632e-08
5.45699657e-08
5.79675609e-08
6.0137748e-08
6.1358612e-08
6.19734399e-08
6.22313439e-08
6.22550465e-08
6.20076936e-08
6.11788776e-08
5.92283139e-08
5.59364649e-08
5.22291802e-08
5.0699647e-08
5.24887849e-08
6.07474426e-08
8.4213626e-08
9.46284723e-08
7.46269383e-08
5.88966136e-08
5.34579309e-08
5.30516955e-08
5.53551024e-08
5.88436658e-08
6.16632432e-08
6.31826857e-08
6.36088588e-08
6.34554246e-08
6.31511682e-08
6.29364553e-08
6.28932042e-08
6.30000363e-08
6.32520425e-08
6.36224684e-08
6.40413298e-08
6.43608904e-08
6.43178033e-08
6.34838652e-08
6.11895236e-08
5.63974234e-08
4.7264176e-08
4.25217758e-08
4.42784477e-08
4.9263032e-08
5.41769221e-08
5.76752147e-08
5.97521071e-08
6.08353937e-08
6.13315154e-08
6.15035349e-08
6.15025922e-08
6.13505529e-08
6.09560603e-08
6.00478409e-08
5.82278096e-08
5.53513589e-08
5.21234619e-08
5.07392675e-08
5.28673541e-08
6.23214677e-08
8.71287593e-08
9.34599164e-08
7.17607371e-08
6.31734183e-08
5.35384454e-08
5.11544279e-08
5.31577887e-08
5.71529601e-08
6.11925716e-08
6.39425611e-08
6.52748153e-08
6.56504008e-08
6.55966054e-08
6.54669041e-08
6.54356876e-08
6.55546031e-08
6.58086175e-08
6.61685196e-08
6.6534825e-08
6.66755383e-08
6.61169167e-08
6.39901216e-08
5.89663219e-08
4.99850727e-08
3.95039133e-08
4.41687409e-08
5.1552131e-08
5.69321888e-08
5.99261123e-08
6.13490381e-08
6.1939982e-08
6.21372182e-08
6.21559704e-08
6.20925239e-08
6.19939092e-08
6.17723469e-08
6.11587084e-08
5.97301182e-08
5.72181858e-08
5.43631708e-08
5.31665167e-08
5.64247417e-08
6.97339789e-08
9.31565986e-08
9.04363543e-08
6.44409041e-08
5.50773749e-08
5.11255997e-08
5.25012916e-08
5.64257114e-08
6.07283004e-08
6.36785191e-08
6.50112201e-08
6.524802e-08
6.5026502e-08
6.47672177e-08
6.46632204e-08
6.47564162e-08
6.50413144e-08
6.54919166e-08
6.59936064e-08
6.62483437e-08
6.56117329e-08
6.28842851e-08
5.63899246e-08
4.61086561e-08
4.25136174e-08
4.95248488e-08
5.64624991e-08
6.08094774e-08
6.30402819e-08
6.4043057e-08
6.44379942e-08
6.45685651e-08
6.46019283e-08
6.46398356e-08
6.46856605e-08
6.45504118e-08
6.37426529e-08
6.15383121e-08
5.76404812e-08
5.35019559e-08
5.14863815e-08
5.80731712e-08
7.7795276e-08
9.60045613e-08
8.34982688e-08
6.48162166e-08
5.3722271e-08
5.255765e-08
5.53687087e-08
5.85656175e-08
6.06629309e-08
6.13175752e-08
6.11465734e-08
6.07365446e-08
6.04225701e-08
6.03140839e-08
6.03798155e-08
6.06078128e-08
6.10078895e-08
6.15735622e-08
6.2257182e-08
6.29409494e-08
6.34204278e-08
6.33842167e-08
6.22915779e-08
5.88550817e-08
5.092407e-08
4.4996646e-08
4.49064262e-08
4.89992659e-08
5.39893088e-08
5.79242087e-08
6.03903791e-08
6.17040863e-08
6.22997629e-08
6.24935008e-08
6.24452871e-08
6.21343625e-08
6.12703129e-08
5.92975873e-08
5.58577995e-08
5.16654161e-08
4.92297517e-08
5.0354722e-08
5.70450935e-08
7.67230094e-08
9.6823146e-08
7.7828471e-08
6.09919714e-08
5.72734193e-08
5.72898368e-08
5.89218064e-08
6.08730351e-08
6.19024289e-08
6.20098396e-08
6.16257856e-08
6.1174254e-08
6.08665424e-08
6.07429116e-08
6.07529931e-08
6.08840735e-08
6.11271349e-08
6.14440191e-08
6.17156947e-08
6.1684209e-08
6.09005012e-08
5.8680383e-08
5.40718946e-08
4.72244296e-08
4.26631882e-08
4.23350601e-08
4.51107254e-08
4.89588544e-08
5.24808521e-08
5.51388978e-08
5.69213157e-08
5.80104132e-08
5.85983757e-08
5.88201333e-08
5.87006521e-08
5.82088248e-08
5.71919612e-08
5.52765916e-08
5.20836218e-08
4.79663328e-08
4.53071136e-08
4.83538975e-08
5.90320169e-08
9.05330107e-08
9.18319266e-08
6.64007554e-08
6.01966972e-08
5.88267188e-08
6.05022128e-08
6.22894494e-08
6.30517337e-08
6.28897617e-08
6.23870097e-08
6.19419966e-08
6.16874864e-08
6.16016904e-08
6.16940039e-08
6.20028896e-08
6.25133028e-08
6.30631252e-08
6.32212504e-08
6.20734051e-08
5.76484117e-08
5.06802497e-08
4.66446187e-08
4.73034364e-08
5.08993131e-08
5.50748496e-08
5.84883251e-08
6.08097056e-08
6.22012394e-08
6.29306096e-08
6.32124831e-08
6.31376783e-08
6.27199231e-08
6.18909656e-08
6.03986711e-08
5.78016414e-08
5.38575791e-08
4.97572092e-08
4.76085771e-08
5.42332884e-08
7.48495005e-08
9.61677529e-08
8.45000249e-08
5.91084228e-08
4.58898134e-08
4.11697629e-08
3.91687973e-08
3.88797629e-08
4.05286399e-08
4.30777953e-08
4.58164908e-08
4.82342419e-08
5.01131975e-08
5.14500402e-08
5.2351309e-08
5.29510304e-08
5.33657889e-08
5.36837491e-08
5.39773586e-08
5.42872728e-08
5.46168227e-08
5.497357e-08
5.53580046e-08
5.57644419e-08
5.61812309e-08
5.65889892e-08
5.69563856e-08
5.72299174e-08
5.73088955e-08
5.69861557e-08
5.5817762e-08
5.28847756e-08
4.65601563e-08
3.49158907e-08
1.79814809e-08
1.60880861e-09
3.40501114e-09
2.25989773e-08
3.56705116e-08
4.12376585e-08
4.3004602e-08
4.31993507e-08
4.26876391e-08
4.18404552e-08
4.09015026e-08
4.00597696e-08
3.94459901e-08
3.91292156e-08
3.91236133e-08
3.93888688e-08
3.99257219e-08
4.06186209e-08
4.12434418e-08
4.14603015e-08
4.08803966e-08
3.92115272e-08
3.64194404e-08
3.29200275e-08
2.94569898e-08
2.75319978e-08
2.90266706e-08
3.55997531e-08
6.6173969e-08
8.03632244e-08
5.03577704e-08
4.43226317e-08
4.86409924e-08
5.10888977e-08
5.1888332e-08
5.19367158e-08
5.12562902e-08
4.93843787e-08
4.62198912e-08
4.28235572e-08
4.22961128e-08
4.77553188e-08
5.71793327e-08
6.36060019e-08
6.51645919e-08
6.46324621e-08
6.3462663e-08
6.23491461e-08
6.15482119e-08
6.1083492e-08
6.08913152e-08
6.09117143e-08
6.11024371e-08
6.16157182e-08
6.2528355e-08
6.37186815e-08
6.45450795e-08
6.37039565e-08
6.02253145e-08
5.46100346e-08
5.04013949e-08
5.35046125e-08
6.47158657e-08
7.9721591e-08
8.13116014e-08
6.22039854e-08
5.17867598e-08
5.1518965e-08
5.5250993e-08
5.87941994e-08
6.07983626e-08
6.14105105e-08
6.14710658e-08
6.14573069e-08
6.1500464e-08
6.16144696e-08
6.17714412e-08
6.19575176e-08
6.20362945e-08
6.15820878e-08
5.96422612e-08
5.48088027e-08
4.68315665e-08
4.06678902e-08
4.62394397e-08
5.89375925e-08
6.36624348e-08
6.4730701e-08
6.42762341e-08
6.33851587e-08
6.25562415e-08
6.19629606e-08
6.16177302e-08
6.14746487e-08
6.14847322e-08
6.16100242e-08
6.19385794e-08
6.24882041e-08
6.31835708e-08
6.37002534e-08
6.33169351e-08
6.10895584e-08
5.67685714e-08
5.18876108e-08
4.89794175e-08
5.25378513e-08
7.2654051e-08
9.26018967e-08
6.76892185e-08
5.12274494e-08
5.11619782e-08
5.49510168e-08
5.86941546e-08
6.08266687e-08
6.14817195e-08
6.15137911e-08
6.1435376e-08
6.14132739e-08
6.1457929e-08
6.15439437e-08
6.16469026e-08
6.17917919e-08
6.19476975e-08
6.19461979e-08
6.12836752e-08
5.88601015e-08
5.30678495e-08
4.37074202e-08
3.76098804e-08
5.00278609e-08
5.87546348e-08
6.22681192e-08
6.28494022e-08
6.23238423e-08
6.16225365e-08
6.10965325e-08
6.08042222e-08
6.06970499e-08
6.06938896e-08
6.08357109e-08
6.11621671e-08
6.16610174e-08
6.20768841e-08
6.16892143e-08
5.952268e-08
5.56676246e-08
5.19524296e-08
5.23477475e-08
6.2932993e-08
8.26595709e-08
7.55976223e-08
5.27613521e-08
4.84901349e-08
5.08128982e-08
5.5510697e-08
5.94378505e-08
6.12797829e-08
6.1665024e-08
6.15214281e-08
6.13453458e-08
6.12802178e-08
6.13439907e-08
6.14908562e-08
6.17390533e-08
6.20456859e-08
6.21889385e-08
6.1555832e-08
5.89329563e-08
5.28557823e-08
4.3903937e-08
3.91015706e-08
4.88542361e-08
5.7862463e-08
6.13824863e-08
6.20904343e-08
6.18153005e-08
6.13555592e-08
6.09673714e-08
6.06917875e-08
6.04997589e-08
6.04206843e-08
6.05413173e-08
6.09126694e-08
6.13794887e-08
6.13161147e-08
5.96998886e-08
5.6558564e-08
5.41863938e-08
5.74084277e-08
8.44746206e-08
8.08518459e-08
5.10389881e-08
4.58441695e-08
4.80681657e-08
5.31140407e-08
5.81339086e-08
6.11683051e-08
6.23694418e-08
6.25765465e-08
6.24654383e-08
6.23620719e-08
6.23810071e-08
6.25516259e-08
6.2861589e-08
6.33587083e-08
6.39953341e-08
6.44565277e-08
6.37928501e-08
6.00805034e-08
5.13461116e-08
4.05313944e-08
4.17339804e-08
5.51801947e-08
6.1091058e-08
6.29888652e-08
6.3312254e-08
6.313478e-08
6.28642864e-08
6.26370391e-08
6.24777372e-08
6.23901645e-08
6.24346718e-08
6.25979964e-08
6.25612971e-08
6.14609586e-08
5.84803304e-08
5.49726776e-08
5.42886079e-08
6.15560094e-08
8.74365529e-08
7.74468208e-08
5.55433042e-08
4.99427642e-08
5.09341729e-08
5.57282925e-08
6.02701206e-08
6.22205734e-08
6.20860623e-08
6.12187669e-08
6.04319419e-08
5.99117979e-08
5.96083876e-08
5.94137673e-08
5.93259888e-08
5.94384862e-08
5.98757087e-08
6.0722019e-08
6.18342715e-08
6.25578536e-08
6.13685944e-08
5.55385457e-08
4.19254702e-08
4.14595411e-08
5.06139577e-08
5.81531338e-08
6.18269626e-08
6.30598137e-08
6.32779783e-08
6.32069023e-08
6.31119259e-08
6.30523249e-08
6.30626407e-08
6.31866033e-08
6.34283174e-08
6.35492556e-08
6.27251545e-08
5.98211557e-08
5.50131894e-08
5.09504664e-08
5.53947959e-08
7.74822775e-08
8.74425442e-08
6.46595089e-08
5.17331614e-08
5.09630047e-08
5.59280393e-08
6.02631299e-08
6.22898483e-08
6.22506344e-08
6.13106214e-08
6.03655618e-08
5.97333934e-08
5.94188866e-08
5.93324798e-08
5.93513193e-08
5.95091557e-08
5.98562037e-08
6.04483522e-08
6.1276279e-08
6.21557502e-08
6.26209379e-08
6.19236875e-08
5.92112697e-08
5.25161821e-08
4.51971776e-08
4.40986908e-08
4.87926478e-08
5.47961674e-08
5.91498362e-08
6.14008889e-08
6.2241197e-08
6.24108341e-08
6.23588915e-08
6.22688905e-08
6.22146364e-08
6.22106223e-08
6.21682128e-08
6.16672392e-08
5.98537753e-08
5.61632101e-08
5.2120727e-08
5.01920074e-08
5.44990662e-08
7.88182151e-08
8.73325559e-08
6.32909176e-08
5.21896555e-08
5.18851557e-08
5.51098028e-08
5.90289605e-08
6.15289835e-08
6.21373972e-08
6.16449305e-08
6.08989956e-08
6.03261623e-08
6.0009859e-08
5.98957791e-08
5.99113333e-08
6.00330159e-08
6.0326866e-08
6.08490235e-08
6.16126144e-08
6.25011019e-08
6.3164522e-08
6.29139388e-08
6.06381048e-08
5.47906227e-08
4.44777333e-08
4.15211525e-08
4.65775391e-08
5.34031708e-08
5.81743376e-08
6.05141846e-08
6.1325486e-08
6.1444775e-08
6.13380672e-08
6.11981096e-08
6.10597866e-08
6.0964853e-08
6.0902149e-08
6.07789768e-08
6.02604862e-08
5.86989812e-08
5.56093219e-08
5.21034073e-08
5.06687298e-08
5.59003029e-08
8.03284373e-08
8.66614633e-08
6.23444479e-08
5.38274049e-08
5.00042579e-08
5.29622744e-08
5.78886551e-08
6.20370211e-08
6.40260842e-08
6.41995695e-08
6.35799086e-08
6.28954558e-08
6.2428389e-08
6.22112054e-08
6.22009013e-08
6.23246868e-08
6.2655214e-08
6.32508619e-08
6.41316895e-08
6.516598e-08
6.58870887e-08
6.52031225e-08
6.10545684e-08
5.10083378e-08
3.89827026e-08
4.50891112e-08
5.36580783e-08
5.88151279e-08
6.09987792e-08
6.16796939e-08
6.17884283e-08
6.1729531e-08
6.16378085e-08
6.15295711e-08
6.14309249e-08
6.13731579e-08
6.13308824e-08
6.10397784e-08
5.98078857e-08
5.70886934e-08
5.38890277e-08
5.34184968e-08
6.28379782e-08
8.76316007e-08
8.15445315e-08
5.55050337e-08
5.01826773e-08
5.13995264e-08
5.62677288e-08
6.09276348e-08
6.33761791e-08
6.36453352e-08
6.28964752e-08
6.20413289e-08
6.14399484e-08
6.11318598e-08
6.10588604e-08
6.11381171e-08
6.14504566e-08
6.20740172e-08
6.30585821e-08
6.42769521e-08
6.51658491e-08
6.43105495e-08
5.89879931e-08
4.66213801e-08
4.16434126e-08
5.00888247e-08
5.76230207e-08
6.15625021e-08
6.30785412e-08
6.34495051e-08
6.33917908e-08
6.32258e-08
6.3080223e-08
6.29977805e-08
6.3061974e-08
6.33183675e-08
6.36600225e-08
6.3450157e-08
6.13520857e-08
5.68871883e-08
5.19574496e-08
5.29376749e-08
7.09424357e-08
9.11316671e-08
7.29796237e-08
5.55889363e-08
5.14104897e-08
5.47141669e-08
5.84324623e-08
6.01971034e-08
6.01050419e-08
5.93224142e-08
5.86588555e-08
5.83013874e-08
5.81723268e-08
5.81632423e-08
5.81776716e-08
5.82729502e-08
5.85198903e-08
5.90100451e-08
5.979557e-08
6.07958233e-08
6.17063998e-08
6.1990795e-08
6.09333187e-08
5.63238035e-08
4.74345561e-08
4.34110025e-08
4.69408013e-08
5.3474323e-08
5.8726605e-08
6.15245566e-08
6.25198882e-08
6.26342409e-08
6.24677616e-08
6.22838267e-08
6.21802757e-08
6.21704615e-08
6.21655684e-08
6.17702643e-08
6.00985483e-08
5.63516824e-08
5.16606279e-08
4.88811553e-08
5.10827849e-08
7.04718286e-08
9.06727167e-08
6.70478909e-08
5.5423194e-08
5.57964418e-08
5.81310792e-08
6.02531786e-08
6.09439579e-08
6.04908266e-08
5.97682809e-08
5.92682795e-08
5.90586789e-08
5.90232735e-08
5.90486098e-08
5.90658486e-08
5.91262202e-08
5.92976571e-08
5.96515833e-08
6.01612399e-08
6.05332096e-08
6.00144852e-08
5.73022025e-08
5.06686746e-08
4.28050877e-08
4.06183825e-08
4.44234713e-08
5.04144408e-08
5.55430115e-08
5.88241185e-08
6.05195948e-08
6.12188427e-08
6.14040482e-08
6.13636213e-08
6.12372932e-08
6.10317963e-08
6.0729772e-08
6.0244894e-08
5.92831306e-08
5.71218969e-08
5.29296303e-08
4.77312337e-08
4.59041082e-08
5.27954824e-08
8.45253013e-08
8.38217655e-08
6.04013581e-08
5.76705656e-08
5.93454618e-08
6.15520185e-08
6.21815243e-08
6.17062549e-08
6.10864687e-08
6.07211236e-08
6.05421446e-08
6.03945843e-08
6.01919125e-08
6.00416645e-08
6.01248365e-08
6.06207825e-08
6.14780243e-08
6.20769414e-08
6.08783365e-08
5.41860801e-08
4.67108533e-08
4.58046192e-08
5.08119193e-08
5.7184111e-08
6.1910833e-08
6.44660189e-08
6.55055374e-08
6.577189e-08
6.57257464e-08
6.55766977e-08
6.53608793e-08
6.50655745e-08
6.46447022e-08
6.39486278e-08
6.25213885e-08
5.94468007e-08
5.44477098e-08
4.90632723e-08
4.93058919e-08
6.59214592e-08
9.09509967e-08
7.55995686e-08
4.78769846e-08
3.96548772e-08
3.86462919e-08
4.00127586e-08
4.30051815e-08
4.639356e-08
4.92068133e-08
5.11159777e-08
5.21818645e-08
5.26652384e-08
5.28302818e-08
5.28664576e-08
5.28823264e-08
5.29291463e-08
5.30255661e-08
5.31664174e-08
5.33386826e-08
5.35595427e-08
5.38424487e-08
5.4201633e-08
5.46482154e-08
5.5186259e-08
5.58083102e-08
5.64913805e-08
5.71930602e-08
5.78447948e-08
5.83315997e-08
5.84288047e-08
5.76102845e-08
5.4565016e-08
4.65540403e-08
3.03680823e-08
7.58573898e-09
1.89120702e-08
3.57033159e-08
4.04370204e-08
4.19783627e-08
4.23905395e-08
4.18242132e-08
4.05020819e-08
3.88415685e-08
3.72479878e-08
3.5991267e-08
3.51881248e-08
3.48455695e-08
3.49216621e-08
3.5365087e-08
3.61409101e-08
3.71992799e-08
3.84289108e-08
3.96286847e-08
4.04818333e-08
4.05777562e-08
3.95011356e-08
3.7026037e-08
3.33527899e-08
2.94001298e-08
2.75082288e-08
2.87450308e-08
5.1377121e-08
7.72775564e-08
5.56842339e-08
4.45986717e-08
4.87512459e-08
5.09095793e-08
5.16218902e-08
5.19156412e-08
5.16250353e-08
5.02517294e-08
4.72555327e-08
4.30817997e-08
4.1153261e-08
4.60956365e-08
5.62603581e-08
6.31748822e-08
6.39592934e-08
6.26635413e-08
6.10686873e-08
5.99568407e-08
5.94252722e-08
5.92761949e-08
5.92954651e-08
5.93583447e-08
5.94227475e-08
5.95510395e-08
5.9924286e-08
6.08009006e-08
6.22567474e-08
6.35493162e-08
6.288183e-08
5.87599827e-08
5.23525189e-08
4.96075904e-08
5.64416157e-08
7.28487907e-08
7.85578036e-08
5.82993271e-08
5.04744903e-08
5.31509706e-08
5.74547034e-08
6.00510989e-08
6.0766749e-08
6.06974474e-08
6.05841186e-08
6.05254723e-08
6.04930528e-08
6.05049499e-08
6.05974445e-08
6.08091985e-08
6.11346781e-08
6.13476536e-08
6.05962928e-08
5.69711071e-08
4.86943131e-08
4.01116467e-08
4.48484675e-08
5.8384864e-08
6.29561745e-08
6.32724561e-08
6.2070867e-08
6.07851224e-08
5.99392044e-08
5.9548161e-08
5.94483368e-08
5.9483196e-08
5.95626752e-08
5.96527417e-08
5.97935075e-08
6.00671699e-08
6.05978069e-08
6.14640644e-08
6.24214668e-08
6.2481744e-08
6.0119878e-08
5.50986492e-08
4.96561148e-08
4.88678206e-08
6.52368578e-08
8.82932795e-08
6.40833346e-08
5.02180127e-08
5.28886598e-08
5.74601627e-08
6.0252815e-08
6.09548831e-08
6.08125842e-08
6.06703284e-08
6.06513328e-08
6.06750772e-08
6.06893498e-08
6.06965441e-08
6.07267393e-08
6.08251181e-08
6.1043336e-08
6.13476792e-08
6.13531129e-08
5.98254116e-08
5.44050103e-08
4.3859611e-08
3.70550044e-08
5.09893099e-08
5.98013228e-08
6.22252768e-08
6.17080104e-08
6.05296635e-08
5.96598033e-08
5.92747118e-08
5.92202662e-08
5.93027358e-08
5.94016265e-08
5.94834142e-08
5.95956207e-08
5.98720116e-08
6.04582956e-08
6.11603873e-08
6.09014241e-08
5.82774105e-08
5.36757461e-08
5.05844252e-08
5.68869862e-08
7.72798964e-08
7.1385627e-08
4.94989696e-08
4.88161632e-08
5.34172199e-08
5.82864333e-08
6.06228944e-08
6.08208707e-08
6.03859697e-08
6.00511056e-08
5.98907741e-08
5.9828636e-08
5.9824451e-08
5.98714354e-08
6.00476793e-08
6.04520607e-08
6.10994265e-08
6.16065591e-08
6.06688062e-08
5.58437628e-08
4.58014101e-08
3.78026521e-08
4.74757257e-08
5.79030079e-08
6.10525303e-08
6.11989399e-08
6.06604655e-08
6.02160918e-08
5.99642384e-08
5.9817418e-08
5.96917345e-08
5.95425574e-08
5.94107711e-08
5.94436173e-08
5.98481136e-08
6.05354205e-08
6.042659e-08
5.80661752e-08
5.43984698e-08
5.4744299e-08
7.97285564e-08
7.5127676e-08
4.71595623e-08
4.59578961e-08
5.10722469e-08
5.69513647e-08
6.05280005e-08
6.14678822e-08
6.11752501e-08
6.06804709e-08
6.03263057e-08
6.01386698e-08
6.0079977e-08
6.01144405e-08
6.0266842e-08
6.06533466e-08
6.14272701e-08
6.25890926e-08
6.34297363e-08
6.16285723e-08
5.34856553e-08
4.04788947e-08
4.10888797e-08
5.5632661e-08
6.10159058e-08
6.23152172e-08
6.22680348e-08
6.19090415e-08
6.15698949e-08
6.13377445e-08
6.12174224e-08
6.1180993e-08
6.11976357e-08
6.13124976e-08
6.16015387e-08
6.16512977e-08
6.00659412e-08
5.64481672e-08
5.368509e-08
5.8736316e-08
8.37032043e-08
6.96632199e-08
5.03992434e-08
4.92706207e-08
5.3583956e-08
5.89971057e-08
6.15829557e-08
6.1309027e-08
6.01696146e-08
5.93637735e-08
5.89989624e-08
5.88411674e-08
5.87007128e-08
5.84757751e-08
5.81669737e-08
5.7871978e-08
5.78311409e-08
5.83876531e-08
5.97267656e-08
6.13610294e-08
6.15713809e-08
5.6992036e-08
4.20912134e-08
4.09781575e-08
5.19182275e-08
5.96269774e-08
6.23439081e-08
6.26684153e-08
6.23801652e-08
6.21077691e-08
6.19547251e-08
6.18906297e-08
6.18876171e-08
6.19486233e-08
6.21438584e-08
6.25667262e-08
6.28886863e-08
6.1667345e-08
5.75124484e-08
5.18295275e-08
5.25489726e-08
7.39101392e-08
8.22176523e-08
5.76053493e-08
4.94073066e-08
5.32384304e-08
5.88405494e-08
6.1305155e-08
6.1031612e-08
5.97769938e-08
5.88150768e-08
5.83859359e-08
5.82933544e-08
5.83192641e-08
5.83365607e-08
5.83101291e-08
5.82720045e-08
5.83204234e-08
5.86326864e-08
5.93911628e-08
6.05488732e-08
6.14628153e-08
6.07287491e-08
5.69511363e-08
4.84107116e-08
4.2271221e-08
4.53557733e-08
5.29295636e-08
5.88377247e-08
6.14522237e-08
6.19319874e-08
6.16438246e-08
6.13024643e-08
6.11163681e-08
6.1077409e-08
6.11523636e-08
6.12926158e-08
6.14860886e-08
6.16454786e-08
6.11550367e-08
5.87263682e-08
5.43497209e-08
5.02649437e-08
5.21028788e-08
7.6589296e-08
7.99485895e-08
5.5881055e-08
5.01202887e-08
5.33714052e-08
5.78715193e-08
6.07153014e-08
6.11181607e-08
6.02917015e-08
5.94596836e-08
5.90245176e-08
5.88871641e-08
5.88563841e-08
5.8815527e-08
5.8726031e-08
5.86234119e-08
5.86004671e-08
5.88196552e-08
5.94625387e-08
6.05721647e-08
6.17924038e-08
6.21154689e-08
5.98070884e-08
5.25966363e-08
4.1583534e-08
4.16567362e-08
4.96908538e-08
5.67213167e-08
6.00151422e-08
6.08087708e-08
6.06555205e-08
6.03622155e-08
6.01731176e-08
6.00942228e-08
6.00687846e-08
6.00653725e-08
6.00605659e-08
6.00686851e-08
6.00495638e-08
5.95815668e-08
5.76787541e-08
5.40994905e-08
5.08157689e-08
5.31424909e-08
7.65474717e-08
8.0392223e-08
5.5537391e-08
4.98768673e-08
5.09467726e-08
5.65551864e-08
6.13147766e-08
6.32927237e-08
6.29691955e-08
6.19191679e-08
6.10929459e-08
6.06571265e-08
6.04709347e-08
6.03874107e-08
6.03280208e-08
6.02924096e-08
6.03616168e-08
6.06963411e-08
6.15011253e-08
6.28640953e-08
6.44416044e-08
6.50168274e-08
6.19604532e-08
5.11184612e-08
3.83355883e-08
4.58223992e-08
5.50269455e-08
5.95312138e-08
6.08917268e-08
6.10674897e-08
6.09722418e-08
6.0876825e-08
6.08180395e-08
6.07820858e-08
6.07428952e-08
6.06822891e-08
6.06413009e-08
6.0657921e-08
6.03558319e-08
5.86921772e-08
5.532039e-08
5.28297173e-08
5.94401655e-08
8.38858804e-08
7.41646033e-08
5.04688892e-08
4.93463384e-08
5.38823779e-08
5.94644202e-08
6.23918876e-08
6.24465395e-08
6.13209139e-08
6.03338746e-08
5.97996615e-08
5.95800145e-08
5.94926937e-08
5.94249475e-08
5.93534941e-08
5.93519661e-08
5.95923159e-08
6.03295277e-08
6.17290565e-08
6.34558422e-08
6.40541875e-08
6.02305304e-08
4.67545661e-08
4.07395264e-08
5.04221895e-08
5.83033678e-08
6.17197695e-08
6.25823253e-08
6.24915556e-08
6.21773807e-08
6.18848841e-08
6.16763983e-08
6.15646144e-08
6.1563235e-08
6.17187051e-08
6.21487116e-08
6.27732649e-08
6.24277547e-08
5.92338211e-08
5.35266568e-08
5.1305601e-08
6.75535034e-08
8.69005193e-08
6.49747095e-08
5.15609559e-08
5.24197202e-08
5.71056771e-08
5.95741855e-08
5.95111964e-08
5.86037729e-08
5.80739247e-08
5.8016723e-08
5.81431632e-08
5.82327173e-08
5.82012521e-08
5.80636571e-08
5.78515377e-08
5.76590278e-08
5.76698887e-08
5.81231374e-08
5.91254799e-08
6.0318736e-08
6.07039423e-08
5.91883729e-08
5.29039394e-08
4.38302246e-08
4.34368049e-08
5.06135626e-08
5.77891666e-08
6.14089726e-08
6.21790117e-08
6.17697101e-08
6.12033902e-08
6.08276903e-08
6.06680098e-08
6.06969455e-08
6.08702047e-08
6.11623895e-08
6.14935605e-08
6.12897223e-08
5.91460607e-08
5.45206726e-08
4.96993609e-08
4.88629076e-08
6.79021565e-08
8.50881177e-08
5.96660433e-08
5.35503856e-08
5.64611516e-08
5.91957011e-08
6.0151566e-08
5.95700688e-08
5.87853769e-08
5.84707273e-08
5.85503767e-08
5.8748888e-08
5.88835962e-08
5.88918798e-08
5.87858514e-08
5.85893078e-08
5.8401554e-08
5.841408e-08
5.88074658e-08
5.93937866e-08
5.90790145e-08
5.56209451e-08
4.68657561e-08
3.93546891e-08
4.14178022e-08
4.91779142e-08
5.62430454e-08
6.01669901e-08
6.14997384e-08
6.15080713e-08
6.10941724e-08
6.06777741e-08
6.0388865e-08
6.02376783e-08
6.02266903e-08
6.02945332e-08
6.03475097e-08
6.0221494e-08
5.93182728e-08
5.62405733e-08
5.06381873e-08
4.60959849e-08
5.02974162e-08
8.11917344e-08
7.67878086e-08
5.71326512e-08
5.74652056e-08
6.02419667e-08
6.15604649e-08
6.12005045e-08
6.06983466e-08
6.06640357e-08
6.08560054e-08
6.09390017e-08
6.07588903e-08
6.0317352e-08
5.97035683e-08
5.91974858e-08
5.92627595e-08
6.01532618e-08
6.10289547e-08
5.92789824e-08
5.02344863e-08
4.39857106e-08
4.79782637e-08
5.65736795e-08
6.30258748e-08
6.56709733e-08
6.59177074e-08
6.53585447e-08
6.48015204e-08
6.44611204e-08
6.43077238e-08
6.42899583e-08
6.43401919e-08
6.43783325e-08
6.43268882e-08
6.39509159e-08
6.23138911e-08
5.81119612e-08
5.17037385e-08
4.83346815e-08
6.14321048e-08
8.70479312e-08
6.81268802e-08
4.1786369e-08
3.81435822e-08
4.0154063e-08
4.37780785e-08
4.7625718e-08
5.0409815e-08
5.18881675e-08
5.24229762e-08
5.2475659e-08
5.23696022e-08
5.22534038e-08
5.21675474e-08
5.21088819e-08
5.2067553e-08
5.20388774e-08
5.20159806e-08
5.20026256e-08
5.20051902e-08
5.20387763e-08
5.21299372e-08
5.23173978e-08
5.26474291e-08
5.31624583e-08
5.38839836e-08
5.47938659e-08
5.58178702e-08
5.68118195e-08
5.75463084e-08
5.76663581e-08
5.64818355e-08
5.20622968e-08
3.94077981e-08
1.40049608e-08
3.31247643e-08
3.67540877e-08
4.01686327e-08
4.22173543e-08
4.21674525e-08
4.05013815e-08
3.80786001e-08
3.56600493e-08
3.37357007e-08
3.24841385e-08
3.18532074e-08
3.17008281e-08
3.19055979e-08
3.2397212e-08
3.31561139e-08
3.41884891e-08
3.5462219e-08
3.68822653e-08
3.82669965e-08
3.93299576e-08
3.96634167e-08
3.8768037e-08
3.62479888e-08
3.22175811e-08
2.85079899e-08
2.61970005e-08
3.9082709e-08
7.05799411e-08
6.14478649e-08
4.57248725e-08
4.82268462e-08
5.02262165e-08
5.08971768e-08
5.13050283e-08
5.13025848e-08
5.05334337e-08
4.81843141e-08
4.37518164e-08
4.02526782e-08
4.38708482e-08
5.44721801e-08
6.21911642e-08
6.2792349e-08
6.10524835e-08
5.9364511e-08
5.86345754e-08
5.86578138e-08
5.89404427e-08
5.91884041e-08
5.93139625e-08
5.93194579e-08
5.92015509e-08
5.90649367e-08
5.9188639e-08
6.00086078e-08
6.16435977e-08
6.28585686e-08
6.11524098e-08
5.5292268e-08
4.93226473e-08
5.12885549e-08
6.62477933e-08
7.68210798e-08
5.69899271e-08
5.03184779e-08
5.42888986e-08
5.83121817e-08
5.99465363e-08
6.00309842e-08
5.98718811e-08
5.98021044e-08
5.97313623e-08
5.96576716e-08
5.96133584e-08
5.96183396e-08
5.97238709e-08
6.00061751e-08
6.044401e-08
6.04909975e-08
5.82268105e-08
5.05172776e-08
3.98033156e-08
4.30045634e-08
5.73243543e-08
6.20904624e-08
6.18401002e-08
6.01523026e-08
5.88903304e-08
5.84833105e-08
5.8613262e-08
5.88931784e-08
5.91190927e-08
5.92397536e-08
5.92702057e-08
5.92241169e-08
5.91625436e-08
5.92139794e-08
5.96003214e-08
6.05234104e-08
6.16249992e-08
6.12390213e-08
5.7521138e-08
5.12802749e-08
4.75329187e-08
5.9898974e-08
8.47265043e-08
6.24727405e-08
5.02516095e-08
5.42332433e-08
5.85878026e-08
6.02587068e-08
6.01921878e-08
5.99582628e-08
5.99525338e-08
6.00071719e-08
6.00214499e-08
5.99958734e-08
5.99559261e-08
5.99225447e-08
5.99311741e-08
6.00684774e-08
6.04353957e-08
6.08563242e-08
6.01279989e-08
5.52664354e-08
4.38043993e-08
3.6481775e-08
5.13865427e-08
6.02022085e-08
6.16713347e-08
6.03476615e-08
5.88930713e-08
5.82539204e-08
5.82956651e-08
5.85903929e-08
5.88541086e-08
5.89983619e-08
5.9018662e-08
5.89476135e-08
5.88819318e-08
5.90545501e-08
5.9728803e-08
6.04669848e-08
5.94630356e-08
5.54234115e-08
5.05984202e-08
5.3168893e-08
7.24283354e-08
6.9080236e-08
4.81578589e-08
4.96400489e-08
5.5155148e-08
5.92076693e-08
6.01218924e-08
5.96166499e-08
5.92131399e-08
5.91161604e-08
5.91263162e-08
5.91200926e-08
5.90636088e-08
5.89714462e-08
5.89085421e-08
5.90428257e-08
5.9621338e-08
6.06346159e-08
6.10104123e-08
5.7822243e-08
4.77740921e-08
3.67776267e-08
4.59193966e-08
5.75443437e-08
6.05049065e-08
6.03272717e-08
5.97894616e-08
5.95570649e-08
5.95300412e-08
5.95460972e-08
5.95224329e-08
5.94050203e-08
5.91577844e-08
5.88599522e-08
5.87913382e-08
5.93226447e-08
5.99911265e-08
5.87826973e-08
5.49697553e-08
5.33906469e-08
7.60834746e-08
7.12396242e-08
4.54402764e-08
4.70021301e-08
5.35208686e-08
5.87944145e-08
6.06316867e-08
6.02977006e-08
5.9634062e-08
5.92569845e-08
5.91247619e-08
5.90998388e-08
5.90853866e-08
5.90257076e-08
5.89317675e-08
5.89095222e-08
5.92481515e-08
6.03461891e-08
6.20390744e-08
6.20586948e-08
5.52111764e-08
4.05086566e-08
4.01636305e-08
5.51911389e-08
6.04739343e-08
6.14488569e-08
6.12485701e-08
6.08469015e-08
6.05086167e-08
6.03060669e-08
6.02311967e-08
6.02469077e-08
6.02946131e-08
6.03247179e-08
6.04703433e-08
6.08309322e-08
6.03073416e-08
5.73572317e-08
5.37053526e-08
5.74362032e-08
8.08340392e-08
6.35688541e-08
4.78833433e-08
5.01249742e-08
5.58890335e-08
6.03066819e-08
6.09595615e-08
5.97623129e-08
5.88678558e-08
5.86735956e-08
5.88021172e-08
5.89372925e-08
5.89313787e-08
5.8739934e-08
5.83212263e-08
5.76765737e-08
5.70187194e-08
5.69042831e-08
5.79725809e-08
6.00151895e-08
6.10898986e-08
5.72413372e-08
4.18589837e-08
4.06089881e-08
5.31567175e-08
6.04802519e-08
6.20572892e-08
6.16723168e-08
6.11808573e-08
6.09382025e-08
6.0855631e-08
6.0830561e-08
6.08289748e-08
6.08614472e-08
6.096854e-08
6.13024464e-08
6.1960286e-08
6.18690307e-08
5.87783043e-08
5.27393338e-08
5.16063017e-08
7.25110835e-08
7.70734202e-08
5.30644828e-08
4.94904815e-08
5.5472844e-08
5.99660367e-08
6.04307999e-08
5.91289406e-08
5.8126517e-08
5.79104984e-08
5.81225717e-08
5.8409414e-08
5.85973418e-08
5.8636508e-08
5.85454968e-08
5.83120004e-08
5.79846718e-08
5.77745964e-08
5.80968811e-08
5.92272677e-08
6.04574196e-08
5.95123241e-08
5.43062661e-08
4.42715484e-08
4.09643096e-08
4.84396445e-08
5.69353158e-08
6.09355355e-08
6.1417702e-08
6.07485326e-08
6.01792183e-08
5.99590319e-08
5.99752375e-08
6.00928826e-08
6.02545091e-08
6.04343879e-08
6.06346413e-08
6.09095445e-08
6.10293415e-08
5.9700577e-08
5.58130966e-08
5.07282472e-08
5.15690086e-08
7.59593512e-08
7.27207766e-08
5.1460329e-08
5.02714607e-08
5.53368421e-08
5.93437718e-08
6.04175523e-08
5.96020627e-08
5.87499546e-08
5.85068971e-08
5.86560083e-08
5.88767259e-08
5.90033541e-08
5.89870875e-08
5.88288985e-08
5.8531118e-08
5.8136485e-08
5.78296687e-08
5.79784848e-08
5.89358021e-08
6.04779474e-08
6.12422978e-08
5.86927919e-08
5.00284336e-08
3.90323324e-08
4.2886508e-08
5.27439192e-08
5.85870101e-08
6.01223743e-08
5.98963151e-08
5.94718648e-08
5.92839916e-08
5.92935677e-08
5.93850637e-08
5.94800475e-08
5.95319326e-08
5.95106387e-08
5.94249e-08
5.93605458e-08
5.92576501e-08
5.82792902e-08
5.53450107e-08
5.14085475e-08
5.21322522e-08
7.4636163e-08
7.44930594e-08
5.09937701e-08
4.88721958e-08
5.31345924e-08
5.92226805e-08
6.23124347e-08
6.22252078e-08
6.09640219e-08
6.00713164e-08
5.97751799e-08
5.97907414e-08
5.98723494e-08
5.99036153e-08
5.98424605e-08
5.96753641e-08
5.94237074e-08
5.92571152e-08
5.95565179e-08
6.07516362e-08
6.27607916e-08
6.42505146e-08
6.21330371e-08
5.07557697e-08
3.7540699e-08
4.6432358e-08
5.58728193e-08
5.95968217e-08
6.03116045e-08
6.02182544e-08
6.00743816e-08
5.99973701e-08
5.99667673e-08
5.99646462e-08
5.99780961e-08
5.99738641e-08
5.99248668e-08
5.99133404e-08
5.99250208e-08
5.90960196e-08
5.62256027e-08
5.2908374e-08
5.78508375e-08
8.11475754e-08
6.82240461e-08
4.78502355e-08
5.00540502e-08
5.61108249e-08
6.07985707e-08
6.17330372e-08
6.05959351e-08
5.95286342e-08
5.91458512e-08
5.91897339e-08
5.93463178e-08
5.94384457e-08
5.93980417e-08
5.92148209e-08
5.88915739e-08
5.85650391e-08
5.86243286e-08
5.96211722e-08
6.16176888e-08
6.31293726e-08
6.04523377e-08
4.6538384e-08
3.9834613e-08
5.07180316e-08
5.8782852e-08
6.15839624e-08
6.1838124e-08
6.14329004e-08
6.10258984e-08
6.07360943e-08
6.05509709e-08
6.04466746e-08
6.04282153e-08
6.05057127e-08
6.07773469e-08
6.14647745e-08
6.20064414e-08
6.01176548e-08
5.46312447e-08
5.0930831e-08
6.6447414e-08
8.28233934e-08
5.91663132e-08
5.02746134e-08
5.40096846e-08
5.83512777e-08
5.92950329e-08
5.84401004e-08
5.78820681e-08
5.80531575e-08
5.84833941e-08
5.88183757e-08
5.89555059e-08
5.89118109e-08
5.87271326e-08
5.83697039e-08
5.7843602e-08
5.7301123e-08
5.71589659e-08
5.78894867e-08
5.92388527e-08
5.95600462e-08
5.71165578e-08
4.89471185e-08
4.10560045e-08
4.54279035e-08
5.48876634e-08
6.06116802e-08
6.17478639e-08
6.0931985e-08
6.00216992e-08
5.95332938e-08
5.93863885e-08
5.94149681e-08
5.95404037e-08
5.97448186e-08
6.00432713e-08
6.04999196e-08
6.09474102e-08
6.00895164e-08
5.62893944e-08
5.06691384e-08
4.83008879e-08
6.795458e-08
7.93079867e-08
5.49153555e-08
5.34014354e-08
5.7349613e-08
5.93378832e-08
5.91037058e-08
5.82209812e-08
5.79547229e-08
5.82586915e-08
5.86892262e-08
5.89941656e-08
5.91314515e-08
5.91350393e-08
5.90100129e-08
5.86968964e-08
5.81977008e-08
5.77345789e-08
5.77691893e-08
5.83911932e-08
5.81533248e-08
5.36045856e-08
4.2944101e-08
3.74840151e-08
4.45124915e-08
5.43008315e-08
5.99255253e-08
6.13372047e-08
6.07752408e-08
5.98668769e-08
5.92136995e-08
5.88639644e-08
5.87193769e-08
5.86930682e-08
5.87981873e-08
5.9025822e-08
5.93395942e-08
5.96732292e-08
5.96313638e-08
5.76749695e-08
5.25077839e-08
4.67511105e-08
4.9846482e-08
7.94530132e-08
7.07086039e-08
5.54820149e-08
5.78974898e-08
6.05625118e-08
6.0919683e-08
6.04098247e-08
6.04959918e-08
6.10142317e-08
6.14518877e-08
6.16043061e-08
6.14409076e-08
6.09431848e-08
6.00339756e-08
5.89239123e-08
5.83622978e-08
5.91328438e-08
6.01724081e-08
5.72226373e-08
4.61693535e-08
4.32258382e-08
5.245404e-08
6.20474429e-08
6.58498622e-08
6.54825054e-08
6.40153523e-08
6.29472863e-08
6.24699054e-08
6.23568992e-08
6.24050812e-08
6.25537555e-08
6.27787157e-08
6.30459293e-08
6.33245748e-08
6.35552679e-08
6.30379668e-08
5.99888445e-08
5.36618282e-08
4.86493211e-08
5.95134275e-08
8.42043955e-08
6.17523988e-08
3.87964297e-08
3.88313136e-08
4.27959683e-08
4.71368587e-08
5.03119949e-08
5.17835345e-08
5.21116776e-08
5.19853481e-08
5.17984144e-08
5.16752864e-08
5.1615197e-08
5.15918262e-08
5.15863205e-08
5.15879614e-08
5.15880761e-08
5.15792018e-08
5.15535778e-08
5.14989374e-08
5.14064523e-08
5.12822265e-08
5.11615993e-08
5.11192762e-08
5.12645329e-08
5.17123891e-08
5.25338818e-08
5.36999134e-08
5.50374898e-08
5.62086909e-08
5.67302033e-08
5.6015961e-08
5.31770921e-08
4.40574305e-08
1.86983319e-08
2.9986826e-08
3.69953509e-08
4.12710295e-08
4.26898324e-08
4.14053037e-08
3.86270608e-08
3.54864391e-08
3.28331883e-08
3.1092241e-08
3.02190229e-08
2.99260188e-08
2.9951787e-08
3.01745727e-08
3.05822447e-08
3.11946385e-08
3.20333005e-08
3.31092768e-08
3.43938789e-08
3.57980844e-08
3.71625547e-08
3.82256259e-08
3.85411905e-08
3.74571166e-08
3.4408694e-08
3.03129614e-08
2.62024157e-08
3.06859903e-08
6.14824386e-08
6.47758463e-08
4.89320497e-08
4.73156654e-08
4.93751831e-08
5.00159764e-08
5.04787951e-08
5.0596381e-08
5.03080218e-08
4.88683684e-08
4.47955043e-08
3.98500783e-08
4.13315093e-08
5.18661959e-08
6.08063887e-08
6.18367131e-08
5.98856536e-08
5.82576227e-08
5.80030566e-08
5.85236732e-08
5.90230289e-08
5.92820538e-08
5.93852425e-08
5.94058705e-08
5.93013665e-08
5.90180859e-08
5.86883977e-08
5.87562412e-08
5.98281417e-08
6.16126924e-08
6.17755362e-08
5.74981169e-08
5.04342542e-08
4.85085299e-08
6.03783364e-08
7.5074684e-08
5.7321217e-08
5.02971337e-08
5.46637643e-08
5.82928942e-08
5.93429383e-08
5.92450055e-08
5.91597302e-08
5.91215521e-08
5.90400466e-08
5.89703962e-08
5.8926039e-08
5.88884003e-08
5.88905455e-08
5.90378684e-08
5.94363604e-08
5.98508523e-08
5.86876327e-08
5.20772784e-08
3.97760071e-08
4.09181624e-08
5.58750904e-08
6.11681004e-08
6.06089022e-08
5.8672936e-08
5.77139083e-08
5.79297963e-08
5.85244369e-08
5.8958087e-08
5.91419957e-08
5.91688741e-08
5.91311835e-08
5.9034608e-08
5.88649033e-08
5.86614721e-08
5.85968656e-08
5.90283125e-08
6.01743304e-08
6.0931157e-08
5.87138816e-08
5.27117756e-08
4.72512934e-08
5.60712453e-08
8.16742271e-08
6.18338168e-08
5.05018834e-08
5.49004464e-08
5.87558913e-08
5.96500183e-08
5.93348729e-08
5.92213618e-08
5.92950107e-08
5.93154197e-08
5.92688141e-08
5.92132916e-08
5.91763882e-08
5.91475889e-08
5.9126491e-08
5.91793276e-08
5.94921772e-08
6.01306479e-08
6.0027282e-08
5.57242245e-08
4.35626539e-08
3.58190488e-08
5.13588749e-08
6.01753203e-08
6.09431076e-08
5.90743369e-08
5.75991939e-08
5.73936772e-08
5.7870533e-08
5.83444956e-08
5.85869771e-08
5.8652304e-08
5.86236447e-08
5.85167236e-08
5.83308948e-08
5.81860473e-08
5.84671061e-08
5.9365015e-08
5.95007874e-08
5.65330058e-08
5.11577525e-08
5.08961667e-08
6.80078482e-08
6.79069447e-08
4.76814815e-08
5.0174208e-08
5.58882477e-08
5.90536371e-08
5.91593518e-08
5.85891499e-08
5.84656182e-08
5.85804541e-08
5.86729102e-08
5.86835132e-08
5.86236934e-08
5.84981981e-08
5.82924102e-08
5.81220611e-08
5.83720422e-08
5.94468307e-08
6.06365026e-08
5.88970031e-08
4.95210118e-08
3.59934908e-08
4.42710661e-08
5.68777754e-08
5.9925457e-08
5.95724651e-08
5.91247481e-08
5.90648577e-08
5.91194179e-08
5.91623614e-08
5.91840021e-08
5.91744174e-08
5.90178523e-08
5.86581684e-08
5.82627842e-08
5.83661196e-08
5.9159295e-08
5.88235308e-08
5.53758277e-08
5.26304207e-08
7.31055173e-08
6.8699834e-08
4.47621304e-08
4.7932853e-08
5.490247e-08
5.92127825e-08
5.98417673e-08
5.90834191e-08
5.8613682e-08
5.85617971e-08
5.86761852e-08
5.87898553e-08
5.88281958e-08
5.87749831e-08
5.85847577e-08
5.82335997e-08
5.79494722e-08
5.84527266e-08
6.03341382e-08
6.1755136e-08
5.64993587e-08
4.06015175e-08
3.89502484e-08
5.43463511e-08
5.97322215e-08
6.05753992e-08
6.03539772e-08
5.99719295e-08
5.96494505e-08
5.94804909e-08
5.94489994e-08
5.95047078e-08
5.9592021e-08
5.96037295e-08
5.95714597e-08
5.98355724e-08
5.98441857e-08
5.76140669e-08
5.37264014e-08
5.69545026e-08
7.83298629e-08
5.88940684e-08
4.67590155e-08
5.11862546e-08
5.71996555e-08
6.02974604e-08
5.98006843e-08
5.85833306e-08
5.82186743e-08
5.84432791e-08
5.87448491e-08
5.89128937e-08
5.89343302e-08
5.8843295e-08
5.85443839e-08
5.78732514e-08
5.68323956e-08
5.60466037e-08
5.66784586e-08
5.88708145e-08
6.04359698e-08
5.68631627e-08
4.11189064e-08
4.03352561e-08
5.42515403e-08
6.07915109e-08
6.12829226e-08
6.04857083e-08
6.00561787e-08
5.99692685e-08
5.99872609e-08
5.9996317e-08
5.9977969e-08
5.99687464e-08
6.00122522e-08
6.02225733e-08
6.08684089e-08
6.13113617e-08
5.90336004e-08
5.31145013e-08
5.1394911e-08
7.22809814e-08
7.21346692e-08
5.02762908e-08
5.03307775e-08
5.68309366e-08
5.98168134e-08
5.90772591e-08
5.78161057e-08
5.75155322e-08
5.78860688e-08
5.83546837e-08
5.86597716e-08
5.8776688e-08
5.87817816e-08
5.87193961e-08
5.85212717e-08
5.80838451e-08
5.74787811e-08
5.72931802e-08
5.82375694e-08
5.95939981e-08
5.81118876e-08
5.12693642e-08
4.04699455e-08
4.14266448e-08
5.22231677e-08
5.95520162e-08
6.10665961e-08
6.01539762e-08
5.92952199e-08
5.90383938e-08
5.91342643e-08
5.93250284e-08
5.9499482e-08
5.96387706e-08
5.97724364e-08
5.99189497e-08
6.01392851e-08
6.042882e-08
5.97337837e-08
5.63775744e-08
5.09083295e-08
5.20357733e-08
7.5720757e-08
6.60526064e-08
4.90867175e-08
5.12023591e-08
5.67372576e-08
5.95435943e-08
5.93315237e-08
5.83353299e-08
5.80393567e-08
5.83293377e-08
5.87136955e-08
5.89561561e-08
5.90442332e-08
5.90256926e-08
5.89368651e-08
5.86994595e-08
5.82146646e-08
5.75296816e-08
5.71047449e-08
5.77091368e-08
5.9384527e-08
6.03918755e-08
5.7302792e-08
4.72019506e-08
3.7040671e-08
4.47989466e-08
5.50456695e-08
5.91334816e-08
5.93849143e-08
5.88028415e-08
5.85329564e-08
5.85917134e-08
5.87682405e-08
5.89424892e-08
5.90785336e-08
5.9157019e-08
5.91457937e-08
5.90040071e-08
5.87875395e-08
5.86427681e-08
5.80971909e-08
5.57978016e-08
5.17980388e-08
5.19032921e-08
7.3583842e-08
6.91078665e-08
4.81454361e-08
4.9162294e-08
5.50784411e-08
6.04497291e-08
6.17657071e-08
6.0587692e-08
5.9412014e-08
5.90565419e-08
5.91656714e-08
5.9353801e-08
5.94848562e-08
5.95593632e-08
5.95917617e-08
5.95077495e-08
5.91888945e-08
5.86541285e-08
5.83403636e-08
5.90882944e-08
6.12366026e-08
6.33262385e-08
6.17671355e-08
4.99923172e-08
3.6642541e-08
4.69257001e-08
5.63139477e-08
5.93170116e-08
5.95783597e-08
5.93510775e-08
5.92005859e-08
5.91213008e-08
5.90807524e-08
5.9075477e-08
5.91147132e-08
5.91830192e-08
5.92065002e-08
5.91753531e-08
5.92203889e-08
5.88333324e-08
5.65118804e-08
5.3003667e-08
5.71034892e-08
7.89533206e-08
6.34933853e-08
4.65658201e-08
5.10199822e-08
5.74063285e-08
6.07854616e-08
6.04377369e-08
5.91612984e-08
5.86576107e-08
5.88155316e-08
5.91450042e-08
5.93878834e-08
5.94910485e-08
5.94968621e-08
5.93870859e-08
5.90447027e-08
5.84020226e-08
5.77807971e-08
5.81139211e-08
6.00379851e-08
6.20547115e-08
5.99507059e-08
4.59444349e-08
3.89202005e-08
5.10086631e-08
5.91112469e-08
6.12329712e-08
6.09456132e-08
6.0386451e-08
6.00261572e-08
5.98177953e-08
5.96955864e-08
5.96248068e-08
5.96009015e-08
5.96335466e-08
5.97709614e-08
6.02920171e-08
6.11036217e-08
6.00539906e-08
5.50217176e-08
5.09062081e-08
6.6692526e-08
7.87277424e-08
5.50751161e-08
5.01623924e-08
5.51946843e-08
5.86370453e-08
5.85877433e-08
5.77362367e-08
5.77468333e-08
5.83117019e-08
5.88062013e-08
5.90375216e-08
5.90726954e-08
5.90208863e-08
5.89157832e-08
5.86854789e-08
5.8180077e-08
5.73446586e-08
5.6650767e-08
5.70242712e-08
5.8415022e-08
5.84034735e-08
5.46665475e-08
4.47453702e-08
3.97379214e-08
4.89158914e-08
5.84749742e-08
6.14694386e-08
6.055099e-08
5.92157894e-08
5.86103432e-08
5.85345489e-08
5.86477518e-08
5.87855252e-08
5.89015793e-08
5.90266277e-08
5.92189445e-08
5.9581119e-08
6.01844016e-08
6.00343667e-08
5.69706876e-08
5.10952804e-08
4.83388871e-08
6.93037487e-08
7.33567933e-08
5.20576619e-08
5.38543884e-08
5.78024422e-08
5.87726346e-08
5.79494396e-08
5.74083195e-08
5.77071205e-08
5.82550434e-08
5.86149971e-08
5.87476424e-08
5.87806439e-08
5.88224985e-08
5.88450793e-08
5.86893099e-08
5.8145378e-08
5.73169568e-08
5.6957545e-08
5.7536228e-08
5.71619047e-08
5.12554956e-08
3.91826277e-08
3.7297397e-08
4.85568147e-08
5.79692873e-08
6.09209906e-08
6.0217301e-08
5.88890848e-08
5.81019332e-08
5.78273069e-08
5.77893596e-08
5.78181918e-08
5.78516853e-08
5.79036814e-08
5.80397543e-08
5.83158769e-08
5.87590722e-08
5.91320972e-08
5.79029151e-08
5.32448158e-08
4.71227769e-08
5.04469571e-08
7.85171103e-08
6.54948559e-08
5.47465752e-08
5.82982218e-08
6.03649382e-08
6.01708933e-08
5.99709997e-08
6.05115351e-08
6.11150227e-08
6.14140068e-08
6.14896722e-08
6.14408532e-08
6.11455908e-08
6.02965904e-08
5.88291749e-08
5.7708599e-08
5.83603705e-08
5.93467829e-08
5.47502725e-08
4.2427635e-08
4.45562282e-08
5.76617366e-08
6.53465251e-08
6.5551241e-08
6.31696494e-08
6.14465321e-08
6.08753248e-08
6.08831573e-08
6.10188461e-08
6.11429641e-08
6.1267949e-08
6.1440837e-08
6.16956728e-08
6.20407344e-08
6.25124074e-08
6.26550278e-08
6.0529915e-08
5.46064745e-08
4.91423223e-08
5.9909936e-08
8.13246276e-08
5.62382033e-08
3.7590034e-08
4.0286118e-08
4.51466196e-08
4.91634092e-08
5.12221543e-08
5.16673898e-08
5.14757188e-08
5.12420995e-08
5.11216418e-08
5.10850489e-08
5.10818906e-08
5.10857672e-08
5.10908495e-08
5.11028376e-08
5.11327572e-08
5.11870664e-08
5.12517644e-08
5.12987683e-08
5.12867215e-08
5.11753222e-08
5.09517295e-08
5.06649316e-08
5.0450792e-08
5.05147024e-08
5.10550549e-08
5.21455592e-08
5.36330197e-08
5.50881223e-08
5.58451556e-08
5.51535152e-08
5.25665957e-08
4.54142573e-08
2.13158126e-08
2.84624561e-08
3.72239309e-08
4.16785739e-08
4.24931923e-08
4.03804536e-08
3.69339264e-08
3.34383113e-08
3.08420447e-08
2.94704882e-08
2.89856464e-08
2.88823653e-08
2.88812935e-08
2.89602853e-08
2.91985992e-08
2.96497347e-08
3.03247907e-08
3.12188237e-08
3.23166208e-08
3.35793846e-08
3.4933178e-08
3.62486936e-08
3.72438773e-08
3.73032998e-08
3.55133411e-08
3.19244654e-08
2.73171528e-08
2.61488479e-08
5.17772826e-08
6.47029205e-08
5.30933774e-08
4.69312947e-08
4.8375247e-08
4.91148909e-08
4.96231973e-08
4.97289069e-08
4.9692036e-08
4.91742514e-08
4.60767443e-08
4.01908398e-08
3.88256394e-08
4.84617002e-08
5.9008072e-08
6.09588308e-08
5.91249635e-08
5.75183441e-08
5.75564828e-08
5.83474769e-08
5.88165756e-08
5.89096141e-08
5.89410832e-08
5.90037541e-08
5.90421689e-08
5.88960425e-08
5.85067724e-08
5.81684702e-08
5.86078271e-08
6.02262248e-08
6.13823998e-08
5.86470168e-08
5.16970902e-08
4.72316959e-08
5.54728172e-08
7.25969832e-08
5.89730995e-08
5.01460116e-08
5.4439577e-08
5.78237814e-08
5.86220406e-08
5.85219726e-08
5.85066978e-08
5.84700406e-08
5.83843433e-08
5.83494591e-08
5.83441261e-08
5.82963884e-08
5.82313714e-08
5.82598241e-08
5.85403733e-08
5.90484069e-08
5.85661821e-08
5.31802662e-08
3.99944888e-08
3.86982466e-08
5.41285e-08
6.01651078e-08
5.96434754e-08
5.76073257e-08
5.69759929e-08
5.76931845e-08
5.84745218e-08
5.87634648e-08
5.87183295e-08
5.85919507e-08
5.84979366e-08
5.84485473e-08
5.83764076e-08
5.82080718e-08
5.7991271e-08
5.80467787e-08
5.8890894e-08
6.00721222e-08
5.89702021e-08
5.35843761e-08
4.73214271e-08
5.3297738e-08
7.87948862e-08
6.19276005e-08
5.07088497e-08
5.5014355e-08
5.84181399e-08
5.8891912e-08
5.8554261e-08
5.85398985e-08
5.86024043e-08
5.85455739e-08
5.84481941e-08
5.83960622e-08
5.83813936e-08
5.837329e-08
5.83630803e-08
5.83747081e-08
5.86164366e-08
5.93654417e-08
5.97023046e-08
5.58069327e-08
4.31495486e-08
3.50006026e-08
5.09873529e-08
5.98235567e-08
6.02317253e-08
5.80172534e-08
5.66224964e-08
5.68381057e-08
5.7568167e-08
5.79741456e-08
5.80341306e-08
5.79714491e-08
5.7917784e-08
5.78823202e-08
5.77746243e-08
5.7559842e-08
5.75359773e-08
5.82315674e-08
5.8935334e-08
5.69893267e-08
5.17244427e-08
4.94952161e-08
6.39760037e-08
6.7346145e-08
4.7543519e-08
5.02532996e-08
5.5897534e-08
5.84538358e-08
5.82329965e-08
5.78156766e-08
5.79034117e-08
5.80751968e-08
5.81309212e-08
5.81179315e-08
5.80902351e-08
5.80191798e-08
5.78310536e-08
5.74983531e-08
5.74099512e-08
5.8364717e-08
6.00144037e-08
5.92958024e-08
5.0812842e-08
3.53987986e-08
4.25365028e-08
5.60152982e-08
5.93588409e-08
5.89261199e-08
5.85284104e-08
5.84937049e-08
5.84641165e-08
5.84328704e-08
5.84509134e-08
5.85169086e-08
5.85483813e-08
5.83533546e-08
5.790777e-08
5.76951002e-08
5.83290487e-08
5.84878015e-08
5.55205719e-08
5.21216889e-08
7.05122183e-08
6.71427705e-08
4.45564965e-08
4.83953279e-08
5.53686707e-08
5.89117352e-08
5.89240589e-08
5.81642306e-08
5.79603648e-08
5.81048862e-08
5.82848415e-08
5.83948156e-08
5.84451875e-08
5.84622233e-08
5.83745805e-08
5.80022724e-08
5.72998753e-08
5.70795376e-08
5.87227755e-08
6.10366036e-08
5.73072499e-08
4.07408928e-08
3.75544172e-08
5.31578427e-08
5.88536488e-08
5.9755384e-08
5.95668592e-08
5.9228249e-08
5.89270576e-08
5.87927784e-08
5.88087442e-08
5.88757018e-08
5.89765229e-08
5.89925747e-08
5.88444562e-08
5.89183145e-08
5.9115224e-08
5.74205901e-08
5.35975678e-08
5.70763414e-08
7.58658331e-08
5.53412728e-08
4.62666359e-08
5.19211196e-08
5.76405439e-08
5.96963699e-08
5.87185193e-08
5.77677902e-08
5.7756889e-08
5.80899456e-08
5.83106859e-08
5.8362221e-08
5.83601343e-08
5.83610408e-08
5.82824661e-08
5.78229298e-08
5.66882924e-08
5.54469619e-08
5.57513138e-08
5.80129188e-08
5.97354614e-08
5.60216778e-08
3.9946182e-08
4.01812246e-08
5.51197253e-08
6.06799308e-08
6.02968068e-08
5.93547387e-08
5.91355681e-08
5.92125636e-08
5.92993264e-08
5.93277177e-08
5.92876979e-08
5.92315976e-08
5.92222046e-08
5.93456e-08
5.99026613e-08
6.05167891e-08
5.86498741e-08
5.29696401e-08
5.19118472e-08
7.22625495e-08
6.75078384e-08
4.86191464e-08
5.11516168e-08
5.73534282e-08
5.91281073e-08
5.79447788e-08
5.71078386e-08
5.73222318e-08
5.78714364e-08
5.8232518e-08
5.83254724e-08
5.8282844e-08
5.82423868e-08
5.8246308e-08
5.82416541e-08
5.79661416e-08
5.7229216e-08
5.67122304e-08
5.75268257e-08
5.87980547e-08
5.64217746e-08
4.78468564e-08
3.73477601e-08
4.33079614e-08
5.55091582e-08
6.04963249e-08
6.00961547e-08
5.87510245e-08
5.82567998e-08
5.83903052e-08
5.86514424e-08
5.88603043e-08
5.8990687e-08
5.90683179e-08
5.91537997e-08
5.92699715e-08
5.94420639e-08
5.97428803e-08
5.93214798e-08
5.62701386e-08
5.07144735e-08
5.38627367e-08
7.46811316e-08
6.02222746e-08
4.79935092e-08
5.21692394e-08
5.74000186e-08
5.90449441e-08
5.8233601e-08
5.75364182e-08
5.77021376e-08
5.81429784e-08
5.84027075e-08
5.84416574e-08
5.83979952e-08
5.83854621e-08
5.84131437e-08
5.8405517e-08
5.81216063e-08
5.73560555e-08
5.65285595e-08
5.68265651e-08
5.85569787e-08
5.95369455e-08
5.56063404e-08
4.41753543e-08
3.57055294e-08
4.68426606e-08
5.63332713e-08
5.88947395e-08
5.84760738e-08
5.78972913e-08
5.78616616e-08
5.80822115e-08
5.83071493e-08
5.84799839e-08
5.85977917e-08
5.86814469e-08
5.87169532e-08
5.8611439e-08
5.83232769e-08
5.80429622e-08
5.76103204e-08
5.57225188e-08
5.1876005e-08
5.19551115e-08
7.28560611e-08
6.43717969e-08
4.6436322e-08
4.9809634e-08
5.63146989e-08
6.06054493e-08
6.06603995e-08
5.91769854e-08
5.83947187e-08
5.8399931e-08
5.85945457e-08
5.86946431e-08
5.87255434e-08
5.87961011e-08
5.89400133e-08
5.90697482e-08
5.89420942e-08
5.8324369e-08
5.75548181e-08
5.78514925e-08
6.00178468e-08
6.24518013e-08
6.10156494e-08
4.8822851e-08
3.56771291e-08
4.7270522e-08
5.6426798e-08
5.88819199e-08
5.88272627e-08
5.85152291e-08
5.83643221e-08
5.82800202e-08
5.82416768e-08
5.82353373e-08
5.82678539e-08
5.83697331e-08
5.84718746e-08
5.84716434e-08
5.84878848e-08
5.8283462e-08
5.63615512e-08
5.29513653e-08
5.69099297e-08
7.69298407e-08
5.97430802e-08
4.59344601e-08
5.1712155e-08
5.78579284e-08
6.01634609e-08
5.92571365e-08
5.82606585e-08
5.82077698e-08
5.85620785e-08
5.88425054e-08
5.89419652e-08
5.89586989e-08
5.90015589e-08
5.90603378e-08
5.89527409e-08
5.83482708e-08
5.73176418e-08
5.70633196e-08
5.88134897e-08
6.10510736e-08
5.90479572e-08
4.49000332e-08
3.80074746e-08
5.12509789e-08
5.92782016e-08
6.07260618e-08
5.99934287e-08
5.94272438e-08
5.9197991e-08
5.90834649e-08
5.90261453e-08
5.89842687e-08
5.89556057e-08
5.89601418e-08
5.90152037e-08
5.93686645e-08
6.01691507e-08
5.95032747e-08
5.48452675e-08
5.10079995e-08
6.75051915e-08
7.47087451e-08
5.22207511e-08
5.03870588e-08
5.58063091e-08
5.84289735e-08
5.79271281e-08
5.73156742e-08
5.76602241e-08
5.82704865e-08
5.8598502e-08
5.8628565e-08
5.85402935e-08
5.84572973e-08
5.84104195e-08
5.83847961e-08
5.81230883e-08
5.72722302e-08
5.62586391e-08
5.64187252e-08
5.77592218e-08
5.70831664e-08
5.17462454e-08
4.06324908e-08
4.01410059e-08
5.29061671e-08
6.05645933e-08
6.08358275e-08
5.89198296e-08
5.79056467e-08
5.78539259e-08
5.80547172e-08
5.82303552e-08
5.83526688e-08
5.84201724e-08
5.84750055e-08
5.85825127e-08
5.88430455e-08
5.94307242e-08
5.95703264e-08
5.68941522e-08
5.09201369e-08
4.94347632e-08
7.04046846e-08
6.75581181e-08
5.04876157e-08
5.43495929e-08
5.77788325e-08
5.79383575e-08
5.70347928e-08
5.69473162e-08
5.75076689e-08
5.79492188e-08
5.80438485e-08
5.79621456e-08
5.79161884e-08
5.79911877e-08
5.81906178e-08
5.83154547e-08
5.79124689e-08
5.68854876e-08
5.62603097e-08
5.68042927e-08
5.60067493e-08
4.86033302e-08
3.58293236e-08
3.84523886e-08
5.22089502e-08
5.9696293e-08
6.02339128e-08
5.84967722e-08
5.73604106e-08
5.71394135e-08
5.72428868e-08
5.73494112e-08
5.74062194e-08
5.74121394e-08
5.73789604e-08
5.7388961e-08
5.75380442e-08
5.79243e-08
5.84124015e-08
5.74814655e-08
5.31223045e-08
4.7083178e-08
5.27157615e-08
7.71587369e-08
6.10940285e-08
5.45109361e-08
5.84798661e-08
5.98898134e-08
5.95049668e-08
5.96379935e-08
6.02804916e-08
6.06462595e-08
6.06747247e-08
6.06619823e-08
6.07429851e-08
6.07433065e-08
6.01703271e-08
5.8583844e-08
5.71434572e-08
5.77963006e-08
5.83956373e-08
5.19040437e-08
3.93770109e-08
4.7533885e-08
6.20482706e-08
6.61651591e-08
6.36055825e-08
6.06951573e-08
5.96842485e-08
5.98555318e-08
6.01543713e-08
6.02674932e-08
6.02837496e-08
6.02961285e-08
6.03737862e-08
6.05595197e-08
6.08717596e-08
6.13963042e-08
6.18534731e-08
6.02881259e-08
5.47655378e-08
4.95897545e-08
6.18336247e-08
7.79358848e-08
5.1493167e-08
3.73919885e-08
4.17773075e-08
4.67524232e-08
5.00221102e-08
5.11314751e-08
5.10322198e-08
5.072649e-08
5.05619586e-08
5.05160605e-08
5.05083352e-08
5.04964558e-08
5.04729805e-08
5.04488647e-08
5.04433056e-08
5.04735974e-08
5.05538181e-08
5.06844863e-08
5.0836883e-08
5.09535218e-08
5.09615092e-08
5.0802325e-08
5.04775589e-08
5.01063082e-08
4.993522e-08
5.02573723e-08
5.12382843e-08
5.27475224e-08
5.42813014e-08
5.50141129e-08
5.40545702e-08
5.12218348e-08
4.50065956e-08
2.23448597e-08
2.65419826e-08
3.67723418e-08
4.15423242e-08
4.21002731e-08
3.96381371e-08
3.585246e-08
3.21502318e-08
2.96156384e-08
2.85026828e-08
2.82251948e-08
2.81271169e-08
2.79703398e-08
2.78582232e-08
2.79445201e-08
2.82683387e-08
2.88334298e-08
2.96070424e-08
3.05652396e-08
3.16871145e-08
3.29437977e-08
3.42875156e-08
3.55796534e-08
3.63590217e-08
3.56508191e-08
3.29184864e-08
2.8581322e-08
2.44539289e-08
4.29997987e-08
6.16702417e-08
5.65514563e-08
4.77379924e-08
4.73357725e-08
4.82161575e-08
4.88108498e-08
4.88529357e-08
4.88342068e-08
4.8994054e-08
4.73145477e-08
4.14061327e-08
3.68335204e-08
4.42914878e-08
5.65592177e-08
6.00969566e-08
5.86227338e-08
5.69651385e-08
5.70084635e-08
5.79070557e-08
5.83284422e-08
5.82709278e-08
5.82539555e-08
5.83670161e-08
5.84892786e-08
5.84925778e-08
5.82042671e-08
5.77637844e-08
5.78323669e-08
5.9120711e-08
6.06246315e-08
5.89453599e-08
5.2557636e-08
4.67304736e-08
5.15697766e-08
6.94265253e-08
6.10044826e-08
5.01757497e-08
5.38141025e-08
5.71412561e-08
5.78881798e-08
5.78365789e-08
5.78713454e-08
5.78401381e-08
5.77611282e-08
5.77635604e-08
5.77974257e-08
5.77474714e-08
5.76448334e-08
5.75950565e-08
5.77783041e-08
5.82824392e-08
5.80981758e-08
5.36725643e-08
4.03548476e-08
3.64052814e-08
5.20396572e-08
5.90755763e-08
5.88991376e-08
5.68647489e-08
5.63722112e-08
5.73388741e-08
5.81450231e-08
5.82342495e-08
5.79882318e-08
5.77715488e-08
5.76705602e-08
5.765686e-08
5.76772124e-08
5.76163946e-08
5.74256812e-08
5.73292227e-08
5.79150787e-08
5.91548383e-08
5.86714989e-08
5.38655258e-08
4.73850663e-08
5.12538388e-08
7.60286689e-08
6.24163086e-08
5.0833307e-08
5.47448946e-08
5.78388637e-08
5.81406467e-08
5.78367893e-08
5.78665433e-08
5.79040751e-08
5.78129421e-08
5.77212641e-08
5.76989379e-08
5.76853314e-08
5.76567023e-08
5.76370264e-08
5.76277243e-08
5.78334094e-08
5.86676746e-08
5.92649404e-08
5.55083001e-08
4.25492675e-08
3.40059304e-08
5.02002357e-08
5.91925046e-08
5.96310349e-08
5.72308196e-08
5.58729841e-08
5.63406681e-08
5.7147195e-08
5.7392938e-08
5.72929749e-08
5.71814608e-08
5.71335125e-08
5.71529752e-08
5.71381279e-08
5.69672749e-08
5.68043237e-08
5.72595932e-08
5.81539932e-08
5.69624128e-08
5.20939005e-08
4.86093522e-08
6.03079214e-08
6.6883654e-08
4.78409042e-08
4.99379673e-08
5.5452376e-08
5.77175169e-08
5.74400161e-08
5.71719706e-08
5.73532737e-08
5.75007937e-08
5.74980138e-08
5.7464573e-08
5.74534037e-08
5.74300803e-08
5.73240971e-08
5.69558078e-08
5.66332327e-08
5.74770715e-08
5.94073449e-08
5.92431134e-08
5.1460156e-08
3.49145799e-08
4.07268483e-08
5.49687658e-08
5.87617339e-08
5.83752007e-08
5.79431823e-08
5.78269443e-08
5.76779994e-08
5.75994229e-08
5.76368371e-08
5.7714992e-08
5.78559489e-08
5.784158e-08
5.74934901e-08
5.71569149e-08
5.76090901e-08
5.79886069e-08
5.54383245e-08
5.17098992e-08
6.81362083e-08
6.63085017e-08
4.45762833e-08
4.83321353e-08
5.51596994e-08
5.83139034e-08
5.81268264e-08
5.74636716e-08
5.74045046e-08
5.75922644e-08
5.77262933e-08
5.77724569e-08
5.78046126e-08
5.7852912e-08
5.78929286e-08
5.76723155e-08
5.68372584e-08
5.60893564e-08
5.74019876e-08
6.01722119e-08
5.75745321e-08
4.0863664e-08
3.60220612e-08
5.17073574e-08
5.78316284e-08
5.89903049e-08
5.88474579e-08
5.85648052e-08
5.82999576e-08
5.81884909e-08
5.82523226e-08
5.83227957e-08
5.84060436e-08
5.84036766e-08
5.8173945e-08
5.80893968e-08
5.8320506e-08
5.69694342e-08
5.33157955e-08
5.74859342e-08
7.34546752e-08
5.26440078e-08
4.59719688e-08
5.21818137e-08
5.74865764e-08
5.89256875e-08
5.78373546e-08
5.71111455e-08
5.7233643e-08
5.75307965e-08
5.76478186e-08
5.76189045e-08
5.75890298e-08
5.76195681e-08
5.77038967e-08
5.74398461e-08
5.62964641e-08
5.48498447e-08
5.50999727e-08
5.74440539e-08
5.89417977e-08
5.47575148e-08
3.83933774e-08
4.01516352e-08
5.56589393e-08
6.02860662e-08
5.93040736e-08
5.83662095e-08
5.83760974e-08
5.85617552e-08
5.86773588e-08
5.87301972e-08
5.86780098e-08
5.85866471e-08
5.85387406e-08
5.86117749e-08
5.90911782e-08
5.96881834e-08
5.79175423e-08
5.23744071e-08
5.33611816e-08
7.18482789e-08
6.32543083e-08
4.76355552e-08
5.16508897e-08
5.7306499e-08
5.83569346e-08
5.71464994e-08
5.66656817e-08
5.70773881e-08
5.75577311e-08
5.77277332e-08
5.76541043e-08
5.75276828e-08
5.74333352e-08
5.7460414e-08
5.76217832e-08
5.75328174e-08
5.6787961e-08
5.61788324e-08
5.70014212e-08
5.79497725e-08
5.43396969e-08
4.41086472e-08
3.51672896e-08
4.58377917e-08
5.75456382e-08
6.02962519e-08
5.89135302e-08
5.76736175e-08
5.76013692e-08
5.79367469e-08
5.81826798e-08
5.83381619e-08
5.842101e-08
5.84508616e-08
5.85092349e-08
5.86271041e-08
5.87914686e-08
5.90691865e-08
5.87100721e-08
5.56896216e-08
5.0300627e-08
5.65440748e-08
7.2666969e-08
5.53570962e-08
4.76063476e-08
5.28488907e-08
5.74902768e-08
5.83144711e-08
5.73489839e-08
5.69759004e-08
5.73363156e-08
5.77016044e-08
5.77778625e-08
5.76755958e-08
5.75631277e-08
5.75142262e-08
5.75759452e-08
5.77515108e-08
5.77033466e-08
5.69876314e-08
5.5986401e-08
5.61975727e-08
5.79697489e-08
5.85862454e-08
5.35455518e-08
4.10008514e-08
3.50195545e-08
4.8438826e-08
5.67170167e-08
5.83834326e-08
5.7678496e-08
5.71657013e-08
5.72911339e-08
5.7579958e-08
5.77989561e-08
5.79564964e-08
5.80529285e-08
5.81190612e-08
5.81863288e-08
5.81463779e-08
5.78618638e-08
5.74814088e-08
5.70237913e-08
5.53413073e-08
5.17108603e-08
5.25517994e-08
7.18748636e-08
6.03302105e-08
4.54129055e-08
5.03402271e-08
5.68425962e-08
6.01834529e-08
5.95480516e-08
5.81175749e-08
5.7648305e-08
5.77888692e-08
5.79355816e-08
5.7934246e-08
5.789273e-08
5.79366421e-08
5.81069348e-08
5.83902279e-08
5.84715938e-08
5.78915048e-08
5.68765322e-08
5.69387284e-08
5.9152736e-08
6.16625213e-08
5.99417401e-08
4.72242625e-08
3.46714121e-08
4.73776017e-08
5.62508986e-08
5.84025745e-08
5.81157115e-08
5.77251681e-08
5.75884065e-08
5.75335532e-08
5.75449593e-08
5.75711495e-08
5.75750348e-08
5.7646375e-08
5.77687376e-08
5.77932551e-08
5.77780931e-08
5.76230604e-08
5.59429741e-08
5.27565717e-08
5.71363382e-08
7.48938845e-08
5.67742102e-08
4.55536611e-08
5.19663971e-08
5.77268734e-08
5.93930017e-08
5.83620884e-08
5.76411978e-08
5.77786857e-08
5.81055388e-08
5.82451796e-08
5.82129554e-08
5.81669092e-08
5.82059807e-08
5.83832898e-08
5.85018891e-08
5.80295811e-08
5.68218173e-08
5.62675407e-08
5.79342164e-08
6.01208121e-08
5.78222228e-08
4.34336663e-08
3.71119897e-08
5.13381271e-08
5.9260335e-08
6.01421749e-08
5.90647779e-08
5.85751467e-08
5.84992096e-08
5.84495271e-08
5.84437197e-08
5.84264876e-08
5.8393892e-08
5.8382096e-08
5.83895098e-08
5.86260985e-08
5.93173913e-08
5.87307958e-08
5.42640657e-08
5.15408214e-08
6.82291043e-08
7.08600617e-08
5.02015986e-08
5.05448866e-08
5.59322598e-08
5.80415292e-08
5.7409573e-08
5.69541296e-08
5.73672732e-08
5.78879617e-08
5.80824351e-08
5.80186177e-08
5.78818862e-08
5.77373952e-08
5.76694766e-08
5.7765864e-08
5.77034873e-08
5.68930665e-08
5.57881221e-08
5.59672163e-08
5.71360478e-08
5.54567194e-08
4.83079578e-08
3.69934319e-08
4.20557817e-08
5.62856504e-08
6.11533785e-08
5.9605124e-08
5.7552787e-08
5.71224648e-08
5.74476597e-08
5.76545644e-08
5.7751135e-08
5.7829866e-08
5.78747296e-08
5.79126703e-08
5.80000713e-08
5.82215476e-08
5.87721765e-08
5.89688227e-08
5.62758961e-08
5.01878803e-08
5.1905283e-08
7.04431559e-08
6.22128361e-08
4.97242517e-08
5.46508963e-08
5.74375366e-08
5.71093326e-08
5.63449142e-08
5.65562718e-08
5.71366565e-08
5.73963757e-08
5.73191994e-08
5.71631298e-08
5.70885735e-08
5.7131043e-08
5.74240959e-08
5.77511023e-08
5.74416292e-08
5.63021575e-08
5.5611706e-08
5.60926064e-08
5.46573657e-08
4.56541605e-08
3.30448023e-08
4.02789343e-08
5.46432729e-08
6.00050094e-08
5.90438309e-08
5.70653321e-08
5.64543793e-08
5.66992561e-08
5.69004481e-08
5.69510921e-08
5.69691066e-08
5.69558497e-08
5.69009292e-08
5.68646393e-08
5.69349783e-08
5.72391141e-08
5.76823725e-08
5.67300547e-08
5.23773388e-08
4.68627161e-08
5.62088758e-08
7.49999487e-08
5.74932225e-08
5.45214721e-08
5.84362554e-08
5.93043316e-08
5.89012051e-08
5.92121101e-08
5.97504907e-08
5.98754099e-08
5.9755041e-08
5.97064984e-08
5.98242506e-08
6.00387921e-08
5.97030554e-08
5.80854595e-08
5.66136884e-08
5.73278898e-08
5.7276272e-08
4.87264722e-08
3.72604851e-08
5.1294165e-08
6.47207516e-08
6.53970545e-08
6.14749693e-08
5.89209e-08
5.87856449e-08
5.93988687e-08
5.9637925e-08
5.95627248e-08
5.94579393e-08
5.94177103e-08
5.94633961e-08
5.96160266e-08
5.98941175e-08
6.04009602e-08
6.0962495e-08
5.9592934e-08
5.41723604e-08
5.05865711e-08
6.42663141e-08
7.39369887e-08
4.75003063e-08
3.77303996e-08
4.29733939e-08
4.7620975e-08
5.01362452e-08
5.06334936e-08
5.03241046e-08
5.0049661e-08
4.99557745e-08
4.99471895e-08
4.9950365e-08
4.99417026e-08
4.99188717e-08
4.98859354e-08
4.98587636e-08
4.98678734e-08
4.99442763e-08
5.00944927e-08
5.02873066e-08
5.04541154e-08
5.05091186e-08
5.0384774e-08
5.00746004e-08
4.96974973e-08
4.95143782e-08
4.98412116e-08
5.08439252e-08
5.2344537e-08
5.37534362e-08
5.41280326e-08
5.25396304e-08
4.91478368e-08
4.35901598e-08
2.24859814e-08
2.40152634e-08
3.53477309e-08
4.07929995e-08
4.16839409e-08
3.93883212e-08
3.55705308e-08
3.168861e-08
2.90079959e-08
2.78667363e-08
2.76228264e-08
2.74939729e-08
2.72176636e-08
2.69694888e-08
2.69584723e-08
2.71990911e-08
2.76406809e-08
2.82781479e-08
2.91035182e-08
3.01019899e-08
3.1257431e-08
3.25561772e-08
3.39422841e-08
3.50980932e-08
3.51349017e-08
3.32340585e-08
2.94847523e-08
2.43224569e-08
3.60206856e-08
5.67654757e-08
5.83347588e-08
4.94634882e-08
4.66147364e-08
4.72739107e-08
4.80326489e-08
4.80544673e-08
4.79213807e-08
4.83306324e-08
4.81225726e-08
4.33652856e-08
3.59373517e-08
3.95754019e-08
5.31469819e-08
5.89830933e-08
5.83124855e-08
5.65228437e-08
5.63270481e-08
5.72538727e-08
5.77628649e-08
5.767791e-08
5.76001429e-08
5.77300114e-08
5.78779171e-08
5.79103319e-08
5.76964765e-08
5.72963004e-08
5.7255131e-08
5.83353924e-08
5.98628201e-08
5.86835007e-08
5.28215703e-08
4.64845094e-08
4.85716793e-08
6.58021823e-08
6.26530696e-08
5.09518439e-08
5.28129402e-08
5.62521814e-08
5.71706779e-08
5.7161349e-08
5.72325417e-08
5.72386665e-08
5.7173539e-08
5.71899653e-08
5.72305085e-08
5.71763568e-08
5.70615971e-08
5.69700417e-08
5.71120044e-08
5.76153557e-08
5.74679049e-08
5.34713153e-08
4.06618949e-08
3.40901118e-08
4.95191918e-08
5.7809929e-08
5.83301794e-08
5.63341049e-08
5.57403865e-08
5.67270806e-08
5.76007509e-08
5.76530623e-08
5.73140228e-08
5.70496265e-08
5.69546498e-08
5.69414002e-08
5.69677999e-08
5.69491642e-08
5.68059333e-08
5.66954606e-08
5.71744369e-08
5.83678171e-08
5.80908028e-08
5.36162427e-08
4.72718673e-08
4.97089659e-08
7.33964735e-08
6.30271333e-08
5.09240761e-08
5.42445124e-08
5.71579261e-08
5.74246628e-08
5.71437292e-08
5.71924986e-08
5.72400452e-08
5.71641781e-08
5.71046699e-08
5.71098848e-08
5.70769415e-08
5.70034768e-08
5.69484758e-08
5.69196858e-08
5.71499801e-08
5.8093088e-08
5.87551014e-08
5.4843175e-08
4.16708326e-08
3.27925772e-08
4.89134141e-08
5.8301078e-08
5.91211289e-08
5.67277186e-08
5.52769388e-08
5.57555004e-08
5.65726073e-08
5.67409421e-08
5.65824835e-08
5.64925845e-08
5.64784799e-08
5.64879249e-08
5.64926878e-08
5.63553526e-08
5.61487283e-08
5.64429864e-08
5.7357094e-08
5.66271945e-08
5.22011818e-08
4.80130516e-08
5.69900467e-08
6.61716345e-08
4.88127941e-08
4.92943525e-08
5.46711453e-08
5.69587957e-08
5.67499504e-08
5.65593036e-08
5.677121e-08
5.68936942e-08
5.68582482e-08
5.68255881e-08
5.6809699e-08
5.6801953e-08
5.67487577e-08
5.63715879e-08
5.59497306e-08
5.68087903e-08
5.89360177e-08
5.88939547e-08
5.13269894e-08
3.44172692e-08
3.8818793e-08
5.37159018e-08
5.81138338e-08
5.78710053e-08
5.73816438e-08
5.71553137e-08
5.69317265e-08
5.685039e-08
5.6934825e-08
5.7035487e-08
5.71580349e-08
5.72129528e-08
5.69680869e-08
5.66287932e-08
5.69836803e-08
5.7442673e-08
5.51768785e-08
5.13296661e-08
6.58951428e-08
6.60338125e-08
4.46904376e-08
4.77961667e-08
5.4466205e-08
5.76048293e-08
5.74680644e-08
5.68593496e-08
5.68242212e-08
5.69952011e-08
5.70918216e-08
5.71080282e-08
5.7126377e-08
5.7171738e-08
5.72581519e-08
5.71047897e-08
5.62247114e-08
5.52593213e-08
5.64283421e-08
5.93688868e-08
5.7272976e-08
4.08455056e-08
3.4369665e-08
4.99694219e-08
5.66949331e-08
5.82269493e-08
5.81661866e-08
5.79364803e-08
5.77283951e-08
5.76124214e-08
5.768808e-08
5.77891307e-08
5.78377007e-08
5.77822875e-08
5.74793677e-08
5.73025134e-08
5.75381871e-08
5.63191103e-08
5.29724215e-08
5.79674028e-08
7.1158027e-08
5.05875064e-08
4.56462509e-08
5.19604949e-08
5.69522805e-08
5.81658858e-08
5.71185105e-08
5.64888773e-08
5.66114259e-08
5.68601348e-08
5.69467433e-08
5.69190822e-08
5.68612759e-08
5.69149014e-08
5.70825285e-08
5.68297854e-08
5.55793816e-08
5.41713512e-08
5.4676212e-08
5.70836714e-08
5.80537304e-08
5.30012793e-08
3.64897961e-08
4.01933231e-08
5.57654006e-08
5.97563468e-08
5.84333694e-08
5.75034841e-08
5.7670337e-08
5.79232733e-08
5.80468646e-08
5.81276086e-08
5.80768035e-08
5.79806403e-08
5.79173093e-08
5.79636711e-08
5.8415443e-08
5.88634541e-08
5.67615368e-08
5.1707342e-08
5.55494122e-08
7.08384893e-08
5.9399436e-08
4.70052862e-08
5.17374571e-08
5.69108626e-08
5.7689856e-08
5.65818109e-08
5.62412417e-08
5.66332675e-08
5.6998285e-08
5.7066394e-08
5.69569063e-08
5.68160226e-08
5.66823047e-08
5.6736215e-08
5.69891596e-08
5.69246288e-08
5.61556085e-08
5.5635816e-08
5.65527987e-08
5.69531236e-08
5.1709804e-08
4.0161378e-08
3.40263579e-08
4.80272787e-08
5.82542434e-08
5.97085956e-08
5.79683363e-08
5.68959663e-08
5.7069385e-08
5.74498982e-08
5.7624768e-08
5.77286307e-08
5.77829117e-08
5.7783865e-08
5.78467006e-08
5.7988624e-08
5.81768234e-08
5.84440229e-08
5.79209865e-08
5.45811018e-08
5.03431584e-08
5.93074422e-08
6.98330966e-08
5.1450356e-08
4.75154308e-08
5.31384178e-08
5.7218342e-08
5.75962474e-08
5.66458569e-08
5.64422629e-08
5.68199209e-08
5.70910896e-08
5.70904529e-08
5.69787495e-08
5.68716102e-08
5.67559113e-08
5.68106627e-08
5.70776412e-08
5.7108714e-08
5.63605331e-08
5.53793498e-08
5.57517119e-08
5.75272368e-08
5.74613191e-08
5.0983075e-08
3.77219774e-08
3.48464954e-08
4.91069145e-08
5.64899141e-08
5.78789438e-08
5.70433496e-08
5.65236066e-08
5.67121889e-08
5.70334875e-08
5.72437258e-08
5.73853226e-08
5.74643849e-08
5.75127882e-08
5.75986055e-08
5.76097239e-08
5.7347687e-08
5.69155089e-08
5.63993337e-08
5.4747132e-08
5.13429097e-08
5.36014471e-08
7.05689915e-08
5.69610662e-08
4.47389642e-08
5.0540808e-08
5.67966674e-08
5.9537199e-08
5.86316383e-08
5.73176014e-08
5.69896871e-08
5.71492856e-08
5.72682589e-08
5.72612275e-08
5.72324225e-08
5.723442e-08
5.73949154e-08
5.77410942e-08
5.78776167e-08
5.72333087e-08
5.6125667e-08
5.62786772e-08
5.86171362e-08
6.09224233e-08
5.85067049e-08
4.51493993e-08
3.3645295e-08
4.70980925e-08
5.5800089e-08
5.79305272e-08
5.74795155e-08
5.69920269e-08
5.6876347e-08
5.68797173e-08
5.69544617e-08
5.70231972e-08
5.70045479e-08
5.70273601e-08
5.71267378e-08
5.71360086e-08
5.70824255e-08
5.69217606e-08
5.53365166e-08
5.24676365e-08
5.75964902e-08
7.28557118e-08
5.44222377e-08
4.51991902e-08
5.17570088e-08
5.72199359e-08
5.86692444e-08
5.76967125e-08
5.71027374e-08
5.7243145e-08
5.74866094e-08
5.75496955e-08
5.74917917e-08
5.74283956e-08
5.74734688e-08
5.77252795e-08
5.79196432e-08
5.74083797e-08
5.61044073e-08
5.55952033e-08
5.73258532e-08
5.92401303e-08
5.62473654e-08
4.15442306e-08
3.62220591e-08
5.1118752e-08
5.90454098e-08
5.95751398e-08
5.82217501e-08
5.77913964e-08
5.78543449e-08
5.78472813e-08
5.7872038e-08
5.78900195e-08
5.78619637e-08
5.78459994e-08
5.78118422e-08
5.79780909e-08
5.85587182e-08
5.77398065e-08
5.33602677e-08
5.27252597e-08
6.85956357e-08
6.72298033e-08
4.87119113e-08
5.04502589e-08
5.56704939e-08
5.76228361e-08
5.70112106e-08
5.65372921e-08
5.68449204e-08
5.72714336e-08
5.74305092e-08
5.73811509e-08
5.72423312e-08
5.7051803e-08
5.69887142e-08
5.71576745e-08
5.711395e-08
5.62487802e-08
5.52069408e-08
5.55780857e-08
5.644655e-08
5.33048062e-08
4.43715065e-08
3.42071248e-08
4.47434069e-08
5.83131637e-08
6.08872784e-08
5.84947272e-08
5.65938478e-08
5.65896389e-08
5.7058697e-08
5.71603352e-08
5.71624203e-08
5.72128175e-08
5.72499886e-08
5.73129636e-08
5.74281616e-08
5.76806715e-08
5.82532667e-08
5.82328314e-08
5.49933303e-08
4.9636586e-08
5.51658064e-08
6.92529443e-08
5.7521391e-08
4.93924593e-08
5.46875559e-08
5.69419833e-08
5.63931793e-08
5.57640004e-08
5.60861964e-08
5.66110625e-08
5.67819118e-08
5.66848908e-08
5.65688064e-08
5.64462606e-08
5.64566915e-08
5.68059999e-08
5.71724119e-08
5.67593259e-08
5.55401633e-08
5.49392254e-08
5.53674663e-08
5.30041533e-08
4.24141405e-08
3.09007468e-08
4.19556134e-08
5.5669305e-08
5.96863357e-08
5.80249335e-08
5.60617892e-08
5.58501201e-08
5.63172329e-08
5.64641169e-08
5.64236034e-08
5.64174756e-08
5.64092925e-08
5.63748443e-08
5.63589022e-08
5.64145577e-08
5.66890743e-08
5.69831032e-08
5.56003473e-08
5.09742237e-08
4.75154705e-08
5.99653863e-08
7.20618407e-08
5.46766816e-08
5.46092964e-08
5.82113263e-08
5.86901337e-08
5.82975836e-08
5.86378551e-08
5.90542912e-08
5.90885882e-08
5.89732241e-08
5.88829631e-08
5.89812356e-08
5.9302556e-08
5.90096196e-08
5.73771847e-08
5.60965642e-08
5.68980815e-08
5.58844866e-08
4.52780181e-08
3.61776364e-08
5.4758818e-08
6.56816691e-08
6.42319259e-08
5.9895428e-08
5.78075325e-08
5.82078028e-08
5.89310179e-08
5.90399966e-08
5.88682933e-08
5.87447211e-08
5.86959839e-08
5.87138543e-08
5.88425209e-08
5.9097726e-08
5.96085357e-08
6.01111329e-08
5.84336561e-08
5.32345405e-08
5.24751373e-08
6.63611284e-08
6.938881e-08
4.42550261e-08
3.82990147e-08
4.37556421e-08
4.79084195e-08
4.98554907e-08
5.00402564e-08
4.96813146e-08
4.94520164e-08
4.93946143e-08
4.94015441e-08
4.94138842e-08
4.9416264e-08
4.94051109e-08
4.93776754e-08
4.93457804e-08
4.93579283e-08
4.94472081e-08
4.961049e-08
4.97992785e-08
4.99315017e-08
4.99249694e-08
4.97395863e-08
4.94181302e-08
4.91192686e-08
4.91112679e-08
4.96578738e-08
5.08160823e-08
5.22698625e-08
5.32879571e-08
5.28618143e-08
5.02488686e-08
4.61794966e-08
4.12085568e-08
2.18445261e-08
2.0604074e-08
3.263418e-08
3.92015921e-08
4.1087513e-08
3.95918323e-08
3.61572701e-08
3.21292592e-08
2.90077609e-08
2.75050976e-08
2.713616e-08
2.70119748e-08
2.6717418e-08
2.63876996e-08
2.62682396e-08
2.6405115e-08
2.67216366e-08
2.7211809e-08
2.79043087e-08
2.87903748e-08
2.9857406e-08
3.10993489e-08
3.24948972e-08
3.38095271e-08
3.42624805e-08
3.29763092e-08
2.98367683e-08
2.47288412e-08
3.10284085e-08
5.11325445e-08
5.82739605e-08
5.13728271e-08
4.6466845e-08
4.63484627e-08
4.72084638e-08
4.73519278e-08
4.71224566e-08
4.73692942e-08
4.8184241e-08
4.55629083e-08
3.66118657e-08
3.4859663e-08
4.84788614e-08
5.71993783e-08
5.80378742e-08
5.62718414e-08
5.55728775e-08
5.64102306e-08
5.71625954e-08
5.71790425e-08
5.70031552e-08
5.70358768e-08
5.71543093e-08
5.71452998e-08
5.69665258e-08
5.67202008e-08
5.68604874e-08
5.79135547e-08
5.9183387e-08
5.79623803e-08
5.24653546e-08
4.61437093e-08
4.63049308e-08
6.19810369e-08
6.34954358e-08
5.24792823e-08
5.18145011e-08
5.50678038e-08
5.64066211e-08
5.65253695e-08
5.65741216e-08
5.66181367e-08
5.66128473e-08
5.6626252e-08
5.66231621e-08
5.65621203e-08
5.64464444e-08
5.63396136e-08
5.65061047e-08
5.70203264e-08
5.67227913e-08
5.26192685e-08
4.05726109e-08
3.18046415e-08
4.64326541e-08
5.61405861e-08
5.7845333e-08
5.60107462e-08
5.50510922e-08
5.58825969e-08
5.69180843e-08
5.71350732e-08
5.68098489e-08
5.64786486e-08
5.63339302e-08
5.63021922e-08
5.62804129e-08
5.62319877e-08
5.61272855e-08
5.61397137e-08
5.67099801e-08
5.77613483e-08
5.72554773e-08
5.29068394e-08
4.69013331e-08
4.85024896e-08
7.09169531e-08
6.35559305e-08
5.12439502e-08
5.35019053e-08
5.63306955e-08
5.67616778e-08
5.65076095e-08
5.65015729e-08
5.65644619e-08
5.6556706e-08
5.65386817e-08
5.65200048e-08
5.64530918e-08
5.63557821e-08
5.62816016e-08
5.625319e-08
5.65628418e-08
5.76202132e-08
5.8176261e-08
5.37960413e-08
4.03567054e-08
3.13122969e-08
4.69781338e-08
5.70043573e-08
5.87016751e-08
5.64979564e-08
5.47807214e-08
5.50703366e-08
5.59053834e-08
5.61132367e-08
5.59523962e-08
5.58679565e-08
5.58757589e-08
5.58714634e-08
5.58343853e-08
5.56901858e-08
5.55202214e-08
5.57898162e-08
5.66225455e-08
5.60783431e-08
5.2049308e-08
4.75464268e-08
5.40122168e-08
6.51156204e-08
5.03335806e-08
4.85741441e-08
5.35216908e-08
5.61098475e-08
5.61801152e-08
5.59933012e-08
5.61325971e-08
5.62525257e-08
5.62484777e-08
5.6214684e-08
5.61856833e-08
5.61935565e-08
5.61337159e-08
5.57041018e-08
5.53142923e-08
5.63726546e-08
5.86130751e-08
5.82943677e-08
5.04325914e-08
3.36405511e-08
3.67518075e-08
5.21420031e-08
5.73638465e-08
5.74002956e-08
5.6869039e-08
5.65679719e-08
5.62875427e-08
5.61750669e-08
5.62771536e-08
5.6409804e-08
5.64915264e-08
5.65035578e-08
5.63206278e-08
5.61107439e-08
5.64617069e-08
5.6862318e-08
5.47888604e-08
5.09332986e-08
6.37321512e-08
6.59254064e-08
4.54836415e-08
4.68904154e-08
5.32154584e-08
5.66876724e-08
5.69634315e-08
5.6408278e-08
5.62346771e-08
5.63178103e-08
5.64052391e-08
5.64470265e-08
5.64739093e-08
5.6546272e-08
5.66141757e-08
5.63484365e-08
5.53494606e-08
5.44266944e-08
5.57533672e-08
5.87146158e-08
5.65600907e-08
4.0412872e-08
3.25860931e-08
4.7869984e-08
5.5356338e-08
5.74646945e-08
5.75090824e-08
5.73025326e-08
5.71676157e-08
5.7038407e-08
5.70532396e-08
5.71619022e-08
5.71733795e-08
5.703417e-08
5.67264314e-08
5.65941261e-08
5.67568019e-08
5.54754323e-08
5.26876136e-08
5.83785632e-08
6.90271302e-08
4.90110241e-08
4.51631034e-08
5.13159483e-08
5.60826544e-08
5.742081e-08
5.66060165e-08
5.59451356e-08
5.59147674e-08
5.60850842e-08
5.61850658e-08
5.61868355e-08
5.61737451e-08
5.63166949e-08
5.64844767e-08
5.60231035e-08
5.4578599e-08
5.34390573e-08
5.45024274e-08
5.68947616e-08
5.68710793e-08
5.06179577e-08
3.42822263e-08
4.01137162e-08
5.54186886e-08
5.92074498e-08
5.77236015e-08
5.67100944e-08
5.69323862e-08
5.72576442e-08
5.73880203e-08
5.7469349e-08
5.74586141e-08
5.73714681e-08
5.7317576e-08
5.74259476e-08
5.78629097e-08
5.78587769e-08
5.52200736e-08
5.15041852e-08
5.8033741e-08
6.91854615e-08
5.5937278e-08
4.65092168e-08
5.13758672e-08
5.62724758e-08
5.71487574e-08
5.62285559e-08
5.58074422e-08
5.59978223e-08
5.62413191e-08
5.63014565e-08
5.62359116e-08
5.60951099e-08
5.60120168e-08
5.61712526e-08
5.64489345e-08
5.62385051e-08
5.53779485e-08
5.50998554e-08
5.61386541e-08
5.55618097e-08
4.83514817e-08
3.61458725e-08
3.37328015e-08
4.89879626e-08
5.80365272e-08
5.91991187e-08
5.7342296e-08
5.62669886e-08
5.64925696e-08
5.6893691e-08
5.70290302e-08
5.70749901e-08
5.7102522e-08
5.71263158e-08
5.72146102e-08
5.73915622e-08
5.76422143e-08
5.78175346e-08
5.68072531e-08
5.32137373e-08
5.12345595e-08
6.15351588e-08
6.64211844e-08
4.83941634e-08
4.74404294e-08
5.30198328e-08
5.67487937e-08
5.69711217e-08
5.60735956e-08
5.58597683e-08
5.61393399e-08
5.6357068e-08
5.63763879e-08
5.63024209e-08
5.61787532e-08
5.60815993e-08
5.62112616e-08
5.65161596e-08
5.64326079e-08
5.55388768e-08
5.47169627e-08
5.54850106e-08
5.71539094e-08
5.58947819e-08
4.7733188e-08
3.43944475e-08
3.48099818e-08
4.86226758e-08
5.58813564e-08
5.7423009e-08
5.65546229e-08
5.59221295e-08
5.60829323e-08
5.64339507e-08
5.66481583e-08
5.67724058e-08
5.685203e-08
5.69222143e-08
5.70075224e-08
5.70069223e-08
5.67650129e-08
5.63400469e-08
5.57077151e-08
5.39163675e-08
5.09934183e-08
5.48498961e-08
6.90080402e-08
5.4204051e-08
4.41874629e-08
5.03180699e-08
5.62992416e-08
5.88211092e-08
5.79798057e-08
5.67453157e-08
5.63651995e-08
5.64542521e-08
5.65689287e-08
5.66053459e-08
5.66028524e-08
5.66344807e-08
5.68572731e-08
5.72155467e-08
5.72122669e-08
5.63528663e-08
5.52887022e-08
5.584445e-08
5.84056019e-08
6.01417234e-08
5.65089426e-08
4.25160155e-08
3.25660699e-08
4.62581005e-08
5.50987224e-08
5.74486164e-08
5.69300209e-08
5.63186366e-08
5.62029566e-08
5.62571982e-08
5.63619352e-08
5.64603603e-08
5.64746301e-08
5.64759497e-08
5.65112918e-08
5.64856086e-08
5.64163017e-08
5.61531156e-08
5.45347145e-08
5.22308833e-08
5.81160846e-08
7.08595453e-08
5.25571501e-08
4.47456459e-08
5.11129064e-08
5.63825979e-08
5.79922825e-08
5.72687235e-08
5.66477836e-08
5.66191818e-08
5.67537015e-08
5.68051289e-08
5.67823722e-08
5.6760408e-08
5.68943548e-08
5.72033228e-08
5.72881946e-08
5.65268631e-08
5.51658529e-08
5.49990366e-08
5.69673445e-08
5.8315156e-08
5.41704879e-08
3.92037841e-08
3.52244906e-08
5.04578981e-08
5.86555308e-08
5.90913952e-08
5.74875234e-08
5.70136591e-08
5.71917675e-08
5.72460928e-08
5.72694137e-08
5.73233457e-08
5.73126971e-08
5.72720623e-08
5.72427767e-08
5.74421837e-08
5.77839678e-08
5.64289592e-08
5.24813325e-08
5.44743624e-08
6.84942817e-08
6.38242924e-08
4.75328045e-08
4.99961654e-08
5.50464483e-08
5.7141054e-08
5.67843382e-08
5.61989151e-08
5.6202038e-08
5.64517429e-08
5.66060352e-08
5.66145431e-08
5.64933839e-08
5.63609177e-08
5.64167253e-08
5.66352874e-08
5.64373326e-08
5.5398893e-08
5.45632703e-08
5.52502251e-08
5.54538525e-08
5.03720097e-08
4.00415214e-08
3.25232714e-08
4.70460481e-08
5.8939114e-08
6.05105209e-08
5.78049977e-08
5.59143218e-08
5.60409645e-08
5.65792056e-08
5.66606697e-08
5.65861024e-08
5.65848595e-08
5.66312515e-08
5.67273675e-08
5.69156528e-08
5.73004085e-08
5.78080902e-08
5.71015517e-08
5.32568639e-08
5.00133222e-08
5.83612988e-08
6.69581824e-08
5.35680682e-08
4.92073323e-08
5.44544725e-08
5.64128338e-08
5.58025609e-08
5.52268363e-08
5.54871742e-08
5.5925502e-08
5.6106324e-08
5.60767955e-08
5.59713998e-08
5.58464169e-08
5.59411316e-08
5.63539445e-08
5.65787366e-08
5.58746411e-08
5.45968905e-08
5.4263803e-08
5.45335362e-08
5.08606794e-08
3.88735737e-08
2.93382351e-08
4.26699375e-08
5.55252051e-08
5.92615191e-08
5.73956291e-08
5.53555726e-08
5.52302165e-08
5.58041288e-08
5.59728891e-08
5.58929623e-08
5.58477225e-08
5.58414087e-08
5.58441802e-08
5.58751357e-08
5.59951827e-08
5.62499076e-08
5.60931318e-08
5.38857261e-08
4.94791741e-08
4.96828007e-08
6.30755548e-08
6.85053573e-08
5.25947579e-08
5.46519549e-08
5.7859281e-08
5.80862648e-08
5.76586639e-08
5.79263978e-08
5.82425739e-08
5.82954516e-08
5.82241605e-08
5.81159564e-08
5.8260802e-08
5.86162923e-08
5.81997451e-08
5.65261593e-08
5.56005907e-08
5.64476255e-08
5.40653601e-08
4.16084233e-08
3.60284974e-08
5.69045563e-08
6.55957895e-08
6.34565019e-08
5.90117392e-08
5.70410892e-08
5.75252435e-08
5.82973129e-08
5.84711321e-08
5.83439419e-08
5.82100019e-08
5.81329126e-08
5.81230905e-08
5.82318579e-08
5.85150371e-08
5.9028166e-08
5.91454547e-08
5.68407769e-08
5.25557499e-08
5.51830092e-08
6.75084694e-08
6.44525666e-08
4.17423613e-08
3.88910252e-08
4.41049902e-08
4.77716888e-08
4.93921408e-08
4.94720298e-08
4.91322009e-08
4.89196667e-08
4.88603184e-08
4.88641303e-08
4.88774596e-08
4.88822075e-08
4.88743402e-08
4.88554998e-08
4.88537568e-08
4.89071389e-08
4.90291412e-08
4.9188371e-08
4.93133399e-08
4.93239556e-08
4.91761418e-08
4.88982413e-08
4.86096965e-08
4.85188308e-08
4.88626293e-08
4.976066e-08
5.10539201e-08
5.22159248e-08
5.23718173e-08
5.05806978e-08
4.6622912e-08
4.20641421e-08
3.79322326e-08
2.04586449e-08
1.62697561e-08
2.83287229e-08
3.62900271e-08
3.97607571e-08
3.97594453e-08
3.73836609e-08
3.35778936e-08
2.98921617e-08
2.76158936e-08
2.68162957e-08
2.66593582e-08
2.64416368e-08
2.60730355e-08
2.5798372e-08
2.57746952e-08
2.59769964e-08
2.63566622e-08
2.69382583e-08
2.77292195e-08
2.8728657e-08
2.99358658e-08
3.13141535e-08
3.26257566e-08
3.32070199e-08
3.22722885e-08
2.96127744e-08
2.50511207e-08
2.77515083e-08
4.56641905e-08
5.67177339e-08
5.28426858e-08
4.68733755e-08
4.55818907e-08
4.63057527e-08
4.66054892e-08
4.64514634e-08
4.64037239e-08
4.75205223e-08
4.72388531e-08
3.88145282e-08
3.10641218e-08
4.24582528e-08
5.41705023e-08
5.7439795e-08
5.62781986e-08
5.49319031e-08
5.53376435e-08
5.63658756e-08
5.67343461e-08
5.654794e-08
5.63644973e-08
5.63302847e-08
5.63104129e-08
5.62507229e-08
5.63058216e-08
5.67821462e-08
5.77947155e-08
5.84520221e-08
5.66802859e-08
5.14421044e-08
4.55848498e-08
4.45787976e-08
5.8173899e-08
6.33784836e-08
5.44095392e-08
5.1260898e-08
5.3646346e-08
5.54319973e-08
5.58809976e-08
5.59373613e-08
5.59639777e-08
5.5985631e-08
5.59950659e-08
5.59747597e-08
5.59150184e-08
5.57828086e-08
5.56900644e-08
5.59666772e-08
5.64707618e-08
5.575511e-08
5.11486298e-08
3.96271458e-08
2.95848319e-08
4.26188377e-08
5.36943031e-08
5.71998661e-08
5.59426248e-08
5.44669554e-08
5.48110556e-08
5.59793703e-08
5.65829288e-08
5.64589639e-08
5.60888818e-08
5.58146003e-08
5.56819188e-08
5.56155222e-08
5.55688387e-08
5.55972406e-08
5.58736109e-08
5.65654926e-08
5.71921203e-08
5.60203674e-08
5.16683352e-08
4.63864996e-08
4.7528597e-08
6.86032559e-08
6.39101002e-08
5.18551349e-08
5.26422567e-08
5.53055064e-08
5.60819397e-08
5.59476017e-08
5.58414652e-08
5.58518563e-08
5.58750943e-08
5.58832963e-08
5.58462909e-08
5.57657596e-08
5.5686166e-08
5.56281782e-08
5.56461856e-08
5.61193834e-08
5.72768232e-08
5.74097504e-08
5.21208425e-08
3.84730111e-08
2.94627832e-08
4.41803309e-08
5.49820682e-08
5.81756033e-08
5.65813899e-08
5.44902083e-08
5.43205476e-08
5.51480204e-08
5.55081213e-08
5.53690273e-08
5.5230995e-08
5.52123308e-08
5.51892879e-08
5.51117037e-08
5.49860135e-08
5.49476677e-08
5.53133232e-08
5.59732053e-08
5.53070304e-08
5.16051133e-08
4.71421396e-08
5.13653245e-08
6.37094176e-08
5.21107008e-08
4.80971192e-08
5.2067834e-08
5.50338646e-08
5.56310733e-08
5.55147194e-08
5.55153934e-08
5.55845403e-08
5.56113276e-08
5.55969905e-08
5.55838983e-08
5.56093712e-08
5.54869884e-08
5.49634206e-08
5.47469595e-08
5.62103759e-08
5.842279e-08
5.72873976e-08
4.8690558e-08
3.2313442e-08
3.44233537e-08
5.00477015e-08
5.63658202e-08
5.69323422e-08
5.64263706e-08
5.60896897e-08
5.5774066e-08
5.55647197e-08
5.55817739e-08
5.56931768e-08
5.57501356e-08
5.5725889e-08
5.56364221e-08
5.56520865e-08
5.60503868e-08
5.6222212e-08
5.41946199e-08
5.05813592e-08
6.16102519e-08
6.57599496e-08
4.71913397e-08
4.5844402e-08
5.13697921e-08
5.53102832e-08
5.63887627e-08
5.61500538e-08
5.58458801e-08
5.57469571e-08
5.57549319e-08
5.57889758e-08
5.58657628e-08
5.59493755e-08
5.58838618e-08
5.53449063e-08
5.42034878e-08
5.36084771e-08
5.54128081e-08
5.8218265e-08
5.53872897e-08
3.92862565e-08
3.0627088e-08
4.52620511e-08
5.36461582e-08
5.66400486e-08
5.68964096e-08
5.66439284e-08
5.65755293e-08
5.64734313e-08
5.63646843e-08
5.636405e-08
5.63357162e-08
5.61796487e-08
5.59813139e-08
5.59647471e-08
5.59301227e-08
5.44967188e-08
5.25113236e-08
5.86430636e-08
6.71045419e-08
4.78177169e-08
4.45740509e-08
5.01919729e-08
5.48210443e-08
5.65792868e-08
5.6259439e-08
5.56117165e-08
5.53386094e-08
5.53358532e-08
5.53962466e-08
5.54485897e-08
5.55811621e-08
5.58191667e-08
5.57907196e-08
5.48792697e-08
5.3323859e-08
5.28837057e-08
5.46993138e-08
5.66649182e-08
5.50295733e-08
4.74196811e-08
3.18342536e-08
3.95183172e-08
5.4616152e-08
5.86834944e-08
5.72292057e-08
5.59701504e-08
5.61187805e-08
5.65397064e-08
5.67036494e-08
5.67674046e-08
5.67843365e-08
5.67612271e-08
5.67973783e-08
5.69954457e-08
5.72144672e-08
5.6454897e-08
5.35910849e-08
5.21714273e-08
6.03373586e-08
6.69080608e-08
5.2834456e-08
4.5977901e-08
5.05950459e-08
5.52210897e-08
5.66187137e-08
5.6126126e-08
5.55660376e-08
5.54135209e-08
5.54475436e-08
5.54689394e-08
5.5431759e-08
5.53964248e-08
5.54966593e-08
5.57881273e-08
5.59288236e-08
5.53781376e-08
5.44959071e-08
5.46615868e-08
5.56044027e-08
5.33932343e-08
4.40652989e-08
3.22214636e-08
3.35444852e-08
4.83975792e-08
5.73158903e-08
5.88278932e-08
5.70047886e-08
5.57091053e-08
5.58362854e-08
5.62953113e-08
5.64549405e-08
5.64678306e-08
5.64882247e-08
5.65457685e-08
5.66795973e-08
5.69105429e-08
5.71557122e-08
5.69781729e-08
5.529331e-08
5.20693327e-08
5.29489366e-08
6.28516236e-08
6.26784629e-08
4.60257807e-08
4.71845349e-08
5.25008314e-08
5.60417199e-08
5.6482854e-08
5.57222803e-08
5.53228497e-08
5.53676927e-08
5.54982334e-08
5.5545126e-08
5.55138171e-08
5.54452497e-08
5.54964256e-08
5.57781144e-08
5.60094131e-08
5.55877731e-08
5.45306462e-08
5.41591775e-08
5.54559748e-08
5.65830306e-08
5.34561061e-08
4.35706129e-08
3.10905958e-08
3.41637095e-08
4.71376796e-08
5.47578123e-08
5.6957514e-08
5.62399616e-08
5.53855246e-08
5.53944093e-08
5.57661972e-08
5.60208765e-08
5.61550659e-08
5.62537783e-08
5.63360918e-08
5.63918427e-08
5.63524972e-08
5.61310674e-08
5.57081999e-08
5.48683107e-08
5.29108787e-08
5.0837075e-08
5.60646175e-08
6.72959753e-08
5.19846792e-08
4.35941724e-08
4.96818184e-08
5.53289136e-08
5.79756044e-08
5.76055601e-08
5.65008937e-08
5.59108562e-08
5.57972216e-08
5.58484444e-08
5.59130504e-08
5.59748082e-08
5.61384983e-08
5.64722838e-08
5.67325246e-08
5.63628384e-08
5.52214575e-08
5.44999078e-08
5.58033e-08
5.84389132e-08
5.89816919e-08
5.36128197e-08
3.92329791e-08
3.12088347e-08
4.47649088e-08
5.39479e-08
5.69199954e-08
5.65131618e-08
5.57264328e-08
5.55390591e-08
5.56169692e-08
5.57189546e-08
5.58285071e-08
5.58860377e-08
5.58839967e-08
5.58733538e-08
5.58341777e-08
5.57386543e-08
5.52712949e-08
5.36040743e-08
5.21231636e-08
5.85748535e-08
6.89515163e-08
5.10943452e-08
4.4201027e-08
5.00172586e-08
5.51110768e-08
5.72040453e-08
5.70305559e-08
5.64290888e-08
5.61420304e-08
5.6090855e-08
5.61026691e-08
5.61230407e-08
5.62336672e-08
5.64967788e-08
5.67389495e-08
5.64534614e-08
5.52959665e-08
5.41064163e-08
5.46566222e-08
5.6810097e-08
5.70507256e-08
5.13315075e-08
3.63838983e-08
3.3872259e-08
4.91766342e-08
5.80197775e-08
5.87664955e-08
5.69028101e-08
5.62043944e-08
5.64609648e-08
5.66170615e-08
5.66252959e-08
5.6660729e-08
5.66742202e-08
5.66664508e-08
5.67270743e-08
5.69228122e-08
5.67719496e-08
5.48438226e-08
5.2029142e-08
5.65753803e-08
6.78728925e-08
6.06255064e-08
4.65114555e-08
4.92098003e-08
5.38739074e-08
5.63790701e-08
5.66443811e-08
5.61423858e-08
5.58054669e-08
5.57337334e-08
5.57541614e-08
5.57493942e-08
5.57311794e-08
5.57906788e-08
5.60093931e-08
5.61261452e-08
5.55429571e-08
5.43553266e-08
5.39887588e-08
5.48978719e-08
5.37660856e-08
4.63759555e-08
3.55003078e-08
3.18216464e-08
4.77549609e-08
5.87219616e-08
6.03635379e-08
5.75638789e-08
5.53753295e-08
5.53851245e-08
5.60482468e-08
5.62318087e-08
5.61342608e-08
5.60841407e-08
5.61421421e-08
5.63075401e-08
5.6623637e-08
5.70563257e-08
5.70930175e-08
5.53741033e-08
5.16695398e-08
5.16143466e-08
6.07708406e-08
6.38061704e-08
5.03266993e-08
4.89311733e-08
5.39402223e-08
5.5843008e-08
5.54171121e-08
5.482006e-08
5.48252113e-08
5.508636e-08
5.52644045e-08
5.53039664e-08
5.52541898e-08
5.52838045e-08
5.55780291e-08
5.59666216e-08
5.57937221e-08
5.46798163e-08
5.35474596e-08
5.3625532e-08
5.33838985e-08
4.79452445e-08
3.50089864e-08
2.801276e-08
4.18971137e-08
5.46093446e-08
5.88654165e-08
5.71766939e-08
5.48368139e-08
5.44807203e-08
5.51474208e-08
5.5474703e-08
5.54363005e-08
5.53708135e-08
5.53644788e-08
5.54141512e-08
5.55149883e-08
5.56576621e-08
5.56158635e-08
5.46013828e-08
5.17261049e-08
4.89214242e-08
5.31725695e-08
6.4871577e-08
6.45742503e-08
5.11569632e-08
5.45457839e-08
5.74014093e-08
5.75317782e-08
5.70669139e-08
5.71163009e-08
5.73050713e-08
5.73783185e-08
5.73390324e-08
5.73373191e-08
5.76522904e-08
5.79690219e-08
5.72406528e-08
5.5582127e-08
5.51980442e-08
5.58310216e-08
5.15998361e-08
3.77428608e-08
3.63055911e-08
5.72162836e-08
6.52403941e-08
6.32638098e-08
5.87539637e-08
5.64422368e-08
5.66938198e-08
5.75376614e-08
5.79086973e-08
5.79092645e-08
5.7801904e-08
5.77233494e-08
5.7721951e-08
5.78547164e-08
5.81557591e-08
5.84341496e-08
5.77900611e-08
5.50663536e-08
5.27480046e-08
5.82617128e-08
6.73427257e-08
5.93604677e-08
3.9919541e-08
3.93633167e-08
4.40440984e-08
4.7286071e-08
4.8791922e-08
4.89807283e-08
4.87173751e-08
4.84858662e-08
4.83782711e-08
4.83484677e-08
4.83477031e-08
4.83521155e-08
4.83551528e-08
4.83695277e-08
4.84222685e-08
4.85231676e-08
4.86444224e-08
4.87216963e-08
4.86839986e-08
4.8499438e-08
4.8210684e-08
4.79405558e-08
4.78712415e-08
4.81937789e-08
4.90004792e-08
5.01572813e-08
5.12408089e-08
5.15294177e-08
5.01003006e-08
4.63732518e-08
4.10880292e-08
3.67053673e-08
3.38819817e-08
1.83059941e-08
1.13128991e-08
2.23152929e-08
3.14683389e-08
3.68255355e-08
3.88942366e-08
3.8461019e-08
3.57918845e-08
3.19838277e-08
2.87108624e-08
2.6948745e-08
2.64289681e-08
2.63047523e-08
2.6059513e-08
2.57143538e-08
2.54940508e-08
2.55223092e-08
2.57967955e-08
2.62886796e-08
2.70121615e-08
2.79717345e-08
2.91492283e-08
3.04500281e-08
3.1591798e-08
3.20297448e-08
3.11798861e-08
2.88406391e-08
2.4972558e-08
2.5708301e-08
4.09236329e-08
5.42305653e-08
5.35737878e-08
4.76258032e-08
4.51169994e-08
4.5368691e-08
4.5758538e-08
4.57250364e-08
4.55658479e-08
4.6603657e-08
4.78762518e-08
4.15949959e-08
2.9206648e-08
3.54299702e-08
4.92638348e-08
5.57853363e-08
5.63663883e-08
5.4701913e-08
5.4184431e-08
5.5125716e-08
5.60670484e-08
5.62853464e-08
5.60985055e-08
5.59365378e-08
5.59275354e-08
5.60633799e-08
5.63996162e-08
5.69962928e-08
5.75816316e-08
5.7238215e-08
5.46878794e-08
4.97568834e-08
4.47476841e-08
4.32115894e-08
5.45327931e-08
6.23287628e-08
5.62714733e-08
5.1436827e-08
5.22600911e-08
5.41211344e-08
5.50401555e-08
5.52942615e-08
5.53340377e-08
5.53312967e-08
5.53219115e-08
5.53088405e-08
5.52230727e-08
5.50469862e-08
5.50674244e-08
5.55527128e-08
5.58694548e-08
5.42734609e-08
4.86644901e-08
3.75593692e-08
2.73079656e-08
3.79242859e-08
4.98968627e-08
5.58465402e-08
5.60285648e-08
5.42658617e-08
5.36983138e-08
5.46153444e-08
5.56741089e-08
5.60727378e-08
5.5931989e-08
5.56365803e-08
5.54196501e-08
5.53452258e-08
5.53932849e-08
5.56017837e-08
5.60075883e-08
5.64402125e-08
5.62141358e-08
5.41827045e-08
4.99600075e-08
4.57240853e-08
4.67754031e-08
6.64822918e-08
6.40456322e-08
5.27333617e-08
5.18502635e-08
5.40612253e-08
5.52263952e-08
5.53941742e-08
5.52849056e-08
5.51994439e-08
5.51612058e-08
5.51352106e-08
5.51033512e-08
5.50678038e-08
5.50367352e-08
5.50107366e-08
5.51562282e-08
5.58848253e-08
5.69758019e-08
5.61331084e-08
4.93951821e-08
3.57263061e-08
2.7199586e-08
4.02561682e-08
5.16747999e-08
5.7047075e-08
5.68713631e-08
5.4616147e-08
5.36494177e-08
5.42375385e-08
5.48496403e-08
5.48650445e-08
5.46566953e-08
5.45295975e-08
5.44702766e-08
5.44116938e-08
5.43994853e-08
5.45615239e-08
5.49944605e-08
5.53247108e-08
5.42906405e-08
5.08245432e-08
4.67466353e-08
4.90463498e-08
6.19936703e-08
5.38467714e-08
4.81250121e-08
5.04970506e-08
5.35794979e-08
5.4861863e-08
5.50671616e-08
5.50301886e-08
5.5008753e-08
5.50029114e-08
5.50011141e-08
5.5027073e-08
5.5024586e-08
5.47274033e-08
5.41544851e-08
5.44244008e-08
5.64384426e-08
5.81681623e-08
5.54397231e-08
4.56931427e-08
3.02915597e-08
3.16815083e-08
4.70908442e-08
5.48173323e-08
5.63409345e-08
5.60209062e-08
5.56983896e-08
5.54203079e-08
5.51352645e-08
5.49790746e-08
5.49636842e-08
5.49972648e-08
5.50335235e-08
5.51173897e-08
5.53492007e-08
5.56879013e-08
5.54463371e-08
5.33354539e-08
5.0311136e-08
5.9506265e-08
6.53935741e-08
4.97139344e-08
4.51482263e-08
4.90434781e-08
5.31550325e-08
5.51933896e-08
5.56968986e-08
5.56220279e-08
5.54742659e-08
5.53829608e-08
5.53500486e-08
5.53385753e-08
5.52172883e-08
5.47907064e-08
5.38950905e-08
5.28624279e-08
5.30851621e-08
5.55461422e-08
5.77033456e-08
5.33893677e-08
3.72202824e-08
2.83745722e-08
4.19012196e-08
5.1221506e-08
5.55645152e-08
5.63531812e-08
5.59966054e-08
5.58929778e-08
5.59110077e-08
5.57657056e-08
5.5602383e-08
5.5510793e-08
5.54207682e-08
5.53646756e-08
5.53564694e-08
5.49782154e-08
5.3458363e-08
5.24512016e-08
5.87191881e-08
6.54409068e-08
4.69795533e-08
4.39335984e-08
4.86047428e-08
5.3050254e-08
5.53672196e-08
5.58116117e-08
5.54892943e-08
5.51429364e-08
5.49761346e-08
5.49433845e-08
5.5035021e-08
5.52225105e-08
5.52595935e-08
5.4649274e-08
5.32360804e-08
5.21030518e-08
5.29028008e-08
5.52187832e-08
5.58606234e-08
5.19450897e-08
4.32022538e-08
2.91357525e-08
3.80350778e-08
5.30160038e-08
5.80823494e-08
5.70638562e-08
5.54146334e-08
5.52090648e-08
5.56870143e-08
5.59903533e-08
5.60953509e-08
5.61586932e-08
5.62360443e-08
5.63401628e-08
5.64203006e-08
5.60957744e-08
5.4646553e-08
5.2431761e-08
5.37971183e-08
6.20228274e-08
6.40660805e-08
5.00591527e-08
4.54405597e-08
4.92789071e-08
5.35722014e-08
5.57036616e-08
5.60116887e-08
5.56554231e-08
5.53030255e-08
5.50993009e-08
5.49979907e-08
5.49719644e-08
5.50692566e-08
5.53009803e-08
5.5480376e-08
5.51561206e-08
5.42166929e-08
5.364601e-08
5.4352303e-08
5.45354705e-08
4.98454706e-08
3.86719646e-08
2.8553237e-08
3.24514426e-08
4.61769443e-08
5.571702e-08
5.84711796e-08
5.70663329e-08
5.53613991e-08
5.50954576e-08
5.55811758e-08
5.58992495e-08
5.59739909e-08
5.60165653e-08
5.61208886e-08
5.6293516e-08
5.64831743e-08
5.64581827e-08
5.56631649e-08
5.35703422e-08
5.1651851e-08
5.51174905e-08
6.30915282e-08
5.88328433e-08
4.41780796e-08
4.66739543e-08
5.14889617e-08
5.49790372e-08
5.59849173e-08
5.56174082e-08
5.51112785e-08
5.48673001e-08
5.48101868e-08
5.48164391e-08
5.48275151e-08
5.49299437e-08
5.51942888e-08
5.54732724e-08
5.52999408e-08
5.43862362e-08
5.34852316e-08
5.39685152e-08
5.55445683e-08
5.52150196e-08
4.94877168e-08
3.82836788e-08
2.79000725e-08
3.24654278e-08
4.41872029e-08
5.26598348e-08
5.6220326e-08
5.61156833e-08
5.5040425e-08
5.46857528e-08
5.49849977e-08
5.53238544e-08
5.55068535e-08
5.56144739e-08
5.56924484e-08
5.57229282e-08
5.56569507e-08
5.54265482e-08
5.49076401e-08
5.37955872e-08
5.18578858e-08
5.09610665e-08
5.70861484e-08
6.55458274e-08
5.02553034e-08
4.29746293e-08
4.85478443e-08
5.38254093e-08
5.67997402e-08
5.72543998e-08
5.65871397e-08
5.59169977e-08
5.55660552e-08
5.54649635e-08
5.54933504e-08
5.56402483e-08
5.59236156e-08
5.6188307e-08
5.60184193e-08
5.50801547e-08
5.39332948e-08
5.41303493e-08
5.62994425e-08
5.83483562e-08
5.67835312e-08
4.93273521e-08
3.52371562e-08
2.94425909e-08
4.22016721e-08
5.19575603e-08
5.61370409e-08
5.62534814e-08
5.52968733e-08
5.48892399e-08
5.49446469e-08
5.5043835e-08
5.5114993e-08
5.5178092e-08
5.52069802e-08
5.52035735e-08
5.51605092e-08
5.49594893e-08
5.42273899e-08
5.26425972e-08
5.2174478e-08
5.88975987e-08
6.7184858e-08
4.99996139e-08
4.36647251e-08
4.84301923e-08
5.32634379e-08
5.5956217e-08
5.66371802e-08
5.6420093e-08
5.60868148e-08
5.58842463e-08
5.58104214e-08
5.58546507e-08
5.60273355e-08
5.61948403e-08
5.60027523e-08
5.50808026e-08
5.37131647e-08
5.32651361e-08
5.47722604e-08
5.65807287e-08
5.48855032e-08
4.73489688e-08
3.3072174e-08
3.19056264e-08
4.68388009e-08
5.6852738e-08
5.86175347e-08
5.66484172e-08
5.5426773e-08
5.55778516e-08
5.59017626e-08
5.5976224e-08
5.59993058e-08
5.60509372e-08
5.61175151e-08
5.61997726e-08
5.61310226e-08
5.53178373e-08
5.32557486e-08
5.23717052e-08
5.87449815e-08
6.67013344e-08
5.7629728e-08
4.56245508e-08
4.80268089e-08
5.2062018e-08
5.49436161e-08
5.60946853e-08
5.61558562e-08
5.58664746e-08
5.55991446e-08
5.54361439e-08
5.53612572e-08
5.54030741e-08
5.55584918e-08
5.56781107e-08
5.53245614e-08
5.42369107e-08
5.32479469e-08
5.3604816e-08
5.41746043e-08
5.07343834e-08
4.10529488e-08
3.09817695e-08
3.10470211e-08
4.65807401e-08
5.76385078e-08
6.0379027e-08
5.79388885e-08
5.51698767e-08
5.46218806e-08
5.53286245e-08
5.58025048e-08
5.58653009e-08
5.58602602e-08
5.59636211e-08
5.61842e-08
5.64612433e-08
5.65147668e-08
5.56609475e-08
5.32820365e-08
5.10243992e-08
5.41240902e-08
6.19135921e-08
6.00853552e-08
4.76972651e-08
4.84371609e-08
5.2984969e-08
5.51259388e-08
5.52009163e-08
5.47108856e-08
5.44473253e-08
5.44388977e-08
5.45180241e-08
5.45867717e-08
5.47068142e-08
5.49867762e-08
5.53429534e-08
5.53388119e-08
5.45011338e-08
5.31616824e-08
5.25707376e-08
5.29534574e-08
5.14678969e-08
4.38457726e-08
3.07983812e-08
2.63673163e-08
3.9504295e-08
5.24621154e-08
5.8257904e-08
5.7452059e-08
5.47400041e-08
5.36725003e-08
5.42094207e-08
5.4813433e-08
5.4992372e-08
5.50059993e-08
5.50327989e-08
5.50935038e-08
5.51247873e-08
5.4966791e-08
5.42295821e-08
5.24196293e-08
4.99852567e-08
5.0198684e-08
5.70579328e-08
6.49805758e-08
6.05402103e-08
5.01783622e-08
5.42237507e-08
5.67996092e-08
5.70897209e-08
5.66512615e-08
5.64329221e-08
5.6423568e-08
5.6465636e-08
5.65183567e-08
5.67687929e-08
5.72220226e-08
5.72272918e-08
5.60406004e-08
5.46576815e-08
5.49049328e-08
5.47284291e-08
4.81505764e-08
3.36662781e-08
3.59026498e-08
5.60077953e-08
6.44994397e-08
6.36721118e-08
5.93364784e-08
5.62829326e-08
5.58104335e-08
5.65238292e-08
5.7137332e-08
5.74020944e-08
5.74555339e-08
5.74500923e-08
5.74871151e-08
5.75916488e-08
5.76733864e-08
5.73523217e-08
5.59608839e-08
5.37050164e-08
5.41445299e-08
6.1031938e-08
6.5753233e-08
5.44211568e-08
3.87362894e-08
3.96400521e-08
4.35681925e-08
4.64386658e-08
4.79903551e-08
4.84635113e-08
4.8403189e-08
4.82139732e-08
4.80639047e-08
4.79808359e-08
4.79471077e-08
4.79430021e-08
4.7959223e-08
4.80102203e-08
4.80865212e-08
4.81506607e-08
4.8142159e-08
4.8006755e-08
4.77402403e-08
4.7417398e-08
4.71822387e-08
4.72031925e-08
4.76165814e-08
4.84481497e-08
4.95167244e-08
5.04079608e-08
5.05080205e-08
4.90171477e-08
4.52101076e-08
3.9368234e-08
3.35277944e-08
3.05146097e-08
2.93492521e-08
1.53261584e-08
6.48271921e-09
1.50336125e-08
2.43990054e-08
3.13869522e-08
3.56349926e-08
3.78282491e-08
3.75997332e-08
3.50103101e-08
3.13548096e-08
2.82932902e-08
2.66809041e-08
2.62271842e-08
2.61747604e-08
2.60613457e-08
2.5869534e-08
2.57759446e-08
2.59159289e-08
2.6319163e-08
2.69579908e-08
2.78193837e-08
2.88354036e-08
2.98498207e-08
3.05752473e-08
3.06136477e-08
2.96078202e-08
2.74602543e-08
2.44937823e-08
2.4478417e-08
3.72300316e-08
5.1409143e-08
5.35532304e-08
4.84891662e-08
4.506556e-08
4.45388495e-08
4.48070578e-08
4.48536996e-08
4.47116374e-08
4.60223111e-08
4.77809611e-08
4.33119104e-08
2.95360626e-08
2.83689532e-08
4.2087306e-08
5.19072964e-08
5.57086629e-08
5.50046569e-08
5.34909059e-08
5.34733578e-08
5.45918933e-08
5.55862905e-08
5.59818212e-08
5.60425116e-08
5.61060073e-08
5.62945439e-08
5.65593686e-08
5.67470468e-08
5.64429112e-08
5.49901511e-08
5.18795696e-08
4.75060363e-08
4.35223128e-08
4.2141744e-08
5.11693991e-08
6.04916474e-08
5.76432488e-08
5.2335129e-08
5.13213697e-08
5.25800899e-08
5.37758622e-08
5.43913802e-08
5.46224379e-08
5.46810179e-08
5.46827768e-08
5.46102091e-08
5.43969138e-08
5.42705544e-08
5.46406845e-08
5.52661901e-08
5.48257429e-08
5.1617684e-08
4.45609271e-08
3.40248011e-08
2.47935121e-08
3.23012839e-08
4.40106941e-08
5.27181634e-08
5.56361805e-08
5.46192689e-08
5.30832941e-08
5.29774652e-08
5.39840363e-08
5.50064678e-08
5.552479e-08
5.56303002e-08
5.5585053e-08
5.55668271e-08
5.56361037e-08
5.57577584e-08
5.58120528e-08
5.54848247e-08
5.42479101e-08
5.16294597e-08
4.79142081e-08
4.48830487e-08
4.62776941e-08
6.46183363e-08
6.3948974e-08
5.38269771e-08
5.13440823e-08
5.26823054e-08
5.40193907e-08
5.46030651e-08
5.47198424e-08
5.46731556e-08
5.45987892e-08
5.45379455e-08
5.45002907e-08
5.44714831e-08
5.4434869e-08
5.44774964e-08
5.48929976e-08
5.58420448e-08
5.63259441e-08
5.36209891e-08
4.49250831e-08
3.17529967e-08
2.45149359e-08
3.49771242e-08
4.62707313e-08
5.4281569e-08
5.67799732e-08
5.52873574e-08
5.34341375e-08
5.32285503e-08
5.39370089e-08
5.43510811e-08
5.43034452e-08
5.41407064e-08
5.40565552e-08
5.40620618e-08
5.41716037e-08
5.44114666e-08
5.46597587e-08
5.44427317e-08
5.2935771e-08
4.97261358e-08
4.62861991e-08
4.70334878e-08
6.00470799e-08
5.53052425e-08
4.87844006e-08
4.91310654e-08
5.17325894e-08
5.35449759e-08
5.43082626e-08
5.45213385e-08
5.45469574e-08
5.45282268e-08
5.45112675e-08
5.44780163e-08
5.42684217e-08
5.37409075e-08
5.3473184e-08
5.46737763e-08
5.69765096e-08
5.72013968e-08
5.19239549e-08
4.09411341e-08
2.74419681e-08
2.83302857e-08
4.2736919e-08
5.2110675e-08
5.52655975e-08
5.55082769e-08
5.52733554e-08
5.51195659e-08
5.49412434e-08
5.47527215e-08
5.46432732e-08
5.46472003e-08
5.47566276e-08
5.49339991e-08
5.51425847e-08
5.51427181e-08
5.43590446e-08
5.22247296e-08
5.01270553e-08
5.74012122e-08
6.46796238e-08
5.27754964e-08
4.55018329e-08
4.67055949e-08
5.01313679e-08
5.27365446e-08
5.40938669e-08
5.46205599e-08
5.47453503e-08
5.47064401e-08
5.45738753e-08
5.42763371e-08
5.37403993e-08
5.29330917e-08
5.20463205e-08
5.18340248e-08
5.3351177e-08
5.61068592e-08
5.65825723e-08
4.98922051e-08
3.38811964e-08
2.56926266e-08
3.74376703e-08
4.74660876e-08
5.3721311e-08
5.5773154e-08
5.55017532e-08
5.51137655e-08
5.51980169e-08
5.52618825e-08
5.51224905e-08
5.49779488e-08
5.49017784e-08
5.48220466e-08
5.45853726e-08
5.38238619e-08
5.24491067e-08
5.2479992e-08
5.85794947e-08
6.41107492e-08
4.65323313e-08
4.32899501e-08
4.66689758e-08
5.06528455e-08
5.33814096e-08
5.46619166e-08
5.50108306e-08
5.4977844e-08
5.48768259e-08
5.48140908e-08
5.47900845e-08
5.46130251e-08
5.39374312e-08
5.26251585e-08
5.13935056e-08
5.1672831e-08
5.37741653e-08
5.54251278e-08
5.33931602e-08
4.68302318e-08
3.78344752e-08
2.61180024e-08
3.51222495e-08
4.99635608e-08
5.69508894e-08
5.72331738e-08
5.53576883e-08
5.43839574e-08
5.45912324e-08
5.50643915e-08
5.53516542e-08
5.54948071e-08
5.55561685e-08
5.55187236e-08
5.52117123e-08
5.43456438e-08
5.29062861e-08
5.2373401e-08
5.60679791e-08
6.27344941e-08
6.07678237e-08
4.75377957e-08
4.48400469e-08
4.75196368e-08
5.11831246e-08
5.38333081e-08
5.51076838e-08
5.54567208e-08
5.53995055e-08
5.52462425e-08
5.51210855e-08
5.50781476e-08
5.51109664e-08
5.50823903e-08
5.46785446e-08
5.37320593e-08
5.28494676e-08
5.30815012e-08
5.38746938e-08
5.20064303e-08
4.41125757e-08
3.21506459e-08
2.52651322e-08
2.98285662e-08
4.16857601e-08
5.24259065e-08
5.75180082e-08
5.74653016e-08
5.55359182e-08
5.44619854e-08
5.46311822e-08
5.51353754e-08
5.54419151e-08
5.55909072e-08
5.57022057e-08
5.57755886e-08
5.56827984e-08
5.51498654e-08
5.38659305e-08
5.21492477e-08
5.22484655e-08
5.72165237e-08
6.22718254e-08
5.51036858e-08
4.26778393e-08
4.5821481e-08
4.99486393e-08
5.33359155e-08
5.50315546e-08
5.5400141e-08
5.52035571e-08
5.49359728e-08
5.47684917e-08
5.47121077e-08
5.47584244e-08
5.4918476e-08
5.50497496e-08
5.48061219e-08
5.39266256e-08
5.28780481e-08
5.28769572e-08
5.4279378e-08
5.50619417e-08
5.18992091e-08
4.31796202e-08
3.18354904e-08
2.48460731e-08
2.93737911e-08
3.92119267e-08
4.87144202e-08
5.44644595e-08
5.59205505e-08
5.50522928e-08
5.41582708e-08
5.40847999e-08
5.44312894e-08
5.47285501e-08
5.48847001e-08
5.49577953e-08
5.49588695e-08
5.48382299e-08
5.45012719e-08
5.37794716e-08
5.24857746e-08
5.09324426e-08
5.13673215e-08
5.78306716e-08
6.38926198e-08
4.90311459e-08
4.23906015e-08
4.69006505e-08
5.1676206e-08
5.49395822e-08
5.63351501e-08
5.64954308e-08
5.61930105e-08
5.58793707e-08
5.57032664e-08
5.56612465e-08
5.57374556e-08
5.57767595e-08
5.54673509e-08
5.45431112e-08
5.33370614e-08
5.30610673e-08
5.46795849e-08
5.70438882e-08
5.71149021e-08
5.24439504e-08
4.30899394e-08
3.05663332e-08
2.70446749e-08
3.80322401e-08
4.83936367e-08
5.45106018e-08
5.5980966e-08
5.51671419e-08
5.4362148e-08
5.42235484e-08
5.43527331e-08
5.44335166e-08
5.44714961e-08
5.45043521e-08
5.44903693e-08
5.43628356e-08
5.3951955e-08
5.30158909e-08
5.17688662e-08
5.23769627e-08
5.9038943e-08
6.56313205e-08
4.93175907e-08
4.32159798e-08
4.64749612e-08
5.071839e-08
5.37907707e-08
5.53649051e-08
5.59043708e-08
5.59622173e-08
5.58836322e-08
5.5810245e-08
5.57796287e-08
5.5687048e-08
5.52853317e-08
5.43296836e-08
5.30029695e-08
5.22695899e-08
5.32159283e-08
5.52419823e-08
5.54434037e-08
5.08611603e-08
4.17743719e-08
2.93210396e-08
2.89588767e-08
4.27822476e-08
5.44695963e-08
5.83787876e-08
5.69629527e-08
5.49975896e-08
5.45618493e-08
5.49308165e-08
5.52108756e-08
5.53234032e-08
5.538314e-08
5.53907206e-08
5.52489683e-08
5.4715715e-08
5.35241849e-08
5.22291525e-08
5.37152692e-08
6.06452559e-08
6.49804231e-08
5.48840447e-08
4.49405587e-08
4.64052288e-08
4.95695352e-08
5.24603169e-08
5.43521912e-08
5.5271042e-08
5.55619106e-08
5.5559386e-08
5.54691491e-08
5.53896781e-08
5.53397545e-08
5.52293853e-08
5.47734228e-08
5.37274111e-08
5.25558743e-08
5.24178406e-08
5.32606097e-08
5.21821706e-08
4.54464484e-08
3.43063905e-08
2.67686475e-08
2.92129125e-08
4.29650386e-08
5.48724036e-08
6.00179372e-08
5.89908743e-08
5.57691343e-08
5.40426597e-08
5.42718705e-08
5.50086897e-08
5.54431274e-08
5.56368618e-08
5.57556917e-08
5.58285278e-08
5.57008237e-08
5.50432694e-08
5.35290162e-08
5.16372419e-08
5.18501936e-08
5.6782186e-08
6.15754514e-08
5.61010461e-08
4.55175943e-08
4.75818675e-08
5.14510131e-08
5.39084888e-08
5.47449749e-08
5.47391074e-08
5.45422841e-08
5.44198934e-08
5.44100098e-08
5.44791101e-08
5.4664469e-08
5.48411505e-08
5.46860555e-08
5.3858166e-08
5.25243779e-08
5.16274642e-08
5.18458085e-08
5.17777478e-08
4.79285414e-08
3.80609504e-08
2.62849709e-08
2.41426914e-08
3.50341041e-08
4.82918392e-08
5.66497113e-08
5.79927046e-08
5.54574872e-08
5.32454571e-08
5.29899116e-08
5.36476727e-08
5.41461529e-08
5.43494269e-08
5.43942692e-08
5.42955937e-08
5.39960371e-08
5.32993105e-08
5.20275554e-08
5.04255658e-08
4.99677878e-08
5.32453011e-08
6.00821979e-08
6.33316736e-08
5.66645049e-08
4.9558549e-08
5.34046667e-08
5.59451578e-08
5.66683976e-08
5.65040648e-08
5.62195067e-08
5.60746301e-08
5.60786696e-08
5.62487006e-08
5.65970261e-08
5.6766677e-08
5.60672724e-08
5.45902676e-08
5.39495176e-08
5.45177956e-08
5.24694003e-08
4.32226346e-08
2.93532017e-08
3.41690816e-08
5.26185366e-08
6.26453285e-08
6.42771829e-08
6.09402356e-08
5.71489544e-08
5.53764863e-08
5.53655579e-08
5.59287961e-08
5.64188064e-08
5.67076939e-08
5.68255519e-08
5.68482697e-08
5.67609267e-08
5.64109211e-08
5.55460361e-08
5.4166924e-08
5.35465497e-08
5.65484182e-08
6.28004629e-08
6.29171799e-08
4.99922984e-08
3.81022721e-08
3.97544323e-08
4.27054047e-08
4.51623376e-08
4.67788632e-08
4.76058665e-08
4.78995032e-08
4.79253096e-08
4.78591572e-08
4.77857369e-08
4.77334911e-08
4.77048948e-08
4.76978832e-08
4.76866835e-08
4.76297168e-08
4.74786394e-08
4.72089622e-08
4.6859212e-08
4.65450752e-08
4.64264024e-08
4.66383294e-08
4.72299331e-08
4.81241261e-08
4.90648703e-08
4.9609923e-08
4.92221869e-08
4.72770707e-08
4.31029519e-08
3.66486849e-08
2.96293522e-08
2.50471123e-08
2.46500931e-08
2.47181317e-08
1.1441743e-08
2.79408315e-09
7.89424928e-09
1.55855231e-08
2.31475277e-08
2.89041941e-08
3.35354121e-08
3.66192734e-08
3.71212478e-08
3.50449361e-08
3.16454685e-08
2.85597808e-08
2.67610197e-08
2.61790719e-08
2.6220003e-08
2.63911949e-08
2.6533784e-08
2.6702144e-08
2.69931053e-08
2.74480617e-08
2.8013001e-08
2.85942955e-08
2.90336248e-08
2.91170863e-08
2.86213938e-08
2.74121229e-08
2.55844903e-08
2.37159545e-08
2.37494169e-08
3.48275451e-08
4.8825738e-08
5.29385664e-08
4.92815186e-08
4.55131173e-08
4.40981608e-08
4.39440749e-08
4.39104249e-08
4.4047858e-08
4.59763127e-08
4.7721038e-08
4.28555863e-08
3.02533762e-08
2.26833812e-08
3.29803103e-08
4.45092437e-08
5.24300351e-08
5.49210425e-08
5.38178082e-08
5.23571735e-08
5.23028459e-08
5.33404846e-08
5.44630253e-08
5.51468821e-08
5.54322191e-08
5.54969232e-08
5.53725984e-08
5.48549022e-08
5.36569372e-08
5.15037864e-08
4.84015323e-08
4.48892033e-08
4.20047665e-08
4.12580249e-08
4.81952446e-08
5.81307067e-08
5.82444722e-08
5.36514803e-08
5.11761946e-08
5.12317618e-08
5.21383932e-08
5.29458448e-08
5.34412578e-08
5.36910588e-08
5.3730148e-08
5.35338909e-08
5.3381806e-08
5.37825101e-08
5.46054929e-08
5.46269627e-08
5.22580477e-08
4.65999813e-08
3.80187042e-08
2.86288937e-08
2.19788528e-08
2.60295773e-08
3.54687051e-08
4.62181278e-08
5.30608778e-08
5.47961302e-08
5.35253989e-08
5.20491611e-08
5.18085352e-08
5.2579447e-08
5.35684381e-08
5.42857736e-08
5.4654024e-08
5.47623491e-08
5.47051177e-08
5.44732828e-08
5.39222495e-08
5.28409217e-08
5.10218309e-08
4.84672144e-08
4.56722158e-08
4.39105036e-08
4.61112598e-08
6.31951787e-08
6.36290674e-08
5.50703233e-08
5.13509559e-08
5.14303222e-08
5.24487566e-08
5.32595082e-08
5.36999631e-08
5.38867362e-08
5.39409278e-08
5.39319125e-08
5.38819495e-08
5.38129957e-08
5.38279154e-08
5.41493222e-08
5.48986173e-08
5.55208219e-08
5.42184778e-08
4.85513081e-08
3.78360793e-08
2.62804467e-08
2.15137831e-08
2.8398356e-08
3.79826322e-08
4.82223697e-08
5.46793855e-08
5.58898135e-08
5.41276876e-08
5.26451949e-08
5.26512475e-08
5.33304701e-08
5.37869418e-08
5.39014389e-08
5.39061693e-08
5.39449354e-08
5.40061532e-08
5.4022546e-08
5.37915468e-08
5.29509134e-08
5.11204005e-08
4.83369373e-08
4.56417134e-08
4.54394655e-08
5.8032482e-08
5.6317967e-08
5.00322085e-08
4.83667806e-08
4.97588039e-08
5.15237045e-08
5.27208418e-08
5.33529497e-08
5.36328809e-08
5.37228774e-08
5.3685931e-08
5.34665696e-08
5.30137139e-08
5.2713813e-08
5.35356923e-08
5.56772392e-08
5.697713e-08
5.40346489e-08
4.54832849e-08
3.39625479e-08
2.37888151e-08
2.4211264e-08
3.63102213e-08
4.71688386e-08
5.28200743e-08
5.44413923e-08
5.45530806e-08
5.45108515e-08
5.45436695e-08
5.45740983e-08
5.45802356e-08
5.45930404e-08
5.46258511e-08
5.46394392e-08
5.45090536e-08
5.40037524e-08
5.28331778e-08
5.10239569e-08
5.00529825e-08
5.53094603e-08
6.34769392e-08
5.59258087e-08
4.7597943e-08
4.54719002e-08
4.68974746e-08
4.89892419e-08
5.06096787e-08
5.15865482e-08
5.20564235e-08
5.21894013e-08
5.2029785e-08
5.16195218e-08
5.10754701e-08
5.06428241e-08
5.08102047e-08
5.21800043e-08
5.46532751e-08
5.62632709e-08
5.34727805e-08
4.38245947e-08
2.89123676e-08
2.25376794e-08
3.15061751e-08
4.14621248e-08
4.99725814e-08
5.44844936e-08
5.52432841e-08
5.45193617e-08
5.41808509e-08
5.43735533e-08
5.45112861e-08
5.44234406e-08
5.42454917e-08
5.39569316e-08
5.34003292e-08
5.24646695e-08
5.15560874e-08
5.252931e-08
5.82076295e-08
6.32768776e-08
4.65241364e-08
4.26968119e-08
4.45559836e-08
4.76447014e-08
5.03112422e-08
5.20978133e-08
5.30861186e-08
5.3532184e-08
5.36499795e-08
5.3583641e-08
5.32004824e-08
5.23619449e-08
5.11520351e-08
5.02412376e-08
5.07109724e-08
5.27960084e-08
5.47278709e-08
5.35113412e-08
4.75967269e-08
3.89807719e-08
3.14376252e-08
2.27344721e-08
3.013029e-08
4.4348479e-08
5.40822341e-08
5.71468915e-08
5.60949029e-08
5.4298443e-08
5.35197951e-08
5.36595026e-08
5.39974122e-08
5.41655729e-08
5.4116274e-08
5.38547583e-08
5.33102968e-08
5.25468608e-08
5.21707767e-08
5.37189081e-08
5.83272894e-08
6.22621437e-08
5.7238069e-08
4.52618106e-08
4.39724981e-08
4.5575371e-08
4.82317113e-08
5.07659289e-08
5.26142846e-08
5.37229323e-08
5.42830247e-08
5.4512245e-08
5.45644947e-08
5.44957633e-08
5.42326622e-08
5.36136036e-08
5.26182733e-08
5.1749511e-08
5.18534929e-08
5.27400158e-08
5.20208675e-08
4.64370032e-08
3.55157055e-08
2.49628456e-08
2.24383339e-08
2.54200121e-08
3.43220781e-08
4.60313596e-08
5.44411715e-08
5.739116e-08
5.64340054e-08
5.45760663e-08
5.36985915e-08
5.38367412e-08
5.42645175e-08
5.45390844e-08
5.45942091e-08
5.44421327e-08
5.40075599e-08
5.31816212e-08
5.21054006e-08
5.16777348e-08
5.3755846e-08
5.87441317e-08
6.05940756e-08
5.17798943e-08
4.15240412e-08
4.45268683e-08
4.78818128e-08
5.09119525e-08
5.30287977e-08
5.41702153e-08
5.46296906e-08
5.47411711e-08
5.47255297e-08
5.46800734e-08
5.46312995e-08
5.4447928e-08
5.39000839e-08
5.28921628e-08
5.18885466e-08
5.18758536e-08
5.32159851e-08
5.43110208e-08
5.22303698e-08
4.49960252e-08
3.40240975e-08
2.47093657e-08
2.2048567e-08
2.48312924e-08
3.17530011e-08
4.16951927e-08
5.01623271e-08
5.45658574e-08
5.52065745e-08
5.41902177e-08
5.33795079e-08
5.32898419e-08
5.35650301e-08
5.38147033e-08
5.39095566e-08
5.38479922e-08
5.36136494e-08
5.31126334e-08
5.22510613e-08
5.10872244e-08
5.03173648e-08
5.19976e-08
5.82777439e-08
6.24957401e-08
4.84372668e-08
4.19217702e-08
4.48460214e-08
4.87968499e-08
5.20266334e-08
5.40839205e-08
5.51113232e-08
5.5481282e-08
5.55276571e-08
5.54399089e-08
5.53047501e-08
5.50096141e-08
5.43747646e-08
5.33246453e-08
5.22395629e-08
5.20923303e-08
5.36245e-08
5.59745421e-08
5.65102783e-08
5.27677178e-08
4.46023199e-08
3.4610117e-08
2.54908231e-08
2.38068621e-08
3.1724672e-08
4.21531445e-08
5.0745904e-08
5.48631376e-08
5.52632523e-08
5.42575363e-08
5.35607128e-08
5.34976743e-08
5.36512683e-08
5.37205763e-08
5.36859001e-08
5.35579075e-08
5.32441277e-08
5.26340347e-08
5.17293764e-08
5.11095798e-08
5.26980251e-08
5.89923278e-08
6.44047875e-08
4.90930278e-08
4.29782226e-08
4.43974248e-08
4.7542414e-08
5.0430534e-08
5.24767638e-08
5.36920493e-08
5.43046564e-08
5.45381245e-08
5.45461359e-08
5.43027547e-08
5.36883841e-08
5.2668017e-08
5.15464261e-08
5.11092245e-08
5.21013907e-08
5.40978812e-08
5.48720937e-08
5.16421164e-08
4.37236025e-08
3.43330549e-08
2.52703845e-08
2.47582688e-08
3.61866395e-08
4.95392027e-08
5.69878009e-08
5.77269545e-08
5.55527611e-08
5.39486424e-08
5.36823199e-08
5.39378191e-08
5.41122268e-08
5.41114377e-08
5.39384264e-08
5.35408237e-08
5.28586421e-08
5.21436847e-08
5.25129643e-08
5.5926242e-08
6.18993683e-08
6.27977402e-08
5.25262054e-08
4.45380919e-08
4.45769669e-08
4.65513469e-08
4.89072629e-08
5.09739132e-08
5.24861445e-08
5.34442545e-08
5.39721784e-08
5.42069724e-08
5.42316383e-08
5.40149636e-08
5.34245579e-08
5.23938149e-08
5.1342454e-08
5.11777273e-08
5.20455351e-08
5.18788903e-08
4.72517942e-08
3.70476107e-08
2.65654695e-08
2.3203605e-08
2.55764172e-08
3.61846936e-08
4.89456172e-08
5.76815464e-08
5.99760531e-08
5.76306694e-08
5.46023166e-08
5.3318189e-08
5.35215396e-08
5.40629887e-08
5.43905362e-08
5.44449018e-08
5.42443879e-08
5.37041975e-08
5.27464983e-08
5.16384847e-08
5.14730895e-08
5.39690912e-08
5.87020036e-08
5.98415543e-08
5.21993997e-08
4.36461238e-08
4.61462701e-08
4.92503135e-08
5.17339149e-08
5.32150989e-08
5.39016573e-08
5.41468829e-08
5.42106114e-08
5.4212714e-08
5.42023383e-08
5.40486927e-08
5.3530613e-08
5.25023568e-08
5.12213785e-08
5.04250672e-08
5.06454815e-08
5.09690734e-08
4.87708014e-08
4.14995496e-08
3.02925589e-08
2.17369114e-08
2.12757027e-08
2.82830796e-08
4.09591481e-08
5.23699119e-08
5.7610751e-08
5.70169096e-08
5.41387952e-08
5.22589516e-08
5.20169341e-08
5.24077519e-08
5.26714621e-08
5.26565147e-08
5.23730031e-08
5.18353616e-08
5.10513371e-08
5.02691976e-08
5.02460849e-08
5.22383278e-08
5.67472807e-08
6.11271666e-08
6.0121709e-08
5.30347162e-08
4.91218445e-08
5.19273468e-08
5.44664825e-08
5.57730534e-08
5.61852695e-08
5.62073739e-08
5.61615625e-08
5.61666059e-08
5.62570933e-08
5.62012529e-08
5.55391089e-08
5.41969147e-08
5.32102984e-08
5.35326011e-08
5.3184388e-08
4.7832088e-08
3.62346814e-08
2.47908277e-08
3.05327794e-08
4.60845332e-08
5.80546321e-08
6.36195886e-08
6.30382719e-08
5.95904668e-08
5.64906505e-08
5.49801018e-08
5.46874434e-08
5.48722497e-08
5.51044512e-08
5.52239553e-08
5.51725813e-08
5.49250927e-08
5.44382451e-08
5.38065583e-08
5.35849153e-08
5.50663106e-08
5.91987466e-08
6.3087195e-08
5.93450153e-08
4.65657469e-08
3.81425296e-08
3.94674042e-08
4.15250875e-08
4.34259358e-08
4.49200139e-08
4.5952469e-08
4.65812165e-08
4.69162364e-08
4.7065445e-08
4.71075308e-08
4.70876348e-08
4.70282536e-08
4.69199806e-08
4.6734756e-08
4.64577783e-08
4.61155418e-08
4.58014725e-08
4.56623588e-08
4.58335692e-08
4.63598925e-08
4.71511723e-08
4.80051791e-08
4.8606117e-08
4.85142964e-08
4.7275021e-08
4.45029197e-08
3.97329989e-08
3.27803147e-08
2.50002587e-08
1.94492089e-08
1.83223346e-08
2.05368257e-08
1.95706919e-08
6.58235481e-09
1.01589446e-09
3.23277922e-09
7.0549913e-09
1.31941278e-08
1.89884689e-08
2.46134769e-08
3.02398964e-08
3.47202311e-08
3.66404092e-08
3.57319568e-08
3.29400234e-08
2.9802992e-08
2.7448379e-08
2.624161e-08
2.59291471e-08
2.60562543e-08
2.6290624e-08
2.64853792e-08
2.66542075e-08
2.67882333e-08
2.68093455e-08
2.66282729e-08
2.61548936e-08
2.53393025e-08
2.42314083e-08
2.3067866e-08
2.24732502e-08
2.41941627e-08
3.42348761e-08
4.71210696e-08
5.20264664e-08
4.9924782e-08
4.65460284e-08
4.45321334e-08
4.37727327e-08
4.34970191e-08
4.43865718e-08
4.69212218e-08
4.72437659e-08
4.02803262e-08
2.78699095e-08
1.90897795e-08
2.34783444e-08
3.31555779e-08
4.39369981e-08
5.14343579e-08
5.39013795e-08
5.2928941e-08
5.11928967e-08
5.03714039e-08
5.06641651e-08
5.14023982e-08
5.19169199e-08
5.1929621e-08
5.15276817e-08
5.06049647e-08
4.90823431e-08
4.69733622e-08
4.44852067e-08
4.2051849e-08
4.03203287e-08
4.04630018e-08
4.57875672e-08
5.56869992e-08
5.80572528e-08
5.49854322e-08
5.19448619e-08
5.0697422e-08
5.06947794e-08
5.11440833e-08
5.16134927e-08
5.19310492e-08
5.19686453e-08
5.21210312e-08
5.29385743e-08
5.41162456e-08
5.42354532e-08
5.17681564e-08
4.60741896e-08
3.77338572e-08
2.8517235e-08
2.15394463e-08
1.89168833e-08
2.0048217e-08
2.48140666e-08
3.50119942e-08
4.54918724e-08
5.19969125e-08
5.38798292e-08
5.28503602e-08
5.11540943e-08
5.01398701e-08
5.0043893e-08
5.04467433e-08
5.08675729e-08
5.10310321e-08
5.08448149e-08
5.03689886e-08
4.95287016e-08
4.82885937e-08
4.66854423e-08
4.49220973e-08
4.34839101e-08
4.34578008e-08
4.77396235e-08
6.23448645e-08
6.31045598e-08
5.64411508e-08
5.21779975e-08
5.09099395e-08
5.10565685e-08
5.15771259e-08
5.20602821e-08
5.24090714e-08
5.26225407e-08
5.27138829e-08
5.2769323e-08
5.29446311e-08
5.34029983e-08
5.40967934e-08
5.44603478e-08
5.31841362e-08
4.84264815e-08
3.92188148e-08
2.76888665e-08
1.96461835e-08
1.85378362e-08
2.13211685e-08
2.69693251e-08
3.72662681e-08
4.76900656e-08
5.38728204e-08
5.49878994e-08
5.33830215e-08
5.18568604e-08
5.15552889e-08
5.20543884e-08
5.25951936e-08
5.28555832e-08
5.28784611e-08
5.27795384e-08
5.24561327e-08
5.17793798e-08
5.05930517e-08
4.88279259e-08
4.6660956e-08
4.46731824e-08
4.43368856e-08
5.62882181e-08
5.6875956e-08
5.1763467e-08
4.86853922e-08
4.83536625e-08
4.92271015e-08
5.02435158e-08
5.10195754e-08
5.15043542e-08
5.17739871e-08
5.17592792e-08
5.1584888e-08
5.17033956e-08
5.28070111e-08
5.48862959e-08
5.623017e-08
5.39293346e-08
4.62628288e-08
3.4965228e-08
2.49365021e-08
1.97048429e-08
1.94707732e-08
2.74168726e-08
3.85361206e-08
4.7213059e-08
5.15501835e-08
5.29289548e-08
5.31526817e-08
5.3185809e-08
5.32788069e-08
5.33937287e-08
5.34457384e-08
5.3372534e-08
5.31472665e-08
5.27139453e-08
5.19715024e-08
5.08979747e-08
4.97778112e-08
4.9691484e-08
5.32188319e-08
6.17208208e-08
5.85250317e-08
5.1541385e-08
4.71997695e-08
4.58938922e-08
4.61658095e-08
4.6911831e-08
4.76153847e-08
4.81150871e-08
4.83908977e-08
4.85522738e-08
4.87727168e-08
4.92682203e-08
5.03133826e-08
5.20856316e-08
5.42675463e-08
5.55468672e-08
5.34911621e-08
4.60433087e-08
3.40965922e-08
2.23648454e-08
1.90500905e-08
2.40758714e-08
3.23398845e-08
4.24754491e-08
5.05110656e-08
5.43065261e-08
5.45268704e-08
5.34797375e-08
5.29015703e-08
5.29552073e-08
5.30433791e-08
5.28302056e-08
5.24187373e-08
5.18012107e-08
5.1100831e-08
5.08928536e-08
5.2537212e-08
5.75845661e-08
6.28946254e-08
4.81477126e-08
4.27158569e-08
4.25703253e-08
4.41861311e-08
4.60783488e-08
4.76703075e-08
4.87856965e-08
4.94292954e-08
4.96721763e-08
4.95338523e-08
4.9041514e-08
4.85419044e-08
4.87062657e-08
5.01290696e-08
5.25135817e-08
5.41911692e-08
5.27031611e-08
4.64969272e-08
3.70049947e-08
2.85905781e-08
2.46314475e-08
1.91124904e-08
2.28468177e-08
3.48919968e-08
4.7222642e-08
5.4673883e-08
5.67660445e-08
5.56598014e-08
5.38244016e-08
5.26947042e-08
5.23808706e-08
5.23683093e-08
5.23033333e-08
5.21349896e-08
5.19926996e-08
5.21808443e-08
5.33254282e-08
5.60939348e-08
5.98503194e-08
6.07489087e-08
5.39932143e-08
4.32852058e-08
4.23599026e-08
4.33451106e-08
4.50308757e-08
4.69035089e-08
4.86055461e-08
4.99390773e-08
5.0857789e-08
5.13941368e-08
5.16407756e-08
5.14890724e-08
5.09564563e-08
5.02609649e-08
4.99337786e-08
5.0480903e-08
5.14888509e-08
5.09546264e-08
4.6190141e-08
3.61505483e-08
2.45418703e-08
1.85698249e-08
2.03008709e-08
1.98478236e-08
2.42908033e-08
3.51657713e-08
4.66773835e-08
5.4301695e-08
5.6835788e-08
5.59495839e-08
5.40900137e-08
5.28287479e-08
5.24545012e-08
5.24983327e-08
5.24877645e-08
5.22508997e-08
5.18733565e-08
5.14707613e-08
5.14602246e-08
5.26508142e-08
5.57485294e-08
5.94387286e-08
5.85695246e-08
4.93865934e-08
4.07440722e-08
4.25865358e-08
4.51002994e-08
4.75207031e-08
4.95415879e-08
5.10115157e-08
5.19452507e-08
5.24515876e-08
5.26419379e-08
5.26138798e-08
5.23010788e-08
5.16066227e-08
5.07173844e-08
5.02253632e-08
5.08268172e-08
5.24187721e-08
5.34078917e-08
5.12395201e-08
4.42633733e-08
3.33466216e-08
2.29646865e-08
1.83996795e-08
1.98003618e-08
1.95043324e-08
2.2308225e-08
3.07998352e-08
4.12129345e-08
4.95307745e-08
5.37751434e-08
5.44987318e-08
5.35810609e-08
5.25884254e-08
5.2136685e-08
5.21085012e-08
5.21586291e-08
5.20483478e-08
5.1717416e-08
5.11881008e-08
5.04880754e-08
4.98854404e-08
5.01718364e-08
5.28243441e-08
5.85469452e-08
6.1656268e-08
4.88186227e-08
4.22384475e-08
4.27394994e-08
4.51602504e-08
4.76952158e-08
4.9739694e-08
5.11431183e-08
5.19654715e-08
5.23353784e-08
5.23673314e-08
5.21370359e-08
5.15600639e-08
5.08207241e-08
5.04502099e-08
5.11675282e-08
5.31661226e-08
5.53599479e-08
5.54847055e-08
5.13647129e-08
4.28822999e-08
3.26266777e-08
2.46522484e-08
2.07109488e-08
1.97699651e-08
2.33580056e-08
3.22477295e-08
4.28111899e-08
5.0702168e-08
5.43131159e-08
5.46084131e-08
5.3552506e-08
5.26631506e-08
5.23944359e-08
5.24259891e-08
5.2368508e-08
5.21039955e-08
5.1688892e-08
5.11180952e-08
5.05990736e-08
5.08055094e-08
5.31406588e-08
5.88395263e-08
6.36570731e-08
4.98780577e-08
4.34521051e-08
4.27032085e-08
4.41139532e-08
4.60222853e-08
4.77455609e-08
4.90397283e-08
4.98703831e-08
5.02817258e-08
5.03511577e-08
5.00263149e-08
4.9504292e-08
4.92439444e-08
4.98319963e-08
5.14792852e-08
5.34416793e-08
5.39096865e-08
5.06306565e-08
4.27716392e-08
3.27079029e-08
2.55198608e-08
2.12843023e-08
1.95275065e-08
2.66594375e-08
4.02388724e-08
5.19643853e-08
5.72749659e-08
5.71590986e-08
5.50129074e-08
5.33354788e-08
5.2696657e-08
5.25750738e-08
5.24893406e-08
5.23085531e-08
5.20998579e-08
5.20360341e-08
5.25931895e-08
5.45790964e-08
5.84471584e-08
6.22234266e-08
6.04076546e-08
5.06530901e-08
4.44517223e-08
4.30341237e-08
4.35815121e-08
4.49173417e-08
4.64780104e-08
4.79353306e-08
4.91137487e-08
4.9945139e-08
5.04494511e-08
5.05412601e-08
5.02020826e-08
4.95901089e-08
4.92049156e-08
4.9655076e-08
5.07599597e-08
5.07286039e-08
4.67934673e-08
3.74420502e-08
2.58022208e-08
1.9331664e-08
2.05046405e-08
2.03889624e-08
2.62348485e-08
3.8188628e-08
5.04569678e-08
5.81276301e-08
5.96582271e-08
5.72850844e-08
5.43487966e-08
5.26884712e-08
5.22389253e-08
5.22316919e-08
5.21757439e-08
5.1944101e-08
5.15972939e-08
5.13318851e-08
5.16471402e-08
5.32897501e-08
5.64972996e-08
5.92974516e-08
5.72478271e-08
4.89314816e-08
4.20803705e-08
4.37962569e-08
4.60865421e-08
4.8187125e-08
4.97997913e-08
5.08690469e-08
5.1477962e-08
5.17375828e-08
5.17413169e-08
5.14552713e-08
5.07502325e-08
4.97628244e-08
4.89256088e-08
4.87799478e-08
4.93969929e-08
4.9785752e-08
4.78721436e-08
4.16167457e-08
3.11746371e-08
2.12855346e-08
1.79467675e-08
1.82222616e-08
2.00146485e-08
2.98364397e-08
4.30939578e-08
5.33819981e-08
5.75559647e-08
5.6614864e-08
5.38041302e-08
5.16969451e-08
5.08776846e-08
5.07162523e-08
5.06341922e-08
5.04876082e-08
5.03310915e-08
5.03702667e-08
5.09789544e-08
5.26565227e-08
5.56092212e-08
5.88488001e-08
5.96946827e-08
5.57869577e-08
4.94439314e-08
4.82361181e-08
5.00456282e-08
5.22142138e-08
5.38184752e-08
5.47559537e-08
5.52058736e-08
5.53513957e-08
5.53256687e-08
5.49803646e-08
5.41232941e-08
5.29154474e-08
5.21287637e-08
5.24050763e-08
5.2445298e-08
4.87797715e-08
3.91438686e-08
2.69686787e-08
2.0141943e-08
2.49327121e-08
3.55915357e-08
4.83025068e-08
5.85497342e-08
6.30693569e-08
6.26089022e-08
5.98672241e-08
5.71192075e-08
5.53290437e-08
5.44624317e-08
5.4114147e-08
5.39685413e-08
5.38655538e-08
5.3759693e-08
5.37505289e-08
5.4099423e-08
5.52996701e-08
5.7830684e-08
6.11009147e-08
6.19447455e-08
5.59618203e-08
4.45806618e-08
3.9054573e-08
3.90411928e-08
4.0152118e-08
4.13728661e-08
4.2477207e-08
4.33937072e-08
4.40988231e-08
4.46011315e-08
4.49286073e-08
4.51133363e-08
4.51873978e-08
4.5159078e-08
4.50265522e-08
4.48407955e-08
4.4700809e-08
4.47395788e-08
4.50707275e-08
4.57105756e-08
4.65320128e-08
4.72898988e-08
4.76964154e-08
4.74742708e-08
4.6276292e-08
4.37795072e-08
3.98545876e-08
3.44128986e-08
2.73360896e-08
1.95677335e-08
1.4230393e-08
1.33476971e-08
1.57789639e-08
1.71612663e-08
1.29351441e-08
3.15101993e-09
2.51936098e-10
1.2169224e-09
2.60412262e-09
4.70295701e-09
8.46033683e-09
1.29443159e-08
1.82823127e-08
2.48310807e-08
3.09030387e-08
3.4995875e-08
3.63142558e-08
3.52096704e-08
3.2791421e-08
3.00929555e-08
2.7816177e-08
2.62394118e-08
2.53238274e-08
2.48762869e-08
2.46401698e-08
2.44346776e-08
2.42014376e-08
2.39334046e-08
2.36518495e-08
2.34257053e-08
2.33994459e-08
2.38554732e-08
2.53723068e-08
2.91259018e-08
3.68010009e-08
4.67059359e-08
5.09506103e-08
5.01755606e-08
4.78682358e-08
4.60109225e-08
4.48274074e-08
4.48546191e-08
4.66848828e-08
4.79621486e-08
4.4095859e-08
3.33736494e-08
2.12482924e-08
1.56968831e-08
1.61266487e-08
1.99587131e-08
2.90588991e-08
4.00875254e-08
4.84634157e-08
5.23417893e-08
5.24876148e-08
5.07682975e-08
4.87556156e-08
4.73328111e-08
4.6635894e-08
4.63075739e-08
4.57861584e-08
4.49141749e-08
4.37485121e-08
4.23829948e-08
4.10023204e-08
3.98679117e-08
3.93872085e-08
4.03948724e-08
4.4617457e-08
5.39549014e-08
5.72491225e-08
5.57499439e-08
5.30393399e-08
5.09703436e-08
4.98702336e-08
4.95018515e-08
4.94851937e-08
4.97570412e-08
5.07600402e-08
5.25237395e-08
5.4021852e-08
5.35533346e-08
4.98798874e-08
4.297918e-08
3.39356064e-08
2.45690076e-08
1.71379304e-08
1.43873687e-08
1.59943625e-08
1.61102848e-08
1.51862607e-08
2.02903861e-08
3.09020133e-08
4.15813467e-08
4.90968073e-08
5.24903022e-08
5.26922004e-08
5.12703635e-08
4.94522928e-08
4.79501939e-08
4.69653683e-08
4.63972746e-08
4.60381891e-08
4.56373215e-08
4.50998818e-08
4.45070101e-08
4.39829486e-08
4.37613205e-08
4.42862204e-08
4.64948593e-08
5.21533835e-08
6.19795818e-08
6.21897133e-08
5.76492011e-08
5.38329042e-08
5.17335552e-08
5.08417795e-08
5.05740655e-08
5.05627235e-08
5.06539298e-08
5.08695068e-08
5.12754172e-08
5.18926132e-08
5.26253026e-08
5.31333846e-08
5.27505626e-08
5.04890201e-08
4.5143081e-08
3.61873843e-08
2.50387364e-08
1.60455266e-08
1.37250734e-08
1.63255736e-08
1.57139347e-08
1.59427449e-08
2.21017422e-08
3.32891671e-08
4.4407966e-08
5.16191861e-08
5.39152388e-08
5.30049111e-08
5.11328973e-08
4.97124011e-08
4.91315078e-08
4.90813671e-08
4.91008713e-08
4.89057316e-08
4.84503715e-08
4.77047589e-08
4.66572645e-08
4.53662645e-08
4.40295126e-08
4.321431e-08
4.48486862e-08
5.53579091e-08
5.69727807e-08
5.36517673e-08
5.04214559e-08
4.87007765e-08
4.81614992e-08
4.82231414e-08
4.84958149e-08
4.87631465e-08
4.90494565e-08
4.96396296e-08
5.08484736e-08
5.2746943e-08
5.4701168e-08
5.51321172e-08
5.18751913e-08
4.36249895e-08
3.1944573e-08
2.10522573e-08
1.58088444e-08
1.61097857e-08
1.51130054e-08
1.71246328e-08
2.54922166e-08
3.59479433e-08
4.39625356e-08
4.84142607e-08
5.01892591e-08
5.06247944e-08
5.05352808e-08
5.03258344e-08
5.01190093e-08
4.99254941e-08
4.97124388e-08
4.941846e-08
4.89851527e-08
4.84993307e-08
4.82114716e-08
4.87661772e-08
5.15979588e-08
5.96414292e-08
5.97052553e-08
5.581428e-08
5.20205234e-08
4.96263469e-08
4.84629692e-08
4.8064807e-08
4.80749546e-08
4.82594075e-08
4.87048618e-08
4.94826237e-08
5.06220123e-08
5.20859223e-08
5.36716961e-08
5.48300798e-08
5.45596542e-08
5.12508109e-08
4.35156921e-08
3.22019311e-08
2.10610353e-08
1.5591744e-08
1.57681131e-08
1.61700218e-08
2.04876797e-08
2.96882869e-08
4.0450933e-08
4.90430804e-08
5.33956386e-08
5.39539125e-08
5.26298579e-08
5.12173684e-08
5.04691801e-08
5.02065667e-08
4.99553448e-08
4.96195411e-08
4.94723387e-08
5.00056739e-08
5.20813353e-08
5.65825502e-08
6.25772874e-08
5.21339219e-08
4.56821805e-08
4.32345796e-08
4.27813102e-08
4.31481067e-08
4.37730882e-08
4.43935061e-08
4.48932654e-08
4.52652832e-08
4.57776823e-08
4.68541389e-08
4.87009415e-08
5.1091595e-08
5.3169935e-08
5.34605205e-08
5.02805195e-08
4.27649597e-08
3.21945503e-08
2.25297361e-08
1.80334005e-08
1.86987517e-08
1.5844927e-08
1.4734521e-08
2.16048631e-08
3.39446611e-08
4.56298909e-08
5.33043709e-08
5.63900647e-08
5.62078668e-08
5.46134967e-08
5.30924905e-08
5.23176741e-08
5.22304143e-08
5.25310875e-08
5.30750781e-08
5.41211826e-08
5.58621209e-08
5.81839059e-08
5.99675046e-08
5.86276935e-08
5.19283562e-08
4.35248022e-08
4.09718307e-08
4.07808076e-08
4.14424427e-08
4.24176542e-08
4.34630663e-08
4.44233055e-08
4.51972376e-08
4.57171868e-08
4.59989245e-08
4.62635731e-08
4.67961243e-08
4.78356488e-08
4.92377806e-08
5.01221041e-08
4.87960759e-08
4.33313543e-08
3.34720865e-08
2.15195752e-08
1.45975143e-08
1.56303262e-08
1.90542069e-08
1.52529023e-08
1.4275783e-08
2.05751859e-08
3.2114925e-08
4.38573372e-08
5.2163446e-08
5.5920734e-08
5.61413083e-08
5.46137837e-08
5.2804876e-08
5.15766682e-08
5.10865702e-08
5.10815153e-08
5.1261825e-08
5.17392133e-08
5.28216618e-08
5.47803627e-08
5.74311834e-08
5.92229664e-08
5.69292404e-08
4.88945737e-08
4.23102916e-08
4.11100847e-08
4.18014602e-08
4.30203642e-08
4.42939281e-08
4.54095421e-08
4.6264725e-08
4.68268395e-08
4.71051972e-08
4.71003457e-08
4.70555222e-08
4.73879763e-08
4.84759617e-08
5.02948062e-08
5.20245959e-08
5.20663723e-08
4.85029976e-08
4.05266385e-08
2.9431462e-08
1.8700183e-08
1.39753274e-08
1.55592167e-08
1.83292166e-08
1.53714615e-08
1.37306651e-08
1.760604e-08
2.67118359e-08
3.75009768e-08
4.64637725e-08
5.17736739e-08
5.36309377e-08
5.33548979e-08
5.22204931e-08
5.10754994e-08
5.02887263e-08
4.98595093e-08
4.96012765e-08
4.93486782e-08
4.91928524e-08
4.94758808e-08
5.08008387e-08
5.391857e-08
5.87007267e-08
6.1341959e-08
5.13984359e-08
4.54789579e-08
4.34550526e-08
4.33930663e-08
4.41289872e-08
4.5082534e-08
4.59656199e-08
4.66492729e-08
4.71058878e-08
4.73249363e-08
4.74877129e-08
4.8037994e-08
4.93261297e-08
5.1400773e-08
5.37053041e-08
5.49436417e-08
5.33722957e-08
4.75725183e-08
3.79101278e-08
2.69616071e-08
1.87173628e-08
1.60652507e-08
1.73928353e-08
1.5781413e-08
1.47653416e-08
1.93911672e-08
2.92010631e-08
4.00178892e-08
4.84041051e-08
5.29261215e-08
5.40655156e-08
5.32147333e-08
5.18136447e-08
5.07552188e-08
5.02176297e-08
4.99459452e-08
4.96851522e-08
4.94949468e-08
4.96743854e-08
5.07677863e-08
5.35851904e-08
5.85463065e-08
6.3060007e-08
5.27530921e-08
4.63683229e-08
4.37121366e-08
4.30323283e-08
4.32506199e-08
4.38168318e-08
4.44465398e-08
4.50032267e-08
4.54040266e-08
4.58192933e-08
4.65981113e-08
4.79673027e-08
4.99060341e-08
5.19557356e-08
5.31270532e-08
5.2062174e-08
4.73480518e-08
3.86026492e-08
2.78226376e-08
1.94452443e-08
1.74728017e-08
1.81086071e-08
1.46833729e-08
1.57222142e-08
2.5780441e-08
3.9808287e-08
5.10395324e-08
5.65997673e-08
5.73575652e-08
5.58350983e-08
5.40553411e-08
5.2973654e-08
5.26430588e-08
5.27749767e-08
5.31391951e-08
5.38956005e-08
5.52963845e-08
5.75110669e-08
6.01351009e-08
6.13693931e-08
5.8125347e-08
4.94054581e-08
4.41886494e-08
4.17743453e-08
4.10368767e-08
4.1209695e-08
4.18467792e-08
4.26708925e-08
4.34916008e-08
4.41727955e-08
4.46641649e-08
4.50926569e-08
4.57050434e-08
4.67806e-08
4.82972492e-08
4.94875009e-08
4.87184305e-08
4.39792462e-08
3.46806632e-08
2.27359709e-08
1.49414408e-08
1.5375663e-08
1.87226039e-08
1.55332016e-08
1.55323988e-08
2.29083297e-08
3.5571698e-08
4.82912695e-08
5.67319258e-08
5.94983518e-08
5.82876827e-08
5.57312359e-08
5.3558889e-08
5.23635216e-08
5.19698288e-08
5.20018496e-08
5.22281162e-08
5.28569885e-08
5.41020658e-08
5.60383889e-08
5.80936578e-08
5.84642171e-08
5.47355676e-08
4.71646095e-08
4.18853636e-08
4.11387102e-08
4.18471063e-08
4.29308473e-08
4.39816426e-08
4.48201177e-08
4.53751408e-08
4.56363062e-08
4.5586275e-08
4.54419338e-08
4.55500649e-08
4.61738999e-08
4.728661e-08
4.83152522e-08
4.81534914e-08
4.52952667e-08
3.85951201e-08
2.84636208e-08
1.81822306e-08
1.41410818e-08
1.64705133e-08
1.63417638e-08
1.31104186e-08
1.68336951e-08
2.77571271e-08
4.12413605e-08
5.18160123e-08
5.6948995e-08
5.71957174e-08
5.51190773e-08
5.2912067e-08
5.16138105e-08
5.12296178e-08
5.13994136e-08
5.1864136e-08
5.26810136e-08
5.3982428e-08
5.57442257e-08
5.7522375e-08
5.81599125e-08
5.61068666e-08
5.10208139e-08
4.56340441e-08
4.54321183e-08
4.67073256e-08
4.83005741e-08
4.9686995e-08
5.06660721e-08
5.12046848e-08
5.1334501e-08
5.10441158e-08
5.05037482e-08
5.01083517e-08
5.0309355e-08
5.09955082e-08
5.08215383e-08
4.70915299e-08
3.7995074e-08
2.55616356e-08
1.67471582e-08
1.61908487e-08
1.85092416e-08
2.21390474e-08
3.19211291e-08
4.48831707e-08
5.54766657e-08
6.1271306e-08
6.25717824e-08
6.1380505e-08
5.93506164e-08
5.75371612e-08
5.63487761e-08
5.57677944e-08
5.56297575e-08
5.57398895e-08
5.61468357e-08
5.6987321e-08
5.83734757e-08
6.01394975e-08
6.13226148e-08
5.98277148e-08
5.37040984e-08
4.51591061e-08
4.09541694e-08
3.96476987e-08
3.95926452e-08
3.99707759e-08
4.04713604e-08
4.09812982e-08
4.14518057e-08
4.18574152e-08
4.21876578e-08
4.24363186e-08
4.26364948e-08
4.28597661e-08
4.32072929e-08
4.37467578e-08
4.44940732e-08
4.53705423e-08
4.61882984e-08
4.66823708e-08
4.65880516e-08
4.57055173e-08
4.39250381e-08
4.10929871e-08
3.70733905e-08
3.20321814e-08
2.61866977e-08
1.96078937e-08
1.32672577e-08
9.28313912e-09
1.03639256e-08
1.31676602e-08
1.4201254e-08
1.26078308e-08
7.71484658e-09
1.78361988e-09
6.41822756e-11
3.823644e-10
9.09820924e-10
1.54928545e-09
2.60030727e-09
3.72540237e-09
5.7165547e-09
1.00191194e-08
1.57901922e-08
2.25985576e-08
2.93562312e-08
3.38536586e-08
3.60881569e-08
3.66378475e-08
3.61495533e-08
3.52028758e-08
3.41993699e-08
3.33634129e-08
3.28067493e-08
3.26433825e-08
3.28334324e-08
3.3133224e-08
3.35504685e-08
3.40766577e-08
3.47409693e-08
3.56603431e-08
3.71087808e-08
3.95323746e-08
4.33682024e-08
4.83191098e-08
5.06916827e-08
5.06948726e-08
4.97214838e-08
4.86014979e-08
4.76008024e-08
4.81743841e-08
4.78449612e-08
4.34619714e-08
3.31193026e-08
1.98420594e-08
1.12099805e-08
1.07210703e-08
1.2881217e-08
1.05733542e-08
1.22265823e-08
1.98743228e-08
3.06938312e-08
4.08940497e-08
4.75286997e-08
5.08030451e-08
5.1566853e-08
5.07941996e-08
4.93873e-08
4.80057343e-08
4.70882344e-08
4.66243175e-08
4.61036352e-08
4.56685863e-08
4.53317826e-08
4.51766771e-08
4.54113575e-08
4.65225737e-08
4.94011084e-08
5.48766843e-08
5.70936521e-08
5.66496102e-08
5.51098059e-08
5.35259391e-08
5.23741989e-08
5.15592794e-08
5.15205288e-08
5.26479948e-08
5.38672353e-08
5.36730528e-08
5.06131816e-08
4.41305281e-08
3.50827278e-08
2.51625186e-08
1.63440122e-08
1.04465084e-08
8.21707205e-09
1.14209425e-08
1.47443331e-08
1.50059825e-08
1.24122402e-08
8.59479686e-09
1.28271647e-08
2.14520667e-08
3.21290081e-08
4.15638886e-08
4.76644022e-08
5.0917404e-08
5.20897464e-08
5.19900664e-08
5.12951778e-08
5.04705257e-08
4.98044044e-08
4.94866375e-08
4.96416865e-08
4.99471136e-08
5.04693724e-08
5.13077988e-08
5.26757426e-08
5.49330092e-08
5.84261542e-08
6.23704008e-08
6.16324844e-08
5.91388028e-08
5.66680384e-08
5.47664245e-08
5.3403653e-08
5.24083307e-08
5.16980491e-08
5.15885933e-08
5.17411438e-08
5.18288202e-08
5.15189666e-08
5.04027065e-08
4.79676686e-08
4.36725444e-08
3.69104619e-08
2.74445629e-08
1.74808322e-08
9.97147084e-09
8.13998839e-09
1.27338503e-08
1.55502901e-08
1.45626363e-08
1.05995496e-08
8.87611301e-09
1.41576913e-08
2.40661612e-08
3.61360071e-08
4.55705753e-08
5.06294e-08
5.23085332e-08
5.18948266e-08
5.05479276e-08
4.90870178e-08
4.80085593e-08
4.75768111e-08
4.73241181e-08
4.70194491e-08
4.67974105e-08
4.67529237e-08
4.71083588e-08
4.83033222e-08
5.11838178e-08
5.6412877e-08
5.75017883e-08
5.60867198e-08
5.42066916e-08
5.27144033e-08
5.17291492e-08
5.11653312e-08
5.07758616e-08
5.09532088e-08
5.18277409e-08
5.30199379e-08
5.39654807e-08
5.38227042e-08
5.14573563e-08
4.56402201e-08
3.56802581e-08
2.34670163e-08
1.36648923e-08
8.91274678e-09
1.09570129e-08
1.49534753e-08
1.40522271e-08
9.55273452e-09
1.11438776e-08
1.83451547e-08
2.78479662e-08
3.61872389e-08
4.14619102e-08
4.44554555e-08
4.59546669e-08
4.66222766e-08
4.68956591e-08
4.70203283e-08
4.71425717e-08
4.74194302e-08
4.80649818e-08
4.88641467e-08
4.98627664e-08
5.13847659e-08
5.41168056e-08
5.88205422e-08
6.01160812e-08
5.91795254e-08
5.7628429e-08
5.62733393e-08
5.53099722e-08
5.46919898e-08
5.42751673e-08
5.42578891e-08
5.45296711e-08
5.48419425e-08
5.4930225e-08
5.4463046e-08
5.29721428e-08
4.98041384e-08
4.41498261e-08
3.49251196e-08
2.35537099e-08
1.42434733e-08
9.27387658e-09
1.29448354e-08
1.41855774e-08
1.04852189e-08
9.52184787e-09
1.34341803e-08
2.21988471e-08
3.34564325e-08
4.35462962e-08
5.01272516e-08
5.29676819e-08
5.31937161e-08
5.21481868e-08
5.09536034e-08
5.04168545e-08
5.07193195e-08
5.11618597e-08
5.22337382e-08
5.43287162e-08
5.79302508e-08
6.28648906e-08
5.82081246e-08
5.40129049e-08
5.15035836e-08
5.01725643e-08
4.95164882e-08
4.92501788e-08
4.91724009e-08
4.94697636e-08
5.04023848e-08
5.1633254e-08
5.27979379e-08
5.33544742e-08
5.25254882e-08
4.94180427e-08
4.31943895e-08
3.36846715e-08
2.26889407e-08
1.38013104e-08
1.00860484e-08
1.21207405e-08
1.56989137e-08
1.44299481e-08
1.0401541e-08
8.87124944e-09
1.54176822e-08
2.62141177e-08
3.8397712e-08
4.79107001e-08
5.36775227e-08
5.6291536e-08
5.67197914e-08
5.62213518e-08
5.58189462e-08
5.61594091e-08
5.69031411e-08
5.77670385e-08
5.87815171e-08
5.96568595e-08
5.97220188e-08
5.79030724e-08
5.34372037e-08
4.936498e-08
4.6956763e-08
4.56937341e-08
4.50410737e-08
4.47181814e-08
4.45985059e-08
4.46284e-08
4.47049003e-08
4.50772675e-08
4.5886221e-08
4.69632548e-08
4.79850454e-08
4.83694592e-08
4.72188681e-08
4.34745141e-08
3.60723468e-08
2.53025651e-08
1.50631684e-08
8.30309439e-09
1.16837053e-08
1.67070714e-08
1.80846505e-08
1.47542355e-08
1.01467259e-08
8.19965044e-09
1.35172468e-08
2.336207e-08
3.53976862e-08
4.56440967e-08
5.20923043e-08
5.53316069e-08
5.61718787e-08
5.56411771e-08
5.47475295e-08
5.43243266e-08
5.49102112e-08
5.56673259e-08
5.66918176e-08
5.79629279e-08
5.91514349e-08
5.94221438e-08
5.75038722e-08
5.28560637e-08
4.97096623e-08
4.78851481e-08
4.68782681e-08
4.63520016e-08
4.61327388e-08
4.61186374e-08
4.6235685e-08
4.64336338e-08
4.6597926e-08
4.74006979e-08
4.87291199e-08
5.02079709e-08
5.12094335e-08
5.07991233e-08
4.78787699e-08
4.15080343e-08
3.14462641e-08
2.04477339e-08
1.17224719e-08
8.0943571e-09
1.28455451e-08
1.62778868e-08
1.74814183e-08
1.49472951e-08
1.13308258e-08
8.06726748e-09
1.07438624e-08
1.81738244e-08
2.84392883e-08
3.86104771e-08
4.59897245e-08
5.04039253e-08
5.25246011e-08
5.30705053e-08
5.27255895e-08
5.2067807e-08
5.15882963e-08
5.17482823e-08
5.2372539e-08
5.33000903e-08
5.4861963e-08
5.72510083e-08
6.0228174e-08
6.21320463e-08
5.71556937e-08
5.36494901e-08
5.1640956e-08
5.0526468e-08
4.99188315e-08
4.96233149e-08
4.95317688e-08
4.96062838e-08
4.96885802e-08
5.02982279e-08
5.14320458e-08
5.27837745e-08
5.38627223e-08
5.39151761e-08
5.19661479e-08
4.70428401e-08
3.85695889e-08
2.74132305e-08
1.72832831e-08
1.05999136e-08
9.62525697e-09
1.41802375e-08
1.56694055e-08
1.42390717e-08
1.02029376e-08
8.35842321e-09
1.24904147e-08
2.10697987e-08
3.19452134e-08
4.17009829e-08
4.85108869e-08
5.22124202e-08
5.3417278e-08
5.30889015e-08
5.21792902e-08
5.14183107e-08
5.13418573e-08
5.18187846e-08
5.26002403e-08
5.40519121e-08
5.64596368e-08
5.99030794e-08
6.32471015e-08
5.81458089e-08
5.40120165e-08
5.15406542e-08
5.0170116e-08
4.9432284e-08
4.90625968e-08
4.89103283e-08
4.9000144e-08
4.96694284e-08
5.06615295e-08
5.1710517e-08
5.24278145e-08
5.22337376e-08
5.03894798e-08
4.61800961e-08
3.90372026e-08
2.89529281e-08
1.86426595e-08
1.13967437e-08
9.90851185e-09
1.44615625e-08
1.59996478e-08
1.32214005e-08
8.32199134e-09
1.01219557e-08
1.95890413e-08
3.29304814e-08
4.52636171e-08
5.29661179e-08
5.65402451e-08
5.74181992e-08
5.70115885e-08
5.64796457e-08
5.65184442e-08
5.7222187e-08
5.79967344e-08
5.89997979e-08
6.00865115e-08
6.0848945e-08
6.03808456e-08
5.74943668e-08
5.22729612e-08
4.85444464e-08
4.62406685e-08
4.48974294e-08
4.41482253e-08
4.37702488e-08
4.36476982e-08
4.36785672e-08
4.40742706e-08
4.48865506e-08
4.59965854e-08
4.71432073e-08
4.77989748e-08
4.70663711e-08
4.38282204e-08
3.70102605e-08
2.6573372e-08
1.60526189e-08
8.65469537e-09
1.06399476e-08
1.57257832e-08
1.73798901e-08
1.45545892e-08
1.0273081e-08
9.03104448e-09
1.53467033e-08
2.6534877e-08
4.01856194e-08
5.10669961e-08
5.69005356e-08
5.8902061e-08
5.86279997e-08
5.75055212e-08
5.65568124e-08
5.63577367e-08
5.67356026e-08
5.72422662e-08
5.79685397e-08
5.87154872e-08
5.9006994e-08
5.79789385e-08
5.48279475e-08
5.02154157e-08
4.73203103e-08
4.56628469e-08
4.47294545e-08
4.42313476e-08
4.40075952e-08
4.3953225e-08
4.39840467e-08
4.40423747e-08
4.46703679e-08
4.5669448e-08
4.66844754e-08
4.72158713e-08
4.6587401e-08
4.40386615e-08
3.89306921e-08
3.0675204e-08
2.06433714e-08
1.20410723e-08
8.41592375e-09
1.38110659e-08
1.69141568e-08
1.66615147e-08
1.27717286e-08
8.3402403e-09
1.08681906e-08
2.02494294e-08
3.31071764e-08
4.55495132e-08
5.33283061e-08
5.67350589e-08
5.72492343e-08
5.64693259e-08
5.56411818e-08
5.54633749e-08
5.59802673e-08
5.64990072e-08
5.71148975e-08
5.75964919e-08
5.75494196e-08
5.63691435e-08
5.35759213e-08
4.95269895e-08
4.6464703e-08
4.54421209e-08
4.53344746e-08
4.56297421e-08
4.60622633e-08
4.64554419e-08
4.67418168e-08
4.67470809e-08
4.70318471e-08
4.77636443e-08
4.85760959e-08
4.86948003e-08
4.6886881e-08
4.16134174e-08
3.15579364e-08
1.94002805e-08
1.05028507e-08
9.84612278e-09
1.49334147e-08
1.50159216e-08
1.10754894e-08
1.30993684e-08
2.1954119e-08
3.41161932e-08
4.64749116e-08
5.46993537e-08
5.92027389e-08
6.10411509e-08
6.12003782e-08
6.0595652e-08
5.99075507e-08
5.95936797e-08
5.9817609e-08
6.00792761e-08
6.04860968e-08
6.09435742e-08
6.12036276e-08
6.07034865e-08
5.86065164e-08
5.43376214e-08
4.98696402e-08
4.70492906e-08
4.54727352e-08
4.46120898e-08
4.41267157e-08
4.38421003e-08
4.36801404e-08
4.36024235e-08
4.36230892e-08
4.37654082e-08
4.40607679e-08
4.44704438e-08
4.49234909e-08
4.53320113e-08
4.55630633e-08
4.54367339e-08
4.47505215e-08
4.33287183e-08
4.1094394e-08
3.80905628e-08
3.44134212e-08
3.00647001e-08
2.47987043e-08
1.94317953e-08
1.47086942e-08
1.00314918e-08
5.73713453e-09
5.55002855e-09
7.61855474e-09
1.02214028e-08
1.20812701e-08
1.18588288e-08
9.38462264e-09
5.31159557e-09
1.39865584e-09
1.77251795e-11
1.00088042e-10
2.51769469e-10
4.44512848e-10
6.56574719e-10
8.22571592e-10
1.16086629e-09
1.39021833e-09
6.04402879e-10
1.2420727e-09
7.28464686e-09
1.37785341e-08
1.92222271e-08
2.35657195e-08
2.69029309e-08
2.94236246e-08
3.13316984e-08
3.28000656e-08
3.39530112e-08
3.48649753e-08
3.56351598e-08
3.64669592e-08
3.73479583e-08
3.8286115e-08
3.92839284e-08
4.03522522e-08
4.15107122e-08
4.278041e-08
4.41427903e-08
4.54077213e-08
4.5779416e-08
4.54615457e-08
4.46031951e-08
4.33407252e-08
4.19058949e-08
3.79522474e-08
3.10872466e-08
2.14351159e-08
1.00973944e-08
2.27818973e-09
3.42600891e-09
6.65363792e-09
7.9587129e-09
7.25577364e-09
5.17148246e-09
1.35517092e-09
3.39943338e-09
1.20082351e-08
2.07191525e-08
2.80664489e-08
3.38883356e-08
3.81960505e-08
4.11938538e-08
4.31390213e-08
4.42549197e-08
4.49180011e-08
4.56780702e-08
4.6458224e-08
4.72984314e-08
4.82075802e-08
4.92157571e-08
5.03820404e-08
5.17738967e-08
5.32708818e-08
5.36174324e-08
5.32388373e-08
5.23985178e-08
5.13496621e-08
5.01975801e-08
4.9095863e-08
4.7629261e-08
4.48156356e-08
4.03082475e-08
3.38008356e-08
2.54647521e-08
1.64201788e-08
8.48495442e-09
2.91531187e-09
1.19777028e-09
3.82406447e-09
6.41113585e-09
8.69629267e-09
1.04651447e-08
1.03840362e-08
8.87724301e-09
6.72429366e-09
4.21367241e-09
7.77258207e-10
4.27135818e-09
1.29552462e-08
2.10784694e-08
2.7856233e-08
3.32750827e-08
3.74612273e-08
4.06508196e-08
4.30806236e-08
4.49413559e-08
4.63650793e-08
4.74920749e-08
4.86768775e-08
4.99422885e-08
5.13087104e-08
5.27808378e-08
5.43318933e-08
5.58066196e-08
5.66758013e-08
5.56073286e-08
5.41184369e-08
5.24359983e-08
5.07126642e-08
4.90070772e-08
4.73396705e-08
4.56536364e-08
4.34474685e-08
4.07542689e-08
3.75733373e-08
3.38249577e-08
2.93682897e-08
2.40577843e-08
1.78117025e-08
1.04633506e-08
3.09083816e-09
1.18131219e-09
4.2293822e-09
6.98849587e-09
9.46814192e-09
1.10424811e-08
1.03174306e-08
8.45588839e-09
6.12675021e-09
3.12526151e-09
4.39447453e-10
6.90636959e-09
1.72131169e-08
2.61553113e-08
3.30681237e-08
3.81195135e-08
4.1647146e-08
4.40182982e-08
4.55111597e-08
4.63029582e-08
4.6951143e-08
4.76890804e-08
4.84903032e-08
4.93991949e-08
5.04464707e-08
5.16623306e-08
5.30143813e-08
5.42018487e-08
5.4208208e-08
5.36023833e-08
5.26808986e-08
5.16555517e-08
5.06286674e-08
4.96081898e-08
4.86795366e-08
4.74243842e-08
4.54318906e-08
4.25554211e-08
3.85586822e-08
3.31180126e-08
2.5926449e-08
1.6873054e-08
6.94173449e-09
7.76681519e-10
2.88371364e-09
6.07285011e-09
8.57323619e-09
1.04496958e-08
1.00700783e-08
7.92248275e-09
4.9803292e-09
1.54491619e-09
4.42328694e-09
1.18544835e-08
1.82671608e-08
2.32349136e-08
2.70090304e-08
2.99624674e-08
3.24826419e-08
3.48507126e-08
3.71916918e-08
3.94674999e-08
4.15196948e-08
4.36092334e-08
4.57612391e-08
4.79585961e-08
5.01837169e-08
5.21992672e-08
5.3004822e-08
5.28511708e-08
5.21243533e-08
5.11031961e-08
4.99412237e-08
4.87000886e-08
4.74467852e-08
4.58924062e-08
4.38190953e-08
4.12078798e-08
3.79976093e-08
3.40530212e-08
2.91718208e-08
2.30962422e-08
1.54876467e-08
6.26009932e-09
9.97510806e-10
4.56101626e-09
7.29273461e-09
9.11321953e-09
9.67547929e-09
7.80528619e-09
5.35463198e-09
2.17820105e-09
1.83185136e-09
7.09170155e-09
1.59767895e-08
2.53312348e-08
3.31712591e-08
3.914048e-08
4.34365889e-08
4.63934368e-08
4.82791741e-08
4.95478496e-08
5.10103014e-08
5.25931067e-08
5.44291994e-08
5.65634475e-08
5.87037844e-08
5.74713072e-08
5.56779704e-08
5.39657983e-08
5.24369748e-08
5.10686069e-08
4.981132e-08
4.86692189e-08
4.73874613e-08
4.55674367e-08
4.31000968e-08
3.97956035e-08
3.53984629e-08
2.96786605e-08
2.25481946e-08
1.41187801e-08
5.68848769e-09
1.18937704e-09
3.16043923e-09
6.36857287e-09
8.59633833e-09
1.01537983e-08
1.01892256e-08
8.25433006e-09
5.98609063e-09
2.55360122e-09
1.38631522e-09
9.25155626e-09
1.92669401e-08
2.82375258e-08
3.58268364e-08
4.16750966e-08
4.58611594e-08
4.86119801e-08
5.0135964e-08
5.12864219e-08
5.23319353e-08
5.31613598e-08
5.36799555e-08
5.36936882e-08
5.29930224e-08
5.13796687e-08
4.97767691e-08
4.83263439e-08
4.70572335e-08
4.59473048e-08
4.49673606e-08
4.40951765e-08
4.33005294e-08
4.26089161e-08
4.17272172e-08
4.03539631e-08
3.8318224e-08
3.53744544e-08
3.12099214e-08
2.55048739e-08
1.81035954e-08
9.10696289e-09
1.36409351e-09
2.1584964e-09
5.2978452e-09
8.05946779e-09
1.08606739e-08
1.20248796e-08
1.08589484e-08
8.69044142e-09
6.26828145e-09
3.44868424e-09
4.15811534e-10
6.11658501e-09
1.62222154e-08
2.53732712e-08
3.31537187e-08
3.9459391e-08
4.42778164e-08
4.77378743e-08
4.99699579e-08
5.11396952e-08
5.22933571e-08
5.33464349e-08
5.42425568e-08
5.48641762e-08
5.50045731e-08
5.44537157e-08
5.29977933e-08
5.16788384e-08
5.05217625e-08
4.95085485e-08
4.86177419e-08
4.78286628e-08
4.7123092e-08
4.64827543e-08
4.58760577e-08
4.53551404e-08
4.42552983e-08
4.23542296e-08
3.94434196e-08
3.52328532e-08
2.94320594e-08
2.19238179e-08
1.29113879e-08
3.79489233e-09
6.05859121e-10
3.78306252e-09
6.32472e-09
8.97689415e-09
1.13179925e-08
1.22168637e-08
1.1191463e-08
9.24988226e-09
6.74937769e-09
4.17522859e-09
9.90259568e-10
2.86413472e-09
1.07198228e-08
1.91984939e-08
2.65152307e-08
3.26189752e-08
3.76028318e-08
4.15997216e-08
4.4758253e-08
4.71718708e-08
4.88818307e-08
5.03604384e-08
5.19260489e-08
5.35296759e-08
5.51665159e-08
5.66861533e-08
5.76319241e-08
5.60846608e-08
5.44583142e-08
5.30708258e-08
5.1903666e-08
5.0896186e-08
4.99968027e-08
4.91737433e-08
4.83757075e-08
4.76756928e-08
4.6562448e-08
4.4745678e-08
4.20461632e-08
3.82141805e-08
3.2982661e-08
2.61532913e-08
1.77710741e-08
8.51196161e-09
1.32260153e-09
2.05585352e-09
5.41329622e-09
7.7025103e-09
9.69038824e-09
1.07189745e-08
1.0075368e-08
8.10855891e-09
5.66705912e-09
2.81081882e-09
9.00385521e-10
5.65870371e-09
1.39908057e-08
2.25609825e-08
3.01660202e-08
3.6366093e-08
4.11020916e-08
4.45994922e-08
4.71075646e-08
4.88025174e-08
5.02012568e-08
5.17264463e-08
5.33502433e-08
5.51253924e-08
5.69837486e-08
5.85129691e-08
5.6946646e-08
5.4997471e-08
5.32005717e-08
5.16145791e-08
5.02037901e-08
4.89242049e-08
4.77547235e-08
4.65718453e-08
4.49802581e-08
4.28711985e-08
4.00932941e-08
3.64333161e-08
3.16805663e-08
2.57049284e-08
1.85738249e-08
1.04589507e-08
2.77506057e-09
1.52855891e-09
4.96456264e-09
7.39914956e-09
9.39424502e-09
1.04417244e-08
9.32323388e-09
7.12478976e-09
4.28291523e-09
6.48724161e-10
4.25519366e-09
1.51976675e-08
2.57844309e-08
3.42629694e-08
4.07236438e-08
4.53250901e-08
4.83924991e-08
5.02204436e-08
5.13006516e-08
5.2380607e-08
5.32810867e-08
5.39595838e-08
5.42477536e-08
5.39034837e-08
5.26625423e-08
5.07654795e-08
4.89076037e-08
4.72929314e-08
4.59300487e-08
4.47783338e-08
4.37950074e-08
4.2936858e-08
4.21952585e-08
4.1294533e-08
4.00197429e-08
3.81839284e-08
3.55198997e-08
3.16679054e-08
2.62439975e-08
1.90762033e-08
1.03050649e-08
2.09669109e-09
1.59678322e-09
4.77955553e-09
7.50939848e-09
1.0195434e-08
1.15389541e-08
1.08159726e-08
8.83676948e-09
6.72268522e-09
3.53165159e-09
3.86419302e-10
7.82296177e-09
1.98563352e-08
3.01663652e-08
3.81044769e-08
4.38724126e-08
4.78128193e-08
5.0275425e-08
5.15474845e-08
5.23246513e-08
5.30703408e-08
5.36494401e-08
5.4003386e-08
5.39751228e-08
5.33758867e-08
5.20924813e-08
5.04239132e-08
4.89311007e-08
4.76005908e-08
4.64032275e-08
4.53179983e-08
4.43291807e-08
4.34191219e-08
4.25704004e-08
4.17689252e-08
4.04325131e-08
3.84288501e-08
3.56265733e-08
3.18418167e-08
2.69088784e-08
2.07879135e-08
1.35601507e-08
5.46851948e-09
8.40129183e-10
3.50300998e-09
6.44920894e-09
9.46604571e-09
1.17377755e-08
1.21269506e-08
1.02867665e-08
7.85423747e-09
5.05754298e-09
9.59811224e-10
3.39426084e-09
1.45057432e-08
2.55267658e-08
3.43813154e-08
4.09474945e-08
4.54596985e-08
4.83071418e-08
4.98293252e-08
5.05200936e-08
5.11899119e-08
5.16191102e-08
5.17701115e-08
5.15122018e-08
5.07144677e-08
4.93366588e-08
4.75966488e-08
4.61548988e-08
4.50128591e-08
4.40946092e-08
4.33435312e-08
4.27164755e-08
4.21778737e-08
4.16568107e-08
4.12442758e-08
4.03065456e-08
3.84564296e-08
3.54264487e-08
3.08553377e-08
2.43416137e-08
1.56049206e-08
5.51180542e-09
8.1386278e-10
4.14932404e-09
7.40934711e-09
9.73280901e-09
1.00447555e-08
8.06802316e-09
5.8100595e-09
1.95059219e-09
2.66273575e-09
1.30763287e-08
2.33255739e-08
3.16322779e-08
3.8268683e-08
4.33307553e-08
4.70309569e-08
4.95745294e-08
5.11170336e-08
5.19444457e-08
5.27507313e-08
5.33915436e-08
5.38406109e-08
5.39839052e-08
5.36556829e-08
5.26881264e-08
5.10123407e-08
4.92037803e-08
4.74958924e-08
4.59376058e-08
4.45153391e-08
4.32086939e-08
4.20061084e-08
4.09018616e-08
3.98941453e-08
3.89392951e-08
3.7974784e-08
3.69155116e-08
3.57027584e-08
3.42666159e-08
3.2513703e-08
3.03557493e-08
2.77262778e-08
2.46167942e-08
2.11213293e-08
1.74591634e-08
1.38615727e-08
1.03298055e-08
6.45684594e-09
2.19490826e-09
1.0850461e-09
2.2117956e-09
2.26304058e-09
2.0661857e-09
2.35511395e-09
3.09416825e-09
4.40152062e-09
5.71548048e-09
5.9506462e-09
4.68284335e-09
2.42542343e-09
5.936603e-10
)
;
    }
}


// ************************************************************************* //
