/*--------------------------------*- C++ -*----------------------------------*\
| =========                 |                                                 |
| \\      /  F ield         | OpenFOAM: The Open Source CFD Toolbox           |
|  \\    /   O peration     | Version:  2506                                  |
|   \\  /    A nd           | Website:  www.openfoam.com                      |
|    \\/     M anipulation  |                                                 |
\*---------------------------------------------------------------------------*/
FoamFile
{
    version     2.0;
    format      ascii;
    arch        "LSB;label=32;scalar=64";
    class       volScalarField;
    location    "79";
    object      p;
}
// * * * * * * * * * * * * * * * * * * * * * * * * * * * * * * * * * * * * * //

dimensions      [0 2 -2 0 0 0 0];

internalField   nonuniform List<scalar> 
12000
(
-0.00299178939
-0.00280889371
-0.00253587069
-0.00202726828
-0.00130423937
-0.000646825268
-0.000521827916
-0.000626719316
-0.000606619763
-0.000604431526
-0.000676217637
-0.000694378078
-0.000502754647
0.000121278225
0.000580298961
0.000532158019
0.000204805839
6.09209969e-05
0.000235205555
0.00077411822
-0.0044180361
-0.00382894888
-0.0035782429
-0.00302881961
-0.00223526828
-0.00120232503
-0.000358621526
-3.84201232e-05
-0.000232108579
-0.000744579859
-0.00130746949
-0.0016963819
-0.00183688361
-0.00184189947
-0.00147189361
-0.000864022234
-0.000217175247
0.000446839315
0.00120586705
0.00202581862
-0.0037423231
-0.00274476021
-0.00299199643
-0.00289759939
-0.00233702713
-0.00119443771
-0.000211680024
-3.88661108e-05
-0.000518119193
-0.00125967436
-0.00194975086
-0.00238313734
-0.0025058187
-0.00234691941
-0.00196605511
-0.00133714456
-0.000419963289
0.000707993064
0.00186974947
0.00280172323
-0.00446159305
-0.00313141568
-0.00374593955
-0.00357754637
-0.00248720109
-0.000971718177
-0.000198469097
-0.00013007777
-0.000671354387
-0.00148251565
-0.00223557653
-0.00268034269
-0.00278654355
-0.00260069873
-0.0022019513
-0.00160371426
-0.000744008915
0.000394296134
0.0016260059
0.00258034412
-0.00601531009
-0.0044259148
-0.00509120898
-0.00420904592
-0.00267209501
-0.00105875534
-0.000320784541
-0.000271889075
-0.000813094972
-0.00162550729
-0.00236626614
-0.00280461804
-0.00289514254
-0.00268874269
-0.00227122702
-0.00170339903
-0.000954998908
2.93755779e-05
0.00116239704
0.00210638191
-0.0076666312
-0.00590584562
-0.00649422041
-0.0049498183
-0.00309172577
-0.00151863918
-0.000696431921
-0.000561434528
-0.000997499252
-0.00171369978
-0.00238582958
-0.00278967696
-0.00286147919
-0.00264045313
-0.00220701076
-0.00163726852
-0.000940284812
-6.91174862e-05
0.000942105227
0.00177915725
-0.0094541511
-0.00760352015
-0.00803263585
-0.00606875471
-0.00398746709
-0.00243049338
-0.00149671542
-0.00119969553
-0.00142079025
-0.00191836431
-0.00241567242
-0.00270823805
-0.00271597538
-0.00245503359
-0.00199066633
-0.00139675228
-0.000691693544
0.000141943738
0.00105454251
0.00167764652
-0.0116411986
-0.00972724543
-0.00994715706
-0.00766251342
-0.005541572
-0.00397914849
-0.00295360014
-0.00246212208
-0.00238393666
-0.00252982216
-0.00269044716
-0.00270957906
-0.002518857
-0.00212155671
-0.00156325292
-0.000903045299
-0.000171784766
0.000626077937
0.00139311315
0.001750154
-0.0143301515
-0.0123294259
-0.0123636115
-0.00984161484
-0.00781473747
-0.00629194597
-0.00523561295
-0.0045846491
-0.00420459967
-0.00393161063
-0.00360787148
-0.0031378865
-0.00250947625
-0.00176079446
-0.000942878429
-0.000125884383
0.000622936841
0.00127983868
0.00174349341
0.00185433456
-0.0174849072
-0.0153646282
-0.0152856794
-0.0126456821
-0.0107989048
-0.00936877776
-0.00835614577
-0.007628108
-0.00703105505
-0.00639268843
-0.00556675454
-0.0044829708
-0.00318265634
-0.00180022716
-0.000489295524
0.000625900905
0.00142744251
0.00184462509
0.00196795276
0.00193284972
-0.0210315598
-0.0187654964
-0.0186475769
-0.0159934033
-0.0143689821
-0.0130732841
-0.0121622623
-0.0114505508
-0.0107481794
-0.00987612149
-0.00867214366
-0.00704770074
-0.00503296096
-0.00281119328
-0.000711532182
0.000896408226
0.00182285264
0.00214927783
0.00206992369
0.0019795609
-0.0248762875
-0.0224368636
-0.0223343006
-0.0197192222
-0.0183180979
-0.0171753216
-0.0163997421
-0.0157539887
-0.0150339654
-0.0140572149
-0.0126458195
-0.0106812446
-0.00813902136
-0.00515111861
-0.0020960621
0.000389549356
0.0017762702
0.00218219148
0.00202893889
0.00199954188
-0.0288887763
-0.0262401248
-0.0261931156
-0.0236238238
-0.0224201199
-0.0214207613
-0.0207794615
-0.02021295
-0.0195206034
-0.0185091122
-0.0170191247
-0.01491103
-0.0121057449
-0.0086392188
-0.00478490897
-0.00121495392
0.00114249172
0.00196761677
0.0019670064
0.00189430351
-0.0329085783
-0.0300054356
-0.0300558827
-0.0275088504
-0.0264668352
-0.0255828284
-0.0250510541
-0.0245496406
-0.0238835075
-0.0228713573
-0.0213708578
-0.0192422934
-0.0163766301
-0.0127328893
-0.00843356513
-0.00395864881
-0.000307478649
0.00155916197
0.00194328317
0.00165942028
-0.0367694385
-0.0335558657
-0.0337649811
-0.0311970723
-0.0302873476
-0.0294883124
-0.0290374779
-0.0285830335
-0.0279433054
-0.0269430648
-0.0254610628
-0.0233594348
-0.0205228873
-0.0168787073
-0.0124496589
-0.00746643271
-0.002626985
0.000723203497
0.00177277334
0.001548145
-0.0403172218
-0.0367252592
-0.0371922801
-0.034538248
-0.0337515508
-0.0330154064
-0.0326269343
-0.0322106973
-0.0316061762
-0.0306435434
-0.0291966761
-0.0271349229
-0.0243419949
-0.0207398016
-0.0163177357
-0.0111694235
-0.00561181861
-0.000763199253
0.00152661911
0.0016820303
-0.0434080473
-0.0393781182
-0.040244767
-0.0374021311
-0.0367659941
-0.0360777254
-0.0357450759
-0.0353690993
-0.0348114407
-0.0339042514
-0.0325109212
-0.0304998608
-0.0277519123
-0.024186109
-0.0197807565
-0.0146072181
-0.00878894593
-0.00283111636
0.00117636202
0.0019779997
-0.0458748151
-0.0414720287
-0.0428416389
-0.0396699443
-0.0392734743
-0.0386081632
-0.0383340371
-0.0380037532
-0.0374995036
-0.0366537128
-0.0353167713
-0.033361225
-0.0306663151
-0.0271472528
-0.0227617916
-0.0175729639
-0.0117244378
-0.00529485693
0.000187710914
0.00199477348
-0.0475608955
-0.0430824634
-0.0448319929
-0.0412687021
-0.0412488285
-0.0405453112
-0.0403492762
-0.0400680255
-0.0396157
-0.0388249925
-0.0375347681
-0.0356276992
-0.032986928
-0.0295333057
-0.025205415
-0.0200098485
-0.0141851776
-0.00778073854
-0.00167306253
0.00134821638
-0.0485795182
-0.0441532032
-0.0458905493
-0.0422857401
-0.042651253
-0.0418283827
-0.0417654141
-0.0415303593
-0.0411265649
-0.0403820198
-0.0391272286
-0.0372561297
-0.0346558591
-0.0312633884
-0.0270263956
-0.0218669523
-0.0160910895
-0.00991249771
-0.00405672653
5.79709201e-05
-0.0491032352
-0.0443450515
-0.045843017
-0.0430840661
-0.0432564049
-0.0424824517
-0.0425699728
-0.0423694443
-0.0420187009
-0.0413124653
-0.0400879737
-0.0382390399
-0.0356569121
-0.0322943815
-0.0281371057
-0.0230525103
-0.0173895001
-0.0114515495
-0.00630779875
-0.00149093263
-0.0491402941
-0.0433856516
-0.0453135425
-0.0431950157
-0.0431019841
-0.0426050615
-0.0427001685
-0.0425849695
-0.0422875208
-0.0416128369
-0.0404060631
-0.0385667822
-0.0359740907
-0.0326015913
-0.0284749805
-0.0234616957
-0.0179724876
-0.0121681704
-0.00784296649
-0.00281254929
-0.0487245939
-0.0414278571
-0.0442393181
-0.0425239213
-0.0423255602
-0.042038303
-0.0421871932
-0.0421695009
-0.0419265679
-0.041282255
-0.0400806998
-0.0382118069
-0.0355814976
-0.0321610083
-0.0280026373
-0.0230126655
-0.0177005102
-0.011822893
-0.00838276394
-0.00349934743
-0.047986025
-0.0386446499
-0.042446387
-0.0412049486
-0.0409275981
-0.0407954324
-0.0410176553
-0.0411034486
-0.0409139308
-0.0402909781
-0.0390760469
-0.0371572469
-0.034453692
-0.0309454724
-0.0266888716
-0.0216687198
-0.0163218037
-0.0105635783
-0.00783346138
-0.00323118541
-0.0471016475
-0.0352129968
-0.0399189925
-0.0392979184
-0.0389182337
-0.0389068914
-0.0391968664
-0.039377066
-0.0392426122
-0.0386328207
-0.0373868151
-0.0353921553
-0.0325800444
-0.0289377331
-0.0245191897
-0.0193622032
-0.0139427623
-0.0085424851
-0.00600932535
-0.00187569672
-0.0462489108
-0.0313779647
-0.0367627034
-0.0367938926
-0.0363003588
-0.0363903648
-0.0367532381
-0.0370081787
-0.036924776
-0.0363217966
-0.0350301841
-0.0329367354
-0.0299801586
-0.026144452
-0.0214838651
-0.0161167727
-0.0106508378
-0.00559807372
-0.00321471047
0.000379683287
-0.0455688974
-0.02745689
-0.0331907762
-0.0336623306
-0.0330560512
-0.0332643323
-0.0337334287
-0.0340472693
-0.0340023831
-0.0334013723
-0.0320545472
-0.0298387737
-0.0266889962
-0.0225827001
-0.0176038431
-0.0120083137
-0.00657437209
-0.00192120935
0.00016504061
0.00343281641
-0.0451616267
-0.0238328129
-0.0294654898
-0.0298903139
-0.0291572165
-0.0295460887
-0.0301928052
-0.0305741575
-0.0305528844
-0.0299433358
-0.0285248557
-0.0261476159
-0.0227363078
-0.0182881793
-0.0129723167
-0.00723353764
-0.001989298
0.00216310079
0.00392666181
0.00701958873
-0.0450687101
-0.0210465895
-0.0259267697
-0.0256299655
-0.0246700427
-0.0252709108
-0.0261820446
-0.0266819649
-0.0266837947
-0.0260451127
-0.0245222486
-0.0219356461
-0.0182155897
-0.0134359492
-0.00789885666
-0.00222634801
0.00264219591
0.00625679933
0.00781193739
0.0109357188
-0.0454130776
-0.019468226
-0.0222199664
-0.0212006649
-0.0199705872
-0.0206608583
-0.0218459489
-0.0225393686
-0.0226042087
-0.0219333278
-0.0202892938
-0.0174947988
-0.0135216375
-0.00855722566
-0.00303197216
0.00234441008
0.0067472821
0.00991803708
0.0114557424
0.0148837062
-0.0472119071
-0.0219859311
-0.0193343576
-0.0169870672
-0.0155569302
-0.016214764
-0.0175488788
-0.0184564457
-0.0186644099
-0.0180275787
-0.0163271419
-0.0134223061
-0.00938660084
-0.00445518598
0.000851205913
0.00581497987
0.00979068624
0.012723215
0.0145270682
0.0186619836
-0.044968451
-0.0249857404
-0.0181191456
-0.0133623937
-0.0118662208
-0.0126845343
-0.0140931778
-0.0151555401
-0.0155341296
-0.0150013994
-0.0133440301
-0.0104842699
-0.00653902362
-0.00181528053
0.00312449752
0.00764835568
0.0114368314
0.0146937265
0.0175846111
0.0231339184
-0.0387380937
-0.0241445464
-0.016205437
-0.0105763158
-0.00916965433
-0.0101324448
-0.0117104072
-0.013000936
-0.0135963351
-0.0132514412
-0.0118012734
-0.00921079052
-0.00565066441
-0.00142611701
0.00307530621
0.00746370463
0.0122112351
0.0173690435
0.0229573764
0.0307396302
-0.0431404015
-0.0209906371
-0.0144974032
-0.0107618816
-0.00910134208
-0.0096724629
-0.0113077733
-0.0126697219
-0.013203288
-0.0127688776
-0.0113131502
-0.00880201287
-0.00526541426
-0.000839496987
0.00429216998
0.0100983398
0.0164471195
0.023855719
0.032598275
0.042438936
-0.0452476889
-0.0172876154
-0.0137773652
-0.0117522842
-0.0102357018
-0.0110083684
-0.0129719989
-0.0144923935
-0.0149742044
-0.0144328725
-0.0128319711
-0.0102026603
-0.00649689303
-0.00171500358
0.0041502615
0.011289082
0.0200689154
0.0308506911
0.0426792334
0.053327089
-0.043628481
-0.0154783357
-0.0172464394
-0.0144914358
-0.0128453378
-0.0138643105
-0.0156125756
-0.0165754769
-0.0165130607
-0.0156406162
-0.0140742488
-0.0116134071
-0.00817513655
-0.00368340426
0.00201369125
0.009336517
0.0189521292
0.0312208489
0.0445523176
0.0554762738
-0.0447662775
-0.0163458256
-0.0191362386
-0.0182670807
-0.0171496653
-0.017979495
-0.0191796015
-0.0195402519
-0.0189901044
-0.0177005907
-0.0156474372
-0.0127857804
-0.00906227676
-0.00456222247
0.000708951943
0.00705452146
0.0151950583
0.0260035535
0.0385561814
0.0496216846
-0.0447644588
-0.0182565583
-0.0226092703
-0.0232509736
-0.0223792055
-0.0227010355
-0.0231752737
-0.0229062167
-0.0218950479
-0.0202611354
-0.0179366975
-0.0148047048
-0.0108249692
-0.00609034463
-0.000795698744
0.00494119717
0.0114422626
0.019692552
0.0297456666
0.0398760748
-0.0452726995
-0.0217820063
-0.0266336206
-0.0282165545
-0.0274440424
-0.0271346027
-0.0268390357
-0.0260294479
-0.024714594
-0.0229156364
-0.0205089994
-0.0173392575
-0.0133104935
-0.00845180944
-0.00301916372
0.00255980159
0.00810861994
0.0143626226
0.0218358948
0.0303816297
-0.0459602115
-0.0261090899
-0.0312144026
-0.0327677137
-0.0317400324
-0.030807069
-0.0299082706
-0.0287562151
-0.0272873252
-0.0254207712
-0.0230170474
-0.0199343265
-0.0160504465
-0.0113100667
-0.00587909602
-0.00027990087
0.00490023414
0.0100320558
0.0156923086
0.0228942128
-0.0469702761
-0.0309066337
-0.0357937834
-0.036515993
-0.035077553
-0.0336949005
-0.0324449083
-0.0311147232
-0.0295529388
-0.0276276831
-0.0252133285
-0.02220855
-0.0185184175
-0.0140515623
-0.00883832574
-0.00329466518
0.00177005324
0.00637634153
0.0109274765
0.0173487114
-0.048228047
-0.0356483153
-0.0398232949
-0.0393985887
-0.0376103804
-0.0359547199
-0.0345348159
-0.0331046592
-0.0314617631
-0.029474539
-0.0270381823
-0.0240777832
-0.0205334147
-0.0163326637
-0.0114254813
-0.00605190359
-0.00105866424
0.00333278939
0.00718072902
0.0132974434
-0.0495612719
-0.039914296
-0.0429888455
-0.041488498
-0.0394908567
-0.037675926
-0.0361776694
-0.0346711947
-0.0329518428
-0.0309090554
-0.0284527928
-0.0255190051
-0.0220684668
-0.0180609863
-0.0134243042
-0.00824946551
-0.00333921409
0.00102259046
0.00437011174
0.0105917878
-0.0507263395
-0.0433735823
-0.0451841016
-0.0428826108
-0.0407924816
-0.0388760249
-0.0373357125
-0.0357601799
-0.0339769981
-0.0318907803
-0.0294190243
-0.0265014473
-0.023108297
-0.0192220557
-0.0147737742
-0.00974296858
-0.00493416623
-0.000479780202
0.00282531433
0.00907261361
-0.0514643337
-0.0457943617
-0.0464909547
-0.0436005258
-0.041519594
-0.0395209615
-0.0379743596
-0.0363449443
-0.0345162985
-0.032399951
-0.0299145846
-0.0270016924
-0.0236376631
-0.0198139735
-0.0154767403
-0.0104889609
-0.00577311967
-0.00133374581
0.0026874094
0.00883667958
-0.0516046592
-0.046935839
-0.0471285549
-0.043587992
-0.0416491791
-0.0395711304
-0.038083175
-0.0364248902
-0.0345711978
-0.032437746
-0.0299387629
-0.0270189326
-0.0236569862
-0.0198377324
-0.0154892819
-0.0105811645
-0.00584799244
-0.00128388878
0.00355887216
0.00967716944
-0.0511225461
-0.0466028861
-0.0470652033
-0.0429939542
-0.0410759874
-0.0391348292
-0.0376267898
-0.0360055721
-0.0341556449
-0.0320121823
-0.0294961034
-0.0265562864
-0.0231670721
-0.0193040381
-0.0148937856
-0.00999709174
-0.0052172012
-0.000339896205
0.00543300415
0.0112439523
-0.0498658456
-0.0452047747
-0.0456723042
-0.0420028673
-0.0399161805
-0.0381197401
-0.0366612283
-0.0351036534
-0.03328256
-0.0311327754
-0.0285923835
-0.0256105253
-0.022162234
-0.0182172234
-0.0137342455
-0.00885576565
-0.00399425109
0.00143151193
0.00815813042
0.0131466328
-0.0472746502
-0.0430463723
-0.0433428374
-0.0403277212
-0.0382464651
-0.0365716798
-0.0352099508
-0.0337477292
-0.0319785647
-0.0298218897
-0.0272300911
-0.0241857306
-0.0206519659
-0.0166157251
-0.0120912362
-0.00724152503
-0.0021754808
0.00397614154
0.011185951
0.0149079251
-0.043285838
-0.039913895
-0.0402516749
-0.0379725911
-0.0361000718
-0.0345705092
-0.0333253079
-0.0319767299
-0.0302784341
-0.0281206806
-0.0254710779
-0.0223315867
-0.0186955076
-0.0145769758
-0.0100220914
-0.00511458664
0.000355096293
0.00713015467
0.0138238461
0.0160939166
-0.0379632854
-0.0355739677
-0.0363751146
-0.0349864933
-0.0335397795
-0.0322226673
-0.031098958
-0.0298544019
-0.0282271159
-0.0260739516
-0.0233616126
-0.0201127519
-0.0163525443
-0.0121153399
-0.00743591655
-0.00227988646
0.00367304742
0.010466459
0.0155840028
0.0165550089
-0.0312550469
-0.0299222931
-0.0316043568
-0.0313826818
-0.0306391341
-0.0296617213
-0.0286710987
-0.0274884554
-0.0258885154
-0.0237115362
-0.0209082405
-0.0175009009
-0.0135270374
-0.00902954018
-0.00403954098
0.0014793314
0.00756621578
0.0133484324
0.0164142035
0.0165709074
-0.0232359538
-0.0229898405
-0.0258712705
-0.0271323682
-0.0274361196
-0.0270095854
-0.0262046123
-0.0250222281
-0.0233395844
-0.0210231186
-0.0180066176
-0.0142909705
-0.00991566887
-0.00496276541
0.000428332357
0.00603601555
0.0113792317
0.0153273178
0.016828338
0.0166059771
-0.0145777442
-0.0153105525
-0.0194368152
-0.0223188022
-0.0239459506
-0.0243220304
-0.0238234844
-0.0226104463
-0.0207028222
-0.0180481188
-0.0145955056
-0.0103374866
-0.00535352206
0.000133669564
0.00568954431
0.0106558238
0.0143013986
0.0162499693
0.0169065406
0.0167053521
-0.00700113224
-0.00840175625
-0.0133608761
-0.0175218521
-0.0203701434
-0.0216247446
-0.0215474055
-0.02034635
-0.0181466608
-0.0149982117
-0.010923095
-0.0059554377
-0.000305009073
0.00553935687
0.0107496272
0.0143882562
0.0160637243
0.0164475843
0.0166174941
0.0168142687
-0.00289239111
-0.00459611321
-0.00965390869
-0.0142067066
-0.0175533817
-0.0192584788
-0.0194477177
-0.0182692096
-0.0158443362
-0.0122608849
-0.00764505822
-0.00204936876
0.00407804856
0.00996743178
0.0145049687
0.0168180135
0.0170557041
0.0165349099
0.0165588327
0.0171509242
-0.00384182417
-0.00551675077
-0.010156347
-0.0141234338
-0.0169861788
-0.0183335149
-0.018277017
-0.0169065636
-0.0142961636
-0.0104756852
-0.00548715922
0.00037914319
0.00670613531
0.0125067488
0.0165605234
0.0182153185
0.0178053564
0.0170720971
0.0171099823
0.0177120304
-0.00994406542
-0.0110867263
-0.0147686592
-0.0174362164
-0.0190379588
-0.0194560839
-0.018822089
-0.0170781882
-0.0142339914
-0.0102858757
-0.00526663654
0.000628963978
0.00693031779
0.0126660845
0.0166458044
0.0182861986
0.0178735542
0.0171908115
0.0172422627
0.0178351743
-0.0188886206
-0.0189457069
-0.0211340233
-0.0220937282
-0.0223573732
-0.0218668776
-0.0206036103
-0.0185376911
-0.0155707429
-0.0116439725
-0.00676398406
-0.0010639552
0.00506925698
0.0108364397
0.0151486167
0.0172455239
0.0173595255
0.0167900626
0.0168102866
0.0173724056
-0.0280122062
-0.0267455182
-0.0273736143
-0.0267062688
-0.0258003378
-0.0245594626
-0.0228937048
-0.0206249092
-0.0176290567
-0.0138282345
-0.00920693198
-0.00385039311
0.00197976683
0.00773507203
0.0125640052
0.0156159437
0.0167309709
0.0167836593
0.0168308199
0.0171041732
-0.0360474663
-0.0335122668
-0.0329333653
-0.0310365428
-0.0293137273
-0.027532683
-0.0255403799
-0.0231054612
-0.0200783438
-0.01638893
-0.0120202205
-0.0070305626
-0.00157835641
0.00402218867
0.009240354
0.0133649438
0.0158335871
0.016800981
0.017097367
0.0170363995
-0.0428826026
-0.039235315
-0.0378775037
-0.0351200925
-0.0328676117
-0.0307018253
-0.0284338227
-0.0258164178
-0.022708559
-0.01905025
-0.0148385521
-0.0101249053
-0.0050132326
0.000331866804
0.00565421524
0.0105433099
0.0143735151
0.016540383
0.0171907321
0.0169403994
-0.0487334163
-0.044119663
-0.0423382395
-0.0389685009
-0.0363789335
-0.033923408
-0.0314066237
-0.028587059
-0.0253519063
-0.0216569095
-0.0175066214
-0.012945605
-0.00805706722
-0.00294457992
0.00228209884
0.00748747595
0.0123098587
0.0157832238
0.017036522
0.01683925
-0.0537327535
-0.04827053
-0.0463572693
-0.0425215503
-0.0397186824
-0.0370224311
-0.0342705643
-0.0312479837
-0.0278774713
-0.0241235377
-0.0199846058
-0.0154878204
-0.0107013028
-0.00571449538
-0.000607270772
0.00459965389
0.0098758667
0.0145090148
0.0167862578
0.0168635631
-0.057919992
-0.0517170828
-0.0499203824
-0.0456823948
-0.0427553879
-0.0398481756
-0.036880555
-0.0336758971
-0.0301901431
-0.0263847171
-0.0222461307
-0.017778359
-0.0130260008
-0.00806516988
-0.00299161121
0.002137105
0.00744458837
0.0128262322
0.0164362859
0.0169910535
-0.0612943876
-0.0544930681
-0.0530032899
-0.0483559708
-0.0453946197
-0.0423036031
-0.0391525794
-0.0357987625
-0.0322218062
-0.0283745461
-0.0242335316
-0.0197884055
-0.015058701
-0.0100909233
-0.00497659968
0.000142244903
0.00530577353
0.0109028314
0.0156991705
0.0170021432
-0.0637366041
-0.0567691723
-0.0555673218
-0.0504695794
-0.047592093
-0.0443364418
-0.0410460589
-0.0375798364
-0.0339296357
-0.0300406411
-0.025885847
-0.0214562831
-0.016758269
-0.0118054899
-0.00664761715
-0.00146053976
0.00357668201
0.00899488071
0.0144201978
0.0166843062
-0.0654447179
-0.0584842231
-0.0575055743
-0.0519880025
-0.049340511
-0.0459103318
-0.042539113
-0.0389960726
-0.0352863381
-0.031351402
-0.0271703252
-0.0227422354
-0.0180752412
-0.0131666049
-0.0080153097
-0.00274690008
0.00224362348
0.00735485738
0.0127705187
0.015965656
-0.0665239968
-0.0596114747
-0.0586491463
-0.0529611374
-0.0506282221
-0.0469858991
-0.0436181478
-0.0400270364
-0.0362723015
-0.0322956484
-0.0280838532
-0.0236441685
-0.0189937944
-0.0141333301
-0.00903779522
-0.00373281968
0.00125096364
0.00609813739
0.0110468184
0.0150023157
-0.0670897429
-0.0598832885
-0.0588342485
-0.0536818995
-0.0513430986
-0.0475472117
-0.0442818446
-0.0406535707
-0.0368741202
-0.0328691089
-0.0286322025
-0.0241756007
-0.0195252164
-0.0146945608
-0.00966899752
-0.00437950028
0.00057685041
0.00524889284
0.00959243534
0.0140383122
-0.0670960821
-0.0591067072
-0.0585167533
-0.0540209741
-0.0512315551
-0.0477523559
-0.044491254
-0.0408680074
-0.0370877986
-0.0330723725
-0.0288184174
-0.0243453851
-0.0196847832
-0.0148648448
-0.00989659592
-0.00461607656
0.000255822729
0.00485063991
0.00863073012
0.0133023341
-0.0665569652
-0.0573608945
-0.0577195527
-0.0536204928
-0.0507152167
-0.0474525775
-0.0442337493
-0.0406741724
-0.0369145211
-0.0329075408
-0.0286498153
-0.0241614627
-0.0194830452
-0.0146606021
-0.00973245273
-0.00438512961
0.000327152154
0.00498904772
0.00821928101
0.0129546782
-0.0655924447
-0.0547290027
-0.0562581626
-0.0526211909
-0.0497441843
-0.0466457944
-0.0435155413
-0.0400622687
-0.0363539812
-0.0323752163
-0.0281237668
-0.0236241425
-0.0189259946
-0.0140810322
-0.00908933042
-0.00380237878
0.000850954999
0.00571620488
0.00830920476
0.0130742273
-0.0643709297
-0.0513021055
-0.054036848
-0.051116218
-0.048274179
-0.0453467176
-0.0423418
-0.0390281654
-0.0354065823
-0.0314781464
-0.0272469191
-0.0227435028
-0.0180215723
-0.0131248088
-0.00804661187
-0.00276771309
0.00195917199
0.00686193163
0.00890423622
0.0137310726
-0.0630947392
-0.0472566433
-0.0510307499
-0.0490797764
-0.0463087324
-0.043569542
-0.0407272458
-0.0375777877
-0.034079295
-0.0302304932
-0.0260400012
-0.0215422988
-0.016785531
-0.0118006336
-0.0065955474
-0.0012546997
0.00355470888
0.00830671868
0.0101482376
0.0149644987
-0.0619643801
-0.0428633516
-0.0472924006
-0.0464234694
-0.0438188576
-0.0413209426
-0.0387005353
-0.0357399586
-0.0323956952
-0.0286590443
-0.0245321672
-0.020043649
-0.0152264429
-0.0101035533
-0.00472515564
0.00071400029
0.00557283875
0.0101290046
0.0119196397
0.0166821826
-0.061148869
-0.0384753517
-0.04301923
-0.0430287693
-0.0406932164
-0.0385579703
-0.0362778633
-0.0335575164
-0.0303943904
-0.0267943913
-0.0227438843
-0.0182517975
-0.0133324505
-0.00802117982
-0.0024467202
0.00308047705
0.00794896245
0.0123052682
0.0140828606
0.018838915
-0.0607024585
-0.0344749079
-0.0386038171
-0.0388620582
-0.036760242
-0.0351532513
-0.0334118277
-0.0310459951
-0.0281088015
-0.0246622031
-0.0206847566
-0.016159028
-0.0110969469
-0.0055822901
0.000154299712
0.00571682259
0.0105565334
0.0147139604
0.0165401011
0.0215248974
-0.0606638547
-0.0314383493
-0.0344688899
-0.0340140546
-0.0319280752
-0.0309628681
-0.029978113
-0.0281480237
-0.0255349405
-0.0222797007
-0.0183779243
-0.0138115823
-0.0086151136
-0.00294724924
0.00287414816
0.00841920153
0.0132191694
0.0172209228
0.0192828723
0.0246824355
-0.0607164954
-0.0296403032
-0.031125613
-0.0289492483
-0.0264896597
-0.0260796969
-0.0259519894
-0.0248400131
-0.0227080596
-0.019747215
-0.0159929862
-0.0114450394
-0.00617411479
-0.000425574134
0.00542468611
0.0109488142
0.0157525146
0.019698851
0.0221682102
0.028103249
-0.0612725997
-0.0294197671
-0.0277593065
-0.0241424219
-0.0212196724
-0.0210232643
-0.0215804018
-0.0212267658
-0.0196979274
-0.0171509449
-0.0136503532
-0.00923393603
-0.00404795407
0.00163388371
0.00743727967
0.0129910005
0.017934992
0.0220300662
0.0251456755
0.0319953149
-0.0616338297
-0.0317422841
-0.0259876479
-0.0204638076
-0.0171540395
-0.0170446857
-0.0180200677
-0.0182607785
-0.0173038446
-0.0152239298
-0.0120908988
-0.00796867075
-0.00301293826
0.00255142637
0.00841148009
0.0142837018
0.0196852198
0.0244266429
0.0292244696
0.038204758
-0.0593199833
-0.0323705049
-0.0246835756
-0.0173746306
-0.0138900618
-0.0140976128
-0.015463099
-0.0161462865
-0.0156297151
-0.0139371772
-0.0111262457
-0.00721354638
-0.00231220163
0.00336820586
0.00949815508
0.015727133
0.0217732785
0.0282783297
0.0370568361
0.0493161177
-0.058571602
-0.0322032696
-0.0243933742
-0.0172429149
-0.0138654904
-0.0141694944
-0.0156514698
-0.0164764217
-0.0161124978
-0.0145441359
-0.0118696048
-0.00802719544
-0.0031317456
0.00267276261
0.00928689896
0.0167902069
0.0255961305
0.0364997509
0.0494794794
0.0630200726
-0.06077789
-0.0314453313
-0.0252887612
-0.0198700169
-0.0167690096
-0.0167672044
-0.0179116652
-0.0184739518
-0.0179568614
-0.0164661776
-0.0140002673
-0.0104566328
-0.00587450645
-0.000273710229
0.00651840702
0.015001517
0.0259394508
0.0399439435
0.0555771659
0.0691932446
-0.0597118356
-0.0289825234
-0.0271292107
-0.0233793706
-0.0207208748
-0.0206922069
-0.0214654111
-0.0215139696
-0.0204851339
-0.0184514965
-0.0154518732
-0.0116332738
-0.00700264642
-0.00162943756
0.00457902769
0.0121011922
0.0219353254
0.0352038979
0.0507907197
0.0649888293
-0.0586563643
-0.0290565687
-0.0315659805
-0.0280619061
-0.0257189056
-0.025785148
-0.0260930158
-0.0254564347
-0.0238074051
-0.02127365
-0.0178759972
-0.0136289325
-0.00860797511
-0.00296626308
0.00312207288
0.00970801004
0.0174446175
0.0277561882
0.0407852236
0.0543608399
-0.05927111
-0.0318366869
-0.0356095752
-0.0336572281
-0.03166536
-0.031371084
-0.0309369717
-0.0295567861
-0.0273413593
-0.0244012417
-0.0206950998
-0.0161872608
-0.010913968
-0.00503174139
0.00116970039
0.00739509697
0.0137405285
0.0213779641
0.0311090826
0.0427926206
-0.0604079286
-0.0352439361
-0.0396813462
-0.0392392871
-0.0374210894
-0.0364686095
-0.0352323657
-0.0332478804
-0.030644943
-0.027460224
-0.0236090421
-0.0190290911
-0.0137179507
-0.00777592533
-0.00147362386
0.00472112236
0.0104442466
0.0164524901
0.02362731
0.0334250077
-0.0616662982
-0.0391878178
-0.044044123
-0.0441918914
-0.0423290112
-0.0407263859
-0.0388383199
-0.0364506834
-0.0336125008
-0.0302799699
-0.0263642476
-0.0218133988
-0.0166082914
-0.0107900598
-0.00454073938
0.00167683003
0.00719980965
0.012411246
0.0179786693
0.0265240294
-0.0630327188
-0.0433253191
-0.0484337853
-0.0483387525
-0.0462712631
-0.0441564389
-0.0418408545
-0.0392152638
-0.0362216686
-0.0327721867
-0.0287982709
-0.0242829337
-0.0192193296
-0.013624842
-0.00758313891
-0.00143611999
0.00402698972
0.00889908529
0.0134801607
0.021348649
-0.0644847508
-0.0474720152
-0.0525121036
-0.0516635681
-0.0493586923
-0.0468856778
-0.0443328361
-0.0415628103
-0.038446274
-0.0348957484
-0.0308667516
-0.0263681421
-0.021415541
-0.0160391895
-0.010260589
-0.00427175051
0.00114093601
0.00590815427
0.00984108044
0.0174269212
-0.065941782
-0.0514350166
-0.055995918
-0.0542154613
-0.0517254073
-0.0490083593
-0.0463363412
-0.0434555448
-0.0402343307
-0.0366052619
-0.0325373233
-0.0280474274
-0.023169951
-0.0179584141
-0.0124121049
-0.00660046526
-0.00126045948
0.00356372654
0.00705195634
0.0146981044
-0.0672635544
-0.0550065368
-0.0587200629
-0.0560651835
-0.0534446729
-0.0505587775
-0.0478273951
-0.0448407648
-0.0415368537
-0.0378570136
-0.0337719251
-0.0292957052
-0.0244698085
-0.0193665772
-0.0139852645
-0.00830700482
-0.00306791784
0.0019088521
0.00538718825
0.0131057358
-0.0682883846
-0.0579603335
-0.0605961195
-0.0572446014
-0.0545479599
-0.0515293786
-0.0487651806
-0.0456787296
-0.0423182965
-0.0386135933
-0.0345315041
-0.030077541
-0.0252907642
-0.0202526083
-0.0149693096
-0.0093419347
-0.00420176536
0.00076931918
0.00507083946
0.012681621
-0.0688457633
-0.0600898995
-0.0616592096
-0.0576752519
-0.0550925777
-0.0518859389
-0.0491140674
-0.0459575196
-0.0425668183
-0.0388571288
-0.0347927903
-0.0303616537
-0.0256091515
-0.0206033802
-0.0153468937
-0.00974817012
-0.00459601853
0.000411252366
0.00566884469
0.0133051638
-0.0687866476
-0.0611622689
-0.062128985
-0.0571915869
-0.0551308029
-0.0516172327
-0.0488601993
-0.0456921723
-0.0422981478
-0.038598555
-0.0345508039
-0.0301495523
-0.0254191512
-0.0204139439
-0.0151279975
-0.00954882898
-0.0043373072
0.000923082721
0.00723637247
0.014698582
-0.0680748923
-0.060911748
-0.0620290164
-0.0561949633
-0.0541732376
-0.0508884536
-0.0480249219
-0.0448931442
-0.0415240166
-0.0378466391
-0.033816917
-0.0294303775
-0.0247047203
-0.0196770676
-0.0143472461
-0.00880346897
-0.0035195499
0.00228278012
0.00981080718
0.0165417959
-0.066765786
-0.0595384912
-0.0606303741
-0.0549074949
-0.0525257592
-0.0495029645
-0.0466484448
-0.0435745227
-0.0402532637
-0.0366079359
-0.0325955152
-0.0282107473
-0.0234707522
-0.0184117423
-0.0130673543
-0.00758647379
-0.00213911593
0.00448343185
0.0130009534
0.0184095482
-0.0646580624
-0.0574497442
-0.0581249558
-0.052939949
-0.0503027179
-0.0474823551
-0.0447309745
-0.0417530416
-0.0384973292
-0.0348882229
-0.0308882393
-0.0264957947
-0.0217390962
-0.0166713327
-0.0113589451
-0.00590013839
-6.53789256e-05
0.00748025141
0.0160936181
0.0198152413
-0.0615591245
-0.0546671354
-0.0548185436
-0.0502250124
-0.0475155857
-0.0448799729
-0.0422920325
-0.039450558
-0.0362793256
-0.0327097424
-0.0287195549
-0.0243219895
-0.019565561
-0.0145144058
-0.00921276168
-0.0035995534
0.00286394625
0.0109938696
0.0184260092
0.0204518202
-0.0573578403
-0.0511741524
-0.0508827323
-0.0468345307
-0.0441965904
-0.0417622812
-0.0393778014
-0.0367105234
-0.033648676
-0.030130854
-0.0261578376
-0.0217605057
-0.0169962254
-0.0119056884
-0.00645446739
-0.000428729071
0.00664136603
0.0144400463
0.019696107
0.0204697107
-0.0522150483
-0.04683996
-0.0463914649
-0.0429008747
-0.0404475279
-0.0382404716
-0.0360823447
-0.033615843
-0.0306886102
-0.0272359016
-0.0232721978
-0.0188316077
-0.013954956
-0.0086392066
-0.00280071467
0.00372168207
0.0108638322
0.0172465539
0.0202588627
0.0203017513
-0.0461844602
-0.0416856059
-0.0414025728
-0.0385825127
-0.0364423453
-0.0345001451
-0.0325735714
-0.0303048855
-0.0275056899
-0.0240894682
-0.020058319
-0.015433617
-0.0102367975
-0.00446880344
0.00184722735
0.00851176502
0.0147802992
0.0191235537
0.0206061668
0.0203296582
-0.0392455643
-0.0357166255
-0.0359544579
-0.0340274028
-0.0323943539
-0.0307975689
-0.0291076862
-0.0269927475
-0.0242435652
-0.020749264
-0.0164897373
-0.01147703
-0.00575868768
0.000536471046
0.0070715902
0.0131427372
0.0177077921
0.0200691226
0.0207474835
0.0205217437
-0.0313228668
-0.0288704389
-0.0300101955
-0.0293090295
-0.0284870951
-0.0274035971
-0.0259915524
-0.023968266
-0.0211330096
-0.0173963512
-0.0127266152
-0.00716576205
-0.000873785009
0.00576133073
0.0119961669
0.0168031908
0.019443144
0.0202928598
0.0205618362
0.0206601258
-0.0225577528
-0.0211926143
-0.0235310068
-0.0244157892
-0.024798174
-0.0244905724
-0.0234542846
-0.0214944627
-0.0184988174
-0.0144004572
-0.00922121437
-0.00310336826
0.00360833616
0.0102336934
0.0157346498
0.0191206722
0.020249549
0.0201010984
0.0202596229
0.0208625519
-0.0138694578
-0.0133872884
-0.0169218318
-0.0195473508
-0.0214125683
-0.0221404948
-0.021667485
-0.0198809985
-0.016722258
-0.0122399766
-0.00658689655
-6.27090468e-05
0.00680728811
0.0131613752
0.0179074205
0.0203336165
0.0207278761
0.0200186654
0.0202940858
0.0212120547
-0.00719796909
-0.00725699582
-0.01169745
-0.0159723446
-0.0194875101
-0.0214116781
-0.0215511616
-0.0198550013
-0.0164257026
-0.0115679163
-0.00558611345
0.00110545639
0.00789796686
0.0139376337
0.0182873535
0.0204487106
0.0206591024
0.0200836678
0.0203209379
0.0213184043
-0.00457001777
-0.00488532828
-0.0101984292
-0.01590337
-0.0207891094
-0.0235478013
-0.0239442106
-0.0220619802
-0.0181650982
-0.0130013875
-0.00673900314
5.83359739e-05
0.00674973163
0.0126235152
0.0169931947
0.0194233407
0.0199906499
0.0194327229
0.0194706686
0.0204910244
-0.00669910296
-0.00732854681
-0.013745592
-0.0204776446
-0.0259863016
-0.0286800618
-0.0284584776
-0.0257957164
-0.0213570814
-0.0154847324
-0.00890773277
-0.00206212577
0.00450324528
0.0102649928
0.0148119689
0.0178232948
0.0191456815
0.0191688718
0.0191196451
0.0197421822
-0.0133640684
-0.0143372481
-0.0215901688
-0.0284297328
-0.0331162679
-0.0342641268
-0.0324062582
-0.0285486967
-0.0233977507
-0.0174054024
-0.0108744846
-0.00418685356
0.00216660257
0.00777342902
0.0124274304
0.0159778379
0.0181784939
0.0190131613
0.0192055437
0.0192865569
-0.0232364176
-0.0242188831
-0.0313786366
-0.0369176844
-0.0394053783
-0.0383595939
-0.0350643463
-0.0305261722
-0.0253011055
-0.0194196366
-0.0130497085
-0.00650913437
-0.000277000298
0.00525516971
0.00998363734
0.013901215
0.0168188235
0.0184562242
0.0189393003
0.0188556657
-0.0342572988
-0.0347247581
-0.0408486916
-0.0441473241
-0.0441775314
-0.04141373
-0.0373502617
-0.0326293546
-0.0273996787
-0.0216374701
-0.0154070524
-0.00896026929
-0.00276146867
0.00279332496
0.00764526081
0.0118595794
0.0152833312
0.0175214999
0.0183473045
0.0183685764
-0.0446825098
-0.0442385558
-0.0488754764
-0.0498131298
-0.0478782599
-0.0440489294
-0.039582743
-0.0347258474
-0.0294685104
-0.0237765223
-0.0176620057
-0.0113057469
-0.00513784369
0.000445175024
0.005417216
0.00989484606
0.0137383281
0.0165076775
0.0177889744
0.0178897566
-0.0536346009
-0.0521007968
-0.0553013232
-0.0542191652
-0.0509309568
-0.0464683011
-0.0417271153
-0.0367000122
-0.0313634113
-0.0257064015
-0.019701588
-0.0134539112
-0.00734786937
-0.00177854892
0.00325742374
0.00793651265
0.0121790899
0.0155611311
0.0173939362
0.0175206714
-0.0609411594
-0.0582708839
-0.0603693919
-0.0576920069
-0.053534983
-0.0486777203
-0.0437049343
-0.0384940931
-0.033067755
-0.0274396636
-0.0215508548
-0.0154344948
-0.00943027303
-0.00392872752
0.00111531107
0.00594386479
0.0105472402
0.0145454216
0.0169565747
0.0172801969
-0.0667146364
-0.0629268833
-0.0643711123
-0.0604284256
-0.0557527232
-0.0506314555
-0.0454642053
-0.040097124
-0.0346080935
-0.0290277272
-0.0232701829
-0.0173074617
-0.0114451736
-0.00606041882
-0.00102669913
0.00395700499
0.00886680737
0.013392302
0.0164641258
0.0171020515
-0.0710922272
-0.066293587
-0.067512145
-0.0625113694
-0.0576023716
-0.0522895344
-0.0469805784
-0.0415177558
-0.0360206591
-0.0305260558
-0.0249178303
-0.0191270594
-0.0134431486
-0.00821922542
-0.00318522269
0.00202208942
0.00722885358
0.0121415378
0.0158868379
0.0169285742
-0.0740625148
-0.0687267128
-0.0698636841
-0.063993476
-0.0591120247
-0.0536348881
-0.048261041
-0.0427815206
-0.037346865
-0.0319730801
-0.0265226398
-0.0209115533
-0.0154343087
-0.0104172213
-0.00538113548
0.000129840693
0.00568463561
0.0108598646
0.01503754
0.0166048134
-0.0756834421
-0.0705291724
-0.0713026485
-0.064982034
-0.0602978328
-0.054671644
-0.0493390415
-0.0439217485
-0.0386090299
-0.0333695342
-0.0280626013
-0.0226202856
-0.0173586618
-0.0125886585
-0.00757612986
-0.00173208937
0.00421713847
0.00961700461
0.0139350384
0.0159949402
-0.0765425826
-0.0712889155
-0.0715552116
-0.0657886892
-0.0611154074
-0.0554347839
-0.0502514586
-0.0449607827
-0.0398024194
-0.0346714755
-0.029462393
-0.0241570615
-0.0190898541
-0.0145837646
-0.00964011324
-0.00350433059
0.00281526352
0.00844277086
0.012771098
0.0151710346
-0.076851703
-0.0705128215
-0.0712782408
-0.0662822849
-0.0614140799
-0.055983864
-0.0509919703
-0.0458810978
-0.0408784243
-0.0357986397
-0.0306136675
-0.0254032807
-0.0204793236
-0.0162173807
-0.0113997695
-0.00506998175
0.00152322175
0.00736202741
0.0117264295
0.0143211889
-0.0765423187
-0.0683472546
-0.0704745423
-0.0661647444
-0.0614119374
-0.0563103262
-0.051494069
-0.046608343
-0.0417273683
-0.0366258955
-0.0314047813
-0.0262577539
-0.0214024744
-0.0173320473
-0.0127093698
-0.00632563907
0.000413733721
0.00643584269
0.0109126861
0.013630806
-0.0757329843
-0.0650198937
-0.0688099131
-0.0655135542
-0.0610640821
-0.0562774192
-0.051693029
-0.047031411
-0.0422139954
-0.0370606155
-0.0317662456
-0.0266537964
-0.021785816
-0.0178516133
-0.0135069579
-0.00722064775
-0.000442607609
0.00574787205
0.0103989043
0.0132404539
-0.0746891563
-0.0607654758
-0.0660976591
-0.0642645311
-0.0602590944
-0.0558213375
-0.0514892776
-0.0470143322
-0.0422323673
-0.0370322687
-0.031682084
-0.0265368471
-0.0217032244
-0.0177413754
-0.013776168
-0.00769178047
-0.000958288816
0.00538305607
0.0102462047
0.0132451845
-0.0736849569
-0.0559692895
-0.0623132582
-0.0622633992
-0.0589027508
-0.0548889731
-0.0508010092
-0.0464706366
-0.0417222593
-0.0365034871
-0.031112697
-0.0259216011
-0.0211193507
-0.017127804
-0.0133453982
-0.00759284226
-0.00102414828
0.0054162664
0.010504866
0.013711368
-0.0729482077
-0.0511265699
-0.0576246697
-0.0593871524
-0.0568804195
-0.0534015908
-0.0495813393
-0.0453647916
-0.0406524918
-0.0354502272
-0.0300564128
-0.0248368318
-0.0200142347
-0.0159252778
-0.0121871413
-0.0069872173
-0.000580781283
0.00592110227
0.0112209686
0.0146826734
-0.072553594
-0.0466740765
-0.0524472229
-0.0556321599
-0.0540562445
-0.0512432837
-0.0477871514
-0.0436980175
-0.0390311015
-0.0338799977
-0.0285294843
-0.0233058803
-0.018440322
-0.014235869
-0.0104795529
-0.00568515946
0.000380540288
0.00695357721
0.0124445196
0.0161855414
-0.0724814053
-0.0432039581
-0.0474662342
-0.051186003
-0.0503546079
-0.0482815689
-0.0453404573
-0.0414676495
-0.0368885307
-0.031827723
-0.0265741424
-0.0213703698
-0.0164610782
-0.0121324347
-0.00830267133
-0.00379449401
0.00194816205
0.0084885471
0.0141888775
0.0182455242
-0.0723436918
-0.0408540572
-0.0434737299
-0.046630996
-0.0459642478
-0.0444593158
-0.0421313269
-0.038628758
-0.0342437739
-0.0293338443
-0.0241880854
-0.0190904162
-0.014168674
-0.00972290014
-0.00577530959
-0.00141817066
0.00406248892
0.0105248164
0.0164443029
0.0208763788
-0.0725672114
-0.0405764356
-0.0404969123
-0.0426837188
-0.0415020908
-0.0399888365
-0.0381311773
-0.0351189223
-0.0310903194
-0.0264638025
-0.0215546485
-0.0165812878
-0.011688657
-0.00715129832
-0.00305344771
0.001280447
0.00661035302
0.0130801002
0.0193305686
0.024005898
-0.072856983
-0.0437632533
-0.0407090257
-0.0404811965
-0.0376523394
-0.0353626077
-0.033579286
-0.0310019179
-0.0274469947
-0.0232503699
-0.0186893656
-0.0139404318
-0.0091535137
-0.00457419412
-0.000311022437
0.00410805138
0.00943474432
0.0160737792
0.0227751865
0.0277656276
-0.0737723997
-0.0491290331
-0.0451008725
-0.0407740041
-0.0348217016
-0.0310868783
-0.0289385896
-0.0265745427
-0.0234961622
-0.0198338269
-0.0157341968
-0.011310641
-0.00671075434
-0.00216593985
0.00226413773
0.00685790565
0.0123612155
0.0194079557
0.0267814082
0.0322221166
-0.0742797346
-0.0547149582
-0.0509747554
-0.0420513477
-0.0328730888
-0.0275001383
-0.024636122
-0.0222540951
-0.0195972262
-0.01650032
-0.0129177393
-0.00888439851
-0.00452373315
-1.34452771e-05
0.00450389892
0.00933800457
0.0152362972
0.0230267457
0.0314002888
0.0374839086
-0.0738593835
-0.0569535515
-0.0526947932
-0.0409793413
-0.0308774071
-0.0244512221
-0.0207880357
-0.0183403325
-0.0161092567
-0.0135711027
-0.0104992699
-0.00687172129
-0.00278900832
0.00160320654
0.00623977512
0.0113974162
0.0179761495
0.0269672803
0.0367358144
0.0436431173
-0.071722964
-0.0569103895
-0.0507158142
-0.0388068938
-0.0287152296
-0.0215299076
-0.0173083135
-0.0149888679
-0.0132620839
-0.0112747915
-0.00868480877
-0.00544309873
-0.00162537408
0.00266210477
0.0074042143
0.0130191405
0.0206724495
0.0313814523
0.0428118648
0.0505367597
-0.0679209052
-0.0552268338
-0.0480381266
-0.0362586329
-0.0259675815
-0.0184252107
-0.0141947178
-0.0123104796
-0.0111435323
-0.00967026274
-0.00752620628
-0.00464276603
-0.0010585426
0.00315869743
0.00808612561
0.0144468065
0.0236537845
0.0363537176
0.0491938614
0.0573518948
-0.0646505529
-0.053535219
-0.0446514897
-0.0323089997
-0.0222622385
-0.0155123837
-0.0118430577
-0.0105914774
-0.00995722187
-0.00889713558
-0.00710633992
-0.00450729514
-0.00108588956
0.00317047568
0.00850976287
0.0161076875
0.0271480259
0.0412493621
0.0544121974
0.0624691665
-0.0652483111
-0.0544518437
-0.0443034584
-0.0306383707
-0.0207769632
-0.0144802012
-0.0116672128
-0.0105392257
-0.00989645586
-0.0088919326
-0.00720957717
-0.00469425667
-0.00122934191
0.00336738997
0.00957270123
0.0184740125
0.0303396777
0.0439473659
0.0559979741
0.0636818199
-0.0692187531
-0.0561376797
-0.0464011212
-0.0328523098
-0.0237492703
-0.0187342544
-0.0161150768
-0.0144470962
-0.0129505199
-0.011305538
-0.0090954133
-0.00605117152
-0.00198174391
0.00336793916
0.0104333146
0.0192072046
0.029930183
0.041443452
0.0519414439
0.0593070899
-0.0715227401
-0.0547211111
-0.0457874711
-0.0363467287
-0.0290397165
-0.0247561027
-0.0220547096
-0.0198199593
-0.0176391105
-0.0152585987
-0.0124258068
-0.00884778491
-0.00430530653
0.00134104952
0.00812060482
0.0159030635
0.0246431604
0.0340463125
0.0430785642
0.0503613155
-0.069360678
-0.0494192352
-0.0434023199
-0.0391710742
-0.03416216
-0.0302413414
-0.02719029
-0.0244024061
-0.02166597
-0.0188323252
-0.0156700174
-0.0119206177
-0.00736017041
-0.00186984921
0.004503
0.0115427504
0.018960246
0.0265519937
0.0339080598
0.0405955271
-0.0664289084
-0.0436091502
-0.0431740341
-0.0421167362
-0.0384966014
-0.0347992443
-0.0314749855
-0.0284026011
-0.0254639314
-0.0224772297
-0.0191764249
-0.0152991604
-0.0106892254
-0.00527577819
0.000837965254
0.00737731617
0.0139525552
0.0203388001
0.0263531503
0.0322775766
-0.0638198546
-0.044705985
-0.0470687194
-0.0451366168
-0.0419244375
-0.038369213
-0.0348838647
-0.0317326759
-0.0287994611
-0.0258194657
-0.0225244059
-0.0186928623
-0.0141837629
-0.0089385387
-0.00304528983
0.00320416184
0.00932883295
0.0150532967
0.0202309104
0.0256613823
-0.0638626458
-0.0485379945
-0.0505660621
-0.0475028205
-0.0447315384
-0.0411760616
-0.0375983661
-0.0344804203
-0.0316048989
-0.0286394221
-0.0253462721
-0.0215798338
-0.0172555075
-0.012299859
-0.0067234145
-0.000753174306
0.00508707971
0.0104710054
0.0151340986
0.0205032644
-0.0648564318
-0.052044687
-0.0533852884
-0.0495316848
-0.0471399168
-0.0434400119
-0.0398213699
-0.0367621389
-0.0339240982
-0.0309413887
-0.0276192076
-0.0238695337
-0.0196636038
-0.0149588441
-0.00971890501
-0.0040619628
0.00152197738
0.0067452469
0.0110753035
0.0167289141
-0.0662717416
-0.0549366109
-0.0557518374
-0.0512381572
-0.0491691736
-0.045299284
-0.0416577041
-0.038608846
-0.0357632119
-0.0327318234
-0.029362319
-0.0256073015
-0.0214610665
-0.016912135
-0.0119197872
-0.00652536457
-0.00116562661
0.00400930572
0.00844706177
0.014067288
-0.0678737673
-0.0570619819
-0.0576455341
-0.0526820622
-0.0508323398
-0.0468199847
-0.0431323698
-0.0400105038
-0.0371105161
-0.0339986582
-0.0305657611
-0.0267917058
-0.022670733
-0.0182042279
-0.0133591021
-0.0081380323
-0.00294152411
0.0021859086
0.00715323702
0.0124472255
-0.0692752349
-0.0585177438
-0.0591508481
-0.0538451265
-0.0521001925
-0.0480091194
-0.0442466589
-0.0409720361
-0.0379800622
-0.0347566437
-0.0312406055
-0.0274263375
-0.0232924944
-0.0188513957
-0.0140738593
-0.00895968597
-0.00385730733
0.00132060477
0.00684710595
0.0115591576
-0.0703687344
-0.0594725576
-0.0601505178
-0.0546390206
-0.0529686575
-0.0488645745
-0.0449977158
-0.0415032895
-0.0383906374
-0.0350271922
-0.0314061452
-0.0275275251
-0.0233288381
-0.0188693738
-0.0140971278
-0.00906191244
-0.00401388906
0.00130513749
0.00724050227
0.011157924
-0.0711363762
-0.0598643504
-0.0607001371
-0.0550580168
-0.0534492864
-0.0493787688
-0.0453759205
-0.0416044601
-0.0383557108
-0.0348266719
-0.0310729035
-0.0270823244
-0.0228172362
-0.0182830212
-0.0134877116
-0.00851834386
-0.00349905004
0.00199053071
0.0079985997
0.0110690031
-0.0715168901
-0.0597901745
-0.0606521572
-0.0551178078
-0.0535698895
-0.0495244762
-0.0453865819
-0.0412847686
-0.0378854294
-0.034170842
-0.0302567747
-0.0261246805
-0.0217489665
-0.0171376017
-0.0123377831
-0.00743896057
-0.00241956734
0.00319325014
0.0088856617
0.011149351
-0.0712989713
-0.0590835031
-0.0601510058
-0.0548418596
-0.053428222
-0.0492500847
-0.0450301955
-0.040631499
-0.0369683512
-0.0330701841
-0.0289711283
-0.0246892536
-0.0201995038
-0.0155368633
-0.0107685934
-0.00594234684
-0.000907718321
0.00470879879
0.00978331932
0.0112847365
-0.0704126498
-0.0578744589
-0.0592541416
-0.0540378166
-0.0531030873
-0.0486068711
-0.0442730238
-0.0396516593
-0.0356991848
-0.0315973289
-0.027310114
-0.0228744735
-0.0182963244
-0.0136262371
-0.00891910404
-0.00415376079
0.000882719512
0.00631533858
0.0105772139
0.0114380384
-0.0688645471
-0.0563684279
-0.0581969113
-0.0527019858
-0.0522664163
-0.047769577
-0.0432256029
-0.0384009989
-0.0341673113
-0.0298614706
-0.02539354
-0.0208300227
-0.0162068136
-0.0115709376
-0.00693630629
-0.00221141251
0.00279258852
0.00784754716
0.0111914443
0.0115879311
-0.0669890521
-0.0547254373
-0.0567778953
-0.0512600644
-0.0508904968
-0.0466715031
-0.0419728348
-0.0369675604
-0.0324831535
-0.0279948318
-0.0233816084
-0.0187317022
-0.0141043192
-0.00952451616
-0.00495053883
-0.000236401757
0.0047038384
0.00923274941
0.01163591
0.0117438021
-0.0648868889
-0.0530033913
-0.0550678981
-0.0497913372
-0.0492279723
-0.0453350297
-0.0405757102
-0.0354362888
-0.0307560648
-0.0261352968
-0.021423316
-0.0167300662
-0.0121233364
-0.00759562117
-0.00304856121
0.00168555673
0.00652536624
0.010475969
0.0121063873
0.0119923976
-0.0627261861
-0.0511444804
-0.0531679693
-0.0482119817
-0.0474208867
-0.0438220283
-0.0390876882
-0.0338733091
-0.0290634828
-0.0243630184
-0.0196087007
-0.0149088844
-0.0103304873
-0.00583361013
-0.00127515909
0.00348646917
0.00814995532
0.011536696
0.012704539
0.0123481114
-0.0604717521
-0.049184282
-0.0510892532
-0.0464897589
-0.0455373958
-0.0421944435
-0.0375467208
-0.0323168368
-0.0274403328
-0.0227091219
-0.0179571894
-0.0132745074
-0.00872119095
-0.00423506506
0.000341335407
0.00506537118
0.0093982516
0.0121944737
0.0131012419
0.0127362077
-0.058043027
-0.0470761726
-0.0488374998
-0.0446509593
-0.043615092
-0.0404959448
-0.0359690182
-0.030774084
-0.0258765686
-0.0211495589
-0.016424068
-0.0117676844
-0.00723655914
-0.00277377322
0.00173618045
0.00622145621
0.0100382651
0.0123081649
0.0130696275
0.0130030974
-0.0553856925
-0.0447169293
-0.0464192236
-0.0427279016
-0.0416727904
-0.0387493084
-0.0343520851
-0.0292229787
-0.0243250522
-0.0196143815
-0.01491629
-0.0102842813
-0.00579558291
-0.00145626246
0.0027478001
0.00666719493
0.00981633652
0.0117378322
0.0126161489
0.0129956926
-0.0524490517
-0.0420258198
-0.0437888355
-0.0407294875
-0.0397113924
-0.036960204
-0.0326848001
-0.0276208699
-0.0227162239
-0.0180050331
-0.0133143834
-0.00871163065
-0.00435261554
-0.000369129563
0.00316962843
0.006246941
0.00874677356
0.0106011215
0.0119244271
0.0127956347
-0.0491602463
-0.0389392092
-0.0408878434
-0.0386376847
-0.0377241377
-0.0351228951
-0.0309584255
-0.0259307079
-0.0209734071
-0.01621567
-0.011507439
-0.00697800191
-0.00292915826
0.000387077195
0.00299006308
0.00525719676
0.00744940831
0.00949772066
0.011371334
0.012633131
-0.0452428902
-0.0355515443
-0.0376951957
-0.0364230057
-0.0357288253
-0.0332578428
-0.0291757223
-0.024148407
-0.0190658821
-0.0141902154
-0.00945296187
-0.00508866064
-0.00154880418
0.000890311607
0.00255446108
0.00434801874
0.00665355129
0.00898270254
0.0111945066
0.0127271161
-0.040570398
-0.0317281902
-0.0341752217
-0.0340375817
-0.0337639799
-0.0314821863
-0.0274466672
-0.022336881
-0.0170504185
-0.0119850931
-0.00721443954
-0.00309241821
-0.000148758397
0.00145431143
0.00244733679
0.00411076536
0.00660590957
0.00907812859
0.0114312688
0.0132480383
-0.0350196597
-0.0272886198
-0.0302382873
-0.0313906019
-0.0317675793
-0.0298164957
-0.025916473
-0.0207190627
-0.0151561271
-0.00981153614
-0.00495579328
-0.00104098526
0.0014294315
0.00251539475
0.00326096874
0.00497281915
0.00740822548
0.00966123787
0.0121317899
0.0143493371
-0.0285305716
-0.0221139945
-0.0257776294
-0.0283942184
-0.0296900711
-0.0282278854
-0.0245714498
-0.0194053357
-0.0136184189
-0.00794223223
-0.00288216009
0.00102384733
0.00336837921
0.00440678818
0.00519310016
0.00683556183
0.00884076992
0.0108038203
0.0134655291
0.0159851866
-0.0213846012
-0.0163256918
-0.0207664023
-0.0249644408
-0.0274657422
-0.0267063639
-0.0233828036
-0.0183363148
-0.0124435158
-0.00647139704
-0.00109079584
0.00307831899
0.00568629595
0.00699700491
0.00792955317
0.00917624997
0.0106241699
0.0123685688
0.0152748534
0.0179923596
-0.014506699
-0.0105960629
-0.0155216274
-0.0211364094
-0.0250413147
-0.0252268013
-0.0223498248
-0.0174561585
-0.0115275927
-0.00533877181
0.000383129097
0.00496266761
0.00802082072
0.00967910598
0.0106285195
0.0113844954
0.0124256013
0.0141475556
0.0170967022
0.0196636696
-0.00943980711
-0.00641766027
-0.0111252845
-0.0174396762
-0.0225788569
-0.0239691706
-0.0217534673
-0.0170366341
-0.0110562648
-0.0046658428
0.00137404984
0.00634936184
0.00979879166
0.0118225303
0.012786027
0.0133931299
0.0141036255
0.0155362258
0.0179448607
0.0200942755
-0.00831984695
-0.00518695753
-0.00969348301
-0.0155816501
-0.0207881029
-0.0229305479
-0.0215469624
-0.0175106149
-0.0116842628
-0.00521457064
0.00106322158
0.00643842774
0.0104075692
0.0127624157
0.0139113829
0.0144114813
0.0149121839
0.0159310331
0.0176144399
0.0192661387
-0.0130180592
-0.00977784104
-0.0138045087
-0.0185518916
-0.022612018
-0.024191585
-0.0229011011
-0.0194275498
-0.0144303465
-0.00849110759
-0.00232015992
0.00342398484
0.0081936412
0.0116391675
0.0137809419
0.0149756168
0.0158277374
0.0168727682
0.0181501384
0.0190211941
-0.0229835343
-0.0195941666
-0.0233309373
-0.0267088062
-0.0290747749
-0.029327655
-0.0276276086
-0.0240117166
-0.0192093242
-0.0135861933
-0.00757003338
-0.0015784092
0.00398240592
0.00875150335
0.0124903115
0.0151688596
0.0170076189
0.0183211952
0.0191667921
0.0193978979
-0.0353204699
-0.0312844181
-0.0342360831
-0.0358232407
-0.0362976279
-0.0350391703
-0.0323650611
-0.0284794041
-0.0236636386
-0.0182445871
-0.0124567007
-0.00654120669
-0.000728655676
0.00477159752
0.00977568807
0.0140596509
0.0172560991
0.0190775498
0.0197687033
0.0196255407
-0.0470998906
-0.0418525754
-0.0436379168
-0.0432880203
-0.0420726793
-0.0396144143
-0.0362554452
-0.0320987176
-0.0272791532
-0.0219568554
-0.0163065224
-0.0105046269
-0.00471890197
0.000922101613
0.00637888812
0.0116233073
0.0162241734
0.0191723618
0.0200749219
0.0197028556
-0.0569317678
-0.0502460561
-0.0510012485
-0.0489759539
-0.0465791799
-0.0433724121
-0.0396296185
-0.0353093631
-0.0304420066
-0.0251164642
-0.0194657972
-0.0136454751
-0.0078252872
-0.00217224858
0.00326927365
0.00867677469
0.0140574043
0.0183550077
0.0200596886
0.0200285059
-0.06466585
-0.0566198133
-0.0567900008
-0.0534389274
-0.0503342159
-0.046687312
-0.04269541
-0.0382125352
-0.0332366406
-0.0278461512
-0.0221464659
-0.0162506845
-0.010311665
-0.00456157277
0.000833195279
0.00605863269
0.0115011622
0.0167877052
0.0199976088
0.020513671
-0.0704878858
-0.061431322
-0.0614395454
-0.0569899707
-0.0535065234
-0.0495450245
-0.0453204829
-0.0406355593
-0.0355084429
-0.0300316552
-0.0242942735
-0.0183569644
-0.0123195201
-0.00644722755
-0.00104410746
0.00400198468
0.00922536226
0.0148772793
0.0195353156
0.0209036466
-0.0743616678
-0.0652964268
-0.0651137761
-0.0597321091
-0.0561176348
-0.0518776479
-0.0474221487
-0.0425198467
-0.0372255952
-0.0316520226
-0.0258829746
-0.0199387828
-0.0138557882
-0.00791107585
-0.00251832926
0.00240611194
0.00742662731
0.0129707322
0.0181982736
0.0207322183
-0.0769318309
-0.0681726882
-0.0677464623
-0.0617425616
-0.0581950706
-0.0536808967
-0.0490255906
-0.0439187469
-0.0384589139
-0.0327753958
-0.0269556973
-0.0210060933
-0.0149117325
-0.00896973774
-0.00365759602
0.00116035409
0.00604942629
0.011381758
0.0164352434
0.0198851229
-0.0787876421
-0.0698660418
-0.0691638047
-0.0631769668
-0.0597422339
-0.0549671746
-0.0501744288
-0.044889304
-0.0392741783
-0.033463989
-0.0275645835
-0.0215894738
-0.0155002311
-0.00964139939
-0.00448413465
0.000228042665
0.00499558324
0.0101227587
0.0147027193
0.0186613899
-0.0799611701
-0.070013141
-0.0695406912
-0.0643889924
-0.0606860337
-0.0557552669
-0.0508770658
-0.0454358938
-0.0396849304
-0.0337484306
-0.0277533723
-0.0217294735
-0.0156610949
-0.00996472247
-0.00500856364
-0.000401147434
0.00421867497
0.00911663237
0.0131833506
0.0173151967
-0.0804325677
-0.0689373104
-0.0695194651
-0.0649661056
-0.0609107128
-0.0560548996
-0.0510942265
-0.0455333929
-0.0396842764
-0.033641229
-0.0275565727
-0.0214788185
-0.0154507225
-0.010002471
-0.00525093905
-0.000750930831
0.00372871663
0.00826363858
0.0120080301
0.0159462158
-0.0804256101
-0.0669896332
-0.0688303934
-0.0647789459
-0.0606265794
-0.0558487766
-0.050782493
-0.045181709
-0.0392688407
-0.0331418532
-0.0269959894
-0.0209195271
-0.0149389312
-0.00983718864
-0.00526098816
-0.000836059641
0.00343382043
0.00754911195
0.0109417808
0.0147437114
-0.0802037331
-0.0644205738
-0.0673379831
-0.0639588057
-0.0598013479
-0.05508443
-0.0499842948
-0.0443731731
-0.0384218184
-0.0322662484
-0.0260951531
-0.0200190939
-0.0144197621
-0.00959756876
-0.00513135948
-0.000711678755
0.00327945056
0.00699317031
0.0100415665
0.0137371113
-0.0799442512
-0.0615261731
-0.0651652338
-0.0625486536
-0.0584010979
-0.0537912226
-0.0487165537
-0.0431281928
-0.0371915534
-0.0310784046
-0.0249785149
-0.0190993564
-0.0139708751
-0.00939255756
-0.00492242756
-0.000483239243
0.00326386874
0.00670081695
0.00947502863
0.0130929567
-0.0797194171
-0.0585653595
-0.0625755717
-0.0605802386
-0.0564609074
-0.0520354675
-0.0470632776
-0.0415533551
-0.0357189917
-0.0297712419
-0.0238798988
-0.0184562136
-0.0138361359
-0.00940726383
-0.00471876193
-0.000214214513
0.00345603395
0.0068167457
0.00937125442
0.0129464635
-0.0794795295
-0.0556619412
-0.0599097059
-0.0581617513
-0.0540874685
-0.0499516055
-0.045194745
-0.0398569252
-0.0342508042
-0.0286155435
-0.0231451333
-0.0184230853
-0.0142420538
-0.00978439637
-0.00470079853
8.47902955e-05
0.00388861594
0.00744344355
0.00980409349
0.0132593281
-0.0791154751
-0.0528731657
-0.0574582426
-0.0554738832
-0.0514832488
-0.0477607812
-0.0433475822
-0.0383186989
-0.0331048331
-0.0279566492
-0.0231108528
-0.0192805578
-0.015384848
-0.0105313339
-0.00491966559
0.000261316137
0.00449577796
0.00821939143
0.0109051002
0.0140839368
-0.078484448
-0.0501974421
-0.0552870124
-0.0527266659
-0.0489441719
-0.0457313367
-0.0417652411
-0.0371927583
-0.0325283775
-0.0280115226
-0.0240605742
-0.0211181904
-0.0173513116
-0.0117534727
-0.00550378914
0.000393701995
0.00523487083
0.0093838727
0.0122322657
0.0153752678
-0.0780495616
-0.0478948886
-0.0527455022
-0.0501886918
-0.0468167011
-0.0440819044
-0.0406188426
-0.0366318185
-0.0326510099
-0.0288904997
-0.0260203672
-0.0238965541
-0.020040252
-0.0135617543
-0.00640634841
0.000487097906
0.00615099007
0.0108151288
0.0137176255
0.0170706771
-0.0787055679
-0.048567972
-0.0500699576
-0.0483012263
-0.0453372497
-0.0428952148
-0.0399542028
-0.0366357341
-0.0334216875
-0.0305146375
-0.0288424433
-0.0273903904
-0.023178088
-0.0158756693
-0.00754908595
0.00061764178
0.00723975155
0.0123619392
0.0155906026
0.0190773924
-0.0789644785
-0.0527230852
-0.0499984367
-0.0475692276
-0.0444391669
-0.0421124365
-0.0396824364
-0.0370416597
-0.0346048912
-0.032597519
-0.0320029516
-0.0312752591
-0.0264666173
-0.0183998649
-0.00864892262
0.000797493804
0.00851093998
0.0142123189
0.0178813437
0.0213899429
-0.0798191541
-0.0562542498
-0.0514736361
-0.0476354601
-0.0438075414
-0.041533075
-0.0395801107
-0.0375666599
-0.0358590472
-0.0347961156
-0.0352385738
-0.0346283026
-0.0295961108
-0.0207726336
-0.00972214235
0.0012547847
0.0101343649
0.0164748487
0.020562219
0.0240798034
-0.0806677606
-0.0597462687
-0.0543467654
-0.0480648849
-0.0430739101
-0.0408676068
-0.0393258132
-0.037857199
-0.0367743533
-0.0365605354
-0.0376303746
-0.0371874177
-0.0321729787
-0.022718929
-0.0102951117
0.00225340104
0.0122704465
0.0191935232
0.0236131058
0.027140159
-0.080932974
-0.0635232736
-0.0579027368
-0.0481617714
-0.041992965
-0.0398590186
-0.0385893889
-0.037566257
-0.0369964651
-0.0374304682
-0.0388681364
-0.0384626715
-0.0336074151
-0.0236521554
-0.00992644436
0.00404728513
0.0149922347
0.022319654
0.0269462594
0.0304548285
-0.0794963399
-0.0648903244
-0.0594827407
-0.0467066397
-0.0403111549
-0.038240284
-0.0370957831
-0.0364477092
-0.0363337988
-0.0371555819
-0.0387313658
-0.0383047077
-0.0335390426
-0.0230993642
-0.00823161878
0.00677762281
0.0182187022
0.0256642629
0.0303477274
0.0337825281
-0.0755446881
-0.0620552491
-0.0574150998
-0.0434180887
-0.0378838639
-0.0357527385
-0.0346732047
-0.0343989176
-0.0347190764
-0.0357656066
-0.0372508314
-0.036711184
-0.0318235464
-0.0207549755
-0.00501082891
0.0103682698
0.0216708977
0.0288833108
0.0334754702
0.0367934604
-0.0702665676
-0.0587395507
-0.0530772367
-0.0397535182
-0.0348014222
-0.0323165988
-0.0313221407
-0.0314633511
-0.0321915802
-0.0333945031
-0.0346485733
-0.0338279538
-0.0284337776
-0.0165208921
-0.000398526874
0.0144225024
0.0248755268
0.0315404147
0.0359443511
0.0391564603
-0.0646534624
-0.0551572258
-0.0490553478
-0.0366990333
-0.031194174
-0.0280849625
-0.0272161471
-0.0278046016
-0.0289263935
-0.0302648094
-0.0312319934
-0.0298222796
-0.0233677109
-0.0105705833
0.00499868363
0.0182137278
0.0272714644
0.033245249
0.0374608028
0.0406462891
-0.0587492142
-0.0511017975
-0.04509567
-0.0337187326
-0.0270144238
-0.0233251455
-0.022682893
-0.0237407627
-0.0252546557
-0.0267008931
-0.027217595
-0.0246974486
-0.0166593858
-0.00365167239
0.0100445225
0.0208943197
0.0284387183
0.0338105067
0.0379080996
0.0411705657
-0.0530029245
-0.0462006706
-0.0399984982
-0.0294791248
-0.0222049742
-0.0184732561
-0.0181986523
-0.0197253043
-0.0215940641
-0.0230218597
-0.0225676103
-0.0181402274
-0.00904244403
0.0025259575
0.013369344
0.021899077
0.0283076228
0.0333107327
0.0373691069
0.0407641164
-0.0493691564
-0.0408077201
-0.0345057762
-0.0246425391
-0.0178894491
-0.0145858392
-0.0147244552
-0.0167477572
-0.0187557788
-0.0191382788
-0.0167812738
-0.0111886488
-0.00307183794
0.00590129896
0.014229125
0.0212839249
0.027104845
0.0320163599
0.03608688
0.0395927299
-0.0514925962
-0.0410664434
-0.0332617424
-0.0221164684
-0.0159561683
-0.0135827047
-0.0140749137
-0.0155469668
-0.0163558728
-0.0155221718
-0.0126039506
-0.00766222604
-0.00120425583
0.00597522613
0.0130965128
0.0196234537
0.0253266252
0.0302287702
0.0343052007
0.0378587246
-0.056866223
-0.0407238141
-0.0334405134
-0.0233786782
-0.017435144
-0.0158686572
-0.0165949751
-0.0175602484
-0.0175443454
-0.0160747726
-0.0130180691
-0.00841135144
-0.002520006
0.00412898016
0.0109279984
0.0173742699
0.0231090906
0.0280494939
0.0321310764
0.0357056505
-0.0588576933
-0.0353657742
-0.0287369084
-0.0248130922
-0.0217243571
-0.0210553056
-0.0217151293
-0.0219348857
-0.0209573984
-0.0187078318
-0.015217403
-0.0105372928
-0.00485426139
0.00149612326
0.00809604574
0.014508513
0.0203391917
0.0254200714
0.0295865596
0.0332128865
-0.0579037643
-0.0287641078
-0.0281338402
-0.0286852849
-0.0273397437
-0.0269578814
-0.0270935691
-0.026391349
-0.0245248403
-0.0216639794
-0.0179072866
-0.0132796381
-0.00786325425
-0.00183776593
0.00455956055
0.0109939079
0.0170386439
0.0223907206
0.0267418109
0.0304719639
-0.0577223758
-0.0295706957
-0.032331066
-0.0340953624
-0.0333798802
-0.0329086362
-0.0322262184
-0.03055308
-0.027955368
-0.0246726582
-0.0207600442
-0.0161961489
-0.0110016688
-0.00522844454
0.000978562584
0.00738424523
0.0135940379
0.0192152354
0.0237800415
0.0276475298
-0.0586074861
-0.032520211
-0.0365705432
-0.0396985539
-0.0392036112
-0.038049652
-0.036384931
-0.0339549861
-0.0309257881
-0.0274315881
-0.0234493392
-0.0189247413
-0.013883993
-0.00829452716
-0.00225925772
0.00406314504
0.0103485949
0.0161776802
0.0209354579
0.024969114
-0.0594223222
-0.0366636954
-0.0420312806
-0.045069478
-0.043978611
-0.0419993075
-0.0396174988
-0.0367673176
-0.0335246782
-0.029920296
-0.0259193041
-0.0214782269
-0.0165342028
-0.0110918227
-0.00517823682
0.00109926735
0.00745763888
0.0134781247
0.0184174969
0.022678043
-0.0607073076
-0.0419011362
-0.0477524593
-0.0495142383
-0.0476027241
-0.0450127893
-0.0422032635
-0.0390923094
-0.0356682503
-0.0319327598
-0.0278839497
-0.0235126288
-0.0187549265
-0.0135082502
-0.00770689363
-0.00143162412
0.00502992324
0.0112728717
0.0163533559
0.0210447904
-0.0624641312
-0.0475167043
-0.052957471
-0.0529612447
-0.0503454207
-0.0473456173
-0.0442566987
-0.0409131356
-0.0372753472
-0.033350146
-0.0291770736
-0.0248062147
-0.0202041951
-0.0151899318
-0.00956067913
-0.00332600157
0.00321639726
0.00970446594
0.0150864298
0.0200258887
-0.0645134504
-0.0529415615
-0.0571798096
-0.0554892494
-0.0524336383
-0.0491566726
-0.0458680767
-0.0423200803
-0.038475873
-0.0343230992
-0.029918351
-0.0253767733
-0.0207739783
-0.0159607333
-0.010551459
-0.00443082538
0.00213755391
0.00875640063
0.0147169835
0.0196380906
-0.0665440618
-0.0576559026
-0.0602596995
-0.0572709945
-0.0540063521
-0.0505375178
-0.0471500216
-0.0435017488
-0.0395438279
-0.0351966874
-0.0304788878
-0.0255989926
-0.0207431822
-0.0160384386
-0.0107680775
-0.00477298693
0.00175931688
0.00851735082
0.0151406079
0.0195734401
-0.0682364466
-0.0613097615
-0.0622553405
-0.0583836377
-0.0550988262
-0.0515214168
-0.0481788607
-0.0445915333
-0.0406686218
-0.0362249998
-0.0312269701
-0.0258902898
-0.0206402699
-0.0156839816
-0.0104573516
-0.00454447116
0.0019632209
0.00893719417
0.0159709469
0.0194080097
-0.0692950057
-0.0636992146
-0.0633974028
-0.0587331544
-0.0556696097
-0.0520703368
-0.0489013932
-0.0455187272
-0.0417987992
-0.0374086862
-0.0322185736
-0.0264006138
-0.0206363288
-0.0153081301
-0.00992515563
-0.00396948303
0.00262426656
0.0098383394
0.0164901845
0.0186737274
-0.0695589825
-0.0646202753
-0.0638516895
-0.058281428
-0.0555831649
-0.052073932
-0.0491252767
-0.0459739959
-0.0426063374
-0.0383972159
-0.0331504012
-0.0269756917
-0.0207319208
-0.0149559095
-0.00928234168
-0.00313214148
0.00369546789
0.0108480607
0.0160869954
0.0173356711
-0.0690865155
-0.0640627212
-0.0631336405
-0.057433876
-0.0545897105
-0.0514247953
-0.048633343
-0.0457589174
-0.042601767
-0.0386567907
-0.0334855429
-0.027201478
-0.0206276523
-0.014457782
-0.00843489137
-0.0019742673
0.00508478266
0.0116892289
0.0152434812
0.0158754193
-0.0678169595
-0.0624779915
-0.0612219956
-0.0558404141
-0.052806031
-0.0498856187
-0.0472196591
-0.0445050541
-0.0415498735
-0.0378239369
-0.0328279838
-0.0266198735
-0.019959578
-0.0135267763
-0.00716187172
-0.000463063651
0.00643284078
0.0121216275
0.0146527618
0.0147036745
-0.06532839
-0.0601556562
-0.0584461142
-0.0533897734
-0.0502297768
-0.047425985
-0.0447881783
-0.0420974988
-0.0392342309
-0.0356751462
-0.0309070424
-0.0249359683
-0.0183893153
-0.0118428537
-0.00531122228
0.00119242462
0.00717067634
0.01168342
0.0139095847
0.0138767749
-0.0616313325
-0.0570673706
-0.0549991718
-0.050178155
-0.0469154807
-0.0441249713
-0.0413975636
-0.0385689447
-0.0356318702
-0.0321386561
-0.0275830772
-0.0219134089
-0.0156067277
-0.00919489159
-0.00299582451
0.0025396169
0.00696078373
0.0103384341
0.0126217811
0.0130370435
-0.0569389792
-0.0531838672
-0.0510444796
-0.0464203806
-0.0430369031
-0.0401797469
-0.0372627928
-0.0341194894
-0.0308726947
-0.0272407062
-0.0227951331
-0.0174135763
-0.011506304
-0.00569363283
-0.000581333976
0.00331907781
0.00614624074
0.00879677846
0.0113303888
0.0122458705
-0.0513677006
-0.0486120361
-0.0467691797
-0.042405542
-0.0388788338
-0.0358930759
-0.0327482243
-0.0291742012
-0.0253879107
-0.0213716144
-0.0168507606
-0.011752104
-0.00651326159
-0.00185513014
0.00158889197
0.00377332724
0.00558210459
0.00799180346
0.0108150028
0.0119019006
-0.0448155972
-0.043314152
-0.0422986811
-0.0384301508
-0.0347884039
-0.0316131082
-0.0282735971
-0.0243219502
-0.0199498577
-0.0153998335
-0.0106886164
-0.00592718809
-0.00159697174
0.00163682469
0.00344541393
0.00441404271
0.00582894472
0.00823660964
0.0111459148
0.012050579
-0.0369297319
-0.036949358
-0.0374895485
-0.0346414071
-0.0310800863
-0.0276613309
-0.0241493075
-0.020019156
-0.0153068652
-0.0103655436
-0.00553816073
-0.00116306419
0.00227878722
0.00435993964
0.00519699548
0.00572641793
0.00709311663
0.00959094789
0.0118895089
0.0125007871
-0.0279358398
-0.0294093876
-0.0319906347
-0.0308690431
-0.0278787114
-0.0242953544
-0.0205278764
-0.016348987
-0.0116702633
-0.00675141087
-0.00204801001
0.00194594016
0.00480179796
0.00635528401
0.00700084662
0.00765213538
0.00919098866
0.0114937364
0.012803297
0.0130056934
-0.020006301
-0.0222049734
-0.0261685813
-0.0268410339
-0.0249696127
-0.0216241465
-0.0176496409
-0.0133505149
-0.00882180022
-0.00423319255
8.50078394e-05
0.00369729904
0.00628115525
0.00781961211
0.00869486982
0.009664814
0.0111759965
0.0127169356
0.0134787653
0.0134890622
-0.0168388124
-0.0188607937
-0.0223311873
-0.0231082355
-0.0218459867
-0.0191264827
-0.0155105856
-0.0112690554
-0.00673566461
-0.00247927798
0.00136956984
0.00460827078
0.00706980124
0.00880605738
0.00998257883
0.0112101443
0.012487598
0.0133301502
0.0137769154
0.013882675
-0.0203609013
-0.021324241
-0.0227874621
-0.0212939772
-0.0186667349
-0.0156455181
-0.0124309083
-0.00896695637
-0.00532516145
-0.0015132237
0.00201692003
0.00497679787
0.00736284298
0.00924614243
0.0107326455
0.0119759108
0.0129124886
0.0133182632
0.0135942529
0.0141675599
-0.0267803478
-0.0268611246
-0.0255257244
-0.021169666
-0.0166240734
-0.0125641246
-0.00888946979
-0.00547951122
-0.00237700776
0.000453703356
0.00299624357
0.00538257629
0.00744832339
0.00926682766
0.0108568809
0.0121626207
0.0129817518
0.0132629333
0.013764135
0.0147269246
-0.0312479238
-0.0293152964
-0.0263433427
-0.0208037549
-0.0158327094
-0.0113918322
-0.00731884724
-0.00354252034
-0.000230495571
0.00243486267
0.00449175601
0.00592743678
0.00733632879
0.00885607959
0.0104951409
0.0120780219
0.013036271
0.013388784
0.0141428121
0.0153241498
-0.0329559131
-0.0289760537
-0.0253196556
-0.0197668214
-0.0151412755
-0.0110300788
-0.00731923544
-0.00393280566
-0.000877480403
0.00188680579
0.00450729073
0.00597965187
0.00690907911
0.00791568267
0.0093570939
0.0110864312
0.0124814119
0.013196946
0.0141059077
0.0154353001
-0.0332844574
-0.0278825873
-0.0242557658
-0.0187088192
-0.0143289043
-0.0104892952
-0.00715164133
-0.00430386624
-0.00194245503
2.18912063e-05
0.00171607471
0.0034681008
0.00495802835
0.00648758688
0.00837303244
0.010540081
0.0123813974
0.0133117752
0.0141247359
0.0154310204
-0.0333770084
-0.0270530895
-0.0233625981
-0.0177924137
-0.0135181268
-0.00990246151
-0.0069652334
-0.00469215687
-0.00305889757
-0.00190639381
-0.000979593942
0.000253568541
0.0020212841
0.00443649145
0.00728395113
0.0102393862
0.0127734247
0.0138654261
0.0146088166
0.015509579
-0.0337921716
-0.0268224174
-0.0230150144
-0.0172835274
-0.0130307742
-0.0096543975
-0.00712109417
-0.00529670674
-0.00417064175
-0.00362676923
-0.00328426441
-0.00256949491
-0.000903972427
0.0019123295
0.00566125559
0.00964289775
0.0130519763
0.0145954508
0.0153113092
0.0157537269
-0.0348481594
-0.0273774144
-0.0234597411
-0.0176190828
-0.0136187442
-0.0106328934
-0.00837957337
-0.00664274481
-0.00556355011
-0.00514667676
-0.00500853434
-0.00445815731
-0.00283717633
9.02754242e-05
0.00413172826
0.00860486767
0.0126024269
0.014939623
0.0159290682
0.016208793
-0.0368116541
-0.0289807583
-0.025128005
-0.019458647
-0.0160242749
-0.0134537018
-0.011223853
-0.00919121841
-0.0076772133
-0.00680424469
-0.0062864084
-0.00545990799
-0.00361190131
-0.00048418086
0.00357869238
0.0080314768
0.0121121979
0.0149558887
0.0164327795
0.0167925677
-0.0398350682
-0.0317998387
-0.0282675684
-0.0230008681
-0.0202953899
-0.0180497348
-0.0156198876
-0.0130498363
-0.0107574132
-0.00896294321
-0.0075351125
-0.00596060904
-0.00358582615
-0.000115429068
0.00409107071
0.00837271374
0.0122449875
0.0151761407
0.0171117544
0.0175567649
-0.0438696935
-0.0357512256
-0.0327482918
-0.0279983667
-0.0259646462
-0.023836459
-0.0210535241
-0.0178859046
-0.0147445074
-0.0118783519
-0.0092748607
-0.00661444868
-0.00342351446
0.000546413505
0.00501775353
0.00932212243
0.0129181811
0.0156866119
0.0177980815
0.0183412711
-0.0486623696
-0.0404933802
-0.0381167365
-0.0338081747
-0.0322226173
-0.0299937465
-0.0268214592
-0.0230803021
-0.01927687
-0.0155492896
-0.0118836627
-0.00808684723
-0.00386623295
0.000875976754
0.00579163729
0.0102279412
0.0137166167
0.016271351
0.0182989947
0.0188326196
-0.0538305814
-0.0455494046
-0.043815209
-0.0397219719
-0.0383220651
-0.0358253364
-0.0322362877
-0.0281313226
-0.0239524901
-0.0197345465
-0.0153881878
-0.010740796
-0.00557855807
0.000131798547
0.00591938838
0.01086936
0.014398007
0.01682904
0.0186814356
0.0190776959
-0.0589649991
-0.0504520165
-0.0493861836
-0.0452384569
-0.0438758091
-0.0411039721
-0.0372334432
-0.0329156559
-0.0285494057
-0.0241002135
-0.0194439782
-0.0143790582
-0.00866606202
-0.00220606336
0.00460862408
0.0106922057
0.0149583832
0.0175056331
0.0190286378
0.0192843146
-0.063694748
-0.0548311767
-0.0545294054
-0.0500576189
-0.0487602446
-0.0458342353
-0.0418561064
-0.0374367784
-0.032935558
-0.0283222882
-0.0235243303
-0.0183668003
-0.0125567243
-0.0058440599
0.0016407945
0.00900235993
0.0147410944
0.0180546936
0.0195207598
0.0194452944
-0.0676836503
-0.0584723162
-0.0590442759
-0.0539580253
-0.052901058
-0.0499679945
-0.0460560561
-0.0416031119
-0.0369418216
-0.0321128983
-0.0271478652
-0.0219869672
-0.0163608432
-0.00988003903
-0.00235348035
0.00580003817
0.0132057048
0.0180333973
0.019816186
0.0195132917
-0.0705899863
-0.0614091933
-0.0627016845
-0.0567850403
-0.0561765479
-0.0532732761
-0.0495732718
-0.0451557863
-0.0403470362
-0.0352471472
-0.0300185333
-0.0247665557
-0.0193452045
-0.0133255799
-0.00626870289
0.00191415504
0.0104508081
0.0171158182
0.0198271515
0.0198996889
-0.0725787901
-0.0634833742
-0.0650968032
-0.0585852118
-0.0584001735
-0.0554153451
-0.0520627378
-0.0477567285
-0.0428731373
-0.0375547785
-0.0320430612
-0.0265869136
-0.0212335316
-0.0156263983
-0.00920128099
-0.00156328941
0.00717674142
0.0154489439
0.0200873578
0.0209827628
-0.073849824
-0.0644094871
-0.065763345
-0.0600047108
-0.0592131626
-0.0562474932
-0.0532699513
-0.0491188161
-0.0442849067
-0.0388921077
-0.0331953118
-0.0275188654
-0.0221019681
-0.0167506591
-0.0108630572
-0.00391651182
0.00434874935
0.0134428988
0.0205862535
0.0225364596
-0.0745086829
-0.0638718274
-0.0655038589
-0.060509853
-0.0588063142
-0.0559331987
-0.0530451047
-0.049130057
-0.0444439996
-0.0391228532
-0.0333991861
-0.0276167504
-0.0221129853
-0.0169110367
-0.0114228547
-0.00504686378
0.0025935577
0.0115217234
0.0202518889
0.0237720492
-0.0745708699
-0.0620893105
-0.0646491693
-0.0599866549
-0.0575795412
-0.054571958
-0.0516127212
-0.0478639772
-0.0433585275
-0.0382170543
-0.0326655179
-0.0269377952
-0.0214007845
-0.0163408361
-0.011136655
-0.00517642401
0.00196552689
0.0102696041
0.0188880811
0.0241041868
-0.0741764485
-0.0595236069
-0.0630980838
-0.0587994153
-0.0558179327
-0.0525594805
-0.0493681252
-0.0456577977
-0.0413112556
-0.0364033324
-0.031099662
-0.0255885195
-0.0201844068
-0.0151329445
-0.010146573
-0.00450873008
0.00228442007
0.0100901267
0.0175877489
0.023804214
-0.0735269389
-0.0565305052
-0.0608888319
-0.0571634073
-0.0537602858
-0.0502592022
-0.0467652699
-0.0429707031
-0.0387135965
-0.0340101209
-0.0289623293
-0.0237139443
-0.0184945341
-0.013515773
-0.00862148757
-0.00313330432
0.00346279785
0.0109553492
0.0173962118
0.0236441364
-0.0727964189
-0.0533486269
-0.058192577
-0.055131909
-0.051506826
-0.0478690801
-0.044115219
-0.0401655538
-0.0359235393
-0.0313651738
-0.0265345331
-0.0215291935
-0.0164989352
-0.0115912929
-0.00666172472
-0.00110574506
0.00549437127
0.0126752176
0.0185673176
0.0242816504
-0.0721489181
-0.0501746548
-0.0552004172
-0.0526916458
-0.0490257996
-0.0454148634
-0.0415166526
-0.0374070797
-0.0331317096
-0.0286619013
-0.0239933025
-0.0191820316
-0.0142946135
-0.00938743633
-0.00426567499
0.0015768783
0.00833059573
0.0152727884
0.0208715131
0.0257928356
-0.0715701212
-0.0471414915
-0.0521756897
-0.0498470135
-0.0462354519
-0.0427908849
-0.0388821997
-0.0346609043
-0.0303367939
-0.0259160673
-0.0213657443
-0.0166716571
-0.0118293211
-0.00678083201
-0.00129063348
0.00496826601
0.0118649162
0.0185171773
0.0236967499
0.0281967965
-0.0712140676
-0.0443217807
-0.0491362558
-0.0467643111
-0.0431566886
-0.0398447728
-0.0360059223
-0.0317471893
-0.027379087
-0.0229698148
-0.0184691303
-0.0137944768
-0.00886658065
-0.00354392797
0.00236402976
0.00892989227
0.0157519563
0.0219767143
0.0267405055
0.0309995823
-0.0719376388
-0.0429394784
-0.0458859231
-0.0439532894
-0.0401024656
-0.0365663966
-0.0327341596
-0.0284809734
-0.0240716912
-0.019632132
-0.0151083089
-0.0103738655
-0.00530508332
0.000230095877
0.00630908403
0.0128275449
0.019327299
0.0251106667
0.0295937112
0.0338409479
-0.0741145022
-0.045305827
-0.0437112519
-0.0417734407
-0.037227248
-0.0330608975
-0.0290889481
-0.0248310034
-0.0203986734
-0.0159354544
-0.0114039074
-0.00669156509
-0.00165409351
0.00378853913
0.0096680575
0.0158893724
0.0220776885
0.0276353491
0.0321168941
0.0366017231
-0.0784324061
-0.0539136217
-0.0470836112
-0.0413916892
-0.034632762
-0.0294696792
-0.0252011446
-0.0209191987
-0.0165714819
-0.0122484617
-0.00789746628
-0.00341045006
0.0013479514
0.0064955797
0.0121105043
0.0181357523
0.0242360501
0.0298541575
0.0346593427
0.0395862607
-0.0803379835
-0.0617727278
-0.0544073989
-0.0427433412
-0.0326736798
-0.0261406895
-0.0212917243
-0.016931034
-0.0127991435
-0.00880735298
-0.0048482173
-0.000763653692
0.00362859325
0.00849602928
0.0139334163
0.0199062459
0.0261278825
0.0321101777
0.0376104703
0.0431242887
-0.0772667297
-0.0624477683
-0.0564201294
-0.0425993648
-0.0314377276
-0.0235181006
-0.0177269945
-0.0131694464
-0.00929590074
-0.00577345254
-0.00228027667
0.00145575617
0.00554739414
0.0100319104
0.014992191
0.0205730768
0.0268589112
0.033590158
0.040268104
0.0465665517
-0.0733065926
-0.0591091036
-0.0531364875
-0.0419590568
-0.031172643
-0.0221593332
-0.0155362516
-0.0106621594
-0.00676978309
-0.00325441204
0.000165693559
0.00365577001
0.00731401334
0.0112002177
0.0153896416
0.020044876
0.0256046704
0.0326803611
0.0408130525
0.0481143814
-0.0702653272
-0.0572313676
-0.0509369295
-0.0417189526
-0.0318114116
-0.022629623
-0.0153166687
-0.00950064144
-0.00489430993
-0.00127429342
0.00187259151
0.0050166072
0.0083849099
0.0120264345
0.015938517
0.0201322534
0.0248427443
0.0308787757
0.0387141912
0.0462282823
-0.0677998428
-0.0569131924
-0.0509661807
-0.042968825
-0.0340619027
-0.0249897169
-0.0169066802
-0.0102927022
-0.00512944778
-0.00114801336
0.0022368832
0.00552948799
0.00898074491
0.0126687497
0.016608653
0.0207488796
0.0250639118
0.0300890981
0.0364701421
0.0433804655
-0.0663263013
-0.0578212169
-0.0531144108
-0.0463873701
-0.0386023134
-0.0300070132
-0.0215629564
-0.013619399
-0.0069757224
-0.00182296732
0.00222285227
0.00577687256
0.00928449825
0.0129704653
0.0169228235
0.0210952984
0.025293323
0.0297141615
0.0348308216
0.0407885372
-0.0674266316
-0.0605388349
-0.0573262086
-0.0519715483
-0.045493141
-0.0373651018
-0.0280363348
-0.0183268591
-0.00980390094
-0.00325978404
0.00151901862
0.00535598769
0.00894857118
0.0126644138
0.0166539407
0.0209039299
0.0251467498
0.0292318181
0.033539496
0.0386673639
-0.0713459566
-0.0652259567
-0.0631781918
-0.0588675857
-0.0534630108
-0.0457409078
-0.0355246537
-0.0239715748
-0.0135394473
-0.00562631557
-0.000141766439
0.00399892945
0.00774442704
0.0115590152
0.0156222412
0.0199708959
0.0243189873
0.0283125537
0.0321649964
0.0367410921
-0.0762343579
-0.0700588072
-0.0689288291
-0.0651891106
-0.060416486
-0.0531968133
-0.042502015
-0.0296390822
-0.0176563446
-0.00875786695
-0.00281066923
0.00157026975
0.00552013798
0.00951554503
0.0137110107
0.0181918711
0.0227221948
0.0267723594
0.0304076414
0.0346747949
-0.0793090089
-0.0730627306
-0.0725559749
-0.0689161039
-0.065064129
-0.058260881
-0.0475246704
-0.0339827098
-0.0213925197
-0.0123033198
-0.0063227915
-0.00182555223
0.00234982505
0.00658122014
0.0109588871
0.0155946977
0.0203584939
0.0245648809
0.0281521749
0.0322784785
-0.0793363363
-0.0715318894
-0.0715409266
-0.0688343793
-0.0651255606
-0.0589781002
-0.0489543645
-0.0360792187
-0.0243174945
-0.0160215158
-0.0104479195
-0.00593537215
-0.00152772148
0.00294101469
0.00745860251
0.0122964189
0.0173262537
0.0217502749
0.0254184394
0.029520407
-0.0778509056
-0.0633352284
-0.0633479997
-0.0629534444
-0.0600568458
-0.0549188272
-0.0467272835
-0.0361937727
-0.0266994376
-0.0199139171
-0.0149313783
-0.0103993934
-0.00575936437
-0.00109732752
0.00353932076
0.00852039918
0.0138043592
0.0184651458
0.0223167686
0.0264903664
-0.0764496825
-0.0535912419
-0.0520214083
-0.0535148575
-0.0521347173
-0.0486928016
-0.0430728087
-0.0358638548
-0.0292342155
-0.0239983158
-0.0194503094
-0.0148212991
-0.00999250076
-0.00525332508
-0.000614258555
0.00447844186
0.00999351777
0.0148925033
0.0190205719
0.023366659
-0.0753382625
-0.0494335492
-0.0439983175
-0.0439902932
-0.044138985
-0.04324553
-0.0406894386
-0.0367028529
-0.0323510497
-0.0280772486
-0.023654041
-0.0188763243
-0.0139634108
-0.00931770226
-0.00479759213
0.000380570106
0.00609861018
0.0112500618
0.0156918743
0.0204335714
-0.0719767922
-0.047286202
-0.0414673376
-0.0389689182
-0.039802392
-0.0414222553
-0.0412967293
-0.039161753
-0.0358198888
-0.0318098133
-0.0272921659
-0.0223940999
-0.0175327232
-0.0131676068
-0.00883414088
-0.00355890624
0.00234134211
0.00779051666
0.0127997318
0.0175630969
-0.0705502335
-0.0475684091
-0.040754935
-0.0396987201
-0.0417157273
-0.0438845409
-0.0441673299
-0.0423244332
-0.0390446855
-0.0349344263
-0.0302816747
-0.0253341155
-0.0206498006
-0.0166969656
-0.012513704
-0.00708670926
-0.00103337725
0.00469275571
0.010387454
0.0148946919
-0.0714181794
-0.0457573157
-0.0413192098
-0.04463884
-0.0470499366
-0.0480445516
-0.0474782548
-0.0451847144
-0.0416648044
-0.0374086091
-0.032650412
-0.0276920289
-0.0232736769
-0.0197386694
-0.0155308846
-0.00990179967
-0.0037267464
0.00230468606
0.00847859708
0.0123947634
-0.0698679831
-0.0417618609
-0.0436763007
-0.0506756299
-0.0525005488
-0.0519636247
-0.0502764597
-0.0474113663
-0.0436692633
-0.0392879568
-0.0344136515
-0.0294210689
-0.0253198136
-0.0220377685
-0.0175135986
-0.0117013465
-0.00543766703
0.000856395696
0.00702659345
0.0101477436
-0.0673932945
-0.0435192876
-0.0501385887
-0.0566770091
-0.0568924006
-0.0549713761
-0.0523508423
-0.0490446708
-0.0451298712
-0.0406014654
-0.0355685536
-0.0304891102
-0.026685244
-0.0233196052
-0.0182018753
-0.0122969326
-0.00600317404
0.00033007921
0.00601026128
0.00835604702
-0.0672542416
-0.0500364967
-0.0574890636
-0.0614138432
-0.0599369679
-0.0570285864
-0.0538069088
-0.0501843817
-0.0460863114
-0.0413647056
-0.0361345283
-0.0308896395
-0.0272956488
-0.0234624819
-0.0176149956
-0.0117450666
-0.00556608095
0.00048084785
0.00547253681
0.00719672517
-0.0686302485
-0.0572224484
-0.0637599566
-0.0647767216
-0.0619471114
-0.0583900848
-0.0547772738
-0.050876407
-0.0465596756
-0.0416116072
-0.0361624929
-0.0306523452
-0.0271123635
-0.0224936841
-0.0162270697
-0.0104227849
-0.00454374178
0.000985040957
0.00538435668
0.00670959628
-0.0707523164
-0.0638129599
-0.0683487655
-0.0669291686
-0.0632479216
-0.059231392
-0.0553084926
-0.0511372473
-0.0465899037
-0.0414099541
-0.0357186584
-0.0301336362
-0.0261860899
-0.0209501009
-0.014488396
-0.00881621119
-0.00335932266
0.00160058611
0.00559355721
0.00673562953
-0.0730215055
-0.0687919702
-0.0711995599
-0.0681643533
-0.0640218935
-0.0596208393
-0.0554117946
-0.0509818454
-0.0462354514
-0.0408721331
-0.03490805
-0.0293804202
-0.0249454315
-0.0193424582
-0.0128565688
-0.00731356352
-0.00225558047
0.00223722945
0.00593617419
0.00705765077
-0.0749025067
-0.0715334985
-0.0728073319
-0.0686984448
-0.0643006965
-0.05957112
-0.0551077822
-0.0504427976
-0.0455270827
-0.0399869927
-0.0339010755
-0.0283272379
-0.0236182729
-0.0179079682
-0.01151752
-0.00604921614
-0.00126509623
0.00293430835
0.00636526726
0.00756791303
-0.0761544355
-0.0719268991
-0.0735385983
-0.0685897006
-0.0641049073
-0.0591100386
-0.0544474722
-0.0496037367
-0.0445276311
-0.0388663054
-0.0327304788
-0.027086561
-0.0222486228
-0.016650591
-0.0104325561
-0.00496898061
-0.000307534097
0.00375774142
0.00693398441
0.00826871322
-0.0758846903
-0.071405527
-0.0726619088
-0.0681676018
-0.0634622293
-0.0583538057
-0.0534837583
-0.04850173
-0.0432999434
-0.0375728987
-0.0314248099
-0.0257199941
-0.0208211971
-0.0154641555
-0.00946155346
-0.00397149692
0.000690135044
0.00472901633
0.0076947326
0.00917676808
-0.0741973533
-0.0698902127
-0.0708460825
-0.0670920814
-0.0624527682
-0.057270632
-0.0522616586
-0.0471743587
-0.0418854646
-0.0361381421
-0.0300082342
-0.0242464428
-0.0192971391
-0.0142054002
-0.00845687803
-0.00297891756
0.0017445076
0.00581462217
0.0086505091
0.0102300913
-0.071510672
-0.0673917598
-0.0682453962
-0.0653375419
-0.0610466959
-0.0558973871
-0.0508142042
-0.0456626579
-0.0403212153
-0.0345855041
-0.0284946875
-0.0226777919
-0.0176483504
-0.0127573114
-0.0073036815
-0.00192607205
0.00284113084
0.00694349809
0.00973285468
0.0113270579
-0.068253409
-0.0641346056
-0.0649570737
-0.0628671161
-0.0591991846
-0.0542503759
-0.0491724307
-0.0440049239
-0.0386445362
-0.0329415589
-0.026904486
-0.0210386391
-0.0158866959
-0.0110844186
-0.00593055905
-0.000746029221
0.00397512383
0.00805333532
0.010865047
0.012411736
-0.0647970473
-0.0604414069
-0.0611048598
-0.0596779328
-0.0568526631
-0.0523181303
-0.0473592888
-0.0422360444
-0.0368947533
-0.0312395761
-0.0252696969
-0.0193734233
-0.0140770888
-0.00925606425
-0.0043453206
0.00059119275
0.00515433559
0.009126472
0.0120174257
0.0134624708
-0.061371028
-0.0565625392
-0.0568698693
-0.0558173021
-0.0539480521
-0.0500612923
-0.0453776082
-0.04038051
-0.0351086316
-0.0295179468
-0.023629137
-0.0177356814
-0.0123146545
-0.0074149362
-0.00265923334
0.00203064882
0.00637117879
0.0101903206
0.0131860475
0.0144375824
-0.0579840392
-0.0525916743
-0.0524098403
-0.051380462
-0.0504402264
-0.0474203669
-0.04319842
-0.03843523
-0.0333068325
-0.0278130779
-0.0220201016
-0.0161695815
-0.0106767248
-0.00569814475
-0.0010270593
0.0034641512
0.00761098807
0.0113145781
0.01433033
0.0152352585
-0.0544818693
-0.0484788449
-0.047822609
-0.0465274539
-0.0463253559
-0.0443286583
-0.0407618431
-0.0363508761
-0.0314642627
-0.0261351143
-0.0204644573
-0.0146948588
-0.00919142991
-0.00416978499
0.000455922394
0.00482289068
0.00888080999
0.0125293837
0.0152316437
0.0157810881
-0.0507150135
-0.0441709211
-0.0431978482
-0.0414980766
-0.0416872251
-0.0407313653
-0.0380053611
-0.0340532883
-0.029489538
-0.0244199379
-0.0189319231
-0.0132889821
-0.00783355534
-0.00280948246
0.00179997489
0.00613543901
0.0102135679
0.0137534815
0.015817445
0.0161156457
-0.0466239709
-0.039713077
-0.038658837
-0.0365920107
-0.0367410948
-0.0366119807
-0.0348832728
-0.0315115692
-0.0272946471
-0.0225375896
-0.0173131721
-0.0118661908
-0.00652464832
-0.00153055687
0.00310582526
0.00750843457
0.0116205039
0.0148412404
0.0162540458
0.0163134265
-0.0422261439
-0.0352265263
-0.0342919015
-0.0320699959
-0.0318225163
-0.0320199973
-0.031298642
-0.0287183972
-0.024892353
-0.0204319309
-0.0155081462
-0.0103169945
-0.00514287213
-0.000187712719
0.00452608908
0.00900568476
0.0129031295
0.0154519057
0.0163775867
0.016402128
-0.0376342598
-0.0308301729
-0.0301133169
-0.0280548747
-0.0272871817
-0.0271689353
-0.0270554663
-0.0254783164
-0.0223015405
-0.0181630122
-0.0135117826
-0.00855950771
-0.00353892628
0.00137673015
0.0060943667
0.0103891397
0.0136589338
0.0153980383
0.0160827731
0.0165347143
-0.0330598521
-0.0266302778
-0.0261600787
-0.0245711301
-0.0234726382
-0.0226324978
-0.022282117
-0.0214120569
-0.0191149541
-0.015511688
-0.0111682517
-0.00644099655
-0.00160266786
0.00310525209
0.0074783682
0.0112025654
0.0138049881
0.0151794186
0.0159939412
0.0169474782
-0.0287749068
-0.0227941449
-0.0225215071
-0.02160344
-0.020696315
-0.0193151193
-0.0180446764
-0.0167809802
-0.0149584453
-0.0120133108
-0.0081522808
-0.00383529847
0.000535584428
0.00462996691
0.00824753019
0.0112678989
0.0135639221
0.0151834214
0.0163883148
0.0173027906
-0.0251098853
-0.0195483234
-0.019301482
-0.0190261838
-0.0188860993
-0.0176647886
-0.0155791468
-0.0132554551
-0.0109087726
-0.00821909718
-0.00486475528
-0.00118374779
0.00238118835
0.00553439121
0.00822071696
0.0106116631
0.0128675575
0.0148681312
0.0164782527
0.0174133629
-0.0224323175
-0.0171785159
-0.0167226331
-0.0167549824
-0.0173093593
-0.0168522157
-0.0150074178
-0.0122029375
-0.00902009224
-0.00583054267
-0.00260496706
0.000573480735
0.0034340103
0.0058255339
0.00784326626
0.0097349693
0.0117801818
0.0142415907
0.016695347
0.0179284247
-0.0212074036
-0.0160410535
-0.0152161321
-0.0151805532
-0.0160436473
-0.0162770289
-0.0150575141
-0.0123913055
-0.00891943846
-0.00520209663
-0.00161426551
0.00159663835
0.00428090388
0.00643032518
0.00822651645
0.0099545191
0.0119957469
0.0144378995
0.017246472
0.0187746525
-0.0218722351
-0.0165536068
-0.0153005926
-0.014787874
-0.0154126589
-0.015924301
-0.015337112
-0.0131218638
-0.00959872105
-0.00542512804
-0.00125989344
0.00241876267
0.00540454579
0.00772032167
0.00965406825
0.0113792324
0.0131063261
0.0152506576
0.0177316373
0.0192740205
-0.0247090872
-0.0191178804
-0.0174228335
-0.0161240608
-0.0159895292
-0.0161333999
-0.0157114023
-0.0139450891
-0.0106667072
-0.00633022631
-0.00167302786
0.00261588095
0.00608671174
0.00868387589
0.0105863076
0.012098732
0.0135842756
0.0154190187
0.0174446623
0.0188166455
-0.0296380216
-0.0237890115
-0.0217032535
-0.0194932237
-0.0183922244
-0.0177830388
-0.0170261624
-0.0153889498
-0.0124422381
-0.00826809289
-0.00341752913
0.00137258093
0.00549839132
0.00871349673
0.0111168482
0.0129656019
0.0144877785
0.015884328
0.0172959339
0.0183138322
-0.0361499882
-0.0300564818
-0.0277349306
-0.0246783893
-0.0227279824
-0.0213785363
-0.0201639237
-0.0184882256
-0.0157687289
-0.0118407567
-0.00694662856
-0.0016434803
0.00342172114
0.00776166011
0.0111966419
0.0138054376
0.0157206529
0.0170707915
0.0180248834
0.0184416195
-0.0434689445
-0.0370923973
-0.0346647344
-0.0309605088
-0.0284107719
-0.026573191
-0.0251375558
-0.0233807911
-0.0208651567
-0.017244146
-0.0124880117
-0.00687314326
-0.000879415465
0.00492623865
0.00996811055
0.0137452987
0.0161189952
0.0175332161
0.018447361
0.0187660589
-0.0508623847
-0.0441398393
-0.0416804236
-0.0374421644
-0.0345062372
-0.0323653279
-0.0307614324
-0.0290512518
-0.026701303
-0.0233732597
-0.0189138174
-0.0133781036
-0.00699696572
-0.000140121154
0.00659684462
0.0122806127
0.0159956349
0.0177999973
0.018675602
0.0189380943
-0.0578205759
-0.0507035732
-0.0483066666
-0.0435813312
-0.0403541899
-0.0379640239
-0.0361799108
-0.0343810852
-0.0320588609
-0.0288529864
-0.0246171111
-0.019333577
-0.013079798
-0.00599372993
0.00161459872
0.00898144502
0.0148206442
0.0181704587
0.0193839162
0.0190593262
-0.0640528817
-0.0565239557
-0.0543502902
-0.0491637887
-0.0456770222
-0.0429929241
-0.0409303673
-0.0388749977
-0.036369831
-0.0330790996
-0.0288853964
-0.0237721641
-0.0177859653
-0.0109689094
-0.00337755481
0.00469046182
0.012303482
0.0177571247
0.0198023219
0.0196233272
-0.0693866409
-0.0614788524
-0.0597538662
-0.054120193
-0.0504089393
-0.0473704972
-0.0449324245
-0.0425007978
-0.0396786018
-0.0361680576
-0.0318701636
-0.0267728055
-0.0209370496
-0.0144113781
-0.00716227353
0.000805490116
0.00905845781
0.0162083212
0.0199655042
0.0205689829
-0.0736327912
-0.0655562248
-0.0644851849
-0.0584016741
-0.0545492918
-0.051112967
-0.048231588
-0.0453474363
-0.0421341697
-0.0383324738
-0.0338546218
-0.0286832685
-0.0228846658
-0.016528352
-0.00956135469
-0.00189114409
0.00623672096
0.0141916947
0.0201147047
0.0216687533
-0.0765569112
-0.0688929544
-0.0684138042
-0.0619369054
-0.0580945321
-0.0542290412
-0.0508690247
-0.0474751283
-0.0438046946
-0.0396508749
-0.0349369898
-0.0296557107
-0.0238589552
-0.0176193152
-0.0108639905
-0.00343092196
0.00440452083
0.0122367835
0.0192799733
0.0222477467
-0.0784160579
-0.071280219
-0.0712038208
-0.0646515083
-0.0609906154
-0.0566731678
-0.0528465508
-0.048907261
-0.0447235008
-0.0401664279
-0.035183565
-0.0297785781
-0.0239769792
-0.0178383647
-0.0112731463
-0.00405492563
0.0035038436
0.0108575027
0.0175992872
0.021895236
-0.0796094573
-0.0722957798
-0.0723932751
-0.0666612678
-0.063048079
-0.0583448769
-0.0541362556
-0.0496664293
-0.0449663082
-0.03998591
-0.0347323695
-0.0291987487
-0.0233840937
-0.0173222013
-0.0109104093
-0.00391383544
0.00333984211
0.0102638136
0.0161188305
0.021083881
-0.0801419723
-0.0714420738
-0.0724422561
-0.0678884785
-0.0639828693
-0.0591890557
-0.0546547135
-0.0497373444
-0.0445939157
-0.0392281068
-0.0337114452
-0.0280489662
-0.0222279052
-0.0162246357
-0.0099046569
-0.00310214537
0.00381778171
0.0103833617
0.0153913124
0.0204584428
-0.0801040737
-0.0691377993
-0.0715716048
-0.0678108198
-0.063827745
-0.0590768551
-0.0542681744
-0.0490506648
-0.0435832638
-0.0379389281
-0.0322040906
-0.0264378531
-0.0206203293
-0.0146546528
-0.00837748449
-0.00172452985
0.00489053786
0.0110102244
0.0155273431
0.0204502267
-0.0798046158
-0.0659203825
-0.0696268836
-0.0665935446
-0.0626327737
-0.0579238147
-0.0529316142
-0.0475419811
-0.0418941402
-0.0361050588
-0.0302758003
-0.0244728435
-0.018662904
-0.0126984869
-0.00643426238
7.56321829e-05
0.0063920583
0.0121266146
0.0165126115
0.0210815792
-0.0795431377
-0.0622750423
-0.0668280236
-0.0645320994
-0.0605458227
-0.0558782804
-0.0507814029
-0.0453094315
-0.0396111891
-0.0338155576
-0.0280098682
-0.0222319631
-0.0164196011
-0.0104303062
-0.00420134615
0.00212045304
0.00815668285
0.0136476487
0.0180004352
0.0224636334
-0.0795403884
-0.0586310621
-0.0636550281
-0.0619456374
-0.0578753089
-0.0532600697
-0.048132585
-0.0426313742
-0.0369572014
-0.0312331057
-0.0255085845
-0.0197680997
-0.013938512
-0.00795536146
-0.0018532287
0.00422962587
0.0100547602
0.0154613151
0.0199165741
0.0244276032
-0.0802458991
-0.0554582025
-0.06047866
-0.0592065706
-0.0549991656
-0.0504424919
-0.0453576541
-0.0398598402
-0.0342206254
-0.0285646649
-0.0228903409
-0.0171510332
-0.0113269193
-0.00545428496
0.000428661964
0.00629341709
0.0120234806
0.0174857431
0.0221539143
0.0268001314
-0.0822987069
-0.0543679544
-0.0578852412
-0.0566438402
-0.0522131848
-0.0477321934
-0.0427588196
-0.0372885522
-0.0316585581
-0.0259979254
-0.0202898244
-0.014533293
-0.00880104687
-0.00312645985
0.00255316056
0.00828735543
0.0139924163
0.0195444059
0.0244514708
0.0292423306
-0.0841711467
-0.0557989213
-0.0572512761
-0.0546745626
-0.0497245042
-0.0453411888
-0.0405155513
-0.0350856907
-0.0294280391
-0.0236799778
-0.0178950006
-0.0121732654
-0.0065792543
-0.00103785918
0.00453622762
0.010145025
0.0157183035
0.021226318
0.0262937231
0.0312005412
-0.0858536046
-0.0571082243
-0.0575250978
-0.0532197175
-0.0476979909
-0.0434110163
-0.0386998807
-0.0333090298
-0.0275970778
-0.0217603065
-0.0159500163
-0.0102632615
-0.00465064006
0.000931039503
0.00640896408
0.0117302862
0.016920108
0.0221381921
0.0272071066
0.0322091164
-0.0873587219
-0.0607142771
-0.058692999
-0.0521675643
-0.0462505196
-0.041998275
-0.0373086866
-0.0319561506
-0.0262454401
-0.0204250651
-0.0145869485
-0.00869877797
-0.0027898812
0.00291300317
0.00821852865
0.0131335915
0.0177817117
0.0224887615
0.0273272401
0.0323936399
-0.0868120842
-0.0651530397
-0.0606252384
-0.0515444173
-0.0454937372
-0.0411207825
-0.0363702394
-0.0311130679
-0.0255745494
-0.0197999426
-0.0136846733
-0.00725519541
-0.000922898841
0.00491643937
0.0101292004
0.014771299
0.0189518159
0.0230411485
0.027371478
0.0323566896
-0.0855274121
-0.0658658192
-0.0609614668
-0.0508946955
-0.0453872282
-0.0408394879
-0.0361121078
-0.0311590226
-0.0258559868
-0.0198580857
-0.0130803035
-0.00598299794
0.00080344191
0.00694056094
0.0123056659
0.016902842
0.0208001422
0.0243141417
0.0279555045
0.0325633994
-0.0841149792
-0.0651688503
-0.0600511423
-0.0502287976
-0.0458092327
-0.0412869074
-0.0368944994
-0.0323665929
-0.0269794218
-0.0204305328
-0.0128790476
-0.005055234
0.00239235308
0.00905059754
0.0146978287
0.0193276755
0.0230609894
0.026172275
0.0291536509
0.0332290639
-0.0823337722
-0.0643949254
-0.0591523996
-0.0499834126
-0.0466827636
-0.0424662716
-0.0387496367
-0.0345103607
-0.0288582815
-0.0216137345
-0.0131311318
-0.00431332575
0.00398498222
0.0111913055
0.0170593735
0.0216677779
0.0252590924
0.0281249224
0.0306594137
0.0341858218
-0.079818197
-0.0635611475
-0.0581212898
-0.0501532822
-0.0475256187
-0.0441216496
-0.0412649637
-0.0371871998
-0.0311316472
-0.0229769837
-0.0133783133
-0.00351830931
0.00550667529
0.0130762244
0.0190346773
0.0235720016
0.0270311023
0.0297285153
0.0319930681
0.0351220628
-0.0771602166
-0.0622717519
-0.0569012522
-0.0501117902
-0.0481052986
-0.0458282845
-0.0436369126
-0.0395365134
-0.0329253272
-0.0238814936
-0.0133174111
-0.00273584932
0.00661888323
0.0142449578
0.0201633363
0.0246481172
0.0280628985
0.0307064355
0.032838925
0.035728164
-0.0742663645
-0.0604675066
-0.0553678093
-0.0494807859
-0.0482548751
-0.0467835686
-0.0448649564
-0.0406981386
-0.0336859697
-0.0239833495
-0.0129009645
-0.00223978349
0.00686639966
0.0142080714
0.0200005197
0.0245198455
0.0280549651
0.0308175768
0.0329698337
0.0357579802
-0.0709511543
-0.0575314079
-0.0532073898
-0.0479946293
-0.0471555287
-0.0461336799
-0.0442663246
-0.040193211
-0.0330259269
-0.0231573535
-0.012396525
-0.00250890117
0.0058007852
0.0126549918
0.0183498961
0.0230566691
0.026888487
0.0299287639
0.0322388369
0.035062049
-0.0677110313
-0.0536001909
-0.0503223827
-0.0452465698
-0.0444398506
-0.0438369236
-0.0420534456
-0.0381025761
-0.0310513345
-0.0218659032
-0.0124594769
-0.00402749867
0.00324609469
0.00964671911
0.0153520514
0.0203808051
0.0246353649
0.0280784135
0.0306579861
0.0336188369
-0.0651281034
-0.0493860701
-0.0467652745
-0.0412627187
-0.0397888537
-0.0395402818
-0.0385797906
-0.0349068298
-0.0286382076
-0.021180057
-0.0137813483
-0.00690454516
-0.000480865799
0.00570022959
0.0114693689
0.0168466731
0.0215546931
0.0254579506
0.028371101
0.0315244425
-0.0626725645
-0.0453761762
-0.0425474273
-0.037062994
-0.0352015836
-0.0355053212
-0.0349045316
-0.0320531529
-0.0275164358
-0.0221670186
-0.0164948678
-0.0106691812
-0.00473786375
0.00121254024
0.00725895787
0.0129382719
0.0180292676
0.0223614767
0.0256093039
0.0289612802
-0.0608024271
-0.0409538505
-0.0387432261
-0.0351238325
-0.0327649422
-0.0325767877
-0.0327276258
-0.0315861186
-0.0288274713
-0.0248316061
-0.0199906766
-0.0145664166
-0.00877068417
-0.00278039502
0.00327559369
0.009089571
0.0144248831
0.0190932085
0.0226289563
0.0261522544
-0.0602131312
-0.0360614722
-0.0330023063
-0.0328198006
-0.0321449834
-0.0329011926
-0.0342365607
-0.0340764038
-0.0318881523
-0.0282004122
-0.0235251688
-0.0181718112
-0.0123905171
-0.00638707888
-0.000338460867
0.00551043277
0.0109790255
0.0158926313
0.0196565635
0.023315232
-0.0596033077
-0.0302766704
-0.0281933519
-0.0331063509
-0.0356083242
-0.0372241619
-0.0382787206
-0.0376443674
-0.0351869963
-0.0314333947
-0.0267776892
-0.0214398572
-0.0156447564
-0.00961928819
-0.0035831138
0.00226366451
0.00781449569
0.0129155437
0.0168594901
0.0206397132
-0.0583616332
-0.0281567036
-0.0306789049
-0.0382733707
-0.0413919496
-0.0423674671
-0.0423170934
-0.0408922927
-0.0381305
-0.034335506
-0.0296969104
-0.0243645452
-0.0185534847
-0.0125175849
-0.00649702445
-0.000649519846
0.00498053613
0.0102468385
0.0143490695
0.0182842655
-0.0577508455
-0.0321143027
-0.0378126227
-0.0448640978
-0.046973852
-0.046833299
-0.0457243336
-0.0436863394
-0.0407039446
-0.0368392001
-0.0321678288
-0.0268391558
-0.0210637583
-0.0150904594
-0.00911583635
-0.00325467769
0.00248009875
0.00792394308
0.0121894409
0.0163984507
-0.0589468072
-0.0392994773
-0.0459617722
-0.0511283613
-0.0516512872
-0.0503416538
-0.0484826875
-0.0460498629
-0.042855089
-0.0388545656
-0.0341294828
-0.0288519557
-0.0232206366
-0.0174034189
-0.0115037428
-0.00560382004
0.00027995261
0.00595382585
0.0103505506
0.015208375
-0.0612406124
-0.0467433853
-0.0533904434
-0.0561902839
-0.0551801083
-0.0530088992
-0.0507236386
-0.0479819579
-0.0445351372
-0.0403822316
-0.0356708158
-0.0305576542
-0.0251963693
-0.0195939104
-0.0137662684
-0.00777811948
-0.0016669739
0.00432696804
0.00932121707
0.0142701201
-0.0639981028
-0.0536223575
-0.05936844
-0.0598780855
-0.057775946
-0.0550417659
-0.0524620579
-0.0493941753
-0.0457020511
-0.041481754
-0.0369299331
-0.03219554
-0.0272202222
-0.0218424009
-0.0160477594
-0.00988633101
-0.00343922682
0.00289323251
0.00892391286
0.0135553138
-0.0668215087
-0.0592895774
-0.0636036177
-0.062350804
-0.0596215104
-0.0564636854
-0.0535920618
-0.0502028751
-0.0463814397
-0.0423184972
-0.0381863238
-0.0340275738
-0.0294892196
-0.0243081486
-0.0184651828
-0.0119784776
-0.00508649477
0.00175407468
0.00877446493
0.012541519
-0.0692447799
-0.0631724251
-0.0663670005
-0.0638255644
-0.060730287
-0.0571926103
-0.0540284724
-0.0503728864
-0.046606535
-0.0429542055
-0.0395009548
-0.0359563076
-0.031820685
-0.0268083358
-0.0208079295
-0.0138339366
-0.00642462738
0.00106822967
0.00818357416
0.0108193073
-0.0711087887
-0.0648802947
-0.0681229904
-0.0644009575
-0.061048803
-0.0571651981
-0.0537632476
-0.0498690589
-0.0462679605
-0.0429836403
-0.0400736135
-0.0371409414
-0.0333268411
-0.0284587409
-0.0222370423
-0.0148311659
-0.00690894209
0.000919446139
0.0069033402
0.00863448363
-0.0721362788
-0.0651671668
-0.068610171
-0.0641517055
-0.0606087087
-0.0564133808
-0.0526822824
-0.0487196885
-0.0452138192
-0.0421464015
-0.0393064842
-0.0363964451
-0.0328464484
-0.0280606886
-0.0217022248
-0.0141105728
-0.00605481638
0.00127492133
0.00560641506
0.00667626844
-0.0720066532
-0.0648254733
-0.067483599
-0.0633972013
-0.0594748221
-0.0549864164
-0.0509138181
-0.0468163009
-0.0432031375
-0.0399235597
-0.0367321187
-0.0335206216
-0.029856265
-0.0250365793
-0.0187547614
-0.0114653962
-0.00412015871
0.00181019027
0.00481141442
0.0054414097
-0.0709160447
-0.0637791756
-0.065511178
-0.0618892261
-0.0578215887
-0.0529906529
-0.0485808015
-0.0442624926
-0.040330668
-0.0365399361
-0.0327191212
-0.0289642808
-0.0249432878
-0.0200574826
-0.0141331404
-0.00774834117
-0.00196744935
0.0021455498
0.00434531576
0.00501283395
-0.0692798239
-0.0620069407
-0.0630236686
-0.0597305835
-0.0557356886
-0.0506281628
-0.0458809743
-0.0412975978
-0.0369597374
-0.0326003664
-0.0281315134
-0.023766601
-0.019376397
-0.0145445207
-0.00928367853
-0.00422670527
-0.000221758929
0.00240863886
0.00417768407
0.00520067149
-0.0673404072
-0.0597099025
-0.0601902648
-0.0570718243
-0.0533455338
-0.0481082344
-0.0430605972
-0.0382289325
-0.0335355193
-0.0287393143
-0.0237843049
-0.0189728625
-0.0143832712
-0.00979974927
-0.00535843589
-0.00159235687
0.00109526357
0.00296153053
0.00458699406
0.00597434628
-0.0652213164
-0.0570692441
-0.0571491825
-0.0540554395
-0.0507882653
-0.0456128054
-0.0403568344
-0.035336616
-0.030423343
-0.0254034718
-0.0202231131
-0.0152172261
-0.0106315645
-0.006405664
-0.00267442681
0.000231155505
0.00226426445
0.00391747405
0.00563106348
0.00707117954
-0.0629181494
-0.0541748037
-0.054010656
-0.0508167386
-0.0481687987
-0.0432747778
-0.0379547394
-0.0328141405
-0.0278219128
-0.0227752806
-0.0176107054
-0.0126165974
-0.00813985078
-0.00422723005
-0.00093421389
0.00160871484
0.00349106011
0.0051332507
0.00712064889
0.00836915438
-0.0603541052
-0.0510197421
-0.0508353936
-0.0474964888
-0.0455370687
-0.0411748393
-0.035963336
-0.0307573635
-0.0257729122
-0.0208205731
-0.0158209158
-0.010948694
-0.00656996514
-0.00282285269
0.000298593223
0.00280742164
0.0048066037
0.00644395429
0.00870457402
0.00973509758
-0.0574356948
-0.0475889447
-0.047634644
-0.044222694
-0.0429125617
-0.0393290285
-0.03440388
-0.0291815995
-0.0242194119
-0.0193844083
-0.0145922184
-0.00987964703
-0.00554515274
-0.00180417497
0.00133056818
0.00394024645
0.00613981038
0.0078580284
0.0101650656
0.0109923562
-0.0539907643
-0.0440361582
-0.0443856008
-0.0410792357
-0.0403056713
-0.0376605845
-0.0332190081
-0.0280512704
-0.0230715925
-0.0182995285
-0.0136612995
-0.00910059284
-0.00478168523
-0.000951247495
0.00229489112
0.00502646842
0.00738493969
0.00925250112
0.0114692081
0.0120618902
-0.0501772138
-0.0402858775
-0.0409506947
-0.0380626687
-0.0376940237
-0.0360199826
-0.0322946015
-0.0272993303
-0.0222477292
-0.017449742
-0.0128515225
-0.00838910078
-0.00408972994
-0.000164755528
0.00321407013
0.00605313494
0.00850706407
0.0105852311
0.012538309
0.0129947822
-0.045889309
-0.0363708837
-0.0372437663
-0.035082701
-0.0350360552
-0.0342423376
-0.0314630925
-0.0268297893
-0.0216972662
-0.0167808975
-0.0121063845
-0.00764496933
-0.003362915
0.000607613104
0.00408262475
0.00701611718
0.00955127468
0.011818119
0.0134613364
0.0137705111
-0.0410055687
-0.0322822528
-0.033234015
-0.0319801638
-0.0322696228
-0.0321738421
-0.0304806773
-0.0264955424
-0.0213947032
-0.0162801318
-0.0114517718
-0.00689060671
-0.00258955953
0.00138733592
0.0049061275
0.00792945243
0.0105721984
0.0129413449
0.0143047147
0.0143112206
-0.0356770502
-0.0278836184
-0.0289321657
-0.028624724
-0.0293400041
-0.0297485595
-0.0290498463
-0.0260282887
-0.0212580802
-0.0159657211
-0.0109271092
-0.00620714906
-0.00183441252
0.00215203631
0.00569779233
0.00882845917
0.0116141967
0.0138233555
0.0148353328
0.0146995953
-0.0301889916
-0.0232839458
-0.0244448797
-0.0250032124
-0.0262541669
-0.0270322928
-0.0269916654
-0.0250768575
-0.0210311685
-0.0158369334
-0.0105705062
-0.00565726932
-0.00116135892
0.00288387116
0.00649925354
0.00973964893
0.0124871546
0.0142781797
0.0149688142
0.0149764588
-0.0250590925
-0.0188688718
-0.0200358109
-0.0212475734
-0.0230939868
-0.0242174422
-0.0244440559
-0.0232990491
-0.0202513328
-0.0156114159
-0.0103413768
-0.0052350534
-0.000555427204
0.00363458595
0.00734738906
0.0105295485
0.0128919386
0.0142094105
0.0148641148
0.0152131726
-0.0209656326
-0.0152415945
-0.0161442279
-0.0176366424
-0.0199940506
-0.0215633157
-0.0219077664
-0.0209178338
-0.0184895915
-0.0146297412
-0.00977013018
-0.00465364244
0.000180892087
0.00449670348
0.00814067597
0.0109384361
0.0127788943
0.0139205107
0.0148341809
0.015530209
-0.0185364801
-0.0130105626
-0.0133269472
-0.0146178241
-0.0171545935
-0.0192197768
-0.0199095728
-0.0188799903
-0.0163459487
-0.0126579908
-0.00817513451
-0.00328097207
0.00148734461
0.00566763524
0.00892162739
0.011092997
0.012470144
0.0137033323
0.0149456376
0.0158219224
-0.0182468468
-0.0125664319
-0.0122026117
-0.0128719827
-0.0150340069
-0.0172002048
-0.0183078618
-0.0176366942
-0.0150856004
-0.0110123546
-0.00613431455
-0.00115796942
0.00346268313
0.00726371312
0.00988175078
0.0113240471
0.0122578918
0.0135099491
0.0151613349
0.0163168234
-0.0203107594
-0.0142130656
-0.0133065593
-0.0131896511
-0.0145689035
-0.0162729098
-0.0173045261
-0.0167996259
-0.0144686695
-0.0105179878
-0.00546566263
6.92174822e-06
0.00500548991
0.00876847102
0.0110268898
0.0120201333
0.0126656697
0.013907107
0.0158163025
0.0172145353
-0.0246159516
-0.01810214
-0.0168460309
-0.0159910141
-0.0165745943
-0.0175656312
-0.0181150872
-0.0173896864
-0.0149748767
-0.0109421944
-0.00576508798
-0.000155915971
0.00502501553
0.00903760368
0.0115378044
0.0126912678
0.013629223
0.0150073178
0.0168742723
0.0181962165
-0.030788071
-0.0239392852
-0.0225760175
-0.0211434271
-0.0211654554
-0.0215345864
-0.0215147405
-0.0203798254
-0.0177075509
-0.013470458
-0.00800556163
-0.0019554654
0.00381581984
0.00843945864
0.0113945329
0.0129073861
0.0139686007
0.0154263814
0.0172149682
0.0184041347
-0.0382173642
-0.0310516229
-0.0297608719
-0.0279323396
-0.0275894607
-0.027533366
-0.0270760479
-0.0255057934
-0.0225375792
-0.0180881857
-0.0123899745
-0.00591425506
0.000632967231
0.00638749412
0.0106132872
0.0132074604
0.0148395306
0.0162604172
0.0176814521
0.018496628
-0.0461693178
-0.0386445908
-0.0374895273
-0.0352954109
-0.0346395743
-0.034170221
-0.0332897843
-0.0313668893
-0.0281519617
-0.0236140903
-0.0178839923
-0.0112498893
-0.00416880225
0.00270743369
0.00863059217
0.013065531
0.0159752236
0.0177256159
0.0186351023
0.0188830746
-0.0539697592
-0.0460074758
-0.044999445
-0.0423336784
-0.0412826435
-0.040311767
-0.0389442838
-0.0366320251
-0.0332000127
-0.028648679
-0.023060416
-0.0165983124
-0.00950170882
-0.00211474384
0.00507657196
0.0114154723
0.0161079666
0.0186713322
0.0195333752
0.0193048932
-0.0611247214
-0.0526322495
-0.0518245658
-0.0485574873
-0.0470451923
-0.0455221087
-0.0436671546
-0.0409984726
-0.0373680286
-0.03277869
-0.0272960621
-0.0210498237
-0.0141907706
-0.00687755625
0.000689376127
0.0081386811
0.0146010827
0.0186907325
0.0199447012
0.0193420744
-0.0673329838
-0.0582434368
-0.0577769273
-0.0538014121
-0.0518590544
-0.0498238735
-0.0475636945
-0.0446255742
-0.0408492302
-0.0362057891
-0.0307469824
-0.0246038917
-0.0179181819
-0.0108037759
-0.00336098204
0.00427777841
0.0117143339
0.0175326745
0.0198367902
0.0197072307
-0.0724228177
-0.0627739526
-0.0628382576
-0.0580488939
-0.0558070231
-0.0533401734
-0.0507761058
-0.0476449551
-0.0437593771
-0.039049473
-0.0335752389
-0.0274680414
-0.0208663691
-0.0138668889
-0.00656354827
0.000897501137
0.00839350341
0.0154198593
0.0196690243
0.0203438687
-0.0761714302
-0.0664568873
-0.0670128161
-0.0613223407
-0.0589945697
-0.0561411001
-0.0533446055
-0.0500518043
-0.0460525768
-0.041259578
-0.0357546167
-0.0296747302
-0.0231472452
-0.0162370268
-0.00900158301
-0.001656337
0.00554906783
0.012918827
0.0191689742
0.0209727394
-0.0788543273
-0.0692682352
-0.0701573604
-0.0636776753
-0.0615125943
-0.058231647
-0.0552550771
-0.0517951879
-0.0476616309
-0.0427750653
-0.0372335153
-0.0311871265
-0.0247485337
-0.0179610601
-0.0108200333
-0.00349630521
0.00348265345
0.0104911743
0.0175876583
0.0209810872
-0.080662365
-0.0712426556
-0.0719881095
-0.0653436849
-0.0633924977
-0.0595898618
-0.0565047131
-0.0528504217
-0.0485676231
-0.0436104016
-0.0380301552
-0.0320291162
-0.025679085
-0.0190229507
-0.0120350196
-0.00476190575
0.00209268057
0.00859554367
0.015343541
0.0201976225
-0.0817624025
-0.0720419692
-0.0724921651
-0.0667690175
-0.0644520452
-0.0602708573
-0.0571308207
-0.0532397709
-0.0488002709
-0.0437212942
-0.0382104901
-0.0322847726
-0.0260037588
-0.0194390803
-0.0126093
-0.00546707326
0.00123413473
0.00737614932
0.0132523796
0.0190190977
-0.0822176454
-0.0714414006
-0.0724663654
-0.0675571133
-0.0645522212
-0.0605672065
-0.0571238362
-0.0530427296
-0.0484980327
-0.043408263
-0.0379201324
-0.0320378027
-0.0257741989
-0.0192446699
-0.0125346018
-0.00555855733
0.000933062163
0.00687994042
0.0118004234
0.0178904849
-0.082150388
-0.0697155491
-0.071855335
-0.0674513233
-0.0641812215
-0.0602605697
-0.0565622547
-0.0523514177
-0.047730392
-0.0426515831
-0.0371762443
-0.0312820208
-0.0249868766
-0.0184585486
-0.0118193256
-0.00505696311
0.00124058684
0.00711168201
0.0110746159
0.0172476721
-0.0817762595
-0.0671447519
-0.070481268
-0.0666440067
-0.0633036637
-0.0593727151
-0.0554886484
-0.0511863521
-0.0465074077
-0.0414156363
-0.03590702
-0.0299449637
-0.0236025004
-0.0170889726
-0.0105356576
-0.00398609217
0.00210321365
0.00766003427
0.0115085686
0.0172817517
-0.0813813895
-0.064023407
-0.0683795711
-0.0652649667
-0.061861582
-0.0579347797
-0.0538921857
-0.049495184
-0.0447421873
-0.039588016
-0.0339964786
-0.0279587565
-0.0216169412
-0.0151843102
-0.00877362227
-0.00246101367
0.00338400067
0.00868815394
0.0126715917
0.018101077
-0.0812512614
-0.0608110752
-0.0657683909
-0.0633902686
-0.059876757
-0.0559468153
-0.051735951
-0.0471902286
-0.0423140734
-0.0370567527
-0.0313792873
-0.0253366666
-0.0191050479
-0.0128543279
-0.00667016825
-0.000640347336
0.00496061292
0.0101280783
0.0142922899
0.0195998421
-0.0814321984
-0.0580063401
-0.0630559884
-0.0611674128
-0.0574472223
-0.0534588769
-0.0490498647
-0.0442776533
-0.0392183916
-0.0338450248
-0.0281480453
-0.0222259629
-0.0162290095
-0.0102632719
-0.00439185673
0.00131950267
0.00670856212
0.0118376073
0.016227099
0.0215334262
-0.0822733763
-0.056168378
-0.0604991724
-0.0588485105
-0.0547835854
-0.0506398623
-0.0460160913
-0.0409743564
-0.0357016836
-0.0302341982
-0.0246103826
-0.0189082687
-0.0132210333
-0.00760544093
-0.0020988916
0.00328977167
0.0084996184
0.0136324223
0.0182385955
0.0235886
-0.0844917981
-0.0578175257
-0.0588217253
-0.0567180284
-0.0521484036
-0.0477701043
-0.0429599049
-0.0376855859
-0.0322319504
-0.0267161408
-0.0212000232
-0.0157204036
-0.0103299069
-0.00506230132
8.42053792e-05
0.00515709086
0.0101573038
0.0152214207
0.019942405
0.0253030733
-0.0866312605
-0.0645453392
-0.0598879058
-0.0552151793
-0.0497889128
-0.0451732492
-0.040242407
-0.0348392341
-0.0292887439
-0.0237552551
-0.0182941821
-0.012942611
-0.0077574149
-0.00276508711
0.00206778695
0.00679997934
0.0114627625
0.0162636708
0.0209061152
0.0262115395
-0.0881020984
-0.0701809367
-0.0618475031
-0.0540460698
-0.047822744
-0.0431001797
-0.0381341886
-0.0327312643
-0.0271792612
-0.0216140815
-0.0161083744
-0.0107513445
-0.0056372878
-0.000790784726
0.00380013401
0.00816929276
0.0123738571
0.0167104384
0.021054318
0.0262533093
-0.0867541797
-0.0706075599
-0.0622762051
-0.0523785458
-0.0462241072
-0.0416464424
-0.0367583024
-0.0314900749
-0.0260038094
-0.0203718673
-0.0147424529
-0.00926950999
-0.00406444169
0.00081802127
0.00531474766
0.00943804449
0.0132439872
0.0170612425
0.0209267384
0.0259884046
-0.0803409971
-0.0671356417
-0.0605640491
-0.049932976
-0.0450466112
-0.0407769113
-0.0361126133
-0.0311109085
-0.0257275752
-0.0200593435
-0.0143093163
-0.00861846227
-0.0031043501
0.00207349883
0.00676367101
0.010936187
0.0145838085
0.0180030628
0.0212934215
0.0260702094
-0.0744498076
-0.0611603247
-0.0568795864
-0.0473676049
-0.0443070748
-0.0403703917
-0.0361128164
-0.031489323
-0.0263235356
-0.0207826166
-0.0149547818
-0.00886070513
-0.00271832939
0.00311467659
0.00834331375
0.0128478567
0.0165720122
0.0197995028
0.0225481432
0.0268800523
-0.0743591893
-0.0544558545
-0.0527043532
-0.0455682085
-0.0438235265
-0.0402859859
-0.0366241603
-0.032530792
-0.0278777496
-0.0226647824
-0.0166825429
-0.00986411367
-0.00267449565
0.0041694209
0.0101440968
0.0150797713
0.0189799874
0.0221721195
0.0245168549
0.0284135274
-0.0762335047
-0.0517843436
-0.049754355
-0.0448378033
-0.0434661035
-0.0404989144
-0.0375639986
-0.034285111
-0.0304250956
-0.0255702715
-0.0192178033
-0.0112519084
-0.00262670556
0.00540273112
0.0121251035
0.0174322356
0.0214760521
0.0246661905
0.0268282096
0.0303221259
-0.0772963818
-0.0540019042
-0.0495478476
-0.0451553198
-0.0433918538
-0.0410213404
-0.0389132226
-0.0366314564
-0.0336452838
-0.0290320733
-0.0219973958
-0.0124804258
-0.00227315775
0.00687811627
0.0142085211
0.0197486773
0.0238378829
0.026981336
0.029079872
0.0322845283
-0.078401376
-0.0567123045
-0.0511538786
-0.0455234692
-0.0433860151
-0.0416099468
-0.0403124651
-0.0390360084
-0.0368728325
-0.0323061298
-0.0241268949
-0.0129627667
-0.00140347299
0.00855054675
0.0162250776
0.0218339108
0.0258834698
0.0289528664
0.0310620626
0.0340330628
-0.0785304929
-0.05748767
-0.0522244222
-0.0450033776
-0.0429173965
-0.041715485
-0.0411863647
-0.0409122354
-0.0392223591
-0.0341968449
-0.0246830933
-0.0122735505
1.34527374e-06
0.010181044
0.0178250336
0.0233491405
0.0273330806
0.0303320993
0.0324031969
0.0352876642
-0.0761576671
-0.0565557199
-0.0518177109
-0.0432516459
-0.041511369
-0.0408431194
-0.0410327651
-0.0413611778
-0.0396198803
-0.033771987
-0.023230881
-0.010409104
0.00163220438
0.0113303662
0.0185841096
0.0239355914
0.02790843
0.0309370706
0.0330464138
0.0359058076
-0.0719535723
-0.0545348767
-0.0495316534
-0.0405027441
-0.0389926062
-0.0386927314
-0.0393145022
-0.0397524445
-0.0375979223
-0.0308963808
-0.0200655391
-0.00796886435
0.00286143395
0.0115268457
0.018215823
0.0234198961
0.0274901057
0.0306737488
0.0328896617
0.0358016556
-0.0675710297
-0.0517080746
-0.046309265
-0.0372102123
-0.0355613442
-0.0353591972
-0.0360039228
-0.036121659
-0.0333511609
-0.0262674697
-0.0163232033
-0.00604739944
0.00300510604
0.0105124044
0.0167112899
0.0218796256
0.0261427399
0.0295710993
0.0319506842
0.0349774681
-0.0640836284
-0.0487013216
-0.0424684622
-0.0332663669
-0.0312987601
-0.0314011639
-0.0319808789
-0.0314722224
-0.028097952
-0.0217056345
-0.0137262196
-0.00565413115
0.00177145958
0.00842036494
0.0143507948
0.0195904752
0.0240700308
0.0277733418
0.0303558055
0.0335238576
-0.0629026356
-0.046036688
-0.0395070248
-0.0304781769
-0.0277747093
-0.0278829883
-0.0281666099
-0.0271919105
-0.0242468082
-0.0194378835
-0.0134511695
-0.00700096557
-0.000541434621
0.00569488572
0.0115461832
0.0168788065
0.0215478517
0.0255015824
0.0282850788
0.0315878902
-0.0650194132
-0.041791366
-0.0341169687
-0.0282317934
-0.0251831647
-0.0252173799
-0.0261019529
-0.0259026714
-0.0239066874
-0.0202014148
-0.0152234824
-0.00947244582
-0.00337199906
0.00274464305
0.00861140769
0.0140162995
0.0188176229
0.0229655352
0.0259227242
0.0293360511
-0.064412967
-0.0366514155
-0.0321017577
-0.0281491664
-0.0259810832
-0.0268631325
-0.0283953945
-0.0283609974
-0.026330297
-0.0227003767
-0.0179213509
-0.0123715767
-0.00638816781
-0.000281023441
0.00563965994
0.0111166755
0.0160210296
0.0203205841
0.0234250503
0.0269248362
-0.0642822096
-0.0373861907
-0.0324317028
-0.0316366295
-0.0314193638
-0.0323050563
-0.0329935192
-0.0320863955
-0.0294770221
-0.0256162719
-0.0208586857
-0.0154291314
-0.00953001152
-0.00339934519
0.00261993133
0.00821581452
0.0132418146
0.0176792674
0.0209166818
0.024490377
-0.0647441792
-0.0356573012
-0.0342831227
-0.0375483336
-0.0382046739
-0.0381525967
-0.0375654015
-0.0356976293
-0.0325660514
-0.0285300662
-0.0238043985
-0.0184817234
-0.0126590516
-0.00649513899
-0.000348993238
0.00540264158
0.0105705757
0.0151409161
0.0185037387
0.0221541263
-0.0635755769
-0.0363547853
-0.039645945
-0.0442694926
-0.0444578815
-0.0433071946
-0.0415493326
-0.0388889571
-0.0353969057
-0.0312547231
-0.0265325103
-0.021261115
-0.0154779957
-0.0092948821
-0.00305913412
0.00282117545
0.00811514599
0.0128041276
0.016280982
0.0200345976
-0.0639460163
-0.0416999246
-0.0468353309
-0.0504656451
-0.049549328
-0.0473859518
-0.044770652
-0.041613603
-0.0379107687
-0.0336713709
-0.0288851642
-0.0235820566
-0.0177959514
-0.0116201481
-0.00536078088
0.000586724671
0.0059667015
0.0107564062
0.014341509
0.0182388024
-0.0655974854
-0.0481108045
-0.053680449
-0.0554752533
-0.0534001654
-0.0505068675
-0.0473880366
-0.0439439042
-0.0400822105
-0.0357185969
-0.0308162666
-0.0254276118
-0.0196063683
-0.013449845
-0.00721476358
-0.00125504868
0.0041696909
0.00905804593
0.012734564
0.0169041836
-0.0678831851
-0.0546435039
-0.0596206683
-0.0592182637
-0.0562653333
-0.0529207509
-0.0495045028
-0.0458590346
-0.0418523009
-0.0373514688
-0.0323162178
-0.0268227288
-0.0209587993
-0.0148301013
-0.00864922702
-0.00271317523
0.00272527468
0.00772562189
0.0116575339
0.0159909981
-0.0705578742
-0.0605874301
-0.064110813
-0.0618231678
-0.0583860957
-0.0547355889
-0.0511078965
-0.0473023369
-0.0431743152
-0.0385495976
-0.0333934217
-0.0278066666
-0.0219153662
-0.0158280196
-0.00972231572
-0.00382667707
0.00161504813
0.0066950524
0.0111739487
0.0155193373
-0.0730838338
-0.0653945616
-0.0671576889
-0.0635369254
-0.0598450529
-0.0559401209
-0.052147647
-0.0482168132
-0.0440063212
-0.0393001334
-0.0340700144
-0.0284317508
-0.0225440253
-0.0165157746
-0.0105004935
-0.00464531767
0.000815184962
0.00601712039
0.0112244196
0.0153150353
-0.0750610648
-0.0688195927
-0.068933645
-0.0644401223
-0.0606421468
-0.0564956503
-0.0525825244
-0.0485518315
-0.0442914836
-0.0395658334
-0.0343465309
-0.0287233355
-0.0228861446
-0.0169421922
-0.0110153224
-0.00522400683
0.000280521013
0.00572023078
0.0116593109
0.0150942951
-0.0761747023
-0.0707957659
-0.069760514
-0.0644867249
-0.0607793842
-0.0564081619
-0.0524197869
-0.0483041561
-0.0439956391
-0.0392955536
-0.0341600431
-0.0286531186
-0.0229281693
-0.0171062587
-0.0112803581
-0.00553997007
2.91272462e-05
0.00581898058
0.0120239394
0.0145096782
-0.0763058619
-0.0712645435
-0.0698918732
-0.0637576892
-0.0602056037
-0.0558101949
-0.0517370593
-0.0475541597
-0.0431781731
-0.0384987416
-0.0334776054
-0.0281392952
-0.0225961628
-0.0169445828
-0.0112441613
-0.0055563622
0.000135267809
0.0061870001
0.0117422085
0.0133555094
-0.07557084
-0.0702904183
-0.0689428974
-0.0627174678
-0.0589642093
-0.0547502187
-0.050669618
-0.0464584898
-0.042032256
-0.037346435
-0.0324052604
-0.0272252811
-0.021877796
-0.0164122076
-0.0108470791
-0.00518784847
0.000663432571
0.0065966686
0.0107596882
0.0118808211
-0.0739531709
-0.068360505
-0.0669211382
-0.0611597427
-0.0572735305
-0.0532921267
-0.0493400969
-0.0451915478
-0.0407700756
-0.0360687593
-0.0311581199
-0.0260733278
-0.0208639948
-0.0155334026
-0.0100488308
-0.00435744384
0.00157196397
0.00697823266
0.00984569385
0.0105440471
-0.0709780439
-0.0657325294
-0.0641729198
-0.0590394899
-0.0552072985
-0.0515043347
-0.0477973341
-0.0438174504
-0.0394742618
-0.0347744585
-0.0298804294
-0.0248154411
-0.0196422136
-0.0143310063
-0.00880996033
-0.00307361015
0.00262084253
0.00723175187
0.00944490346
0.00961960121
-0.0665790693
-0.0622492196
-0.0608130535
-0.0564022231
-0.0527866446
-0.0493895352
-0.045991327
-0.0422546668
-0.0380575516
-0.0334541249
-0.0285057048
-0.023388907
-0.0181467546
-0.0127316128
-0.00709182262
-0.00144065524
0.00354509597
0.00712460436
0.00909984458
0.00906709982
-0.0607900034
-0.0576184142
-0.0567818887
-0.0532758192
-0.0500269054
-0.0469190011
-0.0438035907
-0.0403054718
-0.0362440361
-0.0316645439
-0.0267061836
-0.0215115068
-0.0161364871
-0.0105693085
-0.00489133571
0.00038308759
0.00434491923
0.00684232732
0.00854054587
0.00886660674
-0.0534362761
-0.0515579231
-0.0518320232
-0.0495635769
-0.0469088082
-0.0440798659
-0.0411379824
-0.037778444
-0.0337854978
-0.0291917652
-0.0241722044
-0.0188685884
-0.0133622406
-0.00773839489
-0.00229356937
0.00226040495
0.00523746106
0.00705064843
0.00842945057
0.0091050766
-0.044501055
-0.0438913422
-0.0456279054
-0.044976253
-0.0432773288
-0.0408483965
-0.037984973
-0.0345999882
-0.0305539391
-0.0258768135
-0.0207493521
-0.015349162
-0.00982456516
-0.00439807887
0.000456598442
0.00408164922
0.00635308659
0.00802301215
0.00911305118
0.00967098752
-0.0349712381
-0.0353102772
-0.0383590601
-0.0393406323
-0.0388710104
-0.037106692
-0.0343967235
-0.0308832488
-0.0266594731
-0.0218428432
-0.0166252164
-0.011236138
-0.00592643508
-0.00102680848
0.00298667435
0.00577120123
0.00766147351
0.00927715964
0.0101616299
0.010300784
-0.0273389317
-0.0280867519
-0.0316417449
-0.0334124043
-0.0337361273
-0.0326464707
-0.0303262367
-0.026846312
-0.0224753001
-0.0175430159
-0.0123422348
-0.00716686668
-0.0023430792
0.00179887532
0.00498458788
0.00724971698
0.00896975257
0.0101582134
0.0107318095
0.0108488655
-0.0241146272
-0.0249067696
-0.0279614553
-0.0289610773
-0.0286153485
-0.0273650592
-0.0254031434
-0.0224385675
-0.0183677934
-0.0135728477
-0.00859920883
-0.00385003872
0.000342801941
0.00376047396
0.00638190216
0.00836680769
0.00974398939
0.0102840288
0.0106446432
0.0113388598
-0.0251508828
-0.0257587991
-0.0276484579
-0.0267044904
-0.0244189013
-0.0218630833
-0.019497939
-0.0170535847
-0.0139876895
-0.0100934897
-0.00574698354
-0.00158580161
0.00200735012
0.00490543284
0.00716815813
0.00882491979
0.00972235223
0.00993409474
0.0102859543
0.0120480313
-0.0282234883
-0.027971505
-0.0280601053
-0.0252154043
-0.021491137
-0.0178496898
-0.0145449544
-0.0115348054
-0.00875553787
-0.00599909677
-0.00294093369
0.000273013895
0.0031408447
0.00546811171
0.00726122372
0.00853715625
0.00933246385
0.0099314986
0.0109241952
0.0129200669
-0.0303062786
-0.0284888879
-0.0268803357
-0.0230546643
-0.0193440271
-0.0159958118
-0.0126004304
-0.00890704783
-0.0052632282
-0.0022311512
0.000171481192
0.00234584582
0.00423460691
0.00566176036
0.00675767102
0.00777172358
0.00898764113
0.0103250968
0.011750233
0.0138044042
-0.0311459828
-0.0275920668
-0.024782509
-0.0204899194
-0.0171906881
-0.0145761189
-0.0120242797
-0.00922080175
-0.0061852413
-0.00276350158
0.00115598395
0.00372837558
0.00487861651
0.00531127848
0.00572458707
0.00662980068
0.00851102346
0.0106011184
0.0124144186
0.0143150042
-0.0314630587
-0.026577735
-0.0230730693
-0.0185481786
-0.0155391948
-0.0133686104
-0.0113303693
-0.00915127547
-0.00684927569
-0.0044360888
-0.00206297877
0.000776772493
0.0027906892
0.00392207994
0.0046548167
0.00594203124
0.00837849559
0.011146743
0.0132962994
0.0149764039
-0.0321567421
-0.0264444598
-0.0225780063
-0.0181145986
-0.0153558217
-0.0133823566
-0.0115141027
-0.00958083759
-0.00769313089
-0.0059629221
-0.00442118747
-0.00275511081
-0.000849808454
0.0013191701
0.00358188224
0.00623639811
0.00952327265
0.0123937316
0.0140374008
0.0155328901
-0.0339228728
-0.0277395041
-0.0239137555
-0.019593527
-0.0170711782
-0.0150826736
-0.0130814955
-0.011046754
-0.00920356775
-0.00772268061
-0.00655785408
-0.00535320109
-0.00363797382
-0.00109377934
0.00236192601
0.0063849697
0.0104322144
0.0130307993
0.0142061477
0.0157175132
-0.0370206857
-0.0306047765
-0.0270541863
-0.0229654392
-0.020661966
-0.0185121212
-0.0161837692
-0.0137556223
-0.011533118
-0.00975166947
-0.00840963815
-0.00713391171
-0.0052662347
-0.00225881745
0.00175387414
0.00636579972
0.0107425191
0.0130640938
0.0141377873
0.0157557819
-0.041358573
-0.0348659336
-0.0317480463
-0.0279151217
-0.0257513354
-0.0234145937
-0.020656384
-0.0177121455
-0.0148522568
-0.012323874
-0.0101987476
-0.0082130258
-0.00577664385
-0.00230583458
0.00218055009
0.00697955196
0.0110765874
0.0131974748
0.0145462976
0.0159209601
-0.0466205756
-0.0401048616
-0.037468151
-0.0338240497
-0.0316986914
-0.0291000686
-0.0259721048
-0.0226317021
-0.0191782781
-0.0157912673
-0.0125640418
-0.00937230266
-0.00585217704
-0.00162127692
0.00329945078
0.00818212745
0.0118730028
0.0139950748
0.0154727137
0.0163402048
-0.0523806087
-0.0458087711
-0.0436259606
-0.0400345482
-0.0378525947
-0.0350211328
-0.0317200083
-0.0280570898
-0.0242327572
-0.0202257635
-0.0160287133
-0.0115686186
-0.00667322073
-0.00124305086
0.00442107243
0.00952366984
0.0132240231
0.0153407712
0.0165475671
0.0169598929
-0.0582041929
-0.0514934385
-0.0497309802
-0.0460374103
-0.0437201653
-0.0406606705
-0.0371611946
-0.033410758
-0.0294674832
-0.0252109326
-0.0204947876
-0.0151778416
-0.00913939403
-0.00240832649
0.004488305
0.0104253368
0.0144689321
0.0166736588
0.0175299585
0.0175784497
-0.0637152304
-0.0567623918
-0.0554482667
-0.0515265282
-0.0490618274
-0.0458133931
-0.0421813705
-0.0383488559
-0.0343540907
-0.0300565038
-0.0252367861
-0.0196494877
-0.0131058682
-0.00557619162
0.00250838382
0.00990371005
0.0150611589
0.0175851199
0.0183074268
0.0180796107
-0.068609044
-0.0613250484
-0.0605764049
-0.056316752
-0.053766811
-0.0503827345
-0.0466420302
-0.0426823358
-0.038574313
-0.0342325686
-0.0294541694
-0.0239608962
-0.0174976643
-0.0099200535
-0.00137171258
0.00726672457
0.0141523091
0.0178403525
0.0189495158
0.0183453453
-0.0726233504
-0.0650145747
-0.0649904786
-0.0602553322
-0.0577607992
-0.0542993119
-0.0504786723
-0.0463512591
-0.0420421306
-0.0375577074
-0.0327630228
-0.0274100129
-0.0212417869
-0.0140782661
-0.00585188257
0.00313902302
0.0115940647
0.0172209167
0.0190424065
0.0184047084
-0.0754142459
-0.0679420114
-0.0685385261
-0.0632164499
-0.0609823136
-0.0574591527
-0.0536153555
-0.0493296621
-0.0447699079
-0.0400632676
-0.0351664764
-0.0298709201
-0.0239296268
-0.0172063583
-0.00960901733
-0.00107119863
0.00798061037
0.0155061872
0.0187428609
0.0189442202
-0.0771414294
-0.0699946825
-0.0709038053
-0.0651749653
-0.0633750905
-0.0597233678
-0.0559497623
-0.0515682438
-0.0467771672
-0.0418261033
-0.0367878561
-0.0314939246
-0.0256711975
-0.0192159983
-0.012124418
-0.00429050227
0.00438637832
0.0131294965
0.0188159942
0.0200302849
-0.078112537
-0.0709053811
-0.0716025812
-0.0665492387
-0.0647673781
-0.0609734228
-0.057395097
-0.0529990029
-0.0480629107
-0.0428905
-0.0377042168
-0.0323993522
-0.0266614938
-0.0203534863
-0.0135531611
-0.00624979866
0.00171885451
0.010587411
0.0185683601
0.0211168487
-0.0784231082
-0.0702646531
-0.071330567
-0.0671863721
-0.0648338917
-0.0613716439
-0.0578705271
-0.0535429809
-0.0485888604
-0.043265906
-0.0379468189
-0.0326329599
-0.0269879622
-0.0207980665
-0.0141802834
-0.00719439531
0.000197314961
0.00836947179
0.0170110513
0.0213098798
-0.0780773016
-0.0682686607
-0.0703448429
-0.0667280275
-0.064105972
-0.0607932464
-0.0573356102
-0.0531414752
-0.04828818
-0.0429571156
-0.0375542489
-0.0322245077
-0.0266745818
-0.0206007003
-0.0141317924
-0.00737156105
-0.000386940903
0.00699053801
0.0147641672
0.0205223816
-0.0772381051
-0.0653075007
-0.0685091182
-0.0654143787
-0.0626434836
-0.0593560417
-0.0558886047
-0.0518210682
-0.047122229
-0.0419236872
-0.0365553655
-0.0312160294
-0.0257307035
-0.0197834624
-0.0134506033
-0.00687778809
-0.000236678629
0.00656965496
0.0129416727
0.0193918121
-0.0761404128
-0.0617164106
-0.0658629533
-0.0634399471
-0.0605498453
-0.057255723
-0.0537230093
-0.0497240491
-0.0451859398
-0.040183402
-0.0349482359
-0.0296560201
-0.0242243592
-0.0183897753
-0.012179794
-0.00577906465
0.000586141321
0.00704743478
0.0121483159
0.0186050448
-0.0750113422
-0.0577909782
-0.0626052316
-0.0609283179
-0.0579709315
-0.0546762582
-0.0510561756
-0.0470581697
-0.0426471751
-0.0378511604
-0.0328030721
-0.0276172424
-0.0222415907
-0.0164917084
-0.0103842665
-0.00410659385
0.0020845159
0.00816938644
0.0125481281
0.0186922252
-0.074024997
-0.0538320715
-0.0590134109
-0.0579948592
-0.0550258931
-0.0517537096
-0.048065285
-0.0440255726
-0.0396933421
-0.0350783889
-0.0302250892
-0.0251704633
-0.0198577421
-0.0141697663
-0.0081367018
-0.00194245691
0.00411872756
0.00987269272
0.0141399902
0.0197628487
-0.0733911686
-0.0500255804
-0.0553496112
-0.0548766713
-0.0518526797
-0.048573687
-0.044856301
-0.0407697057
-0.0364711628
-0.0319906449
-0.0273056833
-0.0223769487
-0.017134404
-0.0115064155
-0.0055431363
0.000571597599
0.0065298695
0.0121202214
0.0165196142
0.0218884483
-0.074483354
-0.0479307374
-0.0514759013
-0.0517658851
-0.0486116483
-0.0452001863
-0.0414821866
-0.0373720708
-0.0330770311
-0.0286802262
-0.0241209499
-0.0193125544
-0.0141642272
-0.0086357732
-0.00278602588
0.00322533067
0.00913704282
0.0147700275
0.019491679
0.0250101252
-0.0769263552
-0.0512457605
-0.0499249568
-0.049136113
-0.0453454148
-0.0416796503
-0.0379788404
-0.0338800371
-0.0295939522
-0.0252590326
-0.0208093577
-0.0161340161
-0.0111382024
-0.00578772456
-0.000109802462
0.00581514336
0.0118258445
0.0177830917
0.0231249435
0.0290740829
-0.0787703123
-0.0562626289
-0.051791097
-0.0473774013
-0.0420575571
-0.0380730028
-0.0343776288
-0.0303263636
-0.0261137459
-0.0218836249
-0.0175776321
-0.013087608
-0.00831594858
-0.00318987306
0.00234813177
0.00832577925
0.0146748474
0.0212667858
0.027515068
0.0340521276
-0.0786404992
-0.0559212603
-0.0541845126
-0.0459483418
-0.0388417115
-0.034506082
-0.0307192129
-0.0267439354
-0.0227131816
-0.0186887191
-0.0146038699
-0.0103536567
-0.00581988061
-0.000861189245
0.00465987407
0.0108354236
0.0176531508
0.0250002945
0.0322367261
0.0393247344
-0.0807730715
-0.0562322544
-0.0537120911
-0.0438454557
-0.0360163687
-0.031143285
-0.0270544242
-0.0231627079
-0.0193972766
-0.0156574507
-0.0118404714
-0.00783695576
-0.00349345464
0.00134318756
0.00678458213
0.0129382211
0.0199006742
0.0277070332
0.0357230713
0.0432131386
-0.0787637029
-0.0595922147
-0.0551781243
-0.0424230804
-0.0340220665
-0.028128035
-0.0234816662
-0.0195929964
-0.0160581354
-0.0126152873
-0.009080936
-0.00527550258
-0.00111552843
0.00340742728
0.00832924882
0.0138088293
0.020131754
0.0276907046
0.0360732637
0.0439339085
-0.074667351
-0.0588994878
-0.0531348657
-0.0415546993
-0.0328261813
-0.0256234785
-0.0203316221
-0.0163260105
-0.012938962
-0.00970474066
-0.00628472519
-0.00264877329
0.0011402495
0.0050854549
0.00924669976
0.0137583957
0.0189075847
0.0253901799
0.0333071234
0.0416323218
-0.0708623823
-0.0554969565
-0.0502806309
-0.0409027044
-0.0321310486
-0.024340502
-0.0185592663
-0.0141266311
-0.0103790567
-0.00702334959
-0.00384232636
-0.00066067759
0.00267614116
0.00625163243
0.0100525829
0.0140451077
0.0182658414
0.023318805
0.0298319365
0.0379577639
-0.0689552561
-0.0536686825
-0.0488505895
-0.0409517208
-0.0328323831
-0.0248693006
-0.0181965281
-0.0128284066
-0.00884522279
-0.00572046376
-0.00283989842
0.000177538639
0.00348775753
0.00709203341
0.0108935346
0.0147746839
0.0185965352
0.0226822793
0.0277086097
0.0348220559
-0.0691237364
-0.0541830935
-0.0497155886
-0.0427308375
-0.0351719235
-0.0269077675
-0.0197017889
-0.0137763261
-0.00935655686
-0.00585858833
-0.00266745619
0.000576937255
0.00403440111
0.00772702567
0.0115734788
0.0154394542
0.0191359191
0.0227686247
0.0268176142
0.0328405517
-0.0703111304
-0.05642438
-0.0525343003
-0.0464172409
-0.0395022335
-0.0310592449
-0.0228965927
-0.0158975944
-0.010539368
-0.00638215794
-0.002781848
0.000706033406
0.00431393105
0.00811330806
0.0120417969
0.0159487128
0.0196114505
0.0230123399
0.0265029388
0.0317453342
-0.0716209277
-0.0590066446
-0.0565615864
-0.0515263693
-0.0449268138
-0.0355203642
-0.0262538352
-0.0181847238
-0.0119967166
-0.00725777219
-0.00326501149
0.000478461819
0.00425331255
0.00817687237
0.0122146333
0.0162114634
0.0199218913
0.0232340976
0.0263858835
0.0310874081
-0.0733967155
-0.0611448039
-0.0608193976
-0.0562909407
-0.0494498703
-0.0393548751
-0.0289820474
-0.0202088151
-0.0135623832
-0.00846786152
-0.00418995629
-0.000225196679
0.00371867419
0.00777959528
0.0119398966
0.016050753
0.0198602514
0.0231961295
0.0261781788
0.0304953381
-0.0755458431
-0.0622126021
-0.0633287536
-0.0581849762
-0.051178289
-0.0411445437
-0.0306057133
-0.0219153342
-0.0153649017
-0.0102139622
-0.00575915811
-0.00156985863
0.00259005739
0.00683291128
0.0111394442
0.0153796676
0.0193171206
0.0227371365
0.0256718571
0.0297311176
-0.0766487594
-0.0617170444
-0.0623526203
-0.0565539672
-0.0493403613
-0.0403727954
-0.0312407379
-0.0236611033
-0.0176858744
-0.0126707485
-0.0080817332
-0.00362997658
0.000811764821
0.00529149816
0.00977324294
0.0141473629
0.0182192087
0.0217655659
0.0247496812
0.0286686362
-0.0762553312
-0.0590992485
-0.0588821456
-0.0538290753
-0.0464668202
-0.0386505249
-0.0317626862
-0.0259237125
-0.0207448
-0.0159025986
-0.0111525966
-0.00638537852
-0.00160326459
0.00316035467
0.00783937657
0.0123454567
0.0165566587
0.020263132
0.0233727346
0.0272573482
-0.0753969096
-0.0539303511
-0.0531781245
-0.0498480008
-0.0432277772
-0.0373885218
-0.033099194
-0.0289846712
-0.0245178871
-0.0197745371
-0.0148120795
-0.00969834686
-0.00455452619
0.000507937305
0.00538301439
0.0100188987
0.0143805903
0.018278546
0.0215703635
0.0255041058
-0.0745232518
-0.0474410154
-0.045073914
-0.0442385084
-0.0408142753
-0.0379793779
-0.035795019
-0.0327892812
-0.0287255538
-0.0239663736
-0.018773009
-0.0133413651
-0.00787476269
-0.00254484023
0.00249788144
0.00725660183
0.0117851396
0.0159061212
0.0194297109
0.0234825068
-0.074102343
-0.0426667694
-0.0399377305
-0.0419136468
-0.0415882017
-0.0407701485
-0.0395414408
-0.0369029929
-0.0329126423
-0.0280675863
-0.0226991918
-0.0170490224
-0.0113505185
-0.00583496867
-0.000682402347
0.00418628873
0.00890267569
0.013280293
0.0170989521
0.0213192345
-0.0742010078
-0.0403437703
-0.040026862
-0.044055057
-0.0449480056
-0.0447548462
-0.0435727547
-0.0407719917
-0.0366681473
-0.0317617201
-0.0263277996
-0.0205834388
-0.0147720253
-0.00918302534
-0.00400067201
0.000965521776
0.00589371457
0.0105696952
0.014744818
0.0192220059
-0.0741814831
-0.0411000796
-0.0433194765
-0.0485588332
-0.0495791515
-0.0490106703
-0.0472372749
-0.0440418127
-0.0398220757
-0.0349236305
-0.0295120253
-0.023774254
-0.0179655572
-0.0124294206
-0.00729516386
-0.00222883114
0.00293396494
0.00794383148
0.0125436008
0.0174000623
-0.0741854213
-0.0440776389
-0.048171713
-0.0539090386
-0.0542844233
-0.0527445439
-0.0501961891
-0.0466661326
-0.0424027142
-0.0375388708
-0.0321753304
-0.0265045892
-0.0208060925
-0.0154513757
-0.0104137626
-0.00521924753
0.000200265961
0.00551838706
0.0108822301
0.0156664417
-0.0742345659
-0.0484527864
-0.0543262116
-0.0590512116
-0.0581709075
-0.0556418717
-0.0524950469
-0.0487521828
-0.0444552967
-0.0395908436
-0.0342688064
-0.0287121544
-0.0232326428
-0.0181701016
-0.0132184946
-0.00784757965
-0.00215714018
0.00347843588
0.00964799347
0.014010098
-0.0748599441
-0.0541488013
-0.0607839534
-0.0632593836
-0.0610447752
-0.057783702
-0.0542472877
-0.0503338283
-0.0459586518
-0.041055676
-0.0357843725
-0.0304024208
-0.0252457098
-0.020526578
-0.0155685675
-0.00997682324
-0.00403978679
0.0019986203
0.0087216544
0.0123625484
-0.0762846185
-0.0603908279
-0.0663974344
-0.0663056136
-0.0630630037
-0.0593030235
-0.0554822374
-0.051377937
-0.0468840973
-0.0419369182
-0.0367516896
-0.031613809
-0.0268590239
-0.0224226713
-0.0172884655
-0.011470274
-0.00528698952
0.001189665
0.00792312356
0.0107495905
-0.0782332144
-0.0663239098
-0.0706103924
-0.0682795306
-0.064392849
-0.0602566343
-0.056180743
-0.0518618703
-0.0472431488
-0.0422695844
-0.037206674
-0.032358863
-0.0280162501
-0.0237069268
-0.018143419
-0.0121691442
-0.00572233548
0.00107354517
0.00724937504
0.00931512523
-0.0802431064
-0.0712475696
-0.0733390823
-0.0693929359
-0.0651131245
-0.0606429404
-0.0563341935
-0.0518006335
-0.0470733786
-0.0421096249
-0.0371604538
-0.0325639519
-0.0285149355
-0.0239255984
-0.0181939989
-0.0119276428
-0.00524362476
0.00154540763
0.00681805651
0.00829410451
-0.0818482315
-0.0747653231
-0.0747956617
-0.0697706069
-0.0652856437
-0.0604655835
-0.0559711734
-0.0512364274
-0.0464016784
-0.0414401938
-0.0366714488
-0.032282589
-0.0281274706
-0.0231476674
-0.0171203338
-0.0106553991
-0.00394430123
0.00242517471
0.00676101994
0.00786853549
-0.0826897351
-0.076757276
-0.0753812427
-0.0693621775
-0.0649762138
-0.0597944554
-0.055123591
-0.0502440298
-0.0452989958
-0.0403514503
-0.0356758818
-0.0313229534
-0.0268567035
-0.0214308693
-0.0151326346
-0.00860252118
-0.00212075287
0.00355046217
0.00711830122
0.00808571379
-0.0826639567
-0.0771141894
-0.0753725763
-0.068411027
-0.0639680117
-0.0587454605
-0.0538777004
-0.048888147
-0.0438519328
-0.0388865823
-0.0342001182
-0.0297168162
-0.0248620818
-0.0190423413
-0.0125993715
-0.00616662084
-9.80713926e-05
0.00483647454
0.00786310849
0.0088705157
-0.0819040024
-0.0760389382
-0.0743012636
-0.0671962284
-0.062433402
-0.0572758214
-0.0523036856
-0.0472371368
-0.0421246825
-0.0371042585
-0.0323292051
-0.0276371611
-0.0224411865
-0.0163701047
-0.0099172922
-0.00370412641
0.00190316347
0.00627183895
0.00898395962
0.010078225
-0.0801841732
-0.0740721388
-0.0722894548
-0.0655178482
-0.0604969396
-0.0554219422
-0.0504359343
-0.0453369556
-0.0401691744
-0.0350776099
-0.0301805852
-0.0252892714
-0.0198752797
-0.013718352
-0.00736316603
-0.00141739039
0.00379704869
0.0078446653
0.0104472707
0.0115209793
-0.0770275495
-0.0714667525
-0.0695820932
-0.063327918
-0.0582033184
-0.0532283301
-0.0482991673
-0.0432149977
-0.0380198191
-0.0328620489
-0.0278511138
-0.0228158827
-0.0173163862
-0.0112151934
-0.00503044287
0.000658144176
0.00557487088
0.00946024469
0.0121114929
0.0129560765
-0.0724577921
-0.0679468992
-0.0662444508
-0.0606332869
-0.0555739199
-0.0507304045
-0.0459119215
-0.0408863622
-0.0356938365
-0.030488956
-0.0253884427
-0.0202682641
-0.014785813
-0.00884410175
-0.00288445295
0.00256401587
0.00724497487
0.0109965819
0.0136709107
0.0141517891
-0.0664719253
-0.0632310892
-0.0622034472
-0.0574503498
-0.0526369146
-0.0479584131
-0.0432859668
-0.0383557951
-0.033194536
-0.0279644952
-0.0227991044
-0.0176363255
-0.0122343953
-0.00652384797
-0.000849981263
0.00433763518
0.00880638338
0.0123974737
0.0147881635
0.0149703866
-0.0588644504
-0.0570424893
-0.0572544189
-0.0537434431
-0.0494227711
-0.044955213
-0.0404359182
-0.0356231371
-0.0305198955
-0.0252863084
-0.0200774386
-0.0148989374
-0.00961337504
-0.00418818626
0.00112395104
0.00599341248
0.0102456573
0.0136057844
0.0154012397
0.0154258049
-0.0493776424
-0.0490466625
-0.0510408866
-0.0493355165
-0.0459258229
-0.0417953749
-0.037419563
-0.0327150721
-0.0276826593
-0.0224674501
-0.0172390364
-0.0120725032
-0.00693490881
-0.00184084138
0.00304623393
0.00754597745
0.0115263686
0.0145109787
0.0157250028
0.0155799298
-0.0382878753
-0.0392684795
-0.0432482478
-0.0438719505
-0.0419925286
-0.0385381873
-0.0343767277
-0.0297522345
-0.0247677716
-0.0195786035
-0.0143566295
-0.00923685208
-0.00427491159
0.000477637642
0.00493056018
0.0089803942
0.0124288705
0.0147946445
0.0157220488
0.0155428748
-0.0273010245
-0.0289706438
-0.034311844
-0.0371251333
-0.0372291377
-0.0350036914
-0.0313718573
-0.0268985894
-0.0219349075
-0.0167594414
-0.0115435321
-0.00646736989
-0.00165199867
0.00280732116
0.00679453889
0.0101227052
0.0125815641
0.014167531
0.0150786252
0.0153174141
-0.0194023203
-0.0209777656
-0.0262415544
-0.0298728549
-0.0313920167
-0.0305711234
-0.0279193649
-0.0239539236
-0.019187095
-0.0140135174
-0.00875989654
-0.00365617259
0.00108546746
0.00524433688
0.00855338146
0.0107453354
0.0118621653
0.0125650198
0.0135983502
0.0148536449
-0.0167988997
-0.0179223819
-0.021801629
-0.0243607305
-0.0256135321
-0.0252513269
-0.0233790761
-0.0201615324
-0.015907122
-0.0109821129
-0.0057075778
-0.000544910655
0.00410071133
0.00780105243
0.0101595043
0.0110435736
0.010936728
0.0109978068
0.0120981473
0.0149241683
-0.0196842202
-0.0195713153
-0.0214440853
-0.0220755204
-0.0220619649
-0.0211923882
-0.0192970397
-0.0162564645
-0.0121524454
-0.00724198634
-0.00205878287
0.00296366655
0.00731475651
0.0103431841
0.0116704889
0.0115129183
0.0107692574
0.0108741237
0.0125223288
0.0155722726
-0.0243311907
-0.0229589619
-0.0229613029
-0.0218993651
-0.0208200272
-0.0194848322
-0.0174721883
-0.0144445751
-0.0103554102
-0.00540025248
-2.38427204e-05
0.0051622238
0.00937810423
0.0119144416
0.0126359266
0.0120358631
0.0113328892
0.0117902039
0.0136997955
0.0166648809
-0.0292395539
-0.0262694096
-0.0250111037
-0.0227731002
-0.0209912778
-0.019346793
-0.0172571502
-0.0142638633
-0.0102690218
-0.00544336778
-0.000177064683
0.00487972496
0.00886340349
0.0112561896
0.0119817337
0.0117086728
0.0113975318
0.0121436966
0.0140096301
0.0167462726
-0.0339524571
-0.0298247485
-0.0278955303
-0.024895836
-0.0227704808
-0.0209453164
-0.0187062188
-0.0155913258
-0.0115297452
-0.00670683347
-0.0015024271
0.00347264499
0.00742465754
0.00977340605
0.0104995295
0.0101724594
0.0102447782
0.0112249419
0.0131336994
0.0158838215
-0.0386162135
-0.0337671893
-0.0316444554
-0.0281958267
-0.0258616858
-0.0238127053
-0.021274844
-0.0179424085
-0.01379629
-0.00899684586
-0.00384928335
0.00115738468
0.00535829421
0.00813467693
0.00932293428
0.00950073941
0.00979806059
0.0108493918
0.0126768187
0.0152363178
-0.0433158022
-0.0379434272
-0.0358665717
-0.0320501684
-0.0294025105
-0.026934665
-0.0240256928
-0.0204509544
-0.0162574858
-0.0115512204
-0.00653767187
-0.00154009431
0.00297165132
0.0064516421
0.00856553548
0.00958684355
0.010374416
0.011616866
0.0134208181
0.0149283537
-0.0479412307
-0.0421182717
-0.0401867664
-0.0359783679
-0.0329407892
-0.0300175334
-0.0267657562
-0.0230133189
-0.0187902176
-0.0141727396
-0.00930113748
-0.00436366698
0.000374445946
0.00455243386
0.00781512226
0.0100766517
0.0117001484
0.0131772682
0.0144785821
0.0150543311
-0.0523456607
-0.0461039448
-0.0443938037
-0.0397848846
-0.0363845262
-0.033092511
-0.0296093652
-0.025744675
-0.0214964065
-0.0169221461
-0.0121333308
-0.00724376888
-0.00238181726
0.00228059479
0.00652078106
0.0100839673
0.0127301741
0.0143820627
0.0151610815
0.0151763783
-0.0564330687
-0.049779608
-0.0483992442
-0.043423637
-0.0397574644
-0.0362207385
-0.0326194117
-0.0287045066
-0.0244428289
-0.0198861072
-0.0151234357
-0.0102311856
-0.00527175634
-0.000310403626
0.00456351761
0.0091208476
0.0127701091
0.0148165677
0.0154006344
0.0150938431
-0.0601429093
-0.0530622365
-0.0521592091
-0.046862562
-0.0430429022
-0.0393619924
-0.0357280088
-0.0318182979
-0.0275715346
-0.0230404955
-0.0182907735
-0.0133753115
-0.00832381375
-0.00315304416
0.00211229115
0.00730674194
0.0117952653
0.0145046266
0.0152093526
0.014807741
-0.0634069498
-0.0558871286
-0.0556268129
-0.0500324509
-0.0461680419
-0.0424024533
-0.0387914226
-0.034936425
-0.0307522777
-0.0262702827
-0.0215515763
-0.0166302105
-0.0115209213
-0.00621495364
-0.000699563583
0.00491555062
0.0100741179
0.01357815
0.014686085
0.0143889745
-0.06612139
-0.0582325836
-0.0587313401
-0.0528312419
-0.0490431198
-0.0452098679
-0.0416533206
-0.037890564
-0.0338070158
-0.0294155807
-0.0247641859
-0.0198746238
-0.0147590496
-0.00940062311
-0.00375882611
0.00212479148
0.00783995464
0.0122552321
0.0141019461
0.0138933974
-0.0681669457
-0.0601473252
-0.0613552777
-0.0551526978
-0.0515995701
-0.0476680412
-0.0441848997
-0.0405394318
-0.0365908009
-0.0323231252
-0.0277770066
-0.0229633359
-0.0178944393
-0.0125592727
-0.00690663276
-0.000902756532
0.0052497158
0.0106074815
0.0133975434
0.0133572132
-0.0696502866
-0.0615560199
-0.0632906895
-0.0569323808
-0.0537985497
-0.0496819873
-0.0463009883
-0.0427829394
-0.0389878434
-0.0348709844
-0.0304601976
-0.0257617831
-0.0207843084
-0.015527785
-0.00995195874
-0.00397080677
0.00243742395
0.00862356388
0.0124315922
0.0127586586
-0.070631713
-0.0623725621
-0.0642868243
-0.058260838
-0.0555895065
-0.051188937
-0.0479645021
-0.044567934
-0.040932985
-0.0369787571
-0.0327225881
-0.0281666906
-0.0233115003
-0.0181629369
-0.0127061579
-0.00685307593
-0.00041386871
0.00637430962
0.0112927773
0.01215554
-0.0711824937
-0.0623224472
-0.0642856372
-0.0593985184
-0.0567838383
-0.052205998
-0.0491728296
-0.0458722712
-0.0424031372
-0.0386119824
-0.0345125334
-0.0301087905
-0.0253911229
-0.0203587331
-0.0150190392
-0.00933099403
-0.00305715464
0.00400136091
0.0100591286
0.0116569856
-0.0713400081
-0.0612505739
-0.0638279478
-0.0600287047
-0.0571315335
-0.0529831335
-0.0498920698
-0.0466890332
-0.0433969166
-0.0397586051
-0.0358044791
-0.0315431883
-0.0269622077
-0.0220434716
-0.0167945692
-0.0112382998
-0.00522352917
0.00175094365
0.00875657594
0.0112906411
-0.0712116377
-0.0592962605
-0.0628977402
-0.059903892
-0.0571190296
-0.0532967424
-0.0501159638
-0.047042773
-0.043908935
-0.0404138277
-0.0365848762
-0.03243945
-0.0279749033
-0.0231604257
-0.01797475
-0.0124822179
-0.00670361347
-6.77885105e-05
0.00742867709
0.0110409556
-0.0710467999
-0.0567023913
-0.0613378289
-0.059192293
-0.0566896059
-0.0531058646
-0.0498877965
-0.0469229938
-0.0439294179
-0.0405709482
-0.0368443495
-0.0327785988
-0.0283901358
-0.0236536641
-0.0185102123
-0.0130009221
-0.00736237293
-0.00116472386
0.00617904812
0.010952167
-0.0711524157
-0.0539574037
-0.0592270183
-0.0579876093
-0.0557407142
-0.052443521
-0.0492258586
-0.0463113049
-0.043430273
-0.0402006746
-0.036561669
-0.032545676
-0.02818874
-0.0234831304
-0.0183637143
-0.0127097041
-0.00712237984
-0.00130714594
0.00531963978
0.0111402636
-0.0716033865
-0.0519279968
-0.0569459364
-0.0563308036
-0.0542403468
-0.0512876311
-0.0481180971
-0.0451982979
-0.042381003
-0.0392636277
-0.0357046844
-0.0317177993
-0.0273499371
-0.0226027616
-0.0173831555
-0.0116710974
-0.00596396733
-0.000362429854
0.00532176682
0.0118108897
-0.0718562011
-0.0511717645
-0.0549985525
-0.0542432629
-0.0521612983
-0.049579339
-0.0465261765
-0.0435745772
-0.0407666448
-0.0377313983
-0.0342462586
-0.0302793272
-0.0258695334
-0.0210171011
-0.0156294858
-0.00972479022
-0.00383209178
0.00173442141
0.00655261345
0.0133015055
-0.0710775876
-0.050716247
-0.0533667506
-0.0516262014
-0.0494269175
-0.0472392478
-0.0443853244
-0.0414224024
-0.0385916214
-0.0356030075
-0.0321795724
-0.028227959
-0.0237508203
-0.0187209982
-0.0130571888
-0.00685242023
-0.000716544106
0.00482196169
0.00938534319
0.0159373775
-0.0691269165
-0.0489686868
-0.0513663458
-0.0482317354
-0.0459397067
-0.044185697
-0.041617314
-0.0387179575
-0.0358805473
-0.0329192526
-0.0295413297
-0.0255893954
-0.0209989283
-0.0156990937
-0.00965942689
-0.00310476036
0.00328253564
0.00892664783
0.0136695335
0.0197139892
-0.0655137318
-0.0458197375
-0.0486304348
-0.0438993466
-0.0416352568
-0.0403239764
-0.0381226286
-0.0354207939
-0.032661441
-0.0297463149
-0.0263969697
-0.0223954119
-0.0176150741
-0.0119872851
-0.00558182516
0.00125823495
0.00786428712
0.0137334653
0.0187587993
0.024824218
-0.0631063451
-0.0409726257
-0.0450929053
-0.0392198217
-0.0367769755
-0.0355923962
-0.0337458613
-0.0313937631
-0.0288573588
-0.0260721969
-0.0227856651
-0.0187450213
-0.0138401095
-0.00802322594
-0.00141321207
0.00562325923
0.0125051682
0.018836344
0.0245124619
0.0309962993
-0.0642162802
-0.040146699
-0.0398594774
-0.0353827792
-0.0321643285
-0.0303527984
-0.0286585932
-0.0267196965
-0.0245570539
-0.0220592145
-0.0190078974
-0.0151986987
-0.0104341849
-0.00464337948
0.00207549298
0.00939221008
0.0168619166
0.0242039239
0.0311683638
0.0384986334
-0.0663966315
-0.0455222687
-0.0390577083
-0.032788072
-0.0280641532
-0.0254181085
-0.0237175328
-0.0221613275
-0.0205310347
-0.0185463792
-0.0159195569
-0.0123780411
-0.00774549925
-0.00195008058
0.00494401432
0.0127191079
0.0213198961
0.0304870596
0.039395139
0.0476994561
-0.0675019652
-0.0492168373
-0.0401876805
-0.0305344508
-0.0241142808
-0.0207318894
-0.0189347451
-0.0176448506
-0.0164557846
-0.0150300747
-0.0129988883
-0.0101196168
-0.00614930689
-0.000769172052
0.00643021484
0.0153259435
0.0260182563
0.0374496244
0.0483371697
0.0572817742
-0.0644596386
-0.0503384501
-0.0401491031
-0.0282127259
-0.0208546005
-0.0165167048
-0.0142887239
-0.0134882613
-0.0131002727
-0.0124458103
-0.0111850884
-0.00914392529
-0.00617957331
-0.00201614761
0.00412963259
0.0130605362
0.025520661
0.0401417315
0.0536024419
0.0632555469
-0.0626535839
-0.05039987
-0.0407998806
-0.0289857672
-0.0213866463
-0.0163467671
-0.013988306
-0.0133428244
-0.0131167499
-0.012524161
-0.0112555925
-0.00924179012
-0.00650818284
-0.00303733089
0.00146101233
0.00890425653
0.0206220601
0.0365016412
0.0520233153
0.0625637256
-0.0651488949
-0.0527688048
-0.0449260418
-0.0339748561
-0.0251739353
-0.0192605654
-0.0161586176
-0.0149025426
-0.0142341322
-0.0132859455
-0.0116958984
-0.00942541289
-0.00658118496
-0.00325810993
0.000698734906
0.00638295504
0.0156680756
0.0298675206
0.0453235626
0.0565390407
-0.0694986191
-0.0556635875
-0.0489037527
-0.0371775346
-0.0285655141
-0.0226190539
-0.0191472679
-0.0174112853
-0.0162775889
-0.0148730501
-0.0128385386
-0.01019124
-0.00711407035
-0.00378229835
-0.000161839499
0.00444695663
0.0116838107
0.023274187
0.036948776
0.0478820045
-0.0731110843
-0.0579151278
-0.0534597466
-0.040575467
-0.0314756742
-0.0260093629
-0.0228316037
-0.0208744393
-0.0192273149
-0.0172269553
-0.0146166235
-0.0114840294
-0.00808326064
-0.00466884089
-0.00127048378
0.00265623373
0.00847282525
0.0178181299
0.029278721
0.0392319637
-0.0752696438
-0.0586060518
-0.0547115847
-0.0436461057
-0.0343604719
-0.0295002942
-0.0270171563
-0.0250532401
-0.0228680005
-0.0201717757
-0.0169132891
-0.0132560306
-0.0094941969
-0.00595344151
-0.00271291522
0.000760850626
0.00568616597
0.0134757679
0.0230837948
0.0319817446
-0.0754211697
-0.0549699826
-0.0505231632
-0.0441035919
-0.0371554103
-0.0334541353
-0.0316317734
-0.0296193223
-0.0268420992
-0.0233976542
-0.0194829243
-0.015331977
-0.0112303803
-0.00755620403
-0.00443461426
-0.00125846724
0.00316289381
0.00998576214
0.0182885316
0.0263796873
-0.0737337197
-0.0477435537
-0.0440181124
-0.0433611181
-0.0402395165
-0.0379791537
-0.036480352
-0.0341595496
-0.0307229547
-0.0265643501
-0.0220694475
-0.0175179579
-0.0131599337
-0.00936170866
-0.00633632164
-0.00333832555
0.000857604346
0.00714299927
0.014631974
0.0221815975
-0.0723152028
-0.042077238
-0.0411951874
-0.0447505434
-0.044182305
-0.0427980474
-0.0411393363
-0.0382430052
-0.0341547607
-0.0294118691
-0.0244750804
-0.0196386369
-0.0150920475
-0.0112244815
-0.00828463206
-0.0053762723
-0.00123619739
0.00480934571
0.0118457034
0.0191605534
-0.071300108
-0.0402692469
-0.0432628184
-0.0484036631
-0.0486096223
-0.0473116425
-0.0450963512
-0.0415516274
-0.0369477253
-0.0318040413
-0.0265736756
-0.0215581404
-0.0168985549
-0.0129927735
-0.0101228689
-0.00725713902
-0.00311253609
0.0028447111
0.00989820332
0.0170471146
-0.0707255986
-0.0424484804
-0.0476524234
-0.0529072124
-0.0528543782
-0.0509977894
-0.048065628
-0.0439996232
-0.0390725848
-0.0336972791
-0.0282936963
-0.0231708178
-0.0184305998
-0.0144785133
-0.0116284427
-0.00875869553
-0.00459548566
0.00143934195
0.00879892533
0.015237431
-0.0705925376
-0.0467106478
-0.0532391082
-0.0573238888
-0.0562923711
-0.0536212666
-0.0500798082
-0.0456809111
-0.0405813107
-0.0350935899
-0.0296010606
-0.0244048262
-0.0195657363
-0.0154924179
-0.0125340852
-0.00955840244
-0.00533832456
0.000743641984
0.00828688004
0.013195404
-0.0711316649
-0.0520553693
-0.0588744232
-0.0608932055
-0.0587046392
-0.0553017637
-0.0513371633
-0.0467333074
-0.0415473297
-0.0360252817
-0.0304981227
-0.0252342001
-0.020245584
-0.0159093882
-0.0126540362
-0.00939656027
-0.00507049
0.000826765924
0.00750092009
0.0107035107
-0.0722305447
-0.0575660273
-0.0636694472
-0.0634059875
-0.0602442409
-0.0562760663
-0.0520232015
-0.0472758126
-0.0420570391
-0.0365552771
-0.0310263387
-0.0256865398
-0.0205004717
-0.0157727208
-0.0120298561
-0.00835832471
-0.00392405651
0.0013757902
0.0062389399
0.00835572638
-0.0737004467
-0.0626262463
-0.0672137741
-0.0649646861
-0.0611249415
-0.0567369569
-0.0522798716
-0.0474252193
-0.0422153114
-0.036768392
-0.0312577184
-0.0258386811
-0.0204358123
-0.0153176041
-0.0109818314
-0.00686627434
-0.00241395889
0.00207826135
0.00530540741
0.0070079006
-0.0751577621
-0.0667182389
-0.0694863078
-0.0657868104
-0.0615119879
-0.0568062398
-0.0522280493
-0.0473034494
-0.0421336735
-0.0367573462
-0.0312809755
-0.0258055344
-0.0202307119
-0.0147811212
-0.00991601242
-0.00543366215
-0.0010728249
0.00275996706
0.00521261623
0.00699172257
-0.0762373256
-0.0695792006
-0.070718304
-0.0659769842
-0.0615304131
-0.0565467512
-0.0519548369
-0.047003897
-0.0418993562
-0.0366016046
-0.0311798796
-0.0256809651
-0.0200130002
-0.0143295666
-0.00908882357
-0.00435993608
-0.000108811722
0.00339264244
0.00574601582
0.00804726554
-0.0766767712
-0.0710613376
-0.0713132233
-0.0654648196
-0.0612340621
-0.0560461607
-0.0514371327
-0.0465630165
-0.0415423948
-0.0363442985
-0.0309926739
-0.0255094648
-0.0198164091
-0.0139897725
-0.00852585821
-0.0036103331
0.000646341533
0.00417388638
0.00682453443
0.00957040461
-0.0764371259
-0.071020047
-0.0713899716
-0.064622771
-0.0603569156
-0.0553059043
-0.0506865964
-0.0459277204
-0.0410293637
-0.0359525075
-0.0306926074
-0.0252540888
-0.0195684481
-0.0136595523
-0.00806043303
-0.00296899764
0.00145819919
0.00528926073
0.00834550084
0.0113919207
-0.0755615995
-0.0698148382
-0.0703376237
-0.0635940451
-0.0590501416
-0.0542111719
-0.0496657075
-0.0450405276
-0.0402838424
-0.0353397418
-0.0301830826
-0.0247971157
-0.019121874
-0.013178224
-0.0074894805
-0.00224938507
0.00245311996
0.00673742569
0.0102636361
0.0133818576
-0.0737211526
-0.0679356929
-0.0683458182
-0.062074119
-0.0573508841
-0.0527151733
-0.0483168131
-0.0438467303
-0.0392351712
-0.034414505
-0.0293465487
-0.0240005633
-0.0183343637
-0.0124107832
-0.00669037761
-0.00136737797
0.00360210507
0.00834188258
0.0124480009
0.0151710317
-0.0706398081
-0.0654336167
-0.0656307925
-0.0599540257
-0.0552153031
-0.0507791685
-0.0465780583
-0.0422851815
-0.0378149545
-0.0330971237
-0.028093584
-0.0227748099
-0.0171359707
-0.0112966139
-0.00563016094
-0.000301230012
0.00486009789
0.00999017212
0.0144675652
0.0164978746
-0.0664040684
-0.0620296101
-0.0622339175
-0.0571970238
-0.0525811956
-0.0483501071
-0.0443734949
-0.0402754505
-0.0359473003
-0.0313244159
-0.0263769192
-0.0210975921
-0.0155327326
-0.00984222053
-0.00430517831
0.00100156446
0.00633936024
0.0117260875
0.0159024154
0.0170481406
-0.0610430437
-0.0575667434
-0.0581139234
-0.0538216549
-0.0494312743
-0.045399941
-0.0416482786
-0.037755569
-0.0335817093
-0.0290669265
-0.0241975212
-0.0189986196
-0.0135590377
-0.00804275145
-0.00262753029
0.00271541952
0.00820031191
0.013379356
0.0164669716
0.0169604678
-0.0545021693
-0.0519725272
-0.0532294761
-0.049893833
-0.0458569758
-0.0420109617
-0.0384548982
-0.0347649362
-0.0307599751
-0.0263748926
-0.0216098943
-0.0165124903
-0.0111851517
-0.00576653888
-0.000370480804
0.00500794783
0.0102908059
0.0145969245
0.0165552662
0.0166193102
-0.0466720892
-0.0451615245
-0.0475322142
-0.0455194706
-0.0420807378
-0.0384446485
-0.0350274068
-0.0314977036
-0.0276419649
-0.0233672236
-0.018674067
-0.013607211
-0.00826716122
-0.00279873914
0.00261106063
0.00771004551
0.0120653909
0.0150422605
0.0163557962
0.0163593925
-0.037468986
-0.0370184153
-0.0408816391
-0.0407191544
-0.0383406059
-0.0350871747
-0.0317715378
-0.0282981783
-0.0244781704
-0.0202180069
-0.015466151
-0.0102650138
-0.00474431328
0.000840622002
0.00605720201
0.0103202162
0.0131760421
0.014764569
0.0156872922
0.0161215978
-0.0271720823
-0.027621736
-0.0330613678
-0.0352241821
-0.0345793934
-0.0321541868
-0.0290670511
-0.0255934113
-0.0216864529
-0.0172612792
-0.0122707587
-0.00676560537
-0.00096354927
0.00466701194
0.00939555571
0.01248758
0.0138146004
0.0141903445
0.0147594732
0.0160381297
-0.0169287157
-0.0178291945
-0.0242903931
-0.0286680597
-0.0302371445
-0.0292704446
-0.0268604531
-0.0235652592
-0.0195862703
-0.0149391339
-0.00962360365
-0.00374141729
0.00235811115
0.00797123193
0.012160013
0.0142662074
0.0145170759
0.0141246985
0.0146652563
0.0165930038
-0.00882341491
-0.00971787875
-0.0161907664
-0.0217952451
-0.0252062442
-0.0259223944
-0.0245937597
-0.0218529501
-0.0180432365
-0.013318345
-0.00777135171
-0.00158759526
0.0047545892
0.0103659622
0.0142200939
0.0158350667
0.015547354
0.0150413507
0.0156211839
0.0173814401
-0.0049772503
-0.00577905782
-0.0116578824
-0.0173322171
-0.0214633036
-0.0231915608
-0.0228211027
-0.0207507826
-0.0173145608
-0.0127407138
-0.00719863534
-0.000936983806
0.00550172009
0.0111512124
0.014961328
0.0165305937
0.0161232455
0.0156847846
0.0160519344
0.0175160619
-0.00631729534
-0.00707591896
-0.0124842955
-0.01749757
-0.0212362069
-0.0230216818
-0.0229771583
-0.0213035498
-0.0182178111
-0.0139366377
-0.00860455362
-0.00246386757
0.00397671444
0.00982617494
0.0140096262
0.0159128844
0.0158923693
0.0152664702
0.0155418294
0.0169303628
-0.0122451334
-0.0126857384
-0.0175372217
-0.0213602481
-0.0240013418
-0.0251020483
-0.0248215792
-0.0232514764
-0.0204886197
-0.0165963378
-0.0116903757
-0.0059370885
0.000312039838
0.00639932412
0.0113767464
0.014397702
0.0154414641
0.015534558
0.0157838212
0.0166187571
-0.0208004367
-0.0205429557
-0.0243679812
-0.0265498228
-0.0277677689
-0.0279558231
-0.0272789945
-0.0257001467
-0.0231862057
-0.0197262056
-0.0153653065
-0.0101943193
-0.00440448855
0.00163773432
0.00731837028
0.0118464772
0.0146591996
0.0159709647
0.0165777777
0.0166729555
-0.0297321262
-0.0284825376
-0.0311031502
-0.0316395468
-0.031609586
-0.0310581972
-0.0300703673
-0.0284672292
-0.0261159187
-0.0229572178
-0.0190178379
-0.0143642381
-0.00910781814
-0.00341286484
0.00246085686
0.0080979873
0.0128368036
0.0158535681
0.0169407323
0.0166894637
-0.0377592292
-0.0354570886
-0.0370904459
-0.0362890435
-0.0353790404
-0.0343399054
-0.0331306249
-0.0314516583
-0.029121445
-0.0260709396
-0.022340712
-0.0179952777
-0.0131285303
-0.00782964858
-0.00216996657
0.00379919819
0.00982522097
0.014727213
0.0168206252
0.016716372
-0.0445605243
-0.0412745707
-0.0423085809
-0.0405243959
-0.0390664899
-0.0377148012
-0.0363083099
-0.0344763591
-0.0320465575
-0.0289717255
-0.025291088
-0.0210683658
-0.0163901513
-0.0113366193
-0.00594900641
-0.000162475585
0.00620244719
0.0125907422
0.0164587697
0.0169084495
-0.0501905573
-0.0460016098
-0.0468451303
-0.0443369441
-0.0425616059
-0.0409812327
-0.0393615403
-0.0373210522
-0.0347372349
-0.0315864842
-0.0278962753
-0.0237053516
-0.019082963
-0.0141096627
-0.00885313934
-0.00331807437
0.00277724314
0.00975425119
0.01556054
0.0170301558
-0.054693737
-0.0496905727
-0.0507312937
-0.0476220522
-0.0456897591
-0.043915394
-0.0420713369
-0.0398121682
-0.0370771831
-0.0338499654
-0.0301316252
-0.0259378098
-0.0213218216
-0.0163553219
-0.0111113267
-0.00568166369
2.68928573e-05
0.00674682915
0.0137049638
0.0166329964
-0.0579873042
-0.0524467424
-0.0539327208
-0.0502335701
-0.0483019549
-0.0463548558
-0.0443073185
-0.0418603853
-0.0389985948
-0.0356938218
-0.0319240715
-0.0276995013
-0.0230739723
-0.0181130539
-0.0128674886
-0.00743774262
-0.00198450674
0.00412678282
0.0111428292
0.0155512149
-0.0600272237
-0.0544354824
-0.0562890305
-0.0520602095
-0.0503133115
-0.0481996465
-0.0459999886
-0.0434145043
-0.0404478986
-0.0370552085
-0.0332070571
-0.0289263813
-0.0242793404
-0.0193321122
-0.0141177259
-0.00868339675
-0.00336675928
0.00217315629
0.00845724151
0.0140501033
-0.0610664532
-0.0556425193
-0.0574177161
-0.0531494624
-0.0516687643
-0.0493679823
-0.0470934471
-0.0444147362
-0.0413566992
-0.0378685184
-0.0339330553
-0.0295915669
-0.0249196941
-0.0199814242
-0.0148083798
-0.00939586123
-0.00419057919
0.000957606407
0.0062986528
0.0125640098
-0.0613939654
-0.0556226235
-0.0571233561
-0.0538438266
-0.0522088843
-0.0498202334
-0.047539121
-0.044802189
-0.0416701055
-0.0381008198
-0.0340957721
-0.0297077481
-0.0250093759
-0.0200664362
-0.0149116414
-0.009521999
-0.00442838532
0.000566416506
0.00503037075
0.0114960523
-0.0609875323
-0.0540969311
-0.056184043
-0.0536976822
-0.0519047966
-0.0495958972
-0.047300295
-0.0445587032
-0.0413860893
-0.0377701986
-0.0337307147
-0.0293185226
-0.0245927911
-0.0196081837
-0.0144153276
-0.00904108663
-0.00402854713
0.00109742833
0.00471176372
0.0112072258
-0.0599253138
-0.0513351333
-0.0544485263
-0.0526138539
-0.0508478353
-0.0486746688
-0.0464032472
-0.0437068994
-0.0405464938
-0.0369305384
-0.0328853003
-0.0284493619
-0.0236691375
-0.0186020375
-0.0133158983
-0.00790342427
-0.00280057556
0.00226671003
0.00538970985
0.0120392678
-0.0584165303
-0.0475688463
-0.051678718
-0.0506707249
-0.0490595807
-0.047092272
-0.0449069846
-0.0423047038
-0.0392112735
-0.0356297232
-0.0315841495
-0.0271052499
-0.0222385587
-0.0170523552
-0.0116352605
-0.00612864565
-0.000937736615
0.0039810959
0.00744582588
0.0140082653
-0.0567064947
-0.0430142646
-0.0478550683
-0.0478541412
-0.0465118156
-0.0448533874
-0.042854509
-0.040391365
-0.0374007832
-0.0338720043
-0.0298239112
-0.0252901332
-0.0203270968
-0.0150147553
-0.0094608676
-0.00384941808
0.00143430802
0.00640983545
0.0105287631
0.0171266387
-0.0550361892
-0.0379662491
-0.0431304607
-0.0440768952
-0.0431137401
-0.0419007621
-0.0402364473
-0.0379800297
-0.035122918
-0.0316681853
-0.027637716
-0.0230753489
-0.0180492227
-0.0126454703
-0.00698764057
-0.00128275412
0.00416038085
0.00947657566
0.0144970138
0.0215519501
-0.0535554299
-0.0327705817
-0.0378644867
-0.0393284178
-0.03876014
-0.0381239866
-0.0369871949
-0.0350732885
-0.0324249113
-0.0291033104
-0.0251586125
-0.0206446022
-0.0156280012
-0.0101954071
-0.0044796653
0.00134260716
0.00713884196
0.0132399054
0.0196493869
0.0276479024
-0.052497867
-0.0278673383
-0.0325186851
-0.0339249696
-0.0335689122
-0.0335001895
-0.0330681618
-0.0317081932
-0.0294218455
-0.0263535254
-0.0226055821
-0.0182348903
-0.0133009087
-0.0078963747
-0.00213250503
0.00394818396
0.0104927802
0.0180354657
0.0264792149
0.0358487476
-0.0524999076
-0.024290299
-0.027244987
-0.0286480138
-0.0282079796
-0.0283813812
-0.0286451966
-0.0279880656
-0.0262063104
-0.0234999836
-0.020035725
-0.0158871658
-0.0111191184
-0.00580465801
5.87664005e-05
0.00667260078
0.0144648431
0.0239967674
0.0347172733
0.0453215436
-0.0541871316
-0.0245451806
-0.022898698
-0.0238435335
-0.0231024257
-0.0233191691
-0.0241497977
-0.0241390174
-0.0228623981
-0.0205474038
-0.0174065688
-0.0135467034
-0.00900940134
-0.00378709189
0.00227718927
0.00955638078
0.0185616541
0.0296368999
0.0417239264
0.0526694587
-0.056021478
-0.0300566117
-0.0239088497
-0.0204313697
-0.0181765853
-0.0184815053
-0.0197357467
-0.0201435865
-0.0193073821
-0.0174826944
-0.0147075923
-0.0110310369
-0.00648315519
-0.00114652658
0.004943983
0.0119583604
0.0203771478
0.0308226311
0.0425748555
0.0535696776
-0.0525928657
-0.032928765
-0.0276073831
-0.0180949615
-0.0146237931
-0.0153800732
-0.0165944791
-0.0167292132
-0.0157115489
-0.0136265938
-0.0105784116
-0.00656560498
-0.00188174548
0.00308814729
0.00801035125
0.012824407
0.0180620178
0.0250870209
0.0347849213
0.0462796074
-0.0531540623
-0.0338261269
-0.0268477526
-0.0168577398
-0.0145571284
-0.0153367255
-0.0158846231
-0.0154896628
-0.0142059152
-0.011985242
-0.00880058034
-0.00477960596
-0.000252530288
0.00436352859
0.00864625335
0.0123112981
0.0152829662
0.0187770796
0.0248363598
0.0355412913
-0.058838951
-0.0328862859
-0.028821848
-0.020246569
-0.0170617438
-0.0171003923
-0.0172322582
-0.0165097753
-0.0148959523
-0.0123820316
-0.00898354762
-0.00486464408
-0.000332757586
0.00422659329
0.00846036953
0.0121553719
0.0153162281
0.017996382
0.0207005614
0.0285982869
-0.0584437234
-0.0315302367
-0.028701196
-0.0237717197
-0.0204940333
-0.0198847141
-0.0196530642
-0.0185136572
-0.0163987366
-0.0134474871
-0.00972800625
-0.0053835345
-0.000708632236
0.00390527488
0.00811859327
0.0117933255
0.0150109133
0.0178957468
0.0199502109
0.0257585247
-0.0577499268
-0.0289957866
-0.0296609448
-0.0275353882
-0.0248021237
-0.0238312144
-0.0230552147
-0.0213401549
-0.0187040386
-0.0153657367
-0.0114161285
-0.0069387747
-0.00216149673
0.00259677472
0.00702857423
0.0109919963
0.0144961456
0.0176180673
0.0196623534
0.0243857494
-0.0564589969
-0.0294258663
-0.033305361
-0.0318841355
-0.0293998635
-0.0280746112
-0.0266180701
-0.0242924119
-0.021218277
-0.0175836824
-0.0134523301
-0.00888525712
-0.00404263204
0.000841141347
0.00552394373
0.00985123774
0.0136823156
0.0169980129
0.0189130581
0.0230121079
-0.0562288498
-0.0321876878
-0.0368225084
-0.0362092038
-0.0338266455
-0.0319611906
-0.0298102596
-0.0269873523
-0.0236303321
-0.0198536126
-0.0156622578
-0.0110746887
-0.00619122713
-0.00118924496
0.00372023659
0.00835935666
0.0124543948
0.0159398979
0.0177140145
0.021472657
-0.0562358099
-0.03578891
-0.0405618732
-0.0400908005
-0.0375168925
-0.0350833521
-0.0323932901
-0.0292443668
-0.0257202995
-0.0218774172
-0.0177092557
-0.0132007117
-0.00838655859
-0.00337429355
0.00166101105
0.006523857
0.0108237905
0.0144684765
0.0162061918
0.0198694855
-0.0565934647
-0.0399223106
-0.0442344832
-0.0431607677
-0.0403135256
-0.0374889399
-0.0344773913
-0.0311324285
-0.0274857163
-0.0235787081
-0.0194235056
-0.0150129009
-0.0103470359
-0.0054575551
-0.000444944446
0.00452125685
0.00895666081
0.0127394189
0.0144997375
0.0182263742
-0.0572144521
-0.0440283681
-0.0474414701
-0.0454275223
-0.0424006798
-0.039375084
-0.0361983889
-0.032717882
-0.0289565897
-0.0249686042
-0.020789706
-0.0164393767
-0.0119220508
-0.00722023013
-0.00234567426
0.00260345244
0.00708098354
0.0109609297
0.0127303055
0.0166116151
-0.0580147351
-0.0477379485
-0.0499522849
-0.0470361156
-0.0439602931
-0.0408454206
-0.0375823463
-0.0339901014
-0.0301277389
-0.0260650271
-0.0218484136
-0.0175203922
-0.013110186
-0.00858559995
-0.00388876561
0.000968889414
0.00539136485
0.00932666519
0.0110631877
0.0151780295
-0.0588256577
-0.050776825
-0.0517145452
-0.0481349942
-0.045076339
-0.0419042866
-0.0385852837
-0.034899238
-0.0309647979
-0.0268529625
-0.0226102723
-0.0182939836
-0.0139557891
-0.00956629331
-0.00502882894
-0.00027689677
0.00400171223
0.0079627166
0.00960607705
0.0141653128
-0.0594774551
-0.0530182881
-0.0527886883
-0.0487731993
-0.045765543
-0.0425253486
-0.0391608879
-0.0354072794
-0.0314391749
-0.0273100852
-0.0230650926
-0.0187711221
-0.0144899055
-0.0101934088
-0.00577559864
-0.00109791661
0.00296362616
0.0068867416
0.00872327886
0.0135865061
-0.0598221919
-0.0544546244
-0.0532957727
-0.0488924425
-0.0460353781
-0.0427003405
-0.0392950149
-0.035505724
-0.0315421921
-0.0274281189
-0.0232079596
-0.0189542341
-0.0147231814
-0.0104884442
-0.00615398934
-0.00150599594
0.00232332605
0.00603410016
0.00863129673
0.0134533134
-0.0597502215
-0.0551229997
-0.0533909641
-0.0484573623
-0.0458833963
-0.0424503299
-0.0389965543
-0.0352129475
-0.0312812635
-0.0272129086
-0.0230474943
-0.0188536289
-0.0146717271
-0.0104445547
-0.00612037787
-0.00166536483
0.00209016963
0.00554060545
0.00911950161
0.0136404651
-0.0592286136
-0.0550291012
-0.053099702
-0.0477633804
-0.0451476649
-0.0418048432
-0.03831246
-0.0345586876
-0.0306782735
-0.0266795211
-0.022589926
-0.0184601025
-0.0143092518
-0.0100819904
-0.00577568385
-0.00151578588
0.0021131364
0.0056375972
0.0100293874
0.0138888519
-0.058291129
-0.0542701424
-0.0521586538
-0.0469359605
-0.0440400976
-0.0407783388
-0.0373014111
-0.0335910307
-0.0297736597
-0.0258549619
-0.0218426886
-0.0177639268
-0.0136240952
-0.00940208385
-0.00516860953
-0.00113571386
0.00239009525
0.00625873819
0.0111628564
0.0140548624
-0.056875795
-0.0530969284
-0.05070089
-0.045761823
-0.0426436967
-0.0394414823
-0.036017789
-0.0323662898
-0.0286128838
-0.024765357
-0.020809382
-0.0167576123
-0.0126226685
-0.00844408116
-0.00435670142
-0.000536564984
0.00304251336
0.00732395389
0.0121330421
0.0140525292
-0.0547021667
-0.051563531
-0.0489306153
-0.0442614867
-0.0410049009
-0.0378571282
-0.0345098606
-0.0309277365
-0.0272286145
-0.0234318663
-0.0194993372
-0.0154610796
-0.0113547431
-0.00727485517
-0.00335836484
0.000350536244
0.00414817628
0.00867983774
0.0128015984
0.0139109142
-0.0517605488
-0.0495206729
-0.0469176589
-0.0425007259
-0.0391706586
-0.0360746867
-0.0328167249
-0.0293091434
-0.0256472084
-0.0218557865
-0.0179522545
-0.0139414374
-0.00990182994
-0.00594356034
-0.00213783152
0.00161716694
0.00567690735
0.0101185564
0.0132541649
0.0138026512
-0.0480629473
-0.0468038414
-0.0446252174
-0.0405405978
-0.0372022271
-0.0341531806
-0.0309887235
-0.027563106
-0.0239395708
-0.0201669524
-0.0162741989
-0.0123022537
-0.00833648389
-0.00445248925
-0.000632389182
0.00329575014
0.00750583313
0.0114952084
0.0136712399
0.0138397579
-0.0433294819
-0.0432010968
-0.0419230224
-0.0384056645
-0.035177485
-0.0321807162
-0.0291038093
-0.0257676241
-0.0221952082
-0.0184462526
-0.0145713328
-0.010628477
-0.00668588483
-0.00276673161
0.00120009372
0.00532721743
0.00946390205
0.0127374192
0.0141098891
0.0140510113
-0.0370460174
-0.0383150195
-0.0385679425
-0.036073207
-0.0331777926
-0.0302778432
-0.0272751775
-0.0240215701
-0.0205083763
-0.0167867626
-0.0129142535
-0.00894800376
-0.00492875059
-0.000847814488
0.00334186979
0.00757670161
0.0113800666
0.0138339418
0.0145869649
0.0144434039
-0.0292642859
-0.0319137317
-0.0342458033
-0.0334033105
-0.0312097667
-0.028540228
-0.0256234907
-0.0224296521
-0.0189540631
-0.0152354488
-0.011317413
-0.00724388204
-0.00303772685
0.00129381607
0.00568907436
0.00985459645
0.0131186905
0.0148072534
0.0151327175
0.0149348209
-0.021793587
-0.0249467042
-0.0288276665
-0.029929065
-0.0289575575
-0.0268475806
-0.0241545495
-0.0210460695
-0.0175840002
-0.013820294
-0.00979039797
-0.00552272117
-0.00104702773
0.00356056373
0.00807048418
0.0119771488
0.0145827265
0.0155908744
0.0156017347
0.0154072371
-0.0179156545
-0.0198747241
-0.0228733094
-0.0249081207
-0.0254790007
-0.0245362714
-0.0225072338
-0.0197066892
-0.0163387011
-0.0125143114
-0.00832571121
-0.00380946312
0.000966554432
0.00581037945
0.0102911544
0.0137482456
0.0156343706
0.0160743162
0.0158927529
0.0157822683
-0.0188392077
-0.0178094076
-0.0181556683
-0.0191374245
-0.0204364714
-0.020876606
-0.0200661175
-0.0179978027
-0.0149413966
-0.0111133008
-0.00681021897
-0.00208729554
0.00291490344
0.00785271033
0.0121032788
0.014971993
0.0162184588
0.0163096518
0.0160554766
0.0160198757
-0.0213892081
-0.0155993116
-0.0164161185
-0.0167409281
-0.0174191632
-0.0176956804
-0.0171579864
-0.0156022914
-0.0130457637
-0.00967248483
-0.00549278648
-0.000741155616
0.0043063781
0.00916252804
0.0131030996
0.015523745
0.016423395
0.0163727649
0.0161645141
0.0161010863
)
;

boundaryField
{
    inner_wall
    {
        type            zeroGradient;
    }
    outer_wall
    {
        type            zeroGradient;
    }
    top
    {
        type            zeroGradient;
    }
    bottom
    {
        type            fixedValue;
        value           uniform 0;
    }
    front
    {
        type            wedge;
    }
    back
    {
        type            wedge;
    }
}


// ************************************************************************* //
