/*--------------------------------*- C++ -*----------------------------------*\
| =========                 |                                                 |
| \\      /  F ield         | OpenFOAM: The Open Source CFD Toolbox           |
|  \\    /   O peration     | Version:  2506                                  |
|   \\  /    A nd           | Website:  www.openfoam.com                      |
|    \\/     M anipulation  |                                                 |
\*---------------------------------------------------------------------------*/
FoamFile
{
    version     2.0;
    format      ascii;
    arch        "LSB;label=32;scalar=64";
    class       volVectorField;
    location    "86";
    object      U;
}
// * * * * * * * * * * * * * * * * * * * * * * * * * * * * * * * * * * * * * //

dimensions      [0 1 -1 0 0 0 0];

internalField   nonuniform List<vector> 
16650
(
(0.0012542617 0.19933163 0.0013082537)
(-0.0091359585 0.059819443 -0.00078057784)
(-0.0081216351 0.025123211 0.00045504409)
(-0.011991715 0.017281083 0.00062412439)
(-0.015755311 0.016807748 0.00094716958)
(-0.01924585 0.017994704 0.001163546)
(-0.022367714 0.019213674 0.0013865023)
(-0.024995299 0.019997728 0.0020262899)
(-0.027188221 0.020199833 0.0037809171)
(-0.029465801 0.019893474 0.0059752536)
(-0.032331677 0.019274563 0.0069384886)
(-0.035363756 0.01841484 0.0074190203)
(-0.0385817 0.017354235 0.0093675482)
(-0.042202784 0.016301453 0.012525813)
(-0.046292685 0.015595641 0.015128172)
(-0.05065046 0.015546118 0.015649848)
(-0.053830444 0.016235717 0.012478415)
(-0.054878805 0.017473301 0.0055154519)
(-0.053915035 0.018889893 -0.0031929949)
(-0.051417818 0.020130934 -0.011819649)
(-0.04806526 0.021045649 -0.020253182)
(-0.044032744 0.021605745 -0.028850564)
(-0.03958269 0.02183782 -0.037436424)
(-0.035058386 0.021768367 -0.045792147)
(-0.030578997 0.021451106 -0.053816776)
(-0.026232914 0.020943382 -0.061596543)
(-0.021963808 0.02028618 -0.069151368)
(-0.017736536 0.019514396 -0.076503925)
(-0.013512531 0.018666316 -0.083631661)
(-0.0093088268 0.017781094 -0.09044831)
(-0.0051296061 0.016900185 -0.096852564)
(-0.00091945958 0.016065818 -0.10272184)
(0.0030630802 0.015318278 -0.10798486)
(0.0067321632 0.014690838 -0.11253123)
(0.012366619 0.014208155 -0.11618187)
(0.013320623 0.013878635 -0.11553516)
(0.019321282 0.013710571 -0.11783624)
(0.0084236003 0.32208868 0.0071513907)
(-0.017158099 0.12867358 0.0042998817)
(-0.019524832 0.062077234 0.006251808)
(-0.028727698 0.048542617 0.0075845626)
(-0.036157327 0.050617301 0.0081433702)
(-0.04198905 0.055554269 0.0080124016)
(-0.045925499 0.059961451 0.0072173368)
(-0.047854638 0.063054138 0.00587456)
(-0.047636718 0.064717109 0.0046945892)
(-0.045174276 0.065210526 0.0043169652)
(-0.041016346 0.065018724 0.0046998682)
(-0.03552301 0.064303572 0.0052808812)
(-0.028642178 0.063080569 0.0059268077)
(-0.020373266 0.061604471 0.0065118882)
(-0.010928844 0.060230532 0.0061303775)
(-0.00069280113 0.059237533 0.0038045115)
(0.0099841187 0.058665381 -0.00030801427)
(0.020591029 0.058352895 -0.0052697164)
(0.030478813 0.058036929 -0.010085625)
(0.039179737 0.0574155 -0.01363041)
(0.046283323 0.056454665 -0.015372295)
(0.051818699 0.05518095 -0.014956571)
(0.054957513 0.053669651 -0.012485042)
(0.055938459 0.052034031 -0.0085948228)
(0.055239367 0.050262994 -0.0041048474)
(0.052769575 0.048252041 0.0001554221)
(0.048900284 0.045879225 0.0033871361)
(0.044149173 0.043011939 0.0053576614)
(0.038943957 0.03954754 0.0063485468)
(0.033579941 0.035497444 0.0065890057)
(0.028187661 0.030965232 0.006247985)
(0.022934227 0.026099061 0.0055412601)
(0.01790063 0.021068716 0.0046769545)
(0.013110695 0.016036348 0.003833808)
(0.0091639448 0.01113719 0.0031467979)
(0.0048748635 0.0064711219 0.0022842499)
(0.0016638822 0.0021035346 0.00088963993)
(0.011400226 0.36484565 0.013405449)
(-0.020948153 0.16420293 0.014194814)
(-0.025435687 0.088691766 0.01630786)
(-0.036886778 0.077058535 0.016958125)
(-0.04482317 0.08409811 0.016084212)
(-0.050128491 0.093701592 0.013627933)
(-0.052796358 0.10198017 0.0099634301)
(-0.05315495 0.10822499 0.0055192384)
(-0.051502056 0.11240342 0.00072588396)
(-0.048051661 0.11468693 -0.0041920342)
(-0.043139019 0.11540079 -0.0092046042)
(-0.037235017 0.11479283 -0.014517809)
(-0.030678975 0.11299512 -0.01993473)
(-0.023456939 0.11017673 -0.025537227)
(-0.016047156 0.10654825 -0.031846744)
(-0.0092263374 0.10225711 -0.039297368)
(-0.0034873471 0.097320737 -0.047824827)
(0.00081062188 0.09168926 -0.056369229)
(0.0036712398 0.085378402 -0.063267889)
(0.0055972673 0.07859426 -0.066825638)
(0.0066974128 0.071573382 -0.066036714)
(0.0069518663 0.064655483 -0.060603818)
(0.0067739735 0.058110904 -0.051029373)
(0.0064881171 0.0520854 -0.038655952)
(0.0061318541 0.046596813 -0.024986663)
(0.0057253399 0.041574319 -0.011525631)
(0.005276275 0.036911018 0.000451617)
(0.0047523846 0.032506903 0.010042867)
(0.0041301305 0.02828989 0.016819606)
(0.0034905624 0.024230301 0.020854754)
(0.0028187164 0.020330443 0.022452333)
(0.0021573553 0.016608684 0.021965826)
(0.0015941769 0.013087311 0.019753464)
(0.0011437868 0.0097843584 0.01614067)
(0.00048653013 0.0067106779 0.011462977)
(0.00046843061 0.0038681155 0.006427571)
(-8.4146057e-07 0.0012515594 0.0019697018)
(0.01206116 0.38301582 0.020229847)
(-0.022230726 0.1866835 0.02530428)
(-0.0259291 0.11111577 0.02745011)
(-0.037298607 0.10296518 0.026531052)
(-0.044087922 0.11445185 0.023456676)
(-0.048135588 0.12784177 0.018392811)
(-0.049770151 0.13894956 0.011982393)
(-0.049516486 0.14707087 0.0048967472)
(-0.04783013 0.15222905 -0.0023156519)
(-0.045015604 0.15461392 -0.0093118611)
(-0.041342682 0.15450768 -0.015930007)
(-0.037163758 0.1521358 -0.022095398)
(-0.032829338 0.14769657 -0.027675535)
(-0.02861952 0.14141817 -0.032398677)
(-0.02475764 0.13357956 -0.03594191)
(-0.021633646 0.12448711 -0.038157981)
(-0.019576525 0.11445289 -0.038935944)
(-0.018814944 0.10379428 -0.038358651)
(-0.019352368 0.092902968 -0.036442202)
(-0.020724239 0.082232127 -0.033098258)
(-0.022260602 0.072182646 -0.028486426)
(-0.023703586 0.063030135 -0.023020437)
(-0.024414243 0.054895105 -0.017131534)
(-0.024239182 0.047763328 -0.011192385)
(-0.023170987 0.041534441 -0.005578662)
(-0.021357933 0.036078197 -0.00058694549)
(-0.018961556 0.03125557 0.00351328)
(-0.016144066 0.026932456 0.0064920542)
(-0.013162046 0.023008633 0.0083181673)
(-0.010325123 0.019417019 0.0091040807)
(-0.0077563316 0.016111264 0.009027393)
(-0.0055147086 0.013059492 0.0083047842)
(-0.0036367886 0.010239203 0.0071685316)
(-0.002182703 0.0076335599 0.0058319279)
(-0.001017205 0.0052289219 0.0044746221)
(-0.00047848591 0.003013045 0.0030168702)
(-2.3747855e-05 0.00097497972 0.0011680522)
(0.013129005 0.39471469 0.026889247)
(-0.021062278 0.20619813 0.035429896)
(-0.022245638 0.13168023 0.037692381)
(-0.03251423 0.12504889 0.034783985)
(-0.037712218 0.13873702 0.029365177)
(-0.040640289 0.15398083 0.021954848)
(-0.041782962 0.16622896 0.013388384)
(-0.041634105 0.17485414 0.0043811758)
(-0.040529115 0.18008467 -0.004551984)
(-0.038691485 0.18230487 -0.013065521)
(-0.036321812 0.18187207 -0.020955767)
(-0.03365376 0.17906761 -0.028053681)
(-0.030924277 0.17413694 -0.034225881)
(-0.028336453 0.16732406 -0.0393742)
(-0.026013193 0.15889442 -0.043428032)
(-0.023982761 0.14914871 -0.046357324)
(-0.022183845 0.13842623 -0.048190326)
(-0.020560508 0.12709862 -0.049026079)
(-0.01912389 0.11554468 -0.049019645)
(-0.01763309 0.10411362 -0.048349778)
(-0.016006076 0.093093265 -0.047166112)
(-0.014364162 0.08268929 -0.045549907)
(-0.012672604 0.073024096 -0.04356233)
(-0.010943915 0.064149764 -0.041260646)
(-0.0092304503 0.056065116 -0.038710161)
(-0.0075573675 0.048733175 -0.035971957)
(-0.0059988027 0.042096401 -0.033095905)
(-0.0046065557 0.036088795 -0.030094142)
(-0.003407796 0.030643969 -0.026963757)
(-0.0024108998 0.025699758 -0.023737877)
(-0.0016121791 0.021200491 -0.020468528)
(-0.0010030291 0.017097647 -0.017198431)
(-0.000568422 0.013349544 -0.01396235)
(-0.00027631799 0.0099205164 -0.010791859)
(-0.00012991828 0.0067799498 -0.0077190428)
(6.301394e-06 0.0039013804 -0.0046995237)
(9.7649034e-07 0.0012617051 -0.0016247785)
(0.014208534 0.40537858 0.032295441)
(-0.018216847 0.2258945 0.043768135)
(-0.016107704 0.15103357 0.046211575)
(-0.025031987 0.1428711 0.04121071)
(-0.028655128 0.15606682 0.033821181)
(-0.030782497 0.17126046 0.024707417)
(-0.031840249 0.18343634 0.014723091)
(-0.032173439 0.19199795 0.0044868584)
(-0.031952169 0.19734813 -0.0056170458)
(-0.031250448 0.19996488 -0.015336852)
(-0.030102925 0.20017361 -0.024462852)
(-0.028535106 0.19814833 -0.032757237)
(-0.026576457 0.19399926 -0.03997096)
(-0.024273207 0.18785812 -0.045871972)
(-0.021697417 0.17993132 -0.050278687)
(-0.018949259 0.17051173 -0.05309166)
(-0.016121749 0.15995699 -0.054323005)
(-0.013394897 0.14865143 -0.054092066)
(-0.010841766 0.13696109 -0.052595381)
(-0.0085421048 0.12520213 -0.050025259)
(-0.0065631068 0.11362698 -0.046540496)
(-0.0049232397 0.10242363 -0.042370243)
(-0.0035984276 0.091722442 -0.037778567)
(-0.002563919 0.081605599 -0.033014708)
(-0.0017823518 0.072117351 -0.028296608)
(-0.0012095217 0.063273516 -0.02380029)
(-0.0008027658 0.055069439 -0.019655667)
(-0.00052331876 0.047486356 -0.01594634)
(-0.00033698176 0.040496277 -0.012710672)
(-0.00021480974 0.034065699 -0.0099473118)
(-0.00013657173 0.028158286 -0.0076266191)
(-8.7392601e-05 0.022736757 -0.0057033514)
(-5.8499037e-05 0.017764211 -0.0041258972)
(-3.9934941e-05 0.013205002 -0.0028413885)
(-1.5823081e-05 0.0090252774 -0.0017974694)
(-1.8086469e-05 0.0051932699 -0.00095290858)
(-1.6658353e-06 0.0016794481 -0.00028011829)
(0.015171874 0.4163118 0.035678171)
(-0.014911359 0.2464848 0.049949098)
(-0.0087202228 0.16980215 0.052445056)
(-0.016580861 0.15724866 0.045717294)
(-0.018632826 0.16745349 0.037040788)
(-0.020113186 0.1810227 0.026944929)
(-0.021136884 0.19234329 0.016290725)
(-0.021892209 0.20063445 0.0055566263)
(-0.022444205 0.20630298 -0.005015251)
(-0.022803364 0.20980178 -0.01525099)
(-0.022966198 0.21135367 -0.024966758)
(-0.022933932 0.21095408 -0.033945487)
(-0.022715555 0.20848072 -0.041953864)
(-0.022320122 0.20382129 -0.048781661)
(-0.021754036 0.19697153 -0.054267383)
(-0.021051431 0.18808622 -0.058313963)
(-0.020148547 0.17747794 -0.060880335)
(-0.019056869 0.16557518 -0.062083441)
(-0.017832903 0.15285485 -0.062035627)
(-0.016472269 0.13977738 -0.060887955)
(-0.015000462 0.12673948 -0.058817878)
(-0.013442328 0.11404993 -0.056014081)
(-0.011844284 0.10192469 -0.052653598)
(-0.010255491 0.09049603 -0.04889841)
(-0.0087072009 0.079829016 -0.044892964)
(-0.0072346399 0.069939676 -0.040757591)
(-0.0058715265 0.060811572 -0.036586321)
(-0.0046421684 0.052408981 -0.03244882)
(-0.0035613883 0.044686385 -0.028394627)
(-0.0026396554 0.037594704 -0.024457953)
(-0.0018772336 0.031085039 -0.020662255)
(-0.0012634692 0.025110685 -0.017023251)
(-0.00078746051 0.019628035 -0.013550608)
(-0.00043755125 0.014596848 -0.010249147)
(-0.00020403449 0.0099801867 -0.0071205429)
(-6.0762707e-05 0.0057441969 -0.0041623853)
(-3.6954722e-06 0.0018578412 -0.0013699122)
(0.016175975 0.42700031 0.0369849)
(-0.01151196 0.26729944 0.054152439)
(-0.0014716189 0.18846466 0.056237213)
(-0.0081394428 0.16980269 0.048426298)
(-0.0084412473 0.17503504 0.039053496)
(-0.0092398932 0.1856689 0.02856004)
(-0.0099917869 0.19549993 0.01777838)
(-0.010776803 0.20332264 0.0070275938)
(-0.011575099 0.2093471 -0.0035677246)
(-0.012332167 0.21391807 -0.013898406)
(-0.012985064 0.21716008 -0.023800511)
(-0.01348043 0.21894009 -0.033053074)
(-0.01377388 0.21896983 -0.041414687)
(-0.013831958 0.21693847 -0.048660205)
(-0.013635283 0.21263049 -0.054609915)
(-0.013185368 0.20600392 -0.059154309)
(-0.012526106 0.1972129 -0.062253466)
(-0.011640121 0.18657998 -0.063920255)
(-0.010603698 0.17453654 -0.064263908)
(-0.0095323693 0.16155396 -0.063439815)
(-0.0083826041 0.14808392 -0.061611919)
(-0.0072517525 0.13451905 -0.058960982)
(-0.0061731447 0.12117373 -0.055662621)
(-0.005166295 0.10828088 -0.051890729)
(-0.004247628 0.095998608 -0.047797952)
(-0.0034285419 0.084422615 -0.043510813)
(-0.0027133058 0.073600037 -0.03913232)
(-0.0021007641 0.063542405 -0.034745006)
(-0.001586426 0.05423668 -0.030413876)
(-0.0011638598 0.045653822 -0.026188787)
(-0.00082283486 0.037755166 -0.022106305)
(-0.00055380532 0.030497049 -0.018190909)
(-0.0003491668 0.023833963 -0.014457284)
(-0.00020007156 0.017720651 -0.010913241)
(-9.4292887e-05 0.012113415 -0.0075616893)
(-3.5759835e-05 0.0069708826 -0.0044047337)
(-2.5637873e-06 0.0022544017 -0.0014437673)
(0.017029253 0.43742794 0.036492957)
(-0.0079244904 0.28832009 0.05632458)
(0.0047539046 0.20777388 0.056550612)
(0.00044853559 0.18253658 0.049400547)
(0.001686337 0.18155194 0.039663219)
(0.0017199188 0.18820799 0.029250874)
(0.0015063015 0.19596622 0.018722265)
(0.00099461344 0.20304716 0.0082512142)
(0.00025022009 0.20926969 -0.0021172657)
(-0.0006496475 0.21475085 -0.012316613)
(-0.0016354267 0.21948074 -0.022208068)
(-0.0026484571 0.22322394 -0.031594054)
(-0.0036354604 0.22557696 -0.040254158)
(-0.0045453342 0.22607308 -0.0479776)
(-0.005328236 0.22429783 -0.054587486)
(-0.0059384023 0.21998971 -0.059952479)
(-0.0063425641 0.21310375 -0.063990169)
(-0.006545618 0.20382366 -0.066664321)
(-0.0065403573 0.1925229 -0.067986465)
(-0.0062716521 0.17969248 -0.068064251)
(-0.0058774058 0.16586084 -0.067014216)
(-0.0053896589 0.15152727 -0.064959348)
(-0.0048077863 0.13711951 -0.062067291)
(-0.0041883292 0.12297395 -0.058512562)
(-0.0035664468 0.10933434 -0.054457569)
(-0.0029676272 0.096362207 -0.050047614)
(-0.0024105804 0.08415214 -0.045408308)
(-0.0019079226 0.072747872 -0.040645643)
(-0.0014668086 0.062156617 -0.035846696)
(-0.001090014 0.052360823 -0.031081109)
(-0.00077701707 0.043327215 -0.026403004)
(-0.00052501708 0.035013402 -0.021853277)
(-0.00032931423 0.027372514 -0.017461983)
(-0.00018444306 0.020356332 -0.013250353)
(-8.7079186e-05 0.013917293 -0.00923246)
(-2.6285182e-05 0.0080097118 -0.0054126363)
(-1.8610281e-06 0.0025904698 -0.0017879931)
(0.017934916 0.44795696 0.034396531)
(-0.0040178008 0.3113202 0.055829037)
(0.010610191 0.23084081 0.054552248)
(0.0094139652 0.19836968 0.048306793)
(0.011859579 0.19049067 0.038725221)
(0.013244129 0.19243285 0.028739973)
(0.013919848 0.19758934 0.01874742)
(0.014031118 0.20357251 0.0088209661)
(0.013690983 0.20967732 -0.0010281892)
(0.012987862 0.21568714 -0.010744542)
(0.011994527 0.22140982 -0.020190757)
(0.010775857 0.22653473 -0.029176718)
(0.0093963455 0.23063011 -0.037499271)
(0.0079227933 0.23318885 -0.04497467)
(0.0064234084 0.23369911 -0.051455832)
(0.0049647542 0.23173206 -0.05683652)
(0.003606617 0.22703009 -0.061049824)
(0.0023941376 0.21956734 -0.064065375)
(0.0013391845 0.20955983 -0.065883133)
(0.00054611134 0.19742235 -0.066522525)
(-0.00011452881 0.18369142 -0.066048579)
(-0.00057473339 0.16893839 -0.06457862)
(-0.00085299089 0.15369803 -0.062248717)
(-0.0010047432 0.13842311 -0.059192877)
(-0.0010426676 0.12346541 -0.055549141)
(-0.0010064241 0.10907652 -0.051451943)
(-0.00091691231 0.095420173 -0.047026124)
(-0.00079567579 0.082589368 -0.042381964)
(-0.00066019028 0.07062397 -0.037614595)
(-0.00052359356 0.059526194 -0.032803843)
(-0.00039523929 0.049273133 -0.028014968)
(-0.00028134446 0.039826255 -0.023299968)
(-0.00018565464 0.031138262 -0.018699192)
(-0.00011002204 0.023157838 -0.014243044)
(-5.387501e-05 0.015832801 -0.0099535708)
(-1.9841886e-05 0.0091120944 -0.005847006)
(-1.7148582e-06 0.0029469831 -0.0019349814)
(0.018851336 0.45879958 0.030900531)
(-0.00057341962 0.3368827 0.052111658)
(0.016781104 0.25913873 0.050748038)
(0.01923481 0.22122629 0.044803965)
(0.023283696 0.20681139 0.035912653)
(0.026385939 0.20377756 0.026622134)
(0.028354745 0.20583653 0.017392421)
(0.029395948 0.21014697 0.0082550816)
(0.029666376 0.21548269 -0.00079537818)
(0.029275557 0.22125677 -0.0097016136)
(0.028305308 0.22705607 -0.018329357)
(0.026840192 0.23250321 -0.026508265)
(0.024974547 0.23719719 -0.034067516)
(0.022810041 0.24069191 -0.040863325)
(0.020450958 0.24250001 -0.04679092)
(0.01799944 0.24213324 -0.05178214)
(0.015550385 0.2391818 -0.055796884)
(0.013187047 0.2334081 -0.058815678)
(0.010976831 0.2248143 -0.060835138)
(0.0089699241 0.21365306 -0.061864772)
(0.007205961 0.20037909 -0.061941426)
(0.0056858794 0.18556307 -0.061131422)
(0.0044118758 0.16980068 -0.059503885)
(0.0033528402 0.15364039 -0.057144744)
(0.0025079842 0.1375395 -0.054153229)
(0.0018457655 0.12184778 -0.050638049)
(0.001328088 0.10681068 -0.046706218)
(0.0009345682 0.092583578 -0.042459219)
(0.00064118856 0.079250432 -0.037990373)
(0.00042669617 0.066842171 -0.033383025)
(0.00027334052 0.05535271 -0.028709715)
(0.00016657431 0.044751717 -0.024032087)
(9.4702836e-05 0.034994186 -0.019401338)
(4.8487464e-05 0.026027293 -0.014858998)
(2.0592284e-05 0.017795069 -0.010437902)
(6.1801599e-06 0.010241463 -0.0061626964)
(3.6904655e-07 0.0033122327 -0.0020511062)
(0.019949541 0.47053441 0.02613156)
(0.0027660977 0.36681223 0.045018514)
(0.023941102 0.29613325 0.043988928)
(0.031081521 0.25650183 0.038496563)
(0.037665188 0.23727151 0.030629752)
(0.042914097 0.22947697 0.022380032)
(0.046465756 0.2277472 0.014261085)
(0.0485279 0.22920412 0.0063084883)
(0.04933627 0.23234551 -0.0014942018)
(0.049072847 0.2363214 -0.0090765876)
(0.047872732 0.24055713 -0.016326419)
(0.045878261 0.24464721 -0.023113011)
(0.043247186 0.24825721 -0.029313131)
(0.040141535 0.25105331 -0.034832437)
(0.036717134 0.25264806 -0.039613543)
(0.033116075 0.25258345 -0.043630548)
(0.029461995 0.25037734 -0.046876661)
(0.025861748 0.24562109 -0.049357708)
(0.022403829 0.23809138 -0.051080972)
(0.019156093 0.22782153 -0.052051786)
(0.016167599 0.21510525 -0.052284188)
(0.013468103 0.20043389 -0.051806152)
(0.011073707 0.18439982 -0.050658292)
(0.0089810303 0.16760352 -0.04889762)
(0.0071722272 0.15058391 -0.046589548)
(0.00564044 0.13377973 -0.043804445)
(0.0043579345 0.11751798 -0.040620895)
(0.0032993312 0.10202083 -0.03711909)
(0.0024387408 0.087422208 -0.033376478)
(0.0017506419 0.073787463 -0.029465205)
(0.0012108858 0.061132121 -0.025450505)
(0.00079723357 0.049437697 -0.021389812)
(0.00048967188 0.03866409 -0.017332473)
(0.00027048881 0.028758725 -0.013319895)
(0.00012488193 0.019662979 -0.0093859938)
(3.9914721e-05 0.011316488 -0.0055576718)
(2.7049421e-06 0.0036598999 -0.0018556744)
(0.021622039 0.4835618 0.019559654)
(0.0082514072 0.40297885 0.033922327)
(0.033861843 0.34473901 0.032911492)
(0.046534496 0.30777761 0.02845667)
(0.0563057 0.28596356 0.022244321)
(0.063757872 0.27362999 0.015705137)
(0.068683221 0.26696981 0.009343021)
(0.071339039 0.26367336 0.0032203759)
(0.072136353 0.26241298 -0.0026346056)
(0.071390299 0.26231301 -0.0081891093)
(0.06934473 0.2628152 -0.013389761)
(0.066249504 0.26355348 -0.018165778)
(0.062352957 0.26426082 -0.022451846)
(0.057888047 0.26469089 -0.02620462)
(0.053063641 0.26454082 -0.029408951)
(0.04805581 0.26339027 -0.032062671)
(0.043015713 0.26072675 -0.034181346)
(0.038065121 0.25601572 -0.035795381)
(0.033300792 0.24883554 -0.03692218)
(0.028797929 0.23900077 -0.037572516)
(0.024612177 0.22661612 -0.037753785)
(0.020780991 0.2120479 -0.037473581)
(0.017325394 0.19583652 -0.036745048)
(0.01425203 0.1785902 -0.03559072)
(0.0115555 0.1608934 -0.034043569)
(0.0092212494 0.14324692 -0.032144501)
(0.007228078 0.1260406 -0.029940055)
(0.0055502586 0.10955106 -0.027480559)
(0.0041593471 0.093954628 -0.024817532)
(0.0030257341 0.079346759 -0.022001384)
(0.0021198879 0.065762436 -0.019079661)
(0.0014132238 0.0531943 -0.016095822)
(0.00087871787 0.041607312 -0.013088519)
(0.00049152192 0.030949845 -0.010091272)
(0.00022983167 0.021161607 -0.0071324408)
(7.5129444e-05 0.012179048 -0.0042353192)
(5.4727425e-06 0.0039388663 -0.0014186013)
(0.023431572 0.49506723 0.010194635)
(0.015093351 0.43743519 0.017496592)
(0.044715899 0.39310546 0.016509379)
(0.062366435 0.36111722 0.01382483)
(0.074918786 0.33844202 0.010285767)
(0.083875328 0.3222284 0.0065997123)
(0.089399298 0.3104232 0.0030879171)
(0.091986943 0.30165536 -0.00018607976)
(0.092192689 0.29500772 -0.0032141337)
(0.090450459 0.28985165 -0.0059975849)
(0.087169373 0.28577069 -0.0085141099)
(0.082723975 0.28246888 -0.010747013)
(0.07744707 0.27971414 -0.012683452)
(0.071627473 0.27728427 -0.014317816)
(0.06550031 0.27489952 -0.015655764)
(0.059269395 0.27216832 -0.016712734)
(0.053091744 0.26848711 -0.017512964)
(0.04708088 0.26325544 -0.018079208)
(0.041329272 0.25591705 -0.018430051)
(0.035904246 0.24612539 -0.018578138)
(0.030854345 0.23383322 -0.018530875)
(0.026212858 0.21929167 -0.018292683)
(0.021999664 0.20297491 -0.017867818)
(0.018222621 0.1854705 -0.017262762)
(0.014878959 0.16737541 -0.016487619)
(0.011956854 0.1492213 -0.01555648)
(0.0094371535 0.13143486 -0.014487023)
(0.007295106 0.11432745 -0.013299595)
(0.0055020396 0.098103868 -0.012016075)
(0.0040268908 0.082880578 -0.010658726)
(0.0028375335 0.068706589 -0.0092492213)
(0.0019018121 0.055582831 -0.0078078758)
(0.0011884393 0.043478268 -0.0063531262)
(0.00066782986 0.032342289 -0.0049012237)
(0.00031378426 0.022113702 -0.0034661018)
(0.00010294801 0.012726922 -0.002059285)
(7.6299061e-06 0.0041160397 -0.00069011451)
(0.024150696 0.49927766 -0.0015625655)
(0.017971528 0.45035712 -0.0034439968)
(0.048956102 0.41118123 -0.0041452641)
(0.068175245 0.38097242 -0.0044231093)
(0.081459627 0.35781408 -0.0043859101)
(0.090639834 0.33990906 -0.0041800441)
(0.096088329 0.32590464 -0.003877761)
(0.09834432 0.31482915 -0.0034931199)
(0.098040951 0.30598159 -0.0030567169)
(0.095750281 0.29884647 -0.0025604823)
(0.091926739 0.29303954 -0.0020180547)
(0.086948595 0.28826747 -0.0014424303)
(0.081168536 0.28429151 -0.00084573963)
(0.074890318 0.28087379 -0.00024331364)
(0.068359459 0.27771099 0.00034880278)
(0.061770872 0.27437162 0.00091867008)
(0.055275776 0.27027766 0.0014517651)
(0.048988478 0.26477656 0.0019383234)
(0.042993793 0.25727679 0.0023691157)
(0.037353479 0.24739622 0.0027361072)
(0.032111423 0.23505461 0.0030328895)
(0.027297062 0.22047684 0.0032551709)
(0.022927375 0.20411958 0.0034011763)
(0.019008286 0.18656148 0.0034717401)
(0.015535902 0.16839725 0.0034700527)
(0.012497849 0.1501605 0.0034011993)
(0.009874713 0.13228191 0.0032715908)
(0.0076415677 0.11507725 0.0030884242)
(0.0057695088 0.098755259 0.0028592264)
(0.0042271143 0.08343546 0.0025915129)
(0.0029817404 0.069168971 0.0022925423)
(0.0020005823 0.055958009 0.0019691552)
(0.0012515356 0.043772176 0.0016276675)
(0.00070418047 0.032561039 0.0012738096)
(0.00033121953 0.022263276 0.00091269213)
(0.00010908471 0.012812993 0.00054893448)
(8.1274043e-06 0.004143874 0.00018653566)
(0.023193581 0.49359645 -0.013028062)
(0.013880034 0.43214097 -0.023661513)
(0.042405606 0.38455762 -0.023904297)
(0.058531007 0.35050614 -0.02169791)
(0.069901042 0.32690089 -0.018114899)
(0.077947093 0.310571 -0.014148304)
(0.082808348 0.29916982 -0.010214057)
(0.084941553 0.29112081 -0.0063827732)
(0.084890178 0.28536969 -0.002658087)
(0.083092645 0.28120771 0.00095774013)
(0.07991388 0.2781512 0.0044039313)
(0.075703862 0.27584492 0.0076365211)
(0.070762644 0.2740123 0.01063165)
(0.065342503 0.27238418 0.01335381)
(0.059657468 0.27062901 0.015778069)
(0.053884772 0.26829753 0.017892009)
(0.048165982 0.26482412 0.019691134)
(0.042611322 0.25960782 0.021173459)
(0.037305735 0.25214863 0.02233556)
(0.032313594 0.24217791 0.023172771)
(0.027681392 0.22972461 0.023678962)
(0.023440001 0.21509668 0.023850752)
(0.019606457 0.19879791 0.02369077)
(0.016185519 0.18142013 0.023209549)
(0.013171474 0.16354666 0.022425938)
(0.010550072 0.14568625 0.021366148)
(0.0083004315 0.12824056 0.020061902)
(0.0063968681 0.11149836 0.018548338)
(0.0048105835 0.09564635 0.016861994)
(0.003511138 0.080787927 0.015039127)
(0.0024676852 0.066963492 0.013114411)
(0.0016498771 0.054168972 0.011120019)
(0.0010286202 0.042370959 0.0090850403)
(0.00057674699 0.031518281 0.0070351745)
(0.00027035886 0.021550323 0.0049926302)
(8.8482405e-05 0.012402745 0.0029761912)
(6.4841055e-06 0.0040112089 0.0010012853)
(0.021396918 0.48191535 -0.021885167)
(0.0070948261 0.39752718 -0.038751599)
(0.031125427 0.33617907 -0.03850546)
(0.041640076 0.29746434 -0.034398477)
(0.049750933 0.27500453 -0.028214966)
(0.055802575 0.2627016 -0.021609425)
(0.059603666 0.25644663 -0.015112237)
(0.061462836 0.25375811 -0.0087781474)
(0.061722845 0.25316288 -0.0025954183)
(0.06067722 0.25378858 0.0034011385)
(0.058586137 0.25505704 0.0091543627)
(0.055670064 0.2565494 0.014580905)
(0.052128065 0.25794051 0.019597416)
(0.048147716 0.2589123 0.024137204)
(0.043899449 0.259086 0.028156059)
(0.03953138 0.25799322 0.031629297)
(0.035168505 0.25511182 0.034544172)
(0.030914947 0.24996467 0.036892296)
(0.02685316 0.24223997 0.038660436)
(0.023048322 0.23188227 0.039840163)
(0.01954629 0.21910962 0.040429632)
(0.016373938 0.2043588 0.040434359)
(0.013542521 0.18819327 0.039876714)
(0.011051004 0.17120548 0.038791531)
(0.0088887295 0.15394037 0.037223839)
(0.0070376698 0.13684998 0.03522862)
(0.0054745512 0.12027663 0.032867174)
(0.0041729812 0.10445666 0.030203352)
(0.0031052684 0.089535478 0.0273004)
(0.0022437962 0.075586844 0.024218566)
(0.0015619919 0.062631867 0.021013454)
(0.0010349341 0.050655347 0.017735028)
(0.00063970498 0.039618743 0.014427138)
(0.0003557392 0.029469833 0.011127441)
(0.00016531665 0.020149553 0.0078675799)
(5.3599271e-05 0.011596622 0.004673571)
(3.7780381e-06 0.0037505125 0.0015661766)
(0.019819471 0.46965345 -0.028119371)
(0.0020515055 0.36444467 -0.048603108)
(0.021374585 0.2927568 -0.047687136)
(0.026244573 0.25292301 -0.042499118)
(0.031232191 0.23388974 -0.034727826)
(0.035027048 0.22637653 -0.026568672)
(0.037364392 0.22488232 -0.018504922)
(0.038481394 0.22647595 -0.010567069)
(0.038589984 0.22962829 -0.0027527009)
(0.037862461 0.2335165 0.0048986309)
(0.036445814 0.23760606 0.01229468)
(0.03447102 0.24148743 0.019310778)
(0.032065518 0.24478985 0.025825785)
(0.029355051 0.24711854 0.031737643)
(0.026459233 0.24802763 0.036969083)
(0.023487769 0.24704102 0.041464904)
(0.020538267 0.24372416 0.045184832)
(0.017694384 0.23778251 0.048097428)
(0.01502144 0.22914338 0.050179825)
(0.01256701 0.21798439 0.051427603)
(0.010375522 0.20469893 0.051869433)
(0.0084520862 0.18981747 0.05154817)
(0.0067699382 0.17391788 0.050506344)
(0.0053538508 0.15754863 0.048795766)
(0.0041709843 0.14117842 0.046496198)
(0.0031976259 0.12517363 0.043698)
(0.0024086772 0.10979696 0.040492827)
(0.0017785121 0.095219125 0.036969352)
(0.0012826712 0.081536233 0.03321039)
(0.00089884243 0.068788044 0.029291005)
(0.00060725448 0.056974323 0.025277481)
(0.00039073399 0.046068174 0.021227017)
(0.00023466786 0.036026218 0.017187934)
(0.0001267738 0.026795984 0.013200213)
(5.7214648e-05 0.018321013 0.0092962163)
(1.7728095e-05 0.01054425 0.0055015967)
(1.1011759e-06 0.0034101694 0.0018360029)
(0.018637361 0.45869272 -0.032512279)
(-0.0021270619 0.33755566 -0.054085714)
(0.013627273 0.26064988 -0.0527549)
(0.013731225 0.22371241 -0.047011934)
(0.016415169 0.20987036 -0.038286711)
(0.018173192 0.2071342 -0.029215475)
(0.019061132 0.20929766 -0.020186282)
(0.019265078 0.21350147 -0.011245367)
(0.018914125 0.21847846 -0.0024112043)
(0.018111713 0.22362436 0.0062618424)
(0.016948268 0.22854314 0.014665984)
(0.015507572 0.2328713 0.02265692)
(0.013870178 0.2362088 0.030086107)
(0.012115017 0.23810939 0.036817029)
(0.010319306 0.23811285 0.042736581)
(0.0085550399 0.23581172 0.047756853)
(0.0068840508 0.23093437 0.051814047)
(0.005358079 0.22341301 0.054868626)
(0.0040262897 0.21340834 0.056905803)
(0.0029045819 0.20128204 0.057937193)
(0.0019589499 0.18752962 0.057993008)
(0.0011969565 0.17269862 0.05714484)
(0.00065563648 0.15731622 0.055484989)
(0.00028051574 0.14183987 0.053128119)
(1.5714946e-05 0.12663308 0.05018746)
(-0.00014542673 0.11196197 0.04677697)
(-0.00022890203 0.098004551 0.043005465)
(-0.0002577604 0.084866149 0.038972825)
(-0.00025021942 0.072596242 0.034767826)
(-0.00022047797 0.061203912 0.030467241)
(-0.00017940543 0.050670715 0.026135882)
(-0.00013500062 0.040960665 0.021827266)
(-9.2856045e-05 0.032027588 0.017584635)
(-5.6642577e-05 0.023820304 0.013442139)
(-2.8711767e-05 0.016286122 0.0094260408)
(-1.0227951e-05 0.0093730992 0.0055559722)
(-9.613225e-07 0.0030314087 0.0018458684)
(0.017665828 0.44875414 -0.035281775)
(-0.0067399806 0.31514417 -0.055668226)
(0.0066389201 0.23652467 -0.055269581)
(0.0027946474 0.20490931 -0.048602022)
(0.0037975932 0.19676607 -0.039426504)
(0.0038522477 0.19833856 -0.029864081)
(0.0035779729 0.20324559 -0.020269472)
(0.0030268723 0.20896511 -0.010745952)
(0.0022576193 0.21457534 -0.0013436328)
(0.0013351167 0.21970386 0.0078644947)
(0.00032395288 0.22408857 0.016758232)
(-0.00071594156 0.22742359 0.025180502)
(-0.0017322125 0.22933107 0.032961151)
(-0.0026780112 0.22940568 0.039938429)
(-0.0035071678 0.22728841 0.045973295)
(-0.0041809588 0.22274626 0.050958062)
(-0.004672693 0.21573144 0.054820601)
(-0.0049782123 0.20640122 0.057526166)
(-0.0050847654 0.19509164 0.059076131)
(-0.0049929887 0.18225742 0.059529819)
(-0.0047606224 0.16840009 0.058976619)
(-0.0044328247 0.1540043 0.057516581)
(-0.0039950755 0.13949376 0.055282749)
(-0.0035247484 0.12520867 0.052415646)
(-0.0030370354 0.11140079 0.049051928)
(-0.0025545719 0.098241022 0.045315334)
(-0.0020963596 0.085832863 0.041317133)
(-0.001675727 0.074227511 0.037154251)
(-0.0013009773 0.063437918 0.032908615)
(-0.00097644245 0.053450617 0.02864768)
(-0.0007033631 0.044235001 0.024425664)
(-0.00048067759 0.035750223 0.020285112)
(-0.00030564055 0.027950115 0.016258545)
(-0.00017452865 0.020786551 0.012370054)
(-8.3200385e-05 0.014211658 0.0086367612)
(-2.7918037e-05 0.0081791791 0.00507011)
(-2.153183e-06 0.0026452829 0.001676867)
(0.016682845 0.43943356 -0.036245923)
(-0.010999067 0.29620836 -0.053967677)
(-0.00033217154 0.21802015 -0.055319969)
(-0.0072431648 0.1916058 -0.047572041)
(-0.0080213543 0.18832441 -0.038512955)
(-0.0093000981 0.19311948 -0.028865511)
(-0.010438859 0.19980253 -0.019082197)
(-0.011486369 0.20623289 -0.0093468464)
(-0.012444128 0.21174215 0.00023880302)
(-0.013289809 0.21609566 0.0095686721)
(-0.013984224 0.21912459 0.018499492)
(-0.014491786 0.22059978 0.026858603)
(-0.014782509 0.22024744 0.034460691)
(-0.014835497 0.21781529 0.041129785)
(-0.014639086 0.21314942 0.046722523)
(-0.014196986 0.20624852 0.051139845)
(-0.01354181 0.19727981 0.054330141)
(-0.012662702 0.18655773 0.056291481)
(-0.011631819 0.17449418 0.057100924)
(-0.010522047 0.16153755 0.056845)
(-0.0093413883 0.14811927 0.055647563)
(-0.0081515661 0.1346163 0.053653662)
(-0.0069936924 0.12133183 0.051015835)
(-0.0058979276 0.10849134 0.047882074)
(-0.0048861208 0.096248823 0.044385577)
(-0.0039726934 0.084698374 0.040643403)
(-0.0031651317 0.073887283 0.036755225)
(-0.0024652776 0.063828371 0.032803358)
(-0.0018706944 0.054510442 0.028853885)
(-0.0013759024 0.045906542 0.024958447)
(-0.00097341561 0.037980156 0.021156286)
(-0.00065456786 0.030689655 0.017476287)
(-0.00041016456 0.023991369 0.013938865)
(-0.00023103642 0.017841625 0.01055764)
(-0.00010876637 0.012198039 0.0073408516)
(-3.5809319e-05 0.0070202798 0.0042925669)
(-2.6581938e-06 0.0022704809 0.0014135361)
(0.015544367 0.43059886 -0.035186715)
(-0.014803945 0.27916462 -0.049933818)
(-0.0080312511 0.20274658 -0.051595491)
(-0.016611262 0.18051466 -0.044250962)
(-0.019483618 0.18046001 -0.035735089)
(-0.021862457 0.18686957 -0.026480217)
(-0.023621938 0.19410689 -0.016962354)
(-0.024888554 0.20037844 -0.0074434558)
(-0.025732583 0.20513188 0.0019015617)
(-0.026188855 0.20817603 0.01091371)
(-0.026264532 0.2094028 0.019418265)
(-0.02596275 0.20869064 0.027220288)
(-0.025292698 0.20593619 0.034134897)
(-0.024276861 0.20110369 0.040004443)
(-0.022952627 0.19426522 0.044710328)
(-0.021372235 0.18561738 0.048191826)
(-0.019599821 0.17546453 0.050449293)
(-0.017694101 0.1641801 0.051543813)
(-0.015749534 0.15215975 0.051578008)
(-0.013805425 0.13977858 0.050685474)
(-0.011924317 0.12736219 0.04901477)
(-0.010150615 0.11517187 0.046722113)
(-0.0085149441 0.10340183 0.043956532)
(-0.0070361898 0.092184801 0.040852662)
(-0.0057233951 0.081601885 0.037527073)
(-0.0045775442 0.071693726 0.034077171)
(-0.0035935416 0.062471015 0.030581742)
(-0.0027620483 0.053923444 0.027102585)
(-0.002071028 0.046026832 0.023686719)
(-0.0015069819 0.03874849 0.020368746)
(-0.0010558814 0.032051106 0.017173134)
(-0.00070384901 0.025895451 0.014116264)
(-0.00043756037 0.020242183 0.011208199)
(-0.00024470516 0.015053015 0.00845414)
(-0.00011432143 0.01029141 0.0058556237)
(-3.7428954e-05 0.0059229671 0.0034115528)
(-2.6812689e-06 0.0019155956 0.0011188082)
(0.014478585 0.42210119 -0.031793275)
(-0.018669134 0.26354447 -0.04394813)
(-0.016112923 0.18943824 -0.045161303)
(-0.025792809 0.16996575 -0.038914763)
(-0.030405686 0.1709368 -0.031342158)
(-0.033724194 0.17697073 -0.022994195)
(-0.035863738 0.1832615 -0.014276103)
(-0.037058227 0.18832611 -0.0055007694)
(-0.037462575 0.19163779 0.0030894529)
(-0.037189314 0.19299615 0.011281648)
(-0.036322136 0.19233221 0.018866256)
(-0.034933742 0.18963948 0.025652)
(-0.033099643 0.18498269 0.031477457)
(-0.030901968 0.17850697 0.036217478)
(-0.028431684 0.17044318 0.039805411)
(-0.02578493 0.1610924 0.042237003)
(-0.023056703 0.15079627 0.043565973)
(-0.020333959 0.13990243 0.043892701)
(-0.017693 0.12873373 0.043346207)
(-0.015192774 0.11756727 0.042071874)
(-0.012877345 0.10662413 0.040220003)
(-0.010774247 0.096068275 0.037933488)
(-0.0088969165 0.086011743 0.035340533)
(-0.0072474124 0.076522978 0.0325511)
(-0.0058192012 0.067636186 0.029655935)
(-0.0045997307 0.059360114 0.026727334)
(-0.0035726397 0.051685562 0.023820976)
(-0.0027195235 0.044591373 0.020978277)
(-0.0020212713 0.03804899 0.018228859)
(-0.0014590176 0.032025761 0.015592885)
(-0.0010147886 0.026487267 0.013083115)
(-0.00067187334 0.021398892 0.010706655)
(-0.00041503466 0.016726842 0.0084663753)
(-0.0002306656 0.012438772 0.0063620381)
(-0.00010718116 0.0085041414 0.0043911846)
(-3.4699933e-05 0.0048943798 0.0025498837)
(-2.4585051e-06 0.0015829394 0.00083311549)
(0.013458622 0.4151874 -0.025867966)
(-0.022558713 0.25086244 -0.035659005)
(-0.023162601 0.17810574 -0.036357728)
(-0.034129509 0.15954216 -0.031659557)
(-0.040138835 0.1592617 -0.025593828)
(-0.044200152 0.16290745 -0.01872267)
(-0.046487681 0.16665638 -0.011415554)
(-0.047344451 0.16936243 -0.0039971747)
(-0.047032966 0.17053726 0.0032484707)
(-0.045774665 0.16996796 0.010083281)
(-0.043756547 0.16760703 0.01630426)
(-0.041146561 0.16350846 0.021731362)
(-0.038099332 0.15782053 0.02623369)
(-0.034761645 0.15076596 0.029735948)
(-0.031271206 0.14261934 0.03222209)
(-0.027751938 0.13368009 0.03373144)
(-0.024309621 0.12424511 0.03434803)
(-0.021028733 0.11458603 0.034186336)
(-0.017971432 0.10493417 0.033376488)
(-0.015178451 0.095473658 0.032052096)
(-0.012671396 0.086341409 0.030340593)
(-0.010456019 0.077631607 0.028356448)
(-0.0085259313 0.069402592 0.02619766)
(-0.0068661242 0.061684405 0.023944719)
(-0.005456079 0.054485896 0.021661287)
(-0.0042722777 0.047800813 0.019395895)
(-0.003290093 0.041612697 0.017184126)
(-0.00248513 0.035898628 0.015050937)
(-0.0018341275 0.030631972 0.013012836)
(-0.0013155145 0.025784335 0.011079824)
(-0.0009096882 0.021326895 0.009256997)
(-0.00059913018 0.017231299 0.0075458649)
(-0.00036833492 0.013470213 0.0059453671)
(-0.0002038476 0.010017665 0.004452663)
(-9.4247931e-05 0.006849221 0.0030637239)
(-3.0478498e-05 0.0039420555 0.0017737998)
(-2.0981219e-06 0.0012749597 0.00057762729)
(0.012832647 0.4103108 -0.018006668)
(-0.025607703 0.24173453 -0.025329694)
(-0.028769499 0.16920486 -0.025780215)
(-0.040865183 0.1500978 -0.022823046)
(-0.047888232 0.14703551 -0.018780731)
(-0.05242041 0.14692449 -0.013999312)
(-0.054636813 0.14694502 -0.0087526396)
(-0.05498048 0.14636377 -0.0033321136)
(-0.053829109 0.14484169 0.0020048183)
(-0.051526042 0.1421965 0.0070321758)
(-0.048368953 0.13838196 0.011558145)
(-0.044623358 0.13344742 0.015436395)
(-0.040520978 0.12752229 0.018572323)
(-0.036260752 0.12079001 0.020930132)
(-0.032008168 0.11346204 0.022518551)
(-0.027894752 0.1057544 0.023389576)
(-0.024018268 0.097868574 0.023625577)
(-0.020444968 0.089978908 0.023326083)
(-0.017213375 0.082226568 0.022596279)
(-0.014339063 0.074718661 0.021538169)
(-0.011819794 0.067530932 0.020244554)
(-0.0096404762 0.060712386 0.018795616)
(-0.0077775432 0.05429055 0.017257583)
(-0.0062025349 0.048276534 0.015682646)
(-0.0048848324 0.042669454 0.014111121)
(-0.0037936751 0.037460025 0.012572571)
(-0.0028995339 0.032633356 0.011087653)
(-0.0021749354 0.028171053 0.0096699522)
(-0.0015949021 0.024052742 0.0083276287)
(-0.0011371306 0.02025715 0.0070647964)
(-0.00078198026 0.016762859 0.00588264)
(-0.00051233335 0.013548807 0.004780286)
(-0.00031341125 0.01059463 0.0037554619)
(-0.00017258588 0.0078808693 0.0028049887)
(-7.9459507e-05 0.0053890966 0.0019251379)
(-2.543549e-05 0.0031019795 0.0011119128)
(-1.734616e-06 0.001003302 0.00036111335)
(0.013155063 0.40763845 -0.0090032041)
(-0.027462132 0.23647398 -0.013185829)
(-0.032483807 0.16358998 -0.013810552)
(-0.045351464 0.14361023 -0.012888711)
(-0.052984249 0.13775408 -0.011312884)
(-0.057710048 0.13405329 -0.0091436922)
(-0.059723611 0.1304076 -0.0065161671)
(-0.05955067 0.12653198 -0.0036153232)
(-0.057655706 0.12230387 -0.00063136373)
(-0.054490633 0.11765931 0.0022618736)
(-0.050449693 0.11257038 0.0049134041)
(-0.045869813 0.10706318 0.0072147275)
(-0.041037745 0.1012048 0.0090915966)
(-0.036185814 0.095084004 0.010511142)
(-0.031485011 0.088801463 0.011477565)
(-0.027062284 0.082461122 0.012024015)
(-0.022998782 0.076157524 0.012202013)
(-0.019338901 0.069971127 0.012072749)
(-0.016097961 0.063966194 0.011699786)
(-0.013269681 0.058190917 0.011143694)
(-0.010832928 0.052678969 0.010458655)
(-0.0087576042 0.047451736 0.0096907318)
(-0.0070078231 0.042520475 0.0088776241)
(-0.0055467276 0.03788906 0.0080483841)
(-0.0043383667 0.033555679 0.007224324)
(-0.0033480116 0.029514004 0.0064212061)
(-0.0025440494 0.025754652 0.0056497016)
(-0.0018980924 0.022266117 0.0049165044)
(-0.0013850523 0.019035483 0.0042253333)
(-0.00098305373 0.016048974 0.0035777556)
(-0.00067322091 0.013292376 0.0029738354)
(-0.00043941478 0.01075136 0.0024126217)
(-0.00026788554 0.0084117344 0.0018925095)
(-0.00014709474 0.0062596298 0.0014114975)
(-6.7450326e-05 0.0042816441 0.00096737035)
(-2.1642682e-05 0.0024649409 0.0005579252)
(-1.4327311e-06 0.00079731932 0.00018091254)
(0.01352987 0.4066823 0.00045414515)
(-0.028269112 0.23473513 0.00023171963)
(-0.034078544 0.16213963 -0.0010015773)
(-0.047263991 0.14210191 -0.0023747669)
(-0.055111473 0.13528661 -0.003559489)
(-0.059849216 0.13000312 -0.0043548023)
(-0.061690331 0.12456012 -0.0047073004)
(-0.061200122 0.11887043 -0.0046495316)
(-0.058895742 0.1129911 -0.0042702033)
(-0.055274502 0.10698505 -0.0036678889)
(-0.050780585 0.10091197 -0.0029380156)
(-0.045797255 0.09482066 -0.0021670737)
(-0.040629817 0.088754412 -0.0014177646)
(-0.035521762 0.082754092 -0.00074360088)
(-0.030649455 0.076860476 -0.00017115017)
(-0.026131166 0.071113155 0.00028832585)
(-0.022036095 0.065540622 0.00063604654)
(-0.01839443 0.06016617 0.00088106134)
(-0.015207353 0.05500802 0.0010371914)
(-0.012456007 0.050079667 0.001120228)
(-0.010108842 0.045390381 0.0011459343)
(-0.0081274346 0.040945743 0.0011288102)
(-0.0064709037 0.036748133 0.0010813312)
(-0.005097892 0.032797029 0.0010137673)
(-0.0039696856 0.029089738 0.00093391824)
(-0.0030509426 0.02562159 0.00084748871)
(-0.0023093901 0.022386007 0.00075858916)
(-0.0017167443 0.01937499 0.00066998395)
(-0.0012483892 0.016579398 0.00058344244)
(-0.00088312045 0.013989227 0.00050003203)
(-0.00060284661 0.011593867 0.00042034773)
(-0.0003922292 0.0093823415 0.00034467868)
(-0.0002383445 0.0073435178 0.00027312321)
(-0.00013038822 0.0054662905 0.00020566427)
(-5.9655264e-05 0.0037397335 0.00014221897)
(-1.8895743e-05 0.002153222 8.2749853e-05)
(-1.2646158e-06 0.00069652733 2.7145516e-05)
(0.013153203 0.4071216 0.010020637)
(-0.027943959 0.2362172 0.013897016)
(-0.033505204 0.16513889 0.011953396)
(-0.046550828 0.14664195 0.0082256338)
(-0.05428823 0.14139255 0.0042050158)
(-0.058976447 0.13749464 0.00035910276)
(-0.060811077 0.13304786 -0.0030621433)
(-0.060357536 0.12791527 -0.0059264817)
(-0.058117074 0.12218359 -0.0082137903)
(-0.054566028 0.11598486 -0.009933556)
(-0.05013831 0.10946104 -0.011124402)
(-0.045211493 0.10275108 -0.011850434)
(-0.040097966 0.095986138 -0.012176303)
(-0.035036037 0.089250608 -0.012171902)
(-0.030208544 0.082613848 -0.011907548)
(-0.025733855 0.076164619 -0.011444998)
(-0.021680453 0.069946266 -0.010842524)
(-0.018079401 0.063989463 -0.010148687)
(-0.014931568 0.058314029 -0.0094023342)
(-0.012217544 0.052931085 -0.0086335959)
(-0.0099053015 0.047845215 -0.0078656)
(-0.0079563211 0.043056155 -0.0071138567)
(-0.0063286769 0.038559879 -0.0063889587)
(-0.0049814466 0.034350041 -0.0056977511)
(-0.003876209 0.030418468 -0.0050441244)
(-0.002977067 0.026755292 -0.0044304412)
(-0.0022521301 0.023349544 -0.0038576448)
(-0.0016733406 0.020189432 -0.0033256345)
(-0.001216333 0.017262586 -0.0028335581)
(-0.00086018481 0.014556277 -0.0023800204)
(-0.00058707815 0.012057613 -0.001963246)
(-0.00038195978 0.0097537164 -0.0015812023)
(-0.00023214617 0.0076318793 -0.0012317053)
(-0.00012708865 0.0056796929 -0.00091250102)
(-5.8101888e-05 0.0038851553 -0.00062133245)
(-1.8564211e-05 0.0022367525 -0.00035599032)
(-1.2262943e-06 0.00072351933 -0.00011446054)
(0.012665918 0.40907235 0.019361701)
(-0.026627748 0.24091203 0.0266774)
(-0.03087296 0.17211428 0.024380039)
(-0.043415832 0.15604039 0.018479868)
(-0.050759585 0.15435581 0.011792396)
(-0.055352684 0.15404605 0.0051051687)
(-0.057356612 0.15266166 -0.0011752271)
(-0.057284094 0.14984466 -0.0068158862)
(-0.055565851 0.14564671 -0.011661349)
(-0.052586588 0.14022367 -0.015649223)
(-0.048717068 0.13379346 -0.018761326)
(-0.044289577 0.12659636 -0.021017418)
(-0.039590356 0.11887245 -0.022475615)
(-0.034853317 0.11084531 -0.023215513)
(-0.030261634 0.10271433 -0.023336938)
(-0.025946213 0.094644043 -0.022949144)
(-0.021988097 0.086761379 -0.022162527)
(-0.018433484 0.079160787 -0.021080039)
(-0.015297151 0.071906337 -0.019792571)
(-0.0125702 0.065036853 -0.018376855)
(-0.010229863 0.058572578 -0.01689437)
(-0.0082449918 0.052519692 -0.015392611)
(-0.0065785632 0.046873725 -0.013907232)
(-0.0051928027 0.041623373 -0.012463452)
(-0.0040509136 0.036752897 -0.01107898)
(-0.0031184466 0.032243859 -0.0097652633)
(-0.0023640795 0.028076341 -0.008528958)
(-0.0017599237 0.0242298 -0.0073731465)
(-0.0012815358 0.02068365 -0.0062982924)
(-0.00090775853 0.017417655 -0.0053029756)
(-0.00062045707 0.014412197 -0.0043844647)
(-0.00040419766 0.011648452 -0.0035391543)
(-0.00024593664 0.0091084987 -0.0027629014)
(-0.00013473223 0.0067753841 -0.0020512782)
(-6.1715705e-05 0.0046331562 -0.0013997604)
(-1.9620195e-05 0.0026668695 -0.00080383977)
(-1.3202403e-06 0.00086257341 -0.00025923867)
(0.013140871 0.41295675 0.027880172)
(-0.024202495 0.24893141 0.038002853)
(-0.026463651 0.18190812 0.035789695)
(-0.038222731 0.1681585 0.028005898)
(-0.044932076 0.17029686 0.01900752)
(-0.049342696 0.17404414 0.0098827302)
(-0.051642896 0.1761847 0.0011598348)
(-0.052190193 0.1761175 -0.0068632865)
(-0.051279314 0.17388874 -0.013975066)
(-0.049221814 0.16968268 -0.02006238)
(-0.046282845 0.16376429 -0.025051135)
(-0.042713956 0.15643743 -0.028908559)
(-0.038750013 0.14802497 -0.031648384)
(-0.03460175 0.13885065 -0.033331556)
(-0.030448219 0.12922077 -0.03406055)
(-0.026432061 0.11940776 -0.033969999)
(-0.022658108 0.10963921 -0.033205082)
(-0.019195481 0.10009368 -0.031912904)
(-0.016082135 0.090902022 -0.03023173)
(-0.013330916 0.082152641 -0.028283745)
(-0.010935894 0.073898794 -0.02617106)
(-0.0088782027 0.066166314 -0.0239771)
(-0.0071309906 0.058960706 -0.021766603)
(-0.0056632899 0.052273177 -0.019587901)
(-0.0044428236 0.046085419 -0.017475679)
(-0.0034379587 0.040373221 -0.015453637)
(-0.0026189125 0.035109091 -0.01353687)
(-0.0019584383 0.030264092 -0.011733896)
(-0.0014321328 0.025809091 -0.010048304)
(-0.0010184891 0.02171557 -0.0084800892)
(-0.00069878687 0.017956139 -0.0070266895)
(-0.00045690015 0.014504829 -0.0056838034)
(-0.00027900617 0.011337246 -0.004446005)
(-0.00015343951 0.0084306227 -0.0033072109)
(-7.0485502e-05 0.0057638154 -0.0022610235)
(-2.2646755e-05 0.0033172538 -0.001300912)
(-1.5070581e-06 0.0010728714 -0.00042052183)
(0.014149079 0.41862405 0.034826256)
(-0.020933058 0.25984023 0.047650154)
(-0.020673203 0.19334976 0.045870953)
(-0.031563711 0.18070959 0.036496941)
(-0.037449796 0.1855524 0.025649662)
(-0.041582522 0.19243364 0.014627098)
(-0.044112109 0.19737843 0.0040153242)
(-0.045291555 0.1996352 -0.0058560052)
(-0.045305744 0.19925613 -0.014814168)
(-0.044329311 0.19646023 -0.022722095)
(-0.042518217 0.19150195 -0.029461146)
(-0.040032277 0.18465905 -0.034938678)
(-0.037038277 0.1762407 -0.039106003)
(-0.033705239 0.16658664 -0.041971622)
(-0.030195336 0.15605204 -0.043603797)
(-0.026654432 0.14498399 -0.044122044)
(-0.023204294 0.13369806 -0.043681424)
(-0.0199383 0.12246164 -0.042454758)
(-0.016921165 0.11148596 -0.040616309)
(-0.014191461 0.10092609 -0.038329268)
(-0.011765831 0.090886494 -0.035737803)
(-0.0096439644 0.081429498 -0.032963292)
(-0.0078134914 0.07258448 -0.030103735)
(-0.0062541899 0.064356472 -0.027235278)
(-0.0049413852 0.056733475 -0.024414901)
(-0.0038485038 0.049692261 -0.021683518)
(-0.0029488875 0.043202768 -0.019069042)
(-0.002216988 0.037231279 -0.016589153)
(-0.0016290917 0.031742647 -0.014253687)
(-0.001163691 0.026701777 -0.012066608)
(-0.00080162695 0.022074593 -0.0100276)
(-0.00052604399 0.017828609 -0.0081333283)
(-0.00032227385 0.013933247 -0.006378407)
(-0.00017771204 0.010359978 -0.0047561427)
(-8.194564e-05 0.0070823461 -0.0032590828)
(-2.6265997e-05 0.0040759219 -0.0018793574)
(-1.8053156e-06 0.0013182129 -0.00060909956)
(0.015157996 0.42573287 0.039668539)
(-0.017235057 0.27303013 0.055377585)
(-0.014038292 0.20561137 0.054409288)
(-0.024097785 0.19232546 0.043692512)
(-0.028948883 0.19804017 0.031546918)
(-0.032676062 0.20655288 0.019222201)
(-0.035316562 0.21320947 0.007329737)
(-0.037010092 0.21712347 -0.0038473713)
(-0.037845167 0.21836523 -0.014174193)
(-0.037891598 0.21715395 -0.023533223)
(-0.037208552 0.2136691 -0.031789031)
(-0.035867557 0.2080679 -0.038800184)
(-0.033960938 0.20053711 -0.044449289)
(-0.031601831 0.19132832 -0.048671138)
(-0.028917489 0.1807616 -0.051468678)
(-0.02603891 0.16920271 -0.052914127)
(-0.023089949 0.15702764 -0.053137775)
(-0.020178475 0.14458802 -0.052309734)
(-0.017390956 0.13218629 -0.050619738)
(-0.014790555 0.12006305 -0.048259137)
(-0.012418112 0.10839543 -0.045407364)
(-0.010294944 0.097302757 -0.042223263)
(-0.0084267422 0.086856109 -0.038840901)
(-0.0068075846 0.077088887 -0.03536891)
(-0.0054235977 0.068006752 -0.031892095)
(-0.0042560005 0.059596053 -0.028474257)
(-0.0032834795 0.051830497 -0.025161485)
(-0.0024839251 0.044676164 -0.021985448)
(-0.001835633 0.038095131 -0.018966408)
(-0.0013180799 0.032047974 -0.016115833)
(-0.00091236132 0.026495442 -0.013438586)
(-0.000601414 0.021399513 -0.010934693)
(-0.00037002762 0.016724025 -0.0086007488)
(-0.00020492832 0.012435015 -0.0064309976)
(-9.4822242e-05 0.008500852 -0.0044181612)
(-3.0679986e-05 0.0048922544 -0.0025540495)
(-2.1225906e-06 0.0015822215 -0.00083012455)
(0.016146289 0.43371536 0.042127035)
(-0.013751896 0.28776647 0.06114513)
(-0.0069371838 0.21834103 0.061009654)
(-0.016406101 0.20266392 0.049406555)
(-0.01995643 0.20730254 0.036559622)
(-0.0231718 0.21590424 0.023454583)
(-0.025754944 0.22321041 0.010812795)
(-0.027747894 0.22813935 -0.0011387686)
(-0.029173675 0.23074081 -0.012343354)
(-0.030033374 0.23120132 -0.022724348)
(-0.030317767 0.22959487 -0.032156988)
(-0.030029944 0.225907 -0.040475264)
(-0.029195927 0.22012496 -0.047507763)
(-0.027869055 0.21231812 -0.053116534)
(-0.026128201 0.20267734 -0.057225981)
(-0.02407098 0.19150954 -0.059836527)
(-0.021803954 0.17920005 -0.061023089)
(-0.019432256 0.16616183 -0.060921809)
(-0.01705095 0.15278863 -0.059710082)
(-0.014739382 0.13942196 -0.05758525)
(-0.012558455 0.12633447 -0.054747629)
(-0.010549986 0.11372711 -0.051386121)
(-0.0087386724 0.10173528 -0.047668232)
(-0.007135093 0.090439767 -0.043736139)
(-0.0057389264 0.079878836 -0.03970594)
(-0.0045420091 0.070059616 -0.035669067)
(-0.0035309968 0.060967643 -0.031695009)
(-0.0026895215 0.052574404 -0.027834575)
(-0.0019998242 0.044842969 -0.02412323)
(-0.0014439357 0.03773202 -0.020584201)
(-0.0010044705 0.031198637 -0.0172312)
(-0.00066510904 0.025200129 -0.014070724)
(-0.00041088589 0.01969519 -0.011103927)
(-0.00022837951 0.014644583 -0.0083281173)
(-0.00010611862 0.010011491 -0.0057379137)
(-3.438011e-05 0.0057616587 -0.0033261117)
(-2.4346233e-06 0.0018634001 -0.0010844718)
(0.0171163 0.44154639 0.042593403)
(-0.010450873 0.3028384 0.065173211)
(-0.00029605226 0.23148114 0.065403519)
(-0.0088990586 0.21213116 0.053601136)
(-0.010848226 0.21399921 0.040553766)
(-0.013483412 0.22131288 0.027104517)
(-0.015818756 0.22832039 0.014158638)
(-0.017870247 0.23365313 0.0018767169)
(-0.019616084 0.23726345 -0.0097605552)
(-0.021010941 0.23927576 -0.020732658)
(-0.022009009 0.23966998 -0.030943914)
(-0.022571106 0.23826964 -0.040228604)
(-0.022676531 0.23484498 -0.048387968)
(-0.022328487 0.22922937 -0.055232643)
(-0.021556039 0.22140286 -0.060618575)
(-0.020412601 0.21152343 -0.06447062)
(-0.018970761 0.19990738 -0.066792069)
(-0.017313727 0.18697564 -0.06766101)
(-0.015525823 0.17318851 -0.067215961)
(-0.013691746 0.1589877 -0.065630983)
(-0.011877337 0.1447568 -0.063104559)
(-0.010141689 0.13080188 -0.059841445)
(-0.0085246593 0.11734792 -0.056031472)
(-0.0070527018 0.10454624 -0.051844863)
(-0.0057401838 0.092487015 -0.047427688)
(-0.0045915456 0.081213144 -0.042900493)
(-0.0036037691 0.070733022 -0.038359333)
(-0.0027686515 0.061031287 -0.033878213)
(-0.0020746839 0.052077205 -0.029512164)
(-0.0015085262 0.043830903 -0.025300455)
(-0.0010561029 0.036247809 -0.02126963)
(-0.00070338773 0.02928168 -0.017436222)
(-0.00043688062 0.022886589 -0.013809055)
(-0.00024409326 0.017018171 -0.010391148)
(-0.00011392949 0.01163434 -0.0071812437)
(-3.7239891e-05 0.0066956553 -0.0041749361)
(-2.6609407e-06 0.0021654692 -0.0013657394)
(0.017709572 0.4493383 0.041459505)
(-0.0070059168 0.31836105 0.067257052)
(0.0052959742 0.24562407 0.066827334)
(-0.0012668438 0.22160966 0.05643579)
(-0.0017997178 0.2194076 0.043297157)
(-0.0038001785 0.22428117 0.029932256)
(-0.0056996813 0.23016142 0.017074569)
(-0.0075793677 0.23531776 0.0048243553)
(-0.0093848582 0.239505 -0.0068778881)
(-0.011040945 0.24275088 -0.018059726)
(-0.012477484 0.24496016 -0.028656137)
(-0.0136365 0.24584266 -0.038515371)
(-0.014473855 0.24499413 -0.047436066)
(-0.014961065 0.24202064 -0.055207849)
(-0.015087579 0.23665498 -0.061646606)
(-0.014863124 0.22883261 -0.066620452)
(-0.014318838 0.21871144 -0.070065425)
(-0.01350327 0.20663846 -0.0719915)
(-0.012455479 0.19308224 -0.072482947)
(-0.011317701 0.17855626 -0.071675647)
(-0.01004717 0.16355135 -0.069731944)
(-0.0087665904 0.1484918 -0.066849503)
(-0.0075129288 0.13371415 -0.06322079)
(-0.0063239246 0.11946471 -0.059032871)
(-0.0052269733 0.10590823 -0.054454468)
(-0.0042389501 0.09314228 -0.049631251)
(-0.0033681262 0.081212738 -0.044684719)
(-0.0026161231 0.070128073 -0.039713027)
(-0.0019796643 0.059871162 -0.034793057)
(-0.0014520846 0.050408463 -0.029983137)
(-0.0010245896 0.041696788 -0.025325972)
(-0.00068721284 0.03368809 -0.020851467)
(-0.00042954886 0.026332699 -0.016579286)
(-0.00024136251 0.01958144 -0.012521065)
(-0.00011336579 0.01338693 -0.0086822603)
(-3.7187748e-05 0.0077043237 -0.005063585)
(-2.7515138e-06 0.0024916864 -0.0016623485)
(0.018049801 0.4569477 0.039035541)
(-0.0037812968 0.33486594 0.066878676)
(0.0099953737 0.26179336 0.066002116)
(0.0065418488 0.2322897 0.05752362)
(0.0068764204 0.22512855 0.044740182)
(0.0059744679 0.22666661 0.031801632)
(0.0046958716 0.23073407 0.01933236)
(0.0031778006 0.23519716 0.0073963497)
(0.0015358069 0.23952429 -0.0040867899)
(-0.00013642263 0.24358612 -0.015167492)
(-0.0017615931 0.24720729 -0.025798212)
(-0.0032779925 0.25003169 -0.035841638)
(-0.0046344709 0.25155614 -0.045107273)
(-0.0057877621 0.25122828 -0.053389663)
(-0.0067020612 0.24856454 -0.060498604)
(-0.0073507632 0.24325644 -0.066280461)
(-0.0077221541 0.23523749 -0.07063234)
(-0.0078406392 0.22469349 -0.07350947)
(-0.0076915118 0.21201779 -0.074914358)
(-0.0072946361 0.19773257 -0.074962373)
(-0.0067720094 0.18240206 -0.073782781)
(-0.0061511631 0.16656131 -0.071500853)
(-0.0054488343 0.15066941 -0.068304988)
(-0.0047213264 0.1350875 -0.06438131)
(-0.0040032738 0.12007715 -0.059905464)
(-0.0033200326 0.10581124 -0.055036757)
(-0.0026902692 0.092390412 -0.049914937)
(-0.0021260058 0.079860286 -0.044658473)
(-0.001633498 0.068227033 -0.039364718)
(-0.0012144694 0.057470104 -0.034111397)
(-0.00086729123 0.047552037 -0.028958799)
(-0.00058800909 0.03842562 -0.023952268)
(-0.00037113543 0.030038909 -0.019124672)
(-0.00021043838 0.022338602 -0.014498699)
(-9.9636995e-05 0.015272212 -0.010088876)
(-3.3111769e-05 0.0087893794 -0.0059032855)
(-2.4926622e-06 0.0028426086 -0.0019451187)
(0.018495577 0.46452312 0.035534135)
(-0.00090263363 0.35239811 0.063669812)
(0.014550197 0.28013832 0.063887362)
(0.014169243 0.24565882 0.056434694)
(0.015623745 0.23315315 0.044687297)
(0.016042968 0.23076427 0.032499738)
(0.015649557 0.23248588 0.020665458)
(0.014734974 0.2358084 0.0092738652)
(0.013486744 0.23987315 -0.001751689)
(0.012016196 0.24430618 -0.01246078)
(0.010405706 0.24881249 -0.022805668)
(0.0087181859 0.2529895 -0.032656111)
(0.0070087819 0.25630815 -0.041835954)
(0.0053306834 0.25815966 -0.050159862)
(0.0037362449 0.25793748 -0.057458748)
(0.0022740319 0.25513849 -0.063593269)
(0.00098648234 0.24946003 -0.0684605)
(-6.542893e-05 0.24086259 -0.071999006)
(-0.00090642879 0.22957563 -0.074188194)
(-0.0015315319 0.21604599 -0.075024587)
(-0.0019584293 0.20085021 -0.074565231)
(-0.0021305758 0.18459997 -0.072973294)
(-0.0021745032 0.16786558 -0.070387158)
(-0.0020892361 0.15112854 -0.066959688)
(-0.001923232 0.13476246 -0.062848597)
(-0.0017033418 0.11903409 -0.058211357)
(-0.0014563473 0.10411644 -0.053193001)
(-0.001203413 0.090107101 -0.047922794)
(-0.00096007622 0.077046901 -0.042512175)
(-0.00073704825 0.064936465 -0.037054393)
(-0.00054107862 0.053749596 -0.031625387)
(-0.00037575092 0.043443446 -0.026285394)
(-0.00024223445 0.033965876 -0.021080905)
(-0.00013997958 0.025260554 -0.016046691)
(-6.7536668e-05 0.017270336 -0.011207739)
(-2.2877233e-05 0.0099394067 -0.0065809661)
(-1.8570607e-06 0.0032145448 -0.0021768752)
(0.019064299 0.47207868 0.031159882)
(0.0011086708 0.37106426 0.057928396)
(0.019067488 0.30130999 0.059674597)
(0.021801477 0.26330941 0.053229752)
(0.024919586 0.24589905 0.042796197)
(0.026949789 0.23948149 0.031655611)
(0.027790841 0.2385364 0.020711097)
(0.027779935 0.24037951 0.010104502)
(0.027153247 0.24376144 -0.00020884541)
(0.026055101 0.24804758 -0.010258478)
(0.024577937 0.25277737 -0.01997701)
(0.022792446 0.2574972 -0.029235409)
(0.020768659 0.26170162 -0.037874621)
(0.01858019 0.26482313 -0.045738069)
(0.016303659 0.26625337 -0.052692073)
(0.014017032 0.26540161 -0.058631093)
(0.01179686 0.26178753 -0.063474275)
(0.0097114226 0.25514092 -0.067162607)
(0.0077928514 0.24546653 -0.069666618)
(0.006125045 0.23304675 -0.071003745)
(0.004701795 0.21838146 -0.071217006)
(0.0035126727 0.2020911 -0.070344989)
(0.0025446824 0.18481881 -0.068472595)
(0.0017862675 0.16715364 -0.065710331)
(0.0012200945 0.14958467 -0.062195163)
(0.00079615438 0.13248437 -0.058065967)
(0.00049318965 0.11611277 -0.053458313)
(0.00028504539 0.10063334 -0.048499127)
(0.00014841543 0.086133257 -0.043302963)
(6.4004785e-05 0.072643196 -0.037970028)
(1.6334525e-05 0.06015454 -0.032585601)
(-6.7298585e-06 0.048633013 -0.027220453)
(-1.439404e-05 0.0380289 -0.021931909)
(-1.347232e-05 0.028284326 -0.016765264)
(-8.7904529e-06 0.019338233 -0.011755311)
(-3.9483445e-06 0.011129604 -0.0069277818)
(-5.1310687e-07 0.0035994717 -0.0023009204)
(0.019560069 0.47981419 0.026173936)
(0.0025317905 0.39138156 0.050016845)
(0.023534373 0.32656294 0.052704269)
(0.02994455 0.28748209 0.047486123)
(0.035466482 0.26662869 0.038561111)
(0.039607188 0.25674349 0.028753233)
(0.042112742 0.25311026 0.019003651)
(0.043308158 0.2530583 0.009499341)
(0.043462942 0.25511413 0.00024366461)
(0.04278582 0.25843595 -0.0087419824)
(0.041405343 0.26240477 -0.017381163)
(0.039422643 0.26653275 -0.025555506)
(0.036949174 0.27037494 -0.033132952)
(0.034103766 0.27347355 -0.039995688)
(0.031005518 0.27531863 -0.046055485)
(0.027769476 0.2753455 -0.051254344)
(0.024503465 0.27299074 -0.055556066)
(0.02130439 0.26779882 -0.0589363)
(0.018252725 0.25953557 -0.061374069)
(0.015412438 0.24825829 -0.062856199)
(0.012827511 0.23430825 -0.063384336)
(0.010523747 0.21823633 -0.062984681)
(0.0085179646 0.20069821 -0.061709613)
(0.0067846039 0.18235252 -0.059634895)
(0.0053267848 0.16378615 -0.056845435)
(0.0041153366 0.14547398 -0.053442308)
(0.0031234596 0.12776779 -0.049533665)
(0.0023234845 0.11090495 -0.045227358)
(0.0016880985 0.095027238 -0.040626039)
(0.0011916751 0.080202594 -0.035823869)
(0.00081103943 0.06644557 -0.03090458)
(0.00052576724 0.053734495 -0.025940636)
(0.00031818591 0.0420248 -0.020993217)
(0.00017331796 0.031258813 -0.016112771)
(7.8812177e-05 0.021372598 -0.011339883)
(2.4883454e-05 0.012300523 -0.0067062511)
(1.5722732e-06 0.0039781649 -0.0022359189)
(0.020192235 0.48821696 0.020527939)
(0.0046923375 0.4148759 0.039857472)
(0.029100707 0.35840943 0.042398913)
(0.03987239 0.32146277 0.038469696)
(0.048502204 0.29930602 0.031313443)
(0.055191198 0.28684871 0.023229825)
(0.059619683 0.28042215 0.015129138)
(0.062075997 0.2777018 0.00723907)
(0.062920109 0.27726089 -0.00040521516)
(0.062447991 0.27822095 -0.00773299)
(0.060852334 0.279931 -0.014682295)
(0.05832455 0.28193764 -0.021166414)
(0.055057217 0.28388899 -0.027096407)
(0.051239596 0.28545858 -0.032401293)
(0.047049224 0.28627056 -0.037038354)
(0.042646077 0.28584762 -0.040991175)
(0.038170358 0.28361972 -0.044260514)
(0.033739219 0.27900973 -0.046846487)
(0.029452567 0.27157572 -0.048751902)
(0.025390532 0.26113624 -0.049979165)
(0.021613381 0.24782332 -0.050524658)
(0.018162723 0.23205244 -0.05039094)
(0.015062259 0.21442782 -0.049593667)
(0.012319446 0.19562667 -0.048166393)
(0.0099285674 0.17629911 -0.046159104)
(0.0078741737 0.15700227 -0.043634585)
(0.0061339462 0.13817022 -0.040665313)
(0.004681187 0.12011149 -0.037328788)
(0.0034869496 0.10302326 -0.033703135)
(0.0025217359 0.087013001 -0.029863565)
(0.0017567448 0.072121037 -0.025879838)
(0.0011646783 0.058340669 -0.021814676)
(0.00072026877 0.045634433 -0.017722959)
(0.0004006885 0.033946386 -0.013651526)
(0.00018629596 0.023210894 -0.0096393862)
(6.0354455e-05 0.013358611 -0.0057181832)
(4.2509497e-06 0.0043203688 -0.0019129693)
(0.021224262 0.49692881 0.013611782)
(0.0086175252 0.44102817 0.026605782)
(0.03652302 0.39616613 0.028149038)
(0.052028841 0.36429314 0.025458197)
(0.063960648 0.34270313 0.020466666)
(0.073084304 0.32828245 0.014753637)
(0.079150249 0.3186524 0.0090380657)
(0.082453142 0.31219256 0.0035304144)
(0.083506771 0.30785892 -0.0016845103)
(0.082729057 0.30492698 -0.0065821238)
(0.080428319 0.30289711 -0.011120418)
(0.076922272 0.30142838 -0.01525583)
(0.072506928 0.30027148 -0.018961134)
(0.067449464 0.299198 -0.022210608)
(0.061984182 0.29792667 -0.024999099)
(0.056310236 0.29604957 -0.0273364)
(0.0505913 0.29300762 -0.029240999)
(0.044959222 0.28815209 -0.03073287)
(0.039518693 0.28088481 -0.031827383)
(0.034350829 0.27081845 -0.032530244)
(0.029516723 0.25788326 -0.03284043)
(0.025060075 0.24233926 -0.032755197)
(0.021008729 0.2247026 -0.032275747)
(0.017376103 0.20562747 -0.031411537)
(0.014162928 0.18578896 -0.030182295)
(0.011359323 0.16579574 -0.028617871)
(0.0089470077 0.14614173 -0.026756444)
(0.0069014672 0.12719138 -0.024641855)
(0.0051939652 0.1091878 -0.022320757)
(0.003793318 0.092272517 -0.019840038)
(0.0026673763 0.076508852 -0.017244769)
(0.001784173 0.061904049 -0.01457673)
(0.0011127689 0.048427769 -0.011873469)
(0.00062417796 0.036026432 -0.0091678308)
(0.00029260937 0.02463366 -0.0064878091)
(9.5921532e-05 0.014177506 -0.0038566263)
(6.9995187e-06 0.0045852102 -0.0012931346)
(0.022189207 0.50323351 0.0049067418)
(0.012515589 0.46110488 0.0095257292)
(0.043026647 0.4260999 0.0097138585)
(0.06198332 0.39906025 0.0082929827)
(0.076168854 0.37840187 0.0060217792)
(0.086721668 0.36246435 0.0035359295)
(0.093565019 0.34998998 0.0011541718)
(0.09711478 0.34008115 -0.0010262387)
(0.097958839 0.33210177 -0.0029695955)
(0.096605276 0.32559394 -0.0046893635)
(0.093511529 0.32022474 -0.0061756774)
(0.089089059 0.31574887 -0.0074400696)
(0.083705943 0.31196784 -0.0084977231)
(0.077676486 0.30868166 -0.0093625757)
(0.071265497 0.30564943 -0.010050695)
(0.06469325 0.30246867 -0.010580383)
(0.058131405 0.2985653 -0.010970074)
(0.051712742 0.29325263 -0.011236922)
(0.045539347 0.28584499 -0.011392899)
(0.03968729 0.27583651 -0.011444314)
(0.034212859 0.26303378 -0.011392545)
(0.029156192 0.24759387 -0.011236085)
(0.024543388 0.22996598 -0.010973111)
(0.020387988 0.21077558 -0.010603595)
(0.016692142 0.19069959 -0.010130685)
(0.013447924 0.17036757 -0.0095611122)
(0.010638896 0.15030242 -0.0089048402)
(0.0082417983 0.13089792 -0.0081742574)
(0.0062282854 0.11242233 -0.0073831882)
(0.0045666017 0.095036459 -0.0065459427)
(0.0032230965 0.078817047 -0.0056765231)
(0.0021634722 0.063779705 -0.0047880393)
(0.0013538375 0.049898584 -0.0038923244)
(0.00076181964 0.037121828 -0.0029997268)
(0.00035836258 0.025382949 -0.0021190327)
(0.00011788579 0.014608768 -0.0012574299)
(8.7556658e-06 0.0047246853 -0.0004207248)
(0.02221303 0.50365886 -0.0047700024)
(0.012572077 0.4622642 -0.0096113175)
(0.043050167 0.42739859 -0.010824143)
(0.061885776 0.39995782 -0.01089633)
(0.075908619 0.37862182 -0.010108334)
(0.086278565 0.36195919 -0.0088652129)
(0.092939372 0.34884749 -0.0073944105)
(0.09631176 0.33845271 -0.0057792511)
(0.097002604 0.33015345 -0.004071463)
(0.095571495 0.3234785 -0.0022991163)
(0.092463236 0.31805182 -0.00049783622)
(0.088045622 0.31362601 0.001284168)
(0.082679968 0.3099727 0.0030004494)
(0.076686025 0.30686238 0.004611708)
(0.07032766 0.30400995 0.0060881395)
(0.063819021 0.30099182 0.0074088003)
(0.057325505 0.29721826 0.0085612458)
(0.050976284 0.29200522 0.009539385)
(0.044872509 0.28466897 0.010339706)
(0.039089078 0.27471207 0.010959428)
(0.03368138 0.26195232 0.01139605)
(0.028689058 0.24655682 0.011648169)
(0.02413785 0.22898139 0.011716874)
(0.020040757 0.20985406 0.011606718)
(0.016399363 0.18985108 0.011326116)
(0.013205273 0.16959934 0.010887191)
(0.010441681 0.14961842 0.010305153)
(0.0080850799 0.13029889 0.0095974514)
(0.0061069978 0.11190643 0.0087828491)
(0.0044756829 0.094600051 0.0078805518)
(0.0031576007 0.078455366 0.0069094604)
(0.002118685 0.063487452 0.0058875753)
(0.0013253378 0.049670337 0.0048315636)
(0.00074556282 0.036952313 0.0037564755)
(0.00035054655 0.025267203 0.0026755861)
(0.00011536316 0.014542218 0.0016003784)
(8.5319957e-06 0.0047031717 0.00054044998)
(0.021184663 0.49792356 -0.013475984)
(0.0084510752 0.44357684 -0.026682132)
(0.036215052 0.39877192 -0.029122505)
(0.051370221 0.36574321 -0.027828127)
(0.062949401 0.34247408 -0.02421946)
(0.071688656 0.32636734 -0.019670473)
(0.077374139 0.31530865 -0.014838218)
(0.080361798 0.30778064 -0.0099274752)
(0.081155362 0.30272643 -0.005004778)
(0.080172062 0.29939375 -0.00012487639)
(0.077761874 0.29726578 0.004618056)
(0.074230301 0.29593974 0.0091607774)
(0.069860578 0.2950869 0.013416491)
(0.064902206 0.29440404 0.017309927)
(0.059571542 0.29354443 0.020799703)
(0.054054477 0.29204555 0.023855756)
(0.04850551 0.28931357 0.026462591)
(0.04305008 0.28468829 0.028614765)
(0.037788405 0.27758318 0.030309453)
(0.032798436 0.26763776 0.031541449)
(0.028138877 0.25481305 0.032305136)
(0.023851391 0.2393941 0.032598221)
(0.019961931 0.22191136 0.032425841)
(0.016482156 0.20302244 0.031803372)
(0.013411252 0.18339782 0.030757207)
(0.010738085 0.16363731 0.029323749)
(0.0084434558 0.1442249 0.027547174)
(0.0065023025 0.12551618 0.025476662)
(0.0048857048 0.10774742 0.023163622)
(0.003562634 0.091055479 0.020659273)
(0.002501395 0.075501017 0.018012708)
(0.0016707031 0.061090097 0.015269506)
(0.0010405111 0.047792271 0.012470832)
(0.0005827976 0.035554534 0.0096529597)
(0.00027283311 0.024311467 0.0068471087)
(8.9203815e-05 0.013992259 0.0040795034)
(6.4740184e-06 0.0045253261 0.0013715313)
(0.019927647 0.48935756 -0.02019908)
(0.0039630939 0.41756754 -0.039636986)
(0.028128677 0.36063104 -0.043018492)
(0.038412202 0.32187569 -0.040456037)
(0.046743869 0.29755578 -0.034602955)
(0.053131632 0.28315514 -0.027618059)
(0.05724801 0.27521253 -0.020373513)
(0.059421352 0.27142542 -0.013092535)
(0.060033367 0.2703143 -0.0058339184)
(0.059347578 0.27091167 0.001347378)
(0.057620388 0.27257107 0.0083588299)
(0.055059004 0.27476333 0.015092085)
(0.051836755 0.27706089 0.021423771)
(0.048121781 0.27905842 0.027239991)
(0.044076622 0.28030536 0.032457398)
(0.039849843 0.28026483 0.037020892)
(0.03557221 0.2783343 0.04089666)
(0.031353619 0.27393644 0.044057062)
(0.027288014 0.26665576 0.046485047)
(0.023450486 0.25635039 0.04817139)
(0.019896666 0.24319014 0.04910884)
(0.016663865 0.22761592 0.0493024)
(0.013771878 0.21024164 0.048774169)
(0.01122498 0.19174072 0.047565435)
(0.0090150813 0.17275108 0.045733991)
(0.0071250312 0.15381442 0.043349996)
(0.0055314744 0.13534993 0.040492022)
(0.0042073145 0.11765385 0.037242329)
(0.0031237655 0.10091452 0.033682691)
(0.0022519425 0.085233779 0.029891139)
(0.0015639938 0.070648978 0.025939698)
(0.0010338267 0.05715241 0.021892992)
(0.00063751742 0.044706929 0.017807581)
(0.0003536743 0.033257719 0.013731842)
(0.00016392142 0.022740703 0.0097062215)
(5.2968833e-05 0.013088264 0.0057637471)
(3.6681172e-06 0.0042329741 0.001930583)
(0.019057864 0.48105631 -0.025410589)
(0.0014479787 0.39418139 -0.049228765)
(0.02219743 0.32830015 -0.052891605)
(0.028123161 0.28673344 -0.049154735)
(0.03352709 0.26334234 -0.041552695)
(0.037539101 0.25148894 -0.032822956)
(0.039881122 0.24653495 -0.023899154)
(0.040897546 0.24568383 -0.014995257)
(0.0408959 0.24731993 -0.0061454699)
(0.040073039 0.25047569 0.0026191999)
(0.038582837 0.2544932 0.011224564)
(0.036548951 0.25882643 0.019530021)
(0.034083298 0.26297098 0.027378285)
(0.031297542 0.26640621 0.034620537)
(0.028302951 0.26856471 0.041132654)
(0.025206852 0.26884347 0.04681935)
(0.022109377 0.26667007 0.051610127)
(0.019099988 0.26160911 0.055452912)
(0.016252423 0.25346502 0.0583085)
(0.013624452 0.24233608 0.060158289)
(0.011253826 0.22859375 0.061003936)
(0.0091611733 0.21280197 0.060876047)
(0.007352516 0.19561321 0.059835888)
(0.0058077908 0.17767159 0.057964634)
(0.004519979 0.15954449 0.055356504)
(0.003460571 0.14168711 0.052119121)
(0.0026022999 0.1244345 0.048364823)
(0.0019176012 0.1080115 0.04420399)
(0.0013798866 0.092551565 0.0397406)
(0.00096465573 0.078117892 0.035069341)
(0.00065009434 0.064723023 0.030274019)
(0.00041724193 0.052345173 0.025426968)
(0.00024995201 0.040940861 0.020589201)
(0.00013470437 0.030454184 0.015811049)
(6.0588734e-05 0.020823286 0.011133082)
(1.8767034e-05 0.011984693 0.0065871861)
(1.1264927e-06 0.0038760678 0.0021975534)
(0.018377812 0.47364785 -0.029810893)
(-0.00014349436 0.37451402 -0.056532489)
(0.017856753 0.30305828 -0.059561076)
(0.020214716 0.26168366 -0.054762137)
(0.023410213 0.24121608 -0.045695602)
(0.025461877 0.23276627 -0.035614762)
(0.026271859 0.23072274 -0.025448992)
(0.026189371 0.23208224 -0.015396162)
(0.02546894 0.23534048 -0.0054596425)
(0.024268391 0.23969741 0.0043584305)
(0.022698616 0.24460454 0.013993065)
(0.020848557 0.24955675 0.023306234)
(0.018797349 0.25400798 0.032121513)
(0.016621398 0.25735507 0.04025689)
(0.014396795 0.25896541 0.047547268)
(0.012198291 0.25824435 0.053854687)
(0.010096239 0.25473061 0.059070516)
(0.0081516022 0.24818897 0.063115953)
(0.0064046065 0.23866206 0.065945665)
(0.0048811254 0.22646086 0.06756125)
(0.0036363999 0.21209735 0.06801818)
(0.0025961269 0.19618808 0.067370591)
(0.0017774971 0.1793603 0.065708327)
(0.0011578202 0.16218145 0.063151539)
(0.00070822076 0.1451186 0.059840033)
(0.00038846323 0.12852515 0.055914966)
(0.00017465448 0.1126466 0.051512741)
(4.1325767e-05 0.097636609 0.046759835)
(-3.3562764e-05 0.083576545 0.041769546)
(-6.7897116e-05 0.070494466 0.036640442)
(-7.5739246e-05 0.058381349 0.031456097)
(-6.7871794e-05 0.047203957 0.026285724)
(-5.2252359e-05 0.036914446 0.021185341)
(-3.4530785e-05 0.027457221 0.016199232)
(-1.8631523e-05 0.018773623 0.01136147)
(-7.0634824e-06 0.010804983 0.0066974528)
(-7.5102424e-07 0.0034945335 0.0022251822)
(0.017710939 0.46669733 -0.033545133)
(-0.0020502564 0.35690526 -0.061903684)
(0.01384399 0.28208812 -0.063748871)
(0.013256643 0.24309985 -0.058032365)
(0.014957973 0.22693718 -0.047663549)
(0.015509006 0.22245458 -0.036504129)
(0.015182362 0.22329467 -0.025385624)
(0.014272475 0.22646151 -0.0144852)
(0.012977676 0.23069085 -0.0037888341)
(0.011432803 0.23541248 0.0067174019)
(0.0097375963 0.24022232 0.016977523)
(0.0079717074 0.24467379 0.026853436)
(0.0062029479 0.24821924 0.036154472)
(0.0044924637 0.2502457 0.04467352)
(0.002896489 0.25015661 0.052215257)
(0.0014642956 0.24747311 0.058614086)
(0.00023446003 0.24192672 0.063746471)
(-0.00076221856 0.23351198 0.067537744)
(-0.0014980493 0.22248228 0.069963446)
(-0.0020275316 0.20929316 0.071042013)
(-0.0023646615 0.19451468 0.070821711)
(-0.0024725563 0.17874162 0.069453458)
(-0.0024408092 0.16252268 0.067090984)
(-0.0022983532 0.14631774 0.063892151)
(-0.002083531 0.13048166 0.060017722)
(-0.0018238368 0.1152669 0.055624185)
(-0.0015451671 0.10083683 0.050854713)
(-0.0012675093 0.087283395 0.045835957)
(-0.0010052215 0.074644992 0.040676451)
(-0.0007679384 0.062922029 0.035466645)
(-0.00056146076 0.052089544 0.030280015)
(-0.00038857679 0.042106764 0.025174796)
(-0.00024977587 0.032924019 0.020195964)
(-0.00014399093 0.024487556 0.015377235)
(-6.9276396e-05 0.016742738 0.010742935)
(-2.3460449e-05 0.0096360833 0.0063097063)
(-1.8751174e-06 0.0031164932 0.002087866)
(0.017069233 0.45997343 -0.036487368)
(-0.0043328918 0.34063218 -0.065079643)
(0.0098545603 0.26388793 -0.066043431)
(0.0066321273 0.22858305 -0.059404538)
(0.0073618529 0.21723485 -0.047955727)
(0.0066713853 0.21670688 -0.035978294)
(0.0055313552 0.22015552 -0.024140405)
(0.0040650876 0.22474136 -0.01261469)
(0.002403973 0.22947628 -0.0013919288)
(0.00066595817 0.23400285 0.0095420743)
(-0.0010493286 0.23804293 0.020120149)
(-0.0026658978 0.24121304 0.030194314)
(-0.0041187603 0.24301486 0.039560557)
(-0.0053547984 0.24291693 0.047996009)
(-0.006333669 0.24046549 0.055291902)
(-0.007028987 0.23538489 0.061278598)
(-0.0074315044 0.22763751 0.065842562)
(-0.0075609519 0.21742777 0.068935238)
(-0.0074433445 0.20515456 0.070568791)
(-0.0070634817 0.19133294 0.070835462)
(-0.0065550854 0.1765115 0.069880537)
(-0.0059351277 0.16120538 0.06783883)
(-0.0052563993 0.14585414 0.064891052)
(-0.0045481781 0.13080253 0.061224383)
(-0.003850944 0.11630004 0.05701313)
(-0.0031895802 0.10251175 0.052414083)
(-0.0025815308 0.089534139 0.04756374)
(-0.0020378725 0.07741146 0.04257713)
(-0.0015642262 0.066150458 0.037548383)
(-0.0011619048 0.055732381 0.03255247)
(-0.00082905695 0.04612223 0.027647519)
(-0.00056164128 0.037275532 0.022877313)
(-0.00035422657 0.029143095 0.018273722)
(-0.00020068594 0.021674236 0.013858907)
(-9.498259e-05 0.014818865 0.0096472491)
(-3.147545e-05 0.0085287751 0.0056470077)
(-2.3746131e-06 0.0027583704 0.0018615692)
(0.01671008 0.45339191 -0.038574211)
(-0.0065467114 0.32546532 -0.065888736)
(0.0060836645 0.24774298 -0.067086091)
(0.00018352933 0.21665946 -0.058839585)
(0.00017017962 0.20992458 -0.046943962)
(-0.0015906336 0.21288834 -0.034397211)
(-0.0033029577 0.21842896 -0.022050997)
(-0.0051103146 0.2239578 -0.010105328)
(-0.0069288154 0.22874708 0.0014304002)
(-0.0086647702 0.23260497 0.012545451)
(-0.010227891 0.23536019 0.023150624)
(-0.011539263 0.23671415 0.033080553)
(-0.012540073 0.23628212 0.042121393)
(-0.013191829 0.23369877 0.050049967)
(-0.013478296 0.22872516 0.056670634)
(-0.013406825 0.22131893 0.061843028)
(-0.013007691 0.21165052 0.065498312)
(-0.012329408 0.20006881 0.067644129)
(-0.011420574 0.187035 0.068361543)
(-0.010391538 0.17304909 0.067790134)
(-0.0092552899 0.15858669 0.066095434)
(-0.0080802204 0.14405768 0.063469959)
(-0.0069313786 0.12978714 0.060107083)
(-0.0058380668 0.11601335 0.056189564)
(-0.0048272179 0.10289656 0.051882886)
(-0.0039156752 0.090532695 0.04732939)
(-0.0031117246 0.078968147 0.04264728)
(-0.0024171947 0.068213278 0.037931732)
(-0.0018292406 0.058253665 0.033257177)
(-0.0013418077 0.049058826 0.028680111)
(-0.0009468177 0.040588682 0.024242036)
(-0.00063509262 0.032798147 0.019972228)
(-0.00039701324 0.025640265 0.015890201)
(-0.00022314044 0.019068278 0.01200782)
(-0.00010477871 0.013036919 0.0083310495)
(-3.4468164e-05 0.0075031729 0.0048614208)
(-2.5298746e-06 0.0024266731 0.0015970576)
(0.016578909 0.44678103 -0.03970509)
(-0.0090519742 0.31124398 -0.06465388)
(0.0020188437 0.23322914 -0.066570841)
(-0.0060361997 0.20610335 -0.056684064)
(-0.0071103324 0.20337502 -0.044772263)
(-0.0094350118 0.20906875 -0.031957121)
(-0.011568246 0.2160449 -0.019360941)
(-0.01355185 0.22198186 -0.0072369036)
(-0.015345878 0.22636846 0.0043626799)
(-0.016881736 0.22914778 0.015380727)
(-0.018086454 0.23025164 0.025700258)
(-0.018899376 0.22950684 0.035140051)
(-0.019282875 0.22670175 0.043489269)
(-0.019227042 0.22168749 0.050548592)
(-0.018751182 0.21445593 0.056166049)
(-0.017901537 0.20516952 0.060260742)
(-0.016745303 0.19414246 0.062832034)
(-0.015361748 0.18178893 0.06395519)
(-0.013832622 0.16856026 0.063766572)
(-0.012238436 0.15488937 0.062440682)
(-0.010645329 0.14115277 0.060174161)
(-0.0091090777 0.12765183 0.057169635)
(-0.0076701242 0.11460952 0.053615926)
(-0.0063547752 0.10217737 0.049680491)
(-0.0051781332 0.090447429 0.045506796)
(-0.0041458635 0.079465584 0.041213053)
(-0.0032564552 0.069243819 0.036893318)
(-0.0025033665 0.059770561 0.032620015)
(-0.0018768153 0.051018794 0.028447085)
(-0.0013651725 0.042952114 0.024413209)
(-0.00095601108 0.035529065 0.020544819)
(-0.0006368332 0.028706137 0.016858741)
(-0.00039556814 0.022439751 0.013364411)
(-0.00022097682 0.016687529 0.010065692)
(-0.00010317172 0.011409049 0.0069623158)
(-3.3629734e-05 0.0065662576 0.0040510755)
(-2.4201787e-06 0.0021236579 0.001326588)
(0.016191393 0.44012305 -0.039675013)
(-0.012138805 0.29751038 -0.061884423)
(-0.0030437721 0.2197847 -0.063654473)
(-0.011845171 0.19592726 -0.053421401)
(-0.014289515 0.19631111 -0.041488256)
(-0.017026314 0.20380335 -0.028791067)
(-0.01938346 0.21146762 -0.016282727)
(-0.02135024 0.21725823 -0.0042883684)
(-0.022909771 0.22082934 0.0070641581)
(-0.024026739 0.22223553 0.017665566)
(-0.024661819 0.22152589 0.027366961)
(-0.024789386 0.21868815 0.035984648)
(-0.024410685 0.21371352 0.043333839)
(-0.023558209 0.20667078 0.049266029)
(-0.022293742 0.1977464 0.053697355)
(-0.020701297 0.18724147 0.056622082)
(-0.018877047 0.17553613 0.058110854)
(-0.016918664 0.16304013 0.058297117)
(-0.014916309 0.15014642 0.057356908)
(-0.012946538 0.13719811 0.055487314)
(-0.011069203 0.12447136 0.052888566)
(-0.0093266947 0.11217194 0.049749764)
(-0.0077453647 0.10044089 0.04623889)
(-0.0063382444 0.089364834 0.042498428)
(-0.0051079615 0.078987822 0.038644649)
(-0.004049541 0.069322388 0.034769076)
(-0.0031528625 0.060358989 0.030941251)
(-0.0024046666 0.052073459 0.027212104)
(-0.0017901009 0.04443263 0.023617364)
(-0.0012938481 0.037398381 0.020180718)
(-0.00090089619 0.030930455 0.016916545)
(-0.00059703498 0.024988349 0.013832195)
(-0.00036912194 0.019532527 0.010929819)
(-0.00020533817 0.014525165 0.0082078074)
(-9.5451851e-05 0.0099305584 0.0056619081)
(-3.1012667e-05 0.0057153244 0.0032860824)
(-2.1920216e-06 0.0018484502 0.0010730425)
(0.015610608 0.43359504 -0.038336106)
(-0.014726318 0.28426832 -0.057551763)
(-0.0082716343 0.20705521 -0.058844778)
(-0.017541076 0.18555189 -0.04905436)
(-0.021163607 0.18777792 -0.037398823)
(-0.024266463 0.19597398 -0.025148203)
(-0.026664006 0.20353956 -0.013083501)
(-0.028403361 0.20867064 -0.001575198)
(-0.029509958 0.21112747 0.0091792139)
(-0.02999598 0.21105466 0.019018643)
(-0.029876091 0.20862412 0.027779209)
(-0.02917786 0.20399205 0.035297086)
(-0.027955202 0.19733904 0.041437123)
(-0.02628919 0.18890793 0.046120486)
(-0.024281586 0.17901219 0.049340516)
(-0.02204436 0.16801605 0.051163725)
(-0.019688373 0.15629947 0.051718276)
(-0.017313791 0.14422248 0.051175028)
(-0.015003709 0.13209865 0.049726574)
(-0.012821262 0.12018087 0.047568486)
(-0.010809672 0.10865843 0.044885072)
(-0.0089942693 0.097661973 0.041840154)
(-0.0073856709 0.087272596 0.038572449)
(-0.0059832868 0.077532312 0.035194595)
(-0.0047785929 0.068454006 0.031794612)
(-0.0037579194 0.060029981 0.028438741)
(-0.0029046664 0.052238781 0.025174868)
(-0.0022009643 0.045050366 0.022035997)
(-0.0016288501 0.038429879 0.019043448)
(-0.0011710501 0.032340283 0.016209622)
(-0.00081145869 0.026744146 0.013540275)
(-0.000535385 0.021604799 0.011036345)
(-0.00032965294 0.016887056 0.0086953565)
(-0.00018266404 0.012557626 0.0065125035)
(-8.4601845e-05 0.0085853118 0.0044814482)
(-2.7324699e-05 0.0049410811 0.0025949429)
(-1.9065186e-06 0.0015980445 0.00084515996)
(0.01507547 0.42712129 -0.035532891)
(-0.017135926 0.27157857 -0.051851071)
(-0.013303082 0.19478212 -0.052338886)
(-0.023067361 0.1745409 -0.043485402)
(-0.027589917 0.17715744 -0.032640263)
(-0.030960346 0.18486409 -0.021247819)
(-0.033225492 0.19153124 -0.010033789)
(-0.03453155 0.1955547 0.00058932846)
(-0.034984551 0.19674275 0.01036954)
(-0.034672262 0.19529309 0.019115978)
(-0.03367623 0.19147546 0.026670981)
(-0.032090685 0.18558031 0.032910986)
(-0.030027095 0.17792353 0.037764203)
(-0.027610604 0.16885176 0.041224326)
(-0.024971128 0.15873181 0.043352755)
(-0.022232803 0.1479282 0.044269196)
(-0.019504875 0.1367783 0.044134577)
(-0.016875773 0.12557301 0.043131387)
(-0.014410818 0.11454643 0.041445648)
(-0.012152957 0.10387429 0.039252992)
(-0.010125557 0.093678728 0.036709633)
(-0.0083362078 0.084036499 0.033947821)
(-0.0067807357 0.074988409 0.031074795)
(-0.0054468763 0.066548275 0.02817411)
(-0.0043173445 0.058710681 0.02530835)
(-0.0033722278 0.051457218 0.022522427)
(-0.0025907293 0.044761258 0.019846966)
(-0.0019523738 0.038591447 0.017301424)
(-0.0014377766 0.032914182 0.014896794)
(-0.0010290921 0.0276953 0.012637834)
(-0.00071022601 0.022901187 0.010524841)
(-0.0004668884 0.018499471 0.008555016)
(-0.00028652315 0.014459438 0.0067234909)
(-0.00015829086 0.010752238 0.0050240889)
(-7.3074851e-05 0.0073509699 0.0034498742)
(-2.3556897e-05 0.0042306749 0.0019935917)
(-1.6177763e-06 0.0013682852 0.00064783519)
(0.014522071 0.42135628 -0.031094455)
(-0.019707138 0.2601961 -0.044738148)
(-0.018068217 0.18312297 -0.044554197)
(-0.028248681 0.16289192 -0.036907991)
(-0.033392167 0.16438731 -0.027372382)
(-0.036881943 0.17037109 -0.017302852)
(-0.038858849 0.1753241 -0.0073897409)
(-0.039579954 0.17782515 0.0019314759)
(-0.039249343 0.17768425 0.01037772)
(-0.038048744 0.17509517 0.017757085)
(-0.036143966 0.17036582 0.023936755)
(-0.033699215 0.16384873 0.028842351)
(-0.030877336 0.1559153 0.032462581)
(-0.027834512 0.14693875 0.034848893)
(-0.024712438 0.13727579 0.036107066)
(-0.021631256 0.12724881 0.036382067)
(-0.018685213 0.11713243 0.035840174)
(-0.015941633 0.10714684 0.034652223)
(-0.013442761 0.097457816 0.03298042)
(-0.011209483 0.088181619 0.030969633)
(-0.0092458903 0.079392677 0.028742898)
(-0.0075438706 0.071132135 0.026400217)
(-0.00608718 0.063415997 0.024019641)
(-0.0048547756 0.056242184 0.021659677)
(-0.0038233544 0.049596247 0.019362301)
(-0.0029691637 0.043455763 0.017156086)
(-0.0022692162 0.037793597 0.015059118)
(-0.0017020349 0.032580215 0.013081549)
(-0.0012480601 0.027785288 0.011227715)
(-0.00088981123 0.023378761 0.0094978206)
(-0.00061189565 0.019331532 0.0078892466)
(-0.00040090388 0.015615865 0.006397519)
(-0.00024525556 0.012205611 0.0050170227)
(-0.00013507022 0.0090763158 0.0037415107)
(-6.2184331e-05 0.0062052328 0.0025644618)
(-1.9929287e-05 0.0035712913 0.0014793702)
(-1.3596774e-06 0.0011550308 0.00047980618)
(0.013990547 0.41664882 -0.025217743)
(-0.02197868 0.25071375 -0.036217346)
(-0.022138482 0.17258379 -0.035733167)
(-0.032739443 0.15116246 -0.029558438)
(-0.038307006 0.1502009 -0.021770846)
(-0.041794328 0.15334427 -0.013492857)
(-0.043389913 0.15579585 -0.0053371117)
(-0.043461233 0.15635037 0.0022820189)
(-0.042320532 0.15480693 0.0090896602)
(-0.040251547 0.15130533 0.014912119)
(-0.037506618 0.14611629 0.019650557)
(-0.034313164 0.13956642 0.023274003)
(-0.030872728 0.13199698 0.025812949)
(-0.027357293 0.12373682 0.027349353)
(-0.023905755 0.11508331 0.028003011)
(-0.020622858 0.10629004 0.027915546)
(-0.017580637 0.097561245 0.027235154)
(-0.014822125 0.089052041 0.02610435)
(-0.01236648 0.080872937 0.024651649)
(-0.010214533 0.073096637 0.022987044)
(-0.0083541758 0.065765595 0.021200608)
(-0.0067650181 0.058899218 0.019363142)
(-0.0054220378 0.052500132 0.017528101)
(-0.0042983005 0.046559296 0.015734132)
(-0.0033668592 0.041059955 0.01400777)
(-0.0026019894 0.035980602 0.012365998)
(-0.0019799185 0.031297101 0.010818533)
(-0.0014791906 0.02698418 0.0093697506)
(-0.0010807808 0.023016434 0.008020235)
(-0.00076805228 0.019368992 0.0067679895)
(-0.00052660949 0.016017932 0.0056093419)
(-0.00034410324 0.012940527 0.0045396061)
(-0.00020999452 0.010115377 0.0035535497)
(-0.00011540264 0.0075224607 0.0026457182)
(-5.2994007e-05 0.0051431352 0.0018106523)
(-1.6978224e-05 0.002960106 0.0010430534)
(-1.1396861e-06 0.0009573731 0.00033777691)
(0.013520497 0.41321769 -0.018219431)
(-0.023704245 0.24358122 -0.026518002)
(-0.025246157 0.16388079 -0.026062999)
(-0.036230486 0.14051715 -0.021628162)
(-0.042076254 0.13633157 -0.015979647)
(-0.045485657 0.13596699 -0.0099239446)
(-0.046687273 0.13538089 -0.0039373021)
(-0.046149863 0.13364726 0.0016390856)
(-0.044288143 0.13059139 0.0065761013)
(-0.041479822 0.12628687 0.010733641)
(-0.038051644 0.12091637 0.014043921)
(-0.034280251 0.11471162 0.016501065)
(-0.03039119 0.10791603 0.018152816)
(-0.026559373 0.10076056 0.019079001)
(-0.022912413 0.093448788 0.019383735)
(-0.019535392 0.086148964 0.019181512)
(-0.016477609 0.078992107 0.018585842)
(-0.013759971 0.072074268 0.017701321)
(-0.011382265 0.065461185 0.016618901)
(-0.0093296978 0.059193906 0.015413243)
(-0.0075782971 0.053294331 0.01414483)
(-0.0060991327 0.047770105 0.01285993)
(-0.0048614566 0.042618686 0.011592483)
(-0.0038348146 0.037830537 0.010366209)
(-0.002990368 0.033391532 0.0091966609)
(-0.002301648 0.029284722 0.0080930982)
(-0.0017449086 0.025491598 0.0070600956)
(-0.0012992104 0.021992973 0.0060988787)
(-0.00094633164 0.018769593 0.005208379)
(-0.00067058108 0.015802544 0.0043860408)
(-0.00045855794 0.013073525 0.0036284111)
(-0.00029888827 0.010565026 0.0029315588)
(-0.00018197069 0.0082604252 0.0022913602)
(-9.97645e-05 0.0061440522 0.0017036882)
(-4.5720328e-05 0.0042012067 0.0011645319)
(-1.4576757e-05 0.0024181563 0.00067009611)
(-9.733795e-07 0.00078211805 0.00021674562)
(0.013765959 0.41129716 -0.010572083)
(-0.024693643 0.23923915 -0.015853217)
(-0.027221633 0.15785664 -0.015715885)
(-0.038514495 0.13260683 -0.013286543)
(-0.044519288 0.12538256 -0.010106369)
(-0.047826144 0.12176095 -0.0066218897)
(-0.048698778 0.11829419 -0.003125687)
(-0.047688869 0.11434873 0.00015843256)
(-0.045291559 0.10983289 0.0030745378)
(-0.041955687 0.10478455 0.0055252778)
(-0.038059565 0.099301707 0.0074645562)
(-0.033911832 0.093507079 0.0088939406)
(-0.029750464 0.087524724 0.0098421432)
(-0.025743471 0.081470338 0.010362626)
(-0.022006551 0.075446642 0.010522007)
(-0.018607321 0.069536868 0.010391395)
(-0.015577009 0.063804785 0.010039609)
(-0.012920534 0.058296438 0.0095287713)
(-0.010623208 0.053042348 0.0089123762)
(-0.0086599356 0.048061533 0.0082336728)
(-0.007000093 0.043363855 0.0075262903)
(-0.0056092706 0.038951609 0.0068154233)
(-0.0044535578 0.034821952 0.0061196949)
(-0.003500751 0.030968323 0.0054517579)
(-0.0027212663 0.02738153 0.0048195142)
(-0.0020885769 0.024050579 0.0042272589)
(-0.0015793174 0.020963292 0.0036766633)
(-0.0011731898 0.018106773 0.0031675783)
(-0.00085274626 0.015467768 0.0026986664)
(-0.00060311724 0.013032941 0.0022678733)
(-0.00041171509 0.010789082 0.0018727668)
(-0.00026794358 0.0087232772 0.0015107655)
(-0.00016290561 0.0068230244 0.0011792881)
(-8.9212502e-05 0.00507633 0.00087584274)
(-4.0818888e-05 0.0034717696 0.00059807761)
(-1.3030941e-05 0.0019985294 0.0003438507)
(-8.6144352e-07 0.00064642859 0.00011113713)
(0.014178345 0.41056267 -0.0027521292)
(-0.025166395 0.23747061 -0.0045137815)
(-0.028094873 0.15520711 -0.0049287179)
(-0.039544915 0.12884131 -0.0047174007)
(-0.045600349 0.12004903 -0.0042264082)
(-0.04881737 0.11460547 -0.0035373288)
(-0.049493827 0.10944819 -0.0027295297)
(-0.048223189 0.10413525 -0.0018809835)
(-0.045542714 0.098657916 -0.0010588809)
(-0.041937829 0.093069896 -0.00031421433)
(-0.037814493 0.087435469 0.0003183478)
(-0.033495526 0.081813075 0.00082638678)
(-0.029216008 0.076253619 0.0012021569)
(-0.025144383 0.070803364 0.0014549556)
(-0.02138669 0.065499729 0.001600211)
(-0.018000312 0.060371896 0.0016565765)
(-0.015006384 0.055441734 0.0016434624)
(-0.012400595 0.050724883 0.001579173)
(-0.010161968 0.046231823 0.0014799363)
(-0.0082601392 0.041968847 0.0013601897)
(-0.0066593383 0.037938553 0.0012304312)
(-0.0053233844 0.034141048 0.0010980742)
(-0.004217579 0.030574228 0.00096888146)
(-0.0033088704 0.027233743 0.00084675361)
(-0.0025676059 0.024113621 0.00073393365)
(-0.0019674957 0.021206557 0.00063139959)
(-0.0014855839 0.018504177 0.00053923195)
(-0.0011020716 0.015997285 0.00045692842)
(-0.00080004933 0.013676097 0.00038365802)
(-0.00056518036 0.011530458 0.00031844671)
(-0.00038538571 0.0095500347 0.00026030399)
(-0.00025053264 0.0077244826 0.00020829816)
(-0.00015215196 0.0060435903 0.00016159565)
(-8.3216752e-05 0.0044973956 0.00011947437)
(-3.8048632e-05 0.0030762763 8.1323287e-05)
(-1.208754e-05 0.001771018 4.6677266e-05)
(-8.0265616e-07 0.00057286191 1.5106195e-05)
(0.014179313 0.41078604 0.0051470204)
(-0.025049903 0.2380633 0.0070464603)
(-0.027930845 0.15620892 0.0059737964)
(-0.039333736 0.13027421 0.0038860783)
(-0.045349412 0.12192537 0.0016229686)
(-0.048537143 0.11684952 -0.00055308788)
(-0.049198348 0.11192489 -0.002492815)
(-0.047923985 0.10669985 -0.0041182425)
(-0.045247319 0.10118409 -0.0054030679)
(-0.041651175 0.095464663 -0.0063521277)
(-0.037540589 0.089639485 -0.00699179)
(-0.03323753 0.083795002 -0.0073647128)
(-0.028976824 0.078003777 -0.0075122351)
(-0.024926315 0.072326889 -0.0074745525)
(-0.021190811 0.066810974 -0.0072941544)
(-0.017826921 0.061490403 -0.0070082993)
(-0.01485504 0.05638921 -0.0066483194)
(-0.01227019 0.051523172 -0.0062398173)
(-0.010051021 0.046901709 -0.0058039801)
(-0.0081669631 0.042529334 -0.0053557051)
(-0.0065820739 0.038406523 -0.0049060679)
(-0.0052601184 0.034531208 -0.0044626335)
(-0.0041664185 0.030899194 -0.0040312342)
(-0.0032680387 0.027504203 -0.003615915)
(-0.0025354707 0.024338544 -0.0032193783)
(-0.0019425909 0.021393403 -0.0028433639)
(-0.0014666151 0.018659106 -0.0024889045)
(-0.0010879132 0.016125353 -0.0021564864)
(-0.00078973283 0.013781433 -0.0018461583)
(-0.00055788467 0.01161642 -0.0015576118)
(-0.00038041917 0.009619347 -0.001290253)
(-0.00024732283 0.0077793557 -0.0010432661)
(-0.00015022313 0.0060858183 -0.00081567418)
(-8.2188641e-05 0.0045284402 -0.00060639243)
(-3.7571888e-05 0.0030973352 -0.00041427466)
(-1.1974085e-05 0.0017830808 -0.00023813232)
(-7.9284334e-07 0.00057675508 -7.6853044e-05)
(0.013669813 0.41187671 0.012884096)
(-0.024407588 0.24087447 0.018259609)
(-0.026776327 0.16069622 0.016651914)
(-0.037928059 0.13665965 0.012363544)
(-0.043819833 0.13058109 0.0074270369)
(-0.047046255 0.1278714 0.0024777274)
(-0.047875485 0.12492103 -0.0021269139)
(-0.046851323 0.12110147 -0.0061655099)
(-0.044460426 0.1163919 -0.0095242448)
(-0.041144475 0.11093057 -0.012161889)
(-0.037279982 0.10490292 -0.014091516)
(-0.033172444 0.098500239 -0.01536955)
(-0.029058479 0.091900758 -0.016070702)
(-0.025108566 0.08525551 -0.016284601)
(-0.021432052 0.07868561 -0.016105101)
(-0.018095316 0.072285065 -0.015622167)
(-0.015127764 0.06612113 -0.014916792)
(-0.01253097 0.060238133 -0.014058585)
(-0.010289796 0.054663453 -0.013104247)
(-0.0083790156 0.049411241 -0.01209837)
(-0.0067660512 0.044485066 -0.011075141)
(-0.0054166844 0.039881513 -0.010059268)
(-0.0042970456 0.035592329 -0.0090688119)
(-0.0033751677 0.031606015 -0.0081161172)
(-0.0026218512 0.027908989 -0.0072091719)
(-0.0020110276 0.024486429 -0.0063527328)
(-0.0015198183 0.02132286 -0.0055491889)
(-0.0011284064 0.018402596 -0.0047992018)
(-0.00081980182 0.015710037 -0.004102184)
(-0.00057955611 0.0132299 -0.0034566563)
(-0.0003954616 0.010947381 -0.0028605236)
(-0.0002572538 0.0088482648 -0.0023112857)
(-0.00015633724 0.0069190074 -0.0018062012)
(-8.5565313e-05 0.0051467826 -0.0013424127)
(-3.9144352e-05 0.0035195088 -0.00091704047)
(-1.2457081e-05 0.0020258572 -0.00052722423)
(-8.3121984e-07 0.00065524577 -0.0001702612)
(0.013438699 0.4140719 0.020407278)
(-0.023328838 0.24606761 0.028693881)
(-0.024611489 0.16818787 0.02680134)
(-0.035408003 0.1464845 0.020537939)
(-0.041094583 0.14381642 0.013162363)
(-0.044394116 0.14449892 0.0056820741)
(-0.045534367 0.14436376 -0.0013711882)
(-0.044971613 0.14255234 -0.0076668406)
(-0.043109286 0.13903512 -0.013015559)
(-0.040315995 0.13402803 -0.017331359)
(-0.036916717 0.12783146 -0.020603516)
(-0.033187967 0.12076379 -0.022879422)
(-0.029355161 0.11312743 -0.024249552)
(-0.025592142 0.10518988 -0.024836668)
(-0.022024073 0.097173943 -0.024773424)
(-0.01873287 0.089255226 -0.0241947)
(-0.015764244 0.081564297 -0.023227401)
(-0.013135641 0.074192074 -0.021983771)
(-0.0108439 0.067196735 -0.02055734)
(-0.0088719603 0.060610801 -0.019024964)
(-0.0071943431 0.054447545 -0.017446384)
(-0.0057813217 0.048706453 -0.015866366)
(-0.0046018694 0.043377559 -0.014317298)
(-0.0036256536 0.038444747 -0.01282169)
(-0.0028242365 0.033888165 -0.0113944)
(-0.0021717285 0.02968595 -0.010044496)
(-0.0016450552 0.025815425 -0.0087767459)
(-0.0012239818 0.022253899 -0.0075927805)
(-0.00089098217 0.018979206 -0.0064919759)
(-0.00063102423 0.015970036 -0.0054721305)
(-0.00043131433 0.013206139 -0.004529976)
(-0.00028103057 0.010668432 -0.0036615644)
(-0.00017105043 0.008339046 -0.002862556)
(-9.3767501e-05 0.0062013279 -0.0021284335)
(-4.2953132e-05 0.0042398141 -0.0014546572)
(-1.3720909e-05 0.002440186 -0.00083673934)
(-9.1112559e-07 0.00078921568 -0.00027041025)
(0.014057806 0.41772148 0.027213914)
(-0.021570184 0.25383963 0.038136346)
(-0.021440615 0.17789376 0.036239595)
(-0.031874918 0.15834019 0.028270457)
(-0.037293627 0.15888506 0.018798639)
(-0.040683061 0.16287625 0.0091401784)
(-0.042226348 0.16547492 -4.1602766e-05)
(-0.042270492 0.16562278 -0.0083494747)
(-0.041112303 0.16332196 -0.015544932)
(-0.039031285 0.15887128 -0.021501935)
(-0.036282504 0.15266234 -0.02617308)
(-0.033098222 0.14510458 -0.029577873)
(-0.029684045 0.13659234 -0.031793739)
(-0.026214044 0.127485 -0.032944051)
(-0.022826743 0.11809352 -0.033181989)
(-0.019623981 0.10867318 -0.032673965)
(-0.016673351 0.099422232 -0.031584825)
(-0.014012901 0.090485511 -0.030066804)
(-0.011656976 0.08196141 -0.028252787)
(-0.0096023876 0.073910307 -0.026253486)
(-0.0078340441 0.066363055 -0.024157392)
(-0.0063295362 0.059328675 -0.022032613)
(-0.0050626753 0.05280078 -0.019929685)
(-0.0040060512 0.046762672 -0.017884682)
(-0.0031327601 0.041191184 -0.015922183)
(-0.002417479 0.03605949 -0.014057895)
(-0.0018370643 0.03133908 -0.012300821)
(-0.0013708127 0.027001103 -0.010655011)
(-0.0010005039 0.023017259 -0.0091209278)
(-0.00071029978 0.01936035 -0.0076964985)
(-0.00048657004 0.016004612 -0.0063779223)
(-0.0003176693 0.012925872 -0.005160276)
(-0.00019370561 0.010101619 -0.0040379655)
(-0.00010635777 0.0075109892 -0.0030050585)
(-4.8816246e-05 0.0051347188 -0.0020555235)
(-1.5595199e-05 0.0029550646 -0.0011833634)
(-1.0463941e-06 0.00095571434 -0.00038282087)
(0.014617306 0.42249424 0.0328742)
(-0.019367566 0.26361804 0.04644295)
(-0.017470895 0.18896756 0.044858448)
(-0.027563631 0.17067964 0.035465336)
(-0.032627616 0.17351533 0.024286086)
(-0.036076881 0.18004426 0.012868017)
(-0.038037261 0.18481681 0.0019466997)
(-0.038739882 0.18662478 -0.0080586421)
(-0.038372342 0.18549998 -0.016897377)
(-0.037117794 0.18178813 -0.024414213)
(-0.035151908 0.17590583 -0.030517626)
(-0.032651053 0.16827958 -0.035178066)
(-0.029789444 0.15933021 -0.038430796)
(-0.026731313 0.14946097 -0.040372351)
(-0.023621922 0.13904233 -0.041148225)
(-0.020580659 0.12839725 -0.040935159)
(-0.017697783 0.11779146 -0.039922221)
(-0.0150348 0.10743054 -0.038294442)
(-0.012627582 0.097463228 -0.036220999)
(-0.01049104 0.087988581 -0.033848338)
(-0.0086242451 0.079065164 -0.031297507)
(-0.0070152341 0.070720278 -0.02866458)
(-0.0056450815 0.062958319 -0.02602301)
(-0.0044910926 0.055767726 -0.023426894)
(-0.0035291455 0.049126452 -0.020914471)
(-0.0027353009 0.043006066 -0.018511407)
(-0.0020868297 0.03737472 -0.016233668)
(-0.0015628061 0.032199224 -0.014089907)
(-0.0011443902 0.027446436 -0.012083387)
(-0.00081490689 0.02308416 -0.01021349)
(-0.00055978521 0.019081696 -0.0084768942)
(-0.00036641976 0.015410137 -0.0068684623)
(-0.00022397846 0.012042509 -0.0053819095)
(-0.00012327524 0.0089537962 -0.0040102983)
(-5.6704702e-05 0.0061209011 -0.0027463971)
(-1.8190411e-05 0.003522561 -0.0015829153)
(-1.2312357e-06 0.0011392427 -0.00051276417)
(0.015168956 0.42822901 0.037103486)
(-0.016844296 0.27502057 0.053448518)
(-0.012933491 0.20078162 0.052541189)
(-0.022745536 0.18254205 0.041996189)
(-0.027311692 0.18637668 0.029537909)
(-0.030736136 0.19441966 0.016806324)
(-0.033042644 0.20070603 0.0045667909)
(-0.034352166 0.20388099 -0.00678011)
(-0.034757802 0.20396399 -0.01700136)
(-0.034352863 0.20128411 -0.025931094)
(-0.033234174 0.19620374 -0.033438082)
(-0.031514846 0.18908288 -0.039434014)
(-0.02932504 0.18029309 -0.043890623)
(-0.026805173 0.1702228 -0.046849487)
(-0.024095035 0.15926429 -0.048418923)
(-0.021322757 0.14779066 -0.048759745)
(-0.018596446 0.13613328 -0.048065021)
(-0.01599973 0.12456676 -0.04653929)
(-0.013591091 0.1133034 -0.044381132)
(-0.011406049 0.10249551 -0.041770944)
(-0.0094609819 0.092243004 -0.038864077)
(-0.0077575452 0.082603086 -0.035788424)
(-0.0062869255 0.073600283 -0.032645184)
(-0.0050335162 0.065235372 -0.029511521)
(-0.0039778432 0.057492799 -0.026444092)
(-0.0030987475 0.05034644 -0.023482762)
(-0.0023749135 0.043763903 -0.020654068)
(-0.001785872 0.037709606 -0.01797425)
(-0.0013126024 0.032146896 -0.015451782)
(-0.00093784585 0.027039465 -0.013089418)
(-0.00064621815 0.022352239 -0.01088581)
(-0.00042418466 0.018051908 -0.0088367613)
(-0.00025996011 0.014107209 -0.006936175)
(-0.00014341978 0.010489035 -0.0051767687)
(-6.6137955e-05 0.0071704397 -0.0035505979)
(-2.1258129e-05 0.0041265755 -0.0020494102)
(-1.4588137e-06 0.0013345892 -0.00066499779)
(0.015669865 0.43455029 0.03971173)
(-0.014538547 0.28745775 0.05912146)
(-0.0081994092 0.21289272 0.059109051)
(-0.017710542 0.19351542 0.047687787)
(-0.021534684 0.1969975 0.034421832)
(-0.024806219 0.20551036 0.02081353)
(-0.027322912 0.21267417 0.0076703606)
(-0.029104753 0.21694689 -0.0046444239)
(-0.030174013 0.2182782 -0.015938057)
(-0.030553657 0.2169236 -0.026057711)
(-0.030270722 0.21313083 -0.034848773)
(-0.029374651 0.20712467 -0.042169743)
(-0.027942824 0.19915494 -0.047921631)
(-0.026077876 0.18952885 -0.052072497)
(-0.023898638 0.17860975 -0.054667561)
(-0.021528079 0.16679044 -0.055823719)
(-0.019081712 0.15445699 -0.055712563)
(-0.016658862 0.14195709 -0.054538093)
(-0.014337817 0.12957975 -0.052514782)
(-0.012174622 0.11754764 -0.049849702)
(-0.010204601 0.10601928 -0.046730276)
(-0.0084455253 0.095097216 -0.043317545)
(-0.0069014509 0.084838695 -0.039743978)
(-0.0055664952 0.075266569 -0.036114412)
(-0.0044281468 0.066378944 -0.032508853)
(-0.0034699475 0.058157088 -0.028986108)
(-0.0026735186 0.050571547 -0.025587581)
(-0.0020200139 0.043586644 -0.022340821)
(-0.0014910948 0.037163671 -0.019262642)
(-0.0010695404 0.031263073 -0.016361738)
(-0.0007395846 0.025845874 -0.013640807)
(-0.00048705867 0.020874571 -0.011098238)
(-0.00029939491 0.016313647 -0.0087294163)
(-0.00016565339 0.012129837 -0.006527715)
(-7.6600836e-05 0.0082922156 -0.0044852437)
(-2.4723619e-05 0.0047721842 -0.0025933623)
(-1.713222e-06 0.0015433904 -0.00084316549)
(0.016197963 0.44068545 0.040994446)
(-0.012331431 0.30002956 0.063566262)
(-0.0034461935 0.22509081 0.064185206)
(-0.012620546 0.20361966 0.052347353)
(-0.015414656 0.20550298 0.038787996)
(-0.018425474 0.21349782 0.024697017)
(-0.020989773 0.22091166 0.011030444)
(-0.023063391 0.22596535 -0.0018829506)
(-0.02462875 0.22848557 -0.013912475)
(-0.025659859 0.22862275 -0.024935492)
(-0.02612875 0.22648467 -0.034797453)
(-0.026029387 0.22212289 -0.043322798)
(-0.025385897 0.21560904 -0.050350829)
(-0.024254824 0.20710179 -0.055772417)
(-0.022720541 0.19687081 -0.059554284)
(-0.020885545 0.18527851 -0.061746075)
(-0.018858574 0.17273636 -0.062471642)
(-0.016743503 0.15965591 -0.061909762)
(-0.014631035 0.1464091 -0.060270652)
(-0.012593891 0.13330428 -0.057773969)
(-0.010685284 0.12057757 -0.054631146)
(-0.0089398699 0.10839559 -0.051033248)
(-0.0073764078 0.096864746 -0.047144439)
(-0.0060010426 0.086043211 -0.043099968)
(-0.0048106042 0.0759528 -0.039007193)
(-0.0037955379 0.066589432 -0.034948368)
(-0.0029423194 0.057931602 -0.030984252)
(-0.0022353162 0.049946848 -0.027157879)
(-0.0016581512 0.042596482 -0.023498103)
(-0.001194639 0.035838912 -0.020022734)
(-0.00082939541 0.029631885 -0.016741179)
(-0.00054818307 0.023933947 -0.013656604)
(-0.00033808202 0.018705332 -0.010767647)
(-0.00018762415 0.013908472 -0.0080697587)
(-8.7030351e-05 0.009508244 -0.0055562244)
(-2.8167224e-05 0.0054720393 -0.0032189011)
(-1.9786217e-06 0.0017697354 -0.0010488727)
(0.016611044 0.44687478 0.041154531)
(-0.0095768168 0.31284753 0.066520121)
(0.0012206257 0.2375329 0.067582074)
(-0.0074765146 0.21319559 0.055979789)
(-0.00902367 0.21239983 0.042492959)
(-0.011726502 0.21896343 0.028246366)
(-0.014170376 0.2259856 0.014391707)
(-0.01634903 0.23141588 0.0012173804)
(-0.018223192 0.23491747 -0.011210779)
(-0.019729651 0.23652168 -0.022816069)
(-0.0208078 0.2362042 -0.033465241)
(-0.021410734 0.23384191 -0.042972609)
(-0.021517726 0.22930144 -0.051136726)
(-0.021139907 0.22253942 -0.057783468)
(-0.020320363 0.21366322 -0.06280125)
(-0.019128952 0.20293758 -0.066160902)
(-0.017653144 0.19074744 -0.067918506)
(-0.01598719 0.17753826 -0.068203759)
(-0.014223115 0.16375618 -0.067198591)
(-0.012441846 0.14980241 -0.065114513)
(-0.010710008 0.13600713 -0.062172407)
(-0.0090771182 0.122621 -0.058584546)
(-0.0075765024 0.10981913 -0.054542285)
(-0.006227472 0.097711879 -0.050210355)
(-0.0050380062 0.086358297 -0.04572504)
(-0.0040075087 0.075779101 -0.041195133)
(-0.0031293341 0.065967977 -0.036704576)
(-0.0023929148 0.056900614 -0.032315906)
(-0.0017854391 0.048541535 -0.028073902)
(-0.0012931071 0.040849049 -0.024009034)
(-0.00090201708 0.0337787 -0.020140538)
(-0.0005987511 0.027285574 -0.016479034)
(-0.00037072702 0.021325775 -0.013028665)
(-0.00020650448 0.015857329 -0.0097888203)
(-9.6130008e-05 0.010840673 -0.0067554843)
(-3.1264357e-05 0.0062388866 -0.0039222568)
(-2.2250166e-06 0.0020177457 -0.0012812212)
(0.01672069 0.45306311 0.040213474)
(-0.0069778574 0.32601856 0.068043146)
(0.0051088434 0.2507861 0.068863311)
(-0.0020160149 0.22281039 0.058795226)
(-0.0024896745 0.21844546 0.045343509)
(-0.0048045083 0.22275005 0.03124909)
(-0.0069642818 0.22873613 0.017515349)
(-0.0090679093 0.23406969 0.0043778469)
(-0.011061075 0.23821359 -0.008141306)
(-0.012856014 0.24107435 -0.020013205)
(-0.014368639 0.24251804 -0.031136106)
(-0.015528574 0.24227593 -0.041334102)
(-0.016285752 0.24002042 -0.050389781)
(-0.016615639 0.23548444 -0.058087639)
(-0.016522154 0.22855975 -0.064254106)
(-0.016037302 0.21934256 -0.06878601)
(-0.015216613 0.20812133 -0.071664405)
(-0.014128656 0.19532174 -0.072953913)
(-0.01285813 0.18143368 -0.072787621)
(-0.01147955 0.16694275 -0.071345464)
(-0.010062133 0.15228099 -0.068836968)
(-0.0086676441 0.13780024 -0.065481926)
(-0.0073402237 0.12376469 -0.061487657)
(-0.006111474 0.11035662 -0.057041946)
(-0.0050011411 0.097689223 -0.052307433)
(-0.0040189642 0.085821402 -0.047419603)
(-0.0031669201 0.074772009 -0.042487491)
(-0.0024413566 0.064531909 -0.037596041)
(-0.0018348168 0.055073545 -0.032809297)
(-0.0013375106 0.046358113 -0.028173799)
(-0.00093843936 0.038340704 -0.023721865)
(-0.00062620706 0.030973853 -0.019474518)
(-0.00038958198 0.024209895 -0.015444015)
(-0.00021796121 0.018002456 -0.01163593)
(-0.00010190199 0.012307337 -0.0080508459)
(-3.329948e-05 0.0070829948 -0.0046856697)
(-2.4070623e-06 0.0022907428 -0.0015347527)
(0.016898291 0.45912181 0.038324651)
(-0.0049440908 0.33969504 0.067831165)
(0.0083626718 0.26497264 0.068500549)
(0.0037370517 0.23297691 0.060352442)
(0.0038336414 0.22451033 0.047224869)
(0.0023506318 0.22587717 0.033565033)
(0.00063772529 0.23023307 0.020206206)
(-0.0012428483 0.2349817 0.0073518367)
(-0.0031844074 0.23935834 -0.0050014413)
(-0.0050815962 0.2431325 -0.01685912)
(-0.0068424454 0.24607965 -0.028150338)
(-0.0083877417 0.24782862 -0.038718672)
(-0.0096536958 0.24790204 -0.048350573)
(-0.01059426 0.24583029 -0.05681582)
(-0.011183365 0.24127308 -0.063906665)
(-0.011417313 0.23410575 -0.069467566)
(-0.011316887 0.22444784 -0.073414312)
(-0.0109137 0.21263326 -0.075740821)
(-0.010251311 0.19914034 -0.076523141)
(-0.0094519125 0.18450833 -0.075897077)
(-0.0084914246 0.16926272 -0.074030112)
(-0.0074835552 0.15386447 -0.071130974)
(-0.0064664332 0.1386838 -0.067406727)
(-0.0054803387 0.12399517 -0.063056786)
(-0.004555537 0.10998524 -0.058262375)
(-0.0037120713 0.09676758 -0.053181301)
(-0.0029613545 0.084399096 -0.047946071)
(-0.0023080187 0.072895299 -0.042664394)
(-0.0017515986 0.062243145 -0.037421207)
(-0.001288011 0.052411046 -0.032281478)
(-0.00091078811 0.043356316 -0.027293284)
(-0.00061204764 0.035030447 -0.022490801)
(-0.00038321759 0.027382721 -0.017897024)
(-0.00021568026 0.020362572 -0.013526132)
(-0.0001014217 0.013921066 -0.009385471)
(-3.3385547e-05 0.0080117533 -0.0054771422)
(-2.467515e-06 0.0025911168 -0.0017993921)
(0.017383032 0.46509972 0.035686303)
(-0.0030575276 0.35389041 0.065641492)
(0.011667873 0.28032927 0.067166981)
(0.0094730415 0.24457946 0.060151805)
(0.010256122 0.23168663 0.047971725)
(0.0098130425 0.22960158 0.035024611)
(0.0087216431 0.23181149 0.022258082)
(0.0072342016 0.23552003 0.0098939854)
(0.0055196927 0.23971415 -0.0020764418)
(0.0036988565 0.24399584 -0.013677613)
(0.0018684914 0.24804883 -0.024857302)
(0.00010803797 0.25143613 -0.035475492)
(-0.0015161784 0.25359232 -0.045331241)
(-0.0029493983 0.25390652 -0.054200571)
(-0.0041473985 0.25184011 -0.061871004)
(-0.0050775555 0.24703717 -0.068166914)
(-0.0057223796 0.23939685 -0.072966858)
(-0.0060853978 0.22908747 -0.076213355)
(-0.0061919029 0.21650237 -0.077910738)
(-0.0060312805 0.20217758 -0.078147958)
(-0.0057160915 0.18670012 -0.077063216)
(-0.0052558381 0.17063075 -0.074802747)
(-0.0047091734 0.15445366 -0.071557272)
(-0.0041177871 0.13855202 -0.067525202)
(-0.0035163829 0.12320527 -0.062892973)
(-0.0029328203 0.10859988 -0.057830578)
(-0.0023875202 0.094846111 -0.052487428)
(-0.001893955 0.081995989 -0.046990347)
(-0.0014598033 0.07005958 -0.041443707)
(-0.0010881892 0.059018397 -0.035931)
(-0.0007788294 0.048835753 -0.030517172)
(-0.00052901634 0.03946435 -0.025251261)
(-0.00033443074 0.03085161 -0.02016901)
(-0.00018987548 0.022943273 -0.015295296)
(-9.0043836e-05 0.015685718 -0.010646269)
(-2.9924293e-05 0.0090273886 -0.006231139)
(-2.2761662e-06 0.002919588 -0.0020537832)
(0.017905521 0.47108835 0.032398125)
(-0.0013961928 0.36877566 0.06153679)
(0.015111806 0.29728717 0.064357281)
(0.015251979 0.25850221 0.058308361)
(0.017076445 0.24126227 0.047374956)
(0.017812155 0.23547917 0.035385166)
(0.017563708 0.23518154 0.023423797)
(0.016677815 0.23747772 0.011743469)
(0.01537993 0.24110945 0.00034784074)
(0.013809642 0.24547972 -0.010779324)
(0.012067543 0.25015371 -0.021585868)
(0.010232274 0.25464285 -0.031938098)
(0.0083701109 0.25835275 -0.041648713)
(0.0065417437 0.26061797 -0.050513277)
(0.0048047577 0.26078242 -0.058337283)
(0.0032125184 0.25830432 -0.064956263)
(0.0018094199 0.25285605 -0.070245561)
(0.00063450645 0.24438698 -0.074126741)
(-0.00029875773 0.2331278 -0.076574158)
(-0.00097560104 0.21953574 -0.077607601)
(-0.0014883604 0.20420316 -0.07728119)
(-0.0017497056 0.18775975 -0.075729401)
(-0.001841912 0.17079385 -0.073113168)
(-0.0018162808 0.15380285 -0.069598223)
(-0.0016998212 0.13717305 -0.065355802)
(-0.0015226953 0.12118068 -0.060553495)
(-0.0013127152 0.10600545 -0.05534576)
(-0.0010914974 0.091749305 -0.049869827)
(-0.00087495102 0.078455725 -0.044243656)
(-0.00067419257 0.066126682 -0.038565733)
(-0.00049638531 0.054736435 -0.032916119)
(-0.00034552618 0.044241995 -0.027358237)
(-0.0002231753 0.034590699 -0.02194098)
(-0.00012917984 0.025725466 -0.016700887)
(-6.23938e-05 0.017588284 -0.011664197)
(-2.1197362e-05 0.01012242 -0.0068486734)
(-1.7196615e-06 0.0032737376 -0.0022653056)
(0.018377064 0.47716591 0.028516201)
(4.9671222e-06 0.38453007 0.055666351)
(0.018433667 0.31636579 0.059651131)
(0.02121742 0.27579863 0.054707321)
(0.024556799 0.25487053 0.045144616)
(0.026760658 0.24555901 0.034325899)
(0.027671851 0.24264758 0.02337717)
(0.027659041 0.24328424 0.012580294)
(0.026990623 0.24600554 0.0019734318)
(0.025829358 0.25000799 -0.0084373101)
(0.024283638 0.25471682 -0.018581638)
(0.022437992 0.25959341 -0.028323742)
(0.020368368 0.26405819 -0.037489963)
(0.018149688 0.26747565 -0.045901802)
(0.015858471 0.26917892 -0.053399377)
(0.013572083 0.26853407 -0.059850963)
(0.011364587 0.26503593 -0.065151194)
(0.0093015545 0.25840865 -0.069224596)
(0.0074269406 0.24866669 -0.072029497)
(0.0057846785 0.23610963 -0.073565694)
(0.0044112411 0.22125685 -0.073881687)
(0.0032501302 0.20474779 -0.07304223)
(0.0023268276 0.18724102 -0.071135454)
(0.0016093158 0.16933711 -0.068285276)
(0.0010724265 0.15153305 -0.064637849)
(0.00067868317 0.13420631 -0.060342614)
(0.00040185752 0.11761983 -0.055544841)
(0.00021560528 0.10193855 -0.050379807)
(9.7015502e-05 0.087250182 -0.04496899)
(2.7178218e-05 0.073585343 -0.039418148)
(-9.019499e-06 0.06093501 -0.033816875)
(-2.3294681e-05 0.049264298 -0.028239197)
(-2.4458573e-05 0.038522775 -0.022744814)
(-1.8939687e-05 0.028651809 -0.017380676)
(-1.1296318e-05 0.019589569 -0.012182663)
(-4.6801466e-06 0.011274287 -0.00717719)
(-5.6891088e-07 0.0036462693 -0.0023828245)
(0.018828519 0.48350193 0.024181141)
(0.0010451069 0.40163184 0.048241824)
(0.021874344 0.33857537 0.052701072)
(0.027814199 0.2981577 0.048885126)
(0.033284139 0.27491023 0.040804294)
(0.037418121 0.26277629 0.031369574)
(0.039898552 0.25743274 0.021676861)
(0.04106041 0.25622458 0.012034719)
(0.04120356 0.25759056 0.0025165757)
(0.040530364 0.26057796 -0.006839744)
(0.039176808 0.26449682 -0.015935717)
(0.037252427 0.26877939 -0.024635262)
(0.034865818 0.27290047 -0.032786162)
(0.032128094 0.27632344 -0.040245221)
(0.029151182 0.27846752 -0.046896603)
(0.026045036 0.27871355 -0.052655294)
(0.022913914 0.27646639 -0.057460487)
(0.019850599 0.27126265 -0.06126456)
(0.01693636 0.2628828 -0.064037616)
(0.014234397 0.25141041 -0.065764079)
(0.011787499 0.23721511 -0.066444485)
(0.0096191904 0.22087387 -0.066110585)
(0.0077385216 0.20306203 -0.064823003)
(0.0061297955 0.18445094 -0.062665274)
(0.0047831914 0.16563453 -0.059737136)
(0.0036722003 0.14709062 -0.056152319)
(0.0027694738 0.12917144 -0.052030062)
(0.0020470134 0.11211354 -0.047488038)
(0.0014777061 0.096057319 -0.042637295)
(0.0010364771 0.081069201 -0.037578924)
(0.00070091744 0.067162324 -0.032402188)
(0.00045149174 0.054313749 -0.027183833)
(0.00027149636 0.042477804 -0.021988252)
(0.00014691552 0.031595857 -0.016868214)
(6.636017e-05 0.02160313 -0.011865902)
(2.0715567e-05 0.012433242 -0.007014061)
(1.2660871e-06 0.0040210946 -0.0023373101)
(0.0194053 0.49049845 0.019348713)
(0.0026570718 0.42141253 0.039042904)
(0.026425213 0.36612108 0.042966537)
(0.036187993 0.3284251 0.040192987)
(0.044437375 0.30476001 0.033733654)
(0.050955599 0.29080777 0.025961126)
(0.055313474 0.28322153 0.017885493)
(0.057789914 0.27974648 0.0098166175)
(0.058711502 0.27891682 0.0018542665)
(0.058367643 0.27979629 -0.005926692)
(0.056965477 0.28167641 -0.013423548)
(0.054674619 0.28402982 -0.020522409)
(0.05166891 0.2864276 -0.027107365)
(0.048121596 0.28846766 -0.033077086)
(0.044199424 0.28970615 -0.038363027)
(0.040056457 0.2896107 -0.042926052)
(0.035827263 0.28757412 -0.046739901)
(0.03163109 0.28300994 -0.049793997)
(0.027567949 0.27548938 -0.052084541)
(0.02371808 0.26485688 -0.053601736)
(0.020142403 0.25127838 -0.054339889)
(0.016882404 0.23520199 -0.05430421)
(0.013961061 0.21725812 -0.053516682)
(0.011384997 0.19814222 -0.052019268)
(0.0091476526 0.17851525 -0.049872323)
(0.0072327281 0.15893963 -0.047150477)
(0.0056172379 0.13985104 -0.043937962)
(0.0042741585 0.12155748 -0.040323286)
(0.0031746008 0.10425467 -0.036394481)
(0.0022894818 0.08804828 -0.032235391)
(0.0015907068 0.072976835 -0.027923091)
(0.001051924 0.059032018 -0.023526345)
(0.00064895994 0.04617495 -0.019104902)
(0.00036018209 0.034348469 -0.014709432)
(0.0001670372 0.023485881 -0.010381881)
(5.3989621e-05 0.013516913 -0.006156054)
(3.7519042e-06 0.004371572 -0.0020584861)
(0.020397464 0.49804947 0.013464343)
(0.0060766421 0.44409045 0.027244391)
(0.032986476 0.39949454 0.029808929)
(0.047144947 0.36710018 0.027931702)
(0.058507983 0.34476299 0.023361017)
(0.067443127 0.32972353 0.017744382)
(0.073532144 0.31974096 0.011874977)
(0.077025857 0.31321027 0.0060299109)
(0.078344191 0.30901794 0.00031832109)
(0.077890774 0.30643492 -0.0051644617)
(0.075973692 0.30489584 -0.010365398)
(0.072875222 0.30400156 -0.015226781)
(0.06886111 0.3034393 -0.019669293)
(0.064185931 0.30292763 -0.023637219)
(0.059075305 0.30214504 -0.027109278)
(0.053724507 0.30064645 -0.030077222)
(0.048297541 0.29784885 -0.032543939)
(0.042928927 0.29309256 -0.034520489)
(0.037726436 0.28578469 -0.036013324)
(0.032774578 0.27555689 -0.03702269)
(0.028137915 0.26236684 -0.037544701)
(0.023862844 0.24650428 -0.037576523)
(0.019978941 0.22851247 -0.037122124)
(0.016500521 0.20906745 -0.036196426)
(0.013428622 0.18886012 -0.03482689)
(0.010753321 0.16850952 -0.033052692)
(0.0084561632 0.14851569 -0.03092222)
(0.0065124995 0.12924618 -0.028489771)
(0.0048936185 0.11094524 -0.025812201)
(0.0035685772 0.093754308 -0.022945984)
(0.0025056946 0.077735993 -0.01994492)
(0.0016736757 0.062896444 -0.016858526)
(0.0010424376 0.049204084 -0.013731057)
(0.00058393707 0.036604057 -0.010601033)
(0.00027337711 0.025028724 -0.0075011535)
(8.942562e-05 0.01440493 -0.0044584469)
(6.4851394e-06 0.0046587696 -0.0014947216)
(0.021448686 0.50412026 0.0059055829)
(0.010052952 0.46339708 0.011906422)
(0.039635312 0.42887647 0.01275543)
(0.057492402 0.40203819 0.011711244)
(0.071324405 0.38151792 0.0094506996)
(0.081942247 0.36575503 0.0067192078)
(0.089048414 0.35352602 0.0039165451)
(0.092960106 0.34393227 0.0011856654)
(0.09423496 0.33626757 -0.0014193214)
(0.093344684 0.33010949 -0.0038619896)
(0.090685713 0.32511906 -0.0061150165)
(0.086661528 0.3210188 -0.0081627214)
(0.08163187 0.31758866 -0.0099903162)
(0.075915166 0.31462038 -0.011588945)
(0.069775052 0.31182827 -0.012956677)
(0.063432513 0.30883054 -0.014099547)
(0.057064957 0.30502625 -0.015028452)
(0.050807949 0.29973077 -0.015754883)
(0.044769674 0.29225173 -0.016287218)
(0.039031254 0.28208119 -0.016628878)
(0.033653341 0.26902996 -0.01677902)
(0.028679754 0.25326554 -0.016735031)
(0.02413947 0.23525238 -0.016495621)
(0.020048031 0.21563365 -0.016063389)
(0.016408912 0.19510405 -0.015446245)
(0.013215055 0.17430906 -0.014657589)
(0.010450565 0.15378458 -0.013715539)
(0.0080925339 0.13393415 -0.012641604)
(0.0061128711 0.11503268 -0.011459189)
(0.0044800476 0.097245058 -0.010192196)
(0.0031606509 0.080650075 -0.0088638661)
(0.0021206642 0.065263927 -0.0074959355)
(0.001326499 0.051060353 -0.0061080685)
(0.00074613874 0.037986449 -0.0047175498)
(0.00035079664 0.025974315 -0.0033391667)
(0.00011537398 0.014949177 -0.0019852146)
(8.5297823e-06 0.0048347861 -0.00066569733)
(0.021725843 0.50557866 -0.0028658803)
(0.011101267 0.4679981 -0.0059264465)
(0.041245267 0.43573198 -0.0068755069)
(0.059831849 0.40998143 -0.0070690093)
(0.074088948 0.38961529 -0.0066798897)
(0.084944549 0.37340925 -0.0059771942)
(0.092151051 0.36041105 -0.005115144)
(0.096028424 0.34990955 -0.0041548887)
(0.097154477 0.34136022 -0.0031349829)
(0.096073233 0.33435338 -0.0020941063)
(0.09322726 0.32857486 -0.0010336793)
(0.089 0.32377488 1.1925548e-05)
(0.083759946 0.31974611 0.0010166368)
(0.077835974 0.31628138 0.0019596524)
(0.071500965 0.31310951 0.0028224244)
(0.064977221 0.30982488 0.0035946982)
(0.058442333 0.30584513 0.0042689993)
(0.052034355 0.3004571 0.0048434166)
(0.045858416 0.29295084 0.0053173362)
(0.039993697 0.28279621 0.0056904719)
(0.03449918 0.26978062 0.0059624894)
(0.029417344 0.2540514 0.0061332851)
(0.024776315 0.23605898 0.006203623)
(0.020591283 0.2164395 0.0061757461)
(0.016865748 0.19588648 0.0060537303)
(0.013592886 0.17504816 0.0058435285)
(0.010757102 0.15446517 0.0055527628)
(0.0083357323 0.13454618 0.005190356)
(0.0063007998 0.11557077 0.0047660911)
(0.0046207231 0.097707557 0.0042901642)
(0.0032618643 0.081038058 0.0037727766)
(0.0021898247 0.065580281 0.0032237927)
(0.0013705102 0.051309047 0.0026524759)
(0.0007713095 0.038171992 0.0020673032)
(0.00036283614 0.026101381 0.0014758473)
(0.00011942599 0.015022361 0.00088472633)
(8.8585066e-06 0.0048584618 0.00029952915)
(0.020936383 0.50146076 -0.011144345)
(0.0079728459 0.45430868 -0.022670762)
(0.036044893 0.41427267 -0.025285419)
(0.05176085 0.38380109 -0.024567905)
(0.064087301 0.36148263 -0.021622943)
(0.07362886 0.34533557 -0.017698572)
(0.080028506 0.33368466 -0.013447706)
(0.083573338 0.32528486 -0.0090922508)
(0.084757056 0.31923352 -0.0047200915)
(0.084032412 0.31486392 -0.00040136013)
(0.081751444 0.31171152 0.0037691646)
(0.078217445 0.30940646 0.0077316206)
(0.073757179 0.3076552 0.01142518)
(0.06864702 0.30618488 0.014793681)
(0.063121903 0.30467133 0.017797281)
(0.057381491 0.3026679 0.02041492)
(0.051591278 0.29957851 0.022639639)
(0.045884922 0.29471631 0.024473696)
(0.040367715 0.28744347 0.025918874)
(0.035121277 0.27733473 0.026974327)
(0.030207611 0.26428992 0.027637057)
(0.025671456 0.24855116 0.027904974)
(0.021541819 0.23063087 0.027780777)
(0.017833406 0.21119185 0.027274974)
(0.014548276 0.19092592 0.026407213)
(0.011677758 0.17046201 0.025205912)
(0.0092045371 0.15031398 0.023706666)
(0.0071047618 0.13086363 0.021950017)
(0.0053500431 0.11236766 0.01997909)
(0.0039092584 0.094977367 0.017837436)
(0.0027500738 0.078762447 0.015567255)
(0.0018401391 0.063733785 0.013208075)
(0.0011480048 0.049862637 0.010795864)
(0.00064407893 0.037095577 0.008362514)
(0.00030200179 0.025365439 0.0059356315)
(9.8988215e-05 0.014598904 0.0035385415)
(7.2239288e-06 0.0047215281 0.0011904099)
(0.019745728 0.49419007 -0.017709869)
(0.003744196 0.43167203 -0.035838596)
(0.028595205 0.38013603 -0.039859328)
(0.039831953 0.34344996 -0.038218351)
(0.04912278 0.3191321 -0.03317071)
(0.056436252 0.30375369 -0.026778842)
(0.061335812 0.29448935 -0.019974773)
(0.064102295 0.28933897 -0.013054283)
(0.06512312 0.28694018 -0.0061255952)
(0.06466531 0.28635134 0.00072770059)
(0.063022049 0.28694316 0.007387349)
(0.060430179 0.28818207 0.013756074)
(0.057080684 0.28965115 0.019722318)
(0.05316376 0.29096575 0.025185968)
(0.048861762 0.29169897 0.030074397)
(0.04433968 0.29132784 0.034343936)
(0.039737957 0.28923508 0.037963935)
(0.035178605 0.28479818 0.040921334)
(0.030762491 0.27752813 0.043211754)
(0.026570342 0.2671966 0.044826307)
(0.022663747 0.25390061 0.045758544)
(0.019085498 0.2380365 0.046010332)
(0.015860808 0.22020629 0.045596811)
(0.012999225 0.20109896 0.044549214)
(0.010497193 0.18138515 0.042914662)
(0.0083408977 0.16164595 0.040753541)
(0.0065091029 0.14233854 0.038135519)
(0.0049757173 0.12379133 0.035135198)
(0.0037119784 0.10621712 0.031828105)
(0.0026881952 0.089734641 0.028287419)
(0.0018750571 0.074391751 0.02458155)
(0.0012445317 0.06018623 0.020772559)
(0.00077045221 0.047082828 0.016915287)
(0.00042903259 0.035026205 0.013057051)
(0.00019963123 0.023950249 0.0092377378)
(6.4801063e-05 0.013784464 0.0054901708)
(4.5695475e-06 0.0044581414 0.0018406074)
(0.018862346 0.48674684 -0.022773507)
(0.0011672329 0.41010198 -0.045728211)
(0.022881464 0.3492044 -0.050603144)
(0.029930388 0.30844933 -0.048011988)
(0.03630337 0.28369453 -0.04126461)
(0.041217595 0.26983607 -0.033045348)
(0.04429721 0.2629699 -0.024419356)
(0.045866475 0.26053703 -0.015704952)
(0.046250258 0.26093378 -0.0070007407)
(0.045660333 0.26313017 0.0016267152)
(0.044276039 0.26641133 0.010092869)
(0.042239426 0.27018483 0.018249158)
(0.039674708 0.27393023 0.025941867)
(0.036708391 0.27713235 0.033031165)
(0.033467177 0.27923355 0.039403561)
(0.030072157 0.2796237 0.044975435)
(0.026634562 0.27768986 0.049687289)
(0.023253211 0.27292181 0.053495612)
(0.020012773 0.26502951 0.056368226)
(0.01698192 0.25402164 0.058287484)
(0.014209773 0.24020698 0.059253543)
(0.011725149 0.22412384 0.05928652)
(0.0095394128 0.20643397 0.058430901)
(0.0076498897 0.18781576 0.056753417)
(0.0060428844 0.16888318 0.054339891)
(0.0046970672 0.15013978 0.051289207)
(0.0035866255 0.13196367 0.047706729)
(0.002683854 0.11461418 0.043698366)
(0.001961078 0.098250006 0.039365832)
(0.0013919586 0.082951184 0.034803281)
(0.00095228638 0.068740326 0.030095237)
(0.00062037687 0.055600614 0.025315586)
(0.00037719062 0.043489958 0.020527383)
(0.00020635607 0.032351484 0.015783236)
(9.427382e-05 0.022120925 0.011126025)
(2.9885184e-05 0.012731606 0.0065898315)
(1.9321617e-06 0.0041176383 0.0022008905)
(0.018262816 0.48014402 -0.027035039)
(-0.0002138011 0.3920274 -0.053460413)
(0.01898655 0.32484476 -0.058323793)
(0.022615767 0.28273639 -0.054720702)
(0.026683277 0.25945147 -0.046480689)
(0.029538209 0.24804305 -0.036790369)
(0.030963901 0.24363179 -0.026778175)
(0.031325588 0.24331959 -0.016763365)
(0.030910471 0.24548695 -0.006815589)
(0.029896377 0.24918629 0.0030309731)
(0.028408535 0.25375606 0.012700166)
(0.026545116 0.25861757 0.022049207)
(0.024392922 0.26318846 0.030904218)
(0.022036859 0.26684793 0.039089793)
(0.019562643 0.26894075 0.046449554)
(0.017055468 0.26882453 0.052855182)
(0.014596667 0.26595801 0.05820669)
(0.012258307 0.26000345 0.062428192)
(0.010099693 0.25090308 0.065472735)
(0.0081620949 0.2388925 0.067326158)
(0.006478155 0.22444707 0.068014175)
(0.0050358379 0.20818736 0.067600913)
(0.0038422642 0.19077579 0.066159366)
(0.002874088 0.17283235 0.063798341)
(0.0021059521 0.15488145 0.060646232)
(0.001509662 0.13732968 0.056838515)
(0.0010566334 0.12046666 0.052509649)
(0.00071993618 0.10447952 0.047787086)
(0.0004754739 0.08947308 0.042787209)
(0.00030249424 0.075490406 0.037612997)
(0.00018367047 0.062530937 0.032353129)
(0.00010491478 0.050565166 0.027082124)
(5.504598e-05 0.03954574 0.021861177)
(2.537702e-05 0.029415479 0.016739379)
(9.3297275e-06 0.020112898 0.011755123)
(2.0173162e-06 0.011575856 0.0069375432)
(-9.976049e-08 0.0037438529 0.0023078366)
(0.017759753 0.4741008 -0.030774557)
(-0.0016272316 0.37609373 -0.059596163)
(0.015703941 0.3046995 -0.063711203)
(0.016536422 0.26334014 -0.059055844)
(0.018947262 0.24307174 -0.049425157)
(0.020219239 0.23494778 -0.038490945)
(0.020379107 0.23320354 -0.027370229)
(0.019790449 0.23476256 -0.016366405)
(0.018697542 0.23812212 -0.0055250894)
(0.0172547 0.24250641 0.005148614)
(0.015570771 0.24737305 0.015593508)
(0.013731419 0.25219108 0.025673738)
(0.011808489 0.2563584 0.035203005)
(0.0098677745 0.25921099 0.043978545)
(0.0079726353 0.26008325 0.051808724)
(0.0061829288 0.25840012 0.058528195)
(0.0045514841 0.25377812 0.06400886)
(0.0031187679 0.24609899 0.068165447)
(0.0019156375 0.23552893 0.070959011)
(0.00096715758 0.22247781 0.072400787)
(0.0002127723 0.20751476 0.072549453)
(-0.00032233509 0.19126954 0.071488201)
(-0.00064651193 0.17434818 0.069364871)
(-0.000836768 0.15727572 0.066331076)
(-0.00090986606 0.14046908 0.062547357)
(-0.00089717762 0.12423351 0.058172321)
(-0.00082709664 0.10877353 0.053354935)
(-0.00072265322 0.094210828 0.048229596)
(-0.00060177701 0.08060363 0.042913585)
(-0.00047790308 0.06796437 0.037506355)
(-0.00036058479 0.056274294 0.032090107)
(-0.00025614086 0.04549476 0.02673115)
(-0.00016830444 0.035575523 0.021481676)
(-9.8881196e-05 0.026460563 0.016381668)
(-4.8422138e-05 0.018092014 0.011460772)
(-1.6704956e-05 0.010412698 0.0067400346)
(-1.4136633e-06 0.0033676685 0.0022333944)
(0.017261859 0.46833485 -0.033951593)
(-0.0031564243 0.36136444 -0.064101237)
(0.012493628 0.28710119 -0.067185976)
(0.010923594 0.24787574 -0.061546527)
(0.01218377 0.23150184 -0.050620558)
(0.012212781 0.22702825 -0.038652244)
(0.011456279 0.22795669 -0.026639041)
(0.01020038 0.23116601 -0.014865637)
(0.008636313 0.23533712 -0.0033627963)
(0.0068985821 0.23988032 0.0078744124)
(0.0050909313 0.24437475 0.01878883)
(0.0032976903 0.24834593 0.029241873)
(0.0015880708 0.25121592 0.03903543)
(2.1511469e-05 0.25235919 0.047947527)
(-0.0013512823 0.25120322 0.055764416)
(-0.0024917722 0.24733781 0.062305329)
(-0.0033751428 0.24059619 0.067440002)
(-0.0039922853 0.23108253 0.071098348)
(-0.0043546393 0.21914115 0.073269899)
(-0.0044705642 0.20528222 0.073998715)
(-0.0044007965 0.19009042 0.07339878)
(-0.0041600106 0.17414223 0.071627452)
(-0.0038146467 0.15794804 0.068852466)
(-0.0033991439 0.14192143 0.065258785)
(-0.0029482818 0.12637167 0.061024594)
(-0.0024914254 0.11151142 0.056315867)
(-0.0020509567 0.097472298 0.051280909)
(-0.001642659 0.084322737 0.046047565)
(-0.0012766883 0.072084766 0.040722699)
(-0.00095862674 0.060748202 0.035393228)
(-0.00069049878 0.050281807 0.030128026)
(-0.0004716863 0.040641593 0.024980232)
(-0.0002997097 0.03177675 0.019989634)
(-0.00017096007 0.023633711 0.015184949)
(-8.144382e-05 0.016158821 0.010585861)
(-2.7215861e-05 0.0093000158 0.0062048146)
(-2.1065514e-06 0.0030078076 0.0020484631)
(0.016733314 0.46269707 -0.036545459)
(-0.0046688913 0.34745883 -0.066839198)
(0.0092970816 0.27128276 -0.06904656)
(0.0055286416 0.2350299 -0.062427118)
(0.0060075583 0.22283547 -0.050417804)
(0.0049524148 0.22192175 -0.037648937)
(0.00353066 0.22524745 -0.024951027)
(0.0018343686 0.22976466 -0.012596971)
(-6.0030253e-06 0.23436344 -0.00062356781)
(-0.0018727981 0.23862124 0.010962551)
(-0.00366511 0.24222293 0.022089779)
(-0.0052986982 0.24476221 0.03260559)
(-0.0067049478 0.24573859 0.042299342)
(-0.0078315316 0.24464845 0.050939687)
(-0.0086435637 0.24109961 0.058311318)
(-0.0091255673 0.23490347 0.064244856)
(-0.0092850516 0.22611647 0.068636902)
(-0.0091665348 0.21502295 0.071458363)
(-0.0087634058 0.20207263 0.072750759)
(-0.0081640474 0.18779861 0.072645201)
(-0.0074496583 0.17273885 0.071284156)
(-0.0066357951 0.15737882 0.068855663)
(-0.0057879495 0.14211887 0.06555895)
(-0.004946437 0.12726361 0.061587796)
(-0.0041420729 0.11302676 0.057121384)
(-0.0033970038 0.099544331 0.052318302)
(-0.002725428 0.086890824 0.047313761)
(-0.0021348123 0.075094875 0.042219353)
(-0.0016273548 0.0641528 0.037124517)
(-0.001201376 0.054039381 0.032098948)
(-0.00085251451 0.044716018 0.027195387)
(-0.00057468942 0.036136609 0.022452429)
(-0.00036084638 0.028251636 0.017897137)
(-0.00020361296 0.021010898 0.013547349)
(-9.5986189e-05 0.014365261 0.009413639)
(-3.1682668e-05 0.008267711 0.0055009725)
(-2.3616012e-06 0.0026739411 0.001809972)
(0.016295509 0.4570539 -0.038518949)
(-0.0062123417 0.3341473 -0.067750957)
(0.006253526 0.25676222 -0.069778603)
(0.00022599677 0.2238969 -0.061608395)
(0.00014189888 0.21572153 -0.049118667)
(-0.0018562447 0.21797266 -0.03576839)
(-0.0037489293 0.22322862 -0.022579555)
(-0.0057077565 0.22860801 -0.0098358296)
(-0.0076518341 0.23321204 0.0024092741)
(-0.0094780695 0.23676314 0.014120009)
(-0.011091132 0.23904826 0.025197901)
(-0.012411406 0.23975945 0.035471187)
(-0.013379402 0.23853219 0.044721965)
(-0.013959508 0.2350497 0.05272695)
(-0.014142647 0.22914279 0.059296715)
(-0.013946757 0.22084603 0.064305208)
(-0.01341477 0.21039769 0.06770589)
(-0.012608551 0.19819305 0.069534619)
(-0.011588211 0.18471347 0.069903948)
(-0.010447945 0.17045509 0.068971833)
(-0.0092343397 0.15587284 0.066935823)
(-0.0080119807 0.14134742 0.063999933)
(-0.0068285217 0.12717286 0.060368141)
(-0.0057179314 0.11355884 0.056228615)
(-0.0047028462 0.10064167 0.051746762)
(-0.0037962701 0.088498717 0.047062377)
(-0.0030034019 0.07716284 0.042289635)
(-0.002323537 0.066635104 0.037518912)
(-0.0017518021 0.056895079 0.032819597)
(-0.0012806082 0.047908703 0.028243274)
(-0.00090079106 0.039634025 0.023826876)
(-0.00060245596 0.032025236 0.019595572)
(-0.00037558014 0.025035399 0.015565268)
(-0.00021052964 0.018618223 0.011744715)
(-9.8613039e-05 0.012729162 0.0081372254)
(-3.2297531e-05 0.0073260446 0.0047420748)
(-2.3530174e-06 0.0023693884 0.0015555247)
(0.016176832 0.45133813 -0.039720825)
(-0.0082022718 0.32140923 -0.067017586)
(0.0030464791 0.24327769 -0.069293154)
(-0.0049210728 0.21369937 -0.059411793)
(-0.0057940475 0.20910529 -0.046847861)
(-0.0082536999 0.21390724 -0.033180881)
(-0.010497948 0.2205266 -0.019728183)
(-0.01258804 0.22627955 -0.0068159909)
(-0.014481082 0.23046612 0.0054679435)
(-0.01609946 0.23294648 0.017047669)
(-0.017365185 0.23362148 0.027792951)
(-0.018216598 0.23232096 0.037517975)
(-0.018617485 0.22886222 0.046013668)
(-0.018562251 0.2231442 0.053089328)
(-0.018076962 0.21521534 0.058608995)
(-0.017215712 0.20529128 0.062514362)
(-0.016053055 0.19372599 0.064831582)
(-0.014673917 0.18095502 0.065663712)
(-0.013163279 0.16743308 0.065172847)
(-0.011600836 0.15358279 0.063554723)
(-0.010052233 0.13976234 0.061020031)
(-0.0085697877 0.12625187 0.057777562)
(-0.0071904556 0.1132539 0.054020206)
(-0.0059376122 0.10090235 0.049917041)
(-0.0048233179 0.089275251 0.04561016)
(-0.0038507822 0.078407985 0.041214713)
(-0.0030167322 0.068305076 0.036820945)
(-0.0023134813 0.058949931 0.032497293)
(-0.0017306132 0.050312347 0.028293867)
(-0.0012562748 0.042354047 0.024245847)
(-0.00087812127 0.035032613 0.020376574)
(-0.00058396026 0.028304168 0.016700202)
(-0.00036216968 0.022125151 0.013223893)
(-0.00020204284 0.01645343 0.0099496006)
(-9.4193183e-05 0.011248957 0.0068754638)
(-3.0681758e-05 0.0064741137 0.003996925)
(-2.1961067e-06 0.0020938575 0.0013075051)
(0.0161069 0.44558784 -0.039956719)
(-0.010915589 0.30906836 -0.064935887)
(-0.00098440646 0.23050144 -0.066963894)
(-0.0096418342 0.20373008 -0.056373051)
(-0.011646088 0.2021097 -0.043661106)
(-0.014367138 0.20874662 -0.030005963)
(-0.01678022 0.21610985 -0.016578186)
(-0.018842853 0.22175141 -0.0037651539)
(-0.020519086 0.22515368 0.0082830425)
(-0.021759988 0.22631154 0.019444885)
(-0.02251835 0.2252597 0.029564377)
(-0.022765453 0.2219953 0.038457802)
(-0.022502449 0.21653461 0.045947554)
(-0.021763802 0.208981 0.051899412)
(-0.020614237 0.19955751 0.056249906)
(-0.019140497 0.18859648 0.059017628)
(-0.017440326 0.17649904 0.060298575)
(-0.015611356 0.16368434 0.060249723)
(-0.013742158 0.15054471 0.05906673)
(-0.011906595 0.1374158 0.056961347)
(-0.010161329 0.12456285 0.054143147)
(-0.0085457548 0.11217985 0.05080607)
(-0.007083788 0.10039695 0.047120077)
(-0.0057865911 0.089291713 0.043227624)
(-0.0046555425 0.078901029 0.039243595)
(-0.003685027 0.069232123 0.035257394)
(-0.0028648152 0.06027165 0.031336201)
(-0.0021819605 0.051992822 0.027528616)
(-0.0016222266 0.044360724 0.023868221)
(-0.0011711092 0.037336103 0.020376801)
(-0.00081452359 0.030877996 0.017067087)
(-0.00053922575 0.024945481 0.013945018)
(-0.0003330459 0.019498789 0.011011544)
(-0.0001850817 0.014499979 0.0082640392)
(-8.596379e-05 0.0099133067 0.0056973858)
(-2.7870997e-05 0.0057053883 0.0033048117)
(-1.9680248e-06 0.0018452366 0.0010784473)
(0.015819271 0.44000777 -0.039150441)
(-0.013341045 0.29720736 -0.061535109)
(-0.005125881 0.21832673 -0.063093151)
(-0.014133362 0.19366274 -0.052562679)
(-0.017158403 0.1940698 -0.039853221)
(-0.02011441 0.20171252 -0.026462455)
(-0.022540551 0.20919693 -0.013353572)
(-0.024406467 0.214304 -0.00093945521)
(-0.025698743 0.21666947 0.010575276)
(-0.02640535 0.2164171 0.021025453)
(-0.026525377 0.21372522 0.030247216)
(-0.026076801 0.20876368 0.038081691)
(-0.025107617 0.20173137 0.044404525)
(-0.023695223 0.19289291 0.049153382)
(-0.021938827 0.18258412 0.052342376)
(-0.019948136 0.17118846 0.05406079)
(-0.017831593 0.15909966 0.05445905)
(-0.015686709 0.14668542 0.053727721)
(-0.013593877 0.13426167 0.052075306)
(-0.011613791 0.12207994 0.049709126)
(-0.0097877668 0.11032608 0.046821389)
(-0.0081399438 0.09912644 0.043580701)
(-0.006680469 0.088557875 0.040128299)
(-0.0054089123 0.078658585 0.036577832)
(-0.004317424 0.069438266 0.033017404)
(-0.0033933946 0.060886638 0.029512837)
(-0.002621542 0.052980188 0.026111374)
(-0.001985458 0.04568725 0.022845308)
(-0.001468691 0.038971663 0.019735252)
(-0.0010554585 0.032795332 0.016792941)
(-0.00073107719 0.027119951 0.014023511)
(-0.00048218111 0.021908114 0.011427317)
(-0.0002967997 0.017123999 0.0090013438)
(-0.00016441792 0.012733757 0.0067402717)
(-7.6125401e-05 0.0087057029 0.0046372789)
(-2.45947e-05 0.0050103625 0.0026846532)
(-1.7151509e-06 0.0016204512 0.000874163)
(0.015478953 0.4345156 -0.037342749)
(-0.015114366 0.28569653 -0.056890207)
(-0.0089834065 0.20648631 -0.057759471)
(-0.018412785 0.18309909 -0.047776172)
(-0.022255693 0.18447185 -0.035525478)
(-0.025392274 0.19224388 -0.022732654)
(-0.027688325 0.19925885 -0.010269051)
(-0.029187945 0.20350173 0.001423559)
(-0.029939149 0.20472313 0.012094964)
(-0.029989508 0.20315237 0.021559907)
(-0.029389476 0.19909727 0.029666606)
(-0.028212673 0.19287544 0.036300409)
(-0.026556174 0.18482407 0.041402757)
(-0.024535078 0.17530977 0.044985001)
(-0.022272345 0.16471893 0.047129378)
(-0.019887323 0.15343397 0.047977614)
(-0.017486027 0.14180702 0.047711811)
(-0.015154877 0.13013981 0.046533234)
(-0.012958219 0.11867353 0.044643422)
(-0.010938947 0.10758788 0.042230081)
(-0.0091211735 0.097006663 0.039458343)
(-0.0075138901 0.087006778 0.036466757)
(-0.006114803 0.07762825 0.033366861)
(-0.0049138404 0.0688836 0.03024507)
(-0.0038960689 0.060765863 0.027165832)
(-0.0030439587 0.053254989 0.02417526)
(-0.002339033 0.046322702 0.021304729)
(-0.0017630056 0.039936048 0.018574136)
(-0.0012985083 0.034059898 0.015994682)
(-0.0009295175 0.028658645 0.013571161)
(-0.00064156161 0.023697324 0.011303764)
(-0.00042177236 0.019142313 0.0091894724)
(-0.00025884071 0.014961734 0.0072231127)
(-0.00014298722 0.01112567 0.0053981369)
(-6.6022884e-05 0.0076062365 0.0037071904)
(-2.1254615e-05 0.0043775756 0.0021425408)
(-1.4674132e-06 0.0014157944 0.00069630977)
(0.01512052 0.42905826 -0.034423505)
(-0.01698428 0.2745144 -0.051213451)
(-0.012917258 0.19480605 -0.051279481)
(-0.022548535 0.1718606 -0.04214003)
(-0.026936779 0.17307595 -0.030814552)
(-0.030123808 0.18006591 -0.019004138)
(-0.03214436 0.1860462 -0.0075426408)
(-0.033143206 0.1891781 0.0031005734)
(-0.033241681 0.18927453 0.012642746)
(-0.032558232 0.18662219 0.020902542)
(-0.031211513 0.18161468 0.027758361)
(-0.029331541 0.17466474 0.033149535)
(-0.027057584 0.1661871 0.037082321)
(-0.024530559 0.15658957 0.039629715)
(-0.021883157 0.14625848 0.040921667)
(-0.019231007 0.13554144 0.041127994)
(-0.016666981 0.12473365 0.040438659)
(-0.01425918 0.11407104 0.039045636)
(-0.012052072 0.10373058 0.037128975)
(-0.010069686 0.093835809 0.034847919)
(-0.0083197851 0.084465349 0.032336635)
(-0.0067981501 0.075662213 0.029703489)
(-0.0054924378 0.067442634 0.027032673)
(-0.0043853591 0.059803647 0.024387123)
(-0.003457116 0.052729205 0.021811974)
(-0.0026871555 0.046194863 0.019338006)
(-0.0020553567 0.040171237 0.016984812)
(-0.0015427733 0.034626464 0.014763518)
(-0.0011320518 0.029527906 0.012679021)
(-0.00080761753 0.024843269 0.010731765)
(-0.00055570805 0.02054133 0.0089191138)
(-0.0003643027 0.016592371 0.007236381)
(-0.00022299391 0.012968408 0.0056775907)
(-0.00012288909 0.0096432969 0.0042360266)
(-5.660279e-05 0.0065927464 0.0029046229)
(-1.8176655e-05 0.0037942765 0.0016762571)
(-1.2413742e-06 0.0012271433 0.00054388072)
(0.01473089 0.42411387 -0.030258853)
(-0.019004839 0.26433915 -0.044385475)
(-0.016584619 0.18361106 -0.043893875)
(-0.026383845 0.16012495 -0.035881549)
(-0.031112508 0.16001923 -0.025885353)
(-0.034237093 0.16530191 -0.015448251)
(-0.035881167 0.16968153 -0.0053545511)
(-0.036293224 0.17148086 0.0039234484)
(-0.035685167 0.17052062 0.012099971)
(-0.034257384 0.16708167 0.019008675)
(-0.032198214 0.16157439 0.024566869)
(-0.0296887 0.15443588 0.028765199)
(-0.026899177 0.14609222 0.031660736)
(-0.023982817 0.13693853 0.033366089)
(-0.021069206 0.12732446 0.034033454)
(-0.018260229 0.11754445 0.033836278)
(-0.015629205 0.10783372 0.032952211)
(-0.013222964 0.09836986 0.031549646)
(-0.011065855 0.089278691 0.029778798)
(-0.0091645801 0.080642443 0.027767138)
(-0.0075130174 0.072508642 0.025618288)
(-0.0060964947 0.06489848 0.023413247)
(-0.0048952621 0.05781406 0.021212961)
(-0.0038871258 0.051244267 0.019061454)
(-0.0030493209 0.04516931 0.016989035)
(-0.0023597582 0.03956411 0.015015263)
(-0.0017977868 0.034400733 0.013151533)
(-0.0013446065 0.029650087 0.011403218)
(-0.0009834345 0.025283074 0.0097713848)
(-0.0006995129 0.021271333 0.0082541247)
(-0.00048001564 0.017587708 0.0068475526)
(-0.00031389259 0.014206512 0.0055465454)
(-0.00019168722 0.011103655 0.0043452721)
(-0.00010539988 0.0082566906 0.0032375681)
(-4.8443165e-05 0.0056447957 0.002217193)
(-1.5507533e-05 0.0032487179 0.0012780253)
(-1.0509283e-06 0.0010507008 0.00041412154)
(0.014363969 0.42001196 -0.024982644)
(-0.020744992 0.25570605 -0.036497469)
(-0.019712157 0.17339148 -0.03578048)
(-0.029709824 0.14843067 -0.02915374)
(-0.034657782 0.14596786 -0.020852884)
(-0.037656767 0.14869172 -0.012167874)
(-0.038890136 0.15090507 -0.0037904331)
(-0.038707726 0.15111233 0.0038424341)
(-0.037417461 0.14911314 0.010467544)
(-0.035303559 0.14512419 0.015945877)
(-0.032618932 0.13949916 0.020230426)
(-0.029586058 0.13262566 0.023347854)
(-0.026394525 0.12487816 0.025382483)
(-0.023198498 0.11659349 0.026459806)
(-0.020116048 0.10805785 0.026729027)
(-0.017230482 0.099501962 0.026346588)
(-0.014593869 0.091102228 0.025463313)
(-0.012232489 0.08298605 0.024215651)
(-0.010152864 0.075239302 0.022720756)
(-0.0083473842 0.067914509 0.021074845)
(-0.0067991545 0.061038646 0.019353885)
(-0.0054858775 0.054619915 0.017615641)
(-0.0043827644 0.048653303 0.015902352)
(-0.0034645801 0.043124902 0.014243548)
(-0.0027069849 0.038015164 0.012658711)
(-0.0020873412 0.033301261 0.011159625)
(-0.0015851329 0.028958753 0.0097523512)
(-0.0011821202 0.024962741 0.0084388345)
(-0.00086232438 0.02128863 0.0072181543)
(-0.00061190573 0.01791262 0.0060874814)
(-0.0004189855 0.014812008 0.0050427817)
(-0.00027343811 0.011965354 0.0040793249)
(-0.00016667738 0.0093525619 0.0031920412)
(-9.1493301e-05 0.0069548959 0.0023757655)
(-4.1975689e-05 0.0047549598 0.0016254012)
(-1.341768e-05 0.0027366501 0.0009360458)
(-9.0033708e-07 0.00088509597 0.00030300257)
(0.014030428 0.41688602 -0.018829528)
(-0.022101481 0.24893968 -0.027705848)
(-0.022152557 0.16475404 -0.027055418)
(-0.032353497 0.1377268 -0.02206675)
(-0.037445133 0.13226634 -0.015786389)
(-0.040301586 0.13187011 -0.0091939325)
(-0.041155813 0.13148323 -0.0028389346)
(-0.040448345 0.12984097 0.0029177396)
(-0.038574747 0.12673677 0.0078591383)
(-0.035893426 0.1222988 0.011878949)
(-0.032710401 0.11677419 0.014954589)
(-0.029278451 0.11044435 0.017126806)
(-0.025797151 0.10358265 0.018480334)
(-0.022415269 0.09643236 0.019127609)
(-0.019235998 0.08919598 0.019195753)
(-0.016323715 0.082032638 0.018808194)
(-0.013711556 0.075060726 0.018078606)
(-0.011408863 0.068363147 0.017107611)
(-0.009408208 0.061993629 0.015979627)
(-0.0076912791 0.055983113 0.01476218)
(-0.0062334793 0.050345481 0.013507358)
(-0.0050073483 0.045082316 0.012253887)
(-0.0039849187 0.040186662 0.0110294)
(-0.0031392383 0.035645883 0.0098526407)
(-0.0024452751 0.031443767 0.0087354486)
(-0.001880383 0.027562043 0.0076844637)
(-0.0014244673 0.023981445 0.006702534)
(-0.0010599578 0.02068245 0.0057898374)
(-0.00077166554 0.017645774 0.0049447487)
(-0.00054657909 0.014852699 0.0041644888)
(-0.00037363271 0.012285287 0.0034455961)
(-0.00024346604 0.0099265025 0.0027842589)
(-0.00014819387 0.0077602819 0.0021765425)
(-8.1233848e-05 0.0057715622 0.0016185396)
(-3.7222259e-05 0.003946279 0.0011064668)
(-1.1870767e-05 0.0022713461 0.00063674062)
(-7.9342511e-07 0.0007346235 0.00020595902)
(0.014042266 0.41490307 -0.012104323)
(-0.022969916 0.24438476 -0.018185171)
(-0.023798223 0.15843964 -0.017835333)
(-0.034184077 0.12932731 -0.014708369)
(-0.039367086 0.12089685 -0.01072188)
(-0.042098067 0.1174489 -0.0064973331)
(-0.042652837 0.11446831 -0.0024048766)
(-0.041545445 0.11094665 0.0013047676)
(-0.039239649 0.10671558 0.0044785346)
(-0.036149827 0.10183492 0.007041941)
(-0.032619691 0.09644097 0.008982126)
(-0.02892066 0.090691647 0.010335734)
(-0.025254886 0.084740487 0.011163558)
(-0.021765144 0.078724822 0.011543323)
(-0.018541846 0.072756394 0.011559818)
(-0.015631394 0.066920801 0.011296078)
(-0.013052995 0.061282447 0.010826433)
(-0.010804728 0.055886092 0.010214451)
(-0.0088695779 0.050759733 0.0095125177)
(-0.0072220771 0.045918673 0.0087615431)
(-0.0058328067 0.041368922 0.0079931535)
(-0.0046711781 0.037109683 0.007230631)
(-0.0037074241 0.033135318 0.0064902511)
(-0.0029137458 0.029436838 0.0057827486)
(-0.0022649098 0.026003012 0.0051146137)
(-0.0017384812 0.022821177 0.0044891825)
(-0.0013148232 0.019877839 0.0039075287)
(-0.00097695208 0.017159109 0.0033691684)
(-0.00071031747 0.014651028 0.002872602)
(-0.00050254581 0.012339802 0.0024157134)
(-0.00034317844 0.010211981 0.0019960561)
(-0.00022341598 0.0082545848 0.001611048)
(-0.00013587947 0.0064551901 0.0012581008)
(-7.4431632e-05 0.0048019911 0.00093470086)
(-3.407599e-05 0.0032838347 0.00063845705)
(-1.0867314e-05 0.001890237 0.00036714534)
(-7.2470724e-07 0.00061138586 0.0001186699)
(0.014368273 0.41402342 -0.0051749841)
(-0.023371854 0.24215618 -0.0081166619)
(-0.024640763 0.1550204 -0.00825375)
(-0.035159505 0.12437014 -0.0071738244)
(-0.040386318 0.11403152 -0.0056761358)
(-0.043025596 0.10850048 -0.0040087913)
(-0.043392709 0.10368126 -0.0023362933)
(-0.042044067 0.098769247 -0.00077819353)
(-0.039485274 0.093660997 0.00058604549)
(-0.036163473 0.088391551 0.0017115811)
(-0.03244376 0.083030611 0.002582951)
(-0.028607346 0.077647636 0.003212054)
(-0.024852841 0.072305041 0.0036209299)
(-0.021316941 0.067058335 0.0038405216)
(-0.018080842 0.061951569 0.0039033681)
(-0.015184264 0.057018362 0.0038451799)
(-0.012637298 0.052283291 0.003699138)
(-0.010430271 0.047763221 0.0034926241)
(-0.0085402517 0.043468417 0.0032478286)
(-0.0069380524 0.039404511 0.0029822723)
(-0.0055923145 0.035573472 0.0027087484)
(-0.0044708295 0.031973892 0.0024372448)
(-0.0035430145 0.028601887 0.0021746991)
(-0.0027808103 0.025451673 0.0019255652)
(-0.0021590328 0.022515976 0.0016923948)
(-0.0016554906 0.019786378 0.0014763369)
(-0.0012509021 0.01725361 0.0012775521)
(-0.00092869239 0.014907812 0.0010955453)
(-0.00067473043 0.012738762 0.00092942245)
(-0.000477049 0.010736071 0.00077807807)
(-0.00032556824 0.0088893509 0.00064032405)
(-0.00021183108 0.0071883561 0.00051497358)
(-0.00012876311 0.0056230956 0.00040089079)
(-7.0493561e-05 0.004183922 0.00029701754)
(-3.2260974e-05 0.002861597 0.00020238477)
(-1.0272177e-05 0.001647337 0.00011613386)
(-6.8550054e-07 0.00053284263 3.7464355e-05)
(0.014509574 0.41397098 0.0017997654)
(-0.023404178 0.24199387 0.0022294562)
(-0.024762258 0.15472808 0.0014954047)
(-0.03529306 0.12390142 0.00042584891)
(-0.040512434 0.11326885 -0.00065412306)
(-0.043116415 0.10735724 -0.0016290158)
(-0.043431369 0.10214614 -0.0024439265)
(-0.042023481 0.096882497 -0.0030782194)
(-0.039406543 0.091493682 -0.0035348676)
(-0.036034609 0.086031549 -0.0038300624)
(-0.032277324 0.080566316 -0.0039874879)
(-0.028417545 0.075158325 -0.004036469)
(-0.024652842 0.069855639 -0.0039963197)
(-0.02111737 0.064697959 -0.0038897856)
(-0.017889795 0.059714685 -0.0037358488)
(-0.015007492 0.054926785 -0.0035493695)
(-0.012478247 0.050348585 -0.0033418855)
(-0.010290147 0.045989223 -0.003122382)
(-0.008419639 0.041853836 -0.0028983845)
(-0.0068360269 0.037944131 -0.0026737793)
(-0.0055069261 0.034259651 -0.002451838)
(-0.0044005122 0.030797998 -0.0022349934)
(-0.0034858951 0.027554733 -0.0020248998)
(-0.0027350414 0.024523997 -0.0018226878)
(-0.0021228802 0.021698742 -0.0016291449)
(-0.0016273721 0.019070953 -0.0014448249)
(-0.0012294056 0.016631864 -0.0012701045)
(-0.00091258001 0.014372159 -0.001105208)
(-0.00066293422 0.012282168 -0.00095021867)
(-0.00046865901 0.010352038 -0.00080508823)
(-0.00031981691 0.0085718945 -0.0006696497)
(-0.0002080781 0.006931975 -0.00054363438)
(-0.00012648013 0.005422737 -0.00042669171)
(-6.9247128e-05 0.0040349489 -0.00031840972)
(-3.1686509e-05 0.0027597558 -0.00021833449)
(-1.0099465e-05 0.001588727 -0.00012596859)
(-6.7118001e-07 0.00051388728 -4.0833286e-05)
(0.014101989 0.41456615 0.0087188623)
(-0.023106352 0.2436994 0.012445055)
(-0.024209617 0.15757543 0.011164025)
(-0.034612908 0.12802136 0.0079759397)
(-0.039773232 0.11885073 0.0043457037)
(-0.042404054 0.11439216 0.0007575797)
(-0.042809157 0.1103646 -0.002519772)
(-0.041527655 0.10590436 -0.0053285124)
(-0.039048757 0.10092554 -0.0075960277)
(-0.035807322 0.095524106 -0.0093102751)
(-0.032159666 0.089836622 -0.010501276)
(-0.028383665 0.084000315 -0.011229585)
(-0.024681548 0.078133446 -0.011563337)
(-0.021186414 0.072332062 -0.011575788)
(-0.017981831 0.066671967 -0.011338103)
(-0.0151093 0.061208077 -0.010914465)
(-0.012580907 0.055977878 -0.010359873)
(-0.010387224 0.05100447 -0.0097196842)
(-0.00850714 0.046300972 -0.0090296424)
(-0.0069131812 0.041872846 -0.0083169795)
(-0.0055735991 0.037719271 -0.0076015397)
(-0.0044567904 0.033835378 -0.0068981108)
(-0.0035325655 0.030213421 -0.006216914)
(-0.0027731022 0.02684367 -0.0055646775)
(-0.0021534039 0.023715053 -0.0049455532)
(-0.00165143 0.020815643 -0.0043618227)
(-0.0012480161 0.018133017 -0.0038144213)
(-0.00092667822 0.015654539 -0.0033033205)
(-0.00067335583 0.013367576 -0.0028278077)
(-0.00047613692 0.011259674 -0.0023866936)
(-0.0003249846 0.0093186893 -0.0019784671)
(-0.00021147529 0.0075328921 -0.0016014139)
(-0.00012856054 0.0058910433 -0.001253706)
(-7.038955e-05 0.0043824478 -0.00093346947)
(-3.2217338e-05 0.0029969883 -0.000638835)
(-1.0258898e-05 0.001725143 -0.00036796011)
(-6.8428898e-07 0.00055799013 -0.00011910016)
(0.013813294 0.41603372 0.015592282)
(-0.022529301 0.24745789 0.022178984)
(-0.022936856 0.16331547 0.020511531)
(-0.033133657 0.13598384 0.01535897)
(-0.03819136 0.12953975 0.0093252034)
(-0.040902246 0.12780515 0.0032635581)
(-0.041526525 0.12601427 -0.0023607955)
(-0.040543639 0.12310119 -0.0072673035)
(-0.038387997 0.11896461 -0.01131351)
(-0.035450841 0.11377764 -0.014456029)
(-0.032061218 0.1077922 -0.016722284)
(-0.028483204 0.10126826 -0.018187851)
(-0.024917499 0.094442041 -0.018960122)
(-0.021506564 0.087512382 -0.019155229)
(-0.018343169 0.080636857 -0.018891131)
(-0.01547972 0.073933296 -0.01827837)
(-0.012937921 0.067484581 -0.017414443)
(-0.010717463 0.061344807 -0.016381203)
(-0.0088034112 0.055545569 -0.015243807)
(-0.0071720137 0.050101606 -0.014054006)
(-0.0057950175 0.045015473 -0.012850703)
(-0.004642757 0.040281281 -0.011662133)
(-0.0036861606 0.035887511 -0.010508037)
(-0.0028979483 0.031819095 -0.0094015879)
(-0.0022532779 0.028058891 -0.008351013)
(-0.0017300124 0.024588721 -0.0073608904)
(-0.001308743 0.021390091 -0.0064331541)
(-0.00097266191 0.01844467 -0.0055678544)
(-0.00070735548 0.015734617 -0.0047637272)
(-0.00050055671 0.013242786 -0.0040186173)
(-0.00034189013 0.010952856 -0.003329792)
(-0.00022262156 0.0088494087 -0.0026941742)
(-0.00013542282 0.0069179557 -0.002108511)
(-7.4196504e-05 0.0051449496 -0.0015694978)
(-3.3974977e-05 0.0035177682 -0.001073865)
(-1.0839306e-05 0.0020246869 -0.00061842319)
(-7.2186466e-07 0.00065484314 -0.00020014783)
(0.014205647 0.41872446 0.022064515)
(-0.021392448 0.25353266 0.031273696)
(-0.02087674 0.1715374 0.029403376)
(-0.030880273 0.14655366 0.022495074)
(-0.035816047 0.14324625 0.014292038)
(-0.038653159 0.14462562 0.0059881463)
(-0.039604749 0.14535696 -0.0017872047)
(-0.039067988 0.14416965 -0.0086572686)
(-0.037399345 0.14098068 -0.014421754)
(-0.034926186 0.13606217 -0.019002044)
(-0.031935381 0.12978906 -0.022408523)
(-0.028669464 0.12254539 -0.024716484)
(-0.025325037 0.11468346 -0.026045693)
(-0.022052588 0.10650522 -0.026541582)
(-0.018958991 0.098255431 -0.026358931)
(-0.016112846 0.090122217 -0.025648499)
(-0.01355128 0.082242217 -0.024547651)
(-0.011287167 0.074708309 -0.023175044)
(-0.0093159101 0.067578126 -0.021628701)
(-0.0076213798 0.060882235 -0.01998655)
(-0.0061806749 0.054631279 -0.018308335)
(-0.0049676149 0.048821852 -0.016638281)
(-0.003955188 0.043441088 -0.01500792)
(-0.0031171566 0.038470117 -0.013438765)
(-0.0024290288 0.033886567 -0.011944647)
(-0.0018685698 0.029666334 -0.010533644)
(-0.0014160012 0.025784795 -0.0092096111)
(-0.0010539978 0.02221761 -0.0079733745)
(-0.00076756221 0.018941241 -0.0068236334)
(-0.00054383231 0.015933259 -0.0057576395)
(-0.00037185997 0.013172522 -0.0047717026)
(-0.00024237683 0.010639248 -0.0038615626)
(-0.00014756986 0.0083150328 -0.0030226609)
(-8.0912555e-05 0.0061828221 -0.0022503339)
(-3.7085837e-05 0.0042268612 -0.0015399505)
(-1.1829592e-05 0.0024326274 -0.00088698666)
(-7.9283771e-07 0.00078675626 -0.00028713251)
(0.014570133 0.4223698 0.027770309)
(-0.019880316 0.26146082 0.03960466)
(-0.018151246 0.1814749 0.037760478)
(-0.027972868 0.15845499 0.02932953)
(-0.032754332 0.15787934 0.019251384)
(-0.035744399 0.16203582 0.0090072723)
(-0.037097663 0.16502129 -0.00065539828)
(-0.037114829 0.16539816 -0.0093043747)
(-0.036060063 0.16312256 -0.016694852)
(-0.034183127 0.15855151 -0.022712351)
(-0.031716766 0.15214693 -0.027334705)
(-0.028873011 0.14437521 -0.030613413)
(-0.025838401 0.13566892 -0.0326586)
(-0.022768747 0.12640849 -0.033621949)
(-0.019785863 0.11691276 -0.033678307)
(-0.016977506 0.10743598 -0.033008223)
(-0.014400268 0.098170343 -0.031783897)
(-0.012084456 0.089252559 -0.030159695)
(-0.010039834 0.080772714 -0.028267154)
(-0.0082612931 0.072783731 -0.026213628)
(-0.006733833 0.065310304 -0.024083415)
(-0.0054365851 0.058356623 -0.021940357)
(-0.0043458364 0.05191267 -0.019831062)
(-0.0034371677 0.045959094 -0.017788199)
(-0.0026868646 0.040470849 -0.015833526)
(-0.0020727737 0.035419816 -0.013980475)
(-0.0015747579 0.030776629 -0.01223628)
(-0.001174877 0.026511909 -0.010603658)
(-0.00085738942 0.022597061 -0.0090821118)
(-0.00060864418 0.019004768 -0.0076689241)
(-0.00041691245 0.015709263 -0.0063598998)
(-0.00027218745 0.012686466 -0.0051499188)
(-0.00016597615 0.0099140106 -0.004033339)
(-9.1142045e-05 0.0073712208 -0.0030042858)
(-4.1830766e-05 0.0050390436 -0.0020568569)
(-1.3378108e-05 0.0028999599 -0.0011852471)
(-9.0073227e-07 0.00093788668 -0.00038388561)
(0.014920313 0.42681725 0.032512521)
(-0.018077747 0.27087655 0.046982895)
(-0.014889946 0.19244446 0.045482939)
(-0.024564792 0.17059797 0.035794496)
(-0.029127025 0.17189324 0.024182374)
(-0.032255231 0.17811811 0.012345936)
(-0.034033106 0.18288127 0.0011035107)
(-0.034651258 0.18460377 -0.0090911251)
(-0.034276877 0.18325717 -0.017974505)
(-0.033083286 0.1792322 -0.025400312)
(-0.031240771 0.17301126 -0.031302377)
(-0.02892066 0.16507854 -0.035686923)
(-0.026290106 0.15589493 -0.038628243)
(-0.023503346 0.14588442 -0.040258546)
(-0.0206933 0.13542131 -0.04075128)
(-0.017966072 0.12482014 -0.040301407)
(-0.015399207 0.11433115 -0.039106792)
(-0.013043272 0.10414191 -0.03735361)
(-0.010925681 0.094383647 -0.035206878)
(-0.0090555372 0.085140323 -0.032805823)
(-0.0074285579 0.076458438 -0.030263041)
(-0.0060314683 0.068356289 -0.027666177)
(-0.0048455852 0.060831937 -0.025081007)
(-0.0038495378 0.053869647 -0.022555047)
(-0.0030212067 0.047444836 -0.020121138)
(-0.002339017 0.041527729 -0.017800676)
(-0.0017827325 0.036085968 -0.015606365)
(-0.0013338908 0.031086405 -0.013544455)
(-0.00097598532 0.026496302 -0.01161652)
(-0.00069448432 0.022284078 -0.0098208299)
(-0.00047674625 0.018419767 -0.0081534017)
(-0.00031187041 0.014875245 -0.0066087802)
(-0.00019052161 0.011624332 -0.0051806168)
(-0.00010479591 0.008642787 -0.0038620894)
(-4.8185923e-05 0.0059082547 -0.0026462026)
(-1.5429537e-05 0.0034001718 -0.0015259834)
(-1.0488477e-06 0.0010996591 -0.00049466594)
(0.015276594 0.43194808 0.036121002)
(-0.016113389 0.28148088 0.053292478)
(-0.011239011 0.2039595 0.052472712)
(-0.02081619 0.18231115 0.041798471)
(-0.025037806 0.1844221 0.029024793)
(-0.028239233 0.19189903 0.015965166)
(-0.030387172 0.19795496 0.0034764283)
(-0.031572368 0.20085982 -0.0079941425)
(-0.031878879 0.20054422 -0.018191083)
(-0.031402487 0.19736492 -0.026946369)
(-0.030248764 0.19175154 -0.034148038)
(-0.028540024 0.18413619 -0.03974382)
(-0.02641252 0.17494974 -0.043750508)
(-0.024007502 0.1646182 -0.046255211)
(-0.021460002 0.15354772 -0.04740517)
(-0.018888901 0.14210507 -0.047389217)
(-0.016390451 0.13060159 -0.046416314)
(-0.01403581 0.1192851 -0.044695948)
(-0.011871976 0.10833999 -0.042423262)
(-0.0099249733 0.097893241 -0.039769784)
(-0.0082040924 0.088023806 -0.036879221)
(-0.0067062809 0.078772816 -0.033867082)
(-0.0054200986 0.070153212 -0.030822776)
(-0.0043289707 0.062157972 -0.027813008)
(-0.0034136797 0.054766686 -0.02488563)
(-0.0026541566 0.047950559 -0.022073378)
(-0.0020306908 0.04167607 -0.019397229)
(-0.0015246875 0.03590755 -0.016869232)
(-0.0011190954 0.030608931 -0.014494824)
(-0.00079859919 0.025744895 -0.012274661)
(-0.00054965802 0.021281579 -0.01020604)
(-0.00036043897 0.017186985 -0.0082839773)
(-0.00022069217 0.013431177 -0.0065020175)
(-0.00012165678 0.0099863441 -0.0048528289)
(-5.6053333e-05 0.0068267795 -0.0033286343)
(-1.8008482e-05 0.0039287968 -0.0019215046)
(-1.2324563e-06 0.0012706252 -0.00062361395)
(0.015608707 0.43743241 0.03848039)
(-0.014336466 0.29276402 0.05856959)
(-0.0074715745 0.21564686 0.058579846)
(-0.016893737 0.19328606 0.047194449)
(-0.020562254 0.19515009 0.033666611)
(-0.023723955 0.20306765 0.01975574)
(-0.02613235 0.20995464 0.0063622014)
(-0.027787601 0.21389447 -0.0060918532)
(-0.028707847 0.21471897 -0.017374392)
(-0.028924194 0.21269226 -0.027314069)
(-0.028480143 0.20813172 -0.035763678)
(-0.027443836 0.20135516 -0.042611921)
(-0.025909827 0.19270328 -0.047806174)
(-0.023993104 0.18255364 -0.051367854)
(-0.021818105 0.1713096 -0.053393293)
(-0.019506467 0.15937277 -0.054041096)
(-0.017166686 0.14711308 -0.053511274)
(-0.014887447 0.13484639 -0.052022343)
(-0.012734937 0.12282341 -0.049791194)
(-0.010753449 0.11122896 -0.047018311)
(-0.0089681125 0.10018837 -0.04387888)
(-0.0073886626 0.089777421 -0.04051902)
(-0.0060133713 0.080033317 -0.037055786)
(-0.0048326243 0.070964775 -0.033579539)
(-0.0038318852 0.062560611 -0.030157522)
(-0.0029939838 0.054796504 -0.026837816)
(-0.0023007795 0.047640097 -0.023653147)
(-0.0017343011 0.041054677 -0.020624289)
(-0.0012774747 0.035001742 -0.017762931)
(-0.00091454793 0.029442718 -0.015074035)
(-0.00063129575 0.024340072 -0.012557689)
(-0.00041507028 0.019657974 -0.010210559)
(-0.00025475853 0.015362678 -0.0080269859)
(-0.00014074956 0.011422681 -0.0059998119)
(-6.5001779e-05 0.0078087666 -0.0041209868)
(-2.0926307e-05 0.0044939549 -0.0023819939)
(-1.4475116e-06 0.0014534077 -0.00077420519)
(0.015946981 0.44271293 0.039837692)
(-0.012565694 0.30404434 0.062831536)
(-0.0037342653 0.22731081 0.06353095)
(-0.012878536 0.20350036 0.05178764)
(-0.015732766 0.20413326 0.03795946)
(-0.018745115 0.21170853 0.023549534)
(-0.021275532 0.21894892 0.0095795485)
(-0.023262007 0.22371939 -0.0035495956)
(-0.024680633 0.22570796 -0.015646883)
(-0.025513439 0.225052 -0.026557851)
(-0.02575019 0.22192293 -0.036119341)
(-0.025406041 0.2164797 -0.044173156)
(-0.024528023 0.20891718 -0.050598248)
(-0.023193842 0.19950652 -0.055339689)
(-0.021504011 0.18859885 -0.058423363)
(-0.019570127 0.17659732 -0.05995378)
(-0.017502648 0.16391523 -0.060098454)
(-0.015400876 0.15093644 -0.059065133)
(-0.01334657 0.13798825 -0.057078139)
(-0.01140131 0.12532859 -0.05435828)
(-0.009606883 0.11314557 -0.051108504)
(-0.0079876404 0.10156474 -0.047505502)
(-0.0065538137 0.090660092 -0.043696342)
(-0.0053050219 0.080465886 -0.039798744)
(-0.0042334811 0.07098737 -0.035903592)
(-0.0033266873 0.062209775 -0.032078566)
(-0.0025695086 0.054105322 -0.028372098)
(-0.0019457242 0.046638444 -0.024817171)
(-0.001439097 0.039769519 -0.021434713)
(-0.0010340727 0.033457436 -0.018236461)
(-0.00071619927 0.027661304 -0.015227315)
(-0.0004723364 0.022341531 -0.012407208)
(-0.00029072585 0.017460458 -0.0097725592)
(-0.00016104881 0.012982709 -0.0073173832)
(-7.4565391e-05 0.0088753263 -0.005034129)
(-2.4091248e-05 0.005107786 -0.002914283)
(-1.6814011e-06 0.0016519312 -0.0009488602)
(0.016187484 0.44806779 0.040330603)
(-0.010250574 0.3155304 0.065838075)
(0.00012725553 0.23913577 0.067141194)
(-0.0087204035 0.21318087 0.055505466)
(-0.010543193 0.21167935 0.041769067)
(-0.013357612 0.21815662 0.027163508)
(-0.015868233 0.22522949 0.012920105)
(-0.018030278 0.23052808 -0.00058028883)
(-0.019803929 0.23356972 -0.013200398)
(-0.021135761 0.2343536 -0.024819427)
(-0.021974491 0.23289949 -0.03528046)
(-0.022290484 0.2291882 -0.044399298)
(-0.022085002 0.22322808 -0.0520001)
(-0.021393461 0.21512684 -0.057954194)
(-0.020282259 0.20512269 -0.062208042)
(-0.018840232 0.19356924 -0.064794069)
(-0.017167268 0.18088968 -0.065824653)
(-0.015362907 0.16752182 -0.065473989)
(-0.013517173 0.15387123 -0.063954268)
(-0.011704761 0.140281 -0.061492043)
(-0.0099825422 0.12701882 -0.058308891)
(-0.0083896928 0.11427751 -0.054607716)
(-0.0069497282 0.10218371 -0.050564861)
(-0.005673376 0.090810216 -0.046327121)
(-0.0045616388 0.080188708 -0.042012185)
(-0.0036086245 0.07032126 -0.037711172)
(-0.0028039369 0.06118973 -0.0334922)
(-0.0021345664 0.052763041 -0.029404261)
(-0.0015863007 0.045002539 -0.025480933)
(-0.001144726 0.037865779 -0.021743707)
(-0.00079589433 0.031309117 -0.01820481)
(-0.00052672642 0.025289405 -0.014869527)
(-0.00032523294 0.01976504 -0.011738055)
(-0.00018069115 0.014696586 -0.0088069537)
(-8.3907127e-05 0.010047081 -0.006070259)
(-2.7190965e-05 0.0057821585 -0.0035203191)
(-1.9207114e-06 0.0018700341 -0.0011484605)
(0.016214922 0.45351357 0.039882534)
(-0.0077987361 0.32734476 0.067617033)
(0.0036782602 0.25144378 0.069137994)
(-0.0042705918 0.22272612 0.058556511)
(-0.0050544431 0.21828341 0.044981197)
(-0.0076364731 0.2229407 0.030417775)
(-0.0099812255 0.22928554 0.016176767)
(-0.012163376 0.23471528 0.0025858212)
(-0.014138714 0.2385618 -0.010269919)
(-0.015825994 0.24068687 -0.022312586)
(-0.017146617 0.24097454 -0.033409295)
(-0.018039317 0.23923611 -0.043372438)
(-0.0184687 0.23527876 -0.051993253)
(-0.018430701 0.22900487 -0.059084783)
(-0.017953639 0.22047916 -0.064519108)
(-0.017094283 0.20994174 -0.068250204)
(-0.01592985 0.19777292 -0.070319676)
(-0.014547811 0.18443111 -0.070847378)
(-0.013035788 0.17038724 -0.070011804)
(-0.011474053 0.15607289 -0.068025447)
(-0.0099297563 0.14184888 -0.065113633)
(-0.0084546781 0.12799326 -0.061495836)
(-0.0070851532 0.11470358 -0.05737233)
(-0.0058437905 0.10210738 -0.05291717)
(-0.0047418565 0.090275944 -0.048275582)
(-0.0037818467 0.079238164 -0.043564471)
(-0.0029599077 0.068992729 -0.038874851)
(-0.0022679203 0.059517969 -0.034275247)
(-0.001695177 0.050779389 -0.029815386)
(-0.0012296576 0.042735155 -0.025529757)
(-0.00085894946 0.035339942 -0.021440809)
(-0.00057086935 0.028547531 -0.017561686)
(-0.00035385856 0.022312487 -0.013898483)
(-0.00019730901 0.016591192 -0.01045207)
(-9.1941994e-05 0.011342429 -0.0072195207)
(-2.9934427e-05 0.0065276651 -0.0041952133)
(-2.1398332e-06 0.0021111423 -0.0013717172)
(0.016341641 0.4589233 0.038532391)
(-0.0059383984 0.33950535 0.068072835)
(0.0066173289 0.26431691 0.06954305)
(0.00060739046 0.23240689 0.060777926)
(0.00044262136 0.22453126 0.047343775)
(-0.0016490955 0.22674563 0.033121341)
(-0.0036581556 0.23180287 0.019149114)
(-0.005715949 0.2369108 0.0057202705)
(-0.0077405927 0.24120928 -0.0071080632)
(-0.0096285446 0.24442733 -0.019297538)
(-0.011284787 0.2463377 -0.030746549)
(-0.012630612 0.24661329 -0.041280756)
(-0.013607429 0.24487716 -0.050681218)
(-0.014181246 0.24081414 -0.05872627)
(-0.014345697 0.23427202 -0.065232012)
(-0.014122187 0.22531368 -0.070082597)
(-0.013556805 0.21420997 -0.073245928)
(-0.012713846 0.20138589 -0.074774788)
(-0.011663797 0.18734477 -0.074796454)
(-0.010486986 0.17259503 -0.073485356)
(-0.0092471039 0.15759528 -0.071053651)
(-0.0080058227 0.1427235 -0.067722746)
(-0.0068091285 0.12826681 -0.063705739)
(-0.005690445 0.11442609 -0.059196999)
(-0.0046716086 0.10132845 -0.054366)
(-0.0037646136 0.089042628 -0.049354865)
(-0.0029736693 0.077593873 -0.044278758)
(-0.00229721 0.06697684 -0.039228077)
(-0.0017296614 0.057165841 -0.034271576)
(-0.0012628932 0.048122602 -0.029459777)
(-0.00088734787 0.039801849 -0.0248283)
(-0.00059286327 0.03215519 -0.020400865)
(-0.0003692546 0.025133703 -0.016191896)
(-0.00020680141 0.018689587 -0.012208678)
(-9.6786946e-05 0.012777158 -0.0084531217)
(-3.1661185e-05 0.0073533972 -0.0049231402)
(-2.3017102e-06 0.0023781965 -0.00161379)
(0.016751935 0.46421837 0.036469229)
(-0.0044948111 0.3520391 0.066973908)
(0.0093954658 0.27797647 0.068888599)
(0.0055875125 0.24286103 0.061630691)
(0.0058985518 0.23117899 0.04878695)
(0.0047028419 0.23040949 0.035158752)
(0.0031443632 0.23366592 0.021669235)
(0.001334897 0.23799738 0.0086146783)
(-0.00059455079 0.24234659 -0.0039621847)
(-0.002527827 0.24630672 -0.016050638)
(-0.0043638741 0.24955893 -0.027577782)
(-0.0060184156 0.2516785 -0.03838886)
(-0.0074229313 0.25214892 -0.048271408)
(-0.0085259693 0.25046319 -0.056993386)
(-0.0092955405 0.24624333 -0.064341485)
(-0.0097208484 0.23933093 -0.070152896)
(-0.0098137661 0.22982121 -0.074334878)
(-0.0096117182 0.21803706 -0.076873348)
(-0.0091320542 0.20445928 -0.077829283)
(-0.0084909582 0.1896405 -0.077341323)
(-0.0076941386 0.1741263 -0.075571244)
(-0.0068247504 0.1584002 -0.072727103)
(-0.0059295705 0.14285407 -0.069020349)
(-0.0050487707 0.12778089 -0.064653609)
(-0.0042133849 0.11338199 -0.059812192)
(-0.0034448214 0.099781761 -0.05465856)
(-0.0027560691 0.087044509 -0.04932994)
(-0.0021533489 0.075190444 -0.043938507)
(-0.0016377202 0.064209133 -0.038573254)
(-0.0012065146 0.054070105 -0.033302725)
(-0.00085454582 0.044730757 -0.028178079)
(-0.00057507008 0.036141996 -0.023236099)
(-0.00036051814 0.028252102 -0.018501945)
(-0.00020313162 0.021009283 -0.013991563)
(-9.5624069e-05 0.014363271 -0.0097137128)
(-3.1510777e-05 0.0082662671 -0.0056716238)
(-2.3389649e-06 0.0026734323 -0.0018643781)
(0.017239749 0.46946703 0.033843065)
(-0.0031115201 0.364996 0.064219275)
(0.012316225 0.29266029 0.067169169)
(0.010574524 0.25472184 0.060902387)
(0.011618575 0.23910223 0.049178657)
(0.011444259 0.23499695 0.036361564)
(0.010511625 0.23602594 0.023545225)
(0.0091121632 0.2391659 0.011051479)
(0.0074370236 0.24316696 -0.0010786534)
(0.0056169309 0.24747086 -0.012848801)
(0.0037557623 0.25166789 -0.024200561)
(0.001938148 0.2552689 -0.034994184)
(0.00023357784 0.257676 -0.045030127)
(-0.0012987882 0.25825067 -0.054084022)
(-0.0026119076 0.25642548 -0.061940614)
(-0.0036706186 0.25181642 -0.068420556)
(-0.0044533237 0.24429821 -0.073397795)
(-0.0049527599 0.23402264 -0.076810949)
(-0.00520217 0.22137736 -0.078663792)
(-0.0051883614 0.20690343 -0.079027726)
(-0.0050072487 0.19120103 -0.078032724)
(-0.0046525988 0.1748483 -0.075840244)
(-0.0042107098 0.15834774 -0.072633691)
(-0.0037118705 0.14209951 -0.068614103)
(-0.0031902822 0.12639733 -0.06396982)
(-0.0026749389 0.11143868 -0.058873702)
(-0.0021872288 0.09734177 -0.053478375)
(-0.0017415595 0.084163875 -0.047913902)
(-0.0013466154 0.0719182 -0.042287749)
(-0.0010065566 0.060587813 -0.036686256)
(-0.00072210677 0.050136468 -0.031176926)
(-0.00049150074 0.040516557 -0.025811038)
(-0.000311282 0.031674714 -0.020626259)
(-0.00017702501 0.023555617 -0.015649091)
(-8.4089485e-05 0.016104446 -0.010897026)
(-2.7995311e-05 0.009268395 -0.0063803833)
(-2.1467581e-06 0.0029975355 -0.0021038981)
(0.017680582 0.47476416 0.030697767)
(-0.0017799286 0.37854671 0.059859722)
(0.015280967 0.30875071 0.063914987)
(0.0157143 0.26870834 0.058681182)
(0.017814262 0.24938138 0.048263489)
(0.018794713 0.24184095 0.036473669)
(0.018710227 0.2403809 0.024528323)
(0.017927259 0.24201063 0.012778663)
(0.0166866 0.24531041 0.0012768561)
(0.015140247 0.24955642 -0.0099727267)
(0.01339681 0.25422724 -0.020905412)
(0.011539165 0.25878468 -0.031386499)
(0.0096370194 0.26260389 -0.041228976)
(0.0077535054 0.26499639 -0.050226053)
(0.0059490712 0.26528588 -0.058183044)
(0.0042799511 0.26290993 -0.064933455)
(0.0027931704 0.25752028 -0.070347879)
(0.0015209534 0.24904999 -0.074343999)
(0.00048829011 0.23772015 -0.076893946)
(-0.00025988433 0.2239863 -0.078025061)
(-0.00086743164 0.20844719 -0.077796223)
(-0.0012348616 0.19174422 -0.076310228)
(-0.0013976517 0.17448036 -0.073739225)
(-0.0014504898 0.15716787 -0.070249807)
(-0.0014020156 0.14020612 -0.066015586)
(-0.0012840332 0.12388192 -0.061205403)
(-0.0011250053 0.10838281 -0.05597563)
(-0.00094700707 0.093816163 -0.050465529)
(-0.00076647456 0.080228805 -0.044795081)
(-0.00059517098 0.067624501 -0.039064717)
(-0.00044096066 0.05597816 -0.033356324)
(-0.00030854441 0.045246659 -0.027734987)
(-0.00020016509 0.035376693 -0.022251086)
(-0.00011630113 0.026310234 -0.016942457)
(-5.6370091e-05 0.017988164 -0.01183645)
(-1.922526e-05 0.01035258 -0.0069517649)
(-1.577789e-06 0.0033481773 -0.0023001343)
(0.018099796 0.48022058 0.027044656)
(-0.00051030679 0.39294909 0.053977789)
(0.01820594 0.32677707 0.058909231)
(0.021137063 0.2857655 0.054779985)
(0.024720141 0.26344175 0.045743867)
(0.027146146 0.25274699 0.035173243)
(0.028222342 0.24879157 0.024297312)
(0.028323256 0.24873486 0.013480695)
(0.027728942 0.25103041 0.0028096977)
(0.02661134 0.25478813 -0.0076830382)
(0.025086423 0.25936879 -0.017917443)
(0.023244117 0.26419052 -0.027754155)
(0.021163911 0.26864511 -0.037017974)
(0.01892323 0.27207635 -0.045529036)
(0.016600594 0.27379988 -0.053125999)
(0.014274849 0.27316493 -0.059675222)
(0.012021059 0.26964999 -0.065069879)
(0.0099058871 0.26296506 -0.069233178)
(0.0079808526 0.2531149 -0.072119778)
(0.0062786745 0.24039559 -0.073720566)
(0.0048493067 0.2253295 -0.074083426)
(0.0036249708 0.20856418 -0.073287726)
(0.0026498704 0.19076923 -0.071414841)
(0.0018831789 0.1725571 -0.068589559)
(0.0012964806 0.1544359 -0.06495693)
(0.00086061306 0.13679238 -0.06066684)
(0.00054672 0.11989663 -0.055865352)
(0.00032832535 0.10391864 -0.050688706)
(0.00018246237 0.088949315 -0.045259456)
(8.9974226e-05 0.075021029 -0.039684468)
(3.5389789e-05 0.06212544 -0.034054426)
(6.5819094e-06 0.05022759 -0.028444395)
(-5.7311339e-06 0.039276475 -0.02291503)
(-8.3950227e-06 0.029212588 -0.017514139)
(-6.3386655e-06 0.019973061 -0.012278352)
(-3.0385757e-06 0.01149502 -0.0072347338)
(-4.5041345e-07 0.0037176607 -0.0024023659)
(0.018547579 0.48598857 0.022978267)
(0.00045927321 0.40868918 0.046724977)
(0.021337552 0.34771179 0.051860531)
(0.027265382 0.30746331 0.048754145)
(0.032907199 0.28345999 0.041163972)
(0.037228527 0.27036938 0.03199439)
(0.039865958 0.26418827 0.022412928)
(0.041148893 0.26234271 0.012791269)
(0.041382288 0.26325535 0.0032451283)
(0.040772591 0.2659299 -0.0061618493)
(0.039462265 0.26963914 -0.01532121)
(0.037566343 0.27378388 -0.024091288)
(0.035196594 0.27781473 -0.032316737)
(0.032466039 0.28117568 -0.039852002)
(0.029488005 0.28326899 -0.046579013)
(0.02637355 0.28345975 -0.052410598)
(0.023227896 0.2811382 -0.057284043)
(0.020144866 0.27582857 -0.061150145)
(0.017207001 0.26730287 -0.063977547)
(0.014479321 0.25564141 -0.065751031)
(0.012006441 0.24121593 -0.066472195)
(0.0098124973 0.22460985 -0.066173128)
(0.0079035429 0.20650755 -0.064913879)
(0.0062725949 0.18759038 -0.062776173)
(0.0049027161 0.16846178 -0.059861755)
(0.0037703599 0.14960767 -0.056285193)
(0.0028484986 0.13138658 -0.052166173)
(0.0021091716 0.11403953 -0.04762286)
(0.0015252845 0.097709799 -0.042766856)
(0.0010717369 0.082465369 -0.037699825)
(0.00072602603 0.068319953 -0.032511604)
(0.0004684706 0.055250492 -0.027279496)
(0.00028218393 0.043210735 -0.022068415)
(0.000152958 0.032141189 -0.016931607)
(6.9208871e-05 0.021976063 -0.011911681)
(2.1657765e-05 0.0126479 -0.0070417682)
(1.3316319e-06 0.0040905216 -0.0023467897)
(0.019127246 0.49241564 0.018438519)
(0.0019649069 0.4269906 0.037827295)
(0.025617423 0.3736131 0.042206225)
(0.035197008 0.33645336 0.03997871)
(0.04351648 0.31254632 0.033926289)
(0.050172423 0.29806343 0.026402758)
(0.054673149 0.28992123 0.018447926)
(0.05727778 0.28596665 0.010423025)
(0.058312253 0.28475851 0.0024610326)
(0.058060858 0.28534799 -0.0053530669)
(0.05673401 0.28701573 -0.012898672)
(0.054505582 0.28921626 -0.020053768)
(0.05155124 0.29150373 -0.026698979)
(0.048045556 0.29346015 -0.032730498)
(0.044156481 0.29462606 -0.038077471)
(0.040039129 0.29445406 -0.042698687)
(0.035829117 0.29232278 -0.046566576)
(0.0316467 0.28763406 -0.049669408)
(0.027592893 0.27995135 -0.052002504)
(0.023748834 0.26911633 -0.053555858)
(0.020176139 0.25529715 -0.054324031)
(0.016916821 0.2389481 -0.054312828)
(0.013994296 0.22070825 -0.053544854)
(0.011415716 0.20128255 -0.052062217)
(0.0091750722 0.18134104 -0.04992553)
(0.007256463 0.16145385 -0.047210122)
(0.005637182 0.14206267 -0.044000848)
(0.0042904122 0.12347976 -0.040386727)
(0.0031874196 0.10590355 -0.036456221)
(0.0022992263 0.089441128 -0.032293545)
(0.0015977991 0.074131541 -0.027976108)
(0.001056813 0.059966294 -0.023572976)
(0.00065209293 0.046905893 -0.019144171)
(0.00036198547 0.034892292 -0.014740614)
(0.00016789745 0.023857768 -0.010404472)
(5.4287543e-05 0.013730964 -0.0061697673)
(3.7723342e-06 0.0044408021 -0.0020631995)
(0.020109687 0.49938562 0.012890373)
(0.0052379948 0.44801204 0.026455972)
(0.031876201 0.4048994 0.02929368)
(0.045692621 0.37315351 0.027775015)
(0.057013615 0.3509469 0.023470971)
(0.066045233 0.3357833 0.018033288)
(0.072274726 0.32558863 0.012265669)
(0.075927287 0.31884436 0.0064561232)
(0.077386389 0.31446174 0.00074135138)
(0.077059382 0.31172807 -0.0047658456)
(0.075264964 0.31007418 -0.01000437)
(0.072276289 0.30909495 -0.014911064)
(0.068357162 0.30846994 -0.019403187)
(0.06376327 0.30790873 -0.023422009)
(0.058721931 0.30707801 -0.026944452)
(0.053429853 0.30552128 -0.029959664)
(0.048052358 0.30264266 -0.032469743)
(0.042725327 0.29777137 -0.034484787)
(0.037557739 0.29030709 -0.036010658)
(0.032635193 0.27987916 -0.037047349)
(0.02802318 0.26644806 -0.037591018)
(0.023768852 0.25031045 -0.037639145)
(0.019902393 0.23201893 -0.037196207)
(0.016438618 0.21225963 -0.036277752)
(0.013378999 0.19173289 -0.034911905)
(0.010713975 0.17106575 -0.033138464)
(0.0084253887 0.1507644 -0.031006353)
(0.0064888369 0.13120079 -0.028570308)
(0.0048758092 0.1126219 -0.025887541)
(0.0035555332 0.095170683 -0.023014822)
(0.0024964737 0.078910238 -0.020006206)
(0.0016674621 0.063846553 -0.016911437)
(0.0010385237 0.049947431 -0.01377497)
(0.000581714 0.037157117 -0.01063551)
(0.0002723187 0.025406932 -0.0075259214)
(8.9067693e-05 0.014622621 -0.0044733892)
(6.4544109e-06 0.0047291771 -0.0014998286)
(0.021142563 0.50502774 0.0057384166)
(0.009057222 0.46598852 0.011700268)
(0.038261453 0.4325044 0.012657398)
(0.055685257 0.40629753 0.011750992)
(0.069416402 0.38613434 0.009583365)
(0.080114296 0.37056028 0.0069034044)
(0.087377059 0.35842459 0.0041229235)
(0.09147125 0.34887544 0.0013889306)
(0.09293777 0.34123088 -0.0012379354)
(0.092233574 0.33508007 -0.0037072175)
(0.089738474 0.33009131 -0.0059938518)
(0.085858047 0.32598984 -0.0080791037)
(0.080954158 0.32255584 -0.0099457585)
(0.075344046 0.31957841 -0.011583056)
(0.069295198 0.31677613 -0.012987672)
(0.063030685 0.31374263 -0.014164646)
(0.056727968 0.30987756 -0.015124123)
(0.050525534 0.30448457 -0.015877101)
(0.044533114 0.29686388 -0.016431648)
(0.038833273 0.28650464 -0.016791015)
(0.033487953 0.27321994 -0.016954332)
(0.028542052 0.25718397 -0.016919116)
(0.024025403 0.23887072 -0.016684344)
(0.019954215 0.218934 -0.016252978)
(0.016332476 0.19807869 -0.01563333)
(0.013153519 0.17695904 -0.014839198)
(0.010401756 0.15611784 -0.013889056)
(0.0080545246 0.13596355 -0.012804733)
(0.0060839393 0.11677431 -0.011609919)
(0.0044586486 0.098716781 -0.010328781)
(0.0031453974 0.081870468 -0.0089848238)
(0.0021103148 0.066251512 -0.0076000388)
(0.0013199491 0.051833085 -0.0061943459)
(0.00074240969 0.038561401 -0.0047852797)
(0.0003490102 0.026367504 -0.0033878668)
(0.00011478312 0.015175494 -0.0020146325)
(8.4773234e-06 0.0049079837 -0.00067575957)
(0.021431798 0.50647865 -0.0025908729)
(0.010136795 0.47057283 -0.0054705197)
(0.039926016 0.4393927 -0.0064736451)
(0.058126228 0.41435766 -0.006772607)
(0.072315701 0.39443274 -0.0064952342)
(0.083278028 0.37848184 -0.0058884283)
(0.090664925 0.36562152 -0.0051001047)
(0.094747282 0.35518557 -0.0041949747)
(0.096075515 0.34665784 -0.0032162735)
(0.095177579 0.3396466 -0.0022134924)
(0.092492298 0.33384867 -0.001183288)
(0.088404713 0.32902107 -0.00016421275)
(0.083281948 0.32496006 0.00081639354)
(0.077454842 0.32145952 0.001737444)
(0.071199014 0.31824665 0.0025813474)
(0.064739472 0.31490966 0.0033369559)
(0.058256216 0.31085794 0.0039974612)
(0.051889363 0.30536862 0.0045610589)
(0.045745889 0.29772296 0.0050271101)
(0.039906626 0.28738533 0.005395318)
(0.034431971 0.27414239 0.0056653511)
(0.02936558 0.25814556 0.0058370905)
(0.024736537 0.23985321 0.0059112466)
(0.020560798 0.2199115 0.0058899718)
(0.01684247 0.19902444 0.0057772309)
(0.013575201 0.17784983 0.0055788601)
(0.010743764 0.15693619 0.0053023634)
(0.0083257768 0.13669811 0.0049565376)
(0.0062934781 0.11741919 0.0045510193)
(0.0046154491 0.099270459 0.0040958273)
(0.0032581755 0.082334551 0.0036009507)
(0.0021873516 0.066629683 0.003076009)
(0.0013689516 0.052130244 0.0025299956)
(0.00077041888 0.038783036 0.0019711033)
(0.00036240625 0.026519258 0.0014066174)
(0.00011927678 0.015262888 0.00084286715)
(8.8423464e-06 0.0049362551 0.00028519794)
(0.020687745 0.50280665 -0.010490704)
(0.0072381469 0.45829955 -0.021686321)
(0.035103861 0.41992824 -0.024523199)
(0.050596897 0.39033727 -0.024144141)
(0.062960942 0.36835156 -0.021493357)
(0.072662771 0.35222259 -0.0177839)
(0.07925874 0.34043793 -0.013669677)
(0.082996117 0.33184352 -0.0093958587)
(0.084350569 0.32558377 -0.0050700444)
(0.083777285 0.32101392 -0.00077643921)
(0.081621195 0.31767844 0.0033830212)
(0.078180143 0.31521135 0.0073417972)
(0.073790029 0.31331911 0.011036169)
(0.068731862 0.31172673 0.014408354)
(0.06324299 0.31010572 0.017417311)
(0.057525954 0.30800238 0.020040913)
(0.051749451 0.30481094 0.022273943)
(0.046048897 0.29983268 0.024117323)
(0.04053086 0.2924173 0.025572791)
(0.03527844 0.28212932 0.026639595)
(0.030354993 0.26886301 0.027314778)
(0.025806411 0.25286065 0.027596238)
(0.021662684 0.23464013 0.027486618)
(0.017939354 0.21487338 0.026996333)
(0.014639176 0.19426296 0.026144932)
(0.011754044 0.17344834 0.024960762)
(0.0092670794 0.15295251 0.023479389)
(0.0071547455 0.13316437 0.021741358)
(0.0053888588 0.11434564 0.01978981)
(0.0039384053 0.096650766 0.017668301)
(0.0027710806 0.08015109 0.015419012)
(0.0018545028 0.064857995 0.01308142)
(0.0011571432 0.050742455 0.010691408)
(0.00064930114 0.03775026 0.0082807547)
(0.00030448613 0.025813159 0.0058769292)
(9.9828043e-05 0.014856604 0.0035030957)
(7.2845744e-06 0.0048048754 0.0011782805)
(0.019528645 0.49616312 -0.016775103)
(0.0031915998 0.43748536 -0.03453141)
(0.0280176 0.38816996 -0.038957089)
(0.039218371 0.35234737 -0.037853404)
(0.048673441 0.32803304 -0.033232695)
(0.056209022 0.31225571 -0.027116452)
(0.061322416 0.30247003 -0.020460174)
(0.064270007 0.29680667 -0.013606021)
(0.065435402 0.2939541 -0.0066951637)
(0.065084079 0.29297953 0.00016839778)
(0.063515505 0.293255 0.0068482036)
(0.060972275 0.29423787 0.013244956)
(0.057650241 0.29550208 0.019244264)
(0.053743141 0.29665452 0.024743908)
(0.049437417 0.29726019 0.029671216)
(0.044897785 0.29678299 0.03397232)
(0.040270545 0.29459452 0.037622126)
(0.03567908 0.2900583 0.040613919)
(0.031225623 0.28266634 0.042938464)
(0.026992515 0.27217524 0.044586207)
(0.023042681 0.25867267 0.045550454)
(0.019420351 0.24255301 0.045832694)
(0.016152044 0.22442324 0.045447651)
(0.01324837 0.20498218 0.044426044)
(0.010706611 0.18491261 0.04281455)
(0.00851361 0.1648077 0.040673308)
(0.0066485998 0.14513523 0.038071967)
(0.0050857789 0.1262319 0.035085309)
(0.0037965033 0.10831642 0.031789185)
(0.0027510553 0.091511306 0.028257177)
(0.0019199819 0.075866404 0.024558126)
(0.001275022 0.061380222 0.020754514)
(0.00078971891 0.048017322 0.016901559)
(0.00043996919 0.035721595 0.013046905)
(0.00020481909 0.024425813 0.0092307037)
(6.6522259e-05 0.014058192 0.0054859762)
(4.6997558e-06 0.0045466721 0.0018391518)
(0.018646102 0.48930208 -0.021602796)
(0.00067347776 0.41744507 -0.044227105)
(0.022553559 0.35900778 -0.049743337)
(0.029735799 0.31882061 -0.047855431)
(0.036379147 0.2935673 -0.041616138)
(0.041568209 0.27884281 -0.033678618)
(0.044876418 0.27110878 -0.025171715)
(0.046618811 0.26793924 -0.016482018)
(0.047126008 0.26775489 -0.0077515986)
(0.046613447 0.26950682 0.00092705447)
(0.045273431 0.27245844 0.0094568072)
(0.043256682 0.27599183 0.017682638)
(0.040690425 0.27956762 0.025447663)
(0.037704455 0.28265635 0.032610317)
(0.034429087 0.28468782 0.039056029)
(0.03098769 0.2850373 0.044699704)
(0.027493056 0.2830739 0.049480536)
(0.024046244 0.27826446 0.053353795)
(0.020735297 0.2702975 0.0562894)
(0.0176306 0.25916452 0.058270908)
(0.014783173 0.24516351 0.059294319)
(0.012224712 0.2288324 0.059377205)
(0.0099685255 0.2108407 0.05856364)
(0.0080127519 0.19187955 0.056920705)
(0.0063444988 0.17257763 0.054533134)
(0.0049431555 0.15345258 0.051499302)
(0.0037833759 0.13489452 0.047924732)
(0.0028376223 0.11717202 0.043915981)
(0.0020781376 0.10045022 0.039575723)
(0.0014783156 0.084813242 0.034999246)
(0.0010135499 0.070285845 0.030272253)
(0.00066167614 0.056851979 0.025469782)
(0.00040312863 0.044469356 0.02065595)
(0.00022099828 0.033080291 0.015884303)
(0.00010117126 0.022619345 0.011198526)
(3.2169525e-05 0.01301849 0.0066333575)
(2.0970548e-06 0.0042104242 0.0022155939)
(0.018050596 0.48324355 -0.025631243)
(-0.00072801158 0.40069981 -0.05185983)
(0.018919557 0.33595791 -0.057693367)
(0.022834122 0.29387346 -0.05489604)
(0.027230249 0.26945001 -0.047187232)
(0.030387783 0.25669456 -0.037742831)
(0.032040392 0.25113482 -0.027796466)
(0.032559844 0.24996506 -0.01774823)
(0.032246302 0.25153439 -0.0077191009)
(0.031288963 0.25483508 0.0022289464)
(0.029824078 0.25915435 0.012009241)
(0.027957167 0.26387473 0.021473013)
(0.025779308 0.26838744 0.030444581)
(0.023378647 0.27205231 0.038747884)
(0.020843929 0.27419596 0.046225865)
(0.01826329 0.27415456 0.052749606)
(0.01571983 0.27135961 0.058215466)
(0.013288967 0.26544533 0.062548776)
(0.011032038 0.25632884 0.065702631)
(0.0089937374 0.24422751 0.067658473)
(0.0072020412 0.22961015 0.0684323)
(0.0056746716 0.21310181 0.068082414)
(0.0043776503 0.1953778 0.066696331)
(0.0033222198 0.17707512 0.064375792)
(0.0024746342 0.15873607 0.061246459)
(0.0018071953 0.14078342 0.057444099)
(0.0012919968 0.12351991 0.053104451)
(0.00090208072 0.10714247 0.04835678)
(0.00061289303 0.091762546 0.043319577)
(0.00040304111 0.077427247 0.038098048)
(0.00025446935 0.06413808 0.032783062)
(0.00015231963 0.051866178 0.027451185)
(8.4633815e-05 0.040563868 0.022165443)
(4.1982791e-05 0.030173049 0.016976522)
(1.7118405e-05 0.020630965 0.011924156)
(4.571126e-06 0.011874043 0.0070385698)
(8.539943e-08 0.0038402933 0.0023418601)
(0.017632 0.47779739 -0.029174927)
(-0.0019449083 0.38610103 -0.058054975)
(0.015982939 0.31693161 -0.063483366)
(0.017242377 0.27483596 -0.059632499)
(0.019983237 0.2527105 -0.050517198)
(0.021562025 0.24279348 -0.039764661)
(0.021933348 0.23970644 -0.028639048)
(0.021479041 0.24037905 -0.017536096)
(0.020463746 0.24320439 -0.0065517951)
(0.019054782 0.24730063 0.0042786155)
(0.017370358 0.25205071 0.014884945)
(0.015502471 0.25687528 0.025129325)
(0.013527148 0.26114031 0.034825924)
(0.011513185 0.26415593 0.043772411)
(0.0095262575 0.26522844 0.051774188)
(0.0076298515 0.2637509 0.058664791)
(0.0058805066 0.25930438 0.064314789)
(0.0043225478 0.25173655 0.068633434)
(0.0029854734 0.24118848 0.071577515)
(0.0018860399 0.22805762 0.07315308)
(0.001039858 0.21291414 0.073423163)
(0.00037520236 0.19640027 0.072470657)
(-8.0132348e-05 0.17914094 0.070416821)
(-0.00036158212 0.16168282 0.067421139)
(-0.0005250813 0.14446335 0.063646051)
(-0.00059135564 0.12780501 0.059252993)
(-0.00058827959 0.11192565 0.054394216)
(-0.00053993914 0.096956489 0.049207682)
(-0.00046537991 0.08296197 0.04381432)
(-0.0003790787 0.069958135 0.038317112)
(-0.00029162332 0.057927912 0.03280152)
(-0.00021034392 0.046832995 0.027336764)
(-0.00013993055 0.036622589 0.021977552)
(-8.3060786e-05 0.027239584 0.01676599)
(-4.1055815e-05 0.018624723 0.01173347)
(-1.4296463e-05 0.010719304 0.0069024275)
(-1.2446509e-06 0.0034668313 0.002287906)
(0.017229211 0.4726649 -0.032278542)
(-0.0030373752 0.37265258 -0.062829995)
(0.013227067 0.30026415 -0.067407992)
(0.012180838 0.25943009 -0.062533628)
(0.013725578 0.24051653 -0.052105756)
(0.014070336 0.23390881 -0.040238738)
(0.013503299 0.23341229 -0.028136362)
(0.012356242 0.23579506 -0.016189759)
(0.010844006 0.23955614 -0.0044812684)
(0.0091134294 0.24396443 0.00697124)
(0.007275913 0.24850941 0.018104628)
(0.0054211398 0.25266193 0.028781214)
(0.0036224207 0.25580552 0.038804842)
(0.0019416259 0.25727836 0.047953895)
(0.00043171846 0.25646795 0.056012834)
(-0.00086116896 0.25291975 0.062797064)
(-0.0019069386 0.24642388 0.068170618)
(-0.0026930621 0.23705119 0.072056285)
(-0.0032244955 0.22512769 0.074434846)
(-0.0035011471 0.21116177 0.075338801)
(-0.0035901787 0.19575044 0.074868856)
(-0.0034912504 0.17949151 0.073189376)
(-0.0032589688 0.16292003 0.070469665)
(-0.0029502827 0.14647378 0.066889675)
(-0.0025911763 0.13048313 0.062632521)
(-0.0022115312 0.11517762 0.057868485)
(-0.0018353538 0.10070131 0.052750722)
(-0.0014799186 0.087131158 0.047412178)
(-0.0011567574 0.074494481 0.041964694)
(-0.00087278442 0.062783971 0.036499777)
(-0.00063128587 0.051969511 0.031090371)
(-0.00043280012 0.042007054 0.025793108)
(-0.00027588283 0.03284497 0.0206507)
(-0.00015782746 0.024428421 0.015694247)
(-7.5397251e-05 0.016702249 0.010945333)
(-2.5284981e-05 0.0096127923 0.0064178648)
(-1.9793168e-06 0.0031089663 0.0021196217)
(0.016739939 0.4676418 -0.034945848)
(-0.0041942561 0.35986929 -0.066148734)
(0.010404235 0.28514838 -0.069720689)
(0.0073267435 0.24643546 -0.063917847)
(0.0080584871 0.23115726 -0.052311876)
(0.0073724756 0.22791513 -0.039534119)
(0.0061171897 0.22984731 -0.026653959)
(0.0044990954 0.23367117 -0.014049163)
(0.0026791437 0.23802919 -0.0017999409)
(0.00078409345 0.242334 0.010070745)
(-0.0010786483 0.2461729 0.021489324)
(-0.0028200256 0.24907856 0.032305962)
(-0.0043670795 0.25050173 0.042311775)
(-0.0056624604 0.2498889 0.051274047)
(-0.0066650886 0.24679433 0.058972148)
(-0.0073509004 0.24097743 0.065227476)
(-0.0077188518 0.23245251 0.069923289)
(-0.0078124789 0.22147877 0.073016844)
(-0.007611272 0.20849997 0.074532277)
(-0.0071770562 0.19406012 0.074607686)
(-0.0066342153 0.17871944 0.073383307)
(-0.0059691846 0.16299102 0.071032242)
(-0.0052485916 0.1473036 0.067759524)
(-0.0045164796 0.13198718 0.063764557)
(-0.0038041799 0.11727615 0.059232049)
(-0.003135378 0.10332218 0.054327009)
(-0.0025261725 0.090210776 0.049191423)
(-0.0019859254 0.077977747 0.043943467)
(-0.0015186053 0.06662361 0.038678623)
(-0.0011241404 0.056125167 0.033471906)
(-0.00079959671 0.046444323 0.028380592)
(-0.00054013519 0.037534483 0.02344704)
(-0.00033976927 0.029345014 0.018701359)
(-0.00019203069 0.021824246 0.014163791)
(-9.0671624e-05 0.014921409 0.0098467618)
(-2.9971004e-05 0.008587803 0.0057566122)
(-2.2479611e-06 0.0027774655 0.0018949762)
(0.016235192 0.46263798 -0.037111237)
(-0.0054480317 0.34759722 -0.067920536)
(0.0076529258 0.27120344 -0.070747872)
(0.0026064987 0.23510905 -0.063857038)
(0.0028123388 0.22348272 -0.051388891)
(0.001201044 0.22335958 -0.037914612)
(-0.00056342292 0.22735727 -0.024458068)
(-0.0024849037 0.23223405 -0.011378644)
(-0.0044501387 0.23679776 0.0012264892)
(-0.0063540025 0.24059259 0.013308501)
(-0.0080954839 0.24330288 0.024769153)
(-0.0095874585 0.2445516 0.035439577)
(-0.010762749 0.24391244 0.045101365)
(-0.011576814 0.24100534 0.053524932)
(-0.012010385 0.23559942 0.060509005)
(-0.012070939 0.22767779 0.06591181)
(-0.011792338 0.21744545 0.069669608)
(-0.011228303 0.20528615 0.071802947)
(-0.010417812 0.19168973 0.072414965)
(-0.0094959429 0.17717562 0.071659051)
(-0.0084555894 0.16222943 0.069729308)
(-0.0073851224 0.14726405 0.066832751)
(-0.0063303177 0.13260295 0.063178633)
(-0.0053268419 0.11848035 0.058963089)
(-0.0043997436 0.10505152 0.054360228)
(-0.0035645959 0.092407498 0.049518644)
(-0.0028290653 0.0805903 0.044560889)
(-0.0021947099 0.069606628 0.039584939)
(-0.0016586679 0.059439048 0.034666818)
(-0.0012150929 0.050054624 0.029863722)
(-0.00085630409 0.041411272 0.025217207)
(-0.0005736536 0.033462241 0.02075615)
(-0.00035815864 0.02615917 0.016499368)
(-0.00020104027 0.019454091 0.012457833)
(-9.4292632e-05 0.013300678 0.0086365083)
(-3.0935323e-05 0.0076549749 0.0050358335)
(-2.2665832e-06 0.0024757705 0.0016528786)
(0.015861644 0.45758562 -0.038658858)
(-0.006803342 0.33574814 -0.068190618)
(0.005025367 0.25814342 -0.070969902)
(-0.002016765 0.22485238 -0.062297778)
(-0.0022521551 0.21659262 -0.049526214)
(-0.0045726488 0.2191418 -0.035593457)
(-0.0067008545 0.22472262 -0.021757684)
(-0.0087792076 0.23020567 -0.0084001382)
(-0.010749236 0.23456755 0.0043530788)
(-0.012517037 0.23748436 0.016416306)
(-0.013991972 0.23874977 0.027660548)
(-0.015100315 0.23811431 0.037899738)
(-0.015792889 0.23532138 0.046918286)
(-0.016050022 0.23019903 0.054511878)
(-0.015883481 0.22273517 0.060525792)
(-0.015334279 0.2131042 0.064881245)
(-0.014466361 0.2016428 0.067585995)
(-0.013356746 0.18879216 0.068729823)
(-0.012084549 0.17502992 0.068467796)
(-0.010729967 0.16081136 0.06699136)
(-0.009356913 0.14653018 0.064513574)
(-0.0080212214 0.13249987 0.061252128)
(-0.0067625662 0.11895127 0.05741008)
(-0.0056076062 0.10604054 0.053167575)
(-0.0045717981 0.093862016 0.048677771)
(-0.0036615469 0.082462282 0.044066214)
(-0.002876436 0.071852953 0.039432471)
(-0.0022112536 0.06202143 0.034853036)
(-0.0016576781 0.052939276 0.030384768)
(-0.0012056004 0.04456845 0.026068354)
(-0.00084410852 0.036865766 0.021931512)
(-0.00056217515 0.029785966 0.017991792)
(-0.00034912141 0.023283763 0.014258925)
(-0.00019499586 0.017315137 0.010736738)
(-9.1020457e-05 0.011838115 0.007424686)
(-2.9677765e-05 0.0068131922 0.0043190633)
(-2.137161e-06 0.0022035214 0.0014139074)
(0.015721674 0.45252627 -0.039441182)
(-0.0087083199 0.32437597 -0.067107988)
(0.0020784548 0.24574217 -0.069891948)
(-0.0062762684 0.21496624 -0.059737295)
(-0.0073766609 0.2097333 -0.046864062)
(-0.0099699545 0.21440091 -0.032719053)
(-0.012320818 0.22103701 -0.018723499)
(-0.014438121 0.2266717 -0.0053141144)
(-0.016276883 0.2304586 0.0073479903)
(-0.017766579 0.23221325 0.019137715)
(-0.018838978 0.23186102 0.029897791)
(-0.019445873 0.2293121 0.039437734)
(-0.019568666 0.22450351 0.047565158)
(-0.019222447 0.21747038 0.054124527)
(-0.018454543 0.20838719 0.059028381)
(-0.017337782 0.19756316 0.062273137)
(-0.015960299 0.18540159 0.063938067)
(-0.014414415 0.17234363 0.064170808)
(-0.012787148 0.15881562 0.063165073)
(-0.011153806 0.14519144 0.061136686)
(-0.009574563 0.131773 0.058304505)
(-0.0080932398 0.11878602 0.054875089)
(-0.0067384187 0.10638593 0.051032079)
(-0.0055257645 0.094669105 0.046931459)
(-0.0044607515 0.083685595 0.042700679)
(-0.0035413357 0.073451122 0.0384403)
(-0.0027603085 0.063957306 0.034227043)
(-0.0021072209 0.055179746 0.030117428)
(-0.0015698684 0.047084113 0.026151434)
(-0.001135378 0.039630551 0.022355883)
(-0.00079096124 0.032776741 0.018747372)
(-0.00052439809 0.026479966 0.015334723)
(-0.00032432357 0.020698447 0.012120963)
(-0.00018046171 0.015392156 0.0091048938)
(-8.3918968e-05 0.01052328 0.0062823084)
(-2.7254126e-05 0.0060564435 0.0036469333)
(-1.934082e-06 0.0019587739 0.0011911077)
(0.015745396 0.4475279 -0.039361855)
(-0.011110922 0.31344079 -0.064931129)
(-0.0013810399 0.23398196 -0.067228912)
(-0.010121358 0.20521332 -0.056627066)
(-0.01222651 0.20235198 -0.043534345)
(-0.014992179 0.20848478 -0.029424209)
(-0.017419406 0.21562839 -0.015532762)
(-0.019438331 0.22099894 -0.0023270905)
(-0.021008661 0.22392282 0.0099823393)
(-0.02208884 0.22436067 0.021232181)
(-0.022645133 0.22238711 0.031251043)
(-0.022667013 0.21808649 0.03986415)
(-0.022176104 0.21158463 0.046923895)
(-0.021226836 0.20309229 0.052341229)
(-0.019900513 0.19291718 0.056105208)
(-0.018294916 0.18144136 0.058286099)
(-0.01651243 0.16907913 0.059023884)
(-0.014649477 0.15623271 0.058507647)
(-0.012789039 0.14325828 0.056952113)
(-0.010996714 0.13044685 0.054576414)
(-0.0093198733 0.11801892 0.051587916)
(-0.0077889032 0.10612883 0.048171672)
(-0.0064198346 0.094874545 0.04448508)
(-0.0052174611 0.084309161 0.040656665)
(-0.0041783875 0.074452172 0.036787597)
(-0.0032936914 0.065299141 0.032954764)
(-0.002551075 0.056829492 0.029214501)
(-0.0019365044 0.049012444 0.025606371)
(-0.0014353912 0.041811346 0.022156659)
(-0.0010334001 0.03518673 0.018881398)
(-0.00071696278 0.02909839 0.015788887)
(-0.00047356462 0.023506748 0.012881725)
(-0.0002918822 0.018373698 0.010158398)
(-0.00016188863 0.01366311 0.0076145119)
(-7.5050936e-05 0.009341083 0.0052437209)
(-2.4270972e-05 0.0053760389 0.00303844)
(-1.7041262e-06 0.0017387173 0.00099033223)
(0.015660642 0.44272093 -0.03842321)
(-0.013198215 0.30287798 -0.061668659)
(-0.0047044587 0.22255315 -0.063335721)
(-0.013711843 0.1952531 -0.052805961)
(-0.016657973 0.19398102 -0.039725524)
(-0.019571397 0.20088923 -0.025893711)
(-0.021944594 0.20802619 -0.012373288)
(-0.023724238 0.21279936 0.00035638976)
(-0.02489624 0.21469421 0.012042825)
(-0.025458709 0.2138127 0.022498836)
(-0.025421607 0.21038032 0.031558678)
(-0.024820934 0.20464605 0.039084229)
(-0.023722436 0.1968941 0.044988952)
(-0.022217638 0.1874613 0.049257572)
(-0.020414266 0.1767304 0.0519522)
(-0.018424329 0.165103 0.053204026)
(-0.01635301 0.1529658 0.053194842)
(-0.014290575 0.1406621 0.052134443)
(-0.012308029 0.12847468 0.050239259)
(-0.010456192 0.11662028 0.047715498)
(-0.0087672397 0.10525298 0.044748005)
(-0.0072576497 0.094472736 0.04149446)
(-0.0059316838 0.084335995 0.038083814)
(-0.0047847758 0.074866178 0.034617604)
(-0.0038064789 0.066062898 0.03117294)
(-0.0029828346 0.057909476 0.027806224)
(-0.0022981601 0.050378726 0.024556969)
(-0.0017363212 0.043437236 0.021451343)
(-0.0012815899 0.037048417 0.018505247)
(-0.00091917842 0.031174595 0.01572688)
(-0.00063553749 0.025778411 0.013118796)
(-0.00041848135 0.020823707 0.010679521)
(-0.00025720198 0.016276057 0.0084047809)
(-0.00014228192 0.012103058 0.0062884375)
(-6.5786487e-05 0.0082744541 0.0043231777)
(-2.1219462e-05 0.0047621516 0.0025010313)
(-1.4738068e-06 0.0015401735 0.0008137101)
(0.015458807 0.43802065 -0.036716464)
(-0.01469991 0.29260556 -0.057359344)
(-0.0077946417 0.21131125 -0.058329483)
(-0.017071401 0.18483118 -0.048209917)
(-0.02065535 0.18430069 -0.035544984)
(-0.023652174 0.19128364 -0.022291436)
(-0.0258487 0.19795265 -0.0094296795)
(-0.027262196 0.20189501 0.0025454058)
(-0.027928516 0.20272638 0.013351869)
(-0.027897883 0.20066755 0.022798617)
(-0.027233063 0.19607416 0.030745213)
(-0.02601951 0.18932722 0.037105311)
(-0.024363913 0.18082249 0.041859541)
(-0.022386537 0.17096857 0.045061618)
(-0.020210179 0.16017261 0.046832399)
(-0.01794924 0.14881785 0.047343772)
(-0.015701454 0.13724244 0.046797508)
(-0.013543388 0.12572572 0.045404336)
(-0.011529523 0.1144837 0.043366876)
(-0.0096940048 0.10367216 0.040867986)
(-0.0080539229 0.093394414 0.038064447)
(-0.0066131601 0.083711218 0.035084967)
(-0.0053661201 0.074650619 0.032031198)
(-0.0043009589 0.066216803 0.028980524)
(-0.0034021697 0.058397374 0.025989674)
(-0.002652519 0.051169037 0.023098485)
(-0.0020344142 0.044501842 0.02033344)
(-0.0015308106 0.038362242 0.01771075)
(-0.0011257671 0.03271523 0.015238937)
(-0.00080474738 0.027525771 0.012920906)
(-0.00055474364 0.022759738 0.010755567)
(-0.00036427479 0.018384484 0.0087390752)
(-0.0002233154 0.014369171 0.0068657647)
(-0.00012323652 0.01068492 0.0051288327)
(-5.6850434e-05 0.0073048641 0.0035208392)
(-1.827319e-05 0.0042041144 0.0020340701)
(-1.2595591e-06 0.0013596923 0.00066076523)
(0.01523197 0.43330696 -0.034176122)
(-0.016093033 0.2825255 -0.05217529)
(-0.010885011 0.20018395 -0.052417335)
(-0.02026333 0.17384448 -0.042968158)
(-0.024260565 0.17317422 -0.031118769)
(-0.027231135 0.17952628 -0.018775555)
(-0.029135773 0.18530969 -0.006873756)
(-0.030079987 0.18827155 0.0040777117)
(-0.030166633 0.18811101 0.013783597)
(-0.029508124 0.18512361 0.022065108)
(-0.028224252 0.17975089 0.028820802)
(-0.026446661 0.17245606 0.034021234)
(-0.024314248 0.16369317 0.037708725)
(-0.021964256 0.15389349 0.03999107)
(-0.019522458 0.1434511 0.041027087)
(-0.017095373 0.13270896 0.041007086)
(-0.014765988 0.12194973 0.040132799)
(-0.012593056 0.11139325 0.038600435)
(-0.01061314 0.1012001 0.036588682)
(-0.0088442629 0.091479192 0.034251887)
(-0.0072901474 0.082297182 0.031717557)
(-0.0059443096 0.073687959 0.029086959)
(-0.0047935937 0.065661207 0.026437607)
(-0.0038209879 0.058209526 0.023826655)
(-0.0030077238 0.05131407 0.021294531)
(-0.0023347479 0.044948789 0.018868383)
(-0.001783687 0.039083531 0.01656512)
(-0.0013374305 0.033686235 0.014393975)
(-0.00098043674 0.028724425 0.012358567)
(-0.00069884982 0.024166199 0.010458528)
(-0.00048049093 0.019980856 0.0086907395)
(-0.00031476919 0.016139264 0.0070502686)
(-0.00019254874 0.012614053 0.0055310475)
(-0.00010604813 0.009379691 0.0041263712)
(-4.8817591e-05 0.0064124822 0.0028292484)
(-1.5667741e-05 0.0036905152 0.0016326565)
(-1.0687923e-06 0.0011935831 0.00052968644)
(0.014985511 0.42888229 -0.03069169)
(-0.017610592 0.27306869 -0.046138774)
(-0.013838568 0.18937268 -0.04577805)
(-0.023240991 0.16241555 -0.037268236)
(-0.027474264 0.16069447 -0.026588765)
(-0.030323338 0.16570276 -0.015484974)
(-0.031856142 0.17019441 -0.0048378191)
(-0.032271054 0.17205853 0.0048472517)
(-0.031749471 0.17102276 0.013280057)
(-0.030472172 0.16739633 0.020305851)
(-0.028614485 0.16164484 0.025865998)
(-0.026346771 0.15425404 0.029981652)
(-0.023829115 0.14568374 0.032741452)
(-0.021204081 0.1363478 0.03428619)
(-0.01859047 0.12660245 0.034790114)
(-0.01607997 0.11674035 0.034441736)
(-0.013737103 0.1069901 0.033427196)
(-0.01160183 0.097520713 0.031918075)
(-0.0096937316 0.08844938 0.030064084)
(-0.0080167465 0.079850694 0.027989997)
(-0.0065636995 0.071765967 0.025795725)
(-0.005320196 0.064211642 0.023558378)
(-0.0042677092 0.057186347 0.021335331)
(-0.0033858726 0.050676532 0.019167622)
(-0.0026540768 0.044660761 0.017083232)
(-0.00205251 0.039112883 0.015100022)
(-0.0015627768 0.034004296 0.013228226)
(-0.0011682174 0.029305527 0.011472478)
(-0.00085402018 0.024987284 0.0098334175)
(-0.00060720246 0.021021144 0.0083089171)
(-0.0004165107 0.017379977 0.0068950131)
(-0.00027226954 0.014038174 0.0055865842)
(-0.00016621535 0.010971765 0.0043778442)
(-9.1365311e-05 0.0081584468 0.0032626914)
(-4.1983363e-05 0.0055775518 0.0022349513)
(-1.3430258e-05 0.0032099908 0.0012885562)
(-9.1129017e-07 0.0010381721 0.00041763002)
(0.014729589 0.4250037 -0.026312626)
(-0.019064251 0.26466311 -0.03922806)
(-0.016446406 0.17926829 -0.038563082)
(-0.025896401 0.15091257 -0.031243786)
(-0.030262349 0.14727139 -0.022052169)
(-0.032943186 0.1502401 -0.012501228)
(-0.034080698 0.15301498 -0.0033844985)
(-0.033965041 0.15362972 0.004824751)
(-0.032860172 0.15179711 0.01185948)
(-0.031015645 0.14777759 0.017594911)
(-0.02865704 0.1419937 0.022009065)
(-0.025984533 0.13489241 0.025157948)
(-0.023169394 0.1268908 0.027154963)
(-0.020350803 0.11835282 0.028150913)
(-0.017634587 0.10957999 0.028314747)
(-0.015094622 0.10081022 0.027817137)
(-0.012776574 0.092222061 0.026818122)
(-0.010703018 0.083942176 0.025459325)
(-0.0088789485 0.076054344 0.023860224)
(-0.0072969358 0.06860851 0.022117558)
(-0.0059415034 0.061629043 0.02030682)
(-0.0047925864 0.055121731 0.018484862)
(-0.0038280854 0.0490794 0.016692934)
(-0.0030256371 0.043486252 0.014959703)
(-0.0023637631 0.038321089 0.013303999)
(-0.0018225478 0.033559655 0.011737173)
(-0.0013839833 0.029176277 0.010265048)
(-0.0010320868 0.025144996 0.0088894643)
(-0.00075287353 0.021440308 0.0076094841)
(-0.00053424237 0.018037645 0.006422303)
(-0.00036581342 0.014913656 0.0053239212)
(-0.00023874267 0.012046364 0.0043096315)
(-0.00014553244 0.0094152252 0.0033743647)
(-7.9889255e-05 0.0070011386 0.0025129305)
(-3.6654733e-05 0.0047864098 0.0017201811)
(-1.1717058e-05 0.0027546936 0.00099113136)
(-7.8883795e-07 0.00089092353 0.00032100506)
(0.014489314 0.42185047 -0.021166674)
(-0.020253171 0.25766027 -0.031572686)
(-0.018588815 0.17032811 -0.030871547)
(-0.028120713 0.13998002 -0.024972279)
(-0.03257104 0.13374678 -0.017551448)
(-0.035083781 0.13409831 -0.0098378316)
(-0.035858555 0.13474792 -0.0024965648)
(-0.035269149 0.13390554 0.0040632222)
(-0.033656691 0.13125811 0.0096138753)
(-0.031333019 0.12697626 0.014060792)
(-0.028565742 0.12138508 0.017405788)
(-0.025576432 0.1148401 0.019719051)
(-0.022540491 0.10767414 0.021115446)
(-0.019589301 0.10017405 0.021734345)
(-0.016814159 0.092572561 0.021722425)
(-0.014271839 0.085048836 0.02122108)
(-0.011991308 0.077733682 0.020358051)
(-0.0099806445 0.070717062 0.019243053)
(-0.008233328 0.064056139 0.017966301)
(-0.0067333764 0.057782861 0.016599222)
(-0.0054593635 0.051910538 0.015196426)
(-0.0043873797 0.046439199 0.013798224)
(-0.00349308 0.041359775 0.012433241)
(-0.0027530088 0.036657249 0.011120859)
(-0.002145384 0.032312964 0.0098733484)
(-0.0016504975 0.028306274 0.0086976615)
(-0.0012508566 0.024615688 0.0075968728)
(-0.00093115877 0.021219661 0.0065713166)
(-0.00067816759 0.018097108 0.0056194562)
(-0.00048053561 0.015227738 0.0047385318)
(-0.00032860462 0.012592258 0.0039250352)
(-0.00021419726 0.010172475 0.0031750471)
(-0.00013042027 0.0079513513 0.0024844727)
(-7.1511604e-05 0.0059130026 0.0018492023)
(-3.2780441e-05 0.0040426795 0.0012652176)
(-1.0452856e-05 0.0023267243 0.00072866699)
(-7.0241301e-07 0.00075251921 0.00023588618)
(0.014269045 0.41953228 -0.015435758)
(-0.021136014 0.25234527 -0.023313273)
(-0.020193076 0.16307484 -0.022779257)
(-0.029821572 0.13058718 -0.018498458)
(-0.034331629 0.12145255 -0.013092768)
(-0.036706048 0.11893818 -0.0074554497)
(-0.037188362 0.11723657 -0.0020909469)
(-0.036222915 0.11477277 0.0026842975)
(-0.034214374 0.11123367 0.0066945534)
(-0.031524394 0.10669706 0.0098718731)
(-0.028452148 0.10136718 0.012226619)
(-0.025233474 0.095478186 0.013822365)
(-0.022044325 0.089252097 0.014754215)
(-0.01900724 0.082880077 0.015134797)
(-0.01620019 0.076515905 0.015075259)
(-0.013665847 0.070276531 0.014680022)
(-0.011420326 0.064246042 0.014040077)
(-0.0094610794 0.058481136 0.013233567)
(-0.0077733699 0.053016768 0.012323512)
(-0.0063352855 0.047871392 0.011358916)
(-0.0051213954 0.043051369 0.010376684)
(-0.0041053241 0.038554476 0.0094036438)
(-0.0032613907 0.034372599 0.0084585232)
(-0.0025655882 0.030493741 0.0075537209)
(-0.0019961018 0.026903483 0.0066968274)
(-0.0015335127 0.023586035 0.0058918741)
(-0.0011608001 0.020524973 0.0051403332)
(-0.00086322067 0.017703762 0.0044418961)
(-0.00062812251 0.015106111 0.0037950631)
(-0.00044472911 0.012716215 0.0031975809)
(-0.00030391573 0.010518911 0.0026467562)
(-0.00019799169 0.0084997834 0.0021396779)
(-0.00012049645 0.0066452162 0.0016733672)
(-6.6048362e-05 0.0049424199 0.0012448789)
(-3.0259442e-05 0.0033794347 0.00085136489)
(-9.6587601e-06 0.0019451168 0.00049012269)
(-6.4531914e-07 0.00062911494 0.00015859662)
(0.014470908 0.41821246 -0.0093935683)
(-0.021622757 0.24905081 -0.014555746)
(-0.021195082 0.15811715 -0.014355937)
(-0.030940674 0.12357462 -0.011868648)
(-0.03549493 0.1120548 -0.0086681269)
(-0.037766059 0.10703068 -0.0052886757)
(-0.038042483 0.10319847 -0.0020483607)
(-0.036816898 0.099211756 0.00084851569)
(-0.034539298 0.094797019 0.0032855827)
(-0.031605543 0.089970041 0.0052161313)
(-0.028335288 0.084831259 0.0066453232)
(-0.02497172 0.079500043 0.00761691)
(-0.02169031 0.074091316 0.0081892804)
(-0.018606732 0.068702375 0.0084307554)
(-0.015787504 0.063410514 0.0084104067)
(-0.013265069 0.05827476 0.0081921854)
(-0.011046911 0.053337897 0.007831621)
(-0.0091247217 0.048628911 0.0073748901)
(-0.007478135 0.044164796 0.0068591653)
(-0.0060816481 0.039954101 0.006312584)
(-0.0049074847 0.035999035 0.0057568434)
(-0.0039278663 0.032297128 0.0052075833)
(-0.003116413 0.028842543 0.0046755723)
(-0.0024488947 0.02562706 0.0041678128)
(-0.0019035782 0.022640823 0.0036884703)
(-0.0014613086 0.0198729 0.0032396291)
(-0.0011054257 0.017311707 0.0028218935)
(-0.00082158718 0.014945339 0.0024348541)
(-0.00059754458 0.012761819 0.0020774405)
(-0.0004229051 0.010749292 0.001748179)
(-0.00028889727 0.0088961751 0.0014453769)
(-0.00018814553 0.0071912663 0.001167249)
(-0.00011446787 0.0056238254 0.00091200143)
(-6.2720861e-05 0.0041836301 0.00067788572)
(-2.8732e-05 0.0028610102 0.00046323148)
(-9.1550231e-06 0.0016468655 0.00026647732)
(-6.1436395e-07 0.0005326709 8.6158579e-05)
(0.014760936 0.41768359 -0.0032968518)
(-0.021862412 0.24760782 -0.0054276246)
(-0.021656322 0.15574397 -0.0057014759)
(-0.031468906 0.12010257 -0.0051416107)
(-0.03604068 0.10719943 -0.0042693211)
(-0.038251624 0.10069985 -0.0032623874)
(-0.038416129 0.095565169 -0.0022348717)
(-0.037053614 0.090597391 -0.0012689929)
(-0.0346379 0.085572379 -0.00041850665)
(-0.03158214 0.080487988 0.00028717283)
(-0.028216936 0.075393494 0.00083867182)
(-0.024789525 0.070341154 0.0012453306)
(-0.021469053 0.065376753 0.0015212255)
(-0.018367519 0.060539743 0.0016834633)
(-0.015547928 0.05586039 0.001754143)
(-0.013037827 0.051361136 0.0017542453)
(-0.010840001 0.047057848 0.0017036616)
(-0.008941606 0.042960958 0.0016177407)
(-0.0073194912 0.039076145 0.0015090791)
(-0.0059465547 0.035406054 0.0013869852)
(-0.004794564 0.031950708 0.0012591329)
(-0.0038349139 0.02870749 0.0011311472)
(-0.0030410074 0.025671967 0.0010068922)
(-0.0023886056 0.022838224 0.00088885871)
(-0.0018560879 0.020199165 0.00077849734)
(-0.0014244869 0.017746771 0.00067649411)
(-0.0010773695 0.015472342 0.00058299684)
(-0.00080063115 0.013366716 0.00049779489)
(-0.00058225642 0.011420455 0.00042045694)
(-0.00041206974 0.0096240227 0.00035043133)
(-0.00028149541 0.0079679223 0.00028711573)
(-0.00018333214 0.0064428221 0.00022990249)
(-0.00011154834 0.0050396496 0.0001782064)
(-6.1131459e-05 0.0037496668 0.00013148003)
(-2.8002595e-05 0.0025645245 8.9220869e-05)
(-8.9354499e-06 0.0014762993 5.0984913e-05)
(-5.9847377e-07 0.00047751621 1.6365818e-05)
(0.014772169 0.41777511 0.0028373209)
(-0.02182692 0.24786798 0.0038433871)
(-0.021627246 0.15616448 0.0030308477)
(-0.031423988 0.12066689 0.0016139436)
(-0.035982566 0.10786224 0.00011114794)
(-0.038179386 0.10140013 -0.0012936478)
(-0.038332257 0.096241758 -0.002508092)
(-0.036961087 0.091200203 -0.0034881392)
(-0.034539555 0.086069212 -0.0042245816)
(-0.031481069 0.08086594 -0.0047307818)
(-0.02811635 0.075653901 -0.0050336299)
(-0.024692369 0.070494464 -0.0051694994)
(-0.021377744 0.065438256 -0.0051707639)
(-0.01828374 0.060526408 -0.0050661456)
(-0.015472671 0.055788839 -0.0048838533)
(-0.012971493 0.051246489 -0.0046472654)
(-0.010782521 0.046913193 -0.0043763214)
(-0.0088925549 0.042797212 -0.0040851495)
(-0.0072782083 0.038902149 -0.0037844805)
(-0.0059122441 0.035228777 -0.0034817039)
(-0.004766378 0.031775503 -0.0031827583)
(-0.0038120188 0.028538356 -0.0028917707)
(-0.0030226174 0.025511789 -0.0026114712)
(-0.0023740035 0.022688991 -0.0023435857)
(-0.0018446345 0.020062151 -0.0020891309)
(-0.0014156235 0.017622691 -0.0018486235)
(-0.001070614 0.01536148 -0.0016222253)
(-0.00079557346 0.013269029 -0.0014098426)
(-0.00057855033 0.01133566 -0.0012111947)
(-0.00040942549 0.0095516624 -0.0010258647)
(-0.00027967251 0.0079074222 -0.00085333705)
(-0.00018213135 0.0063935319 -0.00069302877)
(-0.00011080673 0.0050008766 -0.00054431376)
(-6.0714017e-05 0.0037207018 -0.00040654296)
(-2.7813481e-05 0.0025446606 -0.00027906031)
(-8.8610842e-06 0.0014648459 -0.00016120933)
(-5.9460125e-07 0.0004738089 -5.2359847e-05)
(0.014400066 0.41841597 0.0089136739)
(-0.02155276 0.24973579 0.01294612)
(-0.021126998 0.15932197 0.01166265)
(-0.030819501 0.12520554 0.0083114412)
(-0.035331924 0.11395416 0.0044782517)
(-0.037561545 0.10901315 0.00070103846)
(-0.03780323 0.1050864 -0.0027236568)
(-0.036550176 0.1008689 -0.0056293004)
(-0.034253456 0.096142815 -0.0079445031)
(-0.031309835 0.09097596 -0.0096658993)
(-0.028039203 0.085506234 -0.010835319)
(-0.024684086 0.079876491 -0.011524505)
(-0.021418476 0.074213633 -0.011811642)
(-0.018356093 0.068618716 -0.011777273)
(-0.015561473 0.063167532 -0.011496857)
(-0.013065217 0.05791465 -0.011036841)
(-0.010873295 0.052897059 -0.010452802)
(-0.0089762499 0.048137646 -0.0097895707)
(-0.0073529698 0.043647618 -0.0090821781)
(-0.0059775127 0.03943033 -0.0083564985)
(-0.0048219169 0.035483506 -0.0076321317)
(-0.0038584002 0.03180091 -0.0069229537)
(-0.0030606967 0.028373602 -0.0062383758)
(-0.0024047611 0.025190857 -0.0055844562)
(-0.0018690808 0.022240822 -0.0049647888)
(-0.0014347339 0.019510997 -0.0043811863)
(-0.0010852895 0.016988592 -0.0038341939)
(-0.00080662015 0.014660786 -0.0033234689)
(-0.00058667358 0.012514928 -0.0028480592)
(-0.00041523209 0.010538681 -0.0024066073)
(-0.00028367667 0.008720132 -0.001997499)
(-0.0001847648 0.0070478711 -0.0016189723)
(-0.00011242711 0.0055110444 -0.0012691966)
(-6.1617459e-05 0.0040993873 -0.00094632945)
(-2.8226172e-05 0.0028032416 -0.00064855667)
(-9.0096851e-06 0.001613558 -0.00037411341)
(-6.0224314e-07 0.00052188993 -0.00012131979)
(0.014148993 0.41978919 0.014965016)
(-0.021094771 0.25335091 0.021643846)
(-0.020113488 0.16494063 0.020029604)
(-0.029657396 0.13312245 0.014880646)
(-0.034098989 0.12435515 0.0088393268)
(-0.036407373 0.12190597 0.0028042029)
(-0.036832517 0.12000052 -0.0027402696)
(-0.035819473 0.11714437 -0.0075152853)
(-0.033774765 0.11311282 -0.011389988)
(-0.031062202 0.10805705 -0.014340081)
(-0.027982223 0.10223239 -0.01641387)
(-0.024770359 0.095903517 -0.017704855)
(-0.021600833 0.089307029 -0.018329722)
(-0.01859348 0.082637615 -0.018414997)
(-0.015823122 0.076045666 -0.018079552)
(-0.013329326 0.069640943 -0.017430914)
(-0.011125526 0.063498707 -0.016560121)
(-0.0092070919 0.05766656 -0.015543521)
(-0.0075578167 0.052170882 -0.01444147)
(-0.0061548648 0.047022462 -0.013300084)
(-0.0049723278 0.042221053 -0.012153548)
(-0.0039836883 0.037758875 -0.011026364)
(-0.0031633565 0.033623237 -0.0099354158)
(-0.0024875664 0.029798436 -0.0088917641)
(-0.0019348279 0.026267095 -0.0079021174)
(-0.0014860845 0.023011102 -0.0069700007)
(-0.0011246828 0.020012241 -0.0060966559)
(-0.00083623246 0.017252621 -0.0052817209)
(-0.00060840766 0.01471495 -0.0045237356)
(-0.00043072479 0.012382711 -0.0038205146)
(-0.00029431847 0.01024026 -0.0031694186)
(-0.00019172215 0.0082728799 -0.0025675525)
(-0.00011666908 0.0064667967 -0.0020119057)
(-6.393976e-05 0.00480917 -0.001499452)
(-2.9296022e-05 0.0032880701 -0.0010272184)
(-9.3370197e-06 0.0018924425 -0.0005923192)
(-6.2659184e-07 0.00061206583 -0.00019200403)
(0.014466498 0.42219331 0.020705379)
(-0.020217078 0.25898039 0.029846598)
(-0.018514266 0.17273871 0.028047558)
(-0.027956218 0.14320556 0.021274239)
(-0.032327192 0.13737174 0.013212111)
(-0.034759348 0.13771473 0.0050977056)
(-0.035459366 0.13802928 -0.0024222333)
(-0.034801872 0.1366443 -0.0089746756)
(-0.033131231 0.13335767 -0.014375509)
(-0.030763683 0.12842387 -0.018573232)
(-0.027970632 0.12222365 -0.021608747)
(-0.024975223 0.11514453 -0.023584734)
(-0.021952042 0.10753372 -0.024640787)
(-0.019029713 0.099680398 -0.02493319)
(-0.016295627 0.091812043 -0.024618599)
(-0.013802312 0.084098392 -0.023842849)
(-0.011574791 0.076659074 -0.022734176)
(-0.0096178532 0.06957267 -0.021400298)
(-0.0079224982 0.062885673 -0.019928127)
(-0.0064710458 0.056620529 -0.018385334)
(-0.0052410496 0.050782373 -0.016822882)
(-0.0042081157 0.045364382 -0.015277861)
(-0.0033478074 0.040351851 -0.013776268)
(-0.002636844 0.03572521 -0.01233548)
(-0.0020537852 0.031462178 -0.010966354)
(-0.001579355 0.027539269 -0.0096749167)
(-0.0011965294 0.02393281 -0.008463702)
(-0.00089047473 0.020619611 -0.0073327651)
(-0.00064840124 0.017577383 -0.0062804518)
(-0.0004593725 0.014784989 -0.0053039682)
(-0.00031409902 0.012222568 -0.0043997991)
(-0.00020472987 0.0098715881 -0.0035640113)
(-0.00012465452 0.0077148435 -0.0027924706)
(-6.8355675e-05 0.0057364168 -0.0020809951)
(-3.1330541e-05 0.0039216227 -0.0014254609)
(-1.0002896e-05 0.002256939 -0.00082186267)
(-6.709143e-07 0.00072993287 -0.00026637741)
(0.014729099 0.4253772 0.025847674)
(-0.01906541 0.26617909 0.037479265)
(-0.016425291 0.18206758 0.035671996)
(-0.025792233 0.15463534 0.02746644)
(-0.030086687 0.15138112 0.017621784)
(-0.032687527 0.15425017 0.0076590945)
(-0.03374114 0.15656902 -0.0016445978)
(-0.033538925 0.15651914 -0.0098493047)
(-0.032349907 0.15393582 -0.016727602)
(-0.030431259 0.14916544 -0.022195163)
(-0.028016423 0.14268663 -0.026269298)
(-0.025310686 0.13497905 -0.029041287)
(-0.022486951 0.12647508 -0.030653589)
(-0.019682823 0.11754138 -0.031278556)
(-0.017000271 0.10847368 -0.031099046)
(-0.014508155 0.099499084 -0.030292897)
(-0.012246958 0.090783004 -0.029022061)
(-0.010234583 0.082438562 -0.027426486)
(-0.0084722345 0.074536761 -0.025621864)
(-0.0069496698 0.067116165 -0.023700223)
(-0.0056495277 0.060191391 -0.021732222)
(-0.0045506359 0.053760103 -0.019770279)
(-0.003630391 0.0478085 -0.017851883)
(-0.0028663625 0.042315477 -0.016002709)
(-0.002237298 0.037255654 -0.014239349)
(-0.0017236878 0.032601531 -0.012571575)
(-0.0013080264 0.028324967 -0.011004157)
(-0.00097487066 0.024398167 -0.0095382737)
(-0.00071077268 0.020794304 -0.0081725952)
(-0.00050414085 0.017487895 -0.0069040889)
(-0.00034506424 0.014454999 -0.0057286207)
(-0.00022511914 0.011673304 -0.004641392)
(-0.00013718077 0.0091221263 -0.0036372542)
(-7.5276472e-05 0.0067823748 -0.0027109323)
(-3.4532953e-05 0.004636473 -0.0018571799)
(-1.1022436e-05 0.0026682719 -0.0010708785)
(-7.4362585e-07 0.00086295452 -0.00034712251)
(0.014971403 0.4292096 0.030248636)
(-0.01769292 0.27461872 0.044390614)
(-0.013928208 0.19241488 0.042834811)
(-0.023262926 0.16647313 0.033432027)
(-0.02745463 0.16513711 0.022082145)
(-0.030241634 0.16998364 0.010544224)
(-0.031693316 0.17393867 -0.000314079)
(-0.0320093 0.17505574 -0.010015644)
(-0.031377746 0.17318777 -0.018302015)
(-0.029990843 0.16872792 -0.025053318)
(-0.028036673 0.1621988 -0.030248498)
(-0.02569546 0.15412302 -0.033946173)
(-0.023132868 0.144981 -0.036269042)
(-0.020492554 0.13519368 -0.037385657)
(-0.017890724 0.12511382 -0.037490118)
(-0.015414097 0.11502337 -0.036782781)
(-0.013121191 0.10513631 -0.035454728)
(-0.011045996 0.09560565 -0.033677284)
(-0.0092028485 0.086533067 -0.031596511)
(-0.0075914956 0.077979172 -0.029331712)
(-0.0062016914 0.069973279 -0.026976708)
(-0.0050169928 0.062521886 -0.024602705)
(-0.0040176723 0.055615607 -0.022261841)
(-0.0031828135 0.049234556 -0.019990809)
(-0.0024917264 0.043352389 -0.017814179)
(-0.0019248334 0.037939215 -0.015747263)
(-0.0014641683 0.032963646 -0.013798464)
(-0.0010936052 0.028394178 -0.011971152)
(-0.00079890878 0.024200092 -0.010265117)
(-0.00056767275 0.020352016 -0.0086776719)
(-0.00038919198 0.016822235 -0.0072044835)
(-0.00025429903 0.013584845 -0.0058401798)
(-0.00015518771 0.010615796 -0.0045787947)
(-8.5280691e-05 0.0078928621 -0.0034140853)
(-3.9171775e-05 0.0053955734 -0.0023397555)
(-1.2538143e-05 0.0031051177 -0.0013496031)
(-8.4843924e-07 0.001004234 -0.00043763862)
(0.015225677 0.43362768 0.033768413)
(-0.016114003 0.28409657 0.050501775)
(-0.011094522 0.20335459 0.049483203)
(-0.020454291 0.1781225 0.039124696)
(-0.024473504 0.17788205 0.026575809)
(-0.027420242 0.18407296 0.013759651)
(-0.029262209 0.18929866 0.0016009856)
(-0.030106495 0.1914773 -0.0094116201)
(-0.03006383 0.19042962 -0.019004937)
(-0.029261809 0.1865324 -0.027026235)
(-0.027837499 0.18028756 -0.033407041)
(-0.025937451 0.17220412 -0.03815569)
(-0.023711131 0.16276793 -0.041353069)
(-0.021301056 0.15242733 -0.043141799)
(-0.018833261 0.1415796 -0.043708314)
(-0.016410698 0.13055986 -0.043261708)
(-0.014110478 0.1196357 -0.042013863)
(-0.01198461 0.10900842 -0.04016393)
(-0.010063121 0.098819533 -0.03788832)
(-0.008358373 0.089160223 -0.035335864)
(-0.0068695995 0.080081738 -0.032626986)
(-0.005587033 0.071605185 -0.029855537)
(-0.0044953187 0.063730009 -0.027092081)
(-0.0035761372 0.056440828 -0.024387733)
(-0.0028100966 0.049712712 -0.021777961)
(-0.0021780124 0.043515075 -0.019286023)
(-0.0016617138 0.037814462 -0.016925888)
(-0.0012445012 0.03257647 -0.01470463)
(-0.00091135953 0.027767032 -0.012624321)
(-0.0006490089 0.023353229 -0.010683499)
(-0.00044585262 0.019303781 -0.0088782823)
(-0.00029185794 0.015589304 -0.0072032013)
(-0.00017840944 0.012182423 -0.0056518114)
(-9.8192979e-05 0.0090577753 -0.0042171365)
(-4.5179285e-05 0.0061919617 -0.0028919852)
(-1.4475839e-05 0.00356345 -0.0016691627)
(-9.8814684e-07 0.0011524663 -0.00054163903)
(0.015439438 0.4383158 0.036320987)
(-0.014714359 0.29413979 0.055747493)
(-0.0081024207 0.2144926 0.055502167)
(-0.017470033 0.18924314 0.044452002)
(-0.021165424 0.1892582 0.0310336)
(-0.024192808 0.1961616 0.017246896)
(-0.026358978 0.20232117 0.0040590471)
(-0.027685611 0.20549494 -0.0080482443)
(-0.028216852 0.20541411 -0.01880429)
(-0.02801882 0.20237762 -0.028033383)
(-0.027174577 0.19680603 -0.035620171)
(-0.025788714 0.1891383 -0.041513201)
(-0.02398362 0.17981835 -0.045733984)
(-0.021890042 0.16928814 -0.048377468)
(-0.019635478 0.15797064 -0.049600759)
(-0.01733386 0.14624857 -0.04960344)
(-0.015078661 0.13444722 -0.048605102)
(-0.012940006 0.1228257 -0.046825022)
(-0.010965196 0.111577 -0.04446689)
(-0.0091815102 0.10083427 -0.041709409)
(-0.0076001259 0.090680621 -0.038702119)
(-0.0062202305 0.081159755 -0.035565161)
(-0.0050327712 0.072286041 -0.032391543)
(-0.0040235542 0.064053043 -0.029250714)
(-0.0031756337 0.056440361 -0.026192574)
(-0.0024710389 0.049418826 -0.023251363)
(-0.0018919509 0.042954291 -0.020449138)
(-0.0014214495 0.037010314 -0.017798715)
(-0.0010439432 0.031549976 -0.01530606)
(-0.00074537566 0.026537071 -0.012972191)
(-0.00051328133 0.021936848 -0.010794639)
(-0.00033673882 0.017716443 -0.0087685615)
(-0.00020626739 0.013845085 -0.0068875728)
(-0.00011374912 0.010294172 -0.005144355)
(-5.2433367e-05 0.0070372499 -0.0035311)
(-1.6850182e-05 0.0040499342 -0.0020398167)
(-1.1574096e-06 0.0013098045 -0.00066256681)
(0.015656652 0.44291192 0.038066364)
(-0.013406567 0.30423314 0.060219712)
(-0.0051969408 0.22559378 0.060718636)
(-0.014375133 0.19970764 0.049235275)
(-0.017527065 0.19918368 0.035323876)
(-0.020524712 0.20617979 0.02088347)
(-0.022909451 0.21292796 0.0069494931)
(-0.024629405 0.21700283 -0.0060073389)
(-0.025676809 0.21799966 -0.017733325)
(-0.026064646 0.21609459 -0.028046053)
(-0.025822748 0.21158042 -0.036794034)
(-0.025008301 0.2047755 -0.043867186)
(-0.023706698 0.19603108 -0.049218291)
(-0.022025129 0.18573904 -0.052876999)
(-0.020081456 0.17431752 -0.054949358)
(-0.017991945 0.16218148 -0.05560396)
(-0.01586094 0.1497118 -0.055050132)
(-0.013774176 0.13723258 -0.053514452)
(-0.011796036 0.12500033 -0.051220385)
(-0.0099700256 0.11320371 -0.048373542)
(-0.0083213326 0.10197034 -0.045152968)
(-0.0068603992 0.091377309 -0.041707619)
(-0.005586662 0.081462375 -0.038156599)
(-0.0044919548 0.072234364 -0.034591734)
(-0.0035633294 0.0636819 -0.031081309)
(-0.0027852344 0.055780283 -0.027674147)
(-0.0021411017 0.048496668 -0.024403511)
(-0.0016144353 0.041793788 -0.02129057)
(-0.0011895106 0.035632558 -0.018347321)
(-0.00085178533 0.029973812 -0.015578963)
(-0.00058810315 0.024779427 -0.012985782)
(-0.00038674931 0.020013003 -0.010564602)
(-0.00023741947 0.015640242 -0.0083098909)
(-0.00013119134 0.011629116 -0.0062145886)
(-6.0599608e-05 0.0079499158 -0.0042707125)
(-1.9509762e-05 0.0045751953 -0.002469799)
(-1.3522568e-06 0.0014796834 -0.00080323203)
(0.015821078 0.44748233 0.039131785)
(-0.011692347 0.31440121 0.063691528)
(-0.0021282293 0.23670292 0.064915841)
(-0.011103373 0.20958945 0.053313594)
(-0.013499144 0.20776385 0.039314361)
(-0.016391452 0.21423258 0.024519471)
(-0.018879705 0.22117847 0.010117855)
(-0.020879071 0.225981 -0.0034246716)
(-0.022352405 0.22807168 -0.015886537)
(-0.023271214 0.22748094 -0.027097485)
(-0.023617856 0.22434778 -0.036888266)
(-0.02340218 0.21883199 -0.045101934)
(-0.022666915 0.21114302 -0.051623935)
(-0.021485816 0.20157084 -0.056409199)
(-0.01995548 0.19048445 -0.059495083)
(-0.018183546 0.17830127 -0.060997604)
(-0.016276581 0.16544428 -0.061094591)
(-0.01433029 0.15230285 -0.060002159)
(-0.012423365 0.13920647 -0.057950818)
(-0.010615013 0.12641319 -0.055165539)
(-0.0089454104 0.11411007 -0.051851766)
(-0.0074380345 0.10242115 -0.048187456)
(-0.0061028907 0.091418896 -0.044320125)
(-0.0049398905 0.081136156 -0.040367447)
(-0.0039419217 0.071577013 -0.036420011)
(-0.0030974009 0.062725745 -0.032545106)
(-0.0023922556 0.054553811 -0.028790783)
(-0.0018113791 0.047025023 -0.02518971)
(-0.00133964 0.040099248 -0.021762575)
(-0.00096254099 0.03373494 -0.018520967)
(-0.00066661164 0.02789083 -0.01546971)
(-0.00043960487 0.022526986 -0.012608719)
(-0.00027056297 0.017605443 -0.0099344371)
(-0.0001498714 0.01309054 -0.007440928)
(-6.9387922e-05 0.0089490555 -0.0051207011)
(-2.241733e-05 0.0051502224 -0.002965315)
(-1.5656014e-06 0.0016656567 -0.00096583501)
(0.01581296 0.45218558 0.039462216)
(-0.0095199951 0.32478169 0.066147738)
(0.001099541 0.24793012 0.068009235)
(-0.0076118245 0.21908843 0.05667122)
(-0.0090560803 0.21524814 0.04289499)
(-0.011818091 0.22056838 0.027998524)
(-0.014289674 0.22726194 0.013391503)
(-0.016440123 0.23251872 -0.00047059083)
(-0.018225952 0.23559638 -0.01341103)
(-0.019586972 0.23637569 -0.025287991)
(-0.020467837 0.23483788 -0.035935518)
(-0.020837154 0.23096565 -0.045169191)
(-0.020695585 0.22478831 -0.052819342)
(-0.020078342 0.21644121 -0.058767946)
(-0.019051413 0.20618902 -0.062974749)
(-0.01770257 0.19440592 -0.065486204)
(-0.016129814 0.18152778 -0.066427705)
(-0.014430098 0.16799757 -0.065984156)
(-0.012690499 0.15422026 -0.064375546)
(-0.010982757 0.14053479 -0.061833395)
(-0.0093611042 0.12720318 -0.058581771)
(-0.0078625769 0.1144124 -0.054824171)
(-0.0065091588 0.10228387 -0.050736256)
(-0.005310651 0.090886119 -0.046463414)
(-0.004267665 0.0802476 -0.042121622)
(-0.0033743482 0.07036802 -0.037800262)
(-0.0026206624 0.061227587 -0.033565863)
(-0.0019941719 0.052794112 -0.029466058)
(-0.0014813688 0.045028207 -0.025533332)
(-0.0010686057 0.037886964 -0.021788335)
(-0.0007427146 0.031326447 -0.018242678)
(-0.00049137507 0.025303329 -0.014901219)
(-0.00030331498 0.0197759 -0.011763873)
(-0.0001684666 0.014704658 -0.0088270297)
(-7.8209471e-05 0.010052602 -0.0060846366)
(-2.5334728e-05 0.0057853384 -0.0035290069)
(-1.7886463e-06 0.0018710633 -0.001151446)
(0.015803579 0.45700761 0.038962394)
(-0.0074017165 0.33554634 0.067546367)
(0.0040147461 0.25964363 0.069665198)
(-0.0037529617 0.22854915 0.059553287)
(-0.0042606266 0.22202217 0.045961747)
(-0.0068598581 0.22557985 0.031160966)
(-0.0091843308 0.23152229 0.016595451)
(-0.011354521 0.2368688 0.0026664191)
(-0.013327319 0.24070377 -0.010493598)
(-0.015016304 0.24276529 -0.022780605)
(-0.016339874 0.24289146 -0.034049655)
(-0.01723613 0.24089279 -0.044110351)
(-0.017670608 0.23660099 -0.052757817)
(-0.017641287 0.22995504 -0.059814231)
(-0.017179053 0.22105819 -0.06516482)
(-0.016342973 0.21018306 -0.068779087)
(-0.015211575 0.19773176 -0.070714525)
(-0.013872314 0.1841726 -0.071105155)
(-0.012411742 0.16997631 -0.070140282)
(-0.010907852 0.15556742 -0.068040025)
(-0.0094254171 0.14129616 -0.065034201)
(-0.0080135518 0.12742928 -0.061343985)
(-0.0067062265 0.1141539 -0.057168926)
(-0.0055241374 0.10158888 -0.052681003)
(-0.0044771442 0.089798829 -0.048022688)
(-0.003566821 0.078807744 -0.043307923)
(-0.0027888202 0.06861093 -0.038624858)
(-0.0021348767 0.059184494 -0.034039443)
(-0.0015944004 0.050492568 -0.02959921)
(-0.0011556739 0.042492534 -0.025336851)
(-0.00080670689 0.035138682 -0.021273399)
(-0.00053580477 0.028384663 -0.017420909)
(-0.00033192643 0.02218507 -0.013784671)
(-0.00018497627 0.016496406 -0.010364972)
(-8.6151886e-05 0.01127762 -0.007158481)
(-2.8027688e-05 0.0064903673 -0.0041593086)
(-2.0027594e-06 0.0020990804 -0.0013598387)
(0.016055817 0.46182029 0.037684438)
(-0.0058996717 0.34662741 0.067779345)
(0.0065487948 0.27178844 0.069958864)
(0.00057836297 0.23815755 0.061703183)
(0.00054377829 0.22854011 0.048263086)
(-0.0015848511 0.22979176 0.033833804)
(-0.0035983405 0.23447529 0.019552615)
(-0.0056628221 0.23948994 0.0057901385)
(-0.007692462 0.24375408 -0.0073453148)
(-0.0095795889 0.24687505 -0.019786226)
(-0.011226674 0.2485724 -0.031417591)
(-0.012553498 0.24851045 -0.042060091)
(-0.013501603 0.24633329 -0.051495275)
(-0.014039094 0.24176586 -0.059506602)
(-0.014163466 0.23470482 -0.065919976)
(-0.013901053 0.22526018 -0.070633401)
(-0.013302554 0.21373952 -0.073631523)
(-0.012434851 0.20058937 -0.074984443)
(-0.011372215 0.18631922 -0.074833214)
(-0.010193322 0.17143138 -0.073364992)
(-0.008961828 0.15637089 -0.070798117)
(-0.0077380963 0.14149907 -0.067360266)
(-0.006565046 0.12708649 -0.063264932)
(-0.0054738244 0.11331948 -0.058705151)
(-0.0044842874 0.10031353 -0.053847745)
(-0.0036067225 0.08812861 -0.048831408)
(-0.0028439926 0.076783763 -0.043767597)
(-0.002193571 0.066269485 -0.0387431)
(-0.0016492719 0.056557476 -0.033823377)
(-0.0012026414 0.04760795 -0.029056092)
(-0.00084402042 0.039374882 -0.024474469)
(-0.00056330935 0.031809632 -0.020100282)
(-0.00035050007 0.024863338 -0.015946406)
(-0.00019611405 0.018488447 -0.012018924)
(-9.170097e-05 0.012639625 -0.0083188284)
(-2.996047e-05 0.0072742434 -0.004843362)
(-2.1710862e-06 0.0023525979 -0.0015870813)
(0.016484788 0.46657956 0.03575945)
(-0.0047060568 0.35807194 0.066677882)
(0.009068785 0.28457849 0.069389535)
(0.0050420598 0.2482773 0.062547917)
(0.0053777736 0.23536392 0.049721383)
(0.0041011061 0.23385544 0.03590393)
(0.0024959485 0.23681381 0.0221074)
(0.00064808674 0.24106797 0.0087134997)
(-0.001310031 0.24538093 -0.0041824113)
(-0.0032592192 0.24923739 -0.016540913)
(-0.005095847 0.25226279 -0.028276783)
(-0.0067319554 0.2540137 -0.039229982)
(-0.0080968924 0.25398312 -0.049185806)
(-0.0091397918 0.25169727 -0.05791214)
(-0.0098318541 0.24682901 -0.065199642)
(-0.010168133 0.23927798 -0.070893145)
(-0.010167693 0.22919286 -0.074912303)
(-0.0098677913 0.21693554 -0.077259439)
(-0.0093046826 0.20300681 -0.078016162)
(-0.0086119311 0.18796125 -0.077331938)
(-0.007747769 0.17233264 -0.075385094)
(-0.0068368412 0.15658479 -0.072391829)
(-0.0059117661 0.14108726 -0.068564849)
(-0.0050118998 0.12611202 -0.064109188)
(-0.0041664858 0.11184257 -0.059209961)
(-0.0033947603 0.098389345 -0.054027308)
(-0.0027076744 0.08580641 -0.048694948)
(-0.0021097285 0.074106867 -0.043321079)
(-0.0016006024 0.063275663 -0.037990698)
(-0.0011765739 0.05327954 -0.032768615)
(-0.00083169288 0.044074404 -0.02770266)
(-0.0005586955 0.035610542 -0.022826748)
(-0.00034968913 0.027836179 -0.018163639)
(-0.00019674012 0.02069981 -0.013727311)
(-9.2487232e-05 0.01415165 -0.0095249433)
(-3.0426763e-05 0.0081444708 -0.0055585241)
(-2.2510162e-06 0.0026340426 -0.0018261602)
(0.016975968 0.47130112 0.033311006)
(-0.0035550705 0.36988423 0.064122327)
(0.011720283 0.29823347 0.067856248)
(0.0095499375 0.25964651 0.061952182)
(0.010512311 0.24323114 0.050230836)
(0.010193209 0.23863636 0.037216199)
(0.0091519514 0.23947054 0.024085174)
(0.0076655804 0.24256408 0.011241476)
(0.005922317 0.24653798 -0.0012236532)
(0.0040535734 0.25075094 -0.013289546)
(0.0021665522 0.25474453 -0.024887589)
(0.00035101179 0.25800374 -0.035874301)
(-0.0013192724 0.25992368 -0.046047202)
(-0.0027852512 0.25988052 -0.055178219)
(-0.0040014777 0.25734587 -0.063049123)
(-0.0049362204 0.25199277 -0.069479572)
(-0.005574897 0.24376074 -0.074347066)
(-0.0059236534 0.23286004 -0.077598472)
(-0.0060163523 0.21971876 -0.079246101)
(-0.0058478324 0.2048956 -0.079395123)
(-0.0055164566 0.18898767 -0.078199302)
(-0.005068289 0.17255594 -0.075811267)
(-0.0045286008 0.1560782 -0.07243672)
(-0.0039490769 0.13992816 -0.068278425)
(-0.0033638717 0.12437527 -0.063527683)
(-0.0027991336 0.10959692 -0.058357716)
(-0.0022737705 0.095695845 -0.052919372)
(-0.001800094 0.08271822 -0.047339635)
(-0.0013848753 0.070669737 -0.041722256)
(-0.0010305624 0.059528735 -0.036149679)
(-0.00073641789 0.049256256 -0.030685624)
(-0.00049947664 0.039803386 -0.025377879)
(-0.00031532617 0.031116376 -0.020261005)
(-0.00017879679 0.023140105 -0.015358813)
(-8.4686303e-05 0.015820292 -0.01068652)
(-2.8094086e-05 0.0091048508 -0.0062525517)
(-2.1306788e-06 0.0029446441 -0.0020600804)
(0.017396501 0.47604261 0.03042899)
(-0.002532372 0.38214584 0.060141617)
(0.01435931 0.31301136 0.064906576)
(0.014194324 0.27273569 0.059992768)
(0.016095666 0.25300327 0.049549414)
(0.016845682 0.24521291 0.037538355)
(0.016569106 0.24366493 0.025261323)
(0.0156297 0.24528287 0.013143514)
(0.014262631 0.24856981 0.0012840328)
(0.012622441 0.25275244 -0.010293358)
(0.010823388 0.25727842 -0.021520471)
(0.0089517338 0.26158324 -0.032260689)
(0.0070795041 0.26501997 -0.042323916)
(0.0052702603 0.26689001 -0.051498874)
(0.0035814818 0.26652799 -0.059581084)
(0.0020630514 0.26340967 -0.066394662)
(0.0007553362 0.25724854 -0.071806899)
(-0.00030371689 0.24804795 -0.075737457)
(-0.0011175059 0.23609138 -0.078164272)
(-0.0016832855 0.22187614 -0.079114534)
(-0.0020653927 0.2060168 -0.078654522)
(-0.0022056689 0.18914837 -0.076952996)
(-0.0022097323 0.17185201 -0.074174199)
(-0.0021025523 0.15461114 -0.070494871)
(-0.0019163676 0.13779579 -0.066095423)
(-0.001683294 0.12166667 -0.061148761)
(-0.0014292957 0.10639023 -0.055812802)
(-0.0011740518 0.092057995 -0.050226321)
(-0.00093176638 0.078705671 -0.04450739)
(-0.00071200447 0.066329719 -0.038753657)
(-0.00052053415 0.054900632 -0.033043786)
(-0.00036014438 0.044372935 -0.027439522)
(-0.00023139078 0.034692374 -0.021987994)
(-0.00013330294 0.025800872 -0.016724017)
(-6.4102848e-05 0.017639809 -0.011672217)
(-2.1659261e-05 0.010152085 -0.0068489103)
(-1.7352275e-06 0.0032833363 -0.0022637594)
(0.017749255 0.48090713 0.027139494)
(-0.0014750222 0.39506615 0.054799477)
(0.016970781 0.32933203 0.060323144)
(0.019082064 0.28827961 0.056489959)
(0.022294583 0.26580047 0.047402613)
(0.02435558 0.25502347 0.036580041)
(0.025118378 0.25105882 0.025348106)
(0.024966558 0.2510241 0.01413794)
(0.024178136 0.2533431 0.0030682905)
(0.022926149 0.25710603 -0.0078092188)
(0.021329711 0.2616601 -0.018413489)
(0.019479611 0.26640116 -0.028604492)
(0.01745304 0.27068694 -0.038202528)
(0.015322673 0.27382463 -0.047018716)
(0.013160075 0.27510593 -0.054875888)
(0.011037048 0.2738862 -0.06162589)
(0.009021323 0.26968615 -0.067152546)
(0.0071704489 0.26228338 -0.071371245)
(0.0055191841 0.25175811 -0.074239502)
(0.0041111097 0.23847084 -0.075763341)
(0.0029535806 0.22298417 -0.075998096)
(0.00201626 0.20595848 -0.075013919)
(0.00129858 0.18805381 -0.072924582)
(0.00076738902 0.16985871 -0.069874638)
(0.00039127382 0.15185143 -0.066021638)
(0.00013939257 0.13438922 -0.061524694)
(-1.689214e-05 0.11771662 -0.056536198)
(-0.00010268039 0.10198342 -0.051196075)
(-0.00013894858 0.087265703 -0.04562837)
(-0.00014256401 0.073585735 -0.039939803)
(-0.00012659298 0.060928758 -0.034219776)
(-0.00010077733 0.049256138 -0.028541357)
(-7.2083989e-05 0.038515114 -0.022962828)
(-4.5269373e-05 0.028645691 -0.017529482)
(-2.3464517e-05 0.019585303 -0.012275463)
(-8.5840704e-06 0.011271837 -0.0072255039)
(-8.4149508e-07 0.0036454815 -0.0023965419)
(0.018143121 0.4860601 0.023461275)
(-0.00045349598 0.40908776 0.048182019)
(0.019743973 0.34797458 0.053913431)
(0.024528605 0.30749269 0.051085196)
(0.029531146 0.28332098 0.043402873)
(0.033289137 0.2701805 0.033938348)
(0.035458653 0.26404384 0.023950764)
(0.036390196 0.26230835 0.013867513)
(0.036385255 0.26337979 0.0038385152)
(0.035641296 0.26624976 -0.006058067)
(0.034294759 0.27018117 -0.015713147)
(0.032453496 0.2745487 -0.024979836)
(0.030217473 0.2787575 -0.03369286)
(0.027686213 0.28219462 -0.04169325)
(0.024959978 0.28420963 -0.048846231)
(0.022138131 0.28413911 -0.055047373)
(0.019314589 0.28138261 -0.060214913)
(0.016575191 0.27551613 -0.064291268)
(0.013993208 0.26638906 -0.06724143)
(0.011624073 0.25416111 -0.069046827)
(0.0095036915 0.23926799 -0.069715351)
(0.0076493388 0.22233006 -0.069289613)
(0.0060619717 0.20404125 -0.067843613)
(0.0047296838 0.18507126 -0.065476458)
(0.0036316869 0.16599958 -0.062306141)
(0.0027420701 0.14728387 -0.05846115)
(0.0020329012 0.12925568 -0.054072363)
(0.0014765225 0.11213331 -0.049266383)
(0.0010470585 0.096042526 -0.044160732)
(0.0007212722 0.08103888 -0.038860845)
(0.00047893696 0.067127841 -0.033458609)
(0.00030286916 0.054281374 -0.028032072)
(0.00017875323 0.042450595 -0.022645959)
(9.4887933e-05 0.031574974 -0.017352688)
(4.1970992e-05 0.021588708 -0.012193649)
(1.2731628e-05 0.012424939 -0.0072005513)
(6.8328851e-07 0.0040184133 -0.0023968003)
(0.018664933 0.49178026 0.019367724)
(0.0007595791 0.4251728 0.040165897)
(0.023300306 0.37057324 0.045282454)
(0.031357383 0.33258169 0.043268665)
(0.038737485 0.30825801 0.037027056)
(0.044645305 0.29371123 0.029097805)
(0.04858292 0.28576746 0.020616943)
(0.050821024 0.28219925 0.011992844)
(0.051674815 0.28151661 0.0033880722)
(0.051394533 0.2827214 -0.0050995973)
(0.05016539 0.28506368 -0.01333719)
(0.048139171 0.28795214 -0.021185533)
(0.045467113 0.29088614 -0.028508322)
(0.042302771 0.29338504 -0.035187175)
(0.038794346 0.29492522 -0.041132016)
(0.035079107 0.29491103 -0.046282234)
(0.031281748 0.29270676 -0.050597604)
(0.027515108 0.28774252 -0.054055701)
(0.023874602 0.27964691 -0.056642412)
(0.020436803 0.26834528 -0.05834387)
(0.017259129 0.25408525 -0.059156001)
(0.014379328 0.23737931 -0.059091112)
(0.01181659 0.21889686 -0.058182771)
(0.009574128 0.19934782 -0.056486849)
(0.0076425829 0.17938957 -0.054078872)
(0.0060035594 0.15957045 -0.051048877)
(0.0046328633 0.14030809 -0.047495269)
(0.003503205 0.12189275 -0.043518893)
(0.0025863 0.10450498 -0.039218065)
(0.0018543886 0.088238578 -0.034684889)
(0.0012812454 0.073123422 -0.030002837)
(0.00084277009 0.059145239 -0.025245452)
(0.00051727056 0.046261258 -0.0204759)
(0.00028566437 0.034411907 -0.015747168)
(0.00013179371 0.023529091 -0.01110265)
(4.2325696e-05 0.013541781 -0.006576947)
(2.8678074e-06 0.0043796187 -0.0021968434)
(0.019509 0.49820776 0.014501863)
(0.0033040337 0.44419978 0.030116112)
(0.028653804 0.39869774 0.033798029)
(0.040670464 0.3654655 0.032394314)
(0.050901528 0.3426281 0.027706769)
(0.059188237 0.32751317 0.021627147)
(0.064952815 0.31784253 0.015085806)
(0.068395538 0.31192809 0.0084343651)
(0.069859292 0.30857192 0.0018169151)
(0.069703499 0.30696441 -0.004629813)
(0.068207326 0.30646158 -0.010809766)
(0.065602409 0.30659476 -0.016627453)
(0.062122277 0.30699674 -0.021991764)
(0.05799515 0.30733147 -0.026833016)
(0.053426293 0.30721063 -0.031095239)
(0.04860066 0.30613577 -0.034755299)
(0.04367535 0.30349155 -0.037816087)
(0.038781827 0.29861926 -0.040280884)
(0.034027648 0.29096505 -0.042150467)
(0.029498594 0.28022852 -0.043421231)
(0.025260498 0.26644581 -0.044088023)
(0.021360297 0.24997741 -0.044150119)
(0.017827217 0.23141799 -0.043617235)
(0.014674542 0.21147256 -0.042513339)
(0.011901963 0.19084193 -0.040877431)
(0.0094982592 0.17014209 -0.038761715)
(0.0074440075 0.14986311 -0.036228118)
(0.0057141202 0.13036034 -0.033344209)
(0.0042800548 0.11186628 -0.03017928)
(0.003111642 0.094512543 -0.026801056)
(0.0021785103 0.078354085 -0.023273224)
(0.0014511112 0.063391485 -0.019653769)
(0.00090142721 0.049589262 -0.015994033)
(0.00050365326 0.036889918 -0.012338335)
(0.00023516713 0.025224059 -0.0087240123)
(7.6669891e-05 0.014517363 -0.0051817083)
(5.4901177e-06 0.0046951376 -0.0017359087)
(0.020587517 0.50423802 0.0082306746)
(0.0070977425 0.46312185 0.017017165)
(0.035219225 0.42771978 0.018799515)
(0.051197105 0.40038617 0.017865589)
(0.064124823 0.37987843 0.01503009)
(0.074402114 0.36456176 0.011368117)
(0.081503635 0.35307926 0.0074639796)
(0.085614177 0.3444083 0.003545006)
(0.087235911 0.33780688 -0.00028148498)
(0.086806058 0.33272537 -0.0039376231)
(0.084664824 0.32874961 -0.0073801622)
(0.081176496 0.32557753 -0.010564151)
(0.076676514 0.32296787 -0.013450933)
(0.071461556 0.3206886 -0.016013551)
(0.065789188 0.31844549 -0.018237728)
(0.05987706 0.31580837 -0.020125099)
(0.053902189 0.31217931 -0.021684787)
(0.04800466 0.30684839 -0.022928338)
(0.042294007 0.29913768 -0.023864237)
(0.036855005 0.28857563 -0.024495303)
(0.03175197 0.27502239 -0.024819717)
(0.027031562 0.25869637 -0.024834548)
(0.022724615 0.24010526 -0.024539956)
(0.01884765 0.21992328 -0.023942507)
(0.015404469 0.19886368 -0.023056789)
(0.012387965 0.1775805 -0.021905325)
(0.0097820949 0.15661146 -0.020517226)
(0.0075639012 0.13635805 -0.018926173)
(0.0057054766 0.11709148 -0.017168243)
(0.0041757653 0.098972464 -0.015279923)
(0.002942122 0.082075885 -0.013296495)
(0.0019715629 0.06641453 -0.011250845)
(0.0012317444 0.051959271 -0.0091726945)
(0.00069202 0.038654822 -0.0070881715)
(0.00032493959 0.026431287 -0.0050196593)
(0.00010670594 0.015212204 -0.0029858352)
(7.8332041e-06 0.0049198586 -0.0010018761)
(0.021216929 0.50729665 0.00051533637)
(0.0094573182 0.47301924 0.00093645066)
(0.039017845 0.44306037 0.00065793414)
(0.056996066 0.41893464 0.00014237903)
(0.071205392 0.39963037 -0.00048637269)
(0.082309017 0.38406699 -0.0011063053)
(0.089875837 0.37142129 -0.001655324)
(0.094154699 0.36107346 -0.002113421)
(0.095667037 0.35254901 -0.0024722133)
(0.094903951 0.34548208 -0.0027577378)
(0.092315127 0.33958868 -0.0029579283)
(0.088309023 0.33464208 -0.0030901656)
(0.083251314 0.33044956 -0.0031683375)
(0.077469272 0.32681267 -0.0032009274)
(0.071243963 0.32346297 -0.0031962875)
(0.064805184 0.31998817 -0.0031628734)
(0.058335338 0.31579316 -0.0031081965)
(0.051976056 0.31014623 -0.0030378336)
(0.045835576 0.30231945 -0.0029551551)
(0.039995818 0.29177052 -0.0028615026)
(0.034518021 0.27828369 -0.0027567172)
(0.029446489 0.26201269 -0.0026398816)
(0.024810848 0.24342192 -0.0025100618)
(0.02062753 0.22316583 -0.0023668635)
(0.016901063 0.20195725 -0.0022107181)
(0.013625473 0.18046211 -0.0020429119)
(0.010785852 0.15923561 -0.0018654341)
(0.0083600863 0.1386973 -0.0016807367)
(0.006320622 0.11913407 -0.0014914793)
(0.0046361894 0.10071881 -0.0013003079)
(0.0032733684 0.083534931 -0.0011096891)
(0.0021978987 0.067600591 -0.00092180252)
(0.0013757572 0.052889596 -0.00073848479)
(0.00077435956 0.03934783 -0.00056121314)
(0.00036431095 0.026905398 -0.00039111655)
(0.00011992577 0.015485108 -0.00022900947)
(8.8946244e-06 0.0050081225 -7.5439236e-05)
(0.020839238 0.50556442 -0.0074153317)
(0.0079485642 0.46703143 -0.015544456)
(0.036478589 0.43327217 -0.017832642)
(0.052977797 0.40652166 -0.01788579)
(0.066165995 0.3858344 -0.016226714)
(0.076551129 0.36990105 -0.013704794)
(0.08365661 0.35760999 -0.010805782)
(0.08770983 0.34809623 -0.0077314596)
(0.089200055 0.34069793 -0.0045912079)
(0.088609219 0.33490499 -0.0014569806)
(0.086317046 0.3303316 0.0016102535)
(0.082659948 0.32667574 0.0045414936)
(0.07799723 0.32369063 0.0072802439)
(0.072637898 0.32113258 0.0097818343)
(0.06683864 0.31869618 0.012017498)
(0.060813777 0.31594145 0.013971428)
(0.054737909 0.31226091 0.015639017)
(0.048749583 0.3069336 0.017021868)
(0.042956683 0.29926765 0.018122609)
(0.037442318 0.28877506 0.018941849)
(0.032269422 0.27529928 0.019478101)
(0.027483706 0.25904447 0.019729834)
(0.023115514 0.24050848 0.019698318)
(0.019181255 0.22036065 0.019389997)
(0.015684888 0.19931365 0.018817715)
(0.012619593 0.17802382 0.018000705)
(0.0099696311 0.15703272 0.016963613)
(0.0077122813 0.13674608 0.015734989)
(0.0058197562 0.11743901 0.014345593)
(0.0042609849 0.099275518 0.012826809)
(0.0030031766 0.082332978 0.011209307)
(0.0020130894 0.066625972 0.0095220182)
(0.0012580362 0.052126572 0.007791427)
(0.00070697183 0.038780227 0.0060411484)
(0.00033204189 0.026517444 0.0042917243)
(0.0001090746 0.015261922 0.0025605863)
(8.0160369e-06 0.0049359568 0.00086215646)
(0.019765784 0.50008979 -0.014078897)
(0.0040723136 0.44939041 -0.029359781)
(0.029903629 0.40573462 -0.033454875)
(0.042552005 0.37291466 -0.032970822)
(0.053155001 0.34958645 -0.029313506)
(0.061663637 0.33353312 -0.024191942)
(0.067522138 0.32277421 -0.018481316)
(0.070949751 0.31578935 -0.012526479)
(0.072347938 0.31146642 -0.0064853675)
(0.072060782 0.3089829 -0.00047284016)
(0.070395124 0.30777144 0.0053700608)
(0.067602113 0.30735076 0.010955)
(0.063944013 0.30734183 0.016188802)
(0.059649736 0.30738956 0.020971816)
(0.054928037 0.30709473 0.02523926)
(0.049961196 0.30595077 0.028964547)
(0.044905258 0.30332742 0.032131801)
(0.039890473 0.29854903 0.03473635)
(0.035022719 0.29103915 0.036774546)
(0.030386217 0.28047093 0.038241063)
(0.026045732 0.26685459 0.039130504)
(0.022047746 0.25052966 0.039442028)
(0.018421602 0.23207756 0.039184348)
(0.015181119 0.21219815 0.038379027)
(0.01232673 0.19159356 0.037061261)
(0.0098479764 0.17088529 0.035278396)
(0.0077260772 0.15057083 0.033086962)
(0.0059363702 0.13101316 0.030549081)
(0.0044504842 0.11245166 0.027728951)
(0.0032381698 0.09502353 0.024689826)
(0.0022687558 0.078787977 0.021491685)
(0.0015122185 0.063748628 0.01818961)
(0.00093994271 0.049872049 0.01483281)
(0.00052545528 0.037102015 0.011464168)
(0.00024546896 0.025369839 0.0081201745)
(8.0082081e-05 0.014601513 0.0048311224)
(5.74427e-06 0.0047223877 0.0016215175)
(0.018746357 0.49355525 -0.019154202)
(0.00093086914 0.42973061 -0.03984492)
(0.023868195 0.37631053 -0.04540688)
(0.032411793 0.33818219 -0.044319722)
(0.040180533 0.31302663 -0.039028392)
(0.046391895 0.29742269 -0.031936464)
(0.050529663 0.28844717 -0.024155814)
(0.052871967 0.28397267 -0.016104066)
(0.053763711 0.28253152 -0.0079588516)
(0.053424031 0.2830978 0.0001598886)
(0.052095483 0.28495807 0.0081175706)
(0.049967722 0.28749679 0.015777555)
(0.047188901 0.29020207 0.022996044)
(0.043912484 0.29258378 0.02964226)
(0.040288317 0.2941111 0.035613171)
(0.036457617 0.29418059 0.040841312)
(0.032546355 0.29214313 0.045277381)
(0.028667435 0.28740801 0.048892571)
(0.024916129 0.279576 0.051669009)
(0.021369076 0.26854164 0.053590411)
(0.018084196 0.25452459 0.05465063)
(0.015100166 0.23801696 0.054859261)
(0.012437389 0.21967747 0.05424589)
(0.010100357 0.2002144 0.052861635)
(0.008080926 0.18029011 0.05077651)
(0.0063617768 0.16046174 0.04807454)
(0.0049194958 0.141157 0.044848411)
(0.0037272032 0.1226759 0.041193917)
(0.0027566594 0.10520736 0.03720521)
(0.0019798392 0.088851902 0.032971178)
(0.0013700149 0.07364445 0.028573008)
(0.00090241711 0.059574328 0.024082786)
(0.00055458627 0.046601187 0.019562931)
(0.00030663347 0.034666981 0.015066242)
(0.00014162688 0.023704476 0.010636357)
(4.555265e-05 0.013643045 0.0063084401)
(3.1001606e-06 0.0044124147 0.0021100416)
(0.018066219 0.48762742 -0.023202586)
(-0.00079729484 0.41296901 -0.047963944)
(0.019858025 0.35243216 -0.054383536)
(0.024991417 0.31128034 -0.052547321)
(0.030360502 0.28590325 -0.04579703)
(0.034428967 0.27155203 -0.037103328)
(0.036826211 0.26441948 -0.027730212)
(0.037903288 0.26193564 -0.01813511)
(0.037976578 0.26246973 -0.0084900093)
(0.037249423 0.26496095 0.0011053366)
(0.035882669 0.26864982 0.010551899)
(0.034000343 0.27288863 0.019687561)
(0.031706892 0.27707148 0.028340008)
(0.029105581 0.28057982 0.036344517)
(0.026299631 0.28275822 0.043559261)
(0.023390578 0.28293406 0.049872462)
(0.020473871 0.2804896 0.055195588)
(0.017636548 0.27497489 0.059464916)
(0.014953298 0.2662079 0.062640261)
(0.012481751 0.25431715 0.064699743)
(0.010260023 0.23971332 0.065646563)
(0.0083069256 0.22300131 0.065518993)
(0.0066263187 0.20486961 0.064386718)
(0.0052027169 0.18599091 0.062342316)
(0.004021953 0.16695326 0.059495572)
(0.0030577439 0.1482255 0.055968557)
(0.0022828134 0.13015079 0.051887173)
(0.0016697545 0.11295793 0.047374262)
(0.0011924985 0.096781484 0.042544735)
(0.00082730238 0.081683885 0.037502467)
(0.00055324382 0.067675737 0.03233866)
(0.00035233737 0.054732643 0.027131372)
(0.00020942467 0.042808177 0.021945844)
(0.00011197092 0.031843362 0.016835364)
(4.9907396e-05 0.021773291 0.011842412)
(1.5303532e-05 0.012531532 0.0069999109)
(8.5945814e-07 0.0040529379 0.0023325105)
(0.017654923 0.48245035 -0.026716619)
(-0.0018766724 0.3988253 -0.054579573)
(0.016975185 0.33324984 -0.061113743)
(0.019377718 0.29100874 -0.058327396)
(0.022912727 0.26692979 -0.050160006)
(0.0252546 0.25475516 -0.040060478)
(0.026225975 0.24978489 -0.02937875)
(0.026214105 0.24910449 -0.018584641)
(0.025509368 0.25104366 -0.0078301128)
(0.024296385 0.25460952 0.0028132063)
(0.022705785 0.25909778 0.01325883)
(0.020838041 0.26387875 0.023361484)
(0.01877622 0.26829982 0.032938489)
(0.016596612 0.27166342 0.041797086)
(0.014373819 0.27325546 0.049757146)
(0.012180551 0.27241625 0.05666209)
(0.010085621 0.26864215 0.062388128)
(0.0081476847 0.26168014 0.066846141)
(0.0064110481 0.25157685 0.069983646)
(0.0048969642 0.23866355 0.071794183)
(0.0036575633 0.22348262 0.072331302)
(0.0026141475 0.20668522 0.071677112)
(0.00180251 0.1889319 0.069923709)
(0.0011840098 0.1708189 0.067202782)
(0.00073136992 0.1528361 0.063666849)
(0.00041057036 0.13535354 0.059470819)
(0.00019497011 0.11862787 0.054764015)
(5.9210348e-05 0.10281936 0.049684493)
(-1.8403094e-05 0.088012588 0.044355523)
(-5.5552593e-05 0.074236355 0.038883924)
(-6.6163924e-05 0.061480698 0.033359855)
(-6.0873294e-05 0.049710365 0.027857583)
(-4.7520232e-05 0.038874865 0.022436848)
(-3.1674508e-05 0.028915635 0.017144528)
(-1.7181636e-05 0.019770933 0.012016377)
(-6.5602713e-06 0.011379029 0.0070787039)
(-7.015824e-07 0.0036801993 0.0023499258)
(0.017305334 0.47769399 -0.029866803)
(-0.0027454526 0.38607071 -0.059920442)
(0.014462003 0.31674469 -0.065947022)
(0.014538967 0.27476958 -0.062142407)
(0.016714396 0.25307525 -0.052625003)
(0.0177139 0.24374755 -0.041297223)
(0.01762111 0.24121589 -0.029513327)
(0.016806054 0.24229409 -0.01775199)
(0.015515739 0.24533865 -0.0061516103)
(0.013914455 0.24946855 0.0052411422)
(0.012122586 0.25406833 0.016352392)
(0.010235051 0.25854742 0.027044043)
(0.0083288133 0.26224982 0.03712521)
(0.0064703118 0.26447115 0.046382059)
(0.0047194332 0.26453463 0.054606148)
(0.0031288841 0.26189453 0.06161529)
(0.001739619 0.25623386 0.067268902)
(0.00057872785 0.24752149 0.071478872)
(-0.0003247853 0.23600835 0.074215566)
(-0.000971795 0.22216749 0.075507156)
(-0.0014627932 0.20660043 0.075417244)
(-0.0017211306 0.18993993 0.074064403)
(-0.0017954247 0.17277345 0.071622528)
(-0.0017655789 0.1555957 0.068262977)
(-0.0016483043 0.13878989 0.064161942)
(-0.001473326 0.12262975 0.059490104)
(-0.0012677897 0.10729341 0.054404151)
(-0.0010524923 0.092882119 0.049042766)
(-0.00084256448 0.079439265 0.043524831)
(-0.00064849826 0.06696713 0.037949411)
(-0.00047699756 0.055440441 0.032396959)
(-0.0003317449 0.044816685 0.026931182)
(-0.00021411093 0.035043584 0.021601214)
(-0.00012384592 0.026064301 0.016443807)
(-5.9782753e-05 0.017820918 0.011485408)
(-2.0287183e-05 0.010256656 0.0067440129)
(-1.6457467e-06 0.0033172039 0.0022307894)
(0.016882214 0.47310242 -0.032667312)
(-0.003694788 0.37403743 -0.064013473)
(0.011980438 0.30186526 -0.069126056)
(0.010000091 0.26110725 -0.064365324)
(0.011206768 0.24242632 -0.053593465)
(0.011127011 0.23621885 -0.041226856)
(0.010253583 0.23613687 -0.02853792)
(0.0088804733 0.23881779 -0.015998143)
(0.0072025734 0.2426889 -0.0037419886)
(0.0053632717 0.24698575 0.008186856)
(0.0034768038 0.25118109 0.019713691)
(0.0016368844 0.25473562 0.030695416)
(-7.9441774e-05 0.2570359 0.040930713)
(-0.0016092704 0.25744856 0.050190665)
(-0.0029043437 0.25542609 0.058252897)
(-0.0039309186 0.25061309 0.064930425)
(-0.004671515 0.24291476 0.070092229)
(-0.0051267345 0.23250774 0.073675715)
(-0.0053299326 0.21979361 0.075687896)
(-0.005266138 0.20531526 0.076202342)
(-0.005050722 0.18966517 0.075357312)
(-0.004670057 0.1734082 0.073314124)
(-0.0042070149 0.15703194 0.070261678)
(-0.0036940457 0.14092284 0.066401975)
(-0.0031644061 0.12536363 0.061923623)
(-0.002645628 0.11054402 0.0569986)
(-0.0021578515 0.096577335 0.051778058)
(-0.0017144091 0.083518338 0.046390335)
(-0.001323077 0.071379394 0.040941157)
(-0.00098728947 0.060143838 0.035515252)
(-0.00070722315 0.049776327 0.030178725)
(-0.00048072669 0.040230462 0.024981695)
(-0.00030409147 0.031454171 0.019960913)
(-0.00017274313 0.023393376 0.015142183)
(-8.1967475e-05 0.015994383 0.010542495)
(-2.7250749e-05 0.0092053597 0.0061718455)
(-2.081989e-06 0.0029771951 0.0020347572)
(0.016392115 0.46857707 -0.035055797)
(-0.0047393992 0.36251392 -0.066752062)
(0.0093901551 0.28816618 -0.07091565)
(0.0056014291 0.24924048 -0.06524924)
(0.006180461 0.23381258 -0.053368835)
(0.005163524 0.23067004 -0.040154933)
(0.0037137517 0.23281406 -0.026748726)
(0.0019669688 0.23679891 -0.013607664)
(6.562343e-05 0.24115459 -0.00087182847)
(-0.0018644115 0.24522956 0.011400833)
(-0.0037138994 0.24858225 0.023117397)
(-0.00539096 0.25074508 0.034118638)
(-0.0068210249 0.25119904 0.044191586)
(-0.0079490805 0.24945442 0.053102975)
(-0.008741922 0.2451587 0.060637605)
(-0.0091894607 0.238179 0.066630784)
(-0.0093050063 0.22863042 0.070989402)
(-0.0091245629 0.21684664 0.073700856)
(-0.0086830071 0.20330987 0.074829694)
(-0.0080687575 0.18856668 0.074512635)
(-0.0073113082 0.17315262 0.0729169)
(-0.0064822022 0.15754007 0.070250841)
(-0.0056285074 0.14211097 0.066725448)
(-0.004789318 0.12715079 0.062542652)
(-0.0039942598 0.11285589 0.057886459)
(-0.0032635806 0.099348036 0.052917671)
(-0.0026094576 0.086690671 0.047771817)
(-0.0020376063 0.07490436 0.042559526)
(-0.0015488383 0.063979758 0.037368497)
(-0.0011404456 0.053887838 0.032266272)
(-0.00080736112 0.04458754 0.02730329)
(-0.00054307215 0.03603125 0.022515868)
(-0.00034031427 0.028168574 0.017928912)
(-0.00019167079 0.020948854 0.013558276)
(-9.0195528e-05 0.014322759 0.0094127594)
(-2.9705891e-05 0.0082432341 0.0054957361)
(-2.2038622e-06 0.002666025 0.0018064759)
(0.015938738 0.46406427 -0.036944658)
(-0.0058136691 0.35143805 -0.068102946)
(0.0069041792 0.27542047 -0.071637831)
(0.0013505559 0.23863818 -0.064793257)
(0.0015363596 0.22638044 -0.052175666)
(-0.00032941147 0.22601879 -0.038307611)
(-0.0022066342 0.2300129 -0.024368665)
(-0.0041847822 0.23491076 -0.010806388)
(-0.0061703666 0.23936604 0.002223546)
(-0.0080540241 0.2428402 0.014634106)
(-0.0097339021 0.24498856 0.026304815)
(-0.011124445 0.24544887 0.037056828)
(-0.012162018 0.24384745 0.046671595)
(-0.012809012 0.23988652 0.054928473)
(-0.013056572 0.23343287 0.061644177)
(-0.012924304 0.22456378 0.066703202)
(-0.012456548 0.2135576 0.070073844)
(-0.011715414 0.20084022 0.071809178)
(-0.01077038 0.18691108 0.072035742)
(-0.0096976258 0.17227241 0.070930275)
(-0.0085601951 0.1573766 0.068702698)
(-0.0074166994 0.14259668 0.065572893)
(-0.0063113917 0.12821673 0.061752637)
(-0.0052764088 0.11443648 0.057435015)
(-0.0043327702 0.10138343 0.052788281)
(-0.0034921119 0.089127752 0.047953523)
(-0.0027586715 0.077696721 0.043045123)
(-0.0021312069 0.067087244 0.038152985)
(-0.0016046741 0.057275861 0.033345635)
(-0.0011716026 0.048226331 0.02867361)
(-0.00082316249 0.039895146 0.02417273)
(-0.00054994094 0.032235375 0.019867059)
(-0.0003424926 0.025199264 0.01577145)
(-0.00019179419 0.01873991 0.011893677)
(-8.9753958e-05 0.012812296 0.0082361523)
(-2.9354278e-05 0.007373876 0.0047973206)
(-2.1341146e-06 0.0023848572 0.0015727287)
(0.015607244 0.45956992 -0.038237755)
(-0.007001494 0.34080572 -0.068179477)
(0.0045802757 0.26341521 -0.071652423)
(-0.0027439781 0.22890095 -0.062997739)
(-0.0029618549 0.21944375 -0.050143381)
(-0.0053959453 0.22141849 -0.03585213)
(-0.0075838628 0.22680799 -0.02157416)
(-0.0096758302 0.23219578 -0.007786843)
(-0.011622814 0.23637111 0.0053290056)
(-0.013332415 0.23892016 0.017650446)
(-0.014716581 0.23961554 0.029027293)
(-0.015706746 0.23823703 0.039267483)
(-0.016261294 0.23459219 0.048162424)
(-0.016370282 0.22859213 0.055525882)
(-0.016056322 0.22030902 0.06122981)
(-0.015370585 0.20998644 0.065227094)
(-0.014384851 0.19800477 0.067557578)
(-0.013181476 0.18482067 0.068338988)
(-0.01184356 0.17090329 0.067747572)
(-0.010447464 0.15668349 0.065994099)
(-0.0090573233 0.14252287 0.06330221)
(-0.0077229342 0.12870179 0.059890102)
(-0.0064795483 0.11542122 0.055957358)
(-0.0053494502 0.10281276 0.05167783)
(-0.0043441818 0.090951927 0.047196934)
(-0.0034669531 0.079871736 0.042632064)
(-0.0027149168 0.069574585 0.038074947)
(-0.0020811273 0.060042023 0.033594977)
(-0.0015561208 0.05124223 0.029242851)
(-0.0011291203 0.043135514 0.025054075)
(-0.00078890821 0.035678206 0.021052123)
(-0.00052441726 0.028825317 0.017251137)
(-0.00032511169 0.022532286 0.013658163)
(-0.00018129889 0.016756076 0.010274949)
(-8.4492704e-05 0.01145582 0.0070993706)
(-2.7506963e-05 0.0065931537 0.004126547)
(-1.9697027e-06 0.0021323559 0.0013496794)
(0.015411765 0.45507364 -0.038846674)
(-0.0087108139 0.33052028 -0.067115258)
(0.0019643061 0.25184245 -0.070409144)
(-0.0064065525 0.21920537 -0.060395934)
(-0.0074635365 0.21238382 -0.047391391)
(-0.010077827 0.2162236 -0.032917705)
(-0.012431243 0.22252815 -0.018521521)
(-0.014525183 0.22799082 -0.0047298417)
(-0.016314291 0.23155612 0.0082397915)
(-0.017729879 0.23294966 0.020228404)
(-0.018708545 0.23208486 0.031062893)
(-0.01920967 0.22890869 0.040553281)
(-0.019224 0.2234212 0.048521321)
(-0.018776454 0.215728 0.054835817)
(-0.017923171 0.20606564 0.059439621)
(-0.016743432 0.1947864 0.062360781)
(-0.01532873 0.18231364 0.063707262)
(-0.013771725 0.16908774 0.063649483)
(-0.012157261 0.15551932 0.062396937)
(-0.010556539 0.14195851 0.060174749)
(-0.0090244845 0.12868117 0.05720425)
(-0.0075996644 0.11588867 0.05368912)
(-0.006305996 0.10371588 0.049807256)
(-0.0051553249 0.09224305 0.045707491)
(-0.0041502274 0.081508389 0.041509792)
(-0.003286631 0.071519395 0.037307608)
(-0.002556048 0.062262318 0.033171319)
(-0.0019473536 0.05370952 0.029152041)
(-0.0014481255 0.045824952 0.025285304)
(-0.001045601 0.038568073 0.021594362)
(-0.00072732405 0.031896563 0.018093019)
(-0.00048154331 0.02576813 0.014787952)
(-0.00029743913 0.020141669 0.011680576)
(-0.00016529993 0.014977959 0.008768503)
(-7.6782869e-05 0.010240047 0.0060466749)
(-2.4888398e-05 0.0058934208 0.0035082201)
(-1.7613627e-06 0.0019060482 0.0011450934)
(0.01541034 0.45068385 -0.038688806)
(-0.010774201 0.32070966 -0.065113337)
(-0.00098893294 0.24089554 -0.067809932)
(-0.0096537161 0.20969309 -0.057384749)
(-0.011611004 0.20485042 -0.044107313)
(-0.014335128 0.20996662 -0.029653542)
(-0.016725329 0.21669813 -0.015376523)
(-0.018701534 0.22186971 -0.0018187834)
(-0.020219221 0.22458463 0.010761847)
(-0.021237749 0.22471716 0.022174926)
(-0.021728719 0.22233555 0.032240638)
(-0.021689176 0.21755983 0.040791413)
(-0.021148849 0.21056833 0.047698798)
(-0.020169176 0.20162369 0.052900344)
(-0.018836106 0.19107353 0.05641432)
(-0.017249066 0.17932266 0.058338423)
(-0.015509162 0.16679109 0.058835076)
(-0.013709242 0.15387358 0.05810918)
(-0.011927286 0.14091082 0.056384528)
(-0.010223343 0.12817513 0.053883426)
(-0.0086394143 0.11586861 0.050811861)
(-0.0072012977 0.10412954 0.04735055)
(-0.0059214553 0.093042934 0.04365107)
(-0.0048021551 0.082652185 0.039835706)
(-0.0038384112 0.072969879 0.03599968)
(-0.0030204806 0.063986951 0.032214608)
(-0.0023358373 0.055679925 0.028532387)
(-0.0017706457 0.04801637 0.02498899)
(-0.0013108028 0.040958851 0.021607888)
(-0.00094263343 0.034467697 0.018402966)
(-0.00065331897 0.028502869 0.015380925)
(-0.00043112606 0.023025181 0.012543202)
(-0.00026550104 0.017997046 0.009887462)
(-0.00014714499 0.013382912 0.0074087495)
(-6.8160408e-05 0.0091494765 0.0051003545)
(-2.2032396e-05 0.0052657524 0.0029544634)
(-1.541829e-06 0.0017030475 0.00096262729)
(0.015471202 0.44649571 -0.037797922)
(-0.012674632 0.31125126 -0.062218098)
(-0.0037235297 0.23021254 -0.064175207)
(-0.012613039 0.20000402 -0.05375847)
(-0.015296716 0.19648458 -0.04043478)
(-0.018112434 0.20229416 -0.02621903)
(-0.020428313 0.20901317 -0.012299981)
(-0.0221692 0.21361246 0.00077878161)
(-0.023313468 0.21535084 0.012728607)
(-0.023858116 0.21424967 0.023344742)
(-0.023815222 0.21052994 0.032459935)
(-0.023225308 0.2044696 0.039947822)
(-0.022158273 0.19639132 0.04574262)
(-0.02070793 0.18666621 0.049854069)
(-0.01898178 0.17570035 0.052369159)
(-0.017089141 0.163906 0.053440442)
(-0.01513066 0.15166964 0.053265622)
(-0.01319107 0.13932699 0.052064465)
(-0.011335708 0.12714942 0.050058015)
(-0.0096102529 0.1153414 0.047452926)
(-0.0080426812 0.10404569 0.044431671)
(-0.006646389 0.093352812 0.041148006)
(-0.0054236428 0.083311896 0.037726377)
(-0.0043688224 0.07394102 0.034263901)
(-0.0034711739 0.065236103 0.030833744)
(-0.0027169807 0.057178051 0.027489)
(-0.0020911747 0.049738206 0.024266549)
(-0.0015784666 0.042882353 0.02119054)
(-0.0011640914 0.036573547 0.018275384)
(-0.00083426302 0.030774055 0.015528214)
(-0.00057641816 0.025446646 0.012950849)
(-0.00037930526 0.020555396 0.010541325)
(-0.00023298153 0.016066177 0.0082950621)
(-0.00012880579 0.011946909 0.0062057448)
(-5.9526343e-05 0.0081676662 0.0042659734)
(-1.9177033e-05 0.0047006824 0.0024677492)
(-1.3314059e-06 0.0015202921 0.00080280945)
(0.015424544 0.44248271 -0.036292272)
(-0.014101885 0.30210389 -0.058396694)
(-0.006206365 0.21968471 -0.059671409)
(-0.01530612 0.18994117 -0.04950138)
(-0.018527807 0.18706309 -0.036476582)
(-0.021380432 0.19299629 -0.022758259)
(-0.023519931 0.1993251 -0.0094465773)
(-0.024926804 0.20316681 0.0029122464)
(-0.025620645 0.20391769 0.01401148)
(-0.025644335 0.20172792 0.023651624)
(-0.025057959 0.19695033 0.031696124)
(-0.023945822 0.18998804 0.038072284)
(-0.022413138 0.18126359 0.042780268)
(-0.020577361 0.17120777 0.045895121)
(-0.018556991 0.16024182 0.047557448)
(-0.016461048 0.14875493 0.047955096)
(-0.014381485 0.13708481 0.047301081)
(-0.012389385 0.12550641 0.045812808)
(-0.010534568 0.11422952 0.043695793)
(-0.0088476228 0.10340346 0.041133074)
(-0.0073432628 0.093125751 0.03827993)
(-0.0060240771 0.08345239 0.03526274)
(-0.0048840758 0.074407792 0.032180605)
(-0.0039117043 0.065993501 0.02910852)
(-0.0030922206 0.058195288 0.026101183)
(-0.0024094526 0.050988633 0.023196832)
(-0.0018470258 0.044342805 0.020420755)
(-0.0013891651 0.038223785 0.017788331)
(-0.0010211795 0.032596294 0.015307527)
(-0.00072971645 0.027425167 0.012980905)
(-0.00050285849 0.022676227 0.010807183)
(-0.00033010984 0.018316836 0.0087824257)
(-0.00020232066 0.01431619 0.0069009379)
(-0.00011162905 0.010645469 0.0051559271)
(-5.1481686e-05 0.0072778687 0.0035399824)
(-1.6552764e-05 0.0041885702 0.0020454288)
(-1.1393742e-06 0.0013546641 0.00066456089)
(0.015301989 0.43845272 -0.034192504)
(-0.015131312 0.29307563 -0.053809321)
(-0.0086113228 0.2092253 -0.054427149)
(-0.017791129 0.17941084 -0.04471814)
(-0.021369195 0.17648884 -0.032339175)
(-0.024170275 0.18199451 -0.01940333)
(-0.026039639 0.18761105 -0.0069543656)
(-0.027032698 0.19059287 0.0044590844)
(-0.02722551 0.19043819 0.014527267)
(-0.026714012 0.18738971 0.023069294)
(-0.025607187 0.18189326 0.029991063)
(-0.024028475 0.17443282 0.035277062)
(-0.022109604 0.16548433 0.038987023)
(-0.019980959 0.15549644 0.041246619)
(-0.017761705 0.1448748 0.042230692)
(-0.015552288 0.13396865 0.042142387)
(-0.01343053 0.1230629 0.041192691)
(-0.011451196 0.11237711 0.039583777)
(-0.0096481444 0.10207028 0.037497684)
(-0.0080379199 0.092249248 0.035090246)
(-0.0066238238 0.082978593 0.032489293)
(-0.0053997758 0.074290396 0.029795792)
(-0.0043536127 0.066192844 0.027086708)
(-0.0034696889 0.05867735 0.024418634)
(-0.0027308013 0.05172413 0.021831542)
(-0.0021195265 0.045306392 0.019352269)
(-0.0016190937 0.039393388 0.016997557)
(-0.0012139064 0.033952563 0.014776585)
(-0.00088981288 0.028951022 0.012692996)
(-0.00063420685 0.024356501 0.010746487)
(-0.00043601511 0.020137979 0.0089340227)
(-0.00028561182 0.01626604 0.0072507492)
(-0.00017469792 0.012713055 0.0056906645)
(-9.6203821e-05 0.0094532635 0.0042471083)
(-4.4288063e-05 0.0064627599 0.0029131119)
(-1.4199138e-05 0.0037194441 0.0016816486)
(-9.7167773e-07 0.0012029384 0.00054579691)
(0.015168257 0.434528 -0.031416895)
(-0.01619416 0.28433349 -0.048583353)
(-0.010972 0.19888993 -0.048557972)
(-0.020108692 0.16845797 -0.039561987)
(-0.023882665 0.1648008 -0.028145683)
(-0.026546251 0.16933643 -0.016273128)
(-0.028074819 0.17394786 -0.0049301635)
(-0.028604884 0.17601309 0.0053424051)
(-0.028278119 0.17508452 0.01424506)
(-0.027246975 0.17144523 0.021625354)
(-0.025666075 0.16558191 0.027434355)
(-0.023690167 0.15800977 0.031707557)
(-0.02146728 0.14921482 0.034550143)
(-0.019130578 0.13963121 0.036119485)
(-0.016791666 0.12962978 0.036604846)
(-0.014537028 0.119513 0.036207267)
(-0.012427799 0.10951574 0.035122679)
(-0.010502156 0.099810705 0.033529914)
(-0.0087792368 0.09051705 0.031583828)
(-0.0072635745 0.081710247 0.029412742)
(-0.0059493327 0.073431795 0.027118979)
(-0.0048239276 0.065697897 0.024781293)
(-0.0038708948 0.058506687 0.022458217)
(-0.0030720098 0.051843964 0.020191642)
(-0.0024087645 0.045687549 0.018010218)
(-0.0018633282 0.040010504 0.015932353)
(-0.0014191205 0.034783426 0.013968739)
(-0.0010611083 0.029976045 0.012124386)
(-0.00077591454 0.025558295 0.010400234)
(-0.00055180533 0.021501017 0.0087943829)
(-0.00037860188 0.017776381 0.0073030243)
(-0.00024754826 0.01435813 0.0059211248)
(-0.00015116093 0.011221693 0.004642927)
(-8.3114308e-05 0.0083442129 0.0034623064)
(-3.8198764e-05 0.0057045152 0.0023730235)
(-1.2233197e-05 0.0032830481 0.0013689021)
(-8.3033417e-07 0.0010617984 0.00044393933)
(0.015001311 0.43084564 -0.027938765)
(-0.017388549 0.27614827 -0.042663365)
(-0.013165964 0.1889208 -0.042207448)
(-0.022236606 0.15729627 -0.034166175)
(-0.026099078 0.15221233 -0.023993268)
(-0.028576622 0.15523384 -0.013446602)
(-0.029736171 0.15853853 -0.0034320522)
(-0.029795774 0.15962048 0.0055370827)
(-0.028966502 0.15803841 0.013184018)
(-0.027457093 0.15405674 0.019388387)
(-0.025462428 0.14814496 0.024140497)
(-0.023160207 0.14079906 0.027512986)
(-0.020705801 0.13247665 0.02963777)
(-0.018227606 0.1235727 0.030684095)
(-0.015824666 0.11441161 0.030838005)
(-0.013567202 0.10524768 0.03028503)
(-0.011499595 0.096270894 0.029197512)
(-0.0096448473 0.087615604 0.027726867)
(-0.0080095463 0.079370494 0.026000165)
(-0.0065885859 0.071588385 0.024119935)
(-0.0053692086 0.064295059 0.022166022)
(-0.0043342081 0.057496672 0.020198535)
(-0.0034643038 0.051185697 0.018261157)
(-0.0027397965 0.045345495 0.016384372)
(-0.002141648 0.039953724 0.014588376)
(-0.0016521284 0.034984807 0.01288554)
(-0.0012551521 0.030411676 0.011282435)
(-0.00093640581 0.026206965 0.0097814374)
(-0.00068333782 0.022343805 0.00838197)
(-0.00048506681 0.018796328 0.0070814397)
(-0.00033224477 0.015539972 0.0058759374)
(-0.00021689466 0.012551637 0.0047607471)
(-0.00013224654 0.0098097596 0.0037307119)
(-7.2608962e-05 0.0072943061 0.0027804917)
(-3.3326912e-05 0.0049867398 0.0019047424)
(-1.0645623e-05 0.0028699544 0.0010982446)
(-7.1989065e-07 0.00092819638 0.00035597526)
(0.014842987 0.42765682 -0.023797335)
(-0.018441449 0.26892746 -0.036116891)
(-0.015066697 0.17968749 -0.035476268)
(-0.024112364 0.14632569 -0.028603598)
(-0.02801943 0.13918097 -0.019923886)
(-0.030309623 0.14016515 -0.010943263)
(-0.031120285 0.14183358 -0.0024557354)
(-0.030746592 0.14180718 0.0050767509)
(-0.029466912 0.13961982 0.011411006)
(-0.027542361 0.13546651 0.016456841)
(-0.025201803 0.12974541 0.020231593)
(-0.022638911 0.12288656 0.022826746)
(-0.020010387 0.11528519 0.024380863)
(-0.017435919 0.10727665 0.025056759)
(-0.015000416 0.099129989 0.025022991)
(-0.012758275 0.091050622 0.024440171)
(-0.010738897 0.083187747 0.0234522)
(-0.0089525413 0.075643642 0.022181827)
(-0.0073957904 0.068483226 0.020729557)
(-0.0060562107 0.061742827 0.019174772)
(-0.0049160377 0.05543769 0.017578117)
(-0.0039549119 0.04956806 0.015984413)
(-0.0031517929 0.044123921 0.014425607)
(-0.0024862125 0.03908857 0.0129235)
(-0.001939033 0.034441237 0.011492095)
(-0.0014928497 0.030158956 0.010139554)
(-0.0011321514 0.026217879 0.0088697688)
(-0.00084332305 0.022594158 0.0076835822)
(-0.0006145549 0.019264533 0.006579729)
(-0.00043569804 0.016206702 0.0055555352)
(-0.00029809569 0.013399532 0.0046074338)
(-0.0001944053 0.010823176 0.0037313364)
(-0.00011842578 0.0084591097 0.0029228968)
(-6.4968194e-05 0.006290126 0.0021776946)
(-2.9791762e-05 0.004300297 0.0014913599)
(-9.5144403e-06 0.0024749174 0.00085966376)
(-6.4002084e-07 0.00080043753 0.00027856346)
(0.014701862 0.42505582 -0.019108258)
(-0.01929914 0.26290132 -0.029024167)
(-0.016623318 0.17157242 -0.028411377)
(-0.025679811 0.13621061 -0.022897008)
(-0.029618737 0.12648495 -0.015934208)
(-0.031753142 0.12502245 -0.0087298306)
(-0.032271566 0.1247471 -0.0019398971)
(-0.03153698 0.12343614 0.0040480971)
(-0.029886602 0.1205976 0.0090331741)
(-0.02762618 0.1163307 0.012950189)
(-0.025011673 0.11092461 0.015828772)
(-0.022247559 0.10470704 0.01776033)
(-0.019488995 0.097982776 0.01887153)
(-0.016846396 0.091009717 0.019303418)
(-0.014391783 0.083992596 0.019196324)
(-0.012166144 0.077085431 0.018679789)
(-0.010186813 0.070398045 0.017866888)
(-0.0084541916 0.064004014 0.016852003)
(-0.0069573909 0.057948538 0.015710993)
(-0.0056786936 0.052255432 0.01450283)
(-0.0045968627 0.04693296 0.013271911)
(-0.0036894594 0.041978446 0.012050578)
(-0.0029343738 0.037381819 0.01086153)
(-0.0023107641 0.033128235 0.0097199632)
(-0.0017995716 0.029199985 0.0086353774)
(-0.0013837444 0.025577851 0.0076130493)
(-0.0010482734 0.022242049 0.0066551997)
(-0.00078011083 0.019172868 0.0057618973)
(-0.00056802413 0.016351099 0.0049317418)
(-0.00040241849 0.013758302 0.0041623719)
(-0.00027514959 0.011376972 0.0034508346)
(-0.00017933637 0.0091906225 0.0027938489)
(-0.00010918751 0.0071838243 0.002187991)
(-5.9867084e-05 0.0053422025 0.001629821)
(-2.7442704e-05 0.0036524137 0.0011159677)
(-8.750112e-06 0.0021021062 0.00064318642)
(-5.8887455e-07 0.00067987171 0.00020838799)
(0.014581306 0.42312277 -0.014000728)
(-0.019938754 0.25830814 -0.021492237)
(-0.017787754 0.16507593 -0.021064791)
(-0.026890284 0.12743904 -0.01707016)
(-0.030857776 0.11521515 -0.012003878)
(-0.032873573 0.1112096 -0.0067457476)
(-0.033172081 0.1088558 -0.0017889337)
(-0.032165945 0.10613703 0.0025718145)
(-0.030238569 0.10256426 0.00618388)
(-0.027729678 0.098147061 0.0090011854)
(-0.024914835 0.093055527 0.011051857)
(-0.022005241 0.08749863 0.012410838)
(-0.019153711 0.081675304 0.013177929)
(-0.016462967 0.075754913 0.013460756)
(-0.013994985 0.069871733 0.0133639)
(-0.011780702 0.06412618 0.012982048)
(-0.009828706 0.058589166 0.012396498)
(-0.0081324479 0.053307515 0.011674135)
(-0.0066758638 0.048309291 0.010868057)
(-0.0054376392 0.043608484 0.010019134)
(-0.0043942497 0.039208844 0.0091578416)
(-0.0035219442 0.035106907 0.0083061602)
(-0.0027979847 0.031294279 0.0074793445)
(-0.0022013586 0.027759334 0.0066874612)
(-0.0017131245 0.024488453 0.0059366689)
(-0.0013165171 0.021466906 0.005230251)
(-0.00099689922 0.018679484 0.0045694269)
(-0.00074162641 0.016110939 0.0039539772)
(-0.00053986669 0.013746292 0.0033827136)
(-0.00038240327 0.01157104 0.0028538249)
(-0.00026143585 0.0095712919 0.0023651279)
(-0.00017039019 0.0077338557 0.0019142442)
(-0.00010374239 0.0060462836 0.0014987226)
(-5.6888823e-05 0.0044968939 0.0011161225)
(-2.6075869e-05 0.0030747705 0.00076406787)
(-8.326754e-06 0.0017697493 0.00044028562)
(-5.5877723e-07 0.00057239386 0.00014262089)
(0.014688047 0.42196549 -0.0086575024)
(-0.020308021 0.25537388 -0.013607985)
(-0.018527969 0.16057648 -0.013486962)
(-0.027688772 0.12112656 -0.011146008)
(-0.031683571 0.10674364 -0.0081104896)
(-0.03362248 0.10054361 -0.0049241679)
(-0.033773973 0.096342082 -0.001897485)
(-0.03258717 0.092319046 0.00077893548)
(-0.030477119 0.088019837 0.0030039434)
(-0.027806258 0.083395051 0.0047447767)
(-0.024862598 0.078517362 0.0060168693)
(-0.021861065 0.073490099 0.0068660983)
(-0.018952024 0.068414286 0.0073570881)
(-0.016232367 0.063376512 0.0075552856)
(-0.013757238 0.058445664 0.0075244541)
(-0.011550944 0.053673241 0.0073222497)
(-0.0096164652 0.049095502 0.0069979853)
(-0.0079428811 0.044736204 0.0065919688)
(-0.006510974 0.040609314 0.006135378)
(-0.0052972975 0.03672133 0.0056528814)
(-0.0042769916 0.033073155 0.0051627852)
(-0.0034255729 0.029661604 0.0046781954)
(-0.0027199809 0.026480555 0.0042081398)
(-0.0021391482 0.02352182 0.0037585233)
(-0.0016642452 0.020775802 0.0033329107)
(-0.0012787108 0.018231997 0.0029331539)
(-0.00096815645 0.015879374 0.0025598833)
(-0.0007201984 0.013706666 0.0022128849)
(-0.00052425755 0.011702599 0.0018913836)
(-0.00037135065 0.0098560604 0.0015942512)
(-0.0002538874 0.0081562326 0.0013201547)
(-0.00016547697 0.0065926867 0.0010676613)
(-0.00010075454 0.0051554514 0.00083530867)
(-5.5249278e-05 0.0038350586 0.00062165261)
(-2.5329554e-05 0.0026225705 0.00042529696)
(-8.0789151e-06 0.0015095911 0.00024492052)
(-5.438583e-07 0.00048826691 7.9280804e-05)
(0.014900115 0.42150996 -0.0032680971)
(-0.020460604 0.2540903 -0.0054588663)
(-0.01886618 0.15840802 -0.0057414262)
(-0.02807048 0.11794055 -0.0051487439)
(-0.032081565 0.10231195 -0.0042366832)
(-0.033977807 0.094809454 -0.0032015635)
(-0.034051073 0.089467512 -0.002163915)
(-0.03277016 0.084595306 -0.001204461)
(-0.030566642 0.079779895 -0.00037232277)
(-0.02781458 0.074952563 0.00030900025)
(-0.024807663 0.070135507 0.00083551334)
(-0.021763668 0.065372395 0.0012165508)
(-0.018831501 0.060703941 0.0014723594)
(-0.016102173 0.056163577 0.0016229596)
(-0.01362776 0.051778889 0.0016892361)
(-0.011429037 0.047570033 0.0016908729)
(-0.0095063836 0.043550943 0.0016452178)
(-0.0078460486 0.0397301 0.0015667509)
(-0.0064274794 0.036112458 0.0014663768)
(-0.0052269449 0.032699931 0.0013533024)
(-0.0042187428 0.029491401 0.0012344623)
(-0.0033781143 0.026483681 0.0011148469)
(-0.0026819025 0.023671923 0.00099791484)
(-0.0021090525 0.021049947 0.00088594522)
(-0.001640819 0.018610533 0.00078032698)
(-0.0012607674 0.016345682 0.00068179467)
(-0.00095465322 0.014246834 0.00059061717)
(-0.00071023871 0.01230508 0.00050674493)
(-0.00051708351 0.010511332 0.00042992202)
(-0.000366331 0.0088564798 0.00035976798)
(-0.00025050257 0.0073315126 0.00029583608)
(-0.00016330473 0.0059276263 0.00023765292)
(-9.9454638e-05 0.0046363028 0.00018474434)
(-5.4552422e-05 0.003449372 0.0001366516)
(-2.5013285e-05 0.002359054 9.2940852e-05)
(-7.9890239e-06 0.0013579872 5.3215472e-05)
(-5.3722284e-07 0.00043924321 1.711227e-05)
(0.014950658 0.42159548 0.0021248619)
(-0.020427157 0.25429568 0.0028076226)
(-0.018853323 0.15868972 0.0020706003)
(-0.02805128 0.11828332 0.00087158846)
(-0.032056284 0.10266831 -0.00037466944)
(-0.033942308 0.095125505 -0.0015195581)
(-0.034005652 0.089700359 -0.0024910344)
(-0.032716236 0.084718593 -0.0032581845)
(-0.030506317 0.079784617 -0.0038185012)
(-0.027750479 0.07484477 -0.0041877061)
(-0.024742563 0.069930509 -0.0043912968)
(-0.021700096 0.065089844 -0.0044586176)
(-0.018771505 0.060364341 -0.0044214084)
(-0.016047215 0.055786088 -0.0043047586)
(-0.01357864 0.051380124 -0.0041303832)
(-0.011386023 0.047163678 -0.0039170779)
(-0.0094693992 0.043147819 -0.0036793886)
(-0.007814754 0.039338422 -0.0034283599)
(-0.0064013731 0.035738208 -0.0031715535)
(-0.0052054466 0.03234725 -0.002915191)
(-0.0042012508 0.029162956 -0.0026636432)
(-0.0033640443 0.026180991 -0.0024198499)
(-0.0026707115 0.023395629 -0.0021857116)
(-0.0021002524 0.020800032 -0.0019623863)
(-0.0016339816 0.0183865 -0.0017505081)
(-0.0012555241 0.01614669 -0.0015503433)
(-0.0009506913 0.014071811 -0.0013619007)
(-0.00070729634 0.012152802 -0.0011850079)
(-0.00051494348 0.010380491 -0.001019366)
(-0.00036481445 0.0087457277 -0.00086458712)
(-0.00024946335 0.0072395002 -0.00072022372)
(-0.00016262363 0.0058530282 -0.00058578945)
(-9.903594e-05 0.0045778365 -0.00046077597)
(-5.4317026e-05 0.00340581 -0.00034466566)
(-2.4907545e-05 0.0023292325 -0.00023694146)
(-7.9455329e-06 0.0013408105 -0.00013709036)
(-5.3564634e-07 0.00043368596 -4.4613007e-05)
(0.014650718 0.42211032 0.0074830289)
(-0.020248083 0.25584819 0.010961736)
(-0.018515434 0.16136794 0.0098173824)
(-0.027643501 0.12212442 0.006856004)
(-0.031614699 0.10778332 0.003478606)
(-0.033521557 0.10146135 0.00017820281)
(-0.033642255 0.09701396 -0.0027832126)
(-0.032428694 0.092672962 -0.0052646296)
(-0.030298121 0.088035642 -0.0072121155)
(-0.027614645 0.083092811 -0.0086329819)
(-0.024666751 0.077941333 -0.0095731519)
(-0.021668706 0.072695726 -0.01009934)
(-0.018769419 0.067458908 -0.010288609)
(-0.016064324 0.062313731 -0.010212379)
(-0.013606478 0.057321839 -0.0099358944)
(-0.011418345 0.052526577 -0.009515408)
(-0.0095020754 0.047956481 -0.0089972587)
(-0.0078458257 0.043628109 -0.0084181766)
(-0.0064298396 0.039549228 -0.0078057418)
(-0.0052303885 0.035721197 -0.0071813483)
(-0.004222514 0.032140781 -0.0065605125)
(-0.0033817594 0.028801543 -0.0059540913)
(-0.0026851718 0.025694851 -0.00536939)
(-0.002111837 0.022810624 -0.0048110644)
(-0.0016430987 0.020137868 -0.004281829)
(-0.0012625732 0.017665076 -0.0037829999)
(-0.00095604137 0.015380522 -0.0033149018)
(-0.00071127492 0.013272487 -0.0028771705)
(-0.00051783351 0.01132943 -0.0024689733)
(-0.0003668556 0.0095401122 -0.0020891696)
(-0.0002508549 0.007893695 -0.0017364273)
(-0.00016352952 0.0063798065 -0.0014093068)
(-9.9588534e-05 0.004988588 -0.0011063206)
(-5.4624475e-05 0.0037107226 -0.0008259762)
(-2.5045072e-05 0.0025374485 -0.00056680541)
(-7.9998793e-06 0.0014605607 -0.0003273805)
(-5.3760897e-07 0.00047240369 -0.00010633154)
(0.014431123 0.42322486 0.01284651)
(-0.019949086 0.25890177 0.018817414)
(-0.017806841 0.16628086 0.01737106)
(-0.02684307 0.12901472 0.012744213)
(-0.030763312 0.11685704 0.0073260045)
(-0.032723796 0.1126499 0.0019470244)
(-0.032969004 0.10990489 -0.0029459402)
(-0.031915147 0.10669497 -0.0071069598)
(-0.029949528 0.10260977 -0.01043095)
(-0.027414996 0.097714903 -0.012913033)
(-0.024588415 0.092213544 -0.01461367)
(-0.02168037 0.086329368 -0.015630714)
(-0.018841652 0.080263237 -0.016078303)
(-0.016172218 0.074178607 -0.016071512)
(-0.0137311 0.068199733 -0.015717493)
(-0.011546561 0.062415511 -0.015109265)
(-0.0096250128 0.056885464 -0.014324992)
(-0.0079582824 0.051646003 -0.013427612)
(-0.0065292232 0.046716148 -0.012466128)
(-0.0053158896 0.042102314 -0.011477605)
(-0.0042944727 0.037802088 -0.010489227)
(-0.0034411835 0.03380709 -0.0095202881)
(-0.0027334103 0.030105095 -0.0085839589)
(-0.0021503644 0.026681545 -0.0076887706)
(-0.0016733783 0.023520626 -0.0068398151)
(-0.0012859763 0.020606008 -0.0060396823)
(-0.00097380484 0.017921354 -0.0052891782)
(-0.00072448518 0.015450663 -0.0045878631)
(-0.00052742522 0.013178492 -0.0039344501)
(-0.00037361934 0.011090096 -0.0033270973)
(-0.00025545076 0.009171513 -0.0027636189)
(-0.00016650143 0.007409606 -0.0022416372)
(-0.00010138051 0.0057920737 -0.0017586906)
(-5.5593246e-05 0.0043074454 -0.0013123088)
(-2.5487459e-05 0.0029450592 -0.00090006537)
(-8.1293503e-06 0.0016950311 -0.00051960407)
(-5.4746386e-07 0.000548219 -0.00016866715)
(0.014657241 0.42519464 0.018005204)
(-0.019328186 0.26368208 0.026321023)
(-0.016666791 0.17314399 0.024674479)
(-0.025647782 0.1382658 0.018515208)
(-0.029524955 0.12862497 0.011186753)
(-0.031584819 0.12688773 0.0038506615)
(-0.032027849 0.12610318 -0.0028798128)
(-0.031222028 0.12417093 -0.0086641999)
(-0.029510613 0.12069473 -0.013348401)
(-0.027204827 0.11583783 -0.016909414)
(-0.024563805 0.10992607 -0.019411602)
(-0.021792386 0.10330307 -0.020972428)
(-0.01904376 0.096275403 -0.021735992)
(-0.016424909 0.089094027 -0.021853165)
(-0.014003859 0.081952084 -0.021468054)
(-0.011817683 0.07499015 -0.020709661)
(-0.0098803179 0.068304593 -0.019687916)
(-0.0081895196 0.061956553 -0.018492742)
(-0.0067325342 0.05598031 -0.017195158)
(-0.0054904617 0.050390432 -0.015849502)
(-0.0044414294 0.045187565 -0.01449608)
(-0.0035627693 0.0403629 -0.013163829)
(-0.0028324232 0.03590152 -0.011872761)
(-0.0022297796 0.031784831 -0.010636047)
(-0.0017361117 0.027992282 -0.0094617426)
(-0.001334747 0.024502554 -0.0083541483)
(-0.0010110651 0.021294355 -0.0073148695)
(-0.00075239298 0.018346948 -0.0063436165)
(-0.00054784499 0.015640467 -0.005438803)
(-0.0003881388 0.013156111 -0.0045979866)
(-0.00026540545 0.010876234 -0.0038181893)
(-0.00017300349 0.0087843782 -0.0030961286)
(-0.00010534606 0.0068652667 -0.0024283811)
(-5.7772972e-05 0.0051047648 -0.001811498)
(-2.6484141e-05 0.0034898292 -0.0012420832)
(-8.4554013e-06 0.0020084464 -0.00071684038)
(-5.6818568e-07 0.0006495676 -0.00023261141)
(0.014834573 0.42781642 0.022728892)
(-0.018499232 0.26985187 0.033425278)
(-0.015155953 0.18155483 0.031702364)
(-0.024125409 0.14878714 0.024161119)
(-0.027968061 0.14172594 0.015093016)
(-0.030172597 0.14237554 0.0059613186)
(-0.030889213 0.14344719 -0.0024791595)
(-0.030419895 0.14270639 -0.009810195)
(-0.029051656 0.13979186 -0.015833331)
(-0.027054392 0.1349659 -0.02050048)
(-0.024663288 0.12866524 -0.02386615)
(-0.022074612 0.12133751 -0.026051923)
(-0.019444193 0.11338101 -0.027218276)
(-0.016888304 0.10512467 -0.027541764)
(-0.014487053 0.096825557 -0.027197535)
(-0.0122897 0.088674602 -0.026347259)
(-0.010320918 0.080806069 -0.025132175)
(-0.008587068 0.07330817 -0.023670251)
(-0.0070818033 0.066233309 -0.022056328)
(-0.0057906848 0.059607123 -0.020364103)
(-0.004694727 0.053435988 -0.018649035)
(-0.0037729614 0.047712968 -0.016951512)
(-0.0030041817 0.042422348 -0.015299897)
(-0.0023680542 0.037542992 -0.013713221)
(-0.0018457628 0.033050751 -0.012203452)
(-0.0014203261 0.028920145 -0.010777321)
(-0.0010766989 0.025125512 -0.0094377644)
(-0.0008017367 0.021641749 -0.0081850247)
(-0.0005840784 0.018444785 -0.0070174837)
(-0.00041398865 0.015511852 -0.0059322786)
(-0.00028318237 0.012821619 -0.0049257541)
(-0.00018464448 0.010354241 -0.0039937897)
(-0.00011246003 0.0080913466 -0.0031320332)
(-6.1682457e-05 0.0060159879 -0.0023360648)
(-2.8284271e-05 0.0041125707 -0.0016015111)
(-9.0224803e-06 0.0023667704 -0.00092411908)
(-6.0806275e-07 0.00076544544 -0.00029980932)
(0.014988164 0.43097088 0.02691753)
(-0.017505766 0.27711446 0.040010944)
(-0.013341113 0.19098739 0.038408875)
(-0.022336936 0.16006835 0.029671133)
(-0.026146927 0.15509386 0.019077672)
(-0.028539353 0.15775093 0.0083489492)
(-0.029593558 0.16040463 -0.0016438703)
(-0.029535978 0.16070752 -0.010425823)
(-0.028588896 0.15832767 -0.017760346)
(-0.026973546 0.15359895 -0.023567234)
(-0.024895315 0.14703314 -0.027875654)
(-0.022538029 0.13914873 -0.030792816)
(-0.020058587 0.13041089 -0.032478336)
(-0.017583067 0.12121108 -0.033120863)
(-0.015205673 0.11186278 -0.032917566)
(-0.012990649 0.10260528 -0.032058023)
(-0.010976374 0.093612077 -0.030713355)
(-0.0091805554 0.085001454 -0.029030387)
(-0.0076055453 0.07684752 -0.027129869)
(-0.0062431281 0.069190526 -0.025107496)
(-0.0050784661 0.062045795 -0.02303658)
(-0.0040931226 0.055411018 -0.020971453)
(-0.0032672363 0.049271975 -0.01895098)
(-0.0025809927 0.043606837 -0.017001822)
(-0.0020155492 0.038389327 -0.015141263)
(-0.0015535627 0.033590952 -0.013379555)
(-0.0011794384 0.029182547 -0.011721782)
(-0.00087939379 0.025135301 -0.010169324)
(-0.0006414091 0.021421412 -0.008720963)
(-0.00045510996 0.018014478 -0.0073737172)
(-0.00031161493 0.014889706 -0.0061234572)
(-0.00020336775 0.012023999 -0.0049653539)
(-0.00012396993 0.0093959627 -0.0038942011)
(-6.8054883e-05 0.0069858563 -0.0029046447)
(-3.1227804e-05 0.0047755187 -0.0019913416)
(-9.9826813e-06 0.002748273 -0.0011490661)
(-6.731679e-07 0.00088882521 -0.00037278442)
(0.015138335 0.43459051 0.030482604)
(-0.016356583 0.28526161 0.045999975)
(-0.01126145 0.20106784 0.04475849)
(-0.020335714 0.17146758 0.035038172)
(-0.024091641 0.16798516 0.023160622)
(-0.026686778 0.17217154 0.011061609)
(-0.028110753 0.17611637 -0.00030176768)
(-0.028509806 0.17736323 -0.010419539)
(-0.028038909 0.17557602 -0.019024612)
(-0.026866489 0.17111055 -0.026000125)
(-0.025162321 0.16450294 -0.031335942)
(-0.023091853 0.15630037 -0.035106076)
(-0.020808446 0.14700544 -0.037449904)
(-0.018445493 0.13705534 -0.03855146)
(-0.01611093 0.12681333 -0.038617661)
(-0.013885241 0.11656732 -0.037858484)
(-0.011822711 0.10653409 -0.036471616)
(-0.0099549264 0.096867637 -0.034632534)
(-0.0082953635 0.087669566 -0.032489673)
(-0.0068441079 0.078999962 -0.030163552)
(-0.0055921061 0.070887456 -0.027748521)
(-0.0045246509 0.063337855 -0.025315957)
(-0.0036240411 0.056341124 -0.022918013)
(-0.0028714874 0.049876791 -0.020591344)
(-0.0022483943 0.043917976 -0.018360488)
(-0.0017371608 0.038434299 -0.01624074)
(-0.0013216304 0.033393915 -0.014240519)
(-0.00098729829 0.028764893 -0.012363231)
(-0.00072135624 0.024516117 -0.010608719)
(-0.00051263771 0.020617834 -0.0089743625)
(-0.00035150456 0.017041978 -0.0074558956)
(-0.00022969902 0.013762316 -0.0060480128)
(-0.00014018786 0.010754488 -0.0047448068)
(-7.704052e-05 0.0079959838 -0.0035400819)
(-3.5394342e-05 0.0054660694 -0.0024275752)
(-1.1319803e-05 0.0031456884 -0.0014011019)
(-7.6858455e-07 0.0010173553 -0.00045466276)
(0.015276279 0.43851754 0.03334728)
(-0.015221791 0.29400708 0.051327548)
(-0.0089916877 0.21147457 0.050692578)
(-0.018168787 0.18260813 0.04022194)
(-0.0217959 0.17997234 0.02732469)
(-0.024564767 0.18520053 0.014100272)
(-0.026346259 0.19018093 0.001568032)
(-0.027207013 0.1923346 -0.0097456106)
(-0.02723751 0.1912719 -0.019553764)
(-0.026552612 0.18731263 -0.027703612)
(-0.025280717 0.18096195 -0.034136965)
(-0.023560914 0.17274957 -0.038878899)
(-0.021535168 0.1631821 -0.042029357)
(-0.019338149 0.15272268 -0.043748835)
(-0.017088044 0.14177643 -0.044238205)
(-0.014880535 0.13068065 -0.043716668)
(-0.012786599 0.11970138 -0.042402052)
(-0.010853572 0.10903652 -0.040496094)
(-0.0091083601 0.098823618 -0.038175449)
(-0.0075616361 0.089150143 -0.035587801)
(-0.0062121361 0.080064251 -0.032851778)
(-0.0050504993 0.07158468 -0.030059294)
(-0.0040624021 0.06370916 -0.027279119)
(-0.0032309406 0.056421144 -0.024560867)
(-0.0025383323 0.04969494 -0.021938828)
(-0.0019670583 0.043499495 -0.01943539)
(-0.001500574 0.037801083 -0.017063927)
(-0.0011237073 0.032565163 -0.014831135)
(-0.00082283876 0.027757603 -0.012738879)
(-0.00058593826 0.023345472 -0.010785619)
(-0.00040250992 0.019297498 -0.0089674827)
(-0.00026348074 0.015584319 -0.0072790691)
(-0.00016106286 0.012178582 -0.0057140372)
(-8.8649542e-05 0.0090549511 -0.0042655312)
(-4.0786433e-05 0.0061900461 -0.0029264846)
(-1.3076583e-05 0.0035623531 -0.0016898274)
(-8.9211193e-07 0.0011521125 -0.0005486354)
(0.015408324 0.4425461 0.035494962)
(-0.014209968 0.30301458 0.056048519)
(-0.0066746002 0.22194282 0.056100421)
(-0.015869815 0.19327881 0.045123831)
(-0.019229515 0.19085511 0.031497441)
(-0.022098901 0.19664747 0.017407737)
(-0.024180638 0.20242448 0.0039281987)
(-0.025467965 0.20546644 -0.0084104929)
(-0.025994179 0.20528144 -0.019314441)
(-0.02582147 0.20210037 -0.028602261)
(-0.025032302 0.19634577 -0.036167032)
(-0.023730992 0.18848259 -0.041975471)
(-0.022038235 0.1789827 -0.04607188)
(-0.020080973 0.1683084 -0.048573841)
(-0.01798099 0.15689281 -0.049657453)
(-0.015845368 0.14511984 -0.049535838)
(-0.013760536 0.13330977 -0.048436401)
(-0.011790211 0.12171354 -0.046581318)
(-0.0099764623 0.11051516 -0.044173579)
(-0.0083427489 0.099839469 -0.041388957)
(-0.0068978125 0.089762671 -0.038372993)
(-0.0056396167 0.080323188 -0.035241591)
(-0.004558843 0.071531586 -0.032083802)
(-0.0036417304 0.063378866 -0.028965663)
(-0.0028722303 0.055843019 -0.025934303)
(-0.0022335432 0.048893962 -0.023021816)
(-0.0017091516 0.042497118 -0.020248676)
(-0.0012834641 0.036615934 -0.017626582)
(-0.00094217683 0.031213579 -0.015160767)
(-0.00067243791 0.026254057 -0.012851801)
(-0.00046288049 0.021702889 -0.010696989)
(-0.00030356671 0.017527511 -0.0086914167)
(-0.00018588617 0.013697457 -0.0068287352)
(-0.00010247409 0.010184421 -0.0051017326)
(-4.722539e-05 0.0069622305 -0.0035027486)
(-1.5161409e-05 0.0040067641 -0.0020239676)
(-1.0422207e-06 0.0012958434 -0.00065762693)
(0.015540033 0.44645421 0.037071494)
(-0.013072537 0.31198662 0.060086195)
(-0.0043639758 0.23234733 0.060845413)
(-0.013418954 0.20341063 0.049593739)
(-0.016334149 0.20058437 0.035562334)
(-0.01921277 0.20645838 0.020878946)
(-0.021509373 0.21276926 0.0066907752)
(-0.023157006 0.21664496 -0.006470373)
(-0.024143406 0.217455 -0.018316265)
(-0.024483019 0.21530251 -0.028650864)
(-0.024210774 0.21048559 -0.037326742)
(-0.023389694 0.20335923 -0.044251407)
(-0.02210955 0.19431653 -0.049403312)
(-0.020479077 0.1837825 -0.0528401)
(-0.018614451 0.17219413 -0.054693264)
(-0.016627473 0.15997109 -0.055151072)
(-0.01461622 0.14748818 -0.054435453)
(-0.012659496 0.13505705 -0.052778814)
(-0.010815066 0.12291939 -0.050404994)
(-0.0091207877 0.11124942 -0.04751623)
(-0.0075974905 0.10016236 -0.044286076)
(-0.0062525946 0.089725432 -0.040857175)
(-0.0050837195 0.07996911 -0.037342399)
(-0.0040818697 0.070897153 -0.033827941)
(-0.0032340156 0.062494885 -0.030377308)
(-0.0025250504 0.054735637 -0.027035459)
(-0.0019391896 0.047585536 -0.023832659)
(-0.0014609124 0.041006939 -0.020787838)
(-0.0010755549 0.034960802 -0.017911388)
(-0.00076964518 0.029408263 -0.015207411)
(-0.00053105699 0.024311652 -0.01267549)
(-0.00034903796 0.019635101 -0.010312043)
(-0.00021416108 0.015344867 -0.0081113479)
(-0.00011828809 0.011409481 -0.0060663077)
(-5.4611659e-05 0.0077997659 -0.0041690098)
(-1.7582228e-05 0.0044887842 -0.0024111292)
(-1.2156221e-06 0.0014517373 -0.0007842197)
(0.015531141 0.45040538 0.038149952)
(-0.011544712 0.3210586 0.063271163)
(-0.0018914264 0.24273568 0.064792609)
(-0.010746703 0.21305937 0.053495474)
(-0.01303337 0.20922074 0.039403502)
(-0.0158526 0.21467261 0.024388122)
(-0.018269013 0.22120053 0.0097339589)
(-0.020189098 0.22578025 -0.0040228004)
(-0.021573351 0.22762333 -0.016613975)
(-0.022396908 0.22668435 -0.02784702)
(-0.022649756 0.22310982 -0.037549649)
(-0.022351356 0.21710697 -0.045578585)
(-0.021553729 0.20894428 -0.051844837)
(-0.020337683 0.19896394 -0.056334939)
(-0.018803413 0.18757014 -0.059118056)
(-0.017058386 0.17519552 -0.060337503)
(-0.015205735 0.16226087 -0.060191032)
(-0.01333552 0.14914138 -0.058906446)
(-0.011519777 0.13614632 -0.056718447)
(-0.0098111034 0.12351224 -0.05385039)
(-0.0082438348 0.11140653 -0.050502266)
(-0.0068367598 0.099936917 -0.046844549)
(-0.005596443 0.089163316 -0.043016628)
(-0.0045205155 0.079109514 -0.039128344)
(-0.0036005672 0.06977344 -0.035263276)
(-0.0028244859 0.061135477 -0.031482777)
(-0.0021782354 0.053164844 -0.027830077)
(-0.0016471317 0.045824288 -0.024334068)
(-0.0012167088 0.039073389 -0.02101258)
(-0.00087326727 0.032870823 -0.017875107)
(-0.00060418914 0.027175849 -0.014924998)
(-0.00039807939 0.021949234 -0.012161174)
(-0.00024479941 0.017153792 -0.0095794505)
(-0.00013548969 0.012754667 -0.007173543)
(-6.268504e-05 0.0087194298 -0.004935811)
(-2.0222215e-05 0.0050180694 -0.0028578052)
(-1.4105949e-06 0.0016229169 -0.00093067028)
(0.015452284 0.45451839 0.038608403)
(-0.0096134869 0.33036578 0.06557554)
(0.00084775886 0.25322986 0.067826751)
(-0.0077990107 0.22237896 0.056786633)
(-0.0092789058 0.21692488 0.042925279)
(-0.012014973 0.22142735 0.02780348)
(-0.014450289 0.22779061 0.012918151)
(-0.016538543 0.23285172 -0.0011955444)
(-0.018235052 0.2356608 -0.01430691)
(-0.019484036 0.23602019 -0.026242043)
(-0.020236739 0.23391556 -0.036823665)
(-0.020472103 0.22938237 -0.045874222)
(-0.02020244 0.22252415 -0.0532455)
(-0.019474035 0.21355047 -0.058850768)
(-0.018361622 0.2027845 -0.062685266)
(-0.016958176 0.1906348 -0.06482953)
(-0.015362948 0.17754681 -0.065437202)
(-0.013670621 0.16395318 -0.064713056)
(-0.011963485 0.15023606 -0.062888015)
(-0.010307185 0.1367063 -0.060196591)
(-0.0087496346 0.12359793 -0.0568598)
(-0.0073221364 0.1110733 -0.053074212)
(-0.0060418818 0.099233994 -0.049006613)
(-0.004914966 0.088133618 -0.044792965)
(-0.0039393547 0.077790052 -0.040540214)
(-0.003107484 0.068195978 -0.036329651)
(-0.0024083683 0.059327276 -0.032220912)
(-0.001829208 0.051149375 -0.028255976)
(-0.0013565526 0.043621864 -0.024462846)
(-0.00097709759 0.036701704 -0.020858717)
(-0.00067819397 0.030345401 -0.017452611)
(-0.00044813924 0.024510404 -0.014247504)
(-0.00027631828 0.019155961 -0.011241991)
(-0.00015331623 0.014243605 -0.008431578)
(-7.1102215e-05 0.0097373844 -0.0058096592)
(-2.3011778e-05 0.0056039237 -0.0033682519)
(-1.6186159e-06 0.0018123914 -0.0010985425)
(0.015515008 0.45879319 0.038330514)
(-0.0077151818 0.34007367 0.066980328)
(0.0035105482 0.26411487 0.069739483)
(-0.004484318 0.23165763 0.059606482)
(-0.0051091491 0.22397047 0.046039001)
(-0.00774375 0.2269784 0.030982926)
(-0.010079997 0.23273691 0.016091066)
(-0.012224041 0.23796641 0.0018546402)
(-0.014132216 0.24156275 -0.011538358)
(-0.015719902 0.24318345 -0.023946278)
(-0.016911471 0.24266213 -0.035205984)
(-0.017653008 0.23985795 -0.045125808)
(-0.017920561 0.23468377 -0.053514667)
(-0.017724246 0.22717151 -0.060220774)
(-0.017107022 0.21750909 -0.065163489)
(-0.016138142 0.20603045 -0.068349392)
(-0.014902989 0.19316874 -0.06987081)
(-0.013491919 0.17939456 -0.069890248)
(-0.011990606 0.16515938 -0.068616861)
(-0.010473426 0.15085604 -0.066281401)
(-0.0089998711 0.13679905 -0.063115702)
(-0.0076134167 0.12322114 -0.059336849)
(-0.0063426555 0.11028043 -0.055136923)
(-0.0052035436 0.098072913 -0.050678436)
(-0.0042020654 0.08664631 -0.046093749)
(-0.0033368477 0.076012911 -0.041487028)
(-0.0026014594 0.06616039 -0.036937584)
(-0.0019862863 0.057060287 -0.032503746)
(-0.0014799748 0.048674354 -0.028226709)
(-0.0010704859 0.04095909 -0.024134053)
(-0.00074582605 0.03386888 -0.02024279)
(-0.00049451394 0.027358075 -0.016561892)
(-0.00030586153 0.021382321 -0.013094337)
(-0.0001701954 0.015899349 -0.0098387268)
(-7.9156065e-05 0.010869403 -0.0067905395)
(-2.569727e-05 0.0062554275 -0.0039430933)
(-1.8279848e-06 0.0020230978 -0.0012882726)
(0.015733551 0.46309286 0.037349118)
(-0.0062897809 0.35002549 0.067466313)
(0.0058230377 0.27535017 0.070345608)
(-0.00070811164 0.24093785 0.061906166)
(-0.00075720231 0.23067163 0.048457115)
(-0.0031113219 0.23169612 0.03373892)
(-0.0051968389 0.23638734 0.019085861)
(-0.0072793749 0.24140649 0.0049560156)
(-0.0092854326 0.24551119 -0.0084817479)
(-0.011106538 0.24823015 -0.021120844)
(-0.01264652 0.24926661 -0.032823908)
(-0.013828967 0.24831962 -0.043403444)
(-0.014602267 0.24510834 -0.052645847)
(-0.014944528 0.23945829 -0.060351404)
(-0.014865617 0.23137228 -0.06637286)
(-0.014404957 0.22105149 -0.07064199)
(-0.013625147 0.20886462 -0.07317979)
(-0.012602305 0.19528388 -0.074090856)
(-0.011415398 0.18081266 -0.073545584)
(-0.010142373 0.16592469 -0.071751826)
(-0.0088478597 0.15102488 -0.068936886)
(-0.0075857487 0.13643173 -0.065328361)
(-0.0063951042 0.12237657 -0.061137461)
(-0.0053020577 0.10901311 -0.056550397)
(-0.0043217095 0.096431601 -0.051724607)
(-0.0034603356 0.084673726 -0.046788506)
(-0.0027176037 0.073746072 -0.041843471)
(-0.0020885593 0.063631205 -0.036967036)
(-0.0015652677 0.054296251 -0.032216558)
(-0.001138094 0.045699206 -0.027632844)
(-0.0007966494 0.037793421 -0.023243482)
(-0.00053044972 0.030530645 -0.019065717)
(-0.00032935422 0.023863031 -0.015108864)
(-0.00018392558 0.017744381 -0.011376263)
(-8.5836098e-05 0.012130875 -0.0078668374)
(-2.7991204e-05 0.0069814406 -0.0045763138)
(-2.0145637e-06 0.0022579015 -0.0014981641)
(0.016120794 0.46739943 0.035740448)
(-0.0052515581 0.3604093 0.066816336)
(0.00807362 0.28716211 0.069995328)
(0.0033159369 0.25059005 0.063183772)
(0.0035778561 0.23748053 0.050148349)
(0.0019808439 0.23607246 0.03598708)
(0.00022666973 0.23925101 0.021766391)
(-0.0017070527 0.2436555 0.0079451091)
(-0.0037012112 0.24792211 -0.0053226207)
(-0.005638535 0.25146788 -0.017961025)
(-0.0074150038 0.25389298 -0.029862574)
(-0.0089424487 0.25476898 -0.040856112)
(-0.010152601 0.25364416 -0.050724769)
(-0.011000264 0.2501358 -0.059243185)
(-0.011466071 0.24403001 -0.066217047)
(-0.011557895 0.23534105 -0.071514612)
(-0.011310028 0.2243118 -0.075085922)
(-0.010777532 0.21136276 -0.076967654)
(-0.01000887 0.19701372 -0.077279638)
(-0.0091102061 0.18180429 -0.07618582)
(-0.0081085157 0.16623083 -0.073900156)
(-0.0070759748 0.15070921 -0.070641754)
(-0.006059355 0.13556051 -0.066629218)
(-0.0050935599 0.12101331 -0.062065061)
(-0.0042026986 0.1072158 -0.057127782)
(-0.0034015018 0.094251584 -0.051968644)
(-0.0026970002 0.082155659 -0.04671154)
(-0.0020903339 0.070928406 -0.04145484)
(-0.0015784241 0.060546913 -0.03627434)
(-0.0011553809 0.050973601 -0.031226616)
(-0.00081361709 0.042162502 -0.026352386)
(-0.00054467913 0.034063655 -0.021679581)
(-0.00033984829 0.026626055 -0.017226036)
(-0.0001906429 0.019799566 -0.013001758)
(-8.9367537e-05 0.013536083 -0.0090107743)
(-2.9288804e-05 0.0077901869 -0.0052526235)
(-2.1444884e-06 0.0025194625 -0.0017235344)
(0.016595308 0.47169051 0.033600544)
(-0.0042278001 0.37113351 0.064834527)
(0.010490297 0.29967001 0.068899012)
(0.0074406525 0.26115708 0.063082271)
(0.008169398 0.2449628 0.051037729)
(0.0074651264 0.24077547 0.037605822)
(0.0061792913 0.24203795 0.023983527)
(0.0045249916 0.24543129 0.010648448)
(0.0026694993 0.2494861 -0.0022576923)
(0.00074280896 0.25351397 -0.014683394)
(-0.001145416 0.25703317 -0.026545195)
(-0.0029034622 0.25952586 -0.037690369)
(-0.0044571512 0.26041385 -0.04791109)
(-0.0057486834 0.25913667 -0.05697769)
(-0.0067368833 0.25526373 -0.064674456)
(-0.0074003972 0.24858825 -0.070829104)
(-0.0077420158 0.23916946 -0.075337455)
(-0.0078074233 0.22731253 -0.07817169)
(-0.0075639691 0.21349981 -0.079375359)
(-0.0071312548 0.19830197 -0.079100388)
(-0.0065612914 0.18229286 -0.077495121)
(-0.0058843577 0.1659885 -0.074758793)
(-0.0051590967 0.1498126 -0.071105499)
(-0.0044268498 0.13408574 -0.066741875)
(-0.0037187412 0.11903122 -0.061858782)
(-0.0030574392 0.10478966 -0.056625)
(-0.0024578377 0.091436487 -0.051184281)
(-0.001928227 0.078998854 -0.045655141)
(-0.0014717105 0.067470092 -0.040132462)
(-0.001087557 0.056821193 -0.03469008)
(-0.00077236419 0.047009433 -0.02938378)
(-0.00052099405 0.037984569 -0.024254297)
(-0.00032730021 0.029693108 -0.019330099)
(-0.00018476113 0.022081145 -0.014629853)
(-8.7134494e-05 0.015096159 -0.010164511)
(-2.8768502e-05 0.0086880767 -0.0059390388)
(-2.1502505e-06 0.002809854 -0.0019538315)
(0.017052039 0.47600412 0.031023004)
(-0.0032581136 0.38226257 0.0615139)
(0.012946334 0.3130919 0.066610895)
(0.011707597 0.27303454 0.061717324)
(0.013173588 0.2537968 0.050889434)
(0.013427965 0.24664677 0.038379843)
(0.012778154 0.24569442 0.025539998)
(0.011559242 0.24773714 0.012864331)
(0.0099868431 0.25122261 0.00049419872)
(0.0082092489 0.25535835 -0.011525543)
(0.0063413219 0.25958428 -0.023120906)
(0.0044748367 0.26332644 -0.034151964)
(0.0026840604 0.26593491 -0.044423646)
(0.0010308013 0.26673104 -0.053716056)
(-0.00042858656 0.26510771 -0.061815765)
(-0.001653565 0.26063911 -0.068541107)
(-0.0026198413 0.25316367 -0.073761729)
(-0.0033116694 0.24280807 -0.077410114)
(-0.0037514311 0.22995018 -0.079480111)
(-0.0039410426 0.21513724 -0.080023714)
(-0.0039394303 0.19898816 -0.079165064)
(-0.0037550626 0.182107 -0.077079887)
(-0.0034665357 0.16502365 -0.073948688)
(-0.0031031937 0.14816368 -0.069968222)
(-0.0027000375 0.13184224 -0.065328506)
(-0.0022865911 0.11627338 -0.060205672)
(-0.001885146 0.10158713 -0.054756296)
(-0.0015113793 0.087848522 -0.049114698)
(-0.0011754263 0.075075247 -0.043392611)
(-0.00088294408 0.063252435 -0.037680444)
(-0.00063612019 0.052344183 -0.032049433)
(-0.00043457352 0.042302086 -0.026554175)
(-0.00027612438 0.033071264 -0.021235224)
(-0.00015749223 0.024594475 -0.016121531)
(-7.5023971e-05 0.016814788 -0.011232628)
(-2.5060353e-05 0.0096772332 -0.00658051)
(-1.9446504e-06 0.0031297625 -0.0021712216)
(0.01741551 0.48038203 0.028081767)
(-0.0024095361 0.39386705 0.056952351)
(0.015318672 0.32767113 0.062879495)
(0.01613347 0.2867473 0.058997426)
(0.018671684 0.26482224 0.049469658)
(0.020059244 0.25477042 0.038066833)
(0.020270372 0.25147734 0.026193376)
(0.019687142 0.25194238 0.014349896)
(0.018571602 0.25456174 0.0026884404)
(0.017092371 0.25843641 -0.0087345595)
(0.01536986 0.26292323 -0.019838273)
(0.013496751 0.26740843 -0.030483508)
(0.011548676 0.27122145 -0.040485174)
(0.0095930481 0.27364206 -0.049640948)
(0.0076938105 0.27396415 -0.057757077)
(0.0059107297 0.27159366 -0.064667045)
(0.0042954619 0.26615172 -0.070239536)
(0.0028870198 0.25754604 -0.074388774)
(0.0017036207 0.24598257 -0.077081077)
(0.00079610036 0.23191437 -0.078337939)
(7.57352e-05 0.21594926 -0.078231299)
(-0.00042521543 0.19874636 -0.076855294)
(-0.00072514409 0.18093045 -0.074368222)
(-0.00089075738 0.16303601 -0.070937539)
(-0.00094425027 0.14548229 -0.066737759)
(-0.00091679011 0.12857214 -0.061939265)
(-0.00083609521 0.11250502 -0.056700532)
(-0.0007245486 0.097396358 -0.051163295)
(-0.00059941309 0.083297862 -0.045450195)
(-0.00047344994 0.070215736 -0.039664358)
(-0.00035558151 0.058125554 -0.033890272)
(-0.00025157649 0.046983645 -0.028195448)
(-0.00016471828 0.036735385 -0.022632454)
(-9.6460299e-05 0.027320973 -0.017241055)
(-4.7090401e-05 0.018679291 -0.012050258)
(-1.6184805e-05 0.010750361 -0.0070801703)
(-1.3580197e-06 0.0034768285 -0.0023436565)
(0.017744592 0.48495053 0.024791052)
(-0.00148118 0.40623516 0.051173062)
(0.017768708 0.34391708 0.057491507)
(0.020905059 0.30310628 0.054633013)
(0.024903137 0.27922463 0.046469048)
(0.027721229 0.26666791 0.036341345)
(0.029101144 0.26115476 0.025621646)
(0.029417448 0.25996539 0.014799892)
(0.028966012 0.26148629 0.0040454595)
(0.027934569 0.26472065 -0.0065553213)
(0.026453074 0.26894399 -0.016900461)
(0.024621606 0.2735154 -0.026843189)
(0.022526426 0.2777885 -0.036208027)
(0.020249548 0.28108021 -0.044817271)
(0.017873113 0.28268274 -0.052511725)
(0.015478377 0.28192001 -0.059156796)
(0.013143582 0.278246 -0.064648667)
(0.010937589 0.27134871 -0.068913222)
(0.0089163567 0.26121596 -0.071904757)
(0.0071191062 0.24813692 -0.073610557)
(0.0055732495 0.23263747 -0.074062104)
(0.0042632694 0.21537705 -0.073335754)
(0.0031946602 0.19704244 -0.071523399)
(0.0023408187 0.17826462 -0.068749917)
(0.0016748265 0.15956903 -0.065158461)
(0.0011678141 0.14135702 -0.060897992)
(0.0007911887 0.1239098 -0.056114562)
(0.00051853497 0.10740513 -0.050945008)
(0.00032665337 0.091938711 -0.045512855)
(0.00019592591 0.077545425 -0.039926175)
(0.00011027167 0.064217685 -0.034276973)
(5.6866502e-05 0.051920096 -0.028641651)
(2.5737353e-05 0.040600436 -0.023082157)
(9.3156518e-06 0.030197516 -0.017647497)
(1.9846557e-06 0.020646548 -0.012375379)
(-3.0283945e-07 0.011882651 -0.0072938179)
(-2.5250459e-07 0.0038430296 -0.0024226832)
(0.018167603 0.48991299 0.021153961)
(-0.00052144476 0.41996985 0.044220205)
(0.02056586 0.36284645 0.050245817)
(0.026490277 0.32357766 0.048238519)
(0.032451238 0.29893162 0.041456682)
(0.037116881 0.28465007 0.032756808)
(0.04004232 0.27728 0.023396529)
(0.041545866 0.27444124 0.013841038)
(0.041936534 0.27457619 0.0042822846)
(0.041430747 0.27664971 -0.0051709643)
(0.040185141 0.27989275 -0.014387899)
(0.038325073 0.28366885 -0.02321642)
(0.03596897 0.28740062 -0.031498701)
(0.033235161 0.29050963 -0.039089771)
(0.030241101 0.29237715 -0.04587228)
(0.027100584 0.29234612 -0.051759109)
(0.023918491 0.28978319 -0.056683604)
(0.020792326 0.28419366 -0.060601861)
(0.017805404 0.27533528 -0.063484879)
(0.015023562 0.2632802 -0.065314601)
(0.0124933 0.24840167 -0.066093339)
(0.010240929 0.2312922 -0.065850434)
(0.0082747483 0.21265021 -0.064642975)
(0.0065891398 0.19317291 -0.062552498)
(0.0051680707 0.17347895 -0.05968063)
(0.0039886753 0.15406722 -0.056141767)
(0.0030244338 0.13530631 -0.052055495)
(0.0022476925 0.1174443 -0.047540007)
(0.0016314597 0.10062885 -0.042707074)
(0.0011505582 0.084930214 -0.037658649)
(0.00078226788 0.070362767 -0.032484954)
(0.00050658775 0.056902972 -0.02726374)
(0.00030624282 0.044503366 -0.0220604)
(0.00016660416 0.0331028 -0.016928663)
(7.5672449e-05 0.022633601 -0.011911604)
(2.3808567e-05 0.01302635 -0.0070427922)
(1.4931477e-06 0.0042129211 -0.0023475211)
(0.018779033 0.49555359 0.017028618)
(0.0010398141 0.43617394 0.035751138)
(0.024571031 0.38632346 0.040655964)
(0.033926712 0.35054866 0.039276239)
(0.042402319 0.32667943 0.03390335)
(0.049308936 0.31161966 0.026818192)
(0.054058693 0.30271773 0.019112126)
(0.056875523 0.29802173 0.011208062)
(0.058078131 0.296163 0.0032960988)
(0.057952684 0.29619958 -0.0045176509)
(0.056721245 0.29740768 -0.012082782)
(0.054562779 0.29922551 -0.019262135)
(0.051657297 0.30119198 -0.025933154)
(0.048186175 0.30287279 -0.031994198)
(0.044321967 0.30378918 -0.037374382)
(0.040219181 0.30336887 -0.042023788)
(0.036017924 0.30096937 -0.045920042)
(0.031838953 0.29597465 -0.049057026)
(0.027783394 0.2879332 -0.051423955)
(0.023933119 0.27668175 -0.053010497)
(0.020350407 0.26239193 -0.053811177)
(0.017077976 0.24552809 -0.053832007)
(0.014140081 0.22674325 -0.053095964)
(0.011544756 0.2067574 -0.051645494)
(0.0092868111 0.18625462 -0.049541391)
(0.0073510499 0.16581684 -0.046858997)
(0.0057153467 0.14589467 -0.043683042)
(0.0043533356 0.12680659 -0.040102334)
(0.0032366043 0.10875478 -0.036205086)
(0.0023363765 0.091848168 -0.032075268)
(0.0016247149 0.076126174 -0.027790067)
(0.0010753023 0.061579675 -0.023418368)
(0.00066390217 0.04816789 -0.01902006)
(0.00036875432 0.0358311 -0.014645964)
(0.00017113594 0.024499712 -0.010338187)
(5.5375051e-05 0.01410044 -0.0061307208)
(3.8557119e-06 0.0045602995 -0.0020502358)
(0.019753743 0.50167549 0.011903449)
(0.0041817084 0.45475843 0.024927414)
(0.030453814 0.41444089 0.028060003)
(0.043811173 0.38411174 0.027102094)
(0.055100197 0.36238033 0.023284695)
(0.064277626 0.34718102 0.018185976)
(0.070716932 0.33671367 0.012641488)
(0.074589847 0.32961581 0.0069684202)
(0.076234545 0.32487707 0.0013169417)
(0.076065799 0.32181801 -0.004164477)
(0.07441842 0.31987384 -0.0093927309)
(0.071555754 0.31863805 -0.014286758)
(0.067745211 0.31779315 -0.018780467)
(0.063244009 0.3170404 -0.022815003)
(0.058282529 0.31602801 -0.026355215)
(0.053059677 0.31427905 -0.029388835)
(0.047742757 0.31117441 -0.031919625)
(0.0424683 0.30602378 -0.033955782)
(0.037345713 0.29821474 -0.03550255)
(0.032461508 0.28737451 -0.036559582)
(0.02788205 0.2734708 -0.037123023)
(0.023655222 0.25681406 -0.037190668)
(0.019811833 0.23797369 -0.036767545)
(0.01636725 0.21765252 -0.03586983)
(0.013323444 0.19656553 -0.0345262)
(0.010671317 0.17535141 -0.032776826)
(0.0083931361 0.15452473 -0.030670784)
(0.0064648849 0.13446297 -0.028262765)
(0.0048584008 0.11541627 -0.025609779)
(0.0035432154 0.097528891 -0.022768295)
(0.0024880544 0.080863982 -0.019792012)
(0.001661971 0.065426668 -0.016730303)
(0.0010351747 0.051183334 -0.013627268)
(0.00057987297 0.038076495 -0.010521285)
(0.00027146554 0.026035592 -0.0074449277)
(8.8797331e-05 0.014984453 -0.0044251398)
(6.4316616e-06 0.0048462031 -0.0014836153)
(0.020737607 0.50659576 0.005267773)
(0.0077275173 0.47049022 0.010936011)
(0.036367882 0.43891939 0.012006786)
(0.053131549 0.41392188 0.011347308)
(0.06668464 0.39445557 0.009410885)
(0.077460011 0.37925214 0.0069097827)
(0.084911661 0.3672926 0.0042551191)
(0.089232656 0.35780768 0.0016062629)
(0.090947234 0.35019874 -0.00097052576)
(0.090487307 0.34401558 -0.0034033125)
(0.088202 0.33897995 -0.0056686264)
(0.08450832 0.33482808 -0.0077428319)
(0.079773669 0.3313416 -0.0096071503)
(0.074314736 0.32830519 -0.011247694)
(0.068400323 0.32542554 -0.012659545)
(0.06225368 0.32227863 -0.013846419)
(0.056054607 0.31825564 -0.014817532)
(0.049944439 0.31263414 -0.015583064)
(0.044033491 0.30470361 -0.016150285)
(0.038405601 0.29395354 -0.01652191)
(0.03312394 0.2802075 -0.016696872)
(0.028234402 0.26365697 -0.016672807)
(0.023767611 0.24479587 -0.016449043)
(0.019740406 0.22429702 -0.01602899)
(0.016157282 0.20288134 -0.015421378)
(0.013011995 0.18121534 -0.014640306)
(0.01028933 0.15985034 -0.013704397)
(0.007966973 0.13920019 -0.012635482)
(0.0060173753 0.11954593 -0.011457134)
(0.004409517 0.10105531 -0.010193328)
(0.0031104722 0.083807668 -0.0088673361)
(0.0020866947 0.067818145 -0.0075009069)
(0.0013050506 0.053058413 -0.0061137282)
(0.00073395433 0.039472912 -0.0047231251)
(0.00034499336 0.02699079 -0.0033439439)
(0.00011344236 0.015534238 -0.0019885691)
(8.3699749e-06 0.0050240114 -0.00066705013)
(0.021008557 0.50785867 -0.0024500466)
(0.0087137668 0.4744779 -0.0052742947)
(0.037895481 0.4449699 -0.0063385073)
(0.055395347 0.42108668 -0.0067268828)
(0.069384349 0.40192186 -0.0065180948)
(0.080422145 0.38645966 -0.0059521921)
(0.088009126 0.37390944 -0.0051791581)
(0.092343852 0.36366695 -0.0042707348)
(0.093938645 0.35526067 -0.003273643)
(0.093293005 0.34831963 -0.0022553694)
(0.090837216 0.34255678 -0.0012158228)
(0.086959802 0.33774068 -0.00018881609)
(0.082024683 0.3336732 0.00079786237)
(0.076362831 0.33014827 0.001722096)
(0.070252349 0.32688619 0.0025663224)
(0.063920769 0.32346137 0.0033199753)
(0.057549972 0.31926562 0.0039776123)
(0.051281761 0.31355891 0.0045377036)
(0.045224761 0.30561235 0.0050000006)
(0.039461406 0.29489055 0.0053645004)
(0.034053521 0.28119054 0.0056310419)
(0.029045957 0.26468103 0.0057995917)
(0.024468765 0.24584048 0.0058709039)
(0.020338662 0.22533443 0.0058471709)
(0.01666035 0.20388338 0.0057324199)
(0.013427965 0.18215782 0.0055325832)
(0.01062669 0.1607152 0.0052552872)
(0.0082345102 0.13997583 0.0049094587)
(0.0062240146 0.12022644 0.0045048502)
(0.0045641219 0.10163932 0.0040515652)
(0.0032216506 0.084297019 0.0035596347)
(0.0021626242 0.068216828 0.0030386762)
(0.0013533397 0.053371654 0.0024976394)
(0.00076155102 0.039706526 0.0019446392)
(0.00035818522 0.027150742 0.0013868578)
(0.00011786993 0.015626352 0.00083049788)
(8.7272233e-06 0.0050538097 0.00028079342)
(0.02031104 0.50467787 -0.0097745239)
(0.0060506204 0.46380514 -0.020612869)
(0.033476683 0.42780743 -0.02369727)
(0.048438376 0.39960605 -0.02373998)
(0.060721983 0.37829422 -0.021443186)
(0.070558397 0.36240514 -0.017975679)
(0.077371988 0.35062865 -0.014000705)
(0.081351675 0.34193036 -0.0097933128)
(0.082943369 0.33552033 -0.0054907352)
(0.082576665 0.33079153 -0.0012005731)
(0.080593725 0.32729282 0.0029790113)
(0.077312738 0.32467137 0.0069621452)
(0.073062376 0.32263461 0.010678585)
(0.06812236 0.32090349 0.014069388)
(0.062733407 0.31913942 0.017093016)
(0.05710199 0.31687311 0.019729991)
(0.051398597 0.31347992 0.021974418)
(0.045759809 0.3082431 0.023827708)
(0.040293712 0.30050037 0.025292062)
(0.03508486 0.2898133 0.026367027)
(0.030197869 0.2760824 0.027049913)
(0.025679707 0.25956319 0.027338897)
(0.021561283 0.24079048 0.027236931)
(0.017858913 0.22045361 0.026754763)
(0.014576011 0.19927087 0.025912282)
(0.011705034 0.17789451 0.024738159)
(0.0092295874 0.15685701 0.023268232)
(0.0071265501 0.13655373 0.02154325)
(0.0053680963 0.11725022 0.019606476)
(0.0039235175 0.099102711 0.017501497)
(0.0027607692 0.082182886 0.01527045)
(0.0018476889 0.066501432 0.01295269)
(0.0011529324 0.052027978 0.010583925)
(0.00064695435 0.038706587 0.0081957162)
(0.00030338944 0.026467096 0.0058152942)
(9.9467931e-05 0.015232988 0.0034655668)
(7.2559401e-06 0.004926608 0.0011653297)
(0.019201936 0.49888044 -0.015600798)
(0.0022408387 0.44553914 -0.032842591)
(0.026908168 0.39952154 -0.037743333)
(0.037838235 0.36525053 -0.03735845)
(0.047402795 0.34130066 -0.033310625)
(0.055167848 0.32526998 -0.027557565)
(0.06052726 0.3149842 -0.021090069)
(0.063696574 0.30876591 -0.014309779)
(0.065043908 0.30538881 -0.007406916)
(0.064861496 0.30395165 -0.00051944787)
(0.063427281 0.30381943 0.0062026815)
(0.060971901 0.30445389 0.012646109)
(0.057713654 0.30542005 0.01869029)
(0.053855993 0.30631326 0.024233695)
(0.049584213 0.30667935 0.029192572)
(0.045068603 0.30596535 0.033520218)
(0.040456313 0.30352443 0.037199947)
(0.035872097 0.2986981 0.040220056)
(0.031419372 0.29096291 0.042571098)
(0.027181349 0.2800677 0.044243882)
(0.023221987 0.26610102 0.04523195)
(0.019586534 0.24946574 0.04553691)
(0.016302519 0.23078243 0.045173571)
(0.013381564 0.21076569 0.044172754)
(0.010821881 0.19011378 0.04258125)
(0.0086111001 0.16943332 0.040459322)
(0.0067290864 0.1492027 0.037876766)
(0.0051505122 0.12976617 0.034908521)
(0.0038470628 0.11134724 0.0316306)
(0.00278922 0.094070966 0.028116731)
(0.0019476202 0.077988048 0.024435872)
(0.0012940032 0.063096602 0.020650587)
(0.00080184296 0.049360004 0.016816138)
(0.00044692146 0.036720469 0.012980176)
(0.00020814419 0.025108844 0.0091828274)
(6.7643734e-05 0.014451318 0.005457057)
(4.7850231e-06 0.0046738186 0.0018292423)
(0.018331953 0.4928621 -0.020033442)
(-0.00026106518 0.42781621 -0.042113108)
(0.021811183 0.37324353 -0.048443448)
(0.028976865 0.33442759 -0.047519033)
(0.035905227 0.30898933 -0.041992263)
(0.041421084 0.29341912 -0.034460272)
(0.045016892 0.28469559 -0.026127825)
(0.046987174 0.28061595 -0.017468313)
(0.047664143 0.27966572 -0.0086912068)
(0.047264562 0.2807918 6.8790016e-05)
(0.045996553 0.28323952 0.008677884)
(0.044023082 0.28636477 0.016981879)
(0.041476682 0.28960701 0.024821793)
(0.038492791 0.29241758 0.032054387)
(0.035204813 0.29420657 0.038564267)
(0.031737876 0.29432837 0.044266371)
(0.028207075 0.29212745 0.049099544)
(0.024716974 0.28704854 0.053023272)
(0.021356571 0.2787618 0.056011071)
(0.01819724 0.26724567 0.058043412)
(0.01529173 0.25279574 0.059116246)
(0.012673582 0.23595664 0.059246402)
(0.010358108 0.21741128 0.058475698)
(0.0083452399 0.19786754 0.05686952)
(0.006623338 0.17797114 0.054512359)
(0.0051726427 0.15825484 0.051502622)
(0.003968376 0.13912082 0.047946083)
(0.0029833314 0.1208464 0.043949755)
(0.002189864 0.10360238 0.039616938)
(0.001561291 0.087476024 0.035043635)
(0.0010727811 0.072493277 0.030316302)
(0.0007018366 0.058637896 0.025510704)
(0.00042848714 0.045866483 0.020691637)
(0.00023538581 0.034119679 0.015913247)
(0.0001079917 0.023330077 0.011219737)
(3.4435122e-05 0.013427557 0.0066462659)
(2.2683916e-06 0.0043427259 0.0022199871)
(0.017783248 0.48760016 -0.023690467)
(-0.0015608644 0.41309518 -0.04946183)
(0.018506934 0.35241433 -0.056557225)
(0.022632522 0.3111446 -0.054902105)
(0.027420551 0.28575203 -0.047979732)
(0.030963944 0.27149388 -0.038930278)
(0.032923207 0.26451713 -0.029103385)
(0.033664722 0.26221158 -0.019015948)
(0.033500912 0.26292794 -0.0088749065)
(0.032633841 0.26560199 0.001209497)
(0.031214955 0.26946284 0.011129492)
(0.029360697 0.27384578 0.020725262)
(0.027168633 0.27810836 0.029819188)
(0.024732207 0.28158471 0.038237013)
(0.022143971 0.28357765 0.045823918)
(0.019493613 0.28339593 0.052449244)
(0.016867853 0.2804431 0.05801374)
(0.014344445 0.27432616 0.062445702)
(0.011988896 0.26493896 0.065697197)
(0.0098496339 0.25248623 0.067748485)
(0.0079557776 0.23743598 0.0686103)
(0.006323425 0.22042305 0.068333072)
(0.0049369519 0.2021396 0.067003679)
(0.0037923888 0.18324261 0.064726679)
(0.002863296 0.16429392 0.061627469)
(0.0021228752 0.14573321 0.057841486)
(0.001543364 0.12787654 0.053504971)
(0.00109778 0.11093032 0.048748323)
(0.00076133495 0.095012087 0.043691549)
(0.00051218263 0.080172289 0.038441551)
(0.00033165886 0.066413698 0.033090928)
(0.00020420878 0.053707258 0.027717906)
(0.00011713778 0.04200415 0.022387033)
(6.0285984e-05 0.031244545 0.017150343)
(2.5726157e-05 0.021363655 0.012048727)
(7.4073168e-06 0.012295749 0.007113372)
(2.9188838e-07 0.0039766827 0.0023671713)
(0.017424488 0.48295932 -0.026941518)
(-0.0024373334 0.40042044 -0.05553577)
(0.015980725 0.33525677 -0.062664071)
(0.017632919 0.29311571 -0.060086016)
(0.020798934 0.26907435 -0.051791207)
(0.022782117 0.25698704 -0.041382503)
(0.023456645 0.25213509 -0.030293055)
(0.023210232 0.25155602 -0.019068407)
(0.022325286 0.25355345 -0.0078953225)
(0.020986729 0.25712472 0.0031440459)
(0.019326194 0.26155405 0.013954418)
(0.017445364 0.26619628 0.024392498)
(0.015426115 0.27037257 0.03427089)
(0.013342082 0.27335972 0.043390665)
(0.011262957 0.27443335 0.051563932)
(0.0092549337 0.27295093 0.058624106)
(0.0073781128 0.26845634 0.064437835)
(0.005683241 0.26076478 0.068911554)
(0.0042051809 0.24999493 0.071995857)
(0.0029509757 0.23653599 0.073695055)
(0.0019733234 0.22096357 0.074078682)
(0.0011805579 0.20393613 0.073224376)
(0.00059956476 0.18610091 0.071246532)
(0.00019961044 0.16802853 0.068300108)
(-6.5960192e-05 0.15017865 0.064548174)
(-0.00022255499 0.13289224 0.060153643)
(-0.00029790896 0.11640111 0.055271116)
(-0.00031626482 0.10084618 0.05004148)
(-0.00029736281 0.086297942 0.044588834)
(-0.00025664164 0.072775644 0.039019342)
(-0.00020573739 0.060263315 0.033421496)
(-0.00015304341 0.048722308 0.027867277)
(-0.00010428792 0.038100549 0.022413833)
(-6.3123277e-05 0.028339095 0.017105365)
(-3.1736882e-05 0.019376568 0.011975014)
(-1.1254309e-05 0.011152036 0.0070466404)
(-1.026912e-06 0.0036067867 0.0023364415)
(0.01707482 0.47863383 -0.029876775)
(-0.0032066555 0.3887961 -0.060449164)
(0.013678397 0.32017547 -0.067034229)
(0.013184066 0.27826397 -0.063486767)
(0.015148075 0.25645541 -0.05388197)
(0.015908748 0.24708213 -0.042285601)
(0.015631112 0.24458246 -0.030130828)
(0.014673328 0.24570603 -0.017970735)
(0.013271972 0.24875217 -0.0059888158)
(0.011591121 0.25280332 0.0057471089)
(0.0097544835 0.25722014 0.017155072)
(0.0078602883 0.26139328 0.028095177)
(0.0059876409 0.2646531 0.038374724)
(0.0042026345 0.26629424 0.047776096)
(0.0025630268 0.26566032 0.056086085)
(0.0011168592 0.26225053 0.063118644)
(-0.00010069758 0.25581107 0.068732812)
(-0.0010694762 0.24637829 0.07284471)
(-0.0017641612 0.23425997 0.07543296)
(-0.0022333249 0.21996436 0.076532941)
(-0.0025236409 0.20410354 0.07620825)
(-0.0025798679 0.1873005 0.07463519)
(-0.0025037703 0.17011943 0.071985094)
(-0.0023324811 0.15302612 0.068437034)
(-0.0020930743 0.13637513 0.064174687)
(-0.0018164878 0.1204151 0.059371707)
(-0.001527726 0.10530404 0.054185639)
(-0.0012452697 0.091128198 0.048754228)
(-0.00098206262 0.077920468 0.043194154)
(-0.00074650476 0.065676274 0.037601528)
(-0.0005433456 0.054366213 0.032053485)
(-0.00037450974 0.043945586 0.026610355)
(-0.00023983487 0.034361252 0.021318012)
(-0.00013776758 0.025556363 0.016210201)
(-6.607124e-05 0.017473506 0.011310659)
(-2.225218e-05 0.010056689 0.0066350075)
(-1.7670607e-06 0.0032525317 0.0021923726)
(0.016645855 0.47443826 -0.032482382)
(-0.0040974519 0.37776929 -0.064201139)
(0.01137066 0.30643413 -0.069894179)
(0.0089613987 0.26552269 -0.065433223)
(0.010077967 0.24643275 -0.054605781)
(0.0098378979 0.23996015 -0.04200649)
(0.0088585495 0.23978095 -0.028973936)
(0.0074093834 0.24243705 -0.016059828)
(0.005676387 0.24626143 -0.0034484377)
(0.0038029749 0.25042527 0.0087882959)
(0.0019063909 0.25436387 0.020563863)
(8.3419495e-05 0.25751968 0.031730614)
(-0.0015864298 0.25927892 0.042084928)
(-0.003040835 0.25902962 0.051396694)
(-0.004233496 0.25626776 0.059444191)
(-0.0051341973 0.2506967 0.066043488)
(-0.0057315751 0.24228481 0.071070314)
(-0.0060390398 0.23126319 0.074472575)
(-0.0061008663 0.21806919 0.076269317)
(-0.0058804942 0.20325913 0.076560131)
(-0.0055278695 0.18741953 0.075509057)
(-0.0050553765 0.17109643 0.073269126)
(-0.0045000468 0.1547523 0.07004885)
(-0.0039117065 0.13874748 0.066052148)
(-0.0033228527 0.12334114 0.061469582)
(-0.002758337 0.10870358 0.056472945)
(-0.00223591 0.094933359 0.051211346)
(-0.0017668544 0.082074608 0.045809953)
(-0.0013570986 0.070132529 0.040370781)
(-0.0010084473 0.059085938 0.03497472)
(-0.00071970075 0.0488969 0.029684166)
(-0.00048758612 0.039517761 0.024545828)
(-0.00030750619 0.030896081 0.01959342)
(-0.00017420027 0.022977974 0.014850107)
(-8.2434482e-05 0.015710266 0.010330637)
(-2.7318409e-05 0.0090418216 0.0060431377)
(-2.0653932e-06 0.0029243035 0.0019906011)
(0.016174417 0.47031518 -0.034688972)
(-0.0050424352 0.36721773 -0.066686016)
(0.0089697569 0.29371897 -0.071494789)
(0.0048736379 0.25428642 -0.066137387)
(0.0054531273 0.23807168 -0.054233765)
(0.0043257183 0.23441111 -0.040816997)
(0.0028292846 0.23631762 -0.027087802)
(0.0010550007 0.24020516 -0.013592674)
(-0.00086030027 0.24447054 -0.00052570507)
(-0.0027891451 0.24837436 0.012024045)
(-0.0046185703 0.25143106 0.023948691)
(-0.0062558931 0.25316027 0.035083012)
(-0.0076261229 0.25305691 0.045212853)
(-0.0086758395 0.25066778 0.054107595)
(-0.009375554 0.24569268 0.06155884)
(-0.0097208989 0.23805628 0.067412422)
(-0.0097320227 0.22792487 0.071589446)
(-0.0094486229 0.21566804 0.07409419)
(-0.0089128427 0.20178485 0.075010656)
(-0.0082378038 0.18682132 0.07449129)
(-0.0074099452 0.17129959 0.072715171)
(-0.0065335132 0.15567148 0.069897962)
(-0.0056447812 0.14029641 0.066251875)
(-0.0047817499 0.12543886 0.06198052)
(-0.0039721595 0.11127758 0.057267151)
(-0.003234117 0.09792054 0.052269989)
(-0.0025778156 0.085421101 0.047120985)
(-0.0020072913 0.073792813 0.041926827)
(-0.001522001 0.063021749 0.036771297)
(-0.0011181917 0.053076102 0.031718288)
(-0.00079002692 0.043913305 0.026814985)
(-0.00053045667 0.035485098 0.022094884)
(-0.00033186663 0.027741007 0.017580513)
(-0.00018663205 0.020630636 0.013285756)
(-8.7699324e-05 0.014105116 0.0092178062)
(-2.8832775e-05 0.0081179576 0.0053787547)
(-2.1306701e-06 0.0026255075 0.0017668646)
(0.01575638 0.466225 -0.036409906)
(-0.0059840353 0.35710131 -0.067898834)
(0.0066518182 0.28185315 -0.072140591)
(0.00095277718 0.24411702 -0.065579858)
(0.0011997237 0.2306659 -0.052990138)
(-0.00073159387 0.22953898 -0.03892186)
(-0.002605363 0.23316807 -0.024673617)
(-0.0045780434 0.23790888 -0.010775216)
(-0.0065495388 0.24224396 0.002562757)
(-0.0084076372 0.2455321 0.01522279)
(-0.010049284 0.24738259 0.027067872)
(-0.011389571 0.2474281 0.037913795)
(-0.012366631 0.24531843 0.047543841)
(-0.012946135 0.24079775 0.055744792)
(-0.013123831 0.23378251 0.062345575)
(-0.012924569 0.22439671 0.06724652)
(-0.012397502 0.21295397 0.070433815)
(-0.011607952 0.19989973 0.071978299)
(-0.010627987 0.18573754 0.072021322)
(-0.0095330519 0.17096176 0.070750797)
(-0.0083854645 0.15600975 0.068383492)
(-0.0072424802 0.14123674 0.065144256)
(-0.006145494 0.12690947 0.061244831)
(-0.0051243365 0.11321256 0.056876562)
(-0.0041979842 0.10026144 0.052204752)
(-0.0033762995 0.088117173 0.047366879)
(-0.0026620944 0.076800602 0.042473536)
(-0.002053068 0.066304278 0.037610981)
(-0.001543453 0.056601978 0.032844437)
(-0.0011253349 0.047655848 0.028221564)
(-0.00078965902 0.039421553 0.023775752)
(-0.00052695351 0.031851866 0.019529066)
(-0.00032783151 0.024899068 0.015494742)
(-0.00018340346 0.018516499 0.011679265)
(-8.5743857e-05 0.012659497 0.008084042)
(-2.8009542e-05 0.0072859225 0.0047067358)
(-2.0288303e-06 0.0023564107 0.0015423028)
(0.015454246 0.46220482 -0.037574594)
(-0.0070168544 0.34746284 -0.067965773)
(0.0045256032 0.27067791 -0.072126108)
(-0.0027713903 0.23464745 -0.063794458)
(-0.0028911666 0.22365392 -0.05097845)
(-0.005329375 0.22463907 -0.036475217)
(-0.0074920196 0.22956433 -0.021893375)
(-0.009556479 0.23475931 -0.0077830787)
(-0.011473089 0.23880873 0.0056231956)
(-0.013147198 0.24118569 0.018172758)
(-0.014490695 0.2416187 0.029701162)
(-0.015436845 0.23988786 0.040013563)
(-0.015947022 0.23582717 0.048906702)
(-0.016015011 0.22938655 0.056205597)
(-0.01566728 0.22067823 0.061797485)
(-0.014958247 0.20997872 0.065652493)
(-0.013961695 0.1976894 0.067827468)
(-0.012760464 0.18427522 0.068454893)
(-0.011436786 0.17020301 0.067722132)
(-0.010064933 0.15589432 0.065847287)
(-0.0087066513 0.14169812 0.063057945)
(-0.0074089912 0.12788164 0.059573316)
(-0.0062046915 0.11463395 0.055591661)
(-0.0051139224 0.10207681 0.051284232)
(-0.0041465767 0.090278191 0.046793266)
(-0.0033046772 0.079265559 0.042232864)
(-0.0025846064 0.069037485 0.037691647)
(-0.0019789986 0.059572984 0.033236242)
(-0.0014782435 0.050838658 0.028914992)
(-0.0010716197 0.042793911 0.024761466)
(-0.00074810392 0.035394627 0.02079758)
(-0.00049691265 0.028595667 0.017036252)
(-0.00030784467 0.022352511 0.013483582)
(-0.00017155852 0.016622272 0.010140604)
(-7.9903575e-05 0.011364298 0.0070046596)
(-2.5993555e-05 0.0065404697 0.0040704719)
(-1.858007e-06 0.0021153161 0.0013309634)
(0.015254053 0.4581974 -0.038140825)
(-0.0084928888 0.33812878 -0.067025511)
(0.0022081088 0.25988051 -0.070926687)
(-0.0060282644 0.22538306 -0.061289333)
(-0.0069368978 0.21653756 -0.048287287)
(-0.0095190202 0.21918658 -0.033594468)
(-0.011829862 0.22496247 -0.018890427)
(-0.013886531 0.23022693 -0.0047797621)
(-0.015643716 0.2336886 0.0084723627)
(-0.017030981 0.23495295 0.020680481)
(-0.017985129 0.23389092 0.031660563)
(-0.018467484 0.23045121 0.041222855)
(-0.018471382 0.22465739 0.049197048)
(-0.018024202 0.21664586 0.055464881)
(-0.017183799 0.20668181 0.059984686)
(-0.016029982 0.19513851 0.06280024)
(-0.01465345 0.18245079 0.064033568)
(-0.013144922 0.16906177 0.063866193)
(-0.011586557 0.15537844 0.062515246)
(-0.01004656 0.14174366 0.06021021)
(-0.0085769651 0.12842477 0.057174034)
(-0.0072137985 0.11561487 0.053610015)
(-0.0059789654 0.10344169 0.049694407)
(-0.0048828655 0.091979813 0.045573782)
(-0.0039271593 0.081263153 0.041365676)
(-0.0031073073 0.071296133 0.037161234)
(-0.0024147068 0.062062884 0.033028802)
(-0.0018383769 0.053534363 0.029017797)
(-0.0013662155 0.045673632 0.025162387)
(-0.00098588904 0.038439616 0.021484766)
(-0.000685428 0.031789702 0.017997931)
(-0.00045358753 0.025681462 0.014707967)
(-0.0002800482 0.020073752 0.011615856)
(-0.00015557166 0.014927373 0.0087189065)
(-7.2234398e-05 0.01020543 0.0060118498)
(-2.3404253e-05 0.0058734886 0.0034876765)
(-1.6538021e-06 0.0018996008 0.0011382626)
(0.015169943 0.45429342 -0.038031894)
(-0.010222245 0.32923188 -0.065256631)
(-0.00035660252 0.24963367 -0.068519873)
(-0.008883176 0.21610749 -0.058433485)
(-0.010610739 0.20898329 -0.045121615)
(-0.013263608 0.2128037 -0.03041968)
(-0.015599894 0.21899377 -0.015816095)
(-0.01754209 0.22399452 -0.0019283196)
(-0.019042895 0.2266529 0.010942937)
(-0.020058949 0.22671915 0.022585472)
(-0.020560562 0.22421932 0.032811674)
(-0.020545097 0.2192731 0.041456239)
(-0.020042754 0.21207627 0.048399491)
(-0.019114845 0.20291346 0.053591377)
(-0.017846241 0.19215157 0.057063749)
(-0.016334293 0.18020885 0.058927127)
(-0.014677237 0.16751228 0.05935466)
(-0.01296464 0.15445833 0.058559221)
(-0.011271192 0.1413858 0.056769774)
(-0.0096539872 0.12856327 0.054211387)
(-0.0081526203 0.11618852 0.051090969)
(-0.0067911233 0.10439573 0.047588944)
(-0.0055808268 0.093266421 0.043855912)
(-0.0045234256 0.082841191 0.040012908)
(-0.0036138104 0.073130523 0.036153888)
(-0.0028424489 0.064123808 0.032349344)
(-0.0021972552 0.055796457 0.028650247)
(-0.0016649746 0.04811525 0.025091861)
(-0.0012321576 0.041042195 0.021697133)
(-0.00088580434 0.03453722 0.018479587)
(-0.00061375872 0.028559995 0.015445684)
(-0.00040491477 0.023071117 0.012596707)
(-0.0002492986 0.018032834 0.0099302326)
(-0.00013813273 0.013409467 0.0074412576)
(-6.3972986e-05 0.009167606 0.0051230497)
(-2.067029e-05 0.0052761783 0.0029677889)
(-1.4466354e-06 0.0017064185 0.00096703413)
(0.015192606 0.45056483 -0.037257441)
(-0.012007817 0.32068929 -0.062765361)
(-0.0027062843 0.23967632 -0.065203322)
(-0.011422858 0.20674232 -0.05505392)
(-0.013799736 0.20076347 -0.041625379)
(-0.016508728 0.20523858 -0.027103688)
(-0.018771457 0.21144749 -0.012815617)
(-0.020499012 0.21592928 0.00062650908)
(-0.021660754 0.21767222 0.012897542)
(-0.022247331 0.21657208 0.023775177)
(-0.022267025 0.2128072 0.033086761)
(-0.021757422 0.20665173 0.040708825)
(-0.0207856 0.19843999 0.046583552)
(-0.019442196 0.18855851 0.050731148)
(-0.017831111 0.17742729 0.053249562)
(-0.016057806 0.16546888 0.054301376)
(-0.01421912 0.15307624 0.054092562)
(-0.012396339 0.14058836 0.052849092)
(-0.010651953 0.12827773 0.050796254)
(-0.0090295194 0.11634862 0.048143333)
(-0.0075556417 0.10494293 0.045074253)
(-0.0062430159 0.094150122 0.041743442)
(-0.0050937683 0.084018277 0.038275574)
(-0.004102563 0.074564511 0.034767788)
(-0.0032592253 0.065783914 0.031293203)
(-0.0025508 0.057656683 0.027904888)
(-0.0019630738 0.050153553 0.024639737)
(-0.0014816392 0.043239775 0.021521962)
(-0.0010925937 0.036877935 0.018566072)
(-0.0007829654 0.031029879 0.015779314)
(-0.00054093855 0.025657988 0.013163629)
(-0.00035593622 0.020725993 0.01071716)
(-0.0002186149 0.016199443 0.0084354243)
(-0.00012085637 0.012045967 0.0063121797)
(-5.5849899e-05 0.0082353701 0.0043400788)
(-1.7991228e-05 0.0047396413 0.002511146)
(-1.2494213e-06 0.0015328914 0.00081712229)
(0.015280396 0.44707654 -0.035903657)
(-0.01342926 0.31252948 -0.05948292)
(-0.0047652592 0.22990772 -0.061188402)
(-0.013659913 0.19715226 -0.051151896)
(-0.016508928 0.19171391 -0.037896475)
(-0.019232034 0.19635138 -0.02377568)
(-0.021335361 0.20224745 -0.010021117)
(-0.022767736 0.20604427 0.0027617646)
(-0.023531736 0.20686155 0.014237439)
(-0.023658451 0.20472712 0.02419231)
(-0.023199266 0.19995255 0.032485743)
(-0.022231387 0.1929355 0.039047478)
(-0.020853759 0.18410708 0.043884098)
(-0.019178118 0.17391075 0.047079096)
(-0.017317821 0.16278024 0.048782056)
(-0.015377463 0.15111525 0.049189299)
(-0.013445439 0.13926164 0.048521213)
(-0.011590217 0.12750021 0.04700123)
(-0.0098599356 0.11604477 0.044839579)
(-0.0082843494 0.10504722 0.042222877)
(-0.0068780373 0.094606641 0.039309085)
(-0.0056439908 0.084779897 0.036226596)
(-0.0045769965 0.075591761 0.033076056)
(-0.003666508 0.067043803 0.029933676)
(-0.0028989073 0.059121588 0.026855144)
(-0.0022591778 0.051800246 0.023879518)
(-0.0017320705 0.045048595 0.021032776)
(-0.0013028688 0.038832108 0.018330876)
(-0.00095785031 0.033114973 0.015782262)
(-0.0006845322 0.02786148 0.013389883)
(-0.00047176516 0.02303692 0.011152756)
(-0.00030972461 0.018608134 0.0090671718)
(-0.00018984225 0.014543827 0.0071275915)
(-0.00010475251 0.010814717 0.0053273204)
(-4.8314657e-05 0.0073935649 0.0036589951)
(-1.5536272e-05 0.0042551516 0.0021149405)
(-1.0701198e-06 0.0013761973 0.00068741972)
(0.015311245 0.44371368 -0.034108404)
(-0.014379349 0.30459871 -0.05551047)
(-0.0066509046 0.22023077 -0.056584019)
(-0.015636597 0.18720204 -0.046813764)
(-0.01880427 0.18175214 -0.034025041)
(-0.021471659 0.18610299 -0.020547304)
(-0.023338793 0.191419 -0.0075457029)
(-0.024413337 0.19444576 0.0043824449)
(-0.024744271 0.19441071 0.014905476)
(-0.024408411 0.19144564 0.023831933)
(-0.023500208 0.18596213 0.03106444)
(-0.022131668 0.17844182 0.036589353)
(-0.020425388 0.16937051 0.040471819)
(-0.018504554 0.15921068 0.042845089)
(-0.016482886 0.14838203 0.043892577)
(-0.014457003 0.13724645 0.043826072)
(-0.012502338 0.12609938 0.042864651)
(-0.010672496 0.11516867 0.041217666)
(-0.0090011583 0.10461948 0.039073282)
(-0.0075054275 0.094563044 0.036592426)
(-0.0061896684 0.085066912 0.033907081)
(-0.0050491732 0.076165002 0.031121571)
(-0.0040733022 0.067866513 0.028315555)
(-0.0032479682 0.060163259 0.025547786)
(-0.0025574802 0.053035428 0.022859964)
(-0.0019858304 0.046455903 0.020280308)
(-0.0015175375 0.040393418 0.017826656)
(-0.0011381569 0.034814776 0.015509043)
(-0.0008345502 0.029686376 0.01333177)
(-0.00059499133 0.024975222 0.011295023)
(-0.00040916443 0.020649559 0.0093961147)
(-0.00026809062 0.016679257 0.0076304196)
(-0.00016401993 0.013036006 0.005992068)
(-9.0344889e-05 0.0096933981 0.0044744531)
(-4.160035e-05 0.006626924 0.003070596)
(-1.334282e-05 0.0038139216 0.0017734126)
(-9.1398505e-07 0.0012334939 0.00057589265)
(0.015240841 0.44035976 -0.031878683)
(-0.015108704 0.29677571 -0.050944065)
(-0.0084388201 0.21059962 -0.051445415)
(-0.017415244 0.17688128 -0.042152694)
(-0.020769732 0.17089041 -0.030110917)
(-0.023309132 0.17453579 -0.017518661)
(-0.024878877 0.1790502 -0.0054772613)
(-0.02555517 0.18127701 0.0054300801)
(-0.0254416 0.18051537 0.014886541)
(-0.024662779 0.17695954 0.02273195)
(-0.023352429 0.17107787 0.028915449)
(-0.021649814 0.16339343 0.033475147)
(-0.019691831 0.15440879 0.036522434)
(-0.017604042 0.14457674 0.038223401)
(-0.015493328 0.1342859 0.038777425)
(-0.013443719 0.12385441 0.038396036)
(-0.011515618 0.11353005 0.037285246)
(-0.0097477091 0.10349564 0.035633046)
(-0.0081604638 0.093877891 0.033602277)
(-0.0067602485 0.084757607 0.031327995)
(-0.0055433055 0.076179847 0.028918067)
(-0.0044991962 0.06816298 0.026455725)
(-0.0036135438 0.060706267 0.024003071)
(-0.0028700781 0.053795872 0.021604805)
(-0.0022520689 0.047409447 0.019291768)
(-0.0017432694 0.041519522 0.01708406)
(-0.0013284877 0.036095926 0.014993655)
(-0.0009938924 0.031107483 0.013026521)
(-0.00072713611 0.026523152 0.011184286)
(-0.00051735977 0.022312775 0.009465523)
(-0.00035512323 0.018447536 0.0078667196)
(-0.00023229069 0.014900225 0.0063830005)
(-0.0001418974 0.011645362 0.005008655)
(-7.80479e-05 0.0086592348 0.0037375197)
(-3.588436e-05 0.005919874 0.0025632503)
(-1.1494764e-05 0.0034069885 0.001479517)
(-7.8224326e-07 0.0011018827 0.00048013446)
(0.015160564 0.43707727 -0.029167586)
(-0.015881623 0.28917029 -0.04590806)
(-0.010189977 0.20108542 -0.04587698)
(-0.01905539 0.16628239 -0.037286501)
(-0.022489382 0.15923495 -0.026246541)
(-0.024846202 0.16176763 -0.014766319)
(-0.026083646 0.16527313 -0.003870883)
(-0.026348686 0.16668547 0.005882514)
(-0.025802613 0.1653335 0.0142008)
(-0.024616702 0.16142394 0.020958293)
(-0.022958276 0.15543355 0.026146264)
(-0.020985766 0.14788472 0.029843143)
(-0.018841956 0.13926457 0.032190465)
(-0.016647822 0.12999553 0.03336972)
(-0.01449882 0.12042576 0.03358051)
(-0.012464299 0.11082921 0.033022048)
(-0.010589569 0.10141134 0.031879574)
(-0.0088996719 0.092318229 0.030316049)
(-0.0074038299 0.083647027 0.028468466)
(-0.0060998092 0.075456349 0.026447613)
(-0.0049777255 0.067775649 0.024340035)
(-0.0040231002 0.06061314 0.022211165)
(-0.0032191529 0.053962152 0.020108842)
(-0.0025484201 0.047806047 0.018066753)
(-0.0019938263 0.042121894 0.016107515)
(-0.0015393398 0.03688314 0.014245306)
(-0.0011703296 0.032061508 0.012488014)
(-0.00087371638 0.027628294 0.010838939)
(-0.00063798871 0.023555249 0.0092981195)
(-0.0004531372 0.01981513 0.0078633365)
(-0.00031054088 0.01638204 0.0065308633)
(-0.00020282725 0.013231613 0.0052960193)
(-0.00012372737 0.010341091 0.0041535697)
(-6.7962146e-05 0.0076893308 0.0030980126)
(-3.1208371e-05 0.0052567682 0.0021237802)
(-9.9747023e-06 0.0030253497 0.0012253807)
(-6.7619847e-07 0.00097845255 0.00039749224)
(0.015046313 0.43395997 -0.025933312)
(-0.016787485 0.28199566 -0.040353242)
(-0.011818908 0.1919076 -0.039985495)
(-0.020562685 0.15567074 -0.032306292)
(-0.024013409 0.14701702 -0.022490957)
(-0.026171687 0.14802554 -0.01232586)
(-0.027079211 0.15029576 -0.0027383689)
(-0.026952014 0.15084894 0.0057570934)
(-0.026008395 0.14900581 0.012898531)
(-0.024463159 0.14493581 0.018592578)
(-0.022511409 0.13907586 0.022862342)
(-0.020324022 0.1319082 0.025811069)
(-0.018043734 0.1238769 0.027593118)
(-0.015782887 0.1153585 0.028389351)
(-0.013623686 0.10665507 0.028386959)
(-0.011620875 0.097997705 0.027764442)
(-0.0098060472 0.089554819 0.026681939)
(-0.0081926397 0.081442586 0.025276299)
(-0.0067808218 0.073735479 0.023659836)
(-0.005561786 0.06647598 0.021921535)
(-0.0045212138 0.059682885 0.020129663)
(-0.0036418949 0.053358057 0.018334963)
(-0.0029055896 0.047491717 0.0165739)
(-0.0022942745 0.042066442 0.014871652)
(-0.001790916 0.037060117 0.013244706)
(-0.0013799008 0.032448057 0.011703001)
(-0.0010472309 0.028204493 0.010251656)
(-0.00078056182 0.024303586 0.0088923193)
(-0.00056914456 0.020720102 0.0076241992)
(-0.00040371321 0.017429831 0.0064448445)
(-0.00027634313 0.014409841 0.0053507182)
(-0.00018029753 0.011638605 0.0043376177)
(-0.00010987623 0.0090960473 0.0034009759)
(-6.0301031e-05 0.0067635382 0.0025360751)
(-2.7662675e-05 0.0046238505 0.0017381956)
(-8.8385363e-06 0.0026610951 0.0010027199)
(-5.9578204e-07 0.00086064609 0.00032520049)
(0.014950176 0.43124686 -0.022197615)
(-0.017569655 0.27563315 -0.034348581)
(-0.013234697 0.18340711 -0.033837808)
(-0.021905778 0.14534059 -0.027244196)
(-0.02535919 0.1346266 -0.018852273)
(-0.027340272 0.13372619 -0.010183022)
(-0.027956241 0.13450663 -0.0020440614)
(-0.027485743 0.13409505 0.0051107682)
(-0.026199809 0.13178396 0.011055994)
(-0.024351899 0.12766707 0.015724869)
(-0.022159656 0.12210014 0.019158894)
(-0.019801889 0.11549058 0.021469293)
(-0.017418327 0.10821525 0.02280677)
(-0.015111607 0.10059109 0.023337962)
(-0.012951271 0.092868741 0.023228128)
(-0.010979186 0.085236568 0.022629645)
(-0.0092155092 0.077829154 0.021675542)
(-0.0076644299 0.070737161 0.020476994)
(-0.0063191911 0.064016898 0.019123553)
(-0.0051661542 0.057698762 0.01768504)
(-0.0041878864 0.051794261 0.016214255)
(-0.0033653734 0.046301591 0.014749915)
(-0.0026795156 0.041209923 0.013319448)
(-0.002112073 0.036502604 0.01194149)
(-0.001646208 0.032159486 0.010627969)
(-0.0012667478 0.028158591 0.0093858254)
(-0.00096026202 0.024477264 0.0082183512)
(-0.00071502233 0.021092959 0.0071262435)
(-0.00052089463 0.017983753 0.006108395)
(-0.00036919555 0.015128671 0.0051624863)
(-0.00025253532 0.012507868 0.004285421)
(-0.00016465672 0.010102729 0.0034736404)
(-0.00010028332 0.007895894 0.0027233476)
(-5.500258e-05 0.0058712517 0.0020306654)
(-2.5220164e-05 0.0040138971 0.0013917448)
(-8.0459674e-06 0.0023100766 0.00080284364)
(-5.4211285e-07 0.0007471232 0.00026037373)
(0.014876157 0.42900473 -0.018056885)
(-0.018210762 0.27025916 -0.027937687)
(-0.014406626 0.17592186 -0.027451487)
(-0.023055667 0.13564585 -0.022104992)
(-0.026517245 0.12268285 -0.015306171)
(-0.028359952 0.11958855 -0.0082877858)
(-0.028744322 0.11863954 -0.0017158157)
(-0.027999019 0.11711183 0.0040314649)
(-0.026439627 0.11427478 0.008769049)
(-0.02435147 0.11012924 0.012450026)
(-0.021969842 0.10492328 0.01512078)
(-0.019478784 0.098963561 0.016884955)
(-0.017014469 0.092539869 0.017875533)
(-0.014670986 0.085896922 0.018234178)
(-0.012507447 0.079227476 0.018097366)
(-0.010555541 0.072675141 0.017587987)
(-0.0088266664 0.066341268 0.016811256)
(-0.0073181264 0.060292979 0.01585371)
(-0.0060181456 0.05457088 0.014784114)
(-0.0049096812 0.049195764 0.013655456)
(-0.0039731736 0.044174106 0.012507383)
(-0.0031884291 0.039502367 0.011368673)
(-0.0025358334 0.035170271 0.010259501)
(-0.001997072 0.031163219 0.009193399)
(-0.0015555066 0.027464049 0.0081788813)
(-0.0011963193 0.024054275 0.0072207516)
(-0.0009065084 0.020914954 0.0063211257)
(-0.00067479532 0.018027276 0.0054802178)
(-0.00049148433 0.015372952 0.0046969334)
(-0.0003483004 0.012934458 0.0039693087)
(-0.00023822235 0.010695185 0.0032948311)
(-0.000155319 0.0086395163 0.0026706704)
(-9.4597043e-05 0.0067528506 0.0020938421)
(-5.1887866e-05 0.0050216016 0.0015613212)
(-2.3791372e-05 0.0034331707 0.0010701198)
(-7.5965829e-06 0.0019759056 0.00061734442)
(-5.1117573e-07 0.00063905292 0.00020022878)
(0.014827441 0.42728332 -0.013605229)
(-0.018703108 0.26603541 -0.021188837)
(-0.015312104 0.16977171 -0.020856508)
(-0.023965204 0.12740595 -0.016889674)
(-0.02744486 0.11209063 -0.011819825)
(-0.029193641 0.10670852 -0.0065760133)
(-0.029410968 0.10391408 -0.0016648691)
(-0.028464827 0.10115648 0.0026221707)
(-0.026704739 0.097705132 0.0061431667)
(-0.024439981 0.093475611 0.0088648685)
(-0.021918683 0.088603194 0.010827142)
(-0.01932824 0.083283185 0.012113531)
(-0.016801897 0.077707655 0.012828535)
(-0.014427446 0.072041108 0.013080994)
(-0.012256473 0.066413641 0.012973909)
(-0.010313468 0.060922035 0.012598667)
(-0.0086036788 0.055634202 0.012032535)
(-0.0071196148 0.050594639 0.011338464)
(-0.0058460807 0.045829701 0.010566067)
(-0.0047637629 0.041352187 0.0097532921)
(-0.0038517127 0.037165083 0.0089283431)
(-0.0030889857 0.033264487 0.0081115584)
(-0.0024556541 0.029641817 0.007317102)
(-0.0019333751 0.026285447 0.0065543996)
(-0.0015056544 0.023181901 0.0058293164)
(-0.0011579112 0.0203167 0.0051450965)
(-0.00087742251 0.01767497 0.0045030946)
(-0.00065319676 0.015241864 0.0039033359)
(-0.00047581304 0.013002852 0.0033449369)
(-0.00033724811 0.010943912 0.002826415)
(-0.00023070474 0.0090516586 0.0023459149)
(-0.00015044647 0.0073134138 0.0019013696)
(-9.1647459e-05 0.0057172485 0.0014906142)
(-5.0278154e-05 0.0042519936 0.0011114648)
(-2.3061093e-05 0.0029072344 0.00076177159)
(-7.3591068e-06 0.0016732911 0.0004394554)
(-4.9673678e-07 0.00054119199 0.00014253194)
(0.014833315 0.42614443 -0.0089474632)
(-0.019022951 0.26314135 -0.01417742)
(-0.015924045 0.16534081 -0.014090459)
(-0.024599558 0.12122625 -0.011601693)
(-0.028101422 0.10388008 -0.0083651344)
(-0.029790817 0.096476146 -0.00498728)
(-0.029897877 0.091997128 -0.0018053676)
(-0.028818423 0.088066182 0.0009833655)
(-0.026925134 0.083980249 0.0032810046)
(-0.024543342 0.079596484 0.0050626946)
(-0.021929513 0.074956193 0.0063530643)
(-0.019273031 0.070154651 0.007206254)
(-0.016704886 0.065292743 0.0076925664)
(-0.014308389 0.060458972 0.0078824628)
(-0.012130141 0.055724122 0.0078423474)
(-0.010189948 0.05114107 0.0076309444)
(-0.0084892713 0.046746941 0.0072967365)
(-0.0070177348 0.042565918 0.0068802293)
(-0.0057580336 0.038611992 0.0064132239)
(-0.0046894828 0.034891428 0.0059199222)
(-0.0037903079 0.031404774 0.0054182427)
(-0.0030391239 0.028148445 0.004921071)
(-0.0024158249 0.025115929 0.0044373594)
(-0.0019020568 0.022298697 0.003973051)
(-0.0014814131 0.019686894 0.003531833)
(-0.0011394541 0.017269848 0.0031157352)
(-0.00086361914 0.015036458 0.0027255955)
(-0.00064308106 0.012975482 0.0023614166)
(-0.00046857454 0.011075758 0.0020226321)
(-0.00033221739 0.0093263569 0.0017083038)
(-0.00022733591 0.0077167073 0.0014172641)
(-0.00014829987 0.0062366723 0.0011482178)
(-9.0372575e-05 0.0048766069 0.00089981277)
(-4.9600188e-05 0.0036273913 0.00067068911)
(-2.275636e-05 0.0024804481 0.00045951182)
(-7.2735163e-06 0.0014277449 0.00026499425)
(-4.9039101e-07 0.00046178884 8.5913046e-05)
(0.014971941 0.42561657 -0.0042222048)
(-0.019149068 0.2616775 -0.0069647475)
(-0.016238293 0.16290804 -0.0071923932)
(-0.024942114 0.11769045 -0.006257552)
(-0.028462255 0.099039378 -0.0049251912)
(-0.030118493 0.090298475 -0.0034733809)
(-0.030163591 0.084664033 -0.0020640461)
(-0.029009767 0.07988723 -0.00079685067)
(-0.027042908 0.075303383 0.00027391677)
(-0.024597298 0.070744584 0.001128232)
(-0.021933452 0.066196804 0.001770302)
(-0.019242673 0.061691708 0.0022195314)
(-0.016654711 0.057268036 0.0025057247)
(-0.014248348 0.052960374 0.002657951)
(-0.012067948 0.0487978 0.0027047248)
(-0.010129971 0.044801505 0.0026718062)
(-0.0084339091 0.040986796 0.0025811438)
(-0.0069688183 0.037363772 0.002449942)
(-0.0057160778 0.033937449 0.0022927839)
(-0.0046543624 0.030709327 0.0021208471)
(-0.0037615187 0.027678127 0.0019424325)
(-0.0030159583 0.024840382 0.0017635386)
(-0.0023974975 0.022190932 0.0015883627)
(-0.0018877884 0.019723311 0.0014197189)
(-0.0014704803 0.017430082 0.0012593799)
(-0.0011312136 0.015303115 0.001108351)
(-0.00085751655 0.013333821 0.00096708446)
(-0.00063865029 0.011513354 0.00083564578)
(-0.00046543105 0.0098327783 0.00071383815)
(-0.00033004867 0.00828321 0.00060129486)
(-0.00022589174 0.0068559273 0.00049754605)
(-0.00014738211 0.0055424609 0.00040206579)
(-8.9826508e-05 0.0043346607 0.0003143048)
(-4.9304947e-05 0.0032247452 0.00023371244)
(-2.2626841e-05 0.0022053337 0.00015975117)
(-7.2262147e-06 0.0012694651 9.1911162e-05)
(-4.8858655e-07 0.00041060584 2.971607e-05)
(0.015065564 0.42556337 0.00049782134)
(-0.019155286 0.26150637 0.00036855087)
(-0.016297564 0.16258179 -0.00022172183)
(-0.025004047 0.11716906 -0.00088573956)
(-0.028525721 0.098239244 -0.0014925302)
(-0.030169586 0.089170457 -0.0019946907)
(-0.030196978 0.083215693 -0.002376778)
(-0.029024008 0.078168048 -0.0026401832)
(-0.027039457 0.073384479 -0.0027963799)
(-0.024579531 0.068703394 -0.0028621154)
(-0.021905577 0.064105266 -0.0028555693)
(-0.019209076 0.059610402 -0.0027940616)
(-0.016619027 0.055243769 -0.0026948305)
(-0.0142131 0.051026757 -0.0025698385)
(-0.012034693 0.046977102 -0.0024277652)
(-0.01010053 0.043107264 -0.0022767894)
(-0.0084087359 0.039424903 -0.0021211762)
(-0.0069472014 0.035934647 -0.0019650325)
(-0.005698116 0.03263842 -0.0018111905)
(-0.0046397051 0.029535334 -0.0016614863)
(-0.0037497533 0.026622666 -0.0015170759)
(-0.0030066655 0.023896187 -0.0013786497)
(-0.002390274 0.021350437 -0.0012465826)
(-0.0018822627 0.018978968 -0.0011210393)
(-0.0014663227 0.016774565 -0.0010020463)
(-0.0011281403 0.01472944 -0.00088953945)
(-0.00085528892 0.012835417 -0.00078339466)
(-0.00063707129 0.01108409 -0.00068344723)
(-0.00046434089 0.0094669708 -0.00058950389)
(-0.00032931993 0.0079756127 -0.00050135089)
(-0.00022542419 0.0066017115 -0.00041875971)
(-0.00014709837 0.0053371913 -0.00034149164)
(-8.9667344e-05 0.0041742689 -0.00026930155)
(-4.9227281e-05 0.0031055023 -0.00020194129)
(-2.2592597e-05 0.0021238233 -0.00013916243)
(-7.2226046e-06 0.0012225578 -8.0713964e-05)
(-4.8783185e-07 0.00039543567 -2.6343572e-05)
(0.014846105 0.42585606 0.0052111975)
(-0.019077242 0.26247581 0.0076567173)
(-0.016132734 0.16434946 0.0067236549)
(-0.024795627 0.11972787 0.0044688314)
(-0.028294706 0.10161602 0.0019320864)
(-0.029945212 0.093304734 -0.00051574459)
(-0.029997851 0.087942778 -0.0026829679)
(-0.028859681 0.083269 -0.0044723723)
(-0.026911933 0.078639427 -0.0058526465)
(-0.024485891 0.073923728 -0.0068374464)
(-0.021840641 0.069146359 -0.0074675306)
(-0.019165532 0.064370995 -0.0077970073)
(-0.016589599 0.059662192 -0.0078859469)
(-0.014194316 0.055073972 -0.007788032)
(-0.012023133 0.050646189 -0.0075510578)
(-0.010092975 0.046406747 -0.0072154042)
(-0.0084042023 0.042374082 -0.0068137412)
(-0.0069449022 0.03855827 -0.0063709786)
(-0.0056969584 0.034963401 -0.0059070033)
(-0.0046391791 0.031589111 -0.0054365333)
(-0.0037495374 0.028431812 -0.004970133)
(-0.0030065669 0.025485599 -0.0045151646)
(-0.0023901914 0.022742932 -0.0040765703)
(-0.0018821533 0.02019514 -0.0036574932)
(-0.001466177 0.017832812 -0.0032597605)
(-0.0011279653 0.015646087 -0.0028842516)
(-0.00085509834 0.013624889 -0.0025311742)
(-0.00063687987 0.011759113 -0.002200268)
(-0.00046416142 0.010038766 -0.0018909537)
(-0.00032916174 0.0084540832 -0.0016024413)
(-0.00022529295 0.0069956159 -0.001333808)
(-0.00014699613 0.0056542961 -0.0010840545)
(-8.9593702e-05 0.0044214827 -0.00085214505)
(-4.9178087e-05 0.0032889914 -0.00063703641)
(-2.2569213e-05 0.0022491114 -0.0004376976)
(-7.2074353e-06 0.0012946103 -0.00025312155)
(-4.8753002e-07 0.00041873115 -8.2332604e-05)
(0.014659431 0.42664249 0.0099601219)
(-0.018921606 0.26474048 0.014749537)
(-0.015703049 0.16814142 0.013543404)
(-0.024308575 0.12511556 0.0097615752)
(-0.027768252 0.1087209 0.0053478122)
(-0.029447081 0.10204602 0.00099777236)
(-0.029569421 0.097998154 -0.0029227865)
(-0.028520355 0.094194487 -0.0062197737)
(-0.026664266 0.089980776 -0.0088184086)
(-0.024320768 0.08528395 -0.010726893)
(-0.021742907 0.080213273 -0.012005518)
(-0.019118378 0.074920384 -0.012742091)
(-0.016577685 0.069548588 -0.013034062)
(-0.014204392 0.064215801 -0.012976338)
(-0.012045483 0.059011317 -0.01265536)
(-0.010121295 0.053998331 -0.012143496)
(-0.0084338139 0.049218442 -0.011500992)
(-0.0069731073 0.044696324 -0.010775715)
(-0.0057222801 0.040443995 -0.010004582)
(-0.0046609784 0.036464332 -0.0092152642)
(-0.003767705 0.032753815 -0.0084279223)
(-0.0030213095 0.0293046 -0.0076568065)
(-0.0024018822 0.026106037 -0.0069116212)
(-0.0018912323 0.023145764 -0.0061986485)
(-0.0014730889 0.020410478 -0.0055216409)
(-0.0011331244 0.017886486 -0.0048825137)
(-0.000858871 0.015560083 -0.0042818718)
(-0.00063957806 0.013417815 -0.0037194034)
(-0.00046604317 0.011446658 -0.003194171)
(-0.00033043581 0.0096341318 -0.0027048238)
(-0.00022612465 0.0079683793 -0.0022497517)
(-0.00014751416 0.0064382036 -0.0018271955)
(-8.989605e-05 0.0050330877 -0.0014353259)
(-4.9339589e-05 0.0037431963 -0.0010722984)
(-2.2637522e-05 0.0025593642 -0.0007362924)
(-7.2351796e-06 0.0014730752 -0.000425534)
(-4.8803377e-07 0.00047643696 -0.00013831215)
(0.014798372 0.4281393 0.014597698)
(-0.01851474 0.26851917 0.021611203)
(-0.014948052 0.17380819 0.020194915)
(-0.023532851 0.13283075 0.014973163)
(-0.026959362 0.1186719 0.0087671626)
(-0.028697794 0.11412175 0.0025880995)
(-0.028940701 0.11176096 -0.003030808)
(-0.028041204 0.10905743 -0.0078037919)
(-0.026336675 0.10535916 -0.011612405)
(-0.024128219 0.1006749 -0.014454994)
(-0.021659226 0.095223611 -0.01640475)
(-0.01911496 0.089266352 -0.017576475)
(-0.016628028 0.083042648 -0.018101985)
(-0.014286407 0.07674888 -0.018113084)
(-0.012142436 0.070534796 -0.017731203)
(-0.010221471 0.064507774 -0.017061863)
(-0.0085296037 0.058739959 -0.016192912)
(-0.0070601241 0.05327581 -0.01519488)
(-0.0057984622 0.048138955 -0.014122655)
(-0.0047258023 0.04333793 -0.013017738)
(-0.003821597 0.03887073 -0.011910628)
(-0.003065229 0.034728267 -0.010823069)
(-0.0024370383 0.030896929 -0.0097700079)
(-0.0019189021 0.027360419 -0.008761239)
(-0.0014945066 0.024101054 -0.0078027186)
(-0.0011494201 0.021100654 -0.0068976001)
(-0.00087104191 0.018341145 -0.006047027)
(-0.00064848121 0.015804949 -0.0052507306)
(-0.00047239979 0.013475235 -0.0045074747)
(-0.00033484222 0.011336053 -0.0038153811)
(-0.00022906697 0.0093724191 -0.0031721671)
(-0.00014938322 0.0075703319 -0.0025753157)
(-9.1002484e-05 0.0059167719 -0.0020221966)
(-4.9926037e-05 0.0043996724 -0.001510152)
(-2.2899968e-05 0.0030078801 -0.0010365557)
(-7.3087479e-06 0.0017311062 -0.00059884779)
(-4.9323842e-07 0.00055987495 -0.00019456052)
(0.014907409 0.43018742 0.018938637)
(-0.017949504 0.27353217 0.028209164)
(-0.013917095 0.18097227 0.026660975)
(-0.022508913 0.1422356 0.020103204)
(-0.025914318 0.13041766 0.012217197)
(-0.027754475 0.12808132 0.0043108866)
(-0.028178817 0.12744504 -0.0029294502)
(-0.027497505 0.12583649 -0.0091347761)
(-0.026010707 0.12262646 -0.01414422)
(-0.023993783 0.11791889 -0.01794054)
(-0.02167655 0.11204681 -0.02060038)
(-0.019240824 0.10537978 -0.022255722)
(-0.016822573 0.098251128 -0.023064705)
(-0.014516722 0.090933934 -0.023190475)
(-0.012383641 0.083637951 -0.02278707)
(-0.010456302 0.076515586 -0.021991158)
(-0.0087472416 0.069671256 -0.020918391)
(-0.0072547042 0.063171313 -0.019662914)
(-0.0059676644 0.057053167 -0.018298853)
(-0.0048696685 0.05133302 -0.016882841)
(-0.0039416222 0.0460121 -0.015456901)
(-0.0031637032 0.041081461 -0.014051278)
(-0.0025165965 0.036525588 -0.012686983)
(-0.0019822319 0.032325014 -0.011377958)
(-0.0015441715 0.028458178 -0.010132842)
(-0.0011877622 0.024902713 -0.0089563811)
(-0.00090013811 0.021636307 -0.0078505054)
(-0.00067013288 0.018637269 -0.00681516)
(-0.00048814284 0.01588487 -0.0058489202)
(-0.00034596856 0.013359542 -0.004949447)
(-0.00023665069 0.011042972 -0.004113819)
(-0.00015430848 0.0089181314 -0.0033387729)
(-9.3989703e-05 0.0069692527 -0.0026208738)
(-5.1558887e-05 0.0051817888 -0.0019566362)
(-2.3642613e-05 0.0035423482 -0.0013426079)
(-7.5495677e-06 0.0020386241 -0.00077542223)
(-5.0827391e-07 0.00065932078 -0.00025183482)
(0.014995857 0.43268348 0.022915043)
(-0.017266026 0.27953454 0.034453838)
(-0.012660275 0.18923848 0.032908093)
(-0.021293186 0.15262516 0.025155491)
(-0.024692421 0.14298087 0.015733936)
(-0.026682224 0.1426709 0.0062318071)
(-0.027353611 0.14359233 -0.0025310312)
(-0.026961905 0.14296029 -0.010114259)
(-0.025760722 0.14017887 -0.016316699)
(-0.023992916 0.13544073 -0.021098259)
(-0.021870839 0.12917694 -0.024526626)
(-0.019571626 0.12184794 -0.026737683)
(-0.017235502 0.11386641 -0.027904641)
(-0.014966602 0.10557237 -0.02821395)
(-0.012836232 0.097230189 -0.027847582)
(-0.010887896 0.089035182 -0.026971406)
(-0.0091431091 0.081124067 -0.025728895)
(-0.0076071228 0.073586338 -0.02423899)
(-0.006273988 0.06647501 -0.022596794)
(-0.0051306761 0.059815942 -0.020875944)
(-0.0041602192 0.053615513 -0.019131752)
(-0.0033439644 0.047866645 -0.017404497)
(-0.0026630992 0.042553401 -0.015722513)
(-0.0020996159 0.037654366 -0.014104888)
(-0.0016368679 0.033145085 -0.012563712)
(-0.0012598408 0.028999766 -0.011105887)
(-0.0009552356 0.025192439 -0.0097345432)
(-0.0007114332 0.021697716 -0.0084501267)
(-0.0005183898 0.018491265 -0.0072512182)
(-0.00036749641 0.015550084 -0.006135141)
(-0.00025142389 0.012852642 -0.0050984078)
(-0.00016396421 0.010378923 -0.0041370442)
(-9.9880527e-05 0.0081104114 -0.0032468202)
(-5.4791691e-05 0.0060300414 -0.0024234149)
(-2.5128499e-05 0.0041221211 -0.0016625303)
(-8.0181567e-06 0.002372247 -0.00095996869)
(-5.4089575e-07 0.00076721386 -0.00031168153)
(0.015080859 0.43557051 0.026468822)
(-0.016473013 0.28634387 0.040274541)
(-0.011206513 0.19826759 0.038909855)
(-0.019932685 0.16336307 0.030132118)
(-0.02333431 0.1556071 0.019354398)
(-0.025513547 0.15700822 0.0084157018)
(-0.026488036 0.15925807 -0.0017504394)
(-0.02644782 0.15948731 -0.010646738)
(-0.025593568 0.15712364 -0.018034424)
(-0.024130068 0.1524206 -0.023842612)
(-0.022248001 0.14587507 -0.028115813)
(-0.020117334 0.13801065 -0.030977872)
(-0.017881907 0.12929974 -0.032602823)
(-0.015656022 0.12013785 -0.033189694)
(-0.013523965 0.11083893 -0.032941666)
(-0.011542309 0.10164038 -0.032050606)
(-0.0097441024 0.092712773 -0.030687276)
(-0.0081438681 0.084171368 -0.028996589)
(-0.0067425663 0.076087665 -0.027096708)
(-0.0055319596 0.068499922 -0.025080682)
(-0.0044981473 0.061422074 -0.023019468)
(-0.0036242339 0.054850942 -0.020965494)
(-0.0028922259 0.048771824 -0.018956204)
(-0.002284299 0.043162693 -0.017017276)
(-0.0017835841 0.037997254 -0.015165379)
(-0.0013746066 0.033247114 -0.013410431)
(-0.0010434853 0.028883277 -0.011757396)
(-0.00077797417 0.024877137 -0.010207681)
(-0.00056740697 0.02120111 -0.0087601929)
(-0.00040258624 0.017829017 -0.007412135)
(-0.00027564352 0.014736283 -0.0061595933)
(-0.00017988755 0.01190002 -0.0049979651)
(-0.00010965452 0.0092990301 -0.0039222672)
(-6.0194813e-05 0.0069137596 -0.0029273553)
(-2.7621648e-05 0.0047262206 -0.0020080784)
(-8.8282615e-06 0.0027198979 -0.0011593828)
(-5.9593252e-07 0.0008796478 -0.00037638074)
(0.015178437 0.43880398 0.029518121)
(-0.015560044 0.29381382 0.045643829)
(-0.0095745345 0.20776135 0.044658177)
(-0.018443693 0.17421769 0.035037026)
(-0.021836199 0.16783009 0.023104669)
(-0.024224396 0.17057026 0.010909289)
(-0.025533283 0.17393519 -0.00052328837)
(-0.025885118 0.17496854 -0.010654859)
(-0.025425226 0.17309 -0.019212722)
(-0.024316283 0.16857046 -0.026089018)
(-0.022722328 0.1619304 -0.031291694)
(-0.020801477 0.15372307 -0.034915903)
(-0.018697918 0.14445842 -0.037120187)
(-0.016534723 0.13457583 -0.038102707)
(-0.014409485 0.12443525 -0.038078461)
(-0.01239338 0.11431773 -0.037260022)
(-0.010533128 0.10443188 -0.035843557)
(-0.0088547861 0.094923783 -0.034000483)
(-0.0073682787 0.08588832 -0.031874022)
(-0.0060718517 0.077380384 -0.029579317)
(-0.0049559543 0.069424901 -0.027205815)
(-0.0040063508 0.062025249 -0.024820765)
(-0.0032064491 0.05516997 -0.022473057)
(-0.0025389403 0.0488379 -0.020196911)
(-0.0019868818 0.043001981 -0.018015137)
(-0.0015343584 0.037631992 -0.015941889)
(-0.0011668417 0.032696453 -0.013984895)
(-0.00087134218 0.028163919 -0.012147211)
(-0.00063642629 0.024003815 -0.010428571)
(-0.00045215078 0.020186949 -0.0088264145)
(-0.00030995018 0.016685805 -0.0073366458)
(-0.00020249765 0.01347468 -0.005954195)
(-0.0001235609 0.010529715 -0.0046734254)
(-6.7890391e-05 0.0078288649 -0.0034884242)
(-3.118485e-05 0.0053518271 -0.0023932093)
(-9.9718358e-06 0.0030799431 -0.0013818673)
(-6.7687525e-07 0.00099609262 -0.00044864904)
(0.015249255 0.4421659 0.032029861)
(-0.014766138 0.30160628 0.05050776)
(-0.0078376649 0.21744031 0.050099026)
(-0.016848986 0.18485644 0.039843835)
(-0.020168998 0.1793582 0.026975511)
(-0.022745064 0.18307438 0.013720063)
(-0.024383956 0.18737594 0.0011758436)
(-0.025139814 0.18920926 -0.01009242)
(-0.025103066 0.18794444 -0.019784938)
(-0.024391926 0.18382027 -0.027755082)
(-0.023137816 0.17733462 -0.033964582)
(-0.021479969 0.16903316 -0.038464936)
(-0.019556663 0.15943779 -0.041382205)
(-0.017495443 0.14901776 -0.042897813)
(-0.015405192 0.13817463 -0.043226029)
(-0.01337163 0.1272354 -0.042591808)
(-0.011456435 0.11645272 -0.041212456)
(-0.0096991633 0.10601079 -0.039284894)
(-0.0081208462 0.096035047 -0.036978619)
(-0.0067281945 0.086603202 -0.034433382)
(-0.0055176639 0.07775615 -0.031760176)
(-0.0044789587 0.0695076 -0.029044176)
(-0.0035978126 0.061852078 -0.02634859)
(-0.0028580532 0.054771211 -0.023718656)
(-0.0022430448 0.048238484 -0.021185389)
(-0.0017366333 0.042222699 -0.018768832)
(-0.0013237172 0.036690435 -0.016480768)
(-0.00099055054 0.031607725 -0.014326889)
(-0.00072486457 0.026941168 -0.012308502)
(-0.0005158707 0.022658631 -0.010423826)
(-0.00035419017 0.018729661 -0.0086689738)
(-0.00023173939 0.015125701 -0.0070386858)
(-0.00014159705 0.011820171 -0.0055268573)
(-7.7902972e-05 0.0087884612 -0.0041269272)
(-3.5828226e-05 0.0060078696 -0.0028321522)
(-1.1480264e-05 0.0034575111 -0.0016357964)
(-7.8252598e-07 0.0011182054 -0.00053126252)
(0.015329514 0.44554099 0.034050645)
(-0.014049753 0.3094971 0.054923772)
(-0.006097074 0.22710999 0.05512971)
(-0.015140189 0.19511475 0.04446118)
(-0.018275371 0.19003733 0.030903866)
(-0.020979921 0.19437227 0.016805265)
(-0.022908222 0.19944223 0.0033271236)
(-0.02405047 0.20208658 -0.0089493987)
(-0.024445713 0.20158554 -0.019706878)
(-0.024165885 0.19809927 -0.02876385)
(-0.023303944 0.19205769 -0.03603234)
(-0.021972002 0.18395884 -0.04150941)
(-0.020293905 0.17430546 -0.045272871)
(-0.018394632 0.1635768 -0.047470091)
(-0.016389727 0.15220725 -0.048298908)
(-0.014377338 0.14056979 -0.047984638)
(-0.012434017 0.12896687 -0.046758082)
(-0.010614075 0.1176294 -0.044838062)
(-0.0089515835 0.10672245 -0.042419907)
(-0.0074638226 0.096354868 -0.03966963)
(-0.0061552163 0.086590418 -0.036722593)
(-0.0050210664 0.077458489 -0.033685191)
(-0.004050736 0.068963526 -0.030638224)
(-0.0032301545 0.061092717 -0.027640955)
(-0.0025436678 0.05382195 -0.024735192)
(-0.0019753238 0.047120248 -0.021949023)
(-0.0015097109 0.040952967 -0.01930002)
(-0.0011324614 0.03528401 -0.016797878)
(-0.00083051565 0.030077328 -0.014446522)
(-0.00059222361 0.025297876 -0.012245749)
(-0.0004073399 0.020912214 -0.010192473)
(-0.00026694879 0.016888826 -0.0082816737)
(-0.00016335509 0.013198275 -0.0065070852)
(-8.9997793e-05 0.0098132407 -0.0048617094)
(-4.14504e-05 0.0067084771 -0.0033381804)
(-1.3298283e-05 0.003860727 -0.0019290249)
(-9.1224692e-07 0.001248613 -0.00062684135)
(0.015360069 0.44884948 0.035673212)
(-0.013119233 0.31737408 0.05876153)
(-0.004293171 0.23672392 0.059646246)
(-0.013252943 0.20494037 0.048768187)
(-0.016067451 0.19980576 0.034792941)
(-0.018825346 0.20438471 0.020083859)
(-0.02097949 0.21002931 0.005871751)
(-0.022466448 0.21346783 -0.0072513114)
(-0.023281376 0.21385972 -0.018961189)
(-0.023451545 0.21124935 -0.029051904)
(-0.023027553 0.20595834 -0.037389907)
(-0.022086842 0.19839583 -0.043913466)
(-0.020729533 0.18900801 -0.048640052)
(-0.019069054 0.17825557 -0.051666116)
(-0.017220498 0.16658881 -0.053155209)
(-0.015289904 0.1544211 -0.053317307)
(-0.013366681 0.14210767 -0.052385024)
(-0.011519868 0.12993433 -0.050591909)
(-0.0097978294 0.11811612 -0.048155973)
(-0.008230317 0.10680335 -0.045269406)
(-0.0068317874 0.096091679 -0.042093865)
(-0.0056050732 0.086033504 -0.03875998)
(-0.0045448177 0.076648754 -0.035369569)
(-0.0036403728 0.067934185 -0.031999305)
(-0.0028780679 0.059870849 -0.028704882)
(-0.0022428785 0.0524298 -0.025525103)
(-0.0017195834 0.045576284 -0.02248556)
(-0.0012935188 0.039272709 -0.019601754)
(-0.00095103039 0.033480674 -0.016881664)
(-0.00067971053 0.028162317 -0.014327771)
(-0.00046848584 0.023281153 -0.011938644)
(-0.00030760442 0.01880258 -0.0097101366)
(-0.00018856474 0.014694134 -0.0076362957)
(-0.00010406056 0.010925586 -0.0057100247)
(-4.8003283e-05 0.0074689477 -0.0039235732)
(-1.5437776e-05 0.0042983934 -0.0022688874)
(-1.0646131e-06 0.001390162 -0.00073785658)
(0.01527734 0.45222263 0.036916231)
(-0.011858694 0.32535421 0.061911631)
(-0.0023538962 0.24631823 0.063580806)
(-0.011126425 0.21435869 0.052640835)
(-0.013459423 0.20867021 0.0385374)
(-0.016200608 0.21308282 0.023453158)
(-0.018504369 0.21905509 0.0087206706)
(-0.020274379 0.2232093 -0.0050573065)
(-0.021474492 0.22456643 -0.01756327)
(-0.022092367 0.22303132 -0.02858221)
(-0.022135826 0.21878631 -0.037946509)
(-0.021642899 0.21211288 -0.045539195)
(-0.020681958 0.20335855 -0.05131161)
(-0.01934543 0.19292742 -0.055295743)
(-0.017739037 0.18125806 -0.057603024)
(-0.015969757 0.16878942 -0.05840985)
(-0.014135451 0.15592658 -0.057935019)
(-0.012317923 0.14301578 -0.056415412)
(-0.010579775 0.13033228 -0.054084882)
(-0.0089644064 0.11807965 -0.051158933)
(-0.0074981074 0.10639671 -0.04782564)
(-0.0061932179 0.095368455 -0.044241914)
(-0.0050515341 0.085037915 -0.040533685)
(-0.0040674558 0.075417087 -0.036798501)
(-0.0032306234 0.066496219 -0.033109366)
(-0.0025279732 0.058251119 -0.029518931)
(-0.0019452477 0.050648673 -0.026063522)
(-0.0014680445 0.043650831 -0.022766735)
(-0.001082501 0.037217403 -0.019642461)
(-0.00077570673 0.031307932 -0.016697363)
(-0.00053591896 0.025882913 -0.013932829)
(-0.00035263797 0.020904547 -0.0113465)
(-0.00021659606 0.016337152 -0.0089334202)
(-0.00011974657 0.012147375 -0.0066869137)
(-5.5340755e-05 0.0083042406 -0.0045992246)
(-1.7829932e-05 0.0047791199 -0.0026619878)
(-1.2387991e-06 0.0015456369 -0.00086656678)
(0.015212637 0.45578415 0.037651124)
(-0.010206624 0.3336085 0.064318731)
(-8.2418676e-05 0.25601825 0.066795448)
(-0.0086922552 0.22350533 0.055993833)
(-0.010374718 0.21671379 0.042049063)
(-0.013065299 0.22050337 0.026804665)
(-0.01543779 0.22648938 0.011765659)
(-0.017412646 0.23119897 -0.0024561943)
(-0.018941061 0.23351 -0.015566469)
(-0.019978374 0.23317882 -0.02735813)
(-0.020493102 0.230231 -0.037646705)
(-0.020483468 0.22478978 -0.046271595)
(-0.019981358 0.21706209 -0.053120565)
(-0.019050183 0.20735022 -0.058154074)
(-0.01777695 0.19604161 -0.061416889)
(-0.016260802 0.18357396 -0.063033516)
(-0.014601184 0.17038966 -0.063190647)
(-0.012888252 0.15689514 -0.062113032)
(-0.011196793 0.14343389 -0.060039167)
(-0.009583677 0.13027484 -0.057201207)
(-0.0080880468 0.11761304 -0.053810895)
(-0.0067333858 0.10557814 -0.050051572)
(-0.0055304804 0.094246238 -0.046075286)
(-0.0044805549 0.083652368 -0.04200349)
(-0.003578135 0.073801675 -0.037929901)
(-0.0028134324 0.064678712 -0.033924394)
(-0.0021742037 0.056254651 -0.030037151)
(-0.001647117 0.048492652 -0.026302585)
(-0.0012187063 0.041351688 -0.02274282)
(-0.00087599794 0.034789186 -0.019370606)
(-0.00060688975 0.028762783 -0.016191703)
(-0.00040034549 0.023231434 -0.013206764)
(-0.00024646818 0.018156081 -0.010412804)
(-0.00013655757 0.013500008 -0.0078043136)
(-6.3242249e-05 0.0092289956 -0.0053741028)
(-2.043293e-05 0.0053113338 -0.0031139275)
(-1.43058e-06 0.0017177633 -0.0010149454)
(0.015281962 0.45955134 0.037737594)
(-0.0084271643 0.3422252 0.065996417)
(0.0024025014 0.26597779 0.069153487)
(-0.0059306651 0.23254089 0.058856206)
(-0.0068086601 0.22409597 0.045239897)
(-0.0094399642 0.22677459 0.030014913)
(-0.011785768 0.23239597 0.014880073)
(-0.013871712 0.23741313 0.00043328214)
(-0.015651065 0.24056773 -0.01306609)
(-0.017051311 0.24147145 -0.025434454)
(-0.018009105 0.23999187 -0.036489526)
(-0.018486982 0.23607776 -0.046044496)
(-0.018480154 0.22976141 -0.053934617)
(-0.018018391 0.22119651 -0.060050592)
(-0.017162104 0.2106707 -0.064362832)
(-0.0159934 0.19858016 -0.066929175)
(-0.014604608 0.18537903 -0.067886063)
(-0.013087265 0.17152391 -0.067428112)
(-0.011523764 0.15742898 -0.0657829)
(-0.0099821618 0.14343885 -0.063187984)
(-0.0085140382 0.12981866 -0.059872241)
(-0.0071547369 0.11675681 -0.05604268)
(-0.0059254178 0.10437511 -0.051877443)
(-0.0048357847 0.092741874 -0.047523673)
(-0.0038869137 0.081884988 -0.04309861)
(-0.0030738148 0.071803397 -0.038692594)
(-0.0023875662 0.062476445 -0.03437292)
(-0.0018169823 0.053871025 -0.030187872)
(-0.0013498489 0.045946818 -0.026170511)
(-0.00097379073 0.038659985 -0.022342003)
(-0.00067684636 0.031965682 -0.018714425)
(-0.00044781275 0.025819702 -0.015293043)
(-0.00027643241 0.020179497 -0.012078127)
(-0.0001535389 0.015004769 -0.0090663626)
(-7.1280982e-05 0.010257773 -0.0062519343)
(-2.30914e-05 0.0059034171 -0.003627345)
(-1.6314518e-06 0.0019092522 -0.001184027)
(0.015465192 0.46342179 0.037145922)
(-0.0069525373 0.35124498 0.066871644)
(0.0046103288 0.27642977 0.070330837)
(-0.0027438208 0.24154374 0.061391948)
(-0.0028825552 0.23103276 0.047976195)
(-0.0053806221 0.23212936 0.032936501)
(-0.0075789238 0.23696613 0.017924083)
(-0.0096733578 0.24196728 0.0034706575)
(-0.011610345 0.24575525 -0.010194362)
(-0.013293068 0.24781117 -0.022918959)
(-0.014633865 0.24785875 -0.034538952)
(-0.015567537 0.24567501 -0.044860608)
(-0.016057432 0.2410997 -0.053684151)
(-0.016099823 0.23409897 -0.060841588)
(-0.015724079 0.224809 -0.066230768)
(-0.014987662 0.21353279 -0.069835407)
(-0.013966725 0.20069573 -0.071727722)
(-0.012744767 0.18678082 -0.072055495)
(-0.011406059 0.17226555 -0.071016965)
(-0.010023624 0.15757535 -0.068838699)
(-0.0086594921 0.14305783 -0.065755898)
(-0.0073599669 0.12897543 -0.061992929)
(-0.0061568632 0.11551064 -0.057750796)
(-0.0050694609 0.10277801 -0.053201739)
(-0.0041068602 0.090838491 -0.048487812)
(-0.0032704209 0.079713186 -0.043722216)
(-0.0025560078 0.069395104 -0.038992286)
(-0.0019558782 0.059858581 -0.034363216)
(-0.0014601681 0.051066363 -0.029881915)
(-0.0010580026 0.042974733 -0.025580604)
(-0.00073828234 0.035537087 -0.021479982)
(-0.00049020453 0.02870633 -0.017591894)
(-0.00030358812 0.022436412 -0.013921511)
(-0.00016913621 0.016683274 -0.010469061)
(-7.8754452e-05 0.011405364 -0.0072311985)
(-2.5611095e-05 0.0065638847 -0.0042020473)
(-1.8297657e-06 0.0021228576 -0.0013740045)
(0.015750858 0.46729236 0.035961692)
(-0.0059367205 0.36051616 0.066787491)
(0.0066167093 0.28718414 0.070392278)
(0.00088581241 0.25066245 0.063223186)
(0.0010747844 0.2378196 0.050036834)
(-0.00092985201 0.23691332 0.035444758)
(-0.002834606 0.24053871 0.020757165)
(-0.0048427915 0.24515204 0.0065022217)
(-0.0068368032 0.24927959 -0.0071116014)
(-0.0087027624 0.25229207 -0.019965473)
(-0.010339124 0.25379435 -0.031922982)
(-0.011662632 0.25341334 -0.042799816)
(-0.012613195 0.25080102 -0.052380852)
(-0.01315857 0.24571551 -0.060457842)
(-0.01329714 0.2380976 -0.066868072)
(-0.013057539 0.22810112 -0.071523306)
(-0.012492803 0.21606884 -0.074423802)
(-0.011661327 0.20246981 -0.075657859)
(-0.0106599 0.18782338 -0.075380613)
(-0.0095425959 0.17263105 -0.073791486)
(-0.0083778716 0.15733041 -0.071113947)
(-0.0072236567 0.14227213 -0.06757976)
(-0.00612014 0.12771565 -0.063404557)
(-0.0050960861 0.11383718 -0.058781489)
(-0.004169566 0.10074384 -0.05387613)
(-0.003349623 0.088489089 -0.048825211)
(-0.002638358 0.077087134 -0.043737973)
(-0.0020328958 0.066524999 -0.038699024)
(-0.0015270334 0.05677195 -0.033771853)
(-0.0011125457 0.047786528 -0.029002438)
(-0.00078017144 0.03952157 -0.024422619)
(-0.00052031525 0.031927652 -0.02005307)
(-0.00032352945 0.024955376 -0.015905815)
(-0.00018090886 0.018556809 -0.011986288)
(-8.4537813e-05 0.01268634 -0.008295002)
(-2.7601259e-05 0.0073011259 -0.0048288435)
(-1.9960218e-06 0.0023612928 -0.0015820996)
(0.016152595 0.47121152 0.034239159)
(-0.0050322002 0.37019671 0.06561073)
(0.0088342551 0.29853535 0.069805174)
(0.0046871296 0.26039552 0.063844631)
(0.0051969472 0.24492166 0.051343607)
(0.0039854733 0.24160883 0.037414459)
(0.0024364083 0.24361613 0.023234574)
(0.0006198569 0.24745695 0.0093665424)
(-0.0013203729 0.25157913 -0.003995017)
(-0.0032580945 0.2552599 -0.016759891)
(-0.0050839594 0.25801335 -0.02882036)
(-0.0067051979 0.25935147 -0.040010505)
(-0.0080485168 0.25876715 -0.050116385)
(-0.0090622143 0.25581723 -0.058911316)
(-0.0097179195 0.25022419 -0.06619331)
(-0.01001391 0.24194439 -0.071817113)
(-0.0099809384 0.23117842 -0.07571451)
(-0.0096436053 0.21832614 -0.077899186)
(-0.0090483904 0.20390877 -0.078487758)
(-0.0083484576 0.18848461 -0.077633209)
(-0.007484141 0.17257877 -0.07553025)
(-0.0065810142 0.15663949 -0.072399984)
(-0.0056723207 0.14101846 -0.068459379)
(-0.0047949047 0.12597049 -0.063915332)
(-0.0039755058 0.11166442 -0.058952443)
(-0.0032313057 0.09819903 -0.053728807)
(-0.0025716222 0.085619637 -0.048375291)
(-0.0019997124 0.073933112 -0.042996949)
(-0.0015143823 0.06312013 -0.037675675)
(-0.0011113611 0.053144628 -0.032473423)
(-0.00078441826 0.043960747 -0.02743551)
(-0.00052621723 0.03551772 -0.022593714)
(-0.00032894591 0.027763192 -0.017969025)
(-0.00018485059 0.020645378 -0.013573981)
(-8.6800051e-05 0.014114393 -0.0094146111)
(-2.8512226e-05 0.0081230243 -0.0054919968)
(-2.1025433e-06 0.0026271075 -0.0018035288)
(0.016617215 0.47515556 0.032043423)
(-0.0041137082 0.38027689 0.063200922)
(0.011211441 0.3106583 0.068293367)
(0.0086652787 0.27108189 0.063237265)
(0.0096834776 0.25285494 0.051820594)
(0.00933911 0.24686545 0.038694803)
(0.0082843854 0.24690501 0.025198171)
(0.0067820099 0.24960828 0.011893122)
(0.0050173993 0.25336464 -0.0010328359)
(0.0031294031 0.25736706 -0.01350798)
(0.0012324068 0.26105724 -0.025444006)
(-0.00057676421 0.26387028 -0.036692216)
(-0.0022209812 0.26518648 -0.047049655)
(-0.0036400136 0.26439903 -0.056289645)
(-0.0047876544 0.26102193 -0.064196134)
(-0.0056345864 0.25478871 -0.070593234)
(-0.0061726965 0.24570493 -0.075366398)
(-0.006434357 0.23403851 -0.078471936)
(-0.0064039633 0.22025646 -0.079931009)
(-0.00614269 0.20493457 -0.079884002)
(-0.005727904 0.18866724 -0.0784903)
(-0.0052139007 0.17199949 -0.075917481)
(-0.0046196424 0.15538649 -0.072381445)
(-0.0039995318 0.13917799 -0.068090034)
(-0.0033857132 0.12362157 -0.063236408)
(-0.0028020524 0.1088765 -0.057993284)
(-0.0022653201 0.095031524 -0.05250942)
(-0.0017858915 0.082122641 -0.046908762)
(-0.0013688612 0.070148488 -0.041291592)
(-0.0010152993 0.059082765 -0.035736814)
(-0.00072338767 0.048883635 -0.030304789)
(-0.00048935209 0.039500526 -0.02504025)
(-0.00030820208 0.030878855 -0.019975079)
(-0.00017437628 0.02296319 -0.015130793)
(-8.2417331e-05 0.015699265 -0.010520678)
(-2.7273574e-05 0.0090351883 -0.0061515796)
(-2.0534129e-06 0.0029221155 -0.0020253723)
(0.017044199 0.47915901 0.029452705)
(-0.0032359619 0.39078505 0.059541922)
(0.01347743 0.32370502 0.065567181)
(0.012771747 0.28311537 0.061436717)
(0.014591836 0.26226137 0.051241863)
(0.015216031 0.25349865 0.039099079)
(0.014836758 0.25134035 0.026458543)
(0.013808819 0.25261402 0.013883564)
(0.012363465 0.25567569 0.0015612015)
(0.010659701 0.25963788 -0.010439324)
(0.0088186687 0.26387269 -0.022034164)
(0.0069355912 0.2677668 -0.033082919)
(0.0050876358 0.27064405 -0.043395403)
(0.0033400635 0.27179806 -0.052757345)
(0.0017490871 0.27058291 -0.060960034)
(0.00036103744 0.26652225 -0.067824013)
(-0.00078933801 0.25939791 -0.073216602)
(-0.0016749421 0.24928683 -0.077063362)
(-0.0023158305 0.23653434 -0.079349137)
(-0.00270344 0.22167656 -0.08011167)
(-0.0029072388 0.20534117 -0.079442881)
(-0.0028967189 0.18815482 -0.077528758)
(-0.002760038 0.17067646 -0.074546806)
(-0.0025341305 0.15336133 -0.070682641)
(-0.0022488059 0.13655121 -0.066124876)
(-0.0019344923 0.12048188 -0.061049856)
(-0.0016153033 0.10529968 -0.055616257)
(-0.0013087831 0.091080997 -0.049961709)
(-0.0010269315 0.077850786 -0.04420188)
(-0.00077723269 0.065598291 -0.038431303)
(-0.00056359304 0.054289452 -0.032725236)
(-0.0003871938 0.043876135 -0.027142017)
(-0.00024723921 0.034302725 -0.021725557)
(-0.00014164859 0.025510634 -0.016507737)
(-6.7763077e-05 0.017441252 -0.01151059)
(-2.2755013e-05 0.010037794 -0.0067481993)
(-1.7926675e-06 0.0032463743 -0.0022283188)
(0.017384144 0.48326089 0.026533367)
(-0.0024783047 0.40180624 0.054740387)
(0.015708809 0.33793174 0.061390758)
(0.01706124 0.29701975 0.058244675)
(0.020019509 0.27396613 0.049348662)
(0.021819222 0.26258512 0.038366737)
(0.022355888 0.25818658 0.026760219)
(0.022013793 0.25786419 0.015086221)
(0.021067974 0.25997212 0.0035403328)
(0.019697319 0.26354174 -0.0077933851)
(0.018029105 0.26787477 -0.018820893)
(0.016160847 0.27232616 -0.029399472)
(0.014172241 0.27621165 -0.039346962)
(0.012134508 0.27880191 -0.048467587)
(0.010115352 0.27937326 -0.056575463)
(0.0081795646 0.27729824 -0.06350964)
(0.006386109 0.27215025 -0.069142725)
(0.0047829866 0.26378431 -0.073387832)
(0.0033922257 0.25236134 -0.076205709)
(0.0022558624 0.23830658 -0.077612012)
(0.0013574323 0.22222031 -0.077675116)
(0.00066727404 0.20477211 -0.076484003)
(0.00017420496 0.18660894 -0.074166372)
(-0.00014669949 0.1682929 -0.070886777)
(-0.00034319221 0.1502709 -0.066815213)
(-0.00043985408 0.13286979 -0.062119622)
(-0.0004646774 0.11630808 -0.056957798)
(-0.00044139261 0.10071511 -0.051472222)
(-0.00038885568 0.08615197 -0.045787327)
(-0.00032151332 0.072630544 -0.040008687)
(-0.00025000432 0.060129346 -0.03422358)
(-0.0001817712 0.048605702 -0.028502395)
(-0.00012166987 0.038004684 -0.022900506)
(-7.257853e-05 0.028265379 -0.017460288)
(-3.6025507e-05 0.019325094 -0.012213104)
(-1.2604836e-05 0.011122054 -0.0071811309)
(-1.1113528e-06 0.0035970403 -0.0023790095)
(0.01770766 0.48759754 0.023303105)
(-0.0016491222 0.41367072 0.048808376)
(0.018076025 0.35390301 0.055561813)
(0.021768116 0.31365604 0.053355033)
(0.026259716 0.28919419 0.045809724)
(0.029554456 0.27568334 0.036146536)
(0.03132865 0.26925071 0.025759811)
(0.03194502 0.26731466 0.015182434)
(0.031706991 0.26826628 0.00462235)
(0.03081203 0.27107124 -0.0058067222)
(0.029399065 0.27496917 -0.015987859)
(0.02757618 0.27929975 -0.025769324)
(0.02543761 0.28341537 -0.03497817)
(0.023073051 0.28664063 -0.043443624)
(0.020571506 0.28827117 -0.051015063)
(0.018020506 0.28761928 -0.057567943)
(0.015504759 0.28410731 -0.063007971)
(0.01309979 0.27737597 -0.067266932)
(0.010868296 0.26736218 -0.070300918)
(0.008855148 0.25431357 -0.0720934)
(0.00708666 0.23873233 -0.072663212)
(0.0055781107 0.22127399 -0.072069821)
(0.0043053847 0.20263768 -0.070408202)
(0.0032678636 0.18347638 -0.067792371)
(0.0024355477 0.16434106 -0.064356155)
(0.0017806479 0.14565743 -0.060242247)
(0.0012751785 0.12772731 -0.055592382)
(0.00089240528 0.11074422 -0.050540775)
(0.00060815777 0.094815027 -0.045209765)
(0.00040146615 0.079981729 -0.039707348)
(0.00025468922 0.06624076 -0.034126255)
(0.00015335167 0.053558464 -0.028544136)
(8.5826426e-05 0.041882798 -0.023024489)
(4.2962621e-05 0.031151744 -0.017617998)
(1.7729405e-05 0.021299091 -0.012364057)
(4.8377172e-06 0.012258225 -0.0072922941)
(1.1907938e-07 0.0039644962 -0.0024240629)
(0.018152411 0.49239856 0.01973523)
(-0.00064300436 0.42709112 0.041721872)
(0.02094247 0.37279344 0.047855021)
(0.027469025 0.33463733 0.046380079)
(0.033994082 0.30998294 0.040183897)
(0.039199983 0.29516887 0.031981084)
(0.042578388 0.28710634 0.023023165)
(0.044423278 0.28357866 0.013802059)
(0.045045269 0.28307772 0.0045395284)
(0.044671893 0.284572 -0.0046326564)
(0.043473955 0.28728636 -0.013572418)
(0.041591002 0.29058463 -0.022125515)
(0.039155414 0.293902 -0.030138363)
(0.036298819 0.29668021 -0.037474148)
(0.033149332 0.29831832 -0.04402404)
(0.029828089 0.29816504 -0.049709557)
(0.02644781 0.29557217 -0.054474857)
(0.02311135 0.2900089 -0.058282502)
(0.019906302 0.28118469 -0.061107567)
(0.016902522 0.26912391 -0.06293254)
(0.014150815 0.25416436 -0.063756626)
(0.011682385 0.23688132 -0.063601827)
(0.00951008 0.21797375 -0.062517312)
(0.0076314524 0.19815238 -0.060576899)
(0.0060329282 0.17805618 -0.057873497)
(0.0046933861 0.15820597 -0.054513554)
(0.0035872866 0.13899025 -0.05060997)
(0.0026872234 0.12067324 -0.046275647)
(0.0019658321 0.10341447 -0.041618404)
(0.0013970847 0.087292185 -0.036737453)
(0.00095706891 0.072325478 -0.031721289)
(0.00062437079 0.05849314 -0.026646741)
(0.0003801815 0.045748306 -0.021578894)
(0.00020832107 0.034029296 -0.016571606)
(9.5333404e-05 0.023267211 -0.01166838)
(3.0297459e-05 0.013391032 -0.0069034)
(1.9726618e-06 0.0043308656 -0.0023026771)
(0.018835889 0.49789989 0.015600542)
(0.0012136041 0.44310295 0.033026267)
(0.025220886 0.39638915 0.037765756)
(0.035243641 0.36222353 0.03677964)
(0.044312555 0.33884716 0.031955365)
(0.05176436 0.32361579 0.025407504)
(0.056957354 0.3141987 0.018193141)
(0.060087437 0.30882792 0.010741685)
(0.06147637 0.30622942 0.003255957)
(0.061423715 0.30550849 -0.0041333553)
(0.060170849 0.30597103 -0.011278508)
(0.057920893 0.30708056 -0.018049314)
(0.054874183 0.30840094 -0.024330561)
(0.051228908 0.30952355 -0.030030979)
(0.047167372 0.30998734 -0.035077751)
(0.042856926 0.30923277 -0.039433895)
(0.038443026 0.30661391 -0.043089896)
(0.03405003 0.30148783 -0.046038722)
(0.029781701 0.29336301 -0.048273085)
(0.025721672 0.28203131 -0.04978444)
(0.021933906 0.26762581 -0.050566935)
(0.018463055 0.25058623 -0.050623966)
(0.015335522 0.231557 -0.049973973)
(0.012561493 0.21126298 -0.048653261)
(0.010137718 0.19040175 -0.046715512)
(0.0080505817 0.16957228 -0.044228611)
(0.0062790728 0.14924204 -0.041270028)
(0.0047974242 0.1297439 -0.03792188)
(0.003577317 0.11129105 -0.034266485)
(0.0025896167 0.094000063 -0.030382812)
(0.0018056567 0.077915075 -0.026343948)
(0.0011981071 0.063029398 -0.022215524)
(0.0007415223 0.049303038 -0.018054924)
(0.00041283438 0.036675941 -0.01391111)
(0.00019205752 0.025077492 -0.0098248661)
(6.2326884e-05 0.014432988 -0.0058292973)
(4.3887076e-06 0.0046678518 -0.0019505303)
(0.01985028 0.50365456 0.010344614)
(0.0045590534 0.46081823 0.021809635)
(0.031225582 0.42353608 0.024622426)
(0.045181444 0.39499269 0.023925436)
(0.056971482 0.37402334 0.020639968)
(0.066581022 0.35888459 0.016150511)
(0.073348116 0.34805025 0.011215897)
(0.077420764 0.34034 0.0061472894)
(0.079165902 0.33486847 0.0010983139)
(0.079001189 0.33101653 -0.0037976526)
(0.077272921 0.32827885 -0.0084644385)
(0.074275216 0.32628872 -0.012831165)
(0.070298967 0.32475464 -0.016831497)
(0.065616119 0.32339946 -0.020415549)
(0.060467531 0.32188408 -0.023554645)
(0.055059643 0.31973634 -0.026241994)
(0.049563207 0.31633091 -0.028482461)
(0.044116004 0.31095935 -0.030284982)
(0.038827923 0.30298074 -0.031655673)
(0.033785396 0.29198933 -0.032594973)
(0.029054547 0.27792307 -0.033099413)
(0.024683246 0.26107162 -0.03316632)
(0.020702656 0.24199497 -0.032798991)
(0.017128832 0.22139677 -0.032010421)
(0.013964622 0.19999988 -0.030824726)
(0.011201833 0.17845428 -0.029276422)
(0.0088235106 0.15728639 -0.027408221)
(0.0068061902 0.13688405 -0.025268151)
(0.0051219741 0.11750557 -0.022906614)
(0.003740362 0.099300916 -0.020373797)
(0.0026297711 0.082336762 -0.017717641)
(0.0017587099 0.066620044 -0.014982395)
(0.001096658 0.052117682 -0.012207713)
(0.00061498022 0.038771857 -0.009428209)
(0.00028821424 0.026511131 -0.0066733452)
(9.4413361e-05 0.015258152 -0.0039675595)
(6.8696836e-06 0.0049347224 -0.001330579)
(0.02072588 0.50777493 0.0036049093)
(0.0077348084 0.47409819 0.0075069172)
(0.036450266 0.44435324 0.008176286)
(0.05336677 0.42051283 0.0076580114)
(0.067098084 0.40162195 0.0062329095)
(0.078058097 0.38657385 0.0044061103)
(0.085668143 0.37449874 0.00247225)
(0.090096809 0.3647358 0.00055031064)
(0.091851542 0.35677431 -0.00130489)
(0.09138657 0.35023462 -0.0030445758)
(0.089084033 0.34481468 -0.0046504094)
(0.0853548 0.34028299 -0.0061100534)
(0.080571016 0.33644257 -0.0074133447)
(0.075055073 0.33308793 -0.0085527907)
(0.069080646 0.32993834 -0.0095267926)
(0.062874416 0.32656387 -0.010339866)
(0.056618434 0.32235114 -0.010999967)
(0.050455095 0.31655783 -0.011515081)
(0.044493966 0.30846003 -0.011890623)
(0.03881858 0.2975352 -0.012128383)
(0.03349176 0.28359831 -0.012227228)
(0.028559102 0.26683693 -0.012185027)
(0.02405111 0.24774555 -0.012000916)
(0.019984701 0.22700101 -0.011677081)
(0.016364599 0.20533017 -0.011219667)
(0.013184869 0.18340594 -0.010638795)
(0.010430615 0.16178556 -0.0099479191)
(0.0080798006 0.14088764 -0.0091628343)
(0.0061050707 0.1209967 -0.0083005976)
(0.004475502 0.10228271 -0.0073785339)
(0.0031581646 0.084826202 -0.0064134276)
(0.0021194152 0.068642702 -0.0054209289)
(0.0013259454 0.053703693 -0.0044151657)
(0.00074593919 0.039953048 -0.0034085317)
(0.00035074394 0.027319128 -0.0024116095)
(0.00011537682 0.015723218 -0.001433195)
(8.5277867e-06 0.0050851321 -0.0004803916)
(0.020788055 0.50807814 -0.0039467893)
(0.0079258773 0.47489311 -0.0084527221)
(0.036686719 0.44533407 -0.009958953)
(0.053637174 0.42141168 -0.010311832)
(0.067344234 0.40228631 -0.0096794269)
(0.078251079 0.38694961 -0.0084969142)
(0.085798814 0.37459516 -0.0070358558)
(0.090166632 0.36459648 -0.0054176139)
(0.091844696 0.35646235 -0.0037130027)
(0.091316867 0.34980536 -0.0019955346)
(0.088996331 0.34431995 -0.0002930366)
(0.085258673 0.33976197 0.0013509155)
(0.080467104 0.33592485 0.0029000058)
(0.074948002 0.33259407 0.0043253027)
(0.068975488 0.32948058 0.0056066844)
(0.062774682 0.32614769 0.0067331475)
(0.056526255 0.32197737 0.0077011522)
(0.050371581 0.31622482 0.0085113825)
(0.044419488 0.30816528 0.0091655968)
(0.03875301 0.29727628 0.0096647938)
(0.033434655 0.28337309 0.010008897)
(0.028509843 0.26664337 0.010197635)
(0.024009004 0.2475814 0.010231939)
(0.019949044 0.22686371 0.01011521)
(0.016334715 0.20521682 0.0098540439)
(0.013160128 0.18331348 0.009458331)
(0.010410436 0.16171094 0.0089408451)
(0.0080636417 0.14082797 0.0083165147)
(0.0060924257 0.1209494 0.0076015726)
(0.0044658913 0.10224555 0.0068127273)
(0.0031511305 0.084797323 0.0059664452)
(0.0021145195 0.068620595 0.0050783858)
(0.0013227706 0.053687165 0.0041629983)
(0.00074409001 0.039941177 0.0032332667)
(0.0003498382 0.027311211 0.0023005751)
(0.00011507159 0.015718732 0.0013746547)
(8.500503e-06 0.0050836915 0.00046362868)
(0.019968821 0.50436082 -0.010825958)
(0.0048779736 0.46255947 -0.022957894)
(0.0316178 0.42557505 -0.026503506)
(0.045620152 0.39673799 -0.026607514)
(0.057356932 0.37517486 -0.024045117)
(0.066857222 0.35935873 -0.0201428)
(0.073487749 0.34789179 -0.015646588)
(0.077419559 0.3396587 -0.010873472)
(0.07906887 0.33380462 -0.0059884763)
(0.078828488 0.32967379 -0.0011164333)
(0.077029566 0.32678172 0.0036252375)
(0.073975933 0.32474146 0.0081432303)
(0.069972636 0.32323449 0.012356791)
(0.065285909 0.32195834 0.016198508)
(0.060147991 0.3205517 0.019622112)
(0.054759152 0.31852474 0.022603935)
(0.049286831 0.31524042 0.0251381)
(0.043866497 0.30998447 0.027225642)
(0.038606027 0.30211445 0.028868289)
(0.033590475 0.29122529 0.030065003)
(0.02888513 0.27725581 0.030812747)
(0.024537403 0.26049582 0.031110137)
(0.020578265 0.24150461 0.030961789)
(0.017023753 0.22098472 0.030381541)
(0.013876801 0.19965801 0.029393715)
(0.011129347 0.17817387 0.028032484)
(0.008764577 0.15705872 0.026339875)
(0.0067591533 0.13670088 0.024363123)
(0.0050852859 0.11735944 0.02215192)
(0.0037125642 0.099185394 0.019755963)
(0.002609483 0.082246448 0.017222985)
(0.0017446226 0.066550536 0.014597319)
(0.0010875378 0.052065477 0.01191898)
(0.00060966692 0.03873422 0.0092231696)
(0.00028562108 0.026485964 0.0065401145)
(9.3518027e-05 0.015243868 0.0038951249)
(6.791794e-06 0.0049301315 0.0013088685)
(0.018891313 0.49865123 -0.016185709)
(0.0013035366 0.44478095 -0.034317728)
(0.025354463 0.39813761 -0.03969345)
(0.035374498 0.36345883 -0.039451602)
(0.044414053 0.33932747 -0.035281379)
(0.051795557 0.32332212 -0.029256494)
(0.056890805 0.31322586 -0.022431272)
(0.059915044 0.30731603 -0.015244987)
(0.061220046 0.30432759 -0.0079140488)
(0.06107753 0.30333027 -0.00059100185)
(0.059749829 0.30365782 0.0065702814)
(0.057455375 0.30474613 0.013440045)
(0.054393688 0.30613103 0.019887419)
(0.050753891 0.30737546 0.025801155)
(0.046713754 0.30799552 0.031098878)
(0.042433102 0.30741028 0.035724107)
(0.038054655 0.30495955 0.039650429)
(0.033700079 0.29999642 0.042867399)
(0.029470707 0.29202835 0.045362313)
(0.02544859 0.2808479 0.047124134)
(0.02169668 0.26658844 0.048146501)
(0.018259049 0.24968863 0.048433245)
(0.015161832 0.23079083 0.04800339)
(0.012415148 0.21061764 0.046893485)
(0.010015812 0.18986479 0.045157019)
(0.0079503549 0.16913033 0.042861342)
(0.0061979395 0.14888175 0.040083216)
(0.0047329718 0.12945266 0.03690406)
(0.0035272906 0.11105755 0.033405632)
(0.0025519026 0.093814527 0.029666566)
(0.0017782709 0.0777693 0.025759872)
(0.0011791892 0.062916691 0.021751344)
(0.0007293392 0.049218049 0.017698744)
(0.00040577863 0.036614471 0.013651585)
(0.00018862983 0.025036291 0.0096513204)
(6.1163339e-05 0.014409567 0.0057318079)
(4.2886049e-06 0.0046603192 0.0019199706)
(0.018100573 0.49303651 -0.020289564)
(-0.00090572004 0.42840788 -0.042985006)
(0.02080318 0.37394066 -0.049786379)
(0.02728816 0.33512717 -0.049048092)
(0.033835835 0.30965488 -0.04347457)
(0.039032849 0.29407891 -0.035757218)
(0.042372865 0.28539764 -0.027157029)
(0.044162973 0.28140805 -0.018186006)
(0.044728902 0.28058745 -0.0090829953)
(0.044288229 0.28187585 4.5098622e-06)
(0.043035626 0.28450163 0.0089394494)
(0.041123757 0.28780693 0.017560602)
(0.038679482 0.29120574 0.02570324)
(0.035829542 0.29411724 0.033217838)
(0.03269886 0.29591979 0.039982587)
(0.029406399 0.29594587 0.045906687)
(0.026060797 0.29353748 0.050921231)
(0.022762097 0.28815996 0.054980628)
(0.019595826 0.27952175 0.05805458)
(0.016630231 0.26764638 0.060122608)
(0.013914977 0.25286946 0.061182558)
(0.011480591 0.23576275 0.061255897)
(0.0093394087 0.21702114 0.060392196)
(0.0074886438 0.19735173 0.058665372)
(0.0059147517 0.17739109 0.056167529)
(0.0045968236 0.15765904 0.053004202)
(0.0035095726 0.13854439 0.049287448)
(0.0026258251 0.12031258 0.045129476)
(0.0019184215 0.10312493 0.040637629)
(0.0013615144 0.087061706 0.035910886)
(0.00093135485 0.07214403 0.031037738)
(0.00060668041 0.058352567 0.026095218)
(0.00036883156 0.045642105 0.021148775)
(0.00020176824 0.03395236 0.016252755)
(9.2165572e-05 0.02321558 0.011451222)
(2.9217781e-05 0.013361657 0.0067789775)
(1.883025e-06 0.0043214151 0.0022626716)
(0.017633009 0.48818347 -0.023733102)
(-0.001999882 0.41486403 -0.049957907)
(0.017832347 0.3547806 -0.0575131)
(0.021487249 0.31372756 -0.056057064)
(0.026037809 0.28835379 -0.04912188)
(0.029362862 0.27406478 -0.039918188)
(0.031139182 0.26705702 -0.029860004)
(0.031736368 0.26473063 -0.019509513)
(0.031466145 0.26543598 -0.0090972857)
(0.030532215 0.26810272 0.001249062)
(0.029084633 0.27195166 0.011415466)
(0.027238486 0.27630648 0.021243269)
(0.025089297 0.28050464 0.030553577)
(0.022726181 0.28385588 0.03916788)
(0.020236748 0.28564272 0.046925846)
(0.017706274 0.28516739 0.053690953)
(0.015216802 0.28184624 0.059357777)
(0.012841415 0.27531679 0.063850017)
(0.010640669 0.26551301 0.067118127)
(0.0086578312 0.25267822 0.069144075)
(0.0069178087 0.2373088 0.069944193)
(0.0054394815 0.22005386 0.069577332)
(0.0041869557 0.20160677 0.068141228)
(0.0031700666 0.18261631 0.065745261)
(0.0023555188 0.16363126 0.062521337)
(0.0017157799 0.14507694 0.058611065)
(0.0012233111 0.12725619 0.054155358)
(0.00085166119 0.11036445 0.049287828)
(0.00057685375 0.094510922 0.044130446)
(0.00037808215 0.079740091 0.038791092)
(0.0002378488 0.066050749 0.033362586)
(0.0001418054 0.053411358 0.027922836)
(7.8441818e-05 0.041771699 0.022535718)
(3.8714141e-05 0.03107127 0.017252374)
(1.5678803e-05 0.021245085 0.012112698)
(4.1486207e-06 0.012227498 0.0071468491)
(6.1523347e-08 0.0039546103 0.0023767208)
(0.0172985 0.48387567 -0.026837886)
(-0.0027221931 0.40307029 -0.055747438)
(0.01550066 0.33876748 -0.063333215)
(0.016812912 0.29686055 -0.060991108)
(0.019846583 0.27275977 -0.052711167)
(0.021696041 0.26055766 -0.042171068)
(0.022260319 0.25561281 -0.030866317)
(0.021924955 0.25496419 -0.019393484)
(0.020969374 0.25689585 -0.0079764813)
(0.019579736 0.26038767 0.003285826)
(0.017890198 0.26471065 0.014295428)
(0.016004144 0.2692049 0.024907699)
(0.014004644 0.27317715 0.034937917)
(0.011964177 0.27589123 0.044185204)
(0.0099503198 0.27661804 0.052456076)
(0.0080265139 0.27472582 0.059580655)
(0.0062492518 0.26978409 0.065423294)
(0.0046644428 0.26164303 0.069891031)
(0.0033015402 0.25045669 0.072937939)
(0.0021658919 0.23664189 0.074572632)
(0.0013025171 0.22078968 0.074867927)
(0.00061388609 0.20356169 0.073912155)
(0.0001266938 0.18559887 0.071823852)
(-0.00018167169 0.16745992 0.068768178)
(-0.00037146467 0.14959068 0.064913358)
(-0.00046282533 0.13231876 0.060426008)
(-0.00048303913 0.11586462 0.055462934)
(-0.0004558182 0.10036026 0.050165978)
(-0.00039997497 0.085869612 0.044659272)
(-0.00032986925 0.072407379 0.039048366)
(-0.00025606848 0.059954627 0.033420718)
(-0.00018596513 0.048470905 0.027847047)
(-0.00012437649 0.037903151 0.022383148)
(-7.4151512e-05 0.028191974 0.017071869)
(-3.6788899e-05 0.019275894 0.011945066)
(-1.2869039e-05 0.011094083 0.007025422)
(-1.1322492e-06 0.003588044 0.0023280783)
(0.01694696 0.47982935 -0.02966062)
(-0.0034544178 0.39216682 -0.060462944)
(0.013319393 0.32454478 -0.067511353)
(0.012591067 0.28276036 -0.064236353)
(0.014500481 0.26071108 -0.054671313)
(0.015186665 0.25107807 -0.042958585)
(0.014852371 0.24839944 -0.030598528)
(0.013850349 0.2494087 -0.018201611)
(0.01241387 0.25236218 -0.0059880029)
(0.010707372 0.25630528 0.0059543547)
(0.0088566864 0.26057291 0.01753628)
(0.0069621328 0.26453801 0.028616529)
(0.0051043727 0.26752077 0.039003477)
(0.0033504419 0.26881462 0.0484798)
(0.0017569824 0.26777349 0.056831293)
(0.00036997506 0.26391916 0.063871566)
(-0.00077678534 0.25702866 0.069460838)
(-0.001667213 0.24717092 0.073518636)
(-0.0022908906 0.23468063 0.076028427)
(-0.0026783206 0.22008247 0.077031497)
(-0.0028847882 0.20399372 0.076607531)
(-0.0028801636 0.18703323 0.074934178)
(-0.0027406276 0.16975519 0.072188245)
(-0.0025175697 0.15261298 0.068552501)
(-0.0022353081 0.13594882 0.064214843)
(-0.0019236868 0.12000048 0.059350436)
(-0.0016068803 0.10491717 0.054117092)
(-0.0013024372 0.090778538 0.048652)
(-0.0010223233 0.077612737 0.043070738)
(-0.00077401698 0.065411991 0.037468005)
(-0.00056144979 0.054144846 0.031919401)
(-0.00038584444 0.04376538 0.026483715)
(-0.00024645176 0.03421979 0.021205367)
(-0.00014123685 0.025450942 0.016116766)
(-6.7587838e-05 0.017401369 0.011240472)
(-2.2699119e-05 0.010015163 0.0065910783)
(-1.7907369e-06 0.0032391019 0.0021768412)
(0.016526039 0.47590539 -0.032162211)
(-0.0042988129 0.38181897 -0.064066758)
(0.011126153 0.31153366 -0.070262763)
(0.0085650978 0.27054405 -0.066102371)
(0.0096842756 0.25096354 -0.055330094)
(0.0094109909 0.24405323 -0.042624819)
(0.0084126273 0.24359786 -0.029392909)
(0.006950821 0.246096 -0.016247162)
(0.0052085471 0.24980918 -0.0034109627)
(0.0033302665 0.25385193 0.0090212466)
(0.0014352597 0.2576239 0.020954431)
(-0.00037784291 0.26054882 0.032238964)
(-0.0020287795 0.26200788 0.042671714)
(-0.0034549653 0.2613976 0.05202427)
(-0.0046103708 0.25823331 0.06007695)
(-0.0054665862 0.25224534 0.066648845)
(-0.0060151798 0.2434311 0.071620122)
(-0.0062760616 0.23204678 0.074944143)
(-0.0062821709 0.21854655 0.076645982)
(-0.0060236602 0.20349405 0.076840282)
(-0.0056335719 0.18747458 0.075690716)
(-0.0051287303 0.17102717 0.073360307)
(-0.0045483272 0.15460434 0.070061213)
(-0.0039409688 0.1385559 0.065999351)
(-0.0033383161 0.12313137 0.061365844)
(-0.0027643754 0.10849311 0.056332092)
(-0.0022359889 0.094733454 0.051046188)
(-0.0017635785 0.081892001 0.045631915)
(-0.0013523241 0.069970774 0.040189726)
(-0.0010034156 0.058946467 0.034798925)
(-0.00071516942 0.048779795 0.029520401)
(-0.00048394768 0.039422293 0.024399484)
(-0.00030488888 0.030821077 0.019468667)
(-0.00017255142 0.022922055 0.014750063)
(-8.1576295e-05 0.015671994 0.010257526)
(-2.7008103e-05 0.0090197894 0.0059984338)
(-2.0350253e-06 0.0029171781 0.0019751617)
(0.016077218 0.47205844 -0.034267852)
(-0.0051780544 0.37193143 -0.066482998)
(0.0088558529 0.29947416 -0.071822485)
(0.0046677801 0.25968952 -0.066780177)
(0.0052956433 0.24269955 -0.054943543)
(0.0041651738 0.23841876 -0.041424563)
(0.0026769812 0.23995851 -0.027498363)
(0.00091264174 0.24365285 -0.013774405)
(-0.00099407486 0.24779737 -0.00048795772)
(-0.0029137467 0.25157931 0.012249645)
(-0.0047304678 0.25447152 0.024320981)
(-0.0063512302 0.25597626 0.035558406)
(-0.0077010243 0.25558881 0.04574873)
(-0.0087267151 0.25286949 0.054664621)
(-0.0093997394 0.24753992 0.062102092)
(-0.0097175369 0.23954963 0.067912724)
(-0.0097027675 0.22908764 0.072024566)
(-0.0093975363 0.2165401 0.074449676)
(-0.0088409576 0.20241489 0.075280706)
(-0.0081552817 0.18725966 0.07467516)
(-0.0073227379 0.17159273 0.07282066)
(-0.0064449831 0.15585906 0.069934363)
(-0.0055594249 0.14041018 0.066230829)
(-0.0047027224 0.12550294 0.061914286)
(-0.0039014548 0.11130952 0.057167581)
(-0.0031728131 0.097932631 0.052147924)
(-0.0025262527 0.085421635 0.046985936)
(-0.0019652357 0.073787208 0.041786858)
(-0.0014888032 0.063013413 0.036633054)
(-0.0010929274 0.05306709 0.031587107)
(-0.00077161379 0.043904786 0.026695038)
(-0.00051774624 0.035477684 0.021989347)
(-0.00032371363 0.027734969 0.017491719)
(-0.00018193896 0.020626049 0.013215344)
(-8.5446212e-05 0.01410195 0.009166851)
(-2.8067557e-05 0.0081161293 0.0053478693)
(-2.0704431e-06 0.0026249161 0.001756295)
(0.015670992 0.46827675 -0.03589603)
(-0.0060433465 0.36249171 -0.067697305)
(0.0066318378 0.28821465 -0.072478611)
(0.00094398137 0.2498093 -0.066256878)
(0.0012777809 0.23529269 -0.05372843)
(-0.00063189568 0.23337787 -0.039555352)
(-0.0024778306 0.23656715 -0.025107364)
(-0.0044261738 0.24109416 -0.010979634)
(-0.006377948 0.24531159 0.0025755647)
(-0.008219102 0.24849195 0.015420014)
(-0.0098450029 0.25019964 0.027406895)
(-0.011170584 0.25005174 0.038349995)
(-0.01213427 0.24770126 0.048034825)
(-0.012702377 0.24290667 0.056252829)
(-0.012871613 0.2356038 0.062839124)
(-0.012667938 0.22593605 0.067701314)
(-0.01214148 0.2142327 0.070833424)
(-0.011358013 0.20094914 0.072314073)
(-0.010389126 0.18659308 0.072291549)
(-0.0093099716 0.17165833 0.070958174)
(-0.0081816301 0.15657868 0.06853354)
(-0.0070601263 0.14170437 0.065244454)
(-0.005985786 0.12729691 0.061303731)
(-0.0049873399 0.11353617 0.056902721)
(-0.0040828736 0.1005336 0.052206076)
(-0.0032816009 0.088347155 0.047350301)
(-0.0025859042 0.076995307 0.042444908)
(-0.0019932393 0.066468893 0.037575096)
(-0.0014977446 0.056740461 0.032805123)
(-0.0010915251 0.047771283 0.028181813)
(-0.00076562619 0.039516413 0.023737859)
(-0.00051072941 0.031928188 0.019494751)
(-0.00031763267 0.024958577 0.015465268)
(-0.00017764526 0.018560689 0.011655529)
(-8.3025499e-05 0.012689686 0.0080666581)
(-2.711776e-05 0.0073032917 0.0046960947)
(-1.9618675e-06 0.0023620279 0.0015386252)
(0.015377138 0.46459022 -0.037008352)
(-0.0069683588 0.35354594 -0.067823575)
(0.0046135043 0.2776273 -0.072512122)
(-0.0025588764 0.2405495 -0.064559969)
(-0.0025552105 0.22824858 -0.05179013)
(-0.0049642859 0.22830484 -0.037165675)
(-0.0070834543 0.23273855 -0.022373533)
(-0.0091154962 0.23771708 -0.0080276871)
(-0.011009732 0.24166786 0.0055999258)
(-0.012668839 0.24396669 0.018336809)
(-0.01400346 0.24429514 0.030010449)
(-0.014946682 0.24241848 0.040425145)
(-0.015460038 0.23817377 0.049380802)
(-0.015537536 0.23152288 0.056707844)
(-0.01520574 0.22259286 0.062300134)
(-0.014518888 0.21167393 0.066134912)
(-0.013550177 0.19917783 0.068275952)
(-0.012381424 0.18557574 0.068861862)
(-0.011093497 0.17133703 0.068084864)
(-0.0097591811 0.15688301 0.066166374)
(-0.0084388103 0.14256083 0.063336055)
(-0.0071781945 0.12863511 0.059814272)
(-0.0060090683 0.11529228 0.055799723)
(-0.0049508555 0.10265167 0.051463579)
(-0.0040129633 0.090779229 0.04694769)
(-0.0031971623 0.079700783 0.042365645)
(-0.0024997749 0.069413624 0.037805535)
(-0.00191352 0.059895773 0.033333503)
(-0.001428973 0.051113059 0.028997481)
(-0.0010356612 0.043024275 0.024830703)
(-0.0007228453 0.035584815 0.020854825)
(-0.00048003831 0.028749138 0.017082567)
(-0.00029733391 0.022472382 0.013519881)
(-0.00016566892 0.016711371 0.010167687)
(-7.7148659e-05 0.011425196 0.0070232414)
(-2.5086483e-05 0.0065755135 0.0040812043)
(-1.7931216e-06 0.0021266496 0.0013344484)
(0.015183061 0.4609336 -0.037581112)
(-0.0082807003 0.34490722 -0.067018981)
(0.0025172006 0.26741146 -0.071436765)
(-0.0055867914 0.23152582 -0.062167857)
(-0.0063229248 0.22114311 -0.04920296)
(-0.0088682179 0.22273929 -0.034361604)
(-0.011133552 0.22799439 -0.019428766)
(-0.013159083 0.23305825 -0.0050695379)
(-0.014900698 0.23645509 0.0084156536)
(-0.016285275 0.23768329 0.020823442)
(-0.017247862 0.23656469 0.031963144)
(-0.017748908 0.23303226 0.041644852)
(-0.017780962 0.22711062 0.049701572)
(-0.017370401 0.21894461 0.056020121)
(-0.016573767 0.20881001 0.060564658)
(-0.015469264 0.1970899 0.06338486)
(-0.014145765 0.18422678 0.064608191)
(-0.012692079 0.17066897 0.064420793)
(-0.011188529 0.15682646 0.063043416)
(-0.0097017223 0.14304344 0.060708168)
(-0.008282423 0.12958752 0.057639787)
(-0.0069657431 0.11665145 0.054042716)
(-0.0057730075 0.10436233 0.050093897)
(-0.0047143322 0.092793992 0.045940293)
(-0.0037913369 0.081979607 0.041699655)
(-0.0029996258 0.071922894 0.037463255)
(-0.0023308682 0.062607333 0.033299532)
(-0.0017744355 0.054003284 0.029257981)
(-0.0013186187 0.046073261 0.025372848)
(-0.00095149096 0.038775683 0.021666407)
(-0.00066148081 0.03206747 0.018151731)
(-0.00043772138 0.025905766 0.014834973)
(-0.0002702422 0.020249026 0.011717172)
(-0.00015012072 0.015057685 0.0087956847)
(-6.9699845e-05 0.010294509 0.0060652714)
(-2.2586724e-05 0.005924752 0.003518939)
(-1.5956511e-06 0.0019161801 0.0011485657)
(0.015089319 0.45737564 -0.037549934)
(-0.0097990976 0.33666523 -0.065443415)
(0.0002201528 0.25771079 -0.0692356)
(-0.0082069548 0.22264989 -0.059450745)
(-0.009722902 0.21368467 -0.046152335)
(-0.01232161 0.21635317 -0.031272283)
(-0.014614647 0.22201859 -0.016413583)
(-0.016536021 0.22685112 -0.0022544135)
(-0.018037914 0.22948848 0.010871917)
(-0.019073718 0.22956562 0.022737688)
(-0.019610531 0.22705707 0.033149253)
(-0.019643266 0.22206498 0.04194089)
(-0.019199654 0.21478384 0.048995401)
(-0.018338357 0.20550395 0.054266605)
(-0.017141497 0.19460036 0.057790795)
(-0.015703731 0.18249958 0.059683018)
(-0.014120812 0.16963596 0.060120694)
(-0.012480174 0.15641189 0.059320507)
(-0.010854814 0.14317064 0.05751466)
(-0.0093006103 0.13018399 0.054930878)
(-0.0078563978 0.11765186 0.051778213)
(-0.0065458496 0.10570974 0.048238797)
(-0.0053802592 0.094439899 0.0444646)
(-0.0043615259 0.083883254 0.040577765)
(-0.0034849119 0.074050289 0.03667316)
(-0.0027413583 0.064930191 0.032822034)
(-0.0021193035 0.056498033 0.029075998)
(-0.0016060306 0.048720165 0.025470847)
(-0.0011886142 0.041558114 0.022029974)
(-0.00085454799 0.034971305 0.018767267)
(-0.00059212901 0.028918904 0.015689475)
(-0.00039065946 0.02336101 0.012798112)
(-0.00024052879 0.018259394 0.010090923)
(-0.00013327496 0.013577923 0.007563024)
(-6.1726713e-05 0.0092827657 0.0052077618)
(-1.9940126e-05 0.0053424525 0.0030173537)
(-1.3967527e-06 0.0017278525 0.00098336577)
(0.015056562 0.45396612 -0.036913436)
(-0.011369209 0.32876973 -0.063217246)
(-0.001891405 0.24831426 -0.066169925)
(-0.01050114 0.21362123 -0.056259538)
(-0.01263867 0.20564294 -0.042791775)
(-0.015275236 0.20893155 -0.028046556)
(-0.017502262 0.21464148 -0.013464197)
(-0.019228729 0.21899964 0.00028522994)
(-0.020418453 0.22076775 0.012846583)
(-0.021056092 0.21972102 0.023982957)
(-0.021145026 0.2159845 0.033515554)
(-0.020718084 0.20981353 0.041319447)
(-0.01983782 0.20153977 0.047337882)
(-0.018590642 0.19155451 0.05159351)
(-0.017076676 0.18028564 0.05418755)
(-0.015398219 0.16816453 0.055286328)
(-0.01364964 0.15559261 0.055099758)
(-0.011910469 0.14291637 0.053857711)
(-0.010242102 0.13041441 0.051789155)
(-0.0086875745 0.11829575 0.049106715)
(-0.0072734165 0.10670576 0.045997261)
(-0.0060125903 0.095736298 0.042617767)
(-0.0049077157 0.085436959 0.039095073)
(-0.003954088 0.075825708 0.035528145)
(-0.0031422296 0.066897988 0.031991626)
(-0.002459898 0.058633988 0.028539846)
(-0.0018935713 0.051004192 0.025210735)
(-0.0014294896 0.043973438 0.022029343)
(-0.0010543424 0.037503798 0.019010849)
(-0.00075568781 0.031556554 0.016163024)
(-0.00052217803 0.026093503 0.013488206)
(-0.00034364449 0.02107779 0.010984833)
(-0.00021109654 0.016474399 0.0086486274)
(-0.00011671871 0.012250417 0.006473482)
(-5.3943613e-05 0.0083751398 0.0044521236)
(-1.7386267e-05 0.0048200796 0.0025766037)
(-1.2073844e-06 0.0015589064 0.00083865371)
(0.015065374 0.45076173 -0.035725262)
(-0.012784852 0.32121934 -0.060347421)
(-0.0037529009 0.23910943 -0.06247533)
(-0.012493852 0.20440781 -0.052606291)
(-0.015069654 0.1969081 -0.039224581)
(-0.017707355 0.2003749 -0.024809638)
(-0.019790157 0.20582067 -0.010701846)
(-0.021249868 0.20954339 0.0024404746)
(-0.022077498 0.21042561 0.014255246)
(-0.02229437 0.20837299 0.024514626)
(-0.021943497 0.20364405 0.033071132)
(-0.021094808 0.19661806 0.039851745)
(-0.019840947 0.18772418 0.044862822)
(-0.018288404 0.17741174 0.048189422)
(-0.016546437 0.16612385 0.049984074)
(-0.014716704 0.15427082 0.050447057)
(-0.012885739 0.14220871 0.049803329)
(-0.011121051 0.13022739 0.04828113)
(-0.0094705389 0.11854811 0.046095405)
(-0.0079642378 0.10732852 0.043437166)
(-0.0066173582 0.096671947 0.040468308)
(-0.0054337318 0.086638121 0.037320639)
(-0.0044090857 0.077253653 0.034097703)
(-0.0035338363 0.068521127 0.030878126)
(-0.0027952986 0.060426524 0.027719572)
(-0.0021793264 0.052944956 0.024662703)
(-0.001671461 0.046044938 0.021734775)
(-0.0012576895 0.039691447 0.018952746)
(-0.00092490627 0.033848063 0.016325837)
(-0.00066116241 0.028478408 0.013857572)
(-0.00045576665 0.023547082 0.011547393)
(-0.00029928418 0.019020242 0.00939188)
(-0.00018347713 0.014865931 0.0073856816)
(-0.00010125569 0.01105423 0.0055222055)
(-4.6712167e-05 0.0075573083 0.003794125)
(-1.5018171e-05 0.0043493882 0.0021937508)
(-1.0364053e-06 0.001406675 0.00071329437)
(0.015159623 0.4477762 -0.034109156)
(-0.01378825 0.31401138 -0.056835041)
(-0.0053679357 0.23004847 -0.058293773)
(-0.014197797 0.19493841 -0.048580265)
(-0.017065673 0.18742412 -0.035538313)
(-0.019647484 0.19066848 -0.021664034)
(-0.021519895 0.19560571 -0.0082264492)
(-0.022660353 0.19860927 0.004130916)
(-0.023098855 0.19866627 0.015053472)
(-0.022897623 0.19579022 0.02433678)
(-0.022139254 0.1903437 0.031876085)
(-0.020926211 0.18279336 0.037654132)
(-0.019373613 0.17362605 0.041735399)
(-0.017599132 0.16331296 0.044254925)
(-0.01571279 0.1522858 0.045399899)
(-0.01380908 0.14091915 0.045387312)
(-0.011962571 0.12952036 0.044442257)
(-0.010226928 0.11832749 0.042780351)
(-0.0086365177 0.10751393 0.040595816)
(-0.0072095088 0.097197101 0.038055136)
(-0.0059515204 0.087449002 0.035295182)
(-0.0048591571 0.078306507 0.032424443)
(-0.0039230611 0.069780615 0.029526046)
(-0.0031303441 0.061864064 0.026661565)
(-0.0024664018 0.054537334 0.023874965)
(-0.0019161903 0.047773158 0.021196247)
(-0.0014650694 0.04153982 0.018644634)
(-0.0010993185 0.035803488 0.016231212)
(-0.00080641656 0.03052982 0.013961061)
(-0.00057515957 0.025685024 0.011834927)
(-0.00039567044 0.021236536 0.0098505034)
(-0.00025933735 0.017153431 0.0080034042)
(-0.00015871569 0.013406631 0.0062878875)
(-8.7451595e-05 0.0099689988 0.004697387)
(-4.0279016e-05 0.006815342 0.0032248981)
(-1.292832e-05 0.0039223603 0.0018632571)
(-8.8632897e-07 0.0012685651 0.00060533692)
(0.015232473 0.44485052 -0.032161574)
(-0.014494703 0.30694657 -0.052788094)
(-0.00682197 0.22104477 -0.053678554)
(-0.01566475 0.18518225 -0.044275336)
(-0.018709089 0.17719368 -0.03181683)
(-0.021174254 0.17985925 -0.018696176)
(-0.022783499 0.18409844 -0.0061133246)
(-0.023571202 0.18635815 0.0053088491)
(-0.023614081 0.18570303 0.015234417)
(-0.023016869 0.18222057 0.023491764)
(-0.021898061 0.17633988 0.030023092)
(-0.020385611 0.16857626 0.034863351)
(-0.018608455 0.15943887 0.038124265)
(-0.016687063 0.14939339 0.039975317)
(-0.014725563 0.1388435 0.040621647)
(-0.012807022 0.12812208 0.04028208)
(-0.010992148 0.11749003 0.039170614)
(-0.0093207274 0.10714104 0.037483214)
(-0.007814786 0.097210216 0.03539017)
(-0.0064824327 0.087784576 0.033033171)
(-0.0053216716 0.078913446 0.030525767)
(-0.0043237385 0.070617935 0.027955918)
(-0.003475787 0.062898859 0.025389564)
(-0.0027629065 0.055743062 0.022874462)
(-0.0021695522 0.049128261 0.020443839)
(-0.0016804945 0.043026618 0.018119629)
(-0.0012814054 0.037407318 0.015915185)
(-0.00095918082 0.032238368 0.013837484)
(-0.00070208137 0.027487819 0.011888874)
(-0.00049975356 0.023124567 0.010068408)
(-0.00034317585 0.019118848 0.0083728729)
(-0.00022455776 0.015442527 0.0067975485)
(-0.0001372194 0.01206924 0.0053367681)
(-7.5496747e-05 0.0089744386 0.0039843286)
(-3.4724362e-05 0.0061353693 0.0027337836)
(-1.1122489e-05 0.0035310116 0.0015786523)
(-7.5892913e-07 0.0011419943 0.00051256515)
(0.015201667 0.44197938 -0.029877454)
(-0.015014509 0.30001033 -0.048283889)
(-0.0081790544 0.21208391 -0.048679902)
(-0.01696505 0.17516892 -0.039778671)
(-0.020096989 0.16627382 -0.028137278)
(-0.022396533 0.16803675 -0.015974024)
(-0.0237086 0.17142092 -0.0044113926)
(-0.024130345 0.17294215 0.0059567271)
(-0.023788812 0.17170906 0.014820638)
(-0.022830003 0.16784158 0.022045234)
(-0.021402737 0.16179372 0.02761679)
(-0.019652694 0.1540921 0.031612891)
(-0.017714627 0.14523878 0.034178165)
(-0.015705172 0.13567468 0.035500512)
(-0.01371817 0.12576647 0.03578827)
(-0.011823217 0.11580481 0.035250618)
(-0.010067031 0.10600922 0.034083005)
(-0.0084766781 0.096536899 0.032458099)
(-0.0070636554 0.087493318 0.030521626)
(-0.00582801 0.078942999 0.028391898)
(-0.004762004 0.070919307 0.026161736)
(-0.0038530991 0.06343281 0.02390166)
(-0.0030862225 0.056478025 0.021663542)
(-0.0024453835 0.050038653 0.019484199)
(-0.0019147608 0.044091504 0.017388633)
(-0.0014793796 0.038609372 0.015392804)
(-0.0011254928 0.033563071 0.013505893)
(-0.00084075588 0.028922843 0.011732111)
(-0.00061426568 0.024659314 0.010072105)
(-0.00043651475 0.020744097 0.0085240289)
(-0.0002992947 0.017150171 0.0070843484)
(-0.00019557182 0.013852083 0.0057484356)
(-0.00011935427 0.010826043 0.004511005)
(-6.5590125e-05 0.0080499383 0.0033664267)
(-3.0130438e-05 0.0055032994 0.0023089501)
(-9.6410182e-06 0.0031672332 0.0013328615)
(-6.5407165e-07 0.0010243403 0.00043259272)
(0.015150654 0.43912311 -0.027249998)
(-0.015609831 0.29319876 -0.043414256)
(-0.0095332718 0.20321836 -0.043371533)
(-0.018176229 0.16498761 -0.03517218)
(-0.021324045 0.15478226 -0.024561333)
(-0.023428634 0.15533566 -0.013539797)
(-0.024433584 0.15771054 -0.0031397454)
(-0.024497819 0.1584927 0.0060848959)
(-0.023798259 0.15680125 0.013855727)
(-0.022518861 0.15274481 0.020072398)
(-0.020832811 0.14676022 0.024756749)
(-0.018896722 0.13935102 0.028015579)
(-0.01684513 0.13098804 0.030010916)
(-0.014786633 0.12207399 0.030934345)
(-0.012802735 0.11293411 0.030985544)
(-0.010949377 0.10381875 0.030356014)
(-0.009260399 0.094911604 0.029218399)
(-0.0077519438 0.086340379 0.027720899)
(-0.0064269743 0.078187836 0.025985669)
(-0.0052793465 0.070502073 0.024109925)
(-0.0042971632 0.063305392 0.022168616)
(-0.0034653493 0.05660156 0.020217771)
(-0.0027675093 0.050381516 0.018297952)
(-0.00218719 0.044627719 0.016437443)
(-0.0017086807 0.039317359 0.014655036)
(-0.0013174749 0.034424689 0.01296234)
(-0.0010004946 0.029922653 0.011365644)
(-0.00074615722 0.025784016 0.0098673742)
(-0.00054434317 0.021982108 0.0084672203)
(-0.00038630404 0.018491296 0.0071629795)
(-0.00026454052 0.015287274 0.0059511897)
(-0.00017266446 0.012347207 0.0048275927)
(-0.00010526168 0.0096497898 0.0037874705)
(-5.7785743e-05 0.0071752491 0.0028258859)
(-2.6519844e-05 0.0049052966 0.0019378532)
(-8.4713885e-06 0.0028230652 0.0011184587)
(-5.7298348e-07 0.0009130292 0.00036294205)
(0.015061995 0.43637602 -0.024207774)
(-0.016336916 0.28672628 -0.038143506)
(-0.010808065 0.19467564 -0.037835653)
(-0.019314505 0.15472895 -0.030519572)
(-0.022443122 0.14292916 -0.021120533)
(-0.024355985 0.1419753 -0.011400573)
(-0.025074276 0.14316247 -0.0022829833)
(-0.02481289 0.14316399 0.005731502)
(-0.023795785 0.14108423 0.012399406)
(-0.022240735 0.13698122 0.017649773)
(-0.020340248 0.13123593 0.021528122)
(-0.018257161 0.12429795 0.024155462)
(-0.016122391 0.11658644 0.025696275)
(-0.01403487 0.10845521 0.026333303)
(-0.012063793 0.10018496 0.026248648)
(-0.01025268 0.091987546 0.025610976)
(-0.0086243724 0.084015183 0.024568169)
(-0.0071861441 0.076371226 0.023244325)
(-0.0059343381 0.069120669 0.021739831)
(-0.0048582201 0.062299445 0.020133323)
(-0.0039429661 0.055922205 0.018484583)
(-0.003171844 0.049988514 0.016837729)
(-0.002527715 0.044487654 0.015224288)
(-0.0019940032 0.039402211 0.013665928)
(-0.001555271 0.034710719 0.012176772)
(-0.0011975168 0.030389543 0.010765297)
(-0.00090828524 0.026414196 0.0094358242)
(-0.00067665692 0.022760243 0.0081896916)
(-0.00049316732 0.019403889 0.0070261357)
(-0.00034968645 0.01632235 0.0059429588)
(-0.0002392808 0.013494074 0.0049370201)
(-0.00015606928 0.010898849 0.0040045954)
(-9.5084756e-05 0.0085178375 0.0031416362)
(-5.2169339e-05 0.0063335679 0.0023439538)
(-2.3927079e-05 0.0043298899 0.0016073491)
(-7.6408575e-06 0.0024919118 0.00092770465)
(-5.1506151e-07 0.00080592859 0.00030104587)
(0.014994673 0.43396819 -0.020760077)
(-0.016955146 0.28095114 -0.032533819)
(-0.011927837 0.18675842 -0.032114907)
(-0.020347727 0.14481954 -0.025833483)
(-0.023464078 0.13110012 -0.017802349)
(-0.02521967 0.12833852 -0.0095232936)
(-0.025697896 0.12812815 -0.0017904456)
(-0.025162882 0.12724868 0.0049610295)
(-0.023880436 0.12477786 0.010524911)
(-0.022097474 0.12069548 0.01485261)
(-0.020021967 0.11529575 0.018000499)
(-0.017820469 0.10894818 0.020089216)
(-0.015619373 0.10200221 0.02127249)
(-0.013508513 0.094752584 0.021714143)
(-0.011546404 0.087431447 0.02157228)
(-0.0097663171 0.080212047 0.020989622)
(-0.0081823719 0.073217141 0.020088708)
(-0.0067950442 0.06652862 0.018970612)
(-0.0055957615 0.060196677 0.017715937)
(-0.0045704919 0.054247768 0.016387058)
(-0.003702391 0.048691147 0.015030897)
(-0.0029736491 0.043524003 0.013681744)
(-0.0023667075 0.03873538 0.012363859)
(-0.0018650025 0.034309096 0.011093734)
(-0.0014533739 0.030225857 0.0098819597)
(-0.0011182435 0.026464763 0.0087347408)
(-0.00084764479 0.02300436 0.0076550794)
(-0.00063116128 0.01982335 0.006643688)
(-0.00045981305 0.016901052 0.0056996803)
(-0.00032591854 0.0142177 0.0048210861)
(-0.00022294799 0.011754606 0.0040052307)
(-0.00014537686 0.0094942475 0.0032490103)
(-8.854886e-05 0.0074202918 0.0025490899)
(-4.8571333e-05 0.0055175822 0.0019020435)
(-2.22736e-05 0.003772101 0.0013044519)
(-7.1072753e-06 0.0021709151 0.0007529712)
(-4.7922952e-07 0.00070211533 0.00024437951)
(0.014947626 0.43195426 -0.016987586)
(-0.017466776 0.27601912 -0.026605905)
(-0.012871762 0.17973789 -0.026210359)
(-0.021248528 0.13574691 -0.021096771)
(-0.024371012 0.11985146 -0.014569073)
(-0.02601491 0.11504986 -0.0078493421)
(-0.026311198 0.11324608 -0.0015878514)
(-0.025564622 0.11134983 0.0038559773)
(-0.02407513 0.10841902 0.0083145699)
(-0.022113231 0.10434565 0.01175483)
(-0.019899098 0.099319319 0.014232371)
(-0.017601938 0.09361113 0.015854954)
(-0.015344344 0.08748616 0.016754834)
(-0.013208968 0.081170483 0.017069235)
(-0.011246151 0.074842399 0.01692778)
(-0.0094815056 0.068634458 0.016445388)
(-0.0079227584 0.062639838 0.015719298)
(-0.0065654963 0.056919918 0.014828747)
(-0.0053976751 0.051511519 0.013836289)
(-0.0044029755 0.046433168 0.012789922)
(-0.0035631775 0.041690198 0.011725484)
(-0.0028597555 0.037278731 0.010668988)
(-0.0022748849 0.033188698 0.0096387152)
(-0.0017920257 0.02940607 0.0086469954)
(-0.001396214 0.02591447 0.0077016697)
(-0.0010741591 0.022696328 0.0068072551)
(-0.00081421979 0.019733673 0.0059658542)
(-0.0006063084 0.017008682 0.0051778504)
(-0.00044175703 0.014504042 0.0044424332)
(-0.00031316898 0.012203173 0.0037579866)
(-0.0002142672 0.010090367 0.0031223755)
(-0.00013974716 0.00815086 0.002533152)
(-8.5141052e-05 0.0063708529 0.0019877031)
(-4.6716284e-05 0.0047375094 0.0014833561)
(-2.1427667e-05 0.0032389291 0.0010174503)
(-6.8444499e-06 0.0018641085 0.00058738838)
(-4.613049e-07 0.00060289456 0.00019067175)
(0.014916869 0.43037608 -0.012963131)
(-0.01786829 0.27207954 -0.020407131)
(-0.013617855 0.17393275 -0.020139049)
(-0.021984639 0.12797387 -0.016299417)
(-0.025127323 0.10990773 -0.011383477)
(-0.026699737 0.10302128 -0.0063170508)
(-0.026869377 0.099541026 -0.0015962521)
(-0.025971674 0.096532133 0.0025028103)
(-0.024332058 0.093055284 0.0058519729)
(-0.022238563 0.088924982 0.0084280413)
(-0.019920403 0.084225892 0.010276793)
(-0.017548821 0.079124882 0.011483617)
(-0.01524384 0.073795819 0.012151429)
(-0.013083176 0.068390478 0.01238539)
(-0.011111632 0.063029669 0.012283597)
(-0.009349646 0.057803395 0.011932031)
(-0.0078006116 0.052774755 0.011402821)
(-0.0064568295 0.047984969 0.010754315)
(-0.0053039366 0.043458298 0.010032308)
(-0.0043240927 0.039206337 0.0092717646)
(-0.0034981634 0.035231503 0.0084986823)
(-0.0028071407 0.031529771 0.0077318594)
(-0.0022330095 0.02809274 0.0069844599)
(-0.0017592243 0.024909162 0.0062653289)
(-0.0013709247 0.021966067 0.0055800646)
(-0.0010549804 0.019249561 0.0049318681)
(-0.00079993251 0.016745398 0.0043222035)
(-0.00059587689 0.014439377 0.0037513023)
(-0.00043431809 0.012317618 0.0032185415)
(-0.0003080141 0.010366743 0.0027227244)
(-0.00021082275 0.0085739903 0.0022622858)
(-0.00013755429 0.0069272876 0.0018354402)
(-8.3837173e-05 0.0054152831 0.0014402873)
(-4.6017207e-05 0.0040273573 0.0010748869)
(-2.1117222e-05 0.0027536145 0.00073730996)
(-6.7447268e-06 0.0015848637 0.00042567765)
(-4.5603456e-07 0.00051259057 0.00013818571)
(0.014920422 0.42928646 -0.0087653308)
(-0.018141718 0.26928442 -0.013992773)
(-0.014143522 0.1696504 -0.013925607)
(-0.022522367 0.12204917 -0.011441434)
(-0.025690933 0.10212081 -0.0082185964)
(-0.02722133 0.093395739 -0.0048753791)
(-0.027309272 0.088386293 -0.0017465613)
(-0.026311967 0.084315129 0.00097950003)
(-0.024572298 0.080269748 0.0032140196)
(-0.022390111 0.076011792 0.0049394487)
(-0.020000602 0.071539327 0.006185321)
(-0.0175763 0.066926719 0.0070081382)
(-0.015235659 0.062263778 0.0074761893)
(-0.013053458 0.057632562 0.0076589358)
(-0.011070982 0.053099621 0.0076218397)
(-0.0093054248 0.048714965 0.0074204149)
(-0.0077575963 0.044513746 0.0071019784)
(-0.0064177619 0.040518762 0.0067046938)
(-0.0052701022 0.036743096 0.0062584678)
(-0.0042958304 0.033192441 0.0057861082)
(-0.0034752408 0.029867013 0.0053045596)
(-0.0027890162 0.026763068 0.0048260721)
(-0.0022190066 0.02387407 0.0043592273)
(-0.0017486419 0.02119157 0.0039097982)
(-0.0013631011 0.018705874 0.0034814469)
(-0.0010493267 0.016406538 0.0030762785)
(-0.00079594613 0.014282743 0.0026952695)
(-0.00059314233 0.012323574 0.0023385966)
(-0.00043250109 0.010518224 0.002005882)
(-0.00030685226 0.0088561452 0.0016963765)
(-0.00021011479 0.0073271577 0.0014090923)
(-0.00013714956 0.0059215247 0.0011428996)
(-8.3625588e-05 0.0046299997 0.0008965948)
(-4.5921585e-05 0.003443856 0.00066894853)
(-2.1081265e-05 0.0023548982 0.00045873918)
(-6.7403327e-06 0.0013554624 0.00026477813)
(-4.5604191e-07 0.00043840753 8.5926576e-05)
(0.015030918 0.42871917 -0.0045018213)
(-0.018266855 0.26773432 -0.0074057267)
(-0.01444022 0.16713471 -0.007596359)
(-0.022842865 0.11847016 -0.0065304298)
(-0.026035294 0.097311754 -0.0050586427)
(-0.027544031 0.087334881 -0.003486513)
(-0.027585905 0.081246121 -0.0019838328)
(-0.026531564 0.076388466 -0.00064952196)
(-0.024734267 0.071885762 0.00046615009)
(-0.022500794 0.06747577 0.0013481782)
(-0.020069766 0.063103779 0.0020055195)
(-0.01761461 0.058782595 0.0024615247)
(-0.015252527 0.054543348 0.0027486345)
(-0.013057106 0.050418576 0.0028979494)
(-0.011067185 0.046434904 0.0029392747)
(-0.0092975414 0.042612746 0.002899205)
(-0.0077483814 0.038967037 0.0028001925)
(-0.0064087154 0.035506898 0.0026598048)
(-0.0052620464 0.032237101 0.0024927279)
(-0.0042891181 0.029158907 0.0023102186)
(-0.0034699338 0.026270814 0.0021206615)
(-0.0027850094 0.023569176 0.0019301504)
(-0.0022161131 0.021048701 0.0017429899)
(-0.0017466479 0.018702855 0.0015621104)
(-0.0013617995 0.0165242 0.0013894058)
(-0.0010485339 0.01450467 0.0012260012)
(-0.00079550951 0.012635806 0.0010724628)
(-0.00059294116 0.010908949 0.00092895924)
(-0.00043244422 0.0093153965 0.00079538299)
(-0.00030687401 0.0078465369 0.00067144127)
(-0.00021017047 0.0064939491 0.00055672229)
(-0.00013721087 0.0052494842 0.00045074318)
(-8.3676948e-05 0.0041053233 0.00035298388)
(-4.5955744e-05 0.0030540202 0.00026291099)
(-2.1101655e-05 0.0020885272 0.00017999403)
(-6.744367e-06 0.0012022095 0.00010371785)
(-4.5708484e-07 0.00038884964 3.3592488e-05)
(0.015112411 0.42857288 -0.00023346191)
(-0.018299435 0.26733358 -0.00070421776)
(-0.014539235 0.16649238 -0.0011943148)
(-0.022950959 0.11756571 -0.0015869249)
(-0.026154248 0.096064781 -0.001897664)
(-0.027656248 0.085699222 -0.0021217593)
(-0.027683395 0.079242199 -0.0022626949)
(-0.026610637 0.074085644 -0.0023296669)
(-0.024794422 0.069376083 -0.002335173)
(-0.022543797 0.064854428 -0.0022929196)
(-0.020098293 0.060455879 -0.0022159263)
(-0.017632783 0.056178383 -0.0021153527)
(-0.015264621 0.052035327 -0.0020001216)
(-0.013064382 0.048041797 -0.0018770212)
(-0.011071296 0.04421176 -0.0017518375)
(-0.0093004927 0.040555403 -0.0016269696)
(-0.0077502678 0.037078971 -0.0015047251)
(-0.0064096884 0.033786164 -0.0013865312)
(-0.0052626864 0.030678344 -0.0012731748)
(-0.0042895994 0.027754331 -0.0011650281)
(-0.0034703534 0.025011261 -0.0010622016)
(-0.002785417 0.022444872 -0.00096464963)
(-0.0022165244 0.020049763 -0.0008722401)
(-0.0017470593 0.017819623 -0.00078479865)
(-0.0013621991 0.015747436 -0.00070213537)
(-0.0010489086 0.013825678 -0.00062405927)
(-0.00079584821 0.012046479 -0.00055038482)
(-0.00059323628 0.010401786 -0.00048093378)
(-0.00043269183 0.0088834935 -0.00041553462)
(-0.00030707366 0.007483557 -0.00035402104)
(-0.00021032443 0.0061940903 -0.0002962305)
(-0.00013732355 0.00500744 -0.00024200302)
(-8.3753994e-05 0.0039162443 -0.00019118059)
(-4.6004364e-05 0.0029134751 -0.00014360687)
(-2.1124809e-05 0.0019924671 -9.9127327e-05)
(-6.7569556e-06 0.0011469334 -5.7587772e-05)
(-4.5748036e-07 0.00037097346 -1.8832138e-05)
(0.014963175 0.42875009 0.0040396414)
(-0.018262818 0.26797049 0.0059870545)
(-0.014464074 0.16773313 0.0052071685)
(-0.022852551 0.11943028 0.0033554067)
(-0.026046763 0.098558894 0.0012636185)
(-0.027555589 0.088760147 -0.00075581554)
(-0.027598837 0.082738135 -0.0025405132)
(-0.026546156 0.077850378 -0.0040091343)
(-0.024749759 0.073245639 -0.0051362921)
(-0.022516279 0.068689483 -0.0059343856)
(-0.020084497 0.06415061 -0.0064383246)
(-0.017628047 0.059659407 -0.0066937833)
(-0.015264588 0.055258803 -0.006751119)
(-0.013067106 0.050987788 -0.0066550559)
(-0.011075151 0.046876826 -0.00644527)
(-0.0093042823 0.042947409 -0.0061550818)
(-0.0077538608 0.039213238 -0.0058113679)
(-0.0064131377 0.035681786 -0.0054344296)
(-0.0052655897 0.032355722 -0.0050404903)
(-0.0042919325 0.029234076 -0.0046415413)
(-0.0034721485 0.026313196 -0.0042461881)
(-0.0027867357 0.023587468 -0.003860435)
(-0.002217445 0.021049869 -0.0034883238)
(-0.0017476644 0.018692385 -0.0031324381)
(-0.0013625658 0.016506337 -0.0027942928)
(-0.0010491036 0.014482642 -0.002474632)
(-0.00079592631 0.012612013 -0.0021736512)
(-0.0005932404 0.010885134 -0.0018911627)
(-0.00043265429 0.0092927848 -0.0016267158)
(-0.00030701745 0.0078259517 -0.001379685)
(-0.00021026503 0.0064759073 -0.0011493331)
(-0.00013727039 0.0052342726 -0.0009348566)
(-8.3712043e-05 0.0040930595 -0.00073541883)
(-4.5974545e-05 0.0030447004 -0.00055017294)
(-2.1109915e-05 0.0020820634 -0.00037827854)
(-6.7472468e-06 0.0011984578 -0.0002189099)
(-4.5717144e-07 0.00038763171 -7.1261992e-05)
(0.014801611 0.42933879 0.0083512535)
(-0.018168568 0.26973849 0.012546817)
(-0.014185901 0.17081355 0.01152825)
(-0.022539298 0.12390553 0.0082614592)
(-0.025708473 0.10450962 0.0044232999)
(-0.027239725 0.096100168 0.00063529871)
(-0.027331222 0.091191846 -0.0027748035)
(-0.02633763 0.087043592 -0.0056356707)
(-0.024600421 0.082794642 -0.0078830241)
(-0.022418982 0.078257754 -0.0095262507)
(-0.020028628 0.073473039 -0.010620434)
(-0.017602288 0.068545607 -0.011244173)
(-0.015258909 0.063585494 -0.011483632)
(-0.013073668 0.058686452 -0.011421906)
(-0.011088163 0.0539205 -0.011133478)
(-0.0093197888 0.049338813 -0.010681678)
(-0.0077694374 0.044974952 -0.010118236)
(-0.006427423 0.040848599 -0.0094840372)
(-0.0052779182 0.036968999 -0.0088105472)
(-0.004302106 0.033337816 -0.0081213323)
(-0.0034802435 0.029951382 -0.0074335764)
(-0.0027929753 0.026802398 -0.0067594521)
(-0.0022221156 0.023881189 -0.0061072851)
(-0.001751062 0.021176611 -0.0054825042)
(-0.001364966 0.018676705 -0.0048883942)
(-0.0010507467 0.016369158 -0.0043266788)
(-0.00079701198 0.014241632 -0.0037979632)
(-0.00059392857 0.012281996 -0.0033020665)
(-0.0004330687 0.010478486 -0.0028382669)
(-0.000307251 0.0088198079 -0.0024054809)
(-0.00021038513 0.0072952122 -0.0020023938)
(-0.00013732425 0.0058945322 -0.001627554)
(-8.3731001e-05 0.0046082052 -0.0012794396)
(-4.5978823e-05 0.0034272763 -0.0009565063)
(-2.1107267e-05 0.0023433914 -0.00065722096)
(-6.7484344e-06 0.0013487809 -0.00038008171)
(-4.565918e-07 0.00043623815 -0.00012363149)
(0.014865038 0.43050867 0.012604085)
(-0.017889687 0.27281441 0.01893775)
(-0.013653508 0.1756296 0.0177294)
(-0.021998997 0.13061637 0.01311345)
(-0.025144525 0.11325367 0.0075886271)
(-0.026720566 0.10675586 0.0020815452)
(-0.026897744 0.10336717 -0.0029185086)
(-0.026007998 0.10021626 -0.0071527219)
(-0.024374191 0.096440237 -0.010516871)
(-0.022283458 0.091922372 -0.013013824)
(-0.019965136 0.086800912 -0.014714097)
(-0.017591116 0.081280321 -0.015724579)
(-0.015282249 0.075558401 -0.016165709)
(-0.01311702 0.069800372 -0.016156177)
(-0.01114074 0.064132989 -0.015804032)
(-0.0093741865 0.058647159 -0.015202322)
(-0.007820995 0.053403707 -0.014427865)
(-0.006473569 0.048439777 -0.013541943)
(-0.0053175601 0.043774704 -0.012592039)
(-0.0043350963 0.039414931 -0.011613958)
(-0.0035069895 0.035357902 -0.010633985)
(-0.0028141719 0.031595019 -0.0096708707)
(-0.0022385699 0.028113821 -0.0087375353)
(-0.0017635857 0.024899558 -0.0078424849)
(-0.0013743129 0.021936297 -0.0069909397)
(-0.0010575826 0.019207684 -0.0061857167)
(-0.00080190344 0.016697469 -0.0054279049)
(-0.00059734437 0.014389837 -0.0047173743)
(-0.00043538762 0.01226963 -0.0040531542)
(-0.00030877264 0.01032247 -0.0034337108)
(-0.0002113419 0.0085348311 -0.0028571494)
(-0.00013789284 0.0068940593 -0.0023213603)
(-8.4043227e-05 0.0053883742 -0.0018241233)
(-4.612994e-05 0.0040068455 -0.0013631818)
(-2.1168851e-05 0.0027393601 -0.00093629402)
(-6.7608383e-06 0.0015765805 -0.00054126798)
(-4.571924e-07 0.00050990022 -0.00017598223)
(0.01494204 0.43218241 0.016648821)
(-0.017473619 0.27703898 0.025134007)
(-0.012891035 0.18190769 0.023795026)
(-0.021256379 0.13903407 0.017909322)
(-0.024387204 0.12393327 0.010779714)
(-0.02604099 0.11953053 0.0036250658)
(-0.026352008 0.11777246 -0.0029129343)
(-0.025620123 0.11566111 -0.0084926791)
(-0.024141442 0.11235046 -0.012969968)
(-0.022185103 0.10781159 -0.016336499)
(-0.019971517 0.10229187 -0.018671276)
(-0.017670967 0.096100977 -0.020102553)
(-0.015407401 0.089527667 -0.020779578)
(-0.013264721 0.08281084 -0.020852992)
(-0.011294222 0.076134128 -0.020462525)
(-0.0095221519 0.069630435 -0.01973038)
(-0.0079566132 0.063390174 -0.018758754)
(-0.0065933642 0.05747017 -0.017630062)
(-0.005420398 0.051901835 -0.016408737)
(-0.0044213547 0.046698052 -0.01514375)
(-0.0035779352 0.041858685 -0.013871319)
(-0.0028715211 0.037374801 -0.012617459)
(-0.0022841949 0.033231814 -0.011400235)
(-0.0017993315 0.029411766 -0.010231652)
(-0.0014018921 0.025894942 -0.0091191732)
(-0.0010785221 0.022660978 -0.0080669302)
(-0.00081752645 0.019689613 -0.0070766444)
(-0.00060877239 0.016961172 -0.0061483321)
(-0.00044355472 0.014456864 -0.0052808287)
(-0.00031444573 0.012158953 -0.004472176)
(-0.00021514262 0.010050837 -0.0037199047)
(-0.00014031943 0.0081170713 -0.0030212388)
(-8.5490497e-05 0.0063433522 -0.0023732423)
(-4.6908379e-05 0.0047164751 -0.0017729232)
(-2.1516025e-05 0.0032242794 -0.0012173059)
(-6.8725423e-06 0.0018555846 -0.00070347964)
(-4.6323934e-07 0.00060012451 -0.00022862974)
(0.015003887 0.43426947 0.020420856)
(-0.016955447 0.28220427 0.03107011)
(-0.011937231 0.18930795 0.029699829)
(-0.020353292 0.14860463 0.022651146)
(-0.023485668 0.13570192 0.014026984)
(-0.025260665 0.13330628 0.0053206311)
(-0.025763581 0.13307986 -0.0026854004)
(-0.025251857 0.13191957 -0.0095748451)
(-0.023986112 0.12901158 -0.015163976)
(-0.022211559 0.12441767 -0.019426987)
(-0.020136716 0.11848815 -0.02244155)
(-0.017929837 0.11162839 -0.024347253)
(-0.015719387 0.10420913 -0.025314011)
(-0.013597096 0.096536458 -0.025518877)
(-0.011622949 0.088847038 -0.025130283)
(-0.0098312063 0.08131412 -0.024298612)
(-0.0082365691 0.074057577 -0.023151786)
(-0.0068397848 0.067154717 -0.021794445)
(-0.0056323474 0.060650299 -0.020309373)
(-0.0046001702 0.054565084 -0.018760141)
(-0.0037262917 0.048902765 -0.017194195)
(-0.0029927613 0.043655347 -0.015645919)
(-0.0023818777 0.03880721 -0.014139411)
(-0.0018769454 0.034338082 -0.012690856)
(-0.0014626873 0.030225165 -0.01131048)
(-0.0011254252 0.026444618 -0.010004097)
(-0.00085310787 0.022972552 -0.0087743214)
(-0.00063524806 0.019785691 -0.0076214904)
(-0.00046280699 0.016861772 -0.0065443544)
(-0.00032805412 0.014179778 -0.005540592)
(-0.00022441905 0.011720053 -0.0046071866)
(-0.00014634335 0.0094643348 -0.0037406998)
(-8.9142291e-05 0.0073957348 -0.0029374674)
(-4.8899834e-05 0.0054986907 -0.0021937392)
(-2.2425453e-05 0.0037588948 -0.0015057767)
(-7.1568786e-06 0.0021632147 -0.00086991731)
(-4.8256803e-07 0.00069961056 -0.00028261783)
(0.015060046 0.43671028 0.023869839)
(-0.016346961 0.28813226 0.036685891)
(-0.010820616 0.19749871 0.035423146)
(-0.019325778 0.15885758 0.02735046)
(-0.022478556 0.14786479 0.017370072)
(-0.024421998 0.14722936 0.0072327026)
(-0.025175998 0.14834461 -0.002154796)
(-0.024946906 0.14802014 -0.010311523)
(-0.023952394 0.14547357 -0.017015042)
(-0.022408374 0.14084185 -0.02221431)
(-0.020508287 0.13455687 -0.025973288)
(-0.018417303 0.12709974 -0.02842985)
(-0.016269122 0.11890835 -0.029763558)
(-0.014165244 0.11034671 -0.030170113)
(-0.012176885 0.10169987 -0.029842213)
(-0.010348957 0.093179944 -0.028956731)
(-0.0087051382 0.084936664 -0.027667545)
(-0.007253115 0.077069197 -0.026102877)
(-0.0059893493 0.069637409 -0.024365747)
(-0.004903048 0.062671748 -0.022536316)
(-0.0039792337 0.056181413 -0.020675116)
(-0.0032009813 0.050160832 -0.018826502)
(-0.0025509531 0.044594609 -0.017021915)
(-0.0020123864 0.0394612 -0.015282759)
(-0.0015696773 0.03473557 -0.013622802)
(-0.0012086807 0.030391065 -0.012050127)
(-0.00091681955 0.026400693 -0.01056866)
(-0.00068307247 0.022737967 -0.0091793461)
(-0.00049788984 0.019377442 -0.0078810449)
(-0.00035307071 0.016295029 -0.0066711935)
(-0.00024162233 0.013468157 -0.0055462975)
(-0.00015761399 0.010875828 -0.0045022877)
(-9.6036806e-05 0.0084986182 -0.0035347778)
(-5.2697824e-05 0.0063186191 -0.0026392483)
(-2.4172613e-05 0.0043193671 -0.0018111747)
(-7.7203117e-06 0.0024857515 -0.0010461152)
(-5.2073455e-07 0.00080392131 -0.000339768)
(0.015125558 0.4394648 0.026934753)
(-0.015642452 0.29469116 0.041948484)
(-0.0095535599 0.20623449 0.040957762)
(-0.018199384 0.16926048 0.032019994)
(-0.02137861 0.15990059 0.020845933)
(-0.023523418 0.16073854 0.0094195797)
(-0.024574143 0.16300624 -0.0012472059)
(-0.024678706 0.16344377 -0.010620632)
(-0.0240072 0.16128279 -0.018441106)
(-0.022741591 0.15670403 -0.02462459)
(-0.021056217 0.15018845 -0.029207936)
(-0.019110399 0.14226667 -0.032312273)
(-0.017041948 0.13342636 -0.034113282)
(-0.014962574 0.12408026 -0.034815065)
(-0.012956312 0.11455869 -0.034628144)
(-0.011080923 0.10511333 -0.033752851)
(-0.0093713938 0.095926445 -0.032368588)
(-0.0078444758 0.087122353 -0.030628398)
(-0.006503357 0.078779283 -0.028657676)
(-0.0053418709 0.070940222 -0.026555626)
(-0.0043479578 0.063622242 -0.024398268)
(-0.0035063141 0.056824066 -0.022242077)
(-0.0028002971 0.050531978 -0.020127652)
(-0.0022132153 0.044724275 -0.018083076)
(-0.0017291413 0.039374527 -0.016126807)
(-0.001333379 0.034453898 -0.014270061)
(-0.0010126883 0.029932753 -0.012518715)
(-0.00075534963 0.025781736 -0.010874784)
(-0.00055112814 0.021972464 -0.0093375619)
(-0.00039117896 0.018477941 -0.0079044605)
(-0.00026792181 0.015272789 -0.0065716478)
(-0.0001749004 0.012333348 -0.0053345075)
(-0.00010664282 0.0096376886 -0.0041879733)
(-5.8554096e-05 0.0071655701 -0.0031267692)
(-2.6877543e-05 0.0048983658 -0.0021455781)
(-8.5875801e-06 0.0028189685 -0.0012391589)
(-5.8139314e-07 0.0009116888 -0.0004024226)
(0.015184249 0.44240448 0.02956969)
(-0.014950552 0.30165571 0.046822643)
(-0.0081721615 0.21526023 0.046281421)
(-0.016983664 0.17957845 0.036653559)
(-0.020161239 0.1714888 0.024469181)
(-0.022512395 0.17350641 0.011913939)
(-0.023879283 0.17676968 8.6837041e-05)
(-0.024348309 0.17795221 -0.010438535)
(-0.024040135 0.17626914 -0.019368693)
(-0.023098738 0.17190363 -0.026581146)
(-0.021674034 0.16534655 -0.032073604)
(-0.019914369 0.15714752 -0.035935172)
(-0.017957901 0.14782416 -0.038322367)
(-0.015924683 0.13782808 -0.039434859)
(-0.013911495 0.12753264 -0.039491889)
(-0.011990168 0.11723167 -0.038712038)
(-0.010208926 0.10714487 -0.037298315)
(-0.0085957186 0.097427357 -0.035429067)
(-0.0071624469 0.088180957 -0.033254002)
(-0.0059092377 0.079465645 -0.030894015)
(-0.0048282326 0.071309864 -0.028443436)
(-0.0039066663 0.063719274 -0.025973528)
(-0.0031291951 0.056683755 -0.023536389)
(-0.0024795531 0.050182798 -0.021168739)
(-0.0019416602 0.044189507 -0.018895298)
(-0.0015003096 0.038673488 -0.016731644)
(-0.0011415517 0.033602872 -0.01468654)
(-0.00085286856 0.028945687 -0.01276377)
(-0.0006232096 0.024670753 -0.010963562)
(-0.0004429427 0.020748244 -0.0092836644)
(-0.0003037542 0.01715 -0.0077201535)
(-0.00019852132 0.013849688 -0.0062680273)
(-0.00012117656 0.010822843 -0.0049216395)
(-6.6604079e-05 0.0080468465 -0.0036750116)
(-3.0602748e-05 0.0055008574 -0.0025220548)
(-9.7942427e-06 0.0031657148 -0.0014567243)
(-6.6518584e-07 0.0010238331 -0.00047312227)
(0.015237785 0.44538919 0.031788831)
(-0.014360533 0.30878113 0.051313729)
(-0.0067488191 0.22435991 0.051324878)
(-0.015668425 0.18968191 0.04120148)
(-0.018771265 0.18244725 0.028212522)
(-0.021297769 0.18534673 0.014708394)
(-0.022968402 0.1894696 0.0018610193)
(-0.023808684 0.19141523 -0.0097280344)
(-0.023889934 0.19034582 -0.019737313)
(-0.023314841 0.18640266 -0.028004865)
(-0.022202578 0.18004457 -0.034481121)
(-0.020683239 0.17180583 -0.039209701)
(-0.018888865 0.16221001 -0.042312113)
(-0.01694333 0.15173438 -0.04396843)
(-0.014953931 0.14079133 -0.044394377)
(-0.013006328 0.12971931 -0.043818515)
(-0.011163114 0.11878161 -0.042463114)
(-0.0094652972 0.10817156 -0.040530677)
(-0.0079355669 0.098021934 -0.038196312)
(-0.0065822897 0.088415998 -0.035605006)
(-0.0054034556 0.079398631 -0.032872379)
(-0.0043901253 0.070986244 -0.030087539)
(-0.0035291947 0.063175064 -0.027316929)
(-0.0028054669 0.055947672 -0.024608377)
(-0.0022031132 0.049277963 -0.021994926)
(-0.0017066407 0.043134777 -0.019498175)
(-0.0013014854 0.037484477 -0.017131069)
(-0.00097433703 0.032292721 -0.014900156)
(-0.00071327844 0.027525634 -0.012807346)
(-0.00050780412 0.023150563 -0.010851272)
(-0.00034876301 0.019136515 -0.0090283115)
(-0.0002282544 0.015454396 -0.0073333539)
(-0.00013950423 0.012077103 -0.005760358)
(-7.6769007e-05 0.0089795268 -0.004302761)
(-3.5316964e-05 0.006138498 -0.0029537698)
(-1.1315903e-05 0.0035326919 -0.0017065646)
(-7.7280312e-07 0.0011425205 -0.00055443992)
(0.015270987 0.44836741 0.033648595)
(-0.013683448 0.31596275 0.055383802)
(-0.0052754583 0.23344319 0.055999537)
(-0.014199148 0.19947648 0.045572617)
(-0.017123359 0.19267259 0.032007613)
(-0.019767389 0.19614105 0.017754953)
(-0.021701959 0.20097907 0.0040518264)
(-0.022897132 0.20370454 -0.008481106)
(-0.023377923 0.20339293 -0.019503314)
(-0.023204016 0.20010273 -0.028818175)
(-0.022457885 0.1942193 -0.036326671)
(-0.021243188 0.18622381 -0.042017526)
(-0.019677412 0.17661574 -0.045962616)
(-0.017881264 0.16587832 -0.048305881)
(-0.015967908 0.15445392 -0.049244249)
(-0.014034646 0.14272528 -0.049004357)
(-0.012158276 0.13100477 -0.047820036)
(-0.010394042 0.11953238 -0.045914203)
(-0.0087772955 0.10848081 -0.043486754)
(-0.0073267105 0.097964969 -0.040708274)
(-0.0060480664 0.088053088 -0.03771838)
(-0.004937901 0.078777728 -0.034627233)
(-0.003986658 0.070145428 -0.031518836)
(-0.003181186 0.062144642 -0.028455094)
(-0.0025065973 0.054751921 -0.025479943)
(-0.0019475711 0.047936523 -0.022623141)
(-0.0014892106 0.04166374 -0.01990355)
(-0.0011175652 0.035897225 -0.017331839)
(-0.0008199116 0.030600557 -0.014912654)
(-0.0005848708 0.025738258 -0.012646305)
(-0.00040241461 0.021276418 -0.010530065)
(-0.0002638016 0.017183049 -0.0085591444)
(-0.00016147574 0.013428249 -0.0067274142)
(-8.8988298e-05 0.0099842521 -0.0050279375)
(-4.0995186e-05 0.0068253907 -0.0034533544)
(-1.3160958e-05 0.003928013 -0.0019961546)
(-9.0322639e-07 0.0012703745 -0.00064886787)
(0.015193875 0.45133392 0.035205122)
(-0.012807671 0.32317705 0.058898783)
(-0.0036794396 0.2425034 0.060216811)
(-0.012506742 0.20893152 0.049655914)
(-0.015121793 0.20211519 0.035762606)
(-0.017813546 0.20580583 0.0209759)
(-0.019953273 0.21117593 0.0066037294)
(-0.021466241 0.21466111 -0.0067195078)
(-0.02233819 0.21522497 -0.018645706)
(-0.022587077 0.21281066 -0.028954546)
(-0.022254845 0.20769286 -0.037502588)
(-0.021411434 0.20026023 -0.044220394)
(-0.020150807 0.19095155 -0.049119198)
(-0.018581773 0.18022754 -0.052290817)
(-0.016816394 0.16854324 -0.053896083)
(-0.014959125 0.15631952 -0.05414428)
(-0.013098935 0.14392033 -0.053269154)
(-0.01130523 0.13164013 -0.051506763)
(-0.0096272259 0.11970169 -0.049078489)
(-0.0080957621 0.10826175 -0.046180266)
(-0.0067264429 0.097420932 -0.042977493)
(-0.0055232015 0.087235278 -0.039604282)
(-0.004481676 0.077727229 -0.036165538)
(-0.0035920839 0.068895155 -0.032740567)
(-0.0028414885 0.060721044 -0.029387243)
(-0.0022154758 0.053176392 -0.026146134)
(-0.0016993265 0.046226547 -0.023044226)
(-0.0012787859 0.039833784 -0.020098105)
(-0.00094053041 0.033959428 -0.017316575)
(-0.00067241871 0.028565254 -0.014702733)
(-0.00046359146 0.02361437 -0.012255595)
(-0.00030446811 0.019071753 -0.0099713289)
(-0.00018668448 0.014904513 -0.0078441888)
(-0.00010304273 0.011082018 -0.0058672043)
(-4.754536e-05 0.0075758888 -0.0040326871)
(-1.528944e-05 0.004359938 -0.0023325974)
(-1.0561637e-06 0.0014100664 -0.00075880181)
(0.015117114 0.45445456 0.036397762)
(-0.011511169 0.33061292 0.061790993)
(-0.0018806464 0.2516232 0.063912359)
(-0.010528024 0.21807817 0.053334946)
(-0.01267957 0.2107754 0.039379542)
(-0.015357079 0.21429481 0.024275761)
(-0.017632221 0.21995431 0.0094351803)
(-0.019407145 0.22411495 -0.0044953557)
(-0.020640633 0.2256149 -0.01717393)
(-0.02131368 0.22426146 -0.028372505)
(-0.021427202 0.22018988 -0.037915155)
(-0.021012953 0.21365917 -0.045678578)
(-0.020133722 0.20500627 -0.051608507)
(-0.018877307 0.19463162 -0.055731987)
(-0.017345997 0.18297504 -0.058156625)
(-0.01564458 0.17048026 -0.059056546)
(-0.013869838 0.15755929 -0.058649964)
(-0.012103369 0.14456615 -0.057174687)
(-0.010408161 0.13178364 -0.054866637)
(-0.008828353 0.11942191 -0.051944086)
(-0.0073911386 0.10762517 -0.048598176)
(-0.0061097968 0.096482507 -0.044988888)
(-0.0049870169 0.086039888 -0.041245011)
(-0.0040180031 0.076311293 -0.037466639)
(-0.0031930946 0.067288199 -0.033728957)
(-0.0024998197 0.058947087 -0.030086428)
(-0.0019244146 0.051255114 -0.026576858)
(-0.0014528827 0.044174232 -0.023225019)
(-0.0010716925 0.03766407 -0.020045723)
(-0.00076820198 0.031683881 -0.017046342)
(-0.00053088534 0.026193812 -0.014228797)
(-0.00034941739 0.021155682 -0.011591121)
(-0.00021467045 0.016533426 -0.0091286371)
(-0.00011871079 0.012293312 -0.0068348576)
(-5.4873014e-05 0.0084040035 -0.0047021444)
(-1.768839e-05 0.004836532 -0.0027221972)
(-1.2294111e-06 0.0015642045 -0.00088640306)
(0.015132465 0.45781228 0.037058449)
(-0.0098684942 0.33841106 0.064005841)
(0.00028128397 0.26092341 0.066943049)
(-0.0082106896 0.22701046 0.056531629)
(-0.0097291056 0.21871425 0.042774873)
(-0.012363984 0.2216226 0.027552329)
(-0.014698436 0.22726148 0.012445782)
(-0.016662008 0.23193298 -0.0018890234)
(-0.018204819 0.23434849 -0.015134381)
(-0.019277605 0.23417268 -0.027070264)
(-0.019843283 0.23138548 -0.037505604)
(-0.019895151 0.22608707 -0.046275326)
(-0.019460373 0.2184718 -0.05326292)
(-0.018598066 0.20883525 -0.058424422)
(-0.017391688 0.19756274 -0.061800445)
(-0.015937786 0.18509371 -0.063512215)
(-0.014334204 0.17187521 -0.063744457)
(-0.01267036 0.15832005 -0.062721403)
(-0.011020959 0.14477865 -0.060682311)
(-0.0094432167 0.13152646 -0.057861024)
(-0.0079768933 0.11876419 -0.054471537)
(-0.0066462125 0.10662596 -0.050699691)
(-0.0054627272 0.095191232 -0.046700045)
(-0.0044283907 0.084497398 -0.042596406)
(-0.0035383863 0.074551151 -0.038484595)
(-0.0027834984 0.065337961 -0.034436301)
(-0.0021519699 0.056829462 -0.030503227)
(-0.0016308754 0.048988951 -0.026721033)
(-0.001207084 0.041775325 -0.023112845)
(-0.00086789643 0.035145795 -0.019692205)
(-0.00060143313 0.029057701 -0.016465487)
(-0.00039683804 0.023469662 -0.013433811)
(-0.0002443599 0.018342263 -0.010594538)
(-0.00013541435 0.013638438 -0.0079424092)
(-6.2726081e-05 0.0093236239 -0.0054704066)
(-2.0267353e-05 0.0053657899 -0.003170396)
(-1.4206248e-06 0.0017353747 -0.0010335965)
(0.015227692 0.46135491 0.037085855)
(-0.0082558704 0.34659491 0.065556967)
(0.002632538 0.27053663 0.069147594)
(-0.0055520975 0.23581019 0.059274781)
(-0.0062816419 0.22605486 0.045855532)
(-0.0088609295 0.22789259 0.030683376)
(-0.011160255 0.23314076 0.01551299)
(-0.013223456 0.23807457 0.00098503518)
(-0.015003171 0.24128985 -0.012617206)
(-0.016422409 0.24231396 -0.025097813)
(-0.017414624 0.24097149 -0.036269402)
(-0.017938587 0.23718884 -0.045942408)
(-0.017985645 0.23098492 -0.053949432)
(-0.017581797 0.22250469 -0.060177859)
(-0.016784044 0.21203081 -0.064594318)
(-0.015671705 0.19995814 -0.067252978)
(-0.014335129 0.18674286 -0.068287346)
(-0.012864695 0.17284608 -0.067890296)
(-0.011342281 0.15868784 -0.066289082)
(-0.009835902 0.14461891 -0.063721913)
(-0.0083974346 0.13091009 -0.060418965)
(-0.0070627303 0.11775457 -0.056589027)
(-0.0058535552 0.10527789 -0.052412259)
(-0.004780241 0.093551111 -0.048037839)
(-0.0038444633 0.082603971 -0.04358494)
(-0.003041776 0.072436603 -0.039145637)
(-0.0023637337 0.063029015 -0.034788736)
(-0.001799558 0.05434839 -0.030563801)
(-0.0013373769 0.046354439 -0.02650495)
(-0.00096509921 0.039003185 -0.022634206)
(-0.0006709971 0.032249544 -0.018964332)
(-0.00044405851 0.026049011 -0.015501131)
(-0.0002741808 0.020358711 -0.012245285)
(-0.00015232383 0.015138018 -0.0091937904)
(-7.0730992e-05 0.010348858 -0.0063410568)
(-2.2923328e-05 0.0059558335 -0.0036797441)
(-1.6203227e-06 0.0019262038 -0.0012013856)
(0.015420055 0.46500088 0.036478158)
(-0.0069022705 0.35517543 0.066328919)
(0.0047282063 0.28064488 0.070194085)
(-0.0024584517 0.24467344 0.061699481)
(-0.0024717366 0.23301293 0.048464994)
(-0.0049049292 0.23332063 0.033520745)
(-0.0070508732 0.23776651 0.01849911)
(-0.0091130386 0.24264119 0.0039907464)
(-0.011038683 0.24644381 -0.0097487974)
(-0.012727951 0.24857982 -0.022557262)
(-0.014089966 0.2487332 -0.03426584)
(-0.01505667 0.24666005 -0.044679236)
(-0.015588462 0.24218712 -0.053596583)
(-0.015678543 0.23527101 -0.060847998)
(-0.015353235 0.22604088 -0.066328503)
(-0.014667173 0.21479575 -0.070018415)
(-0.013694293 0.20196033 -0.071986463)
(-0.012516919 0.18801983 -0.072377432)
(-0.011217827 0.17345612 -0.071388645)
(-0.0098702434 0.15869998 -0.069246571)
(-0.0085359793 0.14410447 -0.066186663)
(-0.0072616203 0.12993692 -0.06243427)
(-0.0060794246 0.11638386 -0.058191765)
(-0.0050091747 0.10356294 -0.053632983)
(-0.004060487 0.091537311 -0.048901617)
(-0.0032352165 0.080329534 -0.04411244)
(-0.0025296801 0.069933508 -0.039354215)
(-0.0019365337 0.060324023 -0.034693394)
(-0.0014462564 0.051463975 -0.03017796)
(-0.0010482634 0.043309595 -0.025841031)
(-0.000731698 0.035814094 -0.021704046)
(-0.00048595803 0.028930116 -0.017779446)
(-0.00030102765 0.022611315 -0.014072871)
(-0.00016774361 0.016813316 -0.01058492)
(-7.8124003e-05 0.011494256 -0.0073125266)
(-2.5407761e-05 0.0066150382 -0.0042500232)
(-1.817673e-06 0.0021394006 -0.0013899554)
(0.015712897 0.46866758 0.035315313)
(-0.0059603224 0.36404641 0.066166838)
(0.0067090227 0.29110019 0.0701571)
(0.0010842656 0.25376553 0.063399215)
(0.0013895176 0.23988922 0.05042056)
(-0.00051991157 0.23824011 0.035933668)
(-0.0023858654 0.24146299 0.021263296)
(-0.0043545771 0.24591054 0.00697919)
(-0.0063283765 0.25000739 -0.0066835351)
(-0.0081917412 0.25305749 -0.01959662)
(-0.0098389794 0.25462939 -0.031617706)
(-0.011184802 0.25433096 -0.042561446)
(-0.01216696 0.25180244 -0.052212946)
(-0.012750861 0.24679268 -0.060363398)
(-0.012932428 0.23923456 -0.066848569)
(-0.01273753 0.22927587 -0.071577941)
(-0.012216595 0.21725619 -0.07454898)
(-0.011430265 0.20364442 -0.075846117)
(-0.010463677 0.18896223 -0.075622544)
(-0.0093808256 0.1737153 -0.074075047)
(-0.0082460757 0.15834611 -0.071427731)
(-0.0071176464 0.14321016 -0.067913137)
(-0.0060358804 0.12857109 -0.06374745)
(-0.0050299346 0.11460856 -0.059124818)
(-0.0041183054 0.10143219 -0.054212056)
(-0.0033104611 0.089097218 -0.049147207)
(-0.002608912 0.07761898 -0.044040776)
(-0.0020111612 0.066985132 -0.038978539)
(-0.0015113436 0.057165226 -0.034025026)
(-0.0011015282 0.04811784 -0.029227114)
(-0.00077270569 0.039795685 -0.024617403)
(-0.00051549302 0.03214912 -0.020217202)
(-0.00032062007 0.025128471 -0.01603905)
(-0.00017932921 0.018685506 -0.012088799)
(-8.3819127e-05 0.012774311 -0.0083672867)
(-2.7378211e-05 0.0073517486 -0.0048716587)
(-1.9810492e-06 0.002377664 -0.0015963971)
(0.016116537 0.47241246 0.033632795)
(-0.0050866993 0.37336819 0.064924394)
(0.0089121093 0.30218435 0.069493311)
(0.0048291919 0.26345121 0.063890613)
(0.0054412449 0.24710885 0.051637348)
(0.0043240013 0.24311715 0.037811198)
(0.0028301123 0.24471804 0.023669425)
(0.0010575599 0.24835987 0.0097943897)
(-0.00085847801 0.25240939 -0.0035957521)
(-0.0027888371 0.2560857 -0.016398075)
(-0.0046175993 0.25887034 -0.028499867)
(-0.0062522334 0.26025829 -0.039734373)
(-0.007617914 0.25973252 -0.049888799)
(-0.0086609417 0.25684182 -0.058736581)
(-0.0093514562 0.25130094 -0.066075256)
(-0.0096858339 0.24305912 -0.07175842)
(-0.0096893662 0.23231164 -0.07571642)
(-0.0093937204 0.21945571 -0.07796235)
(-0.0088366829 0.20501271 -0.078602299)
(-0.0081733218 0.18954353 -0.077793089)
(-0.007337217 0.17357732 -0.075725821)
(-0.0064615198 0.15756681 -0.07262247)
(-0.005576227 0.1418679 -0.068699842)
(-0.0047185338 0.12673908 -0.064165433)
(-0.0039156311 0.11235205 -0.059204674)
(-0.0031850647 0.098807647 -0.053976625)
(-0.0025364992 0.086152591 -0.048613171)
(-0.0019735378 0.074394596 -0.043220365)
(-0.0014953141 0.063514769 -0.037881038)
(-0.001097854 0.053477187 -0.03265799)
(-0.00077518851 0.044235935 -0.027597283)
(-0.00052020697 0.035740066 -0.022731337)
(-0.00032529097 0.027936971 -0.018081681)
(-0.0001828488 0.020774578 -0.013661303)
(-8.5886146e-05 0.014202705 -0.0094765961)
(-2.8219018e-05 0.0081738413 -0.0055289367)
(-2.0842189e-06 0.0026435412 -0.0018159467)
(0.016572775 0.47620965 0.031478179)
(-0.0041935943 0.38312255 0.062476185)
(0.011235058 0.31405603 0.067902841)
(0.0087590102 0.27409529 0.063176981)
(0.0098778652 0.25517267 0.052004535)
(0.0096251587 0.2485832 0.039003047)
(0.0086358801 0.24822629 0.02556105)
(0.0071804766 0.25070603 0.012267637)
(0.0054442992 0.25435206 -0.00066939024)
(0.0035699551 0.2583101 -0.013162861)
(0.0016757011 0.26199267 -0.025120715)
(-0.00014133549 0.26481983 -0.036393782)
(-0.0018019191 0.26616411 -0.04678013)
(-0.0032435003 0.26541213 -0.056053844)
(-0.0044193125 0.26207141 -0.063998965)
(-0.0052992526 0.25586852 -0.070439011)
(-0.0058723915 0.24680258 -0.075258187)
(-0.0061627137 0.2351368 -0.078410507)
(-0.0061759567 0.22133623 -0.079917592)
(-0.0059469613 0.20597721 -0.079913454)
(-0.0055610127 0.18965674 -0.078559586)
(-0.0050771088 0.17292359 -0.07601848)
(-0.0045079813 0.15623699 -0.072506928)
(-0.0039096905 0.13995046 -0.068233255)
(-0.0033144943 0.12431469 -0.063390847)
(-0.0027464681 0.10949132 -0.058152885)
(-0.0022226743 0.095570762 -0.052668776)
(-0.0017538081 0.08259008 -0.047063215)
(-0.0013452793 0.070548512 -0.041437248)
(-0.0009984544 0.059420017 -0.035870519)
(-0.0007117855 0.04916278 -0.030424069)
(-0.00048174005 0.039726098 -0.025143244)
(-0.00030353925 0.031055164 -0.020060463)
(-0.0001718055 0.023094273 -0.015197698)
(-8.1230153e-05 0.015788861 -0.010568621)
(-2.6894944e-05 0.0090867432 -0.0061803935)
(-2.0263269e-06 0.0029387876 -0.0020351453)
(0.016997557 0.4800831 0.028929139)
(-0.0033332748 0.3933321 0.058812882)
(0.013466595 0.32686687 0.065104877)
(0.012827983 0.28608614 0.061276564)
(0.014749687 0.26471032 0.051314921)
(0.01546735 0.25544064 0.039311091)
(0.015159704 0.25291102 0.02674222)
(0.014182906 0.25394759 0.014197554)
(0.012770558 0.25686809 0.0018840115)
(0.011084662 0.26074891 -0.01011633)
(0.0092490273 0.26493815 -0.021715047)
(0.007361318 0.26880955 -0.032770917)
(0.0055007134 0.27168044 -0.04309409)
(0.0037340625 0.27284016 -0.052471687)
(0.0021178517 0.27163814 -0.060695705)
(0.00069800746 0.26759212 -0.067586532)
(-0.00048408929 0.2604774 -0.073010577)
(-0.0014001391 0.25036495 -0.076891978)
(-0.0020739553 0.2375963 -0.079215481)
(-0.002493241 0.22270613 -0.080018148)
(-0.0027321522 0.2063231 -0.079385219)
(-0.0027507672 0.18907648 -0.077503896)
(-0.0026375755 0.17152866 -0.07455131)
(-0.0024346032 0.15413844 -0.070711353)
(-0.0021691504 0.13725076 -0.066172643)
(-0.0018716881 0.12110397 -0.061111609)
(-0.0015666456 0.10584633 -0.055687188)
(-0.0012718559 0.091555516 -0.050037429)
(-0.00099958024 0.078257259 -0.044278522)
(-0.00075756247 0.065941202 -0.038505558)
(-0.00054996364 0.054573398 -0.032794351)
(-0.00037820415 0.044105645 -0.027203766)
(-0.0002417068 0.034482138 -0.021778196)
(-0.00013858415 0.025644032 -0.016549951)
(-6.6347359e-05 0.017532434 -0.011541438)
(-2.2295129e-05 0.010090262 -0.0067670548)
(-1.7621074e-06 0.0032633415 -0.0022348267)
(0.017342655 0.48407305 0.026054892)
(-0.0025835835 0.40408639 0.054022868)
(0.015677741 0.34087398 0.060865879)
(0.017094198 0.29994407 0.057984957)
(0.020155215 0.27653947 0.049309924)
(0.022052412 0.26475662 0.038475841)
(0.022666733 0.26002751 0.026958012)
(0.022380728 0.25946667 0.015334307)
(0.021471359 0.26140997 0.0038177122)
(0.020120722 0.26486484 -0.0074968307)
(0.018459352 0.26911525 -0.018510037)
(0.016587578 0.27350612 -0.029077847)
(0.014587369 0.27734857 -0.039018686)
(0.012531853 0.27991085 -0.048138034)
(0.010490065 0.2804664 -0.056250614)
(0.0085273824 0.27838359 -0.063195227)
(0.006704649 0.27323021 -0.068844329)
(0.0050709075 0.26485514 -0.073111397)
(0.0036479055 0.25341401 -0.075955687)
(0.0024792568 0.23932874 -0.07739216)
(0.0015558085 0.2231986 -0.077489393)
(0.00083317069 0.2056943 -0.076333805)
(0.00031036826 0.18746526 -0.074047721)
(-3.2081831e-05 0.16907675 -0.070796709)
(-0.0002496835 0.15097877 -0.066750311)
(-0.00036519192 0.1335009 -0.062076221)
(-0.00040616198 0.11686374 -0.056932174)
(-0.00039647156 0.10119814 -0.051460744)
(-0.00035521768 0.086566141 -0.045786582)
(-0.00029707548 0.072980179 -0.040015567)
(-0.00023291287 0.06041898 -0.034235323)
(-0.00017040114 0.048839864 -0.028516611)
(-0.00011461727 0.038187754 -0.022915167)
(-6.864556e-05 0.028401502 -0.01747371)
(-3.4191051e-05 0.019418138 -0.012223925)
(-1.2011639e-05 0.011175593 -0.0071882766)
(-1.0686894e-06 0.0036143538 -0.0023816628)
(0.017673743 0.48831353 0.022873485)
(-0.0017690365 0.41571587 0.04811646)
(0.018037877 0.35664636 0.054979856)
(0.021797915 0.31653524 0.052994505)
(0.026394963 0.29188638 0.04565524)
(0.029791832 0.27808639 0.036145915)
(0.031648873 0.27137653 0.02586479)
(0.032324913 0.26921106 0.015359114)
(0.032124721 0.26998042 0.0048505271)
(0.03124918 0.27263919 -0.0055380146)
(0.029841232 0.27641727 -0.015685033)
(0.028012409 0.28064844 -0.025437394)
(0.025859754 0.28468281 -0.034622799)
(0.02347549 0.28784441 -0.043072182)
(0.020949854 0.28942644 -0.050632404)
(0.018372532 0.28873904 -0.057181027)
(0.015828037 0.28520091 -0.062625286)
(0.013393457 0.2784463 -0.066895426)
(0.011132184 0.26840632 -0.069946573)
(0.0090893616 0.25532403 -0.071760687)
(0.0072917379 0.23969908 -0.07235484)
(0.0057579045 0.22218661 -0.071788037)
(0.0044566451 0.20348711 -0.070156126)
(0.0033947696 0.18425592 -0.067570111)
(0.0025402633 0.16504674 -0.064162741)
(0.0018654545 0.1462879 -0.060076076)
(0.0013425183 0.12828333 -0.055451471)
(0.00094471904 0.11122819 -0.050422912)
(0.00064777593 0.095230393 -0.045112635)
(0.00043056103 0.080332602 -0.03962864)
(0.00027524892 0.066531544 -0.034063738)
(0.00016716504 0.053793618 -0.028495719)
(9.4477087e-05 0.04206667 -0.022988254)
(4.783487e-05 0.031288474 -0.01759222)
(2.0021491e-05 0.021392553 -0.012347205)
(5.5957317e-06 0.012312004 -0.0072830301)
(1.7512204e-07 0.0039818874 -0.0024212285)
(0.018128525 0.49303792 0.019349525)
(-0.0007326177 0.42895154 0.041047653)
(0.020937158 0.37538633 0.047210194)
(0.027538967 0.33749392 0.04591569)
(0.034168433 0.31279689 0.039910189)
(0.039475784 0.29779979 0.031866518)
(0.042935817 0.28951417 0.023032329)
(0.044837177 0.28576829 0.013907154)
(0.045491624 0.28506833 0.0047217951)
(0.045130378 0.28638448 -0.0043855654)
(0.043929588 0.28894117 -0.013269134)
(0.042033161 0.29210137 -0.021773548)
(0.039576741 0.29530045 -0.02974577)
(0.036694442 0.29798052 -0.037049995)
(0.03351693 0.29954026 -0.043578457)
(0.030165461 0.29932422 -0.049247456)
(0.026755362 0.29668169 -0.054004431)
(0.023389415 0.29107788 -0.057814935)
(0.020155257 0.28221524 -0.060649436)
(0.017123223 0.27011313 -0.062489376)
(0.014344433 0.25510602 -0.063332869)
(0.011850386 0.23776788 -0.063200856)
(0.0096540971 0.21879805 -0.062142037)
(0.0077531704 0.19890881 -0.060229739)
(0.0061341734 0.1787413 -0.057555991)
(0.0047761307 0.1588185 -0.05422646)
(0.0036535964 0.13953086 -0.050353413)
(0.0027391892 0.1211441 -0.046049243)
(0.0020055091 0.10381882 -0.041421381)
(0.0014264433 0.087633901 -0.036568752)
(0.00097795833 0.072608768 -0.031579652)
(0.00063849254 0.058722286 -0.02653079)
(0.00038907337 0.045927509 -0.021487188)
(0.00021335063 0.034162567 -0.016502688)
(9.7711913e-05 0.023358314 -0.011620809)
(3.1080388e-05 0.013443455 -0.0068757751)
(2.0315053e-06 0.0043478187 -0.0022936503)
(0.018834047 0.49846576 0.015233363)
(0.0012102769 0.44479288 0.032341453)
(0.02528356 0.398831 0.037055581)
(0.035391718 0.36501918 0.036211586)
(0.044553983 0.34170787 0.031565869)
(0.052092558 0.32637572 0.025185668)
(0.057351742 0.31677905 0.018116659)
(0.060522339 0.31120004 0.010789585)
(0.061927481 0.30839026 0.0034122178)
(0.061871817 0.30746734 -0.0038872019)
(0.060603657 0.30774494 -0.010954437)
(0.058330277 0.30868999 -0.017658211)
(0.055255255 0.30986822 -0.023883915)
(0.051579442 0.31087142 -0.029540533)
(0.047486849 0.31123744 -0.034554857)
(0.043146162 0.3104041 -0.038889081)
(0.038703775 0.30772152 -0.042533594)
(0.03428397 0.30254176 -0.045479404)
(0.029990266 0.29436797 -0.047717953)
(0.025906286 0.28298731 -0.049239636)
(0.022095986 0.26852956 -0.050037712)
(0.018604012 0.25143276 -0.05011486)
(0.015456777 0.23234124 -0.049488914)
(0.01266449 0.21198091 -0.048195616)
(0.010223941 0.19105095 -0.046288097)
(0.0081215683 0.1701521 -0.043833704)
(0.0063364066 0.14975347 -0.040909371)
(0.0048427158 0.13018918 -0.037596698)
(0.0036121739 0.11167334 -0.033977513)
(0.0026156106 0.094323101 -0.030130336)
(0.0018242933 0.078182859 -0.026127861)
(0.0012108002 0.063245993 -0.022035378)
(0.00074957427 0.049472421 -0.017909991)
(0.00041742572 0.036801908 -0.013800436)
(0.00019424333 0.025163601 -0.0097473178)
(6.3061916e-05 0.014482538 -0.0057836138)
(4.4451501e-06 0.0046838756 -0.00193536)
(0.019854801 0.50409661 0.0099683441)
(0.0045905662 0.46217496 0.021078644)
(0.031303008 0.42555305 0.023844439)
(0.045326157 0.39737063 0.023258305)
(0.057180284 0.37652146 0.020146052)
(0.066846052 0.36134587 0.015838754)
(0.07365367 0.35038685 0.011073711)
(0.077749989 0.34251054 0.0061560208)
(0.079491967 0.33685677 0.0012381489)
(0.07931021 0.33282841 -0.003540724)
(0.077563466 0.3299273 -0.0081069893)
(0.074543426 0.32779178 -0.012390795)
(0.07054236 0.32613257 -0.016325003)
(0.065834615 0.32467243 -0.019858567)
(0.060662486 0.32307041 -0.022961433)
(0.055233066 0.32085116 -0.025625136)
(0.049717236 0.31738519 -0.027852777)
(0.044252605 0.31195957 -0.029651486)
(0.03894883 0.30392921 -0.031025671)
(0.033892092 0.29288513 -0.031974406)
(0.029148271 0.2787633 -0.032493255)
(0.024765035 0.26185272 -0.032578924)
(0.020773399 0.24271373 -0.032234338)
(0.017189338 0.22205103 -0.031472238)
(0.014015671 0.20058885 -0.03031651)
(0.01124421 0.17897852 -0.028801392)
(0.0088580281 0.15774763 -0.026969251)
(0.0068336865 0.13728494 -0.024867695)
(0.0051433069 0.11784935 -0.022546654)
(0.0037563924 0.099591196 -0.020055818)
(0.0026413461 0.08257729 -0.017442628)
(0.0017666448 0.066814551 -0.014750855)
(0.0011017208 0.052269779 -0.012019709)
(0.00061788043 0.038884966 -0.0092834084)
(0.0002896049 0.026588453 -0.0065710729)
(9.487715e-05 0.015302647 -0.0039068544)
(6.9070685e-06 0.0049491118 -0.0013102501)
(0.020706276 0.50802288 0.0032257604)
(0.0076815856 0.47484451 0.0067533238)
(0.036379728 0.44545944 0.007366294)
(0.053279148 0.42183839 0.0069327219)
(0.067016049 0.40304901 0.0056722653)
(0.07799105 0.38802159 0.004034839)
(0.085615784 0.375919 0.0022858581)
(0.090053717 0.36610354 0.00053283934)
(0.091820046 0.35807822 -0.0011743206)
(0.091366823 0.35147534 -0.0027822218)
(0.089066388 0.3459956 -0.0042757137)
(0.085336076 0.34141017 -0.0056445549)
(0.080551475 0.33752304 -0.0068771388)
(0.075035367 0.33412829 -0.0079639777)
(0.069061292 0.33094355 -0.0089014009)
(0.062855906 0.32753618 -0.0096916358)
(0.056601219 0.32328955 -0.010340287)
(0.050439519 0.31745842 -0.010853068)
(0.04448024 0.30931694 -0.011233403)
(0.038806792 0.29834203 -0.011481536)
(0.033481891 0.28434945 -0.011595275)
(0.028551049 0.26752833 -0.011571885)
(0.024044709 0.24837507 -0.011410219)
(0.019979746 0.22756831 -0.011112368)
(0.016360868 0.20583638 -0.010684425)
(0.01318214 0.18385329 -0.010136414)
(0.010428681 0.16217698 -0.0094815957)
(0.008078476 0.14122646 -0.0087354618)
(0.0061041992 0.12128644 -0.007914669)
(0.0044749562 0.10252693 -0.007036074)
(0.0031578433 0.085028349 -0.0061159557)
(0.0021192411 0.068806086 -0.0051694495)
(0.001325862 0.053831429 -0.0042101847)
(0.00074590784 0.040048042 -0.0032500907)
(0.00035073478 0.027384072 -0.0022993325)
(0.00011538034 0.015760593 -0.0013663446)
(8.5283253e-06 0.0050972199 -0.00045792785)
(0.020734385 0.50813297 -0.0042722721)
(0.0077357109 0.47499451 -0.0091155291)
(0.036393086 0.44543069 -0.010688308)
(0.053212287 0.42152197 -0.010982743)
(0.066857551 0.40243965 -0.010211444)
(0.077742096 0.38716986 -0.0088599811)
(0.085291809 0.3748963 -0.0072277543)
(0.089678282 0.36498374 -0.0054478133)
(0.091386671 0.35693436 -0.0035957676)
(0.090896615 0.35035597 -0.0017532394)
(0.088613437 0.34494077 5.4156136e-05)
(0.084910148 0.34044327 0.0017844434)
(0.080152544 0.33665637 0.0034014767)
(0.074666253 0.33336489 0.0048772851)
(0.068724509 0.33027868 0.0061934496)
(0.06255211 0.32695937 0.0073413059)
(0.056329627 0.32278721 0.0083197162)
(0.050198532 0.31701655 0.0091315427)
(0.044267843 0.30892351 0.0097804531)
(0.038620802 0.29798826 0.010268952)
(0.033320117 0.28402993 0.010598008)
(0.028411378 0.26724028 0.01076798)
(0.023925146 0.2481172 0.010780129)
(0.019878418 0.22733985 0.010638012)
(0.01627601 0.20563642 0.010348335)
(0.013112073 0.18368045 0.0099211293)
(0.010371795 0.16202943 0.0093693861)
(0.0080332176 0.14110204 0.00870834)
(0.0060690651 0.12118283 0.0079546055)
(0.0044484955 0.10244181 0.007125327)
(0.0031386669 0.084959544 0.0062374322)
(0.0021060311 0.068751629 0.0053070419)
(0.0013173829 0.053789597 0.0043490462)
(0.00074101379 0.040017364 0.003376835)
(0.00034837081 0.02736331 0.0024021533)
(0.00011457507 0.015748722 0.0014350431)
(8.4612317e-06 0.0050933919 0.00048388617)
(0.019900123 0.50432477 -0.011053751)
(0.0046500816 0.46238506 -0.023445118)
(0.031255865 0.42525556 -0.027069705)
(0.04508171 0.39636032 -0.027142836)
(0.056729345 0.37482366 -0.024480974)
(0.066185443 0.35909522 -0.020451417)
(0.072803757 0.34775204 -0.015821512)
(0.07674882 0.33965918 -0.010918446)
(0.078429017 0.33394783 -0.0059128375)
(0.078229177 0.32995211 -0.0009335857)
(0.076478285 0.32718516 0.0038991717)
(0.073474617 0.32525372 0.0084934867)
(0.069520139 0.32383742 0.012768209)
(0.064879774 0.32263248 0.016656043)
(0.059785288 0.32127618 0.020111491)
(0.054437101 0.31927743 0.023114014)
(0.049002173 0.31599848 0.0256586)
(0.043615747 0.31072584 0.027748109)
(0.038386042 0.30282002 0.029385955)
(0.033398477 0.29188069 0.030572445)
(0.028718642 0.27785229 0.031305543)
(0.024394184 0.26102993 0.031584572)
(0.020456245 0.24197707 0.031414651)
(0.016920979 0.22139894 0.030810005)
(0.01379139 0.20001877 0.0297953)
(0.011059462 0.17848637 0.02840505)
(0.0087084239 0.15732793 0.026681643)
(0.006714983 0.13693128 0.024672696)
(0.0050514105 0.11755496 0.022428292)
(0.0036873743 0.099349386 0.019998516)
(0.0025914655 0.082381821 0.017431467)
(0.001732376 0.066659815 0.01477182)
(0.0010797835 0.052150888 0.012059887)
(0.00060525547 0.038797752 0.0093311299)
(0.00028352054 0.026529417 0.0066159878)
(9.2821149e-05 0.015268885 0.0039399431)
(6.7368014e-06 0.0049382241 0.0013237947)
(0.018835309 0.49863828 -0.016329024)
(0.0011514107 0.44471716 -0.034649082)
(0.025091177 0.3980157 -0.04011116)
(0.034964479 0.36333835 -0.039861272)
(0.043926654 0.33925778 -0.035626234)
(0.051258682 0.32333554 -0.029511073)
(0.056328147 0.31334009 -0.022586736)
(0.059348519 0.3075388 -0.015300998)
(0.060666627 0.30465936 -0.0078753776)
(0.060548046 0.30376562 -0.00046548708)
(0.059253324 0.30419009 0.0067719166)
(0.056996188 0.30536319 0.013706073)
(0.053973282 0.30681823 0.020206108)
(0.050372901 0.3081162 0.026162527)
(0.046369641 0.30876836 0.031486233)
(0.042125228 0.30819349 0.036126583)
(0.037780955 0.30573256 0.040063376)
(0.033458028 0.30073863 0.043282362)
(0.029257969 0.29272307 0.04577244)
(0.025262917 0.28148387 0.047523949)
(0.021535925 0.26716008 0.04853161)
(0.018121156 0.25019532 0.048800131)
(0.01504481 0.23123548 0.048349267)
(0.012317047 0.21100513 0.047216201)
(0.0099347112 0.19020083 0.045454984)
(0.007884365 0.16942056 0.043133476)
(0.0061452159 0.1491313 0.040328894)
(0.0046917323 0.129666 0.037123061)
(0.0034958361 0.11123848 0.033598084)
(0.0025286355 0.093966251 0.029832893)
(0.0017617109 0.077894543 0.025900733)
(0.0011679849 0.063017802 0.021867587)
(0.00072227451 0.049297088 0.017791354)
(0.000401773 0.036673272 0.013721643)
(0.00018673313 0.025076513 0.0096999694)
(6.0530021e-05 0.014432726 0.0057602162)
(4.2407713e-06 0.0046678111 0.0019293089)
(0.018060792 0.49309102 -0.02038054)
(-0.0010042257 0.42857012 -0.043223081)
(0.020662162 0.37417619 -0.050113844)
(0.027051886 0.33544212 -0.049375844)
(0.033546608 0.31004746 -0.043753883)
(0.038702128 0.29454399 -0.035965055)
(0.042013375 0.28592896 -0.027285133)
(0.04378885 0.28200069 -0.018233883)
(0.044352711 0.28123751 -0.0090548009)
(0.043917907 0.28257944 0.00010218677)
(0.042678996 0.28525472 0.0090986075)
(0.040787518 0.28860267 0.017771943)
(0.038367085 0.29203449 0.025956999)
(0.035542863 0.29496615 0.033504206)
(0.032438746 0.29677279 0.040291577)
(0.029172092 0.29678521 0.046228612)
(0.025851702 0.29434562 0.051248681)
(0.022577146 0.28892139 0.055306871)
(0.019433687 0.28022487 0.058373796)
(0.016489417 0.26828448 0.060430035)
(0.013793909 0.25344051 0.061474446)
(0.011377631 0.23626845 0.061529429)
(0.0092528911 0.21746562 0.060645419)
(0.0074168889 0.1977403 0.058897089)
(0.0058560938 0.17772936 0.056377162)
(0.0045496384 0.15795233 0.05319169)
(0.0034723019 0.13879745 0.049453147)
(0.0025969988 0.12052954 0.045274065)
(0.0018966742 0.10330934 0.040762028)
(0.0013455968 0.087216584 0.036016178)
(0.00092014043 0.072272011 0.031125108)
(0.000599167 0.058455955 0.026165899)
(0.00036413931 0.045722952 0.021204012)
(0.00019913439 0.034012517 0.016293769)
(9.0928461e-05 0.023256732 0.011479191)
(2.8814758e-05 0.013385352 0.006795019)
(1.8531323e-06 0.0043290804 0.002267835)
(0.017618321 0.48830079 -0.023794854)
(-0.0020527193 0.41520426 -0.050154148)
(0.017766847 0.35527689 -0.057800948)
(0.021373919 0.31434723 -0.056338053)
(0.025891087 0.28906468 -0.049357397)
(0.029186374 0.27484094 -0.040088145)
(0.030939183 0.26787858 -0.02995833)
(0.031520772 0.26558434 -0.019538384)
(0.031242738 0.26631423 -0.0090625296)
(0.030307743 0.26900135 0.0013404402)
(0.028865005 0.27286742 0.011556778)
(0.027028591 0.27723492 0.021426537)
(0.024892517 0.28143879 0.03077056)
(0.022544932 0.28478584 0.039410716)
(0.02007171 0.2865546 0.047183058)
(0.017558299 0.28604729 0.053954718)
(0.015085848 0.28268182 0.05962372)
(0.012726836 0.27609714 0.064112049)
(0.010541605 0.26623076 0.06737124)
(0.0085731873 0.25332989 0.069384356)
(0.0068463433 0.23789435 0.070168849)
(0.0053800529 0.22057578 0.069784495)
(0.0041379051 0.20206909 0.06832976)
(0.0031302347 0.18302376 0.065914721)
(0.0023236383 0.16398863 0.062671871)
(0.0016906582 0.14538881 0.05874323)
(0.0012038612 0.12752669 0.054270012)
(0.00083690578 0.11059729 0.049386031)
(0.00056592582 0.094709385 0.044213385)
(0.00037022283 0.0799071 0.038860012)
(0.00023240251 0.066188921 0.033418741)
(0.0001382124 0.053523058 0.027967453)
(7.6229978e-05 0.041859076 0.022569968)
(3.7487982e-05 0.031136294 0.017277358)
(1.5112614e-05 0.021289567 0.012129436)
(3.9628422e-06 0.012253109 0.0071562762)
(4.923645e-08 0.0039628952 0.0023796889)
(0.017298893 0.48403928 -0.026890028)
(-0.0027183372 0.40352594 -0.055922555)
(0.015489536 0.33942438 -0.063598397)
(0.01678334 0.2976582 -0.061243765)
(0.01979317 0.2736493 -0.05291738)
(0.021622187 0.26150251 -0.042313081)
(0.022169313 0.2565876 -0.030941091)
(0.021821553 0.25595352 -0.019405138)
(0.020858699 0.25789183 -0.0079318032)
(0.019466533 0.26138664 0.0033794257)
(0.0177786 0.26571023 0.014430532)
(0.01589755 0.2702016 0.025076736)
(0.013905625 0.2741651 0.035133268)
(0.011874603 0.27686194 0.044399289)
(0.0098711415 0.27756093 0.052681202)
(0.0079573984 0.27562993 0.059809762)
(0.0061900452 0.27063957 0.065651119)
(0.0046146419 0.26244206 0.070113012)
(0.0032603854 0.25119422 0.073150378)
(0.0021328481 0.2373157 0.074772657)
(0.0012755228 0.22139997 0.075053456)
(0.00059292333 0.20411046 0.074081965)
(0.00011039459 0.18608919 0.071977407)
(-0.00019407429 0.16789546 0.06890544)
(-0.00038063262 0.14997528 0.065034693)
(-0.00046950419 0.1326562 0.060532085)
(-0.00048781964 0.11615852 0.055554622)
(-0.00045916026 0.10061399 0.05024427)
(-0.00040224585 0.086086329 0.044725224)
(-0.00033136076 0.072589991 0.039103052)
(-0.00025700745 0.060105828 0.033465193)
(-0.00018652402 0.048593188 0.027882329)
(-0.00012468387 0.037998823 0.022410195)
(-7.430049e-05 0.028263173 0.017091574)
(-3.6849749e-05 0.019324599 0.011958254)
(-1.2881163e-05 0.011122124 0.0070328423)
(-1.1329045e-06 0.0035971146 0.0023304119)
(0.016954674 0.48002066 -0.029718503)
(-0.0034316782 0.39268855 -0.060645839)
(0.013343393 0.32529618 -0.067771623)
(0.012619622 0.28366224 -0.064474149)
(0.014511668 0.26170057 -0.054859933)
(0.015185482 0.25211072 -0.043082102)
(0.01483918 0.24944771 -0.03065682)
(0.013827961 0.25045837 -0.018200716)
(0.01238594 0.25340757 -0.005935839)
(0.010677275 0.25734483 0.0060500154)
(0.0088272391 0.26160585 0.017667925)
(0.006935518 0.2655621 0.028776924)
(0.0050820988 0.26853135 0.039185632)
(0.0033333585 0.26980465 0.048677022)
(0.001745275 0.26873429 0.057037285)
(0.000363244 0.26484161 0.064080739)
(-0.00077916318 0.25790438 0.069668547)
(-0.0016659953 0.24799314 0.073721082)
(-0.002287365 0.23544468 0.076222606)
(-0.002672339 0.22078583 0.077215175)
(-0.0028776432 0.20463576 0.076778979)
(-0.0028726446 0.18761481 0.075092393)
(-0.0027330216 0.17027826 0.072332711)
(-0.0025103231 0.1530802 0.068683088)
(-0.0022286886 0.13636323 0.06433169)
(-0.0019178577 0.12036532 0.059453924)
(-0.0016019175 0.10523573 0.054207773)
(-0.0012983491 0.091054044 0.048730538)
(-0.0010190694 0.077848322 0.043137868)
(-0.00077152351 0.065610642 0.037524499)
(-0.00055962205 0.054309393 0.03196604)
(-0.00038457704 0.04389848 0.026521275)
(-0.00024563605 0.034323931 0.021234597)
(-0.00014076713 0.025528442 0.016138388)
(-6.7360504e-05 0.017454381 0.011255164)
(-2.2625085e-05 0.010045683 0.0065994776)
(-1.784396e-06 0.003248974 0.0021795344)
(0.016539895 0.47611448 -0.032231942)
(-0.0042619499 0.38238078 -0.06427264)
(0.011178977 0.31234387 -0.070531479)
(0.0086403023 0.27151034 -0.066335758)
(0.009744487 0.25201333 -0.055510606)
(0.0094662987 0.24513535 -0.042736736)
(0.0084594302 0.24468362 -0.029440161)
(0.0069904412 0.24717327 -0.016237936)
(0.0052439871 0.25087532 -0.0033540732)
(0.0033639917 0.25490815 0.0091177998)
(0.001468912 0.25867159 0.021083544)
(-0.00034317523 0.26158734 0.032394008)
(-0.0019925614 0.26303389 0.04284661)
(-0.0034172133 0.26240516 0.052213411)
(-0.0045715962 0.25921462 0.060275218)
(-0.0054275891 0.25319182 0.066851692)
(-0.0059768452 0.24433447 0.071823602)
(-0.0062392092 0.23289994 0.075144881)
(-0.0062474797 0.21934406 0.076841087)
(-0.005992178 0.2042324 0.077027679)
(-0.0056046561 0.18815204 0.075868622)
(-0.0051034193 0.17164358 0.073527303)
(-0.00452638 0.15516077 0.070216325)
(-0.0039222866 0.13905433 0.06614196)
(-0.0033227182 0.12357441 0.061495625)
(-0.0027516078 0.10888375 0.056448966)
(-0.0022257546 0.095074887 0.05115028)
(-0.0017555623 0.082187482 0.045723508)
(-0.0013462094 0.070223532 0.040269228)
(-0.00099889596 0.059159637 0.034866835)
(-0.00071195666 0.048956375 0.02957728)
(-0.00048177707 0.039565122 0.024445932)
(-0.00030352226 0.030932822 0.019505304)
(-0.00017177715 0.023005206 0.014777518)
(-8.1211215e-05 0.015728868 0.010276418)
(-2.6884692e-05 0.0090525303 0.0060093678)
(-2.0262099e-06 0.0029277685 0.0019787186)
(0.016095197 0.47227889 -0.034358285)
(-0.0051293736 0.37251316 -0.066726295)
(0.0089348344 0.30031715 -0.072102639)
(0.0047815821 0.26069574 -0.067021485)
(0.0053936974 0.24379088 -0.05512217)
(0.00426656 0.23953658 -0.041529046)
(0.0027713992 0.24107237 -0.027538512)
(0.001000976 0.24475211 -0.013759948)
(-0.00090926062 0.2488821 -0.00042797205)
(-0.0028309249 0.25265335 0.012347284)
(-0.0046490796 0.25553826 0.024449645)
(-0.0062713276 0.25703641 0.035712404)
(-0.0076229101 0.25663977 0.04592307)
(-0.0086510879 0.25390553 0.054854759)
(-0.00932753 0.24855301 0.062303827)
(-0.0096497038 0.24053061 0.068122135)
(-0.009640148 0.23002739 0.072237991)
(-0.0093407168 0.21743054 0.074663712)
(-0.00878996 0.20324963 0.07549224)
(-0.0081110051 0.18803428 0.074881421)
(-0.007284272 0.1723048 0.073019316)
(-0.0064122749 0.15650788 0.070123455)
(-0.0055320273 0.14099647 0.066408743)
(-0.0046801167 0.12602849 0.062079804)
(-0.0038830967 0.11177686 0.057319855)
(-0.0031581561 0.098344792 0.052286433)
(-0.0025147671 0.085781906 0.047110441)
(-0.0019564236 0.074098986 0.041897356)
(-0.0014822075 0.06328009 0.036729735)
(-0.0010881364 0.053291971 0.03167031)
(-0.00076826293 0.044091042 0.026765216)
(-0.00051551692 0.03562832 0.022047035)
(-0.00032233078 0.027852809 0.017537508)
(-0.00018116851 0.020713728 0.01324986)
(-8.5085853e-05 0.014161915 0.009190734)
(-2.7953318e-05 0.0081506487 0.0053617658)
(-2.0618263e-06 0.0026360815 0.0017608437)
(0.015690638 0.46849716 -0.036016798)
(-0.0059844268 0.36306747 -0.067991711)
(0.0067264648 0.28906663 -0.072765935)
(0.0010834274 0.25083992 -0.066522618)
(0.0014081311 0.23641985 -0.053904336)
(-0.00049444971 0.23453253 -0.039656444)
(-0.0023479712 0.23771599 -0.02514346)
(-0.0043009289 0.2422264 -0.010961297)
(-0.0062564878 0.24642888 0.0026389298)
(-0.0081011552 0.24959985 0.015520738)
(-0.0097309915 0.25130268 0.027539108)
(-0.011061254 0.2511511 0.038509098)
(-0.012030592 0.24879407 0.048216819)
(-0.01260542 0.24398637 0.056453937)
(-0.012782353 0.23666125 0.063055571)
(-0.012587101 0.2269609 0.067929222)
(-0.012069464 0.21521477 0.071068823)
(-0.011294865 0.20187953 0.072553001)
(-0.010334559 0.18746485 0.072530182)
(-0.0092635291 0.17246679 0.071192905)
(-0.0081426147 0.15732129 0.068761176)
(-0.0070277929 0.1423805 0.065462323)
(-0.0059593392 0.12790742 0.061509657)
(-0.0049659927 0.11408305 0.057095021)
(-0.0040658809 0.10101961 0.052383541)
(-0.0032682767 0.088775539 0.047512146)
(-0.0025756309 0.07736958 0.042590713)
(-0.0019854705 0.066792657 0.037704748)
(-0.0014920037 0.057017295 0.032918757)
(-0.0010874016 0.048004664 0.028279759)
(-0.00076276978 0.039709666 0.023820592)
(-0.00050884393 0.032084456 0.019562855)
(-0.00031647006 0.025080806 0.015519397)
(-0.00017699858 0.018651625 0.011696386)
(-8.2726645e-05 0.012751876 0.0080949691)
(-2.7017548e-05 0.0073390898 0.0047125923)
(-1.9554876e-06 0.0023736066 0.0015440352)
(0.015393835 0.46480231 -0.037164715)
(-0.0068909658 0.35408854 -0.06816854)
(0.0047204987 0.27846389 -0.072819311)
(-0.0024053486 0.24159763 -0.064846234)
(-0.0023929168 0.22941213 -0.051970508)
(-0.0048084505 0.22950655 -0.037267556)
(-0.0069302768 0.23393777 -0.022407748)
(-0.0089662971 0.23890133 -0.0080061486)
(-0.010865569 0.24283887 0.0056677337)
(-0.012530663 0.24513032 0.018443862)
(-0.013872447 0.24545576 0.030151741)
(-0.01482412 0.24357643 0.040596809)
(-0.015347149 0.23932483 0.049579343)
(-0.015435285 0.23265891 0.056929628)
(-0.015114699 0.22370325 0.062541122)
(-0.014439178 0.21274722 0.06639061)
(-0.013481498 0.20020321 0.068541537)
(-0.012323127 0.18654417 0.069132411)
(-0.011044691 0.17224178 0.068355601)
(-0.0097188428 0.15771982 0.066432892)
(-0.0084058737 0.14332769 0.063594491)
(-0.0071516139 0.12933193 0.060061406)
(-0.0059878632 0.11592043 0.056032998)
(-0.0049341371 0.1032136 0.051681072)
(-0.0039999455 0.091278077 0.047148062)
(-0.003187164 0.080140116 0.042548068)
(-0.0024922145 0.069797208 0.037969605)
(-0.0019079067 0.060227422 0.03347917)
(-0.0014248964 0.051396524 0.029124968)
(-0.0010327814 0.043263176 0.024940447)
(-0.00072088243 0.035782595 0.020947418)
(-0.00047876346 0.028909041 0.017158711)
(-0.00029656096 0.022597439 0.01358035)
(-0.00016524802 0.016804404 0.010213297)
(-7.695544e-05 0.011488817 0.0070548287)
(-2.5028403e-05 0.0066121343 0.0040996043)
(-1.7888419e-06 0.0021384942 0.0013404804)
(0.015199517 0.46113038 -0.037779117)
(-0.0081822347 0.34541234 -0.067412345)
(0.0026555414 0.26822636 -0.071795304)
(-0.0054390392 0.23259627 -0.062459222)
(-0.0061451021 0.22234961 -0.049396192)
(-0.0087007749 0.22400069 -0.034465978)
(-0.010970151 0.2292622 -0.019460993)
(-0.013000779 0.23431561 -0.0050430053)
(-0.014749586 0.23770166 0.0084914948)
(-0.016143184 0.2389235 0.020942191)
(-0.017116438 0.23780128 0.032120339)
(-0.017629544 0.23426361 0.041836866)
(-0.017674617 0.22833048 0.049924748)
(-0.017277475 0.22014309 0.056270245)
(-0.016494085 0.20997533 0.060836778)
(-0.015402141 0.19821014 0.063673381)
(-0.014090136 0.18529134 0.064907166)
(-0.012646651 0.17166948 0.064724276)
(-0.01115192 0.15775712 0.0633458)
(-0.0096725714 0.14390102 0.061004441)
(-0.0082594632 0.13037099 0.057925694)
(-0.006947844 0.11736157 0.05431482)
(-0.0057591916 0.10500118 0.050349568)
(-0.0047037746 0.093364584 0.046177643)
(-0.0037833543 0.082485516 0.041917456)
(-0.0029936605 0.072368016 0.037660827)
(-0.0023264703 0.062995685 0.033476647)
(-0.001771245 0.054338867 0.029414768)
(-0.00131635 0.046359967 0.025509711)
(-0.00094991815 0.03901724 0.021783948)
(-0.00066042624 0.032267404 0.018250699)
(-0.00043704576 0.026067383 0.014916211)
(-0.00026983688 0.02037541 0.011781582)
(-0.00014990052 0.015151697 0.0088441969)
(-6.9601302e-05 0.010358796 0.0060988238)
(-2.2553293e-05 0.0059617555 0.0035384585)
(-1.5939534e-06 0.0019281484 0.0011549556)
(0.015103342 0.45754266 -0.037792676)
(-0.0096990679 0.33709745 -0.065882172)
(0.00036804781 0.25846939 -0.069634722)
(-0.0080678261 0.22371024 -0.059748021)
(-0.0095524698 0.21493492 -0.046351362)
(-0.012157756 0.21768629 -0.031377712)
(-0.014456296 0.22337168 -0.016441982)
(-0.016385073 0.22819963 -0.0022196455)
(-0.017896902 0.23082774 0.010960534)
(-0.01894479 0.23089691 0.022874008)
(-0.01949531 0.22838032 0.033328794)
(-0.019542734 0.22337601 0.042159571)
(-0.019114063 0.21607428 0.049248675)
(-0.01826724 0.20676264 0.054549052)
(-0.017083788 0.19581514 0.058096124)
(-0.015657948 0.18365902 0.060004356)
(-0.01408526 0.17073057 0.060451016)
(-0.012453123 0.1574347 0.05965307)
(-0.01083463 0.14411738 0.057843355)
(-0.0092858363 0.13105283 0.055250458)
(-0.0078457917 0.11844299 0.052084395)
(-0.0065383888 0.1064249 0.04852827)
(-0.0053751256 0.095081956 0.044734952)
(-0.004358081 0.084455781 0.040827382)
(-0.0034826675 0.074557287 0.0369011)
(-0.0027399488 0.065375853 0.033027904)
(-0.0021184598 0.056886582 0.029259836)
(-0.0016055586 0.049055743 0.025633026)
(-0.0011883766 0.041844706 0.02217111)
(-0.00085445018 0.035212699 0.018888149)
(-0.00059210765 0.029118663 0.01579101)
(-0.00039067397 0.023522463 0.012881277)
(-0.00024055452 0.018385638 0.010156732)
(-0.00013329921 0.013671826 0.0076125032)
(-6.1740813e-05 0.0093469753 0.0052419262)
(-1.9949585e-05 0.0053794106 0.0030371971)
(-1.3972642e-06 0.001739806 0.00098984985)
(0.015071419 0.45409589 -0.037198292)
(-0.011276885 0.32912574 -0.063693286)
(-0.00176171 0.24901722 -0.06661372)
(-0.01037731 0.21467639 -0.056575332)
(-0.012490019 0.20694214 -0.042996197)
(-0.015130508 0.21034581 -0.0281507)
(-0.017364948 0.21609128 -0.013485688)
(-0.019101557 0.2204503 0.00033232534)
(-0.020303933 0.22220835 0.012952808)
(-0.020956092 0.22114841 0.024141857)
(-0.021060548 0.21739518 0.033721927)
(-0.020649239 0.21120075 0.041568058)
(-0.01978387 0.20289366 0.047622727)
(-0.018550163 0.19286355 0.051907631)
(-0.017047794 0.18153833 0.054523243)
(-0.015378865 0.16935085 0.0556356)
(-0.013637768 0.1567049 0.055454826)
(-0.011904208 0.1439496 0.05421144)
(-0.010239847 0.13136613 0.052135355)
(-0.0086880159 0.11916567 0.049440293)
(-0.0072755354 0.10749535 0.046314245)
(-0.0060156262 0.096448283 0.042915238)
(-0.0049111256 0.086074911 0.039371049)
(-0.0039575032 0.076393719 0.035781433)
(-0.0031454166 0.067400409 0.032221679)
(-0.0024627228 0.059075245 0.028746625)
(-0.0018959721 0.051388652 0.025394588)
(-0.0014314543 0.044305326 0.022190906)
(-0.0010558914 0.037787141 0.019150957)
(-0.00075686159 0.031795151 0.016282648)
(-0.00052302777 0.026290913 0.013588398)
(-0.00034422577 0.021237326 0.011066688)
(-0.00021146502 0.016599134 0.0087132504)
(-0.00011692679 0.012343191 0.0065219676)
(-5.4043647e-05 0.0084385759 0.0044855395)
(-1.7415919e-05 0.0048565919 0.0025959796)
(-1.210343e-06 0.0015707157 0.00084497336)
(0.015089023 0.45084489 -0.036050187)
(-0.012706275 0.32147754 -0.060857875)
(-0.0036379442 0.23973869 -0.062945427)
(-0.012391242 0.20544695 -0.052937411)
(-0.014952711 0.19825349 -0.039431257)
(-0.017595651 0.20187202 -0.024908702)
(-0.019688543 0.20736999 -0.010712268)
(-0.021161087 0.21109767 0.0025041743)
(-0.022003415 0.21196606 0.014383018)
(-0.02223591 0.20989128 0.024699073)
(-0.021900585 0.20513321 0.033305707)
(-0.021066427 0.19806941 0.040129581)
(-0.019825327 0.18912731 0.045176227)
(-0.018283303 0.17875582 0.048529926)
(-0.016549439 0.16739901 0.050342827)
(-0.014725478 0.15546918 0.050815355)
(-0.012898214 0.14332491 0.050173111)
(-0.01113552 0.13125857 0.048645338)
(-0.0094856766 0.11949368 0.046448186)
(-0.0079790837 0.10818975 0.04377392)
(-0.0066312655 0.09745145 0.040785629)
(-0.0054463078 0.087339482 0.037616189)
(-0.0044201324 0.077881044 0.034370047)
(-0.0035432976 0.069079036 0.031126566)
(-0.0028032164 0.06091955 0.027943994)
(-0.0021858057 0.053377664 0.02486343)
(-0.0016766439 0.046421761 0.021912457)
(-0.001261736 0.040016625 0.019108259)
(-0.00092798096 0.034125606 0.016460207)
(-0.0006634256 0.028712079 0.013971918)
(-0.00045736866 0.023740392 0.011642876)
(-0.00030036221 0.019176452 0.0094696735)
(-0.0001841535 0.014988058 0.0074469449)
(-0.00010163823 0.011145063 0.0055680665)
(-4.6891263e-05 0.0076194153 0.0038256683)
(-1.5080356e-05 0.0043851351 0.0022120079)
(-1.0405622e-06 0.0014182367 0.00071923736)
(0.015187569 0.44780155 -0.034470035)
(-0.013731964 0.3141468 -0.057371842)
(-0.0052803935 0.23058119 -0.058779747)
(-0.014127052 0.19594512 -0.048918232)
(-0.016990952 0.18880571 -0.03574183)
(-0.019581107 0.19224113 -0.021753289)
(-0.021466223 0.19724748 -0.0082215886)
(-0.022621274 0.20025852 0.0042145237)
(-0.023075056 0.20029532 0.015204681)
(-0.022888707 0.19738531 0.024546712)
(-0.022143843 0.19189491 0.03213646)
(-0.020942155 0.18429094 0.037956315)
(-0.019398302 0.17506013 0.042070147)
(-0.017629822 0.16467435 0.044612626)
(-0.015746895 0.15356693 0.045771058)
(-0.013844373 0.1421147 0.045763066)
(-0.011997283 0.13062739 0.044814784)
(-0.010259769 0.1193453 0.043143109)
(-0.008666637 0.10844366 0.040943629)
(-0.0072364256 0.09804135 0.038384142)
(-0.0059750444 0.088211362 0.035602702)
(-0.0048793108 0.078991223 0.032708806)
(-0.003940013 0.070392293 0.029786403)
(-0.0031443539 0.062407455 0.026897715)
(-0.0024777792 0.055017173 0.024087195)
(-0.001925264 0.048194062 0.021385202)
(-0.0014721665 0.041906218 0.018811208)
(-0.0011047503 0.036119579 0.016376463)
(-0.00081047051 0.030799552 0.014086146)
(-0.00057809489 0.025912086 0.011941049)
(-0.00039771642 0.021424361 0.0099388753)
(-0.00026069361 0.017305197 0.0080752232)
(-0.00015955375 0.013525279 0.0063443154)
(-8.791644e-05 0.010057241 0.004739538)
(-4.0495998e-05 0.0068756774 0.003253831)
(-1.2996079e-05 0.0039570872 0.0018799703)
(-8.9155952e-07 0.0012797968 0.00061076506)
(0.015252005 0.44480736 -0.032555362)
(-0.014463353 0.30693632 -0.053334199)
(-0.006771316 0.22145849 -0.054167816)
(-0.015635876 0.1861368 -0.044610496)
(-0.018686208 0.17859404 -0.032010994)
(-0.021163103 0.1814904 -0.018771139)
(-0.022786684 0.18581533 -0.0060901355)
(-0.023589113 0.1880841 0.0054136414)
(-0.023645891 0.18740108 0.015408105)
(-0.023060741 0.18387173 0.023723687)
(-0.021951405 0.17793189 0.030303186)
(-0.020445417 0.17009921 0.03518144)
(-0.018671653 0.16088423 0.038470007)
(-0.016750828 0.15075422 0.040338539)
(-0.014787534 0.14011486 0.040992817)
(-0.012865404 0.12930125 0.040652728)
(-0.01104572 0.1185764 0.039533604)
(-0.0093687891 0.10813579 0.037832855)
(-0.0078570624 0.098115986 0.035722181)
(-0.0065189739 0.088605023 0.033344552)
(-0.0053527549 0.079652907 0.030814615)
(-0.0043497868 0.071281134 0.028221227)
(-0.0034973031 0.063490683 0.025631032)
(-0.0027804251 0.056268401 0.02309232)
(-0.0021836056 0.049591892 0.020638705)
(-0.0016915906 0.043433136 0.018292389)
(-0.0012900141 0.037761087 0.016066901)
(-0.00096572703 0.032543499 0.013969324)
(-0.00070694264 0.027748162 0.012002054)
(-0.00050326051 0.023343704 0.010164156)
(-0.00034561445 0.019300103 0.0084523986)
(-0.00022617279 0.015588979 0.0068620231)
(-0.00013821803 0.01218373 0.0053873127)
(-7.6053621e-05 0.0090595874 0.004022006)
(-3.4982272e-05 0.0061935887 0.0027595937)
(-1.1209463e-05 0.0035645204 0.0015935315)
(-7.6461883e-07 0.0011528321 0.00051738639)
(0.015213899 0.44184688 -0.030296297)
(-0.015005758 0.29982462 -0.04882438)
(-0.0081774949 0.21235584 -0.0491584)
(-0.016987358 0.17604924 -0.040101006)
(-0.020134462 0.1676681 -0.028316062)
(-0.022448306 0.16969911 -0.016031477)
(-0.023774532 0.1731851 -0.0043690511)
(-0.024208923 0.17471725 0.0060810487)
(-0.023877629 0.1734492 0.015012524)
(-0.022925961 0.16952295 0.022292266)
(-0.02150239 0.1634023 0.027907404)
(-0.019752628 0.15561838 0.031935879)
(-0.017811786 0.14667596 0.034522725)
(-0.01579708 0.13701821 0.035856566)
(-0.013803036 0.12701398 0.036146833)
(-0.011899932 0.11695594 0.035604068)
(-0.010135086 0.10706533 0.034425212)
(-0.0085360484 0.097500739 0.032784405)
(-0.007114674 0.08836866 0.030828721)
(-0.0058712485 0.079734292 0.028677642)
(-0.0047981748 0.071631397 0.026424947)
(-0.0038829796 0.064070717 0.02414191)
(-0.0031105996 0.057046781 0.021880976)
(-0.002465017 0.050543182 0.019679379)
(-0.0019303598 0.044536551 0.017562411)
(-0.0014915898 0.038999453 0.01554622)
(-0.0011348911 0.033902445 0.013640099)
(-0.00084785011 0.029215501 0.011848317)
(-0.00061949725 0.024908978 0.010171532)
(-0.00044026316 0.020954223 0.008607882)
(-0.00030188328 0.017323961 0.0071537927)
(-0.00019727355 0.013992495 0.0058045847)
(-0.00012039771 0.010935808 0.0045549117)
(-6.6164633e-05 0.0081315709 0.003399079)
(-3.0396657e-05 0.0055591139 0.0023312693)
(-9.7232086e-06 0.0031993576 0.0013457023)
(-6.6033524e-07 0.0010347303 0.00043674396)
(0.015158989 0.43889494 -0.027674572)
(-0.015627806 0.29282318 -0.043938018)
(-0.0095910024 0.20332635 -0.043824599)
(-0.018258066 0.16577407 -0.035472437)
(-0.021429275 0.15613888 -0.024719748)
(-0.023549475 0.15699117 -0.013578535)
(-0.024566231 0.15948281 -0.0030802891)
(-0.024638611 0.16027922 0.0062237664)
(-0.023943338 0.15854848 0.014058173)
(-0.022664256 0.15442474 0.02032465)
(-0.020974744 0.14835739 0.025046309)
(-0.019031919 0.14085642 0.028330884)
(-0.01697103 0.13239653 0.030341381)
(-0.014901488 0.12338313 0.031270583)
(-0.012905587 0.11414367 0.031319572)
(-0.011039959 0.10493024 0.030681362)
(-0.009338987 0.095927929 0.029530101)
(-0.0078192059 0.087265435 0.028015379)
(-0.0064838293 0.079026196 0.02626056)
(-0.0053268474 0.071258704 0.024363861)
(-0.0043364083 0.063985438 0.022401023)
(-0.003497419 0.057210179 0.020428682)
(-0.0027934253 0.050923763 0.018487839)
(-0.0022078907 0.045108466 0.016607086)
(-0.0017250096 0.03974125 0.014805417)
(-0.0013301772 0.034796108 0.013094564)
(-0.00101022 0.030245713 0.011480877)
(-0.00075346609 0.026062555 0.0099667995)
(-0.00054971383 0.022219694 0.0085520071)
(-0.00039014188 0.018691236 0.0072342605)
(-0.00026718641 0.015452627 0.0060100468)
(-0.00017440313 0.012480795 0.0048750476)
(-0.00010632912 0.0097542161 0.0038244801)
(-5.8376957e-05 0.0072529089 0.0028533404)
(-2.6791886e-05 0.0049583938 0.0019565764)
(-8.5622766e-06 0.0028536253 0.0011292077)
(-5.7877146e-07 0.00092291317 0.0003664087)
(0.015065654 0.4360472 -0.024618103)
(-0.016389816 0.28614948 -0.038631697)
(-0.010932095 0.19459627 -0.038248397)
(-0.019462392 0.15543865 -0.030787433)
(-0.022621792 0.14421076 -0.021254404)
(-0.024551028 0.14357498 -0.011421254)
(-0.025276965 0.14489131 -0.0022112265)
(-0.02501714 0.14491209 0.0058767762)
(-0.023996404 0.14279267 0.012601742)
(-0.022433276 0.13861884 0.017894853)
(-0.02052111 0.13278617 0.021803314)
(-0.018423693 0.12575213 0.024449588)
(-0.016272931 0.1179406 0.025999596)
(-0.014168686 0.10970844 0.026637586)
(-0.012180943 0.10133853 0.026547208)
(-0.010353833 0.093044267 0.02589864)
(-0.0087106224 0.084978943 0.024841161)
(-0.0072588427 0.077246626 0.023500093)
(-0.0059949572 0.069912723 0.021976842)
(-0.0049082495 0.06301336 0.020350856)
(-0.0039838428 0.056563206 0.018682539)
(-0.003204907 0.050561733 0.017016464)
(-0.0025541804 0.044998042 0.015384476)
(-0.002014954 0.039854491 0.013808453)
(-0.0015716566 0.035109357 0.012302647)
(-0.0012101592 0.030738728 0.010875599)
(-0.000917888 0.026717845 0.0095316538)
(-0.00068381741 0.023021996 0.0082721373)
(-0.00049838848 0.019627124 0.0070962543)
(-0.00035338866 0.016510192 0.0060017598)
(-0.00024181308 0.013649408 0.0049854572)
(-0.00015771942 0.011024334 0.004043561)
(-9.6088568e-05 0.0086159247 0.0031719595)
(-5.2718187e-05 0.006406511 0.0023664011)
(-2.4179354e-05 0.004379761 0.0016226256)
(-7.7186518e-06 0.0025206147 0.0009364561)
(-5.2063563e-07 0.00081521185 0.00030386111)
(0.014992235 0.43354012 -0.021135092)
(-0.017044562 0.28017399 -0.032965639)
(-0.012120173 0.1864864 -0.032471892)
(-0.020568621 0.14536369 -0.026058862)
(-0.023721862 0.13225203 -0.017908107)
(-0.025493252 0.1298245 -0.0095280485)
(-0.025973972 0.12975184 -0.001713333)
(-0.025432634 0.12889676 0.0051021496)
(-0.024137397 0.12638927 0.010714191)
(-0.022336985 0.12223781 0.015076314)
(-0.020240939 0.11675204 0.018246828)
(-0.018017199 0.11031012 0.020348141)
(-0.015793349 0.10326659 0.021535663)
(-0.01366019 0.095919401 0.021974823)
(-0.011676952 0.088502796 0.021825236)
(-0.0098773809 0.081191385 0.021230992)
(-0.0082758624 0.074108791 0.020315827)
(-0.0068729726 0.067337409 0.01918182)
(-0.005660119 0.060927676 0.017910377)
(-0.0046231688 0.054906106 0.016564492)
(-0.0037451272 0.049281878 0.015191542)
(-0.0030080092 0.044052019 0.013826137)
(-0.0023940731 0.039205358 0.012492751)
(-0.0018865762 0.034725463 0.011208003)
(-0.0014701903 0.030592773 0.0099825524)
(-0.0011311844 0.026786121 0.0088226295)
(-0.00085745557 0.023283786 0.0077312302)
(-0.00063846778 0.020064207 0.00670904)
(-0.00046513744 0.017106458 0.0057551318)
(-0.00032969416 0.014390534 0.0048674861)
(-0.00022553253 0.011897526 0.0040433738)
(-0.00014706404 0.0096097037 0.0032796344)
(-8.9578292e-05 0.0075105389 0.0025728763)
(-4.9138241e-05 0.0055846947 0.0019196185)
(-2.2532897e-05 0.0038179855 0.0013163889)
(-7.19348e-06 0.0021973236 0.0007597949)
(-4.8456464e-07 0.0007106565 0.00024656889)
(0.014937335 0.43143194 -0.017305922)
(-0.017592707 0.27504924 -0.02695982)
(-0.013131357 0.17926975 -0.026495278)
(-0.021542558 0.13610648 -0.021270378)
(-0.024708193 0.12083585 -0.014643241)
(-0.026368084 0.11637048 -0.0078407512)
(-0.026662133 0.11470416 -0.0015130785)
(-0.025901428 0.11283395 0.0039814067)
(-0.024389896 0.10987023 0.0084768378)
(-0.022401045 0.10573314 0.011942101)
(-0.020157412 0.10062732 0.014434744)
(-0.017830033 0.094832293 0.016064324)
(-0.015542877 0.088618045 0.016964748)
(-0.013379591 0.082213647 0.017274736)
(-0.011391156 0.075799248 0.017125181)
(-0.0096035088 0.069508531 0.016632089)
(-0.0080244721 0.063435335 0.015893614)
(-0.0066495735 0.057641383 0.014989738)
(-0.0054666106 0.052163624 0.013983594)
(-0.0044590478 0.047020565 0.012923605)
(-0.0036084223 0.042217423 0.011845915)
(-0.0028959605 0.037750146 0.010776741)
(-0.0023035994 0.033608452 0.0097344903)
(-0.0018145778 0.02977808 0.0087315637)
(-0.0014137325 0.026242417 0.0077758315)
(-0.0010875965 0.022983652 0.0068718117)
(-0.00082437488 0.019983581 0.0060215881)
(-0.00061384735 0.017224154 0.0052255131)
(-0.00044723278 0.014687841 0.0044827362)
(-0.00031703813 0.012357857 0.0037915972)
(-0.00021690511 0.010218299 0.0031499138)
(-0.00014146078 0.0082542211 0.0025551904)
(-8.6180082e-05 0.0064516537 0.0020047673)
(-4.7282215e-05 0.0047976014 0.0014959263)
(-2.1687161e-05 0.0032800159 0.0010259637)
(-6.9232517e-06 0.0018877563 0.00059224201)
(-4.6711763e-07 0.00061054298 0.00019222423)
(0.014897472 0.42977071 -0.013203602)
(-0.018027581 0.27093814 -0.020663362)
(-0.013938386 0.17328254 -0.02033616)
(-0.022346027 0.12815716 -0.016410578)
(-0.02553867 0.11071211 -0.011421471)
(-0.027128442 0.1041499 -0.0062965004)
(-0.027292382 0.10079687 -0.0015304727)
(-0.026373955 0.097809836 0.0026018513)
(-0.024704088 0.094301822 0.0059739402)
(-0.022574987 0.090114088 0.0085643658)
(-0.020219027 0.08534497 0.01042057)
(-0.017809716 0.080168629 0.011629428)
(-0.015468607 0.074763006 0.012295192)
(-0.013274507 0.069282213 0.012524201)
(-0.011272872 0.063848396 0.012415394)
(-0.0094843271 0.058552319 0.012055417)
(-0.0079121877 0.053457491 0.011516973)
(-0.0065485514 0.04860532 0.010858872)
(-0.0053787779 0.044020106 0.010127251)
(-0.0043847132 0.039713394 0.0093573192)
(-0.0035469001 0.035687492 0.0085752393)
(-0.0028460181 0.031938233 0.0077999138)
(-0.0022637619 0.028457053 0.0070445653)
(-0.0017833244 0.025232533 0.0063180657)
(-0.0013896134 0.022251527 0.0056260172)
(-0.0010692971 0.019499961 0.0049716101)
(-0.0008107433 0.016963416 0.0043562876)
(-0.0006039 0.014627519 0.0037802537)
(-0.00044014657 0.012478223 0.0032428539)
(-0.00031213574 0.010501989 0.0027428578)
(-0.00021363709 0.0086859002 0.0022786652)
(-0.00013938723 0.0070177384 0.0018484553)
(-8.4953128e-05 0.005486012 0.0014502938)
(-4.663033e-05 0.0040799697 0.0010822072)
(-2.1397248e-05 0.0027895924 0.00074223567)
(-6.8371215e-06 0.0016055729 0.00042846906)
(-4.6180757e-07 0.00051928877 0.00013907241)
(0.014891278 0.42861736 -0.0089093138)
(-0.018327074 0.26800924 -0.014134915)
(-0.014512965 0.16885363 -0.014020671)
(-0.022939665 0.12208608 -0.01147987)
(-0.026165076 0.10276934 -0.0082151153)
(-0.027715108 0.094352189 -0.004842784)
(-0.027795428 0.089455934 -0.0016945271)
(-0.026772601 0.085399289 0.0010435139)
(-0.024996225 0.081322367 0.0032843921)
(-0.022771332 0.07701223 0.0050120692)
(-0.020337018 0.072478995 0.0062572185)
(-0.017868528 0.067802887 0.0070771232)
(-0.015486138 0.063076674 0.0075407108)
(-0.013265732 0.05838384 0.0077192445)
(-0.011249101 0.053791585 0.007677809)
(-0.0094535855 0.049350268 0.0074715876)
(-0.0078798593 0.045095206 0.0071482197)
(-0.0065178992 0.041049245 0.0067460899)
(-0.0053515284 0.037225451 0.0062952325)
(-0.0043615704 0.033629464 0.0058185257)
(-0.0035279299 0.030261436 0.0053329495)
(-0.0028309208 0.027117547 0.0048507671)
(-0.0022520564 0.024191174 0.004380559)
(-0.0017744666 0.021473779 0.0039280886)
(-0.001383068 0.01895557 0.0034970039)
(-0.0010645764 0.016626002 0.0030893933)
(-0.00080742539 0.014474149 0.0027062155)
(-0.0006016337 0.012488985 0.0023476285)
(-0.00043864849 0.01065959 0.0020132358)
(-0.00031118335 0.0089753028 0.0017022691)
(-0.00021306016 0.0074258304 0.0014137214)
(-0.0001390589 0.0060013238 0.0011464441)
(-8.4781567e-05 0.0046924273 0.00089921517)
(-4.6550963e-05 0.0034903085 0.00067078781)
(-2.1369158e-05 0.0023866707 0.00045992399)
(-6.8289346e-06 0.0013737533 0.00026541912)
(-4.6226032e-07 0.00044432392 8.61185e-05)
(0.01501077 0.42801591 -0.0045407081)
(-0.018464476 0.26637981 -0.0074183549)
(-0.014841577 0.16624487 -0.0075760027)
(-0.023299821 0.11841832 -0.0064865483)
(-0.026555499 0.097871974 -0.0050081524)
(-0.028086674 0.088197875 -0.0034405399)
(-0.028120537 0.082216991 -0.0019481487)
(-0.027037996 0.077371504 -0.0006264574)
(-0.025199835 0.072838487 0.00047654132)
(-0.022918757 0.068380447 0.0013471864)
(-0.020437854 0.063953773 0.0019950881)
(-0.01793342 0.059576238 0.002443777)
(-0.015525502 0.055281909 0.0027256658)
(-0.013288835 0.051103913 0.0028715739)
(-0.011261407 0.047068461 0.002910935)
(-0.0094587699 0.043196539 0.0028700366)
(-0.0078812537 0.039503373 0.0027710672)
(-0.0065174022 0.035998033 0.002631344)
(-0.005350324 0.032685258 0.0024653717)
(-0.0043603258 0.029566282 0.0022842654)
(-0.0035269705 0.026639581 0.0020963001)
(-0.0028303581 0.023901486 0.0019074877)
(-0.0022518797 0.02134668 0.0017220733)
(-0.0017746052 0.018968592 0.001542946)
(-0.0013834299 0.016759743 0.001371972)
(-0.001065071 0.01471201 0.0012102597)
(-0.00080797496 0.012816871 0.001058366)
(-0.00060217796 0.011065591 0.00091645504)
(-0.00043914532 0.0094493868 0.0007844177)
(-0.00031160711 0.0079595584 0.00066196106)
(-0.00021339894 0.0065875939 0.00054867374)
(-0.00013931158 0.0053252504 0.00044407329)
(-8.4954825e-05 0.0041646157 0.00034764005)
(-4.665718e-05 0.0030981504 0.0002588409)
(-2.1421995e-05 0.0021187162 0.00017714571)
(-6.8496011e-06 0.0012195905 0.00010204027)
(-4.6369953e-07 0.00039447195 3.3035154e-05)
(0.015103026 0.42785341 -0.00016637674)
(-0.01850431 0.26594244 -0.00057397907)
(-0.014956917 0.16556911 -0.0010481304)
(-0.023429635 0.11750307 -0.0014531469)
(-0.026700618 0.096638405 -0.001795236)
(-0.02822779 0.086595577 -0.0020601265)
(-0.028248019 0.08026193 -0.0022436368)
(-0.027146863 0.075128994 -0.0023501256)
(-0.025288538 0.070396794 -0.0023892214)
(-0.022988303 0.065831348 -0.0023733625)
(-0.020490429 0.061379499 -0.0023153902)
(-0.01797315 0.057044848 -0.002226905)
(-0.015556073 0.052843697 -0.0021177699)
(-0.01331106 0.048792594 -0.0019972114)
(-0.011277974 0.044906299 -0.001871346)
(-0.0094721395 0.041195515 -0.0017429281)
(-0.0078916814 0.037666796 -0.0016152013)
(-0.0065253212 0.034324015 -0.0014903191)
(-0.0053565733 0.031168633 -0.0013695938)
(-0.0043652992 0.028199514 -0.0012537814)
(-0.0035309563 0.025413803 -0.0011432628)
(-0.0028335713 0.022807229 -0.0010381769)
(-0.0022544769 0.020374358 -0.00093851154)
(-0.001776701 0.018108833 -0.00084416436)
(-0.0013851114 0.016003577 -0.0007549826)
(-0.0010664069 0.01405099 -0.00067078792)
(-0.00080902179 0.012243118 -0.00059139104)
(-0.00060298362 0.010571813 -0.0005165998)
(-0.00043975128 0.0090288704 -0.00044622309)
(-0.00031204968 0.0076061399 -0.00038007255)
(-0.0002137101 0.0062956283 -0.00031796306)
(-0.0001395194 0.0050895744 -0.00025971274)
(-8.5083919e-05 0.0039805093 -0.00020514294)
(-4.6728558e-05 0.0029613005 -0.00015407814)
(-2.1456193e-05 0.0020251811 -0.00010634607)
(-6.8587127e-06 0.0011657672 -6.1776664e-05)
(-4.6473337e-07 0.0003770656 -2.020027e-05)
(0.014942757 0.42802331 0.0042149154)
(-0.018470025 0.26657594 0.0062635468)
(-0.014883424 0.16683762 0.0054827009)
(-0.023333727 0.11944101 0.0035828052)
(-0.026597467 0.099257342 0.0014216161)
(-0.028133891 0.089829326 -0.0006752061)
(-0.028172822 0.083969294 -0.0025357591)
(-0.027094179 0.079131917 -0.0040719023)
(-0.025257499 0.074519366 -0.0052547243)
(-0.022975457 0.06992373 -0.0060954149)
(-0.020491554 0.065327449 -0.0066292389)
(-0.017982866 0.060768779 -0.0069031942)
(-0.015569393 0.056295585 -0.0069695441)
(-0.013325703 0.051950104 -0.0068750242)
(-0.011292258 0.047764968 -0.0066610695)
(-0.0094848912 0.04376312 -0.0063625318)
(-0.0079028535 0.039959194 -0.0060076211)
(-0.0065350934 0.036361234 -0.005617706)
(-0.0053646753 0.032972222 -0.0052098492)
(-0.0043718515 0.029791326 -0.0047966619)
(-0.0035361345 0.026814912 -0.0043871894)
(-0.0028375719 0.024037309 -0.0039877347)
(-0.0022575005 0.021451386 -0.0036025306)
(-0.0017789377 0.019048989 -0.0032342708)
(-0.0013867302 0.01682128 -0.002884523)
(-0.0010675521 0.014759008 -0.0025540428)
(-0.00080981204 0.012852711 -0.0022430107)
(-0.00060351405 0.011092896 -0.001951207)
(-0.00044009613 0.0094701699 -0.0016781399)
(-0.00031226561 0.0079753487 -0.0014231383)
(-0.00021383927 0.00659954 -0.0011854186)
(-0.00013959242 0.0053342061 -0.00096413232)
(-8.5122313e-05 0.0041712079 -0.0007584)
(-4.6747263e-05 0.0031028343 -0.00056733496)
(-2.1462295e-05 0.002121818 -0.00039005993)
(-6.8623942e-06 0.0012213412 -0.00022571714)
(-4.6438172e-07 0.0003950332 -7.3474128e-05)
(0.014776232 0.42862554 0.0086373062)
(-0.01837043 0.26838734 0.0129634)
(-0.014588866 0.17000614 0.011929879)
(-0.023002026 0.12406322 0.0085819452)
(-0.026240418 0.10542349 0.0046384156)
(-0.027802142 0.097449967 0.00073806442)
(-0.027894012 0.092755035 -0.0027798192)
(-0.026879643 0.088691104 -0.0057357252)
(-0.025107264 0.08445126 -0.0080611707)
(-0.022881609 0.079877377 -0.0097641749)
(-0.02044235 0.075026547 -0.010900409)
(-0.017965827 0.070014908 -0.011550284)
(-0.015573514 0.064960189 -0.01180243)
(-0.013342339 0.05996164 -0.011742608)
(-0.011314966 0.055095182 -0.011447815)
(-0.0095092935 0.050414686 -0.010983618)
(-0.0079263158 0.0459555 -0.010403659)
(-0.0065561837 0.04173841 -0.0097503724)
(-0.0053827457 0.037773276 -0.0090564253)
(-0.0043867759 0.034062028 -0.0083462835)
(-0.0035480905 0.030601036 -0.007637776)
(-0.0028468964 0.027382885 -0.0069435183)
(-0.0022645949 0.024397688 -0.0062721222)
(-0.0017842074 0.021634036 -0.0056291853)
(-0.0013905508 0.019079677 -0.0050180752)
(-0.0010702519 0.016721996 -0.0044405376)
(-0.00081166702 0.014548353 -0.003897159)
(-0.00060474825 0.012546326 -0.0033877134)
(-0.00044088664 0.010703869 -0.0029114188)
(-0.00031274868 0.0090094237 -0.0024671238)
(-0.00021411705 0.0074519909 -0.0020534437)
(-0.00013973935 0.0060211716 -0.0016688572)
(-8.5190905e-05 0.0047071865 -0.0013117761)
(-4.6772768e-05 0.0035008799 -0.00098059328)
(-2.1469539e-05 0.002393712 -0.00067371726)
(-6.8605186e-06 0.0013777419 -0.00038959274)
(-4.6426569e-07 0.00044560476 -0.00012671476)
(0.014848913 0.42983772 0.012994295)
(-0.018070628 0.27156053 0.019484818)
(-0.01402027 0.17496236 0.01825033)
(-0.022422755 0.13097022 0.013523892)
(-0.025636398 0.1144307 0.0078616345)
(-0.027246034 0.10843237 0.0022110134)
(-0.02743039 0.10530533 -0.002925433)
(-0.026528687 0.10226828 -0.0072803136)
(-0.024868775 0.098514116 -0.010744601)
(-0.02274194 0.093958606 -0.013319391)
(-0.020381219 0.088760348 -0.015075595)
(-0.017961711 0.083137729 -0.01612195)
(-0.015606906 0.07729862 -0.016581607)
(-0.013397296 0.071415642 -0.016576357)
(-0.011379584 0.065620943 -0.016217356)
(-0.0095753833 0.060009248 -0.015600526)
(-0.007988722 0.054643972 -0.014805185)
(-0.0066120655 0.049563912 -0.013894677)
(-0.0054309032 0.044789358 -0.012918117)
(-0.0044270619 0.040327205 -0.011912549)
(-0.0035809794 0.036175003 -0.010905162)
(-0.0028731871 0.032324024 -0.0099153385)
(-0.002285215 0.028761536 -0.008956417)
(-0.001800092 0.025472427 -0.0080371587)
(-0.0014025726 0.02244036 -0.0071629188)
(-0.0010791862 0.019648561 -0.0063365628)
(-0.00081817853 0.017080362 -0.0055591688)
(-0.00060939214 0.014719545 -0.0048305569)
(-0.00044411641 0.012550567 -0.0041496826)
(-0.00031492801 0.010558691 -0.0035149254)
(-0.00021553276 0.0087300549 -0.0029242983)
(-0.00014061408 0.0070516967 -0.0023755989)
(-8.569473e-05 0.0055115499 -0.0018665165)
(-4.7033859e-05 0.0040984221 -0.0013947084)
(-2.1580866e-05 0.0028019599 -0.00095785203)
(-6.8947497e-06 0.0016126056 -0.00055367928)
(-4.6562451e-07 0.0005215511 -0.00017999893)
(0.014928877 0.43157292 0.017128818)
(-0.017625167 0.27592052 0.025797054)
(-0.013205003 0.18141482 0.024425374)
(-0.021623376 0.13960532 0.018404354)
(-0.02482077 0.12537403 0.011111791)
(-0.026512528 0.1215159 0.00378864)
(-0.02684028 0.12005222 -0.0029096046)
(-0.026108831 0.11807313 -0.008632648)
(-0.024616948 0.11479105 -0.013231191)
(-0.022636249 0.11021256 -0.016694561)
(-0.020389863 0.10460764 -0.019101441)
(-0.018050914 0.098301508 -0.020581357)
(-0.015746064 0.091594202 -0.021286)
(-0.013561561 0.084733093 -0.021369179)
(-0.011550541 0.077908132 -0.020974076)
(-0.0097405502 0.071256842 -0.020226279)
(-0.008140489 0.064872887 -0.019231055)
(-0.006746502 0.058815257 -0.018073444)
(-0.0055466608 0.053116693 -0.01682001)
(-0.004524472 0.047790785 -0.015521387)
(-0.0036613711 0.042837656 -0.014215028)
(-0.0029384041 0.03824832 -0.012927839)
(-0.0023372911 0.034007938 -0.011678488)
(-0.0018410471 0.030098169 -0.010479362)
(-0.0014342929 0.026498845 -0.0093381479)
(-0.0011033634 0.023189117 -0.0082590729)
(-0.00083628689 0.020148234 -0.0072438743)
(-0.00062268831 0.017356039 -0.0062925266)
(-0.00045365331 0.014793283 -0.0054037872)
(-0.00032157525 0.012441795 -0.0045755989)
(-0.00021999974 0.010284571 -0.0038053826)
(-0.00014347306 0.0083057906 -0.0030902496)
(-8.7402446e-05 0.0064908065 -0.0024271517)
(-4.7950972e-05 0.0048260974 -0.0018129889)
(-2.1992903e-05 0.0032992126 -0.0012446831)
(-7.0205914e-06 0.0018987066 -0.00071922809)
(-4.7357093e-07 0.00061407047 -0.00023372111)
(0.014996479 0.43373933 0.020972833)
(-0.017070026 0.28125125 0.031828342)
(-0.012184531 0.18900014 0.030426089)
(-0.02064849 0.14940521 0.023224618)
(-0.023845593 0.13737052 0.014419659)
(-0.025664585 0.13553703 0.0055277219)
(-0.026196098 0.13561936 -0.0026559798)
(-0.025700067 0.13459992 -0.0097072257)
(-0.024437144 0.13172505 -0.015437269)
(-0.022653059 0.12709316 -0.019817111)
(-0.020557809 0.12107733 -0.022922778)
(-0.018321932 0.11409818 -0.024893824)
(-0.016076583 0.10653769 -0.025901654)
(-0.013916172 0.098710624 -0.026126027)
(-0.01190303 0.090860439 -0.025738818)
(-0.010073269 0.083165621 -0.024894116)
(-0.008442897 0.075749926 -0.023723433)
(-0.0070134746 0.068693397 -0.022334621)
(-0.0057769047 0.062042594 -0.020813176)
(-0.0047192061 0.055819349 -0.019224848)
(-0.0038233144 0.050027875 -0.017618758)
(-0.0030710451 0.044660303 -0.016030521)
(-0.002444392 0.039700865 -0.014485105)
(-0.0019263249 0.035128965 -0.012999274)
(-0.0015012311 0.03092137 -0.011583607)
(-0.001155113 0.027053744 -0.010244108)
(-0.00087562651 0.023501683 -0.0089834634)
(-0.0006520217 0.020241391 -0.007801998)
(-0.00047502892 0.017250102 -0.0066983966)
(-0.00033671757 0.014506319 -0.0056702383)
(-0.00023034547 0.011989933 -0.0047143876)
(-0.00015020804 0.0096822592 -0.003827278)
(-9.149683e-05 0.0075660202 -0.0030051154)
(-5.0192635e-05 0.0056252925 -0.0022440215)
(-2.3017366e-05 0.0038454374 -0.001540135)
(-7.348536e-06 0.0022130185 -0.00088967892)
(-4.9507387e-07 0.00071571758 -0.00028900506)
(0.015060056 0.43627624 0.024471114)
(-0.016417775 0.2873719 0.037515361)
(-0.010988608 0.19738862 0.036229697)
(-0.019539712 0.1598131 0.027995501)
(-0.022753193 0.1496931 0.017824874)
(-0.024745661 0.1496189 0.0074937384)
(-0.025540435 0.15104439 -0.0020813923)
(-0.025343153 0.15086585 -0.010413331)
(-0.024369023 0.14836115 -0.017275171)
(-0.022832393 0.1437023 -0.022611744)
(-0.020926699 0.13734147 -0.026483552)
(-0.018818544 0.12977287 -0.029026408)
(-0.016644042 0.12144431 -0.030419667)
(-0.014507538 0.11272806 -0.03086062)
(-0.012483038 0.10391628 -0.030544923)
(-0.010617864 0.095226981 -0.02965318)
(-0.0089375712 0.086814599 -0.028343236)
(-0.0074511644 0.078781831 -0.026747096)
(-0.0061559275 0.071191027 -0.024971126)
(-0.0050414872 0.064074253 -0.023098279)
(-0.0040929876 0.057441644 -0.021191307)
(-0.0032934208 0.051288049 -0.019296254)
(-0.0026252368 0.045598125 -0.017445795)
(-0.0020713892 0.040350132 -0.015662191)
(-0.0016159595 0.035518673 -0.013959774)
(-0.0012444843 0.031076638 -0.012346965)
(-0.00094408136 0.026996521 -0.010827859)
(-0.00070344763 0.023251309 -0.0094034581)
(-0.00051277961 0.019815029 -0.0080725927)
(-0.00036365183 0.01666308 -0.0068326191)
(-0.00024887577 0.0137724 -0.0056799285)
(-0.00016235174 0.011121537 -0.0046103186)
(-9.8926312e-05 0.0086906347 -0.0036192613)
(-5.4283694e-05 0.0064613881 -0.0027020932)
(-2.4901479e-05 0.0044169661 -0.0018541485)
(-7.9509271e-06 0.0025419197 -0.0010708501)
(-5.3669968e-07 0.0008220869 -0.00034776925)
(0.015133863 0.43914157 0.027557049)
(-0.015662993 0.29414601 0.042824603)
(-0.0096320956 0.20632285 0.041828386)
(-0.018325823 0.17029733 0.032725482)
(-0.021557085 0.16181318 0.021361868)
(-0.023752438 0.16319688 0.0097428471)
(-0.024853688 0.16576871 -0.0011131242)
(-0.025004593 0.16635886 -0.010668856)
(-0.02437071 0.16425706 -0.018661282)
(-0.023130408 0.15967456 -0.025001499)
(-0.021456299 0.15310765 -0.029720886)
(-0.019507877 0.14509604 -0.032935988)
(-0.01742466 0.13613482 -0.03481989)
(-0.01532101 0.12664405 -0.035576448)
(-0.013283959 0.11696133 -0.03541803)
(-0.011374128 0.1073451 -0.034548273)
(-0.0096289295 0.097983453 -0.033150649)
(-0.0080669845 0.089005395 -0.03138244)
(-0.0066927863 0.080492656 -0.029373015)
(-0.0055009819 0.072490669 -0.027225051)
(-0.0044799316 0.065018068 -0.025017437)
(-0.0036144622 0.058074456 -0.022808907)
(-0.0028878622 0.051646486 -0.020641771)
(-0.0022832453 0.045712465 -0.018545351)
(-0.0017844188 0.040245728 -0.016538961)
(-0.0013763894 0.035217051 -0.014634375)
(-0.0010456143 0.03059632 -0.012837799)
(-0.00078008275 0.026353653 -0.011151417)
(-0.0005692891 0.022460123 -0.0095745633)
(-0.00040414367 0.018888199 -0.0081046181)
(-0.00027684855 0.015611982 -0.0067376593)
(-0.00018075672 0.012607318 -0.0054689476)
(-0.00011023055 0.0098518108 -0.0042932745)
(-6.0533874e-05 0.007324786 -0.0032052125)
(-2.7789387e-05 0.0050072131 -0.0021992905)
(-8.883251e-06 0.0028816117 -0.0012701151)
(-6.0132942e-07 0.0009319487 -0.00041245128)
(0.015197268 0.44218846 0.030186086)
(-0.014939641 0.30132086 0.047715782)
(-0.0081603523 0.21552648 0.047193857)
(-0.017015328 0.1807339 0.037404428)
(-0.020230182 0.17343112 0.025040748)
(-0.022629389 0.17595211 0.012303078)
(-0.024052074 0.17950533 0.00029399543)
(-0.024578481 0.18084933 -0.010413069)
(-0.024323163 0.17925135 -0.019522862)
(-0.02342481 0.17491793 -0.026907899)
(-0.022029735 0.16834829 -0.032558726)
(-0.020284772 0.16009544 -0.036557223)
(-0.018328544 0.15068064 -0.039054421)
(-0.016283067 0.14056104 -0.040247197)
(-0.014247941 0.13011708 -0.040354775)
(-0.01229807 0.11965024 -0.039597977)
(-0.010484545 0.10938744 -0.038183533)
(-0.0088377178 0.099490021 -0.036294206)
(-0.0073713249 0.090064736 -0.034084194)
(-0.006086771 0.08117519 -0.031678546)
(-0.004976997 0.072852319 -0.029175174)
(-0.0040296575 0.065103346 -0.026648278)
(-0.003229549 0.057919002 -0.024152257)
(-0.002560354 0.051279109 -0.021725562)
(-0.0020058181 0.045156742 -0.019394166)
(-0.0015504899 0.039521238 -0.01717451)
(-0.0011801429 0.034340307 -0.015075917)
(-0.00088197398 0.029581469 -0.013102506)
(-0.00064465655 0.025212997 -0.011254672)
(-0.00045830016 0.021204503 -0.0095302096)
(-0.00031435613 0.017527274 -0.0079251608)
(-0.00020549152 0.014154444 -0.0064344332)
(-0.00012545352 0.011061042 -0.0050522549)
(-6.896518e-05 0.0082239732 -0.0037725017)
(-3.1693824e-05 0.0056219526 -0.0025889281)
(-1.0142531e-05 0.003235408 -0.00149533)
(-6.8978228e-07 0.0010463732 -0.00048565263)
(0.015259021 0.44528099 0.032374202)
(-0.014314213 0.30865381 0.052206953)
(-0.0066518751 0.22478901 0.052249756)
(-0.015600464 0.1909251 0.04197664)
(-0.018718681 0.18436499 0.028827739)
(-0.021285136 0.18770548 0.01516046)
(-0.023011026 0.19209536 0.0021471821)
(-0.023914736 0.19421057 -0.009614007)
(-0.024060632 0.1932571 -0.019802343)
(-0.02354479 0.18939118 -0.028251766)
(-0.022480955 0.18307172 -0.034904703)
(-0.020995752 0.17482924 -0.039795309)
(-0.019219956 0.16518564 -0.043036572)
(-0.017278159 0.15462061 -0.044802648)
(-0.015279802 0.14355258 -0.045306593)
(-0.013313459 0.13232813 -0.044777346)
(-0.011444806 0.12121921 -0.043439877)
(-0.0097176884 0.11042723 -0.041500817)
(-0.0081571494 0.10009169 -0.039140005)
(-0.0067733467 0.090301103 -0.036507137)
(-0.0055655216 0.081104145 -0.033722133)
(-0.0045255237 0.072519783 -0.03087778)
(-0.0036406741 0.064545807 -0.028043517)
(-0.002895932 0.057165621 -0.025269515)
(-0.002275439 0.050353411 -0.022590577)
(-0.0017635527 0.044077947 -0.020029575)
(-0.0013454896 0.038305276 -0.017600338)
(-0.0010076857 0.033000599 -0.01530999)
(-0.00073795996 0.028129503 -0.013160793)
(-0.0005255491 0.023658756 -0.011151556)
(-0.00036105942 0.019556779 -0.0092787167)
(-0.00023636801 0.015793904 -0.0075371359)
(-0.00014450095 0.012342477 -0.005920688)
(-7.9539305e-05 0.0091768669 -0.0044226875)
(-3.6599377e-05 0.0062734149 -0.0030361956)
(-1.1732931e-05 0.0036103405 -0.0017542365)
(-8.015868e-07 0.0011676336 -0.00056994493)
(0.015299827 0.44835499 0.034185619)
(-0.013573949 0.31603212 0.056243252)
(-0.0050914223 0.23402717 0.056904595)
(-0.014027756 0.20075405 0.046344659)
(-0.016938781 0.19451269 0.032648553)
(-0.01961032 0.19834596 0.018259941)
(-0.021594192 0.20341776 0.0044153577)
(-0.022853227 0.20631536 -0.0082706955)
(-0.023405674 0.2061497 -0.019461348)
(-0.023303979 0.20298599 -0.028958009)
(-0.022623719 0.19720124 -0.036654113)
(-0.021463161 0.18926466 -0.042527615)
(-0.019936523 0.17966707 -0.046639199)
(-0.018163503 0.16888919 -0.049123519)
(-0.016258198 0.15737685 -0.050171518)
(-0.014320183 0.14552048 -0.050007493)
(-0.012429196 0.1336422 -0.048866118)
(-0.010643534 0.12199193 -0.046973461)
(-0.0090013168 0.1107513 -0.044533906)
(-0.0075235069 0.10004249 -0.041723027)
(-0.0062176241 0.089939284 -0.03868533)
(-0.0050814303 0.080478183 -0.035535389)
(-0.0041061531 0.071668321 -0.032360964)
(-0.0032790778 0.063499706 -0.029227014)
(-0.0025854966 0.055949674 -0.02617986)
(-0.0020100884 0.048987727 -0.02325106)
(-0.0015378387 0.042579034 -0.020460784)
(-0.0011546086 0.036686886 -0.017820618)
(-0.00084745021 0.03127436 -0.015335814)
(-0.00060474628 0.026305398 -0.013007059)
(-0.00041623304 0.021745481 -0.010831828)
(-0.00027294514 0.017562005 -0.0088054089)
(-0.00016711985 0.01372447 -0.0069216595)
(-9.2122194e-05 0.010204537 -0.0051735692)
(-4.2450746e-05 0.0069759963 -0.0035536623)
(-1.3630407e-05 0.0040146913 -0.0020542875)
(-9.3668038e-07 0.0012984081 -0.00066781894)
(0.015221024 0.45142285 0.035677111)
(-0.012627878 0.3234456 0.059688267)
(-0.003410037 0.24323422 0.061069764)
(-0.012233004 0.21020794 0.050393867)
(-0.014799184 0.20383543 0.03640755)
(-0.017504113 0.20780209 0.021517663)
(-0.019682635 0.21336005 0.007035136)
(-0.021254104 0.21700921 -0.006413442)
(-0.022198885 0.21774171 -0.018486741)
(-0.022527919 0.21550078 -0.028966025)
(-0.022275399 0.21054526 -0.037702222)
(-0.021504402 0.20324344 -0.044615185)
(-0.020303708 0.19401703 -0.049703212)
(-0.018779133 0.18331718 -0.053045774)
(-0.017041985 0.17159772 -0.054794093)
(-0.015197813 0.15928514 -0.055151667)
(-0.013337905 0.14675327 -0.05435034)
(-0.011534572 0.13430808 -0.052627492)
(-0.0098399912 0.12218357 -0.050208054)
(-0.0082876697 0.11054619 -0.047292743)
(-0.0068954145 0.099504368 -0.044052141)
(-0.0056688425 0.089119916 -0.040625376)
(-0.0046047889 0.079419312 -0.037121848)
(-0.0036942544 0.070403533 -0.033624679)
(-0.0029247573 0.062056087 -0.030194846)
(-0.0022820938 0.054349203 -0.026875347)
(-0.001751582 0.047248408 -0.023695012)
(-0.0013188883 0.040715794 -0.020671783)
(-0.00097053953 0.034712268 -0.01781542)
(-0.00069420498 0.029199053 -0.015129671)
(-0.00047881922 0.024138636 -0.012613964)
(-0.00031459371 0.019495343 -0.010264702)
(-0.00019296368 0.01523564 -0.0080762436)
(-0.00010654604 0.011328267 -0.0060416276)
(-4.9177452e-05 0.0077442479 -0.0041531082)
(-1.5823295e-05 0.0044568346 -0.0024025415)
(-1.0939783e-06 0.0014414047 -0.00078165987)
(0.015140929 0.45464829 0.036778422)
(-0.011256945 0.33108005 0.06248618)
(-0.0015299236 0.25249696 0.064676075)
(-0.010154644 0.21936716 0.054008317)
(-0.012216855 0.2123566 0.040005751)
(-0.014896469 0.21604715 0.024833657)
(-0.017196903 0.22183369 0.0099179133)
(-0.019019234 0.22613523 -0.0041032514)
(-0.020320103 0.22781304 -0.016897591)
(-0.021074772 0.22667037 -0.028243627)
(-0.021276018 0.22282127 -0.037962768)
(-0.020948033 0.21649688 -0.04592257)
(-0.02014706 0.20800808 -0.052055562)
(-0.018956034 0.19773684 -0.056374368)
(-0.017474543 0.18611461 -0.058973659)
(-0.015806812 0.17358637 -0.060017998)
(-0.014050785 0.16057244 -0.059720204)
(-0.012290334 0.14743904 -0.058316674)
(-0.01059123 0.13448225 -0.056045083)
(-0.0090004201 0.12192464 -0.053127568)
(-0.007547632 0.10992087 -0.049760251)
(-0.0062482448 0.098568198 -0.046108411)
(-0.0051065709 0.087918545 -0.042305916)
(-0.004118988 0.077989971 -0.038457399)
(-0.0032766235 0.068776531 -0.034641893)
(-0.0025674865 0.060256167 -0.030917003)
(-0.0019780604 0.05239669 -0.027323011)
(-0.001494429 0.045160159 -0.02388658)
(-0.001103027 0.038505946 -0.020623931)
(-0.00079110517 0.032392825 -0.017543445)
(-0.00054698796 0.026780334 -0.014647745)
(-0.00036017903 0.021629622 -0.011935323)
(-0.00022137302 0.016903934 -0.0094017782)
(-0.00012246291 0.012568855 -0.007040763)
(-5.6629604e-05 0.0085923934 -0.004844678)
(-1.8260109e-05 0.0049449574 -0.0028051894)
(-1.2714733e-06 0.0015992715 -0.00091359968)
(0.015166174 0.45810827 0.03732132)
(-0.009565004 0.33906986 0.064593166)
(0.00072733234 0.26194385 0.067556885)
(-0.0077328227 0.22831796 0.057125767)
(-0.0091295158 0.22015666 0.043361265)
(-0.011763671 0.22312057 0.028103689)
(-0.014107826 0.22881151 0.01296074)
(-0.016101999 0.23358399 -0.0014236245)
(-0.017700179 0.23616848 -0.0147487)
(-0.018849067 0.23622456 -0.026800408)
(-0.01950301 0.23370841 -0.037388704)
(-0.019648141 0.22868734 -0.046342888)
(-0.019304662 0.22132153 -0.053534969)
(-0.018525514 0.21187822 -0.058906187)
(-0.017389596 0.20072495 -0.062481986)
(-0.015990956 0.1882952 -0.064370585)
(-0.014426953 0.17504032 -0.064747493)
(-0.012788117 0.1613843 -0.063832053)
(-0.011151267 0.1476921 -0.061862601)
(-0.0095761761 0.13425411 -0.059075067)
(-0.0081051992 0.12128447 -0.055687482)
(-0.0067649253 0.10892835 -0.051890737)
(-0.0055688948 0.09727366 -0.047844704)
(-0.0045206228 0.086363838 -0.043678261)
(-0.0036164468 0.076209633 -0.039491764)
(-0.0028479517 0.066799022 -0.035360765)
(-0.0022038938 0.058105004 -0.031340133)
(-0.0016716406 0.050091435 -0.027468051)
(-0.0012381924 0.042717223 -0.023769589)
(-0.00089086763 0.035939242 -0.020259757)
(-0.00061772918 0.029714279 -0.016946001)
(-0.00040781654 0.024000281 -0.013830204)
(-0.0002512476 0.018757111 -0.010910239)
(-0.00013929762 0.013946969 -0.0081811736)
(-6.4553624e-05 0.0095345711 -0.0056361725)
(-2.0871557e-05 0.0054871985 -0.0032671776)
(-1.4649916e-06 0.0017746407 -0.0010654069)
(0.015279603 0.46174004 0.037214229)
(-0.0079653136 0.34747215 0.066001172)
(0.0030909735 0.27175913 0.069564593)
(-0.0049588559 0.23716403 0.059826801)
(-0.005569009 0.22738258 0.046384147)
(-0.008137964 0.22915489 0.031202312)
(-0.010424282 0.23436872 0.016033956)
(-0.012503306 0.23934764 0.0014958842)
(-0.014325243 0.24270376 -0.012145671)
(-0.015806323 0.24395935 -0.024702241)
(-0.016877928 0.24291679 -0.035991946)
(-0.017493184 0.23946833 -0.045823584)
(-0.017636709 0.23359331 -0.05402145)
(-0.017327771 0.22539924 -0.060459717)
(-0.016617438 0.2151402 -0.065089409)
(-0.015580613 0.20319522 -0.067949379)
(-0.014305187 0.19001768 -0.069160384)
(-0.012881008 0.17607627 -0.068906579)
(-0.011390866 0.16180513 -0.067411054)
(-0.0099045746 0.14757173 -0.064911525)
(-0.0084762577 0.13366324 -0.061640311)
(-0.007144114 0.12028714 -0.057810189)
(-0.0059320927 0.10758046 -0.053606267)
(-0.0048523964 0.095622838 -0.049182936)
(-0.0039082043 0.08445007 -0.044664354)
(-0.0030962123 0.074066255 -0.040147075)
(-0.0024087962 0.064453786 -0.035703752)
(-0.0018357333 0.055581082 -0.031387127)
(-0.0013654985 0.047408289 -0.027233877)
(-0.00098619085 0.039891333 -0.023268029)
(-0.00068615924 0.032984693 -0.019503877)
(-0.00045438988 0.026643229 -0.015948368)
(-0.00028072678 0.020823327 -0.012603011)
(-0.00015604592 0.015483578 -0.0094653805)
(-7.2499376e-05 0.010585128 -0.0065302711)
(-2.3509977e-05 0.0060918167 -0.003790575)
(-1.6656205e-06 0.0019701835 -0.0012379444)
(0.015486159 0.46544504 0.036479352)
(-0.006682116 0.35619832 0.066607327)
(0.0051620184 0.28198716 0.070392788)
(-0.0017376133 0.24604117 0.062145615)
(-0.0017178974 0.23425907 0.048867919)
(-0.0040862859 0.23439405 0.033968931)
(-0.0061896559 0.2387163 0.018993109)
(-0.0082467351 0.24356816 0.004513119)
(-0.010193831 0.24746502 -0.0092224507)
(-0.011927149 0.24980883 -0.022062877)
(-0.013353698 0.25026541 -0.03384712)
(-0.014401662 0.24855966 -0.044381481)
(-0.015026474 0.24447775 -0.053460661)
(-0.015215458 0.23793273 -0.060904972)
(-0.014988659 0.22901502 -0.066595754)
(-0.014394842 0.21799623 -0.070497802)
(-0.013503502 0.20528806 -0.072664715)
(-0.012394821 0.1913764 -0.07322865)
(-0.011149976 0.17675408 -0.07237962)
(-0.0098434949 0.16186868 -0.070340831)
(-0.0085382487 0.14709187 -0.067347007)
(-0.0072827685 0.13270854 -0.063625375)
(-0.0061114295 0.11892013 -0.059382045)
(-0.0050460107 0.105856 -0.054795555)
(-0.0040978786 0.093587917 -0.050014585)
(-0.0032703382 0.082144382 -0.045158719)
(-0.0025608475 0.071523101 -0.040321083)
(-0.0019629188 0.061701072 -0.035571916)
(-0.0014676448 0.052642262 -0.030962371)
(-0.0010648577 0.044303183 -0.026528153)
(-0.0007439654 0.03663682 -0.022292755)
(-0.00049451567 0.02959527 -0.018270216)
(-0.00030655979 0.023131461 -0.014467394)
(-0.00017094576 0.017200202 -0.010885789)
(-7.9667905e-05 0.011758789 -0.0075229815)
(-2.5932541e-05 0.0067672895 -0.0043737519)
(-1.8589382e-06 0.0021886418 -0.0014309338)
(0.015807014 0.4691758 0.035196075)
(-0.005767596 0.36527657 0.066237936)
(0.007184927 0.2926506 0.070229661)
(0.0018625927 0.25524495 0.063638397)
(0.0021779306 0.24113445 0.050696319)
(0.00041526817 0.23920231 0.036295226)
(-0.0014016128 0.24221566 0.021704503)
(-0.0033519918 0.24656764 0.0074860495)
(-0.0053261883 0.25069887 -0.0061350582)
(-0.0072113303 0.25391194 -0.01903822)
(-0.0089023014 0.25576253 -0.031090225)
(-0.010311735 0.25583376 -0.042109536)
(-0.011374606 0.25372956 -0.051880506)
(-0.012052399 0.24915428 -0.060188864)
(-0.012335744 0.24199519 -0.066860948)
(-0.012244056 0.23236154 -0.071793691)
(-0.011821478 0.22056767 -0.074970304)
(-0.011129176 0.20707283 -0.076460062)
(-0.010236178 0.19240285 -0.07640442)
(-0.0092179012 0.17707756 -0.074992519)
(-0.0081350499 0.16155863 -0.07244606)
(-0.0070462848 0.1462217 -0.068996744)
(-0.0059936951 0.13134886 -0.064862426)
(-0.0050083142 0.11713501 -0.060240513)
(-0.0041104268 0.10370154 -0.055302052)
(-0.0033111299 0.09111215 -0.050189676)
(-0.0026143367 0.079387897 -0.045018403)
(-0.0020186995 0.068520006 -0.039878166)
(-0.0015192557 0.058480006 -0.034837153)
(-0.0011087582 0.049227337 -0.029945356)
(-0.00077869799 0.040714817 -0.025237959)
(-0.00052004436 0.032892426 -0.020738356)
(-0.00032376413 0.025709824 -0.016460745)
(-0.00018124971 0.019117955 -0.012412265)
(-8.4792751e-05 0.013070007 -0.0085947335)
(-2.7723762e-05 0.0075219374 -0.0050060209)
(-2.0137617e-06 0.0024327065 -0.0016411314)
(0.016219736 0.4729792 0.033387705)
(-0.0048826622 0.37478197 0.064738226)
(0.0094144195 0.30394891 0.069416984)
(0.005639621 0.26510472 0.063899357)
(0.0063009056 0.24844103 0.051786463)
(0.0053436928 0.24408432 0.038069453)
(0.0039254003 0.24539623 0.024032658)
(0.002194222 0.24887147 0.01025375)
(0.00030146966 0.25288969 -0.0030605826)
(-0.0016246826 0.25666955 -0.015816549)
(-0.0034725123 0.25968319 -0.027907171)
(-0.0051478308 0.26140896 -0.039169374)
(-0.0065745332 0.26130254 -0.049392342)
(-0.0076973211 0.25887379 -0.058347598)
(-0.008483569 0.25379113 -0.065828493)
(-0.0089245448 0.24595774 -0.07168118)
(-0.0090355662 0.23553153 -0.075826149)
(-0.0088503245 0.22288725 -0.078266796)
(-0.0084018897 0.20854001 -0.079085352)
(-0.0078212835 0.19305833 -0.078434753)
(-0.0070645182 0.17698832 -0.076497847)
(-0.0062545655 0.16080386 -0.073493131)
(-0.0054225994 0.14488215 -0.069637071)
(-0.0046068812 0.1295005 -0.065137628)
(-0.0038362779 0.11484589 -0.060182688)
(-0.0031300261 0.10103071 -0.054934923)
(-0.0024993485 0.088109817 -0.049530295)
(-0.0019492307 0.076096288 -0.044078959)
(-0.0014799873 0.064974467 -0.038667599)
(-0.0010886197 0.054710113 -0.033362475)
(-0.00076994064 0.045257923 -0.02821265)
(-0.00051745115 0.036566852 -0.023253079)
(-0.00032400018 0.02858375 -0.018507383)
(-0.00018234631 0.021255745 -0.013990245)
(-8.5749318e-05 0.014531729 -0.0097094017)
(-2.821447e-05 0.0083632145 -0.0056672794)
(-2.0910209e-06 0.0027047884 -0.0018623002)
(0.016674588 0.47681736 0.03112547)
(-0.0039897427 0.3846902 0.062035512)
(0.011705459 0.3160434 0.067608836)
(0.0095816571 0.27598714 0.062972856)
(0.01081207 0.25670731 0.051977543)
(0.010728897 0.24970189 0.039118665)
(0.0098485575 0.24899811 0.025811584)
(0.0084675828 0.25125197 0.012641214)
(0.0067824885 0.25480511 -0.0001909195)
(0.0049379487 0.25880071 -0.012605899)
(0.0030513265 0.2626437 -0.024513848)
(0.0012182549 0.26574423 -0.035767416)
(-0.00048103466 0.26745937 -0.046166971)
(-0.0019837202 0.26714806 -0.055488045)
(-0.0032428517 0.2642787 -0.063514471)
(-0.0042249184 0.25853164 -0.070066938)
(-0.0049141076 0.24986059 -0.075023961)
(-0.0053128786 0.23849326 -0.078334621)
(-0.0054640016 0.22487512 -0.080017196)
(-0.0053553829 0.20957956 -0.080176015)
(-0.0050802366 0.1932145 -0.078968571)
(-0.0046841223 0.17634785 -0.076555529)
(-0.0041975608 0.15946112 -0.073144932)
(-0.0036681475 0.14292951 -0.068942728)
(-0.0031294201 0.12702251 -0.064142902)
(-0.0026070805 0.11191669 -0.058920698)
(-0.0021196541 0.09771352 -0.053428446)
(-0.0016792409 0.084457656 -0.047794208)
(-0.0012925926 0.072153211 -0.042122521)
(-0.00096229588 0.060776946 -0.03649641)
(-0.00068786694 0.050288368 -0.03098003)
(-0.00046667374 0.040637095 -0.025621502)
(-0.00029468392 0.031767996 -0.020455642)
(-0.00016712596 0.023624645 -0.015506456)
(-7.9173281e-05 0.01615155 -0.010789299)
(-2.6274547e-05 0.0092954958 -0.0063127062)
(-1.9957382e-06 0.0030063026 -0.0020799071)
(0.01708277 0.48073127 0.028494556)
(-0.0031528549 0.39505034 0.058131999)
(0.013915185 0.32910354 0.06454491)
(0.013661528 0.28829903 0.060831801)
(0.015761226 0.26659045 0.051063733)
(0.016679464 0.25689934 0.039236317)
(0.016524036 0.25399844 0.026833592)
(0.01566179 0.25477262 0.014439297)
(0.014335402 0.25755193 0.0022566873)
(0.012709357 0.26140717 -0.00963399)
(0.010907698 0.26567815 -0.021144701)
(0.0090273487 0.26973245 -0.032133507)
(0.0071457868 0.27288156 -0.04241057)
(0.0053297162 0.27440329 -0.051767128)
(0.0036383037 0.27362333 -0.059998932)
(0.0021226756 0.27002226 -0.066928726)
(0.00082256212 0.26333004 -0.072422119)
(-0.00023280556 0.25357367 -0.076399102)
(-0.0010379013 0.24106113 -0.078840764)
(-0.0015872074 0.22631014 -0.079784958)
(-0.0019642369 0.20994908 -0.079302073)
(-0.0021068192 0.19262011 -0.077559929)
(-0.0021131018 0.17490629 -0.074729247)
(-0.0020112858 0.15728941 -0.070992512)
(-0.0018331507 0.14013599 -0.066534244)
(-0.0016097845 0.12370255 -0.061530116)
(-0.0013663236 0.1081514 -0.056139782)
(-0.0011217827 0.09357036 -0.050502988)
(-0.00088982438 0.079991967 -0.04473824)
(-0.00067959895 0.067410035 -0.038943261)
(-0.00049658637 0.055792861 -0.033196572)
(-0.0003434021 0.045093135 -0.02755965)
(-0.00022052531 0.035255048 -0.0220793)
(-0.00012698039 0.026219188 -0.016789989)
(-6.1033951e-05 0.017925769 -0.011716003)
(-2.0605574e-05 0.010316656 -0.0068733422)
(-1.6488189e-06 0.0033365622 -0.0022713688)
(0.017410103 0.48476801 0.02555463)
(-0.0024362061 0.40597204 0.05312379)
(0.016119288 0.34341875 0.060004465)
(0.017960648 0.30260072 0.057246435)
(0.021274554 0.27896078 0.048777646)
(0.02342694 0.26681418 0.038149307)
(0.024252528 0.26173757 0.026827143)
(0.024133845 0.26091013 0.015382474)
(0.023354026 0.26268096 0.0040283186)
(0.022097494 0.26605097 -0.0071403373)
(0.020494835 0.27029505 -0.018023095)
(0.018645138 0.27475219 -0.028467965)
(0.016631101 0.27873699 -0.038293758)
(0.014527396 0.28152354 -0.04731314)
(0.01240586 0.28238143 -0.055347832)
(0.010336087 0.2806588 -0.062244476)
(0.0083821926 0.27588682 -0.067881281)
(0.0065994036 0.26786891 -0.072173358)
(0.0050248145 0.25671754 -0.075077366)
(0.003685354 0.24282391 -0.076597826)
(0.0025956117 0.22677369 -0.076796421)
(0.0017226212 0.20924038 -0.075754682)
(0.0010620345 0.19088806 -0.073594341)
(0.00058046079 0.1723028 -0.070466168)
(0.00024645046 0.15395674 -0.066532895)
(2.9454133e-05 0.13619967 -0.061957658)
(-9.8581417e-05 0.11926879 -0.056895682)
(-0.00016197269 0.10330748 -0.051488668)
(-0.00018085211 0.088386533 -0.045861593)
(-0.00017126311 0.074524076 -0.040121467)
(-0.00014549909 0.061702139 -0.034357544)
(-0.00011261534 0.049879633 -0.028642462)
(-7.8988827e-05 0.039001905 -0.023033904)
(-4.8885353e-05 0.029007476 -0.017576486)
(-2.503613e-05 0.01983259 -0.012303653)
(-9.052901e-06 0.011414151 -0.0072394579)
(-8.637558e-07 0.0036915092 -0.0024001916)
(0.017738644 0.4890872 0.022318013)
(-0.0016211889 0.4178551 0.047004166)
(0.018522382 0.35965287 0.05377548)
(0.022772936 0.31986715 0.051894062)
(0.027712932 0.29516672 0.044764056)
(0.0314422 0.28113613 0.035482557)
(0.03358549 0.27415504 0.025427417)
(0.034490736 0.27174472 0.015136604)
(0.034464388 0.27231366 0.0048319695)
(0.033709453 0.27481326 -0.0053590453)
(0.032369773 0.278467 -0.015309633)
(0.030558829 0.28260941 -0.024863809)
(0.028378495 0.28660323 -0.033851277)
(0.025926465 0.28979201 -0.042108334)
(0.023299367 0.29148647 -0.049494604)
(0.020591111 0.29099662 -0.055894376)
(0.017891972 0.28772024 -0.06122189)
(0.015284789 0.28125427 -0.065417765)
(0.012839067 0.27148307 -0.068440728)
(0.010607019 0.2586075 -0.070273808)
(0.0086211342 0.24309916 -0.070929915)
(0.006895428 0.22560275 -0.070457918)
(0.0054281395 0.20682368 -0.068939307)
(0.0042054222 0.18743269 -0.066481133)
(0.0032053298 0.1680035 -0.063208797)
(0.002401496 0.1489848 -0.059257089)
(0.0017661053 0.13069845 -0.054761857)
(0.0012720418 0.1133539 -0.04985335)
(0.00089425801 0.097069523 -0.044651556)
(0.00061051422 0.081895045 -0.039263403)
(0.00040165639 0.067831546 -0.033781512)
(0.00025158236 0.054847741 -0.028284104)
(0.00014701874 0.04289237 -0.022835686)
(7.7231629e-05 0.031903157 -0.017488206)
(3.3760109e-05 0.021812992 -0.012282429)
(1.0075695e-05 0.012554012 -0.00724937)
(4.9458741e-07 0.0040601589 -0.0024117114)
(0.018229424 0.49394944 0.018714798)
(-0.00046014108 0.43154715 0.039679567)
(0.021603507 0.37918775 0.045601602)
(0.028804338 0.3419307 0.044366756)
(0.035878142 0.31744115 0.038564386)
(0.041598675 0.30239275 0.030768134)
(0.045411145 0.29392215 0.022197594)
(0.04758326 0.28992838 0.013343388)
(0.048425151 0.28895086 0.0044324453)
(0.048174233 0.28997386 -0.0043934493)
(0.047013088 0.29222844 -0.012986191)
(0.045093769 0.2950907 -0.021192477)
(0.042562889 0.29801895 -0.02886489)
(0.03956562 0.300485 -0.035875766)
(0.036241276 0.30191702 -0.042126586)
(0.032719935 0.3016775 -0.047544594)
(0.029123908 0.2991129 -0.052087439)
(0.025561206 0.2936627 -0.055729826)
(0.0221236 0.28498666 -0.058448645)
(0.018885244 0.27305695 -0.060228448)
(0.015900954 0.25816872 -0.061066843)
(0.013205865 0.24087215 -0.060980744)
(0.010816766 0.22185977 -0.060010473)
(0.0087348722 0.20185063 -0.05821982)
(0.0069493466 0.18150084 -0.055692467)
(0.0054408916 0.16135141 -0.052526123)
(0.0041849737 0.14181013 -0.048825929)
(0.0031544678 0.12315741 -0.044698317)
(0.0023216682 0.10556509 -0.040246018)
(0.0016597071 0.089119962 -0.03556445)
(0.0011434674 0.073846537 -0.030739448)
(0.00075008729 0.059726571 -0.025846129)
(0.0004591729 0.04671442 -0.020948608)
(0.00025292768 0.034748448 -0.016100344)
(0.00011638171 0.023759062 -0.011344845)
(3.7246679e-05 0.013674124 -0.0067165895)
(2.4919561e-06 0.0044224223 -0.0022420632)
(0.019003248 0.49950878 0.014431346)
(0.0017487335 0.44792643 0.030579265)
(0.026288761 0.40360577 0.034939042)
(0.037115777 0.37079143 0.034102789)
(0.046795524 0.34794613 0.029664707)
(0.054775824 0.33269791 0.02357705)
(0.060385 0.32293255 0.016841724)
(0.063796384 0.31702435 0.0098723747)
(0.065337249 0.31378518 0.0028671837)
(0.065324672 0.31237307 -0.0040248437)
(0.064018645 0.31212932 -0.010670735)
(0.061644112 0.31255176 -0.016952096)
(0.058423179 0.31323731 -0.022765292)
(0.054569024 0.3138068 -0.028021463)
(0.05027965 0.31382942 -0.032661714)
(0.045731585 0.31276685 -0.036661814)
(0.041077555 0.30997405 -0.040014665)
(0.03644595 0.30478879 -0.042718687)
(0.03194265 0.29668104 -0.044771256)
(0.027652876 0.28539482 -0.04616666)
(0.023642023 0.27101846 -0.046899541)
(0.019956338 0.25395952 -0.046971218)
(0.016624087 0.23484662 -0.046395618)
(0.013657466 0.21440374 -0.045202623)
(0.011055138 0.19333785 -0.043438211)
(0.0088050776 0.1722625 -0.041161967)
(0.0068873957 0.15166077 -0.038443076)
(0.0052769273 0.13187949 -0.035355846)
(0.0039454396 0.11314296 -0.031975563)
(0.0028634183 0.095575796 -0.028375103)
(0.0020014293 0.079227368 -0.024622438)
(0.0013310746 0.064094016 -0.020779028)
(0.00082562879 0.05013712 -0.016898952)
(0.00046063753 0.037296873 -0.013028626)
(0.00021476051 0.025502177 -0.0092069379)
(6.9888452e-05 0.01467742 -0.0054656382)
(4.9686464e-06 0.0047469046 -0.0018299437)
(0.020042147 0.50501932 0.0088974642)
(0.005257596 0.46510749 0.018754454)
(0.032416264 0.43015533 0.021110516)
(0.047105397 0.40305333 0.020493888)
(0.059416107 0.38273825 0.017628109)
(0.069425744 0.36767261 0.013705768)
(0.076470721 0.35652724 0.0093965107)
(0.08068634 0.34827132 0.0049793122)
(0.08249024 0.34213378 0.00059518325)
(0.082295736 0.33754351 -0.0036455478)
(0.080448586 0.33405848 -0.0076726911)
(0.077279665 0.33135246 -0.011425079)
(0.073105611 0.32916292 -0.014848231)
(0.068211893 0.32723466 -0.01789984)
(0.062848971 0.32524601 -0.02056252)
(0.057230653 0.32273603 -0.022833785)
(0.05153166 0.31908057 -0.024721021)
(0.045891434 0.31355912 -0.026234701)
(0.040420115 0.30550557 -0.027382153)
(0.035203696 0.294481 -0.028165049)
(0.030307747 0.28039005 -0.028580828)
(0.025779852 0.26349613 -0.028626776)
(0.021651316 0.24434369 -0.028304668)
(0.017938719 0.22363155 -0.027624239)
(0.014645672 0.2020859 -0.026604678)
(0.011764794 0.18036473 -0.025274211)
(0.0092798442 0.1590041 -0.023668353)
(0.0071678489 0.13840103 -0.021827487)
(0.00540112 0.11882137 -0.019794348)
(0.0039490693 0.10042072 -0.017611768)
(0.0027797481 0.083269477 -0.015320884)
(0.0018610601 0.067376778 -0.012959831)
(0.0011616936 0.052710564 -0.010562922)
(0.00065210743 0.039213223 -0.0081602062)
(0.00030592929 0.026812995 -0.0057773436)
(0.00010034491 0.01543189 -0.0034356825)
(7.3349125e-06 0.0049909113 -0.0011525102)
(0.020780153 0.50838504 0.0019307345)
(0.00795759 0.47600706 0.0039686796)
(0.036808593 0.44727424 0.0041499832)
(0.053928398 0.42406555 0.0036645816)
(0.067811307 0.40546073 0.0026885753)
(0.078887158 0.39044306 0.001520129)
(0.086577582 0.37823233 0.00033103003)
(0.091052485 0.36823634 -0.00081076989)
(0.092804036 0.3599971 -0.0018746212)
(0.092298172 0.35315407 -0.002844594)
(0.089950467 0.34743874 -0.003709982)
(0.086168462 0.34263446 -0.0044712567)
(0.081332429 0.33855159 -0.0051301339)
(0.075761956 0.33498774 -0.0056911251)
(0.069726232 0.33166458 -0.0061555726)
(0.063459126 0.32815055 -0.0065288176)
(0.057145705 0.32382803 -0.0068173065)
(0.050928938 0.31795003 -0.0070285045)
(0.044918214 0.30978542 -0.0071667085)
(0.03919656 0.29880319 -0.0072334235)
(0.033826305 0.28481028 -0.0072280674)
(0.028852695 0.26798821 -0.0071492214)
(0.024306063 0.24882817 -0.0069960597)
(0.020203322 0.22800636 -0.0067694731)
(0.016549317 0.20625095 -0.006472637)
(0.013338305 0.18423729 -0.0061110302)
(0.010555596 0.16252532 -0.0056920557)
(0.0081793198 0.14153619 -0.0052244538)
(0.0061822326 0.12155645 -0.0047176659)
(0.0045334421 0.10275754 -0.004181258)
(0.0031999715 0.085220914 -0.003624456)
(0.0021480592 0.068962576 -0.0030558103)
(0.0013442182 0.053954163 -0.0024829829)
(0.00075641469 0.040139467 -0.0019126365)
(0.00035576578 0.02744662 -0.0013504011)
(0.00011707257 0.015796598 -0.00080090384)
(8.666121e-06 0.0051088652 -0.00026782969)
(0.020621607 0.50772488 -0.0055331092)
(0.0073029159 0.47359 -0.011814585)
(0.035667272 0.44311161 -0.013798034)
(0.052056751 0.41854568 -0.014138385)
(0.065415351 0.39909075 -0.013091288)
(0.076100519 0.38369185 -0.011290183)
(0.083523054 0.3714717 -0.0091239071)
(0.087850555 0.36173816 -0.0067664675)
(0.089558422 0.35394695 -0.0043152451)
(0.089111959 0.34763676 -0.0018471413)
(0.086905766 0.34254081 0.00057871933)
(0.083301016 0.33837774 0.002905066)
(0.078649505 0.33491172 0.0050852779)
(0.073274378 0.33190732 0.007077627)
(0.067450279 0.32907633 0.0088601255)
(0.061398188 0.32595428 0.010420448)
(0.055290773 0.32189695 0.011754983)
(0.049265986 0.31618655 0.012865222)
(0.043435231 0.30811056 0.013753598)
(0.037882086 0.29716545 0.014421054)
(0.032669529 0.28318812 0.014866867)
(0.027843496 0.26638538 0.01509017)
(0.023434729 0.24726487 0.015092128)
(0.019460186 0.22650972 0.014877786)
(0.015924483 0.20484748 0.014457058)
(0.012821499 0.18294824 0.013844761)
(0.010136166 0.16136481 0.01305991)
(0.0078463435 0.14051127 0.012124567)
(0.0059246897 0.12066823 0.011062553)
(0.0043404277 0.10200274 0.0098982208)
(0.0030609074 0.084593322 0.0086554175)
(0.0020528862 0.068454319 0.0073566797)
(0.0012835567 0.05355663 0.0060226775)
(0.00072166523 0.039843954 0.0046718744)
(0.00033911408 0.027244736 0.0033203618)
(0.00011146414 0.01568049 0.0019818132)
(8.2107017e-06 0.0050713273 0.00066756766)
(0.019683404 0.50342558 -0.012041456)
(0.0038933767 0.45951389 -0.025574667)
(0.029973671 0.4207084 -0.029562072)
(0.0430148 0.39069843 -0.029667669)
(0.054143403 0.36857534 -0.026788171)
(0.063210537 0.35267974 -0.022417595)
(0.069556603 0.34147012 -0.017381716)
(0.073349193 0.33371019 -0.012039407)
(0.074981454 0.32846238 -0.0065608326)
(0.074814667 0.32500779 -0.0010727025)
(0.073164227 0.32281844 0.0042694036)
(0.070317904 0.32146501 0.009356913)
(0.066554245 0.32059636 0.014109457)
(0.062122845 0.31987861 0.018451673)
(0.057244982 0.31892103 0.022327913)
(0.052112392 0.31721225 0.02570752)
(0.046887592 0.31410885 0.028579944)
(0.041704115 0.30890662 0.030944537)
(0.036669423 0.30099202 0.032800741)
(0.03186865 0.29000113 0.03414558)
(0.027367286 0.27591568 0.034974981)
(0.023212722 0.25906046 0.035287935)
(0.019435522 0.24001645 0.035091215)
(0.016050977 0.21949429 0.034402681)
(0.013061104 0.19821341 0.033252311)
(0.010456937 0.17681453 0.031681127)
(0.0082209421 0.15581292 0.029738691)
(0.0063293508 0.13558605 0.027479962)
(0.0047542857 0.11638386 0.024962155)
(0.0034655942 0.098350375 0.022241987)
(0.0024323423 0.081548498 0.019373529)
(0.0016239412 0.065983151 0.016406668)
(0.001010975 0.051620508 0.013386159)
(0.00056602456 0.038402842 0.010351157)
(0.00026482839 0.026259314 0.0073351002)
(8.656963e-05 0.015113429 0.0043658439)
(6.2503574e-06 0.0048879487 0.0014660071)
(0.018637632 0.49770041 -0.017018599)
(0.0005531976 0.4419492 -0.036164639)
(0.023988084 0.39380303 -0.04192653)
(0.033085941 0.35823116 -0.041700886)
(0.041536128 0.33370902 -0.03730962)
(0.048439998 0.31767788 -0.030956761)
(0.053174662 0.30779839 -0.023747904)
(0.055966279 0.30225817 -0.016148131)
(0.057154098 0.29973433 -0.0083862438)
(0.05699627 0.29925902 -0.00062105435)
(0.055738027 0.30013093 0.006991596)
(0.053579123 0.30175699 0.014306246)
(0.050699606 0.30364089 0.021181968)
(0.047273882 0.30530962 0.027498646)
(0.043468654 0.30624475 0.033167504)
(0.039434258 0.30583934 0.038122913)
(0.035306913 0.30342687 0.042329991)
(0.031203649 0.29838003 0.045771641)
(0.027222703 0.29024781 0.048430484)
(0.023444027 0.278875 0.050292906)
(0.019928547 0.26444396 0.051352601)
(0.016718105 0.24742869 0.051616229)
(0.013836509 0.22848907 0.051108073)
(0.011291673 0.20834918 0.04987188)
(0.0090785006 0.18769514 0.047969418)
(0.0071820285 0.16710981 0.04547661)
(0.0055804436 0.14704432 0.042478457)
(0.0042477337 0.12781752 0.039063865)
(0.0031558559 0.10963208 0.035321097)
(0.0022764025 0.092597428 0.031334215)
(0.0015817972 0.076753476 0.0271806)
(0.0010460722 0.06209153 0.022929447)
(0.00064533252 0.048571122 0.018641066)
(0.00035813772 0.036132712 0.014366797)
(0.0001660533 0.024706757 0.010149334)
(5.3664858e-05 0.014219899 0.0060233011)
(3.7177229e-06 0.0045989785 0.0020160209)
(0.01791508 0.49234241 -0.020869457)
(-0.0013846479 0.42651403 -0.044296324)
(0.019874152 0.37116055 -0.051388798)
(0.025616406 0.33188757 -0.050662758)
(0.031703758 0.30628111 -0.044915801)
(0.036489683 0.29078161 -0.036945229)
(0.039494306 0.28228989 -0.028051364)
(0.041037422 0.27854246 -0.018769794)
(0.041439407 0.27798795 -0.0093500759)
(0.040915944 0.2795544 5.6753115e-05)
(0.039649675 0.28245585 0.0093120088)
(0.037782348 0.28602145 0.018250366)
(0.035432675 0.28964054 0.026701981)
(0.032717737 0.29270039 0.034510278)
(0.029753933 0.29454942 0.041545542)
(0.026651528 0.29450187 0.047702973)
(0.023513886 0.29190842 0.052907485)
(0.020434902 0.28626828 0.057108944)
(0.017494991 0.27733845 0.060268777)
(0.014758018 0.26519526 0.062365832)
(0.012268958 0.25021673 0.063401406)
(0.01005345 0.23299908 0.063404097)
(0.008119812 0.214243 0.062430772)
(0.0064625275 0.19464706 0.060563497)
(0.0050657836 0.1748309 0.057904193)
(0.0039070488 0.15529445 0.054567281)
(0.0029602017 0.13640755 0.050672229)
(0.0021979926 0.1184197 0.046337085)
(0.0015938018 0.10148005 0.041673545)
(0.0011227788 0.085660254 0.0367836)
(0.00076248402 0.07097588 0.031757643)
(0.00049315518 0.057404375 0.026673718)
(0.00029772435 0.044898987 0.021597618)
(0.00016173902 0.033399034 0.016583545)
(7.3340674e-05 0.022837092 0.011675096)
(2.3029148e-05 0.013143803 0.006906397)
(1.4295894e-06 0.004250957 0.0023033112)
(0.017494366 0.48774391 -0.024151244)
(-0.0023490931 0.41374596 -0.050901553)
(0.017124675 0.3531901 -0.058639165)
(0.020183321 0.3119586 -0.057189972)
(0.024408895 0.28663523 -0.05010797)
(0.02742453 0.27252771 -0.040694499)
(0.028947516 0.26574068 -0.030393079)
(0.029351054 0.26361886 -0.019791141)
(0.02893989 0.26449185 -0.0091322859)
(0.027915426 0.26728639 0.0014524774)
(0.026424822 0.27122119 0.011846807)
(0.024580734 0.27561384 0.021893134)
(0.022475708 0.27978601 0.031410511)
(0.020194797 0.28302747 0.040215353)
(0.017820164 0.28460584 0.048136317)
(0.015432815 0.28382811 0.055030735)
(0.013108093 0.28013795 0.060786965)
(0.010913693 0.2732167 0.065321856)
(0.0089042692 0.26304952 0.06858422)
(0.00711778 0.24992437 0.070559361)
(0.0055759679 0.23436624 0.07127399)
(0.0042747555 0.21703396 0.070798114)
(0.0032091527 0.19861433 0.069226907)
(0.0023564283 0.17973913 0.066685325)
(0.0016901645 0.16093547 0.063315585)
(0.0011818338 0.14260701 0.059265826)
(0.00080326268 0.12503765 0.054681543)
(0.00052841234 0.1084079 0.049699277)
(0.00033435524 0.092816005 0.044442518)
(0.00020164627 0.078299046 0.039019521)
(0.00011429987 0.06485122 0.033522657)
(5.9528857e-05 0.052438483 0.028028827)
(2.7359245e-05 0.04100957 0.022600563)
(1.0193228e-05 0.030503903 0.017287502)
(2.3752995e-06 0.020857018 0.012127991)
(-1.8402588e-07 0.012004131 0.0071506879)
(-2.4650717e-07 0.0038823691 0.0023760878)
(0.01716071 0.48362877 -0.027124204)
(-0.0030193586 0.40249836 -0.056371439)
(0.014879213 0.33796758 -0.064054958)
(0.015677303 0.29601783 -0.06175196)
(0.018503101 0.27203807 -0.053359252)
(0.020128118 0.26005381 -0.042649095)
(0.020519729 0.2553413 -0.031139121)
(0.020055697 0.254883 -0.019452833)
(0.019005467 0.2569372 -0.0078311249)
(0.017552318 0.26047607 0.0036195473)
(0.015830369 0.26476775 0.014798009)
(0.013943721 0.26914759 0.025558824)
(0.011975735 0.27291495 0.035715447)
(0.0099982293 0.27532965 0.045063054)
(0.0080766826 0.27567041 0.053402355)
(0.0062706392 0.27333132 0.060558333)
(0.0046318768 0.26792383 0.066393968)
(0.0031996893 0.25934719 0.070816759)
(0.0019983124 0.24780006 0.073786088)
(0.0010421434 0.23372982 0.075314759)
(0.00030951127 0.21774033 0.075475489)
(-0.00021767799 0.20048915 0.07436399)
(-0.00055016606 0.18260166 0.072130916)
(-0.00074215069 0.1646148 0.068942053)
(-0.00082051267 0.1469516 0.064970596)
(-0.0008160719 0.12991925 0.06038611)
(-0.00075595695 0.11372157 0.055346735)
(-0.00066230305 0.098477998 0.049994294)
(-0.00055236539 0.084243692 0.044451857)
(-0.00043901611 0.071027631 0.03882323)
(-0.00033135948 0.058807514 0.033193741)
(-0.00023539106 0.047541212 0.027631827)
(-0.00015464361 0.037175132 0.022191007)
(-9.0823544e-05 0.027650096 0.016911974)
(-4.4459426e-05 0.018905281 0.011824611)
(-1.5321335e-05 0.010880762 0.0069498455)
(-1.296632e-06 0.0035190517 0.0023012938)
(0.016784353 0.47973823 -0.029824028)
(-0.003770639 0.39204072 -0.060785642)
(0.012729205 0.32434852 -0.067893155)
(0.01156583 0.28255573 -0.064710892)
(0.01335024 0.26059439 -0.055070785)
(0.013866505 0.25113508 -0.043228777)
(0.013419889 0.24865096 -0.030697482)
(0.012340802 0.24981565 -0.018116124)
(0.010851746 0.25284922 -0.0057271711)
(0.0091142502 0.25677911 0.0063697411)
(0.0072543092 0.26093173 0.018078535)
(0.0053735619 0.264676 0.029254458)
(0.0035538127 0.26733422 0.039703407)
(0.0018620603 0.26821259 0.049205458)
(0.00035369125 0.26669233 0.057544271)
(-0.00092609494 0.2623361 0.064533089)
(-0.0019491884 0.25496914 0.070034917)
(-0.0027058329 0.24470572 0.073975323)
(-0.0032092375 0.23191313 0.07634314)
(-0.0034535768 0.21713123 0.077184306)
(-0.0035202506 0.20097572 0.076609106)
(-0.0033953528 0.18405136 0.074796489)
(-0.0031632268 0.16689172 0.071925215)
(-0.0028514542 0.14992793 0.068188085)
(-0.0024946767 0.13348147 0.063773556)
(-0.0021220909 0.11777281 0.05885727)
(-0.0017559471 0.10293777 0.053596044)
(-0.001412116 0.089046334 0.048124978)
(-0.0011010813 0.076120187 0.04255695)
(-0.00082893973 0.064147523 0.036983727)
(-0.00059836386 0.053094678 0.031477983)
(-0.00040947005 0.042914782 0.026095748)
(-0.00026056346 0.033553928 0.020878938)
(-0.00014881956 0.024955401 0.015857757)
(-7.0984893e-05 0.017062463 0.011052864)
(-2.3750227e-05 0.0098200928 0.006477254)
(-1.851665e-06 0.0031760116 0.0021378514)
(0.01635691 0.47596965 -0.032185177)
(-0.0046110599 0.38213148 -0.06409101)
(0.010556984 0.31187247 -0.070371863)
(0.0076194319 0.2708186 -0.066368807)
(0.0086886104 0.25120814 -0.05553979)
(0.0082779149 0.24436823 -0.042750754)
(0.0072134628 0.2440322 -0.029381407)
(0.005713128 0.24662956 -0.016077406)
(0.0039519183 0.25037159 -0.0030919714)
(0.0020724803 0.25434446 0.0094663955)
(0.00019343906 0.25793527 0.021491419)
(-0.0015851517 0.26056664 0.032827233)
(-0.0031824685 0.2616326 0.043267841)
(-0.0045362381 0.26055736 0.052584504)
(-0.0056019641 0.25689633 0.060559446)
(-0.0063541983 0.25042669 0.067016296)
(-0.0067910155 0.24119062 0.07184209)
(-0.0069507931 0.22947828 0.07500006)
(-0.0068250578 0.21576168 0.076523575)
(-0.0064732901 0.20060659 0.07655772)
(-0.0059999488 0.18458758 0.075256175)
(-0.0054119602 0.16822543 0.072803772)
(-0.0047658839 0.15195148 0.069411763)
(-0.0041046693 0.13609519 0.065285185)
(-0.0034590241 0.1208887 0.060614645)
(-0.0028515809 0.1064806 0.055569666)
(-0.0022976372 0.092953125 0.050295447)
(-0.0018061231 0.080338895 0.044912392)
(-0.0013808843 0.068635436 0.039517489)
(-0.0010219659 0.05781682 0.034186728)
(-0.00072673358 0.047842464 0.028977974)
(-0.00049078002 0.038663513 0.023933891)
(-0.00030863527 0.030227277 0.019084687)
(-0.00017438558 0.022480211 0.014450559)
(-8.2315586e-05 0.015369831 0.010043779)
(-2.7203226e-05 0.0088458699 0.005870449)
(-2.0402525e-06 0.0028609286 0.001931926)
(0.015911051 0.47228339 -0.034118814)
(-0.0054691112 0.37269579 -0.066230755)
(0.0083122621 0.30031886 -0.071741218)
(0.0037894611 0.26033856 -0.066859588)
(0.0044542401 0.24313393 -0.055021802)
(0.0031918771 0.2387828 -0.041461359)
(0.0016776743 0.2403463 -0.027427726)
(-9.4828926e-05 0.24407339 -0.013570975)
(-0.0019927671 0.24819223 -0.00015876996)
(-0.0038860712 0.25185362 0.012676289)
(-0.0056630589 0.25451671 0.024804229)
(-0.0072284971 0.25568931 0.036050892)
(-0.0085075878 0.2548896 0.046201316)
(-0.0094492366 0.25171477 0.05503075)
(-0.010028287 0.24593091 0.062341601)
(-0.010246989 0.23753127 0.067995179)
(-0.010134366 0.22673952 0.071931619)
(-0.0097392557 0.21396225 0.074176684)
(-0.0090959976 0.19971258 0.074839137)
(-0.008339479 0.18453097 0.074081083)
(-0.0074559114 0.16892032 0.072105654)
(-0.0065330101 0.15330672 0.069128375)
(-0.0056139327 0.13802286 0.065365336)
(-0.0047331927 0.12330894 0.061019075)
(-0.003915321 0.10932365 0.056269499)
(-0.0031758708 0.096159538 0.051270173)
(-0.0025228867 0.083858773 0.046147806)
(-0.0019586124 0.072427266 0.041003801)
(-0.0014810858 0.061846172 0.03591697)
(-0.0010854921 0.052080765 0.030946744)
(-0.00076524321 0.043086959 0.026136439)
(-0.00051279226 0.034815921 0.021516288)
(-0.00032022845 0.027217208 0.017106122)
(-0.00017977723 0.020240825 0.012917643)
(-8.4335366e-05 0.013838516 0.0089563042)
(-2.7666073e-05 0.0079645017 0.0052228276)
(-2.0307203e-06 0.002575876 0.0017144225)
(0.015515056 0.4687142 -0.035554651)
(-0.0063029938 0.36377555 -0.067167272)
(0.0061368844 0.28956331 -0.072307217)
(0.00017770906 0.25076122 -0.066134473)
(0.00058354 0.23579238 -0.053753431)
(-0.0014428376 0.23364521 -0.039556319)
(-0.0032811718 0.23675449 -0.025020182)
(-0.0052092329 0.24124715 -0.010782836)
(-0.0071297386 0.24539151 0.0028737001)
(-0.0089255909 0.2484156 0.015785514)
(-0.010493076 0.24987169 0.027794212)
(-0.011748094 0.24938908 0.038708387)
(-0.012631421 0.24665047 0.048314463)
(-0.013113104 0.24145408 0.056410375)
(-0.013194504 0.23377703 0.062842132)
(-0.012906564 0.22379741 0.067531101)
(-0.012304006 0.21186701 0.070486131)
(-0.011455861 0.19844982 0.071800042)
(-0.010434674 0.18404996 0.071633066)
(-0.0093160257 0.16914921 0.070183645)
(-0.0081601584 0.15416512 0.067673294)
(-0.0070209218 0.13943093 0.064328755)
(-0.0059370931 0.12519272 0.060361876)
(-0.0049354105 0.11161756 0.055961148)
(-0.0040321315 0.098807087 0.05128739)
(-0.0032349498 0.086812137 0.046472992)
(-0.0025450365 0.075646363 0.041623478)
(-0.0019589218 0.065297555 0.036820423)
(-0.0014700712 0.055736528 0.032124933)
(-0.0010701283 0.046923745 0.027581176)
(-0.00074984479 0.038814075 0.02321967)
(-0.00049973767 0.031360073 0.019060163)
(-0.00031053501 0.024514169 0.015114067)
(-0.00017354102 0.018230071 0.011386456)
(-8.1048025e-05 0.012463602 0.0078776671)
(-2.6447713e-05 0.0071731622 0.0045845663)
(-1.9096517e-06 0.0023199406 0.0015015364)
(0.015254172 0.46526529 -0.036488089)
(-0.0072408265 0.35542616 -0.067085982)
(0.0041810894 0.27951395 -0.072227466)
(-0.0031666085 0.24175299 -0.064332384)
(-0.003145335 0.22873975 -0.051788465)
(-0.0055613085 0.22838497 -0.037159608)
(-0.0076643872 0.2326366 -0.022299406)
(-0.0096622939 0.23752198 -0.0078675341)
(-0.011509152 0.24136589 0.0058333396)
(-0.013108869 0.24349369 0.018608196)
(-0.014373962 0.24357659 0.030272981)
(-0.015240418 0.24139616 0.040629263)
(-0.01567376 0.23682105 0.049481477)
(-0.015672654 0.22984992 0.056670206)
(-0.015268306 0.22064312 0.062103045)
(-0.014518845 0.2095146 0.065772207)
(-0.01350002 0.19688763 0.067755452)
(-0.012294568 0.18323347 0.068202654)
(-0.010982788 0.16901307 0.067313519)
(-0.0096358979 0.15463458 0.065312867)
(-0.0083121841 0.14043044 0.06243054)
(-0.0070552908 0.12665144 0.058885028)
(-0.0058948732 0.11347225 0.054871899)
(-0.004848504 0.10100294 0.050558446)
(-0.0039240605 0.089302668 0.046082425)
(-0.0031221343 0.078392541 0.041553505)
(-0.0024381973 0.068266795 0.03705625)
(-0.0018643982 0.058901645 0.032653781)
(-0.0013909673 0.050261999 0.028391521)
(-0.0010072585 0.042306344 0.024300689)
(-0.00070248351 0.034990167 0.020401355)
(-0.00046619314 0.028268271 0.016705026)
(-0.00028857555 0.022096284 0.013216743)
(-0.0001606944 0.016431594 0.0099367618)
(-7.4787978e-05 0.011233885 0.0068618752)
(-2.430282e-05 0.0064653993 0.0039864269)
(-1.7328063e-06 0.0020910357 0.0013030921)
(0.015079698 0.46186891 -0.036898836)
(-0.0085395349 0.34735338 -0.066162336)
(0.0021328163 0.2697988 -0.07097393)
(-0.0059786233 0.23289575 -0.061958154)
(-0.0067441197 0.22157578 -0.049168606)
(-0.0092476357 0.222593 -0.034364772)
(-0.011474482 0.22757204 -0.019392368)
(-0.013451656 0.23249775 -0.0049715647)
(-0.015134607 0.23577297 0.0085613089)
(-0.016452478 0.23683924 0.02098165)
(-0.017343386 0.23550799 0.03208958)
(-0.017771751 0.23172888 0.04169559)
(-0.017734651 0.22555536 0.049640301)
(-0.017262841 0.21716219 0.055822815)
(-0.01641635 0.2068488 0.060221568)
(-0.015275453 0.19501196 0.062899982)
(-0.013929497 0.18209762 0.063996817)
(-0.012466344 0.1685493 0.063705987)
(-0.010964376 0.15476709 0.06225228)
(-0.009487768 0.14108319 0.059868597)
(-0.008084795 0.1277533 0.056778097)
(-0.0067882902 0.11495974 0.053182167)
(-0.0056176414 0.10282125 0.049253974)
(-0.0045814303 0.091405368 0.045136534)
(-0.0036801443 0.080740818 0.040943855)
(-0.0029086167 0.070828386 0.036763876)
(-0.0022580466 0.061649762 0.032662209)
(-0.0017175682 0.053174346 0.028686046)
(-0.0012754081 0.045364268 0.024867807)
(-0.00091969431 0.038177952 0.021228363)
(-0.00063898917 0.031572566 0.017779739)
(-0.00042260629 0.025505645 0.014527322)
(-0.00026077991 0.019936118 0.01147162)
(-0.00014479704 0.014824927 0.0086096305)
(-6.7198367e-05 0.010135352 0.0059358928)
(-2.1763773e-05 0.0058331453 0.0034432936)
(-1.535421e-06 0.0018865519 0.0011236644)
(0.015006751 0.45861039 -0.036742485)
(-0.0099463082 0.33975701 -0.06451584)
(-2.1293821e-05 0.26066704 -0.068707967)
(-0.0083982688 0.22424355 -0.059280209)
(-0.0099110324 0.21407686 -0.046146384)
(-0.012454247 0.21599301 -0.03131867)
(-0.014691921 0.22129886 -0.016439658)
(-0.01655417 0.22596525 -0.0022382545)
(-0.01799286 0.22848691 0.010916721)
(-0.018963619 0.22843336 0.022778565)
(-0.019436921 0.22576573 0.033147407)
(-0.019411698 0.22059959 0.041860707)
(-0.018919584 0.21315229 0.04881067)
(-0.018022269 0.20373574 0.053963656)
(-0.016803504 0.19273973 0.057368856)
(-0.015358003 0.18059702 0.059152393)
(-0.01378021 0.16774061 0.059499676)
(-0.012155297 0.15456635 0.058631899)
(-0.010553549 0.14140842 0.056782638)
(-0.0090281136 0.12852894 0.054178587)
(-0.0076153742 0.11611904 0.051026209)
(-0.0063369858 0.10430699 0.047504257)
(-0.0052027053 0.093169476 0.043761102)
(-0.0042133534 0.082743423 0.039915459)
(-0.0033635095 0.073036625 0.036059161)
(-0.0026437505 0.064036591 0.032260904)
(-0.0020423911 0.055717462 0.028570242)
(-0.0015467613 0.048045179 0.025021374)
(-0.0011440966 0.040981213 0.021636491)
(-0.00082212038 0.034485164 0.018428607)
(-0.00056939565 0.028516508 0.015403864)
(-0.00037550326 0.023035734 0.012563364)
(-0.00023110835 0.01800504 0.0099046027)
(-0.00012800994 0.013388729 0.0074225609)
(-5.9266694e-05 0.0091533981 0.0051105328)
(-1.9139109e-05 0.0052679918 0.0029607463)
(-1.3385384e-06 0.0017037698 0.00096481868)
(0.014984719 0.45550357 -0.036041983)
(-0.011361411 0.33248898 -0.062278631)
(-0.001927879 0.25182687 -0.065599773)
(-0.010474969 0.21555288 -0.056119082)
(-0.012563207 0.20604734 -0.042844546)
(-0.015133398 0.20841326 -0.028162612)
(-0.017294059 0.21369608 -0.013570706)
(-0.018957336 0.21787853 0.0002100284)
(-0.020087702 0.21955538 0.012791215)
(-0.020671624 0.21842566 0.023919623)
(-0.020715282 0.2145952 0.033412737)
(-0.020254412 0.20832687 0.041150413)
(-0.019353805 0.19996797 0.047085477)
(-0.018100871 0.18992369 0.051251787)
(-0.016595302 0.17862996 0.053760912)
(-0.014937685 0.1665199 0.05478713)
(-0.013219819 0.15399175 0.054545264)
(-0.011518277 0.1413859 0.053267182)
(-0.0098915484 0.12897383 0.051181515)
(-0.0083801086 0.11695769 0.048498979)
(-0.0070084317 0.10547699 0.045403672)
(-0.0057879644 0.094618974 0.042049511)
(-0.0047203157 0.08442985 0.038560378)
(-0.0038001959 0.074925284 0.035032609)
(-0.0030178768 0.066099256 0.03153865)
(-0.0023611098 0.057931129 0.028131084)
(-0.0018165354 0.050391004 0.024846506)
(-0.0013706624 0.043443645 0.021708995)
(-0.0010105073 0.037051246 0.018733047)
(-0.00072398027 0.031175334 0.015925984)
(-0.00050008648 0.025778022 0.013289866)
(-0.00032899652 0.020822802 0.010822989)
(-0.00020203613 0.016275019 0.0085210204)
(-0.00011167613 0.012102117 0.0063778664)
(-5.1599128e-05 0.0082737349 0.0043863111)
(-1.662326e-05 0.0047617133 0.0025384919)
(-1.1536382e-06 0.001540029 0.00082624173)
(0.014974775 0.45259103 -0.034827172)
(-0.012704926 0.32557848 -0.059467807)
(-0.003636666 0.24320824 -0.06197082)
(-0.012254287 0.20670655 -0.052545127)
(-0.014721449 0.19738993 -0.03937039)
(-0.017273239 0.19979156 -0.025018499)
(-0.019282358 0.20476389 -0.01090001)
(-0.020682187 0.20831835 0.002275403)
(-0.02146326 0.20914699 0.014114999)
(-0.021647227 0.20706737 0.024376921)
(-0.021278074 0.20231113 0.032911486)
(-0.020426507 0.19525818 0.039650686)
(-0.019185105 0.18634654 0.044609291)
(-0.017659148 0.17603356 0.047881287)
(-0.015955636 0.16476638 0.049626715)
(-0.014173268 0.1529552 0.050050998)
(-0.012395358 0.14095315 0.049381723)
(-0.010686352 0.12904566 0.047847603)
(-0.0090915105 0.1174493 0.045662523)
(-0.0076388078 0.10631752 0.043015531)
(-0.006341991 0.095750189 0.04006619)
(-0.0052039735 0.085804501 0.036943981)
(-0.0042200156 0.07650529 0.033750357)
(-0.0033804132 0.067854012 0.030562199)
(-0.0026726081 0.059836006 0.027435804)
(-0.0020827436 0.052426096 0.024410816)
(-0.0015967475 0.04559274 0.021513779)
(-0.0012010398 0.039301018 0.018761185)
(-0.00088295997 0.033514704 0.016161975)
(-0.00063099242 0.028197669 0.013719541)
(-0.00043485339 0.02331479 0.011433284)
(-0.00028548186 0.018832507 0.0092998164)
(-0.00017497643 0.014719142 0.0073138611)
(-9.6544513e-05 0.010945048 0.0054689262)
(-4.4529112e-05 0.0074826508 0.0037577994)
(-1.4313956e-05 0.0043064166 0.0021729085)
(-9.8692993e-07 0.0013927766 0.00070657845)
(0.01498885 0.44992664 -0.033186675)
(-0.013657716 0.31908598 -0.056090888)
(-0.0050565504 0.23481354 -0.057942247)
(-0.013723552 0.19765516 -0.048666255)
(-0.016426597 0.18807947 -0.035816242)
(-0.018904472 0.19014933 -0.021985042)
(-0.02070305 0.19458825 -0.0085185311)
(-0.021796127 0.19744404 0.0038900785)
(-0.022210342 0.19749133 0.014858196)
(-0.0220056 0.19464363 0.024169145)
(-0.02126273 0.18922871 0.031716419)
(-0.020082261 0.18170746 0.037486905)
(-0.018576798 0.17257042 0.041551598)
(-0.016860852 0.16229325 0.044052026)
(-0.015040891 0.15131003 0.045180474)
(-0.013207824 0.13999541 0.045157118)
(-0.011432945 0.12865521 0.044208414)
(-0.0097672041 0.11752527 0.042549928)
(-0.0082429177 0.10677666 0.040374922)
(-0.006876868 0.096524865 0.037848466)
(-0.0056738772 0.086840341 0.035105911)
(-0.0046302284 0.077758915 0.03225434)
(-0.0037365988 0.069290926 0.029375701)
(-0.0029803809 0.061428768 0.026530667)
(-0.0023474059 0.054152789 0.023762562)
(-0.0018231492 0.047435743 0.021100979)
(-0.0013935221 0.041246027 0.018564916)
(-0.0010453522 0.035549975 0.016165375)
(-0.00076664087 0.030313439 0.013907452)
(-0.00054666741 0.025502832 0.01179197)
(-0.00037599189 0.021085797 0.0098167413)
(-0.00024639199 0.017031607 0.007977517)
(-0.00015076609 0.013311375 0.0062686998)
(-8.3057062e-05 0.0098981445 0.0046838659)
(-3.8248951e-05 0.0067668911 0.0032161454)
(-1.2273466e-05 0.003894472 0.0018584972)
(-8.4108363e-07 0.001259545 0.00060390135)
(0.015063378 0.44740435 -0.031240731)
(-0.014262777 0.31286127 -0.052277324)
(-0.0062627243 0.22656505 -0.053570454)
(-0.014925842 0.18837012 -0.044571168)
(-0.017757105 0.17814041 -0.032260358)
(-0.020106562 0.17956252 -0.019139617)
(-0.021650905 0.18330063 -0.0064896034)
(-0.022413346 0.18544222 0.005019882)
(-0.02246303 0.18482077 0.01502743)
(-0.021898735 0.18141356 0.023350259)
(-0.020833858 0.1756084 0.029928463)
(-0.019391576 0.16791017 0.034799745)
(-0.017696128 0.15882874 0.038080432)
(-0.015863413 0.14883292 0.039944572)
(-0.013993342 0.13832896 0.040600865)
(-0.012165357 0.12765114 0.040270408)
(-0.010437294 0.11706084 0.039168303)
(-0.0088468797 0.10675168 0.037490765)
(-0.0074148323 0.096858569 0.035407817)
(-0.0061486046 0.087468313 0.033060642)
(-0.0050460524 0.078630122 0.030562252)
(-0.0040986323 0.07036509 0.028000149)
(-0.0032939636 0.062674104 0.025439949)
(-0.0026177464 0.055544136 0.022929234)
(-0.0020551148 0.048953057 0.02050119)
(-0.0015915338 0.042873193 0.01817781)
(-0.0012133485 0.037273892 0.015972586)
(-0.00090808511 0.032123313 0.013892683)
(-0.00066457927 0.027389645 0.011940655)
(-0.00047299245 0.023041908 0.01011577)
(-0.00032475753 0.019050451 0.0084150222)
(-0.00021248083 0.015387239 0.0068338806)
(-0.00012982576 0.012026 0.0053668503)
(-7.1422294e-05 0.0089422693 0.0040078781)
(-3.2846603e-05 0.006113368 0.0027506456)
(-1.0521479e-05 0.0035183463 0.0015887799)
(-7.1743046e-07 0.0011378977 0.00051599814)
(0.015133264 0.44499467 -0.029031618)
(-0.014724 0.30684361 -0.048077969)
(-0.0073210871 0.21842097 -0.048903199)
(-0.015930809 0.17887085 -0.040339092)
(-0.018809502 0.16764097 -0.028771169)
(-0.02098898 0.16813924 -0.016539721)
(-0.022253802 0.17104465 -0.0048500889)
(-0.022680738 0.17248567 0.005659611)
(-0.022384072 0.17132541 0.014656231)
(-0.021499525 0.16756695 0.021994053)
(-0.020167235 0.16161941 0.027656622)
(-0.018525444 0.15399708 0.031723051)
(-0.016702505 0.14520212 0.034341277)
(-0.014809669 0.13567916 0.035702791)
(-0.012936468 0.12579893 0.036019036)
(-0.011149283 0.11585544 0.035501566)
(-0.0094926523 0.10607077 0.034347509)
(-0.0079923802 0.096604031 0.032730668)
(-0.0066594454 0.087562166 0.030797546)
(-0.0054939398 0.079010801 0.028667022)
(-0.0044885649 0.070984161 0.026432383)
(-0.0036314709 0.063493476 0.024164573)
(-0.00290841 0.05653377 0.021915883)
(-0.0023042697 0.050089116 0.019723553)
(-0.0018041016 0.044136598 0.017613008)
(-0.0013937617 0.038649195 0.015600617)
(-0.0010602696 0.033597842 0.013695956)
(-0.00079197296 0.028952855 0.0119036)
(-0.00057858283 0.024684895 0.010224523)
(-0.00041112961 0.020765586 0.0086571639)
(-0.00028187126 0.0171679 0.007198232)
(-0.00018417505 0.013866371 0.0058433022)
(-0.00011239197 0.010837186 0.0045872536)
(-6.1759714e-05 0.0080582091 0.0034245865)
(-2.8369687e-05 0.0055089459 0.0023496501)
(-9.0754988e-06 0.0031704799 0.0013568041)
(-6.1590192e-07 0.00102539 0.00044052936)
(0.015135651 0.44264902 -0.026592667)
(-0.015110019 0.30099274 -0.043552568)
(-0.0083055593 0.2104045 -0.043994086)
(-0.016810844 0.16923505 -0.0360352)
(-0.019682137 0.15669521 -0.02539852)
(-0.021669483 0.15601391 -0.014217787)
(-0.022650493 0.15796343 -0.0036095863)
(-0.022755233 0.15871594 0.0058284448)
(-0.022142342 0.15713432 0.013795284)
(-0.020980795 0.15320801 0.020180149)
(-0.019431474 0.14732943 0.025001792)
(-0.017641157 0.13999124 0.02836808)
(-0.015736716 0.13166635 0.030444129)
(-0.013821016 0.12276353 0.031425304)
(-0.011971532 0.1136145 0.031515016)
(-0.010241644 0.10447533 0.030908114)
(-0.0086638262 0.095534365 0.029780108)
(-0.0072537822 0.086922951 0.028281592)
(-0.0060147078 0.078726638 0.026536716)
(-0.0049411402 0.070995604 0.024644368)
(-0.0040221345 0.063753665 0.022680905)
(-0.0032437025 0.057005656 0.020703565)
(-0.0025905747 0.050743231 0.018753941)
(-0.0020473967 0.044949296 0.016861215)
(-0.0015994903 0.039601289 0.015044949)
(-0.0012332921 0.034673563 0.013317411)
(-0.00093656885 0.030139058 0.011685451)
(-0.00069848283 0.025970464 0.010151966)
(-0.00050956314 0.022140994 0.0087170295)
(-0.00036162138 0.018624871 0.007378748)
(-0.00024763766 0.015397633 0.0061339015)
(-0.00016163206 0.012436285 0.0049784148)
(-9.8536113e-05 0.0097193696 0.0039077027)
(-5.4094089e-05 0.0072269629 0.0029169186)
(-2.482528e-05 0.0049406385 0.0020011321)
(-7.9314162e-06 0.0028434006 0.0011554539)
(-5.3637419e-07 0.00091960539 0.00037512197)
(0.015086373 0.44034608 -0.02389548)
(-0.015583542 0.29534245 -0.038748215)
(-0.0092640998 0.2026154 -0.038903889)
(-0.017620042 0.15963277 -0.031713885)
(-0.02045097 0.1454823 -0.022170111)
(-0.022247267 0.14336672 -0.012178064)
(-0.022962753 0.1442203 -0.0027499243)
(-0.02277613 0.14426499 0.0055670317)
(-0.021886658 0.14233859 0.012505911)
(-0.020492004 0.13838113 0.017985259)
(-0.018768681 0.1327337 0.022047829)
(-0.016867427 0.12584012 0.024816398)
(-0.014910449 0.11812645 0.026459626)
(-0.012990786 0.10995676 0.027165441)
(-0.011174008 0.10162185 0.027121295)
(-0.009501756 0.093342159 0.026500885)
(-0.0079962883 0.085276823 0.025456586)
(-0.0066651936 0.07753451 0.02411638)
(-0.0055057116 0.070184163 0.02258394)
(-0.0045083421 0.063264556 0.020940645)
(-0.0036596552 0.056792283 0.019248553)
(-0.0029443485 0.050768172 0.017553654)
(-0.0023466686 0.045182238 0.015889013)
(-0.0018513321 0.040017423 0.014277551)
(-0.0014440763 0.035252336 0.012734415)
(-0.0011119461 0.030863232 0.011268905)
(-0.00084340532 0.026825393 0.0098859999)
(-0.0006283327 0.023114075 0.0085875547)
(-0.00045795053 0.019705139 0.0073732034)
(-0.00032471557 0.016575444 0.0062410442)
(-0.00022219265 0.013703084 0.0051881477)
(-0.0001449221 0.011067504 0.0042109311)
(-8.8292108e-05 0.0086495483 0.0033054294)
(-4.8441374e-05 0.0064314472 0.0024674915)
(-2.2217254e-05 0.004396777 0.0016929193)
(-7.093932e-06 0.0025303965 0.00097756532)
(-4.7832718e-07 0.00081837384 0.00031740042)
(0.015021691 0.43822107 -0.020890209)
(-0.016086037 0.29014273 -0.033683041)
(-0.010133941 0.19528613 -0.033687219)
(-0.018358373 0.15034113 -0.027401919)
(-0.021147145 0.13427427 -0.01908353)
(-0.022779659 0.13046931 -0.010394174)
(-0.023269628 0.13005893 -0.0022257844)
(-0.022838064 0.12932623 0.0049351191)
(-0.021719411 0.12707005 0.010856898)
(-0.020135318 0.12315431 0.01548039)
(-0.01827412 0.11784062 0.018860408)
(-0.016288051 0.11150093 0.021121363)
(-0.014293747 0.10449914 0.022423583)
(-0.01237493 0.097146666 0.022938635)
(-0.010586777 0.089690755 0.022832462)
(-0.0089612332 0.082317083 0.022255086)
(-0.0075124707 0.075158061 0.021335518)
(-0.0062419021 0.068302762 0.020180368)
(-0.0051424051 0.061806506 0.018874857)
(-0.0042016491 0.055699236 0.017485153)
(-0.0034045621 0.049992412 0.016061241)
(-0.0027350648 0.044684478 0.014639866)
(-0.0021772178 0.039765034 0.013247237)
(-0.0017159306 0.035217962 0.011901377)
(-0.0013373557 0.031023701 0.010614074)
(-0.0010290675 0.027160883 0.0093924584)
(-0.0007800992 0.02360746 0.0082402328)
(-0.00058089423 0.020341488 0.0071586319)
(-0.00042320672 0.017341629 0.0061471446)
(-0.0002999784 0.014587476 0.0052040564)
(-0.00020520618 0.012059734 0.004326852)
(-0.00013380913 0.0097403171 0.0035125103)
(-8.1503384e-05 0.0076123752 0.002757718)
(-4.4707333e-05 0.0056602824 0.0020590239)
(-2.0501087e-05 0.003869597 0.0014129478)
(-6.5433495e-06 0.0022270045 0.00081605799)
(-4.409762e-07 0.0007202526 0.00026502369)
(0.014983174 0.43642765 -0.017606758)
(-0.016493867 0.28565468 -0.028397397)
(-0.010866062 0.18869308 -0.028361779)
(-0.019004474 0.14164933 -0.023091098)
(-0.02176856 0.12345428 -0.016108279)
(-0.023278324 0.11774423 -0.0088152904)
(-0.023595014 0.11589328 -0.0019713115)
(-0.022973827 0.1142691 0.0040064393)
(-0.021677621 0.11163372 0.0089219922)
(-0.019947092 0.10776244 0.012731646)
(-0.01797949 0.1028189 0.015491463)
(-0.015927612 0.097085826 0.017316112)
(-0.013903196 0.09085194 0.018348019)
(-0.011982407 0.084367923 0.018735696)
(-0.010212333 0.077833502 0.018619821)
(-0.0086176015 0.07139833 0.018125413)
(-0.0072064541 0.065168484 0.017358471)
(-0.0059758931 0.0592146 0.016405585)
(-0.0049157692 0.053579804 0.015335326)
(-0.0040118519 0.048286632 0.014200525)
(-0.0032480205 0.043342702 0.013040845)
(-0.0026077476 0.038745173 0.011885284)
(-0.0020750446 0.034484143 0.010754428)
(-0.0016350181 0.03054517 0.009662365)
(-0.0012741548 0.026911113 0.0086182614)
(-0.00098042536 0.023563432 0.0076276151)
(-0.00074327441 0.020483107 0.0066932384)
(-0.00055354164 0.017651251 0.0058160106)
(-0.00040334673 0.015049525 0.0049954476)
(-0.0002859582 0.012660386 0.0042301272)
(-0.00019565892 0.010467247 0.0035180036)
(-0.0001276142 0.0084545445 0.0028566383)
(-7.7749745e-05 0.0066077649 0.0022433663)
(-4.2659945e-05 0.0049134352 0.0016754167)
(-1.9567418e-05 0.0033590899 0.0011499975)
(-6.2484768e-06 0.0019332245 0.00066435609)
(-4.2142597e-07 0.00062524244 0.00021582074)
(0.014973379 0.43501139 -0.014118185)
(-0.016806913 0.28200534 -0.022912323)
(-0.011441551 0.1830825 -0.022928925)
(-0.019532997 0.13394138 -0.018765059)
(-0.022289331 0.11354467 -0.013206527)
(-0.023716012 0.10581438 -0.0073835644)
(-0.023910978 0.10239272 -0.0019143918)
(-0.0231549 0.099759178 0.0028586372)
(-0.021731551 0.096655972 0.0067750574)
(-0.019895494 0.092773419 0.0098010263)
(-0.017850314 0.08817169 0.011985352)
(-0.015749057 0.083035242 0.013424287)
(-0.013699844 0.077568922 0.014235306)
(-0.011773438 0.071956078 0.014539167)
(-0.010011266 0.066344678 0.014448849)
(-0.0084329355 0.060846089 0.014063699)
(-0.0070426948 0.05553917 0.013467203)
(-0.0058346326 0.050476115 0.012727069)
(-0.0047966422 0.045688337 0.011896605)
(-0.0039132981 0.041191678 0.011016691)
(-0.0031678467 0.036990683 0.010117911)
(-0.0025435157 0.033081974 0.0092225651)
(-0.0020243224 0.029456812 0.0083464508)
(-0.0015955278 0.026103001 0.0075003654)
(-0.0012438511 0.023006276 0.0066913259)
(-0.00095752586 0.020151295 0.0059235397)
(-0.0007262609 0.017522335 0.0051991586)
(-0.00054114396 0.015103767 0.0045188564)
(-0.0003945179 0.012880382 0.0038822647)
(-0.00027984604 0.010837589 0.0032882972)
(-0.00019157757 0.0089615452 0.0027353909)
(-0.00012501739 0.0072392196 0.0022216807)
(-7.6206818e-05 0.00565842 0.0017451275)
(-4.183453e-05 0.004207793 0.0013036093)
(-1.9199579e-05 0.0028768037 0.00089498642)
(-6.1341655e-06 0.0016557038 0.00051714745)
(-4.1479717e-07 0.00053549332 0.00016804136)
(0.015002128 0.43399997 -0.010497778)
(-0.017022687 0.27930113 -0.017260417)
(-0.011846239 0.17869879 -0.017401837)
(-0.019916492 0.12764722 -0.014416366)
(-0.022672954 0.10517888 -0.010348969)
(-0.024045465 0.095494158 -0.0060495676)
(-0.024160186 0.090501163 -0.001990944)
(-0.023315436 0.08680865 0.0015620441)
(-0.021808854 0.083162958 0.0044835967)
(-0.019903907 0.079186951 0.0067455084)
(-0.017807999 0.074846379 0.0083833698)
(-0.015674047 0.070230174 0.0094691207)
(-0.013607623 0.065458907 0.01009063)
(-0.011675904 0.060647206 0.010337911)
(-0.0099166725 0.055890043 0.010294796)
(-0.00834637 0.051259784 0.010034673)
(-0.0069667808 0.046807884 0.0096189707)
(-0.005770238 0.042568287 0.0090973497)
(-0.0047434883 0.038561108 0.0085088123)
(-0.0038704336 0.03479599 0.0078832202)
(-0.0031339888 0.031274897 0.0072428918)
(-0.0025172788 0.027994338 0.006604098)
(-0.0020043604 0.024947074 0.0059783738)
(-0.0015806143 0.022123393 0.0053736162)
(-0.001232916 0.019512056 0.0047949753)
(-0.00094966629 0.017100986 0.0042455596)
(-0.00072073427 0.014877758 0.003726984)
(-0.00053735322 0.012829954 0.0032397883)
(-0.00039199242 0.010945402 0.0027837535)
(-0.00027822186 0.0092123428 0.0023581371)
(-0.00019057841 0.0076195403 0.0019618474)
(-0.00012443769 0.0061563446 0.0015935708)
(-7.5896981e-05 0.0048127278 0.0012518644)
(-4.1688591e-05 0.0035792974 0.00093522247)
(-1.9143449e-05 0.0024472922 0.0006421235)
(-6.1218816e-06 0.0014085673 0.00037106421)
(-4.1473566e-07 0.00045557267 0.00012058321)
(0.015067981 0.43340146 -0.0068172249)
(-0.017140226 0.27760998 -0.011480326)
(-0.012076441 0.17575404 -0.011803906)
(-0.020135325 0.1231852 -0.010049751)
(-0.022889361 0.099018835 -0.0075200864)
(-0.024224454 0.087689503 -0.0047790991)
(-0.024288234 0.081330519 -0.0021524449)
(-0.02339004 0.076673304 0.00017278996)
(-0.021835475 0.072487141 0.0021039096)
(-0.019892651 0.068352111 0.0036151448)
(-0.017770476 0.064161922 0.0047249656)
(-0.015621124 0.0599269 0.0054773782)
(-0.013548188 0.05569528 0.0059279288)
(-0.011616453 0.051521231 0.0061342401)
(-0.0098614227 0.047452461 0.0061503001)
(-0.0082976659 0.043526342 0.0060235232)
(-0.0069255712 0.039769734 0.0057936763)
(-0.0057365275 0.036200252 0.0054929612)
(-0.0047167087 0.032827974 0.0051467107)
(-0.0038497198 0.029657089 0.0047743564)
(-0.003118369 0.026687334 0.0043904545)
(-0.0025057953 0.02391517 0.0040056485)
(-0.0019961385 0.021334703 0.0036275146)
(-0.0015748954 0.018938405 0.0032612694)
(-0.0012290674 0.016717666 0.002910346)
(-0.00094717709 0.014663216 0.0025768491)
(-0.00071920342 0.012765447 0.0022619107)
(-0.0005364743 0.011014656 0.0019659603)
(-0.00039153767 0.0094012274 0.0016889309)
(-0.00027802701 0.0079157685 0.0014304119)
(-0.00019052919 0.0065492071 0.0011897622)
(-0.00012445823 0.0052928598 0.00096619368)
(-7.5940194e-05 0.0041384767 0.00075883137)
(-4.1728311e-05 0.0030782682 0.00056675685)
(-1.9169756e-05 0.0021049166 0.00038903908)
(-6.1322375e-06 0.0012115769 0.00022475716)
(-4.16228e-07 0.00039186989 7.3015883e-05)
(0.015116731 0.43318698 -0.0031288086)
(-0.017168703 0.27693494 -0.0056236634)
(-0.012143176 0.17439298 -0.0061694864)
(-0.02018358 0.12088835 -0.0056814905)
(-0.022924414 0.095627505 -0.0047161948)
(-0.024230905 0.083210304 -0.0035510488)
(-0.024264893 0.075918926 -0.0023644149)
(-0.023340523 0.070570729 -0.001266616)
(-0.021766391 0.065960409 -0.00031914072)
(-0.019811746 0.061650833 0.00045230932)
(-0.017685099 0.057494835 0.0010466572)
(-0.015537265 0.05345421 0.0014779794)
(-0.013470114 0.0495303 0.0017681549)
(-0.011546752 0.045736796 0.0019417302)
(-0.0098012783 0.042089032 0.002022685)
(-0.0082472269 0.038599999 0.0020326448)
(-0.006884298 0.035279159 0.0019900977)
(-0.0057034757 0.032132403 0.0019102326)
(-0.0046907519 0.029162435 0.0018051436)
(-0.0038297015 0.026369282 0.0016842096)
(-0.0031031968 0.023750785 0.0015545305)
(-0.0024944917 0.021303048 0.0014213564)
(-0.0019878628 0.01902082 0.0012884733)
(-0.0015689462 0.016897821 0.0011585318)
(-0.0012248742 0.014927023 0.001033319)
(-0.0009442853 0.013100886 0.00091397466)
(-0.00071725818 0.011411559 0.00080116198)
(-0.00053520336 0.0098510468 0.0006951987)
(-0.00039073598 0.0084113492 0.00059615701)
(-0.00027754299 0.0070845737 0.00050393852)
(-0.0001902531 0.0058630249 0.00041833007)
(-0.00012431248 0.0047392725 0.00033904463)
(-7.5871481e-05 0.0037062009 0.00026575102)
(-4.1701528e-05 0.0027570444 0.00019809524)
(-1.9161937e-05 0.0018854083 0.00013571552)
(-6.1324905e-06 0.0010852793 7.8253655e-05)
(-4.1644386e-07 0.00035102766 2.5363e-05)
(0.015117299 0.43332205 0.00055382079)
(-0.017108276 0.27724927 0.00024469919)
(-0.012060841 0.17468064 -0.00054163028)
(-0.020064822 0.12094153 -0.0013357421)
(-0.022776077 0.095337114 -0.0019403035)
(-0.024059598 0.082555411 -0.0023512109)
(-0.024081525 0.074929868 -0.0026001189)
(-0.023154503 0.069304682 -0.0027219127)
(-0.021585505 0.06448683 -0.0027484358)
(-0.019641969 0.060041171 -0.002706798)
(-0.017530485 0.055814818 -0.0026187842)
(-0.015400053 0.051759328 -0.0025010329)
(-0.01335102 0.047864208 -0.0023657144)
(-0.011445351 0.044131662 -0.0022214017)
(-0.0097163826 0.040566947 -0.0020739299)
(-0.0081771805 0.037174803 -0.001927138)
(-0.0068272364 0.033958288 -0.0017834573)
(-0.005657525 0.030918537 -0.0016443623)
(-0.0046541378 0.028054874 -0.0015106913)
(-0.0038008137 0.025365023 -0.0013828714)
(-0.0030806195 0.022845348 -0.0012610705)
(-0.0024770108 0.020491079 -0.0011452971)
(-0.0019744564 0.018296519 -0.0010354655)
(-0.0015587677 0.016255245 -0.0009314357)
(-0.0012172307 0.014360288 -0.00083303864)
(-0.00093861588 0.012604296 -0.00074009032)
(-0.00071311262 0.010979685 -0.0006524002)
(-0.00053222322 0.0094787738 -0.00056977524)
(-0.00038863781 0.0080938947 -0.00049202182)
(-0.0002761041 0.0068174924 -0.00041894633)
(-0.00018929955 0.0056422017 -0.00035035524)
(-0.00012370925 0.0045609093 -0.0002860552)
(-7.5514412e-05 0.0035668 -0.00022585312)
(-4.1510666e-05 0.0026533896 -0.00016955657)
(-1.9077228e-05 0.0018145454 -0.00011697433)
(-6.1054333e-06 0.0010444968 -6.7916352e-05)
(-4.1496009e-07 0.00033783788 -2.2193509e-05)
(0.014920472 0.43373577 0.0042186666)
(-0.017002913 0.27846581 0.0060158992)
(-0.011844752 0.17659529 0.0050194483)
(-0.019786335 0.12334655 0.0029563566)
(-0.022446113 0.098165039 0.00080030562)
(-0.023710839 0.085764303 -0.0011686184)
(-0.023736603 0.078432484 -0.0028362968)
(-0.022828404 0.072976624 -0.0041628173)
(-0.021287196 0.068198137 -0.0051509837)
(-0.019375921 0.063679081 -0.0058296449)
(-0.017297929 0.059293599 -0.0062413071)
(-0.01520004 0.05502126 -0.006433092)
(-0.01318127 0.050876021 -0.0064508449)
(-0.011302876 0.046879318 -0.0063358233)
(-0.0095979231 0.043050364 -0.0061232395)
(-0.008079501 0.039403284 -0.0058419967)
(-0.006747294 0.035946894 -0.00551511)
(-0.0055925516 0.032685391 -0.0051604435)
(-0.0046016815 0.029619266 -0.0047915572)
(-0.0037587437 0.026746153 -0.0044185291)
(-0.0030471101 0.02406154 -0.0040486864)
(-0.0024505143 0.021559341 -0.0036872259)
(-0.0019536721 0.019232343 -0.0033377199)
(-0.0015426096 0.017072555 -0.0030025187)
(-0.0012047975 0.015071486 -0.0026830649)
(-0.00092916294 0.013220364 -0.0023801351)
(-0.00070602726 0.011510319 -0.0020940223)
(-0.00052700336 0.0099325169 -0.001824673)
(-0.0003848735 0.0084782778 -0.0015717892)
(-0.00027346186 0.0071391616 -0.0013349028)
(-0.00018750916 0.0059070346 -0.0011134309)
(-0.00012255266 0.0047741188 -0.00090671656)
(-7.4816617e-05 0.0037330244 -0.00071405795)
(-4.1131946e-05 0.0027767701 -0.00053473059)
(-1.8904927e-05 0.0018987927 -0.00036800332)
(-6.0522125e-06 0.0010929476 -0.00021314939)
(-4.1139285e-07 0.00035350277 -6.9454052e-05)
(0.014770845 0.43454445 0.0079117968)
(-0.016868575 0.28071581 0.011601502)
(-0.011459891 0.18010004 0.010449042)
(-0.019343173 0.12793484 0.0071646202)
(-0.021935135 0.10381178 0.0034986092)
(-0.023187183 0.092407974 6.7314811e-06)
(-0.023232614 0.085882459 -0.0030515297)
(-0.022363548 0.080955284 -0.0055613348)
(-0.020871425 0.076410491 -0.0074961157)
(-0.019012362 0.071861974 -0.008885706)
(-0.016985271 0.067238425 -0.0097922841)
(-0.014934432 0.062578349 -0.010292334)
(-0.01295768 0.057949074 -0.010464357)
(-0.011115962 0.053415682 -0.010381464)
(-0.009442535 0.049030557 -0.010107615)
(-0.0079509355 0.044831473 -0.009696326)
(-0.0066413889 0.040843026 -0.0091908781)
(-0.0055056947 0.037079095 -0.0086253163)
(-0.004530775 0.033545362 -0.0080257903)
(-0.003701151 0.03024149 -0.0074119484)
(-0.0030005967 0.027162886 -0.0067982325)
(-0.0024131918 0.024302046 -0.0061950054)
(-0.0019239477 0.021649565 -0.0056094904)
(-0.0015191416 0.019194876 -0.00504653)
(-0.001186457 0.016926789 -0.0045091866)
(-0.00091500145 0.014833878 -0.0039992083)
(-0.00069524937 0.012904751 -0.0035173841)
(-0.00051894313 0.011128251 -0.0030638136)
(-0.00037897473 0.0094935864 -0.0026381075)
(-0.00026926126 0.0079904227 -0.0022395363)
(-0.00018462213 0.0066089396 -0.0018671404)
(-0.00012066117 0.0053398641 -0.001519811)
(-7.3658916e-05 0.0041744849 -0.0011963491)
(-4.0493542e-05 0.0031046538 -0.00089550875)
(-1.8611202e-05 0.002122776 -0.00061602904)
(-5.9570325e-06 0.0012217939 -0.00035665568)
(-4.0510494e-07 0.00039516547 -0.00011615683)
(0.014898521 0.43592905 0.011508476)
(-0.016551321 0.28419753 0.017008988)
(-0.010856402 0.18512072 0.015729819)
(-0.01872951 0.1343948 0.01128145)
(-0.021255751 0.11173733 0.0061585198)
(-0.022508317 0.10171918 0.0011892291)
(-0.022592568 0.096308677 -0.003223109)
(-0.021784287 0.092111634 -0.0068896457)
(-0.02036265 0.087894991 -0.0097540216)
(-0.018574998 0.083319164 -0.011845652)
(-0.016614818 0.078386874 -0.013244468)
(-0.014623679 0.073214721 -0.014054377)
(-0.012698559 0.067940136 -0.014384897)
(-0.010900654 0.062685556 -0.014339768)
(-0.0092640064 0.057547299 -0.014010871)
(-0.0078031234 0.052594942 -0.013475832)
(-0.006519191 0.04787482 -0.012797918)
(-0.0054048667 0.043414666 -0.012027224)
(-0.0044477998 0.03922811 -0.011202448)
(-0.0036331107 0.035318528 -0.010352812)
(-0.0029450604 0.031682116 -0.0094999009)
(-0.0023681236 0.028310248 -0.0086592769)
(-0.0018876332 0.025191217 -0.0078418485)
(-0.00149013 0.022311505 -0.0070549811)
(-0.0011635163 0.019656681 -0.0063033821)
(-0.00089708278 0.017212024 -0.0055897909)
(-0.00068145851 0.01496295 -0.0049155089)
(-0.00050851786 0.012895295 -0.0042808009)
(-0.00037126605 0.010995491 -0.0036851957)
(-0.00026371775 0.0092506745 -0.0031277101)
(-0.0001807767 0.0076487446 -0.0026070139)
(-0.0001181198 0.0061783804 -0.0021215516)
(-7.2090938e-05 0.0048290398 -0.0016696317)
(-3.9622909e-05 0.0035909402 -0.0012494915)
(-1.8206491e-05 0.0024550281 -0.00085934459)
(-5.8266746e-06 0.0014129428 -0.00049741427)
(-3.9579369e-07 0.00045697683 -0.00016195679)
(0.014972449 0.43772268 0.014859487)
(-0.016143832 0.28863696 0.022241363)
(-0.010093834 0.19137791 0.020863287)
(-0.017989219 0.14228992 0.015312866)
(-0.020455554 0.12128149 0.0087943606)
(-0.021728265 0.11280167 0.0024011083)
(-0.021876227 0.10860661 -0.0033228647)
(-0.021154532 0.10518463 -0.0081166719)
(-0.019826633 0.10129562 -0.011893961)
(-0.018129116 0.096658728 -0.014681669)
(-0.016249363 0.091360666 -0.016574511)
(-0.014326521 0.085603148 -0.017700861)
(-0.012457561 0.079598496 -0.018198851)
(-0.010704964 0.073529961 -0.018201171)
(-0.0091045499 0.067540507 -0.01782661)
(-0.0076726206 0.061733801 -0.017176393)
(-0.0064119404 0.056179881 -0.016333598)
(-0.0053164507 0.050922007 -0.015364392)
(-0.004374797 0.045983143 -0.014320133)
(-0.003572849 0.041371466 -0.013239771)
(-0.0028954236 0.037084781 -0.012152179)
(-0.0023274053 0.033113902 -0.011078253)
(-0.0018544315 0.029445177 -0.010032694)
(-0.0014632728 0.026062317 -0.0090254696)
(-0.0011420088 0.022947689 -0.0080629944)
(-0.0008800709 0.020083215 -0.0071490411)
(-0.00066820343 0.017450976 -0.0062854506)
(-0.00049837756 0.015033607 -0.0054726691)
(-0.00036368178 0.012814534 -0.0047101523)
(-0.00025820363 0.010778116 -0.0039966658)
(-0.00017691134 0.0089097104 -0.0033305076)
(-0.00011553935 0.0071956898 -0.0027096725)
(-7.048304e-05 0.005623425 -0.0021319719)
(-3.8720857e-05 0.0041812512 -0.0015951216)
(-1.7783799e-05 0.0028584193 -0.0010968055)
(-5.6871087e-06 0.0016450413 -0.00063472047)
(-3.8573431e-07 0.00053203317 -0.00020660833)
(0.015017456 0.43981951 0.017939537)
(-0.015687108 0.29380012 0.027247245)
(-0.0092352455 0.19854748 0.025834823)
(-0.017183514 0.15115695 0.019266315)
(-0.019603587 0.1318013 0.011428114)
(-0.020925835 0.1248316 0.0036742814)
(-0.02117073 0.12180272 -0.0033136763)
(-0.020567078 0.11909861 -0.0092050423)
(-0.01935873 0.11548367 -0.013882817)
(-0.017769534 0.11074168 -0.017368079)
(-0.015980475 0.1050439 -0.019765731)
(-0.014129167 0.098674659 -0.0212242)
(-0.012314082 0.091917733 -0.021906791)
(-0.010600638 0.085014096 -0.021972891)
(-0.0090279435 0.078151142 -0.021566996)
(-0.0076153169 0.071465357 -0.020813485)
(-0.0063680017 0.065050003 -0.01981529)
(-0.0052818308 0.058963958 -0.018654942)
(-0.0043468137 0.053239963 -0.017396854)
(-0.0035497596 0.047891623 -0.016090098)
(-0.002876106 0.042919032 -0.014771198)
(-0.0023111319 0.038313102 -0.013466676)
(-0.0018407156 0.034058822 -0.012195256)
(-0.0014517687 0.030137617 -0.010969686)
(-0.0011324496 0.026529044 -0.0097982073)
(-0.00087223213 0.023211961 -0.0086857121)
(-0.00066188274 0.020165322 -0.0076346338)
(-0.000493385 0.01736869 -0.0066456308)
(-0.00035983598 0.014802562 -0.0057180991)
(-0.00025533123 0.012448543 -0.0048505551)
(-0.00017484797 0.010289435 -0.0040409197)
(-0.00011413111 0.0083092623 -0.0032867273)
(-6.9588003e-05 0.0064932454 -0.0025852793)
(-3.8210005e-05 0.0048277614 -0.0019337558)
(-1.753952e-05 0.0033002806 -0.0013292968)
(-5.6062797e-06 0.0018992971 -0.0007690596)
(-3.7929615e-07 0.00061425803 -0.00025025926)
(0.015045465 0.44213061 0.020739134)
(-0.01520664 0.29947396 0.031998262)
(-0.0083328018 0.20632004 0.030640892)
(-0.016372239 0.16058061 0.023159248)
(-0.018769713 0.14276642 0.014092755)
(-0.020179746 0.13717798 0.0050517112)
(-0.020561141 0.13519711 -0.0031488952)
(-0.020110782 0.13312039 -0.010111001)
(-0.019049138 0.12972263 -0.015685252)
(-0.017585557 0.12484948 -0.019881615)
(-0.015894619 0.11874943 -0.022808513)
(-0.014113641 0.11178104 -0.024628207)
(-0.012344473 0.10429224 -0.025524456)
(-0.010657522 0.096576275 -0.025680376)
(-0.0090970724 0.088861343 -0.025264712)
(-0.0076870152 0.081314635 -0.02442465)
(-0.0064362436 0.074051628 -0.023283299)
(-0.0053432869 0.067146556 -0.021940216)
(-0.0044000183 0.060642146 -0.020473646)
(-0.0035944508 0.054557913 -0.018943534)
(-0.0029127394 0.048896844 -0.017394705)
(-0.0023405419 0.043650602 -0.015859843)
(-0.0018638918 0.038803431 -0.014362114)
(-0.0014697178 0.03433504 -0.012917356)
(-0.001146116 0.030222664 -0.011535862)
(-0.0008824579 0.02644251 -0.010223795)
(-0.00066939265 0.022970739 -0.0089842831)
(-0.00049878663 0.019784112 -0.0078182558)
(-0.00036362815 0.016860392 -0.0067250808)
(-0.00025791639 0.01417858 -0.0057030364)
(-0.00017654595 0.01171903 -0.0047496635)
(-0.00011519259 0.0094634831 -0.0038620247)
(-7.0206783e-05 0.0073950517 -0.0030368943)
(-3.8533911e-05 0.0054981724 -0.0022708976)
(-1.7681213e-05 0.0037585353 -0.0015606106)
(-5.6477885e-06 0.0021630061 -0.00090263068)
(-3.8169433e-07 0.00069954291 -0.00029362714)
(0.015070949 0.4445813 0.023241855)
(-0.014714144 0.30547457 0.036498543)
(-0.0074266015 0.21442961 0.035295918)
(-0.015601494 0.17023047 0.027020878)
(-0.018005118 0.15379522 0.016829907)
(-0.01954335 0.1494299 0.0065829868)
(-0.0201009 0.14837598 -0.0027773012)
(-0.01983836 0.14685509 -0.010788265)
(-0.018949754 0.14364952 -0.01726545)
(-0.017628335 0.13865575 -0.022200694)
(-0.016042106 0.13218638 -0.025697285)
(-0.014329028 0.12466284 -0.027923294)
(-0.012595995 0.11648899 -0.029076801)
(-0.010920372 0.10800523 -0.029360776)
(-0.0093535688 0.099477896 -0.028966349)
(-0.0079257589 0.091103795 -0.028063125)
(-0.0066508432 0.083020502 -0.026794941)
(-0.0055310375 0.075318 -0.025279411)
(-0.0045607356 0.068049641 -0.023609799)
(-0.0037295395 0.061241564 -0.021858077)
(-0.0030245002 0.054900376 -0.020078385)
(-0.002431687 0.049019149 -0.01831041)
(-0.0019372257 0.043581994 -0.016582413)
(-0.0015279402 0.038567427 -0.014913823)
(-0.0011917116 0.033950813 -0.013317351)
(-0.00091764407 0.029706083 -0.011800689)
(-0.00069610466 0.025806915 -0.01036783)
(-0.00051868516 0.022227516 -0.0090200891)
(-0.00037811948 0.018943118 -0.0077568726)
(-0.00026817858 0.01593027 -0.0065762543)
(-0.00018355685 0.013166993 -0.0054754062)
(-0.00011975718 0.010632833 -0.0044509155)
(-7.2982516e-05 0.0083088554 -0.0034990167)
(-4.0054128e-05 0.0061775972 -0.0026157609)
(-1.8376755e-05 0.0042229953 -0.0017971379)
(-5.8701443e-06 0.0024303011 -0.0010391631)
(-3.9655955e-07 0.00078598964 -0.00033793761)
(0.015097268 0.44707883 0.025434285)
(-0.014245695 0.31161247 0.040773036)
(-0.006556781 0.22264936 0.039823441)
(-0.014899691 0.17986433 0.030883585)
(-0.017331392 0.16464348 0.019679951)
(-0.019030047 0.16135848 0.0083143032)
(-0.019795853 0.16114263 -0.0021514654)
(-0.019750468 0.16014899 -0.011193332)
(-0.019059068 0.1571566 -0.018588588)
(-0.017896917 0.15209544 -0.024302981)
(-0.016424403 0.14532521 -0.028424681)
(-0.014780063 0.13731716 -0.031118007)
(-0.013076628 0.12852298 -0.032587772)
(-0.011399827 0.1193263 -0.033051765)
(-0.0098098802 0.11003057 -0.032720891)
(-0.0083449128 0.10086287 -0.031786465)
(-0.0070252963 0.091984296 -0.03041361)
(-0.0058580935 0.08350219 -0.028739263)
(-0.004841059 0.075482042 -0.026873252)
(-0.0039659348 0.06795792 -0.024901123)
(-0.0032209832 0.060941098 -0.022887731)
(-0.002592821 0.054426904 -0.020880942)
(-0.0020676755 0.048399961 -0.01891507)
(-0.0016321913 0.042838101 -0.017013865)
(-0.0012739088 0.03771521 -0.015193009)
(-0.00098151222 0.033003244 -0.013462121)
(-0.00074492335 0.028673628 -0.011826347)
(-0.0005552971 0.024698188 -0.010287577)
(-0.00040495817 0.021049756 -0.0088453795)
(-0.00028730589 0.017702525 -0.0074976981)
(-0.00019670434 0.014632252 -0.0062413764)
(-0.00012836731 0.011816337 -0.005072541)
(-7.8247464e-05 0.0092338284 -0.0039868845)
(-4.2952412e-05 0.0068653847 -0.0029798713)
(-1.9711013e-05 0.0046931989 -0.0020468855)
(-6.2972804e-06 0.0027009106 -0.0011833363)
(-4.2602046e-07 0.00087350965 -0.00038473102)
(0.015107476 0.44947852 0.027369705)
(-0.013934672 0.31763981 0.044827804)
(-0.0057886252 0.23077128 0.044217946)
(-0.014278307 0.18931343 0.034758589)
(-0.016737413 0.17517038 0.022665347)
(-0.018610308 0.17285345 0.010276517)
(-0.019603116 0.17342485 -0.001235656)
(-0.01979656 0.17297276 -0.011289272)
(-0.019324534 0.17025795 -0.019620532)
(-0.018341525 0.16522249 -0.026161349)
(-0.016997821 0.15825322 -0.03097439)
(-0.015430877 0.14985656 -0.034209568)
(-0.013758698 0.14052341 -0.036069339)
(-0.012075822 0.13067728 -0.036779774)
(-0.010452422 0.12065891 -0.036567731)
(-0.0089360459 0.1107279 -0.035644758)
(-0.007555035 0.10107185 -0.034197477)
(-0.0063226202 0.091818482 -0.032383402)
(-0.0052409699 0.08304805 -0.03033068)
(-0.0043047322 0.074804672 -0.028140312)
(-0.0035038865 0.067105913 -0.025889642)
(-0.0028258903 0.059950539 -0.023636263)
(-0.0022572031 0.053324533 -0.021421818)
(-0.0017843059 0.047205626 -0.019275402)
(-0.001394337 0.04156662 -0.017216446)
(-0.0010754523 0.036377758 -0.015257088)
(-0.00081699443 0.03160838 -0.013404049)
(-0.00060953708 0.027228035 -0.011660098)
(-0.00044485108 0.023207207 -0.010025171)
(-0.00031582568 0.019517761 -0.0084972197)
(-0.00021636609 0.016133196 -0.0070728417)
(-0.00014127997 0.013028754 -0.0057477483)
(-8.6164963e-05 0.010181451 -0.0045171089)
(-4.7323119e-05 0.0075700408 -0.003375801)
(-2.1727572e-05 0.0051749468 -0.0023185897)
(-6.9468773e-06 0.0029781682 -0.0013402568)
(-4.7084688e-07 0.00096318028 -0.00043568835)
(0.015059961 0.45172756 0.029176124)
(-0.01367985 0.32343723 0.04866514)
(-0.0051395704 0.23868893 0.048454535)
(-0.013700633 0.19848845 0.038624938)
(-0.016169685 0.18530536 0.025782189)
(-0.018212433 0.1838636 0.012479416)
(-0.019437715 0.18519542 -8.9684645e-06)
(-0.019884506 0.18532811 -0.011046216)
(-0.019653324 0.1829875 -0.020325725)
(-0.018874251 0.17810393 -0.027739329)
(-0.017683468 0.17106874 -0.033314484)
(-0.016213934 0.16240619 -0.037175528)
(-0.014586743 0.15263595 -0.03951202)
(-0.01290445 0.14221714 -0.040549926)
(-0.011247549 0.13152823 -0.040526507)
(-0.0096741278 0.12086441 -0.039670731)
(-0.0082219388 0.11044406 -0.038190116)
(-0.0069118391 0.10041964 -0.036263648)
(-0.0057516923 0.090890053 -0.034039541)
(-0.0047400724 0.081912592 -0.031636344)
(-0.003869422 0.073513499 -0.02914599)
(-0.0031285402 0.065696708 -0.026637718)
(-0.0025044195 0.058450761 -0.024162141)
(-0.0019835255 0.051754086 -0.021755038)
(-0.0015526342 0.045578908 -0.019440654)
(-0.0011993391 0.039894058 -0.017234459)
(-0.00091232326 0.03466695 -0.015145362)
(-0.00068147299 0.029864923 -0.013177455)
(-0.0004978871 0.025456124 -0.011331364)
(-0.00035382421 0.02141006 -0.0096052655)
(-0.00024261384 0.017697917 -0.007995657)
(-0.00015854814 0.014292719 -0.0064979261)
(-9.6769503e-05 0.011169378 -0.0051067693)
(-5.3184762e-05 0.0083046745 -0.0038164985)
(-2.4436479e-05 0.0056771919 -0.0026212612)
(-7.8189832e-06 0.003267223 -0.001515197)
(-5.3162722e-07 0.0010566664 -0.00049254695)
(0.014995338 0.45391673 0.030897058)
(-0.013306892 0.32910168 0.05221406)
(-0.0044773075 0.24642442 0.052524613)
(-0.013079392 0.207384 0.042455855)
(-0.015533247 0.19501956 0.029012151)
(-0.017731429 0.19435257 0.014916876)
(-0.019185159 0.1964195 0.0015372626)
(-0.019894356 0.19719018 -0.010439493)
(-0.019925495 0.19533886 -0.020665079)
(-0.019380698 0.19075898 -0.0289881)
(-0.018377016 0.18382079 -0.035393113)
(-0.017037954 0.1750454 -0.039968079)
(-0.015483857 0.1649672 -0.042878009)
(-0.013823069 0.15407416 -0.044338382)
(-0.012145742 0.14278159 -0.044589095)
(-0.01052103 0.13142339 -0.043871807)
(-0.0089973267 0.12025379 -0.042412941)
(-0.0076046232 0.10945557 -0.040413038)
(-0.0063579605 0.099151413 -0.038041798)
(-0.0052611254 0.089416123 -0.035437429)
(-0.0043100462 0.080287975 -0.03270879)
(-0.0034956164 0.071778541 -0.029939021)
(-0.002805877 0.063880656 -0.027189719)
(-0.0022276007 0.056574606 -0.024505054)
(-0.0017473768 0.049832771 -0.021915472)
(-0.0013523065 0.043623004 -0.019440866)
(-0.0010304112 0.037911016 -0.017093174)
(-0.00077084072 0.032662023 -0.014878445)
(-0.00056394551 0.02784183 -0.012798455)
(-0.00040126302 0.023417526 -0.010851939)
(-0.00027545162 0.019357896 -0.0090355271)
(-0.00018019348 0.015633641 -0.0073444375)
(-0.00011008593 0.012217455 -0.0057729919)
(-6.0558293e-05 0.0090840345 -0.004314992)
(-2.7848962e-05 0.0062100128 -0.0029639914)
(-8.9213386e-06 0.0035738741 -0.0017134898)
(-6.0859916e-07 0.0011558433 -0.00055706845)
(0.014991954 0.45610225 0.032493445)
(-0.01285102 0.33471989 0.055473865)
(-0.0037178776 0.25402654 0.056422374)
(-0.012336656 0.21601165 0.046221813)
(-0.014725577 0.20429363 0.032326452)
(-0.017052787 0.20427248 0.017569428)
(-0.018720874 0.20702915 0.0034003608)
(-0.019694895 0.20848242 -0.0094501044)
(-0.020007878 0.20723993 -0.020597176)
(-0.019731047 0.20313295 -0.029847493)
(-0.018956965 0.19648256 -0.037138421)
(-0.017793657 0.18778123 -0.042512333)
(-0.01635537 0.17755901 -0.046097692)
(-0.014752433 0.16632157 -0.048087332)
(-0.01308268 0.15451741 -0.048713563)
(-0.011425951 0.14252101 -0.048223546)
(-0.0098420258 0.13062766 -0.046858607)
(-0.0083713993 0.11905695 -0.044839543)
(-0.0070378674 0.10796185 -0.042358183)
(-0.005851942 0.097440299 -0.039574221)
(-0.0048143352 0.087547177 -0.036615829)
(-0.0039190659 0.07830514 -0.033582562)
(-0.0031559901 0.06971379 -0.030549376)
(-0.0025127234 0.06175696 -0.027570915)
(-0.0019760174 0.054408286 -0.024685578)
(-0.0015326868 0.047635305 -0.021919106)
(-0.0011701936 0.041402392 -0.019287586)
(-0.00087698112 0.035672796 -0.016799885)
(-0.00064263338 0.030410008 -0.014459584)
(-0.00045791888 0.025578642 -0.012266457)
(-0.00031476038 0.021144975 -0.010217614)
(-0.00020615766 0.017077247 -0.0083083472)
(-0.00012608877 0.013345793 -0.0065327701)
(-6.9433748e-05 0.0099230735 -0.0048842797)
(-3.1963872e-05 0.0067836315 -0.0033558963)
(-1.0251672e-05 0.0039040038 -0.0019405069)
(-7.0227616e-07 0.0012626134 -0.00063103646)
(0.014980266 0.45832089 0.033922639)
(-0.012278854 0.34035474 0.058427277)
(-0.0028083336 0.26155445 0.06010332)
(-0.011407877 0.2243839 0.049866588)
(-0.013651104 0.21310566 0.035677736)
(-0.016069624 0.213558 0.020401113)
(-0.017926997 0.21692147 0.0055634704)
(-0.019158916 0.21907623 -0.0080688946)
(-0.019767314 0.21855194 -0.020083727)
(-0.019790818 0.21509412 -0.030251802)
(-0.019292696 0.20894539 -0.038463504)
(-0.018359155 0.20054 -0.044709388)
(-0.017091901 0.1903786 -0.04907029)
(-0.015597921 0.17896742 -0.051703215)
(-0.013979189 0.16677982 -0.052820348)
(-0.012324572 0.15423003 -0.052664381)
(-0.010705133 0.14165869 -0.051484943)
(-0.0091727936 0.12932919 -0.049519753)
(-0.0077615707 0.11743241 -0.046982056)
(-0.0064903157 0.1060966 -0.044054128)
(-0.0053660448 0.095399208 -0.040885594)
(-0.0043872002 0.085378664 -0.037595021)
(-0.0035464867 0.076044791 -0.03427336)
(-0.0028331404 0.067387401 -0.030988184)
(-0.0022346299 0.059383003 -0.027787985)
(-0.0017378581 0.051999844 -0.02470614)
(-0.0013299637 0.045201554 -0.021764336)
(-0.00099881722 0.038949716 -0.018975408)
(-0.00073329731 0.033205603 -0.016345625)
(-0.00052341542 0.027931331 -0.013876477)
(-0.00036033835 0.023090565 -0.011566054)
(-0.00023634366 0.018648937 -0.0094100894)
(-0.00014473942 0.014574255 -0.0074027468)
(-7.9801815e-05 0.010836568 -0.0055371968)
(-3.6780782e-05 0.0074081516 -0.0038060424)
(-1.1814615e-05 0.0042634272 -0.0022016264)
(-8.1291608e-07 0.0013788573 -0.00071624913)
(0.014965885 0.4606694 0.035092862)
(-0.011372384 0.34615702 0.061025523)
(-0.0016714593 0.26911651 0.063515904)
(-0.010229536 0.23254505 0.053316808)
(-0.012222637 0.22143952 0.039005834)
(-0.014692925 0.222137 0.023361372)
(-0.016705064 0.22597367 0.0079939292)
(-0.018176383 0.22880793 -0.006301574)
(-0.019083227 0.22908504 -0.019097422)
(-0.019432044 0.2264455 -0.030139316)
(-0.019253558 0.22102558 -0.03927601)
(-0.018606559 0.21316912 -0.046444439)
(-0.017573455 0.20331654 -0.051669337)
(-0.016251381 0.19195032 -0.055059056)
(-0.01474131 0.1795537 -0.056791569)
(-0.013137895 0.16657518 -0.057092436)
(-0.0115221 0.15340268 -0.056209994)
(-0.0099573612 0.14034987 -0.054392867)
(-0.008488943 0.12765408 -0.051872973)
(-0.0071455329 0.1154824 -0.048854933)
(-0.0059420591 0.10394252 -0.045511268)
(-0.0048828876 0.093094812 -0.041981918)
(-0.0039648538 0.082964063 -0.038376562)
(-0.0031798422 0.073549471 -0.034778423)
(-0.0025168219 0.064832774 -0.031248588)
(-0.0019633557 0.05678446 -0.027830241)
(-0.001506657 0.049368353 -0.024552488)
(-0.0011342871 0.042544885 -0.021433609)
(-0.0008345825 0.036273347 -0.018483735)
(-0.00059688795 0.030513395 -0.015706983)
(-0.00041165364 0.025226011 -0.013103124)
(-0.00027043979 0.020374077 -0.010668857)
(-0.00016586709 0.015922687 -0.0083987846)
(-9.1577473e-05 0.011839283 -0.00628613)
(-4.2266314e-05 0.0080936697 -0.0043232736)
(-1.3598383e-05 0.0046579559 -0.0025021434)
(-9.4065419e-07 0.0015064546 -0.00081449469)
(0.0149524 0.46317623 0.035888256)
(-0.010227758 0.35220382 0.063201816)
(-0.00029078734 0.276792 0.066593747)
(-0.0087741141 0.24054686 0.056492818)
(-0.010376604 0.22929262 0.042245621)
(-0.012865606 0.22995011 0.026387674)
(-0.01498829 0.23406903 0.010642025)
(-0.01666614 0.23750735 -0.0041736557)
(-0.017859341 0.23862607 -0.017630638)
(-0.018544683 0.23694848 -0.029464074)
(-0.018719206 0.2324815 -0.039491429)
(-0.018410479 0.22544709 -0.047599698)
(-0.017675609 0.21619045 -0.053753478)
(-0.01659494 0.20513853 -0.058001961)
(-0.015261991 0.19276125 -0.060474754)
(-0.013772266 0.17952901 -0.061365677)
(-0.012213617 0.16587444 -0.060909219)
(-0.010659795 0.15216608 -0.059355766)
(-0.0091674845 0.13869617 -0.056950427)
(-0.0077762553 0.12568049 -0.053917901)
(-0.0065104132 0.11326625 -0.050453719)
(-0.0053818092 0.10154377 -0.046720862)
(-0.0043928647 0.090559085 -0.042850238)
(-0.0035393632 0.080325494 -0.03894352)
(-0.0028127884 0.070833288 -0.035077145)
(-0.0022021479 0.062057442 -0.03130663)
(-0.0016953144 0.053963403 -0.027670689)
(-0.0012799603 0.046511293 -0.024194885)
(-0.00094417018 0.039658859 -0.020894712)
(-0.00067681335 0.033363461 -0.017778116)
(-0.00046774211 0.027583383 -0.014847486)
(-0.00030786558 0.022278635 -0.01210122)
(-0.00018914658 0.017411416 -0.0095349112)
(-0.00010459828 0.012946346 -0.0071422493)
(-4.8351745e-05 0.0088505312 -0.0049156959)
(-1.5586389e-05 0.0050935444 -0.0028469798)
(-1.0844589e-06 0.0016473313 -0.00092745919)
(0.014960483 0.46579008 0.036264948)
(-0.0090922791 0.35843895 0.064951913)
(0.0012916567 0.28459427 0.069152247)
(-0.0070349308 0.24844698 0.059307804)
(-0.0080787853 0.23668909 0.045320363)
(-0.010570291 0.23697529 0.029400914)
(-0.012747354 0.24112829 0.013438646)
(-0.01458206 0.24503321 -0.0017335412)
(-0.016031426 0.24697482 -0.015702928)
(-0.017045644 0.24635633 -0.028207668)
(-0.017589012 0.24304109 -0.039048138)
(-0.017656778 0.23710277 -0.048070854)
(-0.017276689 0.22875573 -0.055182178)
(-0.016506033 0.21833361 -0.060366141)
(-0.015423848 0.20626083 -0.063691934)
(-0.014120111 0.19300815 -0.065306655)
(-0.012684779 0.17904342 -0.065416167)
(-0.011199028 0.16479052 -0.064260328)
(-0.0097298264 0.15060364 -0.062088731)
(-0.0083277895 0.13675753 -0.059141107)
(-0.0070275875 0.12344978 -0.055634053)
(-0.0058499401 0.11081057 -0.051753916)
(-0.004804336 0.098915345 -0.047654602)
(-0.0038918506 0.087797826 -0.043458769)
(-0.0031076926 0.077461473 -0.039261011)
(-0.0024433098 0.067888949 -0.035131925)
(-0.00188802 0.059049438 -0.031122348)
(-0.0014302047 0.050904061 -0.027267318)
(-0.0010581387 0.043409754 -0.023589546)
(-0.00076053324 0.036521931 -0.020102322)
(-0.00052686293 0.030196268 -0.016811891)
(-0.00034753299 0.024389832 -0.013719315)
(-0.00021394174 0.01906176 -0.010821942)
(-0.00011852834 0.014173623 -0.0081145151)
(-5.4890554e-05 0.0096895901 -0.0055900211)
(-1.7732137e-05 0.0055764407 -0.0032403206)
(-1.2422669e-06 0.0018035079 -0.0010566149)
(0.01503864 0.46852287 0.036194145)
(-0.0079501739 0.36499611 0.06616892)
(0.003023996 0.29271137 0.071001369)
(-0.0049540571 0.25638893 0.06176554)
(-0.0053285499 0.24371005 0.048145355)
(-0.0078217079 0.24325378 0.032301324)
(-0.0099809435 0.24714006 0.016294141)
(-0.01190965 0.2513093 0.0009422102)
(-0.013569006 0.25398467 -0.013367301)
(-0.014882656 0.25445548 -0.026388895)
(-0.015787772 0.25243936 -0.037921411)
(-0.016249247 0.24784528 -0.04778456)
(-0.016264231 0.24072576 -0.055834604)
(-0.015862624 0.23128097 -0.061990714)
(-0.015102533 0.21984966 -0.066254229)
(-0.014061322 0.20687106 -0.068712534)
(-0.012824702 0.19282901 -0.069527525)
(-0.011476537 0.17819627 -0.068913845)
(-0.010091199 0.16339247 -0.067113597)
(-0.0087291589 0.14876064 -0.064373178)
(-0.0074355273 0.13456058 -0.060925487)
(-0.0062407544 0.120974 -0.056978453)
(-0.0051626554 0.10811608 -0.052709352)
(-0.0042089751 0.096049176 -0.048263573)
(-0.0033799676 0.084796169 -0.043756333)
(-0.0026706906 0.074351874 -0.039276044)
(-0.0020728879 0.064692242 -0.034888357)
(-0.0015764419 0.055781348 -0.030640263)
(-0.0011704366 0.047576481 -0.026563861)
(-0.00084389616 0.04003173 -0.022679648)
(-0.000586268 0.033100414 -0.018999252)
(-0.00038770807 0.026736673 -0.015527664)
(-0.00023923073 0.020896444 -0.012264989)
(-0.00013282616 0.015538039 -0.0092078207)
(-6.1641779e-05 0.010622423 -0.0063502934)
(-1.9964199e-05 0.0061133087 -0.0036848779)
(-1.4094363e-06 0.0019771399 -0.0012029805)
(0.015197762 0.47134898 0.035657317)
(-0.0069291413 0.3718683 0.066735022)
(0.0046420026 0.30123204 0.071945455)
(-0.0024807674 0.26444409 0.063982576)
(-0.002251846 0.25047568 0.050589561)
(-0.0046665056 0.24890101 0.034968879)
(-0.0067069046 0.25218362 0.019105499)
(-0.0086560795 0.25635681 0.003758365)
(-0.010463227 0.25960236 -0.010705845)
(-0.012027937 0.26111068 -0.024065737)
(-0.013263982 0.26046413 -0.036131895)
(-0.014110962 0.25740493 -0.04671289)
(-0.014537946 0.25180357 -0.055628338)
(-0.014546349 0.2436903 -0.062740002)
(-0.014168899 0.23327366 -0.067980833)
(-0.013463746 0.22091953 -0.071370388)
(-0.012505186 0.20709687 -0.073013306)
(-0.01137336 0.19231088 -0.073083738)
(-0.010145225 0.17704338 -0.071801859)
(-0.0088881593 0.16171195 -0.0694089)
(-0.0076564392 0.14664998 -0.066145894)
(-0.006490129 0.13210377 -0.062237722)
(-0.0054160425 0.1182405 -0.057883217)
(-0.0044496967 0.10516168 -0.053250727)
(-0.0035976557 0.092917801 -0.048477648)
(-0.0028598375 0.081521886 -0.04367249)
(-0.0022315485 0.070960908 -0.038918299)
(-0.0017051485 0.061204714 -0.034276587)
(-0.0012713383 0.052212715 -0.029791248)
(-0.00092010341 0.04393868 -0.025492114)
(-0.00064137282 0.036334063 -0.021398047)
(-0.00042544447 0.029350221 -0.017519509)
(-0.00026324478 0.022939828 -0.013860647)
(-0.00014653513 0.017057736 -0.010420946)
(-6.8175086e-05 0.011661442 -0.0071965252)
(-2.2146199e-05 0.0067112937 -0.0041811278)
(-1.5783255e-06 0.0021705382 -0.0013668835)
(0.015438747 0.47420902 0.034697765)
(-0.0062101262 0.37894921 0.066586587)
(0.0062927549 0.30997995 0.071950975)
(0.00042988138 0.27257323 0.065629315)
(0.00089240383 0.25713887 0.052461066)
(-0.0011202062 0.25410756 0.037305188)
(-0.0029317181 0.25644139 0.021767493)
(-0.0048357116 0.26031849 0.0066067132)
(-0.0067210812 0.26390356 -0.0078261165)
(-0.0084702102 0.26631014 -0.021334107)
(-0.0099827366 0.26700725 -0.033749186)
(-0.011179857 0.26558432 -0.044883172)
(-0.012007954 0.26172637 -0.054535299)
(-0.012442461 0.25526861 -0.062523705)
(-0.012489418 0.24624726 -0.068720459)
(-0.012183029 0.23490652 -0.073076669)
(-0.011579372 0.22165787 -0.075631615)
(-0.010747514 0.20700981 -0.076506037)
(-0.0097600892 0.19149298 -0.075883667)
(-0.0086868857 0.17559944 -0.073985484)
(-0.0075879435 0.15974497 -0.071049022)
(-0.0065115168 0.14425356 -0.06730833)
(-0.0054930354 0.12935839 -0.062978986)
(-0.004556241 0.11521278 -0.058250128)
(-0.0037149622 0.10190527 -0.053281178)
(-0.0029751494 0.089475109 -0.048201941)
(-0.0023368731 0.077926087 -0.043114827)
(-0.0017960957 0.067237796 -0.038098209)
(-0.0013461277 0.057374337 -0.033210166)
(-0.00097876055 0.048290706 -0.028492151)
(-0.00068510193 0.039937324 -0.023972326)
(-0.00045615558 0.032263115 -0.019668441)
(-0.00028320815 0.025217529 -0.015590231)
(-0.00015814321 0.018751806 -0.011741378)
(-7.3800341e-05 0.012819712 -0.008121055)
(-2.406125e-05 0.0073779172 -0.004725157)
(-1.7336306e-06 0.0023861355 -0.0015472418)
(0.015788046 0.47716357 0.033328093)
(-0.0055463085 0.38645493 0.065561045)
(0.0081753035 0.31924333 0.071421997)
(0.0035500839 0.28111671 0.066286274)
(0.0041943014 0.26398263 0.053738687)
(0.0028733837 0.25916112 0.039226461)
(0.0013285044 0.26021225 0.024173029)
(-0.00045474609 0.26347721 0.0093651193)
(-0.0023381019 0.26712237 -0.004856422)
(-0.0041914034 0.27020792 -0.018322103)
(-0.0059068567 0.27211818 -0.030888593)
(-0.0073941399 0.27231805 -0.042380073)
(-0.0085845336 0.27032353 -0.052590863)
(-0.0094331927 0.26576896 -0.061313036)
(-0.0099217502 0.25848777 -0.068372746)
(-0.010058708 0.24855504 -0.073661088)
(-0.0098771681 0.23627345 -0.077151895)
(-0.0094290508 0.22211219 -0.078904719)
(-0.0087698068 0.20662376 -0.079056232)
(-0.0079758739 0.1903646 -0.077787057)
(-0.0070962013 0.17383575 -0.075321719)
(-0.006188559 0.15744985 -0.071892104)
(-0.0052950284 0.14152047 -0.067721647)
(-0.0044469302 0.12626722 -0.063014577)
(-0.0036656669 0.11182944 -0.057949472)
(-0.0029640594 0.098282853 -0.052676677)
(-0.002348026 0.085655725 -0.047318643)
(-0.0018182867 0.07394283 -0.041972136)
(-0.0013718814 0.063116592 -0.036711408)
(-0.0010034283 0.053135517 -0.031591671)
(-0.00070610797 0.043950297 -0.026652494)
(-0.00047239138 0.035508068 -0.021920871)
(-0.00029456053 0.027755256 -0.017413887)
(-0.00016514079 0.020639418 -0.01314095)
(-7.7367066e-05 0.014110355 -0.0091056049)
(-2.5341615e-05 0.0081207333 -0.0053070004)
(-1.8527529e-06 0.0026263748 -0.0017410406)
(0.01617195 0.48022997 0.031518097)
(-0.0048482194 0.39437458 0.063517414)
(0.010129062 0.32909941 0.070177401)
(0.0068590341 0.29030175 0.065905288)
(0.0078145707 0.27131391 0.054366739)
(0.0072453978 0.26446614 0.040613565)
(0.0060736527 0.26393789 0.026199348)
(0.0045087742 0.26627829 0.011904764)
(0.0027237678 0.26967932 -0.0019382104)
(0.00085753975 0.27316402 -0.015181111)
(-0.00097269204 0.27605862 -0.027700816)
(-0.0026710002 0.27773904 -0.039337143)
(-0.0041621988 0.27758766 -0.049889611)
(-0.0053883394 0.27505677 -0.059141704)
(-0.0063120241 0.26976836 -0.06689344)
(-0.0069177578 0.26159259 -0.072993444)
(-0.0072131858 0.25067122 -0.07736064)
(-0.0072350205 0.2373808 -0.079993288)
(-0.0069745301 0.2222536 -0.080963671)
(-0.0065749474 0.20588603 -0.080432808)
(-0.0060106712 0.18885692 -0.078572052)
(-0.0053688906 0.17167299 -0.075599639)
(-0.0046899402 0.15474076 -0.071736678)
(-0.0040099241 0.1383613 -0.067193613)
(-0.0033572213 0.12273941 -0.062162112)
(-0.0027517411 0.10799977 -0.056809587)
(-0.0022059218 0.094204947 -0.051277086)
(-0.0017262118 0.081372075 -0.045679775)
(-0.0013144959 0.069486873 -0.040109032)
(-0.00096935349 0.058514585 -0.034635336)
(-0.00068711312 0.048408125 -0.029311436)
(-0.00046268719 0.039113884 -0.024175415)
(-0.00029020958 0.030575707 -0.019253489)
(-0.00016358112 0.02273752 -0.01456244)
(-7.7036805e-05 0.015544976 -0.010111662)
(-2.5390237e-05 0.0089464233 -0.0059048486)
(-1.8905253e-06 0.0028934171 -0.0019413619)
(0.016553775 0.48335916 0.029321868)
(-0.00414047 0.40265254 0.060479548)
(0.012019045 0.33963268 0.067972959)
(0.010337808 0.30037355 0.064558868)
(0.011804802 0.27953316 0.054171881)
(0.012025964 0.27053051 0.041322222)
(0.01136278 0.26820404 0.027699112)
(0.010136794 0.26935346 0.014072576)
(0.0085603737 0.27221573 0.00076358739)
(0.0067886965 0.2757896 -0.012087897)
(0.0049450228 0.27935941 -0.024368161)
(0.0031273093 0.28224968 -0.035928857)
(0.0014131676 0.28375668 -0.046578552)
(-0.0001334829 0.28319447 -0.056104893)
(-0.0014632977 0.27999474 -0.064302931)
(-0.0025430376 0.27381122 -0.071002221)
(-0.0033538105 0.26458345 -0.076087638)
(-0.0038847938 0.25253825 -0.079511809)
(-0.0041834234 0.23813306 -0.081294424)
(-0.0042417141 0.22196312 -0.081524182)
(-0.0041260757 0.20466356 -0.080355301)
(-0.0038565292 0.18682994 -0.077965507)
(-0.0035029225 0.16896886 -0.074554015)
(-0.0030940208 0.15147643 -0.070328166)
(-0.0026620264 0.13463822 -0.065483393)
(-0.0022330579 0.11864218 -0.060197113)
(-0.0018260602 0.10359702 -0.054624338)
(-0.001453723 0.089551334 -0.048896048)
(-0.0011236662 0.076510638 -0.043119711)
(-0.00083953427 0.06445129 -0.037381146)
(-0.00060198157 0.053331175 -0.031747069)
(-0.00040952052 0.043097517 -0.026267871)
(-0.00025922242 0.033692347 -0.020980325)
(-0.0001473413 0.025056198 -0.015910075)
(-6.9952958e-05 0.017130488 -0.011073815)
(-2.3278244e-05 0.0098589677 -0.0064811419)
(-1.7858733e-06 0.0031885495 -0.0021361024)
(0.016889684 0.4865605 0.02682108)
(-0.0035085141 0.41129885 0.056486328)
(0.013823228 0.35093669 0.064606077)
(0.01378115 0.31160239 0.062047744)
(0.016144063 0.28911255 0.052936783)
(0.017284662 0.27799161 0.041158809)
(0.017313409 0.27377289 0.028484829)
(0.016588111 0.27355157 0.015677331)
(0.015362443 0.27563036 0.0030541141)
(0.013811011 0.27898851 -0.0092414771)
(0.012064102 0.28287692 -0.021093013)
(0.010221761 0.28659381 -0.032352323)
(0.008362371 0.2893994 -0.042834691)
(0.0065513063 0.29053293 -0.052339259)
(0.0048463329 0.28929174 -0.060673595)
(0.0032985387 0.28513783 -0.067671495)
(0.001949362 0.27779323 -0.073207253)
(0.00082484925 0.26728801 -0.077207026)
(-7.350974e-05 0.25394285 -0.079658138)
(-0.00069062036 0.23829483 -0.080610086)
(-0.0011613363 0.22099537 -0.080148442)
(-0.0014199339 0.20270963 -0.078406588)
(-0.0015160706 0.18404175 -0.075562856)
(-0.0015069405 0.16549109 -0.071802042)
(-0.0014152267 0.14743744 -0.067310263)
(-0.0012698638 0.13014651 -0.062264288)
(-0.0010953912 0.11378633 -0.056824776)
(-0.00091070654 0.098447595 -0.051132551)
(-0.00072964514 0.08416361 -0.045307278)
(-0.0005617908 0.070927438 -0.039447877)
(-0.00041324705 0.0587056 -0.033634046)
(-0.00028736565 0.047448363 -0.027928378)
(-0.00018541337 0.037097136 -0.022378694)
(-0.00010720109 0.027589561 -0.017020357)
(-5.1722306e-05 0.018862882 -0.011878411)
(-1.7537267e-05 0.01085606 -0.0069694833)
(-1.4207424e-06 0.0035110258 -0.0023034347)
(0.017167822 0.48986091 0.024085132)
(-0.0030161384 0.42038204 0.051607421)
(0.015619633 0.36319882 0.059969601)
(0.017328007 0.32437141 0.058271745)
(0.020856091 0.30067683 0.050385832)
(0.023178407 0.28769523 0.039839254)
(0.024149819 0.2816716 0.028283891)
(0.02414658 0.28003102 0.016459321)
(0.023456517 0.28116097 0.0046882793)
(0.022272667 0.28402363 -0.0068687871)
(0.020733493 0.28783848 -0.018078503)
(0.018943254 0.29189492 -0.028782973)
(0.016984775 0.29546358 -0.038800351)
(0.014929851 0.29778145 -0.047945689)
(0.012847689 0.29809118 -0.056051716)
(0.010806157 0.2957246 -0.062977663)
(0.0088689981 0.290209 -0.068613714)
(0.0070905303 0.28135651 -0.07288445)
(0.0055104344 0.26929858 -0.075753184)
(0.0041512242 0.25445107 -0.077225009)
(0.0030377805 0.23742529 -0.077361241)
(0.0021214445 0.21891803 -0.076262653)
(0.0014189392 0.19961218 -0.074049718)
(0.00089250376 0.18010774 -0.070872397)
(0.00051303397 0.16088624 -0.06689346)
(0.00025214078 0.14230311 -0.062275904)
(8.3186552e-05 0.1245983 -0.057174663)
(-1.7300454e-05 0.1079158 -0.051731105)
(-6.894741e-05 0.092325618 -0.046069917)
(-8.7536216e-05 0.077844064 -0.040297895)
(-8.5347789e-05 0.064450772 -0.034504154)
(-7.1602944e-05 0.052101915 -0.028761249)
(-5.2963957e-05 0.040739941 -0.023126823)
(-3.405357e-05 0.030300441 -0.017645469)
(-1.7974361e-05 0.020716784 -0.012350617)
(-6.6957002e-06 0.011923104 -0.0072662989)
(-6.8177693e-07 0.0038561264 -0.0024087723)
(0.017421214 0.49336629 0.021168762)
(-0.0025863006 0.43016057 0.045875851)
(0.017510776 0.37688181 0.053877008)
(0.021359405 0.33938735 0.052884)
(0.026324779 0.31521964 0.046237176)
(0.030114628 0.30090479 0.037023619)
(0.032332994 0.29337851 0.026745238)
(0.033316772 0.29040792 0.016088133)
(0.033368114 0.29048093 0.0053801196)
(0.032693312 0.29255657 -0.0051996013)
(0.031439735 0.29583452 -0.015492562)
(0.029722636 0.29961466 -0.025324715)
(0.027641882 0.30322166 -0.034516135)
(0.025292173 0.30596231 -0.042904381)
(0.022764855 0.3071165 -0.050359279)
(0.020151439 0.3059735 -0.056779648)
(0.017540235 0.30192406 -0.062090705)
(0.015011868 0.29457506 -0.066239028)
(0.012634579 0.28383748 -0.069191667)
(0.01046031 0.26994726 -0.070939782)
(0.0085222549 0.25341147 -0.071503867)
(0.0068349886 0.23490465 -0.070939749)
(0.005396914 0.21515363 -0.069333954)
(0.0041950996 0.19484231 -0.066795953)
(0.0032089228 0.17455101 -0.063452615)
(0.0024134388 0.15473037 -0.05943944)
(0.0017821747 0.13570142 -0.054892362)
(0.0012892031 0.1176711 -0.04994127)
(0.00091048134 0.10075457 -0.044705501)
(0.00062458195 0.084998031 -0.039291187)
(0.00041297891 0.070399038 -0.033790096)
(0.00026003253 0.056922883 -0.028279601)
(0.00015279188 0.044515059 -0.022823396)
(8.0732346e-05 0.033110235 -0.017472674)
(3.5519936e-05 0.022638444 -0.01226751)
(1.0698946e-05 0.013029159 -0.0072382992)
(5.4870235e-07 0.0042138439 -0.002407174)
(0.017779934 0.49731005 0.018022535)
(-0.0017914299 0.44132561 0.039179392)
(0.019948107 0.3930678 0.046070203)
(0.026336694 0.35803931 0.04556161)
(0.033186231 0.33442965 0.040105105)
(0.038810706 0.31955566 0.032298173)
(0.042608249 0.31096451 0.023468645)
(0.044825438 0.30676615 0.014220545)
(0.045758498 0.30558716 0.0048673817)
(0.04563179 0.3064282 -0.0043871265)
(0.044618473 0.30851331 -0.013362629)
(0.042865414 0.31119879 -0.021888248)
(0.040514275 0.31391385 -0.029808425)
(0.037701455 0.31609266 -0.0369868)
(0.034562602 0.31712621 -0.043331919)
(0.031225291 0.31634892 -0.048791995)
(0.027806845 0.31309065 -0.053333406)
(0.024412303 0.30679623 -0.056935363)
(0.021131924 0.29715592 -0.059583668)
(0.018038732 0.28418771 -0.061271217)
(0.015186757 0.26823589 -0.062003352)
(0.012610643 0.24989297 -0.061804005)
(0.010327011 0.22988167 -0.060719395)
(0.0083372753 0.20893852 -0.058817988)
(0.0066311587 0.18772677 -0.056186907)
(0.0051902012 0.16678756 -0.052926156)
(0.0039908848 0.14652491 -0.049142186)
(0.0030071907 0.12721371 -0.044941948)
(0.0022125416 0.10901992 -0.040428108)
(0.0015811707 0.092024734 -0.035695607)
(0.0010890002 0.076247659 -0.03082954)
(0.00071412568 0.061666073 -0.025904132)
(0.00043701941 0.048230524 -0.020982536)
(0.00024064949 0.035876049 -0.016117233)
(0.00011069577 0.024530112 -0.011350787)
(3.5412177e-05 0.01411795 -0.0067167839)
(2.3655957e-06 0.0045659766 -0.0022408928)
(0.018427474 0.50187165 0.014360406)
(2.3027123e-05 0.45470882 0.03106862)
(0.023716869 0.4131921 0.036188784)
(0.033245947 0.38211782 0.035856093)
(0.042395749 0.36024604 0.031533315)
(0.050122084 0.34555868 0.025256052)
(0.055657415 0.33616674 0.018134192)
(0.059135167 0.33056286 0.010667719)
(0.060842914 0.32760387 0.0031266226)
(0.061058845 0.32644565 -0.0042833616)
(0.060017849 0.32642113 -0.011395749)
(0.057931307 0.32701428 -0.018074549)
(0.055007387 0.3277966 -0.024194318)
(0.051453276 0.32836103 -0.02966835)
(0.047461137 0.32824487 -0.034456485)
(0.043202041 0.32687089 -0.038540548)
(0.038824028 0.32356671 -0.041921621)
(0.034452983 0.31766816 -0.044607866)
(0.030193801 0.30867397 -0.046605728)
(0.026131268 0.29638103 -0.047917619)
(0.022330542 0.28094029 -0.048545457)
(0.018837696 0.26281693 -0.048497067)
(0.015680873 0.24268286 -0.047792101)
(0.012872257 0.22128826 -0.046465321)
(0.010410676 0.19935151 -0.044566695)
(0.0082844866 0.17748716 -0.042158926)
(0.0064744109 0.15617327 -0.039313505)
(0.0049561035 0.13574904 -0.036106344)
(0.0037023245 0.11643067 -0.032613749)
(0.0026846812 0.098335265 -0.028909144)
(0.0018749425 0.081505727 -0.025060694)
(0.0012459516 0.065933007 -0.021129779)
(0.00077222645 0.051574042 -0.017170207)
(0.00043051119 0.038365345 -0.013227994)
(0.00020055099 0.026232724 -0.0093415399)
(6.5195544e-05 0.01509792 -0.005542069)
(4.6149189e-06 0.0048829135 -0.0018542548)
(0.019352442 0.50660438 0.0096750963)
(0.0030060332 0.46935503 0.020707531)
(0.028956109 0.43597405 0.023666913)
(0.04200267 0.41006259 0.02324341)
(0.053566105 0.3907263 0.020135494)
(0.063257065 0.37654599 0.01570403)
(0.070253407 0.36623884 0.01074492)
(0.074616306 0.35877876 0.0056221355)
(0.076690043 0.35338332 0.00053677606)
(0.076834543 0.3494632 -0.0043582212)
(0.075366373 0.34656048 -0.0089632154)
(0.072593731 0.34433746 -0.013198059)
(0.068816471 0.34252063 -0.017003016)
(0.06431307 0.34083825 -0.020343076)
(0.059328963 0.33894074 -0.02320657)
(0.054071907 0.33632999 -0.025601712)
(0.048713259 0.33234865 -0.027548427)
(0.043391462 0.32626465 -0.029069106)
(0.038216757 0.3174334 -0.03018148)
(0.033275722 0.30546822 -0.030895734)
(0.028634629 0.29034265 -0.031216052)
(0.024341636 0.27238825 -0.031145039)
(0.020428389 0.25220388 -0.030688723)
(0.016911632 0.23052372 -0.029860359)
(0.013795083 0.20809138 -0.028682128)
(0.011071532 0.18556891 -0.027184891)
(0.0087250635 0.16348831 -0.025406532)
(0.0067332408 0.14223866 -0.023389585)
(0.0050691419 0.12207682 -0.021178738)
(0.0037031564 0.1031499 -0.018818584)
(0.0026044902 0.085520951 -0.016351808)
(0.001742334 0.069193056 -0.013817892)
(0.0010867476 0.054129243 -0.011252276)
(0.00060957764 0.040267916 -0.008685939)
(0.00028575257 0.027534046 -0.0061452705)
(9.3632059e-05 0.015846904 -0.0036521667)
(6.8185667e-06 0.0051251436 -0.0012242991)
(0.020128224 0.51001164 0.0036982804)
(0.0057407735 0.4803626 0.0076627713)
(0.033442488 0.45341423 0.0083058233)
(0.049100248 0.43166042 0.0076504221)
(0.062332258 0.41428371 0.0060025338)
(0.073195527 0.40032087 0.0039266902)
(0.080922966 0.38901756 0.0017632911)
(0.085591605 0.37979459 -0.00033526689)
(0.087623144 0.37220323 -0.0022921597)
(0.08743851 0.36589891 -0.0040659902)
(0.085435483 0.36061672 -0.0056336257)
(0.082005432 0.35614817 -0.0069735524)
(0.077507931 0.35230927 -0.0080930121)
(0.072266981 0.34889326 -0.0090021611)
(0.066558008 0.34559917 -0.0097152573)
(0.060606658 0.34195965 -0.010251297)
(0.054593357 0.33731912 -0.010631434)
(0.048659284 0.33090715 -0.010875582)
(0.04291326 0.3220006 -0.010999742)
(0.037438437 0.31010916 -0.011014767)
(0.032297491 0.29510147 -0.010926729)
(0.027535996 0.27722462 -0.010738502)
(0.023184396 0.25702517 -0.01045184)
(0.019259589 0.23521747 -0.010069242)
(0.015766421 0.21255049 -0.0095951464)
(0.012699185 0.18970666 -0.0090364056)
(0.010043367 0.16724426 -0.0084021575)
(0.0077774783 0.14557812 -0.0077033153)
(0.0058748762 0.12498687 -0.0069518794)
(0.0043054827 0.10563406 -0.00616024)
(0.0030373137 0.087594058 -0.0053405667)
(0.0020377382 0.070876908 -0.0045043341)
(0.0012744922 0.055449274 -0.0036619919)
(0.00071679249 0.04125085 -0.0028227679)
(0.00033693471 0.028206348 -0.0019945772)
(0.00011078934 0.01623384 -0.0011840141)
(8.1730868e-06 0.0052502814 -0.00039640581)
(0.020198282 0.51044802 -0.0029790635)
(0.0059615363 0.48164342 -0.0068121903)
(0.033701651 0.45514742 -0.0084749294)
(0.049359874 0.43338814 -0.0093643012)
(0.062498371 0.41567786 -0.0093592094)
(0.073218926 0.40121685 -0.0087573558)
(0.080782615 0.38938102 -0.0077680642)
(0.085283022 0.37967478 -0.006496216)
(0.087149723 0.37169482 -0.0050193843)
(0.086830407 0.3651112 -0.0034094709)
(0.084758212 0.35965144 -0.0017187833)
(0.081300103 0.35509344 -1.8579667e-05)
(0.076783679 0.35123152 0.0016479724)
(0.071541075 0.34783763 0.0032399093)
(0.065848622 0.34458815 0.0047232752)
(0.05992742 0.34099518 0.0060741177)
(0.053953323 0.33638833 0.0072764777)
(0.048064226 0.329991 0.0083190579)
(0.042366719 0.32108267 0.0091925386)
(0.036942392 0.30918181 0.0098884265)
(0.031852733 0.29416783 0.010399482)
(0.02714228 0.27629673 0.010721093)
(0.022840684 0.25612007 0.01085271)
(0.018964091 0.23435312 0.010798824)
(0.01551655 0.21174255 0.010568948)
(0.012491707 0.18896684 0.01017702)
(0.0098745515 0.16657983 0.0096403617)
(0.0076432536 0.14499234 0.0089784726)
(0.0057709788 0.12447975 0.008211861)
(0.0042276009 0.10520333 0.0073610369)
(0.0029812132 0.087235964 0.0064457205)
(0.0019993655 0.070586856 0.0054842717)
(0.0012500555 0.055222339 0.0044933227)
(0.00070281149 0.041082092 0.003487579)
(0.0003302475 0.028091019 0.0024797491)
(0.0001085441 0.016167496 0.0014805603)
(7.9947575e-06 0.0052288296 0.00049885938)
(0.019494315 0.50774909 -0.0091143107)
(0.0034092679 0.47262735 -0.020083502)
(0.029393765 0.44034595 -0.023878582)
(0.042379798 0.41439389 -0.024884514)
(0.053731691 0.39423931 -0.023286155)
(0.063116844 0.37886089 -0.020212991)
(0.069757059 0.36727832 -0.016352761)
(0.073760549 0.35865256 -0.012029784)
(0.075508342 0.35229257 -0.0074443186)
(0.075378939 0.34763839 -0.0027525545)
(0.073680582 0.34423669 0.0019101808)
(0.070751239 0.34173763 0.0064109169)
(0.06690701 0.33981578 0.010661778)
(0.062400895 0.33814239 0.014587399)
(0.057459397 0.33630848 0.01813348)
(0.052278607 0.33376355 0.02126663)
(0.047020275 0.32981495 0.023969032)
(0.041815148 0.32371922 0.026230097)
(0.036767767 0.31484339 0.028040275)
(0.031960491 0.30282681 0.029389036)
(0.027456213 0.28767173 0.030266859)
(0.023300128 0.26973152 0.030669391)
(0.019521162 0.24961537 0.030601524)
(0.016133588 0.22805666 0.030079801)
(0.013138958 0.20579037 0.029132679)
(0.010528293 0.18346611 0.027798965)
(0.0082843605 0.16160293 0.026125128)
(0.0063838683 0.14057855 0.024162233)
(0.0047994819 0.12064098 0.021963012)
(0.0035015734 0.1019311 0.019579388)
(0.0024596622 0.084508045 0.01706058)
(0.0016435149 0.068372778 0.014451794)
(0.0010239623 0.053487512 0.011793437)
(0.00057373454 0.039790705 0.0091207501)
(0.00026864716 0.027207914 0.0064637555)
(8.7902249e-05 0.015659287 0.0038474119)
(6.367454e-06 0.0050644786 0.0012919526)
(0.018507787 0.50341062 -0.013941536)
(0.00017735974 0.45898185 -0.030601853)
(0.023796079 0.41880263 -0.036329525)
(0.033118914 0.38763222 -0.037335406)
(0.042075208 0.36474922 -0.034391026)
(0.049542805 0.34863515 -0.02934572)
(0.054761993 0.33775057 -0.023213635)
(0.057898418 0.33077773 -0.016480714)
(0.059278969 0.32665938 -0.0094412995)
(0.059189515 0.32456913 -0.0023074466)
(0.057888243 0.32386547 0.004739853)
(0.055618648 0.32401605 0.011553196)
(0.05259945 0.32454818 0.017987336)
(0.049021217 0.32498927 0.023916829)
(0.0450621 0.32480441 0.029256272)
(0.040881705 0.32335976 0.033957664)
(0.036618061 0.31994925 0.037984825)
(0.0323882 0.31390724 0.041311482)
(0.028289616 0.30475834 0.043915432)
(0.024400758 0.29233868 0.04577811)
(0.020781066 0.27683573 0.046888777)
(0.017471322 0.25873741 0.047250318)
(0.014494849 0.23872118 0.046883603)
(0.01185963 0.21752821 0.045828807)
(0.0095610489 0.19585898 0.044143651)
(0.0075848551 0.17430697 0.041899442)
(0.0059100043 0.1533302 0.039176103)
(0.0045111632 0.13325121 0.036057225)
(0.0033607823 0.1142737 0.032625765)
(0.0024307148 0.09650629 0.028960719)
(0.0016934054 0.079986728 0.025134815)
(0.0011226864 0.064703335 0.021213113)
(0.00069427518 0.050612193 0.017252362)
(0.00038621532 0.037650119 0.013300915)
(0.00017951419 0.025743924 0.0093990353)
(5.8194473e-05 0.014816714 0.0055794248)
(4.0777687e-06 0.0047919858 0.0018679383)
(0.017711551 0.49905939 -0.017589689)
(-0.0020768963 0.44613837 -0.038603038)
(0.019472345 0.39929826 -0.04597495)
(0.025472894 0.36410966 -0.046850318)
(0.032236538 0.33938999 -0.042745518)
(0.037746147 0.32305229 -0.036104541)
(0.041386758 0.31299829 -0.028184183)
(0.043405382 0.30748708 -0.019600097)
(0.044111683 0.3051864 -0.010703271)
(0.043746913 0.30509286 -0.0017325911)
(0.042516457 0.30643462 0.0071237629)
(0.040594618 0.30855217 0.015687789)
(0.038135312 0.31083932 0.023790672)
(0.035278639 0.31268221 0.03128579)
(0.032151556 0.31341503 0.038047856)
(0.028874997 0.31233003 0.043987348)
(0.025559083 0.30874711 0.049040487)
(0.022301016 0.30213071 0.053153824)
(0.019183164 0.29221148 0.05628673)
(0.016270595 0.2790513 0.058414282)
(0.013609552 0.26302632 0.059532863)
(0.011227441 0.24474113 0.059664971)
(0.0091345014 0.22491111 0.058860967)
(0.0073268759 0.20425178 0.057196464)
(0.0057902995 0.18339891 0.054766668)
(0.004503583 0.16286582 0.051679389)
(0.0034416147 0.14303217 0.048047854)
(0.0025777398 0.12415374 0.043984463)
(0.0018855049 0.10638278 0.039595986)
(0.001339833 0.089791591 0.034980286)
(0.00091772838 0.074394538 0.030224423)
(0.00059861773 0.060166631 0.025403854)
(0.00036444016 0.047057932 0.020582446)
(0.00019965757 0.035004186 0.015813045)
(9.1347749e-05 0.023934263 0.011138356)
(2.9020557e-05 0.01377515 0.0065919865)
(1.8868912e-06 0.0044551311 0.0021995724)
(0.017185523 0.49533839 -0.020532547)
(-0.0033226154 0.43564952 -0.044912029)
(0.016551066 0.3838904 -0.053439132)
(0.019826394 0.34607753 -0.054003935)
(0.024831802 0.32055464 -0.048780127)
(0.028638447 0.30463701 -0.040743027)
(0.030856927 0.2956541 -0.031320685)
(0.031796602 0.29146682 -0.021246632)
(0.031749526 0.29053056 -0.010924149)
(0.030938564 0.29174867 -0.00058747281)
(0.029541004 0.29428618 0.0095845352)
(0.027696583 0.2974136 0.019404759)
(0.025523683 0.30043058 0.028694496)
(0.023126713 0.30261572 0.037287541)
(0.020601162 0.30322198 0.045031011)
(0.018036185 0.30153208 0.051795698)
(0.015515758 0.29695704 0.057478046)
(0.013114217 0.28914513 0.061998487)
(0.010891718 0.27805518 0.065304832)
(0.008890809 0.26396095 0.067377248)
(0.0071349973 0.2473867 0.068231956)
(0.0056314457 0.22900178 0.067926678)
(0.004370105 0.20951055 0.066554469)
(0.0033350515 0.18956485 0.064231645)
(0.0025014974 0.16971086 0.061091739)
(0.0018424212 0.15036811 0.057275631)
(0.00133051 0.13183228 0.052922991)
(0.00093989215 0.11429148 0.048165892)
(0.00064722743 0.097848018 0.043124595)
(0.00043222137 0.082540142 0.037905216)
(0.00027773203 0.068361161 0.03259889)
(0.00016961968 0.055274745 0.027281998)
(9.6453909e-05 0.043226488 0.022017089)
(4.9169635e-05 0.032152219 0.016854198)
(2.074561e-05 0.021983719 0.01183232)
(5.8698577e-06 0.012652478 0.0069809122)
(2.0092588e-07 0.0040920411 0.0023213324)
(0.016790923 0.49217848 -0.023091913)
(-0.0041044153 0.42690927 -0.050018796)
(0.014291277 0.37136558 -0.059102171)
(0.015233385 0.33188761 -0.059237728)
(0.018923527 0.30636274 -0.052922739)
(0.021347933 0.29146009 -0.043625631)
(0.02243896 0.28387851 -0.032899974)
(0.022516556 0.28106902 -0.021582434)
(0.021841999 0.28129325 -0.010114363)
(0.020620931 0.28338579 0.0012630605)
(0.019016458 0.28648219 0.012378596)
(0.017156884 0.28982876 0.023062468)
(0.015143953 0.29267633 0.03313163)
(0.013064273 0.29425664 0.042398759)
(0.010995119 0.29382288 0.050684132)
(0.0090062329 0.29073768 0.05782793)
(0.0071588278 0.28457652 0.063699725)
(0.0055018152 0.27520535 0.068206567)
(0.0040658152 0.26279992 0.071302343)
(0.0028613491 0.24779924 0.072993535)
(0.0019150072 0.230813 0.073348749)
(0.0011616346 0.21251564 0.072460967)
(0.00061175693 0.19355513 0.070457191)
(0.00022730402 0.17449238 0.067494264)
(-2.5882742e-05 0.15577208 0.063738603)
(-0.00017650988 0.1377187 0.059354813)
(-0.00025112617 0.12054844 0.054497767)
(-0.00027241879 0.10438856 0.049307536)
(-0.00025880604 0.089298183 0.043906696)
(-0.00022464433 0.075287344 0.038399513)
(-0.00018069953 0.062332716 0.032872452)
(-0.00013470249 0.05038976 0.027395516)
(-9.191332e-05 0.039401653 0.022024023)
(-5.5682175e-05 0.029305567 0.016800549)
(-2.8010477e-05 0.020036887 0.011756837)
(-9.9426366e-06 0.011531937 0.0069155708)
(-9.0842948e-07 0.0037296388 0.0022919767)
(0.016426386 0.48937603 -0.025368215)
(-0.0047429898 0.41923861 -0.054081495)
(0.012229619 0.36062447 -0.063165145)
(0.011019007 0.32010822 -0.062888482)
(0.013845026 0.29508319 -0.055563157)
(0.015136622 0.28155899 -0.045137171)
(0.015368105 0.27557683 -0.033275417)
(0.014812035 0.27417159 -0.020906154)
(0.013688054 0.27541033 -0.0085055794)
(0.012181229 0.27806295 0.0036785521)
(0.010442723 0.28124993 0.015476814)
(0.0085943944 0.28421215 0.026722325)
(0.0067337288 0.28620018 0.037227476)
(0.0049406467 0.28647525 0.046790928)
(0.0032816401 0.28437986 0.055214811)
(0.0018098243 0.27943661 0.062324326)
(0.00056233121 0.27143165 0.067985982)
(-0.00043602284 0.26044812 0.072121524)
(-0.0011752589 0.24683737 0.074716008)
(-0.0016734604 0.23114049 0.07581509)
(-0.0019997011 0.21398901 0.075500444)
(-0.0021102568 0.19601276 0.073935376)
(-0.0020864307 0.17777373 0.071295921)
(-0.0019672705 0.15972992 0.067766017)
(-0.0017800582 0.14222544 0.063530008)
(-0.0015540076 0.1254979 0.058761581)
(-0.0013126262 0.10969492 0.053617427)
(-0.0010733753 0.094893512 0.048233933)
(-0.00084855353 0.081118633 0.042726251)
(-0.00064621753 0.068358958 0.037189008)
(-0.00047102882 0.056579378 0.031698019)
(-0.00032503034 0.045730346 0.026312509)
(-0.00020833389 0.035754566 0.021077472)
(-0.00011975729 0.026591598 0.016025978)
(-5.747079e-05 0.01818089 0.011181274)
(-1.9366326e-05 0.010463685 0.0065586362)
(-1.5424678e-06 0.0033841467 0.0021669585)
(0.016039038 0.48678904 -0.02729056)
(-0.0054578598 0.41231253 -0.057167791)
(0.010175146 0.35117109 -0.065893608)
(0.0072480751 0.31002105 -0.065176418)
(0.0093636148 0.28571932 -0.056952722)
(0.0096403969 0.27366886 -0.045542216)
(0.0092043412 0.26927748 -0.03272733)
(0.0081929421 0.26916981 -0.019492752)
(0.0067761647 0.2712172 -0.0063444755)
(0.0051142647 0.27412269 0.0064512328)
(0.0033458151 0.27699856 0.018713741)
(0.0015866584 0.27910483 0.030267508)
(-6.8085734e-05 0.27974352 0.040915578)
(-0.0015430587 0.27827677 0.050446435)
(-0.0027832897 0.27420844 0.058656856)
(-0.003753058 0.26726964 0.06537807)
(-0.0044364682 0.25746528 0.070497455)
(-0.0048376143 0.24506344 0.073972248)
(-0.0049979045 0.230533 0.075829229)
(-0.0049059538 0.21445344 0.076171291)
(-0.0046665474 0.19742529 0.075159222)
(-0.0042984927 0.18000079 0.072960189)
(-0.0038510618 0.16264277 0.06977942)
(-0.003363894 0.14570834 0.065820697)
(-0.0028681099 0.12945156 0.061274434)
(-0.0023877909 0.11403687 0.05631196)
(-0.0019400829 0.099556776 0.051081802)
(-0.0015360177 0.086049582 0.045708604)
(-0.0011816555 0.07351503 0.040294021)
(-0.00087923145 0.061926908 0.034918776)
(-0.00062817929 0.051242688 0.029645288)
(-0.00042598615 0.04141054 0.02452044)
(-0.00026887973 0.032374239 0.019578236)
(-0.00015243337 0.024076471 0.014842201)
(-7.2186425e-05 0.016460958 0.010327478)
(-2.3947754e-05 0.0094737559 0.0060425878)
(-1.8179078e-06 0.0030639848 0.0019908973)
(0.015602161 0.48443598 -0.028723492)
(-0.0062843111 0.40611995 -0.059211985)
(0.0080320987 0.3428091 -0.067667898)
(0.0037850785 0.30120958 -0.06639399)
(0.0051972923 0.27761991 -0.057239642)
(0.0046187432 0.26693807 -0.045046385)
(0.003692194 0.26396295 -0.03148283)
(0.0023790973 0.26492312 -0.017571536)
(0.000805909 0.26750097 -0.0038545265)
(-0.00088921924 0.2703367 0.009367199)
(-0.0025780621 0.2725472 0.021887971)
(-0.004151143 0.27344453 0.033513828)
(-0.0055195111 0.27243381 0.044037093)
(-0.0066176838 0.26903697 0.053245847)
(-0.0074058203 0.26296182 0.060950602)
(-0.007870478 0.25415665 0.067012592)
(-0.0080233788 0.24281711 0.071364016)
(-0.0078960425 0.22934195 0.074016613)
(-0.0075242892 0.21425581 0.075057665)
(-0.0070113319 0.19812489 0.074640954)
(-0.006346028 0.18148594 0.072950299)
(-0.0056237054 0.16480038 0.07020156)
(-0.004878859 0.14843305 0.066608952)
(-0.0041468832 0.13265057 0.062376266)
(-0.0034543536 0.11763147 0.057687233)
(-0.0028190396 0.10348191 0.052700895)
(-0.0022513603 0.090252367 0.047550281)
(-0.0017559996 0.07795287 0.042343346)
(-0.0013333568 0.066565648 0.037165273)
(-0.00098079928 0.056054931 0.032081419)
(-0.0006936938 0.046374223 0.027140433)
(-0.00046620768 0.037471472 0.022377231)
(-0.00029190988 0.029292607 0.01781566)
(-0.00016428144 0.021783869 0.013470812)
(-7.7252041e-05 0.014893274 0.0093509451)
(-2.5417368e-05 0.0085714658 0.0054590671)
(-1.8841925e-06 0.0027721673 0.001794212)
(0.015175906 0.48238932 -0.029621809)
(-0.0070721623 0.40079388 -0.060069441)
(0.0056943611 0.33553546 -0.068743949)
(0.00026583305 0.29344822 -0.066376525)
(0.0013325034 0.27035076 -0.056688077)
(2.9860897e-05 0.26077157 -0.043897634)
(-0.0012376503 0.25890288 -0.02976658)
(-0.0027304073 0.2606101 -0.015349013)
(-0.0043491144 0.26339691 -0.0012392824)
(-0.005974412 0.26584799 0.012222588)
(-0.0074858506 0.26710801 0.024795161)
(-0.0087852592 0.26657655 0.036264885)
(-0.0097961399 0.26380482 0.04642014)
(-0.010470123 0.25850727 0.055064022)
(-0.01078946 0.25060337 0.062041483)
(-0.010766065 0.24023521 0.067264685)
(-0.01043699 0.22774108 0.070727196)
(-0.0098567434 0.21359305 0.072503952)
(-0.009088278 0.19832046 0.072738414)
(-0.0081995134 0.18244063 0.071620171)
(-0.007247437 0.16640991 0.069367917)
(-0.0062851006 0.15059816 0.066208565)
(-0.0053515643 0.13528243 0.062356524)
(-0.0044755068 0.12065386 0.058005974)
(-0.0036757573 0.10683123 0.053325348)
(-0.0029627862 0.093876536 0.048455464)
(-0.0023405225 0.081809711 0.043510327)
(-0.0018080874 0.07062118 0.038579552)
(-0.0013612852 0.060281793 0.033731559)
(-0.0009938105 0.05075031 0.029016974)
(-0.00069817688 0.041978811 0.024471874)
(-0.00046639163 0.033916456 0.020120701)
(-0.00029042928 0.026512004 0.015978761)
(-0.00016262317 0.019715436 0.012054299)
(-7.6094567e-05 0.013478938 0.0083501993)
(-2.4888257e-05 0.0077574456 0.0048653284)
(-1.8101183e-06 0.0025088979 0.0015956076)
(0.014885554 0.48067761 -0.030034905)
(-0.0078418249 0.39647528 -0.059904878)
(0.0035349893 0.32942897 -0.069037094)
(-0.0029741456 0.28662442 -0.065318739)
(-0.0022122436 0.26367476 -0.055515646)
(-0.0039813384 0.2547534 -0.042271503)
(-0.0055230338 0.25357104 -0.027720069)
(-0.0071118595 0.2556528 -0.012964121)
(-0.0086936628 0.25832484 0.0013543759)
(-0.010165605 0.26012552 0.014855534)
(-0.011425166 0.26024822 0.0272684)
(-0.012386154 0.25821045 0.038365419)
(-0.012992775 0.25373473 0.047943833)
(-0.0132216 0.24673398 0.055839157)
(-0.013081754 0.23731889 0.061948606)
(-0.012611037 0.22578214 0.066248715)
(-0.011868251 0.21255066 0.068799657)
(-0.010923599 0.19811939 0.069735754)
(-0.0098493785 0.18298585 0.069246205)
(-0.0087126307 0.16760013 0.067551844)
(-0.0075703079 0.15233558 0.064884121)
(-0.0064667679 0.13747876 0.061467142)
(-0.0054337296 0.12323291 0.057504884)
(-0.0044915826 0.10972927 0.05317475)
(-0.0036513032 0.097041335 0.048625237)
(-0.0029165437 0.085199029 0.043976554)
(-0.002285611 0.074201065 0.039323076)
(-0.0017531732 0.064025003 0.034736706)
(-0.0013116349 0.054634936 0.030270502)
(-0.00095218812 0.045987129 0.025962164)
(-0.0006655741 0.038034004 0.021837161)
(-0.00044260165 0.030726859 0.017911418)
(-0.00027448452 0.02401765 0.01419353)
(-0.00015311423 0.017860102 0.010686573)
(-7.1382732e-05 0.012210362 0.0073895244)
(-2.3245662e-05 0.0070273255 0.0042983877)
(-1.6692002e-06 0.0022727636 0.0014070586)
(0.01472058 0.47924565 -0.030036001)
(-0.0086853197 0.39291279 -0.059065099)
(0.0020955523 0.32420659 -0.068189315)
(-0.0053778388 0.28048107 -0.063711985)
(-0.0053624615 0.25734852 -0.053717312)
(-0.0073416807 0.24859321 -0.04020246)
(-0.0090835866 0.24763813 -0.025411613)
(-0.010717022 0.24971034 -0.010516588)
(-0.012204146 0.25197202 0.0038073374)
(-0.013463202 0.25292811 0.01713836)
(-0.014413688 0.25183556 0.02918442)
(-0.014996237 0.24834614 0.039716113)
(-0.015182869 0.24235671 0.04855475)
(-0.014979072 0.23396049 0.055583631)
(-0.014421299 0.22342076 0.060763442)
(-0.013569898 0.21113072 0.064139049)
(-0.012499179 0.19755716 0.065833208)
(-0.011287137 0.18318061 0.066029273)
(-0.010006889 0.16844591 0.064948234)
(-0.0087209379 0.15373057 0.062825659)
(-0.0074783598 0.13933109 0.059892442)
(-0.0063143402 0.12546338 0.056361067)
(-0.0052514452 0.11227178 0.05241756)
(-0.0043017224 0.099841964 0.04821826)
(-0.003469054 0.088214394 0.043890041)
(-0.0027513905 0.077396575 0.039532648)
(-0.0021426729 0.06737316 0.03522214)
(-0.0016343772 0.058113855 0.031014683)
(-0.0012166866 0.049579311 0.026950233)
(-0.0008793385 0.041725347 0.023055868)
(-0.00061220248 0.034505879 0.019348635)
(-0.00040564471 0.027874883 0.015837924)
(-0.0002507407 0.021787643 0.012527374)
(-0.0001394444 0.016201517 0.0094163887)
(-6.4816224e-05 0.011076349 0.0065013117)
(-2.1032125e-05 0.0063746593 0.0037763386)
(-1.4932404e-06 0.0020616795 0.0012342065)
(0.014662513 0.47807717 -0.029675258)
(-0.0095246048 0.39006038 -0.057796382)
(0.0009544327 0.31994552 -0.066398523)
(-0.0071071175 0.27505803 -0.061675408)
(-0.0078659209 0.25125852 -0.051374624)
(-0.010019463 0.24215877 -0.037760257)
(-0.011888723 0.2409609 -0.022942666)
(-0.013507406 0.24265515 -0.0081159866)
(-0.014844591 0.24426155 0.0060057012)
(-0.015845525 0.24426022 0.018968926)
(-0.016458879 0.24197735 0.030466718)
(-0.016656894 0.23719633 0.040282467)
(-0.016443222 0.22997057 0.048276397)
(-0.015852705 0.22053883 0.054389967)
(-0.014945832 0.20927099 0.058650482)
(-0.013799348 0.19661407 0.061166386)
(-0.012495578 0.18303702 0.062111884)
(-0.01111298 0.16898286 0.061704669)
(-0.009719467 0.15483556 0.060182199)
(-0.0083688799 0.14090354 0.057780958)
(-0.0071001985 0.12741716 0.054721132)
(-0.005938654 0.11453546 0.051197198)
(-0.0048979063 0.10235767 0.047373687)
(-0.0039825864 0.090936036 0.043384787)
(-0.0031907545 0.080287803 0.039336426)
(-0.0025160323 0.070405469 0.035309674)
(-0.0019493173 0.061264914 0.031364637)
(-0.0014800843 0.052831574 0.0275443)
(-0.0010973201 0.045064941 0.023878036)
(-0.0007901618 0.037921736 0.020384621)
(-0.00054830248 0.031358063 0.017074747)
(-0.00036222044 0.025330831 0.013953053)
(-0.00022328948 0.019798632 0.011019722)
(-0.00012386451 0.014722262 0.0082717367)
(-5.7432634e-05 0.010064975 0.0057038282)
(-1.8581204e-05 0.0057925809 0.0033092087)
(-1.307536e-06 0.0018734248 0.0010801148)
(0.014644212 0.47714813 -0.029014624)
(-0.010236861 0.38773734 -0.056224277)
(-9.9675502e-05 0.31635642 -0.063976555)
(-0.008400821 0.27021418 -0.059134719)
(-0.0097039857 0.24537544 -0.048639366)
(-0.011986368 0.23545337 -0.035073692)
(-0.013906793 0.23356574 -0.020414244)
(-0.015451653 0.2345505 -0.0058504574)
(-0.016598379 0.235316 0.0078776278)
(-0.017320013 0.23432124 0.020297172)
(-0.017597848 0.23095352 0.031101909)
(-0.017437819 0.22510797 0.040101938)
(-0.016874909 0.21696165 0.047206276)
(-0.015969822 0.20685623 0.052417598)
(-0.014800945 0.19522366 0.055825124)
(-0.013454022 0.18252709 0.057589727)
(-0.012012252 0.16921254 0.05792223)
(-0.010548791 0.15567439 0.057059263)
(-0.0091224681 0.14223635 0.055241219)
(-0.0077764776 0.12914618 0.052695249)
(-0.006539261 0.11658027 0.049624277)
(-0.0054266732 0.1046537 0.046201526)
(-0.0044446548 0.093432362 0.042569329)
(-0.0035918813 0.082944794 0.038840776)
(-0.0028620922 0.073192523 0.035102968)
(-0.002245978 0.0641585 0.031420927)
(-0.0017326161 0.055813604 0.027841566)
(-0.0013105035 0.048121469 0.024397347)
(-0.00096826012 0.041041934 0.021109459)
(-0.00069507818 0.034533446 0.01799048)
(-0.0004809811 0.028554659 0.015046527)
(-0.00031694445 0.023065476 0.012278967)
(-0.00019492799 0.018027669 0.0096857374)
(-0.00010789921 0.013405231 0.0072623681)
(-4.9924234e-05 0.0091645329 0.0050027495)
(-1.6111205e-05 0.0052743507 0.0028997123)
(-1.1247079e-06 0.0017058198 0.00094545583)
(0.014647682 0.47645021 -0.028135808)
(-0.010691223 0.38592205 -0.054382939)
(-0.00077156733 0.31341298 -0.061175956)
(-0.0091901816 0.26595464 -0.056245763)
(-0.010831282 0.23976204 -0.045663993)
(-0.013199861 0.22859438 -0.032264842)
(-0.015115411 0.22561968 -0.017918587)
(-0.016547351 0.22561433 -0.003788144)
(-0.017486743 0.22541036 0.009382903)
(-0.01793564 0.2234447 0.021120472)
(-0.017908937 0.21914605 0.031134606)
(-0.017445268 0.21248882 0.039272923)
(-0.016607222 0.20373302 0.045497203)
(-0.015475228 0.19328033 0.049867601)
(-0.014138264 0.18158702 0.052524895)
(-0.01268405 0.16910542 0.053668026)
(-0.01119103 0.15624457 0.053529195)
(-0.0097233667 0.14334775 0.052350423)
(-0.0083290344 0.13068414 0.050364721)
(-0.00704036 0.1184511 0.047783286)
(-0.0058760849 0.10678275 0.044788528)
(-0.0048441072 0.095761304 0.041531813)
(-0.0039442907 0.085428736 0.038134481)
(-0.0031709808 0.075797319 0.0346908)
(-0.0025150668 0.066858386 0.03127181)
(-0.001965562 0.05858923 0.027929356)
(-0.0015107457 0.050958329 0.024699878)
(-0.0011389442 0.043929137 0.021607744)
(-0.00083902949 0.037462776 0.018668066)
(-0.00060071199 0.031519867 0.015888981)
(-0.00041468433 0.026061751 0.013273477)
(-0.00027266133 0.021051253 0.010820807)
(-0.00016735689 0.016453132 0.0085275842)
(-9.2464449e-05 0.012234318 0.0063886047)
(-4.2704186e-05 0.008364001 0.0043974694)
(-1.3750597e-05 0.0048136236 0.0025470448)
(-9.5344207e-07 0.0015568123 0.00082980167)
(0.01466177 0.47593369 -0.027151491)
(-0.010854021 0.3844862 -0.052388815)
(-0.0010177117 0.31097493 -0.058206048)
(-0.0094847666 0.26221243 -0.053149549)
(-0.011274601 0.23447925 -0.042557017)
(-0.013676098 0.22175612 -0.029422396)
(-0.015544392 0.21738158 -0.015519202)
(-0.016844312 0.2161678 -0.0019627549)
(-0.017582784 0.21491383 0.010523856)
(-0.017790242 0.21203397 0.021484436)
(-0.017513246 0.20697284 0.030658523)
(-0.016819028 0.19974617 0.037937163)
(-0.015791664 0.19065517 0.043332964)
(-0.014524114 0.18012337 0.046954739)
(-0.01310901 0.16860247 0.048981525)
(-0.011630491 0.15651682 0.049635628)
(-0.010158632 0.14423264 0.049157204)
(-0.0087469392 0.13204485 0.047783241)
(-0.007432461 0.12017608 0.045732574)
(-0.0062376606 0.10878343 0.043197047)
(-0.0051731641 0.097968869 0.040337867)
(-0.0042406961 0.087790673 0.037285727)
(-0.0034357729 0.078274141 0.034143266)
(-0.0027499452 0.069420756 0.03098873)
(-0.002172535 0.061215575 0.027879994)
(-0.0016919032 0.053632905 0.024858451)
(-0.0012963207 0.04664053 0.021952497)
(-0.00097453148 0.040202741 0.019180488)
(-0.00071608562 0.034282462 0.016553175)
(-0.00051151037 0.028842688 0.014075654)
(-0.00035236941 0.023847424 0.011748888)
(-0.00023124671 0.019262264 0.0095708894)
(-0.00014168798 0.015054725 0.0075376084)
(-7.8153924e-05 0.011194408 0.0056436122)
(-3.6036392e-05 0.0076530406 0.0038825834)
(-1.158114e-05 0.0044044481 0.0022476925)
(-7.980901e-07 0.0014244774 0.00073186709)
(0.014679317 0.47551647 -0.026170146)
(-0.010755526 0.3832316 -0.050367531)
(-0.00087913724 0.30882952 -0.055224449)
(-0.0093385117 0.25886001 -0.049992451)
(-0.011110393 0.22955239 -0.039424683)
(-0.013489775 0.21511454 -0.026622076)
(-0.015279824 0.20914081 -0.013257564)
(-0.016445431 0.20657256 -0.00037763761)
(-0.017008175 0.2042272 0.011338774)
(-0.017023252 0.20050176 0.021471251)
(-0.016563942 0.19483334 0.029798675)
(-0.015719725 0.18724262 0.036256735)
(-0.01458903 0.17803468 0.040902535)
(-0.013270495 0.16762417 0.043882014)
(-0.011854866 0.15643781 0.045398778)
(-0.010419072 0.14486241 0.045685444)
(-0.0090231653 0.13322072 0.044979657)
(-0.0077099697 0.12176452 0.043506331)
(-0.0065066913 0.11067809 0.041466437)
(-0.0054276118 0.10008713 0.039031534)
(-0.0044771165 0.090069684 0.036342641)
(-0.0036525573 0.080666927 0.033511956)
(-0.0029466823 0.071892775 0.030626152)
(-0.002349548 0.063741804 0.027750297)
(-0.0018499295 0.056195476 0.024931788)
(-0.0014363028 0.049226872 0.022203957)
(-0.0010974866 0.042804146 0.019589183)
(-0.0008230306 0.036893005 0.017101481)
(-0.00060342116 0.031458421 0.014748588)
(-0.00043016453 0.026465783 0.012533613)
(-0.00029578788 0.021881642 0.010456311)
(-0.00019378776 0.017674167 0.0085140665)
(-0.00011855175 0.013813388 0.0067026275)
(-6.5296613e-05 0.010271314 0.0050166619)
(-3.0064582e-05 0.0070219474 0.0034501666)
(-9.6449424e-06 0.0040412383 0.0019967704)
(-6.611217e-07 0.0013070086 0.0006499528)
(0.014693121 0.47509993 -0.02527876)
(-0.010459907 0.38192443 -0.048431044)
(-0.00044299577 0.30670951 -0.052361662)
(-0.0088481364 0.25570007 -0.046901498)
(-0.010460171 0.22493458 -0.036362518)
(-0.012768005 0.20878993 -0.02392576)
(-0.014457436 0.20115143 -0.011156093)
(-0.015497301 0.19716562 0.00098723231)
(-0.015920349 0.1937233 0.011890016)
(-0.015800136 0.18921958 0.021182981)
(-0.015229424 0.18306928 0.028690785)
(-0.014312448 0.17526957 0.034391526)
(-0.013155023 0.16610022 0.038378164)
(-0.011855823 0.15594449 0.040821816)
(-0.010499961 0.14519095 0.041938402)
(-0.009155385 0.13418453 0.041960515)
(-0.0078720282 0.12320653 0.041116002)
(-0.0066830959 0.11247141 0.03961364)
(-0.0056076509 0.10213237 0.037635236)
(-0.0046537014 0.092290899 0.035332774)
(-0.0038212252 0.08300735 0.032829041)
(-0.0031047995 0.074310795 0.030220319)
(-0.0024957077 0.066207499 0.027580046)
(-0.0019835188 0.058687758 0.024962717)
(-0.0015572028 0.051731203 0.02240757)
(-0.0012058736 0.045310771 0.019941844)
(-0.00091924734 0.039395606 0.017583517)
(-0.00068789792 0.033953107 0.015343552)
(-0.00050337171 0.02895035 0.013227674)
(-0.00035821011 0.024355035 0.011237769)
(-0.00024591431 0.02013609 0.0093729572)
(-0.00016087414 0.016264036 0.0076304105)
(-9.8281445e-05 0.012711178 0.0060059691)
(-5.4062117e-05 0.009451686 0.0044946018)
(-2.485992e-05 0.0064615916 0.0030907469)
(-7.9630526e-06 0.0037187395 0.0017885635)
(-5.4319137e-07 0.0012027062 0.00058211346)
(0.014696667 0.47458431 -0.024533316)
(-0.010047473 0.38032905 -0.046657437)
(0.0001745097 0.30432241 -0.049719116)
(-0.008141229 0.25247484 -0.043975904)
(-0.0094796728 0.22048943 -0.033451456)
(-0.011675863 0.20280431 -0.021383491)
(-0.013247544 0.19357589 -0.0092253445)
(-0.014174231 0.18820162 0.0021633069)
(-0.01449522 0.18369656 0.012248479)
(-0.01429456 0.17847907 0.020723428)
(-0.013676331 0.17193943 0.027462154)
(-0.012751946 0.16403473 0.032481144)
(-0.011628517 0.15500052 0.035900302)
(-0.010400642 0.14517441 0.037905288)
(-0.0091457228 0.13489953 0.03871456)
(-0.007922404 0.12447778 0.038553329)
(-0.0067714145 0.1141522 0.037635208)
(-0.0057179624 0.10410523 0.036151088)
(-0.0047748422 0.094464846 0.034263914)
(-0.0039456099 0.085313757 0.032107732)
(-0.0032274255 0.076699131 0.029789434)
(-0.0026133816 0.068641398 0.027391948)
(-0.0020942811 0.061141675 0.024977959)
(-0.0016599172 0.054187682 0.022593614)
(-0.0012999413 0.047758295 0.020271885)
(-0.0010044153 0.041826935 0.018035466)
(-0.00076413191 0.03636403 0.015899171)
(-0.00057077444 0.031338755 0.013871858)
(-0.00041696944 0.026720232 0.011957963)
(-0.00029627153 0.022478323 0.010158681)
(-0.00020310777 0.018584137 0.0084728722)
(-0.0001326986 0.015010326 0.0068977621)
(-8.0970734e-05 0.011731241 0.0054294544)
(-4.4489162e-05 0.0087229839 0.0040633239)
(-2.0434825e-05 0.0059633992 0.0027943038)
(-6.5365025e-06 0.0034320168 0.001617099)
(-4.4403532e-07 0.0011099745 0.00052634144)
(0.014686646 0.47388245 -0.023954895)
(-0.009603937 0.3782412 -0.045083136)
(0.00084718295 0.30138961 -0.04736415)
(-0.0073552761 0.24889685 -0.041281338)
(-0.0083416132 0.21600178 -0.030753782)
(-0.010396855 0.19706717 -0.019034665)
(-0.011836421 0.18645185 -0.0074707272)
(-0.012659677 0.17981265 0.0031820938)
(-0.012909447 0.17432685 0.012478968)
(-0.012672651 0.16846569 0.020182429)
(-0.012056458 0.16160491 0.026216981)
(-0.011172655 0.15365799 0.030633068)
(-0.010124846 0.14480819 0.033569803)
(-0.009000873 0.13534103 0.035219051)
(-0.0078696316 0.12555158 0.035794859)
(-0.006781044 0.1156998 0.03551045)
(-0.0057680426 0.10599385 0.034563046)
(-0.0048495878 0.096588595 0.033125507)
(-0.0040339547 0.0875912 0.031343165)
(-0.0033217925 0.079069477 0.029334165)
(-0.0027086995 0.071060491 0.027191849)
(-0.0021872348 0.063578314 0.024988108)
(-0.0017483976 0.056620499 0.022776984)
(-0.0013826538 0.050173217 0.020598081)
(-0.0010806076 0.044215191 0.018479589)
(-0.00083340916 0.038720626 0.016440834)
(-0.00063297573 0.033661329 0.014494364)
(-0.00047208609 0.02900821 0.012647617)
(-0.00034439384 0.024732309 0.01090423)
(-0.00024439103 0.020805472 0.0092650524)
(-0.00016734386 0.017200786 0.0077289274)
(-0.00010921328 0.013892823 0.00629328)
(-6.6572535e-05 0.010857768 0.0049545648)
(-3.6542916e-05 0.0080734498 0.0037086009)
(-1.6768782e-05 0.0055193306 0.0025508201)
(-5.357764e-06 0.0031764432 0.0014764526)
(-3.6263926e-07 0.0010273168 0.00048066201)
(0.014663992 0.4729302 -0.023529722)
(-0.0092198426 0.37551347 -0.043706185)
(0.0014542963 0.29768421 -0.045323974)
(-0.0066147812 0.24469188 -0.038849709)
(-0.0072147847 0.21121394 -0.028310432)
(-0.0091103904 0.1913937 -0.016908146)
(-0.010405611 0.17969133 -0.0058970875)
(-0.011129408 0.17199537 0.0040668269)
(-0.011327119 0.1656632 0.012629546)
(-0.011082606 0.15924599 0.019625042)
(-0.010499462 0.15212307 0.025027457)
(-0.00968446 0.14417179 0.028917025)
(-0.0087342366 0.13552483 0.031446172)
(-0.0077283513 0.12641607 0.032807219)
(-0.0067272028 0.11709391 0.033205518)
(-0.0057729944 0.107779 0.032839978)
(-0.0048923495 0.098648096 0.031890927)
(-0.004099567 0.089832065 0.030514069)
(-0.0033998485 0.081420535 0.02883884)
(-0.0027921255 0.073469077 0.026969576)
(-0.0022713351 0.066006682 0.024988207)
(-0.0018301357 0.059042495 0.02295757)
(-0.00146013 0.052571446 0.020924774)
(-0.0011526881 0.046578714 0.01892429)
(-0.00089946884 0.041043159 0.016980646)
(-0.00069272277 0.035939864 0.015110657)
(-0.00052544415 0.031241983 0.01332525)
(-0.00039142389 0.026922048 0.011630901)
(-0.00028524002 0.022952853 0.010030771)
(-0.0002022118 0.019308045 0.0085255811)
(-0.00013833422 0.015962494 0.0071142845)
(-9.0203211e-05 0.012892496 0.0057945798)
(-5.4940389e-05 0.010075877 0.0045632989)
(-3.013465e-05 0.0074920146 0.0034167003)
(-1.3817655e-05 0.0051218174 0.0023506878)
(-4.4106105e-06 0.0029476627 0.0013609743)
(-2.9772345e-07 0.00095332437 0.00044320343)
(0.014634365 0.47169507 -0.023220496)
(-0.0089399644 0.37206771 -0.042487945)
(0.0018948236 0.29305593 -0.043581863)
(-0.0060130441 0.23963924 -0.036684338)
(-0.0062423934 0.20587378 -0.02613804)
(-0.0079706968 0.18554778 -0.015019824)
(-0.009113778 0.17311019 -0.0045093286)
(-0.0097368553 0.16462667 0.0048285618)
(-0.0098890243 0.1576304 0.012726236)
(-0.0096480679 0.15077067 0.019086619)
(-0.009109803 0.14345049 0.023930662)
(-0.0083724788 0.13552538 0.027364611)
(-0.0075236759 0.12708638 0.029550098)
(-0.0066340278 0.11832157 0.03067648)
(-0.0057558843 0.10943726 0.030938324)
(-0.0049248118 0.10061881 0.030519607)
(-0.0041624374 0.09201513 0.029584385)
(-0.0034796673 0.083736155 0.028272648)
(-0.0028797028 0.075856435 0.026699801)
(-0.0023605788 0.068421166 0.024958339)
(-0.0019171433 0.061452583 0.023120631)
(-0.0015425115 0.054955779 0.021242077)
(-0.0012290762 0.048923586 0.019364196)
(-0.00096917333 0.04334047 0.017517398)
(-0.00075549143 0.038185521 0.015723364)
(-0.00058130025 0.033434678 0.013997011)
(-0.00044055764 0.029062347 0.012348076)
(-0.00032793732 0.025042533 0.010782378)
(-0.0002388081 0.02134962 0.0093027949)
(-0.00016918589 0.01795888 0.0079100369)
(-0.0001156717 0.014846783 0.0066032278)
(-7.5383639e-05 0.011991177 0.0053803579)
(-4.5890136e-05 0.0093713643 0.0042386257)
(-2.5158081e-05 0.006968115 0.0031746981)
(-1.1529935e-05 0.0047636372 0.0021849064)
(-3.6782405e-06 0.0027415186 0.0012653944)
(-2.478198e-07 0.0008866529 0.00041222821)
(0.01461911 0.47017284 -0.022997001)
(-0.0087296032 0.36788527 -0.041386577)
(0.0021771591 0.28743686 -0.042066169)
(-0.0056002532 0.23359807 -0.034748708)
(-0.0055231712 0.19977676 -0.024221658)
(-0.0070915811 0.17929276 -0.013367093)
(-0.0080832167 0.1664765 -0.0033085044)
(-0.0086024439 0.15750255 0.0054686163)
(-0.0087054681 0.15005735 0.012774376)
(-0.0084644132 0.1428945 0.018574175)
(-0.0079660275 0.13545717 0.022930959)
(-0.0072986073 0.1275953 0.02597321)
(-0.0065399221 0.11937095 0.027868931)
(-0.0057517463 0.11093564 0.028802786)
(-0.0049790621 0.10246035 0.028958022)
(-0.0042517868 0.094100159 0.028504209)
(-0.0035875856 0.085979976 0.027590411)
(-0.0029948828 0.078191608 0.02634261)
(-0.0024755878 0.070796567 0.024864009)
(-0.0020273291 0.063831084 0.023237008)
(-0.0016451597 0.05731157 0.021525961)
(-0.0013227857 0.051239628 0.019780123)
(-0.0010534072 0.045606306 0.018036453)
(-0.00083026078 0.040395484 0.016322086)
(-0.00064694812 0.03558649 0.014656445)
(-0.00049761332 0.031156051 0.013052962)
(-0.00037702076 0.027079707 0.011520469)
(-0.00028056896 0.023332798 0.010064306)
(-0.00020426595 0.019891146 0.0086871794)
(-0.00014468331 0.016731487 0.0073898371)
(-9.8899912e-05 0.013831744 0.0061715866)
(-6.4441525e-05 0.011171166 0.0050306947)
(-3.9222188e-05 0.0087303952 0.0039646933)
(-2.1498849e-05 0.0064914623 0.0029706135)
(-9.8512708e-06 0.0044377562 0.002045163)
(-3.1419212e-06 0.0025539627 0.0011848616)
(-2.1158083e-07 0.0008259931 0.00038614258)
(0.014622288 0.46834828 -0.022835718)
(-0.00863188 0.36293552 -0.040374691)
(0.0023277081 0.28078786 -0.040653956)
(-0.005402026 0.22649668 -0.032965293)
(-0.005121675 0.19278757 -0.022513439)
(-0.006545906 0.17243349 -0.011926554)
(-0.0073952213 0.15956117 -0.0022881576)
(-0.0078083667 0.15038746 0.0059832702)
(-0.007852354 0.1427193 0.012763944)
(-0.0075968325 0.13540971 0.018072226)
(-0.007120777 0.12795179 0.022006386)
(-0.0065030045 0.12020388 0.024712957)
(-0.0058119159 0.11221202 0.02636404)
(-0.0051010867 0.10410153 0.027138819)
(-0.00440896 0.096015742 0.027209577)
(-0.0037606631 0.088085106 0.026732611)
(-0.0031706614 0.080414436 0.02584357)
(-0.0026454901 0.073080184 0.024656161)
(-0.0021861685 0.066132683 0.023263065)
(-0.0017901431 0.059600423 0.02173809)
(-0.0014527492 0.053494751 0.020138835)
(-0.0011682522 0.047814237 0.01850942)
(-0.00093055163 0.042548373 0.016883015)
(-0.00073363159 0.037680544 0.015284058)
(-0.00057182897 0.033190314 0.013730112)
(-0.00043997633 0.029055138 0.0122334)
(-0.0003334615 0.025251594 0.010802024)
(-0.00024823442 0.021756245 0.0094409447)
(-0.00018078257 0.018546227 0.0081527404)
(-0.00012808896 0.015599622 0.0069382066)
(-8.7582104e-05 0.01289568 0.005796817)
(-5.7082721e-05 0.010414942 0.0047270817)
(-3.4752308e-05 0.0081392765 0.0037268225)
(-1.9053536e-05 0.0060518758 0.0027933853)
(-8.7328827e-06 0.0041372146 0.0019238032)
(-2.7861409e-06 0.0023809897 0.0011149203)
(-1.877729e-07 0.00077004963 0.00036348681)
(0.014632637 0.46621611 -0.022689061)
(-0.0087058935 0.35721193 -0.039386444)
(0.0022969929 0.27310878 -0.039269846)
(-0.0054502139 0.2183292 -0.031262316)
(-0.0050762877 0.18484928 -0.020952719)
(-0.0063702006 0.16484291 -0.010662334)
(-0.0070907409 0.1521781 -0.0014354164)
(-0.0073973048 0.14306028 0.0063672978)
(-0.0073697072 0.13538271 0.012675873)
(-0.0070794554 0.12808537 0.0175506)
(-0.0066007109 0.12071385 0.021117155)
(-0.0060046871 0.11314425 0.023535366)
(-0.0053517958 0.10541727 0.024979182)
(-0.0046885506 0.097641411 0.025621825)
(-0.004047811 0.089939822 0.025625267)
(-0.0034506789 0.082423771 0.025133835)
(-0.002908979 0.075181877 0.024271344)
(-0.0024277153 0.068277899 0.023140823)
(-0.0020071957 0.061752781 0.021825896)
(-0.0016447184 0.055628436 0.020393019)
(-0.0013358283 0.049911886 0.018894044)
(-0.0010752052 0.044599112 0.017368726)
(-0.00085726009 0.039678299 0.015847023)
(-0.00067651542 0.035132455 0.014351075)
(-0.00052782989 0.03094142 0.012896862)
(-0.00040651701 0.027083359 0.011495568)
(-0.00030839327 0.023535838 0.010154662)
(-0.00022978175 0.020276577 0.0088787678)
(-0.00016748912 0.017283949 0.0076703447)
(-0.00011876794 0.014537297 0.0065302178)
(-8.127198e-05 0.012017122 0.0054579939)
(-5.300894e-05 0.0097051707 0.0044523843)
(-3.2294579e-05 0.0075844663 0.0035114541)
(-1.771776e-05 0.0056392887 0.0026328167)
(-8.1260952e-06 0.0038551315 0.001813783)
(-2.5945082e-06 0.0022186401 0.0010514765)
(-1.753022e-07 0.00071754193 0.00034292199)
(0.014677602 0.46381463 -0.0225084)
(-0.0089264035 0.35081532 -0.038322991)
(0.0020812874 0.26450917 -0.037849022)
(-0.0057331842 0.20917548 -0.029581874)
(-0.0053796281 0.17598682 -0.019479297)
(-0.0065606997 0.15647211 -0.009533771)
(-0.0071702988 0.14420673 -0.0007327616)
(-0.00737294 0.13534674 0.0066168793)
(-0.0072620885 0.12784184 0.012488248)
(-0.006915641 0.1207033 0.0169726)
(-0.0064067389 0.11352588 0.020214675)
(-0.0058017305 0.10620749 0.022382427)
(-0.0051550517 0.098790446 0.023649146)
(-0.0045076401 0.091373632 0.024181471)
(-0.0038878402 0.084066074 0.024131603)
(-0.0033134517 0.076964602 0.023633045)
(-0.0027940988 0.070145108 0.022799141)
(-0.002333468 0.063661108 0.021723587)
(-0.0019311975 0.057545843 0.020482138)
(-0.0015843568 0.051815783 0.019134891)
(-0.0012885392 0.04647438 0.017728715)
(-0.00103863 0.041515504 0.016299583)
(-0.00082932142 0.036926342 0.014874647)
(-0.00065543956 0.032689707 0.013474027)
(-0.00051213764 0.028785812 0.012112295)
(-0.00039499752 0.025193577 0.010799693)
(-0.00030007028 0.021891568 0.0095431038)
(-0.00022387823 0.018858647 0.008346824)
(-0.00016339348 0.016074394 0.0072131751)
(-0.00011600365 0.013519379 0.0061429814)
(-7.9471305e-05 0.011175308 0.0051359432)
(-5.1890719e-05 0.0090250971 0.0041909295)
(-3.1645939e-05 0.0070528765 0.003306205)
(-1.7379147e-05 0.0052439729 0.0024796076)
(-7.9787091e-06 0.0035848581 0.0017086857)
(-2.5505916e-06 0.0020630878 0.00099080509)
(-1.7294508e-07 0.00066723269 0.00032323116)
(0.014841691 0.46118724 -0.022268118)
(-0.009264187 0.3438666 -0.037113936)
(0.0016970609 0.25513821 -0.036285489)
(-0.0062042358 0.19915851 -0.027855187)
(-0.0059872966 0.16628077 -0.018029656)
(-0.0070818507 0.14733783 -0.0084960772)
(-0.0076016501 0.13559347 -0.00015785194)
(-0.0077061241 0.12713286 0.006732226)
(-0.0075031397 0.11994043 0.012181477)
(-0.0070811166 0.11308348 0.016302058)
(-0.0065160511 0.10619895 0.019249636)
(-0.0058724639 0.099206119 0.021194939)
(-0.0052011084 0.092151976 0.022307777)
(-0.0045390046 0.085130048 0.022747229)
(-0.0039111103 0.078239457 0.022655903)
(-0.0033326278 0.071566129 0.022157258)
(-0.0028113604 0.065175997 0.021355176)
(-0.0023498181 0.059114393 0.020335032)
(-0.0019469444 0.053408347 0.019165607)
(-0.001599446 0.048069949 0.017901362)
(-0.0013027663 0.043099822 0.016584746)
(-0.0010517658 0.038490248 0.015248349)
(-0.00084117774 0.034227772 0.013916796)
(-0.00066589646 0.030295257 0.012608362)
(-0.00052114819 0.02667345 0.011336315)
(-0.00040258037 0.023342137 0.010110004)
(-0.00030629679 0.02028095 0.0089357312)
(-0.00022885812 0.017469929 0.0078174548)
(-0.00016726139 0.014889885 0.00675733)
(-0.00011890765 0.012522619 0.0057561432)
(-8.1563594e-05 0.010351044 0.0048136485)
(-5.3320679e-05 0.0083592306 0.0039288325)
(-3.2555088e-05 0.0065324087 0.0031001213)
(-1.789803e-05 0.0048569364 0.0023255418)
(-8.2260331e-06 0.0033202489 0.0016028486)
(-2.6330976e-06 0.0019107967 0.0009296215)
(-1.7925574e-07 0.00061797838 0.00030334239)
(0.015012505 0.45833304 -0.021951586)
(-0.0096832227 0.33636555 -0.035716418)
(0.0011599259 0.24506342 -0.034488821)
(-0.0068362352 0.18838897 -0.026010895)
(-0.0068445566 0.15583212 -0.016543958)
(-0.0078823709 0.13749841 -0.0075060841)
(-0.0083323104 0.12633856 0.0003127635)
(-0.0083449489 0.11836255 0.0067167991)
(-0.0080433989 0.11157812 0.011740292)
(-0.0075298201 0.10509634 0.015507529)
(-0.0068863215 0.098588088 0.018177614)
(-0.0061783743 0.091990317 0.019918809)
(-0.0054552421 0.085354438 0.020894393)
(-0.0047516338 0.078770155 0.021254522)
(-0.0040902041 0.072328863 0.021131943)
(-0.0034842166 0.066107771 0.020640407)
(-0.0029399899 0.060164757 0.019874933)
(-0.002458963 0.05453852 0.01891322)
(-0.0020393356 0.049251087 0.017817659)
(-0.0016773071 0.044311092 0.016637556)
(-0.0013679728 0.039717028 0.0154113)
(-0.0011059475 0.035460109 0.014168351)
(-0.0008857805 0.031526625 0.012930972)
(-0.00070221905 0.027899778 0.011715693)
(-0.00055036285 0.024561065 0.010534518)
(-0.00042574484 0.02149129 0.0093959166)
(-0.00032436192 0.018671267 0.008305602)
(-0.00024267362 0.016082302 0.0072671637)
(-0.00017758116 0.013706495 0.0062825587)
(-0.00012639534 0.011526924 0.0053524992)
(-8.6798673e-05 0.0095277362 0.0044767574)
(-5.6804719e-05 0.0076941828 0.0036544044)
(-3.4718327e-05 0.0060126068 0.0028839969)
(-1.9106539e-05 0.0044704085 0.0021637249)
(-8.7903598e-06 0.0030559934 0.0014915265)
(-2.8172563e-06 0.0017587111 0.00086517711)
(-1.9247708e-07 0.0005687908 0.00028235995)
(0.015120354 0.45524803 -0.021545671)
(-0.010122897 0.32830169 -0.034086882)
(0.00050041609 0.23432202 -0.032410776)
(-0.0075977162 0.17695586 -0.023985456)
(-0.0078948834 0.1447426 -0.014973649)
(-0.0089041736 0.12703332 -0.006529113)
(-0.0092987926 0.11647949 0.00069886742)
(-0.0092234142 0.10902744 0.0065745004)
(-0.0088181112 0.10270698 0.011153171)
(-0.0082004715 0.096665075 0.014563736)
(-0.0074609761 0.090598481 0.01696206)
(-0.0066681961 0.084456427 0.018509012)
(-0.0058716884 0.078292086 0.01935823)
(-0.0051051901 0.072190659 0.019649287)
(-0.0043899664 0.066236236 0.019504396)
(-0.0037378945 0.060498236 0.019027512)
(-0.0031540833 0.055027536 0.018304987)
(-0.0026389784 0.049857215 0.017407146)
(-0.0021899823 0.045005183 0.016390292)
(-0.001802654 0.040477363 0.015298826)
(-0.0014715667 0.036270724 0.014167265)
(-0.0011908991 0.032375904 0.013022066)
(-0.00095482695 0.028779326 0.011883205)
(-0.00075777071 0.025464835 0.010765496)
(-0.00059453966 0.022414921 0.009679692)
(-0.00046040609 0.019611597 0.0086333634)
(-0.00035113189 0.017037006 0.0076316107)
(-0.00026296463 0.014673835 0.0066776253)
(-0.00019261477 0.012505564 0.0057731325)
(-0.00013722213 0.010516621 0.0049187392)
(-9.4316733e-05 0.0086924449 0.0041142069)
(-6.1776788e-05 0.0070195127 0.0033586658)
(-3.7787594e-05 0.0054853169 0.0026507828)
(-2.0811821e-05 0.0040783296 0.0019888938)
(-9.5824354e-06 0.0027879506 0.0013711073)
(-3.0739722e-06 0.0016044484 0.00079538522)
(-2.1057888e-07 0.00051889943 0.00025960588)
(0.015274233 0.45191845 -0.021074565)
(-0.010454215 0.31963388 -0.032155909)
(-0.0002767598 0.22289728 -0.029985648)
(-0.0084663415 0.16491156 -0.02172235)
(-0.009092666 0.13310207 -0.01328507)
(-0.010090092 0.11602988 -0.0055444425)
(-0.010433692 0.10607811 0.0010112988)
(-0.010268936 0.099156601 0.0063059558)
(-0.0097540314 0.093325248 0.010410376)
(-0.0090225499 0.087763363 0.013451264)
(-0.0081743252 0.082186662 0.015575341)
(-0.0072822184 0.076550566 0.016931616)
(-0.0063971925 0.070905965 0.017661077)
(-0.0055529022 0.065331378 0.017890908)
(-0.0047698464 0.05990274 0.017731831)
(-0.0040588953 0.05468161 0.01727758)
(-0.0034241308 0.049712227 0.016605719)
(-0.0028650458 0.045022583 0.015779215)
(-0.0023781927 0.040627059 0.014848352)
(-0.0019583824 0.036529424 0.013852693)
(-0.0015995302 0.032725627 0.012822936)
(-0.001295234 0.029206158 0.011782565)
(-0.0010391549 0.02595794 0.010749271)
(-0.00082525479 0.022965765 0.0097361496)
(-0.00064793428 0.020213361 0.0087526744)
(-0.0005021009 0.017684153 0.0078054942)
(-0.00038319166 0.015361779 0.0068990642)
(-0.00028716543 0.01323044 0.0060361479)
(-0.00021047707 0.011275108 0.0052182114)
(-0.000150041 0.0094816467 0.0044457317)
(-0.00010318936 0.0078368636 0.0037184391)
(-6.7627269e-05 0.0063285195 0.0030355069)
(-4.1389212e-05 0.004945307 0.0023956999)
(-2.2807822e-05 0.0036768119 0.0017974922)
(-1.0507239e-05 0.0025134637 0.0012391583)
(-3.3729431e-06 0.00144648 0.00071884478)
(-2.3150949e-07 0.00046781001 0.0002346266)
(0.015492495 0.44818992 -0.0205802)
(-0.010817558 0.31012596 -0.029839267)
(-0.0012792702 0.2106654 -0.027160311)
(-0.0094560505 0.15226626 -0.019206688)
(-0.010404655 0.12098867 -0.011476953)
(-0.011384542 0.10458033 -0.0045545811)
(-0.011666452 0.095215765 0.0012459914)
(-0.011403655 0.088811706 0.0059047949)
(-0.010771874 0.0834739 0.0095018833)
(-0.0099193303 0.078414027 0.012155776)
(-0.008954728 0.073361199 0.013999)
(-0.0079553181 0.06827103 0.015164828)
(-0.0069737898 0.063187545 0.015778868)
(-0.0060440507 0.058179655 0.015954134)
(-0.0051860939 0.053313547 0.01578878)
(-0.0044099413 0.04864225 0.015365707)
(-0.0037187135 0.044203255 0.014753357)
(-0.0031109453 0.040019672 0.014007169)
(-0.002582288 0.036102705 0.013171318)
(-0.0021267275 0.032454374 0.012280481)
(-0.0017374343 0.029070007 0.011361497)
(-0.0014073387 0.025940316 0.010434845)
(-0.0011295054 0.023053048 0.0095159007)
(-0.00089736532 0.020394223 0.0086160028)
(-0.00070484705 0.017949044 0.0077433165)
(-0.00054643997 0.015702547 0.006903536)
(-0.00041721149 0.013640031 0.0061004429)
(-0.00031279488 0.011747347 0.005336348)
(-0.00022935914 0.010011072 0.0046124367)
(-0.00016356868 0.0084186019 0.0039290397)
(-0.00011253774 0.0069581886 0.0032858441)
(-7.3782246e-05 0.0056189435 0.0026820582)
(-4.5172854e-05 0.0043908142 0.0021165413)
(-2.4901685e-05 0.0032645465 0.0015879049)
(-1.1475898e-05 0.002231639 0.0010945922)
(-3.6853968e-06 0.0012842919 0.00063493991)
(-2.5316191e-07 0.00041535631 0.0002072266)
(0.015710249 0.44383639 -0.020047994)
(-0.011314572 0.29948939 -0.027011438)
(-0.0024473502 0.19751833 -0.023926882)
(-0.010551954 0.13905265 -0.016463756)
(-0.011770913 0.10849078 -0.0095817716)
(-0.012714465 0.092789352 -0.0035852959)
(-0.012913877 0.083996202 0.0013847703)
(-0.012539756 0.078088582 0.0053582848)
(-0.011784067 0.073238144 0.0084179851)
(-0.010807051 0.06869107 0.01066879)
(-0.0097245619 0.064185486 0.012224771)
(-0.0086173337 0.059671806 0.013200229)
(-0.0075393284 0.055182789 0.01370306)
(-0.0065244886 0.050774753 0.013830513)
(-0.0055921938 0.046502375 0.013667132)
(-0.0047515537 0.042409284 0.013284331)
(-0.0040046793 0.038525924 0.012741032)
(-0.003349105 0.03487057 0.012084905)
(-0.002779542 0.031451475 0.011353867)
(-0.0022891183 0.028269216 0.010577614)
(-0.0018702332 0.025318824 0.009779066)
(-0.0015151298 0.022591546 0.0089756436)
(-0.0012162639 0.020076232 0.0081803726)
(-0.0009665286 0.017760376 0.0074028032)
(-0.00075937858 0.01563087 0.0066497637)
(-0.00058888662 0.013674534 0.00592597)
(-0.00044975456 0.011878478 0.0052345095)
(-0.00033729565 0.01023033 0.0045772227)
(-0.00024739946 0.0087183718 0.0039550013)
(-0.00017648706 0.0073316166 0.0033680194)
(-0.0001214615 0.0060598323 0.0028159145)
(-7.9655837e-05 0.0048935401 0.0022979273)
(-4.8782788e-05 0.0038239916 0.0018130116)
(-2.6899336e-05 0.0028431343 0.0013599192)
(-1.2400215e-05 0.0019435707 0.00093726759)
(-3.9837954e-06 0.0011185138 0.00054359087)
(-2.7403378e-07 0.00036174203 0.00017738059)
(0.015775055 0.43852918 -0.019406784)
(-0.011853175 0.28731679 -0.02363251)
(-0.0037391305 0.18329217 -0.020297493)
(-0.011688782 0.12528171 -0.01352714)
(-0.013109678 0.095694418 -0.0076471562)
(-0.01398395 0.080772003 -0.0026760074)
(-0.014073094 0.072547093 0.0014009756)
(-0.013572904 0.067119938 0.0046513394)
(-0.012689228 0.062750431 0.0071524674)
(-0.011590428 0.058722661 0.0089903393)
(-0.010396609 0.054780681 0.010256923)
(-0.0091901351 0.050865466 0.011044928)
(-0.0080250747 0.046995002 0.011442668)
(-0.0069346812 0.043210634 0.011530344)
(-0.0059372788 0.03955414 0.011378038)
(-0.0050408041 0.036059082 0.01104513)
(-0.0042462108 0.032748667 0.010580686)
(-0.0035499612 0.029636413 0.010024405)
(-0.0029458065 0.026727846 0.0094078295)
(-0.0024260319 0.024022375 0.0087556093)
(-0.0019823054 0.021515019 0.0080867037)
(-0.0016062387 0.019197825 0.0074154589)
(-0.0012897438 0.017060981 0.0067525371)
(-0.0010252461 0.015093655 0.0061056929)
(-0.00080579671 0.013284591 0.0054804119)
(-0.00062511976 0.011622537 0.0048804255)
(-0.00047761478 0.010096524 0.0043081211)
(-0.00035833253 0.0086960443 0.0037648634)
(-0.00026293435 0.0074111638 0.0032512448)
(-0.00018764285 0.0062325711 0.0027672796)
(-0.00012918854 0.0051515986 0.0023125531)
(-8.4754591e-05 0.0041602167 0.0018863382)
(-5.1923641e-05 0.0032510128 0.0014876844)
(-2.8640734e-05 0.0024171625 0.0011154879)
(-1.3207099e-05 0.0016523936 0.0007685455)
(-4.2444304e-06 0.0009509493 0.0004455961)
(-2.9196777e-07 0.0003075504 0.00014535272)
(0.01520994 0.43162819 -0.018545293)
(-0.012471125 0.27284319 -0.019736179)
(-0.0052325222 0.16763478 -0.016343213)
(-0.012813864 0.11088127 -0.010478876)
(-0.014322291 0.082656772 -0.0057497569)
(-0.01506765 0.068642957 -0.00188342)
(-0.015009915 0.061015419 0.0012605136)
(-0.014369778 0.056072598 0.0037697797)
(-0.013360549 0.052187749 0.0057067725)
(-0.012152301 0.048687934 0.0071333559)
(-0.010864871 0.045321964 0.0081165115)
(-0.0095793848 0.042019057 0.0087255176)
(-0.0083481873 0.038780543 0.0090278641)
(-0.0072026944 0.035631648 0.0090858889)
(-0.0061594885 0.032600737 0.0089547017)
(-0.0052249495 0.029711221 0.0086813534)
(-0.0043986911 0.026979232 0.0083049044)
(-0.0036760513 0.024413823 0.0078570364)
(-0.0030498572 0.022018108 0.0073629329)
(-0.0025116433 0.019790646 0.0068422462)
(-0.0020524673 0.017726714 0.0063100395)
(-0.0016634418 0.015819386 0.0057776493)
(-0.001336074 0.014060372 0.0052534362)
(-0.0010624627 0.012440653 0.0047434131)
(-0.00083539408 0.010950935 0.0042517646)
(-0.00064837319 0.0095819709 0.0037812687)
(-0.00049561677 0.0083247681 0.0033336326)
(-0.00037202084 0.0071707284 0.0029097569)
(-0.00027311426 0.0061117247 0.0025099397)
(-0.00019500516 0.0051401411 0.0021340348)
(-0.00013432443 0.0042488853 0.0017815726)
(-8.8168066e-05 0.0034313831 0.0014518526)
(-5.4042161e-05 0.002681561 0.001144015)
(-2.9824996e-05 0.0019938226 0.00085709481)
(-1.376133e-05 0.0013630201 0.00059006369)
(-4.4262383e-06 0.00078442431 0.00034186176)
(-3.0573362e-07 0.00025369517 0.00011142147)
(0.014404409 0.42210127 -0.017345028)
(-0.013124676 0.25505139 -0.015351917)
(-0.0068741534 0.15002993 -0.01218078)
(-0.013800306 0.095698414 -0.0074699917)
(-0.015233786 0.069391392 -0.004010273)
(-0.015769251 0.056499799 -0.0012851037)
(-0.015526452 0.049551474 0.00092476229)
(-0.014741228 0.045131167 0.0027059618)
(-0.013622963 0.041754072 0.0040960335)
(-0.012334204 0.038798193 0.005128602)
(-0.010988163 0.036018919 0.0058454976)
(-0.0096606488 0.033334179 0.0062915814)
(-0.0083999944 0.030729117 0.0065131136)
(-0.0072344159 0.028213471 0.0065544455)
(-0.0061779963 0.025802928 0.0064557109)
(-0.0052351745 0.023511494 0.0062516996)
(-0.0044040667 0.021348928 0.0059715864)
(-0.0036788714 0.019320413 0.0056391915)
(-0.0030515689 0.017427147 0.0052735213)
(-0.0025130868 0.015667204 0.0048894156)
(-0.0020540697 0.014036396 0.004498149)
(-0.0016653653 0.012529015 0.0041081407)
(-0.0013383165 0.011138413 0.0037256322)
(-0.0010649315 0.0098574553 0.0033550435)
(-0.00083795781 0.0086788379 0.0029993724)
(-0.00065089586 0.0075953194 0.0026605308)
(-0.00049797964 0.0065998714 0.0023396112)
(-0.00037413377 0.0056857757 0.0020370962)
(-0.00027491946 0.0048466806 0.00175302)
(-0.00019647603 0.0040766291 0.0014870932)
(-0.0001354615 0.0033700674 0.0012387988)
(-8.8993642e-05 0.0027218408 0.0010074639)
(-5.4594706e-05 0.0021271806 0.00079231482)
(-3.0154009e-05 0.0015816861 0.00059251853)
(-1.3923462e-05 0.0010813041 0.00040721354)
(-4.4818535e-06 0.00062230579 0.00023553287)
(-3.0850258e-07 0.000201265 7.6620672e-05)
(0.013531489 0.40734887 -0.015538344)
(-0.013834888 0.23163421 -0.010577055)
(-0.008541751 0.12948065 -0.0080383612)
(-0.014403168 0.079378006 -0.0047330337)
(-0.01553863 0.05580392 -0.0025930902)
(-0.015770774 0.044378571 -0.00097093903)
(-0.015318395 0.038270976 0.00036395521)
(-0.014407503 0.034460881 0.0014721889)
(-0.013224579 0.031641662 0.0023641034)
(-0.011912086 0.029256965 0.003043443)
(-0.010569342 0.027075349 0.0035251072)
(-0.0092612752 0.02500731 0.0038330099)
(-0.0080297406 0.023025449 0.0039932561)
(-0.0068984042 0.021126778 0.0040330537)
(-0.0058782973 0.019316456 0.0039781918)
(-0.0049718091 0.017600745 0.0038516934)
(-0.0041756887 0.01598427 0.0036732674)
(-0.003483251 0.014469253 0.0034592537)
(-0.0028859875 0.013055608 0.003222843)
(-0.002374536 0.011741317 0.0029744763)
(-0.0019393643 0.010522945 0.002722188)
(-0.0015714673 0.0093961791 0.0024718859)
(-0.0012623994 0.0083561012 0.0022278613)
(-0.0010043319 0.0073974342 0.0019931603)
(-0.00079025686 0.0065148098 0.0017697451)
(-0.00061392693 0.0057029164 0.001558849)
(-0.00046982509 0.0049565998 0.0013611006)
(-0.00035312039 0.0042709288 0.0011766743)
(-0.00025960713 0.0036412339 0.0010054151)
(-0.00018564098 0.0030631274 0.00084693537)
(-0.00012807613 0.0025325101 0.00070069018)
(-8.4204571e-05 0.0020455688 0.0005660351)
(-5.1700786e-05 0.0015987686 0.00044226941)
(-2.8584569e-05 0.0011888405 0.00032866841)
(-1.321621e-05 0.00081276737 0.00022450681)
(-4.2635545e-06 0.00046776904 0.00012907573)
(-2.9883927e-07 0.00015128646 4.1694614e-05)
(0.011677283 0.38167625 -0.012659752)
(-0.014508335 0.19848247 -0.0056986939)
(-0.0097986908 0.10425475 -0.0043614096)
(-0.014115442 0.061217631 -0.0026222785)
(-0.014702391 0.041597362 -0.0017017499)
(-0.014557844 0.032187554 -0.0010241263)
(-0.013921114 0.027201402 -0.00042348887)
(-0.012959117 0.024157409 0.00012094337)
(-0.011807408 0.021982612 0.00059528372)
(-0.010574715 0.020210465 0.00098179738)
(-0.0093374322 0.01863795 0.0012734786)
(-0.0081468793 0.017179228 0.001475185)
(-0.0070354952 0.0158007 0.0015970647)
(-0.0060214792 0.014491377 0.0016517075)
(-0.005112651 0.013249303 0.0016521535)
(-0.0043095939 0.0120754 0.0016106814)
(-0.0036081286 0.010970811 0.0015381996)
(-0.0030011996 0.0099358893 0.001444032)
(-0.0024802696 0.0089699488 0.0013359241)
(-0.002036262 0.0080713418 0.0012201398)
(-0.0016601719 0.0072376592 0.0011016688)
(-0.0013434583 0.0064659496 0.00098431352)
(-0.0010782853 0.0057529133 0.00087074526)
(-0.00085744068 0.005095038 0.00076290973)
(-0.00067459447 0.0044887855 0.00066200706)
(-0.00052422126 0.0039306622 0.00056870056)
(-0.00040141562 0.0034172403 0.00048336314)
(-0.00030196468 0.0029452302 0.00040607074)
(-0.00022224018 0.0025115062 0.00033667833)
(-0.00015912216 0.0021131208 0.0002748648)
(-0.00010993424 0.0017473114 0.00022017771)
(-7.2383023e-05 0.0014114995 0.00017208405)
(-4.4505647e-05 0.0011032878 0.00013001356)
(-2.4636636e-05 0.00082045295 9.3385005e-05)
(-1.1404678e-05 0.00056093804 6.1626517e-05)
(-3.6778062e-06 0.00032284302 3.4191469e-05)
(-2.5334767e-07 0.00010441553 1.0572898e-05)
(0.0073438655 0.32933228 -0.0082451832)
(-0.014319943 0.14741981 -0.0014434274)
(-0.0095547086 0.071452192 -0.0017834961)
(-0.011893569 0.040007699 -0.0014529852)
(-0.01184098 0.026200754 -0.0014603254)
(-0.01135593 0.019670323 -0.0014214764)
(-0.010670606 0.016252055 -0.0013079188)
(-0.0098258212 0.014213876 -0.0011447458)
(-0.0088866482 0.012809323 -0.00096458342)
(-0.007911873 0.011707878 -0.00079112135)
(-0.0069477801 0.010760916 -0.00063788624)
(-0.0060278787 0.0099017524 -0.0005104418)
(-0.0051741275 0.009101185 -0.00040951567)
(-0.0043990443 0.0083471011 -0.00033317876)
(-0.0037078722 0.0076349423 -0.00027828621)
(-0.0031005776 0.0069632193 -0.00024136276)
(-0.0025735119 0.0063314399 -0.0002190333)
(-0.0021207898 0.0057391997 -0.00020801269)
(-0.0017354739 0.0051858307 -0.00020504187)
(-0.0014100865 0.0046703117 -0.00020730804)
(-0.0011372339 0.0041912956 -0.00021247384)
(-0.00090997338 0.0037471809 -0.00021865943)
(-0.00072201653 0.0033361911 -0.00022451024)
(-0.00056765177 0.0029564501 -0.00022892387)
(-0.00044171285 0.0026060414 -0.000231)
(-0.00033964788 0.0022830538 -0.0002301281)
(-0.00025750118 0.0019856134 -0.00022588772)
(-0.00019190591 0.0017119083 -0.00021803199)
(-0.00014014225 0.0014602039 -0.00020650907)
(-9.9666432e-05 0.0012288538 -0.00019148664)
(-6.8474041e-05 0.0010163038 -0.00017322749)
(-4.4893389e-05 0.00082109691 -0.00015205537)
(-2.7531095e-05 0.00064187241 -0.00012833647)
(-1.524364e-05 0.00047736158 -0.00010246252)
(-7.0693193e-06 0.00032638628 -7.4843105e-05)
(-2.2958073e-06 0.0001878549 -4.5875851e-05)
(-1.7710234e-07 6.0757891e-05 -1.5935521e-05)
(-4.3324229e-05 0.19944809 -0.0024998592)
(-0.0096222756 0.063828042 5.2652161e-05)
(-0.005606247 0.02720766 -0.0011852803)
(-0.0059408041 0.01434746 -0.0014560239)
(-0.0055387593 0.0090272826 -0.0018026904)
(-0.0051273208 0.0065739373 -0.0019814221)
(-0.0047233278 0.0053156792 -0.0020612007)
(-0.0043000784 0.0045850866 -0.0020795624)
(-0.0038569361 0.0040984828 -0.0020553259)
(-0.0034076314 0.0037298722 -0.0020016037)
(-0.0029671862 0.0034217043 -0.001928136)
(-0.0025482859 0.0031473675 -0.0018418607)
(-0.0021601446 0.002894601 -0.0017477352)
(-0.0018084913 0.002657874 -0.0016493489)
(-0.0014960963 0.0024347846 -0.0015493669)
(-0.0012232745 0.002224334 -0.001449817)
(-0.000988417 0.0020260978 -0.0013521688)
(-0.0007895157 0.0018398378 -0.0012574463)
(-0.00062368432 0.0016653276 -0.0011664899)
(-0.00048715153 0.0015022847 -0.0010798663)
(-0.00037635068 0.0013503412 -0.00099748508)
(-0.00028753665 0.0012090115 -0.00091742694)
(-0.00021724011 0.0010777869 -0.00083927676)
(-0.00016232099 0.00095617193 -0.00076417148)
(-0.00011994715 0.0008436437 -0.00069248551)
(-8.7713899e-05 0.00073966868 -0.00062420283)
(-6.3568797e-05 0.00064371484 -0.00055911053)
(-4.5951234e-05 0.00055526111 -0.00049693877)
(-3.3272636e-05 0.00047380203 -0.00043740532)
(-2.4094396e-05 0.00039884897 -0.00038017249)
(-1.7633548e-05 0.00032993487 -0.00032494718)
(-1.3079139e-05 0.00026661632 -0.00027148344)
(-9.7976064e-06 0.00020846632 -0.00021952962)
(-7.2838666e-06 0.00015506811 -0.00016883205)
(-5.1512531e-06 0.00010603966 -0.00011929847)
(-3.1191878e-06 6.1037703e-05 -7.0960215e-05)
(-9.8232528e-07 1.9742367e-05 -2.38573e-05)
)
;

boundaryField
{
    inner_wall
    {
        type            rotatingWallVelocity;
        origin          (0 0 0);
        axis            (0 0 1);
        omega           table;
        omegaCoeffs
        {
            values          
2
(
(0 20.944)
(301 20.944)
)
;
        }
        value           nonuniform List<vector> 
450
(
(0 0.53147127 -0)
(0 0.53147127 -0)
(0 0.53147127 -0)
(0 0.53147127 -0)
(0 0.53147127 -0)
(0 0.53147127 -0)
(0 0.53147127 -0)
(0 0.53147127 -0)
(0 0.53147127 -0)
(0 0.53147127 -0)
(0 0.53147127 -0)
(0 0.53147127 -0)
(0 0.53147127 -0)
(0 0.53147127 -0)
(0 0.53147127 -0)
(0 0.53147127 -0)
(0 0.53147127 -0)
(0 0.53147127 -0)
(0 0.53147127 -0)
(0 0.53147127 -0)
(0 0.53147127 -0)
(0 0.53147127 -0)
(0 0.53147127 -0)
(0 0.53147127 -0)
(0 0.53147127 -0)
(0 0.53147127 -0)
(0 0.53147127 -0)
(0 0.53147127 -0)
(0 0.53147127 -0)
(0 0.53147127 -0)
(0 0.53147127 -0)
(0 0.53147127 -0)
(0 0.53147127 -0)
(0 0.53147127 -0)
(0 0.53147127 -0)
(0 0.53147127 -0)
(0 0.53147127 -0)
(0 0.53147127 -0)
(0 0.53147127 -0)
(0 0.53147127 -0)
(0 0.53147127 -0)
(0 0.53147127 -0)
(0 0.53147127 -0)
(0 0.53147127 -0)
(0 0.53147127 -0)
(0 0.53147127 -0)
(0 0.53147127 -0)
(0 0.53147127 -0)
(0 0.53147127 -0)
(0 0.53147127 -0)
(0 0.53147127 -0)
(0 0.53147127 -0)
(0 0.53147127 -0)
(0 0.53147127 -0)
(0 0.53147127 -0)
(0 0.53147127 -0)
(0 0.53147127 -0)
(0 0.53147127 -0)
(0 0.53147127 -0)
(0 0.53147127 -0)
(0 0.53147127 -0)
(0 0.53147127 -0)
(0 0.53147127 -0)
(0 0.53147127 -0)
(0 0.53147127 -0)
(0 0.53147127 -0)
(0 0.53147127 -0)
(0 0.53147127 -0)
(0 0.53147127 -0)
(0 0.53147127 -0)
(0 0.53147127 -0)
(0 0.53147127 -0)
(0 0.53147127 -0)
(0 0.53147127 -0)
(0 0.53147127 -0)
(0 0.53147127 -0)
(0 0.53147127 -0)
(0 0.53147127 -0)
(0 0.53147127 -0)
(0 0.53147127 -0)
(0 0.53147127 -0)
(0 0.53147127 -0)
(0 0.53147127 -0)
(0 0.53147127 -0)
(0 0.53147127 -0)
(0 0.53147127 -0)
(0 0.53147127 -0)
(0 0.53147127 -0)
(0 0.53147127 -0)
(0 0.53147127 -0)
(0 0.53147127 -0)
(0 0.53147127 -0)
(0 0.53147127 -0)
(0 0.53147127 -0)
(0 0.53147127 -0)
(0 0.53147127 -0)
(0 0.53147127 -0)
(0 0.53147127 -0)
(0 0.53147127 -0)
(0 0.53147127 -0)
(0 0.53147127 -0)
(0 0.53147127 -0)
(0 0.53147127 -0)
(0 0.53147127 -0)
(0 0.53147127 -0)
(0 0.53147127 -0)
(0 0.53147127 -0)
(0 0.53147127 -0)
(0 0.53147127 -0)
(0 0.53147127 -0)
(0 0.53147127 -0)
(0 0.53147127 -0)
(0 0.53147127 -0)
(0 0.53147127 -0)
(0 0.53147127 -0)
(0 0.53147127 -0)
(0 0.53147127 -0)
(0 0.53147127 -0)
(0 0.53147127 -0)
(0 0.53147127 -0)
(0 0.53147127 -0)
(0 0.53147127 -0)
(0 0.53147127 -0)
(0 0.53147127 -0)
(0 0.53147127 -0)
(0 0.53147127 -0)
(0 0.53147127 -0)
(0 0.53147127 -0)
(0 0.53147127 -0)
(0 0.53147127 -0)
(0 0.53147127 -0)
(0 0.53147127 -0)
(0 0.53147127 -0)
(0 0.53147127 -0)
(0 0.53147127 -0)
(0 0.53147127 -0)
(0 0.53147127 -0)
(0 0.53147127 -0)
(0 0.53147127 -0)
(0 0.53147127 -0)
(0 0.53147127 -0)
(0 0.53147127 -0)
(0 0.53147127 -0)
(0 0.53147127 -0)
(0 0.53147127 -0)
(0 0.53147127 -0)
(0 0.53147127 -0)
(0 0.53147127 -0)
(0 0.53147127 -0)
(0 0.53147127 -0)
(0 0.53147127 -0)
(0 0.53147127 -0)
(0 0.53147127 -0)
(0 0.53147127 -0)
(0 0.53147127 -0)
(0 0.53147127 -0)
(0 0.53147127 -0)
(0 0.53147127 -0)
(0 0.53147127 -0)
(0 0.53147127 -0)
(0 0.53147127 -0)
(0 0.53147127 -0)
(0 0.53147127 -0)
(0 0.53147127 -0)
(0 0.53147127 -0)
(0 0.53147127 -0)
(0 0.53147127 -0)
(0 0.53147127 -0)
(0 0.53147127 -0)
(0 0.53147127 -0)
(0 0.53147127 -0)
(0 0.53147127 -0)
(0 0.53147127 -0)
(0 0.53147127 -0)
(0 0.53147127 -0)
(0 0.53147127 -0)
(0 0.53147127 -0)
(0 0.53147127 -0)
(0 0.53147127 -0)
(0 0.53147127 -0)
(0 0.53147127 -0)
(0 0.53147127 -0)
(0 0.53147127 -0)
(0 0.53147127 -0)
(0 0.53147127 -0)
(0 0.53147127 -0)
(0 0.53147127 -0)
(0 0.53147127 -0)
(0 0.53147127 -0)
(0 0.53147127 -0)
(0 0.53147127 -0)
(0 0.53147127 -0)
(0 0.53147127 -0)
(0 0.53147127 -0)
(0 0.53147127 -0)
(0 0.53147127 -0)
(0 0.53147127 -0)
(0 0.53147127 -0)
(0 0.53147127 -0)
(0 0.53147127 -0)
(0 0.53147127 -0)
(0 0.53147127 -0)
(0 0.53147127 -0)
(0 0.53147127 -0)
(0 0.53147127 -0)
(0 0.53147127 -0)
(0 0.53147127 -0)
(0 0.53147127 -0)
(0 0.53147127 -0)
(0 0.53147127 -0)
(0 0.53147127 -0)
(0 0.53147127 -0)
(0 0.53147127 -0)
(0 0.53147127 -0)
(0 0.53147127 -0)
(0 0.53147127 -0)
(0 0.53147127 -0)
(0 0.53147127 -0)
(0 0.53147127 -0)
(0 0.53147127 -0)
(0 0.53147127 -0)
(0 0.53147127 -0)
(0 0.53147127 -0)
(0 0.53147127 -0)
(0 0.53147127 -0)
(0 0.53147127 -0)
(0 0.53147127 -0)
(0 0.53147127 -0)
(0 0.53147127 -0)
(0 0.53147127 -0)
(0 0.53147127 -0)
(0 0.53147127 -0)
(0 0.53147127 -0)
(0 0.53147127 -0)
(0 0.53147127 -0)
(0 0.53147127 -0)
(0 0.53147127 -0)
(0 0.53147127 -0)
(0 0.53147127 -0)
(0 0.53147127 -0)
(0 0.53147127 -0)
(0 0.53147127 -0)
(0 0.53147127 -0)
(0 0.53147127 -0)
(0 0.53147127 -0)
(0 0.53147127 -0)
(0 0.53147127 -0)
(0 0.53147127 -0)
(0 0.53147127 -0)
(0 0.53147127 -0)
(0 0.53147127 -0)
(0 0.53147127 -0)
(0 0.53147127 -0)
(0 0.53147127 -0)
(0 0.53147127 -0)
(0 0.53147127 -0)
(0 0.53147127 -0)
(0 0.53147127 -0)
(0 0.53147127 -0)
(0 0.53147127 -0)
(0 0.53147127 -0)
(0 0.53147127 -0)
(0 0.53147127 -0)
(0 0.53147127 -0)
(0 0.53147127 -0)
(0 0.53147127 -0)
(0 0.53147127 -0)
(0 0.53147127 -0)
(0 0.53147127 -0)
(0 0.53147127 -0)
(0 0.53147127 -0)
(0 0.53147127 -0)
(0 0.53147127 -0)
(0 0.53147127 -0)
(0 0.53147127 -0)
(0 0.53147127 -0)
(0 0.53147127 -0)
(0 0.53147127 -0)
(0 0.53147127 -0)
(0 0.53147127 -0)
(0 0.53147127 -0)
(0 0.53147127 -0)
(0 0.53147127 -0)
(0 0.53147127 -0)
(0 0.53147127 -0)
(0 0.53147127 -0)
(0 0.53147127 -0)
(0 0.53147127 -0)
(0 0.53147127 -0)
(0 0.53147127 -0)
(0 0.53147127 -0)
(0 0.53147127 -0)
(0 0.53147127 -0)
(0 0.53147127 -0)
(0 0.53147127 -0)
(0 0.53147127 -0)
(0 0.53147127 -0)
(0 0.53147127 -0)
(0 0.53147127 -0)
(0 0.53147127 -0)
(0 0.53147127 -0)
(0 0.53147127 -0)
(0 0.53147127 -0)
(0 0.53147127 -0)
(0 0.53147127 -0)
(0 0.53147127 -0)
(0 0.53147127 -0)
(0 0.53147127 -0)
(0 0.53147127 -0)
(0 0.53147127 -0)
(0 0.53147127 -0)
(0 0.53147127 -0)
(0 0.53147127 -0)
(0 0.53147127 -0)
(0 0.53147127 -0)
(0 0.53147127 -0)
(0 0.53147127 -0)
(0 0.53147127 -0)
(0 0.53147127 -0)
(0 0.53147127 -0)
(0 0.53147127 -0)
(0 0.53147127 -0)
(0 0.53147127 -0)
(0 0.53147127 -0)
(0 0.53147127 -0)
(0 0.53147127 -0)
(0 0.53147127 -0)
(0 0.53147127 -0)
(0 0.53147127 -0)
(0 0.53147127 -0)
(0 0.53147127 -0)
(0 0.53147127 -0)
(0 0.53147127 -0)
(0 0.53147127 -0)
(0 0.53147127 -0)
(0 0.53147127 -0)
(0 0.53147127 -0)
(0 0.53147127 -0)
(0 0.53147127 -0)
(0 0.53147127 -0)
(0 0.53147127 -0)
(0 0.53147127 -0)
(0 0.53147127 -0)
(0 0.53147127 -0)
(0 0.53147127 -0)
(0 0.53147127 -0)
(0 0.53147127 -0)
(0 0.53147127 -0)
(0 0.53147127 -0)
(0 0.53147127 -0)
(0 0.53147127 -0)
(0 0.53147127 -0)
(0 0.53147127 -0)
(0 0.53147127 -0)
(0 0.53147127 -0)
(0 0.53147127 -0)
(0 0.53147127 -0)
(0 0.53147127 -0)
(0 0.53147127 -0)
(0 0.53147127 -0)
(0 0.53147127 -0)
(0 0.53147127 -0)
(0 0.53147127 -0)
(0 0.53147127 -0)
(0 0.53147127 -0)
(0 0.53147127 -0)
(0 0.53147127 -0)
(0 0.53147127 -0)
(0 0.53147127 -0)
(0 0.53147127 -0)
(0 0.53147127 -0)
(0 0.53147127 -0)
(0 0.53147127 -0)
(0 0.53147127 -0)
(0 0.53147127 -0)
(0 0.53147127 -0)
(0 0.53147127 -0)
(0 0.53147127 -0)
(0 0.53147127 -0)
(0 0.53147127 -0)
(0 0.53147127 -0)
(0 0.53147127 -0)
(0 0.53147127 -0)
(0 0.53147127 -0)
(0 0.53147127 -0)
(0 0.53147127 -0)
(0 0.53147127 -0)
(0 0.53147127 -0)
(0 0.53147127 -0)
(0 0.53147127 -0)
(0 0.53147127 -0)
(0 0.53147127 -0)
(0 0.53147127 -0)
(0 0.53147127 -0)
(0 0.53147127 -0)
(0 0.53147127 -0)
(0 0.53147127 -0)
(0 0.53147127 -0)
(0 0.53147127 -0)
(0 0.53147127 -0)
(0 0.53147127 -0)
(0 0.53147127 -0)
(0 0.53147127 -0)
(0 0.53147127 -0)
(0 0.53147127 -0)
(0 0.53147127 -0)
(0 0.53147127 -0)
(0 0.53147127 -0)
(0 0.53147127 -0)
(0 0.53147127 -0)
(0 0.53147127 -0)
(0 0.53147127 -0)
(0 0.53147127 -0)
(0 0.53147127 -0)
(0 0.53147127 -0)
(0 0.53147127 -0)
(0 0.53147127 -0)
(0 0.53147127 -0)
(0 0.53147127 -0)
(0 0.53147127 -0)
(0 0.53147127 -0)
(0 0.53147127 -0)
(0 0.53147127 -0)
(0 0.53147127 -0)
(0 0.53147127 -0)
(0 0.53147127 -0)
(0 0.53147127 -0)
(0 0.53147127 -0)
(0 0.53147127 -0)
(0 0.53147127 -0)
(0 0.53147127 -0)
(0 0.53147127 -0)
(0 0.53147127 -0)
(0 0.53147127 -0)
(0 0.53147127 -0)
(0 0.53147127 -0)
(0 0.53147127 -0)
(0 0.53147127 -0)
(0 0.53147127 -0)
(0 0.53147127 -0)
(0 0.53147127 -0)
(0 0.53147127 -0)
(0 0.53147127 -0)
(0 0.53147127 -0)
(0 0.53147127 -0)
(0 0.53147127 -0)
(0 0.53147127 -0)
(0 0.53147127 -0)
(0 0.53147127 -0)
(0 0.53147127 -0)
)
;
    }
    outer_wall
    {
        type            noSlip;
    }
    side_outlet
    {
        type            zeroGradient;
    }
    inlet
    {
        type            codedFixedValue;
        value           nonuniform List<vector> 
37
(
(-0 -0 -0.00034074024)
(-0 -0 -0.00095859762)
(-0 -0 -0.0014126762)
(-0 -0 -0.0017360277)
(-0 -0 -0.0019554212)
(-0 -0 -0.0020925539)
(-0 -0 -0.0021650152)
(-0 -0 -0.0021870584)
(-0 -0 -0.0021702215)
(-0 -0 -0.0021238297)
(-0 -0 -0.0020554016)
(-0 -0 -0.0019709816)
(-0 -0 -0.0018754091)
(-0 -0 -0.0017725401)
(-0 -0 -0.0016654277)
(-0 -0 -0.0015564707)
(-0 -0 -0.0014475348)
(-0 -0 -0.0013400528)
(-0 -0 -0.0012351065)
(-0 -0 -0.0011334943)
(-0 -0 -0.0010357862)
(-0 -0 -0.00094236956)
(-0 -0 -0.00085348587)
(-0 -0 -0.00076926164)
(-0 -0 -0.0006897331)
(-0 -0 -0.00061486653)
(-0 -0 -0.00054457488)
(-0 -0 -0.00047873109)
(-0 -0 -0.00041717902)
(-0 -0 -0.00035974212)
(-0 -0 -0.00030623042)
(-0 -0 -0.00025644615)
(-0 -0 -0.00021018801)
(-0 -0 -0.00016725471)
(-0 -0 -0.00012744754)
(-0 -0 -9.0572358e-05)
(-0 -0 -5.6441123e-05)
)
;
        name            lopezFullyDevelopedAnnularTopInlet;
        code            #{
            const fvPatch& p = patch();
            vectorField Uin(p.size(), vector::zero);

            const vectorField& Cf = p.Cf();
            const vectorField& Sf = p.Sf();

            const scalar Ri = 0.0254;
            const scalar Ro = 0.03175;
            const scalar Q0 = 100e-6/60.0;  // full 360-degree flow rate [m3/s]
            // UNIFIED to 100 mL/min to match side_outlet_cat_wallmodel (was Yuhe's
            // 40 mL/min). This makes the outer-wall catalytic BC the ONLY difference
            // between the two cases (single controlled variable), and shrinks the
            // residence time (tau ~ 26 s) so the episode reaches steady state well.
            const scalar pi = 3.1415926535897932384626433832795;

            const scalar Aann = pi*(sqr(Ro) - sqr(Ri));
            const scalar Umean = Q0/Aann;

            scalarField shape(p.size(), scalar(0));
            scalar sumShapeA = scalar(0);
            scalar sumA = scalar(0);

            forAll(Cf, faceI)
            {
                const scalar r = sqrt(sqr(Cf[faceI].x()) + sqr(Cf[faceI].y()));

                scalar f =
                    sqr(Ro) - sqr(r)
                  - (sqr(Ro) - sqr(Ri))/log(Ro/Ri)*log(Ro/r);

                shape[faceI] = max(f, scalar(0));

                const scalar Af = mag(Sf[faceI]);
                sumShapeA += shape[faceI]*Af;
                sumA      += Af;
            }

            reduce(sumShapeA, sumOp<scalar>());
            reduce(sumA, sumOp<scalar>());

            const scalar meanShape = sumShapeA/max(sumA, VSMALL);
            const scalar scale = Umean/max(meanShape, VSMALL);

            forAll(Cf, faceI)
            {
                const vector nHat = Sf[faceI]/mag(Sf[faceI]);
                // Top inlet outward normal points +z; inflow is opposite to it.
                Uin[faceI] = -scale*shape[faceI]*nHat;
            }

            operator==(Uin);
        #};
    }
    bottom
    {
        type            noSlip;
    }
    front
    {
        type            wedge;
    }
    back
    {
        type            wedge;
    }
}


// ************************************************************************* //
