/*--------------------------------*- C++ -*----------------------------------*\
| =========                 |                                                 |
| \\      /  F ield         | OpenFOAM: The Open Source CFD Toolbox           |
|  \\    /   O peration     | Version:  2506                                  |
|   \\  /    A nd           | Website:  www.openfoam.com                      |
|    \\/     M anipulation  |                                                 |
\*---------------------------------------------------------------------------*/
FoamFile
{
    version     2.0;
    format      ascii;
    arch        "LSB;label=32;scalar=64";
    class       volVectorField;
    location    "240";
    object      U;
}
// * * * * * * * * * * * * * * * * * * * * * * * * * * * * * * * * * * * * * //

dimensions      [0 1 -1 0 0 0 0];

internalField   nonuniform List<vector> 
3072
(
(0.000200958383 0.0640214413 0.00119894254)
(-4.78676406e-05 0.0326750178 0.00171701793)
(-0.000141945023 0.0197130274 0.00180074199)
(-0.000257807088 0.0136633445 0.00170071548)
(-0.000371240153 0.0105310772 0.00151590836)
(-0.00045603929 0.00881813495 0.00128699795)
(-0.000518894896 0.00794500687 0.00103854258)
(-0.00054830698 0.00775233676 0.000783854145)
(-0.000509175842 0.00840638654 0.000507101839)
(-0.000435099738 0.0105664909 0.000180361857)
(-0.000402737843 0.0159196736 -0.000327641007)
(-0.000304229723 0.0191045414 -0.000991887517)
(-0.000212446018 0.0209244612 -0.00165451552)
(-0.00013167836 0.0218306373 -0.00228948661)
(-6.0920256e-05 0.0220945476 -0.00287400331)
(-1.58559934e-06 0.0218902412 -0.00339083996)
(4.53628126e-05 0.0213356295 -0.00382830936)
(8.02133107e-05 0.0205147279 -0.00417918328)
(0.000103963134 0.0194898824 -0.00443958466)
(0.000117922165 0.0183089495 -0.00460816373)
(0.000123382507 0.0170096431 -0.00468530301)
(0.000123891723 0.0156222813 -0.00467318207)
(0.000116056082 0.0141715911 -0.00457413257)
(0.000105804741 0.0126779246 -0.00439107107)
(9.27825826e-05 0.011158122 -0.00412811997)
(7.81397721e-05 0.00962613698 -0.00378958874)
(6.28405311e-05 0.00809351775 -0.00337970361)
(4.76436034e-05 0.00656978876 -0.00290252742)
(3.31844875e-05 0.00506276366 -0.00236185373)
(2.01127342e-05 0.00357880873 -0.00176104691)
(9.31907307e-06 0.00212306883 -0.00110279076)
(1.78156359e-06 0.000699664123 -0.000388754326)
(0.000320838536 0.0888752904 0.00129959956)
(-6.363021e-05 0.0633458966 0.00228529176)
(-0.000255578633 0.0467617861 0.00251530035)
(-0.000522476308 0.036245561 0.00239453627)
(-0.000759478969 0.0295578235 0.00211113039)
(-0.000934054162 0.0253054047 0.00175039967)
(-0.00103728183 0.0226870214 0.00134731953)
(-0.0010592209 0.0212704151 0.000910746979)
(-0.000993439956 0.0208455324 0.000447477513)
(-0.000856440933 0.0213025794 -5.00448294e-05)
(-0.000676454415 0.0224297594 -0.000627687452)
(-0.000498031257 0.0233884989 -0.00127015732)
(-0.000348976196 0.0239484406 -0.00191501692)
(-0.000226055934 0.0240893271 -0.00252507622)
(-0.000125405112 0.0238563325 -0.00307812955)
(-4.50663144e-05 0.0233090791 -0.00356007166)
(1.66511902e-05 0.0225047414 -0.00396186706)
(6.17373277e-05 0.0214934146 -0.00427820417)
(9.23857084e-05 0.0203176488 -0.00450654887)
(0.000111327392 0.0190132651 -0.00464645329)
(0.000118317244 0.0176103861 -0.00469853719)
(0.000120865935 0.0161343714 -0.0046644978)
(0.000113058984 0.0146066071 -0.004547575)
(0.00010235407 0.0130451151 -0.00435119222)
(8.85143948e-05 0.0114650548 -0.00407889792)
(7.2890713e-05 0.0098791219 -0.00373448359)
(5.66891478e-05 0.00829788219 -0.00332184464)
(4.08967678e-05 0.00673005528 -0.00284489452)
(2.63942133e-05 0.00518275927 -0.00230753194)
(1.41237375e-05 0.00366172319 -0.00171366142)
(5.20147506e-06 0.00217147102 -0.00106729058)
(1.66263395e-07 0.000715477965 -0.000372768213)
(0.000284300487 0.0958168021 0.00115705925)
(-8.44536962e-05 0.0774006367 0.00228431299)
(-0.000206073747 0.0629190199 0.0026531843)
(-0.00040143848 0.0521592049 0.00257245637)
(-0.000600708913 0.0443940891 0.00225312379)
(-0.00075800596 0.0388880526 0.00181812788)
(-0.000851230265 0.0350541321 0.00132245805)
(-0.00087432414 0.0324607364 0.000792107312)
(-0.000829021028 0.0307895867 0.000239864727)
(-0.000725250988 0.0297805645 -0.000335044381)
(-0.00058555232 0.0291753726 -0.000941406313)
(-0.000439270642 0.0286907425 -0.00156565507)
(-0.0003053665 0.0281513003 -0.00217609082)
(-0.000189945056 0.0274721296 -0.00274724117)
(-9.44167727e-05 0.0266237215 -0.00326128645)
(-1.84635406e-05 0.0256063281 -0.00370606923)
(3.91762271e-05 0.0244346622 -0.00407360965)
(8.03003949e-05 0.0231295195 -0.00435913567)
(0.000106945447 0.0217134124 -0.00456032525)
(0.000122873785 0.0202083909 -0.00467668856)
(0.00012548191 0.0186350061 -0.00470924343)
(0.000123438504 0.0170118578 -0.00465924856)
(0.000113892555 0.0153554651 -0.00452981483)
(0.000100828936 0.0136802679 -0.00432449361)
(8.52605331e-05 0.0119987202 -0.00404645804)
(6.85443164e-05 0.0103214214 -0.00369914959)
(5.18911768e-05 0.00865726265 -0.00328619246)
(3.63208198e-05 0.00701357764 -0.00281129525)
(2.26931239e-05 0.00539629338 -0.00227820029)
(1.17691789e-05 0.00381007424 -0.00169067643)
(4.24221741e-06 0.00225845714 -0.00105254163)
(3.61325527e-07 0.000743975896 -0.000367683406)
(0.000293563823 0.0987569603 0.00114587994)
(-3.98601846e-05 0.0847882655 0.00239197508)
(-6.32512306e-05 0.0728058126 0.002865299)
(-0.000143803681 0.0630568453 0.00283572946)
(-0.00026702801 0.0553922729 0.00251069469)
(-0.00036795436 0.0494919788 0.00201829136)
(-0.000433187115 0.0450040734 0.00143521529)
(-0.000453683454 0.0416060966 0.000806434104)
(-0.000428979575 0.0390209447 0.000158079001)
(-0.000365981308 0.0370123106 -0.000495717941)
(-0.000278350769 0.0353759738 -0.00114579176)
(-0.000182302237 0.0339399118 -0.00177865976)
(-9.02429066e-05 0.0325793193 -0.0023769135)
(-9.10156221e-06 0.0312145623 -0.00292496002)
(5.78796814e-05 0.0298009535 -0.00341067869)
(0.000109680331 0.0283178799 -0.00382534864)
(0.000146633628 0.0267601187 -0.00416317989)
(0.000169894754 0.0251316903 -0.00442076682)
(0.000181157939 0.0234417755 -0.00459653868)
(0.000182064666 0.0217021046 -0.00469029889)
(0.000175133163 0.019925323 -0.0047038108)
(0.000160830283 0.01812398 -0.00463927686)
(0.000143358658 0.0163099225 -0.00449889013)
(0.000122791012 0.014493953 -0.00428576983)
(0.000100944287 0.0126856483 -0.00400308653)
(7.91316122e-05 0.0108932911 -0.00365415901)
(5.8481343e-05 0.009123867 -0.00324240242)
(3.99484022e-05 0.00738310507 -0.0027712745)
(2.43150423e-05 0.00567554606 -0.00224423833)
(1.22241717e-05 0.00400462575 -0.00166474141)
(4.20096471e-06 0.00237276598 -0.00103620173)
(2.56481853e-07 0.00078146742 -0.000361997527)
(0.000301669559 0.100382978 0.00110703698)
(8.63304719e-06 0.0892201859 0.00238742514)
(0.000103013202 0.079223583 0.00291605818)
(0.000112881818 0.0706364227 0.00293609626)
(8.87259905e-05 0.0634784323 0.00263060932)
(6.00506962e-05 0.057623209 0.00212026269)
(3.94380104e-05 0.0528740105 0.00149421402)
(3.66327587e-05 0.0490159971 0.000810931628)
(5.44123596e-05 0.0458445137 0.000107983877)
(9.02743059e-05 0.0431774588 -0.000590327831)
(0.000137742976 0.0408597836 -0.00126699919)
(0.000188792103 0.0387656841 -0.00190772051)
(0.00023654227 0.036799962 -0.00249961981)
(0.000276381537 0.0348957162 -0.00303197219)
(0.00030575602 0.0330094891 -0.00349655409)
(0.00032366645 0.0311157304 -0.00388756553)
(0.000330232443 0.0292017638 -0.00420134257)
(0.000326371486 0.0272637144 -0.00443600033)
(0.000313488221 0.0253034305 -0.00459107151)
(0.000291666248 0.0233262499 -0.0046672226)
(0.00026759396 0.0213394153 -0.00466611754)
(0.000236704156 0.0193509929 -0.00459037477)
(0.00020413311 0.0173691284 -0.00444225784)
(0.000170616953 0.0154015742 -0.00422459916)
(0.000137527341 0.013455379 -0.00394050288)
(0.000106117592 0.0115367074 -0.00359313941)
(7.74553188e-05 0.00965074857 -0.00318569282)
(5.24201726e-05 0.0078016857 -0.00272132653)
(3.17159405e-05 0.00599270841 -0.002203156)
(1.59170004e-05 0.00422605256 -0.00163422337)
(5.50270878e-06 0.00250305772 -0.00101746684)
(3.71844952e-07 0.000824234823 -0.000355689812)
(0.00030606543 0.101416941 0.00102307235)
(4.86319518e-05 0.0921290507 0.00225491345)
(0.000234326416 0.083610605 0.00280940647)
(0.000321178486 0.0760376865 0.00287587299)
(0.000397290838 0.0694622556 0.00260164371)
(0.000442141059 0.0638371412 0.00210581543)
(0.000474839799 0.0590529312 0.00147841567)
(0.000502105792 0.0549720353 0.000783352429)
(0.000527736615 0.0514524245 6.4944528e-05)
(0.000552760572 0.0483618535 -0.000646276376)
(0.000575860706 0.0455852787 -0.0013288723)
(0.000594475 0.0430280775 -0.00196712229)
(0.000606076107 0.0406165616 -0.00254919105)
(0.000608879916 0.0382964228 -0.00306633519)
(0.000602006851 0.0360299315 -0.00351241685)
(0.000585395532 0.0337926808 -0.00388348723)
(0.000559644377 0.0315704396 -0.00417740155)
(0.000525843434 0.0293564109 -0.00439347976)
(0.000485380157 0.027148992 -0.00453222156)
(0.000439626963 0.024950023 -0.00459505228)
(0.000390600914 0.0227634589 -0.00458360712)
(0.000339534517 0.0205943943 -0.00450016003)
(0.000288183786 0.018448353 -0.00434769101)
(0.000237922971 0.0163307898 -0.0041290516)
(0.000190052114 0.014246754 -0.00384718458)
(0.000145743298 0.0122006702 -0.0035050678)
(0.00010600853 0.0101962075 -0.0031056572)
(7.16891687e-05 0.00823621367 -0.00265184628)
(4.34690347e-05 0.00632269566 -0.00214643853)
(2.19452243e-05 0.00445683356 -0.00159212287)
(7.68546972e-06 0.00263901602 -0.000991440235)
(5.51385406e-07 0.000868890139 -0.000346752486)
(0.000307355383 0.102123718 0.000911978905)
(7.7759759e-05 0.0941460021 0.00204357937)
(0.000308224798 0.0867208872 0.0025889092)
(0.000484355674 0.0799660476 0.00268280942)
(0.000629693301 0.0739270835 0.0024441376)
(0.000741920342 0.0685858441 0.00198282887)
(0.000827571935 0.0638790049 0.00138312251)
(0.000890419318 0.0597182263 0.000708666631)
(0.000934129427 0.056006718 6.12913568e-06)
(0.000961626248 0.0526507296 -0.000690955023)
(0.000974720134 0.0495663789 -0.00135872189)
(0.000974367605 0.0466830769 -0.00198025084)
(0.000961210222 0.0439444546 -0.00254365159)
(0.000935945696 0.04130768 -0.00304080211)
(0.000899500038 0.0387418486 -0.00346646798)
(0.000853067911 0.0362259721 -0.00381764323)
(0.00079808294 0.033746924 -0.00409303748)
(0.000736153824 0.0312975489 -0.00429267009)
(0.00066898471 0.0288750368 -0.00441754482)
(0.000598295134 0.0264795861 -0.00446936908)
(0.000525825592 0.0241133419 -0.00445025552)
(0.000453247794 0.0217795764 -0.00436269879)
(0.000382151526 0.0194820706 -0.00420948121)
(0.000313973397 0.0172246615 -0.00399345139)
(0.000250016179 0.0150109206 -0.0037174761)
(0.000191442888 0.0128439379 -0.00338439599)
(0.000139268389 0.0107261843 -0.00299698646)
(9.43529308e-05 0.00865943369 -0.00255792799)
(5.7422396e-05 0.00664473145 -0.00206978543)
(2.91679451e-05 0.00468239493 -0.00153498892)
(1.03284009e-05 0.00277203685 -0.00095580507)
(7.77866552e-07 0.000912604116 -0.000334311403)
(0.000306929859 0.102625636 0.000787699959)
(9.15881705e-05 0.0955890615 0.00178742069)
(0.000349450725 0.0889751146 0.00228756555)
(0.000583305657 0.0828594956 0.00238693349)
(0.000783380704 0.0772735708 0.00218213636)
(0.000949791412 0.0722080188 0.00176499282)
(0.00108181051 0.0676229944 0.00121095911)
(0.00117969148 0.0634600281 0.000579615074)
(0.00124601707 0.0596527522 -8.35078282e-05)
(0.00128425619 0.0561350877 -0.000744554285)
(0.00129778451 0.0528464879 -0.0013789249)
(0.00128962311 0.0497349586 -0.00196913154)
(0.00126251443 0.0467581425 -0.00250307361)
(0.00121902239 0.0438831731 -0.00297271987)
(0.00116160647 0.0410857877 -0.00337310814)
(0.00109266029 0.0383490697 -0.00370158016)
(0.00101452055 0.0356620788 -0.00395719325)
(0.000929456708 0.0330185295 -0.0041402653)
(0.000839651233 0.0304156066 -0.00425202146)
(0.000747180008 0.0278529528 -0.00429431732)
(0.000654004234 0.0253318375 -0.00426942229)
(0.000561956117 0.0228544934 -0.00417988385)
(0.000472720612 0.0204236024 -0.00402841628)
(0.000387824543 0.0180419086 -0.00381779374)
(0.000308640977 0.0157119373 -0.00355078407)
(0.000236393975 0.0134357994 -0.00323010319)
(0.000172160587 0.0112150648 -0.00285838275)
(0.000116871066 0.00905068791 -0.00243814798)
(7.13395223e-05 0.00694297409 -0.0019718034)
(3.63929462e-05 0.00489157627 -0.00146162016)
(1.29771802e-05 0.00289551296 -0.000909714829)
(1.0040855e-06 0.000953201079 -0.000318032209)
(0.00030646853 0.102988742 0.000658320891)
(9.71361162e-05 0.0966374067 0.00150600254)
(0.000372890193 0.0906255171 0.00193630453)
(0.000636280976 0.0849999674 0.00202368954)
(0.000871317004 0.0797788069 0.00184491327)
(0.00107489778 0.0749539865 0.0014736719)
(0.00124166279 0.0704975282 0.000974196234)
(0.00136859792 0.066368772 0.000399453448)
(0.00145657748 0.062521181 -0.00020859724)
(0.00150861338 0.0589078399 -0.000817794801)
(0.00152849662 0.0554851499 -0.00140422038)
(0.00152020314 0.0522151651 -0.00195060222)
(0.00148765753 0.0490665665 -0.00244489911)
(0.00143462231 0.0460147442 -0.00287911213)
(0.00136465322 0.0430413083 -0.00324832062)
(0.0012810847 0.0401332865 -0.00354991614)
(0.00118702698 0.0372821939 -0.00378300091)
(0.00108536691 0.0344830954 -0.00394792024)
(0.000978770466 0.0317337379 -0.00404590162)
(0.000869687448 0.029033785 -0.00407877884)
(0.000760359062 0.0263841732 -0.00404878414)
(0.000652825075 0.0237865851 -0.00395839731)
(0.000548929718 0.021243034 -0.00381023267)
(0.000450330685 0.0187555448 -0.00360695308)
(0.000358512085 0.0163259186 -0.00335120938)
(0.000274797859 0.0139555677 -0.00304559891)
(0.000200361131 0.0116454064 -0.00269263773)
(0.000136229825 0.00939578663 -0.00229474325)
(8.33263699e-05 0.00720646976 -0.00185422449)
(4.2621623e-05 0.00507662364 -0.0013732749)
(1.52600849e-05 0.00300483955 -0.000853959187)
(1.19820716e-06 0.000989162371 -0.000298204371)
(0.000305586301 0.10325251 0.000528792183)
(9.52710066e-05 0.0974007263 0.00121469626)
(0.000376096579 0.0918328556 0.0015622955)
(0.000651355173 0.0865762688 0.0016254921)
(0.000904018195 0.0816386008 0.00146347734)
(0.00112892749 0.0770105718 0.00113447411)
(0.00131790789 0.072670236 0.000691250687)
(0.00146546915 0.0685875937 0.000178922665)
(0.00157077299 0.0647289133 -0.000365622227)
(0.00163590427 0.0610603099 -0.00091332098)
(0.00166437404 0.0575502138 -0.00144204499)
(0.00166035225 0.0541710262 -0.00193549728)
(0.00162823857 0.0508998575 -0.0023821297)
(0.00157240489 0.0477186466 -0.00277416007)
(0.00149704808 0.0446138662 -0.00310672749)
(0.00140611207 0.0415759843 -0.00337719324)
(0.0013032518 0.0385988115 -0.00358457602)
(0.00119182133 0.0356788231 -0.00372910523)
(0.0010748764 0.0328145145 -0.00381187277)
(0.000955185467 0.0300058222 -0.00383456619)
(0.000835245821 0.0272536255 -0.00379926727)
(0.000717301856 0.0245593334 -0.00370830289)
(0.000603364211 0.0219245538 -0.00356413538)
(0.000495229957 0.0193508369 -0.00336928295)
(0.00039450373 0.0168394839 -0.00312626377)
(0.000302618005 0.0143914125 -0.00283755802)
(0.000220847744 0.0120070683 -0.00250558331)
(0.000150319714 0.00968637299 -0.00213268013)
(9.20584625e-05 0.00742870339 -0.0017211048)
(4.71578418e-05 0.00523289209 -0.00127302584)
(1.69193622e-05 0.00309724522 -0.000790517914)
(1.33774036e-06 0.00101957184 -0.000275559451)
(0.000304319989 0.103442689 0.000403946313)
(8.7519664e-05 0.0979517038 0.000927374431)
(0.000363019706 0.09270657 0.00118595556)
(0.000636558659 0.0877215022 0.00121646809)
(0.000892531817 0.082996615 0.00106303679)
(0.00112506232 0.0785209443 0.00077054729)
(0.00132448004 0.0742757073 0.000381038735)
(0.00148365354 0.0702373986 -6.84179684e-05)
(0.00160034012 0.0663806156 -0.000546649973)
(0.0016755927 0.0626802195 -0.00102849331)
(0.00171230553 0.0591130466 -0.00149434949)
(0.00171437775 0.0556589503 -0.00192949164)
(0.00168619175 0.0523012868 -0.00232328725)
(0.00163226925 0.0490269857 -0.00266843475)
(0.00155705151 0.0458263339 -0.0029602717)
(0.00146476772 0.0426925834 -0.0031961783)
(0.00135936299 0.0396214716 -0.00337508132)
(0.0012444651 0.0366107161 -0.00349705257)
(0.00112337603 0.0336595272 -0.00356299111)
(0.000999078933 0.0307681651 -0.00357437663)
(0.000874254499 0.027937554 -0.00353308173)
(0.000751302392 0.0251689588 -0.00344123153)
(0.000632365286 0.022463724 -0.00330110049)
(0.000519354048 0.0198230704 -0.00311503811)
(0.000413973274 0.0172479426 -0.00288541683)
(0.000317745314 0.0147389028 -0.00261459681)
(0.000232027755 0.0122960609 -0.00230490331)
(0.000158024575 0.00991903601 -0.00195861347)
(9.68352418e-05 0.00760694259 -0.00157795016)
(4.9635303e-05 0.00535839574 -0.00116507995)
(1.78211159e-05 0.00317153036 -0.000722112396)
(1.41171406e-06 0.00104403046 -0.000251102274)
(0.000302801387 0.103577257 0.000287544218)
(7.56226514e-05 0.0983416126 0.000654667281)
(0.000338153559 0.0933253569 0.000823134618)
(0.000599658759 0.0885339059 0.000815786958)
(0.000847676676 0.0839622421 0.000664195373)
(0.00107660169 0.0795980298 0.000401832692)
(0.00127624771 0.0754243009 6.11010626e-05)
(0.00143858626 0.0714216694 -0.000328575229)
(0.00156036137 0.06757014 -0.000741815223)
(0.00164170481 0.0638504891 -0.00115765821)
(0.0016847876 0.0602453505 -0.00155943557)
(0.0016929943 0.0567398319 -0.00193437971)
(0.00167038143 0.0533217823 -0.00227310055)
(0.00162129649 0.0499817886 -0.00256902519)
(0.00155011696 0.0467129809 -0.00281786171)
(0.00146108229 0.0435107198 -0.00301711773)
(0.00135819309 0.0403722233 -0.00316568807)
(0.00124515674 0.0372961759 -0.00326351282)
(0.00112536462 0.0342823521 -0.00331130176)
(0.00100189006 0.0313312719 -0.00331031735)
(0.00087749943 0.0284438996 -0.00326220733)
(0.000754671188 0.02562139 -0.00316887827)
(0.000635619243 0.0228648833 -0.00303240189)
(0.000522318383 0.0201753448 -0.00285494719)
(0.000416530405 0.0175534451 -0.00263873246)
(0.00031982877 0.0149994775 -0.00238599259)
(0.000233616541 0.0125133051 -0.00209895777)
(0.00015913769 0.010094333 -0.00177984056)
(9.75262822e-05 0.00774150186 -0.00143082926)
(4.99876509e-05 0.00545329667 -0.00105408599)
(1.79429657e-05 0.00322776733 -0.000651749375)
(1.41895127e-06 0.0010625581 -0.000225939402)
(0.000301139961 0.103669426 0.000182078567)
(6.11400965e-05 0.0986084288 0.000403934396)
(0.000305504201 0.0937483407 0.000485317546)
(0.000547577013 0.0890887744 0.000437882741)
(0.000779293547 0.084621411 0.000282976734)
(0.000995968676 0.0803330728 4.44830903e-05)
(0.00118761254 0.076208032 -0.00025359291)
(0.00134589871 0.0722296357 -0.000588770069)
(0.00146695271 0.0683814752 -0.000941162512)
(0.00155018638 0.0646483392 -0.00129397734)
(0.0015970742 0.0610168245 -0.00163359886)
(0.00161039375 0.0574756695 -0.00194940964)
(0.00159370894 0.0540158583 -0.00223346521)
(0.00155098781 0.0506305486 -0.00248010676)
(0.00148632768 0.0473148782 -0.00268556668)
(0.00140376884 0.0440656955 -0.00284759953)
(0.00130717539 0.0408812541 -0.00296515598)
(0.00120016488 0.0377608998 -0.00303810583)
(0.00108607238 0.0347047712 -0.00306701053)
(0.000967938175 0.0317135271 -0.00305294093)
(0.000848511277 0.0287881084 -0.00299733487)
(0.000730262864 0.025929538 -0.00290188801)
(0.000615405588 0.0231387581 -0.00276847215)
(0.000505916042 0.0204165048 -0.00259907511)
(0.00040355858 0.0177632143 -0.00239575767)
(0.000309908154 0.0151789596 -0.00216062357)
(0.000226366824 0.0126634108 -0.00189579931)
(0.000154173943 0.0102158169 -0.00160342103)
(9.44528972e-05 0.00783500434 -0.00128562661)
(4.8385352e-05 0.00551938873 -0.000944552901)
(1.73499949e-05 0.00326699648 -0.000582340139)
(1.36582476e-06 0.00107549369 -0.000201137701)
(0.00029941586 0.103729288 8.89768274e-05)
(4.53632288e-05 0.0987813134 0.000179780363)
(0.000268430909 0.0940214121 0.000180130035)
(0.000486193524 0.0894454538 9.27976059e-05)
(0.000695916961 0.0850431656 -6.9013031e-05)
(0.000894191672 0.0808010692 -0.000289309351)
(0.00107169632 0.0767044283 -0.000551222114)
(0.00122026078 0.0727384946 -0.000838363466)
(0.00133575114 0.0688893655 -0.00113581898)
(0.00141707543 0.0651445602 -0.00143070812)
(0.00146510753 0.0614933622 -0.00171238742)
(0.00148202017 0.0579269653 -0.0019724159)
(0.0014708181 0.0544384661 -0.00220437868)
(0.00143497878 0.0510227435 -0.0024036388)
(0.00137818427 0.0476762609 -0.00256706354)
(0.00130413206 0.0443968252 -0.00269275633)
(0.0012164083 0.0411833271 -0.00277981154)
(0.00111840784 0.0380354825 -0.00282810125)
(0.00101328868 0.0349535887 -0.00283809618)
(0.000903950654 0.0319383044 -0.00281072004)
(0.00079303108 0.0289904591 -0.00274723369)
(0.000682911458 0.0261108931 -0.00264914523)
(0.000575731109 0.0233003284 -0.00251814144)
(0.000473404858 0.0205592698 -0.00235603665)
(0.000377642789 0.017887931 -0.00216473515)
(0.000289969656 0.0152861867 -0.00194620425)
(0.000211738784 0.0127535433 -0.00170245528)
(0.000144140338 0.0102891273 -0.00143553021)
(8.8243788e-05 0.00789168812 -0.00114749231)
(4.51592435e-05 0.00555961096 -0.000840422006)
(1.61659805e-05 0.00329093895 -0.000516421791)
(1.26360481e-06 0.0010834008 -0.000177621786)
(0.000297680676 0.103764749 8.82875268e-06)
(2.93247043e-05 0.0988832048 -1.54041044e-05)
(0.000229667851 0.0941809616 -8.80221752e-05)
(0.000420347331 0.089651571 -0.000213237741)
(0.000604689567 0.0852837615 -0.000384154181)
(0.000780660704 0.0810641465 -0.000591137856)
(0.0009398869 0.0769789068 -0.000823240446)
(0.00107468952 0.0730147763 -0.00106926001)
(0.00118095514 0.0691596422 -0.0013186322)
(0.00125728828 0.0654029069 -0.00156199693)
(0.0013040858 0.0617356637 -0.00179146387)
(0.00132297063 0.0581507272 -0.00200067189)
(0.00131638745 0.0546425579 -0.00218472041)
(0.00128728092 0.0512071134 -0.00234002802)
(0.00123884818 0.0478416519 -0.00246415699)
(0.00117435837 0.0445445134 -0.00255563041)
(0.0010970271 0.0413148944 -0.00261375836)
(0.00100993326 0.0381526295 -0.00263848235)
(0.000915967902 0.0350579898 -0.00263024184)
(0.000817806356 0.0320315021 -0.00258986356)
(0.000717897122 0.0290737941 -0.00251847192)
(0.00061846206 0.0261854651 -0.00241741835)
(0.000521504044 0.0233669827 -0.00228822633)
(0.000428819215 0.0206186035 -0.00213254956)
(0.000342011916 0.0179403157 -0.00195214021)
(0.000262509895 0.0153318014 -0.00174882545)
(0.000191575068 0.0127924158 -0.00152448984)
(0.00013030955 0.0103211801 -0.0012810619)
(7.96927211e-05 0.0079167865 -0.00102050362)
(4.07254499e-05 0.00557761191 -0.000744804868)
(1.45453756e-05 0.00330173913 -0.000455988056)
(1.1259655e-06 0.00108698287 -0.000156112796)
(0.000295972723 0.103782098 -5.84281742e-05)
(1.3840613e-05 0.0989323982 -0.000180995027)
(0.000191367196 0.0942561862 -0.000317372377)
(0.000353870565 0.08974565 -0.00047719331)
(0.000511357483 0.0853891574 -0.000658276555)
(0.000663053331 0.0811737333 -0.000855987709)
(0.000801654403 0.0770864706 -0.00106417595)
(0.000920190177 0.0731153103 -0.0012759412)
(0.00101477509 0.0692494713 -0.00148441157)
(0.00108387925 0.0654796788 -0.00168328569)
(0.00112754688 0.0617982396 -0.00186712428)
(0.0011469306 0.0581990076 -0.00203146687)
(0.00114395353 0.0546772736 -0.00217283775)
(0.0011210325 0.0512296052 -0.00228868358)
(0.00108085905 0.0478536598 -0.00237727436)
(0.00102623538 0.0445479863 -0.00243758944)
(0.000959956516 0.0413118293 -0.0024692034)
(0.000884729151 0.0381449423 -0.00247218012)
(0.000803118756 0.0350474192 -0.00244697955)
(0.000717517934 0.0320195443 -0.00239437849)
(0.000630130285 0.0290616648 -0.0023154053)
(0.000542965167 0.0261740854 -0.00221128721)
(0.000457839894 0.0233569847 -0.0020834085)
(0.000376386774 0.0206103512 -0.00193327761)
(0.000300063193 0.0179339372 -0.00176250151)
(0.00023016255 0.0153272301 -0.00157276571)
(0.000167821824 0.0127894367 -0.00136581845)
(0.00011402545 0.0103194789 -0.00114345759)
(6.96364683e-05 0.00791599986 -0.000907519451)
(3.55211859e-05 0.00557737765 -0.000659872096)
(1.26494881e-05 0.00330174453 -0.000402419341)
(9.66900234e-07 0.00108701079 -0.000137104266)
(0.000294310714 0.103786351 -0.000113366908)
(-4.86525691e-07 0.0989435137 -0.000317756524)
(0.000155157281 0.0942705029 -0.000508238188)
(0.000289698578 0.0897587901 -0.000698606967)
(0.000420380285 0.0853968047 -0.000890034312)
(0.000547401879 0.0811721823 -0.00108170345)
(0.000664532952 0.0770729203 -0.00127125292)
(0.000765634062 0.0730879868 -0.00145525849)
(0.000847188713 0.069207632 -0.00162989387)
(0.000907663204 0.0654235303 -0.00179143377)
(0.00094686023 0.0617288006 -0.00193654772)
(0.000965547935 0.0581179391 -0.00206244826)
(0.000965187226 0.0545866965 -0.00216694575)
(0.000947701699 0.051131922 -0.00224844235)
(0.000915290983 0.0477513908 -0.00230588987)
(0.000870287225 0.0444436279 -0.00233872913)
(0.000815049066 0.0412077383 -0.00234682373)
(0.000751886268 0.0380432481 -0.00233039506)
(0.000683008377 0.0349499622 -0.0022899628)
(0.000610491804 0.0319278394 -0.00222629279)
(0.000536260636 0.0289768871 -0.00214035284)
(0.000462077396 0.0260970742 -0.00203327608)
(0.000389540795 0.0232882628 -0.00190633099)
(0.00032008828 0.0205501559 -0.00176089696)
(0.000255001767 0.0178822603 -0.00159844439)
(0.000195414673 0.0152838635 -0.00142051837)
(0.000142316616 0.012754022 -0.00122872482)
(9.65554217e-05 0.0102915583 -0.00102471826)
(5.88623596e-05 0.00789506769 -0.000810190566)
(2.99563316e-05 0.00556292989 -0.000586863544)
(1.06286246e-05 0.00329332693 -0.000356492271)
(7.99187035e-07 0.00108426396 -0.000120867452)
(0.00029271588 0.103781502 -0.000156913264)
(-1.31931264e-05 0.0989282012 -0.000427458151)
(0.000122236709 0.0942426299 -0.000662474178)
(0.000229961399 0.0897159703 -0.000878962237)
(0.000335034169 0.0853369629 -0.00108028279)
(0.000438199119 0.0810939602 -0.00126841902)
(0.000534206122 0.076975838 -0.00144391733)
(0.000617797468 0.0729724595 -0.00160608441)
(0.000685911411 0.0690748988 -0.00175353479)
(0.00073710402 0.065275529 -0.00188464851)
(0.000771028275 0.0615680122 -0.00199785283)
(0.000788149887 0.0579472209 -0.00209178388)
(0.000789534759 0.0544091185 -0.00216537143)
(0.000776664549 0.0509506155 -0.0022178716)
(0.000751283124 0.0475694161 -0.00224886406)
(0.000715274647 0.0442638656 -0.00225823077)
(0.000670571245 0.0410328044 -0.00224612704)
(0.000619085988 0.0378754338 -0.00221294918)
(0.000562665609 0.0347911965 -0.00215930213)
(0.000503058491 0.0317796726 -0.00208596954)
(0.000441894222 0.0288404919 -0.00199388705)
(0.000380671823 0.0259732623 -0.00188411927)
(0.000320754251 0.0231775126 -0.00175784003)
(0.000263367414 0.0204526502 -0.0016163155)
(0.000209602329 0.0177979302 -0.00146088952)
(0.000160418882 0.0152124368 -0.00129297084)
(0.000116648156 0.0126950732 -0.00111402156)
(7.89929983e-05 0.0102445603 -0.00092554606)
(4.80476821e-05 0.00785944174 -0.00072908029)
(2.4381969e-05 0.00553809488 -0.000526184305)
(8.61066353e-06 0.00327874532 -0.000318444871)
(6.33456624e-07 0.00107948509 -0.000107476962)
(0.000291186759 0.103770701 -0.000190222518)
(-2.39728508e-05 0.0988956506 -0.000512546277)
(9.34102278e-05 0.0941873578 -0.000783029454)
(0.000176071209 0.0896369857 -0.00102115852)
(0.0002575416 0.0852337135 -0.00123150738)
(0.00033855425 0.0809666418 -0.00141799994)
(0.000414670662 0.0768254762 -0.00158333705)
(0.000481513402 0.0728008654 -0.00172890348)
(0.000536518584 0.0688845572 -0.0018552096)
(0.000578393596 0.0650694507 -0.00196230312)
(0.000606713683 0.0613495722 -0.00205003043)
(0.000621715162 0.0577199978 -0.00211819915)
(0.000624135683 0.0541767449 -0.00216668041)
(0.000615073642 0.0507166466 -0.00219546888)
(0.000595866846 0.04733722 -0.00220470142)
(0.000567990292 0.0440365363 -0.00219466123)
(0.000532977149 0.0408130982 -0.00216577995)
(0.000492362135 0.0376657278 -0.00211863075)
(0.00044764037 0.0345934667 -0.00205391679)
(0.000400237869 0.0315954904 -0.00197245821)
(0.000351491306 0.028671035 -0.00187517938)
(0.000302634956 0.0258193378 -0.00176309684)
(0.000254793112 0.0230395904 -0.00163730799)
(0.000208976543 0.0203309033 -0.00149898066)
(0.000166081962 0.0176922795 -0.00134934317)
(0.000126893217 0.0151225996 -0.00118967497)
(9.20818437e-05 0.0126206129 -0.00102129735)
(6.22066147e-05 0.0101849356 -0.000845564006)
(3.7728202e-05 0.00781405542 -0.000663851321)
(1.90743878e-05 0.00550633992 -0.000477551383)
(6.69546131e-06 0.0032600487 -0.00028807406)
(4.77805045e-07 0.0010733482 -9.68478737e-05)
(0.000289716357 0.103756389 -0.000214573315)
(-3.26711757e-05 0.09885299 -0.000575772784)
(6.91084488e-05 0.0941161665 -0.000873588343)
(0.000128811809 0.0895372294 -0.00112907126)
(0.000189213338 0.0851058341 -0.00134732114)
(0.000250375831 0.0808118066 -0.00153353192)
(0.000308447953 0.076645614 -0.00169192463)
(0.000359897036 0.0725985913 -0.00182539867)
(0.000402669254 0.0686630438 -0.0019358832)
(0.000435659501 0.0648322747 -0.00202470216)
(0.000458420324 0.0611005559 -0.00209280885)
(0.000471022215 0.057463058 -0.00214093878)
(0.000473934759 0.0539157573 -0.00216972255)
(0.000467935006 0.0504553304 -0.00217978231)
(0.000454010137 0.0470790449 -0.00217173791)
(0.000433275196 0.0437846515 -0.0021462155)
(0.000406901427 0.0405702829 -0.00210389259)
(0.000376074989 0.0374343618 -0.00204550966)
(0.000341963617 0.034375519 -0.00197187121)
(0.000305690147 0.0313925224 -0.00188384438)
(0.000268313124 0.0284842172 -0.00178235651)
(0.000230813416 0.0256494765 -0.0016683916)
(0.000194085516 0.022887162 -0.00154298586)
(0.000158932386 0.0201960943 -0.0014072226)
(0.000126063066 0.0175750312 -0.00126222645)
(9.60920321e-05 0.0150226541 -0.00110915703)
(6.95385331e-05 0.0125375598 -0.000949202102)
(4.68255237e-05 0.0101182592 -0.000783569893)
(2.82900121e-05 0.00776317944 -0.000613480829)
(1.42312964e-05 0.00547067053 -0.000440161389)
(4.9537231e-06 0.00323901476 -0.0002648459)
(3.37764141e-07 0.00106643831 -8.87770243e-05)
(0.000288335578 0.103740424 -0.000231196455)
(-3.94447709e-05 0.0988056292 -0.000619668959)
(4.91912422e-05 0.094037766 -0.000938468769)
(8.84580617e-05 0.0894283856 -0.00120731808)
(0.00013064996 0.0849675919 -0.00143209525)
(0.000174593154 0.0806458803 -0.00161890234)
(0.000216831955 0.0764543996 -0.00177292334)
(0.000254619608 0.072385078 -0.00189807385)
(0.000286394714 0.0684306824 -0.00199728953)
(0.000311254159 0.0645848304 -0.00207283116)
(0.000328770751 0.0608419605 -0.00212648321)
(0.000338907067 0.0571972723 -0.00215968354)
(0.000341901655 0.05364665 -0.00217362965)
(0.000338320922 0.0501865766 -0.00216948328)
(0.000328809911 0.0468140464 -0.00214828322)
(0.000314189867 0.0435264776 -0.00211091238)
(0.000295307577 0.0403216312 -0.00205825671)
(0.000273036193 0.0371975367 -0.00199120965)
(0.000248250326 0.0341524265 -0.00191067442)
(0.000221799578 0.0311846774 -0.00181756948)
(0.000194489396 0.0282927619 -0.00171283383)
(0.00016706818 0.0254752072 -0.00159743013)
(0.000140218449 0.0227305626 -0.00147234578)
(0.000114550981 0.0200573747 -0.00133859211)
(9.06013497e-05 0.0174541682 -0.00119720218)
(6.8828156e-05 0.0149194343 -0.00104922731)
(4.9611658e-05 0.0124516232 -0.000895732395)
(3.32524252e-05 0.0100491409 -0.000737790245)
(1.99780712e-05 0.00771035119 -0.00057647491)
(9.97674088e-06 0.00543357943 -0.000412856707)
(3.42904967e-06 0.00321711927 -0.000248003901)
(2.16538968e-07 0.00105924127 -8.29830637e-05)
(0.000287329211 0.103724191 -0.000241387693)
(-4.53229594e-05 0.0987576263 -0.000647242744)
(3.2294124e-05 0.0939586482 -0.000981879339)
(5.51294168e-05 0.0893190778 -0.00126052217)
(8.21221973e-05 0.0848294716 -0.00149041623)
(0.000111459904 0.0804809231 -0.00167834684)
(0.000140182428 0.0762651687 -0.0018299994)
(0.000166221209 0.0721746369 -0.00194988703)
(0.000188436826 0.0682024727 -0.00204160301)
(0.000206114493 0.0643425381 -0.00210805485)
(0.000218870321 0.0605893834 -0.00215162894)
(0.000226599014 0.0569382002 -0.00217430021)
(0.00022914638 0.0533847598 -0.00217775604)
(0.000227703227 0.0499253427 -0.00216352864)
(0.000221821945 0.0465566727 -0.00213282628)
(0.000212314309 0.0432758463 -0.00208680669)
(0.000199748502 0.0400802726 -0.00202656989)
(0.00018473207 0.0369676144 -0.00195315172)
(0.00016789076 0.0339357344 -0.00186754441)
(0.000149838325 0.0309826487 -0.00177071422)
(0.000131158374 0.0281064865 -0.00166361386)
(0.000112393588 0.0253054573 -0.00154719087)
(9.40378902e-05 0.0225778233 -0.00142239273)
(7.65307321e-05 0.0199218787 -0.00129016965)
(6.02532587e-05 0.0173359328 -0.00115147506)
(4.55260284e-05 0.0148182999 -0.00100726462)
(3.26073498e-05 0.0123672914 -0.000858493545)
(2.16918907e-05 0.00998121292 -0.000706112744)
(1.29144561e-05 0.00765836333 -0.000551063931)
(6.37103199e-06 0.00539703753 -0.000394275896)
(2.14175536e-06 0.00319553024 -0.00023666625)
(1.15325251e-07 0.00105214186 -7.91420317e-05)
(0.000286786672 0.103708655 -0.000246591209)
(-5.07632717e-05 0.0987117965 -0.000662413887)
(1.77369837e-05 0.093883317 -0.00100730048)
(2.85429348e-05 0.0892153026 -0.00129279584)
(4.32940042e-05 0.0846987697 -0.00152669925)
(6.05688392e-05 0.0803253285 -0.00171612759)
(7.80972096e-05 0.0760872054 -0.00186697427)
(9.43781517e-05 0.0719772403 -0.00198405482)
(0.000108616278 0.0679888831 -0.00207134316)
(0.000120262276 0.0641161844 -0.00213214948)
(0.000128975648 0.0603537692 -0.00216929714)
(0.000134540389 0.0566967986 -0.00218516215)
(0.000137075427 0.0531409223 -0.00218182318)
(0.000136843512 0.0496822274 -0.00216088734)
(0.000133698625 0.0463171875 -0.00212373486)
(0.000128223341 0.0430426103 -0.00207180845)
(0.000120728728 0.03985559 -0.00200638209)
(0.000111614791 0.0367534606 -0.00192860229)
(0.000101295071 0.0337337545 -0.0018395317)
(9.01764519e-05 0.0307941651 -0.00174017609)
(7.86481668e-05 0.0279325157 -0.00163150082)
(6.70732565e-05 0.0251467317 -0.00151444229)
(5.57813636e-05 0.0224348189 -0.00138991581)
(4.50631252e-05 0.0197948449 -0.00125882062)
(3.51661729e-05 0.0172249254 -0.00112204261)
(2.62927025e-05 0.0147232137 -0.000980455796)
(1.85977882e-05 0.012287894 -0.000834920746)
(1.21878978e-05 0.00991717695 -0.000686282287)
(7.1222702e-06 0.00760929776 -0.000535366761)
(3.4237306e-06 0.00536251677 -0.000382979481)
(1.0939106e-06 0.00317512113 -0.000229906514)
(3.38067646e-08 0.00104542798 -7.69161649e-05)
(0.000286451454 0.103694427 -0.000248024997)
(-5.50999143e-05 0.0986698871 -0.000668304114)
(6.12732214e-06 0.0938146005 -0.0010184497)
(7.87447551e-06 0.0891208937 -0.00130818949)
(1.32028847e-05 0.0845801723 -0.00154521324)
(2.09146247e-05 0.0801844853 -0.0017364135)
(2.94848883e-05 0.07592646 -0.00188765461)
(3.792557e-05 0.0717992665 -0.00200386621)
(4.57403662e-05 0.0677965964 -0.00208920091)
(5.24747024e-05 0.0639126443 -0.00214713695)
(5.78483786e-05 0.0601420832 -0.00218085451)
(6.16255205e-05 0.0564800352 -0.00219290188)
(6.41066509e-05 0.0529220339 -0.00218548395)
(6.43698496e-05 0.0494639948 -0.0021603816)
(6.33525497e-05 0.0461021723 -0.00211931978)
(6.09909902e-05 0.0428331243 -0.00206383954)
(5.74783004e-05 0.0396536717 -0.00199528841)
(5.30476695e-05 0.0365608634 -0.00191488233)
(4.79343574e-05 0.0335519456 -0.00182373783)
(4.23721348e-05 0.0306243332 -0.00172289399)
(3.65881684e-05 0.0277755841 -0.00161332895)
(3.07956901e-05 0.0250033781 -0.00149597263)
(2.51876002e-05 0.0223054976 -0.00137171606)
(1.99310835e-05 0.0196798132 -0.00124141748)
(1.51620562e-05 0.0171242702 -0.0011059062)
(1.09847035e-05 0.0146368799 -0.000965991726)
(7.47155022e-06 0.0122157125 -0.000822457024)
(4.65924518e-06 0.00985889151 -0.000676056541)
(2.54807253e-06 0.00756459135 -0.000527519408)
(1.10599307e-06 0.00533103572 -0.000377547305)
(2.76003653e-07 0.00315649746 -0.000226815692)
(-2.76653612e-08 0.00103929943 -7.59761657e-05)
(0.000286223826 0.103681871 -0.000246609744)
(-5.83482194e-05 0.0986329493 -0.000666964503)
(-2.37687712e-06 0.0937541586 -0.00101892147)
(-7.32714485e-06 0.0890380501 -0.00131072556)
(-9.28469307e-06 0.0844763461 -0.00154997418)
(-8.85270696e-06 0.0800614346 -0.00174302761)
(-7.16601427e-06 0.0757862599 -0.00189548742)
(-4.83412106e-06 0.0716442505 -0.00201223001)
(-2.01048036e-06 0.0676292845 -0.00209746033)
(7.33987627e-07 0.0637356694 -0.00215479796)
(3.18788985e-06 0.0599581102 -0.00218735767)
(5.3998062e-06 0.0562916868 -0.00219784383)
(7.22937371e-06 0.0527318373 -0.00218852712)
(8.31353293e-06 0.0492743302 -0.00216145905)
(8.92014355e-06 0.045915235 -0.00211856553)
(8.98313986e-06 0.0426508958 -0.00206140253)
(8.57679571e-06 0.0394779026 -0.001991361)
(7.79264053e-06 0.0363930659 -0.00190970563)
(6.72820272e-06 0.0333933924 -0.00181759263)
(5.48530808e-06 0.0304760632 -0.00171608637)
(4.16553355e-06 0.0276384143 -0.00160617522)
(2.86474789e-06 0.0248779184 -0.00148878463)
(1.66944392e-06 0.0221921701 -0.00136478725)
(6.53274573e-07 0.0195788727 -0.0012350106)
(-1.44642742e-07 0.0170358265 -0.00110024241)
(-7.03968209e-07 0.0145609206 -0.000961234302)
(-1.00492817e-06 0.0121521253 -0.000818703935)
(-1.0594897e-06 0.00980748663 -0.000673335844)
(-9.14296173e-07 0.00752512252 -0.000525781335)
(-6.40092063e-07 0.00530321975 -0.000376658335)
(-3.32647983e-07 0.00314003212 -0.000226553185)
(-6.9818068e-08 0.0010338794 -7.60224499e-05)
(0.000286084046 0.103671162 -0.000243176647)
(-6.05845344e-05 0.0986014841 -0.000660339093)
(-8.14491414e-06 0.09370277 -0.0010115704)
(-1.77826161e-05 0.0889677698 -0.00130402668)
(-2.51360934e-05 0.0843884545 -0.00154469173)
(-3.0029491e-05 0.0799574639 -0.00173946615)
(-3.33596604e-05 0.0756679785 -0.00189361661)
(-3.55630727e-05 0.0715136222 -0.00201183328)
(-3.67162983e-05 0.0674884125 -0.00209824966)
(-3.70193525e-05 0.0635867322 -0.00215652387)
(-3.66856977e-05 0.0598033088 -0.00218963166)
(-3.55741301e-05 0.0561331946 -0.00220034825)
(-3.44231523e-05 0.0525717493 -0.00219098026)
(-3.28072963e-05 0.0491146199 -0.00216373924)
(-3.10978681e-05 0.0457577264 -0.00212060833)
(-2.92895405e-05 0.0424972392 -0.0020631811)
(-2.74192475e-05 0.0393295612 -0.00199288801)
(-2.55127194e-05 0.0362513087 -0.00191102888)
(-2.35799561e-05 0.0332592941 -0.00181878699)
(-2.16202857e-05 0.0303505093 -0.00171724405)
(-1.96282514e-05 0.0275221092 -0.00160739533)
(-1.75981986e-05 0.0247713981 -0.00149016246)
(-1.55280545e-05 0.0220958166 -0.00136640391)
(-1.34229867e-05 0.0194929301 -0.00123692363)
(-1.12999387e-05 0.0169604187 -0.00110247757)
(-9.18759265e-06 0.014496069 -0.000963771538)
(-7.12588093e-06 0.0120977668 -0.000821471914)
(-5.16969042e-06 0.00976349066 -0.000676209049)
(-3.3911131e-06 0.00749130756 -0.000528573579)
(-1.88446797e-06 0.00527936844 -0.000379118166)
(-7.67899169e-07 0.00312590513 -0.000228360143)
(-1.02301894e-07 0.00102922765 -7.67828986e-05)
(0.000286015544 0.10366233 -0.000238463226)
(-6.19269198e-05 0.0985755622 -0.00065022758)
(-1.17530833e-05 0.0936605167 -0.000998977017)
(-2.44437119e-05 0.0889101027 -0.00129101822)
(-3.53587646e-05 0.0843164772 -0.00153246633)
(-4.38626421e-05 0.0798724665 -0.001728764)
(-5.06576582e-05 0.0755714199 -0.00188484003)
(-5.60375372e-05 0.0714070992 -0.00200513149)
(-5.99629454e-05 0.0673736195 -0.002093594)
(-6.2488811e-05 0.0634654186 -0.00215373316)
(-6.37304205e-05 0.0596772365 -0.00218860261)
(-6.36443709e-05 0.0560040986 -0.00220086408)
(-6.30718182e-05 0.0524413038 -0.00219279108)
(-6.107858e-05 0.0489844059 -0.0021666898)
(-5.86569071e-05 0.0456292086 -0.00212452165)
(-5.56649198e-05 0.0423717474 -0.00206789982)
(-5.22270432e-05 0.0392082793 -0.00199828376)
(-4.8456616e-05 0.0361352699 -0.00191699931)
(-4.44409345e-05 0.0331493804 -0.0018252497)
(-4.02517427e-05 0.0302474542 -0.00172412954)
(-3.59529202e-05 0.0274265047 -0.00161463935)
(-3.16040674e-05 0.0246837034 -0.00149769821)
(-2.72632915e-05 0.0220163687 -0.00137415406)
(-2.29898796e-05 0.0194219565 -0.00124479218)
(-1.88466294e-05 0.0168980499 -0.0011103417)
(-1.49014207e-05 0.0144423523 -0.000971480192)
(-1.12281283e-05 0.0120526793 -0.000828838311)
(-7.90725625e-06 0.00972695253 -0.000683002863)
(-5.02843985e-06 0.00746319391 -0.000534518371)
(-2.69930516e-06 0.00525952095 -0.000383888879)
(-1.0488051e-06 0.0031141421 -0.000231580384)
(-1.22183142e-07 0.001025353 -7.80226717e-05)
(0.000286000063 0.103655294 -0.00023306999)
(-6.25550815e-05 0.0985549412 -0.00063812201)
(-1.35998765e-05 0.0936269729 -0.000983280728)
(-2.80081104e-05 0.0888644252 -0.00127404615)
(-4.09872168e-05 0.0842595874 -0.0015157689)
(-5.16661102e-05 0.0798054129 -0.00171339459)
(-6.06103234e-05 0.0754953638 -0.00187147283)
(-6.80033883e-05 0.0713232925 -0.00199414597)
(-7.37158998e-05 0.0672833772 -0.00208515056)
(-7.77286543e-05 0.0633700895 -0.00214783741)
(-8.00575624e-05 0.0595781737 -0.0021851955)
(-8.0815389e-05 0.0559026343 -0.00219985231)
(-8.06618958e-05 0.052338724 -0.00219407472)
(-7.8472352e-05 0.0488819277 -0.00217003676)
(-7.56612754e-05 0.0455279637 -0.00212964263)
(-7.19672987e-05 0.0422727678 -0.00207454376)
(-6.75743441e-05 0.0391124901 -0.00200623033)
(-6.26518158e-05 0.0360434846 -0.00192604753)
(-5.73367708e-05 0.0330623 -0.00183521126)
(-5.17488137e-05 0.0301656694 -0.0017348238)
(-4.59985657e-05 0.0273504994 -0.00162588844)
(-4.01899892e-05 0.0246138611 -0.00150932177)
(-3.44219648e-05 0.02195298 -0.00138596402)
(-2.87900918e-05 0.0193652273 -0.00125658753)
(-2.338839e-05 0.0168481112 -0.00112190355)
(-1.83106429e-05 0.0143992691 -0.000982567823)
(-1.36511138e-05 0.0120164604 -0.00083918505)
(-9.50480496e-06 0.00969755957 -0.000692312431)
(-5.97015037e-06 0.00744055019 -0.00054246243)
(-3.15936515e-06 0.00524351918 -0.000390105145)
(-1.20290031e-06 0.0031046516 -0.000235670755)
(-1.31801856e-07 0.00102222575 -7.95515831e-05)
(0.000286023421 0.103649905 -0.000227462286)
(-6.26384177e-05 0.0985391707 -0.000625194639)
(-1.40680786e-05 0.0936013805 -0.000966147396)
(-2.91372931e-05 0.088829668 -0.00125508894)
(-4.30057188e-05 0.084216409 -0.00149670756)
(-5.4703647e-05 0.0797546349 -0.00169545908)
(-6.47146069e-05 0.0754378749 -0.00185550261)
(-7.31463275e-05 0.0712600338 -0.0019806687)
(-7.98052421e-05 0.0672153254 -0.00207445249)
(-8.46275293e-05 0.0632982383 -0.00214002566)
(-8.75922834e-05 0.0595035147 -0.00218026581)
(-8.87433111e-05 0.0558261392 -0.00219778457)
(-8.89907359e-05 0.0522613307 -0.00219486755)
(-8.68626742e-05 0.0488045273 -0.00217345656)
(-8.39510071e-05 0.0454513896 -0.00213532476)
(-7.99874071e-05 0.0421977867 -0.00208218754)
(-7.51744962e-05 0.0390397954 -0.00201556719)
(-6.97058179e-05 0.035973693 -0.00193681987)
(-6.37474209e-05 0.0329959497 -0.00184716549)
(-5.74493999e-05 0.0301032204 -0.00174770817)
(-5.09523769e-05 0.0272923358 -0.00163945099)
(-4.43886425e-05 0.0245602947 -0.00152330784)
(-3.78828655e-05 0.0219042549 -0.00140011339)
(-3.15532069e-05 0.0193215257 -0.00127063149)
(-2.55125245e-05 0.0168095587 -0.00113556194)
(-1.98693995e-05 0.0143659417 -0.000995546293)
(-1.47286343e-05 0.0119883902 -0.000851172545)
(-1.0191356e-05 0.00967474105 -0.000702979095)
(-6.35777219e-06 0.00742294559 -0.000551458058)
(-3.3380361e-06 0.0052310638 -0.000397058074)
(-1.25716952e-06 0.00309725822 -0.000240186814)
(-1.33704606e-07 0.00101978846 -8.1213175e-05)
(0.000286073408 0.103645969 -0.000221986501)
(-6.23278042e-05 0.0985276742 -0.000612333368)
(-1.35210574e-05 0.0935827808 -0.000948849157)
(-2.84592885e-05 0.0888044932 -0.00123567657)
(-4.23352303e-05 0.0841852366 -0.00147693127)
(-5.41748559e-05 0.0797180811 -0.00167661833)
(-6.44249859e-05 0.0753965865 -0.0018385249)
(-7.31470089e-05 0.0712146806 -0.0019661762)
(-8.01005943e-05 0.0671665921 -0.00206282129)
(-8.51866386e-05 0.0632468143 -0.00213143255)
(-8.8367384e-05 0.0594500839 -0.00217472142)
(-8.96590873e-05 0.0557713682 -0.00219517402)
(-8.98794346e-05 0.0522058601 -0.00219515688)
(-8.82747306e-05 0.0487489694 -0.00217653641)
(-8.54854467e-05 0.045396321 -0.00214090911)
(-8.15912433e-05 0.0421437454 -0.00208998913)
(-7.67782572e-05 0.0389872749 -0.00202529877)
(-7.1235474e-05 0.0359231386 -0.00194819064)
(-6.51427893e-05 0.0329477564 -0.00185988114)
(-5.86689337e-05 0.030057732 -0.00176147237)
(-5.19721432e-05 0.0272498464 -0.00165396589)
(-4.52005492e-05 0.0245210495 -0.00153827372)
(-3.84926996e-05 0.0218684533 -0.00141522767)
(-3.1978297e-05 0.0192893239 -0.00128558728)
(-2.57790646e-05 0.0167810733 -0.00115004656)
(-2.00095236e-05 0.0143412531 -0.00100923969)
(-1.47773518e-05 0.0119675462 -0.000863745935)
(-1.01834165e-05 0.00965776027 -0.00071409382)
(-6.3244757e-06 0.00740982062 -0.000560764821)
(-3.30387325e-06 0.00522176401 -0.000404196501)
(-1.23641311e-06 0.00309173216 -0.000244785041)
(-1.29916015e-07 0.00101796574 -8.28875498e-05)
(0.000286139325 0.103643272 -0.000216882399)
(-6.17538269e-05 0.0985198157 -0.000600167885)
(-1.22821049e-05 0.0935701218 -0.000932300558)
(-2.65362753e-05 0.0887874413 -0.00121691155)
(-3.9801339e-05 0.0841642198 -0.0014576299)
(-5.11716405e-05 0.0796935349 -0.00165806417)
(-6.10976035e-05 0.0753689491 -0.00182166462)
(-6.96269731e-05 0.0711843906 -0.00195167291)
(-7.64956425e-05 0.067134087 -0.00205110274)
(-8.15684323e-05 0.0632125289 -0.00212272555)
(-8.47809807e-05 0.0594144477 -0.00216905965)
(-8.64563369e-05 0.0557348024 -0.00219240213)
(-8.6209667e-05 0.0521687694 -0.00219513662)
(-8.50975252e-05 0.048711744 -0.00217917626)
(-8.24726784e-05 0.0453593288 -0.00214607616)
(-7.87768012e-05 0.042107334 -0.00209745178)
(-7.41769716e-05 0.0389517688 -0.00203477767)
(-6.88411044e-05 0.0358888365 -0.0019593854)
(-6.29447532e-05 0.0329149294 -0.00187248139)
(-5.66593458e-05 0.0300266228 -0.00177516277)
(-5.01466837e-05 0.0272206687 -0.00166842876)
(-4.35581773e-05 0.0244939884 -0.00155319034)
(-3.70350388e-05 0.0218436656 -0.00143027864)
(-3.07086221e-05 0.0192669395 -0.00130045238)
(-2.47008966e-05 0.0167611963 -0.00116440425)
(-1.91249498e-05 0.0143239632 -0.00102276658)
(-1.40851798e-05 0.0119529003 -0.000876116201)
(-9.67726229e-06 0.00964579338 -0.000724978859)
(-5.9906748e-06 0.00740054757 -0.000569833073)
(-3.11870923e-06 0.0052151802 -0.000411113507)
(-1.16293017e-06 0.00308781435 -0.000249213536)
(-1.22267453e-07 0.00101667252 -8.44876374e-05)
(0.000286213285 0.103641594 -0.000212300825)
(-6.10192222e-05 0.0985149508 -0.00058910982)
(-1.0610381e-05 0.0935623422 -0.000917111608)
(-2.38186719e-05 0.0887770479 -0.0011995354)
(-3.60584098e-05 0.0841515108 -0.0014396039)
(-4.65472513e-05 0.0796787943 -0.00164058773)
(-5.57673284e-05 0.0753524429 -0.00180564138)
(-6.37767311e-05 0.0711663689 -0.00193775066)
(-7.03075863e-05 0.0671147875 -0.00203971378)
(-7.51962536e-05 0.0631921816 -0.00211412488)
(-7.83767986e-05 0.0593932782 -0.0021633607)
(-8.03686543e-05 0.0557130344 -0.00218961397)
(-7.98715199e-05 0.0521466213 -0.00219508187)
(-7.89330233e-05 0.0486894295 -0.00218162314)
(-7.6491401e-05 0.0453370525 -0.00215089865)
(-7.30541843e-05 0.0420852922 -0.00210445594)
(-6.87794491e-05 0.0389301498 -0.00204371464)
(-6.38157592e-05 0.0358678196 -0.00196997522)
(-5.832372e-05 0.032894684 -0.00188442731)
(-5.24644814e-05 0.030007307 -0.0017881586)
(-4.63918618e-05 0.0272024281 -0.0016821634)
(-4.02504671e-05 0.0244769555 -0.00156735067)
(-3.41752846e-05 0.0218279592 -0.00144455136)
(-2.82915459e-05 0.019252664 -0.00131452507)
(-2.27147945e-05 0.0167484418 -0.00117796598)
(-1.75510868e-05 0.014312805 -0.00103550822)
(-1.28970019e-05 0.0119433987 -0.000887730721)
(-8.8395278e-06 0.00963799379 -0.000735161513)
(-5.45831499e-06 0.00739447988 -0.000578281771)
(-2.83467453e-06 0.00521085867 -0.000417529243)
(-1.05537949e-06 0.00308523707 -0.00025330084)
(-1.1223717e-07 0.00101582082 -8.59550865e-05)
(0.000286289926 0.103640727 -0.000208325948)
(-6.0200771e-05 0.0985124621 -0.000579404206)
(-8.7037693e-06 0.0935584284 -0.000903660426)
(-2.06499936e-05 0.0887719188 -0.00118402393)
(-3.15990556e-05 0.0841453584 -0.00142338481)
(-4.09314692e-05 0.0796717808 -0.00162473674)
(-4.91721676e-05 0.0753446993 -0.00179098411)
(-5.63973356e-05 0.0711579998 -0.0019248908)
(-6.23458494e-05 0.0671058781 -0.00202906674)
(-6.68462596e-05 0.0631828048 -0.00210595824)
(-6.98390633e-05 0.0593835016 -0.00215784716)
(-7.17363575e-05 0.0557029241 -0.00218687195)
(-7.13970929e-05 0.0521362464 -0.00219496407)
(-7.06085336e-05 0.0486788627 -0.00218385371)
(-6.84472438e-05 0.045326371 -0.00215529378)
(-6.53864685e-05 0.042074577 -0.00211084259)
(-6.1557856e-05 0.0389194857 -0.00205187248)
(-5.70995943e-05 0.0358572946 -0.00197965088)
(-5.21605366e-05 0.0328843883 -0.0018953482)
(-4.68886842e-05 0.0299973318 -0.00180004096)
(-4.14250997e-05 0.0271928644 -0.00169471733)
(-3.5902514e-05 0.0244678925 -0.00158028373)
(-3.04447488e-05 0.0218194831 -0.00145757116)
(-2.51663174e-05 0.0192448565 -0.00132734113)
(-2.01722631e-05 0.0167413787 -0.00119029109)
(-1.55581683e-05 0.0143065549 -0.00104705945)
(-1.14100475e-05 0.0119380217 -0.000898230185)
(-7.80418659e-06 0.00963354026 -0.000744337138)
(-4.80909957e-06 0.00739098918 -0.000585867957)
(-2.49333265e-06 0.00520835781 -0.000423267575)
(-9.28498194e-07 0.00308373944 -0.00025694076)
(-1.00943404e-07 0.00101532485 -8.72545907e-05)
(0.000286364988 0.103640477 -0.000204991833)
(-5.93587884e-05 0.0985117797 -0.000571167989)
(-6.72083344e-06 0.0935574469 -0.000892144841)
(-1.73082615e-05 0.0887707734 -0.0011706456)
(-2.68264351e-05 0.0841441561 -0.00140929402)
(-3.48518784e-05 0.07967059 -0.00161086813)
(-4.19543883e-05 0.0753435496 -0.00177807037)
(-4.82313939e-05 0.0711568878 -0.0019134798)
(-5.3438998e-05 0.0671047765 -0.00201954676)
(-5.74197369e-05 0.0631816712 -0.00209858837)
(-6.01313351e-05 0.0593822866 -0.0021527918)
(-6.17626155e-05 0.0557015783 -0.00218421755)
(-6.17150143e-05 0.0521347282 -0.00219463797)
(-6.12036896e-05 0.0486771412 -0.00218567348)
(-5.92806875e-05 0.0453244285 -0.00215908738)
(-5.66643185e-05 0.0420724092 -0.00211643552)
(-5.33520442e-05 0.0389171001 -0.00205905546)
(-4.94749143e-05 0.0358547106 -0.00198819107)
(-4.51733197e-05 0.0328816363 -0.0019049978)
(-4.05803538e-05 0.0299944519 -0.0018105429)
(-3.58210651e-05 0.0271899049 -0.0017058094)
(-3.10131467e-05 0.0244649083 -0.00159170184)
(-2.62663591e-05 0.0218165334 -0.00146905202)
(-2.16818828e-05 0.0192420032 -0.00133862429)
(-1.73520065e-05 0.016738684 -0.00120112065)
(-1.33600096e-05 0.0143040795 -0.0010571854)
(-9.77999078e-06 0.0119358228 -0.000907409589)
(-6.67668769e-06 0.00963166942 -0.000752335081)
(-4.10712729e-06 0.00738949049 -0.000592458474)
(-2.12717087e-06 0.00520726601 -0.000428234482)
(-7.93745448e-07 0.00308307808 -0.000260078446)
(-8.92483286e-08 0.00101510454 -8.83688095e-05)
(0.000286435089 0.103640672 -0.000202292324)
(-5.8540758e-05 0.0985123952 -0.000564414346)
(-4.78909996e-06 0.0935585656 -0.000882613361)
(-1.40186483e-05 0.0887724711 -0.00115949086)
(-2.20694271e-05 0.0841464745 -0.00139746015)
(-2.87466238e-05 0.0796735284 -0.00159914219)
(-3.4659675e-05 0.0753470649 -0.00176708364)
(-3.99263638e-05 0.0711609013 -0.00190371399)
(-4.43258753e-05 0.0671091835 -0.00201135007)
(-4.7721794e-05 0.0631863514 -0.00209219283)
(-5.00814105e-05 0.0593871127 -0.00214832542)
(-5.14153917e-05 0.055706424 -0.00218170654)
(-5.15751489e-05 0.0521394773 -0.00219407081)
(-5.13810949e-05 0.0486816917 -0.00218702385)
(-4.9701035e-05 0.045328696 -0.00216222746)
(-4.75575308e-05 0.0420763282 -0.00212116613)
(-4.47950295e-05 0.0389206232 -0.00206517375)
(-4.15370374e-05 0.0358578079 -0.00199548736)
(-3.79127189e-05 0.0328842947 -0.00191325339)
(-3.40388091e-05 0.0299966742 -0.00181953191)
(-3.00232667e-05 0.0271917077 -0.00171530187)
(-2.5967714e-05 0.0244663198 -0.00160146663)
(-2.19668493e-05 0.0218175915 -0.00147885933)
(-1.81076366e-05 0.0192427528 -0.00134824785)
(-1.44688959e-05 0.0167391751 -0.0012103395)
(-1.11211237e-05 0.0143043643 -0.00106578548)
(-8.12629128e-06 0.0119359535 -0.000915185046)
(-5.53767234e-06 0.0096316959 -0.000759089426)
(-3.40119925e-06 0.00738945799 -0.000598005577)
(-1.76076193e-06 0.00520721293 -0.000432399466)
(-6.59682657e-07 0.00308303389 -0.000262698521)
(-7.77522228e-08 0.00101508779 -8.92940889e-05)
(0.000286497652 0.103641161 -0.000200189434)
(-5.7782379e-05 0.0985138687 -0.00055907412)
(-3.00760154e-06 0.0935610658 -0.000874994384)
(-1.09565472e-05 0.088776028 -0.00115050419)
(-1.7584114e-05 0.0841510821 -0.0013878493)
(-2.29614643e-05 0.0796791379 -0.00158954824)
(-2.7725175e-05 0.0753535853 -0.00175803397)
(-3.20089089e-05 0.071168206 -0.00189561853)
(-3.56174815e-05 0.0671171206 -0.00200451001)
(-3.84319432e-05 0.0631947537 -0.00208681006)
(-4.04210856e-05 0.0593958078 -0.00214450586)
(-4.15611632e-05 0.0557152427 -0.00217946256)
(-4.17281344e-05 0.0521482606 -0.0021934081)
(-4.1656702e-05 0.0486902947 -0.00218797532)
(-4.03234952e-05 0.0453369922 -0.00216470172)
(-3.86303044e-05 0.0420842119 -0.00212499403)
(-3.64118217e-05 0.0389280106 -0.00207018187)
(-3.37727572e-05 0.0358646366 -0.00200149599)
(-3.08234145e-05 0.0328905227 -0.00192007487)
(-2.76629827e-05 0.0300022782 -0.00182697241)
(-2.43828736e-05 0.0271966813 -0.00172316429)
(-2.10690341e-05 0.0244706716 -0.00160955339)
(-1.7801335e-05 0.0218213427 -0.00148697476)
(-1.46527585e-05 0.0192459345 -0.00135620033)
(-1.16889633e-05 0.016741826 -0.00121794331)
(-8.96807504e-06 0.014306528 -0.00107286237)
(-6.54048449e-06 0.011937676 -0.000921565625)
(-4.44870116e-06 0.00963302318 -0.00076461435)
(-2.72843268e-06 0.0073904336 -0.000602526554)
(-1.41271656e-06 0.00520787568 -0.000435780141)
(-5.3274394e-07 0.00308341569 -0.000264815305)
(-6.688891e-08 0.00101521166 -9.0036972e-05)
(0.000286551129 0.10364182 -0.00019862249)
(-5.71070403e-05 0.0985158331 -0.000555018317)
(-1.44619624e-06 0.0935643484 -0.000869127926)
(-8.24485233e-06 0.0887806253 -0.00114352176)
(-1.3546504e-05 0.0841569556 -0.00138030627)
(-1.77340709e-05 0.0796862091 -0.00158194893)
(-2.1448168e-05 0.0753617359 -0.00175080553)
(-2.48279237e-05 0.071177285 -0.00188909904)
(-2.77032659e-05 0.0671269534 -0.00199895267)
(-2.99705151e-05 0.0632051522 -0.00208238986)
(-3.15976129e-05 0.0594065798 -0.00214132591)
(-3.25482676e-05 0.0557261997 -0.00217756349)
(-3.27142897e-05 0.052159224 -0.00219279484)
(-3.27148607e-05 0.0487011002 -0.00218863695)
(-3.16938209e-05 0.0453474942 -0.00216657286)
(-3.03942352e-05 0.0420942853 -0.00212796773)
(-2.86680263e-05 0.0389375522 -0.00207412816)
(-2.65982503e-05 0.0358735655 -0.00200626979)
(-2.4273846e-05 0.0328987793 -0.00192552096)
(-2.17757871e-05 0.0300098227 -0.00183292926)
(-1.91791336e-05 0.0272034923 -0.00172946738)
(-1.65545592e-05 0.0244767436 -0.00161603803)
(-1.39676268e-05 0.021826684 -0.00149347846)
(-1.14779685e-05 0.0192505649 -0.00136256494)
(-9.13881979e-06 0.0167457741 -0.0012240168)
(-6.99677243e-06 0.0143098288 -0.00107850043)
(-5.09156819e-06 0.0119403686 -0.000926632995)
(-3.45596823e-06 0.00963514814 -0.000768985988)
(-2.116571e-06 0.00739203064 -0.000606088628)
(-1.09688613e-06 0.00520898151 -0.000438430864)
(-4.17674761e-07 0.00308406195 -0.000266465721)
(-5.6957863e-08 0.00101542296 -9.06117554e-05)
(0.000286594816 0.103642548 -0.000197517147)
(-5.65274528e-05 0.0985179932 -0.000552079824)
(-1.49858687e-07 0.0935679325 -0.000864796818)
(-5.96116755e-06 0.0887856075 -0.0011383089)
(-1.00648394e-05 0.0841632772 -0.00137459675)
(-1.32144434e-05 0.0796937769 -0.00157612779)
(-1.60181793e-05 0.0753704218 -0.00174520939)
(-1.86068952e-05 0.0711869315 -0.00188400001)
(-2.08348346e-05 0.0671373828 -0.0019945597)
(-2.26139426e-05 0.0632161752 -0.002078853)
(-2.39126049e-05 0.0594180035 -0.00213874121)
(-2.46892781e-05 0.0557378354 -0.00217597988)
(-2.48609126e-05 0.0521708925 -0.0021922242)
(-2.4905951e-05 0.048712636 -0.00218906218)
(-2.41490283e-05 0.045358749 -0.00216794261)
(-2.31800135e-05 0.04210513 -0.00213020772)
(-2.18755947e-05 0.0389478785 -0.00207714201)
(-2.02993983e-05 0.0358832857 -0.00200994486)
(-1.85209626e-05 0.0329078261 -0.00192973392)
(-1.66042994e-05 0.030018148 -0.00183755028)
(-1.46091956e-05 0.0272110657 -0.0017343635)
(-1.25921247e-05 0.0244835505 -0.00162107599)
(-1.0605444e-05 0.0218327234 -0.00149852713)
(-8.69656621e-06 0.0192558475 -0.00136749738)
(-6.90746752e-06 0.0167503198 -0.00122871208)
(-5.27439798e-06 0.0143136646 -0.00108284516)
(-3.82767145e-06 0.0119435261 -0.000930522663)
(-2.59153754e-06 0.00963766138 -0.000772326073)
(-1.58475142e-06 0.00739393414 -0.000608795532)
(-8.22733515e-07 0.00521030809 -0.000440432702)
(-3.17634713e-07 0.0030848409 -0.000267703045)
(-4.81153591e-08 0.00101567828 -9.10383209e-05)
(0.000286628769 0.103643267 -0.00019679235)
(-5.6047811e-05 0.0985201225 -0.0005500706)
(8.56647267e-07 0.09357145 -0.000861752475)
(-4.14507473e-06 0.088790473 -0.00113458626)
(-7.19286884e-06 0.0841694227 -0.00137043567)
(-9.48480421e-06 0.0797011065 -0.00157181778)
(-1.15415981e-05 0.0753788102 -0.00174100862)
(-1.34730392e-05 0.0711962294 -0.00188012228)
(-1.51573649e-05 0.0671474235 -0.00199117472)
(-1.65224385e-05 0.0632267826 -0.0020760876)
(-1.75386439e-05 0.0594289993 -0.00213668172)
(-1.81630297e-05 0.0557490447 -0.00217467657)
(-1.83320782e-05 0.0521821492 -0.00219169661)
(-1.84108662e-05 0.048723786 -0.00218929824)
(-1.78711437e-05 0.0453696538 -0.00216890326)
(-1.71709106e-05 0.0421156679 -0.00213183921)
(-1.62131703e-05 0.0389579458 -0.0020793728)
(-1.50450175e-05 0.0358927973 -0.00201268925)
(-1.372002e-05 0.0329167149 -0.00193289634)
(-1.22878793e-05 0.030026364 -0.00184102902)
(-1.07952645e-05 0.0272185747 -0.00173805377)
(-9.28636982e-06 0.0244903328 -0.00162487262)
(-7.80211684e-06 0.021838772 -0.00150232688)
(-6.37936337e-06 0.0192611662 -0.00137120095)
(-5.05040318e-06 0.016754921 -0.00123222585)
(-3.84266184e-06 0.0143175677 -0.00108608268)
(-2.77848561e-06 0.0119467553 -0.000933405908)
(-1.87501451e-06 0.00964024398 -0.000774786516)
(-1.14452606e-06 0.00739589844 -0.000610775011)
(-5.95843503e-07 0.00521168184 -0.000441884133)
(-2.34374916e-07 0.00308564958 -0.000268591092)
(-4.03869192e-08 0.00101594371 -9.13400963e-05)
(0.000286653963 0.103643922 -0.000196366121)
(-5.5667622e-05 0.0985220572 -0.000548796735)
(1.5676377e-06 0.0935746353 -0.00085974163)
(-2.80148991e-06 0.0887948615 -0.00113203997)
(-4.94550059e-06 0.0841749447 -0.00136750649)
(-6.58039535e-06 0.0797076725 -0.00156872303)
(-8.06467237e-06 0.0753863078 -0.00173793845)
(-9.48328647e-06 0.0712045265 -0.00187724076)
(-1.07385932e-05 0.0671563747 -0.00198861812)
(-1.17736469e-05 0.0632362355 -0.00207396216)
(-1.25618213e-05 0.0594387997 -0.00213506378)
(-1.30611654e-05 0.0557590419 -0.00217361453)
(-1.32224406e-05 0.0521921994 -0.00219121332)
(-1.33231921e-05 0.0487337558 -0.00218938794)
(-1.29518215e-05 0.0453794226 -0.00216954032)
(-1.24583344e-05 0.0421251291 -0.00213298589)
(-1.17697106e-05 0.0389670078 -0.00208097626)
(-1.09196471e-05 0.0359013837 -0.00201468466)
(-9.94933125e-06 0.0329247641 -0.00193521033)
(-8.89722308e-06 0.030033829 -0.00184358282)
(-7.79952722e-06 0.0272254217 -0.00174076589)
(-6.69055024e-06 0.0244965404 -0.00162766126)
(-5.60196296e-06 0.0218443294 -0.00150511207)
(-4.5620751e-06 0.019266072 -0.00137390643)
(-3.5953554e-06 0.0167591816 -0.00123478066)
(-2.7221328e-06 0.0143211958 -0.00108842257)
(-1.958397e-06 0.011949768 -0.000935474517)
(-1.31567286e-06 0.00964266156 -0.000776536346)
(-8.01171064e-07 0.00739774274 -0.000612168213)
(-4.18628738e-07 0.00521297481 -0.000442893142)
(-1.68565236e-07 0.00308641207 -0.000269199263)
(-3.37289829e-08 0.00101619422 -9.15423835e-05)
(0.000286671807 0.103644476 -0.000196159636)
(-5.53938711e-05 0.098523689 -0.000548070914)
(2.01457589e-06 0.0935773137 -0.000858528431)
(-1.88940287e-06 0.0887985375 -0.00113031858)
(-3.32585187e-06 0.0841795531 -0.00136547789)
(-4.50971066e-06 0.0797131368 -0.00156653534)
(-5.59154316e-06 0.0753925338 -0.00173572156)
(-6.6428122e-06 0.0712114058 -0.00187511767)
(-7.58726753e-06 0.0671637894 -0.00198669743)
(-8.38061597e-06 0.0632440625 -0.00207233258)
(-8.99947246e-06 0.0594469153 -0.00213379236)
(-9.40417084e-06 0.055767325 -0.00217274679)
(-9.55548179e-06 0.0522005349 -0.00219077365)
(-9.66692967e-06 0.0487420363 -0.00218937575)
(-9.41399727e-06 0.0453875507 -0.00216994092)
(-9.06582722e-06 0.0421330182 -0.00213377361)
(-8.5682843e-06 0.0389745825 -0.00208211188)
(-7.94538975e-06 0.0359085803 -0.00201611871)
(-7.22949913e-06 0.0329315306 -0.00193688608)
(-6.45092377e-06 0.0300401244 -0.0018454389)
(-5.63818468e-06 0.0272312153 -0.00174273873)
(-4.81825803e-06 0.0245018111 -0.00162968716)
(-4.01591917e-06 0.0218490649 -0.00150712914)
(-3.25309062e-06 0.0192702672 -0.0013758563)
(-2.54840092e-06 0.0167628382 -0.00123660992)
(-1.91690577e-06 0.0143243202 -0.0010900841)
(-1.36990577e-06 0.011952371 -0.000936928492)
(-9.14814298e-07 0.00964475667 -0.00077775116)
(-5.55172615e-07 0.00739934523 -0.000613121137)
(-2.91198986e-07 0.00521410068 -0.000443570871)
(-1.20574613e-07 0.00308707704 -0.000269598574)
(-2.84672251e-08 0.00101641286 -9.16712739e-05)
(0.000286678276 0.103644908 -0.000196087376)
(-5.52594915e-05 0.0985249578 -0.000547686602)
(2.29903048e-06 0.0935793864 -0.00085780595)
(-1.31128356e-06 0.0888013718 -0.00112914583)
(-2.3653874e-06 0.0841830967 -0.00136405799)
(-3.26928429e-06 0.0797173264 -0.00156496355)
(-4.09914742e-06 0.0753972954 -0.0017340885)
(-4.92031205e-06 0.071216657 -0.00187351789)
(-5.66820362e-06 0.0671694421 -0.00198521933)
(-6.30672294e-06 0.0632500261 -0.00207105152)
(-6.81521412e-06 0.059453099 -0.00213276795)
(-7.15652994e-06 0.0557736404 -0.002172022)
(-7.29845077e-06 0.0522068978 -0.00219037386)
(-7.41079724e-06 0.0487483679 -0.00218930449)
(-7.22734756e-06 0.0453937793 -0.00217019093)
(-6.96507151e-06 0.0421390792 -0.00213432679)
(-6.58238504e-06 0.0389804192 -0.00208293771)
(-6.09780302e-06 0.035914144 -0.00201717777)
(-5.5382758e-06 0.0329367804 -0.00193813282)
(-4.9289352e-06 0.0300450271 -0.00184682395)
(-4.29333552e-06 0.0272357452 -0.00174421093)
(-3.65366391e-06 0.024505949 -0.0016311955)
(-3.03016366e-06 0.0218527979 -0.00150862448)
(-2.44054805e-06 0.0192735881 -0.00137729284)
(-1.89960624e-06 0.0167657444 -0.00123794661)
(-1.41894956e-06 0.0143268133 -0.00109128573)
(-1.00684517e-06 0.0119544557 -0.000937966679)
(-6.68050111e-07 0.00964644022 -0.000778605113)
(-4.03751097e-07 0.0074006367 -0.000613778261)
(-2.12379034e-07 0.00521501019 -0.000444027239)
(-9.23791477e-08 0.00308761514 -0.000269859403)
(-2.66290938e-08 0.00101658994 -9.17515425e-05)
(0.000286679117 0.103645213 -0.000196070302)
(-5.52221495e-05 0.0985258532 -0.000547451056)
(2.3937265e-06 0.0935808409 -0.000857282388)
(-1.10422587e-06 0.0888033482 -0.00112828157)
(-2.01648435e-06 0.0841855525 -0.00136297113)
(-2.80616499e-06 0.0797202138 -0.00156372727)
(-3.52937114e-06 0.075400562 -0.00173277711)
(-4.25045036e-06 0.0712202471 -0.00187221057)
(-4.90995037e-06 0.067173298 -0.00198399229)
(-5.47618287e-06 0.0632540895 -0.00206997132)
(-5.93075026e-06 0.0594573123 -0.00213188868)
(-6.23902358e-06 0.0557779475 -0.00217138434)
(-6.37461718e-06 0.0522112452 -0.00219000458)
(-6.48036075e-06 0.0487527056 -0.002189212)
(-6.32027357e-06 0.045398061 -0.00217037175)
(-6.08779633e-06 0.0421432628 -0.00213476451)
(-5.74792351e-06 0.0389844668 -0.00208360516)
(-5.31777755e-06 0.0359180221 -0.00201804055)
(-4.82198084e-06 0.0329404599 -0.00193915145)
(-4.28320623e-06 0.0300484833 -0.00184795582)
(-3.72259091e-06 0.0272389577 -0.0017454121)
(-3.15996529e-06 0.0245089015 -0.00163242238)
(-2.61332541e-06 0.0218554781 -0.00150983539)
(-2.09830038e-06 0.019275987 -0.00137844941)
(-1.62779213e-06 0.0167678562 -0.00123901496)
(-1.21175084e-06 0.0143286352 -0.0010922375)
(-8.57025107e-07 0.0119559872 -0.000938779946)
(-5.6718825e-07 0.00964768297 -0.00077926503)
(-3.42447761e-07 0.00740159396 -0.000614277621)
(-1.80632975e-07 0.00521568657 -0.000444366902)
(-8.12789019e-08 0.00308801625 -0.000270048478)
(-2.60764902e-08 0.0010167221 -9.18065816e-05)
(0.000286674926 0.103645401 -0.000196048611)
(-5.52640292e-05 0.0985263992 -0.000547217826)
(2.30807498e-06 0.0935817173 -0.000856773294)
(-1.25594709e-06 0.0888045237 -0.00112745346)
(-2.23612116e-06 0.0841869936 -0.00136193381)
(-3.06325588e-06 0.0797218871 -0.00156255035)
(-3.81314882e-06 0.0754024354 -0.00173153141)
(-4.55270293e-06 0.0712222896 -0.00187097085)
(-5.22213948e-06 0.0671754803 -0.0019828301)
(-5.79024815e-06 0.0632563834 -0.00206894856)
(-6.24028566e-06 0.0594596907 -0.00213105495)
(-6.54120624e-06 0.0557803845 -0.0021707766)
(-6.67194322e-06 0.0522137156 -0.00218964986)
(-6.76421842e-06 0.0487551856 -0.00218912833)
(-6.5883433e-06 0.0454005279 -0.00217055762)
(-6.33460992e-06 0.0421456948 -0.00213519643)
(-5.97273502e-06 0.0389868434 -0.00208425379)
(-5.52146416e-06 0.035920324 -0.00201887206)
(-5.00530707e-06 0.032942669 -0.00194012802)
(-4.44690727e-06 0.0300505831 -0.00184903693)
(-3.86743714e-06 0.0272409332 -0.00174655614)
(-3.28672595e-06 0.0245107394 -0.0016335882)
(-2.72273838e-06 0.0218571665 -0.00151098376)
(-2.19107505e-06 0.019277516 -0.00137954431)
(-1.70463764e-06 0.0167692174 -0.00124002475)
(-1.27342788e-06 0.0143298218 -0.00109313584)
(-9.0442025e-07 0.0119569944 -0.000939546597)
(-6.01420867e-07 0.00964850728 -0.000779886464)
(-3.65016629e-07 0.00740223356 -0.000614747493)
(-1.93511909e-07 0.00521614114 -0.000444686403)
(-8.6383601e-08 0.00308828693 -0.000270226442)
(-2.64923484e-08 0.00101681148 -9.185843e-05)
(0.000286666304 0.103645489 -0.000195968444)
(-5.53835044e-05 0.0985266477 -0.000546853897)
(2.06623137e-06 0.0935821021 -0.00085611)
(-1.71885688e-06 0.0888050178 -0.00112641616)
(-2.9689727e-06 0.0841875719 -0.00136068889)
(-3.97314662e-06 0.0797225288 -0.00156118112)
(-4.87184371e-06 0.0754031255 -0.00173011769)
(-5.73851808e-06 0.0712230186 -0.00186959427)
(-6.50715502e-06 0.067176243 -0.00198156581)
(-7.1426094e-06 0.0632571774 -0.00206785913)
(-7.62809059e-06 0.0594605152 -0.00213018755)
(-7.93819402e-06 0.0557812391 -0.00217016178)
(-8.05875216e-06 0.0522145993 -0.0021893048)
(-8.10180971e-06 0.0487560962 -0.00218907621)
(-7.9043656e-06 0.0454014622 -0.00217080316)
(-7.58696582e-06 0.0421466482 -0.00213570941)
(-7.1487249e-06 0.0389878099 -0.00208500031)
(-6.61180026e-06 0.0359212961 -0.00201981512)
(-6.0017193e-06 0.0329436381 -0.00194122704)
(-5.34349013e-06 0.0300515394 -0.00185024869)
(-4.66094131e-06 0.0272418662 -0.00174783639)
(-3.97630792e-06 0.024511638 -0.00163489325)
(-3.30970073e-06 0.0218580196 -0.00151227189)
(-2.67866697e-06 0.0192783125 -0.00138077703)
(-2.09789406e-06 0.0167699467 -0.0012411679)
(-1.57903766e-06 0.0143304741 -0.0010941605)
(-1.1306276e-06 0.0119575606 -0.000940429766)
(-7.57990803e-07 0.00964897983 -0.00078061163)
(-4.63293223e-07 0.00740260621 -0.000615305009)
(-2.46273203e-07 0.00521640935 -0.000445073754)
(-1.05936227e-07 0.00308844805 -0.000270448383)
(-2.787065e-08 0.00101686492 -9.19268665e-05)
(0.000286650589 0.103645502 -0.000195772866)
(-5.5597785e-05 0.0985266764 -0.000546218924)
(1.71886573e-06 0.0935821205 -0.00085508349)
(-2.40993607e-06 0.0888050042 -0.00112497832)
(-4.16544059e-06 0.0841875098 -0.00135901986)
(-5.4687942e-06 0.0797224058 -0.00155940082)
(-6.62513557e-06 0.0754029388 -0.00172833109)
(-7.71946249e-06 0.0712227746 -0.0018679006)
(-8.6722697e-06 0.0671759544 -0.00198005182)
(-9.44018741e-06 0.0632568612 -0.00206659413)
(-1.0003357e-05 0.0594601904 -0.00212922056)
(-1.03413266e-05 0.0557809247 -0.00216951842)
(-1.04755888e-05 0.0522143129 -0.00218898535)
(-1.03934251e-05 0.0487558522 -0.00218908757)
(-1.01757629e-05 0.0454012721 -0.00217115313)
(-9.75284944e-06 0.0421465198 -0.00213637478)
(-9.18485204e-06 0.0389877477 -0.0020859447)
(-8.50109379e-06 0.0359213012 -0.00202099521)
(-7.72892467e-06 0.0329437083 -0.00194259486)
(-6.89750113e-06 0.0300516696 -0.00185175353)
(-6.03545663e-06 0.0272420486 -0.00174942657)
(-5.16944852e-06 0.024511863 -0.00163651778)
(-4.32356287e-06 0.0218582758 -0.00151388196)
(-3.51896076e-06 0.0192785876 -0.00138232726)
(-2.77363545e-06 0.016770228 -0.00124261731)
(-2.10227027e-06 0.0143307488 -0.00109547341)
(-1.5161782e-06 0.0119578165 -0.000941576422)
(-1.02328174e-06 0.00964920568 -0.000781568687)
(-6.28273797e-07 0.00740279222 -0.000616055838)
(-3.3334698e-07 0.00521654761 -0.000445608624)
(-1.38778856e-07 0.00308853291 -0.000270764698)
(-3.10686692e-08 0.00101689338 -9.20297925e-05)
(0.000286630483 0.103645477 -0.000195407719)
(-5.58796419e-05 0.0985265908 -0.000545179869)
(1.23853652e-06 0.0935819471 -0.000853487577)
(-3.32786898e-06 0.088804721 -0.00112296968)
(-5.73222821e-06 0.0841871027 -0.00135673923)
(-7.45915463e-06 0.0797218674 -0.00155701729)
(-8.97645971e-06 0.0754022739 -0.00172598914)
(-1.03915275e-05 0.0712219984 -0.00186572514)
(-1.16088741e-05 0.0671750902 -0.00197814609)
(-1.25748134e-05 0.0632559374 -0.00206503731)
(-1.32644166e-05 0.0594592375 -0.0021280666)
(-1.3659947e-05 0.0557799733 -0.00216879521)
(-1.38556743e-05 0.0522133916 -0.00218869357)
(-1.36121548e-05 0.0487549857 -0.00218921218)
(-1.33246136e-05 0.0454004811 -0.00217168254)
(-1.27498742e-05 0.0421458194 -0.00213728757)
(-1.19947035e-05 0.0389871479 -0.00208720003)
(-1.11016662e-05 0.0359208071 -0.00202254121)
(-1.0101836e-05 0.0329433206 -0.00194437358)
(-9.02942664e-06 0.0300513848 -0.00185370375)
(-7.91893803e-06 0.0272418597 -0.00175148601)
(-6.80267368e-06 0.0245117599 -0.00163862488)
(-5.70994028e-06 0.0218582462 -0.00151597742)
(-4.66672802e-06 0.0192786175 -0.00138435528)
(-3.69549306e-06 0.0167703024 -0.00124452667)
(-2.81503232e-06 0.0143308523 -0.00109721823)
(-2.04043295e-06 0.0119579343 -0.000943116828)
(-1.38307844e-06 0.00964932362 -0.000782871229)
(-8.50959491e-07 0.00740289791 -0.000617093765)
(-4.4975449e-07 0.00521663071 -0.000446362024)
(-1.83117183e-07 0.00308858573 -0.000271220679)
(-3.60161824e-08 0.00101691138 -9.21828934e-05)
(0.000286607201 0.103645457 -0.000194832683)
(-5.62042188e-05 0.0985265186 -0.000543638685)
(6.14840576e-07 0.0935817915 -0.000851194524)
(-4.46784129e-06 0.0888044548 -0.00112020033)
(-7.5869419e-06 0.0841867084 -0.00135366769)
(-9.84393437e-06 0.0797213369 -0.00155385948)
(-1.18124191e-05 0.0754016124 -0.00172293324)
(-1.36243696e-05 0.0712212227 -0.00186292613)
(-1.5168779e-05 0.0671742257 -0.00197572639)
(-1.63806403e-05 0.0632550147 -0.00206308717)
(-1.72299659e-05 0.0594582895 -0.00212664573)
(-1.77026716e-05 0.0557790326 -0.00216793676)
(-1.795336e-05 0.0522124885 -0.00218840965)
(-1.75769857e-05 0.0487541464 -0.00218948098)
(-1.71757869e-05 0.045399727 -0.00217246418)
(-1.6418377e-05 0.0421451662 -0.00213854175)
(-1.54347744e-05 0.0389866055 -0.00208887367)
(-1.4284423e-05 0.0359203799 -0.00202457107)
(-1.30049421e-05 0.0329430081 -0.0019466898)
(-1.16370579e-05 0.0300511819 -0.00185623275)
(-1.0222252e-05 0.0272417575 -0.00175415275)
(-8.79959197e-06 0.0245117464 -0.00164135485)
(-7.404706e-06 0.0218583069 -0.00151869824)
(-6.0694626e-06 0.0192787361 -0.0013869981)
(-4.82176901e-06 0.0167704617 -0.0012470272)
(-3.68545691e-06 0.0143310348 -0.00109951763)
(-2.68023403e-06 0.0119581228 -0.000945162289)
(-1.8217046e-06 0.00964950225 -0.000784616424)
(-1.12184696e-06 0.00740305252 -0.000618499098)
(-5.90568865e-07 0.00521674961 -0.000447394758)
(-2.35857341e-07 0.0030886603 -0.000271854995)
(-4.14174035e-08 0.00101693665 -9.23999565e-05)
(0.00028658079 0.103645492 -0.000194015982)
(-5.6560627e-05 0.0985266053 -0.000541518034)
(-1.28375088e-07 0.0935818917 -0.000848107459)
(-5.79163157e-06 0.0888045321 -0.00111652218)
(-9.66182353e-06 0.0841867362 -0.00134966014)
(-1.25247689e-05 0.0797212996 -0.00154979299)
(-1.50129407e-05 0.0754015073 -0.00171904264)
(-1.72768519e-05 0.071221059 -0.00185940061)
(-1.91903751e-05 0.0671740209 -0.00197271111)
(-2.0676821e-05 0.0632547913 -0.00206068599)
(-2.1702234e-05 0.0594580722 -0.00212492483)
(-2.22588695e-05 0.0557788454 -0.00216693031)
(-2.25361323e-05 0.0522123531 -0.00218812629)
(-2.20443471e-05 0.0487540802 -0.00218989507)
(-2.152099e-05 0.0453997432 -0.0021735219)
(-2.05657799e-05 0.0421452727 -0.00214018285)
(-1.93319615e-05 0.0389868051 -0.00209102905)
(-1.78955749e-05 0.0359206708 -0.00202716267)
(-1.63025122e-05 0.0329433839 -0.00194963294)
(-1.46016495e-05 0.0300516324 -0.0018594387)
(-1.28427881e-05 0.0272422693 -0.00175753112)
(-1.10729236e-05 0.0245123035 -0.00164481561)
(-9.33505463e-06 0.0218588913 -0.00152215349)
(-7.66787691e-06 0.0192793286 -0.00139036342)
(-6.10561173e-06 0.0167710427 -0.00125022286)
(-4.67791365e-06 0.0143315848 -0.00110246937)
(-3.40983146e-06 0.0119586233 -0.00094780198)
(-2.32184231e-06 0.00964993632 -0.000786882479)
(-1.43050619e-06 0.0074034054 -0.000620336719)
(-7.50564513e-07 0.00521700949 -0.000448756038)
(-2.95095077e-07 0.00308881885 -0.000272698932)
(-4.70751141e-08 0.00101698965 -9.26924597e-05)
(0.000286551804 0.103645636 -0.000192932493)
(-5.69395937e-05 0.0985270123 -0.000538757679)
(-9.5825332e-07 0.0935825119 -0.000844146726)
(-7.24747452e-06 0.0888053154 -0.00111183907)
(-1.18859826e-05 0.084187641 -0.00134461651)
(-1.54011298e-05 0.0797222942 -0.0015447246)
(-1.84537531e-05 0.0754025722 -0.00171423495)
(-2.12049431e-05 0.0712221851 -0.00185508016)
(-2.35140143e-05 0.0671752066 -0.00196904837)
(-2.52932557e-05 0.0632560393 -0.00205780001)
(-2.65057142e-05 0.0594593869 -0.0021228883)
(-2.71513452e-05 0.0557802308 -0.00216577535)
(-2.74505751e-05 0.052213811 -0.00218784982)
(-2.68376378e-05 0.0487556092 -0.00219046056)
(-2.61832193e-05 0.0454013386 -0.00217486589)
(-2.50187395e-05 0.0421469262 -0.00214223255)
(-2.35214074e-05 0.0389885049 -0.00209370074)
(-2.1782047e-05 0.035922402 -0.00203036242)
(-1.98551732e-05 0.032945129 -0.00195325936)
(-1.77985898e-05 0.0300533718 -0.00186338591)
(-1.56711918e-05 0.0272439817 -0.00176169129)
(-1.35286241e-05 0.0245139664 -0.00164908122)
(-1.14219293e-05 0.0218604819 -0.00152641911)
(-9.39725308e-06 0.0192808241 -0.00139452723)
(-7.49570853e-06 0.0167724207 -0.00125418774)
(-5.75331323e-06 0.0143328243 -0.00110614382)
(-4.20096771e-06 0.011959705 -0.000951100687)
(-2.8645034e-06 0.00965084316 -0.000789726726)
(-1.7655176e-06 0.0074041233 -0.000622654618)
(-9.24065389e-07 0.00521752777 -0.000450482606)
(-3.58942547e-07 0.00308913086 -0.000273776082)
(-5.29201117e-08 0.00101709324 -9.30689768e-05)
(0.000286521089 0.103645949 -0.000191565387)
(-5.73300341e-05 0.098527915 -0.000535319325)
(-1.83814619e-06 0.0935839391 -0.000839262171)
(-8.77502201e-06 0.0888071985 -0.00110609717)
(-1.41778348e-05 0.0841899162 -0.00133848126)
(-1.83618672e-05 0.0797249057 -0.00153860303)
(-2.19974493e-05 0.0754054732 -0.00170846548)
(-2.52494844e-05 0.071225337 -0.00184992783)
(-2.7963548e-05 0.0671785761 -0.00196470955)
(-3.00419179e-05 0.0632595965 -0.00205440904)
(-3.14450388e-05 0.0594631031 -0.00212052415)
(-3.21803003e-05 0.0557840772 -0.00216446824)
(-3.24958286e-05 0.0522177579 -0.00218758711)
(-3.17607629e-05 0.0487596251 -0.0021911903)
(-3.09697324e-05 0.0454053907 -0.00217650864)
(-2.9591421e-05 0.0421509805 -0.00214470544)
(-2.78270553e-05 0.0389925269 -0.00209690791)
(-2.57794659e-05 0.035926357 -0.00203419475)
(-2.35119794e-05 0.0329489826 -0.00195759854)
(-2.10917539e-05 0.0300570902 -0.0018681082)
(-1.85870781e-05 0.027247532 -0.00176667059)
(-1.60624794e-05 0.0245173174 -0.00165419156)
(-1.35772486e-05 0.0218636038 -0.00153153662)
(-1.1185173e-05 0.0192836893 -0.00139953167)
(-8.93444695e-06 0.0167750042 -0.00125896369)
(-6.8676539e-06 0.0143351036 -0.00111058145)
(-5.02177121e-06 0.0119616607 -0.000955096385)
(-3.42823517e-06 0.00965245928 -0.000793183455)
(-2.11395548e-06 0.00740538764 -0.000625482103)
(-1.10462815e-06 0.00521843225 -0.000452597396)
(-4.25238156e-07 0.00308967193 -0.000275101517)
(-5.88507876e-08 0.00101727232 -9.35351207e-05)
(0.000286489685 0.103646494 -0.000189907654)
(-5.77182668e-05 0.0985295002 -0.000531190405)
(-2.72681908e-06 0.0935864793 -0.000833440494)
(-1.0304356e-05 0.0888106006 -0.00109928713)
(-1.64407633e-05 0.084194088 -0.00133124724)
(-2.1277998e-05 0.0797297578 -0.00153142414)
(-2.54850502e-05 0.0754109212 -0.00170173262)
(-2.92263392e-05 0.0712313002 -0.00184394355)
(-3.23353264e-05 0.0671849765 -0.00195969543)
(-3.47058674e-05 0.0632663575 -0.00205051465)
(-3.62959953e-05 0.0594701492 -0.00211783558)
(-3.71182886e-05 0.0557913334 -0.00216301536)
(-3.74422614e-05 0.0522251499 -0.00218734768)
(-3.65925106e-05 0.0487670794 -0.00219208937)
(-3.56658359e-05 0.0454128357 -0.0021784469)
(-3.40771326e-05 0.042158347 -0.00214759707)
(-3.20526442e-05 0.0389997489 -0.00210064749)
(-2.97032569e-05 0.0359333726 -0.00203865818)
(-2.71020727e-05 0.0329557341 -0.00196265016)
(-2.43259845e-05 0.0300635244 -0.00187360612)
(-2.14524476e-05 0.0272536009 -0.00177247035)
(-1.85544722e-05 0.0245229775 -0.00166014879)
(-1.56991899e-05 0.021868817 -0.00153750914)
(-1.29476569e-05 0.0192884223 -0.00140538098)
(-1.03548359e-05 0.0167792286 -0.00126455606)
(-7.96964578e-06 0.014338796 -0.00111578872)
(-5.83500332e-06 0.0119648025 -0.000959796448)
(-3.98790797e-06 0.00965503663 -0.000797260571)
(-2.460628e-06 0.00740739164 -0.000628827041)
(-1.28463439e-06 0.00521985896 -0.000455107461)
(-4.91378153e-07 0.00309052254 -0.00027668048)
(-6.47160285e-08 0.00101755336 -9.40931141e-05)
(0.000286458872 0.103647338 -0.000187964129)
(-5.80874875e-05 0.0985319625 -0.000526388807)
(-3.57689048e-06 0.0935904513 -0.000826712189)
(-1.17537795e-05 0.08881596 -0.00109145143)
(-1.85592684e-05 0.0842007065 -0.00132296316)
(-2.39962853e-05 0.0797375038 -0.00152323876)
(-2.87276944e-05 0.0754196612 -0.00169408496)
(-3.29161899e-05 0.071240899 -0.00183716939)
(-3.63864723e-05 0.0671952975 -0.00195403806)
(-3.90273294e-05 0.0632772633 -0.00204613668)
(-4.07957368e-05 0.059481502 -0.00211483013)
(-4.17052292e-05 0.0558029975 -0.00216141487)
(-4.20350508e-05 0.0522369926 -0.00218712588)
(-4.11268391e-05 0.048778973 -0.00219315143)
(-4.00357898e-05 0.0454246582 -0.00218067556)
(-3.82414817e-05 0.0421699837 -0.00215089897)
(-3.59706521e-05 0.0390110936 -0.0021049048)
(-3.33360507e-05 0.0359443278 -0.00204373094)
(-3.04224455e-05 0.0329662122 -0.00196838574)
(-2.73161461e-05 0.0300734478 -0.0018798456)
(-2.41023407e-05 0.0272629017 -0.00177905245)
(-2.08610409e-05 0.0245315977 -0.00166691253)
(-1.76659216e-05 0.0218767078 -0.00154429576)
(-1.45841919e-05 0.0192955439 -0.00141203535)
(-1.16766498e-05 0.0167855491 -0.00127092765)
(-8.99780289e-06 0.0143442915 -0.00112173223)
(-6.59594932e-06 0.011969456 -0.000965172234)
(-4.51327315e-06 0.00965883794 -0.000801934818)
(-2.78718144e-06 0.00741033667 -0.000632671881)
(-1.45481997e-06 0.00522194963 -0.000458000947)
(-5.54141457e-07 0.0030917665 -0.00027850647)
(-7.03015976e-08 0.00101796393 -9.47411078e-05)
(0.000286430203 0.103648548 -0.000185753998)
(-5.84175051e-05 0.0985355003 -0.000520968745)
(-4.33385118e-06 0.0935961805 -0.000819159821)
(-1.30283112e-05 0.0888237239 -0.00108269439)
(-2.03964003e-05 0.0842103342 -0.00131374484)
(-2.63343805e-05 0.0797488123 -0.00151416516)
(-3.14987412e-05 0.0754324571 -0.00168563457)
(-3.60518337e-05 0.0712549804 -0.00182970292)
(-3.98144282e-05 0.0672104555 -0.00194781275)
(-4.26752927e-05 0.0632932843 -0.00204132149)
(-4.45943282e-05 0.0594981716 -0.0021115207)
(-4.55842032e-05 0.0558201034 -0.00215964846)
(-4.59175786e-05 0.0522543292 -0.00218689106)
(-4.50269683e-05 0.0487963441 -0.00219436162)
(-4.37335767e-05 0.045441879 -0.00218319812)
(-4.17529016e-05 0.0421868831 -0.00215459997)
(-3.9269949e-05 0.0390275147 -0.00210964835)
(-3.63903893e-05 0.0359601299 -0.0020493622)
(-3.32115693e-05 0.0329812709 -0.001974738)
(-2.98283206e-05 0.0300876554 -0.00188674652)
(-2.63313442e-05 0.027276167 -0.00178632778)
(-2.28053653e-05 0.0245438451 -0.00167438849)
(-1.93285965e-05 0.0218878763 -0.00155180067)
(-1.59726802e-05 0.0193055861 -0.00141940082)
(-1.28028e-05 0.0167944302 -0.00127798931)
(-9.8778663e-06 0.0143519875 -0.00112833023)
(-7.25062923e-06 0.0119759529 -0.000971151514)
(-4.96777276e-06 0.00966413046 -0.000807145257)
(-3.07136769e-06 0.00741442743 -0.000636968294)
(-1.60388787e-06 0.00522484822 -0.000461243028)
(-6.09541974e-07 0.00309348891 -0.000280558622)
(-7.53164441e-08 0.00101853203 -9.54722223e-05)
(0.000286405466 0.10365019 -0.000183313155)
(-5.86851426e-05 0.0985403096 -0.000515026524)
(-4.9367572e-06 0.093603989 -0.000810926345)
(-1.40210979e-05 0.0888343357 -0.00107319285)
(-2.17960285e-05 0.0842235291 -0.00130378807)
(-2.80836374e-05 0.0797643474 -0.00150440502)
(-3.35370352e-05 0.0754500692 -0.00167657752)
(-3.83210426e-05 0.0712743885 -0.00182172444)
(-4.22571644e-05 0.067231365 -0.00194117519)
(-4.52386649e-05 0.0633153919 -0.00203619239)
(-4.72347239e-05 0.0595211708 -0.00210799142)
(-4.82631999e-05 0.0558436908 -0.00215775546)
(-4.85384437e-05 0.0522782102 -0.00218663755)
(-4.76940701e-05 0.048820239 -0.00219568599)
(-4.63074651e-05 0.0454655261 -0.00218595503)
(-4.41672094e-05 0.042210042 -0.00215862116)
(-4.15477073e-05 0.0390499688 -0.00211477828)
(-3.85050967e-05 0.0359816867 -0.00205543103)
(-3.51480505e-05 0.0330017628 -0.00198156774)
(-3.15796883e-05 0.0301069399 -0.00189415558)
(-2.78941482e-05 0.0272941256 -0.00179413373)
(-2.41782475e-05 0.0245603821 -0.00168240964)
(-2.05123292e-05 0.0219029175 -0.00155985717)
(-1.69703757e-05 0.0193190762 -0.00142731545)
(-1.36201563e-05 0.0168063312 -0.00128558796)
(-1.0523474e-05 0.0143622766 -0.00113544219)
(-7.73630698e-06 0.0119846202 -0.00097760958)
(-5.30889434e-06 0.00967117755 -0.000812785767)
(-3.28726272e-06 0.0074198654 -0.000641631075)
(-1.71861655e-06 0.00522869634 -0.000464771288)
(-6.52864643e-07 0.00309577343 -0.000282798732)
(-7.93926835e-08 0.00101928518 -9.62734369e-05)
(0.000286386536 0.103652328 -0.00018069586)
(-5.88651991e-05 0.0985465773 -0.000508704776)
(-5.320517e-06 0.093614184 -0.000802220952)
(-1.46179382e-05 0.0888482186 -0.00106320319)
(-2.25907942e-05 0.0842408245 -0.00129337592)
(-2.90224452e-05 0.0797847444 -0.00149425073)
(-3.45689441e-05 0.075473224 -0.00166720139)
(-3.94023431e-05 0.0712999295 -0.00181350538)
(-4.33504212e-05 0.0672588988 -0.00193437196)
(-4.63153669e-05 0.0633445114 -0.00203096441)
(-4.82815291e-05 0.0595514638 -0.0021044179)
(-4.92802835e-05 0.0558747483 -0.00215585444)
(-4.9426035e-05 0.0523096345 -0.00218638689)
(-4.86431385e-05 0.0488516527 -0.00219704229)
(-4.73096221e-05 0.0454965779 -0.00218881182)
(-4.50402032e-05 0.0422404112 -0.00216281419)
(-4.23882922e-05 0.0390793685 -0.00212012151)
(-3.9298086e-05 0.0360098645 -0.00206173797)
(-3.58880548e-05 0.0330285015 -0.00198865344)
(-3.22661012e-05 0.0301320568 -0.00190183542)
(-2.85260966e-05 0.0273174716 -0.00180222346)
(-2.47534796e-05 0.0245818395 -0.00169072589)
(-2.10277028e-05 0.0219223969 -0.00156821796)
(-1.74224768e-05 0.0193365144 -0.0014355404)
(-1.40059113e-05 0.0168216877 -0.00129349849)
(-1.08408002e-05 0.0143755304 -0.00114286154)
(-7.98478074e-06 0.0119957674 -0.000984362771)
(-5.49040013e-06 0.00968022805 -0.000818699492)
(-3.40666266e-06 0.0074268408 -0.000646533594)
(-1.78461815e-06 0.00523362759 -0.000468492282)
(-6.78973444e-07 0.00309869894 -0.000285169053)
(-8.21287041e-08 0.00102024929 -9.71247886e-05)
(0.000286375353 0.103655018 -0.000177975953)
(-5.89305618e-05 0.0985544733 -0.000502195486)
(-5.41655156e-06 0.093627045 -0.000793322657)
(-1.4698571e-05 0.0888657582 -0.00105306466)
(-2.26040002e-05 0.0842627066 -0.00128287966)
(-2.89195217e-05 0.0798105822 -0.00148408189)
(-3.43141215e-05 0.0755025838 -0.00165787497)
(-3.89745345e-05 0.0713323372 -0.00180538853)
(-4.2742726e-05 0.0672938497 -0.00192770827)
(-4.55346175e-05 0.0633814815 -0.00202589671)
(-4.73501242e-05 0.0595899214 -0.00210100663)
(-4.82355457e-05 0.0559141662 -0.00215409099)
(-4.82612798e-05 0.0523495009 -0.0021862071)
(-4.74304562e-05 0.0488914815 -0.00219839367)
(-4.61931541e-05 0.0455359171 -0.00219165109)
(-4.39255884e-05 0.042278849 -0.00216699259)
(-4.13666804e-05 0.039116538 -0.00212543824)
(-3.8377604e-05 0.0360454455 -0.0020680044)
(-3.50797507e-05 0.0330622209 -0.00199568885)
(-3.15763812e-05 0.0301636876 -0.00190946143)
(-2.79558311e-05 0.0273468307 -0.00181026236)
(-2.4298403e-05 0.0246087846 -0.00169900045)
(-2.06792732e-05 0.0219468232 -0.00157655135)
(-1.71687872e-05 0.0193583501 -0.00144375603)
(-1.38326605e-05 0.0168408901 -0.00130141984)
(-1.0732316e-05 0.0143920819 -0.0011503119)
(-7.92505909e-06 0.0120096711 -0.000991164998)
(-5.46412286e-06 0.00969150424 -0.00082467577)
(-3.40017806e-06 0.00743552338 -0.000651505255)
(-1.78689781e-06 0.00523976104 -0.000472279631)
(-6.82508611e-07 0.00310233569 -0.000287591105)
(-8.30960709e-08 0.00102144746 -9.79989608e-05)
(0.000286374008 0.103658311 -0.000175248423)
(-5.88512345e-05 0.0985641417 -0.000495743798)
(-5.15139512e-06 0.0936428099 -0.000784584711)
(-1.41338284e-05 0.0888872838 -0.00104320448)
(-2.16435342e-05 0.0842895913 -0.0012727622)
(-2.7524163e-05 0.0798423571 -0.00147436563)
(-3.24705722e-05 0.0755387165 -0.00164904433)
(-3.66936227e-05 0.0713722411 -0.00179777853)
(-4.0059669e-05 0.0673368973 -0.00192153175)
(-4.25044153e-05 0.0634270193 -0.0020212695)
(-4.4042066e-05 0.0596372865 -0.00209796703)
(-4.47305039e-05 0.0559627016 -0.0021526134)
(-4.46582271e-05 0.0523985701 -0.0021862131)
(-4.3715791e-05 0.0489404801 -0.00219979394)
(-4.2562358e-05 0.0455842838 -0.00219438487)
(-4.04631524e-05 0.0423260732 -0.00217094003)
(-3.81275884e-05 0.0391621659 -0.00213043512)
(-3.54046413e-05 0.036089083 -0.0020738875)
(-3.24069274e-05 0.0331035341 -0.00200229681)
(-2.92218928e-05 0.0302024011 -0.00191663327)
(-2.59255233e-05 0.0273827245 -0.00181783688)
(-2.25878815e-05 0.0246416904 -0.00170681596)
(-1.92752481e-05 0.0219766192 -0.0015844452)
(-1.60504162e-05 0.0193849562 -0.00145156411)
(-1.29730237e-05 0.0168642621 -0.00130897591)
(-1.00999509e-05 0.0144122062 -0.00115744707)
(-7.4854896e-06 0.0120265595 -0.000997707189)
(-5.18135472e-06 0.00970518893 -0.000830449352)
(-3.23808641e-06 0.0074460524 -0.00065633073)
(-1.7103162e-06 0.00524719425 -0.000475973438)
(-6.58077333e-07 0.00310674118 -0.000289965368)
(-8.18712627e-08 0.00102289858 -9.88612186e-05)
(0.000286384808 0.103662242 -0.000172631666)
(-5.85927645e-05 0.0985756905 -0.000489653233)
(-4.44556667e-06 0.0936616583 -0.000776440404)
(-1.27833473e-05 0.0889130453 -0.00103414796)
(-1.94951973e-05 0.0843217968 -0.00126358824)
(-2.45563758e-05 0.0798804508 -0.00146566589)
(-2.87009118e-05 0.0755820608 -0.00164124213)
(-3.21732187e-05 0.071420129 -0.00179115148)
(-3.48763155e-05 0.067388569 -0.00191624196)
(-3.67738778e-05 0.0634816824 -0.00201739285)
(-3.78964166e-05 0.0596941363 -0.00209551256)
(-3.83108595e-05 0.056020941 -0.00215154018)
(-3.81220471e-05 0.0524574276 -0.00218644272)
(-3.71765842e-05 0.0489992254 -0.00220122)
(-3.61179881e-05 0.0456422396 -0.00219690603)
(-3.43083814e-05 0.0423826254 -0.00217445521)
(-3.23346131e-05 0.0392167696 -0.00213482739)
(-3.00534734e-05 0.0361412662 -0.0020790339)
(-2.7559236e-05 0.0331528984 -0.00200807029)
(-2.49144392e-05 0.0302486197 -0.00192290469)
(-2.21745574e-05 0.0274255387 -0.00182447539)
(-1.93922717e-05 0.0246809044 -0.00171368861)
(-1.66186156e-05 0.0220120942 -0.00159141607)
(-1.39032315e-05 0.0194166038 -0.0014584933)
(-1.12948247e-05 0.0168920373 -0.0013157185)
(-8.84157917e-06 0.0144361007 -0.00116385223)
(-6.59125563e-06 0.0120465953 -0.00100361746)
(-4.59113516e-06 0.00972141182 -0.0008357)
(-2.889238e-06 0.00745852619 -0.000660749358)
(-1.53896678e-06 0.00525599577 -0.000479379756)
(-5.99971413e-07 0.00311195569 -0.000292170951)
(-7.79790937e-08 0.00102461584 -9.9669324e-05)
(0.000286410449 0.103666832 -0.000170270399)
(-5.8113311e-05 0.0985891796 -0.00048429151)
(-3.21640284e-06 0.0936836915 -0.00076941017)
(-1.04993216e-05 0.0889431868 -0.0010265359)
(-1.59188677e-05 0.084359509 -0.0012560412)
(-1.97030114e-05 0.0799250896 -0.00145866007)
(-2.26294492e-05 0.0756328805 -0.0016351057)
(-2.49805345e-05 0.0714762974 -0.00178607347)
(-2.67127212e-05 0.0674491886 -0.00191230745)
(-2.78262813e-05 0.063545815 -0.00201462975)
(-2.83688377e-05 0.0597608286 -0.00209389093)
(-2.84159169e-05 0.0560892489 -0.00215099534)
(-2.8080518e-05 0.0525264382 -0.00218689018)
(-2.72085643e-05 0.0490680755 -0.00220256214)
(-2.63209911e-05 0.0457101306 -0.00219904724)
(-2.49641911e-05 0.0424488351 -0.00217730053)
(-2.35294869e-05 0.0392806585 -0.00213829473)
(-2.19067647e-05 0.0362022824 -0.00208304601)
(-2.01585931e-05 0.0332105773 -0.00201254756)
(-1.83150255e-05 0.0303025824 -0.00192776511)
(-1.64034917e-05 0.0274754872 -0.00182963423)
(-1.44518493e-05 0.0247266156 -0.0017190572)
(-1.24888812e-05 0.0220534127 -0.00159690028)
(-1.05447284e-05 0.0194534337 -0.00146399181)
(-8.65157399e-06 0.0169243342 -0.00132112113)
(-6.84415355e-06 0.0144638634 -0.00116903848)
(-5.15954529e-06 0.0120698573 -0.00100845634)
(-3.63698023e-06 0.00974023413 -0.000840048589)
(-2.318983e-06 0.00747299016 -0.000664452103)
(-1.25501627e-06 0.00526619671 -0.000482268355)
(-5.0166366e-07 0.00311799724 -0.0002940642)
(-7.08557011e-08 0.00102660512 -0.00010037304)
(0.000286455161 0.103672077 -0.000168340556)
(-5.73594828e-05 0.0986046054 -0.000480100689)
(-1.39128289e-06 0.0937089088 -0.000764126197)
(-7.14074644e-06 0.0889777129 -0.00102112024)
(-1.06470443e-05 0.0844027399 -0.00125091654)
(-1.26208747e-05 0.0799762947 -0.00145414462)
(-1.38483355e-05 0.0756912075 -0.00163138939)
(-1.46393387e-05 0.0715407888 -0.00178321345)
(-1.50509036e-05 0.0675188078 -0.00191027025)
(-1.51202926e-05 0.0636194759 -0.00201340693)
(-1.48907072e-05 0.0598374267 -0.00209340424)
(-1.44573967e-05 0.05616769 -0.00215115022)
(-1.39360719e-05 0.0526056648 -0.00218759062)
(-1.3196503e-05 0.0491470888 -0.00220371276)
(-1.25833281e-05 0.0457880083 -0.00220057316)
(-1.18850178e-05 0.0425247445 -0.00217914377)
(-1.12038077e-05 0.039353865 -0.00214042025)
(-1.04999613e-05 0.0362721532 -0.00208543165)
(-9.78523861e-06 0.0332765822 -0.002015173)
(-9.04895242e-06 0.0303642908 -0.00193060976)
(-8.28281837e-06 0.0275325628 -0.00183267501)
(-7.48202593e-06 0.0247788091 -0.00172226586)
(-6.64544925e-06 0.0221005535 -0.0016002406)
(-5.77626561e-06 0.0194954204 -0.00146741677)
(-4.88319411e-06 0.0169611246 -0.00132456973)
(-3.98384571e-06 0.0144954649 -0.00117243195)
(-3.10033023e-06 0.012096317 -0.00101170552)
(-2.25775189e-06 0.00976163002 -0.000843046717)
(-1.48949548e-06 0.00748942257 -0.000667072377)
(-8.38400713e-07 0.00527778065 -0.000484365048)
(-3.55163911e-07 0.00312485566 -0.000295472991)
(-5.92403656e-08 0.00102886299 -0.000100911489)
(0.000286526927 0.103677949 -0.000167060071)
(-5.62805061e-05 0.0986218823 -0.000477628026)
(1.11739192e-06 0.0937371789 -0.000761423275)
(-2.53361065e-06 0.0890164504 -0.00101856513)
(-3.40527687e-06 0.0844512771 -0.00124895222)
(-2.97439916e-06 0.0800338237 -0.00145293024)
(-1.94015295e-06 0.0757567753 -0.00163089097)
(-6.27960801e-07 0.0716133176 -0.00178333717)
(6.5693992e-07 0.0675971282 -0.0019109033)
(1.87588859e-06 0.0637023581 -0.00201433721)
(3.08966694e-06 0.059923615 -0.00209448295)
(4.12599812e-06 0.0562559411 -0.00215225784)
(4.87553591e-06 0.0526947785 -0.00218862839)
(5.39906241e-06 0.0492359334 -0.00220458363)
(5.63940225e-06 0.0458755396 -0.00220122689)
(5.45847869e-06 0.0426100226 -0.00217960412)
(5.14412323e-06 0.0394360618 -0.00214072229)
(4.63603499e-06 0.0363505577 -0.00208562075)
(3.991438e-06 0.0333506007 -0.00201530251)
(3.27164045e-06 0.0304334432 -0.00193073708)
(2.53029189e-06 0.0275964767 -0.00183285642)
(1.81428266e-06 0.0248372117 -0.00172255163)
(1.16370404e-06 0.0221532613 -0.00160067039)
(6.12476725e-07 0.0195423285 -0.00146801588)
(1.88882663e-07 0.0170021954 -0.00132534675)
(-1.17428299e-07 0.0145307164 -0.00117337792)
(-3.13906208e-07 0.0121258119 -0.00101278196)
(-3.89045743e-07 0.00978546483 -0.000844190992)
(-3.61925646e-07 0.00750771777 -0.000668198903)
(-2.68871621e-07 0.00529067184 -0.000485363484)
(-1.52614009e-07 0.00313248555 -0.000296207678)
(-4.23228418e-08 0.0010313744 -0.000101220586)
(0.00028662105 0.10368438 -0.000166672524)
(-5.49312939e-05 0.0986408127 -0.000477482784)
(4.76182506e-06 0.0937681797 -0.000762152256)
(3.90133638e-06 0.0890589858 -0.00101996292)
(5.93614892e-06 0.0845046502 -0.00125132492)
(9.40138626e-06 0.0800971535 -0.00145614839)
(1.33421928e-05 0.075829009 -0.0016346414)
(1.72125032e-05 0.0716932583 -0.00178730911)
(2.07529367e-05 0.0676834689 -0.00191482106)
(2.37966087e-05 0.0637937277 -0.0020178737)
(2.62355641e-05 0.0600186205 -0.00209741639)
(2.79747531e-05 0.0563532034 -0.00215443865)
(2.89640006e-05 0.0527929662 -0.00218996938)
(2.90775795e-05 0.0493337925 -0.00220502075)
(2.89010977e-05 0.0459719143 -0.00220073575)
(2.76177555e-05 0.0427038735 -0.0021782779)
(2.60281134e-05 0.0395264745 -0.00213867187)
(2.39834129e-05 0.0364367486 -0.00208297589)
(2.16144611e-05 0.0334319175 -0.00201221095)
(1.90459962e-05 0.0305093614 -0.00192735581)
(1.63897039e-05 0.0276665924 -0.00182934289)
(1.37455332e-05 0.0249012321 -0.0017190561)
(1.12016426e-05 0.0222109935 -0.00159732953)
(8.83270953e-06 0.0195936672 -0.0014649475)
(6.69810837e-06 0.0170471097 -0.00132264631)
(4.8385565e-06 0.0145692369 -0.00117111682)
(3.28043306e-06 0.0121580181 -0.00101099502)
(2.03740557e-06 0.00981147281 -0.000842881376)
(1.10625511e-06 0.00752766912 -0.000667339138)
(4.69584639e-07 0.00530472316 -0.000484893563)
(1.01756347e-07 0.00314079919 -0.000296034389)
(-2.66300508e-08 0.00103411039 -0.000101216176)
(0.000286738668 0.103691259 -0.000167430777)
(-5.32609598e-05 0.0986610771 -0.000480289981)
(9.48072187e-06 0.0938013966 -0.000767088452)
(1.21463255e-05 0.0891046157 -0.00102669851)
(1.76567804e-05 0.0845619733 -0.0012594379)
(2.49325977e-05 0.0801652367 -0.00146507332)
(3.25401258e-05 0.0759067265 -0.00164378374)
(3.96547186e-05 0.0717793227 -0.00179609389)
(4.59332955e-05 0.0677764719 -0.0019227284)
(5.11301652e-05 0.0638921846 -0.00202454397)
(5.50694895e-05 0.0601210165 -0.00210254542)
(5.7665462e-05 0.0564580366 -0.0021578323)
(5.89482382e-05 0.0528987871 -0.00219157376)
(5.85415139e-05 0.0494392369 -0.00220485771)
(5.78183461e-05 0.0460757259 -0.00219881574)
(5.51910455e-05 0.0428049236 -0.00217470646)
(5.19804863e-05 0.0396237725 -0.00213366092)
(4.801648e-05 0.0365294484 -0.00207676979)
(4.35055274e-05 0.0335193174 -0.00200507793)
(3.86466011e-05 0.0305908999 -0.00191957622)
(3.36205832e-05 0.0277418404 -0.00182119839)
(2.85910566e-05 0.0249698824 -0.00171081976)
(2.37043055e-05 0.0222728482 -0.00158925745)
(1.90869791e-05 0.0196486239 -0.00145727165)
(1.48442758e-05 0.0170951474 -0.00131556797)
(1.10591716e-05 0.0146104011 -0.00116480019)
(7.7927095e-06 0.0121924068 -0.00100557282)
(5.08433153e-06 0.00983922264 -0.0008384463)
(2.95269006e-06 0.00754894282 -0.000663940766)
(1.40047612e-06 0.00531969779 -0.000482539121)
(4.24213315e-07 0.00314965573 -0.000294688636)
(-5.9474555e-09 0.00103702447 -0.000100801526)
(0.00028689444 0.103698429 -0.000169637081)
(-5.11384382e-05 0.0986822129 -0.00048679175)
(1.51746741e-05 0.0938360864 -0.000777286211)
(2.21471133e-05 0.0891523298 -0.00103987038)
(3.20987895e-05 0.0846219851 -0.0012744515)
(4.39954266e-05 0.080236594 -0.00148089038)
(5.60036806e-05 0.0759882629 -0.00165945574)
(6.70263138e-05 0.0718696908 -0.00181076769)
(7.65850075e-05 0.0678741886 -0.00193568298)
(8.43566764e-05 0.0639956807 -0.00203522629)
(9.01185756e-05 0.0602286872 -0.00211054932)
(9.37704459e-05 0.0565682886 -0.00216289138)
(9.55806466e-05 0.0530100787 -0.00219356481)
(9.46599883e-05 0.0495501153 -0.00220387478)
(9.27394716e-05 0.0461848554 -0.00219499782)
(8.86365907e-05 0.0429111065 -0.00216826008)
(8.34022036e-05 0.0397259612 -0.00212493784)
(7.70989061e-05 0.0366267498 -0.0020661524)
(6.99984157e-05 0.0336109935 -0.00199297229)
(6.23775153e-05 0.0306763629 -0.00190640383)
(5.44955487e-05 0.0278206448 -0.00180738442)
(4.65907728e-05 0.0250417134 -0.0016967808)
(3.88782435e-05 0.0223375082 -0.00157539059)
(3.15468509e-05 0.0197060179 -0.0014439454)
(2.47572687e-05 0.0171452667 -0.00130311471)
(1.86411282e-05 0.0146533079 -0.00115351039)
(1.33009604e-05 0.0122282183 -0.000995691573)
(8.8104116e-06 0.00986809603 -0.000830169883)
(5.21625346e-06 0.00757106127 -0.000657414616)
(2.54751406e-06 0.0053352575 -0.000477857075)
(8.29362269e-07 0.00315885424 -0.000291892285)
(2.47860015e-08 0.00104005037 -9.98804145e-05)
(0.000287088573 0.103705669 -0.000173636346)
(-4.85550642e-05 0.0987035722 -0.000497814128)
(2.19233382e-05 0.0938711972 -0.000793986065)
(3.40340539e-05 0.0892007052 -0.00106070671)
(4.94063057e-05 0.0846829288 -0.00129769326)
(6.67873632e-05 0.0803091681 -0.00150494794)
(8.39608499e-05 0.0760712976 -0.00168291856)
(9.95491455e-05 0.0719618186 -0.00183242549)
(0.000112904941 0.067973892 -0.00195455417)
(0.000123610434 0.0641013463 -0.00205057189)
(0.000131405098 0.0603386601 -0.00212185875)
(0.000136166974 0.0566809237 -0.0021698409)
(0.0001382284 0.0531237853 -0.00219596088)
(0.000136911016 0.0496633942 -0.00220186311)
(0.000133605761 0.0462963293 -0.0021889017)
(0.000127900093 0.0430195384 -0.00215845204)
(0.000120375678 0.0398302691 -0.00211187035)
(0.000111374384 0.0367260125 -0.0020503465)
(0.000101264676 0.033704452 -0.00197499378)
(9.04176161e-05 0.0307634163 -0.0018868435)
(7.91881877e-05 0.0279008416 -0.00178684)
(6.7905326e-05 0.0251147396 -0.00167584083)
(5.68667531e-05 0.0224031732 -0.00155462074)
(4.6335606e-05 0.0197642382 -0.00142387715)
(3.65384876e-05 0.0171960493 -0.00128423635)
(2.76647795e-05 0.0146967329 -0.00113626018)
(1.98666336e-05 0.0122644224 -0.000980452689)
(1.32592362e-05 0.00989725604 -0.000817266926)
(7.92412396e-06 0.00759337902 -0.000647111536)
(3.92348092e-06 0.00535094569 -0.000470356162)
(1.31813041e-06 0.00316812371 -0.000287333668)
(6.29544464e-08 0.00104309876 -9.83422643e-05)
(0.000287334916 0.103712687 -0.000179767558)
(-4.55456832e-05 0.0987243027 -0.000514116966)
(2.97389884e-05 0.0939053457 -0.000818433462)
(4.79142163e-05 0.0892478663 -0.00109064498)
(6.96933102e-05 0.0847424807 -0.00133063014)
(9.34649773e-05 0.0803802358 -0.00153865931)
(0.000116617335 0.0761527608 -0.00171545856)
(0.000137472809 0.0720523465 -0.00186215897)
(0.000155190025 0.0680719918 -0.00198018131)
(0.000169243018 0.0642054194 -0.00207113263)
(0.000179340459 0.060447059 -0.00213672353)
(0.000185366709 0.0567920056 -0.00217869819)
(0.000187374263 0.0532359608 -0.00219878045)
(0.000185993307 0.0497751612 -0.00219879284)
(0.000181155353 0.0464063064 -0.00218035706)
(0.000173467269 0.0431264827 -0.00214489094)
(0.00016329131 0.0399330943 -0.00209385687)
(0.00015115306 0.0368237972 -0.00202857095)
(0.000137546344 0.0337964402 -0.00195021872)
(0.000122957705 0.0308490139 -0.00185986544)
(0.000107851572 0.0279796071 -0.00175846313)
(9.26590707e-05 0.0251863722 -0.00164685707)
(7.77713656e-05 0.0224674979 -0.00152579359)
(6.35358602e-05 0.0198211889 -0.00139592873)
(5.02542897e-05 0.0172456519 -0.00125783719)
(3.81822241e-05 0.0147390871 -0.00111202145)
(2.75291836e-05 0.0122996836 -0.000958920576)
(1.84589791e-05 0.00992561907 -0.000798918766)
(1.10945062e-05 0.00761506124 -0.00063235356)
(5.53790217e-06 0.00536617233 -0.000459522444)
(1.89294811e-06 0.00317711414 -0.000280685716)
(1.07957585e-07 0.0010460543 -9.60692026e-05)
(0.000287684763 0.103719116 -0.000188339492)
(-4.23090506e-05 0.098743328 -0.000536330299)
(3.83813198e-05 0.0939367803 -0.000852062458)
(6.38559335e-05 0.0892914282 -0.0011312639)
(9.30493813e-05 0.0847976743 -0.00137482726)
(0.000124109723 0.0804463123 -0.00158352313)
(0.000154070953 0.0762287202 -0.00175846012)
(0.000180929954 0.0721369698 -0.00190119775)
(0.000203632806 0.0681638889 -0.0020136145)
(0.000221540811 0.064303085 -0.0020977696)
(0.000234322348 0.0605489287 -0.00215580704)
(0.000241902896 0.0568965086 -0.00218988937)
(0.000244251626 0.0533415665 -0.00220213327)
(0.000242412197 0.0498804179 -0.00219447377)
(0.000235739235 0.0465098761 -0.00216879939)
(0.000225573238 0.0432271642 -0.00212675859)
(0.000212276912 0.0400298407 -0.00206994395)
(0.000196495671 0.0369157232 -0.0019997848)
(0.000178864502 0.0338828238 -0.00191753979)
(0.000159996675 0.0309292918 -0.00182431226)
(0.000140473711 0.0280533668 -0.00172106357)
(0.000120836315 0.0252533399 -0.00160862518)
(0.000101576963 0.0225275237 -0.00148771087)
(8.31353168e-05 0.0198742306 -0.00135892915)
(6.5896065e-05 0.0172917572 -0.00122279552)
(5.01884926e-05 0.0147783752 -0.00107974439)
(3.62866551e-05 0.0123323276 -0.00093014039)
(2.44097431e-05 0.00995182792 -0.000774288986)
(1.47284905e-05 0.0076350633 -0.000612446496)
(7.39192479e-06 0.00538019964 -0.000444828064)
(2.55463465e-06 0.00318538812 -0.000271611258)
(1.60049996e-07 0.00104877288 -9.29394141e-05)
(0.000288320366 0.103724512 -0.000199802965)
(-3.94239839e-05 0.0987593584 -0.000565749631)
(4.71562353e-05 0.0939633746 -0.000895885378)
(8.20203836e-05 0.0893284412 -0.00118383961)
(0.000119562912 0.0848448174 -0.00143171071)
(0.000158666922 0.0805030506 -0.00164096006)
(0.000196170951 0.076294264 -0.0018132471)
(0.000229681651 0.0722103043 -0.00195071811)
(0.000257888025 0.0682438206 -0.00205585526)
(0.000280022226 0.0643882947 -0.00213129852)
(0.000295700973 0.0606380256 -0.00217972624)
(0.000304862396 0.0569880814 -0.00220377167)
(0.000307695133 0.053434229 -0.00220594955)
(0.000304761429 0.0499728518 -0.00218852129)
(0.000296344406 0.0466008611 -0.00215365643)
(0.000283434384 0.0433156043 -0.00210333958)
(0.000266683249 0.0401147788 -0.00203929462)
(0.00024687411 0.0369963515 -0.00196305016)
(0.000224788797 0.0339584862 -0.00187593829)
(0.000201180892 0.0309994818 -0.00177910417)
(0.000176763368 0.0281177203 -0.00167352044)
(0.000152198714 0.0253116241 -0.0015600037)
(0.00012809116 0.0225796235 -0.0014392315)
(0.000104981901 0.0199201326 -0.00131175909)
(8.33470081e-05 0.0173315325 -0.00117803551)
(6.35972531e-05 0.014812162 -0.00103841886)
(4.60784657e-05 0.0123603128 -0.000893190325)
(3.10719889e-05 0.0099742296 -0.000742567327)
(1.88029227e-05 0.00765211401 -0.000586715413)
(9.47424563e-06 0.00539213043 -0.000425757817)
(3.29945246e-06 0.00319241397 -0.000259779907)
(2.19039672e-07 0.00105107938 -8.8833196e-05)
(0.000289072402 0.103728301 -0.000214628838)
(-3.63573028e-05 0.0987706992 -0.000603759521)
(5.664945e-05 0.0939823978 -0.000950819514)
(0.000102110207 0.0893552432 -0.00124951019)
(0.000148908272 0.0848793856 -0.00150257454)
(0.000196811201 0.0805451502 -0.00171224926)
(0.000242530308 0.076343417 -0.00188097611)
(0.000283252753 0.0722658114 -0.00201168981)
(0.000317383834 0.0683048002 -0.00210764277)
(0.00034401871 0.0644537296 -0.00217219782)
(0.000362730833 0.0607068124 -0.00220868673)
(0.000373489734 0.0570590778 -0.00222031064)
(0.000376588774 0.0535062982 -0.00221006274)
(0.000372592326 0.0500449002 -0.00218066996)
(0.000362220436 0.0466718686 -0.00213464438)
(0.000346331741 0.0433846487 -0.00207422805)
(0.000325828242 0.0401810531 -0.0020013451)
(0.000301650793 0.0370591746 -0.00191766002)
(0.000274735613 0.0340173086 -0.00182459248)
(0.000245987248 0.0310538852 -0.00172333384)
(0.000216261117 0.0281674123 -0.00161486777)
(0.00018635132 0.0253564296 -0.00149999278)
(0.000156982458 0.0226194725 -0.00137934483)
(0.000128804964 0.0199550463 -0.00125341907)
(0.000102393339 0.017361607 -0.00112259029)
(7.82464349e-05 0.0148375517 -0.000987131861)
(5.67881217e-05 0.0123812135 -0.000847232893)
(3.83679097e-05 0.00999086141 -0.000703013903)
(2.32712334e-05 0.00766470486 -0.000554540884)
(1.17616583e-05 0.00540090053 -0.000401836467)
(4.11944672e-06 0.00319756125 -0.000244885326)
(2.84421906e-07 0.00105276618 -8.36388774e-05)
(0.000289835215 0.103729811 -0.000233113213)
(-3.27766868e-05 0.0987753731 -0.000650944716)
(6.72690293e-05 0.0939906416 -0.0010181544)
(0.000123897888 0.0893674915 -0.00132960927)
(0.000180687974 0.084896002 -0.00158869375)
(0.000238072918 0.0805663126 -0.0017985609)
(0.000292580889 0.0763690858 -0.00196266433)
(0.000340969339 0.072295739 -0.00208494021)
(0.000381356905 0.0683385582 -0.0021695935)
(0.000412706856 0.0644907447 -0.0022208666)
(0.000434563182 0.0607464058 -0.00224288016)
(0.000446940619 0.0571005059 -0.00223952452)
(0.000450233192 0.0535487901 -0.00221438621)
(0.000445125207 0.0500876918 -0.00217070605)
(0.000432501472 0.0467142322 -0.00211137374)
(0.000413374278 0.0434259169 -0.00203891486)
(0.000388825563 0.0402206376 -0.00195549175)
(0.000359965111 0.0370965793 -0.00186293202)
(0.000327892725 0.0340521372 -0.00176275614)
(0.000293669783 0.0310858437 -0.00165620644)
(0.000258299032 0.0281963073 -0.00154427739)
(0.00022271089 0.0253821623 -0.00142774602)
(0.000187754823 0.0226420299 -0.00130720123)
(0.000154194808 0.0199744892 -0.00118307137)
(0.000122708001 0.017378057 -0.00105564958)
(9.38855767e-05 0.0148511761 -0.00092511678)
(6.82337934e-05 0.0123922102 -0.000791562264)
(4.61748221e-05 0.00999944327 -0.000655002029)
(2.80592167e-05 0.00767108427 -0.000515395075)
(1.42167847e-05 0.00540527476 -0.000372656226)
(5.00157131e-06 0.00320009843 -0.000226662571)
(3.55265881e-07 0.0010535924 -7.72588835e-05)
(0.00029058867 0.103728266 -0.000255531529)
(-2.86731887e-05 0.0987711024 -0.000707819428)
(7.89725971e-05 0.0939843977 -0.00109892357)
(0.000147121125 0.0893601398 -0.00142525477)
(0.000214439871 0.0848884026 -0.00169111575)
(0.000281814756 0.0805591947 -0.00190082546)
(0.000345513591 0.0763630025 -0.00205909329)
(0.000401859012 0.0722910585 -0.00217108162)
(0.000448689451 0.0683354734 -0.00224214576)
(0.000484846108 0.0644892922 -0.00227757817)
(0.000509856532 0.0607464919 -0.0022824326)
(0.000523792982 0.057101935 -0.00226140781)
(0.000527159347 0.0535512945 -0.0022187746)
(0.00052078182 0.0500909607 -0.00215833824)
(0.000505709759 0.0467179384 -0.00208342955)
(0.000483132616 0.0434297413 -0.00199691153)
(0.00045431428 0.0402242891 -0.00190120052)
(0.000420541658 0.0370998107 -0.00179830007)
(0.000383084105 0.0340547564 -0.00168983984)
(0.000343163018 0.0310877205 -0.00157711649)
(0.000301930231 0.0281973759 -0.00146113455)
(0.000260453619 0.0253824198 -0.00134264603)
(0.000219708415 0.0226415315 -0.00122218753)
(0.000180573024 0.0199733404 -0.0011001144)
(0.000143828332 0.0173764038 -0.000976631619)
(0.000110159283 0.0148491934 -0.00085182121)
(8.01564419e-05 0.012390089 -0.000725666416)
(5.43170958e-05 0.00999737764 -0.000598072895)
(3.30600265e-05 0.00766925774 -0.000468887215)
(1.67854412e-05 0.00540384713 -0.000337911331)
(5.92670052e-06 0.00319919303 -0.000204910122)
(4.30099542e-07 0.00105328395 -6.96176149e-05)
(0.000291327876 0.103722774 -0.000282140456)
(-2.41276879e-05 0.0987552698 -0.000774913631)
(9.15409437e-05 0.0939594043 -0.00119385216)
(0.000171378327 0.0893273903 -0.00153721348)
(0.000249540462 0.0848493907 -0.00181054257)
(0.000327177066 0.0805153643 -0.00201962694)
(0.00040023725 0.0763156809 -0.00217070274)
(0.000464613515 0.0722414227 -0.00227040118)
(0.000517878746 0.0682845337 -0.00232543998)
(0.000558768011 0.0644378887 -0.00234234152)
(0.000586809406 0.0606953005 -0.00232724115)
(0.000602149018 0.0570514805 -0.00228576467)
(0.000605415243 0.0535019693 -0.00222295731)
(0.000597591036 0.0500430471 -0.0021432536)
(0.000579901408 0.0466716322 -0.00205047861)
(0.000553720353 0.0433851755 -0.00194787085)
(0.000520496736 0.0401815566 -0.00183812066)
(0.000481696494 0.0370589834 -0.0017234185)
(0.000438758613 0.034015902 -0.00160550816)
(0.000393062864 0.0310509147 -0.00148574098)
(0.000345907357 0.0281627105 -0.00136512877)
(0.000298494018 0.0253500076 -0.00124439378)
(0.000251920298 0.0226115066 -0.00112401467)
(0.000207175717 0.0199458564 -0.00100426797)
(0.000165142098 0.0173516283 -0.000885264903)
(0.000126596089 0.0148273013 -0.000766983608)
(9.22113888e-05 0.0123712531 -0.000649297007)
(6.25602038e-05 0.00998175915 -0.000531996891)
(3.81304271e-05 0.00765699541 -0.000414814554)
(1.93947707e-05 0.00539504634 -0.000297436747)
(6.86918832e-06 0.00319391486 -0.000179514302)
(5.06963673e-07 0.00105153461 -6.06696337e-05)
(0.000292048261 0.103712322 -0.000313129003)
(-1.92585615e-05 0.0987249026 -0.000852602774)
(0.000104666698 0.0939108229 -0.00130337033)
(0.000196132707 0.0892626644 -0.00166587271)
(0.000285178164 0.084770808 -0.00194725749)
(0.0003730546 0.0804252736 -0.00215511311)
(0.000455356817 0.0762163951 -0.00229749831)
(0.000527566022 0.0721351504 -0.00238277388)
(0.000587015296 0.0681733292 -0.00241924364)
(0.000632358196 0.0643236171 -0.00241484616)
(0.000663146599 0.0605796173 -0.00237694861)
(0.000679620972 0.0569358254 -0.0023122209)
(0.000682551011 0.0533875706 -0.00222657044)
(0.000673089292 0.049930935 -0.00212512427)
(0.000652644597 0.0465626594 -0.00201224639)
(0.000622778482 0.0432800409 -0.00189157987)
(0.000585123598 0.0400808304 -0.00176610485)
(0.000541320862 0.0369631325 -0.00163820545)
(0.000492972614 0.0339253123 -0.00150974027)
(0.000441609105 0.0309659111 -0.00138211219)
(0.000388665846 0.0280835733 -0.00125633501)
(0.000335469579 0.0252769841 -0.00113309503)
(0.000283230901 0.0225448198 -0.00101280684)
(0.00023304197 0.0198857093 -0.000895662655)
(0.000185878002 0.0172982055 -0.000781675546)
(0.000142600973 0.0147807672 -0.000670716556)
(0.000103962665 0.0123317486 -0.000562546382)
(7.06066347e-05 0.00994939572 -0.000456842251)
(4.30880881e-05 0.00763184847 -0.000353220506)
(2.1952226e-05 0.00537714735 -0.000251253731)
(7.7977404e-06 0.00318324303 -0.000150480056)
(5.78406514e-07 0.00104800832 -5.04119874e-05)
(0.000292743202 0.103695776 -0.000348592419)
(-1.42136102e-05 0.0986766649 -0.000941020337)
(0.000117969244 0.0938332257 -0.00142754277)
(0.000220718822 0.089158589 -0.00181116407)
(0.000320351856 0.0846435228 -0.00210103165)
(0.000418091245 0.0802782527 -0.00230689427)
(0.000509166162 0.0760531811 -0.00243895132)
(0.000588682855 0.0719592403 -0.00250756897)
(0.00065377429 0.0679880786 -0.00252286917)
(0.000703047823 0.0641321657 -0.00249439526)
(0.000736109713 0.060384836 -0.00243089427)
(0.000753319556 0.0567402839 -0.00234019186)
(0.000755606318 0.0531935253 -0.00222913808)
(0.000744303195 0.0497403331 -0.00210360726)
(0.00072100695 0.0463771544 -0.0019685372)
(0.000687464692 0.0431010179 -0.00182799481)
(0.000645485782 0.0399094358 -0.00168525782)
(0.000596875245 0.0368003061 -0.00154290395)
(0.000543385222 0.0337718184 -0.00140290166)
(0.000486681183 0.0308223681 -0.0012666979)
(0.000428319953 0.0279504793 -0.00113530009)
(0.000369736929 0.0251547389 -0.00100935064)
(0.000312240248 0.0224337426 -0.000889193276)
(0.000257010147 0.0197860518 -0.000774930842)
(0.000205102076 0.0172101615 -0.000666475092)
(0.000157451853 0.0147044781 -0.000563588867)
(0.000114879665 0.0122673064 -0.00046592144)
(7.80926619e-05 0.00989684273 -0.000373037981)
(4.77078359e-05 0.00759117551 -0.000284444041)
(2.43399031e-05 0.00534829001 -0.000199604528)
(8.66823137e-06 0.0031660768 -0.000117954439)
(6.06693906e-07 0.00104234279 -3.89027424e-05)
(0.000293403926 0.103671872 -0.000388512327)
(-9.16683138e-06 0.0986068513 -0.00104000193)
(0.000130999764 0.0937205877 -0.00156599143)
(0.000244347395 0.08900699 -0.00197247242)
(0.00035387538 0.0844574291 -0.00227102352)
(0.000460683854 0.080062519 -0.00247393931)
(0.000559651942 0.0758128604 -0.00259389731)
(0.000645567926 0.0716994094 -0.00264355628)
(0.000715420879 0.0677136855 -0.00263509207)
(0.000767819692 0.0638479036 -0.00257983891)
(0.000802463863 0.0600950497 -0.00248806415)
(0.000819861203 0.0564489078 -0.00236885)
(0.000821118688 0.0529040515 -0.00223005685)
(0.000807758845 0.0494558039 -0.00207834767)
(0.000781566033 0.0461001756 -0.00191925531)
(0.00074446476 0.0428337857 -0.00175727735)
(0.000698426763 0.0396537734 -0.00159598598)
(0.000645402294 0.0365577046 -0.0014381434)
(0.000587271355 0.0335434797 -0.00128581583)
(0.00052581095 0.0306092459 -0.00114048139)
(0.000462674916 0.0277533173 -0.00100312917)
(0.0003993833 0.0249741045 -0.000874347638)
(0.000337318801 0.0222700558 -0.000754402176)
(0.00027772833 0.0196396093 -0.000643301704)
(0.000221728149 0.0170811555 -0.000540855067)
(0.000170310799 0.0145930112 -0.000446718146)
(0.000124350371 0.012173402 -0.00036043263)
(8.46054981e-05 0.0098204517 -0.000281457697)
(5.17428606e-05 0.00753218048 -0.000209195808)
(2.64322517e-05 0.00530650646 -0.000143012885)
(9.43569527e-06 0.0031412524 -8.22507394e-05)
(7.33565562e-07 0.00103415508 -2.62324324e-05)
(0.000294019563 0.103639219 -0.000432737601)
(-4.31566344e-06 0.0985113786 -0.00114903509)
(0.000143246494 0.0935662773 -0.00171782201)
(0.000266112402 0.0887988863 -0.00214854624)
(0.000384387451 0.0842014495 -0.00245568022)
(0.000498994804 0.0797651947 -0.00265447418)
(0.000604509021 0.075481076 -0.00276043741)
(0.000695481191 0.071340153 -0.00278881549)
(0.000768831697 0.0673338221 -0.00275407239)
(0.000823232739 0.0634539874 -0.0026695106)
(0.000858524987 0.0596931811 -0.00254704435)
(0.000875397995 0.056044637 -0.00239709589)
(0.000875155874 0.0525023238 -0.00222858476)
(0.000859516218 0.0490609425 -0.00204898493)
(0.000830445039 0.0457158922 -0.00186442766)
(0.000790028727 0.0424632124 -0.00167983181)
(0.0007403785 0.0392995088 -0.00149904716)
(0.000683561692 0.0362218669 -0.00132499996)
(0.000621554678 0.0332277637 -0.00115983327)
(0.000556212818 0.0303149788 -0.00100503713)
(0.000489253431 0.0274815114 -0.000861565994)
(0.000422248416 0.0247255055 -0.00072994195)
(0.00035662379 0.0220451851 -0.000610343827)
(0.000293664037 0.0194388007 -0.000502682645)
(0.00023451968 0.0169045857 -0.000406664509)
(0.000180216216 0.0144407248 -0.000321842291)
(0.000131660853 0.0120453309 -0.000247657447)
(8.96464152e-05 0.00971643079 -0.000183473491)
(5.48762122e-05 0.007451958 -0.000128602368)
(2.80639187e-05 0.00524975171 -8.23240935e-05)
(1.00221005e-05 0.00310756004 -4.3899412e-05)
(8.21616887e-07 0.00102304703 -1.25823473e-05)
(0.000294577153 0.103596291 -0.00048096663)
(1.2222664e-07 0.0983857703 -0.001267213)
(0.000154141917 0.0933630359 -0.00188155573)
(0.000285002241 0.0885244718 -0.00233741405)
(0.000410368217 0.0838635281 -0.00265264541)
(0.000530974238 0.0793723176 -0.00284588741)
(0.000641168581 0.0750423298 -0.00293584718)
(0.000735372674 0.0708648109 -0.00294065322)
(0.0008105347 0.0668310281 -0.00287728395)
(0.000865467473 0.0629324926 -0.00276117149)
(0.000900210519 0.0591611435 -0.00260598192)
(0.000915673068 0.0555094857 -0.00242353617)
(0.000913375288 0.051970682 -0.00222383598)
(0.000895231647 0.0485386001 -0.00201516363)
(0.00086337716 0.0452078179 -0.00180422914)
(0.000820035941 0.0419735942 -0.00159634315)
(0.000767425973 0.0388318122 -0.00139559927)
(0.000707693112 0.0357789057 -0.00120505391)
(0.000642868078 0.0328117732 -0.00102689573)
(0.000574841062 0.0299276903 -0.000862600037)
(0.000505349434 0.0271242225 -0.000713065511)
(0.00043597481 0.0243991449 -0.000578732762)
(0.000368146581 0.0217503709 -0.000459684994)
(0.000303149674 0.0191758916 -0.000355732038)
(0.000242134954 0.0166737246 -0.000266479296)
(0.000186130358 0.0142418755 -0.000191383463)
(0.000136049182 0.0118783087 -0.000129796781)
(9.26951512e-05 0.00958092664 -8.10016781e-05)
(5.6789711e-05 0.00734755781 -4.42373305e-05)
(2.90764544e-05 0.00517595066 -1.87189773e-05)
(1.04063431e-05 0.0030637729 -3.65095381e-06)
(8.08015877e-07 0.00100861501 1.76193521e-06)
(0.000295061717 0.103541413 -0.000532731907)
(3.91354885e-06 0.0982251229 -0.00139319412)
(0.000163073355 0.0931029306 -0.00205506928)
(0.000299916395 0.0881730663 -0.00253631052)
(0.000430163759 0.0834305913 -0.00285867819)
(0.000554393237 0.0788688257 -0.00304464783)
(0.000666840331 0.074479998 -0.00311649824)
(0.000761933628 0.070255623 -0.00309553313)
(0.000836769065 0.0661868088 -0.00300145653)
(0.000890394272 0.0622645546 -0.00285196725)
(0.000923115524 0.0584800218 -0.00266255756)
(0.000936103717 0.0548247593 -0.00244647229)
(0.000931112853 0.0512908755 -0.00221478466)
(0.000910250869 0.0478711505 -0.00197655087)
(0.000875800989 0.044559092 -0.00173901163)
(0.000830090858 0.0413489425 -0.00150781562)
(0.000775401424 0.0382356468 -0.00128724668)
(0.000713907022 0.0352147902 -0.00108044189)
(0.000647639295 0.0322825194 -0.000889592771)
(0.000578468763 0.0294354533 -0.000716125063)
(0.000508099033 0.0266705917 -0.000560855501)
(0.000438069648 0.0239852287 -0.000424125453)
(0.000369764511 0.0213768726 -0.000305912777)
(0.000304423664 0.0188431764 -0.000205923733)
(0.000243156857 0.0163818786 -0.000123667173)
(0.000186957123 0.0139907558 -5.8513463e-05)
(0.000136710806 0.0116675851 -9.74038158e-06)
(9.32037221e-05 0.00941011685 2.34318025e-05)
(5.71495175e-05 0.00721605533 4.18146454e-05)
(2.92952253e-05 0.00508304734 4.6232634e-05)
(1.05058319e-05 0.00300867597 3.75095971e-05)
(8.21618169e-07 0.000990459387 1.64590936e-05)
(0.000295456542 0.103472739 -0.0005873884)
(6.81682105e-06 0.0980240406 -0.00152517101)
(0.000169399276 0.0927772599 -0.00223554641)
(0.00030968981 0.0877330081 -0.00274161606)
(0.00044202049 0.0828884479 -0.00306958774)
(0.000566889961 0.078238481 -0.00324623983)
(0.000678570846 0.0737762971 -0.00329779811)
(0.000771666669 0.0694937459 -0.00324902438)
(0.000843566814 0.0653817087 -0.00312253652)
(0.000893666273 0.0614304996 -0.00293840292)
(0.000922616349 0.0576302568 -0.00271397543)
(0.000931894748 0.0539712858 -0.00246390434)
(0.000923504375 0.0504443345 -0.00220028112)
(0.000899736186 0.0470407902 -0.00193286243)
(0.000862990892 0.0437527987 -0.00166933764)
(0.000815653873 0.0405733155 -0.00141561143)
(0.000760012906 0.0374961013 -0.00117608168)
(0.000698208399 0.0345156752 -0.000953899486)
(0.000632207531 0.0316272402 -0.000751203952)
(0.000563795356 0.0288265923 -0.00056932811)
(0.000494577447 0.0261100238 -0.000408975412)
(0.000425989865 0.0234742271 -0.000270367808)
(0.000359313397 0.0209162049 -0.000153367692)
(0.000295689926 0.0184331897 -5.75764363e-05)
(0.000236139432 0.0160225742 1.75872683e-05)
(0.000181575794 0.0136818531 7.2825984e-05)
(0.000132818774 0.011408577 0.000108917527)
(9.06016598e-05 0.00920031599 0.000126680773)
(5.55996685e-05 0.00705463238 0.000126951158)
(2.85333188e-05 0.00496906145 0.000110563352)
(1.0250908e-05 0.00294109917 7.83377317e-05)
(8.06654876e-07 0.000968195313 3.10716468e-05)
(0.00029574402 0.103388211 -0.000644108569)
(8.59553422e-06 0.0977765147 -0.00166085339)
(0.000172476352 0.092376375 -0.00241944537)
(0.000313130172 0.0871914451 -0.00294881186)
(0.0004441339 0.0822215788 -0.0032801864)
(0.000566032491 0.0774636883 -0.00344512026)
(0.000673320959 0.0729121529 -0.00347415191)
(0.000760976612 0.0685591904 -0.0033957722)
(0.000826857292 0.0643953251 -0.00323567037)
(0.000870838219 0.060409936 -0.00301634126)
(0.000894003918 0.0565918112 -0.00275697574)
(0.000898185154 0.0529296464 -0.00247355565)
(0.000885643365 0.0494124537 -0.00217908501)
(0.000858832298 0.0460298637 -0.0018839009)
(0.00082022715 0.0427723211 -0.0015960199)
(0.000772211884 0.0396311875 -0.00132148888)
(0.000717011536 0.0365987669 -0.001064719)
(0.000656657276 0.0336682738 -0.000828790562)
(0.000592974411 0.030833762 -0.0006157223)
(0.000527585752 0.028090029 -0.000426703158)
(0.000461924624 0.0254325108 -0.00026228739)
(0.000397253328 0.0228571733 -0.000122555486)
(0.000334684201 0.0203604104 -7.2443535e-06)
(0.000275200757 0.0179389495 8.41487991e-05)
(0.000219677902 0.0155897695 0.000152286234)
(0.000168899934 0.0133100321 0.000197928496)
(0.000123574257 0.0110970225 0.000221886713)
(8.43413707e-05 0.0089481029 0.000224990139)
(5.18028996e-05 0.0068606763 0.000208066119)
(2.66181851e-05 0.00483215879 0.000171924471)
(9.58159191e-06 0.00285995949 0.000117344522)
(7.587622e-07 0.000941466723 4.50670329e-05)
(0.000295907448 0.10328548 -0.000701889797)
(9.04266216e-06 0.0974757134 -0.00179747404)
(0.00017170829 0.0918893658 -0.0026024841)
(0.000309080791 0.0865339602 -0.00315244529)
(0.000434723739 0.081412749 -0.0034842636)
(0.000549404859 0.0765251378 -0.00363470569)
(0.000648064358 0.0718669112 -0.00363894942)
(0.000726280464 0.0674306242 -0.00352949297)
(0.000782592413 0.0632062172 -0.00333521562)
(0.000817510949 0.0591817722 -0.00308103148)
(0.000832649017 0.0553442884 -0.00278787841)
(0.000830232992 0.0516803844 -0.00247292612)
(0.00081278212 0.0481768753 -0.00214992231)
(0.000782878747 0.044821203 -0.00182961054)
(0.000743014233 0.0416017211 -0.00152016956)
(0.00069549681 0.0385078538 -0.00122764071)
(0.000642405075 0.0355301518 -0.000956322557)
(0.000585572949 0.0326602718 -0.000709121968)
(0.000526595252 0.0298909041 -0.000487857565)
(0.000466845911 0.0272156686 -0.000293515723)
(0.000407503095 0.0246289949 -0.000126462107)
(0.00034957754 0.0221259987 1.33870014e-05)
(0.000293941027 0.019702363 0.000126427986)
(0.000241353224 0.0173542285 0.000213265544)
(0.000192484806 0.0150780967 0.000274633826)
(0.000147934942 0.0128707452 0.000311335781)
(0.000108246971 0.0107291566 0.000324190158)
(7.39217582e-05 0.00865046048 0.000314000034)
(4.54494652e-05 0.00663188625 0.000281549225)
(2.3389186e-05 0.00467072589 0.000227581684)
(8.43900448e-06 0.00276430496 0.000152792916)
(6.72418177e-07 0.000909960764 5.78232212e-05)
(0.000295935245 0.103161781 -0.000759590398)
(8.02375541e-06 0.0971136232 -0.0019318459)
(0.000166630132 0.0913035248 -0.00277966718)
(0.000296523887 0.0857439285 -0.00334611939)
(0.000412175767 0.0804423342 -0.0036746175)
(0.000514719415 0.0754011714 -0.00380743279)
(0.000599905441 0.0706177994 -0.00378459103)
(0.000664127279 0.066084966 -0.00364300402)
(0.000706884689 0.0617916505 -0.00341479423)
(0.000729500051 0.0577241141 -0.00312718616)
(0.000734204744 0.053866974 -0.00280267533)
(0.000723648507 0.0502041712 -0.00245938904)
(0.000700588856 0.0467197567 -0.00211157628)
(0.000667682574 0.0433984735 -0.00177015392)
(0.000627359915 0.0402261401 -0.00144325233)
(0.000581762417 0.0371898662 -0.00113672617)
(0.000532724687 0.0342781341 -0.000854611928)
(0.000481784251 0.0314807822 -0.000599524535)
(0.000430208001 0.028788924 -0.000372992525)
(0.000379027237 0.0261948262 -0.00017573508)
(0.00032907601 0.0236917695 -7.88665761e-06)
(0.00028102968 0.0212739035 0.000130823588)
(0.000235442287 0.0189361069 0.000240932002)
(0.000192782233 0.0166738597 0.000323136436)
(0.000153460481 0.0144831265 0.000378225643)
(0.000117832624 0.0123602565 0.000407041423)
(8.62348024e-05 0.0103018982 0.000410357636)
(5.89330632e-05 0.00830492749 0.000388906356)
(3.62910938e-05 0.00636638999 0.000343415595)
(1.87214981e-05 0.0044834523 0.00027451343)
(6.78028397e-06 0.00265336342 0.00018276364)
(5.45572291e-07 0.000873423868 6.8655014e-05)
(0.000295830262 0.103013721 -0.000816017385)
(5.50205476e-06 0.0966804443 -0.00206053748)
(0.000156959146 0.0906034444 -0.00294549464)
(0.000274652729 0.0848014403 -0.00352264736)
(0.000375539333 0.0792871944 -0.00384308443)
(0.000459865475 0.0740667207 -0.00395469473)
(0.000526189928 0.0691390087 -0.00390240345)
(0.000571306751 0.0644966675 -0.00372824271)
(0.000596153905 0.0601271045 -0.0034673923)
(0.000603041321 0.0560139954 -0.00314912718)
(0.000594869758 0.0521387677 -0.00279719551)
(0.000574705106 0.0484819099 -0.00243035262)
(0.00054549312 0.0450240122 -0.00206302763)
(0.000509884052 0.0417465198 -0.00170601874)
(0.000470147832 0.0386322181 -0.0013671555)
(0.000428151896 0.0356654981 -0.00105189647)
(0.00038537823 0.0328324505 -0.000763849025)
(0.000342962513 0.0301208402 -0.000505207236)
(0.000301743841 0.0275200022 -0.000277113997)
(0.000262317734 0.0250206927 -7.99541902e-05)
(0.000225086923 0.0226149184 8.64121714e-05)
(0.000190306626 0.0202957643 0.000222464675)
(0.000158126162 0.0180572273 0.000328878863)
(0.00012863874 0.015894064 0.000406407281)
(0.000101934145 0.0138016551 0.000455798155)
(7.78355295e-05 0.0117758878 0.000477918653)
(5.71564373e-05 0.00981305324 0.000474006342)
(3.89457748e-05 0.0079097608 0.000444303278)
(2.40255685e-05 0.00606286714 0.000389253984)
(1.24413977e-05 0.00426941702 0.000309390512)
(4.53509918e-06 0.00252659362 0.000205142061)
(3.72256405e-07 0.000831678582 7.68068019e-05)
(0.000295572616 0.102836915 -0.000869915657)
(1.27352357e-06 0.0961635838 -0.00217995126)
(0.000142121185 0.0897695098 -0.00309429631)
(0.000242290368 0.0836815128 -0.00367457588)
(0.000326152972 0.0779188234 -0.00397949096)
(0.000381760232 0.0724915775 -0.00406503918)
(0.000424269481 0.0674002095 -0.00398203169)
(0.000444758092 0.0626365572 -0.00377621015)
(0.00044723444 0.0581854623 -0.00348551997)
(0.000435047606 0.0540268921 -0.00314102261)
(0.000411749411 0.0501379805 -0.00276736498)
(0.000380774024 0.0464947646 -0.002383502)
(0.00034516614 0.043073523 -0.0020036506)
(0.000307457281 0.0398517091 -0.00163815273)
(0.000269636231 0.0368085298 -0.00129425604)
(0.000233174853 0.0339252385 -0.000976797404)
(0.000199086969 0.0311852202 -0.000688782783)
(0.000168000197 0.0285739332 -0.000431856281)
(0.000140228917 0.0260787636 -0.000206681995)
(0.000115846146 0.0236888311 -1.32461555e-05)
(9.47458514e-05 0.0213947771 0.000148909529)
(7.66926861e-05 0.0191885541 0.000280511837)
(6.13557817e-05 0.017063226 0.000382430843)
(4.83776812e-05 0.0150127873 0.000455594884)
(3.7938919e-05 0.013032004 0.000500913123)
(2.80309159e-05 0.0111162791 0.000518997537)
(1.97936614e-05 0.0092615363 0.000509939335)
(1.36222151e-05 0.00746411721 0.00047487427)
(8.48670654e-06 0.00572069207 0.000414288466)
(4.43742345e-06 0.00402819085 0.000328433477)
(1.64304459e-06 0.00238374618 0.000217443049)
(1.29652461e-07 0.00078464364 8.13474413e-05)
(0.000294876622 0.10262544 -0.000919320145)
(-5.73185467e-06 0.0955460881 -0.00228494784)
(0.000119672113 0.0887755326 -0.00321837471)
(0.000194799548 0.0823512225 -0.00379326364)
(0.000253659284 0.0763004104 -0.0040750566)
(0.000276023498 0.070637696 -0.00412995825)
(0.000290349733 0.0653643531 -0.00401481727)
(0.00028101105 0.0604701753 -0.00377873172)
(0.000257440696 0.0559358447 -0.00346236056)
(0.000223478937 0.0517360024 -0.00309770879)
(0.000183377943 0.0478419888 -0.00270983034)
(0.000140949498 0.0442241131 -0.00231725558)
(9.92014287e-05 0.0408533155 -0.00193351732)
(6.04063118e-05 0.0377022729 -0.00156812356)
(2.6140887e-05 0.0347460363 -0.00122743986)
(-2.64569652e-06 0.0319623142 -0.000915451178)
(-2.55219446e-05 0.0293315049 -0.000634387518)
(-4.24655686e-05 0.0268365742 -0.000385220375)
(-5.37766432e-05 0.0244628417 -0.000168050465)
(-5.99892341e-05 0.0221977201 1.75910549e-05)
(-6.17921371e-05 0.0200304435 0.000172513102)
(-5.99582164e-05 0.0179518089 0.000297697047)
(-5.52782439e-05 0.0159539361 0.000394176635)
(-4.85606329e-05 0.0140300563 0.000462960154)
(-4.12311927e-05 0.0121743257 0.000504962849)
(-3.19015015e-05 0.0103816647 0.000520769239)
(-2.31842972e-05 0.00864762327 0.000510417276)
(-1.59544144e-05 0.00696827061 0.000474749797)
(-9.6385291e-06 0.0053401015 0.000414101385)
(-4.77491935e-06 0.0037599526 0.000328487727)
(-1.61745039e-06 0.00222493121 0.000217761495)
(-1.06412147e-07 0.000732356007 8.16441722e-05)
(0.000293816179 0.102371012 -0.000961898534)
(-1.48155882e-05 0.0948044371 -0.00236932602)
(9.04737781e-05 0.0875856928 -0.00330832899)
(0.000135176551 0.0807663439 -0.00386767044)
(0.000154179972 0.0743835134 -0.00411979261)
(0.000149195231 0.0684561416 -0.0041381958)
(0.000120516077 0.0629850353 -0.00399101205)
(7.92269903e-05 0.057955656 -0.00372824766)
(2.66869069e-05 0.0533420928 -0.00339220623)
(-3.10096632e-05 0.0491112889 -0.00301552601)
(-8.89139623e-05 0.0452267502 -0.00262264273)
(-0.000142706581 0.0416514268 -0.00223125183)
(-0.000189721658 0.0383497094 -0.00185371649)
(-0.00022812769 0.0352886409 -0.00149829355)
(-0.000256902415 0.032438542 -0.00117015608)
(-0.000275729537 0.0297732144 -0.000872218212)
(-0.000284850213 0.0272698669 -0.000605781432)
(-0.000284923587 0.0249088752 -0.000371040476)
(-0.000276911128 0.0226734595 -0.000167464854)
(-0.000261980186 0.0205493317 5.91296601e-06)
(-0.000241423815 0.0185243483 0.000150280393)
(-0.000216595561 0.0165881895 0.00026688299)
(-0.000188858756 0.0147320717 0.000356899306)
(-0.000159561182 0.0129484976 0.000421344128)
(-0.000130034225 0.0112310429 0.000461012078)
(-0.000101279036 0.00957417761 0.000476658924)
(-7.49109496e-05 0.00797311518 0.000469277686)
(-5.11921965e-05 0.00642368529 0.000438483409)
(-3.13490609e-05 0.00492222908 0.00038414331)
(-1.59756632e-05 0.00346550877 0.000306072834)
(-5.66984465e-06 0.00205063016 0.000203865443)
(-4.43823326e-07 0.000674975067 7.68912974e-05)
(0.000292297296 0.102061288 -0.000995497486)
(-2.54927988e-05 0.0939038391 -0.00242648803)
(5.48892494e-05 0.086147782 -0.00335505316)
(6.2244212e-05 0.0788637497 -0.00388498412)
(3.05735031e-05 0.0721005838 -0.00409989689)
(-8.09471776e-06 0.0658806929 -0.00408143772)
(-7.8439461e-05 0.0602014928 -0.00390297623)
(-0.000157591124 0.0550402021 -0.00361851331)
(-0.000241694926 0.0503604213 -0.00327071384)
(-0.000324115593 0.0461180159 -0.00289191113)
(-0.000399424491 0.0422659814 -0.00250506362)
(-0.000463694072 0.0387579308 -0.00212632343)
(-0.000514520248 0.0355503245 -0.0017663373)
(-0.000550676261 0.0326036867 -0.0014317196)
(-0.000571879264 0.0298830955 -0.00112618924)
(-0.000578579704 0.0273581961 -0.000851425202)
(-0.000571769519 0.025002929 -0.000607709433)
(-0.000552822692 0.022795109 -0.000394407818)
(-0.000523370586 0.0207159492 -0.000210326241)
(-0.00048520684 0.0187495834 -5.39734385e-05)
(-0.000440214571 0.0168826218 7.6244899e-05)
(-0.000390314883 0.0151037531 0.000181883337)
(-0.000337424303 0.013403405 0.000264352344)
(-0.000283425598 0.0117734525 0.000324844566)
(-0.000230139098 0.0102069756 0.000364294364)
(-0.00017926982 0.0086980608 0.000383371904)
(-0.000132373589 0.00724163574 0.000382392589)
(-9.08078334e-05 0.00583333299 0.000361312943)
(-5.5840809e-05 0.00446937759 0.000319843079)
(-2.86189417e-05 0.0031464918 0.000257410129)
(-1.02388102e-05 0.00186181287 0.000173184414)
(-8.11706633e-07 0.000612820731 6.60932412e-05)
(0.000290883138 0.101676843 -0.00101858848)
(-3.75021396e-05 0.0927901344 -0.0024506133)
(1.43962764e-05 0.084382043 -0.00335258829)
(-2.25897319e-05 0.0765495197 -0.00383759187)
(-9.93304405e-05 0.0693542316 -0.00400665202)
(-0.000191380405 0.0628187996 -0.00395160187)
(-0.0003045378 0.0569314184 -0.00374457321)
(-0.000423673536 0.0516547107 -0.00344507138)
(-0.000540137557 0.0469357871 -0.00309561189)
(-0.000646640464 0.0427146172 -0.00272649385)
(-0.000737833055 0.0389301615 -0.00235844159)
(-0.000810353094 0.0355243406 -0.00200506137)
(-0.000862544568 0.0324442535 -0.00167472876)
(-0.000894066529 0.0296431382 -0.00137211484)
(-0.00090554596 0.0270805121 -0.00109933235)
(-0.000898292553 0.0247218325 -0.000856768705)
(-0.000874075365 0.0225379101 -0.000643684267)
(-0.000834956665 0.020504228 -0.000458640283)
(-0.000783174407 0.0186002601 -0.000299805295)
(-0.000721062764 0.0168088366 -0.000165176402)
(-0.000651000118 0.0151155824 -5.27417251e-05)
(-0.000575374368 0.0135084346 3.93974094e-05)
(-0.000496561756 0.0119772375 0.000112933956)
(-0.000416909402 0.0105134126 0.000169283569)
(-0.000338713497 0.00910968845 0.000209531192)
(-0.00026419078 0.00775988152 0.000234388417)
(-0.000195443557 0.00645872181 0.00024415558)
(-0.000134422667 0.00520171202 0.000238702193)
(-8.29191859e-05 0.00398501351 0.000217501056)
(-4.26519925e-05 0.00280535127 0.000179647556)
(-1.53298596e-05 0.00165993212 0.000123876292)
(-1.227247e-06 0.000546371786 4.85928657e-05)
(0.000290341656 0.10118502 -0.0010306505)
(-5.36425658e-05 0.091373575 -0.00243866454)
(-3.44812353e-05 0.082159298 -0.00329427004)
(-0.000120073226 0.0736758292 -0.0037179649)
(-0.000243234251 0.065996611 -0.00383238198)
(-0.000390355103 0.0591357207 -0.0037373596)
(-0.000550534296 0.0530603825 -0.00350906835)
(-0.000709254207 0.0477074428 -0.00320578951)
(-0.000855970519 0.0429984989 -0.0028680382)
(-0.000983224021 0.0388511144 -0.00252287911)
(-0.00108638485 0.0351859932 -0.00218762788)
(-0.00116319188 0.0319309162 -0.00187274631)
(-0.00121319619 0.0290224203 -0.00158398616)
(-0.00123723134 0.0264060619 -0.00132394074)
(-0.00123698069 0.0240358854 -0.00109313262)
(-0.0012146513 0.0218735099 -0.000890758528)
(-0.00117274307 0.0198870891 -0.00071519328)
(-0.0011138958 0.0180502862 -0.000564329891)
(-0.00104079686 0.0163413376 -0.000435811608)
(-0.000956133439 0.014742237 -0.000327194917)
(-0.000862575163 0.0132380433 -0.000236070306)
(-0.000762775613 0.0118163091 -0.00016015825)
(-0.000659383709 0.0104666147 -9.73916362e-05)
(-0.000555055725 0.00918019462 -4.59902359e-05)
(-0.000452465555 0.0079496407 -4.53273885e-06)
(-0.000354300828 0.0067686715 2.79721032e-05)
(-0.000263233923 0.00563195178 5.20186503e-05)
(-0.000181867073 0.00453495277 6.75523846e-05)
(-0.000112699351 0.00347384361 7.39485772e-05)
(-5.82319127e-05 0.00244540418 7.00151711e-05)
(-2.10293263e-05 0.00144695172 5.39986881e-05)
(-1.69783927e-06 0.000476274905 2.36438506e-05)
(0.000290725641 0.100527024 -0.00103151368)
(-7.35862007e-05 0.0894961296 -0.00238848505)
(-9.37786959e-05 0.0792606937 -0.00317023328)
(-0.000227190555 0.0700037626 -0.00351707914)
(-0.00040243889 0.0618004256 -0.00357072975)
(-0.000602604388 0.0546345417 -0.00343863951)
(-0.000806716853 0.0484294485 -0.00319903783)
(-0.000999162669 0.0430774379 -0.00290636393)
(-0.00116894745 0.0384614872 -0.00259615766)
(-0.00130941142 0.0344686804 -0.00229044813)
(-0.00141741098 0.0309971314 -0.00200210447)
(-0.00149236702 0.0279586252 -0.0017379926)
(-0.00153542609 0.0252787719 -0.00150114281)
(-0.00154880107 0.0228958933 -0.00129219333)
(-0.0015352883 0.02075939 -0.0011103227)
(-0.00149793667 0.0188280044 -0.000953835949)
(-0.00143983742 0.0170681908 -0.000820526344)
(-0.00136400498 0.0154526799 -0.000707895921)
(-0.00127332475 0.0139592637 -0.000613290898)
(-0.00117054887 0.0125697916 -0.000533989715)
(-0.00105832433 0.0112693546 -0.000467269451)
(-0.000939240048 0.0100456314 -0.000410466118)
(-0.000815884535 0.00888837015 -0.00036103554)
(-0.000690911343 0.0077889813 -0.000316621484)
(-0.000567105507 0.00674022186 -0.000275146945)
(-0.000447436898 0.00573595412 -0.000234927825)
(-0.000335078318 0.00477096427 -0.000194812126)
(-0.000233362613 0.00384082928 -0.000154343221)
(-0.000145734869 0.00294182149 -0.000113884879)
(-7.58572056e-05 0.00207083807 -7.46716425e-05)
(-2.75939951e-05 0.00122534777 -3.89215442e-05)
(-2.26015172e-06 0.000403344931 -9.77617366e-06)
(0.000292176459 0.0995870429 -0.00102265773)
(-9.02685311e-05 0.0868591656 -0.00229779155)
(-0.000152181441 0.0752965426 -0.00297424827)
(-0.000333272359 0.065136138 -0.00322945416)
(-0.000564192897 0.0564135893 -0.00322110424)
(-0.000811305893 0.0490307918 -0.00306184555)
(-0.00105002043 0.042824093 -0.00282667258)
(-0.00126424895 0.0376120724 -0.00256251207)
(-0.00144442426 0.0332223339 -0.00229714141)
(-0.00158616962 0.0295034603 -0.00204599437)
(-0.00168878823 0.0263282811 -0.00181686764)
(-0.00175392591 0.0235927725 -0.00161298795)
(-0.00178457278 0.0212131508 -0.00143493559)
(-0.00178436853 0.0191225103 -0.0012818209)
(-0.00175713741 0.0172676386 -0.00115196578)
(-0.0017066002 0.0156062532 -0.00104327301)
(-0.00163621494 0.0141047111 -0.000953415242)
(-0.00154910567 0.0127361601 -0.000879919541)
(-0.0014480536 0.0114790696 -0.000820193514)
(-0.00133553578 0.0103160741 -0.000771524841)
(-0.00121379701 0.00923306713 -0.000731080768)
(-0.00108493607 0.0082184962 -0.000695922892)
(-0.000950999765 0.00726281581 -0.000663021826)
(-0.000814106898 0.00635806582 -0.00062926323)
(-0.00067660156 0.00549754821 -0.00059152518)
(-0.000541226358 0.004675583 -0.000546805823)
(-0.000411322156 0.00388732826 -0.000492428582)
(-0.000290865722 0.0031286515 -0.000426425661)
(-0.000184454342 0.00239606485 -0.000348006031)
(-9.74373062e-05 0.00168665834 -0.000257769822)
(-3.59391299e-05 0.000998082565 -0.000157987909)
(-2.95650955e-06 0.000328558171 -5.29439391e-05)
(0.000294421304 0.0981034701 -0.00101062889)
(-9.80724701e-05 0.0828421437 -0.00216499448)
(-0.000203577203 0.0695319213 -0.0027029275)
(-0.000433796716 0.0583961824 -0.00285490634)
(-0.00070953208 0.0492937448 -0.00279273251)
(-0.000987342911 0.0419274215 -0.00262549764)
(-0.00124090718 0.0359726207 -0.00241689408)
(-0.0014564442 0.0311363859 -0.00220176002)
(-0.00162809216 0.0271760251 -0.00199790831)
(-0.00175516518 0.0238989552 -0.00181354484)
(-0.00184006294 0.0211556335 -0.00165162204)
(-0.00188679955 0.0188310783 -0.00151233364)
(-0.00190007327 0.016837145 -0.00139451788)
(-0.00188469166 0.0151061899 -0.00129646817)
(-0.00184520106 0.0135861227 -0.00121631998)
(-0.00178568572 0.0122366332 -0.0011521791)
(-0.00170968545 0.0110263429 -0.00110214657)
(-0.00162017243 0.00993066311 -0.00106428495)
(-0.00151956797 0.00893018461 -0.00103654396)
(-0.00140980453 0.00800946245 -0.00101666148)
(-0.00129243171 0.00715609582 -0.00100208179)
(-0.00116870894 0.00636002859 -0.000989951658)
(-0.0010396713 0.00561301823 -0.000977071097)
(-0.000906271949 0.00490823448 -0.000959650094)
(-0.000769561352 0.00423995515 -0.000933293999)
(-0.000630925883 0.00360333297 -0.00089300301)
(-0.000492893655 0.00299423576 -0.000832971865)
(-0.000359417771 0.00240906127 -0.000747973651)
(-0.000235807338 0.00184469687 -0.000634128415)
(-0.000129372387 0.00129855674 -0.000489234507)
(-5.03368426e-05 0.000768558572 -0.000313385046)
(-4.47619457e-06 0.000253057572 -0.000110909578)
(0.000305130206 0.0953503265 -0.00102323951)
(-7.78298821e-05 0.0760029393 -0.00199691304)
(-0.000228819981 0.0605176615 -0.00235907611)
(-0.000499136472 0.0486429295 -0.00240861132)
(-0.000795835233 0.0396537652 -0.002315201)
(-0.00107354413 0.0328274192 -0.00216845512)
(-0.00131032345 0.0275840931 -0.0020118168)
(-0.00149871365 0.0234947251 -0.00186448407)
(-0.00163865231 0.0202513823 -0.00173383241)
(-0.0017338135 0.0176347896 -0.00162177613)
(-0.00178948613 0.0154882953 -0.00152775608)
(-0.00181142462 0.0136990173 -0.00145016985)
(-0.00180527087 0.0121846903 -0.00138710379)
(-0.00177630089 0.0108846369 -0.00133684937)
(-0.00172919199 0.0097535868 -0.00129801426)
(-0.00166792805 0.00875738207 -0.00126940956)
(-0.00159582645 0.00786997285 -0.00124998009)
(-0.00151555141 0.00707128849 -0.00123872599)
(-0.00142910546 0.00634571156 -0.00123457439)
(-0.00133785753 0.00568096951 -0.00123615536)
(-0.00124267623 0.00506731827 -0.00124154341)
(-0.00114380082 0.00449693103 -0.00124829898)
(-0.00104104905 0.00396343813 -0.00125401141)
(-0.000934073785 0.00346157933 -0.00125552046)
(-0.000822060739 0.00298700531 -0.00124859961)
(-0.000703533863 0.00253617581 -0.00122627312)
(-0.000577978456 0.00210596536 -0.00117665281)
(-0.000447158942 0.00169353102 -0.00109000498)
(-0.00031484069 0.00129643782 -0.000957752253)
(-0.00018685135 0.000912596703 -0.000769861892)
(-8.17447866e-05 0.000540285238 -0.000515832592)
(-6.314585e-06 0.000177973293 -0.000193561775)
(0.000357119231 0.08862408 -0.00108849443)
(5.97823804e-06 0.0625928728 -0.00179864358)
(-0.000184977828 0.0453931046 -0.00197530773)
(-0.00046815217 0.0341205492 -0.00195137028)
(-0.000739871142 0.0265482762 -0.00186502248)
(-0.000969186697 0.0212815028 -0.00176905667)
(-0.00114764446 0.0174851866 -0.00168187337)
(-0.00127733993 0.0146570439 -0.00160817318)
(-0.00136407324 0.0124875017 -0.00154781931)
(-0.00141467112 0.0107797008 -0.00149958436)
(-0.00143565343 0.00940439227 -0.0014617905)
(-0.00143308539 0.00827425211 -0.00143282562)
(-0.00141205114 0.00732854473 -0.00141067287)
(-0.00137695367 0.00652398011 -0.00139403399)
(-0.00133160254 0.00582920613 -0.00138243863)
(-0.00127914934 0.00522105924 -0.00137552961)
(-0.00122225688 0.00468216496 -0.00137308457)
(-0.00116314023 0.00419931441 -0.00137504447)
(-0.0011034853 0.00376234395 -0.00138151564)
(-0.00104449671 0.00336334786 -0.00139257286)
(-0.000987423375 0.00299611417 -0.00140773677)
(-0.00093218813 0.0026557126 -0.00142627434)
(-0.000877327603 0.00233819462 -0.00144789104)
(-0.000820939124 0.0020398825 -0.00146796135)
(-0.000759634707 0.0017577339 -0.00148213722)
(-0.000690719898 0.00149061207 -0.0014936607)
(-0.000614084094 0.00123679528 -0.00149021252)
(-0.000521815623 0.000993864974 -0.0014503961)
(-0.000415710966 0.000760375611 -0.00135735149)
(-0.000296804038 0.000535026622 -0.00118382957)
(-0.000167874422 0.000316673535 -0.000889627198)
(-3.54055854e-05 0.000104310858 -0.000403442534)
(0.000287487375 0.0639563198 -0.000992217499)
(0.000124446155 0.0325560454 -0.00145735252)
(-3.62517397e-05 0.0193784472 -0.00154142437)
(-0.000232084048 0.0130209442 -0.00153028524)
(-0.000388205411 0.00952244197 -0.00150815703)
(-0.000501192962 0.00737354579 -0.0014896325)
(-0.000577740949 0.00593736622 -0.0014763222)
(-0.000625848651 0.00491559314 -0.00146720271)
(-0.000651816114 0.00415399716 -0.00146118724)
(-0.000660741747 0.00356562284 -0.00145729508)
(-0.000657100134 0.00309783635 -0.00145479759)
(-0.00064521546 0.00271694985 -0.00145324356)
(-0.000627246842 0.00240041215 -0.00145251076)
(-0.000604588031 0.00213258186 -0.00145226183)
(-0.000579300971 0.00190231333 -0.00145243242)
(-0.000552735826 0.00170148399 -0.00145305271)
(-0.000526145719 0.00152406271 -0.00145417392)
(-0.000500734743 0.00136549933 -0.00145593843)
(-0.000477288647 0.00122231332 -0.00145856119)
(-0.000457023663 0.00109181022 -0.00146225849)
(-0.00044166234 0.000971880497 -0.00146760667)
(-0.000432361038 0.000860853099 -0.00147566639)
(-0.000429948325 0.000757387547 -0.00148778351)
(-0.000436185329 0.000660392214 -0.00150692095)
(-0.000449603516 0.000569031138 -0.00153972303)
(-0.000472147305 0.000482453852 -0.00157137143)
(-0.00050640835 0.000399834327 -0.00157555416)
(-0.000532513027 0.000320676372 -0.00153610443)
(-0.000543182559 0.000244764924 -0.00145446131)
(-0.000517791249 0.000171821808 -0.00131460681)
(-0.000404699166 0.00010152005 -0.00106915006)
(-0.000150917951 3.34282748e-05 -0.000545169208)
)
;

boundaryField
{
    inner_wall
    {
        type            rotatingWallVelocity;
        origin          (0 0 0);
        axis            (0 0 1);
        omega           table;
        omegaCoeffs
        {
            values          
3
(
(0 0)
(0.1 4.18879)
(41 4.18879)
)
;
        }
        value           nonuniform List<vector> 
96
(
(0 0.106293981 0)
(0 0.106293981 0)
(0 0.106293981 0)
(0 0.106293981 0)
(0 0.106293981 0)
(0 0.106293981 0)
(0 0.106293981 0)
(0 0.106293981 0)
(0 0.106293981 0)
(0 0.106293981 0)
(0 0.106293981 0)
(0 0.106293981 0)
(0 0.106293981 0)
(0 0.106293981 0)
(0 0.106293981 0)
(0 0.106293981 0)
(0 0.106293981 0)
(0 0.106293981 0)
(0 0.106293981 0)
(0 0.106293981 0)
(0 0.106293981 0)
(0 0.106293981 0)
(0 0.106293981 0)
(0 0.106293981 0)
(0 0.106293981 0)
(0 0.106293981 0)
(0 0.106293981 0)
(0 0.106293981 0)
(0 0.106293981 0)
(0 0.106293981 0)
(0 0.106293981 0)
(0 0.106293981 0)
(0 0.106293981 0)
(0 0.106293981 0)
(0 0.106293981 0)
(0 0.106293981 0)
(0 0.106293981 0)
(0 0.106293981 0)
(0 0.106293981 0)
(0 0.106293981 0)
(0 0.106293981 0)
(0 0.106293981 0)
(0 0.106293981 0)
(0 0.106293981 0)
(0 0.106293981 0)
(0 0.106293981 0)
(0 0.106293981 0)
(0 0.106293981 0)
(0 0.106293981 0)
(0 0.106293981 0)
(0 0.106293981 0)
(0 0.106293981 0)
(0 0.106293981 0)
(0 0.106293981 0)
(0 0.106293981 0)
(0 0.106293981 0)
(0 0.106293981 0)
(0 0.106293981 0)
(0 0.106293981 0)
(0 0.106293981 0)
(0 0.106293981 0)
(0 0.106293981 0)
(0 0.106293981 0)
(0 0.106293981 0)
(0 0.106293981 0)
(0 0.106293981 0)
(0 0.106293981 0)
(0 0.106293981 0)
(0 0.106293981 0)
(0 0.106293981 0)
(0 0.106293981 0)
(0 0.106293981 0)
(0 0.106293981 0)
(0 0.106293981 0)
(0 0.106293981 0)
(0 0.106293981 0)
(0 0.106293981 0)
(0 0.106293981 0)
(0 0.106293981 0)
(0 0.106293981 0)
(0 0.106293981 0)
(0 0.106293981 0)
(0 0.106293981 0)
(0 0.106293981 0)
(0 0.106293981 0)
(0 0.106293981 0)
(0 0.106293981 0)
(0 0.106293981 0)
(0 0.106293981 0)
(0 0.106293981 0)
(0 0.106293981 0)
(0 0.106293981 0)
(0 0.106293981 0)
(0 0.106293981 0)
(0 0.106293981 0)
(0 0.106293981 0)
)
;
    }
    outer_wall
    {
        type            rotatingWallVelocity;
        origin          (0 0 0);
        axis            (0 0 1);
        omega           constant 0;
        value           uniform (-0 0 -0);
    }
    top
    {
        type            fixedValue;
        value           uniform (0 0 -0.001462);
    }
    bottom
    {
        type            inletOutlet;
        inletValue      uniform (0 0 0);
        value           nonuniform List<vector> 
32
(
(0 0 0)
(0 0 0)
(0 0 0)
(0 0 0)
(0 0 0)
(0 0 0)
(0 0 0)
(0 0 0)
(0 0 0)
(0 0 0)
(-0.000402737843 0.0159196736 -0.000327641007)
(-0.000304229723 0.0191045414 -0.000991887517)
(-0.000212446018 0.0209244612 -0.00165451552)
(-0.00013167836 0.0218306373 -0.00228948661)
(-6.0920256e-05 0.0220945476 -0.00287400331)
(-1.58559934e-06 0.0218902412 -0.00339083996)
(4.53628126e-05 0.0213356295 -0.00382830936)
(8.02133107e-05 0.0205147279 -0.00417918328)
(0.000103963134 0.0194898824 -0.00443958466)
(0.000117922165 0.0183089495 -0.00460816373)
(0.000123382507 0.0170096431 -0.00468530301)
(0.000123891723 0.0156222813 -0.00467318207)
(0.000116056082 0.0141715911 -0.00457413257)
(0.000105804741 0.0126779246 -0.00439107107)
(9.27825826e-05 0.011158122 -0.00412811997)
(7.81397721e-05 0.00962613698 -0.00378958874)
(6.28405311e-05 0.00809351775 -0.00337970361)
(4.76436034e-05 0.00656978876 -0.00290252742)
(3.31844875e-05 0.00506276366 -0.00236185373)
(2.01127342e-05 0.00357880873 -0.00176104691)
(9.31907307e-06 0.00212306883 -0.00110279076)
(1.78156359e-06 0.000699664123 -0.000388754326)
)
;
    }
    front
    {
        type            wedge;
    }
    back
    {
        type            wedge;
    }
}


// ************************************************************************* //
