time_s,conversion
0.00120005,3.0978553e-12
0.00264017,1.9855943e-08
0.00436833,6.4289292e-08
0.00644211,1.4245903e-07
0.00893055,2.6687379e-07
0.0119165,4.5339079e-07
0.0155003,7.2066066e-07
0.0198003,1.0888898e-06
0.0249607,1.5786413e-06
0.0311525,2.2082416e-06
0.0385809,2.9910046e-06
0.0474909,3.9322936e-06
0.058181,5.028404e-06
0.0710092,6.2669337e-06
0.086403,7.6306619e-06
0.104864,9.1035415e-06
0.126516,1.0643508e-05
0.151387,1.2221072e-05
0.179445,1.3864943e-05
0.210721,1.5567429e-05
0.242712,1.7129196e-05
0.274703,1.8509056e-05
0.306694,1.9742671e-05
0.338685,2.0871186e-05
0.370677,2.1924699e-05
0.402668,2.2920272e-05
0.434659,2.3866284e-05
0.46665,2.4767164e-05
0.498641,2.5626247e-05
0.530632,2.6446846e-05
0.562623,2.723234e-05
0.594614,2.7985959e-05
0.626605,2.8710608e-05
0.658597,2.940881e-05
0.690588,3.0082745e-05
0.722579,3.0734312e-05
0.75457,3.136519e-05
0.786561,3.197688e-05
0.818552,3.2570736e-05
0.850543,3.3147983e-05
0.882534,3.3709733e-05
0.914525,3.4256993e-05
0.946517,3.4790679e-05
0.978508,3.5311626e-05
1.0105,3.5820599e-05
1.04249,3.6318295e-05
1.07448,3.6805354e-05
1.10647,3.7282365e-05
1.13846,3.774987e-05
1.17045,3.8208367e-05
1.20245,3.8658321e-05
1.23444,3.9100161e-05
1.26643,3.9534284e-05
1.29842,3.996106e-05
1.33041,4.0380829e-05
1.3624,4.0793911e-05
1.39439,4.1200603e-05
1.42638,4.1601184e-05
1.45837,4.1995914e-05
1.49037,4.2385038e-05
1.52236,4.2768786e-05
1.55435,4.3147373e-05
1.58634,4.3521001e-05
1.61833,4.3889862e-05
1.65032,4.4254137e-05
1.68231,4.4613995e-05
1.7143,4.4969597e-05
1.74629,4.5321095e-05
1.77829,4.5668634e-05
1.81028,4.6012354e-05
1.84227,4.6352381e-05
1.87426,4.6688841e-05
1.90625,4.7021849e-05
1.93824,4.7351518e-05
1.97023,4.7677953e-05
2.00222,4.8001257e-05
2.03421,4.8321525e-05
2.06621,4.8638852e-05
2.0982,4.8953326e-05
2.13019,4.9265031e-05
2.16218,4.9574048e-05
2.19417,4.9880455e-05
2.22616,5.0184326e-05
2.25815,5.0485735e-05
2.29014,5.0784747e-05
2.32213,5.108143e-05
2.35413,5.1375847e-05
2.38612,5.1668058e-05
2.41811,5.1958122e-05
2.4501,5.2246095e-05
2.48209,5.253203e-05
2.51408,5.2815982e-05
2.54607,5.3097998e-05
2.57806,5.3378128e-05
2.61005,5.3656418e-05
2.64205,5.3932914e-05
2.67404,5.4207658e-05
2.70603,5.4480692e-05
2.73802,5.4752058e-05
2.77001,5.5021796e-05
2.802,5.5289944e-05
2.83399,5.5556538e-05
2.86598,5.5821613e-05
2.89797,5.6085207e-05
2.92997,5.6347352e-05
2.96196,5.6608079e-05
2.99395,5.6867419e-05
3.02594,5.7125402e-05
3.05793,5.7382058e-05
3.08992,5.7637416e-05
3.12191,5.7891504e-05
3.1539,5.8144348e-05
3.18589,5.8395974e-05
3.21789,5.8646407e-05
3.24988,5.8895674e-05
3.28187,5.9143801e-05
3.31386,5.9390809e-05
3.34585,5.9636721e-05
3.37784,5.9881559e-05
3.40983,6.0125343e-05
3.44182,6.0368095e-05
3.47381,6.0609834e-05
3.50581,6.0850581e-05
3.5378,6.1090354e-05
3.56979,6.1329174e-05
3.60178,6.1567059e-05
3.63377,6.1804024e-05
3.66576,6.2040089e-05
3.69775,6.2275273e-05
3.72974,6.2509591e-05
3.76173,6.2743062e-05
3.79373,6.29757e-05
3.82572,6.3207517e-05
3.85771,6.3438526e-05
3.8897,6.3668741e-05
3.92169,6.3898179e-05
3.95368,6.4126855e-05
3.98567,6.4354788e-05
4.01766,6.4581987e-05
4.04965,6.4808466e-05
4.08165,6.5034236e-05
4.11364,6.5259309e-05
4.14563,6.5483701e-05
4.17762,6.5707419e-05
4.20961,6.593048e-05
4.2416,6.6152889e-05
4.27359,6.6374663e-05
4.30558,6.6595809e-05
4.33757,6.6816342e-05
4.36957,6.7036267e-05
4.40156,6.7255596e-05
4.43355,6.7474339e-05
4.46554,6.7692506e-05
4.49753,6.7910105e-05
4.52952,6.8127149e-05
4.56151,6.8343644e-05
4.5935,6.8559601e-05
4.62549,6.8775029e-05
4.65749,6.8989937e-05
4.68948,6.9204332e-05
4.72147,6.941822e-05
4.75346,6.9631612e-05
4.78545,6.9844517e-05
4.81744,7.0056946e-05
4.84943,7.0268904e-05
4.88142,7.0480399e-05
4.91341,7.0691436e-05
4.9454,7.0902024e-05
4.9774,7.1112168e-05
5.00939,7.132188e-05
5.04138,7.1531161e-05
5.07337,7.1740019e-05
5.10536,7.1948461e-05
5.13735,7.2156492e-05
5.16934,7.2364121e-05
5.20133,7.2571353e-05
5.23332,7.2778195e-05
5.26532,7.2984652e-05
5.29731,7.3190732e-05
5.3293,7.339644e-05
5.36129,7.360178e-05
5.39328,7.3806757e-05
5.42527,7.4011378e-05
5.45726,7.421565e-05
5.48925,7.4419582e-05
5.52124,7.4623176e-05
5.55324,7.4826436e-05
5.58523,7.5029368e-05
5.61722,7.5231975e-05
5.64921,7.5434262e-05
5.6812,7.5636235e-05
5.71319,7.5837899e-05
5.74518,7.6039259e-05
5.77717,7.624032e-05
5.80916,7.6441084e-05
5.84116,7.6641559e-05
5.87315,7.6841745e-05
5.90514,7.7041651e-05
5.93713,7.7241279e-05
5.96912,7.7440632e-05
6.00111,7.7639714e-05
6.0331,7.7838533e-05
6.06509,7.8037087e-05
6.09708,7.8235384e-05
6.12908,7.8433429e-05
6.16107,7.8631224e-05
6.19306,7.8828773e-05
6.22505,7.9026078e-05
6.25704,7.9223146e-05
6.28903,7.941998e-05
6.32102,7.9616582e-05
6.35301,7.9812954e-05
6.385,8.00091e-05
6.417,8.0205027e-05
6.44899,8.0400741e-05
6.48098,8.0596241e-05
6.51297,8.0791534e-05
6.54496,8.0986618e-05
6.57695,8.1181499e-05
6.60894,8.1376178e-05
6.64093,8.1570663e-05
6.67292,8.176495e-05
6.70492,8.1959046e-05
6.73691,8.2152952e-05
6.7689,8.2346671e-05
6.80089,8.2540206e-05
6.83288,8.2733562e-05
6.86487,8.292674e-05
6.89686,8.3119743e-05
6.92885,8.3312576e-05
6.96084,8.3505241e-05
6.99284,8.3697738e-05
7.02483,8.3890069e-05
7.05682,8.4082239e-05
7.08881,8.4274251e-05
7.1208,8.4466113e-05
7.15279,8.4657823e-05
7.18478,8.4849383e-05
7.21677,8.5040796e-05
7.24876,8.5232063e-05
7.28076,8.5423188e-05
7.31275,8.5614171e-05
7.34474,8.5805016e-05
7.37673,8.5995725e-05
7.40872,8.6186299e-05
7.44071,8.6376742e-05
7.4727,8.6567056e-05
7.50469,8.6757242e-05
7.53668,8.6947302e-05
7.56868,8.713724e-05
7.60067,8.7327056e-05
7.63266,8.7516755e-05
7.66465,8.7706338e-05
7.69664,8.7895808e-05
7.72863,8.8085164e-05
7.76062,8.8274407e-05
7.79261,8.8463543e-05
7.8246,8.8652572e-05
7.8566,8.8841492e-05
7.88859,8.9030309e-05
7.92058,8.9219025e-05
7.95257,8.9407646e-05
7.98456,8.9596172e-05
8.01655,8.9784604e-05
8.04854,8.9972943e-05
8.08053,9.016119e-05
8.11252,9.0349347e-05
8.14452,9.0537415e-05
8.17651,9.0725395e-05
8.2085,9.091329e-05
8.24049,9.1101101e-05
8.27248,9.1288832e-05
8.30447,9.1476479e-05
8.33646,9.1664046e-05
8.36845,9.1851533e-05
8.40044,9.2038946e-05
8.43244,9.222629e-05
8.46443,9.2413561e-05
8.49642,9.2600762e-05
8.52841,9.2787894e-05
8.5604,9.2974956e-05
8.59239,9.3161948e-05
8.62438,9.3348876e-05
8.65637,9.353574e-05
8.68836,9.3722538e-05
8.72036,9.3909273e-05
8.75235,9.4095946e-05
8.78434,9.4282561e-05
8.81633,9.4469123e-05
8.84832,9.4655629e-05
8.88031,9.4842082e-05
8.9123,9.5028481e-05
8.94429,9.5214827e-05
8.97628,9.540112e-05
9.00828,9.5587364e-05
9.04027,9.5773559e-05
9.07226,9.5959706e-05
9.10425,9.6145807e-05
9.13624,9.6331862e-05
9.16823,9.6517873e-05
9.20022,9.6703838e-05
9.23221,9.6889763e-05
9.2642,9.7075646e-05
9.2962,9.7261488e-05
9.32819,9.7447289e-05
9.36018,9.7633054e-05
9.39217,9.7818779e-05
9.42416,9.8004467e-05
9.45615,9.8190122e-05
9.48814,9.8375743e-05
9.52013,9.856133e-05
9.55212,9.8746884e-05
9.58412,9.8932407e-05
9.61611,9.9117902e-05
9.6481,9.9303365e-05
9.68009,9.9488797e-05
9.71208,9.96742e-05
9.74407,9.9859578e-05
9.77606,0.00010004493
9.80805,0.00010023027
9.84004,0.00010041558
9.87204,0.00010060087
9.90403,0.00010078614
9.93602,0.00010097138
9.96801,0.00010115661
10,0.00010134182
10.0319,0.00010152646
10.0639,0.00010171117
10.0958,0.0001018961
10.1278,0.00010208113
10.1597,0.00010226612
10.1917,0.00010245104
10.2236,0.00010263591
10.2556,0.00010282075
10.2875,0.00010300558
10.3195,0.00010319038
10.3514,0.00010337518
10.3834,0.00010355997
10.4153,0.00010374474
10.4473,0.0001039295
10.4792,0.00010411425
10.5112,0.000104299
10.5431,0.00010448374
10.5751,0.00010466847
10.607,0.00010485319
10.639,0.00010503791
10.6709,0.00010522263
10.7029,0.00010540734
10.7348,0.00010559205
10.7668,0.00010577677
10.7987,0.00010596147
10.8307,0.00010614618
10.8626,0.00010633088
10.8946,0.00010651558
10.9265,0.00010670028
10.9585,0.00010688498
10.9904,0.00010706968
11.0224,0.00010725439
11.0543,0.00010743909
11.0863,0.00010762379
11.1182,0.00010780849
11.1502,0.00010799321
11.1821,0.00010817793
11.2141,0.00010836265
11.246,0.00010854738
11.278,0.00010873212
11.3099,0.00010891686
11.3419,0.00010910161
11.3738,0.00010928636
11.4058,0.00010947112
11.4377,0.00010965589
11.4696,0.00010984066
11.5016,0.00011002545
11.5335,0.00011021024
11.5655,0.00011039504
11.5974,0.00011057986
11.6294,0.00011076469
11.6613,0.00011094953
11.6933,0.00011113438
11.7252,0.00011131924
11.7572,0.00011150411
11.7891,0.000111689
11.8211,0.0001118739
11.853,0.00011205882
11.885,0.00011224375
11.9169,0.00011242869
11.9489,0.00011261365
11.9808,0.00011279862
12.0128,0.0001129836
12.0447,0.00011316861
12.0767,0.00011335363
12.1086,0.00011353867
12.1406,0.00011372373
12.1725,0.00011390881
12.2045,0.00011409391
12.2364,0.00011427902
12.2684,0.00011446416
12.3003,0.00011464932
12.3323,0.00011483449
12.3642,0.00011501968
12.3962,0.00011520489
12.4281,0.00011539012
12.4601,0.00011557537
12.492,0.00011576064
12.524,0.00011594594
12.5559,0.00011613125
12.5879,0.00011631659
12.6198,0.00011650194
12.6518,0.00011668732
12.6837,0.00011687273
12.7157,0.00011705815
12.7476,0.0001172436
12.7796,0.00011742908
12.8115,0.00011761459
12.8435,0.00011780011
12.8754,0.00011798567
12.9073,0.00011817125
12.9393,0.00011835685
12.9712,0.00011854248
13.0032,0.00011872813
13.0351,0.00011891382
13.0671,0.00011909953
13.099,0.00011928527
13.131,0.00011947103
13.1629,0.00011965681
13.1949,0.00011984263
13.2268,0.00012002847
13.2588,0.00012021435
13.2907,0.00012040026
13.3227,0.0001205862
13.3546,0.00012077217
13.3866,0.00012095817
13.4185,0.0001211442
13.4505,0.00012133026
13.4824,0.00012151635
13.5144,0.00012170246
13.5463,0.00012188861
13.5783,0.00012207479
13.6102,0.00012226099
13.6422,0.00012244723
13.6741,0.0001226335
13.7061,0.0001228198
13.738,0.00012300613
13.77,0.00012319249
13.8019,0.00012337888
13.8339,0.00012356531
13.8658,0.00012375177
13.8978,0.00012393826
13.9297,0.0001241248
13.9617,0.00012431136
13.9936,0.00012449795
14.0256,0.00012468459
14.0575,0.00012487125
14.0895,0.00012505795
14.1214,0.00012524468
14.1534,0.00012543145
14.1853,0.00012561826
14.2173,0.0001258051
14.2492,0.00012599197
14.2812,0.00012617887
14.3131,0.00012636581
14.345,0.00012655278
14.377,0.00012673979
14.4089,0.00012692685
14.4409,0.00012711394
14.4728,0.00012730107
14.5048,0.00012748823
14.5367,0.00012767543
14.5687,0.00012786267
14.6006,0.00012804995
14.6326,0.00012823726
14.6645,0.00012842461
14.6965,0.00012861199
14.7284,0.00012879941
14.7604,0.00012898686
14.7923,0.00012917435
14.8243,0.00012936188
14.8562,0.00012954945
14.8882,0.00012973705
14.9201,0.00012992469
14.9521,0.00013011237
14.984,0.00013030009
15.016,0.00013048784
15.0479,0.00013067564
15.0799,0.00013086348
15.1118,0.00013105135
15.1438,0.00013123927
15.1757,0.00013142722
15.2077,0.00013161522
15.2396,0.00013180325
15.2716,0.00013199133
15.3035,0.00013217944
15.3355,0.00013236759
15.3674,0.00013255579
15.3994,0.00013274402
15.4313,0.0001329323
15.4633,0.0001331206
15.4952,0.00013330896
15.5272,0.00013349735
15.5591,0.00013368579
15.5911,0.00013387427
15.623,0.00013406279
15.655,0.00013425135
15.6869,0.00013443995
15.7188,0.0001346286
15.7508,0.00013481729
15.7827,0.00013500602
15.8147,0.0001351948
15.8466,0.00013538361
15.8786,0.00013557247
15.9105,0.00013576137
15.9425,0.00013595031
15.9744,0.00013613929
16.0064,0.00013632832
16.0383,0.00013651739
16.0703,0.00013670651
16.1022,0.00013689567
16.1342,0.00013708488
16.1661,0.00013727413
16.1981,0.00013746339
16.23,0.00013765259
16.262,0.00013784178
16.2939,0.00013803107
16.3259,0.00013822048
16.3578,0.00013841
16.3898,0.00013859957
16.4217,0.00013878918
16.4537,0.00013897881
16.4856,0.00013916847
16.5176,0.00013935818
16.5495,0.00013954795
16.5815,0.00013973776
16.6134,0.00013992762
16.6454,0.00014011753
16.6773,0.00014030748
16.7093,0.00014049747
16.7412,0.00014068751
16.7732,0.00014087759
16.8051,0.00014106772
16.8371,0.00014125789
16.869,0.0001414481
16.901,0.00014163835
16.9329,0.00014182865
16.9649,0.000142019
16.9968,0.00014220939
17.0288,0.00014239983
17.0607,0.00014259032
17.0927,0.00014278086
17.1246,0.00014297143
17.1565,0.00014316206
17.1885,0.00014335272
17.2204,0.00014354344
17.2524,0.0001437342
17.2843,0.000143925
17.3163,0.00014411584
17.3482,0.00014430672
17.3802,0.00014449765
17.4121,0.00014468862
17.4441,0.00014487964
17.476,0.0001450707
17.508,0.0001452618
17.5399,0.00014545294
17.5719,0.00014564413
17.6038,0.00014583536
17.6358,0.00014602664
17.6677,0.00014621797
17.6997,0.00014640934
17.7316,0.00014660076
17.7636,0.00014679221
17.7955,0.00014698371
17.8275,0.00014717526
17.8594,0.00014736685
17.8914,0.00014755849
17.9233,0.00014775017
17.9553,0.00014794189
17.9872,0.00014813366
18.0192,0.00014832547
18.0511,0.00014851732
18.0831,0.00014870922
18.115,0.00014890116
18.147,0.00014909314
18.1789,0.00014928518
18.2109,0.00014947726
18.2428,0.00014966939
18.2748,0.00014986156
18.3067,0.00015005378
18.3387,0.00015024604
18.3706,0.00015043835
18.4026,0.0001506307
18.4345,0.00015082309
18.4665,0.00015101552
18.4984,0.000151208
18.5304,0.00015140052
18.5623,0.00015159308
18.5942,0.00015178569
18.6262,0.00015197835
18.6581,0.00015217104
18.6901,0.00015236378
18.722,0.00015255656
18.754,0.00015274939
18.7859,0.00015294227
18.8179,0.00015313519
18.8498,0.00015332815
18.8818,0.00015352117
18.9137,0.00015371422
18.9457,0.00015390732
18.9776,0.00015410047
19.0096,0.00015429366
19.0415,0.0001544869
19.0735,0.00015468018
19.1054,0.00015487351
19.1374,0.00015506688
19.1693,0.0001552603
19.2013,0.00015545376
19.2332,0.00015564726
19.2652,0.0001558408
19.2971,0.0001560344
19.3291,0.00015622804
19.361,0.00015642174
19.393,0.00015661548
19.4249,0.00015680927
19.4569,0.0001570031
19.4888,0.00015719698
19.5208,0.0001573909
19.5527,0.00015758487
19.5847,0.00015777888
19.6166,0.00015797294
19.6486,0.00015816704
19.6805,0.00015836118
19.7125,0.00015855536
19.7444,0.0001587496
19.7764,0.00015894388
19.8083,0.0001591382
19.8403,0.00015933256
19.8722,0.00015952697
19.9042,0.00015972143
19.9361,0.00015991593
19.9681,0.00016011048
20,0.00016030508
20.0319,0.00016049973
20.0639,0.00016069441
20.0958,0.00016088915
20.1278,0.00016108393
20.1597,0.00016127875
20.1917,0.00016147363
20.2236,0.00016166854
20.2556,0.00016186351
20.2875,0.00016205852
20.3195,0.00016225357
20.3514,0.00016244866
20.3834,0.0001626438
20.4153,0.00016283898
20.4473,0.00016303422
20.4792,0.0001632295
20.5112,0.00016342483
20.5431,0.00016362021
20.5751,0.00016381564
20.607,0.00016401111
20.639,0.00016420662
20.6709,0.00016440219
20.7029,0.00016459779
20.7348,0.00016479345
20.7668,0.00016498914
20.7987,0.00016518488
20.8307,0.00016538066
20.8626,0.00016557648
20.8946,0.00016577235
20.9265,0.00016596827
20.9585,0.00016616422
20.9904,0.00016636023
21.0224,0.00016655627
21.0543,0.00016675236
21.0863,0.00016694851
21.1182,0.00016714469
21.1502,0.00016734093
21.1821,0.00016753721
21.2141,0.00016773353
21.246,0.0001679299
21.278,0.00016812631
21.3099,0.00016832277
21.3419,0.00016851928
21.3738,0.00016871583
21.4058,0.00016891242
21.4377,0.00016910907
21.4696,0.00016930575
21.5016,0.00016950248
21.5335,0.00016969925
21.5655,0.00016989607
21.5974,0.00017009293
21.6294,0.00017028984
21.6613,0.0001704868
21.6933,0.0001706838
21.7252,0.00017088084
21.7572,0.00017107794
21.7891,0.00017127507
21.8211,0.00017147226
21.853,0.00017166949
21.885,0.00017186676
21.9169,0.00017206408
21.9489,0.00017226145
21.9808,0.00017245886
22.0128,0.00017265631
22.0447,0.00017285381
22.0767,0.00017305134
22.1086,0.00017324893
22.1406,0.00017344656
22.1725,0.00017364424
22.2045,0.00017384196
22.2364,0.00017403972
22.2684,0.00017423754
22.3003,0.00017443539
22.3323,0.00017463329
22.3642,0.00017483123
22.3962,0.00017502922
22.4281,0.00017522725
22.4601,0.00017542534
22.492,0.00017562348
22.524,0.00017582172
22.5559,0.00017602006
22.5879,0.00017621845
22.6198,0.00017641675
22.6518,0.00017661496
22.6837,0.00017681317
22.7157,0.00017701147
22.7476,0.00017720992
22.7796,0.00017740847
22.8115,0.00017760708
22.8435,0.00017780572
22.8754,0.00017800439
22.9073,0.00017820308
22.9393,0.00017840182
22.9712,0.0001786006
23.0032,0.00017879943
23.0351,0.0001789983
23.0671,0.00017919722
23.099,0.0001793962
23.131,0.00017959522
23.1629,0.00017979429
23.1949,0.0001799934
23.2268,0.00018019255
23.2588,0.00018039175
23.2907,0.000180591
23.3227,0.00018079029
23.3546,0.00018098962
23.3866,0.000181189
23.4185,0.00018138841
23.4505,0.00018158787
23.4824,0.00018178737
23.5144,0.00018198692
23.5463,0.00018218651
23.5783,0.00018238615
23.6102,0.00018258582
23.6422,0.00018278554
23.6741,0.0001829853
23.7061,0.00018318511
23.738,0.00018338497
23.77,0.00018358487
23.8019,0.00018378482
23.8339,0.00018398481
23.8658,0.00018418484
23.8978,0.00018438492
23.9297,0.00018458505
23.9617,0.00018478522
23.9936,0.00018498543
24.0256,0.00018518569
24.0575,0.000185386
24.0895,0.00018558634
24.1214,0.00018578672
24.1534,0.00018598715
24.1853,0.00018618762
24.2173,0.00018638814
24.2492,0.00018658871
24.2812,0.00018678933
24.3131,0.00018699
24.345,0.00018719071
24.377,0.00018739146
24.4089,0.00018759226
24.4409,0.0001877931
24.4728,0.00018799399
24.5048,0.00018819492
24.5367,0.00018839589
24.5687,0.0001885969
24.6006,0.00018879795
24.6326,0.00018899904
24.6645,0.00018920019
24.6965,0.00018940137
24.7284,0.0001896026
24.7604,0.00018980387
24.7923,0.00019000518
24.8243,0.00019020654
24.8562,0.00019040794
24.8882,0.00019060939
24.9201,0.00019081088
24.9521,0.00019101242
24.984,0.000191214
25.016,0.00019141563
25.0479,0.0001916173
25.0799,0.00019181902
25.1118,0.00019202078
25.1438,0.00019222258
25.1757,0.00019242443
25.2077,0.00019262633
25.2396,0.00019282826
25.2716,0.00019303023
25.3035,0.00019323225
25.3355,0.00019343431
25.3674,0.00019363641
25.3994,0.00019383857
25.4313,0.00019404078
25.4633,0.00019424304
25.4952,0.00019444533
25.5272,0.00019464767
25.5591,0.00019485005
25.5911,0.00019505248
25.623,0.00019525496
25.655,0.00019545747
25.6869,0.00019566003
25.7188,0.00019586262
25.7508,0.00019606526
25.7827,0.00019626794
25.8147,0.00019647066
25.8466,0.00019667343
25.8786,0.00019687624
25.9105,0.00019707909
25.9425,0.00019728199
25.9744,0.00019748493
26.0064,0.00019768791
26.0383,0.00019789094
26.0703,0.00019809402
26.1022,0.00019829714
26.1342,0.0001985003
26.1661,0.0001987035
26.1981,0.00019890676
26.23,0.00019911005
26.262,0.00019931339
26.2939,0.00019951677
26.3259,0.0001997202
26.3578,0.00019992368
26.3898,0.00020012719
26.4217,0.00020033073
26.4537,0.00020053432
26.4856,0.00020073796
26.5176,0.00020094164
26.5495,0.00020114538
26.5815,0.00020134916
26.6134,0.00020155299
26.6454,0.00020175686
26.6773,0.00020196077
26.7093,0.00020216473
26.7412,0.00020236874
26.7732,0.00020257278
26.8051,0.00020277687
26.8371,0.000202981
26.869,0.00020318516
26.901,0.00020338937
26.9329,0.00020359362
26.9649,0.00020379791
26.9968,0.00020400225
27.0288,0.00020420663
27.0607,0.00020441105
27.0927,0.0002046155
27.1246,0.00020482001
27.1565,0.00020502456
27.1885,0.00020522915
27.2204,0.00020543379
27.2524,0.00020563848
27.2843,0.0002058432
27.3163,0.00020604797
27.3482,0.00020625278
27.3802,0.00020645764
27.4121,0.00020666254
27.4441,0.00020686748
27.476,0.00020707247
27.508,0.0002072775
27.5399,0.00020748257
27.5719,0.00020768769
27.6038,0.00020789284
27.6358,0.00020809804
27.6677,0.00020830328
27.6997,0.00020850857
27.7316,0.0002087139
27.7636,0.00020891927
27.7955,0.00020912469
27.8275,0.00020933016
27.8594,0.00020953567
27.8914,0.00020974122
27.9233,0.00020994682
27.9553,0.00021015246
27.9872,0.00021035815
28.0192,0.00021056388
28.0511,0.00021076965
28.0831,0.00021097547
28.115,0.00021118132
28.147,0.00021138722
28.1789,0.00021159316
28.2109,0.00021179915
28.2428,0.00021200519
28.2748,0.00021221126
28.3067,0.00021241738
28.3387,0.00021262355
28.3706,0.00021282976
28.4026,0.00021303601
28.4345,0.0002132423
28.4665,0.00021344863
28.4984,0.00021365502
28.5304,0.00021386144
28.5623,0.0002140679
28.5942,0.0002142744
28.6262,0.00021448095
28.6581,0.00021468755
28.6901,0.0002148942
28.722,0.0002151009
28.754,0.00021530764
28.7859,0.00021551443
28.8179,0.00021572126
28.8498,0.00021592813
28.8818,0.00021613505
28.9137,0.000216342
28.9457,0.00021654901
28.9776,0.00021675606
29.0096,0.00021696315
29.0415,0.00021717028
29.0735,0.00021737746
29.1054,0.00021758468
29.1374,0.00021779195
29.1693,0.00021799927
29.2013,0.00021820664
29.2332,0.00021841407
29.2652,0.00021862153
29.2971,0.00021882903
29.3291,0.00021903659
29.361,0.00021924419
29.393,0.00021945184
29.4249,0.00021965953
29.4569,0.00021986726
29.4888,0.00022007503
29.5208,0.00022028284
29.5527,0.0002204907
29.5847,0.00022069861
29.6166,0.00022090656
29.6486,0.00022111456
29.6805,0.00022132259
29.7125,0.00022153067
29.7444,0.0002217388
29.7764,0.00022194698
29.8083,0.0002221552
29.8403,0.00022236347
29.8722,0.0002225718
29.9042,0.00022278016
29.9361,0.00022298856
29.9681,0.00022319702
30,0.00022340553
30.0319,0.00022361408
30.0639,0.00022382267
30.0958,0.00022403132
30.1278,0.00022424001
30.1597,0.00022444874
30.1917,0.00022465751
30.2236,0.00022486632
30.2556,0.00022507518
30.2875,0.0002252841
30.3195,0.00022549307
30.3514,0.00022570209
30.3834,0.00022591116
30.4153,0.00022612027
30.4473,0.00022632943
30.4792,0.00022653863
30.5112,0.00022674788
30.5431,0.00022695717
30.5751,0.00022716651
30.607,0.0002273759
30.639,0.00022758532
30.6709,0.00022779478
30.7029,0.00022800429
30.7348,0.00022821384
30.7668,0.00022842345
30.7987,0.00022863309
30.8307,0.00022884277
30.8626,0.0002290525
30.8946,0.00022926227
30.9265,0.0002294721
30.9585,0.00022968196
30.9904,0.00022989188
31.0224,0.00023010184
31.0543,0.00023031184
31.0863,0.00023052189
31.1182,0.00023073198
31.1502,0.00023094213
31.1821,0.00023115231
31.2141,0.00023136253
31.246,0.00023157281
31.278,0.00023178313
31.3099,0.00023199349
31.3419,0.00023220388
31.3738,0.00023241432
31.4058,0.0002326248
31.4377,0.00023283533
31.4696,0.00023304592
31.5016,0.00023325655
31.5335,0.00023346723
31.5655,0.00023367795
31.5974,0.00023388872
31.6294,0.00023409953
31.6613,0.00023431039
31.6933,0.00023452128
31.7252,0.00023473222
31.7572,0.0002349432
31.7891,0.00023515422
31.8211,0.00023536528
31.853,0.00023557638
31.885,0.00023578752
31.9169,0.00023599871
31.9489,0.00023620993
31.9808,0.0002364212
32.0128,0.0002366325
32.0447,0.00023684385
32.0767,0.00023705525
32.1086,0.00023726669
32.1406,0.00023747817
32.1725,0.00023768969
32.2045,0.00023790126
32.2364,0.00023811286
32.2684,0.00023832451
32.3003,0.00023853621
32.3323,0.00023874794
32.3642,0.00023895971
32.3962,0.00023917153
32.4281,0.00023938338
32.4601,0.00023959528
32.492,0.0002398072
32.524,0.00024001916
32.5559,0.00024023116
32.5879,0.00024044321
32.6198,0.00024065531
32.6518,0.00024086745
32.6837,0.00024107964
32.7157,0.00024129185
32.7476,0.00024150411
32.7796,0.00024171641
32.8115,0.00024192875
32.8435,0.00024214113
32.8754,0.00024235355
32.9073,0.00024256599
32.9393,0.00024277848
32.9712,0.000242991
33.0032,0.00024320355
33.0351,0.00024341614
33.0671,0.00024362878
33.099,0.00024384144
33.131,0.00024405414
33.1629,0.00024426688
33.1949,0.00024447966
33.2268,0.00024469247
33.2588,0.00024490533
33.2907,0.00024511823
33.3227,0.00024533116
33.3546,0.00024554413
33.3866,0.00024575714
33.4185,0.00024597019
33.4505,0.00024618328
33.4824,0.0002463964
33.5144,0.00024660956
33.5463,0.00024682276
33.5783,0.000247036
33.6102,0.00024724927
33.6422,0.00024746257
33.6741,0.00024767591
33.7061,0.00024788929
33.738,0.0002481027
33.77,0.00024831616
33.8019,0.00024852966
33.8339,0.00024874319
33.8658,0.00024895676
33.8978,0.00024917037
33.9297,0.00024938402
33.9617,0.00024959771
33.9936,0.00024981144
34.0256,0.0002500252
34.0575,0.000250239
34.0895,0.00025045284
34.1214,0.0002506667
34.1534,0.00025088061
34.1853,0.00025109454
34.2173,0.00025130852
34.2492,0.00025152253
34.2812,0.00025173657
34.3131,0.00025195067
34.345,0.00025216478
34.377,0.00025237894
34.4089,0.00025259313
34.4409,0.00025280736
34.4728,0.00025302162
34.5048,0.0002532359
34.5367,0.00025345023
34.5687,0.0002536646
34.6006,0.00025387899
34.6326,0.00025409341
34.6645,0.00025430786
34.6965,0.00025452235
34.7284,0.00025473688
34.7604,0.00025495145
34.7923,0.00025516606
34.8243,0.0002553807
34.8562,0.00025559538
34.8882,0.00025581008
34.9201,0.00025602482
34.9521,0.00025623959
34.984,0.00025645439
35.016,0.00025666923
35.0479,0.0002568841
35.0799,0.000257099
35.1118,0.00025731391
35.1438,0.00025752887
35.1757,0.00025774385
35.2077,0.00025795887
35.2396,0.00025817394
35.2716,0.00025838904
35.3035,0.00025860418
35.3355,0.00025881934
35.3674,0.00025903454
35.3994,0.00025924977
35.4313,0.00025946503
35.4633,0.00025968032
35.4952,0.00025989564
35.5272,0.00026011099
35.5591,0.00026032636
35.5911,0.00026054176
35.623,0.00026075718
35.655,0.00026097264
35.6869,0.00026118813
35.7188,0.00026140364
35.7508,0.00026161918
35.7827,0.00026183475
35.8147,0.00026205034
35.8466,0.00026226597
35.8786,0.00026248163
35.9105,0.00026269732
35.9425,0.00026291304
35.9744,0.00026312878
36.0064,0.00026334455
36.0383,0.00026356036
36.0703,0.00026377619
36.1022,0.00026399205
36.1342,0.00026420793
36.1661,0.00026442385
36.1981,0.00026463979
36.23,0.00026485576
36.262,0.00026507174
36.2939,0.00026528775
36.3259,0.00026550379
36.3578,0.00026571986
36.3898,0.00026593598
36.4217,0.00026615212
36.4537,0.0002663683
36.4856,0.0002665845
36.5176,0.00026680073
36.5495,0.00026701698
36.5815,0.00026723328
36.6134,0.0002674496
36.6454,0.00026766594
36.6773,0.00026788231
36.7093,0.0002680987
36.7412,0.00026831512
36.7732,0.00026853157
36.8051,0.00026874805
36.8371,0.00026896456
36.869,0.00026918109
36.901,0.00026939765
36.9329,0.00026961424
36.9649,0.00026983086
36.9968,0.00027004751
37.0288,0.00027026419
37.0607,0.00027048091
37.0927,0.00027069766
37.1246,0.00027091443
37.1565,0.00027113123
37.1885,0.00027134807
37.2204,0.00027156494
37.2524,0.00027178183
37.2843,0.00027199875
37.3163,0.00027221571
37.3482,0.00027243269
37.3802,0.0002726497
37.4121,0.00027286672
37.4441,0.00027308377
37.476,0.00027330085
37.508,0.00027351796
37.5399,0.00027373512
37.5719,0.0002739523
37.6038,0.00027416951
37.6358,0.00027438675
37.6677,0.00027460401
37.6997,0.0002748213
37.7316,0.00027503862
37.7636,0.00027525596
37.7955,0.00027547333
37.8275,0.00027569072
37.8594,0.00027590812
37.8914,0.00027612555
37.9233,0.000276343
37.9553,0.00027656048
37.9872,0.00027677798
38.0192,0.0002769955
38.0511,0.00027721304
38.0831,0.00027743061
38.115,0.0002776482
38.147,0.00027786582
38.1789,0.00027808346
38.2109,0.00027830114
38.2428,0.00027851884
38.2748,0.00027873655
38.3067,0.00027895429
38.3387,0.00027917207
38.3706,0.00027938986
38.4026,0.00027960768
38.4345,0.00027982552
38.4665,0.00028004339
38.4984,0.00028026128
38.5304,0.00028047919
38.5623,0.00028069711
38.5942,0.00028091506
38.6262,0.00028113302
38.6581,0.00028135102
38.6901,0.00028156905
38.722,0.00028178711
38.754,0.0002820052
38.7859,0.0002822233
38.8179,0.00028244143
38.8498,0.00028265958
38.8818,0.00028287776
38.9137,0.00028309595
38.9457,0.00028331417
38.9776,0.0002835324
39.0096,0.00028375065
39.0415,0.00028396891
39.0735,0.00028418719
39.1054,0.0002844055
39.1374,0.00028462383
39.1693,0.00028484218
39.2013,0.00028506053
39.2332,0.00028527891
39.2652,0.00028549731
39.2971,0.00028571574
39.3291,0.00028593419
39.361,0.00028615265
39.393,0.00028637114
39.4249,0.00028658964
39.4569,0.00028680817
39.4888,0.00028702671
39.5208,0.00028724528
39.5527,0.00028746386
39.5847,0.00028768245
39.6166,0.00028790107
39.6486,0.00028811971
39.6805,0.00028833836
39.7125,0.00028855702
39.7444,0.0002887757
39.7764,0.0002889944
39.8083,0.00028921311
39.8403,0.00028943185
39.8722,0.0002896506
39.9042,0.00028986937
39.9361,0.00029008816
39.9681,0.00029030698
40,0.00029052581
40.0319,0.00029074466
40.0639,0.00029096354
40.0958,0.00029118243
40.1278,0.00029140134
40.1597,0.00029162028
40.1917,0.00029183923
40.2236,0.0002920582
40.2556,0.00029227718
40.2875,0.00029249618
40.3195,0.00029271522
40.3514,0.00029293427
40.3834,0.00029315335
40.4153,0.00029337244
40.4473,0.00029359156
40.4792,0.0002938107
40.5112,0.00029402986
40.5431,0.00029424904
40.5751,0.00029446823
40.607,0.00029468745
40.639,0.0002949067
40.6709,0.00029512596
40.7029,0.00029534523
40.7348,0.00029556452
40.7668,0.00029578384
40.7987,0.00029600318
40.8307,0.00029622256
40.8626,0.00029644195
40.8946,0.00029666137
40.9265,0.00029688081
40.9585,0.00029710026
40.9904,0.00029731973
41.0224,0.00029753922
41.0543,0.00029775873
41.0863,0.00029797826
41.1182,0.00029819781
41.1502,0.00029841737
41.1821,0.00029863694
41.2141,0.00029885653
41.246,0.00029907614
41.278,0.00029929578
41.3099,0.00029951545
41.3419,0.00029973514
41.3738,0.00029995486
41.4058,0.00030017459
41.4377,0.00030039434
41.4696,0.00030061412
41.5016,0.00030083391
41.5335,0.00030105374
41.5655,0.00030127358
41.5974,0.00030149345
41.6294,0.00030171333
41.6613,0.00030193325
41.6933,0.0003021532
41.7252,0.00030237319
41.7572,0.0003025932
41.7891,0.00030281326
41.8211,0.00030303333
41.853,0.00030325345
41.885,0.0003034736
41.9169,0.00030369379
41.9489,0.00030391402
41.9808,0.00030413429
42.0128,0.00030435459
42.0447,0.00030457495
42.0767,0.00030479533
42.1086,0.00030501576
42.1406,0.00030523622
42.1725,0.00030545673
42.2045,0.0003056773
42.2364,0.00030589793
42.2684,0.00030611862
42.3003,0.00030633936
42.3323,0.00030656015
42.3642,0.00030678099
42.3962,0.00030700189
42.4281,0.00030722286
42.4601,0.00030744387
42.492,0.00030766494
42.524,0.00030788607
42.5559,0.00030810725
42.5879,0.00030832849
42.6198,0.00030854978
42.6518,0.00030877114
42.6837,0.00030899257
42.7157,0.00030921406
42.7476,0.00030943561
42.7796,0.00030965722
42.8115,0.0003098789
42.8435,0.00031010065
42.8754,0.00031032247
42.9073,0.00031054437
42.9393,0.00031076634
42.9712,0.00031098837
43.0032,0.00031121048
43.0351,0.00031143266
43.0671,0.00031165492
43.099,0.00031187724
43.131,0.00031209964
43.1629,0.00031232211
43.1949,0.00031254467
43.2268,0.00031276728
43.2588,0.00031298996
43.2907,0.00031321272
43.3227,0.00031343554
43.3546,0.00031365846
43.3866,0.00031388146
43.4185,0.00031410454
43.4505,0.0003143277
43.4824,0.00031455093
43.5144,0.00031477424
43.5463,0.00031499763
43.5783,0.00031522109
43.6102,0.00031544463
43.6422,0.00031566824
43.6741,0.00031589193
43.7061,0.00031611568
43.738,0.0003163395
43.77,0.00031656339
43.8019,0.00031678736
43.8339,0.00031701141
43.8658,0.00031723552
43.8978,0.0003174597
43.9297,0.00031768395
43.9617,0.00031790827
43.9936,0.00031813267
44.0256,0.00031835714
44.0575,0.00031858169
44.0895,0.0003188063
44.1214,0.00031903097
44.1534,0.00031925572
44.1853,0.00031948053
44.2173,0.00031970541
44.2492,0.00031993035
44.2812,0.00032015535
44.3131,0.00032038041
44.345,0.00032060554
44.377,0.00032083072
44.4089,0.00032105594
44.4409,0.00032128121
44.4728,0.00032150654
44.5048,0.00032173194
44.5367,0.0003219574
44.5687,0.00032218291
44.6006,0.00032240849
44.6326,0.0003226341
44.6645,0.00032285977
44.6965,0.00032308548
44.7284,0.00032331125
44.7604,0.00032353707
44.7923,0.00032376292
44.8243,0.00032398882
44.8562,0.00032421475
44.8882,0.00032444073
44.9201,0.00032466674
44.9521,0.0003248928
44.984,0.00032511891
45.016,0.00032534505
45.0479,0.00032557122
45.0799,0.00032579743
45.1118,0.00032602368
45.1438,0.00032624997
45.1757,0.00032647629
45.2077,0.00032670266
45.2396,0.00032692906
45.2716,0.00032715548
45.3035,0.00032738194
45.3355,0.00032760843
45.3674,0.00032783494
45.3994,0.00032806148
45.4313,0.00032828804
45.4633,0.00032851462
45.4952,0.00032874122
45.5272,0.00032896784
45.5591,0.00032919446
45.5911,0.0003294211
45.623,0.00032964775
45.655,0.0003298744
45.6869,0.00033010107
45.7188,0.00033032775
45.7508,0.00033055442
45.7827,0.00033078111
45.8147,0.00033100779
45.8466,0.00033123449
45.8786,0.00033146118
45.9105,0.00033168787
45.9425,0.00033191456
45.9744,0.00033214124
46.0064,0.00033236792
46.0383,0.00033259458
46.0703,0.00033282123
46.1022,0.00033304788
46.1342,0.00033327451
46.1661,0.00033350114
46.1981,0.00033372776
46.23,0.00033395438
46.262,0.00033418098
46.2939,0.00033440757
46.3259,0.00033463416
46.3578,0.00033486073
46.3898,0.00033508729
46.4217,0.00033531383
46.4537,0.00033554036
46.4856,0.00033576689
46.5176,0.0003359934
46.5495,0.00033621989
46.5815,0.00033644636
46.6134,0.00033667282
46.6454,0.00033689929
46.6773,0.00033712574
46.7093,0.00033735219
46.7412,0.00033757863
46.7732,0.00033780505
46.8051,0.00033803146
46.8371,0.00033825784
46.869,0.00033848421
46.901,0.00033871056
46.9329,0.0003389369
46.9649,0.00033916321
46.9968,0.0003393895
47.0288,0.00033961575
47.0607,0.00033984198
47.0927,0.00034006818
47.1246,0.00034029436
47.1565,0.00034052054
47.1885,0.00034074668
47.2204,0.0003409728
47.2524,0.00034119887
47.2843,0.00034142492
47.3163,0.00034165092
47.3482,0.0003418769
47.3802,0.00034210283
47.4121,0.00034232871
47.4441,0.00034255454
47.476,0.00034278032
47.508,0.00034300604
47.5399,0.00034323171
47.5719,0.00034345733
47.6038,0.00034368289
47.6358,0.0003439084
47.6677,0.00034413383
47.6997,0.00034435921
47.7316,0.00034458453
47.7636,0.00034480979
47.7955,0.00034503498
47.8275,0.00034526012
47.8594,0.00034548519
47.8914,0.00034571018
47.9233,0.0003459351
47.9553,0.00034615997
47.9872,0.00034638475
48.0192,0.00034660947
48.0511,0.0003468341
48.0831,0.00034705867
48.115,0.00034728316
48.147,0.00034750756
48.1789,0.00034773187
48.2109,0.0003479561
48.2428,0.00034818026
48.2748,0.00034840434
48.3067,0.00034862836
48.3387,0.00034885229
48.3706,0.00034907616
48.4026,0.00034929993
48.4345,0.00034952362
48.4665,0.00034974722
48.4984,0.00034997075
48.5304,0.00035019419
48.5623,0.00035041754
48.5942,0.0003506408
48.6262,0.00035086396
48.6581,0.00035108703
48.6901,0.00035131001
48.722,0.0003515329
48.754,0.00035175571
48.7859,0.00035197842
48.8179,0.00035220103
48.8498,0.00035242354
48.8818,0.00035264597
48.9137,0.00035286831
48.9457,0.00035309056
48.9776,0.00035331271
49.0096,0.00035353478
49.0415,0.00035375674
49.0735,0.0003539786
49.1054,0.00035420038
49.1374,0.00035442206
49.1693,0.00035464364
49.2013,0.00035486512
49.2332,0.00035508649
49.2652,0.00035530778
49.2971,0.00035552895
49.3291,0.00035575
49.361,0.00035597095
49.393,0.0003561918
49.4249,0.00035641255
49.4569,0.00035663322
49.4888,0.00035685377
49.5208,0.00035707424
49.5527,0.00035729458
49.5847,0.00035751481
49.6166,0.00035773494
49.6486,0.00035795496
49.6805,0.00035817487
49.7125,0.00035839466
49.7444,0.00035861433
49.7764,0.00035883388
49.8083,0.00035905332
49.8403,0.00035927262
49.8722,0.00035949182
49.9042,0.00035971091
49.9361,0.00035992987
49.9681,0.0003601487
50,0.00036036741
50.0319,0.000360586
50.0639,0.00036080448
50.0958,0.00036102283
50.1278,0.00036124108
50.1597,0.00036145919
50.1917,0.00036167718
50.2236,0.00036189505
50.2556,0.0003621128
50.2875,0.00036233042
50.3195,0.00036254792
50.3514,0.00036276529
50.3834,0.00036298254
50.4153,0.00036319967
50.4473,0.00036341667
50.4792,0.00036363353
50.5112,0.00036385027
50.5431,0.00036406688
50.5751,0.00036428338
50.607,0.00036449977
50.639,0.00036471605
50.6709,0.00036493222
50.7029,0.00036514825
50.7348,0.00036536418
50.7668,0.00036557998
50.7987,0.00036579568
50.8307,0.00036601126
50.8626,0.00036622673
50.8946,0.00036644208
50.9265,0.00036665732
50.9585,0.00036687244
50.9904,0.00036708745
51.0224,0.00036730236
51.0543,0.00036751718
51.0863,0.00036773188
51.1182,0.00036794648
51.1502,0.00036816097
51.1821,0.00036837538
51.2141,0.0003685897
51.246,0.00036880392
51.278,0.00036901806
51.3099,0.00036923212
51.3419,0.00036944607
51.3738,0.00036965995
51.4058,0.00036987375
51.4377,0.00037008746
51.4696,0.00037030109
51.5016,0.00037051464
51.5335,0.00037072811
51.5655,0.00037094151
51.5974,0.00037115482
51.6294,0.00037136806
51.6613,0.00037158121
51.6933,0.0003717943
51.7252,0.00037200731
51.7572,0.00037222025
51.7891,0.00037243312
51.8211,0.00037264592
51.853,0.00037285866
51.885,0.00037307132
51.9169,0.00037328392
51.9489,0.00037349646
51.9808,0.00037370892
52.0128,0.00037392132
52.0447,0.00037413365
52.0767,0.00037434592
52.1086,0.0003745581
52.1406,0.00037477021
52.1725,0.00037498225
52.2045,0.00037519421
52.2364,0.00037540612
52.2684,0.00037561795
52.3003,0.00037582972
52.3323,0.0003760414
52.3642,0.00037625302
52.3962,0.00037646456
52.4281,0.00037667603
52.4601,0.00037688742
52.492,0.00037709873
52.524,0.00037730996
52.5559,0.00037752113
52.5879,0.0003777322
52.6198,0.00037794319
52.6518,0.00037815409
52.6837,0.00037836491
52.7157,0.00037857567
52.7476,0.00037878635
52.7796,0.00037899696
52.8115,0.00037920749
52.8435,0.00037941792
52.8754,0.00037962827
52.9073,0.00037983854
52.9393,0.00038004871
52.9712,0.0003802588
53.0032,0.0003804688
53.0351,0.00038067872
53.0671,0.00038088854
53.099,0.00038109826
53.131,0.00038130789
53.1629,0.00038151743
53.1949,0.00038172689
53.2268,0.00038193628
53.2588,0.00038214558
53.2907,0.0003823548
53.3227,0.00038256392
53.3546,0.00038277295
53.3866,0.00038298189
53.4185,0.00038319075
53.4505,0.00038339952
53.4824,0.00038360819
53.5144,0.00038381676
53.5463,0.00038402524
53.5783,0.00038423362
53.6102,0.0003844419
53.6422,0.0003846501
53.6741,0.00038485822
53.7061,0.00038506623
53.738,0.00038527415
53.77,0.00038548198
53.8019,0.00038568972
53.8339,0.00038589738
53.8658,0.00038610496
53.8978,0.00038631245
53.9297,0.00038651986
53.9617,0.00038672717
53.9936,0.0003869344
54.0256,0.00038714155
54.0575,0.00038734862
54.0895,0.0003875556
54.1214,0.0003877625
54.1534,0.00038796931
54.1853,0.00038817605
54.2173,0.0003883827
54.2492,0.00038858924
54.2812,0.00038879571
54.3131,0.0003890021
54.345,0.00038920841
54.377,0.00038941467
54.4089,0.00038962084
54.4409,0.00038982695
54.4728,0.00039003297
54.5048,0.00039023892
54.5367,0.00039044478
54.5687,0.00039065059
54.6006,0.0003908563
54.6326,0.00039106194
54.6645,0.0003912675
54.6965,0.00039147297
54.7284,0.00039167836
54.7604,0.00039188367
54.7923,0.00039208891
54.8243,0.00039229408
54.8562,0.00039249916
54.8882,0.00039270417
54.9201,0.00039290909
54.9521,0.00039311395
54.984,0.00039331874
55.016,0.00039352345
55.0479,0.0003937281
55.0799,0.00039393267
55.1118,0.00039413716
55.1438,0.00039434159
55.1757,0.00039454594
55.2077,0.00039475023
55.2396,0.00039495444
55.2716,0.00039515857
55.3035,0.00039536264
55.3355,0.00039556663
55.3674,0.00039577055
55.3994,0.00039597438
55.4313,0.00039617813
55.4633,0.00039638181
55.4952,0.00039658543
55.5272,0.000396789
55.5591,0.0003969925
55.5911,0.00039719594
55.623,0.0003973993
55.655,0.00039760258
55.6869,0.0003978058
55.7188,0.00039800896
55.7508,0.00039821204
55.7827,0.00039841505
55.8147,0.00039861798
55.8466,0.00039882083
55.8786,0.00039902361
55.9105,0.00039922631
55.9425,0.00039942895
55.9744,0.00039963152
56.0064,0.00039983401
56.0383,0.00040003643
56.0703,0.00040023877
56.1022,0.00040044105
56.1342,0.00040064327
56.1661,0.00040084541
56.1981,0.0004010475
56.23,0.00040124952
56.262,0.00040145145
56.2939,0.00040165333
56.3259,0.00040185514
56.3578,0.00040205688
56.3898,0.00040225855
56.4217,0.00040246015
56.4537,0.00040266169
56.4856,0.00040286316
56.5176,0.00040306455
56.5495,0.00040326585
56.5815,0.00040346709
56.6134,0.00040366826
56.6454,0.00040386937
56.6773,0.00040407042
56.7093,0.00040427141
56.7412,0.00040447234
56.7732,0.0004046732
56.8051,0.00040487398
56.8371,0.0004050747
56.869,0.00040527536
56.901,0.00040547594
56.9329,0.00040567645
56.9649,0.00040587688
56.9968,0.00040607723
57.0288,0.00040627751
57.0607,0.00040647772
57.0927,0.00040667786
57.1246,0.00040687793
57.1565,0.00040707793
57.1885,0.00040727785
57.2204,0.00040747769
57.2524,0.00040767748
57.2843,0.00040787719
57.3163,0.00040807684
57.3482,0.00040827643
57.3802,0.00040847595
57.4121,0.00040867539
57.4441,0.00040887477
57.476,0.00040907408
57.508,0.00040927333
57.5399,0.0004094725
57.5719,0.0004096716
57.6038,0.00040987064
57.6358,0.00041006962
57.6677,0.00041026852
57.6997,0.00041046734
57.7316,0.00041066609
57.7636,0.00041086477
57.7955,0.00041106339
57.8275,0.00041126194
57.8594,0.00041146042
57.8914,0.00041165882
57.9233,0.00041185717
57.9553,0.00041205544
57.9872,0.00041225366
58.0192,0.0004124518
58.0511,0.00041264987
58.0831,0.00041284787
58.115,0.0004130458
58.147,0.00041324366
58.1789,0.00041344144
58.2109,0.00041363914
58.2428,0.00041383676
58.2748,0.00041403431
58.3067,0.00041423179
58.3387,0.00041442919
58.3706,0.00041462652
58.4026,0.00041482377
58.4345,0.00041502094
58.4665,0.00041521803
58.4984,0.00041541505
58.5304,0.00041561197
58.5623,0.00041580881
58.5942,0.00041600558
58.6262,0.00041620227
58.6581,0.00041639887
58.6901,0.00041659537
58.722,0.00041679179
58.754,0.00041698812
58.7859,0.0004171844
58.8179,0.00041738059
58.8498,0.00041757671
58.8818,0.00041777275
58.9137,0.0004179687
58.9457,0.00041816457
58.9776,0.00041836035
59.0096,0.00041855605
59.0415,0.00041875167
59.0735,0.00041894721
59.1054,0.00041914268
59.1374,0.00041933805
59.1693,0.00041953333
59.2013,0.00041972854
59.2332,0.00041992368
59.2652,0.00042011875
59.2971,0.00042031377
59.3291,0.00042050873
59.361,0.00042070363
59.393,0.00042089846
59.4249,0.00042109324
59.4569,0.00042128795
59.4888,0.00042148262
59.5208,0.00042167723
59.5527,0.00042187179
59.5847,0.00042206629
59.6166,0.00042226074
59.6486,0.00042245515
59.6805,0.00042264951
59.7125,0.00042284383
59.7444,0.00042303813
59.7764,0.00042323238
59.8083,0.00042342659
59.8403,0.00042362077
59.8722,0.00042381493
59.9042,0.00042400906
59.9361,0.00042420317
59.9681,0.00042439725
60,0.00042459131
60.0319,0.00042478533
60.0639,0.00042497933
60.0958,0.0004251733
60.1278,0.00042536725
60.1597,0.00042556116
60.1917,0.00042575504
60.2236,0.00042594888
60.2556,0.0004261427
60.2875,0.00042633647
60.3195,0.00042653018
60.3514,0.00042672384
60.3834,0.00042691747
60.4153,0.00042711105
60.4473,0.00042730461
60.4792,0.00042749812
60.5112,0.00042769159
60.5431,0.00042788498
60.5751,0.00042807833
60.607,0.00042827161
60.639,0.00042846484
60.6709,0.00042865799
60.7029,0.00042885107
60.7348,0.00042904408
60.7668,0.00042923701
60.7987,0.00042942985
60.8307,0.00042962261
60.8626,0.0004298153
60.8946,0.00043000792
60.9265,0.00043020044
60.9585,0.00043039287
60.9904,0.00043058521
61.0224,0.00043077747
61.0543,0.00043096965
61.0863,0.00043116175
61.1182,0.00043135376
61.1502,0.00043154568
61.1821,0.0004317375
61.2141,0.00043192923
61.246,0.00043212088
61.278,0.00043231244
61.3099,0.0004325039
61.3419,0.00043269527
61.3738,0.00043288654
61.4058,0.00043307773
61.4377,0.00043326881
61.4696,0.00043345979
61.5016,0.00043365066
61.5335,0.00043384145
61.5655,0.00043403215
61.5974,0.00043422277
61.6294,0.00043441331
61.6613,0.00043460377
61.6933,0.00043479412
61.7252,0.00043498439
61.7572,0.00043517456
61.7891,0.00043536465
61.8211,0.00043555465
61.853,0.00043574456
61.885,0.00043593437
61.9169,0.00043612408
61.9489,0.0004363137
61.9808,0.00043650323
62.0128,0.00043669267
62.0447,0.00043688204
62.0767,0.00043707132
62.1086,0.0004372605
62.1406,0.0004374496
62.1725,0.00043763862
62.2045,0.00043782756
62.2364,0.00043801643
62.2684,0.00043820523
62.3003,0.00043839395
62.3323,0.00043858258
62.3642,0.00043877114
62.3962,0.00043895963
62.4281,0.00043914805
62.4601,0.0004393364
62.492,0.00043952466
62.524,0.00043971286
62.5559,0.000439901
62.5879,0.00044008905
62.6198,0.00044027702
62.6518,0.00044046491
62.6837,0.00044065274
62.7157,0.00044084051
62.7476,0.00044102824
62.7796,0.0004412159
62.8115,0.00044140351
62.8435,0.00044159104
62.8754,0.00044177851
62.9073,0.00044196591
62.9393,0.00044215327
62.9712,0.00044234055
63.0032,0.00044252777
63.0351,0.00044271492
63.0671,0.00044290199
63.099,0.000443089
63.131,0.00044327595
63.1629,0.00044346283
63.1949,0.00044364967
63.2268,0.00044383643
63.2588,0.00044402312
63.2907,0.00044420975
63.3227,0.00044439633
63.3546,0.00044458285
63.3866,0.00044476931
63.4185,0.00044495572
63.4505,0.00044514207
63.4824,0.00044532835
63.5144,0.00044551458
63.5463,0.00044570076
63.5783,0.00044588688
63.6102,0.00044607294
63.6422,0.00044625893
63.6741,0.00044644488
63.7061,0.00044663076
63.738,0.00044681658
63.77,0.00044700234
63.8019,0.00044718803
63.8339,0.00044737366
63.8658,0.00044755924
63.8978,0.00044774476
63.9297,0.00044793022
63.9617,0.00044811562
63.9936,0.00044830097
64.0256,0.00044848626
64.0575,0.00044867149
64.0895,0.00044885667
64.1214,0.00044904179
64.1534,0.00044922685
64.1853,0.00044941184
64.2173,0.00044959679
64.2492,0.00044978165
64.2812,0.00044996646
64.3131,0.0004501512
64.345,0.00045033587
64.377,0.0004505205
64.4089,0.00045070506
64.4409,0.00045088957
64.4728,0.00045107401
64.5048,0.00045125839
64.5367,0.0004514427
64.5687,0.00045162696
64.6006,0.00045181115
64.6326,0.00045199527
64.6645,0.00045217933
64.6965,0.00045236334
64.7284,0.00045254727
64.7604,0.00045273112
64.7923,0.00045291491
64.8243,0.00045309864
64.8562,0.00045328233
64.8882,0.00045346596
64.9201,0.00045364954
64.9521,0.00045383305
64.984,0.0004540165
65.016,0.00045419988
65.0479,0.0004543832
65.0799,0.00045456646
65.1118,0.00045474965
65.1438,0.00045493278
65.1757,0.00045511585
65.2077,0.00045529884
65.2396,0.00045548176
65.2716,0.00045566461
65.3035,0.0004558474
65.3355,0.00045603014
65.3674,0.00045621284
65.3994,0.00045639548
65.4313,0.00045657807
65.4633,0.00045676058
65.4952,0.00045694303
65.5272,0.00045712542
65.5591,0.00045730776
65.5911,0.00045749003
65.623,0.00045767223
65.655,0.00045785436
65.6869,0.00045803641
65.7188,0.0004582184
65.7508,0.00045840032
65.7827,0.00045858218
65.8147,0.00045876398
65.8466,0.00045894571
65.8786,0.00045912736
65.9105,0.00045930895
65.9425,0.00045949048
65.9744,0.00045967195
66.0064,0.00045985336
66.0383,0.00046003472
66.0703,0.00046021601
66.1022,0.00046039723
66.1342,0.00046057839
66.1661,0.00046075949
66.1981,0.00046094053
66.23,0.00046112151
66.262,0.00046130242
66.2939,0.00046148327
66.3259,0.00046166406
66.3578,0.00046184477
66.3898,0.00046202541
66.4217,0.00046220598
66.4537,0.00046238648
66.4856,0.00046256694
66.5176,0.00046274735
66.5495,0.00046292771
66.5815,0.00046310801
66.6134,0.00046328823
66.6454,0.0004634684
66.6773,0.0004636485
66.7093,0.00046382855
66.7412,0.00046400853
66.7732,0.00046418845
66.8051,0.00046436829
66.8371,0.00046454806
66.869,0.00046472776
66.901,0.00046490739
66.9329,0.00046508696
66.9649,0.00046526648
66.9968,0.00046544592
67.0288,0.00046562529
67.0607,0.00046580459
67.0927,0.00046598383
67.1246,0.00046616302
67.1565,0.00046634214
67.1885,0.00046652121
67.2204,0.00046670022
67.2524,0.00046687914
67.2843,0.00046705802
67.3163,0.00046723684
67.3482,0.0004674156
67.3802,0.00046759428
67.4121,0.00046777291
67.4441,0.00046795147
67.476,0.00046812998
67.508,0.00046830841
67.5399,0.00046848676
67.5719,0.00046866504
67.6038,0.00046884327
67.6358,0.00046902144
67.6677,0.00046919956
67.6997,0.00046937763
67.7316,0.00046955565
67.7636,0.00046973359
67.7955,0.00046991148
67.8275,0.0004700893
67.8594,0.00047026707
67.8914,0.00047044476
67.9233,0.00047062239
67.9553,0.00047079996
67.9872,0.00047097744
68.0192,0.00047115486
68.0511,0.00047133221
68.0831,0.0004715095
68.115,0.00047168674
68.147,0.00047186389
68.1789,0.00047204098
68.2109,0.000472218
68.2428,0.00047239496
68.2748,0.00047257187
68.3067,0.00047274871
68.3387,0.0004729255
68.3706,0.00047310223
68.4026,0.00047327888
68.4345,0.00047345548
68.4665,0.00047363201
68.4984,0.00047380849
68.5304,0.0004739849
68.5623,0.00047416125
68.5942,0.00047433754
68.6262,0.00047451377
68.6581,0.00047468992
68.6901,0.00047486599
68.722,0.000475042
68.754,0.00047521795
68.7859,0.00047539384
68.8179,0.00047556969
68.8498,0.00047574549
68.8818,0.00047592123
68.9137,0.0004760969
68.9457,0.00047627251
68.9776,0.00047644805
69.0096,0.00047662355
69.0415,0.00047679897
69.0735,0.00047697433
69.1054,0.00047714962
69.1374,0.00047732484
69.1693,0.00047749998
69.2013,0.00047767506
69.2332,0.00047785008
69.2652,0.00047802504
69.2971,0.00047819993
69.3291,0.00047837474
69.361,0.00047854949
69.393,0.00047872419
69.4249,0.00047889882
69.4569,0.0004790734
69.4888,0.00047924792
69.5208,0.00047942238
69.5527,0.00047959676
69.5847,0.00047977109
69.6166,0.00047994536
69.6486,0.00048011957
69.6805,0.00048029371
69.7125,0.00048046779
69.7444,0.00048064181
69.7764,0.00048081578
69.8083,0.00048098967
69.8403,0.0004811635
69.8722,0.00048133725
69.9042,0.00048151095
69.9361,0.00048168458
69.9681,0.00048185816
70,0.00048203167
70.0319,0.00048220512
70.0639,0.00048237851
70.0958,0.00048255184
70.1278,0.00048272512
70.1597,0.00048289834
70.1917,0.00048307149
70.2236,0.00048324459
70.2556,0.00048341762
70.2875,0.00048359059
70.3195,0.00048376349
70.3514,0.00048393632
70.3834,0.00048410908
70.4153,0.00048428178
70.4473,0.00048445443
70.4792,0.00048462701
70.5112,0.00048479954
70.5431,0.00048497199
70.5751,0.00048514439
70.607,0.00048531672
70.639,0.00048548899
70.6709,0.0004856612
70.7029,0.00048583333
70.7348,0.0004860054
70.7668,0.00048617742
70.7987,0.00048634937
70.8307,0.00048652124
70.8626,0.00048669303
70.8946,0.00048686477
70.9265,0.00048703647
70.9585,0.00048720812
70.9904,0.00048737971
71.0224,0.00048755124
71.0543,0.0004877227
71.0863,0.0004878941
71.1182,0.00048806543
71.1502,0.00048823671
71.1821,0.00048840791
71.2141,0.00048857906
71.246,0.00048875015
71.278,0.00048892116
71.3099,0.0004890921
71.3419,0.00048926297
71.3738,0.00048943378
71.4058,0.00048960454
71.4377,0.00048977527
71.4696,0.00048994593
71.5016,0.00049011655
71.5335,0.00049028709
71.5655,0.00049045757
71.5974,0.00049062799
71.6294,0.00049079836
71.6613,0.00049096866
71.6933,0.0004911389
71.7252,0.00049130907
71.7572,0.00049147916
71.7891,0.00049164919
71.8211,0.00049181914
71.853,0.00049198904
71.885,0.00049215889
71.9169,0.00049232866
71.9489,0.00049249836
71.9808,0.00049266799
72.0128,0.00049283757
72.0447,0.00049300709
72.0767,0.00049317655
72.1086,0.00049334596
72.1406,0.0004935153
72.1725,0.00049368457
72.2045,0.00049385379
72.2364,0.00049402296
72.2684,0.00049419206
72.3003,0.0004943611
72.3323,0.00049453007
72.3642,0.00049469898
72.3962,0.00049486784
72.4281,0.00049503663
72.4601,0.00049520533
72.492,0.00049537397
72.524,0.00049554255
72.5559,0.00049571108
72.5879,0.00049587957
72.6198,0.000496048
72.6518,0.00049621639
72.6837,0.00049638469
72.7157,0.00049655294
72.7476,0.00049672113
72.7796,0.00049688927
72.8115,0.00049705733
72.8435,0.00049722533
72.8754,0.00049739327
72.9073,0.00049756113
72.9393,0.00049772891
72.9712,0.00049789663
73.0032,0.0004980643
73.0351,0.0004982319
73.0671,0.00049839943
73.099,0.00049856689
73.131,0.00049873429
73.1629,0.00049890162
73.1949,0.00049906891
73.2268,0.00049923612
73.2588,0.00049940329
73.2907,0.0004995704
73.3227,0.00049973743
73.3546,0.0004999044
73.3866,0.00050007132
73.4185,0.00050023819
73.4505,0.00050040498
73.4824,0.00050057171
73.5144,0.00050073839
73.5463,0.00050090501
73.5783,0.00050107155
73.6102,0.00050123802
73.6422,0.00050140442
73.6741,0.00050157076
73.7061,0.00050173706
73.738,0.00050190332
73.77,0.00050206952
73.8019,0.00050223567
73.8339,0.00050240175
73.8658,0.00050256778
73.8978,0.00050273374
73.9297,0.00050289966
73.9617,0.00050306551
73.9936,0.0005032313
74.0256,0.00050339702
74.0575,0.00050356267
74.0895,0.00050372826
74.1214,0.00050389377
74.1534,0.00050405924
74.1853,0.00050422465
74.2173,0.00050438999
74.2492,0.00050455526
74.2812,0.00050472047
74.3131,0.00050488563
74.345,0.00050505073
74.377,0.00050521577
74.4089,0.00050538077
74.4409,0.0005055457
74.4728,0.00050571056
74.5048,0.00050587537
74.5367,0.00050604013
74.5687,0.00050620483
74.6006,0.00050636947
74.6326,0.00050653404
74.6645,0.00050669856
74.6965,0.00050686303
74.7284,0.00050702742
74.7604,0.00050719173
74.7923,0.00050735598
74.8243,0.00050752018
74.8562,0.00050768432
74.8882,0.00050784843
74.9201,0.00050801248
74.9521,0.00050817648
74.984,0.00050834041
75.016,0.00050850428
75.0479,0.00050866809
75.0799,0.00050883185
75.1118,0.00050899555
75.1438,0.00050915918
75.1757,0.00050932274
75.2077,0.00050948623
75.2396,0.00050964965
75.2716,0.000509813
75.3035,0.0005099763
75.3355,0.00051013955
75.3674,0.00051030272
75.3994,0.00051046581
75.4313,0.00051062885
75.4633,0.00051079183
75.4952,0.00051095475
75.5272,0.00051111761
75.5591,0.00051128042
75.5911,0.00051144317
75.623,0.00051160585
75.655,0.00051176847
75.6869,0.00051193104
75.7188,0.00051209354
75.7508,0.00051225599
75.7827,0.00051241836
75.8147,0.00051258068
75.8466,0.00051274295
75.8786,0.00051290515
75.9105,0.00051306728
75.9425,0.00051322933
75.9744,0.00051339134
76.0064,0.00051355328
76.0383,0.00051371516
76.0703,0.00051387698
76.1022,0.00051403874
76.1342,0.00051420045
76.1661,0.0005143621
76.1981,0.00051452369
76.23,0.00051468522
76.262,0.0005148467
76.2939,0.00051500812
76.3259,0.00051516947
76.3578,0.00051533077
76.3898,0.00051549198
76.4217,0.00051565314
76.4537,0.00051581423
76.4856,0.00051597526
76.5176,0.00051613624
76.5495,0.00051629715
76.5815,0.00051645802
76.6134,0.00051661881
76.6454,0.00051677954
76.6773,0.00051694022
76.7093,0.00051710083
76.7412,0.00051726137
76.7732,0.00051742185
76.8051,0.00051758227
76.8371,0.00051774264
76.869,0.00051790294
76.901,0.00051806315
76.9329,0.0005182233
76.9649,0.0005183834
76.9968,0.00051854346
77.0288,0.00051870346
77.0607,0.00051886341
77.0927,0.00051902331
77.1246,0.00051918314
77.1565,0.0005193429
77.1885,0.00051950261
77.2204,0.00051966226
77.2524,0.00051982183
77.2843,0.00051998136
77.3163,0.00052014083
77.3482,0.00052030022
77.3802,0.00052045954
77.4121,0.00052061879
77.4441,0.00052077798
77.476,0.00052093713
77.508,0.00052109624
77.5399,0.00052125529
77.5719,0.00052141428
77.6038,0.00052157321
77.6358,0.00052173208
77.6677,0.00052189088
77.6997,0.00052204962
77.7316,0.00052220831
77.7636,0.00052236693
77.7955,0.00052252548
77.8275,0.00052268396
77.8594,0.0005228424
77.8914,0.00052300078
77.9233,0.00052315911
77.9553,0.00052331738
77.9872,0.0005234756
78.0192,0.00052363374
78.0511,0.00052379184
78.0831,0.00052394989
78.115,0.00052410787
78.147,0.0005242658
78.1789,0.00052442366
78.2109,0.00052458148
78.2428,0.00052473924
78.2748,0.00052489693
78.3067,0.00052505454
78.3387,0.00052521209
78.3706,0.00052536958
78.4026,0.00052552703
78.4345,0.00052568444
78.4665,0.0005258418
78.4984,0.00052599911
78.5304,0.00052615635
78.5623,0.00052631353
78.5942,0.00052647066
78.6262,0.00052662774
78.6581,0.00052678475
78.6901,0.00052694169
78.722,0.00052709857
78.754,0.00052725537
78.7859,0.00052741211
78.8179,0.00052756877
78.8498,0.00052772538
78.8818,0.00052788193
78.9137,0.00052803841
78.9457,0.00052819481
78.9776,0.00052835115
79.0096,0.00052850742
79.0415,0.00052866364
79.0735,0.0005288198
79.1054,0.00052897589
79.1374,0.00052913193
79.1693,0.00052928788
79.2013,0.00052944378
79.2332,0.00052959962
79.2652,0.00052975539
79.2971,0.0005299111
79.3291,0.00053006673
79.361,0.00053022231
79.393,0.00053037782
79.4249,0.00053053325
79.4569,0.0005306886
79.4888,0.00053084387
79.5208,0.00053099909
79.5527,0.00053115425
79.5847,0.00053130937
79.6166,0.00053146442
79.6486,0.00053161942
79.6805,0.00053177434
79.7125,0.0005319292
79.7444,0.00053208399
79.7764,0.00053223873
79.8083,0.0005323934
79.8403,0.00053254799
79.8722,0.0005327025
79.9042,0.00053285694
79.9361,0.0005330113
79.9681,0.00053316559
80,0.00053331982
80.0319,0.00053347399
80.0639,0.00053362807
80.0958,0.00053378208
80.1278,0.00053393602
80.1597,0.0005340899
80.1917,0.00053424373
80.2236,0.00053439749
80.2556,0.0005345512
80.2875,0.00053470485
80.3195,0.00053485842
80.3514,0.00053501195
80.3834,0.00053516543
80.4153,0.00053531886
80.4473,0.00053547223
80.4792,0.00053562554
80.5112,0.00053577882
80.5431,0.00053593206
80.5751,0.00053608525
80.607,0.00053623837
80.639,0.00053639145
80.6709,0.00053654451
80.7029,0.00053669754
80.7348,0.00053685057
80.7668,0.00053700358
80.7987,0.00053715658
80.8307,0.00053730955
80.8626,0.0005374625
80.8946,0.00053761543
80.9265,0.00053776836
80.9585,0.00053792127
80.9904,0.00053807417
81.0224,0.00053822705
81.0543,0.00053837991
81.0863,0.00053853275
81.1182,0.00053868558
81.1502,0.00053883841
81.1821,0.00053899124
81.2141,0.00053914405
81.246,0.00053929684
81.278,0.00053944961
81.3099,0.00053960239
81.3419,0.00053975517
81.3738,0.00053990793
81.4058,0.00054006069
81.4377,0.00054021343
81.4696,0.00054036614
81.5016,0.00054051884
81.5335,0.00054067153
81.5655,0.00054082419
81.5974,0.00054097682
81.6294,0.00054112942
81.6613,0.00054128198
81.6933,0.00054143451
81.7252,0.00054158699
81.7572,0.00054173942
81.7891,0.00054189179
81.8211,0.00054204412
81.853,0.00054219638
81.885,0.0005423486
81.9169,0.00054250074
81.9489,0.00054265282
81.9808,0.00054280484
82.0128,0.00054295678
82.0447,0.00054310865
82.0767,0.00054326045
82.1086,0.00054341217
82.1406,0.00054356379
82.1725,0.00054371533
82.2045,0.00054386678
82.2364,0.00054401812
82.2684,0.00054416936
82.3003,0.00054432049
82.3323,0.00054447153
82.3642,0.00054462246
82.3962,0.00054477329
82.4281,0.00054492403
82.4601,0.00054507465
82.492,0.00054522516
82.524,0.00054537556
82.5559,0.00054552586
82.5879,0.00054567603
82.6198,0.00054582609
82.6518,0.00054597604
82.6837,0.00054612589
82.7157,0.00054627562
82.7476,0.00054642522
82.7796,0.0005465747
82.8115,0.00054672408
82.8435,0.00054687338
82.8754,0.00054702257
82.9073,0.00054717167
82.9393,0.00054732067
82.9712,0.00054746956
83.0032,0.00054761835
83.0351,0.00054776703
83.0671,0.00054791562
83.099,0.0005480641
83.131,0.0005482125
83.1629,0.0005483608
83.1949,0.000548509
83.2268,0.00054865708
83.2588,0.00054880508
83.2907,0.000548953
83.3227,0.00054910084
83.3546,0.00054924863
83.3866,0.00054939634
83.4185,0.00054954399
83.4505,0.00054969154
83.4824,0.00054983902
83.5144,0.00054998643
83.5463,0.00055013378
83.5783,0.00055028105
83.6102,0.00055042825
83.6422,0.00055057537
83.6741,0.00055072241
83.7061,0.00055086938
83.738,0.00055101628
83.77,0.00055116313
83.8019,0.00055130992
83.8339,0.00055145664
83.8658,0.00055160329
83.8978,0.00055174988
83.9297,0.00055189642
83.9617,0.00055204291
83.9936,0.00055218934
84.0256,0.00055233574
84.0575,0.00055248208
84.0895,0.00055262836
84.1214,0.00055277459
84.1534,0.00055292078
84.1853,0.00055306693
84.2173,0.00055321302
84.2492,0.00055335905
84.2812,0.00055350505
84.3131,0.00055365101
84.345,0.00055379689
84.377,0.00055394272
84.4089,0.00055408849
84.4409,0.00055423422
84.4728,0.00055437991
84.5048,0.00055452558
84.5367,0.00055467121
84.5687,0.00055481681
84.6006,0.00055496234
84.6326,0.00055510784
84.6645,0.00055525328
84.6965,0.0005553987
84.7284,0.00055554406
84.7604,0.00055568937
84.7923,0.00055583462
84.8243,0.00055597982
84.8562,0.00055612496
84.8882,0.00055627004
84.9201,0.00055641508
84.9521,0.00055656009
84.984,0.00055670503
85.016,0.00055684991
85.0479,0.00055699474
85.0799,0.00055713953
85.1118,0.00055728427
85.1438,0.00055742897
85.1757,0.00055757363
85.2077,0.00055771824
85.2396,0.00055786278
85.2716,0.00055800729
85.3035,0.00055815175
85.3355,0.00055829616
85.3674,0.00055844052
85.3994,0.00055858483
85.4313,0.00055872909
85.4633,0.0005588733
85.4952,0.00055901745
85.5272,0.00055916152
85.5591,0.00055930554
85.5911,0.00055944951
85.623,0.00055959345
85.655,0.00055973735
85.6869,0.00055988121
85.7188,0.00056002503
85.7508,0.00056016878
85.7827,0.00056031248
85.8147,0.00056045613
85.8466,0.00056059974
85.8786,0.00056074329
85.9105,0.00056088678
85.9425,0.00056103021
85.9744,0.00056117357
86.0064,0.00056131688
86.0383,0.00056146011
86.0703,0.00056160331
86.1022,0.00056174645
86.1342,0.00056188953
86.1661,0.00056203254
86.1981,0.00056217549
86.23,0.0005623184
86.262,0.00056246126
86.2939,0.00056260406
86.3259,0.00056274682
86.3578,0.00056288953
86.3898,0.00056303216
86.4217,0.00056317475
86.4537,0.0005633173
86.4856,0.00056345979
86.5176,0.00056360222
86.5495,0.00056374459
86.5815,0.00056388691
86.6134,0.00056402919
86.6454,0.00056417139
86.6773,0.00056431351
86.7093,0.00056445558
86.7412,0.0005645976
86.7732,0.00056473957
86.8051,0.00056488152
86.8371,0.00056502341
86.869,0.00056516526
86.901,0.00056530704
86.9329,0.00056544878
86.9649,0.00056559045
86.9968,0.00056573209
87.0288,0.00056587366
87.0607,0.00056601517
87.0927,0.00056615661
87.1246,0.00056629799
87.1565,0.00056643931
87.1885,0.00056658056
87.2204,0.00056672177
87.2524,0.00056686292
87.2843,0.00056700401
87.3163,0.00056714503
87.3482,0.00056728598
87.3802,0.00056742689
87.4121,0.00056756776
87.4441,0.00056770856
87.476,0.00056784932
87.508,0.00056799003
87.5399,0.00056813067
87.5719,0.00056827126
87.6038,0.0005684118
87.6358,0.00056855229
87.6677,0.00056869272
87.6997,0.00056883308
87.7316,0.0005689734
87.7636,0.00056911368
87.7955,0.00056925388
87.8275,0.00056939402
87.8594,0.00056953409
87.8914,0.00056967412
87.9233,0.00056981409
87.9553,0.00056995401
87.9872,0.00057009388
88.0192,0.00057023368
88.0511,0.00057037345
88.0831,0.00057051315
88.115,0.00057065281
88.147,0.00057079241
88.1789,0.00057093196
88.2109,0.00057107146
88.2428,0.0005712109
88.2748,0.00057135029
88.3067,0.0005714896
88.3387,0.00057162886
88.3706,0.00057176806
88.4026,0.00057190719
88.4345,0.00057204629
88.4665,0.00057218532
88.4984,0.00057232431
88.5304,0.00057246323
88.5623,0.0005726021
88.5942,0.00057274091
88.6262,0.00057287967
88.6581,0.00057301836
88.6901,0.00057315699
88.722,0.00057329557
88.754,0.0005734341
88.7859,0.00057357256
88.8179,0.00057371095
88.8498,0.00057384927
88.8818,0.00057398754
88.9137,0.00057412579
88.9457,0.00057426398
88.9776,0.00057440213
89.0096,0.00057454022
89.0415,0.00057467825
89.0735,0.00057481623
89.1054,0.00057495414
89.1374,0.00057509201
89.1693,0.0005752298
89.2013,0.00057536755
89.2332,0.00057550525
89.2652,0.00057564288
89.2971,0.00057578043
89.3291,0.00057591792
89.361,0.00057605536
89.393,0.00057619276
89.4249,0.00057633013
89.4569,0.00057646745
89.4888,0.00057660473
89.5208,0.00057674194
89.5527,0.0005768791
89.5847,0.0005770162
89.6166,0.00057715326
89.6486,0.00057729026
89.6805,0.00057742719
89.7125,0.00057756406
89.7444,0.00057770087
89.7764,0.00057783761
89.8083,0.00057797429
89.8403,0.00057811092
89.8722,0.0005782475
89.9042,0.00057838401
89.9361,0.00057852045
89.9681,0.00057865683
90,0.00057879317
90.0319,0.00057892945
90.0639,0.00057906569
90.0958,0.00057920187
90.1278,0.000579338
90.1597,0.00057947406
90.1917,0.00057961008
90.2236,0.00057974605
90.2556,0.00057988196
90.2875,0.00058001782
90.3195,0.00058015361
90.3514,0.00058028935
90.3834,0.00058042505
90.4153,0.00058056068
90.4473,0.00058069622
90.4792,0.00058083171
90.5112,0.00058096715
90.5431,0.00058110255
90.5751,0.00058123792
90.607,0.00058137323
90.639,0.00058150851
90.6709,0.00058164372
90.7029,0.00058177887
90.7348,0.00058191397
90.7668,0.00058204903
90.7987,0.00058218402
90.8307,0.00058231896
90.8626,0.00058245383
90.8946,0.00058258863
90.9265,0.00058272337
90.9585,0.00058285805
90.9904,0.00058299268
91.0224,0.00058312726
91.0543,0.00058326177
91.0863,0.00058339621
91.1182,0.00058353059
91.1502,0.00058366493
91.1821,0.00058379922
91.2141,0.00058393346
91.246,0.00058406764
91.278,0.00058420178
91.3099,0.00058433584
91.3419,0.00058446986
91.3738,0.00058460383
91.4058,0.00058473776
91.4377,0.00058487161
91.4696,0.00058500541
91.5016,0.00058513917
91.5335,0.00058527287
91.5655,0.0005854065
91.5974,0.00058554006
91.6294,0.00058567356
91.6613,0.000585807
91.6933,0.0005859404
91.7252,0.00058607378
91.7572,0.0005862071
91.7891,0.00058634039
91.8211,0.0005864736
91.853,0.00058660677
91.885,0.00058673988
91.9169,0.00058687295
91.9489,0.00058700595
91.9808,0.0005871389
92.0128,0.00058727178
92.0447,0.0005874046
92.0767,0.00058753735
92.1086,0.00058767004
92.1406,0.00058780268
92.1725,0.00058793528
92.2045,0.0005880678
92.2364,0.00058820026
92.2684,0.00058833266
92.3003,0.00058846501
92.3323,0.00058859731
92.3642,0.00058872956
92.3962,0.00058886177
92.4281,0.00058899392
92.4601,0.000589126
92.492,0.00058925804
92.524,0.00058939003
92.5559,0.00058952197
92.5879,0.00058965385
92.6198,0.00058978567
92.6518,0.00058991744
92.6837,0.00059004916
92.7157,0.00059018082
92.7476,0.00059031239
92.7796,0.00059044391
92.8115,0.00059057537
92.8435,0.0005907068
92.8754,0.0005908382
92.9073,0.00059096954
92.9393,0.00059110085
92.9712,0.00059123209
93.0032,0.00059136328
93.0351,0.00059149441
93.0671,0.00059162551
93.099,0.00059175654
93.131,0.00059188751
93.1629,0.00059201842
93.1949,0.00059214926
93.2268,0.00059228004
93.2588,0.00059241076
93.2907,0.00059254142
93.3227,0.00059267205
93.3546,0.0005928026
93.3866,0.00059293308
93.4185,0.00059306351
93.4505,0.00059319389
93.4824,0.00059332423
93.5144,0.00059345451
93.5463,0.00059358474
93.5783,0.00059371492
93.6102,0.00059384504
93.6422,0.0005939751
93.6741,0.00059410513
93.7061,0.0005942351
93.738,0.00059436501
93.77,0.00059449486
93.8019,0.00059462466
93.8339,0.00059475442
93.8658,0.00059488411
93.8978,0.00059501375
93.9297,0.00059514331
93.9617,0.00059527283
93.9936,0.00059540229
94.0256,0.00059553171
94.0575,0.00059566107
94.0895,0.00059579037
94.1214,0.00059591963
94.1534,0.00059604884
94.1853,0.000596178
94.2173,0.00059630711
94.2492,0.00059643617
94.2812,0.00059656517
94.3131,0.00059669412
94.345,0.00059682302
94.377,0.00059695185
94.4089,0.00059708062
94.4409,0.00059720933
94.4728,0.00059733798
94.5048,0.0005974666
94.5367,0.00059759515
94.5687,0.00059772366
94.6006,0.00059785211
94.6326,0.0005979805
94.6645,0.00059810884
94.6965,0.00059823712
94.7284,0.00059836535
94.7604,0.00059849351
94.7923,0.00059862162
94.8243,0.00059874968
94.8562,0.00059887768
94.8882,0.00059900561
94.9201,0.00059913347
94.9521,0.00059926128
94.984,0.00059938907
95.016,0.0005995168
95.0479,0.0005996445
95.0799,0.00059977215
95.1118,0.00059989973
95.1438,0.00060002726
95.1757,0.00060015473
95.2077,0.00060028214
95.2396,0.0006004095
95.2716,0.00060053681
95.3035,0.00060066407
95.3355,0.00060079126
95.3674,0.00060091837
95.3994,0.00060104543
95.4313,0.00060117244
95.4633,0.00060129941
95.4952,0.00060142636
95.5272,0.00060155325
95.5591,0.00060168011
95.5911,0.0006018069
95.623,0.00060193363
95.655,0.00060206032
95.6869,0.00060218697
95.7188,0.00060231355
95.7508,0.00060244007
95.7827,0.00060256654
95.8147,0.00060269293
95.8466,0.00060281927
95.8786,0.00060294554
95.9105,0.00060307176
95.9425,0.00060319794
95.9744,0.00060332405
96.0064,0.0006034501
96.0383,0.00060357608
96.0703,0.00060370202
96.1022,0.00060382792
96.1342,0.00060395376
96.1661,0.00060407956
96.1981,0.0006042053
96.23,0.00060433098
96.262,0.00060445661
96.2939,0.0006045822
96.3259,0.00060470774
96.3578,0.00060483322
96.3898,0.00060495863
96.4217,0.00060508401
96.4537,0.00060520934
96.4856,0.00060533459
96.5176,0.00060545977
96.5495,0.0006055849
96.5815,0.00060570997
96.6134,0.000605835
96.6454,0.00060596001
96.6773,0.00060608497
96.7093,0.00060620989
96.7412,0.00060633474
96.7732,0.00060645955
96.8051,0.0006065843
96.8371,0.00060670901
96.869,0.00060683366
96.901,0.00060695825
96.9329,0.00060708278
96.9649,0.00060720725
96.9968,0.00060733165
97.0288,0.00060745598
97.0607,0.00060758028
97.0927,0.00060770453
97.1246,0.00060782871
97.1565,0.00060795282
97.1885,0.00060807688
97.2204,0.00060820089
97.2524,0.00060832485
97.2843,0.00060844877
97.3163,0.00060857263
97.3482,0.00060869645
97.3802,0.0006088202
97.4121,0.00060894391
97.4441,0.00060906757
97.476,0.00060919118
97.508,0.00060931473
97.5399,0.00060943823
97.5719,0.00060956168
97.6038,0.00060968508
97.6358,0.00060980841
97.6677,0.00060993167
97.6997,0.00061005487
97.7316,0.00061017802
97.7636,0.00061030113
97.7955,0.00061042422
97.8275,0.00061054725
97.8594,0.00061067026
97.8914,0.00061079319
97.9233,0.00061091607
97.9553,0.0006110389
97.9872,0.00061116169
98.0192,0.00061128443
98.0511,0.0006114071
98.0831,0.00061152971
98.115,0.00061165226
98.147,0.00061177474
98.1789,0.00061189716
98.2109,0.00061201954
98.2428,0.00061214188
98.2748,0.00061226414
98.3067,0.00061238634
98.3387,0.00061250848
98.3706,0.00061263057
98.4026,0.00061275263
98.4345,0.00061287463
98.4665,0.00061299658
98.4984,0.00061311849
98.5304,0.00061324033
98.5623,0.00061336212
98.5942,0.00061348387
98.6262,0.00061360557
98.6581,0.00061372721
98.6901,0.0006138488
98.722,0.00061397034
98.754,0.00061409183
98.7859,0.00061421326
98.8179,0.0006143346
98.8498,0.0006144559
98.8818,0.00061457714
98.9137,0.00061469834
98.9457,0.00061481953
98.9776,0.00061494066
99.0096,0.00061506175
99.0415,0.00061518278
99.0735,0.00061530376
99.1054,0.00061542468
99.1374,0.00061554558
99.1693,0.0006156664
99.2013,0.00061578717
99.2332,0.00061590788
99.2652,0.00061602853
99.2971,0.00061614911
99.3291,0.00061626963
99.361,0.00061639011
99.393,0.00061651054
99.4249,0.00061663091
99.4569,0.00061675121
99.4888,0.00061687145
99.5208,0.00061699165
99.5527,0.0006171118
99.5847,0.0006172319
99.6166,0.00061735196
99.6486,0.00061747197
99.6805,0.00061759191
99.7125,0.00061771181
99.7444,0.00061783167
99.7764,0.00061795147
99.8083,0.00061807122
99.8403,0.00061819091
99.8722,0.00061831056
99.9042,0.00061843016
99.9361,0.0006185497
99.9681,0.00061866918
100,0.00061878859
100.032,0.00061890796
100.064,0.00061902728
100.096,0.00061914655
100.128,0.00061926577
100.16,0.00061938493
100.192,0.00061950406
100.224,0.00061962313
100.256,0.00061974215
100.288,0.00061986113
100.319,0.00061998006
100.351,0.00062009894
100.383,0.00062021777
100.415,0.00062033655
100.447,0.00062045525
100.479,0.00062057391
100.511,0.0006206925
100.543,0.00062081104
100.575,0.00062092954
100.607,0.00062104798
100.639,0.00062116639
100.671,0.00062128473
100.703,0.00062140302
100.735,0.00062152126
100.767,0.00062163945
100.799,0.00062175757
100.831,0.00062187564
100.863,0.00062199366
100.895,0.00062211163
100.927,0.00062222954
100.958,0.00062234738
100.99,0.00062246515
101.022,0.00062258288
101.054,0.00062270059
101.086,0.00062281825
101.118,0.00062293587
101.15,0.00062305344
101.182,0.00062317096
101.214,0.00062328841
101.246,0.00062340582
101.278,0.00062352317
101.31,0.00062364047
101.342,0.00062375771
101.374,0.00062387492
101.406,0.00062399205
101.438,0.00062410911
101.47,0.00062422612
101.502,0.00062434308
101.534,0.00062446
101.565,0.0006245769
101.597,0.00062469375
101.629,0.00062481057
101.661,0.00062492732
101.693,0.00062504402
101.725,0.00062516067
101.757,0.00062527729
101.789,0.00062539384
101.821,0.00062551034
101.853,0.00062562678
101.885,0.00062574315
101.917,0.00062585946
101.949,0.00062597571
101.981,0.00062609192
102.013,0.00062620809
102.045,0.00062632418
102.077,0.00062644021
102.109,0.00062655619
102.141,0.00062667213
102.173,0.00062678801
102.204,0.00062690385
102.236,0.00062701965
102.268,0.0006271354
102.3,0.00062725108
102.332,0.00062736671
102.364,0.00062748231
102.396,0.00062759786
102.428,0.00062771335
102.46,0.00062782878
102.492,0.00062794417
102.524,0.00062805952
102.556,0.0006281748
102.588,0.00062829
102.62,0.00062840514
102.652,0.00062852024
102.684,0.0006286353
102.716,0.00062875034
102.748,0.00062886533
102.78,0.00062898029
102.812,0.00062909518
102.843,0.00062921002
102.875,0.00062932481
102.907,0.00062943957
102.939,0.00062955427
102.971,0.0006296689
103.003,0.00062978348
103.035,0.000629898
103.067,0.00063001245
103.099,0.00063012684
103.131,0.00063024119
103.163,0.0006303555
103.195,0.00063046974
103.227,0.00063058391
103.259,0.00063069803
103.291,0.0006308121
103.323,0.00063092613
103.355,0.00063104011
103.387,0.00063115405
103.419,0.00063126795
103.45,0.00063138176
103.482,0.00063149555
103.514,0.00063160929
103.546,0.00063172298
103.578,0.00063183661
103.61,0.00063195018
103.642,0.00063206372
103.674,0.00063217721
103.706,0.00063229063
103.738,0.00063240397
103.77,0.00063251726
103.802,0.0006326305
103.834,0.00063274371
103.866,0.00063285689
103.898,0.00063297002
103.93,0.00063308313
103.962,0.00063319616
103.994,0.00063330914
104.026,0.00063342208
104.058,0.00063353498
104.089,0.00063364781
104.121,0.0006337606
104.153,0.00063387332
104.185,0.00063398597
104.217,0.00063409857
104.249,0.0006342111
104.281,0.00063432359
104.313,0.00063443604
104.345,0.00063454842
104.377,0.00063466073
104.409,0.00063477299
104.441,0.00063488521
104.473,0.00063499738
104.505,0.0006351095
104.537,0.00063522158
104.569,0.00063533362
104.601,0.00063544558
104.633,0.0006355575
104.665,0.00063566937
104.696,0.00063578121
104.728,0.00063589298
104.76,0.00063600469
104.792,0.00063611636
104.824,0.00063622799
104.856,0.00063633955
104.888,0.00063645103
104.92,0.00063656246
104.952,0.00063667383
104.984,0.00063678518
105.016,0.00063689649
105.048,0.00063700776
105.08,0.000637119
105.112,0.00063723017
105.144,0.00063734129
105.176,0.00063745235
105.208,0.00063756339
105.24,0.00063767436
105.272,0.00063778527
105.304,0.00063789613
105.335,0.00063800691
105.367,0.00063811764
105.399,0.0006382283
105.431,0.00063833893
105.463,0.00063844951
105.495,0.00063856001
105.527,0.00063867046
105.559,0.00063878084
105.591,0.00063889119
105.623,0.00063900149
105.655,0.00063911173
105.687,0.00063922194
105.719,0.0006393321
105.751,0.00063944218
105.783,0.00063955223
105.815,0.00063966223
105.847,0.00063977218
105.879,0.00063988207
105.911,0.00063999191
105.942,0.0006401017
105.974,0.00064021145
106.006,0.00064032113
106.038,0.00064043076
106.07,0.00064054031
106.102,0.00064064983
106.134,0.00064075929
106.166,0.0006408687
106.198,0.00064097807
106.23,0.00064108737
106.262,0.00064119664
106.294,0.00064130585
106.326,0.00064141502
106.358,0.00064152414
106.39,0.00064163321
106.422,0.00064174222
106.454,0.00064185119
106.486,0.00064196011
106.518,0.00064206895
106.55,0.00064217773
106.581,0.00064228647
106.613,0.00064239514
106.645,0.00064250377
106.677,0.00064261234
106.709,0.00064272088
106.741,0.00064282935
106.773,0.00064293777
106.805,0.00064304613
106.837,0.00064315445
106.869,0.00064326269
106.901,0.00064337088
106.933,0.00064347902
106.965,0.00064358712
106.997,0.00064369514
107.029,0.0006438031
107.061,0.00064391099
107.093,0.00064401883
107.125,0.00064412665
107.157,0.00064423442
107.188,0.00064434215
107.22,0.00064444983
107.252,0.00064455745
107.284,0.00064466501
107.316,0.00064477251
107.348,0.00064487997
107.38,0.00064498736
107.412,0.0006450947
107.444,0.000645202
107.476,0.00064530923
107.508,0.00064541638
107.54,0.00064552347
107.572,0.00064563051
107.604,0.00064573752
107.636,0.0006458445
107.668,0.00064595143
107.7,0.00064605833
107.732,0.00064616515
107.764,0.00064627193
107.796,0.00064637865
107.827,0.00064648533
107.859,0.00064659195
107.891,0.00064669851
107.923,0.00064680501
107.955,0.00064691144
107.987,0.00064701781
108.019,0.00064712411
108.051,0.00064723037
108.083,0.00064733658
108.115,0.00064744272
108.147,0.00064754879
108.179,0.0006476548
108.211,0.00064776077
108.243,0.00064786669
108.275,0.00064797256
108.307,0.00064807838
108.339,0.00064818415
108.371,0.00064828985
108.403,0.00064839551
108.435,0.00064850111
108.466,0.00064860667
108.498,0.00064871217
108.53,0.0006488176
108.562,0.00064892299
108.594,0.00064902833
108.626,0.0006491336
108.658,0.00064923878
108.69,0.00064934391
108.722,0.00064944898
108.754,0.00064955402
108.786,0.00064965902
108.818,0.00064976398
108.85,0.00064986889
108.882,0.00064997374
108.914,0.00065007853
108.946,0.00065018327
108.978,0.00065028797
109.01,0.0006503926
109.042,0.00065049717
109.073,0.00065060168
109.105,0.00065070612
109.137,0.0006508105
109.169,0.00065091481
109.201,0.00065101907
109.233,0.0006511233
109.265,0.00065122744
109.297,0.00065133153
109.329,0.00065143555
109.361,0.00065153953
109.393,0.00065164347
109.425,0.00065174736
109.457,0.0006518512
109.489,0.000651955
109.521,0.00065205872
109.553,0.0006521624
109.585,0.00065226605
109.617,0.00065236964
109.649,0.00065247318
109.681,0.00065257666
109.712,0.0006526801
109.744,0.00065278349
109.776,0.00065288682
109.808,0.00065299007
109.84,0.00065309327
109.872,0.00065319641
109.904,0.00065329953
109.936,0.00065340262
109.968,0.00065350567
110,0.00065360869
110.032,0.00065371163
110.064,0.00065381453
110.096,0.00065391738
110.128,0.0006540202
110.16,0.00065412295
110.192,0.00065422565
110.224,0.00065432829
110.256,0.00065443086
110.288,0.00065453337
110.319,0.00065463582
110.351,0.00065473823
110.383,0.00065484059
110.415,0.00065494288
110.447,0.00065504511
110.479,0.00065514728
110.511,0.00065524941
110.543,0.00065535149
110.575,0.00065545352
110.607,0.0006555555
110.639,0.00065565744
110.671,0.0006557593
110.703,0.00065586112
110.735,0.0006559629
110.767,0.00065606463
110.799,0.00065616629
110.831,0.0006562679
110.863,0.00065636946
110.895,0.00065647097
110.927,0.00065657241
110.958,0.00065667377
110.99,0.00065677508
111.022,0.00065687633
111.054,0.00065697754
111.086,0.00065707873
111.118,0.00065717987
111.15,0.00065728098
111.182,0.00065738201
111.214,0.00065748299
111.246,0.00065758392
111.278,0.00065768481
111.31,0.00065778563
111.342,0.0006578864
111.374,0.00065798711
111.406,0.00065808774
111.438,0.00065818832
111.47,0.00065828883
111.502,0.00065838929
111.534,0.00065848972
111.565,0.00065859006
111.597,0.00065869035
111.629,0.00065879058
111.661,0.00065889076
111.693,0.0006589909
111.725,0.00065909098
111.757,0.00065919103
111.789,0.00065929103
111.821,0.00065939095
111.853,0.00065949083
111.885,0.00065959068
111.917,0.00065969047
111.949,0.00065979021
111.981,0.00065988989
112.013,0.00065998953
112.045,0.00066008912
112.077,0.00066018865
112.109,0.00066028813
112.141,0.00066038753
112.173,0.0006604869
112.204,0.00066058622
112.236,0.00066068549
112.268,0.00066078471
112.3,0.00066088388
112.332,0.00066098301
112.364,0.00066108209
112.396,0.00066118113
112.428,0.00066128013
112.46,0.00066137908
112.492,0.00066147798
112.524,0.00066157683
112.556,0.00066167563
112.588,0.00066177437
112.62,0.00066187305
112.652,0.00066197169
112.684,0.00066207027
112.716,0.00066216881
112.748,0.0006622673
112.78,0.00066236576
112.812,0.00066246416
112.843,0.00066256251
112.875,0.00066266081
112.907,0.00066275907
112.939,0.00066285727
112.971,0.00066295541
113.003,0.00066305351
113.035,0.00066315158
113.067,0.00066324959
113.099,0.00066334753
113.131,0.00066344541
113.163,0.00066354326
113.195,0.00066364109
113.227,0.00066373888
113.259,0.00066383665
113.291,0.00066393438
113.323,0.00066403205
113.355,0.00066412968
113.387,0.00066422727
113.419,0.00066432481
113.45,0.00066442231
113.482,0.00066451978
113.514,0.00066461721
113.546,0.00066471458
113.578,0.0006648119
113.61,0.00066490917
113.642,0.00066500642
113.674,0.00066510364
113.706,0.00066520086
113.738,0.00066529805
113.77,0.00066539523
113.802,0.00066549235
113.834,0.00066558945
113.866,0.00066568651
113.898,0.00066578357
113.93,0.00066588058
113.962,0.00066597756
113.994,0.00066607451
114.026,0.00066617141
114.058,0.00066626828
114.089,0.00066636511
114.121,0.00066646193
114.153,0.00066655873
114.185,0.0006666555
114.217,0.00066675222
114.249,0.00066684893
114.281,0.00066694562
114.313,0.0006670423
114.345,0.00066713897
114.377,0.00066723563
114.409,0.00066733228
114.441,0.00066742889
114.473,0.0006675255
114.505,0.00066762211
114.537,0.0006677187
114.569,0.00066781529
114.601,0.00066791185
114.633,0.00066800841
114.665,0.00066810497
114.696,0.00066820151
114.728,0.00066829801
114.76,0.0006683945
114.792,0.00066849099
114.824,0.00066858748
114.856,0.00066868401
114.888,0.00066878053
114.92,0.00066887707
114.952,0.00066897359
114.984,0.00066907011
115.016,0.00066916663
115.048,0.00066926316
115.08,0.00066935969
115.112,0.00066945621
115.144,0.00066955272
115.176,0.00066964921
115.208,0.0006697457
115.24,0.00066984218
115.272,0.00066993867
115.304,0.00067003518
115.335,0.00067013166
115.367,0.00067022814
115.399,0.00067032462
115.431,0.00067042111
115.463,0.00067051761
115.495,0.00067061412
115.527,0.00067071065
115.559,0.00067080718
115.591,0.00067090371
115.623,0.00067100025
115.655,0.0006710968
115.687,0.00067119337
115.719,0.00067128994
115.751,0.00067138652
115.783,0.00067148311
115.815,0.00067157972
115.847,0.00067167632
115.879,0.0006717729
115.911,0.00067186949
115.942,0.0006719661
115.974,0.00067206273
116.006,0.00067215941
116.038,0.00067225611
116.07,0.00067235284
116.102,0.00067244956
116.134,0.0006725463
116.166,0.00067264306
116.198,0.00067273985
116.23,0.00067283664
116.262,0.00067293345
116.294,0.00067303027
116.326,0.00067312709
116.358,0.00067322391
116.39,0.00067332075
116.422,0.00067341762
116.454,0.00067351451
116.486,0.00067361141
116.518,0.00067370832
116.55,0.00067380524
116.581,0.00067390219
116.613,0.00067399918
116.645,0.00067409619
116.677,0.00067419323
116.709,0.0006742903
116.741,0.00067438738
116.773,0.00067448449
116.805,0.00067458164
116.837,0.00067467881
116.869,0.00067477601
116.901,0.00067487322
116.933,0.00067497048
116.965,0.00067506776
116.997,0.00067516506
117.029,0.00067526235
117.061,0.00067535967
117.093,0.00067545701
117.125,0.0006755544
117.157,0.00067565185
117.188,0.00067574933
117.22,0.00067584685
117.252,0.00067594437
117.284,0.00067604194
117.316,0.00067613952
117.348,0.00067623714
117.38,0.00067633478
117.412,0.00067643244
117.444,0.00067653011
117.476,0.00067662779
117.508,0.00067672547
117.54,0.00067682317
117.572,0.0006769209
117.604,0.00067701865
117.636,0.0006771164
117.668,0.00067721416
117.7,0.00067731192
117.732,0.00067740971
117.764,0.00067750752
117.796,0.00067760533
117.827,0.00067770317
117.859,0.00067780102
117.891,0.00067789886
117.923,0.00067799671
117.955,0.00067809458
117.987,0.00067819245
118.019,0.00067829031
118.051,0.00067838817
118.083,0.00067848603
118.115,0.0006785839
118.147,0.00067868173
118.179,0.00067877953
118.211,0.00067887732
118.243,0.00067897509
118.275,0.00067907286
118.307,0.00067917065
118.339,0.00067926841
118.371,0.00067936618
118.403,0.0006794639
118.435,0.00067956159
118.466,0.00067965925
118.498,0.0006797569
118.53,0.0006798545
118.562,0.00067995206
118.594,0.00068004956
118.626,0.000680147
118.658,0.00068024439
118.69,0.00068034171
118.722,0.00068043899
118.754,0.00068053623
118.786,0.00068063338
118.818,0.00068073045
118.85,0.00068082746
118.882,0.0006809244
118.914,0.00068102129
118.946,0.00068111809
118.978,0.00068121483
119.01,0.00068131148
119.042,0.00068140803
119.073,0.00068150451
119.105,0.0006816009
119.137,0.0006816972
119.169,0.0006817934
119.201,0.00068188948
119.233,0.00068198547
119.265,0.00068208136
119.297,0.00068217712
119.329,0.00068227277
119.361,0.00068236827
119.393,0.00068246367
119.425,0.00068255894
119.457,0.00068265408
119.489,0.0006827491
119.521,0.00068284397
119.553,0.00068293873
119.585,0.00068303334
119.617,0.00068312781
119.649,0.00068322214
119.681,0.00068331633
119.712,0.00068341036
119.744,0.00068350424
119.776,0.00068359796
119.808,0.0006836915
119.84,0.00068378487
119.872,0.00068387806
119.904,0.00068397108
119.936,0.00068406395
119.968,0.00068415662
120,0.00068424914
120.032,0.00068434146
120.064,0.0006844336
120.096,0.00068452555
120.128,0.00068461732
120.16,0.00068470888
120.192,0.00068480024
120.224,0.0006848914
120.256,0.00068498238
120.288,0.00068507314
120.319,0.00068516368
120.351,0.00068525399
120.383,0.00068534411
120.415,0.00068543405
120.447,0.00068552378
120.479,0.00068561331
120.511,0.00068570263
120.543,0.00068579172
120.575,0.00068588058
120.607,0.00068596923
120.639,0.00068605764
120.671,0.00068614582
120.703,0.00068623378
120.735,0.00068632152
120.767,0.000686409
120.799,0.00068649622
120.831,0.00068658321
120.863,0.00068666997
120.895,0.00068675649
120.927,0.00068684281
120.958,0.00068692889
120.99,0.00068701475
121.022,0.00068710033
121.054,0.00068718568
121.086,0.00068727077
121.118,0.00068735563
121.15,0.00068744022
121.182,0.00068752455
121.214,0.00068760862
121.246,0.00068769241
121.278,0.00068777593
121.31,0.00068785918
121.342,0.00068794217
121.374,0.00068802491
121.406,0.00068810735
121.438,0.00068818952
121.47,0.0006882714
121.502,0.00068835303
121.534,0.00068843439
121.565,0.00068851547
121.597,0.00068859629
121.629,0.00068867683
121.661,0.00068875706
121.693,0.00068883703
121.725,0.00068891672
121.757,0.00068899613
121.789,0.00068907524
121.821,0.00068915405
121.853,0.00068923259
121.885,0.00068931083
121.917,0.00068938877
121.949,0.00068946637
121.981,0.00068954367
122.013,0.00068962068
122.045,0.0006896974
122.077,0.00068977384
122.109,0.00068984998
122.141,0.00068992583
122.173,0.00069000135
122.204,0.00069007657
122.236,0.00069015146
122.268,0.00069022607
122.3,0.00069030033
122.332,0.00069037428
122.364,0.00069044788
122.396,0.00069052115
122.428,0.00069059409
122.46,0.00069066668
122.492,0.00069073895
122.524,0.0006908109
122.556,0.00069088249
122.588,0.00069095373
122.62,0.00069102462
122.652,0.00069109518
122.684,0.00069116541
122.716,0.00069123529
122.748,0.00069130484
122.78,0.00069137403
122.812,0.00069144286
122.843,0.00069151134
122.875,0.00069157947
122.907,0.00069164725
122.939,0.00069171466
122.971,0.0006917817
123.003,0.00069184839
123.035,0.00069191472
123.067,0.00069198065
123.099,0.00069204619
123.131,0.00069211135
123.163,0.00069217614
123.195,0.00069224057
123.227,0.00069230464
123.259,0.00069236834
123.291,0.00069243168
123.323,0.00069249461
123.355,0.00069255716
123.387,0.00069261932
123.419,0.00069268111
123.45,0.00069274249
123.482,0.00069280348
123.514,0.00069286405
123.546,0.00069292422
123.578,0.00069298397
123.61,0.00069304331
123.642,0.00069310226
123.674,0.00069316081
123.706,0.00069321894
123.738,0.00069327665
123.77,0.00069333394
123.802,0.00069339083
123.834,0.00069344732
123.866,0.00069350339
123.898,0.00069355906
123.93,0.00069361432
123.962,0.00069366914
123.994,0.00069372355
124.026,0.00069377755
124.058,0.00069383114
124.089,0.00069388429
124.121,0.00069393701
124.153,0.00069398932
124.185,0.00069404121
124.217,0.00069409265
124.249,0.00069414363
124.281,0.00069419418
124.313,0.00069424431
124.345,0.00069429403
124.377,0.00069434334
124.409,0.00069439223
124.441,0.00069444071
124.473,0.00069448874
124.505,0.00069453635
124.537,0.00069458353
124.569,0.0006946303
124.601,0.00069467664
124.633,0.00069472255
124.665,0.00069476802
124.696,0.00069481305
124.728,0.00069485766
124.76,0.00069490183
124.792,0.0006949456
124.824,0.00069498896
124.856,0.00069503189
124.888,0.00069503189
124.92,0.00069503189
124.952,0.00069503189
124.984,0.00069503189
125.016,0.00069503189
125.048,0.00069503189
125.08,0.00069503189
125.112,0.00069503189
125.144,0.00069503189
125.176,0.00069503189
125.208,0.00069503189
125.24,0.00069503189
125.272,0.00069503189
125.304,0.00069503189
125.335,0.00069503189
125.367,0.00069503189
125.399,0.00069503189
125.431,0.00069503189
125.463,0.00069503189
125.495,0.00069503189
125.527,0.00069503189
125.559,0.00069503189
125.591,0.00069503189
125.623,0.00069503189
125.655,0.00069503189
125.687,0.00069503189
125.719,0.00069503189
125.751,0.00069503189
125.783,0.00069503189
125.815,0.00069503189
125.847,0.00069503189
125.879,0.00069503189
125.911,0.00069503189
125.942,0.00069503189
125.974,0.00069503189
126.006,0.00069503189
126.038,0.00069503189
126.07,0.00069503189
126.102,0.00069503189
126.134,0.00069503189
126.166,0.00069503189
126.198,0.00069503189
126.23,0.00069503189
126.262,0.00069503189
126.294,0.00069503189
126.326,0.00069503189
126.358,0.00069503189
126.39,0.00069503189
126.422,0.00069503189
126.454,0.00069503189
126.486,0.00069503189
126.518,0.00069503189
126.55,0.00069503189
126.581,0.00069503189
126.613,0.00069503189
126.645,0.00069503189
126.677,0.00069503189
126.709,0.00069503189
126.741,0.00069503189
126.773,0.00069503189
126.805,0.00069503189
126.837,0.00069503189
126.869,0.00069503189
126.901,0.00069503189
126.933,0.00069503189
126.965,0.00069503189
126.997,0.00069503189
127.029,0.00069503189
127.061,0.00069503189
127.093,0.00069503189
127.125,0.00069503189
127.157,0.00069503189
127.188,0.00069503189
127.22,0.00069503189
127.252,0.00069503189
127.284,0.00069503189
127.316,0.00069503189
127.348,0.00069503189
127.38,0.00069503189
127.412,0.00069503189
127.444,0.00069503189
127.476,0.00069503189
127.508,0.00069503189
127.54,0.00069503189
127.572,0.00069503189
127.604,0.00069503189
127.636,0.00069503189
127.668,0.00069503189
127.7,0.00069503189
127.732,0.00069503189
127.764,0.00069503189
127.796,0.00069503189
127.827,0.00069503189
127.859,0.00069503189
127.891,0.00069503189
127.923,0.00069503189
127.955,0.00069503189
127.987,0.00069503189
128.019,0.00069503189
128.051,0.00069503189
128.083,0.00069503189
128.115,0.00069503189
128.147,0.00069503189
128.179,0.00069503189
128.211,0.00069503189
128.243,0.00069503189
128.275,0.00069503189
128.307,0.00069503189
128.339,0.00069503189
128.371,0.00069503189
128.403,0.00069503189
128.435,0.00069503189
128.466,0.00069503189
128.498,0.00069503189
128.53,0.00069503189
128.562,0.00069503189
128.594,0.00069503189
128.626,0.00069503189
128.658,0.00069503189
128.69,0.00069503189
128.722,0.00069503189
128.754,0.00069503189
128.786,0.00069503189
128.818,0.00069503189
128.85,0.00069503189
128.882,0.00069503189
128.914,0.00069503189
128.946,0.00069503189
128.978,0.00069503189
129.01,0.00069503189
129.042,0.00069503189
129.073,0.00069503189
129.105,0.00069503189
129.137,0.00069503189
129.169,0.00069503189
129.201,0.00069503189
129.233,0.00069503189
129.265,0.00069503189
129.297,0.00069503189
129.329,0.00069503189
129.361,0.00069503189
129.393,0.00069503189
129.425,0.00069503189
129.457,0.00069503189
129.489,0.00069503189
129.521,0.00069503189
129.553,0.00069503189
129.585,0.00069503189
129.617,0.00069503189
129.649,0.00069503189
129.681,0.00069503189
129.712,0.00069503189
129.744,0.00069503189
129.776,0.00069503189
129.808,0.00069503189
129.84,0.00069503189
129.872,0.00069503189
129.904,0.00069503189
129.936,0.00069503189
129.968,0.00069503189
130,0.00069503189
130.032,0.00069503189
130.064,0.00069503189
130.096,0.00069503189
130.128,0.00069503189
130.16,0.00069503189
130.192,0.00069503189
130.224,0.00069503189
130.256,0.00069503189
130.288,0.00069503189
130.319,0.00069503189
130.351,0.00069503189
130.383,0.00069503189
130.415,0.00069503189
130.447,0.00069503189
130.479,0.00069503189
130.511,0.00069503189
130.543,0.00069503189
130.575,0.00069503189
130.607,0.00069503189
130.639,0.00069503189
130.671,0.00069503189
130.703,0.00069503189
130.735,0.00069503189
130.767,0.00069503189
130.799,0.00069503189
130.831,0.00069503189
130.863,0.00069503189
130.895,0.00069503189
130.927,0.00069503189
130.958,0.00069503189
130.99,0.00069503189
131.022,0.00069503189
131.054,0.00069503189
131.086,0.00069503189
131.118,0.00069503189
131.15,0.00069503189
131.182,0.00069503189
131.214,0.00069503189
131.246,0.00069503189
131.278,0.00069503189
131.31,0.00069503189
131.342,0.00069503189
131.374,0.00069503189
131.406,0.00069503189
131.438,0.00069503189
131.47,0.00069503189
131.502,0.00069503189
131.534,0.00069503189
131.565,0.00069503189
131.597,0.00069503189
131.629,0.00069503189
131.661,0.00069503189
131.693,0.00069503189
131.725,0.00069503189
131.757,0.00069503189
131.789,0.00069503189
131.821,0.00069503189
131.853,0.00069503189
131.885,0.00069503189
131.917,0.00069503189
131.949,0.00069503189
131.981,0.00069503189
132.013,0.00069503189
132.045,0.00069503189
132.077,0.00069503189
132.109,0.00069503189
132.141,0.00069503189
132.173,0.00069503189
132.204,0.00069503189
132.236,0.00069503189
132.268,0.00069503189
132.3,0.00069503189
132.332,0.00069503189
132.364,0.00069503189
132.396,0.00069503189
132.428,0.00069503189
132.46,0.00069503189
132.492,0.00069503189
132.524,0.00069503189
132.556,0.00069503189
132.588,0.00069503189
132.62,0.00069503189
132.652,0.00069503189
132.684,0.00069503189
132.716,0.00069503189
132.748,0.00069503189
132.78,0.00069503189
132.812,0.00069503189
132.843,0.00069503189
132.875,0.00069503189
132.907,0.00069503189
132.939,0.00069503189
132.971,0.00069503189
133.003,0.00069503189
133.035,0.00069503189
133.067,0.00069503189
133.099,0.00069503189
133.131,0.00069503189
133.163,0.00069503189
133.195,0.00069503189
133.227,0.00069503189
133.259,0.00069503189
133.291,0.00069503189
133.323,0.00069503189
133.355,0.00069503189
133.387,0.00069503189
133.419,0.00069503189
133.45,0.00069503189
133.482,0.00069503189
133.514,0.00069503189
133.546,0.00069503189
133.578,0.00069503189
133.61,0.00069503189
133.642,0.00069503189
133.674,0.00069503189
133.706,0.00069503189
133.738,0.00069503189
133.77,0.00069503189
133.802,0.00069503189
133.834,0.00069503189
133.866,0.00069503189
133.898,0.00069503189
133.93,0.00069503189
133.962,0.00069503189
133.994,0.00069503189
134.026,0.00069503189
134.058,0.00069503189
134.089,0.00069503189
134.121,0.00069503189
134.153,0.00069503189
134.185,0.00069503189
134.217,0.00069503189
134.249,0.00069503189
134.281,0.00069503189
134.313,0.00069503189
134.345,0.00069503189
134.377,0.00069503189
134.409,0.00069503189
134.441,0.00069503189
134.473,0.00069503189
134.505,0.00069503189
134.537,0.00069503189
134.569,0.00069503189
134.601,0.00069503189
134.633,0.00069503189
134.665,0.00069503189
134.696,0.00069503189
134.728,0.00069503189
134.76,0.00069503189
134.792,0.00069503189
134.824,0.00069503189
134.856,0.00069503189
134.888,0.00069503189
134.92,0.00069503189
134.952,0.00069503189
134.984,0.00069503189
135.016,0.00069503189
135.048,0.00069503189
135.08,0.00069503189
135.112,0.00069503189
135.144,0.00069503189
135.176,0.00069503189
135.208,0.00069503189
135.24,0.00069503189
135.272,0.00069503189
135.304,0.00069503189
135.335,0.00069503189
135.367,0.00069503189
135.399,0.00069503189
135.431,0.00069503189
135.463,0.00069503189
135.495,0.00069503189
135.527,0.00069503189
135.559,0.00069503189
135.591,0.00069503189
135.623,0.00069503189
135.655,0.00069503189
135.687,0.00069503189
135.719,0.00069503189
135.751,0.00069503189
135.783,0.00069503189
135.815,0.00069503189
135.847,0.00069503189
135.879,0.00069503189
135.911,0.00069503189
135.942,0.00069503189
135.974,0.00069503189
136.006,0.00069503189
136.038,0.00069503189
136.07,0.00069503189
136.102,0.00069503189
136.134,0.00069503189
136.166,0.00069503189
136.198,0.00069503189
136.23,0.00069503189
136.262,0.00069503189
136.294,0.00069503189
136.326,0.00069503189
136.358,0.00069503189
136.39,0.00069503189
136.422,0.00069503189
136.454,0.00069503189
136.486,0.00069503189
136.518,0.00069503189
136.55,0.00069503189
136.581,0.00069503189
136.613,0.00069503189
136.645,0.00069503189
136.677,0.00069503189
136.709,0.00069503189
136.741,0.00069503189
136.773,0.00069503189
136.805,0.00069503189
136.837,0.00069503189
136.869,0.00069503189
136.901,0.00069503189
136.933,0.00069503189
136.965,0.00069503189
136.997,0.00069503189
137.029,0.00069503189
137.061,0.00069503189
137.093,0.00069503189
137.125,0.00069503189
137.157,0.00069503189
137.188,0.00069503189
137.22,0.00069503189
137.252,0.00069503189
137.284,0.00069503189
137.316,0.00069503189
137.348,0.00069503189
137.38,0.00069503189
137.412,0.00069503189
137.444,0.00069503189
137.476,0.00069503189
137.508,0.00069503189
137.54,0.00069503189
137.572,0.00069503189
137.604,0.00069503189
137.636,0.00069503189
137.668,0.00069503189
137.7,0.00069503189
137.732,0.00069503189
137.764,0.00069503189
137.796,0.00069503189
137.827,0.00069503189
137.859,0.00069503189
137.891,0.00069503189
137.923,0.00069503189
137.955,0.00069503189
137.987,0.00069503189
138.019,0.00069503189
138.051,0.00069503189
138.083,0.00069503189
138.115,0.00069503189
138.147,0.00069503189
138.179,0.00069503189
138.211,0.00069503189
138.243,0.00069503189
138.275,0.00069503189
138.307,0.00069503189
138.339,0.00069503189
138.371,0.00069503189
138.403,0.00069503189
138.435,0.00069503189
138.466,0.00069503189
138.498,0.00069503189
138.53,0.00069503189
138.562,0.00069503189
138.594,0.00069503189
138.626,0.00069503189
138.658,0.00069503189
138.69,0.00069503189
138.722,0.00069503189
138.754,0.00069503189
138.786,0.00069503189
138.818,0.00069503189
138.85,0.00069503189
138.882,0.00069503189
138.914,0.00069503189
138.946,0.00069503189
138.978,0.00069503189
139.01,0.00069503189
139.042,0.00069503189
139.073,0.00069503189
139.105,0.00069503189
139.137,0.00069503189
139.169,0.00069503189
139.201,0.00069503189
139.233,0.00069503189
139.265,0.00069503189
139.297,0.00069503189
139.329,0.00069503189
139.361,0.00069503189
139.393,0.00069503189
139.425,0.00069503189
139.457,0.00069503189
139.489,0.00069503189
139.521,0.00069503189
139.553,0.00069503189
139.585,0.00069503189
139.617,0.00069503189
139.649,0.00069503189
139.681,0.00069503189
139.712,0.00069503189
139.744,0.00069503189
139.776,0.00069503189
139.808,0.00069503189
139.84,0.00069503189
139.872,0.00069503189
139.904,0.00069503189
139.936,0.00069503189
139.968,0.00069503189
140,0.00069503189
140.032,0.00069503189
140.064,0.00069503189
140.096,0.00069503189
140.128,0.00069503189
140.16,0.00069503189
140.192,0.00069503189
140.224,0.00069503189
140.256,0.00069503189
140.288,0.00069503189
140.319,0.00069503189
140.351,0.00069503189
140.383,0.00069503189
140.415,0.00069503189
140.447,0.00069503189
140.479,0.00069503189
140.511,0.00069503189
140.543,0.00069503189
140.575,0.00069503189
140.607,0.00069503189
140.639,0.00069503189
140.671,0.00069503189
140.703,0.00069503189
140.735,0.00069503189
140.767,0.00069503189
140.799,0.00069503189
140.831,0.00069503189
140.863,0.00069503189
140.895,0.00069503189
140.927,0.00069503189
140.958,0.00069503189
140.99,0.00069503189
141.022,0.00069503189
141.054,0.00069503189
141.086,0.00069503189
141.118,0.00069503189
141.15,0.00069503189
141.182,0.00069503189
141.214,0.00069503189
141.246,0.00069503189
141.278,0.00069503189
141.31,0.00069503189
141.342,0.00069503189
141.374,0.00069503189
141.406,0.00069503189
141.438,0.00069503189
141.47,0.00069503189
141.502,0.00069503189
141.534,0.00069503189
141.565,0.00069503189
141.597,0.00069503189
141.629,0.00069503189
141.661,0.00069503189
141.693,0.00069503189
141.725,0.00069503189
141.757,0.00069503189
141.789,0.00069503189
141.821,0.00069503189
141.853,0.00069503189
141.885,0.00069503189
141.917,0.00069503189
141.949,0.00069503189
141.981,0.00069503189
142.013,0.00069503189
142.045,0.00069503189
142.077,0.00069503189
142.109,0.00069503189
142.141,0.00069503189
142.173,0.00069503189
142.204,0.00069503189
142.236,0.00069503189
142.268,0.00069503189
142.3,0.00069503189
142.332,0.00069503189
142.364,0.00069503189
142.396,0.00069503189
142.428,0.00069503189
142.46,0.00069503189
142.492,0.00069503189
142.524,0.00069503189
142.556,0.00069503189
142.588,0.00069503189
142.62,0.00069503189
142.652,0.00069503189
142.684,0.00069503189
142.716,0.00069503189
142.748,0.00069503189
142.78,0.00069503189
142.812,0.00069503189
142.843,0.00069503189
142.875,0.00069503189
142.907,0.00069503189
142.939,0.00069503189
142.971,0.00069503189
143.003,0.00069503189
143.035,0.00069503189
143.067,0.00069503189
143.099,0.00069503189
143.131,0.00069503189
143.163,0.00069503189
143.195,0.00069503189
143.227,0.00069503189
143.259,0.00069503189
143.291,0.00069503189
143.323,0.00069503189
143.355,0.00069503189
143.387,0.00069503189
143.419,0.00069503189
143.45,0.00069503189
143.482,0.00069503189
143.514,0.00069503189
143.546,0.00069503189
143.578,0.00069503189
143.61,0.00069503189
143.642,0.00069503189
143.674,0.00069503189
143.706,0.00069503189
143.738,0.00069503189
143.77,0.00069503189
143.802,0.00069503189
143.834,0.00069503189
143.866,0.00069503189
143.898,0.00069503189
143.93,0.00069503189
143.962,0.00069503189
143.994,0.00069503189
144.026,0.00069503189
144.058,0.00069503189
144.089,0.00069503189
144.121,0.00069503189
144.153,0.00069503189
144.185,0.00069503189
144.217,0.00069503189
144.249,0.00069503189
144.281,0.00069503189
144.313,0.00069503189
144.345,0.00069503189
144.377,0.00069503189
144.409,0.00069503189
144.441,0.00069503189
144.473,0.00069503189
144.505,0.00069503189
144.537,0.00069503189
144.569,0.00069503189
144.601,0.00069503189
144.633,0.00069503189
144.665,0.00069503189
144.696,0.00069503189
144.728,0.00069503189
144.76,0.00069503189
144.792,0.00069503189
144.824,0.00069503189
144.856,0.00069503189
144.888,0.00069503189
144.92,0.00069503189
144.952,0.00069503189
144.984,0.00069503189
145.016,0.00069503189
145.048,0.00069503189
145.08,0.00069503189
145.112,0.00069503189
145.144,0.00069503189
145.176,0.00069503189
145.208,0.00069503189
145.24,0.00069503189
145.272,0.00069503189
145.304,0.00069503189
145.335,0.00069503189
145.367,0.00069503189
145.399,0.00069503189
145.431,0.00069503189
145.463,0.00069503189
145.495,0.00069503189
145.527,0.00069503189
145.559,0.00069503189
145.591,0.00069503189
145.623,0.00069503189
145.655,0.00069503189
145.687,0.00069503189
145.719,0.00069503189
145.751,0.00069503189
145.783,0.00069503189
145.815,0.00069503189
145.847,0.00069503189
145.879,0.00069503189
145.911,0.00069503189
145.942,0.00069503189
145.974,0.00069503189
146.006,0.00069503189
146.038,0.00069503189
146.07,0.00069503189
146.102,0.00069503189
146.134,0.00069503189
146.166,0.00069503189
146.198,0.00069503189
146.23,0.00069503189
146.262,0.00069503189
146.294,0.00069503189
146.326,0.00069503189
146.358,0.00069503189
146.39,0.00069503189
146.422,0.00069503189
146.454,0.00069503189
146.486,0.00069503189
146.518,0.00069503189
146.55,0.00069503189
146.581,0.00069503189
146.613,0.00069503189
146.645,0.00069503189
146.677,0.00069503189
146.709,0.00069503189
146.741,0.00069503189
146.773,0.00069503189
146.805,0.00069503189
146.837,0.00069503189
146.869,0.00069503189
146.901,0.00069503189
146.933,0.00069503189
146.965,0.00069503189
146.997,0.00069503189
147.029,0.00069503189
147.061,0.00069503189
147.093,0.00069503189
147.125,0.00069503189
147.157,0.00069503189
147.188,0.00069503189
147.22,0.00069503189
147.252,0.00069503189
147.284,0.00069503189
147.316,0.00069503189
147.348,0.00069503189
147.38,0.00069503189
147.412,0.00069503189
147.444,0.00069503189
147.476,0.00069503189
147.508,0.00069503189
147.54,0.00069503189
147.572,0.00069503189
147.604,0.00069503189
147.636,0.00069503189
147.668,0.00069503189
147.7,0.00069503189
147.732,0.00069503189
147.764,0.00069503189
147.796,0.00069503189
147.827,0.00069503189
147.859,0.00069503189
147.891,0.00069503189
147.923,0.00069503189
147.955,0.00069503189
147.987,0.00069503189
148.019,0.00069503189
148.051,0.00069503189
148.083,0.00069503189
148.115,0.00069503189
148.147,0.00069503189
148.179,0.00069503189
148.211,0.00069503189
148.243,0.00069503189
148.275,0.00069503189
148.307,0.00069503189
148.339,0.00069503189
148.371,0.00069503189
148.403,0.00069503189
148.435,0.00069503189
148.466,0.00069503189
148.498,0.00069503189
148.53,0.00069503189
148.562,0.00069503189
148.594,0.00069503189
148.626,0.00069503189
148.658,0.00069503189
148.69,0.00069503189
148.722,0.00069503189
148.754,0.00069503189
148.786,0.00069503189
148.818,0.00069503189
148.85,0.00069503189
148.882,0.00069503189
148.914,0.00069503189
148.946,0.00069503189
148.978,0.00069503189
149.01,0.00069503189
149.042,0.00069503189
149.073,0.00069503189
149.105,0.00069503189
149.137,0.00069503189
149.169,0.00069503189
149.201,0.00069503189
149.233,0.00069503189
149.265,0.00069503189
149.297,0.00069503189
149.329,0.00069503189
149.361,0.00069503189
149.393,0.00069503189
149.425,0.00069503189
149.457,0.00069503189
149.489,0.00069503189
149.521,0.00069503189
149.553,0.00069503189
149.585,0.00069503189
149.617,0.00069503189
149.649,0.00069503189
149.681,0.00069503189
149.712,0.00069503189
149.744,0.00069503189
149.776,0.00069503189
149.808,0.00069503189
149.84,0.00069503189
149.872,0.00069503189
149.904,0.00069503189
149.936,0.00069503189
149.968,0.00069503189
150,0.00069503189
