time_s,conversion
0.00120005,4.3645676e-10
0.00264017,2.7977082e-06
0.00436833,9.0581348e-06
0.00644211,2.0071416e-05
0.00893055,3.7599428e-05
0.0119165,6.3875349e-05
0.0155003,0.00010152515
0.0198003,0.00015339488
0.0247904,0.00021998345
0.0304357,0.00030041071
0.0367137,0.00039293589
0.0428187,0.00048325832
0.0487668,0.00056992715
0.0545829,0.00065254474
0.0602855,0.00073114739
0.0658917,0.00080599136
0.0714106,0.00087732643
0.0768509,0.00094543721
0.0822206,0.0010106035
0.0875242,0.0010730631
0.0927689,0.0011330726
0.097956,0.0011908061
0.103092,0.0012464856
0.10818,0.0013002877
0.113212,0.0013522364
0.118185,0.0014024369
0.123101,0.0014510173
0.127967,0.001498149
0.132785,0.0015439726
0.137554,0.0015885679
0.142275,0.0016320258
0.146956,0.0016745031
0.151597,0.0017160917
0.156203,0.0017569245
0.160769,0.0017970305
0.165286,0.0018364156
0.169759,0.0018751872
0.174191,0.0019139141
0.178589,0.0019528356
0.18295,0.0019919317
0.187279,0.0020312191
0.191579,0.0020707343
0.195851,0.0021105023
0.200077,0.0021503715
0.204228,0.0021901024
0.208318,0.0022299403
0.212359,0.002270145
0.216364,0.0023110174
0.220345,0.0023529222
0.224318,0.0023962847
0.228266,0.0024412887
0.232173,0.0024880991
0.235984,0.0025363028
0.239692,0.0025859428
0.243314,0.0026374766
0.246867,0.0026914622
0.250368,0.0027485482
0.253829,0.0028094513
0.257224,0.0028741881
0.26057,0.0029437768
0.263885,0.0030192659
0.267182,0.0031018115
0.270453,0.0031922236
0.273693,0.0032915072
0.276916,0.0034013915
0.280133,0.0035235995
0.283356,0.0036663379
0.286591,0.0038342899
0.289847,0.0040299239
0.293124,0.0042541691
0.29641,0.0045048929
0.299713,0.0047808674
0.303038,0.005078746
0.30639,0.0053939153
0.309775,0.005722987
0.313195,0.0060627995
0.316655,0.0064123779
0.320158,0.0067725414
0.323705,0.0071433396
0.327299,0.0075159011
0.330941,0.0078871413
0.334633,0.008257195
0.338349,0.0086236133
0.342088,0.0089842397
0.345849,0.0093341803
0.349631,0.0096673851
0.353431,0.0099743951
0.35725,0.010248956
0.361087,0.010488228
0.364929,0.010690272
0.368765,0.010854684
0.372531,0.010980404
0.376243,0.011070785
0.37991,0.011128958
0.383546,0.011157997
0.387159,0.011158201
0.390734,0.011130389
0.394274,0.011077147
0.397762,0.011001863
0.401158,0.010909083
0.404443,0.010803217
0.407612,0.010688349
0.410692,0.010566819
0.413708,0.01044026
0.41668,0.010309849
0.419609,0.010176974
0.422478,0.010043574
0.425302,0.0099099882
0.428096,0.0097765346
0.430864,0.0096436675
0.433616,0.0095116533
0.436354,0.0093809928
0.439092,0.0092517148
0.441814,0.0091249297
0.444528,0.0090007537
0.447241,0.0088792348
0.44996,0.0087604045
0.452691,0.0086443578
0.455439,0.0085312057
0.458207,0.0084210648
0.460999,0.0083140718
0.463818,0.0082103871
0.466666,0.0081101138
0.469546,0.0080133906
0.472457,0.0079203246
0.475403,0.0078309951
0.478381,0.0077455563
0.48139,0.0076640027
0.484434,0.0075862817
0.487514,0.0075123911
0.490629,0.0074422896
0.493783,0.0073758728
0.496977,0.0073130208
0.500209,0.0072536193
0.503481,0.007197514
0.506794,0.0071445753
0.510145,0.0070947228
0.513529,0.0070479162
0.516946,0.0070040459
0.520396,0.0069630113
0.523877,0.0069247475
0.52729,0.0068900027
0.530556,0.0068590538
0.533699,0.0068312358
0.53674,0.0068059949
0.539686,0.0067830427
0.542553,0.0067620805
0.545353,0.0067428724
0.548099,0.0067252205
0.550808,0.0067089591
0.553485,0.0066939777
0.556138,0.0066801873
0.558778,0.0066674824
0.561413,0.0066557837
0.564054,0.0066450247
0.566709,0.0066351413
0.569384,0.0066260974
0.57208,0.0066178593
0.574803,0.0066103745
0.577558,0.0066035935
0.580351,0.0065974603
0.583185,0.006591922
0.586064,0.0065869189
0.58899,0.0065823887
0.591966,0.0065782644
0.594994,0.0065744736
0.598076,0.0065709259
0.601211,0.0065675153
0.604392,0.0065641288
0.60757,0.0065606556
0.610747,0.0065569339
0.613929,0.0065528343
0.617122,0.0065482599
0.620328,0.0065431294
0.623552,0.0065373726
0.626794,0.0065309214
0.630056,0.006523712
0.63334,0.0065156652
0.636647,0.0065067026
0.639974,0.0064967598
0.643323,0.0064858014
0.646691,0.0064738295
0.650079,0.0064608577
0.653485,0.0064469427
0.656894,0.0064322542
0.660294,0.0064170299
0.663685,0.0064015034
0.667069,0.0063859073
0.670447,0.0063704443
0.67382,0.0063552729
0.677189,0.0063405146
0.680555,0.0063262568
0.683918,0.0063125504
0.687272,0.006299444
0.690613,0.0062869562
0.693942,0.0062750575
0.697264,0.006263714
0.700578,0.0062528858
0.703887,0.0062425431
0.707194,0.0062326716
0.710501,0.0062232636
0.713803,0.0062143297
0.717095,0.0062058675
0.720378,0.0061978565
0.723648,0.0061902847
0.726894,0.0061831393
0.730121,0.0061763826
0.73333,0.0061699998
0.736522,0.0061639899
0.739701,0.0061583583
0.742869,0.0061531304
0.746028,0.0061483398
0.749182,0.0061440154
0.752332,0.0061401763
0.755481,0.0061368273
0.758629,0.0061339632
0.76178,0.00613157
0.764935,0.0061296066
0.768096,0.0061280117
0.771264,0.0061267483
0.774441,0.0061258291
0.777626,0.0061253981
0.780822,0.0061256697
0.784029,0.0061267835
0.787247,0.0061288174
0.790477,0.0061318167
0.793719,0.0061358948
0.796973,0.006141296
0.80024,0.0061483221
0.803518,0.00615728
0.806807,0.0061684208
0.810106,0.0061819319
0.813414,0.0061979531
0.816731,0.0062165752
0.820054,0.0062378422
0.823385,0.0062617671
0.826723,0.0062883237
0.830062,0.0063173837
0.833397,0.006348814
0.836731,0.0063824922
0.840061,0.0064182851
0.843391,0.0064560548
0.84672,0.0064955832
0.850047,0.0065366148
0.853374,0.006578881
0.8567,0.0066220712
0.860025,0.0066658832
0.86335,0.0067100429
0.866675,0.0067542645
0.869998,0.0067982548
0.873316,0.0068416908
0.876629,0.0068844479
0.879937,0.0069264647
0.883241,0.0069677168
0.886543,0.0070081608
0.889844,0.0070477194
0.893145,0.0070862984
0.896445,0.0071237585
0.899747,0.0071599585
0.903049,0.0071947238
0.906354,0.0072279221
0.909659,0.0072593992
0.912967,0.0072890461
0.916278,0.0073167692
0.919581,0.0073424288
0.922876,0.007365989
0.926163,0.0073874561
0.929444,0.0074068412
0.932717,0.0074241679
0.935985,0.0074394743
0.939247,0.0074528063
0.942505,0.0074642146
0.94576,0.0074737671
0.949011,0.0074815382
0.952259,0.0074876156
0.955504,0.0074921032
0.958747,0.0074951118
0.961989,0.0074967621
0.965229,0.0074971792
0.968469,0.0074964906
0.971708,0.0074948228
0.974947,0.0074922986
0.978188,0.0074890348
0.981429,0.0074851393
0.98467,0.0074807134
0.987913,0.0074758526
0.991157,0.0074706455
0.994403,0.0074651719
0.997649,0.0074595024
1.0009,0.007453706
1.00415,0.0074478498
1.0074,0.0074419901
1.01065,0.007436176
1.01391,0.0074304554
1.01716,0.0074248711
1.02042,0.0074194627
1.02368,0.0074142709
1.02694,0.0074093351
1.0302,0.007404694
1.03347,0.0074003919
1.03673,0.0073964706
1.04,0.0073929726
1.04327,0.0073899446
1.04654,0.0073874375
1.04981,0.0073855071
1.05307,0.0073842034
1.05634,0.0073835678
1.0596,0.0073836382
1.06287,0.0073844454
1.06613,0.0073860098
1.06939,0.007388344
1.07265,0.0073914482
1.07591,0.0073953121
1.07918,0.0073999163
1.08244,0.0074052386
1.0857,0.0074112543
1.08896,0.007417931
1.09223,0.0074252193
1.09549,0.0074330723
1.09875,0.0074414358
1.10202,0.0074502519
1.10528,0.0074594662
1.10855,0.0074690193
1.11181,0.0074788461
1.11508,0.0074888901
1.11835,0.007499099
1.12162,0.0075094148
1.12489,0.0075197864
1.12816,0.0075301701
1.13144,0.0075405168
1.13472,0.0075507873
1.138,0.0075609658
1.14128,0.0075710383
1.14457,0.0075809706
1.14785,0.0075907212
1.15115,0.0076002501
1.15444,0.0076095245
1.15774,0.0076185119
1.16104,0.0076271915
1.16434,0.0076355494
1.16765,0.0076435655
1.17096,0.0076512103
1.17426,0.0076584353
1.17756,0.0076652154
1.18085,0.0076715443
1.18413,0.0076774277
1.18741,0.007682881
1.19068,0.007687901
1.19395,0.0076924247
1.19721,0.0076963537
1.20046,0.0076995947
1.20371,0.0077020709
1.20696,0.0077037311
1.2102,0.0077045442
1.21344,0.0077044935
1.21667,0.0077035705
1.2199,0.0077017729
1.22313,0.0076991033
1.22636,0.0076957202
1.22958,0.0076916473
1.2328,0.0076868237
1.23601,0.007681192
1.23922,0.0076747012
1.24243,0.0076673149
1.24564,0.0076590072
1.24885,0.0076497524
1.25205,0.007639529
1.25525,0.0076283161
1.25845,0.0076160983
1.26165,0.0076028836
1.26484,0.0075886748
1.26804,0.0075734783
1.27123,0.0075572753
1.27442,0.00754005
1.27761,0.0075218086
1.2808,0.007502524
1.28399,0.007482236
1.28718,0.0074609598
1.29036,0.0074386915
1.29355,0.0074154487
1.29674,0.0073911743
1.29992,0.007365957
1.30311,0.0073398542
1.30629,0.0073128729
1.30948,0.0072850035
1.31266,0.007256319
1.31585,0.0072270468
1.31903,0.0071972254
1.32222,0.0071668504
1.32541,0.0071359241
1.32859,0.0071044683
1.33178,0.0070724889
1.33497,0.0070400542
1.33816,0.0070072327
1.34135,0.0069741363
1.34454,0.0069408592
1.34774,0.0069074885
1.35093,0.0068741076
1.35413,0.0068408376
1.35733,0.0068078623
1.36053,0.0067752449
1.36373,0.0067431039
1.36694,0.0067114934
1.37014,0.0066804582
1.37335,0.0066499779
1.37656,0.006619998
1.37978,0.0065905114
1.38299,0.0065605992
1.38621,0.0065272107
1.38943,0.0064905972
1.39265,0.0064519506
1.39587,0.006412638
1.3991,0.0063739298
1.40233,0.0063368982
1.40555,0.0063022723
1.40878,0.0062706222
1.41202,0.0062423899
1.41525,0.0062179027
1.41849,0.0061973971
1.42172,0.0061810681
1.42496,0.0061690834
1.42821,0.006161572
1.43145,0.0061585099
1.43469,0.0061600818
1.43793,0.0061667347
1.44116,0.0061789278
1.4444,0.0061970822
1.44762,0.0062215063
1.45085,0.0062524123
1.45407,0.0062898529
1.45729,0.0063337896
1.46051,0.0063841876
1.46372,0.0064408122
1.46693,0.0065033337
1.47012,0.0065709771
1.47323,0.0066413122
1.47626,0.0067138887
1.47924,0.0067883639
1.48219,0.0068645653
1.48512,0.0069423482
1.48803,0.0070212793
1.49092,0.0071019439
1.4938,0.0071855434
1.49667,0.0072739618
1.49954,0.0073693568
1.50242,0.0074739104
1.5053,0.0075894322
1.50819,0.0077167611
1.5111,0.0078560736
1.51401,0.0080071972
1.51694,0.0081702719
1.51988,0.0083457195
1.52283,0.0085339677
1.5258,0.0087350131
1.52878,0.0089487112
1.53177,0.0091746757
1.53477,0.0094123123
1.53779,0.009660459
1.54082,0.00991916
1.54386,0.010192075
1.54693,0.010479513
1.55001,0.010780523
1.5531,0.011091522
1.55618,0.011407674
1.55926,0.011727523
1.56233,0.012050841
1.56541,0.012377343
1.56849,0.01270687
1.57157,0.013039454
1.57465,0.013375795
1.57774,0.013716083
1.58083,0.014059063
1.58393,0.014402414
1.58704,0.014743254
1.59015,0.015078197
1.59325,0.015404589
1.59635,0.015721144
1.59944,0.016027285
1.60253,0.016323369
1.60562,0.016610059
1.60872,0.01688766
1.61181,0.017155962
1.61491,0.017414226
1.618,0.017661225
1.62108,0.017896692
1.62416,0.01811982
1.62725,0.018330357
1.63034,0.018525817
1.63343,0.018703051
1.63651,0.018861743
1.63958,0.019002447
1.64265,0.01912476
1.64571,0.019230488
1.64879,0.019321759
1.65187,0.019400511
1.65497,0.019468216
1.65808,0.019525956
1.66121,0.019574474
1.66434,0.019614083
1.66747,0.019645306
1.6706,0.019668398
1.67373,0.019683436
1.67686,0.019690489
1.67999,0.019689681
1.68313,0.019681239
1.68626,0.019665478
1.6894,0.019642775
1.69253,0.019613575
1.69567,0.019578354
1.6988,0.019537624
1.70194,0.019491924
1.70508,0.019441769
1.70822,0.019387673
1.71136,0.019330121
1.7145,0.019269596
1.71765,0.019206524
1.72079,0.019141314
1.72394,0.01907433
1.72708,0.019005896
1.73023,0.018936289
1.73338,0.018865761
1.73653,0.018794543
1.73968,0.018722831
1.74283,0.018650809
1.74599,0.018578639
1.74914,0.018506479
1.7523,0.018434535
1.75545,0.018362937
1.7586,0.018291806
1.76174,0.018221248
1.76488,0.018151353
1.76802,0.01808219
1.77116,0.018013794
1.7743,0.017946192
1.77743,0.017879376
1.78056,0.017813347
1.78369,0.017748064
1.78682,0.017683487
1.78995,0.017619533
1.79308,0.017556209
1.79621,0.017493441
1.79934,0.017431173
1.80247,0.017369342
1.8056,0.017307888
1.80874,0.017246758
1.81187,0.017185862
1.81502,0.017125128
1.81816,0.0170645
1.8213,0.017003894
1.82445,0.016943196
1.82759,0.016882308
1.83073,0.01682112
1.83388,0.016759565
1.83703,0.016697578
1.84018,0.016635181
1.84333,0.0165724
1.84648,0.016509297
1.84964,0.016446021
1.85279,0.01638265
1.85594,0.016319342
1.85909,0.016256199
1.86223,0.016193371
1.86538,0.016131014
1.86852,0.016069278
1.87166,0.016008316
1.8748,0.01594822
1.87794,0.015889094
1.88108,0.015831049
1.88422,0.015774194
1.88736,0.015718593
1.89049,0.015664357
1.89362,0.01561157
1.89676,0.015560311
1.89989,0.015510664
1.90302,0.015462706
1.90615,0.015416501
1.90928,0.015372142
1.9124,0.015329695
1.91553,0.015289241
1.91865,0.015250853
1.92178,0.015214591
1.9249,0.015180536
1.92803,0.015148745
1.93115,0.015119256
1.93427,0.015092081
1.93739,0.015067259
1.94051,0.015044852
1.94363,0.01502491
1.94674,0.015007484
1.94986,0.01499259
1.95298,0.014980172
1.95609,0.014970126
1.95921,0.014962373
1.96232,0.014956901
1.96544,0.014953658
1.96855,0.014952639
1.97166,0.014953878
1.97477,0.014957434
1.97788,0.014963362
1.98099,0.014971696
1.9841,0.014982442
1.98721,0.014995556
1.99031,0.015010946
1.99342,0.015028492
1.99652,0.015048081
1.99962,0.015069602
2.00273,0.015092941
2.00583,0.015118001
2.00892,0.015144691
2.01202,0.015172937
2.01512,0.015202646
2.01822,0.01523374
2.02131,0.015266135
2.0244,0.015299752
2.0275,0.015334528
2.03059,0.01537037
2.03368,0.015407166
2.03677,0.015444754
2.03986,0.015482939
2.04295,0.015521467
2.04604,0.015560081
2.04913,0.015598539
2.05221,0.015636578
2.0553,0.015673989
2.05838,0.015710495
2.06147,0.015745875
2.06455,0.015779917
2.06764,0.01581248
2.07072,0.015843435
2.0738,0.015872715
2.07689,0.015900263
2.07997,0.015926071
2.08305,0.01595014
2.08613,0.01597248
2.08921,0.015993135
2.09229,0.016012159
2.09537,0.016029604
2.09845,0.01604555
2.10153,0.016060078
2.10461,0.016073271
2.10769,0.016085219
2.11077,0.016096008
2.11384,0.016105738
2.11692,0.016114504
2.12,0.016122401
2.12308,0.016129536
2.12616,0.016136034
2.12923,0.016142017
2.13231,0.016147596
2.13539,0.016152862
2.13846,0.01615789
2.14154,0.01616274
2.14462,0.016167462
2.14769,0.016172099
2.15077,0.016176692
2.15385,0.01618128
2.15693,0.016185896
2.16,0.016190577
2.16308,0.016195359
2.16616,0.016200275
2.16923,0.016205357
2.17231,0.016210641
2.17539,0.016216156
2.17846,0.016221938
2.18154,0.01622802
2.18462,0.016234438
2.18769,0.016241224
2.19077,0.016248412
2.19385,0.016256034
2.19693,0.016264116
2.2,0.016272684
2.20308,0.016281756
2.20616,0.016291349
2.20923,0.016301477
2.21231,0.016312159
2.21539,0.016323412
2.21847,0.016335252
2.22154,0.016347672
2.22462,0.016360665
2.2277,0.016374209
2.23078,0.016388282
2.23386,0.016402851
2.23693,0.016417882
2.24001,0.016433344
2.24309,0.016449188
2.24617,0.016465373
2.24925,0.016481851
2.25233,0.016498587
2.25541,0.016515531
2.25849,0.016532638
2.26157,0.016549869
2.26466,0.016567193
2.26774,0.016584565
2.27082,0.016601951
2.2739,0.016619321
2.27698,0.016636652
2.28007,0.016653913
2.28315,0.016671078
2.28623,0.016688133
2.28932,0.01670505
2.2924,0.01672181
2.29549,0.016738402
2.29857,0.01675482
2.30166,0.016771074
2.30475,0.016787188
2.30783,0.016803165
2.31092,0.016819007
2.31401,0.016834716
2.3171,0.016850277
2.32018,0.016865685
2.32327,0.016880921
2.32636,0.016895971
2.32945,0.016910831
2.33254,0.01692548
2.33564,0.016939914
2.33873,0.016954116
2.34182,0.016968084
2.34491,0.016981805
2.34801,0.016995281
2.3511,0.017008507
2.3542,0.017021482
2.35729,0.017034216
2.36039,0.017046709
2.36348,0.017058974
2.36658,0.017071018
2.36968,0.017082842
2.37278,0.017094462
2.37588,0.01710588
2.37898,0.017117111
2.38208,0.01712816
2.38518,0.017139042
2.38828,0.01714976
2.39139,0.017160329
2.39449,0.017170755
2.39759,0.017181043
2.4007,0.017191202
2.40381,0.017201233
2.40691,0.017211145
2.41002,0.017220939
2.41313,0.017230621
2.41624,0.017240199
2.41935,0.017249671
2.42246,0.017259049
2.42557,0.017268336
2.42868,0.017277544
2.43179,0.017286683
2.43491,0.017295757
2.43802,0.017304778
2.44113,0.017313751
2.44425,0.017322686
2.44737,0.017331594
2.45048,0.017340477
2.4536,0.017349345
2.45672,0.017358192
2.45984,0.017367021
2.46295,0.017375833
2.46606,0.017384628
2.46918,0.017393408
2.47229,0.017402173
2.4754,0.017410921
2.4785,0.01741965
2.48161,0.017428357
2.48472,0.017437038
2.48782,0.017445691
2.49093,0.017454306
2.49403,0.017462874
2.49713,0.017471385
2.50023,0.017479827
2.50333,0.017488189
2.50643,0.017496459
2.50952,0.017504628
2.51262,0.017512678
2.51572,0.017520597
2.51881,0.017528372
2.5219,0.017535989
2.525,0.017543445
2.52809,0.017550725
2.53118,0.017557822
2.53427,0.017564727
2.53736,0.017571435
2.54044,0.017577937
2.54353,0.017584224
2.54662,0.017590294
2.5497,0.017596137
2.55278,0.017601744
2.55587,0.01760711
2.55895,0.01761223
2.56203,0.017617098
2.56511,0.017621708
2.56819,0.017626059
2.57127,0.017630148
2.57435,0.017633978
2.57742,0.017637549
2.5805,0.017640867
2.58358,0.017643942
2.58665,0.017646784
2.58973,0.017649408
2.5928,0.017651826
2.59587,0.017654057
2.59895,0.017656116
2.60202,0.01765802
2.60509,0.017659788
2.60816,0.01766144
2.61123,0.017662993
2.6143,0.017664469
2.61737,0.017665885
2.62043,0.01766726
2.6235,0.017668611
2.62657,0.017669957
2.62963,0.017671311
2.6327,0.01767269
2.63576,0.017674105
2.63883,0.017675569
2.64189,0.017677092
2.64496,0.017678681
2.64802,0.017680345
2.65108,0.01768209
2.65414,0.017683924
2.6572,0.017685852
2.66027,0.017687881
2.66333,0.017690019
2.66639,0.017692266
2.66945,0.017694628
2.6725,0.017697105
2.67556,0.0176997
2.67862,0.017702417
2.68168,0.017705254
2.68473,0.017708214
2.68779,0.017711298
2.69085,0.017714504
2.6939,0.017717836
2.69696,0.017721294
2.70001,0.017724881
2.70307,0.017728601
2.70612,0.017732458
2.70917,0.017736456
2.71223,0.017740601
2.71528,0.0177449
2.71833,0.017749357
2.72138,0.017753979
2.72444,0.017758775
2.72749,0.017763747
2.73054,0.017768907
2.73359,0.017774264
2.73664,0.017779821
2.73969,0.017785592
2.74274,0.017791587
2.74578,0.017797812
2.74883,0.01780428
2.75188,0.017811002
2.75493,0.017817988
2.75797,0.017825244
2.76102,0.017832779
2.76407,0.017840603
2.76711,0.01784872
2.77016,0.017857133
2.7732,0.017865848
2.77625,0.017874868
2.7793,0.017884197
2.78234,0.017893829
2.78538,0.017903765
2.78843,0.017914004
2.79147,0.01792454
2.79452,0.017935362
2.79756,0.01794647
2.8006,0.017957856
2.80364,0.017969514
2.80669,0.017981437
2.80973,0.01799361
2.81277,0.01800603
2.81581,0.018018688
2.81885,0.018031573
2.82189,0.018044675
2.82494,0.018057981
2.82798,0.018071472
2.83102,0.018085142
2.83406,0.018098979
2.8371,0.01811297
2.84014,0.018127105
2.84318,0.01814137
2.84622,0.018155756
2.84926,0.018170252
2.8523,0.018184846
2.85534,0.018199522
2.85838,0.018214274
2.86142,0.018229096
2.86445,0.018243976
2.86749,0.018258905
2.87053,0.018273873
2.87357,0.01828887
2.87661,0.018303885
2.87965,0.018318909
2.88269,0.018333934
2.88573,0.018348951
2.88877,0.018363953
2.89181,0.018378932
2.89484,0.018393882
2.89788,0.018408788
2.90092,0.01842365
2.90396,0.018438461
2.907,0.018453215
2.91003,0.018467902
2.91307,0.018482516
2.91611,0.018497047
2.91915,0.018511486
2.92218,0.018525825
2.92522,0.018540054
2.92826,0.018554162
2.9313,0.018568141
2.93434,0.018581984
2.93737,0.018595675
2.94041,0.018609204
2.94345,0.018622559
2.94649,0.018635734
2.94953,0.018648722
2.95257,0.01866152
2.95561,0.018674123
2.95865,0.01868653
2.96169,0.018698738
2.96473,0.018710741
2.96776,0.018722533
2.9708,0.018734105
2.97384,0.018745446
2.97688,0.018756546
2.97992,0.018767394
2.98296,0.01877798
2.986,0.018788298
2.98904,0.018798341
2.99208,0.018808104
2.99512,0.018817583
2.99815,0.018826776
3.00119,0.018835686
3.00424,0.018844308
3.00728,0.018852642
3.01032,0.018860687
3.01336,0.018868445
3.0164,0.018875916
3.01944,0.018883107
3.02248,0.018890019
3.02552,0.018896657
3.02856,0.018903031
3.0316,0.01890914
3.03464,0.01891499
3.03768,0.018920585
3.04073,0.018925929
3.04377,0.018931027
3.04681,0.018935886
3.04985,0.018940515
3.05289,0.018944917
3.05594,0.018949097
3.05898,0.018953061
3.06202,0.018956815
3.06507,0.018960366
3.06811,0.018963722
3.07116,0.018966888
3.0742,0.018969869
3.07724,0.018972673
3.08029,0.018975305
3.08333,0.018977771
3.08638,0.018980081
3.08942,0.018982239
3.09247,0.01898425
3.09552,0.01898612
3.09856,0.018987854
3.10161,0.018989459
3.10465,0.018990939
3.1077,0.018992299
3.11075,0.018993543
3.1138,0.018994677
3.11685,0.018995704
3.11989,0.018996628
3.12294,0.018997453
3.12599,0.018998183
3.12904,0.018998822
3.13209,0.018999373
3.13514,0.01899984
3.13819,0.019000226
3.14124,0.019000536
3.14429,0.019000773
3.14735,0.019000941
3.1504,0.019001045
3.15345,0.01900109
3.1565,0.01900108
3.15955,0.019001019
3.16261,0.019000915
3.16566,0.019000772
3.16872,0.019000598
3.17177,0.019000401
3.17483,0.019000188
3.17788,0.018999967
3.18094,0.018999749
3.18399,0.018999543
3.18705,0.01899936
3.19011,0.01899921
3.19316,0.018999105
3.19622,0.018999056
3.19928,0.018999075
3.20233,0.018999176
3.20539,0.018999372
3.20845,0.018999674
3.21151,0.019000093
3.21457,0.01900064
3.21762,0.019001329
3.22068,0.019002171
3.22374,0.019003176
3.2268,0.019004353
3.22986,0.019005711
3.23292,0.019007258
3.23598,0.019008999
3.23904,0.019010943
3.2421,0.019013094
3.24516,0.019015456
3.24822,0.019018033
3.25128,0.01902083
3.25435,0.01902385
3.25741,0.019027094
3.26047,0.019030561
3.26353,0.019034249
3.2666,0.019038159
3.26966,0.019042286
3.27272,0.019046625
3.27579,0.01905117
3.27885,0.019055921
3.28192,0.019060873
3.28498,0.019066021
3.28805,0.019071366
3.29111,0.019076901
3.29418,0.019082623
3.29725,0.019088529
3.30031,0.019094619
3.30338,0.019100887
3.30645,0.019107328
3.30952,0.019113942
3.31259,0.019120719
3.31566,0.019127653
3.31873,0.019134744
3.3218,0.019141981
3.32487,0.019149358
3.32794,0.019156869
3.33101,0.019164511
3.33408,0.019172277
3.33715,0.019180161
3.34023,0.019188168
3.3433,0.019196291
3.34637,0.019204525
3.34945,0.019212871
3.35252,0.019221321
3.3556,0.019229872
3.35867,0.019238527
3.36175,0.019247278
3.36483,0.019256125
3.3679,0.01926507
3.37098,0.01927411
3.37406,0.019283252
3.37714,0.019292489
3.38022,0.019301826
3.3833,0.019311267
3.38638,0.019320814
3.38946,0.019330467
3.39254,0.019340237
3.39562,0.019350124
3.3987,0.019360134
3.40179,0.019370277
3.40487,0.019380555
3.40796,0.019390978
3.41104,0.019401548
3.41412,0.019412272
3.41721,0.019423161
3.4203,0.019434219
3.42338,0.019445457
3.42647,0.019456875
3.42956,0.019468478
3.43265,0.019480279
3.43574,0.019492276
3.43883,0.019504478
3.44192,0.019516885
3.44501,0.019529496
3.4481,0.019542321
3.45119,0.019555355
3.45429,0.019568604
3.45738,0.019582061
3.46048,0.019595731
3.46357,0.019609607
3.46667,0.019623694
3.46976,0.019637981
3.47286,0.019652462
3.47596,0.019667138
3.47905,0.019681995
3.48215,0.019697035
3.48525,0.019712241
3.48835,0.019727613
3.49145,0.019743135
3.49456,0.019758806
3.49766,0.019774607
3.50076,0.019790529
3.50386,0.01980655
3.50696,0.019822667
3.51006,0.019838859
3.51316,0.01985512
3.51626,0.019871428
3.51936,0.019887778
3.52245,0.019904144
3.52555,0.019920521
3.52865,0.019936886
3.53174,0.019953235
3.53483,0.019969544
3.53793,0.01998581
3.54102,0.020002011
3.54411,0.020018134
3.5472,0.020034176
3.55029,0.020050117
3.55338,0.020065953
3.55646,0.020081665
3.55955,0.020097248
3.56264,0.020112682
3.56572,0.020127964
3.56881,0.020143075
3.57189,0.020158011
3.57498,0.020172755
3.57806,0.020187303
3.58114,0.020201653
3.58422,0.020215791
3.58731,0.020229715
3.59039,0.02024341
3.59347,0.020256877
3.59654,0.020270101
3.59962,0.020283086
3.6027,0.02029582
3.60578,0.020308305
3.60885,0.020320534
3.61193,0.02033251
3.615,0.020344234
3.61808,0.020355701
3.62115,0.020366917
3.62422,0.020377878
3.6273,0.020388594
3.63037,0.020399063
3.63344,0.020409296
3.63651,0.020419299
3.63958,0.020429071
3.64265,0.020438624
3.64572,0.02044796
3.64879,0.02045709
3.65186,0.020466022
3.65492,0.020474759
3.65799,0.020483311
3.66106,0.020491688
3.66412,0.020499891
3.66719,0.020507931
3.67025,0.020515808
3.67331,0.020523533
3.67638,0.020531112
3.67944,0.020538543
3.6825,0.020545834
3.68556,0.020552987
3.68862,0.020559999
3.69169,0.020566873
3.69475,0.020573612
3.69781,0.020580211
3.70086,0.020586675
3.70392,0.020593007
3.70698,0.020599206
3.71004,0.020605278
3.7131,0.020611225
3.71615,0.020617045
3.71921,0.020622743
3.72227,0.020628319
3.72532,0.020633774
3.72838,0.020639105
3.73143,0.020644312
3.73449,0.020649395
3.73754,0.020654349
3.74059,0.020659177
3.74365,0.020663878
3.7467,0.020668449
3.74975,0.020672887
3.7528,0.020677192
3.75586,0.020681364
3.75891,0.0206854
3.76196,0.020689297
3.76501,0.020693055
3.76806,0.020696673
3.77111,0.020700151
3.77416,0.020703485
3.77721,0.020706674
3.78026,0.02070972
3.78331,0.020712622
3.78635,0.020715377
3.7894,0.020717987
3.79245,0.020720453
3.7955,0.020722775
3.79854,0.020724952
3.80159,0.020726987
3.80463,0.020728881
3.80768,0.020730637
3.81072,0.020732258
3.81377,0.020733743
3.81681,0.020735098
3.81986,0.020736326
3.8229,0.020737432
3.82595,0.020738419
3.82899,0.020739292
3.83203,0.020740053
3.83508,0.020740708
3.83812,0.02074126
3.84116,0.020741717
3.84421,0.020742084
3.84725,0.020742367
3.85029,0.020742571
3.85333,0.020742705
3.85637,0.020742778
3.85941,0.020742799
3.86246,0.020742777
3.8655,0.020742722
3.86854,0.020742645
3.87158,0.020742557
3.87462,0.020742467
3.87766,0.020742385
3.8807,0.020742315
3.88374,0.02074226
3.88678,0.020742221
3.88982,0.020742198
3.89286,0.020742192
3.89589,0.020742205
3.89893,0.02074224
3.90197,0.020742305
3.90501,0.020742406
3.90805,0.020742552
3.91109,0.02074275
3.91412,0.020743009
3.91716,0.020743337
3.9202,0.020743739
3.92324,0.020744224
3.92628,0.020744799
3.92932,0.020745467
3.93235,0.020746236
3.93539,0.020747113
3.93843,0.020748105
3.94146,0.020749216
3.9445,0.020750454
3.94754,0.020751823
3.95057,0.020753329
3.95361,0.020754976
3.95665,0.02075677
3.95968,0.020758714
3.96272,0.020760813
3.96576,0.020763069
3.96879,0.020765487
3.97183,0.020768069
3.97487,0.020770817
3.97791,0.020773734
3.98094,0.020776822
3.98398,0.020780081
3.98702,0.020783513
3.99005,0.020787116
3.99309,0.020790891
3.99613,0.020794837
3.99916,0.020798954
4.0022,0.020803238
4.00524,0.020807689
4.00827,0.020812304
4.01131,0.020817079
4.01435,0.020822012
4.01738,0.020827098
4.02042,0.020832333
4.02346,0.020837714
4.02649,0.020843237
4.02953,0.020848897
4.03257,0.020854692
4.03561,0.020860618
4.03864,0.02086667
4.04168,0.020872852
4.04472,0.020879155
4.04776,0.020885576
4.0508,0.020892111
4.05383,0.020898755
4.05687,0.020905504
4.05991,0.020912354
4.06295,0.020919301
4.06599,0.02092634
4.06903,0.020933473
4.07207,0.020940689
4.07511,0.020947984
4.07815,0.020955351
4.08119,0.020962785
4.08423,0.020970281
4.08727,0.020977835
4.09031,0.020985441
4.09335,0.020993101
4.09639,0.021000807
4.09943,0.021008554
4.10247,0.021016338
4.10552,0.021024155
4.10856,0.021032003
4.1116,0.021039885
4.11464,0.021047793
4.11769,0.021055724
4.12073,0.021063675
4.12377,0.021071643
4.12682,0.021079624
4.12986,0.021087623
4.1329,0.02109563
4.13595,0.021103643
4.13899,0.021111658
4.14204,0.021119671
4.14509,0.021127684
4.14813,0.021135689
4.15118,0.021143682
4.15422,0.021151657
4.15727,0.021159612
4.16032,0.021167547
4.16337,0.021175455
4.16641,0.021183331
4.16946,0.021191172
4.17251,0.021198979
4.17556,0.021206745
4.17861,0.021214466
4.18166,0.021222138
4.18471,0.021229765
4.18776,0.021237341
4.19081,0.021244864
4.19386,0.021252334
4.19692,0.021259754
4.19997,0.021267121
4.20302,0.021274435
4.20607,0.021281697
4.20913,0.021288914
4.21218,0.021296083
4.21524,0.021303205
4.21829,0.021310289
4.22135,0.021317333
4.2244,0.021324338
4.22746,0.021331308
4.23052,0.021338249
4.23358,0.021345162
4.23663,0.021352049
4.23969,0.021358919
4.24275,0.021365771
4.24581,0.021372609
4.24887,0.021379442
4.25193,0.021386269
4.25499,0.021393096
4.25805,0.02139993
4.26112,0.021406773
4.26418,0.021413628
4.26724,0.021420506
4.27031,0.021427408
4.27337,0.021434337
4.27644,0.021441303
4.2795,0.021448307
4.28257,0.02145536
4.28564,0.021462462
4.2887,0.021469619
4.29177,0.02147684
4.29484,0.021484127
4.29791,0.021491484
4.30098,0.021498921
4.30405,0.021506436
4.30712,0.021514039
4.3102,0.021521728
4.31327,0.021529504
4.31634,0.021537374
4.31942,0.021545335
4.32249,0.021553392
4.32557,0.021561542
4.32864,0.021569783
4.33172,0.021578119
4.3348,0.021586543
4.33788,0.021595059
4.34096,0.021603658
4.34404,0.021612339
4.34712,0.021621093
4.3502,0.021629913
4.35328,0.021638798
4.35636,0.021647735
4.35945,0.021656722
4.36253,0.021665747
4.36562,0.021674809
4.3687,0.021683896
4.37179,0.021693011
4.37488,0.021702145
4.37797,0.021711303
4.38105,0.021720477
4.38415,0.021729673
4.38724,0.021738884
4.39033,0.021748117
4.39342,0.021757364
4.39651,0.021766633
4.39961,0.021775919
4.4027,0.021785229
4.4058,0.021794559
4.4089,0.021803912
4.41199,0.021813299
4.41509,0.021822717
4.41819,0.021832169
4.42129,0.021841665
4.42439,0.021851202
4.42749,0.021860789
4.43059,0.021870423
4.43369,0.021880106
4.43679,0.021889845
4.4399,0.021899636
4.443,0.021909479
4.4461,0.021919383
4.44921,0.021929341
4.45231,0.021939361
4.45542,0.021949436
4.45853,0.021959567
4.46163,0.021969761
4.46474,0.021980011
4.46785,0.021990326
4.47096,0.022000698
4.47407,0.022011134
4.47718,0.022021625
4.4803,0.02203217
4.48341,0.022042772
4.48652,0.022053425
4.48964,0.022064133
4.49275,0.022074886
4.49587,0.022085681
4.49898,0.022096515
4.5021,0.022107385
4.50521,0.022118281
4.50832,0.022129205
4.51144,0.022140156
4.51455,0.022151123
4.51766,0.02216211
4.52077,0.022173114
4.52388,0.022184124
4.52699,0.022195144
4.5301,0.02220617
4.53321,0.022217192
4.53632,0.022228214
4.53942,0.022239234
4.54253,0.022250249
4.54564,0.022261248
4.54874,0.022272226
4.55185,0.022283187
4.55495,0.022294121
4.55805,0.02230503
4.56115,0.022315904
4.56425,0.022326746
4.56735,0.022337544
4.57045,0.022348303
4.57355,0.022359012
4.57665,0.022369674
4.57974,0.022380279
4.58284,0.02239083
4.58593,0.022401319
4.58902,0.02241175
4.59212,0.02242212
4.59521,0.022432422
4.5983,0.022442659
4.60139,0.022452821
4.60448,0.022462913
4.60757,0.022472925
4.61066,0.022482861
4.61375,0.022492711
4.61683,0.022502481
4.61992,0.022512162
4.623,0.022521758
4.62609,0.02253127
4.62917,0.02254069
4.63225,0.022550023
4.63534,0.022559263
4.63842,0.022568416
4.6415,0.022577483
4.64458,0.022586459
4.64766,0.022595352
4.65074,0.022604156
4.65381,0.022612878
4.65689,0.022621521
4.65997,0.022630081
4.66304,0.022638564
4.66612,0.022646974
4.66919,0.022655304
4.67227,0.022663564
4.67534,0.022671755
4.67841,0.022679874
4.68149,0.022687929
4.68456,0.022695922
4.68763,0.022703852
4.6907,0.022711724
4.69377,0.022719545
4.69684,0.022727309
4.69991,0.022735024
4.70298,0.022742695
4.70605,0.022750318
4.70911,0.022757901
4.71218,0.022765448
4.71525,0.022772964
4.71831,0.022780444
4.72138,0.022787898
4.72444,0.022795327
4.72751,0.02280273
4.73057,0.022810114
4.73363,0.022817481
4.7367,0.022824833
4.73976,0.022832166
4.74282,0.022839484
4.74588,0.02284679
4.74895,0.022854084
4.75201,0.02286136
4.75507,0.022868622
4.75813,0.022875869
4.76119,0.022883103
4.76425,0.022890321
4.7673,0.022897516
4.77036,0.022904692
4.77342,0.022911847
4.77648,0.022918982
4.77954,0.022926087
4.78259,0.022933166
4.78565,0.022940216
4.7887,0.022947236
4.79176,0.022954223
4.79482,0.022961169
4.79787,0.022968074
4.80093,0.022974936
4.80398,0.022981754
4.80703,0.022988525
4.81009,0.022995248
4.81314,0.023001913
4.8162,0.023008523
4.81925,0.023015077
4.8223,0.023021573
4.82535,0.023028009
4.82841,0.023034383
4.83146,0.023040693
4.83451,0.023046931
4.83756,0.0230531
4.84061,0.023059199
4.84366,0.023065226
4.84671,0.023071179
4.84977,0.023077054
4.85282,0.023082846
4.85587,0.023088549
4.85892,0.023094159
4.86197,0.023099663
4.86502,0.023105061
4.86807,0.023110348
4.87112,0.023115523
4.87417,0.023120583
4.87721,0.023125529
4.88026,0.023130361
4.88331,0.023135079
4.88636,0.023139688
4.88941,0.02314419
4.89246,0.02314859
4.89551,0.023152888
4.89856,0.023157094
4.9016,0.023161217
4.90465,0.023165264
4.9077,0.023169248
4.91075,0.023173179
4.91379,0.023177073
4.91684,0.023180943
4.91989,0.023184805
4.92294,0.023188677
4.92598,0.023192575
4.92903,0.023196518
4.93208,0.023200523
4.93513,0.023204609
4.93817,0.023208795
4.94122,0.0232131
4.94427,0.023217545
4.94732,0.023222149
4.95036,0.023226933
4.95341,0.023231917
4.95646,0.023237121
4.95951,0.023242566
4.96255,0.023248272
4.9656,0.02325426
4.96865,0.02326055
4.9717,0.023267166
4.97474,0.023274126
4.97779,0.023281453
4.98084,0.023289167
4.98389,0.023297287
4.98693,0.023305833
4.98998,0.023314824
4.99303,0.023324276
4.99607,0.023334206
4.99912,0.023344636
5.00217,0.023355573
5.00522,0.023367028
5.00827,0.023379011
5.01132,0.02339153
5.01437,0.02340459
5.01742,0.023418197
5.02047,0.023432355
5.02352,0.023447065
5.02657,0.023462329
5.02962,0.023478145
5.03267,0.023494511
5.03572,0.023511439
5.03877,0.023528914
5.04182,0.02354693
5.04487,0.023565481
5.04792,0.02358456
5.05097,0.023604158
5.05403,0.023624266
5.05708,0.023644874
5.06013,0.023665987
5.06318,0.023687586
5.06624,0.023709657
5.06929,0.023732187
5.07234,0.023755167
5.07539,0.023778587
5.07845,0.023802438
5.0815,0.023826725
5.08456,0.023851424
5.08761,0.02387652
5.09067,0.023901993
5.09372,0.023927831
5.09678,0.023954032
5.09984,0.023980567
5.10289,0.024007416
5.10595,0.024034563
5.10901,0.02406199
5.11207,0.024089702
5.11512,0.02411766
5.11818,0.024145844
5.12124,0.02417423
5.1243,0.024202798
5.12736,0.024231544
5.13042,0.02426043
5.13348,0.024289434
5.13654,0.024318539
5.13961,0.024347744
5.14267,0.024377012
5.14573,0.024406323
5.14879,0.024435658
5.15186,0.024464997
5.15492,0.024494344
5.15799,0.024523672
5.16105,0.024552955
5.16412,0.024582168
5.16718,0.024611302
5.17025,0.024640315
5.17331,0.024669188
5.17638,0.024697921
5.17945,0.024726481
5.18252,0.024754849
5.18559,0.024783006
5.18866,0.024810946
5.19173,0.02483862
5.1948,0.024865999
5.19787,0.024893074
5.20094,0.024919811
5.20402,0.024946188
5.20709,0.024972187
5.21016,0.02499781
5.21324,0.025023025
5.21631,0.02504781
5.21939,0.025072171
5.22246,0.02509608
5.22554,0.025119519
5.22862,0.025142496
5.2317,0.025165005
5.23478,0.025187033
5.23786,0.025208584
5.24094,0.025229635
5.24402,0.025250179
5.2471,0.025270226
5.25018,0.025289758
5.25326,0.025308773
5.25635,0.025327288
5.25943,0.02534529
5.26252,0.025362798
5.26561,0.025379807
5.26869,0.025396324
5.27178,0.025412372
5.27487,0.025427952
5.27796,0.025443075
5.28105,0.025457767
5.28414,0.025472034
5.28723,0.025485904
5.29032,0.025499388
5.29341,0.025512507
5.29651,0.025525302
5.2996,0.025537793
5.3027,0.025550025
5.3058,0.025562024
5.30889,0.025573836
5.31199,0.025585496
5.31509,0.025597047
5.31819,0.025608547
5.32129,0.025620034
5.32439,0.025631563
5.3275,0.025643174
5.3306,0.025654924
5.33371,0.02566685
5.33681,0.025678991
5.33992,0.025691396
5.34302,0.025704091
5.34613,0.025717116
5.34924,0.025730486
5.35235,0.025744234
5.35546,0.025758369
5.35858,0.025772918
5.36169,0.025787885
5.36481,0.025803291
5.36792,0.025819132
5.37104,0.025835429
5.37415,0.025852177
5.37727,0.025869384
5.38039,0.02588707
5.38351,0.025905232
5.38663,0.025923887
5.38975,0.025943021
5.39287,0.025962631
5.396,0.025982715
5.39912,0.026003271
5.40224,0.026024296
5.40536,0.02604578
5.40848,0.026067753
5.4116,0.026090229
5.41471,0.026113206
5.41783,0.026136714
5.42095,0.026160769
5.42406,0.026185366
5.42718,0.026210545
5.43029,0.026236333
5.43341,0.026262746
5.43652,0.026289769
5.43963,0.026317412
5.44275,0.026345665
5.44586,0.026374509
5.44897,0.026403901
5.45208,0.026433845
5.45519,0.026464317
5.4583,0.026495303
5.46141,0.026526767
5.46452,0.026558719
5.46763,0.026591151
5.47074,0.026624043
5.47384,0.026657345
5.47695,0.026691052
5.48006,0.026725124
5.48316,0.026759519
5.48627,0.02679416
5.48937,0.026829008
5.49248,0.026863992
5.49558,0.026899046
5.49868,0.026934078
5.50179,0.026968962
5.50489,0.027003615
5.50799,0.027037926
5.51109,0.027071752
5.51419,0.027105001
5.51729,0.027137538
5.52039,0.027169178
5.52349,0.027199799
5.52658,0.027229223
5.52968,0.027257291
5.53277,0.027283832
5.53587,0.027308629
5.53896,0.027331503
5.54206,0.027352327
5.54515,0.027371054
5.54823,0.027387632
5.55129,0.027401848
5.55433,0.027413648
5.55736,0.027422931
5.56039,0.027429551
5.56341,0.027433347
5.56644,0.027434118
5.56946,0.02743164
5.5725,0.027425652
5.57554,0.027415853
5.57859,0.027401993
5.58165,0.027383825
5.58473,0.027361157
5.58781,0.027333777
5.59089,0.027301556
5.59398,0.0272643
5.59706,0.027221904
5.60014,0.027174269
5.60322,0.027122132
5.6063,0.027066075
5.60937,0.027006654
5.61245,0.026944411
5.61553,0.026879637
5.6186,0.02681229
5.62168,0.026742093
5.62476,0.026668905
5.62783,0.026592623
5.63091,0.026513336
5.63398,0.026431132
5.63705,0.026339544
5.64013,0.026238374
5.6432,0.026129437
5.64627,0.026015328
5.64934,0.025899097
5.65241,0.025783506
5.65546,0.025670834
5.65851,0.025562772
5.66156,0.025460435
5.6646,0.02536465
5.66763,0.025276426
5.67067,0.025196489
5.67371,0.025125732
5.67674,0.025063916
5.67975,0.025010686
5.68276,0.024965798
5.68577,0.024928625
5.68877,0.024898828
5.69177,0.024877049
5.69478,0.024864606
5.69779,0.024862953
5.70081,0.024873374
5.70385,0.024896832
5.70689,0.02493386
5.70995,0.024984702
5.71301,0.025049022
5.71607,0.025126092
5.71913,0.025214894
5.72219,0.025314219
5.72525,0.025422983
5.72831,0.025540098
5.73137,0.025664551
5.73443,0.025795391
5.73749,0.025931806
5.74055,0.026073122
5.74361,0.026218693
5.74667,0.026368103
5.74973,0.026520727
5.75278,0.02667589
5.75584,0.02683292
5.7589,0.026991147
5.76196,0.027149893
5.76501,0.027308526
5.76807,0.027466374
5.77113,0.027623063
5.77418,0.027778241
5.77724,0.027931746
5.78029,0.028083489
5.78335,0.028233483
5.7864,0.02838178
5.78946,0.028528445
5.79251,0.028673581
5.79557,0.028817207
5.79862,0.028959512
5.80167,0.029100537
5.80473,0.029240298
5.80778,0.029378735
5.81083,0.029515817
5.81389,0.029651427
5.81694,0.029785439
5.81999,0.02991773
5.82305,0.030048059
5.8261,0.030176222
5.82915,0.030301925
5.83221,0.030424922
5.83526,0.030544957
5.83831,0.030661765
5.84137,0.03077499
5.84442,0.03088423
5.84747,0.030989286
5.85053,0.031090007
5.85358,0.031186255
5.85663,0.031277994
5.85969,0.031365199
5.86274,0.031447838
5.86579,0.031525881
5.86885,0.03159941
5.8719,0.031668568
5.87495,0.031733504
5.87801,0.031794402
5.88106,0.031851469
5.88411,0.031904901
5.88717,0.031954897
5.89022,0.03200164
5.89327,0.032045302
5.89633,0.032086055
5.89938,0.032124049
5.90244,0.03215935
5.90549,0.032192002
5.90855,0.03222203
5.91161,0.032249505
5.91466,0.032274494
5.91772,0.032297049
5.92077,0.032317154
5.92383,0.032334714
5.92689,0.032349658
5.92994,0.032361939
5.933,0.032371586
5.93606,0.03237868
5.93912,0.032383344
5.94218,0.032385719
5.94523,0.032385952
5.94829,0.032384183
5.95135,0.032380548
5.95441,0.032375166
5.95747,0.032367861
5.96053,0.032357935
5.96359,0.032345501
5.96665,0.032330908
5.96971,0.032314559
5.97277,0.032296832
5.97583,0.032278064
5.97889,0.032258535
5.98196,0.032238522
5.98502,0.032218242
5.98808,0.032197887
5.99114,0.03217762
5.99421,0.032157584
5.99727,0.032137903
6.00033,0.032118688
6.0034,0.032100019
6.00646,0.032081985
6.00953,0.032064655
6.01259,0.03204807
6.01566,0.032032273
6.01872,0.032017286
6.02179,0.032003115
6.02485,0.031989748
6.02791,0.031977144
6.03098,0.031965235
6.03405,0.031953954
6.03712,0.031943203
6.04018,0.031932873
6.04325,0.031922794
6.04632,0.031912784
6.04939,0.031902673
6.05246,0.031892313
6.05552,0.031881607
6.05859,0.031870483
6.06166,0.031858905
6.06473,0.031846871
6.0678,0.031834412
6.07087,0.031821588
6.07394,0.031808472
6.07702,0.03179518
6.08009,0.031781833
6.08316,0.031768578
6.08623,0.031755564
6.08931,0.031742916
6.09238,0.031730755
6.09546,0.031719162
6.09853,0.031708185
6.10161,0.031697855
6.10468,0.031688177
6.10776,0.031679152
6.11084,0.031670751
6.11391,0.031662931
6.11699,0.03165564
6.12007,0.031648829
6.12315,0.031642437
6.12623,0.031636399
6.12931,0.031630652
6.13239,0.031625136
6.13548,0.031619789
6.13856,0.031614552
6.14164,0.031609368
6.14473,0.031604194
6.14781,0.031598982
6.15089,0.031593691
6.15398,0.031588288
6.15707,0.031582749
6.16015,0.031577049
6.16324,0.031571167
6.16633,0.031565095
6.16942,0.031558817
6.17251,0.031552321
6.1756,0.031545606
6.1787,0.031538667
6.18179,0.031531497
6.18488,0.031524098
6.18798,0.031516478
6.19107,0.03150864
6.19417,0.031500597
6.19726,0.031492369
6.20036,0.031483977
6.20346,0.03147544
6.20656,0.031466795
6.20966,0.03145807
6.21276,0.031449294
6.21586,0.031440502
6.21896,0.031431721
6.22207,0.031422969
6.22517,0.031414273
6.22828,0.031405651
6.23138,0.031397124
6.23449,0.031388722
6.2376,0.031380471
6.24071,0.0313724
6.24382,0.03136455
6.24693,0.031356961
6.25004,0.031349677
6.25315,0.031342761
6.25626,0.031336274
6.25938,0.031330278
6.26249,0.031324846
6.26561,0.031320045
6.26872,0.031315937
6.27184,0.031312587
6.27496,0.031310042
6.27808,0.03130834
6.2812,0.031307508
6.28432,0.031307555
6.28744,0.031308478
6.29056,0.03131026
6.29368,0.031312868
6.29681,0.03131627
6.29993,0.031320409
6.30305,0.031325234
6.30618,0.031330692
6.3093,0.031336719
6.31242,0.031343261
6.31554,0.031350263
6.31865,0.031357669
6.32177,0.031365409
6.32489,0.03137343
6.32801,0.031381669
6.33112,0.031390067
6.33424,0.031398548
6.33735,0.031407052
6.34047,0.031415515
6.34358,0.031423871
6.34669,0.031432046
6.34981,0.031439985
6.35292,0.031447629
6.35603,0.031454926
6.35914,0.031461824
6.36225,0.031468279
6.36536,0.03147424
6.36847,0.031479679
6.37158,0.031484572
6.37469,0.031488903
6.3778,0.031492663
6.38091,0.031495845
6.38401,0.031498446
6.38712,0.031500476
6.39023,0.031501971
6.39333,0.031502983
6.39644,0.03150356
6.39955,0.03150374
6.40265,0.031503542
6.40576,0.031502978
6.40886,0.03150205
6.41197,0.031500752
6.41507,0.031499083
6.41818,0.031497038
6.42128,0.031494612
6.42438,0.031491806
6.42749,0.03148863
6.43059,0.0314851
6.43369,0.031481243
6.4368,0.031477096
6.4399,0.031472708
6.443,0.03146813
6.4461,0.031463424
6.4492,0.03145866
6.4523,0.031453923
6.4554,0.031449303
6.4585,0.03144488
6.4616,0.031440715
6.4647,0.031436864
6.4678,0.031433368
6.47089,0.031430253
6.47399,0.031427537
6.47709,0.031425234
6.48018,0.031423355
6.48327,0.031421901
6.48637,0.03142087
6.48946,0.031420261
6.49255,0.031420073
6.49564,0.031420297
6.49873,0.031420924
6.50182,0.031421945
6.50491,0.031423351
6.508,0.03142512
6.51109,0.031427238
6.51418,0.031429685
6.51726,0.031432444
6.52035,0.031435488
6.52343,0.031438799
6.52652,0.031442359
6.5296,0.03144615
6.53269,0.031450147
6.53577,0.031454329
6.53885,0.031458678
6.54193,0.031463177
6.54501,0.031467806
6.54809,0.031472554
6.55117,0.031477403
6.55425,0.031482327
6.55733,0.031487306
6.56041,0.031492322
6.56348,0.031497376
6.56656,0.031502477
6.56963,0.031507642
6.57271,0.031512888
6.57579,0.031518229
6.57886,0.031523692
6.58193,0.031529304
6.58501,0.03153509
6.58808,0.031541072
6.59115,0.031547271
6.59423,0.031553696
6.5973,0.031560393
6.60037,0.031567403
6.60344,0.031574758
6.60651,0.031582472
6.60958,0.031590543
6.61265,0.031598959
6.61572,0.031607696
6.61879,0.031616714
6.62186,0.031625994
6.62493,0.031635506
6.628,0.03164522
6.63106,0.031655107
6.63413,0.031665136
6.6372,0.031675279
6.64027,0.031685508
6.64333,0.031695785
6.6464,0.031706097
6.64946,0.031716426
6.65253,0.031726756
6.6556,0.03173706
6.65866,0.031747295
6.66173,0.031757401
6.66479,0.031767313
6.66786,0.03177696
6.67092,0.031786277
6.67399,0.031795202
6.67705,0.031803685
6.68012,0.031811686
6.68318,0.031819175
6.68625,0.031826122
6.68931,0.031832519
6.69237,0.031838361
6.69544,0.031843644
6.6985,0.031848366
6.70156,0.031852526
6.70462,0.031856125
6.70769,0.031859167
6.71075,0.031861659
6.71381,0.03186361
6.71687,0.03186503
6.71994,0.031865936
6.723,0.031866346
6.72606,0.03186628
6.72912,0.031865763
6.73219,0.031864824
6.73525,0.031863492
6.73831,0.031861801
6.74137,0.031859781
6.74444,0.031857468
6.7475,0.031854894
6.75056,0.031852093
6.75362,0.031849096
6.75669,0.031845935
6.75975,0.031842639
6.76281,0.031839238
6.76588,0.031835758
6.76894,0.031832226
6.772,0.031828673
6.77506,0.031825128
6.77813,0.031821627
6.78119,0.031818207
6.78425,0.031814906
6.78731,0.031811765
6.79038,0.031808822
6.79344,0.031806113
6.7965,0.031803674
6.79956,0.031801535
6.80263,0.031799724
6.80569,0.031798265
6.80875,0.031797177
6.81181,0.031796477
6.81488,0.03179618
6.81794,0.031796298
6.821,0.03179684
6.82407,0.031797826
6.82713,0.031799282
6.83019,0.03180123
6.83325,0.031803682
6.83632,0.031806648
6.83938,0.031810125
6.84244,0.031814107
6.8455,0.031818583
6.84857,0.031823536
6.85163,0.031828949
6.85469,0.031834799
6.85775,0.031841065
6.86082,0.03184772
6.86388,0.031854748
6.86695,0.031862117
6.87001,0.031869797
6.87308,0.03187776
6.87614,0.031885976
6.87921,0.031894418
6.88228,0.031903061
6.88534,0.03191188
6.88841,0.031920851
6.89147,0.031929953
6.89454,0.031939179
6.8976,0.031948544
6.90067,0.031958069
6.90374,0.031967781
6.90681,0.031977674
6.90988,0.031987741
6.91294,0.031997963
6.91601,0.03200832
6.91908,0.032018785
6.92215,0.032029334
6.92522,0.032039942
6.92829,0.032050582
6.93136,0.032061242
6.93443,0.032071889
6.9375,0.032082496
6.94057,0.032093039
6.94365,0.032103498
6.94672,0.032113855
6.94979,0.032124094
6.95286,0.032134202
6.95594,0.03214418
6.95901,0.032154009
6.96209,0.032163675
6.96516,0.03217317
6.96824,0.032182486
6.97131,0.032191616
6.97438,0.032200553
6.97746,0.032209304
6.98054,0.03221785
6.98362,0.032226182
6.9867,0.032234292
6.98977,0.032242172
6.99285,0.032249817
6.99593,0.032257225
6.99901,0.032264404
7.00209,0.032271347
7.00517,0.032278052
7.00825,0.03228452
7.01134,0.032290753
7.01442,0.032296754
7.0175,0.032302536
7.02059,0.032308095
7.02367,0.032313434
7.02675,0.032318554
7.02984,0.032323456
7.03292,0.032328142
7.03601,0.032332623
7.0391,0.032336893
7.04218,0.03234095
7.04527,0.032344786
7.04836,0.032348397
7.05145,0.032351775
7.05454,0.032354916
7.05763,0.032357806
7.06072,0.03236043
7.06381,0.032362773
7.0669,0.032364823
7.07,0.032366574
7.07309,0.032368014
7.07618,0.032369135
7.07928,0.032369928
7.08237,0.03237039
7.08547,0.032370524
7.08857,0.032370328
7.09166,0.032369804
7.09476,0.032368954
7.09786,0.032367785
7.10096,0.032366308
7.10406,0.032364536
7.10716,0.032362482
7.11026,0.032360164
7.11337,0.032357604
7.11647,0.032354827
7.11957,0.032351854
7.12268,0.032348709
7.12579,0.032345417
7.12889,0.03234201
7.132,0.032338513
7.13511,0.032334954
7.13821,0.03233136
7.14133,0.032327759
7.14444,0.032324186
7.14755,0.032320665
7.15066,0.032317224
7.15377,0.032313892
7.15689,0.032310701
7.16,0.032307677
7.16311,0.032304849
7.16623,0.032302244
7.16935,0.032299895
7.17247,0.032297825
7.17558,0.03229606
7.1787,0.032294625
7.18183,0.032293548
7.18495,0.032292849
7.18807,0.032292543
7.19119,0.032292649
7.19432,0.032293178
7.19744,0.032294132
7.20056,0.032295513
7.20369,0.032297325
7.20682,0.032299568
7.20995,0.03230224
7.21308,0.032305347
7.21621,0.032308885
7.21934,0.032312849
7.22247,0.032317236
7.2256,0.032322038
7.22873,0.032327235
7.23186,0.032332817
7.23499,0.032338769
7.23812,0.03234507
7.24124,0.032351699
7.24437,0.03235862
7.24749,0.032365821
7.25062,0.032373285
7.25374,0.032381002
7.25687,0.03238896
7.25999,0.032397149
7.26311,0.03240555
7.26623,0.032414163
7.26935,0.032422986
7.27247,0.032432016
7.27559,0.032441249
7.27871,0.032450681
7.28184,0.032460309
7.28495,0.032470116
7.28807,0.032480111
7.29119,0.032490298
7.2943,0.032500679
7.29742,0.03251126
7.30054,0.032522044
7.30366,0.032533036
7.30677,0.032544222
7.30988,0.032555617
7.313,0.032567226
7.31611,0.032579048
7.31922,0.032591083
7.32234,0.032603328
7.32545,0.032615781
7.32856,0.032628421
7.33167,0.03264126
7.33478,0.0326543
7.33789,0.032667537
7.341,0.032680973
7.34411,0.032694604
7.34722,0.032708431
7.35033,0.032722451
7.35344,0.032736663
7.35655,0.032751044
7.35965,0.032765605
7.36276,0.03278034
7.36586,0.032795237
7.36897,0.03281028
7.37208,0.032825452
7.37518,0.032840734
7.37829,0.032856107
7.3814,0.032871554
7.3845,0.03288706
7.38761,0.032902607
7.39071,0.032918152
7.39381,0.032933695
7.39692,0.032949214
7.40002,0.032964684
7.40312,0.03298008
7.40622,0.032995373
7.40932,0.033010512
7.41242,0.033025485
7.41552,0.033040263
7.41862,0.033054818
7.42172,0.033069121
7.42482,0.033083141
7.42791,0.033096831
7.43101,0.03311018
7.4341,0.033123168
7.4372,0.033135774
7.44029,0.033147979
7.44339,0.033159765
7.44648,0.033171098
7.44957,0.033181978
7.45266,0.033192395
7.45575,0.033202341
7.45885,0.03321181
7.46194,0.033220795
7.46503,0.033229278
7.46811,0.033237265
7.4712,0.033244758
7.47429,0.033251754
7.47738,0.033258252
7.48046,0.033264249
7.48355,0.033269743
7.48663,0.033274721
7.48972,0.033279192
7.4928,0.033283157
7.49589,0.033286622
7.49897,0.033289591
7.50205,0.03329207
7.50514,0.033294065
7.50822,0.033295584
7.51131,0.033296637
7.51439,0.033297228
7.51747,0.033297371
7.52055,0.03329708
7.52363,0.03329637
7.52671,0.033295258
7.52979,0.033293757
7.53287,0.033291882
7.53595,0.033289647
7.53903,0.033287064
7.54211,0.033284147
7.54518,0.033280906
7.54826,0.033277351
7.55134,0.033273498
7.55441,0.033269362
7.55749,0.03326496
7.56056,0.033260306
7.56364,0.033255415
7.56672,0.033250297
7.56979,0.033244964
7.57287,0.033239424
7.57595,0.033233687
7.57902,0.033227763
7.58209,0.033221669
7.58517,0.033215414
7.58824,0.03320902
7.59131,0.033202514
7.59438,0.033195922
7.59746,0.033189275
7.60053,0.033182603
7.6036,0.033175935
7.60667,0.033169302
7.60974,0.033162734
7.61282,0.033156259
7.61589,0.033149905
7.61896,0.033143698
7.62203,0.033137667
7.62511,0.033131837
7.62818,0.033126235
7.63125,0.033120888
7.63432,0.033115821
7.6374,0.033111063
7.64047,0.03310664
7.64354,0.033102575
7.64661,0.033098893
7.64968,0.033095614
7.65276,0.033092756
7.65583,0.033090338
7.6589,0.033088373
7.66197,0.033086876
7.66505,0.033085857
7.66812,0.033085326
7.67119,0.033085293
7.67426,0.033085761
7.67734,0.033086736
7.68041,0.033088218
7.68348,0.033090208
7.68655,0.033092705
7.68962,0.033095705
7.6927,0.033099202
7.69577,0.033103191
7.69884,0.033107664
7.70191,0.03311261
7.70499,0.033118019
7.70806,0.03312388
7.71113,0.03313018
7.7142,0.033136905
7.71728,0.033144044
7.72035,0.033151584
7.72342,0.033159515
7.72649,0.033167825
7.72956,0.033176504
7.73264,0.033185537
7.73571,0.033194911
7.73878,0.03320461
7.74185,0.033214619
7.74493,0.033224925
7.748,0.033235515
7.75107,0.033246377
7.75414,0.033257502
7.75722,0.033268878
7.76029,0.033280496
7.76336,0.033292344
7.76643,0.033304411
7.7695,0.033316683
7.77258,0.033329149
7.77565,0.033341795
7.77872,0.03335461
7.78179,0.033367583
7.78487,0.033380706
7.78794,0.03339397
7.79101,0.033407393
7.79409,0.033420954
7.79717,0.033434651
7.80024,0.03344848
7.80332,0.033462443
7.8064,0.033476535
7.80947,0.033490755
7.81255,0.033505097
7.81563,0.033519553
7.8187,0.033534118
7.82178,0.033548785
7.82486,0.033563549
7.82793,0.033578405
7.83101,0.03359335
7.83409,0.033608382
7.83717,0.033623527
7.84025,0.033638762
7.84333,0.033654085
7.84641,0.033669493
7.84949,0.033684986
7.85257,0.033700564
7.85565,0.033716227
7.85873,0.033731974
7.86182,0.033747805
7.8649,0.033763719
7.86798,0.033779715
7.87106,0.033795817
7.87415,0.033812001
7.87723,0.033828256
7.88032,0.033844575
7.8834,0.033860951
7.88649,0.033877379
7.88958,0.033893857
7.89266,0.033910383
7.89575,0.033926958
7.89883,0.033943582
7.90192,0.033960283
7.90501,0.033977037
7.9081,0.033993838
7.91119,0.034010678
7.91428,0.034027548
7.91737,0.034044442
7.92046,0.034061349
7.92355,0.03407826
7.92664,0.034095166
7.92974,0.034112091
7.93283,0.034129002
7.93592,0.034145891
7.93902,0.034162747
7.94211,0.034179559
7.94521,0.034196313
7.9483,0.034212991
7.9514,0.034229575
7.9545,0.034246075
7.9576,0.034262451
7.9607,0.034278685
7.96379,0.034294761
7.96689,0.034310667
7.96999,0.034326391
7.97309,0.034341923
7.9762,0.034357284
7.9793,0.034372438
7.9824,0.034387375
7.98551,0.034402083
7.98861,0.034416552
7.99172,0.03443077
7.99482,0.034444727
7.99793,0.034458439
8.00104,0.034471871
8.00415,0.034485011
8.00726,0.034497844
8.01036,0.034510359
8.01347,0.034522549
8.01658,0.034534403
8.0197,0.034545937
8.02281,0.034557125
8.02592,0.034567957
8.02904,0.03457842
8.03215,0.034588505
8.03526,0.034598201
8.03838,0.034607518
8.0415,0.034616431
8.04462,0.034624932
8.04774,0.03463301
8.05086,0.034640661
8.05398,0.03464788
8.0571,0.034654681
8.06022,0.034661049
8.06335,0.034666981
8.06647,0.034672474
8.06959,0.034677525
8.07272,0.034682133
8.07584,0.0346863
8.07897,0.034690024
8.08209,0.034693305
8.08521,0.034696137
8.08833,0.034698524
8.09144,0.034700474
8.09456,0.034701989
8.09768,0.034703076
8.10079,0.03470373
8.10391,0.034703959
8.10702,0.034703771
8.11014,0.034703175
8.11325,0.03470218
8.11636,0.034700794
8.11947,0.034699024
8.12258,0.034696879
8.12569,0.034694372
8.1288,0.034691517
8.1319,0.034688328
8.13501,0.034684815
8.13812,0.034680993
8.14123,0.034676874
8.14434,0.034672471
8.14745,0.0346678
8.15055,0.034662874
8.15366,0.034657707
8.15677,0.034652314
8.15988,0.03464671
8.16299,0.034640909
8.1661,0.034634928
8.1692,0.03462878
8.17231,0.034622483
8.17542,0.034616052
8.17853,0.034609506
8.18164,0.03460286
8.18475,0.034596128
8.18786,0.034589338
8.19098,0.034582505
8.19409,0.034575647
8.1972,0.034568782
8.20032,0.03456193
8.20343,0.034555112
8.20655,0.03454835
8.20966,0.034541658
8.21278,0.034535068
8.2159,0.034528596
8.21902,0.034522261
8.22214,0.034516081
8.22525,0.03451008
8.22837,0.034504265
8.23148,0.03449866
8.2346,0.034493283
8.23771,0.034488153
8.24082,0.034483286
8.24394,0.034478697
8.24705,0.034474399
8.25016,0.034470406
8.25328,0.034466728
8.25639,0.034463377
8.2595,0.034460362
8.26262,0.034457692
8.26573,0.034455376
8.26884,0.034453418
8.27195,0.034451823
8.27506,0.034450588
8.27817,0.034449723
8.28128,0.034449231
8.28438,0.034449119
8.28749,0.034449392
8.2906,0.034450056
8.29371,0.034451119
8.29682,0.034452584
8.29992,0.034454459
8.30303,0.034456746
8.30614,0.034459448
8.30925,0.034462566
8.31236,0.034466101
8.31546,0.034470055
8.31857,0.034474414
8.32167,0.034479187
8.32477,0.034484378
8.32787,0.03448999
8.33098,0.034496024
8.33408,0.034502478
8.33718,0.034509348
8.34028,0.034516631
8.34339,0.03452432
8.34649,0.034532407
8.34958,0.034540861
8.35268,0.034549688
8.35578,0.034558878
8.35887,0.034568421
8.36197,0.034578307
8.36507,0.034588519
8.36816,0.034599043
8.37126,0.034609865
8.37436,0.034620971
8.37745,0.034632349
8.38055,0.034643985
8.38364,0.034655834
8.38673,0.034667905
8.38982,0.034680185
8.39291,0.034692663
8.396,0.034705325
8.39909,0.034718157
8.40218,0.034731147
8.40527,0.034744282
8.40836,0.034757548
8.41145,0.034770934
8.41454,0.034784428
8.41764,0.034798019
8.42073,0.034811698
8.42381,0.03482542
8.42689,0.034839203
8.42998,0.034853044
8.43306,0.034866937
8.43615,0.034880876
8.43923,0.034894858
8.44232,0.034908877
8.4454,0.03492293
8.44849,0.034937013
8.45157,0.034951126
8.45466,0.034965267
8.45774,0.034979436
8.46082,0.034993633
8.46391,0.035007857
8.46699,0.035022109
8.47008,0.035036391
8.47316,0.035050704
8.47625,0.03506505
8.47933,0.035079397
8.4824,0.035093777
8.48548,0.035108196
8.48856,0.03512266
8.49164,0.03513717
8.49472,0.035151729
8.4978,0.035166339
8.50087,0.035181
8.50395,0.035195714
8.50703,0.035210482
8.51011,0.035225304
8.51319,0.03524018
8.51627,0.035255108
8.51934,0.035270089
8.52242,0.035285121
8.5255,0.035300204
8.52858,0.035315337
8.53166,0.035330518
8.53473,0.035345748
8.53781,0.035361024
8.54089,0.035376346
8.54397,0.035391713
8.54705,0.035407123
8.55013,0.035422576
8.5532,0.035438071
8.55628,0.035453608
8.55936,0.035469187
8.56244,0.035484806
8.56552,0.035500464
8.5686,0.035516162
8.57167,0.035531897
8.57475,0.035547668
8.57783,0.035563476
8.58091,0.035579318
8.58399,0.035595197
8.58707,0.03561111
8.59014,0.035627059
8.59322,0.035643044
8.5963,0.035659064
8.59938,0.03567512
8.60246,0.03569121
8.60554,0.035707335
8.60861,0.035723494
8.61169,0.035739685
8.61477,0.035755907
8.61785,0.035772157
8.62093,0.035788433
8.62401,0.035804733
8.62708,0.035821055
8.63016,0.035837402
8.63324,0.035853769
8.63632,0.035870153
8.6394,0.035886549
8.64247,0.03590295
8.64555,0.035919353
8.64863,0.03593575
8.65171,0.035952136
8.65479,0.035968502
8.65787,0.035984843
8.66094,0.036001153
8.66402,0.036017424
8.6671,0.03603365
8.67018,0.036049825
8.67326,0.036065939
8.67634,0.036081988
8.67941,0.036097962
8.68249,0.036113856
8.68557,0.036129662
8.68865,0.036145371
8.69173,0.036160975
8.69481,0.036176464
8.69788,0.036191832
8.70096,0.03620707
8.70404,0.036222171
8.70712,0.036237129
8.7102,0.036251978
8.71329,0.036266676
8.71638,0.036281213
8.71946,0.036295579
8.72255,0.036309765
8.72563,0.036323765
8.72872,0.036337571
8.7318,0.036351176
8.73489,0.036364575
8.73798,0.03637776
8.74106,0.036390725
8.74415,0.036403462
8.74723,0.036415964
8.75032,0.036428226
8.7534,0.036440239
8.75649,0.036451999
8.75957,0.036463496
8.76266,0.036474726
8.76575,0.036485682
8.76883,0.036496358
8.77192,0.036506746
8.775,0.036516837
8.7781,0.036526658
8.78119,0.036536173
8.78428,0.036545371
8.78738,0.036554241
8.79047,0.036562776
8.79356,0.036570974
8.79666,0.036578835
8.79975,0.03658636
8.80284,0.036593552
8.80594,0.036600414
8.80903,0.036606951
8.81212,0.036613166
8.81522,0.036619061
8.81831,0.036624638
8.8214,0.0366299
8.8245,0.036634847
8.82759,0.036639483
8.83069,0.036643828
8.83379,0.036647873
8.8369,0.036651615
8.84,0.036655056
8.8431,0.0366582
8.8462,0.03666105
8.8493,0.036663614
8.8524,0.036665897
8.85551,0.036667907
8.85861,0.036669649
8.86171,0.036671132
8.86481,0.036672363
8.86791,0.036673347
8.87101,0.036674083
8.8741,0.03667458
8.87719,0.036674852
8.88028,0.036674908
8.88338,0.036674758
8.88647,0.036674409
8.88956,0.036673867
8.89266,0.036673139
8.89575,0.03667223
8.89884,0.036671147
8.90194,0.036669896
8.90503,0.036668482
8.90812,0.036666911
8.91122,0.03666519
8.91431,0.036663325
8.9174,0.036661324
8.9205,0.036659192
8.92359,0.036656939
8.92668,0.036654572
8.92977,0.036652099
8.93287,0.036649528
8.93596,0.036646869
8.93905,0.036644128
8.94215,0.036641316
8.94524,0.036638437
8.94833,0.036635501
8.95143,0.036632512
8.95452,0.036629477
8.95761,0.036626404
8.96071,0.036623298
8.9638,0.036620166
8.96689,0.036617017
8.96999,0.036613859
8.97309,0.036610699
8.97619,0.036607557
8.97929,0.036604439
8.9824,0.036601351
8.9855,0.036598307
8.9886,0.036595316
8.9917,0.036592388
8.99481,0.036589529
8.99791,0.036586741
9.00101,0.036584021
9.00411,0.036581365
9.00722,0.036578769
9.01033,0.036576232
9.01344,0.036573762
9.01655,0.036571354
9.01966,0.03656901
9.02278,0.036566736
9.02589,0.036564536
9.029,0.03656242
9.03211,0.036560394
9.03522,0.036558465
9.03834,0.036556639
9.04145,0.03655492
9.04456,0.036553313
9.04767,0.036551823
9.05079,0.036550454
9.05391,0.036549215
9.05703,0.036548114
9.06015,0.036547149
9.06328,0.03654632
9.0664,0.036545629
9.06952,0.036545079
9.07264,0.036544674
9.07576,0.036544419
9.07889,0.036544317
9.08201,0.036544372
9.08513,0.036544591
9.08825,0.036544977
9.09138,0.036545535
9.0945,0.036546272
9.09762,0.036547191
9.10074,0.036548299
9.10387,0.036549602
9.10699,0.036551105
9.11011,0.036552815
9.11323,0.036554736
9.11636,0.036556875
9.11948,0.036559237
9.1226,0.036561829
9.12572,0.036564655
9.12885,0.03656772
9.13197,0.036571029
9.13509,0.036574586
9.13821,0.036578395
9.14134,0.036582459
9.14446,0.036586782
9.14758,0.036591365
9.1507,0.036596213
9.15383,0.036601326
9.15695,0.036606705
9.16007,0.036612352
9.16318,0.036618235
9.16629,0.036624375
9.1694,0.036630777
9.17251,0.036637445
9.17562,0.03664438
9.17874,0.036651577
9.18185,0.036659036
9.18496,0.03666675
9.18807,0.036674715
9.19118,0.036682926
9.19429,0.036691377
9.1974,0.036700063
9.20051,0.036708978
9.20362,0.036718117
9.20673,0.036727474
9.20984,0.036737042
9.21295,0.036746814
9.21607,0.036756784
9.21918,0.036766948
9.22229,0.036777298
9.2254,0.036787829
9.22851,0.036798534
9.23162,0.036809406
9.23473,0.036820437
9.23784,0.036831622
9.24095,0.036842953
9.24405,0.036854366
9.24715,0.0368659
9.25025,0.036877556
9.25334,0.036889332
9.25644,0.036901223
9.25954,0.036913222
9.26264,0.036925319
9.26574,0.036937507
9.26884,0.036949778
9.27193,0.036962122
9.27503,0.03697453
9.27813,0.036986994
9.28123,0.036999505
9.28433,0.037012053
9.28741,0.037024564
9.2905,0.037037083
9.29358,0.037049612
9.29667,0.037062146
9.29975,0.03707468
9.30284,0.037087208
9.30592,0.037099721
9.309,0.037112214
9.31209,0.03712468
9.31517,0.037137113
9.31826,0.037149509
9.32134,0.037161862
9.32443,0.037174169
9.32751,0.037186425
9.3306,0.037198629
9.33368,0.037210778
9.33677,0.03722287
9.33985,0.037234903
9.34294,0.037246876
9.34602,0.037258787
9.34911,0.037270634
9.35219,0.037282417
9.35528,0.037294131
9.35836,0.037305776
9.36145,0.03731735
9.36453,0.037328851
9.36762,0.037340283
9.3707,0.03735165
9.37379,0.03736296
9.37687,0.03737422
9.37996,0.03738544
9.38304,0.037396628
9.38612,0.037407792
9.38921,0.037418936
9.39229,0.037430067
9.39538,0.037441189
9.39846,0.037452308
9.40155,0.037463431
9.40463,0.037474563
9.40772,0.037485712
9.4108,0.037496887
9.41389,0.037508093
9.41697,0.037519339
9.42006,0.03753063
9.42314,0.037541974
9.42623,0.037553377
9.42931,0.037564844
9.4324,0.037576379
9.43548,0.037587988
9.43857,0.037599675
9.44165,0.037611444
9.44474,0.0376233
9.44782,0.037635247
9.45091,0.03764729
9.45399,0.037659434
9.45708,0.037671682
9.46016,0.037684039
9.46324,0.037696508
9.46633,0.037709093
9.46941,0.037721796
9.4725,0.037734621
9.47558,0.037747571
9.47867,0.037760645
9.48175,0.037773848
9.48484,0.037787179
9.48792,0.037800638
9.49101,0.037814227
9.49409,0.037827945
9.49718,0.037841791
9.50026,0.037855764
9.50335,0.037869861
9.50643,0.037884079
9.50952,0.037898414
9.5126,0.03791286
9.51569,0.037927413
9.51877,0.037942065
9.52186,0.03795681
9.52494,0.037971641
9.52803,0.03798655
9.53111,0.038001529
9.5342,0.03801657
9.53728,0.038031666
9.54036,0.038046809
9.54345,0.038061991
9.54653,0.038077206
9.54962,0.038092447
9.5527,0.038107708
9.55579,0.038122984
9.55887,0.038138269
9.56196,0.03815356
9.56504,0.038168853
9.56813,0.038184146
9.57121,0.038199436
9.5743,0.038214723
9.57738,0.038230004
9.58047,0.038245279
9.58355,0.038260548
9.58664,0.038275811
9.58972,0.038291068
9.59281,0.03830632
9.59589,0.038321567
9.59898,0.03833681
9.60206,0.03835205
9.60515,0.038367289
9.60823,0.038382527
9.61132,0.038397765
9.6144,0.038413004
9.61748,0.038428245
9.62057,0.038443487
9.62365,0.038458731
9.62674,0.038473974
9.62982,0.038489217
9.63291,0.038504459
9.63599,0.038519698
9.63908,0.038534933
9.64216,0.038550162
9.64525,0.038565384
9.64833,0.038580597
9.65142,0.038595798
9.6545,0.038610985
9.65759,0.038626155
9.66067,0.038641304
9.66376,0.038656431
9.66684,0.038671532
9.66993,0.038686604
9.67301,0.038701646
9.6761,0.038716652
9.67918,0.038731622
9.68227,0.038746552
9.68535,0.03876144
9.68844,0.038776282
9.69152,0.038791076
9.6946,0.038805819
9.69769,0.038820508
9.70077,0.03883514
9.70386,0.038849711
9.70694,0.038864217
9.71003,0.038878656
9.71311,0.038893024
9.7162,0.038907317
9.71928,0.038921529
9.72237,0.038935657
9.72545,0.038949695
9.72854,0.03896364
9.73162,0.038977487
9.73471,0.038991233
9.73779,0.039004872
9.74088,0.039018399
9.74396,0.039031808
9.74705,0.039045096
9.75013,0.039058257
9.75322,0.039071289
9.7563,0.039084187
9.75939,0.03909695
9.76247,0.039109573
9.76556,0.039122052
9.76864,0.039134384
9.77172,0.039146564
9.77481,0.039158591
9.77789,0.039170462
9.78098,0.039182174
9.78406,0.039193726
9.78715,0.039205116
9.79023,0.039216342
9.79332,0.039227403
9.7964,0.039238299
9.79949,0.03924903
9.80257,0.039259596
9.80566,0.039269998
9.80874,0.039280235
9.81183,0.03929031
9.81491,0.039300224
9.818,0.039309978
9.82108,0.039319573
9.82417,0.039329013
9.82725,0.039338298
9.83034,0.039347431
9.83342,0.039356415
9.83651,0.039365252
9.83959,0.039373946
9.84268,0.039382499
9.84576,0.039390914
9.84884,0.039399196
9.85193,0.039407349
9.85501,0.039415377
9.8581,0.039423284
9.86118,0.039431078
9.86427,0.039438761
9.86735,0.039446339
9.87044,0.039453816
9.87352,0.039461197
9.87661,0.039468485
9.87969,0.039475685
9.88278,0.0394828
9.88586,0.039489835
9.88895,0.039496794
9.89203,0.03950368
9.89512,0.039510498
9.8982,0.039517252
9.90129,0.039523945
9.90437,0.039530582
9.90746,0.039537166
9.91054,0.0395437
9.91363,0.039550189
9.91671,0.039556634
9.9198,0.039563041
9.92288,0.039569412
9.92596,0.039575751
9.92905,0.039582063
9.93213,0.03958835
9.93522,0.039594617
9.9383,0.039600867
9.94139,0.039607103
9.94447,0.03961333
9.94756,0.039619549
9.95064,0.039625766
9.95373,0.039631982
9.95681,0.039638201
9.9599,0.039644425
9.96298,0.039650655
9.96607,0.039656895
9.96915,0.039663146
9.97224,0.03966941
9.97532,0.039675687
9.97841,0.039681979
9.98149,0.039688288
9.98458,0.039694614
9.98766,0.039700957
9.99075,0.039707319
9.99383,0.0397137
9.99692,0.039720101
10,0.039726522
10.0031,0.039733073
10.0062,0.039739678
10.0094,0.039746317
10.0125,0.039752975
10.0156,0.039759645
10.0187,0.039766328
10.0219,0.03977302
10.025,0.03977972
10.0281,0.039786431
10.0313,0.039793148
10.0344,0.039799872
10.0375,0.039806597
10.0407,0.039813317
10.0438,0.039820033
10.0469,0.03982674
10.0501,0.039833438
10.0532,0.039840122
10.0563,0.03984679
10.0594,0.039853441
10.0626,0.039860075
10.0657,0.039866685
10.0688,0.039873273
10.072,0.039879831
10.0751,0.039886361
10.0782,0.039892855
10.0813,0.039899315
10.0845,0.039905736
10.0876,0.039912116
10.0907,0.039918452
10.0938,0.039924743
10.097,0.039930989
10.1001,0.039937186
10.1032,0.039943334
10.1063,0.039949429
10.1094,0.039955468
10.1126,0.039961451
10.1157,0.039967376
10.1188,0.039973242
10.1219,0.03997905
10.125,0.0399848
10.1281,0.039990492
10.1312,0.039996127
10.1343,0.040001703
10.1375,0.040007221
10.1406,0.040012682
10.1437,0.040018082
10.1468,0.040023423
10.1499,0.040028706
10.153,0.040033926
10.1561,0.040039087
10.1592,0.040044186
10.1623,0.040049226
10.1654,0.040054204
10.1685,0.04005912
10.1716,0.040063973
10.1746,0.040068764
10.1777,0.040073494
10.1808,0.040078161
10.1839,0.040082768
10.187,0.040087313
10.1901,0.040091795
10.1932,0.040096215
10.1963,0.040100571
10.1994,0.040104863
10.2024,0.040109093
10.2055,0.04011326
10.2086,0.040117364
10.2117,0.040121407
10.2148,0.040125388
10.2179,0.040129308
10.2209,0.040133171
10.224,0.040136976
10.2271,0.040140727
10.2302,0.040144424
10.2333,0.040148073
10.2363,0.040151675
10.2394,0.040155233
10.2425,0.04015875
10.2456,0.040162231
10.2487,0.040165677
10.2517,0.040169095
10.2548,0.040172488
10.2579,0.040175859
10.261,0.040179213
10.264,0.040182555
10.2671,0.040185887
10.2702,0.040189212
10.2733,0.040192534
10.2763,0.040195858
10.2794,0.040199186
10.2825,0.040202522
10.2856,0.040205868
10.2886,0.040209228
10.2917,0.040212603
10.2948,0.040215996
10.2979,0.040219409
10.3009,0.040222844
10.304,0.040226303
10.3071,0.040229789
10.3102,0.040233303
10.3132,0.040236848
10.3163,0.040240426
10.3194,0.040244038
10.3225,0.040247685
10.3255,0.040251369
10.3286,0.040255093
10.3317,0.040258854
10.3348,0.040262653
10.3378,0.040266487
10.3409,0.040270359
10.344,0.040274264
10.3471,0.040278201
10.3502,0.040282171
10.3532,0.040286169
10.3563,0.040290196
10.3594,0.04029425
10.3625,0.040298333
10.3656,0.040302441
10.3686,0.040306577
10.3717,0.04031074
10.3748,0.040314931
10.3779,0.04031915
10.381,0.040323401
10.384,0.040327683
10.3871,0.040331997
10.3902,0.040336346
10.3933,0.040340732
10.3964,0.040345154
10.3995,0.040349615
10.4026,0.040354118
10.4057,0.040358665
10.4087,0.040363259
10.4118,0.040367898
10.4149,0.040372585
10.418,0.040377322
10.4211,0.040382109
10.4242,0.040386949
10.4273,0.040391843
10.4304,0.040396791
10.4335,0.040401795
10.4365,0.040406858
10.4396,0.040411982
10.4427,0.040417168
10.4458,0.040422417
10.4489,0.040427729
10.452,0.040433107
10.4551,0.040438554
10.4582,0.040444071
10.4613,0.040449661
10.4643,0.040455325
10.4674,0.040461064
10.4705,0.040466877
10.4736,0.040472766
10.4767,0.040478733
10.4798,0.040484778
10.4829,0.040490902
10.486,0.040497102
10.489,0.040503379
10.4921,0.040509732
10.4952,0.040516155
10.4983,0.04052265
10.5014,0.040529215
10.5045,0.040535849
10.5076,0.040542551
10.5106,0.04054932
10.5137,0.040556154
10.5168,0.040563051
10.5199,0.040570012
10.523,0.040577034
10.5261,0.040584117
10.5292,0.04059126
10.5322,0.040598461
10.5353,0.040605718
10.5384,0.04061303
10.5415,0.040620396
10.5446,0.040627813
10.5477,0.04063528
10.5508,0.040642796
10.5538,0.040650358
10.5569,0.040657965
10.56,0.040665614
10.5631,0.040673303
10.5662,0.040681032
10.5693,0.040688802
10.5724,0.040696614
10.5754,0.040704471
10.5785,0.040712376
10.5816,0.040720332
10.5847,0.040728348
10.5878,0.040736422
10.5909,0.040744558
10.594,0.040752758
10.5971,0.040761022
10.6001,0.040769352
10.6032,0.040777747
10.6063,0.040786209
10.6094,0.040794737
10.6125,0.040803331
10.6156,0.04081199
10.6187,0.040820718
10.6218,0.040829512
10.6248,0.040838372
10.6279,0.040847298
10.631,0.040856289
10.6341,0.040865345
10.6372,0.040874466
10.6403,0.040883656
10.6434,0.040892914
10.6465,0.040902237
10.6495,0.040911626
10.6526,0.040921083
10.6557,0.040930606
10.6588,0.0409402
10.6619,0.040949863
10.665,0.040959593
10.6681,0.04096939
10.6712,0.040979254
10.6743,0.040989183
10.6774,0.040999183
10.6804,0.041009249
10.6835,0.041019379
10.6866,0.041029571
10.6897,0.041039825
10.6928,0.041050144
10.6959,0.041060521
10.699,0.041070956
10.7021,0.041081442
10.7052,0.041091976
10.7083,0.041102561
10.7114,0.041113192
10.7144,0.041123868
10.7175,0.041134585
10.7206,0.041145343
10.7237,0.041156145
10.7268,0.041166984
10.7299,0.041177859
10.733,0.041188771
10.736,0.041199715
10.7391,0.041210686
10.7422,0.041221688
10.7453,0.041232713
10.7484,0.041243758
10.7514,0.041254824
10.7545,0.041265906
10.7576,0.041277004
10.7607,0.041288111
10.7638,0.04129923
10.7668,0.041310353
10.7699,0.041321481
10.773,0.041332613
10.7761,0.041343743
10.7791,0.04135487
10.7822,0.041365989
10.7853,0.0413771
10.7884,0.041388202
10.7914,0.041399286
10.7945,0.041410355
10.7976,0.041421407
10.8007,0.041432433
10.8037,0.041443437
10.8068,0.041454417
10.8099,0.041465365
10.8129,0.041476283
10.816,0.04148717
10.8191,0.041498025
10.8222,0.041508845
10.8252,0.041519624
10.8283,0.041530364
10.8314,0.041541064
10.8344,0.041551724
10.8375,0.041562343
10.8406,0.041572919
10.8437,0.041583453
10.8467,0.041593943
10.8498,0.04160439
10.8529,0.041614792
10.8559,0.04162515
10.859,0.041635463
10.8621,0.041645732
10.8651,0.041655958
10.8682,0.04166614
10.8713,0.041676279
10.8744,0.041686376
10.8774,0.041696432
10.8805,0.041706452
10.8836,0.041716436
10.8866,0.041726383
10.8897,0.041736296
10.8928,0.041746174
10.8959,0.041756026
10.8989,0.041765848
10.902,0.041775643
10.9051,0.041785411
10.9082,0.041795158
10.9112,0.041804883
10.9143,0.041814588
10.9174,0.041824277
10.9204,0.04183395
10.9235,0.041843611
10.9266,0.041853261
10.9297,0.041862904
10.9328,0.041872537
10.9358,0.041882163
10.9389,0.041891786
10.942,0.041901405
10.9451,0.041911027
10.9481,0.041920649
10.9512,0.041930278
10.9543,0.041939916
10.9574,0.041949561
10.9605,0.041959217
10.9635,0.041968884
10.9666,0.041978567
10.9697,0.041988265
10.9728,0.041997985
10.9759,0.042007727
10.979,0.042017491
10.9821,0.042027282
10.9851,0.042037102
10.9882,0.042046947
10.9913,0.042056825
10.9944,0.042066736
10.9975,0.042076677
11.0006,0.042086648
11.0037,0.042096656
11.0068,0.042106697
11.0099,0.042116771
11.013,0.042126884
11.016,0.042137033
11.0191,0.042147218
11.0222,0.042157445
11.0253,0.04216771
11.0284,0.042178015
11.0315,0.042188364
11.0346,0.042198756
11.0377,0.042209193
11.0408,0.042219675
11.0439,0.042230205
11.047,0.042240779
11.0501,0.042251402
11.0532,0.042262076
11.0563,0.042272796
11.0594,0.042283568
11.0625,0.042294389
11.0656,0.042305263
11.0687,0.042316188
11.0718,0.042327169
11.0749,0.042338209
11.078,0.042349303
11.0811,0.042360457
11.0842,0.042371674
11.0873,0.04238295
11.0904,0.04239429
11.0935,0.042405697
11.0966,0.042417172
11.0997,0.042428712
11.1028,0.042440322
11.1059,0.042452005
11.109,0.042463764
11.1122,0.042475594
11.1153,0.042487501
11.1184,0.042499489
11.1215,0.042511559
11.1246,0.042523713
11.1277,0.042535953
11.1308,0.042548273
11.134,0.042560681
11.1371,0.042573178
11.1402,0.042585766
11.1433,0.042598446
11.1464,0.042611219
11.1496,0.042624088
11.1527,0.042637053
11.1558,0.042650114
11.1589,0.042663273
11.1621,0.042676524
11.1652,0.042689863
11.1683,0.042703293
11.1714,0.042716817
11.1746,0.042730428
11.1777,0.04274413
11.1808,0.042757924
11.1839,0.042771806
11.1871,0.042785767
11.1902,0.042799811
11.1933,0.042813934
11.1964,0.042828127
11.1995,0.042842394
11.2027,0.042856734
11.2058,0.042871139
11.2089,0.042885611
11.212,0.042900151
11.2152,0.042914756
11.2183,0.042929419
11.2214,0.042944141
11.2245,0.042958923
11.2276,0.042973761
11.2308,0.042988648
11.2339,0.043003586
11.237,0.043018567
11.2401,0.043033587
11.2432,0.043048642
11.2463,0.04306373
11.2494,0.043078849
11.2526,0.043093997
11.2557,0.043109172
11.2588,0.043124376
11.2619,0.04313961
11.265,0.043154877
11.2681,0.04317018
11.2712,0.043185526
11.2743,0.04320092
11.2774,0.04321637
11.2805,0.043231883
11.2836,0.04324747
11.2867,0.043263138
11.2898,0.043278903
11.2929,0.043294769
11.296,0.043310744
11.2991,0.043326837
11.3022,0.043343055
11.3053,0.043359412
11.3084,0.04337591
11.3115,0.043392552
11.3146,0.04340935
11.3177,0.043426301
11.3208,0.043443408
11.3239,0.043460677
11.3269,0.043478103
11.33,0.043495685
11.3331,0.043513427
11.3362,0.043531321
11.3393,0.043549364
11.3424,0.043567558
11.3455,0.043585892
11.3486,0.043604369
11.3516,0.043622977
11.3547,0.043641716
11.3578,0.043660576
11.3609,0.043679548
11.364,0.043698636
11.367,0.043717828
11.3701,0.043737125
11.3732,0.043756515
11.3763,0.043776
11.3794,0.043795568
11.3824,0.043815221
11.3855,0.043834956
11.3886,0.043854761
11.3917,0.04387464
11.3948,0.043894582
11.3978,0.04391459
11.4009,0.043934664
11.404,0.043954792
11.4071,0.043974981
11.4101,0.043995231
11.4132,0.044015534
11.4163,0.044035897
11.4194,0.044056321
11.4224,0.044076798
11.4255,0.044097337
11.4286,0.044117941
11.4317,0.044138603
11.4347,0.044159335
11.4378,0.044180137
11.4409,0.044201012
11.4439,0.044221965
11.447,0.044242991
11.4501,0.044264103
11.4532,0.044285308
11.4562,0.044306614
11.4593,0.044328025
11.4624,0.044349538
11.4654,0.044371161
11.4685,0.044392891
11.4716,0.044414726
11.4746,0.044436658
11.4777,0.044458681
11.4808,0.044480789
11.4839,0.044502975
11.4869,0.044525227
11.49,0.044547549
11.4931,0.044569939
11.4961,0.044592395
11.4992,0.044614916
11.5023,0.0446375
11.5053,0.044660148
11.5084,0.044682856
11.5115,0.044705624
11.5145,0.044728449
11.5176,0.044751329
11.5207,0.044774261
11.5238,0.04479724
11.5268,0.044820264
11.5299,0.044843328
11.533,0.044866428
11.536,0.044889558
11.5391,0.044912714
11.5422,0.044935899
11.5452,0.044959101
11.5483,0.044982314
11.5514,0.045005536
11.5544,0.045028766
11.5575,0.045052003
11.5606,0.045075248
11.5637,0.045098501
11.5667,0.045121772
11.5698,0.045145052
11.5729,0.045168341
11.5759,0.045191636
11.579,0.045214935
11.5821,0.045238245
11.5852,0.045261557
11.5882,0.045284866
11.5913,0.04530817
11.5944,0.045331475
11.5974,0.045354773
11.6005,0.045378062
11.6036,0.045401339
11.6067,0.045424616
11.6097,0.045447884
11.6128,0.045471145
11.6159,0.045494409
11.619,0.045517669
11.622,0.045540925
11.6251,0.045564177
11.6282,0.045587434
11.6313,0.045610684
11.6343,0.045633923
11.6374,0.045657155
11.6405,0.045680365
11.6436,0.045703543
11.6467,0.045726688
11.6497,0.04574978
11.6528,0.04577281
11.6559,0.045795776
11.659,0.045818653
11.6621,0.045841432
11.6651,0.045864086
11.6682,0.045886597
11.6713,0.045908957
11.6744,0.04593114
11.6775,0.045953138
11.6806,0.045974927
11.6836,0.045996493
11.6867,0.04601783
11.6898,0.046038921
11.6929,0.046059753
11.696,0.046080319
11.6991,0.046100618
11.7022,0.046120637
11.7052,0.04614037
11.7083,0.046159812
11.7114,0.046178961
11.7145,0.046197814
11.7176,0.046216369
11.7207,0.046234631
11.7238,0.04625259
11.7268,0.046270244
11.7299,0.046287589
11.733,0.046304621
11.7361,0.046321338
11.7392,0.046337744
11.7423,0.046353828
11.7454,0.046369588
11.7485,0.046385019
11.7515,0.046400118
11.7546,0.046414889
11.7577,0.046429323
11.7608,0.046443413
11.7639,0.046457157
11.767,0.046470556
11.7701,0.046483601
11.7732,0.046496286
11.7763,0.046508608
11.7794,0.046520566
11.7824,0.046532153
11.7855,0.046543362
11.7886,0.046554189
11.7917,0.046564628
11.7948,0.046574673
11.7979,0.04658432
11.801,0.046593567
11.8041,0.046602404
11.8072,0.046610826
11.8103,0.046618826
11.8134,0.046626398
11.8165,0.046633535
11.8196,0.046640233
11.8226,0.046646488
11.8257,0.046652299
11.8288,0.046657664
11.8319,0.046662584
11.835,0.046667059
11.8381,0.046671095
11.8412,0.046674701
11.8443,0.04667789
11.8474,0.046680673
11.8505,0.046683068
11.8536,0.046685092
11.8567,0.046686769
11.8598,0.04668812
11.8629,0.046689175
11.866,0.046689961
11.8691,0.046690509
11.8722,0.046690849
11.8753,0.046691017
11.8784,0.046691048
11.8815,0.046690981
11.8846,0.046690854
11.8877,0.046690705
11.8907,0.046690575
11.8938,0.046690503
11.8969,0.046690531
11.9,0.046690701
11.9031,0.046691051
11.9062,0.046691624
11.9093,0.046692458
11.9124,0.046693596
11.9155,0.046695075
11.9186,0.046696932
11.9217,0.046699204
11.9248,0.046701926
11.9279,0.046705133
11.931,0.046708856
11.9341,0.046713123
11.9372,0.046717965
11.9403,0.046723407
11.9434,0.04672947
11.9466,0.046736175
11.9497,0.046743543
11.9528,0.04675159
11.9559,0.046760328
11.959,0.046769767
11.9621,0.046779923
11.9652,0.046790801
11.9683,0.046802404
11.9714,0.046814733
11.9745,0.046827797
11.9776,0.04684159
11.9807,0.046856106
11.9838,0.046871345
11.9869,0.046887292
11.99,0.04690394
11.9931,0.04692128
11.9962,0.046939308
11.9993,0.046958005
12.0025,0.046977355
12.0056,0.046997344
12.0087,0.047017965
12.0118,0.047039192
12.0149,0.047061007
12.018,0.0470834
12.0211,0.047106341
12.0242,0.047129807
12.0273,0.04715379
12.0304,0.047178259
12.0336,0.047203196
12.0367,0.047228584
12.0398,0.047254416
12.0429,0.047280667
12.046,0.047307319
12.0491,0.047334367
12.0522,0.047361782
12.0554,0.047389545
12.0585,0.04741765
12.0616,0.04744607
12.0647,0.047474788
12.0678,0.047503797
12.0709,0.047533068
12.0741,0.047562585
12.0772,0.047592347
12.0803,0.047622325
12.0834,0.04765252
12.0865,0.04768291
12.0896,0.047713482
12.0928,0.04774423
12.0959,0.047775118
12.099,0.047806116
12.1021,0.047837205
12.1052,0.047868341
12.1084,0.047899489
12.1115,0.047930633
12.1146,0.047961728
12.1177,0.047992746
12.1209,0.04802367
12.124,0.048054454
12.1271,0.048085081
12.1302,0.0481155
12.1334,0.048145682
12.1365,0.048175619
12.1396,0.048205267
12.1427,0.048234615
12.1459,0.048263636
12.149,0.048292304
12.1521,0.048320612
12.1553,0.048348529
12.1584,0.048376043
12.1615,0.048403155
12.1646,0.048429835
12.1678,0.048456078
12.1709,0.048481858
12.174,0.048507165
12.1772,0.048532011
12.1803,0.048556385
12.1834,0.048580303
12.1866,0.048603756
12.1897,0.048626736
12.1928,0.048649251
12.196,0.048671309
12.1991,0.048692932
12.2023,0.048714102
12.2054,0.048734805
12.2085,0.048755047
12.2117,0.048774816
12.2148,0.048794113
12.2179,0.048812937
12.2211,0.048831302
12.2242,0.048849212
12.2274,0.048866686
12.2305,0.048883747
12.2337,0.048900402
12.2368,0.048916667
12.2399,0.048932536
12.2431,0.048948017
12.2462,0.048963102
12.2494,0.048977795
12.2525,0.04899211
12.2557,0.049006073
12.2588,0.049019712
12.2619,0.04903305
12.2651,0.04904612
12.2682,0.049058928
12.2714,0.049071479
12.2745,0.049083759
12.2777,0.04909574
12.2808,0.049107394
12.2839,0.049118686
12.2871,0.049129576
12.2902,0.049140043
12.2934,0.04915007
12.2965,0.049159644
12.2996,0.049168761
12.3028,0.049177406
12.3059,0.049185593
12.309,0.049193348
12.3122,0.049200692
12.3153,0.049207654
12.3184,0.049214266
12.3216,0.049220542
12.3247,0.049226506
12.3278,0.049232187
12.331,0.049237612
12.3341,0.049242808
12.3372,0.049247816
12.3404,0.049252675
12.3435,0.049257413
12.3466,0.049262061
12.3498,0.049266643
12.3529,0.049271165
12.356,0.049275628
12.3592,0.049280014
12.3623,0.049284277
12.3654,0.049288338
12.3686,0.049292074
12.3717,0.049295319
12.3748,0.049297828
12.3779,0.049299307
12.3811,0.049299391
12.3842,0.049297688
12.3873,0.049293839
12.3904,0.049287582
12.3936,0.04927875
12.3967,0.049267214
12.3998,0.049250352
12.4029,0.049226202
12.4061,0.049195337
12.4092,0.049159117
12.4123,0.049119021
12.4154,0.049076419
12.4186,0.049032498
12.4217,0.048988402
12.4248,0.048944814
12.4279,0.048902018
12.431,0.048860285
12.4342,0.048819835
12.4373,0.048780829
12.4404,0.048743319
12.4435,0.048707316
12.4466,0.048672928
12.4498,0.048640496
12.4529,0.048610723
12.456,0.048584563
12.4591,0.048563069
12.4622,0.048547316
12.4653,0.048538322
12.4685,0.048536996
12.4716,0.04854395
12.4746,0.048560393
12.4776,0.048586933
12.4805,0.048623499
12.4835,0.048669919
12.4864,0.048725971
12.4893,0.048791528
12.4922,0.048866436
12.4952,0.048950561
12.4981,0.04904372
12.5011,0.0491456
12.5041,0.049255676
12.5071,0.049373419
12.5101,0.049498262
12.5131,0.049629583
12.5161,0.049766773
12.5192,0.049909279
12.5223,0.050056684
12.5254,0.050208527
12.5284,0.05036443
12.5315,0.050524105
12.5346,0.050687014
12.5378,0.050852547
12.5409,0.05102008
12.544,0.051190657
12.5471,0.051364702
12.5502,0.051541788
12.5533,0.051721002
12.5564,0.051901267
12.5595,0.052081708
12.5626,0.052261423
12.5657,0.052439433
12.5688,0.0526151
12.5719,0.052787946
12.575,0.052957622
12.5781,0.053123915
12.5812,0.053286441
12.5843,0.053444836
12.5874,0.05359889
12.5905,0.053748514
12.5936,0.053893583
12.5967,0.05403419
12.5998,0.054170547
12.6029,0.054302899
12.606,0.054431568
12.609,0.054556991
12.6121,0.054679348
12.6152,0.054798918
12.6183,0.054916189
12.6214,0.055031703
12.6245,0.055145963
12.6276,0.055259357
12.6307,0.055372185
12.6338,0.055484581
12.6369,0.055596645
12.64,0.055708436
12.6431,0.05581993
12.6463,0.055931144
12.6494,0.05604232
12.6525,0.056153612
12.6556,0.056265131
12.6587,0.056376973
12.6618,0.056489147
12.6649,0.056601271
12.668,0.056712567
12.6711,0.05682226
12.6742,0.056929589
12.6773,0.057033943
12.6804,0.05713483
12.6834,0.057231795
12.6865,0.057324537
12.6896,0.057412867
12.6927,0.057496692
12.6958,0.057576023
12.6989,0.057650971
12.7019,0.057721848
12.705,0.057789136
12.7081,0.057853242
12.7112,0.057914542
12.7142,0.05797331
12.7173,0.058029762
12.7204,0.058084008
12.7235,0.058136069
12.7266,0.058185951
12.7296,0.058233633
12.7327,0.058279142
12.7358,0.058322478
12.7389,0.058363629
12.742,0.058402586
12.7451,0.058439303
12.7482,0.05847377
12.7513,0.058505956
12.7544,0.058535869
12.7575,0.058563513
12.7606,0.058588913
12.7638,0.058612087
12.7669,0.058633086
12.77,0.058651949
12.7731,0.058668736
12.7763,0.058683502
12.7794,0.0586963
12.7825,0.05870717
12.7857,0.058716154
12.7888,0.058723268
12.7919,0.058728513
12.7951,0.058731881
12.7982,0.05873335
12.8013,0.058732886
12.8045,0.058730454
12.8076,0.058726013
12.8107,0.058719524
12.8138,0.058710954
12.817,0.05870029
12.8201,0.05868753
12.8232,0.058672688
12.8263,0.058655818
12.8295,0.058636978
12.8326,0.058616269
12.8357,0.058593861
12.8388,0.058569971
12.8419,0.058544793
12.8451,0.058518508
12.8482,0.058491254
12.8513,0.058463168
12.8544,0.058434379
12.8575,0.058404974
12.8607,0.058375074
12.8638,0.058344746
12.8669,0.05831407
12.87,0.058283147
12.8731,0.058252041
12.8762,0.05822082
12.8793,0.058189516
12.8825,0.05815818
12.8856,0.058126845
12.8887,0.058095543
12.8918,0.058064281
12.8949,0.058033066
12.898,0.058001902
12.9011,0.057970798
12.9042,0.057939742
12.9074,0.057908739
12.9105,0.057877795
12.9136,0.057846934
12.9167,0.057816198
12.9198,0.057785642
12.9229,0.057755312
12.926,0.05772525
12.9291,0.057695492
12.9322,0.057666062
12.9354,0.057637003
12.9385,0.057608342
12.9416,0.057580108
12.9447,0.057552334
12.9478,0.057525044
12.9509,0.057498268
12.954,0.057472056
12.9571,0.057446436
12.9603,0.057421441
12.9634,0.05739709
12.9665,0.057373425
12.9696,0.05735047
12.9727,0.057328245
12.9758,0.057306764
12.9789,0.057286048
12.9821,0.057266105
12.9852,0.057246922
12.9883,0.0572285
12.9914,0.057210818
12.9945,0.057193845
12.9977,0.057177551
13.0008,0.057161894
13.0039,0.057146816
13.007,0.057132264
13.0101,0.057118161
13.0133,0.057104442
13.0164,0.057091032
13.0195,0.057077849
13.0226,0.057064822
13.0258,0.05705187
13.0289,0.057038938
13.032,0.057025966
13.0351,0.057012915
13.0383,0.056999741
13.0414,0.056986412
13.0445,0.056972924
13.0476,0.056959267
13.0508,0.056945457
13.0539,0.056931504
13.057,0.056917434
13.0602,0.056903286
13.0633,0.056889094
13.0664,0.056874908
13.0696,0.056860767
13.0727,0.056846715
13.0758,0.056832795
13.079,0.05681905
13.0821,0.056805513
13.0852,0.056792213
13.0884,0.056779177
13.0915,0.056766414
13.0946,0.056753936
13.0978,0.05674174
13.1009,0.056729817
13.1041,0.056718152
13.1072,0.056706719
13.1103,0.056695496
13.1135,0.056684449
13.1166,0.056673553
13.1198,0.056662774
13.1229,0.056652091
13.1261,0.056641472
13.1292,0.056630895
13.1323,0.056620346
13.1355,0.056609816
13.1386,0.056599295
13.1418,0.0565888
13.1449,0.056578357
13.1481,0.056567998
13.1512,0.056557747
13.1543,0.056547632
13.1575,0.056537681
13.1606,0.056527924
13.1637,0.05651838
13.1669,0.056509075
13.17,0.056500034
13.1732,0.05649127
13.1763,0.056482807
13.1794,0.056474661
13.1826,0.056466853
13.1857,0.056459394
13.1888,0.056452294
13.192,0.056445562
13.1951,0.056439197
13.1982,0.056433201
13.2014,0.056427568
13.2045,0.056422294
13.2076,0.056417322
13.2108,0.0564126
13.2139,0.056408096
13.217,0.056403797
13.2201,0.056399692
13.2233,0.056395778
13.2264,0.056392057
13.2295,0.056388527
13.2327,0.056385192
13.2358,0.056382054
13.2389,0.056379114
13.242,0.056376379
13.2452,0.056373857
13.2483,0.056371555
13.2514,0.056369483
13.2545,0.056367658
13.2577,0.0563661
13.2608,0.05636483
13.2639,0.05636387
13.267,0.056363244
13.2702,0.056362981
13.2733,0.056363107
13.2764,0.056363648
13.2795,0.056364622
13.2826,0.05636605
13.2858,0.056367947
13.2889,0.056370326
13.292,0.056373195
13.2951,0.056376555
13.2982,0.0563804
13.3014,0.056384715
13.3045,0.056389487
13.3076,0.056394696
13.3107,0.05640032
13.3138,0.056406331
13.317,0.056412698
13.3201,0.056419391
13.3232,0.056426376
13.3263,0.056433621
13.3294,0.056441095
13.3326,0.056448765
13.3357,0.056456613
13.3388,0.056464621
13.3419,0.056472777
13.345,0.056481073
13.3482,0.056489504
13.3513,0.056498067
13.3544,0.056506766
13.3575,0.056515606
13.3606,0.056524594
13.3637,0.056533741
13.3669,0.056543059
13.37,0.056552563
13.3731,0.056562267
13.3762,0.056572191
13.3793,0.056582345
13.3825,0.056592742
13.3856,0.056603388
13.3887,0.056614291
13.3918,0.056625465
13.3949,0.056636906
13.3981,0.056648608
13.4012,0.056660565
13.4043,0.056672764
13.4074,0.056685194
13.4105,0.056697835
13.4137,0.05671068
13.4168,0.056723701
13.4199,0.056736871
13.423,0.056750165
13.4261,0.05676355
13.4293,0.056777004
13.4324,0.056790519
13.4355,0.056804074
13.4386,0.056817652
13.4418,0.056831236
13.4449,0.056844823
13.448,0.056858399
13.4511,0.056871961
13.4543,0.056885507
13.4574,0.056899047
13.4605,0.056912579
13.4636,0.056926101
13.4668,0.056939625
13.4699,0.056953162
13.473,0.056966712
13.4761,0.056980293
13.4793,0.056993912
13.4824,0.05700758
13.4855,0.057021294
13.4886,0.057035067
13.4917,0.057048902
13.4949,0.057062798
13.498,0.057076746
13.5011,0.057090747
13.5042,0.057104794
13.5073,0.057118881
13.5105,0.057132994
13.5136,0.057147122
13.5167,0.057161238
13.5198,0.057175334
13.5229,0.057189393
13.5261,0.057203399
13.5292,0.057217334
13.5323,0.057231184
13.5354,0.05724493
13.5385,0.05725856
13.5416,0.05727205
13.5448,0.057285398
13.5479,0.057298597
13.551,0.057311644
13.5541,0.057324534
13.5572,0.057337268
13.5603,0.057349847
13.5635,0.057362272
13.5666,0.057374546
13.5697,0.057386673
13.5728,0.057398656
13.5759,0.057410504
13.579,0.057422222
13.5822,0.057433816
13.5853,0.057445285
13.5884,0.057456631
13.5915,0.057467856
13.5946,0.057478963
13.5977,0.057489949
13.6009,0.057500812
13.604,0.057511546
13.6071,0.057522144
13.6102,0.057532607
13.6133,0.05754292
13.6165,0.05755307
13.6196,0.057563046
13.6227,0.057572839
13.6258,0.057582438
13.6289,0.057591832
13.632,0.057601011
13.6352,0.057609976
13.6383,0.057618715
13.6414,0.057627222
13.6445,0.057635492
13.6476,0.057643522
13.6508,0.057651312
13.6539,0.057658871
13.657,0.057666198
13.6601,0.057673298
13.6633,0.057680176
13.6664,0.057686838
13.6695,0.057693297
13.6726,0.05769956
13.6757,0.057705634
13.6789,0.057711526
13.682,0.057717245
13.6851,0.057722806
13.6882,0.057728213
13.6914,0.05773347
13.6945,0.057738589
13.6976,0.057743574
13.7007,0.057748426
13.7039,0.05775315
13.707,0.05775775
13.7101,0.057762225
13.7133,0.057766576
13.7164,0.057770803
13.7195,0.057774902
13.7226,0.057778869
13.7258,0.057782704
13.7289,0.057786401
13.732,0.057789955
13.7352,0.057793366
13.7383,0.05779663
13.7414,0.057799741
13.7446,0.057802702
13.7477,0.05780551
13.7508,0.057808164
13.754,0.057810668
13.7571,0.057813024
13.7602,0.057815237
13.7634,0.05781731
13.7665,0.057819246
13.7697,0.057821052
13.7728,0.057822733
13.7759,0.057824298
13.7791,0.057825752
13.7822,0.057827098
13.7854,0.057828346
13.7885,0.057829498
13.7916,0.057830561
13.7948,0.057831539
13.7979,0.057832435
13.8011,0.057833251
13.8042,0.057833988
13.8074,0.057834647
13.8105,0.057835227
13.8137,0.057835727
13.8168,0.057836147
13.82,0.057836483
13.8231,0.057836736
13.8263,0.057836902
13.8294,0.057836983
13.8326,0.057836977
13.8357,0.057836886
13.8389,0.057836709
13.842,0.057836449
13.8452,0.057836109
13.8484,0.057835692
13.8515,0.057835201
13.8547,0.057834642
13.8578,0.05783402
13.861,0.057833336
13.8641,0.057832595
13.8673,0.057831805
13.8705,0.057830976
13.8736,0.057830114
13.8768,0.057829226
13.8799,0.057828321
13.8831,0.057827407
13.8862,0.057826492
13.8894,0.057825582
13.8925,0.057824686
13.8957,0.05782381
13.8988,0.057822962
13.902,0.057822151
13.9052,0.05782138
13.9083,0.057820655
13.9114,0.05781998
13.9146,0.057819359
13.9177,0.057818799
13.9209,0.0578183
13.924,0.057817867
13.9272,0.057817499
13.9303,0.057817199
13.9335,0.057816969
13.9366,0.05781681
13.9398,0.057816724
13.9429,0.057816712
13.946,0.057816773
13.9492,0.057816908
13.9523,0.057817118
13.9555,0.057817406
13.9586,0.057817773
13.9617,0.057818221
13.9649,0.057818755
13.968,0.057819376
13.9712,0.057820089
13.9743,0.057820901
13.9774,0.057821812
13.9806,0.057822829
13.9837,0.057823958
13.9868,0.0578252
13.99,0.057826563
13.9931,0.057828049
13.9962,0.057829659
13.9994,0.057831397
14.0025,0.057833265
14.0056,0.057835264
14.0088,0.057837391
14.0119,0.057839644
14.015,0.057842022
14.0181,0.057844523
14.0213,0.057847138
14.0244,0.057849865
14.0275,0.057852698
14.0307,0.057855634
14.0338,0.057858666
14.0369,0.057861784
14.04,0.057864984
14.0432,0.057868264
14.0463,0.057871618
14.0494,0.057875043
14.0525,0.057878531
14.0557,0.05788208
14.0588,0.057885691
14.0619,0.057889363
14.065,0.057893097
14.0682,0.057896887
14.0713,0.057900737
14.0744,0.057904648
14.0775,0.057908624
14.0807,0.057912668
14.0838,0.05791678
14.0869,0.057920965
14.09,0.057925219
14.0932,0.057929548
14.0963,0.057933955
14.0994,0.057938443
14.1025,0.057943016
14.1056,0.057947675
14.1088,0.057952423
14.1119,0.057957259
14.115,0.057962186
14.1181,0.057967201
14.1213,0.057972301
14.1244,0.057977488
14.1275,0.057982763
14.1306,0.057988131
14.1337,0.057993591
14.1369,0.057999145
14.14,0.058004793
14.1431,0.058010537
14.1462,0.058016379
14.1493,0.058022319
14.1525,0.058028355
14.1556,0.058034487
14.1587,0.058040713
14.1618,0.058047031
14.1649,0.058053437
14.1681,0.05805993
14.1712,0.058066506
14.1743,0.058073164
14.1774,0.058079895
14.1805,0.058086704
14.1837,0.058093593
14.1868,0.058100569
14.1899,0.058107633
14.193,0.058114787
14.1961,0.058122031
14.1993,0.058129369
14.2024,0.058136804
14.2055,0.058144337
14.2086,0.058151972
14.2117,0.058159711
14.2149,0.058167555
14.218,0.058175504
14.2211,0.058183559
14.2242,0.058191719
14.2273,0.058199981
14.2305,0.058208344
14.2336,0.058216805
14.2367,0.05822536
14.2398,0.058234008
14.2429,0.058242746
14.2461,0.058251571
14.2492,0.058260483
14.2523,0.058269472
14.2554,0.058278542
14.2585,0.058287695
14.2617,0.058296933
14.2648,0.058306256
14.2679,0.058315666
14.271,0.058325163
14.2741,0.058334749
14.2772,0.058344423
14.2804,0.058354188
14.2835,0.058364044
14.2866,0.058373983
14.2897,0.058384012
14.2928,0.058394133
14.296,0.058404347
14.2991,0.058414654
14.3022,0.058425053
14.3053,0.058435541
14.3084,0.058446116
14.3115,0.058456775
14.3147,0.058467513
14.3178,0.058478327
14.3209,0.058489213
14.324,0.058500165
14.3271,0.058511178
14.3302,0.058522248
14.3334,0.05853337
14.3365,0.058544537
14.3396,0.058555744
14.3427,0.058566987
14.3458,0.05857826
14.3489,0.058589558
14.3521,0.058600875
14.3552,0.058612204
14.3583,0.058623541
14.3614,0.05863488
14.3645,0.058646224
14.3676,0.058657562
14.3708,0.058668886
14.3739,0.058680188
14.377,0.058691462
14.3801,0.058702702
14.3832,0.058713904
14.3864,0.058725062
14.3895,0.058736173
14.3926,0.058747231
14.3957,0.058758234
14.3988,0.058769187
14.402,0.058780079
14.4051,0.058790907
14.4082,0.058801665
14.4113,0.058812349
14.4144,0.058822955
14.4176,0.058833477
14.4207,0.058843913
14.4238,0.058854263
14.4269,0.058864519
14.43,0.058874672
14.4332,0.058884716
14.4363,0.058894645
14.4394,0.058904454
14.4425,0.05891414
14.4457,0.058923705
14.4488,0.058933143
14.4519,0.058942448
14.455,0.058951618
14.4582,0.058960651
14.4613,0.058969553
14.4644,0.058978319
14.4675,0.058986946
14.4707,0.058995434
14.4738,0.059003781
14.4769,0.059011998
14.48,0.059020079
14.4832,0.059028023
14.4863,0.05903583
14.4894,0.059043501
14.4925,0.059051045
14.4957,0.059058459
14.4988,0.059065742
14.5019,0.059072894
14.5051,0.059079921
14.5082,0.059086821
14.5113,0.059093593
14.5145,0.059100235
14.5176,0.059106754
14.5207,0.059113148
14.5239,0.059119414
14.527,0.059125551
14.5301,0.059131565
14.5333,0.059137452
14.5364,0.059143211
14.5395,0.05914884
14.5427,0.059154345
14.5458,0.059159724
14.5489,0.059164973
14.5521,0.0591701
14.5552,0.059175099
14.5584,0.059179971
14.5615,0.059184716
14.5646,0.059189339
14.5678,0.05919384
14.5709,0.059198218
14.5741,0.05920248
14.5772,0.059206626
14.5803,0.059210655
14.5835,0.059214574
14.5866,0.059218384
14.5898,0.059222086
14.5929,0.059225686
14.5961,0.059229184
14.5992,0.059232583
14.6024,0.059235889
14.6055,0.059239102
14.6086,0.059242224
14.6118,0.059245261
14.6149,0.059248214
14.6181,0.059251082
14.6212,0.059253873
14.6244,0.059256586
14.6275,0.059259222
14.6307,0.059261785
14.6339,0.059264277
14.637,0.059266696
14.6402,0.059269049
14.6433,0.059271336
14.6465,0.059273556
14.6496,0.059275716
14.6528,0.059277817
14.6559,0.059279863
14.6591,0.059281856
14.6623,0.059283796
14.6654,0.059285689
14.6686,0.059287537
14.6717,0.059289341
14.6749,0.059291108
14.6781,0.059292839
14.6812,0.059294539
14.6844,0.059296211
14.6876,0.059297854
14.6907,0.059299473
14.6939,0.059301071
14.6971,0.059302652
14.7002,0.059304216
14.7034,0.059305764
14.7066,0.059307296
14.7097,0.059308809
14.7129,0.059310308
14.7161,0.059311797
14.7192,0.059313275
14.7224,0.059314747
14.7255,0.059316217
14.7287,0.059317687
14.7319,0.059319159
14.735,0.059320638
14.7382,0.059322124
14.7414,0.059323621
14.7445,0.059325112
14.7477,0.059326574
14.7508,0.059328007
14.754,0.059329424
14.7572,0.059330841
14.7603,0.059332269
14.7635,0.05933372
14.7666,0.059335207
14.7698,0.059336736
14.7729,0.059338315
14.7761,0.059339953
14.7792,0.059341655
14.7824,0.059343423
14.7855,0.059345261
14.7887,0.059347174
14.7918,0.059349165
14.795,0.059351233
14.7982,0.059353379
14.8013,0.059355608
14.8045,0.059357921
14.8076,0.059360314
14.8108,0.059362789
14.8139,0.059365346
14.817,0.059367988
14.8202,0.059370709
14.8233,0.059373508
14.8265,0.059376388
14.8296,0.059379346
14.8328,0.059382384
14.8359,0.059385493
14.8391,0.059388674
14.8422,0.059391926
14.8454,0.05939525
14.8485,0.059398643
14.8517,0.059402098
14.8548,0.059405615
14.8579,0.059409193
14.8611,0.059412833
14.8642,0.059416533
14.8674,0.059420285
14.8705,0.059424092
14.8736,0.059427953
14.8768,0.059431868
14.8799,0.059435838
14.8831,0.059439861
14.8862,0.059443932
14.8893,0.059448051
14.8925,0.059452222
14.8956,0.059456445
14.8988,0.059460721
14.9019,0.05946505
14.905,0.059469434
14.9082,0.059473866
14.9113,0.05947835
14.9145,0.059482888
14.9176,0.059487481
14.9207,0.05949213
14.9239,0.059496834
14.927,0.059501594
14.9301,0.059506402
14.9333,0.05951126
14.9364,0.059516169
14.9395,0.059521129
14.9427,0.059526139
14.9458,0.059531197
14.949,0.059536303
14.9521,0.059541454
14.9552,0.059546648
14.9584,0.059551884
14.9615,0.059557153
14.9646,0.059562458
14.9678,0.059567798
14.9709,0.059573172
14.974,0.059578581
14.9772,0.05958402
14.9803,0.059589489
14.9834,0.059594986
14.9866,0.059600508
14.9897,0.059606054
14.9928,0.059611623
14.996,0.05961721
14.9991,0.059622817
15.0022,0.059628439
15.0054,0.059634075
15.0085,0.059639724
15.0116,0.059645376
15.0148,0.059651032
15.0179,0.059656693
15.021,0.059662355
15.0241,0.059668012
15.0273,0.059673664
15.0304,0.05967931
15.0335,0.05968495
15.0367,0.059690581
15.0398,0.059696196
15.0429,0.059701795
15.046,0.059707378
15.0492,0.059712943
15.0523,0.05971849
15.0554,0.059724017
15.0586,0.059729516
15.0617,0.05973499
15.0648,0.059740438
15.0679,0.059745862
15.0711,0.059751264
15.0742,0.059756643
15.0773,0.059761992
15.0804,0.059767318
15.0836,0.059772621
15.0867,0.059777905
15.0898,0.059783171
15.0929,0.05978842
15.096,0.059793655
15.0992,0.059798871
15.1023,0.059804071
15.1054,0.05980926
15.1085,0.059814441
15.1117,0.059819616
15.1148,0.059824787
15.1179,0.059829956
15.121,0.059835125
15.1241,0.059840289
15.1273,0.059845454
15.1304,0.059850621
15.1335,0.059855796
15.1366,0.05986098
15.1397,0.059866176
15.1429,0.059871385
15.146,0.05987661
15.1491,0.059881852
15.1522,0.059887114
15.1553,0.059892397
15.1585,0.059897697
15.1616,0.059903018
15.1647,0.059908364
15.1678,0.059913739
15.1709,0.059919143
15.174,0.059924579
15.1772,0.059930048
15.1803,0.059935551
15.1834,0.059941089
15.1865,0.059946662
15.1896,0.059952274
15.1927,0.059957919
15.1959,0.059963577
15.199,0.05996922
15.2021,0.059974819
15.2052,0.059980352
15.2083,0.059985802
15.2115,0.059991158
15.2146,0.059996416
15.2177,0.060001574
15.2208,0.060006628
15.2239,0.060011587
15.227,0.060016458
15.2301,0.060021253
15.2333,0.060025981
15.2364,0.060030653
15.2395,0.06003528
15.2426,0.060039873
15.2457,0.060044442
15.2488,0.060049
15.252,0.060053557
15.2551,0.060058125
15.2582,0.060062713
15.2613,0.060067333
15.2644,0.060071994
15.2675,0.060076707
15.2707,0.060081479
15.2738,0.060086321
15.2769,0.06009124
15.28,0.060096244
15.2831,0.060101347
15.2862,0.060106552
15.2894,0.060111862
15.2925,0.060117283
15.2956,0.060122818
15.2987,0.060128471
15.3018,0.060134247
15.3049,0.060140149
15.3081,0.06014618
15.3112,0.060152342
15.3143,0.060158639
15.3174,0.060165072
15.3205,0.060171643
15.3236,0.060178352
15.3268,0.060185201
15.3299,0.06019219
15.333,0.060199319
15.3361,0.060206589
15.3392,0.060213998
15.3423,0.060221545
15.3455,0.060229238
15.3486,0.060237071
15.3517,0.060245039
15.3548,0.06025314
15.3579,0.060261372
15.3611,0.060269731
15.3642,0.060278217
15.3673,0.060286828
15.3704,0.060295561
15.3735,0.060304417
15.3767,0.060313393
15.3798,0.060322488
15.3829,0.0603317
15.386,0.060341037
15.3891,0.060350492
15.3923,0.060360061
15.3954,0.06036974
15.3985,0.060379528
15.4016,0.060389422
15.4048,0.060399421
15.4079,0.060409524
15.411,0.060419728
15.4141,0.060430033
15.4172,0.060440437
15.4204,0.060450939
15.4235,0.060461535
15.4266,0.060472224
15.4297,0.060483003
15.4329,0.060493871
15.436,0.060504824
15.4391,0.060515859
15.4422,0.060526974
15.4453,0.060538165
15.4485,0.06054943
15.4516,0.060560766
15.4547,0.060572169
15.4578,0.060583639
15.4609,0.060595172
15.4641,0.060606767
15.4672,0.060618419
15.4703,0.060630126
15.4734,0.060641884
15.4766,0.060653688
15.4797,0.060665533
15.4828,0.060677414
15.4859,0.060689324
15.489,0.06070126
15.4922,0.060713216
15.4953,0.060725188
15.4984,0.060737172
15.5015,0.060749168
15.5047,0.060761172
15.5078,0.060773183
15.5109,0.060785199
15.514,0.060797221
15.5171,0.060809247
15.5203,0.060821276
15.5234,0.060833307
15.5265,0.060845349
15.5296,0.060857394
15.5328,0.060869435
15.5359,0.060881471
15.539,0.060893499
15.5421,0.060905515
15.5453,0.060917516
15.5484,0.060929499
15.5515,0.060941463
15.5546,0.060953403
15.5577,0.060965316
15.5609,0.060977201
15.564,0.060989051
15.5671,0.061000864
15.5702,0.061012635
15.5734,0.061024361
15.5765,0.06103604
15.5796,0.061047667
15.5827,0.061059241
15.5859,0.061070758
15.589,0.061082216
15.5921,0.061093613
15.5952,0.061104947
15.5984,0.061116214
15.6015,0.061127414
15.6046,0.061138544
15.6077,0.061149614
15.6109,0.061160613
15.614,0.061171539
15.6171,0.061182389
15.6202,0.061193159
15.6234,0.061203848
15.6265,0.061214455
15.6296,0.061224978
15.6327,0.061235416
15.6359,0.061245766
15.639,0.061256028
15.6421,0.0612662
15.6452,0.061276281
15.6484,0.061286268
15.6515,0.061296161
15.6546,0.061305957
15.6578,0.061315656
15.6609,0.061325256
15.664,0.061334765
15.6671,0.061344175
15.6703,0.061353483
15.6734,0.061362686
15.6765,0.061371783
15.6796,0.061380772
15.6828,0.061389654
15.6859,0.061398427
15.689,0.061407092
15.6922,0.061415648
15.6953,0.061424096
15.6984,0.061432434
15.7015,0.061440663
15.7047,0.061448783
15.7078,0.061456791
15.7109,0.061464687
15.7141,0.061472479
15.7172,0.06148016
15.7203,0.061487726
15.7235,0.061495174
15.7266,0.061502503
15.7297,0.061509711
15.7328,0.061516796
15.736,0.061523759
15.7391,0.061530598
15.7422,0.061537315
15.7454,0.061543908
15.7485,0.06155038
15.7516,0.06155673
15.7548,0.06156296
15.7579,0.061569079
15.761,0.061575085
15.7642,0.061580976
15.7673,0.061586754
15.7704,0.061592421
15.7736,0.061597978
15.7767,0.061603428
15.7798,0.061608772
15.783,0.061614009
15.7861,0.061619143
15.7892,0.061624174
15.7924,0.061629107
15.7955,0.061633951
15.7986,0.061638707
15.8018,0.061643376
15.8049,0.061647962
15.808,0.061652466
15.8112,0.061656892
15.8143,0.061661244
15.8174,0.061665526
15.8206,0.06166974
15.8237,0.06167389
15.8268,0.061677979
15.83,0.061682015
15.8331,0.061685997
15.8363,0.061689927
15.8394,0.061693804
15.8425,0.061697629
15.8457,0.061701403
15.8488,0.061705128
15.8519,0.061708805
15.8551,0.061712437
15.8582,0.061716023
15.8614,0.061719572
15.8645,0.061723083
15.8676,0.061726555
15.8708,0.061729989
15.8739,0.061733384
15.8771,0.061736742
15.8802,0.061740065
15.8833,0.061743355
15.8865,0.061746614
15.8896,0.061749844
15.8928,0.061753053
15.8959,0.061756239
15.8991,0.061759403
15.9022,0.061762545
15.9053,0.061765665
15.9085,0.061768765
15.9116,0.061771847
15.9148,0.061774912
15.9179,0.061777963
15.9211,0.061781001
15.9242,0.061784032
15.9273,0.061787058
15.9305,0.06179007
15.9336,0.061793071
15.9368,0.061796064
15.9399,0.061799051
15.9431,0.061802033
15.9462,0.061805014
15.9493,0.061807993
15.9525,0.061810972
15.9556,0.061813952
15.9588,0.061816928
15.9619,0.061819903
15.965,0.061822881
15.9682,0.061825863
15.9713,0.061828851
15.9745,0.061831848
15.9776,0.061834853
15.9807,0.061837867
15.9839,0.061840892
15.987,0.061843927
15.9902,0.061846969
15.9933,0.061850019
15.9964,0.061853083
15.9996,0.061856161
16.0027,0.061859256
16.0058,0.06186237
16.009,0.061865503
16.0121,0.061868656
16.0153,0.06187183
16.0184,0.061875026
16.0215,0.061878246
16.0247,0.061881484
16.0278,0.061884744
16.0309,0.061888029
16.0341,0.061891341
16.0372,0.061894683
16.0403,0.061898057
16.0435,0.061901462
16.0466,0.0619049
16.0498,0.061908372
16.0529,0.061911878
16.056,0.061915418
16.0592,0.061918994
16.0623,0.061922606
16.0654,0.061926248
16.0686,0.061929922
16.0717,0.061933631
16.0748,0.061937377
16.078,0.061941162
16.0811,0.061944985
16.0842,0.061948846
16.0874,0.061952745
16.0905,0.061956682
16.0936,0.061960658
16.0968,0.061964671
16.0999,0.061968721
16.103,0.061972809
16.1061,0.061976935
16.1093,0.061981097
16.1124,0.061985298
16.1155,0.061989536
16.1187,0.061993812
16.1218,0.061998125
16.1249,0.062002476
16.1281,0.062006865
16.1312,0.062011285
16.1343,0.062015738
16.1375,0.062020227
16.1406,0.062024755
16.1437,0.06202932
16.1469,0.062033925
16.15,0.062038568
16.1531,0.062043249
16.1562,0.062047967
16.1594,0.062052723
16.1625,0.062057515
16.1656,0.062062343
16.1688,0.062067206
16.1719,0.062072105
16.175,0.062077038
16.1782,0.062082006
16.1813,0.062087008
16.1844,0.062092043
16.1875,0.062097111
16.1907,0.062102211
16.1938,0.062107344
16.1969,0.062112508
16.2001,0.062117703
16.2032,0.062122929
16.2063,0.062128187
16.2095,0.062133474
16.2126,0.062138783
16.2157,0.062144118
16.2188,0.062149481
16.222,0.062154872
16.2251,0.062160293
16.2282,0.062165742
16.2314,0.06217122
16.2345,0.062176726
16.2376,0.062182259
16.2407,0.06218781
16.2439,0.062193383
16.247,0.06219898
16.2501,0.062204603
16.2532,0.062210249
16.2564,0.062215919
16.2595,0.062221614
16.2626,0.062227332
16.2657,0.062233072
16.2689,0.062238832
16.272,0.062244614
16.2751,0.062250414
16.2782,0.062256223
16.2814,0.062262044
16.2845,0.06226788
16.2876,0.062273731
16.2907,0.062279591
16.2938,0.062285454
16.297,0.062291319
16.3001,0.062297182
16.3032,0.062303043
16.3063,0.062308901
16.3095,0.062314762
16.3126,0.062320628
16.3157,0.0623265
16.3188,0.06233238
16.3219,0.062338262
16.3251,0.062344151
16.3282,0.062350052
16.3313,0.062355965
16.3344,0.062361894
16.3375,0.062367839
16.3407,0.0623738
16.3438,0.062379777
16.3469,0.062385769
16.35,0.062391775
16.3531,0.062397794
16.3563,0.062403826
16.3594,0.062409869
16.3625,0.062415923
16.3656,0.062421987
16.3687,0.062428059
16.3719,0.06243414
16.375,0.062440227
16.3781,0.062446311
16.3812,0.062452396
16.3843,0.062458484
16.3874,0.062464575
16.3906,0.062470669
16.3937,0.062476767
16.3968,0.062482867
16.3999,0.062488969
16.403,0.062495071
16.4061,0.062501174
16.4093,0.062507276
16.4124,0.062513377
16.4155,0.062519476
16.4186,0.062525571
16.4217,0.062531663
16.4248,0.06253775
16.428,0.062543832
16.4311,0.062549909
16.4342,0.06255598
16.4373,0.062562045
16.4404,0.062568105
16.4435,0.062574161
16.4467,0.062580212
16.4498,0.062586259
16.4529,0.062592303
16.456,0.062598343
16.4591,0.062604381
16.4622,0.062610415
16.4654,0.062616445
16.4685,0.06262247
16.4716,0.062628491
16.4747,0.062634506
16.4778,0.062640506
16.4809,0.062646494
16.4841,0.062652473
16.4872,0.062658444
16.4903,0.062664407
16.4934,0.062670362
16.4965,0.062676309
16.4996,0.062682248
16.5027,0.062688178
16.5059,0.062694099
16.509,0.062700011
16.5121,0.062705913
16.5152,0.062711806
16.5183,0.06271769
16.5214,0.062723564
16.5245,0.062729428
16.5277,0.062735283
16.5308,0.062741129
16.5339,0.062746965
16.537,0.062752791
16.5401,0.062758608
16.5432,0.062764416
16.5463,0.062770214
16.5495,0.062776002
16.5526,0.062781781
16.5557,0.06278755
16.5588,0.06279331
16.5619,0.062799061
16.565,0.062804802
16.5681,0.062810534
16.5713,0.062816256
16.5744,0.062821969
16.5775,0.062827674
16.5806,0.062833369
16.5837,0.062839054
16.5868,0.062844731
16.5899,0.062850398
16.5931,0.062856056
16.5962,0.062861705
16.5993,0.062867354
16.6024,0.062872997
16.6055,0.062878632
16.6086,0.062884258
16.6118,0.062889873
16.6149,0.062895477
16.618,0.06290107
16.6211,0.062906651
16.6242,0.062912221
16.6273,0.062917778
16.6305,0.062923323
16.6336,0.062928853
16.6367,0.06293437
16.6398,0.062939874
16.6429,0.062945363
16.646,0.062950839
16.6492,0.062956302
16.6523,0.062961752
16.6554,0.062967188
16.6585,0.062972612
16.6616,0.062978024
16.6647,0.062983425
16.6679,0.062988816
16.671,0.062994198
16.6741,0.062999574
16.6772,0.063004944
16.6803,0.063010311
16.6834,0.063015677
16.6866,0.063021041
16.6897,0.063026405
16.6928,0.063031768
16.6959,0.063037131
16.699,0.063042491
16.7021,0.063047849
16.7053,0.063053203
16.7084,0.06305855
16.7115,0.06306389
16.7146,0.063069222
16.7177,0.063074542
16.7209,0.06307986
16.724,0.063085169
16.7271,0.063090464
16.7302,0.063095745
16.7333,0.063101007
16.7365,0.063106251
16.7396,0.063111476
16.7427,0.063116682
16.7458,0.063121868
16.7489,0.063127035
16.7521,0.063132182
16.7552,0.06313731
16.7583,0.063142417
16.7614,0.063147505
16.7645,0.063152573
16.7677,0.063157622
16.7708,0.063162651
16.7739,0.06316766
16.777,0.06317265
16.7801,0.06317762
16.7833,0.063182571
16.7864,0.063187502
16.7895,0.063192413
16.7926,0.063197305
16.7957,0.063202187
16.7989,0.063207054
16.802,0.063211904
16.8051,0.063216734
16.8082,0.063221545
16.8114,0.063226335
16.8145,0.063231104
16.8176,0.063235853
16.8207,0.063240582
16.8238,0.063245292
16.827,0.063249982
16.8301,0.063254653
16.8332,0.063259305
16.8363,0.063263938
16.8395,0.063268554
16.8426,0.063273151
16.8457,0.06327773
16.8488,0.063282292
16.852,0.063286837
16.8551,0.063291374
16.8582,0.0632959
16.8613,0.063300411
16.8645,0.063304908
16.8676,0.063309388
16.8707,0.063313854
16.8738,0.063318305
16.877,0.063322743
16.8801,0.063327167
16.8832,0.063331579
16.8863,0.063335979
16.8895,0.063340369
16.8926,0.063344749
16.8957,0.063349119
16.8988,0.063353481
16.902,0.063357835
16.9051,0.063362181
16.9082,0.063366529
16.9114,0.063370875
16.9145,0.063375216
16.9176,0.063379552
16.9207,0.063383881
16.9239,0.063388204
16.927,0.063392523
16.9301,0.063396838
16.9333,0.063401151
16.9364,0.063405462
16.9395,0.063409775
16.9427,0.063414089
16.9458,0.063418406
16.9489,0.063422727
16.952,0.063427053
16.9552,0.063431386
16.9583,0.063435735
16.9614,0.063440098
16.9646,0.063444472
16.9677,0.063448856
16.9708,0.063453252
16.974,0.063457658
16.9771,0.063462077
16.9802,0.063466511
16.9834,0.063470959
16.9865,0.063475424
16.9896,0.063479907
16.9928,0.063484409
16.9959,0.063488932
16.999,0.063493475
17.0022,0.063498049
17.0053,0.063502651
17.0084,0.063507277
17.0116,0.063511926
17.0147,0.063516599
17.0178,0.063521294
17.021,0.063526013
17.0241,0.063530755
17.0272,0.063535522
17.0304,0.063540315
17.0335,0.063545132
17.0367,0.063549975
17.0398,0.063554845
17.0429,0.06355974
17.0461,0.063564673
17.0492,0.063569636
17.0523,0.06357463
17.0555,0.063579651
17.0586,0.063584698
17.0618,0.063589773
17.0649,0.063594875
17.068,0.063600004
17.0712,0.06360516
17.0743,0.063610343
17.0775,0.063615554
17.0806,0.063620791
17.0837,0.063626055
17.0869,0.063631355
17.09,0.063636686
17.0932,0.063642045
17.0963,0.063647428
17.0994,0.063652834
17.1026,0.063658263
17.1057,0.063663713
17.1089,0.063669186
17.112,0.063674679
17.1152,0.063680193
17.1183,0.063685729
17.1214,0.063691285
17.1246,0.063696862
17.1277,0.06370247
17.1309,0.063708102
17.134,0.063713756
17.1372,0.063719429
17.1403,0.063725119
17.1435,0.063730825
17.1466,0.063736548
17.1498,0.063742287
17.1529,0.063748041
17.156,0.063753812
17.1592,0.063759598
17.1623,0.063765399
17.1655,0.063771226
17.1686,0.063777073
17.1718,0.063782936
17.1749,0.063788813
17.1781,0.063794702
17.1812,0.063800603
17.1844,0.063806515
17.1875,0.063812439
17.1907,0.063818374
17.1938,0.06382432
17.197,0.063830277
17.2001,0.063836243
17.2033,0.063842231
17.2064,0.063848234
17.2096,0.063854248
17.2127,0.063860259
17.2159,0.063866274
17.219,0.063872294
17.2222,0.063878322
17.2253,0.063884358
17.2285,0.063890404
17.2316,0.063896459
17.2348,0.063902522
17.2379,0.063908594
17.2411,0.063914673
17.2442,0.06392076
17.2474,0.063926855
17.2505,0.063932957
17.2537,0.063939066
17.2568,0.063945182
17.26,0.063951305
17.2631,0.063957434
17.2663,0.06396357
17.2694,0.063969712
17.2726,0.06397586
17.2757,0.063982014
17.2789,0.063988174
17.282,0.063994341
17.2852,0.064000514
17.2883,0.064006681
17.2915,0.06401285
17.2946,0.064019023
17.2978,0.064025204
17.3009,0.064031394
17.3041,0.064037593
17.3072,0.064043803
17.3103,0.064050024
17.3135,0.064056255
17.3166,0.064062497
17.3198,0.064068751
17.3229,0.064075016
17.3261,0.064081293
17.3292,0.064087582
17.3324,0.064093883
17.3355,0.064100197
17.3387,0.064106525
17.3418,0.064112867
17.3449,0.064119223
17.3481,0.064125594
17.3512,0.064131981
17.3544,0.064138384
17.3575,0.064144803
17.3607,0.064151238
17.3638,0.064157691
17.367,0.064164161
17.3701,0.064170649
17.3733,0.064177143
17.3764,0.064183651
17.3795,0.064190176
17.3827,0.064196722
17.3858,0.06420329
17.389,0.064209881
17.3921,0.064216497
17.3953,0.064223136
17.3984,0.0642298
17.4015,0.064236488
17.4047,0.064243202
17.4078,0.064249942
17.411,0.064256708
17.4141,0.064263502
17.4172,0.064270323
17.4204,0.064277171
17.4235,0.064284047
17.4267,0.064290951
17.4298,0.064297883
17.433,0.064304844
17.4361,0.064311834
17.4392,0.064318853
17.4424,0.0643259
17.4455,0.064332975
17.4487,0.06434008
17.4518,0.064347212
17.4549,0.064354373
17.4581,0.064361561
17.4612,0.064368777
17.4644,0.064376021
17.4675,0.064383292
17.4707,0.064390592
17.4738,0.06439792
17.4769,0.064405276
17.4801,0.064412648
17.4832,0.064420044
17.4864,0.064427467
17.4895,0.064434921
17.4926,0.064442406
17.4958,0.064449924
17.4989,0.064457474
17.502,0.064465056
17.5052,0.064472669
17.5083,0.064480314
17.5115,0.064487989
17.5146,0.064495694
17.5177,0.064503427
17.5209,0.064511187
17.524,0.064518974
17.5272,0.064526785
17.5303,0.06453462
17.5334,0.064542476
17.5366,0.064550352
17.5397,0.064558246
17.5428,0.064566158
17.546,0.064574088
17.5491,0.064582034
17.5523,0.064589997
17.5554,0.064597978
17.5585,0.064605978
17.5617,0.064613996
17.5648,0.064622034
17.5679,0.064630091
17.5711,0.064638167
17.5742,0.064646262
17.5774,0.064654374
17.5805,0.064662502
17.5836,0.064670645
17.5868,0.064678801
17.5899,0.064686968
17.5931,0.064695145
17.5962,0.064703325
17.5993,0.0647115
17.6025,0.064719667
17.6056,0.064727822
17.6087,0.064735966
17.6119,0.0647441
17.615,0.064752226
17.6182,0.064760331
17.6213,0.064768429
17.6244,0.064776526
17.6276,0.064784628
17.6307,0.064792738
17.6338,0.064800859
17.637,0.064808993
17.6401,0.064817141
17.6432,0.064825302
17.6464,0.064833477
17.6495,0.064841666
17.6526,0.064849868
17.6558,0.064858083
17.6589,0.064866312
17.662,0.064874553
17.6652,0.064882805
17.6683,0.064891068
17.6714,0.06489934
17.6746,0.064907621
17.6777,0.06491591
17.6808,0.064924206
17.684,0.064932508
17.6871,0.064940816
17.6902,0.064949128
17.6934,0.064957443
17.6965,0.064965761
17.6996,0.064974081
17.7028,0.064982403
17.7059,0.064990726
17.709,0.064999049
17.7122,0.065007372
17.7153,0.065015694
17.7184,0.065024016
17.7216,0.065032336
17.7247,0.065040656
17.7278,0.065048973
17.731,0.065057289
17.7341,0.065065603
17.7372,0.065073915
17.7404,0.065082224
17.7435,0.065090532
17.7466,0.065098836
17.7498,0.065107138
17.7529,0.065115437
17.7561,0.065123734
17.7592,0.065132029
17.7623,0.065140321
17.7655,0.06514861
17.7686,0.065156896
17.7717,0.06516518
17.7749,0.065173461
17.778,0.06518174
17.7811,0.065190016
17.7843,0.06519829
17.7874,0.06520656
17.7905,0.065214829
17.7937,0.065223094
17.7968,0.065231357
17.7999,0.065239617
17.8031,0.065247873
17.8062,0.065256126
17.8093,0.065264375
17.8125,0.065272621
17.8156,0.065280861
17.8187,0.065289097
17.8219,0.065297328
17.825,0.065305552
17.8281,0.065313771
17.8313,0.065321983
17.8344,0.065330188
17.8375,0.065338385
17.8407,0.065346558
17.8438,0.065354716
17.8469,0.065362864
17.8501,0.065371003
17.8532,0.065379135
17.8563,0.065387259
17.8594,0.065395376
17.8626,0.065403483
17.8657,0.065411582
17.8688,0.06541967
17.872,0.065427747
17.8751,0.065435813
17.8782,0.065443866
17.8813,0.065451906
17.8845,0.065459932
17.8876,0.065467945
17.8907,0.065475944
17.8939,0.065483928
17.897,0.065491897
17.9001,0.065499851
17.9033,0.065507788
17.9064,0.065515709
17.9095,0.065523613
17.9126,0.065531501
17.9158,0.065539373
17.9189,0.065547228
17.922,0.065555066
17.9252,0.065562887
17.9283,0.065570688
17.9314,0.065578468
17.9345,0.065586227
17.9377,0.065593965
17.9408,0.065601682
17.9439,0.065609378
17.9471,0.065617054
17.9502,0.06562471
17.9533,0.065632345
17.9565,0.065639961
17.9596,0.065647557
17.9627,0.065655135
17.9658,0.065662694
17.969,0.065670235
17.9721,0.065677759
17.9752,0.065685265
17.9784,0.065692754
17.9815,0.065700227
17.9846,0.065707682
17.9877,0.06571512
17.9909,0.065722541
17.994,0.065729945
17.9971,0.065737334
18.0003,0.065744707
18.0034,0.065752063
18.0065,0.065759404
18.0097,0.065766728
18.0128,0.065774036
18.0159,0.065781327
18.019,0.065788601
18.0222,0.065795858
18.0253,0.065803097
18.0284,0.06581032
18.0316,0.065817526
18.0347,0.065824714
18.0378,0.065831885
18.041,0.065839037
18.0441,0.06584617
18.0472,0.065853286
18.0503,0.065860384
18.0535,0.065867464
18.0566,0.065874527
18.0597,0.065881572
18.0629,0.065888599
18.066,0.065895608
18.0691,0.065902599
18.0722,0.065909571
18.0754,0.065916524
18.0785,0.065923459
18.0816,0.065930376
18.0848,0.065937275
18.0879,0.065944154
18.091,0.065951014
18.0942,0.065957855
18.0973,0.065964676
18.1004,0.065971478
18.1035,0.06597826
18.1067,0.065985023
18.1098,0.065991766
18.1129,0.06599849
18.1161,0.066005193
18.1192,0.066011876
18.1223,0.066018539
18.1254,0.066025181
18.1286,0.066031804
18.1317,0.066038406
18.1348,0.066044989
18.138,0.066051552
18.1411,0.066058095
18.1442,0.066064618
18.1474,0.066071122
18.1505,0.066077605
18.1536,0.066084069
18.1567,0.066090514
18.1599,0.066096921
18.163,0.066103303
18.1661,0.066109663
18.1692,0.066116005
18.1724,0.066122331
18.1755,0.066128641
18.1786,0.066134935
18.1817,0.066141214
18.1849,0.066147477
18.188,0.066153724
18.1911,0.066159956
18.1942,0.066166171
18.1974,0.066172369
18.2005,0.066178548
18.2036,0.066184707
18.2067,0.066190846
18.2099,0.066196965
18.213,0.066203063
18.2161,0.066209142
18.2192,0.066215203
18.2223,0.066221244
18.2255,0.066227267
18.2286,0.066233272
18.2317,0.066239259
18.2348,0.066245229
18.238,0.06625118
18.2411,0.066257114
18.2442,0.066263029
18.2473,0.066268922
18.2505,0.066274793
18.2536,0.066280639
18.2567,0.066286457
18.2598,0.066292245
18.263,0.066298001
18.2661,0.066303723
18.2692,0.066309411
18.2723,0.066315062
18.2755,0.066320677
18.2786,0.066326253
18.2817,0.06633179
18.2848,0.066337289
18.288,0.066342748
18.2911,0.066348168
18.2942,0.066353549
18.2973,0.066358892
18.3005,0.066364196
18.3036,0.066369445
18.3067,0.066374649
18.3098,0.066379813
18.3129,0.066384941
18.316,0.066390035
18.3192,0.066395097
18.3223,0.066400127
18.3254,0.066405134
18.3285,0.066410134
18.3316,0.066415139
18.3348,0.066420159
18.3379,0.066425196
18.341,0.06643025
18.3441,0.066435315
18.3472,0.066440384
18.3503,0.06644545
18.3535,0.066450504
18.3566,0.066455539
18.3597,0.066460546
18.3628,0.06646552
18.3659,0.066470455
18.3691,0.066475347
18.3722,0.066480191
18.3753,0.066484984
18.3784,0.066489725
18.3815,0.066494412
18.3847,0.066499044
18.3878,0.066503621
18.3909,0.066508143
18.394,0.06651261
18.3971,0.066517023
18.4002,0.066521384
18.4034,0.066525692
18.4065,0.066529949
18.4096,0.066534157
18.4127,0.066538317
18.4158,0.066542431
18.419,0.0665465
18.4221,0.066550527
18.4252,0.066554514
18.4283,0.066558463
18.4314,0.066562376
18.4345,0.066566256
18.4377,0.066570104
18.4408,0.066573921
18.4439,0.066577711
18.447,0.066581475
18.4501,0.066585214
18.4533,0.066588931
18.4564,0.066592626
18.4595,0.066596301
18.4626,0.066599958
18.4657,0.066603599
18.4688,0.066607223
18.472,0.066610833
18.4751,0.066614431
18.4782,0.066618016
18.4813,0.06662159
18.4844,0.066625155
18.4876,0.06662871
18.4907,0.066632258
18.4938,0.066635798
18.4969,0.066639333
18.5,0.066642862
18.5032,0.066646387
18.5063,0.066649907
18.5094,0.066653426
18.5125,0.066656941
18.5156,0.066660455
18.5187,0.066663969
18.5219,0.066667482
18.525,0.066670995
18.5281,0.06667451
18.5312,0.066678025
18.5343,0.066681543
18.5375,0.066685064
18.5406,0.066688588
18.5437,0.066692117
18.5468,0.06669565
18.5499,0.066699189
18.553,0.066702734
18.5562,0.066706286
18.5593,0.066709847
18.5624,0.066713416
18.5655,0.066716996
18.5686,0.066720586
18.5718,0.066724188
18.5749,0.066727802
18.578,0.066731431
18.5811,0.066735075
18.5842,0.066738736
18.5873,0.066742415
18.5905,0.066746114
18.5936,0.066749834
18.5967,0.066753574
18.5998,0.066757335
18.6029,0.066761112
18.6061,0.066764885
18.6092,0.066768659
18.6123,0.066772438
18.6154,0.066776225
18.6185,0.066780025
18.6216,0.066783841
18.6247,0.066787678
18.6278,0.066791537
18.6309,0.066795423
18.6341,0.066799338
18.6372,0.066803288
18.6403,0.066807272
18.6434,0.066811295
18.6465,0.066815357
18.6496,0.066819461
18.6527,0.066823606
18.6558,0.066827793
18.6589,0.066832023
18.6621,0.066836295
18.6652,0.066840608
18.6683,0.066844962
18.6714,0.066849356
18.6745,0.066853788
18.6776,0.066858259
18.6807,0.066862767
18.6838,0.06686731
18.687,0.066871888
18.6901,0.066876498
18.6932,0.066881141
18.6963,0.066885815
18.6994,0.066890517
18.7025,0.066895248
18.7056,0.066900006
18.7087,0.06690479
18.7118,0.066909598
18.715,0.066914428
18.7181,0.066919281
18.7212,0.066924154
18.7243,0.066929047
18.7274,0.066933957
18.7305,0.066938885
18.7336,0.066943827
18.7367,0.066948782
18.7398,0.06695375
18.743,0.066958727
18.7461,0.066963713
18.7492,0.066968708
18.7523,0.066973711
18.7554,0.066978722
18.7585,0.066983741
18.7616,0.066988769
18.7647,0.066993804
18.7679,0.066998847
18.771,0.067003899
18.7741,0.067008958
18.7772,0.067014026
18.7803,0.067019102
18.7834,0.067024187
18.7865,0.06702928
18.7896,0.067034381
18.7927,0.067039491
18.7959,0.067044608
18.799,0.067049733
18.8021,0.067054866
18.8052,0.067060006
18.8083,0.067065153
18.8114,0.067070308
18.8145,0.067075468
18.8176,0.067080635
18.8207,0.067085808
18.8239,0.067090986
18.827,0.067096169
18.8301,0.067101357
18.8332,0.067106549
18.8363,0.067111745
18.8394,0.067116944
18.8425,0.067122146
18.8456,0.067127351
18.8487,0.067132557
18.8519,0.067137766
18.855,0.067142976
18.8581,0.067148186
18.8612,0.067153398
18.8643,0.067158609
18.8674,0.067163821
18.8705,0.067169032
18.8736,0.067174243
18.8768,0.067179453
18.8799,0.067184662
18.883,0.06718987
18.8861,0.067195077
18.8892,0.067200282
18.8923,0.067205485
18.8954,0.067210687
18.8985,0.067215887
18.9016,0.067221085
18.9048,0.06722628
18.9079,0.067231474
18.911,0.067236665
18.9141,0.067241854
18.9172,0.067247041
18.9203,0.067252225
18.9234,0.067257407
18.9265,0.067262587
18.9296,0.067267765
18.9328,0.067272941
18.9359,0.067278114
18.939,0.067283286
18.9421,0.067288455
18.9452,0.067293623
18.9483,0.067298789
18.9514,0.067303954
18.9545,0.067309117
18.9577,0.067314279
18.9608,0.067319439
18.9639,0.067324599
18.967,0.067329758
18.9701,0.067334916
18.9732,0.067340074
18.9763,0.067345231
18.9794,0.067350389
18.9825,0.067355547
18.9857,0.067360706
18.9888,0.067365865
18.9919,0.067371025
18.995,0.067376186
18.9981,0.067381349
19.0012,0.067386513
19.0043,0.067391679
19.0074,0.067396846
19.0105,0.067402016
19.0137,0.067407189
19.0168,0.067412364
19.0199,0.067417542
19.023,0.067422723
19.0261,0.067427908
19.0292,0.067433096
19.0323,0.067438289
19.0354,0.067443485
19.0385,0.067448685
19.0417,0.067453891
19.0448,0.0674591
19.0479,0.067464315
19.051,0.067469535
19.0541,0.06747476
19.0572,0.06747999
19.0603,0.067485225
19.0634,0.067490466
19.0666,0.067495712
19.0697,0.067500965
19.0728,0.067506223
19.0759,0.067511488
19.079,0.067516759
19.0821,0.067522034
19.0852,0.067527307
19.0883,0.06753257
19.0914,0.067537809
19.0946,0.067543013
19.0977,0.067548167
19.1008,0.067553263
19.1039,0.06755829
19.107,0.067563242
19.1101,0.067568116
19.1132,0.067572909
19.1163,0.06757762
19.1194,0.067582251
19.1226,0.067586804
19.1257,0.067591282
19.1288,0.06759569
19.1319,0.067600031
19.135,0.067604311
19.1381,0.067608533
19.1412,0.067612704
19.1443,0.067616828
19.1475,0.06762091
19.1506,0.067624954
19.1537,0.067628966
19.1568,0.067632949
19.1599,0.067636907
19.163,0.067640845
19.1661,0.067644766
19.1692,0.067648673
19.1723,0.067652569
19.1755,0.067656458
19.1786,0.06766034
19.1817,0.06766422
19.1848,0.067668099
19.1879,0.067671979
19.191,0.067675862
19.1941,0.067679749
19.1972,0.067683641
19.2003,0.06768754
19.2035,0.067691446
19.2066,0.067695361
19.2097,0.067699286
19.2128,0.067703221
19.2159,0.067707166
19.219,0.067711122
19.2221,0.06771509
19.2252,0.06771907
19.2284,0.067723063
19.2315,0.067727067
19.2346,0.067731085
19.2377,0.067735115
19.2408,0.067739158
19.2439,0.067743214
19.247,0.067747284
19.2501,0.067751366
19.2532,0.067755461
19.2564,0.067759569
19.2595,0.067763691
19.2626,0.067767825
19.2657,0.067771972
19.2688,0.067776132
19.2719,0.067780304
19.275,0.067784488
19.2781,0.067788685
19.2812,0.067792894
19.2844,0.067797116
19.2875,0.067801348
19.2906,0.067805593
19.2937,0.067809885
19.2968,0.067814205
19.3,0.067818544
19.3031,0.067822892
19.3062,0.067827245
19.3093,0.067831603
19.3125,0.067835964
19.3156,0.067840331
19.3187,0.067844703
19.3218,0.067849081
19.325,0.067853465
19.3281,0.067857856
19.3312,0.067862255
19.3343,0.067866661
19.3375,0.067871074
19.3406,0.067875495
19.3437,0.067879924
19.3468,0.067884361
19.35,0.067888805
19.3531,0.067893256
19.3562,0.067897716
19.3593,0.067902182
19.3625,0.067906656
19.3656,0.067911137
19.3687,0.067915625
19.3718,0.067920119
19.375,0.06792462
19.3781,0.067929128
19.3812,0.067933641
19.3843,0.06793816
19.3875,0.067942685
19.3906,0.067947216
19.3937,0.067951751
19.3968,0.067956292
19.4,0.067960837
19.4031,0.067965388
19.4062,0.067969942
19.4093,0.067974501
19.4125,0.067979063
19.4156,0.06798363
19.4187,0.0679882
19.4218,0.067992773
19.425,0.06799735
19.4281,0.068001929
19.4312,0.068006512
19.4343,0.068011097
19.4375,0.068015684
19.4406,0.068020274
19.4437,0.068024866
19.4468,0.068029459
19.45,0.068034054
19.4531,0.068038651
19.4562,0.068043249
19.4593,0.068047848
19.4625,0.068052449
19.4656,0.068057051
19.4687,0.068061653
19.4718,0.068066257
19.475,0.068070861
19.4781,0.068075466
19.4812,0.068080071
19.4843,0.068084677
19.4875,0.068089283
19.4906,0.06809389
19.4937,0.068098497
19.4968,0.068103104
19.5,0.068107712
19.5031,0.068112321
19.5062,0.068116929
19.5093,0.068121538
19.5125,0.068126146
19.5156,0.068130755
19.5187,0.068135364
19.5218,0.068139973
19.525,0.068144581
19.5281,0.06814919
19.5312,0.068153799
19.5343,0.068158407
19.5375,0.068163015
19.5406,0.068167622
19.5437,0.06817223
19.5468,0.068176837
19.55,0.068181443
19.5531,0.06818605
19.5562,0.068190656
19.5593,0.068195261
19.5625,0.068199866
19.5656,0.06820447
19.5687,0.068209074
19.5718,0.068213678
19.575,0.068218281
19.5781,0.068222883
19.5812,0.068227486
19.5843,0.068232087
19.5875,0.068236689
19.5906,0.068241289
19.5937,0.06824589
19.5968,0.06825049
19.6,0.06825509
19.6031,0.06825969
19.6062,0.06826429
19.6094,0.06826889
19.6125,0.06827349
19.6156,0.06827809
19.6187,0.06828269
19.6219,0.068287291
19.625,0.068291891
19.6281,0.068296492
19.6312,0.068301092
19.6344,0.068305693
19.6375,0.068310294
19.6406,0.068314895
19.6437,0.068319495
19.6469,0.068324097
19.65,0.068328698
19.6531,0.0683333
19.6562,0.068337902
19.6594,0.068342504
19.6625,0.068347107
19.6656,0.06835171
19.6687,0.068356314
19.6719,0.068360918
19.675,0.068365522
19.6781,0.068370127
19.6812,0.068374733
19.6844,0.06837934
19.6875,0.068383947
19.6906,0.068388554
19.6937,0.068393162
19.6969,0.068397771
19.7,0.068402381
19.7031,0.068406992
19.7062,0.068411604
19.7094,0.068416216
19.7125,0.06842083
19.7156,0.068425444
19.7187,0.068430059
19.7219,0.068434674
19.725,0.068439291
19.7281,0.068443909
19.7312,0.068448528
19.7344,0.068453148
19.7375,0.068457769
19.7406,0.068462391
19.7437,0.068467014
19.7469,0.068471637
19.75,0.068476262
19.7531,0.068480888
19.7562,0.068485516
19.7594,0.068490144
19.7625,0.068494773
19.7656,0.068499404
19.7687,0.068504035
19.7719,0.068508668
19.775,0.068513302
19.7781,0.068517938
19.7812,0.068522575
19.7844,0.068527213
19.7875,0.068531852
19.7906,0.068536493
19.7937,0.068541136
19.7969,0.068545779
19.8,0.068550424
19.8031,0.068555071
19.8062,0.06855972
19.8094,0.06856437
19.8125,0.068569021
19.8156,0.068573674
19.8187,0.068578328
19.8219,0.068582984
19.825,0.068587642
19.8281,0.068592301
19.8312,0.068596962
19.8344,0.068601625
19.8375,0.068606289
19.8406,0.068610955
19.8437,0.068615623
19.8469,0.068620292
19.85,0.068624964
19.8531,0.068629637
19.8562,0.068634313
19.8594,0.06863899
19.8625,0.068643669
19.8656,0.06864835
19.8687,0.068653033
19.8719,0.068657718
19.875,0.068662406
19.8781,0.068667096
19.8812,0.068671788
19.8844,0.068676483
19.8875,0.06868118
19.8906,0.06868588
19.8937,0.068690582
19.8969,0.068695288
19.9,0.068699997
19.9031,0.068704709
19.9062,0.068709424
19.9094,0.068714143
19.9125,0.068718865
19.9156,0.06872359
19.9187,0.068728319
19.9219,0.068733053
19.925,0.06873779
19.9281,0.068742531
19.9312,0.068747277
19.9344,0.068752028
19.9375,0.068756783
19.9406,0.068761543
19.9437,0.068766307
19.9469,0.068771076
19.95,0.06877585
19.9531,0.06878063
19.9562,0.068785414
19.9594,0.068790204
19.9625,0.068794999
19.9656,0.068799799
19.9687,0.068804605
19.9719,0.068809416
19.975,0.068814233
19.9781,0.068819055
19.9812,0.068823883
19.9844,0.068828716
19.9875,0.068833555
19.9906,0.0688384
19.9937,0.06884325
19.9969,0.068848105
20,0.068852966
20.0031,0.068857859
20.0063,0.068862769
20.0094,0.068867689
20.0125,0.068872614
20.0157,0.068877542
20.0188,0.068882472
20.0219,0.068887403
20.0251,0.068892333
20.0282,0.068897265
20.0314,0.068902198
20.0345,0.068907133
20.0376,0.068912069
20.0408,0.068917007
20.0439,0.068921948
20.047,0.068926891
20.0502,0.068931839
20.0533,0.06893679
20.0564,0.068941744
20.0596,0.0689467
20.0627,0.068951659
20.0659,0.068956619
20.069,0.06896158
20.0721,0.068966543
20.0753,0.068971508
20.0784,0.068976473
20.0815,0.06898144
20.0847,0.06898641
20.0878,0.068991382
20.091,0.068996355
20.0941,0.069001329
20.0972,0.069006303
20.1004,0.069011276
20.1035,0.069016249
20.1066,0.069021221
20.1098,0.069026192
20.1129,0.069031163
20.1161,0.069036132
20.1192,0.069041103
20.1223,0.069046074
20.1255,0.069051045
20.1286,0.069056015
20.1317,0.069060982
20.1349,0.069065948
20.138,0.069070911
20.1412,0.069075873
20.1443,0.069080832
20.1474,0.069085789
20.1506,0.069090745
20.1537,0.069095702
20.1569,0.069100658
20.16,0.069105612
20.1631,0.069110564
20.1663,0.069115514
20.1694,0.069120462
20.1726,0.069125407
20.1757,0.06913035
20.1788,0.069135291
20.182,0.06914023
20.1851,0.069145167
20.1883,0.069150105
20.1914,0.069155042
20.1945,0.069159978
20.1977,0.069164912
20.2008,0.069169844
20.204,0.069174774
20.2071,0.069179702
20.2102,0.069184629
20.2134,0.069189554
20.2165,0.069194478
20.2197,0.0691994
20.2228,0.069204324
20.2259,0.069209248
20.2291,0.069214172
20.2322,0.069219094
20.2354,0.069224016
20.2385,0.069228937
20.2417,0.069233857
20.2448,0.069238776
20.2479,0.069243694
20.2511,0.069248612
20.2542,0.069253529
20.2574,0.069258449
20.2605,0.06926337
20.2637,0.069268291
20.2668,0.069273213
20.2699,0.069278134
20.2731,0.069283056
20.2762,0.069287978
20.2794,0.069292899
20.2825,0.069297821
20.2857,0.069302743
20.2888,0.069307667
20.2919,0.069312594
20.2951,0.069317524
20.2982,0.069322455
20.3014,0.069327388
20.3045,0.069332322
20.3077,0.069337257
20.3108,0.069342193
20.3139,0.069347131
20.3171,0.06935207
20.3202,0.069357012
20.3234,0.069361956
20.3265,0.069366904
20.3297,0.069371857
20.3328,0.069376812
20.336,0.069381769
20.3391,0.069386728
20.3422,0.069391689
20.3454,0.069396653
20.3485,0.069401619
20.3517,0.069406588
20.3548,0.069411559
20.358,0.069416533
20.3611,0.069421513
20.3643,0.069426496
20.3674,0.069431483
20.3706,0.069436473
20.3737,0.069441466
20.3768,0.069446462
20.38,0.069451461
20.3831,0.069456463
20.3863,0.069461469
20.3894,0.069466478
20.3926,0.069471489
20.3957,0.069476507
20.3989,0.069481529
20.402,0.069486555
20.4052,0.069491584
20.4083,0.069496615
20.4115,0.069501649
20.4146,0.069506684
20.4177,0.06951172
20.4209,0.069516758
20.424,0.069521797
20.4272,0.069526837
20.4303,0.069531881
20.4335,0.069536926
20.4366,0.069541972
20.4398,0.069547017
20.4429,0.069552062
20.4461,0.069557104
20.4492,0.069562144
20.4524,0.069567181
20.4555,0.069572216
20.4587,0.069577248
20.4618,0.069582275
20.465,0.069587302
20.4681,0.069592325
20.4713,0.069597344
20.4744,0.069602357
20.4776,0.069607364
20.4807,0.069612365
20.4839,0.069617362
20.487,0.069622353
20.4902,0.06962734
20.4933,0.069632322
20.4965,0.069637301
20.4996,0.069642281
20.5028,0.06964726
20.5059,0.069652239
20.5091,0.069657217
20.5122,0.069662197
20.5154,0.06966718
20.5185,0.069672165
20.5217,0.069677154
20.5248,0.069682148
20.528,0.069687148
20.5311,0.069692155
20.5343,0.069697172
20.5374,0.0697022
20.5406,0.069707237
20.5437,0.069712284
20.5469,0.069717342
20.55,0.069722409
20.5532,0.069727488
20.5563,0.069732577
20.5595,0.069737677
20.5626,0.069742788
20.5658,0.069747911
20.5689,0.069753049
20.5721,0.0697582
20.5752,0.069763362
20.5784,0.069768535
20.5815,0.069773717
20.5847,0.06977891
20.5878,0.069784112
20.591,0.069789323
20.5941,0.069794542
20.5973,0.06979977
20.6004,0.069805005
20.6036,0.069810251
20.6067,0.069815505
20.6099,0.069820764
20.6131,0.069826029
20.6162,0.069831298
20.6194,0.069836571
20.6225,0.069841846
20.6257,0.069847124
20.6288,0.069852404
20.632,0.069857685
20.6351,0.069862967
20.6383,0.069868251
20.6414,0.069873535
20.6446,0.069878819
20.6477,0.0698841
20.6509,0.069889378
20.654,0.069894653
20.6572,0.069899925
20.6604,0.069905193
20.6635,0.069910456
20.6667,0.069915715
20.6698,0.06992097
20.673,0.069926223
20.6761,0.069931473
20.6793,0.069936719
20.6824,0.06994196
20.6856,0.069947195
20.6888,0.069952424
20.6919,0.069957648
20.6951,0.069962865
20.6982,0.069968076
20.7014,0.069973281
20.7045,0.06997848
20.7077,0.069983672
20.7108,0.069988861
20.714,0.069994046
20.7172,0.069999224
20.7203,0.070004395
20.7235,0.070009559
20.7266,0.070014715
20.7298,0.070019864
20.7329,0.070025005
20.7361,0.070030138
20.7392,0.070035264
20.7424,0.070040383
20.7456,0.070045496
20.7487,0.070050604
20.7519,0.070055704
20.755,0.070060796
20.7582,0.070065881
20.7613,0.070070957
20.7645,0.070076025
20.7677,0.070081085
20.7708,0.070086137
20.774,0.070091181
20.7771,0.070096217
20.7803,0.070101249
20.7835,0.070106274
20.7866,0.070111294
20.7898,0.070116306
20.7929,0.070121311
20.7961,0.070126308
20.7992,0.070131299
20.8024,0.070136282
20.8056,0.070141258
20.8087,0.070146227
20.8119,0.070151187
20.815,0.07015614
20.8182,0.070161087
20.8214,0.070166028
20.8245,0.070170962
20.8277,0.070175889
20.8308,0.070180808
20.834,0.070185721
20.8372,0.070190628
20.8403,0.070195529
20.8435,0.070200425
20.8466,0.070205317
20.8498,0.070210204
20.853,0.070215088
20.8561,0.070219967
20.8593,0.070224842
20.8624,0.070229713
20.8656,0.070234581
20.8688,0.070239445
20.8719,0.070244307
20.8751,0.070249165
20.8782,0.070254022
20.8814,0.070258873
20.8845,0.070263721
20.8877,0.070268568
20.8909,0.070273413
20.894,0.070278258
20.8972,0.070283103
20.9003,0.070287947
20.9035,0.070292792
20.9067,0.070297637
20.9098,0.070302482
20.913,0.070307327
20.9161,0.070312173
20.9193,0.070317019
20.9224,0.070321861
20.9256,0.070326703
20.9288,0.070331543
20.9319,0.070336382
20.9351,0.07034122
20.9382,0.070346057
20.9414,0.070350893
20.9446,0.070355728
20.9477,0.070360562
20.9509,0.070365393
20.954,0.070370222
20.9572,0.070375049
20.9603,0.070379873
20.9635,0.070384692
20.9666,0.070389506
20.9698,0.070394317
20.973,0.070399125
20.9761,0.07040393
20.9793,0.070408732
20.9824,0.07041353
20.9856,0.070418324
20.9887,0.070423114
20.9919,0.0704279
20.9951,0.070432682
20.9982,0.070437458
21.0014,0.070442231
21.0045,0.070446998
21.0077,0.070451757
21.0108,0.070456509
21.014,0.070461254
21.0171,0.070465993
21.0203,0.070470727
21.0235,0.070475455
21.0266,0.070480176
21.0298,0.07048489
21.0329,0.070489598
21.0361,0.070494298
21.0392,0.070498991
21.0424,0.070503676
21.0455,0.070508353
21.0487,0.070513022
21.0519,0.07051768
21.055,0.070522329
21.0582,0.070526969
21.0613,0.070531601
21.0645,0.070536227
21.0676,0.070540846
21.0708,0.070545458
21.0739,0.070550063
21.0771,0.070554662
21.0802,0.070559255
21.0834,0.070563842
21.0865,0.070568423
21.0897,0.070572999
21.0929,0.07057757
21.096,0.070582136
21.0992,0.070586693
21.1023,0.070591244
21.1055,0.070595791
21.1086,0.070600333
21.1118,0.070604871
21.1149,0.070609406
21.1181,0.070613937
21.1212,0.070618465
21.1244,0.070622988
21.1275,0.070627508
21.1307,0.070632025
21.1338,0.070636539
21.137,0.070641049
21.1402,0.070645556
21.1433,0.070650059
21.1465,0.07065456
21.1496,0.070659054
21.1528,0.070663544
21.1559,0.07066803
21.1591,0.070672513
21.1622,0.070676994
21.1654,0.070681472
21.1685,0.070685948
21.1717,0.070690423
21.1748,0.070694895
21.178,0.070699364
21.1811,0.070703831
21.1843,0.070708296
21.1874,0.070712758
21.1906,0.070717218
21.1937,0.070721676
21.1969,0.070726131
21.2,0.070730581
21.2032,0.070735027
21.2063,0.070739469
21.2095,0.070743908
21.2126,0.070748344
21.2158,0.070752778
21.2189,0.070757209
21.2221,0.070761637
21.2252,0.070766062
21.2284,0.070770483
21.2315,0.0707749
21.2347,0.070779314
21.2378,0.070783724
21.241,0.070788129
21.2441,0.07079253
21.2473,0.070796926
21.2504,0.070801318
21.2536,0.070805703
21.2567,0.070810081
21.2599,0.070814454
21.263,0.070818823
21.2662,0.070823187
21.2693,0.070827547
21.2725,0.070831903
21.2756,0.070836254
21.2788,0.070840601
21.2819,0.070844943
21.2851,0.070849281
21.2882,0.070853615
21.2914,0.070857944
21.2945,0.070862269
21.2977,0.070866589
21.3008,0.070870905
21.304,0.070875217
21.3071,0.070879522
21.3103,0.070883821
21.3134,0.070888115
21.3166,0.070892406
21.3197,0.070896693
21.3229,0.070900976
21.326,0.070905256
21.3292,0.070909533
21.3323,0.070913805
21.3355,0.070918074
21.3386,0.07092234
21.3418,0.070926602
21.3449,0.070930861
21.3481,0.070935116
21.3512,0.070939368
21.3544,0.070943617
21.3575,0.070947862
21.3607,0.070952105
21.3638,0.070956345
21.367,0.070960579
21.3701,0.070964809
21.3733,0.070969036
21.3764,0.070973261
21.3795,0.070977484
21.3827,0.070981705
21.3858,0.070985924
21.389,0.070990142
21.3921,0.070994358
21.3953,0.070998573
21.3984,0.071002786
21.4016,0.071006999
21.4047,0.07101121
21.4079,0.071015421
21.411,0.07101963
21.4142,0.071023839
21.4173,0.071028047
21.4205,0.071032255
21.4236,0.071036463
21.4268,0.071040671
21.4299,0.071044877
21.4331,0.071049082
21.4362,0.071053287
21.4393,0.071057492
21.4425,0.071061699
21.4456,0.071065908
21.4488,0.071070118
21.4519,0.07107433
21.4551,0.071078544
21.4582,0.07108276
21.4614,0.071086977
21.4645,0.071091197
21.4677,0.071095418
21.4708,0.07109964
21.474,0.071103865
21.4771,0.071108091
21.4802,0.071112319
21.4834,0.071116549
21.4865,0.07112078
21.4897,0.071125013
21.4928,0.071129245
21.496,0.071133476
21.4991,0.071137708
21.5023,0.071141942
21.5054,0.071146177
21.5086,0.071150413
21.5117,0.071154651
21.5148,0.07115889
21.518,0.07116313
21.5211,0.071167371
21.5243,0.071171612
21.5274,0.071175853
21.5306,0.071180096
21.5337,0.071184338
21.5369,0.071188581
21.54,0.071192824
21.5431,0.071197066
21.5463,0.071201308
21.5494,0.071205549
21.5526,0.07120979
21.5557,0.07121403
21.5589,0.071218268
21.562,0.071222503
21.5652,0.071226735
21.5683,0.071230965
21.5714,0.071235194
21.5746,0.071239421
21.5777,0.071243647
21.5809,0.071247873
21.584,0.071252097
21.5872,0.071256319
21.5903,0.07126054
21.5935,0.071264758
21.5966,0.071268974
21.5997,0.071273188
21.6029,0.0712774
21.606,0.07128161
21.6092,0.071285817
21.6123,0.071290021
21.6155,0.071294223
21.6186,0.071298422
21.6217,0.071302618
21.6249,0.071306812
21.628,0.071311002
21.6312,0.07131519
21.6343,0.071319374
21.6375,0.071323553
21.6406,0.071327728
21.6438,0.071331898
21.6469,0.071336066
21.65,0.071340231
21.6532,0.071344393
21.6563,0.071348553
21.6595,0.07135271
21.6626,0.071356864
21.6657,0.071361015
21.6689,0.071365164
21.672,0.071369309
21.6752,0.071373452
21.6783,0.071377591
21.6815,0.071381726
21.6846,0.071385858
21.6877,0.071389987
21.6909,0.071394113
21.694,0.071398235
21.6972,0.071402353
21.7003,0.071406468
21.7035,0.07141058
21.7066,0.071414688
21.7097,0.071418791
21.7129,0.071422891
21.716,0.071426985
21.7192,0.071431072
21.7223,0.071435156
21.7255,0.071439235
21.7286,0.071443311
21.7317,0.071447384
21.7349,0.071451453
21.738,0.071455518
21.7412,0.07145958
21.7443,0.071463638
21.7474,0.071467692
21.7506,0.071471743
21.7537,0.071475789
21.7569,0.071479832
21.76,0.071483871
21.7632,0.071487906
21.7663,0.071491937
21.7694,0.071495964
21.7726,0.071499988
21.7757,0.071504007
21.7789,0.071508022
21.782,0.071512032
21.7851,0.071516039
21.7883,0.071520041
21.7914,0.071524039
21.7946,0.071528034
21.7977,0.071532021
21.8008,0.071536003
21.804,0.071539979
21.8071,0.071543952
21.8103,0.071547922
21.8134,0.071551888
21.8165,0.071555852
21.8197,0.071559812
21.8228,0.071563769
21.826,0.071567723
21.8291,0.071571673
21.8322,0.071575621
21.8354,0.071579566
21.8385,0.071583508
21.8417,0.071587448
21.8448,0.071591386
21.8479,0.071595321
21.8511,0.071599255
21.8542,0.071603187
21.8574,0.071607117
21.8605,0.071611046
21.8637,0.071614973
21.8668,0.071618899
21.8699,0.071622825
21.8731,0.07162675
21.8762,0.071630674
21.8794,0.071634599
21.8825,0.071638523
21.8856,0.071642447
21.8888,0.071646369
21.8919,0.07165029
21.895,0.071654211
21.8982,0.071658133
21.9013,0.071662056
21.9045,0.071665982
21.9076,0.07166991
21.9107,0.071673839
21.9139,0.071677771
21.917,0.071681706
21.9202,0.071685642
21.9233,0.071689581
21.9264,0.071693523
21.9296,0.071697467
21.9327,0.071701414
21.9359,0.071705364
21.939,0.071709316
21.9421,0.071713272
21.9453,0.071717231
21.9484,0.071721193
21.9516,0.071725159
21.9547,0.071729128
21.9578,0.071733102
21.961,0.071737081
21.9641,0.071741064
21.9672,0.071745052
21.9704,0.071749046
21.9735,0.071753046
21.9767,0.071757051
21.9798,0.071761061
21.9829,0.071765077
21.9861,0.071769096
21.9892,0.071773119
21.9924,0.071777146
21.9955,0.071781178
21.9986,0.071785214
22.0018,0.071789254
22.0049,0.071793297
22.008,0.071797342
22.0112,0.071801389
22.0143,0.071805436
22.0175,0.071809482
22.0206,0.071813526
22.0237,0.071817568
22.0269,0.071821607
22.03,0.071825641
22.0331,0.071829669
22.0363,0.071833692
22.0394,0.071837707
22.0426,0.071841714
22.0457,0.071845713
22.0488,0.071849703
22.052,0.071853683
22.0551,0.071857654
22.0582,0.071861614
22.0614,0.071865563
22.0645,0.0718695
22.0677,0.071873426
22.0708,0.07187734
22.0739,0.071881243
22.0771,0.071885133
22.0802,0.071889012
22.0834,0.071892879
22.0865,0.071896735
22.0896,0.071900579
22.0928,0.071904409
22.0959,0.071908226
22.099,0.071912032
22.1022,0.071915827
22.1053,0.071919612
22.1084,0.071923389
22.1116,0.071927156
22.1147,0.071930915
22.1179,0.071934666
22.121,0.071938408
22.1241,0.071942143
22.1273,0.07194587
22.1304,0.07194959
22.1335,0.071953303
22.1367,0.07195701
22.1398,0.071960711
22.1429,0.071964406
22.1461,0.071968096
22.1492,0.07197178
22.1524,0.07197546
22.1555,0.071979135
22.1586,0.071982806
22.1618,0.071986472
22.1649,0.071990135
22.168,0.071993795
22.1712,0.071997451
22.1743,0.072001105
22.1775,0.072004755
22.1806,0.072008402
22.1837,0.072012047
22.1869,0.072015688
22.19,0.072019328
22.1931,0.072022965
22.1963,0.072026599
22.1994,0.072030232
22.2025,0.072033862
22.2057,0.07203749
22.2088,0.072041116
22.212,0.072044736
22.2151,0.072048353
22.2182,0.072051968
22.2214,0.07205558
22.2245,0.072059191
22.2276,0.0720628
22.2308,0.072066407
22.2339,0.072070013
22.237,0.072073617
22.2402,0.072077219
22.2433,0.072080819
22.2464,0.072084416
22.2496,0.072088011
22.2527,0.072091604
22.2558,0.072095195
22.259,0.072098783
22.2621,0.072102368
22.2653,0.072105951
22.2684,0.072109532
22.2715,0.072113109
22.2747,0.072116684
22.2778,0.072120256
22.2809,0.072123826
22.2841,0.072127393
22.2872,0.072130957
22.2903,0.072134518
22.2935,0.072138076
22.2966,0.072141631
22.2997,0.072145184
22.3029,0.072148733
22.306,0.072152279
22.3091,0.072155822
22.3123,0.072159362
22.3154,0.072162899
22.3186,0.072166433
22.3217,0.072169964
22.3248,0.072173491
22.328,0.072177016
22.3311,0.072180537
22.3342,0.072184055
22.3374,0.072187571
22.3405,0.072191083
22.3436,0.07219459
22.3468,0.072198092
22.3499,0.072201591
22.353,0.072205087
22.3562,0.072208581
22.3593,0.072212073
22.3624,0.072215563
22.3656,0.072219052
22.3687,0.072222539
22.3718,0.072226024
22.375,0.072229507
22.3781,0.072232989
22.3812,0.072236469
22.3844,0.072239948
22.3875,0.072243426
22.3906,0.072246903
22.3938,0.072250379
22.3969,0.072253854
22.4,0.072257328
22.4032,0.072260802
22.4063,0.072264276
22.4094,0.072267749
22.4126,0.072271221
22.4157,0.072274694
22.4188,0.072278166
22.422,0.072281639
22.4251,0.072285111
22.4282,0.072288584
22.4314,0.072292057
22.4345,0.072295529
22.4377,0.072299003
22.4408,0.072302477
22.4439,0.07230595
22.4471,0.072309425
22.4502,0.0723129
22.4533,0.072316375
22.4565,0.072319851
22.4596,0.072323327
22.4627,0.072326804
22.4659,0.072330281
22.469,0.072333759
22.4721,0.072337237
22.4753,0.072340716
22.4784,0.072344195
22.4815,0.072347675
22.4847,0.072351156
22.4878,0.072354636
22.4909,0.072358118
22.4941,0.072361597
22.4972,0.072365075
22.5003,0.072368552
22.5035,0.072372031
22.5066,0.07237551
22.5097,0.07237899
22.5129,0.072382471
22.516,0.072385954
22.5191,0.072389437
22.5223,0.072392921
22.5254,0.072396405
22.5285,0.072399891
22.5317,0.072403376
22.5348,0.072406862
22.5379,0.072410349
22.5411,0.072413835
22.5442,0.072417323
22.5473,0.072420811
22.5505,0.072424299
22.5536,0.072427786
22.5567,0.072431274
22.5598,0.072434762
22.563,0.07243825
22.5661,0.072441738
22.5692,0.072445226
22.5724,0.072448714
22.5755,0.072452202
22.5786,0.072455689
22.5818,0.072459177
22.5849,0.072462664
22.588,0.072466151
22.5912,0.072469637
22.5943,0.072473122
22.5974,0.072476607
22.6006,0.072480092
22.6037,0.072483576
22.6068,0.07248706
22.61,0.072490543
22.6131,0.072494025
22.6162,0.072497506
22.6194,0.072500986
22.6225,0.072504464
22.6256,0.072507941
22.6288,0.072511416
22.6319,0.07251489
22.635,0.072518361
22.6382,0.07252183
22.6413,0.072525297
22.6444,0.072528761
22.6476,0.072532221
22.6507,0.072535679
22.6538,0.072539133
22.657,0.072542585
22.6601,0.072546032
22.6632,0.072549474
22.6664,0.072552909
22.6695,0.07255634
22.6726,0.072559767
22.6758,0.072563191
22.6789,0.07256661
22.682,0.072570026
22.6851,0.072573438
22.6883,0.072576845
22.6914,0.072580249
22.6945,0.072583648
22.6977,0.072587044
22.7008,0.072590434
22.7039,0.072593821
22.7071,0.072597202
22.7102,0.072600579
22.7133,0.072603952
22.7165,0.07260732
22.7196,0.072610683
22.7227,0.072614042
22.7259,0.072617396
22.729,0.072620745
22.7321,0.07262409
22.7352,0.07262743
22.7384,0.072630765
22.7415,0.072634096
22.7446,0.072637423
22.7478,0.072640745
22.7509,0.072644063
22.754,0.072647377
22.7572,0.072650688
22.7603,0.072653993
22.7634,0.072657296
22.7666,0.072660594
22.7697,0.072663888
22.7728,0.072667179
22.776,0.072670467
22.7791,0.072673751
22.7822,0.072677032
22.7853,0.07268031
22.7885,0.072683585
22.7916,0.072686857
22.7947,0.072690125
22.7979,0.07269339
22.801,0.072696652
22.8041,0.072699911
22.8073,0.072703167
22.8104,0.07270642
22.8135,0.07270967
22.8167,0.072712917
22.8198,0.072716161
22.8229,0.072719402
22.8261,0.07272264
22.8292,0.072725874
22.8323,0.072729105
22.8355,0.072732333
22.8386,0.072735558
22.8417,0.07273878
22.8448,0.072741999
22.848,0.072745215
22.8511,0.072748427
22.8542,0.072751636
22.8574,0.072754842
22.8605,0.072758044
22.8636,0.072761243
22.8668,0.072764438
22.8699,0.072767629
22.873,0.072770817
22.8762,0.072774002
22.8793,0.072777182
22.8824,0.072780358
22.8856,0.072783526
22.8887,0.072786689
22.8918,0.072789846
22.8949,0.072792999
22.8981,0.072796149
22.9012,0.072799294
22.9043,0.072802436
22.9075,0.072805574
22.9106,0.072808708
22.9137,0.072811837
22.9169,0.072814961
22.92,0.072818081
22.9231,0.072821196
22.9262,0.072824307
22.9294,0.072827412
22.9325,0.072830513
22.9356,0.07283361
22.9388,0.072836701
22.9419,0.072839788
22.945,0.07284287
22.9482,0.072845947
22.9513,0.072849019
22.9544,0.072852085
22.9575,0.072855146
22.9607,0.072858202
22.9638,0.072861253
22.9669,0.072864299
22.9701,0.072867339
22.9732,0.072870374
22.9763,0.072873404
22.9795,0.072876429
22.9826,0.072879448
22.9857,0.072882462
22.9888,0.072885472
22.992,0.072888476
22.9951,0.072891475
22.9982,0.072894469
23.0014,0.072897459
23.0045,0.072900444
23.0076,0.072903424
23.0108,0.072906399
23.0139,0.07290937
23.017,0.072912335
23.0201,0.072915297
23.0233,0.072918255
23.0264,0.072921208
23.0295,0.072924158
23.0327,0.072927103
23.0358,0.072930045
23.0389,0.072932982
23.0421,0.072935916
23.0452,0.072938846
23.0483,0.072941773
23.0514,0.072944697
23.0546,0.072947617
23.0577,0.072950534
23.0608,0.072953448
23.064,0.072956359
23.0671,0.072959266
23.0702,0.072962171
23.0734,0.072965074
23.0765,0.072967973
23.0796,0.07297087
23.0827,0.072973765
23.0859,0.072976657
23.089,0.072979548
23.0921,0.072982436
23.0953,0.072985322
23.0984,0.072988206
23.1015,0.072991089
23.1047,0.072993969
23.1078,0.072996848
23.1109,0.072999725
23.114,0.0730026
23.1172,0.073005474
23.1203,0.073008347
23.1234,0.073011219
23.1266,0.073014089
23.1297,0.073016958
23.1328,0.073019825
23.136,0.073022691
23.1391,0.073025556
23.1422,0.073028419
23.1453,0.073031281
23.1485,0.073034143
23.1516,0.073037003
23.1547,0.073039862
23.1579,0.073042719
23.161,0.073045573
23.1641,0.073048423
23.1672,0.073051272
23.1704,0.073054119
23.1735,0.073056966
23.1766,0.073059812
23.1798,0.073062658
23.1829,0.073065503
23.186,0.073068347
23.1891,0.07307119
23.1923,0.073074032
23.1954,0.073076873
23.1985,0.073079712
23.2017,0.07308255
23.2048,0.073085386
23.2079,0.073088221
23.211,0.073091054
23.2142,0.073093885
23.2173,0.073096715
23.2204,0.073099542
23.2236,0.073102367
23.2267,0.07310519
23.2298,0.073108011
23.2329,0.073110829
23.2361,0.073113645
23.2392,0.073116458
23.2423,0.073119269
23.2455,0.073122077
23.2486,0.073124882
23.2517,0.073127685
23.2548,0.073130485
23.258,0.073133282
23.2611,0.073136076
23.2642,0.073138868
23.2674,0.073141656
23.2705,0.073144442
23.2736,0.073147224
23.2767,0.073150004
23.2799,0.07315278
23.283,0.073155553
23.2861,0.073158323
23.2893,0.07316109
23.2924,0.073163854
23.2955,0.073166615
23.2986,0.073169373
23.3018,0.073172128
23.3049,0.07317488
23.308,0.07317763
23.3112,0.073180376
23.3143,0.07318312
23.3174,0.073185861
23.3205,0.073188599
23.3237,0.073191335
23.3268,0.073194068
23.3299,0.0731968
23.3331,0.073199528
23.3362,0.073202255
23.3393,0.073204981
23.3424,0.073207704
23.3456,0.073210425
23.3487,0.073213144
23.3518,0.073215862
23.355,0.073218579
23.3581,0.073221293
23.3612,0.073224006
23.3643,0.073226718
23.3675,0.073229428
23.3706,0.073232138
23.3737,0.073234846
23.3769,0.073237552
23.38,0.073240258
23.3831,0.073242963
23.3862,0.073245668
23.3894,0.073248371
23.3925,0.073251074
23.3956,0.073253777
23.3988,0.073256478
23.4019,0.07325918
23.405,0.07326188
23.4081,0.07326458
23.4113,0.07326728
23.4144,0.073269978
23.4175,0.073272676
23.4207,0.073275373
23.4238,0.07327807
23.4269,0.073280766
23.43,0.073283461
23.4332,0.073286155
23.4363,0.073288849
23.4394,0.073291541
23.4426,0.073294232
23.4457,0.073296921
23.4488,0.073299609
23.4519,0.073302295
23.4551,0.07330498
23.4582,0.073307662
23.4613,0.073310343
23.4645,0.073313022
23.4676,0.073315698
23.4707,0.073318372
23.4738,0.073321044
23.477,0.073323713
23.4801,0.073326379
23.4832,0.073329043
23.4864,0.073331703
23.4895,0.07333436
23.4926,0.073337014
23.4957,0.073339664
23.4989,0.073342312
23.502,0.073344955
23.5051,0.073347595
23.5083,0.073350231
23.5114,0.073352864
23.5145,0.073355492
23.5176,0.073358117
23.5208,0.073360737
23.5239,0.073363354
23.527,0.073365966
23.5302,0.073368575
23.5333,0.073371179
23.5364,0.073373778
23.5395,0.073376371
23.5427,0.073378956
23.5458,0.073381537
23.5489,0.073384114
23.552,0.073386686
23.5552,0.073389255
23.5583,0.07339182
23.5614,0.07339438
23.5646,0.073396937
23.5677,0.073399489
23.5708,0.073402038
23.5739,0.073404581
23.5771,0.07340712
23.5802,0.073409655
23.5833,0.073412185
23.5864,0.073414711
23.5896,0.073417232
23.5927,0.073419748
23.5958,0.07342226
23.599,0.073424768
23.6021,0.073427271
23.6052,0.073429769
23.6083,0.073432263
23.6115,0.073434752
23.6146,0.073437237
23.6177,0.073439717
23.6208,0.073442194
23.624,0.073444666
23.6271,0.073447134
23.6302,0.073449597
23.6334,0.073452057
23.6365,0.073454513
23.6396,0.073456964
23.6427,0.073459412
23.6459,0.073461856
23.649,0.073464297
23.6521,0.073466734
23.6552,0.073469167
23.6584,0.073471597
23.6615,0.073474024
23.6646,0.073476448
23.6678,0.073478869
23.6709,0.073481287
23.674,0.073483701
23.6771,0.073486113
23.6803,0.073488522
23.6834,0.073490928
23.6865,0.073493331
23.6896,0.073495732
23.6928,0.07349813
23.6959,0.073500526
23.699,0.073502919
23.7021,0.07350531
23.7053,0.073507698
23.7084,0.073510084
23.7115,0.073512468
23.7147,0.07351485
23.7178,0.07351723
23.7209,0.073519608
23.724,0.073521984
23.7272,0.073524358
23.7303,0.07352673
23.7334,0.0735291
23.7365,0.073531468
23.7397,0.073533835
23.7428,0.073536199
23.7459,0.073538562
23.7491,0.073540922
23.7522,0.073543281
23.7553,0.073545639
23.7584,0.073547994
23.7616,0.073550347
23.7647,0.073552699
23.7678,0.073555049
23.7709,0.073557396
23.7741,0.073559742
23.7772,0.073562086
23.7803,0.073564428
23.7835,0.073566768
23.7866,0.073569106
23.7897,0.073571443
23.7928,0.073573777
23.796,0.073576109
23.7991,0.07357844
23.8022,0.073580768
23.8053,0.073583094
23.8085,0.073585418
23.8116,0.073587741
23.8147,0.073590061
23.8178,0.073592379
23.821,0.073594696
23.8241,0.07359701
23.8272,0.073599323
23.8304,0.073601633
23.8335,0.073603942
23.8366,0.073606248
23.8397,0.073608552
23.8429,0.073610855
23.846,0.073613156
23.8491,0.073615455
23.8522,0.073617753
23.8554,0.073620049
23.8585,0.073622343
23.8616,0.073624635
23.8648,0.073626926
23.8679,0.073629215
23.871,0.073631503
23.8741,0.07363379
23.8773,0.073636074
23.8804,0.073638358
23.8835,0.07364064
23.8866,0.073642921
23.8898,0.073645201
23.8929,0.073647479
23.896,0.073649756
23.8992,0.073652033
23.9023,0.073654308
23.9054,0.073656582
23.9085,0.073658856
23.9117,0.073661129
23.9148,0.073663401
23.9179,0.073665672
23.921,0.073667943
23.9242,0.073670213
23.9273,0.073672482
23.9304,0.073674751
23.9335,0.073677019
23.9367,0.073679286
23.9398,0.073681553
23.9429,0.07368382
23.9461,0.073686087
23.9492,0.073688353
23.9523,0.073690619
23.9554,0.073692884
23.9586,0.073695149
23.9617,0.073697413
23.9648,0.073699677
23.9679,0.07370194
23.9711,0.073704203
23.9742,0.073706465
23.9773,0.073708728
23.9805,0.073710989
23.9836,0.07371325
23.9867,0.07371551
23.9898,0.07371777
23.993,0.073720029
23.9961,0.073722287
23.9992,0.073724545
24.0023,0.073726802
24.0055,0.073729058
24.0086,0.073731313
24.0117,0.073733567
24.0149,0.073735821
24.018,0.073738073
24.0211,0.073740324
24.0242,0.073742575
24.0274,0.073744824
24.0305,0.073747073
24.0336,0.073749321
24.0367,0.073751567
24.0399,0.073753813
24.043,0.073756058
24.0461,0.073758302
24.0492,0.073760544
24.0524,0.073762786
24.0555,0.073765027
24.0586,0.073767267
24.0618,0.073769505
24.0649,0.073771744
24.068,0.073773981
24.0711,0.073776217
24.0743,0.073778453
24.0774,0.073780687
24.0805,0.073782921
24.0836,0.073785154
24.0868,0.073787385
24.0899,0.073789616
24.093,0.073791846
24.0962,0.073794075
24.0993,0.073796302
24.1024,0.073798529
24.1055,0.073800754
24.1087,0.073802979
24.1118,0.073805202
24.1149,0.073807424
24.118,0.073809644
24.1212,0.073811864
24.1243,0.073814083
24.1274,0.0738163
24.1306,0.073818516
24.1337,0.073820731
24.1368,0.073822945
24.1399,0.073825158
24.1431,0.073827369
24.1462,0.07382958
24.1493,0.073831788
24.1524,0.073833996
24.1556,0.073836202
24.1587,0.073838407
24.1618,0.07384061
24.1649,0.073842811
24.1681,0.073845011
24.1712,0.07384721
24.1743,0.073849406
24.1775,0.073851601
24.1806,0.073853794
24.1837,0.073855985
24.1868,0.073858175
24.19,0.073860362
24.1931,0.073862547
24.1962,0.073864731
24.1993,0.073866912
24.2025,0.073869091
24.2056,0.073871268
24.2087,0.073873442
24.2119,0.073875614
24.215,0.073877784
24.2181,0.073879952
24.2212,0.073882118
24.2244,0.073884281
24.2275,0.073886443
24.2306,0.073888602
24.2337,0.073890759
24.2369,0.073892914
24.24,0.073895067
24.2431,0.073897219
24.2463,0.073899368
24.2494,0.073901516
24.2525,0.073903661
24.2556,0.073905806
24.2588,0.073907949
24.2619,0.073910091
24.265,0.073912228
24.2681,0.073914363
24.2713,0.073916496
24.2744,0.073918628
24.2775,0.07392076
24.2806,0.073922893
24.2838,0.073925025
24.2869,0.073927159
24.29,0.073929292
24.2931,0.073931426
24.2963,0.07393356
24.2994,0.073935695
24.3025,0.07393783
24.3056,0.073939966
24.3088,0.073942103
24.3119,0.07394424
24.315,0.073946379
24.3181,0.073948518
24.3213,0.073950659
24.3244,0.0739528
24.3275,0.073954943
24.3306,0.073957087
24.3338,0.073959232
24.3369,0.073961379
24.34,0.073963527
24.3431,0.073965677
24.3463,0.073967828
24.3494,0.073969981
24.3525,0.073972136
24.3556,0.073974292
24.3588,0.073976451
24.3619,0.073978612
24.365,0.073980775
24.3681,0.07398294
24.3713,0.073985107
24.3744,0.073987277
24.3775,0.073989449
24.3806,0.073991623
24.3838,0.0739938
24.3869,0.07399598
24.39,0.073998162
24.3932,0.074000346
24.3963,0.074002533
24.3994,0.074004722
24.4025,0.074006913
24.4057,0.074009107
24.4088,0.074011302
24.4119,0.074013499
24.415,0.074015698
24.4182,0.074017899
24.4213,0.0740201
24.4244,0.074022303
24.4275,0.074024506
24.4307,0.07402671
24.4338,0.074028914
24.4369,0.074031118
24.44,0.074033322
24.4432,0.074035525
24.4463,0.074037727
24.4494,0.074039929
24.4525,0.074042129
24.4557,0.074044328
24.4588,0.074046526
24.4619,0.074048721
24.465,0.074050915
24.4682,0.074053106
24.4713,0.074055295
24.4744,0.074057481
24.4775,0.074059665
24.4807,0.074061846
24.4838,0.074064024
24.4869,0.074066199
24.49,0.074068371
24.4932,0.07407054
24.4963,0.074072705
24.4994,0.074074868
24.5025,0.074077026
24.5057,0.074079181
24.5088,0.074081332
24.5119,0.074083479
24.515,0.074085622
24.5182,0.074087761
24.5213,0.074089896
24.5244,0.074092027
24.5275,0.074094154
24.5307,0.074096277
24.5338,0.074098396
24.5369,0.074100512
24.54,0.074102624
24.5432,0.074104732
24.5463,0.074106837
24.5494,0.074108939
24.5525,0.074111037
24.5557,0.074113132
24.5588,0.074115224
24.5619,0.074117312
24.565,0.074119398
24.5682,0.07412148
24.5713,0.07412356
24.5744,0.074125637
24.5775,0.074127712
24.5807,0.074129785
24.5838,0.074131855
24.5869,0.074133923
24.59,0.074135989
24.5932,0.074138052
24.5963,0.074140113
24.5994,0.074142171
24.6025,0.074144227
24.6057,0.074146281
24.6088,0.074148331
24.6119,0.074150379
24.6151,0.074152424
24.6182,0.074154465
24.6213,0.074156504
24.6244,0.074158539
24.6276,0.074160571
24.6307,0.0741626
24.6338,0.074164627
24.6369,0.07416665
24.6401,0.074168672
24.6432,0.074170691
24.6463,0.074172709
24.6494,0.074174725
24.6526,0.07417674
24.6557,0.074178754
24.6588,0.074180767
24.6619,0.07418278
24.6651,0.074184792
24.6682,0.074186803
24.6713,0.074188813
24.6744,0.074190823
24.6776,0.074192831
24.6807,0.074194838
24.6838,0.074196845
24.6869,0.07419885
24.6901,0.074200855
24.6932,0.074202858
24.6963,0.07420486
24.6994,0.074206861
24.7026,0.074208862
24.7057,0.074210862
24.7088,0.074212861
24.7119,0.07421486
24.7151,0.074216858
24.7182,0.074218856
24.7213,0.074220853
24.7244,0.07422285
24.7276,0.074224846
24.7307,0.074226842
24.7338,0.074228837
24.7369,0.074230831
24.7401,0.074232825
24.7432,0.074234817
24.7463,0.074236809
24.7494,0.0742388
24.7526,0.07424079
24.7557,0.074242779
24.7588,0.074244767
24.7619,0.074246755
24.7651,0.074248741
24.7682,0.074250726
24.7713,0.074252711
24.7744,0.074254695
24.7776,0.074256678
24.7807,0.074258661
24.7838,0.074260643
24.7869,0.074262624
24.7901,0.074264604
24.7932,0.074266583
24.7963,0.074268562
24.7994,0.074270539
24.8026,0.074272516
24.8057,0.074274492
24.8088,0.074276467
24.8119,0.074278442
24.8151,0.074280415
24.8182,0.074282388
24.8213,0.07428436
24.8244,0.074286331
24.8276,0.074288303
24.8307,0.074290273
24.8338,0.074292243
24.8369,0.074294213
24.8401,0.074296182
24.8432,0.07429815
24.8463,0.074300118
24.8495,0.074302085
24.8526,0.074304052
24.8557,0.074306017
24.8588,0.074307982
24.862,0.074309947
24.8651,0.074311911
24.8682,0.074313875
24.8713,0.074315839
24.8745,0.074317802
24.8776,0.074319765
24.8807,0.074321727
24.8838,0.074323689
24.887,0.074325651
24.8901,0.074327612
24.8932,0.074329572
24.8963,0.074331531
24.8995,0.07433349
24.9026,0.074335448
24.9057,0.074337405
24.9088,0.074339362
24.912,0.074341318
24.9151,0.074343273
24.9182,0.074345228
24.9213,0.074347183
24.9245,0.074349138
24.9276,0.074351093
24.9307,0.074353048
24.9338,0.074355003
24.937,0.074356958
24.9401,0.074358912
24.9432,0.074360867
24.9463,0.074362821
24.9495,0.074364775
24.9526,0.07436673
24.9557,0.074368684
24.9588,0.074370638
24.962,0.074372592
24.9651,0.074374547
24.9682,0.074376501
24.9713,0.074378455
24.9745,0.07438041
24.9776,0.074382365
24.9807,0.07438432
24.9838,0.074386275
24.987,0.07438823
24.9901,0.074390185
24.9932,0.074392141
24.9963,0.074394097
24.9995,0.074396053
25.0026,0.07439801
25.0057,0.074399967
25.0088,0.074401924
25.012,0.074403882
25.0151,0.07440584
25.0182,0.074407799
25.0213,0.074409759
25.0245,0.074411719
25.0276,0.07441368
25.0307,0.074415641
25.0338,0.074417603
25.037,0.074419565
25.0401,0.074421528
25.0432,0.074423492
25.0463,0.074425456
25.0495,0.074427421
25.0526,0.074429387
25.0557,0.074431353
25.0588,0.07443332
25.062,0.074435287
25.0651,0.074437256
25.0682,0.074439225
25.0713,0.074441194
25.0745,0.074443165
25.0776,0.074445136
25.0807,0.074447108
25.0839,0.074449081
25.087,0.074451054
25.0901,0.074453029
25.0932,0.074455004
25.0964,0.074456979
25.0995,0.074458955
25.1026,0.074460932
25.1057,0.07446291
25.1089,0.074464888
25.112,0.074466867
25.1151,0.074468846
25.1182,0.074470826
25.1214,0.074472806
25.1245,0.074474787
25.1276,0.074476768
25.1307,0.07447875
25.1339,0.074480732
25.137,0.074482715
25.1401,0.074484699
25.1432,0.074486682
25.1464,0.074488666
25.1495,0.074490651
25.1526,0.074492636
25.1557,0.074494622
25.1589,0.07449661
25.162,0.074498597
25.1651,0.074500586
25.1682,0.074502576
25.1714,0.074504567
25.1745,0.074506559
25.1776,0.074508551
25.1807,0.074510544
25.1839,0.074512538
25.187,0.074514533
25.1901,0.074516528
25.1932,0.074518525
25.1964,0.074520523
25.1995,0.074522521
25.2026,0.074524521
25.2057,0.074526521
25.2089,0.074528523
25.212,0.074530526
25.2151,0.07453253
25.2182,0.074534534
25.2214,0.07453654
25.2245,0.074538546
25.2276,0.074540554
25.2307,0.074542562
25.2339,0.074544571
25.237,0.074546582
25.2401,0.074548593
25.2432,0.074550605
25.2464,0.074552618
25.2495,0.074554632
25.2526,0.074556647
25.2557,0.074558663
25.2589,0.074560681
25.262,0.074562699
25.2651,0.074564718
25.2682,0.074566738
25.2714,0.074568759
25.2745,0.074570781
25.2776,0.074572804
25.2807,0.074574828
25.2839,0.074576853
25.287,0.074578879
25.2901,0.074580906
25.2932,0.074582934
25.2964,0.074584963
25.2995,0.074586993
25.3026,0.074589024
25.3057,0.074591057
25.3089,0.07459309
25.312,0.074595125
25.3151,0.07459716
25.3183,0.074599197
25.3214,0.074601234
25.3245,0.074603273
25.3276,0.074605313
25.3308,0.074607354
25.3339,0.074609395
25.337,0.074611439
25.3401,0.074613483
25.3433,0.074615528
25.3464,0.074617574
25.3495,0.074619621
25.3526,0.074621669
25.3558,0.074623719
25.3589,0.074625769
25.362,0.07462782
25.3651,0.074629872
25.3683,0.074631926
25.3714,0.07463398
25.3745,0.074636034
25.3776,0.07463809
25.3808,0.074640146
25.3839,0.074642204
25.387,0.074644262
25.3901,0.074646321
25.3933,0.07464838
25.3964,0.074650441
25.3995,0.074652502
25.4026,0.074654564
25.4058,0.074656626
25.4089,0.074658689
25.412,0.074660752
25.4151,0.074662816
25.4183,0.074664881
25.4214,0.074666947
25.4245,0.074669013
25.4276,0.07467108
25.4308,0.074673147
25.4339,0.074675215
25.437,0.074677283
25.4401,0.074679352
25.4433,0.074681421
25.4464,0.07468349
25.4495,0.07468556
25.4526,0.07468763
25.4558,0.074689701
25.4589,0.074691772
25.462,0.074693843
25.4651,0.074695914
25.4683,0.074697985
25.4714,0.074700057
25.4745,0.074702128
25.4776,0.0747042
25.4808,0.074706271
25.4839,0.074708342
25.487,0.074710413
25.4901,0.074712483
25.4933,0.074714554
25.4964,0.074716624
25.4995,0.074718693
25.5026,0.074720762
25.5058,0.074722832
25.5089,0.074724902
25.512,0.074726972
25.5151,0.074729042
25.5183,0.074731113
25.5214,0.074733184
25.5245,0.074735255
25.5276,0.074737326
25.5308,0.074739397
25.5339,0.074741468
25.537,0.074743539
25.5401,0.07474561
25.5433,0.074747681
25.5464,0.074749752
25.5495,0.074751823
25.5527,0.074753894
25.5558,0.074755965
25.5589,0.074758036
25.562,0.074760107
25.5652,0.074762177
25.5683,0.074764248
25.5714,0.074766319
25.5745,0.074768389
25.5777,0.074770459
25.5808,0.07477253
25.5839,0.0747746
25.587,0.074776671
25.5902,0.074778741
25.5933,0.074780812
25.5964,0.074782883
25.5995,0.074784954
25.6027,0.074787026
25.6058,0.074789098
25.6089,0.074791171
25.612,0.074793244
25.6152,0.074795317
25.6183,0.074797392
25.6214,0.074799466
25.6245,0.074801541
25.6277,0.074803616
25.6308,0.074805692
25.6339,0.074807768
25.637,0.074809844
25.6402,0.07481192
25.6433,0.074813996
25.6464,0.074816073
25.6495,0.074818149
25.6527,0.074820226
25.6558,0.074822304
25.6589,0.074824382
25.662,0.074826461
25.6652,0.07482854
25.6683,0.07483062
25.6714,0.074832701
25.6745,0.074834783
25.6777,0.074836865
25.6808,0.074838949
25.6839,0.074841032
25.687,0.074843117
25.6902,0.074845201
25.6933,0.074847287
25.6964,0.074849373
25.6995,0.074851461
25.7027,0.074853549
25.7058,0.074855638
25.7089,0.074857728
25.712,0.074859818
25.7152,0.07486191
25.7183,0.074864002
25.7214,0.074866094
25.7245,0.074868188
25.7277,0.074870281
25.7308,0.074872376
25.7339,0.074874471
25.737,0.074876566
25.7402,0.074878662
25.7433,0.074880759
25.7464,0.074882856
25.7495,0.074884953
25.7527,0.074887051
25.7558,0.07488915
25.7589,0.074891249
25.762,0.074893349
25.7652,0.07489545
25.7683,0.074897552
25.7714,0.074899653
25.7745,0.074901756
25.7777,0.074903859
25.7808,0.074905963
25.7839,0.074908067
25.7871,0.074910172
25.7902,0.074912277
25.7933,0.074914384
25.7964,0.074916491
25.7996,0.074918598
25.8027,0.074920706
25.8058,0.074922815
25.8089,0.074924925
25.8121,0.074927035
25.8152,0.074929146
25.8183,0.074931258
25.8214,0.07493337
25.8246,0.074935483
25.8277,0.074937597
25.8308,0.074939712
25.8339,0.074941827
25.8371,0.074943942
25.8402,0.074946059
25.8433,0.074948176
25.8464,0.074950294
25.8496,0.074952412
25.8527,0.074954531
25.8558,0.074956651
25.8589,0.074958771
25.8621,0.074960893
25.8652,0.074963015
25.8683,0.074965137
25.8714,0.074967261
25.8746,0.074969385
25.8777,0.074971509
25.8808,0.074973635
25.8839,0.074975761
25.8871,0.074977888
25.8902,0.074980015
25.8933,0.074982144
25.8964,0.074984273
25.8996,0.074986403
25.9027,0.074988534
25.9058,0.074990665
25.9089,0.074992797
25.9121,0.074994931
25.9152,0.074997064
25.9183,0.074999199
25.9214,0.075001334
25.9246,0.07500347
25.9277,0.075005606
25.9308,0.075007743
25.9339,0.075009881
25.9371,0.075012019
25.9402,0.075014158
25.9433,0.075016297
25.9464,0.075018437
25.9496,0.075020578
25.9527,0.075022719
25.9558,0.075024861
25.9589,0.075027003
25.9621,0.075029146
25.9652,0.07503129
25.9683,0.075033434
25.9714,0.075035579
25.9746,0.075037724
25.9777,0.075039871
25.9808,0.075042019
25.9839,0.075044167
25.9871,0.075046316
25.9902,0.075048466
25.9933,0.075050616
25.9964,0.075052767
25.9996,0.075054919
26.0027,0.075057071
26.0058,0.075059224
26.0089,0.075061378
26.0121,0.075063532
26.0152,0.075065686
26.0183,0.075067841
26.0215,0.075069996
26.0246,0.075072153
26.0277,0.075074309
26.0308,0.075076466
26.034,0.075078623
26.0371,0.075080781
26.0402,0.07508294
26.0433,0.075085099
26.0465,0.075087258
26.0496,0.075089418
26.0527,0.075091578
26.0558,0.075093739
26.059,0.0750959
26.0621,0.075098062
26.0652,0.075100224
26.0683,0.075102387
26.0715,0.075104551
26.0746,0.075106715
26.0777,0.075108879
26.0808,0.075111044
26.084,0.07511321
26.0871,0.075115375
26.0902,0.075117541
26.0933,0.075119707
26.0965,0.075121873
26.0996,0.07512404
26.1027,0.075126207
26.1058,0.075128374
26.109,0.075130542
26.1121,0.07513271
26.1152,0.075134879
26.1183,0.075137048
26.1215,0.075139218
26.1246,0.075141388
26.1277,0.075143559
26.1308,0.075145731
26.134,0.075147904
26.1371,0.075150077
26.1402,0.07515225
26.1433,0.075154424
26.1465,0.075156598
26.1496,0.075158773
26.1527,0.075160949
26.1558,0.075163124
26.159,0.075165301
26.1621,0.075167479
26.1652,0.075169657
26.1683,0.075171835
26.1715,0.075174013
26.1746,0.075176193
26.1777,0.075178373
26.1808,0.075180553
26.184,0.075182733
26.1871,0.075184914
26.1902,0.075187096
26.1933,0.075189279
26.1965,0.075191462
26.1996,0.075193646
26.2027,0.07519583
26.2058,0.075198015
26.209,0.0752002
26.2121,0.075202386
26.2152,0.075204573
26.2183,0.07520676
26.2215,0.075208949
26.2246,0.075211137
26.2277,0.075213326
26.2308,0.075215516
26.234,0.075217706
26.2371,0.075219897
26.2402,0.075222088
26.2433,0.07522428
26.2465,0.075226472
26.2496,0.075228665
26.2527,0.075230859
26.2559,0.075233053
26.259,0.075235248
26.2621,0.075237444
26.2652,0.07523964
26.2684,0.075241837
26.2715,0.075244035
26.2746,0.075246233
26.2777,0.075248432
26.2809,0.075250631
26.284,0.075252832
26.2871,0.075255033
26.2902,0.075257235
26.2934,0.075259437
26.2965,0.07526164
26.2996,0.075263844
26.3027,0.075266048
26.3059,0.075268253
26.309,0.075270457
26.3121,0.075272663
26.3152,0.075274869
26.3184,0.075277076
26.3215,0.075279284
26.3246,0.075281492
26.3277,0.0752837
26.3309,0.075285909
26.334,0.075288119
26.3371,0.075290329
26.3402,0.07529254
26.3434,0.075294752
26.3465,0.075296965
26.3496,0.075299178
26.3527,0.075301392
26.3559,0.075303606
26.359,0.07530582
26.3621,0.075308036
26.3652,0.075310251
26.3684,0.075312467
26.3715,0.075314685
26.3746,0.075316902
26.3777,0.075319121
26.3809,0.075321339
26.384,0.075323559
26.3871,0.075325779
26.3902,0.075328
26.3934,0.075330221
26.3965,0.075332442
26.3996,0.075334665
26.4027,0.075336888
26.4059,0.075339112
26.409,0.075341336
26.4121,0.075343561
26.4152,0.075345786
26.4184,0.075348012
26.4215,0.075350238
26.4246,0.075352465
26.4277,0.075354692
26.4309,0.075356921
26.434,0.07535915
26.4371,0.07536138
26.4402,0.07536361
26.4434,0.075365841
26.4465,0.075368073
26.4496,0.075370305
26.4527,0.075372538
26.4559,0.075374771
26.459,0.075377006
26.4621,0.07537924
26.4652,0.075381475
26.4684,0.075383709
26.4715,0.075385944
26.4746,0.075388179
26.4777,0.075390415
26.4809,0.07539265
26.484,0.075394885
26.4871,0.07539712
26.4903,0.075399356
26.4934,0.075401591
26.4965,0.075403825
26.4996,0.07540606
26.5028,0.075408295
26.5059,0.075410529
26.509,0.075412763
26.5121,0.075414996
26.5153,0.07541723
26.5184,0.075419462
26.5215,0.075421695
26.5246,0.075423927
26.5278,0.075426159
26.5309,0.07542839
26.534,0.075430621
26.5371,0.075432851
26.5403,0.075435081
26.5434,0.07543731
26.5465,0.075439538
26.5496,0.075441766
26.5528,0.075443993
26.5559,0.07544622
26.559,0.075448446
26.5621,0.075450671
26.5653,0.075452896
26.5684,0.07545512
26.5715,0.075457344
26.5746,0.075459568
26.5778,0.075461791
26.5809,0.075464013
26.584,0.075466236
26.5871,0.075468458
26.5903,0.075470679
26.5934,0.0754729
26.5965,0.075475121
26.5996,0.075477342
26.6028,0.075479563
26.6059,0.075481783
26.609,0.075484003
26.6121,0.075486223
26.6153,0.075488442
26.6184,0.075490662
26.6215,0.075492882
26.6246,0.075495102
26.6278,0.075497322
26.6309,0.075499542
26.634,0.075501763
26.6371,0.075503985
26.6403,0.075506206
26.6434,0.075508429
26.6465,0.075510651
26.6496,0.075512875
26.6528,0.075515099
26.6559,0.075517323
26.659,0.075519549
26.6621,0.075521775
26.6653,0.075524002
26.6684,0.075526229
26.6715,0.075528457
26.6746,0.075530685
26.6778,0.075532914
26.6809,0.075535143
26.684,0.075537373
26.6871,0.075539603
26.6903,0.075541835
26.6934,0.075544066
26.6965,0.075546298
26.6996,0.075548531
26.7028,0.075550765
26.7059,0.075552999
26.709,0.075555235
26.7121,0.075557471
26.7153,0.075559708
26.7184,0.075561947
26.7215,0.075564186
26.7247,0.075566426
26.7278,0.075568667
26.7309,0.075570908
26.734,0.07557315
26.7372,0.075575393
26.7403,0.075577637
26.7434,0.075579882
26.7465,0.075582128
26.7497,0.075584374
26.7528,0.075586622
26.7559,0.07558887
26.759,0.075591119
26.7622,0.075593368
26.7653,0.075595619
26.7684,0.075597869
26.7715,0.075600121
26.7747,0.075602373
26.7778,0.075604626
26.7809,0.07560688
26.784,0.075609135
26.7872,0.07561139
26.7903,0.075613646
26.7934,0.075615903
26.7965,0.07561816
26.7997,0.075620418
26.8028,0.075622677
26.8059,0.075624931
26.809,0.075627183
26.8122,0.075629433
26.8153,0.075631685
26.8184,0.075633938
26.8215,0.075636194
26.8246,0.075638451
26.8278,0.075640711
26.8309,0.075642972
26.834,0.075645235
26.8371,0.075647498
26.8403,0.075649764
26.8434,0.07565203
26.8465,0.075654298
26.8496,0.075656566
26.8527,0.075658835
26.8559,0.075661105
26.859,0.075663376
26.8621,0.075665647
26.8652,0.075667919
26.8684,0.075670191
26.8715,0.075672464
26.8746,0.075674738
26.8777,0.075677012
26.8808,0.075679286
26.884,0.075681562
26.8871,0.075683838
26.8902,0.075686114
26.8933,0.075688391
26.8965,0.075690669
26.8996,0.075692947
26.9027,0.075695225
26.9058,0.075697504
26.9089,0.075699783
26.9121,0.075702062
26.9152,0.075704342
26.9183,0.075706623
26.9214,0.075708903
26.9246,0.075711185
26.9277,0.075713467
26.9308,0.075715749
26.9339,0.075718031
26.937,0.075720313
26.9402,0.075722595
26.9433,0.075724878
26.9464,0.075727161
26.9495,0.075729443
26.9527,0.075731726
26.9558,0.07573401
26.9589,0.075736294
26.962,0.075738578
26.9651,0.075740862
26.9683,0.075743146
26.9714,0.07574543
26.9745,0.075747714
26.9776,0.075749999
26.9808,0.075752284
26.9839,0.07575457
26.987,0.075756857
26.9901,0.075759145
26.9932,0.075761434
26.9964,0.075763723
26.9995,0.075766013
27.0026,0.075768304
27.0057,0.075770597
27.0089,0.07577289
27.012,0.075775185
27.0151,0.075777482
27.0182,0.075779781
27.0213,0.075782082
27.0245,0.075784384
27.0276,0.075786689
27.0307,0.075788996
27.0338,0.075791306
27.037,0.075793619
27.0401,0.075795935
27.0432,0.075798254
27.0463,0.075800576
27.0494,0.075802902
27.0526,0.07580523
27.0557,0.075807562
27.0588,0.075809897
27.0619,0.075812235
27.0651,0.075814578
27.0682,0.075816926
27.0713,0.075819278
27.0744,0.075821632
27.0775,0.075823991
27.0807,0.075826355
27.0838,0.075828725
27.0869,0.075831099
27.09,0.075833479
27.0932,0.075835864
27.0963,0.075838255
27.0994,0.075840652
27.1025,0.075843053
27.1056,0.07584546
27.1088,0.075847872
27.1119,0.07585029
27.115,0.075852713
27.1181,0.075855142
27.1213,0.075857576
27.1244,0.075860015
27.1275,0.07586246
27.1306,0.075864909
27.1337,0.075867364
27.1369,0.075869824
27.14,0.075872288
27.1431,0.075874758
27.1462,0.075877233
27.1494,0.075879713
27.1525,0.075882197
27.1556,0.075884686
27.1587,0.075887179
27.1618,0.075889676
27.165,0.075892177
27.1681,0.075894681
27.1712,0.07589719
27.1743,0.075899704
27.1775,0.075902221
27.1806,0.075904741
27.1837,0.075907264
27.1868,0.075909791
27.1899,0.075912321
27.1931,0.075914854
27.1962,0.075917391
27.1993,0.07591993
27.2024,0.075922472
27.2056,0.075925018
27.2087,0.075927566
27.2118,0.075930116
27.2149,0.075932669
27.218,0.075935225
27.2212,0.075937782
27.2243,0.075940341
27.2274,0.075942903
27.2305,0.075945466
27.2337,0.07594803
27.2368,0.075950594
27.2399,0.07595316
27.243,0.075955727
27.2461,0.075958295
27.2493,0.075960864
27.2524,0.075963434
27.2555,0.075966004
27.2586,0.075968575
27.2618,0.075971147
27.2649,0.07597372
27.268,0.075976293
27.2711,0.075978867
27.2742,0.075981442
27.2774,0.075984016
27.2805,0.075986591
27.2836,0.075989164
27.2867,0.075991738
27.2899,0.075994311
27.293,0.075996885
27.2961,0.075999459
27.2992,0.076002032
27.3023,0.076004605
27.3055,0.076007178
27.3086,0.076009752
27.3117,0.076012326
27.3148,0.076014899
27.318,0.076017472
27.3211,0.076020044
27.3242,0.076022616
27.3273,0.076025187
27.3304,0.076027758
27.3336,0.07603033
27.3367,0.076032901
27.3398,0.076035473
27.3429,0.076038044
27.3461,0.076040616
27.3492,0.076043187
27.3523,0.07604576
27.3554,0.076048332
27.3585,0.076050904
27.3617,0.076053475
27.3648,0.076056046
27.3679,0.076058617
27.371,0.076061189
27.3742,0.076063762
27.3773,0.076066335
27.3804,0.076068909
27.3835,0.076071483
27.3867,0.076074058
27.3898,0.076076635
27.3929,0.076079211
27.396,0.076081789
27.3991,0.076084366
27.4023,0.076086944
27.4054,0.076089523
27.4085,0.076092102
27.4116,0.076094684
27.4148,0.076097267
27.4179,0.076099851
27.421,0.076102436
27.4241,0.076105023
27.4272,0.076107612
27.4304,0.076110202
27.4335,0.076112794
27.4366,0.076115386
27.4397,0.076117979
27.4429,0.076120573
27.446,0.07612317
27.4491,0.076125768
27.4522,0.076128369
27.4553,0.076130971
27.4585,0.076133574
27.4616,0.07613618
27.4647,0.076138788
27.4678,0.076141398
27.471,0.076144008
27.4741,0.076146621
27.4772,0.076149234
27.4803,0.076151849
27.4834,0.076154466
27.4866,0.076157085
27.4897,0.076159706
27.4928,0.076162329
27.4959,0.076164953
27.4991,0.07616758
27.5022,0.076170208
27.5053,0.076172839
27.5084,0.07617547
27.5115,0.076178103
27.5147,0.076180737
27.5178,0.076183372
27.5209,0.076186008
27.524,0.076188645
27.5272,0.076191285
27.5303,0.076193927
27.5334,0.07619657
27.5365,0.076199215
27.5396,0.076201862
27.5428,0.076204511
27.5459,0.076207161
27.549,0.076209811
27.5521,0.076212463
27.5553,0.076215115
27.5584,0.076217768
27.5615,0.076220423
27.5646,0.07622308
27.5677,0.076225739
27.5709,0.076228399
27.574,0.076231059
27.5771,0.076233721
27.5802,0.076236384
27.5834,0.076239047
27.5865,0.076241712
27.5896,0.076244377
27.5927,0.076247043
27.5958,0.076249709
27.599,0.076252378
27.6021,0.076255047
27.6052,0.076257718
27.6083,0.076260389
27.6115,0.07626306
27.6146,0.076265732
27.6177,0.076268406
27.6208,0.07627108
27.6239,0.076273755
27.6271,0.076276431
27.6302,0.076279108
27.6333,0.076281786
27.6364,0.076284465
27.6396,0.076287145
27.6427,0.076289825
27.6458,0.076292507
27.6489,0.076295189
27.652,0.076297872
27.6552,0.076300556
27.6583,0.076303241
27.6614,0.076305927
27.6645,0.076308614
27.6677,0.076311301
27.6708,0.07631399
27.6739,0.076316679
27.677,0.076319369
27.6801,0.07632206
27.6833,0.076324753
27.6864,0.076327446
27.6895,0.07633014
27.6926,0.076332835
27.6958,0.076335531
27.6989,0.076338228
27.702,0.076340927
27.7051,0.076343626
27.7082,0.076346327
27.7114,0.076349028
27.7145,0.076351731
27.7176,0.076354435
27.7207,0.076357141
27.7239,0.076359847
27.727,0.076362555
27.7301,0.076365265
27.7332,0.076367975
27.7363,0.076370687
27.7395,0.0763734
27.7426,0.076376115
27.7457,0.076378831
27.7488,0.076381548
27.752,0.076384267
27.7551,0.076386987
27.7582,0.076389709
27.7613,0.076392432
27.7644,0.076395157
27.7676,0.076397883
27.7707,0.07640061
27.7738,0.076403339
27.7769,0.07640607
27.7801,0.076408801
27.7832,0.076411535
27.7863,0.076414269
27.7894,0.076417005
27.7925,0.076419743
27.7957,0.076422482
27.7988,0.076425223
27.8019,0.076427964
27.805,0.076430708
27.8082,0.076433452
27.8113,0.076436198
27.8144,0.076438946
27.8175,0.076441694
27.8206,0.076444444
27.8238,0.076447196
27.8269,0.076449948
27.83,0.076452702
27.8331,0.076455458
27.8363,0.076458214
27.8394,0.076460972
27.8425,0.076463731
27.8456,0.076466491
27.8487,0.076469252
27.8519,0.076472015
27.855,0.076474778
27.8581,0.076477543
27.8612,0.076480309
27.8644,0.076483075
27.8675,0.076485843
27.8706,0.076488612
27.8737,0.076491382
27.8768,0.076494153
27.88,0.076496925
27.8831,0.076499698
27.8862,0.076502472
27.8893,0.076505247
27.8925,0.076508023
27.8956,0.0765108
27.8987,0.076513578
27.9018,0.076516356
27.9049,0.076519136
27.9081,0.076521916
27.9112,0.076524697
27.9143,0.076527479
27.9174,0.076530262
27.9206,0.076533046
27.9237,0.076535831
27.9268,0.076538616
27.9299,0.076541402
27.933,0.07654419
27.9362,0.076546978
27.9393,0.076549766
27.9424,0.076552555
27.9455,0.076555346
27.9487,0.076558137
27.9518,0.076560928
27.9549,0.076563721
27.958,0.076566514
27.9612,0.076569308
27.9643,0.076572103
27.9674,0.076574898
27.9705,0.076577694
27.9736,0.076580491
27.9768,0.076583289
27.9799,0.076586087
27.983,0.076588886
27.9861,0.076591686
27.9893,0.076594486
27.9924,0.076597287
27.9955,0.076600089
27.9986,0.076602892
28.0017,0.076605695
28.0049,0.076608499
28.008,0.076611303
28.0111,0.076614109
28.0142,0.076616915
28.0174,0.076619722
28.0205,0.076622529
28.0236,0.076625337
28.0267,0.076628146
28.0298,0.076630955
28.033,0.076633765
28.0361,0.076636576
28.0392,0.076639388
28.0423,0.0766422
28.0455,0.076645013
28.0486,0.076647826
28.0517,0.076650641
28.0548,0.076653456
28.0579,0.076656271
28.0611,0.076659088
28.0642,0.076661905
28.0673,0.076664722
28.0704,0.076667541
28.0736,0.076670359
28.0767,0.076673179
28.0798,0.076676
28.0829,0.076678821
28.086,0.076681642
28.0892,0.076684465
28.0923,0.076687288
28.0954,0.076690112
28.0985,0.076692936
28.1017,0.076695761
28.1048,0.076698587
28.1079,0.076701413
28.111,0.07670424
28.1141,0.076707068
28.1173,0.076709896
28.1204,0.076712725
28.1235,0.076715555
28.1266,0.076718385
28.1298,0.076721216
28.1329,0.076724047
28.136,0.076726879
28.1391,0.076729712
28.1422,0.076732546
28.1454,0.07673538
28.1485,0.076738215
28.1516,0.07674105
28.1547,0.076743886
28.1579,0.076746723
28.161,0.07674956
28.1641,0.076752398
28.1672,0.076755237
28.1703,0.076758076
28.1735,0.076760916
28.1766,0.076763757
28.1797,0.076766598
28.1828,0.07676944
28.186,0.076772282
28.1891,0.076775125
28.1922,0.076777969
28.1953,0.076780814
28.1984,0.076783658
28.2016,0.076786504
28.2047,0.07678935
28.2078,0.076792197
28.2109,0.076795044
28.2141,0.076797892
28.2172,0.076800741
28.2203,0.07680359
28.2234,0.07680644
28.2265,0.076809291
28.2297,0.076812142
28.2328,0.076814993
28.2359,0.076817846
28.239,0.076820699
28.2422,0.076823552
28.2453,0.076826406
28.2484,0.076829261
28.2515,0.076832116
28.2546,0.076834972
28.2578,0.076837828
28.2609,0.076840686
28.264,0.076843543
28.2671,0.076846401
28.2703,0.07684926
28.2734,0.07685212
28.2765,0.07685498
28.2796,0.07685784
28.2827,0.076860701
28.2859,0.076863563
28.289,0.076866425
28.2921,0.076869288
28.2952,0.076872151
28.2984,0.076875016
28.3015,0.07687788
28.3046,0.076880745
28.3077,0.076883611
28.3108,0.076886477
28.314,0.076889344
28.3171,0.076892211
28.3202,0.076895079
28.3233,0.076897947
28.3265,0.076900816
28.3296,0.076903686
28.3327,0.076906556
28.3358,0.076909427
28.3389,0.076912298
28.3421,0.07691517
28.3452,0.076918042
28.3483,0.076920915
28.3514,0.076923789
28.3546,0.076926663
28.3577,0.076929537
28.3608,0.076932412
28.3639,0.076935288
28.367,0.076938164
28.3702,0.07694104
28.3733,0.076943917
28.3764,0.076946795
28.3795,0.076949673
28.3827,0.076952552
28.3858,0.076955431
28.3889,0.076958311
28.392,0.076961191
28.3951,0.076964072
28.3983,0.076966953
28.4014,0.076969835
28.4045,0.076972717
28.4076,0.0769756
28.4108,0.076978483
28.4139,0.076981367
28.417,0.076984251
28.4201,0.076987136
28.4232,0.076990022
28.4264,0.076992907
28.4295,0.076995794
28.4326,0.076998681
28.4357,0.077001568
28.4389,0.077004456
28.442,0.077007344
28.4451,0.077010233
28.4482,0.077013122
28.4513,0.077016012
28.4545,0.077018902
28.4576,0.077021793
28.4607,0.077024684
28.4638,0.077027576
28.467,0.077030469
28.4701,0.077033361
28.4732,0.077036254
28.4763,0.077039148
28.4794,0.077042042
28.4826,0.077044937
28.4857,0.077047832
28.4888,0.077050728
28.4919,0.077053624
28.4951,0.077056521
28.4982,0.077059418
28.5013,0.077062315
28.5044,0.077065213
28.5075,0.077068112
28.5107,0.07707101
28.5138,0.07707391
28.5169,0.07707681
28.52,0.07707971
28.5232,0.077082611
28.5263,0.077085512
28.5294,0.077088414
28.5325,0.077091316
28.5356,0.077094218
28.5388,0.077097121
28.5419,0.077100025
28.545,0.077102929
28.5481,0.077105833
28.5513,0.077108738
28.5544,0.077111643
28.5575,0.077114549
28.5606,0.077117455
28.5638,0.077120362
28.5669,0.077123269
28.57,0.077126176
28.5731,0.077129084
28.5762,0.077131992
28.5794,0.077134901
28.5825,0.07713781
28.5856,0.077140719
28.5887,0.077143629
28.5919,0.077146539
28.595,0.07714945
28.5981,0.077152361
28.6012,0.077155273
28.6043,0.077158185
28.6075,0.077161097
28.6106,0.07716401
28.6137,0.077166923
28.6168,0.077169837
28.62,0.07717275
28.6231,0.077175665
28.6262,0.077178579
28.6293,0.077181494
28.6324,0.077184409
28.6356,0.077187325
28.6387,0.077190241
28.6418,0.077193157
28.6449,0.077196074
28.6481,0.077198991
28.6512,0.077201908
28.6543,0.077204826
28.6574,0.077207743
28.6605,0.077210662
28.6637,0.07721358
28.6668,0.077216498
28.6699,0.077219417
28.673,0.077222336
28.6762,0.077225255
28.6793,0.077228174
28.6824,0.077231094
28.6855,0.077234013
28.6886,0.077236933
28.6918,0.077239852
28.6949,0.077242772
28.698,0.077245692
28.7011,0.077248611
28.7043,0.077251531
28.7074,0.077254451
28.7105,0.077257371
28.7136,0.07726029
28.7167,0.07726321
28.7199,0.077266129
28.723,0.077269048
28.7261,0.077271967
28.7292,0.077274886
28.7324,0.077277804
28.7355,0.077280723
28.7386,0.077283641
28.7417,0.077286558
28.7448,0.077289476
28.748,0.077292393
28.7511,0.07729531
28.7542,0.077298226
28.7573,0.077301142
28.7605,0.077304058
28.7636,0.077306973
28.7667,0.077309888
28.7698,0.077312802
28.7729,0.077315716
28.7761,0.07731863
28.7792,0.077321543
28.7823,0.077324456
28.7854,0.077327368
28.7886,0.07733028
28.7917,0.077333192
28.7948,0.077336103
28.7979,0.077339013
28.801,0.077341924
28.8042,0.077344834
28.8073,0.077347743
28.8104,0.077350652
28.8135,0.07735356
28.8167,0.077356468
28.8198,0.077359376
28.8229,0.077362283
28.826,0.07736519
28.8291,0.077368096
28.8323,0.077371002
28.8354,0.077373908
28.8385,0.077376813
28.8416,0.077379718
28.8448,0.077382623
28.8479,0.077385527
28.851,0.07738843
28.8541,0.077391334
28.8572,0.077394237
28.8604,0.07739714
28.8635,0.077400042
28.8666,0.077402944
28.8697,0.077405846
28.8729,0.077408747
28.876,0.077411648
28.8791,0.077414549
28.8822,0.077417449
28.8853,0.077420349
28.8885,0.077423249
28.8916,0.077426149
28.8947,0.077429048
28.8978,0.077431947
28.901,0.077434845
28.9041,0.077437744
28.9072,0.077440642
28.9103,0.07744354
28.9134,0.077446437
28.9166,0.077449334
28.9197,0.077452231
28.9228,0.077455128
28.9259,0.077458024
28.9291,0.07746092
28.9322,0.077463816
28.9353,0.077466712
28.9384,0.077469607
28.9415,0.077472502
28.9447,0.077475397
28.9478,0.077478292
28.9509,0.077481186
28.954,0.077484081
28.9572,0.077486975
28.9603,0.077489868
28.9634,0.077492762
28.9665,0.077495655
28.9696,0.077498549
28.9728,0.077501441
28.9759,0.077504334
28.979,0.077507226
28.9821,0.077510119
28.9853,0.077513011
28.9884,0.077515902
28.9915,0.077518794
28.9946,0.077521685
28.9977,0.077524576
29.0009,0.077527467
29.004,0.077530357
29.0071,0.077533248
29.0102,0.077536138
29.0134,0.077539028
29.0165,0.077541917
29.0196,0.077544806
29.0227,0.077547695
29.0258,0.077550584
29.029,0.077553472
29.0321,0.077556361
29.0352,0.077559248
29.0383,0.077562136
29.0415,0.077565023
29.0446,0.07756791
29.0477,0.077570797
29.0508,0.077573683
29.0539,0.077576569
29.0571,0.077579454
29.0602,0.077582339
29.0633,0.077585224
29.0664,0.077588108
29.0696,0.077590992
29.0727,0.077593876
29.0758,0.077596759
29.0789,0.077599642
29.082,0.077602524
29.0852,0.077605406
29.0883,0.077608288
29.0914,0.077611169
29.0945,0.07761405
29.0977,0.07761693
29.1008,0.07761981
29.1039,0.077622689
29.107,0.077625569
29.1101,0.077628447
29.1133,0.077631325
29.1164,0.077634203
29.1195,0.07763708
29.1226,0.077639957
29.1258,0.077642833
29.1289,0.07764571
29.132,0.077648585
29.1351,0.07765146
29.1383,0.077654335
29.1414,0.07765721
29.1445,0.077660084
29.1476,0.077662958
29.1507,0.077665832
29.1539,0.077668706
29.157,0.077671579
29.1601,0.077674453
29.1632,0.077677326
29.1664,0.077680199
29.1695,0.077683073
29.1726,0.077685946
29.1757,0.077688819
29.1788,0.077691693
29.182,0.077694567
29.1851,0.07769744
29.1882,0.077700314
29.1913,0.077703189
29.1945,0.077706063
29.1976,0.077708938
29.2007,0.077711813
29.2038,0.077714689
29.2069,0.077717564
29.2101,0.077720441
29.2132,0.077723317
29.2163,0.077726194
29.2194,0.077729071
29.2226,0.077731948
29.2257,0.077734826
29.2288,0.077737705
29.2319,0.077740583
29.235,0.077743462
29.2382,0.077746342
29.2413,0.077749221
29.2444,0.077752101
29.2475,0.077754982
29.2507,0.077757862
29.2538,0.077760744
29.2569,0.077763625
29.26,0.077766506
29.2631,0.077769388
29.2663,0.077772271
29.2694,0.077775153
29.2725,0.077778036
29.2756,0.077780918
29.2788,0.077783801
29.2819,0.077786685
29.285,0.077789568
29.2881,0.077792451
29.2912,0.077795335
29.2944,0.077798218
29.2975,0.077801102
29.3006,0.077803986
29.3037,0.07780687
29.3069,0.077809753
29.31,0.077812637
29.3131,0.077815521
29.3162,0.077818404
29.3193,0.077821288
29.3225,0.077824172
29.3256,0.077827056
29.3287,0.077829939
29.3318,0.077832822
29.335,0.077835706
29.3381,0.077838589
29.3412,0.077841472
29.3443,0.077844355
29.3474,0.077847238
29.3506,0.077850121
29.3537,0.077853003
29.3568,0.077855886
29.3599,0.077858768
29.3631,0.077861649
29.3662,0.077864531
29.3693,0.077867412
29.3724,0.077870292
29.3755,0.077873173
29.3787,0.077876052
29.3818,0.077878931
29.3849,0.07788181
29.388,0.077884688
29.3912,0.077887566
29.3943,0.077890443
29.3974,0.077893319
29.4005,0.077896195
29.4036,0.07789907
29.4068,0.077901944
29.4099,0.077904817
29.413,0.077907689
29.4161,0.07791056
29.4193,0.07791343
29.4224,0.077916299
29.4255,0.077919167
29.4286,0.077922033
29.4317,0.077924898
29.4349,0.077927762
29.438,0.077930625
29.4411,0.077933485
29.4442,0.077936344
29.4474,0.077939202
29.4505,0.077942057
29.4536,0.077944911
29.4567,0.077947763
29.4598,0.077950613
29.463,0.07795346
29.4661,0.077956306
29.4692,0.07795915
29.4723,0.077961991
29.4755,0.07796483
29.4786,0.077967666
29.4817,0.0779705
29.4848,0.077973332
29.4879,0.077976162
29.4911,0.077978988
29.4942,0.077981813
29.4973,0.077984635
29.5004,0.077987454
29.5036,0.077990271
29.5067,0.077993085
29.5098,0.077995896
29.5129,0.077998705
29.516,0.078001511
29.5192,0.078004315
29.5223,0.078007116
29.5254,0.078009915
29.5285,0.078012711
29.5317,0.078015505
29.5348,0.078018296
29.5379,0.078021085
29.541,0.078023871
29.5441,0.078026655
29.5473,0.078029436
29.5504,0.078032215
29.5535,0.078034992
29.5566,0.078037767
29.5598,0.078040539
29.5629,0.07804331
29.566,0.078046078
29.5691,0.078048844
29.5722,0.078051608
29.5754,0.07805437
29.5785,0.07805713
29.5816,0.078059888
29.5847,0.078062644
29.5879,0.078065399
29.591,0.078068152
29.5941,0.078070903
29.5972,0.078073652
29.6003,0.0780764
29.6035,0.078079146
29.6066,0.078081891
29.6097,0.078084634
29.6128,0.078087376
29.616,0.078090116
29.6191,0.078092855
29.6222,0.078095592
29.6253,0.078098329
29.6284,0.078101063
29.6316,0.078103797
29.6347,0.07810653
29.6378,0.078109261
29.6409,0.078111991
29.6441,0.07811472
29.6472,0.078117448
29.6503,0.078120175
29.6534,0.078122901
29.6565,0.078125625
29.6597,0.078128349
29.6628,0.078131072
29.6659,0.078133794
29.669,0.078136515
29.6722,0.078139234
29.6753,0.078141953
29.6784,0.078144671
29.6815,0.078147389
29.6846,0.078150105
29.6878,0.078152821
29.6909,0.078155535
29.694,0.078158249
29.6971,0.078160962
29.7003,0.078163674
29.7034,0.078166386
29.7065,0.078169096
29.7096,0.078171806
29.7128,0.078174515
29.7159,0.078177223
29.719,0.07817993
29.7221,0.078182637
29.7252,0.078185343
29.7284,0.078188048
29.7315,0.078190752
29.7346,0.078193456
29.7377,0.078196158
29.7409,0.07819886
29.744,0.078201562
29.7471,0.078204262
29.7502,0.078206962
29.7533,0.078209661
29.7565,0.078212359
29.7596,0.078215057
29.7627,0.078217753
29.7658,0.078220449
29.769,0.078223145
29.7721,0.078225839
29.7752,0.078228533
29.7783,0.078231226
29.7814,0.078233918
29.7846,0.07823661
29.7877,0.0782393
29.7908,0.07824199
29.7939,0.07824468
29.7971,0.078247368
29.8002,0.078250056
29.8033,0.078252743
29.8064,0.078255429
29.8095,0.078258115
29.8127,0.0782608
29.8158,0.078263484
29.8189,0.078266167
29.822,0.07826885
29.8252,0.078271532
29.8283,0.078274213
29.8314,0.078276893
29.8345,0.078279573
29.8376,0.078282252
29.8408,0.07828493
29.8439,0.078287608
29.847,0.078290284
29.8501,0.07829296
29.8533,0.078295636
29.8564,0.07829831
29.8595,0.078300983
29.8626,0.078303656
29.8657,0.078306328
29.8689,0.078308999
29.872,0.078311669
29.8751,0.078314338
29.8782,0.078317006
29.8814,0.078319673
29.8845,0.078322339
29.8876,0.078325005
29.8907,0.078327669
29.8938,0.078330332
29.897,0.078332994
29.9001,0.078335655
29.9032,0.078338315
29.9063,0.078340974
29.9095,0.078343631
29.9126,0.078346288
29.9157,0.078348943
29.9188,0.078351597
29.9219,0.07835425
29.9251,0.078356902
29.9282,0.078359552
29.9313,0.078362201
29.9344,0.078364849
29.9376,0.078367496
29.9407,0.078370142
29.9438,0.078372786
29.9469,0.078375429
29.95,0.07837807
29.9532,0.078380711
29.9563,0.07838335
29.9594,0.078385988
29.9625,0.078388624
29.9657,0.078391259
29.9688,0.078393894
29.9719,0.078396526
29.975,0.078399158
29.9781,0.078401788
29.9813,0.078404417
29.9844,0.078407045
29.9875,0.078409672
29.9906,0.078412297
29.9938,0.078414922
29.9969,0.078417545
30,0.078420167
30.0031,0.078422783
30.0062,0.078425396
30.0094,0.078428007
30.0125,0.078430616
30.0156,0.078433226
30.0187,0.078435836
30.0218,0.078438445
30.025,0.078441054
30.0281,0.078443663
30.0312,0.078446271
30.0343,0.078448878
30.0374,0.078451485
30.0406,0.078454091
30.0437,0.078456697
30.0468,0.078459302
30.0499,0.078461906
30.053,0.078464509
30.0562,0.078467111
30.0593,0.078469713
30.0624,0.078472314
30.0655,0.078474913
30.0686,0.078477512
30.0718,0.07848011
30.0749,0.078482707
30.078,0.078485303
30.0811,0.078487898
30.0842,0.078490492
30.0874,0.078493085
30.0905,0.078495677
30.0936,0.078498268
30.0967,0.078500859
30.0998,0.078503449
30.103,0.078506037
30.1061,0.078508625
30.1092,0.078511212
30.1123,0.078513798
30.1154,0.078516383
30.1186,0.078518967
30.1217,0.078521551
30.1248,0.078524133
30.1279,0.078526715
30.131,0.078529295
30.1342,0.078531875
30.1373,0.078534454
30.1404,0.078537032
30.1435,0.07853961
30.1466,0.078542186
30.1498,0.078544762
30.1529,0.078547336
30.156,0.07854991
30.1591,0.078552484
30.1622,0.078555056
30.1654,0.078557627
30.1685,0.078560198
30.1716,0.078562768
30.1747,0.078565337
30.1778,0.078567905
30.181,0.078570472
30.1841,0.078573039
30.1872,0.078575604
30.1903,0.078578169
30.1934,0.078580733
30.1966,0.078583297
30.1997,0.078585859
30.2028,0.078588421
30.2059,0.078590981
30.209,0.078593541
30.2122,0.0785961
30.2153,0.078598658
30.2184,0.078601216
30.2215,0.078603772
30.2246,0.078606328
30.2278,0.078608883
30.2309,0.078611437
30.234,0.07861399
30.2371,0.078616542
30.2402,0.078619094
30.2434,0.078621645
30.2465,0.078624195
30.2496,0.078626744
30.2527,0.078629292
30.2559,0.078631839
30.259,0.078634386
30.2621,0.078636932
30.2652,0.078639477
30.2683,0.078642022
30.2715,0.078644565
30.2746,0.078647108
30.2777,0.07864965
30.2808,0.078652191
30.2839,0.078654732
30.2871,0.078657271
30.2902,0.07865981
30.2933,0.078662348
30.2964,0.078664885
30.2995,0.078667422
30.3027,0.078669958
30.3058,0.078672493
30.3089,0.078675027
30.312,0.07867756
30.3151,0.078680093
30.3183,0.078682624
30.3214,0.078685156
30.3245,0.078687686
30.3276,0.078690215
30.3307,0.078692744
30.3339,0.078695271
30.337,0.078697797
30.3401,0.078700322
30.3432,0.078702847
30.3463,0.07870537
30.3495,0.078707892
30.3526,0.078710413
30.3557,0.078712933
30.3588,0.078715452
30.3619,0.078717971
30.3651,0.078720489
30.3682,0.078723006
30.3713,0.078725523
30.3744,0.078728039
30.3775,0.078730554
30.3807,0.078733069
30.3838,0.078735582
30.3869,0.078738096
30.39,0.078740608
30.3931,0.07874312
30.3963,0.07874563
30.3994,0.078748139
30.4025,0.078750647
30.4056,0.078753154
30.4087,0.07875566
30.4119,0.078758166
30.415,0.07876067
30.4181,0.078763173
30.4212,0.078765675
30.4243,0.078768177
30.4275,0.078770678
30.4306,0.078773178
30.4337,0.078775678
30.4368,0.078778178
30.4399,0.078780676
30.4431,0.078783174
30.4462,0.078785672
30.4493,0.078788168
30.4524,0.078790665
30.4555,0.078793161
30.4587,0.078795656
30.4618,0.07879815
30.4649,0.078800644
30.468,0.078803137
30.4711,0.07880563
30.4743,0.078808123
30.4774,0.078810615
30.4805,0.078813106
30.4836,0.078815597
30.4867,0.078818088
30.4899,0.078820578
30.493,0.078823067
30.4961,0.078825557
30.4992,0.078828045
30.5023,0.078830533
30.5055,0.078833021
30.5086,0.078835507
30.5117,0.078837993
30.5148,0.078840478
30.5179,0.078842963
30.5211,0.078845447
30.5242,0.078847929
30.5273,0.078850411
30.5304,0.078852891
30.5335,0.078855371
30.5367,0.078857849
30.5398,0.078860326
30.5429,0.078862802
30.546,0.078865277
30.5491,0.078867751
30.5523,0.078870222
30.5554,0.078872693
30.5585,0.078875162
30.5616,0.07887763
30.5647,0.078880097
30.5679,0.078882563
30.571,0.078885026
30.5741,0.078887489
30.5772,0.07888995
30.5803,0.07889241
30.5835,0.078894869
30.5866,0.078897327
30.5897,0.078899783
30.5928,0.078902238
30.5959,0.078904692
30.5991,0.078907144
30.6022,0.078909596
30.6053,0.078912047
30.6084,0.078914497
30.6115,0.078916945
30.6147,0.078919393
30.6178,0.078921839
30.6209,0.078924285
30.624,0.07892673
30.6271,0.078929174
30.6303,0.078931617
30.6334,0.07893406
30.6365,0.078936501
30.6396,0.078938942
30.6427,0.078941382
30.6459,0.078943821
30.649,0.07894626
30.6521,0.078948698
30.6552,0.078951136
30.6583,0.078953573
30.6615,0.078956009
30.6646,0.078958445
30.6677,0.07896088
30.6708,0.078963315
30.6739,0.07896575
30.6771,0.078968184
30.6802,0.078970617
30.6833,0.07897305
30.6864,0.078975482
30.6895,0.078977914
30.6927,0.078980346
30.6958,0.078982777
30.6989,0.078985208
30.702,0.078987638
30.7051,0.078990068
30.7083,0.078992497
30.7114,0.078994926
30.7145,0.078997355
30.7176,0.078999783
30.7207,0.079002211
30.7239,0.079004638
30.727,0.079007065
30.7301,0.079009491
30.7332,0.079011917
30.7363,0.079014343
30.7395,0.079016769
30.7426,0.079019194
30.7457,0.079021618
30.7488,0.079024041
30.752,0.079026465
30.7551,0.079028888
30.7582,0.079031311
30.7613,0.079033733
30.7644,0.079036155
30.7676,0.079038576
30.7707,0.079040996
30.7738,0.079043416
30.7769,0.079045836
30.78,0.079048255
30.7832,0.079050674
30.7863,0.079053093
30.7894,0.07905551
30.7925,0.079057927
30.7956,0.079060344
30.7988,0.07906276
30.8019,0.079065176
30.805,0.079067591
30.8081,0.079070006
30.8112,0.07907242
30.8144,0.079074833
30.8175,0.079077246
30.8206,0.079079658
30.8237,0.079082071
30.8268,0.079084482
30.83,0.079086893
30.8331,0.079089304
30.8362,0.079091713
30.8393,0.079094122
30.8424,0.079096531
30.8456,0.079098939
30.8487,0.079101347
30.8518,0.079103754
30.8549,0.07910616
30.858,0.079108566
30.8612,0.079110971
30.8643,0.079113375
30.8674,0.07911578
30.8705,0.079118183
30.8736,0.079120586
30.8768,0.079122989
30.8799,0.07912539
30.883,0.079127791
30.8861,0.079130192
30.8892,0.079132592
30.8924,0.079134991
30.8955,0.07913739
30.8986,0.079139789
30.9017,0.079142186
30.9048,0.079144583
30.908,0.079146979
30.9111,0.079149375
30.9142,0.079151771
30.9173,0.079154166
30.9204,0.07915656
30.9236,0.079158953
30.9267,0.079161346
30.9298,0.079163738
30.9329,0.07916613
30.936,0.079168521
30.9392,0.079170911
30.9423,0.079173301
30.9454,0.07917569
30.9485,0.079178079
30.9516,0.079180467
30.9548,0.079182854
30.9579,0.079185241
30.961,0.079187628
30.9641,0.079190014
30.9672,0.079192398
30.9704,0.079194783
30.9735,0.079197166
30.9766,0.07919955
30.9797,0.079201933
30.9828,0.079204315
30.986,0.079206697
30.9891,0.079209077
30.9922,0.079211457
30.9953,0.079213837
30.9984,0.079216216
31.0016,0.079218595
31.0047,0.079220973
31.0078,0.07922335
31.0109,0.079225726
31.014,0.079228102
31.0172,0.079230478
31.0203,0.079232853
31.0234,0.079235227
31.0265,0.079237601
31.0296,0.079239974
31.0328,0.079242346
31.0359,0.079244718
31.039,0.079247089
31.0421,0.07924946
31.0452,0.07925183
31.0484,0.079254199
31.0515,0.079256568
31.0546,0.079258936
31.0577,0.079261303
31.0608,0.07926367
31.064,0.079266037
31.0671,0.079268403
31.0702,0.079270768
31.0733,0.079273132
31.0764,0.079275495
31.0796,0.079277858
31.0827,0.079280221
31.0858,0.079282583
31.0889,0.079284944
31.092,0.079287305
31.0952,0.079289665
31.0983,0.079292024
31.1014,0.079294382
31.1045,0.07929674
31.1076,0.079299097
31.1108,0.079301454
31.1139,0.07930381
31.117,0.079306165
31.1201,0.079308519
31.1232,0.079310873
31.1264,0.079313226
31.1295,0.079315579
31.1326,0.079317932
31.1357,0.079320283
31.1388,0.079322634
31.142,0.079324983
31.1451,0.079327333
31.1482,0.079329681
31.1513,0.079332029
31.1544,0.079334377
31.1576,0.079336724
31.1607,0.07933907
31.1638,0.079341415
31.1669,0.079343759
31.17,0.079346103
31.1732,0.079348447
31.1763,0.07935079
31.1794,0.079353132
31.1825,0.079355471
31.1856,0.079357808
31.1888,0.079360144
31.1919,0.079362479
31.195,0.079364815
31.1981,0.079367151
31.2012,0.079369486
31.2044,0.079371821
31.2075,0.079374155
31.2106,0.079376489
31.2137,0.079378823
31.2168,0.079381156
31.22,0.07938349
31.2231,0.079385822
31.2262,0.079388154
31.2293,0.079390485
31.2324,0.079392816
31.2355,0.079395146
31.2387,0.079397476
31.2418,0.079399806
31.2449,0.079402134
31.248,0.079404462
31.2511,0.07940679
31.2543,0.079409116
31.2574,0.079411442
31.2605,0.079413768
31.2636,0.079416093
31.2667,0.079418417
31.2699,0.07942074
31.273,0.079423063
31.2761,0.079425385
31.2792,0.079427707
31.2823,0.079430028
31.2855,0.079432349
31.2886,0.079434669
31.2917,0.079436988
31.2948,0.079439307
31.2979,0.079441625
31.301,0.079443943
31.3042,0.07944626
31.3073,0.079448577
31.3104,0.079450894
31.3135,0.079453209
31.3166,0.079455524
31.3198,0.079457839
31.3229,0.079460152
31.326,0.079462466
31.3291,0.079464779
31.3322,0.079467092
31.3354,0.079469404
31.3385,0.079471715
31.3416,0.079474026
31.3447,0.079476337
31.3478,0.079478647
31.351,0.079480957
31.3541,0.079483266
31.3572,0.079485575
31.3603,0.079487883
31.3634,0.07949019
31.3665,0.079492497
31.3697,0.079494804
31.3728,0.07949711
31.3759,0.079499416
31.379,0.079501721
31.3821,0.079504025
31.3853,0.079506329
31.3884,0.079508632
31.3915,0.079510936
31.3946,0.079513238
31.3977,0.07951554
31.4009,0.079517841
31.404,0.079520142
31.4071,0.079522442
31.4102,0.079524741
31.4133,0.079527041
31.4165,0.079529339
31.4196,0.079531637
31.4227,0.079533934
31.4258,0.079536231
31.4289,0.079538527
31.432,0.079540822
31.4352,0.079543117
31.4383,0.079545412
31.4414,0.079547706
31.4445,0.079549999
31.4476,0.079552291
31.4508,0.079554583
31.4539,0.079556874
31.457,0.079559165
31.4601,0.079561455
31.4632,0.079563745
31.4664,0.079566034
31.4695,0.079568322
31.4726,0.07957061
31.4757,0.079572897
31.4788,0.079575183
31.482,0.07957747
31.4851,0.079579755
31.4882,0.07958204
31.4913,0.079584324
31.4944,0.079586607
31.4975,0.07958889
31.5007,0.079591173
31.5038,0.079593454
31.5069,0.079595736
31.51,0.079598016
31.5131,0.079600296
31.5163,0.079602575
31.5194,0.079604854
31.5225,0.079607132
31.5256,0.07960941
31.5287,0.079611688
31.5319,0.079613964
31.535,0.07961624
31.5381,0.079618515
31.5412,0.07962079
31.5443,0.079623064
31.5475,0.079625338
31.5506,0.079627612
31.5537,0.079629884
31.5568,0.079632156
31.5599,0.079634427
31.563,0.079636698
31.5662,0.079638969
31.5693,0.079641239
31.5724,0.079643508
31.5755,0.079645777
31.5786,0.079648045
31.5818,0.079650312
31.5849,0.079652579
31.588,0.079654846
31.5911,0.079657112
31.5942,0.079659378
31.5974,0.079661643
31.6005,0.079663907
31.6036,0.07966617
31.6067,0.079668434
31.6098,0.079670697
31.613,0.079672959
31.6161,0.079675221
31.6192,0.079677482
31.6223,0.079679743
31.6254,0.079682003
31.6285,0.079684263
31.6317,0.079686521
31.6348,0.07968878
31.6379,0.079691038
31.641,0.079693296
31.6441,0.079695553
31.6473,0.079697809
31.6504,0.079700065
31.6535,0.079702321
31.6566,0.079704576
31.6597,0.079706831
31.6629,0.079709085
31.666,0.07971134
31.6691,0.079713593
31.6722,0.079715847
31.6753,0.079718099
31.6785,0.079720351
31.6816,0.079722602
31.6847,0.079724853
31.6878,0.079727103
31.6909,0.079729352
31.694,0.079731601
31.6972,0.07973385
31.7003,0.079736097
31.7034,0.079738345
31.7065,0.079740592
31.7096,0.079742838
31.7128,0.079745084
31.7159,0.07974733
31.719,0.079749575
31.7221,0.079751821
31.7252,0.079754065
31.7284,0.07975631
31.7315,0.079758554
31.7346,0.079760797
31.7377,0.079763039
31.7408,0.079765281
31.744,0.079767522
31.7471,0.079769762
31.7502,0.079772001
31.7533,0.07977424
31.7564,0.079776479
31.7595,0.079778717
31.7627,0.079780954
31.7658,0.079783191
31.7689,0.079785427
31.772,0.079787664
31.7751,0.079789899
31.7783,0.079792135
31.7814,0.07979437
31.7845,0.079796606
31.7876,0.07979884
31.7907,0.079801074
31.7939,0.079803307
31.797,0.07980554
31.8001,0.079807771
31.8032,0.079810002
31.8063,0.079812231
31.8094,0.07981446
31.8126,0.079816687
31.8157,0.079818915
31.8188,0.079821141
31.8219,0.079823367
31.825,0.079825593
31.8282,0.079827819
31.8313,0.079830044
31.8344,0.079832269
31.8375,0.079834494
31.8406,0.079836719
31.8438,0.079838944
31.8469,0.079841169
31.85,0.079843393
31.8531,0.079845618
31.8562,0.079847842
31.8594,0.079850065
31.8625,0.079852288
31.8656,0.079854512
31.8687,0.079856734
31.8718,0.079858957
31.8749,0.079861179
31.8781,0.079863401
31.8812,0.079865623
31.8843,0.079867845
31.8874,0.079870066
31.8905,0.079872288
31.8937,0.079874509
31.8968,0.07987673
31.8999,0.079878952
31.903,0.079881173
31.9061,0.079883394
31.9093,0.079885617
31.9124,0.079887839
31.9155,0.07989006
31.9186,0.079892282
31.9217,0.079894504
31.9249,0.079896725
31.928,0.079898947
31.9311,0.079901168
31.9342,0.079903388
31.9373,0.079905608
31.9404,0.079907828
31.9436,0.079910047
31.9467,0.079912266
31.9498,0.079914485
31.9529,0.079916703
31.956,0.079918921
31.9592,0.079921139
31.9623,0.079923357
31.9654,0.079925575
31.9685,0.079927793
31.9716,0.07993001
31.9748,0.079932226
31.9779,0.079934442
31.981,0.079936657
31.9841,0.079938871
31.9872,0.079941084
31.9904,0.079943296
31.9935,0.079945506
31.9966,0.079947716
31.9997,0.079949923
32.0028,0.079952131
32.0059,0.079954338
32.0091,0.079956543
32.0122,0.079958748
32.0153,0.079960953
32.0184,0.079963158
32.0215,0.079965362
32.0247,0.079967566
32.0278,0.079969768
32.0309,0.079971971
32.034,0.079974172
32.0371,0.079976373
32.0403,0.079978573
32.0434,0.079980772
32.0465,0.079982969
32.0496,0.079985166
32.0527,0.079987362
32.0559,0.079989556
32.059,0.07999175
32.0621,0.079993943
32.0652,0.079996136
32.0683,0.079998328
32.0714,0.08000052
32.0746,0.080002711
32.0777,0.080004903
32.0808,0.080007093
32.0839,0.080009283
32.087,0.080011472
32.0902,0.080013661
32.0933,0.080015848
32.0964,0.080018035
32.0995,0.08002022
32.1026,0.080022404
32.1058,0.080024586
32.1089,0.080026768
32.112,0.080028949
32.1151,0.08003113
32.1182,0.080033309
32.1214,0.080035488
32.1245,0.080037667
32.1276,0.080039847
32.1307,0.080042026
32.1338,0.080044205
32.1369,0.080046384
32.1401,0.080048562
32.1432,0.08005074
32.1463,0.080052918
32.1494,0.080055095
32.1525,0.080057272
32.1557,0.080059448
32.1588,0.080061622
32.1619,0.080063796
32.165,0.080065969
32.1681,0.080068141
32.1713,0.080070313
32.1744,0.080072484
32.1775,0.080074656
32.1806,0.080076827
32.1837,0.080078998
32.1869,0.080081169
32.19,0.080083341
32.1931,0.080085512
32.1962,0.080087683
32.1993,0.080089853
32.2024,0.080092023
32.2056,0.080094193
32.2087,0.080096362
32.2118,0.08009853
32.2149,0.080100697
32.218,0.080102863
32.2212,0.080105029
32.2243,0.080107193
32.2274,0.080109357
32.2305,0.080111521
32.2336,0.080113684
32.2368,0.080115847
32.2399,0.08011801
32.243,0.080120173
32.2461,0.080122337
32.2492,0.0801245
32.2524,0.080126663
32.2555,0.080128826
32.2586,0.080130988
32.2617,0.08013315
32.2648,0.080135311
32.2679,0.080137471
32.2711,0.08013963
32.2742,0.080141788
32.2773,0.080143946
32.2804,0.080146102
32.2835,0.080148258
32.2867,0.080150414
32.2898,0.080152569
32.2929,0.080154724
32.296,0.080156879
32.2991,0.080159034
32.3023,0.08016119
32.3054,0.080163345
32.3085,0.0801655
32.3116,0.080167655
32.3147,0.080169809
32.3178,0.080171963
32.321,0.080174116
32.3241,0.080176268
32.3272,0.080178419
32.3303,0.080180569
32.3334,0.080182719
32.3366,0.080184867
32.3397,0.080187015
32.3428,0.080189162
32.3459,0.080191309
32.349,0.080193456
32.3522,0.080195603
32.3553,0.080197749
32.3584,0.080199897
32.3615,0.080202044
32.3646,0.08020419
32.3678,0.080206336
32.3709,0.080208482
32.374,0.080210627
32.3771,0.080212772
32.3802,0.080214916
32.3833,0.080217058
32.3865,0.0802192
32.3896,0.080221341
32.3927,0.080223481
32.3958,0.08022562
32.3989,0.080227759
32.4021,0.080229897
32.4052,0.080232036
32.4083,0.080234174
32.4114,0.080236312
32.4145,0.08023845
32.4177,0.080240588
32.4208,0.080242726
32.4239,0.080244864
32.427,0.080247001
32.4301,0.080249137
32.4333,0.080251273
32.4364,0.080253408
32.4395,0.080255542
32.4426,0.080257675
32.4457,0.080259808
32.4488,0.080261939
32.452,0.08026407
32.4551,0.080266201
32.4582,0.080268331
32.4613,0.080270461
32.4644,0.080272591
32.4676,0.08027472
32.4707,0.080276849
32.4738,0.080278978
32.4769,0.080281107
32.48,0.080283235
32.4832,0.080285364
32.4863,0.080287491
32.4894,0.080289618
32.4925,0.080291744
32.4956,0.080293869
32.4988,0.080295993
32.5019,0.080298117
32.505,0.08030024
32.5081,0.080302363
32.5112,0.080304485
32.5143,0.080306607
32.5175,0.080308728
32.5206,0.080310849
32.5237,0.08031297
32.5268,0.08031509
32.5299,0.08031721
32.5331,0.080319329
32.5362,0.080321449
32.5393,0.080323569
32.5424,0.080325688
32.5455,0.080327808
32.5487,0.080329926
32.5518,0.080332044
32.5549,0.080334161
32.558,0.080336279
32.5611,0.080338397
32.5643,0.080340514
32.5674,0.08034263
32.5705,0.080344746
32.5736,0.080346862
32.5767,0.080348977
32.5798,0.080351091
32.583,0.080353205
32.5861,0.080355318
32.5892,0.08035743
32.5923,0.080359541
32.5954,0.080361651
32.5986,0.080363761
32.6017,0.08036587
32.6048,0.08036798
32.6079,0.080370089
32.611,0.080372198
32.6142,0.080374308
32.6173,0.080376418
32.6204,0.080378528
32.6235,0.080380638
32.6266,0.080382748
32.6298,0.080384858
32.6329,0.080386967
32.636,0.080389076
32.6391,0.080391184
32.6422,0.080393291
32.6453,0.080395398
32.6485,0.080397504
32.6516,0.080399609
32.6547,0.080401713
32.6578,0.080403817
32.6609,0.08040592
32.6641,0.080408023
32.6672,0.080410125
32.6703,0.080412226
32.6734,0.080414326
32.6765,0.080416427
32.6797,0.080418526
32.6828,0.080420626
32.6859,0.080422724
32.689,0.080424823
32.6921,0.08042692
32.6953,0.080429018
32.6984,0.080431115
32.7015,0.080433211
32.7046,0.080435307
32.7077,0.080437403
32.7108,0.080439498
32.714,0.080441593
32.7171,0.080443686
32.7202,0.080445779
32.7233,0.080447872
32.7264,0.080449964
32.7296,0.080452055
32.7327,0.080454146
32.7358,0.080456236
32.7389,0.080458325
32.742,0.080460414
32.7452,0.080462503
32.7483,0.080464591
32.7514,0.080466678
32.7545,0.080468765
32.7576,0.080470852
32.7608,0.080472938
32.7639,0.080475023
32.767,0.080477107
32.7701,0.08047919
32.7732,0.080481273
32.7763,0.080483354
32.7795,0.080485434
32.7826,0.080487512
32.7857,0.08048959
32.7888,0.080491665
32.7919,0.080493739
32.7951,0.080495812
32.7982,0.080497884
32.8013,0.080499954
32.8044,0.080502023
32.8075,0.08050409
32.8107,0.080506157
32.8138,0.080508222
32.8169,0.080510287
32.82,0.08051235
32.8231,0.080514413
32.8263,0.080516475
32.8294,0.080518536
32.8325,0.080520597
32.8356,0.080522658
32.8387,0.080524718
32.8418,0.080526778
32.845,0.080528838
32.8481,0.080530897
32.8512,0.080532957
32.8543,0.080535017
32.8574,0.080537076
32.8606,0.080539136
32.8637,0.080541195
32.8668,0.080543255
32.8699,0.080545314
32.873,0.080547374
32.8762,0.080549434
32.8793,0.080551494
32.8824,0.080553555
32.8855,0.080555615
32.8886,0.080557675
32.8918,0.080559736
32.8949,0.080561797
32.898,0.080563857
32.9011,0.080565918
32.9042,0.080567979
32.9073,0.08057004
32.9105,0.0805721
32.9136,0.080574161
32.9167,0.080576222
32.9198,0.080578283
32.9229,0.080580343
32.9261,0.080582404
32.9292,0.080584464
32.9323,0.080586525
32.9354,0.080588585
32.9385,0.080590645
32.9417,0.080592704
32.9448,0.080594764
32.9479,0.080596823
32.951,0.080598882
32.9541,0.080600941
32.9572,0.080602999
32.9604,0.080605058
32.9635,0.080607116
32.9666,0.080609173
32.9697,0.080611231
32.9728,0.080613288
32.976,0.080615345
32.9791,0.080617402
32.9822,0.080619458
32.9853,0.080621514
32.9884,0.08062357
32.9916,0.080625626
32.9947,0.080627681
32.9978,0.080629736
33.0009,0.080631791
33.004,0.080633845
33.0072,0.080635899
33.0103,0.080637953
33.0134,0.080640006
33.0165,0.080642059
33.0196,0.080644112
33.0227,0.080646165
33.0259,0.080648217
33.029,0.080650269
33.0321,0.08065232
33.0352,0.080654371
33.0383,0.080656422
33.0415,0.080658473
33.0446,0.080660523
33.0477,0.080662573
33.0508,0.080664622
33.0539,0.080666671
33.0571,0.08066872
33.0602,0.080670769
33.0633,0.080672817
33.0664,0.080674864
33.0695,0.080676912
33.0727,0.080678959
33.0758,0.080681006
33.0789,0.080683052
33.082,0.080685098
33.0851,0.080687144
33.0882,0.080689189
33.0914,0.080691234
33.0945,0.080693279
33.0976,0.080695323
33.1007,0.080697367
33.1038,0.08069941
33.107,0.080701454
33.1101,0.080703497
33.1132,0.080705539
33.1163,0.080707581
33.1194,0.080709623
33.1226,0.080711664
33.1257,0.080713705
33.1288,0.080715746
33.1319,0.080717786
33.135,0.080719826
33.1382,0.080721866
33.1413,0.080723905
33.1444,0.080725943
33.1475,0.080727982
33.1506,0.08073002
33.1537,0.080732057
33.1569,0.080734095
33.16,0.080736131
33.1631,0.080738168
33.1662,0.080740204
33.1693,0.080742239
33.1725,0.080744275
33.1756,0.08074631
33.1787,0.080748344
33.1818,0.080750378
33.1849,0.080752412
33.1881,0.080754445
33.1912,0.080756478
33.1943,0.08075851
33.1974,0.080760542
33.2005,0.080762574
33.2037,0.080764605
33.2068,0.080766636
33.2099,0.080768667
33.213,0.080770697
33.2161,0.080772726
33.2192,0.080774756
33.2224,0.080776784
33.2255,0.080778813
33.2286,0.080780841
33.2317,0.080782868
33.2348,0.080784896
33.238,0.080786922
33.2411,0.080788949
33.2442,0.080790975
33.2473,0.080793
33.2504,0.080795025
33.2536,0.08079705
33.2567,0.080799074
33.2598,0.080801098
33.2629,0.080803122
33.266,0.080805145
33.2692,0.080807167
33.2723,0.08080919
33.2754,0.080811212
33.2785,0.080813233
33.2816,0.080815254
33.2847,0.080817275
33.2879,0.080819295
33.291,0.080821315
33.2941,0.080823334
33.2972,0.080825353
33.3003,0.080827372
33.3035,0.08082939
33.3066,0.080831408
33.3097,0.080833425
33.3128,0.080835442
33.3159,0.080837459
33.3191,0.080839475
33.3222,0.080841491
33.3253,0.080843506
33.3284,0.080845521
33.3315,0.080847536
33.3347,0.08084955
33.3378,0.080851564
33.3409,0.080853577
33.344,0.08085559
33.3471,0.080857603
33.3502,0.080859615
33.3534,0.080861627
33.3565,0.080863638
33.3596,0.080865649
33.3627,0.080867659
33.3658,0.080869669
33.369,0.080871679
33.3721,0.080873688
33.3752,0.080875697
33.3783,0.080877706
33.3814,0.080879714
33.3846,0.080881722
33.3877,0.080883729
33.3908,0.080885736
33.3939,0.080887742
33.397,0.080889749
33.4002,0.080891754
33.4033,0.08089376
33.4064,0.080895765
33.4095,0.080897769
33.4126,0.080899773
33.4157,0.080901777
33.4189,0.08090378
33.422,0.080905783
33.4251,0.080907786
33.4282,0.080909788
33.4313,0.08091179
33.4345,0.080913791
33.4376,0.080915792
33.4407,0.080917792
33.4438,0.080919793
33.4469,0.080921792
33.4501,0.080923791
33.4532,0.08092579
33.4563,0.080927789
33.4594,0.080929787
33.4625,0.080931785
33.4656,0.080933782
33.4688,0.080935779
33.4719,0.080937776
33.475,0.080939772
33.4781,0.080941767
33.4812,0.080943763
33.4844,0.080945758
33.4875,0.080947752
33.4906,0.080949746
33.4937,0.08095174
33.4968,0.080953733
33.5,0.080955727
33.5031,0.080957719
33.5062,0.080959711
33.5093,0.080961703
33.5124,0.080963694
33.5156,0.080965685
33.5187,0.080967676
33.5218,0.080969666
33.5249,0.080971656
33.528,0.080973645
33.5311,0.080975634
33.5343,0.080977623
33.5374,0.080979611
33.5405,0.080981599
33.5436,0.080983587
33.5467,0.080985574
33.5499,0.08098756
33.553,0.080989547
33.5561,0.080991533
33.5592,0.080993518
33.5623,0.080995504
33.5655,0.080997488
33.5686,0.080999473
33.5717,0.081001457
33.5748,0.081003441
33.5779,0.081005424
33.5811,0.081007407
33.5842,0.08100939
33.5873,0.081011372
33.5904,0.081013354
33.5935,0.081015335
33.5966,0.081017316
33.5998,0.081019297
33.6029,0.081021277
33.606,0.081023257
33.6091,0.081025237
33.6122,0.081027216
33.6154,0.081029195
33.6185,0.081031174
33.6216,0.081033152
33.6247,0.08103513
33.6278,0.081037107
33.631,0.081039084
33.6341,0.081041061
33.6372,0.081043037
33.6403,0.081045013
33.6434,0.081046989
33.6466,0.081048964
33.6497,0.081050939
33.6528,0.081052914
33.6559,0.081054888
33.659,0.081056862
33.6621,0.081058835
33.6653,0.081060809
33.6684,0.081062781
33.6715,0.081064754
33.6746,0.081066726
33.6777,0.081068698
33.6809,0.081070669
33.684,0.08107264
33.6871,0.08107461
33.6902,0.081076581
33.6933,0.08107855
33.6965,0.08108052
33.6996,0.081082489
33.7027,0.081084458
33.7058,0.081086426
33.7089,0.081088394
33.7121,0.081090362
33.7152,0.081092329
33.7183,0.081094296
33.7214,0.081096263
33.7245,0.081098229
33.7276,0.081100195
33.7308,0.08110216
33.7339,0.081104125
33.737,0.08110609
33.7401,0.081108054
33.7432,0.081110019
33.7464,0.081111982
33.7495,0.081113945
33.7526,0.081115908
33.7557,0.081117871
33.7588,0.081119833
33.762,0.081121795
33.7651,0.081123756
33.7682,0.081125717
33.7713,0.081127678
33.7744,0.081129638
33.7776,0.081131598
33.7807,0.081133557
33.7838,0.081135517
33.7869,0.081137476
33.79,0.081139434
33.7931,0.081141392
33.7963,0.08114335
33.7994,0.081145307
33.8025,0.081147264
33.8056,0.08114922
33.8087,0.081151177
33.8119,0.081153133
33.815,0.081155088
33.8181,0.081157043
33.8212,0.081158998
33.8243,0.081160952
33.8275,0.081162906
33.8306,0.08116486
33.8337,0.081166813
33.8368,0.081168766
33.8399,0.081170718
33.8431,0.08117267
33.8462,0.081174622
33.8493,0.081176573
33.8524,0.081178524
33.8555,0.081180475
33.8586,0.081182425
33.8618,0.081184375
33.8649,0.081186324
33.868,0.081188273
33.8711,0.081190222
33.8742,0.08119217
33.8774,0.081194118
33.8805,0.081196065
33.8836,0.081198012
33.8867,0.081199959
33.8898,0.081201906
33.893,0.081203852
33.8961,0.081205797
33.8992,0.081207742
33.9023,0.081209687
33.9054,0.081211632
33.9086,0.081213576
33.9117,0.08121552
33.9148,0.081217463
33.9179,0.081219406
33.921,0.081221348
33.9241,0.081223291
33.9273,0.081225232
33.9304,0.081227174
33.9335,0.081229115
33.9366,0.081231056
33.9397,0.081232996
33.9429,0.081234936
33.946,0.081236875
33.9491,0.081238815
33.9522,0.081240753
33.9553,0.081242692
33.9585,0.08124463
33.9616,0.081246567
33.9647,0.081248504
33.9678,0.081250441
33.9709,0.081252378
33.9741,0.081254314
33.9772,0.08125625
33.9803,0.081258185
33.9834,0.08126012
33.9865,0.081262055
33.9896,0.081263989
33.9928,0.081265923
33.9959,0.081267856
33.999,0.081269789
34.0021,0.081271722
34.0052,0.081273654
34.0084,0.081275586
34.0115,0.081277518
34.0146,0.081279449
34.0177,0.08128138
34.0208,0.08128331
34.024,0.08128524
34.0271,0.08128717
34.0302,0.081289099
34.0333,0.081291028
34.0364,0.081292957
34.0395,0.081294885
34.0427,0.081296812
34.0458,0.08129874
34.0489,0.081300667
34.052,0.081302594
34.0551,0.08130452
34.0583,0.081306446
34.0614,0.081308371
34.0645,0.081310296
34.0676,0.081312221
34.0707,0.081314145
34.0739,0.081316069
34.077,0.081317993
34.0801,0.081319916
34.0832,0.081321839
34.0863,0.081323762
34.0895,0.081325684
34.0926,0.081327606
34.0957,0.081329527
34.0988,0.081331448
34.1019,0.081333369
34.105,0.081335289
34.1082,0.081337209
34.1113,0.081339129
34.1144,0.081341048
34.1175,0.081342967
34.1206,0.081344885
34.1238,0.081346803
34.1269,0.081348721
34.13,0.081350638
34.1331,0.081352555
34.1362,0.081354471
34.1394,0.081356388
34.1425,0.081358303
34.1456,0.081360218
34.1487,0.081362133
34.1518,0.081364047
34.155,0.081365961
34.1581,0.081367874
34.1612,0.081369787
34.1643,0.081371699
34.1674,0.08137361
34.1705,0.081375521
34.1737,0.081377432
34.1768,0.081379341
34.1799,0.08138125
34.183,0.081383158
34.1861,0.081385066
34.1893,0.081386973
34.1924,0.081388878
34.1955,0.081390783
34.1986,0.081392687
34.2017,0.081394591
34.2049,0.081396493
34.208,0.081398394
34.2111,0.081400294
34.2142,0.081402193
34.2173,0.08140409
34.2205,0.081405987
34.2236,0.081407882
34.2267,0.081409776
34.2298,0.081411668
34.2329,0.081413559
34.236,0.081415449
34.2392,0.081417337
34.2423,0.081419223
34.2454,0.081421107
34.2485,0.08142299
34.2516,0.081424871
34.2548,0.08142675
34.2579,0.081428627
34.261,0.081430503
34.2641,0.081432377
34.2672,0.081434248
34.2704,0.081436118
34.2735,0.081437986
34.2766,0.081439853
34.2797,0.081441717
34.2828,0.08144358
34.286,0.081445441
34.2891,0.0814473
34.2922,0.081449158
34.2953,0.081451014
34.2984,0.081452869
34.3015,0.081454723
34.3047,0.081456575
34.3078,0.081458427
34.3109,0.081460277
34.314,0.081462126
34.3171,0.081463974
34.3203,0.081465822
34.3234,0.081467669
34.3265,0.081469516
34.3296,0.081471362
34.3327,0.081473207
34.3359,0.081475053
34.339,0.081476898
34.3421,0.081478743
34.3452,0.081480588
34.3483,0.081482432
34.3515,0.081484278
34.3546,0.081486123
34.3577,0.081487968
34.3608,0.081489814
34.3639,0.08149166
34.367,0.081493507
34.3702,0.081495354
34.3733,0.081497202
34.3764,0.08149905
34.3795,0.081500898
34.3826,0.081502747
34.3858,0.081504597
34.3889,0.081506448
34.392,0.081508299
34.3951,0.08151015
34.3982,0.081512003
34.4014,0.081513856
34.4045,0.08151571
34.4076,0.081517564
34.4107,0.081519419
34.4138,0.081521275
34.417,0.081523131
34.4201,0.081524988
34.4232,0.081526846
34.4263,0.081528704
34.4294,0.081530563
34.4325,0.081532422
34.4357,0.081534282
34.4388,0.081536142
34.4419,0.081538003
34.445,0.081539865
34.4481,0.081541726
34.4513,0.081543588
34.4544,0.081545451
34.4575,0.081547314
34.4606,0.081549177
34.4637,0.081551041
34.4669,0.081552905
34.47,0.081554769
34.4731,0.081556633
34.4762,0.081558498
34.4793,0.081560363
34.4825,0.081562228
34.4856,0.081564093
34.4887,0.081565958
34.4918,0.081567823
34.4949,0.081569689
34.498,0.081571554
34.5012,0.081573419
34.5043,0.081575285
34.5074,0.08157715
34.5105,0.081579015
34.5136,0.08158088
34.5168,0.081582745
34.5199,0.08158461
34.523,0.081586475
34.5261,0.08158834
34.5292,0.081590204
34.5324,0.081592069
34.5355,0.081593933
34.5386,0.081595797
34.5417,0.081597661
34.5448,0.081599524
34.548,0.081601388
34.5511,0.081603251
34.5542,0.081605113
34.5573,0.081606976
34.5604,0.081608838
34.5635,0.0816107
34.5667,0.081612561
34.5698,0.081614423
34.5729,0.081616284
34.576,0.081618144
34.5791,0.081620004
34.5823,0.081621865
34.5854,0.081623724
34.5885,0.081625584
34.5916,0.081627442
34.5947,0.081629301
34.5979,0.081631159
34.601,0.081633017
34.6041,0.081634875
34.6072,0.081636732
34.6103,0.081638589
34.6134,0.081640446
34.6166,0.081642302
34.6197,0.081644158
34.6228,0.081646013
34.6259,0.081647868
34.629,0.081649723
34.6322,0.081651578
34.6353,0.081653432
34.6384,0.081655285
34.6415,0.081657139
34.6446,0.081658992
34.6478,0.081660845
34.6509,0.081662697
34.654,0.081664549
34.6571,0.081666401
34.6602,0.081668252
34.6634,0.081670103
34.6665,0.081671954
34.6696,0.081673805
34.6727,0.081675655
34.6758,0.081677505
34.6789,0.081679354
34.6821,0.081681203
34.6852,0.081683052
34.6883,0.081684901
34.6914,0.081686749
34.6945,0.081688597
34.6977,0.081690445
34.7008,0.081692292
34.7039,0.081694139
34.707,0.081695986
34.7101,0.081697832
34.7133,0.081699678
34.7164,0.081701524
34.7195,0.081703369
34.7226,0.081705214
34.7257,0.081707059
34.7289,0.081708903
34.732,0.081710748
34.7351,0.081712591
34.7382,0.081714435
34.7413,0.081716278
34.7444,0.081718121
34.7476,0.081719963
34.7507,0.081721805
34.7538,0.081723647
34.7569,0.081725488
34.76,0.08172733
34.7632,0.08172917
34.7663,0.081731011
34.7694,0.081732851
34.7725,0.08173469
34.7756,0.08173653
34.7788,0.081738369
34.7819,0.081740207
34.785,0.081742045
34.7881,0.081743883
34.7912,0.081745721
34.7944,0.081747558
34.7975,0.081749394
34.8006,0.08175123
34.8037,0.081753066
34.8068,0.081754902
34.8099,0.081756737
34.8131,0.081758572
34.8162,0.081760406
34.8193,0.08176224
34.8224,0.081764073
34.8255,0.081765906
34.8287,0.081767739
34.8318,0.081769571
34.8349,0.081771403
34.838,0.081773234
34.8411,0.081775065
34.8443,0.081776896
34.8474,0.081778726
34.8505,0.081780556
34.8536,0.081782385
34.8567,0.081784214
34.8599,0.081786043
34.863,0.081787871
34.8661,0.081789699
34.8692,0.081791526
34.8723,0.081793353
34.8754,0.08179518
34.8786,0.081797006
34.8817,0.081798832
34.8848,0.081800657
34.8879,0.081802482
34.891,0.081804307
34.8942,0.081806131
34.8973,0.081807955
34.9004,0.081809778
34.9035,0.081811601
34.9066,0.081813424
34.9098,0.081815247
34.9129,0.081817069
34.916,0.08181889
34.9191,0.081820711
34.9222,0.081822532
34.9254,0.081824353
34.9285,0.081826173
34.9316,0.081827993
34.9347,0.081829812
34.9378,0.081831631
34.9409,0.08183345
34.9441,0.081835268
34.9472,0.081837087
34.9503,0.081838904
34.9534,0.081840722
34.9565,0.081842539
34.9597,0.081844355
34.9628,0.081846172
34.9659,0.081847988
34.969,0.081849803
34.9721,0.081851619
34.9753,0.081853434
34.9784,0.081855248
34.9815,0.081857062
34.9846,0.081858876
34.9877,0.08186069
34.9909,0.081862503
34.994,0.081864316
34.9971,0.081866128
35.0002,0.081867941
35.0033,0.081869753
35.0064,0.081871564
35.0096,0.081873375
35.0127,0.081875186
35.0158,0.081876996
35.0189,0.081878807
35.022,0.081880616
35.0252,0.081882426
35.0283,0.081884235
35.0314,0.081886044
35.0345,0.081887852
35.0376,0.08188966
35.0408,0.081891468
35.0439,0.081893275
35.047,0.081895082
35.0501,0.081896889
35.0532,0.081898695
35.0564,0.081900501
35.0595,0.081902307
35.0626,0.081904112
35.0657,0.081905917
35.0688,0.081907722
35.0719,0.081909526
35.0751,0.08191133
35.0782,0.081913133
35.0813,0.081914936
35.0844,0.081916739
35.0875,0.081918541
35.0907,0.081920343
35.0938,0.081922145
35.0969,0.081923946
35.1,0.081925747
35.1031,0.081927548
35.1063,0.081929348
35.1094,0.081931148
35.1125,0.081932947
35.1156,0.081934746
35.1187,0.081936545
35.1219,0.081938344
35.125,0.081940142
35.1281,0.081941939
35.1312,0.081943737
35.1343,0.081945534
35.1374,0.08194733
35.1406,0.081949127
35.1437,0.081950922
35.1468,0.081952718
35.1499,0.081954513
35.153,0.081956308
35.1562,0.081958103
35.1593,0.081959897
35.1624,0.08196169
35.1655,0.081963484
35.1686,0.081965277
35.1718,0.081967069
35.1749,0.081968862
35.178,0.081970654
35.1811,0.081972445
35.1842,0.081974237
35.1873,0.081976027
35.1905,0.081977818
35.1936,0.081979608
35.1967,0.081981398
35.1998,0.081983187
35.2029,0.081984977
35.2061,0.081986765
35.2092,0.081988554
35.2123,0.081990342
35.2154,0.081992129
35.2185,0.081993917
35.2217,0.081995704
35.2248,0.081997491
35.2279,0.081999277
35.231,0.082001063
35.2341,0.082002849
35.2373,0.082004634
35.2404,0.082006419
35.2435,0.082008203
35.2466,0.082009988
35.2497,0.082011771
35.2528,0.082013555
35.256,0.082015338
35.2591,0.082017121
35.2622,0.082018903
35.2653,0.082020685
35.2684,0.082022467
35.2716,0.082024249
35.2747,0.08202603
35.2778,0.082027811
35.2809,0.082029591
35.284,0.082031371
35.2872,0.082033151
35.2903,0.08203493
35.2934,0.082036709
35.2965,0.082038488
35.2996,0.082040266
35.3028,0.082042044
35.3059,0.082043822
35.309,0.082045599
35.3121,0.082047376
35.3152,0.082049152
35.3183,0.082050928
35.3215,0.082052704
35.3246,0.08205448
35.3277,0.082056255
35.3308,0.08205803
35.3339,0.082059804
35.3371,0.082061578
35.3402,0.082063352
35.3433,0.082065126
35.3464,0.082066899
35.3495,0.082068671
35.3527,0.082070444
35.3558,0.082072216
35.3589,0.082073987
35.362,0.082075759
35.3651,0.08207753
35.3683,0.0820793
35.3714,0.082081071
35.3745,0.082082841
35.3776,0.08208461
35.3807,0.082086379
35.3838,0.082088148
35.387,0.082089917
35.3901,0.082091685
35.3932,0.082093453
35.3963,0.08209522
35.3994,0.082096987
35.4026,0.082098754
35.4057,0.082100521
35.4088,0.082102287
35.4119,0.082104053
35.415,0.082105818
35.4182,0.082107583
35.4213,0.082109348
35.4244,0.082111112
35.4275,0.082112876
35.4306,0.08211464
35.4338,0.082116403
35.4369,0.082118166
35.44,0.082119928
35.4431,0.08212169
35.4462,0.082123452
35.4493,0.082125214
35.4525,0.082126975
35.4556,0.082128736
35.4587,0.082130496
35.4618,0.082132256
35.4649,0.082134016
35.4681,0.082135775
35.4712,0.082137535
35.4743,0.082139293
35.4774,0.082141052
35.4805,0.08214281
35.4837,0.082144567
35.4868,0.082146325
35.4899,0.082148082
35.493,0.082149838
35.4961,0.082151595
35.4993,0.082153351
35.5024,0.082155106
35.5055,0.082156861
35.5086,0.082158617
35.5117,0.082160371
35.5148,0.082162125
35.518,0.082163879
35.5211,0.082165633
35.5242,0.082167386
35.5273,0.082169139
35.5304,0.082170891
35.5336,0.082172643
35.5367,0.082174395
35.5398,0.082176147
35.5429,0.082177898
35.546,0.082179648
35.5492,0.082181399
35.5523,0.082183149
35.5554,0.082184899
35.5585,0.082186648
35.5616,0.082188397
35.5648,0.082190146
35.5679,0.082191894
35.571,0.082193642
35.5741,0.08219539
35.5772,0.082197137
35.5803,0.082198884
35.5835,0.082200631
35.5866,0.082202377
35.5897,0.082204123
35.5928,0.082205869
35.5959,0.082207614
35.5991,0.082209359
35.6022,0.082211104
35.6053,0.082212848
35.6084,0.082214592
35.6115,0.082216336
35.6147,0.082218079
35.6178,0.082219822
35.6209,0.082221564
35.624,0.082223307
35.6271,0.082225049
35.6303,0.08222679
35.6334,0.082228531
35.6365,0.082230272
35.6396,0.082232013
35.6427,0.082233753
35.6458,0.082235493
35.649,0.082237233
35.6521,0.082238972
35.6552,0.082240711
35.6583,0.08224245
35.6614,0.082244188
35.6646,0.082245926
35.6677,0.082247663
35.6708,0.082249401
35.6739,0.082251138
35.677,0.082252874
35.6802,0.082254611
35.6833,0.082256346
35.6864,0.082258082
35.6895,0.082259817
35.6926,0.082261552
35.6958,0.082263287
35.6989,0.082265021
35.702,0.082266755
35.7051,0.082268488
35.7082,0.082270222
35.7113,0.082271954
35.7145,0.082273687
35.7176,0.082275419
35.7207,0.082277151
35.7238,0.082278883
35.7269,0.082280614
35.7301,0.082282345
35.7332,0.082284075
35.7363,0.082285806
35.7394,0.082287535
35.7425,0.082289265
35.7457,0.082290994
35.7488,0.082292723
35.7519,0.082294452
35.755,0.08229618
35.7581,0.082297908
35.7612,0.082299635
35.7644,0.082301363
35.7675,0.08230309
35.7706,0.082304816
35.7737,0.082306542
35.7768,0.082308268
35.78,0.082309994
35.7831,0.082311719
35.7862,0.082313444
35.7893,0.082315168
35.7924,0.082316893
35.7956,0.082318616
35.7987,0.08232034
35.8018,0.082322063
35.8049,0.082323786
35.808,0.082325508
35.8112,0.082327231
35.8143,0.082328952
35.8174,0.082330674
35.8205,0.082332395
35.8236,0.082334116
35.8267,0.082335836
35.8299,0.082337557
35.833,0.082339277
35.8361,0.082340996
35.8392,0.082342715
35.8423,0.082344434
35.8455,0.082346153
35.8486,0.082347871
35.8517,0.082349589
35.8548,0.082351306
35.8579,0.082353023
35.8611,0.08235474
35.8642,0.082356456
35.8673,0.082358173
35.8704,0.082359888
35.8735,0.082361604
35.8767,0.082363319
35.8798,0.082365034
35.8829,0.082366748
35.886,0.082368462
35.8891,0.082370176
35.8922,0.08237189
35.8954,0.082373603
35.8985,0.082375316
35.9016,0.082377028
35.9047,0.08237874
35.9078,0.082380452
35.911,0.082382163
35.9141,0.082383875
35.9172,0.082385585
35.9203,0.082387296
35.9234,0.082389006
35.9266,0.082390716
35.9297,0.082392425
35.9328,0.082394134
35.9359,0.082395843
35.939,0.082397552
35.9422,0.08239926
35.9453,0.082400968
35.9484,0.082402675
35.9515,0.082404382
35.9546,0.082406089
35.9577,0.082407796
35.9609,0.082409502
35.964,0.082411207
35.9671,0.082412913
35.9702,0.082414618
35.9733,0.082416323
35.9765,0.082418027
35.9796,0.082419731
35.9827,0.082421435
35.9858,0.082423139
35.9889,0.082424842
35.9921,0.082426545
35.9952,0.082428247
35.9983,0.082429949
36.0014,0.082431651
36.0045,0.082433353
36.0077,0.082435054
36.0108,0.082436755
36.0139,0.082438455
36.017,0.082440155
36.0201,0.082441855
36.0232,0.082443554
36.0264,0.082445254
36.0295,0.082446952
36.0326,0.082448651
36.0357,0.082450349
36.0388,0.082452047
36.042,0.082453744
36.0451,0.082455442
36.0482,0.082457138
36.0513,0.082458835
36.0544,0.082460531
36.0576,0.082462227
36.0607,0.082463922
36.0638,0.082465617
36.0669,0.082467312
36.07,0.082469007
36.0732,0.082470701
36.0763,0.082472395
36.0794,0.082474088
36.0825,0.082475781
36.0856,0.082477474
36.0887,0.082479167
36.0919,0.082480859
36.095,0.082482551
36.0981,0.082484242
36.1012,0.082485934
36.1043,0.082487625
36.1075,0.082489315
36.1106,0.082491005
36.1137,0.082492695
36.1168,0.082494385
36.1199,0.082496074
36.1231,0.082497763
36.1262,0.082499452
36.1293,0.08250114
36.1324,0.082502828
36.1355,0.082504515
36.1387,0.082506203
36.1418,0.082507889
36.1449,0.082509576
36.148,0.082511262
36.1511,0.082512948
36.1542,0.082514634
36.1574,0.082516319
36.1605,0.082518004
36.1636,0.082519688
36.1667,0.082521373
36.1698,0.082523057
36.173,0.08252474
36.1761,0.082526424
36.1792,0.082528107
36.1823,0.082529789
36.1854,0.082531472
36.1886,0.082533154
36.1917,0.082534835
36.1948,0.082536517
36.1979,0.082538198
36.201,0.082539878
36.2042,0.082541559
36.2073,0.082543239
36.2104,0.082544918
36.2135,0.082546598
36.2166,0.082548277
36.2197,0.082549956
36.2229,0.082551634
36.226,0.082553312
36.2291,0.08255499
36.2322,0.082556667
36.2353,0.082558344
36.2385,0.082560021
36.2416,0.082561698
36.2447,0.082563374
36.2478,0.082565049
36.2509,0.082566725
36.2541,0.0825684
36.2572,0.082570075
36.2603,0.082571749
36.2634,0.082573424
36.2665,0.082575097
36.2697,0.082576771
36.2728,0.082578444
36.2759,0.082580117
36.279,0.08258179
36.2821,0.082583462
36.2852,0.082585134
36.2884,0.082586805
36.2915,0.082588477
36.2946,0.082590148
36.2977,0.082591818
36.3008,0.082593489
36.304,0.082595159
36.3071,0.082596828
36.3102,0.082598498
36.3133,0.082600167
36.3164,0.082601835
36.3196,0.082603504
36.3227,0.082605172
36.3258,0.08260684
36.3289,0.082608507
36.332,0.082610174
36.3351,0.082611841
36.3383,0.082613508
36.3414,0.082615174
36.3445,0.08261684
36.3476,0.082618505
36.3507,0.08262017
36.3539,0.082621835
36.357,0.0826235
36.3601,0.082625164
36.3632,0.082626828
36.3663,0.082628492
36.3695,0.082630155
36.3726,0.082631818
36.3757,0.082633481
36.3788,0.082635143
36.3819,0.082636805
36.3851,0.082638467
36.3882,0.082640129
36.3913,0.08264179
36.3944,0.082643451
36.3975,0.082645111
36.4006,0.082646771
36.4038,0.082648431
36.4069,0.082650091
36.41,0.08265175
36.4131,0.082653409
36.4162,0.082655068
36.4194,0.082656726
36.4225,0.082658384
36.4256,0.082660042
36.4287,0.082661699
36.4318,0.082663356
36.435,0.082665013
36.4381,0.082666669
36.4412,0.082668326
36.4443,0.082669981
36.4474,0.082671637
36.4506,0.082673292
36.4537,0.082674947
36.4568,0.082676602
36.4599,0.082678256
36.463,0.08267991
36.4661,0.082681564
36.4693,0.082683217
36.4724,0.08268487
36.4755,0.082686523
36.4786,0.082688175
36.4817,0.082689827
36.4849,0.082691479
36.488,0.082693131
36.4911,0.082694782
36.4942,0.082696433
36.4973,0.082698083
36.5005,0.082699734
36.5036,0.082701384
36.5067,0.082703033
36.5098,0.082704683
36.5129,0.082706332
36.5161,0.08270798
36.5192,0.082709629
36.5223,0.082711277
36.5254,0.082712925
36.5285,0.082714572
36.5316,0.082716219
36.5348,0.082717866
36.5379,0.082719513
36.541,0.082721159
36.5441,0.082722805
36.5472,0.082724451
36.5504,0.082726096
36.5535,0.082727741
36.5566,0.082729386
36.5597,0.082731031
36.5628,0.082732675
36.566,0.082734319
36.5691,0.082735962
36.5722,0.082737605
36.5753,0.082739248
36.5784,0.082740891
36.5816,0.082742533
36.5847,0.082744175
36.5878,0.082745817
36.5909,0.082747458
36.594,0.082749099
36.5971,0.08275074
36.6003,0.082752381
36.6034,0.082754021
36.6065,0.08275566
36.6096,0.0827573
36.6127,0.082758939
36.6159,0.082760578
36.619,0.082762217
36.6221,0.082763855
36.6252,0.082765493
36.6283,0.082767131
36.6315,0.082768769
36.6346,0.082770406
36.6377,0.082772043
36.6408,0.082773679
36.6439,0.082775315
36.6471,0.082776951
36.6502,0.082778587
36.6533,0.082780222
36.6564,0.082781857
36.6595,0.082783492
36.6626,0.082785126
36.6658,0.08278676
36.6689,0.082788394
36.672,0.082790027
36.6751,0.082791661
36.6782,0.082793293
36.6814,0.082794926
36.6845,0.082796558
36.6876,0.08279819
36.6907,0.082799822
36.6938,0.082801453
36.697,0.082803084
36.7001,0.082804715
36.7032,0.082806345
36.7063,0.082807975
36.7094,0.082809605
36.7126,0.082811235
36.7157,0.082812864
36.7188,0.082814493
36.7219,0.082816122
36.725,0.08281775
36.7281,0.082819378
36.7313,0.082821006
36.7344,0.082822633
36.7375,0.08282426
36.7406,0.082825887
36.7437,0.082827514
36.7469,0.08282914
36.75,0.082830766
36.7531,0.082832391
36.7562,0.082834017
36.7593,0.082835642
36.7625,0.082837266
36.7656,0.082838891
36.7687,0.082840515
36.7718,0.082842138
36.7749,0.082843762
36.7781,0.082845385
36.7812,0.082847008
36.7843,0.082848631
36.7874,0.082850253
36.7905,0.082851875
36.7936,0.082853497
36.7968,0.082855118
36.7999,0.082856739
36.803,0.08285836
36.8061,0.08285998
36.8092,0.0828616
36.8124,0.08286322
36.8155,0.08286484
36.8186,0.082866459
36.8217,0.082868078
36.8248,0.082869697
36.828,0.082871315
36.8311,0.082872933
36.8342,0.082874551
36.8373,0.082876169
36.8404,0.082877786
36.8436,0.082879403
36.8467,0.082881019
36.8498,0.082882636
36.8529,0.082884252
36.856,0.082885867
36.8591,0.082887483
36.8623,0.082889098
36.8654,0.082890713
36.8685,0.082892327
36.8716,0.082893941
36.8747,0.082895555
36.8779,0.082897169
36.881,0.082898782
36.8841,0.082900395
36.8872,0.082902008
36.8903,0.08290362
36.8935,0.082905232
36.8966,0.082906844
36.8997,0.082908456
36.9028,0.082910067
36.9059,0.082911678
36.909,0.082913288
36.9122,0.082914899
36.9153,0.082916509
36.9184,0.082918118
36.9215,0.082919728
36.9246,0.082921337
36.9278,0.082922946
36.9309,0.082924554
36.934,0.082926163
36.9371,0.082927771
36.9402,0.082929378
36.9434,0.082930986
36.9465,0.082932593
36.9496,0.082934199
36.9527,0.082935806
36.9558,0.082937412
36.959,0.082939018
36.9621,0.082940624
36.9652,0.082942229
36.9683,0.082943834
36.9714,0.082945438
36.9745,0.082947043
36.9777,0.082948647
36.9808,0.082950251
36.9839,0.082951854
36.987,0.082953457
36.9901,0.08295506
36.9933,0.082956663
36.9964,0.082958265
36.9995,0.082959867
37.0026,0.082961469
37.0057,0.082963071
37.0089,0.082964672
37.012,0.082966273
37.0151,0.082967873
37.0182,0.082969473
37.0213,0.082971073
37.0245,0.082972673
37.0276,0.082974272
37.0307,0.082975871
37.0338,0.08297747
37.0369,0.082979069
37.04,0.082980667
37.0432,0.082982265
37.0463,0.082983862
37.0494,0.08298546
37.0525,0.082987057
37.0556,0.082988653
37.0588,0.08299025
37.0619,0.082991846
37.065,0.082993442
37.0681,0.082995037
37.0712,0.082996633
37.0744,0.082998228
37.0775,0.082999822
37.0806,0.083001417
37.0837,0.083003011
37.0868,0.083004605
37.09,0.083006198
37.0931,0.083007792
37.0962,0.083009385
37.0993,0.083010977
37.1024,0.08301257
37.1055,0.083014162
37.1087,0.083015753
37.1118,0.083017345
37.1149,0.083018936
37.118,0.083020527
37.1211,0.083022118
37.1243,0.083023708
37.1274,0.083025298
37.1305,0.083026888
37.1336,0.083028477
37.1367,0.083030066
37.1399,0.083031655
37.143,0.083033244
37.1461,0.083034832
37.1492,0.08303642
37.1523,0.083038008
37.1555,0.083039595
37.1586,0.083041182
37.1617,0.083042769
37.1648,0.083044356
37.1679,0.083045942
37.171,0.083047528
37.1742,0.083049114
37.1773,0.083050699
37.1804,0.083052285
37.1835,0.083053869
37.1866,0.083055454
37.1898,0.083057038
37.1929,0.083058622
37.196,0.083060206
37.1991,0.083061789
37.2022,0.083063372
37.2054,0.083064955
37.2085,0.083066538
37.2116,0.08306812
37.2147,0.083069702
37.2178,0.083071284
37.221,0.083072865
37.2241,0.083074446
37.2272,0.083076027
37.2303,0.083077607
37.2334,0.083079188
37.2365,0.083080768
37.2397,0.083082347
37.2428,0.083083927
37.2459,0.083085506
37.249,0.083087085
37.2521,0.083088663
37.2553,0.083090241
37.2584,0.083091819
37.2615,0.083093397
37.2646,0.083094974
37.2677,0.083096552
37.2709,0.083098128
37.274,0.083099705
37.2771,0.083101281
37.2802,0.083102857
37.2833,0.083104433
37.2865,0.083106008
37.2896,0.083107583
37.2927,0.083109158
37.2958,0.083110733
37.2989,0.083112307
37.302,0.083113881
37.3052,0.083115454
37.3083,0.083117028
37.3114,0.083118601
37.3145,0.083120173
37.3176,0.083121746
37.3208,0.083123318
37.3239,0.08312489
37.327,0.083126462
37.3301,0.083128033
37.3332,0.083129604
37.3364,0.083131175
37.3395,0.083132746
37.3426,0.083134316
37.3457,0.083135886
37.3488,0.083137455
37.352,0.083139025
37.3551,0.083140594
37.3582,0.083142163
37.3613,0.083143731
37.3644,0.0831453
37.3675,0.083146867
37.3707,0.083148435
37.3738,0.083150002
37.3769,0.083151569
37.38,0.083153136
37.3831,0.083154703
37.3863,0.083156269
37.3894,0.083157835
37.3925,0.083159401
37.3956,0.083160966
37.3987,0.083162531
37.4019,0.083164096
37.405,0.08316566
37.4081,0.083167225
37.4112,0.083168789
37.4143,0.083170352
37.4175,0.083171916
37.4206,0.083173479
37.4237,0.083175042
37.4268,0.083176604
37.4299,0.083178166
37.433,0.083179728
37.4362,0.08318129
37.4393,0.083182852
37.4424,0.083184413
37.4455,0.083185974
37.4486,0.083187534
37.4518,0.083189095
37.4549,0.083190655
37.458,0.083192214
37.4611,0.083193774
37.4642,0.083195333
37.4674,0.083196892
37.4705,0.08319845
37.4736,0.083200009
37.4767,0.083201567
37.4798,0.083203124
37.4829,0.083204682
37.4861,0.083206239
37.4892,0.083207796
37.4923,0.083209352
37.4954,0.083210909
37.4985,0.083212465
37.5017,0.08321402
37.5048,0.083215576
37.5079,0.083217131
37.511,0.083218686
37.5141,0.083220241
37.5173,0.083221795
37.5204,0.083223349
37.5235,0.083224903
37.5266,0.083226456
37.5297,0.08322801
37.5329,0.083229563
37.536,0.083231115
37.5391,0.083232668
37.5422,0.08323422
37.5453,0.083235771
37.5484,0.083237323
37.5516,0.083238874
37.5547,0.083240425
37.5578,0.083241976
37.5609,0.083243526
37.564,0.083245077
37.5672,0.083246626
37.5703,0.083248176
37.5734,0.083249725
37.5765,0.083251274
37.5796,0.083252823
37.5828,0.083254371
37.5859,0.083255919
37.589,0.083257467
37.5921,0.083259015
37.5952,0.083260562
37.5984,0.083262109
37.6015,0.083263656
37.6046,0.083265203
37.6077,0.083266749
37.6108,0.083268295
37.6139,0.083269841
37.6171,0.083271386
37.6202,0.083272931
37.6233,0.083274476
37.6264,0.083276021
37.6295,0.083277565
37.6327,0.083279109
37.6358,0.083280652
37.6389,0.083282196
37.642,0.083283739
37.6451,0.083285282
37.6483,0.083286824
37.6514,0.083288367
37.6545,0.083289909
37.6576,0.083291451
37.6607,0.083292992
37.6639,0.083294533
37.667,0.083296074
37.6701,0.083297615
37.6732,0.083299155
37.6763,0.083300695
37.6794,0.083302235
37.6826,0.083303775
37.6857,0.083305314
37.6888,0.083306853
37.6919,0.083308391
37.695,0.08330993
37.6982,0.083311468
37.7013,0.083313006
37.7044,0.083314544
37.7075,0.083316081
37.7106,0.083317618
37.7138,0.083319155
37.7169,0.083320691
37.72,0.083322227
37.7231,0.083323763
37.7262,0.083325299
37.7294,0.083326835
37.7325,0.08332837
37.7356,0.083329904
37.7387,0.083331439
37.7418,0.083332973
37.7449,0.083334507
37.7481,0.083336041
37.7512,0.083337574
37.7543,0.083339107
37.7574,0.08334064
37.7605,0.083342173
37.7637,0.083343705
37.7668,0.083345237
37.7699,0.083346769
37.773,0.0833483
37.7761,0.083349832
37.7793,0.083351363
37.7824,0.083352893
37.7855,0.083354424
37.7886,0.083355954
37.7917,0.083357484
37.7949,0.083359013
37.798,0.083360543
37.8011,0.083362072
37.8042,0.0833636
37.8073,0.083365129
37.8104,0.083366657
37.8136,0.083368185
37.8167,0.083369713
37.8198,0.08337124
37.8229,0.083372767
37.826,0.083374294
37.8292,0.08337582
37.8323,0.083377347
37.8354,0.083378873
37.8385,0.083380398
37.8416,0.083381924
37.8448,0.083383449
37.8479,0.083384974
37.851,0.083386498
37.8541,0.083388023
37.8572,0.083389547
37.8604,0.083391071
37.8635,0.083392594
37.8666,0.083394117
37.8697,0.08339564
37.8728,0.083397163
37.8759,0.083398685
37.8791,0.083400208
37.8822,0.08340173
37.8853,0.083403251
37.8884,0.083404773
37.8915,0.083406294
37.8947,0.083407815
37.8978,0.083409335
37.9009,0.083410855
37.904,0.083412375
37.9071,0.083413895
37.9103,0.083415415
37.9134,0.083416934
37.9165,0.083418453
37.9196,0.083419971
37.9227,0.083421489
37.9259,0.083423007
37.929,0.083424525
37.9321,0.083426043
37.9352,0.08342756
37.9383,0.083429077
37.9414,0.083430593
37.9446,0.08343211
37.9477,0.083433626
37.9508,0.083435142
37.9539,0.083436658
37.957,0.083438173
37.9602,0.083439688
37.9633,0.083441203
37.9664,0.083442717
37.9695,0.083444231
37.9726,0.083445746
37.9758,0.083447259
37.9789,0.083448773
37.982,0.083450286
37.9851,0.083451799
37.9882,0.083453311
37.9914,0.083454824
37.9945,0.083456336
37.9976,0.083457848
38.0007,0.083459359
38.0038,0.08346087
38.0069,0.083462381
38.0101,0.083463892
38.0132,0.083465402
38.0163,0.083466913
38.0194,0.083468423
38.0225,0.083469932
38.0257,0.083471441
38.0288,0.083472951
38.0319,0.083474459
38.035,0.083475968
38.0381,0.083477476
38.0413,0.083478984
38.0444,0.083480492
38.0475,0.083481999
38.0506,0.083483506
38.0537,0.083485013
38.0568,0.08348652
38.06,0.083488026
38.0631,0.083489533
38.0662,0.083491038
38.0693,0.083492544
38.0724,0.083494049
38.0756,0.083495554
38.0787,0.083497059
38.0818,0.083498563
38.0849,0.083500068
38.088,0.083501572
38.0912,0.083503075
38.0943,0.083504579
38.0974,0.083506082
38.1005,0.083507585
38.1036,0.083509087
38.1068,0.083510589
38.1099,0.083512091
38.113,0.083513593
38.1161,0.083515095
38.1192,0.083516596
38.1223,0.083518097
38.1255,0.083519598
38.1286,0.083521098
38.1317,0.083522598
38.1348,0.083524098
38.1379,0.083525598
38.1411,0.083527097
38.1442,0.083528596
38.1473,0.083530095
38.1504,0.083531593
38.1535,0.083533091
38.1567,0.083534589
38.1598,0.083536087
38.1629,0.083537585
38.166,0.083539082
38.1691,0.083540579
38.1723,0.083542075
38.1754,0.083543572
38.1785,0.083545068
38.1816,0.083546564
38.1847,0.083548059
38.1878,0.083549554
38.191,0.08355105
38.1941,0.083552544
38.1972,0.083554039
38.2003,0.083555533
38.2034,0.083557027
38.2066,0.08355852
38.2097,0.083560014
38.2128,0.083561507
38.2159,0.083563
38.219,0.083564493
38.2222,0.083565985
38.2253,0.083567477
38.2284,0.083568969
38.2315,0.08357046
38.2346,0.083571952
38.2378,0.083573442
38.2409,0.083574933
38.244,0.083576424
38.2471,0.083577914
38.2502,0.083579404
38.2533,0.083580894
38.2565,0.083582383
38.2596,0.083583872
38.2627,0.083585361
38.2658,0.08358685
38.2689,0.083588338
38.2721,0.083589826
38.2752,0.083591314
38.2783,0.083592801
38.2814,0.083594288
38.2845,0.083595775
38.2877,0.083597262
38.2908,0.083598749
38.2939,0.083600235
38.297,0.083601721
38.3001,0.083603206
38.3033,0.083604692
38.3064,0.083606177
38.3095,0.083607661
38.3126,0.083609146
38.3157,0.08361063
38.3188,0.083612114
38.322,0.083613598
38.3251,0.083615082
38.3282,0.083616565
38.3313,0.083618048
38.3344,0.083619531
38.3376,0.083621013
38.3407,0.083622495
38.3438,0.083623977
38.3469,0.083625459
38.35,0.08362694
38.3532,0.083628421
38.3563,0.083629902
38.3594,0.083631383
38.3625,0.083632863
38.3656,0.083634343
38.3688,0.083635823
38.3719,0.083637303
38.375,0.083638782
38.3781,0.083640261
38.3812,0.08364174
38.3843,0.083643218
38.3875,0.083644696
38.3906,0.083646174
38.3937,0.083647652
38.3968,0.083649129
38.3999,0.083650606
38.4031,0.083652083
38.4062,0.08365356
38.4093,0.083655036
38.4124,0.083656512
38.4155,0.083657988
38.4187,0.083659464
38.4218,0.083660939
38.4249,0.083662414
38.428,0.083663889
38.4311,0.083665363
38.4343,0.083666837
38.4374,0.083668311
38.4405,0.083669785
38.4436,0.083671259
38.4467,0.083672732
38.4498,0.083674205
38.453,0.083675677
38.4561,0.08367715
38.4592,0.083678622
38.4623,0.083680094
38.4654,0.083681565
38.4686,0.083683037
38.4717,0.083684508
38.4748,0.083685978
38.4779,0.083687449
38.481,0.083688919
38.4842,0.083690389
38.4873,0.083691859
38.4904,0.083693328
38.4935,0.083694797
38.4966,0.083696266
38.4998,0.083697735
38.5029,0.083699203
38.506,0.083700672
38.5091,0.08370214
38.5122,0.083703607
38.5153,0.083705075
38.5185,0.083706542
38.5216,0.083708009
38.5247,0.083709475
38.5278,0.083710941
38.5309,0.083712408
38.5341,0.083713873
38.5372,0.083715339
38.5403,0.083716804
38.5434,0.083718269
38.5465,0.083719734
38.5497,0.083721198
38.5528,0.083722663
38.5559,0.083724127
38.559,0.08372559
38.5621,0.083727054
38.5653,0.083728517
38.5684,0.08372998
38.5715,0.083731442
38.5746,0.083732905
38.5777,0.083734367
38.5808,0.083735829
38.584,0.08373729
38.5871,0.083738752
38.5902,0.083740213
38.5933,0.083741674
38.5964,0.083743134
38.5996,0.083744594
38.6027,0.083746054
38.6058,0.083747514
38.6089,0.083748974
38.612,0.083750433
38.6152,0.083751892
38.6183,0.083753351
38.6214,0.083754809
38.6245,0.083756267
38.6276,0.083757725
38.6307,0.083759183
38.6339,0.08376064
38.637,0.083762098
38.6401,0.083763555
38.6432,0.083765011
38.6463,0.083766467
38.6495,0.083767924
38.6526,0.083769379
38.6557,0.083770835
38.6588,0.08377229
38.6619,0.083773745
38.6651,0.0837752
38.6682,0.083776655
38.6713,0.083778109
38.6744,0.083779563
38.6775,0.083781017
38.6807,0.08378247
38.6838,0.083783924
38.6869,0.083785377
38.69,0.083786829
38.6931,0.083788282
38.6962,0.083789734
38.6994,0.083791186
38.7025,0.083792638
38.7056,0.083794089
38.7087,0.08379554
38.7118,0.083796991
38.715,0.083798442
38.7181,0.083799892
38.7212,0.083801343
38.7243,0.083802793
38.7274,0.083804242
38.7306,0.083805691
38.7337,0.083807141
38.7368,0.083808589
38.7399,0.083810038
38.743,0.083811486
38.7462,0.083812934
38.7493,0.083814382
38.7524,0.08381583
38.7555,0.083817277
38.7586,0.083818724
38.7617,0.083820171
38.7649,0.083821617
38.768,0.083823063
38.7711,0.083824509
38.7742,0.083825955
38.7773,0.083827401
38.7805,0.083828846
38.7836,0.083830291
38.7867,0.083831736
38.7898,0.08383318
38.7929,0.083834624
38.7961,0.083836068
38.7992,0.083837512
38.8023,0.083838955
38.8054,0.083840398
38.8085,0.083841841
38.8117,0.083843284
38.8148,0.083844726
38.8179,0.083846168
38.821,0.08384761
38.8241,0.083849052
38.8272,0.083850493
38.8304,0.083851934
38.8335,0.083853375
38.8366,0.083854816
38.8397,0.083856256
38.8428,0.083857696
38.846,0.083859136
38.8491,0.083860576
38.8522,0.083862015
38.8553,0.083863454
38.8584,0.083864892
38.8616,0.083866331
38.8647,0.083867769
38.8678,0.083869207
38.8709,0.083870645
38.874,0.083872083
38.8772,0.08387352
38.8803,0.083874957
38.8834,0.083876394
38.8865,0.08387783
38.8896,0.083879266
38.8927,0.083880702
38.8959,0.083882138
38.899,0.083883573
38.9021,0.083885009
38.9052,0.083886444
38.9083,0.083887878
38.9115,0.083889313
38.9146,0.083890747
38.9177,0.083892181
38.9208,0.083893614
38.9239,0.083895048
38.9271,0.083896481
38.9302,0.083897914
38.9333,0.083899346
38.9364,0.083900779
38.9395,0.083902211
38.9427,0.083903643
38.9458,0.083905074
38.9489,0.083906506
38.952,0.083907937
38.9551,0.083909367
38.9582,0.083910798
38.9614,0.083912228
38.9645,0.083913659
38.9676,0.083915088
38.9707,0.083916518
38.9738,0.083917947
38.977,0.083919376
38.9801,0.083920805
38.9832,0.083922234
38.9863,0.083923662
38.9894,0.08392509
38.9926,0.083926518
38.9957,0.083927945
38.9988,0.083929373
39.0019,0.0839308
39.005,0.083932226
39.0082,0.083933653
39.0113,0.083935079
39.0144,0.083936505
39.0175,0.083937931
39.0206,0.083939356
39.0237,0.083940782
39.0269,0.083942207
39.03,0.083943631
39.0331,0.083945056
39.0362,0.08394648
39.0393,0.083947904
39.0425,0.083949327
39.0456,0.083950751
39.0487,0.083952174
39.0518,0.083953597
39.0549,0.08395502
39.0581,0.083956442
39.0612,0.083957864
39.0643,0.083959286
39.0674,0.083960707
39.0705,0.083962129
39.0737,0.08396355
39.0768,0.08396497
39.0799,0.083966391
39.083,0.083967811
39.0861,0.083969231
39.0892,0.083970651
39.0924,0.08397207
39.0955,0.083973489
39.0986,0.083974908
39.1017,0.083976327
39.1048,0.083977745
39.108,0.083979163
39.1111,0.083980581
39.1142,0.083981999
39.1173,0.083983416
39.1204,0.083984833
39.1236,0.083986249
39.1267,0.083987666
39.1298,0.083989082
39.1329,0.083990498
39.136,0.083991913
39.1392,0.083993329
39.1423,0.083994743
39.1454,0.083996158
39.1485,0.083997573
39.1516,0.083998987
39.1547,0.084000401
39.1579,0.084001814
39.161,0.084003227
39.1641,0.084004641
39.1672,0.084006053
39.1703,0.084007466
39.1735,0.084008878
39.1766,0.08401029
39.1797,0.084011701
39.1828,0.084013113
39.1859,0.084014524
39.1891,0.084015934
39.1922,0.084017345
39.1953,0.084018755
39.1984,0.084020165
39.2015,0.084021575
39.2046,0.084022984
39.2078,0.084024393
39.2109,0.084025802
39.214,0.08402721
39.2171,0.084028618
39.2202,0.084030026
39.2234,0.084031434
39.2265,0.084032841
39.2296,0.084034248
39.2327,0.084035655
39.2358,0.084037062
39.239,0.084038468
39.2421,0.084039874
39.2452,0.08404128
39.2483,0.084042685
39.2514,0.08404409
39.2546,0.084045495
39.2577,0.0840469
39.2608,0.084048304
39.2639,0.084049708
39.267,0.084051112
39.2701,0.084052515
39.2733,0.084053919
39.2764,0.084055321
39.2795,0.084056724
39.2826,0.084058126
39.2857,0.084059528
39.2889,0.08406093
39.292,0.084062332
39.2951,0.084063733
39.2982,0.084065134
39.3013,0.084066535
39.3045,0.084067935
39.3076,0.084069336
39.3107,0.084070736
39.3138,0.084072135
39.3169,0.084073535
39.3201,0.084074934
39.3232,0.084076333
39.3263,0.084077732
39.3294,0.08407913
39.3325,0.084080528
39.3356,0.084081926
39.3388,0.084083323
39.3419,0.084084721
39.345,0.084086118
39.3481,0.084087515
39.3512,0.084088911
39.3544,0.084090308
39.3575,0.084091704
39.3606,0.084093099
39.3637,0.084094495
39.3668,0.08409589
39.37,0.084097285
39.3731,0.08409868
39.3762,0.084100074
39.3793,0.084101468
39.3824,0.084102862
39.3856,0.084104256
39.3887,0.084105649
39.3918,0.084107043
39.3949,0.084108435
39.398,0.084109828
39.4011,0.08411122
39.4043,0.084112613
39.4074,0.084114004
39.4105,0.084115396
39.4136,0.084116787
39.4167,0.084118179
39.4199,0.084119569
39.423,0.08412096
39.4261,0.08412235
39.4292,0.084123741
39.4323,0.08412513
39.4355,0.08412652
39.4386,0.084127909
39.4417,0.084129298
39.4448,0.084130687
39.4479,0.084132076
39.4511,0.084133464
39.4542,0.084134852
39.4573,0.08413624
39.4604,0.084137627
39.4635,0.084139014
39.4666,0.084140401
39.4698,0.084141788
39.4729,0.084143175
39.476,0.084144561
39.4791,0.084145947
39.4822,0.084147332
39.4854,0.084148718
39.4885,0.084150103
39.4916,0.084151488
39.4947,0.084152873
39.4978,0.084154257
39.501,0.084155641
39.5041,0.084157025
39.5072,0.084158409
39.5103,0.084159792
39.5134,0.084161175
39.5166,0.084162558
39.5197,0.084163941
39.5228,0.084165323
39.5259,0.084166705
39.529,0.084168087
39.5321,0.084169468
39.5353,0.08417085
39.5384,0.084172231
39.5415,0.084173611
39.5446,0.084174992
39.5477,0.084176372
39.5509,0.084177752
39.554,0.084179132
39.5571,0.084180511
39.5602,0.084181891
39.5633,0.08418327
39.5665,0.084184648
39.5696,0.084186027
39.5727,0.084187405
39.5758,0.084188783
39.5789,0.08419016
39.5821,0.084191538
39.5852,0.084192915
39.5883,0.084194292
39.5914,0.084195668
39.5945,0.084197045
39.5976,0.084198421
39.6008,0.084199797
39.6039,0.084201172
39.607,0.084202548
39.6101,0.084203923
39.6132,0.084205297
39.6164,0.084206672
39.6195,0.084208046
39.6226,0.08420942
39.6257,0.084210794
39.6288,0.084212167
39.632,0.084213541
39.6351,0.084214914
39.6382,0.084216286
39.6413,0.084217659
39.6444,0.084219031
39.6476,0.084220403
39.6507,0.084221775
39.6538,0.084223146
39.6569,0.084224517
39.66,0.084225888
39.6631,0.084227259
39.6663,0.084228629
39.6694,0.084229999
39.6725,0.084231369
39.6756,0.084232739
39.6787,0.084234108
39.6819,0.084235477
39.685,0.084236846
39.6881,0.084238215
39.6912,0.084239583
39.6943,0.084240951
39.6975,0.084242319
39.7006,0.084243686
39.7037,0.084245054
39.7068,0.084246421
39.7099,0.084247788
39.7131,0.084249154
39.7162,0.08425052
39.7193,0.084251886
39.7224,0.084253252
39.7255,0.084254618
39.7286,0.084255983
39.7318,0.084257348
39.7349,0.084258712
39.738,0.084260077
39.7411,0.084261441
39.7442,0.084262805
39.7474,0.084264169
39.7505,0.084265532
39.7536,0.084266895
39.7567,0.084268258
39.7598,0.084269621
39.763,0.084270983
39.7661,0.084272345
39.7692,0.084273707
39.7723,0.084275069
39.7754,0.08427643
39.7785,0.084277792
39.7817,0.084279152
39.7848,0.084280513
39.7879,0.084281873
39.791,0.084283233
39.7941,0.084284593
39.7973,0.084285953
39.8004,0.084287312
39.8035,0.084288671
39.8066,0.08429003
39.8097,0.084291389
39.8129,0.084292747
39.816,0.084294105
39.8191,0.084295463
39.8222,0.084296821
39.8253,0.084298178
39.8285,0.084299535
39.8316,0.084300892
39.8347,0.084302248
39.8378,0.084303605
39.8409,0.084304961
39.844,0.084306316
39.8472,0.084307672
39.8503,0.084309027
39.8534,0.084310382
39.8565,0.084311737
39.8596,0.084313091
39.8628,0.084314446
39.8659,0.0843158
39.869,0.084317153
39.8721,0.084318507
39.8752,0.08431986
39.8784,0.084321213
39.8815,0.084322566
39.8846,0.084323918
39.8877,0.084325271
39.8908,0.084326623
39.894,0.084327974
39.8971,0.084329326
39.9002,0.084330677
39.9033,0.084332028
39.9064,0.084333379
39.9095,0.084334729
39.9127,0.084336079
39.9158,0.084337429
39.9189,0.084338779
39.922,0.084340128
39.9251,0.084341477
39.9283,0.084342826
39.9314,0.084344175
39.9345,0.084345524
39.9376,0.084346872
39.9407,0.08434822
39.9439,0.084349567
39.947,0.084350915
39.9501,0.084352262
39.9532,0.084353609
39.9563,0.084354955
39.9595,0.084356302
39.9626,0.084357648
39.9657,0.084358994
39.9688,0.08436034
39.9719,0.084361685
39.975,0.08436303
39.9782,0.084364375
39.9813,0.08436572
39.9844,0.084367064
39.9875,0.084368408
39.9906,0.084369752
39.9938,0.084371096
39.9969,0.084372439
40,0.084373782
40.0031,0.084375124
40.0062,0.084376464
40.0094,0.084377804
40.0125,0.084379143
40.0156,0.084380483
40.0187,0.084381823
40.0218,0.084383163
40.0249,0.084384503
40.0281,0.084385843
40.0312,0.084387183
40.0343,0.084388523
40.0374,0.084389862
40.0405,0.084391202
40.0437,0.084392542
40.0468,0.084393881
40.0499,0.08439522
40.053,0.084396559
40.0561,0.084397897
40.0592,0.084399236
40.0624,0.084400574
40.0655,0.084401912
40.0686,0.08440325
40.0717,0.084404588
40.0748,0.084405925
40.078,0.084407262
40.0811,0.084408599
40.0842,0.084409936
40.0873,0.084411272
40.0904,0.084412608
40.0935,0.084413944
40.0967,0.084415279
40.0998,0.084416615
40.1029,0.08441795
40.106,0.084419284
40.1091,0.084420619
40.1123,0.084421953
40.1154,0.084423286
40.1185,0.08442462
40.1216,0.084425953
40.1247,0.084427286
40.1278,0.084428619
40.131,0.084429952
40.1341,0.084431284
40.1372,0.084432616
40.1403,0.084433948
40.1434,0.08443528
40.1466,0.084436611
40.1497,0.084437942
40.1528,0.084439273
40.1559,0.084440603
40.159,0.084441933
40.1621,0.084443263
40.1653,0.084444593
40.1684,0.084445923
40.1715,0.084447252
40.1746,0.08444858
40.1777,0.084449909
40.1809,0.084451237
40.184,0.084452565
40.1871,0.084453893
40.1902,0.08445522
40.1933,0.084456547
40.1964,0.084457874
40.1996,0.084459201
40.2027,0.084460527
40.2058,0.084461853
40.2089,0.084463179
40.212,0.084464504
40.2152,0.084465829
40.2183,0.084467154
40.2214,0.084468479
40.2245,0.084469803
40.2276,0.084471127
40.2307,0.084472451
40.2339,0.084473774
40.237,0.084475097
40.2401,0.08447642
40.2432,0.084477742
40.2463,0.084479065
40.2495,0.084480386
40.2526,0.084481708
40.2557,0.084483029
40.2588,0.08448435
40.2619,0.084485671
40.265,0.084486991
40.2682,0.084488311
40.2713,0.084489631
40.2744,0.08449095
40.2775,0.08449227
40.2806,0.084493588
40.2838,0.084494907
40.2869,0.084496225
40.29,0.084497543
40.2931,0.084498861
40.2962,0.084500178
40.2993,0.084501496
40.3025,0.084502812
40.3056,0.084504129
40.3087,0.084505445
40.3118,0.084506761
40.3149,0.084508077
40.3181,0.084509393
40.3212,0.084510708
40.3243,0.084512023
40.3274,0.084513338
40.3305,0.084514652
40.3336,0.084515967
40.3368,0.084517281
40.3399,0.084518594
40.343,0.084519908
40.3461,0.084521221
40.3492,0.084522534
40.3524,0.084523847
40.3555,0.08452516
40.3586,0.084526472
40.3617,0.084527784
40.3648,0.084529096
40.3679,0.084530408
40.3711,0.08453172
40.3742,0.084533031
40.3773,0.084534342
40.3804,0.084535653
40.3835,0.084536963
40.3867,0.084538274
40.3898,0.084539584
40.3929,0.084540894
40.396,0.084542204
40.3991,0.084543513
40.4022,0.084544823
40.4054,0.084546132
40.4085,0.084547441
40.4116,0.08454875
40.4147,0.084550058
40.4178,0.084551367
40.421,0.084552675
40.4241,0.084553983
40.4272,0.084555291
40.4303,0.084556598
40.4334,0.084557906
40.4365,0.084559213
40.4397,0.08456052
40.4428,0.084561827
40.4459,0.084563134
40.449,0.08456444
40.4521,0.084565746
40.4553,0.084567052
40.4584,0.084568358
40.4615,0.084569664
40.4646,0.084570969
40.4677,0.084572274
40.4708,0.084573579
40.474,0.084574884
40.4771,0.084576188
40.4802,0.084577493
40.4833,0.084578797
40.4864,0.084580101
40.4896,0.084581404
40.4927,0.084582708
40.4958,0.084584011
40.4989,0.084585314
40.502,0.084586617
40.5051,0.084587919
40.5083,0.084589222
40.5114,0.084590524
40.5145,0.084591826
40.5176,0.084593128
40.5207,0.084594429
40.5239,0.08459573
40.527,0.084597031
40.5301,0.084598332
40.5332,0.084599633
40.5363,0.084600933
40.5394,0.084602233
40.5426,0.084603533
40.5457,0.084604833
40.5488,0.084606132
40.5519,0.084607431
40.555,0.08460873
40.5582,0.084610029
40.5613,0.084611327
40.5644,0.084612625
40.5675,0.084613923
40.5706,0.084615221
40.5737,0.084616519
40.5769,0.084617816
40.58,0.084619113
40.5831,0.08462041
40.5862,0.084621706
40.5893,0.084623003
40.5925,0.084624299
40.5956,0.084625594
40.5987,0.08462689
40.6018,0.084628185
40.6049,0.084629481
40.608,0.084630775
40.6112,0.08463207
40.6143,0.084633364
40.6174,0.084634658
40.6205,0.084635952
40.6236,0.084637246
40.6268,0.084638539
40.6299,0.084639832
40.633,0.084641125
40.6361,0.084642418
40.6392,0.08464371
40.6423,0.084645002
40.6455,0.084646294
40.6486,0.084647586
40.6517,0.084648877
40.6548,0.084650169
40.6579,0.08465146
40.6611,0.08465275
40.6642,0.084654041
40.6673,0.084655331
40.6704,0.084656621
40.6735,0.084657911
40.6766,0.0846592
40.6798,0.084660489
40.6829,0.084661778
40.686,0.084663067
40.6891,0.084664356
40.6922,0.084665644
40.6954,0.084666932
40.6985,0.08466822
40.7016,0.084669508
40.7047,0.084670795
40.7078,0.084672082
40.7109,0.084673369
40.7141,0.084674656
40.7172,0.084675942
40.7203,0.084677228
40.7234,0.084678514
40.7265,0.084679799
40.7297,0.084681085
40.7328,0.08468237
40.7359,0.084683655
40.739,0.08468494
40.7421,0.084686224
40.7452,0.084687508
40.7484,0.084688792
40.7515,0.084690076
40.7546,0.084691359
40.7577,0.084692643
40.7608,0.084693926
40.764,0.084695208
40.7671,0.084696491
40.7702,0.084697773
40.7733,0.084699055
40.7764,0.084700337
40.7795,0.084701619
40.7827,0.0847029
40.7858,0.084704182
40.7889,0.084705462
40.792,0.084706743
40.7951,0.084708024
40.7983,0.084709304
40.8014,0.084710584
40.8045,0.084711863
40.8076,0.084713143
40.8107,0.084714422
40.8138,0.084715701
40.817,0.08471698
40.8201,0.084718259
40.8232,0.084719537
40.8263,0.084720815
40.8294,0.084722093
40.8326,0.08472337
40.8357,0.084724648
40.8388,0.084725925
40.8419,0.084727202
40.845,0.084728478
40.8481,0.084729755
40.8513,0.084731031
40.8544,0.084732307
40.8575,0.084733583
40.8606,0.084734858
40.8637,0.084736133
40.8669,0.084737408
40.87,0.084738683
40.8731,0.084739958
40.8762,0.084741232
40.8793,0.084742506
40.8824,0.08474378
40.8856,0.084745054
40.8887,0.084746327
40.8918,0.0847476
40.8949,0.084748873
40.898,0.084750146
40.9012,0.084751418
40.9043,0.084752691
40.9074,0.084753963
40.9105,0.084755234
40.9136,0.084756506
40.9167,0.084757777
40.9199,0.084759048
40.923,0.084760319
40.9261,0.08476159
40.9292,0.08476286
40.9323,0.08476413
40.9355,0.0847654
40.9386,0.08476667
40.9417,0.084767939
40.9448,0.084769208
40.9479,0.084770477
40.951,0.084771746
40.9542,0.084773014
40.9573,0.084774283
40.9604,0.084775551
40.9635,0.084776819
40.9666,0.084778086
40.9698,0.084779354
40.9729,0.084780621
40.976,0.084781888
40.9791,0.084783154
40.9822,0.084784421
40.9853,0.084785687
40.9885,0.084786953
40.9916,0.084788219
40.9947,0.084789484
40.9978,0.084790749
41.0009,0.084792014
41.0041,0.084793279
41.0072,0.084794544
41.0103,0.084795808
41.0134,0.084797072
41.0165,0.084798336
41.0196,0.0847996
41.0228,0.084800863
41.0259,0.084802126
41.029,0.084803389
41.0321,0.084804652
41.0352,0.084805914
41.0384,0.084807177
41.0415,0.084808439
41.0446,0.0848097
41.0477,0.084810962
41.0508,0.084812223
41.0539,0.084813484
41.0571,0.084814745
41.0602,0.084816006
41.0633,0.084817267
41.0664,0.084818527
41.0695,0.084819787
41.0727,0.084821046
41.0758,0.084822306
41.0789,0.084823565
41.082,0.084824824
41.0851,0.084826083
41.0882,0.084827342
41.0914,0.0848286
41.0945,0.084829858
41.0976,0.084831116
41.1007,0.084832374
41.1038,0.084833631
41.107,0.084834888
41.1101,0.084836145
41.1132,0.084837402
41.1163,0.084838659
41.1194,0.084839915
41.1225,0.084841171
41.1257,0.084842427
41.1288,0.084843682
41.1319,0.084844938
41.135,0.084846193
41.1381,0.084847448
41.1413,0.084848702
41.1444,0.084849957
41.1475,0.084851211
41.1506,0.084852465
41.1537,0.084853719
41.1568,0.084854972
41.16,0.084856226
41.1631,0.084857479
41.1662,0.084858732
41.1693,0.084859984
41.1724,0.084861237
41.1756,0.084862489
41.1787,0.084863741
41.1818,0.084864992
41.1849,0.084866244
41.188,0.084867495
41.1911,0.084868746
41.1943,0.084869997
41.1974,0.084871248
41.2005,0.084872498
41.2036,0.084873748
41.2067,0.084874998
41.2099,0.084876248
41.213,0.084877497
41.2161,0.084878746
41.2192,0.084879995
41.2223,0.084881244
41.2254,0.084882493
41.2286,0.084883741
41.2317,0.084884989
41.2348,0.084886237
41.2379,0.084887484
41.241,0.084888732
41.2442,0.084889979
41.2473,0.084891226
41.2504,0.084892473
41.2535,0.084893719
41.2566,0.084894966
41.2597,0.084896212
41.2629,0.084897457
41.266,0.084898703
41.2691,0.084899949
41.2722,0.084901194
41.2753,0.084902438
41.2785,0.084903683
41.2816,0.084904928
41.2847,0.084906172
41.2878,0.084907416
41.2909,0.08490866
41.294,0.084909903
41.2972,0.084911147
41.3003,0.08491239
41.3034,0.084913633
41.3065,0.084914875
41.3096,0.084916118
41.3128,0.08491736
41.3159,0.084918602
41.319,0.084919844
41.3221,0.084921085
41.3252,0.084922327
41.3283,0.084923568
41.3315,0.084924809
41.3346,0.084926049
41.3377,0.08492729
41.3408,0.08492853
41.3439,0.08492977
41.3471,0.08493101
41.3502,0.08493225
41.3533,0.084933489
41.3564,0.084934728
41.3595,0.084935967
41.3626,0.084937206
41.3658,0.084938444
41.3689,0.084939682
41.372,0.08494092
41.3751,0.084942158
41.3782,0.084943396
41.3814,0.084944633
41.3845,0.08494587
41.3876,0.084947107
41.3907,0.084948343
41.3938,0.08494958
41.3969,0.084950816
41.4001,0.084952052
41.4032,0.084953288
41.4063,0.084954523
41.4094,0.084955759
41.4125,0.084956994
41.4157,0.084958228
41.4188,0.084959463
41.4219,0.084960698
41.425,0.084961932
41.4281,0.084963166
41.4312,0.084964399
41.4344,0.084965633
41.4375,0.084966866
41.4406,0.084968099
41.4437,0.084969332
41.4468,0.084970565
41.45,0.084971797
41.4531,0.084973029
41.4562,0.084974261
41.4593,0.084975493
41.4624,0.084976724
41.4655,0.084977956
41.4687,0.084979187
41.4718,0.084980417
41.4749,0.084981648
41.478,0.084982878
41.4811,0.084984108
41.4843,0.084985338
41.4874,0.084986568
41.4905,0.084987797
41.4936,0.084989026
41.4967,0.084990256
41.4998,0.084991484
41.503,0.084992713
41.5061,0.084993941
41.5092,0.084995169
41.5123,0.084996397
41.5154,0.084997625
41.5186,0.084998852
41.5217,0.085000079
41.5248,0.085001306
41.5279,0.085002533
41.531,0.08500376
41.5341,0.085004986
41.5373,0.085006212
41.5404,0.085007438
41.5435,0.085008664
41.5466,0.085009889
41.5497,0.085011114
41.5529,0.085012339
41.556,0.085013564
41.5591,0.085014788
41.5622,0.085016013
41.5653,0.085017237
41.5684,0.085018461
41.5716,0.085019684
41.5747,0.085020908
41.5778,0.085022131
41.5809,0.085023354
41.584,0.085024577
41.5872,0.085025799
41.5903,0.085027021
41.5934,0.085028243
41.5965,0.085029465
41.5996,0.085030687
41.6027,0.085031908
41.6059,0.085033129
41.609,0.08503435
41.6121,0.085035571
41.6152,0.085036792
41.6183,0.085038012
41.6215,0.085039232
41.6246,0.085040452
41.6277,0.085041672
41.6308,0.085042891
41.6339,0.08504411
41.637,0.085045329
41.6402,0.085046548
41.6433,0.085047766
41.6464,0.085048985
41.6495,0.085050203
41.6526,0.085051421
41.6558,0.085052639
41.6589,0.085053856
41.662,0.085055073
41.6651,0.08505629
41.6682,0.085057507
41.6713,0.085058724
41.6745,0.08505994
41.6776,0.085061156
41.6807,0.085062372
41.6838,0.085063588
41.6869,0.085064803
41.6901,0.085066019
41.6932,0.085067234
41.6963,0.085068448
41.6994,0.085069663
41.7025,0.085070877
41.7056,0.085072092
41.7088,0.085073306
41.7119,0.085074519
41.715,0.085075733
41.7181,0.085076946
41.7212,0.085078159
41.7244,0.085079372
41.7275,0.085080585
41.7306,0.085081797
41.7337,0.085083009
41.7368,0.085084221
41.7399,0.085085433
41.7431,0.085086645
41.7462,0.085087856
41.7493,0.085089067
41.7524,0.085090278
41.7555,0.085091489
41.7587,0.085092699
41.7618,0.085093909
41.7649,0.085095119
41.768,0.085096329
41.7711,0.085097539
41.7742,0.085098748
41.7774,0.085099957
41.7805,0.085101166
41.7836,0.085102375
41.7867,0.085103583
41.7898,0.085104792
41.793,0.085106
41.7961,0.085107208
41.7992,0.085108415
41.8023,0.085109623
41.8054,0.08511083
41.8085,0.085112037
41.8117,0.085113244
41.8148,0.08511445
41.8179,0.085115656
41.821,0.085116863
41.8241,0.085118069
41.8273,0.085119274
41.8304,0.08512048
41.8335,0.085121685
41.8366,0.08512289
41.8397,0.085124095
41.8428,0.085125299
41.846,0.085126504
41.8491,0.085127708
41.8522,0.085128912
41.8553,0.085130116
41.8584,0.085131319
41.8616,0.085132522
41.8647,0.085133725
41.8678,0.085134928
41.8709,0.085136131
41.874,0.085137333
41.8771,0.085138536
41.8803,0.085139737
41.8834,0.085140939
41.8865,0.085142141
41.8896,0.085143342
41.8927,0.085144543
41.8959,0.085145744
41.899,0.085146945
41.9021,0.085148145
41.9052,0.085149346
41.9083,0.085150546
41.9114,0.085151746
41.9146,0.085152945
41.9177,0.085154145
41.9208,0.085155344
41.9239,0.085156543
41.927,0.085157742
41.9302,0.08515894
41.9333,0.085160138
41.9364,0.085161337
41.9395,0.085162534
41.9426,0.085163732
41.9457,0.08516493
41.9489,0.085166127
41.952,0.085167324
41.9551,0.085168521
41.9582,0.085169717
41.9613,0.085170914
41.9645,0.08517211
41.9676,0.085173306
41.9707,0.085174502
41.9738,0.085175697
41.9769,0.085176892
41.98,0.085178087
41.9832,0.085179282
41.9863,0.085180477
41.9894,0.085181672
41.9925,0.085182866
41.9956,0.08518406
41.9988,0.085185254
42.0019,0.085186447
42.005,0.085187641
42.0081,0.085188834
42.0112,0.085190027
42.0143,0.08519122
42.0175,0.085192412
42.0206,0.085193605
42.0237,0.085194797
42.0268,0.085195989
42.0299,0.08519718
42.0331,0.085198372
42.0362,0.085199563
42.0393,0.085200754
42.0424,0.085201945
42.0455,0.085203135
42.0486,0.085204326
42.0518,0.085205516
42.0549,0.085206706
42.058,0.085207896
42.0611,0.085209085
42.0642,0.085210274
42.0674,0.085211463
42.0705,0.085212652
42.0736,0.085213841
42.0767,0.085215029
42.0798,0.085216218
42.0829,0.085217406
42.0861,0.085218593
42.0892,0.085219781
42.0923,0.085220968
42.0954,0.085222156
42.0985,0.085223343
42.1017,0.08522453
42.1048,0.085225716
42.1079,0.085226902
42.111,0.085228089
42.1141,0.085229274
42.1172,0.08523046
42.1204,0.085231646
42.1235,0.085232831
42.1266,0.085234016
42.1297,0.085235201
42.1328,0.085236386
42.136,0.08523757
42.1391,0.085238754
42.1422,0.085239938
42.1453,0.085241122
42.1484,0.085242306
42.1515,0.085243489
42.1547,0.085244672
42.1578,0.085245855
42.1609,0.085247038
42.164,0.08524822
42.1671,0.085249403
42.1703,0.085250585
42.1734,0.085251767
42.1765,0.085252948
42.1796,0.08525413
42.1827,0.085255311
42.1858,0.085256492
42.189,0.085257673
42.1921,0.085258854
42.1952,0.085260034
42.1983,0.085261214
42.2014,0.085262394
42.2046,0.085263574
42.2077,0.085264754
42.2108,0.085265933
42.2139,0.085267112
42.217,0.085268291
42.2201,0.08526947
42.2233,0.085270648
42.2264,0.085271827
42.2295,0.085273005
42.2326,0.085274183
42.2357,0.08527536
42.2389,0.085276538
42.242,0.085277715
42.2451,0.085278892
42.2482,0.085280069
42.2513,0.085281245
42.2544,0.085282422
42.2576,0.085283598
42.2607,0.085284774
42.2638,0.08528595
42.2669,0.085287125
42.27,0.085288301
42.2732,0.085289476
42.2763,0.085290651
42.2794,0.085291826
42.2825,0.085293
42.2856,0.085294174
42.2887,0.085295348
42.2919,0.085296522
42.295,0.085297696
42.2981,0.085298869
42.3012,0.085300043
42.3043,0.085301216
42.3075,0.085302389
42.3106,0.085303561
42.3137,0.085304734
42.3168,0.085305906
42.3199,0.085307078
42.323,0.08530825
42.3262,0.085309422
42.3293,0.085310593
42.3324,0.085311764
42.3355,0.085312935
42.3386,0.085314106
42.3418,0.085315276
42.3449,0.085316447
42.348,0.085317617
42.3511,0.085318787
42.3542,0.085319956
42.3573,0.085321126
42.3605,0.085322295
42.3636,0.085323464
42.3667,0.085324633
42.3698,0.085325802
42.3729,0.08532697
42.3761,0.085328138
42.3792,0.085329306
42.3823,0.085330474
42.3854,0.085331642
42.3885,0.085332809
42.3916,0.085333977
42.3948,0.085335144
42.3979,0.085336311
42.401,0.085337477
42.4041,0.085338644
42.4072,0.08533981
42.4104,0.085340976
42.4135,0.085342141
42.4166,0.085343307
42.4197,0.085344472
42.4228,0.085345637
42.4259,0.085346802
42.4291,0.085347967
42.4322,0.085349131
42.4353,0.085350296
42.4384,0.08535146
42.4415,0.085352624
42.4447,0.085353788
42.4478,0.085354951
42.4509,0.085356114
42.454,0.085357277
42.4571,0.08535844
42.4602,0.085359603
42.4634,0.085360765
42.4665,0.085361927
42.4696,0.085363089
42.4727,0.085364251
42.4758,0.085365413
42.479,0.085366574
42.4821,0.085367736
42.4852,0.085368897
42.4883,0.085370057
42.4914,0.085371218
42.4945,0.085372378
42.4977,0.085373539
42.5008,0.085374699
42.5039,0.085375858
42.507,0.085377018
42.5101,0.085378177
42.5133,0.085379337
42.5164,0.085380496
42.5195,0.085381654
42.5226,0.085382813
42.5257,0.085383971
42.5288,0.085385129
42.532,0.085386287
42.5351,0.085387445
42.5382,0.085388602
42.5413,0.08538976
42.5444,0.085390917
42.5476,0.085392074
42.5507,0.08539323
42.5538,0.085394387
42.5569,0.085395543
42.56,0.085396699
42.5631,0.085397855
42.5663,0.08539901
42.5694,0.085400166
42.5725,0.085401321
42.5756,0.085402476
42.5787,0.08540363
42.5819,0.085404785
42.585,0.085405939
42.5881,0.085407093
42.5912,0.085408247
42.5943,0.0854094
42.5974,0.085410554
42.6006,0.085411707
42.6037,0.08541286
42.6068,0.085414012
42.6099,0.085415165
42.613,0.085416317
42.6162,0.085417468
42.6193,0.08541862
42.6224,0.085419771
42.6255,0.085420922
42.6286,0.085422073
42.6317,0.085423224
42.6349,0.085424374
42.638,0.085425524
42.6411,0.085426673
42.6442,0.085427823
42.6473,0.085428972
42.6505,0.085430121
42.6536,0.08543127
42.6567,0.085432418
42.6598,0.085433566
42.6629,0.085434714
42.666,0.085435862
42.6692,0.085437009
42.6723,0.085438156
42.6754,0.085439303
42.6785,0.08544045
42.6816,0.085441596
42.6848,0.085442742
42.6879,0.085443887
42.691,0.085445033
42.6941,0.085446178
42.6972,0.085447323
42.7003,0.085448468
42.7035,0.085449612
42.7066,0.085450756
42.7097,0.0854519
42.7128,0.085453043
42.7159,0.085454187
42.7191,0.08545533
42.7222,0.085456473
42.7253,0.085457615
42.7284,0.085458757
42.7315,0.0854599
42.7346,0.085461041
42.7378,0.085462183
42.7409,0.085463324
42.744,0.085464465
42.7471,0.085465606
42.7502,0.085466747
42.7534,0.085467887
42.7565,0.085469027
42.7596,0.085470167
42.7627,0.085471306
42.7658,0.085472446
42.7689,0.085473585
42.7721,0.085474724
42.7752,0.085475863
42.7783,0.085477001
42.7814,0.085478139
42.7845,0.085479277
42.7877,0.085480415
42.7908,0.085481553
42.7939,0.08548269
42.797,0.085483827
42.8001,0.085484964
42.8032,0.085486101
42.8064,0.085487237
42.8095,0.085488373
42.8126,0.085489509
42.8157,0.085490645
42.8188,0.08549178
42.822,0.085492916
42.8251,0.085494051
42.8282,0.085495185
42.8313,0.08549632
42.8344,0.085497455
42.8375,0.085498589
42.8407,0.085499723
42.8438,0.085500856
42.8469,0.08550199
42.85,0.085503123
42.8531,0.085504257
42.8563,0.085505389
42.8594,0.085506522
42.8625,0.085507655
42.8656,0.085508787
42.8687,0.085509919
42.8718,0.085511051
42.875,0.085512183
42.8781,0.085513314
42.8812,0.085514445
42.8843,0.085515576
42.8874,0.085516707
42.8906,0.085517838
42.8937,0.085518968
42.8968,0.085520098
42.8999,0.085521228
42.903,0.085522358
42.9061,0.085523488
42.9093,0.085524617
42.9124,0.085525746
42.9155,0.085526875
42.9186,0.085528004
42.9217,0.085529132
42.9249,0.085530261
42.928,0.085531389
42.9311,0.085532517
42.9342,0.085533645
42.9373,0.085534772
42.9404,0.0855359
42.9436,0.085537027
42.9467,0.085538154
42.9498,0.085539281
42.9529,0.085540407
42.956,0.085541534
42.9592,0.08554266
42.9623,0.085543785
42.9654,0.085544911
42.9685,0.085546037
42.9716,0.085547162
42.9747,0.085548287
42.9779,0.085549412
42.981,0.085550537
42.9841,0.085551661
42.9872,0.085552785
42.9903,0.085553909
42.9935,0.085555033
42.9966,0.085556157
42.9997,0.08555728
43.0028,0.085558404
43.0059,0.085559527
43.009,0.08556065
43.0122,0.085561772
43.0153,0.085562895
43.0184,0.085564017
43.0215,0.085565139
43.0246,0.085566261
43.0278,0.085567382
43.0309,0.085568504
43.034,0.085569625
43.0371,0.085570746
43.0402,0.085571867
43.0433,0.085572987
43.0465,0.085574108
43.0496,0.085575228
43.0527,0.085576348
43.0558,0.085577468
43.0589,0.085578587
43.0621,0.085579707
43.0652,0.085580826
43.0683,0.085581945
43.0714,0.085583063
43.0745,0.085584182
43.0776,0.0855853
43.0808,0.085586418
43.0839,0.085587536
43.087,0.085588654
43.0901,0.085589772
43.0932,0.085590889
43.0964,0.085592006
43.0995,0.085593123
43.1026,0.08559424
43.1057,0.085595356
43.1088,0.085596472
43.1119,0.085597588
43.1151,0.085598704
43.1182,0.08559982
43.1213,0.085600936
43.1244,0.085602051
43.1275,0.085603166
43.1307,0.085604281
43.1338,0.085605395
43.1369,0.08560651
43.14,0.085607624
43.1431,0.085608738
43.1462,0.085609852
43.1494,0.085610965
43.1525,0.085612079
43.1556,0.085613192
43.1587,0.085614305
43.1618,0.085615417
43.165,0.08561653
43.1681,0.085617642
43.1712,0.085618754
43.1743,0.085619866
43.1774,0.085620978
43.1805,0.085622089
43.1837,0.085623201
43.1868,0.085624312
43.1899,0.085625423
43.193,0.085626533
43.1961,0.085627644
43.1993,0.085628754
43.2024,0.085629864
43.2055,0.085630974
43.2086,0.085632083
43.2117,0.085633193
43.2148,0.085634302
43.218,0.085635411
43.2211,0.08563652
43.2242,0.085637628
43.2273,0.085638737
43.2304,0.085639845
43.2336,0.085640953
43.2367,0.085642061
43.2398,0.085643169
43.2429,0.085644276
43.246,0.085645383
43.2491,0.08564649
43.2523,0.085647597
43.2554,0.085648703
43.2585,0.08564981
43.2616,0.085650916
43.2647,0.085652022
43.2679,0.085653128
43.271,0.085654233
43.2741,0.085655339
43.2772,0.085656444
43.2803,0.085657549
43.2834,0.085658654
43.2866,0.085659758
43.2897,0.085660862
43.2928,0.085661967
43.2959,0.08566307
43.299,0.085664174
43.3022,0.085665278
43.3053,0.085666381
43.3084,0.085667485
43.3115,0.085668588
43.3146,0.08566969
43.3177,0.085670793
43.3209,0.085671895
43.324,0.085672998
43.3271,0.0856741
43.3302,0.085675201
43.3333,0.085676303
43.3365,0.085677404
43.3396,0.085678506
43.3427,0.085679607
43.3458,0.085680707
43.3489,0.085681808
43.352,0.085682909
43.3552,0.085684009
43.3583,0.085685109
43.3614,0.085686209
43.3645,0.085687308
43.3676,0.085688408
43.3708,0.085689507
43.3739,0.085690606
43.377,0.085691705
43.3801,0.085692804
43.3832,0.085693902
43.3863,0.085695
43.3895,0.085696098
43.3926,0.085697196
43.3957,0.085698294
43.3988,0.085699391
43.4019,0.085700489
43.4051,0.085701586
43.4082,0.085702682
43.4113,0.085703779
43.4144,0.085704876
43.4175,0.085705972
43.4206,0.085707068
43.4238,0.085708164
43.4269,0.08570926
43.43,0.085710355
43.4331,0.08571145
43.4362,0.085712546
43.4394,0.08571364
43.4425,0.085714735
43.4456,0.08571583
43.4487,0.085716924
43.4518,0.085718018
43.4549,0.085719112
43.4581,0.085720206
43.4612,0.085721299
43.4643,0.085722393
43.4674,0.085723486
43.4705,0.085724579
43.4737,0.085725671
43.4768,0.085726764
43.4799,0.085727856
43.483,0.085728948
43.4861,0.08573004
43.4892,0.085731132
43.4924,0.085732223
43.4955,0.085733315
43.4986,0.085734406
43.5017,0.085735497
43.5048,0.085736588
43.508,0.085737678
43.5111,0.085738769
43.5142,0.085739859
43.5173,0.085740949
43.5204,0.085742039
43.5235,0.085743128
43.5267,0.085744218
43.5298,0.085745307
43.5329,0.085746396
43.536,0.085747485
43.5391,0.085748573
43.5423,0.085749662
43.5454,0.08575075
43.5485,0.085751838
43.5516,0.085752926
43.5547,0.085754014
43.5578,0.085755101
43.561,0.085756188
43.5641,0.085757275
43.5672,0.085758362
43.5703,0.085759449
43.5734,0.085760535
43.5766,0.085761622
43.5797,0.085762708
43.5828,0.085763794
43.5859,0.085764879
43.589,0.085765965
43.5921,0.08576705
43.5953,0.085768135
43.5984,0.08576922
43.6015,0.085770305
43.6046,0.085771389
43.6077,0.085772474
43.6109,0.085773558
43.614,0.085774642
43.6171,0.085775725
43.6202,0.085776809
43.6233,0.085777892
43.6264,0.085778975
43.6296,0.085780059
43.6327,0.085781141
43.6358,0.085782224
43.6389,0.085783306
43.642,0.085784389
43.6452,0.085785471
43.6483,0.085786552
43.6514,0.085787634
43.6545,0.085788715
43.6576,0.085789797
43.6607,0.085790878
43.6639,0.085791959
43.667,0.085793039
43.6701,0.08579412
43.6732,0.0857952
43.6763,0.08579628
43.6795,0.08579736
43.6826,0.08579844
43.6857,0.085799519
43.6888,0.085800598
43.6919,0.085801678
43.695,0.085802756
43.6982,0.085803835
43.7013,0.085804914
43.7044,0.085805992
43.7075,0.08580707
43.7106,0.085808148
43.7138,0.085809226
43.7169,0.085810304
43.72,0.085811381
43.7231,0.085812458
43.7262,0.085813535
43.7293,0.085814612
43.7325,0.085815689
43.7356,0.085816765
43.7387,0.085817841
43.7418,0.085818917
43.7449,0.085819993
43.7481,0.085821069
43.7512,0.085822144
43.7543,0.08582322
43.7574,0.085824295
43.7605,0.08582537
43.7636,0.085826444
43.7668,0.085827519
43.7699,0.085828593
43.773,0.085829667
43.7761,0.085830741
43.7792,0.085831815
43.7824,0.085832888
43.7855,0.085833962
43.7886,0.085835035
43.7917,0.085836108
43.7948,0.085837181
43.7979,0.085838253
43.8011,0.085839326
43.8042,0.085840398
43.8073,0.08584147
43.8104,0.085842542
43.8135,0.085843613
43.8167,0.085844685
43.8198,0.085845756
43.8229,0.085846827
43.826,0.085847898
43.8291,0.085848969
43.8322,0.085850039
43.8354,0.08585111
43.8385,0.08585218
43.8416,0.08585325
43.8447,0.085854319
43.8478,0.085855389
43.851,0.085856458
43.8541,0.085857528
43.8572,0.085858596
43.8603,0.085859665
43.8634,0.085860734
43.8665,0.085861802
43.8697,0.08586287
43.8728,0.085863938
43.8759,0.085865006
43.879,0.085866074
43.8821,0.085867141
43.8853,0.085868209
43.8884,0.085869276
43.8915,0.085870343
43.8946,0.085871409
43.8977,0.085872476
43.9008,0.085873542
43.904,0.085874608
43.9071,0.085875674
43.9102,0.08587674
43.9133,0.085877806
43.9164,0.085878871
43.9196,0.085879936
43.9227,0.085881001
43.9258,0.085882066
43.9289,0.085883131
43.932,0.085884195
43.9351,0.085885259
43.9383,0.085886323
43.9414,0.085887387
43.9445,0.085888451
43.9476,0.085889514
43.9507,0.085890578
43.9539,0.085891641
43.957,0.085892704
43.9601,0.085893766
43.9632,0.085894829
43.9663,0.085895891
43.9694,0.085896953
43.9726,0.085898015
43.9757,0.085899077
43.9788,0.085900139
43.9819,0.0859012
43.985,0.085902261
43.9882,0.085903323
43.9913,0.085904383
43.9944,0.085905444
43.9975,0.085906504
44.0006,0.085907565
44.0037,0.085908625
44.0069,0.085909685
44.01,0.085910745
44.0131,0.085911804
44.0162,0.085912864
44.0193,0.085913923
44.0225,0.085914982
44.0256,0.08591604
44.0287,0.085917099
44.0318,0.085918158
44.0349,0.085919216
44.038,0.085920274
44.0412,0.085921332
44.0443,0.085922389
44.0474,0.085923447
44.0505,0.085924504
44.0536,0.085925561
44.0568,0.085926618
44.0599,0.085927675
44.063,0.085928732
44.0661,0.085929788
44.0692,0.085930844
44.0723,0.0859319
44.0755,0.085932956
44.0786,0.085934012
44.0817,0.085935067
44.0848,0.085936122
44.0879,0.085937177
44.0911,0.085938232
44.0942,0.085939287
44.0973,0.085940341
44.1004,0.085941396
44.1035,0.08594245
44.1066,0.085943504
44.1098,0.085944558
44.1129,0.085945611
44.116,0.085946665
44.1191,0.085947718
44.1222,0.085948771
44.1254,0.085949824
44.1285,0.085950876
44.1316,0.085951929
44.1347,0.085952981
44.1378,0.085954033
44.1409,0.085955085
44.1441,0.085956137
44.1472,0.085957189
44.1503,0.08595824
44.1534,0.085959291
44.1565,0.085960342
44.1597,0.085961393
44.1628,0.085962444
44.1659,0.085963494
44.169,0.085964544
44.1721,0.085965594
44.1752,0.085966644
44.1784,0.085967694
44.1815,0.085968743
44.1846,0.085969793
44.1877,0.085970842
44.1908,0.085971891
44.194,0.08597294
44.1971,0.085973988
44.2002,0.085975037
44.2033,0.085976085
44.2064,0.085977133
44.2095,0.085978181
44.2127,0.085979229
44.2158,0.085980276
44.2189,0.085981324
44.222,0.085982371
44.2251,0.085983418
44.2283,0.085984465
44.2314,0.085985511
44.2345,0.085986558
44.2376,0.085987604
44.2407,0.08598865
44.2438,0.085989696
44.247,0.085990741
44.2501,0.085991787
44.2532,0.085992832
44.2563,0.085993877
44.2594,0.085994922
44.2626,0.085995967
44.2657,0.085997012
44.2688,0.085998056
44.2719,0.0859991
44.275,0.086000144
44.2781,0.086001188
44.2813,0.086002232
44.2844,0.086003276
44.2875,0.086004319
44.2906,0.086005362
44.2937,0.086006405
44.2969,0.086007448
44.3,0.08600849
44.3031,0.086009533
44.3062,0.086010575
44.3093,0.086011617
44.3124,0.086012659
44.3156,0.086013701
44.3187,0.086014742
44.3218,0.086015783
44.3249,0.086016825
44.328,0.086017866
44.3312,0.086018906
44.3343,0.086019947
44.3374,0.086020987
44.3405,0.086022028
44.3436,0.086023068
44.3467,0.086024108
44.3499,0.086025147
44.353,0.086026187
44.3561,0.086027226
44.3592,0.086028265
44.3623,0.086029304
44.3655,0.086030343
44.3686,0.086031382
44.3717,0.08603242
44.3748,0.086033458
44.3779,0.086034496
44.381,0.086035534
44.3842,0.086036572
44.3873,0.086037609
44.3904,0.086038647
44.3935,0.086039684
44.3966,0.086040721
44.3998,0.086041758
44.4029,0.086042794
44.406,0.086043831
44.4091,0.086044867
44.4122,0.086045903
44.4153,0.086046939
44.4185,0.086047975
44.4216,0.08604901
44.4247,0.086050046
44.4278,0.086051081
44.4309,0.086052116
44.4341,0.086053151
44.4372,0.086054185
44.4403,0.08605522
44.4434,0.086056254
44.4465,0.086057288
44.4496,0.086058322
44.4528,0.086059356
44.4559,0.086060389
44.459,0.086061422
44.4621,0.086062456
44.4652,0.086063489
44.4684,0.086064522
44.4715,0.086065554
44.4746,0.086066587
44.4777,0.086067619
44.4808,0.086068651
44.4839,0.086069683
44.4871,0.086070715
44.4902,0.086071747
44.4933,0.086072778
44.4964,0.086073809
44.4995,0.08607484
44.5027,0.086075871
44.5058,0.086076902
44.5089,0.086077932
44.512,0.086078963
44.5151,0.086079993
44.5182,0.086081023
44.5214,0.086082053
44.5245,0.086083083
44.5276,0.086084112
44.5307,0.086085141
44.5338,0.08608617
44.537,0.086087199
44.5401,0.086088228
44.5432,0.086089257
44.5463,0.086090285
44.5494,0.086091313
44.5525,0.086092341
44.5557,0.086093369
44.5588,0.086094397
44.5619,0.086095424
44.565,0.086096452
44.5681,0.086097479
44.5713,0.086098506
44.5744,0.086099533
44.5775,0.086100559
44.5806,0.086101586
44.5837,0.086102612
44.5868,0.086103638
44.59,0.086104664
44.5931,0.08610569
44.5962,0.086106715
44.5993,0.086107741
44.6024,0.086108766
44.6056,0.086109791
44.6087,0.086110816
44.6118,0.08611184
44.6149,0.086112865
44.618,0.086113889
44.6211,0.086114913
44.6243,0.086115937
44.6274,0.086116961
44.6305,0.086117985
44.6336,0.086119008
44.6367,0.086120031
44.6399,0.086121054
44.643,0.086122077
44.6461,0.0861231
44.6492,0.086124122
44.6523,0.086125145
44.6554,0.086126167
44.6586,0.086127189
44.6617,0.086128211
44.6648,0.086129232
44.6679,0.086130254
44.671,0.086131275
44.6742,0.086132296
44.6773,0.086133317
44.6804,0.086134338
44.6835,0.086135359
44.6866,0.086136379
44.6897,0.086137399
44.6929,0.086138419
44.696,0.086139439
44.6991,0.086140459
44.7022,0.086141478
44.7053,0.086142498
44.7085,0.086143517
44.7116,0.086144536
44.7147,0.086145555
44.7178,0.086146574
44.7209,0.086147592
44.724,0.08614861
44.7272,0.086149629
44.7303,0.086150646
44.7334,0.086151664
44.7365,0.086152682
44.7396,0.086153699
44.7428,0.086154716
44.7459,0.086155733
44.749,0.08615675
44.7521,0.086157767
44.7552,0.086158784
44.7583,0.0861598
44.7615,0.086160816
44.7646,0.086161832
44.7677,0.086162848
44.7708,0.086163864
44.7739,0.086164879
44.7771,0.086165895
44.7802,0.08616691
44.7833,0.086167925
44.7864,0.08616894
44.7895,0.086169954
44.7926,0.086170969
44.7958,0.086171983
44.7989,0.086172997
44.802,0.086174011
44.8051,0.086175025
44.8082,0.086176039
44.8114,0.086177052
44.8145,0.086178065
44.8176,0.086179078
44.8207,0.086180091
44.8238,0.086181104
44.8269,0.086182117
44.8301,0.086183129
44.8332,0.086184141
44.8363,0.086185153
44.8394,0.086186165
44.8425,0.086187177
44.8457,0.086188188
44.8488,0.086189199
44.8519,0.086190211
44.855,0.086191222
44.8581,0.086192232
44.8612,0.086193243
44.8644,0.086194253
44.8675,0.086195264
44.8706,0.086196274
44.8737,0.086197284
44.8768,0.086198294
44.88,0.086199303
44.8831,0.086200313
44.8862,0.086201322
44.8893,0.086202331
44.8924,0.08620334
44.8955,0.086204349
44.8987,0.086205357
44.9018,0.086206366
44.9049,0.086207374
44.908,0.086208382
44.9111,0.08620939
44.9143,0.086210398
44.9174,0.086211405
44.9205,0.086212413
44.9236,0.08621342
44.9267,0.086214427
44.9298,0.086215434
44.933,0.08621644
44.9361,0.086217447
44.9392,0.086218453
44.9423,0.086219459
44.9454,0.086220465
44.9485,0.086221471
44.9517,0.086222477
44.9548,0.086223482
44.9579,0.086224488
44.961,0.086225493
44.9641,0.086226497
44.9673,0.086227502
44.9704,0.086228507
44.9735,0.086229511
44.9766,0.086230516
44.9797,0.08623152
44.9828,0.086232524
44.986,0.086233528
44.9891,0.086234531
44.9922,0.086235535
44.9953,0.086236538
44.9984,0.086237541
45.0016,0.086238544
45.0047,0.086239546
45.0078,0.086240549
45.0109,0.086241551
45.014,0.086242554
45.0172,0.086243556
45.0203,0.086244557
45.0234,0.086245559
45.0265,0.086246561
45.0296,0.086247562
45.0327,0.086248563
45.0359,0.086249564
45.039,0.086250565
45.0421,0.086251566
45.0452,0.086252566
45.0483,0.086253567
45.0515,0.086254567
45.0546,0.086255567
45.0577,0.086256567
45.0608,0.086257566
45.0639,0.086258566
45.067,0.086259565
45.0702,0.086260564
45.0733,0.086261563
45.0764,0.086262562
45.0795,0.086263561
45.0826,0.086264559
45.0857,0.086265557
45.0889,0.086266555
45.092,0.086267553
45.0951,0.086268551
45.0982,0.086269549
45.1013,0.086270546
45.1045,0.086271544
45.1076,0.086272541
45.1107,0.086273537
45.1138,0.086274534
45.1169,0.086275531
45.12,0.086276527
45.1232,0.086277524
45.1263,0.08627852
45.1294,0.086279516
45.1325,0.086280511
45.1356,0.086281507
45.1388,0.086282502
45.1419,0.086283498
45.145,0.086284493
45.1481,0.086285487
45.1512,0.086286482
45.1543,0.086287477
45.1575,0.086288471
45.1606,0.086289465
45.1637,0.086290459
45.1668,0.086291453
45.1699,0.086292447
45.1731,0.08629344
45.1762,0.086294434
45.1793,0.086295427
45.1824,0.08629642
45.1855,0.086297413
45.1886,0.086298405
45.1918,0.086299398
45.1949,0.08630039
45.198,0.086301382
45.2011,0.086302374
45.2042,0.086303366
45.2074,0.086304357
45.2105,0.086305349
45.2136,0.08630634
45.2167,0.086307331
45.2198,0.086308321
45.2229,0.086309312
45.2261,0.086310302
45.2292,0.086311292
45.2323,0.086312282
45.2354,0.086313272
45.2385,0.086314262
45.2417,0.086315251
45.2448,0.08631624
45.2479,0.086317229
45.251,0.086318218
45.2541,0.086319206
45.2572,0.086320195
45.2604,0.086321183
45.2635,0.086322171
45.2666,0.086323159
45.2697,0.086324146
45.2728,0.086325134
45.276,0.086326121
45.2791,0.086327108
45.2822,0.086328094
45.2853,0.086329081
45.2884,0.086330067
45.2915,0.086331053
45.2947,0.086332039
45.2978,0.086333025
45.3009,0.08633401
45.304,0.086334996
45.3071,0.086335981
45.3103,0.086336966
45.3134,0.08633795
45.3165,0.086338935
45.3196,0.086339919
45.3227,0.086340903
45.3258,0.086341887
45.329,0.08634287
45.3321,0.086343854
45.3352,0.086344837
45.3383,0.08634582
45.3414,0.086346803
45.3446,0.086347785
45.3477,0.086348768
45.3508,0.08634975
45.3539,0.086350732
45.357,0.086351714
45.3601,0.086352695
45.3633,0.086353677
45.3664,0.086354658
45.3695,0.086355639
45.3726,0.08635662
45.3757,0.086357601
45.3789,0.086358581
45.382,0.086359561
45.3851,0.086360541
45.3882,0.086361521
45.3913,0.086362501
45.3944,0.086363481
45.3976,0.08636446
45.4007,0.086365439
45.4038,0.086366418
45.4069,0.086367397
45.41,0.086368375
45.4132,0.086369354
45.4163,0.086370332
45.4194,0.08637131
45.4225,0.086372288
45.4256,0.086373266
45.4287,0.086374243
45.4319,0.086375221
45.435,0.086376198
45.4381,0.086377175
45.4412,0.086378151
45.4443,0.086379128
45.4475,0.086380104
45.4506,0.086381081
45.4537,0.086382057
45.4568,0.086383033
45.4599,0.086384008
45.463,0.086384984
45.4662,0.086385959
45.4693,0.086386935
45.4724,0.08638791
45.4755,0.086388884
45.4786,0.086389859
45.4818,0.086390834
45.4849,0.086391808
45.488,0.086392782
45.4911,0.086393756
45.4942,0.08639473
45.4973,0.086395704
45.5005,0.086396677
45.5036,0.086397651
45.5067,0.086398624
45.5098,0.086399597
45.5129,0.086400569
45.5161,0.086401542
45.5192,0.086402514
45.5223,0.086403487
45.5254,0.086404459
45.5285,0.086405431
45.5316,0.086406402
45.5348,0.086407374
45.5379,0.086408345
45.541,0.086409316
45.5441,0.086410287
45.5472,0.086411258
45.5504,0.086412229
45.5535,0.086413199
45.5566,0.08641417
45.5597,0.08641514
45.5628,0.08641611
45.5659,0.08641708
45.5691,0.086418049
45.5722,0.086419019
45.5753,0.086419988
45.5784,0.086420957
45.5815,0.086421926
45.5847,0.086422895
45.5878,0.086423864
45.5909,0.086424832
45.594,0.0864258
45.5971,0.086426768
45.6002,0.086427736
45.6034,0.086428704
45.6065,0.086429671
45.6096,0.086430639
45.6127,0.086431606
45.6158,0.086432573
45.619,0.08643354
45.6221,0.086434506
45.6252,0.086435473
45.6283,0.086436439
45.6314,0.086437405
45.6345,0.086438371
45.6377,0.086439337
45.6408,0.086440303
45.6439,0.086441268
45.647,0.086442233
45.6501,0.086443198
45.6533,0.086444163
45.6564,0.086445128
45.6595,0.086446093
45.6626,0.086447057
45.6657,0.086448021
45.6688,0.086448985
45.672,0.086449949
45.6751,0.086450913
45.6782,0.086451876
45.6813,0.086452839
45.6844,0.086453802
45.6876,0.086454766
45.6907,0.086455728
45.6938,0.086456691
45.6969,0.086457653
45.7,0.086458616
45.7031,0.086459578
45.7063,0.08646054
45.7094,0.086461501
45.7125,0.086462463
45.7156,0.086463424
45.7187,0.086464385
45.7219,0.086465346
45.725,0.086466307
45.7281,0.086467268
45.7312,0.086468228
45.7343,0.086469189
45.7374,0.086470149
45.7406,0.086471109
45.7437,0.086472068
45.7468,0.086473028
45.7499,0.086473987
45.753,0.086474947
45.7562,0.086475906
45.7593,0.086476865
45.7624,0.086477823
45.7655,0.086478782
45.7686,0.08647974
45.7717,0.086480698
45.7749,0.086481657
45.778,0.086482614
45.7811,0.086483572
45.7842,0.08648453
45.7873,0.086485487
45.7905,0.086486444
45.7936,0.086487401
45.7967,0.086488358
45.7998,0.086489314
45.8029,0.086490271
45.806,0.086491227
45.8092,0.086492183
45.8123,0.086493139
45.8154,0.086494095
45.8185,0.08649505
45.8216,0.086496006
45.8248,0.086496961
45.8279,0.086497916
45.831,0.086498871
45.8341,0.086499825
45.8372,0.08650078
45.8403,0.086501734
45.8435,0.086502688
45.8466,0.086503642
45.8497,0.086504596
45.8528,0.08650555
45.8559,0.086506503
45.8591,0.086507457
45.8622,0.08650841
45.8653,0.086509363
45.8684,0.086510316
45.8715,0.086511268
45.8746,0.086512221
45.8778,0.086513173
45.8809,0.086514125
45.884,0.086515077
45.8871,0.086516029
45.8902,0.08651698
45.8934,0.086517932
45.8965,0.086518883
45.8996,0.086519834
45.9027,0.086520785
45.9058,0.086521735
45.9089,0.086522686
45.9121,0.086523636
45.9152,0.086524587
45.9183,0.086525536
45.9214,0.086526486
45.9245,0.086527436
45.9277,0.086528385
45.9308,0.086529335
45.9339,0.086530284
45.937,0.086531233
45.9401,0.086532182
45.9432,0.08653313
45.9464,0.086534079
45.9495,0.086535027
45.9526,0.086535975
45.9557,0.086536923
45.9588,0.086537871
45.962,0.086538818
45.9651,0.086539766
45.9682,0.086540713
45.9713,0.08654166
45.9744,0.086542607
45.9775,0.086543554
45.9807,0.0865445
45.9838,0.086545447
45.9869,0.086546393
45.99,0.086547339
45.9931,0.086548285
45.9963,0.08654923
45.9994,0.086550176
46.0025,0.086551121
46.0056,0.086552066
46.0087,0.086553011
46.0118,0.086553956
46.015,0.086554901
46.0181,0.086555845
46.0212,0.08655679
46.0243,0.086557734
46.0274,0.086558678
46.0306,0.086559621
46.0337,0.086560565
46.0368,0.086561508
46.0399,0.086562452
46.043,0.086563395
46.0461,0.086564338
46.0493,0.08656528
46.0524,0.086566223
46.0555,0.086567166
46.0586,0.086568108
46.0617,0.08656905
46.0649,0.086569992
46.068,0.086570934
46.0711,0.086571875
46.0742,0.086572817
46.0773,0.086573758
46.0804,0.086574699
46.0836,0.08657564
46.0867,0.086576581
46.0898,0.086577521
46.0929,0.086578462
46.096,0.086579402
46.0992,0.086580342
46.1023,0.086581282
46.1054,0.086582221
46.1085,0.086583161
46.1116,0.0865841
46.1147,0.08658504
46.1179,0.086585979
46.121,0.086586917
46.1241,0.086587856
46.1272,0.086588795
46.1303,0.086589733
46.1335,0.086590671
46.1366,0.086591609
46.1397,0.086592547
46.1428,0.086593485
46.1459,0.086594422
46.149,0.08659536
46.1522,0.086596297
46.1553,0.086597234
46.1584,0.086598171
46.1615,0.086599107
46.1646,0.086600044
46.1678,0.08660098
46.1709,0.086601917
46.174,0.086602853
46.1771,0.086603788
46.1802,0.086604724
46.1833,0.08660566
46.1865,0.086606595
46.1896,0.08660753
46.1927,0.086608465
46.1958,0.0866094
46.1989,0.086610335
46.2021,0.086611269
46.2052,0.086612204
46.2083,0.086613138
46.2114,0.086614072
46.2145,0.086615006
46.2176,0.086615939
46.2208,0.086616873
46.2239,0.086617806
46.227,0.086618739
46.2301,0.086619672
46.2332,0.086620605
46.2364,0.086621538
46.2395,0.08662247
46.2426,0.086623403
46.2457,0.086624335
46.2488,0.086625267
46.2519,0.086626198
46.2551,0.08662713
46.2582,0.086628062
46.2613,0.086628993
46.2644,0.086629924
46.2675,0.086630855
46.2707,0.086631786
46.2738,0.086632717
46.2769,0.086633647
46.28,0.086634578
46.2831,0.086635508
46.2862,0.086636438
46.2894,0.086637368
46.2925,0.086638297
46.2956,0.086639227
46.2987,0.086640156
46.3018,0.086641085
46.305,0.086642014
46.3081,0.086642943
46.3112,0.086643872
46.3143,0.0866448
46.3174,0.086645729
46.3205,0.086646657
46.3237,0.086647585
46.3268,0.086648513
46.3299,0.08664944
46.333,0.086650368
46.3361,0.086651295
46.3393,0.086652222
46.3424,0.086653149
46.3455,0.086654076
46.3486,0.086655003
46.3517,0.08665593
46.3548,0.086656856
46.358,0.086657782
46.3611,0.086658708
46.3642,0.086659634
46.3673,0.08666056
46.3704,0.086661485
46.3736,0.086662411
46.3767,0.086663336
46.3798,0.086664261
46.3829,0.086665186
46.386,0.086666111
46.3891,0.086667035
46.3923,0.08666796
46.3954,0.086668884
46.3985,0.086669808
46.4016,0.086670732
46.4047,0.086671655
46.4079,0.086672579
46.411,0.086673502
46.4141,0.086674426
46.4172,0.086675349
46.4203,0.086676272
46.4234,0.086677194
46.4266,0.086678117
46.4297,0.086679039
46.4328,0.086679961
46.4359,0.086680884
46.439,0.086681805
46.4422,0.086682727
46.4453,0.086683649
46.4484,0.08668457
46.4515,0.086685491
46.4546,0.086686412
46.4577,0.086687333
46.4609,0.086688254
46.464,0.086689175
46.4671,0.086690095
46.4702,0.086691016
46.4733,0.086691936
46.4765,0.086692856
46.4796,0.086693776
46.4827,0.086694695
46.4858,0.086695615
46.4889,0.086696534
46.492,0.086697453
46.4952,0.086698372
46.4983,0.086699291
46.5014,0.08670021
46.5045,0.086701128
46.5076,0.086702047
46.5108,0.086702965
46.5139,0.086703883
46.517,0.0867048
46.5201,0.086705718
46.5232,0.086706636
46.5263,0.086707553
46.5295,0.08670847
46.5326,0.086709387
46.5357,0.086710304
46.5388,0.086711221
46.5419,0.086712137
46.5451,0.086713053
46.5482,0.08671397
46.5513,0.086714886
46.5544,0.086715801
46.5575,0.086716717
46.5606,0.086717633
46.5638,0.086718548
46.5669,0.086719463
46.57,0.086720378
46.5731,0.086721293
46.5762,0.086722208
46.5794,0.086723122
46.5825,0.086724037
46.5856,0.086724951
46.5887,0.086725865
46.5918,0.086726779
46.5949,0.086727693
46.5981,0.086728606
46.6012,0.08672952
46.6043,0.086730433
46.6074,0.086731346
46.6105,0.086732259
46.6137,0.086733171
46.6168,0.086734084
46.6199,0.086734996
46.623,0.086735909
46.6261,0.086736821
46.6292,0.086737732
46.6324,0.086738644
46.6355,0.086739556
46.6386,0.086740467
46.6417,0.086741378
46.6448,0.08674229
46.648,0.086743201
46.6511,0.086744111
46.6542,0.086745022
46.6573,0.086745933
46.6604,0.086746843
46.6635,0.086747753
46.6667,0.086748663
46.6698,0.086749573
46.6729,0.086750483
46.676,0.086751393
46.6791,0.086752302
46.6823,0.086753211
46.6854,0.08675412
46.6885,0.086755029
46.6916,0.086755938
46.6947,0.086756847
46.6978,0.086757756
46.701,0.086758664
46.7041,0.086759572
46.7072,0.08676048
46.7103,0.086761388
46.7134,0.086762296
46.7166,0.086763204
46.7197,0.086764111
46.7228,0.086765018
46.7259,0.086765926
46.729,0.086766833
46.7321,0.08676774
46.7353,0.086768646
46.7384,0.086769553
46.7415,0.086770459
46.7446,0.086771366
46.7477,0.086772272
46.7509,0.086773178
46.754,0.086774084
46.7571,0.086774989
46.7602,0.086775895
46.7633,0.0867768
46.7664,0.086777705
46.7696,0.086778611
46.7727,0.086779516
46.7758,0.08678042
46.7789,0.086781325
46.782,0.086782229
46.7852,0.086783134
46.7883,0.086784038
46.7914,0.086784942
46.7945,0.086785846
46.7976,0.086786749
46.8007,0.086787653
46.8039,0.086788556
46.807,0.08678946
46.8101,0.086790363
46.8132,0.086791266
46.8163,0.086792168
46.8195,0.086793071
46.8226,0.086793973
46.8257,0.086794876
46.8288,0.086795778
46.8319,0.08679668
46.835,0.086797582
46.8382,0.086798483
46.8413,0.086799385
46.8444,0.086800286
46.8475,0.086801187
46.8506,0.086802088
46.8538,0.086802989
46.8569,0.08680389
46.86,0.086804791
46.8631,0.086805691
46.8662,0.086806591
46.8693,0.086807492
46.8725,0.086808391
46.8756,0.086809291
46.8787,0.086810191
46.8818,0.08681109
46.8849,0.08681199
46.8881,0.086812889
46.8912,0.086813788
46.8943,0.086814687
46.8974,0.086815586
46.9005,0.086816484
46.9036,0.086817382
46.9068,0.086818281
46.9099,0.086819179
46.913,0.086820077
46.9161,0.086820974
46.9192,0.086821872
46.9224,0.086822769
46.9255,0.086823667
46.9286,0.086824564
46.9317,0.086825461
46.9348,0.086826358
46.9379,0.086827254
46.9411,0.086828151
46.9442,0.086829047
46.9473,0.086829943
46.9504,0.086830839
46.9535,0.086831735
46.9567,0.086832631
46.9598,0.086833526
46.9629,0.086834421
46.966,0.086835317
46.9691,0.086836212
46.9722,0.086837107
46.9754,0.086838001
46.9785,0.086838896
46.9816,0.08683979
46.9847,0.086840685
46.9878,0.086841579
46.991,0.086842473
46.9941,0.086843367
46.9972,0.08684426
47.0003,0.086845154
47.0034,0.086846047
47.0065,0.08684694
47.0097,0.086847833
47.0128,0.086848726
47.0159,0.086849619
47.019,0.086850512
47.0221,0.086851404
47.0253,0.086852296
47.0284,0.086853188
47.0315,0.08685408
47.0346,0.086854972
47.0377,0.086855864
47.0408,0.086856755
47.044,0.086857646
47.0471,0.086858538
47.0502,0.086859429
47.0533,0.08686032
47.0564,0.08686121
47.0596,0.086862101
47.0627,0.086862991
47.0658,0.086863881
47.0689,0.086864771
47.072,0.086865661
47.0751,0.086866551
47.0783,0.086867441
47.0814,0.08686833
47.0845,0.08686922
47.0876,0.086870109
47.0907,0.086870998
47.0939,0.086871887
47.097,0.086872775
47.1001,0.086873664
47.1032,0.086874552
47.1063,0.086875441
47.1094,0.086876329
47.1126,0.086877217
47.1157,0.086878105
47.1188,0.086878992
47.1219,0.08687988
47.125,0.086880767
47.1282,0.086881654
47.1313,0.086882541
47.1344,0.086883428
47.1375,0.086884315
47.1406,0.086885201
47.1437,0.086886088
47.1469,0.086886974
47.15,0.08688786
47.1531,0.086888746
47.1562,0.086889632
47.1593,0.086890517
47.1625,0.086891403
47.1656,0.086892288
47.1687,0.086893173
47.1718,0.086894058
47.1749,0.086894943
47.178,0.086895828
47.1812,0.086896712
47.1843,0.086897597
47.1874,0.086898481
47.1905,0.086899365
47.1936,0.086900249
47.1968,0.086901133
47.1999,0.086902017
47.203,0.0869029
47.2061,0.086903783
47.2092,0.086904667
47.2123,0.08690555
47.2155,0.086906433
47.2186,0.086907315
47.2217,0.086908198
47.2248,0.08690908
47.2279,0.086909962
47.2311,0.086910845
47.2342,0.086911727
47.2373,0.086912608
47.2404,0.08691349
47.2435,0.086914372
47.2466,0.086915253
47.2498,0.086916134
47.2529,0.086917015
47.256,0.086917896
47.2591,0.086918777
47.2622,0.086919657
47.2654,0.086920538
47.2685,0.086921418
47.2716,0.086922298
47.2747,0.086923178
47.2778,0.086924058
47.2809,0.086924938
47.2841,0.086925817
47.2872,0.086926696
47.2903,0.086927576
47.2934,0.086928455
47.2965,0.086929334
47.2997,0.086930213
47.3028,0.086931091
47.3059,0.08693197
47.309,0.086932848
47.3121,0.086933726
47.3152,0.086934604
47.3184,0.086935482
47.3215,0.08693636
47.3246,0.086937237
47.3277,0.086938115
47.3308,0.086938992
47.334,0.086939869
47.3371,0.086940746
47.3402,0.086941623
47.3433,0.0869425
47.3464,0.086943376
47.3495,0.086944252
47.3527,0.086945129
47.3558,0.086946005
47.3589,0.086946881
47.362,0.086947756
47.3651,0.086948632
47.3683,0.086949507
47.3714,0.086950383
47.3745,0.086951258
47.3776,0.086952133
47.3807,0.086953008
47.3838,0.086953882
47.387,0.086954757
47.3901,0.086955631
47.3932,0.086956506
47.3963,0.08695738
47.3994,0.086958253
47.4026,0.086959127
47.4057,0.086960001
47.4088,0.086960874
47.4119,0.086961748
47.415,0.086962621
47.4181,0.086963494
47.4213,0.086964367
47.4244,0.08696524
47.4275,0.086966112
47.4306,0.086966985
47.4337,0.086967857
47.4369,0.086968729
47.44,0.086969601
47.4431,0.086970473
47.4462,0.086971344
47.4493,0.086972216
47.4524,0.086973087
47.4556,0.086973959
47.4587,0.08697483
47.4618,0.0869757
47.4649,0.086976571
47.468,0.086977442
47.4712,0.086978312
47.4743,0.086979183
47.4774,0.086980053
47.4805,0.086980923
47.4836,0.086981793
47.4867,0.086982663
47.4899,0.086983532
47.493,0.086984401
47.4961,0.086985271
47.4992,0.08698614
47.5023,0.086987009
47.5055,0.086987878
47.5086,0.086988746
47.5117,0.086989615
47.5148,0.086990483
47.5179,0.086991351
47.521,0.086992219
47.5242,0.086993087
47.5273,0.086993955
47.5304,0.086994823
47.5335,0.08699569
47.5366,0.086996558
47.5398,0.086997425
47.5429,0.086998292
47.546,0.086999159
47.5491,0.087000025
47.5522,0.087000892
47.5553,0.087001758
47.5585,0.087002625
47.5616,0.087003491
47.5647,0.087004357
47.5678,0.087005223
47.5709,0.087006088
47.5741,0.087006954
47.5772,0.087007819
47.5803,0.087008684
47.5834,0.087009549
47.5865,0.087010414
47.5896,0.087011279
47.5928,0.087012144
47.5959,0.087013008
47.599,0.087013873
47.6021,0.087014737
47.6052,0.087015601
47.6084,0.087016465
47.6115,0.087017329
47.6146,0.087018192
47.6177,0.087019056
47.6208,0.087019919
47.6239,0.087020782
47.6271,0.087021645
47.6302,0.087022508
47.6333,0.087023371
47.6364,0.087024233
47.6395,0.087025096
47.6427,0.087025958
47.6458,0.08702682
47.6489,0.087027682
47.652,0.087028544
47.6551,0.087029406
47.6582,0.087030267
47.6614,0.087031129
47.6645,0.08703199
47.6676,0.087032851
47.6707,0.087033712
47.6738,0.087034573
47.677,0.087035433
47.6801,0.087036294
47.6832,0.087037154
47.6863,0.087038014
47.6894,0.087038874
47.6925,0.087039734
47.6957,0.087040594
47.6988,0.087041454
47.7019,0.087042313
47.705,0.087043173
47.7081,0.087044032
47.7113,0.087044891
47.7144,0.08704575
47.7175,0.087046608
47.7206,0.087047467
47.7237,0.087048325
47.7268,0.087049184
47.73,0.087050042
47.7331,0.0870509
47.7362,0.087051758
47.7393,0.087052615
47.7424,0.087053473
47.7456,0.08705433
47.7487,0.087055188
47.7518,0.087056045
47.7549,0.087056902
47.758,0.087057758
47.7611,0.087058615
47.7643,0.087059472
47.7674,0.087060328
47.7705,0.087061184
47.7736,0.087062041
47.7767,0.087062896
47.7799,0.087063752
47.783,0.087064608
47.7861,0.087065463
47.7892,0.087066319
47.7923,0.087067174
47.7954,0.087068029
47.7986,0.087068884
47.8017,0.087069739
47.8048,0.087070593
47.8079,0.087071448
47.811,0.087072302
47.8142,0.087073156
47.8173,0.08707401
47.8204,0.087074864
47.8235,0.087075718
47.8266,0.087076572
47.8297,0.087077425
47.8329,0.087078278
47.836,0.087079131
47.8391,0.087079984
47.8422,0.087080837
47.8453,0.08708169
47.8485,0.087082542
47.8516,0.087083395
47.8547,0.087084247
47.8578,0.087085099
47.8609,0.087085951
47.864,0.087086803
47.8672,0.087087655
47.8703,0.087088506
47.8734,0.087089358
47.8765,0.087090209
47.8796,0.08709106
47.8828,0.087091911
47.8859,0.087092762
47.889,0.087093612
47.8921,0.087094463
47.8952,0.087095313
47.8983,0.087096163
47.9015,0.087097014
47.9046,0.087097863
47.9077,0.087098713
47.9108,0.087099563
47.9139,0.087100412
47.9171,0.087101262
47.9202,0.087102111
47.9233,0.08710296
47.9264,0.087103809
47.9295,0.087104658
47.9326,0.087105506
47.9358,0.087106355
47.9389,0.087107203
47.942,0.087108052
47.9451,0.0871089
47.9482,0.087109747
47.9514,0.087110595
47.9545,0.087111443
47.9576,0.08711229
47.9607,0.087113138
47.9638,0.087113985
47.9669,0.087114832
47.9701,0.087115679
47.9732,0.087116525
47.9763,0.087117372
47.9794,0.087118218
47.9825,0.087119064
47.9857,0.087119911
47.9888,0.087120757
47.9919,0.087121603
47.995,0.087122448
47.9981,0.087123294
48.0012,0.087124139
48.0044,0.087124985
48.0075,0.08712583
48.0106,0.087126675
48.0137,0.08712752
48.0168,0.087128364
48.02,0.087129209
48.0231,0.087130053
48.0262,0.087130897
48.0293,0.087131742
48.0324,0.087132586
48.0355,0.087133429
48.0387,0.087134273
48.0418,0.087135117
48.0449,0.08713596
48.048,0.087136803
48.0511,0.087137646
48.0543,0.087138489
48.0574,0.087139332
48.0605,0.087140175
48.0636,0.087141017
48.0667,0.08714186
48.0698,0.087142702
48.073,0.087143544
48.0761,0.087144386
48.0792,0.087145228
48.0823,0.08714607
48.0854,0.087146911
48.0886,0.087147752
48.0917,0.087148594
48.0948,0.087149435
48.0979,0.087150276
48.101,0.087151116
48.1041,0.087151957
48.1073,0.087152798
48.1104,0.087153638
48.1135,0.087154478
48.1166,0.087155318
48.1197,0.087156158
48.1229,0.087156998
48.126,0.087157838
48.1291,0.087158677
48.1322,0.087159516
48.1353,0.087160355
48.1384,0.087161194
48.1416,0.087162033
48.1447,0.087162872
48.1478,0.087163711
48.1509,0.087164549
48.154,0.087165388
48.1572,0.087166226
48.1603,0.087167064
48.1634,0.087167902
48.1665,0.087168739
48.1696,0.087169577
48.1727,0.087170414
48.1759,0.087171252
48.179,0.087172089
48.1821,0.087172926
48.1852,0.087173763
48.1883,0.0871746
48.1915,0.087175436
48.1946,0.087176272
48.1977,0.087177109
48.2008,0.087177945
48.2039,0.087178781
48.207,0.087179617
48.2102,0.087180453
48.2133,0.087181288
48.2164,0.087182124
48.2195,0.087182959
48.2226,0.087183794
48.2258,0.087184629
48.2289,0.087185464
48.232,0.087186299
48.2351,0.087187133
48.2382,0.087187968
48.2413,0.087188802
48.2445,0.087189636
48.2476,0.08719047
48.2507,0.087191304
48.2538,0.087192138
48.2569,0.087192971
48.2601,0.087193805
48.2632,0.087194638
48.2663,0.087195471
48.2694,0.087196304
48.2725,0.087197137
48.2756,0.08719797
48.2788,0.087198802
48.2819,0.087199634
48.285,0.087200467
48.2881,0.087201299
48.2912,0.087202131
48.2944,0.087202963
48.2975,0.087203794
48.3006,0.087204626
48.3037,0.087205457
48.3068,0.087206289
48.3099,0.08720712
48.3131,0.087207951
48.3162,0.087208781
48.3193,0.087209612
48.3224,0.087210443
48.3255,0.087211273
48.3287,0.087212103
48.3318,0.087212934
48.3349,0.087213763
48.338,0.087214593
48.3411,0.087215423
48.3442,0.087216253
48.3474,0.087217082
48.3505,0.087217911
48.3536,0.08721874
48.3567,0.087219569
48.3598,0.087220398
48.363,0.087221227
48.3661,0.087222056
48.3692,0.087222884
48.3723,0.087223712
48.3754,0.08722454
48.3785,0.087225368
48.3817,0.087226196
48.3848,0.087227024
48.3879,0.087227851
48.391,0.087228679
48.3941,0.087229506
48.3973,0.087230333
48.4004,0.08723116
48.4035,0.087231987
48.4066,0.087232814
48.4097,0.08723364
48.4128,0.087234467
48.416,0.087235293
48.4191,0.087236119
48.4222,0.087236945
48.4253,0.087237771
48.4284,0.087238597
48.4316,0.087239422
48.4347,0.087240248
48.4378,0.087241073
48.4409,0.087241898
48.444,0.087242723
48.4471,0.087243548
48.4503,0.087244373
48.4534,0.087245198
48.4565,0.087246022
48.4596,0.087246846
48.4627,0.08724767
48.4659,0.087248495
48.469,0.087249318
48.4721,0.087250142
48.4752,0.087250966
48.4783,0.087251789
48.4814,0.087252613
48.4846,0.087253436
48.4877,0.087254259
48.4908,0.087255082
48.4939,0.087255904
48.497,0.087256727
48.5002,0.087257549
48.5033,0.087258372
48.5064,0.087259194
48.5095,0.087260016
48.5126,0.087260838
48.5157,0.087261659
48.5189,0.087262481
48.522,0.087263302
48.5251,0.087264124
48.5282,0.087264945
48.5313,0.087265766
48.5345,0.087266587
48.5376,0.087267408
48.5407,0.087268228
48.5438,0.087269049
48.5469,0.087269869
48.55,0.087270689
48.5532,0.087271509
48.5563,0.087272329
48.5594,0.087273149
48.5625,0.087273968
48.5656,0.087274788
48.5688,0.087275607
48.5719,0.087276427
48.575,0.087277246
48.5781,0.087278065
48.5812,0.087278884
48.5843,0.087279702
48.5875,0.087280521
48.5906,0.087281339
48.5937,0.087282158
48.5968,0.087282976
48.5999,0.087283794
48.6031,0.087284612
48.6062,0.08728543
48.6093,0.087286248
48.6124,0.087287065
48.6155,0.087287883
48.6186,0.087288701
48.6218,0.087289518
48.6249,0.087290335
48.628,0.087291153
48.6311,0.08729197
48.6342,0.087292787
48.6374,0.087293604
48.6405,0.087294421
48.6436,0.087295238
48.6467,0.087296055
48.6498,0.087296871
48.6529,0.087297688
48.6561,0.087298505
48.6592,0.087299321
48.6623,0.087300138
48.6654,0.087300954
48.6685,0.087301771
48.6717,0.087302587
48.6748,0.087303403
48.6779,0.087304219
48.681,0.087305036
48.6841,0.087305852
48.6872,0.087306668
48.6904,0.087307484
48.6935,0.0873083
48.6966,0.087309116
48.6997,0.087309931
48.7028,0.087310747
48.706,0.087311563
48.7091,0.087312379
48.7122,0.087313194
48.7153,0.08731401
48.7184,0.087314826
48.7215,0.087315641
48.7247,0.087316457
48.7278,0.087317272
48.7309,0.087318087
48.734,0.087318903
48.7371,0.087319718
48.7403,0.087320533
48.7434,0.087321348
48.7465,0.087322163
48.7496,0.087322978
48.7527,0.087323793
48.7558,0.087324608
48.759,0.087325423
48.7621,0.087326238
48.7652,0.087327052
48.7683,0.087327867
48.7714,0.087328681
48.7746,0.087329496
48.7777,0.08733031
48.7808,0.087331124
48.7839,0.087331938
48.787,0.087332753
48.7901,0.087333567
48.7933,0.087334381
48.7964,0.087335194
48.7995,0.087336008
48.8026,0.087336822
48.8057,0.087337635
48.8089,0.087338449
48.812,0.087339263
48.8151,0.087340076
48.8182,0.087340889
48.8213,0.087341702
48.8244,0.087342515
48.8276,0.087343328
48.8307,0.087344141
48.8338,0.087344954
48.8369,0.087345767
48.84,0.08734658
48.8432,0.087347392
48.8463,0.087348205
48.8494,0.087349017
48.8525,0.08734983
48.8556,0.087350642
48.8587,0.087351454
48.8619,0.087352266
48.865,0.087353078
48.8681,0.08735389
48.8712,0.087354702
48.8743,0.087355514
48.8775,0.087356326
48.8806,0.087357137
48.8837,0.087357949
48.8868,0.08735876
48.8899,0.087359571
48.893,0.087360383
48.8962,0.087361194
48.8993,0.087362005
48.9024,0.087362815
48.9055,0.087363626
48.9086,0.087364437
48.9118,0.087365247
48.9149,0.087366057
48.918,0.087366868
48.9211,0.087367678
48.9242,0.087368487
48.9273,0.087369297
48.9305,0.087370107
48.9336,0.087370916
48.9367,0.087371725
48.9398,0.087372534
48.9429,0.087373343
48.9461,0.087374151
48.9492,0.08737496
48.9523,0.087375768
48.9554,0.087376576
48.9585,0.087377384
48.9616,0.087378191
48.9648,0.087378998
48.9679,0.087379805
48.971,0.087380612
48.9741,0.087381418
48.9772,0.087382224
48.9804,0.08738303
48.9835,0.087383836
48.9866,0.087384641
48.9897,0.087385446
48.9928,0.087386251
48.9959,0.087387055
48.9991,0.087387859
49.0022,0.087388663
49.0053,0.087389467
49.0084,0.08739027
49.0115,0.087391073
49.0147,0.087391875
49.0178,0.087392677
49.0209,0.087393479
49.024,0.087394281
49.0271,0.087395082
49.0302,0.087395883
49.0334,0.087396684
49.0365,0.087397484
49.0396,0.087398284
49.0427,0.087399083
49.0458,0.087399882
49.049,0.087400681
49.0521,0.08740148
49.0552,0.087402278
49.0583,0.087403076
49.0614,0.087403874
49.0645,0.087404671
49.0677,0.087405468
49.0708,0.087406265
49.0739,0.087407061
49.077,0.087407858
49.0801,0.087408653
49.0833,0.087409449
49.0864,0.087410244
49.0895,0.087411039
49.0926,0.087411833
49.0957,0.087412628
49.0988,0.087413422
49.102,0.087414216
49.1051,0.087415009
49.1082,0.087415802
49.1113,0.087416595
49.1144,0.087417388
49.1176,0.08741818
49.1207,0.087418972
49.1238,0.087419764
49.1269,0.087420555
49.13,0.087421347
49.1331,0.087422138
49.1363,0.087422929
49.1394,0.087423719
49.1425,0.08742451
49.1456,0.0874253
49.1487,0.08742609
49.1519,0.087426879
49.155,0.087427669
49.1581,0.087428458
49.1612,0.087429247
49.1643,0.087430036
49.1674,0.087430825
49.1706,0.087431613
49.1737,0.087432401
49.1768,0.087433189
49.1799,0.087433977
49.183,0.087434765
49.1862,0.087435553
49.1893,0.08743634
49.1924,0.087437127
49.1955,0.087437914
49.1986,0.087438701
49.2017,0.087439487
49.2049,0.087440274
49.208,0.08744106
49.2111,0.087441846
49.2142,0.087442631
49.2173,0.087443417
49.2205,0.087444202
49.2236,0.087444987
49.2267,0.087445772
49.2298,0.087446557
49.2329,0.087447341
49.236,0.087448126
49.2392,0.08744891
49.2423,0.087449694
49.2454,0.087450477
49.2485,0.087451261
49.2516,0.087452044
49.2548,0.087452827
49.2579,0.087453611
49.261,0.087454393
49.2641,0.087455176
49.2672,0.087455958
49.2703,0.087456741
49.2735,0.087457522
49.2766,0.087458304
49.2797,0.087459086
49.2828,0.087459867
49.2859,0.087460649
49.2891,0.08746143
49.2922,0.087462211
49.2953,0.087462991
49.2984,0.087463772
49.3015,0.087464552
49.3046,0.087465332
49.3078,0.087466112
49.3109,0.087466893
49.314,0.087467672
49.3171,0.087468452
49.3202,0.087469232
49.3234,0.087470011
49.3265,0.087470791
49.3296,0.08747157
49.3327,0.08747235
49.3358,0.087473129
49.3389,0.087473909
49.3421,0.087474688
49.3452,0.087475467
49.3483,0.087476247
49.3514,0.087477026
49.3545,0.087477806
49.3577,0.087478585
49.3608,0.087479365
49.3639,0.087480145
49.367,0.087480925
49.3701,0.087481705
49.3732,0.087482485
49.3764,0.087483265
49.3795,0.087484045
49.3826,0.087484826
49.3857,0.087485606
49.3888,0.087486387
49.392,0.087487168
49.3951,0.087487949
49.3982,0.08748873
49.4013,0.087489512
49.4044,0.087490293
49.4075,0.087491075
49.4107,0.087491857
49.4138,0.087492639
49.4169,0.087493421
49.42,0.087494203
49.4231,0.087494986
49.4263,0.087495768
49.4294,0.087496551
49.4325,0.087497334
49.4356,0.087498117
49.4387,0.0874989
49.4418,0.087499683
49.445,0.087500466
49.4481,0.08750125
49.4512,0.087502034
49.4543,0.087502817
49.4574,0.087503601
49.4606,0.087504385
49.4637,0.087505169
49.4668,0.087505953
49.4699,0.087506737
49.473,0.087507521
49.4761,0.087508305
49.4793,0.08750909
49.4824,0.087509874
49.4855,0.087510658
49.4886,0.087511443
49.4917,0.087512227
49.4949,0.087513012
49.498,0.087513796
49.5011,0.08751458
49.5042,0.087515365
49.5073,0.087516149
49.5104,0.087516934
49.5136,0.087517718
49.5167,0.087518502
49.5198,0.087519287
49.5229,0.087520071
49.526,0.087520855
49.5292,0.087521639
49.5323,0.087522423
49.5354,0.087523208
49.5385,0.087523991
49.5416,0.087524775
49.5447,0.087525559
49.5479,0.087526343
49.551,0.087527126
49.5541,0.08752791
49.5572,0.087528693
49.5603,0.087529477
49.5635,0.08753026
49.5666,0.087531043
49.5697,0.087531826
49.5728,0.087532609
49.5759,0.087533392
49.579,0.087534174
49.5822,0.087534957
49.5853,0.087535739
49.5884,0.087536522
49.5915,0.087537304
49.5946,0.087538086
49.5978,0.087538868
49.6009,0.087539649
49.604,0.087540431
49.6071,0.087541213
49.6102,0.087541994
49.6133,0.087542775
49.6165,0.087543556
49.6196,0.087544337
49.6227,0.087545118
49.6258,0.087545898
49.6289,0.087546679
49.6321,0.087547459
49.6352,0.087548239
49.6383,0.087549019
49.6414,0.087549799
49.6445,0.087550579
49.6476,0.087551359
49.6508,0.087552138
49.6539,0.087552917
49.657,0.087553697
49.6601,0.087554476
49.6632,0.087555254
49.6664,0.087556033
49.6695,0.087556812
49.6726,0.08755759
49.6757,0.087558368
49.6788,0.087559147
49.6819,0.087559925
49.6851,0.087560703
49.6882,0.08756148
49.6913,0.087562258
49.6944,0.087563035
49.6975,0.087563813
49.7007,0.08756459
49.7038,0.087565367
49.7069,0.087566144
49.71,0.087566921
49.7131,0.087567697
49.7162,0.087568474
49.7194,0.08756925
49.7225,0.087570027
49.7256,0.087570803
49.7287,0.087571579
49.7318,0.087572355
49.735,0.087573131
49.7381,0.087573907
49.7412,0.087574682
49.7443,0.087575458
49.7474,0.087576233
49.7505,0.087577008
49.7537,0.087577783
49.7568,0.087578558
49.7599,0.087579333
49.763,0.087580108
49.7661,0.087580882
49.7693,0.087581657
49.7724,0.087582431
49.7755,0.087583206
49.7786,0.08758398
49.7817,0.087584754
49.7848,0.087585528
49.788,0.087586302
49.7911,0.087587075
49.7942,0.087587849
49.7973,0.087588623
49.8004,0.087589396
49.8036,0.087590169
49.8067,0.087590942
49.8098,0.087591715
49.8129,0.087592488
49.816,0.087593261
49.8191,0.087594034
49.8223,0.087594806
49.8254,0.087595579
49.8285,0.087596351
49.8316,0.087597123
49.8347,0.087597896
49.8379,0.087598668
49.841,0.08759944
49.8441,0.087600211
49.8472,0.087600983
49.8503,0.087601755
49.8534,0.087602526
49.8566,0.087603297
49.8597,0.087604069
49.8628,0.08760484
49.8659,0.087605611
49.869,0.087606382
49.8722,0.087607152
49.8753,0.087607923
49.8784,0.087608694
49.8815,0.087609464
49.8846,0.087610234
49.8877,0.087611005
49.8909,0.087611775
49.894,0.087612545
49.8971,0.087613315
49.9002,0.087614084
49.9033,0.087614854
49.9065,0.087615624
49.9096,0.087616393
49.9127,0.087617163
49.9158,0.087617932
49.9189,0.087618701
49.922,0.08761947
49.9252,0.087620239
49.9283,0.087621008
49.9314,0.087621776
49.9345,0.087622545
49.9376,0.087623313
49.9408,0.087624082
49.9439,0.08762485
49.947,0.087625618
49.9501,0.087626386
49.9532,0.087627154
49.9563,0.087627922
49.9595,0.08762869
49.9626,0.087629457
49.9657,0.087630225
49.9688,0.087630992
49.9719,0.08763176
49.9751,0.087632527
49.9782,0.087633294
49.9813,0.087634061
49.9844,0.087634827
49.9875,0.087635594
49.9906,0.087636361
49.9938,0.087637127
49.9969,0.087637894
50,0.08763866
50.0031,0.087639426
50.0062,0.087640192
50.0094,0.087640958
50.0125,0.087641724
50.0156,0.08764249
50.0187,0.087643255
50.0218,0.087644021
50.0249,0.087644786
50.0281,0.087645552
50.0312,0.087646317
50.0343,0.087647082
50.0374,0.087647847
50.0405,0.087648612
50.0437,0.087649377
50.0468,0.087650141
50.0499,0.087650906
50.053,0.087651671
50.0561,0.087652435
50.0592,0.087653199
50.0624,0.087653963
50.0655,0.087654727
50.0686,0.087655491
50.0717,0.087656255
50.0748,0.087657019
50.078,0.087657782
50.0811,0.087658546
50.0842,0.087659309
50.0873,0.087660073
50.0904,0.087660836
50.0935,0.087661599
50.0967,0.087662362
50.0998,0.087663125
50.1029,0.087663887
50.106,0.08766465
50.1091,0.087665412
50.1123,0.087666175
50.1154,0.087666937
50.1185,0.087667699
50.1216,0.087668462
50.1247,0.087669224
50.1278,0.087669986
50.131,0.087670747
50.1341,0.087671509
50.1372,0.08767227
50.1403,0.087673032
50.1434,0.087673793
50.1466,0.087674555
50.1497,0.087675316
50.1528,0.087676077
50.1559,0.087676838
50.159,0.087677599
50.1621,0.087678359
50.1653,0.08767912
50.1684,0.087679881
50.1715,0.087680641
50.1746,0.087681402
50.1777,0.087682162
50.1809,0.087682922
50.184,0.087683682
50.1871,0.087684442
50.1902,0.087685202
50.1933,0.087685961
50.1964,0.087686721
50.1996,0.08768748
50.2027,0.08768824
50.2058,0.087688999
50.2089,0.087689758
50.212,0.087690517
50.2152,0.087691276
50.2183,0.087692035
50.2214,0.087692793
50.2245,0.087693552
50.2276,0.08769431
50.2307,0.087695069
50.2339,0.087695827
50.237,0.087696585
50.2401,0.087697343
50.2432,0.087698101
50.2463,0.087698859
50.2495,0.087699617
50.2526,0.087700374
50.2557,0.087701132
50.2588,0.087701889
50.2619,0.087702646
50.265,0.087703404
50.2682,0.087704161
50.2713,0.087704918
50.2744,0.087705674
50.2775,0.087706431
50.2806,0.087707188
50.2838,0.087707944
50.2869,0.087708701
50.29,0.087709457
50.2931,0.087710213
50.2962,0.087710969
50.2993,0.087711725
50.3025,0.087712481
50.3056,0.087713237
50.3087,0.087713993
50.3118,0.087714748
50.3149,0.087715503
50.3181,0.087716259
50.3212,0.087717014
50.3243,0.087717769
50.3274,0.087718524
50.3305,0.087719279
50.3336,0.087720033
50.3368,0.087720788
50.3399,0.087721542
50.343,0.087722297
50.3461,0.087723051
50.3492,0.087723805
50.3524,0.087724559
50.3555,0.087725313
50.3586,0.087726067
50.3617,0.087726821
50.3648,0.087727575
50.3679,0.087728328
50.3711,0.087729081
50.3742,0.087729835
50.3773,0.087730588
50.3804,0.087731341
50.3835,0.087732094
50.3867,0.087732847
50.3898,0.087733599
50.3929,0.087734352
50.396,0.087735105
50.3991,0.087735857
50.4022,0.087736609
50.4054,0.087737361
50.4085,0.087738113
50.4116,0.087738865
50.4147,0.087739617
50.4178,0.087740369
50.421,0.08774112
50.4241,0.087741872
50.4272,0.087742623
50.4303,0.087743374
50.4334,0.087744126
50.4365,0.087744876
50.4397,0.087745627
50.4428,0.087746378
50.4459,0.087747129
50.449,0.087747879
50.4521,0.08774863
50.4553,0.08774938
50.4584,0.08775013
50.4615,0.08775088
50.4646,0.08775163
50.4677,0.08775238
50.4708,0.08775313
50.474,0.08775388
50.4771,0.087754629
50.4802,0.087755379
50.4833,0.087756128
50.4864,0.087756877
50.4896,0.087757626
50.4927,0.087758375
50.4958,0.087759124
50.4989,0.087759873
50.502,0.087760622
50.5051,0.08776137
50.5083,0.087762118
50.5114,0.087762867
50.5145,0.087763615
50.5176,0.087764363
50.5207,0.087765111
50.5239,0.087765859
50.527,0.087766606
50.5301,0.087767354
50.5332,0.087768102
50.5363,0.087768849
50.5394,0.087769596
50.5426,0.087770343
50.5457,0.08777109
50.5488,0.087771837
50.5519,0.087772584
50.555,0.087773331
50.5582,0.087774077
50.5613,0.087774824
50.5644,0.08777557
50.5675,0.087776316
50.5706,0.087777062
50.5737,0.087777808
50.5769,0.087778554
50.58,0.0877793
50.5831,0.087780046
50.5862,0.087780791
50.5893,0.087781537
50.5925,0.087782282
50.5956,0.087783027
50.5987,0.087783772
50.6018,0.087784517
50.6049,0.087785262
50.608,0.087786007
50.6112,0.087786752
50.6143,0.087787496
50.6174,0.087788241
50.6205,0.087788985
50.6236,0.087789729
50.6268,0.087790473
50.6299,0.087791217
50.633,0.087791961
50.6361,0.087792705
50.6392,0.087793448
50.6423,0.087794192
50.6455,0.087794935
50.6486,0.087795679
50.6517,0.087796422
50.6548,0.087797165
50.6579,0.087797908
50.6611,0.08779865
50.6642,0.087799393
50.6673,0.087800136
50.6704,0.087800878
50.6735,0.087801621
50.6766,0.087802363
50.6798,0.087803105
50.6829,0.087803847
50.686,0.087804589
50.6891,0.087805331
50.6922,0.087806072
50.6954,0.087806814
50.6985,0.087807555
50.7016,0.087808297
50.7047,0.087809038
50.7078,0.087809779
50.7109,0.08781052
50.7141,0.087811261
50.7172,0.087812002
50.7203,0.087812742
50.7234,0.087813483
50.7265,0.087814223
50.7297,0.087814963
50.7328,0.087815704
50.7359,0.087816444
50.739,0.087817184
50.7421,0.087817923
50.7452,0.087818663
50.7484,0.087819403
50.7515,0.087820142
50.7546,0.087820881
50.7577,0.08782162
50.7608,0.08782236
50.764,0.087823099
50.7671,0.087823837
50.7702,0.087824576
50.7733,0.087825315
50.7764,0.087826053
50.7795,0.087826791
50.7827,0.08782753
50.7858,0.087828268
50.7889,0.087829006
50.792,0.087829744
50.7951,0.087830481
50.7983,0.087831219
50.8014,0.087831957
50.8045,0.087832694
50.8076,0.087833431
50.8107,0.087834168
50.8138,0.087834905
50.817,0.087835642
50.8201,0.087836379
50.8232,0.087837116
50.8263,0.087837852
50.8294,0.087838589
50.8326,0.087839325
50.8357,0.087840062
50.8388,0.087840798
50.8419,0.087841534
50.845,0.08784227
50.8481,0.087843005
50.8513,0.087843741
50.8544,0.087844477
50.8575,0.087845212
50.8606,0.087845947
50.8637,0.087846682
50.8669,0.087847417
50.87,0.087848152
50.8731,0.087848887
50.8762,0.087849622
50.8793,0.087850356
50.8824,0.087851091
50.8856,0.087851825
50.8887,0.087852559
50.8918,0.087853293
50.8949,0.087854028
50.898,0.087854761
50.9012,0.087855495
50.9043,0.087856229
50.9074,0.087856962
50.9105,0.087857696
50.9136,0.087858429
50.9167,0.087859162
50.9199,0.087859895
50.923,0.087860628
50.9261,0.087861361
50.9292,0.087862094
50.9323,0.087862827
50.9355,0.087863559
50.9386,0.087864292
50.9417,0.087865024
50.9448,0.087865756
50.9479,0.087866488
50.951,0.08786722
50.9542,0.087867952
50.9573,0.087868684
50.9604,0.087869415
50.9635,0.087870147
50.9666,0.087870878
50.9698,0.087871609
50.9729,0.08787234
50.976,0.087873071
50.9791,0.087873802
50.9822,0.087874533
50.9853,0.087875264
50.9885,0.087875994
50.9916,0.087876725
50.9947,0.087877455
50.9978,0.087878185
51.0009,0.087878915
51.0041,0.087879645
51.0072,0.087880375
51.0103,0.087881105
51.0134,0.087881835
51.0165,0.087882564
51.0196,0.087883293
51.0228,0.087884023
51.0259,0.087884752
51.029,0.087885481
51.0321,0.08788621
51.0352,0.087886939
51.0384,0.087887668
51.0415,0.087888396
51.0446,0.087889125
51.0477,0.087889853
51.0508,0.087890581
51.0539,0.08789131
51.0571,0.087892038
51.0602,0.087892765
51.0633,0.087893493
51.0664,0.087894221
51.0695,0.087894949
51.0727,0.087895676
51.0758,0.087896403
51.0789,0.087897131
51.082,0.087897858
51.0851,0.087898585
51.0882,0.087899312
51.0914,0.087900038
51.0945,0.087900765
51.0976,0.087901491
51.1007,0.087902218
51.1038,0.087902944
51.107,0.08790367
51.1101,0.087904396
51.1132,0.087905122
51.1163,0.087905848
51.1194,0.087906574
51.1225,0.087907299
51.1257,0.087908025
51.1288,0.08790875
51.1319,0.087909476
51.135,0.087910201
51.1381,0.087910926
51.1413,0.087911651
51.1444,0.087912376
51.1475,0.0879131
51.1506,0.087913825
51.1537,0.087914549
51.1568,0.087915274
51.16,0.087915998
51.1631,0.087916722
51.1662,0.087917446
51.1693,0.08791817
51.1724,0.087918894
51.1756,0.087919618
51.1787,0.087920341
51.1818,0.087921065
51.1849,0.087921788
51.188,0.087922511
51.1911,0.087923234
51.1943,0.087923957
51.1974,0.08792468
51.2005,0.087925403
51.2036,0.087926125
51.2067,0.087926848
51.2099,0.08792757
51.213,0.087928293
51.2161,0.087929015
51.2192,0.087929737
51.2223,0.087930459
51.2254,0.08793118
51.2286,0.087931902
51.2317,0.087932624
51.2348,0.087933345
51.2379,0.087934067
51.241,0.087934788
51.2442,0.087935509
51.2473,0.08793623
51.2504,0.087936951
51.2535,0.087937672
51.2566,0.087938393
51.2597,0.087939113
51.2629,0.087939833
51.266,0.087940554
51.2691,0.087941274
51.2722,0.087941994
51.2753,0.087942714
51.2785,0.087943434
51.2816,0.087944154
51.2847,0.087944874
51.2878,0.087945593
51.2909,0.087946313
51.294,0.087947032
51.2972,0.087947751
51.3003,0.08794847
51.3034,0.087949189
51.3065,0.087949908
51.3096,0.087950627
51.3128,0.087951345
51.3159,0.087952064
51.319,0.087952782
51.3221,0.087953501
51.3252,0.087954219
51.3283,0.087954937
51.3315,0.087955655
51.3346,0.087956373
51.3377,0.08795709
51.3408,0.087957808
51.3439,0.087958525
51.3471,0.087959243
51.3502,0.08795996
51.3533,0.087960677
51.3564,0.087961394
51.3595,0.087962111
51.3626,0.087962828
51.3658,0.087963545
51.3689,0.087964262
51.372,0.087964978
51.3751,0.087965694
51.3782,0.087966411
51.3814,0.087967127
51.3845,0.087967843
51.3876,0.087968559
51.3907,0.087969275
51.3938,0.08796999
51.3969,0.087970706
51.4001,0.087971422
51.4032,0.087972137
51.4063,0.087972852
51.4094,0.087973567
51.4125,0.087974283
51.4157,0.087974997
51.4188,0.087975712
51.4219,0.087976427
51.425,0.087977141
51.4281,0.087977856
51.4312,0.08797857
51.4344,0.087979285
51.4375,0.087979999
51.4406,0.087980713
51.4437,0.087981427
51.4468,0.087982141
51.45,0.087982854
51.4531,0.087983568
51.4562,0.087984281
51.4593,0.087984995
51.4624,0.087985708
51.4655,0.087986421
51.4687,0.087987134
51.4718,0.087987847
51.4749,0.08798856
51.478,0.087989273
51.4811,0.087989985
51.4843,0.087990698
51.4874,0.08799141
51.4905,0.087992122
51.4936,0.087992835
51.4967,0.087993547
51.4998,0.087994259
51.503,0.08799497
51.5061,0.087995682
51.5092,0.087996394
51.5123,0.087997105
51.5154,0.087997817
51.5186,0.087998528
51.5217,0.087999239
51.5248,0.08799995
51.5279,0.088000661
51.531,0.088001372
51.5341,0.088002082
51.5373,0.088002793
51.5404,0.088003503
51.5435,0.088004214
51.5466,0.088004924
51.5497,0.088005634
51.5529,0.088006344
51.556,0.088007054
51.5591,0.088007764
51.5622,0.088008474
51.5653,0.088009183
51.5684,0.088009893
51.5716,0.088010602
51.5747,0.088011311
51.5778,0.08801202
51.5809,0.088012729
51.584,0.088013438
51.5872,0.088014147
51.5903,0.088014856
51.5934,0.088015564
51.5965,0.088016273
51.5996,0.088016981
51.6027,0.088017689
51.6059,0.088018398
51.609,0.088019106
51.6121,0.088019814
51.6152,0.088020521
51.6183,0.088021229
51.6215,0.088021937
51.6246,0.088022644
51.6277,0.088023351
51.6308,0.088024059
51.6339,0.088024766
51.637,0.088025473
51.6402,0.08802618
51.6433,0.088026887
51.6464,0.088027593
51.6495,0.0880283
51.6526,0.088029006
51.6558,0.088029713
51.6589,0.088030419
51.662,0.088031125
51.6651,0.088031831
51.6682,0.088032537
51.6713,0.088033243
51.6745,0.088033948
51.6776,0.088034654
51.6807,0.088035359
51.6838,0.088036065
51.6869,0.08803677
51.6901,0.088037475
51.6932,0.08803818
51.6963,0.088038885
51.6994,0.08803959
51.7025,0.088040295
51.7056,0.088040999
51.7088,0.088041703
51.7119,0.088042408
51.715,0.088043112
51.7181,0.088043816
51.7212,0.08804452
51.7244,0.088045224
51.7275,0.088045928
51.7306,0.088046632
51.7337,0.088047335
51.7368,0.088048039
51.7399,0.088048742
51.7431,0.088049445
51.7462,0.088050148
51.7493,0.088050851
51.7524,0.088051554
51.7555,0.088052257
51.7587,0.08805296
51.7618,0.088053662
51.7649,0.088054365
51.768,0.088055067
51.7711,0.088055769
51.7742,0.088056471
51.7774,0.088057173
51.7805,0.088057875
51.7836,0.088058577
51.7867,0.088059279
51.7898,0.08805998
51.793,0.088060682
51.7961,0.088061383
51.7992,0.088062084
51.8023,0.088062785
51.8054,0.088063486
51.8085,0.088064187
51.8117,0.088064888
51.8148,0.088065588
51.8179,0.088066289
51.821,0.08806699
51.8241,0.08806769
51.8273,0.08806839
51.8304,0.08806909
51.8335,0.08806979
51.8366,0.08807049
51.8397,0.08807119
51.8428,0.08807189
51.846,0.088072589
51.8491,0.088073289
51.8522,0.088073988
51.8553,0.088074687
51.8584,0.088075386
51.8616,0.088076085
51.8647,0.088076784
51.8678,0.088077483
51.8709,0.088078182
51.874,0.08807888
51.8771,0.088079579
51.8803,0.088080277
51.8834,0.088080975
51.8865,0.088081673
51.8896,0.088082371
51.8927,0.088083069
51.8959,0.088083767
51.899,0.088084464
51.9021,0.088085162
51.9052,0.088085859
51.9083,0.088086557
51.9114,0.088087254
51.9146,0.088087951
51.9177,0.088088648
51.9208,0.088089345
51.9239,0.088090042
51.927,0.088090738
51.9302,0.088091435
51.9333,0.088092131
51.9364,0.088092827
51.9395,0.088093524
51.9426,0.08809422
51.9457,0.088094916
51.9489,0.088095612
51.952,0.088096307
51.9551,0.088097003
51.9582,0.088097698
51.9613,0.088098394
51.9645,0.088099089
51.9676,0.088099784
51.9707,0.088100479
51.9738,0.088101174
51.9769,0.088101869
51.98,0.088102564
51.9832,0.088103258
51.9863,0.088103953
51.9894,0.088104647
51.9925,0.088105341
51.9956,0.088106035
51.9988,0.088106729
52.0019,0.088107423
52.005,0.088108117
52.0081,0.088108811
52.0112,0.088109504
52.0143,0.088110198
52.0175,0.088110891
52.0206,0.088111584
52.0237,0.088112277
52.0268,0.08811297
52.0299,0.088113663
52.0331,0.088114356
52.0362,0.088115048
52.0393,0.088115741
52.0424,0.088116433
52.0455,0.088117125
52.0486,0.088117818
52.0518,0.08811851
52.0549,0.088119202
52.058,0.088119893
52.0611,0.088120585
52.0642,0.088121277
52.0674,0.088121968
52.0705,0.08812266
52.0736,0.088123351
52.0767,0.088124042
52.0798,0.088124733
52.0829,0.088125424
52.0861,0.088126115
52.0892,0.088126805
52.0923,0.088127496
52.0954,0.088128186
52.0985,0.088128877
52.1017,0.088129567
52.1048,0.088130257
52.1079,0.088130947
52.111,0.088131637
52.1141,0.088132326
52.1172,0.088133016
52.1204,0.088133706
52.1235,0.088134395
52.1266,0.088135084
52.1297,0.088135773
52.1328,0.088136462
52.136,0.088137151
52.1391,0.08813784
52.1422,0.088138529
52.1453,0.088139218
52.1484,0.088139906
52.1515,0.088140595
52.1547,0.088141283
52.1578,0.088141971
52.1609,0.088142659
52.164,0.088143347
52.1671,0.088144035
52.1703,0.088144723
52.1734,0.08814541
52.1765,0.088146098
52.1796,0.088146785
52.1827,0.088147472
52.1858,0.08814816
52.189,0.088148847
52.1921,0.088149533
52.1952,0.08815022
52.1983,0.088150907
52.2014,0.088151593
52.2046,0.08815228
52.2077,0.088152966
52.2108,0.088153652
52.2139,0.088154338
52.217,0.088155024
52.2201,0.08815571
52.2233,0.088156396
52.2264,0.088157082
52.2295,0.088157767
52.2326,0.088158453
52.2357,0.088159138
52.2389,0.088159823
52.242,0.088160508
52.2451,0.088161193
52.2482,0.088161878
52.2513,0.088162563
52.2544,0.088163248
52.2576,0.088163932
52.2607,0.088164617
52.2638,0.088165301
52.2669,0.088165985
52.27,0.088166669
52.2732,0.088167353
52.2763,0.088168037
52.2794,0.088168721
52.2825,0.088169405
52.2856,0.088170088
52.2887,0.088170771
52.2919,0.088171455
52.295,0.088172138
52.2981,0.088172821
52.3012,0.088173504
52.3043,0.088174187
52.3075,0.08817487
52.3106,0.088175552
52.3137,0.088176235
52.3168,0.088176917
52.3199,0.0881776
52.323,0.088178282
52.3262,0.088178964
52.3293,0.088179646
52.3324,0.088180328
52.3355,0.08818101
52.3386,0.088181691
52.3418,0.088182373
52.3449,0.088183054
52.348,0.088183736
52.3511,0.088184417
52.3542,0.088185098
52.3573,0.088185779
52.3605,0.08818646
52.3636,0.08818714
52.3667,0.088187821
52.3698,0.088188502
52.3729,0.088189182
52.3761,0.088189863
52.3792,0.088190543
52.3823,0.088191223
52.3854,0.088191903
52.3885,0.088192583
52.3916,0.088193263
52.3948,0.088193943
52.3979,0.088194622
52.401,0.088195302
52.4041,0.088195981
52.4072,0.08819666
52.4104,0.088197339
52.4135,0.088198019
52.4166,0.088198698
52.4197,0.088199376
52.4228,0.088200055
52.4259,0.088200734
52.4291,0.088201412
52.4322,0.08820209
52.4353,0.088202769
52.4384,0.088203447
52.4415,0.088204125
52.4447,0.088204803
52.4478,0.088205481
52.4509,0.088206158
52.454,0.088206836
52.4571,0.088207514
52.4602,0.088208191
52.4634,0.088208868
52.4665,0.088209545
52.4696,0.088210222
52.4727,0.088210899
52.4758,0.088211576
52.479,0.088212253
52.4821,0.088212929
52.4852,0.088213606
52.4883,0.088214283
52.4914,0.088214959
52.4945,0.088215635
52.4977,0.088216311
52.5008,0.088216987
52.5039,0.088217663
52.507,0.088218339
52.5101,0.088219014
52.5133,0.08821969
52.5164,0.088220365
52.5195,0.088221041
52.5226,0.088221716
52.5257,0.088222391
52.5288,0.088223066
52.532,0.088223741
52.5351,0.088224416
52.5382,0.08822509
52.5413,0.088225765
52.5444,0.088226439
52.5476,0.088227113
52.5507,0.088227788
52.5538,0.088228462
52.5569,0.088229136
52.56,0.088229809
52.5631,0.088230483
52.5663,0.088231157
52.5694,0.08823183
52.5725,0.088232504
52.5756,0.088233177
52.5787,0.08823385
52.5819,0.088234523
52.585,0.088235196
52.5881,0.088235869
52.5912,0.088236542
52.5943,0.088237215
52.5974,0.088237887
52.6006,0.08823856
52.6037,0.088239232
52.6068,0.088239904
52.6099,0.088240576
52.613,0.088241248
52.6162,0.08824192
52.6193,0.088242592
52.6224,0.088243264
52.6255,0.088243935
52.6286,0.088244607
52.6317,0.088245278
52.6349,0.088245949
52.638,0.08824662
52.6411,0.088247291
52.6442,0.088247962
52.6473,0.088248633
52.6505,0.088249304
52.6536,0.088249974
52.6567,0.088250645
52.6598,0.088251315
52.6629,0.088251985
52.666,0.088252655
52.6692,0.088253325
52.6723,0.088253995
52.6754,0.088254665
52.6785,0.088255335
52.6816,0.088256004
52.6848,0.088256674
52.6879,0.088257343
52.691,0.088258012
52.6941,0.088258681
52.6972,0.08825935
52.7003,0.088260019
52.7035,0.088260688
52.7066,0.088261357
52.7097,0.088262025
52.7128,0.088262694
52.7159,0.088263362
52.7191,0.08826403
52.7222,0.088264699
52.7253,0.088265367
52.7284,0.088266035
52.7315,0.088266703
52.7346,0.08826737
52.7378,0.088268038
52.7409,0.088268705
52.744,0.088269373
52.7471,0.08827004
52.7502,0.088270707
52.7534,0.088271374
52.7565,0.088272041
52.7596,0.088272708
52.7627,0.088273375
52.7658,0.088274041
52.7689,0.088274708
52.7721,0.088275374
52.7752,0.088276041
52.7783,0.088276707
52.7814,0.088277373
52.7845,0.088278039
52.7877,0.088278705
52.7908,0.08827937
52.7939,0.088280036
52.797,0.088280702
52.8001,0.088281367
52.8032,0.088282032
52.8064,0.088282697
52.8095,0.088283363
52.8126,0.088284028
52.8157,0.088284692
52.8188,0.088285357
52.822,0.088286022
52.8251,0.088286686
52.8282,0.088287351
52.8313,0.088288015
52.8344,0.088288679
52.8375,0.088289344
52.8407,0.088290008
52.8438,0.088290671
52.8469,0.088291335
52.85,0.088291999
52.8531,0.088292662
52.8563,0.088293326
52.8594,0.088293989
52.8625,0.088294653
52.8656,0.088295316
52.8687,0.088295979
52.8718,0.088296641
52.875,0.088297304
52.8781,0.088297967
52.8812,0.08829863
52.8843,0.088299292
52.8874,0.088299954
52.8906,0.088300617
52.8937,0.088301279
52.8968,0.088301941
52.8999,0.088302603
52.903,0.088303265
52.9061,0.088303926
52.9093,0.088304588
52.9124,0.088305249
52.9155,0.088305911
52.9186,0.088306572
52.9217,0.088307233
52.9249,0.088307894
52.928,0.088308555
52.9311,0.088309216
52.9342,0.088309876
52.9373,0.088310537
52.9404,0.088311198
52.9436,0.088311858
52.9467,0.088312518
52.9498,0.088313178
52.9529,0.088313838
52.956,0.088314498
52.9592,0.088315158
52.9623,0.088315818
52.9654,0.088316477
52.9685,0.088317137
52.9716,0.088317796
52.9747,0.088318456
52.9779,0.088319115
52.981,0.088319774
52.9841,0.088320433
52.9872,0.088321091
52.9903,0.08832175
52.9935,0.088322409
52.9966,0.088323067
52.9997,0.088323725
53.0028,0.088324383
53.0059,0.088325041
53.009,0.088325699
53.0122,0.088326357
53.0153,0.088327014
53.0184,0.088327672
53.0215,0.088328329
53.0246,0.088328987
53.0278,0.088329644
53.0309,0.088330301
53.034,0.088330958
53.0371,0.088331615
53.0402,0.088332271
53.0433,0.088332928
53.0465,0.088333584
53.0496,0.08833424
53.0527,0.088334897
53.0558,0.088335553
53.0589,0.088336209
53.0621,0.088336864
53.0652,0.08833752
53.0683,0.088338176
53.0714,0.088338831
53.0745,0.088339486
53.0776,0.088340141
53.0808,0.088340797
53.0839,0.088341452
53.087,0.088342106
53.0901,0.088342761
53.0932,0.088343415
53.0964,0.08834407
53.0995,0.088344724
53.1026,0.088345378
53.1057,0.088346032
53.1088,0.088346686
53.1119,0.08834734
53.1151,0.088347993
53.1182,0.088348647
53.1213,0.0883493
53.1244,0.088349953
53.1275,0.088350607
53.1307,0.08835126
53.1338,0.088351912
53.1369,0.088352565
53.14,0.088353218
53.1431,0.08835387
53.1462,0.088354523
53.1494,0.088355175
53.1525,0.088355827
53.1556,0.088356479
53.1587,0.088357131
53.1618,0.088357782
53.165,0.088358434
53.1681,0.088359086
53.1712,0.088359737
53.1743,0.088360388
53.1774,0.088361039
53.1805,0.08836169
53.1837,0.088362341
53.1868,0.088362992
53.1899,0.088363643
53.193,0.088364293
53.1961,0.088364944
53.1993,0.088365594
53.2024,0.088366244
53.2055,0.088366894
53.2086,0.088367544
53.2117,0.088368194
53.2148,0.088368844
53.218,0.088369494
53.2211,0.088370143
53.2242,0.088370793
53.2273,0.088371442
53.2304,0.088372091
53.2336,0.08837274
53.2367,0.088373389
53.2398,0.088374038
53.2429,0.088374686
53.246,0.088375335
53.2491,0.088375984
53.2523,0.088376632
53.2554,0.08837728
53.2585,0.088377929
53.2616,0.088378577
53.2647,0.088379225
53.2679,0.088379872
53.271,0.08838052
53.2741,0.088381168
53.2772,0.088381815
53.2803,0.088382462
53.2834,0.08838311
53.2866,0.088383757
53.2897,0.088384404
53.2928,0.088385051
53.2959,0.088385698
53.299,0.088386345
53.3022,0.088386991
53.3053,0.088387638
53.3084,0.088388284
53.3115,0.088388931
53.3146,0.088389577
53.3177,0.088390223
53.3209,0.088390869
53.324,0.088391515
53.3271,0.088392161
53.3302,0.088392807
53.3333,0.088393452
53.3365,0.088394098
53.3396,0.088394743
53.3427,0.088395388
53.3458,0.088396033
53.3489,0.088396678
53.352,0.088397323
53.3552,0.088397968
53.3583,0.088398612
53.3614,0.088399257
53.3645,0.088399901
53.3676,0.088400545
53.3708,0.08840119
53.3739,0.088401834
53.377,0.088402478
53.3801,0.088403122
53.3832,0.088403765
53.3863,0.088404409
53.3895,0.088405053
53.3926,0.088405696
53.3957,0.088406339
53.3988,0.088406982
53.4019,0.088407626
53.4051,0.088408268
53.4082,0.088408911
53.4113,0.088409554
53.4144,0.088410197
53.4175,0.088410839
53.4206,0.088411482
53.4238,0.088412124
53.4269,0.088412766
53.43,0.088413408
53.4331,0.08841405
53.4362,0.088414692
53.4394,0.088415334
53.4425,0.088415975
53.4456,0.088416617
53.4487,0.088417258
53.4518,0.0884179
53.4549,0.088418541
53.4581,0.088419182
53.4612,0.088419823
53.4643,0.088420464
53.4674,0.088421105
53.4705,0.088421745
53.4737,0.088422386
53.4768,0.088423026
53.4799,0.088423667
53.483,0.088424307
53.4861,0.088424947
53.4892,0.088425587
53.4924,0.088426227
53.4955,0.088426867
53.4986,0.088427506
53.5017,0.088428146
53.5048,0.088428785
53.508,0.088429424
53.5111,0.088430064
53.5142,0.088430703
53.5173,0.088431342
53.5204,0.08843198
53.5235,0.088432619
53.5267,0.088433258
53.5298,0.088433896
53.5329,0.088434535
53.536,0.088435173
53.5391,0.088435811
53.5423,0.088436449
53.5454,0.088437087
53.5485,0.088437725
53.5516,0.088438363
53.5547,0.088439001
53.5578,0.088439638
53.561,0.088440275
53.5641,0.088440913
53.5672,0.08844155
53.5703,0.088442187
53.5734,0.088442824
53.5766,0.088443461
53.5797,0.088444097
53.5828,0.088444734
53.5859,0.08844537
53.589,0.088446007
53.5921,0.088446643
53.5953,0.088447279
53.5984,0.088447915
53.6015,0.088448551
53.6046,0.088449187
53.6077,0.088449823
53.6109,0.088450458
53.614,0.088451094
53.6171,0.088451729
53.6202,0.088452364
53.6233,0.088453
53.6264,0.088453635
53.6296,0.08845427
53.6327,0.088454905
53.6358,0.088455539
53.6389,0.088456174
53.642,0.088456808
53.6452,0.088457443
53.6483,0.088458077
53.6514,0.088458711
53.6545,0.088459345
53.6576,0.088459979
53.6607,0.088460613
53.6639,0.088461247
53.667,0.088461881
53.6701,0.088462515
53.6732,0.088463148
53.6763,0.088463781
53.6795,0.088464414
53.6826,0.088465048
53.6857,0.088465681
53.6888,0.088466313
53.6919,0.088466946
53.695,0.088467579
53.6982,0.088468212
53.7013,0.088468844
53.7044,0.088469476
53.7075,0.088470109
53.7106,0.088470741
53.7138,0.088471373
53.7169,0.088472004
53.72,0.088472636
53.7231,0.088473268
53.7262,0.088473899
53.7293,0.088474531
53.7325,0.088475162
53.7356,0.088475793
53.7387,0.088476424
53.7418,0.088477055
53.7449,0.088477686
53.7481,0.088478317
53.7512,0.088478948
53.7543,0.088479578
53.7574,0.088480209
53.7605,0.088480839
53.7636,0.08848147
53.7668,0.0884821
53.7699,0.08848273
53.773,0.08848336
53.7761,0.08848399
53.7792,0.088484619
53.7824,0.088485249
53.7855,0.088485879
53.7886,0.088486508
53.7917,0.088487137
53.7948,0.088487766
53.7979,0.088488395
53.8011,0.088489024
53.8042,0.088489653
53.8073,0.088490282
53.8104,0.088490911
53.8135,0.088491539
53.8167,0.088492168
53.8198,0.088492796
53.8229,0.088493424
53.826,0.088494052
53.8291,0.08849468
53.8322,0.088495308
53.8354,0.088495936
53.8385,0.088496564
53.8416,0.088497192
53.8447,0.088497819
53.8478,0.088498447
53.851,0.088499074
53.8541,0.088499702
53.8572,0.088500329
53.8603,0.088500956
53.8634,0.088501583
53.8665,0.08850221
53.8697,0.088502837
53.8728,0.088503464
53.8759,0.088504091
53.879,0.088504718
53.8821,0.088505344
53.8853,0.088505971
53.8884,0.088506597
53.8915,0.088507224
53.8946,0.08850785
53.8977,0.088508477
53.9008,0.088509103
53.904,0.088509729
53.9071,0.088510355
53.9102,0.088510981
53.9133,0.088511607
53.9164,0.088512233
53.9196,0.088512859
53.9227,0.088513485
53.9258,0.08851411
53.9289,0.088514736
53.932,0.088515362
53.9351,0.088515987
53.9383,0.088516612
53.9414,0.088517238
53.9445,0.088517863
53.9476,0.088518488
53.9507,0.088519114
53.9539,0.088519739
53.957,0.088520364
53.9601,0.088520989
53.9632,0.088521614
53.9663,0.088522239
53.9694,0.088522863
53.9726,0.088523488
53.9757,0.088524113
53.9788,0.088524738
53.9819,0.088525362
53.985,0.088525987
53.9882,0.088526611
53.9913,0.088527236
53.9944,0.08852786
53.9975,0.088528484
54.0006,0.088529108
54.0037,0.088529733
54.0069,0.088530357
54.01,0.088530981
54.0131,0.088531605
54.0162,0.088532229
54.0193,0.088532852
54.0225,0.088533476
54.0256,0.0885341
54.0287,0.088534723
54.0318,0.088535347
54.0349,0.088535971
54.038,0.088536594
54.0412,0.088537217
54.0443,0.08853784
54.0474,0.088538463
54.0505,0.088539087
54.0536,0.088539709
54.0568,0.088540332
54.0599,0.088540955
54.063,0.088541578
54.0661,0.0885422
54.0692,0.088542823
54.0723,0.088543445
54.0755,0.088544068
54.0786,0.08854469
54.0817,0.088545312
54.0848,0.088545934
54.0879,0.088546556
54.0911,0.088547178
54.0942,0.0885478
54.0973,0.088548421
54.1004,0.088549043
54.1035,0.088549664
54.1066,0.088550286
54.1098,0.088550907
54.1129,0.088551528
54.116,0.088552149
54.1191,0.08855277
54.1222,0.088553391
54.1254,0.088554012
54.1285,0.088554633
54.1316,0.088555253
54.1347,0.088555874
54.1378,0.088556494
54.1409,0.088557114
54.1441,0.088557734
54.1472,0.088558354
54.1503,0.088558974
54.1534,0.088559594
54.1565,0.088560213
54.1597,0.088560833
54.1628,0.088561452
54.1659,0.088562071
54.169,0.08856269
54.1721,0.088563309
54.1752,0.088563928
54.1784,0.088564547
54.1815,0.088565165
54.1846,0.088565784
54.1877,0.088566402
54.1908,0.08856702
54.194,0.088567639
54.1971,0.088568256
54.2002,0.088568874
54.2033,0.088569492
54.2064,0.08857011
54.2095,0.088570727
54.2127,0.088571345
54.2158,0.088571962
54.2189,0.088572579
54.222,0.088573196
54.2251,0.088573813
54.2283,0.08857443
54.2314,0.088575047
54.2345,0.088575664
54.2376,0.08857628
54.2407,0.088576897
54.2438,0.088577513
54.247,0.088578129
54.2501,0.088578745
54.2532,0.088579361
54.2563,0.088579977
54.2594,0.088580593
54.2626,0.088581208
54.2657,0.088581824
54.2688,0.088582439
54.2719,0.088583055
54.275,0.08858367
54.2781,0.088584285
54.2813,0.0885849
54.2844,0.088585515
54.2875,0.08858613
54.2906,0.088586744
54.2937,0.088587359
54.2969,0.088587974
54.3,0.088588588
54.3031,0.088589203
54.3062,0.088589817
54.3093,0.088590431
54.3124,0.088591045
54.3156,0.088591659
54.3187,0.088592273
54.3218,0.088592887
54.3249,0.088593501
54.328,0.088594115
54.3312,0.088594728
54.3343,0.088595342
54.3374,0.088595956
54.3405,0.088596569
54.3436,0.088597183
54.3467,0.088597796
54.3499,0.088598409
54.353,0.088599023
54.3561,0.088599636
54.3592,0.088600249
54.3623,0.088600862
54.3655,0.088601475
54.3686,0.088602088
54.3717,0.088602701
54.3748,0.088603314
54.3779,0.088603926
54.381,0.088604539
54.3842,0.088605152
54.3873,0.088605764
54.3904,0.088606377
54.3935,0.088606989
54.3966,0.088607602
54.3998,0.088608214
54.4029,0.088608826
54.406,0.088609438
54.4091,0.088610051
54.4122,0.088610663
54.4153,0.088611275
54.4185,0.088611887
54.4216,0.088612499
54.4247,0.088613111
54.4278,0.088613723
54.4309,0.088614334
54.4341,0.088614946
54.4372,0.088615558
54.4403,0.08861617
54.4434,0.088616781
54.4465,0.088617393
54.4496,0.088618004
54.4528,0.088618616
54.4559,0.088619227
54.459,0.088619839
54.4621,0.08862045
54.4652,0.088621061
54.4684,0.088621673
54.4715,0.088622284
54.4746,0.088622895
54.4777,0.088623506
54.4808,0.088624117
54.4839,0.088624728
54.4871,0.088625339
54.4902,0.08862595
54.4933,0.088626561
54.4964,0.088627172
54.4995,0.088627782
54.5027,0.088628393
54.5058,0.088629004
54.5089,0.088629614
54.512,0.088630225
54.5151,0.088630835
54.5182,0.088631446
54.5214,0.088632056
54.5245,0.088632666
54.5276,0.088633276
54.5307,0.088633886
54.5338,0.088634497
54.537,0.088635107
54.5401,0.088635717
54.5432,0.088636327
54.5463,0.088636936
54.5494,0.088637546
54.5525,0.088638156
54.5557,0.088638766
54.5588,0.088639375
54.5619,0.088639985
54.565,0.088640595
54.5681,0.088641204
54.5713,0.088641813
54.5744,0.088642423
54.5775,0.088643032
54.5806,0.088643641
54.5837,0.08864425
54.5868,0.08864486
54.59,0.088645469
54.5931,0.088646078
54.5962,0.088646687
54.5993,0.088647296
54.6024,0.088647905
54.6056,0.088648514
54.6087,0.088649123
54.6118,0.088649732
54.6149,0.08865034
54.618,0.088650949
54.6211,0.088651557
54.6243,0.088652166
54.6274,0.088652774
54.6305,0.088653382
54.6336,0.08865399
54.6367,0.088654598
54.6399,0.088655205
54.643,0.088655813
54.6461,0.08865642
54.6492,0.088657028
54.6523,0.088657635
54.6554,0.088658242
54.6586,0.088658849
54.6617,0.088659456
54.6648,0.088660063
54.6679,0.088660669
54.671,0.088661276
54.6742,0.088661882
54.6773,0.088662488
54.6804,0.088663095
54.6835,0.088663701
54.6866,0.088664307
54.6897,0.088664912
54.6929,0.088665518
54.696,0.088666124
54.6991,0.088666729
54.7022,0.088667334
54.7053,0.08866794
54.7085,0.088668545
54.7116,0.08866915
54.7147,0.088669755
54.7178,0.088670359
54.7209,0.088670964
54.724,0.088671568
54.7272,0.088672173
54.7303,0.088672777
54.7334,0.088673381
54.7365,0.088673985
54.7396,0.088674589
54.7428,0.088675193
54.7459,0.088675797
54.749,0.0886764
54.7521,0.088677004
54.7552,0.088677607
54.7583,0.08867821
54.7615,0.088678814
54.7646,0.088679417
54.7677,0.08868002
54.7708,0.088680623
54.7739,0.088681225
54.7771,0.088681828
54.7802,0.088682431
54.7833,0.088683033
54.7864,0.088683636
54.7895,0.088684238
54.7926,0.088684841
54.7958,0.088685443
54.7989,0.088686045
54.802,0.088686647
54.8051,0.088687249
54.8082,0.088687851
54.8114,0.088688453
54.8145,0.088689055
54.8176,0.088689656
54.8207,0.088690258
54.8238,0.088690859
54.8269,0.088691461
54.8301,0.088692062
54.8332,0.088692663
54.8363,0.088693265
54.8394,0.088693866
54.8425,0.088694467
54.8457,0.088695068
54.8488,0.088695669
54.8519,0.088696269
54.855,0.08869687
54.8581,0.088697471
54.8612,0.088698071
54.8644,0.088698672
54.8675,0.088699272
54.8706,0.088699872
54.8737,0.088700473
54.8768,0.088701073
54.88,0.088701673
54.8831,0.088702273
54.8862,0.088702873
54.8893,0.088703473
54.8924,0.088704073
54.8955,0.088704673
54.8987,0.088705273
54.9018,0.088705873
54.9049,0.088706473
54.908,0.088707072
54.9111,0.088707672
54.9143,0.088708272
54.9174,0.088708871
54.9205,0.088709471
54.9236,0.08871007
54.9267,0.08871067
54.9298,0.088711269
54.933,0.088711868
54.9361,0.088712467
54.9392,0.088713067
54.9423,0.088713666
54.9454,0.088714265
54.9485,0.088714864
54.9517,0.088715463
54.9548,0.088716062
54.9579,0.088716661
54.961,0.08871726
54.9641,0.088717858
54.9673,0.088718457
54.9704,0.088719056
54.9735,0.088719654
54.9766,0.088720253
54.9797,0.088720852
54.9828,0.08872145
54.986,0.088722048
54.9891,0.088722647
54.9922,0.088723245
54.9953,0.088723843
54.9984,0.088724441
55.0016,0.088725039
55.0047,0.088725637
55.0078,0.088726234
55.0109,0.088726832
55.014,0.08872743
55.0172,0.088728027
55.0203,0.088728625
55.0234,0.088729222
55.0265,0.088729819
55.0296,0.088730417
55.0327,0.088731014
55.0359,0.088731611
55.039,0.088732207
55.0421,0.088732804
55.0452,0.088733401
55.0483,0.088733997
55.0515,0.088734594
55.0546,0.08873519
55.0577,0.088735786
55.0608,0.088736383
55.0639,0.088736978
55.067,0.088737574
55.0702,0.08873817
55.0733,0.088738766
55.0764,0.088739361
55.0795,0.088739957
55.0826,0.088740552
55.0857,0.088741147
55.0889,0.088741742
55.092,0.088742337
55.0951,0.088742931
55.0982,0.088743526
55.1013,0.08874412
55.1045,0.088744715
55.1076,0.088745309
55.1107,0.088745903
55.1138,0.088746497
55.1169,0.08874709
55.12,0.088747684
55.1232,0.088748277
55.1263,0.088748871
55.1294,0.088749464
55.1325,0.088750057
55.1356,0.08875065
55.1388,0.088751242
55.1419,0.088751835
55.145,0.088752427
55.1481,0.08875302
55.1512,0.088753612
55.1543,0.088754204
55.1575,0.088754795
55.1606,0.088755387
55.1637,0.088755979
55.1668,0.08875657
55.1699,0.088757162
55.1731,0.088757753
55.1762,0.088758344
55.1793,0.088758935
55.1824,0.088759525
55.1855,0.088760116
55.1886,0.088760706
55.1918,0.088761297
55.1949,0.088761887
55.198,0.088762477
55.2011,0.088763067
55.2042,0.088763657
55.2074,0.088764246
55.2105,0.088764836
55.2136,0.088765425
55.2167,0.088766014
55.2198,0.088766603
55.2229,0.088767192
55.2261,0.088767781
55.2292,0.08876837
55.2323,0.088768958
55.2354,0.088769547
55.2385,0.088770135
55.2417,0.088770723
55.2448,0.088771311
55.2479,0.088771899
55.251,0.088772487
55.2541,0.088773075
55.2572,0.088773662
55.2604,0.088774249
55.2635,0.088774837
55.2666,0.088775424
55.2697,0.088776011
55.2728,0.088776598
55.276,0.088777184
55.2791,0.088777771
55.2822,0.088778358
55.2853,0.088778944
55.2884,0.08877953
55.2915,0.088780117
55.2947,0.088780703
55.2978,0.088781288
55.3009,0.088781874
55.304,0.08878246
55.3071,0.088783046
55.3103,0.088783631
55.3134,0.088784216
55.3165,0.088784802
55.3196,0.088785387
55.3227,0.088785972
55.3258,0.088786557
55.329,0.088787142
55.3321,0.088787726
55.3352,0.088788311
55.3383,0.088788895
55.3414,0.08878948
55.3446,0.088790064
55.3477,0.088790648
55.3508,0.088791232
55.3539,0.088791816
55.357,0.0887924
55.3601,0.088792984
55.3633,0.088793567
55.3664,0.088794151
55.3695,0.088794734
55.3726,0.088795317
55.3757,0.0887959
55.3789,0.088796483
55.382,0.088797066
55.3851,0.088797649
55.3882,0.088798232
55.3913,0.088798815
55.3944,0.088799398
55.3976,0.08879998
55.4007,0.088800562
55.4038,0.088801145
55.4069,0.088801727
55.41,0.088802309
55.4132,0.088802891
55.4163,0.088803473
55.4194,0.088804055
55.4225,0.088804637
55.4256,0.088805218
55.4287,0.0888058
55.4319,0.088806381
55.435,0.088806963
55.4381,0.088807544
55.4412,0.088808125
55.4443,0.088808706
55.4475,0.088809287
55.4506,0.088809868
55.4537,0.088810449
55.4568,0.088811029
55.4599,0.08881161
55.463,0.088812191
55.4662,0.088812771
55.4693,0.088813351
55.4724,0.088813931
55.4755,0.088814511
55.4786,0.088815091
55.4818,0.088815671
55.4849,0.088816251
55.488,0.088816831
55.4911,0.088817411
55.4942,0.08881799
55.4973,0.08881857
55.5005,0.088819149
55.5036,0.088819728
55.5067,0.088820308
55.5098,0.088820887
55.5129,0.088821466
55.5161,0.088822045
55.5192,0.088822623
55.5223,0.088823202
55.5254,0.088823781
55.5285,0.088824359
55.5316,0.088824938
55.5348,0.088825516
55.5379,0.088826094
55.541,0.088826673
55.5441,0.088827251
55.5472,0.088827829
55.5504,0.088828407
55.5535,0.088828985
55.5566,0.088829562
55.5597,0.08883014
55.5628,0.088830718
55.5659,0.088831295
55.5691,0.088831873
55.5722,0.08883245
55.5753,0.088833027
55.5784,0.088833604
55.5815,0.088834181
55.5847,0.088834758
55.5878,0.088835335
55.5909,0.088835912
55.594,0.088836489
55.5971,0.088837065
55.6002,0.088837641
55.6034,0.088838218
55.6065,0.088838794
55.6096,0.08883937
55.6127,0.088839946
55.6158,0.088840522
55.619,0.088841098
55.6221,0.088841674
55.6252,0.08884225
55.6283,0.088842826
55.6314,0.088843401
55.6345,0.088843977
55.6377,0.088844552
55.6408,0.088845127
55.6439,0.088845702
55.647,0.088846277
55.6501,0.088846852
55.6533,0.088847427
55.6564,0.088848002
55.6595,0.088848577
55.6626,0.088849152
55.6657,0.088849726
55.6688,0.088850301
55.672,0.088850875
55.6751,0.088851449
55.6782,0.088852023
55.6813,0.088852597
55.6844,0.088853171
55.6876,0.088853745
55.6907,0.088854319
55.6938,0.088854893
55.6969,0.088855466
55.7,0.08885604
55.7031,0.088856613
55.7063,0.088857187
55.7094,0.08885776
55.7125,0.088858333
55.7156,0.088858906
55.7187,0.088859479
55.7219,0.088860051
55.725,0.088860624
55.7281,0.088861197
55.7312,0.088861769
55.7343,0.088862341
55.7374,0.088862914
55.7406,0.088863486
55.7437,0.088864058
55.7468,0.08886463
55.7499,0.088865202
55.753,0.088865774
55.7562,0.088866345
55.7593,0.088866917
55.7624,0.088867489
55.7655,0.08886806
55.7686,0.088868631
55.7717,0.088869203
55.7749,0.088869774
55.778,0.088870345
55.7811,0.088870916
55.7842,0.088871486
55.7873,0.088872057
55.7905,0.088872628
55.7936,0.088873198
55.7967,0.088873769
55.7998,0.088874339
55.8029,0.08887491
55.806,0.08887548
55.8092,0.08887605
55.8123,0.08887662
55.8154,0.08887719
55.8185,0.088877759
55.8216,0.088878329
55.8248,0.088878899
55.8279,0.088879468
55.831,0.088880037
55.8341,0.088880607
55.8372,0.088881176
55.8403,0.088881745
55.8435,0.088882314
55.8466,0.088882883
55.8497,0.088883452
55.8528,0.08888402
55.8559,0.088884589
55.8591,0.088885157
55.8622,0.088885726
55.8653,0.088886294
55.8684,0.088886862
55.8715,0.08888743
55.8746,0.088887998
55.8778,0.088888566
55.8809,0.088889134
55.884,0.088889702
55.8871,0.08889027
55.8902,0.088890837
55.8934,0.088891405
55.8965,0.088891972
55.8996,0.088892539
55.9027,0.088893106
55.9058,0.088893674
55.9089,0.08889424
55.9121,0.088894807
55.9152,0.088895374
55.9183,0.088895941
55.9214,0.088896508
55.9245,0.088897074
55.9277,0.08889764
55.9308,0.088898207
55.9339,0.088898773
55.937,0.088899339
55.9401,0.088899905
55.9432,0.088900471
55.9464,0.088901037
55.9495,0.088901603
55.9526,0.088902169
55.9557,0.088902734
55.9588,0.0889033
55.962,0.088903865
55.9651,0.08890443
55.9682,0.088904996
55.9713,0.088905561
55.9744,0.088906126
55.9775,0.08890669
55.9807,0.088907255
55.9838,0.08890782
55.9869,0.088908385
55.99,0.088908949
55.9931,0.088909513
55.9963,0.088910078
55.9994,0.088910642
56.0025,0.088911206
56.0056,0.08891177
56.0087,0.088912334
56.0118,0.088912898
56.015,0.088913462
56.0181,0.088914026
56.0212,0.088914589
56.0243,0.088915153
56.0274,0.088915716
56.0306,0.08891628
56.0337,0.088916843
56.0368,0.088917406
56.0399,0.088917969
56.043,0.088918532
56.0461,0.088919095
56.0493,0.088919658
56.0524,0.08892022
56.0555,0.088920783
56.0586,0.088921345
56.0617,0.088921908
56.0649,0.08892247
56.068,0.088923032
56.0711,0.088923594
56.0742,0.088924157
56.0773,0.088924718
56.0804,0.08892528
56.0836,0.088925842
56.0867,0.088926404
56.0898,0.088926965
56.0929,0.088927527
56.096,0.088928088
56.0992,0.088928649
56.1023,0.088929211
56.1054,0.088929772
56.1085,0.088930333
56.1116,0.088930894
56.1147,0.088931454
56.1179,0.088932015
56.121,0.088932576
56.1241,0.088933136
56.1272,0.088933697
56.1303,0.088934257
56.1335,0.088934817
56.1366,0.088935378
56.1397,0.088935938
56.1428,0.088936498
56.1459,0.088937058
56.149,0.088937617
56.1522,0.088938177
56.1553,0.088938737
56.1584,0.088939297
56.1615,0.088939856
56.1646,0.088940415
56.1678,0.088940975
56.1709,0.088941534
56.174,0.088942093
56.1771,0.088942652
56.1802,0.088943211
56.1833,0.08894377
56.1865,0.088944329
56.1896,0.088944887
56.1927,0.088945446
56.1958,0.088946004
56.1989,0.088946563
56.2021,0.088947121
56.2052,0.088947679
56.2083,0.088948237
56.2114,0.088948795
56.2145,0.088949353
56.2176,0.088949911
56.2208,0.088950469
56.2239,0.088951026
56.227,0.088951584
56.2301,0.088952141
56.2332,0.088952698
56.2364,0.088953256
56.2395,0.088953813
56.2426,0.08895437
56.2457,0.088954927
56.2488,0.088955484
56.2519,0.088956041
56.2551,0.088956597
56.2582,0.088957154
56.2613,0.088957711
56.2644,0.088958267
56.2675,0.088958824
56.2707,0.08895938
56.2738,0.088959936
56.2769,0.088960492
56.28,0.088961048
56.2831,0.088961604
56.2862,0.08896216
56.2894,0.088962716
56.2925,0.088963271
56.2956,0.088963827
56.2987,0.088964382
56.3018,0.088964938
56.305,0.088965493
56.3081,0.088966048
56.3112,0.088966603
56.3143,0.088967158
56.3174,0.088967713
56.3205,0.088968268
56.3237,0.088968823
56.3268,0.088969378
56.3299,0.088969932
56.333,0.088970487
56.3361,0.088971041
56.3393,0.088971595
56.3424,0.088972149
56.3455,0.088972703
56.3486,0.088973257
56.3517,0.088973811
56.3548,0.088974365
56.358,0.088974919
56.3611,0.088975473
56.3642,0.088976026
56.3673,0.08897658
56.3704,0.088977133
56.3736,0.088977686
56.3767,0.08897824
56.3798,0.088978793
56.3829,0.088979346
56.386,0.088979899
56.3891,0.088980451
56.3923,0.088981004
56.3954,0.088981557
56.3985,0.08898211
56.4016,0.088982662
56.4047,0.088983215
56.4079,0.088983767
56.411,0.088984319
56.4141,0.088984871
56.4172,0.088985423
56.4203,0.088985975
56.4234,0.088986527
56.4266,0.088987079
56.4297,0.088987631
56.4328,0.088988182
56.4359,0.088988734
56.439,0.088989285
56.4422,0.088989837
56.4453,0.088990388
56.4484,0.088990939
56.4515,0.08899149
56.4546,0.088992041
56.4577,0.088992592
56.4609,0.088993143
56.464,0.088993693
56.4671,0.088994244
56.4702,0.088994794
56.4733,0.088995345
56.4765,0.088995895
56.4796,0.088996445
56.4827,0.088996995
56.4858,0.088997545
56.4889,0.088998095
56.492,0.088998645
56.4952,0.088999195
56.4983,0.088999745
56.5014,0.089000294
56.5045,0.089000844
56.5076,0.089001393
56.5108,0.089001943
56.5139,0.089002492
56.517,0.089003041
56.5201,0.08900359
56.5232,0.089004139
56.5263,0.089004688
56.5295,0.089005237
56.5326,0.089005786
56.5357,0.089006335
56.5388,0.089006883
56.5419,0.089007432
56.5451,0.08900798
56.5482,0.089008529
56.5513,0.089009077
56.5544,0.089009625
56.5575,0.089010173
56.5606,0.089010721
56.5638,0.089011269
56.5669,0.089011817
56.57,0.089012365
56.5731,0.089012912
56.5762,0.08901346
56.5794,0.089014007
56.5825,0.089014554
56.5856,0.089015101
56.5887,0.089015649
56.5918,0.089016196
56.5949,0.089016743
56.5981,0.089017289
56.6012,0.089017836
56.6043,0.089018383
56.6074,0.089018929
56.6105,0.089019476
56.6137,0.089020023
56.6168,0.089020569
56.6199,0.089021115
56.623,0.089021661
56.6261,0.089022208
56.6292,0.089022753
56.6324,0.089023299
56.6355,0.089023845
56.6386,0.089024391
56.6417,0.089024937
56.6448,0.089025482
56.648,0.089026028
56.6511,0.089026573
56.6542,0.089027119
56.6573,0.089027664
56.6604,0.089028209
56.6635,0.089028754
56.6667,0.089029299
56.6698,0.089029844
56.6729,0.089030389
56.676,0.089030933
56.6791,0.089031478
56.6823,0.089032022
56.6854,0.089032567
56.6885,0.089033111
56.6916,0.089033655
56.6947,0.089034199
56.6978,0.089034744
56.701,0.089035288
56.7041,0.089035831
56.7072,0.089036375
56.7103,0.089036919
56.7134,0.089037462
56.7166,0.089038006
56.7197,0.089038549
56.7228,0.089039093
56.7259,0.089039636
56.729,0.089040179
56.7321,0.089040722
56.7353,0.089041265
56.7384,0.089041808
56.7415,0.089042351
56.7446,0.089042894
56.7477,0.089043436
56.7509,0.089043979
56.754,0.089044522
56.7571,0.089045064
56.7602,0.089045606
56.7633,0.089046148
56.7664,0.08904669
56.7696,0.089047233
56.7727,0.089047775
56.7758,0.089048317
56.7789,0.089048858
56.782,0.0890494
56.7852,0.089049942
56.7883,0.089050483
56.7914,0.089051025
56.7945,0.089051566
56.7976,0.089052107
56.8007,0.089052649
56.8039,0.08905319
56.807,0.089053731
56.8101,0.089054272
56.8132,0.089054812
56.8163,0.089055353
56.8195,0.089055894
56.8226,0.089056435
56.8257,0.089056975
56.8288,0.089057515
56.8319,0.089058056
56.835,0.089058596
56.8382,0.089059136
56.8413,0.089059676
56.8444,0.089060216
56.8475,0.089060756
56.8506,0.089061296
56.8538,0.089061835
56.8569,0.089062375
56.86,0.089062915
56.8631,0.089063454
56.8662,0.089063993
56.8693,0.089064533
56.8725,0.089065072
56.8756,0.089065611
56.8787,0.08906615
56.8818,0.089066689
56.8849,0.089067227
56.8881,0.089067766
56.8912,0.089068305
56.8943,0.089068844
56.8974,0.089069382
56.9005,0.08906992
56.9036,0.089070459
56.9068,0.089070997
56.9099,0.089071535
56.913,0.089072073
56.9161,0.089072611
56.9192,0.089073149
56.9224,0.089073687
56.9255,0.089074225
56.9286,0.089074762
56.9317,0.0890753
56.9348,0.089075837
56.9379,0.089076375
56.9411,0.089076912
56.9442,0.089077449
56.9473,0.089077986
56.9504,0.089078523
56.9535,0.08907906
56.9567,0.089079597
56.9598,0.089080134
56.9629,0.08908067
56.966,0.089081207
56.9691,0.089081743
56.9722,0.08908228
56.9754,0.089082816
56.9785,0.089083352
56.9816,0.089083888
56.9847,0.089084424
56.9878,0.08908496
56.991,0.089085496
56.9941,0.089086032
56.9972,0.089086568
57.0003,0.089087103
57.0034,0.089087639
57.0065,0.089088174
57.0097,0.08908871
57.0128,0.089089245
57.0159,0.08908978
57.019,0.089090315
57.0221,0.08909085
57.0253,0.089091385
57.0284,0.08909192
57.0315,0.089092455
57.0346,0.08909299
57.0377,0.089093524
57.0408,0.089094059
57.044,0.089094593
57.0471,0.089095128
57.0502,0.089095662
57.0533,0.089096196
57.0564,0.08909673
57.0596,0.089097264
57.0627,0.089097798
57.0658,0.089098332
57.0689,0.089098866
57.072,0.089099399
57.0751,0.089099933
57.0783,0.089100466
57.0814,0.089101
57.0845,0.089101533
57.0876,0.089102066
57.0907,0.089102599
57.0939,0.089103132
57.097,0.089103665
57.1001,0.089104198
57.1032,0.089104731
57.1063,0.089105263
57.1094,0.089105796
57.1126,0.089106328
57.1157,0.089106861
57.1188,0.089107393
57.1219,0.089107926
57.125,0.089108458
57.1282,0.08910899
57.1313,0.089109522
57.1344,0.089110054
57.1375,0.089110586
57.1406,0.089111117
57.1437,0.089111649
57.1469,0.08911218
57.15,0.089112712
57.1531,0.089113243
57.1562,0.089113775
57.1593,0.089114306
57.1625,0.089114837
57.1656,0.089115368
57.1687,0.089115899
57.1718,0.08911643
57.1749,0.089116961
57.178,0.089117492
57.1812,0.089118022
57.1843,0.089118553
57.1874,0.089119083
57.1905,0.089119614
57.1936,0.089120144
57.1968,0.089120674
57.1999,0.089121204
57.203,0.089121734
57.2061,0.089122264
57.2092,0.089122794
57.2123,0.089123324
57.2155,0.089123854
57.2186,0.089124383
57.2217,0.089124913
57.2248,0.089125442
57.2279,0.089125971
57.2311,0.089126501
57.2342,0.08912703
57.2373,0.089127559
57.2404,0.089128088
57.2435,0.089128617
57.2466,0.089129146
57.2498,0.089129675
57.2529,0.089130204
57.256,0.089130732
57.2591,0.089131261
57.2622,0.089131789
57.2654,0.089132318
57.2685,0.089132846
57.2716,0.089133374
57.2747,0.089133902
57.2778,0.08913443
57.2809,0.089134958
57.2841,0.089135486
57.2872,0.089136014
57.2903,0.089136541
57.2934,0.089137069
57.2965,0.089137597
57.2997,0.089138124
57.3028,0.089138651
57.3059,0.089139179
57.309,0.089139706
57.3121,0.089140233
57.3152,0.08914076
57.3184,0.089141287
57.3215,0.089141814
57.3246,0.089142341
57.3277,0.089142867
57.3308,0.089143394
57.334,0.08914392
57.3371,0.089144447
57.3402,0.089144973
57.3433,0.089145499
57.3464,0.089146025
57.3495,0.089146551
57.3527,0.089147077
57.3558,0.089147603
57.3589,0.089148129
57.362,0.089148654
57.3651,0.08914918
57.3683,0.089149706
57.3714,0.089150231
57.3745,0.089150756
57.3776,0.089151282
57.3807,0.089151807
57.3838,0.089152332
57.387,0.089152857
57.3901,0.089153382
57.3932,0.089153907
57.3963,0.089154432
57.3994,0.089154957
57.4026,0.089155481
57.4057,0.089156006
57.4088,0.08915653
57.4119,0.089157055
57.415,0.089157579
57.4181,0.089158103
57.4213,0.089158627
57.4244,0.089159151
57.4275,0.089159675
57.4306,0.089160199
57.4337,0.089160723
57.4369,0.089161246
57.44,0.08916177
57.4431,0.089162293
57.4462,0.089162817
57.4493,0.08916334
57.4524,0.089163863
57.4556,0.089164386
57.4587,0.089164909
57.4618,0.089165432
57.4649,0.089165955
57.468,0.089166478
57.4712,0.089167001
57.4743,0.089167523
57.4774,0.089168046
57.4805,0.089168568
57.4836,0.089169091
57.4867,0.089169613
57.4899,0.089170135
57.493,0.089170657
57.4961,0.089171179
57.4992,0.089171701
57.5023,0.089172223
57.5055,0.089172745
57.5086,0.089173267
57.5117,0.089173788
57.5148,0.08917431
57.5179,0.089174831
57.521,0.089175353
57.5242,0.089175874
57.5273,0.089176395
57.5304,0.089176916
57.5335,0.089177437
57.5366,0.089177958
57.5398,0.089178479
57.5429,0.089179
57.546,0.089179521
57.5491,0.089180041
57.5522,0.089180562
57.5553,0.089181082
57.5585,0.089181603
57.5616,0.089182123
57.5647,0.089182643
57.5678,0.089183163
57.5709,0.089183683
57.5741,0.089184204
57.5772,0.089184723
57.5803,0.089185243
57.5834,0.089185763
57.5865,0.089186283
57.5896,0.089186802
57.5928,0.089187321
57.5959,0.089187841
57.599,0.08918836
57.6021,0.089188879
57.6052,0.089189399
57.6084,0.089189918
57.6115,0.089190437
57.6146,0.089190955
57.6177,0.089191474
57.6208,0.089191993
57.6239,0.089192512
57.6271,0.08919303
57.6302,0.089193549
57.6333,0.089194067
57.6364,0.089194586
57.6395,0.089195104
57.6427,0.089195622
57.6458,0.08919614
57.6489,0.089196658
57.652,0.089197176
57.6551,0.089197694
57.6582,0.089198212
57.6614,0.08919873
57.6645,0.089199247
57.6676,0.089199765
57.6707,0.089200282
57.6738,0.0892008
57.677,0.089201317
57.6801,0.089201834
57.6832,0.089202352
57.6863,0.089202869
57.6894,0.089203386
57.6925,0.089203903
57.6957,0.08920442
57.6988,0.089204936
57.7019,0.089205453
57.705,0.08920597
57.7081,0.089206486
57.7113,0.089207003
57.7144,0.089207519
57.7175,0.089208036
57.7206,0.089208552
57.7237,0.089209068
57.7268,0.089209584
57.73,0.0892101
57.7331,0.089210616
57.7362,0.089211132
57.7393,0.089211647
57.7424,0.089212163
57.7456,0.089212679
57.7487,0.089213194
57.7518,0.08921371
57.7549,0.089214225
57.758,0.08921474
57.7611,0.089215256
57.7643,0.089215771
57.7674,0.089216286
57.7705,0.089216801
57.7736,0.089217316
57.7767,0.089217831
57.7799,0.089218346
57.783,0.08921886
57.7861,0.089219375
57.7892,0.089219889
57.7923,0.089220404
57.7954,0.089220918
57.7986,0.089221433
57.8017,0.089221947
57.8048,0.089222461
57.8079,0.089222975
57.811,0.089223489
57.8142,0.089224003
57.8173,0.089224517
57.8204,0.08922503
57.8235,0.089225544
57.8266,0.089226057
57.8297,0.089226571
57.8329,0.089227084
57.836,0.089227598
57.8391,0.089228111
57.8422,0.089228624
57.8453,0.089229137
57.8485,0.08922965
57.8516,0.089230163
57.8547,0.089230675
57.8578,0.089231188
57.8609,0.089231701
57.864,0.089232213
57.8672,0.089232726
57.8703,0.089233238
57.8734,0.08923375
57.8765,0.089234263
57.8796,0.089234775
57.8828,0.089235287
57.8859,0.089235799
57.889,0.089236311
57.8921,0.089236822
57.8952,0.089237334
57.8983,0.089237846
57.9015,0.089238357
57.9046,0.089238869
57.9077,0.08923938
57.9108,0.089239891
57.9139,0.089240402
57.9171,0.089240914
57.9202,0.089241425
57.9233,0.089241936
57.9264,0.089242446
57.9295,0.089242957
57.9326,0.089243468
57.9358,0.089243978
57.9389,0.089244489
57.942,0.089244999
57.9451,0.08924551
57.9482,0.08924602
57.9514,0.08924653
57.9545,0.08924704
57.9576,0.08924755
57.9607,0.08924806
57.9638,0.08924857
57.9669,0.089249079
57.9701,0.089249589
57.9732,0.089250098
57.9763,0.089250608
57.9794,0.089251117
57.9825,0.089251626
57.9857,0.089252135
57.9888,0.089252645
57.9919,0.089253154
57.995,0.089253662
57.9981,0.089254171
58.0012,0.08925468
58.0044,0.089255189
58.0075,0.089255697
58.0106,0.089256206
58.0137,0.089256714
58.0168,0.089257222
58.02,0.089257731
58.0231,0.089258239
58.0262,0.089258747
58.0293,0.089259255
58.0324,0.089259763
58.0355,0.089260271
58.0387,0.089260778
58.0418,0.089261286
58.0449,0.089261794
58.048,0.089262301
58.0511,0.089262808
58.0543,0.089263316
58.0574,0.089263823
58.0605,0.08926433
58.0636,0.089264837
58.0667,0.089265344
58.0698,0.089265851
58.073,0.089266358
58.0761,0.089266865
58.0792,0.089267371
58.0823,0.089267878
58.0854,0.089268384
58.0886,0.089268891
58.0917,0.089269397
58.0948,0.089269903
58.0979,0.089270409
58.101,0.089270915
58.1041,0.089271421
58.1073,0.089271927
58.1104,0.089272433
58.1135,0.089272939
58.1166,0.089273444
58.1197,0.08927395
58.1229,0.089274455
58.126,0.089274961
58.1291,0.089275466
58.1322,0.089275971
58.1353,0.089276476
58.1384,0.089276981
58.1416,0.089277486
58.1447,0.089277991
58.1478,0.089278496
58.1509,0.089279001
58.154,0.089279506
58.1572,0.08928001
58.1603,0.089280515
58.1634,0.089281019
58.1665,0.089281524
58.1696,0.089282028
58.1727,0.089282532
58.1759,0.089283036
58.179,0.08928354
58.1821,0.089284044
58.1852,0.089284548
58.1883,0.089285052
58.1915,0.089285556
58.1946,0.089286059
58.1977,0.089286563
58.2008,0.089287066
58.2039,0.08928757
58.207,0.089288073
58.2102,0.089288576
58.2133,0.08928908
58.2164,0.089289583
58.2195,0.089290086
58.2226,0.089290589
58.2258,0.089291091
58.2289,0.089291594
58.232,0.089292097
58.2351,0.089292599
58.2382,0.089293102
58.2413,0.089293604
58.2445,0.089294107
58.2476,0.089294609
58.2507,0.089295111
58.2538,0.089295613
58.2569,0.089296115
58.2601,0.089296617
58.2632,0.089297119
58.2663,0.089297621
58.2694,0.089298122
58.2725,0.089298624
58.2756,0.089299126
58.2788,0.089299627
58.2819,0.089300129
58.285,0.08930063
58.2881,0.089301131
58.2912,0.089301632
58.2944,0.089302133
58.2975,0.089302635
58.3006,0.089303135
58.3037,0.089303636
58.3068,0.089304137
58.3099,0.089304638
58.3131,0.089305138
58.3162,0.089305639
58.3193,0.089306139
58.3224,0.08930664
58.3255,0.08930714
58.3287,0.08930764
58.3318,0.08930814
58.3349,0.08930864
58.338,0.08930914
58.3411,0.08930964
58.3442,0.08931014
58.3474,0.08931064
58.3505,0.089311139
58.3536,0.089311639
58.3567,0.089312138
58.3598,0.089312638
58.363,0.089313137
58.3661,0.089313636
58.3692,0.089314136
58.3723,0.089314635
58.3754,0.089315134
58.3785,0.089315633
58.3817,0.089316131
58.3848,0.08931663
58.3879,0.089317129
58.391,0.089317627
58.3941,0.089318126
58.3973,0.089318624
58.4004,0.089319123
58.4035,0.089319621
58.4066,0.089320119
58.4097,0.089320618
58.4128,0.089321116
58.416,0.089321613
58.4191,0.089322111
58.4222,0.089322609
58.4253,0.089323107
58.4284,0.089323605
58.4316,0.089324102
58.4347,0.0893246
58.4378,0.089325097
58.4409,0.089325595
58.444,0.089326092
58.4471,0.089326589
58.4503,0.089327086
58.4534,0.089327583
58.4565,0.08932808
58.4596,0.089328577
58.4627,0.089329074
58.4659,0.089329571
58.469,0.089330067
58.4721,0.089330564
58.4752,0.08933106
58.4783,0.089331557
58.4814,0.089332053
58.4846,0.089332549
58.4877,0.089333045
58.4908,0.089333541
58.4939,0.089334037
58.497,0.089334533
58.5002,0.089335029
58.5033,0.089335525
58.5064,0.089336021
58.5095,0.089336516
58.5126,0.089337012
58.5157,0.089337507
58.5189,0.089338002
58.522,0.089338498
58.5251,0.089338993
58.5282,0.089339488
58.5313,0.089339983
58.5345,0.089340478
58.5376,0.089340973
58.5407,0.089341468
58.5438,0.089341962
58.5469,0.089342457
58.55,0.089342952
58.5532,0.089343446
58.5563,0.089343941
58.5594,0.089344435
58.5625,0.089344929
58.5656,0.089345423
58.5688,0.089345917
58.5719,0.089346412
58.575,0.089346906
58.5781,0.089347399
58.5812,0.089347893
58.5843,0.089348387
58.5875,0.089348881
58.5906,0.089349374
58.5937,0.089349867
58.5968,0.089350361
58.5999,0.089350854
58.6031,0.089351347
58.6062,0.089351841
58.6093,0.089352334
58.6124,0.089352827
58.6155,0.08935332
58.6186,0.089353813
58.6218,0.089354305
58.6249,0.089354798
58.628,0.08935529
58.6311,0.089355783
58.6342,0.089356275
58.6374,0.089356768
58.6405,0.08935726
58.6436,0.089357752
58.6467,0.089358244
58.6498,0.089358736
58.6529,0.089359228
58.6561,0.08935972
58.6592,0.089360212
58.6623,0.089360703
58.6654,0.089361195
58.6685,0.089361687
58.6717,0.089362178
58.6748,0.08936267
58.6779,0.089363161
58.681,0.089363652
58.6841,0.089364143
58.6872,0.089364634
58.6904,0.089365126
58.6935,0.089365616
58.6966,0.089366107
58.6997,0.089366598
58.7028,0.089367089
58.706,0.08936758
58.7091,0.08936807
58.7122,0.089368561
58.7153,0.089369051
58.7184,0.089369541
58.7215,0.089370032
58.7247,0.089370522
58.7278,0.089371012
58.7309,0.089371502
58.734,0.089371992
58.7371,0.089372482
58.7403,0.089372971
58.7434,0.089373461
58.7465,0.08937395
58.7496,0.08937444
58.7527,0.08937493
58.7558,0.089375419
58.759,0.089375908
58.7621,0.089376397
58.7652,0.089376886
58.7683,0.089377375
58.7714,0.089377864
58.7746,0.089378353
58.7777,0.089378842
58.7808,0.089379331
58.7839,0.089379819
58.787,0.089380308
58.7901,0.089380796
58.7933,0.089381285
58.7964,0.089381773
58.7995,0.089382262
58.8026,0.08938275
58.8057,0.089383238
58.8089,0.089383726
58.812,0.089384214
58.8151,0.089384702
58.8182,0.08938519
58.8213,0.089385677
58.8244,0.089386165
58.8276,0.089386653
58.8307,0.08938714
58.8338,0.089387628
58.8369,0.089388115
58.84,0.089388602
58.8432,0.089389089
58.8463,0.089389576
58.8494,0.089390064
58.8525,0.08939055
58.8556,0.089391037
58.8587,0.089391524
58.8619,0.089392011
58.865,0.089392498
58.8681,0.089392984
58.8712,0.08939347
58.8743,0.089393957
58.8775,0.089394443
58.8806,0.089394929
58.8837,0.089395416
58.8868,0.089395902
58.8899,0.089396388
58.893,0.089396874
58.8962,0.089397359
58.8993,0.089397845
58.9024,0.089398331
58.9055,0.089398816
58.9086,0.089399302
58.9118,0.089399787
58.9149,0.089400273
58.918,0.089400758
58.9211,0.089401243
58.9242,0.089401728
58.9273,0.089402213
58.9305,0.089402698
58.9336,0.089403183
58.9367,0.089403668
58.9398,0.089404153
58.9429,0.089404638
58.9461,0.089405122
58.9492,0.089405607
58.9523,0.089406091
58.9554,0.089406576
58.9585,0.08940706
58.9616,0.089407544
58.9648,0.089408028
58.9679,0.089408512
58.971,0.089408997
58.9741,0.08940948
58.9772,0.089409964
58.9804,0.089410448
58.9835,0.089410932
58.9866,0.089411415
58.9897,0.089411899
58.9928,0.089412382
58.9959,0.089412866
58.9991,0.089413349
59.0022,0.089413832
59.0053,0.089414315
59.0084,0.089414798
59.0115,0.089415281
59.0147,0.089415764
59.0178,0.089416247
59.0209,0.08941673
59.024,0.089417212
59.0271,0.089417695
59.0302,0.089418178
59.0334,0.08941866
59.0365,0.089419143
59.0396,0.089419625
59.0427,0.089420107
59.0458,0.089420589
59.049,0.089421071
59.0521,0.089421553
59.0552,0.089422035
59.0583,0.089422517
59.0614,0.089422999
59.0645,0.08942348
59.0677,0.089423962
59.0708,0.089424444
59.0739,0.089424925
59.077,0.089425406
59.0801,0.089425888
59.0833,0.089426369
59.0864,0.08942685
59.0895,0.089427331
59.0926,0.089427812
59.0957,0.089428293
59.0988,0.089428774
59.102,0.089429255
59.1051,0.089429736
59.1082,0.089430216
59.1113,0.089430697
59.1144,0.089431177
59.1176,0.089431658
59.1207,0.089432138
59.1238,0.089432618
59.1269,0.089433099
59.13,0.089433579
59.1331,0.089434059
59.1363,0.089434539
59.1394,0.089435019
59.1425,0.089435498
59.1456,0.089435978
59.1487,0.089436458
59.1519,0.089436937
59.155,0.089437417
59.1581,0.089437896
59.1612,0.089438375
59.1643,0.089438854
59.1674,0.089439334
59.1706,0.089439813
59.1737,0.089440292
59.1768,0.089440771
59.1799,0.089441249
59.183,0.089441728
59.1862,0.089442207
59.1893,0.089442686
59.1924,0.089443164
59.1955,0.089443643
59.1986,0.089444121
59.2017,0.089444599
59.2049,0.089445078
59.208,0.089445556
59.2111,0.089446034
59.2142,0.089446512
59.2173,0.08944699
59.2205,0.089447468
59.2236,0.089447946
59.2267,0.089448423
59.2298,0.089448901
59.2329,0.089449379
59.236,0.089449856
59.2392,0.089450334
59.2423,0.089450811
59.2454,0.089451288
59.2485,0.089451765
59.2516,0.089452242
59.2548,0.089452719
59.2579,0.089453196
59.261,0.089453673
59.2641,0.08945415
59.2672,0.089454627
59.2703,0.089455103
59.2735,0.08945558
59.2766,0.089456057
59.2797,0.089456533
59.2828,0.089457009
59.2859,0.089457486
59.2891,0.089457962
59.2922,0.089458438
59.2953,0.089458914
59.2984,0.08945939
59.3015,0.089459866
59.3046,0.089460341
59.3078,0.089460817
59.3109,0.089461293
59.314,0.089461768
59.3171,0.089462244
59.3202,0.089462719
59.3234,0.089463195
59.3265,0.08946367
59.3296,0.089464145
59.3327,0.08946462
59.3358,0.089465095
59.3389,0.08946557
59.3421,0.089466045
59.3452,0.08946652
59.3483,0.089466995
59.3514,0.08946747
59.3545,0.089467944
59.3577,0.089468419
59.3608,0.089468893
59.3639,0.089469368
59.367,0.089469842
59.3701,0.089470316
59.3732,0.08947079
59.3764,0.089471264
59.3795,0.089471739
59.3826,0.089472212
59.3857,0.089472686
59.3888,0.08947316
59.392,0.089473634
59.3951,0.089474107
59.3982,0.089474581
59.4013,0.089475054
59.4044,0.089475528
59.4075,0.089476001
59.4107,0.089476475
59.4138,0.089476948
59.4169,0.089477421
59.42,0.089477894
59.4231,0.089478367
59.4263,0.08947884
59.4294,0.089479312
59.4325,0.089479785
59.4356,0.089480258
59.4387,0.08948073
59.4418,0.089481203
59.445,0.089481675
59.4481,0.089482147
59.4512,0.08948262
59.4543,0.089483092
59.4574,0.089483564
59.4606,0.089484036
59.4637,0.089484508
59.4668,0.08948498
59.4699,0.089485452
59.473,0.089485923
59.4761,0.089486395
59.4793,0.089486867
59.4824,0.089487338
59.4855,0.08948781
59.4886,0.089488281
59.4917,0.089488753
59.4949,0.089489224
59.498,0.089489695
59.5011,0.089490166
59.5042,0.089490637
59.5073,0.089491108
59.5104,0.089491579
59.5136,0.08949205
59.5167,0.08949252
59.5198,0.089492991
59.5229,0.089493462
59.526,0.089493932
59.5292,0.089494403
59.5323,0.089494873
59.5354,0.089495343
59.5385,0.089495813
59.5416,0.089496283
59.5447,0.089496753
59.5479,0.089497223
59.551,0.089497693
59.5541,0.089498163
59.5572,0.089498633
59.5603,0.089499102
59.5635,0.089499572
59.5666,0.089500041
59.5697,0.089500511
59.5728,0.08950098
59.5759,0.089501449
59.579,0.089501919
59.5822,0.089502388
59.5853,0.089502857
59.5884,0.089503326
59.5915,0.089503794
59.5946,0.089504263
59.5978,0.089504732
59.6009,0.089505201
59.604,0.089505669
59.6071,0.089506137
59.6102,0.089506606
59.6133,0.089507074
59.6165,0.089507542
59.6196,0.08950801
59.6227,0.089508478
59.6258,0.089508946
59.6289,0.089509414
59.6321,0.089509882
59.6352,0.089510349
59.6383,0.089510817
59.6414,0.089511284
59.6445,0.089511751
59.6476,0.089512219
59.6508,0.089512685
59.6539,0.089513152
59.657,0.089513619
59.6601,0.089514086
59.6632,0.089514552
59.6664,0.089515019
59.6695,0.089515485
59.6726,0.089515952
59.6757,0.089516418
59.6788,0.089516884
59.6819,0.08951735
59.6851,0.089517816
59.6882,0.089518282
59.6913,0.089518747
59.6944,0.089519213
59.6975,0.089519678
59.7007,0.089520143
59.7038,0.089520609
59.7069,0.089521074
59.71,0.089521539
59.7131,0.089522003
59.7162,0.089522468
59.7194,0.089522933
59.7225,0.089523397
59.7256,0.089523862
59.7287,0.089524326
59.7318,0.08952479
59.735,0.089525254
59.7381,0.089525719
59.7412,0.089526182
59.7443,0.089526646
59.7474,0.08952711
59.7505,0.089527573
59.7537,0.089528037
59.7568,0.0895285
59.7599,0.089528964
59.763,0.089529427
59.7661,0.08952989
59.7693,0.089530353
59.7724,0.089530816
59.7755,0.089531279
59.7786,0.089531741
59.7817,0.089532204
59.7848,0.089532666
59.788,0.089533129
59.7911,0.089533591
59.7942,0.089534053
59.7973,0.089534515
59.8004,0.089534977
59.8036,0.089535439
59.8067,0.089535901
59.8098,0.089536363
59.8129,0.089536825
59.816,0.089537286
59.8191,0.089537748
59.8223,0.089538209
59.8254,0.08953867
59.8285,0.089539132
59.8316,0.089539593
59.8347,0.089540054
59.8379,0.089540515
59.841,0.089540976
59.8441,0.089541437
59.8472,0.089541897
59.8503,0.089542358
59.8534,0.089542819
59.8566,0.089543279
59.8597,0.08954374
59.8628,0.0895442
59.8659,0.08954466
59.869,0.08954512
59.8722,0.08954558
59.8753,0.089546041
59.8784,0.089546501
59.8815,0.08954696
59.8846,0.08954742
59.8877,0.08954788
59.8909,0.08954834
59.894,0.089548799
59.8971,0.089549259
59.9002,0.089549718
59.9033,0.089550177
59.9065,0.089550637
59.9096,0.089551096
59.9127,0.089551555
59.9158,0.089552014
59.9189,0.089552473
59.922,0.089552932
59.9252,0.089553391
59.9283,0.08955385
59.9314,0.089554308
59.9345,0.089554767
59.9376,0.089555225
59.9408,0.089555684
59.9439,0.089556142
59.947,0.0895566
59.9501,0.089557058
59.9532,0.089557516
59.9563,0.089557974
59.9595,0.089558432
59.9626,0.08955889
59.9657,0.089559348
59.9688,0.089559806
59.9719,0.089560263
59.9751,0.089560721
59.9782,0.089561178
59.9813,0.089561635
59.9844,0.089562092
59.9875,0.089562549
59.9906,0.089563006
59.9938,0.089563463
59.9969,0.08956392
60,0.089564377
60.0031,0.089564833
60.0062,0.089565289
60.0094,0.089565746
60.0125,0.089566202
60.0156,0.089566658
60.0187,0.089567114
60.0218,0.08956757
60.0249,0.089568025
60.0281,0.089568481
60.0312,0.089568936
60.0343,0.089569392
60.0374,0.089569847
60.0405,0.089570302
60.0437,0.089570757
60.0468,0.089571212
60.0499,0.089571666
60.053,0.089572121
60.0561,0.089572575
60.0592,0.08957303
60.0624,0.089573484
60.0655,0.089573938
60.0686,0.089574392
60.0717,0.089574846
60.0748,0.089575299
60.078,0.089575753
60.0811,0.089576207
60.0842,0.08957666
60.0873,0.089577113
60.0904,0.089577566
60.0935,0.089578019
60.0967,0.089578472
60.0998,0.089578925
60.1029,0.089579378
60.106,0.08957983
60.1091,0.089580283
60.1123,0.089580735
60.1154,0.089581188
60.1185,0.08958164
60.1216,0.089582092
60.1247,0.089582544
60.1278,0.089582996
60.131,0.089583448
60.1341,0.089583899
60.1372,0.089584351
60.1403,0.089584803
60.1434,0.089585254
60.1466,0.089585705
60.1497,0.089586156
60.1528,0.089586608
60.1559,0.089587059
60.159,0.08958751
60.1621,0.08958796
60.1653,0.089588411
60.1684,0.089588862
60.1715,0.089589312
60.1746,0.089589763
60.1777,0.089590213
60.1809,0.089590664
60.184,0.089591114
60.1871,0.089591564
60.1902,0.089592014
60.1933,0.089592464
60.1964,0.089592914
60.1996,0.089593363
60.2027,0.089593813
60.2058,0.089594263
60.2089,0.089594712
60.212,0.089595162
60.2152,0.089595611
60.2183,0.08959606
60.2214,0.08959651
60.2245,0.089596959
60.2276,0.089597408
60.2307,0.089597857
60.2339,0.089598306
60.237,0.089598754
60.2401,0.089599203
60.2432,0.089599652
60.2463,0.0896001
60.2495,0.089600549
60.2526,0.089600997
60.2557,0.089601446
60.2588,0.089601894
60.2619,0.089602342
60.265,0.08960279
60.2682,0.089603238
60.2713,0.089603686
60.2744,0.089604134
60.2775,0.089604582
60.2806,0.08960503
60.2838,0.089605478
60.2869,0.089605925
60.29,0.089606373
60.2931,0.08960682
60.2962,0.089607268
60.2993,0.089607715
60.3025,0.089608162
60.3056,0.089608609
60.3087,0.089609056
60.3118,0.089609503
60.3149,0.08960995
60.3181,0.089610397
60.3212,0.089610844
60.3243,0.089611291
60.3274,0.089611737
60.3305,0.089612184
60.3336,0.08961263
60.3368,0.089613077
60.3399,0.089613523
60.343,0.08961397
60.3461,0.089614416
60.3492,0.089614862
60.3524,0.089615308
60.3555,0.089615754
60.3586,0.0896162
60.3617,0.089616646
60.3648,0.089617091
60.3679,0.089617537
60.3711,0.089617983
60.3742,0.089618428
60.3773,0.089618874
60.3804,0.089619319
60.3835,0.089619764
60.3867,0.08962021
60.3898,0.089620655
60.3929,0.0896211
60.396,0.089621545
60.3991,0.08962199
60.4022,0.089622435
60.4054,0.08962288
60.4085,0.089623324
60.4116,0.089623769
60.4147,0.089624214
60.4178,0.089624658
60.421,0.089625103
60.4241,0.089625547
60.4272,0.089625991
60.4303,0.089626436
60.4334,0.08962688
60.4365,0.089627324
60.4397,0.089627768
60.4428,0.089628212
60.4459,0.089628656
60.449,0.0896291
60.4521,0.089629543
60.4553,0.089629987
60.4584,0.089630431
60.4615,0.089630874
60.4646,0.089631318
60.4677,0.089631761
60.4708,0.089632204
60.474,0.089632648
60.4771,0.089633091
60.4802,0.089633534
60.4833,0.089633977
60.4864,0.08963442
60.4896,0.089634862
60.4927,0.089635305
60.4958,0.089635748
60.4989,0.089636191
60.502,0.089636633
60.5051,0.089637075
60.5083,0.089637518
60.5114,0.08963796
60.5145,0.089638402
60.5176,0.089638845
60.5207,0.089639287
60.5239,0.089639729
60.527,0.089640171
60.5301,0.089640613
60.5332,0.089641054
60.5363,0.089641496
60.5394,0.089641938
60.5426,0.089642379
60.5457,0.089642821
60.5488,0.089643262
60.5519,0.089643704
60.555,0.089644145
60.5582,0.089644586
60.5613,0.089645028
60.5644,0.089645469
60.5675,0.08964591
60.5706,0.08964635
60.5737,0.089646791
60.5769,0.089647232
60.58,0.089647673
60.5831,0.089648114
60.5862,0.089648554
60.5893,0.089648995
60.5925,0.089649435
60.5956,0.089649875
60.5987,0.089650316
60.6018,0.089650756
60.6049,0.089651196
60.608,0.089651636
60.6112,0.089652076
60.6143,0.089652516
60.6174,0.089652956
60.6205,0.089653395
60.6236,0.089653835
60.6268,0.089654275
60.6299,0.089654714
60.633,0.089655154
60.6361,0.089655593
60.6392,0.089656032
60.6423,0.089656472
60.6455,0.089656911
60.6486,0.08965735
60.6517,0.089657789
60.6548,0.089658228
60.6579,0.089658667
60.6611,0.089659106
60.6642,0.089659544
60.6673,0.089659983
60.6704,0.089660422
60.6735,0.08966086
60.6766,0.089661299
60.6798,0.089661737
60.6829,0.089662175
60.686,0.089662614
60.6891,0.089663052
60.6922,0.08966349
60.6954,0.089663928
60.6985,0.089664366
60.7016,0.089664804
60.7047,0.089665242
60.7078,0.08966568
60.7109,0.089666117
60.7141,0.089666555
60.7172,0.089666993
60.7203,0.08966743
60.7234,0.089667867
60.7265,0.089668305
60.7297,0.089668742
60.7328,0.089669179
60.7359,0.089669616
60.739,0.089670053
60.7421,0.08967049
60.7452,0.089670927
60.7484,0.089671364
60.7515,0.089671801
60.7546,0.089672237
60.7577,0.089672674
60.7608,0.08967311
60.764,0.089673547
60.7671,0.089673983
60.7702,0.089674419
60.7733,0.089674856
60.7764,0.089675292
60.7795,0.089675728
60.7827,0.089676164
60.7858,0.0896766
60.7889,0.089677036
60.792,0.089677472
60.7951,0.089677907
60.7983,0.089678343
60.8014,0.089678779
60.8045,0.089679214
60.8076,0.08967965
60.8107,0.089680085
60.8138,0.08968052
60.817,0.089680956
60.8201,0.089681391
60.8232,0.089681826
60.8263,0.089682261
60.8294,0.089682696
60.8326,0.089683131
60.8357,0.089683566
60.8388,0.089684
60.8419,0.089684435
60.845,0.08968487
60.8481,0.089685304
60.8513,0.089685739
60.8544,0.089686173
60.8575,0.089686607
60.8606,0.089687042
60.8637,0.089687476
60.8669,0.08968791
60.87,0.089688344
60.8731,0.089688778
60.8762,0.089689212
60.8793,0.089689645
60.8824,0.089690079
60.8856,0.089690513
60.8887,0.089690946
60.8918,0.08969138
60.8949,0.089691813
60.898,0.089692247
60.9012,0.08969268
60.9043,0.089693113
60.9074,0.089693547
60.9105,0.08969398
60.9136,0.089694413
60.9167,0.089694846
60.9199,0.089695279
60.923,0.089695711
60.9261,0.089696144
60.9292,0.089696577
60.9323,0.089697009
60.9355,0.089697442
60.9386,0.089697874
60.9417,0.089698307
60.9448,0.089698739
60.9479,0.089699171
60.951,0.089699604
60.9542,0.089700036
60.9573,0.089700468
60.9604,0.0897009
60.9635,0.089701332
60.9666,0.089701764
60.9698,0.089702195
60.9729,0.089702627
60.976,0.089703059
60.9791,0.08970349
60.9822,0.089703922
60.9853,0.089704353
60.9885,0.089704785
60.9916,0.089705216
60.9947,0.089705647
60.9978,0.089706078
61.0009,0.089706509
61.0041,0.08970694
61.0072,0.089707371
61.0103,0.089707802
61.0134,0.089708233
61.0165,0.089708664
61.0196,0.089709094
61.0228,0.089709525
61.0259,0.089709956
61.029,0.089710386
61.0321,0.089710816
61.0352,0.089711247
61.0384,0.089711677
61.0415,0.089712107
61.0446,0.089712537
61.0477,0.089712967
61.0508,0.089713397
61.0539,0.089713827
61.0571,0.089714257
61.0602,0.089714687
61.0633,0.089715116
61.0664,0.089715546
61.0695,0.089715976
61.0727,0.089716405
61.0758,0.089716834
61.0789,0.089717264
61.082,0.089717693
61.0851,0.089718122
61.0882,0.089718551
61.0914,0.089718981
61.0945,0.08971941
61.0976,0.089719838
61.1007,0.089720267
61.1038,0.089720696
61.107,0.089721125
61.1101,0.089721554
61.1132,0.089721982
61.1163,0.089722411
61.1194,0.089722839
61.1225,0.089723268
61.1257,0.089723696
61.1288,0.089724124
61.1319,0.089724552
61.135,0.08972498
61.1381,0.089725409
61.1413,0.089725837
61.1444,0.089726264
61.1475,0.089726692
61.1506,0.08972712
61.1537,0.089727548
61.1568,0.089727975
61.16,0.089728403
61.1631,0.08972883
61.1662,0.089729258
61.1693,0.089729685
61.1724,0.089730113
61.1756,0.08973054
61.1787,0.089730967
61.1818,0.089731394
61.1849,0.089731821
61.188,0.089732248
61.1911,0.089732675
61.1943,0.089733102
61.1974,0.089733528
61.2005,0.089733955
61.2036,0.089734382
61.2067,0.089734808
61.2099,0.089735235
61.213,0.089735661
61.2161,0.089736088
61.2192,0.089736514
61.2223,0.08973694
61.2254,0.089737366
61.2286,0.089737792
61.2317,0.089738218
61.2348,0.089738644
61.2379,0.08973907
61.241,0.089739496
61.2442,0.089739922
61.2473,0.089740347
61.2504,0.089740773
61.2535,0.089741198
61.2566,0.089741624
61.2597,0.089742049
61.2629,0.089742475
61.266,0.0897429
61.2691,0.089743325
61.2722,0.08974375
61.2753,0.089744175
61.2785,0.0897446
61.2816,0.089745025
61.2847,0.08974545
61.2878,0.089745875
61.2909,0.0897463
61.294,0.089746724
61.2972,0.089747149
61.3003,0.089747573
61.3034,0.089747998
61.3065,0.089748422
61.3096,0.089748846
61.3128,0.089749271
61.3159,0.089749695
61.319,0.089750119
61.3221,0.089750543
61.3252,0.089750967
61.3283,0.089751391
61.3315,0.089751815
61.3346,0.089752238
61.3377,0.089752662
61.3408,0.089753086
61.3439,0.089753509
61.3471,0.089753933
61.3502,0.089754356
61.3533,0.08975478
61.3564,0.089755203
61.3595,0.089755626
61.3626,0.089756049
61.3658,0.089756472
61.3689,0.089756896
61.372,0.089757319
61.3751,0.089757741
61.3782,0.089758164
61.3814,0.089758587
61.3845,0.08975901
61.3876,0.089759432
61.3907,0.089759855
61.3938,0.089760277
61.3969,0.0897607
61.4001,0.089761122
61.4032,0.089761544
61.4063,0.089761967
61.4094,0.089762389
61.4125,0.089762811
61.4157,0.089763233
61.4188,0.089763655
61.4219,0.089764077
61.425,0.089764499
61.4281,0.08976492
61.4312,0.089765342
61.4344,0.089765764
61.4375,0.089766185
61.4406,0.089766607
61.4437,0.089767028
61.4468,0.089767449
61.45,0.089767871
61.4531,0.089768292
61.4562,0.089768713
61.4593,0.089769134
61.4624,0.089769555
61.4655,0.089769976
61.4687,0.089770397
61.4718,0.089770818
61.4749,0.089771238
61.478,0.089771659
61.4811,0.08977208
61.4843,0.0897725
61.4874,0.089772921
61.4905,0.089773341
61.4936,0.089773761
61.4967,0.089774182
61.4998,0.089774602
61.503,0.089775022
61.5061,0.089775442
61.5092,0.089775862
61.5123,0.089776282
61.5154,0.089776702
61.5186,0.089777122
61.5217,0.089777542
61.5248,0.089777961
61.5279,0.089778381
61.531,0.089778801
61.5341,0.08977922
61.5373,0.089779639
61.5404,0.089780059
61.5435,0.089780478
61.5466,0.089780897
61.5497,0.089781316
61.5529,0.089781736
61.556,0.089782155
61.5591,0.089782574
61.5622,0.089782993
61.5653,0.089783411
61.5684,0.08978383
61.5716,0.089784249
61.5747,0.089784667
61.5778,0.089785086
61.5809,0.089785504
61.584,0.089785923
61.5872,0.089786341
61.5903,0.089786759
61.5934,0.089787178
61.5965,0.089787596
61.5996,0.089788014
61.6027,0.089788432
61.6059,0.08978885
61.609,0.089789268
61.6121,0.089789686
61.6152,0.089790103
61.6183,0.089790521
61.6215,0.089790939
61.6246,0.089791356
61.6277,0.089791774
61.6308,0.089792191
61.6339,0.089792609
61.637,0.089793026
61.6402,0.089793443
61.6433,0.08979386
61.6464,0.089794278
61.6495,0.089794694
61.6526,0.089795111
61.6558,0.089795528
61.6589,0.089795945
61.662,0.089796362
61.6651,0.089796779
61.6682,0.089797195
61.6713,0.089797612
61.6745,0.089798029
61.6776,0.089798445
61.6807,0.089798861
61.6838,0.089799278
61.6869,0.089799694
61.6901,0.08980011
61.6932,0.089800526
61.6963,0.089800942
61.6994,0.089801358
61.7025,0.089801774
61.7056,0.08980219
61.7088,0.089802606
61.7119,0.089803022
61.715,0.089803437
61.7181,0.089803853
61.7212,0.089804268
61.7244,0.089804684
61.7275,0.089805099
61.7306,0.089805515
61.7337,0.08980593
61.7368,0.089806345
61.7399,0.08980676
61.7431,0.089807175
61.7462,0.08980759
61.7493,0.089808005
61.7524,0.08980842
61.7555,0.089808835
61.7587,0.08980925
61.7618,0.089809664
61.7649,0.089810079
61.768,0.089810494
61.7711,0.089810908
61.7742,0.089811322
61.7774,0.089811737
61.7805,0.089812151
61.7836,0.089812565
61.7867,0.08981298
61.7898,0.089813394
61.793,0.089813808
61.7961,0.089814222
61.7992,0.089814636
61.8023,0.08981505
61.8054,0.089815463
61.8085,0.089815877
61.8117,0.089816291
61.8148,0.089816704
61.8179,0.089817118
61.821,0.089817531
61.8241,0.089817945
61.8273,0.089818358
61.8304,0.089818771
61.8335,0.089819184
61.8366,0.089819598
61.8397,0.089820011
61.8428,0.089820423
61.846,0.089820836
61.8491,0.089821249
61.8522,0.089821662
61.8553,0.089822075
61.8584,0.089822487
61.8616,0.0898229
61.8647,0.089823312
61.8678,0.089823725
61.8709,0.089824137
61.874,0.089824549
61.8771,0.089824962
61.8803,0.089825374
61.8834,0.089825786
61.8865,0.089826198
61.8896,0.08982661
61.8927,0.089827022
61.8959,0.089827434
61.899,0.089827845
61.9021,0.089828257
61.9052,0.089828669
61.9083,0.08982908
61.9114,0.089829492
61.9146,0.089829903
61.9177,0.089830315
61.9208,0.089830726
61.9239,0.089831137
61.927,0.089831549
61.9302,0.08983196
61.9333,0.089832371
61.9364,0.089832782
61.9395,0.089833193
61.9426,0.089833603
61.9457,0.089834014
61.9489,0.089834425
61.952,0.089834836
61.9551,0.089835246
61.9582,0.089835657
61.9613,0.089836067
61.9645,0.089836478
61.9676,0.089836888
61.9707,0.089837298
61.9738,0.089837709
61.9769,0.089838119
61.98,0.089838529
61.9832,0.089838939
61.9863,0.089839349
61.9894,0.089839759
61.9925,0.089840168
61.9956,0.089840578
61.9988,0.089840988
62.0019,0.089841397
62.005,0.089841807
62.0081,0.089842216
62.0112,0.089842626
62.0143,0.089843035
62.0175,0.089843444
62.0206,0.089843854
62.0237,0.089844263
62.0268,0.089844672
62.0299,0.089845081
62.0331,0.08984549
62.0362,0.089845899
62.0393,0.089846307
62.0424,0.089846716
62.0455,0.089847125
62.0486,0.089847534
62.0518,0.089847942
62.0549,0.089848351
62.058,0.089848759
62.0611,0.089849167
62.0642,0.089849576
62.0674,0.089849984
62.0705,0.089850392
62.0736,0.0898508
62.0767,0.089851209
62.0798,0.089851616
62.0829,0.089852025
62.0861,0.089852432
62.0892,0.08985284
62.0923,0.089853248
62.0954,0.089853656
62.0985,0.089854063
62.1017,0.089854471
62.1048,0.089854878
62.1079,0.089855286
62.111,0.089855693
62.1141,0.0898561
62.1172,0.089856508
62.1204,0.089856915
62.1235,0.089857322
62.1266,0.089857729
62.1297,0.089858136
62.1328,0.089858543
62.136,0.089858949
62.1391,0.089859356
62.1422,0.089859763
62.1453,0.08986017
62.1484,0.089860576
62.1515,0.089860983
62.1547,0.089861389
62.1578,0.089861795
62.1609,0.089862202
62.164,0.089862608
62.1671,0.089863014
62.1703,0.08986342
62.1734,0.089863826
62.1765,0.089864233
62.1796,0.089864638
62.1827,0.089865044
62.1858,0.08986545
62.189,0.089865856
62.1921,0.089866262
62.1952,0.089866667
62.1983,0.089867073
62.2014,0.089867478
62.2046,0.089867884
62.2077,0.089868289
62.2108,0.089868694
62.2139,0.0898691
62.217,0.089869505
62.2201,0.08986991
62.2233,0.089870315
62.2264,0.08987072
62.2295,0.089871125
62.2326,0.08987153
62.2357,0.089871935
62.2389,0.089872339
62.242,0.089872744
62.2451,0.089873149
62.2482,0.089873553
62.2513,0.089873958
62.2544,0.089874362
62.2576,0.089874766
62.2607,0.089875171
62.2638,0.089875575
62.2669,0.089875979
62.27,0.089876383
62.2732,0.089876787
62.2763,0.089877191
62.2794,0.089877595
62.2825,0.089877999
62.2856,0.089878402
62.2887,0.089878806
62.2919,0.08987921
62.295,0.089879613
62.2981,0.089880017
62.3012,0.08988042
62.3043,0.089880823
62.3075,0.089881227
62.3106,0.08988163
62.3137,0.089882033
62.3168,0.089882436
62.3199,0.089882839
62.323,0.089883242
62.3262,0.089883645
62.3293,0.089884048
62.3324,0.089884451
62.3355,0.089884854
62.3386,0.089885256
62.3418,0.089885659
62.3449,0.089886061
62.348,0.089886464
62.3511,0.089886866
62.3542,0.089887269
62.3573,0.089887671
62.3605,0.089888073
62.3636,0.089888475
62.3667,0.089888877
62.3698,0.089889279
62.3729,0.089889681
62.3761,0.089890083
62.3792,0.089890485
62.3823,0.089890887
62.3854,0.089891288
62.3885,0.08989169
62.3916,0.089892092
62.3948,0.089892493
62.3979,0.089892895
62.401,0.089893296
62.4041,0.089893697
62.4072,0.089894099
62.4104,0.0898945
62.4135,0.089894901
62.4166,0.089895302
62.4197,0.089895703
62.4228,0.089896104
62.4259,0.089896505
62.4291,0.089896905
62.4322,0.089897306
62.4353,0.089897707
62.4384,0.089898107
62.4415,0.089898508
62.4447,0.089898908
62.4478,0.089899309
62.4509,0.089899709
62.454,0.08990011
62.4571,0.08990051
62.4602,0.08990091
62.4634,0.08990131
62.4665,0.08990171
62.4696,0.08990211
62.4727,0.08990251
62.4758,0.08990291
62.479,0.08990331
62.4821,0.089903709
62.4852,0.089904109
62.4883,0.089904508
62.4914,0.089904908
62.4945,0.089905308
62.4977,0.089905707
62.5008,0.089906106
62.5039,0.089906506
62.507,0.089906905
62.5101,0.089907304
62.5133,0.089907703
62.5164,0.089908102
62.5195,0.089908501
62.5226,0.0899089
62.5257,0.089909299
62.5288,0.089909697
62.532,0.089910096
62.5351,0.089910495
62.5382,0.089910893
62.5413,0.089911292
62.5444,0.08991169
62.5476,0.089912089
62.5507,0.089912487
62.5538,0.089912885
62.5569,0.089913283
62.56,0.089913682
62.5631,0.08991408
62.5663,0.089914478
62.5694,0.089914876
62.5725,0.089915273
62.5756,0.089915671
62.5787,0.089916069
62.5819,0.089916467
62.585,0.089916864
62.5881,0.089917262
62.5912,0.089917659
62.5943,0.089918057
62.5974,0.089918454
62.6006,0.089918851
62.6037,0.089919249
62.6068,0.089919646
62.6099,0.089920043
62.613,0.08992044
62.6162,0.089920837
62.6193,0.089921234
62.6224,0.089921631
62.6255,0.089922028
62.6286,0.089922424
62.6317,0.089922821
62.6349,0.089923218
62.638,0.089923614
62.6411,0.089924011
62.6442,0.089924407
62.6473,0.089924804
62.6505,0.0899252
62.6536,0.089925596
62.6567,0.089925992
62.6598,0.089926388
62.6629,0.089926784
62.666,0.08992718
62.6692,0.089927576
62.6723,0.089927972
62.6754,0.089928368
62.6785,0.089928764
62.6816,0.089929159
62.6848,0.089929555
62.6879,0.08992995
62.691,0.089930346
62.6941,0.089930741
62.6972,0.089931137
62.7003,0.089931532
62.7035,0.089931927
62.7066,0.089932322
62.7097,0.089932717
62.7128,0.089933112
62.7159,0.089933507
62.7191,0.089933902
62.7222,0.089934297
62.7253,0.089934692
62.7284,0.089935087
62.7315,0.089935481
62.7346,0.089935876
62.7378,0.08993627
62.7409,0.089936665
62.744,0.089937059
62.7471,0.089937454
62.7502,0.089937848
62.7534,0.089938242
62.7565,0.089938636
62.7596,0.089939031
62.7627,0.089939425
62.7658,0.089939819
62.7689,0.089940213
62.7721,0.089940606
62.7752,0.089941
62.7783,0.089941394
62.7814,0.089941788
62.7845,0.089942181
62.7877,0.089942575
62.7908,0.089942968
62.7939,0.089943362
62.797,0.089943755
62.8001,0.089944149
62.8032,0.089944542
62.8064,0.089944935
62.8095,0.089945328
62.8126,0.089945721
62.8157,0.089946114
62.8188,0.089946507
62.822,0.0899469
62.8251,0.089947293
62.8282,0.089947685
62.8313,0.089948078
62.8344,0.089948471
62.8375,0.089948863
62.8407,0.089949256
62.8438,0.089949648
62.8469,0.08995004
62.85,0.089950433
62.8531,0.089950825
62.8563,0.089951217
62.8594,0.089951609
62.8625,0.089952001
62.8656,0.089952393
62.8687,0.089952785
62.8718,0.089953177
62.875,0.089953569
62.8781,0.089953961
62.8812,0.089954352
62.8843,0.089954744
62.8874,0.089955136
62.8906,0.089955527
62.8937,0.089955918
62.8968,0.08995631
62.8999,0.089956701
62.903,0.089957092
62.9061,0.089957484
62.9093,0.089957875
62.9124,0.089958266
62.9155,0.089958657
62.9186,0.089959048
62.9217,0.089959439
62.9249,0.08995983
62.928,0.08996022
62.9311,0.089960611
62.9342,0.089961002
62.9373,0.089961392
62.9404,0.089961783
62.9436,0.089962173
62.9467,0.089962564
62.9498,0.089962954
62.9529,0.089963344
62.956,0.089963734
62.9592,0.089964125
62.9623,0.089964515
62.9654,0.089964905
62.9685,0.089965295
62.9716,0.089965685
62.9747,0.089966074
62.9779,0.089966464
62.981,0.089966854
62.9841,0.089967244
62.9872,0.089967633
62.9903,0.089968023
62.9935,0.089968412
62.9966,0.089968801
62.9997,0.089969191
63.0028,0.08996958
63.0059,0.089969969
63.009,0.089970358
63.0122,0.089970748
63.0153,0.089971137
63.0184,0.089971525
63.0215,0.089971914
63.0246,0.089972303
63.0278,0.089972692
63.0309,0.089973081
63.034,0.089973469
63.0371,0.089973858
63.0402,0.089974246
63.0433,0.089974635
63.0465,0.089975023
63.0496,0.089975412
63.0527,0.0899758
63.0558,0.089976188
63.0589,0.089976577
63.0621,0.089976965
63.0652,0.089977353
63.0683,0.089977741
63.0714,0.089978129
63.0745,0.089978516
63.0776,0.089978904
63.0808,0.089979292
63.0839,0.08997968
63.087,0.089980067
63.0901,0.089980455
63.0932,0.089980842
63.0964,0.08998123
63.0995,0.089981617
63.1026,0.089982005
63.1057,0.089982392
63.1088,0.089982779
63.1119,0.089983166
63.1151,0.089983553
63.1182,0.08998394
63.1213,0.089984327
63.1244,0.089984714
63.1275,0.089985101
63.1307,0.089985488
63.1338,0.089985874
63.1369,0.089986261
63.14,0.089986647
63.1431,0.089987034
63.1462,0.08998742
63.1494,0.089987807
63.1525,0.089988193
63.1556,0.089988579
63.1587,0.089988966
63.1618,0.089989352
63.165,0.089989738
63.1681,0.089990124
63.1712,0.08999051
63.1743,0.089990896
63.1774,0.089991282
63.1805,0.089991667
63.1837,0.089992053
63.1868,0.089992439
63.1899,0.089992824
63.193,0.08999321
63.1961,0.089993595
63.1993,0.089993981
63.2024,0.089994366
63.2055,0.089994752
63.2086,0.089995137
63.2117,0.089995522
63.2148,0.089995907
63.218,0.089996292
63.2211,0.089996677
63.2242,0.089997062
63.2273,0.089997447
63.2304,0.089997832
63.2336,0.089998217
63.2367,0.089998601
63.2398,0.089998986
63.2429,0.089999371
63.246,0.089999755
63.2491,0.09000014
63.2523,0.090000524
63.2554,0.090000908
63.2585,0.090001293
63.2616,0.090001677
63.2647,0.090002061
63.2679,0.090002445
63.271,0.090002829
63.2741,0.090003213
63.2772,0.090003597
63.2803,0.090003981
63.2834,0.090004365
63.2866,0.090004748
63.2897,0.090005132
63.2928,0.090005515
63.2959,0.090005899
63.299,0.090006283
63.3022,0.090006666
63.3053,0.090007049
63.3084,0.090007432
63.3115,0.090007816
63.3146,0.090008199
63.3177,0.090008582
63.3209,0.090008965
63.324,0.090009348
63.3271,0.090009731
63.3302,0.090010114
63.3333,0.090010497
63.3365,0.09001088
63.3396,0.090011262
63.3427,0.090011645
63.3458,0.090012027
63.3489,0.09001241
63.352,0.090012793
63.3552,0.090013175
63.3583,0.090013557
63.3614,0.09001394
63.3645,0.090014322
63.3676,0.090014704
63.3708,0.090015086
63.3739,0.090015468
63.377,0.09001585
63.3801,0.090016232
63.3832,0.090016614
63.3863,0.090016996
63.3895,0.090017378
63.3926,0.090017759
63.3957,0.090018141
63.3988,0.090018523
63.4019,0.090018904
63.4051,0.090019286
63.4082,0.090019667
63.4113,0.090020048
63.4144,0.09002043
63.4175,0.090020811
63.4206,0.090021192
63.4238,0.090021573
63.4269,0.090021954
63.43,0.090022335
63.4331,0.090022716
63.4362,0.090023097
63.4394,0.090023477
63.4425,0.090023858
63.4456,0.090024239
63.4487,0.090024619
63.4518,0.090025
63.4549,0.090025381
63.4581,0.090025761
63.4612,0.090026141
63.4643,0.090026522
63.4674,0.090026902
63.4705,0.090027282
63.4737,0.090027662
63.4768,0.090028042
63.4799,0.090028422
63.483,0.090028802
63.4861,0.090029182
63.4892,0.090029562
63.4924,0.090029942
63.4955,0.090030321
63.4986,0.090030701
63.5017,0.090031081
63.5048,0.09003146
63.508,0.09003184
63.5111,0.090032219
63.5142,0.090032599
63.5173,0.090032978
63.5204,0.090033357
63.5235,0.090033736
63.5267,0.090034115
63.5298,0.090034494
63.5329,0.090034873
63.536,0.090035252
63.5391,0.090035631
63.5423,0.09003601
63.5454,0.090036389
63.5485,0.090036768
63.5516,0.090037146
63.5547,0.090037525
63.5578,0.090037903
63.561,0.090038282
63.5641,0.09003866
63.5672,0.090039038
63.5703,0.090039417
63.5734,0.090039795
63.5766,0.090040173
63.5797,0.090040551
63.5828,0.090040929
63.5859,0.090041307
63.589,0.090041685
63.5921,0.090042063
63.5953,0.090042441
63.5984,0.090042818
63.6015,0.090043196
63.6046,0.090043574
63.6077,0.090043951
63.6109,0.090044329
63.614,0.090044706
63.6171,0.090045083
63.6202,0.090045461
63.6233,0.090045838
63.6264,0.090046215
63.6296,0.090046592
63.6327,0.09004697
63.6358,0.090047347
63.6389,0.090047724
63.642,0.090048101
63.6452,0.090048478
63.6483,0.090048854
63.6514,0.090049231
63.6545,0.090049608
63.6576,0.090049984
63.6607,0.090050361
63.6639,0.090050738
63.667,0.090051114
63.6701,0.09005149
63.6732,0.090051867
63.6763,0.090052243
63.6795,0.090052619
63.6826,0.090052995
63.6857,0.090053371
63.6888,0.090053748
63.6919,0.090054123
63.695,0.090054499
63.6982,0.090054875
63.7013,0.090055251
63.7044,0.090055627
63.7075,0.090056002
63.7106,0.090056378
63.7138,0.090056754
63.7169,0.090057129
63.72,0.090057504
63.7231,0.09005788
63.7262,0.090058255
63.7293,0.090058631
63.7325,0.090059006
63.7356,0.090059381
63.7387,0.090059756
63.7418,0.090060131
63.7449,0.090060506
63.7481,0.090060881
63.7512,0.090061256
63.7543,0.09006163
63.7574,0.090062005
63.7605,0.09006238
63.7636,0.090062754
63.7668,0.090063129
63.7699,0.090063504
63.773,0.090063878
63.7761,0.090064252
63.7792,0.090064627
63.7824,0.090065001
63.7855,0.090065375
63.7886,0.090065749
63.7917,0.090066123
63.7948,0.090066498
63.7979,0.090066872
63.8011,0.090067246
63.8042,0.090067619
63.8073,0.090067993
63.8104,0.090068367
63.8135,0.090068741
63.8167,0.090069114
63.8198,0.090069488
63.8229,0.090069861
63.826,0.090070235
63.8291,0.090070608
63.8322,0.090070982
63.8354,0.090071355
63.8385,0.090071728
63.8416,0.090072101
63.8447,0.090072474
63.8478,0.090072847
63.851,0.09007322
63.8541,0.090073593
63.8572,0.090073966
63.8603,0.090074339
63.8634,0.090074712
63.8665,0.090075084
63.8697,0.090075457
63.8728,0.09007583
63.8759,0.090076202
63.879,0.090076575
63.8821,0.090076947
63.8853,0.090077319
63.8884,0.090077692
63.8915,0.090078064
63.8946,0.090078436
63.8977,0.090078808
63.9008,0.09007918
63.904,0.090079552
63.9071,0.090079924
63.9102,0.090080296
63.9133,0.090080668
63.9164,0.09008104
63.9196,0.090081411
63.9227,0.090081783
63.9258,0.090082155
63.9289,0.090082526
63.932,0.090082898
63.9351,0.090083269
63.9383,0.090083641
63.9414,0.090084012
63.9445,0.090084383
63.9476,0.090084754
63.9507,0.090085125
63.9539,0.090085497
63.957,0.090085867
63.9601,0.090086238
63.9632,0.090086609
63.9663,0.09008698
63.9694,0.090087351
63.9726,0.090087722
63.9757,0.090088092
63.9788,0.090088463
63.9819,0.090088834
63.985,0.090089204
63.9882,0.090089575
63.9913,0.090089945
63.9944,0.090090315
63.9975,0.090090685
64.0006,0.090091056
64.0037,0.090091426
64.0069,0.090091796
64.01,0.090092166
64.0131,0.090092536
64.0162,0.090092906
64.0193,0.090093276
64.0225,0.090093645
64.0256,0.090094015
64.0287,0.090094385
64.0318,0.090094754
64.0349,0.090095124
64.038,0.090095493
64.0412,0.090095863
64.0443,0.090096232
64.0474,0.090096602
64.0505,0.090096971
64.0536,0.09009734
64.0568,0.090097709
64.0599,0.090098078
64.063,0.090098447
64.0661,0.090098816
64.0692,0.090099185
64.0723,0.090099554
64.0755,0.090099923
64.0786,0.090100292
64.0817,0.090100661
64.0848,0.090101029
64.0879,0.090101398
64.0911,0.090101766
64.0942,0.090102135
64.0973,0.090102503
64.1004,0.090102872
64.1035,0.09010324
64.1066,0.090103608
64.1098,0.090103977
64.1129,0.090104345
64.116,0.090104713
64.1191,0.090105081
64.1222,0.090105449
64.1254,0.090105817
64.1285,0.090106185
64.1316,0.090106552
64.1347,0.09010692
64.1378,0.090107288
64.1409,0.090107655
64.1441,0.090108023
64.1472,0.09010839
64.1503,0.090108758
64.1534,0.090109125
64.1565,0.090109492
64.1597,0.09010986
64.1628,0.090110227
64.1659,0.090110594
64.169,0.090110961
64.1721,0.090111328
64.1752,0.090111695
64.1784,0.090112062
64.1815,0.090112429
64.1846,0.090112796
64.1877,0.090113163
64.1908,0.090113529
64.194,0.090113896
64.1971,0.090114263
64.2002,0.090114629
64.2033,0.090114996
64.2064,0.090115362
64.2095,0.090115728
64.2127,0.090116095
64.2158,0.090116461
64.2189,0.090116827
64.222,0.090117193
64.2251,0.090117559
64.2283,0.090117925
64.2314,0.090118291
64.2345,0.090118657
64.2376,0.090119023
64.2407,0.090119389
64.2438,0.090119755
64.247,0.09012012
64.2501,0.090120486
64.2532,0.090120852
64.2563,0.090121217
64.2594,0.090121583
64.2626,0.090121948
64.2657,0.090122313
64.2688,0.090122678
64.2719,0.090123044
64.275,0.090123409
64.2781,0.090123774
64.2813,0.090124139
64.2844,0.090124504
64.2875,0.090124869
64.2906,0.090125234
64.2937,0.090125599
64.2969,0.090125963
64.3,0.090126328
64.3031,0.090126693
64.3062,0.090127057
64.3093,0.090127422
64.3124,0.090127786
64.3156,0.090128151
64.3187,0.090128515
64.3218,0.090128879
64.3249,0.090129243
64.328,0.090129608
64.3312,0.090129972
64.3343,0.090130336
64.3374,0.0901307
64.3405,0.090131064
64.3436,0.090131428
64.3467,0.090131792
64.3499,0.090132156
64.353,0.090132519
64.3561,0.090132883
64.3592,0.090133247
64.3623,0.09013361
64.3655,0.090133974
64.3686,0.090134337
64.3717,0.090134701
64.3748,0.090135064
64.3779,0.090135428
64.381,0.090135791
64.3842,0.090136154
64.3873,0.090136517
64.3904,0.09013688
64.3935,0.090137243
64.3966,0.090137606
64.3998,0.090137969
64.4029,0.090138332
64.406,0.090138695
64.4091,0.090139058
64.4122,0.09013942
64.4153,0.090139783
64.4185,0.090140146
64.4216,0.090140508
64.4247,0.090140871
64.4278,0.090141233
64.4309,0.090141595
64.4341,0.090141957
64.4372,0.09014232
64.4403,0.090142682
64.4434,0.090143044
64.4465,0.090143406
64.4496,0.090143768
64.4528,0.09014413
64.4559,0.090144492
64.459,0.090144854
64.4621,0.090145215
64.4652,0.090145577
64.4684,0.090145939
64.4715,0.0901463
64.4746,0.090146662
64.4777,0.090147023
64.4808,0.090147385
64.4839,0.090147746
64.4871,0.090148108
64.4902,0.090148469
64.4933,0.09014883
64.4964,0.090149191
64.4995,0.090149552
64.5027,0.090149913
64.5058,0.090150274
64.5089,0.090150635
64.512,0.090150996
64.5151,0.090151357
64.5182,0.090151718
64.5214,0.090152078
64.5245,0.090152439
64.5276,0.0901528
64.5307,0.09015316
64.5338,0.090153521
64.537,0.090153881
64.5401,0.090154242
64.5432,0.090154602
64.5463,0.090154962
64.5494,0.090155322
64.5525,0.090155683
64.5557,0.090156043
64.5588,0.090156403
64.5619,0.090156763
64.565,0.090157123
64.5681,0.090157482
64.5713,0.090157842
64.5744,0.090158202
64.5775,0.090158562
64.5806,0.090158921
64.5837,0.090159281
64.5868,0.090159641
64.59,0.09016
64.5931,0.090160359
64.5962,0.090160719
64.5993,0.090161078
64.6024,0.090161437
64.6056,0.090161797
64.6087,0.090162156
64.6118,0.090162515
64.6149,0.090162874
64.618,0.090163233
64.6211,0.090163592
64.6243,0.090163951
64.6274,0.090164309
64.6305,0.090164668
64.6336,0.090165027
64.6367,0.090165385
64.6399,0.090165744
64.643,0.090166102
64.6461,0.090166461
64.6492,0.090166819
64.6523,0.090167178
64.6554,0.090167536
64.6586,0.090167894
64.6617,0.090168253
64.6648,0.090168611
64.6679,0.090168969
64.671,0.090169327
64.6742,0.090169685
64.6773,0.090170043
64.6804,0.0901704
64.6835,0.090170758
64.6866,0.090171116
64.6897,0.090171474
64.6929,0.090171832
64.696,0.090172189
64.6991,0.090172547
64.7022,0.090172904
64.7053,0.090173262
64.7085,0.090173619
64.7116,0.090173976
64.7147,0.090174334
64.7178,0.090174691
64.7209,0.090175048
64.724,0.090175405
64.7272,0.090175762
64.7303,0.090176119
64.7334,0.090176476
64.7365,0.090176833
64.7396,0.09017719
64.7428,0.090177546
64.7459,0.090177903
64.749,0.09017826
64.7521,0.090178616
64.7552,0.090178973
64.7583,0.090179329
64.7615,0.090179686
64.7646,0.090180042
64.7677,0.090180398
64.7708,0.090180755
64.7739,0.090181111
64.7771,0.090181467
64.7802,0.090181823
64.7833,0.090182179
64.7864,0.090182535
64.7895,0.090182891
64.7926,0.090183247
64.7958,0.090183603
64.7989,0.090183958
64.802,0.090184314
64.8051,0.09018467
64.8082,0.090185025
64.8114,0.090185381
64.8145,0.090185736
64.8176,0.090186092
64.8207,0.090186447
64.8238,0.090186802
64.8269,0.090187158
64.8301,0.090187513
64.8332,0.090187868
64.8363,0.090188223
64.8394,0.090188578
64.8425,0.090188933
64.8457,0.090189288
64.8488,0.090189643
64.8519,0.090189998
64.855,0.090190353
64.8581,0.090190707
64.8612,0.090191062
64.8644,0.090191417
64.8675,0.090191771
64.8706,0.090192126
64.8737,0.09019248
64.8768,0.090192835
64.88,0.090193189
64.8831,0.090193543
64.8862,0.090193897
64.8893,0.090194252
64.8924,0.090194606
64.8955,0.09019496
64.8987,0.090195314
64.9018,0.090195668
64.9049,0.090196022
64.908,0.090196375
64.9111,0.090196729
64.9143,0.090197083
64.9174,0.090197437
64.9205,0.09019779
64.9236,0.090198144
64.9267,0.090198497
64.9298,0.090198851
64.933,0.090199204
64.9361,0.090199557
64.9392,0.090199911
64.9423,0.090200264
64.9454,0.090200617
64.9485,0.09020097
64.9517,0.090201323
64.9548,0.090201676
64.9579,0.090202029
64.961,0.090202382
64.9641,0.090202735
64.9673,0.090203088
64.9704,0.090203441
64.9735,0.090203793
64.9766,0.090204146
64.9797,0.090204498
64.9828,0.090204851
64.986,0.090205203
64.9891,0.090205556
64.9922,0.090205908
64.9953,0.090206261
64.9984,0.090206613
65.0016,0.090206965
65.0047,0.090207317
65.0078,0.090207669
65.0109,0.090208021
65.014,0.090208373
65.0172,0.090208725
65.0203,0.090209077
65.0234,0.090209429
65.0265,0.090209781
65.0296,0.090210132
65.0327,0.090210484
65.0359,0.090210836
65.039,0.090211187
65.0421,0.090211539
65.0452,0.09021189
65.0483,0.090212241
65.0515,0.090212593
65.0546,0.090212944
65.0577,0.090213295
65.0608,0.090213646
65.0639,0.090213998
65.067,0.090214349
65.0702,0.0902147
65.0733,0.090215051
65.0764,0.090215401
65.0795,0.090215752
65.0826,0.090216103
65.0857,0.090216454
65.0889,0.090216804
65.092,0.090217155
65.0951,0.090217506
65.0982,0.090217856
65.1013,0.090218207
65.1045,0.090218557
65.1076,0.090218908
65.1107,0.090219258
65.1138,0.090219608
65.1169,0.090219958
65.12,0.090220308
65.1232,0.090220658
65.1263,0.090221008
65.1294,0.090221358
65.1325,0.090221708
65.1356,0.090222058
65.1388,0.090222408
65.1419,0.090222758
65.145,0.090223107
65.1481,0.090223457
65.1512,0.090223807
65.1543,0.090224156
65.1575,0.090224506
65.1606,0.090224855
65.1637,0.090225205
65.1668,0.090225554
65.1699,0.090225903
65.1731,0.090226253
65.1762,0.090226602
65.1793,0.090226951
65.1824,0.0902273
65.1855,0.090227649
65.1886,0.090227998
65.1918,0.090228347
65.1949,0.090228696
65.198,0.090229044
65.2011,0.090229393
65.2042,0.090229742
65.2074,0.09023009
65.2105,0.090230439
65.2136,0.090230788
65.2167,0.090231136
65.2198,0.090231485
65.2229,0.090231833
65.2261,0.090232181
65.2292,0.09023253
65.2323,0.090232878
65.2354,0.090233226
65.2385,0.090233574
65.2417,0.090233922
65.2448,0.09023427
65.2479,0.090234618
65.251,0.090234966
65.2541,0.090235313
65.2572,0.090235661
65.2604,0.090236009
65.2635,0.090236357
65.2666,0.090236704
65.2697,0.090237052
65.2728,0.090237399
65.276,0.090237747
65.2791,0.090238094
65.2822,0.090238442
65.2853,0.090238789
65.2884,0.090239136
65.2915,0.090239483
65.2947,0.09023983
65.2978,0.090240177
65.3009,0.090240524
65.304,0.090240871
65.3071,0.090241218
65.3103,0.090241565
65.3134,0.090241912
65.3165,0.090242259
65.3196,0.090242606
65.3227,0.090242952
65.3258,0.090243299
65.329,0.090243645
65.3321,0.090243992
65.3352,0.090244338
65.3383,0.090244684
65.3414,0.090245031
65.3446,0.090245377
65.3477,0.090245723
65.3508,0.090246069
65.3539,0.090246415
65.357,0.090246761
65.3601,0.090247107
65.3633,0.090247453
65.3664,0.090247799
65.3695,0.090248145
65.3726,0.090248491
65.3757,0.090248836
65.3789,0.090249182
65.382,0.090249528
65.3851,0.090249873
65.3882,0.090250219
65.3913,0.090250564
65.3944,0.09025091
65.3976,0.090251255
65.4007,0.0902516
65.4038,0.090251945
65.4069,0.090252291
65.41,0.090252636
65.4132,0.090252981
65.4163,0.090253326
65.4194,0.090253671
65.4225,0.090254016
65.4256,0.090254361
65.4287,0.090254706
65.4319,0.09025505
65.435,0.090255395
65.4381,0.09025574
65.4412,0.090256085
65.4443,0.090256429
65.4475,0.090256774
65.4506,0.090257118
65.4537,0.090257463
65.4568,0.090257807
65.4599,0.090258152
65.463,0.090258496
65.4662,0.09025884
65.4693,0.090259184
65.4724,0.090259529
65.4755,0.090259873
65.4786,0.090260217
65.4818,0.090260561
65.4849,0.090260905
65.488,0.090261249
65.4911,0.090261592
65.4942,0.090261936
65.4973,0.09026228
65.5005,0.090262624
65.5036,0.090262967
65.5067,0.090263311
65.5098,0.090263654
65.5129,0.090263998
65.5161,0.090264341
65.5192,0.090264685
65.5223,0.090265028
65.5254,0.090265371
65.5285,0.090265715
65.5316,0.090266058
65.5348,0.090266401
65.5379,0.090266744
65.541,0.090267087
65.5441,0.09026743
65.5472,0.090267773
65.5504,0.090268116
65.5535,0.090268459
65.5566,0.090268802
65.5597,0.090269145
65.5628,0.090269487
65.5659,0.09026983
65.5691,0.090270173
65.5722,0.090270515
65.5753,0.090270858
65.5784,0.0902712
65.5815,0.090271543
65.5847,0.090271885
65.5878,0.090272228
65.5909,0.09027257
65.594,0.090272912
65.5971,0.090273254
65.6002,0.090273597
65.6034,0.090273939
65.6065,0.090274281
65.6096,0.090274623
65.6127,0.090274965
65.6158,0.090275307
65.619,0.090275649
65.6221,0.090275991
65.6252,0.090276332
65.6283,0.090276674
65.6314,0.090277016
65.6345,0.090277358
65.6377,0.090277699
65.6408,0.090278041
65.6439,0.090278382
65.647,0.090278724
65.6501,0.090279065
65.6533,0.090279406
65.6564,0.090279748
65.6595,0.090280089
65.6626,0.09028043
65.6657,0.090280771
65.6688,0.090281112
65.672,0.090281453
65.6751,0.090281794
65.6782,0.090282135
65.6813,0.090282476
65.6844,0.090282817
65.6876,0.090283158
65.6907,0.090283499
65.6938,0.090283839
65.6969,0.09028418
65.7,0.090284521
65.7031,0.090284861
65.7063,0.090285202
65.7094,0.090285542
65.7125,0.090285882
65.7156,0.090286223
65.7187,0.090286563
65.7219,0.090286904
65.725,0.090287244
65.7281,0.090287584
65.7312,0.090287924
65.7343,0.090288264
65.7374,0.090288604
65.7406,0.090288944
65.7437,0.090289284
65.7468,0.090289624
65.7499,0.090289964
65.753,0.090290304
65.7562,0.090290643
65.7593,0.090290983
65.7624,0.090291323
65.7655,0.090291662
65.7686,0.090292002
65.7717,0.090292341
65.7749,0.090292681
65.778,0.09029302
65.7811,0.090293359
65.7842,0.090293699
65.7873,0.090294038
65.7905,0.090294377
65.7936,0.090294716
65.7967,0.090295055
65.7998,0.090295394
65.8029,0.090295733
65.806,0.090296072
65.8092,0.090296411
65.8123,0.090296749
65.8154,0.090297088
65.8185,0.090297427
65.8216,0.090297766
65.8248,0.090298104
65.8279,0.090298443
65.831,0.090298781
65.8341,0.09029912
65.8372,0.090299458
65.8403,0.090299797
65.8435,0.090300135
65.8466,0.090300473
65.8497,0.090300811
65.8528,0.090301149
65.8559,0.090301488
65.8591,0.090301826
65.8622,0.090302164
65.8653,0.090302502
65.8684,0.090302839
65.8715,0.090303177
65.8746,0.090303515
65.8778,0.090303853
65.8809,0.090304191
65.884,0.090304528
65.8871,0.090304866
65.8902,0.090305204
65.8934,0.090305541
65.8965,0.090305878
65.8996,0.090306216
65.9027,0.090306553
65.9058,0.090306891
65.9089,0.090307228
65.9121,0.090307565
65.9152,0.090307902
65.9183,0.090308239
65.9214,0.090308576
65.9245,0.090308914
65.9277,0.09030925
65.9308,0.090309587
65.9339,0.090309924
65.937,0.090310261
65.9401,0.090310598
65.9432,0.090310934
65.9464,0.090311271
65.9495,0.090311608
65.9526,0.090311944
65.9557,0.090312281
65.9588,0.090312617
65.962,0.090312954
65.9651,0.09031329
65.9682,0.090313626
65.9713,0.090313962
65.9744,0.090314299
65.9775,0.090314635
65.9807,0.090314971
65.9838,0.090315307
65.9869,0.090315643
65.99,0.090315979
65.9931,0.090316315
65.9963,0.090316651
65.9994,0.090316987
66.0025,0.090317322
66.0056,0.090317658
66.0087,0.090317994
66.0118,0.090318329
66.015,0.090318665
66.0181,0.090319
66.0212,0.090319336
66.0243,0.090319671
66.0274,0.090320007
66.0306,0.090320342
66.0337,0.090320678
66.0368,0.090321013
66.0399,0.090321348
66.043,0.090321683
66.0461,0.090322018
66.0493,0.090322353
66.0524,0.090322688
66.0555,0.090323023
66.0586,0.090323358
66.0617,0.090323693
66.0649,0.090324028
66.068,0.090324363
66.0711,0.090324697
66.0742,0.090325032
66.0773,0.090325367
66.0804,0.090325701
66.0836,0.090326036
66.0867,0.090326371
66.0898,0.090326705
66.0929,0.090327039
66.096,0.090327374
66.0992,0.090327708
66.1023,0.090328042
66.1054,0.090328377
66.1085,0.090328711
66.1116,0.090329045
66.1147,0.090329379
66.1179,0.090329713
66.121,0.090330047
66.1241,0.090330381
66.1272,0.090330714
66.1303,0.090331048
66.1335,0.090331382
66.1366,0.090331716
66.1397,0.090332049
66.1428,0.090332383
66.1459,0.090332716
66.149,0.09033305
66.1522,0.090333383
66.1553,0.090333717
66.1584,0.09033405
66.1615,0.090334383
66.1646,0.090334717
66.1678,0.09033505
66.1709,0.090335383
66.174,0.090335716
66.1771,0.090336049
66.1802,0.090336382
66.1833,0.090336715
66.1865,0.090337048
66.1896,0.090337381
66.1927,0.090337713
66.1958,0.090338046
66.1989,0.090338379
66.2021,0.090338712
66.2052,0.090339044
66.2083,0.090339377
66.2114,0.090339709
66.2145,0.090340042
66.2176,0.090340374
66.2208,0.090340707
66.2239,0.090341039
66.227,0.090341371
66.2301,0.090341704
66.2332,0.090342036
66.2364,0.090342368
66.2395,0.0903427
66.2426,0.090343032
66.2457,0.090343364
66.2488,0.090343696
66.2519,0.090344028
66.2551,0.09034436
66.2582,0.090344692
66.2613,0.090345023
66.2644,0.090345355
66.2675,0.090345687
66.2707,0.090346018
66.2738,0.09034635
66.2769,0.090346682
66.28,0.090347013
66.2831,0.090347344
66.2862,0.090347676
66.2894,0.090348007
66.2925,0.090348338
66.2956,0.09034867
66.2987,0.090349001
66.3018,0.090349332
66.305,0.090349663
66.3081,0.090349994
66.3112,0.090350325
66.3143,0.090350656
66.3174,0.090350987
66.3205,0.090351318
66.3237,0.090351649
66.3268,0.090351979
66.3299,0.09035231
66.333,0.090352641
66.3361,0.090352971
66.3393,0.090353302
66.3424,0.090353632
66.3455,0.090353963
66.3486,0.090354293
66.3517,0.090354623
66.3548,0.090354954
66.358,0.090355284
66.3611,0.090355614
66.3642,0.090355944
66.3673,0.090356275
66.3704,0.090356605
66.3736,0.090356935
66.3767,0.090357265
66.3798,0.090357594
66.3829,0.090357924
66.386,0.090358254
66.3891,0.090358584
66.3923,0.090358914
66.3954,0.090359244
66.3985,0.090359573
66.4016,0.090359903
66.4047,0.090360232
66.4079,0.090360562
66.411,0.090360891
66.4141,0.090361221
66.4172,0.09036155
66.4203,0.090361879
66.4234,0.090362209
66.4266,0.090362538
66.4297,0.090362867
66.4328,0.090363196
66.4359,0.090363525
66.439,0.090363854
66.4422,0.090364183
66.4453,0.090364512
66.4484,0.090364841
66.4515,0.09036517
66.4546,0.090365498
66.4577,0.090365827
66.4609,0.090366156
66.464,0.090366484
66.4671,0.090366813
66.4702,0.090367141
66.4733,0.09036747
66.4765,0.090367798
66.4796,0.090368127
66.4827,0.090368455
66.4858,0.090368783
66.4889,0.090369111
66.492,0.090369439
66.4952,0.090369768
66.4983,0.090370096
66.5014,0.090370424
66.5045,0.090370752
66.5076,0.09037108
66.5108,0.090371407
66.5139,0.090371735
66.517,0.090372063
66.5201,0.090372391
66.5232,0.090372719
66.5263,0.090373046
66.5295,0.090373374
66.5326,0.090373702
66.5357,0.090374029
66.5388,0.090374357
66.5419,0.090374684
66.5451,0.090375011
66.5482,0.090375339
66.5513,0.090375666
66.5544,0.090375993
66.5575,0.09037632
66.5606,0.090376648
66.5638,0.090376975
66.5669,0.090377302
66.57,0.090377629
66.5731,0.090377956
66.5762,0.090378283
66.5794,0.090378609
66.5825,0.090378936
66.5856,0.090379263
66.5887,0.09037959
66.5918,0.090379916
66.5949,0.090380243
66.5981,0.090380569
66.6012,0.090380896
66.6043,0.090381222
66.6074,0.090381549
66.6105,0.090381875
66.6137,0.090382201
66.6168,0.090382528
66.6199,0.090382854
66.623,0.09038318
66.6261,0.090383506
66.6292,0.090383832
66.6324,0.090384158
66.6355,0.090384484
66.6386,0.09038481
66.6417,0.090385136
66.6448,0.090385462
66.648,0.090385788
66.6511,0.090386113
66.6542,0.090386439
66.6573,0.090386765
66.6604,0.09038709
66.6635,0.090387416
66.6667,0.090387741
66.6698,0.090388067
66.6729,0.090388392
66.676,0.090388718
66.6791,0.090389043
66.6823,0.090389368
66.6854,0.090389694
66.6885,0.090390019
66.6916,0.090390344
66.6947,0.090390669
66.6978,0.090390994
66.701,0.090391319
66.7041,0.090391644
66.7072,0.090391969
66.7103,0.090392294
66.7134,0.090392619
66.7166,0.090392943
66.7197,0.090393268
66.7228,0.090393593
66.7259,0.090393917
66.729,0.090394242
66.7321,0.090394566
66.7353,0.090394891
66.7384,0.090395215
66.7415,0.09039554
66.7446,0.090395864
66.7477,0.090396188
66.7509,0.090396512
66.754,0.090396836
66.7571,0.090397161
66.7602,0.090397485
66.7633,0.090397809
66.7664,0.090398133
66.7696,0.090398457
66.7727,0.09039878
66.7758,0.090399104
66.7789,0.090399428
66.782,0.090399752
66.7852,0.090400075
66.7883,0.090400399
66.7914,0.090400723
66.7945,0.090401046
66.7976,0.09040137
66.8007,0.090401693
66.8039,0.090402017
66.807,0.09040234
66.8101,0.090402663
66.8132,0.090402987
66.8163,0.09040331
66.8195,0.090403633
66.8226,0.090403956
66.8257,0.090404279
66.8288,0.090404602
66.8319,0.090404925
66.835,0.090405248
66.8382,0.090405571
66.8413,0.090405894
66.8444,0.090406217
66.8475,0.090406539
66.8506,0.090406862
66.8538,0.090407185
66.8569,0.090407507
66.86,0.09040783
66.8631,0.090408152
66.8662,0.090408475
66.8693,0.090408797
66.8725,0.09040912
66.8756,0.090409442
66.8787,0.090409764
66.8818,0.090410087
66.8849,0.090410409
66.8881,0.090410731
66.8912,0.090411053
66.8943,0.090411375
66.8974,0.090411697
66.9005,0.090412019
66.9036,0.090412341
66.9068,0.090412663
66.9099,0.090412985
66.913,0.090413306
66.9161,0.090413628
66.9192,0.09041395
66.9224,0.090414271
66.9255,0.090414593
66.9286,0.090414914
66.9317,0.090415236
66.9348,0.090415557
66.9379,0.090415879
66.9411,0.0904162
66.9442,0.090416521
66.9473,0.090416842
66.9504,0.090417163
66.9535,0.090417485
66.9567,0.090417806
66.9598,0.090418127
66.9629,0.090418448
66.966,0.090418769
66.9691,0.090419089
66.9722,0.09041941
66.9754,0.090419731
66.9785,0.090420052
66.9816,0.090420373
66.9847,0.090420693
66.9878,0.090421014
66.991,0.090421335
66.9941,0.090421655
66.9972,0.090421976
67.0003,0.090422296
67.0034,0.090422616
67.0065,0.090422937
67.0097,0.090423257
67.0128,0.090423577
67.0159,0.090423898
67.019,0.090424218
67.0221,0.090424538
67.0253,0.090424858
67.0284,0.090425178
67.0315,0.090425498
67.0346,0.090425818
67.0377,0.090426138
67.0408,0.090426458
67.044,0.090426777
67.0471,0.090427097
67.0502,0.090427417
67.0533,0.090427736
67.0564,0.090428056
67.0596,0.090428376
67.0627,0.090428695
67.0658,0.090429015
67.0689,0.090429334
67.072,0.090429653
67.0751,0.090429972
67.0783,0.090430292
67.0814,0.090430611
67.0845,0.09043093
67.0876,0.090431249
67.0907,0.090431568
67.0939,0.090431887
67.097,0.090432206
67.1001,0.090432525
67.1032,0.090432844
67.1063,0.090433163
67.1094,0.090433482
67.1126,0.0904338
67.1157,0.090434119
67.1188,0.090434438
67.1219,0.090434756
67.125,0.090435075
67.1282,0.090435393
67.1313,0.090435712
67.1344,0.09043603
67.1375,0.090436349
67.1406,0.090436667
67.1437,0.090436985
67.1469,0.090437303
67.15,0.090437622
67.1531,0.09043794
67.1562,0.090438258
67.1593,0.090438576
67.1625,0.090438894
67.1656,0.090439212
67.1687,0.09043953
67.1718,0.090439848
67.1749,0.090440165
67.178,0.090440483
67.1812,0.090440801
67.1843,0.090441119
67.1874,0.090441436
67.1905,0.090441754
67.1936,0.090442071
67.1968,0.090442389
67.1999,0.090442706
67.203,0.090443024
67.2061,0.090443341
67.2092,0.090443658
67.2123,0.090443976
67.2155,0.090444293
67.2186,0.09044461
67.2217,0.090444927
67.2248,0.090445244
67.2279,0.090445561
67.2311,0.090445878
67.2342,0.090446195
67.2373,0.090446512
67.2404,0.090446829
67.2435,0.090447145
67.2466,0.090447462
67.2498,0.090447779
67.2529,0.090448095
67.256,0.090448412
67.2591,0.090448728
67.2622,0.090449045
67.2654,0.090449361
67.2685,0.090449678
67.2716,0.090449994
67.2747,0.09045031
67.2778,0.090450627
67.2809,0.090450943
67.2841,0.090451259
67.2872,0.090451575
67.2903,0.090451891
67.2934,0.090452207
67.2965,0.090452523
67.2997,0.090452839
67.3028,0.090453155
67.3059,0.090453471
67.309,0.090453786
67.3121,0.090454102
67.3152,0.090454418
67.3184,0.090454734
67.3215,0.090455049
67.3246,0.090455365
67.3277,0.09045568
67.3308,0.090455996
67.334,0.090456311
67.3371,0.090456627
67.3402,0.090456942
67.3433,0.090457257
67.3464,0.090457573
67.3495,0.090457888
67.3527,0.090458203
67.3558,0.090458518
67.3589,0.090458833
67.362,0.090459148
67.3651,0.090459463
67.3683,0.090459778
67.3714,0.090460093
67.3745,0.090460408
67.3776,0.090460723
67.3807,0.090461037
67.3838,0.090461352
67.387,0.090461667
67.3901,0.090461981
67.3932,0.090462296
67.3963,0.09046261
67.3994,0.090462925
67.4026,0.090463239
67.4057,0.090463554
67.4088,0.090463868
67.4119,0.090464182
67.415,0.090464496
67.4181,0.090464811
67.4213,0.090465125
67.4244,0.090465439
67.4275,0.090465753
67.4306,0.090466067
67.4337,0.090466381
67.4369,0.090466694
67.44,0.090467008
67.4431,0.090467322
67.4462,0.090467636
67.4493,0.09046795
67.4524,0.090468263
67.4556,0.090468577
67.4587,0.09046889
67.4618,0.090469204
67.4649,0.090469517
67.468,0.090469831
67.4712,0.090470144
67.4743,0.090470458
67.4774,0.090470771
67.4805,0.090471084
67.4836,0.090471397
67.4867,0.09047171
67.4899,0.090472023
67.493,0.090472337
67.4961,0.09047265
67.4992,0.090472963
67.5023,0.090473275
67.5055,0.090473588
67.5086,0.090473901
67.5117,0.090474214
67.5148,0.090474527
67.5179,0.09047484
67.521,0.090475152
67.5242,0.090475465
67.5273,0.090475777
67.5304,0.09047609
67.5335,0.090476402
67.5366,0.090476715
67.5398,0.090477027
67.5429,0.09047734
67.546,0.090477652
67.5491,0.090477964
67.5522,0.090478276
67.5553,0.090478588
67.5585,0.0904789
67.5616,0.090479212
67.5647,0.090479524
67.5678,0.090479836
67.5709,0.090480148
67.5741,0.09048046
67.5772,0.090480772
67.5803,0.090481084
67.5834,0.090481396
67.5865,0.090481707
67.5896,0.090482019
67.5928,0.09048233
67.5959,0.090482642
67.599,0.090482954
67.6021,0.090483265
67.6052,0.090483576
67.6084,0.090483888
67.6115,0.090484199
67.6146,0.09048451
67.6177,0.090484822
67.6208,0.090485133
67.6239,0.090485444
67.6271,0.090485755
67.6302,0.090486066
67.6333,0.090486377
67.6364,0.090486688
67.6395,0.090486999
67.6427,0.09048731
67.6458,0.090487621
67.6489,0.090487931
67.652,0.090488242
67.6551,0.090488553
67.6582,0.090488864
67.6614,0.090489174
67.6645,0.090489485
67.6676,0.090489795
67.6707,0.090490106
67.6738,0.090490416
67.677,0.090490726
67.6801,0.090491037
67.6832,0.090491347
67.6863,0.090491657
67.6894,0.090491968
67.6925,0.090492278
67.6957,0.090492588
67.6988,0.090492898
67.7019,0.090493208
67.705,0.090493518
67.7081,0.090493828
67.7113,0.090494138
67.7144,0.090494447
67.7175,0.090494757
67.7206,0.090495067
67.7237,0.090495376
67.7268,0.090495686
67.73,0.090495995
67.7331,0.090496305
67.7362,0.090496614
67.7393,0.090496924
67.7424,0.090497233
67.7456,0.090497542
67.7487,0.090497852
67.7518,0.090498161
67.7549,0.09049847
67.758,0.090498779
67.7611,0.090499089
67.7643,0.090499397
67.7674,0.090499706
67.7705,0.090500016
67.7736,0.090500324
67.7767,0.090500633
67.7799,0.090500942
67.783,0.090501251
67.7861,0.09050156
67.7892,0.090501868
67.7923,0.090502177
67.7954,0.090502485
67.7986,0.090502794
67.8017,0.090503103
67.8048,0.090503411
67.8079,0.090503719
67.811,0.090504028
67.8142,0.090504336
67.8173,0.090504644
67.8204,0.090504953
67.8235,0.090505261
67.8266,0.090505569
67.8297,0.090505877
67.8329,0.090506185
67.836,0.090506493
67.8391,0.090506801
67.8422,0.090507109
67.8453,0.090507417
67.8485,0.090507725
67.8516,0.090508033
67.8547,0.090508341
67.8578,0.090508648
67.8609,0.090508956
67.864,0.090509264
67.8672,0.090509571
67.8703,0.090509879
67.8734,0.090510186
67.8765,0.090510493
67.8796,0.090510801
67.8828,0.090511108
67.8859,0.090511415
67.889,0.090511723
67.8921,0.09051203
67.8952,0.090512337
67.8983,0.090512644
67.9015,0.090512951
67.9046,0.090513258
67.9077,0.090513565
67.9108,0.090513872
67.9139,0.090514179
67.9171,0.090514486
67.9202,0.090514792
67.9233,0.090515099
67.9264,0.090515406
67.9295,0.090515713
67.9326,0.090516019
67.9358,0.090516326
67.9389,0.090516632
67.942,0.090516939
67.9451,0.090517245
67.9482,0.090517552
67.9514,0.090517858
67.9545,0.090518164
67.9576,0.09051847
67.9607,0.090518776
67.9638,0.090519083
67.9669,0.090519389
67.9701,0.090519695
67.9732,0.090520001
67.9763,0.090520307
67.9794,0.090520613
67.9825,0.090520919
67.9857,0.090521225
67.9888,0.09052153
67.9919,0.090521836
67.995,0.090522142
67.9981,0.090522448
68.0012,0.090522753
68.0044,0.090523059
68.0075,0.090523364
68.0106,0.09052367
68.0137,0.090523975
68.0168,0.090524281
68.02,0.090524586
68.0231,0.090524891
68.0262,0.090525197
68.0293,0.090525502
68.0324,0.090525807
68.0355,0.090526112
68.0387,0.090526417
68.0418,0.090526722
68.0449,0.090527027
68.048,0.090527332
68.0511,0.090527637
68.0543,0.090527942
68.0574,0.090528247
68.0605,0.090528551
68.0636,0.090528856
68.0667,0.090529161
68.0698,0.090529465
68.073,0.09052977
68.0761,0.090530074
68.0792,0.090530379
68.0823,0.090530683
68.0854,0.090530988
68.0886,0.090531292
68.0917,0.090531596
68.0948,0.0905319
68.0979,0.090532205
68.101,0.090532509
68.1041,0.090532813
68.1073,0.090533117
68.1104,0.090533421
68.1135,0.090533725
68.1166,0.090534029
68.1197,0.090534333
68.1229,0.090534637
68.126,0.090534941
68.1291,0.090535244
68.1322,0.090535548
68.1353,0.090535852
68.1384,0.090536155
68.1416,0.090536459
68.1447,0.090536763
68.1478,0.090537066
68.1509,0.09053737
68.154,0.090537673
68.1572,0.090537976
68.1603,0.09053828
68.1634,0.090538583
68.1665,0.090538886
68.1696,0.090539189
68.1727,0.090539493
68.1759,0.090539796
68.179,0.090540099
68.1821,0.090540402
68.1852,0.090540705
68.1883,0.090541008
68.1915,0.090541311
68.1946,0.090541613
68.1977,0.090541916
68.2008,0.090542219
68.2039,0.090542522
68.207,0.090542824
68.2102,0.090543127
68.2133,0.090543429
68.2164,0.090543732
68.2195,0.090544034
68.2226,0.090544337
68.2258,0.090544639
68.2289,0.090544941
68.232,0.090545243
68.2351,0.090545546
68.2382,0.090545848
68.2413,0.09054615
68.2445,0.090546452
68.2476,0.090546754
68.2507,0.090547056
68.2538,0.090547358
68.2569,0.09054766
68.2601,0.090547962
68.2632,0.090548264
68.2663,0.090548566
68.2694,0.090548867
68.2725,0.090549169
68.2756,0.090549471
68.2788,0.090549772
68.2819,0.090550074
68.285,0.090550375
68.2881,0.090550677
68.2912,0.090550978
68.2944,0.09055128
68.2975,0.090551581
68.3006,0.090551882
68.3037,0.090552184
68.3068,0.090552485
68.3099,0.090552786
68.3131,0.090553087
68.3162,0.090553388
68.3193,0.090553689
68.3224,0.09055399
68.3255,0.090554291
68.3287,0.090554592
68.3318,0.090554893
68.3349,0.090555194
68.338,0.090555495
68.3411,0.090555795
68.3442,0.090556096
68.3474,0.090556397
68.3505,0.090556697
68.3536,0.090556998
68.3567,0.090557298
68.3598,0.090557599
68.363,0.090557899
68.3661,0.0905582
68.3692,0.0905585
68.3723,0.0905588
68.3754,0.090559101
68.3785,0.090559401
68.3817,0.090559701
68.3848,0.090560001
68.3879,0.090560301
68.391,0.090560601
68.3941,0.090560901
68.3973,0.090561201
68.4004,0.090561501
68.4035,0.0905618
68.4066,0.0905621
68.4097,0.0905624
68.4128,0.0905627
68.416,0.090562999
68.4191,0.090563299
68.4222,0.090563598
68.4253,0.090563898
68.4284,0.090564197
68.4316,0.090564497
68.4347,0.090564796
68.4378,0.090565095
68.4409,0.090565395
68.444,0.090565694
68.4471,0.090565993
68.4503,0.090566292
68.4534,0.090566592
68.4565,0.090566891
68.4596,0.09056719
68.4627,0.090567489
68.4659,0.090567788
68.469,0.090568087
68.4721,0.090568385
68.4752,0.090568684
68.4783,0.090568983
68.4814,0.090569282
68.4846,0.09056958
68.4877,0.090569879
68.4908,0.090570178
68.4939,0.090570476
68.497,0.090570775
68.5002,0.090571073
68.5033,0.090571372
68.5064,0.09057167
68.5095,0.090571968
68.5126,0.090572267
68.5157,0.090572565
68.5189,0.090572863
68.522,0.090573161
68.5251,0.090573459
68.5282,0.090573758
68.5313,0.090574055
68.5345,0.090574353
68.5376,0.090574651
68.5407,0.090574949
68.5438,0.090575247
68.5469,0.090575545
68.55,0.090575843
68.5532,0.09057614
68.5563,0.090576438
68.5594,0.090576736
68.5625,0.090577033
68.5656,0.09057733
68.5688,0.090577628
68.5719,0.090577925
68.575,0.090578223
68.5781,0.09057852
68.5812,0.090578817
68.5843,0.090579115
68.5875,0.090579412
68.5906,0.090579709
68.5937,0.090580006
68.5968,0.090580304
68.5999,0.0905806
68.6031,0.090580897
68.6062,0.090581194
68.6093,0.090581491
68.6124,0.090581788
68.6155,0.090582085
68.6186,0.090582382
68.6218,0.090582678
68.6249,0.090582975
68.628,0.090583272
68.6311,0.090583569
68.6342,0.090583865
68.6374,0.090584162
68.6405,0.090584458
68.6436,0.090584755
68.6467,0.090585051
68.6498,0.090585347
68.6529,0.090585644
68.6561,0.09058594
68.6592,0.090586236
68.6623,0.090586532
68.6654,0.090586829
68.6685,0.090587125
68.6717,0.090587421
68.6748,0.090587717
68.6779,0.090588013
68.681,0.090588309
68.6841,0.090588604
68.6872,0.0905889
68.6904,0.090589196
68.6935,0.090589492
68.6966,0.090589787
68.6997,0.090590083
68.7028,0.090590379
68.706,0.090590674
68.7091,0.09059097
68.7122,0.090591265
68.7153,0.090591561
68.7184,0.090591856
68.7215,0.090592151
68.7247,0.090592447
68.7278,0.090592742
68.7309,0.090593037
68.734,0.090593332
68.7371,0.090593627
68.7403,0.090593922
68.7434,0.090594217
68.7465,0.090594512
68.7496,0.090594807
68.7527,0.090595102
68.7558,0.090595397
68.759,0.090595692
68.7621,0.090595986
68.7652,0.090596281
68.7683,0.090596576
68.7714,0.09059687
68.7746,0.090597165
68.7777,0.090597459
68.7808,0.090597754
68.7839,0.090598048
68.787,0.090598343
68.7901,0.090598637
68.7933,0.090598931
68.7964,0.090599226
68.7995,0.09059952
68.8026,0.090599814
68.8057,0.090600108
68.8089,0.090600403
68.812,0.090600697
68.8151,0.090600991
68.8182,0.090601285
68.8213,0.090601579
68.8244,0.090601873
68.8276,0.090602166
68.8307,0.09060246
68.8338,0.090602754
68.8369,0.090603048
68.84,0.090603342
68.8432,0.090603635
68.8463,0.090603929
68.8494,0.090604223
68.8525,0.090604516
68.8556,0.09060481
68.8587,0.090605103
68.8619,0.090605396
68.865,0.09060569
68.8681,0.090605983
68.8712,0.090606276
68.8743,0.090606569
68.8775,0.090606862
68.8806,0.090607156
68.8837,0.090607449
68.8868,0.090607742
68.8899,0.090608035
68.893,0.090608328
68.8962,0.090608621
68.8993,0.090608913
68.9024,0.090609206
68.9055,0.090609499
68.9086,0.090609791
68.9118,0.090610084
68.9149,0.090610377
68.918,0.090610669
68.9211,0.090610962
68.9242,0.090611254
68.9273,0.090611547
68.9305,0.090611839
68.9336,0.090612132
68.9367,0.090612424
68.9398,0.090612716
68.9429,0.090613008
68.9461,0.090613301
68.9492,0.090613593
68.9523,0.090613885
68.9554,0.090614177
68.9585,0.090614469
68.9616,0.090614761
68.9648,0.090615053
68.9679,0.090615345
68.971,0.090615637
68.9741,0.090615929
68.9772,0.09061622
68.9804,0.090616512
68.9835,0.090616804
68.9866,0.090617095
68.9897,0.090617387
68.9928,0.090617679
68.9959,0.09061797
68.9991,0.090618261
69.0022,0.090618553
69.0053,0.090618844
69.0084,0.090619136
69.0115,0.090619427
69.0147,0.090619718
69.0178,0.090620009
69.0209,0.090620301
69.024,0.090620592
69.0271,0.090620883
69.0302,0.090621174
69.0334,0.090621465
69.0365,0.090621756
69.0396,0.090622047
69.0427,0.090622337
69.0458,0.090622628
69.049,0.090622919
69.0521,0.09062321
69.0552,0.0906235
69.0583,0.090623791
69.0614,0.090624082
69.0645,0.090624372
69.0677,0.090624663
69.0708,0.090624953
69.0739,0.090625243
69.077,0.090625534
69.0801,0.090625824
69.0833,0.090626114
69.0864,0.090626405
69.0895,0.090626695
69.0926,0.090626985
69.0957,0.090627275
69.0988,0.090627565
69.102,0.090627855
69.1051,0.090628145
69.1082,0.090628435
69.1113,0.090628725
69.1144,0.090629015
69.1176,0.090629305
69.1207,0.090629595
69.1238,0.090629884
69.1269,0.090630174
69.13,0.090630464
69.1331,0.090630753
69.1363,0.090631043
69.1394,0.090631332
69.1425,0.090631622
69.1456,0.090631911
69.1487,0.090632201
69.1519,0.09063249
69.155,0.090632779
69.1581,0.090633069
69.1612,0.090633358
69.1643,0.090633647
69.1674,0.090633936
69.1706,0.090634226
69.1737,0.090634515
69.1768,0.090634804
69.1799,0.090635093
69.183,0.090635382
69.1862,0.090635671
69.1893,0.090635959
69.1924,0.090636248
69.1955,0.090636537
69.1986,0.090636826
69.2017,0.090637114
69.2049,0.090637403
69.208,0.090637691
69.2111,0.09063798
69.2142,0.090638268
69.2173,0.090638557
69.2205,0.090638845
69.2236,0.090639134
69.2267,0.090639422
69.2298,0.09063971
69.2329,0.090639998
69.236,0.090640286
69.2392,0.090640575
69.2423,0.090640863
69.2454,0.090641151
69.2485,0.090641439
69.2516,0.090641727
69.2548,0.090642015
69.2579,0.090642302
69.261,0.09064259
69.2641,0.090642878
69.2672,0.090643166
69.2703,0.090643453
69.2735,0.090643741
69.2766,0.090644029
69.2797,0.090644316
69.2828,0.090644604
69.2859,0.090644891
69.2891,0.090645179
69.2922,0.090645466
69.2953,0.090645754
69.2984,0.090646041
69.3015,0.090646328
69.3046,0.090646615
69.3078,0.090646903
69.3109,0.09064719
69.314,0.090647477
69.3171,0.090647764
69.3202,0.090648051
69.3234,0.090648338
69.3265,0.090648625
69.3296,0.090648912
69.3327,0.090649199
69.3358,0.090649486
69.3389,0.090649773
69.3421,0.090650059
69.3452,0.090650346
69.3483,0.090650633
69.3514,0.090650919
69.3545,0.090651206
69.3577,0.090651493
69.3608,0.090651779
69.3639,0.090652066
69.367,0.090652352
69.3701,0.090652638
69.3732,0.090652925
69.3764,0.090653211
69.3795,0.090653497
69.3826,0.090653783
69.3857,0.09065407
69.3888,0.090654356
69.392,0.090654642
69.3951,0.090654928
69.3982,0.090655214
69.4013,0.0906555
69.4044,0.090655785
69.4075,0.090656071
69.4107,0.090656357
69.4138,0.090656643
69.4169,0.090656928
69.42,0.090657214
69.4231,0.0906575
69.4263,0.090657785
69.4294,0.090658071
69.4325,0.090658356
69.4356,0.090658642
69.4387,0.090658927
69.4418,0.090659213
69.445,0.090659498
69.4481,0.090659783
69.4512,0.090660068
69.4543,0.090660354
69.4574,0.090660639
69.4606,0.090660924
69.4637,0.090661209
69.4668,0.090661494
69.4699,0.090661779
69.473,0.090662064
69.4761,0.090662349
69.4793,0.090662634
69.4824,0.090662919
69.4855,0.090663203
69.4886,0.090663488
69.4917,0.090663773
69.4949,0.090664058
69.498,0.090664342
69.5011,0.090664627
69.5042,0.090664911
69.5073,0.090665196
69.5104,0.09066548
69.5136,0.090665765
69.5167,0.090666049
69.5198,0.090666334
69.5229,0.090666618
69.526,0.090666902
69.5292,0.090667186
69.5323,0.09066747
69.5354,0.090667755
69.5385,0.090668039
69.5416,0.090668323
69.5447,0.090668607
69.5479,0.090668891
69.551,0.090669174
69.5541,0.090669458
69.5572,0.090669742
69.5603,0.090670026
69.5635,0.09067031
69.5666,0.090670593
69.5697,0.090670877
69.5728,0.090671161
69.5759,0.090671444
69.579,0.090671727
69.5822,0.090672011
69.5853,0.090672294
69.5884,0.090672578
69.5915,0.090672861
69.5946,0.090673144
69.5978,0.090673428
69.6009,0.090673711
69.604,0.090673994
69.6071,0.090674277
69.6102,0.09067456
69.6133,0.090674843
69.6165,0.090675126
69.6196,0.090675409
69.6227,0.090675692
69.6258,0.090675975
69.6289,0.090676258
69.6321,0.090676541
69.6352,0.090676824
69.6383,0.090677106
69.6414,0.090677389
69.6445,0.090677672
69.6476,0.090677954
69.6508,0.090678237
69.6539,0.090678519
69.657,0.090678802
69.6601,0.090679084
69.6632,0.090679366
69.6664,0.090679649
69.6695,0.090679931
69.6726,0.090680213
69.6757,0.090680496
69.6788,0.090680778
69.6819,0.09068106
69.6851,0.090681342
69.6882,0.090681624
69.6913,0.090681906
69.6944,0.090682188
69.6975,0.09068247
69.7007,0.090682752
69.7038,0.090683034
69.7069,0.090683316
69.71,0.090683598
69.7131,0.090683879
69.7162,0.090684161
69.7194,0.090684443
69.7225,0.090684724
69.7256,0.090685006
69.7287,0.090685287
69.7318,0.090685569
69.735,0.09068585
69.7381,0.090686132
69.7412,0.090686413
69.7443,0.090686694
69.7474,0.090686975
69.7505,0.090687256
69.7537,0.090687538
69.7568,0.090687819
69.7599,0.0906881
69.763,0.090688381
69.7661,0.090688662
69.7693,0.090688943
69.7724,0.090689224
69.7755,0.090689505
69.7786,0.090689785
69.7817,0.090690066
69.7848,0.090690347
69.788,0.090690628
69.7911,0.090690908
69.7942,0.090691189
69.7973,0.090691469
69.8004,0.09069175
69.8036,0.090692031
69.8067,0.090692311
69.8098,0.090692592
69.8129,0.090692872
69.816,0.090693152
69.8191,0.090693433
69.8223,0.090693713
69.8254,0.090693993
69.8285,0.090694273
69.8316,0.090694553
69.8347,0.090694833
69.8379,0.090695113
69.841,0.090695394
69.8441,0.090695674
69.8472,0.090695953
69.8503,0.090696233
69.8534,0.090696513
69.8566,0.090696793
69.8597,0.090697073
69.8628,0.090697353
69.8659,0.090697632
69.869,0.090697912
69.8722,0.090698192
69.8753,0.090698471
69.8784,0.090698751
69.8815,0.09069903
69.8846,0.09069931
69.8877,0.090699589
69.8909,0.090699868
69.894,0.090700148
69.8971,0.090700427
69.9002,0.090700706
69.9033,0.090700985
69.9065,0.090701265
69.9096,0.090701544
69.9127,0.090701823
69.9158,0.090702102
69.9189,0.09070238
69.922,0.090702659
69.9252,0.090702938
69.9283,0.090703217
69.9314,0.090703496
69.9345,0.090703775
69.9376,0.090704053
69.9408,0.090704332
69.9439,0.090704611
69.947,0.090704889
69.9501,0.090705168
69.9532,0.090705446
69.9563,0.090705725
69.9595,0.090706003
69.9626,0.090706282
69.9657,0.09070656
69.9688,0.090706838
69.9719,0.090707117
69.9751,0.090707395
69.9782,0.090707673
69.9813,0.090707951
69.9844,0.090708229
69.9875,0.090708507
69.9906,0.090708785
69.9938,0.090709063
69.9969,0.090709341
70,0.090709619
70.0031,0.090709897
70.0062,0.090710175
70.0094,0.090710452
70.0125,0.09071073
70.0156,0.090711008
70.0187,0.090711285
70.0218,0.090711563
70.0249,0.090711841
70.0281,0.090712118
70.0312,0.090712396
70.0343,0.090712673
70.0374,0.090712951
70.0405,0.090713228
70.0437,0.090713505
70.0468,0.090713783
70.0499,0.09071406
70.053,0.090714337
70.0561,0.090714614
70.0592,0.090714892
70.0624,0.090715169
70.0655,0.090715446
70.0686,0.090715723
70.0717,0.090716
70.0748,0.090716276
70.078,0.090716553
70.0811,0.09071683
70.0842,0.090717107
70.0873,0.090717383
70.0904,0.09071766
70.0935,0.090717937
70.0967,0.090718214
70.0998,0.09071849
70.1029,0.090718767
70.106,0.090719043
70.1091,0.09071932
70.1123,0.090719596
70.1154,0.090719872
70.1185,0.090720149
70.1216,0.090720425
70.1247,0.090720701
70.1278,0.090720977
70.131,0.090721254
70.1341,0.09072153
70.1372,0.090721806
70.1403,0.090722082
70.1434,0.090722358
70.1466,0.090722634
70.1497,0.09072291
70.1528,0.090723185
70.1559,0.090723461
70.159,0.090723737
70.1621,0.090724013
70.1653,0.090724289
70.1684,0.090724564
70.1715,0.09072484
70.1746,0.090725116
70.1777,0.090725391
70.1809,0.090725667
70.184,0.090725942
70.1871,0.090726218
70.1902,0.090726493
70.1933,0.090726768
70.1964,0.090727044
70.1996,0.090727319
70.2027,0.090727594
70.2058,0.09072787
70.2089,0.090728145
70.212,0.09072842
70.2152,0.090728695
70.2183,0.09072897
70.2214,0.090729245
70.2245,0.09072952
70.2276,0.090729795
70.2307,0.09073007
70.2339,0.090730345
70.237,0.090730619
70.2401,0.090730894
70.2432,0.090731169
70.2463,0.090731444
70.2495,0.090731718
70.2526,0.090731993
70.2557,0.090732267
70.2588,0.090732542
70.2619,0.090732816
70.265,0.09073309
70.2682,0.090733365
70.2713,0.090733639
70.2744,0.090733913
70.2775,0.090734188
70.2806,0.090734462
70.2838,0.090734736
70.2869,0.09073501
70.29,0.090735284
70.2931,0.090735558
70.2962,0.090735832
70.2993,0.090736106
70.3025,0.09073638
70.3056,0.090736654
70.3087,0.090736928
70.3118,0.090737202
70.3149,0.090737475
70.3181,0.090737749
70.3212,0.090738023
70.3243,0.090738296
70.3274,0.09073857
70.3305,0.090738844
70.3336,0.090739117
70.3368,0.090739391
70.3399,0.090739664
70.343,0.090739938
70.3461,0.090740211
70.3492,0.090740484
70.3524,0.090740758
70.3555,0.090741031
70.3586,0.090741304
70.3617,0.090741578
70.3648,0.090741851
70.3679,0.090742124
70.3711,0.090742397
70.3742,0.09074267
70.3773,0.090742943
70.3804,0.090743216
70.3835,0.090743489
70.3867,0.090743762
70.3898,0.090744035
70.3929,0.090744307
70.396,0.09074458
70.3991,0.090744853
70.4022,0.090745126
70.4054,0.090745398
70.4085,0.090745671
70.4116,0.090745944
70.4147,0.090746216
70.4178,0.090746488
70.421,0.090746761
70.4241,0.090747033
70.4272,0.090747306
70.4303,0.090747578
70.4334,0.09074785
70.4365,0.090748122
70.4397,0.090748394
70.4428,0.090748667
70.4459,0.090748939
70.449,0.090749211
70.4521,0.090749483
70.4553,0.090749755
70.4584,0.090750027
70.4615,0.090750299
70.4646,0.090750571
70.4677,0.090750842
70.4708,0.090751114
70.474,0.090751386
70.4771,0.090751657
70.4802,0.090751929
70.4833,0.090752201
70.4864,0.090752472
70.4896,0.090752744
70.4927,0.090753015
70.4958,0.090753287
70.4989,0.090753558
70.502,0.090753829
70.5051,0.090754101
70.5083,0.090754372
70.5114,0.090754643
70.5145,0.090754914
70.5176,0.090755186
70.5207,0.090755457
70.5239,0.090755728
70.527,0.090755999
70.5301,0.09075627
70.5332,0.090756541
70.5363,0.090756812
70.5394,0.090757082
70.5426,0.090757353
70.5457,0.090757624
70.5488,0.090757895
70.5519,0.090758165
70.555,0.090758436
70.5582,0.090758707
70.5613,0.090758977
70.5644,0.090759248
70.5675,0.090759518
70.5706,0.090759789
70.5737,0.090760059
70.5769,0.09076033
70.58,0.0907606
70.5831,0.09076087
70.5862,0.090761141
70.5893,0.090761411
70.5925,0.090761681
70.5956,0.090761951
70.5987,0.090762221
70.6018,0.090762491
70.6049,0.090762761
70.608,0.090763031
70.6112,0.090763301
70.6143,0.090763571
70.6174,0.090763841
70.6205,0.09076411
70.6236,0.09076438
70.6268,0.09076465
70.6299,0.09076492
70.633,0.090765189
70.6361,0.090765459
70.6392,0.090765728
70.6423,0.090765998
70.6455,0.090766267
70.6486,0.090766537
70.6517,0.090766806
70.6548,0.090767076
70.6579,0.090767345
70.6611,0.090767614
70.6642,0.090767883
70.6673,0.090768153
70.6704,0.090768422
70.6735,0.090768691
70.6766,0.09076896
70.6798,0.090769229
70.6829,0.090769498
70.686,0.090769767
70.6891,0.090770036
70.6922,0.090770305
70.6954,0.090770574
70.6985,0.090770843
70.7016,0.090771112
70.7047,0.09077138
70.7078,0.090771649
70.7109,0.090771918
70.7141,0.090772186
70.7172,0.090772455
70.7203,0.090772724
70.7234,0.090772992
70.7265,0.090773261
70.7297,0.090773529
70.7328,0.090773798
70.7359,0.090774066
70.739,0.090774334
70.7421,0.090774602
70.7452,0.090774871
70.7484,0.090775139
70.7515,0.090775407
70.7546,0.090775675
70.7577,0.090775943
70.7608,0.090776211
70.764,0.09077648
70.7671,0.090776748
70.7702,0.090777015
70.7733,0.090777283
70.7764,0.090777551
70.7795,0.090777819
70.7827,0.090778087
70.7858,0.090778354
70.7889,0.090778622
70.792,0.09077889
70.7951,0.090779157
70.7983,0.090779425
70.8014,0.090779692
70.8045,0.09077996
70.8076,0.090780227
70.8107,0.090780494
70.8138,0.090780762
70.817,0.090781029
70.8201,0.090781296
70.8232,0.090781563
70.8263,0.090781831
70.8294,0.090782098
70.8326,0.090782365
70.8357,0.090782632
70.8388,0.090782899
70.8419,0.090783166
70.845,0.090783433
70.8481,0.0907837
70.8513,0.090783967
70.8544,0.090784234
70.8575,0.0907845
70.8606,0.090784767
70.8637,0.090785034
70.8669,0.0907853
70.87,0.090785567
70.8731,0.090785834
70.8762,0.0907861
70.8793,0.090786367
70.8824,0.090786633
70.8856,0.0907869
70.8887,0.090787166
70.8918,0.090787432
70.8949,0.090787699
70.898,0.090787965
70.9012,0.090788231
70.9043,0.090788497
70.9074,0.090788764
70.9105,0.09078903
70.9136,0.090789296
70.9167,0.090789562
70.9199,0.090789828
70.923,0.090790094
70.9261,0.09079036
70.9292,0.090790626
70.9323,0.090790892
70.9355,0.090791158
70.9386,0.090791424
70.9417,0.090791689
70.9448,0.090791955
70.9479,0.090792221
70.951,0.090792486
70.9542,0.090792752
70.9573,0.090793017
70.9604,0.090793283
70.9635,0.090793548
70.9666,0.090793814
70.9698,0.090794079
70.9729,0.090794344
70.976,0.090794609
70.9791,0.090794875
70.9822,0.09079514
70.9853,0.090795405
70.9885,0.09079567
70.9916,0.090795935
70.9947,0.0907962
70.9978,0.090796465
71.0009,0.09079673
71.0041,0.090796995
71.0072,0.09079726
71.0103,0.090797525
71.0134,0.09079779
71.0165,0.090798055
71.0196,0.090798319
71.0228,0.090798584
71.0259,0.090798849
71.029,0.090799113
71.0321,0.090799378
71.0352,0.090799642
71.0384,0.090799907
71.0415,0.090800171
71.0446,0.090800436
71.0477,0.0908007
71.0508,0.090800964
71.0539,0.090801229
71.0571,0.090801493
71.0602,0.090801757
71.0633,0.090802022
71.0664,0.090802286
71.0695,0.09080255
71.0727,0.090802814
71.0758,0.090803078
71.0789,0.090803342
71.082,0.090803606
71.0851,0.09080387
71.0882,0.090804134
71.0914,0.090804398
71.0945,0.090804661
71.0976,0.090804925
71.1007,0.090805189
71.1038,0.090805452
71.107,0.090805716
71.1101,0.09080598
71.1132,0.090806243
71.1163,0.090806507
71.1194,0.09080677
71.1225,0.090807034
71.1257,0.090807297
71.1288,0.090807561
71.1319,0.090807824
71.135,0.090808087
71.1381,0.09080835
71.1413,0.090808614
71.1444,0.090808877
71.1475,0.09080914
71.1506,0.090809403
71.1537,0.090809666
71.1568,0.090809929
71.16,0.090810192
71.1631,0.090810455
71.1662,0.090810718
71.1693,0.09081098
71.1724,0.090811243
71.1756,0.090811506
71.1787,0.090811769
71.1818,0.090812031
71.1849,0.090812294
71.188,0.090812557
71.1911,0.090812819
71.1943,0.090813082
71.1974,0.090813344
71.2005,0.090813607
71.2036,0.090813869
71.2067,0.090814131
71.2099,0.090814394
71.213,0.090814656
71.2161,0.090814918
71.2192,0.09081518
71.2223,0.090815443
71.2254,0.090815705
71.2286,0.090815967
71.2317,0.090816229
71.2348,0.090816491
71.2379,0.090816753
71.241,0.090817015
71.2442,0.090817277
71.2473,0.090817539
71.2504,0.0908178
71.2535,0.090818062
71.2566,0.090818324
71.2597,0.090818586
71.2629,0.090818847
71.266,0.090819109
71.2691,0.09081937
71.2722,0.090819632
71.2753,0.090819894
71.2785,0.090820155
71.2816,0.090820417
71.2847,0.090820678
71.2878,0.090820939
71.2909,0.090821201
71.294,0.090821462
71.2972,0.090821723
71.3003,0.090821984
71.3034,0.090822245
71.3065,0.090822507
71.3096,0.090822768
71.3128,0.090823029
71.3159,0.09082329
71.319,0.090823551
71.3221,0.090823812
71.3252,0.090824072
71.3283,0.090824333
71.3315,0.090824594
71.3346,0.090824855
71.3377,0.090825115
71.3408,0.090825376
71.3439,0.090825637
71.3471,0.090825897
71.3502,0.090826158
71.3533,0.090826418
71.3564,0.090826679
71.3595,0.090826939
71.3626,0.090827199
71.3658,0.09082746
71.3689,0.09082772
71.372,0.09082798
71.3751,0.090828241
71.3782,0.090828501
71.3814,0.090828761
71.3845,0.090829021
71.3876,0.090829281
71.3907,0.090829541
71.3938,0.090829801
71.3969,0.090830061
71.4001,0.090830321
71.4032,0.090830581
71.4063,0.090830841
71.4094,0.090831101
71.4125,0.09083136
71.4157,0.09083162
71.4188,0.09083188
71.4219,0.09083214
71.425,0.090832399
71.4281,0.090832659
71.4312,0.090832918
71.4344,0.090833178
71.4375,0.090833437
71.4406,0.090833697
71.4437,0.090833956
71.4468,0.090834215
71.45,0.090834475
71.4531,0.090834734
71.4562,0.090834993
71.4593,0.090835253
71.4624,0.090835512
71.4655,0.090835771
71.4687,0.09083603
71.4718,0.090836289
71.4749,0.090836548
71.478,0.090836807
71.4811,0.090837066
71.4843,0.090837325
71.4874,0.090837584
71.4905,0.090837843
71.4936,0.090838101
71.4967,0.09083836
71.4998,0.090838619
71.503,0.090838877
71.5061,0.090839136
71.5092,0.090839394
71.5123,0.090839653
71.5154,0.090839911
71.5186,0.09084017
71.5217,0.090840428
71.5248,0.090840687
71.5279,0.090840945
71.531,0.090841203
71.5341,0.090841461
71.5373,0.09084172
71.5404,0.090841978
71.5435,0.090842236
71.5466,0.090842494
71.5497,0.090842752
71.5529,0.09084301
71.556,0.090843268
71.5591,0.090843526
71.5622,0.090843784
71.5653,0.090844042
71.5684,0.0908443
71.5716,0.090844557
71.5747,0.090844815
71.5778,0.090845073
71.5809,0.090845331
71.584,0.090845588
71.5872,0.090845846
71.5903,0.090846103
71.5934,0.090846361
71.5965,0.090846619
71.5996,0.090846876
71.6027,0.090847133
71.6059,0.090847391
71.609,0.090847648
71.6121,0.090847906
71.6152,0.090848163
71.6183,0.09084842
71.6215,0.090848678
71.6246,0.090848935
71.6277,0.090849192
71.6308,0.090849449
71.6339,0.090849706
71.637,0.090849963
71.6402,0.09085022
71.6433,0.090850477
71.6464,0.090850734
71.6495,0.090850991
71.6526,0.090851248
71.6558,0.090851504
71.6589,0.090851761
71.662,0.090852018
71.6651,0.090852275
71.6682,0.090852531
71.6713,0.090852788
71.6745,0.090853044
71.6776,0.090853301
71.6807,0.090853558
71.6838,0.090853814
71.6869,0.09085407
71.6901,0.090854327
71.6932,0.090854583
71.6963,0.090854839
71.6994,0.090855095
71.7025,0.090855352
71.7056,0.090855608
71.7088,0.090855864
71.7119,0.09085612
71.715,0.090856376
71.7181,0.090856632
71.7212,0.090856888
71.7244,0.090857144
71.7275,0.0908574
71.7306,0.090857656
71.7337,0.090857912
71.7368,0.090858168
71.7399,0.090858423
71.7431,0.090858679
71.7462,0.090858935
71.7493,0.09085919
71.7524,0.090859446
71.7555,0.090859701
71.7587,0.090859957
71.7618,0.090860212
71.7649,0.090860468
71.768,0.090860723
71.7711,0.090860978
71.7742,0.090861234
71.7774,0.090861489
71.7805,0.090861744
71.7836,0.090862
71.7867,0.090862255
71.7898,0.09086251
71.793,0.090862765
71.7961,0.09086302
71.7992,0.090863275
71.8023,0.09086353
71.8054,0.090863785
71.8085,0.09086404
71.8117,0.090864295
71.8148,0.09086455
71.8179,0.090864804
71.821,0.090865059
71.8241,0.090865314
71.8273,0.090865568
71.8304,0.090865823
71.8335,0.090866078
71.8366,0.090866332
71.8397,0.090866587
71.8428,0.090866841
71.846,0.090867096
71.8491,0.09086735
71.8522,0.090867605
71.8553,0.090867859
71.8584,0.090868113
71.8616,0.090868367
71.8647,0.090868622
71.8678,0.090868876
71.8709,0.09086913
71.874,0.090869384
71.8771,0.090869638
71.8803,0.090869892
71.8834,0.090870146
71.8865,0.0908704
71.8896,0.090870654
71.8927,0.090870908
71.8959,0.090871161
71.899,0.090871415
71.9021,0.090871669
71.9052,0.090871923
71.9083,0.090872176
71.9114,0.09087243
71.9146,0.090872683
71.9177,0.090872937
71.9208,0.09087319
71.9239,0.090873444
71.927,0.090873697
71.9302,0.090873951
71.9333,0.090874204
71.9364,0.090874457
71.9395,0.090874711
71.9426,0.090874964
71.9457,0.090875217
71.9489,0.09087547
71.952,0.090875723
71.9551,0.090875976
71.9582,0.09087623
71.9613,0.090876482
71.9645,0.090876735
71.9676,0.090876988
71.9707,0.090877241
71.9738,0.090877494
71.9769,0.090877747
71.98,0.090878
71.9832,0.090878252
71.9863,0.090878505
71.9894,0.090878758
71.9925,0.09087901
71.9956,0.090879263
71.9988,0.090879516
72.0019,0.090879768
72.005,0.090880021
72.0081,0.090880273
72.0112,0.090880526
72.0143,0.090880778
72.0175,0.09088103
72.0206,0.090881282
72.0237,0.090881535
72.0268,0.090881787
72.0299,0.090882039
72.0331,0.090882291
72.0362,0.090882543
72.0393,0.090882795
72.0424,0.090883047
72.0455,0.090883299
72.0486,0.090883551
72.0518,0.090883803
72.0549,0.090884055
72.058,0.090884306
72.0611,0.090884558
72.0642,0.09088481
72.0674,0.090885062
72.0705,0.090885313
72.0736,0.090885565
72.0767,0.090885816
72.0798,0.090886068
72.0829,0.090886319
72.0861,0.090886571
72.0892,0.090886822
72.0923,0.090887073
72.0954,0.090887325
72.0985,0.090887576
72.1017,0.090887827
72.1048,0.090888079
72.1079,0.09088833
72.111,0.090888581
72.1141,0.090888832
72.1172,0.090889083
72.1204,0.090889334
72.1235,0.090889585
72.1266,0.090889836
72.1297,0.090890087
72.1328,0.090890338
72.136,0.090890589
72.1391,0.09089084
72.1422,0.09089109
72.1453,0.090891341
72.1484,0.090891592
72.1515,0.090891843
72.1547,0.090892093
72.1578,0.090892344
72.1609,0.090892594
72.164,0.090892845
72.1671,0.090893095
72.1703,0.090893346
72.1734,0.090893596
72.1765,0.090893847
72.1796,0.090894097
72.1827,0.090894347
72.1858,0.090894598
72.189,0.090894848
72.1921,0.090895098
72.1952,0.090895348
72.1983,0.090895598
72.2014,0.090895848
72.2046,0.090896098
72.2077,0.090896349
72.2108,0.090896598
72.2139,0.090896848
72.217,0.090897098
72.2201,0.090897348
72.2233,0.090897598
72.2264,0.090897848
72.2295,0.090898097
72.2326,0.090898347
72.2357,0.090898597
72.2389,0.090898846
72.242,0.090899096
72.2451,0.090899346
72.2482,0.090899595
72.2513,0.090899844
72.2544,0.090900094
72.2576,0.090900343
72.2607,0.090900593
72.2638,0.090900842
72.2669,0.090901091
72.27,0.09090134
72.2732,0.09090159
72.2763,0.090901839
72.2794,0.090902088
72.2825,0.090902337
72.2856,0.090902586
72.2887,0.090902835
72.2919,0.090903084
72.295,0.090903333
72.2981,0.090903582
72.3012,0.090903831
72.3043,0.090904079
72.3075,0.090904328
72.3106,0.090904577
72.3137,0.090904826
72.3168,0.090905074
72.3199,0.090905323
72.323,0.090905572
72.3262,0.09090582
72.3293,0.090906069
72.3324,0.090906317
72.3355,0.090906566
72.3386,0.090906814
72.3418,0.090907062
72.3449,0.090907311
72.348,0.090907559
72.3511,0.090907808
72.3542,0.090908056
72.3573,0.090908304
72.3605,0.090908552
72.3636,0.0909088
72.3667,0.090909048
72.3698,0.090909296
72.3729,0.090909544
72.3761,0.090909792
72.3792,0.09091004
72.3823,0.090910288
72.3854,0.090910536
72.3885,0.090910784
72.3916,0.090911032
72.3948,0.090911279
72.3979,0.090911527
72.401,0.090911775
72.4041,0.090912022
72.4072,0.09091227
72.4104,0.090912517
72.4135,0.090912765
72.4166,0.090913013
72.4197,0.09091326
72.4228,0.090913507
72.4259,0.090913755
72.4291,0.090914002
72.4322,0.090914249
72.4353,0.090914497
72.4384,0.090914744
72.4415,0.090914991
72.4447,0.090915238
72.4478,0.090915485
72.4509,0.090915732
72.454,0.090915979
72.4571,0.090916226
72.4602,0.090916473
72.4634,0.09091672
72.4665,0.090916967
72.4696,0.090917214
72.4727,0.090917461
72.4758,0.090917708
72.479,0.090917954
72.4821,0.090918201
72.4852,0.090918447
72.4883,0.090918694
72.4914,0.090918941
72.4945,0.090919187
72.4977,0.090919434
72.5008,0.09091968
72.5039,0.090919927
72.507,0.090920173
72.5101,0.09092042
72.5133,0.090920666
72.5164,0.090920912
72.5195,0.090921159
72.5226,0.090921405
72.5257,0.090921651
72.5288,0.090921897
72.532,0.090922143
72.5351,0.090922389
72.5382,0.090922635
72.5413,0.090922881
72.5444,0.090923127
72.5476,0.090923373
72.5507,0.090923619
72.5538,0.090923865
72.5569,0.090924111
72.56,0.090924356
72.5631,0.090924602
72.5663,0.090924848
72.5694,0.090925094
72.5725,0.090925339
72.5756,0.090925585
72.5787,0.090925831
72.5819,0.090926076
72.585,0.090926322
72.5881,0.090926567
72.5912,0.090926813
72.5943,0.090927058
72.5974,0.090927304
72.6006,0.090927549
72.6037,0.090927794
72.6068,0.090928039
72.6099,0.090928284
72.613,0.090928529
72.6162,0.090928775
72.6193,0.09092902
72.6224,0.090929265
72.6255,0.09092951
72.6286,0.090929755
72.6317,0.090929999
72.6349,0.090930244
72.638,0.090930489
72.6411,0.090930734
72.6442,0.090930979
72.6473,0.090931223
72.6505,0.090931468
72.6536,0.090931713
72.6567,0.090931957
72.6598,0.090932202
72.6629,0.090932446
72.666,0.090932691
72.6692,0.090932936
72.6723,0.09093318
72.6754,0.090933424
72.6785,0.090933669
72.6816,0.090933913
72.6848,0.090934157
72.6879,0.090934401
72.691,0.090934646
72.6941,0.09093489
72.6972,0.090935134
72.7003,0.090935378
72.7035,0.090935622
72.7066,0.090935866
72.7097,0.09093611
72.7128,0.090936354
72.7159,0.090936598
72.7191,0.090936842
72.7222,0.090937086
72.7253,0.090937329
72.7284,0.090937573
72.7315,0.090937817
72.7346,0.090938061
72.7378,0.090938304
72.7409,0.090938548
72.744,0.090938792
72.7471,0.090939035
72.7502,0.090939279
72.7534,0.090939522
72.7565,0.090939766
72.7596,0.090940009
72.7627,0.090940253
72.7658,0.090940496
72.7689,0.090940739
72.7721,0.090940983
72.7752,0.090941226
72.7783,0.090941469
72.7814,0.090941712
72.7845,0.090941955
72.7877,0.090942199
72.7908,0.090942442
72.7939,0.090942685
72.797,0.090942928
72.8001,0.09094317
72.8032,0.090943413
72.8064,0.090943656
72.8095,0.090943899
72.8126,0.090944142
72.8157,0.090944385
72.8188,0.090944627
72.822,0.09094487
72.8251,0.090945112
72.8282,0.090945355
72.8313,0.090945598
72.8344,0.09094584
72.8375,0.090946083
72.8407,0.090946325
72.8438,0.090946568
72.8469,0.09094681
72.85,0.090947052
72.8531,0.090947295
72.8563,0.090947537
72.8594,0.090947779
72.8625,0.090948021
72.8656,0.090948264
72.8687,0.090948506
72.8718,0.090948748
72.875,0.09094899
72.8781,0.090949232
72.8812,0.090949474
72.8843,0.090949716
72.8874,0.090949958
72.8906,0.0909502
72.8937,0.090950442
72.8968,0.090950683
72.8999,0.090950925
72.903,0.090951167
72.9061,0.090951408
72.9093,0.09095165
72.9124,0.090951892
72.9155,0.090952133
72.9186,0.090952375
72.9217,0.090952616
72.9249,0.090952858
72.928,0.090953099
72.9311,0.090953341
72.9342,0.090953582
72.9373,0.090953824
72.9404,0.090954065
72.9436,0.090954306
72.9467,0.090954547
72.9498,0.090954789
72.9529,0.09095503
72.956,0.090955271
72.9592,0.090955512
72.9623,0.090955753
72.9654,0.090955994
72.9685,0.090956235
72.9716,0.090956476
72.9747,0.090956717
72.9779,0.090956958
72.981,0.090957199
72.9841,0.090957439
72.9872,0.09095768
72.9903,0.090957921
72.9935,0.090958162
72.9966,0.090958402
72.9997,0.090958643
73.0028,0.090958883
73.0059,0.090959124
73.009,0.090959364
73.0122,0.090959605
73.0153,0.090959845
73.0184,0.090960085
73.0215,0.090960326
73.0246,0.090960566
73.0278,0.090960806
73.0309,0.090961047
73.034,0.090961287
73.0371,0.090961527
73.0402,0.090961767
73.0433,0.090962007
73.0465,0.090962247
73.0496,0.090962487
73.0527,0.090962727
73.0558,0.090962967
73.0589,0.090963207
73.0621,0.090963447
73.0652,0.090963687
73.0683,0.090963927
73.0714,0.090964167
73.0745,0.090964406
73.0776,0.090964646
73.0808,0.090964886
73.0839,0.090965126
73.087,0.090965365
73.0901,0.090965605
73.0932,0.090965844
73.0964,0.090966084
73.0995,0.090966323
73.1026,0.090966563
73.1057,0.090966802
73.1088,0.090967041
73.1119,0.090967281
73.1151,0.09096752
73.1182,0.090967759
73.1213,0.090967999
73.1244,0.090968238
73.1275,0.090968477
73.1307,0.090968716
73.1338,0.090968955
73.1369,0.090969194
73.14,0.090969433
73.1431,0.090969672
73.1462,0.090969911
73.1494,0.09097015
73.1525,0.090970389
73.1556,0.090970628
73.1587,0.090970866
73.1618,0.090971105
73.165,0.090971344
73.1681,0.090971583
73.1712,0.090971821
73.1743,0.09097206
73.1774,0.090972299
73.1805,0.090972537
73.1837,0.090972776
73.1868,0.090973014
73.1899,0.090973253
73.193,0.090973491
73.1961,0.090973729
73.1993,0.090973968
73.2024,0.090974206
73.2055,0.090974444
73.2086,0.090974682
73.2117,0.09097492
73.2148,0.090975158
73.218,0.090975396
73.2211,0.090975634
73.2242,0.090975872
73.2273,0.09097611
73.2304,0.090976348
73.2336,0.090976586
73.2367,0.090976824
73.2398,0.090977062
73.2429,0.0909773
73.246,0.090977538
73.2491,0.090977775
73.2523,0.090978013
73.2554,0.090978251
73.2585,0.090978488
73.2616,0.090978726
73.2647,0.090978964
73.2679,0.090979201
73.271,0.090979439
73.2741,0.090979676
73.2772,0.090979913
73.2803,0.090980151
73.2834,0.090980388
73.2866,0.090980625
73.2897,0.090980863
73.2928,0.0909811
73.2959,0.090981337
73.299,0.090981574
73.3022,0.090981812
73.3053,0.090982049
73.3084,0.090982286
73.3115,0.090982523
73.3146,0.09098276
73.3177,0.090982997
73.3209,0.090983234
73.324,0.090983471
73.3271,0.090983707
73.3302,0.090983944
73.3333,0.090984181
73.3365,0.090984418
73.3396,0.090984655
73.3427,0.090984891
73.3458,0.090985128
73.3489,0.090985365
73.352,0.090985601
73.3552,0.090985838
73.3583,0.090986074
73.3614,0.090986311
73.3645,0.090986547
73.3676,0.090986784
73.3708,0.09098702
73.3739,0.090987256
73.377,0.090987493
73.3801,0.090987729
73.3832,0.090987965
73.3863,0.090988201
73.3895,0.090988437
73.3926,0.090988673
73.3957,0.090988909
73.3988,0.090989145
73.4019,0.090989381
73.4051,0.090989617
73.4082,0.090989853
73.4113,0.090990089
73.4144,0.090990325
73.4175,0.090990561
73.4206,0.090990796
73.4238,0.090991032
73.4269,0.090991268
73.43,0.090991504
73.4331,0.090991739
73.4362,0.090991975
73.4394,0.09099221
73.4425,0.090992446
73.4456,0.090992681
73.4487,0.090992917
73.4518,0.090993152
73.4549,0.090993388
73.4581,0.090993623
73.4612,0.090993858
73.4643,0.090994094
73.4674,0.090994329
73.4705,0.090994564
73.4737,0.090994799
73.4768,0.090995035
73.4799,0.09099527
73.483,0.090995505
73.4861,0.09099574
73.4892,0.090995975
73.4924,0.09099621
73.4955,0.090996445
73.4986,0.09099668
73.5017,0.090996915
73.5048,0.090997149
73.508,0.090997384
73.5111,0.090997619
73.5142,0.090997854
73.5173,0.090998089
73.5204,0.090998323
73.5235,0.090998558
73.5267,0.090998792
73.5298,0.090999027
73.5329,0.090999262
73.536,0.090999496
73.5391,0.090999731
73.5423,0.090999965
73.5454,0.091000199
73.5485,0.091000434
73.5516,0.091000668
73.5547,0.091000902
73.5578,0.091001136
73.561,0.091001371
73.5641,0.091001605
73.5672,0.091001839
73.5703,0.091002073
73.5734,0.091002307
73.5766,0.091002541
73.5797,0.091002775
73.5828,0.091003009
73.5859,0.091003243
73.589,0.091003477
73.5921,0.091003711
73.5953,0.091003944
73.5984,0.091004178
73.6015,0.091004412
73.6046,0.091004646
73.6077,0.091004879
73.6109,0.091005113
73.614,0.091005346
73.6171,0.09100558
73.6202,0.091005814
73.6233,0.091006047
73.6264,0.09100628
73.6296,0.091006514
73.6327,0.091006747
73.6358,0.091006981
73.6389,0.091007214
73.642,0.091007447
73.6452,0.09100768
73.6483,0.091007914
73.6514,0.091008147
73.6545,0.09100838
73.6576,0.091008613
73.6607,0.091008846
73.6639,0.09100908
73.667,0.091009312
73.6701,0.091009545
73.6732,0.091009778
73.6763,0.091010011
73.6795,0.091010244
73.6826,0.091010477
73.6857,0.09101071
73.6888,0.091010943
73.6919,0.091011175
73.695,0.091011408
73.6982,0.091011641
73.7013,0.091011874
73.7044,0.091012106
73.7075,0.091012339
73.7106,0.091012571
73.7138,0.091012804
73.7169,0.091013036
73.72,0.091013269
73.7231,0.091013501
73.7262,0.091013733
73.7293,0.091013966
73.7325,0.091014198
73.7356,0.09101443
73.7387,0.091014663
73.7418,0.091014895
73.7449,0.091015127
73.7481,0.091015359
73.7512,0.091015591
73.7543,0.091015823
73.7574,0.091016055
73.7605,0.091016287
73.7636,0.091016519
73.7668,0.091016751
73.7699,0.091016983
73.773,0.091017215
73.7761,0.091017447
73.7792,0.091017678
73.7824,0.09101791
73.7855,0.091018142
73.7886,0.091018373
73.7917,0.091018605
73.7948,0.091018836
73.7979,0.091019068
73.8011,0.091019299
73.8042,0.091019531
73.8073,0.091019762
73.8104,0.091019994
73.8135,0.091020225
73.8167,0.091020456
73.8198,0.091020688
73.8229,0.091020919
73.826,0.09102115
73.8291,0.091021381
73.8322,0.091021613
73.8354,0.091021844
73.8385,0.091022075
73.8416,0.091022306
73.8447,0.091022537
73.8478,0.091022768
73.851,0.091022999
73.8541,0.09102323
73.8572,0.091023461
73.8603,0.091023692
73.8634,0.091023923
73.8665,0.091024153
73.8697,0.091024384
73.8728,0.091024615
73.8759,0.091024846
73.879,0.091025076
73.8821,0.091025307
73.8853,0.091025538
73.8884,0.091025768
73.8915,0.091025999
73.8946,0.091026229
73.8977,0.09102646
73.9008,0.09102669
73.904,0.09102692
73.9071,0.091027151
73.9102,0.091027381
73.9133,0.091027611
73.9164,0.091027842
73.9196,0.091028072
73.9227,0.091028302
73.9258,0.091028532
73.9289,0.091028762
73.932,0.091028993
73.9351,0.091029223
73.9383,0.091029452
73.9414,0.091029683
73.9445,0.091029913
73.9476,0.091030142
73.9507,0.091030372
73.9539,0.091030602
73.957,0.091030832
73.9601,0.091031062
73.9632,0.091031291
73.9663,0.091031521
73.9694,0.091031751
73.9726,0.09103198
73.9757,0.09103221
73.9788,0.09103244
73.9819,0.091032669
73.985,0.091032899
73.9882,0.091033128
73.9913,0.091033357
73.9944,0.091033587
73.9975,0.091033816
74.0006,0.091034046
74.0037,0.091034275
74.0069,0.091034504
74.01,0.091034733
74.0131,0.091034962
74.0162,0.091035192
74.0193,0.091035421
74.0225,0.09103565
74.0256,0.091035879
74.0287,0.091036108
74.0318,0.091036337
74.0349,0.091036566
74.038,0.091036795
74.0412,0.091037023
74.0443,0.091037252
74.0474,0.091037481
74.0505,0.09103771
74.0536,0.091037939
74.0568,0.091038167
74.0599,0.091038396
74.063,0.091038625
74.0661,0.091038853
74.0692,0.091039082
74.0723,0.09103931
74.0755,0.091039539
74.0786,0.091039767
74.0817,0.091039996
74.0848,0.091040224
74.0879,0.091040452
74.0911,0.091040681
74.0942,0.091040909
74.0973,0.091041137
74.1004,0.091041365
74.1035,0.091041594
74.1066,0.091041822
74.1098,0.09104205
74.1129,0.091042278
74.116,0.091042506
74.1191,0.091042734
74.1222,0.091042962
74.1254,0.09104319
74.1285,0.091043418
74.1316,0.091043646
74.1347,0.091043874
74.1378,0.091044102
74.1409,0.091044329
74.1441,0.091044557
74.1472,0.091044785
74.1503,0.091045013
74.1534,0.09104524
74.1565,0.091045468
74.1597,0.091045695
74.1628,0.091045923
74.1659,0.091046151
74.169,0.091046378
74.1721,0.091046605
74.1752,0.091046833
74.1784,0.09104706
74.1815,0.091047287
74.1846,0.091047515
74.1877,0.091047742
74.1908,0.091047969
74.194,0.091048196
74.1971,0.091048424
74.2002,0.091048651
74.2033,0.091048878
74.2064,0.091049105
74.2095,0.091049332
74.2127,0.091049559
74.2158,0.091049786
74.2189,0.091050013
74.222,0.09105024
74.2251,0.091050467
74.2283,0.091050694
74.2314,0.09105092
74.2345,0.091051147
74.2376,0.091051374
74.2407,0.091051601
74.2438,0.091051827
74.247,0.091052054
74.2501,0.091052281
74.2532,0.091052507
74.2563,0.091052734
74.2594,0.09105296
74.2626,0.091053187
74.2657,0.091053413
74.2688,0.09105364
74.2719,0.091053866
74.275,0.091054092
74.2781,0.091054319
74.2813,0.091054545
74.2844,0.091054771
74.2875,0.091054997
74.2906,0.091055224
74.2937,0.09105545
74.2969,0.091055676
74.3,0.091055902
74.3031,0.091056128
74.3062,0.091056354
74.3093,0.09105658
74.3124,0.091056806
74.3156,0.091057032
74.3187,0.091057258
74.3218,0.091057484
74.3249,0.091057709
74.328,0.091057935
74.3312,0.091058161
74.3343,0.091058387
74.3374,0.091058612
74.3405,0.091058838
74.3436,0.091059063
74.3467,0.091059289
74.3499,0.091059515
74.353,0.09105974
74.3561,0.091059966
74.3592,0.091060191
74.3623,0.091060416
74.3655,0.091060642
74.3686,0.091060867
74.3717,0.091061092
74.3748,0.091061318
74.3779,0.091061543
74.381,0.091061768
74.3842,0.091061993
74.3873,0.091062218
74.3904,0.091062443
74.3935,0.091062668
74.3966,0.091062893
74.3998,0.091063118
74.4029,0.091063343
74.406,0.091063568
74.4091,0.091063793
74.4122,0.091064018
74.4153,0.091064243
74.4185,0.091064467
74.4216,0.091064692
74.4247,0.091064917
74.4278,0.091065142
74.4309,0.091065366
74.4341,0.091065591
74.4372,0.091065815
74.4403,0.09106604
74.4434,0.091066264
74.4465,0.091066489
74.4496,0.091066713
74.4528,0.091066938
74.4559,0.091067162
74.459,0.091067387
74.4621,0.091067611
74.4652,0.091067835
74.4684,0.091068059
74.4715,0.091068284
74.4746,0.091068508
74.4777,0.091068732
74.4808,0.091068956
74.4839,0.09106918
74.4871,0.091069404
74.4902,0.091069628
74.4933,0.091069852
74.4964,0.091070076
74.4995,0.0910703
74.5027,0.091070524
74.5058,0.091070748
74.5089,0.091070972
74.512,0.091071196
74.5151,0.091071419
74.5182,0.091071643
74.5214,0.091071867
74.5245,0.09107209
74.5276,0.091072314
74.5307,0.091072538
74.5338,0.091072761
74.537,0.091072985
74.5401,0.091073208
74.5432,0.091073432
74.5463,0.091073655
74.5494,0.091073878
74.5525,0.091074102
74.5557,0.091074325
74.5588,0.091074549
74.5619,0.091074772
74.565,0.091074995
74.5681,0.091075218
74.5713,0.091075441
74.5744,0.091075664
74.5775,0.091075887
74.5806,0.09107611
74.5837,0.091076333
74.5868,0.091076556
74.59,0.091076779
74.5931,0.091077002
74.5962,0.091077225
74.5993,0.091077448
74.6024,0.091077671
74.6056,0.091077894
74.6087,0.091078116
74.6118,0.091078339
74.6149,0.091078562
74.618,0.091078784
74.6211,0.091079007
74.6243,0.09107923
74.6274,0.091079452
74.6305,0.091079675
74.6336,0.091079897
74.6367,0.09108012
74.6399,0.091080342
74.643,0.091080565
74.6461,0.091080787
74.6492,0.091081009
74.6523,0.091081232
74.6554,0.091081454
74.6586,0.091081676
74.6617,0.091081898
74.6648,0.091082121
74.6679,0.091082343
74.671,0.091082565
74.6742,0.091082787
74.6773,0.091083009
74.6804,0.091083231
74.6835,0.091083453
74.6866,0.091083675
74.6897,0.091083897
74.6929,0.091084119
74.696,0.09108434
74.6991,0.091084562
74.7022,0.091084784
74.7053,0.091085006
74.7085,0.091085228
74.7116,0.091085449
74.7147,0.091085671
74.7178,0.091085893
74.7209,0.091086114
74.724,0.091086336
74.7272,0.091086557
74.7303,0.091086779
74.7334,0.091087
74.7365,0.091087222
74.7396,0.091087443
74.7428,0.091087664
74.7459,0.091087886
74.749,0.091088107
74.7521,0.091088328
74.7552,0.091088549
74.7583,0.091088771
74.7615,0.091088992
74.7646,0.091089213
74.7677,0.091089434
74.7708,0.091089655
74.7739,0.091089876
74.7771,0.091090097
74.7802,0.091090318
74.7833,0.091090539
74.7864,0.09109076
74.7895,0.091090981
74.7926,0.091091201
74.7958,0.091091422
74.7989,0.091091643
74.802,0.091091863
74.8051,0.091092084
74.8082,0.091092305
74.8114,0.091092525
74.8145,0.091092746
74.8176,0.091092966
74.8207,0.091093187
74.8238,0.091093408
74.8269,0.091093628
74.8301,0.091093849
74.8332,0.091094069
74.8363,0.091094289
74.8394,0.09109451
74.8425,0.09109473
74.8457,0.09109495
74.8488,0.09109517
74.8519,0.091095391
74.855,0.091095611
74.8581,0.091095831
74.8612,0.091096051
74.8644,0.091096271
74.8675,0.091096491
74.8706,0.091096711
74.8737,0.091096931
74.8768,0.091097151
74.88,0.091097371
74.8831,0.091097591
74.8862,0.091097811
74.8893,0.09109803
74.8924,0.09109825
74.8955,0.09109847
74.8987,0.09109869
74.9018,0.09109891
74.9049,0.091099129
74.908,0.091099349
74.9111,0.091099568
74.9143,0.091099788
74.9174,0.091100007
74.9205,0.091100227
74.9236,0.091100446
74.9267,0.091100666
74.9298,0.091100885
74.933,0.091101105
74.9361,0.091101324
74.9392,0.091101543
74.9423,0.091101762
74.9454,0.091101982
74.9485,0.091102201
74.9517,0.09110242
74.9548,0.091102639
74.9579,0.091102858
74.961,0.091103077
74.9641,0.091103296
74.9673,0.091103515
74.9704,0.091103734
74.9735,0.091103953
74.9766,0.091104172
74.9797,0.091104391
74.9828,0.09110461
74.986,0.091104828
74.9891,0.091105047
74.9922,0.091105266
74.9953,0.091105485
74.9984,0.091105703
75.0016,0.091105922
75.0047,0.091106141
75.0078,0.091106359
75.0109,0.091106578
75.014,0.091106796
75.0172,0.091107015
75.0203,0.091107233
75.0234,0.091107451
75.0265,0.09110767
75.0296,0.091107888
75.0327,0.091108106
75.0359,0.091108325
75.039,0.091108543
75.0421,0.091108761
75.0452,0.091108979
75.0483,0.091109197
75.0515,0.091109415
75.0546,0.091109634
75.0577,0.091109852
75.0608,0.09111007
75.0639,0.091110288
75.067,0.091110506
75.0702,0.091110724
75.0733,0.091110941
75.0764,0.091111159
75.0795,0.091111377
75.0826,0.091111595
75.0857,0.091111813
75.0889,0.09111203
75.092,0.091112248
75.0951,0.091112466
75.0982,0.091112683
75.1013,0.091112901
75.1045,0.091113119
75.1076,0.091113336
75.1107,0.091113554
75.1138,0.091113771
75.1169,0.091113989
75.12,0.091114206
75.1232,0.091114423
75.1263,0.091114641
75.1294,0.091114858
75.1325,0.091115076
75.1356,0.091115293
75.1388,0.09111551
75.1419,0.091115727
75.145,0.091115944
75.1481,0.091116162
75.1512,0.091116379
75.1543,0.091116596
75.1575,0.091116813
75.1606,0.09111703
75.1637,0.091117247
75.1668,0.091117463
75.1699,0.09111768
75.1731,0.091117897
75.1762,0.091118114
75.1793,0.091118331
75.1824,0.091118548
75.1855,0.091118764
75.1886,0.091118981
75.1918,0.091119198
75.1949,0.091119414
75.198,0.091119631
75.2011,0.091119847
75.2042,0.091120064
75.2074,0.09112028
75.2105,0.091120497
75.2136,0.091120713
75.2167,0.09112093
75.2198,0.091121146
75.2229,0.091121362
75.2261,0.091121579
75.2292,0.091121795
75.2323,0.091122011
75.2354,0.091122227
75.2385,0.091122444
75.2417,0.09112266
75.2448,0.091122876
75.2479,0.091123092
75.251,0.091123308
75.2541,0.091123524
75.2572,0.09112374
75.2604,0.091123956
75.2635,0.091124172
75.2666,0.091124388
75.2697,0.091124604
75.2728,0.09112482
75.276,0.091125035
75.2791,0.091125251
75.2822,0.091125467
75.2853,0.091125683
75.2884,0.091125898
75.2915,0.091126114
75.2947,0.09112633
75.2978,0.091126545
75.3009,0.091126761
75.304,0.091126976
75.3071,0.091127192
75.3103,0.091127407
75.3134,0.091127623
75.3165,0.091127838
75.3196,0.091128053
75.3227,0.091128269
75.3258,0.091128484
75.329,0.091128699
75.3321,0.091128915
75.3352,0.09112913
75.3383,0.091129345
75.3414,0.09112956
75.3446,0.091129775
75.3477,0.09112999
75.3508,0.091130205
75.3539,0.091130421
75.357,0.091130636
75.3601,0.09113085
75.3633,0.091131065
75.3664,0.09113128
75.3695,0.091131495
75.3726,0.09113171
75.3757,0.091131925
75.3789,0.09113214
75.382,0.091132354
75.3851,0.091132569
75.3882,0.091132783
75.3913,0.091132998
75.3944,0.091133213
75.3976,0.091133427
75.4007,0.091133642
75.4038,0.091133856
75.4069,0.091134071
75.41,0.091134285
75.4132,0.091134499
75.4163,0.091134714
75.4194,0.091134928
75.4225,0.091135143
75.4256,0.091135357
75.4287,0.091135571
75.4319,0.091135785
75.435,0.091135999
75.4381,0.091136213
75.4412,0.091136428
75.4443,0.091136642
75.4475,0.091136856
75.4506,0.09113707
75.4537,0.091137284
75.4568,0.091137498
75.4599,0.091137712
75.463,0.091137926
75.4662,0.09113814
75.4693,0.091138353
75.4724,0.091138567
75.4755,0.091138781
75.4786,0.091138995
75.4818,0.091139208
75.4849,0.091139422
75.488,0.091139636
75.4911,0.091139849
75.4942,0.091140063
75.4973,0.091140276
75.5005,0.09114049
75.5036,0.091140703
75.5067,0.091140917
75.5098,0.09114113
75.5129,0.091141344
75.5161,0.091141557
75.5192,0.091141771
75.5223,0.091141984
75.5254,0.091142197
75.5285,0.09114241
75.5316,0.091142624
75.5348,0.091142837
75.5379,0.09114305
75.541,0.091143263
75.5441,0.091143476
75.5472,0.091143689
75.5504,0.091143902
75.5535,0.091144115
75.5566,0.091144328
75.5597,0.091144541
75.5628,0.091144754
75.5659,0.091144967
75.5691,0.09114518
75.5722,0.091145393
75.5753,0.091145605
75.5784,0.091145818
75.5815,0.091146031
75.5847,0.091146244
75.5878,0.091146456
75.5909,0.091146669
75.594,0.091146881
75.5971,0.091147094
75.6002,0.091147306
75.6034,0.091147519
75.6065,0.091147731
75.6096,0.091147944
75.6127,0.091148156
75.6158,0.091148368
75.619,0.091148581
75.6221,0.091148793
75.6252,0.091149005
75.6283,0.091149217
75.6314,0.09114943
75.6345,0.091149642
75.6377,0.091149854
75.6408,0.091150066
75.6439,0.091150278
75.647,0.09115049
75.6501,0.091150702
75.6533,0.091150914
75.6564,0.091151126
75.6595,0.091151338
75.6626,0.09115155
75.6657,0.091151762
75.6688,0.091151973
75.672,0.091152185
75.6751,0.091152397
75.6782,0.091152609
75.6813,0.09115282
75.6844,0.091153032
75.6876,0.091153244
75.6907,0.091153455
75.6938,0.091153667
75.6969,0.091153878
75.7,0.09115409
75.7031,0.091154302
75.7063,0.091154513
75.7094,0.091154724
75.7125,0.091154936
75.7156,0.091155147
75.7187,0.091155359
75.7219,0.09115557
75.725,0.091155781
75.7281,0.091155992
75.7312,0.091156204
75.7343,0.091156415
75.7374,0.091156626
75.7406,0.091156837
75.7437,0.091157048
75.7468,0.091157259
75.7499,0.09115747
75.753,0.091157681
75.7562,0.091157892
75.7593,0.091158103
75.7624,0.091158314
75.7655,0.091158525
75.7686,0.091158736
75.7717,0.091158946
75.7749,0.091159157
75.778,0.091159368
75.7811,0.091159579
75.7842,0.091159789
75.7873,0.09116
75.7905,0.091160211
75.7936,0.091160421
75.7967,0.091160632
75.7998,0.091160842
75.8029,0.091161053
75.806,0.091161263
75.8092,0.091161474
75.8123,0.091161684
75.8154,0.091161894
75.8185,0.091162104
75.8216,0.091162315
75.8248,0.091162525
75.8279,0.091162735
75.831,0.091162945
75.8341,0.091163155
75.8372,0.091163366
75.8403,0.091163576
75.8435,0.091163786
75.8466,0.091163996
75.8497,0.091164206
75.8528,0.091164416
75.8559,0.091164626
75.8591,0.091164836
75.8622,0.091165045
75.8653,0.091165255
75.8684,0.091165465
75.8715,0.091165675
75.8746,0.091165885
75.8778,0.091166095
75.8809,0.091166304
75.884,0.091166514
75.8871,0.091166724
75.8902,0.091166933
75.8934,0.091167143
75.8965,0.091167352
75.8996,0.091167562
75.9027,0.091167771
75.9058,0.091167981
75.9089,0.09116819
75.9121,0.091168399
75.9152,0.091168609
75.9183,0.091168818
75.9214,0.091169028
75.9245,0.091169237
75.9277,0.091169446
75.9308,0.091169655
75.9339,0.091169865
75.937,0.091170074
75.9401,0.091170283
75.9432,0.091170492
75.9464,0.091170701
75.9495,0.09117091
75.9526,0.091171119
75.9557,0.091171328
75.9588,0.091171537
75.962,0.091171746
75.9651,0.091171955
75.9682,0.091172163
75.9713,0.091172372
75.9744,0.091172581
75.9775,0.09117279
75.9807,0.091172999
75.9838,0.091173207
75.9869,0.091173416
75.99,0.091173624
75.9931,0.091173833
75.9963,0.091174042
75.9994,0.09117425
76.0025,0.091174459
76.0056,0.091174667
76.0087,0.091174876
76.0118,0.091175084
76.015,0.091175292
76.0181,0.091175501
76.0212,0.091175709
76.0243,0.091175917
76.0274,0.091176125
76.0306,0.091176334
76.0337,0.091176542
76.0368,0.09117675
76.0399,0.091176958
76.043,0.091177166
76.0461,0.091177374
76.0493,0.091177582
76.0524,0.09117779
76.0555,0.091177998
76.0586,0.091178206
76.0617,0.091178414
76.0649,0.091178622
76.068,0.09117883
76.0711,0.091179038
76.0742,0.091179246
76.0773,0.091179453
76.0804,0.091179661
76.0836,0.091179869
76.0867,0.091180076
76.0898,0.091180284
76.0929,0.091180492
76.096,0.091180699
76.0992,0.091180907
76.1023,0.091181114
76.1054,0.091181322
76.1085,0.091181529
76.1116,0.091181737
76.1147,0.091181944
76.1179,0.091182152
76.121,0.091182359
76.1241,0.091182566
76.1272,0.091182773
76.1303,0.091182981
76.1335,0.091183188
76.1366,0.091183395
76.1397,0.091183602
76.1428,0.091183809
76.1459,0.091184017
76.149,0.091184224
76.1522,0.091184431
76.1553,0.091184638
76.1584,0.091184845
76.1615,0.091185052
76.1646,0.091185259
76.1678,0.091185465
76.1709,0.091185672
76.174,0.091185879
76.1771,0.091186086
76.1802,0.091186293
76.1833,0.0911865
76.1865,0.091186706
76.1896,0.091186913
76.1927,0.091187119
76.1958,0.091187326
76.1989,0.091187533
76.2021,0.091187739
76.2052,0.091187946
76.2083,0.091188152
76.2114,0.091188359
76.2145,0.091188565
76.2176,0.091188772
76.2208,0.091188978
76.2239,0.091189184
76.227,0.091189391
76.2301,0.091189597
76.2332,0.091189803
76.2364,0.091190009
76.2395,0.091190216
76.2426,0.091190422
76.2457,0.091190628
76.2488,0.091190834
76.2519,0.09119104
76.2551,0.091191246
76.2582,0.091191452
76.2613,0.091191658
76.2644,0.091191864
76.2675,0.09119207
76.2707,0.091192275
76.2738,0.091192481
76.2769,0.091192687
76.28,0.091192893
76.2831,0.091193099
76.2862,0.091193304
76.2894,0.09119351
76.2925,0.091193716
76.2956,0.091193921
76.2987,0.091194127
76.3018,0.091194333
76.305,0.091194538
76.3081,0.091194744
76.3112,0.091194949
76.3143,0.091195155
76.3174,0.09119536
76.3205,0.091195565
76.3237,0.091195771
76.3268,0.091195976
76.3299,0.091196181
76.333,0.091196387
76.3361,0.091196592
76.3393,0.091196797
76.3424,0.091197002
76.3455,0.091197207
76.3486,0.091197413
76.3517,0.091197618
76.3548,0.091197823
76.358,0.091198028
76.3611,0.091198233
76.3642,0.091198438
76.3673,0.091198643
76.3704,0.091198848
76.3736,0.091199053
76.3767,0.091199257
76.3798,0.091199462
76.3829,0.091199667
76.386,0.091199872
76.3891,0.091200077
76.3923,0.091200281
76.3954,0.091200486
76.3985,0.091200691
76.4016,0.091200895
76.4047,0.0912011
76.4079,0.091201304
76.411,0.091201509
76.4141,0.091201713
76.4172,0.091201918
76.4203,0.091202122
76.4234,0.091202327
76.4266,0.091202531
76.4297,0.091202736
76.4328,0.09120294
76.4359,0.091203144
76.439,0.091203348
76.4422,0.091203553
76.4453,0.091203757
76.4484,0.091203961
76.4515,0.091204165
76.4546,0.091204369
76.4577,0.091204573
76.4609,0.091204777
76.464,0.091204981
76.4671,0.091205185
76.4702,0.091205389
76.4733,0.091205593
76.4765,0.091205797
76.4796,0.091206001
76.4827,0.091206204
76.4858,0.091206408
76.4889,0.091206612
76.492,0.091206816
76.4952,0.09120702
76.4983,0.091207223
76.5014,0.091207427
76.5045,0.09120763
76.5076,0.091207834
76.5108,0.091208037
76.5139,0.091208241
76.517,0.091208444
76.5201,0.091208648
76.5232,0.091208851
76.5263,0.091209055
76.5295,0.091209258
76.5326,0.091209461
76.5357,0.091209664
76.5388,0.091209868
76.5419,0.091210071
76.5451,0.091210274
76.5482,0.091210477
76.5513,0.09121068
76.5544,0.091210883
76.5575,0.091211086
76.5606,0.091211289
76.5638,0.091211492
76.5669,0.091211695
76.57,0.091211898
76.5731,0.091212101
76.5762,0.091212303
76.5794,0.091212506
76.5825,0.091212709
76.5856,0.091212911
76.5887,0.091213114
76.5918,0.091213316
76.5949,0.091213519
76.5981,0.091213721
76.6012,0.091213924
76.6043,0.091214126
76.6074,0.091214328
76.6105,0.091214531
76.6137,0.091214733
76.6168,0.091214935
76.6199,0.091215137
76.623,0.091215339
76.6261,0.091215541
76.6292,0.091215743
76.6324,0.091215945
76.6355,0.091216147
76.6386,0.091216349
76.6417,0.09121655
76.6448,0.091216752
76.648,0.091216954
76.6511,0.091217156
76.6542,0.091217357
76.6573,0.091217559
76.6604,0.09121776
76.6635,0.091217962
76.6667,0.091218163
76.6698,0.091218365
76.6729,0.091218566
76.676,0.091218767
76.6791,0.091218968
76.6823,0.09121917
76.6854,0.091219371
76.6885,0.091219572
76.6916,0.091219773
76.6947,0.091219974
76.6978,0.091220175
76.701,0.091220376
76.7041,0.091220577
76.7072,0.091220778
76.7103,0.091220979
76.7134,0.09122118
76.7166,0.091221381
76.7197,0.091221581
76.7228,0.091221782
76.7259,0.091221983
76.729,0.091222184
76.7321,0.091222384
76.7353,0.091222585
76.7384,0.091222786
76.7415,0.091222986
76.7446,0.091223187
76.7477,0.091223387
76.7509,0.091223587
76.754,0.091223788
76.7571,0.091223988
76.7602,0.091224189
76.7633,0.091224389
76.7664,0.091224589
76.7696,0.09122479
76.7727,0.09122499
76.7758,0.09122519
76.7789,0.09122539
76.782,0.09122559
76.7852,0.09122579
76.7883,0.09122599
76.7914,0.09122619
76.7945,0.091226391
76.7976,0.09122659
76.8007,0.09122679
76.8039,0.09122699
76.807,0.09122719
76.8101,0.09122739
76.8132,0.09122759
76.8163,0.09122779
76.8195,0.09122799
76.8226,0.091228189
76.8257,0.091228389
76.8288,0.091228589
76.8319,0.091228788
76.835,0.091228988
76.8382,0.091229188
76.8413,0.091229387
76.8444,0.091229587
76.8475,0.091229786
76.8506,0.091229986
76.8538,0.091230185
76.8569,0.091230385
76.86,0.091230584
76.8631,0.091230783
76.8662,0.091230983
76.8693,0.091231182
76.8725,0.091231381
76.8756,0.091231581
76.8787,0.09123178
76.8818,0.091231979
76.8849,0.091232178
76.8881,0.091232377
76.8912,0.091232576
76.8943,0.091232775
76.8974,0.091232974
76.9005,0.091233173
76.9036,0.091233372
76.9068,0.091233571
76.9099,0.09123377
76.913,0.091233969
76.9161,0.091234168
76.9192,0.091234366
76.9224,0.091234565
76.9255,0.091234764
76.9286,0.091234963
76.9317,0.091235161
76.9348,0.09123536
76.9379,0.091235558
76.9411,0.091235757
76.9442,0.091235955
76.9473,0.091236154
76.9504,0.091236353
76.9535,0.091236551
76.9567,0.09123675
76.9598,0.091236948
76.9629,0.091237146
76.966,0.091237345
76.9691,0.091237543
76.9722,0.091237741
76.9754,0.091237939
76.9785,0.091238138
76.9816,0.091238336
76.9847,0.091238534
76.9878,0.091238732
76.991,0.09123893
76.9941,0.091239128
76.9972,0.091239326
77.0003,0.091239524
77.0034,0.091239722
77.0065,0.09123992
77.0097,0.091240118
77.0128,0.091240316
77.0159,0.091240513
77.019,0.091240711
77.0221,0.091240909
77.0253,0.091241107
77.0284,0.091241304
77.0315,0.091241502
77.0346,0.0912417
77.0377,0.091241897
77.0408,0.091242095
77.044,0.091242293
77.0471,0.09124249
77.0502,0.091242687
77.0533,0.091242885
77.0564,0.091243082
77.0596,0.09124328
77.0627,0.091243477
77.0658,0.091243674
77.0689,0.091243872
77.072,0.091244069
77.0751,0.091244266
77.0783,0.091244463
77.0814,0.09124466
77.0845,0.091244857
77.0876,0.091245054
77.0907,0.091245251
77.0939,0.091245448
77.097,0.091245645
77.1001,0.091245842
77.1032,0.091246039
77.1063,0.091246236
77.1094,0.091246433
77.1126,0.091246629
77.1157,0.091246826
77.1188,0.091247023
77.1219,0.09124722
77.125,0.091247416
77.1282,0.091247613
77.1313,0.091247809
77.1344,0.091248006
77.1375,0.091248202
77.1406,0.091248399
77.1437,0.091248595
77.1469,0.091248792
77.15,0.091248988
77.1531,0.091249184
77.1562,0.091249381
77.1593,0.091249577
77.1625,0.091249773
77.1656,0.09124997
77.1687,0.091250166
77.1718,0.091250362
77.1749,0.091250558
77.178,0.091250754
77.1812,0.09125095
77.1843,0.091251146
77.1874,0.091251342
77.1905,0.091251538
77.1936,0.091251734
77.1968,0.09125193
77.1999,0.091252126
77.203,0.091252322
77.2061,0.091252518
77.2092,0.091252714
77.2123,0.091252909
77.2155,0.091253105
77.2186,0.091253301
77.2217,0.091253496
77.2248,0.091253692
77.2279,0.091253888
77.2311,0.091254083
77.2342,0.091254279
77.2373,0.091254474
77.2404,0.09125467
77.2435,0.091254865
77.2466,0.09125506
77.2498,0.091255256
77.2529,0.091255451
77.256,0.091255647
77.2591,0.091255842
77.2622,0.091256037
77.2654,0.091256232
77.2685,0.091256428
77.2716,0.091256623
77.2747,0.091256818
77.2778,0.091257013
77.2809,0.091257208
77.2841,0.091257403
77.2872,0.091257598
77.2903,0.091257793
77.2934,0.091257988
77.2965,0.091258183
77.2997,0.091258378
77.3028,0.091258572
77.3059,0.091258767
77.309,0.091258962
77.3121,0.091259157
77.3152,0.091259352
77.3184,0.091259546
77.3215,0.091259741
77.3246,0.091259935
77.3277,0.09126013
77.3308,0.091260324
77.334,0.091260519
77.3371,0.091260713
77.3402,0.091260908
77.3433,0.091261102
77.3464,0.091261297
77.3495,0.091261491
77.3527,0.091261685
77.3558,0.09126188
77.3589,0.091262074
77.362,0.091262268
77.3651,0.091262462
77.3683,0.091262656
77.3714,0.09126285
77.3745,0.091263045
77.3776,0.091263239
77.3807,0.091263433
77.3838,0.091263627
77.387,0.091263821
77.3901,0.091264015
77.3932,0.091264208
77.3963,0.091264402
77.3994,0.091264596
77.4026,0.09126479
77.4057,0.091264984
77.4088,0.091265178
77.4119,0.091265371
77.415,0.091265565
77.4181,0.091265759
77.4213,0.091265952
77.4244,0.091266146
77.4275,0.091266339
77.4306,0.091266533
77.4337,0.091266727
77.4369,0.09126692
77.44,0.091267113
77.4431,0.091267307
77.4462,0.0912675
77.4493,0.091267694
77.4524,0.091267887
77.4556,0.09126808
77.4587,0.091268273
77.4618,0.091268467
77.4649,0.09126866
77.468,0.091268853
77.4712,0.091269046
77.4743,0.091269239
77.4774,0.091269432
77.4805,0.091269626
77.4836,0.091269819
77.4867,0.091270012
77.4899,0.091270204
77.493,0.091270397
77.4961,0.09127059
77.4992,0.091270783
77.5023,0.091270976
77.5055,0.091271169
77.5086,0.091271362
77.5117,0.091271554
77.5148,0.091271747
77.5179,0.09127194
77.521,0.091272132
77.5242,0.091272325
77.5273,0.091272518
77.5304,0.09127271
77.5335,0.091272903
77.5366,0.091273095
77.5398,0.091273288
77.5429,0.09127348
77.546,0.091273672
77.5491,0.091273865
77.5522,0.091274057
77.5553,0.091274249
77.5585,0.091274442
77.5616,0.091274634
77.5647,0.091274826
77.5678,0.091275018
77.5709,0.09127521
77.5741,0.091275403
77.5772,0.091275595
77.5803,0.091275787
77.5834,0.091275979
77.5865,0.091276171
77.5896,0.091276363
77.5928,0.091276555
77.5959,0.091276747
77.599,0.091276938
77.6021,0.09127713
77.6052,0.091277322
77.6084,0.091277514
77.6115,0.091277706
77.6146,0.091277897
77.6177,0.091278089
77.6208,0.091278281
77.6239,0.091278472
77.6271,0.091278664
77.6302,0.091278856
77.6333,0.091279047
77.6364,0.091279239
77.6395,0.09127943
77.6427,0.091279622
77.6458,0.091279813
77.6489,0.091280004
77.652,0.091280196
77.6551,0.091280387
77.6582,0.091280578
77.6614,0.09128077
77.6645,0.091280961
77.6676,0.091281152
77.6707,0.091281344
77.6738,0.091281535
77.677,0.091281726
77.6801,0.091281917
77.6832,0.091282108
77.6863,0.091282299
77.6894,0.09128249
77.6925,0.091282681
77.6957,0.091282872
77.6988,0.091283063
77.7019,0.091283254
77.705,0.091283445
77.7081,0.091283636
77.7113,0.091283826
77.7144,0.091284017
77.7175,0.091284208
77.7206,0.091284399
77.7237,0.091284589
77.7268,0.09128478
77.73,0.091284971
77.7331,0.091285161
77.7362,0.091285352
77.7393,0.091285542
77.7424,0.091285733
77.7456,0.091285923
77.7487,0.091286114
77.7518,0.091286304
77.7549,0.091286494
77.758,0.091286685
77.7611,0.091286875
77.7643,0.091287065
77.7674,0.091287256
77.7705,0.091287446
77.7736,0.091287636
77.7767,0.091287826
77.7799,0.091288016
77.783,0.091288206
77.7861,0.091288396
77.7892,0.091288586
77.7923,0.091288776
77.7954,0.091288966
77.7986,0.091289156
77.8017,0.091289346
77.8048,0.091289536
77.8079,0.091289726
77.811,0.091289916
77.8142,0.091290105
77.8173,0.091290295
77.8204,0.091290485
77.8235,0.091290675
77.8266,0.091290864
77.8297,0.091291054
77.8329,0.091291244
77.836,0.091291433
77.8391,0.091291623
77.8422,0.091291812
77.8453,0.091292002
77.8485,0.091292191
77.8516,0.091292381
77.8547,0.09129257
77.8578,0.09129276
77.8609,0.091292949
77.864,0.091293138
77.8672,0.091293327
77.8703,0.091293517
77.8734,0.091293706
77.8765,0.091293895
77.8796,0.091294084
77.8828,0.091294274
77.8859,0.091294463
77.889,0.091294652
77.8921,0.091294841
77.8952,0.09129503
77.8983,0.091295219
77.9015,0.091295408
77.9046,0.091295597
77.9077,0.091295786
77.9108,0.091295975
77.9139,0.091296163
77.9171,0.091296352
77.9202,0.091296541
77.9233,0.09129673
77.9264,0.091296919
77.9295,0.091297107
77.9326,0.091297296
77.9358,0.091297485
77.9389,0.091297673
77.942,0.091297862
77.9451,0.091298051
77.9482,0.091298239
77.9514,0.091298428
77.9545,0.091298616
77.9576,0.091298804
77.9607,0.091298993
77.9638,0.091299181
77.9669,0.09129937
77.9701,0.091299558
77.9732,0.091299746
77.9763,0.091299935
77.9794,0.091300123
77.9825,0.091300311
77.9857,0.091300499
77.9888,0.091300687
77.9919,0.091300875
77.995,0.091301064
77.9981,0.091301251
78.0012,0.091301439
78.0044,0.091301627
78.0075,0.091301815
78.0106,0.091302003
78.0137,0.091302191
78.0168,0.091302379
78.02,0.091302567
78.0231,0.091302755
78.0262,0.091302942
78.0293,0.09130313
78.0324,0.091303318
78.0355,0.091303506
78.0387,0.091303693
78.0418,0.091303881
78.0449,0.091304069
78.048,0.091304256
78.0511,0.091304444
78.0543,0.091304631
78.0574,0.091304819
78.0605,0.091305006
78.0636,0.091305194
78.0667,0.091305381
78.0698,0.091305569
78.073,0.091305756
78.0761,0.091305943
78.0792,0.09130613
78.0823,0.091306318
78.0854,0.091306505
78.0886,0.091306692
78.0917,0.091306879
78.0948,0.091307067
78.0979,0.091307254
78.101,0.091307441
78.1041,0.091307628
78.1073,0.091307815
78.1104,0.091308002
78.1135,0.091308189
78.1166,0.091308376
78.1197,0.091308563
78.1229,0.09130875
78.126,0.091308937
78.1291,0.091309123
78.1322,0.09130931
78.1353,0.091309497
78.1384,0.091309684
78.1416,0.091309871
78.1447,0.091310057
78.1478,0.091310244
78.1509,0.091310431
78.154,0.091310617
78.1572,0.091310804
78.1603,0.09131099
78.1634,0.091311177
78.1665,0.091311364
78.1696,0.09131155
78.1727,0.091311736
78.1759,0.091311923
78.179,0.091312109
78.1821,0.091312296
78.1852,0.091312482
78.1883,0.091312668
78.1915,0.091312854
78.1946,0.091313041
78.1977,0.091313227
78.2008,0.091313413
78.2039,0.091313599
78.207,0.091313785
78.2102,0.091313971
78.2133,0.091314158
78.2164,0.091314344
78.2195,0.09131453
78.2226,0.091314716
78.2258,0.091314901
78.2289,0.091315087
78.232,0.091315273
78.2351,0.091315459
78.2382,0.091315645
78.2413,0.091315831
78.2445,0.091316016
78.2476,0.091316202
78.2507,0.091316388
78.2538,0.091316573
78.2569,0.091316759
78.2601,0.091316945
78.2632,0.09131713
78.2663,0.091317316
78.2694,0.091317501
78.2725,0.091317687
78.2756,0.091317872
78.2788,0.091318058
78.2819,0.091318243
78.285,0.091318429
78.2881,0.091318614
78.2912,0.091318799
78.2944,0.091318985
78.2975,0.09131917
78.3006,0.091319355
78.3037,0.09131954
78.3068,0.091319725
78.3099,0.091319911
78.3131,0.091320096
78.3162,0.091320281
78.3193,0.091320466
78.3224,0.091320651
78.3255,0.091320836
78.3287,0.091321021
78.3318,0.091321206
78.3349,0.091321391
78.338,0.091321576
78.3411,0.091321761
78.3442,0.091321946
78.3474,0.091322131
78.3505,0.091322315
78.3536,0.0913225
78.3567,0.091322685
78.3598,0.09132287
78.363,0.091323054
78.3661,0.091323239
78.3692,0.091323424
78.3723,0.091323608
78.3754,0.091323793
78.3785,0.091323977
78.3817,0.091324162
78.3848,0.091324346
78.3879,0.091324531
78.391,0.091324715
78.3941,0.0913249
78.3973,0.091325084
78.4004,0.091325268
78.4035,0.091325453
78.4066,0.091325637
78.4097,0.091325821
78.4128,0.091326005
78.416,0.09132619
78.4191,0.091326374
78.4222,0.091326558
78.4253,0.091326742
78.4284,0.091326926
78.4316,0.09132711
78.4347,0.091327294
78.4378,0.091327478
78.4409,0.091327662
78.444,0.091327846
78.4471,0.09132803
78.4503,0.091328214
78.4534,0.091328398
78.4565,0.091328581
78.4596,0.091328765
78.4627,0.091328949
78.4659,0.091329132
78.469,0.091329316
78.4721,0.0913295
78.4752,0.091329684
78.4783,0.091329867
78.4814,0.091330051
78.4846,0.091330234
78.4877,0.091330418
78.4908,0.091330601
78.4939,0.091330785
78.497,0.091330968
78.5002,0.091331152
78.5033,0.091331335
78.5064,0.091331519
78.5095,0.091331702
78.5126,0.091331885
78.5157,0.091332069
78.5189,0.091332252
78.522,0.091332435
78.5251,0.091332618
78.5282,0.091332801
78.5313,0.091332985
78.5345,0.091333168
78.5376,0.091333351
78.5407,0.091333534
78.5438,0.091333717
78.5469,0.0913339
78.55,0.091334083
78.5532,0.091334266
78.5563,0.091334449
78.5594,0.091334632
78.5625,0.091334815
78.5656,0.091334998
78.5688,0.09133518
78.5719,0.091335363
78.575,0.091335546
78.5781,0.091335729
78.5812,0.091335911
78.5843,0.091336094
78.5875,0.091336277
78.5906,0.091336459
78.5937,0.091336642
78.5968,0.091336825
78.5999,0.091337007
78.6031,0.09133719
78.6062,0.091337372
78.6093,0.091337555
78.6124,0.091337737
78.6155,0.09133792
78.6186,0.091338102
78.6218,0.091338284
78.6249,0.091338467
78.628,0.091338649
78.6311,0.091338831
78.6342,0.091339013
78.6374,0.091339196
78.6405,0.091339378
78.6436,0.09133956
78.6467,0.091339742
78.6498,0.091339924
78.6529,0.091340106
78.6561,0.091340288
78.6592,0.091340471
78.6623,0.091340652
78.6654,0.091340834
78.6685,0.091341016
78.6717,0.091341198
78.6748,0.09134138
78.6779,0.091341562
78.681,0.091341744
78.6841,0.091341925
78.6872,0.091342107
78.6904,0.091342289
78.6935,0.09134247
78.6966,0.091342652
78.6997,0.091342834
78.7028,0.091343015
78.706,0.091343197
78.7091,0.091343379
78.7122,0.09134356
78.7153,0.091343742
78.7184,0.091343923
78.7215,0.091344104
78.7247,0.091344286
78.7278,0.091344467
78.7309,0.091344649
78.734,0.09134483
78.7371,0.091345011
78.7403,0.091345193
78.7434,0.091345374
78.7465,0.091345555
78.7496,0.091345736
78.7527,0.091345917
78.7558,0.091346099
78.759,0.09134628
78.7621,0.091346461
78.7652,0.091346642
78.7683,0.091346823
78.7714,0.091347004
78.7746,0.091347185
78.7777,0.091347366
78.7808,0.091347547
78.7839,0.091347728
78.787,0.091347909
78.7901,0.091348089
78.7933,0.09134827
78.7964,0.091348451
78.7995,0.091348632
78.8026,0.091348813
78.8057,0.091348993
78.8089,0.091349174
78.812,0.091349355
78.8151,0.091349535
78.8182,0.091349716
78.8213,0.091349897
78.8244,0.091350077
78.8276,0.091350258
78.8307,0.091350438
78.8338,0.091350619
78.8369,0.091350799
78.84,0.09135098
78.8432,0.09135116
78.8463,0.091351341
78.8494,0.091351521
78.8525,0.091351701
78.8556,0.091351881
78.8587,0.091352062
78.8619,0.091352242
78.865,0.091352422
78.8681,0.091352602
78.8712,0.091352782
78.8743,0.091352962
78.8775,0.091353143
78.8806,0.091353323
78.8837,0.091353503
78.8868,0.091353683
78.8899,0.091353863
78.893,0.091354043
78.8962,0.091354222
78.8993,0.091354402
78.9024,0.091354582
78.9055,0.091354762
78.9086,0.091354942
78.9118,0.091355122
78.9149,0.091355301
78.918,0.091355481
78.9211,0.091355661
78.9242,0.09135584
78.9273,0.09135602
78.9305,0.091356199
78.9336,0.091356379
78.9367,0.091356559
78.9398,0.091356738
78.9429,0.091356918
78.9461,0.091357097
78.9492,0.091357277
78.9523,0.091357456
78.9554,0.091357635
78.9585,0.091357815
78.9616,0.091357994
78.9648,0.091358173
78.9679,0.091358353
78.971,0.091358532
78.9741,0.091358711
78.9772,0.09135889
78.9804,0.09135907
78.9835,0.091359249
78.9866,0.091359428
78.9897,0.091359607
78.9928,0.091359786
78.9959,0.091359965
78.9991,0.091360144
79.0022,0.091360323
79.0053,0.091360502
79.0084,0.091360681
79.0115,0.09136086
79.0147,0.091361039
79.0178,0.091361217
79.0209,0.091361396
79.024,0.091361575
79.0271,0.091361754
79.0302,0.091361933
79.0334,0.091362111
79.0365,0.09136229
79.0396,0.091362469
79.0427,0.091362647
79.0458,0.091362826
79.049,0.091363005
79.0521,0.091363183
79.0552,0.091363362
79.0583,0.09136354
79.0614,0.091363719
79.0645,0.091363897
79.0677,0.091364076
79.0708,0.091364254
79.0739,0.091364432
79.077,0.091364611
79.0801,0.091364789
79.0833,0.091364968
79.0864,0.091365146
79.0895,0.091365324
79.0926,0.091365502
79.0957,0.091365681
79.0988,0.091365859
79.102,0.091366037
79.1051,0.091366215
79.1082,0.091366393
79.1113,0.091366571
79.1144,0.091366749
79.1176,0.091366927
79.1207,0.091367105
79.1238,0.091367283
79.1269,0.091367461
79.13,0.091367639
79.1331,0.091367817
79.1363,0.091367994
79.1394,0.091368172
79.1425,0.09136835
79.1456,0.091368528
79.1487,0.091368705
79.1519,0.091368883
79.155,0.091369061
79.1581,0.091369238
79.1612,0.091369416
79.1643,0.091369593
79.1674,0.091369771
79.1706,0.091369949
79.1737,0.091370126
79.1768,0.091370304
79.1799,0.091370481
79.183,0.091370658
79.1862,0.091370836
79.1893,0.091371013
79.1924,0.091371191
79.1955,0.091371368
79.1986,0.091371545
79.2017,0.091371722
79.2049,0.0913719
79.208,0.091372077
79.2111,0.091372254
79.2142,0.091372431
79.2173,0.091372608
79.2205,0.091372785
79.2236,0.091372963
79.2267,0.09137314
79.2298,0.091373317
79.2329,0.091373494
79.236,0.091373671
79.2392,0.091373848
79.2423,0.091374025
79.2454,0.091374202
79.2485,0.091374378
79.2516,0.091374555
79.2548,0.091374732
79.2579,0.091374909
79.261,0.091375086
79.2641,0.091375262
79.2672,0.091375439
79.2703,0.091375616
79.2735,0.091375793
79.2766,0.091375969
79.2797,0.091376146
79.2828,0.091376322
79.2859,0.091376499
79.2891,0.091376676
79.2922,0.091376852
79.2953,0.091377029
79.2984,0.091377205
79.3015,0.091377381
79.3046,0.091377558
79.3078,0.091377734
79.3109,0.091377911
79.314,0.091378087
79.3171,0.091378263
79.3202,0.09137844
79.3234,0.091378616
79.3265,0.091378792
79.3296,0.091378968
79.3327,0.091379144
79.3358,0.091379321
79.3389,0.091379497
79.3421,0.091379673
79.3452,0.091379849
79.3483,0.091380025
79.3514,0.091380201
79.3545,0.091380377
79.3577,0.091380553
79.3608,0.091380729
79.3639,0.091380904
79.367,0.09138108
79.3701,0.091381256
79.3732,0.091381432
79.3764,0.091381608
79.3795,0.091381783
79.3826,0.091381959
79.3857,0.091382135
79.3888,0.091382311
79.392,0.091382486
79.3951,0.091382662
79.3982,0.091382837
79.4013,0.091383013
79.4044,0.091383188
79.4075,0.091383364
79.4107,0.091383539
79.4138,0.091383715
79.4169,0.09138389
79.42,0.091384066
79.4231,0.091384241
79.4263,0.091384416
79.4294,0.091384592
79.4325,0.091384767
79.4356,0.091384942
79.4387,0.091385117
79.4418,0.091385293
79.445,0.091385468
79.4481,0.091385643
79.4512,0.091385818
79.4543,0.091385993
79.4574,0.091386168
79.4606,0.091386343
79.4637,0.091386518
79.4668,0.091386693
79.4699,0.091386868
79.473,0.091387043
79.4761,0.091387218
79.4793,0.091387393
79.4824,0.091387568
79.4855,0.091387743
79.4886,0.091387918
79.4917,0.091388093
79.4949,0.091388267
79.498,0.091388442
79.5011,0.091388617
79.5042,0.091388791
79.5073,0.091388966
79.5104,0.091389141
79.5136,0.091389315
79.5167,0.09138949
79.5198,0.091389665
79.5229,0.091389839
79.526,0.091390014
79.5292,0.091390188
79.5323,0.091390363
79.5354,0.091390537
79.5385,0.091390712
79.5416,0.091390886
79.5447,0.09139106
79.5479,0.091391235
79.551,0.091391409
79.5541,0.091391583
79.5572,0.091391758
79.5603,0.091391932
79.5635,0.091392106
79.5666,0.09139228
79.5697,0.091392454
79.5728,0.091392629
79.5759,0.091392803
79.579,0.091392977
79.5822,0.091393151
79.5853,0.091393325
79.5884,0.091393499
79.5915,0.091393673
79.5946,0.091393847
79.5978,0.091394021
79.6009,0.091394195
79.604,0.091394368
79.6071,0.091394542
79.6102,0.091394716
79.6133,0.09139489
79.6165,0.091395064
79.6196,0.091395237
79.6227,0.091395411
79.6258,0.091395585
79.6289,0.091395758
79.6321,0.091395932
79.6352,0.091396106
79.6383,0.091396279
79.6414,0.091396453
79.6445,0.091396626
79.6476,0.0913968
79.6508,0.091396973
79.6539,0.091397146
79.657,0.09139732
79.6601,0.091397493
79.6632,0.091397667
79.6664,0.09139784
79.6695,0.091398013
79.6726,0.091398187
79.6757,0.09139836
79.6788,0.091398533
79.6819,0.091398706
79.6851,0.09139888
79.6882,0.091399053
79.6913,0.091399226
79.6944,0.091399399
79.6975,0.091399572
79.7007,0.091399745
79.7038,0.091399918
79.7069,0.091400091
79.71,0.091400264
79.7131,0.091400437
79.7162,0.09140061
79.7194,0.091400783
79.7225,0.091400956
79.7256,0.091401129
79.7287,0.091401302
79.7318,0.091401475
79.735,0.091401648
79.7381,0.09140182
79.7412,0.091401993
79.7443,0.091402166
79.7474,0.091402339
79.7505,0.091402511
79.7537,0.091402684
79.7568,0.091402857
79.7599,0.091403029
79.763,0.091403202
79.7661,0.091403375
79.7693,0.091403547
79.7724,0.09140372
79.7755,0.091403892
79.7786,0.091404065
79.7817,0.091404237
79.7848,0.09140441
79.788,0.091404582
79.7911,0.091404755
79.7942,0.091404927
79.7973,0.091405099
79.8004,0.091405272
79.8036,0.091405444
79.8067,0.091405616
79.8098,0.091405788
79.8129,0.091405961
79.816,0.091406133
79.8191,0.091406305
79.8223,0.091406477
79.8254,0.091406649
79.8285,0.091406821
79.8316,0.091406993
79.8347,0.091407165
79.8379,0.091407337
79.841,0.091407509
79.8441,0.091407681
79.8472,0.091407853
79.8503,0.091408025
79.8534,0.091408197
79.8566,0.091408369
79.8597,0.09140854
79.8628,0.091408712
79.8659,0.091408884
79.869,0.091409056
79.8722,0.091409227
79.8753,0.091409399
79.8784,0.09140957
79.8815,0.091409742
79.8846,0.091409913
79.8877,0.091410085
79.8909,0.091410256
79.894,0.091410428
79.8971,0.091410599
79.9002,0.091410771
79.9033,0.091410942
79.9065,0.091411113
79.9096,0.091411284
79.9127,0.091411456
79.9158,0.091411627
79.9189,0.091411798
79.922,0.091411969
79.9252,0.091412141
79.9283,0.091412312
79.9314,0.091412483
79.9345,0.091412654
79.9376,0.091412825
79.9408,0.091412996
79.9439,0.091413167
79.947,0.091413338
79.9501,0.091413509
79.9532,0.09141368
79.9563,0.091413851
79.9595,0.091414022
79.9626,0.091414193
79.9657,0.091414363
79.9688,0.091414534
79.9719,0.091414705
79.9751,0.091414876
79.9782,0.091415046
79.9813,0.091415217
79.9844,0.091415388
79.9875,0.091415558
79.9906,0.091415729
79.9938,0.0914159
79.9969,0.09141607
80,0.091416241
80.0031,0.091416411
80.0062,0.091416582
80.0094,0.091416752
80.0125,0.091416923
80.0156,0.091417093
80.0187,0.091417264
80.0218,0.091417434
80.0249,0.091417604
80.0281,0.091417775
80.0312,0.091417945
80.0343,0.091418115
80.0374,0.091418286
80.0405,0.091418456
80.0437,0.091418626
80.0468,0.091418796
80.0499,0.091418967
80.053,0.091419137
80.0561,0.091419307
80.0592,0.091419477
80.0624,0.091419647
80.0655,0.091419817
80.0686,0.091419987
80.0717,0.091420157
80.0748,0.091420327
80.078,0.091420497
80.0811,0.091420667
80.0842,0.091420837
80.0873,0.091421007
80.0904,0.091421177
80.0935,0.091421346
80.0967,0.091421516
80.0998,0.091421686
80.1029,0.091421856
80.106,0.091422025
80.1091,0.091422195
80.1123,0.091422365
80.1154,0.091422534
80.1185,0.091422704
80.1216,0.091422874
80.1247,0.091423043
80.1278,0.091423213
80.131,0.091423382
80.1341,0.091423552
80.1372,0.091423721
80.1403,0.09142389
80.1434,0.09142406
80.1466,0.091424229
80.1497,0.091424399
80.1528,0.091424568
80.1559,0.091424737
80.159,0.091424906
80.1621,0.091425076
80.1653,0.091425245
80.1684,0.091425414
80.1715,0.091425583
80.1746,0.091425752
80.1777,0.091425922
80.1809,0.091426091
80.184,0.09142626
80.1871,0.091426429
80.1902,0.091426598
80.1933,0.091426767
80.1964,0.091426936
80.1996,0.091427105
80.2027,0.091427274
80.2058,0.091427443
80.2089,0.091427612
80.212,0.09142778
80.2152,0.091427949
80.2183,0.091428118
80.2214,0.091428287
80.2245,0.091428456
80.2276,0.091428624
80.2307,0.091428793
80.2339,0.091428962
80.237,0.091429131
80.2401,0.091429299
80.2432,0.091429468
80.2463,0.091429637
80.2495,0.091429805
80.2526,0.091429974
80.2557,0.091430142
80.2588,0.091430311
80.2619,0.091430479
80.265,0.091430648
80.2682,0.091430816
80.2713,0.091430985
80.2744,0.091431153
80.2775,0.091431321
80.2806,0.09143149
80.2838,0.091431658
80.2869,0.091431826
80.29,0.091431995
80.2931,0.091432163
80.2962,0.091432331
80.2993,0.091432499
80.3025,0.091432668
80.3056,0.091432836
80.3087,0.091433004
80.3118,0.091433172
80.3149,0.09143334
80.3181,0.091433508
80.3212,0.091433676
80.3243,0.091433844
80.3274,0.091434012
80.3305,0.09143418
80.3336,0.091434348
80.3368,0.091434516
80.3399,0.091434684
80.343,0.091434851
80.3461,0.091435019
80.3492,0.091435187
80.3524,0.091435355
80.3555,0.091435523
80.3586,0.09143569
80.3617,0.091435858
80.3648,0.091436026
80.3679,0.091436193
80.3711,0.091436361
80.3742,0.091436528
80.3773,0.091436696
80.3804,0.091436863
80.3835,0.091437031
80.3867,0.091437198
80.3898,0.091437366
80.3929,0.091437533
80.396,0.0914377
80.3991,0.091437868
80.4022,0.091438035
80.4054,0.091438202
80.4085,0.09143837
80.4116,0.091438537
80.4147,0.091438704
80.4178,0.091438871
80.421,0.091439039
80.4241,0.091439206
80.4272,0.091439373
80.4303,0.09143954
80.4334,0.091439707
80.4365,0.091439874
80.4397,0.091440041
80.4428,0.091440208
80.4459,0.091440375
80.449,0.091440542
80.4521,0.091440709
80.4553,0.091440876
80.4584,0.091441043
80.4615,0.09144121
80.4646,0.091441377
80.4677,0.091441543
80.4708,0.09144171
80.474,0.091441877
80.4771,0.091442044
80.4802,0.09144221
80.4833,0.091442377
80.4864,0.091442544
80.4896,0.091442711
80.4927,0.091442877
80.4958,0.091443044
80.4989,0.09144321
80.502,0.091443377
80.5051,0.091443544
80.5083,0.09144371
80.5114,0.091443877
80.5145,0.091444043
80.5176,0.091444209
80.5207,0.091444376
80.5239,0.091444542
80.527,0.091444709
80.5301,0.091444875
80.5332,0.091445042
80.5363,0.091445208
80.5394,0.091445374
80.5426,0.09144554
80.5457,0.091445707
80.5488,0.091445873
80.5519,0.091446039
80.555,0.091446205
80.5582,0.091446371
80.5613,0.091446537
80.5644,0.091446703
80.5675,0.091446869
80.5706,0.091447035
80.5737,0.091447201
80.5769,0.091447367
80.58,0.091447533
80.5831,0.091447699
80.5862,0.091447865
80.5893,0.091448031
80.5925,0.091448197
80.5956,0.091448363
80.5987,0.091448528
80.6018,0.091448694
80.6049,0.09144886
80.608,0.091449026
80.6112,0.091449191
80.6143,0.091449357
80.6174,0.091449523
80.6205,0.091449688
80.6236,0.091449854
80.6268,0.091450019
80.6299,0.091450185
80.633,0.09145035
80.6361,0.091450516
80.6392,0.091450681
80.6423,0.091450847
80.6455,0.091451012
80.6486,0.091451177
80.6517,0.091451343
80.6548,0.091451508
80.6579,0.091451674
80.6611,0.091451839
80.6642,0.091452004
80.6673,0.091452169
80.6704,0.091452335
80.6735,0.0914525
80.6766,0.091452665
80.6798,0.09145283
80.6829,0.091452995
80.686,0.09145316
80.6891,0.091453326
80.6922,0.09145349
80.6954,0.091453656
80.6985,0.091453821
80.7016,0.091453986
80.7047,0.09145415
80.7078,0.091454315
80.7109,0.09145448
80.7141,0.091454645
80.7172,0.09145481
80.7203,0.091454975
80.7234,0.09145514
80.7265,0.091455305
80.7297,0.091455469
80.7328,0.091455634
80.7359,0.091455799
80.739,0.091455964
80.7421,0.091456128
80.7452,0.091456293
80.7484,0.091456458
80.7515,0.091456622
80.7546,0.091456787
80.7577,0.091456951
80.7608,0.091457116
80.764,0.09145728
80.7671,0.091457445
80.7702,0.091457609
80.7733,0.091457774
80.7764,0.091457938
80.7795,0.091458103
80.7827,0.091458267
80.7858,0.091458432
80.7889,0.091458596
80.792,0.09145876
80.7951,0.091458924
80.7983,0.091459089
80.8014,0.091459253
80.8045,0.091459417
80.8076,0.091459581
80.8107,0.091459745
80.8138,0.09145991
80.817,0.091460074
80.8201,0.091460238
80.8232,0.091460402
80.8263,0.091460566
80.8294,0.09146073
80.8326,0.091460894
80.8357,0.091461058
80.8388,0.091461221
80.8419,0.091461385
80.845,0.091461549
80.8481,0.091461713
80.8513,0.091461877
80.8544,0.091462041
80.8575,0.091462204
80.8606,0.091462368
80.8637,0.091462532
80.8669,0.091462696
80.87,0.091462859
80.8731,0.091463023
80.8762,0.091463187
80.8793,0.09146335
80.8824,0.091463514
80.8856,0.091463677
80.8887,0.091463841
80.8918,0.091464004
80.8949,0.091464168
80.898,0.091464331
80.9012,0.091464495
80.9043,0.091464658
80.9074,0.091464822
80.9105,0.091464985
80.9136,0.091465148
80.9167,0.091465311
80.9199,0.091465475
80.923,0.091465638
80.9261,0.091465801
80.9292,0.091465964
80.9323,0.091466127
80.9355,0.091466291
80.9386,0.091466454
80.9417,0.091466617
80.9448,0.09146678
80.9479,0.091466943
80.951,0.091467106
80.9542,0.091467269
80.9573,0.091467432
80.9604,0.091467595
80.9635,0.091467758
80.9666,0.091467921
80.9698,0.091468084
80.9729,0.091468247
80.976,0.09146841
80.9791,0.091468572
80.9822,0.091468735
80.9853,0.091468898
80.9885,0.091469061
80.9916,0.091469224
80.9947,0.091469386
80.9978,0.091469549
81.0009,0.091469712
81.0041,0.091469874
81.0072,0.091470037
81.0103,0.0914702
81.0134,0.091470362
81.0165,0.091470525
81.0196,0.091470687
81.0228,0.09147085
81.0259,0.091471012
81.029,0.091471175
81.0321,0.091471337
81.0352,0.0914715
81.0384,0.091471662
81.0415,0.091471825
81.0446,0.091471987
81.0477,0.091472149
81.0508,0.091472312
81.0539,0.091472474
81.0571,0.091472636
81.0602,0.091472798
81.0633,0.091472961
81.0664,0.091473123
81.0695,0.091473285
81.0727,0.091473447
81.0758,0.091473609
81.0789,0.091473771
81.082,0.091473933
81.0851,0.091474095
81.0882,0.091474257
81.0914,0.091474419
81.0945,0.091474581
81.0976,0.091474743
81.1007,0.091474905
81.1038,0.091475067
81.107,0.091475229
81.1101,0.091475391
81.1132,0.091475552
81.1163,0.091475714
81.1194,0.091475876
81.1225,0.091476038
81.1257,0.091476199
81.1288,0.091476361
81.1319,0.091476523
81.135,0.091476684
81.1381,0.091476846
81.1413,0.091477008
81.1444,0.091477169
81.1475,0.091477331
81.1506,0.091477492
81.1537,0.091477654
81.1568,0.091477815
81.16,0.091477976
81.1631,0.091478138
81.1662,0.091478299
81.1693,0.09147846
81.1724,0.091478622
81.1756,0.091478783
81.1787,0.091478945
81.1818,0.091479106
81.1849,0.091479267
81.188,0.091479428
81.1911,0.091479589
81.1943,0.091479751
81.1974,0.091479912
81.2005,0.091480073
81.2036,0.091480234
81.2067,0.091480395
81.2099,0.091480556
81.213,0.091480717
81.2161,0.091480878
81.2192,0.091481039
81.2223,0.0914812
81.2254,0.091481361
81.2286,0.091481522
81.2317,0.091481683
81.2348,0.091481844
81.2379,0.091482005
81.241,0.091482166
81.2442,0.091482327
81.2473,0.091482487
81.2504,0.091482648
81.2535,0.091482809
81.2566,0.09148297
81.2597,0.09148313
81.2629,0.091483291
81.266,0.091483452
81.2691,0.091483612
81.2722,0.091483773
81.2753,0.091483934
81.2785,0.091484094
81.2816,0.091484255
81.2847,0.091484415
81.2878,0.091484576
81.2909,0.091484736
81.294,0.091484897
81.2972,0.091485057
81.3003,0.091485217
81.3034,0.091485378
81.3065,0.091485538
81.3096,0.091485699
81.3128,0.091485859
81.3159,0.091486019
81.319,0.091486179
81.3221,0.09148634
81.3252,0.0914865
81.3283,0.09148666
81.3315,0.09148682
81.3346,0.09148698
81.3377,0.09148714
81.3408,0.091487301
81.3439,0.091487461
81.3471,0.091487621
81.3502,0.091487781
81.3533,0.091487941
81.3564,0.091488101
81.3595,0.091488261
81.3626,0.09148842
81.3658,0.09148858
81.3689,0.09148874
81.372,0.0914889
81.3751,0.09148906
81.3782,0.09148922
81.3814,0.091489379
81.3845,0.091489539
81.3876,0.091489699
81.3907,0.091489859
81.3938,0.091490018
81.3969,0.091490178
81.4001,0.091490338
81.4032,0.091490497
81.4063,0.091490657
81.4094,0.091490816
81.4125,0.091490976
81.4157,0.091491135
81.4188,0.091491295
81.4219,0.091491454
81.425,0.091491613
81.4281,0.091491773
81.4312,0.091491932
81.4344,0.091492091
81.4375,0.091492251
81.4406,0.09149241
81.4437,0.091492569
81.4468,0.091492729
81.45,0.091492888
81.4531,0.091493047
81.4562,0.091493206
81.4593,0.091493366
81.4624,0.091493525
81.4655,0.091493684
81.4687,0.091493843
81.4718,0.091494002
81.4749,0.091494161
81.478,0.09149432
81.4811,0.091494479
81.4843,0.091494638
81.4874,0.091494797
81.4905,0.091494956
81.4936,0.091495115
81.4967,0.091495274
81.4998,0.091495433
81.503,0.091495592
81.5061,0.091495751
81.5092,0.091495909
81.5123,0.091496068
81.5154,0.091496227
81.5186,0.091496386
81.5217,0.091496544
81.5248,0.091496703
81.5279,0.091496862
81.531,0.091497021
81.5341,0.091497179
81.5373,0.091497338
81.5404,0.091497496
81.5435,0.091497655
81.5466,0.091497814
81.5497,0.091497972
81.5529,0.091498131
81.556,0.091498289
81.5591,0.091498448
81.5622,0.091498606
81.5653,0.091498765
81.5684,0.091498923
81.5716,0.091499081
81.5747,0.09149924
81.5778,0.091499398
81.5809,0.091499556
81.584,0.091499715
81.5872,0.091499873
81.5903,0.091500031
81.5934,0.091500189
81.5965,0.091500347
81.5996,0.091500506
81.6027,0.091500664
81.6059,0.091500822
81.609,0.09150098
81.6121,0.091501138
81.6152,0.091501296
81.6183,0.091501454
81.6215,0.091501612
81.6246,0.09150177
81.6277,0.091501928
81.6308,0.091502086
81.6339,0.091502244
81.637,0.091502401
81.6402,0.091502559
81.6433,0.091502717
81.6464,0.091502875
81.6495,0.091503033
81.6526,0.09150319
81.6558,0.091503348
81.6589,0.091503506
81.662,0.091503664
81.6651,0.091503821
81.6682,0.091503979
81.6713,0.091504136
81.6745,0.091504294
81.6776,0.091504452
81.6807,0.091504609
81.6838,0.091504767
81.6869,0.091504924
81.6901,0.091505081
81.6932,0.091505239
81.6963,0.091505396
81.6994,0.091505554
81.7025,0.091505711
81.7056,0.091505868
81.7088,0.091506025
81.7119,0.091506183
81.715,0.09150634
81.7181,0.091506497
81.7212,0.091506655
81.7244,0.091506812
81.7275,0.091506969
81.7306,0.091507126
81.7337,0.091507283
81.7368,0.09150744
81.7399,0.091507597
81.7431,0.091507754
81.7462,0.091507911
81.7493,0.091508068
81.7524,0.091508225
81.7555,0.091508382
81.7587,0.091508539
81.7618,0.091508696
81.7649,0.091508853
81.768,0.09150901
81.7711,0.091509167
81.7742,0.091509324
81.7774,0.091509481
81.7805,0.091509638
81.7836,0.091509795
81.7867,0.091509951
81.7898,0.091510108
81.793,0.091510265
81.7961,0.091510421
81.7992,0.091510578
81.8023,0.091510735
81.8054,0.091510891
81.8085,0.091511048
81.8117,0.091511205
81.8148,0.091511361
81.8179,0.091511518
81.821,0.091511674
81.8241,0.091511831
81.8273,0.091511987
81.8304,0.091512144
81.8335,0.0915123
81.8366,0.091512457
81.8397,0.091512613
81.8428,0.091512769
81.846,0.091512926
81.8491,0.091513082
81.8522,0.091513238
81.8553,0.091513395
81.8584,0.091513551
81.8616,0.091513707
81.8647,0.091513863
81.8678,0.091514019
81.8709,0.091514176
81.874,0.091514332
81.8771,0.091514488
81.8803,0.091514644
81.8834,0.0915148
81.8865,0.091514956
81.8896,0.091515112
81.8927,0.091515268
81.8959,0.091515424
81.899,0.09151558
81.9021,0.091515736
81.9052,0.091515891
81.9083,0.091516047
81.9114,0.091516203
81.9146,0.091516359
81.9177,0.091516515
81.9208,0.09151667
81.9239,0.091516826
81.927,0.091516982
81.9302,0.091517137
81.9333,0.091517293
81.9364,0.091517449
81.9395,0.091517604
81.9426,0.09151776
81.9457,0.091517916
81.9489,0.091518071
81.952,0.091518227
81.9551,0.091518382
81.9582,0.091518538
81.9613,0.091518693
81.9645,0.091518848
81.9676,0.091519004
81.9707,0.091519159
81.9738,0.091519315
81.9769,0.09151947
81.98,0.091519625
81.9832,0.09151978
81.9863,0.091519936
81.9894,0.091520091
81.9925,0.091520246
81.9956,0.091520402
81.9988,0.091520557
82.0019,0.091520712
82.005,0.091520867
82.0081,0.091521022
82.0112,0.091521177
82.0143,0.091521333
82.0175,0.091521488
82.0206,0.091521643
82.0237,0.091521798
82.0268,0.091521953
82.0299,0.091522108
82.0331,0.091522263
82.0362,0.091522418
82.0393,0.091522573
82.0424,0.091522728
82.0455,0.091522882
82.0486,0.091523037
82.0518,0.091523192
82.0549,0.091523347
82.058,0.091523502
82.0611,0.091523656
82.0642,0.091523811
82.0674,0.091523966
82.0705,0.091524121
82.0736,0.091524275
82.0767,0.09152443
82.0798,0.091524585
82.0829,0.091524739
82.0861,0.091524894
82.0892,0.091525049
82.0923,0.091525203
82.0954,0.091525358
82.0985,0.091525512
82.1017,0.091525667
82.1048,0.091525821
82.1079,0.091525975
82.111,0.09152613
82.1141,0.091526284
82.1172,0.091526439
82.1204,0.091526593
82.1235,0.091526747
82.1266,0.091526902
82.1297,0.091527056
82.1328,0.09152721
82.136,0.091527364
82.1391,0.091527518
82.1422,0.091527673
82.1453,0.091527827
82.1484,0.091527981
82.1515,0.091528135
82.1547,0.091528289
82.1578,0.091528443
82.1609,0.091528597
82.164,0.091528751
82.1671,0.091528905
82.1703,0.091529059
82.1734,0.091529213
82.1765,0.091529367
82.1796,0.091529521
82.1827,0.091529674
82.1858,0.091529828
82.189,0.091529982
82.1921,0.091530136
82.1952,0.09153029
82.1983,0.091530443
82.2014,0.091530597
82.2046,0.091530751
82.2077,0.091530904
82.2108,0.091531058
82.2139,0.091531212
82.217,0.091531365
82.2201,0.091531519
82.2233,0.091531672
82.2264,0.091531826
82.2295,0.091531979
82.2326,0.091532133
82.2357,0.091532286
82.2389,0.09153244
82.242,0.091532593
82.2451,0.091532747
82.2482,0.0915329
82.2513,0.091533053
82.2544,0.091533207
82.2576,0.09153336
82.2607,0.091533513
82.2638,0.091533666
82.2669,0.09153382
82.27,0.091533973
82.2732,0.091534126
82.2763,0.091534279
82.2794,0.091534432
82.2825,0.091534585
82.2856,0.091534738
82.2887,0.091534891
82.2919,0.091535044
82.295,0.091535197
82.2981,0.09153535
82.3012,0.091535503
82.3043,0.091535656
82.3075,0.091535809
82.3106,0.091535961
82.3137,0.091536114
82.3168,0.091536267
82.3199,0.09153642
82.323,0.091536572
82.3262,0.091536725
82.3293,0.091536878
82.3324,0.09153703
82.3355,0.091537183
82.3386,0.091537335
82.3418,0.091537488
82.3449,0.09153764
82.348,0.091537793
82.3511,0.091537945
82.3542,0.091538098
82.3573,0.09153825
82.3605,0.091538402
82.3636,0.091538554
82.3667,0.091538707
82.3698,0.091538859
82.3729,0.091539011
82.3761,0.091539163
82.3792,0.091539315
82.3823,0.091539467
82.3854,0.091539619
82.3885,0.091539771
82.3916,0.091539923
82.3948,0.091540075
82.3979,0.091540227
82.401,0.091540379
82.4041,0.091540531
82.4072,0.091540683
82.4104,0.091540834
82.4135,0.091540986
82.4166,0.091541138
82.4197,0.091541289
82.4228,0.091541441
82.4259,0.091541593
82.4291,0.091541744
82.4322,0.091541896
82.4353,0.091542048
82.4384,0.091542199
82.4415,0.09154235
82.4447,0.091542502
82.4478,0.091542653
82.4509,0.091542805
82.454,0.091542956
82.4571,0.091543107
82.4602,0.091543259
82.4634,0.09154341
82.4665,0.091543561
82.4696,0.091543713
82.4727,0.091543864
82.4758,0.091544015
82.479,0.091544166
82.4821,0.091544317
82.4852,0.091544469
82.4883,0.09154462
82.4914,0.091544771
82.4945,0.091544922
82.4977,0.091545073
82.5008,0.091545224
82.5039,0.091545375
82.507,0.091545526
82.5101,0.091545677
82.5133,0.091545827
82.5164,0.091545978
82.5195,0.091546129
82.5226,0.09154628
82.5257,0.091546431
82.5288,0.091546582
82.532,0.091546732
82.5351,0.091546883
82.5382,0.091547034
82.5413,0.091547185
82.5444,0.091547335
82.5476,0.091547486
82.5507,0.091547637
82.5538,0.091547787
82.5569,0.091547938
82.56,0.091548088
82.5631,0.091548239
82.5663,0.091548389
82.5694,0.09154854
82.5725,0.09154869
82.5756,0.091548841
82.5787,0.091548991
82.5819,0.091549142
82.585,0.091549292
82.5881,0.091549442
82.5912,0.091549592
82.5943,0.091549743
82.5974,0.091549893
82.6006,0.091550043
82.6037,0.091550194
82.6068,0.091550344
82.6099,0.091550494
82.613,0.091550644
82.6162,0.091550794
82.6193,0.091550944
82.6224,0.091551095
82.6255,0.091551245
82.6286,0.091551395
82.6317,0.091551545
82.6349,0.091551695
82.638,0.091551845
82.6411,0.091551995
82.6442,0.091552145
82.6473,0.091552295
82.6505,0.091552444
82.6536,0.091552594
82.6567,0.091552744
82.6598,0.091552894
82.6629,0.091553044
82.666,0.091553193
82.6692,0.091553343
82.6723,0.091553493
82.6754,0.091553642
82.6785,0.091553792
82.6816,0.091553941
82.6848,0.091554091
82.6879,0.09155424
82.691,0.09155439
82.6941,0.09155454
82.6972,0.091554689
82.7003,0.091554838
82.7035,0.091554988
82.7066,0.091555137
82.7097,0.091555286
82.7128,0.091555436
82.7159,0.091555585
82.7191,0.091555734
82.7222,0.091555883
82.7253,0.091556032
82.7284,0.091556182
82.7315,0.091556331
82.7346,0.09155648
82.7378,0.091556629
82.7409,0.091556778
82.744,0.091556927
82.7471,0.091557076
82.7502,0.091557225
82.7534,0.091557374
82.7565,0.091557523
82.7596,0.091557672
82.7627,0.091557821
82.7658,0.09155797
82.7689,0.091558118
82.7721,0.091558267
82.7752,0.091558416
82.7783,0.091558565
82.7814,0.091558714
82.7845,0.091558862
82.7877,0.091559011
82.7908,0.09155916
82.7939,0.091559308
82.797,0.091559457
82.8001,0.091559605
82.8032,0.091559754
82.8064,0.091559902
82.8095,0.091560051
82.8126,0.091560199
82.8157,0.091560348
82.8188,0.091560496
82.822,0.091560645
82.8251,0.091560793
82.8282,0.091560942
82.8313,0.09156109
82.8344,0.091561238
82.8375,0.091561386
82.8407,0.091561535
82.8438,0.091561683
82.8469,0.091561831
82.85,0.091561979
82.8531,0.091562128
82.8563,0.091562276
82.8594,0.091562424
82.8625,0.091562572
82.8656,0.09156272
82.8687,0.091562868
82.8718,0.091563016
82.875,0.091563164
82.8781,0.091563312
82.8812,0.09156346
82.8843,0.091563608
82.8874,0.091563756
82.8906,0.091563904
82.8937,0.091564051
82.8968,0.091564199
82.8999,0.091564347
82.903,0.091564495
82.9061,0.091564643
82.9093,0.09156479
82.9124,0.091564938
82.9155,0.091565086
82.9186,0.091565233
82.9217,0.091565381
82.9249,0.091565528
82.928,0.091565676
82.9311,0.091565824
82.9342,0.091565971
82.9373,0.091566118
82.9404,0.091566266
82.9436,0.091566413
82.9467,0.091566561
82.9498,0.091566708
82.9529,0.091566855
82.956,0.091567003
82.9592,0.09156715
82.9623,0.091567297
82.9654,0.091567444
82.9685,0.091567592
82.9716,0.091567739
82.9747,0.091567886
82.9779,0.091568033
82.981,0.09156818
82.9841,0.091568327
82.9872,0.091568474
82.9903,0.091568621
82.9935,0.091568768
82.9966,0.091568915
82.9997,0.091569062
83.0028,0.091569209
83.0059,0.091569356
83.009,0.091569503
83.0122,0.09156965
83.0153,0.091569796
83.0184,0.091569943
83.0215,0.09157009
83.0246,0.091570236
83.0278,0.091570383
83.0309,0.09157053
83.034,0.091570677
83.0371,0.091570823
83.0402,0.09157097
83.0433,0.091571116
83.0465,0.091571263
83.0496,0.09157141
83.0527,0.091571556
83.0558,0.091571703
83.0589,0.091571849
83.0621,0.091571996
83.0652,0.091572142
83.0683,0.091572289
83.0714,0.091572435
83.0745,0.091572581
83.0776,0.091572728
83.0808,0.091572874
83.0839,0.09157302
83.087,0.091573166
83.0901,0.091573313
83.0932,0.091573459
83.0964,0.091573605
83.0995,0.091573751
83.1026,0.091573897
83.1057,0.091574043
83.1088,0.091574189
83.1119,0.091574335
83.1151,0.091574481
83.1182,0.091574627
83.1213,0.091574773
83.1244,0.091574919
83.1275,0.091575065
83.1307,0.091575211
83.1338,0.091575357
83.1369,0.091575503
83.14,0.091575649
83.1431,0.091575795
83.1462,0.09157594
83.1494,0.091576086
83.1525,0.091576232
83.1556,0.091576377
83.1587,0.091576523
83.1618,0.091576669
83.165,0.091576814
83.1681,0.09157696
83.1712,0.091577105
83.1743,0.091577251
83.1774,0.091577396
83.1805,0.091577542
83.1837,0.091577687
83.1868,0.091577833
83.1899,0.091577978
83.193,0.091578123
83.1961,0.091578269
83.1993,0.091578414
83.2024,0.091578559
83.2055,0.091578704
83.2086,0.09157885
83.2117,0.091578995
83.2148,0.09157914
83.218,0.091579285
83.2211,0.09157943
83.2242,0.091579575
83.2273,0.09157972
83.2304,0.091579865
83.2336,0.09158001
83.2367,0.091580155
83.2398,0.0915803
83.2429,0.091580444
83.246,0.091580589
83.2491,0.091580734
83.2523,0.091580879
83.2554,0.091581023
83.2585,0.091581168
83.2616,0.091581313
83.2647,0.091581458
83.2679,0.091581602
83.271,0.091581747
83.2741,0.091581891
83.2772,0.091582036
83.2803,0.09158218
83.2834,0.091582325
83.2866,0.091582469
83.2897,0.091582614
83.2928,0.091582758
83.2959,0.091582903
83.299,0.091583047
83.3022,0.091583191
83.3053,0.091583336
83.3084,0.09158348
83.3115,0.091583624
83.3146,0.091583768
83.3177,0.091583913
83.3209,0.091584057
83.324,0.091584201
83.3271,0.091584345
83.3302,0.091584489
83.3333,0.091584633
83.3365,0.091584777
83.3396,0.091584921
83.3427,0.091585065
83.3458,0.091585209
83.3489,0.091585353
83.352,0.091585497
83.3552,0.091585641
83.3583,0.091585785
83.3614,0.091585929
83.3645,0.091586073
83.3676,0.091586217
83.3708,0.091586361
83.3739,0.091586504
83.377,0.091586648
83.3801,0.091586792
83.3832,0.091586935
83.3863,0.091587079
83.3895,0.091587223
83.3926,0.091587366
83.3957,0.09158751
83.3988,0.091587654
83.4019,0.091587797
83.4051,0.091587941
83.4082,0.091588084
83.4113,0.091588228
83.4144,0.091588371
83.4175,0.091588515
83.4206,0.091588658
83.4238,0.091588801
83.4269,0.091588945
83.43,0.091589088
83.4331,0.091589231
83.4362,0.091589375
83.4394,0.091589518
83.4425,0.091589661
83.4456,0.091589804
83.4487,0.091589948
83.4518,0.091590091
83.4549,0.091590234
83.4581,0.091590377
83.4612,0.09159052
83.4643,0.091590663
83.4674,0.091590806
83.4705,0.091590949
83.4737,0.091591092
83.4768,0.091591235
83.4799,0.091591378
83.483,0.091591521
83.4861,0.091591664
83.4892,0.091591807
83.4924,0.09159195
83.4955,0.091592092
83.4986,0.091592235
83.5017,0.091592378
83.5048,0.091592521
83.508,0.091592664
83.5111,0.091592806
83.5142,0.091592949
83.5173,0.091593092
83.5204,0.091593234
83.5235,0.091593377
83.5267,0.091593519
83.5298,0.091593662
83.5329,0.091593804
83.536,0.091593947
83.5391,0.091594089
83.5423,0.091594231
83.5454,0.091594374
83.5485,0.091594516
83.5516,0.091594659
83.5547,0.091594801
83.5578,0.091594943
83.561,0.091595085
83.5641,0.091595228
83.5672,0.09159537
83.5703,0.091595512
83.5734,0.091595654
83.5766,0.091595796
83.5797,0.091595938
83.5828,0.09159608
83.5859,0.091596223
83.589,0.091596364
83.5921,0.091596507
83.5953,0.091596649
83.5984,0.09159679
83.6015,0.091596933
83.6046,0.091597074
83.6077,0.091597216
83.6109,0.091597358
83.614,0.0915975
83.6171,0.091597642
83.6202,0.091597784
83.6233,0.091597925
83.6264,0.091598067
83.6296,0.091598209
83.6327,0.091598351
83.6358,0.091598492
83.6389,0.091598634
83.642,0.091598776
83.6452,0.091598917
83.6483,0.091599059
83.6514,0.0915992
83.6545,0.091599342
83.6576,0.091599483
83.6607,0.091599625
83.6639,0.091599766
83.667,0.091599907
83.6701,0.091600049
83.6732,0.09160019
83.6763,0.091600331
83.6795,0.091600473
83.6826,0.091600614
83.6857,0.091600755
83.6888,0.091600896
83.6919,0.091601037
83.695,0.091601179
83.6982,0.09160132
83.7013,0.091601461
83.7044,0.091601602
83.7075,0.091601743
83.7106,0.091601883
83.7138,0.091602024
83.7169,0.091602165
83.72,0.091602306
83.7231,0.091602447
83.7262,0.091602587
83.7293,0.091602728
83.7325,0.091602869
83.7356,0.091603009
83.7387,0.09160315
83.7418,0.091603291
83.7449,0.091603431
83.7481,0.091603571
83.7512,0.091603712
83.7543,0.091603852
83.7574,0.091603992
83.7605,0.091604133
83.7636,0.091604273
83.7668,0.091604413
83.7699,0.091604553
83.773,0.091604693
83.7761,0.091604833
83.7792,0.091604973
83.7824,0.091605113
83.7855,0.091605252
83.7886,0.091605392
83.7917,0.091605532
83.7948,0.091605672
83.7979,0.091605811
83.8011,0.091605951
83.8042,0.091606091
83.8073,0.09160623
83.8104,0.091606369
83.8135,0.091606509
83.8167,0.091606648
83.8198,0.091606788
83.8229,0.091606927
83.826,0.091607066
83.8291,0.091607205
83.8322,0.091607344
83.8354,0.091607483
83.8385,0.091607622
83.8416,0.091607761
83.8447,0.0916079
83.8478,0.091608039
83.851,0.091608178
83.8541,0.091608317
83.8572,0.091608456
83.8603,0.091608595
83.8634,0.091608734
83.8665,0.091608872
83.8697,0.091609011
83.8728,0.09160915
83.8759,0.091609288
83.879,0.091609427
83.8821,0.091609565
83.8853,0.091609704
83.8884,0.091609842
83.8915,0.091609981
83.8946,0.091610119
83.8977,0.091610258
83.9008,0.091610396
83.904,0.091610534
83.9071,0.091610673
83.9102,0.091610811
83.9133,0.091610949
83.9164,0.091611087
83.9196,0.091611226
83.9227,0.091611364
83.9258,0.091611502
83.9289,0.09161164
83.932,0.091611778
83.9351,0.091611916
83.9383,0.091612054
83.9414,0.091612192
83.9445,0.09161233
83.9476,0.091612468
83.9507,0.091612606
83.9539,0.091612744
83.957,0.091612882
83.9601,0.09161302
83.9632,0.091613158
83.9663,0.091613295
83.9694,0.091613433
83.9726,0.091613571
83.9757,0.091613709
83.9788,0.091613846
83.9819,0.091613984
83.985,0.091614122
83.9882,0.091614259
83.9913,0.091614397
83.9944,0.091614534
83.9975,0.091614672
84.0006,0.09161481
84.0037,0.091614947
84.0069,0.091615084
84.01,0.091615222
84.0131,0.091615359
84.0162,0.091615497
84.0193,0.091615634
84.0225,0.091615771
84.0256,0.091615908
84.0287,0.091616046
84.0318,0.091616183
84.0349,0.09161632
84.038,0.091616457
84.0412,0.091616594
84.0443,0.091616732
84.0474,0.091616869
84.0505,0.091617006
84.0536,0.091617143
84.0568,0.09161728
84.0599,0.091617417
84.063,0.091617554
84.0661,0.091617691
84.0692,0.091617827
84.0723,0.091617964
84.0755,0.091618101
84.0786,0.091618238
84.0817,0.091618375
84.0848,0.091618512
84.0879,0.091618648
84.0911,0.091618785
84.0942,0.091618922
84.0973,0.091619058
84.1004,0.091619195
84.1035,0.091619331
84.1066,0.091619468
84.1098,0.091619604
84.1129,0.091619741
84.116,0.091619877
84.1191,0.091620014
84.1222,0.09162015
84.1254,0.091620287
84.1285,0.091620423
84.1316,0.091620559
84.1347,0.091620696
84.1378,0.091620832
84.1409,0.091620968
84.1441,0.091621104
84.1472,0.09162124
84.1503,0.091621377
84.1534,0.091621513
84.1565,0.091621649
84.1597,0.091621785
84.1628,0.091621921
84.1659,0.091622057
84.169,0.091622193
84.1721,0.091622329
84.1752,0.091622465
84.1784,0.091622601
84.1815,0.091622736
84.1846,0.091622872
84.1877,0.091623008
84.1908,0.091623144
84.194,0.09162328
84.1971,0.091623415
84.2002,0.091623551
84.2033,0.091623687
84.2064,0.091623823
84.2095,0.091623958
84.2127,0.091624094
84.2158,0.09162423
84.2189,0.091624365
84.222,0.091624501
84.2251,0.091624636
84.2283,0.091624772
84.2314,0.091624907
84.2345,0.091625043
84.2376,0.091625178
84.2407,0.091625314
84.2438,0.091625449
84.247,0.091625584
84.2501,0.09162572
84.2532,0.091625855
84.2563,0.09162599
84.2594,0.091626126
84.2626,0.091626261
84.2657,0.091626396
84.2688,0.091626531
84.2719,0.091626666
84.275,0.091626802
84.2781,0.091626937
84.2813,0.091627072
84.2844,0.091627207
84.2875,0.091627342
84.2906,0.091627477
84.2937,0.091627612
84.2969,0.091627747
84.3,0.091627882
84.3031,0.091628017
84.3062,0.091628152
84.3093,0.091628287
84.3124,0.091628422
84.3156,0.091628556
84.3187,0.091628691
84.3218,0.091628826
84.3249,0.091628961
84.328,0.091629095
84.3312,0.09162923
84.3343,0.091629365
84.3374,0.091629499
84.3405,0.091629634
84.3436,0.091629768
84.3467,0.091629903
84.3499,0.091630037
84.353,0.091630172
84.3561,0.091630306
84.3592,0.091630441
84.3623,0.091630575
84.3655,0.09163071
84.3686,0.091630844
84.3717,0.091630978
84.3748,0.091631113
84.3779,0.091631247
84.381,0.091631381
84.3842,0.091631515
84.3873,0.091631649
84.3904,0.091631783
84.3935,0.091631918
84.3966,0.091632052
84.3998,0.091632186
84.4029,0.09163232
84.406,0.091632454
84.4091,0.091632588
84.4122,0.091632722
84.4153,0.091632855
84.4185,0.091632989
84.4216,0.091633123
84.4247,0.091633257
84.4278,0.091633391
84.4309,0.091633525
84.4341,0.091633658
84.4372,0.091633792
84.4403,0.091633926
84.4434,0.09163406
84.4465,0.091634193
84.4496,0.091634327
84.4528,0.09163446
84.4559,0.091634594
84.459,0.091634728
84.4621,0.091634861
84.4652,0.091634995
84.4684,0.091635128
84.4715,0.091635261
84.4746,0.091635395
84.4777,0.091635528
84.4808,0.091635662
84.4839,0.091635795
84.4871,0.091635928
84.4902,0.091636062
84.4933,0.091636195
84.4964,0.091636328
84.4995,0.091636462
84.5027,0.091636595
84.5058,0.091636728
84.5089,0.091636861
84.512,0.091636994
84.5151,0.091637127
84.5182,0.09163726
84.5214,0.091637393
84.5245,0.091637527
84.5276,0.09163766
84.5307,0.091637793
84.5338,0.091637926
84.537,0.091638058
84.5401,0.091638191
84.5432,0.091638324
84.5463,0.091638457
84.5494,0.09163859
84.5525,0.091638723
84.5557,0.091638856
84.5588,0.091638988
84.5619,0.091639121
84.565,0.091639254
84.5681,0.091639387
84.5713,0.091639519
84.5744,0.091639652
84.5775,0.091639785
84.5806,0.091639917
84.5837,0.09164005
84.5868,0.091640182
84.59,0.091640315
84.5931,0.091640447
84.5962,0.09164058
84.5993,0.091640712
84.6024,0.091640845
84.6056,0.091640977
84.6087,0.091641109
84.6118,0.091641242
84.6149,0.091641374
84.618,0.091641506
84.6211,0.091641639
84.6243,0.091641771
84.6274,0.091641903
84.6305,0.091642036
84.6336,0.091642168
84.6367,0.0916423
84.6399,0.091642432
84.643,0.091642564
84.6461,0.091642697
84.6492,0.091642829
84.6523,0.091642961
84.6554,0.091643093
84.6586,0.091643225
84.6617,0.091643357
84.6648,0.091643489
84.6679,0.091643621
84.671,0.091643753
84.6742,0.091643885
84.6773,0.091644017
84.6804,0.091644149
84.6835,0.091644281
84.6866,0.091644413
84.6897,0.091644545
84.6929,0.091644677
84.696,0.091644809
84.6991,0.091644941
84.7022,0.091645073
84.7053,0.091645205
84.7085,0.091645336
84.7116,0.091645468
84.7147,0.0916456
84.7178,0.091645732
84.7209,0.091645864
84.724,0.091645996
84.7272,0.091646128
84.7303,0.091646259
84.7334,0.091646391
84.7365,0.091646523
84.7396,0.091646655
84.7428,0.091646787
84.7459,0.091646918
84.749,0.09164705
84.7521,0.091647182
84.7552,0.091647314
84.7583,0.091647445
84.7615,0.091647577
84.7646,0.091647709
84.7677,0.091647841
84.7708,0.091647972
84.7739,0.091648104
84.7771,0.091648236
84.7802,0.091648368
84.7833,0.091648499
84.7864,0.091648631
84.7895,0.091648763
84.7926,0.091648894
84.7958,0.091649026
84.7989,0.091649158
84.802,0.091649289
84.8051,0.091649421
84.8082,0.091649553
84.8114,0.091649684
84.8145,0.091649816
84.8176,0.091649948
84.8207,0.091650079
84.8238,0.091650211
84.8269,0.091650343
84.8301,0.091650474
84.8332,0.091650606
84.8363,0.091650737
84.8394,0.091650869
84.8425,0.091651001
84.8457,0.091651132
84.8488,0.091651264
84.8519,0.091651395
84.855,0.091651527
84.8581,0.091651658
84.8612,0.09165179
84.8644,0.091651921
84.8675,0.091652053
84.8706,0.091652184
84.8737,0.091652316
84.8768,0.091652447
84.88,0.091652578
84.8831,0.09165271
84.8862,0.091652841
84.8893,0.091652973
84.8924,0.091653104
84.8955,0.091653235
84.8987,0.091653366
84.9018,0.091653498
84.9049,0.091653629
84.908,0.09165376
84.9111,0.091653892
84.9143,0.091654023
84.9174,0.091654154
84.9205,0.091654285
84.9236,0.091654416
84.9267,0.091654547
84.9298,0.091654678
84.933,0.091654809
84.9361,0.09165494
84.9392,0.091655071
84.9423,0.091655202
84.9454,0.091655333
84.9485,0.091655464
84.9517,0.091655595
84.9548,0.091655726
84.9579,0.091655856
84.961,0.091655987
84.9641,0.091656118
84.9673,0.091656249
84.9704,0.091656379
84.9735,0.09165651
84.9766,0.091656641
84.9797,0.091656771
84.9828,0.091656902
84.986,0.091657032
84.9891,0.091657163
84.9922,0.091657293
84.9953,0.091657424
84.9984,0.091657554
85.0016,0.091657684
85.0047,0.091657815
85.0078,0.091657945
85.0109,0.091658075
85.014,0.091658206
85.0172,0.091658336
85.0203,0.091658466
85.0234,0.091658596
85.0265,0.091658726
85.0296,0.091658856
85.0327,0.091658986
85.0359,0.091659116
85.039,0.091659246
85.0421,0.091659376
85.0452,0.091659506
85.0483,0.091659636
85.0515,0.091659766
85.0546,0.091659896
85.0577,0.091660026
85.0608,0.091660155
85.0639,0.091660285
85.067,0.091660415
85.0702,0.091660544
85.0733,0.091660674
85.0764,0.091660803
85.0795,0.091660933
85.0826,0.091661063
85.0857,0.091661192
85.0889,0.091661322
85.092,0.091661451
85.0951,0.09166158
85.0982,0.09166171
85.1013,0.091661839
85.1045,0.091661968
85.1076,0.091662098
85.1107,0.091662227
85.1138,0.091662356
85.1169,0.091662485
85.12,0.091662615
85.1232,0.091662744
85.1263,0.091662873
85.1294,0.091663002
85.1325,0.091663131
85.1356,0.09166326
85.1388,0.091663389
85.1419,0.091663518
85.145,0.091663647
85.1481,0.091663776
85.1512,0.091663905
85.1543,0.091664034
85.1575,0.091664163
85.1606,0.091664292
85.1637,0.09166442
85.1668,0.091664549
85.1699,0.091664678
85.1731,0.091664807
85.1762,0.091664936
85.1793,0.091665065
85.1824,0.091665193
85.1855,0.091665322
85.1886,0.091665451
85.1918,0.091665579
85.1949,0.091665708
85.198,0.091665837
85.2011,0.091665965
85.2042,0.091666094
85.2074,0.091666222
85.2105,0.091666351
85.2136,0.091666479
85.2167,0.091666608
85.2198,0.091666736
85.2229,0.091666865
85.2261,0.091666993
85.2292,0.091667122
85.2323,0.09166725
85.2354,0.091667378
85.2385,0.091667507
85.2417,0.091667635
85.2448,0.091667763
85.2479,0.091667892
85.251,0.09166802
85.2541,0.091668148
85.2572,0.091668276
85.2604,0.091668405
85.2635,0.091668533
85.2666,0.091668661
85.2697,0.091668789
85.2728,0.091668917
85.276,0.091669045
85.2791,0.091669174
85.2822,0.091669302
85.2853,0.09166943
85.2884,0.091669558
85.2915,0.091669686
85.2947,0.091669814
85.2978,0.091669942
85.3009,0.09167007
85.304,0.091670198
85.3071,0.091670326
85.3103,0.091670454
85.3134,0.091670582
85.3165,0.091670709
85.3196,0.091670837
85.3227,0.091670965
85.3258,0.091671093
85.329,0.091671221
85.3321,0.091671349
85.3352,0.091671476
85.3383,0.091671604
85.3414,0.091671732
85.3446,0.091671859
85.3477,0.091671987
85.3508,0.091672115
85.3539,0.091672243
85.357,0.09167237
85.3601,0.091672498
85.3633,0.091672625
85.3664,0.091672753
85.3695,0.091672881
85.3726,0.091673008
85.3757,0.091673136
85.3789,0.091673263
85.382,0.091673391
85.3851,0.091673518
85.3882,0.091673646
85.3913,0.091673773
85.3944,0.091673901
85.3976,0.091674028
85.4007,0.091674155
85.4038,0.091674283
85.4069,0.09167441
85.41,0.091674537
85.4132,0.091674665
85.4163,0.091674792
85.4194,0.091674919
85.4225,0.091675046
85.4256,0.091675174
85.4287,0.091675301
85.4319,0.091675428
85.435,0.091675555
85.4381,0.091675682
85.4412,0.091675809
85.4443,0.091675936
85.4475,0.091676063
85.4506,0.091676191
85.4537,0.091676318
85.4568,0.091676444
85.4599,0.091676571
85.463,0.091676699
85.4662,0.091676825
85.4693,0.091676952
85.4724,0.091677079
85.4755,0.091677206
85.4786,0.091677333
85.4818,0.09167746
85.4849,0.091677587
85.488,0.091677713
85.4911,0.09167784
85.4942,0.091677967
85.4973,0.091678094
85.5005,0.09167822
85.5036,0.091678347
85.5067,0.091678474
85.5098,0.0916786
85.5129,0.091678727
85.5161,0.091678854
85.5192,0.09167898
85.5223,0.091679107
85.5254,0.091679233
85.5285,0.09167936
85.5316,0.091679487
85.5348,0.091679613
85.5379,0.091679739
85.541,0.091679866
85.5441,0.091679992
85.5472,0.091680119
85.5504,0.091680245
85.5535,0.091680371
85.5566,0.091680498
85.5597,0.091680624
85.5628,0.091680751
85.5659,0.091680877
85.5691,0.091681003
85.5722,0.091681129
85.5753,0.091681256
85.5784,0.091681382
85.5815,0.091681508
85.5847,0.091681634
85.5878,0.09168176
85.5909,0.091681886
85.594,0.091682013
85.5971,0.091682138
85.6002,0.091682265
85.6034,0.091682391
85.6065,0.091682517
85.6096,0.091682643
85.6127,0.091682769
85.6158,0.091682895
85.619,0.091683021
85.6221,0.091683147
85.6252,0.091683272
85.6283,0.091683398
85.6314,0.091683524
85.6345,0.09168365
85.6377,0.091683776
85.6408,0.091683902
85.6439,0.091684027
85.647,0.091684153
85.6501,0.091684279
85.6533,0.091684405
85.6564,0.09168453
85.6595,0.091684656
85.6626,0.091684782
85.6657,0.091684907
85.6688,0.091685033
85.672,0.091685159
85.6751,0.091685284
85.6782,0.09168541
85.6813,0.091685535
85.6844,0.091685661
85.6876,0.091685786
85.6907,0.091685912
85.6938,0.091686037
85.6969,0.091686163
85.7,0.091686288
85.7031,0.091686413
85.7063,0.091686539
85.7094,0.091686664
85.7125,0.09168679
85.7156,0.091686915
85.7187,0.09168704
85.7219,0.091687165
85.725,0.091687291
85.7281,0.091687416
85.7312,0.091687541
85.7343,0.091687666
85.7374,0.091687792
85.7406,0.091687917
85.7437,0.091688042
85.7468,0.091688167
85.7499,0.091688292
85.753,0.091688417
85.7562,0.091688542
85.7593,0.091688667
85.7624,0.091688792
85.7655,0.091688917
85.7686,0.091689042
85.7717,0.091689167
85.7749,0.091689292
85.778,0.091689417
85.7811,0.091689542
85.7842,0.091689667
85.7873,0.091689791
85.7905,0.091689916
85.7936,0.091690041
85.7967,0.091690166
85.7998,0.09169029
85.8029,0.091690415
85.806,0.09169054
85.8092,0.091690665
85.8123,0.091690789
85.8154,0.091690914
85.8185,0.091691039
85.8216,0.091691163
85.8248,0.091691288
85.8279,0.091691412
85.831,0.091691537
85.8341,0.091691661
85.8372,0.091691786
85.8403,0.09169191
85.8435,0.091692035
85.8466,0.091692159
85.8497,0.091692284
85.8528,0.091692408
85.8559,0.091692532
85.8591,0.091692657
85.8622,0.091692781
85.8653,0.091692905
85.8684,0.09169303
85.8715,0.091693154
85.8746,0.091693278
85.8778,0.091693402
85.8809,0.091693527
85.884,0.091693651
85.8871,0.091693775
85.8902,0.091693899
85.8934,0.091694023
85.8965,0.091694147
85.8996,0.091694271
85.9027,0.091694395
85.9058,0.09169452
85.9089,0.091694644
85.9121,0.091694767
85.9152,0.091694891
85.9183,0.091695015
85.9214,0.091695139
85.9245,0.091695263
85.9277,0.091695387
85.9308,0.091695511
85.9339,0.091695635
85.937,0.091695759
85.9401,0.091695883
85.9432,0.091696006
85.9464,0.09169613
85.9495,0.091696254
85.9526,0.091696378
85.9557,0.091696501
85.9588,0.091696625
85.962,0.091696749
85.9651,0.091696872
85.9682,0.091696996
85.9713,0.091697119
85.9744,0.091697243
85.9775,0.091697367
85.9807,0.09169749
85.9838,0.091697614
85.9869,0.091697737
85.99,0.091697861
85.9931,0.091697984
85.9963,0.091698108
85.9994,0.091698231
86.0025,0.091698354
86.0056,0.091698478
86.0087,0.091698601
86.0118,0.091698724
86.015,0.091698848
86.0181,0.091698971
86.0212,0.091699094
86.0243,0.091699218
86.0274,0.091699341
86.0306,0.091699464
86.0337,0.091699587
86.0368,0.091699711
86.0399,0.091699834
86.043,0.091699957
86.0461,0.09170008
86.0493,0.091700203
86.0524,0.091700326
86.0555,0.091700449
86.0586,0.091700572
86.0617,0.091700695
86.0649,0.091700818
86.068,0.091700941
86.0711,0.091701064
86.0742,0.091701187
86.0773,0.09170131
86.0804,0.091701433
86.0836,0.091701556
86.0867,0.091701679
86.0898,0.091701802
86.0929,0.091701925
86.096,0.091702047
86.0992,0.09170217
86.1023,0.091702293
86.1054,0.091702416
86.1085,0.091702538
86.1116,0.091702661
86.1147,0.091702784
86.1179,0.091702907
86.121,0.091703029
86.1241,0.091703152
86.1272,0.091703274
86.1303,0.091703397
86.1335,0.091703519
86.1366,0.091703642
86.1397,0.091703765
86.1428,0.091703887
86.1459,0.09170401
86.149,0.091704132
86.1522,0.091704254
86.1553,0.091704377
86.1584,0.091704499
86.1615,0.091704622
86.1646,0.091704744
86.1678,0.091704866
86.1709,0.091704989
86.174,0.091705111
86.1771,0.091705233
86.1802,0.091705356
86.1833,0.091705478
86.1865,0.0917056
86.1896,0.091705723
86.1927,0.091705845
86.1958,0.091705967
86.1989,0.091706089
86.2021,0.091706211
86.2052,0.091706333
86.2083,0.091706456
86.2114,0.091706578
86.2145,0.0917067
86.2176,0.091706822
86.2208,0.091706944
86.2239,0.091707066
86.227,0.091707188
86.2301,0.09170731
86.2332,0.091707432
86.2364,0.091707554
86.2395,0.091707676
86.2426,0.091707798
86.2457,0.09170792
86.2488,0.091708042
86.2519,0.091708164
86.2551,0.091708286
86.2582,0.091708407
86.2613,0.091708529
86.2644,0.091708651
86.2675,0.091708773
86.2707,0.091708895
86.2738,0.091709016
86.2769,0.091709138
86.28,0.09170926
86.2831,0.091709382
86.2862,0.091709503
86.2894,0.091709625
86.2925,0.091709746
86.2956,0.091709868
86.2987,0.09170999
86.3018,0.091710111
86.305,0.091710233
86.3081,0.091710354
86.3112,0.091710476
86.3143,0.091710598
86.3174,0.091710719
86.3205,0.09171084
86.3237,0.091710962
86.3268,0.091711083
86.3299,0.091711205
86.333,0.091711326
86.3361,0.091711447
86.3393,0.091711569
86.3424,0.09171169
86.3455,0.091711811
86.3486,0.091711933
86.3517,0.091712054
86.3548,0.091712175
86.358,0.091712296
86.3611,0.091712418
86.3642,0.091712539
86.3673,0.09171266
86.3704,0.091712781
86.3736,0.091712902
86.3767,0.091713023
86.3798,0.091713144
86.3829,0.091713266
86.386,0.091713387
86.3891,0.091713508
86.3923,0.091713629
86.3954,0.09171375
86.3985,0.091713871
86.4016,0.091713992
86.4047,0.091714113
86.4079,0.091714234
86.411,0.091714354
86.4141,0.091714475
86.4172,0.091714596
86.4203,0.091714717
86.4234,0.091714838
86.4266,0.091714959
86.4297,0.091715079
86.4328,0.0917152
86.4359,0.091715321
86.439,0.091715442
86.4422,0.091715562
86.4453,0.091715683
86.4484,0.091715804
86.4515,0.091715924
86.4546,0.091716045
86.4577,0.091716166
86.4609,0.091716286
86.464,0.091716407
86.4671,0.091716527
86.4702,0.091716648
86.4733,0.091716768
86.4765,0.091716889
86.4796,0.091717009
86.4827,0.091717129
86.4858,0.09171725
86.4889,0.09171737
86.492,0.091717491
86.4952,0.091717611
86.4983,0.091717731
86.5014,0.091717852
86.5045,0.091717972
86.5076,0.091718092
86.5108,0.091718212
86.5139,0.091718333
86.517,0.091718453
86.5201,0.091718573
86.5232,0.091718693
86.5263,0.091718814
86.5295,0.091718934
86.5326,0.091719054
86.5357,0.091719174
86.5388,0.091719294
86.5419,0.091719414
86.5451,0.091719534
86.5482,0.091719654
86.5513,0.091719774
86.5544,0.091719894
86.5575,0.091720014
86.5606,0.091720134
86.5638,0.091720254
86.5669,0.091720374
86.57,0.091720493
86.5731,0.091720613
86.5762,0.091720733
86.5794,0.091720853
86.5825,0.091720973
86.5856,0.091721092
86.5887,0.091721212
86.5918,0.091721332
86.5949,0.091721452
86.5981,0.091721571
86.6012,0.091721691
86.6043,0.091721811
86.6074,0.09172193
86.6105,0.09172205
86.6137,0.09172217
86.6168,0.091722289
86.6199,0.091722409
86.623,0.091722528
86.6261,0.091722648
86.6292,0.091722767
86.6324,0.091722887
86.6355,0.091723006
86.6386,0.091723126
86.6417,0.091723245
86.6448,0.091723365
86.648,0.091723484
86.6511,0.091723604
86.6542,0.091723723
86.6573,0.091723842
86.6604,0.091723962
86.6635,0.091724081
86.6667,0.0917242
86.6698,0.091724319
86.6729,0.091724439
86.676,0.091724558
86.6791,0.091724677
86.6823,0.091724796
86.6854,0.091724915
86.6885,0.091725035
86.6916,0.091725154
86.6947,0.091725273
86.6978,0.091725392
86.701,0.091725511
86.7041,0.09172563
86.7072,0.091725749
86.7103,0.091725868
86.7134,0.091725987
86.7166,0.091726106
86.7197,0.091726225
86.7228,0.091726344
86.7259,0.091726463
86.729,0.091726582
86.7321,0.091726701
86.7353,0.09172682
86.7384,0.091726939
86.7415,0.091727058
86.7446,0.091727176
86.7477,0.091727295
86.7509,0.091727414
86.754,0.091727533
86.7571,0.091727652
86.7602,0.09172777
86.7633,0.091727889
86.7664,0.091728008
86.7696,0.091728127
86.7727,0.091728245
86.7758,0.091728364
86.7789,0.091728482
86.782,0.091728601
86.7852,0.09172872
86.7883,0.091728838
86.7914,0.091728957
86.7945,0.091729075
86.7976,0.091729194
86.8007,0.091729312
86.8039,0.091729431
86.807,0.091729549
86.8101,0.091729668
86.8132,0.091729786
86.8163,0.091729905
86.8195,0.091730023
86.8226,0.091730142
86.8257,0.09173026
86.8288,0.091730378
86.8319,0.091730497
86.835,0.091730615
86.8382,0.091730733
86.8413,0.091730852
86.8444,0.09173097
86.8475,0.091731088
86.8506,0.091731206
86.8538,0.091731325
86.8569,0.091731443
86.86,0.091731561
86.8631,0.091731679
86.8662,0.091731797
86.8693,0.091731915
86.8725,0.091732034
86.8756,0.091732152
86.8787,0.09173227
86.8818,0.091732388
86.8849,0.091732506
86.8881,0.091732624
86.8912,0.091732742
86.8943,0.09173286
86.8974,0.091732978
86.9005,0.091733096
86.9036,0.091733214
86.9068,0.091733332
86.9099,0.09173345
86.913,0.091733568
86.9161,0.091733685
86.9192,0.091733803
86.9224,0.091733921
86.9255,0.091734039
86.9286,0.091734157
86.9317,0.091734275
86.9348,0.091734392
86.9379,0.09173451
86.9411,0.091734628
86.9442,0.091734746
86.9473,0.091734863
86.9504,0.091734981
86.9535,0.091735099
86.9567,0.091735216
86.9598,0.091735334
86.9629,0.091735451
86.966,0.091735569
86.9691,0.091735687
86.9722,0.091735804
86.9754,0.091735922
86.9785,0.091736039
86.9816,0.091736157
86.9847,0.091736274
86.9878,0.091736392
86.991,0.091736509
86.9941,0.091736627
86.9972,0.091736744
87.0003,0.091736861
87.0034,0.091736979
87.0065,0.091737096
87.0097,0.091737213
87.0128,0.091737331
87.0159,0.091737448
87.019,0.091737565
87.0221,0.091737682
87.0253,0.0917378
87.0284,0.091737917
87.0315,0.091738034
87.0346,0.091738151
87.0377,0.091738268
87.0408,0.091738386
87.044,0.091738503
87.0471,0.09173862
87.0502,0.091738737
87.0533,0.091738854
87.0564,0.091738971
87.0596,0.091739088
87.0627,0.091739205
87.0658,0.091739322
87.0689,0.091739439
87.072,0.091739556
87.0751,0.091739673
87.0783,0.09173979
87.0814,0.091739907
87.0845,0.091740023
87.0876,0.09174014
87.0907,0.091740257
87.0939,0.091740374
87.097,0.091740491
87.1001,0.091740608
87.1032,0.091740724
87.1063,0.091740841
87.1094,0.091740958
87.1126,0.091741074
87.1157,0.091741191
87.1188,0.091741308
87.1219,0.091741424
87.125,0.091741541
87.1282,0.091741658
87.1313,0.091741774
87.1344,0.091741891
87.1375,0.091742007
87.1406,0.091742124
87.1437,0.09174224
87.1469,0.091742357
87.15,0.091742473
87.1531,0.09174259
87.1562,0.091742706
87.1593,0.091742822
87.1625,0.091742939
87.1656,0.091743055
87.1687,0.091743171
87.1718,0.091743288
87.1749,0.091743404
87.178,0.09174352
87.1812,0.091743637
87.1843,0.091743753
87.1874,0.091743869
87.1905,0.091743985
87.1936,0.091744102
87.1968,0.091744218
87.1999,0.091744334
87.203,0.09174445
87.2061,0.091744566
87.2092,0.091744682
87.2123,0.091744799
87.2155,0.091744915
87.2186,0.091745031
87.2217,0.091745147
87.2248,0.091745263
87.2279,0.091745379
87.2311,0.091745495
87.2342,0.091745611
87.2373,0.091745727
87.2404,0.091745843
87.2435,0.091745959
87.2466,0.091746074
87.2498,0.09174619
87.2529,0.091746306
87.256,0.091746422
87.2591,0.091746538
87.2622,0.091746654
87.2654,0.09174677
87.2685,0.091746886
87.2716,0.091747001
87.2747,0.091747117
87.2778,0.091747233
87.2809,0.091747349
87.2841,0.091747464
87.2872,0.09174758
87.2903,0.091747696
87.2934,0.091747811
87.2965,0.091747927
87.2997,0.091748043
87.3028,0.091748158
87.3059,0.091748274
87.309,0.091748389
87.3121,0.091748505
87.3152,0.09174862
87.3184,0.091748736
87.3215,0.091748851
87.3246,0.091748966
87.3277,0.091749082
87.3308,0.091749197
87.334,0.091749312
87.3371,0.091749427
87.3402,0.091749542
87.3433,0.091749657
87.3464,0.091749772
87.3495,0.091749887
87.3527,0.091750002
87.3558,0.091750116
87.3589,0.091750231
87.362,0.091750345
87.3651,0.09175046
87.3683,0.091750574
87.3714,0.091750688
87.3745,0.091750802
87.3776,0.091750916
87.3807,0.09175103
87.3838,0.091751144
87.387,0.091751258
87.3901,0.091751372
87.3932,0.091751485
87.3963,0.091751599
87.3994,0.091751712
87.4026,0.091751826
87.4057,0.091751939
87.4088,0.091752052
87.4119,0.091752165
87.415,0.091752278
87.4181,0.091752391
87.4213,0.091752504
87.4244,0.091752617
87.4275,0.09175273
87.4306,0.091752843
87.4337,0.091752955
87.4369,0.091753068
87.44,0.091753181
87.4431,0.091753294
87.4462,0.091753406
87.4493,0.091753519
87.4524,0.091753632
87.4556,0.091753745
87.4587,0.091753858
87.4618,0.091753971
87.4649,0.091754084
87.468,0.091754197
87.4712,0.091754311
87.4743,0.091754425
87.4774,0.091754538
87.4805,0.091754653
87.4836,0.091754767
87.4867,0.091754881
87.4899,0.091754995
87.493,0.09175511
87.4961,0.091755225
87.4992,0.09175534
87.5023,0.091755455
87.5055,0.09175557
87.5086,0.091755685
87.5117,0.091755801
87.5148,0.091755917
87.5179,0.091756032
87.521,0.091756148
87.5242,0.091756264
87.5273,0.09175638
87.5304,0.091756497
87.5335,0.091756613
87.5366,0.091756729
87.5398,0.091756845
87.5429,0.091756962
87.546,0.091757078
87.5491,0.091757194
87.5522,0.09175731
87.5553,0.091757427
87.5585,0.091757543
87.5616,0.091757659
87.5647,0.091757775
87.5678,0.09175789
87.5709,0.091758006
87.5741,0.091758121
87.5772,0.091758237
87.5803,0.091758352
87.5834,0.091758467
87.5865,0.091758582
87.5896,0.091758697
87.5928,0.091758811
87.5959,0.091758926
87.599,0.09175904
87.6021,0.091759155
87.6052,0.091759269
87.6084,0.091759383
87.6115,0.091759497
87.6146,0.091759611
87.6177,0.091759725
87.6208,0.091759839
87.6239,0.091759953
87.6271,0.091760067
87.6302,0.09176018
87.6333,0.091760294
87.6364,0.091760408
87.6395,0.091760522
87.6427,0.091760636
87.6458,0.09176075
87.6489,0.091760864
87.652,0.091760978
87.6551,0.091761092
87.6582,0.091761206
87.6614,0.09176132
87.6645,0.091761435
87.6676,0.091761549
87.6707,0.091761663
87.6738,0.091761777
87.677,0.091761892
87.6801,0.091762006
87.6832,0.09176212
87.6863,0.091762235
87.6894,0.091762349
87.6925,0.091762463
87.6957,0.091762578
87.6988,0.091762692
87.7019,0.091762806
87.705,0.09176292
87.7081,0.091763034
87.7113,0.091763148
87.7144,0.091763262
87.7175,0.091763376
87.7206,0.09176349
87.7237,0.091763603
87.7268,0.091763716
87.73,0.09176383
87.7331,0.091763943
87.7362,0.091764056
87.7393,0.091764169
87.7424,0.091764281
87.7456,0.091764394
87.7487,0.091764506
87.7518,0.091764619
87.7549,0.091764731
87.758,0.091764843
87.7611,0.091764956
87.7643,0.091765068
87.7674,0.09176518
87.7705,0.091765292
87.7736,0.091765404
87.7767,0.091765516
87.7799,0.091765628
87.783,0.09176574
87.7861,0.091765852
87.7892,0.091765965
87.7923,0.091766077
87.7954,0.091766189
87.7986,0.091766302
87.8017,0.091766414
87.8048,0.091766527
87.8079,0.09176664
87.811,0.091766752
87.8142,0.091766865
87.8173,0.091766978
87.8204,0.091767091
87.8235,0.091767204
87.8266,0.091767317
87.8297,0.09176743
87.8329,0.091767543
87.836,0.091767656
87.8391,0.091767769
87.8422,0.091767882
87.8453,0.091767996
87.8485,0.091768109
87.8516,0.091768222
87.8547,0.091768335
87.8578,0.091768449
87.8609,0.091768561
87.864,0.091768675
87.8672,0.091768788
87.8703,0.0917689
87.8734,0.091769013
87.8765,0.091769126
87.8796,0.091769238
87.8828,0.09176935
87.8859,0.091769463
87.889,0.091769575
87.8921,0.091769687
87.8952,0.091769799
87.8983,0.09176991
87.9015,0.091770022
87.9046,0.091770134
87.9077,0.091770245
87.9108,0.091770357
87.9139,0.091770468
87.9171,0.09177058
87.9202,0.091770691
87.9233,0.091770802
87.9264,0.091770914
87.9295,0.091771025
87.9326,0.091771137
87.9358,0.091771248
87.9389,0.09177136
87.942,0.091771471
87.9451,0.091771583
87.9482,0.091771695
87.9514,0.091771806
87.9545,0.091771918
87.9576,0.09177203
87.9607,0.091772142
87.9638,0.091772254
87.9669,0.091772366
87.9701,0.091772478
87.9732,0.09177259
87.9763,0.091772703
87.9794,0.091772815
87.9825,0.091772927
87.9857,0.09177304
87.9888,0.091773152
87.9919,0.091773265
87.995,0.091773377
87.9981,0.09177349
88.0012,0.091773602
88.0044,0.091773715
88.0075,0.091773827
88.0106,0.091773939
88.0137,0.091774052
88.0168,0.091774164
88.02,0.091774276
88.0231,0.091774388
88.0262,0.0917745
88.0293,0.091774612
88.0324,0.091774724
88.0355,0.091774835
88.0387,0.091774947
88.0418,0.091775058
88.0449,0.091775169
88.048,0.091775281
88.0511,0.091775391
88.0543,0.091775502
88.0574,0.091775613
88.0605,0.091775724
88.0636,0.091775835
88.0667,0.091775945
88.0698,0.091776056
88.073,0.091776166
88.0761,0.091776277
88.0792,0.091776388
88.0823,0.091776498
88.0854,0.091776609
88.0886,0.091776719
88.0917,0.09177683
88.0948,0.091776941
88.0979,0.091777051
88.101,0.091777162
88.1041,0.091777273
88.1073,0.091777384
88.1104,0.091777495
88.1135,0.091777606
88.1166,0.091777718
88.1197,0.091777829
88.1229,0.091777941
88.126,0.091778052
88.1291,0.091778163
88.1322,0.091778275
88.1353,0.091778387
88.1384,0.091778498
88.1416,0.09177861
88.1447,0.091778722
88.1478,0.091778834
88.1509,0.091778946
88.154,0.091779057
88.1572,0.091779169
88.1603,0.091779281
88.1634,0.091779393
88.1665,0.091779504
88.1696,0.091779616
88.1727,0.091779727
88.1759,0.091779839
88.179,0.09177995
88.1821,0.091780061
88.1852,0.091780172
88.1883,0.091780283
88.1915,0.091780394
88.1946,0.091780505
88.1977,0.091780615
88.2008,0.091780726
88.2039,0.091780836
88.207,0.091780946
88.2102,0.091781056
88.2133,0.091781166
88.2164,0.091781276
88.2195,0.091781386
88.2226,0.091781496
88.2258,0.091781606
88.2289,0.091781716
88.232,0.091781825
88.2351,0.091781935
88.2382,0.091782045
88.2413,0.091782155
88.2445,0.091782264
88.2476,0.091782374
88.2507,0.091782484
88.2538,0.091782594
88.2569,0.091782704
88.2601,0.091782814
88.2632,0.091782924
88.2663,0.091783035
88.2694,0.091783145
88.2725,0.091783255
88.2756,0.091783366
88.2788,0.091783476
88.2819,0.091783587
88.285,0.091783698
88.2881,0.091783808
88.2912,0.091783919
88.2944,0.09178403
88.2975,0.091784141
88.3006,0.091784252
88.3037,0.091784363
88.3068,0.091784474
88.3099,0.091784585
88.3131,0.091784695
88.3162,0.091784806
88.3193,0.091784917
88.3224,0.091785028
88.3255,0.091785139
88.3287,0.091785249
88.3318,0.09178536
88.3349,0.09178547
88.338,0.091785581
88.3411,0.091785691
88.3442,0.091785801
88.3474,0.091785911
88.3505,0.091786021
88.3536,0.091786131
88.3567,0.09178624
88.3598,0.09178635
88.363,0.091786459
88.3661,0.091786568
88.3692,0.091786677
88.3723,0.091786787
88.3754,0.091786896
88.3785,0.091787005
88.3817,0.091787113
88.3848,0.091787222
88.3879,0.091787331
88.391,0.09178744
88.3941,0.091787549
88.3973,0.091787658
88.4004,0.091787767
88.4035,0.091787875
88.4066,0.091787984
88.4097,0.091788093
88.4128,0.091788202
88.416,0.091788312
88.4191,0.091788421
88.4222,0.09178853
88.4253,0.09178864
88.4284,0.091788749
88.4316,0.091788859
88.4347,0.091788969
88.4378,0.091789078
88.4409,0.091789188
88.444,0.091789298
88.4471,0.091789408
88.4503,0.091789518
88.4534,0.091789628
88.4565,0.091789738
88.4596,0.091789848
88.4627,0.091789958
88.4659,0.091790068
88.469,0.091790178
88.4721,0.091790288
88.4752,0.091790398
88.4783,0.091790508
88.4814,0.091790618
88.4846,0.091790728
88.4877,0.091790838
88.4908,0.091790947
88.4939,0.091791057
88.497,0.091791166
88.5002,0.091791276
88.5033,0.091791385
88.5064,0.091791494
88.5095,0.091791603
88.5126,0.091791711
88.5157,0.09179182
88.5189,0.091791929
88.522,0.091792037
88.5251,0.091792145
88.5282,0.091792254
88.5313,0.091792362
88.5345,0.09179247
88.5376,0.091792578
88.5407,0.091792686
88.5438,0.091792794
88.5469,0.091792902
88.55,0.09179301
88.5532,0.091793118
88.5563,0.091793226
88.5594,0.091793334
88.5625,0.091793442
88.5656,0.091793551
88.5688,0.091793659
88.5719,0.091793767
88.575,0.091793876
88.5781,0.091793984
88.5812,0.091794093
88.5843,0.091794202
88.5875,0.09179431
88.5906,0.091794419
88.5937,0.091794528
88.5968,0.091794637
88.5999,0.091794746
88.6031,0.091794855
88.6062,0.091794964
88.6093,0.091795073
88.6124,0.091795183
88.6155,0.091795292
88.6186,0.091795401
88.6218,0.09179551
88.6249,0.09179562
88.628,0.091795729
88.6311,0.091795838
88.6342,0.091795948
88.6374,0.091796057
88.6405,0.091796166
88.6436,0.091796275
88.6467,0.091796384
88.6498,0.091796492
88.6529,0.091796601
88.6561,0.09179671
88.6592,0.091796818
88.6623,0.091796926
88.6654,0.091797034
88.6685,0.091797142
88.6717,0.09179725
88.6748,0.091797358
88.6779,0.091797466
88.681,0.091797573
88.6841,0.091797681
88.6872,0.091797788
88.6904,0.091797896
88.6935,0.091798003
88.6966,0.09179811
88.6997,0.091798217
88.7028,0.091798325
88.706,0.091798432
88.7091,0.091798539
88.7122,0.091798646
88.7153,0.091798754
88.7184,0.091798861
88.7215,0.091798968
88.7247,0.091799076
88.7278,0.091799184
88.7309,0.091799291
88.734,0.091799399
88.7371,0.091799507
88.7403,0.091799615
88.7434,0.091799723
88.7465,0.091799831
88.7496,0.091799939
88.7527,0.091800047
88.7558,0.091800155
88.759,0.091800264
88.7621,0.091800372
88.7652,0.09180048
88.7683,0.091800589
88.7714,0.091800697
88.7746,0.091800806
88.7777,0.091800914
88.7808,0.091801023
88.7839,0.091801131
88.787,0.09180124
88.7901,0.091801348
88.7933,0.091801456
88.7964,0.091801565
88.7995,0.091801673
88.8026,0.091801781
88.8057,0.091801889
88.8089,0.091801997
88.812,0.091802104
88.8151,0.091802212
88.8182,0.091802319
88.8213,0.091802427
88.8244,0.091802534
88.8276,0.091802641
88.8307,0.091802748
88.8338,0.091802855
88.8369,0.091802962
88.84,0.091803069
88.8432,0.091803175
88.8463,0.091803282
88.8494,0.091803388
88.8525,0.091803495
88.8556,0.091803601
88.8587,0.091803708
88.8619,0.091803814
88.865,0.09180392
88.8681,0.091804027
88.8712,0.091804134
88.8743,0.09180424
88.8775,0.091804347
88.8806,0.091804453
88.8837,0.09180456
88.8868,0.091804667
88.8899,0.091804774
88.893,0.091804881
88.8962,0.091804988
88.8993,0.091805095
88.9024,0.091805203
88.9055,0.09180531
88.9086,0.091805417
88.9118,0.091805525
88.9149,0.091805632
88.918,0.09180574
88.9211,0.091805847
88.9242,0.091805955
88.9273,0.091806063
88.9305,0.09180617
88.9336,0.091806278
88.9367,0.091806386
88.9398,0.091806493
88.9429,0.091806601
88.9461,0.091806709
88.9492,0.091806816
88.9523,0.091806923
88.9554,0.091807031
88.9585,0.091807138
88.9616,0.091807245
88.9648,0.091807352
88.9679,0.091807459
88.971,0.091807566
88.9741,0.091807673
88.9772,0.091807779
88.9804,0.091807886
88.9835,0.091807992
88.9866,0.091808098
88.9897,0.091808204
88.9928,0.09180831
88.9959,0.091808416
88.9991,0.091808522
89.0022,0.091808627
89.0053,0.091808733
89.0084,0.091808838
89.0115,0.091808944
89.0147,0.09180905
89.0178,0.091809155
89.0209,0.091809261
89.024,0.091809366
89.0271,0.091809472
89.0302,0.091809578
89.0334,0.091809683
89.0365,0.091809789
89.0396,0.091809895
89.0427,0.091810001
89.0458,0.091810107
89.049,0.091810213
89.0521,0.09181032
89.0552,0.091810426
89.0583,0.091810532
89.0614,0.091810639
89.0645,0.091810745
89.0677,0.091810852
89.0708,0.091810958
89.0739,0.091811065
89.077,0.091811172
89.0801,0.091811279
89.0833,0.091811386
89.0864,0.091811492
89.0895,0.091811599
89.0926,0.091811706
89.0957,0.091811813
89.0988,0.09181192
89.102,0.091812027
89.1051,0.091812134
89.1082,0.091812241
89.1113,0.091812347
89.1144,0.091812454
89.1176,0.09181256
89.1207,0.091812667
89.1238,0.091812773
89.1269,0.091812879
89.13,0.091812985
89.1331,0.091813091
89.1363,0.091813197
89.1394,0.091813302
89.1425,0.091813408
89.1456,0.091813513
89.1487,0.091813618
89.1519,0.091813723
89.155,0.091813828
89.1581,0.091813933
89.1612,0.091814038
89.1643,0.091814143
89.1674,0.091814248
89.1706,0.091814352
89.1737,0.091814457
89.1768,0.091814562
89.1799,0.091814667
89.183,0.091814771
89.1862,0.091814876
89.1893,0.091814981
89.1924,0.091815086
89.1955,0.091815191
89.1986,0.091815296
89.2017,0.091815401
89.2049,0.091815506
89.208,0.091815612
89.2111,0.091815717
89.2142,0.091815823
89.2173,0.091815928
89.2205,0.091816034
89.2236,0.09181614
89.2267,0.091816246
89.2298,0.091816352
89.2329,0.091816458
89.236,0.091816564
89.2392,0.09181667
89.2423,0.091816776
89.2454,0.091816882
89.2485,0.091816988
89.2516,0.091817094
89.2548,0.0918172
89.2579,0.091817306
89.261,0.091817413
89.2641,0.091817519
89.2672,0.091817625
89.2703,0.09181773
89.2735,0.091817836
89.2766,0.091817942
89.2797,0.091818048
89.2828,0.091818153
89.2859,0.091818259
89.2891,0.091818364
89.2922,0.091818469
89.2953,0.091818574
89.2984,0.091818679
89.3015,0.091818784
89.3046,0.091818888
89.3078,0.091818993
89.3109,0.091819097
89.314,0.091819202
89.3171,0.091819306
89.3202,0.09181941
89.3234,0.091819514
89.3265,0.091819618
89.3296,0.091819722
89.3327,0.091819826
89.3358,0.09181993
89.3389,0.091820034
89.3421,0.091820138
89.3452,0.091820242
89.3483,0.091820346
89.3514,0.09182045
89.3545,0.091820555
89.3577,0.091820659
89.3608,0.091820763
89.3639,0.091820868
89.367,0.091820973
89.3701,0.091821077
89.3732,0.091821182
89.3764,0.091821287
89.3795,0.091821392
89.3826,0.091821497
89.3857,0.091821602
89.3888,0.091821707
89.392,0.091821812
89.3951,0.091821918
89.3982,0.091822023
89.4013,0.091822128
89.4044,0.091822234
89.4075,0.091822339
89.4107,0.091822445
89.4138,0.09182255
89.4169,0.091822655
89.42,0.091822761
89.4231,0.091822866
89.4263,0.091822971
89.4294,0.091823077
89.4325,0.091823182
89.4356,0.091823287
89.4387,0.091823392
89.4418,0.091823496
89.445,0.091823601
89.4481,0.091823706
89.4512,0.09182381
89.4543,0.091823914
89.4574,0.091824018
89.4606,0.091824122
89.4637,0.091824226
89.4668,0.09182433
89.4699,0.091824433
89.473,0.091824537
89.4761,0.09182464
89.4793,0.091824743
89.4824,0.091824847
89.4855,0.09182495
89.4886,0.091825053
89.4917,0.091825156
89.4949,0.091825259
89.498,0.091825362
89.5011,0.091825465
89.5042,0.091825568
89.5073,0.091825671
89.5104,0.091825774
89.5136,0.091825878
89.5167,0.091825981
89.5198,0.091826085
89.5229,0.091826188
89.526,0.091826292
89.5292,0.091826395
89.5323,0.091826499
89.5354,0.091826603
89.5385,0.091826707
89.5416,0.091826811
89.5447,0.091826915
89.5479,0.09182702
89.551,0.091827124
89.5541,0.091827228
89.5572,0.091827333
89.5603,0.091827437
89.5635,0.091827542
89.5666,0.091827646
89.5697,0.091827751
89.5728,0.091827855
89.5759,0.09182796
89.579,0.091828064
89.5822,0.091828169
89.5853,0.091828273
89.5884,0.091828378
89.5915,0.091828482
89.5946,0.091828586
89.5978,0.09182869
89.6009,0.091828794
89.604,0.091828898
89.6071,0.091829002
89.6102,0.091829106
89.6133,0.091829209
89.6165,0.091829313
89.6196,0.091829416
89.6227,0.091829519
89.6258,0.091829622
89.6289,0.091829725
89.6321,0.091829828
89.6352,0.091829931
89.6383,0.091830033
89.6414,0.091830136
89.6445,0.091830238
89.6476,0.091830341
89.6508,0.091830443
89.6539,0.091830545
89.657,0.091830648
89.6601,0.09183075
89.6632,0.091830852
89.6664,0.091830955
89.6695,0.091831057
89.6726,0.09183116
89.6757,0.091831262
89.6788,0.091831365
89.6819,0.091831468
89.6851,0.091831571
89.6882,0.091831674
89.6913,0.091831777
89.6944,0.09183188
89.6975,0.091831983
89.7007,0.091832086
89.7038,0.09183219
89.7069,0.091832293
89.71,0.091832397
89.7131,0.0918325
89.7162,0.091832604
89.7194,0.091832707
89.7225,0.091832811
89.7256,0.091832915
89.7287,0.091833019
89.7318,0.091833122
89.735,0.091833226
89.7381,0.09183333
89.7412,0.091833434
89.7443,0.091833537
89.7474,0.091833641
89.7505,0.091833744
89.7537,0.091833848
89.7568,0.091833951
89.7599,0.091834055
89.763,0.091834158
89.7661,0.091834261
89.7693,0.091834364
89.7724,0.091834467
89.7755,0.091834569
89.7786,0.091834672
89.7817,0.091834774
89.7848,0.091834876
89.788,0.091834978
89.7911,0.09183508
89.7942,0.091835182
89.7973,0.091835284
89.8004,0.091835386
89.8036,0.091835488
89.8067,0.091835589
89.8098,0.091835691
89.8129,0.091835792
89.816,0.091835894
89.8191,0.091835996
89.8223,0.091836097
89.8254,0.091836199
89.8285,0.0918363
89.8316,0.091836402
89.8347,0.091836504
89.8379,0.091836606
89.841,0.091836708
89.8441,0.09183681
89.8472,0.091836912
89.8503,0.091837014
89.8534,0.091837117
89.8566,0.091837219
89.8597,0.091837322
89.8628,0.091837424
89.8659,0.091837527
89.869,0.09183763
89.8722,0.091837733
89.8753,0.091837836
89.8784,0.091837939
89.8815,0.091838042
89.8846,0.091838145
89.8877,0.091838248
89.8909,0.091838351
89.894,0.091838454
89.8971,0.091838557
89.9002,0.09183866
89.9033,0.091838763
89.9065,0.091838866
89.9096,0.091838969
89.9127,0.091839072
89.9158,0.091839175
89.9189,0.091839277
89.922,0.09183938
89.9252,0.091839483
89.9283,0.091839585
89.9314,0.091839687
89.9345,0.091839789
89.9376,0.091839891
89.9408,0.091839993
89.9439,0.091840094
89.947,0.091840196
89.9501,0.091840297
89.9532,0.091840398
89.9563,0.0918405
89.9595,0.091840601
89.9626,0.091840702
89.9657,0.091840802
89.9688,0.091840903
89.9719,0.091841004
89.9751,0.091841105
89.9782,0.091841206
89.9813,0.091841306
89.9844,0.091841407
89.9875,0.091841508
89.9906,0.091841609
89.9938,0.09184171
89.9969,0.091841811
90,0.091841912
90.0031,0.091842013
90.0062,0.091842114
90.0094,0.091842216
90.0125,0.091842317
90.0156,0.091842419
90.0187,0.09184252
90.0218,0.091842622
90.0249,0.091842724
90.0281,0.091842826
90.0312,0.091842928
90.0343,0.09184303
90.0374,0.091843132
90.0405,0.091843234
90.0437,0.091843336
90.0468,0.091843439
90.0499,0.091843541
90.053,0.091843643
90.0561,0.091843746
90.0592,0.091843848
90.0624,0.09184395
90.0655,0.091844052
90.0686,0.091844155
90.0717,0.091844257
90.0748,0.091844359
90.078,0.091844461
90.0811,0.091844563
90.0842,0.091844664
90.0873,0.091844766
90.0904,0.091844868
90.0935,0.091844969
90.0967,0.09184507
90.0998,0.091845171
90.1029,0.091845272
90.106,0.091845373
90.1091,0.091845474
90.1123,0.091845574
90.1154,0.091845675
90.1185,0.091845775
90.1216,0.091845876
90.1247,0.091845976
90.1278,0.091846076
90.131,0.091846176
90.1341,0.091846276
90.1372,0.091846376
90.1403,0.091846476
90.1434,0.091846576
90.1466,0.091846676
90.1497,0.091846776
90.1528,0.091846876
90.1559,0.091846976
90.159,0.091847076
90.1621,0.091847177
90.1653,0.091847277
90.1684,0.091847378
90.1715,0.091847478
90.1746,0.091847579
90.1777,0.09184768
90.1809,0.091847781
90.184,0.091847882
90.1871,0.091847983
90.1902,0.091848084
90.1933,0.091848185
90.1964,0.091848286
90.1996,0.091848388
90.2027,0.091848489
90.2058,0.091848591
90.2089,0.091848692
90.212,0.091848794
90.2152,0.091848895
90.2183,0.091848997
90.2214,0.091849099
90.2245,0.0918492
90.2276,0.091849302
90.2307,0.091849403
90.2339,0.091849504
90.237,0.091849606
90.2401,0.091849707
90.2432,0.091849808
90.2463,0.091849909
90.2495,0.09185001
90.2526,0.091850111
90.2557,0.091850212
90.2588,0.091850313
90.2619,0.091850413
90.265,0.091850513
90.2682,0.091850613
90.2713,0.091850713
90.2744,0.091850813
90.2775,0.091850913
90.2806,0.091851012
90.2838,0.091851112
90.2869,0.091851211
90.29,0.091851311
90.2931,0.09185141
90.2962,0.091851509
90.2993,0.091851608
90.3025,0.091851707
90.3056,0.091851806
90.3087,0.091851906
90.3118,0.091852005
90.3149,0.091852104
90.3181,0.091852203
90.3212,0.091852302
90.3243,0.091852402
90.3274,0.091852501
90.3305,0.091852601
90.3336,0.091852701
90.3368,0.0918528
90.3399,0.0918529
90.343,0.091853
90.3461,0.0918531
90.3492,0.0918532
90.3524,0.091853301
90.3555,0.091853401
90.3586,0.091853502
90.3617,0.091853602
90.3648,0.091853703
90.3679,0.091853803
90.3711,0.091853904
90.3742,0.091854005
90.3773,0.091854105
90.3804,0.091854206
90.3835,0.091854307
90.3867,0.091854407
90.3898,0.091854508
90.3929,0.091854609
90.396,0.09185471
90.3991,0.09185481
90.4022,0.091854911
90.4054,0.091855012
90.4085,0.091855112
90.4116,0.091855212
90.4147,0.091855312
90.4178,0.091855412
90.421,0.091855512
90.4241,0.091855612
90.4272,0.091855712
90.4303,0.091855811
90.4334,0.091855911
90.4365,0.09185601
90.4397,0.091856109
90.4428,0.091856208
90.4459,0.091856307
90.449,0.091856406
90.4521,0.091856504
90.4553,0.091856603
90.4584,0.091856701
90.4615,0.0918568
90.4646,0.091856898
90.4677,0.091856997
90.4708,0.091857095
90.474,0.091857194
90.4771,0.091857292
90.4802,0.091857391
90.4833,0.091857489
90.4864,0.091857588
90.4896,0.091857687
90.4927,0.091857786
90.4958,0.091857885
90.4989,0.091857984
90.502,0.091858083
90.5051,0.091858182
90.5083,0.091858281
90.5114,0.091858381
90.5145,0.09185848
90.5176,0.09185858
90.5207,0.091858679
90.5239,0.091858779
90.527,0.091858879
90.5301,0.091858979
90.5332,0.091859079
90.5363,0.091859179
90.5394,0.091859279
90.5426,0.091859379
90.5457,0.091859478
90.5488,0.091859578
90.5519,0.091859678
90.555,0.091859778
90.5582,0.091859878
90.5613,0.091859978
90.5644,0.091860078
90.5675,0.091860178
90.5706,0.091860277
90.5737,0.091860377
90.5769,0.091860476
90.58,0.091860575
90.5831,0.091860675
90.5862,0.091860774
90.5893,0.091860872
90.5925,0.091860971
90.5956,0.09186107
90.5987,0.091861168
90.6018,0.091861266
90.6049,0.091861365
90.608,0.091861463
90.6112,0.091861561
90.6143,0.091861659
90.6174,0.091861756
90.6205,0.091861854
90.6236,0.091861952
90.6268,0.091862049
90.6299,0.091862147
90.633,0.091862244
90.6361,0.091862342
90.6392,0.09186244
90.6423,0.091862537
90.6455,0.091862635
90.6486,0.091862733
90.6517,0.091862831
90.6548,0.091862929
90.6579,0.091863027
90.6611,0.091863125
90.6642,0.091863223
90.6673,0.091863322
90.6704,0.09186342
90.6735,0.091863519
90.6766,0.091863618
90.6798,0.091863716
90.6829,0.091863815
90.686,0.091863914
90.6891,0.091864013
90.6922,0.091864113
90.6954,0.091864212
90.6985,0.091864311
90.7016,0.09186441
90.7047,0.09186451
90.7078,0.091864609
90.7109,0.091864709
90.7141,0.091864808
90.7172,0.091864907
90.7203,0.091865006
90.7234,0.091865106
90.7265,0.091865205
90.7297,0.091865304
90.7328,0.091865403
90.7359,0.091865502
90.739,0.091865601
90.7421,0.0918657
90.7452,0.091865798
90.7484,0.091865897
90.7515,0.091865995
90.7546,0.091866093
90.7577,0.091866191
90.7608,0.09186629
90.764,0.091866387
90.7671,0.091866485
90.7702,0.091866582
90.7733,0.09186668
90.7764,0.091866777
90.7795,0.091866874
90.7827,0.091866971
90.7858,0.091867068
90.7889,0.091867165
90.792,0.091867262
90.7951,0.091867359
90.7983,0.091867456
90.8014,0.091867553
90.8045,0.091867649
90.8076,0.091867746
90.8107,0.091867843
90.8138,0.09186794
90.817,0.091868037
90.8201,0.091868135
90.8232,0.091868232
90.8263,0.091868329
90.8294,0.091868427
90.8326,0.091868524
90.8357,0.091868622
90.8388,0.09186872
90.8419,0.091868818
90.845,0.091868916
90.8481,0.091869014
90.8513,0.091869112
90.8544,0.09186921
90.8575,0.091869308
90.8606,0.091869407
90.8637,0.091869505
90.8669,0.091869604
90.87,0.091869702
90.8731,0.091869801
90.8762,0.091869899
90.8793,0.091869998
90.8824,0.091870096
90.8856,0.091870195
90.8887,0.091870293
90.8918,0.091870391
90.8949,0.09187049
90.898,0.091870588
90.9012,0.091870686
90.9043,0.091870784
90.9074,0.091870882
90.9105,0.09187098
90.9136,0.091871077
90.9167,0.091871175
90.9199,0.091871272
90.923,0.091871369
90.9261,0.091871466
90.9292,0.091871563
90.9323,0.09187166
90.9355,0.091871757
90.9386,0.091871854
90.9417,0.09187195
90.9448,0.091872046
90.9479,0.091872143
90.951,0.091872239
90.9542,0.091872335
90.9573,0.091872431
90.9604,0.091872527
90.9635,0.091872624
90.9666,0.09187272
90.9698,0.091872816
90.9729,0.091872912
90.976,0.091873008
90.9791,0.091873105
90.9822,0.091873201
90.9853,0.091873298
90.9885,0.091873394
90.9916,0.091873491
90.9947,0.091873588
90.9978,0.091873685
91.0009,0.091873782
91.0041,0.091873879
91.0072,0.091873976
91.0103,0.091874074
91.0134,0.091874171
91.0165,0.091874269
91.0196,0.091874366
91.0228,0.091874464
91.0259,0.091874562
91.029,0.091874659
91.0321,0.091874757
91.0352,0.091874855
91.0384,0.091874953
91.0415,0.091875051
91.0446,0.091875149
91.0477,0.091875247
91.0508,0.091875345
91.0539,0.091875442
91.0571,0.09187554
91.0602,0.091875638
91.0633,0.091875735
91.0664,0.091875833
91.0695,0.09187593
91.0727,0.091876028
91.0758,0.091876125
91.0789,0.091876222
91.082,0.091876319
91.0851,0.091876415
91.0882,0.091876512
91.0914,0.091876608
91.0945,0.091876705
91.0976,0.091876801
91.1007,0.091876897
91.1038,0.091876993
91.107,0.091877088
91.1101,0.091877184
91.1132,0.09187728
91.1163,0.091877375
91.1194,0.09187747
91.1225,0.091877566
91.1257,0.091877661
91.1288,0.091877756
91.1319,0.091877852
91.135,0.091877947
91.1381,0.091878042
91.1413,0.091878138
91.1444,0.091878233
91.1475,0.091878329
91.1506,0.091878424
91.1537,0.09187852
91.1568,0.091878616
91.16,0.091878712
91.1631,0.091878808
91.1662,0.091878904
91.1693,0.091879001
91.1724,0.091879097
91.1756,0.091879193
91.1787,0.09187929
91.1818,0.091879387
91.1849,0.091879484
91.188,0.091879581
91.1911,0.091879677
91.1943,0.091879774
91.1974,0.091879872
91.2005,0.091879969
91.2036,0.091880066
91.2067,0.091880163
91.2099,0.09188026
91.213,0.091880357
91.2161,0.091880454
91.2192,0.091880552
91.2223,0.091880648
91.2254,0.091880745
91.2286,0.091880843
91.2317,0.091880939
91.2348,0.091881036
91.2379,0.091881133
91.241,0.091881229
91.2442,0.091881326
91.2473,0.091881422
91.2504,0.091881518
91.2535,0.091881614
91.2566,0.09188171
91.2597,0.091881805
91.2629,0.091881901
91.266,0.091881996
91.2691,0.091882092
91.2722,0.091882187
91.2753,0.091882282
91.2785,0.091882377
91.2816,0.091882471
91.2847,0.091882566
91.2878,0.091882661
91.2909,0.091882755
91.294,0.09188285
91.2972,0.091882944
91.3003,0.091883039
91.3034,0.091883134
91.3065,0.091883228
91.3096,0.091883323
91.3128,0.091883417
91.3159,0.091883512
91.319,0.091883607
91.3221,0.091883702
91.3252,0.091883797
91.3283,0.091883892
91.3315,0.091883988
91.3346,0.091884083
91.3377,0.091884178
91.3408,0.091884274
91.3439,0.09188437
91.3471,0.091884466
91.3502,0.091884562
91.3533,0.091884658
91.3564,0.091884754
91.3595,0.09188485
91.3626,0.091884946
91.3658,0.091885042
91.3689,0.091885139
91.372,0.091885235
91.3751,0.091885332
91.3782,0.091885428
91.3814,0.091885524
91.3845,0.091885621
91.3876,0.091885717
91.3907,0.091885814
91.3938,0.09188591
91.3969,0.091886006
91.4001,0.091886102
91.4032,0.091886198
91.4063,0.091886294
91.4094,0.09188639
91.4125,0.091886486
91.4157,0.091886581
91.4188,0.091886677
91.4219,0.091886772
91.425,0.091886867
91.4281,0.091886962
91.4312,0.091887057
91.4344,0.091887151
91.4375,0.091887246
91.4406,0.09188734
91.4437,0.091887434
91.4468,0.091887529
91.45,0.091887623
91.4531,0.091887717
91.4562,0.091887811
91.4593,0.091887904
91.4624,0.091887998
91.4655,0.091888092
91.4687,0.091888186
91.4718,0.09188828
91.4749,0.091888373
91.478,0.091888467
91.4811,0.091888561
91.4843,0.091888655
91.4874,0.091888749
91.4905,0.091888843
91.4936,0.091888938
91.4967,0.091889032
91.4998,0.091889127
91.503,0.091889221
91.5061,0.091889316
91.5092,0.091889411
91.5123,0.091889506
91.5154,0.091889601
91.5186,0.091889696
91.5217,0.091889791
91.5248,0.091889887
91.5279,0.091889982
91.531,0.091890078
91.5341,0.091890173
91.5373,0.091890269
91.5404,0.091890365
91.5435,0.09189046
91.5466,0.091890556
91.5497,0.091890652
91.5529,0.091890747
91.556,0.091890843
91.5591,0.091890939
91.5622,0.091891034
91.5653,0.09189113
91.5684,0.091891225
91.5716,0.091891321
91.5747,0.091891416
91.5778,0.091891511
91.5809,0.091891606
91.584,0.091891701
91.5872,0.091891796
91.5903,0.09189189
91.5934,0.091891985
91.5965,0.091892079
91.5996,0.091892173
91.6027,0.091892267
91.6059,0.091892361
91.609,0.091892455
91.6121,0.091892548
91.6152,0.091892642
91.6183,0.091892735
91.6215,0.091892828
91.6246,0.091892922
91.6277,0.091893015
91.6308,0.091893108
91.6339,0.091893201
91.637,0.091893294
91.6402,0.091893387
91.6433,0.09189348
91.6464,0.091893574
91.6495,0.091893667
91.6526,0.09189376
91.6558,0.091893853
91.6589,0.091893947
91.662,0.09189404
91.6651,0.091894134
91.6682,0.091894228
91.6713,0.091894322
91.6745,0.091894416
91.6776,0.09189451
91.6807,0.091894604
91.6838,0.091894698
91.6869,0.091894793
91.6901,0.091894887
91.6932,0.091894982
91.6963,0.091895077
91.6994,0.091895171
91.7025,0.091895266
91.7056,0.091895361
91.7088,0.091895456
91.7119,0.091895551
91.715,0.091895646
91.7181,0.091895741
91.7212,0.091895836
91.7244,0.091895931
91.7275,0.091896025
91.7306,0.09189612
91.7337,0.091896215
91.7368,0.09189631
91.7399,0.091896404
91.7431,0.091896499
91.7462,0.091896593
91.7493,0.091896687
91.7524,0.091896781
91.7555,0.091896875
91.7587,0.091896969
91.7618,0.091897063
91.7649,0.091897156
91.768,0.09189725
91.7711,0.091897343
91.7742,0.091897436
91.7774,0.091897529
91.7805,0.091897622
91.7836,0.091897715
91.7867,0.091897807
91.7898,0.0918979
91.793,0.091897992
91.7961,0.091898085
91.7992,0.091898177
91.8023,0.09189827
91.8054,0.091898362
91.8085,0.091898454
91.8117,0.091898547
91.8148,0.091898639
91.8179,0.091898732
91.821,0.091898824
91.8241,0.091898917
91.8273,0.09189901
91.8304,0.091899102
91.8335,0.091899195
91.8366,0.091899288
91.8397,0.091899382
91.8428,0.091899475
91.846,0.091899568
91.8491,0.091899662
91.8522,0.091899755
91.8553,0.091899849
91.8584,0.091899943
91.8616,0.091900037
91.8647,0.091900131
91.8678,0.091900225
91.8709,0.091900319
91.874,0.091900413
91.8771,0.091900507
91.8803,0.091900602
91.8834,0.091900696
91.8865,0.09190079
91.8896,0.091900884
91.8927,0.091900978
91.8959,0.091901073
91.899,0.091901167
91.9021,0.091901261
91.9052,0.091901355
91.9083,0.091901448
91.9114,0.091901542
91.9146,0.091901636
91.9177,0.09190173
91.9208,0.091901823
91.9239,0.091901916
91.927,0.091902009
91.9302,0.091902102
91.9333,0.091902195
91.9364,0.091902288
91.9395,0.09190238
91.9426,0.091902473
91.9457,0.091902565
91.9489,0.091902657
91.952,0.091902749
91.9551,0.091902841
91.9582,0.091902933
91.9613,0.091903024
91.9645,0.091903116
91.9676,0.091903208
91.9707,0.091903299
91.9738,0.091903391
91.9769,0.091903483
91.98,0.091903574
91.9832,0.091903666
91.9863,0.091903758
91.9894,0.091903849
91.9925,0.091903941
91.9956,0.091904033
91.9988,0.091904125
92.0019,0.091904218
92.005,0.09190431
92.0081,0.091904402
92.0112,0.091904495
92.0143,0.091904588
92.0175,0.09190468
92.0206,0.091904773
92.0237,0.091904866
92.0268,0.091904959
92.0299,0.091905053
92.0331,0.091905146
92.0362,0.091905239
92.0393,0.091905333
92.0424,0.091905426
92.0455,0.09190552
92.0486,0.091905613
92.0518,0.091905707
92.0549,0.0919058
92.058,0.091905894
92.0611,0.091905987
92.0642,0.091906081
92.0674,0.091906174
92.0705,0.091906268
92.0736,0.091906361
92.0767,0.091906454
92.0798,0.091906547
92.0829,0.09190664
92.0861,0.091906733
92.0892,0.091906826
92.0923,0.091906919
92.0954,0.091907011
92.0985,0.091907104
92.1017,0.091907196
92.1048,0.091907288
92.1079,0.09190738
92.111,0.091907471
92.1141,0.091907563
92.1172,0.091907654
92.1204,0.091907746
92.1235,0.091907837
92.1266,0.091907928
92.1297,0.091908019
92.1328,0.09190811
92.136,0.091908201
92.1391,0.091908292
92.1422,0.091908383
92.1453,0.091908474
92.1484,0.091908565
92.1515,0.091908656
92.1547,0.091908747
92.1578,0.091908838
92.1609,0.091908929
92.164,0.09190902
92.1671,0.091909112
92.1703,0.091909203
92.1734,0.091909295
92.1765,0.091909386
92.1796,0.091909478
92.1827,0.09190957
92.1858,0.091909662
92.189,0.091909754
92.1921,0.091909847
92.1952,0.091909939
92.1983,0.091910031
92.2014,0.091910124
92.2046,0.091910217
92.2077,0.091910309
92.2108,0.091910402
92.2139,0.091910495
92.217,0.091910588
92.2201,0.09191068
92.2233,0.091910773
92.2264,0.091910866
92.2295,0.091910959
92.2326,0.091911052
92.2357,0.091911145
92.2389,0.091911237
92.242,0.09191133
92.2451,0.091911423
92.2482,0.091911515
92.2513,0.091911607
92.2544,0.0919117
92.2576,0.091911792
92.2607,0.091911884
92.2638,0.091911976
92.2669,0.091912067
92.27,0.091912159
92.2732,0.09191225
92.2763,0.091912341
92.2794,0.091912433
92.2825,0.091912523
92.2856,0.091912614
92.2887,0.091912705
92.2919,0.091912796
92.295,0.091912886
92.2981,0.091912976
92.3012,0.091913066
92.3043,0.091913157
92.3075,0.091913247
92.3106,0.091913337
92.3137,0.091913427
92.3168,0.091913517
92.3199,0.091913607
92.323,0.091913698
92.3262,0.091913788
92.3293,0.091913878
92.3324,0.091913968
92.3355,0.091914059
92.3386,0.091914149
92.3418,0.09191424
92.3449,0.091914331
92.348,0.091914422
92.3511,0.091914513
92.3542,0.091914604
92.3573,0.091914695
92.3605,0.091914787
92.3636,0.091914878
92.3667,0.09191497
92.3698,0.091915062
92.3729,0.091915154
92.3761,0.091915246
92.3792,0.091915338
92.3823,0.09191543
92.3854,0.091915522
92.3885,0.091915614
92.3916,0.091915706
92.3948,0.091915799
92.3979,0.091915891
92.401,0.091915983
92.4041,0.091916075
92.4072,0.091916167
92.4104,0.091916259
92.4135,0.091916351
92.4166,0.091916443
92.4197,0.091916535
92.4228,0.091916627
92.4259,0.091916718
92.4291,0.09191681
92.4322,0.091916901
92.4353,0.091916993
92.4384,0.091917084
92.4415,0.091917175
92.4447,0.091917265
92.4478,0.091917356
92.4509,0.091917446
92.454,0.091917537
92.4571,0.091917627
92.4602,0.091917717
92.4634,0.091917807
92.4665,0.091917896
92.4696,0.091917986
92.4727,0.091918076
92.4758,0.091918165
92.479,0.091918255
92.4821,0.091918344
92.4852,0.091918433
92.4883,0.091918523
92.4914,0.091918612
92.4945,0.091918702
92.4977,0.091918791
92.5008,0.091918881
92.5039,0.091918971
92.507,0.09191906
92.5101,0.09191915
92.5133,0.09191924
92.5164,0.09191933
92.5195,0.091919421
92.5226,0.091919511
92.5257,0.091919601
92.5288,0.091919692
92.532,0.091919783
92.5351,0.091919873
92.5382,0.091919964
92.5413,0.091920055
92.5444,0.091920146
92.5476,0.091920238
92.5507,0.091920329
92.5538,0.09192042
92.5569,0.091920512
92.56,0.091920603
92.5631,0.091920695
92.5663,0.091920786
92.5694,0.091920878
92.5725,0.091920969
92.5756,0.09192106
92.5787,0.091921152
92.5819,0.091921243
92.585,0.091921335
92.5881,0.091921426
92.5912,0.091921517
92.5943,0.091921608
92.5974,0.091921699
92.6006,0.09192179
92.6037,0.09192188
92.6068,0.091921971
92.6099,0.091922061
92.613,0.091922152
92.6162,0.091922242
92.6193,0.091922331
92.6224,0.091922421
92.6255,0.091922511
92.6286,0.0919226
92.6317,0.09192269
92.6349,0.091922779
92.638,0.091922868
92.6411,0.091922957
92.6442,0.091923045
92.6473,0.091923134
92.6505,0.091923223
92.6536,0.091923312
92.6567,0.0919234
92.6598,0.091923489
92.6629,0.091923578
92.666,0.091923667
92.6692,0.091923755
92.6723,0.091923844
92.6754,0.091923933
92.6785,0.091924022
92.6816,0.091924111
92.6848,0.0919242
92.6879,0.09192429
92.691,0.091924379
92.6941,0.091924469
92.6972,0.091924559
92.7003,0.091924648
92.7035,0.091924738
92.7066,0.091924828
92.7097,0.091924918
92.7128,0.091925009
92.7159,0.091925099
92.7191,0.09192519
92.7222,0.09192528
92.7253,0.091925371
92.7284,0.091925462
92.7315,0.091925552
92.7346,0.091925643
92.7378,0.091925734
92.7409,0.091925825
92.744,0.091925915
92.7471,0.091926006
92.7502,0.091926097
92.7534,0.091926188
92.7565,0.091926278
92.7596,0.091926369
92.7627,0.091926459
92.7658,0.091926549
92.7689,0.09192664
92.7721,0.09192673
92.7752,0.09192682
92.7783,0.09192691
92.7814,0.091926999
92.7845,0.091927089
92.7877,0.091927178
92.7908,0.091927268
92.7939,0.091927357
92.797,0.091927446
92.8001,0.091927534
92.8032,0.091927623
92.8064,0.091927711
92.8095,0.0919278
92.8126,0.091927888
92.8157,0.091927976
92.8188,0.091928065
92.822,0.091928152
92.8251,0.091928241
92.8282,0.091928329
92.8313,0.091928416
92.8344,0.091928504
92.8375,0.091928593
92.8407,0.091928681
92.8438,0.091928769
92.8469,0.091928857
92.85,0.091928945
92.8531,0.091929033
92.8563,0.091929122
92.8594,0.09192921
92.8625,0.091929299
92.8656,0.091929388
92.8687,0.091929477
92.8718,0.091929566
92.875,0.091929655
92.8781,0.091929745
92.8812,0.091929834
92.8843,0.091929924
92.8874,0.091930013
92.8906,0.091930103
92.8937,0.091930193
92.8968,0.091930283
92.8999,0.091930373
92.903,0.091930463
92.9061,0.091930553
92.9093,0.091930643
92.9124,0.091930733
92.9155,0.091930823
92.9186,0.091930913
92.9217,0.091931003
92.9249,0.091931094
92.928,0.091931183
92.9311,0.091931273
92.9342,0.091931363
92.9373,0.091931453
92.9404,0.091931543
92.9436,0.091931632
92.9467,0.091931721
92.9498,0.091931811
92.9529,0.0919319
92.956,0.091931989
92.9592,0.091932078
92.9623,0.091932166
92.9654,0.091932255
92.9685,0.091932343
92.9716,0.091932431
92.9747,0.091932519
92.9779,0.091932607
92.981,0.091932695
92.9841,0.091932783
92.9872,0.09193287
92.9903,0.091932958
92.9935,0.091933045
92.9966,0.091933133
92.9997,0.09193322
93.0028,0.091933308
93.0059,0.091933395
93.009,0.091933482
93.0122,0.09193357
93.0153,0.091933657
93.0184,0.091933744
93.0215,0.091933832
93.0246,0.09193392
93.0278,0.091934007
93.0309,0.091934095
93.034,0.091934183
93.0371,0.091934271
93.0402,0.09193436
93.0433,0.091934448
93.0465,0.091934537
93.0496,0.091934625
93.0527,0.091934714
93.0558,0.091934803
93.0589,0.091934892
93.0621,0.091934981
93.0652,0.09193507
93.0683,0.091935159
93.0714,0.091935249
93.0745,0.091935338
93.0776,0.091935427
93.0808,0.091935517
93.0839,0.091935606
93.087,0.091935696
93.0901,0.091935785
93.0932,0.091935874
93.0964,0.091935964
93.0995,0.091936053
93.1026,0.091936142
93.1057,0.091936232
93.1088,0.091936321
93.1119,0.091936409
93.1151,0.091936498
93.1182,0.091936587
93.1213,0.091936676
93.1244,0.091936764
93.1275,0.091936853
93.1307,0.091936941
93.1338,0.091937029
93.1369,0.091937117
93.14,0.091937204
93.1431,0.091937292
93.1462,0.091937379
93.1494,0.091937466
93.1525,0.091937554
93.1556,0.091937641
93.1587,0.091937727
93.1618,0.091937814
93.165,0.091937901
93.1681,0.091937988
93.1712,0.091938074
93.1743,0.091938161
93.1774,0.091938247
93.1805,0.091938334
93.1837,0.091938421
93.1868,0.091938507
93.1899,0.091938594
93.193,0.09193868
93.1961,0.091938767
93.1993,0.091938854
93.2024,0.091938941
93.2055,0.091939029
93.2086,0.091939116
93.2117,0.091939203
93.2148,0.091939291
93.218,0.091939378
93.2211,0.091939466
93.2242,0.091939554
93.2273,0.091939642
93.2304,0.09193973
93.2336,0.091939819
93.2367,0.091939907
93.2398,0.091939995
93.2429,0.091940084
93.246,0.091940173
93.2491,0.091940261
93.2523,0.09194035
93.2554,0.091940439
93.2585,0.091940528
93.2616,0.091940617
93.2647,0.091940705
93.2679,0.091940794
93.271,0.091940883
93.2741,0.091940971
93.2772,0.09194106
93.2803,0.091941148
93.2834,0.091941237
93.2866,0.091941325
93.2897,0.091941413
93.2928,0.091941501
93.2959,0.091941589
93.299,0.091941677
93.3022,0.091941765
93.3053,0.091941852
93.3084,0.09194194
93.3115,0.091942027
93.3146,0.091942114
93.3177,0.091942201
93.3209,0.091942287
93.324,0.091942374
93.3271,0.09194246
93.3302,0.091942546
93.3333,0.091942633
93.3365,0.091942719
93.3396,0.091942805
93.3427,0.091942891
93.3458,0.091942977
93.3489,0.091943063
93.352,0.091943148
93.3552,0.091943234
93.3583,0.09194332
93.3614,0.091943406
93.3645,0.091943492
93.3676,0.091943578
93.3708,0.091943664
93.3739,0.09194375
93.377,0.091943837
93.3801,0.091943923
93.3832,0.09194401
93.3863,0.091944096
93.3895,0.091944183
93.3926,0.09194427
93.3957,0.091944357
93.3988,0.091944444
93.4019,0.091944532
93.4051,0.091944619
93.4082,0.091944707
93.4113,0.091944795
93.4144,0.091944882
93.4175,0.09194497
93.4206,0.091945058
93.4238,0.091945146
93.4269,0.091945234
93.43,0.091945322
93.4331,0.091945411
93.4362,0.091945499
93.4394,0.091945587
93.4425,0.091945675
93.4456,0.091945763
93.4487,0.091945851
93.4518,0.091945939
93.4549,0.091946027
93.4581,0.091946115
93.4612,0.091946202
93.4643,0.09194629
93.4674,0.091946377
93.4705,0.091946465
93.4737,0.091946552
93.4768,0.091946639
93.4799,0.091946726
93.483,0.091946813
93.4861,0.091946899
93.4892,0.091946986
93.4924,0.091947072
93.4955,0.091947158
93.4986,0.091947244
93.5017,0.09194733
93.5048,0.091947415
93.508,0.091947501
93.5111,0.091947586
93.5142,0.091947671
93.5173,0.091947757
93.5204,0.091947842
93.5235,0.091947927
93.5267,0.091948012
93.5298,0.091948097
93.5329,0.091948183
93.536,0.091948268
93.5391,0.091948353
93.5423,0.091948438
93.5454,0.091948524
93.5485,0.091948609
93.5516,0.091948695
93.5547,0.09194878
93.5578,0.091948866
93.561,0.091948952
93.5641,0.091949038
93.5672,0.091949125
93.5703,0.091949211
93.5734,0.091949297
93.5766,0.091949384
93.5797,0.091949471
93.5828,0.091949558
93.5859,0.091949645
93.589,0.091949732
93.5921,0.091949819
93.5953,0.091949906
93.5984,0.091949994
93.6015,0.091950081
93.6046,0.091950168
93.6077,0.091950256
93.6109,0.091950344
93.614,0.091950431
93.6171,0.091950518
93.6202,0.091950606
93.6233,0.091950693
93.6264,0.09195078
93.6296,0.091950868
93.6327,0.091950955
93.6358,0.091951042
93.6389,0.091951129
93.642,0.091951216
93.6452,0.091951302
93.6483,0.091951389
93.6514,0.091951476
93.6545,0.091951562
93.6576,0.091951648
93.6607,0.091951734
93.6639,0.09195182
93.667,0.091951905
93.6701,0.091951991
93.6732,0.091952076
93.6763,0.091952161
93.6795,0.091952246
93.6826,0.091952331
93.6857,0.091952416
93.6888,0.091952501
93.6919,0.091952585
93.695,0.09195267
93.6982,0.091952754
93.7013,0.091952839
93.7044,0.091952923
93.7075,0.091953008
93.7106,0.091953092
93.7138,0.091953176
93.7169,0.091953261
93.72,0.091953346
93.7231,0.09195343
93.7262,0.091953515
93.7293,0.0919536
93.7325,0.091953685
93.7356,0.09195377
93.7387,0.091953856
93.7418,0.091953941
93.7449,0.091954027
93.7481,0.091954112
93.7512,0.091954198
93.7543,0.091954284
93.7574,0.09195437
93.7605,0.091954457
93.7636,0.091954543
93.7668,0.091954629
93.7699,0.091954716
93.773,0.091954803
93.7761,0.091954889
93.7792,0.091954976
93.7824,0.091955063
93.7855,0.091955149
93.7886,0.091955236
93.7917,0.091955323
93.7948,0.09195541
93.7979,0.091955497
93.8011,0.091955583
93.8042,0.09195567
93.8073,0.091955756
93.8104,0.091955843
93.8135,0.091955929
93.8167,0.091956016
93.8198,0.091956102
93.8229,0.091956188
93.826,0.091956274
93.8291,0.091956359
93.8322,0.091956445
93.8354,0.09195653
93.8385,0.091956616
93.8416,0.091956701
93.8447,0.091956786
93.8478,0.09195687
93.851,0.091956955
93.8541,0.09195704
93.8572,0.091957124
93.8603,0.091957208
93.8634,0.091957292
93.8665,0.091957376
93.8697,0.09195746
93.8728,0.091957544
93.8759,0.091957628
93.879,0.091957711
93.8821,0.091957795
93.8853,0.091957879
93.8884,0.091957963
93.8915,0.091958047
93.8946,0.091958131
93.8977,0.091958214
93.9008,0.091958299
93.904,0.091958383
93.9071,0.091958467
93.9102,0.091958551
93.9133,0.091958636
93.9164,0.091958721
93.9196,0.091958805
93.9227,0.09195889
93.9258,0.091958975
93.9289,0.091959061
93.932,0.091959146
93.9351,0.091959232
93.9383,0.091959317
93.9414,0.091959403
93.9445,0.091959489
93.9476,0.091959575
93.9507,0.091959661
93.9539,0.091959747
93.957,0.091959833
93.9601,0.091959919
93.9632,0.091960005
93.9663,0.091960091
93.9694,0.091960177
93.9726,0.091960264
93.9757,0.09196035
93.9788,0.091960436
93.9819,0.091960522
93.985,0.091960607
93.9882,0.091960693
93.9913,0.091960779
93.9944,0.091960865
93.9975,0.09196095
94.0006,0.091961035
94.0037,0.091961121
94.0069,0.091961206
94.01,0.091961291
94.0131,0.091961375
94.0162,0.09196146
94.0193,0.091961544
94.0225,0.091961629
94.0256,0.091961713
94.0287,0.091961796
94.0318,0.09196188
94.0349,0.091961964
94.038,0.091962047
94.0412,0.091962131
94.0443,0.091962214
94.0474,0.091962297
94.0505,0.09196238
94.0536,0.091962463
94.0568,0.091962547
94.0599,0.09196263
94.063,0.091962713
94.0661,0.091962796
94.0692,0.091962879
94.0723,0.091962962
94.0755,0.091963045
94.0786,0.091963129
94.0817,0.091963212
94.0848,0.091963296
94.0879,0.091963379
94.0911,0.091963463
94.0942,0.091963547
94.0973,0.091963631
94.1004,0.091963715
94.1035,0.0919638
94.1066,0.091963884
94.1098,0.091963969
94.1129,0.091964054
94.116,0.091964139
94.1191,0.091964223
94.1222,0.091964309
94.1254,0.091964394
94.1285,0.091964479
94.1316,0.091964565
94.1347,0.09196465
94.1378,0.091964736
94.1409,0.091964821
94.1441,0.091964907
94.1472,0.091964992
94.1503,0.091965078
94.1534,0.091965163
94.1565,0.091965248
94.1597,0.091965334
94.1628,0.091965419
94.1659,0.091965504
94.169,0.091965589
94.1721,0.091965674
94.1752,0.091965759
94.1784,0.091965844
94.1815,0.091965928
94.1846,0.091966013
94.1877,0.091966097
94.1908,0.091966181
94.194,0.091966265
94.1971,0.091966349
94.2002,0.091966433
94.2033,0.091966516
94.2064,0.091966599
94.2095,0.091966682
94.2127,0.091966765
94.2158,0.091966848
94.2189,0.091966931
94.222,0.091967014
94.2251,0.091967096
94.2283,0.091967179
94.2314,0.091967261
94.2345,0.091967343
94.2376,0.091967426
94.2407,0.091967508
94.2438,0.09196759
94.247,0.091967673
94.2501,0.091967755
94.2532,0.091967838
94.2563,0.09196792
94.2594,0.091968003
94.2626,0.091968086
94.2657,0.091968169
94.2688,0.091968252
94.2719,0.091968335
94.275,0.091968418
94.2781,0.091968502
94.2813,0.091968585
94.2844,0.091968669
94.2875,0.091968753
94.2906,0.091968837
94.2937,0.091968921
94.2969,0.091969005
94.3,0.09196909
94.3031,0.091969174
94.3062,0.091969259
94.3093,0.091969344
94.3124,0.091969429
94.3156,0.091969513
94.3187,0.091969598
94.3218,0.091969683
94.3249,0.091969768
94.328,0.091969853
94.3312,0.091969938
94.3343,0.091970022
94.3374,0.091970107
94.3405,0.091970192
94.3436,0.091970277
94.3467,0.091970361
94.3499,0.091970446
94.353,0.09197053
94.3561,0.091970614
94.3592,0.091970698
94.3623,0.091970782
94.3655,0.091970866
94.3686,0.091970949
94.3717,0.091971033
94.3748,0.091971116
94.3779,0.091971199
94.381,0.091971282
94.3842,0.091971365
94.3873,0.091971447
94.3904,0.09197153
94.3935,0.091971612
94.3966,0.091971694
94.3998,0.091971776
94.4029,0.091971858
94.406,0.09197194
94.4091,0.091972022
94.4122,0.091972104
94.4153,0.091972185
94.4185,0.091972267
94.4216,0.091972349
94.4247,0.09197243
94.4278,0.091972512
94.4309,0.091972594
94.4341,0.091972676
94.4372,0.091972758
94.4403,0.09197284
94.4434,0.091972922
94.4465,0.091973004
94.4496,0.091973086
94.4528,0.091973169
94.4559,0.091973252
94.459,0.091973335
94.4621,0.091973418
94.4652,0.091973501
94.4684,0.091973584
94.4715,0.091973667
94.4746,0.091973751
94.4777,0.091973835
94.4808,0.091973919
94.4839,0.091974003
94.4871,0.091974087
94.4902,0.091974171
94.4933,0.091974255
94.4964,0.091974339
94.4995,0.091974423
94.5027,0.091974507
94.5058,0.091974592
94.5089,0.091974676
94.512,0.09197476
94.5151,0.091974844
94.5182,0.091974928
94.5214,0.091975012
94.5245,0.091975096
94.5276,0.09197518
94.5307,0.091975264
94.5338,0.091975347
94.537,0.091975431
94.5401,0.091975514
94.5432,0.091975598
94.5463,0.091975681
94.5494,0.091975763
94.5525,0.091975846
94.5557,0.091975929
94.5588,0.091976011
94.5619,0.091976093
94.565,0.091976175
94.5681,0.091976257
94.5713,0.091976339
94.5744,0.09197642
94.5775,0.091976502
94.5806,0.091976583
94.5837,0.091976664
94.5868,0.091976745
94.59,0.091976826
94.5931,0.091976907
94.5962,0.091976988
94.5993,0.091977069
94.6024,0.09197715
94.6056,0.091977231
94.6087,0.091977312
94.6118,0.091977393
94.6149,0.091977474
94.618,0.091977555
94.6211,0.091977637
94.6243,0.091977718
94.6274,0.0919778
94.6305,0.091977881
94.6336,0.091977963
94.6367,0.091978045
94.6399,0.091978128
94.643,0.09197821
94.6461,0.091978293
94.6492,0.091978375
94.6523,0.091978458
94.6554,0.091978541
94.6586,0.091978624
94.6617,0.091978707
94.6648,0.09197879
94.6679,0.091978874
94.671,0.091978957
94.6742,0.091979041
94.6773,0.091979124
94.6804,0.091979208
94.6835,0.091979292
94.6866,0.091979375
94.6897,0.091979459
94.6929,0.091979543
94.696,0.091979626
94.6991,0.09197971
94.7022,0.091979793
94.7053,0.091979876
94.7085,0.091979959
94.7116,0.091980043
94.7147,0.091980126
94.7178,0.091980209
94.7209,0.091980291
94.724,0.091980374
94.7272,0.091980456
94.7303,0.091980539
94.7334,0.091980621
94.7365,0.091980703
94.7396,0.091980784
94.7428,0.091980866
94.7459,0.091980947
94.749,0.091981029
94.7521,0.09198111
94.7552,0.091981191
94.7583,0.091981272
94.7615,0.091981353
94.7646,0.091981433
94.7677,0.091981514
94.7708,0.091981594
94.7739,0.091981674
94.7771,0.091981755
94.7802,0.091981835
94.7833,0.091981915
94.7864,0.091981996
94.7895,0.091982076
94.7926,0.091982156
94.7958,0.091982237
94.7989,0.091982317
94.802,0.091982398
94.8051,0.091982479
94.8082,0.09198256
94.8114,0.091982641
94.8145,0.091982722
94.8176,0.091982803
94.8207,0.091982885
94.8238,0.091982966
94.8269,0.091983048
94.8301,0.09198313
94.8332,0.091983212
94.8363,0.091983294
94.8394,0.091983377
94.8425,0.091983459
94.8457,0.091983542
94.8488,0.091983624
94.8519,0.091983707
94.855,0.09198379
94.8581,0.091983873
94.8612,0.091983956
94.8644,0.091984039
94.8675,0.091984122
94.8706,0.091984205
94.8737,0.091984288
94.8768,0.091984371
94.88,0.091984453
94.8831,0.091984536
94.8862,0.091984619
94.8893,0.091984702
94.8924,0.091984784
94.8955,0.091984867
94.8987,0.091984949
94.9018,0.091985031
94.9049,0.091985113
94.908,0.091985195
94.9111,0.091985277
94.9143,0.091985358
94.9174,0.09198544
94.9205,0.091985521
94.9236,0.091985602
94.9267,0.091985683
94.9298,0.091985763
94.933,0.091985844
94.9361,0.091985924
94.9392,0.091986004
94.9423,0.091986085
94.9454,0.091986164
94.9485,0.091986244
94.9517,0.091986324
94.9548,0.091986404
94.9579,0.091986483
94.961,0.091986563
94.9641,0.091986643
94.9673,0.091986722
94.9704,0.091986802
94.9735,0.091986881
94.9766,0.091986961
94.9797,0.091987041
94.9828,0.091987121
94.986,0.091987201
94.9891,0.091987281
94.9922,0.091987361
94.9953,0.091987441
94.9984,0.091987522
95.0016,0.091987602
95.0047,0.091987683
95.0078,0.091987764
95.0109,0.091987845
95.014,0.091987926
95.0172,0.091988008
95.0203,0.091988089
95.0234,0.091988171
95.0265,0.091988253
95.0296,0.091988335
95.0327,0.091988417
95.0359,0.091988499
95.039,0.091988581
95.0421,0.091988664
95.0452,0.091988746
95.0483,0.091988828
95.0515,0.091988911
95.0546,0.091988993
95.0577,0.091989075
95.0608,0.091989157
95.0639,0.09198924
95.067,0.091989322
95.0702,0.091989404
95.0733,0.091989486
95.0764,0.091989568
95.0795,0.09198965
95.0826,0.091989731
95.0857,0.091989813
95.0889,0.091989894
95.092,0.091989975
95.0951,0.091990056
95.0982,0.091990137
95.1013,0.091990218
95.1045,0.091990298
95.1076,0.091990379
95.1107,0.091990459
95.1138,0.091990539
95.1169,0.091990619
95.12,0.091990699
95.1232,0.091990778
95.1263,0.091990858
95.1294,0.091990937
95.1325,0.091991016
95.1356,0.091991096
95.1388,0.091991175
95.1419,0.091991254
95.145,0.091991333
95.1481,0.091991412
95.1512,0.091991491
95.1543,0.09199157
95.1575,0.091991649
95.1606,0.091991728
95.1637,0.091991807
95.1668,0.091991886
95.1699,0.091991966
95.1731,0.091992045
95.1762,0.091992125
95.1793,0.091992204
95.1824,0.091992284
95.1855,0.091992364
95.1886,0.091992445
95.1918,0.091992525
95.1949,0.091992606
95.198,0.091992686
95.2011,0.091992767
95.2042,0.091992848
95.2074,0.091992929
95.2105,0.09199301
95.2136,0.091993092
95.2167,0.091993173
95.2198,0.091993255
95.2229,0.091993336
95.2261,0.091993418
95.2292,0.0919935
95.2323,0.091993581
95.2354,0.091993663
95.2385,0.091993745
95.2417,0.091993827
95.2448,0.091993908
95.2479,0.09199399
95.251,0.091994071
95.2541,0.091994153
95.2572,0.091994234
95.2604,0.091994315
95.2635,0.091994396
95.2666,0.091994477
95.2697,0.091994558
95.2728,0.091994639
95.276,0.09199472
95.2791,0.0919948
95.2822,0.09199488
95.2853,0.09199496
95.2884,0.09199504
95.2915,0.09199512
95.2947,0.091995199
95.2978,0.091995279
95.3009,0.091995358
95.304,0.091995437
95.3071,0.091995516
95.3103,0.091995594
95.3134,0.091995673
95.3165,0.091995752
95.3196,0.09199583
95.3227,0.091995908
95.3258,0.091995987
95.329,0.091996065
95.3321,0.091996143
95.3352,0.091996222
95.3383,0.0919963
95.3414,0.091996378
95.3446,0.091996456
95.3477,0.091996535
95.3508,0.091996613
95.3539,0.091996692
95.357,0.091996771
95.3601,0.09199685
95.3633,0.091996929
95.3664,0.091997008
95.3695,0.091997087
95.3726,0.091997167
95.3757,0.091997246
95.3789,0.091997326
95.382,0.091997406
95.3851,0.091997486
95.3882,0.091997566
95.3913,0.091997647
95.3944,0.091997727
95.3976,0.091997808
95.4007,0.091997889
95.4038,0.09199797
95.4069,0.091998051
95.41,0.091998132
95.4132,0.091998213
95.4163,0.091998294
95.4194,0.091998375
95.4225,0.091998456
95.4256,0.091998537
95.4287,0.091998618
95.4319,0.091998699
95.435,0.09199878
95.4381,0.091998861
95.4412,0.091998942
95.4443,0.091999022
95.4475,0.091999103
95.4506,0.091999183
95.4537,0.091999263
95.4568,0.091999343
95.4599,0.091999423
95.463,0.091999503
95.4662,0.091999583
95.4693,0.091999662
95.4724,0.091999742
95.4755,0.091999821
95.4786,0.0919999
95.4818,0.091999978
95.4849,0.092000057
95.488,0.092000135
95.4911,0.092000214
95.4942,0.092000292
95.4973,0.09200037
95.5005,0.092000448
95.5036,0.092000525
95.5067,0.092000603
95.5098,0.092000681
95.5129,0.092000758
95.5161,0.092000836
95.5192,0.092000914
95.5223,0.092000991
95.5254,0.092001069
95.5285,0.092001146
95.5316,0.092001224
95.5348,0.092001302
95.5379,0.09200138
95.541,0.092001458
95.5441,0.092001536
95.5472,0.092001614
95.5504,0.092001692
95.5535,0.092001771
95.5566,0.09200185
95.5597,0.092001929
95.5628,0.092002008
95.5659,0.092002087
95.5691,0.092002166
95.5722,0.092002246
95.5753,0.092002326
95.5784,0.092002406
95.5815,0.092002486
95.5847,0.092002566
95.5878,0.092002646
95.5909,0.092002726
95.594,0.092002807
95.5971,0.092002887
95.6002,0.092002967
95.6034,0.092003048
95.6065,0.092003128
95.6096,0.092003209
95.6127,0.092003289
95.6158,0.09200337
95.619,0.09200345
95.6221,0.09200353
95.6252,0.09200361
95.6283,0.092003691
95.6314,0.092003771
95.6345,0.09200385
95.6377,0.09200393
95.6408,0.09200401
95.6439,0.092004089
95.647,0.092004168
95.6501,0.092004247
95.6533,0.092004326
95.6564,0.092004405
95.6595,0.092004484
95.6626,0.092004562
95.6657,0.09200464
95.6688,0.092004718
95.672,0.092004796
95.6751,0.092004874
95.6782,0.092004951
95.6813,0.092005029
95.6844,0.092005106
95.6876,0.092005183
95.6907,0.09200526
95.6938,0.092005337
95.6969,0.092005414
95.7,0.09200549
95.7031,0.092005567
95.7063,0.092005644
95.7094,0.092005721
95.7125,0.092005797
95.7156,0.092005874
95.7187,0.092005951
95.7219,0.092006028
95.725,0.092006105
95.7281,0.092006182
95.7312,0.09200626
95.7343,0.092006337
95.7374,0.092006414
95.7406,0.092006492
95.7437,0.09200657
95.7468,0.092006648
95.7499,0.092006726
95.753,0.092006805
95.7562,0.092006883
95.7593,0.092006962
95.7624,0.092007041
95.7655,0.09200712
95.7686,0.092007199
95.7717,0.092007278
95.7749,0.092007357
95.778,0.092007437
95.7811,0.092007516
95.7842,0.092007595
95.7873,0.092007675
95.7905,0.092007755
95.7936,0.092007834
95.7967,0.092007914
95.7998,0.092007993
95.8029,0.092008073
95.806,0.092008152
95.8092,0.092008231
95.8123,0.092008311
95.8154,0.09200839
95.8185,0.092008469
95.8216,0.092008548
95.8248,0.092008626
95.8279,0.092008705
95.831,0.092008783
95.8341,0.092008862
95.8372,0.09200894
95.8403,0.092009018
95.8435,0.092009096
95.8466,0.092009173
95.8497,0.092009251
95.8528,0.092009328
95.8559,0.092009405
95.8591,0.092009482
95.8622,0.092009558
95.8653,0.092009635
95.8684,0.092009711
95.8715,0.092009788
95.8746,0.092009864
95.8778,0.09200994
95.8809,0.092010016
95.884,0.092010092
95.8871,0.092010168
95.8902,0.092010244
95.8934,0.092010319
95.8965,0.092010395
95.8996,0.092010471
95.9027,0.092010547
95.9058,0.092010623
95.9089,0.092010699
95.9121,0.092010775
95.9152,0.092010851
95.9183,0.092010927
95.9214,0.092011004
95.9245,0.092011081
95.9277,0.092011157
95.9308,0.092011234
95.9339,0.092011311
95.937,0.092011389
95.9401,0.092011466
95.9432,0.092011544
95.9464,0.092011622
95.9495,0.0920117
95.9526,0.092011778
95.9557,0.092011856
95.9588,0.092011935
95.962,0.092012013
95.9651,0.092012092
95.9682,0.092012171
95.9713,0.092012249
95.9744,0.092012328
95.9775,0.092012407
95.9807,0.092012486
95.9838,0.092012565
95.9869,0.092012643
95.99,0.092012722
95.9931,0.092012801
95.9963,0.092012879
95.9994,0.092012958
96.0025,0.092013036
96.0056,0.092013115
96.0087,0.092013193
96.0118,0.092013271
96.015,0.092013349
96.0181,0.092013426
96.0212,0.092013504
96.0243,0.092013582
96.0274,0.092013659
96.0306,0.092013736
96.0337,0.092013813
96.0368,0.09201389
96.0399,0.092013966
96.043,0.092014043
96.0461,0.092014119
96.0493,0.092014195
96.0524,0.09201427
96.0555,0.092014346
96.0586,0.092014422
96.0617,0.092014497
96.0649,0.092014573
96.068,0.092014648
96.0711,0.092014723
96.0742,0.092014798
96.0773,0.092014873
96.0804,0.092014948
96.0836,0.092015023
96.0867,0.092015098
96.0898,0.092015173
96.0929,0.092015248
96.096,0.092015323
96.0992,0.092015398
96.1023,0.092015473
96.1054,0.092015549
96.1085,0.092015624
96.1116,0.0920157
96.1147,0.092015776
96.1179,0.092015852
96.121,0.092015928
96.1241,0.092016004
96.1272,0.092016081
96.1303,0.092016158
96.1335,0.092016235
96.1366,0.092016312
96.1397,0.092016389
96.1428,0.092016466
96.1459,0.092016544
96.149,0.092016621
96.1522,0.092016699
96.1553,0.092016777
96.1584,0.092016854
96.1615,0.092016932
96.1646,0.09201701
96.1678,0.092017088
96.1709,0.092017166
96.174,0.092017244
96.1771,0.092017322
96.1802,0.0920174
96.1833,0.092017478
96.1865,0.092017555
96.1896,0.092017633
96.1927,0.09201771
96.1958,0.092017788
96.1989,0.092017865
96.2021,0.092017942
96.2052,0.092018019
96.2083,0.092018096
96.2114,0.092018172
96.2145,0.092018249
96.2176,0.092018325
96.2208,0.092018401
96.2239,0.092018477
96.227,0.092018553
96.2301,0.092018628
96.2332,0.092018703
96.2364,0.092018779
96.2395,0.092018853
96.2426,0.092018928
96.2457,0.092019003
96.2488,0.092019077
96.2519,0.092019152
96.2551,0.092019226
96.2582,0.0920193
96.2613,0.092019374
96.2644,0.092019448
96.2675,0.092019522
96.2707,0.092019596
96.2738,0.09201967
96.2769,0.092019744
96.28,0.092019818
96.2831,0.092019892
96.2862,0.092019966
96.2894,0.09202004
96.2925,0.092020114
96.2956,0.092020189
96.2987,0.092020263
96.3018,0.092020338
96.305,0.092020413
96.3081,0.092020488
96.3112,0.092020563
96.3143,0.092020638
96.3174,0.092020714
96.3205,0.092020789
96.3237,0.092020865
96.3268,0.092020941
96.3299,0.092021017
96.333,0.092021094
96.3361,0.09202117
96.3393,0.092021247
96.3424,0.092021324
96.3455,0.092021401
96.3486,0.092021478
96.3517,0.092021555
96.3548,0.092021632
96.358,0.092021709
96.3611,0.092021786
96.3642,0.092021863
96.3673,0.092021939
96.3704,0.092022016
96.3736,0.092022093
96.3767,0.09202217
96.3798,0.092022247
96.3829,0.092022324
96.386,0.0920224
96.3891,0.092022476
96.3923,0.092022553
96.3954,0.092022629
96.3985,0.092022705
96.4016,0.092022781
96.4047,0.092022856
96.4079,0.092022932
96.411,0.092023007
96.4141,0.092023082
96.4172,0.092023157
96.4203,0.092023232
96.4234,0.092023306
96.4266,0.092023381
96.4297,0.092023455
96.4328,0.092023529
96.4359,0.092023603
96.439,0.092023676
96.4422,0.09202375
96.4453,0.092023823
96.4484,0.092023896
96.4515,0.09202397
96.4546,0.092024043
96.4577,0.092024116
96.4609,0.092024189
96.464,0.092024262
96.4671,0.092024335
96.4702,0.092024408
96.4733,0.092024481
96.4765,0.092024555
96.4796,0.092024628
96.4827,0.092024701
96.4858,0.092024775
96.4889,0.092024848
96.492,0.092024922
96.4952,0.092024996
96.4983,0.09202507
96.5014,0.092025144
96.5045,0.092025219
96.5076,0.092025293
96.5108,0.092025368
96.5139,0.092025443
96.517,0.092025518
96.5201,0.092025593
96.5232,0.092025669
96.5263,0.092025745
96.5295,0.09202582
96.5326,0.092025896
96.5357,0.092025972
96.5388,0.092026048
96.5419,0.092026124
96.5451,0.0920262
96.5482,0.092026277
96.5513,0.092026353
96.5544,0.092026429
96.5575,0.092026505
96.5606,0.092026581
96.5638,0.092026657
96.5669,0.092026733
96.57,0.09202681
96.5731,0.092026885
96.5762,0.092026961
96.5794,0.092027037
96.5825,0.092027112
96.5856,0.092027187
96.5887,0.092027262
96.5918,0.092027337
96.5949,0.092027412
96.5981,0.092027487
96.6012,0.092027561
96.6043,0.092027636
96.6074,0.09202771
96.6105,0.092027784
96.6137,0.092027857
96.6168,0.092027931
96.6199,0.092028004
96.623,0.092028077
96.6261,0.09202815
96.6292,0.092028223
96.6324,0.092028296
96.6355,0.092028368
96.6386,0.092028441
96.6417,0.092028513
96.6448,0.092028585
96.648,0.092028657
96.6511,0.09202873
96.6542,0.092028802
96.6573,0.092028874
96.6604,0.092028946
96.6635,0.092029018
96.6667,0.09202909
96.6698,0.092029162
96.6729,0.092029235
96.676,0.092029307
96.6791,0.092029379
96.6823,0.092029452
96.6854,0.092029525
96.6885,0.092029598
96.6916,0.092029671
96.6947,0.092029744
96.6978,0.092029818
96.701,0.092029891
96.7041,0.092029965
96.7072,0.092030039
96.7103,0.092030113
96.7134,0.092030188
96.7166,0.092030262
96.7197,0.092030337
96.7228,0.092030412
96.7259,0.092030487
96.729,0.092030562
96.7321,0.092030637
96.7353,0.092030712
96.7384,0.092030787
96.7415,0.092030863
96.7446,0.092030938
96.7477,0.092031013
96.7509,0.092031089
96.754,0.092031164
96.7571,0.092031239
96.7602,0.092031314
96.7633,0.092031389
96.7664,0.092031464
96.7696,0.092031539
96.7727,0.092031614
96.7758,0.092031689
96.7789,0.092031763
96.782,0.092031837
96.7852,0.092031911
96.7883,0.092031985
96.7914,0.092032059
96.7945,0.092032133
96.7976,0.092032206
96.8007,0.092032279
96.8039,0.092032353
96.807,0.092032425
96.8101,0.092032498
96.8132,0.09203257
96.8163,0.092032643
96.8195,0.092032715
96.8226,0.092032787
96.8257,0.092032859
96.8288,0.09203293
96.8319,0.092033002
96.835,0.092033074
96.8382,0.092033145
96.8413,0.092033216
96.8444,0.092033288
96.8475,0.092033359
96.8506,0.09203343
96.8538,0.092033501
96.8569,0.092033572
96.86,0.092033644
96.8631,0.092033715
96.8662,0.092033787
96.8693,0.092033858
96.8725,0.09203393
96.8756,0.092034001
96.8787,0.092034073
96.8818,0.092034145
96.8849,0.092034218
96.8881,0.09203429
96.8912,0.092034363
96.8943,0.092034435
96.8974,0.092034509
96.9005,0.092034582
96.9036,0.092034655
96.9068,0.092034728
96.9099,0.092034802
96.913,0.092034876
96.9161,0.09203495
96.9192,0.092035024
96.9224,0.092035098
96.9255,0.092035173
96.9286,0.092035247
96.9317,0.092035322
96.9348,0.092035396
96.9379,0.092035471
96.9411,0.092035545
96.9442,0.09203562
96.9473,0.092035695
96.9504,0.092035769
96.9535,0.092035843
96.9567,0.092035918
96.9598,0.092035992
96.9629,0.092036066
96.966,0.09203614
96.9691,0.092036214
96.9722,0.092036288
96.9754,0.092036361
96.9785,0.092036435
96.9816,0.092036508
96.9847,0.092036581
96.9878,0.092036654
96.991,0.092036726
96.9941,0.092036799
96.9972,0.092036871
97.0003,0.092036943
97.0034,0.092037015
97.0065,0.092037087
97.0097,0.092037158
97.0128,0.09203723
97.0159,0.092037301
97.019,0.092037372
97.0221,0.092037443
97.0253,0.092037513
97.0284,0.092037584
97.0315,0.092037654
97.0346,0.092037725
97.0377,0.092037795
97.0408,0.092037865
97.044,0.092037936
97.0471,0.092038006
97.0502,0.092038076
97.0533,0.092038147
97.0564,0.092038217
97.0596,0.092038287
97.0627,0.092038358
97.0658,0.092038428
97.0689,0.092038499
97.072,0.09203857
97.0751,0.092038641
97.0783,0.092038712
97.0814,0.092038783
97.0845,0.092038855
97.0876,0.092038926
97.0907,0.092038998
97.0939,0.09203907
97.097,0.092039143
97.1001,0.092039215
97.1032,0.092039288
97.1063,0.092039361
97.1094,0.092039434
97.1126,0.092039507
97.1157,0.09203958
97.1188,0.092039653
97.1219,0.092039727
97.125,0.0920398
97.1282,0.092039874
97.1313,0.092039948
97.1344,0.092040021
97.1375,0.092040095
97.1406,0.092040169
97.1437,0.092040243
97.1469,0.092040316
97.15,0.09204039
97.1531,0.092040463
97.1562,0.092040537
97.1593,0.09204061
97.1625,0.092040683
97.1656,0.092040756
97.1687,0.092040829
97.1718,0.092040902
97.1749,0.092040974
97.178,0.092041047
97.1812,0.092041119
97.1843,0.092041191
97.1874,0.092041263
97.1905,0.092041335
97.1936,0.092041406
97.1968,0.092041477
97.1999,0.092041548
97.203,0.092041619
97.2061,0.09204169
97.2092,0.09204176
97.2123,0.092041831
97.2155,0.092041901
97.2186,0.092041971
97.2217,0.092042041
97.2248,0.09204211
97.2279,0.09204218
97.2311,0.092042249
97.2342,0.092042319
97.2373,0.092042388
97.2404,0.092042457
97.2435,0.092042527
97.2466,0.092042596
97.2498,0.092042665
97.2529,0.092042735
97.256,0.092042804
97.2591,0.092042874
97.2622,0.092042943
97.2654,0.092043013
97.2685,0.092043083
97.2716,0.092043153
97.2747,0.092043223
97.2778,0.092043294
97.2809,0.092043364
97.2841,0.092043435
97.2872,0.092043506
97.2903,0.092043577
97.2934,0.092043648
97.2965,0.09204372
97.2997,0.092043792
97.3028,0.092043864
97.3059,0.092043936
97.309,0.092044008
97.3121,0.09204408
97.3152,0.092044153
97.3184,0.092044226
97.3215,0.092044298
97.3246,0.092044371
97.3277,0.092044444
97.3308,0.092044517
97.334,0.09204459
97.3371,0.092044663
97.3402,0.092044736
97.3433,0.092044809
97.3464,0.092044882
97.3495,0.092044955
97.3527,0.092045028
97.3558,0.0920451
97.3589,0.092045173
97.362,0.092045245
97.3651,0.092045317
97.3683,0.09204539
97.3714,0.092045461
97.3745,0.092045533
97.3776,0.092045605
97.3807,0.092045676
97.3838,0.092045747
97.387,0.092045819
97.3901,0.092045889
97.3932,0.09204596
97.3963,0.09204603
97.3994,0.092046101
97.4026,0.092046171
97.4057,0.092046241
97.4088,0.09204631
97.4119,0.09204638
97.415,0.092046449
97.4181,0.092046518
97.4213,0.092046587
97.4244,0.092046656
97.4275,0.092046725
97.4306,0.092046793
97.4337,0.092046862
97.4369,0.09204693
97.44,0.092046999
97.4431,0.092047067
97.4462,0.092047136
97.4493,0.092047204
97.4524,0.092047273
97.4556,0.092047341
97.4587,0.09204741
97.4618,0.092047479
97.4649,0.092047548
97.468,0.092047617
97.4712,0.092047686
97.4743,0.092047756
97.4774,0.092047825
97.4805,0.092047895
97.4836,0.092047965
97.4867,0.092048035
97.4899,0.092048105
97.493,0.092048176
97.4961,0.092048246
97.4992,0.092048317
97.5023,0.092048388
97.5055,0.09204846
97.5086,0.092048531
97.5117,0.092048603
97.5148,0.092048675
97.5179,0.092048747
97.521,0.092048819
97.5242,0.09204889
97.5273,0.092048963
97.5304,0.092049035
97.5335,0.092049107
97.5366,0.092049179
97.5398,0.092049251
97.5429,0.092049324
97.546,0.092049396
97.5491,0.092049467
97.5522,0.092049539
97.5553,0.092049611
97.5585,0.092049683
97.5616,0.092049754
97.5647,0.092049826
97.5678,0.092049897
97.5709,0.092049968
97.5741,0.092050039
97.5772,0.09205011
97.5803,0.09205018
97.5834,0.092050251
97.5865,0.092050321
97.5896,0.092050391
97.5928,0.092050461
97.5959,0.092050531
97.599,0.0920506
97.6021,0.092050669
97.6052,0.092050738
97.6084,0.092050807
97.6115,0.092050876
97.6146,0.092050944
97.6177,0.092051012
97.6208,0.09205108
97.6239,0.092051148
97.6271,0.092051216
97.6302,0.092051284
97.6333,0.092051352
97.6364,0.09205142
97.6395,0.092051487
97.6427,0.092051555
97.6458,0.092051622
97.6489,0.09205169
97.652,0.092051758
97.6551,0.092051826
97.6582,0.092051893
97.6614,0.092051961
97.6645,0.092052029
97.6676,0.092052097
97.6707,0.092052166
97.6738,0.092052234
97.677,0.092052303
97.6801,0.092052372
97.6832,0.092052441
97.6863,0.09205251
97.6894,0.09205258
97.6925,0.092052649
97.6957,0.092052719
97.6988,0.092052789
97.7019,0.09205286
97.705,0.09205293
97.7081,0.092053001
97.7113,0.092053071
97.7144,0.092053142
97.7175,0.092053213
97.7206,0.092053285
97.7237,0.092053356
97.7268,0.092053427
97.73,0.092053499
97.7331,0.09205357
97.7362,0.092053642
97.7393,0.092053713
97.7424,0.092053785
97.7456,0.092053856
97.7487,0.092053927
97.7518,0.092053998
97.7549,0.09205407
97.758,0.092054141
97.7611,0.092054211
97.7643,0.092054282
97.7674,0.092054353
97.7705,0.092054423
97.7736,0.092054494
97.7767,0.092054564
97.7799,0.092054633
97.783,0.092054703
97.7861,0.092054773
97.7892,0.092054842
97.7923,0.092054911
97.7954,0.09205498
97.7986,0.092055049
97.8017,0.092055117
97.8048,0.092055186
97.8079,0.092055254
97.811,0.092055322
97.8142,0.092055389
97.8173,0.092055457
97.8204,0.092055524
97.8235,0.092055592
97.8266,0.092055659
97.8297,0.092055726
97.8329,0.092055793
97.836,0.09205586
97.8391,0.092055926
97.8422,0.092055993
97.8453,0.09205606
97.8485,0.092056127
97.8516,0.092056193
97.8547,0.09205626
97.8578,0.092056327
97.8609,0.092056394
97.864,0.092056461
97.8672,0.092056528
97.8703,0.092056596
97.8734,0.092056663
97.8765,0.092056731
97.8796,0.092056799
97.8828,0.092056867
97.8859,0.092056935
97.889,0.092057004
97.8921,0.092057072
97.8952,0.092057141
97.8983,0.09205721
97.9015,0.09205728
97.9046,0.092057349
97.9077,0.092057419
97.9108,0.092057489
97.9139,0.092057559
97.9171,0.092057629
97.9202,0.092057699
97.9233,0.09205777
97.9264,0.09205784
97.9295,0.092057911
97.9326,0.092057981
97.9358,0.092058052
97.9389,0.092058123
97.942,0.092058194
97.9451,0.092058264
97.9482,0.092058335
97.9514,0.092058406
97.9545,0.092058476
97.9576,0.092058547
97.9607,0.092058617
97.9638,0.092058687
97.9669,0.092058757
97.9701,0.092058827
97.9732,0.092058896
97.9763,0.092058966
97.9794,0.092059035
97.9825,0.092059104
97.9857,0.092059173
97.9888,0.092059242
97.9919,0.092059311
97.995,0.092059379
97.9981,0.092059447
98.0012,0.092059515
98.0044,0.092059583
98.0075,0.09205965
98.0106,0.092059717
98.0137,0.092059784
98.0168,0.092059851
98.02,0.092059918
98.0231,0.092059985
98.0262,0.092060051
98.0293,0.092060117
98.0324,0.092060184
98.0355,0.09206025
98.0387,0.092060316
98.0418,0.092060381
98.0449,0.092060447
98.048,0.092060513
98.0511,0.092060579
98.0543,0.092060645
98.0574,0.092060711
98.0605,0.092060777
98.0636,0.092060843
98.0667,0.092060909
98.0698,0.092060975
98.073,0.092061042
98.0761,0.092061108
98.0792,0.092061175
98.0823,0.092061242
98.0854,0.092061309
98.0886,0.092061377
98.0917,0.092061444
98.0948,0.092061512
98.0979,0.09206158
98.101,0.092061648
98.1041,0.092061716
98.1073,0.092061785
98.1104,0.092061853
98.1135,0.092061923
98.1166,0.092061992
98.1197,0.092062061
98.1229,0.092062131
98.126,0.0920622
98.1291,0.09206227
98.1322,0.09206234
98.1353,0.09206241
98.1384,0.09206248
98.1416,0.09206255
98.1447,0.09206262
98.1478,0.09206269
98.1509,0.09206276
98.154,0.09206283
98.1572,0.0920629
98.1603,0.09206297
98.1634,0.092063039
98.1665,0.092063109
98.1696,0.092063178
98.1727,0.092063248
98.1759,0.092063317
98.179,0.092063386
98.1821,0.092063455
98.1852,0.092063523
98.1883,0.092063592
98.1915,0.09206366
98.1946,0.092063728
98.1977,0.092063796
98.2008,0.092063863
98.2039,0.092063931
98.207,0.092063998
98.2102,0.092064065
98.2133,0.092064132
98.2164,0.092064198
98.2195,0.092064265
98.2226,0.092064331
98.2258,0.092064397
98.2289,0.092064463
98.232,0.092064528
98.2351,0.092064594
98.2382,0.092064659
98.2413,0.092064725
98.2445,0.09206479
98.2476,0.092064855
98.2507,0.09206492
98.2538,0.092064985
98.2569,0.09206505
98.2601,0.092065116
98.2632,0.092065181
98.2663,0.092065246
98.2694,0.092065311
98.2725,0.092065376
98.2756,0.092065442
98.2788,0.092065508
98.2819,0.092065573
98.285,0.092065639
98.2881,0.092065705
98.2912,0.092065772
98.2944,0.092065838
98.2975,0.092065905
98.3006,0.092065972
98.3037,0.092066039
98.3068,0.092066106
98.3099,0.092066174
98.3131,0.092066241
98.3162,0.092066309
98.3193,0.092066378
98.3224,0.092066446
98.3255,0.092066514
98.3287,0.092066583
98.3318,0.092066652
98.3349,0.092066721
98.338,0.09206679
98.3411,0.092066859
98.3442,0.092066928
98.3474,0.092066997
98.3505,0.092067066
98.3536,0.092067135
98.3567,0.092067204
98.3598,0.092067273
98.363,0.092067342
98.3661,0.092067411
98.3692,0.09206748
98.3723,0.092067548
98.3754,0.092067617
98.3785,0.092067685
98.3817,0.092067753
98.3848,0.092067821
98.3879,0.092067889
98.391,0.092067957
98.3941,0.092068024
98.3973,0.092068091
98.4004,0.092068158
98.4035,0.092068225
98.4066,0.092068292
98.4097,0.092068358
98.4128,0.092068424
98.416,0.09206849
98.4191,0.092068556
98.4222,0.092068621
98.4253,0.092068687
98.4284,0.092068752
98.4316,0.092068817
98.4347,0.092068881
98.4378,0.092068946
98.4409,0.09206901
98.444,0.092069075
98.4471,0.092069139
98.4503,0.092069203
98.4534,0.092069267
98.4565,0.092069331
98.4596,0.092069395
98.4627,0.092069459
98.4659,0.092069522
98.469,0.092069586
98.4721,0.09206965
98.4752,0.092069714
98.4783,0.092069779
98.4814,0.092069843
98.4846,0.092069907
98.4877,0.092069972
98.4908,0.092070036
98.4939,0.092070101
98.497,0.092070166
98.5002,0.092070232
98.5033,0.092070297
98.5064,0.092070363
98.5095,0.092070428
98.5126,0.092070495
98.5157,0.092070561
98.5189,0.092070627
98.522,0.092070694
98.5251,0.092070761
98.5282,0.092070828
98.5313,0.092070895
98.5345,0.092070963
98.5376,0.09207103
98.5407,0.092071098
98.5438,0.092071166
98.5469,0.092071234
98.55,0.092071302
98.5532,0.09207137
98.5563,0.092071438
98.5594,0.092071506
98.5625,0.092071574
98.5656,0.092071642
98.5688,0.09207171
98.5719,0.092071778
98.575,0.092071846
98.5781,0.092071914
98.5812,0.092071981
98.5843,0.092072048
98.5875,0.092072115
98.5906,0.092072183
98.5937,0.092072249
98.5968,0.092072316
98.5999,0.092072383
98.6031,0.092072449
98.6062,0.092072515
98.6093,0.092072581
98.6124,0.092072647
98.6155,0.092072712
98.6186,0.092072777
98.6218,0.092072843
98.6249,0.092072907
98.628,0.092072972
98.6311,0.092073036
98.6342,0.092073101
98.6374,0.092073165
98.6405,0.092073229
98.6436,0.092073293
98.6467,0.092073356
98.6498,0.09207342
98.6529,0.092073483
98.6561,0.092073546
98.6592,0.092073609
98.6623,0.092073672
98.6654,0.092073736
98.6685,0.092073799
98.6717,0.092073862
98.6748,0.092073925
98.6779,0.092073988
98.681,0.092074051
98.6841,0.092074115
98.6872,0.092074178
98.6904,0.092074242
98.6935,0.092074305
98.6966,0.092074369
98.6997,0.092074433
98.7028,0.092074498
98.706,0.092074562
98.7091,0.092074627
98.7122,0.092074692
98.7153,0.092074757
98.7184,0.092074822
98.7215,0.092074888
98.7247,0.092074953
98.7278,0.092075019
98.7309,0.092075086
98.734,0.092075152
98.7371,0.092075218
98.7403,0.092075285
98.7434,0.092075352
98.7465,0.092075419
98.7496,0.092075486
98.7527,0.092075554
98.7558,0.092075621
98.759,0.092075688
98.7621,0.092075756
98.7652,0.092075823
98.7683,0.092075891
98.7714,0.092075958
98.7746,0.092076026
98.7777,0.092076093
98.7808,0.09207616
98.7839,0.092076227
98.787,0.092076294
98.7901,0.092076361
98.7933,0.092076428
98.7964,0.092076494
98.7995,0.09207656
98.8026,0.092076626
98.8057,0.092076692
98.8089,0.092076758
98.812,0.092076824
98.8151,0.092076889
98.8182,0.092076954
98.8213,0.092077019
98.8244,0.092077083
98.8276,0.092077148
98.8307,0.092077212
98.8338,0.092077276
98.8369,0.092077339
98.84,0.092077403
98.8432,0.092077466
98.8463,0.092077529
98.8494,0.092077592
98.8525,0.092077655
98.8556,0.092077717
98.8587,0.09207778
98.8619,0.092077842
98.865,0.092077904
98.8681,0.092077966
98.8712,0.092078028
98.8743,0.09207809
98.8775,0.092078152
98.8806,0.092078214
98.8837,0.092078275
98.8868,0.092078337
98.8899,0.092078399
98.893,0.092078461
98.8962,0.092078523
98.8993,0.092078586
98.9024,0.092078648
98.9055,0.09207871
98.9086,0.092078773
98.9118,0.092078836
98.9149,0.092078899
98.918,0.092078962
98.9211,0.092079026
98.9242,0.092079089
98.9273,0.092079153
98.9305,0.092079217
98.9336,0.092079281
98.9367,0.092079346
98.9398,0.092079411
98.9429,0.092079476
98.9461,0.092079541
98.9492,0.092079606
98.9523,0.092079672
98.9554,0.092079737
98.9585,0.092079803
98.9616,0.092079869
98.9648,0.092079935
98.9679,0.092080001
98.971,0.092080067
98.9741,0.092080133
98.9772,0.092080199
98.9804,0.092080266
98.9835,0.092080332
98.9866,0.092080398
98.9897,0.092080464
98.9928,0.09208053
98.9959,0.092080595
98.9991,0.092080661
99.0022,0.092080726
99.0053,0.092080792
99.0084,0.092080857
99.0115,0.092080922
99.0147,0.092080987
99.0178,0.092081051
99.0209,0.092081116
99.024,0.09208118
99.0271,0.092081244
99.0302,0.092081307
99.0334,0.092081371
99.0365,0.092081434
99.0396,0.092081497
99.0427,0.09208156
99.0458,0.092081623
99.049,0.092081685
99.0521,0.092081748
99.0552,0.09208181
99.0583,0.092081872
99.0614,0.092081933
99.0645,0.092081995
99.0677,0.092082056
99.0708,0.092082118
99.0739,0.092082179
99.077,0.09208224
99.0801,0.092082301
99.0833,0.092082362
99.0864,0.092082422
99.0895,0.092082483
99.0926,0.092082544
99.0957,0.092082605
99.0988,0.092082666
99.102,0.092082727
99.1051,0.092082788
99.1082,0.092082849
99.1113,0.09208291
99.1144,0.092082972
99.1176,0.092083033
99.1207,0.092083095
99.1238,0.092083157
99.1269,0.092083219
99.13,0.092083282
99.1331,0.092083344
99.1363,0.092083407
99.1394,0.09208347
99.1425,0.092083534
99.1456,0.092083597
99.1487,0.092083661
99.1519,0.092083725
99.155,0.092083789
99.1581,0.092083853
99.1612,0.092083918
99.1643,0.092083982
99.1674,0.092084047
99.1706,0.092084112
99.1737,0.092084177
99.1768,0.092084242
99.1799,0.092084307
99.183,0.092084372
99.1862,0.092084438
99.1893,0.092084503
99.1924,0.092084568
99.1955,0.092084633
99.1986,0.092084698
99.2017,0.092084763
99.2049,0.092084828
99.208,0.092084893
99.2111,0.092084957
99.2142,0.092085022
99.2173,0.092085086
99.2205,0.09208515
99.2236,0.092085214
99.2267,0.092085278
99.2298,0.092085341
99.2329,0.092085404
99.236,0.092085467
99.2392,0.09208553
99.2423,0.092085592
99.2454,0.092085654
99.2485,0.092085716
99.2516,0.092085778
99.2548,0.09208584
99.2579,0.092085901
99.261,0.092085962
99.2641,0.092086023
99.2672,0.092086083
99.2703,0.092086144
99.2735,0.092086204
99.2766,0.092086264
99.2797,0.092086324
99.2828,0.092086384
99.2859,0.092086443
99.2891,0.092086503
99.2922,0.092086562
99.2953,0.092086621
99.2984,0.092086681
99.3015,0.09208674
99.3046,0.092086799
99.3078,0.092086858
99.3109,0.092086917
99.314,0.092086976
99.3171,0.092087036
99.3202,0.092087095
99.3234,0.092087155
99.3265,0.092087214
99.3296,0.092087274
99.3327,0.092087334
99.3358,0.092087394
99.3389,0.092087454
99.3421,0.092087514
99.3452,0.092087575
99.3483,0.092087636
99.3514,0.092087697
99.3545,0.092087758
99.3577,0.09208782
99.3608,0.092087881
99.3639,0.092087943
99.367,0.092088005
99.3701,0.092088068
99.3732,0.09208813
99.3764,0.092088193
99.3795,0.092088255
99.3826,0.092088318
99.3857,0.092088381
99.3888,0.092088445
99.392,0.092088508
99.3951,0.092088571
99.3982,0.092088634
99.4013,0.092088698
99.4044,0.092088761
99.4075,0.092088824
99.4107,0.092088887
99.4138,0.092088951
99.4169,0.092089013
99.42,0.092089076
99.4231,0.092089139
99.4263,0.092089202
99.4294,0.092089264
99.4325,0.092089326
99.4356,0.092089388
99.4387,0.09208945
99.4418,0.092089511
99.445,0.092089573
99.4481,0.092089634
99.4512,0.092089694
99.4543,0.092089755
99.4574,0.092089815
99.4606,0.092089876
99.4637,0.092089935
99.4668,0.092089995
99.4699,0.092090054
99.473,0.092090113
99.4761,0.092090172
99.4793,0.092090231
99.4824,0.092090289
99.4855,0.092090348
99.4886,0.092090405
99.4917,0.092090463
99.4949,0.092090521
99.498,0.092090578
99.5011,0.092090636
99.5042,0.092090693
99.5073,0.09209075
99.5104,0.092090807
99.5136,0.092090864
99.5167,0.092090921
99.5198,0.092090978
99.5229,0.092091034
99.526,0.092091091
99.5292,0.092091148
99.5323,0.092091205
99.5354,0.092091262
99.5385,0.092091319
99.5416,0.092091377
99.5447,0.092091434
99.5479,0.092091491
99.551,0.092091549
99.5541,0.092091607
99.5572,0.092091665
99.5603,0.092091724
99.5635,0.092091782
99.5666,0.092091841
99.5697,0.0920919
99.5728,0.092091959
99.5759,0.092092019
99.579,0.092092078
99.5822,0.092092138
99.5853,0.092092198
99.5884,0.092092259
99.5915,0.092092319
99.5946,0.09209238
99.5978,0.092092441
99.6009,0.092092502
99.604,0.092092563
99.6071,0.092092624
99.6102,0.092092686
99.6133,0.092092747
99.6165,0.092092808
99.6196,0.09209287
99.6227,0.092092931
99.6258,0.092092993
99.6289,0.092093054
99.6321,0.092093116
99.6352,0.092093177
99.6383,0.092093238
99.6414,0.092093299
99.6445,0.092093359
99.6476,0.09209342
99.6508,0.09209348
99.6539,0.092093541
99.657,0.0920936
99.6601,0.09209366
99.6632,0.09209372
99.6664,0.092093779
99.6695,0.092093838
99.6726,0.092093896
99.6757,0.092093955
99.6788,0.092094013
99.6819,0.092094071
99.6851,0.092094129
99.6882,0.092094186
99.6913,0.092094243
99.6944,0.0920943
99.6975,0.092094357
99.7007,0.092094413
99.7038,0.092094469
99.7069,0.092094525
99.71,0.092094581
99.7131,0.092094637
99.7162,0.092094692
99.7194,0.092094748
99.7225,0.092094803
99.7256,0.092094858
99.7287,0.092094912
99.7318,0.092094967
99.735,0.092095022
99.7381,0.092095076
99.7412,0.092095131
99.7443,0.092095185
99.7474,0.09209524
99.7505,0.092095295
99.7537,0.092095349
99.7568,0.092095404
99.7599,0.092095459
99.763,0.092095514
99.7661,0.092095569
99.7693,0.092095624
99.7724,0.092095679
99.7755,0.092095735
99.7786,0.092095791
99.7817,0.092095847
99.7848,0.092095903
99.788,0.09209596
99.7911,0.092096016
99.7942,0.092096073
99.7973,0.09209613
99.8004,0.092096187
99.8036,0.092096245
99.8067,0.092096303
99.8098,0.092096361
99.8129,0.092096419
99.816,0.092096477
99.8191,0.092096535
99.8223,0.092096594
99.8254,0.092096653
99.8285,0.092096711
99.8316,0.09209677
99.8347,0.092096829
99.8379,0.092096888
99.841,0.092096947
99.8441,0.092097006
99.8472,0.092097065
99.8503,0.092097124
99.8534,0.092097183
99.8566,0.092097242
99.8597,0.0920973
99.8628,0.092097359
99.8659,0.092097417
99.869,0.092097475
99.8722,0.092097533
99.8753,0.092097591
99.8784,0.092097648
99.8815,0.092097705
99.8846,0.092097762
99.8877,0.092097819
99.8909,0.092097875
99.894,0.092097931
99.8971,0.092097988
99.9002,0.092098043
99.9033,0.092098099
99.9065,0.092098154
99.9096,0.092098209
99.9127,0.092098263
99.9158,0.092098318
99.9189,0.092098372
99.922,0.092098426
99.9252,0.092098479
99.9283,0.092098533
99.9314,0.092098586
99.9345,0.092098639
99.9376,0.092098692
99.9408,0.092098745
99.9439,0.092098797
99.947,0.09209885
99.9501,0.092098902
99.9532,0.092098954
99.9563,0.092099007
99.9595,0.092099059
99.9626,0.092099111
99.9657,0.092099163
99.9688,0.092099215
99.9719,0.092099267
99.9751,0.092099319
99.9782,0.092099371
99.9813,0.092099423
99.9844,0.092099476
99.9875,0.092099528
99.9906,0.092099581
99.9938,0.092099634
99.9969,0.092099687
100,0.09209974
100.003,0.092099794
100.006,0.092099847
100.009,0.092099901
100.012,0.092099955
100.016,0.09210001
100.019,0.092100064
100.022,0.092100119
100.025,0.092100174
100.028,0.092100229
100.031,0.092100285
100.034,0.09210034
100.037,0.092100396
100.041,0.092100452
100.044,0.092100508
100.047,0.092100564
100.05,0.092100621
100.053,0.092100677
100.056,0.092100734
100.059,0.092100791
100.062,0.092100847
100.065,0.092100904
100.069,0.092100961
100.072,0.092101017
100.075,0.092101074
100.078,0.09210113
100.081,0.092101187
100.084,0.092101243
100.087,0.092101299
100.09,0.092101355
100.094,0.092101411
100.097,0.092101466
100.1,0.092101522
100.103,0.092101577
100.106,0.092101632
100.109,0.092101686
100.112,0.092101741
100.115,0.092101795
100.118,0.092101848
100.122,0.092101902
100.125,0.092101955
100.128,0.092102008
100.131,0.092102061
100.134,0.092102113
100.137,0.092102166
100.14,0.092102217
100.143,0.092102269
100.147,0.092102321
100.15,0.092102372
100.153,0.092102423
100.156,0.092102474
100.159,0.092102524
100.162,0.092102574
100.165,0.092102624
100.168,0.092102674
100.171,0.092102724
100.175,0.092102774
100.178,0.092102824
100.181,0.092102873
100.184,0.092102923
100.187,0.092102972
100.19,0.092103021
100.193,0.09210307
100.196,0.09210312
100.2,0.092103169
100.203,0.092103218
100.206,0.092103268
100.209,0.092103317
100.212,0.092103367
100.215,0.092103416
100.218,0.092103466
100.221,0.092103516
100.225,0.092103567
100.228,0.092103617
100.231,0.092103668
100.234,0.092103719
100.237,0.09210377
100.24,0.092103821
100.243,0.092103873
100.246,0.092103925
100.249,0.092103977
100.253,0.092104029
100.256,0.092104082
100.259,0.092104135
100.262,0.092104188
100.265,0.092104241
100.268,0.092104294
100.271,0.092104348
100.274,0.092104401
100.278,0.092104455
100.281,0.092104509
100.284,0.092104563
100.287,0.092104617
100.29,0.092104672
100.293,0.092104726
100.296,0.09210478
100.299,0.092104834
100.302,0.092104889
100.306,0.092104943
100.309,0.092104997
100.312,0.092105051
100.315,0.092105105
100.318,0.092105159
100.321,0.092105212
100.324,0.092105266
100.327,0.092105319
100.331,0.092105372
100.334,0.092105425
100.337,0.092105477
100.34,0.09210553
100.343,0.092105582
100.346,0.092105633
100.349,0.092105685
100.352,0.092105736
100.355,0.092105787
100.359,0.092105837
100.362,0.092105888
100.365,0.092105938
100.368,0.092105988
100.371,0.092106037
100.374,0.092106086
100.377,0.092106135
100.38,0.092106184
100.384,0.092106232
100.387,0.092106281
100.39,0.092106329
100.393,0.092106377
100.396,0.092106424
100.399,0.092106472
100.402,0.092106519
100.405,0.092106566
100.408,0.092106613
100.412,0.09210666
100.415,0.092106707
100.418,0.092106753
100.421,0.0921068
100.424,0.092106847
100.427,0.092106893
100.43,0.09210694
100.433,0.092106986
100.437,0.092107033
100.44,0.09210708
100.443,0.092107126
100.446,0.092107173
100.449,0.09210722
100.452,0.092107268
100.455,0.092107315
100.458,0.092107362
100.461,0.09210741
100.465,0.092107458
100.468,0.092107506
100.471,0.092107555
100.474,0.092107603
100.477,0.092107652
100.48,0.092107701
100.483,0.092107751
100.486,0.0921078
100.49,0.09210785
100.493,0.0921079
100.496,0.09210795
100.499,0.092108001
100.502,0.092108052
100.505,0.092108103
100.508,0.092108154
100.511,0.092108205
100.514,0.092108257
100.518,0.092108308
100.521,0.09210836
100.524,0.092108412
100.527,0.092108464
100.53,0.092108516
100.533,0.092108568
100.536,0.09210862
100.539,0.092108671
100.543,0.092108723
100.546,0.092108775
100.549,0.092108827
100.552,0.092108879
100.555,0.09210893
100.558,0.092108982
100.561,0.092109033
100.564,0.092109084
100.568,0.092109135
100.571,0.092109185
100.574,0.092109236
100.577,0.092109286
100.58,0.092109336
100.583,0.092109385
100.586,0.092109435
100.589,0.092109484
100.592,0.092109533
100.596,0.092109581
100.599,0.09210963
100.602,0.092109678
100.605,0.092109726
100.608,0.092109773
100.611,0.09210982
100.614,0.092109867
100.617,0.092109914
100.621,0.092109961
100.624,0.092110007
100.627,0.092110053
100.63,0.092110099
100.633,0.092110145
100.636,0.09211019
100.639,0.092110236
100.642,0.092110281
100.645,0.092110326
100.649,0.092110371
100.652,0.092110416
100.655,0.092110461
100.658,0.092110505
100.661,0.09211055
100.664,0.092110595
100.667,0.092110639
100.67,0.092110684
100.674,0.092110728
100.677,0.092110773
100.68,0.092110818
100.683,0.092110863
100.686,0.092110908
100.689,0.092110953
100.692,0.092110998
100.695,0.092111043
100.698,0.092111089
100.702,0.092111134
100.705,0.09211118
100.708,0.092111227
100.711,0.092111273
100.714,0.09211132
100.717,0.092111367
100.72,0.092111414
100.723,0.092111462
100.727,0.092111509
100.73,0.092111557
100.733,0.092111606
100.736,0.092111655
100.739,0.092111703
100.742,0.092111753
100.745,0.092111802
100.748,0.092111851
100.751,0.092111901
100.755,0.092111951
100.758,0.092112002
100.761,0.092112052
100.764,0.092112103
100.767,0.092112153
100.77,0.092112204
100.773,0.092112255
100.776,0.092112306
100.78,0.092112357
100.783,0.092112408
100.786,0.092112459
100.789,0.09211251
100.792,0.092112561
100.795,0.092112612
100.798,0.092112662
100.801,0.092112713
100.804,0.092112764
100.808,0.092112814
100.811,0.092112864
100.814,0.092112914
100.817,0.092112964
100.82,0.092113013
100.823,0.092113063
100.826,0.092113112
100.829,0.092113161
100.833,0.092113209
100.836,0.092113258
100.839,0.092113306
100.842,0.092113353
100.845,0.092113401
100.848,0.092113448
100.851,0.092113495
100.854,0.092113541
100.857,0.092113587
100.861,0.092113633
100.864,0.092113679
100.867,0.092113724
100.87,0.09211377
100.873,0.092113815
100.876,0.092113859
100.879,0.092113904
100.882,0.092113948
100.886,0.092113992
100.889,0.092114036
100.892,0.09211408
100.895,0.092114123
100.898,0.092114167
100.901,0.09211421
100.904,0.092114253
100.907,0.092114296
100.911,0.092114339
100.914,0.092114382
100.917,0.092114425
100.92,0.092114468
100.923,0.09211451
100.926,0.092114553
100.929,0.092114596
100.932,0.092114639
100.935,0.092114682
100.939,0.092114725
100.942,0.092114768
100.945,0.092114811
100.948,0.092114855
100.951,0.092114898
100.954,0.092114942
100.957,0.092114986
100.96,0.092115031
100.964,0.092115075
100.967,0.09211512
100.97,0.092115165
100.973,0.09211521
100.976,0.092115256
100.979,0.092115301
100.982,0.092115347
100.985,0.092115394
100.988,0.092115441
100.992,0.092115487
100.995,0.092115535
100.998,0.092115582
101.001,0.09211563
101.004,0.092115678
101.007,0.092115726
101.01,0.092115774
101.013,0.092115823
101.017,0.092115872
101.02,0.092115921
101.023,0.09211597
101.026,0.092116019
101.029,0.092116068
101.032,0.092116118
101.035,0.092116167
101.038,0.092116217
101.041,0.092116266
101.045,0.092116316
101.048,0.092116365
101.051,0.092116415
101.054,0.092116464
101.057,0.092116513
101.06,0.092116562
101.063,0.092116611
101.066,0.09211666
101.07,0.092116709
101.073,0.092116757
101.076,0.092116805
101.079,0.092116853
101.082,0.092116901
101.085,0.092116949
101.088,0.092116996
101.091,0.092117043
101.094,0.09211709
101.098,0.092117136
101.101,0.092117183
101.104,0.092117228
101.107,0.092117274
101.11,0.092117319
101.113,0.092117364
101.116,0.092117409
101.119,0.092117454
101.123,0.092117498
101.126,0.092117541
101.129,0.092117585
101.132,0.092117628
101.135,0.092117671
101.138,0.092117714
101.141,0.092117757
101.144,0.092117799
101.147,0.092117841
101.151,0.092117883
101.154,0.092117925
101.157,0.092117967
101.16,0.092118009
101.163,0.09211805
101.166,0.092118091
101.169,0.092118133
101.172,0.092118174
101.176,0.092118215
101.179,0.092118256
101.182,0.092118297
101.185,0.092118338
101.188,0.092118379
101.191,0.092118419
101.194,0.09211846
101.197,0.092118502
101.2,0.092118543
101.204,0.092118584
101.207,0.092118625
101.21,0.092118667
101.213,0.092118708
101.216,0.09211875
101.219,0.092118792
101.222,0.092118834
101.225,0.092118877
101.229,0.09211892
101.232,0.092118963
101.235,0.092119006
101.238,0.092119049
101.241,0.092119093
101.244,0.092119137
101.247,0.092119182
101.25,0.092119226
101.254,0.092119271
101.257,0.092119317
101.26,0.092119362
101.263,0.092119408
101.266,0.092119454
101.269,0.0921195
101.272,0.092119547
101.275,0.092119594
101.278,0.092119641
101.282,0.092119688
101.285,0.092119736
101.288,0.092119783
101.291,0.092119831
101.294,0.092119879
101.297,0.092119927
101.3,0.092119975
101.303,0.092120023
101.307,0.092120071
101.31,0.09212012
101.313,0.092120168
101.316,0.092120216
101.319,0.092120264
101.322,0.092120312
101.325,0.09212036
101.328,0.092120408
101.331,0.092120456
101.335,0.092120503
101.338,0.092120551
101.341,0.092120598
101.344,0.092120645
101.347,0.092120692
101.35,0.092120738
101.353,0.092120785
101.356,0.092120831
101.36,0.092120877
101.363,0.092120922
101.366,0.092120967
101.369,0.092121012
101.372,0.092121057
101.375,0.092121101
101.378,0.092121146
101.381,0.092121189
101.384,0.092121233
101.388,0.092121276
101.391,0.092121319
101.394,0.092121362
101.397,0.092121404
101.4,0.092121446
101.403,0.092121488
101.406,0.092121529
101.409,0.092121571
101.413,0.092121612
101.416,0.092121653
101.419,0.092121693
101.422,0.092121734
101.425,0.092121774
101.428,0.092121814
101.431,0.092121854
101.434,0.092121894
101.437,0.092121934
101.441,0.092121973
101.444,0.092122013
101.447,0.092122052
101.45,0.092122092
101.453,0.092122131
101.456,0.09212217
101.459,0.092122209
101.462,0.092122249
101.466,0.092122288
101.469,0.092122327
101.472,0.092122367
101.475,0.092122406
101.478,0.092122446
101.481,0.092122485
101.484,0.092122525
101.487,0.092122565
101.49,0.092122605
101.494,0.092122645
101.497,0.092122686
101.5,0.092122727
101.503,0.092122767
101.506,0.092122809
101.509,0.09212285
101.512,0.092122892
101.515,0.092122934
101.519,0.092122976
101.522,0.092123019
101.525,0.092123061
101.528,0.092123105
101.531,0.092123148
101.534,0.092123192
101.537,0.092123236
101.54,0.09212328
101.543,0.092123325
101.547,0.092123369
101.55,0.092123415
101.553,0.09212346
101.556,0.092123505
101.559,0.092123551
101.562,0.092123597
101.565,0.092123643
101.568,0.092123689
101.572,0.092123736
101.575,0.092123782
101.578,0.092123829
101.581,0.092123876
101.584,0.092123922
101.587,0.092123969
101.59,0.092124016
101.593,0.092124062
101.597,0.092124109
101.6,0.092124156
101.603,0.092124202
101.606,0.092124248
101.609,0.092124295
101.612,0.092124341
101.615,0.092124387
101.618,0.092124432
101.621,0.092124478
101.625,0.092124523
101.628,0.092124568
101.631,0.092124613
101.634,0.092124658
101.637,0.092124702
101.64,0.092124746
101.643,0.09212479
101.646,0.092124833
101.65,0.092124876
101.653,0.092124919
101.656,0.092124962
101.659,0.092125005
101.662,0.092125047
101.665,0.092125089
101.668,0.09212513
101.671,0.092125171
101.674,0.092125212
101.678,0.092125253
101.681,0.092125294
101.684,0.092125334
101.687,0.092125374
101.69,0.092125413
101.693,0.092125453
101.696,0.092125492
101.699,0.092125531
101.703,0.09212557
101.706,0.092125608
101.709,0.092125647
101.712,0.092125685
101.715,0.092125723
101.718,0.092125761
101.721,0.092125799
101.724,0.092125837
101.727,0.092125874
101.731,0.092125912
101.734,0.09212595
101.737,0.092125987
101.74,0.092126025
101.743,0.092126062
101.746,0.0921261
101.749,0.092126137
101.752,0.092126175
101.756,0.092126213
101.759,0.09212625
101.762,0.092126288
101.765,0.092126326
101.768,0.092126364
101.771,0.092126402
101.774,0.092126441
101.777,0.092126479
101.78,0.092126518
101.784,0.092126556
101.787,0.092126596
101.79,0.092126635
101.793,0.092126674
101.796,0.092126714
101.799,0.092126754
101.802,0.092126794
101.805,0.092126835
101.809,0.092126876
101.812,0.092126917
101.815,0.092126959
101.818,0.092127
101.821,0.092127043
101.824,0.092127085
101.827,0.092127128
101.83,0.092127171
101.833,0.092127214
101.837,0.092127257
101.84,0.092127301
101.843,0.092127345
101.846,0.092127389
101.849,0.092127434
101.852,0.092127478
101.855,0.092127523
101.858,0.092127568
101.862,0.092127613
101.865,0.092127658
101.868,0.092127704
101.871,0.092127749
101.874,0.092127794
101.877,0.09212784
101.88,0.092127885
101.883,0.09212793
101.886,0.092127976
101.89,0.092128021
101.893,0.092128066
101.896,0.092128111
101.899,0.092128156
101.902,0.0921282
101.905,0.092128245
101.908,0.092128289
101.911,0.092128333
101.915,0.092128377
101.918,0.092128421
101.921,0.092128465
101.924,0.092128508
101.927,0.092128551
101.93,0.092128593
101.933,0.092128636
101.936,0.092128678
101.94,0.09212872
101.943,0.092128762
101.946,0.092128803
101.949,0.092128844
101.952,0.092128885
101.955,0.092128926
101.958,0.092128966
101.961,0.092129006
101.964,0.092129045
101.968,0.092129085
101.971,0.092129124
101.974,0.092129163
101.977,0.092129201
101.98,0.09212924
101.983,0.092129278
101.986,0.092129316
101.989,0.092129354
101.993,0.092129391
101.996,0.092129429
101.999,0.092129466
102.002,0.092129503
102.005,0.09212954
102.008,0.092129576
102.011,0.092129613
102.014,0.092129649
102.017,0.092129686
102.021,0.092129722
102.024,0.092129758
102.027,0.092129794
102.03,0.09212983
102.033,0.092129866
102.036,0.092129902
102.039,0.092129939
102.042,0.092129975
102.046,0.092130011
102.049,0.092130047
102.052,0.092130083
102.055,0.09213012
102.058,0.092130156
102.061,0.092130193
102.064,0.092130229
102.067,0.092130266
102.07,0.092130303
102.074,0.09213034
102.077,0.092130377
102.08,0.092130415
102.083,0.092130453
102.086,0.09213049
102.089,0.092130529
102.092,0.092130567
102.095,0.092130606
102.099,0.092130644
102.102,0.092130684
102.105,0.092130723
102.108,0.092130763
102.111,0.092130803
102.114,0.092130844
102.117,0.092130884
102.12,0.092130925
102.123,0.092130967
102.127,0.092131008
102.13,0.09213105
102.133,0.092131092
102.136,0.092131135
102.139,0.092131178
102.142,0.092131221
102.145,0.092131264
102.148,0.092131308
102.152,0.092131352
102.155,0.092131396
102.158,0.09213144
102.161,0.092131484
102.164,0.092131529
102.167,0.092131574
102.17,0.092131618
102.173,0.092131663
102.176,0.092131708
102.18,0.092131753
102.183,0.092131799
102.186,0.092131844
102.189,0.092131889
102.192,0.092131934
102.195,0.092131979
102.198,0.092132024
102.201,0.092132068
102.205,0.092132113
102.208,0.092132158
102.211,0.092132202
102.214,0.092132246
102.217,0.092132291
102.22,0.092132334
102.223,0.092132378
102.226,0.092132422
102.229,0.092132465
102.233,0.092132508
102.236,0.092132551
102.239,0.092132594
102.242,0.092132636
102.245,0.092132679
102.248,0.092132721
102.251,0.092132763
102.254,0.092132804
102.258,0.092132846
102.261,0.092132887
102.264,0.092132928
102.267,0.092132968
102.27,0.092133009
102.273,0.092133049
102.276,0.092133089
102.279,0.092133129
102.283,0.092133169
102.286,0.092133208
102.289,0.092133248
102.292,0.092133287
102.295,0.092133326
102.298,0.092133365
102.301,0.092133404
102.304,0.092133442
102.307,0.09213348
102.311,0.092133519
102.314,0.092133557
102.317,0.092133595
102.32,0.092133633
102.323,0.09213367
102.326,0.092133708
102.329,0.092133746
102.332,0.092133783
102.336,0.092133821
102.339,0.092133858
102.342,0.092133896
102.345,0.092133933
102.348,0.092133971
102.351,0.092134008
102.354,0.092134045
102.357,0.092134083
102.36,0.09213412
102.364,0.092134158
102.367,0.092134196
102.37,0.092134233
102.373,0.092134271
102.376,0.092134309
102.379,0.092134347
102.382,0.092134385
102.385,0.092134423
102.389,0.092134461
102.392,0.092134499
102.395,0.092134538
102.398,0.092134577
102.401,0.092134616
102.404,0.092134655
102.407,0.092134694
102.41,0.092134733
102.413,0.092134773
102.417,0.092134813
102.42,0.092134853
102.423,0.092134893
102.426,0.092134934
102.429,0.092134974
102.432,0.092135016
102.435,0.092135057
102.438,0.092135098
102.442,0.09213514
102.445,0.092135182
102.448,0.092135225
102.451,0.092135268
102.454,0.09213531
102.457,0.092135354
102.46,0.092135397
102.463,0.09213544
102.466,0.092135484
102.47,0.092135528
102.473,0.092135573
102.476,0.092135617
102.479,0.092135662
102.482,0.092135706
102.485,0.092135751
102.488,0.092135796
102.491,0.092135841
102.495,0.092135887
102.498,0.092135932
102.501,0.092135977
102.504,0.092136022
102.507,0.092136068
102.51,0.092136113
102.513,0.092136158
102.516,0.092136203
102.519,0.092136248
102.523,0.092136293
102.526,0.092136338
102.529,0.092136383
102.532,0.092136427
102.535,0.092136471
102.538,0.092136516
102.541,0.092136559
102.544,0.092136603
102.548,0.092136646
102.551,0.09213669
102.554,0.092136732
102.557,0.092136775
102.56,0.092136818
102.563,0.09213686
102.566,0.092136902
102.569,0.092136943
102.572,0.092136984
102.576,0.092137025
102.579,0.092137066
102.582,0.092137106
102.585,0.092137147
102.588,0.092137186
102.591,0.092137226
102.594,0.092137265
102.597,0.092137304
102.601,0.092137343
102.604,0.092137382
102.607,0.09213742
102.61,0.092137458
102.613,0.092137496
102.616,0.092137533
102.619,0.092137571
102.622,0.092137608
102.626,0.092137645
102.629,0.092137682
102.632,0.092137718
102.635,0.092137755
102.638,0.092137791
102.641,0.092137827
102.644,0.092137863
102.647,0.092137899
102.65,0.092137935
102.654,0.09213797
102.657,0.092138006
102.66,0.092138041
102.663,0.092138076
102.666,0.092138111
102.669,0.092138146
102.672,0.092138181
102.675,0.092138216
102.679,0.092138252
102.682,0.092138286
102.685,0.092138321
102.688,0.092138356
102.691,0.092138391
102.694,0.092138426
102.697,0.092138462
102.7,0.092138497
102.703,0.092138532
102.707,0.092138567
102.71,0.092138602
102.713,0.092138638
102.716,0.092138674
102.719,0.092138709
102.722,0.092138745
102.725,0.092138781
102.728,0.092138817
102.732,0.092138854
102.735,0.09213889
102.738,0.092138927
102.741,0.092138964
102.744,0.092139
102.747,0.092139038
102.75,0.092139075
102.753,0.092139113
102.756,0.092139151
102.76,0.092139189
102.763,0.092139228
102.766,0.092139266
102.769,0.092139305
102.772,0.092139345
102.775,0.092139384
102.778,0.092139424
102.781,0.092139465
102.785,0.092139505
102.788,0.092139546
102.791,0.092139587
102.794,0.092139628
102.797,0.09213967
102.8,0.092139712
102.803,0.092139754
102.806,0.092139796
102.809,0.092139839
102.813,0.092139882
102.816,0.092139925
102.819,0.092139969
102.822,0.092140012
102.825,0.092140056
102.828,0.0921401
102.831,0.092140143
102.834,0.092140187
102.838,0.092140232
102.841,0.092140276
102.844,0.09214032
102.847,0.092140364
102.85,0.092140408
102.853,0.092140453
102.856,0.092140497
102.859,0.092140541
102.862,0.092140585
102.866,0.092140629
102.869,0.092140672
102.872,0.092140716
102.875,0.092140759
102.878,0.092140802
102.881,0.092140845
102.884,0.092140888
102.887,0.092140931
102.891,0.092140973
102.894,0.092141015
102.897,0.092141057
102.9,0.092141098
102.903,0.092141139
102.906,0.09214118
102.909,0.092141221
102.912,0.092141261
102.915,0.092141301
102.919,0.092141341
102.922,0.09214138
102.925,0.092141419
102.928,0.092141458
102.931,0.092141496
102.934,0.092141534
102.937,0.092141572
102.94,0.09214161
102.944,0.092141647
102.947,0.092141684
102.95,0.092141721
102.953,0.092141758
102.956,0.092141794
102.959,0.09214183
102.962,0.092141866
102.965,0.092141901
102.969,0.092141937
102.972,0.092141972
102.975,0.092142006
102.978,0.092142041
102.981,0.092142076
102.984,0.09214211
102.987,0.092142144
102.99,0.092142178
102.993,0.092142212
102.997,0.092142246
103,0.092142279
103.003,0.092142313
103.006,0.092142346
103.009,0.09214238
103.012,0.092142413
103.015,0.092142446
103.018,0.092142479
103.022,0.092142512
103.025,0.092142545
103.028,0.092142578
103.031,0.092142611
103.034,0.092142643
103.037,0.092142676
103.04,0.092142709
103.043,0.092142742
103.046,0.092142775
103.05,0.092142808
103.053,0.092142841
103.056,0.092142874
103.059,0.092142907
103.062,0.092142941
103.065,0.092142974
103.068,0.092143008
103.071,0.092143041
103.075,0.092143075
103.078,0.092143109
103.081,0.092143143
103.084,0.092143178
103.087,0.092143212
103.09,0.092143247
103.093,0.092143281
103.096,0.092143316
103.099,0.092143352
103.103,0.092143387
103.106,0.092143423
103.109,0.092143459
103.112,0.092143495
103.115,0.092143531
103.118,0.092143568
103.121,0.092143605
103.124,0.092143642
103.128,0.09214368
103.131,0.092143717
103.134,0.092143755
103.137,0.092143794
103.14,0.092143832
103.143,0.092143871
103.146,0.09214391
103.149,0.09214395
103.152,0.09214399
103.156,0.09214403
103.159,0.09214407
103.162,0.09214411
103.165,0.092144151
103.168,0.092144191
103.171,0.092144232
103.174,0.092144273
103.177,0.092144315
103.181,0.092144356
103.184,0.092144397
103.187,0.092144439
103.19,0.09214448
103.193,0.092144522
103.196,0.092144563
103.199,0.092144605
103.202,0.092144646
103.205,0.092144688
103.209,0.092144729
103.212,0.092144771
103.215,0.092144812
103.218,0.092144853
103.221,0.092144894
103.224,0.092144934
103.227,0.092144975
103.23,0.092145015
103.234,0.092145055
103.237,0.092145095
103.24,0.092145135
103.243,0.092145174
103.246,0.092145214
103.249,0.092145253
103.252,0.092145291
103.255,0.09214533
103.258,0.092145368
103.262,0.092145406
103.265,0.092145443
103.268,0.092145481
103.271,0.092145518
103.274,0.092145555
103.277,0.092145591
103.28,0.092145627
103.283,0.092145663
103.287,0.092145699
103.29,0.092145734
103.293,0.09214577
103.296,0.092145804
103.299,0.092145839
103.302,0.092145874
103.305,0.092145908
103.308,0.092145942
103.312,0.092145976
103.315,0.092146009
103.318,0.092146043
103.321,0.092146076
103.324,0.092146109
103.327,0.092146142
103.33,0.092146175
103.333,0.092146208
103.336,0.09214624
103.34,0.092146273
103.343,0.092146305
103.346,0.092146338
103.349,0.09214637
103.352,0.092146402
103.355,0.092146434
103.358,0.092146466
103.361,0.092146498
103.365,0.09214653
103.368,0.092146562
103.371,0.092146594
103.374,0.092146626
103.377,0.092146659
103.38,0.092146691
103.383,0.092146723
103.386,0.092146755
103.389,0.092146787
103.393,0.09214682
103.396,0.092146852
103.399,0.092146885
103.402,0.092146918
103.405,0.092146951
103.408,0.092146984
103.411,0.092147017
103.414,0.09214705
103.418,0.092147084
103.421,0.092147117
103.424,0.092147151
103.427,0.092147185
103.43,0.092147219
103.433,0.092147253
103.436,0.092147288
103.439,0.092147322
103.442,0.092147357
103.446,0.092147392
103.449,0.092147427
103.452,0.092147463
103.455,0.092147498
103.458,0.092147534
103.461,0.09214757
103.464,0.092147606
103.467,0.092147642
103.471,0.092147678
103.474,0.092147715
103.477,0.092147752
103.48,0.092147789
103.483,0.092147826
103.486,0.092147863
103.489,0.092147901
103.492,0.092147938
103.495,0.092147976
103.499,0.092148014
103.502,0.092148051
103.505,0.09214809
103.508,0.092148128
103.511,0.092148166
103.514,0.092148204
103.517,0.092148242
103.52,0.092148281
103.524,0.092148319
103.527,0.092148358
103.53,0.092148396
103.533,0.092148435
103.536,0.092148473
103.539,0.092148512
103.542,0.09214855
103.545,0.092148588
103.548,0.092148627
103.552,0.092148665
103.555,0.092148703
103.558,0.092148741
103.561,0.092148779
103.564,0.092148817
103.567,0.092148855
103.57,0.092148893
103.573,0.09214893
103.577,0.092148968
103.58,0.092149005
103.583,0.092149042
103.586,0.092149079
103.589,0.092149116
103.592,0.092149152
103.595,0.092149189
103.598,0.092149225
103.601,0.092149261
103.605,0.092149297
103.608,0.092149333
103.611,0.092149368
103.614,0.092149404
103.617,0.092149439
103.62,0.092149474
103.623,0.092149509
103.626,0.092149543
103.63,0.092149577
103.633,0.092149612
103.636,0.092149646
103.639,0.092149679
103.642,0.092149713
103.645,0.092149746
103.648,0.09214978
103.651,0.092149813
103.655,0.092149846
103.658,0.092149878
103.661,0.092149911
103.664,0.092149943
103.667,0.092149975
103.67,0.092150008
103.673,0.09215004
103.676,0.092150071
103.679,0.092150103
103.683,0.092150135
103.686,0.092150166
103.689,0.092150198
103.692,0.092150229
103.695,0.09215026
103.698,0.092150291
103.701,0.092150322
103.704,0.092150353
103.708,0.092150384
103.711,0.092150415
103.714,0.092150445
103.717,0.092150475
103.72,0.092150506
103.723,0.092150536
103.726,0.092150566
103.729,0.092150596
103.732,0.092150626
103.736,0.092150655
103.739,0.092150685
103.742,0.092150714
103.745,0.092150744
103.748,0.092150773
103.751,0.092150802
103.754,0.092150832
103.757,0.092150861
103.761,0.092150889
103.764,0.092150918
103.767,0.092150947
103.77,0.092150976
103.773,0.092151004
103.776,0.092151033
103.779,0.092151061
103.782,0.09215109
103.785,0.092151118
103.789,0.092151147
103.792,0.092151175
103.795,0.092151203
103.798,0.092151231
103.801,0.09215126
103.804,0.092151288
103.807,0.092151316
103.81,0.092151343
103.814,0.092151371
103.817,0.092151398
103.82,0.092151424
103.823,0.09215145
103.826,0.092151476
103.829,0.092151501
103.832,0.092151525
103.835,0.092151549
103.838,0.092151572
103.842,0.092151594
103.845,0.092151615
103.848,0.092151636
103.851,0.092151657
103.854,0.092151677
103.857,0.092151697
103.86,0.092151717
103.863,0.092151736
103.867,0.092151756
103.87,0.092151775
103.873,0.092151795
103.876,0.092151814
103.879,0.092151835
103.882,0.092151855
103.885,0.092151876
103.888,0.092151898
103.891,0.09215192
103.895,0.092151943
103.898,0.092151967
103.901,0.092151991
103.904,0.092152017
103.907,0.092152043
103.91,0.09215207
103.913,0.092152098
103.916,0.092152126
103.92,0.092152155
103.923,0.092152185
103.926,0.092152215
103.929,0.092152246
103.932,0.092152277
103.935,0.092152308
103.938,0.092152339
103.941,0.092152371
103.944,0.092152402
103.948,0.092152434
103.951,0.092152465
103.954,0.092152497
103.957,0.092152528
103.96,0.092152559
103.963,0.092152591
103.966,0.092152622
103.969,0.092152653
103.973,0.092152685
103.976,0.092152717
103.979,0.092152749
103.982,0.092152782
103.985,0.092152815
103.988,0.092152848
103.991,0.092152882
103.994,0.092152916
103.998,0.092152951
104.001,0.092152987
104.004,0.092153023
104.007,0.09215306
104.01,0.092153098
104.013,0.092153136
104.016,0.092153176
104.019,0.092153215
104.022,0.092153256
104.026,0.092153297
104.029,0.092153338
104.032,0.09215338
104.035,0.092153422
104.038,0.092153464
104.041,0.092153506
104.044,0.092153548
104.047,0.09215359
104.051,0.092153632
104.054,0.092153673
104.057,0.092153714
104.06,0.092153755
104.063,0.092153795
104.066,0.092153835
104.069,0.092153875
104.072,0.092153915
104.075,0.092153954
104.079,0.092153993
104.082,0.092154032
104.085,0.092154071
104.088,0.09215411
104.091,0.092154149
104.094,0.092154189
104.097,0.092154228
104.1,0.092154268
104.104,0.092154308
104.107,0.092154349
104.11,0.09215439
104.113,0.092154432
104.116,0.092154474
104.119,0.092154516
104.122,0.092154559
104.125,0.092154602
104.128,0.092154645
104.132,0.092154689
104.135,0.092154733
104.138,0.092154776
104.141,0.09215482
104.144,0.092154863
104.147,0.092154906
104.15,0.092154949
104.153,0.092154991
104.157,0.092155033
104.16,0.092155074
104.163,0.092155115
104.166,0.092155156
104.169,0.092155197
104.172,0.092155237
104.175,0.092155276
104.178,0.092155316
104.181,0.092155355
104.185,0.092155395
104.188,0.092155434
104.191,0.092155474
104.194,0.092155513
104.197,0.092155553
104.2,0.092155593
104.203,0.092155633
104.206,0.092155673
104.21,0.092155714
104.213,0.092155756
104.216,0.092155798
104.219,0.09215584
104.222,0.092155883
104.225,0.092155926
104.228,0.09215597
104.231,0.092156014
104.234,0.092156058
104.238,0.092156102
104.241,0.092156147
104.244,0.092156191
104.247,0.092156235
104.25,0.092156279
104.253,0.092156323
104.256,0.092156366
104.259,0.092156409
104.263,0.092156452
104.266,0.092156494
104.269,0.092156535
104.272,0.092156577
104.275,0.092156617
104.278,0.092156658
104.281,0.092156698
104.284,0.092156738
104.287,0.092156778
104.291,0.092156818
104.294,0.092156858
104.297,0.092156898
104.3,0.092156937
104.303,0.092156978
104.306,0.092157018
104.309,0.092157058
104.312,0.092157099
104.316,0.092157141
104.319,0.092157182
104.322,0.092157224
104.325,0.092157267
104.328,0.09215731
104.331,0.092157354
104.334,0.092157398
104.337,0.092157442
104.341,0.092157486
104.344,0.092157531
104.347,0.092157575
104.35,0.09215762
104.353,0.092157664
104.356,0.092157708
104.359,0.092157752
104.362,0.092157795
104.365,0.092157839
104.369,0.092157881
104.372,0.092157923
104.375,0.092157965
104.378,0.092158007
104.381,0.092158048
104.384,0.092158088
104.387,0.092158129
104.39,0.092158169
104.394,0.092158209
104.397,0.092158249
104.4,0.092158288
104.403,0.092158328
104.406,0.092158368
104.409,0.092158408
104.412,0.092158449
104.415,0.092158489
104.418,0.09215853
104.422,0.092158572
104.425,0.092158613
104.428,0.092158656
104.431,0.092158698
104.434,0.092158741
104.437,0.092158785
104.44,0.092158829
104.443,0.092158873
104.447,0.092158917
104.45,0.092158962
104.453,0.092159006
104.456,0.092159051
104.459,0.092159095
104.462,0.092159139
104.465,0.092159183
104.468,0.092159226
104.471,0.092159269
104.475,0.092159312
104.478,0.092159354
104.481,0.092159396
104.484,0.092159437
104.487,0.092159478
104.49,0.092159518
104.493,0.092159559
104.496,0.092159599
104.5,0.092159639
104.503,0.092159678
104.506,0.092159718
104.509,0.092159758
104.512,0.092159798
104.515,0.092159838
104.518,0.092159878
104.521,0.092159919
104.524,0.092159959
104.528,0.092160001
104.531,0.092160042
104.534,0.092160085
104.537,0.092160127
104.54,0.09216017
104.543,0.092160214
104.546,0.092160258
104.549,0.092160302
104.553,0.092160346
104.556,0.092160391
104.559,0.092160435
104.562,0.09216048
104.565,0.092160524
104.568,0.092160568
104.571,0.092160613
104.574,0.092160656
104.577,0.092160699
104.581,0.092160742
104.584,0.092160784
104.587,0.092160826
104.59,0.092160868
104.593,0.092160909
104.596,0.09216095
104.599,0.09216099
104.602,0.092161031
104.606,0.092161071
104.609,0.092161111
104.612,0.092161151
104.615,0.092161192
104.618,0.092161232
104.621,0.092161273
104.624,0.092161313
104.627,0.092161354
104.63,0.092161396
104.634,0.092161437
104.637,0.09216148
104.64,0.092161522
104.643,0.092161566
104.646,0.092161609
104.649,0.092161653
104.652,0.092161698
104.655,0.092161743
104.659,0.092161788
104.662,0.092161833
104.665,0.092161879
104.668,0.092161924
104.671,0.092161969
104.674,0.092162014
104.677,0.092162059
104.68,0.092162103
104.684,0.092162147
104.687,0.092162191
104.69,0.092162234
104.693,0.092162277
104.696,0.092162319
104.699,0.092162361
104.702,0.092162403
104.705,0.092162444
104.708,0.092162485
104.712,0.092162526
104.715,0.092162566
104.718,0.092162607
104.721,0.092162648
104.724,0.092162688
104.727,0.092162729
104.73,0.09216277
104.733,0.092162811
104.737,0.092162853
104.74,0.092162895
104.743,0.092162937
104.746,0.09216298
104.749,0.092163023
104.752,0.092163067
104.755,0.092163112
104.758,0.092163156
104.761,0.092163201
104.765,0.092163247
104.768,0.092163292
104.771,0.092163338
104.774,0.092163384
104.777,0.09216343
104.78,0.092163476
104.783,0.092163521
104.786,0.092163566
104.79,0.092163611
104.793,0.092163656
104.796,0.0921637
104.799,0.092163743
104.802,0.092163786
104.805,0.092163829
104.808,0.092163871
104.811,0.092163913
104.814,0.092163955
104.818,0.092163996
104.821,0.092164038
104.824,0.092164079
104.827,0.09216412
104.83,0.092164161
104.833,0.092164203
104.836,0.092164244
104.839,0.092164286
104.843,0.092164328
104.846,0.09216437
104.849,0.092164413
104.852,0.092164456
104.855,0.0921645
104.858,0.092164544
104.861,0.092164588
104.864,0.092164633
104.867,0.092164678
104.871,0.092164724
104.874,0.09216477
104.877,0.092164816
104.88,0.092164862
104.883,0.092164907
104.886,0.092164953
104.889,0.092164998
104.892,0.092165044
104.896,0.092165089
104.899,0.092165133
104.902,0.092165177
104.905,0.09216522
104.908,0.092165263
104.911,0.092165306
104.914,0.092165349
104.917,0.092165391
104.92,0.092165432
104.924,0.092165474
104.927,0.092165515
104.93,0.092165557
104.933,0.092165598
104.936,0.092165639
104.939,0.092165681
104.942,0.092165722
104.945,0.092165764
104.949,0.092165807
104.952,0.092165849
104.955,0.092165892
104.958,0.092165935
104.961,0.092165979
104.964,0.092166023
104.967,0.092166068
104.97,0.092166113
104.973,0.092166159
104.977,0.092166205
104.98,0.092166251
104.983,0.092166298
104.986,0.092166344
104.989,0.09216639
104.992,0.092166437
104.995,0.092166483
104.998,0.092166529
105.002,0.092166574
105.005,0.092166619
105.008,0.092166664
105.011,0.092166708
105.014,0.092166752
105.017,0.092166795
105.02,0.092166838
105.023,0.09216688
105.027,0.092166922
105.03,0.092166964
105.033,0.092167006
105.036,0.092167048
105.039,0.092167089
105.042,0.09216713
105.045,0.092167172
105.048,0.092167213
105.051,0.092167255
105.055,0.092167297
105.058,0.09216734
105.061,0.092167383
105.064,0.092167426
105.067,0.092167469
105.07,0.092167513
105.073,0.092167558
105.076,0.092167603
105.08,0.092167648
105.083,0.092167694
105.086,0.09216774
105.089,0.092167787
105.092,0.092167833
105.095,0.09216788
105.098,0.092167926
105.101,0.092167972
105.104,0.092168019
105.108,0.092168064
105.111,0.09216811
105.114,0.092168155
105.117,0.092168199
105.12,0.092168243
105.123,0.092168287
105.126,0.09216833
105.129,0.092168373
105.133,0.092168416
105.136,0.092168458
105.139,0.0921685
105.142,0.092168542
105.145,0.092168584
105.148,0.092168626
105.151,0.092168667
105.154,0.092168709
105.157,0.092168751
105.161,0.092168793
105.164,0.092168836
105.167,0.092168879
105.17,0.092168922
105.173,0.092168966
105.176,0.09216901
105.179,0.092169054
105.182,0.092169099
105.186,0.092169145
105.189,0.092169191
105.192,0.092169237
105.195,0.092169283
105.198,0.092169329
105.201,0.092169376
105.204,0.092169422
105.207,0.092169468
105.21,0.092169514
105.214,0.09216956
105.217,0.092169605
105.22,0.09216965
105.223,0.092169694
105.226,0.092169738
105.229,0.092169782
105.232,0.092169825
105.235,0.092169868
105.239,0.09216991
105.242,0.092169953
105.245,0.092169995
105.248,0.092170036
105.251,0.092170078
105.254,0.09217012
105.257,0.092170161
105.26,0.092170203
105.263,0.092170245
105.267,0.092170287
105.27,0.09217033
105.273,0.092170373
105.276,0.092170416
105.279,0.09217046
105.282,0.092170504
105.285,0.092170548
105.288,0.092170593
105.292,0.092170639
105.295,0.092170685
105.298,0.092170731
105.301,0.092170777
105.304,0.092170824
105.307,0.09217087
105.31,0.092170917
105.313,0.092170963
105.316,0.09217101
105.32,0.092171056
105.323,0.092171101
105.326,0.092171146
105.329,0.092171191
105.332,0.092171236
105.335,0.092171279
105.338,0.092171323
105.341,0.092171366
105.345,0.092171408
105.348,0.092171451
105.351,0.092171493
105.354,0.092171535
105.357,0.092171576
105.36,0.092171618
105.363,0.09217166
105.366,0.092171701
105.37,0.092171743
105.373,0.092171785
105.376,0.092171827
105.379,0.09217187
105.382,0.092171913
105.385,0.092171956
105.388,0.092172
105.391,0.092172044
105.394,0.092172089
105.398,0.092172134
105.401,0.09217218
105.404,0.092172226
105.407,0.092172272
105.41,0.092172318
105.413,0.092172365
105.416,0.092172411
105.419,0.092172458
105.423,0.092172504
105.426,0.092172551
105.429,0.092172596
105.432,0.092172642
105.435,0.092172687
105.438,0.092172731
105.441,0.092172776
105.444,0.09217282
105.447,0.092172863
105.451,0.092172906
105.454,0.092172949
105.457,0.092172991
105.46,0.092173033
105.463,0.092173075
105.466,0.092173117
105.469,0.092173159
105.472,0.0921732
105.476,0.092173242
105.479,0.092173284
105.482,0.092173327
105.485,0.09217337
105.488,0.092173412
105.491,0.092173456
105.494,0.0921735
105.497,0.092173544
105.5,0.092173589
105.504,0.092173634
105.507,0.092173679
105.51,0.092173725
105.513,0.092173772
105.516,0.092173818
105.519,0.092173865
105.522,0.092173911
105.525,0.092173958
105.529,0.092174005
105.532,0.092174051
105.535,0.092174097
105.538,0.092174143
105.541,0.092174188
105.544,0.092174233
105.547,0.092174277
105.55,0.092174321
105.553,0.092174365
105.557,0.092174408
105.56,0.09217445
105.563,0.092174493
105.566,0.092174535
105.569,0.092174577
105.572,0.092174618
105.575,0.09217466
105.578,0.092174702
105.582,0.092174743
105.585,0.092174785
105.588,0.092174827
105.591,0.09217487
105.594,0.092174912
105.597,0.092174955
105.6,0.092174998
105.603,0.092175042
105.606,0.092175087
105.61,0.092175131
105.613,0.092175176
105.616,0.092175222
105.619,0.092175268
105.622,0.092175314
105.625,0.092175361
105.628,0.092175407
105.631,0.092175454
105.635,0.0921755
105.638,0.092175547
105.641,0.092175593
105.644,0.092175638
105.647,0.092175684
105.65,0.092175729
105.653,0.092175773
105.656,0.092175817
105.659,0.092175861
105.663,0.092175904
105.666,0.092175947
105.669,0.09217599
105.672,0.092176032
105.675,0.092176074
105.678,0.092176116
105.681,0.092176158
105.684,0.092176199
105.688,0.092176241
105.691,0.092176283
105.694,0.092176325
105.697,0.092176367
105.7,0.09217641
105.703,0.092176453
105.706,0.092176496
105.709,0.09217654
105.713,0.092176584
105.716,0.092176629
105.719,0.092176674
105.722,0.09217672
105.725,0.092176765
105.728,0.092176812
105.731,0.092176858
105.734,0.092176905
105.737,0.092176952
105.741,0.092176998
105.744,0.092177045
105.747,0.092177091
105.75,0.092177137
105.753,0.092177183
105.756,0.092177228
105.759,0.092177273
105.762,0.092177317
105.766,0.092177361
105.769,0.092177405
105.772,0.092177448
105.775,0.09217749
105.778,0.092177533
105.781,0.092177575
105.784,0.092177617
105.787,0.092177658
105.79,0.0921777
105.794,0.092177741
105.797,0.092177783
105.8,0.092177825
105.803,0.092177867
105.806,0.092177909
105.809,0.092177951
105.812,0.092177994
105.815,0.092178038
105.819,0.092178082
105.822,0.092178126
105.825,0.092178172
105.828,0.092178218
105.831,0.092178264
105.834,0.092178311
105.837,0.092178359
105.84,0.092178408
105.843,0.092178457
105.847,0.092178506
105.85,0.092178555
105.853,0.092178604
105.856,0.092178653
105.859,0.092178701
105.862,0.092178749
105.865,0.092178795
105.868,0.09217884
105.872,0.092178884
105.875,0.092178926
105.878,0.092178967
105.881,0.092179007
105.884,0.092179045
105.887,0.092179082
105.89,0.092179117
105.893,0.092179151
105.896,0.092179184
105.9,0.092179216
105.903,0.092179248
105.906,0.092179278
105.909,0.092179307
105.912,0.092179336
105.915,0.092179364
105.918,0.09217939
105.921,0.092179415
105.925,0.092179439
105.928,0.092179462
105.931,0.092179482
105.934,0.092179501
105.937,0.092179517
105.94,0.092179532
105.943,0.092179544
105.946,0.092179554
105.949,0.092179562
105.953,0.092179568
105.956,0.092179571
105.959,0.092179573
105.962,0.092179574
105.965,0.092179573
105.968,0.09217957
105.971,0.092179567
105.974,0.092179563
105.978,0.092179558
105.981,0.092179554
105.984,0.092179549
105.987,0.092179544
105.99,0.092179539
105.993,0.092179535
105.996,0.092179531
105.999,0.092179528
106.002,0.092179527
106.006,0.092179527
106.009,0.092179528
106.012,0.092179531
106.015,0.092179537
106.018,0.092179544
106.021,0.092179555
106.024,0.092179568
106.027,0.092179584
106.031,0.092179604
106.034,0.092179628
106.037,0.092179655
106.04,0.092179686
106.043,0.092179722
106.046,0.092179762
106.049,0.092179806
106.052,0.092179855
106.056,0.092179908
106.059,0.092179967
106.062,0.09218003
106.065,0.092180098
106.068,0.09218017
106.071,0.092180247
106.074,0.092180328
106.077,0.092180413
106.08,0.092180502
106.084,0.092180595
106.087,0.09218069
106.09,0.092180788
106.093,0.092180889
106.096,0.092180991
106.099,0.092181095
106.102,0.092181199
106.105,0.092181304
106.109,0.09218141
106.112,0.092181515
106.115,0.09218162
106.118,0.092181725
106.121,0.092181829
106.124,0.092181932
106.127,0.092182034
106.13,0.092182135
106.133,0.092182235
106.137,0.092182334
106.14,0.092182431
106.143,0.092182526
106.146,0.092182619
106.149,0.09218271
106.152,0.092182799
106.155,0.092182885
106.158,0.092182967
106.162,0.092183046
106.165,0.092183122
106.168,0.092183193
106.171,0.09218326
106.174,0.092183322
106.177,0.09218338
106.18,0.092183433
106.183,0.092183481
106.186,0.092183525
106.19,0.092183563
106.193,0.092183597
106.196,0.092183627
106.199,0.092183653
106.202,0.092183674
106.205,0.092183692
106.208,0.092183706
106.211,0.092183717
106.215,0.092183726
106.218,0.092183731
106.221,0.092183734
106.224,0.092183735
106.227,0.092183734
106.23,0.092183732
106.233,0.092183728
106.236,0.092183724
106.239,0.092183718
106.243,0.092183713
106.246,0.092183708
106.249,0.092183703
106.252,0.092183699
106.255,0.092183696
106.258,0.092183695
106.261,0.092183696
106.264,0.0921837
106.268,0.092183706
106.271,0.092183716
106.274,0.092183729
106.277,0.092183746
106.28,0.092183767
106.283,0.092183791
106.286,0.092183819
106.289,0.092183851
106.292,0.092183887
106.296,0.092183926
106.299,0.092183969
106.302,0.092184015
106.305,0.092184063
106.308,0.092184115
106.311,0.092184168
106.314,0.092184225
106.317,0.092184283
106.321,0.092184343
106.324,0.092184405
106.327,0.092184469
106.33,0.092184535
106.333,0.092184602
106.336,0.09218467
106.339,0.09218474
106.342,0.092184811
106.345,0.092184883
106.349,0.092184955
106.352,0.092185028
106.355,0.0921851
106.358,0.092185172
106.361,0.092185243
106.364,0.092185313
106.367,0.092185382
106.37,0.092185448
106.374,0.092185512
106.377,0.092185574
106.38,0.092185633
106.383,0.092185689
106.386,0.092185741
106.389,0.092185791
106.392,0.092185838
106.395,0.092185882
106.399,0.092185922
106.402,0.09218596
106.405,0.092185995
106.408,0.092186028
106.411,0.092186058
106.414,0.092186086
106.417,0.092186112
106.42,0.092186136
106.423,0.092186158
106.427,0.092186179
106.43,0.092186199
106.433,0.092186218
106.436,0.092186235
106.439,0.092186252
106.442,0.092186269
106.445,0.092186285
106.448,0.092186302
106.452,0.092186319
106.455,0.092186337
106.458,0.092186355
106.461,0.092186376
106.464,0.092186398
106.467,0.092186422
106.47,0.092186448
106.473,0.092186476
106.476,0.092186507
106.48,0.09218654
106.483,0.092186576
106.486,0.092186614
106.489,0.092186655
106.492,0.092186698
106.495,0.092186743
106.498,0.092186791
106.501,0.09218684
106.505,0.09218689
106.508,0.092186943
106.511,0.092186997
106.514,0.092187052
106.517,0.092187109
106.52,0.092187167
106.523,0.092187227
106.526,0.092187288
106.529,0.09218735
106.533,0.092187413
106.536,0.092187477
106.539,0.092187542
106.542,0.092187607
106.545,0.092187673
106.548,0.092187739
106.551,0.092187804
106.554,0.092187869
106.558,0.092187933
106.561,0.092187995
106.564,0.092188056
106.567,0.092188115
106.57,0.092188171
106.573,0.092188225
106.576,0.092188276
106.579,0.092188325
106.582,0.092188371
106.586,0.092188414
106.589,0.092188455
106.592,0.092188493
106.595,0.092188529
106.598,0.092188562
106.601,0.092188593
106.604,0.092188623
106.607,0.09218865
106.611,0.092188676
106.614,0.092188701
106.617,0.092188724
106.62,0.092188747
106.623,0.092188768
106.626,0.092188789
106.629,0.09218881
106.632,0.092188831
106.635,0.092188852
106.639,0.092188874
106.642,0.092188896
106.645,0.092188919
106.648,0.092188943
106.651,0.092188968
106.654,0.092188995
106.657,0.092189023
106.66,0.092189053
106.664,0.092189084
106.667,0.092189117
106.67,0.092189151
106.673,0.092189186
106.676,0.092189224
106.679,0.092189263
106.682,0.092189303
106.685,0.092189346
106.688,0.09218939
106.692,0.092189437
106.695,0.092189485
106.698,0.092189535
106.701,0.092189587
106.704,0.092189641
106.707,0.092189697
106.71,0.092189754
106.713,0.092189813
106.717,0.092189874
106.72,0.092189936
106.723,0.092189998
106.726,0.092190061
106.729,0.092190123
106.732,0.092190186
106.735,0.092190247
106.738,0.092190308
106.742,0.092190367
106.745,0.092190424
106.748,0.09219048
106.751,0.092190534
106.754,0.092190585
106.757,0.092190634
106.76,0.09219068
106.763,0.092190725
106.766,0.092190767
106.77,0.092190808
106.773,0.092190846
106.776,0.092190883
106.779,0.092190917
106.782,0.092190951
106.785,0.092190983
106.788,0.092191014
106.791,0.092191044
106.795,0.092191073
106.798,0.092191102
106.801,0.092191131
106.804,0.092191159
106.807,0.092191187
106.81,0.092191215
106.813,0.092191244
106.816,0.092191273
106.819,0.092191302
106.823,0.092191332
106.826,0.092191363
106.829,0.092191394
106.832,0.092191426
106.835,0.092191459
106.838,0.092191493
106.841,0.092191528
106.844,0.092191565
106.848,0.092191603
106.851,0.092191642
106.854,0.092191683
106.857,0.092191726
106.86,0.09219177
106.863,0.092191817
106.866,0.092191866
106.869,0.092191917
106.872,0.09219197
106.876,0.092192024
106.879,0.092192081
106.882,0.092192139
106.885,0.092192198
106.888,0.092192258
106.891,0.092192319
106.894,0.09219238
106.897,0.09219244
106.901,0.0921925
106.904,0.092192559
106.907,0.092192617
106.91,0.092192673
106.913,0.092192727
106.916,0.09219278
106.919,0.09219283
106.922,0.092192879
106.925,0.092192925
106.929,0.09219297
106.932,0.092193012
106.935,0.092193053
106.938,0.092193093
106.941,0.09219313
106.944,0.092193167
106.947,0.092193202
106.95,0.092193237
106.954,0.092193271
106.957,0.092193305
106.96,0.092193338
106.963,0.09219337
106.966,0.092193403
106.969,0.092193436
106.972,0.092193468
106.975,0.0921935
106.978,0.092193533
106.982,0.092193566
106.985,0.092193599
106.988,0.092193632
106.991,0.092193666
106.994,0.0921937
106.997,0.092193734
107,0.09219377
107.003,0.092193806
107.007,0.092193844
107.01,0.092193883
107.013,0.092193923
107.016,0.092193965
107.019,0.092194009
107.022,0.092194054
107.025,0.092194102
107.028,0.092194151
107.031,0.092194202
107.035,0.092194254
107.038,0.092194308
107.041,0.092194363
107.044,0.092194419
107.047,0.092194475
107.05,0.092194532
107.053,0.092194588
107.056,0.092194644
107.06,0.092194698
107.063,0.092194752
107.066,0.092194804
107.069,0.092194855
107.072,0.092194903
107.075,0.09219495
107.078,0.092194995
107.081,0.092195039
107.085,0.09219508
107.088,0.09219512
107.091,0.092195158
107.094,0.092195195
107.097,0.09219523
107.1,0.092195265
107.103,0.092195299
107.106,0.092195332
107.109,0.092195364
107.113,0.092195396
107.116,0.092195428
107.119,0.092195459
107.122,0.092195491
107.125,0.092195522
107.128,0.092195553
107.131,0.092195584
107.134,0.092195615
107.138,0.092195646
107.141,0.092195676
107.144,0.092195707
107.147,0.092195738
107.15,0.09219577
107.153,0.092195802
107.156,0.092195834
107.159,0.092195868
107.162,0.092195903
107.166,0.092195939
107.169,0.092195976
107.172,0.092196015
107.175,0.092196056
107.178,0.092196099
107.181,0.092196143
107.184,0.09219619
107.187,0.092196238
107.191,0.092196287
107.194,0.092196338
107.197,0.09219639
107.2,0.092196442
107.203,0.092196495
107.206,0.092196548
107.209,0.092196601
107.212,0.092196653
107.215,0.092196704
107.219,0.092196754
107.222,0.092196803
107.225,0.09219685
107.228,0.092196896
107.231,0.092196941
107.234,0.092196984
107.237,0.092197025
107.24,0.092197066
107.244,0.092197105
107.247,0.092197143
107.25,0.092197181
107.253,0.092197218
107.256,0.092197255
107.259,0.092197291
107.262,0.092197327
107.265,0.092197363
107.268,0.092197399
107.272,0.092197435
107.275,0.09219747
107.278,0.092197506
107.281,0.092197541
107.284,0.092197576
107.287,0.092197611
107.29,0.092197646
107.293,0.092197681
107.297,0.092197716
107.3,0.092197751
107.303,0.092197787
107.306,0.092197823
107.309,0.09219786
107.312,0.092197898
107.315,0.092197937
107.318,0.092197978
107.321,0.092198021
107.325,0.092198064
107.328,0.09219811
107.331,0.092198157
107.334,0.092198206
107.337,0.092198256
107.34,0.092198308
107.343,0.09219836
107.346,0.092198413
107.35,0.092198466
107.353,0.092198519
107.356,0.092198573
107.359,0.092198625
107.362,0.092198677
107.365,0.092198727
107.368,0.092198777
107.371,0.092198825
107.374,0.092198872
107.378,0.092198917
107.381,0.092198961
107.384,0.092199004
107.387,0.092199046
107.39,0.092199087
107.393,0.092199128
107.396,0.092199168
107.399,0.092199207
107.403,0.092199246
107.406,0.092199285
107.409,0.092199323
107.412,0.092199362
107.415,0.0921994
107.418,0.092199437
107.421,0.092199475
107.424,0.092199511
107.428,0.092199548
107.431,0.092199584
107.434,0.092199619
107.437,0.092199654
107.44,0.092199689
107.443,0.092199724
107.446,0.092199758
107.449,0.092199793
107.452,0.092199829
107.456,0.092199865
107.459,0.092199902
107.462,0.09219994
107.465,0.092199979
107.468,0.09220002
107.471,0.092200062
107.474,0.092200105
107.477,0.092200149
107.481,0.092200195
107.484,0.092200242
107.487,0.092200289
107.49,0.092200337
107.493,0.092200385
107.496,0.092200433
107.499,0.092200481
107.502,0.092200528
107.505,0.092200574
107.509,0.092200619
107.512,0.092200664
107.515,0.092200706
107.518,0.092200748
107.521,0.092200789
107.524,0.092200829
107.527,0.092200868
107.53,0.092200906
107.534,0.092200943
107.537,0.09220098
107.54,0.092201017
107.543,0.092201053
107.546,0.092201089
107.549,0.092201125
107.552,0.09220116
107.555,0.092201196
107.558,0.092201231
107.562,0.092201266
107.565,0.0922013
107.568,0.092201334
107.571,0.092201368
107.574,0.092201401
107.577,0.092201434
107.58,0.092201467
107.583,0.0922015
107.587,0.092201533
107.59,0.092201567
107.593,0.092201601
107.596,0.092201636
107.599,0.092201673
107.602,0.092201711
107.605,0.09220175
107.608,0.092201791
107.611,0.092201833
107.615,0.092201877
107.618,0.092201923
107.621,0.092201971
107.624,0.09220202
107.627,0.092202069
107.63,0.09220212
107.633,0.092202172
107.636,0.092202223
107.64,0.092202275
107.643,0.092202326
107.646,0.092202376
107.649,0.092202426
107.652,0.092202475
107.655,0.092202523
107.658,0.09220257
107.661,0.092202616
107.664,0.092202661
107.668,0.092202705
107.671,0.092202748
107.674,0.092202791
107.677,0.092202833
107.68,0.092202875
107.683,0.092202917
107.686,0.092202958
107.689,0.092202999
107.693,0.09220304
107.696,0.092203081
107.699,0.092203121
107.702,0.092203161
107.705,0.092203199
107.708,0.092203238
107.711,0.092203276
107.714,0.092203313
107.717,0.092203349
107.721,0.092203385
107.724,0.092203421
107.727,0.092203457
107.73,0.092203492
107.733,0.092203528
107.736,0.092203565
107.739,0.092203602
107.742,0.09220364
107.746,0.09220368
107.749,0.09220372
107.752,0.092203762
107.755,0.092203805
107.758,0.092203849
107.761,0.092203894
107.764,0.09220394
107.767,0.092203986
107.771,0.092204033
107.774,0.092204081
107.777,0.092204128
107.78,0.092204175
107.783,0.092204221
107.786,0.092204267
107.789,0.092204312
107.792,0.092204357
107.795,0.092204401
107.799,0.092204444
107.802,0.092204487
107.805,0.092204529
107.808,0.092204571
107.811,0.092204612
107.814,0.092204654
107.817,0.092204695
107.82,0.092204737
107.824,0.092204778
107.827,0.09220482
107.83,0.092204861
107.833,0.092204903
107.836,0.092204944
107.839,0.092204984
107.842,0.092205025
107.845,0.092205065
107.848,0.092205104
107.852,0.092205143
107.855,0.092205182
107.858,0.092205221
107.861,0.092205259
107.864,0.092205298
107.867,0.092205337
107.87,0.092205377
107.873,0.092205417
107.877,0.092205458
107.88,0.0922055
107.883,0.092205543
107.886,0.092205587
107.889,0.092205632
107.892,0.092205677
107.895,0.092205724
107.898,0.092205771
107.901,0.092205818
107.905,0.092205865
107.908,0.092205911
107.911,0.092205958
107.914,0.092206003
107.917,0.092206048
107.92,0.092206092
107.923,0.092206135
107.926,0.092206177
107.93,0.092206219
107.933,0.092206259
107.936,0.092206299
107.939,0.092206338
107.942,0.092206377
107.945,0.092206415
107.948,0.092206453
107.951,0.092206491
107.954,0.092206528
107.958,0.092206565
107.961,0.092206602
107.964,0.092206639
107.967,0.092206675
107.97,0.09220671
107.973,0.092206745
107.976,0.092206779
107.979,0.092206812
107.983,0.092206845
107.986,0.092206877
107.989,0.092206909
107.992,0.092206941
107.995,0.092206973
107.998,0.092207006
108.001,0.092207039
108.004,0.092207073
108.007,0.092207107
108.011,0.092207143
108.014,0.09220718
108.017,0.092207219
108.02,0.092207258
108.023,0.092207299
108.026,0.09220734
108.029,0.092207382
108.032,0.092207425
108.036,0.092207468
108.039,0.092207511
108.042,0.092207554
108.045,0.092207597
108.048,0.092207639
108.051,0.092207681
108.054,0.092207722
108.057,0.092207763
108.06,0.092207804
108.064,0.092207844
108.067,0.092207884
108.07,0.092207924
108.073,0.092207964
108.076,0.092208004
108.079,0.092208044
108.082,0.092208085
108.085,0.092208125
108.089,0.092208165
108.092,0.092208206
108.095,0.092208246
108.098,0.092208286
108.101,0.092208326
108.104,0.092208366
108.107,0.092208405
108.11,0.092208444
108.114,0.092208483
108.117,0.092208522
108.12,0.092208561
108.123,0.0922086
108.126,0.092208639
108.129,0.09220868
108.132,0.092208721
108.135,0.092208763
108.138,0.092208806
108.142,0.09220885
108.145,0.092208896
108.148,0.092208943
108.151,0.09220899
108.154,0.092209039
108.157,0.092209088
108.16,0.092209138
108.163,0.092209189
108.167,0.092209239
108.17,0.092209289
108.173,0.092209339
108.176,0.092209388
108.179,0.092209436
108.182,0.092209484
108.185,0.09220953
108.188,0.092209576
108.191,0.092209622
108.195,0.092209666
108.198,0.09220971
108.201,0.092209753
108.204,0.092209796
108.207,0.092209838
108.21,0.09220988
108.213,0.092209921
108.216,0.092209962
108.22,0.092210003
108.223,0.092210043
108.226,0.092210081
108.229,0.09221012
108.232,0.092210157
108.235,0.092210194
108.238,0.09221023
108.241,0.092210265
108.244,0.0922103
108.248,0.092210335
108.251,0.092210369
108.254,0.092210404
108.257,0.092210439
108.26,0.092210475
108.263,0.092210511
108.266,0.092210549
108.269,0.092210587
108.273,0.092210627
108.276,0.092210668
108.279,0.092210709
108.282,0.092210752
108.285,0.092210795
108.288,0.092210839
108.291,0.092210884
108.294,0.092210928
108.297,0.092210973
108.301,0.092211017
108.304,0.092211061
108.307,0.092211104
108.31,0.092211147
108.313,0.092211189
108.316,0.092211231
108.319,0.092211273
108.322,0.092211314
108.326,0.092211354
108.329,0.092211394
108.332,0.092211434
108.335,0.092211474
108.338,0.092211513
108.341,0.092211551
108.344,0.092211589
108.347,0.092211627
108.35,0.092211664
108.354,0.0922117
108.357,0.092211735
108.36,0.09221177
108.363,0.092211804
108.366,0.092211837
108.369,0.09221187
108.372,0.092211902
108.375,0.092211935
108.379,0.092211967
108.382,0.092212
108.385,0.092212033
108.388,0.092212067
108.391,0.092212102
108.394,0.092212139
108.397,0.092212176
108.4,0.092212214
108.403,0.092212254
108.407,0.092212295
108.41,0.092212336
108.413,0.092212378
108.416,0.092212421
108.419,0.092212464
108.422,0.092212508
108.425,0.092212551
108.428,0.092212594
108.432,0.092212637
108.435,0.09221268
108.438,0.092212722
108.441,0.092212764
108.444,0.092212805
108.447,0.092212847
108.45,0.092212888
108.453,0.092212929
108.457,0.092212969
108.46,0.092213009
108.463,0.09221305
108.466,0.09221309
108.469,0.092213129
108.472,0.092213168
108.475,0.092213207
108.478,0.092213245
108.481,0.092213283
108.485,0.09221332
108.488,0.092213357
108.491,0.092213393
108.494,0.092213429
108.497,0.092213466
108.5,0.092213502
108.503,0.092213538
108.506,0.092213575
108.51,0.092213613
108.513,0.092213652
108.516,0.092213691
108.519,0.092213732
108.522,0.092213774
108.525,0.092213817
108.528,0.09221386
108.531,0.092213905
108.534,0.092213951
108.538,0.092213997
108.541,0.092214043
108.544,0.09221409
108.547,0.092214136
108.55,0.092214182
108.553,0.092214228
108.556,0.092214274
108.559,0.092214319
108.563,0.092214363
108.566,0.092214407
108.569,0.092214451
108.572,0.092214494
108.575,0.092214537
108.578,0.09221458
108.581,0.092214622
108.584,0.092214664
108.587,0.092214705
108.591,0.092214746
108.594,0.092214787
108.597,0.092214826
108.6,0.092214866
108.603,0.092214904
108.606,0.092214942
108.609,0.092214979
108.612,0.092215016
108.616,0.092215052
108.619,0.092215088
108.622,0.092215124
108.625,0.092215161
108.628,0.092215197
108.631,0.092215234
108.634,0.092215272
108.637,0.092215311
108.64,0.092215351
108.644,0.092215391
108.647,0.092215433
108.65,0.092215475
108.653,0.092215518
108.656,0.092215562
108.659,0.092215606
108.662,0.09221565
108.665,0.092215694
108.669,0.092215738
108.672,0.092215782
108.675,0.092215826
108.678,0.092215869
108.681,0.092215911
108.684,0.092215953
108.687,0.092215995
108.69,0.092216036
108.693,0.092216077
108.697,0.092216117
108.7,0.092216157
108.703,0.092216197
108.706,0.092216236
108.709,0.092216275
108.712,0.092216314
108.715,0.092216351
108.718,0.092216389
108.722,0.092216425
108.725,0.092216461
108.728,0.092216496
108.731,0.092216531
108.734,0.092216565
108.737,0.092216599
108.74,0.092216633
108.743,0.092216667
108.746,0.092216701
108.75,0.092216736
108.753,0.092216771
108.756,0.092216807
108.759,0.092216844
108.762,0.092216882
108.765,0.092216921
108.768,0.092216961
108.771,0.092217002
108.775,0.092217044
108.778,0.092217086
108.781,0.092217129
108.784,0.092217172
108.787,0.092217216
108.79,0.092217259
108.793,0.092217301
108.796,0.092217344
108.8,0.092217386
108.803,0.092217428
108.806,0.092217469
108.809,0.092217511
108.812,0.092217551
108.815,0.092217592
108.818,0.092217632
108.821,0.092217672
108.824,0.092217711
108.828,0.09221775
108.831,0.092217789
108.834,0.092217827
108.837,0.092217864
108.84,0.092217901
108.843,0.092217937
108.846,0.092217972
108.849,0.092218007
108.853,0.092218041
108.856,0.092218074
108.859,0.092218107
108.862,0.092218141
108.865,0.092218174
108.868,0.092218207
108.871,0.092218241
108.874,0.092218276
108.877,0.092218312
108.881,0.092218348
108.884,0.092218386
108.887,0.092218424
108.89,0.092218464
108.893,0.092218504
108.896,0.092218546
108.899,0.092218587
108.902,0.09221863
108.906,0.092218672
108.909,0.092218715
108.912,0.092218757
108.915,0.0922188
108.918,0.092218842
108.921,0.092218885
108.924,0.092218927
108.927,0.092218968
108.93,0.09221901
108.934,0.092219052
108.937,0.092219093
108.94,0.092219134
108.943,0.092219174
108.946,0.092219214
108.949,0.092219254
108.952,0.092219292
108.955,0.09221933
108.959,0.092219368
108.962,0.092219404
108.965,0.092219439
108.968,0.092219474
108.971,0.092219508
108.974,0.092219541
108.977,0.092219574
108.98,0.092219607
108.983,0.09221964
108.987,0.092219673
108.99,0.092219706
108.993,0.09221974
108.996,0.092219775
108.999,0.092219811
109.002,0.092219848
109.005,0.092219886
109.008,0.092219924
109.012,0.092219964
109.015,0.092220004
109.018,0.092220045
109.021,0.092220086
109.024,0.092220127
109.027,0.092220169
109.03,0.09222021
109.033,0.092220252
109.036,0.092220293
109.04,0.092220334
109.043,0.092220375
109.046,0.092220416
109.049,0.092220457
109.052,0.092220498
109.055,0.092220538
109.058,0.092220578
109.061,0.092220618
109.065,0.092220657
109.068,0.092220696
109.071,0.092220733
109.074,0.092220771
109.077,0.092220807
109.08,0.092220843
109.083,0.092220878
109.086,0.092220912
109.089,0.092220945
109.093,0.092220978
109.096,0.09222101
109.099,0.092221043
109.102,0.092221075
109.105,0.092221108
109.108,0.092221141
109.111,0.092221175
109.114,0.09222121
109.118,0.092221245
109.121,0.092221282
109.124,0.092221319
109.127,0.092221357
109.13,0.092221396
109.133,0.092221436
109.136,0.092221476
109.139,0.092221517
109.143,0.092221557
109.146,0.092221599
109.149,0.09222164
109.152,0.092221681
109.155,0.092221723
109.158,0.092221764
109.161,0.092221805
109.164,0.092221847
109.167,0.092221888
109.171,0.092221929
109.174,0.09222197
109.177,0.092222011
109.18,0.092222051
109.183,0.092222091
109.186,0.09222213
109.189,0.092222169
109.192,0.092222206
109.196,0.092222243
109.199,0.092222279
109.202,0.092222315
109.205,0.09222235
109.208,0.092222384
109.211,0.092222419
109.214,0.092222453
109.217,0.092222488
109.22,0.092222523
109.224,0.092222558
109.227,0.092222595
109.23,0.092222632
109.233,0.092222671
109.236,0.09222271
109.239,0.092222751
109.242,0.092222792
109.245,0.092222834
109.249,0.092222876
109.252,0.092222919
109.255,0.092222962
109.258,0.092223005
109.261,0.092223049
109.264,0.092223092
109.267,0.092223135
109.27,0.092223178
109.273,0.092223221
109.277,0.092223263
109.28,0.092223305
109.283,0.092223346
109.286,0.092223387
109.289,0.092223428
109.292,0.092223467
109.295,0.092223506
109.298,0.092223545
109.302,0.092223582
109.305,0.092223618
109.308,0.092223653
109.311,0.092223688
109.314,0.092223721
109.317,0.092223754
109.32,0.092223786
109.323,0.092223818
109.326,0.09222385
109.33,0.092223882
109.333,0.092223914
109.336,0.092223947
109.339,0.09222398
109.342,0.092224014
109.345,0.092224049
109.348,0.092224086
109.351,0.092224123
109.355,0.092224161
109.358,0.092224201
109.361,0.092224241
109.364,0.092224282
109.367,0.092224323
109.37,0.092224365
109.373,0.092224407
109.376,0.092224449
109.379,0.092224492
109.383,0.092224534
109.386,0.092224576
109.389,0.092224618
109.392,0.09222466
109.395,0.092224702
109.398,0.092224743
109.401,0.092224784
109.404,0.092224824
109.408,0.092224864
109.411,0.092224902
109.414,0.09222494
109.417,0.092224977
109.42,0.092225012
109.423,0.092225047
109.426,0.09222508
109.429,0.092225113
109.432,0.092225145
109.436,0.092225176
109.439,0.092225207
109.442,0.092225238
109.445,0.092225269
109.448,0.092225301
109.451,0.092225333
109.454,0.092225366
109.457,0.092225399
109.461,0.092225434
109.464,0.09222547
109.467,0.092225507
109.47,0.092225545
109.473,0.092225583
109.476,0.092225622
109.479,0.092225662
109.482,0.092225702
109.486,0.092225743
109.489,0.092225784
109.492,0.092225825
109.495,0.092225867
109.498,0.092225908
109.501,0.09222595
109.504,0.092225991
109.507,0.092226032
109.51,0.092226073
109.514,0.092226114
109.517,0.092226154
109.52,0.092226193
109.523,0.092226232
109.526,0.09222627
109.529,0.092226307
109.532,0.092226343
109.535,0.092226378
109.539,0.092226412
109.542,0.092226446
109.545,0.092226479
109.548,0.092226511
109.551,0.092226543
109.554,0.092226575
109.557,0.092226607
109.56,0.09222664
109.563,0.092226673
109.567,0.092226706
109.57,0.092226741
109.573,0.092226776
109.576,0.092226812
109.579,0.092226849
109.582,0.092226887
109.585,0.092226925
109.588,0.092226963
109.592,0.092227002
109.595,0.092227041
109.598,0.092227081
109.601,0.09222712
109.604,0.09222716
109.607,0.092227199
109.61,0.092227239
109.613,0.092227278
109.616,0.092227317
109.62,0.092227355
109.623,0.092227394
109.626,0.092227431
109.629,0.092227469
109.632,0.092227505
109.635,0.092227541
109.638,0.092227576
109.641,0.092227611
109.645,0.092227644
109.648,0.092227676
109.651,0.092227708
109.654,0.092227739
109.657,0.09222777
109.66,0.0922278
109.663,0.09222783
109.666,0.09222786
109.669,0.092227891
109.673,0.092227922
109.676,0.092227953
109.679,0.092227986
109.682,0.09222802
109.685,0.092228054
109.688,0.09222809
109.691,0.092228127
109.694,0.092228165
109.698,0.092228204
109.701,0.092228244
109.704,0.092228284
109.707,0.092228325
109.71,0.092228366
109.713,0.092228408
109.716,0.09222845
109.719,0.092228492
109.722,0.092228535
109.726,0.092228577
109.729,0.092228619
109.732,0.092228661
109.735,0.092228702
109.738,0.092228743
109.741,0.092228783
109.744,0.092228822
109.747,0.092228861
109.751,0.092228898
109.754,0.092228935
109.757,0.09222897
109.76,0.092229005
109.763,0.092229038
109.766,0.092229071
109.769,0.092229104
109.772,0.092229136
109.775,0.092229168
109.779,0.0922292
109.782,0.092229233
109.785,0.092229266
109.788,0.0922293
109.791,0.092229335
109.794,0.092229371
109.797,0.092229408
109.8,0.092229445
109.804,0.092229484
109.807,0.092229523
109.81,0.092229563
109.813,0.092229604
109.816,0.092229645
109.819,0.092229686
109.822,0.092229727
109.825,0.092229769
109.829,0.09222981
109.832,0.092229851
109.835,0.092229892
109.838,0.092229932
109.841,0.092229972
109.844,0.092230011
109.847,0.092230049
109.85,0.092230086
109.853,0.092230122
109.857,0.092230157
109.86,0.092230191
109.863,0.092230223
109.866,0.092230254
109.869,0.092230283
109.872,0.092230312
109.875,0.092230339
109.878,0.092230366
109.882,0.092230391
109.885,0.092230417
109.888,0.092230442
109.891,0.092230467
109.894,0.092230493
109.897,0.092230519
109.9,0.092230545
109.903,0.092230572
109.906,0.0922306
109.91,0.092230629
109.913,0.092230658
109.916,0.092230688
109.919,0.092230718
109.922,0.092230749
109.925,0.092230781
109.928,0.092230813
109.931,0.092230845
109.935,0.092230878
109.938,0.092230911
109.941,0.092230944
109.944,0.092230977
109.947,0.09223101
109.95,0.092231043
109.953,0.092231076
109.956,0.092231108
109.959,0.09223114
109.963,0.092231172
109.966,0.092231203
109.969,0.092231233
109.972,0.092231263
109.975,0.092231293
109.978,0.092231321
109.981,0.092231349
109.984,0.092231377
109.988,0.092231405
109.991,0.092231433
109.994,0.092231461
109.997,0.09223149
110,0.09223152
110.003,0.092231551
110.006,0.092231583
110.009,0.092231616
110.012,0.092231651
110.016,0.092231686
110.019,0.092231723
110.022,0.092231762
110.025,0.092231801
110.028,0.092231841
110.031,0.092231883
110.034,0.092231925
110.037,0.092231967
110.041,0.092232011
110.044,0.092232054
110.047,0.092232098
110.05,0.092232141
110.053,0.092232185
110.056,0.092232228
110.059,0.092232271
110.062,0.092232314
110.065,0.092232356
110.069,0.092232396
110.072,0.092232437
110.075,0.092232476
110.078,0.092232514
110.081,0.092232551
110.084,0.092232587
110.087,0.092232621
110.09,0.092232656
110.094,0.092232689
110.097,0.092232722
110.1,0.092232755
110.103,0.092232788
110.106,0.092232822
110.109,0.092232856
110.112,0.09223289
110.115,0.092232925
110.118,0.092232962
110.122,0.092232999
110.125,0.092233037
110.128,0.092233076
110.131,0.092233117
110.134,0.092233158
110.137,0.0922332
110.14,0.092233242
110.143,0.092233285
110.147,0.092233328
110.15,0.092233372
110.153,0.092233416
110.156,0.09223346
110.159,0.092233503
110.162,0.092233547
110.165,0.09223359
110.168,0.092233632
110.171,0.092233673
110.175,0.092233713
110.178,0.092233753
110.181,0.092233791
110.184,0.092233827
110.187,0.092233863
110.19,0.092233897
110.193,0.09223393
110.196,0.092233961
110.2,0.092233992
110.203,0.092234022
110.206,0.092234052
110.209,0.092234081
110.212,0.09223411
110.215,0.09223414
110.218,0.092234169
110.221,0.0922342
110.225,0.09223423
110.228,0.092234262
110.231,0.092234294
110.234,0.092234327
110.237,0.092234361
110.24,0.092234396
110.243,0.092234431
110.246,0.092234467
110.249,0.092234503
110.253,0.092234539
110.256,0.092234576
110.259,0.092234613
110.262,0.09223465
110.265,0.092234687
110.268,0.092234724
110.271,0.09223476
110.274,0.092234796
110.278,0.092234831
110.281,0.092234865
110.284,0.092234899
110.287,0.092234931
110.29,0.092234962
110.293,0.092234993
110.296,0.092235022
110.299,0.09223505
110.302,0.092235078
110.306,0.092235105
110.309,0.092235132
110.312,0.092235158
110.315,0.092235185
110.318,0.092235213
110.321,0.09223524
110.324,0.092235269
110.327,0.092235298
110.331,0.092235329
110.334,0.09223536
110.337,0.092235393
110.34,0.092235426
110.343,0.092235461
110.346,0.092235496
110.349,0.092235532
110.352,0.092235569
110.355,0.092235606
110.359,0.092235644
110.362,0.092235682
110.365,0.092235721
110.368,0.092235759
110.371,0.092235797
110.374,0.092235835
110.377,0.092235872
110.38,0.092235909
110.384,0.092235945
110.387,0.09223598
110.39,0.092236014
110.393,0.092236047
110.396,0.092236079
110.399,0.09223611
110.402,0.09223614
110.405,0.09223617
110.408,0.092236199
110.412,0.092236227
110.415,0.092236256
110.418,0.092236285
110.421,0.092236314
110.424,0.092236343
110.427,0.092236373
110.43,0.092236405
110.433,0.092236437
110.437,0.09223647
110.44,0.092236505
110.443,0.092236541
110.446,0.092236577
110.449,0.092236615
110.452,0.092236654
110.455,0.092236694
110.458,0.092236734
110.461,0.092236775
110.465,0.092236816
110.468,0.092236858
110.471,0.0922369
110.474,0.092236942
110.477,0.092236983
110.48,0.092237024
110.483,0.092237065
110.486,0.092237105
110.49,0.092237143
110.493,0.092237181
110.496,0.092237218
110.499,0.092237254
110.502,0.092237288
110.505,0.092237321
110.508,0.092237353
110.511,0.092237384
110.514,0.092237414
110.518,0.092237444
110.521,0.092237473
110.524,0.092237502
110.527,0.092237532
110.53,0.092237561
110.533,0.092237591
110.536,0.092237622
110.539,0.092237653
110.543,0.092237685
110.546,0.092237718
110.549,0.092237752
110.552,0.092237787
110.555,0.092237822
110.558,0.092237858
110.561,0.092237894
110.564,0.092237931
110.568,0.092237968
110.571,0.092238006
110.574,0.092238043
110.577,0.09223808
110.58,0.092238117
110.583,0.092238154
110.586,0.09223819
110.589,0.092238226
110.592,0.09223826
110.596,0.092238293
110.599,0.092238326
110.602,0.092238357
110.605,0.092238387
110.608,0.092238416
110.611,0.092238444
110.614,0.092238471
110.617,0.092238498
110.621,0.092238524
110.624,0.09223855
110.627,0.092238576
110.63,0.092238603
110.633,0.09223863
110.636,0.092238658
110.639,0.092238686
110.642,0.092238716
110.645,0.092238747
110.649,0.092238779
110.652,0.092238812
110.655,0.092238846
110.658,0.092238881
110.661,0.092238917
110.664,0.092238953
110.667,0.09223899
110.67,0.092239028
110.674,0.092239066
110.677,0.092239104
110.68,0.092239142
110.683,0.09223918
110.686,0.092239217
110.689,0.092239254
110.692,0.092239291
110.695,0.092239326
110.698,0.092239361
110.702,0.092239394
110.705,0.092239427
110.708,0.092239458
110.711,0.092239488
110.714,0.092239518
110.717,0.092239547
110.72,0.092239575
110.723,0.092239603
110.727,0.092239631
110.73,0.092239659
110.733,0.092239688
110.736,0.092239717
110.739,0.092239748
110.742,0.092239779
110.745,0.092239811
110.748,0.092239845
110.751,0.092239879
110.755,0.092239915
110.758,0.092239952
110.761,0.09223999
110.764,0.09224003
110.767,0.092240069
110.77,0.09224011
110.773,0.092240151
110.776,0.092240192
110.78,0.092240234
110.783,0.092240275
110.786,0.092240316
110.789,0.092240357
110.792,0.092240397
110.795,0.092240436
110.798,0.092240475
110.801,0.092240512
110.804,0.092240547
110.808,0.092240582
110.811,0.092240615
110.814,0.092240647
110.817,0.092240679
110.82,0.092240709
110.823,0.092240738
110.826,0.092240767
110.829,0.092240796
110.833,0.092240824
110.836,0.092240853
110.839,0.092240882
110.842,0.092240911
110.845,0.092240941
110.848,0.092240972
110.851,0.092241003
110.854,0.092241035
110.857,0.092241068
110.861,0.092241102
110.864,0.092241137
110.867,0.092241171
110.87,0.092241207
110.873,0.092241242
110.876,0.092241278
110.879,0.092241314
110.882,0.09224135
110.886,0.092241385
110.889,0.092241421
110.892,0.092241455
110.895,0.092241489
110.898,0.092241522
110.901,0.092241555
110.904,0.092241586
110.907,0.092241615
110.911,0.092241644
110.914,0.092241672
110.917,0.092241699
110.92,0.092241725
110.923,0.09224175
110.926,0.092241776
110.929,0.092241801
110.932,0.092241826
110.935,0.092241851
110.939,0.092241877
110.942,0.092241904
110.945,0.092241932
110.948,0.092241961
110.951,0.092241991
110.954,0.092242023
110.957,0.092242055
110.96,0.092242088
110.964,0.092242123
110.967,0.092242158
110.97,0.092242195
110.973,0.092242232
110.976,0.092242269
110.979,0.092242307
110.982,0.092242345
110.985,0.092242382
110.988,0.09224242
110.992,0.092242457
110.995,0.092242493
110.998,0.092242529
111.001,0.092242563
111.004,0.092242597
111.007,0.092242629
111.01,0.09224266
111.013,0.09224269
111.017,0.092242719
111.02,0.092242748
111.023,0.092242775
111.026,0.092242803
111.029,0.09224283
111.032,0.092242857
111.035,0.092242884
111.038,0.092242912
111.041,0.092242941
111.045,0.092242971
111.048,0.092243002
111.051,0.092243034
111.054,0.092243067
111.057,0.092243101
111.06,0.092243137
111.063,0.092243173
111.066,0.092243211
111.07,0.092243249
111.073,0.092243288
111.076,0.092243327
111.079,0.092243366
111.082,0.092243406
111.085,0.092243445
111.088,0.092243484
111.091,0.092243523
111.094,0.092243561
111.098,0.092243598
111.101,0.092243634
111.104,0.092243668
111.107,0.092243701
111.11,0.092243734
111.113,0.092243765
111.116,0.092243794
111.119,0.092243823
111.123,0.092243851
111.126,0.092243879
111.129,0.092243906
111.132,0.092243933
111.135,0.092243961
111.138,0.092243988
111.141,0.092244017
111.144,0.092244046
111.147,0.092244075
111.151,0.092244106
111.154,0.092244137
111.157,0.09224417
111.16,0.092244203
111.163,0.092244237
111.166,0.092244272
111.169,0.092244307
111.172,0.092244342
111.176,0.092244378
111.179,0.092244414
111.182,0.092244451
111.185,0.092244486
111.188,0.092244522
111.191,0.092244557
111.194,0.092244591
111.197,0.092244624
111.2,0.092244656
111.204,0.092244688
111.207,0.092244717
111.21,0.092244746
111.213,0.092244774
111.216,0.092244801
111.219,0.092244827
111.222,0.092244852
111.225,0.092244877
111.229,0.092244902
111.232,0.092244927
111.235,0.092244952
111.238,0.092244978
111.241,0.092245004
111.244,0.092245032
111.247,0.092245061
111.25,0.09224509
111.254,0.092245121
111.257,0.092245154
111.26,0.092245187
111.263,0.092245222
111.266,0.092245258
111.269,0.092245294
111.272,0.092245331
111.275,0.092245369
111.278,0.092245407
111.282,0.092245445
111.285,0.092245483
111.288,0.09224552
111.291,0.092245558
111.294,0.092245594
111.297,0.092245629
111.3,0.092245663
111.303,0.092245696
111.307,0.092245727
111.31,0.092245758
111.313,0.092245787
111.316,0.092245815
111.319,0.092245843
111.322,0.09224587
111.325,0.092245896
111.328,0.092245923
111.331,0.092245949
111.335,0.092245976
111.338,0.092246003
111.341,0.092246031
111.344,0.09224606
111.347,0.092246091
111.35,0.092246122
111.353,0.092246154
111.356,0.092246187
111.36,0.092246221
111.363,0.092246256
111.366,0.092246292
111.369,0.092246329
111.372,0.092246365
111.375,0.092246403
111.378,0.09224644
111.381,0.092246477
111.384,0.092246513
111.388,0.092246549
111.391,0.092246585
111.394,0.092246619
111.397,0.092246652
111.4,0.092246684
111.403,0.092246714
111.406,0.092246744
111.409,0.092246772
111.413,0.0922468
111.416,0.092246826
111.419,0.092246852
111.422,0.092246878
111.425,0.092246904
111.428,0.092246929
111.431,0.092246955
111.434,0.092246982
111.437,0.09224701
111.441,0.092247038
111.444,0.092247068
111.447,0.092247098
111.45,0.09224713
111.453,0.092247163
111.456,0.092247197
111.459,0.092247232
111.462,0.092247268
111.466,0.092247304
111.469,0.092247341
111.472,0.092247378
111.475,0.092247415
111.478,0.092247452
111.481,0.092247489
111.484,0.092247525
111.487,0.09224756
111.49,0.092247594
111.494,0.092247627
111.497,0.092247658
111.5,0.092247689
111.503,0.092247718
111.506,0.092247746
111.509,0.092247773
111.512,0.092247799
111.515,0.092247825
111.519,0.09224785
111.522,0.092247875
111.525,0.092247901
111.528,0.092247927
111.531,0.092247953
111.534,0.092247981
111.537,0.092248009
111.54,0.092248038
111.543,0.092248069
111.547,0.0922481
111.55,0.092248133
111.553,0.092248166
111.556,0.092248201
111.559,0.092248236
111.562,0.092248272
111.565,0.092248308
111.568,0.092248345
111.572,0.092248382
111.575,0.092248418
111.578,0.092248454
111.581,0.092248489
111.584,0.092248523
111.587,0.092248557
111.59,0.092248589
111.593,0.09224862
111.597,0.09224865
111.6,0.092248678
111.603,0.092248706
111.606,0.092248732
111.609,0.092248758
111.612,0.092248783
111.615,0.092248808
111.618,0.092248833
111.621,0.092248857
111.625,0.092248883
111.628,0.092248909
111.631,0.092248935
111.634,0.092248963
111.637,0.092248992
111.64,0.092249022
111.643,0.092249052
111.646,0.092249084
111.65,0.092249117
111.653,0.092249151
111.656,0.092249186
111.659,0.092249221
111.662,0.092249257
111.665,0.092249293
111.668,0.092249329
111.671,0.092249365
111.674,0.092249401
111.678,0.092249436
111.681,0.09224947
111.684,0.092249504
111.687,0.092249537
111.69,0.092249568
111.693,0.092249599
111.696,0.092249628
111.699,0.092249657
111.703,0.092249685
111.706,0.092249712
111.709,0.092249739
111.712,0.092249766
111.715,0.092249794
111.718,0.092249821
111.721,0.09224985
111.724,0.092249879
111.727,0.09224991
111.731,0.092249941
111.734,0.092249974
111.737,0.092250008
111.74,0.092250043
111.743,0.09225008
111.746,0.092250117
111.749,0.092250156
111.752,0.092250194
111.756,0.092250234
111.759,0.092250274
111.762,0.092250314
111.765,0.092250353
111.768,0.092250392
111.771,0.092250431
111.774,0.092250468
111.777,0.092250504
111.78,0.092250539
111.784,0.092250573
111.787,0.092250606
111.79,0.092250637
111.793,0.092250667
111.796,0.092250696
111.799,0.092250724
111.802,0.092250752
111.805,0.092250779
111.809,0.092250806
111.812,0.092250833
111.815,0.092250861
111.818,0.092250889
111.821,0.092250917
111.824,0.092250946
111.827,0.092250976
111.83,0.092251006
111.833,0.092251037
111.837,0.092251069
111.84,0.092251102
111.843,0.092251135
111.846,0.092251168
111.849,0.092251201
111.852,0.092251234
111.855,0.092251267
111.858,0.092251299
111.862,0.092251331
111.865,0.092251361
111.868,0.092251391
111.871,0.092251419
111.874,0.092251446
111.877,0.092251472
111.88,0.092251496
111.883,0.092251519
111.886,0.092251541
111.89,0.092251563
111.893,0.092251584
111.896,0.092251604
111.899,0.092251625
111.902,0.092251645
111.905,0.092251666
111.908,0.092251688
111.911,0.092251711
111.915,0.092251734
111.918,0.092251759
111.921,0.092251785
111.924,0.092251812
111.927,0.09225184
111.93,0.092251869
111.933,0.092251899
111.936,0.09225193
111.94,0.092251962
111.943,0.092251994
111.946,0.092252027
111.949,0.092252059
111.952,0.092252091
111.955,0.092252122
111.958,0.092252153
111.961,0.092252183
111.964,0.092252213
111.968,0.092252241
111.971,0.092252268
111.974,0.092252294
111.977,0.092252319
111.98,0.092252344
111.983,0.092252368
111.986,0.092252391
111.989,0.092252415
111.993,0.092252439
111.996,0.092252463
111.999,0.092252488
112.002,0.092252514
112.005,0.092252541
112.008,0.09225257
112.011,0.092252599
112.014,0.09225263
112.017,0.092252663
112.021,0.092252696
112.024,0.092252731
112.027,0.092252767
112.03,0.092252804
112.033,0.092252842
112.036,0.09225288
112.039,0.092252918
112.042,0.092252957
112.046,0.092252995
112.049,0.092253032
112.052,0.092253069
112.055,0.092253105
112.058,0.09225314
112.061,0.092253174
112.064,0.092253207
112.067,0.092253238
112.07,0.092253269
112.074,0.092253298
112.077,0.092253327
112.08,0.092253356
112.083,0.092253384
112.086,0.092253413
112.089,0.092253441
112.092,0.09225347
112.095,0.0922535
112.099,0.092253531
112.102,0.092253562
112.105,0.092253595
112.108,0.092253629
112.111,0.092253663
112.114,0.092253699
112.117,0.092253735
112.12,0.092253772
112.123,0.09225381
112.127,0.092253848
112.13,0.092253886
112.133,0.092253923
112.136,0.09225396
112.139,0.092253997
112.142,0.092254032
112.145,0.092254066
112.148,0.0922541
112.152,0.092254131
112.155,0.092254162
112.158,0.092254191
112.161,0.092254219
112.164,0.092254246
112.167,0.092254272
112.17,0.092254297
112.173,0.092254322
112.176,0.092254347
112.18,0.092254372
112.183,0.092254398
112.186,0.092254424
112.189,0.092254451
112.192,0.092254478
112.195,0.092254507
112.198,0.092254537
112.201,0.092254568
112.205,0.0922546
112.208,0.092254632
112.211,0.092254666
112.214,0.0922547
112.217,0.092254734
112.22,0.092254768
112.223,0.092254803
112.226,0.092254836
112.229,0.09225487
112.233,0.092254902
112.236,0.092254933
112.239,0.092254963
112.242,0.092254991
112.245,0.092255018
112.248,0.092255044
112.251,0.092255069
112.254,0.092255092
112.258,0.092255115
112.261,0.092255137
112.264,0.092255158
112.267,0.09225518
112.27,0.092255201
112.273,0.092255223
112.276,0.092255245
112.279,0.092255268
112.283,0.092255292
112.286,0.092255317
112.289,0.092255343
112.292,0.092255371
112.295,0.092255399
112.298,0.092255428
112.301,0.092255459
112.304,0.09225549
112.307,0.092255521
112.311,0.092255553
112.314,0.092255585
112.317,0.092255617
112.32,0.092255648
112.323,0.092255679
112.326,0.092255709
112.329,0.092255739
112.332,0.092255767
112.336,0.092255795
112.339,0.092255821
112.342,0.092255847
112.345,0.092255872
112.348,0.092255896
112.351,0.09225592
112.354,0.092255944
112.357,0.092255968
112.36,0.092255993
112.364,0.092256018
112.367,0.092256044
112.37,0.092256072
112.373,0.0922561
112.376,0.09225613
112.379,0.092256161
112.382,0.092256193
112.385,0.092256226
112.389,0.092256261
112.392,0.092256296
112.395,0.092256332
112.398,0.092256369
112.401,0.092256405
112.404,0.092256442
112.407,0.092256479
112.41,0.092256515
112.413,0.09225655
112.417,0.092256584
112.42,0.092256617
112.423,0.092256649
112.426,0.09225668
112.429,0.092256709
112.432,0.092256738
112.435,0.092256765
112.438,0.092256792
112.442,0.092256818
112.445,0.092256843
112.448,0.092256869
112.451,0.092256894
112.454,0.09225692
112.457,0.092256947
112.46,0.092256974
112.463,0.092257002
112.466,0.092257031
112.47,0.092257061
112.473,0.092257092
112.476,0.092257124
112.479,0.092257157
112.482,0.092257191
112.485,0.092257225
112.488,0.092257259
112.491,0.092257294
112.495,0.092257328
112.498,0.092257362
112.501,0.092257395
112.504,0.092257428
112.507,0.09225746
112.51,0.09225749
112.513,0.09225752
112.516,0.092257548
112.519,0.092257576
112.523,0.092257602
112.526,0.092257628
112.529,0.092257653
112.532,0.092257677
112.535,0.092257702
112.538,0.092257727
112.541,0.092257752
112.544,0.092257777
112.548,0.092257804
112.551,0.092257831
112.554,0.09225786
112.557,0.09225789
112.56,0.092257921
112.563,0.092257953
112.566,0.092257986
112.569,0.09225802
112.572,0.092258055
112.576,0.09225809
112.579,0.092258126
112.582,0.092258161
112.585,0.092258196
112.588,0.09225823
112.591,0.092258264
112.594,0.092258297
112.597,0.092258328
112.601,0.092258358
112.604,0.092258387
112.607,0.092258414
112.61,0.092258441
112.613,0.092258466
112.616,0.09225849
112.619,0.092258514
112.622,0.092258538
112.626,0.092258561
112.629,0.092258585
112.632,0.092258609
112.635,0.092258633
112.638,0.092258659
112.641,0.092258685
112.644,0.092258713
112.647,0.092258742
112.65,0.092258772
112.654,0.092258804
112.657,0.092258836
112.66,0.092258869
112.663,0.092258903
112.666,0.092258936
112.669,0.092258971
112.672,0.092259005
112.675,0.092259038
112.679,0.092259071
112.682,0.092259103
112.685,0.092259134
112.688,0.092259163
112.691,0.092259192
112.694,0.092259219
112.697,0.092259245
112.7,0.092259271
112.703,0.092259295
112.707,0.092259319
112.71,0.092259342
112.713,0.092259366
112.716,0.092259389
112.719,0.092259413
112.722,0.092259438
112.725,0.092259463
112.728,0.09225949
112.732,0.092259518
112.735,0.092259547
112.738,0.092259577
112.741,0.092259608
112.744,0.09225964
112.747,0.092259673
112.75,0.092259706
112.753,0.092259739
112.756,0.092259773
112.76,0.092259806
112.763,0.092259839
112.766,0.09225987
112.769,0.092259901
112.772,0.092259931
112.775,0.092259959
112.778,0.092259986
112.781,0.092260012
112.785,0.092260036
112.788,0.092260059
112.791,0.092260081
112.794,0.092260103
112.797,0.092260124
112.8,0.092260145
112.803,0.092260166
112.806,0.092260188
112.809,0.09226021
112.813,0.092260233
112.816,0.092260257
112.819,0.092260283
112.822,0.09226031
112.825,0.092260338
112.828,0.092260367
112.831,0.092260397
112.834,0.092260428
112.838,0.09226046
112.841,0.092260492
112.844,0.092260524
112.847,0.092260556
112.85,0.092260588
112.853,0.09226062
112.856,0.09226065
112.859,0.092260679
112.862,0.092260708
112.866,0.092260735
112.869,0.092260762
112.872,0.092260787
112.875,0.092260812
112.878,0.092260836
112.881,0.092260859
112.884,0.092260883
112.887,0.092260906
112.891,0.09226093
112.894,0.092260955
112.897,0.09226098
112.9,0.092261007
112.903,0.092261034
112.906,0.092261063
112.909,0.092261093
112.912,0.092261125
112.915,0.092261157
112.919,0.09226119
112.922,0.092261224
112.925,0.092261259
112.928,0.092261293
112.931,0.092261328
112.934,0.092261363
112.937,0.092261397
112.94,0.09226143
112.944,0.092261462
112.947,0.092261494
112.95,0.092261524
112.953,0.092261553
112.956,0.092261581
112.959,0.092261608
112.962,0.092261635
112.965,0.09226166
112.969,0.092261686
112.972,0.092261711
112.975,0.092261737
112.978,0.092261763
112.981,0.09226179
112.984,0.092261818
112.987,0.092261847
112.99,0.092261878
112.993,0.092261909
112.997,0.092261942
113,0.092261976
113.003,0.092262012
113.006,0.092262048
113.009,0.092262085
113.012,0.092262122
113.015,0.09226216
113.018,0.092262197
113.022,0.092262234
113.025,0.09226227
113.028,0.092262305
113.031,0.092262339
113.034,0.092262372
113.037,0.092262403
113.04,0.092262433
113.043,0.092262462
113.046,0.092262489
113.05,0.092262516
113.053,0.092262542
113.056,0.092262567
113.059,0.092262593
113.062,0.092262618
113.065,0.092262644
113.068,0.09226267
113.071,0.092262697
113.075,0.092262725
113.078,0.092262754
113.081,0.092262784
113.084,0.092262815
113.087,0.092262846
113.09,0.092262878
113.093,0.092262911
113.096,0.092262944
113.099,0.092262976
113.103,0.092263008
113.106,0.09226304
113.109,0.092263071
113.112,0.0922631
113.115,0.092263129
113.118,0.092263155
113.121,0.092263181
113.124,0.092263205
113.128,0.092263228
113.131,0.09226325
113.134,0.09226327
113.137,0.09226329
113.14,0.09226331
113.143,0.092263329
113.146,0.092263349
113.149,0.092263369
113.152,0.09226339
113.156,0.092263412
113.159,0.092263435
113.162,0.092263459
113.165,0.092263484
113.168,0.092263511
113.171,0.092263539
113.174,0.092263568
113.177,0.092263598
113.181,0.092263629
113.184,0.09226366
113.187,0.092263691
113.19,0.092263722
113.193,0.092263753
113.196,0.092263783
113.199,0.092263812
113.202,0.092263841
113.205,0.092263868
113.209,0.092263894
113.212,0.092263919
113.215,0.092263943
113.218,0.092263966
113.221,0.092263989
113.224,0.092264011
113.227,0.092264033
113.23,0.092264056
113.234,0.092264078
113.237,0.092264102
113.24,0.092264126
113.243,0.092264152
113.246,0.092264178
113.249,0.092264206
113.252,0.092264236
113.255,0.092264266
113.258,0.092264297
113.262,0.09226433
113.265,0.092264363
113.268,0.092264397
113.271,0.09226443
113.274,0.092264464
113.277,0.092264497
113.28,0.09226453
113.283,0.092264562
113.287,0.092264593
113.29,0.092264623
113.293,0.092264651
113.296,0.092264679
113.299,0.092264706
113.302,0.092264732
113.305,0.092264757
113.308,0.092264782
113.312,0.092264807
113.315,0.092264832
113.318,0.092264857
113.321,0.092264883
113.324,0.09226491
113.327,0.092264939
113.33,0.092264968
113.333,0.092264999
113.336,0.092265031
113.34,0.092265064
113.343,0.092265098
113.346,0.092265133
113.349,0.092265168
113.352,0.092265205
113.355,0.09226524
113.358,0.092265276
113.361,0.092265312
113.365,0.092265346
113.368,0.09226538
113.371,0.092265413
113.374,0.092265444
113.377,0.092265474
113.38,0.092265503
113.383,0.09226553
113.386,0.092265557
113.389,0.092265583
113.393,0.092265609
113.396,0.092265634
113.399,0.092265659
113.402,0.092265685
113.405,0.092265711
113.408,0.092265738
113.411,0.092265766
113.414,0.092265795
113.418,0.092265825
113.421,0.092265857
113.424,0.092265889
113.427,0.092265922
113.43,0.092265955
113.433,0.092265989
113.436,0.092266022
113.439,0.092266056
113.442,0.092266089
113.446,0.092266121
113.449,0.092266152
113.452,0.092266182
113.455,0.09226621
113.458,0.092266238
113.461,0.092266264
113.464,0.092266289
113.467,0.092266312
113.471,0.092266335
113.474,0.092266357
113.477,0.092266379
113.48,0.092266401
113.483,0.092266423
113.486,0.092266446
113.489,0.09226647
113.492,0.092266494
113.495,0.09226652
113.499,0.092266546
113.502,0.092266574
113.505,0.092266603
113.508,0.092266633
113.511,0.092266664
113.514,0.092266695
113.517,0.092266727
113.52,0.092266759
113.524,0.09226679
113.527,0.092266821
113.53,0.092266851
113.533,0.092266881
113.536,0.092266909
113.539,0.092266936
113.542,0.092266961
113.545,0.092266986
113.548,0.092267009
113.552,0.092267031
113.555,0.092267053
113.558,0.092267074
113.561,0.092267095
113.564,0.092267116
113.567,0.092267137
113.57,0.092267159
113.573,0.092267182
113.577,0.092267206
113.58,0.092267231
113.583,0.092267258
113.586,0.092267285
113.589,0.092267314
113.592,0.092267344
113.595,0.092267374
113.598,0.092267405
113.601,0.092267437
113.605,0.092267468
113.608,0.092267499
113.611,0.09226753
113.614,0.09226756
113.617,0.092267589
113.62,0.092267617
113.623,0.092267644
113.626,0.09226767
113.63,0.092267695
113.633,0.092267719
113.636,0.092267743
113.639,0.092267766
113.642,0.09226779
113.645,0.092267813
113.648,0.092267837
113.651,0.092267861
113.655,0.092267887
113.658,0.092267914
113.661,0.092267942
113.664,0.092267971
113.667,0.092268002
113.67,0.092268033
113.673,0.092268066
113.676,0.0922681
113.679,0.092268134
113.683,0.092268169
113.686,0.092268203
113.689,0.092268238
113.692,0.092268271
113.695,0.092268304
113.698,0.092268336
113.701,0.092268366
113.704,0.092268396
113.708,0.092268424
113.711,0.092268451
113.714,0.092268476
113.717,0.092268501
113.72,0.092268526
113.723,0.09226855
113.726,0.092268574
113.729,0.092268598
113.732,0.092268623
113.736,0.092268648
113.739,0.092268674
113.742,0.092268701
113.745,0.09226873
113.748,0.092268759
113.751,0.09226879
113.754,0.092268821
113.757,0.092268853
113.761,0.092268885
113.764,0.092268917
113.767,0.092268949
113.77,0.092268981
113.773,0.092269011
113.776,0.092269041
113.779,0.09226907
113.782,0.092269097
113.785,0.092269123
113.789,0.092269148
113.792,0.092269172
113.795,0.092269194
113.798,0.092269216
113.801,0.092269238
113.804,0.092269258
113.807,0.092269279
113.81,0.092269301
113.814,0.092269323
113.817,0.092269346
113.82,0.09226937
113.823,0.092269395
113.826,0.092269422
113.829,0.09226945
113.832,0.092269479
113.835,0.092269509
113.838,0.09226954
113.842,0.092269572
113.845,0.092269604
113.848,0.092269636
113.851,0.092269668
113.854,0.092269699
113.857,0.09226973
113.86,0.092269759
113.863,0.092269788
113.867,0.092269815
113.87,0.092269842
113.873,0.092269867
113.876,0.092269891
113.879,0.092269914
113.882,0.092269938
113.885,0.09226996
113.888,0.092269983
113.891,0.092270007
113.895,0.092270031
113.898,0.092270056
113.901,0.092270081
113.904,0.092270108
113.907,0.092270137
113.91,0.092270166
113.913,0.092270196
113.916,0.092270228
113.92,0.09227026
113.923,0.092270292
113.926,0.092270325
113.929,0.092270358
113.932,0.09227039
113.935,0.092270422
113.938,0.092270453
113.941,0.092270483
113.944,0.092270512
113.948,0.09227054
113.951,0.092270567
113.954,0.092270593
113.957,0.092270618
113.96,0.092270643
113.963,0.092270667
113.966,0.092270691
113.969,0.092270716
113.973,0.092270742
113.976,0.092270768
113.979,0.092270795
113.982,0.092270824
113.985,0.092270853
113.988,0.092270885
113.991,0.092270917
113.994,0.092270951
113.998,0.092270986
114.001,0.092271021
114.004,0.092271057
114.007,0.092271093
114.01,0.092271128
114.013,0.092271164
114.016,0.092271198
114.019,0.092271232
114.022,0.092271264
114.026,0.092271295
114.029,0.092271325
114.032,0.092271354
114.035,0.092271381
114.038,0.092271408
114.041,0.092271434
114.044,0.09227146
114.047,0.092271486
114.051,0.092271512
114.054,0.092271538
114.057,0.092271565
114.06,0.092271592
114.063,0.092271621
114.066,0.09227165
114.069,0.09227168
114.072,0.092271712
114.075,0.092271743
114.079,0.092271775
114.082,0.092271808
114.085,0.09227184
114.088,0.092271872
114.091,0.092271903
114.094,0.092271933
114.097,0.092271962
114.1,0.09227199
114.104,0.092272016
114.107,0.092272041
114.11,0.092272064
114.113,0.092272087
114.116,0.092272108
114.119,0.092272128
114.122,0.092272148
114.125,0.092272168
114.128,0.092272188
114.132,0.092272208
114.135,0.092272229
114.138,0.092272251
114.141,0.092272274
114.144,0.092272298
114.147,0.092272324
114.15,0.092272351
114.153,0.092272379
114.157,0.092272408
114.16,0.092272438
114.163,0.092272468
114.166,0.092272499
114.169,0.092272529
114.172,0.092272559
114.175,0.092272588
114.178,0.092272617
114.181,0.092272644
114.185,0.092272671
114.188,0.092272697
114.191,0.092272721
114.194,0.092272745
114.197,0.092272769
114.2,0.092272792
114.203,0.092272815
114.206,0.092272838
114.21,0.092272862
114.213,0.092272886
114.216,0.092272911
114.219,0.092272938
114.222,0.092272965
114.225,0.092272994
114.228,0.092273024
114.231,0.092273055
114.234,0.092273087
114.238,0.092273119
114.241,0.092273151
114.244,0.092273183
114.247,0.092273216
114.25,0.092273247
114.253,0.092273278
114.256,0.092273307
114.259,0.092273336
114.263,0.092273363
114.266,0.09227339
114.269,0.092273415
114.272,0.092273439
114.275,0.092273463
114.278,0.092273486
114.281,0.092273509
114.284,0.092273532
114.287,0.092273555
114.291,0.092273579
114.294,0.092273604
114.297,0.092273631
114.3,0.092273658
114.303,0.092273687
114.306,0.092273717
114.309,0.092273748
114.312,0.092273779
114.316,0.092273812
114.319,0.092273845
114.322,0.092273878
114.325,0.092273911
114.328,0.092273943
114.331,0.092273974
114.334,0.092274004
114.337,0.092274034
114.341,0.092274062
114.344,0.092274088
114.347,0.092274114
114.35,0.092274138
114.353,0.092274161
114.356,0.092274184
114.359,0.092274207
114.362,0.092274229
114.365,0.092274252
114.369,0.092274275
114.372,0.092274298
114.375,0.092274323
114.378,0.092274349
114.381,0.092274376
114.384,0.092274404
114.387,0.092274432
114.39,0.092274462
114.394,0.092274492
114.397,0.092274522
114.4,0.092274553
114.403,0.092274583
114.406,0.092274613
114.409,0.092274641
114.412,0.092274669
114.415,0.092274695
114.418,0.09227472
114.422,0.092274744
114.425,0.092274767
114.428,0.092274788
114.431,0.092274809
114.434,0.092274829
114.437,0.092274849
114.44,0.092274869
114.443,0.092274889
114.447,0.09227491
114.45,0.092274931
114.453,0.092274954
114.456,0.092274978
114.459,0.092275003
114.462,0.09227503
114.465,0.092275057
114.468,0.092275086
114.471,0.092275115
114.475,0.092275145
114.478,0.092275176
114.481,0.092275206
114.484,0.092275236
114.487,0.092275265
114.49,0.092275294
114.493,0.092275322
114.496,0.092275349
114.5,0.092275374
114.503,0.092275399
114.506,0.092275423
114.509,0.092275447
114.512,0.09227547
114.515,0.092275493
114.518,0.092275516
114.521,0.09227554
114.524,0.092275564
114.528,0.092275589
114.531,0.092275615
114.534,0.092275643
114.537,0.092275671
114.54,0.092275701
114.543,0.092275732
114.546,0.092275764
114.549,0.092275797
114.553,0.092275829
114.556,0.092275862
114.559,0.092275895
114.562,0.092275927
114.565,0.092275958
114.568,0.092275989
114.571,0.092276018
114.574,0.092276046
114.577,0.092276073
114.581,0.092276099
114.584,0.092276124
114.587,0.092276148
114.59,0.092276172
114.593,0.092276195
114.596,0.092276219
114.599,0.092276243
114.602,0.092276268
114.606,0.092276293
114.609,0.09227632
114.612,0.092276348
114.615,0.092276378
114.618,0.092276408
114.621,0.09227644
114.624,0.092276473
114.627,0.092276506
114.63,0.09227654
114.634,0.092276574
114.637,0.092276608
114.64,0.092276641
114.643,0.092276674
114.646,0.092276706
114.649,0.092276736
114.652,0.092276766
114.655,0.092276795
114.659,0.092276822
114.662,0.092276849
114.665,0.092276875
114.668,0.092276901
114.671,0.092276927
114.674,0.092276952
114.677,0.092276978
114.68,0.092277005
114.684,0.092277033
114.687,0.092277062
114.69,0.092277092
114.693,0.092277123
114.696,0.092277155
114.699,0.092277188
114.702,0.092277221
114.705,0.092277256
114.708,0.09227729
114.712,0.092277324
114.715,0.092277357
114.718,0.09227739
114.721,0.092277421
114.724,0.092277452
114.727,0.092277481
114.73,0.092277509
114.733,0.092277536
114.737,0.092277561
114.74,0.092277586
114.743,0.092277609
114.746,0.092277632
114.749,0.092277655
114.752,0.092277678
114.755,0.092277701
114.758,0.092277725
114.761,0.092277749
114.765,0.092277774
114.768,0.092277801
114.771,0.092277828
114.774,0.092277856
114.777,0.092277884
114.78,0.092277914
114.783,0.092277943
114.786,0.092277972
114.79,0.092278001
114.793,0.092278029
114.796,0.092278057
114.799,0.092278083
114.802,0.092278108
114.805,0.092278133
114.808,0.092278156
114.811,0.092278178
114.814,0.092278199
114.818,0.092278219
114.821,0.092278239
114.824,0.092278259
114.827,0.092278279
114.83,0.092278299
114.833,0.09227832
114.836,0.092278343
114.839,0.092278366
114.843,0.092278391
114.846,0.092278416
114.849,0.092278443
114.852,0.092278471
114.855,0.0922785
114.858,0.09227853
114.861,0.092278559
114.864,0.092278589
114.867,0.092278618
114.871,0.092278647
114.874,0.092278675
114.877,0.092278702
114.88,0.092278729
114.883,0.092278753
114.886,0.092278777
114.889,0.0922788
114.892,0.092278823
114.896,0.092278844
114.899,0.092278866
114.902,0.092278888
114.905,0.09227891
114.908,0.092278932
114.911,0.092278955
114.914,0.09227898
114.917,0.092279006
114.92,0.092279032
114.924,0.09227906
114.927,0.09227909
114.93,0.09227912
114.933,0.09227915
114.936,0.092279181
114.939,0.092279212
114.942,0.092279243
114.945,0.092279274
114.949,0.092279304
114.952,0.092279333
114.955,0.092279362
114.958,0.092279389
114.961,0.092279415
114.964,0.092279441
114.967,0.092279465
114.97,0.092279489
114.973,0.092279513
114.977,0.092279537
114.98,0.092279561
114.983,0.092279586
114.986,0.092279612
114.989,0.092279638
114.992,0.092279666
114.995,0.092279695
114.998,0.092279725
115.002,0.092279757
115.005,0.092279789
115.008,0.092279822
115.011,0.092279856
115.014,0.09227989
115.017,0.092279924
115.02,0.092279957
115.023,0.09227999
115.027,0.092280023
115.03,0.092280054
115.033,0.092280084
115.036,0.092280113
115.039,0.092280141
115.042,0.092280168
115.045,0.092280195
115.048,0.092280221
115.051,0.092280246
115.055,0.092280272
115.058,0.092280298
115.061,0.092280324
115.064,0.092280352
115.067,0.09228038
115.07,0.092280409
115.073,0.092280439
115.076,0.092280469
115.08,0.092280501
115.083,0.092280532
115.086,0.092280565
115.089,0.092280597
115.092,0.092280628
115.095,0.092280659
115.098,0.092280689
115.101,0.092280718
115.104,0.092280746
115.108,0.092280772
115.111,0.092280798
115.114,0.092280821
115.117,0.092280844
115.12,0.092280866
115.123,0.092280887
115.126,0.092280908
115.129,0.092280928
115.133,0.092280949
115.136,0.092280971
115.139,0.092280993
115.142,0.092281016
115.145,0.09228104
115.148,0.092281065
115.151,0.092281092
115.154,0.092281119
115.157,0.092281147
115.161,0.092281175
115.164,0.092281204
115.167,0.092281232
115.17,0.09228126
115.173,0.092281288
115.176,0.092281314
115.179,0.09228134
115.182,0.092281364
115.186,0.092281387
115.189,0.092281409
115.192,0.09228143
115.195,0.09228145
115.198,0.09228147
115.201,0.092281489
115.204,0.092281509
115.207,0.092281529
115.21,0.092281549
115.214,0.09228157
115.217,0.092281592
115.22,0.092281616
115.223,0.09228164
115.226,0.092281666
115.229,0.092281692
115.232,0.09228172
115.235,0.092281748
115.239,0.092281776
115.242,0.092281805
115.245,0.092281833
115.248,0.092281861
115.251,0.092281888
115.254,0.092281914
115.257,0.092281939
115.26,0.092281964
115.263,0.092281987
115.267,0.09228201
115.27,0.092282032
115.273,0.092282054
115.276,0.092282076
115.279,0.092282099
115.282,0.092282121
115.285,0.092282145
115.288,0.09228217
115.292,0.092282196
115.295,0.092282223
115.298,0.092282252
115.301,0.092282282
115.304,0.092282313
115.307,0.092282345
115.31,0.092282378
115.313,0.092282411
115.316,0.092282444
115.32,0.092282477
115.323,0.09228251
115.326,0.092282541
115.329,0.092282572
115.332,0.092282602
115.335,0.09228263
115.338,0.092282658
115.341,0.092282685
115.345,0.09228271
115.348,0.092282736
115.351,0.092282761
115.354,0.092282786
115.357,0.092282811
115.36,0.092282837
115.363,0.092282864
115.366,0.092282892
115.37,0.092282921
115.373,0.092282951
115.376,0.092282981
115.379,0.092283013
115.382,0.092283045
115.385,0.092283078
115.388,0.092283111
115.391,0.092283143
115.394,0.092283175
115.398,0.092283207
115.401,0.092283237
115.404,0.092283266
115.407,0.092283294
115.41,0.09228332
115.413,0.092283345
115.416,0.092283369
115.419,0.092283393
115.423,0.092283415
115.426,0.092283437
115.429,0.09228346
115.432,0.092283482
115.435,0.092283505
115.438,0.092283529
115.441,0.092283554
115.444,0.092283579
115.447,0.092283606
115.451,0.092283634
115.454,0.092283663
115.457,0.092283693
115.46,0.092283723
115.463,0.092283753
115.466,0.092283783
115.469,0.092283814
115.472,0.092283843
115.476,0.092283872
115.479,0.092283899
115.482,0.092283926
115.485,0.092283952
115.488,0.092283976
115.491,0.092284
115.494,0.092284023
115.497,0.092284045
115.5,0.092284068
115.504,0.09228409
115.507,0.092284113
115.51,0.092284136
115.513,0.092284161
115.516,0.092284186
115.519,0.092284212
115.522,0.09228424
115.525,0.092284268
115.529,0.092284298
115.532,0.092284328
115.535,0.092284358
115.538,0.092284388
115.541,0.092284419
115.544,0.092284448
115.547,0.092284478
115.55,0.092284506
115.553,0.092284533
115.557,0.092284559
115.56,0.092284584
115.563,0.092284608
115.566,0.092284631
115.569,0.092284653
115.572,0.092284675
115.575,0.092284697
115.578,0.092284719
115.582,0.092284742
115.585,0.092284765
115.588,0.09228479
115.591,0.092284816
115.594,0.092284842
115.597,0.09228487
115.6,0.0922849
115.603,0.09228493
115.606,0.092284961
115.61,0.092284992
115.613,0.092285024
115.616,0.092285056
115.619,0.092285087
115.622,0.092285117
115.625,0.092285147
115.628,0.092285176
115.631,0.092285204
115.635,0.092285231
115.638,0.092285258
115.641,0.092285283
115.644,0.092285308
115.647,0.092285333
115.65,0.092285357
115.653,0.092285382
115.656,0.092285407
115.659,0.092285434
115.663,0.092285461
115.666,0.092285489
115.669,0.092285518
115.672,0.092285548
115.675,0.092285579
115.678,0.09228561
115.681,0.092285642
115.684,0.092285674
115.688,0.092285706
115.691,0.092285737
115.694,0.092285767
115.697,0.092285796
115.7,0.092285825
115.703,0.092285852
115.706,0.092285877
115.709,0.092285902
115.713,0.092285925
115.716,0.092285948
115.719,0.09228597
115.722,0.092285991
115.725,0.092286013
115.728,0.092286034
115.731,0.092286056
115.734,0.092286078
115.737,0.092286102
115.741,0.092286126
115.744,0.092286151
115.747,0.092286177
115.75,0.092286204
115.753,0.092286231
115.756,0.092286259
115.759,0.092286286
115.762,0.092286314
115.766,0.092286341
115.769,0.092286367
115.772,0.092286393
115.775,0.092286417
115.778,0.092286441
115.781,0.092286463
115.784,0.092286485
115.787,0.092286507
115.79,0.092286527
115.794,0.092286548
115.797,0.092286568
115.8,0.09228659
115.803,0.092286612
115.806,0.092286634
115.809,0.092286658
115.812,0.092286683
115.815,0.092286709
115.819,0.092286737
115.822,0.092286766
115.825,0.092286795
115.828,0.092286825
115.831,0.092286855
115.834,0.092286886
115.837,0.092286916
115.84,0.092286945
115.843,0.092286974
115.847,0.092287002
115.85,0.092287029
115.853,0.092287055
115.856,0.092287081
115.859,0.092287105
115.862,0.092287129
115.865,0.092287152
115.868,0.092287176
115.872,0.092287199
115.875,0.092287224
115.878,0.092287248
115.881,0.092287274
115.884,0.092287301
115.887,0.092287328
115.89,0.092287357
115.893,0.092287386
115.896,0.092287416
115.9,0.092287447
115.903,0.092287478
115.906,0.092287509
115.909,0.092287539
115.912,0.092287569
115.915,0.092287598
115.918,0.092287626
115.921,0.092287653
115.925,0.092287678
115.928,0.092287703
115.931,0.092287727
115.934,0.092287751
115.937,0.092287774
115.94,0.092287796
115.943,0.092287819
115.946,0.092287842
115.949,0.092287866
115.953,0.092287891
115.956,0.092287917
115.959,0.092287944
115.962,0.092287971
115.965,0.092288
115.968,0.09228803
115.971,0.092288061
115.974,0.092288092
115.978,0.092288122
115.981,0.092288153
115.984,0.092288184
115.987,0.092288213
115.99,0.092288242
115.993,0.09228827
115.996,0.092288297
115.999,0.092288322
116.002,0.092288347
116.006,0.09228837
116.009,0.092288393
116.012,0.092288416
116.015,0.092288439
116.018,0.092288461
116.021,0.092288484
116.024,0.092288508
116.027,0.092288533
116.031,0.092288558
116.034,0.092288585
116.037,0.092288613
116.04,0.092288641
116.043,0.09228867
116.046,0.0922887
116.049,0.09228873
116.052,0.09228876
116.056,0.092288789
116.059,0.092288818
116.062,0.092288846
116.065,0.092288872
116.068,0.092288898
116.071,0.092288923
116.074,0.092288946
116.077,0.092288968
116.08,0.09228899
116.084,0.092289011
116.087,0.092289031
116.09,0.092289052
116.093,0.092289073
116.096,0.092289094
116.099,0.092289117
116.102,0.09228914
116.105,0.092289164
116.109,0.092289189
116.112,0.092289216
116.115,0.092289243
116.118,0.092289271
116.121,0.0922893
116.124,0.092289328
116.127,0.092289357
116.13,0.092289385
116.133,0.092289412
116.137,0.092289439
116.14,0.092289465
116.143,0.09228949
116.146,0.092289514
116.149,0.092289537
116.152,0.092289559
116.155,0.092289581
116.158,0.092289603
116.162,0.092289625
116.165,0.092289648
116.168,0.092289671
116.171,0.092289695
116.174,0.09228972
116.177,0.092289746
116.18,0.092289773
116.183,0.092289801
116.186,0.09228983
116.19,0.09228986
116.193,0.09228989
116.196,0.09228992
116.199,0.09228995
116.202,0.09228998
116.205,0.092290009
116.208,0.092290037
116.211,0.092290064
116.215,0.092290091
116.218,0.092290116
116.221,0.092290141
116.224,0.092290164
116.227,0.092290188
116.23,0.092290211
116.233,0.092290234
116.236,0.092290258
116.239,0.092290283
116.243,0.092290308
116.246,0.092290334
116.249,0.092290362
116.252,0.09229039
116.255,0.09229042
116.258,0.09229045
116.261,0.092290481
116.264,0.092290512
116.268,0.092290544
116.271,0.092290575
116.274,0.092290606
116.277,0.092290636
116.28,0.092290665
116.283,0.092290693
116.286,0.09229072
116.289,0.092290746
116.292,0.092290771
116.296,0.092290795
116.299,0.092290819
116.302,0.092290842
116.305,0.092290865
116.308,0.092290889
116.311,0.092290913
116.314,0.092290938
116.317,0.092290964
116.321,0.09229099
116.324,0.092291018
116.327,0.092291046
116.33,0.092291075
116.333,0.092291105
116.336,0.092291134
116.339,0.092291164
116.342,0.092291193
116.345,0.092291222
116.349,0.09229125
116.352,0.092291277
116.355,0.092291303
116.358,0.092291328
116.361,0.092291351
116.364,0.092291374
116.367,0.092291396
116.37,0.092291417
116.374,0.092291438
116.377,0.09229146
116.38,0.092291481
116.383,0.092291503
116.386,0.092291525
116.389,0.092291548
116.392,0.092291573
116.395,0.092291598
116.399,0.092291624
116.402,0.092291651
116.405,0.092291678
116.408,0.092291705
116.411,0.092291732
116.414,0.09229176
116.417,0.092291786
116.42,0.092291812
116.423,0.092291837
116.427,0.092291861
116.43,0.092291884
116.433,0.092291906
116.436,0.092291927
116.439,0.092291947
116.442,0.092291968
116.445,0.092291988
116.448,0.092292008
116.452,0.092292029
116.455,0.09229205
116.458,0.092292073
116.461,0.092292096
116.464,0.092292121
116.467,0.092292147
116.47,0.092292174
116.473,0.092292202
116.476,0.09229223
116.48,0.09229226
116.483,0.092292289
116.486,0.092292318
116.489,0.092292346
116.492,0.092292374
116.495,0.092292402
116.498,0.092292428
116.501,0.092292453
116.505,0.092292478
116.508,0.092292501
116.511,0.092292524
116.514,0.092292547
116.517,0.092292569
116.52,0.092292591
116.523,0.092292614
116.526,0.092292637
116.529,0.092292661
116.533,0.092292686
116.536,0.092292712
116.539,0.092292739
116.542,0.092292767
116.545,0.092292796
116.548,0.092292825
116.551,0.092292854
116.554,0.092292884
116.558,0.092292913
116.561,0.092292942
116.564,0.092292969
116.567,0.092292997
116.57,0.092293023
116.573,0.092293048
116.576,0.092293072
116.579,0.092293095
116.582,0.092293118
116.586,0.09229314
116.589,0.092293163
116.592,0.092293185
116.595,0.092293208
116.598,0.092293232
116.601,0.092293257
116.604,0.092293282
116.607,0.092293309
116.611,0.092293338
116.614,0.092293367
116.617,0.092293397
116.62,0.092293427
116.623,0.092293459
116.626,0.09229349
116.629,0.092293521
116.632,0.092293552
116.635,0.092293581
116.639,0.09229361
116.642,0.092293638
116.645,0.092293665
116.648,0.092293691
116.651,0.092293717
116.654,0.092293741
116.657,0.092293765
116.66,0.092293789
116.664,0.092293813
116.667,0.092293838
116.67,0.092293863
116.673,0.092293889
116.676,0.092293915
116.679,0.092293943
116.682,0.092293971
116.685,0.092294001
116.688,0.092294031
116.692,0.092294061
116.695,0.092294092
116.698,0.092294123
116.701,0.092294153
116.704,0.092294183
116.707,0.092294211
116.71,0.092294239
116.713,0.092294266
116.717,0.092294291
116.72,0.092294316
116.723,0.092294339
116.726,0.092294362
116.729,0.092294383
116.732,0.092294405
116.735,0.092294427
116.738,0.092294449
116.742,0.092294472
116.745,0.092294495
116.748,0.092294519
116.751,0.092294544
116.754,0.09229457
116.757,0.092294596
116.76,0.092294624
116.763,0.092294652
116.766,0.09229468
116.77,0.092294708
116.773,0.092294735
116.776,0.092294762
116.779,0.092294789
116.782,0.092294814
116.785,0.092294839
116.788,0.092294863
116.791,0.092294885
116.795,0.092294908
116.798,0.092294929
116.801,0.092294951
116.804,0.092294973
116.807,0.092294995
116.81,0.092295017
116.813,0.09229504
116.816,0.092295065
116.819,0.09229509
116.823,0.092295116
116.826,0.092295143
116.829,0.092295171
116.832,0.0922952
116.835,0.092295229
116.838,0.092295258
116.841,0.092295287
116.844,0.092295315
116.848,0.092295343
116.851,0.09229537
116.854,0.092295395
116.857,0.09229542
116.86,0.092295444
116.863,0.092295467
116.866,0.092295489
116.869,0.09229551
116.872,0.092295531
116.876,0.092295553
116.879,0.092295575
116.882,0.092295597
116.885,0.09229562
116.888,0.092295644
116.891,0.092295669
116.894,0.092295695
116.897,0.092295721
116.901,0.092295749
116.904,0.092295777
116.907,0.092295805
116.91,0.092295833
116.913,0.092295861
116.916,0.092295889
116.919,0.092295915
116.922,0.092295941
116.925,0.092295966
116.929,0.092295991
116.932,0.092296014
116.935,0.092296037
116.938,0.092296059
116.941,0.092296081
116.944,0.092296103
116.947,0.092296125
116.95,0.092296148
116.954,0.092296172
116.957,0.092296196
116.96,0.092296222
116.963,0.092296249
116.966,0.092296276
116.969,0.092296305
116.972,0.092296334
116.975,0.092296364
116.978,0.092296394
116.982,0.092296424
116.985,0.092296454
116.988,0.092296482
116.991,0.09229651
116.994,0.092296538
116.997,0.092296564
117,0.092296589
117.003,0.092296614
117.007,0.092296637
117.01,0.092296661
117.013,0.092296684
117.016,0.092296707
117.019,0.09229673
117.022,0.092296754
117.025,0.092296779
117.028,0.092296805
117.031,0.092296831
117.035,0.092296858
117.038,0.092296887
117.041,0.092296915
117.044,0.092296945
117.047,0.092296974
117.05,0.092297003
117.053,0.092297032
117.056,0.09229706
117.06,0.092297087
117.063,0.092297113
117.066,0.092297138
117.069,0.092297162
117.072,0.092297185
117.075,0.092297207
117.078,0.092297228
117.081,0.092297248
117.085,0.092297269
117.088,0.092297289
117.091,0.09229731
117.094,0.092297332
117.097,0.092297354
117.1,0.092297378
117.103,0.092297402
117.106,0.092297428
117.109,0.092297454
117.113,0.092297481
117.116,0.092297509
117.119,0.092297536
117.122,0.092297564
117.125,0.092297591
117.128,0.092297618
117.131,0.092297644
117.134,0.092297669
117.138,0.092297693
117.141,0.092297717
117.144,0.092297739
117.147,0.092297761
117.15,0.092297783
117.153,0.092297804
117.156,0.092297826
117.159,0.092297848
117.162,0.092297871
117.166,0.092297894
117.169,0.092297918
117.172,0.092297943
117.175,0.092297969
117.178,0.092297996
117.181,0.092298024
117.184,0.092298051
117.187,0.09229808
117.191,0.092298108
117.194,0.092298135
117.197,0.092298162
117.2,0.092298189
117.203,0.092298214
117.206,0.092298238
117.209,0.092298262
117.212,0.092298284
117.215,0.092298306
117.219,0.092298327
117.222,0.092298348
117.225,0.092298369
117.228,0.09229839
117.231,0.092298412
117.234,0.092298434
117.237,0.092298458
117.24,0.092298483
117.244,0.092298508
117.247,0.092298535
117.25,0.092298563
117.253,0.092298591
117.256,0.09229862
117.259,0.092298649
117.262,0.092298678
117.265,0.092298707
117.268,0.092298735
117.272,0.092298763
117.275,0.09229879
117.278,0.092298816
117.281,0.092298841
117.284,0.092298866
117.287,0.09229889
117.29,0.092298914
117.293,0.092298937
117.297,0.092298961
117.3,0.092298985
117.303,0.092299011
117.306,0.092299036
117.309,0.092299063
117.312,0.092299091
117.315,0.092299119
117.318,0.092299149
117.321,0.092299179
117.325,0.09229921
117.328,0.092299241
117.331,0.092299272
117.334,0.092299302
117.337,0.092299332
117.34,0.092299361
117.343,0.092299389
117.346,0.092299416
117.35,0.092299442
117.353,0.092299466
117.356,0.09229949
117.359,0.092299514
117.362,0.092299537
117.365,0.09229956
117.368,0.092299582
117.371,0.092299606
117.374,0.092299629
117.378,0.092299654
117.381,0.092299679
117.384,0.092299705
117.387,0.092299732
117.39,0.09229976
117.393,0.092299788
117.396,0.092299816
117.399,0.092299844
117.403,0.092299872
117.406,0.092299899
117.409,0.092299925
117.412,0.09229995
117.415,0.092299974
117.418,0.092299997
117.421,0.09230002
117.424,0.092300041
117.428,0.092300062
117.431,0.092300082
117.434,0.092300102
117.437,0.092300122
117.44,0.092300143
117.443,0.092300164
117.446,0.092300186
117.449,0.092300209
117.452,0.092300233
117.456,0.092300258
117.459,0.092300284
117.462,0.09230031
117.465,0.092300337
117.468,0.092300365
117.471,0.092300392
117.474,0.092300418
117.477,0.092300445
117.481,0.09230047
117.484,0.092300494
117.487,0.092300518
117.49,0.09230054
117.493,0.092300562
117.496,0.092300583
117.499,0.092300604
117.502,0.092300624
117.505,0.092300645
117.509,0.092300666
117.512,0.092300688
117.515,0.09230071
117.518,0.092300733
117.521,0.092300757
117.524,0.092300782
117.527,0.092300808
117.53,0.092300834
117.534,0.09230086
117.537,0.092300887
117.54,0.092300914
117.543,0.09230094
117.546,0.092300965
117.549,0.09230099
117.552,0.092301014
117.555,0.092301037
117.558,0.092301059
117.562,0.09230108
117.565,0.092301101
117.568,0.092301122
117.571,0.092301142
117.574,0.092301163
117.577,0.092301184
117.58,0.092301206
117.583,0.092301229
117.587,0.092301253
117.59,0.092301278
117.593,0.092301304
117.596,0.092301332
117.599,0.092301359
117.602,0.092301388
117.605,0.092301417
117.608,0.092301446
117.611,0.092301475
117.615,0.092301504
117.618,0.092301531
117.621,0.092301559
117.624,0.092301585
117.627,0.09230161
117.63,0.092301635
117.633,0.092301659
117.636,0.092301683
117.64,0.092301707
117.643,0.092301731
117.646,0.092301755
117.649,0.09230178
117.652,0.092301806
117.655,0.092301833
117.658,0.092301861
117.661,0.092301889
117.664,0.092301919
117.668,0.092301949
117.671,0.092301979
117.674,0.092302009
117.677,0.09230204
117.68,0.092302069
117.683,0.092302098
117.686,0.092302127
117.689,0.092302154
117.693,0.09230218
117.696,0.092302205
117.699,0.09230223
117.702,0.092302253
117.705,0.092302277
117.708,0.092302299
117.711,0.092302322
117.714,0.092302345
117.717,0.092302368
117.721,0.092302392
117.724,0.092302417
117.727,0.092302442
117.73,0.092302469
117.733,0.092302495
117.736,0.092302523
117.739,0.09230255
117.742,0.092302578
117.746,0.092302605
117.749,0.092302632
117.752,0.092302657
117.755,0.092302683
117.758,0.092302707
117.761,0.09230273
117.764,0.092302752
117.767,0.092302773
117.771,0.092302794
117.774,0.092302814
117.777,0.092302834
117.78,0.092302855
117.783,0.092302876
117.786,0.092302897
117.789,0.092302919
117.792,0.092302942
117.795,0.092302966
117.799,0.092302991
117.802,0.092303017
117.805,0.092303044
117.808,0.092303071
117.811,0.092303098
117.814,0.092303125
117.817,0.092303151
117.82,0.092303177
117.824,0.092303203
117.827,0.092303227
117.83,0.092303251
117.833,0.092303273
117.836,0.092303295
117.839,0.092303316
117.842,0.092303337
117.845,0.092303358
117.848,0.092303378
117.852,0.092303399
117.855,0.092303421
117.858,0.092303443
117.861,0.092303467
117.864,0.092303491
117.867,0.092303516
117.87,0.092303541
117.873,0.092303568
117.877,0.092303594
117.88,0.092303621
117.883,0.092303648
117.886,0.092303674
117.889,0.092303699
117.892,0.092303724
117.895,0.092303748
117.898,0.092303771
117.901,0.092303793
117.905,0.092303815
117.908,0.092303836
117.911,0.092303856
117.914,0.092303877
117.917,0.092303898
117.92,0.092303919
117.923,0.092303942
117.926,0.092303965
117.93,0.092303989
117.933,0.092304014
117.936,0.092304041
117.939,0.092304068
117.942,0.092304097
117.945,0.092304125
117.948,0.092304154
117.951,0.092304183
117.954,0.092304212
117.958,0.09230424
117.961,0.092304267
117.964,0.092304294
117.967,0.09230432
117.97,0.092304345
117.973,0.092304369
117.976,0.092304393
117.979,0.092304416
117.983,0.09230444
117.986,0.092304463
117.989,0.092304487
117.992,0.092304511
117.995,0.092304536
117.998,0.092304562
118.001,0.092304589
118.004,0.092304617
118.007,0.092304646
118.011,0.092304675
118.014,0.092304704
118.017,0.092304733
118.02,0.092304763
118.023,0.092304791
118.026,0.092304819
118.029,0.092304846
118.032,0.092304872
118.036,0.092304897
118.039,0.092304921
118.042,0.092304944
118.045,0.092304966
118.048,0.092304988
118.051,0.092305009
118.054,0.092305031
118.057,0.092305053
118.06,0.092305075
118.064,0.092305098
118.067,0.092305122
118.07,0.092305146
118.073,0.092305171
118.076,0.092305197
118.079,0.092305223
118.082,0.092305249
118.085,0.092305276
118.089,0.092305302
118.092,0.092305328
118.095,0.092305353
118.098,0.092305377
118.101,0.0923054
118.104,0.092305422
118.107,0.092305443
118.11,0.092305464
118.114,0.092305484
118.117,0.092305504
118.12,0.092305524
118.123,0.092305544
118.126,0.092305564
118.129,0.092305585
118.132,0.092305607
118.135,0.09230563
118.138,0.092305654
118.142,0.092305679
118.145,0.092305705
118.148,0.092305731
118.151,0.092305758
118.154,0.092305785
118.157,0.092305811
118.16,0.092305838
118.163,0.092305863
118.167,0.092305888
118.17,0.092305912
118.173,0.092305935
118.176,0.092305956
118.179,0.092305978
118.182,0.092305998
118.185,0.092306019
118.188,0.092306039
118.191,0.092306059
118.195,0.09230608
118.198,0.092306102
118.201,0.092306124
118.204,0.092306147
118.207,0.092306171
118.21,0.092306195
118.213,0.092306221
118.216,0.092306247
118.22,0.092306273
118.223,0.0923063
118.226,0.092306326
118.229,0.092306352
118.232,0.092306377
118.235,0.092306401
118.238,0.092306424
118.241,0.092306447
118.244,0.092306469
118.248,0.09230649
118.251,0.09230651
118.254,0.092306531
118.257,0.092306552
118.26,0.092306573
118.263,0.092306594
118.266,0.092306616
118.269,0.09230664
118.273,0.092306664
118.276,0.09230669
118.279,0.092306716
118.282,0.092306744
118.285,0.092306772
118.288,0.092306801
118.291,0.09230683
118.294,0.092306859
118.297,0.092306888
118.301,0.092306916
118.304,0.092306943
118.307,0.09230697
118.31,0.092306996
118.313,0.092307021
118.316,0.092307045
118.319,0.092307069
118.322,0.092307092
118.326,0.092307116
118.329,0.092307139
118.332,0.092307164
118.335,0.092307189
118.338,0.092307214
118.341,0.092307241
118.344,0.092307268
118.347,0.092307297
118.35,0.092307326
118.354,0.092307355
118.357,0.092307385
118.36,0.092307415
118.363,0.092307445
118.366,0.092307474
118.369,0.092307502
118.372,0.092307529
118.375,0.092307555
118.379,0.092307581
118.382,0.092307605
118.385,0.092307628
118.388,0.092307651
118.391,0.092307673
118.394,0.092307694
118.397,0.092307716
118.4,0.092307738
118.403,0.092307761
118.407,0.092307784
118.41,0.092307807
118.413,0.092307832
118.416,0.092307857
118.419,0.092307883
118.422,0.092307909
118.425,0.092307936
118.428,0.092307962
118.432,0.092307988
118.435,0.092308013
118.438,0.092308038
118.441,0.092308062
118.444,0.092308085
118.447,0.092308107
118.45,0.092308128
118.453,0.092308148
118.457,0.092308167
118.46,0.092308187
118.463,0.092308206
118.466,0.092308226
118.469,0.092308246
118.472,0.092308266
118.475,0.092308288
118.478,0.09230831
118.481,0.092308334
118.485,0.092308358
118.488,0.092308383
118.491,0.092308409
118.494,0.092308435
118.497,0.092308461
118.5,0.092308487
118.503,0.092308513
118.506,0.092308538
118.51,0.092308562
118.513,0.092308585
118.516,0.092308608
118.519,0.092308629
118.522,0.09230865
118.525,0.09230867
118.528,0.09230869
118.531,0.09230871
118.534,0.09230873
118.538,0.09230875
118.541,0.092308771
118.544,0.092308793
118.547,0.092308816
118.55,0.092308839
118.553,0.092308864
118.556,0.092308889
118.559,0.092308915
118.563,0.092308942
118.566,0.092308968
118.569,0.092308994
118.572,0.09230902
118.575,0.092309045
118.578,0.092309069
118.581,0.092309093
118.584,0.092309116
118.587,0.092309138
118.591,0.092309159
118.594,0.09230918
118.597,0.092309201
118.6,0.092309222
118.603,0.092309243
118.606,0.092309265
118.609,0.092309288
118.612,0.092309311
118.616,0.092309336
118.619,0.092309362
118.622,0.092309388
118.625,0.092309416
118.628,0.092309444
118.631,0.092309473
118.634,0.092309502
118.637,0.092309531
118.64,0.09230956
118.644,0.092309588
118.647,0.092309615
118.65,0.092309642
118.653,0.092309667
118.656,0.092309692
118.659,0.092309716
118.662,0.09230974
118.665,0.092309763
118.669,0.092309787
118.672,0.09230981
118.675,0.092309834
118.678,0.092309858
118.681,0.092309883
118.684,0.092309909
118.687,0.092309936
118.69,0.092309964
118.693,0.092309992
118.697,0.092310021
118.7,0.092310049
118.703,0.092310078
118.706,0.092310106
118.709,0.092310133
118.712,0.09231016
118.715,0.092310186
118.718,0.09231021
118.722,0.092310234
118.725,0.092310257
118.728,0.092310279
118.731,0.0923103
118.734,0.092310321
118.737,0.092310342
118.74,0.092310363
118.743,0.092310384
118.746,0.092310406
118.75,0.092310429
118.753,0.092310452
118.756,0.092310476
118.759,0.0923105
118.762,0.092310525
118.765,0.092310551
118.768,0.092310576
118.771,0.092310601
118.775,0.092310625
118.778,0.092310649
118.781,0.092310672
118.784,0.092310695
118.787,0.092310717
118.79,0.092310737
118.793,0.092310758
118.796,0.092310777
118.8,0.092310797
118.803,0.092310817
118.806,0.092310836
118.809,0.092310857
118.812,0.092310878
118.815,0.0923109
118.818,0.092310923
118.821,0.092310947
118.824,0.092310972
118.828,0.092310997
118.831,0.092311023
118.834,0.09231105
118.837,0.092311076
118.84,0.092311103
118.843,0.092311128
118.846,0.092311154
118.849,0.092311178
118.853,0.092311202
118.856,0.092311224
118.859,0.092311246
118.862,0.092311268
118.865,0.092311289
118.868,0.09231131
118.871,0.092311331
118.874,0.092311352
118.877,0.092311373
118.881,0.092311395
118.884,0.092311418
118.887,0.092311442
118.89,0.092311467
118.893,0.092311492
118.896,0.092311518
118.899,0.092311544
118.902,0.09231157
118.906,0.092311596
118.909,0.092311622
118.912,0.092311647
118.915,0.092311671
118.918,0.092311694
118.921,0.092311717
118.924,0.092311739
118.927,0.09231176
118.93,0.092311781
118.934,0.092311802
118.937,0.092311823
118.94,0.092311844
118.943,0.092311866
118.946,0.092311888
118.949,0.092311912
118.952,0.092311936
118.955,0.092311962
118.959,0.092311988
118.962,0.092312015
118.965,0.092312043
118.968,0.092312071
118.971,0.0923121
118.974,0.092312128
118.977,0.092312156
118.98,0.092312183
118.983,0.092312209
118.987,0.092312235
118.99,0.09231226
118.993,0.092312284
118.996,0.092312308
118.999,0.092312331
119.002,0.092312355
119.005,0.092312378
119.008,0.092312402
119.012,0.092312426
119.015,0.092312451
119.018,0.092312476
119.021,0.092312503
119.024,0.09231253
119.027,0.092312557
119.03,0.092312585
119.033,0.092312613
119.036,0.09231264
119.04,0.092312667
119.043,0.092312694
119.046,0.09231272
119.049,0.092312745
119.052,0.092312768
119.055,0.092312791
119.058,0.092312813
119.061,0.092312834
119.065,0.092312854
119.068,0.092312875
119.071,0.092312895
119.074,0.092312915
119.077,0.092312935
119.08,0.092312957
119.083,0.092312978
119.086,0.092313001
119.089,0.092313023
119.093,0.092313047
119.096,0.09231307
119.099,0.092313094
119.102,0.092313118
119.105,0.092313141
119.108,0.092313164
119.111,0.092313186
119.114,0.092313208
119.118,0.092313229
119.121,0.092313249
119.124,0.092313268
119.127,0.092313287
119.13,0.092313306
119.133,0.092313324
119.136,0.092313343
119.139,0.092313363
119.143,0.092313383
119.146,0.092313404
119.149,0.092313425
119.152,0.092313448
119.155,0.092313471
119.158,0.092313495
119.161,0.09231352
119.164,0.092313544
119.167,0.092313569
119.171,0.092313594
119.174,0.092313618
119.177,0.092313641
119.18,0.092313664
119.183,0.092313686
119.186,0.092313708
119.189,0.092313728
119.192,0.092313749
119.196,0.092313769
119.199,0.092313788
119.202,0.092313808
119.205,0.092313829
119.208,0.09231385
119.211,0.092313871
119.214,0.092313894
119.217,0.092313917
119.22,0.092313941
119.224,0.092313966
119.227,0.092313991
119.23,0.092314016
119.233,0.092314042
119.236,0.092314067
119.239,0.092314092
119.242,0.092314116
119.245,0.09231414
119.249,0.092314162
119.252,0.092314185
119.255,0.092314206
119.258,0.092314227
119.261,0.092314248
119.264,0.09231427
119.267,0.092314291
119.27,0.092314313
119.273,0.092314335
119.277,0.092314359
119.28,0.092314383
119.283,0.092314409
119.286,0.092314435
119.289,0.092314462
119.292,0.09231449
119.295,0.092314518
119.298,0.092314546
119.302,0.092314573
119.305,0.092314601
119.308,0.092314628
119.311,0.092314654
119.314,0.092314679
119.317,0.092314704
119.32,0.092314728
119.323,0.092314751
119.326,0.092314774
119.33,0.092314797
119.333,0.09231482
119.336,0.092314844
119.339,0.092314867
119.342,0.092314892
119.345,0.092314917
119.348,0.092314943
119.351,0.092314969
119.355,0.092314996
119.358,0.092315023
119.361,0.092315051
119.364,0.092315078
119.367,0.092315105
119.37,0.092315131
119.373,0.092315156
119.376,0.092315181
119.379,0.092315204
119.383,0.092315227
119.386,0.092315249
119.389,0.09231527
119.392,0.092315291
119.395,0.092315312
119.398,0.092315332
119.401,0.092315353
119.404,0.092315374
119.408,0.092315396
119.411,0.092315418
119.414,0.092315441
119.417,0.092315465
119.42,0.092315489
119.423,0.092315514
119.426,0.092315538
119.429,0.092315563
119.432,0.092315587
119.436,0.092315611
119.439,0.092315634
119.442,0.092315656
119.445,0.092315677
119.448,0.092315698
119.451,0.092315718
119.454,0.092315737
119.457,0.092315757
119.461,0.092315776
119.464,0.092315795
119.467,0.092315815
119.47,0.092315835
119.473,0.092315856
119.476,0.092315878
119.479,0.092315901
119.482,0.092315925
119.486,0.092315949
119.489,0.092315974
119.492,0.092315999
119.495,0.092316024
119.498,0.092316049
119.501,0.092316074
119.504,0.092316097
119.507,0.092316121
119.51,0.092316143
119.514,0.092316165
119.517,0.092316185
119.52,0.092316206
119.523,0.092316226
119.526,0.092316245
119.529,0.092316265
119.532,0.092316285
119.535,0.092316306
119.539,0.092316327
119.542,0.092316349
119.545,0.092316372
119.548,0.092316395
119.551,0.092316419
119.554,0.092316444
119.557,0.092316468
119.56,0.092316493
119.563,0.092316517
119.567,0.092316541
119.57,0.092316564
119.573,0.092316586
119.576,0.092316607
119.579,0.092316628
119.582,0.092316648
119.585,0.092316668
119.588,0.092316687
119.592,0.092316707
119.595,0.092316726
119.598,0.092316747
119.601,0.092316767
119.604,0.092316789
119.607,0.092316812
119.61,0.092316835
119.613,0.09231686
119.616,0.092316885
119.62,0.092316911
119.623,0.092316937
119.626,0.092316964
119.629,0.09231699
119.632,0.092317017
119.635,0.092317042
119.638,0.092317067
119.641,0.092317091
119.645,0.092317115
119.648,0.092317138
119.651,0.092317161
119.654,0.092317183
119.657,0.092317205
119.66,0.092317228
119.663,0.092317251
119.666,0.092317274
119.669,0.092317298
119.673,0.092317323
119.676,0.092317348
119.679,0.092317375
119.682,0.092317401
119.685,0.092317429
119.688,0.092317456
119.691,0.092317483
119.694,0.09231751
119.698,0.092317536
119.701,0.092317562
119.704,0.092317587
119.707,0.09231761
119.71,0.092317633
119.713,0.092317656
119.716,0.092317678
119.719,0.092317699
119.722,0.09231772
119.726,0.092317741
119.729,0.092317762
119.732,0.092317784
119.735,0.092317806
119.738,0.092317829
119.741,0.092317852
119.744,0.092317876
119.747,0.092317901
119.751,0.092317925
119.754,0.09231795
119.757,0.092317974
119.76,0.092317998
119.763,0.092318022
119.766,0.092318045
119.769,0.092318066
119.772,0.092318087
119.775,0.092318107
119.779,0.092318127
119.782,0.092318146
119.785,0.092318164
119.788,0.092318183
119.791,0.092318202
119.794,0.092318221
119.797,0.092318241
119.8,0.092318261
119.804,0.092318283
119.807,0.092318305
119.81,0.092318328
119.813,0.092318352
119.816,0.092318376
119.819,0.0923184
119.822,0.092318424
119.825,0.092318449
119.829,0.092318472
119.832,0.092318496
119.835,0.092318518
119.838,0.09231854
119.841,0.092318561
119.844,0.092318581
119.847,0.092318602
119.85,0.092318621
119.853,0.092318641
119.857,0.092318661
119.86,0.092318681
119.863,0.092318703
119.866,0.092318724
119.869,0.092318747
119.872,0.09231877
119.875,0.092318794
119.878,0.092318818
119.882,0.092318843
119.885,0.092318868
119.888,0.092318892
119.891,0.092318917
119.894,0.092318941
119.897,0.092318964
119.9,0.092318986
119.903,0.092319007
119.906,0.092319028
119.91,0.092319048
119.913,0.092319068
119.916,0.092319087
119.919,0.092319107
119.922,0.092319127
119.925,0.092319147
119.928,0.092319167
119.931,0.092319189
119.935,0.092319212
119.938,0.092319235
119.941,0.092319259
119.944,0.092319284
119.947,0.09231931
119.95,0.092319336
119.953,0.092319362
119.956,0.092319387
119.959,0.092319412
119.963,0.092319437
119.966,0.092319461
119.969,0.092319485
119.972,0.092319507
119.975,0.09231953
119.978,0.092319551
119.981,0.092319573
119.984,0.092319595
119.988,0.092319616
119.991,0.092319638
119.994,0.092319661
119.997,0.092319685
120,0.092319709
120.003,0.092319734
120.006,0.09231976
120.009,0.092319786
120.012,0.092319813
120.016,0.09231984
120.019,0.092319867
120.022,0.092319893
120.025,0.092319919
120.028,0.092319944
120.031,0.092319968
120.034,0.092319991
120.037,0.092320014
120.041,0.092320036
120.044,0.092320057
120.047,0.092320078
120.05,0.092320099
120.053,0.09232012
120.056,0.092320141
120.059,0.092320163
120.062,0.092320185
120.065,0.092320208
120.069,0.092320232
120.072,0.092320256
120.075,0.092320281
120.078,0.092320306
120.081,0.092320331
120.084,0.092320355
120.087,0.092320379
120.09,0.092320403
120.094,0.092320426
120.097,0.092320448
120.1,0.092320469
120.103,0.092320489
120.106,0.092320509
120.109,0.092320528
120.112,0.092320547
120.115,0.092320566
120.118,0.092320585
120.122,0.092320605
120.125,0.092320625
120.128,0.092320646
120.131,0.092320667
120.134,0.09232069
120.137,0.092320713
120.14,0.092320737
120.143,0.092320761
120.147,0.092320785
120.15,0.09232081
120.153,0.092320834
120.156,0.092320857
120.159,0.09232088
120.162,0.092320902
120.165,0.092320924
120.168,0.092320946
120.171,0.092320966
120.175,0.092320987
120.178,0.092321007
120.181,0.092321028
120.184,0.092321049
120.187,0.09232107
120.19,0.092321092
120.193,0.092321115
120.196,0.092321139
120.2,0.092321163
120.203,0.092321187
120.206,0.092321212
120.209,0.092321237
120.212,0.092321261
120.215,0.092321286
120.218,0.092321309
120.221,0.092321332
120.225,0.092321354
120.228,0.092321375
120.231,0.092321395
120.234,0.092321414
120.237,0.092321433
120.24,0.092321452
120.243,0.09232147
120.246,0.092321489
120.249,0.092321508
120.253,0.092321527
120.256,0.092321547
120.259,0.092321568
120.262,0.092321589
120.265,0.092321611
120.268,0.092321634
120.271,0.092321657
120.274,0.092321679
120.278,0.092321702
120.281,0.092321725
120.284,0.092321747
120.287,0.092321769
120.29,0.09232179
120.293,0.092321811
120.296,0.092321831
120.299,0.092321851
120.302,0.092321871
120.306,0.092321891
120.309,0.092321911
120.312,0.092321932
120.315,0.092321953
120.318,0.092321976
120.321,0.092321999
120.324,0.092322022
120.327,0.092322047
120.331,0.092322072
120.334,0.092322097
120.337,0.092322122
120.34,0.092322147
120.343,0.092322172
120.346,0.092322196
120.349,0.092322219
120.352,0.092322242
120.355,0.092322265
120.359,0.092322286
120.362,0.092322307
120.365,0.092322328
120.368,0.092322349
120.371,0.092322371
120.374,0.092322392
120.377,0.092322414
120.38,0.092322436
120.384,0.09232246
120.387,0.092322483
120.39,0.092322508
120.393,0.092322532
120.396,0.092322557
120.399,0.092322582
120.402,0.092322606
120.405,0.09232263
120.408,0.092322654
120.412,0.092322676
120.415,0.092322698
120.418,0.092322719
120.421,0.09232274
120.424,0.09232276
120.427,0.092322779
120.43,0.092322798
120.433,0.092322818
120.437,0.092322837
120.44,0.092322857
120.443,0.092322878
120.446,0.092322899
120.449,0.092322922
120.452,0.092322945
120.455,0.092322968
120.458,0.092322992
120.461,0.092323016
120.465,0.09232304
120.468,0.092323064
120.471,0.092323088
120.474,0.092323111
120.477,0.092323133
120.48,0.092323155
120.483,0.092323176
120.486,0.092323196
120.49,0.092323216
120.493,0.092323236
120.496,0.092323255
120.499,0.092323275
120.502,0.092323295
120.505,0.092323316
120.508,0.092323337
120.511,0.092323359
120.514,0.092323382
120.518,0.092323406
120.521,0.09232343
120.524,0.092323454
120.527,0.092323479
120.53,0.092323503
120.533,0.092323527
120.536,0.092323551
120.539,0.092323573
120.543,0.092323595
120.546,0.092323616
120.549,0.092323636
120.552,0.092323656
120.555,0.092323674
120.558,0.092323693
120.561,0.092323711
120.564,0.092323729
120.568,0.092323747
120.571,0.092323766
120.574,0.092323786
120.577,0.092323806
120.58,0.092323827
120.583,0.092323848
120.586,0.09232387
120.589,0.092323893
120.592,0.092323916
120.596,0.092323939
120.599,0.092323961
120.602,0.092323984
120.605,0.092324005
120.608,0.092324027
120.611,0.092324047
120.614,0.092324067
120.617,0.092324086
120.621,0.092324105
120.624,0.092324124
120.627,0.092324143
120.63,0.092324162
120.633,0.092324182
120.636,0.092324203
120.639,0.092324224
120.642,0.092324247
120.645,0.09232427
120.649,0.092324295
120.652,0.09232432
120.655,0.092324346
120.658,0.092324372
120.661,0.092324398
120.664,0.092324425
120.667,0.092324451
120.67,0.092324476
120.674,0.092324501
120.677,0.092324525
120.68,0.092324549
120.683,0.092324572
120.686,0.092324594
120.689,0.092324616
120.692,0.092324638
120.695,0.09232466
120.698,0.092324682
120.702,0.092324704
120.705,0.092324728
120.708,0.092324752
120.711,0.092324776
120.714,0.092324802
120.717,0.092324827
120.72,0.092324853
120.723,0.09232488
120.727,0.092324906
120.73,0.092324931
120.733,0.092324956
120.736,0.092324981
120.739,0.092325004
120.742,0.092325026
120.745,0.092325048
120.748,0.092325069
120.751,0.092325088
120.755,0.092325108
120.758,0.092325127
120.761,0.092325146
120.764,0.092325165
120.767,0.092325184
120.77,0.092325204
120.773,0.092325225
120.776,0.092325246
120.78,0.092325268
120.783,0.092325291
120.786,0.092325314
120.789,0.092325337
120.792,0.092325359
120.795,0.092325382
120.798,0.092325405
120.801,0.092325426
120.804,0.092325447
120.808,0.092325468
120.811,0.092325487
120.814,0.092325506
120.817,0.092325525
120.82,0.092325543
120.823,0.092325561
120.826,0.092325579
120.829,0.092325598
120.833,0.092325617
120.836,0.092325637
120.839,0.092325658
120.842,0.09232568
120.845,0.092325702
120.848,0.092325725
120.851,0.092325748
120.854,0.092325772
120.857,0.092325795
120.861,0.092325818
120.864,0.09232584
120.867,0.092325862
120.87,0.092325883
120.873,0.092325904
120.876,0.092325923
120.879,0.092325942
120.882,0.09232596
120.886,0.092325978
120.889,0.092325996
120.892,0.092326014
120.895,0.092326033
120.898,0.092326051
120.901,0.092326071
120.904,0.09232609
120.907,0.092326111
120.911,0.092326132
120.914,0.092326153
120.917,0.092326175
120.92,0.092326197
120.923,0.092326218
120.926,0.092326239
120.929,0.09232626
120.932,0.09232628
120.935,0.092326299
120.939,0.092326318
120.942,0.092326337
120.945,0.092326355
120.948,0.092326373
120.951,0.092326391
120.954,0.092326409
120.957,0.092326428
120.96,0.092326448
120.964,0.092326469
120.967,0.09232649
120.97,0.092326512
120.973,0.092326536
120.976,0.09232656
120.979,0.092326584
120.982,0.092326609
120.985,0.092326633
120.988,0.092326658
120.992,0.092326682
120.995,0.092326705
120.998,0.092326728
121.001,0.09232675
121.004,0.092326772
121.007,0.092326794
121.01,0.092326815
121.013,0.092326835
121.017,0.092326856
121.02,0.092326878
121.023,0.0923269
121.026,0.092326922
121.029,0.092326945
121.032,0.092326969
121.035,0.092326993
121.038,0.092327018
121.041,0.092327043
121.045,0.092327068
121.048,0.092327093
121.051,0.092327118
121.054,0.092327142
121.057,0.092327165
121.06,0.092327188
121.063,0.092327209
121.066,0.09232723
121.07,0.09232725
121.073,0.09232727
121.076,0.092327289
121.079,0.092327308
121.082,0.092327327
121.085,0.092327346
121.088,0.092327365
121.091,0.092327385
121.094,0.092327406
121.098,0.092327427
121.101,0.092327448
121.104,0.092327469
121.107,0.092327491
121.11,0.092327513
121.113,0.092327534
121.116,0.092327554
121.119,0.092327574
121.123,0.092327594
121.126,0.092327612
121.129,0.09232763
121.132,0.092327647
121.135,0.092327664
121.138,0.09232768
121.141,0.092327696
121.144,0.092327713
121.147,0.09232773
121.151,0.092327747
121.154,0.092327765
121.157,0.092327784
121.16,0.092327804
121.163,0.092327824
121.166,0.092327845
121.169,0.092327866
121.172,0.092327887
121.176,0.092327908
121.179,0.09232793
121.182,0.09232795
121.185,0.09232797
121.188,0.092327989
121.191,0.092328008
121.194,0.092328027
121.197,0.092328045
121.2,0.092328062
121.204,0.09232808
121.207,0.092328098
121.21,0.092328116
121.213,0.092328134
121.216,0.092328154
121.219,0.092328174
121.222,0.092328195
121.225,0.092328216
121.229,0.092328238
121.232,0.092328261
121.235,0.092328283
121.238,0.092328305
121.241,0.092328328
121.244,0.092328349
121.247,0.09232837
121.25,0.092328391
121.254,0.09232841
121.257,0.092328429
121.26,0.092328447
121.263,0.092328465
121.266,0.092328483
121.269,0.092328501
121.272,0.092328518
121.275,0.092328537
121.278,0.092328555
121.282,0.092328575
121.285,0.092328595
121.288,0.092328615
121.291,0.092328637
121.294,0.092328658
121.297,0.09232868
121.3,0.092328702
121.303,0.092328723
121.307,0.092328745
121.31,0.092328765
121.313,0.092328785
121.316,0.092328805
121.319,0.092328824
121.322,0.092328842
121.325,0.09232886
121.328,0.092328878
121.331,0.092328895
121.335,0.092328913
121.338,0.092328932
121.341,0.09232895
121.344,0.092328969
121.347,0.092328989
121.35,0.092329009
121.353,0.092329029
121.356,0.092329049
121.36,0.09232907
121.363,0.09232909
121.366,0.09232911
121.369,0.092329129
121.372,0.092329148
121.375,0.092329166
121.378,0.092329184
121.381,0.092329201
121.384,0.092329217
121.388,0.092329233
121.391,0.092329249
121.394,0.092329265
121.397,0.092329282
121.4,0.092329299
121.403,0.092329316
121.406,0.092329334
121.409,0.092329352
121.413,0.092329371
121.416,0.09232939
121.419,0.092329409
121.422,0.092329429
121.425,0.092329447
121.428,0.092329466
121.431,0.092329484
121.434,0.0923295
121.437,0.092329517
121.441,0.092329532
121.444,0.092329547
121.447,0.092329562
121.45,0.092329576
121.453,0.09232959
121.456,0.092329604
121.459,0.092329619
121.462,0.092329633
121.466,0.092329649
121.469,0.092329665
121.472,0.092329682
121.475,0.0923297
121.478,0.092329718
121.481,0.092329737
121.484,0.092329755
121.487,0.092329774
121.49,0.092329793
121.494,0.092329811
121.497,0.092329829
121.5,0.092329847
121.503,0.092329864
121.506,0.09232988
121.509,0.092329897
121.512,0.092329913
121.515,0.09232993
121.519,0.092329947
121.522,0.092329964
121.525,0.092329982
121.528,0.092330001
121.531,0.09233002
121.534,0.092330041
121.537,0.092330062
121.54,0.092330084
121.543,0.092330106
121.547,0.092330128
121.55,0.092330151
121.553,0.092330173
121.556,0.092330195
121.559,0.092330216
121.562,0.092330236
121.565,0.092330255
121.568,0.092330274
121.572,0.092330293
121.575,0.09233031
121.578,0.092330328
121.581,0.092330345
121.584,0.092330362
121.587,0.09233038
121.59,0.092330398
121.593,0.092330416
121.597,0.092330435
121.6,0.092330455
121.603,0.092330474
121.606,0.092330494
121.609,0.092330515
121.612,0.092330535
121.615,0.092330554
121.618,0.092330573
121.621,0.092330591
121.625,0.092330608
121.628,0.092330625
121.631,0.09233064
121.634,0.092330655
121.637,0.092330669
121.64,0.092330682
121.643,0.092330696
121.646,0.092330709
121.65,0.092330722
121.653,0.092330736
121.656,0.09233075
121.659,0.092330765
121.662,0.092330781
121.665,0.092330797
121.668,0.092330814
121.671,0.092330831
121.674,0.092330848
121.678,0.092330865
121.681,0.092330882
121.684,0.092330898
121.687,0.092330914
121.69,0.092330929
121.693,0.092330943
121.696,0.092330957
121.699,0.09233097
121.703,0.092330983
121.706,0.092330996
121.709,0.092331009
121.712,0.092331022
121.715,0.092331035
121.718,0.092331049
121.721,0.092331063
121.724,0.092331078
121.727,0.092331094
121.731,0.09233111
121.734,0.092331126
121.737,0.092331142
121.74,0.092331158
121.743,0.092331174
121.746,0.092331189
121.749,0.092331203
121.752,0.092331217
121.756,0.09233123
121.759,0.092331242
121.762,0.092331254
121.765,0.092331266
121.768,0.092331277
121.771,0.092331289
121.774,0.092331301
121.777,0.092331313
121.78,0.092331326
121.784,0.09233134
121.787,0.092331354
121.79,0.092331369
121.793,0.092331385
121.796,0.0923314
121.799,0.092331416
121.802,0.092331432
121.805,0.092331447
121.809,0.092331463
121.812,0.092331477
121.815,0.092331491
121.818,0.092331504
121.821,0.092331517
121.824,0.09233153
121.827,0.092331542
121.83,0.092331555
121.833,0.092331567
121.837,0.092331581
121.84,0.092331595
121.843,0.092331609
121.846,0.092331625
121.849,0.092331642
121.852,0.092331659
121.855,0.092331676
121.858,0.092331695
121.862,0.092331713
121.865,0.092331731
121.868,0.092331749
121.871,0.092331767
121.874,0.092331784
121.877,0.092331801
121.88,0.092331817
121.883,0.092331832
121.886,0.092331847
121.89,0.092331862
121.893,0.092331877
121.896,0.092331892
121.899,0.092331907
121.902,0.092331922
121.905,0.092331939
121.908,0.092331955
121.911,0.092331973
121.915,0.092331991
121.918,0.092332009
121.921,0.092332027
121.924,0.092332045
121.927,0.092332063
121.93,0.092332081
121.933,0.092332097
121.936,0.092332113
121.94,0.092332129
121.943,0.092332143
121.946,0.092332157
121.949,0.09233217
121.952,0.092332183
121.955,0.092332196
121.958,0.092332209
121.961,0.092332222
121.964,0.092332235
121.968,0.09233225
121.971,0.092332265
121.974,0.09233228
121.977,0.092332297
121.98,0.092332313
121.983,0.09233233
121.986,0.092332348
121.989,0.092332365
121.993,0.092332382
121.996,0.092332398
121.999,0.092332414
122.002,0.092332429
122.005,0.092332444
122.008,0.092332458
122.011,0.092332472
122.014,0.092332486
122.017,0.0923325
122.021,0.092332514
122.024,0.092332529
122.027,0.092332544
122.03,0.09233256
122.033,0.092332576
122.036,0.092332593
122.039,0.092332611
122.042,0.092332629
122.046,0.092332648
122.049,0.092332666
122.052,0.092332685
122.055,0.092332703
122.058,0.09233272
122.061,0.092332736
122.064,0.092332752
122.067,0.092332767
122.07,0.092332782
122.074,0.092332795
122.077,0.092332809
122.08,0.092332822
122.083,0.092332835
122.086,0.092332848
122.089,0.092332862
122.092,0.092332876
122.095,0.092332891
122.099,0.092332907
122.102,0.092332922
122.105,0.092332938
122.108,0.092332954
122.111,0.09233297
122.114,0.092332986
122.117,0.092333001
122.12,0.092333015
122.123,0.092333029
122.127,0.092333041
122.13,0.092333053
122.133,0.092333064
122.136,0.092333075
122.139,0.092333085
122.142,0.092333095
122.145,0.092333104
122.148,0.092333114
122.152,0.092333125
122.155,0.092333136
122.158,0.092333147
122.161,0.092333159
122.164,0.092333172
122.167,0.092333185
122.17,0.092333198
122.173,0.092333211
122.176,0.092333223
122.18,0.092333236
122.183,0.092333248
122.186,0.092333259
122.189,0.092333269
122.192,0.092333279
122.195,0.092333288
122.198,0.092333297
122.201,0.092333306
122.205,0.092333314
122.208,0.092333323
122.211,0.092333332
122.214,0.092333342
122.217,0.092333353
122.22,0.092333364
122.223,0.092333376
122.226,0.092333389
122.229,0.092333402
122.233,0.092333415
122.236,0.092333428
122.239,0.092333442
122.242,0.092333455
122.245,0.092333467
122.248,0.092333479
122.251,0.09233349
122.254,0.0923335
122.258,0.09233351
122.261,0.092333519
122.264,0.092333528
122.267,0.092333537
122.27,0.092333546
122.273,0.092333555
122.276,0.092333565
122.279,0.092333575
122.283,0.092333586
122.286,0.092333598
122.289,0.09233361
122.292,0.092333623
122.295,0.092333636
122.298,0.092333649
122.301,0.092333662
122.304,0.092333674
122.307,0.092333686
122.311,0.092333697
122.314,0.092333708
122.317,0.092333718
122.32,0.092333727
122.323,0.092333736
122.326,0.092333745
122.329,0.092333754
122.332,0.092333763
122.336,0.092333772
122.339,0.092333783
122.342,0.092333794
122.345,0.092333806
122.348,0.092333818
122.351,0.092333832
122.354,0.092333846
122.357,0.09233386
122.36,0.092333875
122.364,0.09233389
122.367,0.092333904
122.37,0.092333918
122.373,0.092333932
122.376,0.092333945
122.379,0.092333957
122.382,0.092333969
122.385,0.092333981
122.389,0.092333992
122.392,0.092334003
122.395,0.092334015
122.398,0.092334027
122.401,0.09233404
122.404,0.092334053
122.407,0.092334067
122.41,0.092334081
122.413,0.092334097
122.417,0.092334112
122.42,0.092334128
122.423,0.092334144
122.426,0.09233416
122.429,0.092334175
122.432,0.092334189
122.435,0.092334203
122.438,0.092334216
122.442,0.092334228
122.445,0.092334239
122.448,0.09233425
122.451,0.092334261
122.454,0.092334271
122.457,0.092334282
122.46,0.092334292
122.463,0.092334303
122.466,0.092334315
122.47,0.092334327
122.473,0.09233434
122.476,0.092334353
122.479,0.092334366
122.482,0.09233438
122.485,0.092334393
122.488,0.092334406
122.491,0.092334419
122.495,0.092334431
122.498,0.092334442
122.501,0.092334452
122.504,0.092334461
122.507,0.09233447
122.51,0.092334478
122.513,0.092334485
122.516,0.092334493
122.519,0.0923345
122.523,0.092334508
122.526,0.092334516
122.529,0.092334525
122.532,0.092334534
122.535,0.092334544
122.538,0.092334554
122.541,0.092334565
122.544,0.092334577
122.548,0.092334588
122.551,0.092334599
122.554,0.09233461
122.557,0.09233462
122.56,0.092334629
122.563,0.092334638
122.566,0.092334646
122.569,0.092334654
122.572,0.092334661
122.576,0.092334667
122.579,0.092334674
122.582,0.092334681
122.585,0.092334688
122.588,0.092334695
122.591,0.092334704
122.594,0.092334713
122.597,0.092334723
122.601,0.092334733
122.604,0.092334744
122.607,0.092334755
122.61,0.092334766
122.613,0.092334777
122.616,0.092334788
122.619,0.092334798
122.622,0.092334807
122.626,0.092334816
122.629,0.092334823
122.632,0.092334831
122.635,0.092334837
122.638,0.092334843
122.641,0.092334849
122.644,0.092334856
122.647,0.092334862
122.65,0.092334869
122.654,0.092334877
122.657,0.092334885
122.66,0.092334894
122.663,0.092334903
122.666,0.092334913
122.669,0.092334923
122.672,0.092334933
122.675,0.092334943
122.679,0.092334952
122.682,0.092334961
122.685,0.092334969
122.688,0.092334977
122.691,0.092334983
122.694,0.092334989
122.697,0.092334995
122.7,0.092335
122.703,0.092335005
122.707,0.09233501
122.71,0.092335016
122.713,0.092335023
122.716,0.09233503
122.719,0.092335038
122.722,0.092335047
122.725,0.092335056
122.728,0.092335067
122.732,0.092335078
122.735,0.092335088
122.738,0.0923351
122.741,0.09233511
122.744,0.092335121
122.747,0.09233513
122.75,0.092335139
122.753,0.092335148
122.756,0.092335156
122.76,0.092335163
122.763,0.09233517
122.766,0.092335178
122.769,0.092335185
122.772,0.092335192
122.775,0.092335201
122.778,0.09233521
122.781,0.092335219
122.785,0.092335229
122.788,0.09233524
122.791,0.092335252
122.794,0.092335264
122.797,0.092335275
122.8,0.092335287
122.803,0.092335298
122.806,0.092335309
122.809,0.092335319
122.813,0.092335328
122.816,0.092335336
122.819,0.092335344
122.822,0.092335351
122.825,0.092335357
122.828,0.092335364
122.831,0.09233537
122.834,0.092335377
122.838,0.092335384
122.841,0.092335392
122.844,0.0923354
122.847,0.092335409
122.85,0.092335419
122.853,0.092335429
122.856,0.092335439
122.859,0.092335449
122.862,0.09233546
122.866,0.09233547
122.869,0.092335479
122.872,0.092335488
122.875,0.092335496
122.878,0.092335503
122.881,0.09233551
122.884,0.092335516
122.887,0.092335521
122.891,0.092335526
122.894,0.092335532
122.897,0.092335537
122.9,0.092335544
122.903,0.09233555
122.906,0.092335558
122.909,0.092335566
122.912,0.092335575
122.915,0.092335584
122.919,0.092335594
122.922,0.092335604
122.925,0.092335613
122.928,0.092335622
122.931,0.092335631
122.934,0.092335639
122.937,0.092335646
122.94,0.092335653
122.944,0.092335658
122.947,0.092335663
122.95,0.092335668
122.953,0.092335672
122.956,0.092335676
122.959,0.092335681
122.962,0.092335686
122.965,0.092335691
122.969,0.092335697
122.972,0.092335704
122.975,0.092335711
122.978,0.092335718
122.981,0.092335726
122.984,0.092335734
122.987,0.092335742
122.99,0.092335749
122.993,0.092335755
122.997,0.092335761
123,0.092335766
123.003,0.092335769
123.006,0.092335773
123.009,0.092335775
123.012,0.092335777
123.015,0.092335778
123.018,0.09233578
123.022,0.092335782
123.025,0.092335784
123.028,0.092335787
123.031,0.09233579
123.034,0.092335794
123.037,0.092335799
123.04,0.092335804
123.043,0.092335809
123.046,0.092335815
123.05,0.09233582
123.053,0.092335825
123.056,0.09233583
123.059,0.092335834
123.062,0.092335837
123.065,0.09233584
123.068,0.092335842
123.071,0.092335843
123.075,0.092335844
123.078,0.092335845
123.081,0.092335846
123.084,0.092335848
123.087,0.09233585
123.09,0.092335852
123.093,0.092335856
123.096,0.092335861
123.099,0.092335866
123.103,0.092335872
123.106,0.092335878
123.109,0.092335885
123.112,0.092335891
123.115,0.092335898
123.118,0.092335904
123.121,0.092335909
123.124,0.092335914
123.128,0.092335918
123.131,0.092335921
123.134,0.092335924
123.137,0.092335927
123.14,0.092335929
123.143,0.092335931
123.146,0.092335934
123.149,0.092335938
123.152,0.092335942
123.156,0.092335947
123.159,0.092335952
123.162,0.092335959
123.165,0.092335966
123.168,0.092335974
123.171,0.092335981
123.174,0.092335989
123.177,0.092335997
123.181,0.092336004
123.184,0.09233601
123.187,0.092336016
123.19,0.092336021
123.193,0.092336026
123.196,0.092336029
123.199,0.092336033
123.202,0.092336036
123.205,0.092336039
123.209,0.092336042
123.212,0.092336046
123.215,0.09233605
123.218,0.092336055
123.221,0.092336061
123.224,0.092336068
123.227,0.092336075
123.23,0.092336082
123.234,0.09233609
123.237,0.092336097
123.24,0.092336104
123.243,0.092336111
123.246,0.092336117
123.249,0.092336122
123.252,0.092336126
123.255,0.092336129
123.258,0.092336132
123.262,0.092336135
123.265,0.092336136
123.268,0.092336138
123.271,0.09233614
123.274,0.092336143
123.277,0.092336146
123.28,0.092336149
123.283,0.092336153
123.287,0.092336158
123.29,0.092336163
123.293,0.092336169
123.296,0.092336175
123.299,0.09233618
123.302,0.092336185
123.305,0.09233619
123.308,0.092336194
123.312,0.092336196
123.315,0.092336198
123.318,0.092336199
123.321,0.092336199
123.324,0.092336199
123.327,0.092336197
123.33,0.092336196
123.333,0.092336195
123.336,0.092336194
123.34,0.092336193
123.343,0.092336193
123.346,0.092336194
123.349,0.092336196
123.352,0.092336198
123.355,0.092336202
123.358,0.092336205
123.361,0.092336209
123.365,0.092336213
123.368,0.092336216
123.371,0.092336219
123.374,0.092336221
123.377,0.092336222
123.38,0.092336223
123.383,0.092336222
123.386,0.092336221
123.389,0.092336219
123.393,0.092336217
123.396,0.092336215
123.399,0.092336214
123.402,0.092336212
123.405,0.092336211
123.408,0.092336211
123.411,0.092336212
123.414,0.092336213
123.418,0.092336215
123.421,0.092336217
123.424,0.092336219
123.427,0.092336221
123.43,0.092336223
123.433,0.092336225
123.436,0.092336225
123.439,0.092336226
123.442,0.092336225
123.446,0.092336224
123.449,0.092336222
123.452,0.09233622
123.455,0.092336218
123.458,0.092336216
123.461,0.092336214
123.464,0.092336213
123.467,0.092336213
123.471,0.092336213
123.474,0.092336214
123.477,0.092336215
123.48,0.092336216
123.483,0.092336218
123.486,0.092336219
123.489,0.09233622
123.492,0.092336221
123.495,0.09233622
123.499,0.092336219
123.502,0.092336217
123.505,0.092336215
123.508,0.092336211
123.511,0.092336207
123.514,0.092336203
123.517,0.092336199
123.52,0.092336195
123.524,0.092336191
123.527,0.092336188
123.53,0.092336186
123.533,0.092336184
123.536,0.092336183
123.539,0.092336183
123.542,0.092336182
123.545,0.092336182
123.548,0.092336181
123.552,0.092336181
123.555,0.09233618
123.558,0.092336178
123.561,0.092336176
123.564,0.092336174
123.567,0.092336172
123.57,0.092336169
123.573,0.092336167
123.577,0.092336166
123.58,0.092336165
123.583,0.092336164
123.586,0.092336165
123.589,0.092336166
123.592,0.092336169
123.595,0.092336171
123.598,0.092336175
123.601,0.092336178
123.605,0.092336182
123.608,0.092336185
123.611,0.092336187
123.614,0.09233619
123.617,0.092336191
123.62,0.092336192
123.623,0.092336192
123.626,0.092336192
123.63,0.092336191
123.633,0.092336191
123.636,0.09233619
123.639,0.09233619
123.642,0.09233619
123.645,0.092336191
123.648,0.092336193
123.651,0.092336195
123.655,0.092336198
123.658,0.092336201
123.661,0.092336204
123.664,0.092336206
123.667,0.092336208
123.67,0.092336209
123.673,0.09233621
123.676,0.092336209
123.679,0.092336208
123.683,0.092336205
123.686,0.092336201
123.689,0.092336197
123.692,0.092336193
123.695,0.092336188
123.698,0.092336183
123.701,0.092336178
123.704,0.092336174
123.708,0.09233617
123.711,0.092336166
123.714,0.092336163
123.717,0.09233616
123.72,0.092336157
123.723,0.092336154
123.726,0.09233615
123.729,0.092336146
123.732,0.092336142
123.736,0.092336136
123.739,0.09233613
123.742,0.092336123
123.745,0.092336116
123.748,0.092336108
123.751,0.092336101
123.754,0.092336093
123.757,0.092336086
123.761,0.092336079
123.764,0.092336073
123.767,0.092336068
123.77,0.092336063
123.773,0.092336059
123.776,0.092336056
123.779,0.092336052
123.782,0.092336049
123.785,0.092336045
123.789,0.092336041
123.792,0.092336036
123.795,0.092336031
123.798,0.092336025
123.801,0.092336018
123.804,0.092336011
123.807,0.092336003
123.81,0.092335996
123.814,0.092335988
123.817,0.092335981
123.82,0.092335974
123.823,0.092335968
123.826,0.092335963
123.829,0.092335958
123.832,0.092335955
123.835,0.092335951
123.838,0.092335948
123.842,0.092335945
123.845,0.092335942
123.848,0.092335938
123.851,0.092335933
123.854,0.092335928
123.857,0.092335922
123.86,0.092335915
123.863,0.092335907
123.867,0.092335898
123.87,0.09233589
123.873,0.092335881
123.876,0.092335872
123.879,0.092335863
123.882,0.092335855
123.885,0.092335848
123.888,0.092335842
123.891,0.092335837
123.895,0.092335832
123.898,0.092335828
123.901,0.092335824
123.904,0.09233582
123.907,0.092335817
123.91,0.092335813
123.913,0.092335808
123.916,0.092335803
123.92,0.092335797
123.923,0.092335791
123.926,0.092335784
123.929,0.092335776
123.932,0.092335769
123.935,0.092335761
123.938,0.092335754
123.941,0.092335747
123.944,0.092335741
123.948,0.092335736
123.951,0.092335732
123.954,0.092335729
123.957,0.092335727
123.96,0.092335726
123.963,0.092335726
123.966,0.092335725
123.969,0.092335725
123.973,0.092335725
123.976,0.092335725
123.979,0.092335724
123.982,0.092335722
123.985,0.092335719
123.988,0.092335716
123.991,0.092335713
123.994,0.092335708
123.998,0.092335704
124.001,0.0923357
124.004,0.092335696
124.007,0.092335693
124.01,0.09233569
124.013,0.092335688
124.016,0.092335687
124.019,0.092335686
124.022,0.092335686
124.026,0.092335686
124.029,0.092335686
124.032,0.092335685
124.035,0.092335684
124.038,0.092335682
124.041,0.092335679
124.044,0.092335675
124.047,0.09233567
124.051,0.092335664
124.054,0.092335657
124.057,0.092335649
124.06,0.092335641
124.063,0.092335633
124.066,0.092335625
124.069,0.092335617
124.072,0.092335609
124.075,0.092335602
124.079,0.092335595
124.082,0.092335589
124.085,0.092335583
124.088,0.092335577
124.091,0.09233557
124.094,0.092335563
124.097,0.092335555
124.1,0.092335546
124.104,0.092335536
124.107,0.092335526
124.11,0.092335513
124.113,0.0923355
124.116,0.092335486
124.119,0.092335472
124.122,0.092335457
124.125,0.092335443
124.128,0.092335428
124.132,0.092335414
124.135,0.092335401
124.138,0.092335389
124.141,0.092335377
124.144,0.092335366
124.147,0.092335356
124.15,0.092335347
124.153,0.092335337
124.157,0.092335328
124.16,0.092335318
124.163,0.092335308
124.166,0.092335297
124.169,0.092335286
124.172,0.092335274
124.175,0.092335262
124.178,0.092335249
124.181,0.092335236
124.185,0.092335223
124.188,0.092335211
124.191,0.092335199
124.194,0.092335188
124.197,0.092335178
124.2,0.092335169
124.203,0.092335161
124.206,0.092335155
124.21,0.092335148
124.213,0.092335142
124.216,0.092335136
124.219,0.092335131
124.222,0.092335125
124.225,0.092335118
124.228,0.092335111
124.231,0.092335103
124.234,0.092335094
124.238,0.092335085
124.241,0.092335075
124.244,0.092335065
124.247,0.092335055
124.25,0.092335045
124.253,0.092335036
124.256,0.092335027
124.259,0.09233502
124.263,0.092335013
124.266,0.092335008
124.269,0.092335003
124.272,0.092334999
124.275,0.092334995
124.278,0.092334992
124.281,0.092334989
124.284,0.092334985
124.287,0.09233498
124.291,0.092334975
124.294,0.09233497
124.297,0.092334963
124.3,0.092334955
124.303,0.092334947
124.306,0.092334938
124.309,0.092334929
124.312,0.09233492
124.316,0.092334911
124.319,0.092334902
124.322,0.092334894
124.325,0.092334887
124.328,0.09233488
124.331,0.092334873
124.334,0.092334868
124.337,0.092334862
124.341,0.092334856
124.344,0.092334849
124.347,0.092334842
124.35,0.092334834
124.353,0.092334825
124.356,0.092334815
124.359,0.092334803
124.362,0.09233479
124.365,0.092334776
124.369,0.092334762
124.372,0.092334746
124.375,0.092334731
124.378,0.092334715
124.381,0.0923347
124.384,0.092334685
124.387,0.09233467
124.39,0.092334657
124.394,0.092334643
124.397,0.09233463
124.4,0.092334618
124.403,0.092334605
124.406,0.092334592
124.409,0.092334578
124.412,0.092334564
124.415,0.092334549
124.418,0.092334533
124.422,0.092334516
124.425,0.092334498
124.428,0.09233448
124.431,0.092334461
124.434,0.092334442
124.437,0.092334424
124.44,0.092334405
124.443,0.092334388
124.447,0.092334371
124.45,0.092334355
124.453,0.09233434
124.456,0.092334326
124.459,0.092334313
124.462,0.0923343
124.465,0.092334288
124.468,0.092334276
124.471,0.092334264
124.475,0.092334251
124.478,0.092334238
124.481,0.092334224
124.484,0.09233421
124.487,0.092334195
124.49,0.09233418
124.493,0.092334164
124.496,0.092334149
124.5,0.092334134
124.503,0.092334119
124.506,0.092334105
124.509,0.092334092
124.512,0.09233408
124.515,0.09233407
124.518,0.092334059
124.521,0.09233405
124.524,0.092334041
124.528,0.092334032
124.531,0.092334023
124.534,0.092334014
124.537,0.092334004
124.54,0.092333994
124.543,0.092333982
124.546,0.09233397
124.549,0.092333957
124.553,0.092333944
124.556,0.09233393
124.559,0.092333917
124.562,0.092333903
124.565,0.09233389
124.568,0.092333877
124.571,0.092333864
124.574,0.092333853
124.577,0.092333842
124.581,0.092333831
124.584,0.09233382
124.587,0.09233381
124.59,0.092333799
124.593,0.092333788
124.596,0.092333775
124.599,0.092333762
124.602,0.092333748
124.606,0.092333733
124.609,0.092333717
124.612,0.0923337
124.615,0.092333682
124.618,0.092333664
124.621,0.092333646
124.624,0.092333627
124.627,0.09233361
124.63,0.092333592
124.634,0.092333576
124.637,0.09233356
124.64,0.092333545
124.643,0.092333531
124.646,0.092333517
124.649,0.092333504
124.652,0.092333491
124.655,0.092333478
124.659,0.092333464
124.662,0.09233345
124.665,0.092333436
124.668,0.09233342
124.671,0.092333403
124.674,0.092333386
124.677,0.092333368
124.68,0.09233335
124.684,0.092333331
124.687,0.092333312
124.69,0.092333294
124.693,0.092333276
124.696,0.092333259
124.699,0.092333243
124.702,0.092333228
124.705,0.092333215
124.708,0.092333202
124.712,0.092333191
124.715,0.092333181
124.718,0.092333172
124.721,0.092333163
124.724,0.092333154
124.727,0.092333145
124.73,0.092333135
124.733,0.092333125
124.737,0.092333114
124.74,0.092333102
124.743,0.092333089
124.746,0.092333075
124.749,0.09233306
124.752,0.092333044
124.755,0.092333028
124.758,0.092333012
124.761,0.092332996
124.765,0.092332981
124.768,0.092332965
124.771,0.092332951
124.774,0.092332937
124.777,0.092332923
124.78,0.09233291
124.783,0.092332898
124.786,0.092332885
124.79,0.092332872
124.793,0.092332858
124.796,0.092332844
124.799,0.092332828
124.802,0.092332811
124.805,0.092332792
124.808,0.092332772
124.811,0.09233275
124.814,0.092332727
124.818,0.092332703
124.821,0.092332677
124.824,0.092332651
124.827,0.092332625
124.83,0.092332599
124.833,0.092332573
124.836,0.092332547
124.839,0.092332523
124.843,0.092332499
124.846,0.092332475
124.849,0.092332453
124.852,0.092332431
124.855,0.09233241
124.858,0.092332388
124.861,0.092332367
124.864,0.092332345
124.867,0.092332322
124.871,0.092332299
124.874,0.092332275
124.877,0.092332249
124.88,0.092332223
124.883,0.092332196
124.886,0.092332168
124.889,0.09233214
124.892,0.092332112
124.896,0.092332084
124.899,0.092332057
124.902,0.09233203
124.905,0.092332005
124.908,0.092331981
124.911,0.092331958
124.914,0.092331937
124.917,0.092331917
124.92,0.092331898
124.924,0.09233188
124.927,0.092331863
124.93,0.092331846
124.933,0.09233183
124.936,0.092331812
124.939,0.092331795
124.942,0.092331777
124.945,0.092331758
124.949,0.092331738
124.952,0.092331718
124.955,0.092331698
124.958,0.092331676
124.961,0.092331655
124.964,0.092331634
124.967,0.092331614
124.97,0.092331594
124.973,0.092331576
124.977,0.092331558
124.98,0.092331541
124.983,0.092331525
124.986,0.092331511
124.989,0.092331496
124.992,0.092331482
124.995,0.092331468
124.998,0.092331454
125.002,0.092331439
125.005,0.092331423
125.008,0.092331407
125.011,0.092331389
125.014,0.09233137
125.017,0.09233135
125.02,0.09233133
125.023,0.092331308
125.027,0.092331287
125.03,0.092331265
125.033,0.092331244
125.036,0.092331223
125.039,0.092331203
125.042,0.092331183
125.045,0.092331164
125.048,0.092331146
125.051,0.092331127
125.055,0.092331109
125.058,0.092331091
125.061,0.092331072
125.064,0.092331052
125.067,0.092331032
125.07,0.09233101
125.073,0.092330988
125.076,0.092330964
125.08,0.09233094
125.083,0.092330915
125.086,0.092330889
125.089,0.092330863
125.092,0.092330838
125.095,0.092330812
125.098,0.092330787
125.101,0.092330763
125.104,0.09233074
125.108,0.092330718
125.111,0.092330696
125.114,0.092330675
125.117,0.092330655
125.12,0.092330634
125.123,0.092330614
125.126,0.092330593
125.129,0.092330571
125.133,0.092330549
125.136,0.092330526
125.139,0.092330502
125.142,0.092330478
125.145,0.092330453
125.148,0.092330427
125.151,0.092330402
125.154,0.092330377
125.157,0.092330352
125.161,0.092330327
125.164,0.092330304
125.167,0.092330281
125.17,0.092330259
125.173,0.092330238
125.176,0.092330217
125.179,0.092330197
125.182,0.092330177
125.186,0.092330156
125.189,0.092330135
125.192,0.092330113
125.195,0.092330091
125.198,0.092330067
125.201,0.092330043
125.204,0.092330018
125.207,0.092329991
125.21,0.092329965
125.214,0.092329938
125.217,0.092329911
125.22,0.092329883
125.223,0.092329857
125.226,0.09232983
125.229,0.092329804
125.232,0.092329779
125.235,0.092329754
125.239,0.092329729
125.242,0.092329704
125.245,0.092329678
125.248,0.092329652
125.251,0.092329626
125.254,0.092329598
125.257,0.092329569
125.26,0.09232954
125.263,0.092329509
125.267,0.092329476
125.27,0.092329443
125.273,0.09232941
125.276,0.092329376
125.279,0.092329341
125.282,0.092329307
125.285,0.092329273
125.288,0.09232924
125.292,0.092329207
125.295,0.092329175
125.298,0.092329143
125.301,0.092329112
125.304,0.09232908
125.307,0.092329049
125.31,0.092329017
125.313,0.092328984
125.316,0.09232895
125.32,0.092328916
125.323,0.09232888
125.326,0.092328844
125.329,0.092328807
125.332,0.092328769
125.335,0.09232873
125.338,0.092328691
125.341,0.092328652
125.345,0.092328614
125.348,0.092328576
125.351,0.092328539
125.354,0.092328503
125.357,0.092328468
125.36,0.092328434
125.363,0.0923284
125.366,0.092328368
125.37,0.092328335
125.373,0.092328303
125.376,0.092328271
125.379,0.092328238
125.382,0.092328205
125.385,0.092328171
125.388,0.092328137
125.391,0.092328103
125.394,0.092328068
125.398,0.092328034
125.401,0.092328
125.404,0.092327966
125.407,0.092327933
125.41,0.092327901
125.413,0.092327871
125.416,0.092327841
125.419,0.092327813
125.423,0.092327785
125.426,0.092327759
125.429,0.092327733
125.432,0.092327708
125.435,0.092327683
125.438,0.092327658
125.441,0.092327633
125.444,0.092327607
125.447,0.09232758
125.451,0.092327553
125.454,0.092327525
125.457,0.092327497
125.46,0.092327469
125.463,0.09232744
125.466,0.092327412
125.469,0.092327385
125.472,0.092327358
125.476,0.092327332
125.479,0.092327307
125.482,0.092327283
125.485,0.09232726
125.488,0.092327238
125.491,0.092327216
125.494,0.092327194
125.497,0.092327171
125.5,0.092327149
125.504,0.092327126
125.507,0.092327102
125.51,0.092327078
125.513,0.092327052
125.516,0.092327026
125.519,0.092327
125.522,0.092326973
125.525,0.092326946
125.529,0.092326919
125.532,0.092326892
125.535,0.092326866
125.538,0.09232684
125.541,0.092326815
125.544,0.092326791
125.547,0.092326766
125.55,0.092326742
125.553,0.092326718
125.557,0.092326693
125.56,0.092326668
125.563,0.092326641
125.566,0.092326614
125.569,0.092326587
125.572,0.092326558
125.575,0.092326528
125.578,0.092326497
125.582,0.092326466
125.585,0.092326435
125.588,0.092326403
125.591,0.092326372
125.594,0.092326341
125.597,0.092326311
125.6,0.09232628
125.603,0.092326251
125.606,0.092326221
125.61,0.092326192
125.613,0.092326163
125.616,0.092326133
125.619,0.092326103
125.622,0.092326072
125.625,0.09232604
125.628,0.092326007
125.631,0.092325972
125.635,0.092325937
125.638,0.0923259
125.641,0.092325863
125.644,0.092325825
125.647,0.092325787
125.65,0.092325748
125.653,0.09232571
125.656,0.092325671
125.659,0.092325634
125.663,0.092325596
125.666,0.09232556
125.669,0.092325523
125.672,0.092325487
125.675,0.092325451
125.678,0.092325415
125.681,0.092325379
125.684,0.092325341
125.688,0.092325303
125.691,0.092325264
125.694,0.092325223
125.697,0.092325182
125.7,0.092325139
125.703,0.092325095
125.706,0.09232505
125.709,0.092325004
125.713,0.092324958
125.716,0.092324912
125.719,0.092324867
125.722,0.092324821
125.725,0.092324777
125.728,0.092324733
125.731,0.09232469
125.734,0.092324648
125.737,0.092324607
125.741,0.092324567
125.744,0.092324527
125.747,0.092324487
125.75,0.092324447
125.753,0.092324407
125.756,0.092324367
125.759,0.092324325
125.762,0.092324283
125.766,0.09232424
125.769,0.092324197
125.772,0.092324153
125.775,0.092324109
125.778,0.092324064
125.781,0.09232402
125.784,0.092323976
125.787,0.092323933
125.79,0.092323891
125.794,0.092323849
125.797,0.092323809
125.8,0.09232377
125.803,0.092323732
125.806,0.092323694
125.809,0.092323657
125.812,0.092323619
125.815,0.092323582
125.819,0.092323545
125.822,0.092323507
125.825,0.092323468
125.828,0.092323429
125.831,0.092323389
125.834,0.092323348
125.837,0.092323306
125.84,0.092323264
125.843,0.092323222
125.847,0.09232318
125.85,0.092323138
125.853,0.092323096
125.856,0.092323056
125.859,0.092323016
125.862,0.092322976
125.865,0.092322938
125.868,0.092322899
125.872,0.092322862
125.875,0.092322824
125.878,0.092322786
125.881,0.092322748
125.884,0.092322709
125.887,0.092322669
125.89,0.092322628
125.893,0.092322587
125.896,0.092322545
125.9,0.092322501
125.903,0.092322458
125.906,0.092322414
125.909,0.092322369
125.912,0.092322325
125.915,0.092322281
125.918,0.092322237
125.921,0.092322194
125.925,0.092322152
125.928,0.09232211
125.931,0.09232207
125.934,0.092322029
125.937,0.09232199
125.94,0.09232195
125.943,0.09232191
125.946,0.09232187
125.949,0.09232183
125.953,0.092321789
125.956,0.092321747
125.959,0.092321705
125.962,0.092321662
125.965,0.092321618
125.968,0.092321574
125.971,0.092321529
125.974,0.092321484
125.978,0.09232144
125.981,0.092321395
125.984,0.092321351
125.987,0.092321308
125.99,0.092321266
125.993,0.092321224
125.996,0.092321183
125.999,0.092321142
126.002,0.092321103
126.006,0.092321063
126.009,0.092321023
126.012,0.092320983
126.015,0.092320943
126.018,0.092320902
126.021,0.09232086
126.024,0.092320818
126.027,0.092320775
126.031,0.092320731
126.034,0.092320687
126.037,0.092320642
126.04,0.092320597
126.043,0.092320553
126.046,0.092320508
126.049,0.092320464
126.052,0.09232042
126.056,0.092320377
126.059,0.092320334
126.062,0.092320292
126.065,0.09232025
126.068,0.092320208
126.071,0.092320165
126.074,0.092320123
126.077,0.092320079
126.08,0.092320035
126.084,0.09231999
126.087,0.092319944
126.09,0.092319896
126.093,0.092319847
126.096,0.092319797
126.099,0.092319746
126.102,0.092319694
126.105,0.092319642
126.109,0.09231959
126.112,0.092319538
126.115,0.092319486
126.118,0.092319435
126.121,0.092319385
126.124,0.092319336
126.127,0.092319288
126.13,0.092319241
126.133,0.092319195
126.137,0.092319149
126.14,0.092319104
126.143,0.09231906
126.146,0.092319016
126.149,0.092318971
126.152,0.092318926
126.155,0.092318881
126.158,0.092318834
126.162,0.092318788
126.165,0.092318741
126.168,0.092318693
126.171,0.092318645
126.174,0.092318597
126.177,0.092318549
126.18,0.092318502
126.183,0.092318455
126.186,0.092318408
126.19,0.092318363
126.193,0.092318318
126.196,0.092318275
126.199,0.092318232
126.202,0.092318189
126.205,0.092318147
126.208,0.092318106
126.211,0.092318064
126.215,0.092318022
126.218,0.09231798
126.221,0.092317937
126.224,0.092317894
126.227,0.09231785
126.23,0.092317804
126.233,0.092317758
126.236,0.092317711
126.239,0.092317664
126.243,0.092317616
126.246,0.092317567
126.249,0.092317518
126.252,0.092317469
126.255,0.092317419
126.258,0.09231737
126.261,0.092317321
126.264,0.092317273
126.268,0.092317225
126.271,0.092317177
126.274,0.092317129
126.277,0.092317082
126.28,0.092317036
126.283,0.092316989
126.286,0.092316943
126.289,0.092316897
126.292,0.092316851
126.296,0.092316805
126.299,0.092316759
126.302,0.092316713
126.305,0.092316666
126.308,0.092316619
126.311,0.092316571
126.314,0.092316523
126.317,0.092316474
126.321,0.092316425
126.324,0.092316376
126.327,0.092316325
126.33,0.092316275
126.333,0.092316223
126.336,0.092316172
126.339,0.09231612
126.342,0.092316067
126.345,0.092316014
126.349,0.092315961
126.352,0.092315908
126.355,0.092315854
126.358,0.0923158
126.361,0.092315746
126.364,0.092315691
126.367,0.092315637
126.37,0.092315582
126.374,0.092315527
126.377,0.092315472
126.38,0.092315418
126.383,0.092315363
126.386,0.092315308
126.389,0.092315254
126.392,0.0923152
126.395,0.092315146
126.399,0.092315092
126.402,0.092315039
126.405,0.092314986
126.408,0.092314933
126.411,0.092314881
126.414,0.092314829
126.417,0.092314778
126.42,0.092314727
126.423,0.092314677
126.427,0.092314627
126.43,0.092314578
126.433,0.092314529
126.436,0.09231448
126.439,0.092314432
126.442,0.092314384
126.445,0.092314336
126.448,0.092314289
126.452,0.092314243
126.455,0.092314196
126.458,0.09231415
126.461,0.092314104
126.464,0.092314058
126.467,0.092314013
126.47,0.092313968
126.473,0.092313923
126.476,0.092313879
126.48,0.092313834
126.483,0.09231379
126.486,0.092313746
126.489,0.092313703
126.492,0.09231366
126.495,0.092313617
126.498,0.092313574
126.501,0.092313532
126.505,0.092313489
126.508,0.092313448
126.511,0.092313406
126.514,0.092313364
126.517,0.092313323
126.52,0.092313282
126.523,0.092313241
126.526,0.0923132
126.529,0.092313159
126.533,0.092313118
126.536,0.092313077
126.539,0.092313037
126.542,0.092312996
126.545,0.092312955
126.548,0.092312915
126.551,0.092312874
126.554,0.092312834
126.558,0.092312793
126.561,0.092312753
126.564,0.092312712
126.567,0.092312672
126.57,0.092312632
126.573,0.092312591
126.576,0.092312551
126.579,0.092312511
126.582,0.092312471
126.586,0.092312431
126.589,0.092312391
126.592,0.092312351
126.595,0.092312311
126.598,0.092312271
126.601,0.092312231
126.604,0.092312191
126.607,0.092312151
126.611,0.092312112
126.614,0.092312072
126.617,0.092312032
126.62,0.092311992
126.623,0.092311952
126.626,0.092311911
126.629,0.092311871
126.632,0.092311831
126.635,0.09231179
126.639,0.09231175
126.642,0.09231171
126.645,0.092311669
126.648,0.092311629
126.651,0.092311588
126.654,0.092311548
126.657,0.092311507
126.66,0.092311467
126.664,0.092311427
126.667,0.092311386
126.67,0.092311346
126.673,0.092311305
126.676,0.092311265
126.679,0.092311225
126.682,0.092311185
126.685,0.092311144
126.688,0.092311104
126.692,0.092311064
126.695,0.092311023
126.698,0.092310983
126.701,0.092310942
126.704,0.092310902
126.707,0.092310861
126.71,0.09231082
126.713,0.092310779
126.717,0.092310739
126.72,0.092310698
126.723,0.092310657
126.726,0.092310616
126.729,0.092310575
126.732,0.092310534
126.735,0.092310493
126.738,0.092310452
126.742,0.092310411
126.745,0.09231037
126.748,0.092310329
126.751,0.092310288
126.754,0.092310247
126.757,0.092310206
126.76,0.092310165
126.763,0.092310124
126.766,0.092310084
126.77,0.092310043
126.773,0.092310002
126.776,0.092309961
126.779,0.09230992
126.782,0.092309879
126.785,0.092309838
126.788,0.092309797
126.791,0.092309756
126.795,0.092309715
126.798,0.092309674
126.801,0.092309633
126.804,0.092309591
126.807,0.09230955
126.81,0.092309509
126.813,0.092309467
126.816,0.092309426
126.819,0.092309384
126.823,0.092309343
126.826,0.092309302
126.829,0.092309261
126.832,0.092309219
126.835,0.092309178
126.838,0.092309137
126.841,0.092309096
126.844,0.092309055
126.848,0.092309013
126.851,0.092308972
126.854,0.092308931
126.857,0.09230889
126.86,0.092308849
126.863,0.092308808
126.866,0.092308767
126.869,0.092308726
126.872,0.092308684
126.876,0.092308643
126.879,0.092308602
126.882,0.09230856
126.885,0.092308519
126.888,0.092308477
126.891,0.092308436
126.894,0.092308394
126.897,0.092308353
126.901,0.092308311
126.904,0.09230827
126.907,0.092308228
126.91,0.092308187
126.913,0.092308145
126.916,0.092308104
126.919,0.092308062
126.922,0.092308021
126.925,0.09230798
126.929,0.092307939
126.932,0.092307898
126.935,0.092307856
126.938,0.092307815
126.941,0.092307774
126.944,0.092307733
126.947,0.092307692
126.95,0.092307651
126.954,0.092307609
126.957,0.092307568
126.96,0.092307527
126.963,0.092307485
126.966,0.092307444
126.969,0.092307403
126.972,0.092307361
126.975,0.09230732
126.978,0.092307278
126.982,0.092307237
126.985,0.092307195
126.988,0.092307154
126.991,0.092307112
126.994,0.092307071
126.997,0.09230703
127,0.092306988
127.003,0.092306947
127.007,0.092306906
127.01,0.092306865
127.013,0.092306824
127.016,0.092306783
127.019,0.092306742
127.022,0.092306701
127.025,0.09230666
127.028,0.092306619
127.031,0.092306578
127.035,0.092306537
127.038,0.092306496
127.041,0.092306455
127.044,0.092306414
127.047,0.092306372
127.05,0.092306331
127.053,0.09230629
127.056,0.092306249
127.06,0.092306208
127.063,0.092306166
127.066,0.092306125
127.069,0.092306084
127.072,0.092306043
127.075,0.092306002
127.078,0.092305961
127.081,0.092305919
127.085,0.092305878
127.088,0.092305838
127.091,0.092305797
127.094,0.092305756
127.097,0.092305715
127.1,0.092305675
127.103,0.092305634
127.106,0.092305593
127.109,0.092305552
127.113,0.092305512
127.116,0.092305471
127.119,0.09230543
127.122,0.09230539
127.125,0.092305349
127.128,0.092305308
127.131,0.092305267
127.134,0.092305227
127.138,0.092305186
127.141,0.092305145
127.144,0.092305104
127.147,0.092305063
127.15,0.092305022
127.153,0.092304981
127.156,0.09230494
127.159,0.0923049
127.162,0.092304859
127.166,0.092304818
127.169,0.092304778
127.172,0.092304737
127.175,0.092304697
127.178,0.092304656
127.181,0.092304616
127.184,0.092304575
127.187,0.092304535
127.191,0.092304495
127.194,0.092304454
127.197,0.092304414
127.2,0.092304374
127.203,0.092304334
127.206,0.092304293
127.209,0.092304253
127.212,0.092304213
127.215,0.092304172
127.219,0.092304132
127.222,0.092304091
127.225,0.092304051
127.228,0.092304011
127.231,0.09230397
127.234,0.09230393
127.237,0.092303889
127.24,0.092303849
127.244,0.092303809
127.247,0.092303768
127.25,0.092303728
127.253,0.092303688
127.256,0.092303648
127.259,0.092303607
127.262,0.092303568
127.265,0.092303528
127.268,0.092303488
127.272,0.092303448
127.275,0.092303408
127.278,0.092303368
127.281,0.092303328
127.284,0.092303289
127.287,0.092303249
127.29,0.092303209
127.293,0.092303169
127.297,0.092303129
127.3,0.092303089
127.303,0.092303049
127.306,0.092303009
127.309,0.092302969
127.312,0.092302929
127.315,0.092302889
127.318,0.092302849
127.321,0.092302809
127.325,0.092302769
127.328,0.092302729
127.331,0.092302689
127.334,0.092302649
127.337,0.092302609
127.34,0.09230257
127.343,0.09230253
127.346,0.09230249
127.35,0.092302451
127.353,0.092302411
127.356,0.092302372
127.359,0.092302333
127.362,0.092302293
127.365,0.092302254
127.368,0.092302214
127.371,0.092302175
127.374,0.092302135
127.378,0.092302096
127.381,0.092302056
127.384,0.092302017
127.387,0.092301977
127.39,0.092301938
127.393,0.092301898
127.396,0.092301858
127.399,0.092301819
127.403,0.092301779
127.406,0.092301739
127.409,0.0923017
127.412,0.09230166
127.415,0.092301621
127.418,0.092301581
127.421,0.092301542
127.424,0.092301503
127.428,0.092301464
127.431,0.092301425
127.434,0.092301385
127.437,0.092301346
127.44,0.092301307
127.443,0.092301268
127.446,0.092301229
127.449,0.09230119
127.452,0.092301151
127.456,0.092301112
127.459,0.092301073
127.462,0.092301034
127.465,0.092300995
127.468,0.092300956
127.471,0.092300916
127.474,0.092300877
127.477,0.092300838
127.481,0.092300799
127.484,0.092300759
127.487,0.09230072
127.49,0.092300681
127.493,0.092300642
127.496,0.092300603
127.499,0.092300564
127.502,0.092300525
127.505,0.092300486
127.509,0.092300447
127.512,0.092300408
127.515,0.092300369
127.518,0.09230033
127.521,0.092300292
127.524,0.092300253
127.527,0.092300214
127.53,0.092300176
127.534,0.092300137
127.537,0.092300098
127.54,0.09230006
127.543,0.092300021
127.546,0.092299982
127.549,0.092299944
127.552,0.092299905
127.555,0.092299866
127.558,0.092299827
127.562,0.092299788
127.565,0.092299749
127.568,0.09229971
127.571,0.092299672
127.574,0.092299633
127.577,0.092299594
127.58,0.092299555
127.583,0.092299516
127.587,0.092299478
127.59,0.092299439
127.593,0.0922994
127.596,0.092299362
127.599,0.092299323
127.602,0.092299285
127.605,0.092299247
127.608,0.092299208
127.611,0.09229917
127.615,0.092299132
127.618,0.092299093
127.621,0.092299055
127.624,0.092299017
127.627,0.092298978
127.63,0.09229894
127.633,0.092298901
127.636,0.092298863
127.64,0.092298824
127.643,0.092298786
127.646,0.092298747
127.649,0.092298709
127.652,0.09229867
127.655,0.092298632
127.658,0.092298593
127.661,0.092298555
127.664,0.092298516
127.668,0.092298478
127.671,0.092298439
127.674,0.092298401
127.677,0.092298362
127.68,0.092298324
127.683,0.092298286
127.686,0.092298248
127.689,0.09229821
127.693,0.092298172
127.696,0.092298134
127.699,0.092298096
127.702,0.092298058
127.705,0.09229802
127.708,0.092297982
127.711,0.092297944
127.714,0.092297905
127.717,0.092297867
127.721,0.092297829
127.724,0.092297791
127.727,0.092297753
127.73,0.092297714
127.733,0.092297676
127.736,0.092297638
127.739,0.092297599
127.742,0.092297561
127.746,0.092297523
127.749,0.092297485
127.752,0.092297447
127.755,0.092297408
127.758,0.09229737
127.761,0.092297332
127.764,0.092297294
127.767,0.092297256
127.771,0.092297219
127.774,0.092297181
127.777,0.092297143
127.78,0.092297105
127.783,0.092297067
127.786,0.09229703
127.789,0.092296992
127.792,0.092296954
127.795,0.092296917
127.799,0.092296879
127.802,0.092296841
127.805,0.092296803
127.808,0.092296765
127.811,0.092296727
127.814,0.092296689
127.817,0.092296651
127.82,0.092296613
127.824,0.092296576
127.827,0.092296537
127.83,0.0922965
127.833,0.092296462
127.836,0.092296424
127.839,0.092296386
127.842,0.092296348
127.845,0.092296311
127.848,0.092296273
127.852,0.092296235
127.855,0.092296198
127.858,0.09229616
127.861,0.092296123
127.864,0.092296085
127.867,0.092296048
127.87,0.09229601
127.873,0.092295973
127.877,0.092295936
127.88,0.092295898
127.883,0.092295861
127.886,0.092295823
127.889,0.092295786
127.892,0.092295748
127.895,0.092295711
127.898,0.092295673
127.901,0.092295636
127.905,0.092295598
127.908,0.09229556
127.911,0.092295523
127.914,0.092295485
127.917,0.092295448
127.92,0.09229541
127.923,0.092295373
127.926,0.092295335
127.93,0.092295298
127.933,0.092295261
127.936,0.092295223
127.939,0.092295186
127.942,0.092295149
127.945,0.092295112
127.948,0.092295075
127.951,0.092295038
127.954,0.092295001
127.958,0.092294964
127.961,0.092294927
127.964,0.09229489
127.967,0.092294852
127.97,0.092294815
127.973,0.092294778
127.976,0.092294741
127.979,0.092294704
127.983,0.092294666
127.986,0.092294629
127.989,0.092294592
127.992,0.092294555
127.995,0.092294517
127.998,0.09229448
128.001,0.092294443
128.004,0.092294405
128.007,0.092294368
128.011,0.092294331
128.014,0.092294294
128.017,0.092294257
128.02,0.09229422
128.023,0.092294183
128.026,0.092294146
128.029,0.092294109
128.032,0.092294073
128.036,0.092294036
128.039,0.092293999
128.042,0.092293962
128.045,0.092293925
128.048,0.092293889
128.051,0.092293852
128.054,0.092293815
128.057,0.092293778
128.06,0.092293741
128.064,0.092293704
128.067,0.092293667
128.07,0.09229363
128.073,0.092293593
128.076,0.092293556
128.079,0.092293519
128.082,0.092293481
128.085,0.092293444
128.089,0.092293407
128.092,0.09229337
128.095,0.092293333
128.098,0.092293297
128.101,0.09229326
128.104,0.092293223
128.107,0.092293186
128.11,0.09229315
128.114,0.092293113
128.117,0.092293076
128.12,0.09229304
128.123,0.092293003
128.126,0.092292967
128.129,0.09229293
128.132,0.092292893
128.135,0.092292857
128.138,0.09229282
128.142,0.092292784
128.145,0.092292747
128.148,0.09229271
128.151,0.092292673
128.154,0.092292637
128.157,0.0922926
128.16,0.092292563
128.163,0.092292526
128.167,0.092292489
128.17,0.092292453
128.173,0.092292416
128.176,0.092292379
128.179,0.092292342
128.182,0.092292306
128.185,0.092292269
128.188,0.092292233
128.191,0.092292196
128.195,0.09229216
128.198,0.092292124
128.201,0.092292087
128.204,0.092292051
128.207,0.092292015
128.21,0.092291978
128.213,0.092291942
128.216,0.092291906
128.22,0.092291869
128.223,0.092291833
128.226,0.092291796
128.229,0.09229176
128.232,0.092291724
128.235,0.092291687
128.238,0.092291651
128.241,0.092291614
128.244,0.092291577
128.248,0.092291541
128.251,0.092291504
128.254,0.092291468
128.257,0.092291432
128.26,0.092291395
128.263,0.092291359
128.266,0.092291322
128.269,0.092291286
128.273,0.09229125
128.276,0.092291214
128.279,0.092291178
128.282,0.092291142
128.285,0.092291106
128.288,0.09229107
128.291,0.092291034
128.294,0.092290998
128.297,0.092290962
128.301,0.092290926
128.304,0.09229089
128.307,0.092290854
128.31,0.092290818
128.313,0.092290781
128.316,0.092290745
128.319,0.092290709
128.322,0.092290673
128.326,0.092290637
128.329,0.092290601
128.332,0.092290564
128.335,0.092290528
128.338,0.092290492
128.341,0.092290456
128.344,0.09229042
128.347,0.092290384
128.35,0.092290348
128.354,0.092290312
128.357,0.092290276
128.36,0.09229024
128.363,0.092290204
128.366,0.092290169
128.369,0.092290133
128.372,0.092290097
128.375,0.092290062
128.379,0.092290026
128.382,0.09228999
128.385,0.092289955
128.388,0.092289919
128.391,0.092289883
128.394,0.092289847
128.397,0.092289812
128.4,0.092289776
128.403,0.09228974
128.407,0.092289704
128.41,0.092289668
128.413,0.092289632
128.416,0.092289597
128.419,0.092289561
128.422,0.092289525
128.425,0.092289489
128.428,0.092289453
128.432,0.092289418
128.435,0.092289382
128.438,0.092289346
128.441,0.092289311
128.444,0.092289276
128.447,0.09228924
128.45,0.092289205
128.453,0.092289169
128.457,0.092289134
128.46,0.092289099
128.463,0.092289064
128.466,0.092289028
128.469,0.092288993
128.472,0.092288958
128.475,0.092288922
128.478,0.092288887
128.481,0.092288852
128.485,0.092288816
128.488,0.092288781
128.491,0.092288745
128.494,0.09228871
128.497,0.092288674
128.5,0.092288639
128.503,0.092288603
128.506,0.092288568
128.51,0.092288532
128.513,0.092288497
128.516,0.092288462
128.519,0.092288426
128.522,0.092288391
128.525,0.092288356
128.528,0.092288321
128.531,0.092288286
128.534,0.092288251
128.538,0.092288216
128.541,0.092288181
128.544,0.092288146
128.547,0.092288111
128.55,0.092288076
128.553,0.092288041
128.556,0.092288006
128.559,0.092287971
128.563,0.092287936
128.566,0.092287901
128.569,0.092287866
128.572,0.092287831
128.575,0.092287796
128.578,0.092287761
128.581,0.092287726
128.584,0.092287691
128.587,0.092287655
128.591,0.09228762
128.594,0.092287585
128.597,0.09228755
128.6,0.092287515
128.603,0.09228748
128.606,0.092287445
128.609,0.09228741
128.612,0.092287376
128.616,0.092287341
128.619,0.092287306
128.622,0.092287271
128.625,0.092287237
128.628,0.092287202
128.631,0.092287167
128.634,0.092287132
128.637,0.092287097
128.64,0.092287063
128.644,0.092287027
128.647,0.092286992
128.65,0.092286957
128.653,0.092286922
128.656,0.092286886
128.659,0.092286851
128.662,0.092286815
128.665,0.092286779
128.669,0.092286743
128.672,0.092286707
128.675,0.092286671
128.678,0.092286635
128.681,0.092286599
128.684,0.092286563
128.687,0.092286526
128.69,0.09228649
128.693,0.092286454
128.697,0.092286418
128.7,0.092286382
128.703,0.092286346
128.706,0.092286309
128.709,0.092286273
128.712,0.092286237
128.715,0.092286201
128.718,0.092286165
128.722,0.092286129
128.725,0.092286093
128.728,0.092286056
128.731,0.09228602
128.734,0.092285984
128.737,0.092285948
128.74,0.092285911
128.743,0.092285875
128.746,0.092285839
128.75,0.092285802
128.753,0.092285766
128.756,0.09228573
128.759,0.092285693
128.762,0.092285657
128.765,0.092285621
128.768,0.092285585
128.771,0.092285549
128.775,0.092285513
128.778,0.092285477
128.781,0.092285441
128.784,0.092285405
128.787,0.09228537
128.79,0.092285334
128.793,0.092285298
128.796,0.092285263
128.8,0.092285227
128.803,0.092285191
128.806,0.092285155
128.809,0.09228512
128.812,0.092285084
128.815,0.092285048
128.818,0.092285012
128.821,0.092284976
128.824,0.09228494
128.828,0.092284905
128.831,0.092284869
128.834,0.092284833
128.837,0.092284797
128.84,0.092284761
128.843,0.092284725
128.846,0.092284689
128.849,0.092284653
128.853,0.092284617
128.856,0.092284582
128.859,0.092284546
128.862,0.09228451
128.865,0.092284474
128.868,0.092284439
128.871,0.092284403
128.874,0.092284368
128.877,0.092284332
128.881,0.092284296
128.884,0.092284261
128.887,0.092284225
128.89,0.092284189
128.893,0.092284153
128.896,0.092284117
128.899,0.09228408
128.902,0.092284044
128.906,0.092284008
128.909,0.092283971
128.912,0.092283934
128.915,0.092283898
128.918,0.092283861
128.921,0.092283824
128.924,0.092283787
128.927,0.092283751
128.93,0.092283714
128.934,0.092283677
128.937,0.092283641
128.94,0.092283604
128.943,0.092283568
128.946,0.092283531
128.949,0.092283495
128.952,0.092283459
128.955,0.092283423
128.959,0.092283388
128.962,0.092283352
128.965,0.092283317
128.968,0.092283282
128.971,0.092283246
128.974,0.092283212
128.977,0.092283177
128.98,0.092283142
128.983,0.092283107
128.987,0.092283073
128.99,0.092283038
128.993,0.092283004
128.996,0.092282969
128.999,0.092282935
129.002,0.0922829
129.005,0.092282866
129.008,0.092282831
129.012,0.092282797
129.015,0.092282763
129.018,0.092282729
129.021,0.092282695
129.024,0.092282661
129.027,0.092282628
129.03,0.092282595
129.033,0.092282562
129.036,0.092282529
129.04,0.092282497
129.043,0.092282465
129.046,0.092282433
129.049,0.092282402
129.052,0.092282372
129.055,0.092282341
129.058,0.092282311
129.061,0.092282281
129.065,0.092282252
129.068,0.092282223
129.071,0.092282194
129.074,0.092282166
129.077,0.092282138
129.08,0.09228211
129.083,0.092282083
129.086,0.092282056
129.089,0.092282029
129.093,0.092282002
129.096,0.092281976
129.099,0.09228195
129.102,0.092281924
129.105,0.092281899
129.108,0.092281873
129.111,0.092281848
129.114,0.092281823
129.118,0.092281798
129.121,0.092281773
129.124,0.092281748
129.127,0.092281724
129.13,0.092281699
129.133,0.092281674
129.136,0.092281649
129.139,0.092281624
129.143,0.092281599
129.146,0.092281574
129.149,0.092281548
129.152,0.092281522
129.155,0.092281496
129.158,0.09228147
129.161,0.092281444
129.164,0.092281417
129.167,0.092281391
129.171,0.092281364
129.174,0.092281336
129.177,0.092281309
129.18,0.092281281
129.183,0.092281253
129.186,0.092281225
129.189,0.092281197
129.192,0.092281169
129.196,0.09228114
129.199,0.092281111
129.202,0.092281082
129.205,0.092281053
129.208,0.092281024
129.211,0.092280994
129.214,0.092280965
129.217,0.092280935
129.22,0.092280905
129.224,0.092280874
129.227,0.092280844
129.23,0.092280813
129.233,0.092280782
129.236,0.092280751
129.239,0.092280719
129.242,0.092280688
129.245,0.092280656
129.249,0.092280624
129.252,0.092280591
129.255,0.092280559
129.258,0.092280527
129.261,0.092280494
129.264,0.092280461
129.267,0.092280428
129.27,0.092280396
129.273,0.092280363
129.277,0.09228033
129.28,0.092280297
129.283,0.092280264
129.286,0.092280231
129.289,0.092280198
129.292,0.092280165
129.295,0.092280132
129.298,0.092280099
129.302,0.092280066
129.305,0.092280033
129.308,0.092279999
129.311,0.092279966
129.314,0.092279932
129.317,0.092279899
129.32,0.092279865
129.323,0.092279832
129.326,0.092279798
129.33,0.092279764
129.333,0.092279731
129.336,0.092279697
129.339,0.092279663
129.342,0.09227963
129.345,0.092279596
129.348,0.092279563
129.351,0.09227953
129.355,0.092279497
129.358,0.092279464
129.361,0.092279432
129.364,0.092279399
129.367,0.092279368
129.37,0.092279336
129.373,0.092279304
129.376,0.092279272
129.379,0.092279241
129.383,0.09227921
129.386,0.092279179
129.389,0.092279148
129.392,0.092279117
129.395,0.092279086
129.398,0.092279055
129.401,0.092279024
129.404,0.092278992
129.408,0.092278961
129.411,0.09227893
129.414,0.092278898
129.417,0.092278867
129.42,0.092278835
129.423,0.092278803
129.426,0.09227877
129.429,0.092278738
129.432,0.092278706
129.436,0.092278673
129.439,0.09227864
129.442,0.092278608
129.445,0.092278575
129.448,0.092278542
129.451,0.092278508
129.454,0.092278475
129.457,0.092278442
129.461,0.092278408
129.464,0.092278374
129.467,0.092278341
129.47,0.092278307
129.473,0.092278272
129.476,0.092278238
129.479,0.092278204
129.482,0.092278169
129.486,0.092278134
129.489,0.0922781
129.492,0.092278064
129.495,0.092278029
129.498,0.092277994
129.501,0.092277958
129.504,0.092277923
129.507,0.092277887
129.51,0.092277851
129.514,0.092277815
129.517,0.092277779
129.52,0.092277743
129.523,0.092277707
129.526,0.092277671
129.529,0.092277635
129.532,0.092277599
129.535,0.092277563
129.539,0.092277526
129.542,0.09227749
129.545,0.092277454
129.548,0.092277418
129.551,0.092277382
129.554,0.092277346
129.557,0.09227731
129.56,0.092277273
129.563,0.092277237
129.567,0.092277201
129.57,0.092277164
129.573,0.092277128
129.576,0.092277091
129.579,0.092277055
129.582,0.092277018
129.585,0.092276981
129.588,0.092276945
129.592,0.092276908
129.595,0.092276872
129.598,0.092276835
129.601,0.092276799
129.604,0.092276762
129.607,0.092276726
129.61,0.092276689
129.613,0.092276653
129.616,0.092276617
129.62,0.092276581
129.623,0.092276545
129.626,0.092276509
129.629,0.092276472
129.632,0.092276436
129.635,0.0922764
129.638,0.092276364
129.641,0.092276328
129.645,0.092276292
129.648,0.092276256
129.651,0.09227622
129.654,0.092276183
129.657,0.092276147
129.66,0.09227611
129.663,0.092276074
129.666,0.092276037
129.669,0.092276
129.673,0.092275964
129.676,0.092275927
129.679,0.09227589
129.682,0.092275854
129.685,0.092275817
129.688,0.092275781
129.691,0.092275745
129.694,0.092275708
129.698,0.092275672
129.701,0.092275637
129.704,0.092275601
129.707,0.092275566
129.71,0.09227553
129.713,0.092275496
129.716,0.092275461
129.719,0.092275427
129.722,0.092275392
129.726,0.092275358
129.729,0.092275324
129.732,0.09227529
129.735,0.092275257
129.738,0.092275223
129.741,0.09227519
129.744,0.092275156
129.747,0.092275123
129.751,0.092275089
129.754,0.092275056
129.757,0.092275023
129.76,0.09227499
129.763,0.092274957
129.766,0.092274923
129.769,0.092274891
129.772,0.092274858
129.775,0.092274826
129.779,0.092274794
129.782,0.092274762
129.785,0.092274731
129.788,0.0922747
129.791,0.092274669
129.794,0.092274639
129.797,0.092274609
129.8,0.09227458
129.804,0.092274551
129.807,0.092274523
129.81,0.092274495
129.813,0.092274467
129.816,0.09227444
129.819,0.092274414
129.822,0.092274387
129.825,0.092274361
129.828,0.092274336
129.832,0.09227431
129.835,0.092274286
129.838,0.092274261
129.841,0.092274236
129.844,0.092274212
129.847,0.092274188
129.85,0.092274165
129.853,0.092274141
129.857,0.092274118
129.86,0.092274095
129.863,0.092274072
129.866,0.092274049
129.869,0.092274026
129.872,0.092274004
129.875,0.092273981
129.878,0.092273959
129.882,0.092273936
129.885,0.092273914
129.888,0.092273891
129.891,0.092273869
129.894,0.092273846
129.897,0.092273824
129.9,0.092273801
129.903,0.092273778
129.906,0.092273755
129.91,0.092273731
129.913,0.092273708
129.916,0.092273684
129.919,0.09227366
129.922,0.092273636
129.925,0.092273611
129.928,0.092273586
129.931,0.092273561
129.935,0.092273536
129.938,0.09227351
129.941,0.092273485
129.944,0.092273459
129.947,0.092273433
129.95,0.092273407
129.953,0.09227338
129.956,0.092273354
129.959,0.092273328
129.963,0.092273302
129.966,0.092273275
129.969,0.092273249
129.972,0.092273223
129.975,0.092273196
129.978,0.09227317
129.981,0.092273144
129.984,0.092273118
129.988,0.092273092
129.991,0.092273066
129.994,0.09227304
129.997,0.092273014
130,0.092272988
130.003,0.092272962
130.006,0.092272936
130.009,0.09227291
130.012,0.092272884
130.016,0.092272859
130.019,0.092272833
130.022,0.092272807
130.025,0.092272782
130.028,0.092272756
130.031,0.092272731
130.034,0.092272705
130.037,0.09227268
130.041,0.092272654
130.044,0.092272629
130.047,0.092272603
130.05,0.092272578
130.053,0.092272552
130.056,0.092272526
130.059,0.0922725
130.062,0.092272474
130.065,0.092272448
130.069,0.092272421
130.072,0.092272395
130.075,0.092272368
130.078,0.092272341
130.081,0.092272314
130.084,0.092272286
130.087,0.092272258
130.09,0.09227223
130.094,0.092272202
130.097,0.092272173
130.1,0.092272144
130.103,0.092272115
130.106,0.092272086
130.109,0.092272056
130.112,0.092272027
130.115,0.092271997
130.118,0.092271966
130.122,0.092271936
130.125,0.092271905
130.128,0.092271874
130.131,0.092271842
130.134,0.092271811
130.137,0.092271779
130.14,0.092271747
130.143,0.092271715
130.147,0.092271682
130.15,0.092271649
130.153,0.092271616
130.156,0.092271583
130.159,0.092271549
130.162,0.092271516
130.165,0.092271482
130.168,0.092271448
130.172,0.092271413
130.175,0.092271379
130.178,0.092271345
130.181,0.09227131
130.184,0.092271275
130.187,0.09227124
130.19,0.092271205
130.193,0.092271171
130.196,0.092271136
130.2,0.092271101
130.203,0.092271066
130.206,0.092271031
130.209,0.092270996
130.212,0.092270961
130.215,0.092270926
130.218,0.092270891
130.221,0.092270856
130.225,0.092270821
130.228,0.092270786
130.231,0.092270751
130.234,0.092270716
130.237,0.09227068
130.24,0.092270645
130.243,0.09227061
130.246,0.092270574
130.249,0.092270539
130.253,0.092270503
130.256,0.092270467
130.259,0.092270432
130.262,0.092270396
130.265,0.09227036
130.268,0.092270324
130.271,0.092270288
130.274,0.092270252
130.278,0.092270216
130.281,0.09227018
130.284,0.092270144
130.287,0.092270108
130.29,0.092270072
130.293,0.092270036
130.296,0.09227
130.299,0.092269965
130.302,0.092269929
130.306,0.092269894
130.309,0.092269859
130.312,0.092269824
130.315,0.092269789
130.318,0.092269754
130.321,0.092269719
130.324,0.092269685
130.327,0.092269651
130.331,0.092269617
130.334,0.092269583
130.337,0.092269549
130.34,0.092269516
130.343,0.092269482
130.346,0.092269449
130.349,0.092269416
130.352,0.092269383
130.355,0.09226935
130.359,0.092269318
130.362,0.092269286
130.365,0.092269254
130.368,0.092269222
130.371,0.09226919
130.374,0.092269158
130.377,0.092269127
130.38,0.092269096
130.384,0.092269065
130.387,0.092269034
130.39,0.092269003
130.393,0.092268972
130.396,0.092268942
130.399,0.092268911
130.402,0.092268881
130.405,0.092268851
130.408,0.092268822
130.412,0.092268792
130.415,0.092268763
130.418,0.092268733
130.421,0.092268704
130.424,0.092268675
130.427,0.092268647
130.43,0.092268618
130.433,0.09226859
130.437,0.092268562
130.44,0.092268534
130.443,0.092268506
130.446,0.092268478
130.449,0.09226845
130.452,0.092268423
130.455,0.092268395
130.458,0.092268368
130.461,0.09226834
130.465,0.092268313
130.468,0.092268286
130.471,0.092268259
130.474,0.092268232
130.477,0.092268206
130.48,0.09226818
130.483,0.092268154
130.486,0.092268128
130.49,0.092268103
130.493,0.092268078
130.496,0.092268054
130.499,0.09226803
130.502,0.092268007
130.505,0.092267984
130.508,0.092267962
130.511,0.09226794
130.514,0.09226792
130.518,0.0922679
130.521,0.09226788
130.524,0.092267861
130.527,0.092267843
130.53,0.092267826
130.533,0.092267809
130.536,0.092267793
130.539,0.092267778
130.543,0.092267763
130.546,0.092267749
130.549,0.092267736
130.552,0.092267723
130.555,0.09226771
130.558,0.092267698
130.561,0.092267687
130.564,0.092267675
130.568,0.092267664
130.571,0.092267654
130.574,0.092267643
130.577,0.092267633
130.58,0.092267623
130.583,0.092267613
130.586,0.092267604
130.589,0.092267594
130.592,0.092267584
130.596,0.092267574
130.599,0.092267564
130.602,0.092267555
130.605,0.092267544
130.608,0.092267534
130.611,0.092267524
130.614,0.092267513
130.617,0.092267502
130.621,0.09226749
130.624,0.092267479
130.627,0.092267467
130.63,0.092267455
130.633,0.092267443
130.636,0.09226743
130.639,0.092267418
130.642,0.092267405
130.645,0.092267392
130.649,0.092267379
130.652,0.092267366
130.655,0.092267353
130.658,0.092267339
130.661,0.092267326
130.664,0.092267313
130.667,0.0922673
130.67,0.092267287
130.674,0.092267274
130.677,0.092267262
130.68,0.092267249
130.683,0.092267237
130.686,0.092267225
130.689,0.092267213
130.692,0.092267201
130.695,0.09226719
130.698,0.092267179
130.702,0.092267168
130.705,0.092267157
130.708,0.092267146
130.711,0.092267136
130.714,0.092267126
130.717,0.092267116
130.72,0.092267106
130.723,0.092267097
130.727,0.092267087
130.73,0.092267078
130.733,0.092267068
130.736,0.092267059
130.739,0.092267049
130.742,0.092267039
130.745,0.09226703
130.748,0.09226702
130.751,0.092267009
130.755,0.092266999
130.758,0.092266988
130.761,0.092266977
130.764,0.092266966
130.767,0.092266954
130.77,0.092266942
130.773,0.09226693
130.776,0.092266917
130.78,0.092266904
130.783,0.09226689
130.786,0.092266876
130.789,0.092266861
130.792,0.092266847
130.795,0.092266831
130.798,0.092266816
130.801,0.0922668
130.804,0.092266785
130.808,0.092266769
130.811,0.092266753
130.814,0.092266736
130.817,0.09226672
130.82,0.092266704
130.823,0.092266687
130.826,0.092266671
130.829,0.092266655
130.833,0.092266638
130.836,0.092266622
130.839,0.092266606
130.842,0.09226659
130.845,0.092266574
130.848,0.092266558
130.851,0.092266542
130.854,0.092266526
130.857,0.092266511
130.861,0.092266495
130.864,0.09226648
130.867,0.092266465
130.87,0.09226645
130.873,0.092266435
130.876,0.092266421
130.879,0.092266406
130.882,0.092266392
130.886,0.092266378
130.889,0.092266364
130.892,0.09226635
130.895,0.092266336
130.898,0.092266322
130.901,0.092266308
130.904,0.092266294
130.907,0.09226628
130.911,0.092266266
130.914,0.092266251
130.917,0.092266237
130.92,0.092266222
130.923,0.092266207
130.926,0.092266192
130.929,0.092266176
130.932,0.09226616
130.935,0.092266144
130.939,0.092266128
130.942,0.092266111
130.945,0.092266095
130.948,0.092266078
130.951,0.09226606
130.954,0.092266043
130.957,0.092266026
130.96,0.092266008
130.964,0.092265991
130.967,0.092265974
130.97,0.092265956
130.973,0.092265939
130.976,0.092265922
130.979,0.092265904
130.982,0.092265887
130.985,0.09226587
130.988,0.092265853
130.992,0.092265836
130.995,0.092265819
130.998,0.092265802
131.001,0.092265786
131.004,0.092265769
131.007,0.092265753
131.01,0.092265736
131.013,0.09226572
131.017,0.092265703
131.02,0.092265687
131.023,0.092265671
131.026,0.092265655
131.029,0.09226564
131.032,0.092265624
131.035,0.092265609
131.038,0.092265594
131.041,0.09226558
131.045,0.092265565
131.048,0.092265551
131.051,0.092265537
131.054,0.092265523
131.057,0.092265509
131.06,0.092265496
131.063,0.092265482
131.066,0.092265468
131.07,0.092265455
131.073,0.092265441
131.076,0.092265427
131.079,0.092265413
131.082,0.092265399
131.085,0.092265384
131.088,0.09226537
131.091,0.092265355
131.094,0.09226534
131.098,0.092265325
131.101,0.092265311
131.104,0.092265296
131.107,0.092265281
131.11,0.092265266
131.113,0.092265252
131.116,0.092265238
131.119,0.092265224
131.123,0.092265211
131.126,0.092265199
131.129,0.092265186
131.132,0.092265175
131.135,0.092265164
131.138,0.092265153
131.141,0.092265144
131.144,0.092265135
131.147,0.092265126
131.151,0.092265118
131.154,0.092265111
131.157,0.092265105
131.16,0.092265099
131.163,0.092265093
131.166,0.092265088
131.169,0.092265084
131.172,0.092265079
131.176,0.092265075
131.179,0.092265071
131.182,0.092265068
131.185,0.092265064
131.188,0.092265061
131.191,0.092265057
131.194,0.092265054
131.197,0.092265051
131.2,0.092265048
131.204,0.092265045
131.207,0.092265042
131.21,0.092265039
131.213,0.092265036
131.216,0.092265033
131.219,0.09226503
131.222,0.092265027
131.225,0.092265025
131.229,0.092265022
131.232,0.092265019
131.235,0.092265017
131.238,0.092265014
131.241,0.092265012
131.244,0.09226501
131.247,0.092265008
131.25,0.092265006
131.254,0.092265004
131.257,0.092265002
131.26,0.092265001
131.263,0.092265
131.266,0.092264999
131.269,0.092264998
131.272,0.092264998
131.275,0.092264997
131.278,0.092264997
131.282,0.092264997
131.285,0.092264997
131.288,0.092264997
131.291,0.092264997
131.294,0.092264997
131.297,0.092264997
131.3,0.092264997
131.303,0.092264997
131.307,0.092264996
131.31,0.092264996
131.313,0.092264994
131.316,0.092264993
131.319,0.092264991
131.322,0.092264989
131.325,0.092264987
131.328,0.092264985
131.331,0.092264982
131.335,0.09226498
131.338,0.092264977
131.341,0.092264974
131.344,0.092264971
131.347,0.092264968
131.35,0.092264966
131.353,0.092264963
131.356,0.09226496
131.36,0.092264958
131.363,0.092264956
131.366,0.092264954
131.369,0.092264952
131.372,0.09226495
131.375,0.092264949
131.378,0.092264948
131.381,0.092264947
131.384,0.092264947
131.388,0.092264946
131.391,0.092264946
131.394,0.092264946
131.397,0.092264946
131.4,0.092264946
131.403,0.092264947
131.406,0.092264947
131.409,0.092264948
131.413,0.092264948
131.416,0.092264948
131.419,0.092264949
131.422,0.092264949
131.425,0.092264949
131.428,0.092264948
131.431,0.092264947
131.434,0.092264946
131.437,0.092264945
131.441,0.092264943
131.444,0.09226494
131.447,0.092264938
131.45,0.092264934
131.453,0.092264931
131.456,0.092264927
131.459,0.092264922
131.462,0.092264918
131.466,0.092264913
131.469,0.092264908
131.472,0.092264902
131.475,0.092264897
131.478,0.092264891
131.481,0.092264885
131.484,0.092264879
131.487,0.092264873
131.49,0.092264867
131.494,0.092264861
131.497,0.092264854
131.5,0.092264848
131.503,0.092264842
131.506,0.092264837
131.509,0.092264831
131.512,0.092264826
131.515,0.092264821
131.519,0.092264816
131.522,0.092264812
131.525,0.092264808
131.528,0.092264804
131.531,0.0922648
131.534,0.092264797
131.537,0.092264794
131.54,0.092264791
131.543,0.092264788
131.547,0.092264785
131.55,0.092264783
131.553,0.09226478
131.556,0.092264777
131.559,0.092264774
131.562,0.092264771
131.565,0.092264768
131.568,0.092264765
131.572,0.092264762
131.575,0.092264759
131.578,0.092264756
131.581,0.092264752
131.584,0.092264749
131.587,0.092264746
131.59,0.092264743
131.593,0.092264741
131.597,0.092264738
131.6,0.092264736
131.603,0.092264735
131.606,0.092264734
131.609,0.092264733
131.612,0.092264733
131.615,0.092264733
131.618,0.092264734
131.621,0.092264735
131.625,0.092264737
131.628,0.09226474
131.631,0.092264743
131.634,0.092264747
131.637,0.092264751
131.64,0.092264756
131.643,0.092264762
131.646,0.092264768
131.65,0.092264774
131.653,0.092264781
131.656,0.092264788
131.659,0.092264795
131.662,0.092264802
131.665,0.09226481
131.668,0.092264817
131.671,0.092264825
131.674,0.092264832
131.678,0.092264839
131.681,0.092264846
131.684,0.092264853
131.687,0.09226486
131.69,0.092264866
131.693,0.092264873
131.696,0.092264879
131.699,0.092264885
131.703,0.092264891
131.706,0.092264896
131.709,0.092264902
131.712,0.092264907
131.715,0.092264913
131.718,0.092264918
131.721,0.092264924
131.724,0.092264929
131.727,0.092264935
131.731,0.092264941
131.734,0.092264947
131.737,0.092264953
131.74,0.09226496
131.743,0.092264967
131.746,0.092264974
131.749,0.092264981
131.752,0.092264988
131.756,0.092264996
131.759,0.092265004
131.762,0.092265011
131.765,0.092265019
131.768,0.092265027
131.771,0.092265035
131.774,0.092265044
131.777,0.092265051
131.78,0.092265059
131.784,0.092265067
131.787,0.092265074
131.79,0.092265082
131.793,0.092265089
131.796,0.092265096
131.799,0.092265103
131.802,0.09226511
131.805,0.092265117
131.809,0.092265123
131.812,0.09226513
131.815,0.092265137
131.818,0.092265143
131.821,0.09226515
131.824,0.092265157
131.827,0.092265164
131.83,0.092265171
131.833,0.092265178
131.837,0.092265185
131.84,0.092265192
131.843,0.0922652
131.846,0.092265207
131.849,0.092265215
131.852,0.092265222
131.855,0.09226523
131.858,0.092265238
131.862,0.092265246
131.865,0.092265254
131.868,0.092265263
131.871,0.092265271
131.874,0.092265279
131.877,0.092265288
131.88,0.092265296
131.883,0.092265304
131.886,0.092265313
131.89,0.092265321
131.893,0.092265329
131.896,0.092265337
131.899,0.092265344
131.902,0.092265351
131.905,0.092265358
131.908,0.092265365
131.911,0.09226537
131.915,0.092265376
131.918,0.092265381
131.921,0.092265386
131.924,0.09226539
131.927,0.092265393
131.93,0.092265397
131.933,0.092265399
131.936,0.092265402
131.94,0.092265404
131.943,0.092265407
131.946,0.092265409
131.949,0.092265411
131.952,0.092265413
131.955,0.092265416
131.958,0.092265418
131.961,0.092265421
131.964,0.092265425
131.968,0.092265428
131.971,0.092265432
131.974,0.092265436
131.977,0.09226544
131.98,0.092265445
131.983,0.092265449
131.986,0.092265453
131.989,0.092265457
131.993,0.09226546
131.996,0.092265464
131.999,0.092265466
132.002,0.092265469
132.005,0.09226547
132.008,0.092265472
132.011,0.092265472
132.014,0.092265472
132.017,0.092265472
132.021,0.092265471
132.024,0.092265469
132.027,0.092265467
132.03,0.092265465
132.033,0.092265462
132.036,0.092265459
132.039,0.092265456
132.042,0.092265453
132.046,0.092265449
132.049,0.092265445
132.052,0.092265441
132.055,0.092265436
132.058,0.092265431
132.061,0.092265425
132.064,0.092265419
132.067,0.092265412
132.07,0.092265404
132.074,0.092265394
132.077,0.092265384
132.08,0.092265372
132.083,0.09226536
132.086,0.092265345
132.089,0.09226533
132.092,0.092265314
132.095,0.092265297
132.099,0.092265279
132.102,0.09226526
132.105,0.092265241
132.108,0.092265221
132.111,0.092265202
132.114,0.092265183
132.117,0.092265164
132.12,0.092265146
132.123,0.092265129
132.127,0.092265113
132.13,0.092265097
132.133,0.092265083
132.136,0.09226507
132.139,0.092265058
132.142,0.092265047
132.145,0.092265037
132.148,0.092265028
132.152,0.09226502
132.155,0.092265014
132.158,0.092265008
132.161,0.092265004
132.164,0.092265
132.167,0.092264998
132.17,0.092264997
132.173,0.092264997
132.176,0.092264999
132.18,0.092265002
132.183,0.092265006
132.186,0.092265012
132.189,0.09226502
132.192,0.092265029
132.195,0.092265039
132.198,0.092265051
132.201,0.092265063
132.205,0.092265077
132.208,0.092265091
132.211,0.092265107
132.214,0.092265122
132.217,0.092265138
132.22,0.092265154
132.223,0.092265169
132.226,0.092265184
132.229,0.092265199
132.233,0.092265213
132.236,0.092265227
132.239,0.09226524
132.242,0.092265252
132.245,0.092265264
132.248,0.092265275
132.251,0.092265286
132.254,0.092265296
132.258,0.092265306
132.261,0.092265315
132.264,0.092265324
132.267,0.092265333
132.27,0.092265341
132.273,0.092265349
132.276,0.092265358
132.279,0.092265365
132.283,0.092265373
132.286,0.092265381
132.289,0.092265388
132.292,0.092265395
132.295,0.092265403
132.298,0.09226541
132.301,0.092265418
132.304,0.092265425
132.307,0.092265434
132.311,0.092265442
132.314,0.092265451
132.317,0.092265461
132.32,0.092265472
132.323,0.092265483
132.326,0.092265494
132.329,0.092265507
132.332,0.09226552
132.336,0.092265534
132.339,0.092265549
132.342,0.092265563
132.345,0.092265579
132.348,0.092265594
132.351,0.09226561
132.354,0.092265625
132.357,0.092265641
132.36,0.092265656
132.364,0.09226567
132.367,0.092265684
132.37,0.092265697
132.373,0.09226571
132.376,0.092265721
132.379,0.092265732
132.382,0.092265741
132.385,0.09226575
132.389,0.092265757
132.392,0.092265763
132.395,0.092265768
132.398,0.092265773
132.401,0.092265776
132.404,0.092265778
132.407,0.09226578
132.41,0.092265781
132.413,0.092265781
132.417,0.092265781
132.42,0.092265781
132.423,0.092265781
132.426,0.092265782
132.429,0.092265782
132.432,0.092265783
132.435,0.092265785
132.438,0.092265787
132.442,0.09226579
132.445,0.092265794
132.448,0.092265799
132.451,0.092265805
132.454,0.092265812
132.457,0.09226582
132.46,0.092265828
132.463,0.092265837
132.466,0.092265847
132.47,0.092265856
132.473,0.092265866
132.476,0.092265876
132.479,0.092265886
132.482,0.092265895
132.485,0.092265904
132.488,0.092265913
132.491,0.09226592
132.495,0.092265927
132.498,0.092265933
132.501,0.092265938
132.504,0.092265942
132.507,0.092265945
132.51,0.092265947
132.513,0.092265948
132.516,0.092265948
132.519,0.092265948
132.523,0.092265947
132.526,0.092265946
132.529,0.092265945
132.532,0.092265944
132.535,0.092265942
132.538,0.092265941
132.541,0.092265941
132.544,0.09226594
132.548,0.092265941
132.551,0.092265942
132.554,0.092265944
132.557,0.092265947
132.56,0.092265951
132.563,0.092265956
132.566,0.092265962
132.569,0.092265969
132.572,0.092265977
132.576,0.092265985
132.579,0.092265995
132.582,0.092266005
132.585,0.092266015
132.588,0.092266025
132.591,0.092266036
132.594,0.092266046
132.597,0.092266055
132.601,0.092266064
132.604,0.092266072
132.607,0.09226608
132.61,0.092266086
132.613,0.092266091
132.616,0.092266096
132.619,0.092266099
132.622,0.092266102
132.626,0.092266103
132.629,0.092266104
132.632,0.092266104
132.635,0.092266104
132.638,0.092266104
132.641,0.092266104
132.644,0.092266104
132.647,0.092266104
132.65,0.092266105
132.654,0.092266106
132.657,0.092266109
132.66,0.092266112
132.663,0.092266116
132.666,0.092266122
132.669,0.092266128
132.672,0.092266136
132.675,0.092266144
132.679,0.092266153
132.682,0.092266162
132.685,0.092266172
132.688,0.092266182
132.691,0.092266192
132.694,0.092266202
132.697,0.092266211
132.7,0.092266219
132.703,0.092266227
132.707,0.092266234
132.71,0.09226624
132.713,0.092266246
132.716,0.09226625
132.719,0.092266254
132.722,0.092266257
132.725,0.092266259
132.728,0.092266261
132.732,0.092266262
132.735,0.092266263
132.738,0.092266264
132.741,0.092266266
132.744,0.092266267
132.747,0.09226627
132.75,0.092266273
132.753,0.092266276
132.756,0.092266281
132.76,0.092266286
132.763,0.092266293
132.766,0.0922663
132.769,0.092266309
132.772,0.092266318
132.775,0.092266328
132.778,0.092266338
132.781,0.092266348
132.785,0.092266359
132.788,0.092266369
132.791,0.092266379
132.794,0.092266388
132.797,0.092266397
132.8,0.092266405
132.803,0.092266412
132.806,0.092266419
132.809,0.092266424
132.813,0.092266429
132.816,0.092266433
132.819,0.092266436
132.822,0.092266439
132.825,0.092266441
132.828,0.092266444
132.831,0.092266446
132.834,0.092266449
132.838,0.092266452
132.841,0.092266455
132.844,0.09226646
132.847,0.092266465
132.85,0.092266471
132.853,0.092266478
132.856,0.092266486
132.859,0.092266494
132.862,0.092266504
132.866,0.092266514
132.869,0.092266525
132.872,0.092266535
132.875,0.092266546
132.878,0.092266557
132.881,0.092266568
132.884,0.092266578
132.887,0.092266588
132.891,0.092266597
132.894,0.092266605
132.897,0.092266613
132.9,0.09226662
132.903,0.092266626
132.906,0.092266632
132.909,0.092266637
132.912,0.092266642
132.915,0.092266646
132.919,0.092266651
132.922,0.092266656
132.925,0.092266661
132.928,0.092266667
132.931,0.092266673
132.934,0.092266681
132.937,0.092266689
132.94,0.092266699
132.944,0.092266709
132.947,0.092266721
132.95,0.092266733
132.953,0.092266747
132.956,0.092266761
132.959,0.092266776
132.962,0.092266791
132.965,0.092266806
132.969,0.092266822
132.972,0.092266837
132.975,0.092266852
132.978,0.092266867
132.981,0.092266882
132.984,0.092266896
132.987,0.092266909
132.99,0.092266922
132.993,0.092266935
132.997,0.092266947
133,0.092266959
133.003,0.092266971
133.006,0.092266983
133.009,0.092266996
133.012,0.092267008
133.015,0.092267021
133.018,0.092267035
133.022,0.09226705
133.025,0.092267066
133.028,0.092267082
133.031,0.0922671
133.034,0.092267119
133.037,0.092267139
133.04,0.09226716
133.043,0.092267182
133.046,0.092267204
133.05,0.092267227
133.053,0.092267251
133.056,0.092267274
133.059,0.092267298
133.062,0.092267321
133.065,0.092267344
133.068,0.092267366
133.071,0.092267388
133.075,0.092267409
133.078,0.09226743
133.081,0.09226745
133.084,0.092267469
133.087,0.092267487
133.09,0.092267506
133.093,0.092267524
133.096,0.092267541
133.099,0.092267559
133.103,0.092267577
133.106,0.092267595
133.109,0.092267613
133.112,0.092267632
133.115,0.092267652
133.118,0.092267672
133.121,0.092267693
133.124,0.092267715
133.128,0.092267737
133.131,0.09226776
133.134,0.092267784
133.137,0.092267808
133.14,0.092267832
133.143,0.092267856
133.146,0.09226788
133.149,0.092267903
133.152,0.092267926
133.156,0.092267948
133.159,0.09226797
133.162,0.09226799
133.165,0.09226801
133.168,0.092268028
133.171,0.092268046
133.174,0.092268063
133.177,0.092268079
133.181,0.092268095
133.184,0.09226811
133.187,0.092268125
133.19,0.09226814
133.193,0.092268156
133.196,0.092268171
133.199,0.092268187
133.202,0.092268204
133.205,0.092268221
133.209,0.092268238
133.212,0.092268257
133.215,0.092268275
133.218,0.092268295
133.221,0.092268315
133.224,0.092268334
133.227,0.092268354
133.23,0.092268374
133.234,0.092268393
133.237,0.092268412
133.24,0.09226843
133.243,0.092268448
133.246,0.092268465
133.249,0.092268481
133.252,0.092268497
133.255,0.092268512
133.258,0.092268527
133.262,0.092268541
133.265,0.092268555
133.268,0.092268569
133.271,0.092268584
133.274,0.092268598
133.277,0.092268614
133.28,0.09226863
133.283,0.092268646
133.287,0.092268664
133.29,0.092268682
133.293,0.092268701
133.296,0.092268721
133.299,0.092268742
133.302,0.092268764
133.305,0.092268786
133.308,0.092268808
133.312,0.09226883
133.315,0.092268853
133.318,0.092268875
133.321,0.092268897
133.324,0.092268918
133.327,0.092268938
133.33,0.092268958
133.333,0.092268978
133.336,0.092268997
133.34,0.092269016
133.343,0.092269034
133.346,0.092269053
133.349,0.092269071
133.352,0.09226909
133.355,0.092269109
133.358,0.092269128
133.361,0.092269148
133.365,0.092269169
133.368,0.092269191
133.371,0.092269213
133.374,0.092269236
133.377,0.09226926
133.38,0.092269283
133.383,0.092269307
133.386,0.092269332
133.389,0.092269356
133.393,0.092269379
133.396,0.092269403
133.399,0.092269426
133.402,0.092269448
133.405,0.092269469
133.408,0.09226949
133.411,0.09226951
133.414,0.09226953
133.418,0.09226955
133.421,0.092269569
133.424,0.092269588
133.427,0.092269608
133.43,0.092269628
133.433,0.092269648
133.436,0.092269669
133.439,0.092269691
133.442,0.092269714
133.446,0.092269738
133.449,0.092269762
133.452,0.092269788
133.455,0.092269815
133.458,0.092269842
133.461,0.092269869
133.464,0.092269897
133.467,0.092269925
133.471,0.092269953
133.474,0.092269981
133.477,0.092270008
133.48,0.092270035
133.483,0.092270061
133.486,0.092270087
133.489,0.092270113
133.492,0.092270138
133.495,0.092270162
133.499,0.092270186
133.502,0.092270211
133.505,0.092270235
133.508,0.092270259
133.511,0.092270284
133.514,0.09227031
133.517,0.092270336
133.52,0.092270363
133.524,0.092270391
133.527,0.09227042
133.53,0.092270449
133.533,0.092270479
133.536,0.09227051
133.539,0.092270541
133.542,0.092270572
133.545,0.092270603
133.548,0.092270634
133.552,0.092270665
133.555,0.092270695
133.558,0.092270724
133.561,0.092270753
133.564,0.092270781
133.567,0.092270808
133.57,0.092270835
133.573,0.092270861
133.577,0.092270886
133.58,0.092270912
133.583,0.092270937
133.586,0.092270962
133.589,0.092270988
133.592,0.092271014
133.595,0.09227104
133.598,0.092271066
133.601,0.092271093
133.605,0.092271121
133.608,0.092271148
133.611,0.092271176
133.614,0.092271204
133.617,0.092271232
133.62,0.092271259
133.623,0.092271286
133.626,0.092271312
133.63,0.092271338
133.633,0.092271363
133.636,0.092271386
133.639,0.09227141
133.642,0.092271432
133.645,0.092271454
133.648,0.092271476
133.651,0.092271497
133.655,0.092271518
133.658,0.092271539
133.661,0.092271561
133.664,0.092271583
133.667,0.092271605
133.67,0.092271629
133.673,0.092271653
133.676,0.092271678
133.679,0.092271705
133.683,0.092271732
133.686,0.092271759
133.689,0.092271788
133.692,0.092271817
133.695,0.092271846
133.698,0.092271875
133.701,0.092271904
133.704,0.092271933
133.708,0.092271961
133.711,0.092271989
133.714,0.092272017
133.717,0.092272044
133.72,0.092272071
133.723,0.092272098
133.726,0.092272125
133.729,0.092272152
133.732,0.092272179
133.736,0.092272206
133.739,0.092272234
133.742,0.092272263
133.745,0.092272292
133.748,0.092272322
133.751,0.092272352
133.754,0.092272383
133.757,0.092272415
133.761,0.092272447
133.764,0.092272479
133.767,0.092272511
133.77,0.092272543
133.773,0.092272575
133.776,0.092272606
133.779,0.092272637
133.782,0.092272667
133.785,0.092272696
133.789,0.092272724
133.792,0.092272752
133.795,0.092272779
133.798,0.092272806
133.801,0.092272832
133.804,0.092272859
133.807,0.092272885
133.81,0.092272912
133.814,0.092272939
133.817,0.092272966
133.82,0.092272995
133.823,0.092273024
133.826,0.092273053
133.829,0.092273084
133.832,0.092273115
133.835,0.092273147
133.838,0.092273178
133.842,0.09227321
133.845,0.092273243
133.848,0.092273274
133.851,0.092273306
133.854,0.092273337
133.857,0.092273368
133.86,0.092273398
133.863,0.092273427
133.867,0.092273456
133.87,0.092273484
133.873,0.092273512
133.876,0.09227354
133.879,0.092273568
133.882,0.092273597
133.885,0.092273625
133.888,0.092273654
133.891,0.092273684
133.895,0.092273715
133.898,0.092273746
133.901,0.092273778
133.904,0.092273811
133.907,0.092273845
133.91,0.092273879
133.913,0.092273914
133.916,0.092273949
133.92,0.092273983
133.923,0.092274018
133.926,0.092274052
133.929,0.092274085
133.932,0.092274118
133.935,0.09227415
133.938,0.092274181
133.941,0.092274212
133.944,0.092274242
133.948,0.092274272
133.951,0.092274302
133.954,0.092274331
133.957,0.092274361
133.96,0.092274391
133.963,0.092274421
133.966,0.092274453
133.969,0.092274484
133.973,0.092274517
133.976,0.092274549
133.979,0.092274583
133.982,0.092274617
133.985,0.09227465
133.988,0.092274684
133.991,0.092274718
133.994,0.092274752
133.998,0.092274785
134.001,0.092274818
134.004,0.09227485
134.007,0.092274882
134.01,0.092274913
134.013,0.092274945
134.016,0.092274975
134.019,0.092275006
134.022,0.092275037
134.026,0.092275069
134.029,0.092275101
134.032,0.092275133
134.035,0.092275167
134.038,0.092275202
134.041,0.092275238
134.044,0.092275275
134.047,0.092275312
134.051,0.092275351
134.054,0.092275391
134.057,0.092275431
134.06,0.092275472
134.063,0.092275512
134.066,0.092275553
134.069,0.092275594
134.072,0.092275634
134.075,0.092275674
134.079,0.092275713
134.082,0.092275751
134.085,0.092275789
134.088,0.092275827
134.091,0.092275865
134.094,0.092275902
134.097,0.092275939
134.1,0.092275977
134.104,0.092276015
134.107,0.092276054
134.11,0.092276093
134.113,0.092276132
134.116,0.092276173
134.119,0.092276214
134.122,0.092276255
134.125,0.092276297
134.128,0.092276339
134.132,0.092276381
134.135,0.092276423
134.138,0.092276464
134.141,0.092276504
134.144,0.092276544
134.147,0.092276583
134.15,0.092276621
134.153,0.092276658
134.157,0.092276695
134.16,0.09227673
134.163,0.092276765
134.166,0.0922768
134.169,0.092276835
134.172,0.092276869
134.175,0.092276904
134.178,0.09227694
134.181,0.092276975
134.185,0.092277012
134.188,0.092277049
134.191,0.092277087
134.194,0.092277125
134.197,0.092277163
134.2,0.092277202
134.203,0.092277241
134.206,0.09227728
134.21,0.092277318
134.213,0.092277357
134.216,0.092277395
134.219,0.092277432
134.222,0.092277469
134.225,0.092277505
134.228,0.092277542
134.231,0.092277578
134.234,0.092277614
134.238,0.09227765
134.241,0.092277687
134.244,0.092277724
134.247,0.092277761
134.25,0.0922778
134.253,0.092277839
134.256,0.092277878
134.259,0.092277919
134.263,0.092277959
134.266,0.092278
134.269,0.092278042
134.272,0.092278083
134.275,0.092278124
134.278,0.092278164
134.281,0.092278204
134.284,0.092278243
134.287,0.092278282
134.291,0.092278319
134.294,0.092278356
134.297,0.092278393
134.3,0.092278429
134.303,0.092278464
134.306,0.0922785
134.309,0.092278535
134.312,0.092278572
134.316,0.092278608
134.319,0.092278645
134.322,0.092278683
134.325,0.092278722
134.328,0.092278762
134.331,0.092278803
134.334,0.092278844
134.337,0.092278887
134.341,0.092278929
134.344,0.092278972
134.347,0.092279016
134.35,0.092279059
134.353,0.092279102
134.356,0.092279145
134.359,0.092279187
134.362,0.09227923
134.365,0.092279272
134.369,0.092279313
134.372,0.092279355
134.375,0.092279397
134.378,0.092279439
134.381,0.092279482
134.384,0.092279525
134.387,0.092279569
134.39,0.092279613
134.394,0.092279658
134.397,0.092279704
134.4,0.092279751
134.403,0.092279798
134.406,0.092279845
134.409,0.092279893
134.412,0.09227994
134.415,0.092279988
134.418,0.092280035
134.422,0.092280081
134.425,0.092280127
134.428,0.092280172
134.431,0.092280217
134.434,0.09228026
134.437,0.092280304
134.44,0.092280346
134.443,0.092280389
134.447,0.092280431
134.45,0.092280473
134.453,0.092280516
134.456,0.092280558
134.459,0.092280602
134.462,0.092280645
134.465,0.09228069
134.468,0.092280734
134.471,0.09228078
134.475,0.092280825
134.478,0.092280871
134.481,0.092280916
134.484,0.092280962
134.487,0.092281007
134.49,0.092281052
134.493,0.092281096
134.496,0.092281139
134.5,0.092281183
134.503,0.092281225
134.506,0.092281268
134.509,0.09228131
134.512,0.092281353
134.515,0.092281396
134.518,0.092281438
134.521,0.092281482
134.524,0.092281526
134.528,0.092281571
134.531,0.092281616
134.534,0.092281662
134.537,0.092281708
134.54,0.092281755
134.543,0.092281802
134.546,0.092281849
134.549,0.092281896
134.553,0.092281942
134.556,0.092281988
134.559,0.092282034
134.562,0.092282079
134.565,0.092282123
134.568,0.092282166
134.571,0.092282209
134.574,0.092282252
134.577,0.092282295
134.581,0.092282337
134.584,0.092282379
134.587,0.092282422
134.59,0.092282465
134.593,0.092282509
134.596,0.092282553
134.599,0.092282598
134.602,0.092282643
134.606,0.092282688
134.609,0.092282734
134.612,0.092282779
134.615,0.092282824
134.618,0.092282869
134.621,0.092282913
134.624,0.092282956
134.627,0.092282999
134.63,0.092283041
134.634,0.092283082
134.637,0.092283123
134.64,0.092283164
134.643,0.092283204
134.646,0.092283244
134.649,0.092283284
134.652,0.092283325
134.655,0.092283366
134.659,0.092283408
134.662,0.09228345
134.665,0.092283493
134.668,0.092283537
134.671,0.092283582
134.674,0.092283627
134.677,0.092283672
134.68,0.092283718
134.684,0.092283764
134.687,0.09228381
134.69,0.092283855
134.693,0.092283901
134.696,0.092283946
134.699,0.092283991
134.702,0.092284036
134.705,0.092284081
134.708,0.092284127
134.712,0.092284172
134.715,0.092284218
134.718,0.092284264
134.721,0.092284311
134.724,0.092284359
134.727,0.092284408
134.73,0.092284457
134.733,0.092284507
134.737,0.092284558
134.74,0.092284608
134.743,0.092284659
134.746,0.09228471
134.749,0.09228476
134.752,0.092284811
134.755,0.092284861
134.758,0.09228491
134.761,0.092284959
134.765,0.092285008
134.768,0.092285056
134.771,0.092285104
134.774,0.092285152
134.777,0.0922852
134.78,0.092285248
134.783,0.092285297
134.786,0.092285346
134.79,0.092285395
134.793,0.092285445
134.796,0.092285495
134.799,0.092285546
134.802,0.092285596
134.805,0.092285647
134.808,0.092285698
134.811,0.092285748
134.814,0.092285798
134.818,0.092285847
134.821,0.092285896
134.824,0.092285944
134.827,0.092285992
134.83,0.09228604
134.833,0.092286087
134.836,0.092286134
134.839,0.092286182
134.843,0.092286229
134.846,0.092286277
134.849,0.092286326
134.852,0.092286375
134.855,0.092286424
134.858,0.092286474
134.861,0.092286525
134.864,0.092286575
134.867,0.092286626
134.871,0.092286677
134.874,0.092286727
134.877,0.092286777
134.88,0.092286827
134.883,0.092286876
134.886,0.092286924
134.889,0.092286972
134.892,0.092287019
134.896,0.092287067
134.899,0.092287113
134.902,0.09228716
134.905,0.092287207
134.908,0.092287254
134.911,0.092287301
134.914,0.092287349
134.917,0.092287398
134.92,0.092287447
134.924,0.092287496
134.927,0.092287546
134.93,0.092287596
134.933,0.092287647
134.936,0.092287697
134.939,0.092287747
134.942,0.092287797
134.945,0.092287846
134.949,0.092287895
134.952,0.092287943
134.955,0.092287991
134.958,0.092288038
134.961,0.092288085
134.964,0.092288132
134.967,0.092288179
134.97,0.092288226
134.973,0.092288274
134.977,0.092288323
134.98,0.092288372
134.983,0.092288422
134.986,0.092288472
134.989,0.092288524
134.992,0.092288576
134.995,0.092288628
134.998,0.092288681
135.002,0.092288735
135.005,0.092288788
135.008,0.092288841
135.011,0.092288893
135.014,0.092288946
135.017,0.092288998
135.02,0.09228905
135.023,0.092289101
135.027,0.092289153
135.03,0.092289204
135.033,0.092289256
135.036,0.092289308
135.039,0.09228936
135.042,0.092289413
135.045,0.092289467
135.048,0.092289521
135.051,0.092289576
135.055,0.092289632
135.058,0.092289688
135.061,0.092289744
135.064,0.092289801
135.067,0.092289857
135.07,0.092289914
135.073,0.09228997
135.076,0.092290025
135.08,0.092290081
135.083,0.092290136
135.086,0.092290191
135.089,0.092290246
135.092,0.0922903
135.095,0.092290355
135.098,0.09229041
135.101,0.092290464
135.104,0.092290519
135.108,0.092290575
135.111,0.09229063
135.114,0.092290686
135.117,0.092290742
135.12,0.092290798
135.123,0.092290854
135.126,0.09229091
135.129,0.092290965
135.133,0.09229102
135.136,0.092291074
135.139,0.092291128
135.142,0.092291181
135.145,0.092291234
135.148,0.092291286
135.151,0.092291339
135.154,0.092291391
135.157,0.092291444
135.161,0.092291496
135.164,0.092291549
135.167,0.092291602
135.17,0.092291655
135.173,0.092291708
135.176,0.092291762
135.179,0.092291815
135.182,0.092291869
135.186,0.092291922
135.189,0.092291974
135.192,0.092292026
135.195,0.092292078
135.198,0.092292129
135.201,0.092292179
135.204,0.092292229
135.207,0.092292279
135.21,0.092292328
135.214,0.092292377
135.217,0.092292426
135.22,0.092292475
135.223,0.092292524
135.226,0.092292574
135.229,0.092292624
135.232,0.092292675
135.235,0.092292726
135.239,0.092292778
135.242,0.092292829
135.245,0.092292881
135.248,0.092292933
135.251,0.092292985
135.254,0.092293037
135.257,0.092293088
135.26,0.092293139
135.263,0.092293191
135.267,0.092293242
135.27,0.092293293
135.273,0.092293344
135.276,0.092293396
135.279,0.092293448
135.282,0.092293501
135.285,0.092293554
135.288,0.092293608
135.292,0.092293663
135.295,0.092293718
135.298,0.092293774
135.301,0.09229383
135.304,0.092293886
135.307,0.092293943
135.31,0.092293999
135.313,0.092294056
135.316,0.092294113
135.32,0.092294169
135.323,0.092294225
135.326,0.092294282
135.329,0.092294338
135.332,0.092294395
135.335,0.092294451
135.338,0.092294509
135.341,0.092294566
135.345,0.092294624
135.348,0.092294682
135.351,0.09229474
135.354,0.092294799
135.357,0.092294858
135.36,0.092294917
135.363,0.092294975
135.366,0.092295033
135.37,0.092295091
135.373,0.092295147
135.376,0.092295204
135.379,0.092295259
135.382,0.092295314
135.385,0.092295368
135.388,0.092295422
135.391,0.092295476
135.394,0.092295529
135.398,0.092295582
135.401,0.092295635
135.404,0.092295689
135.407,0.092295742
135.41,0.092295796
135.413,0.09229585
135.416,0.092295905
135.419,0.092295959
135.423,0.092296014
135.426,0.092296068
135.429,0.092296122
135.432,0.092296177
135.435,0.092296231
135.438,0.092296284
135.441,0.092296338
135.444,0.092296391
135.447,0.092296444
135.451,0.092296497
135.454,0.092296551
135.457,0.092296604
135.46,0.092296658
135.463,0.092296713
135.466,0.092296768
135.469,0.092296823
135.472,0.092296879
135.476,0.092296935
135.479,0.092296991
135.482,0.092297047
135.485,0.092297103
135.488,0.092297159
135.491,0.092297214
135.494,0.092297269
135.497,0.092297324
135.5,0.092297379
135.504,0.092297433
135.507,0.092297487
135.51,0.092297541
135.513,0.092297595
135.516,0.09229765
135.519,0.092297704
135.522,0.092297759
135.525,0.092297815
135.529,0.09229787
135.532,0.092297926
135.535,0.092297982
135.538,0.092298038
135.541,0.092298094
135.544,0.092298149
135.547,0.092298205
135.55,0.09229826
135.553,0.092298315
135.557,0.092298369
135.56,0.092298423
135.563,0.092298476
135.566,0.09229853
135.569,0.092298583
135.572,0.092298637
135.575,0.09229869
135.578,0.092298744
135.582,0.092298799
135.585,0.092298854
135.588,0.092298909
135.591,0.092298965
135.594,0.092299021
135.597,0.092299077
135.6,0.092299134
135.603,0.09229919
135.606,0.092299246
135.61,0.092299303
135.613,0.092299359
135.616,0.092299415
135.619,0.092299471
135.622,0.092299527
135.625,0.092299583
135.628,0.09229964
135.631,0.092299696
135.635,0.092299753
135.638,0.09229981
135.641,0.092299868
135.644,0.092299926
135.647,0.092299984
135.65,0.092300042
135.653,0.0923001
135.656,0.092300159
135.659,0.092300216
135.663,0.092300274
135.666,0.092300331
135.669,0.092300387
135.672,0.092300444
135.675,0.092300499
135.678,0.092300555
135.681,0.09230061
135.684,0.092300665
135.688,0.09230072
135.691,0.092300775
135.694,0.09230083
135.697,0.092300886
135.7,0.092300942
135.703,0.092300998
135.706,0.092301054
135.709,0.09230111
135.713,0.092301166
135.716,0.092301223
135.719,0.092301279
135.722,0.092301335
135.725,0.09230139
135.728,0.092301445
135.731,0.0923015
135.734,0.092301555
135.737,0.092301609
135.741,0.092301664
135.744,0.092301718
135.747,0.092301773
135.75,0.092301828
135.753,0.092301883
135.756,0.092301938
135.759,0.092301994
135.762,0.09230205
135.766,0.092302106
135.769,0.092302162
135.772,0.092302219
135.775,0.092302275
135.778,0.092302332
135.781,0.092302388
135.784,0.092302444
135.787,0.0923025
135.79,0.092302556
135.794,0.092302611
135.797,0.092302667
135.8,0.092302723
135.803,0.092302778
135.806,0.092302834
135.809,0.09230289
135.812,0.092302946
135.815,0.092303002
135.819,0.092303058
135.822,0.092303115
135.825,0.092303171
135.828,0.092303227
135.831,0.092303283
135.834,0.092303339
135.837,0.092303394
135.84,0.092303449
135.843,0.092303504
135.847,0.092303558
135.85,0.092303613
135.853,0.092303667
135.856,0.092303721
135.859,0.092303776
135.862,0.092303831
135.865,0.092303886
135.868,0.092303941
135.872,0.092303996
135.875,0.092304052
135.878,0.092304108
135.881,0.092304164
135.884,0.09230422
135.887,0.092304276
135.89,0.092304332
135.893,0.092304388
135.896,0.092304444
135.9,0.092304499
135.903,0.092304555
135.906,0.09230461
135.909,0.092304666
135.912,0.092304721
135.915,0.092304777
135.918,0.092304833
135.921,0.092304889
135.925,0.092304946
135.928,0.092305003
135.931,0.092305061
135.934,0.092305118
135.937,0.092305176
135.94,0.092305234
135.943,0.092305291
135.946,0.092305349
135.949,0.092305406
135.953,0.092305463
135.956,0.09230552
135.959,0.092305577
135.962,0.092305633
135.965,0.09230569
135.968,0.092305746
135.971,0.092305803
135.974,0.09230586
135.978,0.092305917
135.981,0.092305974
135.984,0.092306032
135.987,0.092306089
135.99,0.092306147
135.993,0.092306205
135.996,0.092306263
135.999,0.092306321
136.002,0.092306378
136.006,0.092306436
136.009,0.092306493
136.012,0.09230655
136.015,0.092306606
136.018,0.092306663
136.021,0.092306719
136.024,0.092306775
136.027,0.092306832
136.031,0.092306888
136.034,0.092306944
136.037,0.092307001
136.04,0.092307058
136.043,0.092307115
136.046,0.092307172
136.049,0.09230723
136.052,0.092307287
136.056,0.092307345
136.059,0.092307404
136.062,0.092307462
136.065,0.09230752
136.068,0.092307579
136.071,0.092307638
136.074,0.092307696
136.077,0.092307755
136.08,0.092307814
136.084,0.092307872
136.087,0.092307931
136.09,0.092307989
136.093,0.092308047
136.096,0.092308105
136.099,0.092308162
136.102,0.092308219
136.105,0.092308275
136.109,0.092308331
136.112,0.092308387
136.115,0.092308442
136.118,0.092308497
136.121,0.092308552
136.124,0.092308607
136.127,0.092308662
136.13,0.092308717
136.133,0.092308772
136.137,0.092308828
136.14,0.092308884
136.143,0.092308941
136.146,0.092308998
136.149,0.092309056
136.152,0.092309114
136.155,0.092309173
136.158,0.092309233
136.162,0.092309292
136.165,0.092309352
136.168,0.092309413
136.171,0.092309474
136.174,0.092309535
136.177,0.092309596
136.18,0.092309657
136.183,0.092309719
136.186,0.09230978
136.19,0.092309842
136.193,0.092309903
136.196,0.092309965
136.199,0.092310026
136.202,0.092310087
136.205,0.092310148
136.208,0.092310209
136.211,0.09231027
136.215,0.09231033
136.218,0.09231039
136.221,0.092310449
136.224,0.092310509
136.227,0.092310568
136.23,0.092310627
136.233,0.092310687
136.236,0.092310746
136.239,0.092310805
136.243,0.092310865
136.246,0.092310925
136.249,0.092310985
136.252,0.092311046
136.255,0.092311106
136.258,0.092311166
136.261,0.092311227
136.264,0.092311287
136.268,0.092311348
136.271,0.092311407
136.274,0.092311467
136.277,0.092311526
136.28,0.092311585
136.283,0.092311644
136.286,0.092311702
136.289,0.09231176
136.292,0.092311818
136.296,0.092311876
136.299,0.092311934
136.302,0.092311991
136.305,0.09231205
136.308,0.092312108
136.311,0.092312167
136.314,0.092312225
136.317,0.092312284
136.321,0.092312343
136.324,0.092312403
136.327,0.092312462
136.33,0.092312522
136.333,0.092312582
136.336,0.092312642
136.339,0.092312703
136.342,0.092312763
136.345,0.092312823
136.349,0.092312883
136.352,0.092312943
136.355,0.092313003
136.358,0.092313062
136.361,0.092313122
136.364,0.09231318
136.367,0.092313239
136.37,0.092313296
136.374,0.092313354
136.377,0.09231341
136.38,0.092313466
136.383,0.092313522
136.386,0.092313577
136.389,0.092313632
136.392,0.092313686
136.395,0.09231374
136.399,0.092313795
136.402,0.092313849
136.405,0.092313903
136.408,0.092313958
136.411,0.092314013
136.414,0.092314068
136.417,0.092314124
136.42,0.092314181
136.423,0.092314238
136.427,0.092314295
136.43,0.092314353
136.433,0.092314412
136.436,0.092314471
136.439,0.09231453
136.442,0.09231459
136.445,0.092314651
136.448,0.092314711
136.452,0.092314773
136.455,0.092314834
136.458,0.092314896
136.461,0.092314958
136.464,0.09231502
136.467,0.092315083
136.47,0.092315145
136.473,0.092315208
136.476,0.09231527
136.48,0.092315332
136.483,0.092315394
136.486,0.092315456
136.489,0.092315517
136.492,0.092315578
136.495,0.092315639
136.498,0.0923157
136.501,0.09231576
136.505,0.09231582
136.508,0.09231588
136.511,0.09231594
136.514,0.092316001
136.517,0.092316061
136.52,0.092316122
136.523,0.092316182
136.526,0.092316243
136.529,0.092316304
136.533,0.092316366
136.536,0.092316427
136.539,0.092316489
136.542,0.09231655
136.545,0.092316612
136.548,0.092316674
136.551,0.092316735
136.554,0.092316796
136.558,0.092316857
136.561,0.092316918
136.564,0.092316978
136.567,0.092317038
136.57,0.092317098
136.573,0.092317157
136.576,0.092317216
136.579,0.092317274
136.582,0.092317332
136.586,0.092317389
136.589,0.092317446
136.592,0.092317502
136.595,0.092317558
136.598,0.092317614
136.601,0.092317669
136.604,0.092317725
136.607,0.09231778
136.611,0.092317835
136.614,0.092317891
136.617,0.092317946
136.62,0.092318002
136.623,0.092318057
136.626,0.092318113
136.629,0.09231817
136.632,0.092318226
136.635,0.092318283
136.639,0.09231834
136.642,0.092318397
136.645,0.092318455
136.648,0.092318512
136.651,0.09231857
136.654,0.092318627
136.657,0.092318685
136.66,0.092318743
136.664,0.0923188
136.667,0.092318858
136.67,0.092318916
136.673,0.092318974
136.676,0.092319032
136.679,0.09231909
136.682,0.092319148
136.685,0.092319207
136.688,0.092319265
136.692,0.092319324
136.695,0.092319384
136.698,0.092319444
136.701,0.092319504
136.704,0.092319565
136.707,0.092319627
136.71,0.092319689
136.713,0.092319752
136.717,0.092319814
136.72,0.092319878
136.723,0.092319942
136.726,0.092320006
136.729,0.09232007
136.732,0.092320134
136.735,0.092320199
136.738,0.092320263
136.742,0.092320327
136.745,0.092320391
136.748,0.092320455
136.751,0.092320518
136.754,0.092320581
136.757,0.092320643
136.76,0.092320705
136.763,0.092320767
136.766,0.092320828
136.77,0.092320889
136.773,0.09232095
136.776,0.092321011
136.779,0.092321071
136.782,0.092321132
136.785,0.092321192
136.788,0.092321252
136.791,0.092321313
136.795,0.092321373
136.798,0.092321434
136.801,0.092321495
136.804,0.092321556
136.807,0.092321617
136.81,0.092321678
136.813,0.092321739
136.816,0.0923218
136.819,0.092321861
136.823,0.092321921
136.826,0.092321982
136.829,0.092322041
136.832,0.092322101
136.835,0.09232216
136.838,0.092322218
136.841,0.092322276
136.844,0.092322333
136.848,0.09232239
136.851,0.092322446
136.854,0.092322501
136.857,0.092322557
136.86,0.092322611
136.863,0.092322666
136.866,0.09232272
136.869,0.092322774
136.872,0.092322828
136.876,0.092322882
136.879,0.092322936
136.882,0.092322991
136.885,0.092323045
136.888,0.0923231
136.891,0.092323155
136.894,0.092323211
136.897,0.092323266
136.901,0.092323322
136.904,0.092323378
136.907,0.092323434
136.91,0.092323491
136.913,0.092323547
136.916,0.092323604
136.919,0.09232366
136.922,0.092323717
136.925,0.092323773
136.929,0.092323829
136.932,0.092323885
136.935,0.092323941
136.938,0.092323996
136.941,0.092324052
136.944,0.092324107
136.947,0.092324162
136.95,0.092324218
136.954,0.092324273
136.957,0.092324329
136.96,0.092324385
136.963,0.092324441
136.966,0.092324497
136.969,0.092324554
136.972,0.092324611
136.975,0.092324669
136.978,0.092324726
136.982,0.092324785
136.985,0.092324844
136.988,0.092324902
136.991,0.092324961
136.994,0.092325021
136.997,0.09232508
137,0.092325139
137.003,0.092325198
137.007,0.092325257
137.01,0.092325316
137.013,0.092325375
137.016,0.092325433
137.019,0.092325491
137.022,0.092325548
137.025,0.092325606
137.028,0.092325663
137.031,0.09232572
137.035,0.092325777
137.038,0.092325834
137.041,0.092325891
137.044,0.092325948
137.047,0.092326005
137.05,0.092326062
137.053,0.092326119
137.056,0.092326177
137.06,0.092326235
137.063,0.092326293
137.066,0.092326352
137.069,0.092326411
137.072,0.09232647
137.075,0.09232653
137.078,0.09232659
137.081,0.09232665
137.085,0.09232671
137.088,0.092326771
137.091,0.092326831
137.094,0.092326891
137.097,0.092326951
137.1,0.09232701
137.103,0.092327069
137.106,0.092327128
137.109,0.092327187
137.113,0.092327245
137.116,0.092327303
137.119,0.092327361
137.122,0.092327418
137.125,0.092327476
137.128,0.092327533
137.131,0.09232759
137.134,0.092327647
137.138,0.092327704
137.141,0.092327762
137.144,0.092327819
137.147,0.092327877
137.15,0.092327935
137.153,0.092327993
137.156,0.092328052
137.159,0.09232811
137.162,0.092328169
137.166,0.092328228
137.169,0.092328287
137.172,0.092328347
137.175,0.092328406
137.178,0.092328464
137.181,0.092328523
137.184,0.092328582
137.187,0.09232864
137.191,0.092328698
137.194,0.092328756
137.197,0.092328813
137.2,0.092328871
137.203,0.092328928
137.206,0.092328985
137.209,0.092329041
137.212,0.092329098
137.215,0.092329154
137.219,0.092329211
137.222,0.092329268
137.225,0.092329325
137.228,0.092329382
137.231,0.092329439
137.234,0.092329497
137.237,0.092329555
137.24,0.092329614
137.244,0.092329673
137.247,0.092329732
137.25,0.092329792
137.253,0.092329851
137.256,0.092329911
137.259,0.092329971
137.262,0.092330031
137.265,0.09233009
137.268,0.09233015
137.272,0.092330209
137.275,0.092330268
137.278,0.092330326
137.281,0.092330385
137.284,0.092330442
137.287,0.0923305
137.29,0.092330557
137.293,0.092330614
137.297,0.092330671
137.3,0.092330727
137.303,0.092330784
137.306,0.09233084
137.309,0.092330897
137.312,0.092330954
137.315,0.092331011
137.318,0.092331068
137.321,0.092331126
137.325,0.092331184
137.328,0.092331242
137.331,0.092331301
137.334,0.09233136
137.337,0.092331419
137.34,0.092331479
137.343,0.092331539
137.346,0.092331599
137.35,0.092331659
137.353,0.092331719
137.356,0.092331779
137.359,0.092331839
137.362,0.092331899
137.365,0.092331959
137.368,0.092332018
137.371,0.092332077
137.374,0.092332136
137.378,0.092332195
137.381,0.092332253
137.384,0.092332311
137.387,0.092332369
137.39,0.092332427
137.393,0.092332484
137.396,0.092332542
137.399,0.0923326
137.403,0.092332657
137.406,0.092332715
137.409,0.092332773
137.412,0.092332832
137.415,0.09233289
137.418,0.092332949
137.421,0.092333007
137.424,0.092333066
137.428,0.092333125
137.431,0.092333184
137.434,0.092333243
137.437,0.092333302
137.44,0.092333361
137.443,0.092333419
137.446,0.092333478
137.449,0.092333535
137.452,0.092333593
137.456,0.09233365
137.459,0.092333706
137.462,0.092333762
137.465,0.092333818
137.468,0.092333874
137.471,0.092333929
137.474,0.092333984
137.477,0.092334039
137.481,0.092334094
137.484,0.092334149
137.487,0.092334203
137.49,0.092334259
137.493,0.092334314
137.496,0.092334369
137.499,0.092334425
137.502,0.092334482
137.505,0.092334538
137.509,0.092334595
137.512,0.092334653
137.515,0.09233471
137.518,0.092334768
137.521,0.092334826
137.524,0.092334885
137.527,0.092334943
137.53,0.092335001
137.534,0.092335059
137.537,0.092335117
137.54,0.092335175
137.543,0.092335233
137.546,0.09233529
137.549,0.092335347
137.552,0.092335404
137.555,0.092335461
137.558,0.092335517
137.562,0.092335574
137.565,0.09233563
137.568,0.092335686
137.571,0.092335742
137.574,0.092335799
137.577,0.092335856
137.58,0.092335913
137.583,0.09233597
137.587,0.092336027
137.59,0.092336085
137.593,0.092336144
137.596,0.092336203
137.599,0.092336262
137.602,0.092336321
137.605,0.092336381
137.608,0.09233644
137.611,0.0923365
137.615,0.09233656
137.618,0.09233662
137.621,0.09233668
137.624,0.09233674
137.627,0.092336799
137.63,0.092336859
137.633,0.092336918
137.636,0.092336977
137.64,0.092337035
137.643,0.092337094
137.646,0.092337152
137.649,0.092337211
137.652,0.092337269
137.655,0.092337327
137.658,0.092337385
137.661,0.092337444
137.664,0.092337502
137.668,0.092337561
137.671,0.09233762
137.674,0.092337679
137.677,0.092337739
137.68,0.092337798
137.683,0.092337858
137.686,0.092337918
137.689,0.092337978
137.693,0.092338038
137.696,0.092338097
137.699,0.092338157
137.702,0.092338216
137.705,0.092338275
137.708,0.092338333
137.711,0.092338391
137.714,0.092338449
137.717,0.092338506
137.721,0.092338562
137.724,0.092338618
137.727,0.092338673
137.73,0.092338728
137.733,0.092338782
137.736,0.092338836
137.739,0.092338891
137.742,0.092338944
137.746,0.092338998
137.749,0.092339052
137.752,0.092339106
137.755,0.09233916
137.758,0.092339215
137.761,0.092339269
137.764,0.092339324
137.767,0.09233938
137.771,0.092339435
137.774,0.092339491
137.777,0.092339548
137.78,0.092339604
137.783,0.092339661
137.786,0.092339718
137.789,0.092339774
137.792,0.092339831
137.795,0.092339888
137.799,0.092339945
137.802,0.092340001
137.805,0.092340057
137.808,0.092340114
137.811,0.092340169
137.814,0.092340225
137.817,0.092340281
137.82,0.092340337
137.824,0.092340392
137.827,0.092340448
137.83,0.092340504
137.833,0.092340559
137.836,0.092340616
137.839,0.092340672
137.842,0.092340728
137.845,0.092340785
137.848,0.092340843
137.852,0.092340901
137.855,0.092340959
137.858,0.092341017
137.861,0.092341075
137.864,0.092341134
137.867,0.092341193
137.87,0.092341252
137.873,0.092341311
137.877,0.09234137
137.88,0.092341429
137.883,0.092341487
137.886,0.092341546
137.889,0.092341604
137.892,0.092341662
137.895,0.092341719
137.898,0.092341777
137.901,0.092341834
137.905,0.092341891
137.908,0.092341948
137.911,0.092342004
137.914,0.092342061
137.917,0.092342118
137.92,0.092342175
137.923,0.092342232
137.926,0.092342289
137.93,0.092342347
137.933,0.092342404
137.936,0.092342463
137.939,0.092342521
137.942,0.09234258
137.945,0.092342639
137.948,0.092342698
137.951,0.092342758
137.954,0.092342818
137.958,0.092342878
137.961,0.092342937
137.964,0.092342997
137.967,0.092343056
137.97,0.092343115
137.973,0.092343174
137.976,0.092343233
137.979,0.092343291
137.983,0.092343349
137.986,0.092343406
137.989,0.092343463
137.992,0.09234352
137.995,0.092343576
137.998,0.092343632
138.001,0.092343688
138.004,0.092343744
138.007,0.0923438
138.011,0.092343855
138.014,0.092343911
138.017,0.092343967
138.02,0.092344023
138.023,0.09234408
138.026,0.092344137
138.029,0.092344194
138.032,0.092344251
138.036,0.092344308
138.039,0.092344365
138.042,0.092344423
138.045,0.09234448
138.048,0.092344538
138.051,0.092344595
138.054,0.092344652
138.057,0.092344709
138.06,0.092344765
138.064,0.092344821
138.067,0.092344877
138.07,0.092344933
138.073,0.092344989
138.076,0.092345044
138.079,0.092345099
138.082,0.092345153
138.085,0.092345208
138.089,0.092345263
138.092,0.092345318
138.095,0.092345373
138.098,0.092345428
138.101,0.092345484
138.104,0.092345539
138.107,0.092345595
138.11,0.092345652
138.114,0.092345708
138.117,0.092345765
138.12,0.092345822
138.123,0.09234588
138.126,0.092345938
138.129,0.092345995
138.132,0.092346053
138.135,0.092346111
138.138,0.092346168
138.142,0.092346226
138.145,0.092346283
138.148,0.092346339
138.151,0.092346396
138.154,0.092346452
138.157,0.092346507
138.16,0.092346563
138.163,0.092346618
138.167,0.092346673
138.17,0.092346727
138.173,0.092346782
138.176,0.092346836
138.179,0.092346891
138.182,0.092346945
138.185,0.092347
138.188,0.092347055
138.191,0.09234711
138.195,0.092347166
138.198,0.092347222
138.201,0.092347278
138.204,0.092347335
138.207,0.092347392
138.21,0.092347449
138.213,0.092347507
138.216,0.092347565
138.22,0.092347623
138.223,0.092347681
138.226,0.092347739
138.229,0.092347797
138.232,0.092347855
138.235,0.092347913
138.238,0.092347971
138.241,0.092348028
138.244,0.092348085
138.248,0.092348142
138.251,0.092348198
138.254,0.092348255
138.257,0.092348311
138.26,0.092348366
138.263,0.092348422
138.266,0.092348478
138.269,0.092348533
138.273,0.092348588
138.276,0.092348644
138.279,0.0923487
138.282,0.092348756
138.285,0.092348812
138.288,0.092348868
138.291,0.092348924
138.294,0.092348981
138.297,0.092349038
138.301,0.092349095
138.304,0.092349152
138.307,0.092349208
138.31,0.092349265
138.313,0.092349322
138.316,0.092349378
138.319,0.092349435
138.322,0.092349491
138.326,0.092349546
138.329,0.092349601
138.332,0.092349656
138.335,0.092349711
138.338,0.092349765
138.341,0.092349819
138.344,0.092349872
138.347,0.092349926
138.35,0.092349979
138.354,0.092350033
138.357,0.092350086
138.36,0.09235014
138.363,0.092350194
138.366,0.092350248
138.369,0.092350302
138.372,0.092350357
138.375,0.092350412
138.379,0.092350468
138.382,0.092350524
138.385,0.09235058
138.388,0.092350637
138.391,0.092350694
138.394,0.092350751
138.397,0.092350809
138.4,0.092350867
138.403,0.092350924
138.407,0.092350982
138.41,0.092351039
138.413,0.092351096
138.416,0.092351154
138.419,0.092351211
138.422,0.092351267
138.425,0.092351324
138.428,0.09235138
138.432,0.092351436
138.435,0.092351493
138.438,0.092351549
138.441,0.092351605
138.444,0.092351661
138.447,0.092351718
138.45,0.092351774
138.453,0.092351832
138.457,0.092351889
138.46,0.092351947
138.463,0.092352005
138.466,0.092352064
138.469,0.092352123
138.472,0.092352182
138.475,0.092352242
138.478,0.092352302
138.481,0.092352362
138.485,0.092352423
138.488,0.092352483
138.491,0.092352543
138.494,0.092352604
138.497,0.092352664
138.5,0.092352724
138.503,0.092352784
138.506,0.092352843
138.51,0.092352903
138.513,0.092352962
138.516,0.092353021
138.519,0.09235308
138.522,0.092353139
138.525,0.092353197
138.528,0.092353256
138.531,0.092353315
138.534,0.092353374
138.538,0.092353433
138.541,0.092353492
138.544,0.092353551
138.547,0.092353611
138.55,0.09235367
138.553,0.09235373
138.556,0.09235379
138.559,0.09235385
138.563,0.092353909
138.566,0.092353969
138.569,0.092354029
138.572,0.092354088
138.575,0.092354147
138.578,0.092354205
138.581,0.092354263
138.584,0.09235432
138.587,0.092354377
138.591,0.092354433
138.594,0.092354489
138.597,0.092354544
138.6,0.092354599
138.603,0.092354653
138.606,0.092354707
138.609,0.09235476
138.612,0.092354814
138.616,0.092354867
138.619,0.09235492
138.622,0.092354973
138.625,0.092355026
138.628,0.09235508
138.631,0.092355133
138.634,0.092355187
138.637,0.092355241
138.64,0.092355296
138.644,0.092355351
138.647,0.092355406
138.65,0.092355461
138.653,0.092355516
138.656,0.092355572
138.659,0.092355628
138.662,0.092355684
138.665,0.09235574
138.669,0.092355796
138.672,0.092355851
138.675,0.092355907
138.678,0.092355962
138.681,0.092356018
138.684,0.092356073
138.687,0.092356128
138.69,0.092356183
138.693,0.092356238
138.697,0.092356293
138.7,0.092356348
138.703,0.092356403
138.706,0.092356458
138.709,0.092356513
138.712,0.092356569
138.715,0.092356625
138.718,0.092356681
138.722,0.092356737
138.725,0.092356794
138.728,0.092356852
138.731,0.092356909
138.734,0.092356967
138.737,0.092357025
138.74,0.092357083
138.743,0.092357141
138.746,0.092357199
138.75,0.092357258
138.753,0.092357316
138.756,0.092357374
138.759,0.092357431
138.762,0.092357489
138.765,0.092357546
138.768,0.092357603
138.771,0.09235766
138.775,0.092357717
138.778,0.092357773
138.781,0.092357829
138.784,0.092357886
138.787,0.092357942
138.79,0.092357998
138.793,0.092358055
138.796,0.092358112
138.8,0.092358169
138.803,0.092358226
138.806,0.092358283
138.809,0.092358341
138.812,0.092358399
138.815,0.092358457
138.818,0.092358516
138.821,0.092358575
138.824,0.092358634
138.828,0.092358693
138.831,0.092358752
138.834,0.092358811
138.837,0.092358869
138.84,0.092358928
138.843,0.092358986
138.846,0.092359044
138.849,0.092359102
138.853,0.092359159
138.856,0.092359216
138.859,0.092359273
138.862,0.092359329
138.865,0.092359385
138.868,0.09235944
138.871,0.092359495
138.874,0.092359551
138.877,0.092359606
138.881,0.092359661
138.884,0.092359716
138.887,0.092359771
138.89,0.092359827
138.893,0.092359882
138.896,0.092359938
138.899,0.092359994
138.902,0.09236005
138.906,0.092360106
138.909,0.092360163
138.912,0.09236022
138.915,0.092360276
138.918,0.092360333
138.921,0.09236039
138.924,0.092360446
138.927,0.092360502
138.93,0.092360559
138.934,0.092360615
138.937,0.092360671
138.94,0.092360726
138.943,0.092360782
138.946,0.092360837
138.949,0.092360892
138.952,0.092360947
138.955,0.092361001
138.959,0.092361056
138.962,0.092361111
138.965,0.092361166
138.968,0.092361221
138.971,0.092361276
138.974,0.092361332
138.977,0.092361387
138.98,0.092361443
138.983,0.0923615
138.987,0.092361556
138.99,0.092361613
138.993,0.09236167
138.996,0.092361728
138.999,0.092361785
139.002,0.092361842
139.005,0.0923619
139.008,0.092361957
139.012,0.092362014
139.015,0.092362071
139.018,0.092362127
139.021,0.092362183
139.024,0.092362239
139.027,0.092362295
139.03,0.09236235
139.033,0.092362405
139.036,0.09236246
139.04,0.092362514
139.043,0.092362569
139.046,0.092362623
139.049,0.092362677
139.052,0.092362732
139.055,0.092362786
139.058,0.092362841
139.061,0.092362896
139.065,0.092362951
139.068,0.092363006
139.071,0.092363062
139.074,0.092363118
139.077,0.092363175
139.08,0.092363231
139.083,0.092363288
139.086,0.092363345
139.089,0.092363403
139.093,0.09236346
139.096,0.092363518
139.099,0.092363575
139.102,0.092363633
139.105,0.09236369
139.108,0.092363747
139.111,0.092363804
139.114,0.092363861
139.118,0.092363918
139.121,0.092363974
139.124,0.09236403
139.127,0.092364086
139.13,0.092364142
139.133,0.092364198
139.136,0.092364253
139.139,0.092364309
139.143,0.092364365
139.146,0.09236442
139.149,0.092364476
139.152,0.092364532
139.155,0.092364588
139.158,0.092364645
139.161,0.092364701
139.164,0.092364758
139.167,0.092364815
139.171,0.092364872
139.174,0.092364929
139.177,0.092364986
139.18,0.092365042
139.183,0.092365099
139.186,0.092365156
139.189,0.092365212
139.192,0.092365268
139.196,0.092365323
139.199,0.092365379
139.202,0.092365434
139.205,0.092365488
139.208,0.092365543
139.211,0.092365597
139.214,0.092365651
139.217,0.092365705
139.22,0.092365758
139.224,0.092365812
139.227,0.092365865
139.23,0.092365919
139.233,0.092365973
139.236,0.092366027
139.239,0.092366081
139.242,0.092366136
139.245,0.09236619
139.249,0.092366245
139.252,0.092366301
139.255,0.092366356
139.258,0.092366412
139.261,0.092366468
139.264,0.092366525
139.267,0.092366581
139.27,0.092366637
139.273,0.092366693
139.277,0.09236675
139.28,0.092366806
139.283,0.092366862
139.286,0.092366917
139.289,0.092366973
139.292,0.092367028
139.295,0.092367083
139.298,0.092367138
139.302,0.092367192
139.305,0.092367247
139.308,0.092367301
139.311,0.092367355
139.314,0.09236741
139.317,0.092367464
139.32,0.092367519
139.323,0.092367574
139.326,0.092367629
139.33,0.092367684
139.333,0.09236774
139.336,0.092367796
139.339,0.092367852
139.342,0.092367908
139.345,0.092367965
139.348,0.092368022
139.351,0.092368079
139.355,0.092368137
139.358,0.092368194
139.361,0.092368252
139.364,0.092368309
139.367,0.092368366
139.37,0.092368423
139.373,0.09236848
139.376,0.092368537
139.379,0.092368594
139.383,0.09236865
139.386,0.092368707
139.389,0.092368763
139.392,0.092368819
139.395,0.092368875
139.398,0.092368931
139.401,0.092368987
139.404,0.092369043
139.408,0.092369099
139.411,0.092369155
139.414,0.092369212
139.417,0.092369268
139.42,0.092369325
139.423,0.092369382
139.426,0.092369439
139.429,0.092369496
139.432,0.092369553
139.436,0.09236961
139.439,0.092369668
139.442,0.092369725
139.445,0.092369781
139.448,0.092369838
139.451,0.092369895
139.454,0.092369951
139.457,0.092370007
139.461,0.092370062
139.464,0.092370117
139.467,0.092370172
139.47,0.092370226
139.473,0.09237028
139.476,0.092370334
139.479,0.092370387
139.482,0.092370441
139.486,0.092370494
139.489,0.092370547
139.492,0.092370599
139.495,0.092370652
139.498,0.092370705
139.501,0.092370758
139.504,0.092370811
139.507,0.092370865
139.51,0.092370918
139.514,0.092370972
139.517,0.092371026
139.52,0.092371081
139.523,0.092371135
139.526,0.09237119
139.529,0.092371245
139.532,0.0923713
139.535,0.092371355
139.539,0.092371411
139.542,0.092371466
139.545,0.092371521
139.548,0.092371576
139.551,0.092371631
139.554,0.092371686
139.557,0.092371741
139.56,0.092371795
139.563,0.09237185
139.567,0.092371904
139.57,0.092371958
139.573,0.092372013
139.576,0.092372067
139.579,0.092372121
139.582,0.092372175
139.585,0.092372229
139.588,0.092372283
139.592,0.092372337
139.595,0.092372391
139.598,0.092372446
139.601,0.092372501
139.604,0.092372556
139.607,0.092372612
139.61,0.092372668
139.613,0.092372724
139.616,0.092372781
139.62,0.092372837
139.623,0.092372894
139.626,0.092372951
139.629,0.092373008
139.632,0.092373065
139.635,0.092373121
139.638,0.092373178
139.641,0.092373235
139.645,0.092373291
139.648,0.092373347
139.651,0.092373403
139.654,0.092373459
139.657,0.092373515
139.66,0.092373571
139.663,0.092373626
139.666,0.092373682
139.669,0.092373737
139.673,0.092373792
139.676,0.092373848
139.679,0.092373903
139.682,0.092373958
139.685,0.092374014
139.688,0.09237407
139.691,0.092374125
139.694,0.092374181
139.698,0.092374237
139.701,0.092374294
139.704,0.09237435
139.707,0.092374407
139.71,0.092374463
139.713,0.09237452
139.716,0.092374576
139.719,0.092374632
139.722,0.092374688
139.726,0.092374744
139.729,0.092374799
139.732,0.092374854
139.735,0.092374908
139.738,0.092374962
139.741,0.092375016
139.744,0.092375069
139.747,0.092375122
139.751,0.092375175
139.754,0.092375227
139.757,0.092375279
139.76,0.092375331
139.763,0.092375382
139.766,0.092375434
139.769,0.092375485
139.772,0.092375536
139.775,0.092375587
139.779,0.092375639
139.782,0.09237569
139.785,0.092375742
139.788,0.092375794
139.791,0.092375847
139.794,0.0923759
139.797,0.092375953
139.8,0.092376006
139.804,0.09237606
139.807,0.092376114
139.81,0.092376169
139.813,0.092376223
139.816,0.092376278
139.819,0.092376333
139.822,0.092376388
139.825,0.092376443
139.828,0.092376498
139.832,0.092376553
139.835,0.092376607
139.838,0.092376662
139.841,0.092376716
139.844,0.092376771
139.847,0.092376824
139.85,0.092376878
139.853,0.092376932
139.857,0.092376985
139.86,0.092377038
139.863,0.092377091
139.866,0.092377144
139.869,0.092377197
139.872,0.09237725
139.875,0.092377304
139.878,0.092377357
139.882,0.092377411
139.885,0.092377464
139.888,0.092377519
139.891,0.092377573
139.894,0.092377628
139.897,0.092377683
139.9,0.092377738
139.903,0.092377794
139.906,0.09237785
139.91,0.092377906
139.913,0.092377962
139.916,0.092378018
139.919,0.092378074
139.922,0.09237813
139.925,0.092378186
139.928,0.092378241
139.931,0.092378297
139.935,0.092378352
139.938,0.092378406
139.941,0.092378461
139.944,0.092378515
139.947,0.092378568
139.95,0.092378622
139.953,0.092378675
139.956,0.092378728
139.959,0.092378781
139.963,0.092378833
139.966,0.092378886
139.969,0.092378939
139.972,0.092378991
139.975,0.092379044
139.978,0.092379097
139.981,0.092379151
139.984,0.092379205
139.988,0.092379259
139.991,0.092379313
139.994,0.092379368
139.997,0.092379422
140,0.092379478
140.003,0.092379533
140.006,0.092379588
140.009,0.092379643
140.012,0.092379699
140.016,0.092379754
140.019,0.092379809
140.022,0.092379863
140.025,0.092379917
140.028,0.092379971
140.031,0.092380024
140.034,0.092380077
140.037,0.092380129
140.041,0.09238018
140.044,0.092380231
140.047,0.092380282
140.05,0.092380332
140.053,0.092380382
140.056,0.092380431
140.059,0.092380481
140.062,0.09238053
140.065,0.09238058
140.069,0.092380629
140.072,0.092380678
140.075,0.092380728
140.078,0.092380778
140.081,0.092380829
140.084,0.09238088
140.087,0.092380931
140.09,0.092380982
140.094,0.092381034
140.097,0.092381086
140.1,0.092381139
140.103,0.092381191
140.106,0.092381244
140.109,0.092381296
140.112,0.092381349
140.115,0.092381402
140.118,0.092381454
140.122,0.092381507
140.125,0.092381559
140.128,0.092381611
140.131,0.092381662
140.134,0.092381714
140.137,0.092381765
140.14,0.092381816
140.143,0.092381867
140.147,0.092381918
140.15,0.092381969
140.153,0.09238202
140.156,0.092382071
140.159,0.092382123
140.162,0.092382174
140.165,0.092382226
140.168,0.092382279
140.172,0.092382331
140.175,0.092382384
140.178,0.092382437
140.181,0.092382491
140.184,0.092382545
140.187,0.092382598
140.19,0.092382652
140.193,0.092382706
140.196,0.09238276
140.2,0.092382814
140.203,0.092382868
140.206,0.092382921
140.209,0.092382975
140.212,0.092383028
140.215,0.09238308
140.218,0.092383133
140.221,0.092383185
140.225,0.092383237
140.228,0.092383288
140.231,0.09238334
140.234,0.092383391
140.237,0.092383442
140.24,0.092383494
140.243,0.092383545
140.246,0.092383597
140.249,0.092383649
140.253,0.092383701
140.256,0.092383753
140.259,0.092383806
140.262,0.092383859
140.265,0.092383912
140.268,0.092383966
140.271,0.09238402
140.274,0.092384074
140.278,0.092384129
140.281,0.092384183
140.284,0.092384238
140.287,0.092384292
140.29,0.092384346
140.293,0.0923844
140.296,0.092384454
140.299,0.092384507
140.302,0.09238456
140.306,0.092384613
140.309,0.092384665
140.312,0.092384717
140.315,0.092384768
140.318,0.092384819
140.321,0.09238487
140.324,0.092384921
140.327,0.092384972
140.331,0.092385023
140.334,0.092385074
140.337,0.092385125
140.34,0.092385176
140.343,0.092385228
140.346,0.092385279
140.349,0.092385331
140.352,0.092385383
140.355,0.092385436
140.359,0.092385488
140.362,0.092385541
140.365,0.092385594
140.368,0.092385647
140.371,0.0923857
140.374,0.092385752
140.377,0.092385805
140.38,0.092385857
140.384,0.092385909
140.387,0.092385961
140.39,0.092386013
140.393,0.092386064
140.396,0.092386116
140.399,0.092386167
140.402,0.092386218
140.405,0.092386268
140.408,0.092386319
140.412,0.09238637
140.415,0.092386421
140.418,0.092386472
140.421,0.092386524
140.424,0.092386575
140.427,0.092386627
140.43,0.09238668
140.433,0.092386732
140.437,0.092386785
140.44,0.092386838
140.443,0.092386892
140.446,0.092386945
140.449,0.092386999
140.452,0.092387053
140.455,0.092387106
140.458,0.092387159
140.461,0.092387212
140.465,0.092387265
140.468,0.092387317
140.471,0.092387369
140.474,0.09238742
140.477,0.092387471
140.48,0.092387522
140.483,0.092387572
140.486,0.092387622
140.49,0.092387672
140.493,0.092387721
140.496,0.09238777
140.499,0.09238782
140.502,0.092387869
140.505,0.092387919
140.508,0.092387969
140.511,0.092388019
140.514,0.092388069
140.518,0.09238812
140.521,0.092388172
140.524,0.092388223
140.527,0.092388275
140.53,0.092388328
140.533,0.09238838
140.536,0.092388433
140.539,0.092388486
140.543,0.09238854
140.546,0.092388593
140.549,0.092388646
140.552,0.0923887
140.555,0.092388753
140.558,0.092388806
140.561,0.092388859
140.564,0.092388912
140.568,0.092388965
140.571,0.092389017
140.574,0.092389069
140.577,0.092389121
140.58,0.092389173
140.583,0.092389225
140.586,0.092389277
140.589,0.092389329
140.592,0.092389381
140.596,0.092389433
140.599,0.092389485
140.602,0.092389538
140.605,0.09238959
140.608,0.092389643
140.611,0.092389696
140.614,0.09238975
140.617,0.092389803
140.621,0.092389857
140.624,0.09238991
140.627,0.092389963
140.63,0.092390017
140.633,0.09239007
140.636,0.092390122
140.639,0.092390175
140.642,0.092390227
140.645,0.092390279
140.649,0.09239033
140.652,0.092390381
140.655,0.092390431
140.658,0.092390482
140.661,0.092390532
140.664,0.092390581
140.667,0.092390631
140.67,0.09239068
140.674,0.09239073
140.677,0.092390779
140.68,0.092390828
140.683,0.092390878
140.686,0.092390927
140.689,0.092390977
140.692,0.092391028
140.695,0.092391078
140.698,0.092391129
140.702,0.092391181
140.705,0.092391232
140.708,0.092391284
140.711,0.092391336
140.714,0.092391388
140.717,0.092391441
140.72,0.092391493
140.723,0.092391545
140.727,0.092391597
140.73,0.092391649
140.733,0.092391701
140.736,0.092391752
140.739,0.092391803
140.742,0.092391854
140.745,0.092391905
140.748,0.092391955
140.751,0.092392006
140.755,0.092392056
140.758,0.092392106
140.761,0.092392156
140.764,0.092392206
140.767,0.092392256
140.77,0.092392307
140.773,0.092392357
140.776,0.092392408
140.78,0.092392459
140.783,0.092392511
140.786,0.092392563
140.789,0.092392615
140.792,0.092392668
140.795,0.092392721
140.798,0.092392774
140.801,0.092392827
140.804,0.092392881
140.808,0.092392934
140.811,0.092392988
140.814,0.092393041
140.817,0.092393094
140.82,0.092393147
140.823,0.0923932
140.826,0.092393253
140.829,0.092393306
140.833,0.092393358
140.836,0.09239341
140.839,0.092393462
140.842,0.092393514
140.845,0.092393566
140.848,0.092393618
140.851,0.09239367
140.854,0.092393723
140.857,0.092393775
140.861,0.092393828
140.864,0.09239388
140.867,0.092393933
140.87,0.092393987
140.873,0.09239404
140.876,0.092394094
140.879,0.092394147
140.882,0.092394201
140.886,0.092394254
140.889,0.092394308
140.892,0.092394361
140.895,0.092394414
140.898,0.092394466
140.901,0.092394518
140.904,0.09239457
140.907,0.092394621
140.911,0.092394672
140.914,0.092394722
140.917,0.092394771
140.92,0.09239482
140.923,0.092394869
140.926,0.092394917
140.929,0.092394965
140.932,0.092395013
140.935,0.09239506
140.939,0.092395108
140.942,0.092395156
140.945,0.092395203
140.948,0.092395251
140.951,0.092395299
140.954,0.092395347
140.957,0.092395396
140.96,0.092395444
140.964,0.092395493
140.967,0.092395543
140.97,0.092395592
140.973,0.092395642
140.976,0.092395691
140.979,0.092395741
140.982,0.092395791
140.985,0.092395841
140.988,0.092395891
140.992,0.09239594
140.995,0.09239599
140.998,0.092396039
141.001,0.092396089
141.004,0.092396138
141.007,0.092396187
141.01,0.092396235
141.013,0.092396284
141.017,0.092396333
141.02,0.092396382
141.023,0.092396431
141.026,0.09239648
141.029,0.09239653
141.032,0.092396579
141.035,0.092396629
141.038,0.092396679
141.041,0.09239673
141.045,0.09239678
141.048,0.092396832
141.051,0.092396883
141.054,0.092396934
141.057,0.092396986
141.06,0.092397038
141.063,0.092397089
141.066,0.092397141
141.07,0.092397193
141.073,0.092397244
141.076,0.092397295
141.079,0.092397346
141.082,0.092397397
141.085,0.092397447
141.088,0.092397497
141.091,0.092397547
141.094,0.092397597
141.098,0.092397647
141.101,0.092397696
141.104,0.092397746
141.107,0.092397795
141.11,0.092397845
141.113,0.092397895
141.116,0.092397945
141.119,0.092397995
141.123,0.092398045
141.126,0.092398096
141.129,0.092398147
141.132,0.092398198
141.135,0.092398249
141.138,0.092398301
141.141,0.092398353
141.144,0.092398405
141.147,0.092398458
141.151,0.09239851
141.154,0.092398562
141.157,0.092398614
141.16,0.092398666
141.163,0.092398718
141.166,0.09239877
141.169,0.092398821
141.172,0.092398872
141.176,0.092398923
141.179,0.092398973
141.182,0.092399024
141.185,0.092399073
141.188,0.092399123
141.191,0.092399173
141.194,0.092399222
141.197,0.092399271
141.2,0.092399321
141.204,0.09239937
141.207,0.092399419
141.21,0.092399469
141.213,0.092399518
141.216,0.092399568
141.219,0.092399618
141.222,0.092399668
141.225,0.092399718
141.229,0.092399769
141.232,0.092399819
141.235,0.09239987
141.238,0.09239992
141.241,0.09239997
141.244,0.09240002
141.247,0.092400071
141.25,0.09240012
141.254,0.09240017
141.257,0.092400219
141.26,0.092400268
141.263,0.092400317
141.266,0.092400366
141.269,0.092400414
141.272,0.092400463
141.275,0.092400511
141.278,0.092400559
141.282,0.092400607
141.285,0.092400655
141.288,0.092400704
141.291,0.092400752
141.294,0.092400801
141.297,0.09240085
141.3,0.092400899
141.303,0.092400948
141.307,0.092400998
141.31,0.092401048
141.313,0.092401099
141.316,0.092401149
141.319,0.0924012
141.322,0.092401251
141.325,0.092401301
141.328,0.092401352
141.331,0.092401403
141.335,0.092401453
141.338,0.092401503
141.341,0.092401553
141.344,0.092401603
141.347,0.092401652
141.35,0.092401701
141.353,0.09240175
141.356,0.092401799
141.36,0.092401847
141.363,0.092401895
141.366,0.092401943
141.369,0.092401991
141.372,0.092402039
141.375,0.092402087
141.378,0.092402135
141.381,0.092402184
141.384,0.092402233
141.388,0.092402281
141.391,0.092402331
141.394,0.09240238
141.397,0.09240243
141.4,0.09240248
141.403,0.09240253
141.406,0.092402581
141.409,0.092402631
141.413,0.092402682
141.416,0.092402733
141.419,0.092402784
141.422,0.092402835
141.425,0.092402886
141.428,0.092402937
141.431,0.092402987
141.434,0.092403037
141.437,0.092403088
141.441,0.092403138
141.444,0.092403187
141.447,0.092403237
141.45,0.092403287
141.453,0.092403336
141.456,0.092403386
141.459,0.092403435
141.462,0.092403484
141.466,0.092403534
141.469,0.092403583
141.472,0.092403633
141.475,0.092403682
141.478,0.092403732
141.481,0.092403782
141.484,0.092403832
141.487,0.092403882
141.49,0.092403933
141.494,0.092403983
141.497,0.092404033
141.5,0.092404083
141.503,0.092404133
141.506,0.092404183
141.509,0.092404233
141.512,0.092404282
141.515,0.092404331
141.519,0.09240438
141.522,0.092404428
141.525,0.092404476
141.528,0.092404524
141.531,0.092404571
141.534,0.092404618
141.537,0.092404665
141.54,0.092404712
141.543,0.092404758
141.547,0.092404805
141.55,0.092404851
141.553,0.092404897
141.556,0.092404943
141.559,0.09240499
141.562,0.092405036
141.565,0.092405083
141.568,0.09240513
141.572,0.092405177
141.575,0.092405224
141.578,0.092405272
141.581,0.09240532
141.584,0.092405368
141.587,0.092405417
141.59,0.092405466
141.593,0.092405515
141.597,0.092405564
141.6,0.092405613
141.603,0.092405662
141.606,0.092405711
141.609,0.09240576
141.612,0.092405809
141.615,0.092405858
141.618,0.092405907
141.621,0.092405956
141.625,0.092406004
141.628,0.092406052
141.631,0.0924061
141.634,0.092406148
141.637,0.092406196
141.64,0.092406244
141.643,0.092406292
141.646,0.09240634
141.65,0.092406388
141.653,0.092406436
141.656,0.092406485
141.659,0.092406533
141.662,0.092406582
141.665,0.092406631
141.668,0.092406681
141.671,0.09240673
141.674,0.09240678
141.678,0.092406831
141.681,0.092406881
141.684,0.092406932
141.687,0.092406983
141.69,0.092407034
141.693,0.092407086
141.696,0.092407137
141.699,0.092407188
141.703,0.092407239
141.706,0.09240729
141.709,0.092407341
141.712,0.092407392
141.715,0.092407443
141.718,0.092407493
141.721,0.092407544
141.724,0.092407594
141.727,0.092407644
141.731,0.092407694
141.734,0.092407744
141.737,0.092407794
141.74,0.092407844
141.743,0.092407893
141.746,0.092407943
141.749,0.092407993
141.752,0.092408043
141.756,0.092408093
141.759,0.092408143
141.762,0.092408193
141.765,0.092408244
141.768,0.092408294
141.771,0.092408345
141.774,0.092408396
141.777,0.092408447
141.78,0.092408497
141.784,0.092408548
141.787,0.092408599
141.79,0.092408649
141.793,0.092408699
141.796,0.092408749
141.799,0.092408799
141.802,0.092408848
141.805,0.092408897
141.809,0.092408945
141.812,0.092408993
141.815,0.09240904
141.818,0.092409087
141.821,0.092409133
141.824,0.092409179
141.827,0.092409225
141.83,0.09240927
141.833,0.092409315
141.837,0.09240936
141.84,0.092409404
141.843,0.092409449
141.846,0.092409493
141.849,0.092409538
141.852,0.092409582
141.855,0.092409626
141.858,0.092409671
141.862,0.092409716
141.865,0.092409761
141.868,0.092409807
141.871,0.092409853
141.874,0.092409899
141.877,0.092409945
141.88,0.092409993
141.883,0.09241004
141.886,0.092410088
141.89,0.092410136
141.893,0.092410185
141.896,0.092410233
141.899,0.092410282
141.902,0.09241033
141.905,0.092410379
141.908,0.092410427
141.911,0.092410476
141.915,0.092410523
141.918,0.092410571
141.921,0.092410618
141.924,0.092410664
141.927,0.092410711
141.93,0.092410756
141.933,0.092410802
141.936,0.092410847
141.94,0.092410891
141.943,0.092410936
141.946,0.09241098
141.949,0.092411024
141.952,0.092411069
141.955,0.092411113
141.958,0.092411157
141.961,0.092411202
141.964,0.092411247
141.968,0.092411293
141.971,0.092411338
141.974,0.092411385
141.977,0.092411431
141.98,0.092411478
141.983,0.092411525
141.986,0.092411573
141.989,0.09241162
141.993,0.092411668
141.996,0.092411716
141.999,0.092411764
142.002,0.092411811
142.005,0.092411859
142.008,0.092411907
142.011,0.092411954
142.014,0.092412001
142.017,0.092412048
142.021,0.092412094
142.024,0.092412141
142.027,0.092412187
142.03,0.092412233
142.033,0.092412279
142.036,0.092412325
142.039,0.092412371
142.042,0.092412417
142.046,0.092412463
142.049,0.09241251
142.052,0.092412557
142.055,0.092412604
142.058,0.092412651
142.061,0.092412699
142.064,0.092412747
142.067,0.092412795
142.07,0.092412843
142.074,0.092412891
142.077,0.09241294
142.08,0.092412988
142.083,0.092413037
142.086,0.092413085
142.089,0.092413132
142.092,0.09241318
142.095,0.092413227
142.099,0.092413274
142.102,0.09241332
142.105,0.092413365
142.108,0.092413411
142.111,0.092413455
142.114,0.0924135
142.117,0.092413544
142.12,0.092413588
142.123,0.092413631
142.127,0.092413675
142.13,0.092413718
142.133,0.092413762
142.136,0.092413805
142.139,0.092413849
142.142,0.092413893
142.145,0.092413938
142.148,0.092413982
142.152,0.092414027
142.155,0.092414072
142.158,0.092414118
142.161,0.092414163
142.164,0.092414209
142.167,0.092414255
142.17,0.0924143
142.173,0.092414346
142.176,0.092414391
142.18,0.092414437
142.183,0.092414482
142.186,0.092414527
142.189,0.092414572
142.192,0.092414616
142.195,0.09241466
142.198,0.092414704
142.201,0.092414748
142.205,0.092414792
142.208,0.092414835
142.211,0.092414879
142.214,0.092414922
142.217,0.092414966
142.22,0.09241501
142.223,0.092415054
142.226,0.092415098
142.229,0.092415143
142.233,0.092415188
142.236,0.092415233
142.239,0.092415279
142.242,0.092415325
142.245,0.092415371
142.248,0.092415418
142.251,0.092415464
142.254,0.092415511
142.258,0.092415558
142.261,0.092415604
142.264,0.092415651
142.267,0.092415697
142.27,0.092415743
142.273,0.092415789
142.276,0.092415835
142.279,0.092415881
142.283,0.092415926
142.286,0.092415971
142.289,0.092416017
142.292,0.092416062
142.295,0.092416107
142.298,0.092416152
142.301,0.092416197
142.304,0.092416242
142.307,0.092416288
142.311,0.092416334
142.314,0.09241638
142.317,0.092416426
142.32,0.092416473
142.323,0.09241652
142.326,0.092416567
142.329,0.092416615
142.332,0.092416663
142.336,0.092416711
142.339,0.09241676
142.342,0.092416808
142.345,0.092416857
142.348,0.092416906
142.351,0.092416954
142.354,0.092417002
142.357,0.092417051
142.36,0.092417098
142.364,0.092417146
142.367,0.092417193
142.37,0.09241724
142.373,0.092417287
142.376,0.092417333
142.379,0.092417379
142.382,0.092417425
142.385,0.092417471
142.389,0.092417516
142.392,0.092417562
142.395,0.092417608
142.398,0.092417653
142.401,0.092417699
142.404,0.092417745
142.407,0.092417791
142.41,0.092417838
142.413,0.092417884
142.417,0.09241793
142.42,0.092417977
142.423,0.092418023
142.426,0.09241807
142.429,0.092418116
142.432,0.092418162
142.435,0.092418208
142.438,0.092418253
142.442,0.092418298
142.445,0.092418343
142.448,0.092418388
142.451,0.092418432
142.454,0.092418476
142.457,0.092418519
142.46,0.092418562
142.463,0.092418605
142.466,0.092418648
142.47,0.092418691
142.473,0.092418733
142.476,0.092418776
142.479,0.092418819
142.482,0.092418862
142.485,0.092418905
142.488,0.092418948
142.491,0.092418992
142.495,0.092419036
142.498,0.092419081
142.501,0.092419125
142.504,0.09241917
142.507,0.092419216
142.51,0.092419262
142.513,0.092419307
142.516,0.092419353
142.519,0.092419399
142.523,0.092419445
142.526,0.092419491
142.529,0.092419536
142.532,0.092419581
142.535,0.092419626
142.538,0.092419671
142.541,0.092419715
142.544,0.092419759
142.548,0.092419803
142.551,0.092419847
142.554,0.09241989
142.557,0.092419934
142.56,0.092419977
142.563,0.092420021
142.566,0.092420064
142.569,0.092420108
142.572,0.092420152
142.576,0.092420196
142.579,0.092420241
142.582,0.092420285
142.585,0.092420331
142.588,0.092420376
142.591,0.092420423
142.594,0.092420469
142.597,0.092420516
142.601,0.092420562
142.604,0.09242061
142.607,0.092420657
142.61,0.092420704
142.613,0.092420751
142.616,0.092420799
142.619,0.092420846
142.622,0.092420893
142.626,0.092420939
142.629,0.092420986
142.632,0.092421032
142.635,0.092421079
142.638,0.092421125
142.641,0.09242117
142.644,0.092421216
142.647,0.092421262
142.65,0.092421308
142.654,0.092421354
142.657,0.0924214
142.66,0.092421446
142.663,0.092421492
142.666,0.092421538
142.669,0.092421585
142.672,0.092421632
142.675,0.092421678
142.679,0.092421725
142.682,0.092421772
142.685,0.09242182
142.688,0.092421867
142.691,0.092421914
142.694,0.092421961
142.697,0.092422008
142.7,0.092422054
142.703,0.0924221
142.707,0.092422146
142.71,0.092422191
142.713,0.092422236
142.716,0.09242228
142.719,0.092422324
142.722,0.092422368
142.725,0.092422411
142.728,0.092422454
142.732,0.092422497
142.735,0.092422539
142.738,0.092422581
142.741,0.092422623
142.744,0.092422666
142.747,0.092422708
142.75,0.09242275
142.753,0.092422792
142.756,0.092422835
142.76,0.092422878
142.763,0.092422921
142.766,0.092422964
142.769,0.092423008
142.772,0.092423052
142.775,0.092423096
142.778,0.09242314
142.781,0.092423185
142.785,0.092423229
142.788,0.092423274
142.791,0.092423319
142.794,0.092423363
142.797,0.092423408
142.8,0.092423453
142.803,0.092423497
142.806,0.092423541
142.809,0.092423585
142.813,0.092423629
142.816,0.092423672
142.819,0.092423716
142.822,0.092423759
142.825,0.092423802
142.828,0.092423846
142.831,0.092423889
142.834,0.092423933
142.838,0.092423976
142.841,0.09242402
142.844,0.092424064
142.847,0.092424108
142.85,0.092424152
142.853,0.092424197
142.856,0.092424242
142.859,0.092424287
142.862,0.092424332
142.866,0.092424378
142.869,0.092424423
142.872,0.092424469
142.875,0.092424515
142.878,0.09242456
142.881,0.092424606
142.884,0.092424652
142.887,0.092424697
142.891,0.092424743
142.894,0.092424788
142.897,0.092424833
142.9,0.092424879
142.903,0.092424924
142.906,0.092424968
142.909,0.092425013
142.912,0.092425058
142.915,0.092425102
142.919,0.092425147
142.922,0.092425192
142.925,0.092425237
142.928,0.092425282
142.931,0.092425327
142.934,0.092425372
142.937,0.092425417
142.94,0.092425463
142.944,0.092425509
142.947,0.092425555
142.95,0.092425601
142.953,0.092425648
142.956,0.092425694
142.959,0.092425741
142.962,0.092425788
142.965,0.092425834
142.969,0.092425881
142.972,0.092425927
142.975,0.092425974
142.978,0.092426019
142.981,0.092426065
142.984,0.09242611
142.987,0.092426155
142.99,0.0924262
142.993,0.092426244
142.997,0.092426287
143,0.092426331
143.003,0.092426374
143.006,0.092426416
143.009,0.092426459
143.012,0.092426501
143.015,0.092426543
143.018,0.092426585
143.022,0.092426627
143.025,0.092426669
143.028,0.092426711
143.031,0.092426753
143.034,0.092426796
143.037,0.092426838
143.04,0.092426881
143.043,0.092426923
143.046,0.092426966
143.05,0.09242701
143.053,0.092427053
143.056,0.092427096
143.059,0.092427139
143.062,0.092427183
143.065,0.092427226
143.068,0.092427269
143.071,0.092427312
143.075,0.092427355
143.078,0.092427398
143.081,0.092427441
143.084,0.092427484
143.087,0.092427526
143.09,0.092427568
143.093,0.092427611
143.096,0.092427653
143.099,0.092427695
143.103,0.092427737
143.106,0.092427779
143.109,0.092427822
143.112,0.092427864
143.115,0.092427907
143.118,0.092427949
143.121,0.092427992
143.124,0.092428035
143.128,0.092428078
143.131,0.092428122
143.134,0.092428165
143.137,0.092428209
143.14,0.092428253
143.143,0.092428297
143.146,0.092428341
143.149,0.092428384
143.152,0.092428428
143.156,0.092428471
143.159,0.092428515
143.162,0.092428558
143.165,0.0924286
143.168,0.092428643
143.171,0.092428685
143.174,0.092428727
143.177,0.092428769
143.181,0.09242881
143.184,0.092428852
143.187,0.092428893
143.19,0.092428935
143.193,0.092428976
143.196,0.092429017
143.199,0.092429058
143.202,0.092429099
143.205,0.092429141
143.209,0.092429182
143.212,0.092429224
143.215,0.092429266
143.218,0.092429308
143.221,0.092429351
143.224,0.092429394
143.227,0.092429437
143.23,0.092429481
143.234,0.092429525
143.237,0.092429569
143.24,0.092429613
143.243,0.092429658
143.246,0.092429703
143.249,0.092429748
143.252,0.092429793
143.255,0.092429839
143.258,0.092429884
143.262,0.092429929
143.265,0.092429974
143.268,0.092430019
143.271,0.092430063
143.274,0.092430107
143.277,0.092430151
143.28,0.092430195
143.283,0.092430238
143.287,0.092430281
143.29,0.092430323
143.293,0.092430366
143.296,0.092430408
143.299,0.092430449
143.302,0.092430491
143.305,0.092430532
143.308,0.092430573
143.312,0.092430614
143.315,0.092430656
143.318,0.092430697
143.321,0.092430739
143.324,0.09243078
143.327,0.092430822
143.33,0.092430865
143.333,0.092430907
143.336,0.092430949
143.34,0.092430992
143.343,0.092431035
143.346,0.092431078
143.349,0.092431121
143.352,0.092431164
143.355,0.092431206
143.358,0.092431249
143.361,0.092431291
143.365,0.092431334
143.368,0.092431375
143.371,0.092431417
143.374,0.092431458
143.377,0.092431499
143.38,0.09243154
143.383,0.092431581
143.386,0.092431621
143.389,0.092431661
143.393,0.092431701
143.396,0.092431741
143.399,0.092431781
143.402,0.092431821
143.405,0.092431861
143.408,0.092431901
143.411,0.092431941
143.414,0.092431982
143.418,0.092432023
143.421,0.092432064
143.424,0.092432106
143.427,0.092432148
143.43,0.09243219
143.433,0.092432233
143.436,0.092432275
143.439,0.092432318
143.442,0.092432361
143.446,0.092432405
143.449,0.092432448
143.452,0.092432491
143.455,0.092432533
143.458,0.092432576
143.461,0.092432618
143.464,0.09243266
143.467,0.092432701
143.471,0.092432742
143.474,0.092432782
143.477,0.092432822
143.48,0.092432862
143.483,0.092432902
143.486,0.092432941
143.489,0.092432981
143.492,0.09243302
143.495,0.092433059
143.499,0.092433098
143.502,0.092433138
143.505,0.092433177
143.508,0.092433217
143.511,0.092433258
143.514,0.092433298
143.517,0.092433339
143.52,0.092433381
143.524,0.092433422
143.527,0.092433465
143.53,0.092433507
143.533,0.092433549
143.536,0.092433592
143.539,0.092433635
143.542,0.092433678
143.545,0.092433721
143.548,0.092433764
143.552,0.092433806
143.555,0.092433849
143.558,0.092433891
143.561,0.092433934
143.564,0.092433976
143.567,0.092434018
143.57,0.092434059
143.573,0.092434101
143.577,0.092434142
143.58,0.092434184
143.583,0.092434225
143.586,0.092434266
143.589,0.092434308
143.592,0.092434349
143.595,0.092434391
143.598,0.092434433
143.601,0.092434475
143.605,0.092434517
143.608,0.092434559
143.611,0.092434601
143.614,0.092434644
143.617,0.092434686
143.62,0.092434729
143.623,0.092434771
143.626,0.092434814
143.63,0.092434856
143.633,0.092434898
143.636,0.092434939
143.639,0.09243498
143.642,0.092435021
143.645,0.092435061
143.648,0.092435101
143.651,0.09243514
143.655,0.09243518
143.658,0.092435218
143.661,0.092435257
143.664,0.092435296
143.667,0.092435334
143.67,0.092435372
143.673,0.09243541
143.676,0.092435449
143.679,0.092435487
143.683,0.092435526
143.686,0.092435565
143.689,0.092435604
143.692,0.092435644
143.695,0.092435684
143.698,0.092435724
143.701,0.092435765
143.704,0.092435805
143.708,0.092435846
143.711,0.092435887
143.714,0.092435929
143.717,0.09243597
143.72,0.092436011
143.723,0.092436052
143.726,0.092436092
143.729,0.092436133
143.732,0.092436173
143.736,0.092436214
143.739,0.092436253
143.742,0.092436293
143.745,0.092436332
143.748,0.092436372
143.751,0.092436411
143.754,0.09243645
143.757,0.092436489
143.761,0.092436528
143.764,0.092436567
143.767,0.092436606
143.77,0.092436646
143.773,0.092436686
143.776,0.092436726
143.779,0.092436767
143.782,0.092436808
143.785,0.092436849
143.789,0.092436891
143.792,0.092436933
143.795,0.092436975
143.798,0.092437018
143.801,0.09243706
143.804,0.092437103
143.807,0.092437146
143.81,0.092437189
143.814,0.092437231
143.817,0.092437274
143.82,0.092437316
143.823,0.092437359
143.826,0.092437401
143.829,0.092437443
143.832,0.092437484
143.835,0.092437526
143.838,0.092437567
143.842,0.092437609
143.845,0.09243765
143.848,0.092437692
143.851,0.092437733
143.854,0.092437775
143.857,0.092437816
143.86,0.092437858
143.863,0.092437901
143.867,0.092437943
143.87,0.092437986
143.873,0.092438029
143.876,0.092438072
143.879,0.092438116
143.882,0.092438159
143.885,0.092438203
143.888,0.092438247
143.891,0.092438291
143.895,0.092438335
143.898,0.092438379
143.901,0.092438422
143.904,0.092438465
143.907,0.092438508
143.91,0.09243855
143.913,0.092438592
143.916,0.092438634
143.92,0.092438675
143.923,0.092438716
143.926,0.092438756
143.929,0.092438796
143.932,0.092438836
143.935,0.092438875
143.938,0.092438914
143.941,0.092438954
143.944,0.092438992
143.948,0.092439032
143.951,0.092439071
143.954,0.09243911
143.957,0.092439149
143.96,0.092439189
143.963,0.092439229
143.966,0.092439269
143.969,0.092439309
143.973,0.092439349
143.976,0.092439389
143.979,0.09243943
143.982,0.09243947
143.985,0.092439511
143.988,0.092439552
143.991,0.092439592
143.994,0.092439633
143.998,0.092439673
144.001,0.092439713
144.004,0.092439753
144.007,0.092439793
144.01,0.092439832
144.013,0.092439872
144.016,0.092439911
144.019,0.09243995
144.022,0.092439989
144.026,0.092440028
144.029,0.092440068
144.032,0.092440107
144.035,0.092440147
144.038,0.092440186
144.041,0.092440226
144.044,0.092440266
144.047,0.092440306
144.051,0.092440346
144.054,0.092440387
144.057,0.092440428
144.06,0.092440469
144.063,0.09244051
144.066,0.092440551
144.069,0.092440592
144.072,0.092440633
144.075,0.092440674
144.079,0.092440715
144.082,0.092440756
144.085,0.092440797
144.088,0.092440837
144.091,0.092440877
144.094,0.092440917
144.097,0.092440957
144.1,0.092440996
144.104,0.092441036
144.107,0.092441075
144.11,0.092441114
144.113,0.092441153
144.116,0.092441193
144.119,0.092441232
144.122,0.092441271
144.125,0.092441311
144.128,0.092441351
144.132,0.092441391
144.135,0.092441431
144.138,0.092441471
144.141,0.092441512
144.144,0.092441553
144.147,0.092441594
144.15,0.092441636
144.153,0.092441677
144.157,0.092441719
144.16,0.092441761
144.163,0.092441803
144.166,0.092441844
144.169,0.092441886
144.172,0.092441928
144.175,0.092441969
144.178,0.092442011
144.181,0.092442052
144.185,0.092442093
144.188,0.092442133
144.191,0.092442174
144.194,0.092442214
144.197,0.092442254
144.2,0.092442294
144.203,0.092442333
144.206,0.092442373
144.21,0.092442412
144.213,0.092442452
144.216,0.092442491
144.219,0.092442531
144.222,0.09244257
144.225,0.092442609
144.228,0.092442649
144.231,0.092442689
144.234,0.092442728
144.238,0.092442768
144.241,0.092442808
144.244,0.092442848
144.247,0.092442888
144.25,0.092442927
144.253,0.092442967
144.256,0.092443007
144.259,0.092443047
144.263,0.092443086
144.266,0.092443125
144.269,0.092443164
144.272,0.092443203
144.275,0.092443242
144.278,0.09244328
144.281,0.092443318
144.284,0.092443357
144.287,0.092443394
144.291,0.092443432
144.294,0.09244347
144.297,0.092443508
144.3,0.092443546
144.303,0.092443583
144.306,0.092443621
144.309,0.092443659
144.312,0.092443697
144.316,0.092443735
144.319,0.092443774
144.322,0.092443812
144.325,0.092443851
144.328,0.092443891
144.331,0.09244393
144.334,0.09244397
144.337,0.092444009
144.341,0.09244405
144.344,0.09244409
144.347,0.09244413
144.35,0.09244417
144.353,0.09244421
144.356,0.09244425
144.359,0.092444289
144.362,0.092444329
144.365,0.092444368
144.369,0.092444407
144.372,0.092444446
144.375,0.092444484
144.378,0.092444523
144.381,0.092444561
144.384,0.092444599
144.387,0.092444636
144.39,0.092444674
144.394,0.092444712
144.397,0.092444749
144.4,0.092444787
144.403,0.092444825
144.406,0.092444863
144.409,0.092444901
144.412,0.092444939
144.415,0.092444978
144.418,0.092445017
144.422,0.092445056
144.425,0.092445095
144.428,0.092445135
144.431,0.092445176
144.434,0.092445217
144.437,0.092445258
144.44,0.092445299
144.443,0.092445341
144.447,0.092445383
144.45,0.092445425
144.453,0.092445467
144.456,0.092445509
144.459,0.092445551
144.462,0.092445593
144.465,0.092445635
144.468,0.092445677
144.471,0.092445719
144.475,0.09244576
144.478,0.092445801
144.481,0.092445842
144.484,0.092445882
144.487,0.092445923
144.49,0.092445963
144.493,0.092446002
144.496,0.092446042
144.5,0.092446081
144.503,0.092446121
144.506,0.09244616
144.509,0.092446199
144.512,0.092446238
144.515,0.092446278
144.518,0.092446317
144.521,0.092446356
144.524,0.092446396
144.528,0.092446435
144.531,0.092446475
144.534,0.092446515
144.537,0.092446555
144.54,0.092446595
144.543,0.092446635
144.546,0.092446675
144.549,0.092446714
144.553,0.092446754
144.556,0.092446793
144.559,0.092446832
144.562,0.092446871
144.565,0.092446909
144.568,0.092446947
144.571,0.092446985
144.574,0.092447022
144.577,0.092447058
144.581,0.092447094
144.584,0.09244713
144.587,0.092447165
144.59,0.0924472
144.593,0.092447235
144.596,0.092447269
144.599,0.092447304
144.602,0.092447338
144.606,0.092447373
144.609,0.092447407
144.612,0.092447442
144.615,0.092447477
144.618,0.092447512
144.621,0.092447547
144.624,0.092447583
144.627,0.092447619
144.63,0.092447656
144.634,0.092447693
144.637,0.09244773
144.64,0.092447768
144.643,0.092447806
144.646,0.092447844
144.649,0.092447883
144.652,0.092447921
144.655,0.09244796
144.659,0.092447998
144.662,0.092448036
144.665,0.092448074
144.668,0.092448112
144.671,0.092448149
144.674,0.092448186
144.677,0.092448223
144.68,0.092448259
144.684,0.092448295
144.687,0.092448331
144.69,0.092448367
144.693,0.092448402
144.696,0.092448437
144.699,0.092448473
144.702,0.092448508
144.705,0.092448543
144.708,0.092448579
144.712,0.092448615
144.715,0.092448651
144.718,0.092448688
144.721,0.092448725
144.724,0.092448762
144.727,0.0924488
144.73,0.092448838
144.733,0.092448877
144.737,0.092448916
144.74,0.092448955
144.743,0.092448994
144.746,0.092449034
144.749,0.092449073
144.752,0.092449113
144.755,0.092449152
144.758,0.092449192
144.761,0.092449231
144.765,0.09244927
144.768,0.092449309
144.771,0.092449348
144.774,0.092449386
144.777,0.092449425
144.78,0.092449463
144.783,0.092449501
144.786,0.09244954
144.79,0.092449578
144.793,0.092449616
144.796,0.092449654
144.799,0.092449693
144.802,0.092449731
144.805,0.09244977
144.808,0.092449809
144.811,0.092449848
144.814,0.092449887
144.818,0.092449927
144.821,0.092449967
144.824,0.092450007
144.827,0.092450046
144.83,0.092450086
144.833,0.092450126
144.836,0.092450166
144.839,0.092450205
144.843,0.092450244
144.846,0.092450282
144.849,0.09245032
144.852,0.092450358
144.855,0.092450395
144.858,0.092450431
144.861,0.092450467
144.864,0.092450503
144.867,0.092450538
144.871,0.092450573
144.874,0.092450608
144.877,0.092450642
144.88,0.092450676
144.883,0.09245071
144.886,0.092450744
144.889,0.092450778
144.892,0.092450812
144.896,0.092450846
144.899,0.09245088
144.902,0.092450915
144.905,0.09245095
144.908,0.092450985
144.911,0.092451021
144.914,0.092451057
144.917,0.092451093
144.92,0.092451129
144.924,0.092451166
144.927,0.092451202
144.93,0.092451239
144.933,0.092451276
144.936,0.092451312
144.939,0.092451349
144.942,0.092451386
144.945,0.092451423
144.949,0.092451459
144.952,0.092451496
144.955,0.092451532
144.958,0.092451568
144.961,0.092451605
144.964,0.092451641
144.967,0.092451677
144.97,0.092451714
144.973,0.09245175
144.977,0.092451787
144.98,0.092451824
144.983,0.092451861
144.986,0.092451899
144.989,0.092451936
144.992,0.092451974
144.995,0.092452012
144.998,0.092452051
145.002,0.092452089
145.005,0.092452128
145.008,0.092452168
145.011,0.092452207
145.014,0.092452246
145.017,0.092452285
145.02,0.092452325
145.023,0.092452364
145.027,0.092452403
145.03,0.092452442
145.033,0.092452481
145.036,0.09245252
145.039,0.092452558
145.042,0.092452597
145.045,0.092452635
145.048,0.092452673
145.051,0.092452711
145.055,0.092452749
145.058,0.092452787
145.061,0.092452826
145.064,0.092452864
145.067,0.092452902
145.07,0.09245294
145.073,0.092452979
145.076,0.092453018
145.08,0.092453057
145.083,0.092453096
145.086,0.092453135
145.089,0.092453175
145.092,0.092453215
145.095,0.092453255
145.098,0.092453295
145.101,0.092453335
145.104,0.092453376
145.108,0.092453416
145.111,0.092453457
145.114,0.092453497
145.117,0.092453537
145.12,0.092453577
145.123,0.092453617
145.126,0.092453657
145.129,0.092453697
145.133,0.092453736
145.136,0.092453775
145.139,0.092453813
145.142,0.092453851
145.145,0.092453889
145.148,0.092453927
145.151,0.092453964
145.154,0.092454002
145.157,0.092454039
145.161,0.092454075
145.164,0.092454112
145.167,0.092454149
145.17,0.092454185
145.173,0.092454222
145.176,0.092454258
145.179,0.092454295
145.182,0.092454331
145.186,0.092454368
145.189,0.092454404
145.192,0.09245444
145.195,0.092454477
145.198,0.092454513
145.201,0.092454549
145.204,0.092454585
145.207,0.092454621
145.21,0.092454657
145.214,0.092454692
145.217,0.092454727
145.22,0.092454762
145.223,0.092454797
145.226,0.092454831
145.229,0.092454865
145.232,0.0924549
145.235,0.092454934
145.239,0.092454967
145.242,0.092455001
145.245,0.092455035
145.248,0.092455068
145.251,0.092455102
145.254,0.092455135
145.257,0.092455169
145.26,0.092455203
145.263,0.092455237
145.267,0.092455271
145.27,0.092455306
145.273,0.09245534
145.276,0.092455375
145.279,0.092455411
145.282,0.092455446
145.285,0.092455482
145.288,0.092455518
145.292,0.092455554
145.295,0.09245559
145.298,0.092455627
145.301,0.092455663
145.304,0.092455699
145.307,0.092455735
145.31,0.092455771
145.313,0.092455807
145.316,0.092455842
145.32,0.092455878
145.323,0.092455913
145.326,0.092455948
145.329,0.092455984
145.332,0.092456019
145.335,0.092456053
145.338,0.092456088
145.341,0.092456123
145.345,0.092456158
145.348,0.092456193
145.351,0.092456228
145.354,0.092456264
145.357,0.092456299
145.36,0.092456335
145.363,0.092456371
145.366,0.092456407
145.37,0.092456444
145.373,0.092456481
145.376,0.092456518
145.379,0.092456556
145.382,0.092456594
145.385,0.092456632
145.388,0.092456671
145.391,0.09245671
145.394,0.09245675
145.398,0.09245679
145.401,0.09245683
145.404,0.09245687
145.407,0.09245691
145.41,0.09245695
145.413,0.09245699
145.416,0.09245703
145.419,0.09245707
145.423,0.092457109
145.426,0.092457148
145.429,0.092457187
145.432,0.092457225
145.435,0.092457263
145.438,0.0924573
145.441,0.092457337
145.444,0.092457374
145.447,0.09245741
145.451,0.092457445
145.454,0.092457481
145.457,0.092457516
145.46,0.09245755
145.463,0.092457585
145.466,0.092457619
145.469,0.092457654
145.472,0.092457688
145.476,0.092457722
145.479,0.092457757
145.482,0.092457791
145.485,0.092457825
145.488,0.09245786
145.491,0.092457895
145.494,0.09245793
145.497,0.092457964
145.5,0.092457999
145.504,0.092458034
145.507,0.092458069
145.51,0.092458103
145.513,0.092458137
145.516,0.092458171
145.519,0.092458205
145.522,0.092458238
145.525,0.092458271
145.529,0.092458304
145.532,0.092458336
145.535,0.092458369
145.538,0.092458401
145.541,0.092458432
145.544,0.092458464
145.547,0.092458496
145.55,0.092458527
145.553,0.092458558
145.557,0.09245859
145.56,0.092458622
145.563,0.092458654
145.566,0.092458686
145.569,0.092458719
145.572,0.092458752
145.575,0.092458785
145.578,0.092458819
145.582,0.092458853
145.585,0.092458887
145.588,0.092458922
145.591,0.092458957
145.594,0.092458993
145.597,0.092459028
145.6,0.092459064
145.603,0.0924591
145.606,0.092459135
145.61,0.092459171
145.613,0.092459206
145.616,0.092459241
145.619,0.092459275
145.622,0.09245931
145.625,0.092459344
145.628,0.092459378
145.631,0.092459411
145.635,0.092459445
145.638,0.092459478
145.641,0.092459511
145.644,0.092459545
145.647,0.092459578
145.65,0.092459611
145.653,0.092459645
145.656,0.092459678
145.659,0.092459712
145.663,0.092459747
145.666,0.092459782
145.669,0.092459817
145.672,0.092459852
145.675,0.092459889
145.678,0.092459925
145.681,0.092459962
145.684,0.092459999
145.688,0.092460036
145.691,0.092460074
145.694,0.092460111
145.697,0.092460149
145.7,0.092460187
145.703,0.092460225
145.706,0.092460262
145.709,0.0924603
145.713,0.092460337
145.716,0.092460374
145.719,0.092460411
145.722,0.092460448
145.725,0.092460484
145.728,0.092460521
145.731,0.092460557
145.734,0.092460594
145.737,0.09246063
145.741,0.092460666
145.744,0.092460703
145.747,0.092460739
145.75,0.092460776
145.753,0.092460813
145.756,0.09246085
145.759,0.092460887
145.762,0.092460924
145.766,0.092460961
145.769,0.092460999
145.772,0.092461036
145.775,0.092461074
145.778,0.092461111
145.781,0.092461148
145.784,0.092461185
145.787,0.092461222
145.79,0.092461258
145.794,0.092461294
145.797,0.09246133
145.8,0.092461365
145.803,0.092461399
145.806,0.092461433
145.809,0.092461467
145.812,0.0924615
145.815,0.092461533
145.819,0.092461566
145.822,0.092461598
145.825,0.09246163
145.828,0.092461662
145.831,0.092461694
145.834,0.092461726
145.837,0.092461758
145.84,0.09246179
145.843,0.092461822
145.847,0.092461855
145.85,0.092461887
145.853,0.09246192
145.856,0.092461953
145.859,0.092461987
145.862,0.09246202
145.865,0.092462054
145.868,0.092462088
145.872,0.092462122
145.875,0.092462156
145.878,0.092462191
145.881,0.092462225
145.884,0.092462259
145.887,0.092462293
145.89,0.092462327
145.893,0.09246236
145.896,0.092462394
145.9,0.092462427
145.903,0.092462461
145.906,0.092462494
145.909,0.092462527
145.912,0.09246256
145.915,0.092462594
145.918,0.092462627
145.921,0.09246266
145.925,0.092462694
145.928,0.092462727
145.931,0.092462761
145.934,0.092462795
145.937,0.092462829
145.94,0.092462864
145.943,0.092462899
145.946,0.092462933
145.949,0.092462969
145.953,0.092463004
145.956,0.092463039
145.959,0.092463074
145.962,0.092463109
145.965,0.092463144
145.968,0.09246318
145.971,0.092463215
145.974,0.092463249
145.978,0.092463284
145.981,0.092463318
145.984,0.092463353
145.987,0.092463387
145.99,0.092463421
145.993,0.092463455
145.996,0.092463489
145.999,0.092463523
146.002,0.092463557
146.006,0.092463591
146.009,0.092463626
146.012,0.09246366
146.015,0.092463694
146.018,0.092463729
146.021,0.092463764
146.024,0.092463799
146.027,0.092463834
146.031,0.09246387
146.034,0.092463906
146.037,0.092463942
146.04,0.092463978
146.043,0.092464014
146.046,0.092464051
146.049,0.092464088
146.052,0.092464124
146.056,0.092464161
146.059,0.092464198
146.062,0.092464234
146.065,0.092464271
146.068,0.092464307
146.071,0.092464343
146.074,0.092464379
146.077,0.092464414
146.08,0.09246445
146.084,0.092464485
146.087,0.092464519
146.09,0.092464554
146.093,0.092464588
146.096,0.092464622
146.099,0.092464656
146.102,0.09246469
146.105,0.092464724
146.109,0.092464757
146.112,0.092464791
146.115,0.092464825
146.118,0.092464858
146.121,0.092464892
146.124,0.092464926
146.127,0.092464959
146.13,0.092464993
146.133,0.092465027
146.137,0.092465061
146.14,0.092465095
146.143,0.092465129
146.146,0.092465163
146.149,0.092465197
146.152,0.09246523
146.155,0.092465264
146.158,0.092465298
146.162,0.092465331
146.165,0.092465364
146.168,0.092465397
146.171,0.09246543
146.174,0.092465463
146.177,0.092465496
146.18,0.092465528
146.183,0.092465561
146.186,0.092465593
146.19,0.092465625
146.193,0.092465657
146.196,0.092465689
146.199,0.092465722
146.202,0.092465754
146.205,0.092465786
146.208,0.092465819
146.211,0.092465852
146.215,0.092465885
146.218,0.092465918
146.221,0.092465951
146.224,0.092465985
146.227,0.092466018
146.23,0.092466052
146.233,0.092466086
146.236,0.09246612
146.239,0.092466154
146.243,0.092466188
146.246,0.092466222
146.249,0.092466256
146.252,0.092466289
146.255,0.092466323
146.258,0.092466356
146.261,0.092466388
146.264,0.092466421
146.268,0.092466453
146.271,0.092466485
146.274,0.092466517
146.277,0.092466549
146.28,0.09246658
146.283,0.092466612
146.286,0.092466643
146.289,0.092466675
146.292,0.092466706
146.296,0.092466738
146.299,0.092466769
146.302,0.092466801
146.305,0.092466833
146.308,0.092466865
146.311,0.092466898
146.314,0.09246693
146.317,0.092466964
146.321,0.092466997
146.324,0.092467031
146.327,0.092467065
146.33,0.0924671
146.333,0.092467135
146.336,0.092467171
146.339,0.092467206
146.342,0.092467243
146.345,0.092467279
146.349,0.092467315
146.352,0.092467352
146.355,0.092467388
146.358,0.092467424
146.361,0.092467461
146.364,0.092467497
146.367,0.092467532
146.37,0.092467568
146.374,0.092467603
146.377,0.092467637
146.38,0.092467672
146.383,0.092467706
146.386,0.092467739
146.389,0.092467773
146.392,0.092467805
146.395,0.092467838
146.399,0.09246787
146.402,0.092467903
146.405,0.092467935
146.408,0.092467967
146.411,0.092467999
146.414,0.092468031
146.417,0.092468063
146.42,0.092468095
146.423,0.092468127
146.427,0.09246816
146.43,0.092468193
146.433,0.092468225
146.436,0.092468258
146.439,0.09246829
146.442,0.092468323
146.445,0.092468356
146.448,0.092468388
146.452,0.09246842
146.455,0.092468453
146.458,0.092468484
146.461,0.092468516
146.464,0.092468547
146.467,0.092468578
146.47,0.092468608
146.473,0.092468639
146.476,0.092468668
146.48,0.092468698
146.483,0.092468727
146.486,0.092468757
146.489,0.092468786
146.492,0.092468815
146.495,0.092468844
146.498,0.092468873
146.501,0.092468902
146.505,0.092468931
146.508,0.092468961
146.511,0.092468991
146.514,0.092469021
146.517,0.092469051
146.52,0.092469082
146.523,0.092469113
146.526,0.092469145
146.529,0.092469177
146.533,0.092469209
146.536,0.092469241
146.539,0.092469274
146.542,0.092469306
146.545,0.092469339
146.548,0.092469371
146.551,0.092469404
146.554,0.092469436
146.558,0.092469468
146.561,0.0924695
146.564,0.092469532
146.567,0.092469563
146.57,0.092469594
146.573,0.092469625
146.576,0.092469655
146.579,0.092469685
146.582,0.092469715
146.586,0.092469745
146.589,0.092469775
146.592,0.092469805
146.595,0.092469835
146.598,0.092469865
146.601,0.092469895
146.604,0.092469926
146.607,0.092469957
146.611,0.092469988
146.614,0.09247002
146.617,0.092470052
146.62,0.092470084
146.623,0.092470117
146.626,0.09247015
146.629,0.092470183
146.632,0.092470217
146.635,0.09247025
146.639,0.092470284
146.642,0.092470318
146.645,0.092470352
146.648,0.092470385
146.651,0.092470419
146.654,0.092470452
146.657,0.092470486
146.66,0.092470519
146.664,0.092470552
146.667,0.092470585
146.67,0.092470617
146.673,0.09247065
146.676,0.092470683
146.679,0.092470716
146.682,0.092470749
146.685,0.092470782
146.688,0.092470814
146.692,0.092470848
146.695,0.092470881
146.698,0.092470915
146.701,0.092470949
146.704,0.092470983
146.707,0.092471017
146.71,0.092471052
146.713,0.092471086
146.717,0.09247112
146.72,0.092471155
146.723,0.092471189
146.726,0.092471223
146.729,0.092471257
146.732,0.09247129
146.735,0.092471323
146.738,0.092471355
146.742,0.092471387
146.745,0.092471419
146.748,0.092471449
146.751,0.09247148
146.754,0.09247151
146.757,0.09247154
146.76,0.092471569
146.763,0.092471598
146.766,0.092471626
146.77,0.092471655
146.773,0.092471683
146.776,0.092471712
146.779,0.09247174
146.782,0.092471769
146.785,0.092471797
146.788,0.092471826
146.791,0.092471856
146.795,0.092471885
146.798,0.092471915
146.801,0.092471945
146.804,0.092471975
146.807,0.092472005
146.81,0.092472036
146.813,0.092472067
146.816,0.092472098
146.819,0.092472129
146.823,0.09247216
146.826,0.092472191
146.829,0.092472222
146.832,0.092472253
146.835,0.092472283
146.838,0.092472314
146.841,0.092472345
146.844,0.092472375
146.848,0.092472406
146.851,0.092472436
146.854,0.092472466
146.857,0.092472497
146.86,0.092472527
146.863,0.092472558
146.866,0.092472589
146.869,0.09247262
146.872,0.092472651
146.876,0.092472683
146.879,0.092472714
146.882,0.092472746
146.885,0.092472778
146.888,0.09247281
146.891,0.092472842
146.894,0.092472875
146.897,0.092472907
146.901,0.092472939
146.904,0.092472972
146.907,0.092473003
146.91,0.092473035
146.913,0.092473067
146.916,0.092473098
146.919,0.09247313
146.922,0.09247316
146.925,0.092473191
146.929,0.092473222
146.932,0.092473252
146.935,0.092473282
146.938,0.092473313
146.941,0.092473343
146.944,0.092473373
146.947,0.092473404
146.95,0.092473434
146.954,0.092473465
146.957,0.092473496
146.96,0.092473528
146.963,0.092473559
146.966,0.092473591
146.969,0.092473623
146.972,0.092473656
146.975,0.092473688
146.978,0.092473721
146.982,0.092473754
146.985,0.092473787
146.988,0.092473819
146.991,0.092473852
146.994,0.092473885
146.997,0.092473918
147,0.09247395
147.003,0.092473983
147.007,0.092474015
147.01,0.092474047
147.013,0.092474079
147.016,0.09247411
147.019,0.092474141
147.022,0.092474173
147.025,0.092474204
147.028,0.092474235
147.031,0.092474266
147.035,0.092474297
147.038,0.092474328
147.041,0.092474359
147.044,0.09247439
147.047,0.092474422
147.05,0.092474453
147.053,0.092474485
147.056,0.092474516
147.06,0.092474548
147.063,0.09247458
147.066,0.092474612
147.069,0.092474644
147.072,0.092474675
147.075,0.092474707
147.078,0.092474738
147.081,0.092474769
147.085,0.0924748
147.088,0.092474831
147.091,0.092474861
147.094,0.092474891
147.097,0.092474921
147.1,0.09247495
147.103,0.09247498
147.106,0.092475009
147.109,0.092475037
147.113,0.092475066
147.116,0.092475094
147.119,0.092475123
147.122,0.092475151
147.125,0.092475179
147.128,0.092475208
147.131,0.092475236
147.134,0.092475265
147.138,0.092475294
147.141,0.092475323
147.144,0.092475352
147.147,0.092475382
147.15,0.092475411
147.153,0.092475441
147.156,0.092475472
147.159,0.092475502
147.162,0.092475533
147.166,0.092475564
147.169,0.092475595
147.172,0.092475627
147.175,0.092475658
147.178,0.092475689
147.181,0.09247572
147.184,0.092475752
147.187,0.092475783
147.191,0.092475814
147.194,0.092475845
147.197,0.092475875
147.2,0.092475906
147.203,0.092475936
147.206,0.092475967
147.209,0.092475967
147.212,0.092475967
147.215,0.092475967
147.219,0.092475967
147.222,0.092475967
147.225,0.092475967
147.228,0.092475967
147.231,0.092475967
147.234,0.092475967
147.237,0.092475967
147.24,0.092475967
147.244,0.092475967
147.247,0.092475967
147.25,0.092475967
147.253,0.092475967
147.256,0.092475967
147.259,0.092475967
147.262,0.092475967
147.265,0.092475967
147.268,0.092475967
147.272,0.092475967
147.275,0.092475967
147.278,0.092475967
147.281,0.092475967
147.284,0.092475967
147.287,0.092475967
147.29,0.092475967
147.293,0.092475967
147.297,0.092475967
147.3,0.092475967
147.303,0.092475967
147.306,0.092475967
147.309,0.092475967
147.312,0.092475967
147.315,0.092475967
147.318,0.092475967
147.321,0.092475967
147.325,0.092475967
147.328,0.092475967
147.331,0.092475967
147.334,0.092475967
147.337,0.092475967
147.34,0.092475967
147.343,0.092475967
147.346,0.092475967
147.35,0.092475967
147.353,0.092475967
147.356,0.092475967
147.359,0.092475967
147.362,0.092475967
147.365,0.092475967
147.368,0.092475967
147.371,0.092475967
147.374,0.092475967
147.378,0.092475967
147.381,0.092475967
147.384,0.092475967
147.387,0.092475967
147.39,0.092475967
147.393,0.092475967
147.396,0.092475967
147.399,0.092475967
147.403,0.092475967
147.406,0.092475967
147.409,0.092475967
147.412,0.092475967
147.415,0.092475967
147.418,0.092475967
147.421,0.092475967
147.424,0.092475967
147.428,0.092475967
147.431,0.092475967
147.434,0.092475967
147.437,0.092475967
147.44,0.092475967
147.443,0.092475967
147.446,0.092475967
147.449,0.092475967
147.452,0.092475967
147.456,0.092475967
147.459,0.092475967
147.462,0.092475967
147.465,0.092475967
147.468,0.092475967
147.471,0.092475967
147.474,0.092475967
147.477,0.092475967
147.481,0.092475967
147.484,0.092475967
147.487,0.092475967
147.49,0.092475967
147.493,0.092475967
147.496,0.092475967
147.499,0.092475967
147.502,0.092475967
147.505,0.092475967
147.509,0.092475967
147.512,0.092475967
147.515,0.092475967
147.518,0.092475967
147.521,0.092475967
147.524,0.092475967
147.527,0.092475967
147.53,0.092475967
147.534,0.092475967
147.537,0.092475967
147.54,0.092475967
147.543,0.092475967
147.546,0.092475967
147.549,0.092475967
147.552,0.092475967
147.555,0.092475967
147.558,0.092475967
147.562,0.092475967
147.565,0.092475967
147.568,0.092475967
147.571,0.092475967
147.574,0.092475967
147.577,0.092475967
147.58,0.092475967
147.583,0.092475967
147.587,0.092475967
147.59,0.092475967
147.593,0.092475967
147.596,0.092475967
147.599,0.092475967
147.602,0.092475967
147.605,0.092475967
147.608,0.092475967
147.611,0.092475967
147.615,0.092475967
147.618,0.092475967
147.621,0.092475967
147.624,0.092475967
147.627,0.092475967
147.63,0.092475967
147.633,0.092475967
147.636,0.092475967
147.64,0.092475967
147.643,0.092475967
147.646,0.092475967
147.649,0.092475967
147.652,0.092475967
147.655,0.092475967
147.658,0.092475967
147.661,0.092475967
147.664,0.092475967
147.668,0.092475967
147.671,0.092475967
147.674,0.092475967
147.677,0.092475967
147.68,0.092475967
147.683,0.092475967
147.686,0.092475967
147.689,0.092475967
147.693,0.092475967
147.696,0.092475967
147.699,0.092475967
147.702,0.092475967
147.705,0.092475967
147.708,0.092475967
147.711,0.092475967
147.714,0.092475967
147.717,0.092475967
147.721,0.092475967
147.724,0.092475967
147.727,0.092475967
147.73,0.092475967
147.733,0.092475967
147.736,0.092475967
147.739,0.092475967
147.742,0.092475967
147.746,0.092475967
147.749,0.092475967
147.752,0.092475967
147.755,0.092475967
147.758,0.092475967
147.761,0.092475967
147.764,0.092475967
147.767,0.092475967
147.771,0.092475967
147.774,0.092475967
147.777,0.092475967
147.78,0.092475967
147.783,0.092475967
147.786,0.092475967
147.789,0.092475967
147.792,0.092475967
147.795,0.092475967
147.799,0.092475967
147.802,0.092475967
147.805,0.092475967
147.808,0.092475967
147.811,0.092475967
147.814,0.092475967
147.817,0.092475967
147.82,0.092475967
147.824,0.092475967
147.827,0.092475967
147.83,0.092475967
147.833,0.092475967
147.836,0.092475967
147.839,0.092475967
147.842,0.092475967
147.845,0.092475967
147.848,0.092475967
147.852,0.092475967
147.855,0.092475967
147.858,0.092475967
147.861,0.092475967
147.864,0.092475967
147.867,0.092475967
147.87,0.092475967
147.873,0.092475967
147.877,0.092475967
147.88,0.092475967
147.883,0.092475967
147.886,0.092475967
147.889,0.092475967
147.892,0.092475967
147.895,0.092475967
147.898,0.092475967
147.901,0.092475967
147.905,0.092475967
147.908,0.092475967
147.911,0.092475967
147.914,0.092475967
147.917,0.092475967
147.92,0.092475967
147.923,0.092475967
147.926,0.092475967
147.93,0.092475967
147.933,0.092475967
147.936,0.092475967
147.939,0.092475967
147.942,0.092475967
147.945,0.092475967
147.948,0.092475967
147.951,0.092475967
147.954,0.092475967
147.958,0.092475967
147.961,0.092475967
147.964,0.092475967
147.967,0.092475967
147.97,0.092475967
147.973,0.092475967
147.976,0.092475967
147.979,0.092475967
147.983,0.092475967
147.986,0.092475967
147.989,0.092475967
147.992,0.092475967
147.995,0.092475967
147.998,0.092475967
148.001,0.092475967
148.004,0.092475967
148.007,0.092475967
148.011,0.092475967
148.014,0.092475967
148.017,0.092475967
148.02,0.092475967
148.023,0.092475967
148.026,0.092475967
148.029,0.092475967
148.032,0.092475967
148.036,0.092475967
148.039,0.092475967
148.042,0.092475967
148.045,0.092475967
148.048,0.092475967
148.051,0.092475967
148.054,0.092475967
148.057,0.092475967
148.06,0.092475967
148.064,0.092475967
148.067,0.092475967
148.07,0.092475967
148.073,0.092475967
148.076,0.092475967
148.079,0.092475967
148.082,0.092475967
148.085,0.092475967
148.089,0.092475967
148.092,0.092475967
148.095,0.092475967
148.098,0.092475967
148.101,0.092475967
148.104,0.092475967
148.107,0.092475967
148.11,0.092475967
148.114,0.092475967
148.117,0.092475967
148.12,0.092475967
148.123,0.092475967
148.126,0.092475967
148.129,0.092475967
148.132,0.092475967
148.135,0.092475967
148.138,0.092475967
148.142,0.092475967
148.145,0.092475967
148.148,0.092475967
148.151,0.092475967
148.154,0.092475967
148.157,0.092475967
148.16,0.092475967
148.163,0.092475967
148.167,0.092475967
148.17,0.092475967
148.173,0.092475967
148.176,0.092475967
148.179,0.092475967
148.182,0.092475967
148.185,0.092475967
148.188,0.092475967
148.191,0.092475967
148.195,0.092475967
148.198,0.092475967
148.201,0.092475967
148.204,0.092475967
148.207,0.092475967
148.21,0.092475967
148.213,0.092475967
148.216,0.092475967
148.22,0.092475967
148.223,0.092475967
148.226,0.092475967
148.229,0.092475967
148.232,0.092475967
148.235,0.092475967
148.238,0.092475967
148.241,0.092475967
148.244,0.092475967
148.248,0.092475967
148.251,0.092475967
148.254,0.092475967
148.257,0.092475967
148.26,0.092475967
148.263,0.092475967
148.266,0.092475967
148.269,0.092475967
148.273,0.092475967
148.276,0.092475967
148.279,0.092475967
148.282,0.092475967
148.285,0.092475967
148.288,0.092475967
148.291,0.092475967
148.294,0.092475967
148.297,0.092475967
148.301,0.092475967
148.304,0.092475967
148.307,0.092475967
148.31,0.092475967
148.313,0.092475967
148.316,0.092475967
148.319,0.092475967
148.322,0.092475967
148.326,0.092475967
148.329,0.092475967
148.332,0.092475967
148.335,0.092475967
148.338,0.092475967
148.341,0.092475967
148.344,0.092475967
148.347,0.092475967
148.35,0.092475967
148.354,0.092475967
148.357,0.092475967
148.36,0.092475967
148.363,0.092475967
148.366,0.092475967
148.369,0.092475967
148.372,0.092475967
148.375,0.092475967
148.379,0.092475967
148.382,0.092475967
148.385,0.092475967
148.388,0.092475967
148.391,0.092475967
148.394,0.092475967
148.397,0.092475967
148.4,0.092475967
148.403,0.092475967
148.407,0.092475967
148.41,0.092475967
148.413,0.092475967
148.416,0.092475967
148.419,0.092475967
148.422,0.092475967
148.425,0.092475967
148.428,0.092475967
148.432,0.092475967
148.435,0.092475967
148.438,0.092475967
148.441,0.092475967
148.444,0.092475967
148.447,0.092475967
148.45,0.092475967
148.453,0.092475967
148.457,0.092475967
148.46,0.092475967
148.463,0.092475967
148.466,0.092475967
148.469,0.092475967
148.472,0.092475967
148.475,0.092475967
148.478,0.092475967
148.481,0.092475967
148.485,0.092475967
148.488,0.092475967
148.491,0.092475967
148.494,0.092475967
148.497,0.092475967
148.5,0.092475967
148.503,0.092475967
148.506,0.092475967
148.51,0.092475967
148.513,0.092475967
148.516,0.092475967
148.519,0.092475967
148.522,0.092475967
148.525,0.092475967
148.528,0.092475967
148.531,0.092475967
148.534,0.092475967
148.538,0.092475967
148.541,0.092475967
148.544,0.092475967
148.547,0.092475967
148.55,0.092475967
148.553,0.092475967
148.556,0.092475967
148.559,0.092475967
148.563,0.092475967
148.566,0.092475967
148.569,0.092475967
148.572,0.092475967
148.575,0.092475967
148.578,0.092475967
148.581,0.092475967
148.584,0.092475967
148.587,0.092475967
148.591,0.092475967
148.594,0.092475967
148.597,0.092475967
148.6,0.092475967
148.603,0.092475967
148.606,0.092475967
148.609,0.092475967
148.612,0.092475967
148.616,0.092475967
148.619,0.092475967
148.622,0.092475967
148.625,0.092475967
148.628,0.092475967
148.631,0.092475967
148.634,0.092475967
148.637,0.092475967
148.64,0.092475967
148.644,0.092475967
148.647,0.092475967
148.65,0.092475967
148.653,0.092475967
148.656,0.092475967
148.659,0.092475967
148.662,0.092475967
148.665,0.092475967
148.669,0.092475967
148.672,0.092475967
148.675,0.092475967
148.678,0.092475967
148.681,0.092475967
148.684,0.092475967
148.687,0.092475967
148.69,0.092475967
148.693,0.092475967
148.697,0.092475967
148.7,0.092475967
148.703,0.092475967
148.706,0.092475967
148.709,0.092475967
148.712,0.092475967
148.715,0.092475967
148.718,0.092475967
148.722,0.092475967
148.725,0.092475967
148.728,0.092475967
148.731,0.092475967
148.734,0.092475967
148.737,0.092475967
148.74,0.092475967
148.743,0.092475967
148.746,0.092475967
148.75,0.092475967
148.753,0.092475967
148.756,0.092475967
148.759,0.092475967
148.762,0.092475967
148.765,0.092475967
148.768,0.092475967
148.771,0.092475967
148.775,0.092475967
148.778,0.092475967
148.781,0.092475967
148.784,0.092475967
148.787,0.092475967
148.79,0.092475967
148.793,0.092475967
148.796,0.092475967
148.8,0.092475967
148.803,0.092475967
148.806,0.092475967
148.809,0.092475967
148.812,0.092475967
148.815,0.092475967
148.818,0.092475967
148.821,0.092475967
148.824,0.092475967
148.828,0.092475967
148.831,0.092475967
148.834,0.092475967
148.837,0.092475967
148.84,0.092475967
148.843,0.092475967
148.846,0.092475967
148.849,0.092475967
148.853,0.092475967
148.856,0.092475967
148.859,0.092475967
148.862,0.092475967
148.865,0.092475967
148.868,0.092475967
148.871,0.092475967
148.874,0.092475967
148.877,0.092475967
148.881,0.092475967
148.884,0.092475967
148.887,0.092475967
148.89,0.092475967
148.893,0.092475967
148.896,0.092475967
148.899,0.092475967
148.902,0.092475967
148.906,0.092475967
148.909,0.092475967
148.912,0.092475967
148.915,0.092475967
148.918,0.092475967
148.921,0.092475967
148.924,0.092475967
148.927,0.092475967
148.93,0.092475967
148.934,0.092475967
148.937,0.092475967
148.94,0.092475967
148.943,0.092475967
148.946,0.092475967
148.949,0.092475967
148.952,0.092475967
148.955,0.092475967
148.959,0.092475967
148.962,0.092475967
148.965,0.092475967
148.968,0.092475967
148.971,0.092475967
148.974,0.092475967
148.977,0.092475967
148.98,0.092475967
148.983,0.092475967
148.987,0.092475967
148.99,0.092475967
148.993,0.092475967
148.996,0.092475967
148.999,0.092475967
149.002,0.092475967
149.005,0.092475967
149.008,0.092475967
149.012,0.092475967
149.015,0.092475967
149.018,0.092475967
149.021,0.092475967
149.024,0.092475967
149.027,0.092475967
149.03,0.092475967
149.033,0.092475967
149.036,0.092475967
149.04,0.092475967
149.043,0.092475967
149.046,0.092475967
149.049,0.092475967
149.052,0.092475967
149.055,0.092475967
149.058,0.092475967
149.061,0.092475967
149.065,0.092475967
149.068,0.092475967
149.071,0.092475967
149.074,0.092475967
149.077,0.092475967
149.08,0.092475967
149.083,0.092475967
149.086,0.092475967
149.089,0.092475967
149.093,0.092475967
149.096,0.092475967
149.099,0.092475967
149.102,0.092475967
149.105,0.092475967
149.108,0.092475967
149.111,0.092475967
149.114,0.092475967
149.118,0.092475967
149.121,0.092475967
149.124,0.092475967
149.127,0.092475967
149.13,0.092475967
149.133,0.092475967
149.136,0.092475967
149.139,0.092475967
149.143,0.092475967
149.146,0.092475967
149.149,0.092475967
149.152,0.092475967
149.155,0.092475967
149.158,0.092475967
149.161,0.092475967
149.164,0.092475967
149.167,0.092475967
149.171,0.092475967
149.174,0.092475967
149.177,0.092475967
149.18,0.092475967
149.183,0.092475967
149.186,0.092475967
149.189,0.092475967
149.192,0.092475967
149.196,0.092475967
149.199,0.092475967
149.202,0.092475967
149.205,0.092475967
149.208,0.092475967
149.211,0.092475967
149.214,0.092475967
149.217,0.092475967
149.22,0.092475967
149.224,0.092475967
149.227,0.092475967
149.23,0.092475967
149.233,0.092475967
149.236,0.092475967
149.239,0.092475967
149.242,0.092475967
149.245,0.092475967
149.249,0.092475967
149.252,0.092475967
149.255,0.092475967
149.258,0.092475967
149.261,0.092475967
149.264,0.092475967
149.267,0.092475967
149.27,0.092475967
149.273,0.092475967
149.277,0.092475967
149.28,0.092475967
149.283,0.092475967
149.286,0.092475967
149.289,0.092475967
149.292,0.092475967
149.295,0.092475967
149.298,0.092475967
149.302,0.092475967
149.305,0.092475967
149.308,0.092475967
149.311,0.092475967
149.314,0.092475967
149.317,0.092475967
149.32,0.092475967
149.323,0.092475967
149.326,0.092475967
149.33,0.092475967
149.333,0.092475967
149.336,0.092475967
149.339,0.092475967
149.342,0.092475967
149.345,0.092475967
149.348,0.092475967
149.351,0.092475967
149.355,0.092475967
149.358,0.092475967
149.361,0.092475967
149.364,0.092475967
149.367,0.092475967
149.37,0.092475967
149.373,0.092475967
149.376,0.092475967
149.379,0.092475967
149.383,0.092475967
149.386,0.092475967
149.389,0.092475967
149.392,0.092475967
149.395,0.092475967
149.398,0.092475967
149.401,0.092475967
149.404,0.092475967
149.408,0.092475967
149.411,0.092475967
149.414,0.092475967
149.417,0.092475967
149.42,0.092475967
149.423,0.092475967
149.426,0.092475967
149.429,0.092475967
149.432,0.092475967
149.436,0.092475967
149.439,0.092475967
149.442,0.092475967
149.445,0.092475967
149.448,0.092475967
149.451,0.092475967
149.454,0.092475967
149.457,0.092475967
149.461,0.092475967
149.464,0.092475967
149.467,0.092475967
149.47,0.092475967
149.473,0.092475967
149.476,0.092475967
149.479,0.092475967
149.482,0.092475967
149.486,0.092475967
149.489,0.092475967
149.492,0.092475967
149.495,0.092475967
149.498,0.092475967
149.501,0.092475967
149.504,0.092475967
149.507,0.092475967
149.51,0.092475967
149.514,0.092475967
149.517,0.092475967
149.52,0.092475967
149.523,0.092475967
149.526,0.092475967
149.529,0.092475967
149.532,0.092475967
149.535,0.092475967
149.539,0.092475967
149.542,0.092475967
149.545,0.092475967
149.548,0.092475967
149.551,0.092475967
149.554,0.092475967
149.557,0.092475967
149.56,0.092475967
149.563,0.092475967
149.567,0.092475967
149.57,0.092475967
149.573,0.092475967
149.576,0.092475967
149.579,0.092475967
149.582,0.092475967
149.585,0.092475967
149.588,0.092475967
149.592,0.092475967
149.595,0.092475967
149.598,0.092475967
149.601,0.092475967
149.604,0.092475967
149.607,0.092475967
149.61,0.092475967
149.613,0.092475967
149.616,0.092475967
149.62,0.092475967
149.623,0.092475967
149.626,0.092475967
149.629,0.092475967
149.632,0.092475967
149.635,0.092475967
149.638,0.092475967
149.641,0.092475967
149.645,0.092475967
149.648,0.092475967
149.651,0.092475967
149.654,0.092475967
149.657,0.092475967
149.66,0.092475967
149.663,0.092475967
149.666,0.092475967
149.669,0.092475967
149.673,0.092475967
149.676,0.092475967
149.679,0.092475967
149.682,0.092475967
149.685,0.092475967
149.688,0.092475967
149.691,0.092475967
149.694,0.092475967
149.698,0.092475967
149.701,0.092475967
149.704,0.092475967
149.707,0.092475967
149.71,0.092475967
149.713,0.092475967
149.716,0.092475967
149.719,0.092475967
149.722,0.092475967
149.726,0.092475967
149.729,0.092475967
149.732,0.092475967
149.735,0.092475967
149.738,0.092475967
149.741,0.092475967
149.744,0.092475967
149.747,0.092475967
149.751,0.092475967
149.754,0.092475967
149.757,0.092475967
149.76,0.092475967
149.763,0.092475967
149.766,0.092475967
149.769,0.092475967
149.772,0.092475967
149.775,0.092475967
149.779,0.092475967
149.782,0.092475967
149.785,0.092475967
149.788,0.092475967
149.791,0.092475967
149.794,0.092475967
149.797,0.092475967
149.8,0.092475967
149.804,0.092475967
149.807,0.092475967
149.81,0.092475967
149.813,0.092475967
149.816,0.092475967
149.819,0.092475967
149.822,0.092475967
149.825,0.092475967
149.828,0.092475967
149.832,0.092475967
149.835,0.092475967
149.838,0.092475967
149.841,0.092475967
149.844,0.092475967
149.847,0.092475967
149.85,0.092475967
149.853,0.092475967
149.857,0.092475967
149.86,0.092475967
149.863,0.092475967
149.866,0.092475967
149.869,0.092475967
149.872,0.092475967
149.875,0.092475967
149.878,0.092475967
149.882,0.092475967
149.885,0.092475967
149.888,0.092475967
149.891,0.092475967
149.894,0.092475967
149.897,0.092475967
149.9,0.092475967
149.903,0.092475967
149.906,0.092475967
149.91,0.092475967
149.913,0.092475967
149.916,0.092475967
149.919,0.092475967
149.922,0.092475967
149.925,0.092475967
149.928,0.092475967
149.931,0.092475967
149.935,0.092475967
149.938,0.092475967
149.941,0.092475967
149.944,0.092475967
149.947,0.092475967
149.95,0.092475967
149.953,0.092475967
149.956,0.092475967
149.959,0.092475967
149.963,0.092475967
149.966,0.092475967
149.969,0.092475967
149.972,0.092475967
149.975,0.092475967
149.978,0.092475967
149.981,0.092475967
149.984,0.092475967
149.988,0.092475967
149.991,0.092475967
149.994,0.092475967
149.997,0.092475967
150,0.092475967
