/*--------------------------------*- C++ -*----------------------------------*\
| =========                 |                                                 |
| \\      /  F ield         | OpenFOAM: The Open Source CFD Toolbox           |
|  \\    /   O peration     | Version:  2506                                  |
|   \\  /    A nd           | Website:  www.openfoam.com                      |
|    \\/     M anipulation  |                                                 |
\*---------------------------------------------------------------------------*/
FoamFile
{
    version     2.0;
    format      ascii;
    arch        "LSB;label=32;scalar=64";
    class       surfaceScalarField;
    location    "39";
    object      phi;
}
// * * * * * * * * * * * * * * * * * * * * * * * * * * * * * * * * * * * * * //

dimensions      [0 3 -1 0 0 0 0];

oriented        oriented;

internalField   nonuniform List<scalar> 
6016
(
-2.46578549e-09
1.40146706e-07
9.51682932e-10
1.35562729e-07
-3.89390756e-09
1.46135236e-07
-7.06055169e-09
1.4080403e-07
-1.05108034e-08
1.36490704e-07
-1.43614573e-08
1.31366365e-07
-1.88317906e-08
1.25371065e-07
-2.44226977e-08
1.1870268e-07
-3.17833119e-08
1.11405512e-07
-4.10051718e-08
1.02923413e-07
-5.00474878e-08
9.13467222e-08
-5.51300538e-08
7.57165212e-08
-5.13697802e-08
5.51075513e-08
-3.35510527e-08
2.82029437e-08
-1.70555161e-09
-3.51271425e-09
3.74629061e-08
-3.99521179e-08
7.52211661e-08
-7.5410297e-08
1.07632358e-07
-1.03267838e-07
1.33379082e-07
-1.23692717e-07
1.52589187e-07
-1.3713155e-07
1.65833313e-07
-1.44078865e-07
1.73660514e-07
-1.45125508e-07
1.76382108e-07
-1.40890474e-07
1.74090884e-07
-1.32119707e-07
1.66794301e-07
-1.19854014e-07
1.54385532e-07
-1.05201213e-07
1.36601552e-07
-8.9204723e-08
1.13095483e-07
-7.27861632e-08
8.39181288e-08
-5.66687968e-08
5.08165722e-08
-4.10374174e-08
1.90423674e-08
-2.49196976e-08
-7.55300827e-09
-1.2257163e-09
1.41372423e-07
-1.83363548e-09
1.36170649e-07
-1.61197202e-08
1.60421321e-07
-2.87588462e-08
1.53443156e-07
-4.27354017e-08
1.5046726e-07
-5.84492059e-08
1.47080168e-07
-7.7059364e-08
1.43981222e-07
-9.91579309e-08
1.40801244e-07
-1.22970959e-07
1.3521854e-07
-1.43330047e-07
1.23282498e-07
-1.52651481e-07
1.00668157e-07
-1.44108421e-07
6.71734585e-08
-1.15996172e-07
2.69953021e-08
-7.38413336e-08
-1.39519009e-08
-2.64841383e-08
-5.08699098e-08
1.33967731e-08
-7.98330367e-08
4.23284902e-08
-1.04342013e-07
6.31822632e-08
-1.24121616e-07
7.82299223e-08
-1.38740374e-07
8.8990681e-08
-1.47892309e-07
9.61698137e-08
-1.51257994e-07
9.98193567e-08
-1.48775048e-07
9.98180951e-08
-1.40889205e-07
9.62560572e-08
-1.28557665e-07
8.93449821e-08
-1.12942927e-07
7.93963894e-08
-9.52526198e-08
6.68308778e-08
-7.66392044e-08
5.21432393e-08
-5.80985264e-08
3.59301608e-08
-4.04557218e-08
1.94019175e-08
-2.45091829e-08
5.71062892e-09
-1.12284193e-08
-1.84238117e-09
-2.09087896e-09
1.43463303e-07
-1.21334344e-08
1.46213205e-07
-2.91216814e-08
1.77409568e-07
-4.69673787e-08
1.71288853e-07
-6.72842609e-08
1.70784142e-07
-9.0400317e-08
1.70196222e-07
-1.16285934e-07
1.69866839e-07
-1.42178246e-07
1.66693551e-07
-1.61647096e-07
1.5468739e-07
-1.66551872e-07
1.28187268e-07
-1.52679788e-07
8.67960736e-08
-1.2343277e-07
3.79264309e-08
-8.88633463e-08
-7.57412196e-09
-5.90108049e-08
-4.38044581e-08
-3.75686305e-08
-7.23120861e-08
-2.08212496e-08
-9.65804369e-08
-7.40781142e-09
-1.17755454e-07
3.84445496e-09
-1.35373901e-07
1.35182213e-08
-1.48414142e-07
2.16442865e-08
-1.56018391e-07
2.800326e-08
-1.5761697e-07
3.22929941e-08
-1.530648e-07
3.42783108e-08
-1.42874527e-07
3.38577484e-08
-1.28137122e-07
3.11179346e-08
-1.10203123e-07
2.64055931e-08
-9.05402946e-08
2.0321709e-08
-7.05553328e-08
1.36824997e-08
-5.14593285e-08
7.48880376e-09
-3.42620397e-08
2.75704445e-09
-1.97774403e-08
2.12279487e-10
-8.68367215e-09
-1.6301037e-09
-3.93591893e-09
1.47399222e-07
-2.07545759e-08
1.63031863e-07
-3.80019008e-08
1.94656893e-07
-5.78536927e-08
1.91140644e-07
-8.05929519e-08
1.935234e-07
-1.05900307e-07
1.95503574e-07
-1.3125681e-07
1.95223342e-07
-1.50588936e-07
1.86025673e-07
-1.56440609e-07
1.60539065e-07
-1.45580763e-07
1.17327416e-07
-1.23702514e-07
6.49178273e-08
-1.02155623e-07
1.63795284e-08
-8.80282477e-08
-2.17014949e-08
-7.95645387e-08
-5.22681843e-08
-7.27569381e-08
-7.91196845e-08
-6.58714761e-08
-1.03465919e-07
-5.87145718e-08
-1.24912355e-07
-5.15330979e-08
-1.42555394e-07
-4.44997887e-08
-1.55447446e-07
-3.77526813e-08
-1.62765513e-07
-3.1422635e-08
-1.63947011e-07
-2.56186378e-08
-1.58868805e-07
-2.05077213e-08
-1.47985439e-07
-1.63044341e-08
-1.32340415e-07
-1.30959938e-08
-1.13411556e-07
-1.07862971e-08
-9.28500013e-08
-9.13100269e-09
-7.22106258e-08
-7.75705609e-09
-5.28332854e-08
-6.25671291e-09
-3.57623937e-08
-4.28938468e-09
-2.17447871e-08
-1.84586951e-09
-1.11272073e-08
-3.47597563e-09
-2.66257771e-09
1.50061801e-07
-2.27166803e-08
1.83085965e-07
-4.12496994e-08
2.13189911e-07
-6.27986825e-08
2.12689625e-07
-8.69300606e-08
2.17654777e-07
-1.11999779e-07
2.20573288e-07
-1.33360928e-07
2.1658449e-07
-1.44134356e-07
1.96799097e-07
-1.4039265e-07
1.56797359e-07
-1.26421723e-07
1.03356482e-07
-1.12588148e-07
5.10842541e-08
-1.05531039e-07
9.32240671e-09
-1.03380457e-07
-2.38520762e-08
-1.02378178e-07
-5.32704819e-08
-1.00949544e-07
-8.05483183e-08
-9.89296364e-08
-1.05485848e-07
-9.64540054e-08
-1.27387986e-07
-9.34867469e-08
-1.45522673e-07
-8.9805194e-08
-1.59129e-07
-8.5142393e-08
-1.67428332e-07
-7.93162718e-08
-1.69773133e-07
-7.23182735e-08
-1.65866823e-07
-6.43490097e-08
-1.55954704e-07
-5.5779483e-08
-1.40909965e-07
-4.70354045e-08
-1.22155639e-07
-3.84603082e-08
-1.01425121e-07
-3.02199222e-08
-8.04510211e-08
-2.23524864e-08
-6.07007389e-08
-1.4888716e-08
-4.32261799e-08
-8.06531161e-09
-2.85682137e-08
-2.60261425e-09
-1.65899283e-08
-6.07859241e-09
-7.60442165e-10
1.50822241e-07
-2.1273639e-08
2.03599161e-07
-4.10565644e-08
2.32972834e-07
-6.3769343e-08
2.35402402e-07
-8.80176054e-08
2.41903038e-07
-1.1069754e-07
2.43253221e-07
-1.26321436e-07
2.32208385e-07
-1.2995774e-07
2.00435399e-07
-1.22959466e-07
1.49799087e-07
-1.13726763e-07
9.41237727e-08
-1.09707081e-07
4.70645751e-08
-1.10695718e-07
1.03110313e-08
-1.13097497e-07
-2.14502928e-08
-1.15243916e-07
-5.11240807e-08
-1.16909297e-07
-7.88829332e-08
-1.18205566e-07
-1.04189601e-07
-1.19049769e-07
-1.26543777e-07
-1.19109128e-07
-1.45463335e-07
-1.179138e-07
-1.60324323e-07
-1.14973408e-07
-1.7036874e-07
-1.09875243e-07
-1.74871296e-07
-1.02384733e-07
-1.73357343e-07
-9.25465125e-08
-1.65792924e-07
-8.07467306e-08
-1.52709757e-07
-6.76729685e-08
-1.35229401e-07
-5.41539739e-08
-1.14944131e-07
-4.09589732e-08
-9.36460277e-08
-2.86844552e-08
-7.29752715e-08
-1.78033771e-08
-5.41072744e-08
-8.83591264e-09
-3.75357015e-08
-2.53992394e-09
-2.28859409e-08
-8.61851846e-09
4.95558274e-10
1.50326682e-07
-1.87499733e-08
2.22844691e-07
-3.86381777e-08
2.52861036e-07
-6.08526631e-08
2.57616885e-07
-8.31031678e-08
2.6415354e-07
-1.01505212e-07
2.61655263e-07
-1.11293054e-07
2.41996226e-07
-1.10909979e-07
2.00052322e-07
-1.05501693e-07
1.44390802e-07
-1.02714356e-07
9.13364313e-08
-1.04797111e-07
4.91473321e-08
-1.08919451e-07
1.44333623e-08
-1.12948619e-07
-1.74211228e-08
-1.16498675e-07
-4.75740378e-08
-1.19725148e-07
-7.5656457e-08
-1.22678285e-07
-1.01236481e-07
-1.25147768e-07
-1.24074292e-07
-1.2672756e-07
-1.43883557e-07
-1.26916369e-07
-1.60135514e-07
-1.25198381e-07
-1.72086739e-07
-1.21100672e-07
-1.78969006e-07
-1.14250352e-07
-1.80207672e-07
-1.0446593e-07
-1.75577344e-07
-9.1891398e-08
-1.65284303e-07
-7.71101881e-08
-1.50010609e-07
-6.11302617e-08
-1.30924076e-07
-4.51890658e-08
-1.09587228e-07
-3.04731606e-08
-8.76911915e-08
-1.79320427e-08
-6.66484044e-08
-8.28466914e-09
-4.71830944e-08
-2.13478324e-09
-2.90358471e-08
-1.07533036e-08
5.39660921e-10
1.49787017e-07
-1.61761922e-08
2.39560542e-07
-3.44608556e-08
2.71145696e-07
-5.44130926e-08
2.7756912e-07
-7.31582146e-08
2.8289866e-07
-8.6795012e-08
2.7529206e-07
-9.23061776e-08
2.4750739e-07
-9.10857967e-08
1.98831941e-07
-8.91423332e-08
1.42447339e-07
-9.08757334e-08
9.30698294e-08
-9.5299651e-08
5.35712521e-08
-1.00015007e-07
1.9148713e-08
-1.04196337e-07
-1.32397891e-08
-1.07898245e-07
-4.38721393e-08
-1.11272045e-07
-7.22826515e-08
-1.1429266e-07
-9.82158795e-08
-1.16736004e-07
-1.21630943e-07
-1.18241651e-07
-1.42377926e-07
-1.18397274e-07
-1.59979888e-07
-1.16825814e-07
-1.73658212e-07
-1.13234943e-07
-1.82559877e-07
-1.07401006e-07
-1.86041617e-07
-9.91339156e-08
-1.8384444e-07
-8.83200377e-08
-1.76098186e-07
-7.50959604e-08
-1.63234694e-07
-6.00699808e-08
-1.45950064e-07
-4.43897725e-08
-1.25267446e-07
-2.95240626e-08
-1.02556912e-07
-1.6866271e-08
-7.93062112e-08
-7.42820587e-09
-5.6621177e-08
-1.76558548e-09
-3.46984841e-08
-1.25188896e-08
-4.81537833e-10
1.50268552e-07
-1.36073289e-08
2.5268633e-07
-2.92400503e-08
2.86778414e-07
-4.58095537e-08
2.94138622e-07
-6.05957866e-08
2.9768489e-07
-7.00866989e-08
2.84782972e-07
-7.31432876e-08
2.50563977e-07
-7.2698082e-08
1.98386736e-07
-7.35392479e-08
1.43288503e-07
-7.7125467e-08
9.66560493e-08
-8.16462426e-08
5.8092028e-08
-8.57378586e-08
2.32403293e-08
-8.91750408e-08
-9.80260489e-09
-9.20782681e-08
-4.09689131e-08
-9.45225227e-08
-6.98383939e-08
-9.64522631e-08
-9.62861415e-08
-9.76760067e-08
-1.20407198e-07
-9.7893858e-08
-1.42160076e-07
-9.67784483e-08
-1.61095299e-07
-9.41075888e-08
-1.7632907e-07
-8.98707386e-08
-1.86796729e-07
-8.42387622e-08
-1.9167359e-07
-7.73971396e-08
-1.90686062e-07
-6.93626435e-08
-1.84132683e-07
-5.99628663e-08
-1.72634469e-07
-4.90859348e-08
-1.56827e-07
-3.70808962e-08
-1.37272484e-07
-2.49664469e-08
-1.14671366e-07
-1.41854475e-08
-9.00872125e-08
-6.05268859e-09
-6.47539412e-08
-1.3146013e-09
-3.94365766e-08
-1.3833491e-08
-1.44632145e-09
1.5171487e-07
-1.08345713e-08
2.62074578e-07
-2.3399881e-08
2.99343721e-07
-3.62569788e-08
3.06995719e-07
-4.73611758e-08
3.08789084e-07
-5.36060863e-08
2.91027883e-07
-5.53925236e-08
2.52350412e-07
-5.58887971e-08
1.98883012e-07
-5.80643515e-08
1.45464056e-07
-6.17229845e-08
1.00314686e-07
-6.53350544e-08
6.17040974e-08
-6.82306525e-08
2.6135933e-08
-7.03908228e-08
-7.64243364e-09
-7.18963296e-08
-3.94634e-08
-7.27662696e-08
-6.8968452e-08
-7.29439243e-08
-9.61084824e-08
-7.22761217e-08
-1.21074999e-07
-7.05040189e-08
-1.43932177e-07
-6.73520089e-08
-1.6424731e-07
-6.27197749e-08
-1.80961305e-07
-5.68383009e-08
-1.92678208e-07
-5.02589828e-08
-1.98252907e-07
-4.36617004e-08
-1.97283354e-07
-3.75621013e-08
-1.90232278e-07
-3.20343587e-08
-1.78162223e-07
-2.66449188e-08
-1.62216437e-07
-2.08024159e-08
-1.43114996e-07
-1.43810763e-08
-1.21092706e-07
-8.09639106e-09
-9.63719029e-08
-3.14664253e-09
-6.97036909e-08
-4.37973084e-10
-4.21452447e-08
-1.42714626e-08
-1.09702166e-09
1.52811891e-07
-7.68362457e-09
2.68661179e-07
-1.65222007e-08
3.08182296e-07
-2.65384935e-08
3.17012011e-07
-3.45766535e-08
3.16827242e-07
-3.83825747e-08
2.94833806e-07
-3.95172029e-08
2.53485038e-07
-4.05783392e-08
1.99944151e-07
-4.29895092e-08
1.47875224e-07
-4.59111309e-08
1.03236314e-07
-4.8276199e-08
6.40691624e-08
-4.97673164e-08
2.76270617e-08
-5.0413819e-08
-6.99593389e-09
-5.02578249e-08
-3.96193787e-08
-4.92787796e-08
-6.99474997e-08
-4.74024256e-08
-9.7984819e-08
-4.44740651e-08
-1.24003363e-07
-4.02550649e-08
-1.4815116e-07
-3.45682778e-08
-1.69934101e-07
-2.75349052e-08
-1.87994662e-07
-1.96611117e-08
-2.00552007e-07
-1.17490111e-08
-2.06164995e-07
-4.72116405e-09
-2.04311205e-07
5.58556604e-10
-1.95511987e-07
3.53852573e-09
-1.81142196e-07
4.29469343e-09
-1.62972593e-07
3.65663839e-09
-1.4247694e-07
2.75988685e-09
-1.20195946e-07
2.26046448e-09
-9.58724711e-08
1.9046286e-09
-6.93478418e-08
1.08118053e-09
-4.13217822e-08
-1.319028e-08
2.15468367e-10
1.52596422e-07
-4.29676913e-09
2.73173417e-07
-1.03784795e-08
3.14264006e-07
-1.75877949e-08
3.24221328e-07
-2.30544965e-08
3.22293944e-07
-2.50699825e-08
2.96849294e-07
-2.59181944e-08
2.54333249e-07
-2.72063774e-08
2.0123234e-07
-2.93409875e-08
1.50009832e-07
-3.13663058e-08
1.05261642e-07
-3.25524506e-08
6.52553033e-08
-3.27461601e-08
2.78207877e-08
-3.1982298e-08
-7.75980117e-09
-3.02653287e-08
-4.1336324e-08
-2.75200242e-08
-7.26928098e-08
-2.3584438e-08
-1.01920378e-07
-1.81991852e-08
-1.29388622e-07
-1.11241099e-08
-1.55226211e-07
-2.42403288e-09
-1.78634186e-07
7.31410406e-09
-1.97732781e-07
1.71415232e-08
-2.10379435e-07
2.60467666e-08
-2.15070225e-07
3.31148797e-08
-2.11379327e-07
3.75615544e-08
-1.99958648e-07
3.87553103e-08
-1.8233596e-07
3.64061537e-08
-1.60623422e-07
3.09191888e-08
-1.36989977e-07
2.35560626e-08
-1.12832809e-07
1.58840686e-08
-8.82004687e-08
8.94984175e-09
-6.24135978e-08
3.25531722e-09
-3.56272374e-08
-9.93495991e-09
2.28941631e-09
1.50307009e-07
-8.9784998e-11
2.75552621e-07
-4.22306867e-09
3.18397292e-07
-9.94640388e-09
3.29944666e-07
-1.32949447e-08
3.25642486e-07
-1.42828068e-08
2.97837161e-07
-1.52038394e-08
2.55254282e-07
-1.65480675e-08
2.02576574e-07
-1.83634935e-08
1.51825255e-07
-1.97563674e-08
1.06654527e-07
-2.01885798e-08
6.56875107e-08
-1.95666502e-08
2.71988776e-08
-1.79475271e-08
-9.37893222e-09
-1.52069684e-08
-4.40768542e-08
-1.12103088e-08
-7.66894792e-08
-5.58824446e-09
-1.07542409e-07
2.1303292e-09
-1.37107206e-07
1.21463974e-08
-1.65242248e-07
2.38690791e-08
-1.90356878e-07
3.60853942e-08
-2.09949074e-07
4.74433907e-08
-2.21737441e-07
5.68082594e-08
-2.2443508e-07
6.33471504e-08
-2.17918229e-07
6.64923101e-08
-2.03103795e-07
6.58647428e-08
-1.81708405e-07
6.12410344e-08
-1.55999694e-07
5.272429e-08
-1.28473233e-07
4.11230721e-08
-1.01231574e-07
2.80718108e-08
-7.5149191e-08
1.5509082e-08
-4.9850843e-08
5.2733552e-09
-2.53914826e-08
-4.66160163e-09
5.24726273e-09
1.45059751e-07
4.49522279e-09
2.76304667e-07
1.06786263e-09
3.21824656e-07
-3.23292323e-09
3.34245458e-07
-5.31034172e-09
3.27719908e-07
-6.57552185e-09
2.99102348e-07
-7.78202426e-09
2.56460787e-07
-9.25198663e-09
2.04046545e-07
-1.10918648e-08
1.53665133e-07
-1.24429921e-08
1.08005669e-07
-1.28810106e-08
6.61255251e-08
-1.23291045e-08
2.6646995e-08
-1.08282117e-08
-1.0879833e-08
-8.13704396e-09
-4.67679883e-08
-3.91892153e-09
-8.09076124e-08
2.53986016e-09
-1.14001151e-07
1.1903657e-08
-1.46471014e-07
2.39732239e-08
-1.77311777e-07
3.75239957e-08
-2.03907659e-07
5.09105023e-08
-2.2333555e-07
6.27085184e-08
-2.33535464e-07
7.18744184e-08
-2.33600959e-07
7.76777923e-08
-2.23721605e-07
7.96758464e-08
-2.05101829e-07
7.76875759e-08
-1.79720132e-07
7.17305e-08
-1.50042596e-07
6.19677327e-08
-1.18710457e-07
4.88940874e-08
-8.81579101e-08
3.37254058e-08
-5.99804921e-08
1.85189843e-08
-3.46443947e-08
5.98146316e-09
-1.28539319e-08
1.31986454e-09
7.5520346e-09
1.37507725e-07
7.93046428e-09
2.75926245e-07
4.47261415e-09
3.25282514e-07
1.14273795e-09
3.37575343e-07
-8.02576456e-10
3.29665229e-07
-2.45832816e-09
3.00758109e-07
-3.62334701e-09
2.5762581e-07
-5.64925515e-09
2.06072465e-07
-8.07797045e-09
1.5609385e-07
-1.01654082e-08
1.10093122e-07
-1.16122651e-08
6.75723796e-08
-1.23488154e-08
2.73835676e-08
-1.23502671e-08
-1.08783882e-08
-1.12351086e-08
-4.7883117e-08
-8.2651851e-09
-8.38775468e-08
-2.35753852e-09
-1.19908763e-07
6.9514429e-09
-1.55780008e-07
1.88216526e-08
-1.89181956e-07
3.16100996e-08
-2.16696117e-07
4.38524435e-08
-2.35577874e-07
5.45281118e-08
-2.44211141e-07
6.28584349e-08
-2.41931272e-07
6.81759472e-08
-2.2903913e-07
7.00012223e-08
-2.06927093e-07
6.81613642e-08
-1.7788029e-07
6.27746593e-08
-1.4465587e-07
5.41259724e-08
-1.10061775e-07
4.26471725e-08
-7.66790913e-08
2.92161861e-08
-4.654949e-08
1.56127129e-08
-2.10408942e-08
4.75259796e-09
-1.99378777e-09
6.07246539e-09
7.60709181e-09
1.29900644e-07
8.46160303e-09
2.75071746e-07
5.16223398e-09
3.28581892e-07
2.58852121e-09
3.40149068e-07
6.88206414e-10
3.31565552e-07
-9.23023381e-10
3.02369351e-07
-2.70678082e-09
2.59409574e-07
-5.67489717e-09
2.09040596e-07
-9.19652847e-09
1.59615486e-07
-1.28247435e-08
1.13721356e-07
-1.6332665e-08
7.10803018e-08
-1.96771316e-08
3.07280599e-08
-2.27568112e-08
-7.79871195e-09
-2.48704234e-08
-4.57694726e-08
-2.4778218e-08
-8.3969759e-08
-2.13487237e-08
-1.23338221e-07
-1.47857941e-08
-1.62342945e-07
-6.43541083e-09
-1.97532301e-07
2.51674903e-09
-2.25648282e-07
1.14315868e-08
-2.44492677e-07
1.98341082e-08
-2.52613663e-07
2.71315449e-08
-2.49228679e-07
3.26075437e-08
-2.3451512e-07
3.56798016e-08
-2.09999325e-07
3.60463757e-08
-1.78246848e-07
3.37527763e-08
-1.42362245e-07
2.90578995e-08
-1.0536688e-07
2.23909916e-08
-7.00121633e-08
1.44530966e-08
-3.8611576e-08
6.65056817e-09
-1.32383397e-08
1.33599596e-09
3.3208119e-09
7.40846363e-09
3.60953586e-09
1.26291122e-07
4.72125889e-09
2.73960037e-07
3.22002262e-09
3.3008314e-07
1.49100793e-09
3.41878097e-07
-1.37297491e-10
3.33193867e-07
-2.01678672e-09
3.04248856e-07
-4.46398693e-09
2.61856783e-07
-8.41656544e-09
2.12993192e-07
-1.34362358e-08
1.64635163e-07
-1.92119566e-08
1.19497096e-07
-2.56142884e-08
7.74826373e-08
-3.26215935e-08
3.77353871e-08
-4.00912974e-08
-3.29007461e-10
-4.66148228e-08
-3.92459234e-08
-5.08081241e-08
-7.97764611e-08
-5.20414591e-08
-1.22104864e-07
-5.10940371e-08
-1.63290374e-07
-4.88575147e-08
-1.99768806e-07
-4.55191814e-08
-2.28986623e-07
-4.09680626e-08
-2.49043784e-07
-3.53310006e-08
-2.58250732e-07
-2.90217354e-08
-2.55537937e-07
-2.26120538e-08
-2.40924813e-07
-1.68369877e-08
-2.1577438e-07
-1.22130928e-08
-1.82870762e-07
-8.95828031e-09
-1.4561704e-07
-6.96598558e-09
-1.07359184e-07
-6.01472756e-09
-7.09634071e-08
-5.6173584e-09
-3.90089347e-08
-4.87590858e-09
-1.39797679e-08
-2.87804971e-09
1.32297542e-09
4.53041616e-09
-2.84248006e-09
1.29133616e-07
-7.78433682e-10
2.71896009e-07
-2.22564719e-10
3.29527282e-07
-9.65794231e-10
3.42621344e-07
-1.95669196e-09
3.34184775e-07
-3.83078946e-09
3.06122973e-07
-7.05179945e-09
2.65077802e-07
-1.21474287e-08
2.18088842e-07
-1.88784722e-08
1.71366215e-07
-2.70788684e-08
1.27697515e-07
-3.67512208e-08
8.71549964e-08
-4.79164982e-08
4.89006894e-08
-5.96327483e-08
1.13872483e-08
-7.08918383e-08
-2.79868077e-08
-8.00750264e-08
-7.05932698e-08
-8.71975465e-08
-1.14982319e-07
-9.28589733e-08
-1.57628946e-07
-9.70678883e-08
-1.95559865e-07
-9.93648932e-08
-2.26689618e-07
-9.92962316e-08
-2.49112416e-07
-9.65542039e-08
-2.60992754e-07
-9.11291968e-08
-2.60962912e-07
-8.33924119e-08
-2.4866158e-07
-7.40281058e-08
-2.25138658e-07
-6.39151587e-08
-1.92983681e-07
-5.37646191e-08
-1.5576756e-07
-4.39204832e-08
-1.17203296e-07
-3.43213643e-08
-8.05625126e-08
-2.47195175e-08
-4.86107633e-08
-1.49333731e-08
-2.37658921e-08
-5.67236782e-09
-7.93800948e-09
-1.14195046e-09
-7.9365892e-09
1.37070224e-07
-5.72828283e-09
2.69687721e-07
-3.43426458e-09
3.27233278e-07
-2.9511317e-09
3.4213823e-07
-3.22167123e-09
3.34455326e-07
-5.08348836e-09
3.07984811e-07
-8.93963575e-09
2.6893396e-07
-1.50077852e-08
2.24157014e-07
-2.32108062e-08
1.79569246e-07
-3.34689113e-08
1.37955642e-07
-4.58584846e-08
9.95445784e-08
-6.02599741e-08
6.3302198e-08
-7.56592136e-08
2.67864973e-08
-9.04979877e-08
-1.31480188e-08
-1.03901092e-07
-5.7190158e-08
-1.15945843e-07
-1.02937561e-07
-1.26654591e-07
-1.46920195e-07
-1.35681488e-07
-1.86532966e-07
-1.42562082e-07
-2.19809024e-07
-1.46617184e-07
-2.45057312e-07
-1.46936338e-07
-2.60673604e-07
-1.42783377e-07
-2.65115868e-07
-1.33977432e-07
-2.57467536e-07
-1.21053624e-07
-2.3806246e-07
-1.05192932e-07
-2.08844392e-07
-8.77814268e-08
-1.73179058e-07
-6.99397606e-08
-1.35044976e-07
-5.22972055e-08
-9.82050633e-08
-3.51966954e-08
-6.57112714e-08
-1.92790604e-08
-3.9683516e-08
-6.32428917e-09
-2.08927687e-08
-7.46623816e-09
-9.00242493e-09
1.46072664e-07
-7.93818891e-09
2.68623508e-07
-3.95792053e-09
3.23253022e-07
-2.84612981e-09
3.41026461e-07
-2.34753283e-09
3.33956739e-07
-4.40457571e-09
3.10041876e-07
-8.63433969e-09
2.73163733e-07
-1.52814692e-08
2.30804168e-07
-2.43354943e-08
1.8862328e-07
-3.57326112e-08
1.49352783e-07
-4.95386868e-08
1.13350664e-07
-6.54480285e-08
7.92115623e-08
-8.23646887e-08
4.37031705e-08
-9.86266119e-08
3.11392393e-09
-1.14196711e-07
-4.16200452e-08
-1.28595394e-07
-8.8538863e-08
-1.41667227e-07
-1.33848352e-07
-1.53311667e-07
-1.7488851e-07
-1.63241447e-07
-2.09879234e-07
-1.7056907e-07
-2.37729664e-07
-1.73877498e-07
-2.57365164e-07
-1.71696996e-07
-2.67296337e-07
-1.63133848e-07
-2.6603066e-07
-1.48277503e-07
-2.52918775e-07
-1.28299049e-07
-2.28822811e-07
-1.051377e-07
-1.96340389e-07
-8.09110157e-08
-1.59271632e-07
-5.73991077e-08
-1.21716962e-07
-3.59448131e-08
-8.71655498e-08
-1.78568641e-08
-5.77714519e-08
-5.00665405e-09
-3.37429659e-08
-1.24728918e-08
-3.82843819e-09
1.49901122e-07
-4.1178481e-09
2.68912938e-07
5.86860246e-10
3.18548327e-07
8.78643989e-10
3.40734697e-07
1.76964183e-09
3.33065752e-07
-1.05535287e-09
3.12866892e-07
-5.17439868e-09
2.77282788e-07
-1.19022935e-08
2.37532084e-07
-2.0923505e-08
1.97644501e-07
-3.21358065e-08
1.60565104e-07
-4.55153608e-08
1.26730229e-07
-6.06272019e-08
9.43234184e-08
-7.64726995e-08
5.95486817e-08
-9.24758182e-08
1.91170508e-08
-1.07563849e-07
-2.65319997e-08
-1.21759131e-07
-7.43435813e-08
-1.34961133e-07
-1.20646337e-07
-1.47314602e-07
-1.62535046e-07
-1.58684086e-07
-1.98509743e-07
-1.68192528e-07
-2.28221224e-07
-1.74185299e-07
-2.5137239e-07
-1.7469219e-07
-2.66789443e-07
-1.68205871e-07
-2.72516985e-07
-1.54238705e-07
-2.66885935e-07
-1.33579869e-07
-2.49481663e-07
-1.08247668e-07
-2.21672585e-07
-8.10029808e-08
-1.86516333e-07
-5.47137025e-08
-1.48006239e-07
-3.18324779e-08
-1.10046778e-07
-1.42283913e-08
-7.53755347e-08
-3.33356957e-09
-4.46377827e-08
-1.58064601e-08
7.3583579e-09
1.42542779e-07
7.87495118e-09
2.68396367e-07
9.86864947e-09
3.1655464e-07
8.76953306e-09
3.41833834e-07
8.08787704e-09
3.33747416e-07
5.85618924e-09
3.15098601e-07
1.49318876e-09
2.81645796e-07
-4.88656295e-09
2.43911858e-07
-1.29849479e-08
2.05742894e-07
-2.27356426e-08
1.70315821e-07
-3.40411634e-08
1.38035759e-07
-4.65060619e-08
1.06788337e-07
-5.95464129e-08
7.25890471e-08
-7.28048061e-08
3.23754617e-08
-8.58678157e-08
-1.34689722e-08
-9.85638785e-08
-6.16475032e-08
-1.10841554e-07
-1.08368644e-07
-1.22878205e-07
-1.50498378e-07
-1.34651074e-07
-1.86736857e-07
-1.45485442e-07
-2.17386832e-07
-1.53798447e-07
-2.43059366e-07
-1.57402532e-07
-2.63185326e-07
-1.54320798e-07
-2.75598691e-07
-1.43616306e-07
-2.77590398e-07
-1.25692312e-07
-2.67405618e-07
-1.02267128e-07
-2.4509775e-07
-7.60720467e-08
-2.12711382e-07
-5.03223347e-08
-1.7375594e-07
-2.80984317e-08
-1.32270663e-07
-1.17404547e-08
-9.17334995e-08
-2.44715361e-09
-5.39310724e-08
-1.82536132e-08
1.78757033e-08
1.24667094e-07
2.18225102e-08
2.64449578e-07
1.92081358e-08
3.19169025e-07
1.83128819e-08
3.42729105e-07
1.60820373e-08
3.35978268e-07
1.35696255e-08
3.1761103e-07
9.56531486e-09
2.85650112e-07
4.39806974e-09
2.4907912e-07
-1.90173613e-09
2.12042705e-07
-9.21942461e-09
1.77633524e-07
-1.73178785e-08
1.46134221e-07
-2.59717483e-08
1.15442217e-07
-3.50777282e-08
8.16950375e-08
-4.47664664e-08
4.20642064e-08
-5.49481602e-08
-3.28726405e-09
-6.57281651e-08
-5.08674964e-08
-7.69343382e-08
-9.7162457e-08
-8.8566447e-08
-1.38866271e-07
-1.00563245e-07
-1.74740047e-07
-1.12406704e-07
-2.05543375e-07
-1.22683403e-07
-2.3278266e-07
-1.29208364e-07
-2.56660364e-07
-1.29795551e-07
-2.75011508e-07
-1.23220107e-07
-2.84165837e-07
-1.09642004e-07
-2.80983734e-07
-9.04864333e-08
-2.64253314e-07
-6.81429433e-08
-2.35054883e-07
-4.55127437e-08
-1.96386137e-07
-2.5544062e-08
-1.52239347e-07
-1.06866985e-08
-1.06590858e-07
-2.25878649e-09
-6.23589784e-08
-2.05123981e-08
2.36280557e-08
1.01039048e-07
3.08702805e-08
2.57207372e-07
2.66118204e-08
3.23427491e-07
2.53331145e-08
3.44007828e-07
2.25273775e-08
3.38784009e-07
2.04602582e-08
3.19678166e-07
1.76088716e-08
2.88501502e-07
1.41576539e-08
2.52530354e-07
1.01643674e-08
2.16035995e-07
5.83186726e-09
1.81966041e-07
1.32171174e-09
1.50644382e-07
-3.23156272e-09
1.19995508e-07
-8.13211604e-09
8.65955996e-08
-1.4011813e-08
4.79439207e-08
-2.14656362e-08
4.16657278e-09
-3.04231608e-08
-4.19099511e-08
-4.08371012e-08
-8.67484992e-08
-5.24505079e-08
-1.2725284e-07
-6.49817374e-08
-1.62208798e-07
-7.78601653e-08
-1.92664918e-07
-8.97458709e-08
-2.20896932e-07
-9.85505356e-08
-2.47855667e-07
-1.02163795e-07
-2.71398219e-07
-9.92842631e-08
-2.87045339e-07
-8.99151531e-08
-2.90352805e-07
-7.53014405e-08
-2.78867006e-07
-5.75508473e-08
-2.52805443e-07
-3.9138018e-08
-2.14798953e-07
-2.24882416e-08
-1.68889103e-07
-9.70409774e-09
-1.19374987e-07
-2.16029871e-09
-6.9902763e-08
-2.26726959e-08
2.24036545e-08
7.8635404e-08
2.97694607e-08
2.49841578e-07
2.72350787e-08
3.25961879e-07
2.74027358e-08
3.43840184e-07
2.53291731e-08
3.40857574e-07
2.46856137e-08
3.20321737e-07
2.3753932e-08
2.89433184e-07
2.25475299e-08
2.53736768e-07
2.11093332e-08
2.17474193e-07
1.96813801e-08
1.83394003e-07
1.85005915e-08
1.51825171e-07
1.7500052e-08
1.20996053e-07
1.60955717e-08
8.80000811e-08
1.33843142e-08
5.06551821e-08
8.41196868e-09
9.138923e-09
8.97410265e-10
-3.43953878e-08
-9.10652586e-09
-7.67445551e-08
-2.1055909e-08
-1.15303452e-07
-3.43622486e-08
-1.4890245e-07
-4.82569472e-08
-1.78770218e-07
-6.12954269e-08
-2.07858447e-07
-7.1504209e-08
-2.37646886e-07
-7.70180975e-08
-2.65884336e-07
-7.67095293e-08
-2.87353906e-07
-7.05471486e-08
-2.96515201e-07
-5.96111853e-08
-2.89802964e-07
-4.5811359e-08
-2.6660528e-07
-3.1365708e-08
-2.29244599e-07
-1.82546034e-08
-1.82000207e-07
-8.04137129e-09
-1.29588211e-07
-1.83858519e-09
-7.61055398e-08
-2.45112794e-08
1.1239721e-08
6.73956821e-08
1.6880751e-08
2.4420056e-07
2.04996187e-08
3.22343011e-07
2.26168687e-08
3.41722946e-07
2.32846162e-08
3.40189826e-07
2.54109178e-08
3.18195449e-07
2.71139541e-08
2.87730146e-07
2.84674411e-08
2.52383294e-07
2.95581458e-08
2.16383486e-07
3.0651469e-08
1.82300694e-07
3.19936662e-08
1.50482973e-07
3.34849197e-08
1.19504814e-07
3.44203089e-08
8.70646928e-08
3.36626446e-08
5.14128622e-08
3.02033708e-08
1.2598202e-08
2.35594043e-08
-2.77513996e-08
1.38400506e-08
-6.70251903e-08
1.53541319e-09
-1.02998786e-07
-1.25738407e-08
-1.3479318e-07
-2.72677888e-08
-1.64076237e-07
-4.09021626e-08
-1.94224053e-07
-5.16398906e-08
-2.26909125e-07
-5.80001445e-08
-2.59524054e-07
-5.91617842e-08
-2.86192238e-07
-5.50861251e-08
-3.00590823e-07
-4.66589393e-08
-2.9823013e-07
-3.56173033e-08
-2.77646886e-07
-2.40821268e-08
-2.40779764e-07
-1.38528248e-08
-1.9222949e-07
-6.07247969e-09
-1.37368542e-07
-1.38873642e-09
-8.07892684e-08
-2.59000153e-08
-8.71075475e-09
7.61064337e-08
-2.47699967e-09
2.37966809e-07
7.31430156e-09
3.12551708e-07
1.12116117e-08
3.37825644e-07
1.73896017e-08
3.34011833e-07
2.31366851e-08
3.12448374e-07
2.79116861e-08
2.82955141e-07
3.18424812e-08
2.48452508e-07
3.50923377e-08
2.13133624e-07
3.80203946e-08
1.79372646e-07
4.09089941e-08
1.47594368e-07
4.36558739e-08
1.16757941e-07
4.5591386e-08
8.51291745e-08
4.56398644e-08
5.13643893e-08
4.2820521e-08
1.54175404e-08
3.65347341e-08
-2.1465607e-08
2.68054143e-08
-5.72958729e-08
1.41347873e-08
-9.0328154e-08
-4.16847214e-10
-1.20241546e-07
-1.54242642e-08
-1.49068819e-07
-2.90952483e-08
-1.80553071e-07
-3.98168445e-08
-2.16187534e-07
-4.65233008e-08
-2.5281761e-07
-4.86020076e-08
-2.84113537e-07
-4.5882416e-08
-3.03310437e-07
-3.8986872e-08
-3.05125675e-07
-2.94850505e-08
-2.87148723e-07
-1.94926103e-08
-2.50772203e-07
-1.08777043e-08
-2.00844399e-07
-4.65128593e-09
-1.43594955e-07
-1.06802545e-09
-8.43725229e-08
-2.69680398e-08
-3.54247862e-08
1.11531206e-07
-2.90916001e-08
2.31633625e-07
-1.38542122e-08
2.97314312e-07
-1.9846663e-09
3.25956105e-07
1.02817012e-08
3.21745459e-07
1.97904098e-08
3.02939674e-07
2.75750124e-08
2.7517053e-07
3.36474561e-08
2.42380074e-07
3.83893681e-08
2.08391704e-07
4.23269253e-08
1.75435101e-07
4.58136649e-08
1.44107621e-07
4.88049501e-08
1.13766671e-07
5.07410431e-08
8.31930759e-08
5.06998902e-08
5.14055603e-08
4.78011346e-08
1.83162936e-08
4.14833697e-08
-1.51478185e-08
3.17053305e-08
-4.75178317e-08
1.89685196e-08
-7.75913143e-08
4.37475157e-09
-1.05647771e-07
-1.04527935e-08
-1.34241241e-07
-2.37878697e-08
-1.67217984e-07
-3.43972439e-08
-2.05578129e-07
-4.15474632e-08
-2.45667371e-07
-4.46267287e-08
-2.81034249e-07
-4.31789906e-08
-3.04758145e-07
-3.74165864e-08
-3.10888067e-07
-2.86036291e-08
-2.95961657e-07
-1.88868693e-08
-2.60488958e-07
-1.04215427e-08
-2.09309714e-07
-4.4321091e-09
-1.49584381e-07
-1.07330578e-09
-8.77313196e-08
-2.80413462e-08
-5.36537287e-08
1.65184922e-07
-5.345559e-08
2.3143548e-07
-3.39356086e-08
2.7779432e-07
-1.23452431e-08
3.04365739e-07
5.3202575e-09
3.04079948e-07
1.83083263e-08
2.89951607e-07
2.82520517e-08
2.65226793e-07
3.54738704e-08
2.35158259e-07
4.07436938e-08
2.03121868e-07
4.47871106e-08
1.71391689e-07
4.80505433e-08
1.40844175e-07
5.0566211e-08
1.11251009e-07
5.19028923e-08
8.18563799e-08
5.13099045e-08
5.19985538e-08
4.80226333e-08
2.16035498e-08
4.15490654e-08
-8.67424397e-09
3.18384125e-08
-3.78071933e-08
1.93955168e-08
-6.5148414e-08
5.32187122e-09
-9.15741387e-08
-8.84404154e-09
-1.2007533e-07
-2.17142299e-08
-1.5434781e-07
-3.25112818e-08
-1.94781088e-07
-4.06706328e-08
-2.37508042e-07
-4.53400147e-08
-2.76364881e-07
-4.55735606e-08
-3.04524629e-07
-4.10230278e-08
-3.15438611e-07
-3.25413631e-08
-3.04443345e-07
-2.22371717e-08
-2.70793157e-07
-1.26573269e-08
-2.1888957e-07
-5.57552694e-09
-1.56666187e-07
-1.44823534e-09
-9.18586162e-08
-2.94895818e-08
-1.91991899e-08
1.84384092e-07
-4.63136845e-08
2.5854997e-07
-2.96774014e-08
2.6115802e-07
-1.23590717e-08
2.87047408e-07
7.60588349e-09
2.84114978e-07
2.22131057e-08
2.75344387e-07
3.22590747e-08
2.55180811e-07
3.89732446e-08
2.28444095e-07
4.34926288e-08
1.98602471e-07
4.66831004e-08
1.68201227e-07
4.9047743e-08
1.3847952e-07
5.06552959e-08
1.09643469e-07
5.11540131e-08
8.13576497e-08
4.99168827e-08
5.32357018e-08
4.62842943e-08
2.52361272e-08
3.98333406e-08
-2.22326673e-09
3.0530566e-08
-2.85044262e-08
1.88867233e-08
-5.35045434e-08
5.90405327e-09
-7.85914721e-08
-7.19695742e-09
-1.0697429e-07
-1.95942628e-08
-1.41950504e-07
-3.09377577e-08
-1.83437565e-07
-4.0698746e-08
-2.27747044e-07
-4.76805442e-08
-2.69383065e-07
-5.03108181e-08
-3.01894335e-07
-4.75389178e-08
-3.18210508e-07
-3.96329738e-08
-3.12349275e-07
-2.84583695e-08
-2.81967764e-07
-1.69767575e-08
-2.3037118e-07
-7.80227174e-09
-1.65840676e-07
-2.10590672e-09
-9.7554985e-08
-3.15954897e-08
6.50701503e-08
1.19313924e-07
5.89640701e-08
2.64656039e-07
3.31229542e-08
2.86999119e-07
2.64032557e-08
2.937671e-07
2.97729435e-08
2.80745273e-07
3.67370334e-08
2.68380295e-07
4.20413979e-08
2.49876431e-07
4.54209751e-08
2.25064519e-07
4.74709124e-08
1.96552517e-07
4.88004174e-08
1.66871725e-07
4.97429826e-08
1.37536936e-07
5.0245695e-08
1.09140761e-07
4.99177046e-08
8.16856192e-08
4.81737655e-08
5.49796469e-08
4.44364388e-08
2.89734313e-08
3.83565205e-08
3.85665945e-09
2.99494081e-08
-2.00973362e-08
1.96832872e-08
-4.32384155e-08
8.35245042e-09
-6.72606564e-08
-3.29121363e-09
-9.5330624e-08
-1.50623453e-08
-1.30179393e-07
-2.69472854e-08
-1.71552633e-07
-3.84391177e-08
-2.16255236e-07
-4.81137214e-08
-2.59708476e-07
-5.3870006e-08
-2.9613808e-07
-5.37330812e-08
-3.18347448e-07
-4.71039498e-08
-3.18978431e-07
-3.54791566e-08
-2.93592569e-07
-2.2083782e-08
-2.43766568e-07
-1.046858e-08
-1.77455888e-07
-2.85221573e-09
-1.05171359e-07
-3.4447706e-08
9.980685e-08
1.9507049e-08
1.47178884e-07
2.17283997e-07
1.1735305e-07
3.16824933e-07
8.53364364e-08
3.25783708e-07
6.66837005e-08
2.9939799e-07
5.86630508e-08
2.76400942e-07
5.49607444e-08
2.53578719e-07
5.2771722e-08
2.27253543e-07
5.12724927e-08
1.98051729e-07
5.03461032e-08
1.6779812e-07
4.9845156e-08
1.38037865e-07
4.94069117e-08
1.09579015e-07
4.84996967e-08
8.25928142e-08
4.65408468e-08
5.69385117e-08
4.30456235e-08
3.24686357e-08
3.77535364e-08
9.14876838e-09
3.07378014e-08
-1.3081616e-08
2.23555415e-08
-3.48561281e-08
1.31225836e-08
-5.8027708e-08
3.28915498e-09
-8.54971648e-08
-7.3933944e-09
-1.19496847e-07
-1.92681739e-08
-1.59677823e-07
-3.19072946e-08
-2.03616107e-07
-4.38671842e-08
-2.47748569e-07
-5.27497718e-08
-2.87255474e-07
-5.58742733e-08
-3.15222946e-07
-5.16637217e-08
-3.23188971e-07
-4.07948684e-08
-3.04461427e-07
-2.63829307e-08
-2.58178506e-07
-1.27975092e-08
-1.91041314e-07
-3.467442e-09
-1.14501432e-07
-3.79151489e-08
7.62065096e-08
-5.66994861e-08
1.33227971e-07
1.60262525e-07
1.30140963e-07
3.19911922e-07
1.10687043e-07
3.45237621e-07
8.68371146e-08
3.232479e-07
7.01857918e-08
2.9305226e-07
6.03129206e-08
2.63451571e-07
5.43341043e-08
2.33232356e-07
5.07593395e-08
2.01626472e-07
4.88066455e-08
1.69750813e-07
4.78168608e-08
1.39027624e-07
4.71456458e-08
1.10250229e-07
4.61894246e-08
8.35490074e-08
4.44512241e-08
5.86767143e-08
4.16002992e-08
3.53195311e-08
3.74999815e-08
1.32490911e-08
3.22348026e-08
-7.81646529e-09
2.60264045e-08
-2.86477235e-08
1.9114613e-08
-5.11159415e-08
1.13562085e-08
-7.77387561e-08
2.16326154e-09
-1.1030392e-07
-8.91991165e-09
-1.48594653e-07
-2.17023951e-08
-1.90833645e-07
-3.4913194e-08
-2.34537781e-07
-4.61686864e-08
-2.76000007e-07
-5.24898327e-08
-3.08901814e-07
-5.14638135e-08
-3.2421501e-07
-4.26780941e-08
-3.13247158e-07
-2.8701767e-08
-2.72154844e-07
-1.42493328e-08
-2.05493755e-07
-3.83391101e-09
-1.24916861e-07
-4.174906e-08
1.29527468e-08
-6.9652266e-08
4.52681598e-08
1.27947103e-07
7.70896684e-08
2.88090392e-07
8.03657041e-08
3.41961583e-07
6.84795557e-08
3.3513403e-07
5.70620123e-08
3.04469803e-07
4.92876303e-08
2.71225933e-07
4.48622705e-08
2.37657718e-07
4.28471298e-08
2.0364159e-07
4.22814215e-08
1.70316526e-07
4.2352728e-08
1.38956294e-07
4.24286088e-08
1.10174355e-07
4.20744945e-08
8.39030979e-08
4.1037886e-08
5.97133343e-08
3.91986124e-08
3.71587828e-08
3.65236361e-08
1.59240864e-08
3.31048872e-08
-4.39773322e-09
2.90123215e-08
-2.45551316e-08
2.42845232e-08
-4.63881522e-08
1.85521443e-08
-7.20063456e-08
1.10986037e-08
-1.0285038e-07
1.35644851e-09
-1.38852464e-07
-1.06315625e-08
-1.7884562e-07
-2.39030767e-08
-2.21266246e-07
-3.6361284e-08
-2.63541776e-07
-4.50290028e-08
-3.00234093e-07
-4.69550873e-08
-3.22288911e-07
-4.0891192e-08
-3.19311057e-07
-2.86166936e-08
-2.84429339e-07
-1.45780985e-08
-2.1953235e-07
-3.91996599e-09
-1.35574995e-07
-4.56690262e-08
-5.27878762e-08
-1.68644225e-08
-3.65701366e-08
1.11729351e-07
-3.01660362e-09
2.54536837e-07
1.33397982e-08
3.25605179e-07
2.08943169e-08
3.27579492e-07
2.31320694e-08
3.02232051e-07
2.43548185e-08
2.70003162e-07
2.6298112e-08
2.35714426e-07
2.88621194e-08
2.0107756e-07
3.15008347e-08
1.67677813e-07
3.36968551e-08
1.36760249e-07
3.51756637e-08
1.08695549e-07
3.58897079e-08
8.31890291e-08
3.59028014e-08
5.97002433e-08
3.52728217e-08
3.77887388e-08
3.40176309e-08
1.71792814e-08
3.21248039e-08
-2.50492692e-09
2.97143438e-08
-2.21446649e-08
2.66521375e-08
-4.33259625e-08
2.25173018e-08
-6.7871504e-08
1.66190517e-08
-9.69521404e-08
8.39207556e-09
-1.30625489e-07
-2.20019246e-09
-1.68253363e-07
-1.44213211e-08
-2.09045127e-07
-2.6550738e-08
-2.51412374e-07
-3.59828543e-08
-2.9080199e-07
-3.97933545e-08
-3.18478425e-07
-3.62631421e-08
-3.22841278e-07
-2.6285693e-08
-2.94406793e-07
-1.36864278e-08
-2.32131616e-07
-3.67206274e-09
-1.45589362e-07
-4.93410888e-08
-1.07292133e-07
9.04276753e-08
-1.15404935e-07
1.19842142e-07
-8.53671391e-08
2.2449902e-07
-5.15301648e-08
2.91768205e-07
-2.81958774e-08
3.04245185e-07
-1.33662281e-08
2.87402404e-07
-2.79809661e-09
2.59435008e-07
5.82247937e-09
2.27093855e-07
1.31240196e-08
1.93775996e-07
1.89649459e-08
1.61836894e-07
2.32933749e-08
1.32431799e-07
2.62795894e-08
1.05709343e-07
2.82220851e-08
8.12465162e-08
2.93762346e-08
5.8546104e-08
2.98501829e-08
3.73147786e-08
2.96432527e-08
1.73862254e-08
2.87100406e-08
-1.57171988e-09
2.7182751e-08
-2.06173553e-08
2.49364788e-08
-4.10796874e-08
2.1613101e-08
-6.45480993e-08
1.66327269e-08
-9.19717554e-08
9.53634688e-09
-1.23529078e-07
3.77251064e-10
-1.59094244e-07
-1.0105225e-08
-1.98562633e-07
-2.05570304e-08
-2.40960536e-07
-2.90162988e-08
-2.82342721e-07
-3.31619703e-08
-3.14332733e-07
-3.11381379e-08
-3.24865114e-07
-2.30357242e-08
-3.02509199e-07
-1.20787661e-08
-2.43088572e-07
-3.18752072e-09
-1.54480606e-07
-5.25286102e-08
-8.97956328e-08
1.80223278e-07
-1.41484144e-07
1.71530642e-07
-1.25573349e-07
2.08588201e-07
-9.11156567e-08
2.5731051e-07
-6.09821336e-08
2.74111638e-07
-3.94075632e-08
2.65827834e-07
-2.36582109e-08
2.43685631e-07
-1.13047177e-08
2.14740364e-07
-1.30669971e-09
1.83777952e-07
6.65797818e-09
1.53872221e-07
1.27444703e-08
1.26345285e-07
1.72269977e-08
1.0122682e-07
2.04379771e-08
7.80355194e-08
2.25984889e-08
5.63855926e-08
2.37558059e-08
3.61574492e-08
2.38832727e-08
1.72587549e-08
2.30165023e-08
-7.04957702e-10
2.12905678e-08
-1.88914256e-08
1.87321686e-08
-3.8521293e-08
1.51060703e-08
-6.09220076e-08
1.00213824e-08
-8.68870689e-08
3.29609968e-09
-1.16803811e-07
-4.72948455e-09
-1.51068663e-07
-1.32516944e-08
-1.90040447e-07
-2.13025728e-08
-2.32909667e-07
-2.76697215e-08
-2.75975595e-07
-3.06605188e-08
-3.11341946e-07
-2.84912753e-08
-3.27034371e-07
-2.09191913e-08
-3.1008129e-07
-1.07825282e-08
-2.53225239e-07
-2.72163854e-09
-1.62541502e-07
-5.52502496e-08
3.84012552e-08
1.41821993e-07
-1.84208799e-08
2.28352768e-07
-5.36480634e-08
2.43815357e-07
-6.38568064e-08
2.6751925e-07
-5.67432302e-08
2.66998035e-07
-4.44053684e-08
2.53489972e-07
-3.30457196e-08
2.32325954e-07
-2.25497264e-08
2.04244376e-07
-1.2568754e-08
1.73796955e-07
-3.37405179e-09
1.44677527e-07
4.44452887e-09
1.18526685e-07
1.0575205e-08
9.5096153e-08
1.49856746e-08
7.36250409e-08
1.77162008e-08
5.36550724e-08
1.87617055e-08
3.51119457e-08
1.8150312e-08
1.78701504e-08
1.60704516e-08
1.37491358e-09
1.27758292e-08
-1.55968021e-08
8.49019443e-09
-3.42356406e-08
3.17640971e-09
-5.56082184e-08
-3.17051118e-09
-8.05401277e-08
-1.02208892e-08
-1.09753423e-07
-1.72903199e-08
-1.43999206e-07
-2.37347267e-08
-1.83596038e-07
-2.91718568e-08
-2.27472504e-07
-3.30756444e-08
-2.72071818e-07
-3.4146424e-08
-3.10271147e-07
-3.06110406e-08
-3.30569763e-07
-2.20661984e-08
-3.18626129e-07
-1.11498392e-08
-2.64141604e-07
-2.69420015e-09
-1.7099715e-07
-5.79444515e-08
1.09271968e-07
3.25499998e-08
1.58903413e-07
1.78721314e-07
1.15598662e-07
2.87120084e-07
5.63147322e-08
3.26803175e-07
1.21523751e-08
3.11160363e-07
-1.11776028e-08
2.76819947e-07
-1.95123296e-08
2.40660649e-07
-1.94412022e-08
2.0417325e-07
-1.37678664e-08
1.68123591e-07
-5.14398491e-09
1.36053652e-07
3.76761641e-09
1.09615064e-07
1.10472562e-08
8.7816519e-08
1.5863264e-08
6.88090236e-08
1.80171904e-08
5.15011461e-08
1.75362367e-08
3.55928993e-08
1.46096231e-08
2.07967554e-08
9.63108179e-09
6.35346212e-09
3.04722807e-09
-9.01296523e-09
-4.6061114e-09
-2.65822907e-08
-1.29524142e-08
-4.72619419e-08
-2.13056092e-08
-7.21869217e-08
-2.8750714e-08
-1.02308357e-07
-3.4629322e-08
-1.38120592e-07
-3.8919841e-08
-1.79305562e-07
-4.20280967e-08
-2.24364248e-07
-4.39613843e-08
-2.70138567e-07
-4.35366551e-08
-3.10695882e-07
-3.86565728e-08
-3.35449865e-07
-2.82167616e-08
-3.29065949e-07
-1.45764591e-08
-2.77781918e-07
-3.64324644e-09
-1.81930379e-07
-6.15877002e-08
7.40095083e-08
-4.14595369e-08
1.61273784e-07
9.14570342e-08
1.92027005e-07
2.5636684e-07
1.72667044e-07
3.46163132e-07
1.22340805e-07
3.61486577e-07
7.08489961e-08
3.28311753e-07
3.44641386e-08
2.77045478e-07
1.53091122e-08
2.23328278e-07
9.97369354e-09
1.73458985e-07
1.33906316e-08
1.32636721e-07
1.99731174e-08
1.03032564e-07
2.55974487e-08
8.21921968e-08
2.82918818e-08
6.61145902e-08
2.74989378e-08
5.22940939e-08
2.32677044e-08
3.98241462e-08
1.59642519e-08
2.81002014e-08
6.22529286e-09
1.60924471e-08
-5.47833436e-09
2.69064405e-09
-1.78124448e-08
-1.42481478e-08
-2.96814222e-08
-3.53929886e-08
-3.96700545e-08
-6.219826e-08
-4.6819558e-08
-9.51588727e-08
-5.11583683e-08
-1.33781755e-07
-5.36221646e-08
-1.76841785e-07
-5.53301812e-08
-2.22656203e-07
-5.65700067e-08
-2.68898766e-07
-5.6021664e-08
-3.11244212e-07
-5.0866825e-08
-3.40604721e-07
-3.87180741e-08
-3.41214706e-07
-2.12239197e-08
-2.9527609e-07
-5.76658746e-09
-1.97387732e-07
-6.73542908e-08
-6.19646874e-09
-3.5263099e-08
6.10740183e-08
2.41865449e-08
1.6479119e-07
1.52649645e-07
2.2017918e-07
2.90775143e-07
2.15716089e-07
3.65949646e-07
1.76220439e-07
3.678074e-07
1.31079392e-07
3.22186499e-07
9.6473268e-08
2.579344e-07
7.60279264e-08
1.93904303e-07
6.68262089e-08
1.41838441e-07
6.34462922e-08
1.06412466e-07
6.10367571e-08
8.46017363e-08
5.67442675e-08
7.0407078e-08
4.93883977e-08
5.9649962e-08
3.87325271e-08
5.0480026e-08
2.50927218e-08
4.17399926e-08
9.1797372e-09
3.20054483e-08
-7.72682776e-09
1.95971811e-08
-2.44849034e-08
2.5099472e-09
-3.87455713e-08
-2.11323634e-08
-4.91324017e-08
-5.18114112e-08
-5.5459177e-08
-8.88321547e-08
-5.87686871e-08
-1.30472233e-07
-6.06973355e-08
-1.74913199e-07
-6.26211172e-08
-2.20732418e-07
-6.48425793e-08
-2.66677355e-07
-6.59266417e-08
-3.10160157e-07
-6.24604113e-08
-3.44070979e-07
-5.04973619e-08
-3.53177769e-07
-2.99191774e-08
-3.15854296e-07
-8.93878462e-09
-2.18368153e-07
-7.6293079e-08
-7.17063184e-08
3.64431865e-08
-2.68207267e-08
-2.06990488e-08
9.18992901e-08
3.39296025e-08
1.96262721e-07
1.86411719e-07
2.50350114e-07
3.11862234e-07
2.56696377e-07
3.61461139e-07
2.35179629e-07
3.43703228e-07
2.04860877e-07
2.88253152e-07
1.76123295e-07
2.22641869e-07
1.52124329e-07
1.6583741e-07
1.3259626e-07
1.25940529e-07
1.15899964e-07
1.01298038e-07
1.00033581e-07
8.62734706e-08
8.33832968e-08
7.63002457e-08
6.51207347e-08
6.87426127e-08
4.52316709e-08
6.16290399e-08
2.43826575e-08
5.28544978e-08
3.95141978e-09
4.00283832e-08
-1.39862461e-08
2.0447652e-08
-2.79346989e-08
-7.18395681e-09
-3.79188639e-08
-4.18272169e-08
-4.44221766e-08
-8.23288852e-08
-4.89086912e-08
-1.25985702e-07
-5.29005622e-08
-1.70921369e-07
-5.74409963e-08
-2.16191973e-07
-6.26620244e-08
-2.61456367e-07
-6.72704411e-08
-3.05551743e-07
-6.78647032e-08
-3.43476742e-07
-5.92134708e-08
-3.61829019e-07
-3.84052855e-08
-3.36662509e-07
-1.27616264e-08
-2.44011844e-07
-8.9054709e-08
-6.35272685e-08
9.9970426e-08
-8.51433196e-08
9.16997396e-10
-8.53176205e-09
-4.26819803e-08
1.15823173e-07
6.2056792e-08
2.12496052e-07
2.15189336e-07
2.67216181e-07
3.06741018e-07
2.85879224e-07
3.25040169e-07
2.79434814e-07
2.94697568e-07
2.57876837e-07
2.44199832e-07
2.29166101e-07
1.94548152e-07
1.99421282e-07
1.55685343e-07
1.71939724e-07
1.28779603e-07
1.47115515e-07
1.11097687e-07
1.23949244e-07
9.94665202e-08
1.01556683e-07
9.11351939e-08
7.9763505e-08
8.34222063e-08
5.9093866e-08
7.35241658e-08
4.05008808e-08
5.86213365e-08
2.46713137e-08
3.62772494e-08
1.26574595e-08
4.82984436e-09
2.18417979e-09
-3.13539118e-08
-7.0589348e-09
-7.30858422e-08
-1.60043531e-08
-1.17040269e-07
-2.53339055e-08
-1.61591894e-07
-3.53252449e-08
-2.06200633e-07
-4.57675243e-08
-2.51014151e-07
-5.57173784e-08
-2.95601901e-07
-6.24790015e-08
-3.36715152e-07
-6.04951087e-08
-3.63812928e-07
-4.38966571e-08
-3.53260985e-07
-1.66039971e-08
-2.71304535e-07
-1.0565871e-07
1.17297914e-07
-1.73275141e-08
1.08998324e-07
9.21658202e-09
4.54539788e-08
2.08623398e-08
6.0212887e-08
4.72978905e-08
1.29307312e-07
1.46094893e-07
1.98162582e-07
2.37885761e-07
2.45702159e-07
2.7750058e-07
2.67419078e-07
2.7298066e-07
2.6704933e-07
2.44569572e-07
2.52274337e-07
2.09323156e-07
2.31004706e-07
1.76954975e-07
2.08561839e-07
1.51222481e-07
1.87224835e-07
1.32434704e-07
1.67495939e-07
1.19195423e-07
1.49397863e-07
1.09233299e-07
1.33018885e-07
9.98011761e-08
1.1851824e-07
8.80248511e-08
1.05840291e-07
7.12992519e-08
9.42771514e-08
4.78404335e-08
8.18661477e-08
1.72407913e-08
6.92999512e-08
-1.87876838e-08
5.51393743e-08
-5.8925329e-08
3.92970305e-08
-1.01197914e-07
2.21844574e-08
-1.44479388e-07
4.53095872e-09
-1.88547139e-07
-1.29134342e-08
-2.3356982e-07
-2.94822395e-08
-2.79033115e-07
-4.37157343e-08
-3.22481692e-07
-5.10757264e-08
-3.56452961e-07
-4.36884455e-08
-3.60648297e-07
-1.96356252e-08
-2.95357391e-07
-1.25294339e-07
9.82315889e-08
-1.15559125e-07
1.08354351e-07
-9.06190502e-10
3.39457625e-08
9.52709048e-08
-1.12975374e-08
9.25411931e-08
9.92608757e-09
1.24871248e-07
6.75381354e-08
1.80273728e-07
1.27923836e-07
2.17114867e-07
1.74937197e-07
2.25967317e-07
2.04356225e-07
2.15150538e-07
2.18814109e-07
1.9486529e-07
2.23180734e-07
1.7258835e-07
2.21746701e-07
1.52656534e-07
2.17415338e-07
1.36766077e-07
2.11952475e-07
1.24658303e-07
2.06346104e-07
1.1483969e-07
2.00977235e-07
1.05170055e-07
1.95678711e-07
9.33234041e-08
1.89678106e-07
7.729985e-08
1.81644282e-07
5.587429e-08
1.7001371e-07
2.88713298e-08
1.54195875e-07
-2.96981775e-09
1.34336669e-07
-3.90661927e-08
1.11112722e-07
-7.79739422e-08
8.58728247e-08
-1.19239586e-07
6.01635362e-08
-1.62837844e-07
3.51620799e-08
-2.08568453e-07
1.13737113e-08
-2.5524476e-07
-1.08334682e-08
-3.00274558e-07
-2.90402647e-08
-3.38246183e-07
-3.52589899e-08
-3.54429599e-07
-2.06741523e-08
-3.09942263e-07
-1.45968496e-07
-1.65061816e-08
-9.90529674e-08
-4.299612e-08
2.55837352e-08
-5.39859643e-08
1.06260726e-07
-8.2526522e-08
1.2108175e-07
-7.98771085e-08
1.22221818e-07
-3.73604929e-08
1.37757127e-07
2.49098184e-08
1.54844545e-07
8.78427373e-08
1.63034421e-07
1.4116721e-07
1.61826064e-07
1.81968281e-07
1.54064244e-07
2.11341148e-07
1.43215491e-07
2.31897364e-07
1.32100342e-07
2.46360904e-07
1.22302556e-07
2.56972584e-07
1.14046644e-07
2.65148638e-07
1.06663667e-07
2.71298158e-07
9.90205446e-08
2.74979145e-07
8.96424567e-08
2.75178781e-07
7.71002014e-08
2.70671e-07
6.03821114e-08
2.60476976e-07
3.90653132e-08
2.4417928e-07
1.33279066e-08
2.21726781e-07
-1.66137534e-08
1.94450108e-07
-5.06972609e-08
1.64229047e-07
-8.90186037e-08
1.32781939e-07
-1.31390746e-07
1.01126782e-07
-1.76913378e-07
6.94991613e-08
-2.23617168e-07
3.78541093e-08
-2.68629555e-07
7.50196568e-09
-3.07894073e-07
-1.53047709e-08
-3.31622897e-07
-1.72651805e-08
-3.07981891e-07
-1.63233679e-07
-9.7458054e-08
-1.5949356e-09
-1.26590436e-07
5.47161042e-08
-1.21523166e-07
1.01193438e-07
-1.05220844e-07
1.0477943e-07
-7.30756256e-08
9.00765823e-08
-1.77585303e-08
8.24400499e-08
5.30890081e-08
8.39969969e-08
1.26388553e-07
8.97349063e-08
1.9253714e-07
9.56774764e-08
2.46968733e-07
9.96326867e-08
2.88870127e-07
1.01314105e-07
3.19610118e-07
1.01360391e-07
3.41541817e-07
1.00370875e-07
3.57126365e-07
9.84621364e-08
3.68232784e-07
9.55572744e-08
3.75858687e-07
9.13946793e-08
3.80108126e-07
8.53930517e-08
3.80418534e-07
7.67898172e-08
3.75900057e-07
6.49006244e-08
3.65779737e-07
4.91856287e-08
3.49776389e-07
2.9331292e-08
3.28183073e-07
4.97951581e-09
3.01126165e-07
-2.36403187e-08
2.69548032e-07
-5.74405548e-08
2.34276331e-07
-9.61190251e-08
1.95777238e-07
-1.38414372e-07
1.54163932e-07
-1.82003865e-07
1.09627261e-07
-2.24092929e-07
6.33706503e-08
-2.61637472e-07
2.04636509e-08
-2.88715917e-07
-5.54287322e-09
-2.81975391e-07
-1.68776555e-07
-1.13696294e-07
1.1210134e-07
-1.27564829e-07
6.85846338e-08
-7.17330009e-08
4.53615933e-08
2.3862172e-08
9.18426313e-09
1.3192907e-07
-1.79903274e-08
2.39822114e-07
-2.54529777e-08
3.40178029e-07
-1.63589216e-08
4.30281002e-07
-3.68040676e-10
5.06491382e-07
1.94671004e-08
5.67815533e-07
3.83085679e-08
6.14009496e-07
5.51201508e-08
6.45446041e-07
6.99238829e-08
6.63924268e-07
8.18926639e-08
6.71503969e-07
9.08824756e-08
6.70220902e-07
9.68403637e-08
6.62002176e-07
9.96134418e-08
6.48393919e-07
9.90013408e-08
6.30419008e-07
9.47647456e-08
6.08560733e-07
8.67589358e-08
5.82862793e-07
7.48835546e-08
5.53242689e-07
5.89514255e-08
5.19717454e-07
3.85047088e-08
4.82438005e-07
1.36391426e-08
4.41115299e-07
-1.61179129e-08
3.94826826e-07
-4.98305604e-08
3.42230338e-07
-8.5817955e-08
2.82917801e-07
-1.22691353e-07
2.1737318e-07
-1.58548351e-07
1.47231382e-07
-1.91495701e-07
7.68992024e-08
-2.18383762e-07
1.91923158e-08
-2.24268529e-07
-1.4958424e-07
-2.37363062e-08
1.35837635e-07
2.6566654e-08
1.82816721e-08
1.71933138e-07
-1.00004899e-07
3.23075953e-07
-1.41958548e-07
4.53952225e-07
-1.48866603e-07
5.66084485e-07
-1.37585227e-07
6.63373085e-07
-1.13647518e-07
7.46671543e-07
-8.36664807e-08
8.18613451e-07
-5.24748039e-08
8.80040981e-07
-2.31189354e-08
9.32878317e-07
2.28281867e-09
9.74059245e-07
2.87429908e-08
1.0052846e-06
5.06673122e-08
1.02661521e-06
6.95519131e-08
1.0380115e-06
8.54440843e-08
1.03951098e-06
9.81140103e-08
1.03122132e-06
1.07291013e-07
1.01335312e-06
1.12632987e-07
9.86321983e-07
1.13790096e-07
9.50534525e-07
1.10671034e-07
9.06229438e-07
1.03256541e-07
8.53372584e-07
9.13615475e-08
7.92052379e-07
7.49593831e-08
7.21680982e-07
5.42534314e-08
6.42172907e-07
2.96775414e-08
5.53267385e-07
3.08750785e-09
4.58478646e-07
-2.79026052e-08
3.58195283e-07
-5.82650186e-08
2.5431573e-07
-8.76161455e-08
1.50025592e-07
-1.14093627e-07
5.49755727e-08
-1.29218514e-07
-9.46086671e-08
1.11331712e-07
2.45059178e-08
2.41763311e-07
-1.12149928e-07
3.42176137e-07
-2.00417727e-07
4.34429474e-07
-2.34211882e-07
5.13549286e-07
-2.2798641e-07
5.76089467e-07
-2.00125399e-07
6.262458e-07
-1.63803841e-07
6.693198e-07
-1.26740465e-07
7.09345219e-07
-9.25002116e-08
7.4843714e-07
-6.22108335e-08
7.86619435e-07
-3.58994676e-08
8.27690528e-07
-1.23280676e-08
8.6966909e-07
8.68875718e-09
9.11556869e-07
2.76641786e-08
9.51140412e-07
4.58605496e-08
9.86114017e-07
6.31404519e-08
1.01401108e-06
7.93939604e-08
1.03231359e-06
9.43305147e-08
1.0386626e-06
1.07441091e-07
1.03118723e-06
1.18146421e-07
1.00870881e-06
1.25734966e-07
9.70667911e-07
1.29402435e-07
9.17056409e-07
1.28570887e-07
8.4837264e-07
1.22937172e-07
7.65550514e-07
1.12499659e-07
6.71002343e-07
9.76356437e-08
5.64257232e-07
7.88424871e-08
4.48667593e-07
5.7324599e-08
3.26826874e-07
3.4224559e-08
2.01795686e-07
1.09375582e-08
8.1248303e-08
-8.67112734e-09
-1.33603603e-08
9.85449881e-08
-7.40390706e-08
2.14011321e-07
-2.27616262e-07
3.07753826e-07
-2.94160227e-07
3.78372008e-07
-3.04830058e-07
4.29706384e-07
-2.79320776e-07
4.66260817e-07
-2.36679818e-07
4.94223238e-07
-1.91766247e-07
5.1864781e-07
-1.51165019e-07
5.42142901e-07
-1.15995287e-07
5.65530707e-07
-8.55986138e-08
5.88864827e-07
-5.92335752e-08
6.12865945e-07
-3.63291468e-08
6.37919931e-07
-1.63652202e-08
6.64339007e-07
1.2451569e-09
6.92909096e-07
1.72904642e-08
7.23368004e-07
3.26816038e-08
7.54550845e-07
4.82111203e-08
7.8426146e-07
6.46199511e-08
8.09366243e-07
8.23363062e-08
8.26213807e-07
1.01298886e-07
8.31127248e-07
1.20821523e-07
8.20961136e-07
1.39568548e-07
7.93626239e-07
1.55905784e-07
7.48350233e-07
1.68213161e-07
6.85652806e-07
1.75197082e-07
6.07157501e-07
1.76130937e-07
5.15060254e-07
1.70939738e-07
4.12249039e-07
1.60135815e-07
3.01722827e-07
1.44750795e-07
1.86623057e-07
1.2603736e-07
7.46375978e-08
1.03314366e-07
6.12772407e-08
7.7880831e-08
-1.51919902e-07
1.81937986e-07
-3.31673415e-07
2.65422808e-07
-3.77645041e-07
3.19223786e-07
-3.58631025e-07
3.50645011e-07
-3.10741986e-07
3.70646775e-07
-2.56681563e-07
3.87124435e-07
-2.08243887e-07
4.03575463e-07
-1.67616024e-07
4.2080871e-07
-1.33228511e-07
4.38548409e-07
-1.03338283e-07
4.56137348e-07
-7.6822495e-08
4.72806096e-07
-5.29978517e-08
4.87842662e-07
-3.14017695e-08
5.00834574e-07
-1.17466973e-08
5.12081311e-07
6.04373998e-09
5.22426718e-07
2.23362598e-08
5.33187933e-07
3.74499139e-08
5.45208248e-07
5.2599685e-08
5.58217343e-07
6.93272138e-08
5.70454176e-07
8.90620752e-08
5.78791959e-07
1.12483732e-07
5.79362975e-07
1.38997537e-07
5.68537449e-07
1.66731292e-07
5.43756273e-07
1.92994338e-07
5.03966341e-07
2.1498699e-07
4.49639429e-07
2.30457858e-07
3.824884e-07
2.3809075e-07
3.05032227e-07
2.37591997e-07
2.20262308e-07
2.29520718e-07
1.31946229e-07
2.14353461e-07
4.88832668e-08
1.86377358e-07
1.10160512e-07
8.32468496e-08
-2.35166747e-07
1.70394302e-07
-4.18820864e-07
2.2231352e-07
-4.29564246e-07
2.47234318e-07
-3.83551808e-07
2.57463401e-07
-3.2097105e-07
2.64046621e-07
-2.6326476e-07
2.71830235e-07
-2.16027477e-07
2.81518378e-07
-1.77304138e-07
2.92529109e-07
-1.44239218e-07
3.04140454e-07
-1.14949592e-07
3.15717399e-07
-8.83994178e-08
3.26755791e-07
-6.40361959e-08
3.36862395e-07
-4.15083549e-08
3.45637224e-07
-2.05214624e-08
3.52687347e-07
-1.00636986e-09
3.5740909e-07
1.7614587e-08
3.59997323e-07
3.48616883e-08
3.6115638e-07
5.14406861e-08
3.61780427e-07
6.87031668e-08
3.62246586e-07
8.85959465e-08
3.61847748e-07
1.1288256e-07
3.58709295e-07
1.42135991e-07
3.50293071e-07
1.75147494e-07
3.34206665e-07
2.0908074e-07
3.08898712e-07
2.40294908e-07
2.739794e-07
2.65377181e-07
2.30176653e-07
2.81893481e-07
1.79074237e-07
2.88694428e-07
1.22959655e-07
2.85635315e-07
6.56942205e-08
2.71618927e-07
1.75159099e-08
2.34555704e-07
1.27676425e-07
7.89918458e-08
-3.14158587e-07
1.34052295e-07
-4.73881304e-07
1.55627831e-07
-4.51139766e-07
1.58527775e-07
-3.86451732e-07
1.56551961e-07
-3.18995213e-07
1.56084496e-07
-2.62797268e-07
1.57893198e-07
-2.1783615e-07
1.61408936e-07
-1.80819844e-07
1.6600419e-07
-1.4883444e-07
1.71179594e-07
-1.20124958e-07
1.76589419e-07
-9.3809212e-08
1.81989337e-07
-6.94360648e-08
1.87168878e-07
-4.66878682e-08
1.91907078e-07
-2.52595985e-08
1.95817993e-07
-4.91726015e-09
1.98720834e-07
1.47118163e-08
1.99940291e-07
3.36422516e-08
1.99073823e-07
5.23072124e-08
1.9604485e-07
7.17321527e-08
1.91061943e-07
9.35788888e-08
1.84371852e-07
1.19572652e-07
1.75938549e-07
1.50569311e-07
1.6530131e-07
1.85784724e-07
1.5175488e-07
2.22627182e-07
1.34638179e-07
2.57411593e-07
1.13630557e-07
2.86384823e-07
8.88879692e-08
3.06636056e-07
6.10525461e-08
3.16529867e-07
3.15421692e-08
3.15145697e-07
4.57565557e-09
2.98585465e-07
-8.85959301e-09
2.47990983e-07
1.18816836e-07
5.99287007e-08
-3.74087275e-07
8.12183773e-08
-4.95170967e-07
7.83981413e-08
-4.48319511e-07
6.89035399e-08
-3.76957105e-07
5.97894058e-08
-3.09881054e-07
5.27308826e-08
-2.55738711e-07
4.75275546e-08
-2.12632794e-07
4.38871166e-08
-1.77179367e-07
4.15313256e-08
-1.46478619e-07
4.02700986e-08
-1.18863685e-07
3.99572528e-08
-9.34963367e-08
4.04400356e-08
-6.99187919e-08
4.15372293e-08
-4.7785036e-08
4.30297076e-08
-2.67520087e-08
4.45327951e-08
-6.42032635e-09
4.58523222e-08
1.33923605e-08
4.62465362e-08
3.32480529e-08
4.48935799e-08
5.36602228e-08
4.10842335e-08
7.55415073e-08
3.45642579e-08
1.00098884e-07
2.57081145e-08
1.28428793e-07
1.53943748e-08
1.60883035e-07
4.65386982e-09
1.96525208e-07
-5.74879787e-09
2.33029829e-07
-1.53988581e-08
2.67061614e-07
-2.42701018e-08
2.95256066e-07
-3.26465988e-08
3.15012532e-07
-4.0700646e-08
3.24583924e-07
-4.6952282e-08
3.21397348e-07
-4.50722753e-08
2.9670549e-07
-2.57196562e-08
2.28638399e-07
9.30971831e-08
3.05003414e-08
-4.04587601e-07
1.66064336e-08
-4.81277035e-07
2.69700919e-09
-4.34410068e-07
-1.92278584e-08
-3.55032207e-07
-3.7194176e-08
-2.91914716e-07
-5.26191227e-08
-2.40313728e-07
-6.58716221e-08
-1.99380272e-07
-7.71969048e-08
-1.65854044e-07
-8.6588851e-08
-1.37086647e-07
-9.39952686e-08
-1.11457223e-07
-9.94559339e-08
-8.80356442e-08
-1.03132658e-07
-6.62420188e-08
-1.05290815e-07
-4.5626852e-08
-1.06283614e-07
-2.57591545e-08
-1.06598482e-07
-6.10543264e-09
-1.0672674e-07
1.35206749e-08
-1.07427951e-07
3.39492868e-08
-1.0951055e-07
5.57428647e-08
-1.13594598e-07
7.96255763e-08
-1.19778139e-07
1.06282447e-07
-1.27420363e-07
1.36071031e-07
-1.35223769e-07
1.68686445e-07
-1.41615877e-07
2.02917331e-07
-1.45246035e-07
2.36659982e-07
-1.45464454e-07
2.67280048e-07
-1.42356162e-07
2.92147769e-07
-1.36236972e-07
3.08893352e-07
-1.26346558e-07
3.14693515e-07
-1.08857521e-07
3.03908329e-07
-7.70248228e-08
2.6487282e-07
-3.159235e-08
1.83205961e-07
6.15048368e-08
-4.82475339e-09
-3.99762826e-07
-4.31590341e-08
-4.42942727e-07
-8.29324e-08
-3.94636684e-07
-1.14417218e-07
-3.23547359e-07
-1.42733316e-07
-2.63598602e-07
-1.67400319e-07
-2.15646693e-07
-1.89053342e-07
-1.77727232e-07
-2.078859e-07
-1.47021452e-07
-2.23811918e-07
-1.2116061e-07
-2.36751026e-07
-9.85180815e-08
-2.46767276e-07
-7.80193727e-08
-2.54092396e-07
-5.89168648e-08
-2.59100432e-07
-4.06187951e-08
-2.62268246e-07
-2.25913085e-08
-2.64145971e-07
-4.22768693e-09
-2.65388663e-07
1.47633895e-08
-2.66641074e-07
3.52017172e-08
-2.68409263e-07
5.75110584e-08
-2.70888349e-07
8.21046795e-08
-2.73788891e-07
1.09182968e-07
-2.76286913e-07
1.38569064e-07
-2.77166625e-07
1.69566115e-07
-2.75137682e-07
2.00888385e-07
-2.69196397e-07
2.30718654e-07
-2.5878149e-07
2.5686512e-07
-2.43455784e-07
2.76822041e-07
-2.21981447e-07
2.87419004e-07
-1.91227201e-07
2.8393927e-07
-1.46627941e-07
2.59309087e-07
-8.76810754e-08
2.05925985e-07
-2.83090861e-08
1.23834004e-07
3.31957536e-08
-4.48165193e-08
-3.54946286e-07
-1.08375517e-07
-3.79383697e-07
-1.71630448e-07
-3.31381738e-07
-2.2235974e-07
-2.72818039e-07
-2.64318077e-07
-2.21640252e-07
-2.99753266e-07
-1.80211475e-07
-3.3002738e-07
-1.47453105e-07
-3.55802789e-07
-1.21246013e-07
-3.77343678e-07
-9.96197056e-08
-3.94814112e-07
-8.10476189e-08
-4.08431599e-07
-6.4401866e-08
-4.18529684e-07
-4.88187537e-08
-4.25557483e-07
-3.35909741e-08
-4.30053258e-07
-1.80955115e-08
-4.3260677e-07
-1.67414968e-09
-4.33640256e-07
1.57968895e-08
-4.33537425e-07
3.50989151e-08
-4.32470375e-07
5.6444013e-08
-4.3033508e-07
7.99694147e-08
-4.2670631e-07
1.05554193e-07
-4.20861627e-07
1.32724414e-07
-4.118838e-07
1.60588278e-07
-3.98775106e-07
1.8777973e-07
-3.80478167e-07
2.12421704e-07
-3.55696033e-07
2.32083029e-07
-3.22523857e-07
2.43649859e-07
-2.78290859e-07
2.43186038e-07
-2.2052385e-07
2.26172269e-07
-1.50160034e-07
1.88945291e-07
-7.66425911e-08
1.32408565e-07
-1.98760086e-08
6.70674463e-08
1.33197461e-08
-8.6424136e-08
-2.68522125e-07
-1.85529167e-07
-2.80278635e-07
-2.74746675e-07
-2.42164215e-07
-3.48248497e-07
-1.99316191e-07
-4.08102821e-07
-1.6178592e-07
-4.57130141e-07
-1.31184131e-07
-4.97537451e-07
-1.07045787e-07
-5.30792178e-07
-8.79912626e-08
-5.57849099e-07
-7.2562774e-08
-5.79388828e-07
-5.95078703e-08
-5.95973614e-07
-4.78170655e-08
-6.08107446e-07
-3.66849098e-08
-6.16242902e-07
-2.54555012e-08
-6.20776334e-07
-1.35620781e-08
-6.22388174e-07
-6.22900606e-11
-6.20508071e-07
1.39167741e-08
-6.15508485e-07
3.00993501e-08
-6.0726546e-07
4.82009611e-08
-5.95462869e-07
6.81668445e-08
-5.79593903e-07
8.96851873e-08
-5.58967218e-07
1.12097748e-07
-5.32721641e-07
1.34342652e-07
-4.99815835e-07
1.54873933e-07
-4.5900694e-07
1.71612767e-07
-4.08885204e-07
1.81961285e-07
-3.48189218e-07
1.82953854e-07
-2.76747551e-07
1.71744365e-07
-1.97279692e-07
1.46704413e-07
-1.17583422e-07
1.09249027e-07
-5.0859807e-08
6.56849604e-08
-1.05946938e-08
2.68023433e-08
2.72505266e-09
-1.2629168e-07
-1.42230428e-07
-2.63694635e-07
-1.42875649e-07
-3.83911695e-07
-1.21947147e-07
-4.83833467e-07
-9.93943948e-08
-5.65364652e-07
-8.02547304e-08
-6.31335006e-07
-6.52137547e-08
-6.84454422e-07
-5.39263667e-08
-7.26873468e-07
-4.55721956e-08
-7.60185213e-07
-3.92510196e-08
-7.85554473e-07
-3.41385946e-08
-8.03813811e-07
-2.95577116e-08
-8.15556591e-07
-2.49421206e-08
-8.21168234e-07
-1.98438379e-08
-8.2083939e-07
-1.38909224e-08
-8.14230165e-07
-6.67148943e-09
-8.02197639e-07
1.88423801e-09
-7.83687702e-07
1.15894435e-08
-7.58596848e-07
2.31100923e-08
-7.26529197e-07
3.60992272e-08
-6.87032126e-07
5.01881017e-08
-6.39690386e-07
6.47560442e-08
-5.8421701e-07
7.88692708e-08
-5.20572713e-07
9.12296802e-08
-4.49159938e-07
1.00199996e-07
-3.71078813e-07
1.03880213e-07
-2.88558354e-07
1.00433404e-07
-2.05604748e-07
8.87907997e-08
-1.28516417e-07
6.96160961e-08
-6.53992435e-08
4.61318673e-08
-2.33391969e-08
2.36249165e-08
-3.62150796e-09
7.08465547e-09
-8.96456832e-10
-1.59367917e-07
1.71375018e-08
-3.23041274e-07
2.079773e-08
-4.67492397e-07
2.25039806e-08
-5.88454592e-07
2.15678186e-08
-6.87049081e-07
1.83397623e-08
-7.65785114e-07
1.35222948e-08
-8.27550402e-07
7.83892555e-09
-8.74971243e-07
1.8486609e-09
-9.10185703e-07
-4.03655204e-09
-9.34875908e-07
-9.44838003e-09
-9.50048911e-07
-1.43846965e-08
-9.56341596e-07
-1.86494325e-08
-9.5404041e-07
-2.21450081e-08
-9.43175824e-07
-2.47555184e-08
-9.23461986e-07
-2.63853085e-08
-8.94610286e-07
-2.69674852e-08
-8.5658943e-07
-2.64313919e-08
-8.0881293e-07
-2.46664427e-08
-7.51063968e-07
-2.16497153e-08
-6.83464526e-07
-1.74113829e-08
-6.06653376e-07
-1.20550909e-08
-5.21982232e-07
-5.80191855e-09
-4.31665141e-07
9.12591679e-10
-3.3913552e-07
7.67033798e-09
-2.48787404e-07
1.353208e-08
-1.65921488e-07
1.75674694e-08
-9.60878952e-08
1.89571857e-08
-4.39601943e-08
1.74883898e-08
-1.18398098e-08
1.40114668e-08
1.81574821e-09
9.96934436e-09
2.85919671e-09
6.04119283e-09
1.96273891e-09
-1.53732432e-07
1.70869935e-07
-3.13054405e-07
1.80119715e-07
-4.53491914e-07
1.62941491e-07
-5.70787673e-07
1.38863591e-07
-6.66124364e-07
1.13676458e-07
-7.42216137e-07
8.96140815e-08
-8.02229038e-07
6.78518319e-08
-8.49019432e-07
4.86390694e-08
-8.84806504e-07
3.17505277e-08
-9.11030414e-07
1.67755428e-08
-9.28569653e-07
3.15455478e-09
-9.38145056e-07
-9.07402094e-09
-9.3984643e-07
-2.04436195e-08
-9.33283221e-07
-3.13187252e-08
-9.17848347e-07
-4.1820163e-08
-8.92803846e-07
-5.20119914e-08
-8.57330262e-07
-6.19049544e-08
-8.10606421e-07
-7.13902923e-08
-7.5202748e-07
-8.02286322e-08
-6.8143455e-07
-8.8004319e-08
-5.99399712e-07
-9.40899038e-08
-5.07564578e-07
-9.76370531e-08
-4.09024853e-07
-9.76270995e-08
-3.08339713e-07
-9.30148042e-08
-2.11782485e-07
-8.30251061e-08
-1.26646772e-07
-6.75682545e-08
-5.99000029e-08
-4.77895575e-08
-1.59705379e-08
-2.64410823e-08
5.51384045e-09
-7.47291136e-09
9.93646873e-09
5.54670688e-09
5.14787041e-09
1.08297809e-08
7.11060759e-09
-1.2182866e-07
2.92698594e-07
-2.54832461e-07
3.13123514e-07
-3.7005996e-07
2.78168992e-07
-4.64497151e-07
2.33300786e-07
-5.40204721e-07
1.89384032e-07
-6.00729674e-07
1.50139042e-07
-6.49728123e-07
1.16850286e-07
-6.90115312e-07
8.90262656e-08
-7.23859902e-07
6.54951237e-08
-7.52083108e-07
4.49987539e-08
-7.75400594e-07
2.6472048e-08
-7.93611671e-07
9.13705948e-09
-8.06488771e-07
-7.56651227e-09
-8.13914079e-07
-2.38934173e-08
-8.1542658e-07
-4.0307655e-08
-8.10420593e-07
-5.70179826e-08
-7.98122752e-07
-7.42027906e-08
-7.7757702e-07
-9.19360322e-08
-7.47681385e-07
-1.10124265e-07
-7.07278162e-07
-1.28407555e-07
-6.55324876e-07
-1.4604319e-07
-5.91188967e-07
-1.61772987e-07
-5.15082663e-07
-1.73733415e-07
-4.28615339e-07
-1.79482166e-07
-3.35396264e-07
-1.76244209e-07
-2.41362378e-07
-1.61602184e-07
-1.54493324e-07
-1.34658644e-07
-8.34332955e-08
-9.75011402e-08
-3.46146882e-08
-5.62915378e-08
-8.72804514e-09
-2.03399517e-08
-1.00145064e-10
2.20186408e-09
7.01046073e-09
-8.51379124e-08
3.77836498e-07
-1.82643386e-07
4.10628981e-07
-2.68882012e-07
3.64407617e-07
-3.38899102e-07
3.03317874e-07
-3.95116404e-07
2.45601338e-07
-4.4117038e-07
1.96193021e-07
-4.80097228e-07
1.55777138e-07
-5.13790608e-07
1.2271965e-07
-5.43173864e-07
9.48783846e-08
-5.68629494e-07
7.04543883e-08
-5.90339397e-07
4.8181959e-08
-6.0844138e-07
2.7239049e-08
-6.23067026e-07
7.05914246e-09
-6.34234708e-07
-1.27257261e-08
-6.42102455e-07
-3.24398978e-08
-6.4673977e-07
-5.23806553e-08
-6.48099058e-07
-7.28434933e-08
-6.4593038e-07
-9.41046933e-08
-6.39668725e-07
-1.16385913e-07
-6.28308284e-07
-1.39767974e-07
-6.10311526e-07
-1.64039941e-07
-5.83600071e-07
-1.8848442e-07
-5.45739849e-07
-2.11593626e-07
-4.94395657e-07
-2.30826349e-07
-4.28108392e-07
-2.42531456e-07
-3.47581177e-07
-2.42129412e-07
-2.57155749e-07
-2.25084062e-07
-1.6583745e-07
-1.88819457e-07
-8.65239641e-08
-1.35605029e-07
-3.15420101e-08
-7.53219224e-08
-4.95349692e-09
-2.43866684e-08
2.0569603e-09
-4.73903517e-08
4.25226841e-07
-1.12181538e-07
4.75420152e-07
-1.74626719e-07
4.26852794e-07
-2.24705806e-07
3.53396953e-07
-2.65995495e-07
2.86891027e-07
-3.01385009e-07
2.3158253e-07
-3.3266833e-07
1.87060461e-07
-3.60556077e-07
1.50607392e-07
-3.8510321e-07
1.1942552e-07
-4.06192838e-07
9.15440114e-08
-4.23800547e-07
6.57896699e-08
-4.38076141e-07
4.15146392e-08
-4.4933559e-07
1.83185939e-08
-4.57918078e-07
-4.14323899e-09
-4.64281645e-07
-2.60763299e-08
-4.68799446e-07
-4.78628536e-08
-4.71919303e-07
-6.97236393e-08
-4.74092966e-07
-9.19310264e-08
-4.75680147e-07
-1.1479874e-07
-4.76754955e-07
-1.3869316e-07
-4.76820775e-07
-1.63974134e-07
-4.74506754e-07
-1.90798441e-07
-4.67326078e-07
-2.18774324e-07
-4.51654115e-07
-2.46498322e-07
-4.23049187e-07
-2.71136415e-07
-3.77152795e-07
-2.88025825e-07
-3.11572299e-07
-2.90664588e-07
-2.28786795e-07
-2.71604985e-07
-1.39165989e-07
-2.25225861e-07
-6.10323297e-08
-1.53455612e-07
-1.29801652e-08
-7.24388654e-08
-1.09232083e-08
-9.71592266e-09
4.34942751e-07
-5.12902162e-08
5.16994431e-07
-9.36199527e-08
4.69182522e-07
-1.27219415e-07
3.86996403e-07
-1.57137026e-07
3.16808634e-07
-1.83863981e-07
2.58309475e-07
-2.0803392e-07
2.11230398e-07
-2.29731541e-07
1.72305006e-07
-2.48781221e-07
1.384752e-07
-2.65044807e-07
1.07807592e-07
-2.78564763e-07
7.93096277e-08
-2.8954341e-07
5.24932841e-08
-2.98266608e-07
2.70417956e-08
-3.0499248e-07
2.58263863e-09
-3.10092707e-07
-2.09760978e-08
-3.13803753e-07
-4.41517954e-08
-3.16449305e-07
-6.70780832e-08
-3.1848949e-07
-8.98908217e-08
-3.20550664e-07
-1.12737563e-07
-3.23333266e-07
-1.35910529e-07
-3.27363776e-07
-1.59943623e-07
-3.32614326e-07
-1.85547855e-07
-3.38104726e-07
-2.1328392e-07
-3.41555429e-07
-2.43047593e-07
-3.39206433e-07
-2.73485402e-07
-3.25814433e-07
-3.01417819e-07
-2.95266122e-07
-3.21212898e-07
-2.42680684e-07
-3.2419043e-07
-1.68960567e-07
-2.98945991e-07
-8.69736069e-08
-2.35442598e-07
-2.25557888e-08
-1.36856714e-07
-3.34790007e-08
2.19272232e-08
4.13015519e-07
1.60815137e-09
5.37313483e-07
-1.76835395e-08
4.88474204e-07
-4.13160928e-08
4.10628937e-07
-6.23670119e-08
3.37859545e-07
-8.12721128e-08
2.77214559e-07
-9.81590353e-08
2.28117313e-07
-1.13107452e-07
1.87253407e-07
-1.26097859e-07
1.51465599e-07
-1.37165851e-07
1.1887557e-07
-1.46480478e-07
8.86242481e-08
-1.54298871e-07
6.03116667e-08
-1.60907423e-07
3.36503417e-08
-1.66615535e-07
8.29074429e-09
-1.71471771e-07
-1.61198666e-08
-1.756028e-07
-4.00207674e-08
-1.79065836e-07
-6.3615055e-08
-1.82039566e-07
-8.69170871e-08
-1.84940813e-07
-1.09836328e-07
-1.88442772e-07
-1.32408561e-07
-1.93320085e-07
-1.55066326e-07
-2.00126335e-07
-1.787416e-07
-2.08809446e-07
-2.04600832e-07
-2.1842176e-07
-2.33435279e-07
-2.26989271e-07
-2.6491792e-07
-2.31330022e-07
-2.97077073e-07
-2.26578141e-07
-3.25964803e-07
-2.05936983e-07
-3.44831598e-07
-1.62697825e-07
-3.42185172e-07
-9.76512403e-08
-3.0048921e-07
-3.07258744e-08
-2.03782111e-07
-6.42048775e-08
5.13592735e-08
3.61656236e-07
6.04125215e-08
5.2826022e-07
5.15441647e-08
4.97342551e-07
3.74543656e-08
4.24718716e-07
2.45203039e-08
3.50793595e-07
1.31599008e-08
2.88574941e-07
3.50808281e-09
2.37769121e-07
-4.57451252e-09
1.95335984e-07
-1.13740353e-08
1.58265113e-07
-1.72085652e-08
1.24710085e-07
-2.2349273e-08
9.37649484e-08
-2.70251578e-08
6.49875423e-08
-3.14209917e-08
3.80461707e-08
-3.56962239e-08
1.25659756e-08
-3.99395494e-08
-1.1876543e-08
-4.42081352e-08
-3.57521726e-08
-4.85282433e-08
-5.92949464e-08
-5.29870562e-08
-8.24582558e-08
-5.78267882e-08
-1.04996594e-07
-6.34840193e-08
-1.26751303e-07
-7.05244733e-08
-1.4802587e-07
-7.94504011e-08
-1.6981564e-07
-9.04135112e-08
-1.93637716e-07
-1.0298597e-07
-2.20862796e-07
-1.16104901e-07
-2.5179898e-07
-1.28188927e-07
-2.84993036e-07
-1.37009451e-07
-3.17144277e-07
-1.3844471e-07
-3.43396338e-07
-1.25055393e-07
-3.55574498e-07
-8.86561418e-08
-3.36888479e-07
-3.47225978e-08
-2.57715674e-07
-9.89274765e-08
7.28261558e-08
2.88830075e-07
1.12391317e-07
4.88695048e-07
1.21177095e-07
4.88556763e-07
1.16506431e-07
4.29389363e-07
1.10082287e-07
3.57217725e-07
1.05514395e-07
2.93142814e-07
1.02691308e-07
2.40592193e-07
1.01150094e-07
1.96877179e-07
1.00344439e-07
1.59070754e-07
9.97807794e-08
1.25273727e-07
9.90880436e-08
9.44576718e-08
9.80433695e-08
6.60322013e-08
9.65294595e-08
3.95600697e-08
9.44663018e-08
1.46291229e-08
9.17616678e-08
-9.17191844e-09
8.82720944e-08
-3.22626028e-08
8.37598498e-08
-5.47827099e-08
7.79657525e-08
-7.66641555e-08
7.06371408e-08
-9.76679908e-08
6.15849571e-08
-1.17699113e-07
5.07215813e-08
-1.37162502e-07
3.80608796e-08
-1.57154939e-07
2.37159239e-08
-1.79292774e-07
7.9290702e-09
-2.05075951e-07
-8.89651212e-09
-2.34973419e-07
-2.62068003e-08
-2.67682755e-07
-4.32439731e-08
-3.00107119e-07
-5.86492586e-08
-3.27991054e-07
-6.82679676e-08
-3.45955797e-07
-6.20452066e-08
-3.43111248e-07
-3.20708885e-08
-2.87690002e-07
-1.30998365e-07
8.20753472e-08
2.0675472e-07
1.52685538e-07
4.18084852e-07
1.85561295e-07
4.55680996e-07
1.95995019e-07
4.18955629e-07
1.98329396e-07
3.54883334e-07
2.00627201e-07
2.90844993e-07
2.04597696e-07
2.36621684e-07
2.09730526e-07
1.91744335e-07
2.15254526e-07
1.53546739e-07
2.20502257e-07
1.20025985e-07
2.24997107e-07
8.99628091e-08
2.28454238e-07
6.25750621e-08
2.30716074e-07
3.72982238e-08
2.31646649e-07
1.36985447e-08
2.3106178e-07
-8.58705602e-09
2.28694977e-07
-2.98957952e-08
2.24067903e-07
-5.01556387e-08
2.16751632e-07
-6.93478713e-08
2.06546075e-07
-8.74624314e-08
1.93615372e-07
-1.0476839e-07
1.7845633e-07
-1.22003454e-07
1.61682262e-07
-1.40380851e-07
1.43718727e-07
-1.61329226e-07
1.24560348e-07
-1.85917563e-07
1.03782913e-07
-2.14195965e-07
8.08533804e-08
-2.44753225e-07
5.55541218e-08
-2.74807848e-07
2.83769233e-08
-3.00813855e-07
1.34094156e-09
-3.18919812e-07
-1.98009399e-08
-3.21969366e-07
-2.03559943e-08
-2.87134948e-07
-1.51354359e-07
7.86983833e-08
1.28056329e-07
1.72505302e-07
3.24277929e-07
2.34247985e-07
3.93938305e-07
2.68668631e-07
3.84534974e-07
2.87185918e-07
3.36366033e-07
2.99936644e-07
2.78094256e-07
3.12021333e-07
2.24536979e-07
3.24570131e-07
1.79195525e-07
3.37161136e-07
1.40955718e-07
3.49078058e-07
1.08109052e-07
3.59687036e-07
7.93538165e-08
3.68503663e-07
5.37584252e-08
3.75175803e-07
3.06260712e-08
3.79415443e-07
9.45889649e-09
3.80889986e-07
-1.00616104e-08
3.79064903e-07
-2.80707152e-08
3.73584833e-07
-4.46755781e-08
3.6437426e-07
-6.01372966e-08
3.51782111e-07
-7.48702901e-08
3.36541775e-07
-8.95280525e-08
3.19528673e-07
-1.04990356e-07
3.0136546e-07
-1.22217648e-07
2.82025096e-07
-1.41988868e-07
2.60656059e-07
-1.64548546e-07
2.35773753e-07
-1.89313671e-07
2.05796635e-07
-2.14776127e-07
1.69692336e-07
-2.38703558e-07
1.27465405e-07
-2.58586932e-07
8.05362728e-08
-2.7199068e-07
3.39038679e-08
-2.75336958e-07
6.92180897e-10
-2.53923259e-07
-1.50662178e-07
6.60828564e-08
6.1973461e-08
1.68216175e-07
2.2214461e-07
2.54895844e-07
3.07258626e-07
3.19905878e-07
3.19524937e-07
3.65067975e-07
2.91203924e-07
3.96975164e-07
2.46187061e-07
4.22198501e-07
1.99313627e-07
4.44374651e-07
1.57019367e-07
4.64705866e-07
1.2062449e-07
4.83240942e-07
8.95739697e-08
4.99615697e-07
6.29790496e-08
5.13357441e-07
4.00166772e-08
5.23973543e-07
2.00099601e-08
5.3079214e-07
2.6402985e-09
5.33803323e-07
-1.3072799e-08
5.32921317e-07
-2.71887037e-08
5.28593769e-07
-4.03480316e-08
5.21484068e-07
-5.30275844e-08
5.12317039e-07
-6.57032584e-08
5.01625713e-07
-7.88367118e-08
4.89472686e-07
-9.2837321e-08
4.75193533e-07
-1.07938482e-07
4.57312343e-07
-1.24107662e-07
4.33729876e-07
-1.40966077e-07
4.02165635e-07
-1.57749409e-07
3.60755732e-07
-1.73366231e-07
3.0860884e-07
-1.86556651e-07
2.46122226e-07
-1.9610032e-07
1.75114514e-07
-2.0098296e-07
9.97607377e-08
-1.99983177e-07
3.16938264e-08
-1.85856343e-07
-1.18968351e-07
3.85387741e-08
2.34346743e-08
1.31512458e-07
1.29170924e-07
2.36226604e-07
2.02544471e-07
3.31417534e-07
2.24334007e-07
4.09120354e-07
2.13501092e-07
4.69717889e-07
1.85589524e-07
5.17144824e-07
1.51886678e-07
5.55415506e-07
1.18748681e-07
5.87242254e-07
8.87977287e-08
6.14061327e-07
6.27548927e-08
6.36434912e-07
4.06054527e-08
6.54976929e-07
2.1474657e-08
6.70402015e-07
4.58486449e-09
6.83224443e-07
-1.01821314e-08
6.93876957e-07
-2.37253207e-08
7.02981709e-07
-3.62934533e-08
7.10649632e-07
-4.80159596e-08
7.16667561e-07
-5.90455098e-08
7.20388962e-07
-6.94246608e-08
7.20674645e-07
-7.9122394e-08
7.15891898e-07
-8.80545712e-08
7.03974256e-07
-9.60208504e-08
6.82642484e-07
-1.02775888e-07
6.49697404e-07
-1.08021015e-07
6.03341348e-07
-1.11393356e-07
5.425165e-07
-1.12541397e-07
4.6721874e-07
-1.11258893e-07
3.78597385e-07
-1.07478969e-07
2.78879919e-07
-1.01265491e-07
1.71771073e-07
-9.28743269e-08
6.70115906e-08
-8.1096857e-08
-5.19567606e-08
2.31691298e-08
2.65527647e-10
9.90452629e-08
5.32947889e-08
2.11469357e-07
9.01203654e-08
3.23413862e-07
1.12389505e-07
4.27147539e-07
1.09767404e-07
5.17731254e-07
9.50058098e-08
5.94077966e-07
7.5539955e-08
6.58076511e-07
5.47501358e-08
7.12372597e-07
3.45016325e-08
7.5931006e-07
1.58174297e-08
8.00193259e-07
-2.77753532e-10
8.38023556e-07
-1.63556401e-08
8.72368232e-07
-2.97598149e-08
9.03455889e-07
-4.12697861e-08
9.30748417e-07
-5.10178495e-08
9.53561505e-07
-5.91065368e-08
9.71096619e-07
-6.55510692e-08
9.82374647e-07
-7.03235314e-08
9.86235727e-07
-7.32857323e-08
9.81352542e-07
-7.42392003e-08
9.66304055e-07
-7.3006073e-08
9.3972429e-07
-6.94410733e-08
9.0034265e-07
-6.33942327e-08
8.46990574e-07
-5.46689287e-08
7.78697238e-07
-4.31000001e-08
6.95107343e-07
-2.8951496e-08
5.96580968e-07
-1.27325012e-08
4.84306857e-07
4.79514557e-09
3.60165561e-07
2.28758106e-08
2.27431413e-07
3.98598187e-08
9.40655832e-08
5.22689709e-08
4.21088215e-08
5.83351309e-08
-5.80696177e-08
1.5586906e-07
-4.42391461e-08
2.60675129e-07
-1.46857147e-08
3.89048469e-07
-1.59838351e-08
5.18219546e-07
-1.94036824e-08
6.35038717e-07
-2.18133602e-08
7.37206935e-07
-2.66282717e-08
8.25126907e-07
-3.31698368e-08
8.99522011e-07
-3.98934793e-08
9.61279145e-07
-4.5939706e-08
1.01192274e-06
-5.09213513e-08
1.05059718e-06
-5.50300892e-08
1.07893404e-06
-5.80966768e-08
1.09780478e-06
-6.01405254e-08
1.10789249e-06
-6.1105564e-08
1.1097001e-06
-6.09141481e-08
1.10360773e-06
-5.94587027e-08
1.0898455e-06
-5.65613043e-08
1.06859734e-06
-5.20375669e-08
1.03998852e-06
-4.56303815e-08
1.0038948e-06
-3.69123586e-08
9.59887621e-07
-2.54338973e-08
9.07361627e-07
-1.08682452e-08
8.4530178e-07
7.39091749e-09
7.71011289e-07
3.11904802e-08
6.84034386e-07
5.80254091e-08
5.83848081e-07
8.74537963e-08
4.70876047e-07
1.17767181e-07
3.47189572e-07
1.46562279e-07
2.16170535e-07
1.70878845e-07
8.73962216e-08
1.81043274e-07
1.29505042e-07
-1.86849504e-08
-3.93846825e-08
3.75768953e-08
-1.00501e-07
1.4572136e-07
-1.22830192e-07
2.59846026e-07
-1.30108504e-07
3.69068934e-07
-1.286266e-07
4.69565556e-07
-1.22309982e-07
5.57069694e-07
-1.14132416e-07
6.29501862e-07
-1.05602006e-07
6.86894899e-07
-9.72865189e-08
7.30343757e-07
-8.93885647e-08
7.61394215e-07
-8.19718106e-08
7.81324453e-07
-7.49603267e-08
7.91369496e-07
-6.81417182e-08
7.92519193e-07
-6.12902217e-08
7.85697638e-07
-5.42840049e-08
7.71783305e-07
-4.69998124e-08
7.5162195e-07
-3.9297342e-08
7.2603187e-07
-3.09712201e-08
6.95830861e-07
-2.18365519e-08
6.61913141e-07
-1.17126515e-08
6.25056142e-07
-5.53555017e-11
5.86552647e-07
1.30696199e-08
5.46676749e-07
2.90076566e-08
5.05201484e-07
4.88662113e-08
4.62090423e-07
7.43015508e-08
4.13667719e-07
1.06448137e-07
3.56243273e-07
1.44878251e-07
2.87353576e-07
1.86656889e-07
2.07073962e-07
2.26841888e-07
1.19572595e-07
2.58380201e-07
3.89882668e-08
2.61627591e-07
1.68493307e-07
-3.87160029e-09
-3.55130945e-08
2.73208862e-08
-1.316935e-07
9.73282703e-08
-1.92837587e-07
1.78275629e-07
-2.11055872e-07
2.60330526e-07
-2.10681505e-07
3.35894289e-07
-1.97873751e-07
4.00603659e-07
-1.7884179e-07
4.53135624e-07
-1.58133975e-07
4.93850751e-07
-1.38001649e-07
5.2374285e-07
-1.19280665e-07
5.43914036e-07
-1.02142999e-07
5.55382072e-07
-8.64283639e-08
5.59062646e-07
-7.18222923e-08
5.55781055e-07
-5.80086307e-08
5.46245999e-07
-4.47489478e-08
5.31108556e-07
-3.18623691e-08
5.11032786e-07
-1.9221572e-08
4.86659885e-07
-6.59831734e-09
4.5881304e-07
6.01029083e-09
4.28293552e-07
1.88068379e-08
3.96003329e-07
3.22348618e-08
3.62352194e-07
4.67207579e-08
3.28316661e-07
6.30431785e-08
2.9468313e-07
8.24997522e-08
2.61699835e-07
1.07284833e-07
2.28003344e-07
1.40144641e-07
1.90594519e-07
1.82287071e-07
1.46448771e-07
2.30802643e-07
9.50563109e-08
2.78234343e-07
4.13279771e-08
3.12108526e-07
1.3403974e-09
3.0161516e-07
1.69833704e-07
1.4572679e-08
-5.00857876e-08
5.45804875e-08
-1.71701321e-07
1.13418165e-07
-2.51675275e-07
1.82882048e-07
-2.80519765e-07
2.49083554e-07
-2.76883018e-07
3.06240809e-07
-2.55031012e-07
3.53070707e-07
-2.25671692e-07
3.90096916e-07
-1.95160187e-07
4.18376419e-07
-1.66281154e-07
4.38956006e-07
-1.39860253e-07
4.52628737e-07
-1.15815731e-07
4.59938577e-07
-9.37382017e-08
4.61288707e-07
-7.31724211e-08
4.57006144e-07
-5.3726063e-08
4.47360718e-07
-3.51035192e-08
4.32609965e-07
-1.71116094e-08
4.13510615e-07
-1.22217483e-10
3.8954868e-07
1.73636257e-08
3.61585928e-07
3.39730474e-08
3.30166347e-07
5.02264287e-08
2.96199619e-07
6.62015917e-08
2.60740963e-07
8.21794327e-08
2.25009114e-07
9.87750308e-08
1.90261249e-07
1.17247643e-07
1.57469786e-07
1.40076305e-07
1.26602547e-07
1.71011903e-07
9.60131655e-08
2.12876462e-07
6.34021655e-08
2.63413655e-07
2.8632302e-08
3.13004206e-07
-2.1195268e-09
3.42860348e-07
-1.43232199e-08
3.13818846e-07
1.55510483e-07
2.02189966e-08
-7.03047966e-08
6.98508665e-08
-2.21333205e-07
1.29477726e-07
-3.11302145e-07
1.88717337e-07
-3.39759386e-07
2.39019561e-07
-3.2718525e-07
2.78607992e-07
-2.94619451e-07
3.09385191e-07
-2.56448896e-07
3.33402468e-07
-2.19177469e-07
3.51870622e-07
-1.84749311e-07
3.65363322e-07
-1.53352955e-07
3.74120302e-07
-1.24572715e-07
3.78251514e-07
-9.78694137e-08
3.77855927e-07
-7.27768363e-08
3.73058059e-07
-4.8928192e-08
3.64003605e-07
-2.60490679e-08
3.5084847e-07
-3.95646936e-09
3.33173413e-07
1.75528357e-08
3.12038864e-07
3.84981789e-08
2.87291337e-07
5.872057e-08
2.59375758e-07
7.81420093e-08
2.2888327e-07
9.66940743e-08
1.96617285e-07
1.14445418e-07
1.63569754e-07
1.31822552e-07
1.30826519e-07
1.49990883e-07
9.93968925e-08
1.71505921e-07
6.98410364e-08
2.00567769e-07
4.1876219e-08
2.40841276e-07
1.48039015e-08
2.90485978e-07
-1.00821888e-08
3.37890293e-07
-2.54141582e-08
3.58192312e-07
-1.86275653e-08
3.07032246e-07
1.36882917e-07
2.89656095e-08
-9.92704209e-08
8.34921659e-08
-2.75859774e-07
1.38432835e-07
-3.66242824e-07
1.84581493e-07
-3.85908054e-07
2.18353544e-07
-3.60957307e-07
2.42499279e-07
-3.18765193e-07
2.60777368e-07
-2.74726988e-07
2.75168182e-07
-2.33568287e-07
2.86266099e-07
-1.95847231e-07
2.94092675e-07
-1.61179534e-07
2.98563622e-07
-1.29043664e-07
2.99646763e-07
-9.8952552e-08
2.97384776e-07
-7.05148512e-08
2.91866758e-07
-4.34101679e-08
2.83200388e-07
-1.73826991e-08
2.71509881e-07
7.73404653e-09
2.56909178e-07
3.21535388e-08
2.39523802e-07
5.58835627e-08
2.19354212e-07
7.88901619e-08
1.96530249e-07
1.00965981e-07
1.7136932e-07
1.21855004e-07
1.44407551e-07
1.41407202e-07
1.16368534e-07
1.59861571e-07
8.80441668e-08
1.7831527e-07
6.01463758e-08
1.99403719e-07
3.32432714e-08
2.2747089e-07
7.80387973e-09
2.66280675e-07
-1.5131187e-08
3.13421052e-07
-3.18844329e-08
3.54643539e-07
-3.43841983e-08
3.60692073e-07
-1.75137781e-08
2.90161821e-07
1.19369139e-07
3.48241241e-08
-1.34094559e-07
8.97200263e-08
-3.3075569e-07
1.36708823e-07
-4.13231629e-07
1.6895251e-07
-4.18151751e-07
1.88476816e-07
-3.80481619e-07
2.01264456e-07
-3.31552839e-07
2.10953023e-07
-2.8441556e-07
2.18559164e-07
-2.41174433e-07
2.24097767e-07
-2.01385839e-07
2.2740089e-07
-1.64482659e-07
2.28347873e-07
-1.29990653e-07
2.26905021e-07
-9.75096986e-08
2.2310694e-07
-6.67167754e-08
2.17033001e-07
-3.73362253e-08
2.08776403e-07
-9.12610715e-09
1.98408001e-07
1.81024549e-08
1.86043297e-07
4.4518236e-08
1.71731857e-07
7.01950093e-08
1.55520191e-07
9.51018202e-08
1.37450142e-07
1.19036037e-07
1.17641764e-07
1.41663374e-07
9.63614381e-08
1.62687531e-07
7.4013784e-08
1.82209218e-07
5.10274735e-08
2.01301584e-07
2.77469878e-08
2.22684197e-07
4.53313323e-09
2.5068475e-07
-1.76711745e-08
2.88484981e-07
-3.61790608e-08
3.31928943e-07
-4.52050121e-08
3.63669491e-07
-3.78716677e-08
3.53358727e-07
-1.57607163e-08
2.68050868e-07
1.03608423e-07
3.92571184e-08
-1.73351692e-07
9.01514474e-08
-3.81650032e-07
1.25882372e-07
-4.48962562e-07
1.45028751e-07
-4.37298138e-07
1.53797487e-07
-3.89250361e-07
1.58955604e-07
-3.36710962e-07
1.62780961e-07
-2.88240922e-07
1.65476719e-07
-2.43870194e-07
1.66878509e-07
-2.02787634e-07
1.66816184e-07
-1.64420335e-07
1.65164566e-07
-1.2833904e-07
1.61872485e-07
-9.42176151e-08
1.56947891e-07
-6.17921862e-08
1.50446394e-07
-3.08347223e-08
1.42481667e-07
-1.16138367e-09
1.33103749e-07
2.74803804e-08
1.22381588e-07
5.52403947e-08
1.10365489e-07
8.22111175e-08
9.71251554e-08
1.08342152e-07
8.27351652e-08
1.33426039e-07
6.72849875e-08
1.5711355e-07
5.0896855e-08
1.7907568e-07
3.37057606e-08
1.99400312e-07
1.57620468e-08
2.19245314e-07
-3.03168086e-09
2.41477928e-07
-2.24923647e-08
2.70145446e-07
-4.10737956e-08
3.07066416e-07
-5.44318143e-08
3.45286967e-07
-5.58281403e-08
3.65065818e-07
-4.04686147e-08
3.379992e-07
-1.4947201e-08
2.42529453e-07
8.86612216e-08
4.10958645e-08
-2.1444757e-07
8.44041252e-08
-4.24958304e-07
1.08166187e-07
-4.72724632e-07
1.16490801e-07
-4.4562276e-07
1.17875471e-07
-3.90635037e-07
1.17912385e-07
-3.36747882e-07
1.17484896e-07
-2.87813438e-07
1.16493394e-07
-2.42878696e-07
1.14775126e-07
-2.01069373e-07
1.12164296e-07
-1.61809506e-07
1.08531297e-07
-1.24706048e-07
1.03808737e-07
-8.94950532e-08
9.79919985e-08
-5.5975456e-08
9.1120696e-08
-2.39634155e-08
8.32550549e-08
6.70424833e-09
7.4483759e-08
3.62516835e-08
6.48809986e-08
6.48431456e-08
5.45241285e-08
9.25679972e-08
4.35021836e-08
1.19364088e-07
3.19196298e-08
1.45008602e-07
1.98753184e-08
1.69157854e-07
7.41400984e-09
1.91536993e-07
-5.57691474e-09
2.1239123e-07
-1.94795304e-08
2.33147932e-07
-3.48010737e-08
2.56799466e-07
-5.12438666e-08
2.86588242e-07
-6.60345083e-08
3.21857057e-07
-7.33095983e-08
3.52562061e-07
-6.63919391e-08
3.5814816e-07
-4.35457043e-08
3.15152966e-07
-1.49104276e-08
2.13894176e-07
7.3750794e-08
4.01546153e-08
-2.54602198e-07
7.33180711e-08
-4.5812177e-07
8.61020066e-08
-4.85508575e-07
8.60913961e-08
-4.45612156e-07
8.24878184e-08
-3.87031465e-07
7.86752761e-08
-3.32935344e-07
7.48113434e-08
-2.83949511e-07
7.07931615e-08
-2.38860516e-07
6.64762412e-08
-1.96752459e-07
6.17086701e-08
-1.57041935e-07
5.63721049e-08
-1.1936949e-07
5.03993868e-08
-8.35223319e-08
4.37610941e-08
-4.93371702e-08
3.65071375e-08
-1.67094525e-08
2.86916283e-08
1.45197506e-08
2.03582572e-08
4.45850639e-08
1.15924275e-08
7.36089696e-08
2.50506641e-09
1.01655369e-07
-6.78861616e-09
1.28657767e-07
-1.61651033e-08
1.54385101e-07
-2.55395258e-08
1.78532275e-07
-3.49948076e-08
2.00992288e-07
-4.49404305e-08
2.22336853e-07
-5.61326211e-08
2.44340134e-07
-6.9119189e-08
2.69786037e-07
-8.28212114e-08
3.00290272e-07
-9.3015964e-08
3.32051813e-07
-9.28077989e-08
3.52353901e-07
-7.66420588e-08
3.41982421e-07
-4.64127965e-08
2.84923704e-07
-1.49007998e-08
1.82382179e-07
5.88499942e-08
3.67865735e-08
-2.91388783e-07
5.83207561e-08
-4.79655962e-07
6.16201268e-08
-4.88807953e-07
5.5274167e-08
-4.39266202e-07
4.79692339e-08
-3.79726538e-07
4.08351272e-08
-3.25801241e-07
3.3905901e-08
-2.77020292e-07
2.71439046e-08
-2.32098522e-07
2.04343109e-08
-1.90042873e-07
1.36679248e-08
-1.50275548e-07
6.74973003e-09
-1.12451304e-07
-3.79717609e-10
-7.63928809e-08
-7.71329955e-09
-4.2003598e-08
-1.5304096e-08
-9.11865021e-09
-2.31428525e-08
2.23584973e-08
-3.1177939e-08
5.26201579e-08
-3.93172437e-08
8.17482655e-08
-4.74316361e-08
1.09769771e-07
-5.53607022e-08
1.36586825e-07
-6.29724475e-08
1.61996854e-07
-7.02816128e-08
1.85841436e-07
-7.76207442e-08
2.08331423e-07
-8.57554575e-08
2.30471563e-07
-9.56025323e-08
2.54187209e-07
-1.07141928e-07
2.81325428e-07
-1.17778086e-07
3.1092643e-07
-1.21654735e-07
3.35928462e-07
-1.11922167e-07
3.42621336e-07
-8.55749754e-08
3.15635231e-07
-4.82679548e-08
2.47616684e-07
-1.44922152e-08
1.4860644e-07
4.43577789e-08
3.06677087e-08
-3.22056503e-07
3.95936938e-08
-4.88581955e-07
3.52156461e-08
-4.84429913e-07
2.47644841e-08
-4.28815044e-07
1.41190912e-08
-3.69081152e-07
3.55322121e-09
-3.15235373e-07
-6.34438543e-09
-2.67122692e-07
-1.57578854e-08
-2.22685022e-07
-2.47745128e-08
-1.81026253e-07
-3.34662384e-08
-1.4158382e-07
-4.19017002e-08
-1.0401585e-07
-5.01418958e-08
-6.81526814e-08
-5.82567843e-08
-3.38887163e-08
-6.62752368e-08
-1.10019225e-09
-7.41960104e-08
3.02792651e-08
-8.19865526e-08
6.04107069e-08
-8.95543934e-08
8.93161024e-08
-9.67638542e-08
1.16979239e-07
-1.03483136e-07
1.43306105e-07
-1.09694912e-07
1.68208639e-07
-1.15664898e-07
1.9181142e-07
-1.22076985e-07
2.14743519e-07
-1.29887618e-07
2.38282196e-07
-1.39546582e-07
2.6384618e-07
-1.49562889e-07
2.91341737e-07
-1.55371683e-07
3.16735229e-07
-1.50204688e-07
3.3076147e-07
-1.28710679e-07
3.21127331e-07
-9.15977057e-08
2.78522259e-07
-4.82093908e-08
2.04228368e-07
-1.35038228e-08
1.13900871e-07
3.08539561e-08
2.13466325e-08
-3.43403144e-07
1.92321349e-08
-4.86467463e-07
1.02630451e-08
-4.7546083e-07
-7.19126335e-09
-4.11360739e-07
-2.09550333e-08
-3.55317389e-07
-3.44067129e-08
-3.01783695e-07
-4.7199112e-08
-2.543303e-07
-5.92030174e-08
-2.10681116e-07
-7.04554551e-08
-1.69773822e-07
-8.10068749e-08
-1.31032399e-07
-9.09144557e-08
-9.41082762e-08
-1.00251338e-07
-5.88157964e-08
-1.09094419e-07
-2.50456425e-08
-1.1747582e-07
7.28121237e-09
-1.2545651e-07
3.82599472e-08
-1.3297439e-07
6.79285919e-08
-1.39961556e-07
9.63032622e-08
-1.46352017e-07
1.23369707e-07
-1.52177503e-07
1.49131586e-07
-1.5770836e-07
1.73739501e-07
-1.63561848e-07
1.97664906e-07
-1.70586908e-07
2.21768578e-07
-1.79264262e-07
2.46959549e-07
-1.88557552e-07
2.73139467e-07
-1.9481892e-07
2.97603101e-07
-1.92006531e-07
3.13922839e-07
-1.74128843e-07
3.12883781e-07
-1.39138459e-07
2.86136949e-07
-9.2142627e-08
2.31526428e-07
-4.51465418e-08
1.57232283e-07
-1.17291253e-08
8.04834538e-08
1.91248306e-08
9.15408008e-09
-3.52557231e-07
-3.14042301e-09
-4.74172964e-07
-2.01267818e-08
-4.58474477e-07
-3.86626369e-08
-3.92824886e-07
-5.75742482e-08
-3.36405783e-07
-7.44246075e-08
-2.84933336e-07
-8.99944959e-08
-2.38760418e-07
-1.04402136e-07
-1.96273475e-07
-1.17703569e-07
-1.56472396e-07
-1.2994436e-07
-1.18791607e-07
-1.41178631e-07
-8.28740106e-08
-1.5148194e-07
-4.85124845e-08
-1.6093628e-07
-1.55913073e-08
-1.69604946e-07
1.59498821e-08
-1.77530621e-07
4.61856181e-08
-1.84742088e-07
7.51400636e-08
-1.91291307e-07
1.02852478e-07
-1.97324696e-07
1.29403101e-07
-2.03179996e-07
1.54986885e-07
-2.09432765e-07
1.79992275e-07
-2.16748396e-07
2.04980536e-07
-2.2536466e-07
2.30384847e-07
-2.34204368e-07
2.55799257e-07
-2.4003208e-07
2.78967183e-07
-2.3751486e-07
2.95085882e-07
-2.20931893e-07
2.97339876e-07
-1.87253149e-07
2.7920504e-07
-1.3907753e-07
2.37961334e-07
-8.54294786e-08
1.77878377e-07
-3.88024255e-08
1.10605227e-07
-9.25813273e-09
5.09391588e-08
9.86669761e-09
-4.55272903e-09
-3.48004509e-07
-2.86700076e-08
-4.50055689e-07
-5.44325425e-08
-4.32711947e-07
-7.61389113e-08
-3.71118519e-07
-9.7916455e-08
-3.14628245e-07
-1.18024186e-07
-2.64825606e-07
-1.36323809e-07
-2.204608e-07
-1.52939043e-07
-1.79658241e-07
-1.68012369e-07
-1.41399076e-07
-1.81644959e-07
-1.05159015e-07
-1.93919418e-07
-7.05995572e-08
-2.04927272e-07
-3.75046281e-08
-2.14775325e-07
-5.74325964e-09
-2.23596376e-07
2.47709351e-08
-2.31537013e-07
5.412625e-08
-2.38793996e-07
8.23970503e-08
-2.45650382e-07
1.0970886e-07
-2.52510338e-07
1.36263061e-07
-2.59865054e-07
1.62341598e-07
-2.6808698e-07
1.88214204e-07
-2.76975957e-07
2.1386951e-07
-2.85113902e-07
2.3852279e-07
-2.89342094e-07
2.60027447e-07
-2.84937908e-07
2.74562995e-07
-2.66947238e-07
2.77095208e-07
-2.32513882e-07
2.62906521e-07
-1.83206502e-07
2.29897659e-07
-1.25985082e-07
1.80739917e-07
-7.15518641e-08
1.2344516e-07
-3.00706031e-08
6.91239645e-08
-6.59815759e-09
2.74667109e-08
3.26853963e-09
-1.90484607e-08
-3.28956053e-07
-5.44869508e-08
-4.14617202e-07
-9.03175894e-08
-3.96881314e-07
-1.18549886e-07
-3.42886223e-07
-1.440191e-07
-2.89159035e-07
-1.67296944e-07
-2.41547763e-07
-1.88278583e-07
-1.99479167e-07
-2.06976283e-07
-1.60960539e-07
-2.23580044e-07
-1.24795321e-07
-2.38300567e-07
-9.04384892e-08
-2.51326488e-07
-5.75736412e-08
-2.62848152e-07
-2.59829616e-08
-2.7308546e-07
4.49404444e-09
-2.82320668e-07
3.40061461e-08
-2.90851006e-07
6.26565856e-08
-2.99031097e-07
9.0577144e-08
-3.07233428e-07
1.17911191e-07
-3.15737155e-07
1.4476679e-07
-3.24500586e-07
1.7110503e-07
-3.32793829e-07
1.96507449e-07
-3.3879523e-07
2.19870911e-07
-3.3939531e-07
2.39122873e-07
-3.30534329e-07
2.51166465e-07
-3.08313852e-07
2.52342522e-07
-2.70716812e-07
2.39498168e-07
-2.19288956e-07
2.1147867e-07
-1.59848379e-07
1.70457083e-07
-1.01395342e-07
1.22286885e-07
-5.30800333e-08
7.51298496e-08
-2.0530857e-08
3.65747843e-08
-4.03615523e-09
1.09720054e-08
-7.67615991e-10
-3.9066377e-08
-2.89889681e-07
-8.86282421e-08
-3.65055339e-07
-1.33816306e-07
-3.51693254e-07
-1.68701813e-07
-3.08000717e-07
-1.9814883e-07
-2.59712023e-07
-2.24444095e-07
-2.15252498e-07
-2.48040448e-07
-1.75882818e-07
-2.68893683e-07
-1.40107302e-07
-2.8711801e-07
-1.06570999e-07
-3.03000274e-07
-7.45562237e-08
-3.16887149e-07
-4.36867705e-08
-3.29154946e-07
-1.37151622e-08
-3.40123547e-07
1.5462641e-08
-3.50125184e-07
4.40077851e-08
-3.59457828e-07
7.19892272e-08
-3.68320419e-07
9.94397359e-08
-3.76671122e-07
1.26261892e-07
-3.84023576e-07
1.52119246e-07
-3.89211661e-07
1.76293113e-07
-3.90221579e-07
1.97517368e-07
-3.84239554e-07
2.13888883e-07
-3.6808949e-07
2.22972807e-07
-3.39145881e-07
2.22222854e-07
-2.9655182e-07
2.0974846e-07
-2.42310918e-07
1.85257262e-07
-1.81638497e-07
1.50806252e-07
-1.22070995e-07
1.10889579e-07
-7.12685816e-08
7.14844758e-08
-3.43088708e-08
3.81701375e-08
-1.20864696e-08
1.43523795e-08
-1.9953052e-09
8.80837072e-10
-2.76292166e-09
-6.00866796e-08
-2.29803005e-07
-1.27857226e-07
-2.97284794e-07
-1.84907322e-07
-2.94643161e-07
-2.27641649e-07
-2.65266391e-07
-2.61366149e-07
-2.25987527e-07
-2.90260646e-07
-1.86358e-07
-3.1605802e-07
-1.50085447e-07
-3.39011751e-07
-1.1715357e-07
-3.59074927e-07
-8.65078264e-08
-3.76387331e-07
-5.72438177e-08
-3.91238319e-07
-2.88357858e-08
-4.04183188e-07
-7.70291668e-10
-4.15071294e-07
2.63507453e-08
-4.24257143e-07
5.31936354e-08
-4.31707303e-07
7.94393865e-08
-4.37083417e-07
1.04815851e-07
-4.39624032e-07
1.28802507e-07
-4.380513e-07
1.50546515e-07
-4.30563788e-07
1.68805601e-07
-4.15021143e-07
1.81974724e-07
-3.8938375e-07
1.8825149e-07
-3.52399037e-07
1.85988096e-07
-3.04396045e-07
1.7421986e-07
-2.47886542e-07
1.53238962e-07
-1.87609165e-07
1.24979883e-07
-1.29735528e-07
9.29326218e-08
-8.02555187e-08
6.14095702e-08
-4.30959379e-08
3.43249001e-08
-1.90022966e-08
1.4076494e-08
-5.94771481e-09
1.29779302e-09
-7.28117935e-10
-4.33876438e-09
-3.49104003e-09
-7.75494112e-08
-1.52253598e-07
-1.64214278e-07
-2.10619928e-07
-2.36573205e-07
-2.22284237e-07
-2.90575458e-07
-2.11264138e-07
-3.30502034e-07
-1.86060954e-07
-3.61878215e-07
-1.54981819e-07
-3.88513104e-07
-1.23450561e-07
-4.11992087e-07
-9.3674586e-08
-4.32546093e-07
-6.59538235e-08
-4.49952625e-07
-3.9837285e-08
-4.64048377e-07
-1.47400364e-08
-4.74533766e-07
9.71509918e-09
-4.81671221e-07
3.34881984e-08
-4.85096197e-07
5.66186114e-08
-4.84379003e-07
7.87221922e-08
-4.78808721e-07
9.92455695e-08
-4.67396195e-07
1.17389981e-07
-4.4896413e-07
1.3211445e-07
-4.22356987e-07
1.42198457e-07
-3.86794235e-07
1.46411972e-07
-3.42326887e-07
1.4378414e-07
-2.90268116e-07
1.33929325e-07
-2.33424317e-07
1.17376058e-07
-1.75940091e-07
9.57547384e-08
-1.22606774e-07
7.16465603e-08
-7.77110694e-08
4.80369213e-08
-4.38314897e-08
2.75299877e-08
-2.12070994e-08
1.17005135e-08
-8.09109162e-09
9.6048417e-10
-1.92050617e-09
-4.8727966e-09
3.061329e-11
-6.28988812e-09
-3.46042718e-09
-7.89478752e-08
-7.33057254e-08
-1.77624225e-07
-1.11943581e-07
-2.66408722e-07
-1.33499742e-07
-3.37372392e-07
-1.40300468e-07
-3.89647064e-07
-1.33786284e-07
-4.27093717e-07
-1.17535166e-07
-4.54472467e-07
-9.60718133e-08
-4.75500353e-07
-7.2646699e-08
-4.92109412e-07
-4.93447665e-08
-5.04734494e-07
-2.72122025e-08
-5.12950706e-07
-6.52382505e-09
-5.15991659e-07
1.27560525e-08
-5.13443672e-07
3.09402109e-08
-5.04862458e-07
4.80373982e-08
-4.89788657e-07
6.36483914e-08
-4.67771954e-07
7.72288665e-08
-4.38458938e-07
8.80769652e-08
-4.01757212e-07
9.5412725e-08
-3.58047854e-07
9.84890989e-08
-3.08407892e-07
9.67720107e-08
-2.54796517e-07
9.01727633e-08
-2.0004985e-07
7.91826619e-08
-1.47589633e-07
6.49158377e-08
-1.00872353e-07
4.90374634e-08
-6.26440926e-08
3.34182966e-08
-3.42669689e-08
1.96598041e-08
-1.54787428e-08
8.74176028e-09
-4.75833993e-09
9.80115077e-10
1.15099115e-10
-3.91295713e-09
1.29964623e-09
-6.05734794e-09
6.73890468e-10
-5.66413651e-09
-2.7865371e-09
-4.68936781e-08
-2.64120522e-08
-1.37517629e-07
-2.13196313e-08
-2.29537473e-07
-4.14799013e-08
-3.1506405e-07
-5.4773892e-08
-3.86075476e-07
-6.27748595e-08
-4.40627885e-07
-6.29827569e-08
-4.79408388e-07
-5.72913117e-08
-5.04864449e-07
-4.71906382e-08
-5.19486702e-07
-3.47225141e-08
-5.25297683e-07
-2.14012215e-08
-5.23796819e-07
-8.02468859e-09
-5.15434455e-07
4.39368852e-09
-4.99758489e-07
1.52642451e-08
-4.76542057e-07
2.48209664e-08
-4.45851947e-07
3.29582828e-08
-4.08087169e-07
3.94640886e-08
-3.64040297e-07
4.40300932e-08
-3.14957545e-07
4.63299742e-08
-2.62595397e-07
4.61269508e-08
-2.09200904e-07
4.33775183e-08
-1.5748043e-07
3.84522878e-08
-1.10312084e-07
3.2014318e-08
-7.01212681e-08
2.47250183e-08
-3.84559155e-08
1.73721135e-08
-1.57923572e-08
1.07547341e-08
-1.50942324e-09
5.37687421e-09
5.86412339e-09
1.36821204e-09
8.13506873e-09
-1.29082691e-09
7.05170776e-09
-2.82959785e-09
4.33996876e-09
-3.34561255e-09
1.49646753e-09
-2.82063914e-09
-1.29006999e-09
-2.55180485e-08
-4.59541371e-08
-8.65611429e-08
-1.40472926e-07
-2.02396614e-07
-2.64539231e-07
-3.21001553e-07
-3.67374407e-07
-4.01290428e-07
-4.21896474e-07
-4.2913736e-07
-4.23971243e-07
-4.0794597e-07
-3.82375356e-07
-3.48678807e-07
-3.08487798e-07
-2.63742107e-07
-2.16707804e-07
-1.69887755e-07
-1.25828299e-07
-8.67051833e-08
-5.40310589e-08
-2.86571964e-08
-1.06470963e-08
7.34830694e-10
6.72822381e-09
8.7023529e-09
8.00696128e-09
5.76240655e-09
2.9915592e-09
7.35519406e-10
)
;

boundaryField
{
    inner_wall
    {
        type            calculated;
        value           uniform 0;
    }
    outer_wall
    {
        type            calculated;
        value           uniform 0;
    }
    top
    {
        type            calculated;
        value           nonuniform List<scalar> 
32
(
-8.94008962e-10
-8.83542798e-10
-8.72901264e-10
-8.6210602e-10
-8.51177485e-10
-8.40134831e-10
-8.28996189e-10
-8.1777857e-10
-8.06497925e-10
-7.95169234e-10
-7.83806558e-10
-7.72423164e-10
-7.6103136e-10
-7.49642644e-10
-7.38267936e-10
-7.26917253e-10
-7.15600044e-10
-7.04325116e-10
-6.93100529e-10
-6.81933996e-10
-6.70832399e-10
-6.59802461e-10
-6.48849978e-10
-6.37980652e-10
-6.27199623e-10
-6.16511453e-10
-6.0592058e-10
-5.95430879e-10
-5.85045956e-10
-5.74769012e-10
-5.64603028e-10
-5.54550585e-10
)
;
    }
    bottom
    {
        type            calculated;
        value           nonuniform List<scalar> 
32
(
-1.3768092e-07
-1.38980198e-07
-1.41289645e-07
-1.37637387e-07
-1.33040453e-07
-1.27515711e-07
-1.20900732e-07
-1.13111773e-07
-1.040449e-07
-9.37015538e-08
-8.23044089e-08
-7.06339565e-08
-5.88678287e-08
-4.60216735e-08
-2.83327927e-08
7.83656408e-10
3.76520303e-08
7.08566416e-08
9.79459866e-08
1.17921438e-07
1.30834732e-07
1.37298297e-07
1.3816887e-07
1.3441092e-07
1.27150581e-07
1.17609974e-07
1.0698869e-07
9.62922267e-08
8.58461433e-08
7.41389683e-08
5.66938963e-08
2.65953747e-08
)
;
    }
    front
    {
        type            wedge;
        value           nonuniform List<scalar> 
3072
(
-9.66818972e-08
-2.19311165e-07
-2.88789097e-07
-3.26262552e-07
-3.48160472e-07
-3.62734838e-07
-3.72836551e-07
-3.79164011e-07
-3.82714285e-07
-3.8528488e-07
-3.88626352e-07
-3.93275929e-07
-3.98881647e-07
-4.04610529e-07
-4.09194498e-07
-4.11430263e-07
-4.10784342e-07
-4.08834185e-07
-4.08154488e-07
-4.11270797e-07
-4.19247822e-07
-4.29433284e-07
-4.37193853e-07
-4.40004918e-07
-4.37022028e-07
-4.28057304e-07
-4.14655206e-07
-3.99269419e-07
-3.95436325e-07
-4.24152002e-07
-4.63857073e-07
-4.66453246e-07
-4.30262054e-07
-3.89369902e-07
-3.56506715e-07
-3.33363506e-07
-3.64117572e-07
-4.38060708e-07
-4.6347908e-07
-4.20319968e-07
-3.76654978e-07
-3.59003167e-07
-3.80394379e-07
-4.57644243e-07
-4.51250138e-07
-4.02147641e-07
-3.78557072e-07
-3.7359778e-07
-3.97112857e-07
-4.55647285e-07
-4.82786356e-07
-4.60316125e-07
-4.36088947e-07
-4.0861808e-07
-3.80618272e-07
-3.55299605e-07
-3.34263426e-07
-3.17916062e-07
-3.04586128e-07
-2.94399676e-07
-2.88158703e-07
-2.8950239e-07
-2.96077152e-07
-3.05764273e-07
-3.17983375e-07
-3.33005768e-07
-3.51670051e-07
-3.74500327e-07
-4.00532322e-07
-4.27446874e-07
-4.51737711e-07
-4.69555429e-07
-4.75599585e-07
-4.80007467e-07
-4.85499751e-07
-4.69201048e-07
-4.67612877e-07
-4.6739752e-07
-4.63993466e-07
-4.59686126e-07
-4.52612605e-07
-4.42988125e-07
-4.30688058e-07
-4.16129489e-07
-3.99848514e-07
-3.82322752e-07
-3.64153451e-07
-3.46044836e-07
-3.28582794e-07
-3.11996125e-07
-2.96543661e-07
-2.8452247e-07
-2.78440063e-07
-2.82120306e-07
-2.91071154e-07
-2.29402226e-07
-8.91568818e-09
-4.05460853e-08
-7.38152014e-08
-9.98965783e-08
-1.19853735e-07
-1.36111955e-07
-1.49681675e-07
-1.60491067e-07
-1.68878339e-07
-1.75975645e-07
-1.83369065e-07
-1.92275737e-07
-2.03256511e-07
-2.15692363e-07
-2.2776899e-07
-2.37150048e-07
-2.4205283e-07
-2.42910478e-07
-2.42269081e-07
-2.44673242e-07
-2.54973459e-07
-2.73292094e-07
-2.93322457e-07
-3.08039063e-07
-3.13344786e-07
-3.08258845e-07
-2.91767445e-07
-2.64070203e-07
-2.40314934e-07
-2.60657168e-07
-3.35576044e-07
-3.90321983e-07
-3.85781101e-07
-3.43720622e-07
-2.82172787e-07
-2.19607825e-07
-2.05353268e-07
-2.9539319e-07
-3.79080987e-07
-3.57739361e-07
-2.93213445e-07
-2.65648725e-07
-2.88983932e-07
-3.95677794e-07
-3.96298924e-07
-3.46718887e-07
-3.05818058e-07
-2.97550207e-07
-3.37234318e-07
-4.15102823e-07
-3.97152158e-07
-3.36380858e-07
-2.94427079e-07
-2.6002305e-07
-2.35716262e-07
-2.20416821e-07
-2.11003389e-07
-2.02480667e-07
-1.94797394e-07
-1.87901442e-07
-1.83458117e-07
-1.85871362e-07
-1.91686317e-07
-1.98734039e-07
-2.06044162e-07
-2.13959379e-07
-2.21881544e-07
-2.34105376e-07
-2.53649004e-07
-2.82198111e-07
-3.18786411e-07
-3.59649827e-07
-3.92747572e-07
-4.20428992e-07
-4.46179678e-07
-4.15903471e-07
-3.99816601e-07
-3.87555328e-07
-3.69422368e-07
-3.48144235e-07
-3.23434969e-07
-2.97484947e-07
-2.71571376e-07
-2.47035363e-07
-2.24754261e-07
-2.05146771e-07
-1.88415291e-07
-1.74340504e-07
-1.6212641e-07
-1.49819673e-07
-1.36814291e-07
-1.2261217e-07
-1.06961355e-07
-9.12233139e-08
-7.76715552e-08
-5.4312299e-08
-6.16533596e-10
-5.71785233e-09
-1.30187563e-08
-2.0118627e-08
-2.65413704e-08
-3.2527595e-08
-3.82520752e-08
-4.37276606e-08
-4.9037067e-08
-5.44165304e-08
-6.03469159e-08
-6.7256558e-08
-7.55492372e-08
-8.52733101e-08
-9.56709671e-08
-1.05237732e-07
-1.12557123e-07
-1.17415264e-07
-1.2068849e-07
-1.24417736e-07
-1.31933847e-07
-1.45613973e-07
-1.63414555e-07
-1.8024649e-07
-1.91082645e-07
-1.9365684e-07
-1.87765014e-07
-1.73201045e-07
-1.54528143e-07
-1.56205994e-07
-2.13831677e-07
-2.89354502e-07
-3.25634218e-07
-3.18281567e-07
-2.77403838e-07
-2.13321989e-07
-1.56799094e-07
-1.85381609e-07
-2.82977624e-07
-3.21480631e-07
-2.9721147e-07
-2.68339032e-07
-2.61326566e-07
-3.16555795e-07
-3.32909705e-07
-3.13708438e-07
-2.8495769e-07
-2.8815821e-07
-3.41197943e-07
-3.74640461e-07
-3.12600147e-07
-2.524483e-07
-2.2434975e-07
-2.10965261e-07
-2.08188639e-07
-2.08468726e-07
-2.06512738e-07
-2.01729305e-07
-1.94278376e-07
-1.84728533e-07
-1.77049702e-07
-1.81413782e-07
-1.91190819e-07
-2.0090318e-07
-2.08109067e-07
-2.12521898e-07
-2.14888713e-07
-2.14445859e-07
-2.14820379e-07
-2.21803782e-07
-2.40914479e-07
-2.74744307e-07
-3.14868835e-07
-3.58608903e-07
-4.10500689e-07
-3.69949701e-07
-3.31401823e-07
-3.07508322e-07
-2.80443449e-07
-2.53096975e-07
-2.27296705e-07
-2.05626222e-07
-1.89058922e-07
-1.77712501e-07
-1.70864858e-07
-1.67269347e-07
-1.65405044e-07
-1.6367629e-07
-1.60634445e-07
-1.5610833e-07
-1.48804986e-07
-1.36796162e-07
-1.17656783e-07
-8.94482251e-08
-5.35444301e-08
-1.74795869e-08
-2.91199878e-11
-6.80834215e-10
-1.82073889e-09
-3.04553756e-09
-4.22936223e-09
-5.50954158e-09
-7.12648686e-09
-9.26138582e-09
-1.19589191e-08
-1.51733769e-08
-1.8876174e-08
-2.30461404e-08
-2.77341856e-08
-3.29682707e-08
-3.86406088e-08
-4.44375603e-08
-4.98862131e-08
-5.46812657e-08
-5.88666236e-08
-6.29764635e-08
-6.80839123e-08
-7.53962947e-08
-8.51150587e-08
-9.58803556e-08
-1.05158547e-07
-1.10835403e-07
-1.11992182e-07
-1.08794678e-07
-1.02522165e-07
-1.00981031e-07
-1.26645385e-07
-1.82805444e-07
-2.30774748e-07
-2.44810673e-07
-2.23674844e-07
-1.79777494e-07
-1.32358689e-07
-1.20118538e-07
-1.81968611e-07
-2.54311282e-07
-2.82621333e-07
-2.79758812e-07
-2.66206231e-07
-2.47632929e-07
-2.41988612e-07
-2.39625392e-07
-2.41748368e-07
-2.76791791e-07
-3.35472053e-07
-3.24910001e-07
-2.50076811e-07
-2.11796408e-07
-2.04656158e-07
-2.08001284e-07
-2.13222124e-07
-2.14882765e-07
-2.12626113e-07
-2.07031799e-07
-1.97025765e-07
-1.82827543e-07
-1.69943341e-07
-1.76799164e-07
-1.92558117e-07
-2.06612531e-07
-2.15805016e-07
-2.20623333e-07
-2.22370715e-07
-2.21211425e-07
-2.16861187e-07
-2.11611743e-07
-2.12027912e-07
-2.27197262e-07
-2.58656952e-07
-3.061024e-07
-3.75729819e-07
-3.32915757e-07
-2.76992002e-07
-2.4532327e-07
-2.17704418e-07
-1.95748475e-07
-1.80636189e-07
-1.72528517e-07
-1.69979081e-07
-1.70954398e-07
-1.73448585e-07
-1.75945302e-07
-1.77542187e-07
-1.77946496e-07
-1.77188114e-07
-1.74806559e-07
-1.69723996e-07
-1.59944916e-07
-1.42249386e-07
-1.12532169e-07
-6.85427027e-08
-1.69722869e-08
5.85114055e-13
-7.09707604e-11
-1.44850022e-10
-1.97026163e-10
-5.39020012e-10
-1.68729363e-09
-3.97215343e-09
-7.29500661e-09
-1.12463642e-08
-1.53538921e-08
-1.92516257e-08
-2.27533209e-08
-2.58576772e-08
-2.86713891e-08
-3.13673085e-08
-3.40908343e-08
-3.6878142e-08
-3.96636067e-08
-4.23503432e-08
-4.49400766e-08
-4.76138486e-08
-5.07262486e-08
-5.46432157e-08
-5.93492834e-08
-6.42280236e-08
-6.83679024e-08
-7.1145696e-08
-7.24660265e-08
-7.24912329e-08
-7.30729164e-08
-8.25832632e-08
-1.10333083e-07
-1.43816252e-07
-1.59872585e-07
-1.51433739e-07
-1.28763147e-07
-1.03482394e-07
-8.85082776e-08
-1.11580661e-07
-1.74912374e-07
-2.33695615e-07
-2.64727861e-07
-2.71610211e-07
-2.52689606e-07
-2.16410413e-07
-1.92697346e-07
-2.02634755e-07
-2.66023367e-07
-3.19643164e-07
-2.79457322e-07
-2.13362369e-07
-1.9819792e-07
-2.04198758e-07
-2.11907587e-07
-2.15708174e-07
-2.15903731e-07
-2.13808943e-07
-2.08487953e-07
-1.97856236e-07
-1.80731143e-07
-1.63242637e-07
-1.72724932e-07
-1.93923305e-07
-2.10219578e-07
-2.19105459e-07
-2.2291164e-07
-2.23940168e-07
-2.23354846e-07
-2.20646202e-07
-2.14547946e-07
-2.06954912e-07
-2.07024642e-07
-2.24552919e-07
-2.669246e-07
-3.45239049e-07
-3.02124289e-07
-2.36081767e-07
-2.03721508e-07
-1.82361615e-07
-1.70826413e-07
-1.67290628e-07
-1.68888524e-07
-1.72596041e-07
-1.76311294e-07
-1.79079897e-07
-1.80803285e-07
-1.81749985e-07
-1.82152368e-07
-1.81935412e-07
-1.80676865e-07
-1.77484863e-07
-1.7052169e-07
-1.56329665e-07
-1.29407113e-07
-8.41771107e-08
-2.35270753e-08
-2.82272132e-12
2.4970388e-11
1.5570505e-10
-2.33498741e-10
-2.2806796e-09
-6.75110589e-09
-1.33583743e-08
-2.09949555e-08
-2.84673507e-08
-3.49475655e-08
-4.0040586e-08
-4.36969472e-08
-4.61084569e-08
-4.75844963e-08
-4.85449826e-08
-4.93011786e-08
-5.00848928e-08
-5.09456969e-08
-5.18048463e-08
-5.25407762e-08
-5.30608592e-08
-5.34462322e-08
-5.39476866e-08
-5.48433008e-08
-5.62212227e-08
-5.7924136e-08
-5.96796557e-08
-6.12318157e-08
-6.2322872e-08
-6.30251277e-08
-6.56663938e-08
-7.53052532e-08
-9.03767665e-08
-1.00057089e-07
-9.87698564e-08
-9.10093326e-08
-8.18651481e-08
-7.46635364e-08
-7.98492794e-08
-1.15967491e-07
-1.73788466e-07
-2.25257701e-07
-2.55474646e-07
-2.54311337e-07
-2.17803122e-07
-1.74221429e-07
-1.77045029e-07
-2.55158331e-07
-2.99750369e-07
-2.44816615e-07
-1.9494263e-07
-1.95515274e-07
-2.05565919e-07
-2.11253006e-07
-2.12538963e-07
-2.12216135e-07
-2.10789148e-07
-2.06672425e-07
-1.96768916e-07
-1.78152001e-07
-1.56822211e-07
-1.68831506e-07
-1.94510526e-07
-2.10910811e-07
-2.17744256e-07
-2.19612869e-07
-2.19677308e-07
-2.19255162e-07
-2.18302787e-07
-2.15049399e-07
-2.07434124e-07
-2.00125349e-07
-2.05669535e-07
-2.39599495e-07
-3.19895011e-07
-2.76339797e-07
-2.06600631e-07
-1.78543744e-07
-1.65848061e-07
-1.6346944e-07
-1.66571967e-07
-1.71073678e-07
-1.74697378e-07
-1.76916134e-07
-1.78103435e-07
-1.78775325e-07
-1.79250132e-07
-1.79623235e-07
-1.79787453e-07
-1.79432677e-07
-1.77819485e-07
-1.73353679e-07
-1.62782455e-07
-1.40088002e-07
-9.69718235e-08
-3.11626324e-08
-9.06092884e-12
1.4980997e-10
-1.41174734e-10
-3.08206323e-09
-1.02793558e-08
-2.13979375e-08
-3.430209e-08
-4.65781601e-08
-5.67169529e-08
-6.42129179e-08
-6.9184532e-08
-7.20350112e-08
-7.3272879e-08
-7.34198362e-08
-7.29575466e-08
-7.22485744e-08
-7.15580178e-08
-7.09628801e-08
-7.0399671e-08
-6.97420564e-08
-6.88725043e-08
-6.77325948e-08
-6.65087655e-08
-6.54408882e-08
-6.47286256e-08
-6.4436002e-08
-6.44675457e-08
-6.45988954e-08
-6.45071532e-08
-6.38913459e-08
-6.32364774e-08
-6.45748088e-08
-6.87346885e-08
-7.27542096e-08
-7.41449306e-08
-7.36254798e-08
-7.21273462e-08
-6.9995171e-08
-7.11743424e-08
-8.77323042e-08
-1.29147754e-07
-1.82476638e-07
-2.25932326e-07
-2.38875886e-07
-2.08432789e-07
-1.59930424e-07
-1.5795646e-07
-2.42870804e-07
-2.80448675e-07
-2.20674029e-07
-1.86153352e-07
-1.94760471e-07
-2.03810051e-07
-2.06444686e-07
-2.06349309e-07
-2.06114065e-07
-2.05530846e-07
-2.02852711e-07
-1.94289339e-07
-1.75125346e-07
-1.50687695e-07
-1.64934833e-07
-1.94009778e-07
-2.08939624e-07
-2.13012228e-07
-2.12926004e-07
-2.12142834e-07
-2.11755294e-07
-2.11814058e-07
-2.1112869e-07
-2.06341277e-07
-1.97374684e-07
-1.95130848e-07
-2.20860405e-07
-2.99088897e-07
-2.54580677e-07
-1.85819453e-07
-1.64183043e-07
-1.59150907e-07
-1.6217123e-07
-1.67062225e-07
-1.7065675e-07
-1.7245475e-07
-1.73137136e-07
-1.73396696e-07
-1.73600983e-07
-1.73892536e-07
-1.74291308e-07
-1.74764881e-07
-1.75093506e-07
-1.74654142e-07
-1.72031974e-07
-1.64300117e-07
-1.45678323e-07
-1.06310934e-07
-3.82577564e-08
2.54781036e-12
2.09500964e-10
-2.60128705e-09
-1.19679654e-08
-2.76536098e-08
-4.62645994e-08
-6.35987424e-08
-7.7153801e-08
-8.64973655e-08
-9.22797987e-08
-9.53814318e-08
-9.65619969e-08
-9.64192113e-08
-9.54321171e-08
-9.39809758e-08
-9.23755907e-08
-9.08272978e-08
-8.94018998e-08
-8.80563016e-08
-8.66875031e-08
-8.51872112e-08
-8.34966482e-08
-8.1658304e-08
-7.97977482e-08
-7.80528382e-08
-7.65028046e-08
-7.51228409e-08
-7.37696484e-08
-7.21985106e-08
-7.01470956e-08
-6.77096966e-08
-6.58117346e-08
-6.54999552e-08
-6.66340302e-08
-6.83834675e-08
-7.00421977e-08
-7.07272056e-08
-6.99564834e-08
-7.0350262e-08
-7.93066498e-08
-1.06786304e-07
-1.51699984e-07
-1.95501597e-07
-2.12357033e-07
-1.86429818e-07
-1.41561195e-07
-1.40965907e-07
-2.29481499e-07
-2.63787918e-07
-2.04275076e-07
-1.81274089e-07
-1.92770938e-07
-1.99295634e-07
-1.99815879e-07
-1.99305793e-07
-1.99356037e-07
-1.99464168e-07
-1.9803999e-07
-1.90972045e-07
-1.71803909e-07
-1.44841037e-07
-1.60918803e-07
-1.92422051e-07
-2.05058778e-07
-2.06488282e-07
-2.04974211e-07
-2.03718155e-07
-2.03349701e-07
-2.03859628e-07
-2.0465552e-07
-2.02690543e-07
-1.94810941e-07
-1.88444654e-07
-2.07738941e-07
-2.81887766e-07
-2.36027336e-07
-1.71149156e-07
-1.55991946e-07
-1.56281014e-07
-1.61338258e-07
-1.65464123e-07
-1.67335051e-07
-1.67779748e-07
-1.67743266e-07
-1.67668372e-07
-1.67688236e-07
-1.67857257e-07
-1.68219011e-07
-1.68823244e-07
-1.69576469e-07
-1.69983163e-07
-1.68712373e-07
-1.62997965e-07
-1.47568804e-07
-1.12347825e-07
-4.41597169e-08
9.5310685e-11
-6.77801411e-10
-1.01378831e-08
-2.95466048e-08
-5.35780722e-08
-7.55738501e-08
-9.1615281e-08
-1.01589814e-07
-1.07170845e-07
-1.09987053e-07
-1.11083276e-07
-1.11040736e-07
-1.10202377e-07
-1.08822458e-07
-1.07124679e-07
-1.05316924e-07
-1.03558254e-07
-1.01922219e-07
-1.00401003e-07
-9.89288399e-08
-9.74129314e-08
-9.57722705e-08
-9.39722071e-08
-9.20126606e-08
-8.99417513e-08
-8.78077288e-08
-8.56194952e-08
-8.33135434e-08
-8.07540264e-08
-7.78043158e-08
-7.45641263e-08
-7.16519911e-08
-6.99654057e-08
-6.99317535e-08
-7.11495175e-08
-7.2572699e-08
-7.2897861e-08
-7.1639511e-08
-7.10427672e-08
-7.70037538e-08
-9.6707849e-08
-1.31303569e-07
-1.66691584e-07
-1.79317891e-07
-1.57060899e-07
-1.21185659e-07
-1.25600111e-07
-2.15664512e-07
-2.49976379e-07
-1.92905482e-07
-1.77456457e-07
-1.89189207e-07
-1.93411091e-07
-1.92910763e-07
-1.92478361e-07
-1.92789256e-07
-1.93314221e-07
-1.92824681e-07
-1.8720847e-07
-1.68337885e-07
-1.39277218e-07
-1.56724253e-07
-1.89876576e-07
-2.00032332e-07
-1.99341683e-07
-1.9705691e-07
-1.9571992e-07
-1.95410363e-07
-1.96013961e-07
-1.97403751e-07
-1.97376698e-07
-1.91349346e-07
-1.83260087e-07
-1.98127505e-07
-2.67411654e-07
-2.20039024e-07
-1.60552856e-07
-1.50896952e-07
-1.54227565e-07
-1.59317007e-07
-1.62006776e-07
-1.62615238e-07
-1.62462482e-07
-1.62240278e-07
-1.62102423e-07
-1.6205512e-07
-1.62114622e-07
-1.62349677e-07
-1.62885236e-07
-1.63785387e-07
-1.64736799e-07
-1.6447819e-07
-1.60197512e-07
-1.46983136e-07
-1.15522319e-07
-4.86062627e-08
3.23856387e-10
-4.44522418e-09
-2.51086462e-08
-5.43414828e-08
-8.09784721e-08
-9.88737832e-08
-1.08503589e-07
-1.13147009e-07
-1.15354303e-07
-1.16363883e-07
-1.16651226e-07
-1.16382099e-07
-1.15633153e-07
-1.14486861e-07
-1.13059102e-07
-1.114931e-07
-1.09929282e-07
-1.08463313e-07
-1.0712637e-07
-1.05889559e-07
-1.04674911e-07
-1.03381274e-07
-1.01914931e-07
-1.00208804e-07
-9.8234519e-08
-9.60085854e-08
-9.35556388e-08
-9.08704638e-08
-8.79115231e-08
-8.46622722e-08
-8.12936641e-08
-7.83122803e-08
-7.63832265e-08
-7.58135224e-08
-7.61865801e-08
-7.65008242e-08
-7.57026022e-08
-7.35380865e-08
-7.17443583e-08
-7.48108771e-08
-8.82195183e-08
-1.12460883e-07
-1.36499941e-07
-1.43393393e-07
-1.26870238e-07
-1.02441767e-07
-1.12092425e-07
-2.01699786e-07
-2.38628727e-07
-1.84653797e-07
-1.73595559e-07
-1.84510378e-07
-1.87170833e-07
-1.86386803e-07
-1.86205785e-07
-1.86680626e-07
-1.87378706e-07
-1.87522135e-07
-1.83248229e-07
-1.64842612e-07
-1.33958834e-07
-1.52357473e-07
-1.86535366e-07
-1.94466241e-07
-1.92253616e-07
-1.89744448e-07
-1.88600432e-07
-1.88374872e-07
-1.8887854e-07
-1.90325521e-07
-1.91362062e-07
-1.87028455e-07
-1.78535464e-07
-1.90687e-07
-2.549433e-07
-2.06120156e-07
-1.52591174e-07
-1.47151092e-07
-1.51858469e-07
-1.56143962e-07
-1.57610895e-07
-1.57577199e-07
-1.57291051e-07
-1.57108223e-07
-1.57013211e-07
-1.56958196e-07
-1.56934737e-07
-1.57009916e-07
-1.57352052e-07
-1.58176259e-07
-1.59399739e-07
-1.59870077e-07
-1.56621798e-07
-1.44833923e-07
-1.16384719e-07
-5.15919125e-08
4.96763119e-10
-1.32869987e-08
-4.67416678e-08
-7.96196871e-08
-1.00153818e-07
-1.09312326e-07
-1.12883401e-07
-1.1453102e-07
-1.15526396e-07
-1.16168986e-07
-1.16491637e-07
-1.16470463e-07
-1.16082176e-07
-1.15338264e-07
-1.1430147e-07
-1.13083011e-07
-1.11820019e-07
-1.10633794e-07
-1.09597957e-07
-1.08729075e-07
-1.07964709e-07
-1.07170401e-07
-1.0618491e-07
-1.04880395e-07
-1.03197092e-07
-1.01133528e-07
-9.87291812e-08
-9.60254673e-08
-9.30558747e-08
-8.98944594e-08
-8.6756387e-08
-8.40432264e-08
-8.21658736e-08
-8.1195787e-08
-8.06792286e-08
-7.98428179e-08
-7.80454266e-08
-7.52695143e-08
-7.26421491e-08
-7.28868482e-08
-7.96874314e-08
-9.36140269e-08
-1.07427177e-07
-1.11218764e-07
-1.02025969e-07
-8.78862603e-08
-1.00642001e-07
-1.87709692e-07
-2.29188458e-07
-1.78184933e-07
-1.69412658e-07
-1.79268642e-07
-1.81076926e-07
-1.80391819e-07
-1.8047243e-07
-1.81024866e-07
-1.81744891e-07
-1.82298128e-07
-1.79243909e-07
-1.61393401e-07
-1.28840269e-07
-1.47855521e-07
-1.82550616e-07
-1.88781561e-07
-1.8554372e-07
-1.83159238e-07
-1.82329074e-07
-1.82175936e-07
-1.82507069e-07
-1.83761926e-07
-1.85248986e-07
-1.82160219e-07
-1.73888602e-07
-1.84536926e-07
-2.4396844e-07
-1.93887978e-07
-1.46308412e-07
-1.43876396e-07
-1.48945883e-07
-1.52272434e-07
-1.52941555e-07
-1.52680469e-07
-1.52449202e-07
-1.52359775e-07
-1.52327315e-07
-1.5228901e-07
-1.52223256e-07
-1.52170355e-07
-1.5229779e-07
-1.52933594e-07
-1.54236254e-07
-1.55184918e-07
-1.52634576e-07
-1.4171136e-07
-1.15443056e-07
-5.32214378e-08
-1.52104692e-10
-2.80398205e-08
-7.00723162e-08
-9.6815625e-08
-1.06689076e-07
-1.09436289e-07
-1.10722608e-07
-1.11833456e-07
-1.12817429e-07
-1.13587378e-07
-1.14097046e-07
-1.14315488e-07
-1.14209815e-07
-1.1376683e-07
-1.13021549e-07
-1.12070013e-07
-1.1105913e-07
-1.10159356e-07
-1.09527192e-07
-1.09229006e-07
-1.09147664e-07
-1.09029514e-07
-1.0860657e-07
-1.07692087e-07
-1.06246885e-07
-1.04305097e-07
-1.01957318e-07
-9.93013918e-08
-9.64334026e-08
-9.34821161e-08
-9.06578979e-08
-8.8233067e-08
-8.63909584e-08
-8.50361958e-08
-8.37725085e-08
-8.21187618e-08
-7.9793861e-08
-7.69086284e-08
-7.4090848e-08
-7.2632809e-08
-7.44071618e-08
-8.01283266e-08
-8.65838851e-08
-8.91789543e-08
-8.57619236e-08
-7.8265143e-08
-9.12214989e-08
-1.73722607e-07
-2.20385126e-07
-1.73842648e-07
-1.64971549e-07
-1.73822668e-07
-1.75299223e-07
-1.74864525e-07
-1.75150481e-07
-1.75729594e-07
-1.76411802e-07
-1.77246565e-07
-1.75287668e-07
-1.58030916e-07
-1.23915496e-07
-1.43201801e-07
-1.7806556e-07
-1.83237575e-07
-1.79319422e-07
-1.77211443e-07
-1.76695196e-07
-1.76574618e-07
-1.76740322e-07
-1.77744064e-07
-1.7932462e-07
-1.77027535e-07
-1.69231599e-07
-1.79888707e-07
-2.33652653e-07
-1.83037054e-07
-1.41094607e-07
-1.40686795e-07
-1.4559009e-07
-1.48095979e-07
-1.48324654e-07
-1.48036657e-07
-1.47895635e-07
-1.47878622e-07
-1.47887894e-07
-1.47869689e-07
-1.47798079e-07
-1.47674801e-07
-1.47634151e-07
-1.48075532e-07
-1.4937058e-07
-1.50592359e-07
-1.48407785e-07
-1.37936966e-07
-1.1311396e-07
-5.36344306e-08
-3.00552399e-09
-4.71234535e-08
-8.79587824e-08
-1.0219176e-07
-1.04830083e-07
-1.05767769e-07
-1.07057637e-07
-1.08463438e-07
-1.09644681e-07
-1.10506186e-07
-1.11077463e-07
-1.1138197e-07
-1.11399919e-07
-1.11104165e-07
-1.10514741e-07
-1.0973609e-07
-1.08975272e-07
-1.08524128e-07
-1.08623641e-07
-1.09236627e-07
-1.10041506e-07
-1.10651625e-07
-1.10746307e-07
-1.10106484e-07
-1.08705064e-07
-1.06663153e-07
-1.04171863e-07
-1.01417205e-07
-9.85575132e-08
-9.57437126e-08
-9.31377472e-08
-9.08745915e-08
-8.89724095e-08
-8.72750665e-08
-8.55138072e-08
-8.34635869e-08
-8.1066801e-08
-7.84605587e-08
-7.5959757e-08
-7.40637769e-08
-7.3468254e-08
-7.46440895e-08
-7.67634509e-08
-7.82810953e-08
-7.74631467e-08
-7.28826363e-08
-8.36709254e-08
-1.59814983e-07
-2.11649934e-07
-1.71187381e-07
-1.60393642e-07
-1.68368278e-07
-1.69847295e-07
-1.69698351e-07
-1.70121081e-07
-1.70703821e-07
-1.71353068e-07
-1.72431216e-07
-1.71435164e-07
-1.54758476e-07
-1.19179999e-07
-1.38314079e-07
-1.73299621e-07
-1.77957203e-07
-1.73589108e-07
-1.71746461e-07
-1.71483826e-07
-1.71349478e-07
-1.71399375e-07
-1.72193271e-07
-1.73688007e-07
-1.71816031e-07
-1.64601006e-07
-1.76323227e-07
-2.23777973e-07
-1.73337233e-07
-1.36570809e-07
-1.37443213e-07
-1.41955946e-07
-1.43856211e-07
-1.43876281e-07
-1.43629536e-07
-1.43555048e-07
-1.43572815e-07
-1.43597585e-07
-1.43594723e-07
-1.43536751e-07
-1.43387265e-07
-1.43241198e-07
-1.43550671e-07
-1.44836618e-07
-1.46168711e-07
-1.43997645e-07
-1.33592026e-07
-1.09776969e-07
-5.30389529e-08
-9.72991424e-09
-6.66501265e-08
-9.56460877e-08
-1.0007802e-07
-1.00374228e-07
-1.01649756e-07
-1.03585332e-07
-1.05379696e-07
-1.06679476e-07
-1.07502778e-07
-1.07992864e-07
-1.08242453e-07
-1.08252039e-07
-1.07990036e-07
-1.07486824e-07
-1.06917824e-07
-1.06629813e-07
-1.06983511e-07
-1.08029921e-07
-1.09447822e-07
-1.10861407e-07
-1.11974574e-07
-1.12506104e-07
-1.12153551e-07
-1.10792241e-07
-1.08565713e-07
-1.05793576e-07
-1.02794375e-07
-9.98076238e-08
-9.69941129e-08
-9.44501765e-08
-9.21966886e-08
-9.0165229e-08
-8.82197303e-08
-8.62223375e-08
-8.41065451e-08
-8.19018671e-08
-7.97135698e-08
-7.76932025e-08
-7.60104032e-08
-7.48400815e-08
-7.4328784e-08
-7.43907722e-08
-7.47618872e-08
-7.43561818e-08
-7.04549275e-08
-7.78108585e-08
-1.46160929e-07
-2.02626469e-07
-1.69702182e-07
-1.55881491e-07
-1.63017343e-07
-1.64676702e-07
-1.6480578e-07
-1.65310712e-07
-1.65884623e-07
-1.66549586e-07
-1.67907678e-07
-1.67719199e-07
-1.51542049e-07
-1.14635592e-07
-1.33168948e-07
-1.68403718e-07
-1.72929201e-07
-1.68321521e-07
-1.66622577e-07
-1.66544702e-07
-1.66375951e-07
-1.66367116e-07
-1.67019251e-07
-1.68347596e-07
-1.6665037e-07
-1.60011486e-07
-1.73485561e-07
-2.14277885e-07
-1.6461349e-07
-1.32504477e-07
-1.34117338e-07
-1.38181853e-07
-1.39675855e-07
-1.3961876e-07
-1.39420442e-07
-1.39379653e-07
-1.39405009e-07
-1.39430454e-07
-1.39438186e-07
-1.39395682e-07
-1.39234859e-07
-1.39032574e-07
-1.39300553e-07
-1.4060278e-07
-1.41896366e-07
-1.39449638e-07
-1.2873357e-07
-1.05599223e-07
-5.16588443e-08
-2.19954567e-08
-8.10943645e-08
-9.54048751e-08
-9.51500398e-08
-9.56587701e-08
-9.78653976e-08
-1.00508479e-07
-1.02673277e-07
-1.04049408e-07
-1.04758761e-07
-1.05066904e-07
-1.05157942e-07
-1.05075157e-07
-1.04811006e-07
-1.04459019e-07
-1.04312216e-07
-1.04735466e-07
-1.05796528e-07
-1.07193909e-07
-1.08692347e-07
-1.10251454e-07
-1.11725436e-07
-1.12766774e-07
-1.12911777e-07
-1.11834806e-07
-1.09603725e-07
-1.066377e-07
-1.03407408e-07
-1.00254627e-07
-9.73570417e-08
-9.476188e-08
-9.24278873e-08
-9.02705249e-08
-8.82033637e-08
-8.61690623e-08
-8.41578066e-08
-8.22011031e-08
-8.03587637e-08
-7.87028385e-08
-7.72858773e-08
-7.61171001e-08
-7.51877848e-08
-7.45482076e-08
-7.43029271e-08
-7.37566294e-08
-6.97909133e-08
-7.34700815e-08
-1.33028962e-07
-1.93093715e-07
-1.68817676e-07
-1.51924933e-07
-1.57614514e-07
-1.59734917e-07
-1.60125634e-07
-1.6067741e-07
-1.61234623e-07
-1.62006062e-07
-1.63732258e-07
-1.64156895e-07
-1.4831634e-07
-1.10284153e-07
-1.27778892e-07
-1.63423757e-07
-1.68141451e-07
-1.63419735e-07
-1.6174604e-07
-1.61795616e-07
-1.61627949e-07
-1.61601284e-07
-1.62172812e-07
-1.63265819e-07
-1.61449845e-07
-1.55679087e-07
-1.7105794e-07
-2.05129767e-07
-1.56730172e-07
-1.28752695e-07
-1.30723553e-07
-1.34361516e-07
-1.35606894e-07
-1.35543055e-07
-1.35382189e-07
-1.35351502e-07
-1.35371362e-07
-1.35395033e-07
-1.35410612e-07
-1.35371801e-07
-1.35195394e-07
-1.34971973e-07
-1.35274189e-07
-1.36642355e-07
-1.37771616e-07
-1.34721873e-07
-1.23356229e-07
-1.00667861e-07
-4.96061955e-08
-4.14172006e-08
-8.70219199e-08
-9.10897246e-08
-8.96572665e-08
-9.10940423e-08
-9.42357371e-08
-9.76278321e-08
-1.00268219e-07
-1.01794292e-07
-1.02390207e-07
-1.02462543e-07
-1.02330202e-07
-1.02125865e-07
-1.01912217e-07
-1.01851454e-07
-1.0217851e-07
-1.02896791e-07
-1.03727806e-07
-1.04651308e-07
-1.05973153e-07
-1.0771807e-07
-1.09572453e-07
-1.11121699e-07
-1.11828975e-07
-1.11213395e-07
-1.09217713e-07
-1.06271555e-07
-1.02961638e-07
-9.97217041e-08
-9.67561611e-08
-9.41013393e-08
-9.17075014e-08
-8.95077541e-08
-8.74472022e-08
-8.54888906e-08
-8.3620107e-08
-8.18492786e-08
-8.0203377e-08
-7.87158598e-08
-7.740128e-08
-7.6251233e-08
-7.52887935e-08
-7.47100405e-08
-7.46203874e-08
-7.41735251e-08
-7.00995215e-08
-7.04778435e-08
-1.20758889e-07
-1.82982728e-07
-1.67983816e-07
-1.48844371e-07
-1.52207542e-07
-1.54881199e-07
-1.55611422e-07
-1.56178779e-07
-1.56740418e-07
-1.57752963e-07
-1.59950843e-07
-1.60757874e-07
-1.45007835e-07
-1.06110206e-07
-1.22132818e-07
-1.58330034e-07
-1.6362561e-07
-1.58819018e-07
-1.57061514e-07
-1.57227802e-07
-1.57120273e-07
-1.57103787e-07
-1.57622935e-07
-1.58350828e-07
-1.56225749e-07
-1.51761548e-07
-1.68787889e-07
-1.96329046e-07
-1.49581581e-07
-1.25227971e-07
-1.27288086e-07
-1.30550055e-07
-1.31658082e-07
-1.31636608e-07
-1.31506734e-07
-1.31469686e-07
-1.31479822e-07
-1.31503108e-07
-1.31520135e-07
-1.31468061e-07
-1.31261368e-07
-1.3104596e-07
-1.31470444e-07
-1.32937437e-07
-1.33718654e-07
-1.29713753e-07
-1.17411338e-07
-9.50418011e-08
-4.69728833e-08
-6.16888184e-08
-8.70451584e-08
-8.51952871e-08
-8.40881168e-08
-8.63562579e-08
-9.03812805e-08
-9.46809409e-08
-9.80274106e-08
-9.98769526e-08
-1.00433685e-07
-1.00274347e-07
-9.99070387e-08
-9.96004649e-08
-9.94767637e-08
-9.95867783e-08
-9.97889915e-08
-9.97814233e-08
-9.97358944e-08
-1.00423756e-07
-1.02097747e-07
-1.0418278e-07
-1.06191046e-07
-1.07920178e-07
-1.08957928e-07
-1.08739618e-07
-1.07077403e-07
-1.04342737e-07
-1.01150407e-07
-9.79806661e-08
-9.5068666e-08
-9.24692369e-08
-9.01489058e-08
-8.80470833e-08
-8.61043131e-08
-8.42742947e-08
-8.25306596e-08
-8.08695953e-08
-7.9305183e-08
-7.78556713e-08
-7.65346048e-08
-7.53889022e-08
-7.4622262e-08
-7.46803161e-08
-7.5371256e-08
-7.52234799e-08
-7.0995554e-08
-6.86499614e-08
-1.09714966e-07
-1.72391405e-07
-1.66726231e-07
-1.467696e-07
-1.47024597e-07
-1.49961391e-07
-1.51120471e-07
-1.51749801e-07
-1.52421331e-07
-1.53812853e-07
-1.56518411e-07
-1.57568901e-07
-1.41609082e-07
-1.02044624e-07
-1.16212809e-07
-1.53068033e-07
-1.59353294e-07
-1.54532015e-07
-1.525385e-07
-1.52805362e-07
-1.52834911e-07
-1.52854105e-07
-1.53274164e-07
-1.53504695e-07
-1.51064191e-07
-1.48339689e-07
-1.66495976e-07
-1.87881477e-07
-1.43086049e-07
-1.21878163e-07
-1.2383628e-07
-1.26768152e-07
-1.27823471e-07
-1.27888541e-07
-1.27788949e-07
-1.27741867e-07
-1.2774061e-07
-1.27759261e-07
-1.27762703e-07
-1.2767096e-07
-1.27422161e-07
-1.27266994e-07
-1.27911592e-07
-1.29452998e-07
-1.29609577e-07
-1.24272378e-07
-1.10825173e-07
-8.87694929e-08
-4.38388593e-08
-7.20327437e-08
-8.31703651e-08
-7.88256629e-08
-7.8231477e-08
-8.10368778e-08
-8.59248677e-08
-9.13373608e-08
-9.56839287e-08
-9.81054105e-08
-9.87676486e-08
-9.84411092e-08
-9.78635119e-08
-9.74238798e-08
-9.71621459e-08
-9.68140944e-08
-9.59747783e-08
-9.47726647e-08
-9.43795164e-08
-9.57234009e-08
-9.81684745e-08
-1.00479102e-07
-1.02237276e-07
-1.03649084e-07
-1.04599907e-07
-1.04552946e-07
-1.0320468e-07
-1.0080404e-07
-9.79241354e-08
-9.50466434e-08
-9.24211907e-08
-9.01088521e-08
-8.80639305e-08
-8.62020843e-08
-8.44462796e-08
-8.27482696e-08
-8.10901747e-08
-7.94787095e-08
-7.7929534e-08
-7.64570993e-08
-7.51051608e-08
-7.40643861e-08
-7.38968489e-08
-7.52196066e-08
-7.70431966e-08
-7.70259664e-08
-7.23148075e-08
-6.77685738e-08
-1.00212253e-07
-1.61575993e-07
-1.64695737e-07
-1.45617015e-07
-1.42422238e-07
-1.44962751e-07
-1.46520626e-07
-1.47349739e-07
-1.48336008e-07
-1.50250913e-07
-1.53468994e-07
-1.54549854e-07
-1.38086899e-07
-9.79605961e-08
-1.09992321e-07
-1.47547344e-07
-1.55281752e-07
-1.5058575e-07
-1.48173502e-07
-1.48462492e-07
-1.48687667e-07
-1.48761576e-07
-1.48990365e-07
-1.48649568e-07
-1.46088472e-07
-1.45436375e-07
-1.64065188e-07
-1.79801461e-07
-1.37182416e-07
-1.18671109e-07
-1.20410083e-07
-1.22999188e-07
-1.24079262e-07
-1.24264053e-07
-1.24213343e-07
-1.24165217e-07
-1.24150942e-07
-1.24151432e-07
-1.24113862e-07
-1.23953373e-07
-1.23675987e-07
-1.23676425e-07
-1.24629225e-07
-1.26109059e-07
-1.25246844e-07
-1.18203617e-07
-1.0352378e-07
-8.19108831e-08
-4.02869261e-08
-7.53612769e-08
-7.73027335e-08
-7.22638536e-08
-7.18278335e-08
-7.48548572e-08
-8.05257364e-08
-8.71981873e-08
-9.28458646e-08
-9.61447415e-08
-9.71131965e-08
-9.67060704e-08
-9.58960628e-08
-9.51110419e-08
-9.41947984e-08
-9.26680747e-08
-9.04051192e-08
-8.84666857e-08
-8.85457586e-08
-9.09910292e-08
-9.43310342e-08
-9.69182879e-08
-9.8314483e-08
-9.90690676e-08
-9.95135735e-08
-9.93293658e-08
-9.81858518e-08
-9.62246819e-08
-9.38877379e-08
-9.16073104e-08
-8.95843943e-08
-8.7815007e-08
-8.61891462e-08
-8.45927084e-08
-8.29646396e-08
-8.13003382e-08
-7.96264841e-08
-7.79756393e-08
-7.63638579e-08
-7.48039905e-08
-7.34371538e-08
-7.28218154e-08
-7.39398567e-08
-7.70770031e-08
-7.99628364e-08
-7.95532144e-08
-7.38492551e-08
-6.7560425e-08
-9.24454502e-08
-1.50901561e-07
-1.61701037e-07
-1.45117238e-07
-1.38780467e-07
-1.40121497e-07
-1.41857083e-07
-1.43052983e-07
-1.4459905e-07
-1.47143768e-07
-1.50815951e-07
-1.51633891e-07
-1.34305474e-07
-9.37786017e-08
-1.03439362e-07
-1.41636339e-07
-1.5132856e-07
-1.47025195e-07
-1.44005772e-07
-1.44136448e-07
-1.44540961e-07
-1.44665229e-07
-1.44627304e-07
-1.43765854e-07
-1.41444425e-07
-1.43026055e-07
-1.61425156e-07
-1.72110658e-07
-1.31828489e-07
-1.15629638e-07
-1.16983342e-07
-1.19249532e-07
-1.20383968e-07
-1.207116e-07
-1.20738552e-07
-1.20706476e-07
-1.20677611e-07
-1.20637384e-07
-1.20525989e-07
-1.20287573e-07
-1.2005241e-07
-1.20350394e-07
-1.21632924e-07
-1.22740354e-07
-1.20355049e-07
-1.11297e-07
-9.54645442e-08
-7.45580068e-08
-3.64122378e-08
-7.44537591e-08
-7.06815974e-08
-6.55662897e-08
-6.48419437e-08
-6.77417945e-08
-7.39571102e-08
-8.18835358e-08
-8.9080939e-08
-9.36030975e-08
-9.51230082e-08
-9.4698203e-08
-9.3532483e-08
-9.2073981e-08
-9.00477694e-08
-8.70703617e-08
-8.36329914e-08
-8.14680657e-08
-8.21890692e-08
-8.56674752e-08
-9.01349765e-08
-9.35310348e-08
-9.50010807e-08
-9.52103743e-08
-9.50128977e-08
-9.45144037e-08
-9.35176575e-08
-9.21015492e-08
-9.0581507e-08
-8.92039729e-08
-8.79971588e-08
-8.68079653e-08
-8.54611779e-08
-8.38824737e-08
-8.21105276e-08
-8.02409066e-08
-7.83640616e-08
-7.65290537e-08
-7.47384554e-08
-7.30427196e-08
-7.18531864e-08
-7.22504732e-08
-7.53196221e-08
-8.02474909e-08
-8.36033916e-08
-8.21884569e-08
-7.51547125e-08
-6.76965043e-08
-8.64594556e-08
-1.40768713e-07
-1.57719435e-07
-1.4488858e-07
-1.3635526e-07
-1.35903554e-07
-1.37449305e-07
-1.39103463e-07
-1.41378272e-07
-1.44560756e-07
-1.48545073e-07
-1.48706979e-07
-1.30090525e-07
-8.93950161e-08
-9.65208595e-08
-1.35156398e-07
-1.47346179e-07
-1.43892898e-07
-1.40139501e-07
-1.39821668e-07
-1.40270561e-07
-1.40404215e-07
-1.40096829e-07
-1.38922899e-07
-1.37285343e-07
-1.41045135e-07
-1.58540978e-07
-1.6483786e-07
-1.26999213e-07
-1.1279253e-07
-1.13534124e-07
-1.15509627e-07
-1.16690807e-07
-1.1716393e-07
-1.1729047e-07
-1.17290934e-07
-1.1724426e-07
-1.17142324e-07
-1.16944945e-07
-1.16680659e-07
-1.16642253e-07
-1.17383524e-07
-1.18849443e-07
-1.19054122e-07
-1.14594283e-07
-1.03368973e-07
-8.66729065e-08
-6.68502703e-08
-3.23271094e-08
-7.12302184e-08
-6.40367711e-08
-5.89108764e-08
-5.75431742e-08
-5.99112224e-08
-6.62221242e-08
-7.51531882e-08
-8.40077429e-08
-9.0110416e-08
-9.24963035e-08
-9.21289769e-08
-9.04599578e-08
-8.80912416e-08
-8.48107408e-08
-8.05320954e-08
-7.62512388e-08
-7.38746007e-08
-7.48128274e-08
-7.90264438e-08
-8.49052428e-08
-8.98949644e-08
-9.23361171e-08
-9.26827489e-08
-9.22436903e-08
-9.1655349e-08
-9.09831721e-08
-9.02976935e-08
-8.97259892e-08
-8.92477084e-08
-8.86407131e-08
-8.76338789e-08
-8.60945865e-08
-8.40945923e-08
-8.18293988e-08
-7.95005438e-08
-7.72403412e-08
-7.50911558e-08
-7.30627799e-08
-7.13680913e-08
-7.08336167e-08
-7.28247235e-08
-7.78387103e-08
-8.37480398e-08
-8.66180655e-08
-8.384876e-08
-7.57389743e-08
-6.78793055e-08
-8.21806372e-08
-1.31564852e-07
-1.52879948e-07
-1.44523478e-07
-1.35155858e-07
-1.32829737e-07
-1.33825383e-07
-1.35874739e-07
-1.38856833e-07
-1.42540913e-07
-1.46595475e-07
-1.45586335e-07
-1.25218542e-07
-8.46841745e-08
-8.92118657e-08
-1.27882416e-07
-1.43086247e-07
-1.41184438e-07
-1.36748169e-07
-1.35633812e-07
-1.35872018e-07
-1.35931498e-07
-1.35441009e-07
-1.34291518e-07
-1.33752376e-07
-1.39403084e-07
-1.5540733e-07
-1.58021174e-07
-1.22680001e-07
-1.10170691e-07
-1.10126654e-07
-1.1177111e-07
-1.12955775e-07
-1.13548623e-07
-1.13775492e-07
-1.1381678e-07
-1.13752207e-07
-1.13593399e-07
-1.13364076e-07
-1.13230555e-07
-1.13606638e-07
-1.14820025e-07
-1.16035836e-07
-1.14611858e-07
-1.07609116e-07
-9.43236518e-08
-7.72748877e-08
-5.89768551e-08
-2.81589213e-08
-6.69537078e-08
-5.78610387e-08
-5.26814262e-08
-5.04668268e-08
-5.18732353e-08
-5.76377193e-08
-6.7015041e-08
-7.73669799e-08
-8.53429743e-08
-8.90301196e-08
-8.89437717e-08
-8.67567933e-08
-8.34390489e-08
-7.90355461e-08
-7.37533344e-08
-6.87725644e-08
-6.58565277e-08
-6.63619774e-08
-7.0757467e-08
-7.79701447e-08
-8.51238755e-08
-8.95260589e-08
-9.10084434e-08
-9.11150002e-08
-9.09797658e-08
-9.09349792e-08
-9.10368267e-08
-9.12149284e-08
-9.12123561e-08
-9.0672355e-08
-8.93441445e-08
-8.72255409e-08
-8.45490831e-08
-8.16432915e-08
-7.87729205e-08
-7.60872012e-08
-7.36393604e-08
-7.15347641e-08
-7.02583466e-08
-7.08937968e-08
-7.45288127e-08
-8.06850312e-08
-8.64201648e-08
-8.80169853e-08
-8.3836381e-08
-7.53341056e-08
-6.82656276e-08
-7.95287931e-08
-1.23638358e-07
-1.47431738e-07
-1.43667676e-07
-1.34903828e-07
-1.31210596e-07
-1.31489693e-07
-1.33725602e-07
-1.37158711e-07
-1.41063182e-07
-1.44832386e-07
-1.41991685e-07
-1.19411974e-07
-7.95030161e-08
-8.15112493e-08
-1.19555044e-07
-1.3816379e-07
-1.38771122e-07
-1.34034312e-07
-1.3184097e-07
-1.31549047e-07
-1.3141431e-07
-1.30882538e-07
-1.30131266e-07
-1.30951086e-07
-1.3799192e-07
-1.52041402e-07
-1.51710023e-07
-1.18918924e-07
-1.07709689e-07
-1.0684905e-07
-1.08061826e-07
-1.09161851e-07
-1.09816188e-07
-1.1012087e-07
-1.10207055e-07
-1.10147992e-07
-1.10005201e-07
-1.09912699e-07
-1.10165054e-07
-1.11109723e-07
-1.1251556e-07
-1.12702626e-07
-1.08870168e-07
-9.91201994e-08
-8.42194026e-08
-6.75137413e-08
-5.11588902e-08
-2.40337615e-08
-6.24576675e-08
-5.2548633e-08
-4.73556395e-08
-4.42521143e-08
-4.43300123e-08
-4.88240261e-08
-5.77993059e-08
-6.90987631e-08
-7.90134275e-08
-8.45393809e-08
-8.52526431e-08
-8.28070017e-08
-7.87086831e-08
-7.34621421e-08
-6.74975299e-08
-6.19109099e-08
-5.81677463e-08
-5.76059404e-08
-6.12902377e-08
-6.90896386e-08
-7.8341136e-08
-8.53351516e-08
-8.88180248e-08
-9.0202785e-08
-9.09990665e-08
-9.17570803e-08
-9.25151481e-08
-9.30967991e-08
-9.3178603e-08
-9.24325514e-08
-9.06965492e-08
-8.80562477e-08
-8.48155319e-08
-8.13739885e-08
-7.80717569e-08
-7.5098464e-08
-7.25805844e-08
-7.0795224e-08
-7.03989524e-08
-7.23266471e-08
-7.69960014e-08
-8.31673201e-08
-8.78262697e-08
-8.79385022e-08
-8.27468586e-08
-7.45520998e-08
-6.90583788e-08
-7.85816902e-08
-1.17284809e-07
-1.41704131e-07
-1.42085498e-07
-1.35100888e-07
-1.30943524e-07
-1.30628925e-07
-1.32793629e-07
-1.36253653e-07
-1.40012383e-07
-1.43003777e-07
-1.37509396e-07
-1.12344606e-07
-7.37036314e-08
-7.34629753e-08
-1.0991745e-07
-1.32036856e-07
-1.36292363e-07
-1.32118823e-07
-1.2881569e-07
-1.27714444e-07
-1.27258076e-07
-1.26815751e-07
-1.26743062e-07
-1.2892452e-07
-1.36694205e-07
-1.48478829e-07
-1.45968416e-07
-1.15765563e-07
-1.05421057e-07
-1.03796367e-07
-1.04471065e-07
-1.05366559e-07
-1.06000145e-07
-1.06353332e-07
-1.06505644e-07
-1.06540662e-07
-1.0660094e-07
-1.06919948e-07
-1.07770812e-07
-1.09120409e-07
-1.09969176e-07
-1.08116825e-07
-1.01306166e-07
-8.90439457e-08
-7.33162572e-08
-5.77354641e-08
-4.36204136e-08
-2.00666935e-08
-5.82804576e-08
-4.83647779e-08
-4.32765746e-08
-3.93811364e-08
-3.7940432e-08
-4.05586671e-08
-4.81573863e-08
-5.94436539e-08
-7.09103697e-08
-7.87045901e-08
-8.10461662e-08
-7.89965693e-08
-7.45281116e-08
-6.88092839e-08
-6.25243987e-08
-5.65741191e-08
-5.20087689e-08
-4.99402916e-08
-5.18291322e-08
-5.88108977e-08
-6.92399969e-08
-7.87773078e-08
-8.46976455e-08
-8.77700927e-08
-8.96967861e-08
-9.12537709e-08
-9.25280542e-08
-9.33711222e-08
-9.35445098e-08
-9.28265131e-08
-9.11076747e-08
-8.84504485e-08
-8.51103334e-08
-8.14907487e-08
-7.8016329e-08
-7.50247865e-08
-7.27936593e-08
-7.17036199e-08
-7.23189946e-08
-7.51241952e-08
-7.99003276e-08
-8.51787878e-08
-8.84467769e-08
-8.74605076e-08
-8.20152328e-08
-7.47220951e-08
-7.09270008e-08
-7.97632925e-08
-1.12536546e-07
-1.36032245e-07
-1.39697466e-07
-1.35176505e-07
-1.31507773e-07
-1.3094418e-07
-1.32840799e-07
-1.35894207e-07
-1.39146785e-07
-1.40671363e-07
-1.31561583e-07
-1.03672745e-07
-6.71634666e-08
-6.51757897e-08
-9.87874953e-08
-1.24035765e-07
-1.33043613e-07
-1.30850608e-07
-1.26885481e-07
-1.24863205e-07
-1.24002045e-07
-1.23706815e-07
-1.24381026e-07
-1.27626592e-07
-1.35390406e-07
-1.44765091e-07
-1.40809614e-07
-1.13397599e-07
-1.03427157e-07
-1.01095879e-07
-1.0117593e-07
-1.01769862e-07
-1.02319728e-07
-1.02726322e-07
-1.03025094e-07
-1.03345855e-07
-1.0387691e-07
-1.04805544e-07
-1.06104399e-07
-1.07118073e-07
-1.06250496e-07
-1.01455674e-07
-9.16132189e-08
-7.75955215e-08
-6.20718897e-08
-4.83329131e-08
-3.65567405e-08
-1.63656751e-08
-5.47087343e-08
-4.53274428e-08
-4.04333287e-08
-3.59247826e-08
-3.30334428e-08
-3.3510097e-08
-3.89263289e-08
-4.90125232e-08
-6.10627372e-08
-7.10535318e-08
-7.58861055e-08
-7.53057187e-08
-7.12341032e-08
-6.55473432e-08
-5.93543271e-08
-5.3430274e-08
-4.83472609e-08
-4.46891056e-08
-4.39143619e-08
-4.84203808e-08
-5.83494278e-08
-6.95676926e-08
-7.78363485e-08
-8.27007801e-08
-8.5743768e-08
-8.80005354e-08
-8.97204637e-08
-9.0882932e-08
-9.14017025e-08
-9.11745035e-08
-9.01128272e-08
-8.81829193e-08
-8.54891739e-08
-8.23455027e-08
-7.92209585e-08
-7.66127404e-08
-7.49634188e-08
-7.46625372e-08
-7.6016395e-08
-7.90421945e-08
-8.31801091e-08
-8.71653715e-08
-8.922754e-08
-8.78420215e-08
-8.30094274e-08
-7.70961511e-08
-7.48186577e-08
-8.31822756e-08
-1.09319835e-07
-1.30726635e-07
-1.36580487e-07
-1.34648634e-07
-1.32158647e-07
-1.3173659e-07
-1.33270299e-07
-1.35646008e-07
-1.38051383e-07
-1.37106923e-07
-1.23408831e-07
-9.31118971e-08
-5.98459796e-08
-5.68258174e-08
-8.61672633e-08
-1.13483368e-07
-1.27923148e-07
-1.29553955e-07
-1.26083453e-07
-1.23343645e-07
-1.22082423e-07
-1.21901029e-07
-1.23138171e-07
-1.26905092e-07
-1.33965129e-07
-1.40941182e-07
-1.36177325e-07
-1.12208243e-07
-1.02119595e-07
-9.90543914e-08
-9.85501816e-08
-9.8838076e-08
-9.93258922e-08
-9.98619158e-08
-1.00474238e-07
-1.01281372e-07
-1.02363455e-07
-1.03618699e-07
-1.04521353e-07
-1.03910889e-07
-1.00178213e-07
-9.21137081e-08
-7.98997535e-08
-6.53167497e-08
-5.10655559e-08
-3.96568724e-08
-3.00956581e-08
-1.30216817e-08
-5.1761486e-08
-4.31027386e-08
-3.83641454e-08
-3.34429152e-08
-2.94277705e-08
-2.79595667e-08
-3.08554174e-08
-3.87085149e-08
-4.99592068e-08
-6.12489854e-08
-6.88679685e-08
-7.09403734e-08
-6.84463281e-08
-6.35522759e-08
-5.79076078e-08
-5.23776028e-08
-4.71656097e-08
-4.2214382e-08
-3.85818018e-08
-3.94218888e-08
-4.6916425e-08
-5.82186515e-08
-6.81589557e-08
-7.46743889e-08
-7.87361516e-08
-8.15446481e-08
-8.36031381e-08
-8.50834539e-08
-8.60798552e-08
-8.66339307e-08
-8.67012905e-08
-8.61585784e-08
-8.49137556e-08
-8.30820908e-08
-8.10426338e-08
-7.93402195e-08
-7.85074658e-08
-7.8909692e-08
-8.06484619e-08
-8.34824859e-08
-8.67954073e-08
-8.96639344e-08
-9.09930171e-08
-8.98655474e-08
-8.63161323e-08
-8.21361291e-08
-8.10542453e-08
-8.8258398e-08
-1.07558092e-07
-1.26069701e-07
-1.32947074e-07
-1.33244021e-07
-1.32203514e-07
-1.32191622e-07
-1.33356251e-07
-1.3498841e-07
-1.36002188e-07
-1.31172863e-07
-1.12243449e-07
-8.05772698e-08
-5.18599321e-08
-4.86471876e-08
-7.23715563e-08
-9.99379694e-08
-1.19544527e-07
-1.26789863e-07
-1.25793067e-07
-1.23100014e-07
-1.21565846e-07
-1.21410777e-07
-1.22854034e-07
-1.26505076e-07
-1.32312293e-07
-1.37055035e-07
-1.32087425e-07
-1.1226198e-07
-1.02163766e-07
-9.83970197e-08
-9.73855759e-08
-9.74552162e-08
-9.79647006e-08
-9.87199589e-08
-9.96878368e-08
-1.00798515e-07
-1.01840062e-07
-1.02324872e-07
-1.01387047e-07
-9.78692668e-08
-9.07921847e-08
-8.00505345e-08
-6.67780455e-08
-5.29829103e-08
-4.08575203e-08
-3.19259579e-08
-2.42810377e-08
-1.00959922e-08
-4.91280044e-08
-4.0981125e-08
-3.62420501e-08
-3.11220464e-08
-2.6492279e-08
-2.36797643e-08
-2.43115271e-08
-2.94416836e-08
-3.85876548e-08
-4.95830808e-08
-5.9151758e-08
-6.43957094e-08
-6.47193859e-08
-6.16702306e-08
-5.71458117e-08
-5.22705827e-08
-4.71807338e-08
-4.14440292e-08
-3.55995837e-08
-3.2729356e-08
-3.64313281e-08
-4.5904817e-08
-5.62355791e-08
-6.39425372e-08
-6.88860295e-08
-7.21023383e-08
-7.43167749e-08
-7.59283385e-08
-7.7231133e-08
-7.84423259e-08
-7.96302046e-08
-8.06676101e-08
-8.13093849e-08
-8.1413886e-08
-8.1121916e-08
-8.08412485e-08
-8.10658939e-08
-8.21582533e-08
-8.41955606e-08
-8.69452589e-08
-8.9909391e-08
-9.24196812e-08
-9.37638667e-08
-9.34160444e-08
-9.1454355e-08
-8.90890487e-08
-8.88128551e-08
-9.4151043e-08
-1.07296424e-07
-1.22211266e-07
-1.29086405e-07
-1.30950133e-07
-1.31225695e-07
-1.31676974e-07
-1.32498453e-07
-1.33243172e-07
-1.31635609e-07
-1.21306282e-07
-9.74586972e-08
-6.63784698e-08
-4.34903346e-08
-4.08830833e-08
-5.81071936e-08
-8.35383744e-08
-1.06644384e-07
-1.20329197e-07
-1.24277915e-07
-1.23341827e-07
-1.21987796e-07
-1.21812585e-07
-1.23108204e-07
-1.26101853e-07
-1.30346989e-07
-1.33164936e-07
-1.2853189e-07
-1.13375163e-07
-1.0412917e-07
-1.00059592e-07
-9.87147126e-08
-9.86060921e-08
-9.90751918e-08
-9.97839598e-08
-1.00469489e-07
-1.00815505e-07
-1.00374695e-07
-9.85181694e-08
-9.44955807e-08
-8.76700615e-08
-7.79249908e-08
-6.59748001e-08
-5.32508331e-08
-4.13935572e-08
-3.18317237e-08
-2.51826233e-08
-1.90967617e-08
-7.61493741e-09
-4.60608828e-08
-3.7969736e-08
-3.31204706e-08
-2.80888673e-08
-2.34316355e-08
-2.00669065e-08
-1.91502564e-08
-2.17603613e-08
-2.81111248e-08
-3.72021487e-08
-4.68799178e-08
-5.43954944e-08
-5.79208937e-08
-5.76317232e-08
-5.49197767e-08
-5.09997658e-08
-4.62193767e-08
-4.02641779e-08
-3.34232627e-08
-2.80573468e-08
-2.79231624e-08
-3.41088762e-08
-4.3189795e-08
-5.1185802e-08
-5.67342516e-08
-6.02659185e-08
-6.24961391e-08
-6.39928501e-08
-6.52354399e-08
-6.66280336e-08
-6.84121754e-08
-7.05645315e-08
-7.2808289e-08
-7.48110172e-08
-7.64249799e-08
-7.77728342e-08
-7.91793232e-08
-8.09997317e-08
-8.34377639e-08
-8.64853433e-08
-8.99000737e-08
-9.31952024e-08
-9.57279995e-08
-9.69688164e-08
-9.68852448e-08
-9.62561638e-08
-9.66060512e-08
-1.00080206e-07
-1.08325527e-07
-1.19260085e-07
-1.25333926e-07
-1.2798856e-07
-1.29146077e-07
-1.2981783e-07
-1.30080854e-07
-1.289037e-07
-1.22533176e-07
-1.05876851e-07
-7.9125363e-08
-5.13727611e-08
-3.51488744e-08
-3.36515634e-08
-4.43833738e-08
-6.52909557e-08
-8.88038931e-08
-1.07698811e-07
-1.18317894e-07
-1.21846796e-07
-1.22146874e-07
-1.22248693e-07
-1.2329588e-07
-1.25362067e-07
-1.28022938e-07
-1.29341318e-07
-1.25434321e-07
-1.15040181e-07
-1.07780373e-07
-1.04089709e-07
-1.025041e-07
-1.01917165e-07
-1.01586404e-07
-1.01016015e-07
-9.98620688e-08
-9.77884613e-08
-9.44212927e-08
-8.93576525e-08
-8.22855795e-08
-7.31796766e-08
-6.2499119e-08
-5.11879617e-08
-4.03960812e-08
-3.11238005e-08
-2.41006631e-08
-1.93264715e-08
-1.45068124e-08
-5.56974214e-09
-4.12998443e-08
-3.30479708e-08
-2.8270061e-08
-2.37412127e-08
-1.96250912e-08
-1.64470004e-08
-1.48495915e-08
-1.56538143e-08
-1.9334288e-08
-2.56519527e-08
-3.35621622e-08
-4.1266e-08
-4.67969168e-08
-4.91586577e-08
-4.86533511e-08
-4.60996906e-08
-4.20292055e-08
-3.65499228e-08
-3.00487378e-08
-2.40457869e-08
-2.13905622e-08
-2.40265428e-08
-3.04917012e-08
-3.75239787e-08
-4.30710901e-08
-4.67667956e-08
-4.89929439e-08
-5.02879076e-08
-5.12087812e-08
-5.22862395e-08
-5.3929044e-08
-5.6289147e-08
-5.91993891e-08
-6.2291609e-08
-6.52182991e-08
-6.78105278e-08
-7.01436027e-08
-7.2484897e-08
-7.51690363e-08
-7.85040257e-08
-8.26336908e-08
-8.73751336e-08
-9.21657005e-08
-9.62544381e-08
-9.91155901e-08
-1.00864065e-07
-1.02487983e-07
-1.05131614e-07
-1.10115051e-07
-1.1723498e-07
-1.2197534e-07
-1.24580233e-07
-1.25774072e-07
-1.25725677e-07
-1.23994197e-07
-1.18332255e-07
-1.05504488e-07
-8.42169267e-08
-5.85027142e-08
-3.68764248e-08
-2.71657222e-08
-2.67561263e-08
-3.21483147e-08
-4.70073575e-08
-6.7210179e-08
-8.75797262e-08
-1.0382259e-07
-1.1392418e-07
-1.18806066e-07
-1.20886034e-07
-1.22394649e-07
-1.23894006e-07
-1.25335089e-07
-1.25670537e-07
-1.22699729e-07
-1.16447687e-07
-1.11469813e-07
-1.08096553e-07
-1.05568378e-07
-1.03103553e-07
-1.00171377e-07
-9.65981574e-08
-9.22746981e-08
-8.70758557e-08
-8.086406e-08
-7.35231644e-08
-6.50809874e-08
-5.5808738e-08
-4.62456165e-08
-3.70901882e-08
-2.89818687e-08
-2.23645496e-08
-1.75302232e-08
-1.42004134e-08
-1.04759891e-08
-3.90719639e-09
-3.33546569e-08
-2.56193675e-08
-2.14957065e-08
-1.79506857e-08
-1.48289084e-08
-1.23587922e-08
-1.0809898e-08
-1.06729048e-08
-1.23838109e-08
-1.6029639e-08
-2.12468321e-08
-2.71809634e-08
-3.25266632e-08
-3.60577538e-08
-3.72337179e-08
-3.62025478e-08
-3.33885135e-08
-2.91918059e-08
-2.41364702e-08
-1.91336975e-08
-1.58479359e-08
-1.5969681e-08
-1.94432761e-08
-2.44183197e-08
-2.90397613e-08
-3.24517435e-08
-3.4587475e-08
-3.57449036e-08
-3.63721876e-08
-3.69717669e-08
-3.80050151e-08
-3.97600903e-08
-4.22455741e-08
-4.52190785e-08
-4.83292638e-08
-5.12571236e-08
-5.38468418e-08
-5.61780331e-08
-5.85550216e-08
-6.14604678e-08
-6.53853882e-08
-7.05919064e-08
-7.69222103e-08
-8.38058319e-08
-9.04862149e-08
-9.63328624e-08
-1.01150739e-07
-1.05474977e-07
-1.09837852e-07
-1.14449624e-07
-1.17456857e-07
-1.18612451e-07
-1.1779539e-07
-1.14579513e-07
-1.07777253e-07
-9.59615669e-08
-7.8788435e-08
-5.80327652e-08
-3.8060013e-08
-2.41317328e-08
-1.94931803e-08
-1.96406813e-08
-2.17383596e-08
-3.06056479e-08
-4.47240345e-08
-6.15568246e-08
-7.85586967e-08
-9.32926571e-08
-1.04418759e-07
-1.11838675e-07
-1.16298648e-07
-1.19291976e-07
-1.2106318e-07
-1.21420481e-07
-1.1939709e-07
-1.15165539e-07
-1.10271353e-07
-1.04971009e-07
-9.91275736e-08
-9.27917434e-08
-8.63048415e-08
-7.98292278e-08
-7.33187195e-08
-6.66651012e-08
-5.97733795e-08
-5.2599067e-08
-4.52266815e-08
-3.78858302e-08
-3.08968591e-08
-2.45961449e-08
-1.92299737e-08
-1.494794e-08
-1.18605395e-08
-9.6347557e-09
-6.98872015e-09
-2.55450083e-09
-2.15799606e-08
-1.59888844e-08
-1.3247647e-08
-1.10571304e-08
-9.17804723e-09
-7.67396285e-09
-6.6250061e-09
-6.25848126e-09
-6.84407468e-09
-8.51639291e-09
-1.11972885e-08
-1.45783651e-08
-1.80633588e-08
-2.08806682e-08
-2.24000807e-08
-2.23926291e-08
-2.10010295e-08
-1.85868811e-08
-1.55793149e-08
-1.24833949e-08
-1.00676711e-08
-9.28690552e-09
-1.05266308e-08
-1.31322385e-08
-1.60233965e-08
-1.84349782e-08
-2.00856881e-08
-2.10235399e-08
-2.14751023e-08
-2.17579182e-08
-2.2210435e-08
-2.31017866e-08
-2.45391014e-08
-2.64469554e-08
-2.86269917e-08
-3.08287615e-08
-3.28400258e-08
-3.45804915e-08
-3.61592896e-08
-3.79098756e-08
-4.03157027e-08
-4.38474646e-08
-4.87696917e-08
-5.50581454e-08
-6.24723922e-08
-7.0669458e-08
-7.91204085e-08
-8.7048688e-08
-9.37241558e-08
-9.81332314e-08
-9.902554e-08
-9.69462765e-08
-9.19215653e-08
-8.39511157e-08
-7.29661463e-08
-5.98074601e-08
-4.55275614e-08
-3.16761e-08
-2.03766866e-08
-1.34964998e-08
-1.17546166e-08
-1.19448118e-08
-1.26182378e-08
-1.69537182e-08
-2.44958737e-08
-3.43297837e-08
-4.58453958e-08
-5.81629366e-08
-7.03897876e-08
-8.16932741e-08
-9.11688458e-08
-9.83920824e-08
-1.03392499e-07
-1.05758278e-07
-1.04410438e-07
-9.83970491e-08
-8.97719065e-08
-8.0233427e-08
-7.09901523e-08
-6.29058194e-08
-5.60662006e-08
-5.01629722e-08
-4.48280563e-08
-3.98111472e-08
-3.4972609e-08
-3.02491056e-08
-2.56711051e-08
-2.13364814e-08
-1.73543584e-08
-1.38427639e-08
-1.08801994e-08
-8.52180937e-09
-6.81296724e-09
-5.52717162e-09
-3.96033006e-09
-1.43094674e-09
-7.32934305e-09
-5.33191517e-09
-4.39071262e-09
-3.67192573e-09
-3.06484971e-09
-2.57554394e-09
-2.21679318e-09
-2.04866224e-09
-2.15692894e-09
-2.59756506e-09
-3.36719262e-09
-4.39926689e-09
-5.54244148e-09
-6.56260885e-09
-7.21218617e-09
-7.35399682e-09
-6.98919336e-09
-6.2543898e-09
-5.31013146e-09
-4.31503915e-09
-3.47352682e-09
-3.06091812e-09
-3.26527446e-09
-3.98350759e-09
-4.90823562e-09
-5.75837618e-09
-6.38880031e-09
-6.77478182e-09
-6.96804563e-09
-7.06435051e-09
-7.17814528e-09
-7.41289173e-09
-7.82671555e-09
-8.41758528e-09
-9.13712478e-09
-9.90843195e-09
-1.06490255e-08
-1.13033297e-08
-1.18679997e-08
-1.24170083e-08
-1.30929112e-08
-1.40718221e-08
-1.55122398e-08
-1.7530498e-08
-2.02269578e-08
-2.37640345e-08
-2.83306296e-08
-3.38704351e-08
-3.9255864e-08
-4.25927127e-08
-4.23147843e-08
-3.94670709e-08
-3.47662557e-08
-2.91601369e-08
-2.35266345e-08
-1.82547397e-08
-1.35121257e-08
-9.39554108e-09
-6.19600658e-09
-4.29524809e-09
-3.87522787e-09
-3.9429182e-09
-4.10108163e-09
-5.3748405e-09
-7.59253454e-09
-1.04358136e-08
-1.38025746e-08
-1.77094348e-08
-2.22947235e-08
-2.76487076e-08
-3.36136835e-08
-3.98191221e-08
-4.49997231e-08
-4.80760983e-08
-4.7228117e-08
-4.13492735e-08
-3.38960157e-08
-2.77540598e-08
-2.33158915e-08
-2.0207052e-08
-1.78788634e-08
-1.59356223e-08
-1.41774556e-08
-1.25326202e-08
-1.09714517e-08
-9.4748985e-09
-8.04848822e-09
-6.71227885e-09
-5.48487003e-09
-4.39830505e-09
-3.47505228e-09
-2.73442975e-09
-2.19239472e-09
-1.77548385e-09
-1.26516592e-09
-4.54991463e-10
)
;
    }
    back
    {
        type            wedge;
        value           nonuniform List<scalar> 
3072
(
9.66818972e-08
2.19311165e-07
2.88789097e-07
3.26262552e-07
3.48160472e-07
3.62734838e-07
3.72836551e-07
3.79164011e-07
3.82714285e-07
3.8528488e-07
3.88626352e-07
3.93275929e-07
3.98881646e-07
4.04610528e-07
4.09194497e-07
4.11430263e-07
4.10784342e-07
4.08834185e-07
4.08154487e-07
4.11270797e-07
4.19247821e-07
4.29433284e-07
4.37193853e-07
4.40004917e-07
4.37022028e-07
4.28057304e-07
4.14655206e-07
3.99269419e-07
3.95436325e-07
4.24152002e-07
4.63857073e-07
4.66453245e-07
4.30262054e-07
3.89369902e-07
3.56506715e-07
3.33363505e-07
3.64117572e-07
4.38060708e-07
4.6347908e-07
4.20319968e-07
3.76654978e-07
3.59003167e-07
3.80394379e-07
4.57644243e-07
4.51250137e-07
4.02147641e-07
3.78557072e-07
3.7359778e-07
3.97112856e-07
4.55647285e-07
4.82786355e-07
4.60316125e-07
4.36088947e-07
4.0861808e-07
3.80618272e-07
3.55299605e-07
3.34263426e-07
3.17916062e-07
3.04586128e-07
2.94399676e-07
2.88158703e-07
2.8950239e-07
2.96077152e-07
3.05764273e-07
3.17983375e-07
3.33005768e-07
3.51670051e-07
3.74500327e-07
4.00532322e-07
4.27446874e-07
4.51737711e-07
4.69555429e-07
4.75599585e-07
4.80007467e-07
4.85499751e-07
4.69201048e-07
4.67612877e-07
4.6739752e-07
4.63993466e-07
4.59686125e-07
4.52612605e-07
4.42988125e-07
4.30688058e-07
4.16129489e-07
3.99848514e-07
3.82322752e-07
3.64153451e-07
3.46044836e-07
3.28582794e-07
3.11996125e-07
2.96543661e-07
2.8452247e-07
2.78440063e-07
2.82120306e-07
2.91071154e-07
2.29402226e-07
8.91568818e-09
4.05460853e-08
7.38152014e-08
9.98965783e-08
1.19853735e-07
1.36111955e-07
1.49681675e-07
1.60491067e-07
1.68878339e-07
1.75975645e-07
1.83369065e-07
1.92275737e-07
2.03256511e-07
2.15692363e-07
2.2776899e-07
2.37150048e-07
2.4205283e-07
2.42910478e-07
2.42269081e-07
2.44673242e-07
2.54973459e-07
2.73292094e-07
2.93322457e-07
3.08039063e-07
3.13344786e-07
3.08258845e-07
2.91767445e-07
2.64070203e-07
2.40314934e-07
2.60657168e-07
3.35576044e-07
3.90321983e-07
3.85781101e-07
3.43720622e-07
2.82172787e-07
2.19607825e-07
2.05353268e-07
2.9539319e-07
3.79080987e-07
3.57739361e-07
2.93213445e-07
2.65648725e-07
2.88983932e-07
3.95677794e-07
3.96298924e-07
3.46718887e-07
3.05818058e-07
2.97550207e-07
3.37234318e-07
4.15102823e-07
3.97152158e-07
3.36380858e-07
2.94427079e-07
2.6002305e-07
2.35716262e-07
2.20416821e-07
2.11003389e-07
2.02480667e-07
1.94797394e-07
1.87901442e-07
1.83458117e-07
1.85871362e-07
1.91686317e-07
1.98734039e-07
2.06044162e-07
2.13959379e-07
2.21881544e-07
2.34105376e-07
2.53649004e-07
2.82198111e-07
3.18786411e-07
3.59649827e-07
3.92747572e-07
4.20428992e-07
4.46179678e-07
4.15903471e-07
3.99816601e-07
3.87555328e-07
3.69422368e-07
3.48144235e-07
3.23434969e-07
2.97484947e-07
2.71571376e-07
2.47035363e-07
2.24754261e-07
2.05146771e-07
1.88415291e-07
1.74340504e-07
1.6212641e-07
1.49819673e-07
1.36814291e-07
1.2261217e-07
1.06961355e-07
9.1223314e-08
7.76715553e-08
5.4312299e-08
6.16533594e-10
5.71785232e-09
1.30187563e-08
2.0118627e-08
2.65413704e-08
3.2527595e-08
3.82520752e-08
4.37276606e-08
4.9037067e-08
5.44165304e-08
6.03469159e-08
6.7256558e-08
7.55492372e-08
8.52733101e-08
9.56709672e-08
1.05237732e-07
1.12557123e-07
1.17415265e-07
1.2068849e-07
1.24417736e-07
1.31933847e-07
1.45613974e-07
1.63414555e-07
1.8024649e-07
1.91082645e-07
1.9365684e-07
1.87765014e-07
1.73201045e-07
1.54528143e-07
1.56205994e-07
2.13831677e-07
2.89354502e-07
3.25634218e-07
3.18281568e-07
2.77403839e-07
2.13321989e-07
1.56799094e-07
1.85381609e-07
2.82977624e-07
3.21480631e-07
2.9721147e-07
2.68339033e-07
2.61326566e-07
3.16555795e-07
3.32909705e-07
3.13708438e-07
2.8495769e-07
2.8815821e-07
3.41197944e-07
3.74640461e-07
3.12600148e-07
2.524483e-07
2.2434975e-07
2.10965261e-07
2.08188639e-07
2.08468727e-07
2.06512738e-07
2.01729305e-07
1.94278376e-07
1.84728532e-07
1.77049702e-07
1.81413782e-07
1.91190818e-07
2.0090318e-07
2.08109067e-07
2.12521898e-07
2.14888713e-07
2.14445859e-07
2.14820379e-07
2.21803782e-07
2.40914479e-07
2.74744307e-07
3.14868835e-07
3.58608903e-07
4.10500689e-07
3.69949701e-07
3.31401823e-07
3.07508322e-07
2.80443449e-07
2.53096975e-07
2.27296705e-07
2.05626222e-07
1.89058922e-07
1.77712501e-07
1.70864858e-07
1.67269347e-07
1.65405044e-07
1.6367629e-07
1.60634445e-07
1.5610833e-07
1.48804986e-07
1.36796162e-07
1.17656782e-07
8.9448225e-08
5.354443e-08
1.74795869e-08
2.91199878e-11
6.80834215e-10
1.82073889e-09
3.04553756e-09
4.22936223e-09
5.50954158e-09
7.12648687e-09
9.26138583e-09
1.19589191e-08
1.51733769e-08
1.8876174e-08
2.30461404e-08
2.77341856e-08
3.29682707e-08
3.86406088e-08
4.44375603e-08
4.98862131e-08
5.46812657e-08
5.88666236e-08
6.29764636e-08
6.80839123e-08
7.53962947e-08
8.51150587e-08
9.58803556e-08
1.05158547e-07
1.10835403e-07
1.11992182e-07
1.08794678e-07
1.02522165e-07
1.00981031e-07
1.26645385e-07
1.82805444e-07
2.30774748e-07
2.44810673e-07
2.23674844e-07
1.79777494e-07
1.32358689e-07
1.20118538e-07
1.81968611e-07
2.54311282e-07
2.82621333e-07
2.79758812e-07
2.66206231e-07
2.47632929e-07
2.41988612e-07
2.39625392e-07
2.41748368e-07
2.76791791e-07
3.35472053e-07
3.24910001e-07
2.50076811e-07
2.11796408e-07
2.04656158e-07
2.08001284e-07
2.13222124e-07
2.14882765e-07
2.12626113e-07
2.07031799e-07
1.97025765e-07
1.82827543e-07
1.69943341e-07
1.76799164e-07
1.92558117e-07
2.06612531e-07
2.15805016e-07
2.20623333e-07
2.22370715e-07
2.21211425e-07
2.16861187e-07
2.11611743e-07
2.12027912e-07
2.27197262e-07
2.58656952e-07
3.061024e-07
3.75729819e-07
3.32915757e-07
2.76992002e-07
2.4532327e-07
2.17704418e-07
1.95748475e-07
1.80636189e-07
1.72528517e-07
1.69979081e-07
1.70954398e-07
1.73448585e-07
1.75945302e-07
1.77542187e-07
1.77946496e-07
1.77188114e-07
1.74806559e-07
1.69723996e-07
1.59944916e-07
1.42249386e-07
1.12532169e-07
6.85427028e-08
1.69722869e-08
-5.85113697e-13
7.09707504e-11
1.4485e-10
1.97026133e-10
5.39019979e-10
1.6872936e-09
3.9721534e-09
7.29500658e-09
1.12463642e-08
1.53538921e-08
1.92516257e-08
2.27533209e-08
2.58576772e-08
2.86713891e-08
3.13673085e-08
3.40908343e-08
3.6878142e-08
3.96636067e-08
4.23503432e-08
4.49400766e-08
4.76138486e-08
5.07262486e-08
5.46432157e-08
5.93492834e-08
6.42280236e-08
6.83679024e-08
7.1145696e-08
7.24660266e-08
7.24912329e-08
7.30729164e-08
8.25832632e-08
1.10333083e-07
1.43816252e-07
1.59872585e-07
1.51433739e-07
1.28763147e-07
1.03482394e-07
8.85082776e-08
1.11580661e-07
1.74912374e-07
2.33695615e-07
2.64727861e-07
2.71610211e-07
2.52689606e-07
2.16410413e-07
1.92697346e-07
2.02634756e-07
2.66023368e-07
3.19643164e-07
2.79457322e-07
2.13362369e-07
1.98197921e-07
2.04198758e-07
2.11907587e-07
2.15708174e-07
2.15903731e-07
2.13808943e-07
2.08487953e-07
1.97856235e-07
1.80731142e-07
1.63242637e-07
1.72724932e-07
1.93923305e-07
2.10219578e-07
2.19105459e-07
2.2291164e-07
2.23940168e-07
2.23354846e-07
2.20646202e-07
2.14547946e-07
2.06954913e-07
2.07024642e-07
2.24552919e-07
2.66924601e-07
3.45239049e-07
3.02124289e-07
2.36081767e-07
2.03721508e-07
1.82361615e-07
1.70826413e-07
1.67290628e-07
1.68888524e-07
1.72596041e-07
1.76311294e-07
1.79079898e-07
1.80803285e-07
1.81749985e-07
1.82152368e-07
1.81935412e-07
1.80676865e-07
1.77484863e-07
1.7052169e-07
1.56329664e-07
1.29407113e-07
8.41771105e-08
2.35270752e-08
2.82272123e-12
-2.49703809e-11
-1.55705035e-10
2.33498761e-10
2.28067962e-09
6.75110591e-09
1.33583743e-08
2.09949556e-08
2.84673507e-08
3.49475655e-08
4.0040586e-08
4.36969472e-08
4.61084569e-08
4.75844963e-08
4.85449826e-08
4.93011786e-08
5.00848928e-08
5.09456969e-08
5.18048463e-08
5.25407762e-08
5.30608592e-08
5.34462322e-08
5.39476866e-08
5.48433008e-08
5.62212226e-08
5.7924136e-08
5.96796557e-08
6.12318157e-08
6.2322872e-08
6.30251277e-08
6.56663938e-08
7.53052531e-08
9.03767665e-08
1.00057089e-07
9.87698564e-08
9.10093326e-08
8.18651481e-08
7.46635364e-08
7.98492794e-08
1.15967491e-07
1.73788466e-07
2.25257701e-07
2.55474646e-07
2.54311337e-07
2.17803122e-07
1.74221429e-07
1.77045029e-07
2.55158331e-07
2.99750369e-07
2.44816615e-07
1.9494263e-07
1.95515274e-07
2.05565919e-07
2.11253006e-07
2.12538963e-07
2.12216135e-07
2.10789148e-07
2.06672425e-07
1.96768916e-07
1.78152001e-07
1.56822211e-07
1.68831506e-07
1.94510526e-07
2.10910811e-07
2.17744257e-07
2.19612869e-07
2.19677308e-07
2.19255162e-07
2.18302787e-07
2.15049399e-07
2.07434124e-07
2.00125349e-07
2.05669535e-07
2.39599495e-07
3.19895011e-07
2.76339797e-07
2.06600631e-07
1.78543744e-07
1.65848061e-07
1.6346944e-07
1.66571967e-07
1.71073678e-07
1.74697378e-07
1.76916134e-07
1.78103435e-07
1.78775325e-07
1.79250132e-07
1.79623235e-07
1.79787454e-07
1.79432677e-07
1.77819485e-07
1.73353679e-07
1.62782455e-07
1.40088002e-07
9.69718236e-08
3.11626325e-08
9.06092917e-12
-1.49809938e-10
1.41174798e-10
3.08206331e-09
1.02793559e-08
2.13979376e-08
3.43020901e-08
4.65781602e-08
5.6716953e-08
6.42129179e-08
6.9184532e-08
7.20350112e-08
7.3272879e-08
7.34198362e-08
7.29575466e-08
7.22485744e-08
7.15580178e-08
7.09628801e-08
7.0399671e-08
6.97420564e-08
6.88725043e-08
6.77325948e-08
6.65087655e-08
6.54408882e-08
6.47286255e-08
6.4436002e-08
6.44675457e-08
6.45988954e-08
6.45071532e-08
6.38913459e-08
6.32364773e-08
6.45748088e-08
6.87346884e-08
7.27542096e-08
7.41449306e-08
7.36254798e-08
7.21273462e-08
6.9995171e-08
7.11743424e-08
8.77323042e-08
1.29147754e-07
1.82476638e-07
2.25932326e-07
2.38875885e-07
2.08432789e-07
1.59930424e-07
1.5795646e-07
2.42870804e-07
2.80448674e-07
2.20674028e-07
1.86153352e-07
1.94760471e-07
2.03810051e-07
2.06444686e-07
2.06349309e-07
2.06114065e-07
2.05530846e-07
2.02852711e-07
1.94289339e-07
1.75125346e-07
1.50687696e-07
1.64934834e-07
1.94009778e-07
2.08939624e-07
2.13012228e-07
2.12926004e-07
2.12142834e-07
2.11755294e-07
2.11814058e-07
2.1112869e-07
2.06341277e-07
1.97374684e-07
1.95130847e-07
2.20860405e-07
2.99088897e-07
2.54580676e-07
1.85819453e-07
1.64183042e-07
1.59150907e-07
1.62171229e-07
1.67062225e-07
1.7065675e-07
1.7245475e-07
1.73137136e-07
1.73396695e-07
1.73600983e-07
1.73892536e-07
1.74291308e-07
1.74764881e-07
1.75093506e-07
1.74654142e-07
1.72031975e-07
1.64300118e-07
1.45678323e-07
1.06310934e-07
3.82577566e-08
-2.54781131e-12
-2.09500993e-10
2.60128699e-09
1.19679653e-08
2.76536098e-08
4.62645993e-08
6.35987424e-08
7.7153801e-08
8.64973655e-08
9.22797986e-08
9.53814318e-08
9.65619969e-08
9.64192113e-08
9.54321171e-08
9.39809758e-08
9.23755907e-08
9.08272979e-08
8.94018998e-08
8.80563016e-08
8.66875031e-08
8.51872112e-08
8.34966482e-08
8.1658304e-08
7.97977482e-08
7.80528383e-08
7.65028046e-08
7.51228409e-08
7.37696484e-08
7.21985106e-08
7.01470956e-08
6.77096966e-08
6.58117346e-08
6.54999552e-08
6.66340302e-08
6.83834675e-08
7.00421977e-08
7.07272056e-08
6.99564834e-08
7.0350262e-08
7.93066498e-08
1.06786304e-07
1.51699984e-07
1.95501597e-07
2.12357033e-07
1.86429818e-07
1.41561195e-07
1.40965907e-07
2.29481499e-07
2.63787918e-07
2.04275076e-07
1.81274089e-07
1.92770939e-07
1.99295634e-07
1.99815879e-07
1.99305793e-07
1.99356036e-07
1.99464168e-07
1.9803999e-07
1.90972045e-07
1.71803909e-07
1.44841036e-07
1.60918803e-07
1.9242205e-07
2.05058777e-07
2.06488282e-07
2.04974211e-07
2.03718155e-07
2.03349701e-07
2.03859629e-07
2.0465552e-07
2.02690543e-07
1.94810942e-07
1.88444654e-07
2.07738942e-07
2.81887766e-07
2.36027337e-07
1.71149156e-07
1.55991947e-07
1.56281014e-07
1.61338258e-07
1.65464123e-07
1.67335051e-07
1.67779748e-07
1.67743266e-07
1.67668372e-07
1.67688236e-07
1.67857257e-07
1.68219011e-07
1.68823244e-07
1.69576468e-07
1.69983163e-07
1.68712373e-07
1.62997965e-07
1.47568804e-07
1.12347825e-07
4.41597168e-08
-9.53106834e-11
6.7780144e-10
1.01378832e-08
2.95466048e-08
5.35780722e-08
7.55738501e-08
9.1615281e-08
1.01589814e-07
1.07170845e-07
1.09987053e-07
1.11083276e-07
1.11040736e-07
1.10202377e-07
1.08822458e-07
1.07124679e-07
1.05316924e-07
1.03558254e-07
1.01922219e-07
1.00401003e-07
9.89288399e-08
9.74129314e-08
9.57722705e-08
9.39722071e-08
9.20126606e-08
8.99417513e-08
8.78077288e-08
8.56194952e-08
8.33135433e-08
8.07540263e-08
7.78043158e-08
7.45641263e-08
7.16519911e-08
6.99654057e-08
6.99317535e-08
7.11495175e-08
7.2572699e-08
7.2897861e-08
7.1639511e-08
7.10427672e-08
7.70037538e-08
9.6707849e-08
1.31303569e-07
1.66691584e-07
1.79317891e-07
1.57060899e-07
1.21185659e-07
1.2560011e-07
2.15664512e-07
2.49976378e-07
1.92905482e-07
1.77456457e-07
1.89189206e-07
1.93411091e-07
1.92910763e-07
1.92478361e-07
1.92789256e-07
1.93314221e-07
1.92824681e-07
1.8720847e-07
1.68337885e-07
1.39277219e-07
1.56724254e-07
1.89876576e-07
2.00032332e-07
1.99341683e-07
1.9705691e-07
1.9571992e-07
1.95410363e-07
1.9601396e-07
1.97403751e-07
1.97376698e-07
1.91349346e-07
1.83260086e-07
1.98127504e-07
2.67411654e-07
2.20039024e-07
1.60552856e-07
1.50896952e-07
1.54227565e-07
1.59317007e-07
1.62006776e-07
1.62615238e-07
1.62462482e-07
1.62240278e-07
1.62102423e-07
1.6205512e-07
1.62114622e-07
1.62349677e-07
1.62885236e-07
1.63785387e-07
1.64736799e-07
1.6447819e-07
1.60197512e-07
1.46983136e-07
1.15522319e-07
4.86062628e-08
-3.23856386e-10
4.44522419e-09
2.51086463e-08
5.43414829e-08
8.09784721e-08
9.88737832e-08
1.08503589e-07
1.13147009e-07
1.15354303e-07
1.16363883e-07
1.16651226e-07
1.16382099e-07
1.15633153e-07
1.14486861e-07
1.13059102e-07
1.114931e-07
1.09929282e-07
1.08463313e-07
1.0712637e-07
1.05889559e-07
1.04674911e-07
1.03381274e-07
1.01914931e-07
1.00208804e-07
9.8234519e-08
9.60085854e-08
9.35556388e-08
9.08704638e-08
8.79115231e-08
8.46622722e-08
8.12936641e-08
7.83122803e-08
7.63832265e-08
7.58135224e-08
7.61865801e-08
7.65008242e-08
7.57026022e-08
7.35380865e-08
7.17443583e-08
7.48108771e-08
8.82195183e-08
1.12460883e-07
1.36499941e-07
1.43393393e-07
1.26870238e-07
1.02441767e-07
1.12092425e-07
2.01699786e-07
2.38628727e-07
1.84653797e-07
1.73595559e-07
1.84510378e-07
1.87170833e-07
1.86386803e-07
1.86205785e-07
1.86680626e-07
1.87378706e-07
1.87522135e-07
1.83248229e-07
1.64842612e-07
1.33958834e-07
1.52357473e-07
1.86535366e-07
1.94466241e-07
1.92253616e-07
1.89744448e-07
1.88600432e-07
1.88374872e-07
1.8887854e-07
1.90325521e-07
1.91362062e-07
1.87028455e-07
1.78535464e-07
1.90687e-07
2.54943299e-07
2.06120156e-07
1.52591174e-07
1.47151092e-07
1.51858469e-07
1.56143962e-07
1.57610895e-07
1.57577199e-07
1.57291051e-07
1.57108223e-07
1.57013211e-07
1.56958196e-07
1.56934737e-07
1.57009916e-07
1.57352052e-07
1.58176259e-07
1.59399739e-07
1.59870077e-07
1.56621798e-07
1.44833923e-07
1.16384719e-07
5.15919125e-08
-4.96763125e-10
1.32869987e-08
4.67416678e-08
7.96196871e-08
1.00153818e-07
1.09312326e-07
1.12883401e-07
1.1453102e-07
1.15526396e-07
1.16168986e-07
1.16491637e-07
1.16470463e-07
1.16082176e-07
1.15338264e-07
1.1430147e-07
1.13083011e-07
1.11820019e-07
1.10633794e-07
1.09597957e-07
1.08729075e-07
1.07964709e-07
1.07170401e-07
1.0618491e-07
1.04880395e-07
1.03197093e-07
1.01133528e-07
9.87291812e-08
9.60254673e-08
9.30558747e-08
8.98944594e-08
8.6756387e-08
8.40432265e-08
8.21658736e-08
8.1195787e-08
8.06792287e-08
7.98428179e-08
7.80454267e-08
7.52695143e-08
7.26421491e-08
7.28868482e-08
7.96874315e-08
9.3614027e-08
1.07427177e-07
1.11218764e-07
1.02025969e-07
8.78862604e-08
1.00642001e-07
1.87709692e-07
2.29188459e-07
1.78184933e-07
1.69412658e-07
1.79268642e-07
1.81076926e-07
1.80391819e-07
1.8047243e-07
1.81024866e-07
1.81744891e-07
1.82298128e-07
1.79243909e-07
1.61393401e-07
1.28840268e-07
1.47855521e-07
1.82550616e-07
1.88781561e-07
1.8554372e-07
1.83159238e-07
1.82329074e-07
1.82175936e-07
1.82507069e-07
1.83761926e-07
1.85248986e-07
1.82160219e-07
1.73888603e-07
1.84536926e-07
2.4396844e-07
1.93887979e-07
1.46308412e-07
1.43876396e-07
1.48945884e-07
1.52272435e-07
1.52941555e-07
1.52680469e-07
1.52449202e-07
1.52359775e-07
1.52327315e-07
1.5228901e-07
1.52223256e-07
1.52170355e-07
1.5229779e-07
1.52933594e-07
1.54236254e-07
1.55184917e-07
1.52634576e-07
1.41711359e-07
1.15443056e-07
5.32214377e-08
1.52104693e-10
2.80398205e-08
7.00723163e-08
9.6815625e-08
1.06689076e-07
1.09436289e-07
1.10722608e-07
1.11833456e-07
1.12817429e-07
1.13587378e-07
1.14097046e-07
1.14315488e-07
1.14209815e-07
1.1376683e-07
1.13021549e-07
1.12070013e-07
1.1105913e-07
1.10159356e-07
1.09527192e-07
1.09229006e-07
1.09147664e-07
1.09029514e-07
1.0860657e-07
1.07692087e-07
1.06246885e-07
1.04305097e-07
1.01957318e-07
9.93013918e-08
9.64334026e-08
9.34821161e-08
9.06578979e-08
8.8233067e-08
8.63909584e-08
8.50361958e-08
8.37725085e-08
8.21187618e-08
7.9793861e-08
7.69086284e-08
7.4090848e-08
7.2632809e-08
7.44071617e-08
8.01283266e-08
8.6583885e-08
8.91789543e-08
8.57619236e-08
7.8265143e-08
9.12214989e-08
1.73722607e-07
2.20385126e-07
1.73842648e-07
1.64971549e-07
1.73822668e-07
1.75299223e-07
1.74864525e-07
1.75150481e-07
1.75729594e-07
1.76411802e-07
1.77246565e-07
1.75287668e-07
1.58030916e-07
1.23915496e-07
1.43201801e-07
1.7806556e-07
1.83237575e-07
1.79319422e-07
1.77211443e-07
1.76695196e-07
1.76574618e-07
1.76740322e-07
1.77744064e-07
1.7932462e-07
1.77027535e-07
1.69231599e-07
1.79888707e-07
2.33652653e-07
1.83037054e-07
1.41094607e-07
1.40686795e-07
1.4559009e-07
1.48095979e-07
1.48324654e-07
1.48036657e-07
1.47895635e-07
1.47878622e-07
1.47887894e-07
1.47869689e-07
1.47798079e-07
1.47674801e-07
1.47634151e-07
1.48075532e-07
1.4937058e-07
1.5059236e-07
1.48407785e-07
1.37936966e-07
1.1311396e-07
5.36344306e-08
3.005524e-09
4.71234535e-08
8.79587824e-08
1.0219176e-07
1.04830083e-07
1.05767769e-07
1.07057637e-07
1.08463438e-07
1.09644681e-07
1.10506186e-07
1.11077463e-07
1.1138197e-07
1.11399919e-07
1.11104165e-07
1.10514741e-07
1.0973609e-07
1.08975272e-07
1.08524128e-07
1.08623641e-07
1.09236627e-07
1.10041506e-07
1.10651625e-07
1.10746307e-07
1.10106484e-07
1.08705064e-07
1.06663153e-07
1.04171863e-07
1.01417205e-07
9.85575132e-08
9.57437126e-08
9.31377472e-08
9.08745915e-08
8.89724095e-08
8.72750665e-08
8.55138071e-08
8.34635869e-08
8.1066801e-08
7.84605587e-08
7.59597569e-08
7.40637769e-08
7.3468254e-08
7.46440895e-08
7.67634508e-08
7.82810953e-08
7.74631466e-08
7.28826362e-08
8.36709254e-08
1.59814983e-07
2.11649934e-07
1.71187381e-07
1.60393642e-07
1.68368278e-07
1.69847295e-07
1.69698351e-07
1.70121081e-07
1.70703821e-07
1.71353068e-07
1.72431216e-07
1.71435164e-07
1.54758476e-07
1.19179999e-07
1.38314079e-07
1.73299621e-07
1.77957203e-07
1.73589108e-07
1.71746462e-07
1.71483826e-07
1.71349478e-07
1.71399375e-07
1.72193271e-07
1.73688006e-07
1.71816031e-07
1.64601006e-07
1.76323227e-07
2.23777972e-07
1.73337233e-07
1.36570809e-07
1.37443213e-07
1.41955946e-07
1.43856211e-07
1.43876281e-07
1.43629536e-07
1.43555048e-07
1.43572815e-07
1.43597585e-07
1.43594723e-07
1.43536751e-07
1.43387265e-07
1.43241198e-07
1.43550671e-07
1.44836618e-07
1.46168711e-07
1.43997645e-07
1.33592026e-07
1.09776969e-07
5.30389529e-08
9.72991424e-09
6.66501265e-08
9.56460877e-08
1.0007802e-07
1.00374228e-07
1.01649756e-07
1.03585332e-07
1.05379696e-07
1.06679476e-07
1.07502778e-07
1.07992864e-07
1.08242453e-07
1.08252039e-07
1.07990036e-07
1.07486824e-07
1.06917824e-07
1.06629813e-07
1.06983511e-07
1.08029921e-07
1.09447822e-07
1.10861407e-07
1.11974574e-07
1.12506104e-07
1.12153551e-07
1.10792241e-07
1.08565713e-07
1.05793576e-07
1.02794375e-07
9.98076238e-08
9.69941129e-08
9.44501765e-08
9.21966886e-08
9.0165229e-08
8.82197303e-08
8.62223375e-08
8.41065451e-08
8.19018671e-08
7.97135697e-08
7.76932024e-08
7.60104032e-08
7.48400815e-08
7.43287839e-08
7.43907722e-08
7.47618872e-08
7.43561817e-08
7.04549275e-08
7.78108584e-08
1.46160929e-07
2.02626469e-07
1.69702182e-07
1.55881491e-07
1.63017343e-07
1.64676702e-07
1.6480578e-07
1.65310712e-07
1.65884623e-07
1.66549586e-07
1.67907678e-07
1.67719199e-07
1.51542049e-07
1.14635592e-07
1.33168948e-07
1.68403718e-07
1.72929201e-07
1.68321521e-07
1.66622577e-07
1.66544702e-07
1.66375951e-07
1.66367116e-07
1.67019251e-07
1.68347596e-07
1.6665037e-07
1.60011486e-07
1.73485561e-07
2.14277885e-07
1.6461349e-07
1.32504477e-07
1.34117338e-07
1.38181853e-07
1.39675854e-07
1.39618759e-07
1.39420442e-07
1.39379653e-07
1.39405009e-07
1.39430454e-07
1.39438186e-07
1.39395682e-07
1.39234859e-07
1.39032574e-07
1.39300553e-07
1.4060278e-07
1.41896366e-07
1.39449638e-07
1.2873357e-07
1.05599223e-07
5.16588444e-08
2.19954567e-08
8.10943645e-08
9.54048751e-08
9.51500398e-08
9.56587701e-08
9.78653975e-08
1.00508479e-07
1.02673277e-07
1.04049408e-07
1.04758761e-07
1.05066904e-07
1.05157942e-07
1.05075157e-07
1.04811006e-07
1.04459019e-07
1.04312216e-07
1.04735466e-07
1.05796528e-07
1.07193909e-07
1.08692347e-07
1.10251454e-07
1.11725436e-07
1.12766774e-07
1.12911777e-07
1.11834806e-07
1.09603725e-07
1.066377e-07
1.03407408e-07
1.00254627e-07
9.73570417e-08
9.47618801e-08
9.24278874e-08
9.0270525e-08
8.82033637e-08
8.61690623e-08
8.41578067e-08
8.22011032e-08
8.03587637e-08
7.87028385e-08
7.72858774e-08
7.61171002e-08
7.51877848e-08
7.45482077e-08
7.43029272e-08
7.37566295e-08
6.97909134e-08
7.34700817e-08
1.33028962e-07
1.93093716e-07
1.68817677e-07
1.51924934e-07
1.57614514e-07
1.59734918e-07
1.60125634e-07
1.6067741e-07
1.61234623e-07
1.62006062e-07
1.63732258e-07
1.64156894e-07
1.4831634e-07
1.10284153e-07
1.27778892e-07
1.63423756e-07
1.68141451e-07
1.63419735e-07
1.6174604e-07
1.61795616e-07
1.6162795e-07
1.61601284e-07
1.62172812e-07
1.6326582e-07
1.61449845e-07
1.55679088e-07
1.7105794e-07
2.05129768e-07
1.56730172e-07
1.28752695e-07
1.30723553e-07
1.34361517e-07
1.35606894e-07
1.35543055e-07
1.35382189e-07
1.35351502e-07
1.35371362e-07
1.35395033e-07
1.35410612e-07
1.35371801e-07
1.35195394e-07
1.34971973e-07
1.35274188e-07
1.36642355e-07
1.37771616e-07
1.34721873e-07
1.23356228e-07
1.00667861e-07
4.96061954e-08
4.14172006e-08
8.70219199e-08
9.10897246e-08
8.96572665e-08
9.10940423e-08
9.42357371e-08
9.76278322e-08
1.00268219e-07
1.01794292e-07
1.02390207e-07
1.02462543e-07
1.02330202e-07
1.02125865e-07
1.01912217e-07
1.01851454e-07
1.0217851e-07
1.02896791e-07
1.03727806e-07
1.04651308e-07
1.05973153e-07
1.0771807e-07
1.09572453e-07
1.11121699e-07
1.11828975e-07
1.11213395e-07
1.09217713e-07
1.06271555e-07
1.02961638e-07
9.9721704e-08
9.67561611e-08
9.41013393e-08
9.17075013e-08
8.9507754e-08
8.74472022e-08
8.54888906e-08
8.3620107e-08
8.18492786e-08
8.0203377e-08
7.87158598e-08
7.740128e-08
7.6251233e-08
7.52887935e-08
7.47100405e-08
7.46203874e-08
7.4173525e-08
7.00995214e-08
7.04778434e-08
1.20758889e-07
1.82982728e-07
1.67983816e-07
1.48844371e-07
1.52207542e-07
1.54881199e-07
1.55611422e-07
1.56178779e-07
1.56740418e-07
1.57752963e-07
1.59950843e-07
1.60757874e-07
1.45007836e-07
1.06110207e-07
1.22132818e-07
1.58330034e-07
1.63625611e-07
1.58819018e-07
1.57061514e-07
1.57227802e-07
1.57120273e-07
1.57103787e-07
1.57622935e-07
1.58350828e-07
1.56225748e-07
1.51761547e-07
1.68787889e-07
1.96329045e-07
1.4958158e-07
1.25227971e-07
1.27288086e-07
1.30550055e-07
1.31658082e-07
1.31636608e-07
1.31506733e-07
1.31469686e-07
1.31479822e-07
1.31503108e-07
1.31520135e-07
1.31468061e-07
1.31261368e-07
1.3104596e-07
1.31470444e-07
1.32937437e-07
1.33718654e-07
1.29713753e-07
1.17411339e-07
9.50418013e-08
4.69728834e-08
6.16888184e-08
8.70451584e-08
8.51952871e-08
8.40881168e-08
8.63562579e-08
9.03812805e-08
9.46809409e-08
9.80274106e-08
9.98769526e-08
1.00433685e-07
1.00274347e-07
9.99070387e-08
9.96004649e-08
9.94767637e-08
9.95867783e-08
9.97889915e-08
9.97814233e-08
9.97358944e-08
1.00423756e-07
1.02097747e-07
1.0418278e-07
1.06191046e-07
1.07920178e-07
1.08957928e-07
1.08739618e-07
1.07077403e-07
1.04342737e-07
1.01150407e-07
9.79806661e-08
9.5068666e-08
9.24692369e-08
9.01489059e-08
8.80470833e-08
8.61043131e-08
8.42742947e-08
8.25306596e-08
8.08695953e-08
7.93051831e-08
7.78556713e-08
7.65346048e-08
7.53889022e-08
7.4622262e-08
7.46803161e-08
7.5371256e-08
7.52234799e-08
7.0995554e-08
6.86499614e-08
1.09714966e-07
1.72391405e-07
1.66726231e-07
1.467696e-07
1.47024597e-07
1.49961391e-07
1.51120471e-07
1.51749801e-07
1.52421331e-07
1.53812853e-07
1.56518411e-07
1.57568901e-07
1.41609082e-07
1.02044624e-07
1.16212809e-07
1.53068033e-07
1.59353294e-07
1.54532015e-07
1.525385e-07
1.52805362e-07
1.52834911e-07
1.52854105e-07
1.53274164e-07
1.53504695e-07
1.51064191e-07
1.48339689e-07
1.66495976e-07
1.87881477e-07
1.43086049e-07
1.21878163e-07
1.2383628e-07
1.26768152e-07
1.27823471e-07
1.27888541e-07
1.27788949e-07
1.27741867e-07
1.2774061e-07
1.27759261e-07
1.27762703e-07
1.2767096e-07
1.27422161e-07
1.27266994e-07
1.27911592e-07
1.29452998e-07
1.29609577e-07
1.24272378e-07
1.10825173e-07
8.87694928e-08
4.38388593e-08
7.20327437e-08
8.31703651e-08
7.88256629e-08
7.8231477e-08
8.10368778e-08
8.59248677e-08
9.13373608e-08
9.56839287e-08
9.81054105e-08
9.87676486e-08
9.84411092e-08
9.78635119e-08
9.74238798e-08
9.71621459e-08
9.68140944e-08
9.59747783e-08
9.47726648e-08
9.43795165e-08
9.57234009e-08
9.81684746e-08
1.00479102e-07
1.02237276e-07
1.03649084e-07
1.04599907e-07
1.04552946e-07
1.0320468e-07
1.0080404e-07
9.79241354e-08
9.50466434e-08
9.24211907e-08
9.01088521e-08
8.80639305e-08
8.62020843e-08
8.44462796e-08
8.27482696e-08
8.10901747e-08
7.94787095e-08
7.7929534e-08
7.64570993e-08
7.51051608e-08
7.40643861e-08
7.38968489e-08
7.52196066e-08
7.70431965e-08
7.70259664e-08
7.23148075e-08
6.77685738e-08
1.00212253e-07
1.61575993e-07
1.64695737e-07
1.45617015e-07
1.42422238e-07
1.44962751e-07
1.46520626e-07
1.47349739e-07
1.48336008e-07
1.50250913e-07
1.53468994e-07
1.54549854e-07
1.38086899e-07
9.79605962e-08
1.09992321e-07
1.47547344e-07
1.55281752e-07
1.5058575e-07
1.48173502e-07
1.48462492e-07
1.48687667e-07
1.48761576e-07
1.48990365e-07
1.48649568e-07
1.46088471e-07
1.45436375e-07
1.64065188e-07
1.79801461e-07
1.37182416e-07
1.18671109e-07
1.20410083e-07
1.22999188e-07
1.24079262e-07
1.24264053e-07
1.24213343e-07
1.24165217e-07
1.24150942e-07
1.24151432e-07
1.24113862e-07
1.23953373e-07
1.23675987e-07
1.23676425e-07
1.24629225e-07
1.26109059e-07
1.25246844e-07
1.18203617e-07
1.0352378e-07
8.19108832e-08
4.02869261e-08
7.53612769e-08
7.73027335e-08
7.22638536e-08
7.18278335e-08
7.48548572e-08
8.05257364e-08
8.71981873e-08
9.28458646e-08
9.61447415e-08
9.71131965e-08
9.67060704e-08
9.58960628e-08
9.51110419e-08
9.41947984e-08
9.26680747e-08
9.04051192e-08
8.84666857e-08
8.85457586e-08
9.09910292e-08
9.43310342e-08
9.69182879e-08
9.8314483e-08
9.90690676e-08
9.95135735e-08
9.93293658e-08
9.81858518e-08
9.62246819e-08
9.38877379e-08
9.16073104e-08
8.95843943e-08
8.7815007e-08
8.61891462e-08
8.45927084e-08
8.29646396e-08
8.13003382e-08
7.96264841e-08
7.79756393e-08
7.63638579e-08
7.48039905e-08
7.34371538e-08
7.28218154e-08
7.39398567e-08
7.70770031e-08
7.99628364e-08
7.95532144e-08
7.38492551e-08
6.7560425e-08
9.24454502e-08
1.50901561e-07
1.61701037e-07
1.45117238e-07
1.38780467e-07
1.40121497e-07
1.41857083e-07
1.43052983e-07
1.4459905e-07
1.47143768e-07
1.50815951e-07
1.51633891e-07
1.34305474e-07
9.37786017e-08
1.03439362e-07
1.41636339e-07
1.5132856e-07
1.47025195e-07
1.44005772e-07
1.44136448e-07
1.44540961e-07
1.44665229e-07
1.44627304e-07
1.43765854e-07
1.41444425e-07
1.43026055e-07
1.61425156e-07
1.72110658e-07
1.31828489e-07
1.15629638e-07
1.16983342e-07
1.19249532e-07
1.20383968e-07
1.207116e-07
1.20738552e-07
1.20706476e-07
1.20677611e-07
1.20637384e-07
1.20525989e-07
1.20287573e-07
1.2005241e-07
1.20350394e-07
1.21632924e-07
1.22740354e-07
1.20355049e-07
1.11297e-07
9.54645442e-08
7.45580068e-08
3.64122378e-08
7.44537591e-08
7.06815974e-08
6.55662897e-08
6.48419437e-08
6.77417944e-08
7.39571102e-08
8.18835358e-08
8.9080939e-08
9.36030975e-08
9.51230082e-08
9.4698203e-08
9.3532483e-08
9.2073981e-08
9.00477694e-08
8.70703617e-08
8.36329914e-08
8.14680657e-08
8.21890692e-08
8.56674752e-08
9.01349765e-08
9.35310347e-08
9.50010807e-08
9.52103743e-08
9.50128977e-08
9.45144037e-08
9.35176575e-08
9.21015493e-08
9.0581507e-08
8.92039729e-08
8.79971588e-08
8.68079653e-08
8.54611779e-08
8.38824737e-08
8.21105276e-08
8.02409066e-08
7.83640616e-08
7.65290537e-08
7.47384554e-08
7.30427196e-08
7.18531864e-08
7.22504732e-08
7.53196221e-08
8.02474909e-08
8.36033916e-08
8.2188457e-08
7.51547126e-08
6.76965044e-08
8.64594558e-08
1.40768713e-07
1.57719435e-07
1.4488858e-07
1.3635526e-07
1.35903554e-07
1.37449305e-07
1.39103463e-07
1.41378272e-07
1.44560756e-07
1.48545073e-07
1.48706979e-07
1.30090524e-07
8.93950159e-08
9.65208593e-08
1.35156398e-07
1.47346179e-07
1.43892898e-07
1.40139501e-07
1.39821668e-07
1.40270561e-07
1.40404215e-07
1.40096829e-07
1.389229e-07
1.37285343e-07
1.41045135e-07
1.58540978e-07
1.6483786e-07
1.26999214e-07
1.1279253e-07
1.13534124e-07
1.15509627e-07
1.16690807e-07
1.1716393e-07
1.1729047e-07
1.17290934e-07
1.1724426e-07
1.17142324e-07
1.16944945e-07
1.16680659e-07
1.16642253e-07
1.17383524e-07
1.18849443e-07
1.19054122e-07
1.14594283e-07
1.03368972e-07
8.66729064e-08
6.68502702e-08
3.23271093e-08
7.12302183e-08
6.40367711e-08
5.89108764e-08
5.75431742e-08
5.99112224e-08
6.62221242e-08
7.51531883e-08
8.4007743e-08
9.0110416e-08
9.24963035e-08
9.21289769e-08
9.04599577e-08
8.80912416e-08
8.48107408e-08
8.05320954e-08
7.62512387e-08
7.38746007e-08
7.48128275e-08
7.90264439e-08
8.49052428e-08
8.98949644e-08
9.23361171e-08
9.26827489e-08
9.22436903e-08
9.1655349e-08
9.09831721e-08
9.02976935e-08
8.97259892e-08
8.92477084e-08
8.86407131e-08
8.76338789e-08
8.60945865e-08
8.40945923e-08
8.18293988e-08
7.95005438e-08
7.72403412e-08
7.50911558e-08
7.30627799e-08
7.13680913e-08
7.08336167e-08
7.28247235e-08
7.78387103e-08
8.37480398e-08
8.66180655e-08
8.38487599e-08
7.57389742e-08
6.78793054e-08
8.21806371e-08
1.31564852e-07
1.52879947e-07
1.44523478e-07
1.35155858e-07
1.32829737e-07
1.33825382e-07
1.35874739e-07
1.38856833e-07
1.42540913e-07
1.46595475e-07
1.45586335e-07
1.25218542e-07
8.46841746e-08
8.92118658e-08
1.27882417e-07
1.43086248e-07
1.41184438e-07
1.36748169e-07
1.35633812e-07
1.35872018e-07
1.35931498e-07
1.35441009e-07
1.34291518e-07
1.33752376e-07
1.39403083e-07
1.5540733e-07
1.58021174e-07
1.22680001e-07
1.10170691e-07
1.10126654e-07
1.1177111e-07
1.12955775e-07
1.13548623e-07
1.13775492e-07
1.1381678e-07
1.13752207e-07
1.13593399e-07
1.13364076e-07
1.13230555e-07
1.13606638e-07
1.14820025e-07
1.16035836e-07
1.14611858e-07
1.07609116e-07
9.43236518e-08
7.72748877e-08
5.89768551e-08
2.81589213e-08
6.69537078e-08
5.78610387e-08
5.26814262e-08
5.04668268e-08
5.18732353e-08
5.76377193e-08
6.7015041e-08
7.736698e-08
8.53429744e-08
8.90301196e-08
8.89437717e-08
8.67567933e-08
8.34390489e-08
7.9035546e-08
7.37533344e-08
6.87725643e-08
6.58565277e-08
6.63619774e-08
7.0757467e-08
7.79701447e-08
8.51238755e-08
8.9526059e-08
9.10084434e-08
9.11150002e-08
9.09797658e-08
9.09349792e-08
9.10368267e-08
9.12149284e-08
9.12123561e-08
9.0672355e-08
8.93441445e-08
8.72255409e-08
8.45490831e-08
8.16432915e-08
7.87729205e-08
7.60872012e-08
7.36393604e-08
7.15347641e-08
7.02583466e-08
7.08937968e-08
7.45288127e-08
8.06850312e-08
8.64201648e-08
8.80169853e-08
8.3836381e-08
7.53341056e-08
6.82656275e-08
7.9528793e-08
1.23638358e-07
1.47431738e-07
1.43667676e-07
1.34903828e-07
1.31210595e-07
1.31489693e-07
1.33725602e-07
1.37158711e-07
1.41063182e-07
1.44832387e-07
1.41991685e-07
1.19411974e-07
7.95030162e-08
8.15112494e-08
1.19555044e-07
1.3816379e-07
1.38771122e-07
1.34034312e-07
1.3184097e-07
1.31549047e-07
1.3141431e-07
1.30882538e-07
1.30131266e-07
1.30951086e-07
1.3799192e-07
1.52041402e-07
1.51710023e-07
1.18918924e-07
1.07709689e-07
1.0684905e-07
1.08061826e-07
1.09161851e-07
1.09816188e-07
1.1012087e-07
1.10207055e-07
1.10147992e-07
1.10005201e-07
1.09912699e-07
1.10165054e-07
1.11109723e-07
1.1251556e-07
1.12702626e-07
1.08870168e-07
9.91201994e-08
8.42194027e-08
6.75137413e-08
5.11588903e-08
2.40337615e-08
6.24576675e-08
5.2548633e-08
4.73556395e-08
4.42521143e-08
4.43300123e-08
4.88240261e-08
5.77993058e-08
6.90987631e-08
7.90134275e-08
8.45393809e-08
8.52526431e-08
8.28070017e-08
7.87086831e-08
7.34621422e-08
6.74975299e-08
6.19109099e-08
5.81677463e-08
5.76059404e-08
6.12902377e-08
6.90896386e-08
7.8341136e-08
8.53351516e-08
8.88180248e-08
9.0202785e-08
9.09990665e-08
9.17570803e-08
9.25151481e-08
9.30967991e-08
9.3178603e-08
9.24325514e-08
9.06965492e-08
8.80562477e-08
8.48155319e-08
8.13739885e-08
7.80717569e-08
7.5098464e-08
7.25805844e-08
7.0795224e-08
7.03989524e-08
7.23266471e-08
7.69960014e-08
8.31673201e-08
8.78262697e-08
8.79385022e-08
8.27468586e-08
7.45520998e-08
6.90583788e-08
7.85816902e-08
1.17284809e-07
1.41704131e-07
1.42085498e-07
1.35100888e-07
1.30943524e-07
1.30628925e-07
1.32793629e-07
1.36253653e-07
1.40012383e-07
1.43003777e-07
1.37509396e-07
1.12344606e-07
7.37036314e-08
7.34629752e-08
1.0991745e-07
1.32036856e-07
1.36292363e-07
1.32118823e-07
1.2881569e-07
1.27714444e-07
1.27258076e-07
1.26815751e-07
1.26743062e-07
1.2892452e-07
1.36694205e-07
1.48478829e-07
1.45968416e-07
1.15765563e-07
1.05421057e-07
1.03796367e-07
1.04471065e-07
1.05366559e-07
1.06000145e-07
1.06353332e-07
1.06505644e-07
1.06540662e-07
1.0660094e-07
1.06919948e-07
1.07770812e-07
1.09120409e-07
1.09969176e-07
1.08116825e-07
1.01306166e-07
8.90439456e-08
7.33162572e-08
5.77354641e-08
4.36204136e-08
2.00666935e-08
5.82804577e-08
4.8364778e-08
4.32765746e-08
3.93811364e-08
3.7940432e-08
4.05586671e-08
4.81573863e-08
5.94436538e-08
7.09103697e-08
7.87045901e-08
8.10461663e-08
7.89965693e-08
7.45281116e-08
6.8809284e-08
6.25243987e-08
5.65741192e-08
5.20087688e-08
4.99402916e-08
5.18291321e-08
5.88108977e-08
6.92399969e-08
7.87773078e-08
8.46976455e-08
8.77700927e-08
8.96967861e-08
9.12537709e-08
9.25280542e-08
9.33711222e-08
9.35445098e-08
9.28265131e-08
9.11076747e-08
8.84504485e-08
8.51103334e-08
8.14907487e-08
7.8016329e-08
7.50247865e-08
7.27936593e-08
7.17036199e-08
7.23189946e-08
7.51241952e-08
7.99003275e-08
8.51787878e-08
8.84467769e-08
8.74605076e-08
8.20152329e-08
7.47220951e-08
7.09270009e-08
7.97632927e-08
1.12536546e-07
1.36032245e-07
1.39697466e-07
1.35176505e-07
1.31507773e-07
1.30944181e-07
1.32840799e-07
1.35894207e-07
1.39146785e-07
1.40671363e-07
1.31561583e-07
1.03672744e-07
6.71634664e-08
6.51757896e-08
9.87874952e-08
1.24035764e-07
1.33043613e-07
1.30850608e-07
1.26885481e-07
1.24863205e-07
1.24002045e-07
1.23706815e-07
1.24381026e-07
1.27626592e-07
1.35390406e-07
1.44765092e-07
1.40809614e-07
1.13397599e-07
1.03427157e-07
1.01095879e-07
1.0117593e-07
1.01769862e-07
1.02319728e-07
1.02726322e-07
1.03025094e-07
1.03345855e-07
1.0387691e-07
1.04805544e-07
1.06104399e-07
1.07118073e-07
1.06250496e-07
1.01455674e-07
9.16132188e-08
7.75955214e-08
6.20718896e-08
4.83329131e-08
3.65567404e-08
1.63656751e-08
5.47087343e-08
4.53274428e-08
4.04333287e-08
3.59247826e-08
3.30334428e-08
3.3510097e-08
3.89263289e-08
4.90125232e-08
6.10627372e-08
7.10535318e-08
7.58861055e-08
7.53057187e-08
7.12341032e-08
6.55473432e-08
5.93543271e-08
5.3430274e-08
4.83472609e-08
4.46891056e-08
4.39143618e-08
4.84203808e-08
5.83494278e-08
6.95676926e-08
7.78363484e-08
8.270078e-08
8.5743768e-08
8.80005353e-08
8.97204637e-08
9.0882932e-08
9.14017025e-08
9.11745035e-08
9.01128272e-08
8.81829193e-08
8.54891739e-08
8.23455027e-08
7.92209585e-08
7.66127404e-08
7.49634188e-08
7.46625372e-08
7.6016395e-08
7.90421945e-08
8.31801091e-08
8.71653715e-08
8.922754e-08
8.78420215e-08
8.30094274e-08
7.70961512e-08
7.48186578e-08
8.31822757e-08
1.09319835e-07
1.30726635e-07
1.36580487e-07
1.34648634e-07
1.32158647e-07
1.3173659e-07
1.33270299e-07
1.35646008e-07
1.38051383e-07
1.37106923e-07
1.23408831e-07
9.3111897e-08
5.98459795e-08
5.68258173e-08
8.61672633e-08
1.13483368e-07
1.27923147e-07
1.29553955e-07
1.26083453e-07
1.23343645e-07
1.22082423e-07
1.21901029e-07
1.23138171e-07
1.26905093e-07
1.33965129e-07
1.40941183e-07
1.36177326e-07
1.12208243e-07
1.02119595e-07
9.90543915e-08
9.85501816e-08
9.8838076e-08
9.93258922e-08
9.98619158e-08
1.00474238e-07
1.01281372e-07
1.02363455e-07
1.03618699e-07
1.04521353e-07
1.03910889e-07
1.00178213e-07
9.21137081e-08
7.98997534e-08
6.53167497e-08
5.10655559e-08
3.96568724e-08
3.00956581e-08
1.30216817e-08
5.17614859e-08
4.31027386e-08
3.83641454e-08
3.34429152e-08
2.94277706e-08
2.79595668e-08
3.08554174e-08
3.87085149e-08
4.99592068e-08
6.12489854e-08
6.88679685e-08
7.09403734e-08
6.84463281e-08
6.35522759e-08
5.79076077e-08
5.23776028e-08
4.71656097e-08
4.2214382e-08
3.85818019e-08
3.94218888e-08
4.6916425e-08
5.82186515e-08
6.81589557e-08
7.4674389e-08
7.87361516e-08
8.15446481e-08
8.36031381e-08
8.50834539e-08
8.60798552e-08
8.66339308e-08
8.67012905e-08
8.61585784e-08
8.49137557e-08
8.30820908e-08
8.10426338e-08
7.93402195e-08
7.85074658e-08
7.8909692e-08
8.06484619e-08
8.3482486e-08
8.67954073e-08
8.96639344e-08
9.09930171e-08
8.98655474e-08
8.63161323e-08
8.2136129e-08
8.10542452e-08
8.82583978e-08
1.07558092e-07
1.26069701e-07
1.32947074e-07
1.33244021e-07
1.32203514e-07
1.32191622e-07
1.33356251e-07
1.3498841e-07
1.36002188e-07
1.31172863e-07
1.12243449e-07
8.05772699e-08
5.18599321e-08
4.86471876e-08
7.23715563e-08
9.99379695e-08
1.19544527e-07
1.26789863e-07
1.25793067e-07
1.23100014e-07
1.21565846e-07
1.21410776e-07
1.22854034e-07
1.26505076e-07
1.32312293e-07
1.37055035e-07
1.32087425e-07
1.1226198e-07
1.02163766e-07
9.83970197e-08
9.73855759e-08
9.74552161e-08
9.79647005e-08
9.87199589e-08
9.96878368e-08
1.00798515e-07
1.01840062e-07
1.02324872e-07
1.01387047e-07
9.78692668e-08
9.07921848e-08
8.00505345e-08
6.67780456e-08
5.29829104e-08
4.08575203e-08
3.19259579e-08
2.42810377e-08
1.00959922e-08
4.91280044e-08
4.09811249e-08
3.62420501e-08
3.11220464e-08
2.6492279e-08
2.36797643e-08
2.43115271e-08
2.94416836e-08
3.85876548e-08
4.95830808e-08
5.9151758e-08
6.43957094e-08
6.47193859e-08
6.16702306e-08
5.71458117e-08
5.22705827e-08
4.71807338e-08
4.14440292e-08
3.55995837e-08
3.2729356e-08
3.64313281e-08
4.5904817e-08
5.62355791e-08
6.39425373e-08
6.88860295e-08
7.21023383e-08
7.43167749e-08
7.59283385e-08
7.7231133e-08
7.84423259e-08
7.96302046e-08
8.06676101e-08
8.1309385e-08
8.1413886e-08
8.1121916e-08
8.08412485e-08
8.10658939e-08
8.21582533e-08
8.41955607e-08
8.69452589e-08
8.99093911e-08
9.24196812e-08
9.37638667e-08
9.34160444e-08
9.1454355e-08
8.90890487e-08
8.8812855e-08
9.41510429e-08
1.07296424e-07
1.22211265e-07
1.29086404e-07
1.30950133e-07
1.31225695e-07
1.31676973e-07
1.32498453e-07
1.33243172e-07
1.31635609e-07
1.21306282e-07
9.74586972e-08
6.63784699e-08
4.34903346e-08
4.08830833e-08
5.81071936e-08
8.35383745e-08
1.06644384e-07
1.20329197e-07
1.24277915e-07
1.23341827e-07
1.21987796e-07
1.21812585e-07
1.23108204e-07
1.26101853e-07
1.30346989e-07
1.33164935e-07
1.2853189e-07
1.13375163e-07
1.0412917e-07
1.00059592e-07
9.87147126e-08
9.86060921e-08
9.90751918e-08
9.97839598e-08
1.00469489e-07
1.00815505e-07
1.00374695e-07
9.85181695e-08
9.44955807e-08
8.76700616e-08
7.79249909e-08
6.59748002e-08
5.32508332e-08
4.13935572e-08
3.18317237e-08
2.51826233e-08
1.90967617e-08
7.61493741e-09
4.60608827e-08
3.7969736e-08
3.31204706e-08
2.80888673e-08
2.34316355e-08
2.00669065e-08
1.91502564e-08
2.17603613e-08
2.81111248e-08
3.72021487e-08
4.68799177e-08
5.43954944e-08
5.79208937e-08
5.76317232e-08
5.49197767e-08
5.09997658e-08
4.62193767e-08
4.02641779e-08
3.34232627e-08
2.80573468e-08
2.79231624e-08
3.41088762e-08
4.3189795e-08
5.1185802e-08
5.67342516e-08
6.02659185e-08
6.24961391e-08
6.39928501e-08
6.523544e-08
6.66280336e-08
6.84121754e-08
7.05645315e-08
7.28082891e-08
7.48110172e-08
7.64249799e-08
7.77728342e-08
7.91793232e-08
8.09997317e-08
8.34377639e-08
8.64853433e-08
8.99000737e-08
9.31952024e-08
9.57279995e-08
9.69688164e-08
9.68852448e-08
9.62561638e-08
9.66060512e-08
1.00080206e-07
1.08325527e-07
1.19260085e-07
1.25333926e-07
1.2798856e-07
1.29146077e-07
1.2981783e-07
1.30080854e-07
1.289037e-07
1.22533176e-07
1.05876851e-07
7.9125363e-08
5.13727611e-08
3.51488745e-08
3.36515634e-08
4.43833738e-08
6.52909558e-08
8.88038931e-08
1.07698811e-07
1.18317894e-07
1.21846796e-07
1.22146874e-07
1.22248693e-07
1.2329588e-07
1.25362067e-07
1.28022938e-07
1.29341317e-07
1.25434321e-07
1.15040181e-07
1.07780373e-07
1.04089709e-07
1.025041e-07
1.01917165e-07
1.01586404e-07
1.01016015e-07
9.98620688e-08
9.77884613e-08
9.44212928e-08
8.93576525e-08
8.22855795e-08
7.31796766e-08
6.2499119e-08
5.11879617e-08
4.03960812e-08
3.11238005e-08
2.41006631e-08
1.93264715e-08
1.45068124e-08
5.56974214e-09
4.12998443e-08
3.30479708e-08
2.8270061e-08
2.37412127e-08
1.96250912e-08
1.64470004e-08
1.48495915e-08
1.56538143e-08
1.9334288e-08
2.56519527e-08
3.35621622e-08
4.1266e-08
4.67969168e-08
4.91586577e-08
4.86533511e-08
4.60996906e-08
4.20292055e-08
3.65499228e-08
3.00487377e-08
2.40457869e-08
2.13905622e-08
2.40265428e-08
3.04917012e-08
3.75239787e-08
4.30710901e-08
4.67667956e-08
4.89929439e-08
5.02879076e-08
5.12087812e-08
5.22862395e-08
5.3929044e-08
5.6289147e-08
5.91993891e-08
6.2291609e-08
6.52182991e-08
6.78105278e-08
7.01436027e-08
7.2484897e-08
7.51690363e-08
7.85040257e-08
8.26336908e-08
8.73751336e-08
9.21657005e-08
9.62544381e-08
9.91155901e-08
1.00864065e-07
1.02487983e-07
1.05131614e-07
1.10115051e-07
1.1723498e-07
1.2197534e-07
1.24580233e-07
1.25774072e-07
1.25725677e-07
1.23994197e-07
1.18332255e-07
1.05504488e-07
8.42169267e-08
5.85027141e-08
3.68764248e-08
2.71657222e-08
2.67561263e-08
3.21483147e-08
4.70073574e-08
6.7210179e-08
8.75797262e-08
1.0382259e-07
1.1392418e-07
1.18806066e-07
1.20886034e-07
1.22394649e-07
1.23894007e-07
1.25335089e-07
1.25670537e-07
1.22699729e-07
1.16447687e-07
1.11469813e-07
1.08096553e-07
1.05568378e-07
1.03103553e-07
1.00171377e-07
9.65981574e-08
9.22746981e-08
8.70758557e-08
8.086406e-08
7.35231643e-08
6.50809874e-08
5.58087379e-08
4.62456165e-08
3.70901882e-08
2.89818687e-08
2.23645496e-08
1.75302232e-08
1.42004134e-08
1.04759891e-08
3.90719639e-09
3.33546569e-08
2.56193675e-08
2.14957065e-08
1.79506857e-08
1.48289084e-08
1.23587922e-08
1.0809898e-08
1.06729048e-08
1.23838109e-08
1.6029639e-08
2.12468321e-08
2.71809634e-08
3.25266632e-08
3.60577538e-08
3.72337179e-08
3.62025478e-08
3.33885135e-08
2.91918059e-08
2.41364702e-08
1.91336975e-08
1.58479359e-08
1.5969681e-08
1.94432761e-08
2.44183197e-08
2.90397613e-08
3.24517435e-08
3.4587475e-08
3.57449036e-08
3.63721876e-08
3.69717669e-08
3.80050151e-08
3.97600903e-08
4.22455741e-08
4.52190785e-08
4.83292638e-08
5.12571236e-08
5.38468418e-08
5.61780331e-08
5.85550216e-08
6.14604677e-08
6.53853882e-08
7.05919064e-08
7.69222103e-08
8.38058319e-08
9.04862149e-08
9.63328624e-08
1.01150739e-07
1.05474977e-07
1.09837852e-07
1.14449624e-07
1.17456857e-07
1.18612451e-07
1.1779539e-07
1.14579513e-07
1.07777253e-07
9.59615669e-08
7.8788435e-08
5.80327652e-08
3.8060013e-08
2.41317328e-08
1.94931803e-08
1.96406813e-08
2.17383596e-08
3.06056479e-08
4.47240345e-08
6.15568246e-08
7.85586967e-08
9.32926571e-08
1.04418759e-07
1.11838675e-07
1.16298648e-07
1.19291976e-07
1.2106318e-07
1.21420481e-07
1.1939709e-07
1.15165539e-07
1.10271353e-07
1.04971009e-07
9.91275736e-08
9.27917434e-08
8.63048415e-08
7.98292278e-08
7.33187195e-08
6.66651012e-08
5.97733795e-08
5.2599067e-08
4.52266815e-08
3.78858302e-08
3.08968591e-08
2.45961449e-08
1.92299737e-08
1.494794e-08
1.18605395e-08
9.6347557e-09
6.98872015e-09
2.55450083e-09
2.15799606e-08
1.59888844e-08
1.3247647e-08
1.10571304e-08
9.17804722e-09
7.67396285e-09
6.6250061e-09
6.25848126e-09
6.84407468e-09
8.51639291e-09
1.11972885e-08
1.45783651e-08
1.80633588e-08
2.08806682e-08
2.24000807e-08
2.23926291e-08
2.10010295e-08
1.85868811e-08
1.55793149e-08
1.24833949e-08
1.00676711e-08
9.28690552e-09
1.05266308e-08
1.31322385e-08
1.60233965e-08
1.84349782e-08
2.00856881e-08
2.10235399e-08
2.14751023e-08
2.17579182e-08
2.2210435e-08
2.31017866e-08
2.45391014e-08
2.64469554e-08
2.86269917e-08
3.08287615e-08
3.28400258e-08
3.45804915e-08
3.61592896e-08
3.79098756e-08
4.03157027e-08
4.38474645e-08
4.87696917e-08
5.50581454e-08
6.24723922e-08
7.0669458e-08
7.91204085e-08
8.70486881e-08
9.37241558e-08
9.81332314e-08
9.90255401e-08
9.69462766e-08
9.19215653e-08
8.39511157e-08
7.29661463e-08
5.98074601e-08
4.55275614e-08
3.16761e-08
2.03766866e-08
1.34964998e-08
1.17546166e-08
1.19448118e-08
1.26182378e-08
1.69537182e-08
2.44958737e-08
3.43297836e-08
4.58453957e-08
5.81629365e-08
7.03897876e-08
8.16932741e-08
9.11688458e-08
9.83920824e-08
1.03392499e-07
1.05758279e-07
1.04410438e-07
9.83970491e-08
8.97719065e-08
8.0233427e-08
7.09901523e-08
6.29058194e-08
5.60662006e-08
5.01629722e-08
4.48280563e-08
3.98111472e-08
3.4972609e-08
3.02491056e-08
2.56711051e-08
2.13364814e-08
1.73543584e-08
1.38427639e-08
1.08801994e-08
8.52180937e-09
6.81296724e-09
5.52717162e-09
3.96033006e-09
1.43094674e-09
7.32934305e-09
5.33191517e-09
4.39071262e-09
3.67192573e-09
3.06484971e-09
2.57554394e-09
2.21679318e-09
2.04866224e-09
2.15692894e-09
2.59756506e-09
3.36719262e-09
4.39926689e-09
5.54244148e-09
6.56260885e-09
7.21218617e-09
7.35399682e-09
6.98919336e-09
6.2543898e-09
5.31013146e-09
4.31503915e-09
3.47352682e-09
3.06091812e-09
3.26527446e-09
3.98350759e-09
4.90823562e-09
5.75837618e-09
6.38880031e-09
6.77478182e-09
6.96804563e-09
7.06435051e-09
7.17814528e-09
7.41289173e-09
7.82671555e-09
8.41758528e-09
9.13712478e-09
9.90843195e-09
1.06490255e-08
1.13033297e-08
1.18679997e-08
1.24170083e-08
1.30929112e-08
1.40718221e-08
1.55122398e-08
1.7530498e-08
2.02269578e-08
2.37640345e-08
2.83306296e-08
3.38704351e-08
3.9255864e-08
4.25927127e-08
4.23147843e-08
3.94670709e-08
3.47662557e-08
2.91601369e-08
2.35266345e-08
1.82547397e-08
1.35121257e-08
9.39554108e-09
6.19600658e-09
4.29524809e-09
3.87522787e-09
3.9429182e-09
4.10108163e-09
5.3748405e-09
7.59253454e-09
1.04358136e-08
1.38025746e-08
1.77094348e-08
2.22947235e-08
2.76487076e-08
3.36136835e-08
3.98191221e-08
4.49997231e-08
4.80760983e-08
4.7228117e-08
4.13492735e-08
3.38960157e-08
2.77540598e-08
2.33158915e-08
2.0207052e-08
1.78788634e-08
1.59356223e-08
1.41774556e-08
1.25326202e-08
1.09714517e-08
9.4748985e-09
8.04848822e-09
6.71227885e-09
5.48487003e-09
4.39830505e-09
3.47505228e-09
2.73442975e-09
2.19239472e-09
1.77548385e-09
1.26516592e-09
4.54991463e-10
)
;
    }
}


// ************************************************************************* //
