/*--------------------------------*- C++ -*----------------------------------*\
| =========                 |                                                 |
| \\      /  F ield         | OpenFOAM: The Open Source CFD Toolbox           |
|  \\    /   O peration     | Version:  2506                                  |
|   \\  /    A nd           | Website:  www.openfoam.com                      |
|    \\/     M anipulation  |                                                 |
\*---------------------------------------------------------------------------*/
FoamFile
{
    version     2.0;
    format      ascii;
    arch        "LSB;label=32;scalar=64";
    class       volVectorField;
    location    "25";
    object      U;
}
// * * * * * * * * * * * * * * * * * * * * * * * * * * * * * * * * * * * * * //

dimensions      [0 1 -1 0 0 0 0];

internalField   nonuniform List<vector> 
16650
(
(0.001352645 0.19948449 0.0013314676)
(-0.0092499013 0.060025269 -0.00078405872)
(-0.0083073362 0.025201024 0.00045893929)
(-0.012010218 0.017226796 0.00066867084)
(-0.015851682 0.016699173 0.0010124265)
(-0.019525199 0.017900823 0.0012752516)
(-0.02291887 0.019186674 0.0015476236)
(-0.025861217 0.020080419 0.0021435083)
(-0.028467374 0.020452352 0.0036242304)
(-0.031127645 0.020366162 0.0059799446)
(-0.034489447 0.019979498 0.0077873124)
(-0.038669819 0.019444673 0.0084468818)
(-0.043435364 0.018875396 0.0098114084)
(-0.049293641 0.018404107 0.012919645)
(-0.056729758 0.018122759 0.01706565)
(-0.065867039 0.017974767 0.022044195)
(-0.076658385 0.017837116 0.027637229)
(-0.088991244 0.017659266 0.032432952)
(-0.1027073 0.017503799 0.033552792)
(-0.11702867 0.017489971 0.02779677)
(-0.12975267 0.017694948 0.012395561)
(-0.13984357 0.018098787 -0.013423534)
(-0.14689586 0.018590471 -0.048172047)
(-0.15057117 0.019036789 -0.089742216)
(-0.15045886 0.019357121 -0.13589977)
(-0.14709978 0.019498541 -0.18526319)
(-0.14092191 0.019411805 -0.23627563)
(-0.13193835 0.019065689 -0.28761822)
(-0.12002856 0.01847428 -0.33842963)
(-0.10600164 0.017676154 -0.38811284)
(-0.090280557 0.016727543 -0.43600625)
(-0.072156452 0.015703419 -0.48129798)
(-0.055676516 0.014689005 -0.52313969)
(-0.043968329 0.013771006 -0.56037416)
(0.00044521085 0.013012188 -0.59050866)
(-0.024513073 0.012464666 -0.55544386)
(0.026172016 0.012182306 -0.58673246)
(0.0086974116 0.32249984 0.0072011872)
(-0.017131872 0.12925285 0.0042758041)
(-0.019573948 0.06223664 0.0061851385)
(-0.028481407 0.048298597 0.007637488)
(-0.036021184 0.050240715 0.0083632392)
(-0.04207995 0.055260127 0.0084178834)
(-0.046323877 0.059896248 0.0078127442)
(-0.048619644 0.063323026 0.0066922222)
(-0.04889982 0.06541508 0.0055681326)
(-0.046936739 0.066402654 0.0052631672)
(-0.043072917 0.066673226 0.0062792703)
(-0.037673318 0.066443532 0.0079324558)
(-0.030562405 0.065802784 0.010139495)
(-0.021653349 0.064912172 0.013319288)
(-0.01060538 0.063935549 0.017314609)
(0.0026336154 0.062894427 0.021786278)
(0.018382885 0.061713999 0.026712837)
(0.036969828 0.060365157 0.031653657)
(0.057603397 0.058883656 0.036397643)
(0.079055967 0.057290278 0.040645143)
(0.10018557 0.05570792 0.04432402)
(0.11904084 0.054192829 0.047753465)
(0.13374919 0.05276911 0.051409848)
(0.143353 0.051467664 0.055058863)
(0.14721729 0.050242406 0.057244494)
(0.14610274 0.049000381 0.056060842)
(0.14045896 0.047600865 0.049895968)
(0.13134268 0.045830446 0.037951901)
(0.11963246 0.043439824 0.021791924)
(0.10640856 0.040241704 0.0043123685)
(0.091984333 0.036154196 -0.01071889)
(0.076623486 0.031241102 -0.020292627)
(0.060610271 0.025704687 -0.023183523)
(0.043180401 0.019818232 -0.019217388)
(0.036747252 0.013858408 -0.0093191389)
(0.011443441 0.0080551554 -0.000103663)
(0.0084526168 0.0026004086 0.0019444245)
(0.011740749 0.36541277 0.013382559)
(-0.020845958 0.16501802 0.014029362)
(-0.025328069 0.088795534 0.016143451)
(-0.036420214 0.076497878 0.017032971)
(-0.044454677 0.083338003 0.0164656)
(-0.049925884 0.093085759 0.014312211)
(-0.052768669 0.10172438 0.010894583)
(-0.053190027 0.10845341 0.0066462269)
(-0.05141246 0.11317759 0.0020025749)
(-0.047615396 0.11601902 -0.0027690621)
(-0.04188186 0.11723031 -0.0076386478)
(-0.034308205 0.11703685 -0.012973834)
(-0.025123335 0.11560266 -0.018761995)
(-0.01455732 0.11307124 -0.025095357)
(-0.0026415367 0.1095744 -0.03211186)
(0.010030316 0.1052023 -0.03973208)
(0.023015835 0.099943713 -0.049324233)
(0.035637036 0.09391872 -0.060406351)
(0.047213225 0.087329751 -0.070546116)
(0.057446965 0.080388322 -0.078919047)
(0.06603935 0.073119179 -0.084154388)
(0.072862853 0.065749736 -0.083885322)
(0.07786476 0.058460438 -0.075739436)
(0.080703347 0.051437939 -0.05829613)
(0.081559064 0.044849537 -0.033184282)
(0.080527468 0.038814305 -0.0051752693)
(0.077433403 0.03337568 0.021751546)
(0.072179374 0.028514299 0.045000655)
(0.065106825 0.02417272 0.063108005)
(0.056494315 0.020266947 0.074924632)
(0.047123772 0.016725931 0.079551151)
(0.037546774 0.013498244 0.076703826)
(0.028410863 0.010546541 0.066430675)
(0.020855114 0.0078428611 0.048759941)
(0.0087766091 0.0053653359 0.024392963)
(0.0092240964 0.0030897935 0.0019163596)
(0.0001021522 0.00099844242 -0.0046267614)
(0.012454292 0.38372121 0.020085181)
(-0.022063124 0.18769319 0.024926315)
(-0.025641447 0.11110837 0.027157167)
(-0.036552679 0.10198469 0.026594072)
(-0.043365064 0.11313872 0.023928433)
(-0.047466632 0.12666025 0.01923319)
(-0.049174636 0.13817616 0.013068394)
(-0.048995861 0.14686397 0.0060641074)
(-0.047386517 0.15266429 -0.001285372)
(-0.044730841 0.155702 -0.0086749656)
(-0.041429397 0.15622626 -0.015952364)
(-0.037997442 0.15441492 -0.023097011)
(-0.03500251 0.15040654 -0.030064196)
(-0.033023118 0.14434643 -0.036773506)
(-0.03251206 0.13643708 -0.042972161)
(-0.0336198 0.12698211 -0.048376409)
(-0.03652495 0.11641445 -0.053062078)
(-0.041238958 0.10533167 -0.05638693)
(-0.047272173 0.094368988 -0.057780116)
(-0.054236965 0.08402622 -0.056870079)
(-0.061519145 0.074595051 -0.053333846)
(-0.068329998 0.066167811 -0.047189158)
(-0.073969263 0.058709668 -0.038571002)
(-0.077581654 0.052121789 -0.027889864)
(-0.078413456 0.046269477 -0.016124567)
(-0.07662391 0.040999901 -0.0049106161)
(-0.072141793 0.036185892 0.0042033317)
(-0.065442607 0.031735581 0.010252053)
(-0.057020839 0.027570527 0.012912536)
(-0.047609974 0.023629543 0.012561461)
(-0.037957907 0.019872827 0.010234125)
(-0.028552745 0.01628136 0.0074748762)
(-0.020105465 0.0128627 0.0058291118)
(-0.013324523 0.0096360168 0.006513811)
(-0.0056495177 0.006619949 0.010385456)
(-0.0043651102 0.0038206176 0.013402128)
(-0.00013759206 0.001236833 0.0078211262)
(0.013542286 0.39559311 0.026575185)
(-0.020827174 0.20747244 0.034752515)
(-0.021741535 0.13161636 0.037190281)
(-0.031437988 0.12360686 0.03473666)
(-0.036557284 0.1367136 0.029794201)
(-0.03942491 0.15197928 0.02280311)
(-0.040557551 0.16460603 0.014512914)
(-0.040449256 0.1738174 0.005615285)
(-0.03943579 0.17974923 -0.0033724957)
(-0.037741351 0.18271373 -0.012077978)
(-0.035538304 0.18301241 -0.020221547)
(-0.032980127 0.18087123 -0.027531594)
(-0.030191449 0.17648753 -0.033712123)
(-0.027263266 0.17009211 -0.038508234)
(-0.024290729 0.16198508 -0.04175734)
(-0.021361557 0.15253496 -0.043424527)
(-0.018479431 0.14213797 -0.043687538)
(-0.015876022 0.13116414 -0.042919501)
(-0.013640753 0.119877 -0.041091838)
(-0.011612841 0.10851539 -0.038299503)
(-0.0096145764 0.097327873 -0.035043716)
(-0.007546477 0.086541745 -0.032051381)
(-0.0056115993 0.076356763 -0.030018325)
(-0.0033571243 0.066897419 -0.028959444)
(-0.00074506538 0.05822722 -0.028720706)
(0.0017739912 0.050365939 -0.029197211)
(0.0040266601 0.043280216 -0.029973835)
(0.0058191706 0.036918896 -0.030876515)
(0.0068857996 0.031219592 -0.031797609)
(0.0071027098 0.026102848 -0.032316194)
(0.0066077823 0.021488396 -0.032034042)
(0.005556975 0.017307446 -0.030711071)
(0.0042486549 0.013505668 -0.028316292)
(0.0030082257 0.010036453 -0.02496479)
(0.0011703344 0.0068615269 -0.020924073)
(0.0010655548 0.0039496151 -0.015336859)
(4.7706154e-05 0.0012773741 -0.0063693864)
(0.01462437 0.40649928 0.031756457)
(-0.017936716 0.22757611 0.042722086)
(-0.015360041 0.15112969 0.045373745)
(-0.023603558 0.14105892 0.040916433)
(-0.027028257 0.15328744 0.034043783)
(-0.028939289 0.16827498 0.025410204)
(-0.029840629 0.18070381 0.01578129)
(-0.030077842 0.18978592 0.0057632471)
(-0.029822481 0.19582118 -0.0042528771)
(-0.029149152 0.19922508 -0.013990499)
(-0.028092392 0.20028179 -0.023215981)
(-0.026681917 0.1991243 -0.031701584)
(-0.024948183 0.1958086 -0.039218551)
(-0.022921908 0.19040624 -0.04557629)
(-0.020649475 0.18306846 -0.050645266)
(-0.018188299 0.17404947 -0.054359337)
(-0.015592901 0.16369121 -0.056691134)
(-0.012949443 0.15238451 -0.057642062)
(-0.010359293 0.14052606 -0.057279312)
(-0.0078224619 0.12848513 -0.055617801)
(-0.0053912601 0.11657779 -0.0527094)
(-0.0031713143 0.1050495 -0.048670048)
(-0.0012440574 0.094070081 -0.043710092)
(0.00026586464 0.083738033 -0.037983613)
(0.0013146939 0.074093445 -0.031556051)
(0.0019316155 0.065134961 -0.0246129)
(0.0021849366 0.056835587 -0.017473457)
(0.0021567285 0.049154861 -0.010512023)
(0.0019450127 0.04204815 -0.0041325341)
(0.0016399886 0.035473085 0.0012860054)
(0.0012719893 0.029392646 0.0054464113)
(0.00090492785 0.023776176 0.0081869532)
(0.0005768834 0.018597623 0.0094661592)
(0.0002800158 0.013832474 0.0093447705)
(0.00019546692 0.0094556396 0.0079719449)
(-0.00010425301 0.0054406261 0.0055037741)
(-5.5903704e-06 0.0017593231 0.002091634)
(0.015587403 0.41768862 0.034823426)
(-0.014632269 0.2487039 0.048578938)
(-0.0076927903 0.17024924 0.05112214)
(-0.014787605 0.15533892 0.045026037)
(-0.016547837 0.1640936 0.036867466)
(-0.017647529 0.17711757 0.027309684)
(-0.018379356 0.18848404 0.017080846)
(-0.018928455 0.19717202 0.0066404033)
(-0.019359726 0.20345631 -0.0037584657)
(-0.019682844 0.20772688 -0.013934471)
(-0.019890231 0.21017073 -0.023687798)
(-0.01997319 0.21074897 -0.03279826)
(-0.019928507 0.20929564 -0.041032313)
(-0.019754486 0.20564411 -0.048166141)
(-0.019458469 0.19973682 -0.054019175)
(-0.019060075 0.19168381 -0.058470679)
(-0.018608798 0.18176372 -0.061469455)
(-0.018049317 0.17037887 -0.063026183)
(-0.017432953 0.15799125 -0.063263041)
(-0.016824202 0.14505844 -0.0622848)
(-0.016141457 0.13198837 -0.06026988)
(-0.015363964 0.11911377 -0.057423804)
(-0.014481904 0.10668337 -0.053947568)
(-0.013476946 0.094866193 -0.050021862)
(-0.012345391 0.083763329 -0.045809572)
(-0.011086168 0.073422159 -0.041456045)
(-0.0097045739 0.063850339 -0.037084035)
(-0.0082460701 0.055027792 -0.03278633)
(-0.0067675554 0.046916825 -0.028624717)
(-0.0053103347 0.039470256 -0.024632654)
(-0.0039490327 0.032637389 -0.020828401)
(-0.0027537023 0.026368013 -0.017219406)
(-0.0017464127 0.02061472 -0.013799018)
(-0.00094880928 0.015334001 -0.010549472)
(-0.00046592357 0.010486465 -0.0074467024)
(-6.9321677e-05 0.0060366471 -0.0044483853)
(-1.048484e-05 0.0019526111 -0.0015046071)
(0.016606053 0.42844361 0.035878876)
(-0.011171346 0.26995614 0.052465746)
(-0.00036701869 0.18949934 0.054170658)
(-0.0059563075 0.16830849 0.047173744)
(-0.0058998399 0.17162215 0.038280423)
(-0.0061225512 0.18130395 0.028401033)
(-0.0064461916 0.19091937 0.018126052)
(-0.0069108472 0.19897909 0.007759297)
(-0.0074884051 0.20551062 -0.0025509307)
(-0.0081293096 0.21076528 -0.012675156)
(-0.0087774051 0.21482793 -0.022429501)
(-0.0093861537 0.21754734 -0.031592047)
(-0.0099179428 0.2186128 -0.039925139)
(-0.010337894 0.2176717 -0.047207692)
(-0.010614645 0.21444448 -0.053259461)
(-0.010723212 0.20881205 -0.057955556)
(-0.01064773 0.20085626 -0.061238111)
(-0.010385796 0.19084855 -0.063105338)
(-0.0099062191 0.17920054 -0.06360797)
(-0.0093080833 0.166395 -0.062899324)
(-0.0085455289 0.15291669 -0.06116778)
(-0.0077010604 0.13920113 -0.058611451)
(-0.0068074951 0.12560509 -0.055432264)
(-0.0059040014 0.1123973 -0.051817911)
(-0.0050255691 0.099763608 -0.047931441)
(-0.004194581 0.087819601 -0.043903015)
(-0.0034324355 0.07662587 -0.039824994)
(-0.0027544322 0.066202713 -0.035754101)
(-0.0021623142 0.056542637 -0.031720002)
(-0.0016572692 0.047620114 -0.027731689)
(-0.0012356384 0.039398722 -0.023788517)
(-0.00088824874 0.031836159 -0.01988802)
(-0.00061395094 0.024887625 -0.016028975)
(-0.00040921158 0.018508063 -0.012213222)
(-0.00018708278 0.012653597 -0.0084454522)
(-0.00014198123 0.0072824116 -0.0048311745)
(-5.6816581e-07 0.0023552467 -0.0015376957)
(0.017527322 0.43929733 0.035170632)
(-0.0072689438 0.29221549 0.054096429)
(0.0061391851 0.21058743 0.053666023)
(0.0032348525 0.18253739 0.047218822)
(0.0048220901 0.17921445 0.03814152)
(0.0057022826 0.18452139 0.028397399)
(0.0060712564 0.19179174 0.01844699)
(0.0060114059 0.19893242 0.0084517741)
(0.0056044389 0.20552655 -0.0015125626)
(0.0049246094 0.21154888 -0.011353912)
(0.004042352 0.21692481 -0.020907608)
(0.0030234634 0.22140535 -0.029968672)
(0.0019320357 0.22459363 -0.038321268)
(0.0008343747 0.22602194 -0.045767957)
(-0.00019767291 0.22524819 -0.052148944)
(-0.0011031142 0.22195288 -0.057348204)
(-0.0018376606 0.21601505 -0.061295793)
(-0.0023592686 0.20754312 -0.06396787)
(-0.0026768694 0.19685458 -0.0653842)
(-0.0027889213 0.18441444 -0.065609788)
(-0.0027080842 0.17075493 -0.064744916)
(-0.0024906279 0.15640127 -0.06290972)
(-0.0021710206 0.1418188 -0.060243538)
(-0.0018017973 0.12738524 -0.056890749)
(-0.0014189048 0.11338336 -0.052996382)
(-0.0010545721 0.10000773 -0.048697518)
(-0.00073182629 0.087378694 -0.044122258)
(-0.00046458074 0.075558487 -0.039387669)
(-0.00025811237 0.064566605 -0.034598638)
(-0.00011064695 0.054392814 -0.029846155)
(-1.5179004e-05 0.045007468 -0.025206666)
(3.6716403e-05 0.036369247 -0.020741355)
(5.895795e-05 0.0284307 -0.016496339)
(6.3874599e-05 0.021142081 -0.012502577)
(2.6818031e-05 0.014453856 -0.0087781368)
(4.3519318e-05 0.0083182742 -0.0052524137)
(9.5550042e-07 0.0026902261 -0.0017881479)
(0.018703395 0.45063214 0.032721994)
(-0.0030606999 0.31752614 0.052734942)
(0.012461918 0.23702312 0.050929652)
(0.013163904 0.20201326 0.044960441)
(0.016264251 0.19159522 0.036228255)
(0.018618552 0.19187101 0.026967421)
(0.020063805 0.19623489 0.017629414)
(0.020759559 0.20196443 0.0082930434)
(0.020836044 0.20815165 -0.0010065327)
(0.020383842 0.21438013 -0.010187513)
(0.019481422 0.22036366 -0.019089273)
(0.018204442 0.22577871 -0.027522779)
(0.016631411 0.23022887 -0.035302084)
(0.014845558 0.23325421 -0.042270112)
(0.012931937 0.23436875 -0.048310078)
(0.010975448 0.23312775 -0.053344852)
(0.0090557394 0.22921514 -0.057325147)
(0.0072428806 0.22252177 -0.060224907)
(0.0055796272 0.21318138 -0.062043531)
(0.0041447411 0.20154843 -0.062808815)
(0.0029095131 0.1881301 -0.062565509)
(0.0018922291 0.17349847 -0.061384635)
(0.0010881258 0.15821113 -0.059356279)
(0.00048741761 0.14275546 -0.056597192)
(5.1841024e-05 0.12752034 -0.053231101)
(-0.00023870982 0.11279111 -0.049384136)
(-0.00041023235 0.098759156 -0.04517935)
(-0.00048793702 0.085538485 -0.040731172)
(-0.00049536883 0.073183891 -0.036141838)
(-0.00045375222 0.0617076 -0.031498834)
(-0.00038172489 0.051093005 -0.026873989)
(-0.00029528377 0.041305216 -0.022323512)
(-0.00020794883 0.032298733 -0.017889088)
(-0.00013109662 0.024022781 -0.013599998)
(-5.9785457e-05 0.016424867 -0.0094749375)
(-3.1568905e-05 0.0094530345 -0.0055377372)
(-9.6467351e-07 0.0030572724 -0.0018201776)
(0.019975423 0.46270967 0.028715247)
(0.00077463758 0.3468357 0.047834855)
(0.019552269 0.27127787 0.045925774)
(0.02471644 0.23218763 0.040159667)
(0.030002959 0.2155862 0.032131679)
(0.03422885 0.2106364 0.023670648)
(0.037080952 0.21132008 0.015245211)
(0.038719054 0.21470146 0.0068980771)
(0.03932297 0.2193573 -0.001367911)
(0.039037201 0.22455332 -0.009467421)
(0.037972767 0.2297942 -0.017255697)
(0.036246595 0.23470139 -0.02457435)
(0.033988894 0.23892617 -0.031276597)
(0.031336092 0.24209623 -0.037247844)
(0.028421603 0.24378704 -0.042413851)
(0.025370821 0.24353526 -0.046735519)
(0.022296232 0.24090537 -0.050197942)
(0.01929486 0.23558969 -0.052799187)
(0.016444499 0.22749794 -0.054545226)
(0.013805068 0.21679378 -0.055449097)
(0.011416612 0.20386564 -0.055538106)
(0.0093058362 0.18924928 -0.054857466)
(0.0074668125 0.1735357 -0.053470441)
(0.0059029159 0.15729015 -0.051446391)
(0.0045933691 0.14099817 -0.048867154)
(0.0035152423 0.12504092 -0.045820257)
(0.0026418841 0.10969271 -0.042393118)
(0.0019457309 0.095132563 -0.038669289)
(0.0013997278 0.081461966 -0.034725899)
(0.0009787167 0.068723817 -0.030632217)
(0.00066022162 0.056919445 -0.026449185)
(0.00042450605 0.046022541 -0.022229502)
(0.00025511122 0.035989785 -0.018018153)
(0.00013834837 0.026768535 -0.013852931)
(6.2239555e-05 0.018302128 -0.0097652132)
(2.047977e-05 0.01053336 -0.0057829594)
(1.8052585e-06 0.0034066472 -0.0019306307)
(0.021519812 0.47623914 0.022935803)
(0.0057873479 0.38274443 0.038778568)
(0.029026923 0.3177314 0.037110022)
(0.039646353 0.27902802 0.032083692)
(0.047930053 0.25824775 0.025295727)
(0.054266375 0.24808479 0.018162863)
(0.058502766 0.2438938 0.011168462)
(0.060833739 0.24302703 0.0043539749)
(0.061576512 0.24402431 -0.0022915577)
(0.060994061 0.2459918 -0.0086864565)
(0.059284009 0.24834867 -0.014733396)
(0.056647358 0.25071245 -0.020325521)
(0.053293998 0.25279482 -0.025369949)
(0.04942764 0.2543189 -0.029803543)
(0.045233206 0.25494875 -0.033595965)
(0.040872362 0.25425378 -0.036744273)
(0.036482078 0.25173828 -0.039262813)
(0.032173384 0.24693601 -0.041164671)
(0.028037452 0.23953821 -0.042466931)
(0.024144619 0.2294867 -0.043186799)
(0.020544835 0.21699378 -0.043335816)
(0.017270315 0.20249398 -0.042929498)
(0.014336435 0.18655154 -0.041993374)
(0.011744765 0.16976169 -0.040563473)
(0.0094860973 0.15267301 -0.038685859)
(0.0075433869 0.13574109 -0.036415327)
(0.0058942465 0.1193113 -0.033812294)
(0.0045131465 0.10362236 -0.030939367)
(0.0033732676 0.08882146 -0.027858424)
(0.0024476875 0.074983696 -0.024628103)
(0.0017104885 0.062131155 -0.021302191)
(0.0011367635 0.050249379 -0.017928515)
(0.00070403463 0.039300404 -0.014548553)
(0.00039097888 0.029232483 -0.011197379)
(0.00018345215 0.019986961 -0.0079039596)
(5.6455848e-05 0.011502924 -0.0046897439)
(4.9939537e-06 0.003720191 -0.0015699777)
(0.023595162 0.48981741 0.014416807)
(0.013263963 0.42200895 0.024428748)
(0.04100922 0.37164286 0.023091927)
(0.057207815 0.3371469 0.019678057)
(0.068576214 0.31434 0.015162426)
(0.076637244 0.29931482 0.010394875)
(0.081661585 0.2893142 0.0057524506)
(0.084001348 0.28255963 0.0013150169)
(0.084185007 0.27796626 -0.0028843061)
(0.082635057 0.27476985 -0.0068364082)
(0.079678417 0.27247767 -0.010494814)
(0.075640244 0.27075529 -0.013806644)
(0.070817037 0.26935246 -0.016730985)
(0.065471591 0.26803031 -0.019249117)
(0.059830876 0.26648634 -0.02135928)
(0.054081698 0.2642969 -0.023074003)
(0.048371794 0.26091875 -0.024414798)
(0.042816663 0.2557717 -0.025404616)
(0.037504785 0.2483762 -0.026063934)
(0.032502381 0.23848269 -0.026405645)
(0.027856784 0.22613537 -0.026437788)
(0.02359986 0.21165123 -0.026166814)
(0.019749429 0.1955361 -0.025601504)
(0.016311113 0.17837779 -0.024755465)
(0.013279906 0.16075166 -0.02364856)
(0.010642147 0.14315679 -0.022306545)
(0.008377342 0.12598528 -0.020759999)
(0.006460037 0.10951763 -0.019042431)
(0.0048615261 0.093934046 -0.017188553)
(0.0035513305 0.079333277 -0.015232519)
(0.0024986175 0.06575274 -0.013206675)
(0.0016728882 0.053186711 -0.011140574)
(0.001044952 0.041601144 -0.0090604453)
(0.00058771276 0.030944939 -0.0069889129)
(0.00027645778 0.021158026 -0.0049450051)
(9.1666054e-05 0.012176888 -0.0029413491)
(7.200368e-06 0.0039381548 -0.00098700257)
(0.024988903 0.49774705 0.0028009713)
(0.018767694 0.44629283 0.0043682555)
(0.049207383 0.40581569 0.0037234171)
(0.068602849 0.37496899 0.0027960066)
(0.081649175 0.35162159 0.0017036317)
(0.090401671 0.33378798 0.00056887452)
(0.095487779 0.31997672 -0.000537559)
(0.09749885 0.3091342 -0.0015863311)
(0.097026701 0.3005363 -0.0025511201)
(0.094567861 0.29363537 -0.003417975)
(0.090603377 0.28803669 -0.0041769044)
(0.085556907 0.28344233 -0.0048192701)
(0.079761809 0.27960835 -0.0053449312)
(0.07349312 0.27629048 -0.0057462913)
(0.066996641 0.27317568 -0.0060272)
(0.060465957 0.26982171 -0.0061998374)
(0.054046549 0.26564897 -0.0062774424)
(0.04784728 0.26001874 -0.0062747379)
(0.041948224 0.25237129 -0.0062046752)
(0.036407533 0.24236708 -0.0060776744)
(0.031266094 0.22996677 -0.0059017502)
(0.026551122 0.21542345 -0.005682723)
(0.02227769 0.19920423 -0.0054251869)
(0.018450257 0.18188165 -0.0051331173)
(0.015063789 0.164033 -0.0048106053)
(0.01210501 0.14616924 -0.0044620124)
(0.0095539125 0.12869819 -0.0040920905)
(0.0073851566 0.1119157 -0.0037057583)
(0.0055696426 0.096014891 -0.0033079515)
(0.0040759582 0.081104126 -0.0029033633)
(0.0028716985 0.067227303 -0.0024963122)
(0.0019240499 0.054382525 -0.0020906235)
(0.0012017393 0.042537562 -0.0016895805)
(0.00067427796 0.03164171 -0.001295926)
(0.00031807616 0.021634375 -0.00091188448)
(0.00010212225 0.012450971 -0.00053878508)
(8.4402931e-06 0.0040267847 -0.00017888745)
(0.024608819 0.49509869 -0.0097539318)
(0.016893153 0.43771345 -0.017317156)
(0.046100562 0.39341686 -0.017019511)
(0.063989281 0.36099358 -0.015137439)
(0.076052893 0.33766978 -0.012430695)
(0.084208255 0.32075822 -0.0095491248)
(0.088969795 0.30825538 -0.0067824229)
(0.090842826 0.29886786 -0.0041731564)
(0.090414988 0.29174427 -0.0017240891)
(0.088175324 0.28620765 0.00058876734)
(0.084507167 0.28182666 0.0027696494)
(0.07977764 0.27829463 0.004808446)
(0.074336053 0.27536479 0.0066793957)
(0.068468675 0.27278209 0.0083739977)
(0.062386601 0.27022175 0.0098852756)
(0.056266822 0.2672385 0.011209515)
(0.050247168 0.263235 0.012345588)
(0.044430753 0.25761315 0.013292323)
(0.038897949 0.24986405 0.014047849)
(0.033706678 0.23971048 0.014606538)
(0.02889736 0.22717191 0.014961669)
(0.024496469 0.21254454 0.0151083)
(0.020517852 0.19631788 0.015045378)
(0.016964321 0.17906799 0.01477718)
(0.013828983 0.16136245 0.014313519)
(0.0110971 0.14369571 0.013669357)
(0.0087476413 0.1264575 0.012863623)
(0.0067549603 0.10992726 0.011917919)
(0.0050902598 0.094284905 0.010855172)
(0.0037230512 0.079629191 0.0096985284)
(0.0026222847 0.065997596 0.0084704153)
(0.0017572168 0.053384403 0.0071919046)
(0.0010982165 0.041755475 0.0058822338)
(0.00061757506 0.031059534 0.0045585561)
(0.00029042964 0.021236264 0.0032358226)
(9.578394e-05 0.01222187 0.0019285562)
(7.4155506e-06 0.0039526964 0.00064900063)
(0.022895159 0.48382926 -0.020159775)
(0.0097837966 0.40399052 -0.034642275)
(0.034688445 0.34653375 -0.03337435)
(0.047354568 0.30987503 -0.029208995)
(0.056418484 0.28796613 -0.023527257)
(0.062924738 0.27526086 -0.01760327)
(0.06696064 0.26805618 -0.011896179)
(0.06883278 0.2641262 -0.0064418418)
(0.068904662 0.2621479 -0.0012158631)
(0.067531488 0.26134396 0.0037459667)
(0.065010851 0.26118199 0.0084187533)
(0.061608106 0.26130023 0.01276403)
(0.057562541 0.2614223 0.016737357)
(0.053089028 0.26127044 0.02029663)
(0.048370559 0.260496 0.023420467)
(0.043561335 0.2586455 0.026104414)
(0.038788733 0.25519766 0.028349207)
(0.034152959 0.24965672 0.030149973)
(0.029735391 0.24168434 0.031503626)
(0.025597872 0.23119364 0.032408663)
(0.021783356 0.21836949 0.032859017)
(0.018318334 0.20362122 0.032855271)
(0.015213899 0.18749107 0.03241039)
(0.01246913 0.17055645 0.031548515)
(0.010073976 0.15335248 0.030301759)
(0.0080113724 0.13632529 0.028709807)
(0.0062589354 0.11981399 0.026818321)
(0.0047907506 0.10405336 0.024676179)
(0.0035791141 0.089188186 0.022332789)
(0.0025958247 0.075292091 0.019836098)
(0.0018133739 0.062386241 0.017231018)
(0.001205171 0.050455573 0.014558487)
(0.00074698787 0.039461689 0.011854846)
(0.00041601774 0.029352499 0.0091516367)
(0.00019484711 0.020069058 0.0064756083)
(6.1884808e-05 0.011550194 0.0038497081)
(5.0411215e-06 0.003735484 0.0012916952)
(0.021181009 0.47010586 -0.027460694)
(0.0031474145 0.36659695 -0.04580925)
(0.022945333 0.2972879 -0.043708161)
(0.029418883 0.25913205 -0.03826917)
(0.03510471 0.24090089 -0.030850606)
(0.039454021 0.23358672 -0.023183243)
(0.042252191 0.23193009 -0.015696556)
(0.043674432 0.23313706 -0.008408442)
(0.043913136 0.23573805 -0.0013159426)
(0.043181251 0.23895421 0.0055349788)
(0.0416546 0.242268 0.012064611)
(0.039486262 0.24531636 0.018176103)
(0.03682921 0.24778778 0.023782092)
(0.033831824 0.2493481 0.028814879)
(0.030629465 0.24960147 0.033229919)
(0.027342226 0.24810177 0.037000633)
(0.024073871 0.24442075 0.04010919)
(0.020911257 0.23824857 0.042539852)
(0.017922875 0.22948359 0.044277197)
(0.015158626 0.21826988 0.045315794)
(0.012658266 0.20497011 0.045671108)
(0.010442195 0.19009132 0.045377741)
(0.0084907166 0.17419642 0.044478699)
(0.0068078954 0.1578262 0.043011522)
(0.005384636 0.14144672 0.041032186)
(0.0041931345 0.12542495 0.038612659)
(0.0032093954 0.11002562 0.035828967)
(0.002408501 0.095421749 0.032756052)
(0.0017658027 0.081711513 0.029464962)
(0.0012580845 0.068936219 0.026021088)
(0.00086429412 0.057096646 0.022482969)
(0.00056566437 0.046166459 0.018901786)
(0.00034565363 0.036102509 0.015321278)
(0.0001902502 0.026852321 0.01177804)
(8.7700118e-05 0.018359303 0.0083019981)
(2.8091811e-05 0.010566197 0.004917734)
(2.216525e-06 0.0034172553 0.0016433993)
(0.019557242 0.45748485 -0.032248501)
(-0.002337072 0.33572623 -0.051497055)
(0.013416606 0.26025939 -0.049254114)
(0.014351627 0.22496444 -0.04331617)
(0.017307001 0.21213901 -0.035006842)
(0.019518574 0.20992424 -0.026448481)
(0.020871192 0.21235313 -0.017955975)
(0.0214815 0.21667877 -0.0095690434)
(0.021450453 0.22165124 -0.0013256272)
(0.020881027 0.22666151 0.0067023509)
(0.019867215 0.23131255 0.014400598)
(0.018497851 0.23526936 0.021640375)
(0.016863871 0.23818308 0.028301703)
(0.015055503 0.23966497 0.034285103)
(0.013159151 0.23930301 0.039512706)
(0.011255604 0.23671874 0.043927163)
(0.0094151827 0.23164781 0.047487511)
(0.0076941391 0.22401195 0.050167763)
(0.006143858 0.21395122 0.051957004)
(0.0047970838 0.20180411 0.052866743)
(0.0036496925 0.18804596 0.052928346)
(0.0026705396 0.17321011 0.052196088)
(0.0018942132 0.15781582 0.050736255)
(0.0013186284 0.14231783 0.048643152)
(0.00087697367 0.1270803 0.046015992)
(0.00055005278 0.11237148 0.042953661)
(0.00032138396 0.09837195 0.03955155)
(0.00016801618 0.085189475 0.035898291)
(7.0568437e-05 0.072875475 0.032073643)
(1.3522772e-05 0.061440431 0.028147465)
(-1.5444492e-05 0.050866788 0.024179492)
(-2.6260134e-05 0.041119037 0.020219677)
(-2.5919106e-05 0.032151182 0.016308928)
(-2.0260794e-05 0.023912014 0.012480016)
(-1.0972145e-05 0.016348693 0.0087585581)
(-6.2617623e-06 0.0094090542 0.0051659259)
(-8.0895609e-08 0.0030430288 0.0017179571)
(0.018018627 0.44619516 -0.03487575)
(-0.0078605918 0.31085026 -0.052621101)
(0.0049249981 0.23381258 -0.051804792)
(0.0014149577 0.20414885 -0.04504689)
(0.0023003677 0.19708486 -0.036462748)
(0.0026161677 0.19912276 -0.027543178)
(0.002689229 0.20427861 -0.018555261)
(0.0025186263 0.21018801 -0.0096035056)
(0.0021264572 0.21593213 -0.00077053184)
(0.0015541868 0.22110174 0.0078407458)
(0.00085254926 0.22541578 0.016101644)
(6.6375077e-05 0.22857949 0.023865212)
(-0.00075359626 0.23025172 0.030986255)
(-0.0015602525 0.23007253 0.037335404)
(-0.0023079878 0.227723 0.042806203)
(-0.002952353 0.22299587 0.047318426)
(-0.0034599508 0.215853 0.050819354)
(-0.0038204248 0.20644742 0.053280855)
(-0.0039987968 0.19510323 0.054700356)
(-0.0040182012 0.18226141 0.05513486)
(-0.0038999406 0.16841104 0.054658854)
(-0.003680343 0.15402749 0.053359644)
(-0.0033622703 0.13952859 0.05134914)
(-0.002991025 0.1252516 0.048749522)
(-0.0025999767 0.1114476 0.045683215)
(-0.0022037913 0.098287941 0.042262163)
(-0.0018203385 0.085877106 0.038586856)
(-0.0014632045 0.074267327 0.034745894)
(-0.0011413592 0.063472438 0.030815143)
(-0.00085995979 0.05347962 0.026857859)
(-0.00062129559 0.044258679 0.022925511)
(-0.00042537791 0.035768995 0.019059006)
(-0.00027059675 0.027964488 0.015290033)
(-0.00015414101 0.020797035 0.01164243)
(-7.3588054e-05 0.014218713 0.00813347)
(-2.3899961e-05 0.0081831962 0.0047767576)
(-1.8089516e-06 0.0026465756 0.0015810649)
(0.016704922 0.43598093 -0.035213621)
(-0.012676087 0.29073949 -0.050012694)
(-0.003573201 0.21472526 -0.051101671)
(-0.01015026 0.19035536 -0.043830109)
(-0.011544661 0.18790504 -0.035548338)
(-0.012769738 0.19277978 -0.026739113)
(-0.01370337 0.19940038 -0.01772486)
(-0.014430409 0.20582819 -0.0086847661)
(-0.014995477 0.21137442 0.00024690158)
(-0.015417149 0.21573336 0.0089338543)
(-0.015686796 0.21869604 0.017224131)
(-0.015796784 0.2200286 0.024952324)
(-0.015734392 0.21948255 0.031954227)
(-0.015487497 0.21684477 0.0380817)
(-0.015047817 0.21199769 0.043215616)
(-0.014417865 0.20496361 0.04727114)
(-0.01363168 0.19592088 0.050208271)
(-0.01265753 0.18518293 0.05202764)
(-0.011564511 0.17315199 0.052804947)
(-0.010425979 0.16026329 0.052611391)
(-0.0092376063 0.1469353 0.051555381)
(-0.0080531473 0.1335343 0.049763746)
(-0.0069076074 0.12035565 0.047371966)
(-0.0058277284 0.10761964 0.044513566)
(-0.0048326624 0.095477218 0.041309781)
(-0.0039346502 0.0840209 0.037867279)
(-0.003140149 0.073297374 0.034277899)
(-0.0024505974 0.063319419 0.030618563)
(-0.0018635542 0.054076096 0.026951881)
(-0.0013738516 0.045540839 0.023327517)
(-0.00097433352 0.037677565 0.01978373)
(-0.00065702941 0.03044507 0.016349109)
(-0.00041296481 0.023800085 0.013044134)
(-0.0002337187 0.01769931 0.0098826803)
(-0.00010962052 0.012100702 0.0068733091)
(-3.7455989e-05 0.0069642436 0.0040207787)
(-2.3947136e-06 0.002252355 0.0013252642)
(0.015365186 0.42645195 -0.033008643)
(-0.017073439 0.27298194 -0.045060822)
(-0.012574347 0.19958516 -0.046264243)
(-0.021022642 0.17926801 -0.03995024)
(-0.024698004 0.17935573 -0.03243997)
(-0.027306958 0.18508098 -0.024283003)
(-0.029011708 0.19162914 -0.015787694)
(-0.030014175 0.1974438 -0.0071901568)
(-0.030445653 0.20192761 0.0013154681)
(-0.03039879 0.20478649 0.0095458863)
(-0.029929183 0.20585096 0.017321054)
(-0.029082094 0.20497786 0.02445709)
(-0.027895789 0.20207445 0.030781788)
(-0.026411235 0.19712875 0.036147734)
(-0.024675406 0.19023874 0.040455382)
(-0.022744992 0.18161631 0.043656898)
(-0.020683388 0.17156641 0.045752821)
(-0.018541625 0.16045277 0.046799541)
(-0.016411826 0.14865519 0.046888768)
(-0.014320346 0.136531 0.046136526)
(-0.012323294 0.12438955 0.044672377)
(-0.010458804 0.11247902 0.042634268)
(-0.0087520941 0.10098414 0.040155388)
(-0.0072177035 0.090031385 0.037357158)
(-0.0058612149 0.079698232 0.034345496)
(-0.0046809849 0.070023561 0.031209777)
(-0.0036699449 0.061017562 0.028023133)
(-0.0028172972 0.052670206 0.024843768)
(-0.0021098788 0.04495803 0.021716614)
(-0.0015333307 0.037849283 0.0186753)
(-0.001072905 0.031307676 0.015743987)
(-0.00071406831 0.025295009 0.01293914)
(-0.00044310658 0.019772939 0.010271051)
(-0.00024710366 0.014704121 0.0077451919)
(-0.00011526357 0.010052904 0.0053633204)
(-3.7168689e-05 0.0057857088 0.0031247618)
(-2.5352824e-06 0.0018712046 0.0010254278)
(0.014091502 0.41805829 -0.027989001)
(-0.021576659 0.25784012 -0.037777553)
(-0.021327726 0.18693803 -0.038558968)
(-0.031339916 0.16890984 -0.033585807)
(-0.036906542 0.16899738 -0.027391797)
(-0.040697499 0.17326291 -0.020482857)
(-0.042928388 0.17790278 -0.013135504)
(-0.043913597 0.18172805 -0.0056138359)
(-0.043885311 0.18419323 0.0018465023)
(-0.043030271 0.1849964 0.0090221965)
(-0.041497311 0.18399889 0.015715409)
(-0.039419202 0.18114151 0.021730761)
(-0.036912382 0.17646589 0.026914221)
(-0.034090055 0.17010974 0.031157421)
(-0.031061602 0.16229356 0.03439675)
(-0.027930729 0.15330231 0.036625156)
(-0.024792378 0.14345492 0.037886475)
(-0.021728319 0.13307268 0.038265733)
(-0.018807222 0.1224521 0.03787224)
(-0.016079156 0.11184696 0.036829894)
(-0.013579752 0.10145971 0.03526833)
(-0.011328776 0.091440853 0.033311801)
(-0.0093329471 0.081893576 0.031072667)
(-0.0075886541 0.072881348 0.028648208)
(-0.0060846465 0.064436262 0.026119516)
(-0.0048046332 0.05656695 0.023551987)
(-0.0037292341 0.049265377 0.02099668)
(-0.0028376746 0.042512303 0.018492175)
(-0.0021089611 0.036281454 0.016066543)
(-0.0015227363 0.030542587 0.013739258)
(-0.0010597609 0.025263658 0.011522921)
(-0.00070256891 0.020412308 0.0094247544)
(-0.00043488521 0.015956834 0.007447873)
(-0.00024281029 0.011866801 0.0055923249)
(-0.00011229815 0.0081133927 0.0038559386)
(-3.8027205e-05 0.004669595 0.0022365573)
(-2.2431054e-06 0.0015102541 0.00073033225)
(0.013014129 0.4118594 -0.020422948)
(-0.025501074 0.24657079 -0.028004798)
(-0.028575689 0.17687517 -0.028364486)
(-0.040154863 0.15922497 -0.025068058)
(-0.047227576 0.15714431 -0.02073804)
(-0.051912105 0.15801066 -0.015708403)
(-0.054403877 0.15908542 -0.010202449)
(-0.055111122 0.15960207 -0.004465361)
(-0.054379176 0.15915604 0.0012617406)
(-0.052508623 0.15749236 0.0067706377)
(-0.049758666 0.15451055 0.011863266)
(-0.046372651 0.15019313 0.016367802)
(-0.042560805 0.14462243 0.020158993)
(-0.038507352 0.1379581 0.023159057)
(-0.034371879 0.13041271 0.025345358)
(-0.030288097 0.12222595 0.02673743)
(-0.026363075 0.11363986 0.027394721)
(-0.022676734 0.10487844 0.027404269)
(-0.019283602 0.096134272 0.026867963)
(-0.016215455 0.087562229 0.025892519)
(-0.013484933 0.079278853 0.024581277)
(-0.011089389 0.071365609 0.023028266)
(-0.0090149653 0.063874208 0.021314705)
(-0.0072401772 0.056832589 0.019508288)
(-0.0057390942 0.050250611 0.017663763)
(-0.0044836396 0.044125009 0.01582367)
(-0.003445438 0.038443414 0.014019928)
(-0.0025970299 0.033187486 0.012275568)
(-0.0019126986 0.02833525 0.010606401)
(-0.0013688324 0.023862789 0.0090224993)
(-0.00094424923 0.019745443 0.0075294649)
(-0.00062006927 0.015958629 0.0061295035)
(-0.00037977607 0.012478386 0.0048222867)
(-0.00020890803 0.0092817251 0.00360566)
(-9.6445007e-05 0.0063468326 0.0024762174)
(-3.0014818e-05 0.0036531808 0.001430973)
(-2.0814532e-06 0.0011815701 0.0004655653)
(0.013209023 0.408249 -0.011201504)
(-0.028039298 0.2396863 -0.015957594)
(-0.033695862 0.17004636 -0.01629331)
(-0.046468907 0.15185338 -0.014911965)
(-0.054564826 0.14687192 -0.012924526)
(-0.059782671 0.14385564 -0.010376195)
(-0.062302254 0.14090404 -0.0073763797)
(-0.062607771 0.1376849 -0.004088702)
(-0.061124413 0.13404033 -0.00068885319)
(-0.058291804 0.1298627 0.0026559624)
(-0.054485221 0.12509047 0.005783976)
(-0.05002191 0.11972901 0.0085617292)
(-0.045191242 0.11383217 0.010900683)
(-0.040233843 0.1074953 0.012744647)
(-0.035342812 0.10083579 0.014075853)
(-0.030658967 0.093979994 0.014910951)
(-0.026286331 0.087053552 0.015294346)
(-0.022289581 0.080168741 0.015286311)
(-0.018702044 0.073419391 0.014954741)
(-0.015532119 0.066879117 0.014368369)
(-0.012769895 0.060602042 0.013591715)
(-0.010392423 0.054624893 0.012682159)
(-0.0083685601 0.048970038 0.011688344)
(-0.0066637929 0.043648714 0.010649739)
(-0.0052421796 0.038663361 0.0095974722)
(-0.0040680121 0.034009777 0.0085553021)
(-0.0031078422 0.029679127 0.0075410757)
(-0.002330961 0.025659361 0.006567529)
(-0.0017097305 0.021936291 0.0056432214)
(-0.0012197548 0.018494412 0.0047734366)
(-0.00083960694 0.015317516 0.0039608465)
(-0.00055099783 0.012389155 0.0032061383)
(-0.00033785623 0.0096929776 0.0025084572)
(-0.00018697621 0.0072129842 0.0018658355)
(-8.5591249e-05 0.0049337023 0.0012755293)
(-2.8830293e-05 0.0028403133 0.00073463824)
(-1.6073999e-06 0.00091873567 0.00023852763)
(0.013727804 0.40668336 -0.0013077586)
(-0.02934883 0.236783 -0.0021342549)
(-0.036238894 0.16740821 -0.0029785522)
(-0.049616429 0.14899485 -0.0038013113)
(-0.058179804 0.14262805 -0.004491699)
(-0.063586652 0.13746775 -0.0048529692)
(-0.066030009 0.1321268 -0.0048268631)
(-0.066037664 0.12654153 -0.0044377973)
(-0.064097057 0.12074325 -0.0037611475)
(-0.060688973 0.11477044 -0.0028920388)
(-0.056257614 0.10866355 -0.0019146063)
(-0.051189792 0.10247063 -0.00091968384)
(-0.045815117 0.096236347 2.5044543e-05)
(-0.040393864 0.09000701 0.00086382814)
(-0.035132933 0.083832283 0.0015597206)
(-0.030178592 0.077755102 0.002101017)
(-0.025625992 0.071815453 0.0024891122)
(-0.021526807 0.066048078 0.0027354732)
(-0.017899006 0.060481531 0.0028578748)
(-0.014735666 0.055138097 0.0028770631)
(-0.01201292 0.050034196 0.0028141097)
(-0.0096962567 0.045181025 0.002688802)
(-0.0077456501 0.040585259 0.0025189171)
(-0.0061194812 0.036249713 0.0023194538)
(-0.0047762024 0.032173797 0.0021021056)
(-0.0036770979 0.028354348 0.0018765893)
(-0.0027868492 0.024785966 0.0016504746)
(-0.0020732664 0.021461212 0.0014296414)
(-0.0015080666 0.018371134 0.0012184082)
(-0.0010666082 0.015505617 0.0010198079)
(-0.00072760547 0.012853697 0.00083575983)
(-0.00047276164 0.010403851 0.00066725812)
(-0.00028670167 0.0081442513 0.00051452441)
(-0.00015621143 0.006062993 0.00037717861)
(-7.1419569e-05 0.0041482759 0.00025438588)
(-2.1948322e-05 0.0023885571 0.00014530572)
(-1.3962253e-06 0.00077266952 4.7366576e-05)
(0.013474784 0.40681553 0.0088547477)
(-0.029207886 0.23755835 0.012249366)
(-0.036008564 0.16947932 0.010704483)
(-0.049327849 0.15234352 0.0075789934)
(-0.057843645 0.14721198 0.0041011738)
(-0.063231121 0.14307917 0.00069202078)
(-0.065673437 0.13843893 -0.0024093297)
(-0.065698759 0.13321697 -0.0050759101)
(-0.063786038 0.12746128 -0.0072579083)
(-0.060400977 0.12126687 -0.0089516867)
(-0.055980512 0.11471807 -0.010177379)
(-0.050913085 0.10795018 -0.010972759)
(-0.045532431 0.10107369 -0.011393728)
(-0.040104367 0.094187005 -0.011494599)
(-0.034838997 0.087393815 -0.011335774)
(-0.029885399 0.080753702 -0.010972041)
(-0.025340602 0.074316438 -0.010458202)
(-0.021256427 0.068119542 -0.0098415197)
(-0.017649875 0.062189031 -0.0091610546)
(-0.014512432 0.056541444 -0.0084478978)
(-0.011818312 0.051185928 -0.007726016)
(-0.0095312137 0.046126056 -0.0070138551)
(-0.0076099092 0.041361196 -0.0063234581)
(-0.0060108285 0.036887364 -0.0056627831)
(-0.0046920482 0.032698408 -0.0050365841)
(-0.0036146555 0.028786403 -0.0044469901)
(-0.0027424882 0.025141759 -0.0038947507)
(-0.002043556 0.021753744 -0.0033794019)
(-0.0014897791 0.018610758 -0.0028996757)
(-0.0010568099 0.015700566 -0.0024538741)
(-0.00072368281 0.013010529 -0.0020400996)
(-0.00047279119 0.010527801 -0.0016564592)
(-0.00028885173 0.008239521 -0.001301133)
(-0.00015956679 0.0061329705 -0.00097243495)
(-7.2626413e-05 0.0041957165 -0.00066881031)
(-2.49095e-05 0.002415722 -0.00038720893)
(-1.262453e-06 0.00078143537 -0.00012542521)
(0.012943242 0.40871537 0.018737215)
(-0.027710294 0.2419761 0.025797829)
(-0.033085347 0.17588952 0.023870562)
(-0.04577581 0.1610233 0.018599292)
(-0.053783359 0.15938158 0.012481821)
(-0.058973972 0.15890845 0.0062157036)
(-0.061529491 0.15752741 0.00018934765)
(-0.061913655 0.15490197 -0.0053540208)
(-0.060532523 0.15100702 -0.010259211)
(-0.057773254 0.14592336 -0.014439835)
(-0.053993966 0.13980342 -0.017845669)
(-0.049524489 0.13284149 -0.020457478)
(-0.044660172 0.12525 -0.022297294)
(-0.039653379 0.11724311 -0.023410597)
(-0.034711134 0.10902446 -0.023871362)
(-0.029990727 0.10077016 -0.023771999)
(-0.025597984 0.092625299 -0.023213121)
(-0.021601457 0.084704496 -0.022296111)
(-0.018033587 0.077090832 -0.021115469)
(-0.014900247 0.069839919 -0.019754611)
(-0.012186322 0.062984459 -0.018284105)
(-0.0098648691 0.056540359 -0.016760612)
(-0.007902152 0.050510892 -0.015227958)
(-0.0062594641 0.044889715 -0.013718967)
(-0.0048981355 0.039664352 -0.012256633)
(-0.0037808403 0.034818367 -0.010856713)
(-0.0028728743 0.03033293 -0.0095288996)
(-0.0021427724 0.02618793 -0.0082783019)
(-0.0015626109 0.022362755 -0.0071066823)
(-0.0011078819 0.018836819 -0.0060135015)
(-0.00075745388 0.015589925 -0.004996696)
(-0.0004931052 0.012602512 -0.0040532713)
(-0.00029937994 0.0098558173 -0.003179713)
(-0.00016308031 0.0073319765 -0.0023722707)
(-7.4842722e-05 0.0050140893 -0.0016271126)
(-2.2514646e-05 0.0028862479 -0.00093907618)
(-1.6259294e-06 0.00093354493 -0.0003039768)
(0.013258011 0.41272263 0.027730055)
(-0.024914905 0.25007481 0.037586017)
(-0.02785141 0.18540871 0.035816056)
(-0.039501225 0.17261183 0.028699098)
(-0.046627031 0.17481538 0.020301614)
(-0.051428751 0.17861002 0.0116251)
(-0.054108259 0.18110151 0.0031632535)
(-0.055029359 0.18168026 -0.0047874444)
(-0.054482915 0.18026577 -0.012031803)
(-0.052742551 0.17693401 -0.018435436)
(-0.050050565 0.17184421 -0.023892715)
(-0.046639506 0.16521388 -0.028325701)
(-0.042733052 0.15730633 -0.031696367)
(-0.0385402 0.14841508 -0.03401354)
(-0.03424768 0.13884371 -0.035334145)
(-0.030013273 0.12888378 -0.035758756)
(-0.025961418 0.11879611 -0.035410934)
(-0.022182118 0.10879889 -0.03442881)
(-0.018733095 0.099062662 -0.032952119)
(-0.015644096 0.089711424 -0.031112134)
(-0.012922427 0.080827826 -0.02902519)
(-0.01055865 0.072460367 -0.026788754)
(-0.008531892 0.064630988 -0.024482749)
(-0.00681429 0.057342051 -0.022169257)
(-0.0053745044 0.050582236 -0.019894497)
(-0.0041802383 0.044331222 -0.017691272)
(-0.0032000772 0.038563202 -0.015581531)
(-0.002404511 0.03324943 -0.013578687)
(-0.0017665841 0.028359994 -0.011689749)
(-0.0012622125 0.023864997 -0.0099170408)
(-0.00087004053 0.019735326 -0.0082596736)
(-0.00057169022 0.015943116 -0.0067146063)
(-0.00035096357 0.012462015 -0.0052775034)
(-0.00019441784 0.0092673078 -0.00394329)
(-8.9216272e-05 0.0063359548 -0.0027065459)
(-2.9964566e-05 0.0036465736 -0.0015618707)
(-1.7501232e-06 0.0011793846 -0.00050576355)
(0.014474145 0.41891625 0.034873372)
(-0.021019641 0.26161355 0.047290719)
(-0.020896995 0.19676033 0.046105847)
(-0.031347822 0.18456539 0.037424582)
(-0.037307916 0.189283 0.027224914)
(-0.041529016 0.19623052 0.016739892)
(-0.04422358 0.2016856 0.0064918271)
(-0.045649474 0.20485782 -0.0032336257)
(-0.045983921 0.20566657 -0.012262639)
(-0.045372445 0.20420865 -0.020461243)
(-0.043940243 0.2006097 -0.027701924)
(-0.041813529 0.19502149 -0.033852586)
(-0.039127573 0.18764598 -0.038809992)
(-0.03602706 0.17874658 -0.042519045)
(-0.032659878 0.16864049 -0.044984343)
(-0.029168456 0.15767479 -0.046269887)
(-0.025680876 0.14619588 -0.046489082)
(-0.022303756 0.1345216 -0.045789269)
(-0.019119029 0.12292187 -0.044334699)
(-0.01618352 0.11160964 -0.042291457)
(-0.013531043 0.10074054 -0.039815894)
(-0.011175808 0.090418592 -0.037046897)
(-0.0091167749 0.080704888 -0.03410207)
(-0.0073419223 0.071627086 -0.031076842)
(-0.0058319778 0.063188242 -0.028045648)
(-0.0045634339 0.055374302 -0.025064228)
(-0.0035108539 0.048160045 -0.022172532)
(-0.002648588 0.041513544 -0.019397638)
(-0.0019518689 0.035399391 -0.016756572)
(-0.0013975607 0.029780926 -0.014258721)
(-0.00096453969 0.024621721 -0.011907903)
(-0.00063376707 0.019886523 -0.0097039887)
(-0.00038855884 0.015541814 -0.0076441695)
(-0.00021413 0.011556104 -0.0057238738)
(-9.8936061e-05 0.0079000606 -0.0039374389)
(-3.1159596e-05 0.004546515 -0.0022781254)
(-2.1314704e-06 0.0014704068 -0.00074037948)
(0.015740852 0.4268759 0.039475289)
(-0.016762599 0.27590779 0.054780133)
(-0.012994995 0.20913579 0.054383674)
(-0.022260891 0.19549081 0.044399726)
(-0.026810083 0.20053991 0.032975799)
(-0.030287598 0.20880083 0.021317841)
(-0.032832741 0.21579852 0.0099539399)
(-0.034582513 0.22058706 -0.00088496277)
(-0.03561722 0.22312186 -0.011101958)
(-0.035982156 0.22351119 -0.02058556)
(-0.035709727 0.2218085 -0.029209099)
(-0.034839442 0.21802609 -0.036820786)
(-0.033425623 0.21219421 -0.043262144)
(-0.031542903 0.20442148 -0.048408678)
(-0.029284909 0.19492144 -0.052193071)
(-0.026757952 0.18400415 -0.054615906)
(-0.024072276 0.17204228 -0.055744082)
(-0.02133274 0.15942689 -0.055699325)
(-0.01863237 0.14652694 -0.054639901)
(-0.016046347 0.13366079 -0.052743017)
(-0.013631194 0.12108199 -0.050189785)
(-0.011424067 0.10897705 -0.047151653)
(-0.0094452123 0.097471326 -0.043781292)
(-0.0077011306 0.086639164 -0.040208675)
(-0.0061877702 0.076515134 -0.03654012)
(-0.0048937285 0.067104634 -0.032859401)
(-0.0038027767 0.058392834 -0.029230157)
(-0.0028960415 0.050351755 -0.025698893)
(-0.0021535859 0.042945565 -0.022298094)
(-0.0015555508 0.036134376 -0.019049144)
(-0.0010828504 0.029876861 -0.015964871)
(-0.00071792308 0.024131979 -0.013051709)
(-0.00044437009 0.018860055 -0.010311381)
(-0.00024800429 0.014023423 -0.0077422508)
(-0.0001148455 0.0095867536 -0.005340319)
(-3.865031e-05 0.0055171854 -0.003098777)
(-2.3900019e-06 0.0017843284 -0.0010108177)
(0.016978686 0.43544269 0.041441398)
(-0.012847903 0.29168267 0.060109713)
(-0.0046832502 0.22230156 0.060150515)
(-0.012967744 0.20530788 0.049418721)
(-0.015874429 0.20843422 0.037399777)
(-0.018510835 0.21616502 0.025131898)
(-0.020729403 0.2233698 0.013221543)
(-0.022558622 0.22886939 0.0018361327)
(-0.02400062 0.23260409 -0.009001894)
(-0.025034855 0.23466904 -0.019244378)
(-0.025642613 0.23504356 -0.02878407)
(-0.025805791 0.23358245 -0.037463488)
(-0.025521569 0.23010079 -0.045101594)
(-0.024806565 0.22447145 -0.051523753)
(-0.023697577 0.21669996 -0.056598403)
(-0.022251729 0.20695225 -0.060255467)
(-0.020542291 0.19553793 -0.062495156)
(-0.018647356 0.1828624 -0.06338639)
(-0.016656502 0.1693674 -0.06305104)
(-0.014642744 0.15547727 -0.061647768)
(-0.012672411 0.14156164 -0.059357009)
(-0.010801469 0.1279166 -0.056366833)
(-0.0090673511 0.1147607 -0.052853067)
(-0.0074944354 0.10224156 -0.048974148)
(-0.006095325 0.090447574 -0.044866572)
(-0.0048729142 0.079421085 -0.040643377)
(-0.0038228424 0.069170695 -0.036394918)
(-0.0029356814 0.059681676 -0.032191072)
(-0.0021988242 0.050924153 -0.02808406)
(-0.0015978532 0.042859217 -0.024111491)
(-0.0011177704 0.03544328 -0.020299216)
(-0.00074358269 0.028631076 -0.016663873)
(-0.00046101677 0.022377618 -0.013215028)
(-0.00025667152 0.016639434 -0.0099569144)
(-0.00011987143 0.011375281 -0.0068897956)
(-3.8099709e-05 0.0065465136 -0.0040099664)
(-2.8043923e-06 0.0021172264 -0.0013127292)
(0.018116822 0.44412927 0.041199746)
(-0.0088030218 0.30823227 0.063385044)
(0.002724839 0.23657533 0.062839416)
(-0.0038585478 0.21490033 0.052630078)
(-0.0049346309 0.21424451 0.04038299)
(-0.0066695308 0.21988398 0.027976294)
(-0.0083789126 0.22620021 0.01598256)
(-0.010026729 0.23166268 0.0044996091)
(-0.011563189 0.23607141 -0.0065080251)
(-0.012933868 0.23945799 -0.017045558)
(-0.014085933 0.2417409 -0.027035885)
(-0.014975375 0.2426613 -0.03633261)
(-0.015570131 0.24185312 -0.044746686)
(-0.015849071 0.23895605 -0.052088186)
(-0.015804689 0.23372199 -0.058193677)
(-0.015446125 0.22608715 -0.062942996)
(-0.014804738 0.21619661 -0.066275322)
(-0.013906874 0.20437776 -0.068192522)
(-0.012803574 0.19107963 -0.068769835)
(-0.011614629 0.17680013 -0.068122786)
(-0.010310223 0.16202067 -0.066395266)
(-0.0090005866 0.14716169 -0.063769128)
(-0.007720597 0.13255976 -0.060423178)
(-0.0065070381 0.11846336 -0.056530763)
(-0.0053865747 0.10504034 -0.052249236)
(-0.0043759 0.092391457 -0.047715636)
(-0.0034834363 0.080565458 -0.043045094)
(-0.0027110715 0.069573193 -0.038331223)
(-0.0020558096 0.059399427 -0.033647905)
(-0.0015112855 0.050012079 -0.029051749)
(-0.0010688381 0.041369073 -0.024584845)
(-0.00071879397 0.033423208 -0.020277371)
(-0.00045063579 0.026125464 -0.016149997)
(-0.00025435388 0.019427174 -0.012215905)
(-0.00011925864 0.013281363 -0.0084824617)
(-4.036442e-05 0.0076435247 -0.0049524767)
(-2.7085555e-06 0.0024720153 -0.0016270675)
(0.018875143 0.45293948 0.039152373)
(-0.0047187445 0.32632387 0.063939143)
(0.0087853932 0.25341723 0.062420057)
(0.0055447583 0.22581458 0.053733449)
(0.0057530843 0.22006242 0.041773604)
(0.0051946651 0.22242208 0.029655439)
(0.004218295 0.22700281 0.017958602)
(0.0029961671 0.2318349 0.0067283394)
(0.0016399462 0.23643835 -0.0041029261)
(0.00023076163 0.24069326 -0.014564251)
(-0.0011642143 0.2444401 -0.024591719)
(-0.0024919819 0.2473565 -0.034048995)
(-0.0037080643 0.24898402 -0.042760487)
(-0.0047722265 0.24881047 -0.050544861)
(-0.0056486247 0.24637366 -0.057237294)
(-0.0063072823 0.2413624 -0.062706659)
(-0.0067291727 0.23368697 -0.066864832)
(-0.0069188035 0.22349927 -0.06966998)
(-0.0068795443 0.21115988 -0.07112078)
(-0.006595051 0.1971669 -0.071300844)
(-0.0061860526 0.18207224 -0.070319408)
(-0.0056539222 0.1664088 -0.06829588)
(-0.005043219 0.15064095 -0.065392556)
(-0.0043978385 0.13513899 -0.061782098)
(-0.0037492291 0.1201747 -0.057624668)
(-0.0031238517 0.10593046 -0.053068095)
(-0.0025415033 0.092514832 -0.04824372)
(-0.0020153956 0.079979539 -0.043264069)
(-0.0015530488 0.068335165 -0.038222642)
(-0.0011574713 0.05756418 -0.033195032)
(-0.00082823008 0.047631064 -0.028240835)
(-0.00056231899 0.03848977 -0.023405834)
(-0.00035525945 0.030088983 -0.018724216)
(-0.00020136108 0.02237568 -0.014220607)
(-9.5569269e-05 0.015297437 -0.0099118793)
(-3.125511e-05 0.0088038381 -0.0058081766)
(-2.3445565e-06 0.0028472742 -0.001916165)
(0.019412866 0.46174796 0.035580369)
(-0.00084170711 0.34607997 0.061185802)
(0.014548687 0.27361816 0.060211715)
(0.014914262 0.24025508 0.052489374)
(0.016603514 0.22874165 0.041381098)
(0.0174659 0.22703414 0.029932383)
(0.01750578 0.22925252 0.018838479)
(0.016976926 0.23295219 0.0081467963)
(0.016055139 0.2373073 -0.0022134397)
(0.014842076 0.24192644 -0.012268797)
(0.013414908 0.24651892 -0.021952109)
(0.01183557 0.25071808 -0.031132943)
(0.01016154 0.25405467 -0.039651084)
(0.0084508962 0.25598358 -0.047348516)
(0.0067627187 0.25594381 -0.05408796)
(0.0051540557 0.25344504 -0.059759591)
(0.0036759387 0.24816299 -0.064282736)
(0.0023906762 0.24001241 -0.067607952)
(0.0012997394 0.2291694 -0.069718953)
(0.00044691443 0.21603491 -0.070615476)
(-0.00026628136 0.20115653 -0.070336193)
(-0.00071814943 0.18513515 -0.068984852)
(-0.00096995453 0.16854484 -0.066701277)
(-0.0011081998 0.15187961 -0.063615623)
(-0.0011341562 0.13552891 -0.059868446)
(-0.0010794673 0.11977529 -0.055599891)
(-0.00097296579 0.10480553 -0.05094227)
(-0.00083736871 0.090728159 -0.046015412)
(-0.00069009821 0.077592064 -0.040924191)
(-0.00054413876 0.065403461 -0.035757829)
(-0.00040858626 0.054139772 -0.030590318)
(-0.00028954425 0.04376031 -0.025481631)
(-0.00019018055 0.03421407 -0.020479227)
(-0.00011220489 0.025445169 -0.015619732)
(-5.4389531e-05 0.017396481 -0.010930535)
(-1.997706e-05 0.010011951 -0.006429902)
(-1.3418098e-06 0.0032379961 -0.0021306112)
(0.020064445 0.47062873 0.030840484)
(0.0018186825 0.36764199 0.05525932)
(0.020116549 0.29799768 0.055575132)
(0.024387658 0.2607386 0.048813522)
(0.028215395 0.24398114 0.038872474)
(0.030914241 0.23804037 0.028426004)
(0.032363146 0.23744948 0.018237204)
(0.032834407 0.23955247 0.0083879518)
(0.032552768 0.24307222 -0.0011714751)
(0.031664495 0.24734958 -0.010447192)
(0.030266914 0.2519206 -0.019360001)
(0.028445552 0.2563735 -0.027787474)
(0.026289011 0.26027991 -0.035592463)
(0.023889796 0.26316292 -0.042650132)
(0.021341799 0.26449216 -0.048861884)
(0.018737339 0.26371976 -0.054155129)
(0.016163748 0.26036257 -0.058476068)
(0.013698885 0.25410674 -0.061784118)
(0.011393756 0.24489037 -0.064056786)
(0.0093205841 0.23292662 -0.065304141)
(0.0075136892 0.21866029 -0.065561884)
(0.0059234768 0.20268025 -0.064872922)
(0.0046011013 0.18561978 -0.063281846)
(0.0035128603 0.16807405 -0.06087882)
(0.0026345323 0.15054754 -0.057774875)
(0.001939402 0.13343134 -0.0540878)
(0.0013994248 0.11700345 -0.049935123)
(0.00098761191 0.10144252 -0.045429035)
(0.00067940017 0.086847385 -0.04067272)
(0.0004533774 0.073257098 -0.035758183)
(0.00029130887 0.060668606 -0.03076529)
(0.00017819102 0.049051052 -0.025761759)
(0.00010180173 0.038356589 -0.02080375)
(5.2587824e-05 0.028528167 -0.015936834)
(2.2107916e-05 0.019504873 -0.011197083)
(7.2103896e-06 0.011225445 -0.0066111844)
(2.0558933e-07 0.0036304556 -0.0021997023)
(0.020721002 0.47995024 0.02523354)
(0.0040490998 0.39212425 0.046379961)
(0.026130206 0.32880611 0.047499663)
(0.034918045 0.2908633 0.042030981)
(0.041708118 0.27061419 0.033616701)
(0.046778546 0.26093091 0.024578744)
(0.050008683 0.2572283 0.015711903)
(0.051667517 0.25690166 0.0071435549)
(0.052049386 0.25850257 -0.0011404219)
(0.05138658 0.26118582 -0.009110449)
(0.049837674 0.26436124 -0.016692395)
(0.047546738 0.26760271 -0.023788383)
(0.044665677 0.27055375 -0.030297987)
(0.041347638 0.27285643 -0.036139014)
(0.037739085 0.27409232 -0.041257409)
(0.033974304 0.2737585 -0.045623999)
(0.03017192 0.27130928 -0.04922439)
(0.026436749 0.26625912 -0.05205351)
(0.022857179 0.2583077 -0.054105569)
(0.019501667 0.24742852 -0.055368783)
(0.016419937 0.2338858 -0.055839737)
(0.013642077 0.21817524 -0.055536871)
(0.011180745 0.20092145 -0.054494413)
(0.0090352975 0.18277388 -0.052761977)
(0.0071940352 0.16432551 -0.050406069)
(0.005637106 0.14606525 -0.047505771)
(0.0043394402 0.12836142 -0.044147279)
(0.0032734308 0.11146695 -0.040418701)
(0.002410902 0.095536522 -0.036405862)
(0.0017244744 0.080647822 -0.032189205)
(0.0011886023 0.066822268 -0.027841842)
(0.00077977621 0.054042665 -0.023428464)
(0.00047722603 0.04226712 -0.019005014)
(0.00026245982 0.031439366 -0.014618809)
(0.00012123091 0.021496027 -0.010308981)
(3.783481e-05 0.012371505 -0.0061070004)
(2.7891643e-06 0.0040011106 -0.0020392079)
(0.021710953 0.49003049 0.01844234)
(0.0078681066 0.42083125 0.03434622)
(0.033889716 0.36819055 0.035297773)
(0.047801617 0.33333282 0.0313204)
(0.058096005 0.31179986 0.024942245)
(0.065738353 0.298971 0.017940557)
(0.0707218 0.29155482 0.011058712)
(0.073345289 0.28747754 0.0044498455)
(0.074044556 0.28547997 -0.0018429337)
(0.073178682 0.2847433 -0.0077839755)
(0.071015913 0.28471565 -0.01333726)
(0.067813097 0.28502809 -0.018449114)
(0.063817344 0.28540708 -0.023067008)
(0.059258575 0.2856006 -0.027153462)
(0.054342939 0.28529744 -0.030694286)
(0.04924392 0.2840621 -0.033683207)
(0.044110804 0.28134285 -0.036131714)
(0.039064496 0.27654638 -0.038061752)
(0.034201753 0.26917512 -0.039481846)
(0.029598952 0.25896923 -0.040392757)
(0.02531374 0.24598085 -0.040791626)
(0.021385875 0.23055823 -0.04067702)
(0.01783844 0.21325904 -0.040055507)
(0.014679846 0.19473532 -0.038945713)
(0.011906167 0.17562909 -0.037379355)
(0.0095036626 0.15650048 -0.035399708)
(0.0074512887 0.13779214 -0.033058649)
(0.0057229949 0.11982276 -0.030413127)
(0.004289781 0.1027991 -0.027521887)
(0.0031213482 0.086836417 -0.02444268)
(0.0021874028 0.071980881 -0.021230216)
(0.0014586569 0.058229855 -0.017934738)
(0.00090726086 0.045548511 -0.014601196)
(0.00050780014 0.033882501 -0.011268845)
(0.00023730376 0.023167068 -0.0079711755)
(7.8009735e-05 0.013333293 -0.0047356997)
(5.640158e-06 0.0043121655 -0.0015861727)
(0.022919682 0.49900386 0.0097165831)
(0.012855346 0.44840433 0.01812443)
(0.042453104 0.40802119 0.018386872)
(0.060992356 0.37832488 0.016062817)
(0.0743562 0.35700571 0.012402474)
(0.083972368 0.34160396 0.0083792776)
(0.090051315 0.33027558 0.004467292)
(0.093053451 0.32179069 0.0008074089)
(0.093563091 0.31529987 -0.0025773592)
(0.092050347 0.31022656 -0.0056884963)
(0.088929393 0.30617949 -0.0085137454)
(0.084583886 0.30288097 -0.011040657)
(0.07935309 0.30011556 -0.013265268)
(0.073531731 0.29767353 -0.015186892)
(0.067364917 0.29529541 -0.016811896)
(0.061059084 0.29259214 -0.018153814)
(0.05477881 0.28898595 -0.019232924)
(0.048647766 0.28381434 -0.020066372)
(0.042761994 0.27645152 -0.020665491)
(0.037194243 0.26646711 -0.021034469)
(0.031998036 0.25374308 -0.021171945)
(0.027210997 0.23849343 -0.021074505)
(0.022856717 0.22119573 -0.020740582)
(0.018946103 0.20247544 -0.020173468)
(0.015478814 0.18298842 -0.019382841)
(0.012444702 0.16333199 -0.018384797)
(0.0098256375 0.14399428 -0.017200832)
(0.0075972425 0.12533768 -0.015856292)
(0.0057306923 0.10760526 -0.014378691)
(0.0041943635 0.090939602 -0.012796204)
(0.002955329 0.075405518 -0.011136396)
(0.0019802935 0.06101182 -0.0094253167)
(0.0012369712 0.047729662 -0.0076868324)
(0.00069445197 0.035506828 -0.0059422423)
(0.0003266024 0.024278161 -0.0042100669)
(0.00010616152 0.013972806 -0.0025049837)
(8.1296195e-06 0.0045189931 -0.00084006253)
(0.023478393 0.50265878 -0.00075918118)
(0.015232557 0.46001948 -0.0017634776)
(0.046240357 0.42493466 -0.0023399339)
(0.066504801 0.39744709 -0.0028243409)
(0.080919868 0.3760783 -0.0031559872)
(0.091090444 0.35931724 -0.0033391834)
(0.097407549 0.34601591 -0.003386743)
(0.10036623 0.33534816 -0.0032953332)
(0.10058486 0.32671207 -0.0030941149)
(0.098658435 0.31966169 -0.0028010345)
(0.095078027 0.31385936 -0.0024276913)
(0.090242181 0.30904519 -0.0020073056)
(0.084507419 0.30500615 -0.0015606418)
(0.078194812 0.30153171 -0.0011081012)
(0.071567198 0.2983494 -0.00066799302)
(0.064833674 0.29505384 -0.00025375065)
(0.058157541 0.2910718 0.00012368902)
(0.051663242 0.28571295 0.0004581452)
(0.045443718 0.27830587 0.00074658474)
(0.039567704 0.26836636 0.00098793157)
(0.034085334 0.2557214 0.0011824458)
(0.029031737 0.24053939 0.0013312733)
(0.024429055 0.22326815 0.0014361587)
(0.020287743 0.20452006 0.0014993469)
(0.016607624 0.18495137 0.0015235514)
(0.013379182 0.16516817 0.0015119508)
(0.010584922 0.14567107 0.0014681559)
(0.00820097 0.12683509 0.0013960873)
(0.0061986536 0.10891425 0.0012998406)
(0.0045461624 0.092059523 0.0011834889)
(0.0032098767 0.076341586 0.0010509229)
(0.0021557031 0.061772939 0.00090570979)
(0.0013499301 0.048326756 0.00075101395)
(0.00076053163 0.035951647 0.00058955966)
(0.00035781055 0.024582492 0.00042365447)
(0.00011862022 0.014147988 0.000256133)
(8.7754731e-06 0.0045756523 8.8327329e-05)
(0.022787052 0.49860967 -0.011098129)
(0.01223345 0.44660491 -0.021334893)
(0.041318951 0.404527 -0.022658034)
(0.059086708 0.37326583 -0.021245667)
(0.07182464 0.35075405 -0.01823627)
(0.080940428 0.33458827 -0.014614417)
(0.086665413 0.32289334 -0.010867705)
(0.089430656 0.31435797 -0.0071427982)
(0.089799298 0.30807644 -0.0034629976)
(0.088270154 0.30340663 0.00014113633)
(0.085224739 0.29989517 0.0036102194)
(0.081016886 0.29721072 0.0068910959)
(0.075980744 0.29508541 0.0099369271)
(0.070387716 0.29326719 0.012704001)
(0.064466981 0.29144824 0.015161291)
(0.058410442 0.28919667 0.017293243)
(0.052373279 0.28593404 0.019095975)
(0.046477812 0.28099765 0.020573295)
(0.040818201 0.27377927 0.021728395)
(0.035465909 0.26388217 0.022561659)
(0.030474107 0.25122446 0.023071458)
(0.025880218 0.23604959 0.023256745)
(0.021707476 0.21885304 0.023120222)
(0.017966229 0.20026646 0.02267086)
(0.014655388 0.1809431 0.021925034)
(0.011764124 0.16147261 0.020906354)
(0.0092736983 0.14233382 0.019644405)
(0.0071593781 0.12388036 0.01817294)
(0.0053922672 0.10634827 0.016527851)
(0.0039409252 0.089875156 0.014745333)
(0.0027729045 0.074522709 0.012860322)
(0.0018556336 0.060298148 0.010905371)
(0.0011576997 0.047172139 0.0089098738)
(0.00064925162 0.035092707 0.006899683)
(0.000304929 0.023995378 0.0048969697)
(9.9100505e-05 0.013810212 0.0029204337)
(7.5069861e-06 0.0044664316 0.00098375572)
(0.021431592 0.48940284 -0.01947538)
(0.0068957267 0.41818354 -0.036823932)
(0.032163768 0.36313689 -0.038665815)
(0.044965472 0.3261322 -0.035530169)
(0.05443521 0.30302253 -0.029818132)
(0.061406419 0.2892062 -0.02330907)
(0.065863019 0.28130489 -0.016735639)
(0.068135482 0.27714206 -0.010255841)
(0.06862712 0.2753463 -0.0038886363)
(0.067661236 0.2750428 0.0023237759)
(0.065532295 0.27564854 0.008304792)
(0.062485131 0.2767154 0.01397742)
(0.058730976 0.27789704 0.019247023)
(0.054468772 0.27886891 0.024033277)
(0.049881715 0.27925397 0.028281949)
(0.045131409 0.27857164 0.031964051)
(0.040352342 0.27624408 0.03506026)
(0.035658431 0.27168689 0.037564967)
(0.031142108 0.26444618 0.039479659)
(0.026876015 0.25431996 0.040799759)
(0.022914969 0.24141565 0.041521387)
(0.019296333 0.22612139 0.041646624)
(0.016040912 0.20901426 0.041188771)
(0.013154726 0.1907474 0.040175611)
(0.010631713 0.17195156 0.038648721)
(0.0084565516 0.15316985 0.036660922)
(0.0066072603 0.13482717 0.034273376)
(0.0050574494 0.11722688 0.031551822)
(0.0037783496 0.10056404 0.028562935)
(0.0027404077 0.084945978 0.025371375)
(0.0019145088 0.070414187 0.022037545)
(0.001272876 0.056963838 0.018616149)
(0.00078941702 0.044559668 0.015155386)
(0.00044057777 0.033148027 0.011696694)
(0.00020530538 0.022665517 0.0082748561)
(6.7201335e-05 0.013044897 0.0049187893)
(4.8187934e-06 0.0042189341 0.0016502385)
(0.020289989 0.47932039 -0.025810186)
(0.0030426762 0.38957094 -0.048016087)
(0.024320172 0.32383865 -0.049889312)
(0.032031638 0.28378188 -0.045292899)
(0.038145684 0.26208134 -0.037613274)
(0.042649882 0.25155941 -0.029162222)
(0.045407082 0.24747231 -0.020717581)
(0.046709579 0.24707343 -0.012406759)
(0.04685306 0.2488163 -0.0042261273)
(0.046050845 0.2518016 0.0038018577)
(0.044472844 0.25542786 0.011603198)
(0.042260121 0.25921986 0.019052876)
(0.03954514 0.26275996 0.026017408)
(0.036460388 0.26562079 0.032378943)
(0.033134335 0.26731944 0.038046977)
(0.029687152 0.26731174 0.042959068)
(0.026227287 0.26504615 0.047073422)
(0.022849016 0.26006943 0.050360818)
(0.019632054 0.25214002 0.052802604)
(0.016637428 0.24129593 0.054382746)
(0.013907633 0.22785271 0.055098398)
(0.011467228 0.2123342 0.05497355)
(0.0093280659 0.19536971 0.05405404)
(0.0074757246 0.17759574 0.052404107)
(0.0059042826 0.15958271 0.050098572)
(0.0045889564 0.1417946 0.047225928)
(0.0035039158 0.1245771 0.043881093)
(0.0026218848 0.10816518 0.040159325)
(0.0019156915 0.092700691 0.036151983)
(0.0013595446 0.078253222 0.031943522)
(0.00092984228 0.064839808 0.027609674)
(0.00060532146 0.052441614 0.023216514)
(0.0003675831 0.041016946 0.018820322)
(0.00020048395 0.030510875 0.014467923)
(9.1916278e-05 0.020861986 0.010197379)
(2.8158121e-05 0.012006913 0.0060397298)
(2.0920559e-06 0.003883245 0.0020179384)
(0.019428775 0.47016659 -0.030886877)
(0.00069362569 0.36558925 -0.056069708)
(0.018482074 0.29354654 -0.057152063)
(0.021866937 0.25415941 -0.051387369)
(0.025287492 0.23606434 -0.042256754)
(0.027618994 0.22948786 -0.032451368)
(0.028743905 0.22871334 -0.022737199)
(0.028947178 0.23086221 -0.01321118)
(0.028459406 0.23454964 -0.00384277)
(0.027429218 0.23906276 0.0053656678)
(0.02596266 0.24391889 0.014342365)
(0.024148841 0.24868022 0.022952725)
(0.022072064 0.25287888 0.031036714)
(0.019816406 0.25599214 0.038439743)
(0.017465947 0.25745429 0.045029953)
(0.015103042 0.25670949 0.050702674)
(0.012805601 0.25330088 0.055377355)
(0.010641924 0.24696783 0.058994809)
(0.008649818 0.23771086 0.0615237)
(0.0068896938 0.2257952 0.062975121)
(0.0053987596 0.2116959 0.063395619)
(0.0041173313 0.19600688 0.062825411)
(0.0030714771 0.17934611 0.0613308)
(0.0022376249 0.16228213 0.059010711)
(0.0015953838 0.14528927 0.055986827)
(0.0011039579 0.12873071 0.052383833)
(0.00074028883 0.11286172 0.048324092)
(0.00047868898 0.097844375 0.043922812)
(0.00029611844 0.083766652 0.039284668)
(0.00017320654 0.070661389 0.034501865)
(9.4040212e-05 0.058522803 0.029653454)
(4.5953057e-05 0.047319699 0.024805538)
(1.9031554e-05 0.037005415 0.020012094)
(5.8368201e-06 0.02752496 0.015316136)
(2.2899815e-07 0.018819903 0.010751047)
(-3.5406052e-07 0.010831587 0.006342972)
(-2.8107006e-07 0.0035031314 0.0021100812)
(0.018629939 0.46162476 -0.03504432)
(-0.0019825574 0.34469843 -0.061351005)
(0.013188366 0.26955777 -0.061327422)
(0.012985112 0.23374702 -0.054686103)
(0.014526639 0.22081934 -0.044419322)
(0.015195906 0.21859512 -0.033623971)
(0.015059519 0.22080088 -0.023010446)
(0.014371692 0.22473566 -0.01265998)
(0.013307198 0.22935733 -0.0025263374)
(0.011981949 0.23422522 0.0074017424)
(0.010482019 0.23901726 0.017059648)
(0.0088779969 0.24335322 0.026309135)
(0.0072319198 0.24674981 0.034972347)
(0.0056023399 0.24865303 0.042866491)
(0.0040452448 0.24850966 0.049826484)
(0.0026112201 0.24586073 0.05571704)
(0.0013419143 0.24043304 0.06043897)
(0.00028691649 0.2321984 0.063933378)
(-0.00054375576 0.22137988 0.066181988)
(-0.0011806111 0.20840461 0.067189617)
(-0.0016352072 0.19382199 0.066994709)
(-0.0018579647 0.17821544 0.06573058)
(-0.0019234615 0.16213007 0.063541788)
(-0.0018791219 0.14602748 0.060567375)
(-0.0017497984 0.13026711 0.056950715)
(-0.0015635159 0.115107 0.052834308)
(-0.0013466611 0.10071587 0.04835054)
(-0.0011198893 0.087190231 0.043618193)
(-0.0008985065 0.074571984 0.03874033)
(-0.00069334314 0.062864107 0.03380382)
(-0.00051141099 0.052043409 0.028879908)
(-0.00035682732 0.042070284 0.024025538)
(-0.00023111585 0.0328958 0.019284973)
(-0.00013436333 0.024466646 0.014691581)
(-6.4732733e-05 0.016728442 0.01026955)
(-2.2698312e-05 0.0096278449 0.0060357559)
(-1.6560331e-06 0.0031138261 0.0019994753)
(0.018193596 0.45331613 -0.038093743)
(-0.0054339464 0.32572529 -0.063637991)
(0.0080802263 0.24956175 -0.063325649)
(0.0044804744 0.21892504 -0.05574885)
(0.0047072768 0.21155778 -0.04465409)
(0.0040700981 0.21346047 -0.033185073)
(0.0030247326 0.21818494 -0.021955368)
(0.0017296573 0.22337206 -0.011057544)
(0.00029580673 0.22833121 -0.00045462513)
(-0.0011867025 0.23285821 0.0098598104)
(-0.0026396022 0.23676254 0.019816964)
(-0.0039987292 0.23972329 0.029270907)
(-0.0052112128 0.24129636 0.038029104)
(-0.0062331963 0.24099721 0.045890114)
(-0.0070295607 0.23840605 0.052671193)
(-0.0075752985 0.23326368 0.058226104)
(-0.0078594826 0.22553203 0.062458423)
(-0.007901057 0.21540291 0.065327816)
(-0.0077098436 0.20325652 0.066841568)
(-0.0072805418 0.18958879 0.067088239)
(-0.0067265715 0.17493227 0.066198534)
(-0.0060764373 0.15979072 0.064290965)
(-0.0053790866 0.14459687 0.061527115)
(-0.0046520727 0.12969207 0.05808119)
(-0.0039386936 0.11532468 0.054114429)
(-0.0032630204 0.10165992 0.049773202)
(-0.0026419396 0.088795024 0.045186171)
(-0.0020864087 0.076775242 0.0404628)
(-0.0016021098 0.065608304 0.035693439)
(-0.001190449 0.055276349 0.030950613)
(-0.00084964567 0.045745148 0.026290899)
(-0.00057564133 0.036970882 0.021757094)
(-0.00036303791 0.028904926 0.0173804)
(-0.00020555085 0.021497093 0.013182489)
(-9.7294954e-05 0.014697737 0.0091773528)
(-3.2028078e-05 0.0084590542 0.0053732847)
(-2.3549714e-06 0.0027358195 0.0017725329)
(0.01776171 0.44508934 -0.039794558)
(-0.0089552077 0.30836501 -0.063034343)
(0.002799958 0.23260111 -0.063766696)
(-0.0039129136 0.20731893 -0.054615757)
(-0.0048349116 0.20489557 -0.043258464)
(-0.0065285375 0.21013342 -0.031489564)
(-0.0082149755 0.21669111 -0.019942644)
(-0.0098643488 0.22258427 -0.0087678294)
(-0.011425027 0.22739402 0.0020297622)
(-0.012836137 0.2310674 0.012427723)
(-0.014032896 0.23350816 0.022334271)
(-0.014959973 0.23447701 0.03158823)
(-0.015576534 0.2336463 0.039990579)
(-0.015858064 0.23070229 0.047337331)
(-0.015798079 0.22544625 0.053454156)
(-0.015409738 0.21785949 0.058218539)
(-0.01472591 0.20811873 0.061572633)
(-0.013795271 0.19656487 0.063526957)
(-0.012662873 0.18364216 0.064158589)
(-0.011442072 0.16983004 0.063596196)
(-0.010139507 0.15558384 0.061990965)
(-0.0088142177 0.14129591 0.059519804)
(-0.0075380266 0.12727746 0.05636067)
(-0.0063344941 0.11375665 0.052681951)
(-0.0052288275 0.10088682 0.048637702)
(-0.0042363348 0.088759507 0.044361075)
(-0.0033638021 0.077418555 0.039963198)
(-0.0026117139 0.066873072 0.035534017)
(-0.0019760044 0.057108242 0.031144202)
(-0.0014495023 0.048093752 0.026847567)
(-0.0010230694 0.039790039 0.02268368)
(-0.00068666812 0.032152735 0.018680366)
(-0.00042968478 0.025135707 0.014856007)
(-0.00024202464 0.018693063 0.011221544)
(-0.00011341663 0.012780401 0.0077821716)
(-3.8071293e-05 0.0073555444 0.0045396245)
(-2.5742182e-06 0.0023789278 0.0014914142)
(0.016907704 0.43701179 -0.039950326)
(-0.012620966 0.29237722 -0.0600988)
(-0.0037602066 0.21796611 -0.06128828)
(-0.011884708 0.19701436 -0.051616802)
(-0.014480145 0.19835824 -0.040450183)
(-0.016936473 0.20577768 -0.028776218)
(-0.019042567 0.21329928 -0.017264271)
(-0.020811462 0.21927531 -0.0061368135)
(-0.022239938 0.22344763 0.004530998)
(-0.02330385 0.22584561 0.014663836)
(-0.023968722 0.22645474 0.024139982)
(-0.024206346 0.2251619 0.032787045)
(-0.02400535 0.22182231 0.040408507)
(-0.023376958 0.21635076 0.046824804)
(-0.022356624 0.20878733 0.05190341)
(-0.021001715 0.19932032 0.055577932)
(-0.01938603 0.18826709 0.057854661)
(-0.017591549 0.17602714 0.058807655)
(-0.01569977 0.16302631 0.058564965)
(-0.013789155 0.14966797 0.057287193)
(-0.011922723 0.13630013 0.055154494)
(-0.010152155 0.12319968 0.052353002)
(-0.0085140048 0.11057024 0.04905529)
(-0.0070304125 0.098549088 0.045413846)
(-0.0057127426 0.087218482 0.041559736)
(-0.0045632011 0.076618052 0.037601319)
(-0.0035771294 0.066756173 0.033625096)
(-0.002745135 0.057619541 0.029697837)
(-0.0020549265 0.049180686 0.025869331)
(-0.0014926171 0.041403583 0.022175205)
(-0.0010438372 0.034247673 0.018639616)
(-0.00069434808 0.027670642 0.015277635)
(-0.00043059875 0.021630262 0.012097296)
(-0.00023999121 0.016085559 0.0091013036)
(-0.00011193845 0.01099751 0.0062884359)
(-3.6050336e-05 0.0063294154 0.0036555069)
(-2.5641177e-06 0.0020470601 0.0011963826)
(0.015945966 0.42909748 -0.038320665)
(-0.015895621 0.27717873 -0.055187647)
(-0.010926241 0.2045474 -0.056099623)
(-0.019886699 0.18677229 -0.047070184)
(-0.023967116 0.19019492 -0.036395861)
(-0.027116078 0.19833045 -0.025250849)
(-0.029450727 0.20577161 -0.014204845)
(-0.031092397 0.21113168 -0.0035384536)
(-0.03210466 0.21420366 0.0065856146)
(-0.032520869 0.21505431 0.016042548)
(-0.032362973 0.21375285 0.024683435)
(-0.031654713 0.21033777 0.032332135)
(-0.030437466 0.20486864 0.038821786)
(-0.028775381 0.19747666 0.044024721)
(-0.026753433 0.18838844 0.047874544)
(-0.024470568 0.17791721 0.05037539)
(-0.022030608 0.16643033 0.051598428)
(-0.019533001 0.15430787 0.051668763)
(-0.017065446 0.14190519 0.050747161)
(-0.014699291 0.1295272 0.04901109)
(-0.012487702 0.11741606 0.046639405)
(-0.010465777 0.10574992 0.043800206)
(-0.0086525974 0.094649024 0.040642208)
(-0.0070543799 0.084185445 0.03729123)
(-0.0056675821 0.074393743 0.033849899)
(-0.0044817813 0.065280884 0.030399069)
(-0.003482137 0.056834588 0.027000253)
(-0.0026513483 0.049029916 0.023698545)
(-0.0019711191 0.041834223 0.020525521)
(-0.0014232523 0.035210722 0.017501952)
(-0.00099027498 0.029120964 0.014640136)
(-0.00065603078 0.023526495 0.011945896)
(-0.00040558792 0.018389923 0.0094201937)
(-0.00022583909 0.013675551 0.0070604601)
(-0.00010466718 0.0093497422 0.0048616413)
(-3.4595605e-05 0.0053810676 0.0028173975)
(-2.2508756e-06 0.0017403479 0.00091908573)
(0.014978534 0.42134466 -0.034583738)
(-0.019394937 0.26294334 -0.048470001)
(-0.017821224 0.19195881 -0.048627279)
(-0.027709748 0.17584619 -0.040799919)
(-0.033012508 0.17934582 -0.031229163)
(-0.036734711 0.186524 -0.021137732)
(-0.039104375 0.1926983 -0.01108002)
(-0.040374031 0.19668542 -0.001391479)
(-0.040698455 0.1982638 0.007704857)
(-0.040197183 0.19750338 0.01604276)
(-0.038981063 0.19453395 0.023456317)
(-0.037152086 0.1895233 0.029793267)
(-0.034822088 0.18268735 0.034937077)
(-0.032114154 0.17429832 0.038826058)
(-0.029157207 0.16467701 0.041462931)
(-0.026077431 0.15417032 0.042912876)
(-0.022989696 0.14312225 0.043292028)
(-0.019990784 0.13184741 0.042750651)
(-0.017155733 0.12061286 0.041455299)
(-0.014537122 0.10962965 0.039573233)
(-0.012166753 0.099052924 0.037260827)
(-0.010058726 0.088987547 0.034656239)
(-0.0082132422 0.079496606 0.031875933)
(-0.0066204405 0.070610566 0.029014192)
(-0.0052637455 0.062335773 0.026144572)
(-0.0041226367 0.054661638 0.023322417)
(-0.0031747269 0.047566342 0.020587732)
(-0.0023973258 0.041021141 0.017968064)
(-0.0017684617 0.034993489 0.015481084)
(-0.00126755 0.02944923 0.013136833)
(-0.0008757615 0.024354081 0.010939562)
(-0.00057613023 0.01967459 0.008889241)
(-0.00035370721 0.01537873 0.0069827456)
(-0.00019531867 0.011436237 0.0052148114)
(-9.0218126e-05 0.0078187704 0.0035787718)
(-2.8813817e-05 0.0044999611 0.0020675102)
(-1.9254579e-06 0.0014553843 0.00067225747)
(0.01403095 0.41491516 -0.028568798)
(-0.022905973 0.25095807 -0.039773155)
(-0.02410407 0.180451 -0.039381946)
(-0.034891189 0.16428205 -0.033033431)
(-0.041137893 0.16587356 -0.0251301)
(-0.045253997 0.17041044 -0.016689623)
(-0.047476329 0.17407015 -0.0082264128)
(-0.048179342 0.17589086 -9.0284361e-05)
(-0.047628653 0.17562346 0.0074788469)
(-0.04605386 0.17331997 0.014278413)
(-0.043681885 0.16911859 0.020158448)
(-0.040707264 0.16323718 0.025007614)
(-0.037314872 0.15594759 0.028764867)
(-0.03367851 0.14755549 0.031426463)
(-0.029955105 0.13837801 0.033044273)
(-0.026278512 0.12872094 0.033716333)
(-0.022755427 0.11885924 0.033572258)
(-0.01946394 0.10902434 0.0327574)
(-0.016454885 0.099398776 0.031418731)
(-0.013755186 0.090117086 0.029694146)
(-0.011372394 0.081270974 0.027705654)
(-0.0092994469 0.072916547 0.025556098)
(-0.0075192071 0.065082029 0.023328601)
(-0.0060083357 0.057774886 0.021087786)
(-0.004740223 0.050987878 0.018882007)
(-0.0036872991 0.044703871 0.016745956)
(-0.0028224796 0.038899502 0.014703286)
(-0.0021202174 0.033547845 0.012768951)
(-0.0015570352 0.028620305 0.010951265)
(-0.0011118103 0.024087912 0.0092535314)
(-0.00076580746 0.019922175 0.0076754097)
(-0.00050274352 0.016095626 0.0062139364)
(-0.00030831102 0.012582146 0.0048643673)
(-0.00017050916 0.009357139 0.0036208035)
(-7.8319717e-05 0.0063976023 0.0024766845)
(-2.5958517e-05 0.0036821344 0.0014260677)
(-1.5517244e-06 0.0011908976 0.00046207423)
(0.013233957 0.41021482 -0.020739381)
(-0.025696107 0.24189438 -0.029328053)
(-0.029150535 0.17071723 -0.028695788)
(-0.040769943 0.15313824 -0.024105156)
(-0.04771453 0.15143027 -0.018349494)
(-0.05205001 0.15211865 -0.012130581)
(-0.05400832 0.15227994 -0.0058537968)
(-0.054044163 0.15125202 0.0001748143)
(-0.052577056 0.14883873 0.0057406685)
(-0.049974126 0.14505822 0.010662243)
(-0.046545272 0.14001391 0.014820843)
(-0.042575459 0.13388523 0.018145531)
(-0.038312549 0.12689413 0.020617466)
(-0.033964375 0.11927968 0.022264575)
(-0.02969768 0.11127641 0.0231527)
(-0.025638192 0.10309779 0.023377092)
(-0.021872882 0.094925446 0.023049082)
(-0.018454354 0.086904437 0.022284005)
(-0.015406786 0.079143508 0.02119186)
(-0.012732333 0.07171862 0.019871121)
(-0.010417335 0.0646782 0.018405422)
(-0.0084377105 0.058048846 0.016862111)
(-0.0067633444 0.051840667 0.015294588)
(-0.0053614176 0.046051826 0.013742967)
(-0.0041988951 0.040672201 0.012236149)
(-0.003244037 0.035686196 0.010793947)
(-0.0024674112 0.031074814 0.0094290676)
(-0.001842338 0.026817158 0.0081487561)
(-0.0013451384 0.022891483 0.0069561924)
(-0.00095502376 0.019275928 0.0058515508)
(-0.00065402421 0.01594901 0.0048328626)
(-0.00042667744 0.01288995 0.0038966576)
(-0.00025980425 0.010078879 0.0030384806)
(-0.00014222749 0.0074969629 0.0022532748)
(-6.5249054e-05 0.0051264675 0.0015357037)
(-2.0378186e-05 0.002950778 0.0008812596)
(-1.360442e-06 0.00095439405 0.00028466174)
(0.013504079 0.40756469 -0.011788451)
(-0.027387571 0.23630563 -0.017267237)
(-0.032552938 0.16377427 -0.016849681)
(-0.044776974 0.14447559 -0.014332323)
(-0.052167003 0.13932041 -0.011148995)
(-0.056571415 0.13617663 -0.007639916)
(-0.058240573 0.13281176 -0.0040468701)
(-0.057722908 0.12889488 -0.00056966226)
(-0.055528041 0.1243655 0.0026320464)
(-0.052123538 0.11923671 0.0054535379)
(-0.047908978 0.11357705 0.0078154432)
(-0.043233776 0.10749001 0.0096814789)
(-0.038386697 0.10109627 0.011042183)
(-0.033590521 0.094519155 0.011920337)
(-0.029008898 0.087876984 0.012363632)
(-0.024754076 0.081274991 0.012434745)
(-0.020892352 0.074800009 0.012202963)
(-0.017453672 0.068519606 0.011737342)
(-0.014440698 0.062483259 0.011101719)
(-0.011837337 0.056724709 0.010351743)
(-0.0096140181 0.051264419 0.009533906)
(-0.0077353475 0.046113198 0.0086847724)
(-0.0061637325 0.041274334 0.0078320096)
(-0.0048604124 0.036745014 0.0069958683)
(-0.0037888386 0.032518315 0.0061909576)
(-0.0029153339 0.028584382 0.005427037)
(-0.0022096273 0.024931326 0.0047101068)
(-0.0016449919 0.021545905 0.0040433707)
(-0.0011981645 0.018414045 0.0034279412)
(-0.00084914623 0.015521234 0.0028634105)
(-0.00058083572 0.012852839 0.0023482374)
(-0.00037884432 0.010394346 0.0018800849)
(-0.00023089985 0.0081315438 0.0014560488)
(-0.00012692869 0.0060506676 0.0010728785)
(-5.7930042e-05 0.0041385047 0.00072714543)
(-1.9064913e-05 0.0023824656 0.0004156609)
(-1.1046599e-06 0.00077063189 0.00013405713)
(0.014024129 0.40651456 -0.0024704591)
(-0.028202954 0.2339785 -0.0039950026)
(-0.03409428 0.16068511 -0.0042533434)
(-0.046612386 0.14030974 -0.0040852096)
(-0.054186989 0.1334294 -0.0037543696)
(-0.058580233 0.12819746 -0.0032817762)
(-0.060073624 0.12283797 -0.0027026761)
(-0.059261654 0.11722592 -0.0020623696)
(-0.056694806 0.11140145 -0.0014117603)
(-0.052888427 0.10542273 -0.00078513743)
(-0.048292374 0.0993532 -0.00021655636)
(-0.043288764 0.0932535 0.00027213193)
(-0.038175428 0.087179714 0.00066543304)
(-0.033183428 0.081183606 0.00095760239)
(-0.028474111 0.075309752 0.0011542646)
(-0.024150069 0.069595058 0.0012659885)
(-0.020265864 0.064068811 0.0013063771)
(-0.016839395 0.058753313 0.0012902016)
(-0.013862391 0.053664806 0.0012317937)
(-0.011309263 0.048814433 0.0011440073)
(-0.0091441436 0.044209129 0.0010377669)
(-0.0073264995 0.039852351 0.00092251557)
(-0.0058138947 0.035744455 0.00080471547)
(-0.0045658448 0.031883581 0.0006887536)
(-0.0035449509 0.02826586 0.00057813871)
(-0.0027167001 0.02488541 0.0004753914)
(-0.0020506737 0.021734841 0.00038217413)
(-0.0015202896 0.018805524 0.00029951827)
(-0.0011025847 0.016087856 0.0002279324)
(-0.00077791911 0.013571511 0.00016750783)
(-0.00052963369 0.01124568 0.00011795714)
(-0.00034366054 0.0090992919 7.867505e-05)
(-0.00020825231 0.0071212089 4.8787445e-05)
(-0.00011354604 0.0053003923 2.7224688e-05)
(-5.1784223e-05 0.0036260395 1.2794779e-05)
(-1.623688e-05 0.0020876926 4.7346837e-06)
(-1.0050142e-06 0.00067532007 1.2014546e-06)
(0.01392772 0.40679956 0.0069811188)
(-0.027982411 0.23473116 0.0096032022)
(-0.033710741 0.16196162 0.0085229311)
(-0.046150097 0.14220455 0.0062593148)
(-0.053673299 0.13610833 0.0036708728)
(-0.058062917 0.13164149 0.0010289389)
(-0.059590786 0.12690642 -0.0014846883)
(-0.058846176 0.12174719 -0.0037498203)
(-0.056363404 0.11617741 -0.0056964851)
(-0.052642626 0.11026489 -0.0072856639)
(-0.048125346 0.10410192 -0.0085056327)
(-0.043187386 0.097785456 -0.009371567)
(-0.038127613 0.091417413 -0.0099076284)
(-0.033174186 0.085076771 -0.010151788)
(-0.028491557 0.078834633 -0.010145735)
(-0.024184259 0.072748654 -0.009938267)
(-0.020309351 0.066863207 -0.0095758047)
(-0.016886926 0.061210496 -0.009100086)
(-0.013910499 0.055812426 -0.008547016)
(-0.011355751 0.050682593 -0.0079463713)
(-0.0091877533 0.045828136 -0.0073227093)
(-0.0073666233 0.041251203 -0.0066938897)
(-0.0058502916 0.036949924 -0.0060732365)
(-0.0045984916 0.032919776 -0.0054698404)
(-0.0035738927 0.029154091 -0.0048901343)
(-0.0027420517 0.025644256 -0.0043381472)
(-0.0020725662 0.022380342 -0.0038159759)
(-0.0015388821 0.019351436 -0.0033243269)
(-0.001118054 0.01654593 -0.00286295)
(-0.00079047035 0.013951766 -0.0024310047)
(-0.00053948226 0.011556667 -0.0020273176)
(-0.00035114562 0.0093483213 -0.0016505886)
(-0.00021362526 0.0073145544 -0.0012995004)
(-0.00011726336 0.0054434626 -0.00097278811)
(-5.3402645e-05 0.0037235244 -0.00066925911)
(-1.7604868e-05 0.0021436839 -0.00038704297)
(-9.9146469e-07 0.00069341232 -0.00012525678)
(0.013365059 0.4084138 0.016159267)
(-0.026797836 0.23851133 0.022509334)
(-0.031447861 0.16739479 0.020888093)
(-0.043461392 0.14955708 0.016351641)
(-0.050694481 0.14647794 0.010996335)
(-0.055066449 0.14522208 0.0054206247)
(-0.056825124 0.14333801 -8.232139e-06)
(-0.056492652 0.14040528 -0.0050352016)
(-0.054529337 0.1363716 -0.0094855888)
(-0.051360965 0.13131061 -0.013252371)
(-0.047368713 0.12537118 -0.016277003)
(-0.042885367 0.11874013 -0.018547628)
(-0.038189821 0.11161797 -0.020090341)
(-0.033507172 0.10420203 -0.020962411)
(-0.02900719 0.09666919 -0.021246094)
(-0.02480399 0.089168922 -0.021037546)
(-0.02097158 0.08182237 -0.020436466)
(-0.017545935 0.074720019 -0.019538179)
(-0.014535302 0.067924961 -0.018428373)
(-0.011926282 0.061476891 -0.01718069)
(-0.0096933255 0.055398011 -0.015854899)
(-0.0078039545 0.049697065 -0.014497799)
(-0.0062207905 0.044372339 -0.013145159)
(-0.0049063886 0.039415254 -0.011822602)
(-0.0038247512 0.034812639 -0.010548195)
(-0.0029424644 0.030548408 -0.0093336011)
(-0.0022293575 0.026604772 -0.0081855449)
(-0.0016586811 0.022963099 -0.0071071069)
(-0.0012071107 0.01960452 -0.0060987693)
(-0.00085448436 0.016510342 -0.0051592658)
(-0.00058359292 0.013662332 -0.0042862167)
(-0.00037980491 0.011042914 -0.0034766054)
(-0.00023077277 0.0086352942 -0.0027270999)
(-0.00012612403 0.0064235397 -0.0020342695)
(-5.7698091e-05 0.0043926231 -0.0013947009)
(-1.8084649e-05 0.0025284389 -0.0008043361)
(-1.177167e-06 0.00081780238 -0.00026014292)
(0.013348954 0.41166373 0.024757375)
(-0.024735112 0.24540307 0.034007983)
(-0.02747814 0.17603051 0.032331562)
(-0.038773885 0.16040947 0.025836856)
(-0.045482356 0.16108405 0.01805908)
(-0.049758716 0.16389541 0.0099402367)
(-0.051836724 0.16559158 0.0019911851)
(-0.052130304 0.16546694 -0.005452701)
(-0.050983876 0.16342879 -0.01216054)
(-0.048716616 0.15958003 -0.01797708)
(-0.045612042 0.15412827 -0.022797874)
(-0.041929923 0.14733942 -0.026568244)
(-0.037904762 0.13950971 -0.029285545)
(-0.033741248 0.13094264 -0.030998436)
(-0.029609701 0.12192781 -0.0318023)
(-0.025643079 0.11272377 -0.031817885)
(-0.021936973 0.1035473 -0.031182341)
(-0.018552347 0.09456897 -0.030035466)
(-0.015520668 0.08591424 -0.028509082)
(-0.012849961 0.077668427 -0.026720141)
(-0.010530986 0.069883527 -0.024766656)
(-0.0085428135 0.062585465 -0.022729047)
(-0.0068575123 0.055780759 -0.020669872)
(-0.0054437588 0.049462202 -0.018635824)
(-0.0042694199 0.043613393 -0.016660262)
(-0.0033033216 0.038212168 -0.014765725)
(-0.0025163315 0.033233112 -0.012966285)
(-0.0018819475 0.028649324 -0.011269584)
(-0.0013765171 0.024433618 -0.009678577)
(-0.00097928265 0.02055931 -0.0081929116)
(-0.00067219541 0.017000717 -0.0068100372)
(-0.00043980815 0.013733444 -0.0055260084)
(-0.00026880608 0.010734537 -0.0043360923)
(-0.00014808523 0.0079825454 -0.0032351641)
(-6.7865994e-05 0.0054575231 -0.002217973)
(-2.220459e-05 0.0031409883 -0.0012789796)
(-1.3433493e-06 0.0010158654 -0.00041391781)
(0.01430564 0.41682669 0.032006896)
(-0.021725547 0.25543583 0.043832032)
(-0.022051925 0.18677204 0.042516853)
(-0.032506962 0.17245543 0.03439191)
(-0.03848212 0.17610115 0.02464572)
(-0.042536796 0.18231772 0.014520036)
(-0.044893209 0.18703794 0.0045947993)
(-0.045852999 0.18935654 -0.0047742118)
(-0.045638908 0.18919364 -0.013358767)
(-0.044444993 0.18669781 -0.020986193)
(-0.042443357 0.18209289 -0.027515581)
(-0.039803317 0.17564739 -0.032841677)
(-0.036695209 0.16766821 -0.036909186)
(-0.033287034 0.15849202 -0.039722989)
(-0.029737124 0.14846732 -0.041348182)
(-0.026185451 0.13793112 -0.041900042)
(-0.022746941 0.12718745 -0.041528305)
(-0.019508393 0.11649235 -0.040399588)
(-0.016528751 0.10604716 -0.038681627)
(-0.013841868 0.095999223 -0.036531343)
(-0.011460788 0.086447522 -0.034087303)
(-0.0093826333 0.077450965 -0.031466133)
(-0.0075933259 0.069037179 -0.028761892)
(-0.0060716369 0.06121071 -0.026047463)
(-0.0047923875 0.053959968 -0.023377083)
(-0.0037288718 0.047262741 -0.020789319)
(-0.0028545217 0.041090356 -0.018310104)
(-0.0021440306 0.035410701 -0.015955503)
(-0.0015740003 0.030190327 -0.013734148)
(-0.0011232732 0.025395852 -0.011649241)
(-0.00077304031 0.020994865 -0.0097001719)
(-0.00050676825 0.016956475 -0.0078837555)
(-0.00031014195 0.013251599 -0.0061951554)
(-0.00017080023 0.0098530989 -0.0046285415)
(-7.8632348e-05 0.0067358068 -0.0031775504)
(-2.5122837e-05 0.0038764776 -0.0018351326)
(-1.6459526e-06 0.0012537083 -0.00059525686)
(0.015291413 0.42357969 0.037293403)
(-0.018127896 0.26803452 0.051868858)
(-0.01561529 0.19871304 0.051228246)
(-0.025244003 0.18407218 0.041734643)
(-0.030275876 0.18898536 0.030540561)
(-0.033951296 0.19716963 0.018991098)
(-0.03645278 0.20383009 0.0076872461)
(-0.03796566 0.20791367 -0.0030519437)
(-0.038604831 0.20937586 -0.01304641)
(-0.038456034 0.20838616 -0.022139681)
(-0.037589913 0.20511841 -0.030176076)
(-0.036086185 0.19974569 -0.037005277)
(-0.034042343 0.192475 -0.042508182)
(-0.03157393 0.18357276 -0.046621364)
(-0.028808276 0.17336466 -0.04935009)
(-0.025874438 0.16221312 -0.05076745)
(-0.022892902 0.15048434 -0.05100251)
(-0.01996738 0.13851696 -0.050222033)
(-0.017179996 0.12659985 -0.048610821)
(-0.014589824 0.11496147 -0.046354461)
(-0.012234157 0.1037691 -0.043626468)
(-0.01013144 0.093134782 -0.040580089)
(-0.0082851662 0.083124671 -0.037344331)
(-0.0066878533 0.0737692 -0.034023367)
(-0.0053245491 0.06507258 -0.030698106)
(-0.0041758432 0.057020818 -0.027429004)
(-0.0032200627 0.049588056 -0.02425933)
(-0.0024349825 0.042741324 -0.021218489)
(-0.0017989154 0.036443964 -0.018325033)
(-0.0012914517 0.030657992 -0.015589303)
(-0.00089384352 0.025345665 -0.013015581)
(-0.00058927859 0.020470471 -0.010603828)
(-0.00036269097 0.015997716 -0.0083509956)
(-0.00020109505 0.011894832 -0.0062520291)
(-9.2859052e-05 0.0081315024 -0.0043005821)
(-3.048098e-05 0.0046796682 -0.0024888357)
(-1.9553275e-06 0.0015134646 -0.0008094518)
(0.016237416 0.43137186 0.040223655)
(-0.014706744 0.28244938 0.057977738)
(-0.0086385851 0.21135848 0.058115151)
(-0.017587751 0.1946455 0.047609692)
(-0.021413089 0.19885432 0.035544719)
(-0.024552978 0.20740527 0.023129052)
(-0.027015154 0.21488533 0.011004444)
(-0.028866309 0.22006005 -0.00056652495)
(-0.030140774 0.22288257 -0.011476343)
(-0.030845848 0.22350746 -0.02161652)
(-0.030979636 0.2220164 -0.030841418)
(-0.030549545 0.21842336 -0.038975935)
(-0.029585295 0.21274921 -0.045847287)
(-0.028143331 0.20509182 -0.051320549)
(-0.026304728 0.19566009 -0.055324767)
(-0.024168092 0.18476702 -0.057864513)
(-0.021839744 0.1727937 -0.059017059)
(-0.019423431 0.16014178 -0.058918569)
(-0.017012039 0.14719022 -0.057744245)
(-0.014682311 0.13426532 -0.055687539)
(-0.012492498 0.1216261 -0.052943829)
(-0.01048197 0.1094624 -0.049696733)
(-0.0086732839 0.097901362 -0.046108498)
(-0.0070752667 0.087018054 -0.042316227)
(-0.0056862754 0.076847194 -0.038431322)
(-0.0044971604 0.067394012 -0.034541026)
(-0.0034939144 0.058643376 -0.030711189)
(-0.0026597165 0.050566961 -0.026989623)
(-0.0019765685 0.043128594 -0.023409448)
(-0.0014263553 0.036288068 -0.019992235)
(-0.00099166422 0.03000377 -0.016750685)
(-0.00065620295 0.024234403 -0.013690887)
(-0.00040505603 0.01894007 -0.010814091)
(-0.00022486884 0.014082909 -0.0081180991)
(-0.00010439809 0.0096274201 -0.0055983062)
(-3.362903e-05 0.0055405913 -0.0032477865)
(-2.3404031e-06 0.0017918991 -0.0010594097)
(0.017222365 0.43911034 0.041181888)
(-0.011516053 0.29741607 0.062365683)
(-0.0018284363 0.22454214 0.062847685)
(-0.0099868168 0.20440418 0.051844795)
(-0.012282087 0.20610547 0.039494842)
(-0.014782637 0.21354855 0.02669477)
(-0.01701009 0.22083223 0.014226117)
(-0.01895148 0.22645855 0.0022900084)
(-0.020585147 0.23030121 -0.0090801201)
(-0.021869175 0.23246058 -0.019832459)
(-0.022758184 0.23292748 -0.029853876)
(-0.023213801 0.231554 -0.038968091)
(-0.023216425 0.22814638 -0.046973159)
(-0.022770921 0.22257253 -0.053681138)
(-0.021908443 0.21483946 -0.058951837)
(-0.020684441 0.20512099 -0.062714655)
(-0.019173071 0.19373753 -0.064976771)
(-0.017458299 0.18110423 -0.065818641)
(-0.015624275 0.16766897 -0.06537928)
(-0.013754624 0.15385792 -0.063831171)
(-0.011914288 0.14003902 -0.061369379)
(-0.010160215 0.12650434 -0.058194771)
(-0.00853105 0.11346762 -0.05449302)
(-0.0070516104 0.10107176 -0.05042931)
(-0.0057349798 0.089401163 -0.046144802)
(-0.0045845559 0.078495106 -0.041755431)
(-0.0035965055 0.068360066 -0.037353094)
(-0.0027620112 0.058979993 -0.033008194)
(-0.0020691158 0.050324322 -0.028772831)
(-0.0015041859 0.042353915 -0.024684045)
(-0.0010529398 0.035025275 -0.020766877)
(-0.00070128198 0.028293421 -0.017037014)
(-0.00043561826 0.022113766 -0.01350303)
(-0.00024350445 0.016443292 -0.010168172)
(-0.00011349559 0.011241224 -0.0070317668)
(-3.7379062e-05 0.0064693781 -0.0040900056)
(-2.5581985e-06 0.0020922827 -0.0013381522)
(0.017961294 0.44693195 0.040534771)
(-0.007972519 0.31301514 0.064751333)
(0.0040740971 0.2388286 0.06466164)
(-0.0023438907 0.21420724 0.054712532)
(-0.0030555905 0.21193341 0.042252413)
(-0.0048784753 0.21701138 0.02946545)
(-0.0066866104 0.22320789 0.017045941)
(-0.0084796941 0.22867659 0.0051262379)
(-0.010201175 0.23311018 -0.0063220822)
(-0.011779578 0.23651448 -0.017297542)
(-0.01314353 0.23880041 -0.02771627)
(-0.014232901 0.23970093 -0.037418737)
(-0.015002178 0.23884233 -0.046199034)
(-0.015422194 0.23586335 -0.053846115)
(-0.015482673 0.23052628 -0.06017742)
(-0.01519443 0.22278872 -0.065063775)
(-0.01459031 0.21282064 -0.068444191)
(-0.013720707 0.2009707 -0.070331226)
(-0.012625167 0.18770044 -0.070811373)
(-0.011444629 0.17351063 -0.070019967)
(-0.010145584 0.15887687 -0.068120214)
(-0.0088352083 0.14420837 -0.065304832)
(-0.0075607979 0.12982845 -0.061763788)
(-0.0063559733 0.11597281 -0.057679693)
(-0.0052473117 0.10279844 -0.053217092)
(-0.0042509702 0.090397605 -0.048517393)
(-0.0033744853 0.078812987 -0.043697991)
(-0.0026188228 0.06805142 -0.038853322)
(-0.0019801674 0.058095285 -0.034057118)
(-0.0014514234 0.048911329 -0.029365222)
(-0.0010234561 0.040457148 -0.024818559)
(-0.00068603372 0.032685776 -0.020445932)
(-0.00042857887 0.025548773 -0.016266514)
(-0.00024068861 0.018998252 -0.01229195)
(-0.00011292714 0.012988115 -0.008528093)
(-3.7059507e-05 0.0074747612 -0.0049758817)
(-2.6572332e-06 0.0024174368 -0.0016338761)
(0.018343372 0.45481115 0.038451103)
(-0.0046023364 0.32980785 0.064779776)
(0.0089292631 0.2551955 0.063944809)
(0.005662521 0.22517377 0.055789221)
(0.0058889872 0.21796893 0.043664945)
(0.0051437511 0.21970893 0.031253148)
(0.0039751169 0.22407678 0.019202805)
(0.0025485205 0.22884206 0.0075968061)
(0.00098168727 0.23341748 -0.0036261131)
(-0.00063156144 0.23765194 -0.014495994)
(-0.0022096745 0.24137166 -0.024949268)
(-0.0036863863 0.24423597 -0.034839883)
(-0.0050072584 0.24576463 -0.043973078)
(-0.0061263817 0.24543171 -0.052141893)
(-0.0070062386 0.24277995 -0.059155716)
(-0.007619472 0.23752376 -0.064861345)
(-0.0079549303 0.22961294 -0.069156821)
(-0.008040808 0.21924102 -0.071998409)
(-0.0078545394 0.20680034 -0.073389701)
(-0.0074289158 0.19280507 -0.073447984)
(-0.0068795102 0.17780694 -0.072300406)
(-0.0062320614 0.1623268 -0.070073545)
(-0.0055130654 0.14681014 -0.066950664)
(-0.004769899 0.13160641 -0.063115568)
(-0.0040394961 0.11696797 -0.058740744)
(-0.0033467629 0.10306109 -0.053981817)
(-0.002709745 0.08998198 -0.048974764)
(-0.002139996 0.077773701 -0.043834516)
(-0.0016433888 0.066441216 -0.038655339)
(-0.0012213331 0.055963762 -0.033512455)
(-0.00087193899 0.046304321 -0.0284643)
(-0.00059108875 0.037416544 -0.023555007)
(-0.00037309113 0.029249584 -0.018816813)
(-0.00021165459 0.021751352 -0.014272265)
(-0.00010005126 0.014870604 -0.0099361241)
(-3.3531884e-05 0.0085582042 -0.0058163514)
(-2.4001744e-06 0.0027678369 -0.0019169178)
(0.018744255 0.46264437 0.035157007)
(-0.001495108 0.34780141 0.062035498)
(0.013663573 0.27406596 0.061936336)
(0.013598492 0.23899553 0.054662767)
(0.015036118 0.2263667 0.043499458)
(0.01557145 0.22410617 0.031820662)
(0.015296913 0.2260643 0.020411981)
(0.014478238 0.2296493 0.0093666507)
(0.013298672 0.23393966 -0.001378594)
(0.011873238 0.23854016 -0.011858305)
(0.010289301 0.24315338 -0.022010193)
(0.008615416 0.24738707 -0.03169723)
(0.0069117457 0.25072947 -0.040740013)
(0.0052356839 0.25259214 -0.048951425)
(0.0036427819 0.25238948 -0.056161036)
(0.0021837283 0.24963797 -0.062228302)
(0.00090194093 0.24405108 -0.067049582)
(-0.00014308867 0.23559951 -0.070562601)
(-0.00097450975 0.22451591 -0.072745354)
(-0.001589964 0.21124337 -0.073594179)
(-0.0020021279 0.19634932 -0.07316792)
(-0.0021683902 0.18043339 -0.071625313)
(-0.0022039957 0.16405315 -0.069105356)
(-0.002111334 0.14767829 -0.06575921)
(-0.0019397633 0.1316726 -0.061741618)
(-0.0017155144 0.11629529 -0.057206802)
(-0.0014651245 0.10171412 -0.052296267)
(-0.0012095832 0.088023314 -0.047135882)
(-0.00096429239 0.075261919 -0.041834046)
(-0.0007398113 0.063429888 -0.036481501)
(-0.00054278359 0.052501144 -0.03115228)
(-0.00037671003 0.04243348 -0.025905342)
(-0.00024268892 0.033175705 -0.020786472)
(-0.00014011395 0.024672605 -0.01583023)
(-6.7517862e-05 0.016868223 -0.011061774)
(-2.281514e-05 0.0097079332 -0.0064979035)
(-1.7965615e-06 0.0031396756 -0.0021499238)
(0.019404859 0.47053448 0.030891763)
(0.00075827025 0.3671905 0.056563613)
(0.018440344 0.29614856 0.057788969)
(0.021662684 0.25750904 0.051440915)
(0.024874033 0.23986788 0.041484452)
(0.027012268 0.23345853 0.030827689)
(0.027973284 0.23263899 0.020321706)
(0.02805136 0.23464257 0.010088491)
(0.027476615 0.23817025 8.895468e-05)
(0.026398767 0.24256432 -0.0096993097)
(0.024917146 0.24735859 -0.019196156)
(0.023110135 0.25210749 -0.028267734)
(0.021054648 0.25632008 -0.036753246)
(0.01883003 0.25944531 -0.044494795)
(0.016517199 0.26089104 -0.051356785)
(0.014196968 0.2600815 -0.057231063)
(0.011947319 0.25654916 -0.062033921)
(0.0098368108 0.25003299 -0.065703829)
(0.0078984029 0.24054233 -0.068210443)
(0.0062126543 0.22835757 -0.069567831)
(0.0047761785 0.21397164 -0.069816531)
(0.00357623 0.19799523 -0.068996538)
(0.0025975053 0.18105988 -0.067192217)
(0.0018297623 0.16374315 -0.06451168)
(0.0012565299 0.14652405 -0.061089774)
(0.00082564745 0.12976704 -0.05706249)
(0.00051657453 0.11372626 -0.052562191)
(0.00030315962 0.098561332 -0.047712562)
(0.00016205418 0.084357145 -0.042625153)
(7.3917913e-05 0.07114337 -0.037397602)
(2.3238415e-05 0.058911258 -0.032113188)
(-2.2024224e-06 0.047626995 -0.026841288)
(-1.1649056e-05 0.037241696 -0.021638427)
(-1.2042199e-05 0.027698528 -0.01654961)
(-7.9937316e-06 0.018937566 -0.011609751)
(-3.9120556e-06 0.010898956 -0.0068446876)
(-4.1078903e-07 0.0035248685 -0.0022738411)
(0.020035403 0.47875371 0.025909732)
(0.0024932933 0.38871044 0.048669675)
(0.023364599 0.32303924 0.050750288)
(0.030499309 0.28342365 0.045601399)
(0.036245895 0.26226167 0.037098325)
(0.040502194 0.25221139 0.027770517)
(0.043108918 0.24849108 0.018485975)
(0.044354517 0.24838358 0.0094014747)
(0.044503398 0.2503841 0.00051323264)
(0.043781262 0.25363959 -0.0081624587)
(0.04233133 0.25752872 -0.016537673)
(0.040263271 0.26157153 -0.0244914)
(0.037697377 0.26533488 -0.031891009)
(0.034759846 0.26837282 -0.038617312)
(0.031574694 0.27018594 -0.044579052)
(0.028259812 0.27021869 -0.049713827)
(0.024924267 0.26791539 -0.05398034)
(0.021664759 0.26282629 -0.05734923)
(0.018561766 0.25472087 -0.059798159)
(0.015677135 0.24365412 -0.061308762)
(0.013053795 0.22996098 -0.061879385)
(0.010716799 0.2141838 -0.061537122)
(0.0086822639 0.1969671 -0.060333664)
(0.0069227224 0.17895804 -0.058344025)
(0.0054418674 0.16073311 -0.055650889)
(0.0042098831 0.14275855 -0.052352876)
(0.0031997973 0.12537967 -0.048555376)
(0.0023838499 0.10882937 -0.044363273)
(0.0017346486 0.093246694 -0.039876327)
(0.0012264797 0.078698187 -0.035186114)
(0.00083606889 0.065198001 -0.030374265)
(0.00054287816 0.052724737 -0.0255117)
(0.00032907222 0.041234531 -0.020658628)
(0.00017954608 0.03067067 -0.015865035)
(8.1863396e-05 0.020970303 -0.011171473)
(2.5854628e-05 0.012068931 -0.0066095489)
(1.7250782e-06 0.0039032556 -0.0022042796)
(0.020856225 0.48779389 0.020060792)
(0.0052568839 0.41403742 0.038214623)
(0.02973883 0.35751652 0.04015988)
(0.041517586 0.32032248 0.036349741)
(0.050491133 0.29778917 0.029659599)
(0.057261543 0.28489103 0.022119632)
(0.061705238 0.27800575 0.014557737)
(0.064103099 0.27483998 0.0071617558)
(0.064811567 0.27397558 -4.5636322e-05)
(0.064167229 0.27455401 -0.0069946053)
(0.062388423 0.27592513 -0.013625455)
(0.05967566 0.27764297 -0.019852517)
(0.056230697 0.27936017 -0.025583649)
(0.052249475 0.28075224 -0.030743763)
(0.047912905 0.28144389 -0.035284286)
(0.04338188 0.28095803 -0.039181716)
(0.038796072 0.2787254 -0.042429247)
(0.03427109 0.27416999 -0.045019668)
(0.029904716 0.26685019 -0.04694989)
(0.025774799 0.25658268 -0.048217835)
(0.021939644 0.24349432 -0.048817799)
(0.018439106 0.22799218 -0.048751143)
(0.015295343 0.21066967 -0.048032973)
(0.012514594 0.1921923 -0.046696423)
(0.010090299 0.17319895 -0.044790628)
(0.0080064294 0.15423706 -0.04237684)
(0.0062403164 0.13573306 -0.039525405)
(0.0047650054 0.11798991 -0.036311314)
(0.0035513646 0.10120121 -0.032810054)
(0.0025697266 0.085472342 -0.029094347)
(0.0017911221 0.070842768 -0.025231793)
(0.0011880294 0.057305746 -0.02128342)
(0.00073501443 0.044824329 -0.017302902)
(0.00040897845 0.033343428 -0.013336349)
(0.000190389 0.02279845 -0.0094224487)
(6.1468437e-05 0.013121173 -0.0055923148)
(4.4527922e-06 0.0042435688 -0.0018714501)
(0.022060548 0.49692396 0.012631538)
(0.0098581172 0.44158156 0.024205708)
(0.0380095 0.39732195 0.025320733)
(0.054669385 0.36544069 0.022925444)
(0.066968272 0.34339631 0.018582899)
(0.076051087 0.32827874 0.013587915)
(0.081967471 0.31785876 0.0085708896)
(0.085049306 0.31062331 0.00369292)
(0.085835814 0.30557366 -0.0010057036)
(0.084770405 0.30201653 -0.0054603041)
(0.082180274 0.29945956 -0.0096355232)
(0.07840499 0.29756698 -0.013500593)
(0.07375066 0.29608003 -0.017009776)
(0.068486171 0.29476031 -0.020129188)
(0.062844594 0.29331602 -0.022843262)
(0.05702278 0.29133087 -0.025151714)
(0.051181452 0.28824062 -0.027062904)
(0.045448874 0.28339468 -0.028587267)
(0.03992604 0.27619533 -0.029732689)
(0.034690691 0.26625572 -0.030499596)
(0.029800946 0.25350426 -0.030883946)
(0.025297982 0.23819553 -0.030881839)
(0.021207605 0.22083664 -0.030494435)
(0.017541679 0.20207046 -0.029731523)
(0.014299784 0.18256003 -0.028612902)
(0.011471251 0.16290282 -0.027167874)
(0.0090372488 0.14358325 -0.025433358)
(0.0069729113 0.12495855 -0.02345136)
(0.0052492342 0.10726673 -0.021266347)
(0.0038348551 0.090646119 -0.018922962)
(0.0026974568 0.075158364 -0.016464179)
(0.0018049055 0.060810124 -0.013930001)
(0.0011261135 0.047571251 -0.011356593)
(0.00063192736 0.035388847 -0.0087758219)
(0.0002964112 0.024197512 -0.0062150703)
(9.7230977e-05 0.013926422 -0.0036967588)
(7.1619564e-06 0.0045039967 -0.0012399047)
(0.02302819 0.50278761 0.0032221603)
(0.013792887 0.46026063 0.0060894135)
(0.044402419 0.42512429 0.0061261103)
(0.06424991 0.39771684 0.0052765997)
(0.078625909 0.37655471 0.003913182)
(0.088975542 0.36007035 0.0023847727)
(0.095547021 0.34706888 0.00087894602)
(0.098805929 0.33669555 -0.000548429)
(0.099361232 0.32831937 -0.0018739984)
(0.097741191 0.32149243 -0.0031043943)
(0.0944053 0.31588003 -0.0042177387)
(0.089774183 0.31122503 -0.0052162188)
(0.084218967 0.30731644 -0.0060988116)
(0.078052207 0.30394625 -0.0068651234)
(0.071532311 0.30085309 -0.0075164651)
(0.064873393 0.29763516 -0.0080575734)
(0.058245431 0.29372104 -0.0084929095)
(0.051778685 0.28842397 -0.0088288685)
(0.045571427 0.28106645 -0.0090688057)
(0.03969654 0.2711526 -0.0092130773)
(0.034207617 0.25849691 -0.0092597901)
(0.029142624 0.24325905 -0.0092063721)
(0.024525924 0.22588457 -0.0090513516)
(0.020369615 0.20698995 -0.0087956859)
(0.016674719 0.18724 -0.0084433867)
(0.013432493 0.16725144 -0.0080014479)
(0.010625929 0.14753539 -0.0074793393)
(0.0082313794 0.12847598 -0.0068882473)
(0.0062202642 0.11033431 -0.0062403171)
(0.0045606891 0.093266376 -0.0055479493)
(0.00321895 0.077346063 -0.0048232651)
(0.0021607135 0.062587654 -0.0040776847)
(0.0013521354 0.048965054 -0.0033216622)
(0.00076084218 0.036426884 -0.0025645054)
(0.00035804893 0.024907575 -0.0018142882)
(0.00011762645 0.014335115 -0.001077503)
(8.8322314e-06 0.0046361741 -0.00036034948)
(0.022888734 0.50185935 -0.006984847)
(0.013094456 0.45692154 -0.013653982)
(0.043178176 0.41979516 -0.014704983)
(0.062322997 0.39117853 -0.01392569)
(0.076198391 0.3695216 -0.012055468)
(0.08621315 0.35305329 -0.0097524041)
(0.092582608 0.34038922 -0.007359344)
(0.095747953 0.33054189 -0.0049825329)
(0.096298143 0.32273821 -0.0026634254)
(0.094775672 0.31656226 -0.0004232909)
(0.091604553 0.31161116 0.0017099082)
(0.087152515 0.30758267 0.0037163921)
(0.0817827 0.3042462 0.005568694)
(0.075806825 0.30138957 0.007240278)
(0.069481008 0.29871962 0.0087133086)
(0.063017132 0.29583507 0.0099844871)
(0.056577816 0.29214077 0.011055737)
(0.050286974 0.28697981 0.011932385)
(0.044244503 0.27969154 0.012619664)
(0.038523778 0.26980405 0.013120799)
(0.033178874 0.25715748 0.013436733)
(0.028248235 0.24193294 0.013567388)
(0.023756507 0.22458969 0.013513668)
(0.019715806 0.20574978 0.013279282)
(0.016126996 0.18607721 0.012871837)
(0.012981088 0.16618398 0.012303114)
(0.010260855 0.14657504 0.011588607)
(0.0079425403 0.12762851 0.010746623)
(0.0059975951 0.10960047 0.0097971663)
(0.0043943487 0.092643241 0.0087608542)
(0.0030994813 0.076828312 0.0076579519)
(0.0020792365 0.062168611 0.006507641)
(0.0013003903 0.048637469 0.0053274986)
(0.00073137497 0.036183467 0.0041331982)
(0.00034388933 0.024741331 0.0029383687)
(0.00011306234 0.014239522 0.0017549849)
(8.4308821e-06 0.0046052716 0.00059218596)
(0.021754537 0.49465357 -0.015919092)
(0.0084542257 0.43385476 -0.030675909)
(0.035422478 0.38533287 -0.032631534)
(0.050469487 0.35105282 -0.030271959)
(0.061611999 0.32815125 -0.025553802)
(0.069866884 0.31319453 -0.020026174)
(0.075238318 0.30353664 -0.01439935)
(0.078062946 0.29739363 -0.0088572999)
(0.078795164 0.29357863 -0.0034465708)
(0.077810128 0.29131197 0.0017900129)
(0.075457111 0.29007308 0.0067811997)
(0.07203353 0.28945228 0.011473842)
(0.067793501 0.2891405 0.015804601)
(0.062974859 0.28885546 0.019721161)
(0.057787055 0.28826295 0.023173861)
(0.052415278 0.28691711 0.026144173)
(0.047011428 0.28425044 0.028637664)
(0.041698535 0.27963277 0.030660114)
(0.036575273 0.27251486 0.03221566)
(0.031719035 0.26257535 0.033305579)
(0.027188109 0.24980829 0.033927902)
(0.023023425 0.23451918 0.034082305)
(0.019250042 0.21724426 0.033774762)
(0.01587863 0.19863437 0.033020812)
(0.012907497 0.17934506 0.03184693)
(0.010324813 0.1599579 0.030289812)
(0.0081109574 0.14093901 0.028394204)
(0.0062406818 0.12262874 0.02621004)
(0.0046851487 0.10525163 0.023789534)
(0.0034136381 0.088936352 0.021184607)
(0.0023949528 0.073738427 0.018444857)
(0.001598427 0.059661174 0.015616092)
(0.00099478243 0.046673139 0.012739433)
(0.0005567489 0.034721484 0.0098508594)
(0.00026057058 0.0237417 0.0069811037)
(8.4953877e-05 0.013664308 0.004156218)
(6.2392111e-06 0.0044192601 0.0013966334)
(0.020545975 0.48508687 -0.022793176)
(0.0040573031 0.40550249 -0.043388167)
(0.027215885 0.34491219 -0.045900319)
(0.03721693 0.30583595 -0.04210491)
(0.044940703 0.28294849 -0.035206036)
(0.050744142 0.27052062 -0.027406815)
(0.054484956 0.26448932 -0.019548245)
(0.056450943 0.2623375 -0.011808311)
(0.056972186 0.26254716 -0.0042108098)
(0.056302277 0.26418775 0.0032091338)
(0.054655411 0.26663069 0.010380952)
(0.05220908 0.26939207 0.017192155)
(0.049127076 0.27207811 0.023528787)
(0.045573988 0.27430881 0.029294189)
(0.041706601 0.27565262 0.034416726)
(0.037665519 0.27559346 0.038849702)
(0.033575955 0.27355847 0.04257055)
(0.02954682 0.26901261 0.045566896)
(0.025668041 0.26158689 0.047824972)
(0.022013266 0.25118439 0.04933684)
(0.018637244 0.23801089 0.050102741)
(0.01557499 0.2225251 0.050130872)
(0.012843316 0.20534103 0.049448634)
(0.010444207 0.18711873 0.048100326)
(0.0083685293 0.16847528 0.046143779)
(0.0065986894 0.14992952 0.04364969)
(0.0051111713 0.13187948 0.040697062)
(0.0038790189 0.11460404 0.037368304)
(0.0028738711 0.098278502 0.033745003)
(0.0020675618 0.08299576 0.029904658)
(0.0014331503 0.068787645 0.025918425)
(0.00094558429 0.055643535 0.021849763)
(0.00058207525 0.043525233 0.017753833)
(0.00032236356 0.032378125 0.013677458)
(0.00014921198 0.022139112 0.0096594728)
(4.8058131e-05 0.012742 0.0057317642)
(3.3623658e-06 0.0041209858 0.0019187615)
(0.019730499 0.47605365 -0.028226161)
(0.0016649966 0.38078028 -0.052765536)
(0.021185647 0.31205388 -0.055040653)
(0.026703936 0.27162546 -0.049960283)
(0.031409728 0.25091238 -0.041409466)
(0.034818079 0.24174778 -0.03202253)
(0.036773462 0.23894694 -0.02265432)
(0.037567227 0.23965785 -0.013448527)
(0.037462652 0.24237278 -0.0043973797)
(0.036632444 0.24624307 0.0044898914)
(0.035201467 0.25069558 0.013139809)
(0.033274625 0.25525015 0.021421335)
(0.030953796 0.25944434 0.029185673)
(0.028343063 0.26278528 0.036293848)
(0.025546612 0.26472923 0.042632038)
(0.022664709 0.26470276 0.048115554)
(0.019791001 0.26217495 0.052683704)
(0.017009303 0.25676257 0.056292901)
(0.014389359 0.24832469 0.05891321)
(0.011982663 0.2370036 0.060529151)
(0.0098262123 0.22319719 0.061152914)
(0.0079500257 0.20747632 0.060834546)
(0.0063122308 0.19048206 0.059641736)
(0.004943993 0.17283563 0.057640188)
(0.003811055 0.15507694 0.054926059)
(0.0028883538 0.13763417 0.051609191)
(0.0021493157 0.12081899 0.047802133)
(0.0015668119 0.10483786 0.043614319)
(0.0011150774 0.089810908 0.039148035)
(0.00077079237 0.075792486 0.034495789)
(0.00051352329 0.062789819 0.029738851)
(0.00032575263 0.05077844 0.024946816)
(0.00019282495 0.039714031 0.020177871)
(0.00010260902 0.029541057 0.015479552)
(4.5628153e-05 0.020198777 0.010889748)
(1.3753131e-05 0.011625239 0.0064381966)
(8.3573908e-07 0.0037598135 0.0021464524)
(0.018974233 0.46780019 -0.03281648)
(-0.00030576162 0.35966826 -0.059615816)
(0.016328653 0.28640087 -0.060815681)
(0.018109594 0.24788151 -0.054676663)
(0.020569249 0.23135018 -0.04481308)
(0.022067318 0.22617401 -0.034243934)
(0.022539783 0.22637517 -0.023798139)
(0.022271852 0.22911803 -0.013593142)
(0.02147749 0.23313327 -0.0035891669)
(0.020290324 0.23783684 0.0062269857)
(0.018800531 0.24279904 0.015792613)
(0.017084008 0.24759097 0.024973469)
(0.015209604 0.25171286 0.03359874)
(0.013245272 0.25459623 0.041494832)
(0.011260572 0.25564564 0.048506987)
(0.0093227987 0.25431474 0.054513947)
(0.0074934562 0.25020173 0.059420006)
(0.0058239428 0.24313404 0.063160906)
(0.0043512365 0.23320805 0.065705584)
(0.0031114319 0.22076879 0.067061784)
(0.0021167497 0.20633909 0.067280128)
(0.0012828006 0.19052542 0.066423462)
(0.00067488981 0.17393013 0.064582287)
(0.00026813307 0.15708843 0.061896149)
(-1.8021528e-05 0.14043422 0.058501921)
(-0.00019087205 0.12429112 0.054538087)
(-0.00027808743 0.10888053 0.050137519)
(-0.00030504963 0.094338049 0.045422552)
(-0.00029213363 0.08073253 0.040501993)
(-0.00025522891 0.068084005 0.03546978)
(-0.00020644476 0.056378878 0.030404885)
(-0.00015464681 0.045581811 0.025372067)
(-0.00010599893 0.035644546 0.020423147)
(-6.4492754e-05 0.026512158 0.015598528)
(-3.2500003e-05 0.018127305 0.01092878)
(-1.1666225e-05 0.010432982 0.0064365443)
(-1.0063423e-06 0.0033742213 0.0021367852)
(0.018276413 0.45984773 -0.03654688)
(-0.0030704894 0.34054141 -0.063973061)
(0.011532911 0.26510683 -0.064039059)
(0.010103287 0.23072476 -0.057019884)
(0.01102544 0.21948963 -0.046079656)
(0.011086002 0.21856184 -0.034621792)
(0.01047914 0.22153347 -0.023385056)
(0.0094410904 0.22580211 -0.012479196)
(0.0081317883 0.23046303 -0.0018485931)
(0.0066586613 0.23518178 0.0085299669)
(0.0051045094 0.23968879 0.018599197)
(0.0035370424 0.24361348 0.028220732)
(0.0020117367 0.24646052 0.037208694)
(0.00057659999 0.24766794 0.045366076)
(-0.00070905637 0.24670019 0.052511267)
(-0.0018072341 0.24315074 0.058495267)
(-0.0026958589 0.23682749 0.063211444)
(-0.0033543549 0.22779124 0.066601074)
(-0.0037752666 0.21633945 0.068650881)
(-0.0039781963 0.20294377 0.069389949)
(-0.0039895997 0.1881642 0.068912915)
(-0.0038416611 0.17256637 0.067351464)
(-0.0035550041 0.15666015 0.064853359)
(-0.003202859 0.14086541 0.061575501)
(-0.0028052151 0.12550074 0.057681631)
(-0.0023904116 0.11078858 0.053322677)
(-0.0019822521 0.096869332 0.04863552)
(-0.0015980338 0.083818587 0.043740095)
(-0.0012493199 0.071663862 0.038738175)
(-0.00094306351 0.060398981 0.033713672)
(-0.00068256339 0.049995534 0.028733959)
(-0.00046834302 0.040411481 0.023851692)
(-0.00029882118 0.031597334 0.01910684)
(-0.00017116625 0.023500423 0.014528697)
(-8.1746261e-05 0.016067709 0.010137753)
(-2.7605771e-05 0.009247569 0.0059477865)
(-2.0797551e-06 0.0029908417 0.001966141)
(0.017944598 0.45201795 -0.039231319)
(-0.0061648281 0.32289812 -0.065413848)
(0.0069222651 0.24687575 -0.065512398)
(0.0022131222 0.21766649 -0.057287074)
(0.0020301946 0.2117536 -0.045652866)
(0.00092915676 0.21468719 -0.033609191)
(-0.00044606822 0.21994889 -0.021842534)
(-0.0019821534 0.22528196 -0.010473678)
(-0.0035748406 0.23011005 0.00053295969)
(-0.0051443191 0.23430062 0.011189639)
(-0.006614023 0.23769976 0.021427799)
(-0.0079190201 0.23999961 0.031097659)
(-0.0090075348 0.24077062 0.040001567)
(-0.0098402608 0.23956006 0.047930125)
(-0.010387577 0.23600473 0.054693964)
(-0.01063669 0.22992155 0.06014203)
(-0.010595632 0.22135279 0.064185472)
(-0.010311705 0.2105565 0.066797821)
(-0.0097558319 0.19795232 0.068011813)
(-0.0090175331 0.18404621 0.067946156)
(-0.0081945937 0.16935525 0.066721282)
(-0.0072766413 0.15435106 0.064499687)
(-0.0063349375 0.13942641 0.061463905)
(-0.0054089476 0.12488256 0.057791691)
(-0.0045279781 0.1109326 0.053646827)
(-0.0037138915 0.097713429 0.04917572)
(-0.0029808621 0.085301106 0.044504636)
(-0.0023362838 0.073726059 0.03973888)
(-0.0017822228 0.062986366 0.034963661)
(-0.001316748 0.053058439 0.030245951)
(-0.0009351518 0.043905151 0.025636835)
(-0.0006309219 0.035481722 0.021173971)
(-0.0003964819 0.027739821 0.016883957)
(-0.00022390877 0.020630326 0.012784466)
(-0.00010557188 0.014105081 0.0088861067)
(-3.4940524e-05 0.0081179704 0.0051944539)
(-2.546787e-06 0.0026255111 0.0017101898)
(0.017593619 0.44417546 -0.040657796)
(-0.0094728723 0.30654812 -0.06424048)
(0.0018359054 0.23107365 -0.065298615)
(-0.0055697414 0.20688372 -0.055586646)
(-0.0069313618 0.20556619 -0.043775265)
(-0.0089086756 0.21152007 -0.031502542)
(-0.010816594 0.21838068 -0.019494896)
(-0.012615635 0.22424932 -0.0079225996)
(-0.014257726 0.22878764 0.0031965762)
(-0.015687018 0.23199465 0.013837956)
(-0.01684132 0.23380446 0.023909108)
(-0.017667331 0.23400412 0.033243331)
(-0.018127606 0.23230468 0.041636556)
(-0.018204567 0.22844994 0.048885602)
(-0.01790259 0.22231176 0.054821952)
(-0.017248844 0.21394274 0.059334942)
(-0.016291975 0.20357745 0.062385757)
(-0.015096979 0.19159125 0.06400858)
(-0.013723599 0.17843669 0.064307463)
(-0.012266722 0.16457881 0.063423914)
(-0.010768896 0.15044368 0.061534612)
(-0.0092946848 0.13638807 0.058822753)
(-0.0078898326 0.1226877 0.055473928)
(-0.0065861603 0.10953919 0.051659732)
(-0.0054041087 0.097070146 0.047531319)
(-0.0043544938 0.085352568 0.043216981)
(-0.003440355 0.074416404 0.038821971)
(-0.0026588795 0.064261526 0.034429964)
(-0.0020031346 0.054867474 0.030105411)
(-0.0014635533 0.046200899 0.025896323)
(-0.001029091 0.038221025 0.021837057)
(-0.00068810964 0.030883477 0.017950927)
(-0.00042892797 0.024142874 0.014252498)
(-0.00024045466 0.017954514 0.010749554)
(-0.00011253835 0.012275417 0.0074447315)
(-3.6978318e-05 0.0070649113 0.0043372059)
(-2.6204047e-06 0.0022849339 0.0014226472)
(0.016773447 0.43638902 -0.040573151)
(-0.013007334 0.29117759 -0.061027573)
(-0.0045824203 0.21710456 -0.062207797)
(-0.013027265 0.19688264 -0.052244975)
(-0.015949194 0.19896135 -0.04061165)
(-0.018609218 0.20680481 -0.028497695)
(-0.020851338 0.2144191 -0.01659712)
(-0.022691595 0.2202187 -0.0051534044)
(-0.024131147 0.22400735 0.0057463342)
(-0.0251501 0.225862 0.016027318)
(-0.025719106 0.22580248 0.025559849)
(-0.025815443 0.22375546 0.034166939)
(-0.02543646 0.21962903 0.04165721)
(-0.024605042 0.21339897 0.047862113)
(-0.023370089 0.2051652 0.052666356)
(-0.021802615 0.19516393 0.056025641)
(-0.019988405 0.18374089 0.057970656)
(-0.01801854 0.1713023 0.058599135)
(-0.015980081 0.1582622 0.058059617)
(-0.013951831 0.14499971 0.05652825)
(-0.011996567 0.13183292 0.054193132)
(-0.010162694 0.11900839 0.051240226)
(-0.0084824442 0.10670266 0.047841026)
(-0.0069741946 0.095030871 0.044145675)
(-0.0056450021 0.084058357 0.040280252)
(-0.0044932655 0.073812582 0.036346867)
(-0.0035112007 0.064293729 0.032425465)
(-0.002686968 0.055483393 0.028576545)
(-0.0020063908 0.047351281 0.024844194)
(-0.0014542378 0.039860152 0.021259084)
(-0.0010151629 0.032969311 0.017841191)
(-0.0006743333 0.026636993 0.014602166)
(-0.00041781809 0.020821931 0.011547313)
(-0.00023290306 0.015484328 0.0086772182)
(-0.00010841059 0.010586434 0.0059890429)
(-3.5366705e-05 0.0060928293 0.0034779428)
(-2.4526605e-06 0.0019705451 0.0011367641)
(0.015894686 0.42873851 -0.038757568)
(-0.016125009 0.27645374 -0.055964365)
(-0.011427088 0.20399323 -0.056718449)
(-0.020555942 0.18663667 -0.047410814)
(-0.024819888 0.19049035 -0.036332611)
(-0.02807962 0.19883234 -0.024804642)
(-0.030466373 0.20621833 -0.013439027)
(-0.032110875 0.21130511 -0.0025348539)
(-0.033077585 0.2139421 0.0077406012)
(-0.033403554 0.21424487 0.017257794)
(-0.033119722 0.21232455 0.025861857)
(-0.032259876 0.20826752 0.033383693)
(-0.030877502 0.20218358 0.039669564)
(-0.029049457 0.19425118 0.04461086)
(-0.026872397 0.1847341 0.04816421)
(-0.024454565 0.1739674 0.050357862)
(-0.021905716 0.16232356 0.051285181)
(-0.019327658 0.15017329 0.051089203)
(-0.016807283 0.13785277 0.049943119)
(-0.014412859 0.12564309 0.048031173)
(-0.012193167 0.11376207 0.045533714)
(-0.010178655 0.10236596 0.042616304)
(-0.008384065 0.091556889 0.039423096)
(-0.0068117267 0.081392973 0.036074252)
(-0.0054548156 0.071898682 0.032666165)
(-0.0043003358 0.063074115 0.029273419)
(-0.0033315137 0.054902645 0.025951655)
(-0.0025297113 0.047356871 0.022740689)
(-0.0018757729 0.040403013 0.019667561)
(-0.001350987 0.034004056 0.016749249)
(-0.00093769484 0.02812191 0.013995004)
(-0.00061964676 0.02271884 0.011408276)
(-0.00038210576 0.017758367 0.0089882671)
(-0.00021206708 0.013205809 0.0067311634)
(-9.8268691e-05 0.009028561 0.0046310918)
(-3.1921385e-05 0.005196214 0.0026812744)
(-2.1679328e-06 0.0016805629 0.00087348767)
(0.014989135 0.42128229 -0.034917816)
(-0.019473561 0.2626643 -0.049152979)
(-0.017980332 0.1915638 -0.049117026)
(-0.027913104 0.17558401 -0.041000999)
(-0.033259307 0.17930729 -0.031071209)
(-0.036991986 0.18657461 -0.020654288)
(-0.039336921 0.19264013 -0.010339742)
(-0.040553838 0.19634667 -0.0004766725)
(-0.040797049 0.19751741 0.0087159008)
(-0.040186786 0.1962796 0.017052419)
(-0.038849853 0.19280862 0.024375774)
(-0.036898529 0.18731642 0.030548351)
(-0.034454862 0.18005707 0.035472792)
(-0.031650939 0.17133138 0.039109603)
(-0.028622092 0.16147666 0.041484037)
(-0.025497637 0.15084365 0.042681513)
(-0.022392306 0.13976945 0.042834113)
(-0.01940016 0.12855438 0.042102777)
(-0.016591818 0.11744747 0.040659505)
(-0.014014709 0.10664129 0.038672554)
(-0.011695515 0.096274089 0.036295992)
(-0.0096437888 0.086436616 0.033663588)
(-0.0078560087 0.077180944 0.030886388)
(-0.0063194351 0.068529441 0.028052966)
(-0.0050154466 0.060482842 0.025231355)
(-0.0039221789 0.053026932 0.022471831)
(-0.0030165257 0.046137754 0.019809958)
(-0.0022755159 0.039785503 0.017269493)
(-0.0016772643 0.033937321 0.014864998)
(-0.0012014881 0.028559233 0.012604029)
(-0.00082981317 0.023617447 0.01048894)
(-0.00054586043 0.019079186 0.0085183183)
(-0.00033518554 0.014913187 0.0066881085)
(-0.00018527324 0.011089982 0.0049924818)
(-8.5514681e-05 0.0075820221 0.0034245035)
(-2.7625124e-05 0.0043637005 0.0019770466)
(-1.8457228e-06 0.0014113147 0.00064208668)
(0.01409023 0.41507928 -0.028928884)
(-0.022804606 0.25099471 -0.040448975)
(-0.023933645 0.18010886 -0.03988787)
(-0.034660575 0.16385986 -0.033246651)
(-0.040838453 0.16557609 -0.025005368)
(-0.044879808 0.17019515 -0.016263427)
(-0.047019221 0.17379252 -0.0075706681)
(-0.047610538 0.17541098 0.00070840609)
(-0.046952769 0.17484905 0.0083303307)
(-0.045293939 0.17220021 0.015101684)
(-0.042844963 0.16764771 0.020882273)
(-0.039808829 0.1614455 0.025577528)
(-0.036376992 0.15389145 0.029146083)
(-0.032726684 0.14530659 0.031604382)
(-0.029015232 0.13601314 0.033022314)
(-0.025374208 0.12631351 0.033512124)
(-0.021906117 0.11647347 0.033213029)
(-0.018683881 0.10671213 0.032275421)
(-0.015752978 0.09719893 0.03084744)
(-0.013135444 0.088056189 0.029065289)
(-0.010834747 0.079365195 0.027047475)
(-0.0088407172 0.07117376 0.024892436)
(-0.0071340388 0.063503882 0.022678652)
(-0.0056899967 0.056358608 0.020466314)
(-0.0044813164 0.04972773 0.018299789)
(-0.0034802278 0.043592268 0.016210359)
(-0.0026598434 0.037927826 0.014218847)
(-0.0019950411 0.032707023 0.012337962)
(-0.0014629157 0.027901205 0.010574267)
(-0.001042992 0.023481594 0.0089297862)
(-0.0007172319 0.019420057 0.0074032665)
(-0.00046993295 0.015689576 0.0059911664)
(-0.00028749933 0.012264528 0.0046884083)
(-0.00015837522 0.0091208305 0.0034889582)
(-7.2832759e-05 0.0062359921 0.002386262)
(-2.3457658e-05 0.0035891064 0.0013739344)
(-1.5330403e-06 0.0011608084 0.00044496123)
(0.013308709 0.41050696 -0.021212132)
(-0.025458519 0.24209065 -0.030086964)
(-0.028720398 0.17033798 -0.029320437)
(-0.040195799 0.15253549 -0.024441923)
(-0.04698565 0.15091739 -0.018361336)
(-0.051172865 0.1517381 -0.011851771)
(-0.05299988 0.15194447 -0.0053474728)
(-0.052936202 0.1508574 0.0008300974)
(-0.051388402 0.14831113 0.0064521183)
(-0.048723269 0.14434935 0.011362897)
(-0.04526359 0.13911119 0.015455415)
(-0.041294426 0.13280239 0.018674197)
(-0.037061767 0.12566283 0.02101492)
(-0.032770067 0.11794135 0.022523628)
(-0.028581167 0.10987513 0.023278558)
(-0.024615075 0.10167511 0.023383992)
(-0.020952736 0.093517174 0.022956704)
(-0.017641166 0.085539233 0.022114247)
(-0.01469978 0.077842725 0.020966355)
(-0.012127044 0.070496987 0.019609596)
(-0.0099066754 0.063544886 0.018124814)
(-0.0080129745 0.057008623 0.016576284)
(-0.0064150228 0.050894988 0.015014321)
(-0.0050798627 0.045199739 0.013476232)
(-0.0039747252 0.039911085 0.011988486)
(-0.0030684741 0.035012322 0.010568884)
(-0.0023324241 0.03048377 0.0092284955)
(-0.0017407503 0.026304154 0.0079733104)
(-0.0012706121 0.022451573 0.0068055538)
(-0.00090207018 0.018904165 0.0057247367)
(-0.00061790787 0.015640548 0.004728455)
(-0.00040338263 0.012640115 0.0038130076)
(-0.00024595444 0.0098832145 0.00297386)
(-0.00013505221 0.0073512543 0.002206003)
(-6.1894078e-05 0.0050267539 0.0015042209)
(-1.9868789e-05 0.0028933567 0.00086365726)
(-1.2692305e-06 0.00093581816 0.00027894446)
(0.013568778 0.40789376 -0.012419363)
(-0.027087915 0.23651868 -0.018203004)
(-0.031973073 0.16325983 -0.017664814)
(-0.044010045 0.14362198 -0.014864439)
(-0.0512015 0.1384911 -0.011362267)
(-0.055427232 0.13548972 -0.0075618253)
(-0.056949174 0.13224 -0.0037325202)
(-0.056324906 0.12838129 -8.4827751e-05)
(-0.054063147 0.12385776 0.0032272899)
(-0.050630682 0.1186971 0.006097026)
(-0.046428138 0.11298487 0.0084572585)
(-0.0418005 0.10683816 0.01028512)
(-0.037029877 0.10038994 0.011584403)
(-0.032334357 0.093771214 0.012389711)
(-0.02786757 0.087102636 0.012757648)
(-0.023735205 0.080490381 0.012757353)
(-0.019997263 0.074020219 0.012462054)
(-0.016678736 0.067757627 0.011942655)
(-0.013778696 0.061749599 0.01126334)
(-0.011278734 0.056027411 0.010479125)
(-0.0091481258 0.050609315 0.009635331)
(-0.0073511149 0.045504206 0.0087671904)
(-0.0058502757 0.040713784 0.0079010696)
(-0.0046075282 0.036233971 0.0070559975)
(-0.0035872037 0.032056843 0.0062454601)
(-0.0027566357 0.028171763 0.0054782052)
(-0.0020865453 0.024566247 0.0047593573)
(-0.0015511749 0.021226609 0.0040913415)
(-0.0011281472 0.018138456 0.0034746274)
(-0.00079823799 0.015287067 0.0029082777)
(-0.00054507121 0.012657679 0.0023903803)
(-0.00035480182 0.01023572 0.0019183587)
(-0.00021573525 0.0080069743 0.001489223)
(-0.00011815441 0.0059577175 0.0010997574)
(-5.3999408e-05 0.004074809 0.00074667005)
(-1.7288327e-05 0.0023457555 0.00042706337)
(-1.0878837e-06 0.00075875171 0.00013751569)
(0.014095051 0.40682157 -0.0032736055)
(-0.027907966 0.23409549 -0.005155612)
(-0.033504655 0.15992563 -0.005288379)
(-0.045828075 0.13904588 -0.0048381471)
(-0.053197238 0.13205324 -0.0041927506)
(-0.057406038 0.12684759 -0.0034149647)
(-0.058747519 0.12153617 -0.0025687757)
(-0.057825025 0.11596735 -0.0017100793)
(-0.055193527 0.11018161 -0.00089203253)
(-0.051368865 0.10423857 -0.00014889837)
(-0.046798229 0.098203905 0.00049104433)
(-0.041857858 0.092139166 0.0010163502)
(-0.036837544 0.086101035 0.0014188527)
(-0.031959582 0.080143336 0.0016984415)
(-0.027376429 0.074311271 0.0018678482)
(-0.023183073 0.068641825 0.0019431251)
(-0.019427841 0.06316399 0.0019419395)
(-0.01612403 0.057899562 0.0018819351)
(-0.013260286 0.052864181 0.0017793882)
(-0.010809251 0.048068362 0.001648403)
(-0.0087343163 0.043518417 0.001500671)
(-0.0069949332 0.039217212 0.001345984)
(-0.0055492274 0.035164563 0.0011907526)
(-0.0043575458 0.031358107 0.0010397284)
(-0.0033834789 0.027793517 0.00089633372)
(-0.0025936094 0.024464527 0.00076285408)
(-0.0019586115 0.021363428 0.00064066098)
(-0.00145293 0.018481344 0.00053043533)
(-0.0010545767 0.015808487 0.00043234749)
(-0.00074478524 0.013334415 0.00034617153)
(-0.00050767888 0.011048258 0.00027138123)
(-0.00032991261 0.0089389367 0.00020721631)
(-0.00020029157 0.0069953443 0.00015275071)
(-0.00010953384 0.0052065084 0.00010694859)
(-4.9971242e-05 0.0035617184 6.8726859e-05)
(-1.598322e-05 0.0020506268 3.738618e-05)
(-9.9362482e-07 0.00066332539 1.1663663e-05)
(0.014074981 0.40704621 0.0060243505)
(-0.027746965 0.23467224 0.0082642391)
(-0.033243103 0.1608747 0.0072899614)
(-0.045520842 0.14043868 0.0052963263)
(-0.052862183 0.13401931 0.00301424)
(-0.057076064 0.12936032 0.0006822951)
(-0.058450472 0.12449085 -0.0015407891)
(-0.057583437 0.11922647 -0.0035442227)
(-0.055017989 0.11359691 -0.0052652096)
(-0.05125731 0.1076759 -0.0066665933)
(-0.046743258 0.10155367 -0.007737126)
(-0.041848532 0.095318584 -0.0084903189)
(-0.03686194 0.089053676 -0.0089476264)
(-0.032006508 0.082836513 -0.0091437351)
(-0.027436601 0.076731714 -0.0091173051)
(-0.02324902 0.070791009 -0.0089126829)
(-0.019494198 0.065053824 -0.0085717403)
(-0.01618721 0.059548552 -0.0081319787)
(-0.013318124 0.054294353 -0.0076255231)
(-0.010860596 0.049302983 -0.0070788981)
(-0.0087789694 0.044580446 -0.0065139228)
(-0.0070327256 0.040128121 -0.0059463584)
(-0.0055806376 0.035944055 -0.0053877794)
(-0.0043834616 0.032023804 -0.0048460119)
(-0.0034044224 0.028360719 -0.0043266521)
(-0.0026102567 0.024946435 -0.003833133)
(-0.0019716019 0.021771324 -0.0033672089)
(-0.0014628639 0.0188248 -0.0029294137)
(-0.001061984 0.016095593 -0.0025194525)
(-0.00075014164 0.013571987 -0.0021364966)
(-0.00051140562 0.011242044 -0.0017794205)
(-0.00033237631 0.0090937905 -0.0014469585)
(-0.00020179778 0.0071153787 -0.001137817)
(-0.00011035402 0.0052952258 -0.00085073123)
(-5.0364696e-05 0.0036221197 -0.00058449251)
(-1.6075997e-05 0.002085302 -0.0003376103)
(-1.0111168e-06 0.00067452745 -0.0001092646)
(0.013486697 0.4085147 0.015053364)
(-0.026659651 0.23816375 0.021077186)
(-0.031220233 0.16596384 0.01952023)
(-0.043125759 0.14736343 0.015226329)
(-0.050228844 0.14377715 0.010155879)
(-0.054455298 0.14213006 0.0048746194)
(-0.0560638 0.13992334 -0.00026231112)
(-0.05559074 0.13673785 -0.005008147)
(-0.053510095 0.13252728 -0.0091926623)
(-0.050255797 0.12736887 -0.012713505)
(-0.046215251 0.12140901 -0.015517511)
(-0.041722546 0.11482808 -0.017601056)
(-0.03705374 0.10781713 -0.018991613)
(-0.032427858 0.10056185 -0.019749229)
(-0.02800649 0.093226892 -0.019956462)
(-0.023896841 0.085950195 -0.019707491)
(-0.020165591 0.078841974 -0.01909816)
(-0.016842676 0.071983536 -0.018218957)
(-0.013931675 0.065430793 -0.017150341)
(-0.01141598 0.059218223 -0.015960812)
(-0.0092680345 0.053364481 -0.014705443)
(-0.0074543128 0.047876138 -0.013426929)
(-0.0059371981 0.042750384 -0.012157379)
(-0.0046795245 0.0379783 -0.010920048)
(-0.0036458817 0.033546888 -0.0097309684)
(-0.0028036597 0.029440564 -0.0086003238)
(-0.0021235549 0.02564224 -0.0075338476)
(-0.0015797075 0.022134085 -0.0065339921)
(-0.0011496245 0.018898064 -0.0056008913)
(-0.00081394216 0.015916314 -0.0047331037)
(-0.00055613938 0.013171405 -0.0039281881)
(-0.00036222327 0.010646519 -0.0031831183)
(-0.00022039115 0.008325569 -0.0024945781)
(-0.00012078647 0.0061932793 -0.0018591538)
(-5.5230694e-05 0.004235227 -0.0012734543)
(-1.7718922e-05 0.0024378622 -0.00073381858)
(-1.1213931e-06 0.00078850939 -0.00023730035)
(0.013314962 0.41149674 0.023610956)
(-0.024801502 0.24463513 0.032569822)
(-0.027576515 0.17431208 0.030904531)
(-0.038824816 0.15798674 0.02462021)
(-0.045468557 0.15812519 0.017087293)
(-0.04964348 0.16048908 0.0092245101)
(-0.05159082 0.16179768 0.0015380148)
(-0.051737056 0.16134498 -0.0056380894)
(-0.050441658 0.15904287 -0.012071933)
(-0.048038761 0.15499943 -0.017612475)
(-0.04482363 0.14942858 -0.022163035)
(-0.041063898 0.14260042 -0.025679672)
(-0.036997299 0.13481083 -0.028170946)
(-0.032827383 0.12635768 -0.029695344)
(-0.028720127 0.11752024 -0.030353399)
(-0.02480224 0.10854386 -0.030268369)
(-0.02116228 0.099631053 -0.029576474)
(-0.017854429 0.090938685 -0.028413784)
(-0.014904244 0.082580305 -0.026906586)
(-0.012315063 0.074631611 -0.025165456)
(-0.010074229 0.067137389 -0.023281962)
(-0.0081585577 0.060118545 -0.021330472)
(-0.0065388026 0.053578415 -0.019368244)
(-0.0051830733 0.047508041 -0.017437594)
(-0.0040592042 0.041890325 -0.015568421)
(-0.0031363496 0.036703139 -0.013780674)
(-0.0023858958 0.031921583 -0.01208658)
(-0.0017819731 0.027519565 -0.010492559)
(-0.0013016016 0.02347086 -0.0090008043)
(-0.00092466836 0.019749817 -0.0076105435)
(-0.00063376897 0.016331787 -0.0063190098)
(-0.00041397417 0.013193382 -0.005122175)
(-0.00025253362 0.010312603 -0.0040152732)
(-0.00013871951 0.0076688951 -0.0029931702)
(-6.3633887e-05 0.0052431413 -0.0020506097)
(-2.0393422e-05 0.0030176244 -0.0011820338)
(-1.3183467e-06 0.00097596991 -0.00038261469)
(0.014233309 0.41638902 0.030952636)
(-0.021986339 0.25425965 0.042474789)
(-0.022489663 0.18487565 0.041112744)
(-0.032963839 0.17005154 0.033171061)
(-0.038953496 0.17329931 0.023615897)
(-0.042965543 0.17916265 0.013684089)
(-0.045227328 0.18355044 0.0039619622)
(-0.046052742 0.18554858 -0.0051866025)
(-0.045679724 0.18507804 -0.013525677)
(-0.044318709 0.18229655 -0.020882598)
(-0.042156933 0.17744657 -0.027122595)
(-0.039376485 0.17081769 -0.032152719)
(-0.036156874 0.16273412 -0.035933319)
(-0.032671092 0.1535418 -0.038485194)
(-0.029078254 0.14358903 -0.039886787)
(-0.02551567 0.13320435 -0.040262533)
(-0.022093253 0.12267775 -0.039766472)
(-0.018891626 0.11224864 -0.038565022)
(-0.015963346 0.10210181 -0.036822178)
(-0.013336404 0.092369857 -0.034688797)
(-0.01101892 0.083139703 -0.032296214)
(-0.0090041885 0.074461073 -0.029753596)
(-0.0072753881 0.066355087 -0.027147991)
(-0.0058094704 0.05882203 -0.024546111)
(-0.0045802135 0.051847808 -0.021997041)
(-0.0035604407 0.045409007 -0.019535256)
(-0.0027235596 0.039476677 -0.017183559)
(-0.0020445136 0.034019041 -0.014955734)
(-0.0015003569 0.029003372 -0.012858805)
(-0.0010704771 0.02439724 -0.010894887)
(-0.00073665696 0.020169297 -0.0090626482)
(-0.00048299359 0.016289748 -0.0073584345)
(-0.00029570084 0.012730596 -0.0057771008)
(-0.00016301408 0.0094657509 -0.0043126147)
(-7.5021625e-05 0.0064710292 -0.0029584768)
(-2.4200839e-05 0.0037241065 -0.0017076745)
(-1.5905842e-06 0.0012044309 -0.00055379063)
(0.015168547 0.42283674 0.036459202)
(-0.01857635 0.26642964 0.050674325)
(-0.016365085 0.19671127 0.049932669)
(-0.026071506 0.18186521 0.040614253)
(-0.031207625 0.18664183 0.029537328)
(-0.034906123 0.19466606 0.018107573)
(-0.037364407 0.20112287 0.0069302886)
(-0.038778934 0.20494857 -0.0036630343)
(-0.039278643 0.20609571 -0.013471497)
(-0.038963246 0.20474639 -0.02233685)
(-0.037917109 0.20110239 -0.030104081)
(-0.036233879 0.195374 -0.036632094)
(-0.034023617 0.18780608 -0.041817674)
(-0.03141186 0.17869532 -0.04561668)
(-0.028532395 0.16838491 -0.048053591)
(-0.025516984 0.15724071 -0.049217779)
(-0.022485391 0.14562032 -0.049249759)
(-0.019538008 0.13384579 -0.048322239)
(-0.016752013 0.12218573 -0.046620826)
(-0.0141809 0.11084819 -0.044327795)
(-0.011856514 0.099982239 -0.041610548)
(-0.0097925364 0.089685032 -0.038614742)
(-0.0079885707 0.080011394 -0.035461435)
(-0.0064341385 0.07098372 -0.032247221)
(-0.0051121635 0.062600916 -0.029046247)
(-0.0040017921 0.054845807 -0.025913207)
(-0.0030805113 0.047690915 -0.022886674)
(-0.0023256794 0.041102748 -0.019992322)
(-0.0017155157 0.035044856 -0.017245845)
(-0.0012297304 0.029479925 -0.014655421)
(-0.00084985813 0.024371158 -0.012223746)
(-0.00055937584 0.019683128 -0.0099496153)
(-0.00034366629 0.015382281 -0.0078291565)
(-0.00019004946 0.011437188 -0.0058567332)
(-8.7796169e-05 0.0078186353 -0.0040256109)
(-2.8337895e-05 0.0044996116 -0.0023280988)
(-1.9173747e-06 0.0014552322 -0.00075678026)
(0.016069333 0.43041642 0.039700322)
(-0.015255083 0.2804798 0.057043321)
(-0.0097428049 0.2092515 0.05708033)
(-0.018727456 0.19268279 0.046687328)
(-0.022758054 0.19708205 0.034646412)
(-0.025980034 0.20571643 0.022277587)
(-0.028454847 0.21315962 0.010205168)
(-0.030256387 0.2181769 -0.0012972423)
(-0.031434049 0.22072018 -0.012105247)
(-0.032006117 0.22095628 -0.022091157)
(-0.031975776 0.21899458 -0.031105586)
(-0.031361926 0.21489297 -0.038977567)
(-0.030206658 0.20872489 -0.045545919)
(-0.028578484 0.20063941 -0.050693187)
(-0.026569097 0.19088563 -0.054369075)
(-0.024285161 0.17979983 -0.056598869)
(-0.02183776 0.16776817 -0.057477736)
(-0.019332104 0.15518219 -0.057154986)
(-0.016859668 0.14240079 -0.055813473)
(-0.014493724 0.12972574 -0.053649053)
(-0.012287873 0.11739142 -0.050854554)
(-0.010276732 0.1055658 -0.047607625)
(-0.0084784781 0.094358185 -0.044063198)
(-0.0068981209 0.083830168 -0.040350572)
(-0.0055308464 0.074006903 -0.036573489)
(-0.0043650772 0.0648873 -0.032812159)
(-0.0033850167 0.05645241 -0.029126316)
(-0.0025726389 0.048671922 -0.025558629)
(-0.0019091661 0.041508961 -0.022138049)
(-0.0013760789 0.034923468 -0.018882811)
(-0.00095578492 0.028874518 -0.015803015)
(-0.00063201088 0.023321819 -0.012902731)
(-0.00038997743 0.018226643 -0.010181666)
(-0.00021656247 0.013552361 -0.0076364559)
(-0.00010042751 0.0092647015 -0.0052616366)
(-3.2637237e-05 0.0053318427 -0.0030500403)
(-2.2403136e-06 0.0017243874 -0.0009942027)
(0.017008816 0.43799016 0.040978643)
(-0.012145217 0.2951612 0.06171468)
(-0.0029683061 0.22230685 0.062115798)
(-0.011319232 0.20260578 0.051209702)
(-0.013970762 0.20482441 0.038783122)
(-0.016598436 0.21261017 0.02595798)
(-0.018894937 0.22004309 0.013465714)
(-0.020853888 0.22563943 0.0015224597)
(-0.022453602 0.2292835 -0.0098273181)
(-0.023653438 0.23108749 -0.020510186)
(-0.024418881 0.23106168 -0.030403362)
(-0.024717586 0.22909582 -0.039329691)
(-0.024537669 0.2250498 -0.04709199)
(-0.023893911 0.21885413 -0.053513143)
(-0.022828617 0.21057622 -0.058469118)
(-0.021408204 0.20043723 -0.06190885)
(-0.019716203 0.18878477 -0.063859688)
(-0.017843622 0.17603975 -0.064420332)
(-0.015878942 0.16263797 -0.063744499)
(-0.0139045 0.14898198 -0.062015619)
(-0.011985917 0.13541108 -0.059432011)
(-0.010175648 0.12218876 -0.056190758)
(-0.0085089801 0.10950355 -0.052473522)
(-0.0070071115 0.097478011 -0.048439904)
(-0.0056793987 0.086181232 -0.044224107)
(-0.0045260071 0.075641684 -0.039934809)
(-0.0035404465 0.065858726 -0.035657012)
(-0.0027118164 0.056812021 -0.031454963)
(-0.0020265737 0.048468777 -0.027375449)
(-0.0014699116 0.040789053 -0.023451069)
(-0.0010267527 0.033729496 -0.019703206)
(-0.0006824169 0.027245859 -0.016144589)
(-0.00042302452 0.021294635 -0.012781402)
(-0.00023589082 0.015834063 -0.009614989)
(-0.00010989053 0.010824693 -0.0066431739)
(-3.5800372e-05 0.0062296554 -0.0038610016)
(-2.5152482e-06 0.0020147534 -0.0012623642)
(0.017814771 0.44567512 0.040647491)
(-0.0086690269 0.31043116 0.064451927)
(0.0030802852 0.23621306 0.06458777)
(-0.0039616662 0.21233371 0.054361257)
(-0.0050794216 0.21089249 0.041816122)
(-0.0070439859 0.21656523 0.028928982)
(-0.0089794702 0.22309593 0.016409109)
(-0.010847786 0.22867201 0.0044055814)
(-0.012592815 0.23301429 -0.007092183)
(-0.014146583 0.23614705 -0.018075391)
(-0.015441998 0.2379957 -0.028454494)
(-0.016421187 0.23831563 -0.038063471)
(-0.017041547 0.23677285 -0.046695329)
(-0.01727976 0.23306292 -0.054141439)
(-0.017134234 0.22701544 -0.060226542)
(-0.016626328 0.21865383 -0.064833811)
(-0.015800393 0.20820008 -0.06791857)
(-0.014719592 0.19603275 -0.069512216)
(-0.013438909 0.18261955 -0.069721775)
(-0.012065669 0.16844724 -0.068689565)
(-0.010624632 0.15396479 -0.066599502)
(-0.0091960783 0.13954946 -0.063643504)
(-0.0078244533 0.12549317 -0.060014676)
(-0.0065444912 0.11200404 -0.055893909)
(-0.0053789324 0.09921678 -0.05144073)
(-0.0043404098 0.087206996 -0.046790456)
(-0.003433434 0.076005666 -0.042054019)
(-0.0026563294 0.065611984 -0.03731952)
(-0.0020030506 0.056003784 -0.032654793)
(-0.0014646754 0.047145497 -0.028110406)
(-0.0010306259 0.038993943 -0.023722681)
(-0.00068958848 0.031502384 -0.01951649)
(-0.00043012553 0.024623236 -0.015507682)
(-0.0002412792 0.018309819 -0.011705142)
(-0.00011300448 0.012517417 -0.0081124436)
(-3.7169989e-05 0.0072038649 -0.0047288769)
(-2.6543276e-06 0.0023298262 -0.0015513339)
(0.01817855 0.45340496 0.038877641)
(-0.0054037029 0.32670481 0.06503526)
(0.0078643724 0.25194665 0.064425462)
(0.0037466703 0.22290511 0.055836053)
(0.0036419794 0.21676334 0.043568123)
(0.0026229337 0.2193146 0.030986644)
(0.0012585993 0.22417865 0.018771381)
(-0.00030286688 0.22917417 0.0070218375)
(-0.0019527509 0.23376577 -0.0043166418)
(-0.0035983427 0.2378375 -0.015269037)
(-0.0051609024 0.24123195 -0.025768598)
(-0.0065741584 0.24361934 -0.035666605)
(-0.0077837017 0.24453714 -0.044764793)
(-0.0087462878 0.24349337 -0.052851665)
(-0.00942973 0.24008449 -0.059734534)
(-0.00981459 0.23409237 -0.065262192)
(-0.0099025435 0.22553508 -0.069339416)
(-0.0097461193 0.2146609 -0.071935357)
(-0.0092889305 0.20189352 -0.073076613)
(-0.0086409361 0.18775341 -0.072895284)
(-0.0078905714 0.17277761 -0.071510146)
(-0.007045905 0.15745886 -0.069082737)
(-0.0061572055 0.14220877 -0.065804599)
(-0.005273818 0.12734338 -0.061860616)
(-0.0044266913 0.11308608 -0.057421894)
(-0.0036389386 0.09958001 -0.052641544)
(-0.0029261128 0.086904308 -0.047651568)
(-0.0022969085 0.075090181 -0.04256201)
(-0.0017544362 0.064134985 -0.037461893)
(-0.0012976133 0.05401353 -0.03242123)
(-0.00092239971 0.04468665 -0.027493554)
(-0.00062279563 0.036107396 -0.022718523)
(-0.00039162546 0.028225321 -0.018124408)
(-0.00022128322 0.020989343 -0.013730306)
(-0.00010442004 0.014349559 -0.0095480367)
(-3.454017e-05 0.0082583251 -0.0055833804)
(-2.5445355e-06 0.0026708527 -0.0018382172)
(0.018486238 0.46105118 0.035906533)
(-0.0023870843 0.34407324 0.063002524)
(0.012407861 0.26994085 0.062787427)
(0.011467752 0.23581203 0.055281173)
(0.012468252 0.22436534 0.04384735)
(0.012622641 0.22306067 0.031920422)
(0.012058544 0.22563724 0.020283942)
(0.011029354 0.22956488 0.0090346137)
(0.0097040585 0.23397272 -0.0018903406)
(0.0081942419 0.23853113 -0.012525616)
(0.0065848843 0.24297232 -0.022813597)
(0.0049441567 0.24691127 -0.032616416)
(0.0033305716 0.24983336 -0.041749546)
(0.0017977044 0.25115283 -0.050017664)
(0.00039592535 0.2503062 -0.05724097)
(-0.00082818517 0.24685695 -0.063271166)
(-0.0018403627 0.24058465 -0.068001087)
(-0.002612303 0.23153056 -0.071370525)
(-0.00314797 0.21998448 -0.073361764)
(-0.0034620686 0.20642235 -0.073994861)
(-0.0035719326 0.19141758 -0.073364408)
(-0.0034965279 0.17555382 -0.071617527)
(-0.0032827697 0.15935933 -0.068905788)
(-0.002988143 0.14326989 -0.065388138)
(-0.0026375704 0.12761635 -0.061232025)
(-0.0022613093 0.11262953 -0.056593775)
(-0.0018843485 0.098454771 -0.051615396)
(-0.0015250711 0.085169936 -0.046421318)
(-0.0011960804 0.072802887 -0.041117121)
(-0.00090523508 0.06134658 -0.035789908)
(-0.000656601 0.050771035 -0.030509716)
(-0.00045132816 0.04103233 -0.025331447)
(-0.00028839908 0.032079018 -0.020296988)
(-0.0001653956 0.023856552 -0.01543728)
(-7.9113153e-05 0.016310178 -0.010774221)
(-2.671432e-05 0.0093867524 -0.006322001)
(-2.0511437e-06 0.003035802 -0.0020893711)
(0.019129251 0.46874327 0.031944828)
(7.6733276e-05 0.36272 0.058225958)
(0.017005428 0.29078029 0.059291371)
(0.019212382 0.25271175 0.052707473)
(0.021812613 0.23612595 0.042414314)
(0.023431441 0.23068288 0.031431411)
(0.023983048 0.23056334 0.020622922)
(0.023760427 0.23300727 0.010108774)
(0.022984514 0.2367845 -0.00015505887)
(0.021793251 0.24130959 -0.010193817)
(0.020278798 0.24615364 -0.019938012)
(0.018515866 0.2508788 -0.029253588)
(0.016574485 0.25497734 -0.03797299)
(0.014525339 0.25787272 -0.045927285)
(0.012440394 0.25895807 -0.052967395)
(0.01039131 0.25766971 -0.058972271)
(0.0084454455 0.25358405 -0.063849729)
(0.0066594245 0.246507 -0.067535135)
(0.0050662306 0.23651931 -0.06999688)
(0.003722647 0.22395997 -0.071245678)
(0.002623403 0.20935559 -0.071330067)
(0.0017168925 0.19332353 -0.070313105)
(0.0010310107 0.1764807 -0.068285277)
(0.00055299325 0.1593771 -0.065386877)
(0.00021078592 0.14245937 -0.061759313)
(-9.948419e-06 0.12606079 -0.057545555)
(-0.00013758126 0.11040914 -0.052882817)
(-0.0001980061 0.095643552 -0.047897402)
(-0.00021237839 0.081834256 -0.042701625)
(-0.00019742499 0.069001176 -0.037392451)
(-0.00016602022 0.057129681 -0.032051455)
(-0.00012770204 0.046182901 -0.02674565)
(-8.9206504e-05 0.036110846 -0.021528823)
(-5.5054082e-05 0.026856855 -0.016443097)
(-2.810801e-05 0.01836195 -0.011520533)
(-1.0160749e-05 0.010567657 -0.0067843639)
(-9.2993985e-07 0.0034177225 -0.0022511963)
(0.019772526 0.47664816 0.027237648)
(0.0017975904 0.38309897 0.051081156)
(0.021626385 0.31565327 0.05317918)
(0.027472643 0.27587557 0.047734191)
(0.032360156 0.25534643 0.038807923)
(0.035924473 0.24611974 0.029054348)
(0.038001619 0.2431543 0.019358157)
(0.038883479 0.24367461 0.0098753845)
(0.038828368 0.24620526 0.0005981028)
(0.038027523 0.24992077 -0.0084779409)
(0.036604347 0.2542327 -0.017261893)
(0.034656848 0.25865967 -0.025626736)
(0.032289079 0.26274152 -0.033430635)
(0.029610145 0.2659901 -0.040540927)
(0.026728413 0.26786542 -0.046850699)
(0.023748901 0.26779204 -0.052282384)
(0.02077032 0.26522873 -0.056780853)
(0.017881108 0.25977564 -0.060305867)
(0.015154921 0.25127415 -0.062828808)
(0.012646187 0.23985339 -0.064331991)
(0.010393083 0.22590617 -0.064824165)
(0.0084252491 0.21000641 -0.064348703)
(0.0067113162 0.19280412 -0.062974396)
(0.0052724891 0.17493211 -0.060773335)
(0.0040780155 0.15694161 -0.057844535)
(0.0031023181 0.13927023 -0.054300331)
(0.0023180174 0.12223646 -0.050256187)
(0.0016972918 0.10605101 -0.045824563)
(0.001213682 0.090836135 -0.041110627)
(0.00084320143 0.07664669 -0.036209495)
(0.00056477507 0.063489383 -0.031204765)
(0.00036030005 0.051338601 -0.026168095)
(0.00021454603 0.040148581 -0.021159502)
(0.00011490622 0.029862256 -0.016228137)
(5.1428825e-05 0.020417403 -0.011413287)
(1.5698212e-05 0.011750708 -0.0067452054)
(9.5941427e-07 0.0038003394 -0.0022470386)
(0.020468334 0.48524126 0.021799138)
(0.0039601635 0.40670626 0.041570193)
(0.027273362 0.34714256 0.043775568)
(0.037479944 0.30881816 0.039619857)
(0.0453956 0.28637186 0.032365576)
(0.051389985 0.27416394 0.024225888)
(0.055301967 0.2682162 0.016063118)
(0.057409909 0.26606362 0.0080687334)
(0.058015503 0.26621588 0.0002637703)
(0.057420704 0.26779151 -0.0072958195)
(0.055825484 0.27012538 -0.014540726)
(0.053389697 0.27274842 -0.021373344)
(0.050285289 0.27528076 -0.027689383)
(0.046685897 0.27735634 -0.033399039)
(0.042752376 0.27855819 -0.038436708)
(0.038632206 0.27837991 -0.042768135)
(0.03445612 0.27624909 -0.046376741)
(0.030337122 0.27162219 -0.049253343)
(0.026368201 0.26411597 -0.051384859)
(0.022625473 0.25361908 -0.052762172)
(0.019165579 0.24032745 -0.053383546)
(0.016025081 0.22469667 -0.053255145)
(0.013222061 0.20734391 -0.052402518)
(0.01075906 0.18893637 -0.050869692)
(0.0086269335 0.17009968 -0.048716028)
(0.0068077489 0.15136063 -0.046014507)
(0.0052775504 0.13312354 -0.042846781)
(0.0040088784 0.11567155 -0.039298001)
(0.0029728854 0.099182399 -0.035452393)
(0.0021408983 0.083749927 -0.031389878)
(0.0014854869 0.069405876 -0.027183783)
(0.0009811368 0.056138883 -0.02289949)
(0.00060460849 0.043909654 -0.018593845)
(0.00033521679 0.032662335 -0.014315134)
(0.00015531753 0.022332583 -0.010103417)
(5.0133299e-05 0.012853039 -0.0059908076)
(3.4968772e-06 0.0041568512 -0.0020029789)
(0.021567462 0.49443369 0.015065519)
(0.008014853 0.43384291 0.028940414)
(0.034992819 0.3858661 0.030404313)
(0.050101674 0.35224046 0.027586879)
(0.061410057 0.32991662 0.022463939)
(0.069866247 0.31541025 0.016584641)
(0.075438078 0.30608063 0.01064854)
(0.078426675 0.30014747 0.0048651571)
(0.079299289 0.29644703 -0.00070868147)
(0.078461539 0.29423744 -0.0060147948)
(0.076200399 0.29296769 -0.011022111)
(0.07281479 0.29225919 -0.015681458)
(0.068580216 0.29182528 -0.019940304)
(0.063740245 0.29139805 -0.023740748)
(0.058516224 0.29066481 -0.027051568)
(0.05309611 0.28919498 -0.029878077)
(0.04763628 0.28642386 -0.032223921)
(0.042263405 0.28171912 -0.034098063)
(0.037078906 0.27452311 -0.035505319)
(0.032162318 0.26450339 -0.036445399)
(0.027573502 0.25164445 -0.036913581)
(0.023354464 0.23624655 -0.036906791)
(0.019530947 0.21884563 -0.036429146)
(0.016114009 0.20009606 -0.035495624)
(0.013102086 0.18065896 -0.034133379)
(0.010483314 0.16112179 -0.032380729)
(0.0082378965 0.14195573 -0.03028461)
(0.0063403642 0.12350488 -0.027897372)
(0.0047615979 0.10599615 -0.025273626)
(0.0034705851 0.089559387 -0.022467527)
(0.0024358256 0.074250384 -0.019530674)
(0.001626372 0.060072142 -0.016510635)
(0.0010126104 0.046992529 -0.013450043)
(0.00056701648 0.034957858 -0.010386146)
(0.00026545918 0.02390272 -0.0073507042)
(8.6688451e-05 0.013756761 -0.0043698315)
(6.3345087e-06 0.0044491279 -0.0014650915)
(0.02271277 0.50171939 0.0063767307)
(0.012591707 0.45676166 0.012204179)
(0.04260345 0.41984627 0.012567852)
(0.061710824 0.39158961 0.011184395)
(0.075672026 0.37031561 0.0087955702)
(0.085817094 0.35418315 0.0060704695)
(0.092328016 0.34179207 0.0033605523)
(0.095643691 0.33214074 0.00076721184)
(0.096342115 0.32446675 -0.001681137)
(0.094921603 0.31833279 -0.0039799704)
(0.091804055 0.31338083 -0.0060901768)
(0.087395574 0.30932579 -0.0080114579)
(0.082056394 0.30594459 -0.0097348072)
(0.076099732 0.30302845 -0.011247427)
(0.069778837 0.30028146 -0.012548097)
(0.063305927 0.29733787 -0.013641514)
(0.056850927 0.29359782 -0.014536189)
(0.050540174 0.28839757 -0.015241081)
(0.044474838 0.28107248 -0.015761877)
(0.038729877 0.27114457 -0.016099852)
(0.033360565 0.25844816 -0.016252758)
(0.028406167 0.24316069 -0.016217278)
(0.023891895 0.22574072 -0.015991928)
(0.019830241 0.20681219 -0.015579336)
(0.01622229 0.1870426 -0.014987357)
(0.013059167 0.167048 -0.014229057)
(0.01032368 0.14733707 -0.013321868)
(0.0079920426 0.12829092 -0.012286317)
(0.0060356508 0.11016774 -0.011144645)
(0.004422742 0.093121152 -0.0099195515)
(0.0031198786 0.077223259 -0.0086331692)
(0.002093176 0.062487134 -0.0073062997)
(0.0013092889 0.04888593 -0.0059578982)
(0.00073649575 0.03636786 -0.0046047708)
(0.00034629752 0.024867185 -0.0032614354)
(0.00011393884 0.01431187 -0.0019399243)
(8.4552026e-06 0.0046286571 -0.00065059505)
(0.02298207 0.50320052 -0.0036709401)
(0.013640168 0.4613286 -0.0073366847)
(0.044194048 0.42645054 -0.0081540538)
(0.063970339 0.39905296 -0.0079979815)
(0.078320396 0.37777843 -0.0072187765)
(0.088686912 0.36114243 -0.0061553335)
(0.095287411 0.3479916 -0.004987176)
(0.098548827 0.33749384 -0.0037812967)
(0.099091764 0.3290315 -0.0025704345)
(0.097511119 0.32214565 -0.0013762847)
(0.094243254 0.31650292 -0.00023205304)
(0.089646558 0.31183488 0.00085845566)
(0.084111006 0.3079283 0.0018804475)
(0.077961575 0.30457134 0.0028172698)
(0.071459272 0.30149823 0.0036539239)
(0.06481765 0.29830564 0.0043858113)
(0.058204988 0.29441721 0.0050099438)
(0.051750615 0.28914406 0.005528573)
(0.045553063 0.28180537 0.0059444924)
(0.039685585 0.27190208 0.0062599965)
(0.034202105 0.25924602 0.0064764138)
(0.029140902 0.24399535 0.006594472)
(0.024526652 0.22659541 0.0066151434)
(0.020371757 0.20766384 0.006540516)
(0.016677509 0.18786755 0.0063744018)
(0.013435406 0.1678258 0.0061225586)
(0.010628627 0.1480523 0.0057925744)
(0.0082336867 0.12893349 0.0053934919)
(0.006222103 0.11073235 0.0049353094)
(0.0045620623 0.093606299 0.0044284497)
(0.0032199026 0.077630199 0.0038832813)
(0.0021613343 0.062818954 0.0033097263)
(0.0013524934 0.04914681 0.0027169807)
(0.00076103824 0.03656252 0.002113334)
(0.00035807241 0.025000511 0.0015060777)
(0.00011769263 0.014388667 0.00090168557)
(8.7973695e-06 0.0046535028 0.0003051196)
(0.022091356 0.49782976 -0.013080033)
(0.0099132022 0.44370188 -0.025464263)
(0.038030152 0.39967325 -0.02732492)
(0.05460151 0.36743215 -0.025608918)
(0.066808928 0.34481126 -0.02183032)
(0.075804666 0.3291125 -0.017280371)
(0.081642169 0.31819627 -0.012612284)
(0.084676554 0.31058621 -0.0079835187)
(0.085424674 0.30527283 -0.0034291427)
(0.08428561 0.30153899 0.00099524159)
(0.081656305 0.29891497 0.0051892175)
(0.077888974 0.29702636 0.0091170233)
(0.073263278 0.29559698 0.01274285)
(0.06803552 0.29436893 0.016017075)
(0.062435495 0.29303265 0.018907675)
(0.056657638 0.29115779 0.021401644)
(0.050860274 0.28817062 0.023498835)
(0.045169903 0.28341554 0.025205391)
(0.039686435 0.27629313 0.026528291)
(0.034486955 0.26641672 0.027469554)
(0.02962925 0.25371543 0.028027954)
(0.02515443 0.23844443 0.028202438)
(0.021088454 0.22111128 0.027996166)
(0.01744348 0.20235937 0.027419687)
(0.014219485 0.18285258 0.026492346)
(0.011406191 0.16318962 0.025242078)
(0.0089851536 0.14385646 0.023703903)
(0.0069318115 0.12521201 0.021917736)
(0.0052174397 0.10749597 0.019926006)
(0.0038108781 0.090848183 0.017771498)
(0.0026799742 0.075331629 0.015495561)
(0.0017927336 0.060954042 0.013136809)
(0.00111818 0.047686105 0.010730242)
(0.0006272433 0.035475541 0.0083067787)
(0.00029407207 0.024257382 0.0058930684)
(9.6396992e-05 0.013961087 0.0035118032)
(7.0598206e-06 0.0045152381 0.0011812004)
(0.020827684 0.48879047 -0.020516042)
(0.0051536143 0.41611243 -0.039470336)
(0.029576217 0.35948591 -0.042101168)
(0.041230195 0.32159125 -0.038942483)
(0.050111077 0.2982476 -0.032789863)
(0.056792033 0.28464878 -0.025679897)
(0.06115114 0.277233 -0.018456023)
(0.063480655 0.27370439 -0.011315675)
(0.064150544 0.27262163 -0.0042986999)
(0.063452145 0.27306635 0.002547572)
(0.061645259 0.27441836 0.0091601427)
(0.058941787 0.27619976 0.015428274)
(0.055529093 0.27803743 0.02124784)
(0.051593248 0.27958307 0.026533049)
(0.047310627 0.28044019 0.031223543)
(0.042838565 0.28011556 0.035285108)
(0.038313459 0.27803035 0.038703)
(0.033848334 0.27360538 0.041465483)
(0.029539017 0.26640024 0.043568106)
(0.025462022 0.25623436 0.045009752)
(0.021674819 0.24323679 0.045786826)
(0.018216906 0.22781537 0.045902722)
(0.015110471 0.2105631 0.045373652)
(0.012362064 0.19214465 0.044232536)
(0.0099656021 0.17319832 0.042527319)
(0.0079055893 0.15427161 0.040317545)
(0.0061598364 0.13579172 0.037671567)
(0.0047018393 0.1180629 0.034662353)
(0.0035028279 0.10128034 0.031363524)
(0.002533443 0.085551136 0.027846159)
(0.00176496 0.070916356 0.024176456)
(0.0011700961 0.057370711 0.020414241)
(0.00072355422 0.044878475 0.016612169)
(0.00040244094 0.033385556 0.012815483)
(0.00018713016 0.022828135 0.0090621618)
(6.0529499e-05 0.013138569 0.0053835686)
(4.2997291e-06 0.0042492403 0.0018043306)
(0.01991037 0.47965342 -0.026276801)
(0.0022425776 0.39038528 -0.049798518)
(0.023021845 0.32424947 -0.052564495)
(0.030015762 0.2836674 -0.048085709)
(0.035708259 0.26159124 -0.040123501)
(0.039912666 0.25087099 -0.031225548)
(0.042466657 0.24672645 -0.022278499)
(0.043664341 0.24638383 -0.013453806)
(0.043794929 0.24828443 -0.0047602445)
(0.043055883 0.25151621 0.0037799746)
(0.04159649 0.25546054 0.01209045)
(0.039540174 0.25961636 0.020039463)
(0.037004968 0.263531 0.027484918)
(0.03411143 0.26673986 0.034298152)
(0.030979217 0.26872736 0.040377348)
(0.027722534 0.26892688 0.045650169)
(0.024447122 0.26677803 0.05006761)
(0.021246917 0.26183164 0.053595451)
(0.018200533 0.25386026 0.056209291)
(0.015368916 0.24292164 0.057892685)
(0.01279419 0.22935144 0.058644449)
(0.010500625 0.21369053 0.058491704)
(0.0085031337 0.19658071 0.057486678)
(0.0067765719 0.1786664 0.055702897)
(0.0053231853 0.16052221 0.053221243)
(0.0041144258 0.14261371 0.050138203)
(0.0031239578 0.12528664 0.04655699)
(0.0023245227 0.10877522 0.042580512)
(0.0016891558 0.093220273 0.038306844)
(0.0011925 0.078690324 0.033826175)
(0.00081156022 0.065201472 0.029218989)
(0.00052601728 0.052734093 0.024555232)
(0.00031825204 0.041245858 0.019894248)
(0.00017328881 0.03068132 0.015285244)
(7.8772125e-05 0.020978642 0.010768071)
(2.484449e-05 0.012074103 0.0063743787)
(1.5874163e-06 0.0039049831 0.0021279661)
(0.019208352 0.47140019 -0.031101751)
(0.00042490763 0.36870488 -0.057527146)
(0.018121399 0.29691464 -0.059498937)
(0.021215136 0.25705173 -0.053861416)
(0.024419507 0.23839094 -0.044457317)
(0.026541367 0.23134555 -0.034232293)
(0.027481658 0.23021196 -0.024062845)
(0.027539938 0.23210307 -0.014089975)
(0.026953341 0.23563741 -0.0042890317)
(0.025869348 0.24010293 0.0053454741)
(0.024389017 0.24500892 0.014747121)
(0.02259518 0.24989575 0.023780727)
(0.020565122 0.25426184 0.032279232)
(0.018376113 0.25754697 0.04007669)
(0.016106571 0.25915232 0.047028499)
(0.013834503 0.25849935 0.053018233)
(0.011634603 0.25512146 0.057956149)
(0.0095728177 0.24876008 0.061776985)
(0.0076887371 0.23942605 0.064445134)
(0.0060302952 0.2273989 0.065967823)
(0.0046418411 0.21316795 0.066395349)
(0.0034656939 0.19733903 0.065773785)
(0.0025112162 0.18053874 0.064180387)
(0.0017630722 0.16334094 0.061719478)
(0.0012049237 0.14622273 0.058522823)
(0.00078605147 0.12954825 0.054723601)
(0.000486457 0.11357272 0.050451762)
(0.00028051022 0.098457651 0.04582903)
(0.00014527068 0.084290249 0.040965446)
(6.1746622e-05 0.071102601 0.035957513)
(1.4672105e-05 0.058888242 0.030887621)
(-7.9568754e-06 0.04761539 0.025824406)
(-1.5275336e-05 0.037236886 0.020823717)
(-1.4070491e-05 0.027697307 0.015929913)
(-9.0644481e-06 0.018937848 0.01117729)
(-4.1403485e-06 0.010899511 0.0065917133)
(-4.9281029e-07 0.0035251056 0.0021913193)
(0.018514383 0.46358392 -0.035180126)
(-0.0018356432 0.34935304 -0.062918877)
(0.013496239 0.27457044 -0.063637599)
(0.013334675 0.23799351 -0.057078522)
(0.01481292 0.22424223 -0.046465895)
(0.015363413 0.22138689 -0.035215791)
(0.015097313 0.22312806 -0.024139067)
(0.014281733 0.22672304 -0.013354455)
(0.013101713 0.23111324 -0.0028146275)
(0.011678556 0.23585553 0.0075051353)
(0.010099965 0.24061968 0.017548285)
(0.0084368963 0.24500553 0.02717817)
(0.0067506437 0.24850006 0.036211704)
(0.0050981677 0.25051616 0.044455784)
(0.0035337907 0.25047103 0.051732997)
(0.0021067018 0.24788464 0.0578962)
(0.00085714048 0.24247306 0.062836565)
(-0.00017257118 0.23420701 0.066488743)
(-0.00096287503 0.22331538 0.068832039)
(-0.0015572732 0.21023476 0.069877598)
(-0.001964163 0.1955248 0.069666075)
(-0.0021378769 0.17977826 0.06833901)
(-0.0021650086 0.16354785 0.066044082)
(-0.0020753746 0.1473007 0.062930183)
(-0.001907952 0.13140003 0.059148997)
(-0.0016882914 0.11610614 0.054851537)
(-0.0014426349 0.10158898 0.050176784)
(-0.0011917 0.087945575 0.045248744)
(-0.00095060769 0.07521789 0.040174523)
(-0.00072977517 0.063408689 0.035043974)
(-0.00053578308 0.052494424 0.029930503)
(-0.00037212618 0.042435051 0.024892567)
(-0.00023993513 0.033181169 0.019975494)
(-0.0001386751 0.024678996 0.015213388)
(-6.6904209e-05 0.016873688 0.01063095)
(-2.2674559e-05 0.009711463 0.006245411)
(-1.8181428e-06 0.0031408733 0.0020673288)
(0.018017644 0.45590831 -0.038299593)
(-0.0047991133 0.33148458 -0.06567159)
(0.0089059127 0.25547846 -0.065703606)
(0.0056606617 0.22365276 -0.058255187)
(0.0059767704 0.21525492 -0.046672814)
(0.0052761593 0.21646361 -0.034679486)
(0.0041436388 0.22072407 -0.02295081)
(0.0027403736 0.22559066 -0.01159894)
(0.001187276 0.23034323 -0.00057888774)
(-0.00041720696 0.23477119 0.01013185)
(-0.0019899839 0.23867463 0.02047236)
(-0.0034630711 0.24171209 0.030297468)
(-0.0047803005 0.24341026 0.039410641)
(-0.005895549 0.24325175 0.047601425)
(-0.0067725098 0.24078625 0.054675307)
(-0.0073859444 0.23573159 0.060475647)
(-0.0077252428 0.22803642 0.06489802)
(-0.0078076823 0.21788879 0.067897716)
(-0.0076528517 0.20567292 0.069483526)
(-0.0072474536 0.19189362 0.069743443)
(-0.0067133719 0.17709445 0.068816014)
(-0.0060749508 0.16179003 0.066825931)
(-0.0053824609 0.14642245 0.063944174)
(-0.0046592384 0.1313405 0.060352862)
(-0.0039476253 0.11679794 0.056221387)
(-0.0032723467 0.10296367 0.05170278)
(-0.0026508955 0.089937258 0.046931146)
(-0.0020945669 0.077765244 0.042020218)
(-0.0016092419 0.066455944 0.037063589)
(-0.0011964467 0.055991603 0.032136148)
(-0.00085447772 0.04633779 0.027296176)
(-0.00057938813 0.0374503 0.022587696)
(-0.00036575566 0.029280013 0.018042797)
(-0.00020744239 0.021776193 0.01368381)
(-9.8190398e-05 0.014888625 0.0095252184)
(-3.2704865e-05 0.0085689393 0.0055755699)
(-2.428719e-06 0.0027713618 0.0018381971)
(0.017748169 0.44827753 -0.040293384)
(-0.0077975335 0.31490247 -0.065740856)
(0.0042709569 0.2389104 -0.066490905)
(-0.0019943826 0.21220912 -0.057278874)
(-0.0025875827 0.20871672 -0.045358173)
(-0.0043452077 0.21334311 -0.032969473)
(-0.0060932164 0.21952697 -0.020854817)
(-0.0078455037 0.22517474 -0.0091745019)
(-0.0095428077 0.22984509 0.0020823127)
(-0.011112282 0.23348667 0.012910214)
(-0.01247978 0.2359963 0.023227933)
(-0.013582408 0.23711111 0.032874678)
(-0.014372713 0.23646799 0.041644422)
(-0.014820629 0.23371478 0.049324682)
(-0.014915568 0.22861805 0.055730698)
(-0.01466788 0.22113387 0.060730627)
(-0.014108694 0.21142576 0.064260177)
(-0.01328606 0.19983292 0.066327139)
(-0.012247641 0.18680676 0.067009056)
(-0.01110269 0.17283903 0.066439203)
(-0.0098630702 0.15839932 0.064774855)
(-0.0085924999 0.14389374 0.062201913)
(-0.0073600206 0.12964526 0.058907136)
(-0.0061924204 0.11589129 0.055067562)
(-0.0051162262 0.10279191 0.050844677)
(-0.0041478183 0.090443222 0.046377987)
(-0.0032949353 0.078891921 0.041783841)
(-0.002558833 0.068148682 0.037156311)
(-0.0019360699 0.058199352 0.032569222)
(-0.0014199783 0.049013664 0.028078755)
(-0.001001868 0.040551706 0.023726219)
(-0.0006719384 0.032768524 0.019540721)
(-0.00041998083 0.025617268 0.015541577)
(-0.00023597401 0.019051268 0.011740403)
(-0.00011080989 0.013025336 0.0081428679)
(-3.6356793e-05 0.007496523 0.0047503064)
(-2.6647291e-06 0.0024245245 0.001560262)
(0.017253354 0.44066935 -0.040985735)
(-0.011152887 0.29943493 -0.063548071)
(-0.0012791664 0.22430674 -0.064868631)
(-0.0092787613 0.20201872 -0.054574896)
(-0.011398725 0.20254382 -0.042747746)
(-0.013791539 0.20962909 -0.030317371)
(-0.015940899 0.21698454 -0.018124728)
(-0.017831874 0.22285256 -0.0064025253)
(-0.019442164 0.22698451 0.0048006935)
(-0.020729401 0.22943298 0.01543432)
(-0.021642995 0.23017999 0.025382673)
(-0.022140875 0.2290842 0.034470216)
(-0.02220045 0.2259598 0.042494908)
(-0.021823744 0.22067832 0.049267442)
(-0.021038982 0.21324447 0.054644795)
(-0.019898503 0.2038248 0.05855206)
(-0.018473185 0.19272977 0.060990669)
(-0.016844129 0.18036434 0.062034077)
(-0.015093629 0.16716801 0.061813753)
(-0.013301779 0.15356158 0.060497421)
(-0.011533978 0.13991072 0.058274284)
(-0.0098445999 0.126508 0.05533991)
(-0.0082726854 0.1135697 0.051876425)
(-0.0068428395 0.10124254 0.048045392)
(-0.0055685081 0.089615373 0.04398571)
(-0.004453701 0.078732056 0.039812215)
(-0.0034952814 0.068603396 0.035616555)
(-0.0026851384 0.059217238 0.03146947)
(-0.0020120176 0.050546379 0.027423719)
(-0.0014629211 0.042554479 0.02351711)
(-0.0010241611 0.035200311 0.019775377)
(-0.00068211659 0.02844068 0.016214725)
(-0.00042368787 0.022232376 0.012844001)
(-0.00023675587 0.016533402 0.0096664914)
(-0.00011045116 0.011303724 0.006681373)
(-3.6190031e-05 0.0065056592 0.0038850518)
(-2.5441447e-06 0.0021040619 0.001271452)
(0.016374506 0.43307967 -0.040173124)
(-0.014402053 0.28456577 -0.059436723)
(-0.0077141286 0.2109291 -0.060464942)
(-0.01648779 0.1920389 -0.050586459)
(-0.020083039 0.19518374 -0.038985163)
(-0.023074863 0.20349722 -0.026901665)
(-0.025442298 0.21113387 -0.015016781)
(-0.027247555 0.21661369 -0.0036165736)
(-0.028516228 0.21978483 0.007171864)
(-0.02925061 0.2207604 0.017239706)
(-0.029445238 0.21961758 0.02644077)
(-0.029101789 0.21637264 0.034598594)
(-0.028243906 0.21104712 0.041538473)
(-0.026921904 0.20373504 0.047122144)
(-0.025210884 0.19463743 0.051273682)
(-0.023203935 0.18405756 0.053991348)
(-0.021002588 0.17236724 0.055345311)
(-0.018706866 0.15996109 0.055464528)
(-0.016407022 0.14721411 0.054517596)
(-0.014178128 0.13445175 0.052692492)
(-0.012077544 0.12193476 0.050179803)
(-0.010144573 0.10985652 0.047159349)
(-0.0084022062 0.098348822 0.043790758)
(-0.0068601033 0.087491817 0.040209437)
(-0.0055176491 0.07732531 0.036525988)
(-0.0043668413 0.067859292 0.032827587)
(-0.0033947816 0.059082893 0.029180556)
(-0.0025857182 0.05097146 0.025633478)
(-0.0019225791 0.043491889 0.022220371)
(-0.0013880917 0.036606466 0.018963642)
(-0.00096555548 0.030275551 0.015876667)
(-0.00063928535 0.024459363 0.012965967)
(-0.00039488415 0.019119139 0.010232972)
(-0.00021945247 0.014217827 0.0076754342)
(-0.00010193819 0.0097204807 0.0052885305)
(-3.3021036e-05 0.0055944358 0.0030659809)
(-2.3146862e-06 0.001809355 0.0010000652)
(0.015536601 0.4255266 -0.037543596)
(-0.017511508 0.27032348 -0.053618327)
(-0.014232344 0.1981941 -0.053969748)
(-0.023715982 0.18145493 -0.045023728)
(-0.028492662 0.18550238 -0.034217846)
(-0.031992397 0.19361195 -0.02294644)
(-0.03439291 0.20053888 -0.011826589)
(-0.035875256 0.20501182 -0.0011950814)
(-0.036541479 0.20689083 0.0087500528)
(-0.036462483 0.20631935 0.017845276)
(-0.035708034 0.20346295 0.025931113)
(-0.034347308 0.1984903 0.032852952)
(-0.032467051 0.19160252 0.038486601)
(-0.030172868 0.18305804 0.042762388)
(-0.027583276 0.17317389 0.045678438)
(-0.024820137 0.16230508 0.047300525)
(-0.021998589 0.15081296 0.047750769)
(-0.019218855 0.13903431 0.047189855)
(-0.016561184 0.12725901 0.045797675)
(-0.014084095 0.11571877 0.043756112)
(-0.01182529 0.10458559 0.041236055)
(-0.0098043062 0.093977004 0.038389068)
(-0.008026106 0.0839649 0.035343289)
(-0.0064848358 0.074585262 0.032202687)
(-0.0051672202 0.065847421 0.029048496)
(-0.0040554 0.057741926 0.025941873)
(-0.0031291423 0.050246813 0.022927027)
(-0.0023674618 0.043332363 0.020034386)
(-0.0017497597 0.036964554 0.017283488)
(-0.0012565402 0.03110748 0.014685501)
(-0.00086983826 0.025724994 0.012245303)
(-0.0005734281 0.020781766 0.0099631804)
(-0.00035284104 0.016243941 0.0078361447)
(-0.00019544063 0.012079512 0.0058589703)
(-9.0390591e-05 0.0082585022 0.0040249759)
(-2.9312704e-05 0.0047530174 0.0023268784)
(-1.995224e-06 0.0015372246 0.00075661331)
(0.014681065 0.41869213 -0.032803238)
(-0.02083439 0.25754134 -0.046034443)
(-0.020405883 0.1861698 -0.045669613)
(-0.03063491 0.17001788 -0.038028185)
(-0.036321455 0.17308831 -0.028601614)
(-0.040176809 0.17944821 -0.018676834)
(-0.042429012 0.18458791 -0.008852284)
(-0.04336865 0.18741383 0.00049856126)
(-0.043212896 0.18775709 0.0091330295)
(-0.042139809 0.18574953 0.016861105)
(-0.040306439 0.1816013 0.023531967)
(-0.037866574 0.17557275 0.029031187)
(-0.034975923 0.16796401 0.033294647)
(-0.031789696 0.15910602 0.036318622)
(-0.028455604 0.14934352 0.038160375)
(-0.025105764 0.1390125 0.038928823)
(-0.021850211 0.12841864 0.038768906)
(-0.018773306 0.1178219 0.037843979)
(-0.015933381 0.10742915 0.036319898)
(-0.013365041 0.097394114 0.034352794)
(-0.011082987 0.087822451 0.0320812)
(-0.0090864834 0.078779521 0.029622169)
(-0.0073637268 0.070298945 0.027070487)
(-0.0058957028 0.062390622 0.024499972)
(-0.0046592898 0.055047604 0.02196593)
(-0.0036296153 0.048251597 0.019508097)
(-0.0027817173 0.041977152 0.017153596)
(-0.0020916634 0.036194742 0.014919642)
(-0.001537212 0.03087293 0.012815886)
(-0.0010981729 0.025979855 0.010846335)
(-0.00075654576 0.021484213 0.0090109043)
(-0.00049647636 0.017355868 0.0073066264)
(-0.00030415509 0.013566219 0.0057285799)
(-0.00016770837 0.010088387 0.0042705946)
(-7.7311465e-05 0.006897288 0.0029257787)
(-2.4776902e-05 0.0039696307 0.0016870911)
(-1.6868054e-06 0.0012838672 0.00054704572)
(0.01386986 0.41320543 -0.026145137)
(-0.023823215 0.24705226 -0.036651237)
(-0.025750147 0.17532598 -0.03593207)
(-0.036722465 0.15824431 -0.029873617)
(-0.043095771 0.15866805 -0.022335118)
(-0.047143939 0.16186018 -0.014317772)
(-0.049106557 0.16415365 -0.0063531017)
(-0.049387631 0.16467772 0.0011945723)
(-0.048323234 0.16325174 0.008071924)
(-0.046211185 0.15995895 0.014105346)
(-0.043313989 0.15498927 0.019171225)
(-0.039870914 0.14860081 0.023199324)
(-0.03609825 0.14108799 0.026175215)
(-0.032185916 0.13275651 0.028138316)
(-0.028292958 0.12390148 0.029174266)
(-0.024544826 0.1147895 0.029401787)
(-0.021032926 0.10564671 0.028958288)
(-0.017816812 0.096653476 0.027983835)
(-0.014928426 0.087944874 0.026612293)
(-0.012377507 0.079615084 0.024963217)
(-0.01015726 0.071723941 0.023138108)
(-0.0082495271 0.064304061 0.021219455)
(-0.0066291338 0.057367546 0.019271667)
(-0.0052673185 0.050911741 0.017343118)
(-0.0041342593 0.044923874 0.015468644)
(-0.0032007788 0.039384602 0.013672095)
(-0.0024394262 0.034270648 0.011968697)
(-0.0018250754 0.029556672 0.010367094)
(-0.0013352131 0.025216579 0.0088710368)
(-0.0009499762 0.021224396 0.007480729)
(-0.0006520548 0.017554851 0.0061938828)
(-0.00042652245 0.014183725 0.0050065206)
(-0.00026057477 0.011088067 0.0039135836)
(-0.00014338747 0.0082462966 0.0029093855)
(-6.5848934e-05 0.0056382441 0.0019879473)
(-2.1242804e-05 0.0032451382 0.0011434354)
(-1.3863426e-06 0.0010495699 0.00036976479)
(0.013351187 0.40936795 -0.018027247)
(-0.026066224 0.2394215 -0.025750367)
(-0.029828305 0.16650778 -0.025013486)
(-0.041445538 0.14756301 -0.020838379)
(-0.048302397 0.14445914 -0.015632125)
(-0.052414983 0.14371743 -0.010046747)
(-0.054037661 0.14251632 -0.0044737631)
(-0.05368054 0.14028738 0.00079551261)
(-0.051788105 0.1369052 0.0055585472)
(-0.048768166 0.13241282 0.0096735578)
(-0.044982399 0.1269367 0.013055003)
(-0.040741131 0.12065694 0.015667411)
(-0.036303974 0.1137776 0.017525926)
(-0.031878374 0.10650483 0.018678254)
(-0.027621095 0.099030678 0.019202952)
(-0.023642511 0.091522248 0.019196564)
(-0.020010957 0.084115154 0.018762672)
(-0.016760289 0.076913485 0.018002098)
(-0.013899376 0.069992562 0.017006337)
(-0.011417084 0.063402267 0.015854496)
(-0.0092899758 0.05717228 0.014611677)
(-0.0074872208 0.051316716 0.013329236)
(-0.0059745233 0.045838199 0.012045734)
(-0.0047169095 0.040731181 0.010789764)
(-0.0036806122 0.035984507 0.0095812306)
(-0.0028342341 0.031583352 0.0084331347)
(-0.0021493199 0.027510633 0.0073531858)
(-0.0016005903 0.023748029 0.0063451493)
(-0.0011659104 0.020276697 0.0054099192)
(-0.00082612796 0.017077778 0.0045463576)
(-0.00056483779 0.014132754 0.0037519341)
(-0.00036807005 0.011423683 0.0030232096)
(-0.00022400714 0.0089333626 0.0023561971)
(-0.00012273976 0.0066454347 0.0017466302)
(-5.6227758e-05 0.0045444415 0.0011901611)
(-1.7872574e-05 0.0026158548 0.00068275093)
(-1.1839635e-06 0.00084608033 0.00022019134)
(0.013711435 0.4074173 -0.009104828)
(-0.027289405 0.23512034 -0.013519854)
(-0.032354663 0.16077879 -0.013186503)
(-0.044395481 0.14009586 -0.011198172)
(-0.051544499 0.13393585 -0.0086844984)
(-0.055651796 0.12983069 -0.0059392974)
(-0.056999437 0.12557454 -0.0031629797)
(-0.056166124 0.1208923 -0.00051803128)
(-0.053687037 0.11577252 0.0018805882)
(-0.050054296 0.11025519 0.0039503143)
(-0.045686969 0.10441559 0.0056428732)
(-0.040942069 0.098347632 0.0069461617)
(-0.036105729 0.092146436 0.0078663409)
(-0.031387558 0.085903179 0.0084316561)
(-0.026939202 0.079702551 0.0086861186)
(-0.022855755 0.073615498 0.008681516)
(-0.01918779 0.067698469 0.0084708604)
(-0.01595169 0.061994057 0.0081059194)
(-0.013139383 0.056532558 0.0076321879)
(-0.01072663 0.051333937 0.0070882775)
(-0.0086799565 0.046409854 0.006505504)
(-0.0069604164 0.041765234 0.0059083765)
(-0.0055286606 0.037400352 0.0053149835)
(-0.0043469168 0.033311832 0.0047378995)
(-0.0033792558 0.029493167 0.0041861534)
(-0.0025933973 0.025935721 0.0036654896)
(-0.0019607016 0.022629282 0.0031791444)
(-0.001456133 0.019562515 0.0027285084)
(-0.0010580881 0.016723325 0.0023136435)
(-0.00074810101 0.014099161 0.0019336766)
(-0.00051051216 0.011677274 0.0015870953)
(-0.00033213071 0.0094449283 0.001271972)
(-0.00020187597 0.0073895723 0.00098613094)
(-0.00011054796 0.0054989796 0.00072727823)
(-5.0507951e-05 0.003761355 0.00049309951)
(-1.6206148e-05 0.0021654133 0.00028156887)
(-1.0407505e-06 0.00070043388 9.0439303e-05)
(0.01412574 0.40691049 3.2061036e-05)
(-0.027698954 0.23390735 -0.00039914596)
(-0.033184446 0.15904147 -0.0008356204)
(-0.045381886 0.13771148 -0.00125119)
(-0.052628274 0.13049814 -0.0016308029)
(-0.056720083 0.12514567 -0.0019486878)
(-0.057962713 0.11970275 -0.0021916886)
(-0.056965557 0.11401627 -0.0023508395)
(-0.054282991 0.10813512 -0.0024399872)
(-0.050433361 0.10212863 -0.0024650147)
(-0.045864941 0.096067306 -0.0024389261)
(-0.040951823 0.090012718 -0.0023744716)
(-0.035980132 0.084017842 -0.0022829913)
(-0.031166539 0.078130905 -0.0021738629)
(-0.026658284 0.07239119 -0.0020544997)
(-0.022544854 0.066829537 -0.0019304263)
(-0.018870208 0.061469357 -0.0018055209)
(-0.01564428 0.056327783 -0.0016822722)
(-0.01285329 0.051416784 -0.0015621542)
(-0.010468377 0.046744132 -0.0014459347)
(-0.0084522806 0.042314182 -0.0013339401)
(-0.0067643457 0.038128462 -0.0012262474)
(-0.0053629386 0.034185957 -0.0011227962)
(-0.0042088828 0.030483827 -0.0010234534)
(-0.0032663545 0.02701751 -0.0009280405)
(-0.0025026262 0.023780684 -0.00083635041)
(-0.0018890427 0.020765711 -0.00074815794)
(-0.0014007098 0.017963863 -0.00066323897)
(-0.0010162271 0.015365562 -0.00058138753)
(-0.00071737241 0.012960608 -0.00050243766)
(-0.00048875286 0.010738403 -0.00042627749)
(-0.00031742432 0.0086881487 -0.00035285796)
(-0.00019255883 0.00679903 -0.000282191)
(-0.00010516211 0.0050603645 -0.00021433886)
(-4.8027917e-05 0.0034617281 -0.00014939734)
(-1.5172101e-05 0.0019930531 -8.734501e-05)
(-9.9535928e-07 0.00064470104 -2.8541423e-05)
(0.01381199 0.40756858 0.0091507362)
(-0.027224846 0.23554334 0.012736558)
(-0.032305203 0.16155906 0.011518263)
(-0.044341847 0.14130317 0.0086977532)
(-0.051494852 0.13551309 0.0054248475)
(-0.055618173 0.13168355 0.0020466162)
(-0.056982652 0.12756745 -0.0012094729)
(-0.056171475 0.12289739 -0.0041761334)
(-0.053713699 0.1176755 -0.0067509193)
(-0.050091254 0.11197773 -0.008873301)
(-0.045728511 0.10591071 -0.010518465)
(-0.040982882 0.099594712 -0.011697681)
(-0.036141865 0.093145599 -0.012438728)
(-0.031416801 0.086669285 -0.012788287)
(-0.026960853 0.080259713 -0.01280506)
(-0.022870191 0.07399256 -0.012551978)
(-0.019195999 0.067925631 -0.012090739)
(-0.015954961 0.062100549 -0.011477846)
(-0.013139024 0.056545187 -0.010762164)
(-0.010723827 0.051276325 -0.0099840945)
(-0.0086756852 0.046302165 -0.0091757481)
(-0.0069554238 0.041624215 -0.008361853)
(-0.0055234874 0.037239577 -0.0075603981)
(-0.0043419288 0.033142036 -0.0067836815)
(-0.0033746831 0.029322627 -0.0060403501)
(-0.0025893686 0.025770636 -0.0053357056)
(-0.0019572755 0.022474132 -0.0046725142)
(-0.0014533178 0.019420383 -0.004051707)
(-0.0010558585 0.01659618 -0.0034729349)
(-0.0007464103 0.013988103 -0.0029350006)
(-0.00050929562 0.011582739 -0.0024361803)
(-0.00033131632 0.009366852 -0.0019744597)
(-0.0002013855 0.0073275298 -0.0015476946)
(-0.00011030352 0.0054522933 -0.0011537169)
(-5.0384597e-05 0.0037291809 -0.00079039787)
(-1.621237e-05 0.0021468073 -0.0004555285)
(-1.028653e-06 0.0006944035 -0.0001473525)
(0.013357204 0.40953549 0.018005003)
(-0.025965417 0.24009912 0.02497138)
(-0.029758156 0.16795023 0.023344202)
(-0.041356547 0.14975462 0.018338738)
(-0.048216318 0.1473006 0.012382698)
(-0.052350616 0.14698651 0.0061781159)
(-0.054008395 0.14596269 0.00013958867)
(-0.053688747 0.14368881 -0.0054505345)
(-0.05182962 0.14009955 -0.010395315)
(-0.048834576 0.13528465 -0.014574567)
(-0.045061155 0.12942063 -0.017922829)
(-0.040821056 0.12272714 -0.02042489)
(-0.036376783 0.1154383 -0.022115124)
(-0.031939103 0.10778158 -0.023058619)
(-0.027667983 0.099962659 -0.023348706)
(-0.023675502 0.092155491 -0.023094046)
(-0.020031525 0.084498214 -0.022406961)
(-0.01677121 0.077093868 -0.02139438)
(-0.013902881 0.070013995 -0.020151999)
(-0.011415488 0.063303759 -0.018761253)
(-0.0092852156 0.056987503 -0.017288462)
(-0.0074807952 0.051073941 -0.015785456)
(-0.0059675196 0.045560572 -0.014290798)
(-0.0047100591 0.040437187 -0.012832807)
(-0.0036743631 0.035688531 -0.011430945)
(-0.0028288209 0.031296265 -0.010097679)
(-0.002144827 0.027240359 -0.0088401596)
(-0.0015970025 0.023500075 -0.007661609)
(-0.0011631522 0.020054625 -0.006562446)
(-0.00082409064 0.016883618 -0.0055411577)
(-0.00056340034 0.013967353 -0.0045949659)
(-0.00036711178 0.011286997 -0.0037203163)
(-0.00022341379 0.0088246975 -0.002913229)
(-0.00012241039 0.0065636387 -0.00216954)
(-5.6078124e-05 0.0044880587 -0.0014850629)
(-1.7821632e-05 0.0025832449 -0.00085544117)
(-1.1765365e-06 0.00083551052 -0.00027675234)
(0.013735362 0.41324296 0.026107738)
(-0.023772168 0.24776504 0.035835771)
(-0.025696781 0.17721386 0.034240254)
(-0.03662295 0.16113051 0.027365368)
(-0.042992556 0.16231595 0.019101051)
(-0.047066238 0.1659397 0.010489274)
(-0.049077908 0.16834829 0.002075943)
(-0.04941604 0.16873591 -0.0057840129)
(-0.048399542 0.16701525 -0.012852096)
(-0.046321495 0.1633207 -0.018967221)
(-0.043442346 0.15789233 -0.024021861)
(-0.040002127 0.15102537 -0.027961584)
(-0.036220297 0.14304197 -0.030787638)
(-0.032290979 0.1342681 -0.032554828)
(-0.028377326 0.12501278 -0.033363188)
(-0.024608111 0.11555084 -0.033344034)
(-0.021076998 0.10611187 -0.032644245)
(-0.01784477 0.096875909 -0.031412111)
(-0.014943804 0.087974983 -0.029786733)
(-0.012383733 0.079498524 -0.027891118)
(-0.010157322 0.071500708 -0.025828802)
(-0.0082458353 0.064008195 -0.023683265)
(-0.0066235021 0.057027261 -0.021519187)
(-0.0052610236 0.050549829 -0.019384733)
(-0.0041281291 0.044558256 -0.017314238)
(-0.0031952952 0.039028959 -0.015330881)
(-0.0024348163 0.033935052 -0.013449148)
(-0.0018213941 0.029248201 -0.011676947)
(-0.0013324069 0.024939876 -0.010017363)
(-0.00094793092 0.020982167 -0.0084700532)
(-0.00065063335 0.017348293 -0.0070323323)
(-0.00042558494 0.014012894 -0.0056999848)
(-0.0002599933 0.010952177 -0.0044678636)
(-0.00014305341 0.0081439637 -0.0033303155)
(-6.5705436e-05 0.0055676846 -0.002281477)
(-2.1169891e-05 0.0032043219 -0.001315262)
(-1.391631e-06 0.0010363391 -0.00042601172)
(0.014609817 0.41862572 0.032782626)
(-0.020812639 0.25824119 0.045158084)
(-0.020369192 0.18830661 0.043932962)
(-0.030544219 0.1732983 0.035502798)
(-0.036231246 0.1771292 0.025384864)
(-0.040122467 0.18384027 0.014897076)
(-0.042435219 0.18899746 0.0046431152)
(-0.043443081 0.19161129 -0.0050141908)
(-0.043345107 0.19161586 -0.013843721)
(-0.042313771 0.18919039 -0.021672649)
(-0.040502983 0.18458394 -0.028359369)
(-0.038067183 0.17808266 -0.03379896)
(-0.035165369 0.17000652 -0.037938174)
(-0.031957403 0.16070308 -0.040785562)
(-0.028595818 0.15053062 -0.042411383)
(-0.025216916 0.13983499 -0.042937208)
(-0.021933785 0.12892765 -0.042519285)
(-0.018832676 0.11807041 -0.041330317)
(-0.015972829 0.10746877 -0.039543294)
(-0.013389002 0.097272755 -0.037319376)
(-0.011095559 0.087582846 -0.03480033)
(-0.0090911625 0.078458561 -0.032105022)
(-0.0073633186 0.06992754 -0.029328999)
(-0.0058923333 0.06199396 -0.026546094)
(-0.0046544861 0.054645641 -0.023811133)
(-0.0036244091 0.047859663 -0.02116307)
(-0.002776756 0.041606613 -0.018628096)
(-0.0020873086 0.035853638 -0.016222464)
(-0.0015336249 0.030566585 -0.013954919)
(-0.0010953808 0.025711419 -0.011828699)
(-0.00075449309 0.021255135 -0.0098431204)
(-0.00049506061 0.017166301 -0.0079948091)
(-0.00030325439 0.013415358 -0.006278619)
(-0.00016719551 0.0099747437 -0.0046883099)
(-7.7077669e-05 0.0068189128 -0.0032170324)
(-2.4691017e-05 0.0039242873 -0.0018575186)
(-1.6875423e-06 0.0012691681 -0.00060280313)
(0.01550812 0.42542542 0.037524853)
(-0.017415589 0.27101813 0.052727585)
(-0.014192528 0.20042721 0.052207034)
(-0.023643468 0.18489031 0.042488295)
(-0.028439474 0.1896543 0.03103123)
(-0.031993186 0.19802828 0.019232338)
(-0.034467769 0.20489933 0.0077071696)
(-0.036019376 0.20912638 -0.0032236271)
(-0.036744469 0.21066562 -0.013375754)
(-0.036713619 0.2097041 -0.022596378)
(-0.035985587 0.20642959 -0.030729877)
(-0.034630479 0.20102324 -0.037626074)
(-0.032738376 0.19369738 -0.04316702)
(-0.030419404 0.18472341 -0.047291812)
(-0.027797004 0.17443232 -0.050009571)
(-0.02499763 0.16319187 -0.051398242)
(-0.022140135 0.15137295 -0.051592024)
(-0.019327332 0.13931778 -0.050762475)
(-0.016640974 0.1273176 -0.049098433)
(-0.014140202 0.11560208 -0.046788566)
(-0.011862719 0.10433895 -0.044008527)
(-0.0098276322 0.093640161 -0.040912882)
(-0.0080392551 0.083571464 -0.037631352)
(-0.0064909974 0.074162791 -0.034268412)
(-0.0051688673 0.065417829 -0.030905038)
(-0.0040543654 0.057322087 -0.027601629)
(-0.0031267264 0.049849259 -0.024401363)
(-0.002364541 0.042965979 -0.021333531)
(-0.0017468858 0.036635239 -0.018416571)
(-0.001254029 0.030818748 -0.015660674)
(-0.00086783512 0.025478491 -0.013069933)
(-0.00057196418 0.020577717 -0.010644053)
(-0.00035187366 0.01608152 -0.0083796745)
(-0.00019488432 0.011957143 -0.006271374)
(-9.0125123e-05 0.0081741013 -0.0043124052)
(-2.9236436e-05 0.0047041853 -0.0024950854)
(-1.9911893e-06 0.0015213941 -0.00081166262)
(0.016373529 0.43298291 0.040096413)
(-0.014220722 0.28526271 0.058499568)
(-0.0075843394 0.21314549 0.058710454)
(-0.016436103 0.19545816 0.048078563)
(-0.02007627 0.19928289 0.035855245)
(-0.023141734 0.20781201 0.023274127)
(-0.025592169 0.21536498 0.011003361)
(-0.027472553 0.22060565 -0.00069339799)
(-0.028804484 0.223466 -0.011705954)
(-0.02958644 0.22409988 -0.021925277)
(-0.029808419 0.22259332 -0.031206559)
(-0.029472394 0.21896386 -0.039374498)
(-0.028604068 0.2132364 -0.04625682)
(-0.027257131 0.20551422 -0.051720433)
(-0.025510908 0.19601253 -0.055697668)
(-0.023462972 0.18505053 -0.058197502)
(-0.021218952 0.17301423 -0.059302104)
(-0.018882059 0.16030835 -0.059152338)
(-0.01654466 0.14731305 -0.057927339)
(-0.014283051 0.13435433 -0.055823349)
(-0.012155151 0.12168999 -0.053037393)
(-0.01020019 0.10950825 -0.049753845)
(-0.0084407592 0.097934603 -0.046135115)
(-0.0068858744 0.087042635 -0.042318043)
(-0.0055341722 0.076865876 -0.038413549)
(-0.0043769051 0.067408653 -0.034508329)
(-0.0034005047 0.058655187 -0.030667729)
(-0.0025886525 0.050576704 -0.026939112)
(-0.0019238228 0.043136738 -0.023355233)
(-0.001388393 0.036294897 -0.019937321)
(-0.00096539983 0.030009454 -0.016697751)
(-0.00063896717 0.024239047 -0.013642261)
(-0.00039456946 0.018943746 -0.010771721)
(-0.00021921374 0.014085676 -0.0080835167)
(-0.00010181525 0.0096293298 -0.0055726159)
(-3.2953905e-05 0.0055416976 -0.003232132)
(-2.3201209e-06 0.0017922582 -0.0010544182)
(0.017256307 0.44048365 0.040863331)
(-0.011143903 0.29997567 0.062590755)
(-0.0011602486 0.22634805 0.063153831)
(-0.0092921616 0.20527924 0.052134128)
(-0.011459444 0.20648937 0.039699012)
(-0.013937228 0.21379543 0.026786888)
(-0.016170732 0.22108344 0.014216051)
(-0.0181383 0.22674408 0.0021938503)
(-0.019812592 0.2306111 -0.0092463389)
(-0.021145973 0.23277091 -0.020053278)
(-0.022087945 0.23320888 -0.030110798)
(-0.02259649 0.23177788 -0.039242266)
(-0.022649723 0.22828891 -0.047245296)
(-0.022251426 0.22261833 -0.053932497)
(-0.021432657 0.21478377 -0.059165786)
(-0.020249503 0.20496968 -0.062878254)
(-0.01877707 0.19350497 -0.065081905)
(-0.017100177 0.18080994 -0.065862547)
(-0.015303251 0.1673341 -0.065364358)
(-0.013469797 0.15350239 -0.063763356)
(-0.011664755 0.13967969 -0.061256443)
(-0.0099442636 0.12615431 -0.058045154)
(-0.0083467534 0.11313618 -0.054315614)
(-0.0068966445 0.10076492 -0.050232672)
(-0.0056067185 0.089122306 -0.045936721)
(-0.0044802014 0.078245659 -0.041542783)
(-0.0035131946 0.068140088 -0.037141845)
(-0.0026969054 0.05878865 -0.032803505)
(-0.0020194925 0.050160239 -0.028579157)
(-0.0014674768 0.042215424 -0.02450524)
(-0.0010267929 0.034910585 -0.020606243)
(-0.00068352403 0.028200727 -0.016897328)
(-0.00042435306 0.022041319 -0.013386537)
(-0.00023699999 0.016389437 -0.010076571)
(-0.00011054516 0.011204421 -0.0069662072)
(-3.6148093e-05 0.006448204 -0.0040512086)
(-2.5618427e-06 0.002085436 -0.0013256394)
(0.017843946 0.44802257 0.040142138)
(-0.0077934732 0.3152408 0.064777227)
(0.0043316949 0.24062245 0.064796694)
(-0.0020549491 0.21517698 0.054923049)
(-0.0027292212 0.21241636 0.042411636)
(-0.0045770236 0.21731744 0.029547092)
(-0.0064107899 0.22348967 0.017050443)
(-0.0082358076 0.22898265 0.0050624366)
(-0.0099933577 0.23343871 -0.006440869)
(-0.01160807 0.23684197 -0.017460285)
(-0.013005628 0.2390922 -0.027911403)
(-0.014123272 0.23991808 -0.037631897)
(-0.01491342 0.23894867 -0.046414507)
(-0.01534622 0.23583158 -0.054046751)
(-0.015411923 0.23034295 -0.060345818)
(-0.015122926 0.22245634 -0.065184051)
(-0.014514644 0.21235643 -0.068503777)
(-0.013640851 0.20040244 -0.070322532)
(-0.012540972 0.18706117 -0.07073427)
(-0.011356259 0.17283352 -0.069876413)
(-0.010060757 0.1581915 -0.067920746)
(-0.0087533142 0.14353863 -0.065058597)
(-0.0074846105 0.12919206 -0.061481563)
(-0.0062872471 0.11538168 -0.057372485)
(-0.0051870484 0.10225963 -0.052895487)
(-0.0041995736 0.089914414 -0.048191176)
(-0.0033318725 0.078386014 -0.043375919)
(-0.0025845249 0.067679427 -0.038543058)
(-0.0019534295 0.057775885 -0.033765245)
(-0.0014313143 0.04864148 -0.029097301)
(-0.0010089653 0.040233506 -0.024579179)
(-0.00067614288 0.032504921 -0.020238763)
(-0.00042228915 0.025407361 -0.016094345)
(-0.00023709927 0.018893098 -0.012156733)
(-0.00011127582 0.012916237 -0.0084309869)
(-3.6461331e-05 0.0074334021 -0.0049177097)
(-2.6779137e-06 0.0024040623 -0.001614598)
(0.018153804 0.45560164 0.038088151)
(-0.004662806 0.33158271 0.06471296)
(0.0088711762 0.25677557 0.064075173)
(0.0055415663 0.2261709 0.056001297)
(0.0057419077 0.21857212 0.043842647)
(0.0049389867 0.22014955 0.031371004)
(0.0037192603 0.22448559 0.019253698)
(0.0022457656 0.22926875 0.0075850338)
(0.00063701278 0.23386565 -0.0036930498)
(-0.0010106912 0.23810239 -0.014609489)
(-0.0026144649 0.24179162 -0.025101996)
(-0.0041063672 0.24458457 -0.035024278)
(-0.0054301308 0.245998 -0.044179462)
(-0.0065392633 0.24550946 -0.052357038)
(-0.007396645 0.24267296 -0.059363367)
(-0.0079762239 0.2372204 -0.06504355)
(-0.008270055 0.22912161 -0.069295853)
(-0.0083174776 0.21858807 -0.072078708)
(-0.0080741573 0.20602427 -0.073400494)
(-0.0076089519 0.19194967 -0.073390748)
(-0.0070216773 0.17691483 -0.07217275)
(-0.0063402087 0.16143508 -0.069883873)
(-0.0055926983 0.14594811 -0.066710108)
(-0.0048264758 0.13079514 -0.062835191)
(-0.0040781324 0.11622117 -0.058431825)
(-0.0033719884 0.10238642 -0.053655846)
(-0.0027252966 0.089382539 -0.048642819)
(-0.0021488304 0.077249359 -0.04350681)
(-0.0016477885 0.065989711 -0.038340977)
(-0.0012229949 0.055581529 -0.033219322)
(-0.00087207892 0.045987096 -0.028199031)
(-0.00059049617 0.037159772 -0.023322995)
(-0.00037230409 0.029048692 -0.018622257)
(-0.00021092822 0.021601915 -0.014118232)
(-9.9731365e-05 0.014768436 -0.0098246357)
(-3.3197274e-05 0.0084994103 -0.0057489647)
(-2.457262e-06 0.0027488236 -0.0018942891)
(0.018568288 0.46314063 0.034906536)
(-0.0017680278 0.34902467 0.062022951)
(0.013348178 0.27522407 0.062136332)
(0.013088543 0.23981675 0.054946236)
(0.014434664 0.22693565 0.04376086)
(0.014872338 0.22456303 0.03202562)
(0.014514735 0.2264928 0.02054878)
(0.013628253 0.23009329 0.0094355003)
(0.012395261 0.23440035 -0.001373765)
(0.010932179 0.23900871 -0.011912378)
(0.0093265999 0.24361058 -0.022122466)
(0.0076480103 0.24780354 -0.031867074)
(0.0059568545 0.25106592 -0.040964132)
(0.0043099495 0.25280303 -0.049222103)
(0.0027616762 0.25243081 -0.056465398)
(0.0013612829 0.24947714 -0.062548933)
(0.00015044929 0.24367514 -0.067366241)
(-0.00081959318 0.23501863 -0.070854353)
(-0.0015714282 0.22376094 -0.072990457)
(-0.0021033614 0.21035893 -0.073775307)
(-0.0024252523 0.1953853 -0.073281124)
(-0.002520545 0.17943754 -0.071669157)
(-0.0024878769 0.16306622 -0.069082442)
(-0.0023416828 0.14673197 -0.065675084)
(-0.0021206186 0.1307893 -0.061606382)
(-0.0018550521 0.11548916 -0.057031035)
(-0.0015709151 0.10099263 -0.052091274)
(-0.0012881676 0.087388981 -0.046913042)
(-0.0010212592 0.074713796 -0.041604272)
(-0.00077992417 0.062964797 -0.036254866)
(-0.00057002785 0.052114598 -0.03093779)
(-0.00039435549 0.042120333 -0.025710792)
(-0.00025338222 0.032930596 -0.020618381)
(-0.00014597828 0.024490238 -0.015693833)
(-7.0231203e-05 0.016743533 -0.010961063)
(-2.3693497e-05 0.0096361783 -0.0064360651)
(-1.8944953e-06 0.0031164711 -0.0021288456)
(0.019212989 0.47073417 0.030797643)
(0.00040135824 0.36775328 0.05673064)
(0.017899385 0.29662863 0.058154558)
(0.020776832 0.25779094 0.051884688)
(0.023805134 0.24001411 0.041901453)
(0.025787278 0.23355128 0.031178034)
(0.026621879 0.2327299 0.020590085)
(0.026605701 0.234752 0.010270308)
(0.025968631 0.23831031 0.00018315974)
(0.024856103 0.24274003 -0.0096910868)
(0.023365423 0.2475705 -0.019279104)
(0.021574447 0.25234633 -0.028447151)
(0.01955787 0.25656161 -0.037031002)
(0.017391887 0.25964917 -0.044867422)
(0.015154321 0.26100561 -0.05181445)
(0.012922963 0.2600544 -0.057757755)
(0.010772567 0.25633987 -0.062609013)
(0.0087683416 0.24962279 -0.066304661)
(0.006942688 0.23993767 -0.06881266)
(0.0053701625 0.22758769 -0.070145934)
(0.0040405393 0.21308084 -0.070346141)
(0.0029417402 0.19703322 -0.069458708)
(0.0020675494 0.18007427 -0.067575298)
(0.0013984736 0.16277431 -0.064817676)
(0.00090110073 0.14560286 -0.061321784)
(0.00054225625 0.12891481 -0.057226197)
(0.00029509854 0.11295596 -0.052665427)
(0.00013363665 0.097879329 -0.047764588)
(3.5488982e-05 0.083764984 -0.042635985)
(-1.7743028e-05 0.070639301 -0.037377431)
(-4.0666478e-05 0.058491464 -0.032071906)
(-4.4545111e-05 0.047286503 -0.026788132)
(-3.7795805e-05 0.036975011 -0.021581716)
(-2.651125e-05 0.027500051 -0.016496583)
(-1.482492e-05 0.01880185 -0.011566482)
(-5.9536098e-06 0.010820856 -0.0068162651)
(-6.3633524e-07 0.0034996123 -0.0022637137)
(0.019831065 0.47862055 0.026002677)
(0.0020271686 0.38839777 0.049147287)
(0.022536589 0.32240103 0.051437747)
(0.029166922 0.28255196 0.046330107)
(0.034616681 0.2612913 0.037765492)
(0.038649257 0.25124086 0.028337584)
(0.041090856 0.24757916 0.018935139)
(0.042229519 0.24756485 0.0097254907)
(0.042330737 0.24968511 0.00070886984)
(0.041603172 0.25307578 -0.0081069629)
(0.04018242 0.25711538 -0.016631474)
(0.038175509 0.26131257 -0.024740209)
(0.035696531 0.26521636 -0.032296245)
(0.032864835 0.26835935 -0.03917467)
(0.029798858 0.27022222 -0.045277544)
(0.026612141 0.27023757 -0.050535851)
(0.023410371 0.26785098 -0.054902472)
(0.020287527 0.26262785 -0.058343618)
(0.017321872 0.2543624 -0.060834582)
(0.014573512 0.24313684 -0.062357873)
(0.01208383 0.22930874 -0.062915071)
(0.0098771899 0.21343453 -0.062536697)
(0.0079582632 0.19616376 -0.06127792)
(0.0063171432 0.1781413 -0.059213543)
(0.0049403255 0.15993693 -0.056435198)
(0.0038018814 0.1420084 -0.053047282)
(0.0028745189 0.12469263 -0.049159106)
(0.0021302535 0.10821539 -0.04487864)
(0.0015419655 0.092710152 -0.040307975)
(0.0010845455 0.078239499 -0.035540315)
(0.00073548947 0.064814957 -0.030658259)
(0.00047512655 0.052413547 -0.02573315)
(0.00028655782 0.040990582 -0.020825172)
(0.00015556993 0.030489038 -0.015983953)
(7.048434e-05 0.020846088 -0.01124945)
(2.2172407e-05 0.011997448 -0.0066528482)
(1.3802502e-06 0.0038801393 -0.0022180548)
(0.020594343 0.48729416 0.020426445)
(0.0044816812 0.41259124 0.039156896)
(0.028492971 0.35526637 0.041324914)
(0.039614372 0.31765049 0.037497067)
(0.048201336 0.29500714 0.030669603)
(0.054721684 0.28220252 0.02295112)
(0.059015352 0.27553199 0.01519538)
(0.061356412 0.27264828 0.0075975658)
(0.062070257 0.27210155 0.00018249188)
(0.061480951 0.27301726 -0.0069826465)
(0.059807556 0.27473237 -0.013836419)
(0.057232868 0.27678546 -0.020289014)
(0.053943458 0.27881192 -0.026240149)
(0.050126541 0.28046889 -0.031609035)
(0.045957437 0.28136263 -0.03634115)
(0.041593033 0.28100212 -0.040407872)
(0.037170377 0.27881366 -0.0437983)
(0.032803858 0.27422942 -0.04650225)
(0.028590637 0.26682725 -0.048514387)
(0.024608144 0.25644931 -0.049831385)
(0.020914143 0.24324738 -0.050447833)
(0.017547681 0.22764759 -0.050366929)
(0.014529878 0.21025433 -0.049607047)
(0.011866186 0.19173648 -0.048204417)
(0.0095494567 0.17273086 -0.046211755)
(0.0075630954 0.15377981 -0.043694982)
(0.0058839585 0.1353036 -0.040728991)
(0.0044849042 0.11759937 -0.037392882)
(0.0033368869 0.10085585 -0.033765715)
(0.0024105894 0.085174769 -0.029923166)
(0.0016775932 0.070593029 -0.025935185)
(0.0011111165 0.057102251 -0.021864545)
(0.00068649073 0.044664545 -0.01776615)
(0.0003815201 0.033224371 -0.013686881)
(0.00017726275 0.022717008 -0.009665842)
(5.7276999e-05 0.013074304 -0.0057346897)
(4.0456986e-06 0.0042284121 -0.0019187059)
(0.021759523 0.49630691 0.013403439)
(0.0088317086 0.43960074 0.025833182)
(0.036476159 0.3942643 0.027121437)
(0.052474075 0.3618573 0.024613221)
(0.064414378 0.33972725 0.02001069)
(0.07331911 0.32481138 0.014704331)
(0.079176843 0.31476111 0.0093523042)
(0.082292276 0.30797308 0.0041463709)
(0.083173919 0.30339246 -0.00085985673)
(0.08225088 0.30031048 -0.0056153959)
(0.079832932 0.29821419 -0.01009986)
(0.07624137 0.29674602 -0.014256931)
(0.07177401 0.29563503 -0.018032958)
(0.066692186 0.2946369 -0.021399765)
(0.061224789 0.2934509 -0.024336595)
(0.055566311 0.2916534 -0.026839167)
(0.049876481 0.2886774 -0.028913773)
(0.044283884 0.28387639 -0.030570325)
(0.038890582 0.27666426 -0.031816024)
(0.033775517 0.26667126 -0.032650653)
(0.028997855 0.25384447 -0.033069756)
(0.024599474 0.23845482 -0.033069546)
(0.020606498 0.22102108 -0.03265208)
(0.017030795 0.20219256 -0.031828918)
(0.013871793 0.18263443 -0.030622535)
(0.011118581 0.16294333 -0.029065606)
(0.0087521248 0.14360141 -0.027198878)
(0.0067474148 0.12496313 -0.025068359)
(0.0050754723 0.1072639 -0.022722478)
(0.0037050915 0.090639931 -0.02020959)
(0.0026042672 0.075151276 -0.017576014)
(0.001741319 0.060803493 -0.014864633)
(0.0010856879 0.047565723 -0.012114011)
(0.00060881842 0.035384646 -0.0093579385)
(0.00028531493 0.024194637 -0.006625298)
(9.3530732e-05 0.013924778 -0.0039399831)
(6.8178247e-06 0.0045034671 -0.0013215982)
(0.022805542 0.50268319 0.0044147826)
(0.013032579 0.45982898 0.0084185369)
(0.043362448 0.42440293 0.0085389384)
(0.062885032 0.39690302 0.0074558967)
(0.077138971 0.37581133 0.0056833639)
(0.087493462 0.35949777 0.003694991)
(0.0941338 0.34671751 0.0017343268)
(0.097491486 0.33658005 -0.00012404044)
(0.098166654 0.32844337 -0.0018570323)
(0.096681098 0.32183985 -0.0034720971)
(0.093475608 0.31642597 -0.0049403308)
(0.088960538 0.31194228 -0.0062637256)
(0.083509167 0.30817786 -0.0074428445)
(0.077434287 0.30492027 -0.0084727236)
(0.070995503 0.30192372 -0.0093532072)
(0.06440989 0.29878127 -0.010089268)
(0.057845942 0.2949131 -0.010686879)
(0.05143344 0.28963728 -0.011153226)
(0.045272619 0.28227673 -0.011492443)
(0.039437918 0.27233705 -0.0117051)
(0.033984173 0.25963536 -0.011788985)
(0.028950341 0.24433497 -0.011741042)
(0.02436153 0.22688557 -0.011559582)
(0.020230345 0.20790782 -0.011245996)
(0.016558122 0.18807037 -0.010805591)
(0.013336298 0.16799309 -0.010247569)
(0.010547952 0.14818958 -0.0095843876)
(0.0081694957 0.12904571 -0.0088307997)
(0.0061723831 0.1108237 -0.0080028263)
(0.0045247778 0.093680205 -0.0071168131)
(0.0031930444 0.077689401 -0.0061886688)
(0.0021429754 0.062865608 -0.0052333016)
(0.0013408202 0.049182608 -0.0042642459)
(0.00075438227 0.036588793 -0.0032934479)
(0.00035485499 0.025018318 -0.0023311738)
(0.00011665858 0.014398864 -0.0013858474)
(8.6779905e-06 0.0046567931 -0.00046453953)
(0.022834897 0.50277185 -0.0056050447)
(0.013061442 0.45979012 -0.011117194)
(0.043307543 0.42398615 -0.01220421)
(0.06269106 0.39605805 -0.011771354)
(0.076805459 0.37461123 -0.010384747)
(0.087035815 0.35805433 -0.0085854413)
(0.093576985 0.34514016 -0.0066617747)
(0.09685361 0.33496365 -0.004713375)
(0.097463121 0.32686462 -0.0027847786)
(0.095974006 0.32034906 -0.00090322807)
(0.092813277 0.31505518 0.00089467744)
(0.088334668 0.3107072 0.0025944447)
(0.082918167 0.30709227 0.0041699378)
(0.076884764 0.30398137 0.0055974619)
(0.0704915 0.30111387 0.0068624891)
(0.063953189 0.29808602 0.0079586444)
(0.057436524 0.29430511 0.0088858248)
(0.051068732 0.28909642 0.0096482857)
(0.044950076 0.28178608 0.010250626)
(0.039154766 0.27188475 0.01069598)
(0.033737535 0.25921499 0.010985599)
(0.028737361 0.24394447 0.011119798)
(0.024179426 0.22652554 0.01109954)
(0.020076409 0.20757982 0.010927928)
(0.01642971 0.18777574 0.010611145)
(0.013230815 0.16773233 0.010158721)
(0.010462855 0.14796214 0.0095832139)
(0.0081022921 0.12885019 0.0088995174)
(0.0061206543 0.11065808 0.0081239955)
(0.0044861971 0.093542119 0.0072736085)
(0.0031653915 0.077576375 0.0063651464)
(0.0021241795 0.062775224 0.00541462)
(0.0013289587 0.049112607 0.0044368244)
(0.00074772799 0.036537139 0.0034450638)
(0.0003516075 0.02498321 0.0024510067)
(0.00011578319 0.014378736 0.0014647069)
(8.5706026e-06 0.0046502949 0.00049427118)
(0.021801742 0.4964443 -0.014616053)
(0.0088233682 0.43925903 -0.028471619)
(0.036260127 0.39295583 -0.030601511)
(0.051926379 0.35956252 -0.028658441)
(0.063549891 0.33666643 -0.024407951)
(0.072167893 0.32125074 -0.019303667)
(0.07779454 0.31093812 -0.014036328)
(0.080767688 0.30408382 -0.0088125718)
(0.081563757 0.29957855 -0.0036875596)
(0.080560523 0.29665744 0.0012892633)
(0.078132202 0.29481973 0.0060343359)
(0.074600913 0.29366643 0.010506667)
(0.070225806 0.29289349 0.014632879)
(0.065253277 0.29222489 0.018351189)
(0.059903558 0.29134079 0.021636409)
(0.054365544 0.28980122 0.024472915)
(0.048794801 0.28703196 0.026857978)
(0.043317145 0.28238826 0.028797221)
(0.038033048 0.27529403 0.030296687)
(0.033020614 0.26539387 0.031357521)
(0.028338662 0.252649 0.031977955)
(0.024028984 0.2373408 0.032157208)
(0.020117719 0.21999356 0.031899963)
(0.016616779 0.20125766 0.031219687)
(0.013525656 0.18179644 0.030140075)
(0.01083352 0.16220342 0.02869454)
(0.0085214371 0.14295759 0.026924304)
(0.006564541 0.12441084 0.024875798)
(0.0049340361 0.1067969 0.022597939)
(0.0035989532 0.090251118 0.020139704)
(0.0025275978 0.074833358 0.017548163)
(0.001688629 0.060549443 0.014867059)
(0.0010519014 0.047369058 0.012135887)
(0.0005892639 0.035239562 0.0093894027)
(0.00027596829 0.024096039 0.0066574648)
(9.0151686e-05 0.013868253 0.0039651599)
(6.5816199e-06 0.0044852184 0.0013327054)
(0.02058574 0.48728537 -0.021626443)
(0.0043575708 0.4116963 -0.041642481)
(0.028101518 0.35313659 -0.044502313)
(0.038834654 0.31445585 -0.04115868)
(0.047093298 0.29108872 -0.034656462)
(0.053313132 0.27786564 -0.027156231)
(0.0573535 0.27100482 -0.019530387)
(0.05950678 0.26809692 -0.011984948)
(0.06012211 0.26765015 -0.0045601929)
(0.059466192 0.26872669 0.0026999244)
(0.057773751 0.27069257 0.0097277166)
(0.055239152 0.27305518 0.016408509)
(0.052035162 0.27541948 0.022627698)
(0.048331144 0.27741199 0.028285632)
(0.044291155 0.27861243 0.033314031)
(0.040064779 0.2785108 0.037672135)
(0.03578352 0.27652644 0.041339579)
(0.031557825 0.27209745 0.044300281)
(0.027482034 0.26481707 0.046546313)
(0.023631648 0.25454606 0.04807441)
(0.020063005 0.24145213 0.04888104)
(0.016814087 0.22597104 0.048972133)
(0.01390502 0.20871001 0.048369336)
(0.011340588 0.19033557 0.047111255)
(0.0091134456 0.17147951 0.045251912)
(0.0072070309 0.15267846 0.042858301)
(0.0055983716 0.13434777 0.040006045)
(0.0042606006 0.116781 0.036774746)
(0.0031650646 0.10016472 0.033243858)
(0.0022829358 0.084599765 0.029489411)
(0.0015863438 0.070123008 0.025581694)
(0.0010491359 0.056726662 0.021583816)
(0.00064728992 0.044373753 0.017550998)
(0.00035929231 0.033009802 0.013530434)
(0.00016660323 0.022571157 0.009561536)
(5.3909172e-05 0.012990676 0.0056765909)
(3.746505e-06 0.0042014119 0.0019010302)
(0.019763512 0.47842773 -0.027141965)
(0.0018689789 0.3870664 -0.051424653)
(0.022062728 0.3198144 -0.054283767)
(0.028318486 0.27906136 -0.049639856)
(0.033509332 0.25730473 -0.041403726)
(0.037300779 0.24704054 -0.032215478)
(0.039535016 0.24332848 -0.022977786)
(0.040511838 0.24335518 -0.013866359)
(0.040511887 0.24557388 -0.0048882672)
(0.03972074 0.24909369 0.0039392552)
(0.038275003 0.25330895 0.012541939)
(0.036288144 0.25771836 0.020786167)
(0.033868791 0.26185291 0.028522386)
(0.031126752 0.26522265 0.035612022)
(0.028171878 0.26728767 0.041943518)
(0.025110613 0.26746861 0.047435114)
(0.022042526 0.26521157 0.052029191)
(0.019056459 0.26009373 0.05568449)
(0.016226703 0.2519269 0.058372212)
(0.013610675 0.24080991 0.060077246)
(0.011247667 0.22711098 0.060803763)
(0.0091634815 0.21138944 0.060585576)
(0.0073501177 0.19429138 0.059484179)
(0.0058104009 0.17645439 0.057571057)
(0.0045227653 0.15843997 0.054939177)
(0.0034630641 0.14069847 0.05169394)
(0.002604453 0.12356117 0.047944997)
(0.0019193524 0.10725023 0.043800332)
(0.0013812097 0.091897307 0.039361906)
(0.00096558481 0.07756454 0.034722708)
(0.00065069769 0.064263946 0.029965088)
(0.00041759574 0.05197359 0.025160114)
(0.00025012754 0.040650104 0.020367679)
(0.00013475911 0.030237856 0.015637123)
(6.0630263e-05 0.020675361 0.011008139)
(1.871964e-05 0.011899556 0.0065119579)
(1.1376824e-06 0.0038485336 0.002172071)
(0.019076632 0.4703933 -0.031831357)
(0.00011044675 0.36614684 -0.058765558)
(0.01740288 0.29381233 -0.06070009)
(0.019920535 0.2542498 -0.054919101)
(0.022775444 0.23618112 -0.045282128)
(0.024588209 0.22968122 -0.034817584)
(0.025279501 0.22893485 -0.024417292)
(0.025150829 0.23106228 -0.014226866)
(0.024433575 0.23472751 -0.0042189967)
(0.02327096 0.23926049 0.005616998)
(0.021760948 0.24419561 0.015217808)
(0.019983416 0.24907966 0.024448202)
(0.018011528 0.2534014 0.033136778)
(0.015917303 0.25658462 0.041110297)
(0.013773493 0.25801965 0.048215681)
(0.011652351 0.25713171 0.05432842)
(0.009622228 0.25347563 0.059353199)
(0.0077422505 0.24682757 0.063223776)
(0.0060543869 0.23723622 0.065903381)
(0.0045838256 0.22501327 0.067394201)
(0.003385082 0.2106674 0.067746534)
(0.0023772206 0.19480923 0.067015551)
(0.0015934369 0.17805856 0.065287504)
(0.0010142836 0.16097521 0.062689673)
(0.00058764109 0.1440192 0.059356878)
(0.00029173736 0.12753808 0.055426923)
(9.8617399e-05 0.11177286 0.051033408)
(-1.7364831e-05 0.096873932 0.046300465)
(-7.7809439e-05 0.082920515 0.041339421)
(-0.00010025298 0.069939332 0.036247155)
(-9.8516308e-05 0.057920667 0.031105768)
(-8.3111996e-05 0.046831032 0.025983162)
(-6.1748339e-05 0.03662263 0.020934179)
(-3.9832822e-05 0.027240112 0.016002039)
(-2.1125622e-05 0.018625169 0.011219859)
(-7.8370478e-06 0.010719545 0.006612244)
(-8.0724137e-07 0.0034669023 0.0021963289)
(0.018397504 0.46270521 -0.0357695)
(-0.0022498355 0.34725104 -0.06380606)
(0.012835944 0.2722544 -0.064487161)
(0.012221187 0.23623647 -0.057782678)
(0.013472318 0.22318052 -0.046963912)
(0.013799725 0.22087535 -0.035506469)
(0.013357401 0.2229581 -0.024234041)
(0.012408313 0.22671782 -0.013271054)
(0.011130888 0.23114754 -0.002569364)
(0.0096441793 0.23584429 0.0078985365)
(0.0080359382 0.2405001 0.018077593)
(0.0063771571 0.24472132 0.027830839)
(0.0047282112 0.2479928 0.036972253)
(0.0031438572 0.24972625 0.045303571)
(0.001675131 0.24934726 0.05264137)
(0.00036815519 0.24639774 0.0588335)
(-0.00073802556 0.2406268 0.063768707)
(-0.0016178989 0.23204181 0.067381662)
(-0.0022569469 0.22090268 0.069648923)
(-0.0026752264 0.20766469 0.070582037)
(-0.0029089917 0.19289202 0.070253206)
(-0.0029283821 0.17716978 0.068810894)
(-0.0028162967 0.16103554 0.066399981)
(-0.0026086199 0.14493852 0.063173725)
(-0.0023339943 0.12922448 0.059292613)
(-0.0020230812 0.11413849 0.054909781)
(-0.0017011521 0.099838417 0.050165813)
(-0.0013872692 0.086412337 0.045185025)
(-0.0010950156 0.073896094 0.040073831)
(-0.00083333174 0.062288579 0.034920756)
(-0.0006073555 0.051564057 0.02979755)
(-0.00041924982 0.041681497 0.024760885)
(-0.00026891945 0.032591317 0.01985432)
(-0.00015476891 0.024240064 0.015110297)
(-7.429912e-05 0.016573525 0.010552004)
(-2.5189564e-05 0.0095387035 0.0061951652)
(-1.9783375e-06 0.0030850007 0.0020491641)
(0.017951163 0.45513702 -0.038748494)
(-0.0051477658 0.32975411 -0.066193699)
(0.0083547481 0.25372154 -0.066313916)
(0.0046781232 0.22251788 -0.058662735)
(0.0048305839 0.21476365 -0.046923523)
(0.0039591979 0.21644059 -0.034754384)
(0.0026992398 0.2209644 -0.022859438)
(0.001205447 0.22592906 -0.01135891)
(-0.00040882894 0.23065827 -0.00020953154)
(-0.0020478345 0.23496951 0.010610826)
(-0.0036281085 0.23867819 0.021039403)
(-0.005081121 0.24145014 0.030929655)
(-0.006350675 0.2428199 0.040082834)
(-0.0073918776 0.24228485 0.048284977)
(-0.0081706166 0.23941967 0.055338788)
(-0.0086644501 0.23397521 0.061086545)
(-0.0088695651 0.22593493 0.06542483)
(-0.0088322739 0.21551578 0.068311399)
(-0.008515281 0.20311921 0.069759771)
(-0.0079638271 0.18925465 0.069892805)
(-0.00732874 0.17445887 0.068831187)
(-0.0065814553 0.1592324 0.06671738)
(-0.005782487 0.14399984 0.063734301)
(-0.0049754939 0.12909234 0.060062296)
(-0.004193245 0.11474815 0.055870535)
(-0.0034594938 0.10112372 0.051311869)
(-0.0027907491 0.088309328 0.046519282)
(-0.0021968954 0.076345026 0.041604647)
(-0.0016822979 0.065234921 0.0366593)
(-0.00124707 0.054958776 0.031755741)
(-0.00088826226 0.045480922 0.026949913)
(-0.00060082404 0.036756768 0.022283665)
(-0.00037841894 0.028737359 0.017787149)
(-0.00021411619 0.021372463 0.013481012)
(-0.00010123804 0.014612557 0.0093783136)
(-3.3466392e-05 0.008410051 0.0054863125)
(-2.5180615e-06 0.0027199754 0.0018074527)
(0.017699505 0.44757992 -0.040611636)
(-0.0081090062 0.31345497 -0.06599515)
(0.0037705569 0.2375455 -0.066875011)
(-0.0028586191 0.21139653 -0.057434517)
(-0.0036155618 0.20842643 -0.045392735)
(-0.0054834121 0.21339876 -0.032871224)
(-0.0073254455 0.21974984 -0.020626725)
(-0.0091358313 0.2254234 -0.0088310618)
(-0.010861393 0.23001014 0.0025201707)
(-0.012432052 0.23347812 0.013418583)
(-0.013774896 0.23573524 0.023777245)
(-0.014827908 0.236531 0.03343301)
(-0.015544987 0.23552086 0.042178347)
(-0.0158988 0.23237927 0.049800555)
(-0.015883007 0.22690522 0.05611686)
(-0.015513745 0.21908744 0.060999938)
(-0.014830034 0.20911594 0.064392362)
(-0.013888881 0.19734579 0.066311403)
(-0.012731867 0.1842324 0.06685038)
(-0.011491753 0.17026142 0.066146365)
(-0.010160617 0.15588922 0.064369551)
(-0.0088254113 0.14150567 0.061705312)
(-0.007534149 0.12741756 0.058342189)
(-0.0063205867 0.11384789 0.0544588)
(-0.0052088902 0.10094496 0.050214921)
(-0.0042133881 0.088795947 0.045747557)
(-0.003340244 0.077441196 0.041170206)
(-0.0025893343 0.066887184 0.036573967)
(-0.0019560099 0.05711721 0.032029765)
(-0.0014325783 0.048099663 0.027591099)
(-0.0010095069 0.039794124 0.023296898)
(-0.00067634408 0.032155686 0.019174226)
(-0.00042236346 0.025137891 0.0152407)
(-0.00023717741 0.018694661 0.011506555)
(-0.00011123793 0.012781499 0.0079763682)
(-3.659895e-05 0.0073561841 0.0046506207)
(-2.6611747e-06 0.0023791367 0.0015264554)
(0.017170139 0.44002924 -0.041153967)
(-0.011500006 0.29815921 -0.063628311)
(-0.0018822053 0.22317953 -0.064923255)
(-0.010009104 0.20131074 -0.054536491)
(-0.012307979 0.20221853 -0.042601225)
(-0.014789539 0.20951587 -0.030082915)
(-0.016997187 0.21693505 -0.017804101)
(-0.018913714 0.22275469 -0.0060056721)
(-0.020519042 0.22674773 0.005252041)
(-0.021773722 0.22898013 0.015910143)
(-0.022630191 0.22944729 0.025848506)
(-0.023049794 0.2280264 0.034889905)
(-0.023014178 0.22455698 0.042833506)
(-0.022530716 0.2189404 0.049494302)
(-0.021633837 0.21121083 0.054736565)
(-0.020382356 0.20155851 0.058495017)
(-0.018853152 0.19030805 0.060782024)
(-0.017131751 0.17786808 0.061682247)
(-0.015302189 0.16467269 0.061337339)
(-0.013446093 0.15113113 0.059919688)
(-0.01162724 0.13759469 0.057620038)
(-0.0098995138 0.12434135 0.054633121)
(-0.0082997289 0.11157437 0.051139997)
(-0.0068509171 0.099429855 0.04730112)
(-0.0055645661 0.087988553 0.043252932)
(-0.0044429114 0.077288516 0.03910719)
(-0.0034813436 0.067336667 0.034952358)
(-0.0026705795 0.058118451 0.030856157)
(-0.0019984397 0.049605352 0.026868634)
(-0.001451231 0.041760492 0.023025259)
(-0.0010147693 0.034542613 0.019349816)
(-0.00067506219 0.027908826 0.015856935)
(-0.00041878899 0.021816415 0.012554228)
(-0.00023365671 0.016223989 0.009444041)
(-0.00010898781 0.011092157 0.0065248524)
(-3.5425913e-05 0.0063838917 0.0037924492)
(-2.5437447e-06 0.0020646799 0.0012404596)
(0.016297846 0.43252035 -0.04019336)
(-0.014658981 0.28345202 -0.059339016)
(-0.0082904924 0.20993695 -0.060314509)
(-0.017134083 0.19132625 -0.050392345)
(-0.020860734 0.19468334 -0.038718376)
(-0.023919064 0.2030694 -0.026580708)
(-0.026314801 0.21067176 -0.014648682)
(-0.028114872 0.21603812 -0.00321355)
(-0.029347676 0.21902924 0.0075808992)
(-0.030018964 0.21977208 0.017623933)
(-0.030130203 0.21835955 0.02676616)
(-0.029689338 0.21482932 0.034832082)
(-0.028726651 0.20922807 0.041651975)
(-0.027299227 0.20167463 0.047095835)
(-0.025488413 0.19238995 0.051098063)
(-0.023392335 0.18168928 0.053667814)
(-0.021115816 0.16994754 0.054885221)
(-0.018760221 0.15755479 0.054887096)
(-0.016415411 0.1448763 0.053847008)
(-0.014154934 0.13222522 0.051954727)
(-0.012034096 0.11984977 0.049400376)
(-0.01008997 0.10793207 0.046361787)
(-0.0083434472 0.096594594 0.042995811)
(-0.0068022431 0.085910371 0.039434731)
(-0.0054640517 0.075914079 0.035785866)
(-0.0043194921 0.06661225 0.032133197)
(-0.0033546166 0.057991858 0.028540127)
(-0.0025529034 0.050027063 0.025052695)
(-0.0018967614 0.042684258 0.021702784)
(-0.0013685944 0.035925693 0.018511069)
(-0.00095150691 0.029711989 0.015489565)
(-0.0006297472 0.024003811 0.012643755)
(-0.00038891163 0.018762933 0.0099743074)
(-0.00021616191 0.013952894 0.0074784389)
(-0.00010033971 0.0095393379 0.0051509677)
(-3.2658483e-05 0.0054901805 0.0029852061)
(-2.2711562e-06 0.0017756368 0.00097324895)
(0.015474057 0.42502022 -0.037426113)
(-0.017737346 0.26934981 -0.05338131)
(-0.014697411 0.19728861 -0.053632464)
(-0.024251954 0.18067325 -0.044689965)
(-0.029117043 0.18476314 -0.03386339)
(-0.032656338 0.19281752 -0.02257798)
(-0.03505525 0.19962507 -0.011458199)
(-0.036506807 0.20393506 -0.00084475522)
(-0.037113471 0.20561533 0.009063166)
(-0.036948647 0.20482494 0.018090678)
(-0.036096622 0.20174373 0.026079807)
(-0.034634118 0.19655884 0.032881057)
(-0.032654897 0.18949002 0.038378334)
(-0.030270633 0.18081085 0.042511881)
(-0.027604263 0.17084738 0.045290029)
(-0.02478011 0.1599567 0.046787555)
(-0.021913852 0.14849617 0.047133257)
(-0.019104659 0.1367944 0.046491761)
(-0.016430684 0.12513108 0.045044246)
(-0.013947875 0.11372744 0.042971755)
(-0.011691345 0.10274606 0.04044289)
(-0.0096782642 0.092296673 0.037606124)
(-0.0079115834 0.08244515 0.0345862)
(-0.006383816 0.073223143 0.031483732)
(-0.0050804352 0.06463706 0.028376849)
(-0.0039826734 0.056675631 0.025323962)
(-0.0030696733 0.049315901 0.022366946)
(-0.0023200651 0.042527743 0.019534303)
(-0.0017130299 0.036277124 0.016844037)
(-0.0012289803 0.030528387 0.014306129)
(-0.00084995938 0.025245788 0.01192458)
(-0.00055978477 0.020394485 0.009699052)
(-0.00034409423 0.015941153 0.0076261526)
(-0.00019034444 0.01185432 0.005700419)
(-8.803631e-05 0.0081045342 0.0039150648)
(-2.8331174e-05 0.0046644023 0.0022627039)
(-1.9657185e-06 0.0015085646 0.00073541125)
(0.014626061 0.41830658 -0.032546305)
(-0.021037881 0.2567659 -0.045671008)
(-0.020767194 0.18534284 -0.045224247)
(-0.031040359 0.16916571 -0.037599493)
(-0.036774453 0.17213495 -0.028192681)
(-0.040642144 0.17833438 -0.018297474)
(-0.042870602 0.18328784 -0.0085181169)
(-0.043748868 0.18591897 0.00076879522)
(-0.043512655 0.18606705 0.0093229576)
(-0.042352477 0.18387608 0.016949339)
(-0.040427131 0.17956617 0.023500934)
(-0.037898839 0.17340893 0.028870433)
(-0.034930037 0.16571363 0.033002331)
(-0.031680171 0.15681631 0.035901649)
(-0.02829882 0.14706191 0.037633262)
(-0.024918204 0.13678234 0.038311658)
(-0.021646997 0.12627613 0.038084725)
(-0.018567136 0.11579464 0.037116401)
(-0.015734033 0.10553612 0.035571241)
(-0.013179359 0.09564653 0.033602879)
(-0.010915255 0.086225138 0.031346717)
(-0.0089388994 0.077332381 0.02891649)
(-0.0072368922 0.068998329 0.02640379)
(-0.0057890608 0.0612305 0.023879557)
(-0.0045715053 0.054020485 0.021396618)
(-0.0035588768 0.047349214 0.018992646)
(-0.0027259769 0.041190957 0.016693094)
(-0.002048798 0.035516242 0.014513871)
(-0.001505152 0.030293901 0.012463629)
(-0.0010749768 0.025492477 0.010545651)
(-0.0007404375 0.021081135 0.0087593541)
(-0.00048588592 0.017030244 0.0071014646)
(-0.00029770643 0.013311706 0.0055669096)
(-0.000164243 0.0098991311 0.0041494892)
(-7.567796e-05 0.0067679034 0.0028423721)
(-2.441311e-05 0.0038951684 0.0016386138)
(-1.6472202e-06 0.001259785 0.00053107756)
(0.013826578 0.41295829 -0.025793107)
(-0.023950026 0.24649928 -0.036199374)
(-0.025978031 0.17460631 -0.035421956)
(-0.036972854 0.15738296 -0.029395663)
(-0.043360203 0.15761328 -0.021908834)
(-0.047394336 0.16058246 -0.013958662)
(-0.049315245 0.16265308 -0.0060765278)
(-0.049532867 0.16297166 0.0013736733)
(-0.048392518 0.16136859 0.0081369348)
(-0.04620139 0.15793346 0.014048031)
(-0.043229253 0.15286198 0.018988356)
(-0.039721522 0.14641563 0.02289412)
(-0.035898502 0.13888938 0.025757473)
(-0.031951739 0.13058632 0.027623285)
(-0.028039861 0.12179636 0.028581112)
(-0.024286499 0.11277911 0.028754411)
(-0.020780514 0.10375286 0.028279017)
(-0.017578677 0.094890455 0.027293553)
(-0.01471019 0.086320358 0.025927554)
(-0.012182369 0.078131441 0.024297844)
(-0.0099864451 0.070379508 0.022503012)
(-0.0081028232 0.063094325 0.020622691)
(-0.0065053357 0.05628613 0.018718729)
(-0.0051645929 0.049951183 0.016837331)
(-0.0040504296 0.044076197 0.015011575)
(-0.0031335345 0.038641726 0.013263928)
(-0.0023864647 0.033624651 0.011608562)
(-0.0017842064 0.028999964 0.010053347)
(-0.0013044064 0.024741997 0.0086014867)
(-0.00092739514 0.02082525 0.007252835)
(-0.00063607683 0.017224936 0.0060049072)
(-0.00041571243 0.013917317 0.0048536579)
(-0.00025370296 0.0108799 0.0037940596)
(-0.00013937425 0.0080915355 0.0028205314)
(-6.4035977e-05 0.0055324557 0.0019272512)
(-2.0404415e-05 0.0031842602 0.001108465)
(-1.3783061e-06 0.0010298818 0.00035833965)
(0.013380526 0.40926334 -0.017636021)
(-0.026107682 0.23909834 -0.025235293)
(-0.029918839 0.16593842 -0.024470638)
(-0.041536819 0.14679768 -0.020346698)
(-0.048383187 0.14348617 -0.015218486)
(-0.052466717 0.14252849 -0.0097306009)
(-0.05404429 0.14112105 -0.0042700813)
(-0.053631002 0.13871178 0.00087733769)
(-0.051678922 0.1351864 0.0055131559)
(-0.048602988 0.13059303 0.0095026226)
(-0.044769576 0.12506037 0.012766256)
(-0.040492719 0.11876707 0.015274148)
(-0.03603366 0.11191291 0.017045841)
(-0.031598997 0.10469789 0.0181317)
(-0.027345496 0.097308388 0.018610452)
(-0.023381066 0.089903323 0.018578274)
(-0.019769578 0.082610682 0.018136995)
(-0.016542768 0.075528662 0.017385038)
(-0.013706668 0.068728127 0.016410673)
(-0.011250114 0.062256339 0.015289319)
(-0.0091478386 0.056140496 0.014083412)
(-0.0073682275 0.050393171 0.012841986)
(-0.0058765218 0.045016143 0.011601693)
(-0.0046375087 0.040003521 0.010389611)
(-0.0036173602 0.035344146 0.0092244927)
(-0.0027847441 0.031023409 0.0081184902)
(-0.0021113616 0.027024575 0.0070787155)
(-0.0015721267 0.023329738 0.006108536)
(-0.0011451293 0.0199205 0.0052086093)
(-0.00081144902 0.016778451 0.0043776893)
(-0.00055489182 0.013885502 0.0036132399)
(-0.00036170535 0.011224119 0.0029118962)
(-0.00022025698 0.0087774793 0.0022698051)
(-0.00012082489 0.0065295704 0.0016828753)
(-5.5328438e-05 0.004465253 0.0011469581)
(-1.7769537e-05 0.0025702881 0.00065807124)
(-1.1652826e-06 0.00083134439 0.00021218572)
(0.013761923 0.40741171 -0.0087280701)
(-0.027274499 0.23498437 -0.012974886)
(-0.032324247 0.16039757 -0.012641789)
(-0.044345082 0.1395302 -0.01072084)
(-0.051467042 0.13323542 -0.008300904)
(-0.055540808 0.12900712 -0.0056692643)
(-0.056850851 0.1246352 -0.0030203143)
(-0.055981117 0.11984766 -0.00050662634)
(-0.053469523 0.11464667 0.0017633866)
(-0.049809998 0.10907777 0.0037141676)
(-0.045425027 0.10321593 0.0053028053)
(-0.040672492 0.097152714 0.006521066)
(-0.035838091 0.090979591 0.0073773444)
(-0.031129941 0.084783137 0.0079004397)
(-0.02669788 0.078643139 0.0081331129)
(-0.022635056 0.072625723 0.0081220411)
(-0.018990113 0.066783209 0.0079189126)
(-0.015777855 0.061154957 0.0075722447)
(-0.01298889 0.055768889 0.0071262041)
(-0.010598147 0.050643318 0.0066162715)
(-0.0085716263 0.04578881 0.0060712159)
(-0.0068701406 0.041209663 0.0055135977)
(-0.005454274 0.036905865 0.0049600726)
(-0.0042863021 0.032873989 0.0044221814)
(-0.0033304337 0.029107632 0.0039082015)
(-0.0025545678 0.025598356 0.0034233583)
(-0.0019302561 0.022336197 0.002970546)
(-0.0014326613 0.019310088 0.0025509475)
(-0.0010403584 0.016508204 0.0021645227)
(-0.00073504421 0.01391826 0.0018103822)
(-0.00050121218 0.011527755 0.0014870691)
(-0.00032578466 0.0093241867 0.0011927686)
(-0.00019779942 0.0072952208 0.00092546556)
(-0.00010812711 0.0054288295 0.00068305882)
(-4.9434948e-05 0.0037134004 0.00046344708)
(-1.5646196e-05 0.0021378157 0.0002647405)
(-1.0451075e-06 0.00069150851 8.4985829e-05)
(0.014139105 0.40697227 0.00038369854)
(-0.027631779 0.23392281 0.00012636968)
(-0.033056303 0.15886122 -0.00032105989)
(-0.045215976 0.13741788 -0.00080901195)
(-0.052425859 0.13018118 -0.0012866877)
(-0.056490727 0.12483823 -0.001721432)
(-0.057713428 0.11940861 -0.0020890751)
(-0.05670292 0.11373371 -0.0023749154)
(-0.054015768 0.10786203 -0.0025837284)
(-0.050169042 0.10186318 -0.0027158873)
(-0.045610268 0.095808654 -0.0027796355)
(-0.040712333 0.089760649 -0.0027850532)
(-0.035759858 0.083772708 -0.0027428743)
(-0.030967898 0.077893435 -0.0026633676)
(-0.026482219 0.072162319 -0.0025561422)
(-0.022391312 0.066610237 -0.0024296681)
(-0.018738435 0.061260545 -0.0022906993)
(-0.015532964 0.05613026 -0.0021445206)
(-0.012760686 0.051231202 -0.0019951642)
(-0.010392447 0.046570974 -0.0018457049)
(-0.0083909079 0.042153757 -0.0016983598)
(-0.0067154568 0.037980909 -0.0015546565)
(-0.0053245953 0.034051255 -0.0014156107)
(-0.0041793149 0.030361813 -0.0012818372)
(-0.0032439771 0.026907896 -0.0011536655)
(-0.0024860491 0.023683079 -0.0010312336)
(-0.001877069 0.020679641 -0.0009145374)
(-0.0013923174 0.017888792 -0.00080348138)
(-0.0010105636 0.015300912 -0.00069791765)
(-0.00071373749 0.012905774 -0.00059767778)
(-0.00048657382 0.010692768 -0.00050259429)
(-0.00031625497 0.0086510983 -0.00041251382)
(-0.00019204796 0.0067699589 -0.00032730221)
(-0.00010506526 0.0050386856 -0.00024684273)
(-4.7981917e-05 0.0034468783 -0.00017102985)
(-1.5349783e-05 0.0019844966 -9.9626253e-05)
(-9.9571046e-07 0.00064193226 -3.2559996e-05)
(0.013790706 0.40768576 0.009456763)
(-0.027118632 0.23568962 0.013191156)
(-0.032103566 0.16155923 0.011976916)
(-0.044091761 0.14125524 0.0090936904)
(-0.05120548 0.1355346 0.0057316948)
(-0.055304836 0.13182921 0.0022485997)
(-0.056662324 0.127837 -0.0011178804)
(-0.05586076 0.12327147 -0.00419698)
(-0.053423433 0.1181289 -0.0068778386)
(-0.049828248 0.11248342 -0.0090947522)
(-0.04549649 0.10644303 -0.010819133)
(-0.040782898 0.1001313 -0.012059959)
(-0.035972845 0.093668463 -0.012844448)
(-0.031276366 0.087165107 -0.013220161)
(-0.026845818 0.080719629 -0.013247716)
(-0.02277711 0.074411586 -0.012992567)
(-0.019121513 0.068301897 -0.012518988)
(-0.015895953 0.062434477 -0.011885912)
(-0.013092694 0.056838757 -0.011144502)
(-0.010687729 0.051532478 -0.01033719)
(-0.0086477402 0.046524334 -0.0094977547)
(-0.0069339138 0.041815987 -0.0086522176)
(-0.0055070101 0.037404456 -0.0078195107)
(-0.0043293522 0.033283301 -0.0070125943)
(-0.0033651125 0.029443255 -0.006240571)
(-0.0025821017 0.025873268 -0.0055090374)
(-0.0019517636 0.022561074 -0.0048209394)
(-0.0014491427 0.019493622 -0.0041773001)
(-0.0010526983 0.016657414 -0.0035777965)
(-0.00074402005 0.014038777 -0.0030212017)
(-0.00050750079 0.011624074 -0.0025057175)
(-0.00032997344 0.0093998822 -0.002029215)
(-0.00020039589 0.007353133 -0.0015894052)
(-0.00010956612 0.0054712169 -0.0011839525)
(-5.0110822e-05 0.0037420649 -0.00081054844)
(-1.584985e-05 0.0021542039 -0.00046690358)
(-1.0600855e-06 0.00069679305 -0.00015104264)
(0.013357262 0.409717 0.018264586)
(-0.025837942 0.24037365 0.025327212)
(-0.029503179 0.16808864 0.023728762)
(-0.041046224 0.14985147 0.018679485)
(-0.04786283 0.14750791 0.012654869)
(-0.051977322 0.14736265 0.0063691217)
(-0.053639622 0.14650387 0.00024064462)
(-0.053342954 0.14436762 -0.005441016)
(-0.051518615 0.14088278 -0.01047415)
(-0.048565989 0.13613779 -0.014734784)
(-0.044837661 0.13031104 -0.018154194)
(-0.040641438 0.12362589 -0.020714778)
(-0.036237159 0.11632123 -0.022449532)
(-0.031834115 0.10862979 -0.023423377)
(-0.027591724 0.1007625 -0.023730401)
(-0.023622209 0.092898136 -0.023480709)
(-0.019996097 0.085179045 -0.022788481)
(-0.016749314 0.077711545 -0.021762756)
(-0.013890916 0.070569556 -0.020501312)
(-0.011410574 0.063799876 -0.019087443)
(-0.009285114 0.057427868 -0.01758903)
(-0.0074838084 0.05146278 -0.016059157)
(-0.005972389 0.04590229 -0.014537357)
(-0.0047158732 0.040736123 -0.013052663)
(-0.0036804761 0.035948805 -0.011625047)
(-0.0028347875 0.03152169 -0.01026733)
(-0.0021503588 0.027434407 -0.008986894)
(-0.0016019198 0.023665866 -0.0077870942)
(-0.0011673625 0.020194943 -0.006668407)
(-0.00082757012 0.017000935 -0.0056293151)
(-0.00056616083 0.01406386 -0.0046669847)
(-0.00036920841 0.011364635 -0.0037777664)
(-0.0002249224 0.0088851911 -0.0029575555)
(-0.00012343993 0.0066085198 -0.0022020446)
(-5.6550286e-05 0.0045186947 -0.0015068954)
(-1.8178482e-05 0.0026008601 -0.00086778321)
(-1.1872829e-06 0.00084120524 -0.00028074112)
(0.013794072 0.41350701 0.026290319)
(-0.023613768 0.24817634 0.036093607)
(-0.02540278 0.17744531 0.034543587)
(-0.036275441 0.16128183 0.027643352)
(-0.042599818 0.16254686 0.019334484)
(-0.046654338 0.16631619 0.01066818)
(-0.048672409 0.16887164 0.0021929158)
(-0.049037021 0.16938565 -0.0057319822)
(-0.048061293 0.16776548 -0.012866897)
(-0.046032378 0.16414524 -0.019048187)
(-0.043205394 0.1587657 -0.024165505)
(-0.039816017 0.1519234 -0.028161705)
(-0.036080559 0.14394252 -0.031035741)
(-0.032191251 0.13515187 -0.03284081)
(-0.028310448 0.12586396 -0.033676158)
(-0.024566958 0.11635747 -0.033673154)
(-0.021055049 0.10686573 -0.032979532)
(-0.017836422 0.097572181 -0.031745029)
(-0.014944494 0.088611647 -0.030110349)
(-0.012389919 0.080075716 -0.028200074)
(-0.010166383 0.072020112 -0.026119194)
(-0.0082559251 0.06447252 -0.02395246)
(-0.0066333973 0.057439827 -0.021765607)
(-0.0052699806 0.050914255 -0.019607654)
(-0.0041357626 0.044878236 -0.0175136)
(-0.0032014742 0.039308114 -0.01550714)
(-0.0024395758 0.034176836 -0.013603143)
(-0.001824879 0.029455846 -0.0118098)
(-0.0013348132 0.025116368 -0.01013039)
(-0.00094947231 0.021130242 -0.0085646872)
(-0.00065152646 0.017470441 -0.0071100588)
(-0.00042601174 0.014111374 -0.005762285)
(-0.00026011543 0.011029035 -0.0045161666)
(-0.00014297606 0.0082010541 -0.0033659624)
(-6.5720882e-05 0.0056066864 -0.0023056964)
(-2.0970591e-05 0.0032267582 -0.001329214)
(-1.4195634e-06 0.001043594 -0.00043062286)
(0.014658016 0.41894515 0.032867503)
(-0.02064381 0.25875246 0.045324083)
(-0.020056791 0.18859393 0.044154301)
(-0.030184091 0.17343981 0.03571422)
(-0.035822175 0.17727975 0.025576753)
(-0.039690904 0.18407894 0.015062793)
(-0.042006572 0.18934142 0.0047763861)
(-0.043037387 0.19205633 -0.0049190714)
(-0.042977321 0.19215219 -0.013792289)
(-0.041993605 0.18980671 -0.021669768)
(-0.040235203 0.18526699 -0.028408069)
(-0.037852261 0.17881674 -0.033899718)
(-0.035000368 0.17077394 -0.038088616)
(-0.031836999 0.16148532 -0.040980616)
(-0.028513321 0.15130986 -0.04264383)
(-0.025165156 0.14059547 -0.043198477)
(-0.021905815 0.12965657 -0.042800314)
(-0.018822251 0.1187583 -0.0416223)
(-0.015974669 0.10810934 -0.039838228)
(-0.013398852 0.097862477 -0.037610378)
(-0.011110137 0.088120441 -0.035081773)
(-0.0091080368 0.078944424 -0.032372526)
(-0.0073807647 0.07036324 -0.029579329)
(-0.0059091868 0.062381829 -0.026777023)
(-0.004670011 0.054988449 -0.024021291)
(-0.003638186 0.048160393 -0.021351799)
(-0.0027885975 0.041868291 -0.018795317)
(-0.0020971827 0.036079234 -0.016368564)
(-0.0015416123 0.030758942 -0.014080646)
(-0.0011016351 0.025873217 -0.011935062)
(-0.00075920432 0.021388872 -0.0099313082)
(-0.00049845357 0.017274293 -0.0080661068)
(-0.0003055541 0.013499739 -0.006334342)
(-0.00016864859 0.010037474 -0.0047297482)
(-7.7752589e-05 0.0068617911 -0.0032454086)
(-2.5085588e-05 0.0039489618 -0.0018739919)
(-1.7036119e-06 0.0012771478 -0.00060828028)
(0.015544819 0.42577431 0.03750737)
(-0.017271129 0.27159299 0.052797588)
(-0.013886876 0.20074962 0.052340052)
(-0.023293085 0.18499959 0.04262701)
(-0.028032567 0.18969067 0.03117648)
(-0.031558146 0.19808747 0.019378047)
(-0.034028378 0.20502034 0.0078474369)
(-0.035594223 0.20932416 -0.0030955286)
(-0.03634816 0.2109471 -0.013267825)
(-0.036356838 0.21007254 -0.022517244)
(-0.035675139 0.20688398 -0.03068757)
(-0.034369493 0.20155719 -0.037626876)
(-0.03252668 0.19429888 -0.043214572)
(-0.030254113 0.18537589 -0.047386656)
(-0.027673248 0.17511663 -0.050149175)
(-0.024909345 0.1638885 -0.051577462)
(-0.022080814 0.15206398 -0.051803847)
(-0.01929064 0.13998818 -0.050998861)
(-0.016621179 0.12795577 -0.049351103)
(-0.014132414 0.11619994 -0.047049627)
(-0.011862966 0.10489147 -0.044270894)
(-0.0098328271 0.094144844 -0.041170509)
(-0.0080471026 0.084027765 -0.037879307)
(-0.006499869 0.074571547 -0.034502854)
(-0.0051776729 0.065780807 -0.031123138)
(-0.0040624295 0.057641634 -0.027801448)
(-0.0031336778 0.050128035 -0.024581723)
(-0.0023702327 0.043206769 -0.021493886)
(-0.0017513169 0.036840831 -0.018556881)
(-0.0012572937 0.030991845 -0.015781288)
(-0.00087009281 0.025621666 -0.013171484)
(-0.00057338702 0.020693384 -0.010727366)
(-0.00035265318 0.016171927 -0.008445686)
(-0.00019517964 0.012024367 -0.0063210685)
(-9.0326225e-05 0.0082200576 -0.0043467671)
(-2.9077995e-05 0.0047306329 -0.0025151478)
(-2.0287029e-06 0.0015299475 -0.00081834576)
(0.016403514 0.43331255 0.040002805)
(-0.014096834 0.28584891 0.058488123)
(-0.007294571 0.21350024 0.058738825)
(-0.016105729 0.19554741 0.048138785)
(-0.019681055 0.19922246 0.035949147)
(-0.02271376 0.20771215 0.023390965)
(-0.025151269 0.21528624 0.011137411)
(-0.027035228 0.22058031 -0.00054896875)
(-0.028384062 0.22351458 -0.011559412)
(-0.029193463 0.22423694 -0.021786992)
(-0.029451211 0.22282845 -0.031087373)
(-0.029156633 0.21930026 -0.039284553)
(-0.028332776 0.21366975 -0.046204502)
(-0.02703078 0.20603271 -0.05171152)
(-0.025327706 0.19659836 -0.055734802)
(-0.023319321 0.18568237 -0.058280102)
(-0.021110028 0.17366995 -0.059426688)
(-0.01880244 0.16096739 -0.059313158)
(-0.01648888 0.14795796 -0.058117184)
(-0.014245999 0.13497156 -0.056034385)
(-0.012132314 0.12226989 -0.053261877)
(-0.010187741 0.11004467 -0.049984579)
(-0.0084355842 0.098424261 -0.046365706)
(-0.0068855296 0.087484448 -0.042543081)
(-0.0055368036 0.077260335 -0.038628657)
(-0.0043811506 0.067757314 -0.034710122)
(-0.0034054058 0.058960263 -0.030853725)
(-0.0025935589 0.050840782 -0.027107619)
(-0.0019283254 0.043362563 -0.02350522)
(-0.001392266 0.036485236 -0.020068292)
(-0.00096853751 0.030167006 -0.016809625)
(-0.00064136672 0.024366391 -0.013735264)
(-0.00039628323 0.019043311 -0.010846291)
(-0.00022035365 0.014159722 -0.0081402312)
(-0.00010235228 0.0096799544 -0.0056121305)
(-3.3303287e-05 0.0055708329 -0.003255292)
(-2.3325246e-06 0.0018016809 -0.0010621401)
(0.017276254 0.44080944 0.040711293)
(-0.011004274 0.30058103 0.062489736)
(-0.00090581427 0.22675321 0.063074287)
(-0.0089815873 0.2053836 0.052122421)
(-0.011078712 0.20638017 0.039739569)
(-0.013521632 0.21359044 0.026866072)
(-0.015733332 0.22086058 0.014330543)
(-0.017692722 0.22654984 0.0023373853)
(-0.019370889 0.23047574 -0.009081688)
(-0.020718708 0.23271667 -0.019877852)
(-0.021683823 0.23325308 -0.029935948)
(-0.022222713 0.23193231 -0.039079483)
(-0.022311847 0.22855815 -0.047105439)
(-0.021953119 0.22299839 -0.053824963)
(-0.021175525 0.21526216 -0.059097719)
(-0.020033097 0.20552701 -0.062853955)
(-0.0185991 0.19411776 -0.065102567)
(-0.016956947 0.1814537 -0.06592629)
(-0.015190325 0.16798595 -0.065466528)
(-0.013382598 0.1541429 -0.063897588)
(-0.011598482 0.14029372 -0.06141575)
(-0.0098948854 0.12673105 -0.058222414)
(-0.008310516 0.11366869 -0.054503632)
(-0.0068704405 0.10124945 -0.050424877)
(-0.0055880273 0.089557514 -0.046127391)
(-0.0044670296 0.07863196 -0.04172713)
(-0.0035040059 0.068479068 -0.03731603)
(-0.0026905535 0.059082621 -0.032964587)
(-0.0020151366 0.050411914 -0.028725013)
(-0.001464513 0.042427691 -0.024634449)
(-0.0010248017 0.035086347 -0.020717964)
(-0.00068220062 0.028342808 -0.016991186)
(-0.00042349447 0.022152407 -0.013462507)
(-0.00023644123 0.016472051 -0.010134885)
(-0.0001103485 0.0112609 -0.0070072736)
(-3.5919784e-05 0.0064807072 -0.0040755983)
(-2.5816675e-06 0.0020959477 -0.0013338942)
(0.017839408 0.44834188 0.039940272)
(-0.0076687886 0.315876 0.064597896)
(0.0045191862 0.24111678 0.064596815)
(-0.0017384525 0.21533989 0.054832776)
(-0.0023617792 0.21232359 0.042381759)
(-0.0041713358 0.21708072 0.029575667)
(-0.005971727 0.22319758 0.017131843)
(-0.0077774116 0.22869303 0.0051887607)
(-0.0095269945 0.23318886 -0.0062782658)
(-0.011143453 0.23665836 -0.017270645)
(-0.012551527 0.23899595 -0.027704927)
(-0.013687764 0.23992638 -0.037419195)
(-0.014503866 0.23907365 -0.046206351)
(-0.014968919 0.23607817 -0.053853714)
(-0.015071736 0.23070721 -0.060177672)
(-0.014822953 0.22292525 -0.065049059)
(-0.014255801 0.21290952 -0.068408087)
(-0.013421419 0.20101477 -0.070269526)
(-0.012358847 0.18770664 -0.070722855)
(-0.011210154 0.17348781 -0.069905144)
(-0.0099411706 0.15883402 -0.067982955)
(-0.0086606291 0.14415344 -0.065149008)
(-0.0074132049 0.12976784 -0.061593615)
(-0.00623328 0.11591126 -0.057499761)
(-0.0051471106 0.10273917 -0.053031851)
(-0.0041706702 0.090342659 -0.048331011)
(-0.0033114636 0.078763482 -0.043514317)
(-0.0025705155 0.068007843 -0.038675917)
(-0.001944137 0.058057707 -0.033889279)
(-0.0014254138 0.048879562 -0.029209997)
(-0.0010054268 0.040430864 -0.024678716)
(-0.00067419636 0.032664578 -0.020323913)
(-0.00042135578 0.025532248 -0.016164359)
(-0.00023678244 0.018985998 -0.012211242)
(-0.0001111515 0.012979758 -0.0084699067)
(-3.6584122e-05 0.0074699598 -0.0049411623)
(-2.6793475e-06 0.0024158854 -0.0016226677)
(0.018148509 0.45591416 0.037846548)
(-0.0045605399 0.33226953 0.064441783)
(0.0090459869 0.25739145 0.063809271)
(0.005853657 0.22646694 0.055822215)
(0.0061062609 0.21858136 0.043736294)
(0.0053592099 0.21997427 0.031340155)
(0.0041813357 0.22422076 0.019289529)
(0.0027367626 0.22898067 0.0076782113)
(0.0011467085 0.23359646 -0.0035511223)
(-0.00049164327 0.23787981 -0.014426633)
(-0.0020951235 0.2416365 -0.024886403)
(-0.0035955463 0.24451473 -0.034784285)
(-0.0049364233 0.24602911 -0.043923805)
(-0.0060706688 0.24565356 -0.052095189)
(-0.0069602722 0.24293564 -0.059105386)
(-0.0075782306 0.23759846 -0.064799621)
(-0.0079146803 0.22960243 -0.069075844)
(-0.0080005424 0.21915113 -0.071891606)
(-0.007808054 0.20664426 -0.073251713)
(-0.0073815189 0.19260001 -0.07327877)
(-0.0068307067 0.17757084 -0.072099949)
(-0.0061855751 0.16207603 -0.069846238)
(-0.0054672402 0.14655806 -0.066703244)
(-0.0047268819 0.13136299 -0.062854322)
(-0.0040003295 0.11674005 -0.05847198)
(-0.0033121098 0.10285284 -0.053711756)
(-0.0026799592 0.089795588 -0.048709321)
(-0.0021151383 0.077609898 -0.043579156)
(-0.0016232854 0.06629977 -0.038414999)
(-0.0012056274 0.05584383 -0.033291495)
(-0.00086016463 0.046204715 -0.028266464)
(-0.00058265275 0.037335905 -0.023383388)
(-0.00036743045 0.029186502 -0.018673832)
(-0.00020812125 0.021704439 -0.014159651)
(-9.8506838e-05 0.014838539 -0.0098549299)
(-3.25891e-05 0.0085397562 -0.0057675558)
(-2.4647702e-06 0.0027618718 -0.001900812)
(0.018583567 0.46345754 0.034633982)
(-0.0016820044 0.34978173 0.061639292)
(0.013530393 0.2759986 0.061792777)
(0.013404889 0.24032845 0.0546719)
(0.014824949 0.22716057 0.043575103)
(0.015334478 0.22458036 0.031925345)
(0.015033278 0.22639216 0.020525488)
(0.014188906 0.22994547 0.0094801368)
(0.012985726 0.23424762 -0.0012688772)
(0.011541395 0.23887771 -0.011753465)
(0.0099436027 0.24351835 -0.021915026)
(0.0082621071 0.24776397 -0.031616439)
(0.0065578523 0.2510934 -0.040676294)
(0.0048885453 0.25291276 -0.048904379)
(0.0033096294 0.25263635 -0.056126717)
(0.0018705291 0.24978652 -0.062199589)
(0.00061251433 0.24408766 -0.067017202)
(-0.00040283687 0.23552359 -0.070516428)
(-0.0012007732 0.22433913 -0.072675172)
(-0.0017833686 0.21098603 -0.073492525)
(-0.0021596616 0.1960357 -0.07303305)
(-0.0022949699 0.18008759 -0.071459767)
(-0.0023063746 0.16369622 -0.068911656)
(-0.0021918859 0.14732697 -0.065541698)
(-0.002001507 0.13133903 -0.061506312)
(-0.0017620364 0.11598746 -0.056960189)
(-0.0014995611 0.10143665 -0.052045136)
(-0.001234588 0.0877783 -0.046886979)
(-0.00098205443 0.075049669 -0.041593818)
(-0.00075213196 0.063249555 -0.036255898)
(-0.00055109082 0.052351188 -0.030946614)
(-0.00038212158 0.042311992 -0.025724178)
(-0.00024605291 0.033080632 -0.020633558)
(-0.00014209248 0.02460189 -0.015708459)
(-6.8439102e-05 0.016819887 -0.010973186)
(-2.3286274e-05 0.0096801232 -0.0064442358)
(-1.8555325e-06 0.0031306833 -0.0021320042)
(0.019234782 0.47106777 0.030503811)
(0.00045649469 0.36860834 0.056250643)
(0.018082486 0.297624 0.057700187)
(0.021125651 0.25863411 0.051499555)
(0.024263161 0.24062143 0.041612962)
(0.026342517 0.23395826 0.030985051)
(0.027254992 0.23300417 0.020485829)
(0.027296792 0.23494994 0.010247074)
(0.026699392 0.2384697 0.00023520891)
(0.02561041 0.2428824 -0.0095679537)
(0.024128358 0.24770675 -0.019087607)
(0.022332177 0.25248447 -0.028189986)
(0.020298102 0.25671221 -0.036711981)
(0.018104129 0.25982764 -0.044492278)
(0.015829887 0.26123098 -0.051391264)
(0.013554863 0.26034526 -0.057296823)
(0.011355662 0.25670928 -0.062121912)
(0.0092996543 0.25007441 -0.065802979)
(0.0074190918 0.24046451 -0.068309355)
(0.0057920073 0.22817371 -0.069655099)
(0.0044082137 0.2137043 -0.069881579)
(0.0032643409 0.19767063 -0.069030227)
(0.002338317 0.18070375 -0.067191066)
(0.0016182795 0.16337773 -0.064476971)
(0.0010849396 0.14616677 -0.061024179)
(0.00069004527 0.1294303 -0.056970199)
(0.00041158658 0.11341809 -0.052448575)
(0.00022365477 0.098286219 -0.04758376)
(0.00010338714 0.084116975 -0.042487687)
(3.1977906e-05 0.070938223 -0.037258049)
(-5.5929255e-06 0.058740053 -0.031977879)
(-2.0990494e-05 0.047487971 -0.026716077)
(-2.3023632e-05 0.037132746 -0.021528491)
(-1.8128986e-05 0.027617427 -0.016459323)
(-1.0948401e-05 0.018882109 -0.011542608)
(-4.5235609e-06 0.010867044 -0.0068035299)
(-5.6589005e-07 0.0035145494 -0.0022600569)
(0.019859058 0.47900341 0.025687032)
(0.0021018879 0.38944432 0.048568209)
(0.022784633 0.32377372 0.050831708)
(0.029626184 0.28393993 0.045794972)
(0.03522815 0.26254465 0.03733688)
(0.039387565 0.25232806 0.02801966)
(0.041926807 0.24851826 0.01872479)
(0.043132609 0.24838264 0.0096177917)
(0.043271742 0.2504015 0.00069985741)
(0.042558774 0.25370354 -0.0080177413)
(0.041133393 0.25766064 -0.016445284)
(0.039105363 0.26178111 -0.02445937)
(0.036592029 0.26561832 -0.031924662)
(0.033716001 0.26871198 -0.038718632)
(0.030598561 0.27054971 -0.044746024)
(0.02735556 0.27056781 -0.049940291)
(0.024094508 0.26821016 -0.05425636)
(0.020910817 0.26303494 -0.057661984)
(0.017883897 0.25482548 -0.060133324)
(0.015074624 0.24365245 -0.061652305)
(0.012524804 0.22986417 -0.062218681)
(0.010258374 0.21401161 -0.061860796)
(0.0082895633 0.19674285 -0.060631726)
(0.0065928932 0.17870438 -0.05860841)
(0.0051687368 0.16046941 -0.055877465)
(0.00398763 0.1424998 -0.052540391)
(0.0030224177 0.12513639 -0.048704735)
(0.0022453407 0.10860824 -0.044477084)
(0.0016291973 0.093051343 -0.039958455)
(0.0011486081 0.078530054 -0.035241261)
(0.00078071883 0.065057037 -0.030407568)
(0.00050544225 0.05260997 -0.025528381)
(0.00030546225 0.041144473 -0.020663695)
(0.00016611367 0.030603596 -0.015863056)
(7.5471249e-05 0.020924433 -0.011166414)
(2.367134e-05 0.012042537 -0.0066050046)
(1.5058416e-06 0.0038947209 -0.0022026536)
(0.020654827 0.48775551 0.020054304)
(0.0046878538 0.41394682 0.038433185)
(0.028898637 0.35719977 0.040523908)
(0.040286421 0.31979867 0.036766456)
(0.049059002 0.29713587 0.030064958)
(0.055718104 0.28419242 0.022487693)
(0.060105101 0.27733348 0.014872319)
(0.062495326 0.27424717 0.0074135906)
(0.063223501 0.27349778 0.00013537362)
(0.062620526 0.27421623 -0.0068929669)
(0.060910639 0.27574328 -0.013613193)
(0.058283925 0.27762156 -0.019937398)
(0.054932608 0.27949157 -0.025767303)
(0.05104799 0.28101682 -0.031024667)
(0.046808518 0.28180993 -0.035657512)
(0.042373343 0.28138406 -0.039638992)
(0.037880963 0.27916559 -0.042959327)
(0.033446462 0.27458162 -0.045609069)
(0.029167336 0.26720054 -0.047583379)
(0.025121202 0.256853 -0.048879134)
(0.021366048 0.24368003 -0.049490575)
(0.017941292 0.22809992 -0.04941991)
(0.014868614 0.21071295 -0.048683828)
(0.012153848 0.19218729 -0.047317358)
(0.0097900484 0.17316135 -0.045371864)
(0.0077608636 0.15418028 -0.042911099)
(0.0060433865 0.13566749 -0.040007844)
(0.0046105996 0.11792299 -0.0367393)
(0.0034334547 0.10113782 -0.033182858)
(0.0024825115 0.085415404 -0.029412767)
(0.0017291241 0.070793784 -0.025497785)
(0.0011462337 0.057265267 -0.021499708)
(0.00070881936 0.044792312 -0.017472652)
(0.00039434704 0.033319497 -0.013462878)
(0.00018329849 0.022782065 -0.009509015)
(5.9493098e-05 0.013111745 -0.0056424562)
(4.1704634e-06 0.0042405206 -0.001888219)
(0.021844122 0.49674822 0.012914126)
(0.009150711 0.44099858 0.024872327)
(0.036998706 0.39635367 0.026068213)
(0.053263151 0.36427386 0.023640122)
(0.065372085 0.34219732 0.019194902)
(0.074384911 0.32715931 0.014084213)
(0.080295321 0.31689331 0.0089371509)
(0.083421678 0.30985289 0.0039240669)
(0.084282136 0.30501017 -0.00089332474)
(0.083313641 0.30167016 -0.0054689981)
(0.080832995 0.29933187 -0.0097830968)
(0.07716968 0.29764457 -0.013780927)
(0.072626675 0.29634153 -0.017410942)
(0.067469355 0.29518117 -0.020646247)
(0.061929119 0.29386571 -0.023468479)
(0.056201833 0.29197315 -0.025874094)
(0.0504476 0.28893584 -0.027868805)
(0.04479487 0.28410371 -0.029462394)
(0.039345505 0.27688404 -0.030661794)
(0.03417809 0.26689846 -0.031466602)
(0.029351425 0.25408531 -0.03187226)
(0.024907147 0.23870834 -0.031874793)
(0.020871306 0.22128167 -0.031475812)
(0.017255817 0.20245252 -0.030686098)
(0.014060212 0.18288602 -0.029526942)
(0.011273706 0.16318001 -0.028029519)
(0.0088773746 0.14381839 -0.02623286)
(0.0068462877 0.1251574 -0.02418116)
(0.005151474 0.107434 -0.021921028)
(0.0037616592 0.090785587 -0.019499066)
(0.0026447133 0.075273066 -0.016959959)
(0.0017687506 0.060902526 -0.014345107)
(0.0011029779 0.0476434 -0.011691759)
(0.00061854997 0.035442498 -0.009032569)
(0.00028998133 0.024234208 -0.0063954565)
(9.4920537e-05 0.013947551 -0.0038036232)
(6.946536e-06 0.0045108318 -0.0012760435)
(0.022857501 0.50285447 0.0038017897)
(0.013231147 0.46039696 0.007218363)
(0.043657513 0.42526408 0.0072504221)
(0.063297178 0.39790208 0.006264598)
(0.077613914 0.37682469 0.0046957519)
(0.087993501 0.36044533 0.002951608)
(0.094636399 0.34755624 0.0012446763)
(0.097981498 0.33729324 -0.00036871811)
(0.098630715 0.32902963 -0.0018693414)
(0.097109161 0.32230198 -0.0032652918)
(0.093865387 0.31677575 -0.0045339354)
(0.089313927 0.31219515 -0.0056772543)
(0.083826786 0.30834946 -0.0066945653)
(0.07771768 0.30502901 -0.0075835947)
(0.071247852 0.30197776 -0.0083434775)
(0.064635189 0.29879155 -0.0089789807)
(0.058046931 0.29489504 -0.0094954702)
(0.051611463 0.28960223 -0.00989816)
(0.04542985 0.28223431 -0.010190086)
(0.039576495 0.27229451 -0.010371294)
(0.034105872 0.25959737 -0.010439446)
(0.02905661 0.24430382 -0.010391552)
(0.024453593 0.22686172 -0.010225955)
(0.020309293 0.20789058 -0.0099438365)
(0.01662498 0.18805849 -0.0095499318)
(0.013392071 0.16798523 -0.0090524796)
(0.010593658 0.1481845 -0.0084626245)
(0.0082061694 0.12904246 -0.0077935418)
(0.0062010797 0.11082159 -0.0070595041)
(0.0045465595 0.093678783 -0.0062750374)
(0.0032089559 0.077688388 -0.0054542385)
(0.0021540443 0.06286485 -0.0046102766)
(0.0013480183 0.049182027 -0.0037550661)
(0.0007586465 0.036588355 -0.0028990851)
(0.00035685282 0.025018011 -0.0020513044)
(0.00011752408 0.014398683 -0.0012190982)
(8.711601e-06 0.0046567341 -0.00040855407)
(0.022813835 0.50250804 -0.006238337)
(0.012948054 0.45891206 -0.012333328)
(0.043098564 0.42264653 -0.013491452)
(0.062353261 0.39446712 -0.012945671)
(0.076371371 0.37294411 -0.011345134)
(0.086533839 0.35642723 -0.0092967895)
(0.093033864 0.34361988 -0.0071222037)
(0.096293508 0.33358336 -0.004933769)
(0.096909634 0.32563671 -0.0027799366)
(0.095436468 0.3192438 -0.00068916609)
(0.092293856 0.31408953 0.0013038886)
(0.08784583 0.30988311 0.0031810698)
(0.08246469 0.30639233 0.0049161384)
(0.076468171 0.30339807 0.0064816748)
(0.070112242 0.30061184 0.0078642531)
(0.063607605 0.2976441 0.0090583003)
(0.057123129 0.29390081 0.010064198)
(0.050787098 0.28871349 0.010888196)
(0.044698512 0.2814123 0.011535899)
(0.038931332 0.27151315 0.012010917)
(0.033540453 0.25884405 0.012314666)
(0.028565005 0.24357709 0.012447447)
(0.024030235 0.22616731 0.01241026)
(0.01994882 0.20723726 0.01220649)
(0.016322112 0.18745484 0.011842951)
(0.013141527 0.16743775 0.011330171)
(0.010390124 0.14769694 0.010682027)
(0.0080443128 0.12861586 0.0099149659)
(0.0060755953 0.11045483 0.0090470451)
(0.0044522356 0.093369202 0.0080969774)
(0.003140757 0.077432419 0.0070832907)
(0.0021071697 0.062658494 0.0060236617)
(0.0013179855 0.049021201 0.0049344378)
(0.00074130314 0.036469123 0.0038303317)
(0.00034855651 0.024936708 0.0027242586)
(0.00011457508 0.014351978 0.0016273585)
(8.4928504e-06 0.004641642 0.00054881348)
(0.021744588 0.49586698 -0.015163685)
(0.0085745878 0.4374532 -0.02948477)
(0.035806704 0.39031087 -0.031659965)
(0.051201129 0.35653898 -0.029595821)
(0.062632342 0.33359759 -0.02515659)
(0.071115869 0.31833054 -0.019850804)
(0.076658364 0.3082627 -0.014387051)
(0.079593353 0.30169124 -0.0089759584)
(0.080386878 0.29747505 -0.0036722798)
(0.079415723 0.29483354 0.0014710605)
(0.077041607 0.2932563 0.0063750536)
(0.073573121 0.29233812 0.010988592)
(0.069271079 0.29177485 0.015253953)
(0.064372273 0.2912831 0.019101489)
(0.059096587 0.29053528 0.022489454)
(0.053630754 0.28909238 0.025412726)
(0.048129701 0.28638196 0.027869403)
(0.042718695 0.28176438 0.029864928)
(0.037497616 0.27467253 0.031404161)
(0.032544837 0.26476239 0.032489165)
(0.027919523 0.25200638 0.033118299)
(0.023663476 0.23669456 0.033290997)
(0.019802707 0.21935617 0.033012471)
(0.016348905 0.20064299 0.032297072)
(0.013301298 0.18121704 0.031169732)
(0.01064881 0.16166908 0.029665384)
(0.0083723161 0.14247482 0.027826943)
(0.0064468409 0.12398308 0.025702591)
(0.0048435754 0.10642505 0.023342971)
(0.0035316311 0.089934221 0.020798689)
(0.0024794689 0.074569187 0.018118309)
(0.0016559953 0.06033502 0.015346912)
(0.0010313437 0.047201029 0.012525158)
(0.00057770815 0.035114466 0.0096888036)
(0.00027040542 0.024010484 0.0068685435)
(8.8526657e-05 0.013819014 0.0040901066)
(6.4044931e-06 0.0044692945 0.0013743341)
(0.020549002 0.4866293 -0.022085493)
(0.0042017685 0.4098002 -0.042441359)
(0.027732154 0.35053133 -0.045305092)
(0.038187253 0.31165305 -0.041835441)
(0.046242257 0.28838697 -0.035176409)
(0.052304137 0.27539125 -0.027525518)
(0.056231996 0.26879123 -0.019759056)
(0.058318028 0.26613827 -0.012080745)
(0.058905194 0.26592839 -0.0045282562)
(0.058254501 0.26722242 0.0028562015)
(0.056591008 0.26938466 0.010001512)
(0.054100353 0.27192214 0.016791967)
(0.050951868 0.27443784 0.023113122)
(0.047313963 0.27655294 0.028866815)
(0.043345729 0.27784077 0.033978698)
(0.039193268 0.27778786 0.038406708)
(0.03498568 0.27581488 0.042129185)
(0.030834408 0.27136907 0.045134848)
(0.026831154 0.26405457 0.04741103)
(0.023051263 0.25374502 0.048950527)
(0.019551249 0.24062178 0.049753603)
(0.016368322 0.22512912 0.04982699)
(0.013521852 0.20787782 0.04919418)
(0.011015863 0.18953381 0.047895871)
(0.0088424737 0.17072548 0.045987867)
(0.0069847667 0.15198488 0.043539053)
(0.0054195481 0.13372263 0.040626898)
(0.0041198734 0.11622819 0.03733269)
(0.0030571423 0.099684908 0.033737345)
(0.0022026983 0.084191297 0.029918111)
(0.0015289573 0.069782741 0.025946261)
(0.0010101069 0.056450585 0.021885672)
(0.00062253218 0.044157454 0.01779215)
(0.00034512293 0.032848781 0.013713317)
(0.00015991127 0.022461031 0.0096888798)
(5.1522015e-05 0.012927294 0.0057511528)
(3.5823136e-06 0.0041809135 0.0019255537)
(0.019753784 0.47779131 -0.027564017)
(0.0018176697 0.38534998 -0.052083543)
(0.021803085 0.31765311 -0.054872028)
(0.027818741 0.27696471 -0.05009619)
(0.032835571 0.25548712 -0.041724868)
(0.036483192 0.24552443 -0.032418199)
(0.03860783 0.24206282 -0.023076458)
(0.039509518 0.24227897 -0.01387114)
(0.039464785 0.24463892 -0.0048058842)
(0.03865514 0.24826695 0.0041044669)
(0.03721244 0.25256729 0.012785728)
(0.035246043 0.25704344 0.021104297)
(0.03286149 0.26122547 0.028910175)
(0.030166309 0.26461887 0.036063341)
(0.027267566 0.26667885 0.042449616)
(0.024268938 0.26682477 0.047985184)
(0.021267684 0.26450741 0.052610788)
(0.018351157 0.25931471 0.056284248)
(0.015592809 0.25107229 0.058976624)
(0.01304784 0.23989249 0.060671923)
(0.01075434 0.22615365 0.061376268)
(0.0087402249 0.21042011 0.061126451)
(0.0069876475 0.19333798 0.059988654)
(0.0055069157 0.17554128 0.058033727)
(0.0042727973 0.15758606 0.055356402)
(0.0032607873 0.13991673 0.052064283)
(0.0024440065 0.12285919 0.04826878)
(0.0017949417 0.10663114 0.044079154)
(0.0012872452 0.091360952 0.039598231)
(0.000896819 0.077108471 0.034919528)
(0.00060230937 0.063884277 0.03012566)
(0.00038526165 0.051665641 0.025287766)
(0.000230019 0.040408855 0.020465677)
(0.00012356815 0.030058257 0.015708586)
(5.5335871e-05 0.020552519 0.011055984)
(1.7138703e-05 0.01182885 0.0065388274)
(9.9245588e-07 0.0038256659 0.0021804362)
(0.019063892 0.46974559 -0.032237345)
(3.5786728e-05 0.36450302 -0.059299604)
(0.017150384 0.29193745 -0.061101367)
(0.019454006 0.25267834 -0.055190391)
(0.022173468 0.23504385 -0.045438243)
(0.023872407 0.22890835 -0.03487865)
(0.024477088 0.22840897 -0.02439903)
(0.024287201 0.23068262 -0.014140823)
(0.023530106 0.23442381 -0.0040734836)
(0.022346463 0.23898745 0.0058159375)
(0.020832375 0.24392323 0.015464762)
(0.01906607 0.24878491 0.024737825)
(0.017119029 0.25306221 0.033463249)
(0.015061634 0.25617739 0.041466706)
(0.012964879 0.25752089 0.048593508)
(0.010899115 0.25652249 0.054717713)
(0.0089303498 0.25274691 0.059744013)
(0.0071152499 0.24598369 0.063605832)
(0.0054954862 0.23629504 0.066267499)
(0.0040914928 0.22400303 0.067731027)
(0.0029609665 0.20962174 0.068046503)
(0.002011781 0.19376207 0.067274728)
(0.0012823264 0.17704015 0.065501877)
(0.00075973281 0.16000971 0.062860678)
(0.00037971618 0.14312403 0.059487721)
(0.00012491531 0.12672422 0.055522034)
(-3.2554399e-05 0.11104591 0.051097924)
(-0.0001182912 0.096235373 0.046339775)
(-0.00015356478 0.082368863 0.04135883)
(-0.00015544994 0.069471175 0.036251646)
(-0.00013726056 0.057531436 0.031099848)
(-0.00010901572 0.046515576 0.025970791)
(-7.7926265e-05 0.036375611 0.020918753)
(-4.8971888e-05 0.027056256 0.01598641)
(-2.5368091e-05 0.018499426 0.011206382)
(-9.360094e-06 0.010647171 0.0066028157)
(-9.0127456e-07 0.0034434949 0.0021925813)
(0.018386054 0.46201319 -0.036139684)
(-0.0024206294 0.3456062 -0.064179348)
(0.012522067 0.27054805 -0.064745728)
(0.011711563 0.23502005 -0.0578958)
(0.012855215 0.22248813 -0.046987277)
(0.013093764 0.22056355 -0.035457201)
(0.012587273 0.22287188 -0.024125572)
(0.011595345 0.2267408 -0.013114175)
(0.01029181 0.23120209 -0.0023731356)
(0.0087935838 0.23587892 0.0081263362)
(0.0071873754 0.24047793 0.018329085)
(0.005543292 0.24461226 0.028097943)
(0.0039207373 0.24776996 0.037246559)
(0.0023732333 0.2493663 0.045576148)
(0.00095032001 0.24883369 0.052902754)
(-0.0003011971 0.24572511 0.059074157)
(-0.0013462365 0.23980351 0.06397971)
(-0.0021642381 0.23109041 0.06755537)
(-0.0027421372 0.21985645 0.069777748)
(-0.0030930553 0.20656247 0.070658263)
(-0.0032597778 0.19177287 0.070282816)
(-0.0032253782 0.17606865 0.068797154)
(-0.0030593607 0.15998064 0.066346914)
(-0.0028054499 0.14395063 0.063086439)
(-0.0024909872 0.12831729 0.059178374)
(-0.0021461465 0.11331969 0.054776295)
(-0.0017958035 0.099110968 0.050020617)
(-0.0014585366 0.085775775 0.045035118)
(-0.0011473547 0.073347618 0.039925443)
(-0.0008706171 0.061823931 0.034779237)
(-0.00063291431 0.05117817 0.02966734)
(-0.00043588385 0.041368956 0.024645554)
(-0.00027898007 0.032346666 0.019756643)
(-0.00016017628 0.024058001 0.015032344)
(-7.6826128e-05 0.016449016 0.010495244)
(-2.5813296e-05 0.0094670391 0.0061605077)
(-2.0564661e-06 0.003061823 0.0020371495)
(0.017976401 0.45439065 -0.039065893)
(-0.0053763396 0.32810595 -0.066346577)
(0.0080318245 0.25215686 -0.066459548)
(0.0041163617 0.22155856 -0.058613969)
(0.0041472813 0.21434323 -0.046831062)
(0.0032059694 0.21636806 -0.03461578)
(0.0018982086 0.22107285 -0.022682752)
(0.00037717891 0.226105 -0.011152978)
(-0.0012479808 0.23082715 1.6750526e-05)
(-0.0028836483 0.23507842 0.010848406)
(-0.0044477722 0.23868611 0.021278084)
(-0.0058728695 0.24132283 0.031158565)
(-0.0071038232 0.24253005 0.040290994)
(-0.0080969883 0.24181482 0.048461522)
(-0.008819594 0.23876491 0.05547354)
(-0.0092505721 0.2331464 0.061170723)
(-0.0093896731 0.22495732 0.06545107)
(-0.0092932963 0.21442576 0.068275615)
(-0.0089016547 0.20195877 0.069660922)
(-0.0082881282 0.18806607 0.069739932)
(-0.0076053629 0.17328024 0.068625975)
(-0.0068071704 0.15809497 0.066468814)
(-0.0059632813 0.14292703 0.063453479)
(-0.0051194598 0.12809999 0.059760264)
(-0.00430617 0.11384553 0.055557791)
(-0.0035466587 0.10031493 0.050998002)
(-0.0028569186 0.087594651 0.046212731)
(-0.0022462052 0.075722102 0.041312589)
(-0.0017182514 0.064699702 0.036387629)
(-0.0012725975 0.05450624 0.031509127)
(-0.00090577767 0.045105586 0.026731912)
(-0.00061231502 0.036453027 0.022096852)
(-0.00038549283 0.028499718 0.017633262)
(-0.00021809073 0.021195667 0.01336109)
(-0.00010303455 0.014491666 0.009292827)
(-3.4179216e-05 0.0083404735 0.0054351609)
(-2.5511654e-06 0.0026974731 0.0017901278)
(0.017708512 0.44675893 -0.0408426)
(-0.0084306415 0.31179466 -0.065939853)
(0.0033789104 0.23610526 -0.066836518)
(-0.0034824545 0.2105871 -0.057261927)
(-0.0044180324 0.20812269 -0.045190527)
(-0.0063207957 0.21337415 -0.032652804)
(-0.008197263 0.21984518 -0.020397728)
(-0.010020812 0.22553959 -0.0085965113)
(-0.011739586 0.23008104 0.0027523574)
(-0.013287182 0.23345346 0.013637144)
(-0.014592953 0.23557464 0.02397061)
(-0.01559694 0.23620281 0.033588403)
(-0.016255013 0.23500504 0.042283242)
(-0.016542108 0.2316706 0.049843835)
(-0.016454476 0.22601486 0.05608989)
(-0.016011128 0.2180417 0.060897423)
(-0.015254377 0.20795242 0.064212866)
(-0.014244781 0.19610784 0.066058037)
(-0.013024852 0.18296358 0.066532161)
(-0.011726755 0.16900108 0.065772818)
(-0.010346767 0.15466963 0.063954376)
(-0.0089715619 0.14035111 0.061261205)
(-0.0076462375 0.1263446 0.057882202)
(-0.0064052715 0.11286647 0.053995478)
(-0.0052718077 0.10005973 0.049759369)
(-0.0042592553 0.088007583 0.045309208)
(-0.0033729713 0.076747602 0.040756776)
(-0.0026121203 0.066284468 0.036191526)
(-0.0019714181 0.056600409 0.031682869)
(-0.0014426279 0.047663276 0.027282971)
(-0.0010157679 0.039432474 0.023029619)
(-0.00068000044 0.031863156 0.018948938)
(-0.00042430809 0.024909075 0.015057782)
(-0.00023803936 0.018524447 0.011365795)
(-0.00011162234 0.012665111 0.0078770975)
(-3.6551647e-05 0.0072891979 0.004591766)
(-2.6796904e-06 0.0023574723 0.001506721)
(0.017097653 0.43914297 -0.041242352)
(-0.011897426 0.29647662 -0.063390441)
(-0.0025105647 0.22187241 -0.064591412)
(-0.010714189 0.20058107 -0.054240518)
(-0.013194944 0.20188785 -0.042286424)
(-0.015730564 0.20936189 -0.029789679)
(-0.017961127 0.21682491 -0.017535512)
(-0.0198733 0.22261268 -0.0057655616)
(-0.021450146 0.22652275 0.0054578055)
(-0.022657086 0.22863117 0.016071307)
(-0.023450757 0.22894177 0.02595264)
(-0.023796191 0.2273432 0.034924406)
(-0.023678797 0.22369005 0.042787496)
(-0.023109821 0.21790038 0.049360254)
(-0.022127521 0.21002365 0.054511481)
(-0.020794206 0.20026133 0.058180982)
(-0.019189624 0.18894373 0.060386107)
(-0.017401264 0.17647964 0.061215882)
(-0.015514069 0.16329896 0.060815298)
(-0.013609643 0.14980401 0.059358219)
(-0.011751347 0.13633818 0.057035255)
(-0.0099921403 0.12317182 0.054039758)
(-0.0083677355 0.11050155 0.050551354)
(-0.0069001001 0.098458196 0.046728865)
(-0.0055996095 0.087118555 0.042706789)
(-0.0044675028 0.076517905 0.038594883)
(-0.0034983319 0.066661356 0.034479713)
(-0.002682122 0.057533263 0.030427295)
(-0.0020061448 0.049104561 0.026486197)
(-0.0014562772 0.041338184 0.022690656)
(-0.0010179999 0.034192935 0.019063456)
(-0.00067708329 0.027626134 0.015618443)
(-0.00042001369 0.021595365 0.012362637)
(-0.00023438897 0.01605958 0.0092979556)
(-0.0001092773 0.010979748 0.0064225825)
(-3.5662114e-05 0.006319197 0.0037321467)
(-2.5424749e-06 0.0020437567 0.0012203494)
(0.016195671 0.43160409 -0.040110048)
(-0.01500053 0.28177139 -0.05887362)
(-0.0090495272 0.20868863 -0.059775915)
(-0.017964173 0.19058026 -0.04991482)
(-0.021842858 0.19418578 -0.038292252)
(-0.024962805 0.20261341 -0.026224259)
(-0.027369027 0.21016688 -0.014361429)
(-0.029143855 0.21544422 -0.002996815)
(-0.030322579 0.21831876 0.0077222054)
(-0.030917721 0.21892242 0.017681616)
(-0.030937917 0.21735501 0.026730816)
(-0.030397287 0.21366612 0.034695659)
(-0.029331834 0.20791715 0.041409969)
(-0.027803775 0.20024099 0.046748739)
(-0.025898694 0.19086903 0.050651891)
(-0.023717794 0.18012178 0.053133717)
(-0.021367717 0.16837417 0.054278406)
(-0.018950438 0.15601214 0.054225332)
(-0.016555442 0.14339427 0.053149014)
(-0.014255252 0.13082614 0.051238723)
(-0.012103791 0.11854862 0.048683009)
(-0.010136661 0.10673744 0.045657494)
(-0.0083733287 0.095509997 0.042316605)
(-0.0068201998 0.08493555 0.038790211)
(-0.0054738302 0.075046121 0.035183343)
(-0.0043238868 0.065846519 0.031577918)
(-0.0033556557 0.0573227 0.02803555)
(-0.00255202 0.049448316 0.024600779)
(-0.0018949321 0.042189604 0.021304275)
(-0.0013664553 0.035508898 0.018165752)
(-0.0009494543 0.029367044 0.015196495)
(-0.00062798964 0.023725023 0.012401454)
(-0.00038754511 0.018544967 0.0097809253)
(-0.00021517556 0.013790789 0.0073318858)
(-9.9891281e-05 0.0094285062 0.0050490161)
(-3.2288778e-05 0.0054263935 0.0029255137)
(-2.2832118e-06 0.001755007 0.0009535064)
(0.015352905 0.42404377 -0.037126133)
(-0.018137948 0.26767405 -0.052700413)
(-0.015516979 0.19609336 -0.052837887)
(-0.025175113 0.17985333 -0.044019339)
(-0.030176487 0.18399421 -0.033322532)
(-0.033776222 0.19192219 -0.022169658)
(-0.036173721 0.19856692 -0.011178448)
(-0.037579504 0.2027211 -0.00069016284)
(-0.038106443 0.20425316 0.0090939133)
(-0.037837614 0.20332325 0.017994718)
(-0.03686895 0.20011302 0.025855267)
(-0.035285889 0.19481712 0.032529358)
(-0.033189302 0.18766457 0.037905684)
(-0.030696345 0.17893631 0.041929807)
(-0.027933681 0.16896191 0.044614833)
(-0.025027564 0.15809764 0.046038899)
(-0.022094031 0.14669651 0.046332543)
(-0.019231464 0.13508068 0.045660479)
(-0.016516498 0.12352257 0.044202576)
(-0.014003203 0.11223652 0.042137564)
(-0.011724738 0.10137912 0.03963122)
(-0.0096964446 0.091055382 0.036829037)
(-0.0079196709 0.081327653 0.033852901)
(-0.006385585 0.072225157 0.030800847)
(-0.0050785734 0.06375275 0.027748775)
(-0.0039790208 0.055898284 0.024753243)
(-0.0030654337 0.048638407 0.021854633)
(-0.0023159705 0.041942937 0.019080282)
(-0.0017094808 0.035778004 0.016447316)
(-0.0012261549 0.030108257 0.013965074)
(-0.00084787865 0.02489833 0.011637118)
(-0.00055838872 0.020113803 0.0094628267)
(-0.00034326675 0.015721776 0.0074386461)
(-0.00018996685 0.011691199 0.0055590479)
(-8.7819049e-05 0.0079930202 0.0038172467)
(-2.8416228e-05 0.0046002262 0.0022057792)
(-1.9526152e-06 0.0014878094 0.00071671881)
(0.014472972 0.41740712 -0.031957078)
(-0.021504561 0.25525622 -0.04473578)
(-0.021611161 0.18424521 -0.04420838)
(-0.03200583 0.16827804 -0.036745098)
(-0.037866165 0.17108232 -0.027537405)
(-0.041790256 0.17696896 -0.017845597)
(-0.044007251 0.18162344 -0.0082645584)
(-0.044820866 0.18401286 0.00083214052)
(-0.044484872 0.18397411 0.0092053804)
(-0.043203347 0.18164653 0.016659917)
(-0.041146788 0.17724454 0.023051243)
(-0.038487818 0.17103829 0.028276087)
(-0.035396664 0.16333659 0.032283073)
(-0.032037797 0.15447365 0.035080941)
(-0.028563688 0.14479035 0.036736917)
(-0.025107271 0.13461233 0.037365829)
(-0.021776185 0.12423079 0.037114377)
(-0.018650525 0.11388961 0.036144079)
(-0.015783585 0.10378016 0.034616262)
(-0.013204826 0.094042639 0.032680914)
(-0.010924249 0.084771856 0.030469836)
(-0.008937185 0.076025039 0.028093466)
(-0.0072287126 0.067830129 0.025640533)
(-0.0057774518 0.060193375 0.023179586)
(-0.0045585705 0.053105752 0.020761529)
(-0.0035460177 0.046548039 0.018422534)
(-0.0027140715 0.040494668 0.016186918)
(-0.0020383504 0.034916522 0.014069752)
(-0.0014963944 0.02978291 0.012079103)
(-0.0010679519 0.0250629 0.010217866)
(-0.00073506506 0.020726205 0.00848523)
(-0.00048199115 0.016743727 0.0068778185)
(-0.00029507253 0.013087882 0.0053905514)
(-0.00016260323 0.0097327617 0.0040172926)
(-7.4925569e-05 0.0066541951 0.0027513253)
(-2.3997942e-05 0.0038297382 0.0015858)
(-1.6419212e-06 0.0012386254 0.00051378481)
(0.013648825 0.41222602 -0.024931075)
(-0.024376821 0.24528906 -0.035030706)
(-0.026763193 0.17370378 -0.034192761)
(-0.037897413 0.15653934 -0.028366939)
(-0.044406284 0.15643314 -0.021144067)
(-0.048493124 0.15893399 -0.013470759)
(-0.050400028 0.16057711 -0.0058604712)
(-0.050552271 0.16056095 0.0013318321)
(-0.049310182 0.15872033 0.0078543065)
(-0.046995766 0.1551378 0.01354965)
(-0.043892859 0.14999835 0.018302906)
(-0.0402581 0.14355277 0.022053506)
(-0.036319212 0.13608501 0.024795176)
(-0.032271635 0.1278871 0.026573603)
(-0.028275672 0.11923762 0.027480511)
(-0.024454787 0.11038511 0.027632405)
(-0.020896394 0.10153813 0.027161426)
(-0.017655071 0.092861324 0.026201972)
(-0.01475773 0.084476664 0.024880331)
(-0.012209546 0.076468198 0.023307293)
(-0.0099998121 0.068888482 0.021577603)
(-0.0081072424 0.061765291 0.01976772)
(-0.0065043211 0.055107848 0.017936898)
(-0.005160609 0.048912103 0.016129302)
(-0.0040451398 0.043164952 0.014376459)
(-0.0031280083 0.037847442 0.012699705)
(-0.002381343 0.032937132 0.011112407)
(-0.0017798247 0.028409782 0.0096218972)
(-0.0013008967 0.024240514 0.0082310472)
(-0.00092475709 0.020404603 0.0069395371)
(-0.00063422408 0.016877996 0.0057448359)
(-0.00041452515 0.013637632 0.0046429476)
(-0.00025303433 0.010661637 0.0036289681)
(-0.0001390996 0.0079294188 0.0026974926)
(-6.3875091e-05 0.0054217086 0.0018429106)
(-2.0505784e-05 0.0031205527 0.0010597086)
(-1.3663292e-06 0.0010092819 0.00034242601)
(0.013411009 0.40879163 -0.0165741)
(-0.026423462 0.23831645 -0.023800283)
(-0.030574654 0.16536733 -0.02302831)
(-0.04233367 0.14623017 -0.019153001)
(-0.049295595 0.14255139 -0.014350685)
(-0.053431698 0.14109782 -0.0092105479)
(-0.05500339 0.13922972 -0.0040962826)
(-0.054541973 0.13645248 0.00072474584)
(-0.052508616 0.13266421 0.0050681314)
(-0.049329271 0.1279114 0.0088042657)
(-0.045385883 0.12231247 0.011858509)
(-0.041001509 0.11603235 0.014208618)
(-0.036442759 0.10925541 0.01586708)
(-0.03192198 0.10216817 0.016882405)
(-0.027596668 0.094939435 0.017330127)
(-0.023570864 0.087713684 0.017300718)
(-0.019910472 0.080609703 0.016889173)
(-0.016646334 0.073717798 0.016187122)
(-0.013781663 0.067101866 0.015277873)
(-0.011302449 0.060804723 0.014232204)
(-0.0091837122 0.054851921 0.013107829)
(-0.0073920387 0.049254877 0.011950564)
(-0.0058916481 0.044015125 0.010794597)
(-0.0046465259 0.039127128 0.0096652204)
(-0.0036221985 0.034580452 0.008579923)
(-0.0027868224 0.030361412 0.0075500126)
(-0.0021117039 0.026454276 0.0065820755)
(-0.0015714613 0.022842141 0.0056791936)
(-0.0011439584 0.019507568 0.0048419188)
(-0.00081010672 0.016433029 0.0040690313)
(-0.00055359553 0.013601232 0.0033581184)
(-0.00036057294 0.010995351 0.0027060087)
(-0.00021935054 0.0085991846 0.0021090899)
(-0.00012013736 0.0063972665 0.0015635418)
(-5.5030658e-05 0.0043749305 0.0010655013)
(-1.7467357e-05 0.00251835 0.00061122203)
(-1.1802147e-06 0.00081455305 0.00019698948)
(0.013855829 0.40712228 -0.0075713355)
(-0.027524252 0.23458771 -0.011276292)
(-0.032799463 0.16030084 -0.011008479)
(-0.044941551 0.13952612 -0.0093842919)
(-0.052164476 0.13305536 -0.007335909)
(-0.05629849 0.12851924 -0.0051062674)
(-0.057629297 0.12384654 -0.0028602566)
(-0.056742349 0.1188159 -0.00072460519)
(-0.054187408 0.11344175 0.0012095304)
(-0.05046918 0.10775809 0.002874507)
(-0.046015877 0.10183778 0.0042345896)
(-0.041193227 0.095761172 0.0052826382)
(-0.036285036 0.089610528 0.0060247811)
(-0.031508646 0.083475556 0.0064853916)
(-0.027014056 0.077421446 0.0066968092)
(-0.022895784 0.071503728 0.0067019319)
(-0.019202822 0.065766846 0.0065440939)
(-0.015949755 0.060244361 0.006263956)
(-0.013126684 0.054960164 0.0058977214)
(-0.010707767 0.049930076 0.0054770067)
(-0.0086582457 0.045163349 0.0050260642)
(-0.0069381005 0.040663771 0.0045639185)
(-0.0055071969 0.036431379 0.004104697)
(-0.0043272122 0.032463151 0.0036581679)
(-0.0033618049 0.028753296 0.0032314152)
(-0.0025784086 0.025294079 0.0028289227)
(-0.001948188 0.022076264 0.0024531805)
(-0.0014459794 0.019089483 0.0021052152)
(-0.001050095 0.01632256 0.0017850089)
(-0.00074202311 0.013763791 0.0014918205)
(-0.00050608047 0.011401185 0.0012244278)
(-0.00032906438 0.0092226821 0.000981308)
(-0.00019990089 0.0072163221 0.0007607707)
(-0.00010939798 0.0053703968 0.00056105584)
(-4.9990954e-05 0.0036735621 0.00038040417)
(-1.5985633e-05 0.002114926 0.00021715687)
(-1.0501562e-06 0.00068411099 6.9626828e-05)
(0.014111667 0.40682703 0.001639999)
(-0.027760816 0.23389822 0.0019843643)
(-0.033302215 0.15933998 0.0014398239)
(-0.045540041 0.1382322 0.0006343719)
(-0.052829558 0.13114803 -0.00023228176)
(-0.056964663 0.12588596 -0.001093838)
(-0.058241134 0.12051347 -0.0018910009)
(-0.057268461 0.11487633 -0.0025809197)
(-0.054605051 0.10901965 -0.0031580348)
(-0.050765242 0.10301175 -0.0036062099)
(-0.046195953 0.096927465 -0.0039250611)
(-0.041272369 0.090833063 -0.0041270323)
(-0.03628212 0.084786709 -0.004217757)
(-0.03144422 0.078842355 -0.0042137791)
(-0.026908089 0.073042694 -0.0041328558)
(-0.022765418 0.067421075 -0.0039916839)
(-0.019061747 0.062002742 -0.0038057083)
(-0.015808164 0.056806053 -0.0035885099)
(-0.012991702 0.051843691 -0.0033514511)
(-0.010583905 0.047123749 -0.0031036737)
(-0.0085475894 0.042650622 -0.0028524109)
(-0.0068420604 0.038425708 -0.002603623)
(-0.005425568 0.03444774 -0.0023604933)
(-0.0042587457 0.030713562 -0.0021256534)
(-0.0033055531 0.027218288 -0.0019008238)
(-0.0025330143 0.023955281 -0.0016870403)
(-0.0019122333 0.020916608 -0.0014848045)
(-0.001418087 0.018093275 -0.0012942408)
(-0.0010289688 0.015475465 -0.0011152158)
(-0.00072647064 0.013052772 -0.00094742851)
(-0.00049503376 0.01081441 -0.00079047531)
(-0.00032157025 0.0087494217 -0.00064389708)
(-0.00019513085 0.0068468489 -0.00050720871)
(-0.00010661556 0.0050958844 -0.00037991841)
(-4.8717489e-05 0.0034859941 -0.00026153757)
(-1.5417327e-05 0.0020070127 -0.00015149276)
(-1.0259336e-06 0.00064921497 -4.9304714e-05)
(0.013636926 0.40770777 0.010752641)
(-0.027100521 0.23607025 0.015052481)
(-0.032074794 0.16262504 0.013782966)
(-0.044083733 0.14289029 0.010602098)
(-0.051244595 0.13763797 0.006867034)
(-0.055416862 0.13439373 0.0029755648)
(-0.05685635 0.13081091 -0.0008087334)
(-0.056148514 0.12657018 -0.0043025618)
(-0.053807472 0.12165665 -0.0073681709)
(-0.050293157 0.11613816 -0.0099267514)
(-0.046020335 0.11012805 -0.011940279)
(-0.04134128 0.10376168 -0.013412021)
(-0.036541745 0.097174741 -0.014366402)
(-0.031834387 0.090494902 -0.014852643)
(-0.027375855 0.083837108 -0.014936425)
(-0.023267003 0.077295635 -0.014690237)
(-0.019563787 0.070943578 -0.014186606)
(-0.016287147 0.064834238 -0.013492965)
(-0.013432548 0.059003771 -0.012668489)
(-0.010978661 0.053474341 -0.011762671)
(-0.008892599 0.048256883 -0.010815482)
(-0.0071371379 0.043354619 -0.0098574354)
(-0.0056739571 0.038764997 -0.0089109673)
(-0.0044645316 0.034480865 -0.0079919595)
(-0.0034731085 0.030492155 -0.0071114505)
(-0.0026671502 0.026786804 -0.0062763486)
(-0.0020176717 0.023351453 -0.0054904301)
(-0.0014992749 0.020171958 -0.0047551866)
(-0.0010899945 0.017233774 -0.0040704938)
(-0.00077102166 0.014522255 -0.0034351252)
(-0.0005263792 0.012022875 -0.0028471373)
(-0.00034258205 0.0097214125 -0.0023041524)
(-0.00020829122 0.00760408 -0.0018035594)
(-0.0001140752 0.0056576281 -0.0013426543)
(-5.2180818e-05 0.0038694175 -0.00091873475)
(-1.6682327e-05 0.0022274674 -0.00052908536)
(-1.0999917e-06 0.00072048339 -0.00017118374)
(0.013273239 0.40999559 0.019578104)
(-0.025674295 0.24124401 0.027064346)
(-0.029159529 0.16966001 0.02548934)
(-0.040663831 0.15201581 0.020190707)
(-0.047475325 0.15031733 0.013841262)
(-0.051640763 0.15082026 0.0071992381)
(-0.05341299 0.15054486 0.0006972358)
(-0.053257819 0.14888091 -0.0053666531)
(-0.05158163 0.14574976 -0.010771069)
(-0.048776143 0.14123235 -0.015382175)
(-0.045177959 0.13550977 -0.019119814)
(-0.041084512 0.12881448 -0.021955567)
(-0.036750773 0.12139953 -0.023913697)
(-0.032385851 0.11351552 -0.025054594)
(-0.028152474 0.10539297 -0.025471928)
(-0.024168231 0.097230062 -0.025279021)
(-0.020509777 0.089186763 -0.024596011)
(-0.017218974 0.081384208 -0.023539528)
(-0.014310065 0.073907935 -0.022215525)
(-0.011776877 0.066813214 -0.020715235)
(-0.0095993167 0.060131109 -0.019113627)
(-0.0077487617 0.053874323 -0.017469277)
(-0.0061922237 0.048042261 -0.015827374)
(-0.0048953897 0.042625118 -0.014220853)
(-0.0038247192 0.037607048 -0.012672588)
(-0.002948728 0.032968501 -0.011197504)
(-0.0022386949 0.028687901 -0.0098044368)
(-0.0016689661 0.024742811 -0.0084976883)
(-0.0012169915 0.021110729 -0.0072782866)
(-0.00086319706 0.017769609 -0.0061449689)
(-0.00059076168 0.014698196 -0.0050949361)
(-0.00038532926 0.011876233 -0.0041244132)
(-0.00023473005 0.0092845761 -0.0032290587)
(-0.00012873218 0.0069052436 -0.0024042542)
(-5.9048206e-05 0.0047214323 -0.0016453056)
(-1.8777426e-05 0.0027174981 -0.00094755991)
(-1.2685063e-06 0.00087892208 -0.00030663672)
(0.013931438 0.41415802 0.027472374)
(-0.02323384 0.2496401 0.037634566)
(-0.024718653 0.17938941 0.036182556)
(-0.035513787 0.16365577 0.029084155)
(-0.041779106 0.16547804 0.020521045)
(-0.045851192 0.1698448 0.011575514)
(-0.047963013 0.172955 0.002802019)
(-0.048477211 0.17394797 -0.0054313482)
(-0.047684936 0.17272162 -0.012890236)
(-0.045852652 0.16940461 -0.019403922)
(-0.043215669 0.16423054 -0.02485046)
(-0.039994128 0.15749047 -0.029158267)
(-0.036394142 0.149508 -0.032311595)
(-0.032603247 0.14061802 -0.034351365)
(-0.028783914 0.13114534 -0.035368701)
(-0.025068609 0.12138527 -0.035491655)
(-0.021557355 0.11158958 -0.034869114)
(-0.018318436 0.10195962 -0.033655454)
(-0.015391706 0.092646027 -0.03199826)
(-0.012793499 0.083753229 -0.030030054)
(-0.010522103 0.075346674 -0.027863863)
(-0.0085630037 0.06746088 -0.025591902)
(-0.0068934891 0.060107133 -0.023286447)
(-0.0054863507 0.053280143 -0.021001954)
(-0.0043126114 0.046963422 -0.018777764)
(-0.0033434335 0.041133399 -0.016640908)
(-0.0025513597 0.035762459 -0.014608734)
(-0.001911043 0.030821082 -0.012691197)
(-0.0013996135 0.026279307 -0.01089277)
(-0.00099678996 0.022107693 -0.0092139759)
(-0.00068482117 0.018277919 -0.007652586)
(-0.00044833366 0.014763135 -0.006204533)
(-0.00027410623 0.011538141 -0.004864586)
(-0.00015092084 0.0085794541 -0.0036268438)
(-6.9408684e-05 0.0058653013 -0.002485085)
(-2.2336973e-05 0.0033755675 -0.001432983)
(-1.5007521e-06 0.0010917174 -0.00046441783)
(0.014805704 0.41993238 0.033776484)
(-0.020090388 0.26074798 0.046614662)
(-0.019071136 0.19077217 0.0456069)
(-0.029091919 0.17573845 0.037011325)
(-0.034605358 0.17986258 0.026703672)
(-0.038441433 0.18704988 0.016010032)
(-0.040813967 0.19272397 0.0055288917)
(-0.041972526 0.19584847 -0.0043842968)
(-0.042092012 0.19634407 -0.013507218)
(-0.041318948 0.19437802 -0.021668177)
(-0.039781737 0.19017618 -0.028716941)
(-0.037612293 0.1839964 -0.034532267)
(-0.034951648 0.17613372 -0.039040172)
(-0.031947406 0.16692086 -0.042228019)
(-0.028745815 0.15671421 -0.044147938)
(-0.025482236 0.14586976 -0.044908792)
(-0.02227294 0.13471759 -0.044660413)
(-0.019210039 0.1235423 -0.043574956)
(-0.016359951 0.11257254 -0.041829522)
(-0.013764781 0.10197921 -0.039592603)
(-0.011445582 0.091880069 -0.037014986)
(-0.0094066304 0.082347885 -0.034224967)
(-0.0076398534 0.073419797 -0.031327064)
(-0.0061288486 0.065106299 -0.02840311)
(-0.0048522043 0.057399019 -0.025514735)
(-0.0037860598 0.050276984 -0.022706469)
(-0.0029059553 0.0437114 -0.020008928)
(-0.0021880977 0.037669146 -0.017441777)
(-0.0016101474 0.032115231 -0.015016304)
(-0.001151663 0.027014446 -0.012737569)
(-0.00079430232 0.02233244 -0.010606124)
(-0.00052182844 0.018036376 -0.0086193575)
(-0.00032003578 0.014095288 -0.0067725209)
(-0.00017666551 0.010480263 -0.005059489)
(-8.1544493e-05 0.0071644744 -0.0034733215)
(-2.6178946e-05 0.004123149 -0.0020065703)
(-1.8085483e-06 0.0013334809 -0.0006517319)
(0.015697785 0.42704118 0.038039199)
(-0.016688447 0.27403214 0.053764223)
(-0.012694011 0.20307545 0.053510776)
(-0.021954647 0.18708151 0.043689794)
(-0.026487274 0.19169068 0.032170848)
(-0.029922296 0.20019413 0.020296645)
(-0.032395958 0.20734991 0.0086787671)
(-0.034040939 0.21196198 -0.0023762875)
(-0.034935903 0.21396697 -0.012703156)
(-0.035131512 0.21353254 -0.022157509)
(-0.034665563 0.21081152 -0.030583417)
(-0.033587673 0.20593779 -0.037820175)
(-0.03196879 0.19907371 -0.043731075)
(-0.029902828 0.19044865 -0.048231749)
(-0.027501302 0.18036734 -0.051307211)
(-0.024883658 0.16918981 -0.053014363)
(-0.022166405 0.15729574 -0.053471913)
(-0.019453875 0.14504771 -0.052842272)
(-0.016832275 0.13276306 -0.051310805)
(-0.014366899 0.12069854 -0.049068382)
(-0.012102 0.10904647 -0.046297076)
(-0.010062841 0.097939221 -0.043159945)
(-0.0082590973 0.087458305 -0.039795937)
(-0.0066885648 0.077645008 -0.036318582)
(-0.0053406563 0.068510664 -0.032817164)
(-0.0041993843 0.060045518 -0.029359337)
(-0.0032457365 0.052225829 -0.02599438)
(-0.0024594537 0.045019259 -0.022756553)
(-0.0018202926 0.038388789 -0.019668221)
(-0.0013088583 0.032295443 -0.016742592)
(-0.00090711231 0.026700121 -0.013985996)
(-0.00059863482 0.021564769 -0.011399733)
(-0.00036870356 0.016853083 -0.0089815145)
(-0.00020439167 0.012530895 -0.0067265788)
(-9.467067e-05 0.008566349 -0.004628523)
(-3.0658346e-05 0.004929927 -0.0026798585)
(-2.1323691e-06 0.0015944017 -0.0008726171)
(0.016573342 0.43465068 0.040188853)
(-0.013481108 0.28852822 0.059126505)
(-0.005914558 0.2159729 0.059472327)
(-0.014574241 0.19743277 0.04888896)
(-0.017866363 0.20063675 0.036749286)
(-0.020763012 0.20893184 0.024204031)
(-0.023145203 0.21652277 0.011959471)
(-0.025047966 0.22199749 0.0002642291)
(-0.0264788 0.2252571 -0.01079768)
(-0.027422007 0.22642955 -0.021132839)
(-0.027856265 0.22556614 -0.030603339)
(-0.027768723 0.22263264 -0.039031315)
(-0.027168981 0.21759033 -0.046232749)
(-0.026094369 0.21047794 -0.052055236)
(-0.024609226 0.2014574 -0.056407072)
(-0.022799183 0.19081449 -0.059272337)
(-0.020761432 0.17892465 -0.060711486)
(-0.018593531 0.16620218 -0.060849324)
(-0.016389637 0.15305061 -0.059850807)
(-0.014226583 0.13982636 -0.057905683)
(-0.012167644 0.12681874 -0.055212658)
(-0.010257186 0.11424458 -0.051961283)
(-0.0085229967 0.10225303 -0.048321369)
(-0.0069789618 0.090935887 -0.044438313)
(-0.0056279478 0.080339786 -0.040431784)
(-0.0044646713 0.07047789 -0.036396764)
(-0.0034782796 0.061339907 -0.03240604)
(-0.0026544869 0.052900081 -0.028513399)
(-0.0019772291 0.045123216 -0.024756949)
(-0.0014298856 0.037969012 -0.021162258)
(-0.00099612736 0.031395077 -0.017745124)
(-0.00066044669 0.025358935 -0.014513906)
(-0.00040848849 0.019819295 -0.011471427)
(-0.0002272902 0.014736813 -0.0086164783)
(-0.000105733 0.0100745 -0.0059449927)
(-3.4279818e-05 0.0057978998 -0.0034509026)
(-2.4425108e-06 0.0018751171 -0.001126951)
(0.017433914 0.44228551 0.04055907)
(-0.010195716 0.30354033 0.062720723)
(0.00047736661 0.22947808 0.063242728)
(-0.0072781908 0.20723096 0.052571759)
(-0.0090481673 0.20739686 0.040303175)
(-0.011323892 0.21411757 0.027502633)
(-0.013418941 0.22119271 0.015056204)
(-0.015329125 0.22691628 0.0031420885)
(-0.01702036 0.23106879 -0.0082320928)
(-0.018436553 0.23370587 -0.019036485)
(-0.019518995 0.23478429 -0.029164406)
(-0.020217942 0.23411513 -0.038443288)
(-0.020501663 0.23144965 -0.046667892)
(-0.020361291 0.22659174 -0.053640753)
(-0.019813487 0.21948566 -0.059206536)
(-0.018901018 0.21025507 -0.063275402)
(-0.017687426 0.19919063 -0.065834529)
(-0.016230019 0.18670045 -0.066950935)
(-0.01465123 0.17324513 -0.066745765)
(-0.012987887 0.15927617 -0.065386741)
(-0.011320122 0.14519286 -0.063061139)
(-0.0097076305 0.13131899 -0.059968691)
(-0.0081917198 0.11789656 -0.056298014)
(-0.0068011521 0.10509161 -0.052219683)
(-0.0055530039 0.093006135 -0.0478813)
(-0.0044544705 0.081691969 -0.043405731)
(-0.0035051199 0.071163942 -0.038891761)
(-0.002699043 0.061411123 -0.034416276)
(-0.0020266944 0.052405691 -0.030037169)
(-0.0014763687 0.044109583 -0.025796464)
(-0.0010353235 0.036479264 -0.021723312)
(-0.00069059268 0.029469009 -0.017836665)
(-0.00042952927 0.023033073 -0.014147572)
(-0.00024029372 0.017127061 -0.010661068)
(-0.00011230417 0.011708736 -0.0073776991)
(-3.6760333e-05 0.0067384458 -0.0042946813)
(-2.6437003e-06 0.0021793033 -0.001406978)
(0.017928419 0.44994676 0.039436457)
(-0.0068768308 0.31919671 0.064410417)
(0.0057433023 0.24429883 0.06414117)
(0.00026680235 0.2173659 0.054824422)
(-0.00016986301 0.21327213 0.042549031)
(-0.0017600473 0.21728431 0.029927963)
(-0.0033633172 0.22300341 0.017667786)
(-0.0050506229 0.22838282 0.005886839)
(-0.0067458465 0.23298633 -0.005454435)
(-0.0083631783 0.2367514 -0.016364119)
(-0.0098242598 0.23955195 -0.026765889)
(-0.011063952 0.241091 -0.036504475)
(-0.012031265 0.2409572 -0.045375715)
(-0.012689476 0.23873809 -0.053167514)
(-0.013017245 0.23413455 -0.059692233)
(-0.013014084 0.22704221 -0.064810386)
(-0.012717506 0.21758046 -0.068444985)
(-0.012112069 0.20606724 -0.070581189)
(-0.011275386 0.19295673 -0.071317094)
(-0.010333203 0.17876122 -0.070755677)
(-0.0092438481 0.16398168 -0.06904822)
(-0.0081197433 0.14905936 -0.066383287)
(-0.0070003161 0.13434993 -0.062949983)
(-0.0059238829 0.12011788 -0.058930704)
(-0.0049194715 0.10654359 -0.054491702)
(-0.0040063147 0.093737075 -0.049778411)
(-0.0031951683 0.08175358 -0.044913508)
(-0.0024900485 0.070608255 -0.039997171)
(-0.0018898732 0.060288519 -0.03510879)
(-0.0013899248 0.050763762 -0.030309444)
(-0.00098308806 0.041992565 -0.025644664)
(-0.0006608127 0.033927844 -0.021147138)
(-0.00041387029 0.026520357 -0.016839183)
(-0.00023298597 0.019721017 -0.012734901)
(-0.00010962127 0.013482323 -0.0088419935)
(-3.6044659e-05 0.0077591997 -0.0051631539)
(-2.6771019e-06 0.0025094289 -0.0016974255)
(0.01827045 0.45762132 0.037018053)
(-0.0037687017 0.33611001 0.063670176)
(0.010329651 0.26135268 0.063008272)
(0.0080096081 0.22918273 0.055273969)
(0.0085339295 0.21998802 0.043448919)
(0.0081058024 0.22041001 0.031339032)
(0.0071801671 0.22408239 0.019551148)
(0.0059135929 0.22859151 0.0081707611)
(0.0044402905 0.23319645 -0.0028607435)
(0.0028633704 0.23765284 -0.013571757)
(0.0012662479 0.24173916 -0.023901989)
(-0.00028291018 0.24509202 -0.033708875)
(-0.0017275277 0.24721343 -0.042800987)
(-0.0030190432 0.24755136 -0.05097521)
(-0.0041141376 0.2456067 -0.058045295)
(-0.0049775353 0.24103759 -0.063860463)
(-0.0055877408 0.23373318 -0.06831668)
(-0.0059544827 0.2238353 -0.071359406)
(-0.0060597448 0.21170462 -0.072980557)
(-0.0059191223 0.19784698 -0.073263509)
(-0.0056300594 0.18282612 -0.072322641)
(-0.0051908813 0.16718798 -0.07029137)
(-0.0046670253 0.15140945 -0.067334993)
(-0.00409582 0.13587174 -0.063635144)
(-0.0035099012 0.1208555 -0.059360382)
(-0.0029372102 0.10654989 -0.054666237)
(-0.0023987032 0.093068377 -0.0496909)
(-0.0019085518 0.080466104 -0.044552826)
(-0.0014752163 0.068755905 -0.039350458)
(-0.0011025953 0.057921659 -0.034163369)
(-0.00079110082 0.04792866 -0.029054198)
(-0.00053860962 0.038731268 -0.024070905)
(-0.00034125223 0.030278309 -0.019249072)
(-0.00019417741 0.022516731 -0.014614063)
(-9.2262293e-05 0.015393976 -0.010182949)
(-3.0788302e-05 0.0088594301 -0.0059660993)
(-2.3539845e-06 0.0028652579 -0.0019687195)
(0.01881603 0.4653166 0.033502439)
(-0.00090329716 0.35426099 0.060081105)
(0.014918704 0.28100384 0.060449658)
(0.01572212 0.24429233 0.053560745)
(0.017597461 0.22977326 0.042808278)
(0.018541838 0.22610017 0.031502571)
(0.018587504 0.22720694 0.020423076)
(0.018002644 0.23039032 0.0096694098)
(0.016983159 0.23455758 -0.00081336895)
(0.015653512 0.23921451 -0.011053974)
(0.014102511 0.24400128 -0.020988446)
(0.012400487 0.24850138 -0.030480174)
(0.010610968 0.25220097 -0.039354359)
(0.0087962343 0.25451333 -0.047430766)
(0.0070185336 0.254842 -0.054547054)
(0.0053373824 0.252671 -0.060569949)
(0.0038041515 0.24766178 -0.065399899)
(0.0024633099 0.23972503 -0.068973908)
(0.001345529 0.22904037 -0.07126713)
(0.00049184344 0.21601676 -0.072292466)
(-0.00023558938 0.20121118 -0.072089883)
(-0.00070412151 0.1852336 -0.070752245)
(-0.00095601506 0.16866622 -0.068433093)
(-0.0010956689 0.15200961 -0.065273244)
(-0.0011224354 0.13565815 -0.061422955)
(-0.0010679982 0.1198979 -0.057030917)
(-0.00096166871 0.10491808 -0.052236785)
(-0.00082646441 0.090828847 -0.047166494)
(-0.00067990234 0.077680173 -0.041929829)
(-0.00053494518 0.06547894 -0.036619772)
(-0.00040067393 0.054202974 -0.03131306)
(-0.00028292961 0.043811816 -0.026071491)
(-0.00018498893 0.034254574 -0.020943612)
(-0.00010821051 0.025475414 -0.015966526)
(-5.2816143e-05 0.017417213 -0.011167655)
(-1.8095426e-05 0.010023902 -0.0065663259)
(-1.5283966e-06 0.0032418636 -0.0021753492)
(0.019495218 0.47312669 0.02911426)
(0.001054057 0.37388901 0.053972786)
(0.019533388 0.30410224 0.05558484)
(0.023738174 0.26464575 0.049669258)
(0.027583699 0.24555736 0.040196787)
(0.030273133 0.23786197 0.029982201)
(0.031672258 0.23614127 0.019877814)
(0.032072054 0.23758026 0.010015198)
(0.031711541 0.24077719 0.00036826093)
(0.030756772 0.24498405 -0.0090828363)
(0.029315421 0.24967102 -0.018249161)
(0.027471262 0.25437087 -0.026998846)
(0.025310431 0.25860143 -0.035179039)
(0.022923442 0.26183418 -0.042642309)
(0.020402166 0.26349467 -0.049264757)
(0.017837086 0.26300418 -0.054949996)
(0.015313746 0.2598645 -0.059624616)
(0.01290773 0.25376122 -0.063233472)
(0.010676369 0.24464191 -0.065741568)
(0.0086677893 0.23273396 -0.067143337)
(0.0069343779 0.21849734 -0.067481273)
(0.0054177111 0.20253319 -0.066815411)
(0.004166555 0.1854826 -0.065196064)
(0.0031456898 0.1679454 -0.062721285)
(0.0023297206 0.15042819 -0.059511226)
(0.0016910008 0.1333226 -0.055692699)
(0.0012009712 0.11690634 -0.051391518)
(0.00083245537 0.10135752 -0.046727059)
(0.0005610397 0.086774448 -0.041808477)
(0.00036562002 0.073195744 -0.03673249)
(0.00022849256 0.060618097 -0.031582488)
(0.00013517099 0.049010521 -0.026428634)
(7.4071843e-05 0.03832514 -0.021328614)
(3.6112503e-05 0.028504939 -0.016328764)
(1.4437439e-05 0.01948908 -0.011465365)
(3.6409287e-06 0.011216388 -0.0067659053)
(3.9325788e-08 0.0036275311 -0.0022505003)
(0.02013212 0.48142403 0.024037334)
(0.0028300099 0.39607525 0.045518023)
(0.024677104 0.33270975 0.047662568)
(0.03296294 0.293353 0.042962238)
(0.039550559 0.27144916 0.035017613)
(0.044502645 0.26040051 0.02622911)
(0.047645505 0.25574593 0.017455431)
(0.04926043 0.25484192 0.0088622679)
(0.049608228 0.25615977 0.00045354405)
(0.048957799 0.25882216 -0.0077284076)
(0.047478769 0.26216932 -0.015608813)
(0.045291806 0.26571857 -0.023077199)
(0.042534991 0.26905604 -0.03001154)
(0.03935339 0.27176778 -0.036304705)
(0.035886885 0.27338643 -0.041877502)
(0.032265741 0.27337351 -0.0466786)
(0.028607479 0.27116336 -0.050675497)
(0.025014767 0.26626765 -0.053844545)
(0.02157427 0.25839623 -0.056165497)
(0.018355908 0.24754262 -0.057625593)
(0.015409046 0.23399222 -0.058224032)
(0.012761919 0.21825729 -0.057979182)
(0.010425445 0.20097465 -0.056931016)
(0.0083972631 0.18280092 -0.0551371)
(0.00666421 0.16433223 -0.052673138)
(0.0052052924 0.14605812 -0.049627862)
(0.003994755 0.12834614 -0.046096895)
(0.0030046899 0.11144794 -0.042177109)
(0.0022070074 0.095516835 -0.037962075)
(0.0015747757 0.080629392 -0.033538796)
(0.0010830434 0.066806156 -0.028985642)
(0.00070928142 0.05402933 -0.02437132)
(0.00043352344 0.042256643 -0.019754603)
(0.0002384593 0.031431616 -0.015184629)
(0.00010954383 0.021490777 -0.010701517)
(3.503258e-05 0.012368508 -0.0063370959)
(2.324581e-06 0.0040001447 -0.0021159656)
(0.021089834 0.49058979 0.017936851)
(0.0061813049 0.42232099 0.034320464)
(0.031670375 0.36927054 0.036026357)
(0.044768162 0.33342133 0.032640053)
(0.054694238 0.3108537 0.026612751)
(0.062179105 0.29721592 0.019776843)
(0.067113805 0.28929148 0.012916137)
(0.069778607 0.28498827 0.0062164555)
(0.070584397 0.28298022 -0.00030465473)
(0.069894769 0.28244943 -0.006556831)
(0.067939897 0.2827707 -0.012498141)
(0.064968132 0.28352254 -0.01805981)
(0.061213322 0.2843825 -0.023165027)
(0.056892695 0.28505274 -0.027751299)
(0.052202884 0.28518393 -0.031779944)
(0.04731702 0.28431688 -0.035235562)
(0.042379003 0.28187879 -0.038108544)
(0.037511627 0.27726942 -0.040401097)
(0.032814352 0.27000075 -0.042118968)
(0.028365623 0.25982863 -0.043258047)
(0.0242247 0.24682398 -0.043812498)
(0.020432343 0.23135292 -0.043781464)
(0.017012157 0.21398769 -0.043174765)
(0.013972561 0.19539076 -0.042016534)
(0.011309302 0.17621075 -0.040345692)
(0.009008154 0.1570114 -0.038213836)
(0.0070475842 0.13823699 -0.035681669)
(0.0054011855 0.12020667 -0.032814965)
(0.0040397676 0.10312702 -0.029680816)
(0.0029330599 0.087112924 -0.026344538)
(0.0020510074 0.072210097 -0.022867373)
(0.0013646769 0.058415503 -0.019304981)
(0.00084687456 0.04569398 -0.01570659)
(0.00047271078 0.033990906 -0.012114686)
(0.00022054387 0.023241304 -0.0085650574)
(7.1771322e-05 0.013376062 -0.0050870388)
(5.1346188e-06 0.0043260033 -0.0017041357)
(0.022337191 0.49918234 0.010033051)
(0.011030818 0.44872391 0.019237537)
(0.040032622 0.40791838 0.019975476)
(0.057806031 0.37772386 0.017991565)
(0.070875392 0.35601975 0.014464838)
(0.080471614 0.34041024 0.01041925)
(0.086689032 0.32905436 0.0063646701)
(0.089868663 0.32067128 0.0024476044)
(0.090605134 0.3144113 -0.001276791)
(0.08938579 0.30965855 -0.0048026528)
(0.086561868 0.30598042 -0.0081028804)
(0.082501319 0.30307056 -0.011143912)
(0.077536453 0.30069033 -0.013897767)
(0.07195538 0.29861447 -0.016342188)
(0.066003231 0.29656096 -0.018465931)
(0.059883322 0.29411982 -0.020269139)
(0.053760014 0.29072439 -0.021759124)
(0.047763274 0.28570767 -0.022946918)
(0.041993284 0.27844046 -0.023838598)
(0.03652608 0.26849458 -0.024434658)
(0.031418361 0.25575645 -0.024731485)
(0.026710319 0.24044668 -0.024724973)
(0.022427383 0.22305122 -0.024414643)
(0.018581644 0.20420482 -0.023806746)
(0.015173376 0.18457263 -0.022915665)
(0.012192747 0.16476031 -0.021763652)
(0.0096216913 0.14526289 -0.020379392)
(0.0074358405 0.12644797 -0.018795971)
(0.0056063825 0.1085623 -0.017048747)
(0.0041017672 0.091750794 -0.015173423)
(0.002889171 0.076079594 -0.013204502)
(0.0019356723 0.061558083 -0.011174153)
(0.0012091477 0.04815749 -0.0091114768)
(0.00067928338 0.035825349 -0.0070420988)
(0.00031893027 0.024496068 -0.0049880184)
(0.0001047872 0.014098256 -0.0029676231)
(7.6914572e-06 0.0045595697 -0.00099598634)
(0.023065862 0.50339243 0.00028410472)
(0.013996877 0.46214094 0.00035513908)
(0.044760019 0.4278642 -4.5619936e-05)
(0.06480052 0.40086899 -0.00049558967)
(0.079319371 0.37978062 -0.00094424636)
(0.089766325 0.36316168 -0.0013473796)
(0.096392638 0.3499173 -0.0016858717)
(0.099679529 0.33925262 -0.0019601032)
(0.10022958 0.33058916 -0.0021626756)
(0.098574472 0.32348922 -0.0023245957)
(0.095203684 0.31762522 -0.0024436891)
(0.090530676 0.31274431 -0.0025323815)
(0.084918823 0.30863885 -0.0025942018)
(0.078690175 0.3051039 -0.0026328438)
(0.072111578 0.30187357 -0.0026528762)
(0.06539822 0.29854944 -0.0026584132)
(0.058719684 0.29456313 -0.0026519956)
(0.052205883 0.28922117 -0.0026347147)
(0.045954389 0.28183888 -0.0026062694)
(0.04003784 0.27191159 -0.0025650878)
(0.034509622 0.25924496 -0.0025089242)
(0.029407503 0.24399152 -0.0024356143)
(0.024755755 0.22659244 -0.0023437174)
(0.020566513 0.20766266 -0.0022328928)
(0.016840931 0.18786778 -0.0021039786)
(0.013570444 0.16782661 -0.0019588379)
(0.010738218 0.14805296 -0.0018000754)
(0.0083207507 0.12893354 -0.0016307192)
(0.0062895388 0.11073163 -0.001453934)
(0.0046127049 0.093604884 -0.0012727949)
(0.0032564841 0.077628306 -0.0010901321)
(0.0021864581 0.062816853 -0.00090843732)
(0.0013685831 0.049144764 -0.00072982043)
(0.00077032781 0.036560748 -0.00055600123)
(0.00036248101 0.02499917 -0.00038832595)
(0.00011928299 0.014387847 -0.00022777681)
(8.8776791e-06 0.0046532303 -7.5129738e-05)
(0.022591295 0.5005243 -0.009687751)
(0.011907004 0.45240914 -0.018925997)
(0.041288022 0.41280882 -0.020412204)
(0.059517475 0.38285271 -0.019263071)
(0.072807476 0.36081802 -0.016549875)
(0.082478629 0.34461685 -0.013218885)
(0.08868573 0.33259445 -0.0097572441)
(0.091835021 0.32357544 -0.0063194383)
(0.092483921 0.3167308 -0.0029728385)
(0.09113145 0.31146744 0.00025822845)
(0.088171546 0.3073624 0.0033316996)
(0.083970065 0.30410661 0.0062072182)
(0.078875582 0.30145364 0.0088487695)
(0.073175655 0.29917132 0.011224562)
(0.067112836 0.29697267 0.013314136)
(0.060890169 0.29444434 0.015109849)
(0.054672447 0.29101643 0.016616894)
(0.048588318 0.28601555 0.017843399)
(0.042736255 0.27880102 0.018796789)
(0.037191191 0.26892891 0.019481202)
(0.032009055 0.25626874 0.019897462)
(0.027229651 0.24102647 0.020045209)
(0.022878432 0.22367815 0.01992591)
(0.018967857 0.20485409 0.019545443)
(0.015498759 0.18521957 0.018915537)
(0.012461922 0.16538348 0.018053959)
(0.0098398337 0.1458456 0.016983714)
(0.0076085278 0.12697852 0.015731654)
(0.0057394132 0.10903355 0.014326892)
(0.0042009709 0.092159294 0.012799266)
(0.0029602336 0.076424685 0.011178043)
(0.0019839915 0.06184107 0.0094909161)
(0.0012397271 0.048380959 0.0077633044)
(0.00069666233 0.035992645 0.0060179256)
(0.00032718181 0.024610916 0.0042745862)
(0.00010753223 0.014164504 0.0025501873)
(7.9043136e-06 0.0045810163 0.00085868925)
(0.021362235 0.49236073 -0.018008656)
(0.0070271422 0.42672435 -0.034723971)
(0.032977734 0.37476467 -0.037079155)
(0.046663632 0.33886752 -0.03440352)
(0.056900129 0.31569664 -0.029032749)
(0.064542528 0.30127266 -0.022749296)
(0.069539862 0.29256346 -0.016342142)
(0.07220763 0.2875552 -0.010016792)
(0.072958548 0.28494183 -0.003823546)
(0.072132468 0.28387113 0.0021884392)
(0.070036803 0.28376682 0.0079447149)
(0.066931938 0.2841902 0.013374179)
(0.063047153 0.28480806 0.018392595)
(0.058598025 0.28531605 0.022930156)
(0.053783594 0.28536267 0.026943702)
(0.048774258 0.28448436 0.030402309)
(0.043718113 0.28210644 0.033300233)
(0.038736314 0.27761996 0.035647349)
(0.033926879 0.2705151 0.03744583)
(0.029367831 0.26052165 0.038695291)
(0.025118159 0.24768421 0.039393287)
(0.021218985 0.2323479 0.039540676)
(0.017694961 0.21507248 0.039146715)
(0.014555937 0.19651672 0.038232625)
(0.011799152 0.17733244 0.036832502)
(0.0094117092 0.15809084 0.034991938)
(0.0073731063 0.13924533 0.032765168)
(0.0056576018 0.12112409 0.030211657)
(0.0042362966 0.10394155 0.027392755)
(0.0030788694 0.087818898 0.024368838)
(0.0021549302 0.072806537 0.021197111)
(0.0014349927 0.058904713 0.017930082)
(0.00089116099 0.046080407 0.014614646)
(0.00049776172 0.03428028 0.01129167)
(0.00023236956 0.023440007 0.0079959287)
(7.5688217e-05 0.0134907 0.0047563378)
(5.4243257e-06 0.0043631182 0.0015962266)
(0.020286027 0.48290829 -0.024392748)
(0.0032679557 0.39928725 -0.046418417)
(0.025491865 0.33625283 -0.049193557)
(0.034275547 0.29639931 -0.045119769)
(0.041152377 0.27373882 -0.037723111)
(0.046293403 0.26196915 -0.029380794)
(0.049549541 0.25672303 -0.020970832)
(0.051212697 0.255363 -0.01267757)
(0.051595248 0.25634086 -0.004523172)
(0.050924749 0.25872355 0.0034623289)
(0.049383697 0.26187795 0.011202828)
(0.047123587 0.26530795 0.018576047)
(0.044287738 0.26859398 0.025453956)
(0.041020845 0.27132222 0.031725121)
(0.037464093 0.27302811 0.037306287)
(0.033748092 0.27317355 0.042142165)
(0.029989031 0.2711863 0.046197755)
(0.026290645 0.26656048 0.049453552)
(0.022739871 0.25897827 0.051891708)
(0.019407429 0.24840172 0.053502897)
(0.01634428 0.23508825 0.054288191)
(0.013581015 0.21953105 0.054262008)
(0.0111314 0.20235871 0.053458669)
(0.0089954619 0.18422928 0.051930497)
(0.0071619729 0.16574702 0.049746736)
(0.0056114545 0.14741296 0.046989394)
(0.0043191711 0.12960693 0.043747837)
(0.0032577252 0.11259188 0.040113566)
(0.0023990692 0.096530593 0.036175859)
(0.0017159303 0.081507027 0.032018511)
(0.0011827374 0.067547154 0.027717679)
(0.00077615154 0.054636942 0.023340704)
(0.0004752916 0.042736574 0.018945676)
(0.00026189927 0.031791036 0.014581572)
(0.00012051463 0.021737607 0.01028874)
(3.8635873e-05 0.012510926 0.0060995946)
(2.5788686e-06 0.0040462561 0.0020393478)
(0.019572164 0.47424565 -0.029595307)
(0.0012873886 0.37597928 -0.05516862)
(0.020066974 0.30594989 -0.057461158)
(0.02464022 0.26567276 -0.052124064)
(0.028706134 0.24573216 -0.04314759)
(0.031561381 0.23738366 -0.033322117)
(0.033076728 0.23522981 -0.023526967)
(0.033551937 0.23640725 -0.013909114)
(0.03324149 0.23946001 -0.0044537816)
(0.032306514 0.24359875 0.00483642)
(0.030859199 0.24828427 0.013890414)
(0.028992704 0.25304359 0.022573706)
(0.02679683 0.25739575 0.030728131)
(0.024362686 0.26081652 0.038202782)
(0.02178247 0.26273383 0.04487062)
(0.019146855 0.26256391 0.050633564)
(0.016541308 0.25979232 0.055418635)
(0.014042663 0.25407753 0.059172735)
(0.01171447 0.245334 0.061860948)
(0.0095984253 0.23375756 0.06347338)
(0.007745103 0.21978476 0.064044359)
(0.0061307428 0.20400465 0.063628454)
(0.0047727035 0.18705738 0.06227645)
(0.0036526638 0.16955016 0.060078774)
(0.0027460952 0.15200182 0.057147564)
(0.0020262345 0.13481806 0.053603019)
(0.0014651287 0.11829016 0.049565852)
(0.0010357438 0.10260807 0.045151808)
(0.00071333575 0.087879652 0.040467738)
(0.00047614258 0.074150847 0.03560916)
(0.00030560718 0.061423628 0.030659129)
(0.00018629287 0.049670653 0.0256881)
(0.00010564283 0.038846407 0.020754469)
(5.3631531e-05 0.028895279 0.015905538)
(2.2542037e-05 0.019757146 0.011178687)
(6.2615376e-06 0.011371066 0.0066026093)
(2.1513919e-07 0.0036776126 0.0021984379)
(0.018853173 0.46619109 -0.034046512)
(-0.00072404804 0.35564838 -0.06153358)
(0.015379756 0.28181841 -0.062589414)
(0.016429484 0.24411848 -0.056225603)
(0.018457992 0.22873487 -0.045956783)
(0.019542703 0.22448722 -0.035005168)
(0.019685458 0.22527206 -0.024203526)
(0.019169014 0.22830828 -0.013667979)
(0.0181967 0.23243926 -0.0033543029)
(0.016896501 0.23714054 0.0067584239)
(0.015357422 0.24203484 0.016610975)
(0.013651441 0.24670702 0.026067348)
(0.011844282 0.25064846 0.034948109)
(0.0099980943 0.25327522 0.043075878)
(0.0081739385 0.25398577 0.050283891)
(0.0064321706 0.25224781 0.056436202)
(0.0048258589 0.2476955 0.061430267)
(0.0033972838 0.24020582 0.065199283)
(0.0021954493 0.22992468 0.067715118)
(0.0012303598 0.2172345 0.06899045)
(0.00042612759 0.20267678 0.069063077)
(-0.00014066508 0.18685763 0.068015452)
(-0.00049069396 0.17036506 0.065985672)
(-0.00071172069 0.15371154 0.063108378)
(-0.00081269212 0.13730607 0.059528105)
(-0.00082333692 0.12144946 0.05538946)
(-0.00077244973 0.1063442 0.050829592)
(-0.00068342126 0.092111504 0.045973286)
(-0.00057455152 0.078810034 0.040930262)
(-0.00045972772 0.066453197 0.035794222)
(-0.00034900491 0.055023487 0.030643129)
(-0.00024918657 0.044483635 0.025540289)
(-0.00016445197 0.034784802 0.020535864)
(-9.6980801e-05 0.025872359 0.015668563)
(-4.7690018e-05 0.017689783 0.010967326)
(-1.6480279e-05 0.010181172 0.0064529639)
(-1.421755e-06 0.0032927841 0.0021394751)
(0.01821923 0.45833029 -0.03761039)
(-0.0036184352 0.33699576 -0.065363718)
(0.01067785 0.26146769 -0.065349887)
(0.0085649839 0.22827261 -0.058104411)
(0.0092035829 0.21829022 -0.046768715)
(0.0089262386 0.21824917 -0.034982018)
(0.008083527 0.22170577 -0.023446244)
(0.0068766604 0.22615624 -0.012264134)
(0.0054468796 0.23079968 -0.0013845988)
(0.0038998947 0.23537027 0.0092205944)
(0.0023187345 0.23963611 0.01949234)
(0.00076469539 0.2432403 0.029290364)
(-0.00069321624 0.24569059 0.038424125)
(-0.0020072364 0.24643065 0.046689292)
(-0.0031450565 0.2449457 0.05389663)
(-0.0040669555 0.24086658 0.059890909)
(-0.0047488515 0.23404773 0.064562632)
(-0.0051827808 0.2245958 0.067855636)
(-0.0053864795 0.21284258 0.06976855)
(-0.0053452219 0.19927582 0.070349476)
(-0.0051411398 0.18445356 0.069704525)
(-0.0047917139 0.16892611 0.067967197)
(-0.0043421988 0.15318108 0.065295599)
(-0.0038369605 0.13761378 0.061863144)
(-0.0033075385 0.12251961 0.0578348)
(-0.0027820018 0.10810146 0.053364291)
(-0.0022820172 0.094484539 0.048589472)
(-0.001822742 0.081733487 0.043629569)
(-0.001413689 0.069868453 0.038584527)
(-0.0010597913 0.058878721 0.033535834)
(-0.00076242523 0.048733423 0.028548201)
(-0.00052032954 0.039389525 0.02367164)
(-0.00033038331 0.030797509 0.018943661)
(-0.00018836749 0.022905281 0.014391362)
(-8.9675758e-05 0.01566073 0.01003334)
(-2.99942e-05 0.0090133307 0.0058814082)
(-2.3088696e-06 0.0029150856 0.0019418962)
(0.017908551 0.45055227 -0.040087619)
(-0.0066719687 0.3197236 -0.06626035)
(0.006057225 0.24392731 -0.066592221)
(0.00070958401 0.21601754 -0.057874463)
(0.00034107606 0.21125234 -0.045990002)
(-0.0010755374 0.21491504 -0.033681063)
(-0.0026162697 0.22051488 -0.021661531)
(-0.0042522415 0.22591543 -0.010064933)
(-0.0059058089 0.23062771 0.0011394505)
(-0.0074962336 0.23457002 0.011962597)
(-0.0089470988 0.23761637 0.02232955)
(-0.010193633 0.23947486 0.032087406)
(-0.011183083 0.2397338 0.04103743)
(-0.011879046 0.23796777 0.048961161)
(-0.012261812 0.23385257 0.055669928)
(-0.012326975 0.22725061 0.06101924)
(-0.012089495 0.21824657 0.064925977)
(-0.011585474 0.20712935 0.067375097)
(-0.010850206 0.19433335 0.0684173)
(-0.0099527123 0.1803628 0.068165732)
(-0.0089464423 0.16572067 0.066762463)
(-0.0078850562 0.15085707 0.06438513)
(-0.0068184589 0.13614055 0.061217893)
(-0.0057861981 0.12184966 0.057440561)
(-0.0048175655 0.10817826 0.053218402)
(-0.003932558 0.095248144 0.048697288)
(-0.0031430315 0.083124334 0.044001363)
(-0.0024541438 0.071829694 0.039232909)
(-0.0018658729 0.061357505 0.034473711)
(-0.0013744387 0.051681457 0.02978729)
(-0.00097352092 0.042763167 0.025221494)
(-0.00065522611 0.034557598 0.0208111)
(-0.00041085167 0.027016801 0.016580242)
(-0.00023153322 0.020092416 0.012544562)
(-0.00010905408 0.013737257 0.0087130345)
(-3.5894893e-05 0.0079062692 0.005089512)
(-2.6781022e-06 0.0025570435 0.0016738604)
(0.017511345 0.44276016 -0.041288872)
(-0.010034539 0.30375209 -0.064658005)
(0.000728681 0.22874673 -0.065855905)
(-0.0069604698 0.20565841 -0.055769136)
(-0.008649079 0.20527088 -0.043826814)
(-0.010823163 0.21173433 -0.031347829)
(-0.01285097 0.2187701 -0.019139429)
(-0.014708021 0.22458905 -0.0073964451)
(-0.016359642 0.22892154 0.0038604066)
(-0.017755054 0.23180385 0.014600129)
(-0.018835946 0.23319309 0.024723171)
(-0.019552759 0.23289956 0.034059075)
(-0.01987271 0.23066528 0.042403285)
(-0.019784931 0.2262736 0.04955444)
(-0.01930261 0.21963979 0.055350799)
(-0.018462254 0.21085595 0.059692983)
(-0.017320477 0.20018495 0.062555543)
(-0.015947896 0.18801531 0.063986445)
(-0.014419701 0.17479767 0.064097235)
(-0.012813296 0.16098345 0.063043254)
(-0.011194347 0.14697869 0.061007695)
(-0.0096200667 0.13311797 0.058181902)
(-0.0081337271 0.1196559 0.054751861)
(-0.0067653356 0.10677099 0.050887827)
(-0.0055330925 0.094576521 0.046738484)
(-0.0044453783 0.083133926 0.042428694)
(-0.0035029136 0.072465819 0.038059765)
(-0.0027008134 0.06256735 0.033711292)
(-0.0020303891 0.053415296 0.029443825)
(-0.0014806216 0.044974963 0.025301832)
(-0.0010392976 0.037205196 0.021316613)
(-0.00069384241 0.03006187 0.017508938)
(-0.00043188843 0.023500246 0.013891346)
(-0.00024178557 0.017476481 0.010470062)
(-0.00011308719 0.011948554 0.0072465654)
(-3.7038792e-05 0.0068767872 0.004218862)
(-2.6745224e-06 0.0022240913 0.0013823689)
(0.01664605 0.43497981 -0.040967615)
(-0.013520943 0.28851243 -0.061110395)
(-0.0057891577 0.21507576 -0.062193215)
(-0.014408729 0.19580214 -0.052143075)
(-0.017638351 0.19853359 -0.040380904)
(-0.020464064 0.20663637 -0.028141429)
(-0.022786524 0.21424972 -0.016123179)
(-0.024639215 0.21988445 -0.0045845884)
(-0.026035186 0.22339194 0.0063774228)
(-0.02696343 0.22487611 0.016677968)
(-0.027403282 0.22438 0.026180439)
(-0.027340715 0.22185989 0.034707049)
(-0.026782461 0.21726049 0.042070648)
(-0.025761486 0.21059686 0.04811139)
(-0.024336721 0.20200395 0.05272629)
(-0.022588018 0.1917427 0.05588528)
(-0.020607926 0.18016995 0.057633045)
(-0.018492167 0.16768985 0.058079074)
(-0.016330831 0.15470417 0.057380222)
(-0.014202102 0.14157404 0.055720181)
(-0.012168227 0.12859758 0.053291167)
(-0.010274594 0.1160024 0.050279059)
(-0.0085504785 0.10394874 0.046852933)
(-0.0070112651 0.092538788 0.043159261)
(-0.0056612126 0.081828274 0.039319812)
(-0.0044962543 0.071837941 0.035432174)
(-0.0035065386 0.062563603 0.031571885)
(-0.002678562 0.053984273 0.027795375)
(-0.0019968405 0.046068369 0.024143146)
(-0.0014451587 0.038778253 0.020642833)
(-0.0010074517 0.032073422 0.017311947)
(-0.00066836766 0.025912675 0.014160223)
(-0.00041362361 0.020255516 0.01119155)
(-0.00023027476 0.015063027 0.0084055277)
(-0.00010717203 0.010298371 0.0057986828)
(-3.4779824e-05 0.0059270363 0.0033654769)
(-2.4802725e-06 0.0019169245 0.0010989109)
(0.015766186 0.42729749 -0.038835659)
(-0.016698367 0.27390948 -0.055731424)
(-0.012621347 0.20215702 -0.056275598)
(-0.021936649 0.18552273 -0.046975885)
(-0.026456424 0.18970278 -0.035860121)
(-0.029853291 0.19803768 -0.024297123)
(-0.032280552 0.20524536 -0.012908098)
(-0.033888891 0.21006215 -0.0020027403)
(-0.034758979 0.21236782 0.0082471093)
(-0.034941952 0.21229685 0.017697431)
(-0.034482263 0.20998222 0.026190912)
(-0.033427251 0.20553904 0.033562702)
(-0.031843441 0.1991086 0.039668286)
(-0.029819377 0.19089755 0.044411749)
(-0.02746116 0.18118935 0.047763942)
(-0.024883654 0.17032745 0.049766713)
(-0.022200263 0.15868173 0.050524672)
(-0.019513813 0.14661189 0.050188747)
(-0.016910124 0.13443825 0.048936572)
(-0.014454859 0.12242447 0.046953913)
(-0.012193268 0.11077191 0.044419866)
(-0.010152032 0.099622646 0.041496717)
(-0.0083423336 0.089067555 0.038324293)
(-0.0067633633 0.079156386 0.035018024)
(-0.0054057034 0.069907759 0.031669603)
(-0.004254279 0.061317967 0.028349228)
(-0.0032907438 0.053368147 0.025108616)
(-0.0024952885 0.046029789 0.021984213)
(-0.0018479442 0.039268801 0.019000255)
(-0.0013294544 0.033048381 0.016171483)
(-0.00092182028 0.027330978 0.013505439)
(-0.00060859067 0.022079591 0.011004344)
(-0.00037496941 0.01725857 0.0086665886)
(-0.00020792814 0.012834094 0.0064878883)
(-9.6344575e-05 0.0087744128 0.0044621681)
(-3.1200054e-05 0.005049942 0.0025822891)
(-2.1768235e-06 0.0016332556 0.00084042729)
(0.014863145 0.42002849 -0.034607991)
(-0.020095577 0.26046391 -0.048569722)
(-0.019135606 0.18991138 -0.048324458)
(-0.029252351 0.1743648 -0.040264153)
(-0.034799791 0.1780764 -0.030394929)
(-0.038632867 0.18507028 -0.020043787)
(-0.040979561 0.19078209 -0.0098070974)
(-0.042112626 0.19412143 -4.2897182e-05)
(-0.042213098 0.19493503 0.0090227681)
(-0.041425859 0.1933563 0.017205202)
(-0.039887664 0.18957667 0.024349017)
(-0.037728083 0.18382668 0.030324422)
(-0.035083946 0.17637763 0.035045547)
(-0.03209826 0.16754201 0.038485508)
(-0.028913245 0.15766075 0.040681423)
(-0.025661419 0.14708018 0.04172806)
(-0.022457609 0.13612671 0.04176343)
(-0.019393711 0.12508644 0.040950891)
(-0.016536778 0.11419324 0.039461858)
(-0.013930027 0.10362548 0.037461779)
(-0.011595865 0.093509372 0.035100493)
(-0.0095399387 0.083926135 0.032506875)
(-0.007755399 0.074920814 0.02978699)
(-0.0062268274 0.066510929 0.02702472)
(-0.0049335363 0.058694123 0.024283901)
(-0.0038521435 0.051454429 0.021611193)
(-0.0029584674 0.044767108 0.019039131)
(-0.0022288309 0.038602251 0.016589018)
(-0.0016408953 0.032927336 0.014273489)
(-0.0011741422 0.027709002 0.012098659)
(-0.00081009873 0.022914224 0.010065878)
(-0.00053237228 0.018511066 0.0081731059)
(-0.00032658982 0.014469124 0.0064159812)
(-0.00018032334 0.010759775 0.0047886241)
(-8.3251607e-05 0.0073562761 0.0032842362)
(-2.6729716e-05 0.0042337814 0.0018955531)
(-1.8505952e-06 0.0013692971 0.00061506834)
(0.013982926 0.41405628 -0.028289663)
(-0.023360271 0.24920735 -0.039502808)
(-0.02495789 0.17868695 -0.038793662)
(-0.035872602 0.16260055 -0.032259979)
(-0.042209288 0.16401897 -0.024171329)
(-0.046313462 0.16813794 -0.01560065)
(-0.048422726 0.17122442 -0.0070949181)
(-0.048915653 0.17238765 0.0009821383)
(-0.048102831 0.17144864 0.0083852154)
(-0.046253211 0.16849955 0.014929819)
(-0.043601895 0.16372997 0.020483105)
(-0.040368732 0.15739712 0.024960211)
(-0.036758038 0.14979863 0.028330311)
(-0.032955097 0.14125052 0.030618681)
(-0.029120601 0.13206552 0.031901775)
(-0.02538614 0.12253316 0.032295156)
(-0.021851786 0.11290463 0.031938102)
(-0.018586566 0.10338465 0.030978413)
(-0.015631462 0.094129765 0.029559838)
(-0.013004044 0.085251638 0.027813253)
(-0.010703764 0.076823363 0.025851619)
(-0.0087170697 0.068886877 0.023768104)
(-0.007021959 0.061460282 0.021636501)
(-0.0055916809 0.0545443 0.019512996)
(-0.0043974914 0.04812758 0.017438656)
(-0.0034106062 0.042190835 0.015442098)
(-0.0026034879 0.036709926 0.013542043)
(-0.0019506198 0.031658091 0.011749591)
(-0.0014289081 0.0270075 0.010070121)
(-0.0010178214 0.022730305 0.0085048523)
(-0.00069935315 0.018799328 0.0070520588)
(-0.00045787985 0.015188497 0.0057080143)
(-0.00027994832 0.011873091 0.0044676986)
(-0.00015412879 0.0088298717 0.0033253229)
(-7.0892796e-05 0.0060371296 0.0022747105)
(-2.2793831e-05 0.0034746761 0.0013095969)
(-1.5318087e-06 0.0011238024 0.0004237258)
(0.013252736 0.40973081 -0.020311777)
(-0.025915748 0.24075834 -0.028812025)
(-0.029560978 0.16925563 -0.027963793)
(-0.041202833 0.15145627 -0.023252293)
(-0.048116544 0.14940226 -0.01741051)
(-0.052345115 0.14962031 -0.011172461)
(-0.054134345 0.14924096 -0.0049604013)
(-0.05397213 0.14765569 0.00091791226)
(-0.052282467 0.14472472 0.0062477208)
(-0.049451876 0.14049477 0.010879391)
(-0.04582176 0.13510341 0.014716718)
(-0.041691584 0.12874816 0.017714166)
(-0.037317205 0.12165571 0.019879149)
(-0.032908258 0.11405838 0.021255916)
(-0.028628142 0.10617584 0.021924194)
(-0.02459543 0.098201588 0.021986213)
(-0.020888016 0.090295617 0.021554045)
(-0.017549071 0.082582373 0.02073906)
(-0.014594044 0.075152681 0.019644287)
(-0.012017746 0.068068059 0.018359785)
(-0.0098007835 0.061366041 0.016960533)
(-0.0079149441 0.055065535 0.015505819)
(-0.0063273948 0.049171606 0.014041923)
(-0.0050037693 0.043679421 0.012602989)
(-0.0039103186 0.038577375 0.011213059)
(-0.0030152509 0.033849444 0.009888106)
(-0.0022894767 0.029476911 0.0086378593)
(-0.0017069518 0.025439605 0.0074673511)
(-0.0012447364 0.021716771 0.0063781799)
(-0.00088288385 0.018287665 0.0053695098)
(-0.00060422952 0.015131968 0.0044388423)
(-0.00039410966 0.012230053 0.0035825987)
(-0.0002400807 0.0095631614 0.0027965515)
(-0.00013167678 0.0071135057 0.0020761372)
(-6.0390471e-05 0.0048643275 0.0014166811)
(-1.9226122e-05 0.002799916 0.00081362324)
(-1.2984642e-06 0.00090560335 0.00026251657)
(0.013546785 0.40738215 -0.011330798)
(-0.027406698 0.23569005 -0.016642445)
(-0.03258714 0.16268021 -0.016098786)
(-0.044745668 0.14303234 -0.013522159)
(-0.052032143 0.13758605 -0.010323458)
(-0.056293405 0.13411133 -0.0068713641)
(-0.057796851 0.13039565 -0.0034129271)
(-0.057111237 0.12613581 -0.00013606879)
(-0.054757311 0.12130204 0.0028245513)
(-0.05121524 0.11593057 0.0053767386)
(-0.046898573 0.11010613 0.0074652971)
(-0.042162674 0.10393898 0.0090756884)
(-0.037296872 0.097545176 0.010215314)
(-0.03251744 0.091038492 0.010917533)
(-0.027984266 0.084525455 0.011234985)
(-0.023800964 0.078096346 0.011229915)
(-0.02002582 0.071823704 0.010967365)
(-0.016681568 0.065762682 0.010509766)
(-0.013764913 0.059952745 0.0099132915)
(-0.011255257 0.054420086 0.0092259144)
(-0.0091199726 0.04917986 0.0084870707)
(-0.0073217766 0.044239381 0.0077273828)
(-0.0058220588 0.039599851 0.0069697351)
(-0.0045818097 0.035257422 0.0062305728)
(-0.0035647149 0.031204849 0.0055215493)
(-0.0027376404 0.027432426 0.0048501502)
(-0.0020710065 0.023928705 0.0042206579)
(-0.0015388499 0.020681055 0.003634986)
(-0.0011186841 0.017676098 0.0030933483)
(-0.00079123214 0.014900051 0.0025947771)
(-0.00054010504 0.012339006 0.0021375179)
(-0.00035145802 0.0099791505 0.0017193235)
(-0.00021364643 0.0078069414 0.0013376694)
(-0.000116978 0.0058092427 0.00098990903)
(-5.3504424e-05 0.0039734275 0.00067338464)
(-1.7082792e-05 0.0022874513 0.00038556136)
(-1.1352242e-06 0.00073990123 0.00012397616)
(0.014057644 0.40657005 -0.0020586564)
(-0.028060737 0.23380359 -0.0033938703)
(-0.033834461 0.15999627 -0.0035793)
(-0.04623414 0.13930883 -0.0033902377)
(-0.053675425 0.13229531 -0.0030805717)
(-0.057934105 0.12699228 -0.0026943153)
(-0.059302751 0.12157711 -0.0022665165)
(-0.058387185 0.11590731 -0.0018214872)
(-0.055743963 0.11003171 -0.0013919406)
(-0.051891725 0.1040158 -0.00099319155)
(-0.04728231 0.097927315 -0.00063983383)
(-0.042295977 0.091827458 -0.00034113195)
(-0.037226223 0.085770665 -0.0001003523)
(-0.032297883 0.079809676 8.3404103e-05)
(-0.027666211 0.073987764 0.00021479476)
(-0.023427733 0.068337881 0.00030055651)
(-0.019631813 0.062884965 0.00034844097)
(-0.016292187 0.057647939 0.00036634167)
(-0.013397508 0.052640422 0.00036169861)
(-0.010920116 0.047871571 0.00034109684)
(-0.008822989 0.043346853 0.00031022039)
(-0.0070651541 0.039068678 0.00027418727)
(-0.0056042575 0.03503669 0.00023572799)
(-0.0044001955 0.03124854 0.00019736805)
(-0.003416136 0.027700036 0.00016089732)
(-0.0026182762 0.024385107 0.00012749607)
(-0.001976944 0.02129627 9.7857972e-05)
(-0.0014663006 0.018424879 7.2314737e-05)
(-0.0010640974 0.015761367 5.0935548e-05)
(-0.00075136464 0.013295491 3.360399e-05)
(-0.00051205345 0.011016558 2.007673e-05)
(-0.00033265955 0.0089136394 1.0028677e-05)
(-0.00020187881 0.0069757563 3.0867961e-06)
(-0.00011031278 0.0051920426 -1.1434166e-06)
(-5.0408866e-05 0.0035518752 -3.0578221e-06)
(-1.5957802e-05 0.0020449779 -3.0156351e-06)
(-1.0627367e-06 0.00066150074 -1.4147508e-06)
(0.013924451 0.40703321 0.0072865479)
(-0.027734664 0.23491422 0.01006681)
(-0.033247933 0.16164964 0.009056696)
(-0.045547102 0.14164187 0.0068097281)
(-0.052933859 0.13557221 0.0041969266)
(-0.057218123 0.13126517 0.001478396)
(-0.058670285 0.12674765 -0.0011615605)
(-0.057886029 0.12176317 -0.0035897049)
(-0.055402462 0.11633626 -0.0057168475)
(-0.051709853 0.1105365 -0.0074870807)
(-0.047243971 0.10445412 -0.0088732529)
(-0.042372529 0.098188208 -0.0098795962)
(-0.037393423 0.091826007 -0.01052367)
(-0.032526065 0.085461787 -0.01084005)
(-0.027929348 0.079183002 -0.010873002)
(-0.023703866 0.073055136 -0.010673672)
(-0.01990443 0.067124706 -0.010293999)
(-0.016549957 0.061427027 -0.0097816359)
(-0.013633233 0.055986529 -0.0091783017)
(-0.011129942 0.050818519 -0.0085198781)
(-0.0090059689 0.045931011 -0.0078337112)
(-0.00722121 0.041326142 -0.0071410825)
(-0.0057350437 0.037002162 -0.0064576493)
(-0.0045084225 0.032954275 -0.0057941639)
(-0.0035041002 0.029175024 -0.0051583647)
(-0.0026885862 0.025655174 -0.0045551022)
(-0.0020321441 0.022384177 -0.0039870273)
(-0.0015087675 0.019350543 -0.0034551861)
(-0.0010960032 0.016542142 -0.0029594903)
(-0.00077465891 0.013946472 -0.0024990764)
(-0.00052845711 0.011550879 -0.0020725758)
(-0.00034367836 0.0093427484 -0.0016783129)
(-0.00020880771 0.0073096641 -0.0013144468)
(-0.00011427721 0.0054395367 -0.00097907006)
(-5.224099e-05 0.0037207059 -0.00067027576)
(-1.6681949e-05 0.0021420152 -0.00038617669)
(-1.0982093e-06 0.00069286592 -0.0001250191)
(0.013385738 0.40880061 0.016341825)
(-0.026502096 0.23900182 0.022753151)
(-0.030857358 0.16738478 0.021240885)
(-0.042724838 0.14929266 0.016744484)
(-0.049824199 0.14632767 0.011390266)
(-0.054110171 0.14534895 0.0057735981)
(-0.055835236 0.14377422 0.00026604226)
(-0.055513283 0.14111988 -0.0048716851)
(-0.053595994 0.13731739 -0.0094503197)
(-0.050502104 0.13243137 -0.013350695)
(-0.046602546 0.12660749 -0.016502275)
(-0.04222037 0.12003498 -0.018881295)
(-0.037626891 0.11292118 -0.020511841)
(-0.033040541 0.10547263 -0.021446656)
(-0.028627353 0.097877532 -0.021767253)
(-0.024501134 0.090295442 -0.021571929)
(-0.020733825 0.082855199 -0.020964069)
(-0.017362775 0.07565425 -0.020043128)
(-0.014395553 0.068760258 -0.01889963)
(-0.011821097 0.062217205 -0.017610495)
(-0.0096162077 0.056049894 -0.016238475)
(-0.0077481942 0.050267688 -0.014833439)
(-0.0061813297 0.044869336 -0.013432642)
(-0.0048791835 0.039846185 -0.012063669)
(-0.0038065808 0.035184653 -0.010745637)
(-0.0029308349 0.030868062 -0.0094909531)
(-0.0022223557 0.026877951 -0.0083068993)
(-0.0016548764 0.023195008 -0.0071969557)
(-0.0012054239 0.019799715 -0.0061618602)
(-0.00085414092 0.016672783 -0.0052004355)
(-0.00058402482 0.013795452 -0.0043102189)
(-0.00038061372 0.011149686 -0.0034879318)
(-0.00023168194 0.0087182968 -0.002729821)
(-0.00012697981 0.0064850179 -0.0020319026)
(-5.8196747e-05 0.0044345408 -0.0013901319)
(-1.851112e-05 0.0025525245 -0.00080045933)
(-1.2463307e-06 0.0008255865 -0.00025900437)
(0.013455698 0.41222008 0.024766285)
(-0.024388043 0.24618703 0.03402001)
(-0.026823757 0.17623117 0.03248776)
(-0.037972047 0.16028274 0.026062581)
(-0.044549916 0.16102599 0.018327252)
(-0.048750176 0.16409257 0.010219222)
(-0.050807724 0.1660836 0.0022483891)
(-0.051129028 0.16623715 -0.0052426988)
(-0.050049992 0.16443853 -0.01202022)
(-0.047877948 0.16078202 -0.017921264)
(-0.044884767 0.15547101 -0.022832371)
(-0.041319371 0.14877114 -0.026690651)
(-0.037407744 0.14098184 -0.029487172)
(-0.033348692 0.13241225 -0.031265895)
(-0.029308732 0.12335947 -0.032118029)
(-0.025419133 0.11409037 -0.032165065)
(-0.021775459 0.10482989 -0.031544851)
(-0.018439813 0.095755894 -0.030399147)
(-0.015445369 0.086999872 -0.02886225)
(-0.012802085 0.078651796 -0.027052726)
(-0.010502603 0.07076701 -0.02507246)
(-0.0085277363 0.063373622 -0.02300404)
(-0.006851081 0.056479444 -0.020911738)
(-0.0054425671 0.050077897 -0.018843674)
(-0.004271086 0.044152746 -0.016834378)
(-0.0033062573 0.038681688 -0.014907384)
(-0.002519541 0.03363898 -0.013077611)
(-0.0018848555 0.028997287 -0.011353431)
(-0.0013788547 0.024728948 -0.0097383803)
(-0.00098096612 0.020806794 -0.0082325255)
(-0.00067328297 0.017204675 -0.0068335252)
(-0.00044036401 0.013897764 -0.0055374382)
(-0.00026898255 0.010862712 -0.0043393207)
(-0.00014795097 0.0080777193 -0.0032336611)
(-6.7997727e-05 0.0055225262 -0.0022146904)
(-2.1817097e-05 0.003178377 -0.001276555)
(-1.471861e-06 0.0010279545 -0.00041355409)
(0.014397519 0.41750163 0.031814926)
(-0.02137199 0.25644806 0.043635417)
(-0.021378199 0.18712273 0.042471822)
(-0.031692416 0.17235263 0.034443426)
(-0.037531427 0.1759392 0.02478824)
(-0.041506119 0.18231695 0.014732373)
(-0.043838631 0.18726971 0.0048493648)
(-0.044822527 0.18983229 -0.0045041343)
(-0.044672187 0.18990102 -0.013098819)
(-0.043571273 0.18761359 -0.020760206)
(-0.041680947 0.18318579 -0.027342111)
(-0.039160253 0.17687994 -0.032732962)
(-0.03617077 0.16899903 -0.036870886)
(-0.032873785 0.1598788 -0.03975438)
(-0.029422978 0.14986998 -0.041443182)
(-0.025955859 0.13931456 -0.042048813)
(-0.022586746 0.12852317 -0.041718884)
(-0.019403144 0.11775909 -0.040619377)
(-0.016465504 0.10723053 -0.038918535)
(-0.013809532 0.097090801 -0.036774543)
(-0.011450239 0.087443704 -0.034327655)
(-0.0093866697 0.078351721 -0.031696272)
(-0.0076064488 0.069844988 -0.028976155)
(-0.0060897596 0.061929684 -0.026241762)
(-0.0048125719 0.054595176 -0.02354876)
(-0.003749073 0.047819722 -0.020937022)
(-0.0028733954 0.041574778 -0.018433649)
(-0.0021607579 0.035828138 -0.016055741)
(-0.0015881554 0.030546117 -0.013812795)
(-0.0011347212 0.025695019 -0.011708676)
(-0.00078185687 0.021242087 -0.0097432098)
(-0.00051319449 0.017156069 -0.0079134024)
(-0.00031448094 0.013407534 -0.0062143792)
(-0.00017346347 0.0099690146 -0.0046400765)
(-8.0005896e-05 0.0068150355 -0.0031837484)
(-2.5659493e-05 0.0039220688 -0.0018383252)
(-1.7714753e-06 0.0012684522 -0.0005967423)
(0.015366625 0.424346 0.036891465)
(-0.017804341 0.26923951 0.051461015)
(-0.014960245 0.19919631 0.050974188)
(-0.024455913 0.1839601 0.04160019)
(-0.029337734 0.18865308 0.030548122)
(-0.03292178 0.19688085 0.019122329)
(-0.035384534 0.20370243 0.0079194818)
(-0.036903471 0.20799435 -0.0027428317)
(-0.037586405 0.20968264 -0.012688208)
(-0.037511717 0.20892154 -0.021762009)
(-0.036741562 0.2058731 -0.029806983)
(-0.035347105 0.20069904 -0.036669265)
(-0.033417709 0.19359581 -0.042224526)
(-0.031061841 0.18482166 -0.046402954)
(-0.02840116 0.17469792 -0.049203082)
(-0.02556083 0.16358705 -0.050691819)
(-0.022659197 0.15185905 -0.050993197)
(-0.019799387 0.13985894 -0.050270421)
(-0.017064126 0.12788316 -0.048706159)
(-0.014513882 0.11616767 -0.046485244)
(-0.012187724 0.1048865 -0.043781493)
(-0.010105985 0.094157205 -0.040749082)
(-0.0082739667 0.084050193 -0.037518331)
(-0.0066857826 0.07459896 -0.034194916)
(-0.0053278612 0.065809801 -0.030861328)
(-0.0041818759 0.057670036 -0.027579569)
(-0.0032270325 0.050154537 -0.024394372)
(-0.0024417497 0.043230657 -0.02133645)
(-0.0018048274 0.036861777 -0.01842548)
(-0.0012961998 0.031009766 -0.015672688)
(-0.0008973714 0.025636624 -0.013082996)
(-0.00059162415 0.020705526 -0.010656749)
(-0.00036405906 0.016181435 -0.0083910523)
(-0.00020165046 0.01203144 -0.0062808045)
(-9.3326911e-05 0.0082248907 -0.0043194683)
(-3.0196143e-05 0.0047334125 -0.0024996253)
(-2.093787e-06 0.001530846 -0.00081346643)
(0.016294871 0.43213017 0.039655774)
(-0.014429062 0.28375464 0.057375807)
(-0.0080061837 0.21198798 0.057621801)
(-0.016844635 0.1945609 0.047280593)
(-0.020502857 0.19838633 0.035407463)
(-0.023540956 0.20685623 0.023161203)
(-0.025945923 0.21442218 0.011187531)
(-0.027779244 0.21976683 -0.00025517308)
(-0.02906977 0.22280358 -0.011061278)
(-0.029819764 0.2236666 -0.021128606)
(-0.030022851 0.22242452 -0.03031311)
(-0.029680615 0.21907839 -0.038439082)
(-0.028816557 0.21363494 -0.045331205)
(-0.027480805 0.20617809 -0.050850072)
(-0.025748449 0.19690531 -0.05491864)
(-0.023713017 0.1861228 -0.057534524)
(-0.021476934 0.17421025 -0.058768154)
(-0.019141335 0.16157275 -0.058749796)
(-0.016798434 0.14859609 -0.057649435)
(-0.01452481 0.13561505 -0.055657155)
(-0.012379697 0.12289731 -0.052966695)
(-0.010403764 0.11064055 -0.049760998)
(-0.0086211034 0.098978381 -0.046202528)
(-0.0070421149 0.087990891 -0.042429331)
(-0.0056665943 0.077716438 -0.038554183)
(-0.0044866827 0.068162739 -0.034665925)
(-0.0034894388 0.059316243 -0.030832096)
(-0.0026589322 0.051149525 -0.027102145)
(-0.0019778352 0.043626829 -0.023510693)
(-0.0014285757 0.036708037 -0.020080579)
(-0.00099412496 0.03035141 -0.01682551)
(-0.0006584734 0.024515393 -0.013752286)
(-0.00040691095 0.019159763 -0.010862596)
(-0.00022623733 0.014246297 -0.0081544401)
(-0.00010515726 0.0097391262 -0.0056232261)
(-3.4076481e-05 0.00560488 -0.003262544)
(-2.4194061e-06 0.0018126908 -0.0010648845)
(0.017248394 0.4398577 0.040495337)
(-0.011244307 0.29879744 0.061573587)
(-0.0013032781 0.22534953 0.062115543)
(-0.009300772 0.20442915 0.051330345)
(-0.011409022 0.20560429 0.039205493)
(-0.013799249 0.21284146 0.02660654)
(-0.01594742 0.22012856 0.014327979)
(-0.017842787 0.22587627 0.0025627573)
(-0.019460798 0.22990672 -0.0086580198)
(-0.020756901 0.23229403 -0.019289465)
(-0.021682484 0.23301521 -0.029221383)
(-0.022196373 0.23191126 -0.038278971)
(-0.02227553 0.22877534 -0.046260761)
(-0.02192047 0.22345951 -0.052977701)
(-0.021157133 0.21595419 -0.058286416)
(-0.020035637 0.20641902 -0.062110927)
(-0.018625216 0.19516547 -0.064451468)
(-0.017002746 0.1826061 -0.065381752)
(-0.01525657 0.16919211 -0.065032368)
(-0.01346161 0.15535712 -0.063571535)
(-0.011684727 0.14147858 -0.061189977)
(-0.0099836005 0.12785848 -0.058085296)
(-0.0083972509 0.11471952 -0.054441258)
(-0.0069518343 0.10221207 -0.050422862)
(-0.005661721 0.090426305 -0.046171808)
(-0.0045315917 0.07940569 -0.041805161)
(-0.0035588183 0.069159548 -0.037416343)
(-0.0027356472 0.059673621 -0.033077495)
(-0.0020510278 0.050918352 -0.028842463)
(-0.0014920522 0.042855057 -0.024749917)
(-0.0010450396 0.035440314 -0.020826285)
(-0.00069629842 0.028628977 -0.017088363)
(-0.00043263141 0.022376152 -0.013545522)
(-0.00024178517 0.016638437 -0.010201523)
(-0.00011290676 0.011374642 -0.0070559655)
(-3.688466e-05 0.0065461608 -0.0041053927)
(-2.6510949e-06 0.0021171147 -0.0013442566)
(0.017930371 0.44765824 0.039761465)
(-0.007747264 0.31448449 0.063788445)
(0.0044473262 0.23991514 0.063646044)
(-0.0016508764 0.21445688 0.053992943)
(-0.0022073199 0.21155325 0.041769066)
(-0.0039092724 0.21630761 0.02922365)
(-0.0056095268 0.22241888 0.017032248)
(-0.0073277059 0.22795093 0.0053190916)
(-0.0090024653 0.23253331 -0.0059445361)
(-0.010559256 0.23613687 -0.016759121)
(-0.011925791 0.23865622 -0.02704334)
(-0.013041621 0.23981593 -0.036639034)
(-0.013860296 0.23923436 -0.045342929)
(-0.014350589 0.23653824 -0.052946313)
(-0.014498572 0.2314732 -0.059267956)
(-0.014310504 0.22397809 -0.064177821)
(-0.013817057 0.21420627 -0.067611255)
(-0.013050505 0.20249546 -0.069572839)
(-0.012059938 0.18930363 -0.070143918)
(-0.010973584 0.17513452 -0.0694505)
(-0.0097568648 0.16047177 -0.06764601)
(-0.0085267591 0.14573527 -0.064922163)
(-0.0073178966 0.13125937 -0.061465564)
(-0.0061680655 0.11728977 -0.057456316)
(-0.0051045495 0.10399167 -0.053057093)
(-0.0041444912 0.091463668 -0.048408911)
(-0.003296631 0.07975296 -0.043629778)
(-0.0025631591 0.068869428 -0.038815349)
(-0.0019413917 0.05879734 -0.034040866)
(-0.0014252463 0.049504474 -0.029363752)
(-0.0010064671 0.040948861 -0.024826412)
(-0.00067557285 0.033083567 -0.020458922)
(-0.00042258221 0.025859938 -0.01628147)
(-0.00023762087 0.019229722 -0.012306458)
(-0.00011168044 0.013146382 -0.0085402565)
(-3.667993e-05 0.007565848 -0.0049846174)
(-2.7176712e-06 0.0024468952 -0.0016378949)
(0.018313091 0.45553814 0.037616923)
(-0.0044170631 0.33144788 0.063621038)
(0.0092991989 0.25666075 0.062750639)
(0.006361022 0.22584494 0.054840136)
(0.0067502134 0.21793574 0.042970577)
(0.006171261 0.21924836 0.030832851)
(0.0051376418 0.22344417 0.019038734)
(0.003815328 0.22821088 0.007665575)
(0.0023262584 0.23288786 -0.0033457891)
(0.00076596226 0.23727809 -0.01402143)
(-0.00078412682 0.24118588 -0.02429864)
(-0.0022589522 0.24426324 -0.034032853)
(-0.0036048639 0.24602905 -0.04303188)
(-0.0047745521 0.24595465 -0.05109314)
(-0.0057284315 0.24357342 -0.058031737)
(-0.0064364587 0.23858272 -0.063698888)
(-0.0068824594 0.23091128 -0.067994764)
(-0.0070772223 0.22073307 -0.070874283)
(-0.0070244881 0.20842744 -0.072338521)
(-0.0067214441 0.19450383 -0.072483191)
(-0.0062897438 0.17951728 -0.071431755)
(-0.0057390521 0.16399719 -0.069310011)
(-0.0051084917 0.14840033 -0.066293794)
(-0.0044458333 0.13308781 -0.062562417)
(-0.0037834942 0.11832256 -0.058283312)
(-0.0031476967 0.10427952 -0.053609827)
(-0.0025577533 0.091061555 -0.048677125)
(-0.0020263126 0.078716412 -0.043600237)
(-0.0015603595 0.067252173 -0.038474127)
(-0.0011624049 0.056649949 -0.033375048)
(-0.00083160554 0.046873695 -0.028362603)
(-0.00056473563 0.037877411 -0.023482067)
(-0.00035698299 0.029610189 -0.018766706)
(-0.00020269953 0.022019632 -0.014239935)
(-9.6117366e-05 0.015054046 -0.0099172152)
(-3.1991742e-05 0.0086637792 -0.0058076563)
(-2.4264854e-06 0.0028019806 -0.0019154518)
(0.018763478 0.46341888 0.034270183)
(-0.0013195619 0.34970135 0.060630641)
(0.014071576 0.27605136 0.060539693)
(0.014347583 0.24034739 0.053461674)
(0.016005196 0.22702383 0.04257612)
(0.016757748 0.22427905 0.031186005)
(0.016665797 0.22599006 0.020054072)
(0.015993917 0.22951519 0.0092641933)
(0.014926657 0.23384432 -0.001242833)
(0.013581549 0.23853464 -0.011495302)
(0.012044975 0.24325848 -0.021429064)
(0.010385213 0.24761544 -0.030907547)
(0.0086636333 0.25109954 -0.039754725)
(0.0069402155 0.25313179 -0.047789879)
(0.0052738862 0.25313036 -0.054850217)
(0.0037193102 0.25060436 -0.060802205)
(0.0023239793 0.24524913 -0.065546923)
(0.0011486364 0.23701145 -0.069023917)
(0.00018084512 0.2261014 -0.071213944)
(-0.00055504974 0.21294632 -0.072118553)
(-0.0011218814 0.19810758 -0.071786114)
(-0.0014313232 0.18218727 -0.070347485)
(-0.0015707535 0.1657517 -0.067945356)
(-0.0015969535 0.14928229 -0.06472226)
(-0.0015242667 0.13315478 -0.060829221)
(-0.0013851086 0.11763914 -0.056414766)
(-0.0012074932 0.10291182 -0.051617526)
(-0.0010130991 0.089073603 -0.046561729)
(-0.0008181813 0.076168085 -0.041355039)
(-0.00063441875 0.064198155 -0.036088112)
(-0.00046962115 0.053139433 -0.030835331)
(-0.00032842789 0.04295052 -0.025656236)
(-0.00021301178 0.03358043 -0.020597284)
(-0.00012375143 0.024973766 -0.015693704)
(-6.0013062e-05 0.01707416 -0.010971275)
(-2.0437774e-05 0.0098264547 -0.006447885)
(-1.6915059e-06 0.0031780061 -0.002135055)
(0.019455824 0.47140022 0.029964893)
(0.00087452223 0.36946673 0.054942385)
(0.018896106 0.29889245 0.056109711)
(0.022570884 0.25995199 0.049930433)
(0.026109257 0.24177589 0.04025767)
(0.028546913 0.23491231 0.029905198)
(0.029759435 0.23380679 0.01969898)
(0.030033915 0.23565987 0.0097530061)
(0.029599071 0.23911898 3.2682509e-05)
(0.02861059 0.24347885 -0.0094784621)
(0.027170727 0.24824227 -0.018697424)
(0.025360332 0.25295766 -0.027492236)
(0.023261715 0.25714619 -0.035708134)
(0.020960852 0.26027693 -0.043195855)
(0.018545154 0.26177512 -0.049829469)
(0.016101224 0.26107079 -0.055510069)
(0.013711855 0.25768699 -0.06016144)
(0.011449861 0.25134054 -0.063726787)
(0.0093565363 0.24201305 -0.066176506)
(0.0075071827 0.22995963 -0.067521427)
(0.005920824 0.21565619 -0.067800741)
(0.0045484291 0.19970676 -0.067057987)
(0.0034318347 0.18274493 -0.065358154)
(0.0025347788 0.16535647 -0.062807303)
(0.0018301646 0.14803141 -0.059529373)
(0.0012896168 0.13114543 -0.055653512)
(0.00088460166 0.11496263 -0.051306831)
(0.00058844738 0.099650589 -0.046609105)
(0.00037754195 0.085300018 -0.041669174)
(0.00023177258 0.07194454 -0.036582927)
(0.00013452524 0.059577845 -0.0314326)
(7.2439091e-05 0.048167436 -0.026287034)
(3.5037316e-05 0.03766495 -0.021202534)
(1.4284327e-05 0.028013556 -0.016224084)
(4.2163637e-06 0.019153009 -0.011386696)
(3.4070495e-07 0.011022952 -0.0067167043)
(-2.0849923e-07 0.00356497 -0.0022331541)
(0.020122461 0.47981806 0.024924654)
(0.0027213248 0.39169811 0.04678443)
(0.02408967 0.32710284 0.048653235)
(0.031839121 0.28770626 0.043655596)
(0.038046944 0.26631512 0.035451079)
(0.042693751 0.25590582 0.0264605)
(0.045609423 0.25183578 0.017522519)
(0.047072798 0.25141629 0.0087860667)
(0.047346586 0.25312818 0.00024671306)
(0.046674372 0.25610423 -0.0080637355)
(0.045210774 0.25970679 -0.016067116)
(0.043075245 0.26346121 -0.023650115)
(0.040399965 0.26695298 -0.030688838)
(0.037322768 0.26976162 -0.037074158)
(0.033977447 0.27141203 -0.042724803)
(0.030489573 0.27136345 -0.047587325)
(0.026973144 0.26905926 -0.051627254)
(0.023527545 0.2640329 -0.054819832)
(0.020237478 0.25602575 -0.057148256)
(0.01716807 0.24506135 -0.058595404)
(0.014365568 0.23144823 -0.059158143)
(0.011856894 0.21571212 -0.058860376)
(0.0096515482 0.19849129 -0.057746172)
(0.007745559 0.18043512 -0.0558776)
(0.0061243586 0.16212754 -0.053334487)
(0.0047660068 0.14404443 -0.050209069)
(0.003644278 0.12654059 -0.046599744)
(0.0027312341 0.10985713 -0.042605415)
(0.0019991106 0.094139437 -0.038321002)
(0.0014215701 0.079458585 -0.033834272)
(0.00097445001 0.065831666 -0.0292239)
(0.00063612844 0.053238988 -0.024558554)
(0.00038760982 0.041637498 -0.019896735)
(0.00021255887 0.030970681 -0.015287151)
(9.7336845e-05 0.021175498 -0.010769414)
(3.1006425e-05 0.012187033 -0.0063748921)
(2.0236349e-06 0.0039414512 -0.0021277258)
(0.021052917 0.48911447 0.018887994)
(0.0059289441 0.41802687 0.03588301)
(0.031000501 0.36336203 0.037484338)
(0.043571024 0.32698319 0.033813934)
(0.053100674 0.30454228 0.027474813)
(0.060280744 0.29133765 0.020357384)
(0.06500247 0.28395203 0.013246043)
(0.067544712 0.28019811 0.0063164002)
(0.068297065 0.278714 -0.00041833867)
(0.067607961 0.27866039 -0.0068811765)
(0.065706275 0.27941031 -0.013024252)
(0.06282207 0.2805385 -0.018773724)
(0.059177223 0.28171851 -0.02405056)
(0.054981434 0.28264679 -0.028790442)
(0.050425597 0.2829671 -0.032953072)
(0.045678292 0.28221556 -0.036521824)
(0.040880303 0.27982205 -0.039486213)
(0.036152195 0.27519985 -0.041847693)
(0.031591686 0.26788442 -0.043611183)
(0.027275901 0.25765974 -0.044771381)
(0.023263358 0.24462255 -0.045322951)
(0.019594064 0.22915688 -0.045265994)
(0.016290612 0.21184284 -0.044612312)
(0.01336035 0.19334173 -0.043388755)
(0.010798026 0.17429492 -0.041637371)
(0.008588612 0.15525602 -0.039413002)
(0.0067100352 0.13665882 -0.036779479)
(0.0051356406 0.11881326 -0.033805432)
(0.0038362764 0.10191866 -0.030560445)
(0.0027819597 0.086084676 -0.027111923)
(0.0019431302 0.07135365 -0.023522808)
(0.0012915053 0.057720598 -0.019850095)
(0.00080064327 0.045149473 -0.01614403)
(0.00044645912 0.033585497 -0.012447847)
(0.00020808218 0.022963997 -0.0087978638)
(6.7624468e-05 0.013216444 -0.0052238109)
(4.8153809e-06 0.0042743791 -0.0017494301)
(0.022309609 0.49810541 0.011090023)
(0.010798243 0.4454153 0.021143343)
(0.039515695 0.40315751 0.021885808)
(0.056914622 0.37229669 0.019652256)
(0.069688454 0.35048505 0.015769938)
(0.079061053 0.33509473 0.011354283)
(0.085126182 0.32412066 0.0069475161)
(0.088226544 0.31618561 0.0026990012)
(0.08893783 0.31038511 -0.0013413222)
(0.087733287 0.3060737 -0.0051609499)
(0.084961354 0.30280197 -0.0087366304)
(0.080977778 0.30025437 -0.012028824)
(0.076103284 0.29818761 -0.015008845)
(0.070620151 0.2963733 -0.017653506)
(0.064769702 0.29452637 -0.019950758)
(0.058752146 0.29223451 -0.021900802)
(0.052729657 0.28893227 -0.0235116)
(0.046830909 0.28396025 -0.024794732)
(0.04115543 0.27670407 -0.02575655)
(0.035779007 0.26675492 -0.026397401)
(0.030758228 0.25401862 -0.026713405)
(0.026133081 0.23873071 -0.026700437)
(0.02192865 0.22138524 -0.026358494)
(0.01815657 0.20261836 -0.025694937)
(0.014816604 0.18309153 -0.024725903)
(0.011898436 0.163404 -0.023475946)
(0.0093836207 0.14404358 -0.021976438)
(0.0072475498 0.12537123 -0.020263363)
(0.0054613368 0.10762835 -0.018375018)
(0.0039935214 0.090955892 -0.016349958)
(0.0028115159 0.075417396 -0.014225348)
(0.0018827538 0.061020724 -0.012035768)
(0.0011755613 0.047736399 -0.0098124412)
(0.0006601223 0.035511814 -0.0075828185)
(0.00030980127 0.024281599 -0.0053704332)
(0.0001017178 0.013974807 -0.0031949045)
(7.4538876e-06 0.0045196431 -0.0010722206)
(0.023142244 0.50304888 0.0013504533)
(0.014205101 0.46114621 0.0023967736)
(0.044985239 0.42648157 0.002083484)
(0.065032218 0.39928812 0.0014391883)
(0.079503951 0.37812899 0.00063688985)
(0.089880111 0.36151525 -0.00017294654)
(0.096434724 0.3483139 -0.00091657817)
(0.099653921 0.33770933 -0.0015784687)
(0.10014589 0.32911029 -0.0021496068)
(0.098442098 0.32207277 -0.0026546098)
(0.09503845 0.31626617 -0.0030868042)
(0.090347917 0.31143669 -0.0034645788)
(0.08472261 0.30737556 -0.0037875489)
(0.078486158 0.30387747 -0.0040564517)
(0.071906283 0.30067598 -0.0042752934)
(0.065197035 0.29737202 -0.0044489405)
(0.058526625 0.29339742 -0.0045812855)
(0.052023879 0.28806078 -0.0046748529)
(0.045785518 0.28068186 -0.0047303964)
(0.039883495 0.27076196 -0.0047467821)
(0.034370633 0.2581127 -0.0047216741)
(0.029284219 0.24289088 -0.00465259)
(0.024648106 0.22553931 -0.0045379324)
(0.020474059 0.20667206 -0.0043776908)
(0.016762919 0.18695192 -0.0041737067)
(0.013505868 0.16699404 -0.0039295521)
(0.01068588 0.14730843 -0.0036501592)
(0.0082793273 0.12827845 -0.0033413444)
(0.0062576402 0.11016475 -0.0030093367)
(0.0045889311 0.09312309 -0.0026603748)
(0.0032394672 0.077227248 -0.0023004001)
(0.002174901 0.062491506 -0.0019348476)
(0.0013612838 0.048889823 -0.0015685226)
(0.00076619673 0.036370906 -0.0012055451)
(0.00036051201 0.024869293 -0.00084934414)
(0.00011865537 0.014313079 -0.00050265488)
(8.8219773e-06 0.0046290472 -0.00016764391)
(0.022782214 0.50085065 -0.0088321027)
(0.012580255 0.45358681 -0.017218939)
(0.042270566 0.41470759 -0.018555804)
(0.06088845 0.38512737 -0.017530653)
(0.074382241 0.3631652 -0.01509904)
(0.084137316 0.34683365 -0.012106202)
(0.090352967 0.33456097 -0.0089913672)
(0.093455739 0.32523338 -0.0058943699)
(0.09402155 0.3180615 -0.0028755992)
(0.092570209 0.31247453 4.0883492e-05)
(0.089492005 0.30806007 0.0028186737)
(0.085160477 0.3045203 0.0054150719)
(0.079942163 0.30161502 0.0077998461)
(0.074127006 0.29911636 0.0099452705)
(0.067957821 0.29674052 0.011832512)
(0.061638358 0.29407627 0.013454256)
(0.055333539 0.29055409 0.014815493)
(0.049171402 0.28549844 0.015923868)
(0.043249392 0.27826354 0.016786504)
(0.037641287 0.26839826 0.017407592)
(0.032401938 0.25576411 0.017788264)
(0.027570279 0.24055961 0.017928423)
(0.023171148 0.22325481 0.017829432)
(0.019216631 0.20447576 0.017496442)
(0.015707385 0.1848851 0.016939732)
(0.012634144 0.16509034 0.01617494)
(0.009979401 0.14559071 0.015222391)
(0.0077192054 0.12675877 0.014105904)
(0.0058249468 0.108846 0.01285138)
(0.0042650333 0.092001267 0.011485446)
(0.0030063686 0.076293772 0.010034287)
(0.002015555 0.061735102 0.0085227407)
(0.0012598407 0.048297965 0.0069736588)
(0.00070818263 0.035930818 0.0054075092)
(0.0003327033 0.024568587 0.0038421752)
(0.00010939104 0.014140119 0.0022929014)
(8.0537978e-06 0.0045731267 0.00077230757)
(0.021568758 0.49288163 -0.017464543)
(0.0076873337 0.42837179 -0.033555738)
(0.034014782 0.37731216 -0.035716518)
(0.048202437 0.34186694 -0.033095416)
(0.058735167 0.3187894 -0.027905263)
(0.066554119 0.30423159 -0.021845567)
(0.07164365 0.29526003 -0.015675705)
(0.074331592 0.28992429 -0.0095922865)
(0.075045756 0.28695503 -0.0036425661)
(0.074139859 0.28552 0.0021245141)
(0.071933495 0.28505833 0.0076346719)
(0.068700184 0.28514442 0.012827354)
(0.064679564 0.2854563 0.017621661)
(0.06009323 0.28570002 0.021951231)
(0.055144382 0.28553361 0.025776592)
(0.050006084 0.28450052 0.029069626)
(0.044827912 0.28202818 0.031826539)
(0.039731365 0.27750305 0.034058765)
(0.034814182 0.27040412 0.035769749)
(0.030153895 0.260446 0.036960087)
(0.025809038 0.24765771 0.037627746)
(0.021820487 0.2323715 0.037773289)
(0.01821287 0.21513861 0.037404848)
(0.014996187 0.19661364 0.036541629)
(0.012167924 0.17744771 0.035214999)
(0.0097154698 0.15821343 0.033467354)
(0.0076185616 0.1393666 0.03134952)
(0.0058515931 0.12123796 0.02891754)
(0.0043856648 0.10404424 0.026229506)
(0.0031903102 0.087908372 0.02334281)
(0.0022348642 0.072882064 0.020312021)
(0.0014894566 0.058966396 0.01718738)
(0.00092572052 0.04612885 0.014013892)
(0.00051746749 0.034316343 0.010830881)
(0.0002417567 0.023464646 0.007671904)
(7.8831364e-05 0.013504865 0.0045648913)
(5.6687376e-06 0.0043676966 0.0015324519)
(0.02043572 0.4832323 -0.024081048)
(0.0036370334 0.40020756 -0.045653054)
(0.026171568 0.33767074 -0.048235618)
(0.035366729 0.29805872 -0.044171007)
(0.042502571 0.27544209 -0.036885137)
(0.047834331 0.26360406 -0.02869001)
(0.051225689 0.25823298 -0.020441612)
(0.052968676 0.25671831 -0.012316289)
(0.053380773 0.25752182 -0.0043342584)
(0.052698251 0.25971567 0.0034736399)
(0.051112947 0.26267178 0.011032319)
(0.048784218 0.2659026 0.018222826)
(0.045862134 0.26900139 0.024921117)
(0.042497392 0.27156947 0.031020597)
(0.038836077 0.27315668 0.036443093)
(0.035012345 0.27323477 0.041137988)
(0.031144702 0.27123328 0.045074135)
(0.027338293 0.26663887 0.048235185)
(0.023680908 0.25911891 0.050605276)
(0.020244138 0.24861765 0.052175964)
(0.017080059 0.23537639 0.052948218)
(0.014220537 0.21987684 0.052934375)
(0.011680238 0.20274181 0.052166705)
(0.0094597571 0.18462836 0.05069497)
(0.0075485083 0.16614308 0.04858437)
(0.0059276062 0.14779103 0.045912861)
(0.0045727037 0.12995644 0.042766065)
(0.0034565324 0.11290626 0.039232176)
(0.0025509385 0.096806539 0.035397657)
(0.0018283515 0.081743603 0.031344002)
(0.0012627552 0.067745052 0.027145563)
(0.00083025869 0.054797865 0.022868315)
(0.00050936462 0.042862777 0.018569372)
(0.00028117194 0.031885009 0.014297054)
(0.00012963202 0.02180187 0.010091306)
(4.1636022e-05 0.012547905 0.0059843659)
(2.8066099e-06 0.0040582138 0.0020014777)
(0.019689576 0.4743117 -0.029414633)
(0.0015091383 0.3761347 -0.054639472)
(0.020452806 0.30626007 -0.056768026)
(0.025307564 0.26605965 -0.051423368)
(0.029549495 0.24612099 -0.042530945)
(0.032554231 0.23774129 -0.032822419)
(0.034191612 0.23555143 -0.023153685)
(0.034757134 0.23669464 -0.013662605)
(0.034505705 0.23970977 -0.0043336248)
(0.033600976 0.24380204 0.0048287745)
(0.032158198 0.24843077 0.013751754)
(0.030273666 0.25312792 0.022301215)
(0.028040672 0.25742401 0.030322068)
(0.02555409 0.26080913 0.037667582)
(0.022909633 0.26272369 0.044216224)
(0.020200882 0.26258997 0.04987534)
(0.017515665 0.25989058 0.054576706)
(0.014932797 0.25427269 0.05827086)
(0.01251763 0.24563473 0.060924796)
(0.010314661 0.23415635 0.062527421)
(0.00837005 0.22026184 0.063107342)
(0.0066793474 0.2045336 0.062718367)
(0.0052353317 0.18761058 0.06141491)
(0.0040406018 0.17010265 0.059279116)
(0.0030658771 0.15253351 0.056417906)
(0.0022848907 0.1353144 0.052947891)
(0.0016701957 0.11874176 0.048986825)
(0.0011947571 0.10300979 0.044648075)
(0.00083350834 0.088229605 0.040036704)
(0.00056420114 0.074449397 0.035246984)
(0.00036769373 0.061672612 0.030361189)
(0.00022791551 0.049872771 0.025449362)
(0.00013165729 0.039004783 0.02056977)
(6.8260596e-05 0.029013173 0.015769798)
(2.9398292e-05 0.019837765 0.011087047)
(8.5433791e-06 0.01141746 0.0065505381)
(3.7315453e-07 0.0036926157 0.0021818415)
(0.018943508 0.46604909 -0.03395707)
(-0.0005576092 0.35528469 -0.061124614)
(0.01559842 0.28146921 -0.062034345)
(0.016811277 0.24381942 -0.055675067)
(0.01894189 0.22845383 -0.045489027)
(0.020125726 0.22420242 -0.034648183)
(0.020356414 0.22498521 -0.023960659)
(0.019912543 0.22802896 -0.013533488)
(0.018996532 0.23217322 -0.0033223708)
(0.017736016 0.23688845 0.0066909409)
(0.016220038 0.24179606 0.016444471)
(0.014521215 0.24648514 0.025801963)
(0.012704997 0.25045575 0.034588331)
(0.010834968 0.25313312 0.042625253)
(0.0089747187 0.25392115 0.049753017)
(0.0071862275 0.25228623 0.055840552)
(0.0055248443 0.24785396 0.060788883)
(0.0040351618 0.24048804 0.064533058)
(0.0027639016 0.23032029 0.067044708)
(0.0017275985 0.21772176 0.068335233)
(0.00087248198 0.20322742 0.06844552)
(0.00023414083 0.18744199 0.067452403)
(-0.00018434884 0.1709559 0.065479589)
(-0.00045458801 0.15428666 0.062662429)
(-0.00060495801 0.13784898 0.059142578)
(-0.00065863241 0.12194911 0.05506242)
(-0.00064420369 0.10679414 0.050557392)
(-0.00058565932 0.092508824 0.045751116)
(-0.000501886 0.079154408 0.040752658)
(-0.00040733397 0.066746007 0.035655474)
(-0.00031263383 0.055267172 0.030537592)
(-0.00022516555 0.044681208 0.025462599)
(-0.0001496549 0.034939519 0.020481071)
(-8.8780095e-05 0.025987498 0.015632211)
(-4.3895575e-05 0.017768513 0.01094548)
(-1.5252544e-05 0.01022648 0.0064421447)
(-1.3404947e-06 0.0033074359 0.0021366317)
(0.018312107 0.45800319 -0.037580846)
(-0.0035752526 0.33623971 -0.065005926)
(0.010731398 0.26071583 -0.064869844)
(0.0087056846 0.22765609 -0.057639902)
(0.0093997388 0.21775979 -0.046392107)
(0.0091858643 0.21775263 -0.034719569)
(0.0084038986 0.2212262 -0.023295987)
(0.0072503229 0.22569608 -0.012215793)
(0.0058657554 0.2303655 -0.0014284776)
(0.004354616 0.23496867 0.0090913838)
(0.002799322 0.23927521 0.019282892)
(0.0012656822 0.24293232 0.029005611)
(-0.00018952603 0.24545287 0.038070782)
(-0.0015166636 0.24628385 0.046277225)
(-0.0026733732 0.24490845 0.053439336)
(-0.0036238068 0.24095055 0.059405043)
(-0.0043425786 0.23425384 0.064066845)
(-0.0048194509 0.22491331 0.067368685)
(-0.005065492 0.21325119 0.069306883)
(-0.0050747728 0.19974969 0.069924603)
(-0.0049133729 0.18496566 0.069324206)
(-0.0046094398 0.16945157 0.067637076)
(-0.0041900023 0.15369914 0.065018118)
(-0.0037159262 0.13810857 0.061635827)
(-0.0032130662 0.12298014 0.057654285)
(-0.0027094151 0.10852091 0.053225841)
(-0.0022272708 0.094859437 0.048487535)
(-0.0017823413 0.082062813 0.043558304)
(-0.0013846181 0.070152876 0.038538184)
(-0.0010394948 0.059119996 0.033508997)
(-0.00074878076 0.048933934 0.028535933)
(-0.00051160334 0.039551964 0.023669566)
(-0.00032518251 0.030924663 0.018947985)
(-0.00018558433 0.022999895 0.014398863)
(-8.8438489e-05 0.015725426 0.010041334)
(-2.9617656e-05 0.0090505634 0.0058876458)
(-2.2893842e-06 0.0029271265 0.0019445159)
(0.017965835 0.45005913 -0.040067303)
(-0.0067691835 0.3186777 -0.06586846)
(0.0059368277 0.24295019 -0.066144179)
(0.00062744058 0.21528742 -0.057440992)
(0.00027457979 0.21066908 -0.045666565)
(-0.0011086688 0.2143916 -0.033479909)
(-0.002606536 0.22001926 -0.021574436)
(-0.0042022249 0.22544422 -0.010079076)
(-0.005818923 0.23018669 0.0010364411)
(-0.00737706 0.23416761 0.011780584)
(-0.0088010033 0.2372635 0.022077954)
(-0.010027095 0.23918553 0.031775955)
(-0.011005484 0.23952372 0.040675368)
(-0.011699808 0.23785134 0.048564556)
(-0.012088416 0.23383896 0.055254096)
(-0.012165824 0.22734097 0.060600179)
(-0.011945419 0.21843324 0.06451908)
(-0.011465615 0.20739713 0.066993521)
(-0.010748855 0.19466229 0.068070314)
(-0.0098664053 0.18073137 0.067861963)
(-0.0088822938 0.16610849 0.06650481)
(-0.0078367993 0.15124671 0.06417237)
(-0.006783375 0.13651841 0.061047803)
(-0.0057619538 0.12220604 0.057309987)
(-0.0048016249 0.10850681 0.053122921)
(-0.0039226963 0.095545292 0.048631798)
(-0.0031374423 0.083388572 0.043960602)
(-0.0024514125 0.072060978 0.039211793)
(-0.0018649306 0.061556763 0.034467529)
(-0.0013745096 0.051850211 0.029791813)
(-0.0009740701 0.042903266 0.025233014)
(-0.00065590938 0.034671027 0.020826436)
(-0.00041146692 0.027105562 0.016596718)
(-0.0002319864 0.020158452 0.012559968)
(-0.00010930873 0.01378241 0.0087255851)
(-3.6012451e-05 0.0079322543 0.0050978158)
(-2.6875428e-06 0.002565447 0.0016769253)
(0.017503076 0.44212219 -0.041229716)
(-0.010230951 0.30251161 -0.064178857)
(0.00041412954 0.22769197 -0.065349882)
(-0.0072565831 0.2049055 -0.055324934)
(-0.0089839105 0.20468357 -0.043519671)
(-0.011143562 0.21120381 -0.031177519)
(-0.013144139 0.21826368 -0.019092821)
(-0.014969148 0.22410687 -0.0074576955)
(-0.016586046 0.22847191 0.0037086679)
(-0.017946716 0.23139424 0.014370761)
(-0.018995262 0.23283142 0.02442694)
(-0.019683759 0.23259607 0.03371058)
(-0.019980814 0.23042991 0.042017317)
(-0.019875844 0.22611376 0.04914708)
(-0.019381452 0.21955818 0.054937826)
(-0.018533111 0.21084946 0.059288981)
(-0.017386311 0.20024503 0.062172766)
(-0.016010858 0.18812946 0.063634153)
(-0.01447951 0.17495162 0.063782476)
(-0.012871292 0.16116308 0.062769288)
(-0.011249226 0.14717141 0.060775472)
(-0.0096708649 0.13331349 0.0579893)
(-0.0081799061 0.1198464 0.054595657)
(-0.0068064761 0.10695104 0.050764153)
(-0.0055689404 0.094742648 0.046643108)
(-0.0044758858 0.083284198 0.042357325)
(-0.0035282336 0.072599427 0.038008283)
(-0.0027212665 0.062684264 0.033675889)
(-0.00204642 0.053515993 0.029421078)
(-0.0014927544 0.045060224 0.025288731)
(-0.0010480999 0.037275965 0.021310554)
(-0.00069989149 0.030119159 0.017507705)
(-0.0004357479 0.023545072 0.013893079)
(-0.00024398727 0.017509828 0.010473224)
(-0.00011415038 0.011971354 0.0072499055)
(-3.737273e-05 0.0068899082 0.0042213953)
(-2.70776e-06 0.0022283345 0.0013833918)
(0.016594784 0.43421268 -0.040816123)
(-0.013750967 0.28710404 -0.060492145)
(-0.0062949965 0.2139785 -0.061547881)
(-0.014933865 0.19504028 -0.051639761)
(-0.018236797 0.19789959 -0.040047056)
(-0.021076262 0.20601161 -0.02797392)
(-0.023383777 0.21362018 -0.016098756)
(-0.025207105 0.21926671 -0.0046818742)
(-0.026563684 0.22280056 0.0061766727)
(-0.027446775 0.22432016 0.016391188)
(-0.027840309 0.22386594 0.025824333)
(-0.027732916 0.22139364 0.034298795)
(-0.027132823 0.2168475 0.041627531)
(-0.026073707 0.21024108 0.047650364)
(-0.024614575 0.20170664 0.052263103)
(-0.022834963 0.19150187 0.055433591)
(-0.020826942 0.17998069 0.05720377)
(-0.018685723 0.16754523 0.057680158)
(-0.016500871 0.15459638 0.057016833)
(-0.014350383 0.14149536 0.055394691)
(-0.01229627 0.12854107 0.053003623)
(-0.01038396 0.11596222 0.05002792)
(-0.0086427711 0.10392029 0.046635729)
(-0.007088123 0.092518589 0.042973022)
(-0.0057242869 0.081813786 0.039161378)
(-0.0045471797 0.071827375 0.035298408)
(-0.0035469064 0.062555735 0.031459813)
(-0.002709891 0.053978281 0.027702266)
(-0.0020205549 0.046063714 0.024066547)
(-0.0014625731 0.038774585 0.020580576)
(-0.0010197595 0.032070518 0.017262139)
(-0.00067663903 0.02591039 0.014121227)
(-0.00041880445 0.020253755 0.01116196)
(-0.00023319167 0.015061727 0.0083841426)
(-0.00010854338 0.010297484 0.0057844806)
(-3.5231255e-05 0.0059265257 0.0033575408)
(-2.5148546e-06 0.0019167592 0.0010964153)
(0.015678923 0.42638578 -0.038513838)
(-0.017043331 0.27236526 -0.054957623)
(-0.013317812 0.20105709 -0.055454632)
(-0.022693309 0.18473633 -0.046353463)
(-0.027311569 0.18893577 -0.03546188)
(-0.030747722 0.19717501 -0.024108984)
(-0.033169925 0.20430938 -0.012894382)
(-0.034744718 0.20909871 -0.0021364603)
(-0.035563381 0.21140868 0.0079840174)
(-0.035682977 0.21136303 0.017330521)
(-0.035154802 0.20908574 0.025742345)
(-0.034030455 0.20468816 0.033053631)
(-0.03237926 0.19831009 0.039119086)
(-0.030291489 0.19015683 0.043841551)
(-0.027874164 0.18050995 0.047189884)
(-0.025242514 0.16971059 0.049203272)
(-0.022509965 0.15812639 0.049983259)
(-0.019779176 0.14611523 0.049677659)
(-0.017135721 0.13399624 0.048461211)
(-0.014645001 0.1220325 0.046517174)
(-0.012352028 0.11042524 0.044022689)
(-0.010283245 0.099316763 0.041138635)
(-0.00844959 0.088798305 0.038003907)
(-0.006849988 0.078920053 0.034733364)
(-0.0054747421 0.069701061 0.031418401)
(-0.0043084899 0.061138019 0.028129106)
(-0.0033325962 0.053212414 0.024917207)
(-0.0025269689 0.045896037 0.021819238)
(-0.0018713665 0.039155049 0.018859566)
(-0.0013462779 0.032952861 0.016053081)
(-0.00093346799 0.027252108 0.013407483)
(-0.00061626948 0.022015945 0.010925151)
(-0.00037969533 0.017208857 0.0086046232)
(-0.00021054638 0.012797142 0.0064417579)
(-9.756083e-05 0.008749157 0.0044306104)
(-3.1592099e-05 0.0050354085 0.0025641168)
(-2.204978e-06 0.0016285554 0.00083452785)
(0.014748355 0.41912513 -0.034024527)
(-0.020551882 0.25898054 -0.04756576)
(-0.019962663 0.18888175 -0.047295951)
(-0.030196289 0.17355691 -0.039482566)
(-0.035867232 0.1771178 -0.029896939)
(-0.039760591 0.18385526 -0.01981095)
(-0.042109473 0.18937069 -0.0098053213)
(-0.043206704 0.19260097 -0.00023605297)
(-0.043242331 0.19337067 0.008668348)
(-0.042368598 0.19179614 0.01671937)
(-0.040735837 0.18805218 0.02376047)
(-0.038479903 0.18235977 0.029660599)
(-0.035742003 0.17498434 0.034332289)
(-0.032668045 0.16623396 0.037746404)
(-0.02940193 0.15644558 0.039937098)
(-0.026076945 0.14596181 0.040995649)
(-0.022808066 0.13510577 0.041056366)
(-0.019686953 0.12416092 0.040279031)
(-0.016780195 0.1133592 0.038831853)
(-0.014130432 0.10287774 0.036877595)
(-0.011759452 0.092842068 0.034563986)
(-0.0096722663 0.083333176 0.032018329)
(-0.0078614042 0.074396159 0.029345574)
(-0.0063108486 0.06604878 0.026628856)
(-0.0049993493 0.058289034 0.023931544)
(-0.0039030085 0.051101356 0.021300028)
(-0.0029971752 0.044461427 0.018766712)
(-0.0022577535 0.038339745 0.01635286)
(-0.0016620343 0.032704178 0.014071129)
(-0.0011891737 0.027521724 0.011927698)
(-0.00082041686 0.022759691 0.0099240066)
(-0.00053912943 0.018386439 0.0080581266)
(-0.00033073005 0.014371834 0.0063258203)
(-0.00018261713 0.010687493 0.0047213403)
(-8.4304873e-05 0.0073068884 0.003238025)
(-2.7087144e-05 0.0042053676 0.0018687772)
(-1.8719316e-06 0.0013601088 0.00060631301)
(0.013855959 0.41323473 -0.027432258)
(-0.023845099 0.24790955 -0.038230912)
(-0.02583421 0.17782397 -0.037530559)
(-0.036915179 0.16185182 -0.031289216)
(-0.043398684 0.16294303 -0.023546036)
(-0.047581429 0.16662563 -0.015306755)
(-0.049702652 0.16935799 -0.0070974228)
(-0.050154085 0.17028898 0.000724618)
(-0.049264239 0.16922251 0.0079148812)
(-0.047315303 0.16623297 0.014287975)
(-0.044552163 0.16148721 0.019709572)
(-0.041203714 0.15522544 0.024092559)
(-0.037480753 0.14773193 0.027403073)
(-0.033572715 0.13931179 0.029662491)
(-0.029642614 0.13026874 0.0309427)
(-0.025823056 0.12088489 0.031354357)
(-0.022214239 0.11140562 0.031031876)
(-0.01888475 0.1020313 0.030118556)
(-0.015874804 0.092915463 0.028754241)
(-0.013201046 0.084167903 0.027066595)
(-0.010861944 0.07586071 0.025166068)
(-0.0088430188 0.068035485 0.02314395)
(-0.0071213751 0.060710451 0.021072664)
(-0.0056694099 0.053886756 0.019007466)
(-0.0044576174 0.047553657 0.016988824)
(-0.0034565458 0.041692562 0.015045)
(-0.0026380821 0.036280058 0.013194538)
(-0.0019762178 0.031290095 0.011448475)
(-0.0014474438 0.026695513 0.0098122177)
(-0.0010308788 0.022469083 0.0082870654)
(-0.00070822705 0.01858419 0.0068714145)
(-0.00046362221 0.015015259 0.0055616862)
(-0.00028341087 0.011738012 0.004353025)
(-0.00015599671 0.0087296021 0.003239816)
(-7.1751698e-05 0.0059686605 0.0022160604)
(-2.3033303e-05 0.0034352987 0.0012756864)
(-1.5546822e-06 0.001111071 0.00041267416)
(0.013193015 0.40906015 -0.019198407)
(-0.026370749 0.23976649 -0.027238029)
(-0.030402459 0.16870491 -0.026449526)
(-0.042226075 0.15097919 -0.022077508)
(-0.049295503 0.14852222 -0.016642681)
(-0.053611872 0.14820758 -0.010806708)
(-0.055422904 0.14736458 -0.0049645914)
(-0.055233374 0.14544009 0.0005898022)
(-0.053475765 0.14229285 0.0056500134)
(-0.05054639 0.13796016 0.010063513)
(-0.046803141 0.13255791 0.013735384)
(-0.04255494 0.12626324 0.016617146)
(-0.038064469 0.11928387 0.018711803)
(-0.033546012 0.1118353 0.020057602)
(-0.029165798 0.10412296 0.020727652)
(-0.025043786 0.096328906 0.020817446)
(-0.021258239 0.088604367 0.020432643)
(-0.017852015 0.081067504 0.019678865)
(-0.014839819 0.07380496 0.018654251)
(-0.012215482 0.066875768 0.017444911)
(-0.0099585466 0.060316267 0.016122845)
(-0.0080397387 0.054145089 0.014745701)
(-0.0064252348 0.048367651 0.013357417)
(-0.0050797513 0.042979885 0.011991043)
(-0.003968701 0.037971167 0.010669977)
(-0.0030595659 0.033326548 0.0094098349)
(-0.0023226367 0.029028394 0.0082201953)
(-0.0017313419 0.025057568 0.0071060904)
(-0.0012622994 0.021394267 0.0060692216)
(-0.00089519642 0.018018606 0.0051089241)
(-0.00061256342 0.014911024 0.004222912)
(-0.00039948839 0.012052554 0.003407842)
(-0.0002433236 0.0094250078 0.0026597303)
(-0.00013343673 0.007011088 0.0019742571)
(-6.1187921e-05 0.0047944544 0.0013469834)
(-1.9476925e-05 0.0027597529 0.00077350855)
(-1.3173649e-06 0.0008926211 0.00024952717)
(0.013524238 0.40690284 -0.010015447)
(-0.027776585 0.23510474 -0.014762642)
(-0.033294184 0.16263815 -0.014342867)
(-0.045620823 0.14313771 -0.012153447)
(-0.053057442 0.13744474 -0.0094111838)
(-0.057413788 0.13356025 -0.0064236888)
(-0.05895902 0.1294588 -0.0034009085)
(-0.058263747 0.12489154 -0.00051363364)
(-0.055867776 0.11983996 0.0021183546)
(-0.05226058 0.11433996 0.0044056023)
(-0.047857078 0.10846526 0.006292427)
(-0.04302369 0.10231173 0.007762014)
(-0.038056854 0.095980101 0.0088163762)
(-0.033177721 0.089569388 0.0094815158)
(-0.028549906 0.083173255 0.0098017739)
(-0.024279361 0.076871499 0.0098310772)
(-0.020425718 0.070728598 0.0096266523)
(-0.017012277 0.064793886 0.0092439142)
(-0.014035643 0.059102975 0.0087330997)
(-0.011474342 0.053679795 0.0081374159)
(-0.0092961438 0.048538796 0.0074923567)
(-0.0074621262 0.043686721 0.0068260629)
(-0.005932234 0.039124957 0.0061596014)
(-0.004667532 0.034850714 0.0055078595)
(-0.0036305933 0.030857674 0.0048816651)
(-0.002787565 0.027137127 0.004288045)
(-0.0021082448 0.023678613 0.0037310899)
(-0.001566115 0.020470429 0.0032127117)
(-0.0011382051 0.017500035 0.0027332529)
(-0.00080482604 0.014754386 0.0022919606)
(-0.00054924005 0.012220214 0.0018873482)
(-0.00035730971 0.009884245 0.0015174657)
(-0.00021714995 0.0077333899 0.0011800979)
(-0.00011886849 0.0057548891 0.00087290814)
(-5.4357904e-05 0.003936426 0.00059353975)
(-1.7351089e-05 0.0022662108 0.00033970071)
(-1.1525057e-06 0.00073303953 0.00010916243)
(0.014002697 0.40630386 -0.00057846476)
(-0.028287395 0.23369452 -0.0012781741)
(-0.034305518 0.1606255 -0.0016278002)
(-0.04683412 0.14035808 -0.0018554967)
(-0.054404436 0.13343122 -0.0020252688)
(-0.058761094 0.128091 -0.0021345939)
(-0.060198806 0.12260815 -0.0021865084)
(-0.059326796 0.11687103 -0.0021763945)
(-0.056696225 0.11093142 -0.0021285908)
(-0.052831145 0.10485663 -0.0020435555)
(-0.04818727 0.098714844 -0.0019348316)
(-0.043147173 0.092567384 -0.0018126745)
(-0.038009783 0.086468013 -0.0016851989)
(-0.033005418 0.080466698 -0.0015583611)
(-0.028293927 0.074604847 -0.001436202)
(-0.023975517 0.068915504 -0.0013210341)
(-0.020102677 0.06342415 -0.0012138476)
(-0.016691484 0.05814976 -0.0011149656)
(-0.013731868 0.053105876 -0.0010240867)
(-0.01119673 0.048301575 -0.00094038554)
(-0.0090492183 0.043742281 -0.00086286167)
(-0.0072481266 0.039430394 -0.00079052912)
(-0.0057505679 0.035365601 -0.00072251511)
(-0.0045158076 0.031545651 -0.0006580769)
(-0.0035063395 0.027966459 -0.00059662757)
(-0.0026876717 0.024622061 -0.00053772721)
(-0.0020294852 0.021505071 -0.00048106366)
(-0.0015053464 0.018606925 -0.00042642973)
(-0.0010924721 0.015918116 -0.00037370059)
(-0.00077142051 0.013428433 -0.00032281301)
(-0.00052573386 0.011127198 -0.00027374741)
(-0.00034155819 0.009003471 -0.00022651328)
(-0.00020728989 0.0070462454 -0.00018113691)
(-0.0001132828 0.0052446099 -0.00013765206)
(-5.1763956e-05 0.0035878843 -9.6092283e-05)
(-1.6403637e-05 0.0020657267 -5.6437551e-05)
(-1.0900889e-06 0.00066821487 -1.8670065e-05)
(0.013735169 0.40697213 0.0088605467)
(-0.027799325 0.23529911 0.012273926)
(-0.03340226 0.16300961 0.011119577)
(-0.0457635 0.14372197 0.0084628201)
(-0.053232597 0.13814602 0.005374352)
(-0.05761676 0.13426421 0.0021626209)
(-0.059171111 0.13007026 -0.00096430525)
(-0.058483491 0.12534195 -0.0038495951)
(-0.056086148 0.12008182 -0.0063861205)
(-0.0524587 0.11435441 -0.0085097286)
(-0.048031834 0.10825589 -0.010185485)
(-0.043171721 0.10189885 -0.011415081)
(-0.038177482 0.095394439 -0.012216452)
(-0.033272431 0.088846874 -0.012628063)
(-0.028621602 0.082350859 -0.012702895)
(-0.024331735 0.075984272 -0.0125001)
(-0.020462717 0.069807673 -0.012077208)
(-0.017037456 0.063865609 -0.011491506)
(-0.014052042 0.058188833 -0.010794655)
(-0.011484469 0.052796607 -0.010028014)
(-0.0093019654 0.047699132 -0.0092249678)
(-0.0074651244 0.042899483 -0.0084116533)
(-0.0059334875 0.038395998 -0.0076073347)
(-0.0046677974 0.034183421 -0.0068253676)
(-0.0036303636 0.030253492 -0.0060753482)
(-0.0027871441 0.026596006 -0.0053633528)
(-0.0021078041 0.023199383 -0.0046927735)
(-0.0015657377 0.020051104 -0.0040650351)
(-0.0011379197 0.01713806 -0.0034801628)
(-0.00080462937 0.014446833 -0.0029372179)
(-0.00054911519 0.011963931 -0.0024346249)
(-0.00035723546 0.0096759773 -0.0019704132)
(-0.00021710622 0.0075698675 -0.0015423915)
(-0.00011884004 0.0056328928 -0.0011482713)
(-5.4350989e-05 0.0038528355 -0.00078575214)
(-1.7335316e-05 0.002218038 -0.00045254668)
(-1.1481934e-06 0.00071745017 -0.00014647124)
(0.01325669 0.40902785 0.017987083)
(-0.026410313 0.23996751 0.024880695)
(-0.030629937 0.16940574 0.023303928)
(-0.04249255 0.15212908 0.018440252)
(-0.049612282 0.14991905 0.012647122)
(-0.053969231 0.14963572 0.0065749409)
(-0.055812575 0.14865294 0.00061806805)
(-0.05563315 0.14646325 -0.0049541933)
(-0.053862788 0.14299067 -0.0099399163)
(-0.050909599 0.13829617 -0.014212166)
(-0.047129582 0.13253178 -0.017691624)
(-0.042836426 0.1258994 -0.020346524)
(-0.038298015 0.1186233 -0.022194849)
(-0.033732975 0.11092857 -0.023287312)
(-0.029309872 0.10302447 -0.023706737)
(-0.025151793 0.095093638 -0.023554789)
(-0.021338388 0.087282967 -0.022941657)
(-0.017908736 0.079702968 -0.021976242)
(-0.014877895 0.072434233 -0.020756582)
(-0.012240305 0.065529745 -0.019367337)
(-0.0099739083 0.059019143 -0.017879204)
(-0.0080486103 0.052915062 -0.016348185)
(-0.006429857 0.047217733 -0.014816509)
(-0.0050817349 0.041918723 -0.013315649)
(-0.0039691549 0.037003833 -0.011867633)
(-0.0030592221 0.03245525 -0.010486951)
(-0.0023219544 0.0282531 -0.0091822939)
(-0.0017305907 0.02437654 -0.0079580278)
(-0.0012616217 0.020804507 -0.0068153735)
(-0.00089465353 0.017516225 -0.0057533402)
(-0.00061216771 0.014491537 -0.0047694384)
(-0.00039922567 0.011711119 -0.003860214)
(-0.00024316758 0.0091566077 -0.00302164)
(-0.00013335829 0.0068106741 -0.0022493971)
(-6.1155236e-05 0.0046570525 -0.0015390718)
(-1.9471539e-05 0.0026805409 -0.00088628229)
(-1.3140059e-06 0.00086698305 -0.00028681167)
(0.013599549 0.41289329 0.026306586)
(-0.024024623 0.24786718 0.035968122)
(-0.026185541 0.17875176 0.034458154)
(-0.037271169 0.16349582 0.027714726)
(-0.043801575 0.16496418 0.019606794)
(-0.048028026 0.168726 0.011119634)
(-0.050185444 0.17132188 0.0027734304)
(-0.0506612 0.17197027 -0.0050859924)
(-0.049769125 0.17055474 -0.012229673)
(-0.047795295 0.16717015 -0.01849088)
(-0.044991546 0.16201791 -0.023747688)
(-0.041591284 0.15536264 -0.027925579)
(-0.037810584 0.14750691 -0.031003277)
(-0.033844005 0.13876894 -0.033014021)
(-0.029858593 0.12946064 -0.034040084)
(-0.025989601 0.11986767 -0.034200746)
(-0.022338645 0.11023493 -0.033639113)
(-0.018974777 0.10075916 -0.032501446)
(-0.015937914 0.091588322 -0.030927493)
(-0.013243803 0.082825651 -0.029045679)
(-0.010889789 0.074536378 -0.026966078)
(-0.0088602899 0.066755433 -0.024778813)
(-0.0071314061 0.059494897 -0.02255477)
(-0.0056746741 0.052750482 -0.020347581)
(-0.0044598889 0.04650678 -0.018196177)
(-0.0034570558 0.04074131 -0.016127468)
(-0.002637654 0.035427488 -0.014158868)
(-0.0019753788 0.03053675 -0.012300514)
(-0.0014465118 0.026039993 -0.010557122)
(-0.0010300296 0.021908532 -0.0089294844)
(-0.00070754183 0.018114704 -0.0074156433)
(-0.00046312274 0.014632225 -0.0060117871)
(-0.00028308447 0.011436375 -0.0047129193)
(-0.00015581171 0.0085040801 -0.003513349)
(-7.166339e-05 0.00581391 -0.0024070435)
(-2.300862e-05 0.0033460386 -0.0013878666)
(-1.5584757e-06 0.001082174 -0.00044979268)
(0.014570722 0.41857093 0.033076962)
(-0.020794459 0.25875533 0.045350001)
(-0.020374778 0.18995557 0.044269785)
(-0.030582323 0.17557192 0.035962513)
(-0.036297985 0.17961975 0.026015909)
(-0.040240361 0.1864839 0.015679287)
(-0.042632699 0.19189091 0.0055241291)
(-0.043749503 0.19486931 -0.0041052221)
(-0.043784808 0.19532004 -0.012991237)
(-0.042900714 0.19337845 -0.020964561)
(-0.041237244 0.18924395 -0.027875009)
(-0.03893494 0.18315604 -0.033599548)
(-0.036140791 0.17539689 -0.038060296)
(-0.033006243 0.16628982 -0.041238698)
(-0.029679901 0.15618439 -0.043179594)
(-0.026298598 0.14543202 -0.043984083)
(-0.02297977 0.13436031 -0.043794628)
(-0.019816401 0.12325304 -0.042776924)
(-0.016875254 0.11233935 -0.041102913)
(-0.014198422 0.1017914 -0.038937335)
(-0.011806791 0.091728561 -0.036428475)
(-0.0097043143 0.082225236 -0.033703138)
(-0.0078824514 0.073320057 -0.030865102)
(-0.0063242069 0.065024793 -0.027995988)
(-0.005007493 0.057332114 -0.025157553)
(-0.0039077302 0.050221872 -0.022394648)
(-0.0029997348 0.043665913 -0.019738302)
(-0.0022590089 0.03763161 -0.017208616)
(-0.0016625492 0.032084346 -0.014817303)
(-0.0011893042 0.026989199 -0.012569808)
(-0.00082037577 0.022312034 -0.010467016)
(-0.00053903547 0.018020178 -0.0085066003)
(-0.00033064131 0.014082791 -0.006684045)
(-0.00018255625 0.010471055 -0.004993417)
(-8.4272254e-05 0.0071582175 -0.0034279342)
(-2.7076999e-05 0.0041195607 -0.0019803386)
(-1.8732117e-06 0.001332322 -0.00064324196)
(0.015555198 0.42574142 0.037751219)
(-0.01717443 0.27205864 0.05283725)
(-0.01370089 0.20220953 0.052488855)
(-0.023044938 0.18697183 0.042885699)
(-0.027717046 0.19173818 0.031639605)
(-0.031206037 0.20014601 0.020038656)
(-0.033673986 0.20720746 0.008677296)
(-0.035275843 0.21179464 -0.0021511139)
(-0.036104959 0.21383675 -0.012290064)
(-0.036223057 0.21348068 -0.021595567)
(-0.035674753 0.21086128 -0.029913209)
(-0.034514377 0.20609946 -0.037082464)
(-0.032815473 0.19934716 -0.042964685)
(-0.030672935 0.19082477 -0.047471175)
(-0.028198262 0.18082975 -0.050580607)
(-0.025510517 0.16971725 -0.052342343)
(-0.022725957 0.15786498 -0.052867357)
(-0.019948971 0.14563622 -0.052311102)
(-0.017266007 0.13335102 -0.050853608)
(-0.0147427 0.12126995 -0.048681785)
(-0.01242373 0.10958943 -0.045975019)
(-0.010334799 0.098445662 -0.04289495)
(-0.0084859251 0.087923385 -0.039580104)
(-0.0068750968 0.078066436 -0.036144261)
(-0.0054917523 0.068888034 -0.032677357)
(-0.0043197819 0.060379729 -0.029247895)
(-0.0033399342 0.052518629 -0.02590606)
(-0.0025316289 0.0452729 -0.022686981)
(-0.0018742503 0.038605775 -0.019613815)
(-0.0013480082 0.032478364 -0.016700452)
(-0.00093446625 0.026851539 -0.013953793)
(-0.00061681499 0.02168715 -0.011375602)
(-0.0003799691 0.016948759 -0.0089639617)
(-0.00021066253 0.012602044 -0.0067143965)
(-9.7607943e-05 0.0086149887 -0.0046207286)
(-3.1586124e-05 0.0049579183 -0.0026756872)
(-2.207779e-06 0.0016034541 -0.000871421)
(0.016513473 0.43363531 0.040132196)
(-0.013749195 0.28686764 0.058406087)
(-0.0065225167 0.21515721 0.058682789)
(-0.015210701 0.19734822 0.048248379)
(-0.018584914 0.2008254 0.036295732)
(-0.02148263 0.20914576 0.023971366)
(-0.023834235 0.21672402 0.011939138)
(-0.025689083 0.2222221 0.00043467428)
(-0.027064496 0.22554837 -0.010460686)
(-0.027950671 0.22682491 -0.020660957)
(-0.028332531 0.2260934 -0.030030823)
(-0.028200121 0.22330961 -0.038394574)
(-0.027564052 0.21842317 -0.045568845)
(-0.026460986 0.2114595 -0.05139939)
(-0.024953301 0.20256733 -0.055790022)
(-0.023123974 0.19202185 -0.058718011)
(-0.021067826 0.18019234 -0.060235376)
(-0.018881345 0.16749187 -0.060458102)
(-0.016656758 0.15432706 -0.059545539)
(-0.014471489 0.14106013 -0.057682771)
(-0.012388543 0.1279874 -0.055064159)
(-0.010452953 0.11533267 -0.051876568)
(-0.008693385 0.10325123 -0.048288877)
(-0.0071245468 0.091839875 -0.044446667)
(-0.0057499929 0.081149004 -0.040470467)
(-0.0045649606 0.071194428 -0.036456491)
(-0.0035589467 0.061967594 -0.032478906)
(-0.0027178569 0.053443783 -0.028592876)
(-0.0020256885 0.045588323 -0.024837792)
(-0.0014657811 0.038361085 -0.021240357)
(-0.0010216898 0.031719616 -0.01781734)
(-0.00067774526 0.025621232 -0.014577905)
(-0.00041939676 0.020024351 -0.011525526)
(-0.00023347915 0.014889299 -0.0086595139)
(-0.00010865823 0.010178743 -0.0059762081)
(-3.5266949e-05 0.00585789 -0.003469889)
(-2.5164168e-06 0.001894518 -0.0011335087)
(0.017461146 0.44153566 0.040584525)
(-0.010350648 0.30223311 0.062171796)
(0.00019312758 0.22876994 0.062594918)
(-0.0074943164 0.20713997 0.052001226)
(-0.0092814317 0.20758201 0.039844055)
(-0.011494375 0.21435779 0.027236728)
(-0.013528561 0.22143496 0.014983194)
(-0.015377621 0.22718298 0.0032450961)
(-0.017009645 0.23140062 -0.0079702086)
(-0.018373217 0.23414523 -0.018636309)
(-0.019413824 0.23537243 -0.028653168)
(-0.020085421 0.23488738 -0.037851015)
(-0.020357733 0.2324306 -0.046028135)
(-0.020221474 0.22778959 -0.052988696)
(-0.019690904 0.22088873 -0.058576806)
(-0.018804176 0.21183227 -0.062699198)
(-0.017619434 0.200896 -0.065336561)
(-0.016198521 0.18848013 -0.066545018)
(-0.01464091 0.17504456 -0.066440211)
(-0.013000839 0.16104623 -0.065179683)
(-0.011350839 0.1468934 -0.062947592)
(-0.0097495254 0.13292007 -0.059937439)
(-0.0082395683 0.11937819 -0.05633546)
(-0.0068507176 0.10644235 -0.052311456)
(-0.0056010104 0.094221325 -0.048013332)
(-0.0044986038 0.082771968 -0.043564981)
(-0.0035439401 0.072112568 -0.039066654)
(-0.0027318393 0.062234397 -0.034596885)
(-0.0020533237 0.053110898 -0.030215238)
(-0.0014971038 0.044704594 -0.025965311)
(-0.0010507224 0.036972079 -0.021877674)
(-0.00070138585 0.029867457 -0.017972513)
(-0.00043653734 0.023344638 -0.014261923)
(-0.00024436002 0.017358779 -0.010751809)
(-0.00011429294 0.011867154 -0.007443427)
(-3.7411851e-05 0.0068296151 -0.0043345979)
(-2.707031e-06 0.0022087878 -0.0014207058)
(0.018061415 0.44947901 0.039441543)
(-0.0068618182 0.31830813 0.063942086)
(0.0057912469 0.24378954 0.063489598)
(0.00043885802 0.21731804 0.054186137)
(4.8922494e-05 0.21341741 0.042030442)
(-0.0013987845 0.21745279 0.029580991)
(-0.0029125834 0.22315519 0.017500764)
(-0.0045177632 0.22854091 0.0058930638)
(-0.0061382295 0.23319268 -0.0052855558)
(-0.0076922756 0.23705235 -0.016047944)
(-0.0091063382 0.23999484 -0.026318443)
(-0.010319544 0.24172297 -0.035944264)
(-0.011282622 0.24182165 -0.044728457)
(-0.011959579 0.23986616 -0.05246326)
(-0.012328349 0.23553673 -0.058965576)
(-0.012383854 0.22870326 -0.064097778)
(-0.01214842 0.21945997 -0.067781717)
(-0.011633805 0.20810597 -0.070001762)
(-0.010878812 0.1950857 -0.070829688)
(-0.0099940441 0.18091148 -0.070374008)
(-0.0089787448 0.16609174 -0.068776276)
(-0.0079131747 0.15107956 -0.066215278)
(-0.006843036 0.13624389 -0.062875372)
(-0.0058071082 0.12186178 -0.058935747)
(-0.004834921 0.10812428 -0.054561166)
(-0.0039466667 0.095149707 -0.049896869)
(-0.0031542664 0.082999362 -0.04506625)
(-0.0024628923 0.071692498 -0.040170787)
(-0.0018725159 0.061219095 -0.035291481)
(-0.0013793359 0.051549959 -0.030491137)
(-0.00097700167 0.04264428 -0.025816981)
(-0.00065758673 0.034455038 -0.021303286)
(-0.00041235131 0.026932715 -0.016973792)
(-0.00023239989 0.020027742 -0.012843848)
(-0.00010946272 0.013692035 -0.0089222262)
(-3.605312e-05 0.0078798904 -0.0052125673)
(-2.6879371e-06 0.0025484608 -0.0017146548)
(0.018469434 0.45743982 0.036933215)
(-0.0035453272 0.33577464 0.063147107)
(0.010675658 0.26130228 0.062248001)
(0.0085915872 0.22937816 0.054475744)
(0.0092384263 0.22024329 0.042799121)
(0.0089828086 0.22062337 0.030850854)
(0.0081951002 0.22424751 0.01923918)
(0.0070483176 0.22874481 0.0080346383)
(0.0056776575 0.23338098 -0.0028263783)
(0.0041833785 0.23790772 -0.013372447)
(0.0026447394 0.24210191 -0.023542077)
(0.0011248998 0.24560423 -0.03319473)
(-0.00031877228 0.24792354 -0.042145198)
(-0.001637537 0.24850804 -0.050198791)
(-0.0027890269 0.24684803 -0.057177947)
(-0.0037346506 0.24257917 -0.062938681)
(-0.0044475106 0.2355604 -0.067380202)
(-0.0049215996 0.22590339 -0.070449436)
(-0.0051521146 0.21394601 -0.072140877)
(-0.0051501795 0.20018287 -0.072514842)
(-0.0049767877 0.18517826 -0.071676198)
(-0.004650808 0.1694874 -0.06975859)
(-0.0042275174 0.15360104 -0.066917895)
(-0.0037436756 0.13791567 -0.06332719)
(-0.0032324973 0.12272623 -0.059150397)
(-0.0027225465 0.10823388 -0.054540442)
(-0.0022357139 0.094561326 -0.049634356)
(-0.0017873748 0.081770359 -0.044550543)
(-0.0013872911 0.069878232 -0.039388169)
(-0.0010406428 0.058871516 -0.034228029)
(-0.0007490346 0.048716925 -0.029134245)
(-0.00051141028 0.039369359 -0.024156354)
(-0.00032483785 0.030777601 -0.019331499)
(-0.00018525978 0.022888194 -0.014686514)
(-8.8234324e-05 0.01564797 -0.010239811)
(-2.9505964e-05 0.0090056088 -0.006002982)
(-2.2813492e-06 0.0029125329 -0.0019822473)
(0.019013125 0.46544211 0.033267101)
(-0.00053872454 0.35461252 0.059343469)
(0.015504829 0.28168865 0.059484277)
(0.01670903 0.24511149 0.052554578)
(0.018816832 0.23055286 0.041929145)
(0.019998416 0.22678162 0.030787619)
(0.020249399 0.2278114 0.019893551)
(0.019836166 0.23096359 0.0093290868)
(0.018953021 0.23513559 -0.00096210414)
(0.017723529 0.23981807 -0.011006405)
(0.016233891 0.24464194 -0.020735836)
(0.014552789 0.24919609 -0.030015459)
(0.012744963 0.25298281 -0.038676219)
(0.010875171 0.25543316 -0.046549489)
(0.0090090165 0.25595938 -0.053485377)
(0.0072110783 0.25403778 -0.059362271)
(0.0055392117 0.24930548 -0.064088975)
(0.004039551 0.24163897 -0.067606218)
(0.0027537687 0.23118333 -0.06988829)
(0.0017288302 0.21832162 -0.07094931)
(0.0008525687 0.2035981 -0.070828061)
(0.00022403849 0.18762266 -0.069602448)
(-0.00018478955 0.17098711 -0.067409395)
(-0.00046014875 0.15420699 -0.064382228)
(-0.0006075129 0.13769282 -0.060664186)
(-0.00065853129 0.12174557 -0.056398481)
(-0.00064242504 0.10656675 -0.051720923)
(-0.00058291335 0.092275849 -0.046755079)
(-0.00049870544 0.078929384 -0.041609596)
(-0.00040415328 0.066538505 -0.036377248)
(-0.00030977813 0.055083536 -0.031135229)
(-0.00022283795 0.044525244 -0.025946227)
(-0.00014794466 0.034813093 -0.020859926)
(-8.7678229e-05 0.025891045 -0.015914679)
(-4.3299029e-05 0.017701439 -0.011139172)
(-1.5039657e-05 0.010187484 -0.0065539608)
(-1.3149626e-06 0.0032947676 -0.0021729155)
(0.019712964 0.4735927 0.02869458)
(0.0014844993 0.37512567 0.052915374)
(0.020376848 0.30595957 0.054262484)
(0.025196766 0.26675329 0.048313099)
(0.029436929 0.24765944 0.038966919)
(0.032474064 0.23986405 0.028933439)
(0.034164722 0.23803756 0.019037459)
(0.03479121 0.2393875 0.0093962628)
(0.034589021 0.24250049 -1.7556082e-05)
(0.033729793 0.24661302 -0.0092058254)
(0.032323741 0.25118456 -0.01808845)
(0.030458953 0.25575706 -0.026538818)
(0.028229429 0.25987324 -0.034412071)
(0.02573395 0.26303689 -0.041573205)
(0.023072166 0.2647015 -0.047912792)
(0.02034123 0.26430042 -0.053348966)
(0.017632005 0.26132562 -0.057821674)
(0.015025503 0.25543318 -0.061286778)
(0.012588612 0.24653068 -0.063714254)
(0.010368307 0.23480698 -0.065093299)
(0.0084131498 0.22069447 -0.065455284)
(0.0067014702 0.20478133 -0.064854219)
(0.0052574963 0.18770909 -0.063339316)
(0.0040580673 0.17008723 -0.06099867)
(0.0030803126 0.15243668 -0.057941953)
(0.0022975249 0.13516432 -0.054286939)
(0.00168148 0.11856169 -0.050152208)
(0.00120476 0.10281804 -0.045651655)
(0.00084217354 0.088039986 -0.040890518)
(0.00057145247 0.074271834 -0.035962919)
(0.00037349045 0.061513828 -0.03095072)
(0.00023228401 0.049736944 -0.025923371)
(0.00013469742 0.038894139 -0.020938442)
(7.0148407e-05 0.028928479 -0.016042569)
(3.0376748e-05 0.019778742 -0.011272598)
(8.8985909e-06 0.011383103 -0.0066567663)
(4.0881506e-07 0.0036814484 -0.0022159508)
(0.020393873 0.48232061 0.023375583)
(0.0035161802 0.39861182 0.043980913)
(0.02598477 0.33650795 0.045768063)
(0.035128423 0.29778242 0.041055366)
(0.042290266 0.2760491 0.03327747)
(0.047695187 0.26491698 0.024724684)
(0.051179443 0.26005157 0.01622738)
(0.053014843 0.25886825 0.0079409988)
(0.053498347 0.25986306 -0.00012989133)
(0.052889378 0.26215297 -0.0079435188)
(0.051356776 0.26509333 -0.015429088)
(0.049050905 0.26822166 -0.022484725)
(0.046129025 0.27115487 -0.029001746)
(0.042749706 0.27351608 -0.034887884)
(0.039064509 0.27487334 -0.040078475)
(0.035211878 0.27471153 -0.044534438)
(0.031313759 0.27246912 -0.04823301)
(0.027477912 0.26763919 -0.051162611)
(0.02379387 0.25989459 -0.053308956)
(0.020334301 0.24918525 -0.054663158)
(0.017151558 0.23575804 -0.055225328)
(0.014277065 0.22009914 -0.055007908)
(0.011724985 0.20283392 -0.054042074)
(0.0094955574 0.18461978 -0.052376849)
(0.007577614 0.16606157 -0.050078724)
(0.0059516065 0.14766117 -0.047227237)
(0.0045926306 0.12979882 -0.043909477)
(0.003473032 0.11273733 -0.040214837)
(0.0025644224 0.096638791 -0.036230624)
(0.0018391102 0.081586085 -0.032038794)
(0.0012710376 0.067603928 -0.027713813)
(0.00083632093 0.054676992 -0.023321477)
(0.00051349314 0.04276423 -0.018918494)
(0.00028369481 0.031809533 -0.014552618)
(0.0001309322 0.021749253 -0.010263127)
(4.2099593e-05 0.012517271 -0.0060814699)
(2.8557741e-06 0.0040482558 -0.0020321288)
(0.021445711 0.49184272 0.016864801)
(0.0073495235 0.42616962 0.032027895)
(0.033583828 0.3751425 0.033320858)
(0.047708473 0.34037601 0.029965575)
(0.05829685 0.31814496 0.024208359)
(0.066229704 0.30436024 0.017739976)
(0.071445722 0.29600209 0.011297147)
(0.074240342 0.29110541 0.0050437265)
(0.075051153 0.28842713 -0.00097192406)
(0.074253059 0.28716509 -0.0066987172)
(0.072118334 0.28674633 -0.012099804)
(0.068915737 0.28678245 -0.017118525)
(0.064898835 0.28698043 -0.021693839)
(0.060301312 0.28707064 -0.02577844)
(0.055332952 0.28673019 -0.029347719)
(0.050170597 0.28551488 -0.0323857)
(0.044966854 0.28286142 -0.034896199)
(0.039845433 0.27816205 -0.036894306)
(0.034905658 0.27089893 -0.038384384)
(0.030225993 0.2607898 -0.03936538)
(0.025865279 0.24786711 -0.039832604)
(0.02186423 0.23246622 -0.039784091)
(0.018247047 0.21514034 -0.039226263)
(0.015023195 0.1965445 -0.038177785)
(0.012189614 0.1773287 -0.036670522)
(0.0097331787 0.15806322 -0.034748055)
(0.0076331907 0.13920084 -0.032462711)
(0.0058637131 0.12106912 -0.029872047)
(0.0043956241 0.1038817 -0.02703545)
(0.0031983305 0.087758836 -0.024011277)
(0.002241111 0.07274996 -0.020854683)
(0.0014940913 0.058854359 -0.017616133)
(0.00092892476 0.046038141 -0.01434054)
(0.00051946281 0.034247205 -0.011066877)
(0.00024279051 0.0234166 -0.0078281556)
(7.9229637e-05 0.013476946 -0.0046516091)
(5.7065534e-06 0.0043586286 -0.0015591411)
(0.022676104 0.50013415 0.008405819)
(0.012252589 0.45187375 0.015943579)
(0.041869442 0.41280494 0.016299011)
(0.060443179 0.38354196 0.014426136)
(0.073983187 0.3620901 0.011326561)
(0.08382776 0.34627379 0.0078507191)
(0.090123163 0.33443481 0.0044249639)
(0.093301816 0.32544097 0.0011768367)
(0.093955186 0.31849222 -0.0018736595)
(0.092559892 0.31303324 -0.0047232861)
(0.089518462 0.30867097 -0.0073488488)
(0.085221046 0.30512618 -0.0097376779)
(0.080014791 0.30217639 -0.011876736)
(0.074198386 0.29960794 -0.013754968)
(0.068021433 0.29714972 -0.01536909)
(0.061691438 0.29440707 -0.016723744)
(0.05537712 0.29080701 -0.017831514)
(0.049205747 0.28566714 -0.018703464)
(0.043274707 0.27835258 -0.019346673)
(0.037659039 0.26841466 -0.019762884)
(0.032413794 0.25571721 -0.019949644)
(0.027577823 0.24046072 -0.019903326)
(0.02317578 0.22311647 -0.019622654)
(0.019219488 0.20431064 -0.019111429)
(0.015709305 0.18470507 -0.018379853)
(0.012635674 0.16490572 -0.01744447)
(0.0099808423 0.14540988 -0.016327101)
(0.0077206752 0.12658813 -0.015053269)
(0.005826441 0.10869008 -0.013650494)
(0.0042664831 0.091863015 -0.012146749)
(0.0030076849 0.07617485 -0.010569187)
(0.0020166586 0.061636179 -0.0089432159)
(0.0012606799 0.048218982 -0.0072918788)
(0.00070874178 0.035871203 -0.0056355079)
(0.00033302088 0.024527427 -0.0039915857)
(0.00010950334 0.014116294 -0.002374764)
(8.0699301e-06 0.0045654014 -0.00079702832)
(0.023185615 0.50312805 -0.001721222)
(0.014334517 0.46132143 -0.0035803642)
(0.045134322 0.42663883 -0.0042818718)
(0.065193415 0.39934709 -0.004522571)
(0.0796459 0.37806199 -0.0044234327)
(0.089989287 0.36132681 -0.0041248055)
(0.096525484 0.34802503 -0.0037106085)
(0.099709478 0.33734705 -0.0032068151)
(0.10014602 0.32869793 -0.0026494244)
(0.098426395 0.32163306 -0.0020643275)
(0.095018383 0.31581582 -0.0014655737)
(0.090312213 0.31098607 -0.00087094087)
(0.084679178 0.30693252 -0.00029596283)
(0.078441543 0.30344669 0.00024473525)
(0.071863085 0.30025967 0.00073971159)
(0.065156416 0.29697098 0.0011825056)
(0.058489293 0.29301126 0.0015693385)
(0.051990227 0.28768853 0.0018991442)
(0.045755729 0.2803234 0.0021731128)
(0.039857572 0.27041845 0.0023927395)
(0.034348406 0.2577863 0.0025594942)
(0.029265404 0.2425843 0.0026747039)
(0.024632364 0.22525513 0.0027396883)
(0.020461037 0.20641226 0.0027560226)
(0.016752272 0.18671767 0.0027257882)
(0.013497275 0.16678564 0.0026517233)
(0.010679046 0.14712543 0.0025372505)
(0.0082739885 0.12811987 0.0023863962)
(0.0062535598 0.11002924 0.0022036387)
(0.0045858971 0.093009065 0.0019937229)
(0.0032372903 0.077133084 0.0017614709)
(0.0021734129 0.062415586 0.0015116145)
(0.0013603334 0.048830606 0.0012486567)
(0.00076565088 0.036326956 0.00097677124)
(0.00036024524 0.024839292 0.0006997334)
(0.00011856866 0.014295831 0.00042087423)
(8.8141583e-06 0.0046234718 0.00014303553)
(0.022467986 0.49884439 -0.011615967)
(0.011257242 0.44706326 -0.022546338)
(0.040058566 0.4048359 -0.024201657)
(0.057508801 0.37346731 -0.022759391)
(0.070209419 0.35097458 -0.019500999)
(0.079449568 0.33493398 -0.015538556)
(0.085373235 0.32342775 -0.011430324)
(0.088370821 0.31510804 -0.0073558634)
(0.088980508 0.30904368 -0.0033547263)
(0.087669853 0.30457544 0.00053341145)
(0.084827213 0.30124768 0.0042430453)
(0.080803002 0.29871799 0.0077288733)
(0.075914263 0.29671922 0.010943944)
(0.070432968 0.29500321 0.013845825)
(0.064593349 0.29326929 0.016407062)
(0.058591817 0.2910942 0.018616496)
(0.052588022 0.28790631 0.020474717)
(0.04670868 0.28304387 0.021989843)
(0.041051897 0.27589239 0.023168151)
(0.03569256 0.26604352 0.024012235)
(0.030686778 0.25340299 0.024521564)
(0.026074389 0.23820539 0.024695304)
(0.021880569 0.22094336 0.024535858)
(0.018117197 0.20225171 0.024051743)
(0.014784355 0.18279102 0.023259027)
(0.011872054 0.16316028 0.022181264)
(0.0093621358 0.14384768 0.020848275)
(0.0072302185 0.12521497 0.019294315)
(0.0054475781 0.10750458 0.017556058)
(0.0039828578 0.090858607 0.01567072)
(0.0028035289 0.075341671 0.013674508)
(0.0018770507 0.060962631 0.011601444)
(0.0011717606 0.047692864 0.0094825637)
(0.00065783993 0.035480473 0.0073454576)
(0.00030865325 0.02426066 0.0052140561)
(0.00010130283 0.013962927 0.0031086317)
(7.4134018e-06 0.0045158258 0.0010459044)
(0.021177282 0.4899396 -0.019610555)
(0.0062475791 0.41953078 -0.03753874)
(0.031376394 0.364534 -0.039910133)
(0.043985155 0.32733807 -0.036907641)
(0.053443901 0.30402775 -0.031090624)
(0.060497671 0.29008646 -0.024356985)
(0.065081269 0.2821459 -0.017509549)
(0.067505619 0.27801434 -0.010744164)
(0.068160318 0.27630151 -0.0040981295)
(0.067359133 0.27611658 0.0023800402)
(0.065384495 0.27685922 0.0086154913)
(0.062470916 0.27806894 0.01451848)
(0.058824693 0.27939096 0.01999255)
(0.054644259 0.28049729 0.024957165)
(0.050114293 0.28101214 0.029358029)
(0.045399007 0.28045815 0.03316726)
(0.040635715 0.27825792 0.036366487)
(0.035942236 0.27382204 0.03895304)
(0.031414358 0.26668539 0.040931004)
(0.027127948 0.2566314 0.042296397)
(0.023140905 0.24375515 0.043046154)
(0.01949317 0.22843818 0.043182547)
(0.016207645 0.21125797 0.042718694)
(0.013292174 0.19287394 0.041681699)
(0.010742066 0.1739267 0.040112933)
(0.0085428222 0.15497028 0.038065954)
(0.0066728175 0.13643983 0.03560304)
(0.0051057406 0.1186472 0.032791303)
(0.0038126801 0.10179387 0.029699037)
(0.0027638083 0.085991661 0.026392697)
(0.0019296526 0.071284907 0.022934641)
(0.0012819772 0.057670348 0.019381627)
(0.00079436591 0.045113385 0.015783968)
(0.00044274688 0.033560408 0.0121852)
(0.00020621998 0.022947666 0.0086221293)
(6.7000504e-05 0.013207333 0.0051251239)
(4.7480401e-06 0.004271474 0.0017185695)
(0.020154194 0.4803945 -0.025739607)
(0.0028292595 0.39236202 -0.048539846)
(0.024186989 0.32704817 -0.051094687)
(0.031942982 0.28670812 -0.046700825)
(0.038111673 0.26450921 -0.03896069)
(0.042679159 0.25351511 -0.030315252)
(0.045499636 0.24905995 -0.021623874)
(0.046867776 0.24841004 -0.013052491)
(0.047081341 0.25001061 -0.0046116528)
(0.046350268 0.25294641 0.0036742344)
(0.044838295 0.25659896 0.011728237)
(0.0426811 0.26047502 0.019421119)
(0.040007624 0.26414098 0.026615615)
(0.03694843 0.2671578 0.033189822)
(0.033631752 0.26903457 0.039049826)
(0.030178799 0.26921938 0.044131231)
(0.026699979 0.26714928 0.048391709)
(0.023291925 0.26235449 0.051802164)
(0.020037306 0.2545739 0.054344546)
(0.017000034 0.24382778 0.056002138)
(0.014225783 0.23042035 0.056771498)
(0.011741268 0.21487276 0.056676487)
(0.0095561438 0.1978195 0.055761578)
(0.0076669278 0.17990772 0.054088277)
(0.0060596689 0.16172095 0.051735237)
(0.0047130149 0.1437362 0.048793262)
(0.0036012215 0.1263105 0.045359348)
(0.0026967048 0.10968773 0.041531226)
(0.0019719423 0.094016278 0.03740297)
(0.0014007495 0.079370048 0.033061851)
(0.00095905548 0.065768696 0.028586376)
(0.00062528898 0.053194719 0.024045309)
(0.00038049103 0.041606871 0.019497453)
(0.00020835003 0.030950081 0.014991964)
(9.5254481e-05 0.021162435 0.010568995)
(3.0272548e-05 0.012179871 0.0062605074)
(1.9582893e-06 0.0039391865 0.0020911749)
(0.019415175 0.47174012 -0.030779938)
(0.00083915007 0.36950488 -0.056702551)
(0.018882023 0.29799429 -0.058536807)
(0.022529067 0.25808147 -0.05294544)
(0.026057044 0.23919547 -0.043710978)
(0.028454692 0.23189962 -0.033681058)
(0.029615222 0.23056176 -0.023705416)
(0.029835356 0.2323059 -0.013915485)
(0.029356077 0.23573407 -0.0042880387)
(0.028329211 0.24011766 0.0051787526)
(0.02686011 0.24495819 0.014414609)
(0.025035948 0.24980014 0.023283084)
(0.022939172 0.25415758 0.031620194)
(0.020652614 0.25749023 0.039266063)
(0.018260088 0.25921406 0.046083696)
(0.015844757 0.25875162 0.051964217)
(0.013486472 0.25562014 0.056823712)
(0.011255966 0.24953105 0.060600061)
(0.0091916731 0.24045977 0.063259851)
(0.0073647502 0.22865433 0.064812526)
(0.0058068976 0.21458328 0.06529916)
(0.0044529592 0.19884438 0.064767674)
(0.0033525869 0.18206689 0.063277342)
(0.0024691963 0.16483471 0.060931022)
(0.0017760223 0.14763822 0.057850941)
(0.0012451394 0.13085511 0.054164831)
(0.00084839421 0.11475253 0.049998675)
(0.00055938477 0.099501532 0.045471484)
(0.00035467737 0.085196342 0.0406917)
(0.0002142674 0.071873835 0.03575514)
(0.00012160352 0.059530559 0.030744222)
(6.336215e-05 0.048136424 0.025728146)
(2.9092546e-05 0.037645031 0.020763688)
(1.0782856e-05 0.028001105 0.015896365)
(2.4810351e-06 0.019145604 0.011161742)
(-2.5816447e-07 0.011019077 0.0065867543)
(-2.6406815e-07 0.0035637729 0.002190975)
(0.018689762 0.46361417 -0.035029736)
(-0.0014618402 0.34936601 -0.062393249)
(0.014034309 0.27464174 -0.06298079)
(0.014246353 0.2379628 -0.056468645)
(0.015917671 0.22401453 -0.04600741)
(0.016659737 0.22095635 -0.034926765)
(0.016550344 0.22254569 -0.024014128)
(0.01585658 0.22605214 -0.013375632)
(0.014766293 0.23040824 -0.0029649267)
(0.013401739 0.23515982 0.0072392063)
(0.011851159 0.23997303 0.017175526)
(0.010186019 0.24445253 0.026706745)
(0.0084686139 0.24809494 0.035651552)
(0.0067579903 0.25032041 0.043821528)
(0.0051110641 0.25054375 0.051045216)
(0.0035798696 0.24826889 0.057180876)
(0.0022086322 0.2431839 0.062122788)
(0.001053514 0.23522625 0.065805494)
(0.00011361969 0.22459497 0.068207463)
(-0.00061087187 0.21170642 0.06933375)
(-0.0011606585 0.19711249 0.069226655)
(-0.001475239 0.18140878 0.068002369)
(-0.00160165 0.16515827 0.065812374)
(-0.0016232374 0.148842 0.062797155)
(-0.001546993 0.13283741 0.059105119)
(-0.0014045443 0.11741757 0.054882958)
(-0.0012238954 0.10276277 0.0502682)
(-0.0010267235 0.088977816 0.045384556)
(-0.0008292441 0.07611013 0.040339605)
(-0.00064312841 0.06416603 0.035224225)
(-0.00047620586 0.053124073 0.030113216)
(-0.00033314887 0.042945287 0.025066644)
(-0.00021615711 0.033580641 0.020131532)
(-0.00012563278 0.024976268 0.015343675)
(-6.0951862e-05 0.017076969 0.01072939)
(-2.0772748e-05 0.0098284538 0.0063071458)
(-1.7218497e-06 0.0031787082 0.0020889604)
(0.018171867 0.45566022 -0.038291324)
(-0.0046029044 0.33087983 -0.065353439)
(0.0091979499 0.25490596 -0.065221732)
(0.006213668 0.22311062 -0.057851032)
(0.0066401481 0.21464174 -0.046407516)
(0.006073372 0.21572839 -0.034572834)
(0.0050499873 0.21988617 -0.022990854)
(0.0037330234 0.22469804 -0.011764357)
(0.0022451457 0.22944927 -0.00084824722)
(0.00068454289 0.23393028 0.0097787431)
(-0.00086457109 0.23794347 0.020052314)
(-0.0023354143 0.24115145 0.029827517)
(-0.0036738459 0.24308185 0.038909478)
(-0.0048325663 0.24321014 0.047090706)
(-0.0057733032 0.24106855 0.054180353)
(-0.0064681521 0.23634817 0.060023717)
(-0.0069024703 0.2289671 0.064515808)
(-0.0070827597 0.21908598 0.067607583)
(-0.0070263745 0.20707037 0.069299563)
(-0.0067281546 0.19341751 0.069668507)
(-0.0062872772 0.17867349 0.068844072)
(-0.0057295769 0.16336243 0.066951615)
(-0.0051062301 0.14793937 0.06415595)
(-0.0044444438 0.13276662 0.060636713)
(-0.003783221 0.11811021 0.056560194)
(-0.0031486231 0.10414918 0.052078854)
(-0.0025595549 0.09099076 0.047327454)
(-0.0020285701 0.078687012 0.042421053)
(-0.0015627161 0.067249913 0.037454946)
(-0.0011645983 0.056663964 0.03250591)
(-0.00083346792 0.046895961 0.027634164)
(-0.00056618191 0.037902215 0.022885621)
(-0.00035799793 0.029633655 0.018294164)
(-0.00020331999 0.022039301 0.013883771)
(-9.6443411e-05 0.01506853 0.0096704063)
(-3.2085776e-05 0.0086724762 0.0056636748)
(-2.4400791e-06 0.0028048457 0.0018681511)
(0.017845025 0.44777199 -0.040363282)
(-0.0077937861 0.31381582 -0.065476192)
(0.0043072376 0.23795492 -0.066117149)
(-0.0018005702 0.21148232 -0.05700421)
(-0.0023319059 0.20804787 -0.045222084)
(-0.004010247 0.21262552 -0.032985118)
(-0.0056836943 0.21875116 -0.021006615)
(-0.0073756689 0.22437691 -0.0094381004)
(-0.0090268804 0.22907688 0.0017332335)
(-0.010565074 0.23280484 0.012501932)
(-0.0119172 0.23546034 0.022783303)
(-0.013021295 0.23678002 0.032417802)
(-0.013830368 0.2363929 0.041201608)
(-0.014313193 0.23392998 0.048922846)
(-0.014456324 0.22913385 0.05539575)
(-0.014266437 0.2219339 0.060485088)
(-0.013773303 0.21246975 0.064120752)
(-0.013009606 0.20106399 0.066301633)
(-0.012030827 0.1881607 0.067101626)
(-0.010935589 0.17425271 0.066641986)
(-0.0097398878 0.15981709 0.065072259)
(-0.0085082135 0.14527094 0.062577616)
(-0.0073049553 0.13094908 0.059343242)
(-0.0061595259 0.11709983 0.055545996)
(-0.0050992846 0.10389234 0.051347636)
(-0.0041416619 0.091429733 0.046888901)
(-0.0032955304 0.079763774 0.042287938)
(-0.0025631785 0.068908584 0.037640848)
(-0.0019420433 0.058852188 0.03302351)
(-0.0014261698 0.049565563 0.028494073)
(-0.001007417 0.041009384 0.024095666)
(-0.00067640152 0.033138845 0.019859048)
(-0.00042321562 0.025906963 0.015805013)
(-0.00023804303 0.019266769 0.011946482)
(-0.00011190851 0.013172681 0.0082902642)
(-3.6774096e-05 0.0075813216 0.0048384987)
(-2.7286222e-06 0.0024519487 0.0015897903)
(0.017263622 0.43993498 -0.041058899)
(-0.011291278 0.29801998 -0.063224935)
(-0.0014933713 0.22320672 -0.064528826)
(-0.0094403127 0.20128728 -0.054343587)
(-0.011559495 0.20193927 -0.042676597)
(-0.013915061 0.20901136 -0.030402844)
(-0.016020881 0.21633793 -0.018345923)
(-0.017871211 0.22221565 -0.0067271713)
(-0.019446845 0.22640746 0.0044028775)
(-0.020708284 0.22896694 0.014991784)
(-0.021606576 0.22987535 0.02492618)
(-0.022100653 0.22898415 0.034029725)
(-0.022167285 0.22609417 0.042099655)
(-0.021806519 0.22105799 0.048943988)
(-0.021043617 0.21385893 0.054414747)
(-0.019927689 0.20464401 0.058430035)
(-0.0185265 0.19370957 0.060983243)
(-0.016915566 0.18145368 0.062140607)
(-0.015182948 0.16831596 0.062025725)
(-0.013400365 0.15472248 0.060801749)
(-0.011636177 0.14104719 0.058653923)
(-0.0099455667 0.12759196 0.055776003)
(-0.008368401 0.11458185 0.052350232)
(-0.0069304451 0.10217109 0.048539613)
(-0.0056461781 0.090454446 0.044484973)
(-0.0045205239 0.079480105 0.040303297)
(-0.0035511012 0.069261889 0.036088405)
(-0.0027303838 0.059789591 0.031913091)
(-0.0020475226 0.051037168 0.027831966)
(-0.0014897814 0.042968876 0.023884469)
(-0.0010436176 0.035543696 0.020097753)
(-0.00069544586 0.028718399 0.016489251)
(-0.00043215193 0.022449577 0.013068874)
(-0.00024153977 0.016694958 0.0098408292)
(-0.00011280479 0.011414181 0.0068050806)
(-3.6850723e-05 0.0065692289 0.0039585145)
(-2.649405e-06 0.0021246207 0.0012958117)
(0.016315517 0.43214322 -0.040170011)
(-0.014629432 0.28289545 -0.058975873)
(-0.008213552 0.2097762 -0.060017695)
(-0.017012786 0.19135067 -0.050309605)
(-0.0206687 0.19462343 -0.038905936)
(-0.023668586 0.2029041 -0.027005044)
(-0.026019639 0.21051018 -0.015268176)
(-0.027794986 0.21601248 -0.0039778949)
(-0.029030169 0.21925959 0.0067364666)
(-0.029732477 0.22035701 0.016767243)
(-0.029899066 0.21937167 0.025965323)
(-0.029532472 0.21630815 0.034152096)
(-0.028655841 0.21117401 0.041149402)
(-0.027317958 0.20404786 0.046813571)
(-0.02559195 0.19511627 0.051061596)
(-0.023569041 0.18467155 0.053883802)
(-0.021349309 0.17307951 0.055342674)
(-0.019031807 0.16073376 0.055560597)
(-0.016707141 0.14801238 0.054700493)
(-0.014450641 0.13524637 0.052946845)
(-0.012320779 0.12270307 0.050489011)
(-0.010357933 0.11058236 0.047506978)
(-0.0085861193 0.099021694 0.044161587)
(-0.0070158583 0.088105816 0.040590077)
(-0.0056471908 0.077877989 0.036905108)
(-0.0044725547 0.068350669 0.033195888)
(-0.0034793064 0.059514634 0.0295306)
(-0.002651784 0.051346264 0.025959454)
(-0.0019728881 0.043813036 0.022517849)
(-0.0014252337 0.036877506 0.01922935)
(-0.00099193775 0.030500096 0.016108305)
(-0.00065710512 0.024640952 0.013162055)
(-0.00040611079 0.019261157 0.010392733)
(-0.00022581919 0.014323464 0.007798698)
(-0.00010496836 0.009792709 0.0053756467)
(-3.4030406e-05 0.0056360055 0.0031175002)
(-2.4166134e-06 0.0018227991 0.0010170092)
(0.015410002 0.42438101 -0.037349937)
(-0.017909807 0.26845247 -0.052981942)
(-0.015041669 0.19706193 -0.053333654)
(-0.024605931 0.18081381 -0.04461918)
(-0.029497282 0.18489781 -0.03406918)
(-0.033046836 0.19288127 -0.023018729)
(-0.03545063 0.19971933 -0.012078694)
(-0.036907316 0.20418643 -0.0015811657)
(-0.037530391 0.20613034 0.0082740435)
(-0.037400152 0.20567139 0.017321967)
(-0.036589733 0.20295656 0.025398474)
(-0.035171238 0.19813925 0.032344203)
(-0.033232693 0.19140753 0.038029172)
(-0.03087996 0.18300866 0.042376724)
(-0.028231478 0.17325107 0.045377303)
(-0.025409115 0.16248442 0.04708901)
(-0.022528272 0.15106811 0.047627184)
(-0.019689745 0.13933996 0.047147182)
(-0.016974635 0.12759286 0.045825203)
(-0.014442433 0.11606258 0.043841225)
(-0.012131748 0.10492541 0.041365771)
(-0.010062845 0.094302864 0.038551071)
(-0.0082411869 0.084270167 0.035526563)
(-0.0066611815 0.074865944 0.0323978)
(-0.0053096023 0.0661015 0.029247643)
(-0.0041684659 0.057968785 0.026138752)
(-0.0032172882 0.050446788 0.023116646)
(-0.0024347523 0.043506398 0.020212839)
(-0.0017998736 0.037113959 0.01744776)
(-0.0012927557 0.031233759 0.014833296)
(-0.00089503596 0.025829725 0.012374931)
(-0.00059009429 0.02086653 0.01007346)
(-0.00036310656 0.016310273 0.0079263501)
(-0.00020109938 0.012128872 0.0059287797)
(-9.3077704e-05 0.0082922606 0.0040744307)
(-3.007834e-05 0.0047724494 0.0023561059)
(-2.0929479e-06 0.0015435095 0.00076612126)
(0.014484329 0.41751385 -0.032281589)
(-0.021396114 0.25571433 -0.045123445)
(-0.021440745 0.18516861 -0.044778307)
(-0.03182966 0.16944445 -0.037425364)
(-0.037680711 0.17237862 -0.028321683)
(-0.041624044 0.17844114 -0.018684642)
(-0.043896458 0.18336361 -0.0090951558)
(-0.044815155 0.186097 7.6430744e-05)
(-0.044604113 0.18644629 0.0085863917)
(-0.043448635 0.18451434 0.016237962)
(-0.041521152 0.1804836 0.022875188)
(-0.038981089 0.17459401 0.028377358)
(-0.035987745 0.16713072 0.03267313)
(-0.032698764 0.15841388 0.035750996)
(-0.029263905 0.1487809 0.037660515)
(-0.025817065 0.13856347 0.038503404)
(-0.022469597 0.12806556 0.03841856)
(-0.019306922 0.1175474 0.037564831)
(-0.016388221 0.1072174 0.036105105)
(-0.013748583 0.097231506 0.034193934)
(-0.011402873 0.087697765 0.031969418)
(-0.0093502894 0.078683818 0.029548958)
(-0.0075787648 0.070225267 0.027028138)
(-0.0060688515 0.062333646 0.024481767)
(-0.0047968844 0.055003305 0.021966165)
(-0.0037373799 0.048216954 0.019521993)
(-0.0028647468 0.041949913 0.017177161)
(-0.0021544269 0.036173228 0.014949529)
(-0.0015835883 0.030855895 0.012849264)
(-0.0011314956 0.025966376 0.010880801)
(-0.00077964712 0.021473604 0.0090444258)
(-0.00051174819 0.017347621 0.0073375086)
(-0.00031359786 0.013559955 0.005755454)
(-0.00017298355 0.010083823 0.0042924108)
(-7.9777208e-05 0.0068942092 0.0029417969)
(-2.5603558e-05 0.0039678725 0.0016966873)
(-1.761272e-06 0.0012833004 0.00055005689)
(0.013611481 0.41213108 -0.025255873)
(-0.024445493 0.24547954 -0.035428509)
(-0.026903686 0.17459671 -0.034733069)
(-0.038106271 0.1578511 -0.029016864)
(-0.044688206 0.15795859 -0.02187391)
(-0.048858594 0.16066135 -0.014222848)
(-0.050860562 0.16256308 -0.0065721871)
(-0.051114887 0.16284981 0.00072359097)
(-0.049977458 0.16131987 0.0074195181)
(-0.047761052 0.15802828 0.013327525)
(-0.044739261 0.1531326 0.01831896)
(-0.041161053 0.14686517 0.022316656)
(-0.037249994 0.13950021 0.025297687)
(-0.033201201 0.13132826 0.027292602)
(-0.029177404 0.12263351 0.028382054)
(-0.025306604 0.11367507 0.02867636)
(-0.021681932 0.10467455 0.028305585)
(-0.018363903 0.095810045 0.027405552)
(-0.015384859 0.087215943 0.0261065)
(-0.012754479 0.078986789 0.024524593)
(-0.010465475 0.07118342 0.022760572)
(-0.0084989284 0.063839741 0.020896778)
(-0.0068287781 0.056969226 0.018997811)
(-0.0054253082 0.05057056 0.017112433)
(-0.0042577295 0.044632208 0.015275954)
(-0.0032959305 0.039135944 0.013512703)
(-0.0025115841 0.034059467 0.011838338)
(-0.0018787709 0.029378282 0.010261882)
(-0.0013742626 0.025067018 0.0087874168)
(-0.00097757167 0.021100312 0.0074154493)
(-0.0006708501 0.017453403 0.0061439869)
(-0.00043869537 0.014102502 0.0049693567)
(-0.00026791117 0.011025008 0.0038868198)
(-0.00014732808 0.008199634 0.0028910237)
(-6.7703254e-05 0.0056064475 0.0019763277)
(-2.1708378e-05 0.0032268744 0.0011370473)
(-1.4596268e-06 0.0010436682 0.00036758305)
(0.013348004 0.40856177 -0.016808909)
(-0.026633673 0.23833309 -0.024110012)
(-0.030975908 0.16624506 -0.023455919)
(-0.042861635 0.14762234 -0.019688431)
(-0.04995324 0.1441499 -0.014955972)
(-0.054210298 0.14283539 -0.0098227269)
(-0.055890567 0.14113353 -0.0046505433)
(-0.055514105 0.13854784 0.00028380566)
(-0.053549182 0.13495262 0.0047820429)
(-0.050422209 0.13036682 0.0087036583)
(-0.046502174 0.12489285 0.011956851)
(-0.042111465 0.11868579 0.014498427)
(-0.037518926 0.11192709 0.016334525)
(-0.032940628 0.10480579 0.017502604)
(-0.028539876 0.097498584 0.018071472)
(-0.02442672 0.090159261 0.018129573)
(-0.020672694 0.082916065 0.017772914)
(-0.017313649 0.075868203 0.017096162)
(-0.014356727 0.069087221 0.016186933)
(-0.011790775 0.062622083 0.015120741)
(-0.009592703 0.056502962 0.01395997)
(-0.0077300533 0.050744516 0.012754748)
(-0.0061673595 0.04535041 0.011542955)
(-0.0048684382 0.040316386 0.01035295)
(-0.0037983279 0.035632655 0.0092046511)
(-0.0029245152 0.031285735 0.0081112088)
(-0.0022175449 0.027259798 0.0070805545)
(-0.0016512509 0.023537656 0.0061167092)
(-0.0012027343 0.020101462 0.0052208467)
(-0.00085219186 0.01693322 0.0043921319)
(-0.00058265833 0.014015139 0.0036283659)
(-0.00037970134 0.011329889 0.0029264722)
(-0.00023111517 0.0088607725 0.0022828544)
(-0.00012666754 0.0065918442 0.0016936552)
(-5.8043161e-05 0.0045079834 0.0011549404)
(-1.8475643e-05 0.0025949343 0.00066285656)
(-1.2474426e-06 0.00083932315 0.00021368054)
(0.013787507 0.40681714 -0.0076590527)
(-0.02782598 0.23452348 -0.011410539)
(-0.033371734 0.16120638 -0.011261065)
(-0.045677646 0.14099493 -0.0097530056)
(-0.053058298 0.13468786 -0.0077804909)
(-0.057321516 0.13019074 -0.0055666943)
(-0.058752219 0.12555043 -0.0032772589)
(-0.057937873 0.12057321 -0.0010517693)
(-0.055420412 0.11524862 0.00099982779)
(-0.051704245 0.10960287 0.0028024272)
(-0.047222851 0.10369898 0.0043048398)
(-0.042343264 0.09761689 0.0054887306)
(-0.037361081 0.091438073 0.0063517718)
(-0.032494135 0.085241329 0.0069121246)
(-0.027900259 0.079108301 0.0071997388)
(-0.023678764 0.07310015 0.0072571971)
(-0.019883659 0.067264168 0.0071295433)
(-0.016533216 0.061637235 0.0068603033)
(-0.013619983 0.056246257 0.0064890391)
(-0.011119564 0.051109506 0.0060508158)
(-0.0089978581 0.046238088 0.0055730415)
(-0.0072148768 0.0416371 0.005077536)
(-0.0057301087 0.037307476 0.0045807054)
(-0.0045045764 0.033246765 0.004094131)
(-0.0035011024 0.029449492 0.0036263436)
(-0.0026862515 0.025908062 0.0031829001)
(-0.0020303307 0.02261325 0.0027670506)
(-0.0015073673 0.019554611 0.0023803316)
(-0.0010949325 0.016720826 0.002023046)
(-0.00077385164 0.014100003 0.001694636)
(-0.00052786166 0.011679938 0.0013939688)
(-0.00034325149 0.0094483305 0.0011195497)
(-0.00020851416 0.0073929762 0.00086967866)
(-0.00011408355 0.0055019143 0.00064256291)
(-5.2154876e-05 0.0037635491 0.00043639654)
(-1.6615227e-05 0.002166741 0.00024944037)
(-1.1072401e-06 0.00070087265 8.0025337e-05)
(0.014044282 0.4065038 0.0017269138)
(-0.028096815 0.23384521 0.0020683208)
(-0.033940264 0.16034643 0.001394362)
(-0.046352156 0.1398571 0.00045510487)
(-0.053802997 0.13292984 -0.00050607778)
(-0.05806124 0.12765471 -0.001410156)
(-0.059422929 0.12223086 -0.0022014824)
(-0.058499119 0.11653323 -0.0028484758)
(-0.055846605 0.11061086 -0.0033540235)
(-0.051983184 0.10453467 -0.0037182487)
(-0.047361651 0.098380417 -0.0039510866)
(-0.042363305 0.092214909 -0.0040673065)
(-0.037282232 0.086096043 -0.0040844064)
(-0.032343606 0.080077555 -0.0040206232)
(-0.027702931 0.074203806 -0.0038938817)
(-0.023456819 0.068508817 -0.0037206127)
(-0.019654567 0.063017989 -0.0035150244)
(-0.016309808 0.057749833 -0.0032889427)
(-0.013411044 0.052717221 -0.0030518277)
(-0.010930429 0.047928467 -0.0028109617)
(-0.0088308126 0.0433882 -0.0025718059)
(-0.0070710843 0.039098044 -0.0023382555)
(-0.0056087506 0.035056955 -0.0021129515)
(-0.0044036006 0.03126201 -0.0018975599)
(-0.0034187125 0.027708528 -0.0016930212)
(-0.0026202208 0.024390035 -0.0014997803)
(-0.0019784066 0.021298722 -0.0013179169)
(-0.0014673944 0.018425679 -0.0011472631)
(-0.0010649084 0.015761129 -0.00098748938)
(-0.00075195839 0.013294662 -0.00083816699)
(-0.00051247942 0.011015459 -0.00069881125)
(-0.00033295758 0.0089124905 -0.00056891162)
(-0.0002020787 0.0069747042 -0.00044795151)
(-0.00011044136 0.0051911771 -0.00033542063)
(-5.0467421e-05 0.0035512448 -0.00023082242)
(-1.5997616e-05 0.0020446017 -0.00013367651)
(-1.0649109e-06 0.00066137716 -4.3543702e-05)
(0.013560135 0.40741688 0.011017427)
(-0.027412241 0.23611159 0.015366933)
(-0.032673618 0.16381033 0.013946231)
(-0.044840844 0.14476883 0.0106084)
(-0.052145401 0.13973001 0.0067528704)
(-0.056425168 0.13649779 0.0027845203)
(-0.057938509 0.13285849 -0.0010358284)
(-0.05726789 0.12853343 -0.0045292129)
(-0.054928255 0.12351884 -0.0075734115)
(-0.051386925 0.11789238 -0.010099467)
(-0.04706307 0.11177285 -0.012076138)
(-0.042313679 0.10529881 -0.013511331)
(-0.037430266 0.098607612 -0.014432565)
(-0.032631335 0.091827614 -0.014890156)
(-0.02807867 0.085074074 -0.014950155)
(-0.023877253 0.078441226 -0.014684864)
(-0.020086173 0.072001953 -0.014166327)
(-0.016728517 0.065809302 -0.013461414)
(-0.013800955 0.059899198 -0.012628744)
(-0.011282267 0.054293622 -0.011717308)
(-0.0091406007 0.049003713 -0.010766372)
(-0.0073375488 0.044032235 -0.0098063571)
(-0.0058336016 0.03937639 -0.0088595263)
(-0.0045903752 0.035029317 -0.0079412414)
(-0.0035710244 0.030980938 -0.0070623287)
(-0.0027422386 0.027219192 -0.0062295268)
(-0.0020743184 0.023730708 -0.005446478)
(-0.0015412024 0.020501319 -0.0047145673)
(-0.0011203247 0.017516435 -0.0040335838)
(-0.00079234922 0.01476134 -0.0034022255)
(-0.00054084165 0.012221421 -0.0028184784)
(-0.00035192112 0.0098823436 -0.0022798944)
(-0.00021391866 0.007730196 -0.0017837912)
(-0.00011711885 0.0057515907 -0.0013273935)
(-5.3577809e-05 0.0039337419 -0.00090792981)
(-1.7092833e-05 0.0022645174 -0.00052269248)
(-1.1339233e-06 0.00073247041 -0.00016910369)
(0.013189126 0.40977484 0.020005464)
(-0.025919898 0.24144055 0.027566097)
(-0.029629235 0.17106018 0.025833316)
(-0.041262641 0.15417441 0.020357352)
(-0.048187738 0.15277705 0.013863037)
(-0.052439041 0.15335827 0.0071165007)
(-0.05426507 0.1530722 0.00054764361)
(-0.054140463 0.15135633 -0.0055521414)
(-0.052476009 0.14814719 -0.010976051)
(-0.049659956 0.14353638 -0.015597523)
(-0.04603172 0.13771001 -0.019341018)
(-0.041892018 0.13090316 -0.022180307)
(-0.037499607 0.12337064 -0.024140507)
(-0.033067602 0.11536466 -0.02528164)
(-0.028762581 0.10711749 -0.025696783)
(-0.024705572 0.098829196 -0.025498838)
(-0.020976073 0.090661543 -0.024807844)
(-0.017618092 0.082737276 -0.023740643)
(-0.014647317 0.075143229 -0.022403636)
(-0.012058395 0.067935626 -0.020888629)
(-0.0098315573 0.061146168 -0.019271272)
(-0.0079381355 0.054787909 -0.017611316)
(-0.0063448545 0.048860392 -0.015953723)
(-0.0050169398 0.043353811 -0.014331807)
(-0.0039202801 0.03825221 -0.012768772)
(-0.0030228009 0.033535861 -0.011279782)
(-0.0022951996 0.029182959 -0.0098738357)
(-0.0017112735 0.025170813 -0.0085553459)
(-0.0012479698 0.02147665 -0.0073254004)
(-0.00088526351 0.018078143 -0.0061827556)
(-0.0006059344 0.014953759 -0.0051245936)
(-0.00039528379 0.012082961 -0.0041470879)
(-0.0002408422 0.0094463309 -0.0032458171)
(-0.00013212947 0.0070256225 -0.0024160618)
(-6.0607427e-05 0.0048037768 -0.0016530137)
(-1.9318177e-05 0.0027649053 -0.00095188931)
(-1.3029877e-06 0.00089425678 -0.00030805841)
(0.013880067 0.41405231 0.028017484)
(-0.023376885 0.25003604 0.038255468)
(-0.025007993 0.18098176 0.036662605)
(-0.035890015 0.16603323 0.029370467)
(-0.042228174 0.1682122 0.020644964)
(-0.046356701 0.17270494 0.011580199)
(-0.048510735 0.17584326 0.0027248758)
(-0.049056425 0.1768195 -0.0055676042)
(-0.04828516 0.17555326 -0.013070576)
(-0.046462599 0.17218105 -0.019622029)
(-0.043823557 0.16693764 -0.025104377)
(-0.040588264 0.16011278 -0.029446971)
(-0.036963675 0.1520289 -0.032632878)
(-0.033138876 0.14302113 -0.034700897)
(-0.029278407 0.13341622 -0.035740069)
(-0.025517081 0.12351271 -0.035876993)
(-0.021957282 0.11356629 -0.035259966)
(-0.018669435 0.10378227 -0.034043594)
(-0.015695165 0.094314848 -0.032376327)
(-0.013052131 0.085271382 -0.030391934)
(-0.01073952 0.076719491 -0.028204841)
(-0.0087433613 0.06869518 -0.025908639)
(-0.0070411596 0.06121064 -0.023576829)
(-0.0056056508 0.05426103 -0.02126491)
(-0.0044076413 0.047829972 -0.019013075)
(-0.0034179786 0.041893774 -0.016849023)
(-0.0026088385 0.036424542 -0.014790601)
(-0.0019544895 0.031392381 -0.012848123)
(-0.0014316826 0.026766903 -0.011026301)
(-0.0010197761 0.022518214 -0.0093257982)
(-0.00070069087 0.018617539 -0.0077444447)
(-0.00045875152 0.015037583 -0.0062781651)
(-0.00028047234 0.011752716 -0.0049216691)
(-0.00015439757 0.0087390497 -0.0036689578)
(-7.1033742e-05 0.0059744281 -0.0025136875)
(-2.279297e-05 0.0034383784 -0.0014494097)
(-1.5492726e-06 0.0011120325 -0.00046977455)
(0.014802536 0.41997353 0.034375429)
(-0.020117058 0.26136427 0.047301002)
(-0.01916303 0.1924996 0.046171688)
(-0.029231288 0.17821862 0.037367938)
(-0.034776901 0.18269825 0.026886811)
(-0.038639861 0.19001337 0.016067981)
(-0.041038491 0.19571986 0.005501391)
(-0.042223789 0.19884277 -0.0044721225)
(-0.042369738 0.19932784 -0.013643574)
(-0.041621391 0.19734855 -0.021851071)
(-0.040105232 0.19312708 -0.028949234)
(-0.037951221 0.1869139 -0.034817525)
(-0.035298847 0.17899694 -0.039379811)
(-0.03229485 0.1697044 -0.04261983)
(-0.029085416 0.15939169 -0.044585853)
(-0.025806616 0.14841702 -0.04538353)
(-0.022576025 0.13711505 -0.045160638)
(-0.019487401 0.12577612 -0.044088562)
(-0.016608883 0.11463472 -0.042344772)
(-0.013984162 0.10386704 -0.040098943)
(-0.011635628 0.093595164 -0.037503528)
(-0.0095685904 0.083895127 -0.034688684)
(-0.0077757067 0.074806328 -0.03176076)
(-0.0062410233 0.066340685 -0.028803262)
(-0.00494335 0.058490591 -0.025879263)
(-0.0038588724 0.051235352 -0.02303448)
(-0.0029630567 0.044546113 -0.02030046)
(-0.0022319521 0.038389466 -0.017697572)
(-0.0016430151 0.032729991 -0.015237611)
(-0.0011755793 0.027531977 -0.012925976)
(-0.00081106673 0.022760532 -0.010763426)
(-0.00053301567 0.018382269 -0.0087474489)
(-0.00032700463 0.014365688 -0.0068733143)
(-0.00018057908 0.010681358 -0.0051348579)
(-8.3371034e-05 0.0073019665 -0.0035250603)
(-2.6797763e-05 0.0042022823 -0.0020364632)
(-1.8552663e-06 0.0013590745 -0.0006614877)
(0.015735444 0.42724389 0.038616011)
(-0.01661872 0.27486862 0.054463862)
(-0.012604999 0.20487916 0.054105908)
(-0.021883091 0.18955495 0.044066795)
(-0.026411045 0.19446825 0.032372058)
(-0.029846649 0.20306313 0.020376639)
(-0.032329173 0.21022685 0.0086808643)
(-0.033990507 0.21483047 -0.0024252361)
(-0.034908082 0.21683859 -0.012791675)
(-0.035131269 0.21642478 -0.02228597)
(-0.034696285 0.21373516 -0.030758613)
(-0.033650539 0.20889083 -0.038050798)
(-0.032062483 0.20204016 -0.044024239)
(-0.030023621 0.19340088 -0.048590729)
(-0.027643504 0.18327064 -0.051730406)
(-0.025040353 0.17200758 -0.053495335)
(-0.022330329 0.15999412 -0.054000251)
(-0.019618224 0.14759873 -0.053404977)
(-0.016991235 0.13514625 -0.051893918)
(-0.014515919 0.12290108 -0.049658192)
(-0.012237883 0.11106242 -0.046880976)
(-0.01018368 0.099768298 -0.043727033)
(-0.0083641038 0.089104482 -0.040337313)
(-0.0067778431 0.079115245 -0.036827389)
(-0.0054149666 0.069813833 -0.033288463)
(-0.0042599281 0.061191571 -0.029789881)
(-0.0032939768 0.053225176 -0.026382347)
(-0.0024969738 0.045882339 -0.023101275)
(-0.00184869 0.03912578 -0.019969928)
(-0.0013296726 0.032916086 -0.017002185)
(-0.00092177792 0.027213613 -0.014204857)
(-0.00060844867 0.021979716 -0.011579564)
(-0.0003748189 0.017177486 -0.0091242105)
(-0.00020780795 0.01277216 -0.0068341308)
(-9.6288308e-05 0.0087313071 -0.0047029462)
(-3.1157132e-05 0.0050248683 -0.0027232048)
(-2.1783411e-06 0.001625108 -0.00088687346)
(0.016645433 0.43497302 0.040692957)
(-0.013331292 0.28953978 0.059798911)
(-0.0056469874 0.21781695 0.060034306)
(-0.014331674 0.1998334 0.049254223)
(-0.017592618 0.20326154 0.036935049)
(-0.020469926 0.21159263 0.024278001)
(-0.022846507 0.21915277 0.011967442)
(-0.024752657 0.22459711 0.00023415406)
(-0.026194682 0.22785631 -0.010852852)
(-0.027156923 0.22906544 -0.021212693)
(-0.027617808 0.22826949 -0.030715225)
(-0.027563665 0.22541978 -0.039186288)
(-0.027002393 0.22045921 -0.04644224)
(-0.025968876 0.21340829 -0.052328395)
(-0.02452461 0.20441424 -0.056748942)
(-0.022752429 0.193754 -0.059682853)
(-0.020747359 0.18180066 -0.061185226)
(-0.01860602 0.16897179 -0.061376028)
(-0.016421691 0.1556782 -0.060417837)
(-0.014271877 0.14228541 -0.058499322)
(-0.012220342 0.12909205 -0.055818735)
(-0.010312483 0.11632327 -0.052566197)
(-0.0085772467 0.10413504 -0.048912955)
(-0.0070296042 0.092624308 -0.045006294)
(-0.0056733631 0.081841331 -0.040967915)
(-0.0045040075 0.071801606 -0.036894783)
(-0.0035112736 0.062496182 -0.032861501)
(-0.0026813022 0.053899914 -0.028923438)
(-0.0019983188 0.045977703 -0.025120027)
(-0.0014458817 0.038689009 -0.021477908)
(-0.0010077535 0.031990991 -0.018013714)
(-0.00066845993 0.025840599 -0.014736431)
(-0.00041362954 0.02019591 -0.011649331)
(-0.00023026235 0.015016929 -0.0087515089)
(-0.00010715212 0.010266029 -0.0060390852)
(-3.4788339e-05 0.0059081355 -0.0035061008)
(-2.4803817e-06 0.0019107701 -0.0011452437)
(0.017526441 0.44272266 0.040953542)
(-0.0099589107 0.30470431 0.063330346)
(0.00082338923 0.23135168 0.063709151)
(-0.0069175011 0.20954205 0.052924838)
(-0.0086410903 0.20984903 0.040438477)
(-0.010871641 0.2165481 0.027547171)
(-0.012949524 0.22355309 0.015047934)
(-0.014850953 0.22921937 0.0031067397)
(-0.016538767 0.23335543 -0.0082798494)
(-0.017958504 0.23602526 -0.019092743)
(-0.019053168 0.23718217 -0.029233063)
(-0.019774243 0.23662548 -0.038533081)
(-0.020090123 0.23408887 -0.046790245)
(-0.019990864 0.22935552 -0.053807412)
(-0.019490869 0.22234932 -0.059427904)
(-0.018629385 0.21317743 -0.063558903)
(-0.017465914 0.20212058 -0.066183232)
(-0.016059362 0.18958424 -0.067361382)
(-0.014519913 0.17603279 -0.067211317)
(-0.012893038 0.16192606 -0.065896194)
(-0.011255267 0.14767381 -0.063602607)
(-0.0096659117 0.13361041 -0.060528595)
(-0.0081672575 0.11998737 -0.056862895)
(-0.0067890023 0.10697846 -0.052777104)
(-0.0055491547 0.094691552 -0.048420371)
(-0.0044558039 0.083182562 -0.043917358)
(-0.0035093186 0.072468982 -0.039368703)
(-0.0027044668 0.062541407 -0.034853053)
(-0.0020322493 0.053372723 -0.030429893)
(-0.0014813838 0.044925002 -0.026142622)
(-0.0010394475 0.037154465 -0.022021539)
(-0.0006936998 0.03001491 -0.018086524)
(-0.00043165229 0.023459981 -0.014349354)
(-0.00024156123 0.017444609 -0.010815616)
(-0.00011296457 0.011925866 -0.0074862618)
(-3.6943258e-05 0.0068634177 -0.0043588217)
(-2.6757234e-06 0.0022197223 -0.0014283895)
(0.018021034 0.45047885 0.039691755)
(-0.0066051047 0.3205197 0.064929655)
(0.0061305504 0.24622939 0.06447718)
(0.00072386066 0.21961644 0.05507925)
(0.00029589217 0.21558823 0.042654147)
(-0.0011822928 0.21953569 0.02994061)
(-0.0027643853 0.22515702 0.017628166)
(-0.0044329736 0.23045848 0.00582369)
(-0.0061093287 0.23502754 -0.0055233059)
(-0.0077120738 0.23880922 -0.016429946)
(-0.0091665214 0.24167622 -0.026826159)
(-0.01041077 0.24332466 -0.036561192)
(-0.011395249 0.24333132 -0.045435612)
(-0.012083797 0.24126674 -0.053239359)
(-0.012454902 0.23681128 -0.059787302)
(-0.012505329 0.22983966 -0.06494053)
(-0.012262869 0.22045386 -0.068621012)
(-0.011726358 0.20896117 -0.070813473)
(-0.010955101 0.19581283 -0.071601312)
(-0.010062805 0.18152532 -0.071090273)
(-0.0090278315 0.16660862 -0.069428404)
(-0.0079491854 0.15151528 -0.066799383)
(-0.0068681123 0.13661248 -0.063390679)
(-0.0058233518 0.12217496 -0.059384056)
(-0.004844473 0.10839142 -0.054946126)
(-0.0039514521 0.095378125 -0.050223308)
(-0.003155871 0.083194687 -0.045339632)
(-0.0024625507 0.071859051 -0.040396792)
(-0.0018711433 0.061360229 -0.035475705)
(-0.0013775737 0.051668331 -0.030638897)
(-0.00097526543 0.042742055 -0.0259332)
(-0.00065611633 0.034534038 -0.021392428)
(-0.00041125428 0.026994518 -0.017039847)
(-0.00023169037 0.020073751 -0.01289034)
(-0.00010908411 0.013723523 -0.0089522352)
(-3.5916198e-05 0.0078980267 -0.0052288072)
(-2.6747235e-06 0.0025543289 -0.0017195216)
(0.018372095 0.45819846 0.037143129)
(-0.0034886456 0.33757116 0.064024929)
(0.010732798 0.26339472 0.06327016)
(0.0085525612 0.23145218 0.055389559)
(0.0091021837 0.22226427 0.043504175)
(0.0087595994 0.22259607 0.031303339)
(0.0078794978 0.22615998 0.019460463)
(0.0066534301 0.23058456 0.0080551705)
(0.0052189958 0.23514522 -0.0029807206)
(0.0036763115 0.23960094 -0.013682184)
(0.0021049667 0.24372813 -0.023992539)
(0.00056753996 0.24716016 -0.033772561)
(-0.0008792058 0.24939527 -0.042835377)
(-0.0021875824 0.24987284 -0.05098282)
(-0.0033167153 0.24808027 -0.058033679)
(-0.0042293187 0.24365711 -0.063841131)
(-0.0049008918 0.23647193 -0.068302991)
(-0.0053319889 0.22664865 -0.071365876)
(-0.0055133948 0.21453653 -0.07302494)
(-0.0054553153 0.2006382 -0.073350907)
(-0.0052351625 0.18552174 -0.072452632)
(-0.0048639755 0.16974246 -0.070464176)
(-0.0044004618 0.15378891 -0.067546953)
(-0.0038816604 0.13805407 -0.063878551)
(-0.0033406661 0.12282905 -0.059626111)
(-0.0028057864 0.10831145 -0.054944747)
(-0.0022985174 0.094621023 -0.04997289)
(-0.0018337365 0.081817252 -0.044829709)
(-0.0014206679 0.069915704 -0.039614652)
(-0.0010639606 0.058901768 -0.034408439)
(-0.00076472409 0.048741369 -0.029274879)
(-0.00052145658 0.039388903 -0.024263052)
(-0.00033083925 0.030792842 -0.01940956)
(-0.00018848325 0.022899549 -0.014740667)
(-8.9679631e-05 0.015655761 -0.010274216)
(-2.9950625e-05 0.0090101072 -0.0060212832)
(-2.30724e-06 0.0029139906 -0.0019876026)
(0.018918541 0.4659251 0.033512545)
(-0.00065217839 0.35582591 0.060214817)
(0.015297174 0.28315062 0.060603804)
(0.016294504 0.24665828 0.053593538)
(0.018242208 0.23214334 0.042768057)
(0.019276042 0.22838839 0.031381833)
(0.019397983 0.22940086 0.020248831)
(0.018882831 0.23251121 0.0094689063)
(0.017925796 0.23663567 -0.0010167876)
(0.016649402 0.2412782 -0.011241063)
(0.015138658 0.24607354 -0.021140128)
(0.013459863 0.25060349 -0.030580078)
(0.011674872 0.25435626 -0.039389484)
(0.0098454651 0.2567477 -0.047395426)
(0.0080342942 0.25717966 -0.05444268)
(0.0063029402 0.25512679 -0.060405181)
(0.0047058571 0.25023383 -0.06518896)
(0.0032856907 0.24239147 -0.068734236)
(0.0020853029 0.23176096 -0.071016347)
(0.0011469496 0.21873937 -0.072051474)
(0.00034313046 0.20388018 -0.071877573)
(-0.00021014755 0.1877972 -0.070580083)
(-0.00054624187 0.17108181 -0.068304399)
(-0.00075729008 0.15424603 -0.065188157)
(-0.00084798298 0.13769572 -0.0613787)
(-0.00084968331 0.12172703 -0.057022558)
(-0.0007914418 0.10653719 -0.052258058)
(-0.00069659045 0.092242214 -0.04721052)
(-0.00058327491 0.078896039 -0.041989688)
(-0.00046519736 0.066507965 -0.036688901)
(-0.00035220427 0.055057082 -0.031385508)
(-0.00025089246 0.044503371 -0.026142055)
(-0.00016524709 0.034795838 -0.021007883)
(-9.7280319e-05 0.025878196 -0.016020875)
(-4.774557e-05 0.017692674 -0.011209178)
(-1.6486212e-05 0.010182455 -0.0065927643)
(-1.4136898e-06 0.003293144 -0.0021849045)
(0.019575315 0.47374149 0.029031316)
(0.0012281568 0.37551886 0.053922954)
(0.019871041 0.30636232 0.055581559)
(0.024304986 0.26719649 0.049577986)
(0.028281593 0.24818334 0.040023822)
(0.031101623 0.24046799 0.029732495)
(0.032621886 0.23870037 0.019574092)
(0.033130305 0.24009438 0.009682857)
(0.032858782 0.24325371 3.2337085e-05)
(0.031973911 0.24742642 -0.0093816142)
(0.030580698 0.25207608 -0.018483103)
(0.028760095 0.25673631 -0.027144793)
(0.026599109 0.26093248 -0.035217793)
(0.024190177 0.26414777 -0.042561713)
(0.021627681 0.265818 -0.049061455)
(0.019004642 0.26536734 -0.054629956)
(0.016408715 0.26228998 -0.05920295)
(0.013918281 0.25625471 -0.062733389)
(0.011597766 0.24718823 -0.065190075)
(0.0094913131 0.23529932 -0.066564269)
(0.0076522459 0.22103638 -0.066894542)
(0.0060436494 0.2049974 -0.066238891)
(0.0046994235 0.18782754 -0.064647709)
(0.0035917708 0.17013529 -0.062214604)
(0.0026968687 0.15243776 -0.059054538)
(0.0019876889 0.13513691 -0.055289993)
(0.0014359486 0.11851934 -0.051043469)
(0.0010144266 0.10277009 -0.046431961)
(0.00069836357 0.087992419 -0.041563038)
(0.00046609588 0.074228176 -0.036532472)
(0.00029922818 0.061475921 -0.031423197)
(0.0001825236 0.049705534 -0.026305276)
(0.00010362687 0.038869314 -0.021236531)
(5.2714609e-05 0.028909966 -0.016263587)
(2.2195105e-05 0.0197661 -0.011423091)
(6.2348591e-06 0.011375844 -0.0067429601)
(2.1160041e-07 0.003679104 -0.0022436564)
(0.020175256 0.48202844 0.023890947)
(0.0029480232 0.39775021 0.045309561)
(0.024985702 0.33511034 0.047459279)
(0.033519233 0.29617969 0.042681408)
(0.04029729 0.27448863 0.034654008)
(0.045431843 0.26352988 0.025792059)
(0.048738237 0.2588974 0.016971415)
(0.050484632 0.25797508 0.0083658858)
(0.050957678 0.25924836 -1.5691599e-05)
(0.050397959 0.26182858 -0.0081322702)
(0.04895742 0.26506512 -0.015911028)
(0.046775238 0.26848229 -0.023245715)
(0.043997454 0.27167919 -0.030022555)
(0.040773038 0.27425941 -0.036144176)
(0.037246566 0.27577316 -0.041541408)
(0.033551873 0.27569368 -0.046171584)
(0.029808183 0.2734574 -0.05000954)
(0.02612197 0.26856642 -0.053042003)
(0.022582342 0.26071196 -0.055254059)
(0.019261605 0.24986637 -0.056636956)
(0.016211512 0.23629757 -0.057191765)
(0.013462649 0.22050762 -0.056934246)
(0.011028207 0.20313114 -0.055899957)
(0.0089076219 0.18482886 -0.054142254)
(0.007089077 0.16620473 -0.051732281)
(0.0055525544 0.1477574 -0.04875425)
(0.0042728974 0.12986301 -0.045299666)
(0.0032224458 0.11278038 -0.041461865)
(0.002373044 0.096668247 -0.037331536)
(0.0016974385 0.081606885 -0.032993416)
(0.0011701727 0.067619137 -0.028524178)
(0.00076807893 0.054688411 -0.023991298)
(0.00047047975 0.042772859 -0.019452709)
(0.00025932607 0.031815897 -0.01495701)
(0.00011939773 0.021753624 -0.010544011)
(3.8267826e-05 0.012519807 -0.0062454796)
(2.5654661e-06 0.0040490797 -0.0020860332)
(0.021109631 0.4911465 0.017741814)
(0.0062812765 0.42394697 0.033970136)
(0.031926605 0.371695 0.035611187)
(0.045263346 0.33640016 0.032119066)
(0.055411249 0.3141827 0.02599586)
(0.063109524 0.30073884 0.019090149)
(0.068233678 0.2928902 0.012198716)
(0.071050995 0.28857386 0.0055109768)
(0.071968719 0.28649354 -0.00092864528)
(0.071336622 0.28581729 -0.0070623177)
(0.069405539 0.2859491 -0.012845391)
(0.066424039 0.28648443 -0.01821337)
(0.062630955 0.28711852 -0.023102346)
(0.058250893 0.28757232 -0.027462808)
(0.053488417 0.28751491 -0.031268473)
(0.048518028 0.28649776 -0.034502551)
(0.04349142 0.28395623 -0.037169897)
(0.03853281 0.27928842 -0.03928687)
(0.033742738 0.27199098 -0.040858495)
(0.029201136 0.26180091 -0.041884452)
(0.024968259 0.2487707 -0.042360933)
(0.021085864 0.23325295 -0.042287201)
(0.017578698 0.2158133 -0.041671523)
(0.014456371 0.19711406 -0.040535142)
(0.011715727 0.17780825 -0.038913193)
(0.009343453 0.15846629 -0.03685303)
(0.0073186824 0.13953952 -0.034411025)
(0.0056154145 0.12135345 -0.031648811)
(0.0042046113 0.10411965 -0.028629694)
(0.0030559237 0.087956589 -0.025415651)
(0.0021390261 0.072912298 -0.022065062)
(0.0014245686 0.05898503 -0.018631193)
(0.00088482588 0.046140159 -0.01516131)
(0.00049432649 0.034323085 -0.011696324)
(0.00023080953 0.02346852 -0.0082707964)
(7.5227085e-05 0.013506851 -0.0049131768)
(5.3928116e-06 0.0043683044 -0.0016462804)
(0.022315936 0.49959189 0.0098174288)
(0.011008164 0.449964 0.018783274)
(0.040082896 0.40981049 0.019380502)
(0.057994971 0.38011126 0.017226896)
(0.071231137 0.35874669 0.013569618)
(0.080998499 0.34333497 0.00945334)
(0.087357008 0.33205602 0.0053946427)
(0.090674958 0.32366922 0.0015462681)
(0.091514879 0.31732374 -0.0020559102)
(0.090339979 0.31242715 -0.0054071475)
(0.087534423 0.3085713 -0.0084897328)
(0.083469459 0.3054662 -0.011275223)
(0.078477095 0.30288776 -0.013755835)
(0.072852907 0.30062367 -0.015923994)
(0.066848206 0.29840331 -0.01777839)
(0.060670331 0.2958255 -0.019326747)
(0.05448694 0.29232835 -0.020585415)
(0.048429326 0.28724343 -0.021569278)
(0.042598259 0.27993349 -0.022288472)
(0.037070486 0.26995792 -0.022746695)
(0.031903269 0.25718995 -0.02294246)
(0.027137298 0.24183961 -0.022872543)
(0.022798536 0.22438679 -0.022536044)
(0.018899657 0.20546481 -0.021937567)
(0.01544152 0.18574096 -0.021088819)
(0.012414826 0.16582505 -0.020008616)
(0.0098019488 0.14621687 -0.018721742)
(0.0075788219 0.12728849 -0.017257185)
(0.0057167919 0.10929028 -0.01564622)
(0.004184324 0.092369828 -0.013920653)
(0.0029484832 0.076595011 -0.012111376)
(0.0019761251 0.061976218 -0.010247307)
(0.0012348261 0.048485117 -0.0083546799)
(0.00069391305 0.036069289 -0.006456648)
(0.00032591321 0.024662934 -0.0045731232)
(0.00010709033 0.014194309 -0.0027207719)
(7.8754267e-06 0.0045906364 -0.00091319224)
(0.022976836 0.50360186 0.00013446877)
(0.013717175 0.46274117 -4.8573721e-05)
(0.04440597 0.42869444 -0.00066322059)
(0.06437348 0.40183087 -0.0013602915)
(0.078899137 0.38080391 -0.0019912677)
(0.089398709 0.36419969 -0.0024866322)
(0.096102753 0.35094153 -0.0028276214)
(0.099451238 0.34024958 -0.0030148082)
(0.1000382 0.33155052 -0.0030704749)
(0.098425115 0.32441639 -0.003026641)
(0.09511383 0.31852161 -0.002882166)
(0.090498824 0.31361561 -0.0026842512)
(0.084920506 0.30948907 -0.0024469986)
(0.078713135 0.30593736 -0.0021846446)
(0.072150146 0.30269468 -0.0019127522)
(0.065447623 0.29936241 -0.0016441539)
(0.058775521 0.29537155 -0.0013882761)
(0.052264523 0.29002703 -0.0011511678)
(0.046013013 0.28264139 -0.00093603694)
(0.040094326 0.27270648 -0.00074402861)
(0.034562436 0.26002462 -0.00057487191)
(0.029455612 0.24474617 -0.0004274743)
(0.024798547 0.22731164 -0.00030040515)
(0.020603723 0.20833689 -0.00019221145)
(0.016872576 0.18848944 -0.00010156673)
(0.013596756 0.16839058 -2.7294819e-05)
(0.010759588 0.14855653 3.1673994e-05)
(0.0083376712 0.12937616 7.6366845e-05)
(0.0063025621 0.11111441 0.00010782244)
(0.0046224054 0.093930093 0.00012712229)
(0.003263427 0.077898973 0.00013539861)
(0.0021911828 0.063036415 0.00013382411)
(0.0013715851 0.049316818 0.0001235907)
(0.00077205801 0.036688878 0.00010588386)
(0.00036328212 0.025086834 8.1856479e-05)
(0.00011960052 0.014438316 5.2610642e-05)
(8.8882267e-06 0.0046695549 1.9157018e-05)
(0.022437308 0.50065904 -0.0096569375)
(0.01141366 0.45275552 -0.01906512)
(0.040608724 0.41305538 -0.020820459)
(0.058580235 0.3828259 -0.019979825)
(0.071729674 0.36047193 -0.017499333)
(0.08133088 0.34399125 -0.014303971)
(0.087508088 0.33176833 -0.010885829)
(0.090653588 0.3226369 -0.007412748)
(0.091320594 0.31576422 -0.003941507)
(0.090029637 0.31054112 -0.00051258296)
(0.087140692 0.30652852 0.002807072)
(0.083003547 0.30340499 0.0059525281)
(0.077987807 0.30090417 0.008882031)
(0.07237149 0.29877836 0.011552864)
(0.066389383 0.29672732 0.013932441)
(0.060241916 0.29432716 0.01600365)
(0.054092724 0.29100082 0.01776179)
(0.048071014 0.28607211 0.019210734)
(0.042276196 0.27890193 0.02035353)
(0.036783813 0.26905109 0.021190881)
(0.031650413 0.25639536 0.021721324)
(0.026916333 0.2411469 0.021943472)
(0.022607371 0.22378688 0.021859087)
(0.018736127 0.2049492 0.021475612)
(0.015303425 0.18530127 0.02080744)
(0.012299948 0.16545302 0.019875842)
(0.0097080509 0.14590455 0.018707877)
(0.0075036595 0.12702837 0.017334721)
(0.0056581203 0.10907555 0.015789841)
(0.004139917 0.092194432 0.014107274)
(0.0029161575 0.076453719 0.0123202)
(0.0019537678 0.061864583 0.010459851)
(0.0012204253 0.048399415 0.0085547751)
(0.00068557751 0.036006432 0.0066303868)
(0.0003218708 0.02462038 0.0047087693)
(0.00010571678 0.014169967 0.0028086309)
(7.7581061e-06 0.004582785 0.00094541604)
(0.021171915 0.49264906 -0.017739694)
(0.0065000578 0.42754395 -0.034518409)
(0.032272855 0.37549006 -0.037202819)
(0.045674591 0.33911371 -0.034888101)
(0.055754048 0.31534775 -0.029792919)
(0.063294767 0.30038807 -0.02368619)
(0.06821889 0.29127562 -0.017363855)
(0.070842868 0.2860105 -0.011041633)
(0.071586297 0.28327601 -0.0047760732)
(0.070766628 0.28218921 0.001376105)
(0.068701024 0.28216824 0.0073151706)
(0.065655089 0.28274201 0.012973338)
(0.061847446 0.28354995 0.018249439)
(0.057483255 0.28426203 0.023057358)
(0.052754668 0.28450323 0.027339081)
(0.047832907 0.28379493 0.031062645)
(0.042860568 0.28154955 0.034206865)
(0.037959227 0.27715324 0.036767319)
(0.033227364 0.27010288 0.038746662)
(0.02874282 0.26013782 0.040140184)
(0.024564669 0.24731362 0.040942911)
(0.020733974 0.231985 0.041155174)
(0.017275111 0.21471841 0.040787515)
(0.014197503 0.19617617 0.039863901)
(0.011497895 0.17701115 0.038422223)
(0.0091629172 0.15779393 0.036512489)
(0.0071716814 0.13897653 0.034193599)
(0.0054981909 0.12088553 0.031529627)
(0.0041134441 0.10373397 0.028586266)
(0.0029871642 0.087641906 0.025427832)
(0.0020891386 0.072658982 0.022114993)
(0.0013901704 0.058784967 0.018703228)
(0.00086273039 0.045986602 0.015241914)
(0.00048156802 0.03421047 0.011773952)
(0.00022464171 0.023392278 0.0083357409)
(7.3131866e-05 0.013463237 0.0049574088)
(5.2183095e-06 0.0043542372 0.0016632397)
(0.020081582 0.4835043 -0.023893914)
(0.0028213968 0.40095628 -0.045923762)
(0.024960491 0.3379385 -0.049115976)
(0.033557871 0.29744671 -0.04545381)
(0.040358229 0.27396784 -0.03835879)
(0.04544237 0.26147327 -0.030206249)
(0.048639034 0.25568266 -0.021893377)
(0.050247145 0.25395838 -0.01362379)
(0.050589412 0.25472732 -0.0054317414)
(0.049891799 0.25702464 0.0026448451)
(0.048343245 0.26019872 0.010531467)
(0.046097276 0.26372615 0.018094073)
(0.043292359 0.26715935 0.025191923)
(0.040068191 0.27005641 0.031701121)
(0.036561904 0.27192731 0.03752564)
(0.032901829 0.27221492 0.042598529)
(0.029203675 0.27033642 0.046875466)
(0.025568756 0.26578474 0.050325421)
(0.022082928 0.25824878 0.052924433)
(0.018816084 0.24770103 0.054659397)
(0.015818369 0.23440947 0.055530036)
(0.013119518 0.21887542 0.055551587)
(0.010732309 0.20173227 0.054760851)
(0.0086557545 0.1836397 0.053214094)
(0.0068777026 0.16520138 0.050985335)
(0.0053779348 0.14691655 0.04816157)
(0.004131213 0.12916284 0.044836978)
(0.0031098738 0.11220113 0.041107471)
(0.0022858146 0.09619257 0.037066197)
(0.0016318851 0.081219886 0.032800223)
(0.0011227759 0.067308277 0.028388403)
(0.00073550601 0.054443284 0.023900228)
(0.00044962304 0.042584916 0.019395468)
(0.00024731958 0.031678161 0.014924372)
(0.00011361368 0.021660415 0.01052822)
(3.6309884e-05 0.0124665 0.0062400842)
(2.4065655e-06 0.0040318878 0.0020856979)
(0.019358727 0.47519964 -0.028891991)
(0.00090860328 0.37850023 -0.054482119)
(0.01978803 0.30845059 -0.057325135)
(0.024309179 0.26723354 -0.052428209)
(0.028394446 0.24620374 -0.043756668)
(0.031259237 0.23698288 -0.034104516)
(0.032754458 0.23423103 -0.024387083)
(0.033190083 0.2350346 -0.014782002)
(0.032832868 0.23787924 -0.0052895379)
(0.031851645 0.24193124 0.0040813514)
(0.030365295 0.24662246 0.013259045)
(0.028470856 0.25145498 0.022103548)
(0.026258874 0.25592323 0.030448645)
(0.02381986 0.25947867 0.038132326)
(0.021245004 0.26152804 0.045015352)
(0.018623905 0.26147275 0.050987325)
(0.016041189 0.25879173 0.055964162)
(0.013572519 0.25314447 0.059883802)
(0.011280075 0.24445161 0.062705682)
(0.0092045028 0.232917 0.064416953)
(0.0073925102 0.21898432 0.06504963)
(0.0058215418 0.20324738 0.064660532)
(0.0045068517 0.18634855 0.063305451)
(0.0034277414 0.16889511 0.061080125)
(0.0025593407 0.15140468 0.058101574)
(0.0018741987 0.13428118 0.054494642)
(0.0013439397 0.11781411 0.050384296)
(0.00094137149 0.10219186 0.045889975)
(0.00064178675 0.087521163 0.041121595)
(0.00042359812 0.073847176 0.036177128)
(0.0002685132 0.061171428 0.031141528)
(0.00016142229 0.049466379 0.026086669)
(9.0120038e-05 0.038686497 0.02107197)
(4.4942725e-05 0.028776273 0.016145439)
(1.8450951e-05 0.019675757 0.01134491)
(4.9713432e-06 0.011324219 0.0066993343)
(1.0867285e-07 0.0036624611 0.0022300425)
(0.018660373 0.46754881 -0.033168055)
(-0.0009568291 0.35897338 -0.060820993)
(0.015423453 0.28488412 -0.062552774)
(0.016557827 0.24576837 -0.056600081)
(0.018673854 0.22897687 -0.046626994)
(0.01982344 0.22374546 -0.03581166)
(0.019980363 0.22394736 -0.025045182)
(0.019442206 0.22667462 -0.014489954)
(0.018426648 0.23066607 -0.0041172917)
(0.017071239 0.2353384 0.0060886134)
(0.015472399 0.24027828 0.016066513)
(0.013708502 0.24504669 0.025677693)
(0.01184815 0.24911497 0.034738871)
(0.0099560973 0.25188084 0.043058208)
(0.0080957331 0.25272763 0.050459734)
(0.0063276675 0.25111297 0.056796043)
(0.0047048449 0.24666672 0.06195434)
(0.00326881 0.23926624 0.065859595)
(0.0020654299 0.22906123 0.068479511)
(0.0011039002 0.21643866 0.069825678)
(0.00031437572 0.20194372 0.069940109)
(-0.00023986384 0.18618506 0.068905869)
(-0.00057768259 0.16975192 0.066864796)
(-0.00078534219 0.15315702 0.063956118)
(-0.00087317568 0.13680906 0.060329043)
(-0.00087197195 0.1210083 0.056132393)
(-0.00081067951 0.10595667 0.051506959)
(-0.00071272744 0.09177492 0.046580548)
(-0.00059639539 0.078521426 0.041465297)
(-0.00047548989 0.066209429 0.036256774)
(-0.00035993582 0.05482139 0.031034343)
(-0.00025638944 0.044320099 0.025862318)
(-0.00016887409 0.034656838 0.020791562)
(-9.9423955e-05 0.02577714 0.01586124)
(-4.880679e-05 0.017624661 0.011100561)
(-1.6850803e-05 0.010143686 0.0065303981)
(-1.4464127e-06 0.0032806593 0.0021647447)
(0.017990478 0.46014106 -0.036629104)
(-0.0035276918 0.34107001 -0.064844351)
(0.011045971 0.26488899 -0.065507318)
(0.0092305317 0.22971121 -0.058643487)
(0.0099933827 0.21804449 -0.047575699)
(0.0098381794 0.21697795 -0.035861131)
(0.0090296402 0.21991823 -0.024302161)
(0.0078053462 0.22415582 -0.013053883)
(0.0063299571 0.22875435 -0.002077039)
(0.0047161848 0.23337705 0.0086510578)
(0.0030544196 0.23775568 0.019069817)
(0.001419265 0.24151223 0.02903571)
(-0.0001263061 0.24413828 0.038352177)
(-0.0015281665 0.24506318 0.046806)
(-0.0027413523 0.24375905 0.054197543)
(-0.0037297291 0.23984723 0.060361579)
(-0.004469208 0.23317655 0.065180617)
(-0.004952189 0.22385163 0.068593071)
(-0.0051945088 0.21220505 0.070594543)
(-0.0051893914 0.19872698 0.071231149)
(-0.0050141063 0.18397859 0.070611687)
(-0.0046858116 0.1685132 0.068875959)
(-0.0042559504 0.15282104 0.066185217)
(-0.003766455 0.13729941 0.06271653)
(-0.0032502142 0.12224528 0.058638737)
(-0.0027358549 0.10786269 0.054109195)
(-0.0022453592 0.094277684 0.049268868)
(-0.0017941159 0.081555512 0.044239538)
(-0.0013918197 0.069716768 0.039123196)
(-0.0010435485 0.058751068 0.034002918)
(-0.00075079695 0.048627801 0.028944617)
(-0.00051240308 0.03930413 0.023999195)
(-0.00032534202 0.030730702 0.019204796)
(-0.0001854757 0.022855562 0.014588955)
(-8.8306537e-05 0.015626716 0.01017055)
(-2.9508381e-05 0.0089937467 0.0059614952)
(-2.2778922e-06 0.0029087505 0.001968168)
(0.017645018 0.45284582 -0.039137507)
(-0.0061972048 0.32445672 -0.066225357)
(0.00687287 0.24751329 -0.066857957)
(0.0020216312 0.21710266 -0.058755014)
(0.0017949395 0.2105171 -0.046971906)
(0.00055937295 0.21321236 -0.034648311)
(-0.00094712894 0.21841173 -0.02254729)
(-0.0026145333 0.22370833 -0.010827821)
(-0.0043310171 0.22846964 0.00052556137)
(-0.0060126243 0.23254827 0.011516439)
(-0.0075748265 0.23578632 0.022068509)
(-0.0089444562 0.23787366 0.032024575)
(-0.010063256 0.23838208 0.041176195)
(-0.010888665 0.23686985 0.049301399)
(-0.01139522 0.23299713 0.056199579)
(-0.011575868 0.22661373 0.061717552)
(-0.011444013 0.21779618 0.065765644)
(-0.011038385 0.20683006 0.06832466)
(-0.010386264 0.19415056 0.069443301)
(-0.0095589161 0.18026551 0.06923835)
(-0.0086210759 0.16568303 0.067852674)
(-0.0076159858 0.1508587 0.065467361)
(-0.0065980847 0.13616622 0.062270924)
(-0.0056076274 0.1218885 0.058447226)
(-0.0046745491 0.10822282 0.054165476)
(-0.0038195326 0.095293563 0.049575075)
(-0.0030550982 0.083167616 0.044803179)
(-0.0023870061 0.071869132 0.039954561)
(-0.0018157759 0.061392253 0.035113016)
(-0.0013381139 0.051711219 0.030343655)
(-0.00094813505 0.042787983 0.025695556)
(-0.00063834076 0.034577693 0.021204436)
(-0.00040037755 0.027032495 0.016895134)
(-0.00022569823 0.020104058 0.012783805)
(-0.00010632141 0.013745196 0.0088797884)
(-3.503167e-05 0.0079108282 0.0051871709)
(-2.6123639e-06 0.0025585164 0.0017060273)
(0.017419386 0.44555939 -0.040529744)
(-0.0090834099 0.30897425 -0.06525459)
(0.0023207874 0.23220495 -0.066659392)
(-0.0050629064 0.20642886 -0.057016178)
(-0.0063611421 0.20427822 -0.045021872)
(-0.0084040652 0.209955 -0.032431215)
(-0.010396977 0.21675055 -0.02006356)
(-0.012294271 0.22258628 -0.0081227017)
(-0.014040162 0.22706276 0.0033533176)
(-0.015570666 0.23016552 0.014326584)
(-0.016815325 0.23182772 0.024691195)
(-0.017713414 0.23184135 0.034272381)
(-0.018222953 0.22992757 0.042857996)
(-0.018325235 0.22584743 0.050238445)
(-0.01802706 0.21949595 0.056242621)
(-0.017360272 0.21095039 0.060763235)
(-0.01637851 0.20046583 0.063769172)
(-0.015151019 0.18842984 0.065305564)
(-0.013751124 0.17529743 0.06548467)
(-0.012258734 0.16152759 0.064463435)
(-0.010738059 0.14753512 0.062429077)
(-0.0092479083 0.13366308 0.059576601)
(-0.0078331232 0.12017347 0.056096924)
(-0.0065250667 0.10725078 0.052165105)
(-0.0053432622 0.095012859 0.047934202)
(-0.0042973601 0.083524383 0.043532913)
(-0.0033892526 0.072810207 0.039065791)
(-0.0026151113 0.062866928 0.034615103)
(-0.0019671865 0.0536722 0.030243556)
(-0.001435285 0.045191797 0.025997324)
(-0.0010079183 0.037384762 0.021909033)
(-0.00067313807 0.030206996 0.018000471)
(-0.00041912267 0.023613671 0.01428494)
(-0.00023468292 0.017560796 0.010769231)
(-0.00010980753 0.012006175 0.0074552197)
(-3.5933346e-05 0.0069099387 0.0043411691)
(-2.6073944e-06 0.0022348114 0.0014227128)
(0.016819921 0.43827337 -0.040578592)
(-0.012473633 0.29426714 -0.062429344)
(-0.0034676035 0.2184046 -0.063849218)
(-0.011806331 0.19642799 -0.053805058)
(-0.014544552 0.19768436 -0.041898622)
(-0.01718189 0.2053279 -0.029399477)
(-0.019469068 0.21293791 -0.017087894)
(-0.021393263 0.21874119 -0.0052382824)
(-0.022938492 0.22249574 0.0060443997)
(-0.024072376 0.22427862 0.016667537)
(-0.024755044 0.22411921 0.026490889)
(-0.024956614 0.22195395 0.035330045)
(-0.024670274 0.21770166 0.042988824)
(-0.023917709 0.21135115 0.049297501)
(-0.022749018 0.20301668 0.054143913)
(-0.021237783 0.19294733 0.05749101)
(-0.019472715 0.18149749 0.059379568)
(-0.017547753 0.16907638 0.059918469)
(-0.015552741 0.15609566 0.059266907)
(-0.013566978 0.14292833 0.057612694)
(-0.011654378 0.12988428 0.055153423)
(-0.0098625674 0.11720149 0.052081036)
(-0.0082231599 0.10504862 0.048570728)
(-0.0067538327 0.093534243 0.044774659)
(-0.0054609839 0.082718657 0.040819624)
(-0.00434248 0.072625704 0.036807487)
(-0.0033901786 0.063253159 0.032817323)
(-0.0025920602 0.054581161 0.028908416)
(-0.0019339166 0.046578674 0.025123523)
(-0.0014006203 0.039208212 0.021492024)
(-0.00097702412 0.032429171 0.018032761)
(-0.00064855256 0.026200097 0.014756459)
(-0.00040157026 0.020480151 0.011667727)
(-0.00022367702 0.015230038 0.0087666619)
(-0.00010414354 0.010412528 0.0060501203)
(-3.3831685e-05 0.005992726 0.0035126909)
(-2.4164385e-06 0.001938168 0.0011474268)
(0.016042473 0.4311533 -0.039154848)
(-0.015315954 0.28020052 -0.057769567)
(-0.0095840806 0.20547276 -0.058835997)
(-0.018538019 0.18627577 -0.049287444)
(-0.022523193 0.18950418 -0.037784542)
(-0.025679281 0.1978816 -0.025761488)
(-0.028079496 0.20543317 -0.013895606)
(-0.029808289 0.21063031 -0.0025164741)
(-0.030906105 0.21330565 0.008194393)
(-0.031391435 0.21359668 0.018091214)
(-0.031278777 0.21163653 0.027010489)
(-0.030591446 0.2075255 0.034778211)
(-0.029376244 0.20138234 0.041239104)
(-0.027706353 0.19339285 0.046286976)
(-0.025676943 0.18382774 0.049884773)
(-0.023396118 0.1730279 0.052070066)
(-0.020974125 0.16136948 0.052947178)
(-0.018513431 0.1492243 0.052670349)
(-0.016101482 0.13692734 0.051423208)
(-0.013806805 0.12475683 0.049399102)
(-0.011678162 0.11292703 0.046785382)
(-0.0097459234 0.10159043 0.043752489)
(-0.0080248459 0.090845808 0.040447773)
(-0.0065173979 0.080748495 0.036993254)
(-0.0052170648 0.071320819 0.033486178)
(-0.0041112793 0.062561333 0.030001271)
(-0.0031838214 0.05445237 0.026593846)
(-0.0024166627 0.046965886 0.023303136)
(-0.001791309 0.040067752 0.02015549)
(-0.0012897183 0.033720817 0.017167207)
(-0.00089488555 0.027887 0.014346956)
(-0.00059116781 0.022528664 0.011697739)
(-0.00036443127 0.017609489 0.0092184617)
(-0.00020217728 0.01309498 0.0069051481)
(-9.373704e-05 0.0089527377 0.0047518742)
(-3.0351774e-05 0.0051525584 0.0027514719)
(-2.1268722e-06 0.0016664416 0.00089603057)
(0.015318907 0.42404457 -0.036025923)
(-0.01818993 0.2667613 -0.051569008)
(-0.015533741 0.19310475 -0.051854681)
(-0.02513637 0.175422 -0.043341287)
(-0.030104805 0.17894324 -0.032810007)
(-0.033652517 0.18667313 -0.021737563)
(-0.035978901 0.19322719 -0.010782583)
(-0.037287861 0.19726486 -0.00032642903)
(-0.037704316 0.19862274 0.009392964)
(-0.037324644 0.19746419 0.01818293)
(-0.036243983 0.19400439 0.025878625)
(-0.034557525 0.18847938 0.032339294)
(-0.032375445 0.1811576 0.037468577)
(-0.029821864 0.17234982 0.041232092)
(-0.027027291 0.16240152 0.04366387)
(-0.024118564 0.15167049 0.044860453)
(-0.021209443 0.14049946 0.044965893)
(-0.018393932 0.12919278 0.044152757)
(-0.015743118 0.1180019 0.042603472)
(-0.013305212 0.10712046 0.040495058)
(-0.011107883 0.09668686 0.037988499)
(-0.0091618438 0.086791378 0.035222736)
(-0.0074648622 0.077485303 0.032312482)
(-0.0060055647 0.068790102 0.029348763)
(-0.0047667144 0.060705615 0.026401116)
(-0.0037278192 0.053216789 0.023520616)
(-0.0028670813 0.046298922 0.020743116)
(-0.0021627705 0.039921568 0.01809234)
(-0.0015941256 0.034051319 0.015582627)
(-0.0011418976 0.028653739 0.013221243)
(-0.00078863005 0.023694648 0.011010266)
(-0.00051874493 0.019140944 0.0089480725)
(-0.00031851421 0.014961096 0.0070304845)
(-0.00017602813 0.011125411 0.0052516386)
(-8.132731e-05 0.0076061517 0.0036046308)
(-2.6172198e-05 0.004377556 0.0020820131)
(-1.8150913e-06 0.0014157914 0.0006761096)
(0.014560689 0.41784046 -0.030917866)
(-0.021273965 0.25496178 -0.043692186)
(-0.02109442 0.18151327 -0.043375078)
(-0.031305989 0.16387572 -0.036188763)
(-0.036997068 0.16595366 -0.027152994)
(-0.040769016 0.17160158 -0.017555809)
(-0.042851013 0.17616474 -0.0080286331)
(-0.043551582 0.17848072 0.001019627)
(-0.04311662 0.17835771 0.0093178632)
(-0.041753766 0.17593321 0.016662588)
(-0.039643436 0.17144668 0.022906969)
(-0.036962096 0.16519438 0.027955435)
(-0.033881723 0.15750603 0.031770953)
(-0.030566124 0.14872776 0.034378778)
(-0.02716425 0.13920248 0.035861354)
(-0.023803603 0.12924952 0.036345402)
(-0.020585442 0.11914803 0.035984763)
(-0.01758307 0.10912724 0.034943512)
(-0.0148433 0.09936375 0.033381818)
(-0.012390107 0.089984606 0.031445985)
(-0.010229314 0.081073801 0.02926263)
(-0.0083533188 0.072680357 0.026936437)
(-0.0067454008 0.064826402 0.024550509)
(-0.0053833205 0.057514392 0.022168306)
(-0.0042421071 0.050733083 0.019836381)
(-0.0032960833 0.044462212 0.017587354)
(-0.0025202422 0.038675998 0.015442755)
(-0.001891111 0.033345676 0.013415555)
(-0.0013872348 0.028441265 0.011512296)
(-0.00098938744 0.023932763 0.0097348281)
(-0.00068060061 0.019790924 0.0080816773)
(-0.00044606718 0.015987744 0.006549098)
(-0.00027297901 0.012496727 0.0051318644)
(-0.00015040495 0.0092930308 0.0038238572)
(-6.9259405e-05 0.0063535015 0.0026184879)
(-2.2243821e-05 0.0036566601 0.0015090248)
(-1.5136312e-06 0.0011826457 0.00048878183)
(0.013867029 0.41300557 -0.024134113)
(-0.023856805 0.24552428 -0.034219579)
(-0.025740319 0.17130074 -0.033663448)
(-0.036566935 0.15238194 -0.028091174)
(-0.042784733 0.15158771 -0.021019521)
(-0.046633596 0.15392641 -0.01342328)
(-0.048359799 0.15557206 -0.0058479078)
(-0.048386224 0.15559962 0.0013226014)
(-0.04707205 0.15381024 0.0078200481)
(-0.044738381 0.15028012 0.013465656)
(-0.041666713 0.14520505 0.018143522)
(-0.038108776 0.13884817 0.021799608)
(-0.0342855 0.13150255 0.024438227)
(-0.030384027 0.12346402 0.026116039)
(-0.02655531 0.11500986 0.026931072)
(-0.022913447 0.10638345 0.027010551)
(-0.019537391 0.097785677 0.026489757)
(-0.016474747 0.089372845 0.025503269)
(-0.013747004 0.081259132 0.024174435)
(-0.011355525 0.073521996 0.022612702)
(-0.0092873491 0.066208789 0.020909189)
(-0.0075202247 0.059343477 0.019136609)
(-0.0060266217 0.0529327 0.017350817)
(-0.0047767872 0.046970808 0.01559306)
(-0.0037408723 0.041443844 0.013892477)
(-0.0028903226 0.03633255 0.012268526)
(-0.002198709 0.031614568 0.01073317)
(-0.0016421519 0.027265998 0.0092927297)
(-0.001199462 0.023262474 0.0079493983)
(-0.00085210112 0.019579889 0.00670244)
(-0.00058402721 0.016194868 0.005549113)
(-0.00038147274 0.013085055 0.0044853669)
(-0.0002327012 0.010229287 0.0035063567)
(-0.00012780679 0.0076076732 0.0026068157)
(-5.8688887e-05 0.0052016273 0.0017813213)
(-1.8737532e-05 0.0029938507 0.0010244858)
(-1.2637062e-06 0.00096829831 0.00033106569)
(0.013597714 0.40976543 -0.016148231)
(-0.025707007 0.23891547 -0.023398122)
(-0.029157261 0.16332511 -0.022938484)
(-0.040508142 0.14246502 -0.019287147)
(-0.047078963 0.13822309 -0.01459445)
(-0.050907379 0.13674164 -0.0094766246)
(-0.052263933 0.13500758 -0.0043251511)
(-0.051671812 0.13240956 0.00056081655)
(-0.049595488 0.12880855 0.0049713296)
(-0.046457123 0.12423388 0.0087631845)
(-0.042622134 0.11880505 0.01185356)
(-0.038400609 0.11269042 0.014218087)
(-0.034045326 0.10607776 0.01587466)
(-0.029752022 0.099154152 0.016877826)
(-0.02566526 0.092092706 0.017307482)
(-0.021881113 0.085039193 0.017258991)
(-0.018453389 0.078109751 0.016831198)
(-0.015405785 0.07139268 0.016117929)
(-0.012738558 0.064951102 0.015202228)
(-0.010436726 0.058826617 0.014154265)
(-0.0084730706 0.053042658 0.013031596)
(-0.0068153201 0.047609517 0.01187856)
(-0.0054289792 0.042527819 0.010729078)
(-0.0042797539 0.037791319 0.0096075983)
(-0.0033351472 0.03338906 0.008530861)
(-0.0025653264 0.029307 0.007509581)
(-0.0019435298 0.025529198 0.0065498979)
(-0.0014461643 0.022038667 0.0056545744)
(-0.0010527111 0.018817992 0.0048239497)
(-0.00074551414 0.015849762 0.0040566826)
(-0.00050950893 0.01311688 0.0033503144)
(-0.00033192465 0.010602775 0.0027016886)
(-0.00020198891 0.0082915492 0.0021072556)
(-0.00011070307 0.0061680709 0.0015632917)
(-5.0701162e-05 0.0042180333 0.0010660515)
(-1.6188354e-05 0.0024279808 0.00061188095)
(-1.0861299e-06 0.00078531563 0.00019726999)
(0.013993062 0.40820077 -0.0075649306)
(-0.026690657 0.2354126 -0.011443873)
(-0.03117971 0.15855092 -0.011458104)
(-0.042853889 0.13612032 -0.01001707)
(-0.0496199 0.12916728 -0.0080287553)
(-0.053389568 0.12465193 -0.0057468594)
(-0.054467002 0.12013633 -0.0033625122)
(-0.053440328 0.11531528 -0.001039019)
(-0.050849026 0.11015134 0.001099254)
(-0.047187929 0.10467071 0.0029638874)
(-0.042875579 0.098940854 0.0045008435)
(-0.038258257 0.093046754 0.0056932825)
(-0.033600726 0.087069299 0.0065445085)
(-0.029100924 0.081085029 0.0070799373)
(-0.024892314 0.075173772 0.0073388423)
(-0.021055258 0.06939338 0.0073651254)
(-0.017629016 0.063789481 0.007207791)
(-0.014621513 0.058396913 0.0069128057)
(-0.012019094 0.053240515 0.0065218916)
(-0.0097949092 0.048336547 0.0060685199)
(-0.0079134768 0.043693976 0.005579982)
(-0.0063369215 0.039316681 0.0050772735)
(-0.0050276269 0.035204433 0.0045756383)
(-0.003948798 0.031353377 0.0040866268)
(-0.0030668537 0.027757138 0.0036181111)
(-0.0023516302 0.024407421 0.0031750691)
(-0.0017765145 0.021294496 0.0027602955)
(-0.0013183683 0.018407594 0.0023749852)
(-0.00095730205 0.015735245 0.0020191937)
(-0.00067637081 0.01326556 0.0016921928)
(-0.00046124114 0.010986468 0.0013927395)
(-0.00029985282 0.0088859203 0.0011192755)
(-0.00018210326 0.0069520497 0.00087007145)
(-9.959369e-05 0.0051733042 0.00064333031)
(-4.553944e-05 0.0035385463 0.00043725853)
(-1.4457342e-05 0.0020371269 0.00025013558)
(-9.7081305e-07 0.00065893563 8.0325023e-05)
(0.014280643 0.40791541 0.0011939642)
(-0.02694897 0.23477231 0.0012230277)
(-0.031733527 0.15771283 0.00042456581)
(-0.043499171 0.13497196 -0.000532758)
(-0.050310173 0.12733689 -0.0014221234)
(-0.054042634 0.12193432 -0.0021627753)
(-0.055017496 0.11651172 -0.0027212025)
(-0.053848768 0.11085536 -0.0030959529)
(-0.051095245 0.10500903 -0.0033117703)
(-0.047269748 0.099047718 -0.0033938071)
(-0.042810116 0.093048313 -0.0033713985)
(-0.038074416 0.087074248 -0.0032762203)
(-0.033330317 0.081177777 -0.003127368)
(-0.028775649 0.075405089 -0.0029455723)
(-0.02454021 0.069793412 -0.0027463224)
(-0.020699343 0.06437029 -0.0025410749)
(-0.017286293 0.059155884 -0.0023373344)
(-0.01430353 0.054164524 -0.0021398327)
(-0.011732738 0.049405841 -0.0019513258)
(-0.0095429744 0.044885679 -0.0017732673)
(-0.0076969582 0.040606805 -0.0016061671)
(-0.0061542718 0.036569253 -0.0014498927)
(-0.0048757097 0.032771193 -0.001304004)
(-0.0038246673 0.029209015 -0.0011678875)
(-0.002967079 0.025877235 -0.0010408525)
(-0.0022727929 0.022768974 -0.00092221453)
(-0.0017153739 0.019876182 -0.00081133216)
(-0.0012719415 0.017189857 -0.00070762315)
(-0.00092290633 0.014700271 -0.0006105681)
(-0.00065163861 0.012397187 -0.00051970721)
(-0.00044411598 0.010270068 -0.00043463363)
(-0.00028857347 0.0083082625 -0.00035498572)
(-0.00017517845 0.0065011642 -0.00028043936)
(-9.5783708e-05 0.0048383534 -0.00021070084)
(-4.3765234e-05 0.0033097055 -0.00014550077)
(-1.3930459e-05 0.0019054763 -8.4573707e-05)
(-9.2121763e-07 0.00061636486 -2.7672034e-05)
(0.013870817 0.40866968 0.0098983272)
(-0.02646339 0.23676392 0.013784968)
(-0.030835789 0.16093303 0.012253499)
(-0.042433293 0.13956225 0.0089189279)
(-0.049148187 0.13357645 0.0051648048)
(-0.052905113 0.12985504 0.0014194122)
(-0.053996405 0.12581881 -0.0020659907)
(-0.053008468 0.12114285 -0.0051284704)
(-0.05046817 0.11585247 -0.007690656)
(-0.046855712 0.11005741 -0.009717438)
(-0.042586608 0.10389295 -0.011212018)
(-0.038005108 0.097499169 -0.012211802)
(-0.033381653 0.09100331 -0.012766327)
(-0.028909922 0.084515603 -0.012938872)
(-0.024725875 0.078129042 -0.012799099)
(-0.020910964 0.071915277 -0.012415831)
(-0.017504715 0.065926624 -0.011852487)
(-0.014515353 0.060198901 -0.011164421)
(-0.011929427 0.054754574 -0.010397763)
(-0.0097200736 0.049605754 -0.009589418)
(-0.0078518253 0.044756496 -0.0087679223)
(-0.006286803 0.040205597 -0.0079541595)
(-0.0049874177 0.035947951 -0.0071624899)
(-0.0039169864 0.031975235 -0.0064031472)
(-0.0030420569 0.028277114 -0.0056825564)
(-0.0023326102 0.024841866 -0.0050042636)
(-0.0017621844 0.021656845 -0.0043697253)
(-0.0013077902 0.01870884 -0.0037789259)
(-0.00094967903 0.015984358 -0.0032308457)
(-0.00067103569 0.013469848 -0.0027238104)
(-0.00045764259 0.011151892 -0.002255746)
(-0.00029754127 0.0090173493 -0.0018243615)
(-0.0001807167 0.0070534795 -0.0014272768)
(-9.8844451e-05 0.0052480318 -0.0010621102)
(-4.5203778e-05 0.0035893131 -0.0007265367)
(-1.4351709e-05 0.0020662334 -0.00041832507)
(-9.5966165e-07 0.00066833331 -0.00013537198)
(0.013466249 0.41065414 0.018398545)
(-0.025342336 0.24148354 0.025503575)
(-0.028531164 0.16777926 0.02357945)
(-0.039737544 0.14866114 0.018085921)
(-0.046211033 0.14606434 0.01167513)
(-0.050008759 0.14578447 0.0051503614)
(-0.05138695 0.14467038 -0.0010489191)
(-0.050856939 0.14215839 -0.0066446512)
(-0.048865294 0.13823772 -0.011461004)
(-0.045811539 0.13306447 -0.015409245)
(-0.042054377 0.12686868 -0.0184604)
(-0.037901281 0.11990643 -0.020635558)
(-0.033605415 0.11243126 -0.022000692)
(-0.029364496 0.10467571 -0.022646133)
(-0.025323584 0.096839964 -0.022682047)
(-0.0215799 0.089086141 -0.022225838)
(-0.018190082 0.08153781 -0.02139183)
(-0.015178415 0.074283193 -0.020284145)
(-0.012545099 0.067380422 -0.018992635)
(-0.010273727 0.060863498 -0.017591351)
(-0.0083374917 0.054748029 -0.016138796)
(-0.0067040037 0.049036238 -0.01467894)
(-0.0053387774 0.043721016 -0.01324452)
(-0.004207653 0.038789027 -0.011858423)
(-0.0032783447 0.034223022 -0.010535713)
(-0.0025212758 0.030003494 -0.0092854639)
(-0.0019099628 0.026109844 -0.0081123034)
(-0.0014210955 0.022521172 -0.0070176414)
(-0.0010344292 0.019216813 -0.0060006344)
(-0.00073256399 0.016176683 -0.0050589167)
(-0.0005006682 0.013381507 -0.0041891468)
(-0.00032617841 0.010812955 -0.0033874059)
(-0.00019850373 0.0084537139 -0.0026494822)
(-0.00010880164 0.0062875216 -0.0019710696)
(-4.9836156e-05 0.0042991722 -0.0013479038)
(-1.591469e-05 0.002474497 -0.00077585021)
(-1.0622413e-06 0.00080033386 -0.00025097334)
(0.013946132 0.41429056 0.026191878)
(-0.023362512 0.2491427 0.03604292)
(-0.024901486 0.17731454 0.034084752)
(-0.035566533 0.16048706 0.026731213)
(-0.041662035 0.16150375 0.018014692)
(-0.045472029 0.1650071 0.0090900425)
(-0.047239604 0.16709559 0.00053742036)
(-0.047352417 0.16696797 -0.0072911415)
(-0.046136412 0.16462307 -0.014166881)
(-0.043901137 0.16028085 -0.019958931)
(-0.040919272 0.15425491 -0.024598362)
(-0.037439116 0.14689391 -0.028073763)
(-0.03368257 0.13855167 -0.030428563)
(-0.029839902 0.12956524 -0.031753985)
(-0.026065122 0.12023782 -0.032177213)
(-0.022474464 0.11082674 -0.03184617)
(-0.019147822 0.10153788 -0.030914526)
(-0.01613282 0.092525967 -0.029529458)
(-0.013450544 0.0838994 -0.027823275)
(-0.011101811 0.075727419 -0.025908886)
(-0.0090731401 0.068048152 -0.023878416)
(-0.00734185 0.06087625 -0.021804041)
(-0.0058801621 0.054209509 -0.019740147)
(-0.0046582631 0.048034224 -0.017726048)
(-0.0036464038 0.042329309 -0.015788809)
(-0.0028162493 0.037069334 -0.013945873)
(-0.0021416683 0.032226685 -0.012207358)
(-0.0015991225 0.02777305 -0.01057796)
(-0.0011677792 0.023680406 -0.0090584726)
(-0.00082945081 0.01992164 -0.0076469735)
(-0.0005684279 0.016470931 -0.0063397234)
(-0.00037124863 0.013303952 -0.0051318338)
(-0.00022645092 0.010397956 -0.0040177528)
(-0.00012437162 0.0077317945 -0.002991611)
(-5.7110495e-05 0.0052858825 -0.0020474643)
(-1.8235694e-05 0.003042134 -0.0011794413)
(-1.234663e-06 0.00098388427 -0.00038187)
(0.014701802 0.4193864 0.032684263)
(-0.020736454 0.25930321 0.045223954)
(-0.020168213 0.18852873 0.043559204)
(-0.030255716 0.17306103 0.034657964)
(-0.035842448 0.176793 0.02405959)
(-0.039596883 0.18332461 0.013214765)
(-0.041735942 0.18803338 0.0027758094)
(-0.042534038 0.18995381 -0.0068790846)
(-0.042200687 0.18911163 -0.015526199)
(-0.040928689 0.18577813 -0.023010755)
(-0.038894783 0.18029054 -0.029222561)
(-0.036274693 0.17301049 -0.034099525)
(-0.03324375 0.16431428 -0.037637231)
(-0.029970814 0.154582 -0.039892259)
(-0.026609488 0.14417999 -0.040975874)
(-0.023290244 0.13344142 -0.041039574)
(-0.020115567 0.12265094 -0.040257051)
(-0.017158741 0.11203661 -0.038806855)
(-0.014465793 0.10176918 -0.036858566)
(-0.012059512 0.091967015 -0.034563602)
(-0.0099444035 0.08270423 -0.032050445)
(-0.0081116802 0.074019797 -0.029423422)
(-0.0065437161 0.065926326 -0.026763914)
(-0.0052176841 0.058417657 -0.024132948)
(-0.0041083234 0.051474986 -0.0215744)
(-0.0031899115 0.045071566 -0.019118258)
(-0.0024375804 0.039176151 -0.016783634)
(-0.0018281214 0.033755434 -0.014581371)
(-0.0013404193 0.028775703 -0.012516198)
(-0.000955625 0.024203923 -0.010588449)
(-0.00065715525 0.020008405 -0.0087953966)
(-0.00043057741 0.016159189 -0.007132271)
(-0.00026343469 0.012628235 -0.0055930071)
(-0.00014511452 0.0093894799 -0.0041707958)
(-6.6810901e-05 0.006418821 -0.002858475)
(-2.1449851e-05 0.0036940397 -0.0016487976)
(-1.4640674e-06 0.0011947044 -0.00053463437)
(0.015471866 0.42573161 0.037454449)
(-0.017661974 0.27150057 0.052846339)
(-0.014660561 0.20063597 0.051830382)
(-0.0242247 0.18508511 0.041675421)
(-0.02914505 0.19001482 0.029668671)
(-0.032725402 0.19833715 0.017426526)
(-0.035137886 0.20480618 0.005617825)
(-0.036543068 0.20831506 -0.0054145094)
(-0.037047055 0.208901 -0.015476543)
(-0.036740379 0.20683523 -0.024418621)
(-0.035708074 0.20239953 -0.032102178)
(-0.034048553 0.19587335 -0.038410937)
(-0.031878694 0.18756064 -0.043274514)
(-0.029330266 0.17780422 -0.046686564)
(-0.026540617 0.16697657 -0.048709784)
(-0.023641525 0.1554548 -0.04946771)
(-0.020749422 0.14359198 -0.049127636)
(-0.017958946 0.13169435 -0.04788021)
(-0.015340323 0.12000874 -0.045920412)
(-0.012940001 0.10871993 -0.043432739)
(-0.010783497 0.097955337 -0.0405815)
(-0.0088794017 0.087793776 -0.037505895)
(-0.0072236416 0.078275568 -0.034318868)
(-0.0058034179 0.069412305 -0.031108519)
(-0.0046005024 0.061195259 -0.027940956)
(-0.0035938049 0.053602159 -0.024863771)
(-0.0027612551 0.046602333 -0.021909544)
(-0.0020810983 0.040160472 -0.019099086)
(-0.0015327249 0.034239261 -0.016444231)
(-0.0010971538 0.028801153 -0.013950149)
(-0.00075726292 0.023809517 -0.011617194)
(-0.00049784024 0.019229338 -0.0094423498)
(-0.00030552928 0.015027601 -0.007420317)
(-0.00016877697 0.01117348 -0.0055443359)
(-7.7945554e-05 0.0076383771 -0.003806784)
(-2.5070633e-05 0.0043958833 -0.0021996089)
(-1.7376845e-06 0.0014216875 -0.00071464546)
(0.016181633 0.43279903 0.040250428)
(-0.014818739 0.284986 0.058855294)
(-0.0088754103 0.21313799 0.058678595)
(-0.017917269 0.19603965 0.047567159)
(-0.021935542 0.20050694 0.034672265)
(-0.025192246 0.209307 0.021538611)
(-0.027715402 0.21667825 0.0088522013)
(-0.029552876 0.22133298 -0.0030978017)
(-0.030732115 0.2232706 -0.014175417)
(-0.031268091 0.22271219 -0.024260683)
(-0.031172047 0.21982797 -0.033208323)
(-0.030472564 0.21474372 -0.040860666)
(-0.029224754 0.20760748 -0.047081554)
(-0.027511344 0.19864054 -0.051788554)
(-0.025436692 0.18815011 -0.05497213)
(-0.023116402 0.17650783 -0.056698575)
(-0.020665717 0.1641102 -0.057099162)
(-0.018189481 0.15133772 -0.056350798)
(-0.01577534 0.13852394 -0.054654056)
(-0.013490467 0.12593852 -0.052213635)
(-0.011381298 0.11378309 -0.049223204)
(-0.0094754252 0.10219613 -0.045855301)
(-0.0077848678 0.091262649 -0.042256277)
(-0.0063097044 0.081025547 -0.038545193)
(-0.0050415107 0.071496459 -0.0348153)
(-0.0039663107 0.06266507 -0.031136965)
(-0.0030669333 0.054506546 -0.02756122)
(-0.0023247833 0.046987157 -0.02412336)
(-0.0017211023 0.040068338 -0.020846266)
(-0.0012378088 0.033709513 -0.017743283)
(-0.0008580163 0.027869988 -0.014820619)
(-0.00056630266 0.022510161 -0.012079269)
(-0.00034881631 0.017592247 -0.0095165189)
(-0.00019336569 0.013080679 -0.0071271023)
(-8.9587291e-05 0.0089422815 -0.0049040709)
(-2.8977272e-05 0.0051463086 -0.0028394379)
(-2.0262316e-06 0.0016643875 -0.00092466029)
(0.016940848 0.43974172 0.041428098)
(-0.012143608 0.2987955 0.063371547)
(-0.0030116312 0.22586704 0.063673251)
(-0.011591783 0.20603246 0.052148981)
(-0.014448407 0.20851018 0.038919)
(-0.017267726 0.21656591 0.025339384)
(-0.019723991 0.22403004 0.012205038)
(-0.021779468 0.2293663 -0.00024170288)
(-0.023411969 0.2324754 -0.011935443)
(-0.024587245 0.23349743 -0.022803507)
(-0.025267513 0.23247785 -0.032716855)
(-0.025428797 0.22936386 -0.041499715)
(-0.025072496 0.22409775 -0.048967538)
(-0.024230275 0.21670768 -0.054968197)
(-0.022962956 0.20735619 -0.059413337)
(-0.021354268 0.19633899 -0.062294083)
(-0.01950103 0.18404646 -0.063680774)
(-0.017502221 0.17090864 -0.063709822)
(-0.01545103 0.15734287 -0.062561769)
(-0.013426517 0.14371587 -0.060440351)
(-0.011491876 0.1303237 -0.05755469)
(-0.0096920925 0.11738696 -0.054103004)
(-0.0080556438 0.10505642 -0.050261726)
(-0.006597117 0.093424089 -0.046181074)
(-0.0053201414 0.082535951 -0.041984)
(-0.0042202682 0.072404075 -0.037767556)
(-0.0032875343 0.063016874 -0.033605701)
(-0.0025085745 0.054347236 -0.029552747)
(-0.0018682516 0.04635862 -0.02564689)
(-0.0013508526 0.039009439 -0.021913494)
(-0.00094091366 0.032256082 -0.018367966)
(-0.00062374462 0.026054921 -0.015018162)
(-0.00038573911 0.020363589 -0.011866332)
(-0.00021462015 0.015141731 -0.0089106641)
(-9.9817051e-05 0.010351415 -0.0061464821)
(-3.2390824e-05 0.0059573031 -0.0035671361)
(-2.3051548e-06 0.0019266764 -0.0011647066)
(0.017533882 0.44672484 0.041269997)
(-0.0090354144 0.31295179 0.066124705)
(0.0024502729 0.2390701 0.06656022)
(-0.005314949 0.2155982 0.055536467)
(-0.0068304813 0.21481935 0.042293558)
(-0.0091498302 0.22104952 0.028624177)
(-0.011366666 0.22783822 0.015398676)
(-0.013425859 0.23334324 0.0028123677)
(-0.015278088 0.23730338 -0.0091362503)
(-0.016858679 0.23975769 -0.020427378)
(-0.018101014 0.24064406 -0.030962407)
(-0.018949764 0.23975188 -0.040569914)
(-0.019369606 0.23681554 -0.04904263)
(-0.019350321 0.23163304 -0.05618107)
(-0.018909103 0.22415534 -0.061830991)
(-0.018089709 0.21452236 -0.065908458)
(-0.016957287 0.20304509 -0.0684107)
(-0.015584833 0.19015056 -0.069414254)
(-0.014063644 0.17631327 -0.069056512)
(-0.012466018 0.16199312 -0.067515587)
(-0.010860566 0.14759256 -0.064993872)
(-0.0093075114 0.13343481 -0.06170184)
(-0.0078478481 0.11975916 -0.057835034)
(-0.0065099625 0.10672804 -0.053569163)
(-0.0053104357 0.094439738 -0.04905512)
(-0.0042560161 0.082942748 -0.044417535)
(-0.0033459688 0.072249077 -0.039755835)
(-0.0025742594 0.062345494 -0.035146777)
(-0.0019313823 0.053202341 -0.030647655)
(-0.0014058092 0.044780093 -0.026299616)
(-0.00098508169 0.037034036 -0.022130795)
(-0.00065658452 0.029917479 -0.01815909)
(-0.00040806959 0.02338386 -0.014394503)
(-0.00022810062 0.01738808 -0.010841068)
(-0.00010654792 0.011887277 -0.0074983935)
(-3.4789521e-05 0.0068412371 -0.0043628672)
(-2.5080503e-06 0.0022125542 -0.0014286072)
(0.017726966 0.45367955 0.039834843)
(-0.0061773575 0.3276569 0.067124362)
(0.0067167966 0.25344037 0.067055312)
(0.0012664598 0.22548515 0.057653319)
(0.00072989055 0.22052778 0.044602461)
(-0.00092009539 0.2240332 0.031175053)
(-0.0027184229 0.22943941 0.018176016)
(-0.0045837353 0.23458402 0.0057472482)
(-0.0064381742 0.23898086 -0.0061537019)
(-0.0081943577 0.24254311 -0.017546418)
(-0.00977071 0.24511994 -0.028362458)
(-0.011098842 0.24638852 -0.038446645)
(-0.012125595 0.24591816 -0.047591293)
(-0.012814564 0.24329066 -0.055578094)
(-0.01314814 0.23821801 -0.062214818)
(-0.013130609 0.23062095 -0.067362538)
(-0.01279335 0.22065055 -0.07095196)
(-0.012165506 0.20865476 -0.072987729)
(-0.011295998 0.19510949 -0.073560402)
(-0.010327808 0.18053927 -0.07280329)
(-0.0092074163 0.16544761 -0.070880886)
(-0.0080650876 0.15027124 -0.06799598)
(-0.0069334064 0.1353576 -0.064345437)
(-0.0058512262 0.12096176 -0.060119758)
(-0.0048466691 0.10725518 -0.055490598)
(-0.0039376001 0.094340243 -0.0506062)
(-0.0031334158 0.082266138 -0.045590204)
(-0.0024369349 0.071043443 -0.040542518)
(-0.0018460853 0.06065627 -0.035541477)
(-0.0013553803 0.051071685 -0.030646656)
(-0.0009571407 0.042246673 -0.025901864)
(-0.00064244337 0.034133064 -0.021338011)
(-0.00040183533 0.026680877 -0.016975677)
(-0.00022594289 0.019840515 -0.012827337)
(-0.00010617342 0.013564111 -0.0088992019)
(-3.4886028e-05 0.0078063116 -0.0051927147)
(-2.581865e-06 0.0025246733 -0.0017057687)
(0.017960664 0.46053091 0.037333502)
(-0.0036747534 0.34313656 0.06594905)
(0.010428886 0.26935534 0.066052097)
(0.0079263629 0.23672131 0.05810361)
(0.0081878313 0.22697918 0.045716684)
(0.0075304572 0.2270421 0.032839383)
(0.0063461536 0.23046224 0.020321265)
(0.0048534795 0.23475839 0.0082852915)
(0.0031944644 0.2391636 -0.0033257991)
(0.0014732303 0.24342161 -0.014549498)
(-0.00022503933 0.24729175 -0.025336579)
(-0.0018309688 0.2503811 -0.035546957)
(-0.003287381 0.25216167 -0.044983999)
(-0.0045463267 0.25206271 -0.053434275)
(-0.0055684941 0.24958734 -0.060699569)
(-0.0063252517 0.24441916 -0.066619693)
(-0.0068032306 0.23648937 -0.071087589)
(-0.0070195243 0.22598639 -0.074055865)
(-0.0069717783 0.21330991 -0.075527224)
(-0.0066750636 0.19899033 -0.07561269)
(-0.0062390191 0.18360054 -0.074448681)
(-0.0056937508 0.16768339 -0.072167414)
(-0.0050632462 0.15170444 -0.068959448)
(-0.0044010172 0.13602993 -0.065013745)
(-0.0037407543 0.12092522 -0.06050813)
(-0.0031082798 0.10656593 -0.055603804)
(-0.0025225774 0.093054546 -0.050441913)
(-0.0019959905 0.080437905 -0.045141909)
(-0.0015351767 0.068722892 -0.039801854)
(-0.0011423312 0.057889327 -0.034500023)
(-0.0008163442 0.047899869 -0.02929719)
(-0.00055378352 0.038707257 -0.024239164)
(-0.00034969846 0.030259385 -0.019359274)
(-0.0001983533 0.022502713 -0.014680666)
(-9.3972304e-05 0.015384475 -0.010218313)
(-3.1208733e-05 0.0088540087 -0.0059807128)
(-2.3643235e-06 0.0028635137 -0.0019713244)
(0.018488912 0.46730601 0.033995103)
(-0.0014579138 0.35937196 0.062405959)
(0.014236122 0.28708824 0.063726704)
(0.014459361 0.25042912 0.056717605)
(0.015899337 0.23577957 0.04543101)
(0.016431767 0.23198715 0.033394621)
(0.016104885 0.23296427 0.021576339)
(0.01521566 0.23599777 0.010133714)
(0.013965281 0.24001111 -0.00097693237)
(0.012476249 0.24452597 -0.011792239)
(0.010836052 0.24917994 -0.022262468)
(0.0091134516 0.25352838 -0.032254462)
(0.007367539 0.25701294 -0.041585903)
(0.0056540752 0.25900356 -0.050062708)
(0.0040271323 0.25887993 -0.057506182)
(0.0025363474 0.25613318 -0.063767681)
(0.0012246598 0.25046298 -0.068737977)
(0.00014803228 0.2418377 -0.072352124)
(-0.00071387243 0.23049725 -0.074590269)
(-0.001347756 0.21689885 -0.075459048)
(-0.0017941511 0.2016274 -0.075017622)
(-0.0019876839 0.18530039 -0.073423863)
(-0.0020448232 0.16849174 -0.070822997)
(-0.0019779227 0.1516848 -0.067372206)
(-0.0018281983 0.13525384 -0.063233213)
(-0.0016236358 0.11946559 -0.058565445)
(-0.0013909512 0.10449274 -0.053515397)
(-0.0011510677 0.090432476 -0.048213165)
(-0.0009193352 0.077325252 -0.042770586)
(-0.00070637182 0.065171363 -0.037281065)
(-0.00051890297 0.053944339 -0.031820585)
(-0.00036054453 0.043601105 -0.026449405)
(-0.00023253297 0.03408932 -0.021214051)
(-0.00013442679 0.025352468 -0.016149364)
(-6.4875305e-05 0.017333231 -0.011280431)
(-2.1991853e-05 0.0099756241 -0.0066242973)
(-1.788836e-06 0.0032262612 -0.0021915119)
(0.019030659 0.47410625 0.029942016)
(0.0002267606 0.37657435 0.056722257)
(0.018065198 0.30724369 0.059367045)
(0.021130487 0.26791859 0.053445189)
(0.024228751 0.24893536 0.043438984)
(0.026270776 0.24133552 0.032479484)
(0.027137385 0.23966673 0.021582702)
(0.027140759 0.24112614 0.010949966)
(0.026523663 0.24435453 0.00056822002)
(0.025433684 0.24863096 -0.0095766492)
(0.02396597 0.25343655 -0.019415781)
(0.022195144 0.25827563 -0.028816488)
(0.020192451 0.26260824 -0.037612748)
(0.018031133 0.26583803 -0.04563863)
(0.015787189 0.26733523 -0.052750211)
(0.013538021 0.26649793 -0.058832411)
(0.011359414 0.26284605 -0.063797015)
(0.009318114 0.25611876 -0.067579084)
(0.0074481821 0.24633668 -0.070148174)
(0.0058249342 0.23379865 -0.071520702)
(0.0044487598 0.21901724 -0.071741554)
(0.0032970047 0.20262152 -0.070858685)
(0.0023696502 0.18525866 -0.06896083)
(0.0016469273 0.16751833 -0.066165051)
(0.0011079436 0.14988815 -0.062611209)
(0.00070896682 0.13273819 -0.058441004)
(0.00042676414 0.11632596 -0.053792032)
(0.00023547012 0.10081272 -0.048792478)
(0.00011231465 0.086283873 -0.043557587)
(3.8501743e-05 0.072768789 -0.038187868)
(-1.0126295e-06 0.060257933 -0.032768665)
(-1.7944115e-05 0.048716411 -0.027370695)
(-2.1145175e-05 0.038094098 -0.022051183)
(-1.7109097e-05 0.028332857 -0.016855314)
(-1.0454971e-05 0.01937145 -0.011817783)
(-4.4221382e-06 0.01114874 -0.0069642893)
(-5.5630933e-07 0.0036056636 -0.0023129861)
(0.019516482 0.48113396 0.025352912)
(0.0014380897 0.39526696 0.049193645)
(0.021946558 0.33096689 0.052535294)
(0.028418687 0.29116163 0.047807054)
(0.033834856 0.26927796 0.039235949)
(0.037891411 0.25851881 0.029589566)
(0.04037885 0.25428407 0.019881249)
(0.041583409 0.25387927 0.010347647)
(0.04177449 0.25577681 0.0010185226)
(0.041148724 0.25907348 -0.0080861251)
(0.0398324 0.26311435 -0.016874124)
(0.037927524 0.26737348 -0.025219175)
(0.035543093 0.27136988 -0.032981668)
(0.032793783 0.2746119 -0.040034115)
(0.029795229 0.2765608 -0.046278147)
(0.026660184 0.27663237 -0.051646321)
(0.023494982 0.27425637 -0.056094506)
(0.020395581 0.26898362 -0.059592547)
(0.01744181 0.26059629 -0.06211661)
(0.014696844 0.24917219 -0.063653317)
(0.012203888 0.23507174 -0.064206532)
(0.0099876181 0.21886001 -0.063806455)
(0.0080616017 0.20120072 -0.062509791)
(0.0064046737 0.18275516 -0.060395865)
(0.0050143961 0.16410923 -0.057555745)
(0.0038628957 0.14573482 -0.054094888)
(0.0029233749 0.12798011 -0.050124558)
(0.0021683045 0.11107905 -0.045754868)
(0.0015707421 0.095170589 -0.041090047)
(0.001105581 0.08032049 -0.036225307)
(0.00075024453 0.066541759 -0.031245053)
(0.000484934 0.053811669 -0.026222164)
(0.00029261059 0.042084967 -0.021218072)
(0.00015890203 0.031303548 -0.016283369)
(7.2028581e-05 0.02140321 -0.011458722)
(2.2626581e-05 0.01231816 -0.0067759121)
(1.4035972e-06 0.0039838723 -0.0022589731)
(0.02012591 0.48884075 0.020183867)
(0.0032937539 0.41689637 0.039658708)
(0.026953091 0.36065443 0.042663171)
(0.037529225 0.32327335 0.039093225)
(0.045946216 0.30052646 0.0321617)
(0.052481988 0.2875744 0.024154338)
(0.056886847 0.28082744 0.016033548)
(0.05940104 0.27796014 0.0080582322)
(0.060331959 0.27751224 0.00028285742)
(0.059974301 0.27857442 -0.0072128677)
(0.058529356 0.28046261 -0.014357107)
(0.056169216 0.28269329 -0.021056706)
(0.053075248 0.28488339 -0.027211948)
(0.049429626 0.28667622 -0.032740202)
(0.045405664 0.28766877 -0.037589816)
(0.041161061 0.28736244 -0.041736791)
(0.036835089 0.28517584 -0.04517563)
(0.032545055 0.28053292 -0.047902001)
(0.028391294 0.2730043 -0.049915713)
(0.024454433 0.26242834 -0.051217743)
(0.020795048 0.24895848 -0.051805175)
(0.017454722 0.2330285 -0.051682971)
(0.014456859 0.21525519 -0.050870359)
(0.011808596 0.19632249 -0.049404774)
(0.0095039113 0.17688249 -0.047340296)
(0.0075270757 0.15749132 -0.044743873)
(0.0058556065 0.1385805 -0.041691648)
(0.0044628247 0.1204556 -0.038264187)
(0.0033199935 0.10331104 -0.034542113)
(0.0023979943 0.087252019 -0.030602649)
(0.0016685329 0.072317125 -0.026517177)
(0.0011049244 0.058498397 -0.022349731)
(0.00068256029 0.04575749 -0.018156257)
(0.00037930975 0.034037856 -0.013984461)
(0.00017613913 0.023273446 -0.0098740624)
(5.7009755e-05 0.013394627 -0.0058572803)
(3.9825354e-06 0.00433202 -0.0019595299)
(0.021147646 0.49704074 0.013849649)
(0.0069719353 0.44145769 0.027277754)
(0.033952001 0.3964212 0.029110156)
(0.049119282 0.36424213 0.02658596)
(0.060811898 0.34243269 0.021625254)
(0.069798427 0.32793846 0.015822979)
(0.075902835 0.31836901 0.0099488194)
(0.079348883 0.31207421 0.0042482036)
(0.080600453 0.30797412 -0.0011969968)
(0.080050099 0.3053249 -0.0063308253)
(0.07798687 0.30360183 -0.011124278)
(0.074719183 0.3024456 -0.015530825)
(0.070533146 0.30158349 -0.019496933)
(0.065690126 0.30077103 -0.022990771)
(0.060421354 0.29971223 -0.026005217)
(0.054925219 0.29798628 -0.028545199)
(0.049366122 0.295026 -0.030625228)
(0.043877601 0.29018114 -0.032262955)
(0.038566444 0.2828601 -0.033472099)
(0.033515849 0.27268867 -0.034257537)
(0.028788724 0.25961354 -0.034618247)
(0.024430137 0.24391083 -0.034552389)
(0.02046882 0.22610987 -0.03406291)
(0.016918669 0.20687408 -0.033161706)
(0.013780622 0.18688395 -0.031871395)
(0.011044848 0.16675065 -0.03022491)
(0.0086930659 0.1469686 -0.028263502)
(0.0067007916 0.12790174 -0.026033956)
(0.0050393985 0.10979218 -0.023585694)
(0.0036779168 0.092780336 -0.020968183)
(0.0025845161 0.076928495 -0.018228877)
(0.0017276384 0.062243001 -0.015411741)
(0.0010768357 0.048692758 -0.012556311)
(0.00060364448 0.036223553 -0.0096972076)
(0.00028279883 0.024768476 -0.0068639942)
(9.2619977e-05 0.014255118 -0.0040812571)
(6.7316001e-06 0.0046103142 -0.0013689089)
(0.022179944 0.50341594 0.0057586516)
(0.011001691 0.46168437 0.011180853)
(0.040662815 0.42681756 0.011483941)
(0.059448212 0.39986299 0.0099777838)
(0.073559836 0.3793544 0.00747457)
(0.084122519 0.3636206 0.0046904476)
(0.091124612 0.35137355 0.0019894135)
(0.094905016 0.3416972 -0.00050925501)
(0.096004038 0.33394157 -0.0027668414)
(0.094908798 0.32764115 -0.0047953428)
(0.092059043 0.32246133 -0.0065845842)
(0.08785865 0.3181523 -0.0081378791)
(0.082670757 0.31451085 -0.0094648711)
(0.076808172 0.31133149 -0.010574946)
(0.070537641 0.30838395 -0.011481106)
(0.064084164 0.3052602 -0.012200341)
(0.05762138 0.30137875 -0.012750659)
(0.051284214 0.29605375 -0.01314876)
(0.045178119 0.28859769 -0.013406804)
(0.039382015 0.27850462 -0.013531304)
(0.033954537 0.26558347 -0.013523806)
(0.028937791 0.24999593 -0.0133831)
(0.024359437 0.23219758 -0.013107928)
(0.020234083 0.21282106 -0.012699279)
(0.016564596 0.19255036 -0.012161736)
(0.013343544 0.17202129 -0.011503845)
(0.010554819 0.1517618 -0.010737688)
(0.0081753926 0.13216938 -0.0098780043)
(0.0061770912 0.11351483 -0.0089411392)
(0.0045283058 0.095960465 -0.0079440256)
(0.0031955259 0.079583729 -0.0069033264)
(0.0021446094 0.064400393 -0.0058347791)
(0.0013418133 0.050384375 -0.0047527481)
(0.00075493974 0.037483345 -0.0036699594)
(0.000355034 0.025630203 -0.0025973775)
(0.00011679974 0.014751093 -0.0015441834)
(8.6469666e-06 0.0047707181 -0.00051785757)
(0.022354956 0.50463189 -0.0034701311)
(0.011675714 0.46540521 -0.0072782248)
(0.041667301 0.43201359 -0.0085674231)
(0.060824744 0.40539668 -0.0089955206)
(0.07510253 0.38444906 -0.0086786056)
(0.085685777 0.36788377 -0.0078994103)
(0.092613991 0.35468691 -0.0068513994)
(0.09625201 0.34410599 -0.0056151941)
(0.09717179 0.3355722 -0.0042455875)
(0.09592003 0.3286459 -0.0027846286)
(0.092947097 0.32298727 -0.0012558197)
(0.088629997 0.31832658 0.00027529417)
(0.083330044 0.31444235 0.001763705)
(0.07737231 0.31111492 0.0031718349)
(0.071023801 0.30807474 0.0044716375)
(0.064503161 0.30491076 0.0056423598)
(0.057983203 0.30103411 0.006670928)
(0.051597818 0.29574288 0.0075508903)
(0.045450258 0.28833981 0.0082783521)
(0.039617977 0.27830986 0.0088503435)
(0.03415851 0.26545371 0.009264323)
(0.029113135 0.2499263 0.0095187895)
(0.024508935 0.23217871 0.0096143538)
(0.020360172 0.21284137 0.0095546679)
(0.016669526 0.19259811 0.0093468685)
(0.013429484 0.17208589 0.0090014705)
(0.010623902 0.15183453 0.008531825)
(0.0082297225 0.13224361 0.0079533263)
(0.0062187253 0.11358583 0.0072825414)
(0.004559227 0.096025131 0.0065363887)
(0.003217611 0.079640212 0.0057314417)
(0.0021596019 0.064447762 0.0048833913)
(0.0013513018 0.050422341 0.0040066671)
(0.00076035373 0.037512039 0.0031142053)
(0.00035759626 0.025650015 0.0022173302)
(0.00011769916 0.014762557 0.0013257137)
(8.7135059e-06 0.0047744339 0.00044741608)
(0.021442266 0.4999441 -0.011997412)
(0.0080603243 0.4498882 -0.024237222)
(0.035716439 0.4077592 -0.026960057)
(0.051665329 0.37587543 -0.026237406)
(0.06374942 0.35276272 -0.023230946)
(0.072861956 0.33626467 -0.01918216)
(0.078895476 0.32455582 -0.014758892)
(0.08215456 0.31629891 -0.010172987)
(0.083129858 0.31052957 -0.0055058459)
(0.082283491 0.30652917 -0.00083012825)
(0.079950376 0.30379799 0.0037257823)
(0.076409488 0.30193012 0.0080827905)
(0.071986303 0.30060827 0.012179646)
(0.066945785 0.29953745 0.015945399)
(0.06151114 0.29837517 0.01932747)
(0.055874125 0.2966623 0.022294811)
(0.05019455 0.2938008 0.024832535)
(0.044602078 0.28911483 0.026935437)
(0.039200022 0.28198935 0.028601369)
(0.034068731 0.27202793 0.029825592)
(0.029268949 0.25915725 0.030602468)
(0.02484422 0.24363777 0.030928923)
(0.020822332 0.22598892 0.030808525)
(0.017216723 0.20687016 0.030254486)
(0.014028211 0.18696291 0.029290769)
(0.011247014 0.16688238 0.027951342)
(0.0088549207 0.14712862 0.026278118)
(0.0068274604 0.1280714 0.024318269)
(0.0051359222 0.10995815 0.022121464)
(0.0037491488 0.092933697 0.019737408)
(0.0026350282 0.077063765 0.017213873)
(0.001761644 0.062357222 0.014595267)
(0.0010981418 0.048784745 0.011921713)
(0.00061561895 0.036293305 0.0092285507)
(0.0002884331 0.024816741 0.0065461701)
(9.4432533e-05 0.01428308 0.0039000565)
(6.867574e-06 0.004619383 0.0013110469)
(0.020192613 0.49217305 -0.018655826)
(0.0036354034 0.42590039 -0.037348189)
(0.027937872 0.37189939 -0.041263005)
(0.039266429 0.33386949 -0.039427392)
(0.048203099 0.30903603 -0.034237074)
(0.055055056 0.29361749 -0.02771468)
(0.059579335 0.28455728 -0.020778376)
(0.062057285 0.27973619 -0.013705189)
(0.062875272 0.2777343 -0.0065893264)
(0.062282809 0.27757661 0.00049414802)
(0.060579668 0.27862544 0.0074161639)
(0.057996499 0.28032203 0.014075885)
(0.054703744 0.2822303 0.020350774)
(0.050877664 0.28394381 0.026127259)
(0.046691432 0.28501451 0.03131992)
(0.042301767 0.28490534 0.035872468)
(0.0378456 0.28300166 0.039750364)
(0.033438214 0.27869739 0.042927608)
(0.029177966 0.27153376 0.045389013)
(0.025143693 0.26132049 0.047125514)
(0.021394494 0.24818617 0.048128574)
(0.017970917 0.23254651 0.048400591)
(0.014895855 0.21500865 0.047959637)
(0.012176571 0.19625473 0.046841805)
(0.0098074699 0.17694107 0.04510038)
(0.0077731034 0.1576315 0.042802551)
(0.0060510752 0.13876658 0.040024851)
(0.0046146276 0.12066067 0.036848364)
(0.0034347975 0.10351593 0.033354429)
(0.0024821011 0.087443826 0.029621208)
(0.0017277663 0.072487776 0.025721223)
(0.0011445525 0.05864336 0.021719808)
(0.00070725494 0.045874729 0.017674315)
(0.00039314682 0.034127019 0.013633915)
(0.00018259073 0.023335264 0.0096397937)
(5.9153802e-05 0.013430484 0.0057256207)
(4.1309382e-06 0.004343655 0.0019181899)
(0.019299717 0.48441204 -0.023771146)
(0.0010691089 0.40364623 -0.047120546)
(0.022170738 0.34038294 -0.051681036)
(0.029268673 0.29870991 -0.048764385)
(0.035267491 0.27394196 -0.041838344)
(0.039766728 0.26044757 -0.033502238)
(0.042517778 0.25403463 -0.024789801)
(0.043827575 0.25203261 -0.015990923)
(0.044016164 0.25281326 -0.0071842079)
(0.043293801 0.25535445 0.0015734961)
(0.04183676 0.25895409 0.010206706)
(0.039781555 0.26302473 0.018557712)
(0.037243923 0.2670391 0.026464147)
(0.034342496 0.27046671 0.033776278)
(0.031196857 0.2727341 0.040368921)
(0.027921567 0.27322467 0.046146186)
(0.024622836 0.27133592 0.051037507)
(0.021396041 0.26658507 0.05499088)
(0.018321202 0.25871998 0.057966104)
(0.015462887 0.24778689 0.059942553)
(0.012865586 0.23412152 0.060919271)
(0.010553389 0.21827371 0.060920944)
(0.0085334266 0.20090181 0.059999671)
(0.0067998722 0.18267008 0.058229047)
(0.0053367372 0.164173 0.055702062)
(0.0041211101 0.14589373 0.052524525)
(0.0031262496 0.1281922 0.048807985)
(0.0023241343 0.11131316 0.044663518)
(0.0016873027 0.095404678 0.040196903)
(0.0011900466 0.080539796 0.035505302)
(0.00080908886 0.066737032 0.030675303)
(0.0005238747 0.053977689 0.025782062)
(0.00031660563 0.042219347 0.020889278)
(0.00017216966 0.031405821 0.016049726)
(7.8158327e-05 0.021474159 0.011306109)
(2.4563704e-05 0.01235933 0.0066920866)
(1.534796e-06 0.003997234 0.0022333662)
(0.018667877 0.47754389 -0.028072714)
(-0.00039210853 0.38505143 -0.054691064)
(0.018197559 0.31571818 -0.059046293)
(0.021833428 0.27321639 -0.055045058)
(0.025530804 0.25045285 -0.046636655)
(0.028049869 0.23979689 -0.036857144)
(0.02922477 0.23605303 -0.026795386)
(0.029388144 0.23624009 -0.016740409)
(0.028818651 0.2387539 -0.0067424163)
(0.027693247 0.24268868 0.0031739702)
(0.026136013 0.24741899 0.012936056)
(0.024244437 0.25238808 0.022398458)
(0.022103572 0.25701895 0.031381326)
(0.019795413 0.26068704 0.039700469)
(0.017401991 0.26273516 0.047188503)
(0.015004261 0.2625305 0.053705371)
(0.012678915 0.25955695 0.05914021)
(0.010493239 0.25351375 0.063408705)
(0.0085004345 0.24438217 0.066458707)
(0.0067293993 0.23242848 0.06827911)
(0.0052353227 0.2181435 0.06891461)
(0.0039553974 0.20214698 0.068433871)
(0.0029247741 0.18508749 0.066905945)
(0.0021079286 0.16756396 0.064446096)
(0.0014769246 0.15007755 0.061190717)
(0.0010025882 0.13301317 0.057281685)
(0.00065597282 0.11664242 0.052858098)
(0.0004103623 0.10113875 0.048050513)
(0.00024237652 0.086597483 0.042977131)
(0.00013232473 0.07305566 0.037741716)
(6.4142715e-05 0.060509463 0.032432942)
(2.509769e-05 0.048928102 0.027124767)
(5.3709266e-06 0.038264306 0.021877451)
(-2.409037e-06 0.028461843 0.016738941)
(-3.6658742e-06 0.019460694 0.011746391)
(-2.2008132e-06 0.01120045 0.0069276631)
(-4.0688772e-07 0.0036224359 0.0023027694)
(0.018114436 0.47122175 -0.031795637)
(-0.0020161391 0.36859774 -0.060551375)
(0.014754453 0.29529131 -0.064054219)
(0.015541562 0.25407552 -0.058979618)
(0.017578004 0.23479697 -0.049239054)
(0.018592423 0.22771558 -0.038257659)
(0.018575098 0.22676909 -0.027123453)
(0.01785126 0.2288464 -0.016112293)
(0.016654623 0.23249891 -0.0052552221)
(0.015137467 0.2370152 0.0054472941)
(0.013409243 0.24190149 0.01593317)
(0.011557658 0.24665646 0.026062775)
(0.0096562958 0.25069339 0.035643709)
(0.007771096 0.25335945 0.044466236)
(0.0059638932 0.25400611 0.052329847)
(0.0042912888 0.25208696 0.059061364)
(0.0027998218 0.24725687 0.064527695)
(0.0015223076 0.23943796 0.068642619)
(0.00049865954 0.22882903 0.071371128)
(-0.00027053547 0.21585781 0.072730956)
(-0.00088392265 0.20109475 0.072770487)
(-0.0012552949 0.18515665 0.071590673)
(-0.0014186744 0.1686276 0.06935626)
(-0.0014739477 0.15200717 0.066222836)
(-0.0014262206 0.13568775 0.062354527)
(-0.0013076098 0.11995355 0.057912316)
(-0.001146974 0.1049927 0.053046257)
(-0.00096664995 0.090915091 0.047890727)
(-0.00078331261 0.077771132 0.042562128)
(-0.00060896815 0.065568624 0.037158432)
(-0.00045170773 0.054286555 0.031759997)
(-0.00031642328 0.04388569 0.026431114)
(-0.00020550429 0.034316298 0.021221925)
(-0.00011953717 0.025523565 0.016170435)
(-5.8006121e-05 0.017451221 0.01130445)
(-1.9815236e-05 0.010043864 0.0066433326)
(-1.6344242e-06 0.0032483773 0.00219956)
(0.017579744 0.46516541 -0.034870425)
(-0.0037574529 0.35339525 -0.064595931)
(0.011344944 0.27748562 -0.067135749)
(0.0096665544 0.23889984 -0.061101686)
(0.010530473 0.22386328 -0.050163451)
(0.01037269 0.22058609 -0.038192657)
(0.0094906438 0.22233823 -0.026201561)
(0.0081474807 0.22602175 -0.014450863)
(0.0065242396 0.23040383 -0.002961144)
(0.0047531395 0.23497087 0.0082716196)
(0.0029384322 0.23935408 0.019182628)
(0.0011662885 0.243113 0.029626344)
(-0.00049001675 0.24569589 0.039398473)
(-0.00197103 0.24650432 0.048270698)
(-0.0032301135 0.24500224 0.056024113)
(-0.0042316558 0.2408233 0.062475639)
(-0.0049558756 0.23384471 0.067495564)
(-0.0054012611 0.22420631 0.07101844)
(-0.0055961586 0.2122728 0.073044668)
(-0.0055227253 0.1985567 0.073634286)
(-0.0052919047 0.18362959 0.072910672)
(-0.0049013999 0.16804486 0.071024529)
(-0.004420598 0.15228602 0.068152193)
(-0.0038874753 0.13674025 0.064485968)
(-0.0033356494 0.12169369 0.060205533)
(-0.0027935192 0.10734052 0.055476404)
(-0.002282248 0.093798703 0.05044527)
(-0.0018161226 0.081127335 0.045237581)
(-0.0014036857 0.069342623 0.039957373)
(-0.001048926 0.05843123 0.034688564)
(-0.00075237313 0.048360684 0.029497065)
(-0.00051205167 0.039087067 0.024433215)
(-0.00032428342 0.030560482 0.019534249)
(-0.00018441434 0.022728778 0.01482661)
(-8.7604898e-05 0.015539983 0.010328003)
(-2.9153434e-05 0.0089438226 0.0060491742)
(-2.2362265e-06 0.0028926049 0.0019953902)
(0.017084981 0.4592143 -0.037292612)
(-0.0054341031 0.33908232 -0.066709356)
(0.0080628757 0.26156187 -0.068612973)
(0.0039848645 0.22636717 -0.061608941)
(0.0040286286 0.21568544 -0.049712772)
(0.002865624 0.21598799 -0.036999255)
(0.0013424825 0.22007543 -0.024367227)
(-0.00041016958 0.22497308 -0.01207284)
(-0.0022711387 0.22967637 -0.00014859558)
(-0.0041271113 0.23384237 0.011390036)
(-0.0058787795 0.23721 0.022460129)
(-0.0074406579 0.23941289 0.032899991)
(-0.0087436385 0.23998921 0.042492776)
(-0.0097373212 0.23847947 0.051003707)
(-0.010392145 0.23454102 0.058219134)
(-0.010700425 0.22803401 0.063975558)
(-0.010677058 0.21905404 0.06817887)
(-0.010358614 0.20790832 0.070812243)
(-0.0097879541 0.19505112 0.071933108)
(-0.0090387161 0.18100368 0.071666405)
(-0.0081592359 0.16628126 0.070169657)
(-0.007212908 0.15134139 0.067639293)
(-0.0062496865 0.13655619 0.064275778)
(-0.0053099745 0.12220524 0.060272739)
(-0.004423979 0.10848199 0.055807174)
(-0.0036122401 0.095507238 0.051034278)
(-0.0028869947 0.083344831 0.046085267)
(-0.0022537681 0.072016549 0.041067555)
(-0.0017129595 0.061514769 0.036066506)
(-0.0012612779 0.051812459 0.03114802)
(-0.00089295764 0.04287068 0.026361417)
(-0.00060071799 0.034643967 0.021742295)
(-0.00037649651 0.02708404 0.017315141)
(-0.00021209105 0.020142278 0.013095619)
(-9.9824685e-05 0.013771286 0.0090924989)
(-3.289162e-05 0.007925834 0.0053092611)
(-2.4414315e-06 0.0025633691 0.0017453711)
(0.016805225 0.4532872 -0.038978957)
(-0.0071636245 0.32549354 -0.066973621)
(0.0048085265 0.24704532 -0.069053184)
(-0.001624647 0.21543607 -0.060368754)
(-0.0022125864 0.20882204 -0.048090122)
(-0.0042116478 0.21220022 -0.034919191)
(-0.0061962306 0.21809176 -0.021873012)
(-0.0081855804 0.22372549 -0.0092470795)
(-0.01010861 0.2283163 0.00289409)
(-0.011872949 0.23166539 0.01449691)
(-0.013387693 0.23361517 0.025447671)
(-0.014575992 0.23390629 0.035564934)
(-0.015382416 0.23222556 0.044627545)
(-0.015777611 0.22831141 0.052415139)
(-0.015760846 0.2220481 0.058746943)
(-0.015359312 0.21351361 0.06350978)
(-0.014624052 0.20297277 0.066672056)
(-0.013622873 0.19082793 0.068283627)
(-0.012430739 0.17755013 0.068464345)
(-0.011125437 0.16361279 0.067383171)
(-0.0097743962 0.14944234 0.065239187)
(-0.0084368399 0.13539036 0.062240945)
(-0.0071578517 0.12172457 0.058589916)
(-0.0059695725 0.10863299 0.05446996)
(-0.0048924096 0.096235438 0.050041288)
(-0.0039369528 0.084597562 0.045438167)
(-0.0031061055 0.073744491 0.040769345)
(-0.0023971161 0.063672686 0.03612016)
(-0.0018033491 0.054359413 0.031555503)
(-0.0013157359 0.045769923 0.027123056)
(-0.00092389323 0.037862659 0.022856439)
(-0.00061693773 0.030592898 0.018778056)
(-0.00038405824 0.02391519 0.014901541)
(-0.0002149898 0.017784941 0.011233805)
(-0.00010058004 0.012159379 0.0077766942)
(-3.286885e-05 0.0069980978 0.0045283055)
(-2.3876572e-06 0.0022633222 0.0014840199)
(0.016725683 0.44733944 -0.039737459)
(-0.0096288268 0.31251841 -0.06560178)
(0.0010269161 0.23354313 -0.067841697)
(-0.0068600003 0.20523829 -0.057860706)
(-0.0085386633 0.20215907 -0.045495708)
(-0.010954423 0.20791385 -0.032142188)
(-0.013229498 0.21498971 -0.018932786)
(-0.015300861 0.22085141 -0.0062184703)
(-0.017116097 0.22491046 0.0058833282)
(-0.018607334 0.22710071 0.017272664)
(-0.019704935 0.22738049 0.02780315)
(-0.020355154 0.22563613 0.03728225)
(-0.020531143 0.22174404 0.045503282)
(-0.020238049 0.21566038 0.052285474)
(-0.019513082 0.2074806 0.057507857)
(-0.018420527 0.19745023 0.061129111)
(-0.017043029 0.18593301 0.063191278)
(-0.015471204 0.17335598 0.063809618)
(-0.01379382 0.16015227 0.063153484)
(-0.012090394 0.14671615 0.061423575)
(-0.010426326 0.13337618 0.058831206)
(-0.0088511444 0.12038536 0.055581382)
(-0.0073987816 0.10792365 0.051860897)
(-0.0060894605 0.096107538 0.047831838)
(-0.0049322124 0.085002556 0.04362922)
(-0.0039275222 0.074635697 0.039361525)
(-0.0030697777 0.065006381 0.035113032)
(-0.0023493476 0.056095338 0.030947038)
(-0.0017542398 0.047871415 0.026909341)
(-0.0012713513 0.040296555 0.023031576)
(-0.00088736231 0.033329312 0.019334222)
(-0.00058933064 0.026927239 0.015829148)
(-0.00036506602 0.021048446 0.012521726)
(-0.00020343971 0.015652576 0.0094125171)
(-9.4742937e-05 0.010701367 0.0064986072)
(-3.0831027e-05 0.0061589451 0.0037746348)
(-2.1991155e-06 0.0019919243 0.0012335704)
(0.016472483 0.44143549 -0.03943214)
(-0.012415188 0.30007027 -0.062829739)
(-0.0034059763 0.22090763 -0.064685395)
(-0.011771381 0.19525492 -0.054560922)
(-0.014580867 0.19482911 -0.042085736)
(-0.017348312 0.20212099 -0.02883102)
(-0.019751016 0.20971662 -0.015752644)
(-0.021732663 0.21531962 -0.0032400176)
(-0.023260802 0.2185053 0.0085246856)
(-0.024299002 0.21933101 0.019394141)
(-0.02481395 0.21788778 0.029199548)
(-0.024791269 0.21423167 0.037756468)
(-0.024246876 0.20843703 0.044896502)
(-0.023229408 0.20065622 0.050501237)
(-0.021815848 0.19114469 0.054525683)
(-0.020102197 0.18024713 0.057005844)
(-0.018191971 0.16835837 0.058051254)
(-0.016185263 0.15587746 0.057827109)
(-0.014170365 0.14316915 0.056531922)
(-0.012218793 0.13053961 0.054375883)
(-0.010383557 0.11822671 0.051563321)
(-0.0086998958 0.10640146 0.048280541)
(-0.0071876146 0.0951761 0.04468893)
(-0.0058541243 0.084615192 0.040922433)
(-0.0046975671 0.074746867 0.037088101)
(-0.0037096444 0.065572929 0.033268515)
(-0.0028779709 0.05707713 0.029525138)
(-0.0021879128 0.049231582 0.025901919)
(-0.0016239431 0.042001491 0.022428745)
(-0.00117059 0.035348526 0.019124513)
(-0.00081305739 0.029233133 0.015999736)
(-0.00053758903 0.023616069 0.013058672)
(-0.00033165759 0.018459363 0.010301021)
(-0.00018410947 0.013726901 0.0077232501)
(-8.5430869e-05 0.0093847241 0.0053195994)
(-2.7645479e-05 0.0054011616 0.003082864)
(-1.9486128e-06 0.0017468424 0.0010049469)
(0.016015489 0.4357305 -0.038067927)
(-0.014671024 0.28810937 -0.058671534)
(-0.0077230712 0.20881318 -0.059995379)
(-0.016510752 0.18499879 -0.050232491)
(-0.020228219 0.18614438 -0.038028433)
(-0.023286073 0.19404935 -0.025188088)
(-0.025661953 0.20150829 -0.012565564)
(-0.027375815 0.20644019 -0.00058287188)
(-0.028439923 0.20854223 0.0105233)
(-0.028864902 0.20797996 0.020566459)
(-0.02867032 0.20497804 0.029375348)
(-0.027894701 0.19975734 0.036796709)
(-0.02660457 0.19256315 0.042720573)
(-0.024892434 0.18369268 0.047102826)
(-0.022868238 0.1734957 0.049975098)
(-0.020647776 0.16235142 0.05144011)
(-0.018341328 0.15063534 0.051655906)
(-0.016044905 0.13868889 0.050814638)
(-0.013835157 0.12679935 0.049121276)
(-0.011767814 0.1151913 0.046775925)
(-0.0098788426 0.10402769 0.043961409)
(-0.0081872679 0.093416942 0.040836163)
(-0.0066987043 0.083422806 0.037531533)
(-0.0054089135 0.074074608 0.034152231)
(-0.0043069742 0.065376539 0.030778727)
(-0.0033778789 0.057315364 0.0274706)
(-0.0026045274 0.049866445 0.024270161)
(-0.0019691682 0.042998242 0.021205913)
(-0.0014543839 0.036675542 0.018295634)
(-0.0010437178 0.030861699 0.01554897)
(-0.00072203259 0.025520135 0.012969562)
(-0.00047567009 0.020615306 0.010556721)
(-0.00029248465 0.016113278 0.008306725)
(-0.00016187177 0.01198206 0.0062138074)
(-7.4874579e-05 0.008191748 0.0042708935)
(-2.4167727e-05 0.0047145559 0.0024701575)
(-1.680595e-06 0.0015247801 0.0008034032)
(0.01562505 0.43011494 -0.035571957)
(-0.016573896 0.27661239 -0.053304428)
(-0.011916148 0.19704781 -0.053937414)
(-0.021057897 0.17416038 -0.044895732)
(-0.025432566 0.17568381 -0.033446142)
(-0.028657744 0.18322506 -0.021407143)
(-0.030850674 0.18991355 -0.0096056685)
(-0.032125601 0.19385019 0.001497838)
(-0.032571143 0.19480312 0.011622997)
(-0.032268039 0.19300927 0.020567944)
(-0.031296779 0.1887987 0.028179077)
(-0.029755875 0.18251886 0.034351323)
(-0.027761623 0.17453185 0.039041442)
(-0.025442124 0.16521587 0.042276359)
(-0.022927176 0.15495336 0.044150099)
(-0.020337609 0.1441099 0.044810258)
(-0.017776881 0.13301292 0.044438563)
(-0.015326285 0.12193682 0.043230611)
(-0.013043793 0.11109676 0.041378586)
(-0.010965696 0.10065019 0.039058853)
(-0.0091099461 0.09070338 0.036424687)
(-0.0074801862 0.081320415 0.033603356)
(-0.0060697163 0.072532623 0.030696375)
(-0.0048649825 0.06434717 0.027781739)
(-0.0038483951 0.056754272 0.024917143)
(-0.0030004585 0.049732882 0.0221435)
(-0.002301287 0.043254981 0.019488328)
(-0.0017316166 0.037288691 0.016968764)
(-0.0012734278 0.031800459 0.014594101)
(-0.00091028575 0.026756532 0.012367867)
(-0.00062747989 0.022123926 0.010289459)
(-0.00041202414 0.017871024 0.0083554055)
(-0.0002525778 0.013967917 0.00656032)
(-0.00013937522 0.010386576 0.0048976122)
(-6.4295985e-05 0.0071009095 0.003360005)
(-2.0652961e-05 0.004086737 0.0019399118)
(-1.4249212e-06 0.0013217302 0.0006296916)
(0.015217382 0.42485536 -0.031786816)
(-0.018627295 0.26594107 -0.04683583)
(-0.015956522 0.1857161 -0.046807855)
(-0.025317442 0.16275309 -0.038766635)
(-0.030116812 0.16340727 -0.028509481)
(-0.033361111 0.16957891 -0.017684896)
(-0.03523063 0.17486884 -0.007091962)
(-0.035943615 0.17753786 0.0027853024)
(-0.035676373 0.17736992 0.011641799)
(-0.034591296 0.17461446 0.019283085)
(-0.032842823 0.16964798 0.025588031)
(-0.030587595 0.16287884 0.030504526)
(-0.027982307 0.15471759 0.034049392)
(-0.025176855 0.14556086 0.036303455)
(-0.022305908 0.13577551 0.037399136)
(-0.019482002 0.12568412 0.037502782)
(-0.016791795 0.11555505 0.036795827)
(-0.014295752 0.10559899 0.03545829)
(-0.012030517 0.09597134 0.033656625)
(-0.010012913 0.086778711 0.031536344)
(-0.0082445181 0.078087376 0.029218848)
(-0.0067160805 0.06993207 0.026801351)
(-0.005411338 0.062324043 0.024358807)
(-0.0043100559 0.055257856 0.02194686)
(-0.0033902963 0.048716798 0.019605141)
(-0.0026300034 0.042677006 0.017360475)
(-0.0020080408 0.03711048 0.015229748)
(-0.0015048082 0.031987228 0.013222344)
(-0.0011025598 0.027276738 0.011342131)
(-0.00078551421 0.02294895 0.0095890302)
(-0.00053982984 0.018974879 0.0079602262)
(-0.00035349042 0.015326983 0.0064510849)
(-0.00021614775 0.01197936 0.0050558293)
(-0.00011900152 0.0089078276 0.0037680335)
(-5.4757489e-05 0.0060899306 0.0025809757)
(-1.7571158e-05 0.0035048939 0.0014878931)
(-1.1956079e-06 0.0011335514 0.00048214309)
(0.014829575 0.42039837 -0.02678416)
(-0.020584735 0.25674223 -0.039183699)
(-0.019496727 0.17525341 -0.038813057)
(-0.029075037 0.15119439 -0.032059126)
(-0.034141277 0.14980403 -0.023383452)
(-0.037298607 0.15364115 -0.014179326)
(-0.038765661 0.15689878 -0.0051776344)
(-0.0388634 0.15801043 0.0031507799)
(-0.037866307 0.15673924 0.010508195)
(-0.036025219 0.1532856 0.016719402)
(-0.03356685 0.1479967 0.021699865)
(-0.030698006 0.14126337 0.025441787)
(-0.027603243 0.13347384 0.02800274)
(-0.024440484 0.12498814 0.029491649)
(-0.021337176 0.11612222 0.030052084)
(-0.018388873 0.10713907 0.029844694)
(-0.015660613 0.098246279 0.029031625)
(-0.013190582 0.089598755 0.027764734)
(-0.010995099 0.081304916 0.026178147)
(-0.0090739554 0.073434615 0.024384745)
(-0.0074154154 0.066027323 0.022475651)
(-0.0060004471 0.059099655 0.020521671)
(-0.0048060419 0.052651759 0.018575803)
(-0.003807652 0.046672448 0.016676177)
(-0.0029808702 0.041143133 0.014848954)
(-0.0023025041 0.03604074 0.013110966)
(-0.0017511971 0.0313398 0.011471976)
(-0.0013077295 0.027013903 0.0099365255)
(-0.00095509852 0.02303669 0.0085054083)
(-0.00067846272 0.019382488 0.0071768089)
(-0.00046500158 0.016026713 0.0059471651)
(-0.00030372679 0.012946103 0.0048118078)
(-0.00018527958 0.01011883 0.0037654272)
(-0.00010176726 0.0075245362 0.0028024052)
(-4.6733155e-05 0.0051443256 0.001917049)
(-1.4925444e-05 0.0029607121 0.0011037666)
(-1.0085503e-06 0.00095755792 0.00035716011)
(0.014511266 0.41695086 -0.020776402)
(-0.022144069 0.24943763 -0.030523595)
(-0.022321132 0.16625798 -0.030124017)
(-0.032123869 0.14034505 -0.024926756)
(-0.037357315 0.13606028 -0.018180712)
(-0.040375503 0.13682394 -0.010971321)
(-0.041434652 0.13749623 -0.0039066678)
(-0.040951327 0.1367352 0.0026003633)
(-0.039294849 0.13429134 0.0082874006)
(-0.036799264 0.13028094 0.013009042)
(-0.033753812 0.12495978 0.016710388)
(-0.030403439 0.11863181 0.019408596)
(-0.02694863 0.11160164 0.021175518)
(-0.023545524 0.10414776 0.022120076)
(-0.020307804 0.096508294 0.02237187)
(-0.017311142 0.088875472 0.022066458)
(-0.014599143 0.081396055 0.021333913)
(-0.012190013 0.074175754 0.020291245)
(-0.010083147 0.067285612 0.019038413)
(-0.0082649794 0.060768931 0.01765718)
(-0.0067138968 0.054647805 0.016211919)
(-0.0054040536 0.048928757 0.014751488)
(-0.0043080849 0.043607324 0.013311587)
(-0.0033989429 0.038671618 0.011917213)
(-0.0026510545 0.034104992 0.010584936)
(-0.0020409763 0.029887983 0.0093248854)
(-0.0015476949 0.025999693 0.0081423946)
(-0.0011526901 0.022418735 0.0070393231)
(-0.00083985168 0.019123888 0.0060150852)
(-0.00059530797 0.016094518 0.005067435)
(-0.00040721264 0.013310848 0.0041930522)
(-0.00026551039 0.010754115 0.0033879708)
(-0.00016170728 0.0084066583 0.0026478867)
(-8.8696503e-05 0.0062519463 0.001968374)
(-4.0660289e-05 0.0042745765 0.0013450338)
(-1.2990396e-05 0.0024602461 0.00077360705)
(-8.6888049e-07 0.0007957112 0.00025002671)
(0.014313249 0.4146281 -0.014047814)
(-0.023228638 0.24433233 -0.02104916)
(-0.024314351 0.15944522 -0.020882229)
(-0.034309893 0.13152593 -0.01748142)
(-0.039638367 0.12408608 -0.01296976)
(-0.042511574 0.12159493 -0.0080689685)
(-0.043219888 0.11948407 -0.0032226544)
(-0.042262472 0.11668365 0.0012552722)
(-0.04008709 0.11298148 0.0051606993)
(-0.037094483 0.10842247 0.0083809609)
(-0.033620669 0.10315204 0.010877557)
(-0.029935887 0.097353291 0.012669404)
(-0.026247089 0.091212834 0.013819417)
(-0.022703191 0.084901478 0.014410528)
(-0.019403141 0.078564389 0.014538274)
(-0.016404718 0.072317334 0.014299651)
(-0.013733907 0.066247389 0.013785264)
(-0.011393523 0.060416164 0.013074754)
(-0.0093705939 0.054864127 0.012234716)
(-0.0076423375 0.049615073 0.011317946)
(-0.0061806568 0.04468016 0.010366159)
(-0.0049554406 0.040061263 0.0094105266)
(-0.0039368195 0.035753671 0.0084734302)
(-0.0030965087 0.031748141 0.0075702288)
(-0.0024085681 0.028032443 0.0067108454)
(-0.0018497542 0.024592481 0.0059011037)
(-0.0013995979 0.021413108 0.0051438147)
(-0.0010403111 0.018478708 0.0044396349)
(-0.00075659503 0.015773613 0.0037877271)
(-0.00053540023 0.0132824 0.0031862585)
(-0.00036566934 0.010990093 0.0026327695)
(-0.00023807924 0.0088823038 0.0021244402)
(-0.00014480061 0.0069453282 0.0016582804)
(-7.9308167e-05 0.0051661971 0.0012312614)
(-3.6318962e-05 0.0035327071 0.00084040589)
(-1.155405e-05 0.0020334268 0.00048284776)
(-7.7955904e-07 0.00065769016 0.0001558631)
(0.014575647 0.41354971 -0.0069794156)
(-0.023737061 0.24171969 -0.010957228)
(-0.025411102 0.1555589 -0.011227861)
(-0.035563771 0.12583942 -0.0098349196)
(-0.040933597 0.11614939 -0.0077878637)
(-0.043680116 0.11112839 -0.0054252506)
(-0.044138832 0.10675296 -0.0029927168)
(-0.04286067 0.10221255 -0.00067766014)
(-0.040347654 0.097380565 0.0013876698)
(-0.037044179 0.092277339 0.003122355)
(-0.033313697 0.086971528 0.0044910077)
(-0.029440399 0.08154778 0.0054981221)
(-0.025632573 0.076087474 0.006169061)
(-0.022028648 0.070663542 0.0065458107)
(-0.018716806 0.065339457 0.0066776523)
(-0.015741957 0.060165333 0.0066152776)
(-0.01311823 0.055178754 0.0064062397)
(-0.010838916 0.050406303 0.006092368)
(-0.0088827176 0.045865019 0.0057088897)
(-0.0072215251 0.04156514 0.0052837352)
(-0.0058243436 0.037511393 0.0048379027)
(-0.0046585631 0.033703665 0.0043878824)
(-0.0036931867 0.030138513 0.0039455155)
(-0.0028995267 0.026809971 0.0035189078)
(-0.0022517043 0.023710198 0.0031132884)
(-0.0017268305 0.020829982 0.0027317283)
(-0.0013049595 0.018159153 0.002375718)
(-0.00096890388 0.015686911 0.0020456211)
(-0.00070398438 0.013402106 0.0017410225)
(-0.00049775185 0.011293457 0.0014609905)
(-0.00033970869 0.0093497417 0.0012042699)
(-0.00022104043 0.0075599373 0.00096942198)
(-0.00013437048 0.0059133401 0.00075492349)
(-7.3576016e-05 0.0043996508 0.00055923554)
(-3.3668323e-05 0.0030090374 0.00038085002)
(-1.0739828e-05 0.0017321769 0.00021832359)
(-7.1849339e-07 0.00056027927 7.0289469e-05)
(0.014857371 0.41342143 0.00012624245)
(-0.023861877 0.24132966 -0.00049070548)
(-0.025704892 0.15483071 -0.00134533)
(-0.035895589 0.12461679 -0.002104331)
(-0.041249917 0.11415878 -0.0026497576)
(-0.043920301 0.10818929 -0.0029518726)
(-0.044262283 0.10286848 -0.0030328659)
(-0.042848304 0.09750981 -0.002941811)
(-0.040200866 0.09205494 -0.0027336967)
(-0.036780458 0.086552938 -0.0024587155)
(-0.032962359 0.081066645 -0.0021583598)
(-0.029034602 0.075648963 -0.0018619523)
(-0.025199239 0.070341921 -0.0015876675)
(-0.021593816 0.065180733 -0.0013454582)
(-0.018299532 0.060192099 -0.0011387873)
(-0.015355284 0.055395552 -0.00096679639)
(-0.012769859 0.050804835 -0.00082611487)
(-0.010531948 0.046429089 -0.00071219973)
(-0.0086180821 0.042273778 -0.00062023188)
(-0.00699726 0.038341167 -0.00054557684)
(-0.0056366388 0.034631476 -0.00048430095)
(-0.0045038309 0.031142986 -0.00043315709)
(-0.0035673365 0.027871891 -0.00038947352)
(-0.0027985281 0.024812894 -0.0003511866)
(-0.0021717725 0.021959435 -0.00031675234)
(-0.0016645147 0.019303902 -0.00028505155)
(-0.0012571824 0.016837847 -0.00025530046)
(-0.00093297169 0.014552202 -0.00022697173)
(-0.0006775721 0.012437472 -0.00019972854)
(-0.00047887656 0.010483925 -0.00017337116)
(-0.00032669614 0.0086817563 -0.00014779535)
(-0.00021248936 0.0070212306 -0.00012296064)
(-0.00012911869 0.0054928032 -9.8866815e-05)
(-7.0660307e-05 0.0040872148 -7.5536904e-05)
(-3.2333097e-05 0.0027955644 -5.300504e-05)
(-1.0276468e-05 0.0016093621 -3.1294573e-05)
(-6.8762113e-07 0.00052056488 -1.0423331e-05)
(0.014622879 0.41400345 0.0071997444)
(-0.023616122 0.24290955 0.0099624684)
(-0.025267106 0.15735155 0.0085108283)
(-0.035347762 0.12812267 0.0055879658)
(-0.040636031 0.11873284 0.0024383932)
(-0.043292671 0.11373478 -0.00053331201)
(-0.043663911 0.1091269 -0.0031297103)
(-0.042308998 0.10416992 -0.0052582804)
(-0.039734789 0.098825759 -0.0068962553)
(-0.036390513 0.093197642 -0.0080649434)
(-0.032642766 0.087409215 -0.0088123615)
(-0.028775497 0.081575316 -0.009204768)
(-0.024994036 0.075788934 -0.0093065213)
(-0.021432312 0.070121892 -0.0091802707)
(-0.018173384 0.064629146 -0.0088835622)
(-0.015257327 0.059348974 -0.008465935)
(-0.012694179 0.054306465 -0.0079682235)
(-0.010474082 0.049516593 -0.007422837)
(-0.0085735835 0.044986412 -0.0068546468)
(-0.0069632186 0.040717971 -0.0062819801)
(-0.0056112757 0.036709525 -0.0057174606)
(-0.0044849835 0.032956004 -0.0051703631)
(-0.0035535108 0.029450239 -0.0046467364)
(-0.0027885429 0.026183521 -0.0041501944)
(-0.0021646883 0.023146028 -0.0036825931)
(-0.0016595936 0.020327147 -0.0032445485)
(-0.0012538515 0.01771574 -0.0028358245)
(-0.00093078873 0.015300372 -0.0024556174)
(-0.00067619976 0.013069492 -0.0021027619)
(-0.00047806042 0.011011601 -0.0017758789)
(-0.00032624766 0.0091153819 -0.0014734785)
(-0.00021227203 0.0073698161 -0.001194031)
(-0.00012903589 0.0057642659 -0.00093601537)
(-7.0652428e-05 0.0042885442 -0.00069794998)
(-3.2331854e-05 0.0029329609 -0.00047841228)
(-1.0310443e-05 0.0016883528 -0.00027604212)
(-6.8703991e-07 0.00054609996 -8.955652e-05)
(0.014241141 0.41537838 0.014193291)
(-0.023063507 0.24648107 0.019992475)
(-0.024099368 0.16285409 0.018080055)
(-0.033957024 0.135799 0.01311774)
(-0.039130226 0.1288973 0.0074767805)
(-0.041833098 0.12637015 0.0019477714)
(-0.04237398 0.1237478 -0.0030690652)
(-0.041261039 0.12012111 -0.007350609)
(-0.038955541 0.11544836 -0.010801054)
(-0.035869369 0.109914 -0.013411112)
(-0.032345567 0.10375601 -0.015229821)
(-0.028655837 0.097207839 -0.016343125)
(-0.025003337 0.090474354 -0.016859785)
(-0.021529345 0.08372305 -0.016889803)
(-0.018323349 0.077083223 -0.016540558)
(-0.015433646 0.070649014 -0.01590979)
(-0.012877848 0.064484686 -0.01508173)
(-0.010652087 0.058630559 -0.014125802)
(-0.0087385301 0.053108642 -0.013096976)
(-0.0071112238 0.047927527 -0.012036636)
(-0.0057403163 0.043086293 -0.010976146)
(-0.0045950148 0.038577497 -0.0099378577)
(-0.0036455138 0.0343894 -0.0089369643)
(-0.0028640802 0.030507573 -0.0079831835)
(-0.0022256132 0.026916033 -0.007082155)
(-0.0017078494 0.023598031 -0.0062365522)
(-0.0012913397 0.020536597 -0.0054469456)
(-0.00095929125 0.017714917 -0.0047124584)
(-0.00069733529 0.015116584 -0.0040312548)
(-0.00049326726 0.012725775 -0.0034008968)
(-0.00033678066 0.01052736 -0.0028186006)
(-0.00021920969 0.0085069769 -0.0022814176)
(-0.00013329373 0.0066510693 -0.0017863586)
(-7.2992398e-05 0.004946902 -0.0013304774)
(-3.3422005e-05 0.0033825611 -0.00091092457)
(-1.0630915e-05 0.0019469381 -0.00052498112)
(-7.1359234e-07 0.00062970715 -0.00017008275)
(0.014389936 0.41786486 0.02088564)
(-0.022036201 0.2522731 0.029366732)
(-0.022142523 0.17096883 0.027189434)
(-0.031770171 0.14630444 0.020392233)
(-0.036808888 0.14258517 0.012474647)
(-0.039606571 0.14315776 0.0045982696)
(-0.040434411 0.14302069 -0.0026584169)
(-0.039722003 0.14106913 -0.0089673797)
(-0.037857706 0.13728035 -0.014169962)
(-0.035194673 0.13194147 -0.01822248)
(-0.032037417 0.12542004 -0.021162021)
(-0.028638144 0.11808107 -0.023081657)
(-0.02519629 0.11025181 -0.024109947)
(-0.021860209 0.10220679 -0.024393)
(-0.018731675 0.094163939 -0.024080016)
(-0.015873005 0.086287161 -0.023312055)
(-0.013315082 0.078692655 -0.022214706)
(-0.011065314 0.071457067 -0.020894413)
(-0.009114767 0.06462587 -0.01943767)
(-0.0074440383 0.058221048 -0.017912164)
(-0.0060278705 0.052247625 -0.016369042)
(-0.004838528 0.046698873 -0.014845559)
(-0.0038480585 0.041560304 -0.01336775)
(-0.0030297274 0.036812623 -0.011952878)
(-0.0023588488 0.032433831 -0.01061154)
(-0.0018131922 0.028400699 -0.0093493999)
(-0.0013731047 0.024689755 -0.0081685594)
(-0.0010214538 0.021277947 -0.0070686243)
(-0.00074346618 0.018143046 -0.0060475058)
(-0.00052651214 0.015263899 -0.0051020163)
(-0.00035986858 0.012620563 -0.0042283032)
(-0.00023447784 0.010194361 -0.0034221581)
(-0.00014271979 0.0079678927 -0.0026792331)
(-7.8240274e-05 0.0059250048 -0.0019951887)
(-3.5847645e-05 0.0040507494 -0.0013657923)
(-1.144864e-05 0.0023313226 -0.00078698086)
(-7.663352e-07 0.00075399976 -0.00025490463)
(0.014829067 0.4214186 0.026879617)
(-0.020573577 0.26007063 0.037965312)
(-0.019472661 0.18092425 0.035749176)
(-0.028900649 0.15839589 0.027352787)
(-0.033793367 0.15758302 0.017442677)
(-0.03672837 0.16106465 0.0075068778)
(-0.037933456 0.16326073 -0.0017400936)
(-0.037744129 0.16289745 -0.0098997485)
(-0.036458857 0.15999254 -0.016766126)
(-0.034356732 0.15492818 -0.022258733)
(-0.031691479 0.14817395 -0.026386519)
(-0.028687787 0.14019344 -0.02922683)
(-0.025537058 0.13140796 -0.030907992)
(-0.022393735 0.1221802 -0.031591218)
(-0.019374166 0.1128074 -0.031452775)
(-0.016558611 0.1035213 -0.030668196)
(-0.013995772 0.094492952 -0.029400383)
(-0.011708745 0.08584081 -0.027792211)
(-0.0097013096 0.077640225 -0.025963217)
(-0.0079637465 0.069932928 -0.024009385)
(-0.0064777417 0.0627356 -0.022004962)
(-0.0052202101 0.056047055 -0.020005313)
(-0.0041660866 0.049853966 -0.01805015)
(-0.0032902376 0.044135212 -0.016166679)
(-0.0025686815 0.038865076 -0.014372418)
(-0.0019792937 0.034015514 -0.012677583)
(-0.0015021497 0.029557723 -0.011087033)
(-0.0011196256 0.025463171 -0.0096017907)
(-0.00081634388 0.021704267 -0.0082202212)
(-0.00057903028 0.018254756 -0.0069389113)
(-0.00039632258 0.015089931 -0.0057533208)
(-0.00025855631 0.012186733 -0.0046582538)
(-0.00015755268 0.0095237557 -0.003648192)
(-8.6450753e-05 0.0070812118 -0.002717528)
(-3.9661069e-05 0.0048408634 -0.0018607233)
(-1.2650945e-05 0.0027859337 -0.0010724042)
(-8.5490282e-07 0.00090101296 -0.00034743711)
(0.01522253 0.42581222 0.031922863)
(-0.018812036 0.26941759 0.045649335)
(-0.0162415 0.19198563 0.043674251)
(-0.025520025 0.17086128 0.03395288)
(-0.030236953 0.17217183 0.022380244)
(-0.033317907 0.17791782 0.010724497)
(-0.034942368 0.18200692 -0.00021378935)
(-0.035342067 0.18302199 -0.010004624)
(-0.034719662 0.18100564 -0.018414267)
(-0.033274734 0.17638884 -0.025327088)
(-0.031201699 0.16968215 -0.030710438)
(-0.028688746 0.16138829 -0.034603284)
(-0.025911908 0.15197528 -0.037107752)
(-0.023027107 0.14186236 -0.03837586)
(-0.020163476 0.13140942 -0.038591596)
(-0.017419951 0.1209107 -0.03795178)
(-0.014865486 0.11059414 -0.036649293)
(-0.012542128 0.10062597 -0.034860813)
(-0.010469762 0.091118922 -0.032739573)
(-0.0086513912 0.082142048 -0.030412491)
(-0.0070781357 0.073730551 -0.027980515)
(-0.0057334938 0.065894654 -0.025520975)
(-0.0045966912 0.058626989 -0.023090924)
(-0.0036451454 0.051908444 -0.020730754)
(-0.0028561686 0.045712574 -0.018467646)
(-0.0022080628 0.040008819 -0.016318612)
(-0.0016807607 0.034764767 -0.014293042)
(-0.0012561446 0.029947696 -0.012394767)
(-0.0009181486 0.02552558 -0.010623664)
(-0.00065272016 0.021467713 -0.0089768932)
(-0.00044769914 0.017745071 -0.0074498198)
(-0.00029264654 0.014330487 -0.0060366914)
(-0.00017865636 0.011198712 -0.0047311285)
(-9.8212841e-05 0.008326389 -0.0035264702)
(-4.5126545e-05 0.0056919922 -0.0024160159)
(-1.4452678e-05 0.003275725 -0.0013931849)
(-9.795839e-07 0.0010594133 -0.00045163065)
(0.015625603 0.43095401 0.035817362)
(-0.016796558 0.28002391 0.05232121)
(-0.012595491 0.20362087 0.050891061)
(-0.021794003 0.18293558 0.040127935)
(-0.026264089 0.18534913 0.027253237)
(-0.029448744 0.19257008 0.014241436)
(-0.031467539 0.19807995 0.001936987)
(-0.032449022 0.20031109 -0.0092307467)
(-0.032506767 0.19927799 -0.019023446)
(-0.031763937 0.19539268 -0.027297969)
(-0.030351668 0.18913311 -0.033974189)
(-0.02841298 0.18097294 -0.039035906)
(-0.026098136 0.17137218 -0.04253545)
(-0.023555094 0.16076951 -0.044590017)
(-0.020918996 0.14956766 -0.045368066)
(-0.018303884 0.13811762 -0.045069577)
(-0.015798225 0.12670792 -0.043905387)
(-0.013464275 0.11556137 -0.042079657)
(-0.011340401 0.10483877 -0.03977753)
(-0.0094450965 0.094646898 -0.037158197)
(-0.0077816022 0.085048643 -0.034352512)
(-0.0063423359 0.076073137 -0.031463822)
(-0.0051126969 0.06772486 -0.028570738)
(-0.0040740813 0.059991167 -0.025730805)
(-0.0032061166 0.052848197 -0.022984365)
(-0.0024882181 0.046265285 -0.020358178)
(-0.0019006031 0.040208141 -0.017868591)
(-0.0014248956 0.03464107 -0.015524171)
(-0.0010444373 0.029528455 -0.013327827)
(-0.00074440089 0.024835708 -0.011278462)
(-0.00051177005 0.020529855 -0.0093722348)
(-0.00033523595 0.016579851 -0.0076035041)
(-0.00020505236 0.012956722 -0.0059655213)
(-0.00011291824 0.0096335938 -0.0044509298)
(-5.1987393e-05 0.0065856483 -0.0030521196)
(-1.6658831e-05 0.0037900326 -0.0017614781)
(-1.1414853e-06 0.0012257483 -0.0005715614)
(0.015971986 0.43642194 0.038428321)
(-0.014988471 0.29129385 0.057941623)
(-0.0087867284 0.21541539 0.057281598)
(-0.017898029 0.19424286 0.045770503)
(-0.021968458 0.19671315 0.031975397)
(-0.025158296 0.20462097 0.017974924)
(-0.027479945 0.21111296 0.0046384154)
(-0.028966537 0.2144373 -0.0076261411)
(-0.029658188 0.214518 -0.018596424)
(-0.02960947 0.21168411 -0.028116392)
(-0.028889205 0.20631601 -0.036063841)
(-0.027588957 0.19879402 -0.042361578)
(-0.025822256 0.18951232 -0.04699608)
(-0.023716765 0.17888422 -0.050027024)
(-0.021402686 0.16732718 -0.051582731)
(-0.019001213 0.15523718 -0.051844032)
(-0.016615772 0.14296431 -0.051022366)
(-0.014327262 0.13079712 -0.049337937)
(-0.012193103 0.11895729 -0.04700187)
(-0.010249122 0.10760285 -0.044204101)
(-0.0085130737 0.096836584 -0.041106895)
(-0.0069887457 0.086716693 -0.037842928)
(-0.0056699341 0.077267414 -0.034516514)
(-0.0045438747 0.068488468 -0.031206657)
(-0.0035939823 0.0603628 -0.027970927)
(-0.0028018961 0.052862568 -0.024849446)
(-0.0021489197 0.04595357 -0.021868595)
(-0.0016169708 0.039598412 -0.019044228)
(-0.0011891613 0.033758673 -0.01638434)
(-0.00085010826 0.028396342 -0.013891209)
(-0.00058605713 0.023474724 -0.011563062)
(-0.00038487636 0.018958977 -0.0093953512)
(-0.00023597681 0.014816394 -0.0073817038)
(-0.00013025109 0.011016511 -0.0055146242)
(-6.0090157e-05 0.0075311146 -0.0037860017)
(-1.933899e-05 0.0043341733 -0.0021874736)
(-1.331443e-06 0.0014017337 -0.00071068337)
(0.01636481 0.4417104 0.040033242)
(-0.013305895 0.3025623 0.062587096)
(-0.0051388913 0.22710394 0.062637836)
(-0.013961881 0.20469954 0.050688768)
(-0.017403635 0.20626163 0.036401971)
(-0.020471489 0.21410254 0.021776974)
(-0.022966603 0.22113831 0.0077394864)
(-0.024835912 0.225398 -0.0053248101)
(-0.026064722 0.22666514 -0.017223827)
(-0.026652811 0.22514345 -0.027807724)
(-0.026612614 0.22107282 -0.036927851)
(-0.025982822 0.21468918 -0.04445281)
(-0.024832439 0.2062641 -0.0502986)
(-0.023257076 0.19613181 -0.054452309)
(-0.021369248 0.18468284 -0.056980307)
(-0.019286046 0.17233317 -0.058020448)
(-0.017117553 0.15948604 -0.057763079)
(-0.014958317 0.14649989 -0.056427469)
(-0.012882748 0.13366917 -0.054239423)
(-0.010944105 0.12121813 -0.051413648)
(-0.0091760931 0.10930451 -0.048142131)
(-0.0075959503 0.098028814 -0.044588187)
(-0.006208109 0.087445786 -0.040884952)
(-0.0050077527 0.077575714 -0.037136891)
(-0.0039839112 0.06841431 -0.033423021)
(-0.0031219454 0.059940697 -0.029800861)
(-0.0024054194 0.052123529 -0.026310449)
(-0.0018174356 0.044925463 -0.022978053)
(-0.0013415278 0.038306321 -0.019819372)
(-0.00096222007 0.032225224 -0.016842197)
(-0.00066533629 0.026642 -0.014048547)
(-0.00043812832 0.021518048 -0.011436324)
(-0.0002692917 0.016816835 -0.0090005978)
(-0.00014897234 0.01250415 -0.0067345526)
(-6.8893628e-05 0.0085481874 -0.0046302012)
(-2.2203709e-05 0.0049195265 -0.0026788897)
(-1.5466938e-06 0.0015910478 -0.00087167746)
(0.016704218 0.44699296 0.040835661)
(-0.011253339 0.31392837 0.06596655)
(-0.0013563053 0.23876097 0.066726991)
(-0.009942703 0.2144657 0.054744723)
(-0.012545903 0.21424089 0.040400289)
(-0.015410124 0.2212915 0.025480236)
(-0.017948686 0.22839658 0.011050886)
(-0.020059706 0.23334581 -0.0025142927)
(-0.021698613 0.23575177 -0.015065759)
(-0.022826019 0.23567581 -0.026477369)
(-0.023408769 0.23320135 -0.036595225)
(-0.023438006 0.22838993 -0.045250974)
(-0.022936815 0.22134301 -0.052298126)
(-0.021961325 0.21225824 -0.057647644)
(-0.020595109 0.20144418 -0.061290006)
(-0.018938822 0.18929496 -0.063299399)
(-0.017098121 0.17624307 -0.063822204)
(-0.015172764 0.16271027 -0.063055692)
(-0.013248789 0.14907001 -0.061223598)
(-0.011394337 0.13562649 -0.058553946)
(-0.0096586821 0.12260882 -0.055262155)
(-0.008073488 0.11017581 -0.051540076)
(-0.0066555282 0.09842657 -0.047550526)
(-0.0054099074 0.087413039 -0.043426128)
(-0.0043332183 0.077152033 -0.039270998)
(-0.0034163017 0.067635614 -0.03516402)
(-0.0026464813 0.05883937 -0.031162762)
(-0.0020092662 0.050728668 -0.027307445)
(-0.0014895802 0.043263201 -0.023624572)
(-0.0010726006 0.03640014 -0.020130086)
(-0.00074429229 0.030096268 -0.016831979)
(-0.00049170629 0.024309346 -0.013732394)
(-0.0003031218 0.018998949 -0.010829272)
(-0.00016816026 0.014126937 -0.0081176213)
(-7.7969668e-05 0.0096576669 -0.0055904709)
(-2.5234959e-05 0.0055580612 -0.0032395839)
(-1.7719071e-06 0.0017975609 -0.0010559891)
(0.016767563 0.45232843 0.040763786)
(-0.0088358986 0.32547221 0.068164612)
(0.002343766 0.25068242 0.069439868)
(-0.005774366 0.22387143 0.058011675)
(-0.0074023727 0.221071 0.043886196)
(-0.010026918 0.22663715 0.028927373)
(-0.012480838 0.23329278 0.014379993)
(-0.014689442 0.23858696 0.00059399218)
(-0.016597395 0.24194753 -0.012329582)
(-0.018137225 0.24329301 -0.024301533)
(-0.019244465 0.24255875 -0.035183081)
(-0.019873559 0.23962806 -0.044791053)
(-0.020007399 0.23440477 -0.052934612)
(-0.019661891 0.22690007 -0.059457888)
(-0.018884996 0.21727962 -0.064273622)
(-0.017750402 0.20585832 -0.067380249)
(-0.016347542 0.19305557 -0.068861286)
(-0.014770476 0.17933363 -0.068870616)
(-0.013108212 0.16514018 -0.067609599)
(-0.011438043 0.15086742 -0.065302403)
(-0.0098218625 0.13683102 -0.062176065)
(-0.0083048161 0.12326563 -0.058444372)
(-0.0069164785 0.11033137 -0.054297005)
(-0.0056731835 0.098126003 -0.049894832)
(-0.0045807828 0.086698644 -0.045369076)
(-0.0036373696 0.076062607 -0.040823071)
(-0.0028356942 0.066206286 -0.03633546)
(-0.0021651457 0.057101717 -0.031963991)
(-0.0016132813 0.048710979 -0.027749336)
(-0.0011669493 0.040990793 -0.023718596)
(-0.0008130673 0.033895687 -0.019888351)
(-0.0005391214 0.027380112 -0.016267193)
(-0.00033346649 0.021399778 -0.012857777)
(-0.00018556224 0.015912459 -0.0096584363)
(-8.6310386e-05 0.010878427 -0.0066644364)
(-2.8013386e-05 0.0062606424 -0.0038689325)
(-1.9940588e-06 0.0020247871 -0.0012636942)
(0.016757135 0.4576527 0.03978221)
(-0.0066735019 0.33726622 0.069110429)
(0.0054169312 0.26307546 0.070532422)
(-0.001273492 0.2332808 0.060640459)
(-0.0020920038 0.22728892 0.046693457)
(-0.0043935698 0.23073157 0.031944692)
(-0.0066190297 0.23639735 0.017537852)
(-0.0087830771 0.24161809 0.0037849024)
(-0.010814439 0.2456311 -0.0092470442)
(-0.012624182 0.24821936 -0.021508367)
(-0.014127471 0.2491932 -0.032888046)
(-0.015255472 0.24827878 -0.04320792)
(-0.015962176 0.24518323 -0.052255338)
(-0.016229497 0.2397031 -0.059827145)
(-0.016069561 0.23180794 -0.065769778)
(-0.01552304 0.22166919 -0.070006498)
(-0.014653428 0.20963397 -0.072548335)
(-0.013537661 0.19616269 -0.07348966)
(-0.01225549 0.18175577 -0.072991293)
(-0.010887682 0.1668904 -0.071251845)
(-0.0094992145 0.15197857 -0.068492614)
(-0.0081469774 0.13734718 -0.064938152)
(-0.0068713641 0.12323558 -0.060797093)
(-0.0056998353 0.10980434 -0.056254631)
(-0.0046484471 0.097149042 -0.051468154)
(-0.0037239832 0.085315311 -0.046566533)
(-0.002926233 0.074312446 -0.041651809)
(-0.0022500625 0.064124783 -0.036802215)
(-0.0016871381 0.054720515 -0.032075744)
(-0.0012272761 0.04605822 -0.027513739)
(-0.00085945108 0.038091493 -0.02314421)
(-0.0005725006 0.03077212 -0.018984727)
(-0.0003556002 0.024052148 -0.015044847)
(-0.00019865667 0.0178852 -0.011328084)
(-9.2740906e-05 0.012227229 -0.0078334907)
(-3.0261591e-05 0.0070369208 -0.0045568788)
(-2.1784149e-06 0.002275848 -0.0014917821)
(0.017023937 0.4629044 0.037986052)
(-0.0051954899 0.34941845 0.068647474)
(0.0080076487 0.27608261 0.07037905)
(0.0034807731 0.24311652 0.062189252)
(0.0030993521 0.23351946 0.048694988)
(0.0015024283 0.23428565 0.034400687)
(-0.00035563548 0.23844639 0.020352868)
(-0.0023513732 0.24314786 0.0068533044)
(-0.0043659957 0.24743725 -0.0060545358)
(-0.0062976852 0.25096768 -0.018353564)
(-0.008052209 0.25344957 -0.029962891)
(-0.009549831 0.2544893 -0.040720918)
(-0.01072884 0.25362773 -0.050413386)
(-0.011547987 0.25045166 -0.058814194)
(-0.011989278 0.24470593 -0.065726049)
(-0.012059685 0.23636265 -0.071011712)
(-0.011791616 0.22562975 -0.074611641)
(-0.011237622 0.2129052 -0.076551834)
(-0.010439074 0.19869991 -0.076941415)
(-0.0095234461 0.18355636 -0.075936093)
(-0.0084835406 0.1679814 -0.073737021)
(-0.0074147379 0.15240507 -0.070558334)
(-0.00635918 0.13716303 -0.066613515)
(-0.0053535508 0.12249708 -0.062103747)
(-0.0044235526 0.10856623 -0.057207568)
(-0.0035851382 0.095462296 -0.05207714)
(-0.0028462454 0.083226161 -0.046837766)
(-0.0022086374 0.071862157 -0.041589454)
(-0.0016695943 0.061349852 -0.036409647)
(-0.0012233579 0.05165308 -0.031356462)
(-0.00086229244 0.042726546 -0.026471982)
(-0.00057776322 0.034520467 -0.021785309)
(-0.00036077979 0.026983704 -0.017315259)
(-0.00020253623 0.020065794 -0.013072641)
(-9.5018433e-05 0.013718203 -0.009062132)
(-3.1162134e-05 0.0078950327 -0.0052837765)
(-2.2901416e-06 0.002553375 -0.0017341985)
(0.017448656 0.46805061 0.03559187)
(-0.003894988 0.36185464 0.066657865)
(0.010599631 0.28983917 0.069359886)
(0.0081853258 0.25384711 0.062240164)
(0.0084371021 0.240473 0.049728063)
(0.0076954069 0.2381618 0.036139002)
(0.0063561177 0.24036357 0.022650525)
(0.0046750179 0.24412051 0.0095964926)
(0.0028220641 0.24829085 -0.0029859935)
(0.00091742803 0.25239189 -0.015099457)
(-0.00093940362 0.25604888 -0.026684378)
(-0.002667079 0.25878725 -0.037596416)
(-0.0042000846 0.26003332 -0.047630776)
(-0.00548601 0.25920523 -0.056560222)
(-0.0064869969 0.25583309 -0.064171911)
(-0.0071775044 0.24966121 -0.070297134)
(-0.0075558978 0.24070019 -0.074822139)
(-0.007666272 0.22921708 -0.077713117)
(-0.0074736873 0.21567216 -0.078999864)
(-0.0070702585 0.20063077 -0.078828802)
(-0.0065332694 0.18467495 -0.077341119)
(-0.0058909134 0.16833738 -0.074714214)
(-0.0051854627 0.15206202 -0.071158217)
(-0.0044660843 0.13618935 -0.066876192)
(-0.0037646842 0.12095991 -0.062056919)
(-0.0031049325 0.10652802 -0.056868809)
(-0.002503068 0.092979303 -0.05145651)
(-0.001968696 0.080348042 -0.045940207)
(-0.0015060277 0.06863223 -0.040416837)
(-0.0011152017 0.057805678 -0.034962411)
(-0.00079346188 0.047827164 -0.029634824)
(-0.00053611968 0.038647044 -0.024476761)
(-0.00033731377 0.030211836 -0.019518424)
(-0.00019068136 0.022467282 -0.014779981)
(-9.0044612e-05 0.015360296 -0.010273653)
(-2.9780987e-05 0.0088401329 -0.006005458)
(-2.2338765e-06 0.0028590355 -0.0019766507)
(0.017834154 0.47311301 0.032711654)
(-0.0027388827 0.3746191 0.063154716)
(0.013359795 0.30461232 0.067008901)
(0.012914985 0.26618183 0.060922016)
(0.014105044 0.24904357 0.049615688)
(0.014338074 0.24342582 0.036952645)
(0.013692668 0.24333177 0.024221343)
(0.01249575 0.2457839 0.011790991)
(0.010966657 0.24946676 -0.00028713555)
(0.0092449909 0.25374744 -0.012015452)
(0.0074333517 0.2581582 -0.023338476)
(0.0056119675 0.26217175 -0.034121743)
(0.0038463424 0.26515777 -0.044172808)
(0.002191238 0.26643577 -0.053277166)
(0.0006894724 0.26537553 -0.061230029)
(-0.00059858452 0.26150894 -0.067859214)
(-0.0016444364 0.25461927 -0.073039878)
(-0.0024377702 0.24477993 -0.076703706)
(-0.0029906128 0.23232831 -0.078837698)
(-0.0032979177 0.21779066 -0.079477515)
(-0.0034135817 0.2017846 -0.078728871)
(-0.0033316538 0.18492788 -0.076766215)
(-0.0031305976 0.16777236 -0.073761294)
(-0.0028438516 0.15076815 -0.069897865)
(-0.0025039974 0.1342536 -0.065359896)
(-0.0021414809 0.11846243 -0.060319998)
(-0.0017801297 0.10354 -0.054933415)
(-0.0014372422 0.089562505 -0.049334745)
(-0.0011245395 0.076555256 -0.043637062)
(-0.00084915439 0.064508234 -0.037932739)
(-0.00061458226 0.053388332 -0.032295264)
(-0.00042155677 0.043148494 -0.02678155)
(-0.00026881893 0.033734224 -0.021434383)
(-0.0001538268 0.025088047 -0.016284771)
(-7.351402e-05 0.01715243 -0.011354083)
(-2.4640781e-05 0.009871604 -0.0066559087)
(-1.9357499e-06 0.00319263 -0.0021976571)
(0.018179417 0.47819983 0.02937408)
(-0.0015982724 0.38788742 0.058193927)
(0.016021936 0.32076162 0.06304149)
(0.017777638 0.28075296 0.058133185)
(0.020241134 0.26028664 0.04814155)
(0.021673406 0.25142592 0.036589146)
(0.021970067 0.24889521 0.024799904)
(0.021482301 0.24980361 0.013170755)
(0.020470724 0.25269306 0.0017748599)
(0.019093941 0.25677018 -0.0093698241)
(0.017457944 0.2614555 -0.020191334)
(0.015643106 0.26617789 -0.030553636)
(0.013716814 0.27029999 -0.040275297)
(0.01174151 0.27312444 -0.049160706)
(0.0097802278 0.27395102 -0.057030418)
(0.00789627 0.27216637 -0.063732807)
(0.0061472792 0.26734629 -0.06915591)
(0.0045792896 0.25933888 -0.07321897)
(0.0032170323 0.24829259 -0.07588896)
(0.0021100877 0.23461862 -0.077183161)
(0.0012199417 0.218905 -0.077165394)
(0.00054561681 0.20181238 -0.075920861)
(7.1339961e-05 0.18398247 -0.073580566)
(-0.00023917311 0.16597502 -0.070301667)
(-0.00042257155 0.14823658 -0.066248771)
(-0.00050710734 0.13109495 -0.061585044)
(-0.00052066678 0.11477021 -0.056464284)
(-0.00048692197 0.099393519 -0.051025738)
(-0.00042483913 0.085027775 -0.045391298)
(-0.00034900336 0.071686601 -0.039664595)
(-0.00027015099 0.0593501 -0.033931464)
(-0.00019576982 0.047977038 -0.028261256)
(-0.00013071373 0.037513783 -0.022708623)
(-7.7825971e-05 0.027900591 -0.017315467)
(-3.8560712e-05 0.019075816 -0.012112859)
(-1.3482508e-05 0.010978628 -0.007122821)
(-1.1802529e-06 0.0035506587 -0.00235994)
(0.018525325 0.48345524 0.025636331)
(-0.00054044697 0.40199071 0.051855799)
(0.018692696 0.33887671 0.057301053)
(0.022985646 0.29855205 0.053554566)
(0.027148625 0.27566885 0.044954696)
(0.03014226 0.26403748 0.034681467)
(0.031731722 0.25920879 0.024023843)
(0.032246963 0.25848542 0.013389533)
(0.031973222 0.26031645 0.0028932977)
(0.031089027 0.26376165 -0.007413281)
(0.029710963 0.26813283 -0.017432996)
(0.027929409 0.2728241 -0.027021806)
(0.025827553 0.27723259 -0.036010747)
(0.023489411 0.28072373 -0.044234662)
(0.021001828 0.2826295 -0.051553139)
(0.018452764 0.28228933 -0.057856413)
(0.015926309 0.2791358 -0.063060111)
(0.013499376 0.27280499 -0.06710619)
(0.011236917 0.26321926 -0.069962017)
(0.009186662 0.25060589 -0.071616089)
(0.0073791627 0.23544799 -0.07208986)
(0.0058255118 0.21838706 -0.071442012)
(0.0045153038 0.20011426 -0.06975787)
(0.0034403882 0.18127998 -0.067146391)
(0.0025744337 0.16243622 -0.063735726)
(0.0018902102 0.14401179 -0.05966259)
(0.0013597444 0.12631234 -0.055063574)
(0.00095613627 0.1095353 -0.050068717)
(0.00065491253 0.093791001 -0.044797104)
(0.00043470059 0.079124408 -0.03935431)
(0.0002774111 0.065534397 -0.033831337)
(0.0001681185 0.052989294 -0.02830468)
(9.476957e-05 0.041438672 -0.022837118)
(4.783207e-05 0.03082184 -0.017478953)
(1.9932529e-05 0.02107369 -0.012269433)
(5.5395924e-06 0.012128544 -0.0072382036)
(1.5965733e-07 0.0039225604 -0.0024067398)
(0.018939444 0.4890919 0.021542396)
(0.00035784661 0.41760187 0.044218209)
(0.021750306 0.36015865 0.049484832)
(0.029105406 0.32134741 0.046715925)
(0.035536787 0.29751487 0.039549442)
(0.040569706 0.28402074 0.030716867)
(0.043859373 0.27726253 0.021418926)
(0.045665758 0.27483615 0.012067521)
(0.046279317 0.27520401 0.0028074709)
(0.045922147 0.27736467 -0.0062855517)
(0.044746545 0.2805689 -0.015080066)
(0.042874012 0.28421781 -0.023433874)
(0.040430058 0.28778858 -0.031204037)
(0.037545504 0.29076967 -0.038264734)
(0.034350761 0.29260856 -0.044521572)
(0.030970848 0.29269463 -0.049912288)
(0.027519515 0.29040434 -0.054393131)
(0.0241023 0.28521174 -0.057941911)
(0.020809553 0.27681262 -0.060545978)
(0.017713767 0.26520638 -0.062195483)
(0.014868374 0.25070349 -0.062892782)
(0.012306983 0.23385661 -0.06265912)
(0.010044728 0.21535001 -0.061539131)
(0.0080813204 0.1958877 -0.059599968)
(0.0064047863 0.17610811 -0.056927533)
(0.0049950228 0.1565352 -0.053621248)
(0.0038270053 0.13756237 -0.049787522)
(0.0028734322 0.11945904 -0.045533635)
(0.0021067216 0.10238956 -0.040962789)
(0.0015003921 0.086436187 -0.036170569)
(0.0010299221 0.071621307 -0.031242736)
(0.00067319716 0.057926265 -0.026254158)
(0.00041067108 0.045306189 -0.021268586)
(0.00022543006 0.033700952 -0.01633904)
(0.00010336032 0.023042888 -0.01150856)
(3.2915825e-05 0.013261969 -0.0068111366)
(2.1650447e-06 0.0042891291 -0.0022727808)
(0.01958151 0.49541541 0.01691922)
(0.0021282219 0.43592091 0.034883604)
(0.026213134 0.38662181 0.039027479)
(0.037293006 0.3516431 0.03700393)
(0.046545362 0.32861942 0.031333093)
(0.053985461 0.31423813 0.024185005)
(0.059188483 0.30576228 0.016605131)
(0.062334324 0.30123416 0.0089777256)
(0.063707869 0.29930664 0.0014478381)
(0.063635189 0.29909747 -0.0058452232)
(0.062353026 0.29990198 -0.01280436)
(0.060047432 0.30121555 -0.019325494)
(0.05691869 0.30264147 -0.025307277)
(0.053169797 0.30381676 -0.03067151)
(0.048991931 0.30433429 -0.035371893)
(0.04455379 0.30367997 -0.039380998)
(0.040006184 0.30124026 -0.042697598)
(0.035476906 0.2963886 -0.045335342)
(0.031071604 0.28862556 -0.047299187)
(0.026875502 0.27771811 -0.048589511)
(0.022954101 0.26376709 -0.0492055)
(0.019353663 0.24718188 -0.049151584)
(0.01610226 0.22858419 -0.048443702)
(0.013211694 0.20868559 -0.047113061)
(0.010680122 0.18817845 -0.045206641)
(0.0084950038 0.16766222 -0.04278495)
(0.006636018 0.14760801 -0.039918108)
(0.0050776979 0.12835354 -0.03668141)
(0.003791675 0.11011693 -0.033151158)
(0.0027484706 0.093019127 -0.029401228)
(0.0019188455 0.077107889 -0.025500548)
(0.001274732 0.062379421 -0.021511452)
(0.0007898407 0.048795987 -0.017488793)
(0.00044021987 0.036299299 -0.013479656)
(0.00020501965 0.024820132 -0.0095234774)
(6.6641413e-05 0.014284903 -0.0056524482)
(4.7131507e-06 0.0046199617 -0.0018921223)
(0.020592339 0.5019552 0.011162343)
(0.0055528061 0.45601072 0.022916665)
(0.032465987 0.41697299 0.025278695)
(0.047630112 0.3877123 0.023786855)
(0.059811288 0.36676065 0.019815302)
(0.069494533 0.35198249 0.01481594)
(0.076280055 0.34159083 0.0095651092)
(0.080304611 0.33427162 0.0043597329)
(0.082014184 0.32910153 -0.00066793791)
(0.08179769 0.3254249 -0.005419513)
(0.079944429 0.32275162 -0.0098491149)
(0.076790983 0.32074083 -0.013905756)
(0.072647519 0.31913075 -0.017544456)
(0.067791101 0.31767854 -0.020736454)
(0.062466426 0.31608382 -0.023472521)
(0.056883383 0.3139136 -0.025760359)
(0.051216317 0.31057534 -0.027620456)
(0.045605274 0.30537887 -0.029074407)
(0.040160755 0.29768186 -0.030139186)
(0.034969234 0.28705933 -0.030823871)
(0.030096797 0.27341923 -0.031130852)
(0.025591446 0.25701944 -0.031060175)
(0.021484728 0.23839307 -0.030614732)
(0.017793292 0.21822508 -0.029804398)
(0.014520656 0.19722781 -0.028648113)
(0.011659245 0.17604717 -0.027173909)
(0.0091925651 0.1552097 -0.0254174)
(0.0070973872 0.13510566 -0.023419458)
(0.005345804 0.11599664 -0.021223671)
(0.0039070671 0.098035985 -0.018874015)
(0.0027491382 0.08129346 -0.016412949)
(0.0018399016 0.065778641 -0.01388002)
(0.0011480902 0.051460661 -0.011310947)
(0.00064425282 0.038283533 -0.0087371232)
(0.00030214818 0.026177353 -0.0061854318)
(9.9049785e-05 0.015066068 -0.0036782953)
(7.2324621e-06 0.0048725999 -0.0012339148)
(0.021464245 0.50656231 0.0038695351)
(0.0087853112 0.47085475 0.0077449556)
(0.037767129 0.43990022 0.0080782705)
(0.05583114 0.41529296 0.0070085586)
(0.069944549 0.39599806 0.0050946505)
(0.080903631 0.38074827 0.0029129347)
(0.088430929 0.36855891 0.00078024465)
(0.092742223 0.35870877 -0.0011828373)
(0.094326473 0.35066349 -0.0029271116)
(0.093652858 0.34402779 -0.0044653434)
(0.09115583 0.33850385 -0.0057826928)
(0.087243802 0.33386433 -0.0068789309)
(0.082284052 0.32992191 -0.0077716205)
(0.07659994 0.32648302 -0.0084773884)
(0.070466756 0.32328249 -0.0090145408)
(0.064112188 0.31990856 -0.0094021805)
(0.057719153 0.31576835 -0.0096609588)
(0.051429873 0.31013564 -0.0098101171)
(0.045352999 0.30229119 -0.0098641659)
(0.039571297 0.29170399 -0.0098324709)
(0.034146822 0.27817037 -0.0097196837)
(0.029124455 0.26185449 -0.0095272067)
(0.024534184 0.24322801 -0.0092551868)
(0.020392628 0.22294895 -0.0089043437)
(0.016704372 0.20173064 -0.0084772004)
(0.013463419 0.18023746 -0.0079786031)
(0.010654819 0.15902206 -0.0074156471)
(0.0082564309 0.13850121 -0.0067972179)
(0.0062407227 0.11895934 -0.006133357)
(0.0045765063 0.10056738 -0.0054346078)
(0.0032305038 0.083407276 -0.0047114418)
(0.002168653 0.067496231 -0.0039738076)
(0.0013571719 0.052807459 -0.0032308148)
(0.0007637478 0.03928653 -0.0024905408)
(0.00035923179 0.026863421 -0.001759935)
(0.00011823395 0.015460937 -0.0010447963)
(8.7527915e-06 0.0050003041 -0.00034981987)
(0.021461745 0.50680746 -0.0041975705)
(0.0087224275 0.47143882 -0.0090054828)
(0.037567647 0.44035137 -0.010696073)
(0.055366741 0.4151997 -0.011323046)
(0.069213759 0.39516941 -0.010947969)
(0.079916257 0.37918777 -0.0099409136)
(0.087211663 0.36638687 -0.0085593765)
(0.091323884 0.35609984 -0.0069192069)
(0.092751204 0.347805 -0.0050963094)
(0.091995936 0.3410893 -0.0031513785)
(0.089496406 0.33560955 -0.0011378447)
(0.085621271 0.33111241 0.0008739886)
(0.080716207 0.32738801 0.0028304316)
(0.075105795 0.32420501 0.0046839956)
(0.06906435 0.32126534 0.0063968534)
(0.062813633 0.31811288 0.0079428101)
(0.056526828 0.31414009 0.0093053778)
(0.050342946 0.30862527 0.010474252)
(0.044370442 0.30085457 0.011442318)
(0.038690677 0.29031121 0.012203247)
(0.033364737 0.27680925 0.012751278)
(0.028437001 0.26052856 0.013082542)
(0.023936996 0.24195117 0.013196758)
(0.01988077 0.22173931 0.013098514)
(0.016272269 0.20060552 0.012797744)
(0.013104863 0.17921037 0.012309371)
(0.010363058 0.15810146 0.011652362)
(0.0080243126 0.13769067 0.01084848)
(0.006060874 0.11825836 0.0099209821)
(0.0044415232 0.09997245 0.0088934369)
(0.0031331314 0.082912973 0.0077887599)
(0.0021019431 0.067096059 0.0066284855)
(0.001314613 0.052494499 0.0054322768)
(0.00073934287 0.039053879 0.0042176391)
(0.00034753975 0.026704468 0.0029997915)
(0.00011427243 0.015369511 0.0017916514)
(8.4358001e-06 0.0049707444 0.00060392181)
(0.020536407 0.50261605 -0.011429927)
(0.0052501869 0.45759713 -0.023977485)
(0.031811903 0.4182712 -0.027504653)
(0.046323259 0.38771287 -0.02759793)
(0.057927231 0.36501309 -0.025076946)
(0.067056765 0.34849685 -0.021212398)
(0.073326647 0.33663937 -0.016738267)
(0.076934239 0.32824636 -0.011941346)
(0.078312289 0.32240913 -0.0069622818)
(0.077865286 0.31843293 -0.0019120638)
(0.075914505 0.31578469 0.003077454)
(0.072771515 0.31405422 0.0078878153)
(0.06873347 0.31289584 0.01243771)
(0.064049778 0.31197977 0.016644675)
(0.058941106 0.31092229 0.020446537)
(0.053599536 0.30922241 0.02380265)
(0.048186523 0.30624449 0.026691074)
(0.04283449 0.30128698 0.029101729)
(0.037649283 0.29372795 0.031025517)
(0.032714001 0.28318379 0.032452655)
(0.028092262 0.26960925 0.033374041)
(0.023829898 0.25330064 0.033785176)
(0.01995624 0.23481376 0.033690519)
(0.016485638 0.21484005 0.033106415)
(0.013419379 0.19408604 0.032061815)
(0.010747915 0.17318499 0.030596967)
(0.0084532003 0.15264872 0.028760774)
(0.0065109743 0.13285383 0.026607577)
(0.0048928583 0.11405096 0.024193991)
(0.0035681725 0.096385666 0.021576162)
(0.0025054266 0.079922738 0.018807624)
(0.0016734521 0.064669112 0.01593779)
(0.0010422377 0.05059296 0.013011012)
(0.00058377755 0.037638466 0.010066119)
(0.00027325153 0.025736597 0.0071363081)
(8.9385543e-05 0.014812541 0.0042492616)
(6.4652455e-06 0.0047906278 0.0014274911)
(0.019381572 0.49637569 -0.016985322)
(0.0014276178 0.4383015 -0.035502528)
(0.025087211 0.38873708 -0.040638861)
(0.035375443 0.35220209 -0.040155287)
(0.044111712 0.32708827 -0.035878237)
(0.051062529 0.31065595 -0.029820907)
(0.055774441 0.30045758 -0.023001729)
(0.05846773 0.29463673 -0.01582289)
(0.059503665 0.29185791 -0.0084693399)
(0.059168425 0.29115633 -0.0010721748)
(0.057715163 0.29183242 0.0062271878)
(0.055357315 0.29330734 0.013294588)
(0.052285352 0.29509391 0.019986466)
(0.048677709 0.29672988 0.026177695)
(0.044702495 0.29770948 0.031772724)
(0.040513446 0.29744153 0.036705684)
(0.036244165 0.29526629 0.040926485)
(0.032012549 0.29055483 0.04440498)
(0.027916926 0.28284756 0.047121303)
(0.02403604 0.27197003 0.049055591)
(0.02042977 0.25808061 0.050196545)
(0.017138998 0.24162922 0.050547015)
(0.014186637 0.22325527 0.050128394)
(0.011579797 0.20366748 0.048982286)
(0.0093126595 0.18354184 0.047168894)
(0.0073696014 0.16345534 0.044762991)
(0.0057281881 0.14385641 0.041848737)
(0.0043618121 0.12506331 0.038514431)
(0.0032418528 0.10727934 0.034847906)
(0.0023393419 0.090615338 0.03093295)
(0.0016261608 0.075112943 0.026846793)
(0.0010758215 0.060765343 0.022658586)
(0.0006639339 0.047533976 0.018428684)
(0.00036859458 0.035361156 0.014208542)
(0.00017097519 0.024179117 0.010041022)
(5.527068e-05 0.013916174 0.0059609498)
(3.8393209e-06 0.0045007396 0.0019958618)
(0.018543405 0.490352 -0.021202302)
(-0.00087027437 0.42089109 -0.044172755)
(0.020298848 0.36328118 -0.050500519)
(0.026888191 0.32276909 -0.049367674)
(0.033050277 0.29668105 -0.043611158)
(0.037828365 0.28107909 -0.035837361)
(0.04082309 0.27263265 -0.02725636)
(0.042321061 0.2689659 -0.01833404)
(0.042650003 0.26848571 -0.0092675369)
(0.042037876 0.27011153 -0.00018066446)
(0.040670817 0.27306405 0.0088012664)
(0.038695055 0.27668636 0.017520924)
(0.036235683 0.28038362 0.025808747)
(0.033414193 0.28355988 0.033504902)
(0.030348921 0.28558004 0.040473844)
(0.027153501 0.28577435 0.04660896)
(0.023932307 0.28350002 0.051824457)
(0.02077944 0.27825467 0.05605727)
(0.017775586 0.26978792 0.059265726)
(0.014984144 0.25816086 0.061423002)
(0.012449477 0.24373296 0.062525817)
(0.010196174 0.22708189 0.06259969)
(0.0082313817 0.20889224 0.061699257)
(0.0065486674 0.18985003 0.059904649)
(0.0051314128 0.17056608 0.057316396)
(0.0039563367 0.15153473 0.054047959)
(0.0029966257 0.13312272 0.050218144)
(0.0022244116 0.11557834 0.04594457)
(0.0016125393 0.099050747 0.041338666)
(0.0011357041 0.083612416 0.036502297)
(0.00077108706 0.069280261 0.031525834)
(0.00049861304 0.056033331 0.026487384)
(0.00030095786 0.043826621 0.021452871)
(0.00016346537 0.032601232 0.016476677)
(7.4104092e-05 0.022291493 0.011602615)
(2.3271455e-05 0.01282974 0.0068650498)
(1.4416926e-06 0.0041493748 0.0022900887)
(0.018012571 0.48516522 -0.024708368)
(-0.0021498041 0.40656712 -0.051021813)
(0.017119237 0.34328567 -0.057892246)
(0.020751157 0.30083174 -0.055955888)
(0.024886462 0.27528188 -0.048817629)
(0.02784115 0.26138001 -0.039574404)
(0.029333852 0.25492091 -0.029565415)
(0.029702481 0.25311474 -0.019298572)
(0.029249333 0.25424768 -0.0089709069)
(0.028178107 0.25724863 0.001318104)
(0.026635427 0.26135186 0.011462992)
(0.024735227 0.26589525 0.021310153)
(0.022573826 0.27022148 0.03067804)
(0.020239339 0.27364017 0.039378852)
(0.017816856 0.27543802 0.047238759)
(0.015388563 0.27493526 0.054106032)
(0.01303226 0.27158286 0.059859817)
(0.01081517 0.26506421 0.06441095)
(0.0087911801 0.25535886 0.067702315)
(0.0069974485 0.24274351 0.069714728)
(0.005457003 0.22772864 0.070473662)
(0.0041584928 0.21095771 0.070051056)
(0.0031010985 0.19310318 0.068535853)
(0.0022590242 0.17478489 0.066050939)
(0.0016047706 0.15652074 0.062737955)
(0.0011089816 0.13870793 0.058744604)
(0.00074278035 0.12162625 0.054215946)
(0.00047959704 0.105454 0.049288116)
(0.00029614546 0.090288648 0.044084234)
(0.0001727653 0.076167533 0.038712243)
(9.3367133e-05 0.06308579 0.033264258)
(4.5144847e-05 0.051010749 0.027816988)
(1.8167653e-05 0.039892772 0.022432836)
(4.9193088e-06 0.029673019 0.017161365)
(-1.4494454e-07 0.020288794 0.012040901)
(-1.0409383e-06 0.011677047 0.0071001265)
(-3.1266475e-07 0.0037765762 0.0023595827)
(0.01763608 0.48056189 -0.027798659)
(-0.0031027482 0.3941248 -0.056545157)
(0.014563504 0.32664396 -0.063317208)
(0.015771024 0.28368471 -0.06045462)
(0.018367989 0.25983277 -0.052003756)
(0.019896608 0.24837635 -0.041465711)
(0.020238299 0.24422133 -0.030254995)
(0.01973384 0.24422204 -0.018908454)
(0.018648224 0.24661878 -0.0076155284)
(0.017163026 0.2504074 0.0035466468)
(0.015411053 0.25488671 0.014486935)
(0.013496341 0.25941956 0.025055272)
(0.011504593 0.26333172 0.035062509)
(0.0095100614 0.26590703 0.044300846)
(0.0075805535 0.26644431 0.052564436)
(0.0057773077 0.26435367 0.059673114)
(0.0041514853 0.25925722 0.065482282)
(0.0027410168 0.2510582 0.069895071)
(0.0015688397 0.23995201 0.072867995)
(0.00065711726 0.2263764 0.074411816)
(-4.3079632e-05 0.2109216 0.07459466)
(-0.00053326978 0.19422978 0.073508003)
(-0.00081850031 0.17691128 0.071308444)
(-0.00097049029 0.15948996 0.068160528)
(-0.0010111087 0.14237831 0.064236339)
(-0.00097182034 0.1258758 0.059704374)
(-0.0008805145 0.11018113 0.054721695)
(-0.00075963026 0.095410731 0.049429048)
(-0.00062642484 0.081618417 0.043948468)
(-0.00049361845 0.068813052 0.038382794)
(-0.00037006975 0.056973058 0.032816496)
(-0.00026146871 0.046057566 0.027317266)
(-0.00017101051 0.036014575 0.021938007)
(-0.00010005353 0.026786657 0.016718913)
(-4.8814391e-05 0.018314801 0.011689487)
(-1.6747863e-05 0.010540872 0.006870367)
(-1.4044175e-06 0.0034091175 0.0022749611)
(0.017262464 0.47625128 -0.030521786)
(-0.0039960359 0.38269284 -0.060838447)
(0.012191894 0.31196689 -0.067039056)
(0.011268499 0.26947119 -0.063265881)
(0.012717564 0.2480261 -0.053594535)
(0.01313035 0.23940111 -0.041949183)
(0.01262316 0.23765923 -0.029736656)
(0.011499187 0.23936844 -0.017507366)
(0.0099762808 0.24276574 -0.0054525784)
(0.0082134874 0.24692706 0.0063509962)
(0.0063366004 0.25122541 0.017813676)
(0.0044481747 0.25506838 0.028787756)
(0.0026308135 0.25781054 0.039072796)
(0.00095233884 0.25878646 0.048442886)
(-0.00052666513 0.25740244 0.056675863)
(-0.0017633608 0.25324156 0.063579803)
(-0.0027333315 0.24614373 0.069014319)
(-0.0034266986 0.23622884 0.072902904)
(-0.0038617272 0.22386071 0.075232265)
(-0.0040342342 0.20956816 0.076046962)
(-0.0040200757 0.19395087 0.075468395)
(-0.0038259135 0.17759559 0.073667627)
(-0.0035262032 0.16101861 0.070821111)
(-0.0031525545 0.14463618 0.067122574)
(-0.0027404047 0.12875807 0.062759283)
(-0.0023191366 0.11359615 0.05790514)
(-0.0019109432 0.099280553 0.05271502)
(-0.0015314282 0.085877932 0.047322035)
(-0.0011906467 0.073408459 0.041837152)
(-0.00089417003 0.061860137 0.036350376)
(-0.00064410022 0.051200018 0.030932825)
(-0.00043997479 0.041382529 0.0256392)
(-0.00027953603 0.032355405 0.020510311)
(-0.00015943549 0.024063751 0.015575474)
(-7.5942458e-05 0.016452707 0.010854651)
(-2.5378775e-05 0.0094691143 0.0063603052)
(-1.9659219e-06 0.003062492 0.0020989671)
(0.016841124 0.47207275 -0.032850511)
(-0.0049782743 0.37190223 -0.063876508)
(0.0098179132 0.29862779 -0.069303937)
(0.0069750581 0.25723263 -0.064688663)
(0.007628711 0.2385164 -0.05391988)
(0.0071240771 0.23276919 -0.041355241)
(0.0059885754 0.23330271 -0.028328496)
(0.0044397422 0.23647672 -0.015396078)
(0.0026483155 0.24055731 -0.0027596898)
(0.00075352893 0.24470405 0.0094907883)
(-0.0011254519 0.2483654 0.021250887)
(-0.0028878378 0.25101137 0.032358551)
(-0.0044519667 0.25207685 0.042600793)
(-0.0057545556 0.25102198 0.051743077)
(-0.0067512116 0.24743381 0.059563799)
(-0.0074190651 0.24111458 0.065883582)
(-0.0077609427 0.23212192 0.070590981)
(-0.0078237659 0.22074974 0.073651072)
(-0.0075832187 0.20746267 0.075100523)
(-0.0071336797 0.19281107 0.075087623)
(-0.0065699469 0.17734955 0.0737581)
(-0.0058872531 0.16157804 0.071305663)
(-0.0051596261 0.14590862 0.06793868)
(-0.0044260319 0.13065463 0.063859593)
(-0.0037171668 0.1160358 0.059255992)
(-0.0030555316 0.10219197 0.054294113)
(-0.0024558993 0.089199701 0.049115828)
(-0.0019264485 0.077088421 0.043838369)
(-0.001470193 0.065854322 0.038555825)
(-0.0010863386 0.05547146 0.033341631)
(-0.00077144161 0.045900128 0.028251474)
(-0.00052033863 0.037092908 0.023326206)
(-0.00032687032 0.028998869 0.018594574)
(-0.00018450605 0.021566386 0.014075618)
(-8.7015176e-05 0.014744937 0.0097807302)
(-2.871543e-05 0.0084861864 0.0057153581)
(-2.1475359e-06 0.0027445948 0.0018803972)
(0.016436455 0.46801627 -0.034668225)
(-0.0059621255 0.36170512 -0.065593595)
(0.0073798019 0.28635863 -0.070441688)
(0.0028559436 0.24639075 -0.06488813)
(0.0030060905 0.23040626 -0.05321895)
(0.0016910126 0.22733238 -0.039924175)
(8.6644894e-05 0.2298274 -0.026270045)
(-0.0017385096 0.23411224 -0.012813159)
(-0.0036573521 0.23850713 0.00022365375)
(-0.0055481358 0.24225815 0.012721003)
(-0.007299278 0.24489913 0.024547225)
(-0.0088150134 0.24599577 0.035520533)
(-0.010021145 0.24511563 0.045419337)
(-0.010868457 0.24189965 0.054015105)
(-0.011335411 0.2361506 0.061110116)
(-0.011429281 0.22788761 0.066568468)
(-0.011184915 0.21734652 0.070335297)
(-0.010657653 0.20493202 0.072441859)
(-0.0098906658 0.19114369 0.073002366)
(-0.0090049747 0.17650086 0.072178096)
(-0.0080146073 0.16148237 0.070175358)
(-0.0069929109 0.14649091 0.067205944)
(-0.0059876736 0.13183893 0.063483928)
(-0.0050329791 0.11775042 0.059207571)
(-0.0041524658 0.10437208 0.05455196)
(-0.0033606531 0.091788275 0.049665801)
(-0.0026644693 0.08003611 0.044671198)
(-0.0020650168 0.069118848 0.039665371)
(-0.0015592322 0.05901676 0.034723471)
(-0.0011412793 0.049695459 0.029901825)
(-0.00080364948 0.041112003 0.025241181)
(-0.0005379814 0.033219197 0.020769709)
(-0.0003356535 0.025968507 0.016505615)
(-0.00018828311 0.019311969 0.012459362)
(-8.8250382e-05 0.013203369 0.0086354827)
(-2.8929592e-05 0.0075989255 0.0050340503)
(-2.1144068e-06 0.0024576375 0.0016518354)
(0.016111311 0.46411491 -0.035909221)
(-0.0069618284 0.35218593 -0.066084462)
(0.005076514 0.27505823 -0.070780324)
(-0.0009835079 0.23651086 -0.06378039)
(-0.0012454921 0.22301182 -0.051684959)
(-0.0032425195 0.22223722 -0.037852498)
(-0.0051868107 0.2262734 -0.023749567)
(-0.007162288 0.23126205 -0.00995491)
(-0.0090868165 0.23559402 0.0032829454)
(-0.010851816 0.23861165 0.015808513)
(-0.012356178 0.23995436 0.027459034)
(-0.013517947 0.23931962 0.038036021)
(-0.014281613 0.23644774 0.047321936)
(-0.014622747 0.2311857 0.055115568)
(-0.014549694 0.22354758 0.061268164)
(-0.014100979 0.21373294 0.065708927)
(-0.013338523 0.20209818 0.068454934)
(-0.012337482 0.18909701 0.069605683)
(-0.011175185 0.17521275 0.069325458)
(-0.0099289128 0.16090105 0.067814286)
(-0.0086612915 0.14655274 0.065291465)
(-0.0074254704 0.13247681 0.061978572)
(-0.0062597489 0.11889937 0.058081944)
(-0.0051896515 0.10597224 0.053783769)
(-0.004229926 0.093786223 0.049238404)
(-0.0033867018 0.082385119 0.044572086)
(-0.0026596462 0.071778495 0.039884779)
(-0.0020439045 0.061952276 0.03525322)
(-0.0015317051 0.052876989 0.030734436)
(-0.001113612 0.044513873 0.026369249)
(-0.00077945029 0.036819255 0.022185498)
(-0.0005189509 0.029747547 0.018200844)
(-0.00032218178 0.023253242 0.01442511)
(-0.00017989557 0.01729218 0.010862203)
(-8.3950711e-05 0.0118223 0.0075116342)
(-2.7356994e-05 0.0068040502 0.0043697187)
(-1.9702218e-06 0.0022005594 0.0014304999)
(0.015879315 0.46032754 -0.036578024)
(-0.0082435009 0.34321799 -0.065550922)
(0.0028488637 0.2644453 -0.070087205)
(-0.0044071373 0.22715232 -0.061729791)
(-0.0053767154 0.21579632 -0.049420798)
(-0.0076524245 0.21684075 -0.035266703)
(-0.0098257287 0.22195857 -0.020915543)
(-0.01185566 0.2272433 -0.0069907815)
(-0.01367777 0.2311719 0.0062271575)
(-0.015206455 0.23320073 0.018546534)
(-0.016361485 0.23309875 0.029778182)
(-0.017085164 0.23072361 0.039719487)
(-0.017350882 0.22600602 0.04817597)
(-0.017166582 0.21899292 0.054994924)
(-0.016573171 0.20987597 0.060094338)
(-0.015637716 0.19898138 0.063477649)
(-0.014443203 0.18672685 0.06523201)
(-0.013077426 0.17356447 0.0655131)
(-0.011623537 0.15992826 0.064522266)
(-0.0101537 0.14619702 0.062482162)
(-0.008725704 0.13267561 0.059617238)
(-0.0073818443 0.11959132 0.056138524)
(-0.0061499444 0.10710035 0.052233355)
(-0.0050455462 0.095299315 0.048060713)
(-0.0040745053 0.084238223 0.043750511)
(-0.0032355322 0.073932581 0.039405369)
(-0.0025224233 0.064373689 0.035103763)
(-0.0019258791 0.055536765 0.030903718)
(-0.001434904 0.047387064 0.026846507)
(-0.001037831 0.039884297 0.022960049)
(-0.00072303109 0.03298572 0.019261864)
(-0.00047936863 0.026648205 0.015761529)
(-0.00029647411 0.020829581 0.012462679)
(-0.00016496424 0.015489461 0.00936459)
(-7.6710501e-05 0.010589703 0.0064634063)
(-2.491428e-05 0.0060946355 0.0037530917)
(-1.7682572e-06 0.0019711209 0.001226142)
(0.015709577 0.45664516 -0.036630199)
(-0.0097973508 0.33464753 -0.064127511)
(0.00038279807 0.25436482 -0.068146864)
(-0.0073683645 0.21805142 -0.059192253)
(-0.0091365793 0.20833718 -0.046545304)
(-0.011575416 0.21069115 -0.032290515)
(-0.013835645 0.21642847 -0.017920877)
(-0.015805065 0.2216382 -0.0040905577)
(-0.017419282 0.22489894 0.0088760372)
(-0.018616351 0.22579572 0.020754417)
(-0.019345365 0.22424482 0.031342006)
(-0.019581738 0.22027533 0.040450513)
(-0.019334536 0.21400122 0.047927941)
(-0.018646674 0.20563869 0.05368554)
(-0.017589145 0.19550774 0.057715455)
(-0.016250889 0.18400545 0.060093028)
(-0.014727076 0.17156164 0.060964744)
(-0.013108595 0.15859328 0.06052704)
(-0.011474507 0.14546954 0.059002273)
(-0.0098879734 0.13249229 0.056617005)
(-0.0083952004 0.11989062 0.053585505)
(-0.0070264632 0.10782537 0.050099053)
(-0.0057984743 0.096399194 0.046320573)
(-0.0047172628 0.085668389 0.042383433)
(-0.0037810195 0.075654487 0.038393015)
(-0.0029825935 0.066354201 0.034429848)
(-0.0023115184 0.057747454 0.030553383)
(-0.0017555605 0.049803508 0.026805827)
(-0.00130184 0.042485444 0.023215669)
(-0.00093760125 0.035753327 0.019800757)
(-0.00065070676 0.029566375 0.016570852)
(-0.00042991998 0.023884373 0.013529706)
(-0.00026504548 0.018668572 0.010676695)
(-0.00014703405 0.013882211 0.0080080816)
(-6.8180818e-05 0.0094907882 0.0055179876)
(-2.2049109e-05 0.0054621658 0.0031991271)
(-1.5509933e-06 0.0017665678 0.0010433416)
(0.015609097 0.45314481 -0.036036028)
(-0.011420995 0.32659323 -0.061937064)
(-0.0019801422 0.24480031 -0.065249728)
(-0.0099674696 0.20897195 -0.056137947)
(-0.012371174 0.20035213 -0.043301647)
(-0.014932585 0.20349003 -0.029112092)
(-0.017170528 0.20941904 -0.014931818)
(-0.018974575 0.21425419 -0.0014188101)
(-0.020291477 0.21668386 0.01107236)
(-0.021087539 0.21642789 0.022295848)
(-0.021348834 0.21355373 0.032054668)
(-0.021089588 0.2082533 0.040194336)
(-0.020356439 0.20079639 0.046620289)
(-0.019224439 0.1915242 0.051314425)
(-0.017787767 0.18083351 0.054339997)
(-0.016147988 0.16914514 0.05583268)
(-0.0144029 0.15686713 0.055981414)
(-0.012638139 0.1443639 0.055004973)
(-0.0109224 0.13193732 0.053129696)
(-0.009306028 0.11982024 0.050571858)
(-0.0078220674 0.10817954 0.047525939)
(-0.0064887854 0.09712488 0.044158474)
(-0.0053127934 0.086719624 0.040606311)
(-0.0042921556 0.076991869 0.036977882)
(-0.0034191325 0.067944148 0.033356222)
(-0.0026824077 0.059561376 0.029802751)
(-0.002068785 0.051817018 0.026361173)
(-0.0015644105 0.044677649 0.023061103)
(-0.0011556047 0.038106227 0.019921235)
(-0.00082939289 0.032064355 0.016951983)
(-0.0005738104 0.026513795 0.014157625)
(-0.00037804316 0.021417441 0.011537985)
(-0.00023246304 0.016739903 0.009089743)
(-0.0001286554 0.012447839 0.0068074216)
(-5.9512533e-05 0.0085100958 0.0046841327)
(-1.9207064e-05 0.0048977416 0.0027121334)
(-1.3369265e-06 0.0015840219 0.0008832218)
(0.015541404 0.44987768 -0.034823732)
(-0.012978284 0.31899005 -0.0590808)
(-0.0040668091 0.23556517 -0.061614596)
(-0.012218264 0.19975713 -0.052552542)
(-0.015060965 0.1916722 -0.039789342)
(-0.017681754 0.19508289 -0.025868525)
(-0.019805439 0.20083483 -0.012087948)
(-0.021354346 0.20508451 0.00089306519)
(-0.022305892 0.20662692 0.012702975)
(-0.022664399 0.20530877 0.023095117)
(-0.022454224 0.20133595 0.031896342)
(-0.021729685 0.19503763 0.039000632)
(-0.020571908 0.18679998 0.044377623)
(-0.019080957 0.17704235 0.048076913)
(-0.017364781 0.16619376 0.050221234)
(-0.015527936 0.15466502 0.050989421)
(-0.013662632 0.14282338 0.050594004)
(-0.011843357 0.13097573 0.049258844)
(-0.010125059 0.11936214 0.04720067)
(-0.0085440729 0.10815802 0.044616313)
(-0.0071207339 0.097481891 0.041675611)
(-0.0058627059 0.087405593 0.038518989)
(-0.0047683415 0.077964864 0.035258291)
(-0.0038296661 0.06916886 0.031979573)
(-0.0030348076 0.061008089 0.028746813)
(-0.0023698494 0.05346065 0.025605822)
(-0.0018201604 0.046496918 0.022587924)
(-0.0013712984 0.040082955 0.019713197)
(-0.0010095799 0.034182893 0.016993192)
(-0.00072240847 0.028760558 0.01443313)
(-0.00049842849 0.023780541 0.012033646)
(-0.00032755891 0.01920886 0.0097921352)
(-0.00020095469 0.015013341 0.0077037682)
(-0.00011097112 0.011163822 0.0057622624)
(-5.1228912e-05 0.007632215 0.0039604441)
(-1.6474467e-05 0.0043924907 0.0022906613)
(-1.1400946e-06 0.0014206136 0.00074507478)
(0.015498244 0.44691665 -0.033097896)
(-0.014139146 0.31192686 -0.055559242)
(-0.0058335821 0.22665282 -0.057451204)
(-0.014110952 0.1903808 -0.04855359)
(-0.017231173 0.18223474 -0.036113903)
(-0.019830957 0.18543915 -0.02268178)
(-0.021758957 0.19071344 -0.0095103954)
(-0.022989181 0.19425519 0.0027427445)
(-0.023538319 0.19494762 0.01370162)
(-0.023452403 0.19274164 0.023137313)
(-0.022798508 0.18795388 0.030915039)
(-0.02166728 0.18101405 0.036984388)
(-0.020166715 0.17238194 0.04137708)
(-0.018412237 0.16251342 0.0441996)
(-0.016515806 0.15183667 0.045617513)
(-0.014576762 0.14073216 0.045834164)
(-0.012675987 0.12951903 0.045068469)
(-0.010873709 0.11844967 0.043535829)
(-0.0092102415 0.10771176 0.041434342)
(-0.0077086275 0.097435474 0.038936684)
(-0.0063781418 0.087703256 0.036186841)
(-0.0052178892 0.078560121 0.033300367)
(-0.0042200328 0.070023094 0.030366822)
(-0.0033724372 0.062089209 0.027453308)
(-0.0026606902 0.054741897 0.024608332)
(-0.0020695563 0.047955843 0.021865496)
(-0.0015839615 0.041700576 0.019246793)
(-0.0011896142 0.035943016 0.016765378)
(-0.00087336171 0.030649237 0.014427831)
(-0.00062335817 0.025785651 0.012235951)
(-0.00042910729 0.021319763 0.010188142)
(-0.0002814196 0.017220631 0.0082804728)
(-0.00017232418 0.013459116 0.0065074666)
(-9.5000694e-05 0.010007996 0.0048626865)
(-4.3774545e-05 0.0068419849 0.0033391617)
(-1.40663e-05 0.0039376862 0.0019296949)
(-9.6428622e-07 0.0012735203 0.00062707366)
(0.015516401 0.44420135 -0.030999616)
(-0.014876555 0.305308 -0.051473245)
(-0.0073353109 0.21800357 -0.052835493)
(-0.015675965 0.18081992 -0.044250058)
(-0.018947159 0.17205103 -0.032376482)
(-0.021447545 0.17462108 -0.019656173)
(-0.023115653 0.17918045 -0.0072936861)
(-0.023984682 0.1819621 0.0040626053)
(-0.024119304 0.18190742 0.0140472)
(-0.02361004 0.17903635 0.022458349)
(-0.022563353 0.17373724 0.02920694)
(-0.021099195 0.16649897 0.034297279)
(-0.019343009 0.15781518 0.037813783)
(-0.017415858 0.14814569 0.039904341)
(-0.015425491 0.13789638 0.040759414)
(-0.013460303 0.12740789 0.040589954)
(-0.011586829 0.11695177 0.039607762)
(-0.0098503027 0.10673302 0.038010707)
(-0.0082772994 0.09689731 0.035973483)
(-0.0068793895 0.087540635 0.03364336)
(-0.0056569731 0.07871954 0.031139693)
(-0.0046027625 0.070460649 0.028555878)
(-0.0037046602 0.062768846 0.02596261)
(-0.0029479704 0.055633888 0.023411601)
(-0.0023169966 0.049035515 0.020939254)
(-0.0017961265 0.042947274 0.018569959)
(-0.0013705192 0.037339273 0.016318919)
(-0.0010264997 0.032180127 0.014194465)
(-0.00075174791 0.02743828 0.012199894)
(-0.0005353509 0.023082878 0.010334912)
(-0.00036776686 0.019084318 0.0085967203)
(-0.00024073304 0.015414569 0.006980848)
(-0.00014714866 0.012047334 0.005481756)
(-8.0980036e-05 0.0089581135 0.0040932847)
(-3.7258172e-05 0.006124189 0.0028089744)
(-1.1931178e-05 0.0035245694 0.0016222994)
(-8.1525614e-07 0.0011399095 0.00052681932)
(0.015503038 0.44162771 -0.028582006)
(-0.015378205 0.29900842 -0.046907534)
(-0.0086557439 0.20958615 -0.047835534)
(-0.016976527 0.17110165 -0.039745402)
(-0.020298606 0.16120513 -0.028671416)
(-0.022636647 0.1627607 -0.01687418)
(-0.024003514 0.1664096 -0.0054977567)
(-0.024494783 0.16841718 0.004829325)
(-0.024227032 0.1677471 0.013761735)
(-0.023334443 0.16444416 0.02113113)
(-0.021956872 0.1589236 0.026893155)
(-0.020234987 0.15169215 0.031098486)
(-0.01830242 0.14324347 0.033870009)
(-0.016277806 0.13401797 0.035380012)
(-0.014258975 0.1243872 0.035827406)
(-0.012320348 0.11464968 0.035417317)
(-0.010513402 0.10503394 0.034345208)
(-0.0088693251 0.095705995 0.032786413)
(-0.0074028431 0.086779119 0.030890747)
(-0.0061162984 0.078324301 0.028781109)
(-0.0050034192 0.07038002 0.026554791)
(-0.0040524623 0.062960744 0.024286332)
(-0.0032486496 0.056063883 0.022031016)
(-0.0025759383 0.049675243 0.019828443)
(-0.0020182322 0.043773153 0.017705807)
(-0.001560154 0.038331487 0.015680742)
(-0.0011874941 0.033321833 0.013763675)
(-0.00088743075 0.028714998 0.011959712)
(-0.00064859861 0.024482017 0.010270125)
(-0.00046105924 0.02059482 0.008693482)
(-0.00031621384 0.017026631 0.007226506)
(-0.00020668119 0.013752201 0.0058647158)
(-0.00012616451 0.010747911 0.0046028928)
(-6.9349904e-05 0.0079917996 0.0034354208)
(-3.1861852e-05 0.0054635315 0.0023565279)
(-1.0203011e-05 0.003144338 0.001360462)
(-6.915579e-07 0.0010169343 0.00044160116)
(0.015444276 0.43916049 -0.025844778)
(-0.015897299 0.2930257 -0.042001593)
(-0.0098906959 0.20146688 -0.042546536)
(-0.01808534 0.16124409 -0.035142812)
(-0.021379222 0.14985829 -0.025076243)
(-0.023515329 0.15005691 -0.014388715)
(-0.024568599 0.15261098 -0.0041466248)
(-0.024693017 0.15382881 0.0050547359)
(-0.024056116 0.15266211 0.012897594)
(-0.022831876 0.14913398 0.019247359)
(-0.021186631 0.14364078 0.024097124)
(-0.019273754 0.13666873 0.027530755)
(-0.017227719 0.12868373 0.029693411)
(-0.015159353 0.12009042 0.030765718)
(-0.013153645 0.11121978 0.030941578)
(-0.011270372 0.10232951 0.030410771)
(-0.009546929 0.093610887 0.029347015)
(-0.0080023907 0.085198626 0.027901234)
(-0.0066419139 0.077181487 0.026199051)
(-0.005460844 0.069612462 0.024341282)
(-0.0044481801 0.062517697 0.022406234)
(-0.003589286 0.055903911 0.020452869)
(-0.0028678779 0.049764265 0.018524191)
(-0.002267397 0.044082878 0.016650455)
(-0.001771895 0.038838185 0.014851992)
(-0.0013665585 0.034005368 0.013141585)
(-0.0010379759 0.029558086 0.011526396)
(-0.00077423264 0.025469657 0.010009481)
(-0.00056489452 0.021713857 0.0085909667)
(-0.00040092626 0.018265423 0.0072689436)
(-0.00027457229 0.015100362 0.0060401331)
(-0.00017921966 0.012196114 0.0049003815)
(-0.00010925949 0.0095316213 0.0038450199)
(-5.9977611e-05 0.0070873339 0.0028691236)
(-2.7527876e-05 0.0048451697 0.0019676951)
(-8.785256e-06 0.0027884524 0.0011357919)
(-5.9498655e-07 0.00090183342 0.00036860933)
(0.015357651 0.43688443 -0.022740814)
(-0.016513608 0.28755128 -0.036760167)
(-0.010972852 0.19385226 -0.037068944)
(-0.019018198 0.15156875 -0.030522727)
(-0.022245023 0.1383059 -0.021634054)
(-0.024177591 0.13680747 -0.012211978)
(-0.024938952 0.13806434 -0.0032230615)
(-0.024735158 0.13843807 0.0047858537)
(-0.023780328 0.13684158 0.011530262)
(-0.022282834 0.13323512 0.016905458)
(-0.020429112 0.1279547 0.020930669)
(-0.018379236 0.12143208 0.023707643)
(-0.016264028 0.1140823 0.025387949)
(-0.014184093 0.10626179 0.026146801)
(-0.012211192 0.098256985 0.026162991)
(-0.010391603 0.090286443 0.02560487)
(-0.0087506794 0.082508945 0.024621881)
(-0.0072977376 0.075033701 0.023340668)
(-0.0060306398 0.06793062 0.021864508)
(-0.0049396884 0.061239608 0.020274871)
(-0.004010701 0.054978432 0.018634097)
(-0.0032272873 0.049149069 0.016988496)
(-0.0025724392 0.043742641 0.0153714)
(-0.0020295719 0.038743146 0.013805923)
(-0.0015831543 0.034130199 0.012307327)
(-0.0012190456 0.02988101 0.010884957)
(-0.00092463213 0.025971767 0.009543789)
(-0.0006888342 0.022378584 0.0082856376)
(-0.00050203527 0.019078128 0.007110079)
(-0.00035596684 0.016048016 0.0060151471)
(-0.00024357289 0.013267046 0.0049978524)
(-0.00015886607 0.010715325 0.0040545628)
(-9.6788449e-05 0.0083743059 0.0031812796)
(-5.310709e-05 0.006226785 0.0023738364)
(-2.4353841e-05 0.0042568606 0.0016280379)
(-7.7858695e-06 0.0024498722 0.00093975803)
(-5.2306044e-07 0.00079233072 0.00030500137)
(0.015310266 0.4350182 -0.019300486)
(-0.016993575 0.28292105 -0.031265546)
(-0.01183225 0.18702988 -0.03146653)
(-0.019760549 0.14248075 -0.025911001)
(-0.022921828 0.12696495 -0.018341733)
(-0.02468042 0.1234559 -0.010312807)
(-0.025198472 0.12319685 -0.0026707235)
(-0.024726352 0.12261839 0.0041000554)
(-0.023517504 0.12058407 0.0097520112)
(-0.021808231 0.11696393 0.014204237)
(-0.019799642 0.11200181 0.017489498)
(-0.01765476 0.10604748 0.01971247)
(-0.015498984 0.09944576 0.02101718)
(-0.013422802 0.092493901 0.02156254)
(-0.011486255 0.085429482 0.021505145)
(-0.0097244374 0.078431981 0.020988394)
(-0.0081532246 0.071630099 0.020136731)
(-0.0067746011 0.065110917 0.019053676)
(-0.0055811937 0.058928925 0.017822366)
(-0.0045598715 0.053114012 0.016507544)
(-0.0036944378 0.047678113 0.015158211)
(-0.0029675307 0.042620483 0.013810405)
(-0.0023618911 0.037931749 0.01248982)
(-0.001861149 0.033596946 0.01121409)
(-0.0014502654 0.029597725 0.009994711)
(-0.0011157358 0.025913939 0.0088385853)
(-0.00084563661 0.022524743 0.0077492448)
(-0.00062957598 0.019409348 0.0067277965)
(-0.00045858757 0.016547514 0.0057736396)
(-0.00032499759 0.013919863 0.0048850048)
(-0.00022228116 0.01150806 0.0040593537)
(-0.00014491739 0.0092949062 0.0032936709)
(-8.8253382e-05 0.0072643674 0.0025846755)
(-4.8398649e-05 0.0054015681 0.001928972)
(-2.2192444e-05 0.0036927533 0.0013231566)
(-7.0734617e-06 0.0021252368 0.00076389682)
(-4.7712996e-07 0.00068734026 0.00024797469)
(0.015309537 0.43360357 -0.015631464)
(-0.017335952 0.27925184 -0.025551277)
(-0.012457997 0.18124792 -0.025758196)
(-0.020308324 0.13435195 -0.021305945)
(-0.023416778 0.11637646 -0.01517109)
(-0.025041182 0.11064288 -0.0086349504)
(-0.025375255 0.1086785 -0.0024098582)
(-0.024703408 0.10701105 0.0030924639)
(-0.023308893 0.10446482 0.0076633407)
(-0.021448556 0.1008122 0.011239261)
(-0.019333365 0.096187995 0.013855079)
(-0.017127103 0.090841851 0.015605729)
(-0.014949793 0.085033766 0.016616654)
(-0.012883451 0.078992221 0.017022493)
(-0.010978934 0.072900878 0.01695298)
(-0.009262949 0.066898322 0.016524724)
(-0.0077445327 0.061083375 0.015837375)
(-0.006420568 0.055522231 0.014972775)
(-0.0052801842 0.050255614 0.013995963)
(-0.0043080727 0.045305094 0.012957145)
(-0.00348686 0.040678327 0.011894041)
(-0.0027987183 0.036373184 0.010834216)
(-0.0022263942 0.032380903 0.0097972039)
(-0.0017538149 0.028688437 0.0087963355)
(-0.0013663989 0.025280165 0.0078402365)
(-0.0010511703 0.022139107 0.006934033)
(-0.00079674847 0.019247774 0.0060802926)
(-0.00059326243 0.016588756 0.0052797474)
(-0.00043222612 0.014145097 0.004531842)
(-0.00030639555 0.011900547 0.0038351421)
(-0.00020962294 0.0098397058 0.0031876374)
(-0.00013671297 0.0079480965 0.0025869621)
(-8.3290357e-05 0.0062121967 0.002030554)
(-4.5701827e-05 0.0046194334 0.0015157689)
(-2.0959408e-05 0.0031581579 0.0010399595)
(-6.7005566e-06 0.0018176061 0.00060053616)
(-4.5051692e-07 0.00058785231 0.00019499805)
(0.015369698 0.4326468 -0.011834178)
(-0.017550975 0.2766184 -0.019658997)
(-0.012854429 0.17674545 -0.019969553)
(-0.020655061 0.12761086 -0.016708641)
(-0.023720195 0.10720567 -0.012092996)
(-0.025245721 0.099218014 -0.0071197072)
(-0.025450902 0.095471913 -0.002358042)
(-0.0246437 0.092618694 0.0018590864)
(-0.02312723 0.089468391 0.0053620293)
(-0.021171374 0.085708204 0.0080990743)
(-0.018992531 0.081365121 0.010098235)
(-0.016753724 0.076583844 0.011435324)
(-0.014570299 0.071533242 0.012209446)
(-0.012517875 0.066367765 0.012525723)
(-0.010640777 0.061213744 0.012484236)
(-0.0089599726 0.056167196 0.012173999)
(-0.0074799775 0.051296656 0.01167043)
(-0.0061944347 0.046647825 0.011035027)
(-0.0050903617 0.042248451 0.010316365)
(-0.0041512292 0.038112728 0.0095517596)
(-0.0033590951 0.03424496 0.0087691352)
(-0.0026960073 0.030642457 0.0079888374)
(-0.0021448693 0.027297752 0.0072252518)
(-0.0016899256 0.024200259 0.0064881774)
(-0.0013169894 0.021337482 0.0057839493)
(-0.0010135016 0.018695887 0.0051163311)
(-0.0007684867 0.016261518 0.0044872105)
(-0.00057244792 0.01402043 0.0038971311)
(-0.00041723289 0.011958978 0.0033456943)
(-0.00029588849 0.010064015 0.0028318587)
(-0.00020251516 0.0083230092 0.0023541606)
(-0.00013212701 0.0067241191 0.0019108755)
(-8.0523818e-05 0.0052562243 0.0015001343)
(-4.4192674e-05 0.003908936 0.0011200059)
(-2.0280716e-05 0.0026725861 0.00076855577)
(-6.4693075e-06 0.0015382061 0.00044388654)
(-4.3820538e-07 0.00049749708 0.00014416213)
(0.015434141 0.4321217 -0.0079853192)
(-0.017656146 0.27504665 -0.013646673)
(-0.013038333 0.17373099 -0.014135976)
(-0.020797752 0.12270235 -0.012128635)
(-0.023820128 0.10016968 -0.0090879525)
(-0.02527125 0.090157418 -0.0057196938)
(-0.025390543 0.084757935 -0.0024454227)
(-0.024500307 0.080751436 0.00048289456)
(-0.022914786 0.076959464 0.0029332362)
(-0.020910259 0.073009551 0.0048610626)
(-0.018704711 0.068839604 0.0062812609)
(-0.016459088 0.064500866 0.0072443454)
(-0.014284587 0.060077678 0.0078182947)
(-0.012252172 0.055654352 0.0080757771)
(-0.010401879 0.051302469 0.0080858542)
(-0.008751029 0.047077451 0.0079098051)
(-0.0073013621 0.043019187 0.0075995165)
(-0.006044669 0.039154242 0.0071972455)
(-0.0049668737 0.035498483 0.0067363245)
(-0.0040509173 0.032059551 0.006242333)
(-0.003278717 0.028838957 0.0057344056)
(-0.0026324298 0.025833785 0.005226489)
(-0.0020952135 0.023037998 0.0047284578)
(-0.0016516377 0.020443448 0.0042470572)
(-0.0012878624 0.018040622 0.0037866708)
(-0.00099166677 0.015819201 0.0033499298)
(-0.00075238693 0.013768474 0.0029381871)
(-0.00056080301 0.011877638 0.0025518799)
(-0.00040900264 0.010136017 0.0021908024)
(-0.00029023616 0.0085332156 0.0018543097)
(-0.00019877431 0.0070592297 0.0015414679)
(-0.00012977179 0.0057045154 0.0012511631)
(-7.9143034e-05 0.0044600343 0.00098218068)
(-4.3471707e-05 0.0033172772 0.00073326106)
(-1.9957748e-05 0.002268271 0.00050313951)
(-6.3909763e-06 0.0013055751 0.00029057448)
(-4.3129331e-07 0.00042226844 9.4363221e-05)
(0.01546181 0.43201359 -0.0041355707)
(-0.017650373 0.27455966 -0.0075881775)
(-0.013026085 0.1723667 -0.0083008261)
(-0.020739811 0.11999807 -0.0075837539)
(-0.023713919 0.095903824 -0.0061471318)
(-0.025106587 0.084375873 -0.0044016402)
(-0.025172036 0.077702636 -0.0026192865)
(-0.024238976 0.072765247 -0.0009715733)
(-0.022625739 0.068408101 0.00044467944)
(-0.02060978 0.064228098 0.0015882753)
(-0.018407794 0.06010521 0.0024566959)
(-0.016177742 0.05602475 0.0030714664)
(-0.014027183 0.052008479 0.003466748)
(-0.01202343 0.048087074 0.0036829103)
(-0.010203385 0.044289408 0.0037572849)
(-0.0085822405 0.040638938 0.0037227322)
(-0.0071603454 0.037152839 0.0036085154)
(-0.0059286534 0.033842391 0.0034387059)
(-0.0048727252 0.030713886 0.0032323407)
(-0.0039754604 0.027769591 0.0030040758)
(-0.0032189389 0.025008618 0.0027649198)
(-0.0025855964 0.022427658 0.0025229378)
(-0.0020589228 0.020021586 0.0022838785)
(-0.0016238306 0.01778395 0.0020517057)
(-0.0012668077 0.015707357 0.0018290329)
(-0.00097593114 0.013783798 0.0016174707)
(-0.00074079867 0.012004895 0.0014178961)
(-0.00055241515 0.010362108 0.0012306606)
(-0.00040305666 0.0088468938 0.0010557465)
(-0.00028612956 0.0074508375 0.00089288333)
(-0.00019603193 0.0061657459 0.00074163433)
(-0.00012802152 0.0049837217 0.00060145858)
(-7.8095651e-05 0.0038972151 0.00047175595)
(-4.2900285e-05 0.0028990584 0.00035189896)
(-1.9706292e-05 0.0019824866 0.0002412549)
(-6.2942549e-06 0.0011411462 0.0001392068)
(-4.2774454e-07 0.00036909558 4.5159207e-05)
(0.01547706 0.43231479 -0.00032568674)
(-0.01753117 0.27516112 -0.001551377)
(-0.012834226 0.17273068 -0.0025066926)
(-0.020492967 0.1197165 -0.0030952145)
(-0.023409898 0.094812814 -0.0032675516)
(-0.024755945 0.082489967 -0.0031415297)
(-0.024793308 0.075130422 -0.0028396751)
(-0.023849727 0.069659213 -0.002454904)
(-0.022241813 0.064934355 -0.0020514949)
(-0.020244359 0.060546083 -0.0016699363)
(-0.018070478 0.05635356 -0.0013322652)
(-0.015874151 0.052314433 -0.0010473307)
(-0.013760789 0.048422953 -0.00081585918)
(-0.011795384 0.044683891 -0.00063319922)
(-0.010010906 0.041103569 -0.00049202214)
(-0.0084217312 0.03768913 -0.00038502196)
(-0.0070283973 0.034445935 -0.00030528789)
(-0.0058214685 0.031376522 -0.00024652634)
(-0.0047865999 0.028481343 -0.00020347228)
(-0.003906973 0.025759043 -0.00017189874)
(-0.0031650259 0.023206714 -0.00014851523)
(-0.0025435833 0.020820149 -0.00013082836)
(-0.0020265223 0.018594084 -0.00011699572)
(-0.0015991188 0.016522408 -0.00010568949)
(-0.0012481873 0.014598376 -9.597803e-05)
(-0.00096209087 0.01281478 -8.7227288e-05)
(-0.00073067259 0.011164126 -7.9021733e-05)
(-0.00054514367 0.0096387682 -7.1102474e-05)
(-0.00039795244 0.0082310431 -6.3320071e-05)
(-0.00028264712 0.0069333687 -5.559934e-05)
(-0.00019374204 0.005738333 -4.7913709e-05)
(-0.00012658917 0.0046387612 -4.0266932e-05)
(-7.7261618e-05 0.0036277669 -3.2680423e-05)
(-4.2469195e-05 0.0026987883 -2.5184637e-05)
(-1.9512386e-05 0.0018456122 -1.7813384e-05)
(-6.2523418e-06 0.0010623865 -1.0596071e-05)
(-4.2342506e-07 0.00034362524 -3.558898e-06)
(0.015375125 0.43294431 0.0034217832)
(-0.017338065 0.27674069 0.0043808292)
(-0.012490992 0.17478559 0.0031952774)
(-0.020076085 0.12187475 0.0013115278)
(-0.022920822 0.09696749 -0.00045012483)
(-0.024229062 0.084637108 -0.0019205433)
(-0.024259945 0.07725459 -0.0030739413)
(-0.023333212 0.071720697 -0.0039268166)
(-0.021758473 0.066888448 -0.0045129034)
(-0.019804483 0.06235744 -0.0048735359)
(-0.017679335 0.058000938 -0.0050511802)
(-0.015533375 0.053789948 -0.0050854291)
(-0.01346818 0.049728055 -0.005011007)
(-0.011546684 0.045827099 -0.0048586434)
(-0.0098027988 0.04209859 -0.0046512223)
(-0.0082499684 0.038551175 -0.0044059411)
(-0.0068878682 0.035190067 -0.0041371521)
(-0.0057075099 0.032017304 -0.0038557713)
(-0.0046949521 0.029032289 -0.0035698426)
(-0.0038338407 0.026232327 -0.0032851986)
(-0.0031071119 0.023613075 -0.0030059921)
(-0.0024980754 0.021168919 -0.0027351097)
(-0.0019910538 0.018893276 -0.0024744908)
(-0.0015717189 0.016778849 -0.002225371)
(-0.0012272296 0.014817846 -0.0019884665)
(-0.00094624278 0.013002156 -0.0017641121)
(-0.00071884853 0.011323514 -0.001552365)
(-0.00053646436 0.0097736249 -0.0013530814)
(-0.00039170848 0.0083442805 -0.0011659739)
(-0.00027826868 0.0070274477 -0.00099065498)
(-0.00019077268 0.0058153409 -0.00082666889)
(-0.00012466466 0.0047004776 -0.00067351645)
(-7.6092484e-05 0.003675718 -0.00053067339)
(-4.1822878e-05 0.0027342919 -0.0003976044)
(-1.9222479e-05 0.0018698144 -0.00027377345)
(-6.143021e-06 0.0010762914 -0.00015865231)
(-4.1857955e-07 0.00034811889 -5.1727349e-05)
(0.015136038 0.43387043 0.0071397136)
(-0.017131276 0.2792384 0.010096022)
(-0.012001054 0.17843441 0.0087377084)
(-0.019500574 0.12629823 0.0056058752)
(-0.022256986 0.10209398 0.0023004279)
(-0.023534336 0.090442361 -0.00072382228)
(-0.02357653 0.083615365 -0.0032950895)
(-0.022689317 0.078431564 -0.0053537979)
(-0.02117083 0.073722505 -0.0069041524)
(-0.019281252 0.069110656 -0.0079886796)
(-0.017222453 0.064512688 -0.0086700804)
(-0.015140623 0.059947123 -0.0090181009)
(-0.013134721 0.055460417 -0.009100931)
(-0.011266439 0.051099254 -0.008980249)
(-0.0095694538 0.04690131 -0.0087087416)
(-0.0080572917 0.042893452 -0.0083298316)
(-0.0067299532 0.039092705 -0.0078783694)
(-0.00557898 0.035508058 -0.0073815942)
(-0.0045910328 0.032142328 -0.0068603085)
(-0.0037503738 0.02899378 -0.0063300671)
(-0.0030405296 0.026057431 -0.005802256)
(-0.0024453494 0.023326041 -0.0052850143)
(-0.0019496352 0.020790869 -0.0047839914)
(-0.0015394763 0.018442232 -0.0043029535)
(-0.0012023901 0.016269914 -0.0038442586)
(-0.00092733829 0.014263473 -0.0034092226)
(-0.0007046687 0.012412466 -0.0029983991)
(-0.00052601425 0.01070662 -0.0026117899)
(-0.00038417349 0.0091359443 -0.0022490041)
(-0.00027298398 0.0076908257 -0.0019093767)
(-0.00018719797 0.0063620828 -0.0015920572)
(-0.00012236271 0.0051410064 -0.0012960758)
(-7.4711187e-05 0.0040193804 -0.0010203925)
(-4.1083627e-05 0.0029894905 -0.00076393304)
(-1.8882638e-05 0.0020441231 -0.00052561579)
(-6.0557844e-06 0.0011765548 -0.00030437018)
(-4.1037894e-07 0.0003805382 -9.9152003e-05)
(0.015111928 0.43529264 0.010796374)
(-0.016819836 0.28286932 0.015550971)
(-0.011311638 0.18359611 0.014079732)
(-0.018764541 0.13267229 0.0097692413)
(-0.02143104 0.10965313 0.0049835432)
(-0.02268894 0.099144862 0.00046143533)
(-0.022760909 0.093253258 -0.0034803062)
(-0.021933517 0.088680713 -0.0067077426)
(-0.020491416 0.08423156 -0.0091956513)
(-0.018684259 0.079563966 -0.01098684)
(-0.016706809 0.074658939 -0.012162612)
(-0.014701044 0.069605032 -0.012820924)
(-0.012763829 0.064512312 -0.013061571)
(-0.010956026 0.059479716 -0.012977241)
(-0.0093112735 0.054584901 -0.012648907)
(-0.0078436699 0.049883509 -0.012144356)
(-0.0065540547 0.045412022 -0.011518521)
(-0.0054348309 0.041191618 -0.010814717)
(-0.0044734759 0.037231893 -0.010066297)
(-0.0036549979 0.033534037 -0.009298387)
(-0.0029635866 0.030093364 -0.0085295126)
(-0.0023836703 0.026901241 -0.0077730128)
(-0.0019005494 0.023946516 -0.0070382259)
(-0.0015007389 0.021216557 -0.0063314473)
(-0.0011721185 0.018697989 -0.0056566886)
(-0.00090395616 0.016377209 -0.0050162668)
(-0.0006868584 0.014240744 -0.0044112561)
(-0.00051267685 0.012275489 -0.0038418311)
(-0.00037439394 0.010468865 -0.0033075245)
(-0.000266002 0.0088089137 -0.002807421)
(-0.00018238337 0.0072843493 -0.0023403012)
(-0.00011919463 0.005884586 -0.0019047487)
(-7.2760858e-05 0.0045997376 -0.0014992298)
(-3.9995924e-05 0.0034206058 -0.001122152)
(-1.8384435e-05 0.0023386579 -0.00077190623)
(-5.8768543e-06 0.0013459969 -0.00044689217)
(-4.0051207e-07 0.00043532921 -0.00014554317)
(0.015269711 0.43724359 0.014224679)
(-0.016364981 0.28761564 0.020781815)
(-0.010428174 0.19007148 0.019223467)
(-0.017893293 0.14057188 0.013806404)
(-0.020482105 0.11896938 0.0076120689)
(-0.021738747 0.10981547 0.0016552979)
(-0.02186229 0.10501678 -0.0036042369)
(-0.021117378 0.10114786 -0.007960906)
(-0.019771682 0.09699136 -0.01136007)
(-0.018063003 0.092252203 -0.013843223)
(-0.016178658 0.08698708 -0.015507778)
(-0.014256735 0.081364277 -0.016477274)
(-0.012392696 0.075565321 -0.016880852)
(-0.010647479 0.069747677 -0.016840495)
(-0.0090555848 0.06403403 -0.016464192)
(-0.0076323161 0.058512863 -0.015843253)
(-0.0063797682 0.053243364 -0.015052221)
(-0.0052914985 0.048261424 -0.014150233)
(-0.0043559845 0.043585315 -0.01318307)
(-0.0035590765 0.039220517 -0.012185388)
(-0.0028856628 0.035163561 -0.011182851)
(-0.002320748 0.031404977 -0.010194023)
(-0.0018501082 0.027931481 -0.0092319643)
(-0.0014606527 0.024727556 -0.0083055357)
(-0.0011405893 0.021776575 -0.007420436)
(-0.00087946184 0.019061574 -0.0065800128)
(-0.00066810962 0.016565774 -0.0057858861)
(-0.00049858194 0.014272923 -0.0050384237)
(-0.00036403033 0.012167509 -0.0043370994)
(-0.00025859196 0.010234878 -0.0036807617)
(-0.00017727371 0.0084612932 -0.0030678344)
(-0.00011583915 0.0068339534 -0.0024964659)
(-7.0705168e-05 0.0053409773 -0.0019646394)
(-3.8867231e-05 0.0039713751 -0.001470254)
(-1.7858189e-05 0.0027150055 -0.0010111836)
(-5.7228912e-06 0.0015625277 -0.00058531569)
(-3.8771572e-07 0.00050535011 -0.00019058377)
(0.015353287 0.43953307 0.017327953)
(-0.015854181 0.29314793 0.025786544)
(-0.0094363294 0.1975196 0.024171857)
(-0.01695035 0.14951791 0.01773213)
(-0.019478453 0.12936722 0.010209609)
(-0.02076098 0.12157676 0.0028878912)
(-0.020965016 0.11785666 -0.0036346355)
(-0.020328726 0.11466135 -0.009082122)
(-0.019100122 0.11076131 -0.013370386)
(-0.017503923 0.10591433 -0.016537052)
(-0.015720092 0.10025489 -0.018691918)
(-0.013883801 0.094030524 -0.019980409)
(-0.012090478 0.087492627 -0.020558018)
(-0.010402565 0.080855644 -0.020573935)
(-0.0088566711 0.074286247 -0.020161839)
(-0.0074702464 0.067905358 -0.019435845)
(-0.0062472995 0.061795007 -0.01848982)
(-0.0051829632 0.056006308 -0.0173987)
(-0.0042669539 0.050566922 -0.016220799)
(-0.0034860701 0.045487402 -0.015000455)
(-0.0028259159 0.040766254 -0.013770636)
(-0.0022720342 0.036393849 -0.012555278)
(-0.0018106081 0.032355335 -0.011371287)
(-0.0014288587 0.028632759 -0.010230187)
(-0.0011152368 0.025206573 -0.0091394387)
(-0.00085947943 0.02205668 -0.0081034755)
(-0.0006525831 0.01916314 -0.0071245007)
(-0.00048672782 0.016506624 -0.0062031003)
(-0.00035517512 0.014068697 -0.0053387044)
(-0.00025215666 0.011831978 -0.0045299344)
(-0.00017276066 0.0097802161 -0.003774862)
(-0.00011282187 0.0078983042 -0.0030712023)
(-6.8819859e-05 0.0061722629 -0.0024164558)
(-3.7801299e-05 0.0045891967 -0.0018080132)
(-1.7362379e-05 0.0031372377 -0.0012432308)
(-5.5439627e-06 0.001805481 -0.0007194852)
(-3.7688995e-07 0.00058391878 -0.00023421247)
(0.015404324 0.44202921 0.020091625)
(-0.015327184 0.299192 0.030530351)
(-0.0084120616 0.20559695 0.028923373)
(-0.016004613 0.1590665 0.021566266)
(-0.018498039 0.14027837 0.0128081)
(-0.019842173 0.13374308 0.0041973313)
(-0.020161629 0.13099878 -0.0035320166)
(-0.019663305 0.12839504 -0.01003604)
(-0.01857288 0.12469643 -0.015199652)
(-0.017101055 0.11971256 -0.019052293)
(-0.015420976 0.11365036 -0.021710651)
(-0.013666374 0.10682977 -0.023336903)
(-0.011934524 0.099565816 -0.024108953)
(-0.010291255 0.092124977 -0.024200634)
(-0.00877691 0.08471449 -0.023769938)
(-0.0074123576 0.077485627 -0.022953265)
(-0.0062044186 0.070542208 -0.021863846)
(-0.0051503796 0.063950256 -0.020592735)
(-0.0042415208 0.057746999 -0.019211217)
(-0.0034657275 0.051948514 -0.017773759)
(-0.0028093314 0.046555884 -0.01632103)
(-0.0022583465 0.041559959 -0.014882669)
(-0.001799251 0.036944938 -0.013479691)
(-0.0014194452 0.03269099 -0.012126482)
(-0.0011074848 0.028776134 -0.010832408)
(-0.0008531672 0.025177542 -0.0096030864)
(-0.00064752318 0.021872435 -0.0084413731)
(-0.00048275216 0.018838658 -0.0073481148)
(-0.0003521286 0.016055043 -0.0063227232)
(-0.00024989398 0.013501618 -0.0053636044)
(-0.00017114601 0.011159703 -0.0044684814)
(-0.00011172921 0.0090119445 -0.0036346325)
(-6.813343e-05 0.0070422896 -0.0028590685)
(-3.7419638e-05 0.005235943 -0.0021386621)
(-1.7176485e-05 0.0035792985 -0.0014702416)
(-5.4993426e-06 0.0020598647 -0.00085065841)
(-3.7098106e-07 0.00066618689 -0.00027683491)
(0.015456293 0.44463594 0.022503312)
(-0.014795763 0.30552748 0.035018307)
(-0.0074158601 0.21400598 0.033495299)
(-0.015114841 0.16885838 0.025339632)
(-0.01760667 0.15128862 0.015448297)
(-0.019051888 0.14586204 0.0056293218)
(-0.01952295 0.1439761 -0.0032518327)
(-0.019191717 0.14188844 -0.010785063)
(-0.018259373 0.13835692 -0.016821663)
(-0.016921899 0.13323483 -0.021376721)
(-0.015346212 0.12679096 -0.024566457)
(-0.013666071 0.11940805 -0.026563126)
(-0.011982512 0.1114573 -0.02756203)
(-0.010366728 0.10325221 -0.027758506)
(-0.0088645888 0.095037503 -0.027333322)
(-0.0075018392 0.086993192 -0.026444799)
(-0.0062892 0.079244222 -0.025225874)
(-0.0052268516 0.071871466 -0.023784435)
(-0.0043080865 0.064922008 -0.022205565)
(-0.0035221011 0.058417942 -0.020554665)
(-0.002856019 0.052363496 -0.018880809)
(-0.0022962809 0.046750589 -0.017219922)
(-0.0018295493 0.041563038 -0.015597578)
(-0.0014432563 0.036779652 -0.014031363)
(-0.0011259005 0.032376471 -0.012532796)
(-0.00086717535 0.028328331 -0.011108854)
(-0.00065798788 0.02460994 -0.0097631582)
(-0.0004904117 0.021196584 -0.0084968907)
(-0.00035760167 0.018064578 -0.0073094877)
(-0.00025369124 0.015191525 -0.0061991618)
(-0.00017368337 0.012556448 -0.0051632933)
(-0.00011334141 0.010139839 -0.004198721)
(-6.9087023e-05 0.0079236428 -0.003301956)
(-3.7921403e-05 0.005891211 -0.0024693395)
(-1.7404443e-05 0.0040272312 -0.0016971565)
(-5.5535235e-06 0.0023176437 -0.00098171288)
(-3.7636916e-07 0.00074955538 -0.00031939497)
(0.015540453 0.44724544 0.024583152)
(-0.014260002 0.31194291 0.03926027)
(-0.0065043011 0.22249813 0.037921425)
(-0.014324376 0.17862802 0.029089928)
(-0.016844406 0.16213192 0.018172916)
(-0.018424955 0.1576827 0.007229018)
(-0.019078427 0.15656683 -0.0027512888)
(-0.01893931 0.1549575 -0.011293633)
(-0.018182656 0.15159841 -0.018212057)
(-0.016988832 0.14637294 -0.023499788)
(-0.015518529 0.13959818 -0.027263759)
(-0.013906337 0.13170894 -0.029678228)
(-0.012258427 0.12312562 -0.030949734)
(-0.01065302 0.11420493 -0.031291199)
(-0.0091431896 0.10522761 -0.030904253)
(-0.007761059 0.096402237 -0.029968714)
(-0.0065224568 0.087875457 -0.028637763)
(-0.0054313453 0.079743842 -0.027037154)
(-0.0044836193 0.072065239 -0.025266977)
(-0.0036701283 0.064868601 -0.02340475)
(-0.0029789384 0.058162051 -0.021509)
(-0.0023969327 0.051939222 -0.019622804)
(-0.0019108839 0.046184088 -0.017776987)
(-0.0015081273 0.040874551 -0.01599286)
(-0.0011769469 0.035985045 -0.014284483)
(-0.00090676458 0.031488376 -0.012660464)
(-0.00068819752 0.027356987 -0.011125381)
(-0.0005130349 0.023563809 -0.0096808761)
(-0.00037416667 0.020082796 -0.0083264852)
(-0.00026548705 0.01688925 -0.00706027)
(-0.00018178808 0.013959995 -0.0058792873)
(-0.00011864971 0.01127344 -0.0047799393)
(-7.2335717e-05 0.0088095803 -0.003758231)
(-3.971642e-05 0.0065499549 -0.0028099594)
(-1.8226423e-05 0.004477571 -0.0019308495)
(-5.8311917e-06 0.0025768186 -0.0011166499)
(-3.9355005e-07 0.00083337683 -0.00036320258)
(0.015621494 0.44972391 0.026440074)
(-0.013892569 0.31818666 0.043211049)
(-0.0057363698 0.23083772 0.042202073)
(-0.013663487 0.18818631 0.032838047)
(-0.016220692 0.17265695 0.021011276)
(-0.017955286 0.16909226 0.0090300386)
(-0.018810893 0.1687005 -0.001996596)
(-0.018882555 0.16757533 -0.011531631)
(-0.018317287 0.16443503 -0.019347879)
(-0.017278077 0.15917643 -0.02540875)
(-0.015918161 0.15214928 -0.029802257)
(-0.014372511 0.14382905 -0.03269544)
(-0.012752787 0.13467867 -0.034298672)
(-0.011145233 0.12509535 -0.034837459)
(-0.0096114732 0.11539578 -0.034531621)
(-0.0081914201 0.10581858 -0.033581674)
(-0.0069072972 0.096534047 -0.032161508)
(-0.0057678944 0.087656494 -0.03041594)
(-0.0047724812 0.079256305 -0.028461568)
(-0.0039140769 0.071370749 -0.026389551)
(-0.0031819914 0.064012972 -0.024269265)
(-0.0025636858 0.057179166 -0.022152126)
(-0.002046058 0.050854091 -0.020075171)
(-0.001616281 0.0450152 -0.018064188)
(-0.0012623091 0.039635654 -0.016136343)
(-0.0009731491 0.034686464 -0.014302295)
(-0.00073897378 0.030137983 -0.012567872)
(-0.00055113281 0.025960902 -0.01093538)
(-0.00040210147 0.022126898 -0.0094045903)
(-0.00028539555 0.018609032 -0.0079734977)
(-0.00019546866 0.015381958 -0.0066388839)
(-0.00012760321 0.012422027 -0.0053967373)
(-7.7804503e-05 0.0097072957 -0.0042425619)
(-4.2718459e-05 0.0072174911 -0.0031716036)
(-1.961134e-05 0.0049339375 -0.0021790133)
(-6.2604592e-06 0.0028394672 -0.0012599652)
(-4.2492451e-07 0.0009183225 -0.00040973797)
(0.015621691 0.45202604 0.02819657)
(-0.013651574 0.32412558 0.046925506)
(-0.0051325228 0.23888731 0.04632202)
(-0.013112177 0.19742717 0.036575261)
(-0.015701709 0.18279373 0.023969102)
(-0.017593122 0.18005378 0.011047954)
(-0.018659401 0.18037323 -0.00096623341)
(-0.018954989 0.17977158 -0.011474579)
(-0.018596823 0.17692929 -0.020204984)
(-0.01772772 0.17173812 -0.027083634)
(-0.016490765 0.16456302 -0.03216995)
(-0.015019322 0.15590717 -0.035613708)
(-0.013429606 0.14626854 -0.037620361)
(-0.011815974 0.13608219 -0.038421553)
(-0.010249441 0.12570146 -0.038251408)
(-0.0087789495 0.11539753 -0.037329508)
(-0.0074344394 0.10536771 -0.035850508)
(-0.0062307314 0.095747224 -0.033979397)
(-0.0051714479 0.086621812 -0.031850928)
(-0.0042524998 0.078039294 -0.029571708)
(-0.0034649265 0.070019526 -0.027223682)
(-0.0027970536 0.062562482 -0.024868126)
(-0.00223604 0.055654553 -0.022549555)
(-0.0017689221 0.049273312 -0.020299252)
(-0.0013832762 0.043391014 -0.018138274)
(-0.0010676008 0.037977106 -0.016079923)
(-0.0008115051 0.032999977 -0.01413172)
(-0.000605769 0.028428145 -0.012296945)
(-0.00044232251 0.024231034 -0.010575827)
(-0.00031417692 0.020379454 -0.0089664404)
(-0.00021533072 0.016845873 -0.0074653866)
(-0.00014066244 0.013604548 -0.0060682951)
(-8.5823198e-05 0.010631559 -0.0047701953)
(-4.7156573e-05 0.0079047812 -0.003565788)
(-2.1656855e-05 0.0054038145 -0.0024496416)
(-6.935464e-06 0.0031098933 -0.0014163317)
(-4.6942291e-07 0.0010057837 -0.00046054017)
(0.015576196 0.45422002 0.029873281)
(-0.013333846 0.32982712 0.050395184)
(-0.0045677834 0.24666 0.05029116)
(-0.012590242 0.20633418 0.040291724)
(-0.015205451 0.19252407 0.02704098)
(-0.01724908 0.1905572 0.013285671)
(-0.018527855 0.19158775 0.00035223978)
(-0.019057575 0.19156618 -0.011100646)
(-0.018924238 0.18912278 -0.020754375)
(-0.018247314 0.18412441 -0.02849255)
(-0.017155821 0.17693127 -0.034337338)
(-0.015778031 0.16805851 -0.038410912)
(-0.014232369 0.15802933 -0.040903769)
(-0.012620306 0.14731263 -0.042045488)
(-0.011022402 0.13629881 -0.042078912)
(-0.009497547 0.12529472 -0.041239728)
(-0.008084685 0.11452888 -0.039742555)
(-0.0068060089 0.10416186 -0.037773262)
(-0.0056706961 0.094298646 -0.035486343)
(-0.0046785228 0.08500078 -0.033005817)
(-0.0038229804 0.076297254 -0.030428213)
(-0.0030937531 0.068193575 -0.027826519)
(-0.0024785643 0.060678984 -0.025254331)
(-0.001964472 0.053731975 -0.022749743)
(-0.001538727 0.047324401 -0.020338756)
(-0.0011892996 0.041424434 -0.018038129)
(-0.00090516942 0.035998647 -0.015857683)
(-0.00067645472 0.031013438 -0.013802129)
(-0.00049443464 0.026435967 -0.011872475)
(-0.00035150705 0.022234748 -0.010067107)
(-0.00024110849 0.018379995 -0.0083825964)
(-0.00015761282 0.014843792 -0.0068143138)
(-9.6224696e-05 0.011600162 -0.0053568706)
(-5.2896408e-05 0.008625043 -0.0040044497)
(-2.431192e-05 0.0058962326 -0.0027510416)
(-7.7752699e-06 0.003393292 -0.0015906095)
(-5.297922e-07 0.0010974405 -0.00051721018)
(0.015579581 0.45636124 0.03144683)
(-0.012965756 0.33537818 0.053634875)
(-0.0039591977 0.25420523 0.054127517)
(-0.012019189 0.21492949 0.04398036)
(-0.014635461 0.20184757 0.030214796)
(-0.016815925 0.20058614 0.01573649)
(-0.018301611 0.20231903 0.0019641486)
(-0.019072504 0.20293464 -0.0103893)
(-0.019183292 0.20100163 -0.020960929)
(-0.018726891 0.19634109 -0.029589884)
(-0.017813482 0.18928561 -0.036254616)
(-0.016561454 0.18034254 -0.04103989)
(-0.015087661 0.17004671 -0.04411025)
(-0.013498421 0.15889398 -0.045683174)
(-0.011883064 0.14731069 -0.046002535)
(-0.010310815 0.13564218 -0.04531531)
(-0.0088307085 0.12415304 -0.043853911)
(-0.0074736923 0.1130346 -0.041824969)
(-0.0062558837 0.10241617 -0.039403946)
(-0.0051821399 0.092377293 -0.036734222)
(-0.0042493798 0.082959455 -0.033929114)
(-0.0034493729 0.074176168 -0.031075485)
(-0.0027709106 0.066021259 -0.028237957)
(-0.002201394 0.058475311 -0.025463094)
(-0.00172793 0.051510513 -0.022783193)
(-0.0013380408 0.045094193 -0.020219543)
(-0.0010200877 0.039191333 -0.017785098)
(-0.00076349197 0.033766291 -0.015486621)
(-0.00055881991 0.028783956 -0.013326363)
(-0.00039777962 0.024210485 -0.011303349)
(-0.00027316378 0.020013737 -0.0094143595)
(-0.00017875952 0.016163517 -0.0076546606)
(-0.00010924589 0.012631668 -0.0060185485)
(-6.0116712e-05 0.0093920781 -0.0044997475)
(-2.7652055e-05 0.0064206261 -0.0030916993)
(-8.8671415e-06 0.0036950922 -0.0017877674)
(-6.0454899e-07 0.0011950484 -0.0005813848)
(0.015579876 0.45847489 0.032897493)
(-0.012561002 0.34083174 0.056637316)
(-0.0032548166 0.26157869 0.057807648)
(-0.011330003 0.22324738 0.047609328)
(-0.013896015 0.21076232 0.033460921)
(-0.016184577 0.21010312 0.018379808)
(-0.017862413 0.21250234 0.0038650872)
(-0.018876078 0.21379744 -0.0093239282)
(-0.019249139 0.21248598 -0.020786182)
(-0.019045108 0.20832203 -0.030318659)
(-0.018350282 0.20158493 -0.037852887)
(-0.017267481 0.19274999 -0.043427992)
(-0.015906898 0.18234495 -0.047171352)
(-0.014376018 0.17088134 -0.049276698)
(-0.012770968 0.15881742 -0.049978966)
(-0.011170846 0.14653849 -0.049529277)
(-0.0096354085 0.13435008 -0.048173747)
(-0.008205601 0.12248052 -0.046138297)
(-0.0069059475 0.11108973 -0.043619804)
(-0.0057478104 0.10028081 -0.040782652)
(-0.004732771 0.09011221 -0.037759171)
(-0.0038556729 0.080608855 -0.034652479)
(-0.0031071179 0.07177162 -0.03154049)
(-0.0024753747 0.063584863 -0.028480248)
(-0.0019477527 0.056022202 -0.025512047)
(-0.0015115355 0.049050795 -0.022663085)
(-0.0011545739 0.042634395 -0.019950544)
(-0.00086562998 0.036735485 -0.017384086)
(-0.00063454702 0.031316711 -0.014967845)
(-0.00045230294 0.026341811 -0.012701965)
(-0.00031098842 0.021776188 -0.010583778)
(-0.00020373739 0.01758723 -0.0086086927)
(-0.00012463495 0.013744456 -0.0067708574)
(-6.8643964e-05 0.010219553 -0.0050636474)
(-3.1607946e-05 0.0069863381 -0.00348002)
(-1.0133279e-05 0.0040206711 -0.0020127716)
(-6.9531471e-07 0.0013003466 -0.00065471841)
(0.015569887 0.46063096 0.034182103)
(-0.011966214 0.34629972 0.059372684)
(-0.002387319 0.26887258 0.061284758)
(-0.010451195 0.23133426 0.051121952)
(-0.012894709 0.21926156 0.036731674)
(-0.015253499 0.2190504 0.021180216)
(-0.017099893 0.22203794 0.006038553)
(-0.018350217 0.22402631 -0.0078961008)
(-0.018998701 0.22343519 -0.020193999)
(-0.019077825 0.21993166 -0.030616613)
(-0.01864558 0.21371474 -0.039049456)
(-0.017783362 0.20519935 -0.045480618)
(-0.016588694 0.19488159 -0.049990055)
(-0.015165198 0.18327163 -0.052735249)
(-0.013612412 0.17085101 -0.053930132)
(-0.012017669 0.15804381 -0.053820243)
(-0.010451275 0.14520039 -0.052658851)
(-0.0089649923 0.13259271 -0.050687758)
(-0.007593094 0.12041867 -0.048124394)
(-0.0063549486 0.10881184 -0.045155056)
(-0.0052582253 0.097853496 -0.04193305)
(-0.004302067 0.087584575 -0.038580176)
(-0.0034798681 0.078016392 -0.035190147)
(-0.0027815082 0.06913947 -0.031832821)
(-0.0021950346 0.060930465 -0.028558543)
(-0.0017078574 0.053357374 -0.025402151)
(-0.0013075509 0.046383315 -0.022386455)
(-0.00098235421 0.039969193 -0.019525138)
(-0.00072145446 0.034075512 -0.016825085)
(-0.00051511857 0.028663573 -0.014288219)
(-0.00035472355 0.023696222 -0.011912919)
(-0.00023271883 0.019138285 -0.0096951023)
(-0.00014255243 0.014956793 -0.0076290274)
(-7.8614966e-05 0.011121058 -0.0057078999)
(-3.623892e-05 0.0076026613 -0.0039243106)
(-1.1649812e-05 0.004375377 -0.0022705552)
(-8.0097471e-07 0.0014150648 -0.00073886304)
(0.015560546 0.46290734 0.035199778)
(-0.011064631 0.35192189 0.061776314)
(-0.0012833894 0.27619877 0.064513763)
(-0.0093243442 0.23924615 0.054453875)
(-0.011551802 0.22733836 0.039970961)
(-0.013939741 0.22736187 0.024090964)
(-0.015923088 0.23080793 0.0084549039)
(-0.017393932 0.23346243 -0.0061102528)
(-0.018321584 0.23366447 -0.019158047)
(-0.018707883 0.23097766 -0.03042525)
(-0.018579598 0.22549475 -0.039756976)
(-0.017991613 0.21753945 -0.047089024)
(-0.017022553 0.20754631 -0.05244619)
(-0.01576612 0.19600019 -0.055937659)
(-0.014320419 0.18339104 -0.057742936)
(-0.012777934 0.17017603 -0.058089783)
(-0.011218168 0.15675189 -0.057229295)
(-0.0097037339 0.14344033 -0.05541322)
(-0.0082795831 0.13048536 -0.052876743)
(-0.0069744743 0.11805934 -0.049827716)
(-0.0058036652 0.10627373 -0.046441685)
(-0.0047720065 0.095191516 -0.042861328)
(-0.0038768935 0.084839063 -0.03919872)
(-0.0031107898 0.075216399 -0.035539119)
(-0.0024632249 0.066305519 -0.031945302)
(-0.0019222812 0.058076767 -0.028461824)
(-0.0014756385 0.050493548 -0.025118876)
(-0.0011112683 0.0435157 -0.021935584)
(-0.00081786098 0.037101817 -0.018922717)
(-0.00058506267 0.031210808 -0.016084866)
(-0.00040357763 0.02580289 -0.013422141)
(-0.00026517853 0.02084019 -0.010931478)
(-0.00016266311 0.01628707 -0.0086076296)
(-8.9817647e-05 0.012110275 -0.0064439063)
(-4.1460525e-05 0.0082789522 -0.0044327259)
(-1.3335372e-05 0.0047645954 -0.0025660095)
(-9.2336135e-07 0.0015409447 -0.00083547368)
(0.01556077 0.46529506 0.035866341)
(-0.010044495 0.35772123 0.063805822)
(2.7373486e-05 0.28360907 0.06741523)
(-0.0079369827 0.24702986 0.057524705)
(-0.0098167102 0.23499261 0.043114132)
(-0.012191989 0.23498205 0.027053442)
(-0.014271361 0.23870115 0.011068894)
(-0.015933565 0.2419435 -0.0039888892)
(-0.017130307 0.24297066 -0.017670084)
(-0.017835128 0.24123263 -0.029700766)
(-0.018042592 0.23669444 -0.039895719)
(-0.017777659 0.22955851 -0.048142263)
(-0.017094571 0.22016404 -0.054406488)
(-0.016070685 0.20893971 -0.058739483)
(-0.014796665 0.19636125 -0.061272931)
(-0.013365515 0.1829066 -0.062202881)
(-0.011863091 0.16901623 -0.061766187)
(-0.010361693 0.1550658 -0.060215696)
(-0.0089170898 0.14135357 -0.057798995)
(-0.0075683837 0.12810004 -0.054743196)
(-0.0063397782 0.11545588 -0.051246108)
(-0.0052432844 0.10351383 -0.047472802)
(-0.0042816582 0.092321404 -0.043556048)
(-0.003451119 0.081892693 -0.039599144)
(-0.0027436316 0.072218263 -0.035679915)
(-0.0021486901 0.063272984 -0.031855032)
(-0.0016546343 0.05502194 -0.028164156)
(-0.0012495673 0.047424722 -0.02463361)
(-0.00092196137 0.040438442 -0.02127949)
(-0.00066102754 0.034019776 -0.018110205)
(-0.00045691493 0.028126302 -0.015128501)
(-0.00030078738 0.022717328 -0.012333036)
(-0.00018482457 0.017754376 -0.009719592)
(-0.00010222305 0.013201411 -0.0072819877)
(-4.7257666e-05 0.0090249271 -0.005012763)
(-1.5240458e-05 0.005193919 -0.0029036825)
(-1.059955e-06 0.0016797952 -0.00094610575)
(0.015597202 0.46776646 0.036158319)
(-0.0090265106 0.36367767 0.065437562)
(0.0014957321 0.29113682 0.069805547)
(-0.006276967 0.25473664 0.060232082)
(-0.0076578734 0.2422462 0.046086205)
(-0.0099915512 0.24188872 0.029995178)
(-0.012117233 0.24564156 0.01381837)
(-0.013927224 0.24933558 -0.0015747581)
(-0.01536658 0.25116484 -0.015746554)
(-0.016384036 0.25046415 -0.028424653)
(-0.016942921 0.24705768 -0.039407145)
(-0.017037388 0.24100124 -0.04854207)
(-0.016693608 0.23250439 -0.055738826)
(-0.015966812 0.22190321 -0.060984864)
(-0.014933688 0.20962807 -0.064352676)
(-0.013681818 0.19615691 -0.065992361)
(-0.012298936 0.18196459 -0.066112438)
(-0.010864337 0.16748112 -0.064955087)
(-0.0094435312 0.15306571 -0.062771925)
(-0.00808612 0.13899686 -0.05980445)
(-0.0068261709 0.12547491 -0.056270812)
(-0.0056841478 0.11263182 -0.052358726)
(-0.004669552 0.10054415 -0.048223303)
(-0.0037836621 0.089246127 -0.043988266)
(-0.0030220118 0.078741339 -0.039749131)
(-0.0023764407 0.06901227 -0.035577298)
(-0.0018366839 0.060027718 -0.031524282)
(-0.001391538 0.051748291 -0.027625695)
(-0.0010296713 0.044130327 -0.023904719)
(-0.00074015731 0.037128605 -0.020375035)
(-0.00051279572 0.030698151 -0.017043198)
(-0.00033827907 0.024795387 -0.013910521)
(-0.00020825669 0.019378823 -0.010974545)
(-0.00011538181 0.014409436 -0.0082301574)
(-5.343703e-05 0.0098508255 -0.0056704503)
(-1.7257684e-05 0.0056692419 -0.0032873507)
(-1.209745e-06 0.0018335226 -0.0010720943)
(0.015708538 0.47034701 0.036042872)
(-0.0079952749 0.36996083 0.0665053)
(0.0031015687 0.29898658 0.071526264)
(-0.0042809862 0.26248088 0.062585864)
(-0.0050607852 0.24916763 0.048823811)
(-0.0073492669 0.24811579 0.032832915)
(-0.0094595721 0.25161529 0.016623987)
(-0.011362507 0.25556517 0.0010629182)
(-0.013003458 0.25810831 -0.013435021)
(-0.014307144 0.25847142 -0.026612739)
(-0.015211859 0.25633593 -0.038266659)
(-0.015682751 0.25159528 -0.048218649)
(-0.015716729 0.24429942 -0.056329231)
(-0.015342842 0.23465318 -0.062522553)
(-0.014617783 0.22300293 -0.066804864)
(-0.013617099 0.209796 -0.069267948)
(-0.01242449 0.19552329 -0.070077371)
(-0.011121835 0.18066302 -0.069450643)
(-0.0097817288 0.1656387 -0.067631999)
(-0.0084631838 0.15079588 -0.064869354)
(-0.0072102168 0.13639583 -0.06139665)
(-0.006052557 0.12262102 -0.057422535)
(-0.0050076313 0.10958686 -0.0531248)
(-0.0040830659 0.097355638 -0.04864923)
(-0.0032791973 0.085949927 -0.044111374)
(-0.0025913025 0.075364096 -0.039599943)
(-0.0020114293 0.065573563 -0.035180864)
(-0.0015298064 0.056541815 -0.030901386)
(-0.0011358769 0.048225534 -0.02679385)
(-0.00081901708 0.040578191 -0.022878969)
(-0.0005690061 0.033552498 -0.019168574)
(-0.00037630444 0.027101999 -0.015667827)
(-0.0002322007 0.021182069 -0.012376987)
(-0.00012892782 0.015750476 -0.0092927732)
(-5.983168e-05 0.010767679 -0.0064094189)
(-1.9384184e-05 0.0061969144 -0.0037194666)
(-1.367489e-06 0.0020041808 -0.0012143671)
(0.015863235 0.4730112 0.035494893)
(-0.0070510401 0.37650773 0.066890206)
(0.0046378673 0.30718254 0.07245255)
(-0.0019381408 0.27033396 0.064694066)
(-0.0021478327 0.25586135 0.051199539)
(-0.0043211928 0.25376477 0.035455123)
(-0.0063246736 0.25669161 0.019389082)
(-0.008249236 0.2606482 0.0038356837)
(-0.010032861 0.26374805 -0.010810731)
(-0.011578438 0.2651252 -0.02431727)
(-0.012801391 0.26432869 -0.036491417)
(-0.013642355 0.26108723 -0.047143758)
(-0.014071191 0.25527138 -0.056098689)
(-0.014089634 0.24691925 -0.063224047)
(-0.013730153 0.2362504 -0.068459189)
(-0.013050051 0.22364152 -0.071829734)
(-0.01212228 0.20957021 -0.073445533)
(-0.011025342 0.19454748 -0.07348482)
(-0.0098344643 0.17905829 -0.072170679)
(-0.0086153726 0.16352139 -0.069746255)
(-0.0074209034 0.14827003 -0.066453596)
(-0.006289981 0.13354967 -0.062517919)
(-0.0052486133 0.11952638 -0.058137998)
(-0.0043118216 0.10630049 -0.053481926)
(-0.0034859364 0.093921391 -0.048686779)
(-0.0027708448 0.082401104 -0.043860762)
(-0.0021619681 0.071725708 -0.039086666)
(-0.001651878 0.061864254 -0.034425825)
(-0.0012315439 0.052775435 -0.029922014)
(-0.0008912474 0.04441237 -0.02560501)
(-0.00062121858 0.036725913 -0.021493662)
(-0.00041204814 0.029666869 -0.017598455)
(-0.00025493812 0.023187398 -0.013923576)
(-0.00014189962 0.017241876 -0.010468561)
(-6.6014912e-05 0.011787354 -0.0072295787)
(-2.1437816e-05 0.0067837671 -0.0042004102)
(-1.5278017e-06 0.0021939789 -0.0013732066)
(0.016059523 0.47571209 0.034556355)
(-0.0063746129 0.38322653 0.066646967)
(0.0062459746 0.31557372 0.072440767)
(0.0008056976 0.27827137 0.066203684)
(0.00085664343 0.26246642 0.053052538)
(-0.00091659702 0.2590075 0.037748928)
(-0.0027203278 0.26103443 0.02200783)
(-0.0046003884 0.26471166 0.0066410464)
(-0.0064605303 0.26814834 -0.0079736143)
(-0.0081861614 0.2704081 -0.021626112)
(-0.0096776496 0.2709289 -0.034143846)
(-0.010857215 0.26928774 -0.045339798)
(-0.011672493 0.26517152 -0.055017615)
(-0.01210005 0.25842669 -0.063001745)
(-0.012146746 0.24910489 -0.069171496)
(-0.011847099 0.23746577 -0.073485425)
(-0.011256883 0.22393313 -0.075989717)
(-0.010444323 0.2090234 -0.076810806)
(-0.0094809814 0.1932708 -0.076136499)
(-0.0084349074 0.17716765 -0.074190868)
(-0.0073648847 0.16112792 -0.071213219)
(-0.0063176853 0.14547274 -0.067438115)
(-0.005327615 0.13043226 -0.063080798)
(-0.0044175757 0.11615694 -0.058329671)
(-0.0036008192 0.10273291 -0.05334326)
(-0.0028829531 0.090197466 -0.048250454)
(-0.0022638996 0.078552828 -0.043152821)
(-0.0017396219 0.067777366 -0.038128012)
(-0.0013035388 0.057834211 -0.033233522)
(-0.00094762021 0.048677581 -0.028510354)
(-0.0006631932 0.040257252 -0.023986341)
(-0.00044150029 0.032521605 -0.019678998)
(-0.0002740706 0.025419621 -0.015597911)
(-0.00015302203 0.018902122 -0.011746659)
(-7.139975e-05 0.0129225 -0.008124361)
(-2.3279163e-05 0.0074370831 -0.0047268702)
(-1.6760217e-06 0.0024052725 -0.0015477145)
(0.01636696 0.47851189 0.033235255)
(-0.0057504658 0.39038558 0.065609476)
(0.0080177246 0.32449471 0.071888325)
(0.0038098796 0.28660097 0.066754252)
(0.0040531922 0.26923662 0.054319424)
(0.0028793375 0.26410341 0.039637544)
(0.0013514351 0.26491316 0.024380873)
(-0.00041556337 0.26800995 0.0093648766)
(-0.0022793407 0.27151734 -0.005042862)
(-0.0041111669 0.27445252 -0.018657267)
(-0.0058037604 0.27617075 -0.031328863)
(-0.0072675969 0.27612429 -0.042882039)
(-0.0084350773 0.27383107 -0.053114445)
(-0.009262768 0.26893851 -0.061823746)
(-0.0097338744 0.26129969 -0.068842885)
(-0.0098583724 0.25101086 -0.074070952)
(-0.0096702156 0.23839288 -0.077490038)
(-0.0092212395 0.22392742 -0.07916735)
(-0.0085687845 0.20817311 -0.079244839)
(-0.0077840951 0.19168701 -0.077908283)
(-0.0069189275 0.17496718 -0.075384019)
(-0.0060288528 0.15842135 -0.071906339)
(-0.0051543089 0.14235765 -0.067698429)
(-0.0043255929 0.12699059 -0.062963766)
(-0.0035632885 0.11245519 -0.057879804)
(-0.0028795636 0.098823691 -0.052595559)
(-0.0022798752 0.086121741 -0.047232128)
(-0.0017646663 0.074342142 -0.041885011)
(-0.0013308515 0.063455879 -0.03662735)
(-0.00097303877 0.053420401 -0.031513429)
(-0.00068448034 0.044185624 -0.026582068)
(-0.00045777332 0.035698096 -0.021859676)
(-0.00028535912 0.027903788 -0.017362894)
(-0.00015993502 0.020749891 -0.013100795)
(-7.490818e-05 0.014185901 -0.0090766808)
(-2.4523222e-05 0.0081642213 -0.0052895147)
(-1.7913497e-06 0.0026404416 -0.0017350612)
(0.016690794 0.4814187 0.031504615)
(-0.0050882187 0.39792933 0.063566821)
(0.0098208166 0.33396499 0.070667295)
(0.00698232 0.29552163 0.066370317)
(0.0075783037 0.27645379 0.05492198)
(0.0070499992 0.2694186 0.0410163)
(0.0058840564 0.26872833 0.026396043)
(0.0043222438 0.27094557 0.011887268)
(0.0025450531 0.27423232 -0.0021501257)
(0.00069233493 0.27757685 -0.015551008)
(-0.0011194392 0.28027887 -0.028185432)
(-0.0027946318 0.28170062 -0.039892355)
(-0.0042583843 0.28122404 -0.050473787)
(-0.0054534903 0.27831344 -0.059717741)
(-0.0063444625 0.27261232 -0.067428538)
(-0.0069185474 0.26401721 -0.073462151)
(-0.0071853468 0.25269513 -0.077745325)
(-0.0071791449 0.23904208 -0.080284753)
(-0.006900319 0.22360175 -0.081161772)
(-0.0064982731 0.20697404 -0.080540893)
(-0.0059222984 0.18973514 -0.078601331)
(-0.0052805029 0.17238542 -0.075563126)
(-0.0046050229 0.15532342 -0.071646813)
(-0.0039313695 0.13884242 -0.067063367)
(-0.0032870623 0.12314036 -0.062003994)
(-0.0026910745 0.10833636 -0.05663487)
(-0.0021550541 0.094488748 -0.051095447)
(-0.0016848584 0.081611539 -0.045499218)
(-0.0012819602 0.069688233 -0.03993597)
(-0.00094467507 0.058682533 -0.034474762)
(-0.00066918711 0.048546304 -0.029167123)
(-0.00045035579 0.03922522 -0.024050125)
(-0.00028232885 0.030662642 -0.019149165)
(-0.00015906607 0.022802158 -0.014480372)
(-7.4875723e-05 0.015589178 -0.01005263)
(-2.467056e-05 0.0089718722 -0.0058692304)
(-1.8342252e-06 0.00290165 -0.0019292192)
(0.016980322 0.48441183 0.029362151)
(-0.0044290948 0.40583185 0.060577965)
(0.011594159 0.34405859 0.068516871)
(0.010300855 0.30525016 0.06509836)
(0.011442624 0.28447489 0.054748892)
(0.011620117 0.27541024 0.041751286)
(0.010932267 0.27300839 0.027916163)
(0.0096860744 0.27408863 0.014065873)
(0.0080983393 0.27687018 0.0005510317)
(0.0063249611 0.28032647 -0.012471877)
(0.0044889117 0.28372017 -0.024882591)
(0.0026880572 0.28636126 -0.036531555)
(0.00099885566 0.28754123 -0.047229222)
(-0.00051219221 0.28658106 -0.056766009)
(-0.0017980754 0.28293114 -0.064940201)
(-0.0028299453 0.2762737 -0.071585501)
(-0.0035898648 0.26657979 -0.076592)
(-0.0040696208 0.25410449 -0.07991865)
(-0.0043232969 0.23932508 -0.081592429)
(-0.0043400337 0.22284624 -0.081713931)
(-0.0041778314 0.20530317 -0.080447297)
(-0.0038935113 0.18728527 -0.077967063)
(-0.0035197908 0.16928953 -0.074480408)
(-0.0030966052 0.15170154 -0.070194543)
(-0.0026557836 0.13479707 -0.065305118)
(-0.0022219112 0.11875582 -0.059988824)
(-0.0018127891 0.10368002 -0.054399267)
(-0.0014402779 0.089613482 -0.048665686)
(-0.001111326 0.076558316 -0.042893722)
(-0.00082903389 0.064488567 -0.037167429)
(-0.00059363827 0.053360598 -0.031551914)
(-0.00040334901 0.043120666 -0.02609615)
(-0.00025503153 0.033710214 -0.020835701)
(-0.00014480823 0.025069429 -0.015795197)
(-6.8681382e-05 0.017139534 -0.010990497)
(-2.2823224e-05 0.0098641832 -0.0064305072)
(-1.7443282e-06 0.003190239 -0.0021187139)
(0.017251885 0.48746323 0.026888671)
(-0.0038377538 0.41406297 0.056713527)
(0.013277527 0.3548429 0.065247427)
(0.013528495 0.31601525 0.0627048)
(0.015595035 0.29371201 0.053596701)
(0.016624963 0.28264468 0.041663182)
(0.016588223 0.27843509 0.028765937)
(0.015810632 0.27820035 0.015721508)
(0.014546901 0.28023699 0.0028772793)
(0.012972648 0.28351023 -0.009607861)
(0.011218102 0.2872561 -0.021611313)
(0.0093832968 0.29075922 -0.032984428)
(0.0075464956 0.29327013 -0.043544113)
(0.0057728039 0.29402641 -0.053090815)
(0.0041183977 0.29233589 -0.061434457)
(0.0026317632 0.28768434 -0.068409752)
(0.0013515713 0.27982726 -0.073893669)
(0.00030127854 0.26883053 -0.077816847)
(-0.00052092564 0.25504511 -0.080172409)
(-0.0010732475 0.23902761 -0.081015672)
(-0.0014727319 0.22143654 -0.080432231)
(-0.001660494 0.20293414 -0.078581572)
(-0.0017117061 0.18411497 -0.07564014)
(-0.0016576128 0.16546573 -0.071795728)
(-0.0015290089 0.14735346 -0.06723583)
(-0.0013543706 0.13003253 -0.062137544)
(-0.0011569485 0.11366176 -0.056660988)
(-0.00095454175 0.098324861 -0.050945815)
(-0.00076005737 0.084050115 -0.045110135)
(-0.00058224932 0.070827157 -0.039251155)
(-0.00042649174 0.058620271 -0.033446853)
(-0.00029551887 0.047378343 -0.027758191)
(-0.00019009 0.037041987 -0.022231505)
(-0.00010960984 0.027548433 -0.016900841)
(-5.2749869e-05 0.018834754 -0.011790104)
(-1.783776e-05 0.010839882 -0.0069149435)
(-1.4329918e-06 0.0035057971 -0.002284392)
(0.017487733 0.49058019 0.024219401)
(-0.0034267345 0.42265268 0.052015043)
(0.014932058 0.36645951 0.060771681)
(0.016807161 0.3281394 0.059105935)
(0.020042363 0.30470604 0.051191719)
(0.022186475 0.29186243 0.040476505)
(0.023039239 0.28591497 0.028684229)
(0.022940745 0.28430988 0.01660641)
(0.022178584 0.28543854 0.0045937512)
(0.020947849 0.28825993 -0.0071789998)
(0.019386753 0.29198637 -0.01857226)
(0.017598848 0.29589617 -0.029427697)
(0.015666068 0.29924606 -0.039564934)
(0.013659185 0.30126084 -0.048799919)
(0.011644488 0.30118005 -0.056964016)
(0.0096861965 0.29834803 -0.063915096)
(0.0078441007 0.29232068 -0.06954312)
(0.0061686173 0.28294886 -0.073774601)
(0.004695935 0.27040339 -0.076577432)
(0.0034446438 0.25513116 -0.077963296)
(0.0024240849 0.23776132 -0.078000747)
(0.0016139304 0.21899493 -0.076790294)
(0.00099983133 0.19950876 -0.074465181)
(0.00055232038 0.17989047 -0.071182428)
(0.00024188962 0.16060704 -0.067108675)
(3.9869563e-05 0.14199991 -0.062409277)
(-7.9930269e-05 0.12429706 -0.057240295)
(-0.00014005529 0.10763308 -0.051743229)
(-0.00015908 0.092071039 -0.046042153)
(-0.00015178933 0.077622416 -0.040242771)
(-0.00012948249 0.064263663 -0.034432837)
(-0.00010046486 0.051948977 -0.028683438)
(-7.0577589e-05 0.040619675 -0.02305075)
(-4.3725816e-05 0.030210778 -0.017577977)
(-2.2413784e-05 0.020655444 -0.012297271)
(-8.1094218e-06 0.011887808 -0.0072315218)
(-7.7737191e-07 0.0038447146 -0.0023959854)
(0.017682149 0.49385961 0.021414326)
(-0.0030870933 0.43181547 0.04650751)
(0.016649396 0.37929101 0.054911999)
(0.020520794 0.34221476 0.053972664)
(0.025142369 0.31830322 0.047274337)
(0.0286632 0.30415322 0.037876147)
(0.03068931 0.29673955 0.027341332)
(0.031523737 0.29384699 0.016404877)
(0.031465934 0.29397343 0.0054182759)
(0.030723353 0.29607897 -0.0054200633)
(0.029442891 0.29935971 -0.01594469)
(0.027737647 0.30310635 -0.025982919)
(0.025704295 0.30662605 -0.035357596)
(0.023431532 0.30920241 -0.043904074)
(0.021005054 0.31009549 -0.051485467)
(0.018511146 0.30859109 -0.057997716)
(0.016033202 0.30409705 -0.063363529)
(0.013647207 0.29625575 -0.067528456)
(0.011416882 0.28502289 -0.070461012)
(0.0093896999 0.2706766 -0.072156683)
(0.0075945733 0.25375436 -0.072642498)
(0.0060427503 0.23494575 -0.071979989)
(0.0047306655 0.21497861 -0.07026196)
(0.003643721 0.19452797 -0.067605588)
(0.0027601843 0.17416009 -0.064144185)
(0.0020546603 0.15431028 -0.060018108)
(0.0015008159 0.13528548 -0.055366647)
(0.001073301 0.11728104 -0.050321745)
(0.00074893684 0.10040324 -0.045003745)
(0.00050732692 0.08469196 -0.039518981)
(0.00033105134 0.070140484 -0.033958851)
(0.00020558502 0.056711417 -0.028399987)
(0.00011905384 0.044348684 -0.022905126)
(6.1932219e-05 0.032986148 -0.0175244)
(2.6771493e-05 0.022553531 -0.012296802)
(7.8542508e-06 0.01298029 -0.0072516775)
(3.4974285e-07 0.0041980419 -0.0024101751)
(0.01797041 0.49752025 0.018403774)
(-0.0024217295 0.4421481 0.040135745)
(0.018783329 0.3942421 0.047459381)
(0.025013173 0.35940526 0.047022662)
(0.031429344 0.33594479 0.041495468)
(0.036677049 0.32120697 0.033476369)
(0.040202787 0.31275764 0.024348187)
(0.042225907 0.30870895 0.014772747)
(0.04303542 0.30769085 0.0050858995)
(0.042851521 0.30870217 -0.0045005613)
(0.041840508 0.31095656 -0.013792889)
(0.040142275 0.31379482 -0.022614872)
(0.037889228 0.31662114 -0.030805925)
(0.03520737 0.31883847 -0.038225267)
(0.032222804 0.31980727 -0.044777279)
(0.029055626 0.31884287 -0.050405887)
(0.025817287 0.31527738 -0.055074255)
(0.022608214 0.30858202 -0.058759301)
(0.019514837 0.29849148 -0.061446133)
(0.016606738 0.28507371 -0.063129128)
(0.013934716 0.26871592 -0.063817392)
(0.011530496 0.25003857 -0.063540512)
(0.0094082436 0.22977571 -0.062351632)
(0.0075674454 0.20866153 -0.060326525)
(0.0059964544 0.18734834 -0.057559275)
(0.0046760119 0.16636262 -0.054156013)
(0.0035823487 0.14609348 -0.050228245)
(0.0026896732 0.12680277 -0.045886851)
(0.001972021 0.10864609 -0.041237354)
(0.0014045209 0.091696978 -0.036376626)
(0.0009641793 0.07596969 -0.031390932)
(0.00063028247 0.061438194 -0.026355068)
(0.00038453514 0.048051008 -0.021332314)
(0.00021111545 0.035742082 -0.016374965)
(9.6806814e-05 0.02443842 -0.011525182)
(3.0846652e-05 0.014065178 -0.0068160155)
(2.0280749e-06 0.0045489126 -0.002272527)
(0.018538385 0.50175842 0.014967267)
(-0.00089973954 0.45447656 0.032521606)
(0.022044668 0.41271224 0.038111154)
(0.031198743 0.38146166 0.037859067)
(0.039823278 0.35956543 0.033421605)
(0.047094381 0.34499148 0.026867484)
(0.052325647 0.33582799 0.019368332)
(0.055621787 0.33053882 0.011478187)
(0.057254032 0.32795369 0.0034989613)
(0.057482262 0.32720031 -0.0043568034)
(0.056524519 0.32758889 -0.011903184)
(0.054576167 0.32857694 -0.01899042)
(0.051830612 0.3297068 -0.025484602)
(0.048481323 0.330539 -0.031292853)
(0.04470909 0.33057766 -0.036370134)
(0.040676381 0.32921956 -0.040695766)
(0.036525315 0.32578367 -0.044269424)
(0.032377962 0.31962154 -0.04709842)
(0.028336813 0.31027032 -0.049188939)
(0.024484982 0.29757795 -0.050544101)
(0.02088619 0.28174545 -0.051167896)
(0.017585068 0.2632763 -0.051071746)
(0.014608292 0.24286412 -0.05028025)
(0.011966654 0.22126517 -0.04883406)
(0.0096578075 0.19919256 -0.046789466)
(0.0076692622 0.17724934 -0.044215449)
(0.0059812871 0.15590003 -0.04118937)
(0.0045694901 0.13547104 -0.037792373)
(0.0034069634 0.11616788 -0.034105239)
(0.0024659695 0.098099504 -0.030205092)
(0.0017191856 0.081303017 -0.02616305)
(0.0011405458 0.065765513 -0.022042782)
(0.00070577412 0.051441543 -0.017899799)
(0.00039285766 0.038266277 -0.013781334)
(0.00018272313 0.026164876 -0.0097266082)
(5.9276722e-05 0.015058871 -0.0057673394)
(4.1659505e-06 0.0048702874 -0.0019284454)
(0.019407738 0.5063165 0.010649712)
(0.0017991318 0.4684381 0.022893011)
(0.026848519 0.43436846 0.026342279)
(0.039399116 0.40800521 0.025984458)
(0.050430268 0.38855352 0.022657599)
(0.059688615 0.37453849 0.017815172)
(0.066446146 0.36460206 0.012330709)
(0.070726957 0.35764668 0.0066295137)
(0.072817678 0.35282513 0.00094629741)
(0.073061685 0.34950883 -0.0045374635)
(0.07176359 0.34719767 -0.0097064278)
(0.069204305 0.34552437 -0.014466856)
(0.065664462 0.34419079 -0.01874649)
(0.061409394 0.34290154 -0.022503434)
(0.056675084 0.34128244 -0.025723684)
(0.051662843 0.33881306 -0.028415803)
(0.046540012 0.33482416 -0.03060147)
(0.041442935 0.32859073 -0.032305194)
(0.036481103 0.31949653 -0.033546548)
(0.031741065 0.30719845 -0.03433721)
(0.027289256 0.29171754 -0.034682848)
(0.023173853 0.27342572 -0.034588016)
(0.019426265 0.25294872 -0.034061511)
(0.016062788 0.23103307 -0.03312028)
(0.013086596 0.20842306 -0.031791057)
(0.010489987 0.1857741 -0.030109873)
(0.0082567188 0.1636082 -0.028120108)
(0.0063642655 0.14230408 -0.025869842)
(0.0047858845 0.12210941 -0.023409115)
(0.0034924069 0.10316397 -0.0207875)
(0.00245371 0.085525473 -0.018052184)
(0.0016398418 0.069193251 -0.015246601)
(0.0010218542 0.054127925 -0.012409585)
(0.00057265374 0.04026643 -0.0095749529)
(0.00026818901 0.027532917 -0.0067714152)
(8.777392e-05 0.015846252 -0.0040227112)
(6.3625497e-06 0.0051249353 -0.0013479321)
(0.020249383 0.50998326 0.0050780982)
(0.0046836845 0.48021298 0.010658572)
(0.031597075 0.45304991 0.011797423)
(0.047000572 0.43119059 0.011160641)
(0.059914745 0.4139363 0.0091383703)
(0.070515017 0.40027114 0.0064621368)
(0.078139976 0.38937692 0.0035993506)
(0.082820309 0.38061644 0.00076229901)
(0.084938292 0.37349573 -0.0019373208)
(0.084886203 0.36764142 -0.0044222191)
(0.083033391 0.36276886 -0.0066558606)
(0.079769414 0.35865921 -0.0086111086)
(0.07544884 0.35512119 -0.010278771)
(0.070385801 0.35193983 -0.011663166)
(0.064850169 0.34880241 -0.012778518)
(0.059065181 0.34522723 -0.013646684)
(0.053209884 0.34054748 -0.014293203)
(0.047424687 0.33399206 -0.014742686)
(0.041818237 0.32485207 -0.015015105)
(0.03647391 0.31266426 -0.015124072)
(0.03145472 0.29733019 -0.015077326)
(0.026806475 0.27912752 -0.014878856)
(0.022559756 0.25862538 -0.014531635)
(0.018731442 0.23655086 -0.014040012)
(0.015326216 0.21365702 -0.013411231)
(0.012338221 0.19062439 -0.012655965)
(0.0097528703 0.16800616 -0.011788043)
(0.0075487176 0.14621106 -0.010823693)
(0.0056992984 0.12551184 -0.0097805566)
(0.0041748532 0.10606713 -0.0086767222)
(0.0029438424 0.087947477 -0.0075298795)
(0.0019741826 0.071160076 -0.0063566698)
(0.0012342325 0.055669586 -0.0051722353)
(0.000693867 0.041414309 -0.003989953)
(0.00032602162 0.028318005 -0.002821313)
(0.00010713468 0.016298092 -0.0016759095)
(7.8860041e-06 0.0052710627 -0.00056152116)
(0.020504046 0.51112933 -0.0013761492)
(0.005565532 0.48387478 -0.0033756701)
(0.032916044 0.45867217 -0.0045598106)
(0.048925177 0.43785394 -0.0055040727)
(0.062138559 0.42081412 -0.0060029911)
(0.072878647 0.40677928 -0.0061188386)
(0.080517721 0.39516704 -0.0059186102)
(0.085091705 0.38553247 -0.0054501484)
(0.087013619 0.37751698 -0.004758103)
(0.086730852 0.37082645 -0.0039006041)
(0.084664475 0.36521828 -0.0029122767)
(0.081201208 0.36048765 -0.0018427586)
(0.07668984 0.35644435 -0.00073831111)
(0.071451889 0.35286719 0.00036310354)
(0.065762999 0.3494321 0.0014291401)
(0.059846478 0.34564382 0.0024339303)
(0.053879146 0.34082138 0.0033574799)
(0.047998689 0.33417953 0.0041839194)
(0.042311026 0.32499534 0.0048999801)
(0.036896998 0.31279216 0.0054944513)
(0.031817409 0.29745955 0.0059585978)
(0.027116269 0.27926557 0.0062870311)
(0.022822788 0.25877257 0.0064784446)
(0.018952863 0.23670371 0.0065358541)
(0.015510517 0.21381037 0.0064662813)
(0.012489476 0.19077304 0.0062800251)
(0.009874889 0.16814572 0.0059897304)
(0.0076451308 0.14633834 0.0056094358)
(0.0057735919 0.12562485 0.0051537226)
(0.0042303642 0.10616491 0.0046370205)
(0.0029837382 0.088029848 0.0040730876)
(0.0020014303 0.071227401 0.0034746515)
(0.0012515709 0.055722574 0.0028531897)
(0.00070378874 0.041453858 0.0022188218)
(0.00033076656 0.028345089 0.0015802815)
(0.00010874213 0.016313689 0.00094494351)
(8.0153229e-06 0.0052761081 0.00031889909)
(0.019966042 0.50921684 -0.007577572)
(0.0035740341 0.47738369 -0.016800524)
(0.029518435 0.44780894 -0.020148235)
(0.043368432 0.42365203 -0.021286747)
(0.055086625 0.40451174 -0.020241305)
(0.064707702 0.38952808 -0.017865327)
(0.07155924 0.37789725 -0.014745044)
(0.075695267 0.36893481 -0.011157653)
(0.077486502 0.36206596 -0.0072796141)
(0.077328607 0.3568128 -0.0032607536)
(0.075568977 0.35278084 0.00077075403)
(0.072537754 0.34964969 0.0046955188)
(0.068557111 0.34713147 0.0084234075)
(0.063908642 0.34491715 0.011884354)
(0.058828942 0.34260653 0.015027411)
(0.053517049 0.33964749 0.017820584)
(0.048136351 0.33533714 0.02024538)
(0.04281797 0.32891617 0.022289657)
(0.03766575 0.31973417 0.023942276)
(0.032760858 0.30741541 0.025191474)
(0.028165026 0.29195205 0.026026763)
(0.023922603 0.27369307 0.026442684)
(0.020062099 0.25324821 0.026442399)
(0.016597764 0.23135482 0.026039734)
(0.013531414 0.20875346 0.025259303)
(0.010854493 0.18609959 0.02413503)
(0.0085502177 0.16391737 0.022707717)
(0.0065956766 0.14258847 0.021022299)
(0.0049637826 0.12236355 0.019125243)
(0.0036249914 0.10338494 0.017062357)
(0.0025487381 0.085712309 0.014877111)
(0.0017045507 0.069346393 0.012609485)
(0.0010628924 0.054248712 0.010295261)
(0.00059603748 0.04035672 0.0079656935)
(0.00027932859 0.027594814 0.0056474555)
(9.1489547e-05 0.015881919 0.0033627608)
(6.6526291e-06 0.0051364764 0.0011296533)
(0.019017162 0.50538377 -0.012596537)
(0.0003816695 0.46512991 -0.027706731)
(0.02404198 0.42817099 -0.033008038)
(0.034348638 0.39894257 -0.034228747)
(0.043723877 0.37700291 -0.031862219)
(0.05154262 0.36111664 -0.027462114)
(0.057091105 0.34999495 -0.021973541)
(0.060457818 0.3425112 -0.01585177)
(0.061961572 0.33773492 -0.0093779561)
(0.061903695 0.33491382 -0.0027765975)
(0.060558301 0.33345523 0.0037712548)
(0.058186113 0.33286372 0.010099541)
(0.055025385 0.33269594 0.016070468)
(0.051286339 0.33250938 0.021582377)
(0.047158414 0.33178518 0.02655814)
(0.042807766 0.32989081 0.030947259)
(0.038376148 0.32611069 0.034717382)
(0.033982688 0.31975849 0.037844859)
(0.029725712 0.3103319 0.040308857)
(0.025683904 0.29764053 0.042091005)
(0.021916891 0.2818514 0.043179508)
(0.018465898 0.26344111 0.04357481)
(0.015355011 0.24308482 0.043293931)
(0.012593205 0.22152833 0.042371943)
(0.010176932 0.19948068 0.040860507)
(0.0080929259 0.17754516 0.038824304)
(0.0063209104 0.15618893 0.036336471)
(0.0048360343 0.13574197 0.033473995)
(0.0036109149 0.11641334 0.030313682)
(0.002617269 0.098315035 0.026929013)
(0.0018271382 0.08148656 0.023387922)
(0.0012137349 0.065916729 0.019751422)
(0.00075199541 0.051561244 0.016072942)
(0.00041909103 0.038355978 0.012398182)
(0.00019515975 0.026226468 0.008765344)
(6.3418278e-05 0.015094394 0.0052055809)
(4.4804888e-06 0.0048817866 0.0017436293)
(0.018161163 0.50124578 -0.01638294)
(-0.0021437067 0.45272112 -0.035936406)
(0.019383253 0.4090343 -0.042970429)
(0.026248209 0.37555283 -0.044185856)
(0.033361218 0.35149222 -0.040723814)
(0.039260514 0.33514375 -0.034726561)
(0.043292418 0.32471597 -0.027385513)
(0.045617852 0.3186587 -0.019305604)
(0.046530776 0.31573784 -0.010854045)
(0.046280199 0.31499602 -0.0022915031)
(0.045084441 0.31568686 0.0061783706)
(0.043134523 0.31717381 0.014371588)
(0.040598589 0.3188736 0.022120716)
(0.037628317 0.32019266 0.029279513)
(0.034365627 0.3204832 0.035738614)
(0.030939298 0.31904247 0.041422165)
(0.027464506 0.31517634 0.04626887)
(0.024042261 0.30832382 0.050230472)
(0.020757785 0.29818395 0.053269093)
(0.017678668 0.28478915 0.055359895)
(0.014853592 0.26849486 0.056496822)
(0.012312338 0.24989638 0.056697764)
(0.010067407 0.22971038 0.056006546)
(0.0081170137 0.20866105 0.054491264)
(0.0064486085 0.18739653 0.05223941)
(0.0050422809 0.16644306 0.04935129)
(0.0038737167 0.14619177 0.045933232)
(0.0029165835 0.12690746 0.042091583)
(0.0021443199 0.10874877 0.037928028)
(0.0015313836 0.09179196 0.033536331)
(0.0010540386 0.076053453 0.029000369)
(0.00069077579 0.061508854 0.024393239)
(0.00042247666 0.048107833 0.019777143)
(0.00023249988 0.035785105 0.015203827)
(0.00010687835 0.024468148 0.010715351)
(3.4157781e-05 0.014082385 0.0063450154)
(2.2737179e-06 0.0045544906 0.0021184015)
(0.017598933 0.49763446 -0.019331392)
(-0.0036369247 0.44247382 -0.042259956)
(0.016141993 0.39376852 -0.050621092)
(0.020139254 0.35738779 -0.05169858)
(0.025398803 0.33216792 -0.047227658)
(0.029583425 0.31593271 -0.039869733)
(0.032194865 0.30638983 -0.030999693)
(0.033459492 0.30159507 -0.021359196)
(0.03365333 0.30007372 -0.011385719)
(0.033002228 0.3007422 -0.0013494485)
(0.031692837 0.30276531 0.0085458138)
(0.029876173 0.30541603 0.018100207)
(0.027681839 0.30800466 0.027133465)
(0.025223843 0.30982345 0.035485572)
(0.022605413 0.31013397 0.043013555)
(0.019923946 0.30821481 0.049600378)
(0.017269353 0.30345773 0.055150722)
(0.014720897 0.29548145 0.059590062)
(0.012343435 0.28421317 0.062867358)
(0.01018432 0.2699012 0.06496044)
(0.0082717639 0.25305554 0.065880756)
(0.0066155659 0.23434328 0.065680209)
(0.0052102428 0.21447595 0.064443947)
(0.0040402684 0.19411838 0.062279801)
(0.0030834495 0.17383167 0.059313074)
(0.0023139967 0.15404957 0.055677457)
(0.0017051008 0.13507962 0.051506754)
(0.0012308469 0.11711883 0.046928499)
(0.00086742651 0.10027552 0.042059627)
(0.00059376504 0.084591551 0.037004014)
(0.00039173332 0.070061918 0.031851434)
(0.00024608797 0.056650618 0.026677599)
(0.00014424881 0.044302647 0.021544905)
(7.602105e-05 0.032952665 0.016503605)
(3.3345596e-05 0.022530965 0.011593162)
(1.000323e-05 0.012967408 0.0068436401)
(5.0021597e-07 0.0041938903 0.0022770836)
(0.017196232 0.49461364 -0.021797824)
(-0.0046109321 0.43414949 -0.047246446)
(0.013706817 0.38166351 -0.056389945)
(0.015239011 0.34335145 -0.057221394)
(0.019077364 0.31772826 -0.051787194)
(0.021854959 0.30215702 -0.043222988)
(0.023316094 0.29379515 -0.033040638)
(0.023705115 0.29028656 -0.022104091)
(0.023269504 0.28993089 -0.010909016)
(0.022217485 0.29154287 0.0002542627)
(0.020720156 0.29423344 0.011182637)
(0.018914247 0.29723412 0.021691018)
(0.016909682 0.2997939 0.031593964)
(0.014800128 0.30114669 0.040709978)
(0.012668975 0.30054231 0.048869351)
(0.010591971 0.29732873 0.055922303)
(0.0086359563 0.29105593 0.061745649)
(0.0068548879 0.28155949 0.066249595)
(0.0052855234 0.26898791 0.069385267)
(0.0039438423 0.2537625 0.071152573)
(0.002864637 0.23648719 0.071611743)
(0.0019708576 0.21784152 0.070861386)
(0.0012955012 0.19848578 0.069011986)
(0.00079391377 0.17899669 0.066209433)
(0.00043600747 0.15983478 0.062613635)
(0.00019330121 0.14133837 0.058384223)
(3.9301471e-05 0.12373449 0.053672446)
(-4.9314817e-05 0.10715813 0.048616015)
(-9.17569e-05 0.091673377 0.04333625)
(-0.0001032893 0.077292984 0.037937022)
(-9.5827081e-05 0.063994685 0.032505038)
(-7.8244154e-05 0.051733839 0.027110981)
(-5.6895081e-05 0.040452765 0.02181112)
(-3.6149217e-05 0.030087317 0.016649127)
(-1.8904671e-05 0.020571334 0.011657886)
(-6.9824943e-06 0.0118395 0.006861202)
(-6.9680106e-07 0.0038291049 0.002275354)
(0.016880333 0.49202286 -0.023877824)
(-0.0054093113 0.42710632 -0.051133763)
(0.011553894 0.37160234 -0.060512719)
(0.01079018 0.3319585 -0.061090426)
(0.013645247 0.30638952 -0.054789112)
(0.015279978 0.29183066 -0.045165425)
(0.015863222 0.28485303 -0.033845527)
(0.015603013 0.28266534 -0.021812429)
(0.014707195 0.2833301 -0.0096202192)
(0.013364934 0.28556166 0.0024219726)
(0.011735217 0.28843141 0.014108084)
(0.00994759 0.29115156 0.025255195)
(0.008106093 0.29295919 0.035673598)
(0.0062966739 0.29310612 0.045166684)
(0.0045909791 0.29092054 0.053547054)
(0.0030475836 0.28590253 0.060646764)
(0.0017100577 0.27781035 0.066336211)
(0.00060387375 0.26670039 0.070536968)
(-0.00025599343 0.25290451 0.073230674)
(-0.0008554336 0.23695542 0.074459197)
(-0.0013015571 0.21948745 0.074306769)
(-0.0015383165 0.20114133 0.072898193)
(-0.0016031228 0.18249449 0.070413347)
(-0.0015741548 0.16402128 0.067030851)
(-0.0014657114 0.1460805 0.062930928)
(-0.0013066057 0.12892171 0.058284594)
(-0.0011214292 0.11270133 0.05324711)
(-0.00092870819 0.097502321 0.04795449)
(-0.00074175931 0.083353161 0.042522329)
(-0.00056968736 0.070244212 0.037046224)
(-0.00041819654 0.058140728 0.031603303)
(-0.00029031415 0.046992627 0.026254276)
(-0.00018704981 0.036741522 0.021045675)
(-0.00010801578 0.027325565 0.016012071)
(-5.2060551e-05 0.018682651 0.011178117)
(-1.7628137e-05 0.010752436 0.0065603648)
(-1.4247298e-06 0.0034775287 0.0021688341)
(0.016515714 0.4897679 -0.02549104)
(-0.0061755728 0.42103298 -0.053952726)
(0.0093965456 0.36304194 -0.063228589)
(0.0066244374 0.32241606 -0.063556957)
(0.0088115594 0.29707701 -0.056522074)
(0.0094499414 0.28361035 -0.045986351)
(0.0093549855 0.27801464 -0.033706229)
(0.0086272706 0.27705638 -0.020761683)
(0.007427918 0.27854741 -0.0077602571)
(0.0059228352 0.2810927 0.0049602493)
(0.0042587327 0.28372997 0.01717907)
(0.0025586436 0.28567594 0.028704748)
(0.00092114071 0.28620838 0.039339055)
(-0.00056784829 0.2846713 0.048876438)
(-0.0018480953 0.28054647 0.057120517)
(-0.0028824622 0.27353984 0.063907104)
(-0.0036474691 0.26363154 0.069124629)
(-0.0041397598 0.25107061 0.072727329)
(-0.0043920139 0.23631653 0.074736409)
(-0.004397864 0.21994986 0.075237105)
(-0.0042551536 0.20258048 0.074376893)
(-0.0039509526 0.18477445 0.072330031)
(-0.0035716337 0.16700993 0.069288908)
(-0.0031431217 0.14965842 0.065455551)
(-0.0026961209 0.13298609 0.061017943)
(-0.0022559776 0.11716659 0.056146417)
(-0.0018409416 0.10229888 0.050989713)
(-0.0014630082 0.08842529 0.045673505)
(-0.0011291833 0.075547702 0.040300955)
(-0.00084260989 0.063640645 0.034954545)
(-0.00060354948 0.052661368 0.029698524)
(-0.00041021582 0.042557195 0.024581575)
(-0.0002594589 0.033270679 0.019639386)
(-0.00014737401 0.024743094 0.014897017)
(-6.9920706e-05 0.016916679 0.010370971)
(-2.3252449e-05 0.009736014 0.0060709425)
(-1.7782949e-06 0.0031487998 0.0020012921)
(0.01609975 0.48783547 -0.026617301)
(-0.0069032816 0.41588479 -0.055557779)
(0.0070934683 0.35580716 -0.064993849)
(0.0029967455 0.31433225 -0.064838775)
(0.0044217724 0.28914714 -0.057132888)
(0.0041611832 0.27661588 -0.045875085)
(0.0035381107 0.27220829 -0.032839496)
(0.0024856608 0.27225 -0.019176389)
(0.0011157503 0.27429334 -0.0055496786)
(-0.00043158387 0.27682878 0.0076598501)
(-0.0020224079 0.27886942 0.020202413)
(-0.0035401385 0.2796681 0.031867618)
(-0.0048899332 0.27859634 0.042446406)
(-0.0059994839 0.27515161 0.05173198)
(-0.0068224125 0.26901858 0.059536739)
(-0.0073385696 0.26012362 0.065723171)
(-0.0075529258 0.24864501 0.070219948)
(-0.00749988 0.23497201 0.073031423)
(-0.0071911183 0.21962844 0.074233789)
(-0.0067235463 0.20318736 0.073980065)
(-0.0061232347 0.18619733 0.072441811)
(-0.0054476343 0.1691338 0.069830334)
(-0.0047429061 0.15237535 0.066358845)
(-0.00404418 0.13620047 0.062229035)
(-0.0033782858 0.12079694 0.05762398)
(-0.0027637942 0.10627756 0.052703333)
(-0.0022120724 0.092697125 0.047601533)
(-0.0017287058 0.080068113 0.042428367)
(-0.0013148981 0.068373795 0.037271022)
(-0.00096870949 0.057578445 0.032196872)
(-0.0006860852 0.04763495 0.02725648)
(-0.00046166292 0.038490232 0.022486516)
(-0.00028938578 0.030088964 0.017912392)
(-0.00016302574 0.022376035 0.013550561)
(-7.6736733e-05 0.015298087 0.009410448)
(-2.5273858e-05 0.0088044271 0.0054960372)
(-1.8790662e-06 0.0028475078 0.0018071647)
(0.015741131 0.48624559 -0.027226632)
(-0.0077677035 0.41180238 -0.056004814)
(0.0045407157 0.34992064 -0.06596251)
(-0.00042488087 0.30746189 -0.064804059)
(0.00030012 0.28215642 -0.056835668)
(-0.00068709536 0.27023947 -0.045053503)
(-0.0016853223 0.26667155 -0.031454122)
(-0.0029372057 0.26737307 -0.017254811)
(-0.0043635028 0.2696371 -0.0031860813)
(-0.0058462584 0.27183862 0.010317923)
(-0.0072629014 0.27298395 0.022971219)
(-0.0085064871 0.27239681 0.034541279)
(-0.0094937038 0.26958713 0.044812531)
(-0.010169436 0.26424299 0.053589297)
(-0.010509015 0.25626367 0.060716583)
(-0.010517652 0.2457759 0.066103857)
(-0.010226815 0.23310889 0.069738763)
(-0.0096872311 0.21873299 0.071688758)
(-0.0089538141 0.20318269 0.072092089)
(-0.0081019919 0.18698546 0.071130974)
(-0.0071786971 0.17061005 0.069021249)
(-0.0062389524 0.15443883 0.065984826)
(-0.0053228974 0.13876001 0.06223552)
(-0.00445972 0.12377372 0.057967901)
(-0.0036689135 0.10960538 0.053351572)
(-0.0029617368 0.096321425 0.048529074)
(-0.0023428825 0.083944472 0.04361644)
(-0.0018121365 0.072466221 0.03870541)
(-0.0013658486 0.061857804 0.033866476)
(-0.00099814298 0.052077585 0.029152193)
(-0.0007018587 0.043076811 0.024600378)
(-0.00046923997 0.034803559 0.020237)
(-0.00029242601 0.027205377 0.016078684)
(-0.00016385927 0.020230999 0.012134796)
(-7.6726686e-05 0.013831378 0.0084091529)
(-2.5119187e-05 0.0079602672 0.0049013907)
(-1.8318086e-06 0.0025744913 0.0016080471)
(0.015479396 0.48502156 -0.02731328)
(-0.0087578453 0.40876011 -0.055523713)
(0.0023333284 0.34526786 -0.065869591)
(-0.0037008815 0.30170157 -0.063840705)
(-0.0036056312 0.27594519 -0.055830467)
(-0.0049069391 0.26409939 -0.043685634)
(-0.0062139969 0.26087782 -0.029694789)
(-0.0075937475 0.26181949 -0.01514562)
(-0.0090018575 0.26395225 -0.0008320441)
(-0.010340284 0.26553477 0.01276087)
(-0.011503058 0.265582 0.025307435)
(-0.012402455 0.26351684 0.036557597)
(-0.012976028 0.25901383 0.046301423)
(-0.013193128 0.25196006 0.054372425)
(-0.013056063 0.24245099 0.060665569)
(-0.012596642 0.23077115 0.065153223)
(-0.011868885 0.21734576 0.067889872)
(-0.010939472 0.20267387 0.069003983)
(-0.0098780678 0.18726152 0.068679948)
(-0.0087510453 0.17156965 0.067134061)
(-0.0076145525 0.15598292 0.064594837)
(-0.0065134256 0.14079821 0.061285533)
(-0.0054799559 0.1262273 0.057410754)
(-0.0045352066 0.11240788 0.053149357)
(-0.0036908365 0.099417957 0.048651767)
(-0.0029511129 0.087290239 0.044040343)
(-0.0023148504 0.076024932 0.039411639)
(-0.0017771078 0.065600097 0.034839638)
(-0.0013305701 0.055979648 0.030379303)
(-0.00096661514 0.047119223 0.026070027)
(-0.00067609244 0.038970344 0.02193875)
(-0.00044985968 0.031483264 0.018002654)
(-0.00027913536 0.024608834 0.014271392)
(-0.00015578531 0.018299672 0.01074892)
(-7.2664128e-05 0.012510852 0.0074349373)
(-2.3673696e-05 0.0072002513 0.0043260263)
(-1.7027522e-06 0.0023286887 0.0014165389)
(0.015345663 0.48417633 -0.026941255)
(-0.0097062137 0.40675091 -0.054370128)
(0.00090661162 0.34195966 -0.064572212)
(-0.0060065324 0.29703137 -0.062402924)
(-0.0067802256 0.27031129 -0.054101276)
(-0.0084063991 0.25795414 -0.041790615)
(-0.0099627569 0.25452363 -0.027620751)
(-0.01141917 0.25524934 -0.012940636)
(-0.012745172 0.25690881 0.0013982338)
(-0.013873891 0.25764949 0.014858729)
(-0.014727824 0.25650405 0.027081941)
(-0.015243002 0.25300669 0.037809679)
(-0.015385638 0.24699853 0.046852182)
(-0.015154993 0.23854756 0.054087919)
(-0.014581668 0.22790655 0.059473714)
(-0.013721097 0.21546657 0.063049952)
(-0.012643904 0.20169792 0.064934534)
(-0.011425623 0.18708861 0.065306389)
(-0.010137987 0.17209318 0.06438313)
(-0.0088429865 0.15709939 0.06239819)
(-0.0075898012 0.1424133 0.059581806)
(-0.0064140522 0.1282589 0.056147096)
(-0.0053388575 0.11478683 0.052281564)
(-0.0043768034 0.10208724 0.048143514)
(-0.0035322296 0.090203571 0.04386198)
(-0.0028034357 0.079145008 0.039538878)
(-0.0021846014 0.068896944 0.035252311)
(-0.0016673428 0.059429145 0.031060298)
(-0.0012419013 0.050701862 0.027004432)
(-0.00089801008 0.042670224 0.023113198)
(-0.00062548911 0.03528729 0.019404844)
(-0.0004146244 0.028506098 0.015889765)
(-0.00025639275 0.022280973 0.012572434)
(-0.00014264199 0.016568328 0.0094529395)
(-6.6326179e-05 0.011327104 0.0065281842)
(-2.1534569e-05 0.0065189648 0.0037928066)
(-1.5303478e-06 0.0021083489 0.0012398889)
(0.015305273 0.48367222 -0.026228337)
(-0.01044237 0.40556453 -0.052859941)
(-2.8995564e-05 0.3397505 -0.062488572)
(-0.0075386264 0.29337114 -0.060260692)
(-0.009142021 0.26522736 -0.051759436)
(-0.011103475 0.25175793 -0.039452645)
(-0.012850497 0.24753316 -0.02532423)
(-0.014328323 0.24757717 -0.010738722)
(-0.015525663 0.24845276 0.0034027893)
(-0.016405665 0.24820143 0.016515613)
(-0.016923115 0.24586997 0.028219477)
(-0.017048349 0.24109557 0.03826179)
(-0.016780731 0.23386456 0.046486703)
(-0.016150168 0.22438861 0.052827965)
(-0.01521253 0.2130296 0.05730787)
(-0.014040814 0.20023599 0.060030611)
(-0.012714687 0.1864831 0.06116671)
(-0.011310988 0.17222278 0.060931092)
(-0.0098968474 0.15784854 0.059559627)
(-0.0085259187 0.14367789 0.057288432)
(-0.0072373528 0.12994902 0.054338397)
(-0.0060567039 0.11682722 0.050905483)
(-0.004997971 0.10441637 0.047156162)
(-0.0040660664 0.092771876 0.043226758)
(-0.0032592445 0.081912976 0.039225328)
(-0.0025712294 0.0718332 0.035234944)
(-0.0019929411 0.062508782 0.03131752)
(-0.0015138119 0.053905031 0.027517629)
(-0.0011227394 0.045980999 0.023866009)
(-0.0008087402 0.038692768 0.020382596)
(-0.00056136918 0.031995701 0.017079054)
(-0.00037095871 0.025845915 0.013960832)
(-0.00022873637 0.02020121 0.011028781)
(-0.00012691654 0.015021603 0.0082804302)
(-5.8862647e-05 0.010269611 0.0057109558)
(-1.9046884e-05 0.0059103479 0.0033139249)
(-1.3412867e-06 0.0019115118 0.0010818526)
(0.015291449 0.48345925 -0.025297354)
(-0.010855373 0.40501037 -0.051095639)
(-0.00077304863 0.33840374 -0.059887811)
(-0.0086453313 0.29061735 -0.057490976)
(-0.010701916 0.2607487 -0.048938073)
(-0.012947243 0.24563195 -0.036787286)
(-0.014814099 0.24004518 -0.022900023)
(-0.016263428 0.23895786 -0.0086253303)
(-0.017299121 0.23877846 0.0051066584)
(-0.017915674 0.23744831 0.017681509)
(-0.018103998 0.23401223 0.028709021)
(-0.017871255 0.22818198 0.037955629)
(-0.017250286 0.22004981 0.045309259)
(-0.016298485 0.20992384 0.050762171)
(-0.015090946 0.19822695 0.054397687)
(-0.013710735 0.18542445 0.056372822)
(-0.012239188 0.17196944 0.056895863)
(-0.010748357 0.1582651 0.056202098)
(-0.0092965419 0.14464396 0.054531713)
(-0.0079267845 0.13136163 0.052112625)
(-0.0066675681 0.11860098 0.049149238)
(-0.005534855 0.10648209 0.045816697)
(-0.0045346803 0.095074443 0.042259442)
(-0.0036657649 0.08440898 0.038592672)
(-0.0029218337 0.074488693 0.034905472)
(-0.0022935085 0.065297277 0.031264659)
(-0.0017697548 0.056805839 0.027718725)
(-0.0013389284 0.048977877 0.024301492)
(-0.0009894919 0.041772866 0.021035311)
(-0.000710473 0.035148737 0.017933735)
(-0.00049173234 0.029063558 0.015003702)
(-0.00032408914 0.023476604 0.012247258)
(-0.00019935664 0.018349021 0.0096629072)
(-0.00011036926 0.01364419 0.0072466422)
(-5.1074419e-05 0.0093278973 0.0049927328)
(-1.6487405e-05 0.0053683685 0.0028943157)
(-1.150914e-06 0.0017362265 0.0009438328)
(0.015291425 0.48347738 -0.024285911)
(-0.010888081 0.40497989 -0.049144874)
(-0.0010554701 0.33785237 -0.056921043)
(-0.009169946 0.28879387 -0.054394877)
(-0.011433328 0.25702183 -0.04582774)
(-0.01387108 0.23982671 -0.033923053)
(-0.015805762 0.23237442 -0.020435295)
(-0.017198234 0.22974611 -0.0066574931)
(-0.018066868 0.22827836 0.0064838513)
(-0.018437552 0.22582386 0.018367083)
(-0.018338309 0.22140058 0.028608707)
(-0.01781228 0.21475297 0.037004619)
(-0.016922324 0.20603013 0.043490114)
(-0.015747311 0.19558747 0.048111995)
(-0.014374188 0.18386679 0.051004075)
(-0.012888873 0.17132032 0.052361584)
(-0.011368487 0.15836309 0.052414959)
(-0.0098763515 0.14534624 0.051405849)
(-0.0084599696 0.1325468 0.049567946)
(-0.0071514311 0.12016901 0.047113876)
(-0.0059693616 0.10835254 0.044227942)
(-0.0049215861 0.097183834 0.041063617)
(-0.0040078947 0.086707928 0.037744372)
(-0.003222539 0.076939145 0.034366497)
(-0.0025562908 0.067870093 0.031002878)
(-0.0019980265 0.059478754 0.027706992)
(-0.0015358771 0.051733866 0.024516699)
(-0.0011580157 0.044598853 0.021457583)
(-0.00085316328 0.038034603 0.018545788)
(-0.00061088574 0.032001384 0.015790326)
(-0.00042174096 0.026460108 0.013194916)
(-0.00027732037 0.02137314 0.010759428)
(-0.00017022663 0.016704766 0.0084809851)
(-9.4053979e-05 0.012421453 0.0063548097)
(-4.3440982e-05 0.0084919447 0.0043748518)
(-1.3985931e-05 0.0048872594 0.0025342629)
(-9.6978721e-07 0.0015806276 0.00082574193)
(0.015296397 0.48361713 -0.023325711)
(-0.010646456 0.4052329 -0.047179579)
(-0.00079977535 0.33786042 -0.053860249)
(-0.0089720573 0.28779379 -0.051121552)
(-0.011311511 0.25414207 -0.042547648)
(-0.013865936 0.23462781 -0.03095077)
(-0.015835848 0.2249366 -0.017983378)
(-0.017168323 0.22042886 -0.0048517305)
(-0.017893302 0.21747484 0.007556933)
(-0.018065777 0.21386518 0.01863949)
(-0.017748535 0.20856789 0.028034774)
(-0.017016632 0.20131469 0.035574302)
(-0.015956959 0.19226106 0.041238392)
(-0.014662714 0.18176463 0.045119063)
(-0.013225707 0.17025228 0.047386826)
(-0.011729027 0.15814301 0.048259917)
(-0.010241851 0.14580618 0.04797701)
(-0.0088170349 0.13354287 0.046775227)
(-0.0074911975 0.12158241 0.044874569)
(-0.0062865287 0.11008794 0.042468673)
(-0.0052134746 0.099166386 0.03972085)
(-0.0042736271 0.088879873 0.036763989)
(-0.0034623907 0.079256514 0.033702857)
(-0.0027712114 0.070299747 0.030617669)
(-0.0021893096 0.061995907 0.027568067)
(-0.0017049467 0.05432006 0.024596995)
(-0.0013062985 0.04724037 0.021734191)
(-0.00098201929 0.040721236 0.01899916)
(-0.00072157702 0.034725508 0.016403635)
(-0.00051542456 0.029215981 0.013953541)
(-0.00035505952 0.024156384 0.011650546)
(-0.00023300772 0.019511997 0.0094932531)
(-0.00014276424 0.01525 0.0074781102)
(-7.8746676e-05 0.011339654 0.0056000989)
(-3.6307801e-05 0.0077523551 0.0038532458)
(-1.1670201e-05 0.0044616104 0.002231004)
(-8.0333496e-07 0.0014429654 0.00072653061)
(0.01529817 0.48376173 -0.022503364)
(-0.010216181 0.40547444 -0.045349157)
(-0.00012867259 0.33805756 -0.050956772)
(-0.0082479647 0.28733447 -0.047882623)
(-0.010451016 0.25206072 -0.03922682)
(-0.013034173 0.23024916 -0.027949363)
(-0.015004534 0.21814435 -0.015574576)
(-0.01628516 0.21153104 -0.0031904571)
(-0.016908174 0.20693603 0.0083902188)
(-0.016949517 0.20213772 0.018609121)
(-0.016499754 0.19604557 0.027141237)
(-0.015658699 0.18834084 0.033856024)
(-0.01452992 0.17914154 0.038772341)
(-0.013214042 0.16877019 0.042015348)
(-0.011802197 0.15761339 0.043777951)
(-0.01037105 0.14604408 0.044287786)
(-0.0089802389 0.1343834 0.043780816)
(-0.0076722248 0.12288661 0.042482211)
(-0.0064739595 0.11174313 0.040594326)
(-0.0053995709 0.10108379 0.038290706)
(-0.0044533643 0.090991081 0.035714612)
(-0.0036326591 0.081509737 0.032980518)
(-0.002930201 0.07265638 0.03017726)
(-0.0023360602 0.064427536 0.02737189)
(-0.0018390354 0.056806011 0.024613571)
(-0.0014276318 0.049765748 0.021937181)
(-0.0010906995 0.043275408 0.019366438)
(-0.00081782086 0.037300944 0.016916505)
(-0.00059951467 0.031807388 0.0145961)
(-0.00042731849 0.02676006 0.012409166)
(-0.00029378922 0.022125363 0.010356166)
(-0.00019245111 0.017871261 0.0084350813)
(-0.00011771734 0.013967556 0.0066421621)
(-6.4827129e-05 0.010386013 0.0049724964)
(-2.984448e-05 0.0071003869 0.0034204294)
(-9.5704321e-06 0.0040863897 0.0019798789)
(-6.5550461e-07 0.0013216124 0.00064456185)
(0.015303526 0.48380506 -0.021882186)
(-0.0096108421 0.40541811 -0.043760262)
(0.00080845175 0.33804459 -0.048403323)
(-0.0071535083 0.28703024 -0.044858545)
(-0.009021802 0.25057092 -0.036010428)
(-0.011549072 0.2267487 -0.025007014)
(-0.013482148 0.2122963 -0.013234796)
(-0.014721003 0.20350707 -0.0016401412)
(-0.015289777 0.19718309 0.0090699)
(-0.015272994 0.19116235 0.018406782)
(-0.014778229 0.1843105 0.026094134)
(-0.013920829 0.17623856 0.032039782)
(-0.012813371 0.16699642 0.036293178)
(-0.011558077 0.15684456 0.039000521)
(-0.010241689 0.14611181 0.040364431)
(-0.0089328172 0.13511741 0.040611155)
(-0.0076816475 0.12413414 0.03996628)
(-0.0065215181 0.11337594 0.03863869)
(-0.0054716226 0.10299882 0.036811618)
(-0.0045401349 0.093108078 0.034639146)
(-0.0037272343 0.083767765 0.03224642)
(-0.0030277251 0.07501012 0.029732101)
(-0.0024331306 0.066843923 0.027171884)
(-0.0019332624 0.05926136 0.024622319)
(-0.0015173281 0.052243418 0.022124475)
(-0.0011746686 0.045763954 0.019707191)
(-0.00089521287 0.039792695 0.017389834)
(-0.00066973136 0.034297371 0.015184554)
(-0.00048994948 0.029245208 0.013098093)
(-0.00034856985 0.024603922 0.011133201)
(-0.00023923744 0.020342371 0.009289726)
(-0.00015646923 0.016430946 0.007565456)
(-9.5568678e-05 0.01284179 0.0059567461)
(-5.2558794e-05 0.0095488865 0.0044589939)
(-2.416218e-05 0.0065280774 0.0030669917)
(-7.7391783e-06 0.0037570144 0.0017751903)
(-5.2684329e-07 0.0012150866 0.00057788969)
(0.015315723 0.48363716 -0.021502369)
(-0.008942137 0.40479841 -0.042487063)
(0.0018058537 0.33741974 -0.046317995)
(-0.0058676126 0.28641149 -0.042185374)
(-0.0072411801 0.24930011 -0.033025074)
(-0.0096403287 0.22397405 -0.022210305)
(-0.011492701 0.20748615 -0.010991835)
(-0.012691212 0.19663965 -0.00016747251)
(-0.013245537 0.18859982 0.0096823144)
(-0.013234975 0.18134611 0.018159376)
(-0.012771303 0.17373928 0.025047006)
(-0.011975228 0.1653236 0.030291711)
(-0.01096101 0.15606816 0.03396658)
(-0.0098278788 0.14615676 0.036228827)
(-0.0086560374 0.13585071 0.037281029)
(-0.0075058291 0.12541174 0.037340493)
(-0.0064191052 0.1150653 0.036617779)
(-0.005421923 0.10498775 0.03530356)
(-0.0045278064 0.095306506 0.033562143)
(-0.0037409879 0.086106038 0.03152973)
(-0.0030592748 0.077435979 0.029315688)
(-0.0024763805 0.069319191 0.027005448)
(-0.0019836996 0.061758875 0.024664075)
(-0.0015715813 0.054744395 0.022339889)
(-0.0012301945 0.048255848 0.020067797)
(-0.00095007548 0.04226751 0.017872183)
(-0.00072244843 0.03675037 0.015769321)
(-0.00053938449 0.031673933 0.013769323)
(-0.00039385566 0.027007482 0.011877688)
(-0.00027972183 0.022720913 0.010096511)
(-0.00019167771 0.018785284 0.0084254102)
(-0.00012517708 0.015173139 0.0068622428)
(-7.6349082e-05 0.01185868 0.0054036383)
(-4.1931782e-05 0.0088178425 0.0040454042)
(-1.9252495e-05 0.0060282921 0.0027828267)
(-6.1531421e-06 0.0034693779 0.0016108973)
(-4.1735611e-07 0.0011220597 0.00052447727)
(0.015335081 0.4831668 -0.021367998)
(-0.0083331024 0.40339747 -0.041604349)
(0.0026532364 0.33582148 -0.044705812)
(-0.0045786895 0.28499567 -0.039931273)
(-0.0053462785 0.247767 -0.030367131)
(-0.0075675549 0.22157443 -0.019642268)
(-0.0092899623 0.20356596 -0.0088839854)
(-0.010433724 0.19097368 0.0012435816)
(-0.010993993 0.18136144 0.010292286)
(-0.011032994 0.17292236 0.017967337)
(-0.010654247 0.16456631 0.024120398)
(-0.0099739411 0.15579628 0.028737807)
(-0.009101399 0.1465069 0.03191184)
(-0.008129268 0.13680406 0.033804016)
(-0.0071300489 0.12687958 0.03461059)
(-0.0061563381 0.11693768 0.034535524)
(-0.0052431359 0.10715836 0.033772194)
(-0.0044111007 0.097683488 0.032492868)
(-0.0036699782 0.088615174 0.030844126)
(-0.0030217368 0.080020094 0.028946297)
(-0.0024631793 0.071935916 0.026895297)
(-0.0019879708 0.064377933 0.024765654)
(-0.0015881251 0.05734499 0.022613928)
(-0.0012550333 0.050824374 0.020482026)
(-0.00098013833 0.044795679 0.01840019)
(-0.00075534477 0.039233725 0.016389536)
(-0.00057324331 0.03411071 0.014464158)
(-0.00042720953 0.029397753 0.012632808)
(-0.0003114223 0.025065961 0.010900237)
(-0.00022083295 0.021087147 0.0092682264)
(-0.00015110691 0.017434288 0.0077363968)
(-9.8550501e-05 0.014081799 0.0063028158)
(-6.0034548e-05 0.011005674 0.0049644649)
(-3.2934558e-05 0.0081835396 0.0037175902)
(-1.5102496e-05 0.0055946422 0.0025579662)
(-4.8242184e-06 0.0032198026 0.0014810951)
(-3.252088e-07 0.0010413423 0.00048235262)
(0.01533218 0.4823311 -0.0214489)
(-0.0078337648 0.40100897 -0.041101752)
(0.0032188973 0.3329289 -0.043566913)
(-0.0034705003 0.2823773 -0.038086867)
(-0.0035690449 0.24548572 -0.028098432)
(-0.0055880692 0.21908124 -0.017378198)
(-0.0071275046 0.2001821 -0.0069618241)
(-0.0081857583 0.18631028 0.0025822719)
(-0.0087481003 0.17540451 0.010928494)
(-0.0088524033 0.16591406 0.017888768)
(-0.0085840792 0.15685164 0.02338809)
(-0.0080465719 0.14771806 0.027454323)
(-0.0073387326 0.13835562 0.030197271)
(-0.0065437932 0.12880338 0.031779606)
(-0.0057258395 0.1191896 0.032388378)
(-0.0049303725 0.10966494 0.03221256)
(-0.0041868894 0.10036733 0.031428147)
(-0.0035122058 0.091407025 0.030189989)
(-0.0029137557 0.082863341 0.028628685)
(-0.0023924721 0.074787117 0.026850792)
(-0.0019450967 0.067205482 0.024940912)
(-0.0015659181 0.060127106 0.022964646)
(-0.0012480085 0.053547023 0.020971757)
(-0.00098405819 0.047450694 0.018999152)
(-0.00076690642 0.041817238 0.017073525)
(-0.00058985289 0.036621904 0.015213582)
(-0.00044681932 0.031837897 0.013431871)
(-0.00033241169 0.027437687 0.011736243)
(-0.00024192029 0.023393925 0.010131013)
(-0.00017128336 0.019680045 0.0086178558)
(-0.00011703133 0.016270657 0.0071965134)
(-7.6221307e-05 0.013141772 0.0058653253)
(-4.6370906e-05 0.010270913 0.0046216405)
(-2.5405393e-05 0.0076371512 0.003462128)
(-1.163621e-05 0.0052210903 0.002383012)
(-3.7079577e-06 0.0030048131 0.0013802536)
(-2.4932513e-07 0.00097181033 0.00044968248)
(0.015320597 0.48112269 -0.021690672)
(-0.0074753688 0.39763384 -0.040870041)
(0.0036014753 0.32865766 -0.042858373)
(-0.0025990724 0.27832745 -0.036621733)
(-0.0021109293 0.24207663 -0.026257483)
(-0.003918201 0.21602482 -0.01547449)
(-0.0052241283 0.19687147 -0.0052783736)
(-0.0061584133 0.18226767 0.0038144024)
(-0.0066991241 0.17045337 0.011581214)
(-0.0068577898 0.16013715 0.017934501)
(-0.0066969282 0.1504727 0.022872401)
(-0.0063020003 0.14099933 0.026465278)
(-0.0057574622 0.13153758 0.028840747)
(-0.0051350514 0.12207974 0.030162363)
(-0.0044899103 0.11270305 0.030607874)
(-0.0038609093 0.10351262 0.030351806)
(-0.0032729836 0.094609494 0.029554016)
(-0.0027401583 0.086075884 0.02835371)
(-0.002268506 0.077970714 0.026867536)
(-0.0018586757 0.070330556 0.025190317)
(-0.001507882 0.063172966 0.023397228)
(-0.0012113725 0.056500511 0.021546579)
(-0.00096345347 0.050304625 0.019682685)
(-0.00075816973 0.044568936 0.017838521)
(-0.00058972859 0.039271944 0.016038051)
(-0.00045274303 0.034389096 0.014298176)
(-0.00034235276 0.029894327 0.01263033)
(-0.00025426596 0.025761163 0.011041755)
(-0.00018475263 0.021963497 0.0095365179)
(-0.00013060988 0.018476093 0.0081162985)
(-8.911299e-05 0.015274914 0.0067810099)
(-5.7959914e-05 0.012337304 0.0055292733)
(-3.5216173e-05 0.0096420704 0.0043587844)
(-1.9271344e-05 0.0071695066 0.0032665938)
(-8.8146053e-06 0.0049013646 0.0022493212)
(-2.8077213e-06 0.0028207989 0.0013033209)
(-1.8755861e-07 0.00091229598 0.00042480491)
(0.015311392 0.47955662 -0.02203455)
(-0.00729386 0.39333428 -0.040819312)
(0.0038884336 0.32303566 -0.042390184)
(-0.0019982695 0.27277316 -0.035488266)
(-0.0010943361 0.2373209 -0.024841953)
(-0.0026946024 0.21203244 -0.01394754)
(-0.0037391348 0.19317549 -0.0038713718)
(-0.004516932 0.17838332 0.0048958882)
(-0.0050020388 0.16609599 0.012211743)
(-0.0051845593 0.15524896 0.018074376)
(-0.0051050588 0.14515104 0.022548934)
(-0.0048294714 0.1354112 0.025747057)
(-0.004426033 0.12585885 0.027814866)
(-0.0039538683 0.11646325 0.028918164)
(-0.003458863 0.10726718 0.02922711)
(-0.0029735004 0.098341186 0.028903778)
(-0.0025186618 0.089756618 0.028094088)
(-0.0021061334 0.081572206 0.026923844)
(-0.001741092 0.073829328 0.025497888)
(-0.0014242316 0.066552005 0.023901245)
(-0.0011534244 0.059749187 0.022201314)
(-0.00092493818 0.053417808 0.020450466)
(-0.00073427924 0.047545858 0.018688633)
(-0.00057674673 0.04211508 0.016945672)
(-0.00044777482 0.037103193 0.015243412)
(-0.00034312687 0.032485606 0.013597372)
(-0.00025899034 0.028236715 0.012018155)
(-0.00019200818 0.024330825 0.010512578)
(-0.00013927127 0.020742791 0.009084562)
(-9.8289148e-05 0.017448444 0.0077358395)
(-6.6949712e-05 0.014424849 0.0064665018)
(-4.3474202e-05 0.011650448 0.0052754295)
(-2.6372817e-05 0.0091051164 0.0041606247)
(-1.4408565e-05 0.0067701713 0.0031194673)
(-6.5807791e-06 0.0046283303 0.0021489126)
(-2.0894356e-06 0.0026636537 0.0012456449)
(-1.3918656e-07 0.00086147111 0.00040619341)
(0.015302861 0.47767004 -0.022414927)
(-0.0072944909 0.38821392 -0.040865216)
(0.0039750777 0.31623351 -0.042049379)
(-0.0017584001 0.26584221 -0.034595847)
(-0.00057639336 0.23118072 -0.023790038)
(-0.0019747395 0.20688724 -0.012768258)
(-0.0027650215 0.18873489 -0.0027529811)
(-0.0033682412 0.17422174 0.0057875193)
(-0.00376344 0.16188393 0.012767805)
(-0.0039298957 0.150829 0.018251347)
(-0.0038914367 0.14051147 0.022358912)
(-0.0036962641 0.13062585 0.025239148)
(-0.0033968069 0.121034 0.027056396)
(-0.0030396447 0.11170415 0.027980324)
(-0.0026615096 0.10266184 0.02817592)
(-0.0022886912 0.093955383 0.027795493)
(-0.0019382417 0.085634757 0.026973667)
(-0.0016198923 0.077740676 0.025825289)
(-0.001338026 0.070300429 0.024445539)
(-0.0010933884 0.063327605 0.02291144)
(-0.00088443067 0.056823772 0.021284073)
(-0.00070829562 0.050780891 0.019611004)
(-0.00056150012 0.045183795 0.017928642)
(-0.00044038322 0.040012409 0.01626435)
(-0.00034138273 0.035243591 0.014638265)
(-0.00026119193 0.030852562 0.013064818)
(-0.00019683643 0.026813983 0.011553972)
(-0.00014569952 0.02310272 0.010112226)
(-0.00010551673 0.01969438 0.0087434052)
(-7.4352647e-05 0.016565643 0.0074493018)
(-5.0569041e-05 0.013694473 0.006230167)
(-3.2789198e-05 0.011060223 0.0050851046)
(-1.9862819e-05 0.0086436597 0.0040123745)
(-1.0837794e-05 0.00642696 0.0030096318)
(-4.9416568e-06 0.0043936586 0.0020741103)
(-1.569375e-06 0.0025285845 0.0012027666)
(-1.0353834e-07 0.00081778566 0.00039239072)
(0.015296568 0.47552024 -0.022768605)
(-0.0074498522 0.38242532 -0.040902514)
(0.0038500817 0.30844773 -0.041749333)
(-0.0019030141 0.25772286 -0.033832604)
(-0.00055836919 0.22375639 -0.022988139)
(-0.0017482964 0.20053668 -0.01187552)
(-0.0023263249 0.18334063 -0.0019091564)
(-0.00275449 0.16945441 0.0064657984)
(-0.0030336481 0.15742329 0.013199424)
(-0.003145071 0.1464658 0.018398763)
(-0.0031031581 0.13615652 0.022225792)
(-0.0029425404 0.12627581 0.024859088)
(-0.0027022108 0.11673116 0.026479176)
(-0.0024175064 0.10750609 0.027260416)
(-0.0021167101 0.098623642 0.027364808)
(-0.00182029 0.090121454 0.026937541)
(-0.0015416332 0.082036506 0.026104575)
(-0.0012884331 0.07439726 0.024972172)
(-0.001064184 0.067220747 0.023627862)
(-0.00086950436 0.06051259 0.022142297)
(-0.00070318941 0.054268509 0.020571512)
(-0.00056298807 0.0484764 0.018959232)
(-0.00044614433 0.043118447 0.017339042)
(-0.00034975401 0.038173001 0.015736306)
(-0.000270986 0.033616137 0.014169805)
(-0.00020720841 0.029422864 0.012653096)
(-0.00015605104 0.025568024 0.011195626)
(-0.00011542684 0.022026932 0.0098036342)
(-8.3528402e-05 0.018775805 0.008480872)
(-5.8810177e-05 0.015792037 0.0072291769)
(-3.9963603e-05 0.013054354 0.0060489296)
(-2.5889012e-05 0.010542882 0.0049394133)
(-1.5667822e-05 0.0082391551 0.0038990974)
(-8.5394874e-06 0.0061260906 0.0029258601)
(-3.8904063e-06 0.0041879306 0.0020171616)
(-1.2313225e-06 0.0024101717 0.0011701816)
(-8.1282624e-08 0.00077948702 0.00038192421)
(0.015296435 0.4731709 -0.023042732)
(-0.0077314415 0.37614105 -0.040842046)
(0.0035773796 0.29991157 -0.041405736)
(-0.0023564379 0.24865197 -0.033112207)
(-0.00097757557 0.21524174 -0.022304222)
(-0.0019636572 0.19306584 -0.011192151)
(-0.0023874789 0.17693719 -0.0013033038)
(-0.0026565387 0.16389446 0.0069284342)
(-0.002806934 0.1524317 0.013470986)
(-0.0028330944 0.14182396 0.018456021)
(-0.0027475951 0.13173309 0.022071946)
(-0.0025768847 0.12201427 0.024518446)
(-0.0023502105 0.1126234 0.025988471)
(-0.0020939861 0.10356838 0.026660611)
(-0.0018293892 0.094880056 0.026695213)
(-0.0015717722 0.086594518 0.026232431)
(-0.0013311531 0.078742968 0.025391796)
(-0.0011132199 0.071346929 0.024273041)
(-0.00092044361 0.064416918 0.022957797)
(-0.00075307985 0.057953144 0.02151175)
(-0.00060997507 0.051947181 0.019986969)
(-0.00048916684 0.046383964 0.018424136)
(-0.00038830523 0.041243719 0.016854584)
(-0.0003049324 0.036503641 0.015302069)
(-0.00023665718 0.032139259 0.013784266)
(-0.00018125546 0.028125485 0.012314011)
(-0.00013672039 0.024437379 0.010900317)
(-0.00010128004 0.021050689 0.0095491959)
(-7.3395051e-05 0.017942206 0.00826432)
(-5.1744622e-05 0.015089976 0.0070475504)
(-3.5206559e-05 0.012473419 0.0058993596)
(-2.2834433e-05 0.010073361 0.0048191671)
(-1.3834894e-05 0.0078720327 0.0038056048)
(-7.5494094e-06 0.0058530215 0.0028567267)
(-3.4421159e-06 0.0040012096 0.0019701744)
(-1.0932585e-06 0.0023026981 0.0011433054)
(-7.2115162e-08 0.00074472635 0.00037329578)
(0.015298097 0.47068192 -0.02318841)
(-0.0081494135 0.36951789 -0.040621641)
(0.0032049489 0.29083565 -0.040948855)
(-0.0030077865 0.23885765 -0.032342587)
(-0.001740864 0.20586905 -0.021630385)
(-0.0025517295 0.1846462 -0.010637452)
(-0.0028719328 0.1695886 -0.00088399087)
(-0.0030088985 0.15748787 0.0071928021)
(-0.0030315019 0.14675386 0.01356627)
(-0.0029542305 0.13667696 0.018378483)
(-0.0027944891 0.12697454 0.021831243)
(-0.0025760241 0.11755952 0.024136233)
(-0.0023225137 0.10843136 0.025493943)
(-0.0020543376 0.099624575 0.026085515)
(-0.0017873965 0.091183178 0.026069919)
(-0.0015329745 0.083147599 0.025583526)
(-0.0012982329 0.075548509 0.02474103)
(-0.0010870145 0.068404707 0.023637208)
(-0.00090070371 0.061723391 0.022349159)
(-0.00073899694 0.055501678 0.020938721)
(-0.00060052249 0.049728646 0.019454851)
(-0.00048330443 0.044387418 0.017935813)
(-0.00038508992 0.039457051 0.01641113)
(-0.00030356774 0.034914116 0.014903238)
(-0.00023650573 0.030733948 0.013428888)
(-0.00018183015 0.026891587 0.012000297)
(-0.00013766571 0.023362453 0.010626087)
(-0.00010234947 0.02012281 0.0093120487)
(-7.4428588e-05 0.017150064 0.0080617573)
(-5.2648401e-05 0.01442293 0.0068770641)
(-3.5935378e-05 0.011921515 0.0057584931)
(-2.3377487e-05 0.0096273376 0.0047055559)
(-1.4204409e-05 0.0075233015 0.0037170026)
(-7.771541e-06 0.0055936409 0.0027910213)
(-3.5542698e-06 0.0038238525 0.0019253952)
(-1.1301211e-06 0.0022006154 0.0011176248)
(-7.5706145e-08 0.00071170942 0.00036502626)
(0.015295885 0.46812594 -0.02317219)
(-0.0086223748 0.36271822 -0.040182696)
(0.0027930979 0.28144738 -0.040253361)
(-0.0037284151 0.22858367 -0.031507973)
(-0.0027524823 0.19587882 -0.020914588)
(-0.0034294425 0.17548472 -0.010140824)
(-0.0036826287 0.16142974 -0.00059504096)
(-0.0037182919 0.15027828 0.0072896338)
(-0.0036245143 0.14034436 0.013487039)
(-0.0034373421 0.13090717 0.018140615)
(-0.0031838236 0.12171344 0.021455535)
(-0.0028897726 0.1127157 0.023647346)
(-0.0025772715 0.10394764 0.024918923)
(-0.0022636517 0.0954677 0.025451458)
(-0.001961579 0.087334036 0.025401878)
(-0.0016795415 0.079594077 0.024903165)
(-0.0014225458 0.072280995 0.024066046)
(-0.0011928957 0.065413662 0.022981335)
(-0.00099093629 0.058998284 0.021722528)
(-0.00081569088 0.053030731 0.020348384)
(-0.0006653635 0.047498986 0.018905346)
(-0.00053771276 0.04238541 0.0174297)
(-0.00043031529 0.037668662 0.01594945)
(-0.00034074197 0.033325252 0.014485904)
(-0.00026666922 0.029330726 0.013054996)
(-0.00020594348 0.025660549 0.011668371)
(-0.00015661348 0.02229071 0.010334268)
(-0.00011694089 0.019198139 0.0090582398)
(-8.5397429e-05 0.01636096 0.0078437313)
(-6.0653484e-05 0.013758632 0.0066925433)
(-4.1562197e-05 0.011372003 0.0056052069)
(-2.7140858e-05 0.0091833182 0.0045812829)
(-1.6552121e-05 0.0071761761 0.0036195989)
(-9.0897543e-06 0.0053354747 0.0027184405)
(-4.1716032e-06 0.0036473345 0.0018757003)
(-1.3351178e-06 0.0020990185 0.0010889946)
(-9.0209625e-08 0.00067885002 0.00035575787)
(0.015298657 0.46554974 -0.023003255)
(-0.0090222526 0.35584538 -0.039483523)
(0.0023201763 0.27192153 -0.039252303)
(-0.0044949442 0.2180453 -0.030560751)
(-0.0038647967 0.18547713 -0.020115791)
(-0.004492876 0.16577544 -0.0096397401)
(-0.0047171074 0.15261672 -0.00038006382)
(-0.0046827099 0.1423625 0.0072571339)
(-0.004489656 0.13323345 0.013248445)
(-0.0041947937 0.12448393 0.01773404)
(-0.0038378118 0.11587131 0.020915496)
(-0.0034502486 0.10737158 0.023005678)
(-0.0030559184 0.099041974 0.024205062)
(-0.0026717879 0.090959177 0.024692039)
(-0.0023092493 0.08319344 0.024620168)
(-0.0019753002 0.075799207 0.024118698)
(-0.0016735747 0.068813187 0.023294584)
(-0.0014052377 0.062255707 0.022235103)
(-0.001169733 0.056133374 0.021010612)
(-0.00096537907 0.050442052 0.019677206)
(-0.00078982265 0.045169671 0.018279141)
(-0.00064036923 0.04029867 0.016850951)
(-0.00051421374 0.035807978 0.015419273)
(-0.0004085945 0.031674565 0.014004368)
(-0.00032089041 0.027874597 0.012621384)
(-0.00024867716 0.024384268 0.011281391)
(-0.00018975489 0.021180382 0.0099922216)
(-0.00014215666 0.01824072 0.0087591513)
(-0.00010414434 0.015544268 0.0075854493)
(-7.4196652e-05 0.013071341 0.0064728201)
(-5.0992834e-05 0.010803617 0.0054217582)
(-3.339334e-05 0.0087241332 0.0044318322)
(-2.0420167e-05 0.0068172435 0.0035019123)
(-1.1242352e-05 0.0050685523 0.0026303503)
(-5.1742699e-06 0.0034648408 0.0018151232)
(-1.658565e-06 0.001993986 0.0010539446)
(-1.1355403e-07 0.00064487992 0.00034435436)
(0.015323686 0.46294575 -0.022712031)
(-0.0094001052 0.34889578 -0.038502311)
(0.0017977623 0.26227518 -0.037982288)
(-0.0052842981 0.20732315 -0.029387702)
(-0.0050123645 0.17479252 -0.019177503)
(-0.00566002 0.155666 -0.0090800221)
(-0.0058879871 0.14329019 -0.00018979113)
(-0.0058093507 0.13385194 0.007132602)
(-0.0055336877 0.12549101 0.012871356)
(-0.0051372814 0.11743349 0.017161616)
(-0.0046737891 0.10943591 0.020196919)
(-0.0041827916 0.10148513 0.022182566)
(-0.0036922322 0.093651766 0.023312579)
(-0.0032208031 0.086024014 0.02375973)
(-0.0027802462 0.078680408 0.023672518)
(-0.0023772089 0.071680673 0.023175601)
(-0.0020146765 0.06506459 0.022371813)
(-0.0016930763 0.058854181 0.021344819)
(-0.001411121 0.053057011 0.020161885)
(-0.0011664412 0.047669601 0.018876521)
(-0.00095604795 0.042680488 0.017530858)
(-0.00077666187 0.038072784 0.016157719)
(-0.00062493982 0.033826204 0.014782376)
(-0.00049762514 0.02991861 0.013424024)
(-0.00039164199 0.026327143 0.012096988)
(-0.00030414958 0.023029026 0.010811713)
(-0.00023256843 0.020002111 0.0095755688)
(-0.00017458735 0.017225226 0.0083935011)
(-0.00012815806 0.01467838 0.0072685523)
(-9.1481551e-05 0.01234287 0.0062022831)
(-6.2989846e-05 0.010201314 0.0051951104)
(-4.1324492e-05 0.0082376332 0.0042465768)
(-2.5314609e-05 0.0064370074 0.0033555657)
(-1.3961597e-05 0.0047858122 0.0025204734)
(-6.4364616e-06 0.0032715437 0.0017393441)
(-2.0693021e-06 0.0018827394 0.0010099754)
(-1.4228596e-07 0.00060890055 0.00033000258)
(0.01544162 0.46029455 -0.022321101)
(-0.0097963934 0.34183954 -0.037248653)
(0.0012267114 0.25249152 -0.036424515)
(-0.0060680763 0.19643935 -0.027943441)
(-0.0061626938 0.16389523 -0.018059581)
(-0.0068743388 0.14525669 -0.0084258933)
(-0.0071281505 0.13356071 9.719099e-06)
(-0.0070219537 0.12484929 0.00694429)
(-0.0066758016 0.11719921 0.012374526)
(-0.0061839705 0.10981167 0.016430489)
(-0.0056142451 0.10243662 0.019295112)
(-0.0050153735 0.095062756 0.021162719)
(-0.0044208563 0.087765508 0.022217654)
(-0.0038524815 0.080637941 0.022624524)
(-0.0033234723 0.07376242 0.022524977)
(-0.0028409587 0.067201294 0.022037905)
(-0.0024078262 0.060996043 0.021261288)
(-0.0020240809 0.055169834 0.020274727)
(-0.0016878489 0.049731132 0.019142108)
(-0.0013960996 0.04467732 0.017914156)
(-0.0011451612 0.039997865 0.016630726)
(-0.0009310809 0.035676919 0.015322797)
(-0.00074986968 0.031695339 0.014014169)
(-0.00059766335 0.028032207 0.012722863)
(-0.00047082295 0.024665928 0.011462287)
(-0.00036599176 0.021575008 0.010242179)
(-0.00028012233 0.018738562 0.0090693726)
(-0.0002104827 0.016136646 0.0079484192)
(-0.00015464905 0.013750449 0.0068820812)
(-0.00011048965 0.011562385 0.0058717327)
(-7.6143493e-05 0.0095561211 0.0049176783)
(-4.9995445e-05 0.0077165584 0.0040194077)
(-3.065071e-05 0.0060297881 0.0031757989)
(-1.6917152e-05 0.0044830284 0.0023852793)
(-7.8059226e-06 0.0030645527 0.0016459532)
(-2.510101e-06 0.0017636148 0.00095570004)
(-1.7331892e-07 0.00057037371 0.00031225356)
(0.01558203 0.45755127 -0.021843844)
(-0.010200415 0.33456248 -0.035749108)
(0.00061489688 0.24248045 -0.034548956)
(-0.0068490137 0.18536519 -0.026210437)
(-0.0073075387 0.15280949 -0.016741181)
(-0.0081034537 0.13460661 -0.0076601599)
(-0.0083911315 0.12350646 0.00023563403)
(-0.0082632768 0.11543804 0.0067079017)
(-0.0078519555 0.10843609 0.011769851)
(-0.0072681524 0.10168427 0.01554691)
(-0.0065932146 0.09492406 0.018209904)
(-0.0058852368 0.088139932 0.019939807)
(-0.0051838235 0.081405272 0.020908783)
(-0.0045145057 0.074812153 0.021271079)
(-0.0038925781 0.0684424 0.021159744)
(-0.0033261114 0.06235806 0.020686589)
(-0.0028182001 0.056600525 0.019943783)
(-0.002368606 0.051193132 0.019006157)
(-0.0019749437 0.046144816 0.017933696)
(-0.0016335267 0.041453712 0.016773942)
(-0.0013399624 0.037110304 0.015564167)
(-0.0010895635 0.03309996 0.014333266)
(-0.00087762554 0.029404903 0.013103362)
(-0.00069960728 0.026005662 0.01189115)
(-0.00055124246 0.022882132 0.01070899)
(-0.00042860223 0.020014298 0.0095658118)
(-0.00032812375 0.017382722 0.008467832)
(-0.00024661539 0.014968852 0.0074191435)
(-0.00018124686 0.012755196 0.006422182)
(-0.00012952954 0.010725408 0.0054780995)
(-8.929104e-05 0.0088643131 0.0045870646)
(-5.8645815e-05 0.0071578879 0.0037484992)
(-3.5965231e-05 0.0055932174 0.0029612682)
(-1.9857253e-05 0.004158436 0.0022238286)
(-9.1650703e-06 0.0028426599 0.0015343477)
(-2.9498247e-06 0.0016359164 0.00089079438)
(-2.0362978e-07 0.00052907431 0.00029101102)
(0.01569549 0.45467681 -0.021293333)
(-0.010560795 0.32694947 -0.033998988)
(-2.600842e-05 0.23212905 -0.032353482)
(-0.0076357118 0.17404516 -0.024184459)
(-0.0084473989 0.14152945 -0.015218934)
(-0.0093307974 0.1237447 -0.0067831212)
(-0.0096470998 0.11317866 0.000488122)
(-0.0094931071 0.1056817 0.0064253486)
(-0.0090146243 0.099269176 0.011060105)
(-0.0083385254 0.093116503 0.014513194)
(-0.0075587144 0.086957073 0.016942183)
(-0.0067420816 0.080767149 0.018512899)
(-0.0059341359 0.074612808 0.019383344)
(-0.0051641475 0.068580228 0.019695519)
(-0.0044495587 0.062746809 0.01957225)
(-0.0037994641 0.057171515 0.019116938)
(-0.0032172244 0.051893821 0.018414878)
(-0.0027023789 0.046936128 0.017535303)
(-0.0022520233 0.042307229 0.016533651)
(-0.0018617879 0.038005745 0.015453776)
(-0.0015265225 0.034023107 0.014329975)
(-0.0012407664 0.030345961 0.013188751)
(-0.00099906313 0.02695801 0.012050319)
(-0.00079616398 0.023841387 0.010929863)
(-0.00062715161 0.020977634 0.0098385619)
(-0.00048750817 0.018348374 0.00878443)
(-0.00037314472 0.015935764 0.0077729942)
(-0.00028040467 0.013722779 0.0068078373)
(-0.00020605011 0.011693367 0.0058910322)
(-0.00014723763 0.0098325352 0.0050234882)
(-0.00010148789 0.0081263638 0.0042052271)
(-6.6650992e-05 0.0065619925 0.0034356013)
(-4.0871449e-05 0.0051275787 0.0027134669)
(-2.2564169e-05 0.0038122427 0.0020373199)
(-1.0414284e-05 0.0026060057 0.001405404)
(-3.350207e-06 0.0014997247 0.00081579356)
(-2.3135466e-07 0.00048502829 0.00026645939)
(0.015860791 0.45161114 -0.020719911)
(-0.010765002 0.31885751 -0.031948845)
(-0.00073542756 0.2212899 -0.029808809)
(-0.0084487033 0.16239113 -0.021861727)
(-0.0095948504 0.13002721 -0.01350316)
(-0.010551683 0.112681 -0.0058112046)
(-0.010877775 0.10261134 0.00075180312)
(-0.01068317 0.095629978 0.0060856165)
(-0.010128981 0.089757441 0.010238985)
(-0.0093567579 0.084171149 0.013326918)
(-0.0084715034 0.07859797 0.015492346)
(-0.0075477585 0.073003331 0.016884356)
(-0.0066361205 0.067441994 0.017645094)
(-0.0057690482 0.061990319 0.017902682)
(-0.0049657688 0.056718046 0.017768248)
(-0.0042361619 0.051678655 0.017335521)
(-0.0035836925 0.046908057 0.016681877)
(-0.0030075659 0.04242666 0.015870111)
(-0.0025042811 0.038242494 0.014950439)
(-0.0020687327 0.034354337 0.01396251)
(-0.0016949796 0.030754438 0.012937236)
(-0.0013767704 0.027430704 0.011898423)
(-0.0011078923 0.024368383 0.010864146)
(-0.00088239394 0.021551308 0.0098479039)
(-0.00069471927 0.018962781 0.0088595705)
(-0.000539779 0.016586186 0.007906161)
(-0.00041297909 0.014405395 0.0069924533)
(-0.00031022078 0.012405018 0.0061214847)
(-0.00022788217 0.010570553 0.005294947)
(-0.00016278859 0.00888845 0.0045135011)
(-0.00011217641 0.0073461336 0.0037770259)
(-7.3652807e-05 0.0059319839 0.0030848146)
(-4.5155426e-05 0.0046353004 0.0024357301)
(-2.4924687e-05 0.0034462524 0.0018283263)
(-1.1501308e-05 0.0023558226 0.0012609435)
(-3.6998102e-06 0.0013557486 0.00073178293)
(-2.551787e-07 0.00043846493 0.00023896377)
(0.016092204 0.44814946 -0.020180972)
(-0.0109844 0.30994905 -0.029541493)
(-0.0015936813 0.20972406 -0.026887797)
(-0.0093407789 0.15029128 -0.019262187)
(-0.010766408 0.11826879 -0.011628404)
(-0.011763179 0.10142219 -0.0047803355)
(-0.012067152 0.091835333 0.00099622086)
(-0.011809206 0.085330574 0.0056664314)
(-0.011166006 0.079960328 0.0092927565)
(-0.010291768 0.074914671 0.011981996)
(-0.0093005075 0.069916026 0.013860636)
(-0.008272693 0.064917247 0.015059419)
(-0.0072626768 0.059958785 0.015703111)
(-0.0063051183 0.05510416 0.015904528)
(-0.0054203277 0.05041292 0.015761811)
(-0.0046184867 0.04593115 0.015357899)
(-0.0039028439 0.041689852 0.014761317)
(-0.0032720675 0.03770656 0.014027661)
(-0.0027219414 0.033988 0.013201329)
(-0.0022465665 0.030532809 0.012317293)
(-0.0018391955 0.027333912 0.011402733)
(-0.0014927988 0.024380446 0.010478487)
(-0.0012004386 0.021659233 0.0095602978)
(-0.00095550338 0.019155872 0.008659848)
(-0.00075184703 0.016855512 0.0077856107)
(-0.00058385909 0.014743391 0.0069435426)
(-0.00044649022 0.01280519 0.006137638)
(-0.00033524704 0.011027249 0.0053703728)
(-0.00024616788 0.0093966974 0.0046430558)
(-0.00017578717 0.0079015113 0.0039561071)
(-0.00012109338 0.0065305295 0.0033092772)
(-7.9483193e-05 0.0052734389 0.0027018201)
(-4.871604e-05 0.0041207401 0.0021326278)
(-2.6882553e-05 0.0030637048 0.0016003363)
(-1.2401536e-05 0.0020943253 0.0011034084)
(-3.9873766e-06 0.0012052628 0.00064019798)
(-2.7471519e-07 0.00038979651 0.00020899948)
(0.016304418 0.44401551 -0.019656717)
(-0.011372671 0.29982662 -0.026671834)
(-0.0025893429 0.19720281 -0.023582949)
(-0.010312396 0.13766347 -0.016426502)
(-0.011950093 0.10624118 -0.0096494756)
(-0.0129428 0.089989591 -0.0037418993)
(-0.013186088 0.080894039 0.0011799681)
(-0.012838526 0.074843974 0.0051385334)
(-0.012091945 0.069951282 0.0082041557)
(-0.011110606 0.065429027 0.010471866)
(-0.010014881 0.06099741 0.012049435)
(-0.008888967 0.056595644 0.013047586)
(-0.0077892357 0.052247772 0.013572313)
(-0.0067512501 0.048002331 0.013719907)
(-0.0057954799 0.043906886 0.013574462)
(-0.004931781 0.039998766 0.013207226)
(-0.0041627819 0.036303106 0.012677138)
(-0.0034863768 0.032833934 0.012032005)
(-0.0028975175 0.029596283 0.011309957)
(-0.0023894763 0.026588432 0.010540949)
(-0.0019547188 0.023803882 0.0097481759)
(-0.0015854908 0.021232977 0.0089493357)
(-0.0012742017 0.018864136 0.0081577158)
(-0.0010136616 0.016684774 0.0073830998)
(-0.00079721743 0.014681957 0.0066325134)
(-0.00061881879 0.012842847 0.005910828)
(-0.00047303692 0.011155005 0.0052212453)
(-0.00035505307 0.0096065723 0.004565682)
(-0.0002606279 0.008186375 0.0039450746)
(-0.00018605975 0.0068839756 0.003359619)
(-0.00012813704 0.0056896829 0.002808958)
(-8.4087396e-05 0.0045945395 0.0022923288)
(-5.1527638e-05 0.0035902923 0.0018086769)
(-2.8429088e-05 0.0026693548 0.0013567455)
(-1.3112668e-05 0.0018247645 0.0009351439)
(-4.2156083e-06 0.0010501382 0.00054240253)
(-2.903019e-07 0.00033962802 0.00017701279)
(0.016346217 0.4388586 -0.019059489)
(-0.011835806 0.2880167 -0.023310941)
(-0.003779075 0.18346788 -0.019929679)
(-0.011347275 0.12442036 -0.013413166)
(-0.01311268 0.093943743 -0.0076341893)
(-0.014043334 0.078423241 -0.0027568073)
(-0.014181833 0.069853204 0.0012563476)
(-0.013717964 0.06425578 0.0044712538)
(-0.012856237 0.059830796 0.0069576808)
(-0.011766959 0.055824321 0.0087941791)
(-0.010573353 0.051956806 0.010067194)
(-0.009360602 0.04815355 0.010865756)
(-0.0081850233 0.044421099 0.011275872)
(-0.0070815638 0.040791859 0.011376359)
(-0.0060698092 0.037300444 0.011236512)
(-0.0051586034 0.033974706 0.010915273)
(-0.0043495257 0.030833423 0.010461523)
(-0.0036394665 0.027886801 0.0099149323)
(-0.0030224564 0.025138 0.0093071073)
(-0.0024909454 0.022584849 0.0086628129)
(-0.0020366795 0.020221399 0.0080011462)
(-0.0016512835 0.018039203 0.0073365956)
(-0.0013266366 0.016028307 0.006679958)
(-0.0010550996 0.014177986 0.0060391056)
(-0.00082964028 0.012477263 0.0054196179)
(-0.0006438885 0.010915273 0.0048252923)
(-0.00049214624 0.0094815025 0.0042585538)
(-0.00036936774 0.0081659325 0.0037207796)
(-0.00027112209 0.0069591265 0.0032125549)
(-0.0001935459 0.0058522666 0.0027338728)
(-0.00013329095 0.0048371624 0.0022842903)
(-8.7469333e-05 0.0039062393 0.0018630495)
(-5.360009e-05 0.0030525141 0.0014691704)
(-2.9572363e-05 0.0022695632 0.0011015236)
(-1.3639793e-05 0.0015514879 0.00075888542)
(-4.3846164e-06 0.00089287656 0.00043998196)
(-3.0166703e-07 0.00028876863 0.00014352071)
(0.015765552 0.43203075 -0.018259083)
(-0.01241927 0.27373702 -0.019477021)
(-0.0052126043 0.1681404 -0.015985283)
(-0.012407017 0.11044559 -0.010320769)
(-0.014179552 0.0813775 -0.0056772588)
(-0.01497261 0.066778424 -0.0018994878)
(-0.01495837 0.058802386 0.0011750189)
(-0.014355235 0.053681047 0.0036370837)
(-0.013374121 0.049731996 0.0055454339)
(-0.012185059 0.046244537 0.0069569609)
(-0.01090934 0.042942658 0.0079343384)
(-0.0096297963 0.039738712 0.0085435927)
(-0.0084003321 0.036622009 0.0088499157)
(-0.0072536611 0.033608886 0.0089141113)
(-0.0062073797 0.030721025 0.0087905141)
(-0.0052686455 0.027976837 0.0085253146)
(-0.0044376436 0.0253888 0.008157212)
(-0.0037101071 0.022963367 0.0077176957)
(-0.0030791347 0.020701892 0.0072318542)
(-0.002536436 0.018601816 0.0067193051)
(-0.0020731749 0.01665779 0.0061951127)
(-0.001680515 0.014862625 0.0056706298)
(-0.0013499732 0.013208026 0.0051542417)
(-0.0010736335 0.011685148 0.0046519853)
(-0.00084425171 0.01028499 0.0041680608)
(-0.0006552947 0.0089986701 0.0037052488)
(-0.00050093734 0.0078176042 0.0032652443)
(-0.00037603367 0.0067336178 0.0028489221)
(-0.00027607255 0.0057390099 0.0024565448)
(-0.00019712534 0.0048265803 0.0020879246)
(-0.00013578991 0.0039896365 0.0017425489)
(-8.9133086e-05 0.0032219829 0.0014196766)
(-5.4635475e-05 0.002517902 0.0011184116)
(-3.0153391e-05 0.0018721292 0.00083775894)
(-1.3913149e-05 0.0012798245 0.00057666712)
(-4.4751859e-06 0.00073654387 0.00033406188)
(-3.0896488e-07 0.00023820975 0.00010886948)
(0.014885846 0.42250888 -0.017134251)
(-0.013082653 0.25597161 -0.015172794)
(-0.0068313904 0.15069616 -0.011862476)
(-0.01337298 0.095565211 -0.007300721)
(-0.014990187 0.06852091 -0.0039062294)
(-0.015556219 0.055107401 -0.0012569991)
(-0.01534453 0.047841242 0.00088720013)
(-0.014590988 0.043252996 0.0026188789)
(-0.013501803 0.039810184 0.0039746033)
(-0.012237725 0.036857172 0.0049850506)
(-0.010911769 0.034126596 0.0056890328)
(-0.0096002011 0.031520775 0.0061288511)
(-0.0083519618 0.029013847 0.0063487795)
(-0.0071961629 0.026607757 0.0063916423)
(-0.0061473333 0.024312324 0.0062966232)
(-0.0052102797 0.022137348 0.0060978394)
(-0.0043837244 0.020089763 0.0058239169)
(-0.0036621283 0.018172729 0.0054983554)
(-0.0030377132 0.016386118 0.0051399441)
(-0.0025015851 0.014727196 0.0047633836)
(-0.0020445163 0.013191344 0.0043799165)
(-0.0016574494 0.011772696 0.0039978227)
(-0.0013317924 0.010464644 0.0036232971)
(-0.0010595956 0.0092602175 0.0032607298)
(-0.00083363903 0.0081523635 0.0029130919)
(-0.00064744742 0.0071341419 0.0025822641)
(-0.00049527134 0.0061988526 0.0022693029)
(-0.00037204877 0.0053401157 0.0019746497)
(-0.00027335272 0.0045519169 0.0016982944)
(-0.00019533337 0.003828627 0.0014399026)
(-0.00013465916 0.0031650068 0.0011989139)
(-8.8457833e-05 0.0025561993 0.00097461683)
(-5.4261113e-05 0.0019977152 0.00076620458)
(-2.9967326e-05 0.0014854147 0.00057281761)
(-1.3835997e-05 0.0010154865 0.00039357449)
(-4.4534403e-06 0.00058442601 0.00022759702)
(-3.061513e-07 0.00018901388 7.4025872e-05)
(0.013901537 0.40781414 -0.015449048)
(-0.013818784 0.23255482 -0.010439898)
(-0.0085164145 0.13015376 -0.0077803127)
(-0.014001187 0.079420308 -0.0045803562)
(-0.015246689 0.055260157 -0.002485768)
(-0.015489511 0.043413061 -0.00092247437)
(-0.015053279 0.03704334 0.0003582816)
(-0.014165413 0.033090643 0.0014230781)
(-0.013008718 0.030211259 0.0022829183)
(-0.011722451 0.027821943 0.0029398351)
(-0.010404379 0.025672719 0.0034067935)
(-0.0091187411 0.023661298 0.0037060448)
(-0.0079071805 0.021751315 0.0038621285)
(-0.0067934302 0.019933423 0.0039010353)
(-0.0057886974 0.018208241 0.0038474427)
(-0.0048955852 0.016578826 0.0037239573)
(-0.0041110776 0.015047576 0.0035497957)
(-0.0034287056 0.013615204 0.0033409402)
(-0.0028401211 0.012280639 0.0031103229)
(-0.0023362463 0.011041306 0.0028681417)
(-0.0019076122 0.0098934211 0.002622356)
(-0.0015452921 0.008832535 0.002378792)
(-0.0012410318 0.0078537846 0.0021416054)
(-0.00098706334 0.0069520131 0.0019137932)
(-0.00077645877 0.0061220325 0.001697322)
(-0.00060304948 0.0053587486 0.0014933331)
(-0.00046138703 0.0046572451 0.0013024123)
(-0.00034669869 0.0040128364 0.0011246962)
(-0.00025483198 0.0034210982 0.00095999148)
(-0.00018219107 0.0028778817 0.0008078736)
(-0.00012567398 0.0023793173 0.0006677641)
(-8.261228e-05 0.0019218101 0.00053898948)
(-5.0716025e-05 0.00150203 0.00042082527)
(-2.8036624e-05 0.0011169 0.00031252839)
(-1.2961177e-05 0.00076358175 0.00021336045)
(-4.1808676e-06 0.0004394606 0.00012260628)
(-2.9290585e-07 0.0001421308 3.9585567e-05)
(0.011966506 0.38194365 -0.012672556)
(-0.014541979 0.19908397 -0.0055864906)
(-0.0098623083 0.10477711 -0.0041771096)
(-0.013782069 0.061318309 -0.0025081238)
(-0.014417121 0.041292122 -0.001615355)
(-0.014265015 0.03158253 -0.00097830953)
(-0.013630904 0.026405296 -0.00041492496)
(-0.012682536 0.023253976 9.883989e-05)
(-0.011551542 0.021030602 0.00054963224)
(-0.010342937 0.01924982 0.00091907668)
(-0.0091306897 0.017695385 0.0011990823)
(-0.0079646084 0.016272257 0.0013934072)
(-0.006876274 0.014940395 0.0015112057)
(-0.0058834474 0.013684264 0.0015642425)
(-0.0049937889 0.012498697 0.0015649095)
(-0.0042078671 0.011382361 0.0015250209)
(-0.0035215604 0.010334835 0.0014551336)
(-0.0029279418 0.0093554109 0.001364321)
(-0.0024186345 0.0084427087 0.0012601332)
(-0.0019847378 0.0075946539 0.0011486669)
(-0.0016174149 0.0068086018 0.0010347228)
(-0.0013082657 0.006081504 0.00092206733)
(-0.0010495392 0.005410062 0.00081328776)
(-0.00083425585 0.0047908558 0.00071018769)
(-0.00065611396 0.0042204287 0.00061401597)
(-0.00050964406 0.0036954062 0.00052545559)
(-0.0003901145 0.0032125333 0.00044478337)
(-0.0002933673 0.0027686784 0.00037205372)
(-0.00021584781 0.0023608751 0.00030709408)
(-0.00015450376 0.0019863331 0.00024955338)
(-0.00010671794 0.001642441 0.00019895478)
(-7.0249631e-05 0.0013267653 0.0001547465)
(-4.318459e-05 0.0010370455 0.00011634435)
(-2.3902289e-05 0.00077118697 8.3156939e-05)
(-1.1066565e-05 0.00052725286 5.4604624e-05)
(-3.5658702e-06 0.00030345503 3.013972e-05)
(-2.452387e-07 9.8144864e-05 9.2614473e-06)
(0.0076150044 0.32946131 -0.0082855012)
(-0.014376383 0.1477037 -0.0014071803)
(-0.0097186855 0.071751896 -0.0016761049)
(-0.011671124 0.040086172 -0.0013979461)
(-0.01161279 0.026054953 -0.0014157723)
(-0.011111731 0.019352245 -0.0013944704)
(-0.010421956 0.015820589 -0.0012987828)
(-0.0095828202 0.013716447 -0.0011508857)
(-0.0086576923 0.012280075 -0.00098270674)
(-0.0077016138 0.011170362 -0.00081811624)
(-0.0067583211 0.010231031 -0.00067107658)
(-0.0058596572 0.0093900132 -0.0005476568)
(-0.0050265109 0.0086143175 -0.00044905785)
(-0.0042707776 0.0078891606 -0.00037376445)
(-0.0035973744 0.0072080967 -0.00031898647)
(-0.0030061095 0.0065683094 -0.00028153647)
(-0.0024932651 0.0059683817 -0.00025819633)
(-0.0020531035 0.0054072757 -0.00024561767)
(-0.0016787353 0.004883901 -0.0002406683)
(-0.0013628195 0.0043969678 -0.00024067147)
(-0.0010981262 0.003944973 -0.00024338122)
(-0.00087790122 0.0035262398 -0.00024704859)
(-0.00069598361 0.0031389751 -0.00025035393)
(-0.00054675054 0.0027813256 -0.00025223309)
(-0.00042513358 0.0024514246 -0.00025185526)
(-0.00032666886 0.0021474276 -0.00024857276)
(-0.00024748733 0.001867539 -0.00024197712)
(-0.0001843761 0.0016100302 -0.00023184864)
(-0.00013457695 0.0013732524 -0.00021819261)
(-9.5670023e-05 0.0011556446 -0.00020119356)
(-6.5707901e-05 0.00095573583 -0.0001811179)
(-4.3068468e-05 0.00077214972 -0.00015829215)
(-2.6412906e-05 0.00060360186 -0.00013308406)
(-1.4631341e-05 0.00044889593 -0.0001058851)
(-6.7763621e-06 0.00030692179 -7.7101167e-05)
(-2.1971078e-06 0.00017665136 -4.7122851e-05)
(-1.7141421e-07 5.713425e-05 -1.6316262e-05)
(0.00010910902 0.19948852 -0.0025054708)
(-0.0097066781 0.063895751 8.8800674e-05)
(-0.0057487109 0.027296014 -0.0011493385)
(-0.005832551 0.014373967 -0.0014691387)
(-0.0054298371 0.0089862472 -0.001799977)
(-0.0050108166 0.006479458 -0.0019781284)
(-0.0046012665 0.0051850027 -0.0020595513)
(-0.0041790704 0.0044327131 -0.0020796254)
(-0.0037418431 0.0039350932 -0.0020567432)
(-0.0033013774 0.0035629485 -0.0020040246)
(-0.0028712358 0.0032563614 -0.0019312671)
(-0.0024631094 0.0029870325 -0.0018454543)
(-0.0020855701 0.0027415058 -0.0017515909)
(-0.0017439809 0.0025134021 -0.001653318)
(-0.0014409207 0.0022997176 -0.0015533685)
(-0.0011763376 0.0020990261 -0.0014537952)
(-0.00094901185 0.0019106033 -0.0013560368)
(-0.00075696305 0.0017340025 -0.00126123)
(-0.00059697144 0.0015688549 -0.0011702175)
(-0.00046552638 0.0014147842 -0.0010836143)
(-0.00035902348 0.0012713451 -0.0010005453)
(-0.00027380644 0.0011380269 -0.00091947454)
(-0.00020648587 0.0010143257 -0.00084069638)
(-0.00015397567 0.00089974336 -0.0007651573)
(-0.0001135544 0.00079376505 -0.00069313431)
(-8.2876819e-05 0.00069587271 -0.00062456177)
(-6.0054512e-05 0.00060555485 -0.00055922132)
(-4.3455197e-05 0.00052231343 -0.00049685306)
(-3.1463311e-05 0.00044566632 -0.00043714848)
(-2.2872041e-05 0.0003751497 -0.0003797805)
(-1.6841919e-05 0.00031032164 -0.00032446577)
(-1.2592594e-05 0.00025076271 -0.00027095724)
(-9.5204913e-06 0.00019606836 -0.00021899836)
(-7.1420735e-06 0.00014584471 -0.00016833878)
(-5.0888219e-06 9.9731924e-05 -0.00011888948)
(-3.1048786e-06 5.7406685e-05 -7.0679145e-05)
(-9.8491293e-07 1.8567893e-05 -2.3747323e-05)
)
;

boundaryField
{
    inner_wall
    {
        type            rotatingWallVelocity;
        origin          (0 0 0);
        axis            (0 0 1);
        omega           table;
        omegaCoeffs
        {
            values          
2
(
(0 20.944)
(301 20.944)
)
;
        }
        value           nonuniform List<vector> 
450
(
(0 0.53147127 -0)
(0 0.53147127 -0)
(0 0.53147127 -0)
(0 0.53147127 -0)
(0 0.53147127 -0)
(0 0.53147127 -0)
(0 0.53147127 -0)
(0 0.53147127 -0)
(0 0.53147127 -0)
(0 0.53147127 -0)
(0 0.53147127 -0)
(0 0.53147127 -0)
(0 0.53147127 -0)
(0 0.53147127 -0)
(0 0.53147127 -0)
(0 0.53147127 -0)
(0 0.53147127 -0)
(0 0.53147127 -0)
(0 0.53147127 -0)
(0 0.53147127 -0)
(0 0.53147127 -0)
(0 0.53147127 -0)
(0 0.53147127 -0)
(0 0.53147127 -0)
(0 0.53147127 -0)
(0 0.53147127 -0)
(0 0.53147127 -0)
(0 0.53147127 -0)
(0 0.53147127 -0)
(0 0.53147127 -0)
(0 0.53147127 -0)
(0 0.53147127 -0)
(0 0.53147127 -0)
(0 0.53147127 -0)
(0 0.53147127 -0)
(0 0.53147127 -0)
(0 0.53147127 -0)
(0 0.53147127 -0)
(0 0.53147127 -0)
(0 0.53147127 -0)
(0 0.53147127 -0)
(0 0.53147127 -0)
(0 0.53147127 -0)
(0 0.53147127 -0)
(0 0.53147127 -0)
(0 0.53147127 -0)
(0 0.53147127 -0)
(0 0.53147127 -0)
(0 0.53147127 -0)
(0 0.53147127 -0)
(0 0.53147127 -0)
(0 0.53147127 -0)
(0 0.53147127 -0)
(0 0.53147127 -0)
(0 0.53147127 -0)
(0 0.53147127 -0)
(0 0.53147127 -0)
(0 0.53147127 -0)
(0 0.53147127 -0)
(0 0.53147127 -0)
(0 0.53147127 -0)
(0 0.53147127 -0)
(0 0.53147127 -0)
(0 0.53147127 -0)
(0 0.53147127 -0)
(0 0.53147127 -0)
(0 0.53147127 -0)
(0 0.53147127 -0)
(0 0.53147127 -0)
(0 0.53147127 -0)
(0 0.53147127 -0)
(0 0.53147127 -0)
(0 0.53147127 -0)
(0 0.53147127 -0)
(0 0.53147127 -0)
(0 0.53147127 -0)
(0 0.53147127 -0)
(0 0.53147127 -0)
(0 0.53147127 -0)
(0 0.53147127 -0)
(0 0.53147127 -0)
(0 0.53147127 -0)
(0 0.53147127 -0)
(0 0.53147127 -0)
(0 0.53147127 -0)
(0 0.53147127 -0)
(0 0.53147127 -0)
(0 0.53147127 -0)
(0 0.53147127 -0)
(0 0.53147127 -0)
(0 0.53147127 -0)
(0 0.53147127 -0)
(0 0.53147127 -0)
(0 0.53147127 -0)
(0 0.53147127 -0)
(0 0.53147127 -0)
(0 0.53147127 -0)
(0 0.53147127 -0)
(0 0.53147127 -0)
(0 0.53147127 -0)
(0 0.53147127 -0)
(0 0.53147127 -0)
(0 0.53147127 -0)
(0 0.53147127 -0)
(0 0.53147127 -0)
(0 0.53147127 -0)
(0 0.53147127 -0)
(0 0.53147127 -0)
(0 0.53147127 -0)
(0 0.53147127 -0)
(0 0.53147127 -0)
(0 0.53147127 -0)
(0 0.53147127 -0)
(0 0.53147127 -0)
(0 0.53147127 -0)
(0 0.53147127 -0)
(0 0.53147127 -0)
(0 0.53147127 -0)
(0 0.53147127 -0)
(0 0.53147127 -0)
(0 0.53147127 -0)
(0 0.53147127 -0)
(0 0.53147127 -0)
(0 0.53147127 -0)
(0 0.53147127 -0)
(0 0.53147127 -0)
(0 0.53147127 -0)
(0 0.53147127 -0)
(0 0.53147127 -0)
(0 0.53147127 -0)
(0 0.53147127 -0)
(0 0.53147127 -0)
(0 0.53147127 -0)
(0 0.53147127 -0)
(0 0.53147127 -0)
(0 0.53147127 -0)
(0 0.53147127 -0)
(0 0.53147127 -0)
(0 0.53147127 -0)
(0 0.53147127 -0)
(0 0.53147127 -0)
(0 0.53147127 -0)
(0 0.53147127 -0)
(0 0.53147127 -0)
(0 0.53147127 -0)
(0 0.53147127 -0)
(0 0.53147127 -0)
(0 0.53147127 -0)
(0 0.53147127 -0)
(0 0.53147127 -0)
(0 0.53147127 -0)
(0 0.53147127 -0)
(0 0.53147127 -0)
(0 0.53147127 -0)
(0 0.53147127 -0)
(0 0.53147127 -0)
(0 0.53147127 -0)
(0 0.53147127 -0)
(0 0.53147127 -0)
(0 0.53147127 -0)
(0 0.53147127 -0)
(0 0.53147127 -0)
(0 0.53147127 -0)
(0 0.53147127 -0)
(0 0.53147127 -0)
(0 0.53147127 -0)
(0 0.53147127 -0)
(0 0.53147127 -0)
(0 0.53147127 -0)
(0 0.53147127 -0)
(0 0.53147127 -0)
(0 0.53147127 -0)
(0 0.53147127 -0)
(0 0.53147127 -0)
(0 0.53147127 -0)
(0 0.53147127 -0)
(0 0.53147127 -0)
(0 0.53147127 -0)
(0 0.53147127 -0)
(0 0.53147127 -0)
(0 0.53147127 -0)
(0 0.53147127 -0)
(0 0.53147127 -0)
(0 0.53147127 -0)
(0 0.53147127 -0)
(0 0.53147127 -0)
(0 0.53147127 -0)
(0 0.53147127 -0)
(0 0.53147127 -0)
(0 0.53147127 -0)
(0 0.53147127 -0)
(0 0.53147127 -0)
(0 0.53147127 -0)
(0 0.53147127 -0)
(0 0.53147127 -0)
(0 0.53147127 -0)
(0 0.53147127 -0)
(0 0.53147127 -0)
(0 0.53147127 -0)
(0 0.53147127 -0)
(0 0.53147127 -0)
(0 0.53147127 -0)
(0 0.53147127 -0)
(0 0.53147127 -0)
(0 0.53147127 -0)
(0 0.53147127 -0)
(0 0.53147127 -0)
(0 0.53147127 -0)
(0 0.53147127 -0)
(0 0.53147127 -0)
(0 0.53147127 -0)
(0 0.53147127 -0)
(0 0.53147127 -0)
(0 0.53147127 -0)
(0 0.53147127 -0)
(0 0.53147127 -0)
(0 0.53147127 -0)
(0 0.53147127 -0)
(0 0.53147127 -0)
(0 0.53147127 -0)
(0 0.53147127 -0)
(0 0.53147127 -0)
(0 0.53147127 -0)
(0 0.53147127 -0)
(0 0.53147127 -0)
(0 0.53147127 -0)
(0 0.53147127 -0)
(0 0.53147127 -0)
(0 0.53147127 -0)
(0 0.53147127 -0)
(0 0.53147127 -0)
(0 0.53147127 -0)
(0 0.53147127 -0)
(0 0.53147127 -0)
(0 0.53147127 -0)
(0 0.53147127 -0)
(0 0.53147127 -0)
(0 0.53147127 -0)
(0 0.53147127 -0)
(0 0.53147127 -0)
(0 0.53147127 -0)
(0 0.53147127 -0)
(0 0.53147127 -0)
(0 0.53147127 -0)
(0 0.53147127 -0)
(0 0.53147127 -0)
(0 0.53147127 -0)
(0 0.53147127 -0)
(0 0.53147127 -0)
(0 0.53147127 -0)
(0 0.53147127 -0)
(0 0.53147127 -0)
(0 0.53147127 -0)
(0 0.53147127 -0)
(0 0.53147127 -0)
(0 0.53147127 -0)
(0 0.53147127 -0)
(0 0.53147127 -0)
(0 0.53147127 -0)
(0 0.53147127 -0)
(0 0.53147127 -0)
(0 0.53147127 -0)
(0 0.53147127 -0)
(0 0.53147127 -0)
(0 0.53147127 -0)
(0 0.53147127 -0)
(0 0.53147127 -0)
(0 0.53147127 -0)
(0 0.53147127 -0)
(0 0.53147127 -0)
(0 0.53147127 -0)
(0 0.53147127 -0)
(0 0.53147127 -0)
(0 0.53147127 -0)
(0 0.53147127 -0)
(0 0.53147127 -0)
(0 0.53147127 -0)
(0 0.53147127 -0)
(0 0.53147127 -0)
(0 0.53147127 -0)
(0 0.53147127 -0)
(0 0.53147127 -0)
(0 0.53147127 -0)
(0 0.53147127 -0)
(0 0.53147127 -0)
(0 0.53147127 -0)
(0 0.53147127 -0)
(0 0.53147127 -0)
(0 0.53147127 -0)
(0 0.53147127 -0)
(0 0.53147127 -0)
(0 0.53147127 -0)
(0 0.53147127 -0)
(0 0.53147127 -0)
(0 0.53147127 -0)
(0 0.53147127 -0)
(0 0.53147127 -0)
(0 0.53147127 -0)
(0 0.53147127 -0)
(0 0.53147127 -0)
(0 0.53147127 -0)
(0 0.53147127 -0)
(0 0.53147127 -0)
(0 0.53147127 -0)
(0 0.53147127 -0)
(0 0.53147127 -0)
(0 0.53147127 -0)
(0 0.53147127 -0)
(0 0.53147127 -0)
(0 0.53147127 -0)
(0 0.53147127 -0)
(0 0.53147127 -0)
(0 0.53147127 -0)
(0 0.53147127 -0)
(0 0.53147127 -0)
(0 0.53147127 -0)
(0 0.53147127 -0)
(0 0.53147127 -0)
(0 0.53147127 -0)
(0 0.53147127 -0)
(0 0.53147127 -0)
(0 0.53147127 -0)
(0 0.53147127 -0)
(0 0.53147127 -0)
(0 0.53147127 -0)
(0 0.53147127 -0)
(0 0.53147127 -0)
(0 0.53147127 -0)
(0 0.53147127 -0)
(0 0.53147127 -0)
(0 0.53147127 -0)
(0 0.53147127 -0)
(0 0.53147127 -0)
(0 0.53147127 -0)
(0 0.53147127 -0)
(0 0.53147127 -0)
(0 0.53147127 -0)
(0 0.53147127 -0)
(0 0.53147127 -0)
(0 0.53147127 -0)
(0 0.53147127 -0)
(0 0.53147127 -0)
(0 0.53147127 -0)
(0 0.53147127 -0)
(0 0.53147127 -0)
(0 0.53147127 -0)
(0 0.53147127 -0)
(0 0.53147127 -0)
(0 0.53147127 -0)
(0 0.53147127 -0)
(0 0.53147127 -0)
(0 0.53147127 -0)
(0 0.53147127 -0)
(0 0.53147127 -0)
(0 0.53147127 -0)
(0 0.53147127 -0)
(0 0.53147127 -0)
(0 0.53147127 -0)
(0 0.53147127 -0)
(0 0.53147127 -0)
(0 0.53147127 -0)
(0 0.53147127 -0)
(0 0.53147127 -0)
(0 0.53147127 -0)
(0 0.53147127 -0)
(0 0.53147127 -0)
(0 0.53147127 -0)
(0 0.53147127 -0)
(0 0.53147127 -0)
(0 0.53147127 -0)
(0 0.53147127 -0)
(0 0.53147127 -0)
(0 0.53147127 -0)
(0 0.53147127 -0)
(0 0.53147127 -0)
(0 0.53147127 -0)
(0 0.53147127 -0)
(0 0.53147127 -0)
(0 0.53147127 -0)
(0 0.53147127 -0)
(0 0.53147127 -0)
(0 0.53147127 -0)
(0 0.53147127 -0)
(0 0.53147127 -0)
(0 0.53147127 -0)
(0 0.53147127 -0)
(0 0.53147127 -0)
(0 0.53147127 -0)
(0 0.53147127 -0)
(0 0.53147127 -0)
(0 0.53147127 -0)
(0 0.53147127 -0)
(0 0.53147127 -0)
(0 0.53147127 -0)
(0 0.53147127 -0)
(0 0.53147127 -0)
(0 0.53147127 -0)
(0 0.53147127 -0)
(0 0.53147127 -0)
(0 0.53147127 -0)
(0 0.53147127 -0)
(0 0.53147127 -0)
(0 0.53147127 -0)
(0 0.53147127 -0)
(0 0.53147127 -0)
(0 0.53147127 -0)
(0 0.53147127 -0)
(0 0.53147127 -0)
(0 0.53147127 -0)
(0 0.53147127 -0)
(0 0.53147127 -0)
(0 0.53147127 -0)
(0 0.53147127 -0)
(0 0.53147127 -0)
(0 0.53147127 -0)
(0 0.53147127 -0)
(0 0.53147127 -0)
(0 0.53147127 -0)
(0 0.53147127 -0)
(0 0.53147127 -0)
(0 0.53147127 -0)
(0 0.53147127 -0)
(0 0.53147127 -0)
(0 0.53147127 -0)
(0 0.53147127 -0)
(0 0.53147127 -0)
(0 0.53147127 -0)
(0 0.53147127 -0)
(0 0.53147127 -0)
(0 0.53147127 -0)
(0 0.53147127 -0)
(0 0.53147127 -0)
(0 0.53147127 -0)
(0 0.53147127 -0)
(0 0.53147127 -0)
(0 0.53147127 -0)
(0 0.53147127 -0)
(0 0.53147127 -0)
(0 0.53147127 -0)
(0 0.53147127 -0)
(0 0.53147127 -0)
(0 0.53147127 -0)
(0 0.53147127 -0)
(0 0.53147127 -0)
(0 0.53147127 -0)
(0 0.53147127 -0)
(0 0.53147127 -0)
(0 0.53147127 -0)
(0 0.53147127 -0)
(0 0.53147127 -0)
)
;
    }
    outer_wall
    {
        type            noSlip;
    }
    side_outlet
    {
        type            zeroGradient;
    }
    inlet
    {
        type            codedFixedValue;
        value           nonuniform List<vector> 
37
(
(-0 -0 -0.00034074024)
(-0 -0 -0.00095859762)
(-0 -0 -0.0014126762)
(-0 -0 -0.0017360277)
(-0 -0 -0.0019554212)
(-0 -0 -0.0020925539)
(-0 -0 -0.0021650152)
(-0 -0 -0.0021870584)
(-0 -0 -0.0021702215)
(-0 -0 -0.0021238297)
(-0 -0 -0.0020554016)
(-0 -0 -0.0019709816)
(-0 -0 -0.0018754091)
(-0 -0 -0.0017725401)
(-0 -0 -0.0016654277)
(-0 -0 -0.0015564707)
(-0 -0 -0.0014475348)
(-0 -0 -0.0013400528)
(-0 -0 -0.0012351065)
(-0 -0 -0.0011334943)
(-0 -0 -0.0010357862)
(-0 -0 -0.00094236956)
(-0 -0 -0.00085348587)
(-0 -0 -0.00076926164)
(-0 -0 -0.0006897331)
(-0 -0 -0.00061486653)
(-0 -0 -0.00054457488)
(-0 -0 -0.00047873109)
(-0 -0 -0.00041717902)
(-0 -0 -0.00035974212)
(-0 -0 -0.00030623042)
(-0 -0 -0.00025644615)
(-0 -0 -0.00021018801)
(-0 -0 -0.00016725471)
(-0 -0 -0.00012744754)
(-0 -0 -9.0572358e-05)
(-0 -0 -5.6441123e-05)
)
;
        name            lopezFullyDevelopedAnnularTopInlet;
        code            #{
            const fvPatch& p = patch();
            vectorField Uin(p.size(), vector::zero);

            const vectorField& Cf = p.Cf();
            const vectorField& Sf = p.Sf();

            const scalar Ri = 0.0254;
            const scalar Ro = 0.03175;
            const scalar Q0 = 100e-6/60.0;  // full 360-degree flow rate [m3/s]
            // UNIFIED to 100 mL/min to match side_outlet_cat_wallmodel (was Yuhe's
            // 40 mL/min). This makes the outer-wall catalytic BC the ONLY difference
            // between the two cases (single controlled variable), and shrinks the
            // residence time (tau ~ 26 s) so the episode reaches steady state well.
            const scalar pi = 3.1415926535897932384626433832795;

            const scalar Aann = pi*(sqr(Ro) - sqr(Ri));
            const scalar Umean = Q0/Aann;

            scalarField shape(p.size(), scalar(0));
            scalar sumShapeA = scalar(0);
            scalar sumA = scalar(0);

            forAll(Cf, faceI)
            {
                const scalar r = sqrt(sqr(Cf[faceI].x()) + sqr(Cf[faceI].y()));

                scalar f =
                    sqr(Ro) - sqr(r)
                  - (sqr(Ro) - sqr(Ri))/log(Ro/Ri)*log(Ro/r);

                shape[faceI] = max(f, scalar(0));

                const scalar Af = mag(Sf[faceI]);
                sumShapeA += shape[faceI]*Af;
                sumA      += Af;
            }

            reduce(sumShapeA, sumOp<scalar>());
            reduce(sumA, sumOp<scalar>());

            const scalar meanShape = sumShapeA/max(sumA, VSMALL);
            const scalar scale = Umean/max(meanShape, VSMALL);

            forAll(Cf, faceI)
            {
                const vector nHat = Sf[faceI]/mag(Sf[faceI]);
                // Top inlet outward normal points +z; inflow is opposite to it.
                Uin[faceI] = -scale*shape[faceI]*nHat;
            }

            operator==(Uin);
        #};
    }
    bottom
    {
        type            noSlip;
    }
    front
    {
        type            wedge;
    }
    back
    {
        type            wedge;
    }
}


// ************************************************************************* //
