/*--------------------------------*- C++ -*----------------------------------*\
| =========                 |                                                 |
| \\      /  F ield         | OpenFOAM: The Open Source CFD Toolbox           |
|  \\    /   O peration     | Version:  2506                                  |
|   \\  /    A nd           | Website:  www.openfoam.com                      |
|    \\/     M anipulation  |                                                 |
\*---------------------------------------------------------------------------*/
FoamFile
{
    version     2.0;
    format      ascii;
    arch        "LSB;label=32;scalar=64";
    class       volVectorField;
    location    "275";
    object      U;
}
// * * * * * * * * * * * * * * * * * * * * * * * * * * * * * * * * * * * * * //

dimensions      [0 1 -1 0 0 0 0];

internalField   nonuniform List<vector> 
16650
(
(0.0017743762 0.24363352 0.001765916)
(-0.012292042 0.068926183 -0.0014375382)
(-0.0096931495 0.028612459 0.00059579811)
(-0.015358185 0.02129265 0.00088562639)
(-0.020941746 0.022143526 0.0014528391)
(-0.026356329 0.024569472 0.0018134306)
(-0.031160768 0.026868414 0.0022275734)
(-0.03498372 0.028532844 0.0030986715)
(-0.038116216 0.029421434 0.0051417426)
(-0.041132479 0.029666103 0.0075922746)
(-0.044467468 0.029492793 0.0088814688)
(-0.047784146 0.029005387 0.008722239)
(-0.05089463 0.028103797 0.0098195545)
(-0.054507053 0.026756726 0.013681039)
(-0.059043582 0.025160054 0.018884532)
(-0.064367332 0.023693335 0.023804702)
(-0.070525291 0.022841605 0.026423778)
(-0.076560073 0.022933868 0.024381378)
(-0.080289168 0.023952755 0.01541701)
(-0.08149314 0.025545051 0.0010448698)
(-0.080131311 0.027242317 -0.015964367)
(-0.076756821 0.028636458 -0.0341174)
(-0.07210891 0.02957975 -0.052601609)
(-0.066583874 0.030047464 -0.070380057)
(-0.060484497 0.030095467 -0.086886092)
(-0.0539869 0.029789507 -0.1020777)
(-0.047339494 0.02918023 -0.11600451)
(-0.040600713 0.028308852 -0.12870546)
(-0.033787143 0.027222026 -0.14024278)
(-0.026956631 0.025980258 -0.15067095)
(-0.020159123 0.024654736 -0.15995644)
(-0.013414344 0.023327316 -0.16806801)
(-0.0069652412 0.022081775 -0.17497553)
(-0.00085063284 0.020994126 -0.18064371)
(0.0069307574 0.020127393 -0.18497536)
(0.010789963 0.019523455 -0.18497946)
(0.01831209 0.01921099 -0.18741314)
(0.012099977 0.39050079 0.0095580787)
(-0.023157428 0.1460455 0.0046665418)
(-0.024386417 0.070585943 0.0082135657)
(-0.037296807 0.061216908 0.01077639)
(-0.047620344 0.068038407 0.012247094)
(-0.055987122 0.076834085 0.012163488)
(-0.061823062 0.084437585 0.010521962)
(-0.064870595 0.090131265 0.0080656854)
(-0.064994672 0.093901118 0.0060789562)
(-0.062161907 0.09613602 0.005101525)
(-0.056960008 0.097289576 0.0046329851)
(-0.049803319 0.097543196 0.0042351246)
(-0.040681865 0.096762738 0.0041947338)
(-0.029772242 0.095005925 0.0048657511)
(-0.017035296 0.092597267 0.0058554636)
(-0.0024970196 0.089927603 0.0064344577)
(0.013257961 0.087385251 0.0055147425)
(0.029368966 0.085185249 0.0027629803)
(0.045198594 0.083349826 -0.0011867854)
(0.059911488 0.081685266 -0.0052907561)
(0.072221606 0.080018109 -0.0081730871)
(0.08145485 0.078173984 -0.0088726492)
(0.087394644 0.076171864 -0.0069684014)
(0.089752468 0.07418705 -0.0028975507)
(0.089147249 0.072213027 0.0026007291)
(0.085616689 0.07013937 0.0083922475)
(0.079652923 0.067746191 0.013248189)
(0.072142073 0.06471671 0.016393788)
(0.063787241 0.060760292 0.017792754)
(0.054961596 0.055677878 0.017832222)
(0.046100516 0.049488569 0.016887974)
(0.037527536 0.042366948 0.01519553)
(0.02930001 0.034608479 0.013001656)
(0.021537177 0.026554325 0.010545162)
(0.014883159 0.018524803 0.0080066619)
(0.008081676 0.010778091 0.0051740158)
(0.0026843386 0.003496738 0.0018495285)
(0.016455199 0.44114748 0.017602338)
(-0.028195266 0.18525717 0.017400237)
(-0.031558018 0.10216174 0.021310498)
(-0.046903179 0.098593255 0.023059634)
(-0.056969177 0.11301661 0.022569004)
(-0.063839202 0.12821936 0.019650338)
(-0.067589854 0.14104391 0.014827828)
(-0.068643694 0.15094544 0.0088682032)
(-0.067267845 0.15794458 0.0023932811)
(-0.063668552 0.16230538 -0.00438429)
(-0.058217912 0.16435959 -0.011610411)
(-0.051556455 0.16435674 -0.019393125)
(-0.044003981 0.16236408 -0.027191236)
(-0.035742057 0.15851464 -0.034879378)
(-0.027174456 0.15306717 -0.042704993)
(-0.018765983 0.14632783 -0.051078812)
(-0.011086658 0.13857687 -0.060314893)
(-0.0047264085 0.12999496 -0.070280639)
(-0.00013275903 0.12070532 -0.079867283)
(0.0027311535 0.11090516 -0.08708116)
(0.0044991299 0.10077317 -0.089732268)
(0.0052413132 0.090673946 -0.08644447)
(0.0050958456 0.080994668 -0.076902136)
(0.0047139969 0.072031631 -0.062099565)
(0.0044454592 0.063921683 -0.043981768)
(0.0042268121 0.056638974 -0.024978252)
(0.0040315845 0.050047928 -0.0073580767)
(0.003816239 0.043977891 0.0073831081)
(0.0034329761 0.03826242 0.018444866)
(0.0029544918 0.032800804 0.02563628)
(0.002443251 0.027556977 0.029176352)
(0.0019265429 0.022538607 0.029520016)
(0.0014511138 0.017773654 0.027185019)
(0.0010688657 0.013292242 0.022685562)
(0.0004627984 0.0091164231 0.016561288)
(0.00046270929 0.0052538369 0.0096822502)
(-4.2926899e-06 0.001699605 0.0031343784)
(0.017099333 0.46266081 0.02627145)
(-0.029543139 0.21102411 0.031169825)
(-0.030780816 0.12940422 0.035073683)
(-0.045238706 0.13116005 0.034756544)
(-0.052930959 0.1509183 0.03163442)
(-0.057648577 0.17005039 0.025732053)
(-0.059826968 0.18542061 0.017948714)
(-0.060151368 0.19674816 0.009194391)
(-0.059019373 0.20429213 9.2580474e-05)
(-0.05680902 0.20838853 -0.0090459324)
(-0.053843941 0.20939222 -0.018007743)
(-0.050439017 0.20745199 -0.026621551)
(-0.046926899 0.20264893 -0.034619808)
(-0.043379794 0.19512565 -0.041578642)
(-0.039938742 0.18518126 -0.047082132)
(-0.036794466 0.17327961 -0.050802385)
(-0.034190397 0.15998193 -0.052551539)
(-0.03244485 0.14586799 -0.052249363)
(-0.03175606 0.13147545 -0.049932893)
(-0.032086832 0.1172896 -0.04574038)
(-0.032998255 0.10375236 -0.039825028)
(-0.03402592 0.091209176 -0.032561362)
(-0.034747098 0.079856389 -0.024587011)
(-0.034461606 0.069742209 -0.016446993)
(-0.033028657 0.060798741 -0.0085831442)
(-0.030642012 0.052897684 -0.0013865765)
(-0.027433694 0.045878229 0.0046825289)
(-0.023568393 0.039576366 0.0093150407)
(-0.019357682 0.033855786 0.012417267)
(-0.015205813 0.028615174 0.01403412)
(-0.011426295 0.023782586 0.014313726)
(-0.0081447006 0.019309112 0.013498112)
(-0.0053721474 0.015161899 0.011879439)
(-0.0032135104 0.011318258 0.0097522365)
(-0.0015240586 0.0077610355 0.007384281)
(-0.00066266188 0.004475427 0.0047913254)
(-4.5969891e-05 0.0014487385 0.0017692159)
(0.018197359 0.47748012 0.034644843)
(-0.027520572 0.23508729 0.042880924)
(-0.024153827 0.15387657 0.046858968)
(-0.036579012 0.156383 0.043824258)
(-0.041446858 0.17756829 0.038100912)
(-0.044260667 0.19751975 0.029838719)
(-0.045462462 0.21287331 0.020081384)
(-0.045620555 0.22374171 0.0096806753)
(-0.045036401 0.23084153 -0.00086534009)
(-0.043815898 0.2348268 -0.011286675)
(-0.042011516 0.23617197 -0.021304677)
(-0.039790715 0.23508109 -0.03067021)
(-0.03730575 0.23164855 -0.039130114)
(-0.03472242 0.22590541 -0.046470391)
(-0.032212844 0.21792987 -0.052547556)
(-0.029914925 0.20788328 -0.057306535)
(-0.027830979 0.19602457 -0.060781745)
(-0.025982048 0.18270675 -0.063056329)
(-0.024252147 0.16835405 -0.064199606)
(-0.022646475 0.15344324 -0.064289383)
(-0.020964468 0.13846367 -0.063498589)
(-0.018984109 0.12385141 -0.062079919)
(-0.016858371 0.10993574 -0.060230878)
(-0.01468132 0.096922042 -0.058042092)
(-0.012470967 0.084907655 -0.055550446)
(-0.010307373 0.07391001 -0.05277242)
(-0.0082296916 0.063893501 -0.049707643)
(-0.0063767121 0.0547922 -0.046285649)
(-0.0047641396 0.046526812 -0.042441998)
(-0.0034141242 0.039015245 -0.038163345)
(-0.002313085 0.032179093 -0.033513613)
(-0.001455257 0.025946994 -0.028587132)
(-0.00083679713 0.020255946 -0.023481449)
(-0.00041083976 0.015051245 -0.018292638)
(-0.00018041863 0.010285668 -0.013113768)
(7.5487248e-06 0.0059184077 -0.0079489564)
(5.8899076e-06 0.0019139666 -0.0027257826)
(0.01994253 0.49268598 0.041054428)
(-0.023197312 0.26136173 0.051527292)
(-0.014314733 0.17642529 0.055452696)
(-0.024855175 0.17442313 0.04971944)
(-0.027013495 0.19314819 0.042078704)
(-0.028411223 0.21153158 0.032348878)
(-0.029148324 0.22552104 0.021564052)
(-0.029565319 0.2353648 0.010360725)
(-0.029773373 0.24206399 -0.00097464214)
(-0.029763173 0.24641763 -0.01227118)
(-0.029494456 0.24900846 -0.023393264)
(-0.028947724 0.24988441 -0.034096715)
(-0.028070077 0.24883603 -0.044068136)
(-0.026807755 0.24560962 -0.052961157)
(-0.025140781 0.23999495 -0.060431159)
(-0.023108301 0.23194361 -0.066174973)
(-0.020648913 0.22161395 -0.069962231)
(-0.017918728 0.20935485 -0.071773408)
(-0.015103877 0.19563799 -0.071635537)
(-0.012363385 0.18098166 -0.069742547)
(-0.0097565387 0.16587846 -0.066343175)
(-0.0073952803 0.15074555 -0.061661533)
(-0.0053810999 0.13590445 -0.055951814)
(-0.0037359838 0.12158456 -0.049545936)
(-0.0024557513 0.10793691 -0.042796819)
(-0.0015106972 0.095051241 -0.036043739)
(-0.00085359498 0.082972171 -0.029586193)
(-0.00042883923 0.071712552 -0.023664448)
(-0.00017875207 0.061263339 -0.018442608)
(-4.9285546e-05 0.051600456 -0.013998992)
(5.7757702e-06 0.042689582 -0.010335102)
(1.6232109e-05 0.034489685 -0.0073961626)
(1.6285586e-06 0.026955762 -0.0050946019)
(-1.1321863e-05 0.020041007 -0.0033275892)
(-6.6492725e-06 0.013698496 -0.0019876323)
(-2.3304186e-05 0.0078824411 -0.0009878677)
(-4.0458583e-06 0.0025490899 -0.0002667946)
(0.021735351 0.50908008 0.044380493)
(-0.018370846 0.28998181 0.057427793)
(-0.003686789 0.198786 0.060728176)
(-0.012588326 0.18791158 0.052703896)
(-0.012003478 0.20080471 0.04396645)
(-0.012266454 0.21586636 0.03364748)
(-0.012556739 0.2278749 0.022710323)
(-0.013041691 0.23668167 0.011552878)
(-0.01370137 0.24321883 0.00029156071)
(-0.014464613 0.24832588 -0.011007026)
(-0.015260113 0.25244829 -0.022214718)
(-0.016040303 0.25558299 -0.03309858)
(-0.016771178 0.25739395 -0.043364352)
(-0.017428309 0.25736712 -0.052707858)
(-0.017987467 0.25497337 -0.060866318)
(-0.018420251 0.24981648 -0.067632982)
(-0.018694005 0.24173988 -0.072842447)
(-0.018744184 0.23087485 -0.076385107)
(-0.018557364 0.21761795 -0.078270617)
(-0.018004317 0.2025493 -0.078671192)
(-0.017173334 0.18632403 -0.077733518)
(-0.016123045 0.1695751 -0.075588059)
(-0.01485285 0.15284564 -0.072421274)
(-0.013393337 0.1365542 -0.068441988)
(-0.011802631 0.12098902 -0.063849808)
(-0.01014579 0.10632278 -0.058824716)
(-0.0084890992 0.092637214 -0.053520616)
(-0.006895164 0.079949517 -0.048062746)
(-0.0054166964 0.068235397 -0.042548776)
(-0.0040929979 0.057446899 -0.037052116)
(-0.0029571053 0.047524816 -0.031626781)
(-0.0020205707 0.038406528 -0.026312966)
(-0.0012753901 0.03003047 -0.0211405)
(-0.00071566283 0.022338333 -0.016131068)
(-0.00033537498 0.015275906 -0.01130114)
(-0.00010209174 0.0087931804 -0.006659967)
(-5.3643453e-06 0.0028441091 -0.0022122238)
(0.023589301 0.52532931 0.044748867)
(-0.013525509 0.31966211 0.060963979)
(0.0059294471 0.22307923 0.06082911)
(-8.6302233e-05 0.20098097 0.053302766)
(0.0028359391 0.20541212 0.043792188)
(0.0037030151 0.21565148 0.033597978)
(0.0041605064 0.22522785 0.02310038)
(0.0040938048 0.23309012 0.012456624)
(0.003613269 0.23968219 0.0016719132)
(0.002847525 0.24560398 -0.009233417)
(0.0019020964 0.25118714 -0.020127594)
(0.00085138043 0.25639987 -0.030774711)
(-0.0002367895 0.26089585 -0.040881848)
(-0.0013041091 0.26411744 -0.050152252)
(-0.0022984935 0.26541657 -0.058326918)
(-0.0031687936 0.26418407 -0.065207157)
(-0.0038727637 0.25997618 -0.070662682)
(-0.0043735502 0.25261128 -0.074627445)
(-0.0046479059 0.24220835 -0.077076606)
(-0.0046789391 0.22915483 -0.078026033)
(-0.0045558742 0.21402244 -0.077545463)
(-0.0043022239 0.19746375 -0.075808263)
(-0.0039083336 0.18011897 -0.073009865)
(-0.0034714461 0.16255043 -0.069344274)
(-0.0030017338 0.14520905 -0.064995697)
(-0.0025274105 0.12842783 -0.060125828)
(-0.0020728675 0.11243213 -0.054880944)
(-0.0016547 0.097357976 -0.049390628)
(-0.001282754 0.083272407 -0.043767052)
(-0.00096249535 0.070192305 -0.038105409)
(-0.00069623412 0.058100161 -0.032484735)
(-0.00047873697 0.046956373 -0.026968402)
(-0.00030770838 0.036708326 -0.021603828)
(-0.00018031577 0.027296827 -0.016425001)
(-8.6860874e-05 0.018660492 -0.011455706)
(-3.4983848e-05 0.010738604 -0.0067147597)
(-3.0283342e-06 0.0034728669 -0.002216364)
(0.02586969 0.54272059 0.042511964)
(-0.0078533032 0.35442973 0.060645027)
(0.015225561 0.25421078 0.057236828)
(0.01339578 0.21968785 0.05105079)
(0.017744987 0.21400643 0.041525864)
(0.020440949 0.21815916 0.031889948)
(0.022041383 0.2246415 0.022172389)
(0.022788686 0.23141409 0.012309592)
(0.022849138 0.23804786 0.0022443263)
(0.022359836 0.24465436 -0.0080164786)
(0.021414611 0.25129923 -0.018328317)
(0.020083988 0.25784421 -0.028456127)
(0.018437349 0.26395135 -0.038124598)
(0.016550259 0.26912505 -0.047071734)
(0.014503949 0.27275953 -0.055079161)
(0.012379774 0.27420134 -0.061985952)
(0.010255243 0.27284343 -0.067684016)
(0.0082687633 0.26824367 -0.072108058)
(0.00642225 0.26023146 -0.07523231)
(0.0047670758 0.24895594 -0.077011325)
(0.0033250232 0.23485773 -0.077480837)
(0.0021389926 0.2185753 -0.076691579)
(0.0013091839 0.20082677 -0.074765832)
(0.00070487746 0.1823064 -0.07184948)
(0.00026008605 0.16361474 -0.06808467)
(-2.3572613e-05 0.14522609 -0.063625328)
(-0.00018612992 0.12748444 -0.058625085)
(-0.00026244794 0.11061693 -0.05322809)
(-0.00027942474 0.094755428 -0.047563437)
(-0.00025831041 0.079959604 -0.041742568)
(-0.0002157096 0.066237792 -0.035858872)
(-0.00016424993 0.053564015 -0.029988682)
(-0.00011272236 0.041890987 -0.024193282)
(-6.7217773e-05 0.031159525 -0.018521222)
(-3.3978962e-05 0.021305043 -0.013010381)
(-9.3826589e-06 0.012261817 -0.0076853127)
(-6.1115245e-07 0.0039656687 -0.0025600553)
(0.029149592 0.56223939 0.037741862)
(-0.001593742 0.39794059 0.055873949)
(0.025878148 0.30045017 0.051069206)
(0.029930325 0.25546338 0.045307261)
(0.036023512 0.23902557 0.036814203)
(0.040796953 0.23554771 0.028109975)
(0.043924026 0.23765144 0.019439971)
(0.045726495 0.24208767 0.010670957)
(0.046433399 0.24757924 0.0017239962)
(0.046242236 0.25368497 -0.0074074813)
(0.04525708 0.26009502 -0.016533003)
(0.043553313 0.26647955 -0.025414938)
(0.041230156 0.27251446 -0.033809186)
(0.038407636 0.27783593 -0.041498637)
(0.035214944 0.28200956 -0.048318917)
(0.03178226 0.28450631 -0.054164942)
(0.02823703 0.28472121 -0.058978168)
(0.024699375 0.28206185 -0.062725879)
(0.021237242 0.27608764 -0.065401653)
(0.017996736 0.26663787 -0.06705375)
(0.015030075 0.25388959 -0.067730185)
(0.012356484 0.23832252 -0.067474795)
(0.0099654009 0.22061629 -0.066295477)
(0.0079215588 0.201526 -0.064227357)
(0.0061931915 0.18177299 -0.061362553)
(0.0047577716 0.16197224 -0.057812327)
(0.0035869658 0.14260079 -0.053693557)
(0.0026482093 0.12399665 -0.049122487)
(0.0019081598 0.10637579 -0.044210017)
(0.0013350316 0.089856654 -0.039058096)
(0.00089988527 0.07448534 -0.033757583)
(0.00057721613 0.060257588 -0.028387364)
(0.00034504263 0.047136353 -0.023014406)
(0.00018489884 0.035064933 -0.017694429)
(8.29244e-05 0.023976281 -0.012472812)
(2.4289522e-05 0.013799297 -0.0073868744)
(1.2120367e-06 0.0044629056 -0.0024669031)
(0.033825121 0.58598997 0.029264581)
(0.0091593091 0.45763148 0.044982165)
(0.041850828 0.37287971 0.040801878)
(0.053435427 0.32339072 0.036026348)
(0.062252443 0.29715382 0.029364655)
(0.068943217 0.28430755 0.022196246)
(0.073285615 0.27884559 0.015002583)
(0.075637698 0.2774955 0.0077563986)
(0.076252963 0.27846108 0.00040842041)
(0.075518953 0.28088931 -0.0069404428)
(0.073641594 0.28404736 -0.014173042)
(0.070748048 0.2874671 -0.021110574)
(0.067001039 0.29081103 -0.027563738)
(0.062592624 0.29380145 -0.033377293)
(0.057717237 0.29614865 -0.038448613)
(0.052556589 0.29747175 -0.042729334)
(0.047272662 0.29724894 -0.046215894)
(0.042005638 0.29484696 -0.048934286)
(0.036874326 0.28964432 -0.05092296)
(0.031972625 0.28119986 -0.052204548)
(0.02737537 0.26939229 -0.052793028)
(0.023136833 0.25446207 -0.05270758)
(0.019291559 0.2369499 -0.051973094)
(0.015858105 0.21757584 -0.050619184)
(0.01284008 0.19710608 -0.048681206)
(0.010227581 0.17624695 -0.046206332)
(0.00799998 0.155582 -0.043252858)
(0.0061292198 0.13554929 -0.039887335)
(0.004582869 0.11644714 -0.036181032)
(0.0033265925 0.098455232 -0.032206443)
(0.0023259936 0.081661111 -0.028034245)
(0.001547861 0.066085702 -0.02373092)
(0.00096101629 0.051704963 -0.019357102)
(0.00053700654 0.038466717 -0.014966555)
(0.00025089197 0.026302958 -0.010605723)
(8.2178584e-05 0.01513837 -0.0063132107)
(6.091584e-06 0.0048959625 -0.0021202615)
(0.03847404 0.60837829 0.01445253)
(0.024606953 0.52138378 0.024663603)
(0.062226571 0.45704785 0.023670672)
(0.081347041 0.41112754 0.021893417)
(0.093313493 0.37957201 0.018617087)
(0.10131094 0.35815599 0.014434273)
(0.10591706 0.34359529 0.0098878344)
(0.10768851 0.33367012 0.0051569254)
(0.10721576 0.32686133 0.00031273323)
(0.10495582 0.32225261 -0.0044770004)
(0.10117969 0.31911265 -0.0091071249)
(0.096229362 0.31694223 -0.013455825)
(0.090401713 0.31538561 -0.017401623)
(0.083957959 0.31417023 -0.020853481)
(0.077134425 0.31303617 -0.02376246)
(0.070138902 0.31164435 -0.02611958)
(0.063143979 0.30949576 -0.027942551)
(0.056286567 0.30592368 -0.029269645)
(0.049672296 0.30018989 -0.03014615)
(0.043381929 0.29166242 -0.030614799)
(0.03747731 0.27999263 -0.030711115)
(0.032004488 0.26520982 -0.0304601)
(0.026995188 0.24770192 -0.029879806)
(0.022467816 0.22810856 -0.028985821)
(0.018428451 0.20718034 -0.027795438)
(0.01487213 0.18565324 -0.026330212)
(0.011784316 0.16416375 -0.024616797)
(0.0091425699 0.14320857 -0.022686455)
(0.0069183586 0.12313907 -0.020573787)
(0.0050788694 0.10417708 -0.018315127)
(0.0035887158 0.08644021 -0.015946948)
(0.0024113401 0.069968584 -0.013504464)
(0.0015102901 0.0547487 -0.011020537)
(0.0008504634 0.040732614 -0.0085249036)
(0.00040033505 0.027852311 -0.0060437009)
(0.00013165025 0.016029862 -0.003599055)
(9.7549578e-06 0.0051842405 -0.0012092431)
(0.040356461 0.6136551 -0.0064434201)
(0.030833878 0.54102236 -0.0054590476)
(0.070266325 0.48786821 -0.0011763905)
(0.092424399 0.44848427 0.0018273145)
(0.10608561 0.41915088 0.0035541013)
(0.11485437 0.39693672 0.0041355642)
(0.11962678 0.37980924 0.0038132287)
(0.12104748 0.36640762 0.0028841593)
(0.11983151 0.35579459 0.0016384661)
(0.11654933 0.3473069 0.00022668011)
(0.11163152 0.34044662 -0.001192664)
(0.1055004 0.33484614 -0.0025027837)
(0.098529684 0.33022153 -0.0036250775)
(0.091028727 0.32632672 -0.0045141849)
(0.083249257 0.32291167 -0.0051554708)
(0.075409469 0.31963882 -0.005552065)
(0.067680608 0.31594678 -0.0057245241)
(0.060185843 0.31114347 -0.0057035095)
(0.053019171 0.30444822 -0.0055258217)
(0.046248888 0.29518074 -0.0052311539)
(0.039925077 0.2829436 -0.0048581584)
(0.034084188 0.26772118 -0.0044407238)
(0.028750644 0.249864 -0.0040057663)
(0.023937261 0.22998338 -0.0035727836)
(0.019645756 0.20881042 -0.0031546378)
(0.015867726 0.18706863 -0.0027588756)
(0.012585937 0.16538703 -0.0023892258)
(0.0097758033 0.14425799 -0.0020469464)
(0.0074070001 0.12403027 -0.001731883)
(0.0054451165 0.10492404 -0.0014431666)
(0.0038532183 0.087055638 -0.0011795752)
(0.002593232 0.070464096 -0.00093988038)
(0.0016271095 0.055134895 -0.00072298524)
(0.00091820398 0.041019122 -0.0005278341)
(0.00043327562 0.028047844 -0.00035337868)
(0.00014328549 0.01614227 -0.00019849285)
(1.0874762e-05 0.0052205805 -6.207875e-05)
(0.038645252 0.59574405 -0.02638749)
(0.019411444 0.49500227 -0.032794785)
(0.055072589 0.43337489 -0.024201212)
(0.072304042 0.39681342 -0.017555317)
(0.084136994 0.37476411 -0.011467678)
(0.092439639 0.36051495 -0.0064641712)
(0.097374386 0.35059629 -0.0026103954)
(0.099443315 0.34323053 0.0003942195)
(0.099171789 0.33751662 0.0028276455)
(0.096919492 0.33292561 0.0048907554)
(0.093109157 0.32914587 0.0067381023)
(0.088146887 0.32597031 0.0084621916)
(0.082377051 0.32323716 0.010107264)
(0.076089277 0.32078122 0.011695873)
(0.069517401 0.31836595 0.013213124)
(0.062860172 0.31562112 0.014649968)
(0.056273784 0.31200108 0.016006971)
(0.049879978 0.30682302 0.017270249)
(0.04377159 0.29939916 0.018412822)
(0.038016387 0.28921197 0.019389591)
(0.032663254 0.27605535 0.020147564)
(0.027745397 0.26008306 0.020640712)
(0.023282089 0.24175664 0.020840104)
(0.019280721 0.22172935 0.020734374)
(0.015738597 0.20071607 0.020324557)
(0.012643736 0.17938745 0.019621741)
(0.0099761089 0.15830448 0.018647154)
(0.0077093503 0.13789222 0.017429729)
(0.0058128033 0.11844213 0.016002974)
(0.0042541941 0.10013039 0.014402445)
(0.0029965919 0.083042598 0.012663723)
(0.0020081539 0.067198216 0.010820028)
(0.0012547558 0.052571737 0.0089024076)
(0.00070500046 0.039109344 0.006939008)
(0.00033117587 0.026741224 0.0049547058)
(0.00010861798 0.015390178 0.0029710525)
(8.019367e-06 0.0049773436 0.0010062669)
(0.03199473 0.56687742 -0.038825074)
(0.0015655571 0.42423066 -0.047154808)
(0.030515961 0.34962779 -0.038034244)
(0.03756885 0.3174861 -0.030250907)
(0.045462412 0.30530626 -0.021892095)
(0.051878362 0.30145574 -0.014555751)
(0.056264855 0.30100861 -0.0081900036)
(0.058695746 0.30189889 -0.0025076801)
(0.059510609 0.30332953 0.0026493161)
(0.05895415 0.30483471 0.0074103988)
(0.057232288 0.3061736 0.011861735)
(0.054579613 0.30721551 0.016029873)
(0.05122692 0.30784813 0.019912406)
(0.047384448 0.30791007 0.023499173)
(0.043233947 0.30713052 0.0267753)
(0.03892969 0.30509721 0.029715812)
(0.034608316 0.30128249 0.03228701)
(0.030357472 0.29514152 0.034449516)
(0.026298376 0.28625371 0.036191203)
(0.022500335 0.27444778 0.037494704)
(0.019014474 0.25985743 0.038334759)
(0.015869355 0.24289293 0.03868656)
(0.01306573 0.22415047 0.038523998)
(0.01059902 0.20429967 0.037826402)
(0.0084798134 0.18398607 0.036603959)
(0.0066808066 0.16376481 0.034903052)
(0.005171386 0.14406879 0.032783828)
(0.0039228153 0.12520568 0.030311135)
(0.0029070812 0.10737156 0.027550551)
(0.0020904125 0.090672202 0.024565543)
(0.0014481482 0.075145597 0.021415114)
(0.00095632047 0.060782151 0.018153154)
(0.00058873142 0.047541109 0.014827628)
(0.00032607064 0.035363025 0.011480213)
(0.0001508938 0.024178703 0.008146453)
(4.867886e-05 0.013915313 0.0048561993)
(3.3637414e-06 0.0045003629 0.0016339158)
(0.024499672 0.5409389 -0.04348832)
(-0.012355895 0.36863303 -0.05021562)
(0.0081808664 0.29046725 -0.04484513)
(0.0055166756 0.26743403 -0.036196987)
(0.0094527388 0.26371902 -0.02744824)
(0.012665416 0.26645106 -0.019573416)
(0.015255816 0.27120183 -0.012260075)
(0.017127874 0.27638264 -0.0053229529)
(0.01827812 0.28136526 0.0013394701)
(0.018759586 0.28584719 0.0076979579)
(0.018637319 0.28961336 0.013745763)
(0.017986567 0.29249259 0.019453583)
(0.01690511 0.29428751 0.024781599)
(0.015498143 0.29473219 0.029689118)
(0.01386608 0.29347914 0.034135207)
(0.012101108 0.29012992 0.03807638)
(0.010334411 0.28431131 0.041466696)
(0.0086058202 0.27577552 0.044262474)
(0.0069328836 0.26448368 0.046397591)
(0.0054329725 0.2506397 0.047809396)
(0.0041291628 0.23466234 0.048444493)
(0.0030139674 0.21711006 0.048304871)
(0.0021202666 0.1985897 0.047441075)
(0.001456675 0.17967696 0.045925888)
(0.00095651736 0.16086419 0.043843993)
(0.00058034221 0.14253632 0.041281402)
(0.00031987672 0.12496907 0.03832254)
(0.00014833415 0.10834063 0.035048687)
(4.2466817e-05 0.092749592 0.031537255)
(-1.7193985e-05 0.07823419 0.027859392)
(-4.2761282e-05 0.064789606 0.024078478)
(-4.8290768e-05 0.052382308 0.020249828)
(-4.1786647e-05 0.040961049 0.016420253)
(-2.9806949e-05 0.03046489 0.012628537)
(-1.6996718e-05 0.020828782 0.0089062284)
(-6.9692079e-06 0.011987268 0.0052784556)
(-8.4688506e-07 0.0038768143 0.0017646096)
(0.019550996 0.52030999 -0.041273696)
(-0.023169483 0.33267745 -0.046185349)
(-0.011647337 0.2604305 -0.0445124)
(-0.020152972 0.24479484 -0.035860439)
(-0.021085165 0.2454293 -0.028167492)
(-0.021453354 0.25014621 -0.020864166)
(-0.021114609 0.25584662 -0.013730626)
(-0.020372055 0.26153227 -0.0067295362)
(-0.019431215 0.26671498 0.00015120403)
(-0.018420603 0.27104307 0.0068817963)
(-0.017380132 0.27428545 0.013385903)
(-0.016400616 0.27617059 0.019593152)
(-0.015509344 0.27640688 0.025422127)
(-0.014700638 0.27469583 0.030784051)
(-0.013950322 0.27076574 0.035587368)
(-0.013221697 0.26442393 0.039743464)
(-0.012469181 0.25561131 0.043172491)
(-0.011671781 0.24443743 0.045798746)
(-0.010834835 0.23118104 0.047552855)
(-0.0098817322 0.21625626 0.048442285)
(-0.0088498336 0.20015315 0.048521548)
(-0.0078299096 0.18337368 0.047839787)
(-0.0068294225 0.16638179 0.046462298)
(-0.00584476 0.1495701 0.044482222)
(-0.0049251762 0.13324404 0.04200189)
(-0.004078043 0.11762174 0.039122824)
(-0.0033028868 0.10284375 0.03594139)
(-0.0026112043 0.088987195 0.03254538)
(-0.0020100476 0.076080828 0.029011391)
(-0.0014985833 0.064118679 0.025404538)
(-0.0010736892 0.053071355 0.02177901)
(-0.00073052141 0.04289481 0.018178858)
(-0.00046278966 0.033536786 0.014639076)
(-0.00026337713 0.024941371 0.011186894)
(-0.00012523056 0.017052066 0.0078429535)
(-4.1750459e-05 0.0098137547 0.0046223953)
(-3.1841416e-06 0.0031738947 0.0015357055)
(0.016725162 0.50552699 -0.032965838)
(-0.032243656 0.30842306 -0.037908226)
(-0.028708748 0.2434449 -0.036350434)
(-0.041944589 0.23186206 -0.029912262)
(-0.047657187 0.23252191 -0.024020022)
(-0.051458731 0.23529799 -0.01825221)
(-0.053310961 0.23850724 -0.012456297)
(-0.053687547 0.24157367 -0.0066103005)
(-0.05290368 0.24407647 -0.00070911831)
(-0.051293378 0.24561784 0.0052111592)
(-0.049050817 0.24594035 0.011025635)
(-0.046358314 0.24476895 0.016627547)
(-0.043365555 0.24186216 0.021896783)
(-0.040180886 0.23705041 0.026703963)
(-0.036883313 0.23026285 0.030924294)
(-0.033533904 0.22154692 0.03444742)
(-0.03018664 0.21107126 0.037194884)
(-0.026892279 0.1991096 0.039119952)
(-0.023682143 0.1860092 0.040213864)
(-0.020636427 0.17215379 0.040522031)
(-0.017787778 0.15792078 0.040122083)
(-0.015137393 0.14364705 0.039097246)
(-0.012708143 0.12961182 0.037539074)
(-0.010517944 0.11603006 0.035545664)
(-0.008573212 0.10305453 0.03321252)
(-0.0068759643 0.090783292 0.030627424)
(-0.0054165242 0.079269805 0.027870278)
(-0.004178244 0.068533217 0.025011076)
(-0.0031446331 0.058567699 0.022107918)
(-0.0022969904 0.04935024 0.019207333)
(-0.001615704 0.040846797 0.016345699)
(-0.0010812827 0.033016899 0.013550751)
(-0.00067489877 0.025816952 0.010843018)
(-0.00037900777 0.019202541 0.0082371328)
(-0.00017791637 0.013129945 0.005742982)
(-5.8607932e-05 0.0075570985 0.0033668077)
(-4.3373461e-06 0.0024441588 0.0011118808)
(0.017136597 0.49690895 -0.020439675)
(-0.038950608 0.29417292 -0.024350681)
(-0.042350027 0.23238382 -0.022756221)
(-0.059404561 0.22141258 -0.018916838)
(-0.068956717 0.21869094 -0.015568455)
(-0.075541287 0.21659134 -0.012295189)
(-0.079095718 0.2145263 -0.0089383542)
(-0.080217008 0.21227759 -0.0054312685)
(-0.079319573 0.20964135 -0.0017532541)
(-0.076871675 0.20641162 0.0020559899)
(-0.073234273 0.20240002 0.0059260486)
(-0.068694612 0.19746626 0.0097364797)
(-0.063536685 0.19150666 0.013358371)
(-0.058006595 0.18447532 0.016669107)
(-0.052308273 0.17639685 0.019546064)
(-0.046609661 0.16737324 0.021905945)
(-0.041054539 0.15756686 0.023701392)
(-0.035752394 0.14717717 0.024906522)
(-0.03078582 0.13642283 0.025532918)
(-0.026213437 0.12551971 0.025618556)
(-0.022068883 0.11466369 0.025218597)
(-0.018365909 0.10401974 0.024404599)
(-0.015102318 0.093717702 0.02325653)
(-0.012262475 0.083852529 0.021852674)
(-0.009821318 0.074487785 0.020263573)
(-0.0077480977 0.065660739 0.018549665)
(-0.0060089237 0.057387825 0.016761489)
(-0.0045687103 0.049669727 0.014940596)
(-0.0033926496 0.042495711 0.013120781)
(-0.0024472901 0.035847129 0.01132834)
(-0.0017013236 0.029700151 0.0095829885)
(-0.0011260143 0.024027824 0.0078989433)
(-0.00069538539 0.018801582 0.0062859491)
(-0.00038640056 0.013992339 0.004750201)
(-0.00017947361 0.0095712528 0.0032951332)
(-5.8117118e-05 0.0055102473 0.001922177)
(-4.0872936e-06 0.0017823661 0.00063115368)
(0.017720925 0.49231939 -0.0058975663)
(-0.043086782 0.28694369 -0.0062000037)
(-0.05029614 0.22665271 -0.0053008918)
(-0.069648924 0.21529718 -0.0044283146)
(-0.081361267 0.20951795 -0.0042137568)
(-0.089482081 0.20345807 -0.0042431905)
(-0.093918614 0.19707758 -0.0042673722)
(-0.095349253 0.19038879 -0.0041244801)
(-0.094247415 0.18339729 -0.0037302195)
(-0.091104428 0.17610694 -0.0030766862)
(-0.086391309 0.1685317 -0.0021634442)
(-0.080532201 0.16068535 -0.0010441239)
(-0.073893725 0.15259508 0.00021087176)
(-0.066811936 0.14430416 0.0015147126)
(-0.059576866 0.13583074 0.0027844837)
(-0.052433792 0.12723403 0.0039506897)
(-0.045575258 0.11858526 0.0049575759)
(-0.039142551 0.10995949 0.0057681721)
(-0.033230987 0.10143093 0.0063649759)
(-0.027895274 0.093067124 0.0067474966)
(-0.023155704 0.084935373 0.0069281621)
(-0.019006011 0.077083851 0.0069288925)
(-0.015420619 0.06954971 0.0067768818)
(-0.012360438 0.062360863 0.0065008394)
(-0.0097785606 0.055536407 0.0061284563)
(-0.0076249186 0.049087596 0.0056849308)
(-0.0058483869 0.043018832 0.0051922274)
(-0.0044003448 0.037329111 0.004668581)
(-0.0032356521 0.03201291 0.0041291447)
(-0.0023124982 0.027060862 0.0035859203)
(-0.001593622 0.022460702 0.0030481045)
(-0.0010460866 0.01819796 0.0025225422)
(-0.00064103496 0.014256563 0.0020141615)
(-0.00035361638 0.010619361 0.001526365)
(-0.00016297818 0.0072685808 0.001061363)
(-5.2432904e-05 0.0041862132 0.00062047203)
(-3.5724843e-06 0.0013543326 0.00020422255)
(0.017549274 0.49170573 0.0096602249)
(-0.043325974 0.28661333 0.013836534)
(-0.050907108 0.227925 0.013592642)
(-0.070414836 0.21795959 0.011358971)
(-0.082282853 0.21350391 0.0082226562)
(-0.090537585 0.20874316 0.0046005796)
(-0.095100503 0.20339622 0.0008489671)
(-0.096659538 0.19743256 -0.0027727039)
(-0.095708056 0.19082219 -0.0060888207)
(-0.092714165 0.18351786 -0.0090127133)
(-0.088089516 0.17556607 -0.011477682)
(-0.08223463 0.16704605 -0.013431523)
(-0.075523786 0.15806397 -0.014854965)
(-0.068303189 0.14874772 -0.01576807)
(-0.060888912 0.13922862 -0.016208043)
(-0.05353647 0.12963661 -0.016226581)
(-0.046460591 0.12009511 -0.01589186)
(-0.039819979 0.11071117 -0.015276614)
(-0.033721102 0.10159039 -0.014452232)
(-0.028225164 0.092788939 -0.013484153)
(-0.023356037 0.084347074 -0.012428977)
(-0.019106955 0.076293012 -0.011333207)
(-0.015449269 0.06864396 -0.010233005)
(-0.012339978 0.061408306 -0.0091550866)
(-0.0097279297 0.05458771 -0.0081181106)
(-0.0075588536 0.048178777 -0.0071341985)
(-0.0057777292 0.042174171 -0.0062104166)
(-0.0043325551 0.036563817 -0.0053498278)
(-0.0031754025 0.031335406 -0.004553173)
(-0.0022622605 0.026474649 -0.0038193683)
(-0.0015542245 0.021965818 -0.0031460794)
(-0.0010171645 0.017792095 -0.0025301841)
(-0.00062145739 0.013935884 -0.0019681082)
(-0.00034175067 0.010379118 -0.00145606)
(-0.00015704896 0.0071035428 -0.00099019918)
(-5.0201834e-05 0.0040909671 -0.00056671603)
(-3.3736813e-06 0.0013234922 -0.00018202828)
(0.016752286 0.49498256 0.024484107)
(-0.039768901 0.29279044 0.032446692)
(-0.044327794 0.23550511 0.031467691)
(-0.062015757 0.22864867 0.026264682)
(-0.072210549 0.22941223 0.019994494)
(-0.079390253 0.2302593 0.01312805)
(-0.083546623 0.23040532 0.0060914424)
(-0.085267022 0.22942867 -0.00084422777)
(-0.084972224 0.22706759 -0.0075091403)
(-0.083006332 0.223238 -0.01370988)
(-0.079649511 0.21786225 -0.019327059)
(-0.075174882 0.21095899 -0.02424664)
(-0.069850899 0.20261926 -0.028359799)
(-0.063938704 0.1930088 -0.031588942)
(-0.057689216 0.18235513 -0.033909643)
(-0.051330101 0.17092539 -0.035329482)
(-0.045060476 0.15900204 -0.035899924)
(-0.03904391 0.14685877 -0.035707874)
(-0.033404855 0.13474038 -0.034863116)
(-0.028228976 0.12284976 -0.033486276)
(-0.023566338 0.1113438 -0.031699284)
(-0.01943617 0.10033479 -0.029617542)
(-0.015833006 0.08989556 -0.027343441)
(-0.012733275 0.080066564 -0.024963357)
(-0.010101304 0.070863331 -0.022547163)
(-0.0078943746 0.06228322 -0.020149138)
(-0.006066667 0.054311016 -0.017809684)
(-0.0045721733 0.046923282 -0.015557268)
(-0.0033666955 0.040091572 -0.013411183)
(-0.0024091079 0.033784711 -0.011383185)
(-0.0016620309 0.027970375 -0.0094792252)
(-0.0010920925 0.022616153 -0.0077009287)
(-0.00066985754 0.017690246 -0.0060467873)
(-0.00036985513 0.013161916 -0.0045131053)
(-0.00017062799 0.0090017721 -0.0030947322)
(-5.4964915e-05 0.0051819312 -0.0017855367)
(-3.7622549e-06 0.0016761071 -0.00057895699)
(0.01700986 0.50219742 0.037501464)
(-0.033631959 0.30485878 0.047175728)
(-0.032473081 0.24612652 0.046291752)
(-0.047208493 0.2414589 0.038443272)
(-0.054546355 0.24700682 0.029628845)
(-0.05983525 0.25316117 0.020313813)
(-0.063108588 0.25837236 0.010926577)
(-0.064867433 0.26211623 0.0017034924)
(-0.06533292 0.26411013 -0.0072482378)
(-0.064653135 0.26427159 -0.015787982)
(-0.063020751 0.26245922 -0.023793702)
(-0.060560206 0.25857101 -0.031113211)
(-0.05739332 0.25253552 -0.03757887)
(-0.053647611 0.24437671 -0.043026847)
(-0.049458485 0.2342284 -0.047342017)
(-0.044973898 0.2223392 -0.050462473)
(-0.040340615 0.20904932 -0.052376184)
(-0.035696543 0.19475738 -0.053134215)
(-0.031162515 0.17987545 -0.052839236)
(-0.026843856 0.16478931 -0.051622326)
(-0.022816599 0.14983116 -0.049635196)
(-0.019136078 0.13526541 -0.047041471)
(-0.015833295 0.12128603 -0.043998827)
(-0.012918356 0.10802243 -0.040649157)
(-0.010385363 0.095549806 -0.037114942)
(-0.0082165567 0.083901024 -0.033497647)
(-0.0063860938 0.073077767 -0.029878024)
(-0.0048633893 0.063060137 -0.026317907)
(-0.0036157778 0.053814264 -0.022862739)
(-0.002610457 0.045298015 -0.01954432)
(-0.0018158198 0.037465101 -0.016383453)
(-0.0012022677 0.030267894 -0.013392321)
(-0.00074267567 0.023659277 -0.010576529)
(-0.0004127636 0.017593809 -0.0079367994)
(-0.00019176085 0.012028393 -0.0054703317)
(-6.2124173e-05 0.0069226189 -0.0031718096)
(-4.3906793e-06 0.0022388947 -0.0010343564)
(0.01993131 0.5143028 0.046415915)
(-0.025458396 0.32337404 0.057225852)
(-0.017371321 0.25896008 0.056825226)
(-0.029291205 0.25222288 0.04684772)
(-0.033351577 0.25905035 0.036318078)
(-0.036538665 0.26735597 0.025508066)
(-0.038736987 0.27468278 0.014801531)
(-0.040226071 0.28048458 0.0043666334)
(-0.041105021 0.28479455 -0.0057486744)
(-0.041427653 0.2876365 -0.015532893)
(-0.041243218 0.28891811 -0.024903266)
(-0.040579029 0.2884115 -0.033720018)
(-0.039457583 0.28585161 -0.041805081)
(-0.037906202 0.28101416 -0.048969483)
(-0.035959258 0.27371681 -0.055032699)
(-0.033664913 0.26393488 -0.059845825)
(-0.031088194 0.25182848 -0.063318866)
(-0.02831168 0.23772836 -0.065428389)
(-0.02538956 0.22208731 -0.066225465)
(-0.022483188 0.20541879 -0.065803021)
(-0.019604068 0.18823007 -0.064296514)
(-0.016825758 0.17097417 -0.061861365)
(-0.0142224 0.15402224 -0.058674051)
(-0.011835341 0.13765411 -0.054910361)
(-0.0096882396 0.12206253 -0.050735252)
(-0.0077927633 0.10736543 -0.046294425)
(-0.0061488466 0.093621358 -0.041710707)
(-0.0047476966 0.080844742 -0.037084081)
(-0.003574469 0.069019226 -0.032493333)
(-0.0026105144 0.058108317 -0.027998456)
(-0.0018351431 0.048063458 -0.023643426)
(-0.0012269775 0.038829813 -0.01945899)
(-0.00076487743 0.030350257 -0.015465273)
(-0.00042884639 0.022567993 -0.011674076)
(-0.00020092978 0.015428182 -0.0080908262)
(-6.5932108e-05 0.0088788798 -0.00471616)
(-4.8169953e-06 0.0028715145 -0.0015473216)
(0.023281462 0.52989147 0.050079415)
(-0.017315655 0.34740635 0.063547676)
(-0.0021789444 0.27447882 0.062354226)
(-0.010881519 0.26117184 0.051351115)
(-0.011460435 0.26514136 0.039825614)
(-0.012548933 0.27242982 0.028413185)
(-0.01353757 0.27941504 0.017307172)
(-0.014489676 0.28538347 0.0065539263)
(-0.015382099 0.29040017 -0.0038957868)
(-0.016182903 0.29456555 -0.014072943)
(-0.01685954 0.29787604 -0.023927976)
(-0.017387567 0.30017856 -0.033341668)
(-0.017752594 0.30115666 -0.042154056)
(-0.017935289 0.30030382 -0.050187519)
(-0.017909358 0.29715603 -0.05726846)
(-0.017649018 0.29132803 -0.063239967)
(-0.017139691 0.28261388 -0.06797131)
(-0.016444874 0.27104842 -0.071369103)
(-0.015453553 0.25691081 -0.07336742)
(-0.014189202 0.24067867 -0.074062064)
(-0.012880956 0.22294262 -0.073510109)
(-0.011469695 0.20431867 -0.07180464)
(-0.010035588 0.18537845 -0.069085341)
(-0.0086117985 0.16660182 -0.06552963)
(-0.0072470197 0.14835753 -0.061313151)
(-0.005976544 0.13090489 -0.056604841)
(-0.0048229359 0.11440777 -0.051556846)
(-0.0037996217 0.09895363 -0.046300267)
(-0.0029126884 0.084572813 -0.040945602)
(-0.0021618398 0.071255573 -0.035583195)
(-0.0015419411 0.058965768 -0.03028468)
(-0.0010444893 0.047651244 -0.025105118)
(-0.00065885496 0.037251285 -0.020085416)
(-0.00037339986 0.027701745 -0.01525474)
(-0.00017683221 0.018938414 -0.010632729)
(-5.8646962e-05 0.010899107 -0.0062314023)
(-4.4495998e-06 0.0035248734 -0.0020569305)
(0.026637215 0.54675912 0.048746678)
(-0.0091114999 0.37608336 0.065741639)
(0.011860729 0.2954232 0.06186056)
(0.0078897544 0.27244916 0.051848054)
(0.010203815 0.27019901 0.040113955)
(0.011434013 0.27417721 0.028842525)
(0.011941758 0.2795173 0.018063763)
(0.011895777 0.28484158 0.0076657872)
(0.011421648 0.28989745 -0.0024639347)
(0.010616529 0.29468862 -0.01237259)
(0.0095538296 0.29918571 -0.022007637)
(0.0082934446 0.30324562 -0.031254369)
(0.0068913725 0.30657895 -0.039964641)
(0.0054035746 0.30874765 -0.047985532)
(0.0038888081 0.30920639 -0.055182165)
(0.0024088797 0.30736668 -0.061440529)
(0.001024337 0.30269685 -0.066666867)
(-0.00020836181 0.29484168 -0.070783186)
(-0.0012202931 0.2837179 -0.07371344)
(-0.0019877616 0.26954855 -0.07537607)
(-0.0025937858 0.25282099 -0.075759472)
(-0.0029053772 0.23419067 -0.074942059)
(-0.0029829463 0.2143691 -0.073049734)
(-0.0029255917 0.19402816 -0.070192)
(-0.0027382134 0.17373901 -0.066502131)
(-0.0024460036 0.15394534 -0.062128217)
(-0.0021171975 0.13496251 -0.057219962)
(-0.0017691321 0.11699254 -0.051921349)
(-0.0014252311 0.10014615 -0.046360145)
(-0.0011037356 0.08446569 -0.040647879)
(-0.00081675321 0.069945449 -0.03487908)
(-0.00057139602 0.056548141 -0.029131626)
(-0.00037091558 0.044217312 -0.023467987)
(-0.00021580328 0.032886261 -0.01793697)
(-0.00010476792 0.022484141 -0.012575589)
(-3.591372e-05 0.012939934 -0.0074107957)
(-2.979196e-06 0.0041849102 -0.0024613358)
(0.029936284 0.56471569 0.04364832)
(-0.00134478 0.41203206 0.062385829)
(0.025017004 0.32848858 0.056766038)
(0.0278307 0.29486179 0.04795245)
(0.032975297 0.28440774 0.03699106)
(0.036958674 0.28338938 0.026476806)
(0.039417729 0.28596959 0.016596162)
(0.040630602 0.28984878 0.0071462044)
(0.040836774 0.2942247 -0.0020432683)
(0.040219709 0.29880678 -0.011013083)
(0.038894963 0.30341778 -0.019708195)
(0.036967553 0.30784505 -0.028022499)
(0.034552514 0.31184704 -0.03582822)
(0.031768587 0.31511762 -0.04300295)
(0.028732779 0.31726145 -0.049448142)
(0.025556343 0.31776072 -0.055093823)
(0.022344017 0.31600046 -0.059889319)
(0.019193688 0.31137063 -0.06379021)
(0.016191885 0.30341547 -0.0667516)
(0.013385936 0.29196775 -0.068735698)
(0.010904084 0.27720795 -0.069742827)
(0.0086995873 0.25962876 -0.069761799)
(0.0068351425 0.23992904 -0.068787759)
(0.005265837 0.21888542 -0.066870734)
(0.0039509499 0.19724029 -0.064086119)
(0.0029226441 0.17562747 -0.060535899)
(0.0021292965 0.1545387 -0.056346098)
(0.0015056343 0.13432174 -0.05164221)
(0.0010366286 0.11519753 -0.046545265)
(0.00069184059 0.097285319 -0.041168104)
(0.00044386429 0.080628765 -0.035612303)
(0.00027030787 0.065218867 -0.029966632)
(0.00015304603 0.051012417 -0.02430667)
(7.7555157e-05 0.037945845 -0.018695246)
(3.2399357e-05 0.025945044 -0.013183361)
(9.0609614e-06 0.014932022 -0.0078112876)
(2.3650956e-07 0.0048291871 -0.0026100113)
(0.033269418 0.58491628 0.035144535)
(0.0071189636 0.45921968 0.052119248)
(0.039543313 0.38191787 0.046663721)
(0.050881764 0.34201475 0.039095225)
(0.060036456 0.3234294 0.029907469)
(0.067082053 0.31559439 0.020942636)
(0.071644929 0.31307315 0.012632443)
(0.074026081 0.31320299 0.0048235331)
(0.074652114 0.31473408 -0.0026517301)
(0.073842097 0.31696959 -0.0098262151)
(0.07180073 0.31947752 -0.01668715)
(0.068729644 0.32198991 -0.023172464)
(0.064843168 0.32431449 -0.029203857)
(0.060353331 0.32627551 -0.034704366)
(0.055453599 0.32765002 -0.039612333)
(0.050318818 0.32809211 -0.043898069)
(0.04510167 0.32708037 -0.047551782)
(0.039932378 0.32394467 -0.050571101)
(0.034920401 0.31799304 -0.052949163)
(0.030155714 0.30869769 -0.054667715)
(0.025708429 0.2958561 -0.055693849)
(0.021627511 0.27965516 -0.055994137)
(0.017946216 0.26062551 -0.055555456)
(0.014687341 0.23951645 -0.054391032)
(0.011841764 0.21714891 -0.052540453)
(0.0093777342 0.19429524 -0.050052989)
(0.0073004489 0.17160362 -0.046986095)
(0.0055665133 0.14956727 -0.043419759)
(0.0041418496 0.1285265 -0.039442923)
(0.0029918046 0.10868965 -0.035145208)
(0.0020817334 0.090161265 -0.030612517)
(0.0013785252 0.072970169 -0.025924197)
(0.00085154446 0.057093654 -0.021151325)
(0.00047318406 0.042476488 -0.016355871)
(0.00021974992 0.029044919 -0.01159054)
(7.1077336e-05 0.016716451 -0.0068990325)
(4.9762948e-06 0.0054063184 -0.0023167932)
(0.036550188 0.60633622 0.022159714)
(0.019151631 0.51675824 0.033665859)
(0.057594841 0.45524273 0.029502423)
(0.077648582 0.41589492 0.024222064)
(0.091320952 0.39130596 0.018112001)
(0.10100303 0.37568567 0.012065055)
(0.10694766 0.36541538 0.0065183436)
(0.10966178 0.35842325 0.0014553874)
(0.10983013 0.35356479 -0.003208388)
(0.10793908 0.35007423 -0.0075600559)
(0.10436267 0.34748312 -0.01163273)
(0.099458267 0.34548959 -0.015404648)
(0.093561086 0.34388955 -0.018868155)
(0.08696882 0.34251979 -0.021981329)
(0.079951842 0.34121276 -0.024720371)
(0.072731873 0.33971486 -0.027092985)
(0.065491325 0.33759076 -0.029105814)
(0.058375808 0.33418602 -0.030768603)
(0.051499214 0.32869998 -0.032089658)
(0.044950155 0.32036506 -0.033067775)
(0.03879738 0.30866181 -0.03369009)
(0.033093332 0.29346924 -0.033935797)
(0.027875287 0.27508957 -0.033783876)
(0.023165311 0.25415617 -0.033219999)
(0.018970566 0.23148041 -0.032244076)
(0.015284876 0.20789902 -0.030872552)
(0.012091543 0.18416173 -0.029134072)
(0.0093656216 0.16087039 -0.027066711)
(0.0070758526 0.13846237 -0.024716514)
(0.0051865567 0.11722285 -0.022133921)
(0.0036595246 0.097311547 -0.019370431)
(0.0024556408 0.078793243 -0.016475986)
(0.0015361635 0.061666017 -0.013497135)
(0.00086413273 0.045884405 -0.010475869)
(0.00040624552 0.031376985 -0.0074490017)
(0.00013363523 0.018058933 -0.0044479243)
(9.8408397e-06 0.0058405154 -0.0014988391)
(0.038246846 0.6195216 0.0040980759)
(0.028308939 0.55520863 0.0056168112)
(0.070455845 0.5062097 0.0040289206)
(0.09553894 0.4695467 0.0024695267)
(0.11181572 0.44219239 0.00098944329)
(0.12265386 0.42147066 -0.00032899125)
(0.12893207 0.40544223 -0.0014278039)
(0.13142381 0.39280057 -0.0023189464)
(0.13087193 0.38267635 -0.0030352328)
(0.12788417 0.37445824 -0.0036079799)
(0.12304079 0.36771186 -0.0040633529)
(0.11679207 0.36212022 -0.0044495587)
(0.10950336 0.35743405 -0.004772086)
(0.10152853 0.35346525 -0.0050330519)
(0.093173841 0.3500541 -0.0052433861)
(0.084684228 0.34692441 -0.0054121009)
(0.076253923 0.3436665 -0.0055464415)
(0.06803236 0.33960817 -0.0056514606)
(0.060127433 0.33391952 -0.00572924)
(0.052621864 0.32573844 -0.0057782246)
(0.045576552 0.31439567 -0.0057932732)
(0.039035916 0.29960687 -0.0057669096)
(0.033031724 0.28153703 -0.0056912497)
(0.027584233 0.26073331 -0.0055598368)
(0.022702338 0.23797608 -0.0053689706)
(0.018383738 0.21411495 -0.0051182606)
(0.014615649 0.18993852 -0.0048105252)
(0.011376077 0.16609709 -0.0044513167)
(0.0086354435 0.14307455 -0.0040481754)
(0.0063584175 0.12119458 -0.0036097696)
(0.0045057507 0.1006455 -0.0031451093)
(0.0030359338 0.081511297 -0.0026629353)
(0.0019067068 0.063801539 -0.0021712954)
(0.0010767555 0.047476505 -0.0016772954)
(0.00050840371 0.032466561 -0.0011869853)
(0.00016807318 0.018686158 -0.00070529302)
(1.2725705e-05 0.0060433757 -0.00023621729)
(0.037546474 0.6147199 -0.015279017)
(0.024454413 0.5394121 -0.025166664)
(0.064891582 0.48371684 -0.023684795)
(0.087546734 0.44431063 -0.020982008)
(0.10235075 0.41690735 -0.017332128)
(0.1123617 0.3976136 -0.01341989)
(0.11823833 0.38370121 -0.0096324848)
(0.12065214 0.37343144 -0.0060210726)
(0.12032118 0.36569205 -0.0025539123)
(0.11782118 0.35976203 0.00080715711)
(0.11353399 0.35513863 0.0040582321)
(0.1078845 0.35148575 0.0071474199)
(0.10127854 0.34854122 0.010039358)
(0.094020121 0.34610225 0.012692526)
(0.086369092 0.34397525 0.01507204)
(0.078550396 0.34189236 0.017154741)
(0.070749049 0.33942011 0.018934563)
(0.063110333 0.33590319 0.020414544)
(0.055745191 0.33051881 0.02160308)
(0.04873815 0.32244595 0.022506422)
(0.042154098 0.31108669 0.023126264)
(0.03604215 0.2962355 0.023457573)
(0.030437542 0.27812458 0.023492971)
(0.025362253 0.25734466 0.023227181)
(0.020825308 0.23469375 0.022661027)
(0.01682361 0.21101827 0.021803635)
(0.013343242 0.18709103 0.020672742)
(0.01036106 0.16354165 0.019293794)
(0.0078467092 0.14083387 0.01769761)
(0.0057646575 0.11927473 0.015918041)
(0.0040761174 0.099040341 0.013990269)
(0.0027406915 0.080206757 0.011949158)
(0.001717764 0.06277905 0.0098279541)
(0.0009680942 0.046715561 0.0076573807)
(0.00045599976 0.03194644 0.0054650533)
(0.00015040233 0.018386971 0.0032751917)
(1.118932e-05 0.005946644 0.0011084033)
(0.034794388 0.59580246 -0.030718388)
(0.012443389 0.48486039 -0.048047157)
(0.047349406 0.41142758 -0.044264173)
(0.062161771 0.36856463 -0.038331381)
(0.072738981 0.34520032 -0.030727826)
(0.080424239 0.33285096 -0.023062277)
(0.085199775 0.32658188 -0.01584533)
(0.08750768 0.32370998 -0.0089978096)
(0.087785095 0.32279622 -0.0023753493)
(0.086427835 0.32308956 0.0040596954)
(0.083747584 0.32408481 0.010293786)
(0.079997853 0.32542028 0.01628217)
(0.075407534 0.32684357 0.021919726)
(0.070192653 0.3281503 0.027106809)
(0.064559031 0.32911755 0.031770347)
(0.058693717 0.32942102 0.035866825)
(0.052758328 0.32856398 0.039378653)
(0.046888482 0.32587388 0.042304542)
(0.041197131 0.3206056 0.044647541)
(0.035773565 0.31212506 0.046395212)
(0.030690237 0.30009825 0.047527321)
(0.026000475 0.28459127 0.048025221)
(0.021738107 0.2660483 0.047878883)
(0.017920845 0.24517966 0.047094309)
(0.014552371 0.22281164 0.045691337)
(0.01162385 0.19975156 0.043706568)
(0.0091183095 0.17669652 0.041193632)
(0.0070010916 0.15419019 0.038219027)
(0.005245777 0.13261739 0.034853947)
(0.0038144835 0.11222177 0.031173182)
(0.0026707543 0.093133607 0.027250689)
(0.001778935 0.075399015 0.023156445)
(0.0011049491 0.059005848 0.018954538)
(0.00061723758 0.043904506 0.014702107)
(0.00028814926 0.030023465 0.010448852)
(9.384841e-05 0.017280239 0.0062369489)
(6.7121643e-06 0.0055887321 0.0021012274)
(0.03157791 0.57446813 -0.041167227)
(0.0027057241 0.43119016 -0.061916676)
(0.031482478 0.3465213 -0.056786592)
(0.037587114 0.30692174 -0.049106972)
(0.043870163 0.29128198 -0.039005503)
(0.048581608 0.28661555 -0.029258877)
(0.05147314 0.28695037 -0.020115111)
(0.052874333 0.28950013 -0.011345671)
(0.053054508 0.2930875 -0.0027634068)
(0.052245233 0.29723237 0.0057124834)
(0.050607178 0.30162278 0.014042904)
(0.048265325 0.30599045 0.022108851)
(0.04534774 0.31009379 0.029760977)
(0.041989025 0.31366041 0.036856692)
(0.038323668 0.31633631 0.043280388)
(0.034479371 0.31764075 0.048948906)
(0.030574755 0.31696389 0.053804626)
(0.026718637 0.31364184 0.05780198)
(0.022992346 0.3071024 0.060902256)
(0.019487941 0.29702418 0.063087057)
(0.016277323 0.28343747 0.064349846)
(0.013409014 0.26672558 0.064700684)
(0.010855206 0.2475368 0.064153982)
(0.0086491872 0.22665222 0.062706414)
(0.0067868597 0.20485907 0.060409278)
(0.0052390837 0.18285708 0.057353095)
(0.0039645191 0.16120797 0.053643814)
(0.0029374845 0.1403231 0.049392006)
(0.0021279035 0.1204753 0.044710202)
(0.001495239 0.10182282 0.039705963)
(0.0010123637 0.084436548 0.03447814)
(0.00065262272 0.068325077 0.02911505)
(0.00039258306 0.053455536 0.023693606)
(0.00021242507 0.03976949 0.018279268)
(9.5849509e-05 0.027194463 0.012926529)
(2.9914892e-05 0.015651845 0.0076797088)
(1.7856924e-06 0.005062084 0.0025738485)
(0.028467763 0.55559387 -0.048014346)
(-0.0046568024 0.39046335 -0.068699218)
(0.018865324 0.30487476 -0.063576588)
(0.017452941 0.2748077 -0.054846224)
(0.020758347 0.26810501 -0.043238616)
(0.022597777 0.26975658 -0.032410732)
(0.02351148 0.27378162 -0.022139072)
(0.023674139 0.27857989 -0.01221588)
(0.023233938 0.28353299 -0.0024657677)
(0.02232102 0.28852077 0.0071901028)
(0.021026865 0.29346412 0.016712351)
(0.0194226 0.29820292 0.025971164)
(0.017576903 0.30245939 0.034794238)
(0.015560633 0.30583015 0.043005409)
(0.013446395 0.30779053 0.050449071)
(0.011306449 0.3077281 0.056999063)
(0.0092106092 0.30502427 0.062556332)
(0.0072467999 0.29917725 0.067044085)
(0.0054660236 0.28992737 0.07040615)
(0.0038758664 0.27733268 0.072588356)
(0.0025887934 0.26176477 0.073547576)
(0.0014655395 0.24383209 0.073292657)
(0.00063280463 0.22426232 0.071897187)
(0.00010292524 0.20378854 0.069504121)
(-0.00027014035 0.18306477 0.06623565)
(-0.00049170909 0.1626204 0.06222487)
(-0.00059156985 0.14284796 0.057611908)
(-0.00059970636 0.12401264 0.052535253)
(-0.00055304526 0.10627314 0.047123929)
(-0.00047297504 0.089705839 0.041494058)
(-0.00037758852 0.074327629 0.035746144)
(-0.00028052359 0.060115037 0.029965091)
(-0.00019127118 0.047019069 0.024220925)
(-0.00011602444 0.03497609 0.018570064)
(-5.848806e-05 0.023915424 0.013056865)
(-2.0931764e-05 0.013764417 0.0077152799)
(-1.9427836e-06 0.004451657 0.0025703001)
(0.025341032 0.53832469 -0.051730405)
(-0.012359747 0.35815732 -0.069428936)
(0.0059993682 0.27840196 -0.066654488)
(-0.00095088843 0.25949183 -0.055830082)
(0.00014630098 0.26049109 -0.044170153)
(-0.00054518972 0.26650081 -0.032853457)
(-0.0011088324 0.27293238 -0.02198184)
(-0.0019006787 0.27874994 -0.011460104)
(-0.0028374599 0.28389741 -0.0011468853)
(-0.0038536634 0.28851317 0.0090253311)
(-0.0048865629 0.29264975 0.01902611)
(-0.0058997795 0.29616605 0.028727303)
(-0.0068582807 0.29872179 0.037942999)
(-0.007728517 0.29983242 0.046473977)
(-0.0084754386 0.29893889 0.054129091)
(-0.0090616957 0.2955071 0.060739295)
(-0.0094502635 0.28914181 0.066164934)
(-0.0096145746 0.27968264 0.070298824)
(-0.0095497018 0.26724888 0.073066435)
(-0.0092563554 0.25221964 0.074449233)
(-0.0086943925 0.23515961 0.074536228)
(-0.0080027066 0.21671925 0.073412949)
(-0.0072201383 0.19754349 0.071182638)
(-0.0063631268 0.17820531 0.067994568)
(-0.0054792599 0.15916804 0.064033392)
(-0.0046112114 0.14077492 0.059471005)
(-0.0037878457 0.12325789 0.054465693)
(-0.0030310522 0.10675592 0.049159907)
(-0.0023556612 0.091336 0.043676877)
(-0.0017697334 0.077012886 0.038119522)
(-0.0012758966 0.063765638 0.032571547)
(-0.00087257428 0.05155054 0.027099239)
(-0.0005551468 0.040310601 0.021753682)
(-0.00031708705 0.029982244 0.016573067)
(-0.00015131088 0.020499808 0.011584897)
(-5.0607059e-05 0.011798433 0.0068080329)
(-3.9501474e-06 0.0038158234 0.0022542817)
(0.022071291 0.5219074 -0.051537371)
(-0.020092152 0.33184913 -0.064715609)
(-0.0078893123 0.26027156 -0.064611204)
(-0.018578685 0.24990886 -0.052992244)
(-0.020791584 0.25587419 -0.042150597)
(-0.02314371 0.26433529 -0.030963912)
(-0.024881985 0.27199377 -0.020102899)
(-0.026238736 0.27827402 -0.0095476724)
(-0.027274327 0.28323123 0.000772603)
(-0.028005248 0.28693455 0.010893188)
(-0.028414537 0.28949914 0.020758359)
(-0.028515867 0.29077467 0.030227837)
(-0.028302721 0.29036864 0.039103832)
(-0.027765534 0.28788907 0.047166666)
(-0.026905779 0.28299327 0.054204263)
(-0.025733849 0.27545984 0.060033857)
(-0.024280675 0.26526182 0.064518141)
(-0.02255832 0.25259284 0.067581384)
(-0.020640808 0.23783926 0.069238252)
(-0.018584348 0.22151344 0.069541013)
(-0.016507639 0.20417809 0.068604939)
(-0.014400483 0.18637417 0.0665778)
(-0.01234178 0.1685719 0.063640275)
(-0.010408204 0.15114586 0.059978915)
(-0.0086229166 0.13437072 0.055772477)
(-0.0070111128 0.11842993 0.05118503)
(-0.0055861717 0.10343109 0.046359128)
(-0.0043512753 0.089423231 0.041414037)
(-0.0033020656 0.076412882 0.036446167)
(-0.0024288834 0.064377571 0.031530932)
(-0.0017185445 0.053276304 0.026725408)
(-0.0011557903 0.043057315 0.022071246)
(-0.00072438369 0.033663528 0.017597512)
(-0.00040817639 0.025036251 0.013323256)
(-0.00019220144 0.017117564 0.0092597182)
(-6.3427916e-05 0.0098517741 0.0054121677)
(-4.7298756e-06 0.0031862486 0.0017812692)
(0.018864353 0.50654859 -0.046301707)
(-0.028028442 0.30874082 -0.057045772)
(-0.022822581 0.24557629 -0.056469958)
(-0.036191714 0.24026452 -0.046838167)
(-0.04173923 0.24743872 -0.037011032)
(-0.045900461 0.25566805 -0.026903302)
(-0.048568631 0.26281693 -0.016874158)
(-0.050141485 0.26839517 -0.00703597)
(-0.050812516 0.27226801 0.0025904095)
(-0.050714758 0.27437667 0.011965521)
(-0.049928776 0.27465725 0.02097932)
(-0.048530484 0.27293753 0.029464293)
(-0.046578391 0.2690691 0.037214697)
(-0.044135452 0.26292538 0.044013069)
(-0.041276228 0.25446983 0.049666362)
(-0.038086644 0.24381813 0.054042584)
(-0.034666174 0.23123423 0.057079016)
(-0.03111347 0.21709818 0.058779947)
(-0.027544635 0.20185953 0.059214344)
(-0.024039177 0.18598087 0.058506176)
(-0.020686562 0.16989117 0.056809496)
(-0.017549807 0.15395471 0.05430319)
(-0.014675925 0.13845681 0.051173524)
(-0.012092217 0.12360292 0.047592165)
(-0.009809096 0.10952711 0.043710253)
(-0.0078247116 0.096304902 0.039656993)
(-0.0061273546 0.083966869 0.035538163)
(-0.0046984098 0.072511121 0.031436904)
(-0.0035150325 0.061913654 0.027416006)
(-0.0025522798 0.052136404 0.023520903)
(-0.0017846922 0.04313321 0.019782804)
(-0.0011873873 0.034854019 0.016221649)
(-0.00073679247 0.027247735 0.012848698)
(-0.00041124844 0.020264081 0.0096687036)
(-0.00019186064 0.013854728 0.0066816645)
(-6.2504033e-05 0.0079739506 0.0038842191)
(-4.48626e-06 0.0025789438 0.0012705842)
(0.0163751 0.49533192 -0.035956896)
(-0.03573298 0.29167732 -0.045433078)
(-0.036883041 0.23311925 -0.044072469)
(-0.052907145 0.22822522 -0.036846785)
(-0.061430091 0.23252589 -0.029069171)
(-0.067388838 0.23724167 -0.02093397)
(-0.0708217 0.24115019 -0.012718605)
(-0.072308298 0.24376169 -0.0045801579)
(-0.072182174 0.24477342 0.0033964457)
(-0.070727169 0.24400696 0.011093397)
(-0.068172128 0.24137165 0.018363442)
(-0.064724672 0.23678369 0.025031045)
(-0.060571833 0.23023873 0.030903547)
(-0.055892735 0.22182579 0.035824119)
(-0.050869081 0.21173114 0.039681876)
(-0.045673152 0.20022673 0.042414823)
(-0.04046382 0.1876481 0.044032085)
(-0.035380383 0.17435752 0.04459556)
(-0.030538644 0.16070922 0.044213156)
(-0.026025715 0.14702106 0.043023845)
(-0.021901684 0.13355707 0.041181695)
(-0.01820011 0.12052075 0.038841681)
(-0.014931518 0.10805682 0.036148322)
(-0.012088144 0.096258272 0.033228655)
(-0.0096490343 0.085175971 0.030189519)
(-0.0075845287 0.074828504 0.027116584)
(-0.005859959 0.065211118 0.02407569)
(-0.0044385596 0.056303099 0.021115215)
(-0.0032836188 0.048073504 0.018268883)
(-0.0023599488 0.040485415 0.015558616)
(-0.0016347986 0.033498954 0.012997175)
(-0.0010783439 0.027073355 0.010590436)
(-0.00066384274 0.021168327 0.0083392761)
(-0.00036781796 0.015744919 0.006241058)
(-0.00017031322 0.010766034 0.0042907807)
(-5.5084239e-05 0.0061967043 0.0024820012)
(-3.8367125e-06 0.0020042124 0.00080732905)
(0.016635628 0.48882973 -0.022089076)
(-0.041135586 0.28070514 -0.029232649)
(-0.0475982 0.2229799 -0.027882191)
(-0.06613484 0.21523363 -0.0234823)
(-0.077041918 0.21402533 -0.01864085)
(-0.08444231 0.2127535 -0.013470745)
(-0.088367289 0.21099693 -0.0081567936)
(-0.089512168 0.208476 -0.0028578405)
(-0.088370264 0.20500137 0.0023295229)
(-0.085394899 0.20044658 0.007309217)
(-0.080975997 0.19476057 0.011934794)
(-0.075481051 0.18793237 0.016073608)
(-0.069246996 0.18002504 0.01961316)
(-0.062582144 0.17116478 0.022463014)
(-0.055758306 0.16152782 0.024571447)
(-0.049008797 0.15132443 0.025933489)
(-0.042523429 0.14077372 0.026583042)
(-0.036438426 0.13008657 0.026587564)
(-0.030851928 0.11945381 0.026040447)
(-0.025819318 0.10903366 0.02504568)
(-0.021361773 0.098948806 0.02370839)
(-0.017472657 0.089287568 0.022127381)
(-0.014125144 0.080108315 0.020389975)
(-0.011280387 0.071445114 0.018569222)
(-0.0088916226 0.063312609 0.016723705)
(-0.0069083344 0.055710877 0.01489839)
(-0.0052804242 0.048629859 0.01312574)
(-0.0039599917 0.042052559 0.011428375)
(-0.0029026683 0.035957453 0.0098206139)
(-0.0020683318 0.030320256 0.0083103366)
(-0.0014213529 0.025115187 0.0069006429)
(-0.00093051213 0.020315876 0.0055912285)
(-0.00056874773 0.01589599 0.0043794676)
(-0.0003129253 0.01182968 0.0032612361)
(-0.0001439137 0.0080918979 0.0022315191)
(-4.6047545e-05 0.0046586012 0.0012849054)
(-3.1285898e-06 0.0015069005 0.00041575753)
(0.017465174 0.48575557 -0.0068439806)
(-0.044219729 0.27529995 -0.0094123792)
(-0.053223768 0.21672398 -0.0090838656)
(-0.073195568 0.20658109 -0.0079180348)
(-0.085345976 0.20099861 -0.0066201571)
(-0.093465557 0.19497052 -0.00519944)
(-0.097559571 0.18858661 -0.0037130461)
(-0.098391003 0.1818193 -0.0021857823)
(-0.096528307 0.17467657 -0.00065267967)
(-0.092554431 0.16717124 0.00083452403)
(-0.086977093 0.15932254 0.0022257498)
(-0.080254137 0.15117724 0.0034759593)
(-0.072824055 0.14279667 0.0045415863)
(-0.065058273 0.13425411 0.0053989324)
(-0.057282144 0.12563406 0.0060326232)
(-0.049753412 0.11702085 0.0064422237)
(-0.042664221 0.10849425 0.0066370948)
(-0.036144902 0.10012588 0.0066431051)
(-0.030270883 0.091976613 0.0064914228)
(-0.025071662 0.084095292 0.0062149977)
(-0.020541177 0.076518016 0.0058461549)
(-0.01664783 0.069270797 0.0054146242)
(-0.01334356 0.062371307 0.0049466311)
(-0.010571256 0.055830249 0.0044635519)
(-0.0082706141 0.049652602 0.0039815497)
(-0.0063808898 0.043838513 0.0035126346)
(-0.0048451055 0.038384516 0.0030647522)
(-0.0036111885 0.033284042 0.0026431399)
(-0.0026316854 0.028527689 0.0022506185)
(-0.0018650202 0.02410388 0.0018881221)
(-0.0012750475 0.019999292 0.0015552719)
(-0.00083067792 0.016199254 0.0012508475)
(-0.00050538793 0.012688128 0.00097314219)
(-0.00027685212 0.0094496616 0.00072021741)
(-0.00012670398 0.0064673086 0.00049007222)
(-4.0391731e-05 0.0037245091 0.00028077142)
(-2.6738878e-06 0.0012049298 9.0388885e-05)
(0.017536454 0.48612377 0.0090500122)
(-0.043830984 0.2759185 0.01148153)
(-0.052540917 0.21741113 0.010479588)
(-0.072345122 0.20759213 0.0082902526)
(-0.084358382 0.20257884 0.0058586376)
(-0.092402402 0.19714736 0.0032744406)
(-0.096472593 0.1914015 0.00066003718)
(-0.097321738 0.18519228 -0.0018952006)
(-0.095544948 0.17849436 -0.0043078169)
(-0.091693261 0.17130121 -0.0065550059)
(-0.086246835 0.16363169 -0.0085727648)
(-0.079661924 0.15553665 -0.010307584)
(-0.072357796 0.14709226 -0.011728221)
(-0.064715827 0.13838839 -0.012803238)
(-0.057044301 0.12952593 -0.013522181)
(-0.049601936 0.120613 -0.013899928)
(-0.042580758 0.11175161 -0.013965328)
(-0.036112479 0.1030327 -0.013757902)
(-0.030274852 0.094533406 -0.013323481)
(-0.025099433 0.086325331 -0.012708697)
(-0.02058256 0.078449325 -0.011962213)
(-0.016695582 0.070932374 -0.011125522)
(-0.013392594 0.063792482 -0.010233934)
(-0.010618147 0.057039541 -0.0093163805)
(-0.0083132403 0.050676769 -0.0083956726)
(-0.0064181193 0.044701934 -0.0074892031)
(-0.0048765061 0.039108889 -0.0066093811)
(-0.0036368082 0.033888315 -0.0057652797)
(-0.0026518937 0.029028158 -0.0049630668)
(-0.0018803775 0.024514394 -0.0042065241)
(-0.0012862195 0.02033151 -0.0034975812)
(-0.00083836172 0.016462925 -0.0028367438)
(-0.00051028919 0.012891371 -0.0022234398)
(-0.00027962919 0.0095992292 -0.0016563024)
(-0.00012806239 0.0065688237 -0.0011334043)
(-4.0770147e-05 0.0037826739 -0.00065241981)
(-2.7147193e-06 0.0012237034 -0.00021089564)
(0.016713342 0.4898389 0.023962171)
(-0.040103455 0.28242016 0.030797622)
(-0.045701643 0.22471777 0.028865782)
(-0.0637489 0.21763933 0.023511654)
(-0.074244129 0.21770422 0.0176462)
(-0.081407791 0.21778638 0.011461269)
(-0.085270263 0.2172688 0.0052176754)
(-0.086452929 0.21579136 -0.00094967125)
(-0.085490524 0.21310366 -0.0069477298)
(-0.082802126 0.20913571 -0.012589027)
(-0.078716528 0.20379554 -0.017765388)
(-0.073572683 0.1970906 -0.022357599)
(-0.067686295 0.18909746 -0.026236923)
(-0.061349545 0.17996548 -0.02932298)
(-0.054821423 0.16990107 -0.031564162)
(-0.048326518 0.15914867 -0.032958371)
(-0.042049385 0.147967 -0.033549144)
(-0.036131234 0.13660564 -0.033415479)
(-0.030673559 0.12528767 -0.032659592)
(-0.025735768 0.11419617 -0.031395871)
(-0.02134269 0.10347267 -0.029740919)
(-0.017496415 0.093219394 -0.027804412)
(-0.01417505 0.083501701 -0.025683235)
(-0.011343609 0.074355692 -0.023459044)
(-0.0089588052 0.065794908 -0.021197803)
(-0.0069734346 0.057816376 -0.018950712)
(-0.0053396452 0.05040563 -0.016755726)
(-0.0040112241 0.043540611 -0.014640316)
(-0.0029450447 0.037194583 -0.012623051)
(-0.0021018621 0.031338225 -0.010715431)
(-0.0014466322 0.025941109 -0.0089235072)
(-0.00094851445 0.020972707 -0.0072492341)
(-0.00058064611 0.016403068 -0.0056915584)
(-0.00032000474 0.012203259 -0.0042472952)
(-0.00014737582 0.0083456472 -0.0029118147)
(-4.7353917e-05 0.0048040572 -0.001679517)
(-3.2244358e-06 0.0015538581 -0.00054435934)
(0.01659667 0.4969379 0.037223617)
(-0.034236677 0.29435589 0.046119688)
(-0.034126946 0.23531618 0.044298731)
(-0.049458815 0.23078794 0.036222752)
(-0.057378093 0.23610962 0.027586883)
(-0.062965321 0.24191548 0.018652437)
(-0.066263131 0.24676164 0.0097226995)
(-0.067825063 0.25013364 0.00094685402)
(-0.067911966 0.25171392 -0.0076164696)
(-0.066714312 0.25145786 -0.015804192)
(-0.064501986 0.24922343 -0.023486345)
(-0.061445849 0.2449215 -0.030495431)
(-0.057707954 0.2385362 -0.036642169)
(-0.053446196 0.23014301 -0.041771434)
(-0.048825432 0.2199192 -0.045773055)
(-0.044005218 0.20814048 -0.048585377)
(-0.039134641 0.19515927 -0.050215679)
(-0.034345596 0.18136502 -0.050731946)
(-0.029753844 0.16714365 -0.050242719)
(-0.025445396 0.15284508 -0.048889514)
(-0.021484736 0.13876203 -0.046830203)
(-0.017910246 0.12512113 -0.044227181)
(-0.014737714 0.11208376 -0.04123277)
(-0.01196491 0.099753515 -0.037981343)
(-0.0095760376 0.088186687 -0.034586398)
(-0.0075459606 0.077403373 -0.031140073)
(-0.0058438476 0.067397541 -0.02771439)
(-0.0044361015 0.058145409 -0.02436354)
(-0.0032885662 0.049611962 -0.021126579)
(-0.0023680574 0.041755781 -0.018030161)
(-0.0016433633 0.034532468 -0.01509107)
(-0.0010857975 0.027896978 -0.012318446)
(-0.00066945735 0.021805137 -0.0097156558)
(-0.00037143199 0.016214578 -0.0072818272)
(-0.00017227379 0.01108527 -0.005013077)
(-5.5717474e-05 0.0063797741 -0.0029034166)
(-3.9203459e-06 0.0020633232 -0.00094560651)
(0.019407708 0.50887142 0.04660073)
(-0.026179835 0.31256476 0.056723333)
(-0.019349251 0.24817834 0.055660184)
(-0.032191207 0.24229137 0.045451098)
(-0.037095095 0.24967313 0.03492633)
(-0.040860558 0.25828499 0.024237341)
(-0.043367917 0.2657484 0.013689218)
(-0.044950026 0.2715732 0.0034006265)
(-0.04574218 0.27567963 -0.0065848421)
(-0.045825003 0.27809663 -0.016258708)
(-0.045288634 0.27876029 -0.025518589)
(-0.044190855 0.27746159 -0.034192785)
(-0.042580776 0.27402678 -0.042083716)
(-0.040510242 0.26828873 -0.048982325)
(-0.038042287 0.26015543 -0.05470105)
(-0.035251992 0.2497006 -0.059110301)
(-0.032227935 0.23716509 -0.062148052)
(-0.029036031 0.22292728 -0.063825954)
(-0.025832688 0.20745368 -0.064210752)
(-0.022644241 0.1912343 -0.063422997)
(-0.01956525 0.17473042 -0.061611147)
(-0.016661783 0.15833813 -0.058951725)
(-0.013983929 0.14237012 -0.055630902)
(-0.011560983 0.12705301 -0.05182216)
(-0.0094078329 0.11253561 -0.047681305)
(-0.0075268201 0.098902492 -0.04334222)
(-0.0059103199 0.086188742 -0.038915695)
(-0.0045435897 0.074393638 -0.034490199)
(-0.0034072876 0.063492104 -0.030133934)
(-0.0024795172 0.053443636 -0.025897552)
(-0.001737391 0.044198918 -0.021817047)
(-0.0011581664 0.03570449 -0.017916531)
(-0.00071999463 0.027905901 -0.014210734)
(-0.00040262146 0.020749758 -0.010707161)
(-0.00018815932 0.014184954 -0.0074078804)
(-6.1513169e-05 0.008163351 -0.0043109662)
(-4.4460414e-06 0.0026401021 -0.0014117509)
(0.022747484 0.52455892 0.050766139)
(-0.01808317 0.33649089 0.063481583)
(-0.0044231188 0.2634488 0.06259431)
(-0.014431308 0.25159403 0.050961248)
(-0.016004193 0.2568714 0.03938619)
(-0.01791641 0.2650463 0.027888965)
(-0.019481041 0.27256263 0.016706316)
(-0.020795127 0.27877594 0.0058616944)
(-0.021864354 0.28376066 -0.0046980935)
(-0.022683943 0.28766442 -0.015005928)
(-0.023231808 0.29046382 -0.024994146)
(-0.023506411 0.29213402 -0.034518721)
(-0.02351771 0.29223111 -0.043380839)
(-0.023253937 0.29030284 -0.051377993)
(-0.022710427 0.285958 -0.058317142)
(-0.021891324 0.27892029 -0.064032661)
(-0.020846498 0.2691134 -0.068397316)
(-0.019508673 0.25669673 -0.071323939)
(-0.017948013 0.24204451 -0.07288561)
(-0.016281634 0.22567604 -0.073106497)
(-0.014567156 0.2081754 -0.072084006)
(-0.012767284 0.19011389 -0.069959807)
(-0.011014193 0.17199398 -0.06690859)
(-0.0093368479 0.15421923 -0.063113605)
(-0.0077727401 0.13708732 -0.058753707)
(-0.0063477898 0.12079819 -0.053990545)
(-0.0050778583 0.10547011 -0.048966606)
(-0.0039695431 0.09115807 -0.043803166)
(-0.0030221161 0.077871046 -0.038599983)
(-0.0022294229 0.065586603 -0.033436511)
(-0.0015815396 0.054262276 -0.028374062)
(-0.0010661398 0.043843999 -0.023458363)
(-0.00066959981 0.034272046 -0.018722157)
(-0.00037800356 0.025485045 -0.014187646)
(-0.00017833839 0.017422558 -0.0098686547)
(-5.8909454e-05 0.010026639 -0.0057724371)
(-4.4207221e-06 0.0032427033 -0.0019013243)
(0.026147535 0.54138316 0.049930698)
(-0.010146025 0.36407683 0.066975324)
(0.0094487719 0.28291393 0.063322138)
(0.0035764477 0.26184812 0.052775393)
(0.0049121541 0.26140307 0.040871092)
(0.0049325145 0.26663068 0.029393114)
(0.0045387047 0.27267939 0.018352069)
(0.0038338186 0.2783197 0.0076460601)
(0.002923677 0.28344775 -0.0028263264)
(0.0018882237 0.28815481 -0.013116909)
(0.0007819426 0.2924648 -0.023154694)
(-0.0003406962 0.29622694 -0.032800457)
(-0.0014504707 0.29909311 -0.041864386)
(-0.0025278723 0.30057331 -0.050161167)
(-0.0035332907 0.30009637 -0.057526775)
(-0.0044246138 0.29710187 -0.063825957)
(-0.0051616124 0.29115499 -0.068951254)
(-0.0057331478 0.28205125 -0.07281212)
(-0.0060440481 0.26987411 -0.075333295)
(-0.0061660419 0.25498379 -0.076525167)
(-0.0060461134 0.23794496 -0.07645597)
(-0.0057532761 0.21942388 -0.075204358)
(-0.0053433954 0.20008933 -0.072870818)
(-0.0047903508 0.18053959 -0.069607443)
(-0.0042008856 0.1612613 -0.065573452)
(-0.0035900014 0.14261682 -0.060936433)
(-0.0029866853 0.12485215 -0.055848994)
(-0.0024158873 0.10811542 -0.05044988)
(-0.0018951492 0.092478781 -0.044860962)
(-0.0014353938 0.077959119 -0.039185735)
(-0.0010422842 0.064535585 -0.033509521)
(-0.0007173657 0.05216328 -0.027900772)
(-0.00045904463 0.040783359 -0.022412923)
(-0.00026363594 0.030330127 -0.017086473)
(-0.00012644355 0.020735806 -0.011951033)
(-4.2656639e-05 0.011933579 -0.0070271674)
(-3.3923154e-06 0.0038594314 -0.0023282091)
(0.029545415 0.55919341 0.045258452)
(-0.0024147955 0.39851374 0.06492498)
(0.022480372 0.31269788 0.059364642)
(0.022752184 0.28018739 0.050583901)
(0.02634351 0.27142595 0.03935654)
(0.028712993 0.27180622 0.028530181)
(0.029847368 0.27523289 0.018208716)
(0.030094242 0.27958404 0.0082049262)
(0.029671545 0.28438165 -0.0016212685)
(0.028714578 0.28931944 -0.011315114)
(0.027320445 0.29424364 -0.020784196)
(0.025563757 0.29895972 -0.029871782)
(0.023516512 0.30318616 -0.038408931)
(0.021253311 0.30653664 -0.046230876)
(0.018852642 0.30851057 -0.053206742)
(0.016393842 0.30851161 -0.059243448)
(0.013954891 0.30591933 -0.064277015)
(0.011607933 0.3002121 -0.068261255)
(0.009417089 0.29110031 -0.0711566)
(0.0074416674 0.2786134 -0.072938108)
(0.0057689476 0.26310351 -0.073606051)
(0.0042971057 0.24517126 -0.073167382)
(0.0030607982 0.22554832 -0.071677867)
(0.002121841 0.20497939 -0.069216774)
(0.0014332874 0.18413356 -0.065915022)
(0.00089999284 0.16355464 -0.061899832)
(0.00052402678 0.14364644 -0.05730346)
(0.00027189023 0.12468197 -0.052256465)
(0.00011203649 0.10682454 -0.046881708)
(1.8980188e-05 0.090152593 -0.04129046)
(-2.7663072e-05 0.074683298 -0.035580284)
(-4.3967486e-05 0.060392297 -0.029834374)
(-4.2235729e-05 0.047229093 -0.024121899)
(-3.157153e-05 0.035128304 -0.018499005)
(-1.8527028e-05 0.024017506 -0.013010135)
(-7.5777023e-06 0.013822441 -0.0076894134)
(-9.4079985e-07 0.0044703168 -0.0025622247)
(0.033006738 0.57918833 0.037241725)
(0.0058055505 0.44316808 0.056259781)
(0.036127018 0.36037401 0.051252351)
(0.044325508 0.3190412 0.043925607)
(0.051127794 0.3009795 0.034459659)
(0.056119421 0.29432345 0.024989018)
(0.05907181 0.29317699 0.015953467)
(0.060374373 0.29468748 0.007233598)
(0.060349442 0.29752336 -0.0013121949)
(0.059286354 0.30108807 -0.0097068846)
(0.057348462 0.30494197 -0.017854734)
(0.054664813 0.30878399 -0.025616964)
(0.051376165 0.31236095 -0.032848346)
(0.047632293 0.31541114 -0.039422359)
(0.043578898 0.31760359 -0.045249087)
(0.039351115 0.31848076 -0.050277661)
(0.035070091 0.31744512 -0.054485503)
(0.030841248 0.31383302 -0.057861862)
(0.026757801 0.30706315 -0.06039973)
(0.022897505 0.29680222 -0.062086415)
(0.019322197 0.28307077 -0.062910044)
(0.016087032 0.26624578 -0.062885734)
(0.013213981 0.24697323 -0.062046756)
(0.010668151 0.22603389 -0.060424548)
(0.0084944811 0.20421315 -0.058048072)
(0.0066532216 0.182208 -0.05498971)
(0.005117164 0.16057692 -0.051342233)
(0.0038558556 0.13972752 -0.047205767)
(0.0028364983 0.11992869 -0.042681505)
(0.0020265272 0.10133495 -0.037867116)
(0.0013952417 0.084013757 -0.032853359)
(0.00091457284 0.067970811 -0.027721893)
(0.00055943091 0.053170813 -0.022544181)
(0.00030788952 0.039553411 -0.017381223)
(0.00014156311 0.027044665 -0.012283857)
(4.5208456e-05 0.015564904 -0.0072933709)
(3.0144434e-06 0.005033865 -0.0024424998)
(0.036540683 0.60127362 0.024895493)
(0.017694629 0.5005759 0.039890053)
(0.053818869 0.43122769 0.036982088)
(0.070518524 0.38775289 0.032199104)
(0.081425387 0.36191839 0.025700674)
(0.088900109 0.34684585 0.018727188)
(0.093250595 0.33814644 0.011893777)
(0.094994353 0.33323192 0.0052757401)
(0.094625578 0.33061696 -0.0011569849)
(0.092636819 0.32951359 -0.0073570018)
(0.089342382 0.32929026 -0.013296225)
(0.084999158 0.32954014 -0.018890291)
(0.079849289 0.32997838 -0.024038232)
(0.074124879 0.33038561 -0.028654282)
(0.068039031 0.33053257 -0.032687748)
(0.061779373 0.33008861 -0.036122296)
(0.055498965 0.32853467 -0.03895667)
(0.04932812 0.32518341 -0.041209238)
(0.043370323 0.31928662 -0.042910427)
(0.037708518 0.31022613 -0.04407232)
(0.032408376 0.29769753 -0.044695494)
(0.02751864 0.2817984 -0.044773759)
(0.023070785 0.2629962 -0.04430474)
(0.019079824 0.24200787 -0.043298532)
(0.01554746 0.21964988 -0.041776436)
(0.012464511 0.1967084 -0.039770828)
(0.0098122747 0.17385437 -0.037327592)
(0.0075644457 0.15160547 -0.034503078)
(0.0056894519 0.13032384 -0.031359955)
(0.004152699 0.11023508 -0.027963232)
(0.0029184171 0.091456101 -0.024376909)
(0.0019510459 0.074023755 -0.020661448)
(0.0012162355 0.057919944 -0.016872053)
(0.0006818785 0.043091573 -0.013057677)
(0.00031950059 0.029465375 -0.0092605838)
(0.00010464611 0.016958314 -0.0055162894)
(7.603518e-06 0.0054845237 -0.0018539632)
(0.039251515 0.61688265 0.0067499128)
(0.029364252 0.54719571 0.01361813)
(0.06991468 0.49431795 0.014462782)
(0.09302629 0.45514781 0.013873126)
(0.10737643 0.42661833 0.01197098)
(0.11657034 0.40574061 0.0093017878)
(0.12156955 0.39025465 0.0063028844)
(0.1231265 0.37848338 0.003180401)
(0.12199632 0.36942643 6.5750755e-05)
(0.11873694 0.36241989 -0.0029707888)
(0.11378481 0.35690076 -0.0058819446)
(0.10759813 0.35247827 -0.0086061509)
(0.10056097 0.3488979 -0.011078627)
(0.09298404 0.34589676 -0.013253036)
(0.085124612 0.34324961 -0.015105119)
(0.077188023 0.34063758 -0.0166302)
(0.069345817 0.3375993 -0.017839905)
(0.061729948 0.33339111 -0.018756355)
(0.054432858 0.32719854 -0.019403714)
(0.047526999 0.31824666 -0.019802305)
(0.041064899 0.30603076 -0.019966485)
(0.035085312 0.29045334 -0.019904742)
(0.029615343 0.27183381 -0.019621879)
(0.02467071 0.25080764 -0.01912222)
(0.020255926 0.22817267 -0.018412583)
(0.016364929 0.20474135 -0.017504378)
(0.012982147 0.18123467 -0.016414259)
(0.010083876 0.15822669 -0.015163569)
(0.0076399471 0.13613105 -0.013777082)
(0.0056155331 0.11521455 -0.012281454)
(0.0039729051 0.095623836 -0.010703683)
(0.0026729437 0.077415112 -0.0090698227)
(0.001676429 0.060581322 -0.0074040339)
(0.00094548382 0.045074358 -0.0057279781)
(0.00044580936 0.030821838 -0.0040604884)
(0.00014715052 0.017739053 -0.0024174219)
(1.1053689e-05 0.005737022 -0.00081184283)
(0.040140315 0.61344197 -0.01448425)
(0.028350148 0.54031414 -0.018068895)
(0.068316402 0.4890641 -0.012883852)
(0.091206643 0.45314261 -0.0087958614)
(0.10587703 0.42762558 -0.0053968185)
(0.11551228 0.40889034 -0.0027436415)
(0.12088932 0.39465392 -0.00080661586)
(0.12273644 0.38350193 0.00059597898)
(0.1217724 0.37459608 0.0016108924)
(0.11853141 0.36736619 0.0023644031)
(0.11354396 0.3614187 0.0029761357)
(0.10729575 0.35647178 0.0035127313)
(0.1001865 0.35229991 0.0040117251)
(0.092538885 0.34874444 0.0044914762)
(0.084623518 0.34559603 0.0049618964)
(0.076655307 0.3425315 0.0054251867)
(0.068806118 0.33905274 0.0058817104)
(0.061201241 0.33441386 0.0063240978)
(0.053929655 0.32780156 0.0067444228)
(0.04705996 0.31845411 0.00712828)
(0.040640996 0.3058873 0.0074564156)
(0.034708522 0.29002327 0.0077081986)
(0.029287214 0.27119333 0.0078649752)
(0.024390771 0.25003446 0.0079126412)
(0.020022112 0.22733696 0.0078430769)
(0.016174027 0.20390019 0.0076543068)
(0.012830115 0.18043021 0.0073500268)
(0.0099660071 0.157487 0.0069388342)
(0.0075511276 0.13547255 0.0064324115)
(0.0055507093 0.11464491 0.0058431319)
(0.0039273864 0.095144644 0.0051835053)
(0.0026425618 0.077024128 0.004466316)
(0.0016575406 0.06027409 0.0037041431)
(0.0009349542 0.04484534 0.0029089658)
(0.00044086887 0.030665141 0.002091889)
(0.00014561197 0.017648867 0.0012629884)
(1.0932509e-05 0.0057078582 0.00043111106)
(0.036635067 0.59176504 -0.032061061)
(0.014047708 0.48272903 -0.042055921)
(0.048489367 0.41782521 -0.034075443)
(0.063820281 0.38249155 -0.027146265)
(0.075174408 0.36385665 -0.019846166)
(0.08353785 0.35378134 -0.013187389)
(0.088772369 0.34806327 -0.0073834659)
(0.091166511 0.34461899 -0.0022528852)
(0.091298267 0.34249578 0.0023452299)
(0.089609415 0.34109412 0.0065294448)
(0.086427971 0.34007205 0.010377316)
(0.082100335 0.33923516 0.013914729)
(0.076946638 0.338454 0.017139681)
(0.071242536 0.33760499 0.020048375)
(0.065219333 0.33649794 0.022641759)
(0.059066224 0.33479741 0.024926483)
(0.052936459 0.33197401 0.026914143)
(0.046949085 0.32733573 0.028602403)
(0.041200085 0.32016729 0.029988088)
(0.035763996 0.30991946 0.031057648)
(0.030695675 0.29636519 0.031776707)
(0.026033981 0.27966269 0.032110592)
(0.021803392 0.26030754 0.0320387)
(0.018015274 0.23901042 0.03155274)
(0.014668574 0.21655564 0.030656857)
(0.011753862 0.19368359 0.029370847)
(0.0092528304 0.171017 0.027730127)
(0.0071330883 0.14903044 0.025779092)
(0.0053600204 0.12805163 0.02356183)
(0.003912101 0.10828105 0.021122009)
(0.00274913 0.089818734 0.018506932)
(0.0018375557 0.072691118 0.015762749)
(0.001145252 0.056874379 0.012932185)
(0.00064193759 0.042312883 0.010053753)
(0.0003007369 0.028932841 0.007161405)
(9.8440221e-05 0.016651884 0.0042843963)
(7.1532352e-06 0.0053854397 0.0014472966)
(0.029823423 0.56525809 -0.042312068)
(-0.0015921309 0.41924637 -0.053858153)
(0.025908654 0.34374374 -0.046159557)
(0.030708464 0.3136199 -0.03834842)
(0.037720425 0.30412248 -0.029114408)
(0.043400059 0.30298527 -0.020574742)
(0.047326346 0.30514199 -0.012721332)
(0.049602157 0.30849481 -0.0053495714)
(0.050449088 0.31217578 0.001664713)
(0.050113118 0.31577571 0.0082906238)
(0.048770168 0.31901896 0.0145097)
(0.046607531 0.32175517 0.020288004)
(0.043813734 0.32386257 0.025585774)
(0.040565096 0.32517484 0.030372812)
(0.037017841 0.32541558 0.0346332)
(0.033307464 0.32416001 0.038360405)
(0.029552588 0.32085869 0.041546527)
(0.025856685 0.31493942 0.044171016)
(0.022284135 0.30595889 0.046204209)
(0.018938167 0.29373944 0.047634489)
(0.015888468 0.27843249 0.048456437)
(0.01314829 0.2604888 0.048653357)
(0.010703871 0.24056093 0.048197492)
(0.0085967993 0.21938171 0.047084483)
(0.0068045958 0.19765774 0.045357811)
(0.0053051176 0.17599679 0.043082171)
(0.0040556688 0.15487354 0.040329508)
(0.0030269136 0.13462618 0.037174576)
(0.0022141843 0.11547113 0.033694097)
(0.0015775575 0.097526272 0.029965232)
(0.0010788686 0.080835444 0.026059628)
(0.00070254435 0.065390507 0.022041346)
(0.00042710973 0.051149248 0.017966717)
(0.00023364302 0.038048951 0.013884296)
(0.00010667602 0.026016119 0.0098351132)
(3.3782465e-05 0.014973121 0.0058531141)
(2.1508902e-06 0.0048425142 0.0019656694)
(0.024600427 0.54301259 -0.046031709)
(-0.013137497 0.37395291 -0.055780628)
(0.006088958 0.29860128 -0.051875275)
(0.0021474534 0.27831986 -0.043008569)
(0.0053244981 0.27652654 -0.033592818)
(0.0075337865 0.28065029 -0.024618832)
(0.0093531697 0.2864964 -0.015925597)
(0.010647878 0.29259949 -0.0074693578)
(0.011394643 0.2983834 0.00073749108)
(0.011658706 0.30359297 0.008612294)
(0.01150448 0.30803785 0.016095551)
(0.010975509 0.31154142 0.023111914)
(0.010135507 0.31388434 0.029592564)
(0.0090568286 0.31476725 0.035482019)
(0.0078145036 0.31380154 0.040736994)
(0.006483188 0.3105456 0.045321184)
(0.0051340649 0.30458909 0.049199789)
(0.0038565875 0.29566084 0.052331857)
(0.0026839099 0.28371913 0.054653121)
(0.0016680674 0.2689878 0.056066285)
(0.0007950614 0.25192527 0.056560589)
(0.00011839537 0.23314075 0.056175824)
(-0.00032305542 0.21329404 0.054979471)
(-0.00060521321 0.19301012 0.053060984)
(-0.00077356457 0.17282267 0.050511707)
(-0.00083153768 0.15314869 0.047429009)
(-0.00081398408 0.1342866 0.043909965)
(-0.00074228374 0.11642909 0.040050159)
(-0.00063415169 0.099682835 0.035941789)
(-0.00051803225 0.08408938 0.03166942)
(-0.00040028435 0.06964395 0.027305891)
(-0.00029013343 0.056310927 0.022912427)
(-0.00019409547 0.044035691 0.018540085)
(-0.00011599464 0.032753231 0.01423061)
(-5.7799675e-05 0.022394114 0.010017369)
(-2.0414524e-05 0.012888434 0.0059263725)
(-1.8759161e-06 0.0041683028 0.0019771949)
(0.020202071 0.52430137 -0.043829122)
(-0.023347923 0.3431643 -0.051068192)
(-0.012500543 0.27559676 -0.050654464)
(-0.021903194 0.2629005 -0.041742473)
(-0.023450898 0.2652856 -0.033390073)
(-0.024572448 0.2711809 -0.024921357)
(-0.02491588 0.27772806 -0.016427653)
(-0.02477918 0.2840093 -0.0080107114)
(-0.024346091 0.28958161 0.00025220086)
(-0.023716047 0.29413306 0.0082731103)
(-0.022898375 0.29748142 0.015958747)
(-0.022005537 0.29936402 0.023214027)
(-0.021076698 0.29947976 0.029942872)
(-0.020123129 0.2975079 0.036049772)
(-0.019135995 0.29314998 0.04144163)
(-0.018092414 0.28619164 0.046028972)
(-0.01698532 0.27656548 0.049729987)
(-0.015846805 0.26439052 0.052472155)
(-0.014531667 0.24997146 0.054210153)
(-0.013104421 0.23375964 0.055002883)
(-0.011706999 0.21628613 0.054873907)
(-0.010313197 0.19809643 0.053881803)
(-0.0089191661 0.17969442 0.052123674)
(-0.0076066341 0.16150389 0.04971325)
(-0.0063796712 0.14385245 0.046770081)
(-0.0052469477 0.12697247 0.043410966)
(-0.0042255325 0.11101234 0.039745879)
(-0.0033258154 0.096052328 0.035873633)
(-0.0025490111 0.082121095 0.031879908)
(-0.0018925488 0.069210459 0.02783573)
(-0.0013507833 0.057287558 0.02379845)
(-0.00091585099 0.046304194 0.019813817)
(-0.00057834973 0.036203676 0.015917487)
(-0.0003281861 0.026925616 0.012136499)
(-0.00015563145 0.018409146 0.0084906793)
(-5.1722671e-05 0.010594965 0.0049939386)
(-3.9440843e-06 0.003426576 0.0016552913)
(0.016784461 0.5098741 -0.035556255)
(-0.032709814 0.32069973 -0.042388913)
(-0.029690378 0.26088848 -0.041713822)
(-0.04359662 0.25211345 -0.035168919)
(-0.049850156 0.25439947 -0.028487111)
(-0.054221995 0.25848103 -0.021499952)
(-0.056610595 0.26277689 -0.01432902)
(-0.057494832 0.26665939 -0.007102387)
(-0.057176584 0.26966757 0.00010045711)
(-0.055948907 0.27137041 0.0072029325)
(-0.053940646 0.27159968 0.014031811)
(-0.051374438 0.27007207 0.020472339)
(-0.048392106 0.26656133 0.026402561)
(-0.045103689 0.26091786 0.031698386)
(-0.041598982 0.25309603 0.036240723)
(-0.037958771 0.24317391 0.039933814)
(-0.034261302 0.23135656 0.042709864)
(-0.030573706 0.21795849 0.044538653)
(-0.026955402 0.20337254 0.045455276)
(-0.023513997 0.18802272 0.045525446)
(-0.020253842 0.17231642 0.044823282)
(-0.017215495 0.15661556 0.04344086)
(-0.014433224 0.14121795 0.041491696)
(-0.011927761 0.12635041 0.039092024)
(-0.0097098832 0.11217176 0.036351087)
(-0.0077763797 0.098781786 0.033369753)
(-0.0061145444 0.086232552 0.030237179)
(-0.0047082173 0.07453986 0.027028187)
(-0.0035371954 0.063693443 0.023803172)
(-0.0025791055 0.053665372 0.020609484)
(-0.0018108678 0.044416591 0.017483201)
(-0.0012096723 0.035901738 0.014450955)
(-0.00075361927 0.028072577 0.011531647)
(-0.00042235496 0.020880336 0.0087379865)
(-0.00019788013 0.014277247 0.0060777988)
(-6.4893069e-05 0.0082174909 0.0035551459)
(-4.7678955e-06 0.0026577551 0.0011711226)
(0.016775806 0.50140586 -0.022566731)
(-0.039886747 0.30713708 -0.028426306)
(-0.043914691 0.25031287 -0.027567997)
(-0.061576836 0.24126558 -0.023548479)
(-0.071719487 0.23962401 -0.019344274)
(-0.078893419 0.2385267 -0.014811816)
(-0.082997345 0.23736454 -0.01005986)
(-0.084609622 0.23579829 -0.0051776832)
(-0.084105231 0.23353433 -0.0002367459)
(-0.081976443 0.23030092 0.0046599084)
(-0.078545839 0.22596887 0.0093807736)
(-0.074094469 0.22039795 0.013809114)
(-0.068900734 0.21352112 0.01783072)
(-0.063213271 0.20534727 0.02132788)
(-0.057248818 0.19596872 0.024229805)
(-0.051204209 0.18554855 0.026487609)
(-0.045242903 0.17429996 0.028070163)
(-0.039500032 0.16246929 0.028986758)
(-0.034080346 0.15031115 0.029278793)
(-0.029060132 0.13806574 0.029003163)
(-0.024486936 0.12594309 0.028232404)
(-0.020386697 0.11411529 0.027053279)
(-0.016764218 0.1027139 0.025555775)
(-0.013607371 0.091831966 0.023824271)
(-0.010892064 0.081529018 0.021933083)
(-0.0085862121 0.071837199 0.019945382)
(-0.0066530294 0.062767488 0.017913465)
(-0.0050536321 0.054315216 0.015879002)
(-0.0037490357 0.046464646 0.013874488)
(-0.0027016562 0.039192572 0.011924041)
(-0.0018762837 0.03247106 0.010044774)
(-0.0012406085 0.026269466 0.0082481499)
(-0.00076545444 0.020555881 0.0065412119)
(-0.00042498917 0.015298165 0.0049276125)
(-0.00019722086 0.01046466 0.0034084641)
(-6.38604e-05 0.006024667 0.0019830454)
(-4.4851907e-06 0.0019487753 0.000649234)
(0.017583235 0.49735758 -0.0074628926)
(-0.044094042 0.300467 -0.0098076864)
(-0.051857706 0.24394761 -0.0094962498)
(-0.071854146 0.23337273 -0.008384892)
(-0.084204067 0.2276324 -0.0072451272)
(-0.092975336 0.22159552 -0.0059819282)
(-0.09799329 0.21523951 -0.0046087671)
(-0.099899419 0.20851235 -0.0031306519)
(-0.099164478 0.201366 -0.0015551707)
(-0.096311636 0.19382871 1.9234338e-05)
(-0.09178953 0.1858482 0.0015758988)
(-0.085996718 0.17742826 0.003061667)
(-0.079304717 0.16860645 0.0044244044)
(-0.072058285 0.15944593 0.0056234528)
(-0.064571221 0.15002513 0.006630768)
(-0.057096006 0.14043551 0.0074157039)
(-0.049847764 0.13077849 0.0079710131)
(-0.042989143 0.12115357 0.0083015073)
(-0.036635785 0.11165389 0.008422489)
(-0.030859409 0.1023743 0.0083566111)
(-0.025695088 0.093376412 0.0081318224)
(-0.021148163 0.084708983 0.0077788632)
(-0.017200146 0.07640858 0.0073282644)
(-0.013815964 0.068501029 0.0068081004)
(-0.010950163 0.061002753 0.0062428926)
(-0.0085521549 0.053922281 0.005653137)
(-0.0065687375 0.047261509 0.0050552663)
(-0.0049483654 0.041017284 0.0044616765)
(-0.0036425157 0.035182276 0.0038818308)
(-0.0026057261 0.029745551 0.0033223961)
(-0.0017971764 0.024693455 0.0027877719)
(-0.0011805414 0.020010218 0.0022806119)
(-0.00072385915 0.015678489 0.0018022689)
(-0.00039948056 0.011679816 0.0013531517)
(-0.00018422319 0.0079950801 0.0009330018)
(-5.9220136e-05 0.0046048708 0.00054114899)
(-4.0441933e-06 0.0014898143 0.0001765641)
(0.01760731 0.49755787 0.0085834002)
(-0.043814478 0.30084814 0.010619296)
(-0.051354333 0.24440926 0.0098617509)
(-0.071206453 0.23406675 0.0079494144)
(-0.083420672 0.22872626 0.0058352349)
(-0.092103055 0.22311428 0.0035510716)
(-0.097067364 0.21718061 0.001206683)
(-0.098923559 0.21088135 -0.0011238147)
(-0.098227759 0.20406521 -0.0034049509)
(-0.095472769 0.19671902 -0.0055578077)
(-0.091047395 0.18881615 -0.0075380235)
(-0.085350802 0.18037808 -0.0093004188)
(-0.078755873 0.17145644 -0.010809546)
(-0.071602451 0.16213085 -0.012043512)
(-0.06419929 0.15249652 -0.012985237)
(-0.056798276 0.14266262 -0.013624255)
(-0.049613541 0.13274757 -0.013969768)
(-0.042807451 0.12286504 -0.014040558)
(-0.036496204 0.11311879 -0.013864839)
(-0.030753498 0.10359831 -0.013476505)
(-0.025616121 0.094380654 -0.012913098)
(-0.021090009 0.085525409 -0.012212898)
(-0.017157867 0.077065878 -0.011412033)
(-0.013785813 0.069025269 -0.010542648)
(-0.010929129 0.061417253 -0.0096321637)
(-0.0085378372 0.054247439 -0.0087032226)
(-0.0065592662 0.047514777 -0.0077739971)
(-0.0049423093 0.041213289 -0.0068584582)
(-0.0036388015 0.035333032 -0.0059675443)
(-0.0026035687 0.029860747 -0.0051092513)
(-0.0017960137 0.024780756 -0.0042891025)
(-0.0011799778 0.020075577 -0.0035106111)
(-0.00072363064 0.015726441 -0.0027756909)
(-0.00039940922 0.011713746 -0.0020850123)
(-0.00018424405 0.0080174602 -0.0014383026)
(-5.9207766e-05 0.0046174636 -0.00083455451)
(-4.060407e-06 0.0014938449 -0.00027232621)
(0.016858883 0.50198538 0.023452359)
(-0.039143886 0.30823279 0.028840908)
(-0.042522397 0.25150679 0.027594409)
(-0.059790351 0.24292636 0.022813933)
(-0.069551839 0.24215118 0.017706115)
(-0.076460256 0.24199256 0.01225647)
(-0.080431136 0.24169494 0.0066477843)
(-0.082067626 0.24083778 0.001010893)
(-0.08172642 0.23904258 -0.0045781039)
(-0.079741574 0.23615863 -0.009951111)
(-0.076493452 0.23198116 -0.015010354)
(-0.072262313 0.22638974 -0.019655556)
(-0.067304358 0.21934118 -0.023788087)
(-0.061851664 0.21087239 -0.027318071)
(-0.056112621 0.201098 -0.030169939)
(-0.050269092 0.19020891 -0.032301941)
(-0.044485528 0.17845135 -0.033708636)
(-0.038894513 0.16609797 -0.034404751)
(-0.033601581 0.15342669 -0.034439908)
(-0.028685885 0.14069625 -0.03388007)
(-0.024197787 0.1281301 -0.032805724)
(-0.020166078 0.11590824 -0.031310706)
(-0.016598216 0.10416515 -0.02949083)
(-0.013484352 0.092993133 -0.027434985)
(-0.010802317 0.082448406 -0.025221007)
(-0.0085218293 0.072558318 -0.022914383)
(-0.0066076704 0.06332831 -0.02056884)
(-0.0050223297 0.054748026 -0.018227471)
(-0.0037279785 0.04679626 -0.015924365)
(-0.002687941 0.039444784 -0.013685203)
(-0.0018677133 0.032661218 -0.01152848)
(-0.0012355421 0.026411085 -0.0094667732)
(-0.00076267992 0.020659272 -0.0075079174)
(-0.00042364182 0.015371012 -0.0056560376)
(-0.00019666817 0.01051255 -0.0039124216)
(-6.3735129e-05 0.0060515552 -0.0022762224)
(-4.4751122e-06 0.0019573725 -0.00074512731)
(0.017013581 0.51079517 0.03597059)
(-0.031639315 0.32243029 0.042190607)
(-0.027716742 0.26244129 0.041172043)
(-0.041155484 0.25399649 0.033922491)
(-0.046949498 0.25696572 0.026426605)
(-0.051014328 0.2617809 0.018642451)
(-0.053269024 0.26668993 0.010741415)
(-0.054168454 0.27101052 0.0028914184)
(-0.053969532 0.27426991 -0.0047819266)
(-0.052869318 0.27619351 -0.012192955)
(-0.051080366 0.2765223 -0.019232004)
(-0.048767638 0.27499888 -0.025792225)
(-0.046056287 0.27140855 -0.031762911)
(-0.043045159 0.26560694 -0.037033892)
(-0.039814595 0.2575517 -0.041502368)
(-0.036435115 0.24732731 -0.045079002)
(-0.03297708 0.23515092 -0.047705753)
(-0.029508253 0.22135347 -0.049356531)
(-0.026077085 0.20634696 -0.050066175)
(-0.022800256 0.19057554 -0.049902342)
(-0.019683165 0.174465 -0.048947326)
(-0.016763834 0.15839113 -0.047302097)
(-0.014079646 0.1426605 -0.045083974)
(-0.011654359 0.12750398 -0.042411583)
(-0.0094973158 0.11308073 -0.039395272)
(-0.0076133493 0.099488224 -0.036136615)
(-0.0059922958 0.08677459 -0.032726004)
(-0.0046178793 0.074950846 -0.029240618)
(-0.0034718012 0.064001647 -0.025743353)
(-0.0025330694 0.053894092 -0.02228371)
(-0.0017796246 0.044584514 -0.018899551)
(-0.0011894843 0.03602346 -0.015618924)
(-0.00074145657 0.028159183 -0.01246178)
(-0.00041576825 0.020939996 -0.0094415271)
(-0.0001949329 0.014315779 -0.0065663795)
(-6.3961366e-05 0.0082388703 -0.0038404686)
(-4.7282916e-06 0.0026645525 -0.0012648779)
(0.020556865 0.52554544 0.043528349)
(-0.022107342 0.3454747 0.050321215)
(-0.010306283 0.27752317 0.049365891)
(-0.019245935 0.26473528 0.039978988)
(-0.020388672 0.26733718 0.030890293)
(-0.021243539 0.27352054 0.021787184)
(-0.021497465 0.28027896 0.012737926)
(-0.021395811 0.28666255 0.0038692903)
(-0.021049818 0.29224661 -0.0047267113)
(-0.020526679 0.29680617 -0.012970733)
(-0.019899279 0.30013643 -0.020779704)
(-0.019222328 0.30198862 -0.028071006)
(-0.018522383 0.30206934 -0.034763733)
(-0.017805185 0.30005605 -0.040779316)
(-0.017058187 0.29564079 -0.046040144)
(-0.016254517 0.28859649 -0.050470038)
(-0.015371138 0.27884538 -0.053998227)
(-0.014437669 0.26650271 -0.056560127)
(-0.01334115 0.25187736 -0.058100768)
(-0.012096075 0.23543177 -0.058681915)
(-0.010847677 0.21771209 -0.058341785)
(-0.0095932107 0.1992786 -0.057137311)
(-0.0083235982 0.18064729 -0.05516427)
(-0.0071138269 0.16225047 -0.052534653)
(-0.0059774716 0.14442061 -0.049366627)
(-0.0049293128 0.12739182 -0.04577683)
(-0.0039773998 0.11131178 -0.041878168)
(-0.0031343109 0.096258403 -0.037772214)
(-0.0024049065 0.082256961 -0.033546937)
(-0.0017873247 0.069295493 -0.029275617)
(-0.0012767325 0.057337349 -0.025017461)
(-0.00086622055 0.046330809 -0.02081965)
(-0.00054730241 0.036216077 -0.016718893)
(-0.00031070993 0.02693014 -0.012742934)
(-0.00014737744 0.018409992 -0.0089120025)
(-4.9024655e-05 0.010594655 -0.0052400909)
(-3.7305674e-06 0.0034263587 -0.0017362082)
(0.024959312 0.54413337 0.044967033)
(-0.011925518 0.37646514 0.054382493)
(0.0081879564 0.30104366 0.049881763)
(0.0048171537 0.28033112 0.040679771)
(0.0081753645 0.27835964 0.030740529)
(0.010632894 0.28242622 0.021277693)
(0.012499272 0.28822924 0.012170757)
(0.013733536 0.29426911 0.0033854403)
(0.014401711 0.29998259 -0.0050647913)
(0.014556997 0.30509959 -0.01309475)
(0.014248616 0.30943723 -0.020636589)
(0.013543148 0.31283046 -0.027627283)
(0.012516774 0.31507179 -0.034013675)
(0.01124762 0.31586959 -0.039757453)
(0.0098132244 0.31483573 -0.044831999)
(0.0082886301 0.31152122 -0.049214677)
(0.006761657 0.30550325 -0.052880611)
(0.0053177782 0.29649857 -0.055799363)
(0.0039611117 0.28445872 -0.057913959)
(0.0027669257 0.2696081 -0.059126959)
(0.0017377557 0.25241196 -0.059416446)
(0.0009252533 0.23348964 -0.058822716)
(0.00036368015 0.21351124 -0.057415048)
(-2.8327196e-05 0.19310999 -0.055283136)
(-0.00030059148 0.17282512 -0.052519102)
(-0.00044706409 0.1530761 -0.049225343)
(-0.00050394632 0.1341613 -0.045502707)
(-0.00050194359 0.11627158 -0.041447445)
(-0.00045011607 0.099510711 -0.037151356)
(-0.00038116503 0.083916891 -0.032699144)
(-0.00030235387 0.069482004 -0.02816473)
(-0.00022347845 0.056167348 -0.023610253)
(-0.00015177839 0.043915614 -0.019087367)
(-9.1806892e-05 0.032659563 -0.014638099)
(-4.6240621e-05 0.022327989 -0.010295823)
(-1.6498532e-05 0.01284964 -0.0060862562)
(-1.5687861e-06 0.0041556485 -0.0020286132)
(0.030323927 0.56603564 0.040651551)
(-0.00052640733 0.42157861 0.051748525)
(0.027549961 0.34639977 0.043648285)
(0.033036907 0.31593456 0.03547676)
(0.040209627 0.30608636 0.025965139)
(0.046019018 0.30470939 0.017086879)
(0.049945346 0.30668518 0.0089235748)
(0.052112713 0.30989876 0.0012482928)
(0.052885084 0.31350738 -0.0059189036)
(0.052440621 0.31697601 -0.012607648)
(0.050953238 0.32005419 -0.018814567)
(0.048625086 0.32260802 -0.024509138)
(0.045658179 0.32452985 -0.029663094)
(0.042235974 0.32566535 -0.034261755)
(0.038518911 0.32574535 -0.03830485)
(0.034646146 0.32434551 -0.041797441)
(0.030740193 0.32091093 -0.044737254)
(0.026895295 0.31486212 -0.047107782)
(0.023194038 0.30575139 -0.048894466)
(0.019737489 0.29340219 -0.050098845)
(0.016582812 0.2779717 -0.05071354)
(0.013739327 0.25991894 -0.050711859)
(0.011203989 0.23990448 -0.050059094)
(0.0090182852 0.21866663 -0.048750604)
(0.0071510422 0.19691393 -0.046832132)
(0.0055845973 0.17525281 -0.044370099)
(0.0042898914 0.15415425 -0.041439224)
(0.003214879 0.13395156 -0.038117407)
(0.0023554837 0.11485608 -0.034481739)
(0.001684426 0.096980894 -0.03060999)
(0.0011566632 0.080365747 -0.026574685)
(0.00075617974 0.06499913 -0.022440456)
(0.00046152631 0.050836204 -0.018263845)
(0.00025349099 0.037812295 -0.014093234)
(0.00011627539 0.025852524 -0.0099691504)
(3.7019691e-05 0.014878346 -0.0059247365)
(2.4209431e-06 0.0048117733 -0.0019865095)
(0.036783431 0.59202887 0.030016878)
(0.014833995 0.48411399 0.03921289)
(0.049659263 0.41960437 0.031023994)
(0.065444616 0.3841512 0.023885339)
(0.076905609 0.36524451 0.016416761)
(0.085274584 0.35492223 0.0095301535)
(0.090314757 0.34895906 0.0035027255)
(0.09261609 0.34543116 -0.0017475939)
(0.092705381 0.34320154 -0.0064019717)
(0.090869692 0.34165468 -0.010600665)
(0.08751863 0.34046873 -0.014400445)
(0.083031198 0.33945924 -0.017824998)
(0.077731341 0.3385042 -0.020884936)
(0.071894391 0.33748597 -0.023588574)
(0.065752973 0.33621714 -0.025954168)
(0.059498553 0.33435861 -0.028001751)
(0.053284895 0.33137282 -0.029752347)
(0.047229155 0.32656011 -0.031210742)
(0.041426206 0.31920527 -0.032377059)
(0.0359477 0.30876892 -0.033235392)
(0.030845835 0.29504069 -0.033747566)
(0.026157479 0.27819741 -0.033879678)
(0.021905564 0.25874906 -0.033612246)
(0.018100479 0.23741316 -0.032937511)
(0.01474043 0.21497319 -0.031860391)
(0.011812885 0.19216295 -0.030401108)
(0.0092997423 0.16959544 -0.028593798)
(0.007174547 0.14773467 -0.026484045)
(0.0053934983 0.12689853 -0.024121271)
(0.0039385064 0.10727928 -0.021551616)
(0.0027693455 0.088970523 -0.018823631)
(0.0018522934 0.07199406 -0.015984183)
(0.0011552537 0.056322896 -0.013076202)
(0.0006480457 0.041899399 -0.010137881)
(0.00030385381 0.028648667 -0.0072023833)
(9.9604103e-05 0.016487849 -0.0042977998)
(7.2708977e-06 0.0053323214 -0.001447439)
(0.040195683 0.61324467 0.012148056)
(0.029028739 0.54019185 0.014715235)
(0.069015173 0.48887075 0.0095396027)
(0.091914123 0.45274109 0.0054347345)
(0.10641402 0.42700434 0.0019744531)
(0.11583385 0.40810333 -0.00079632153)
(0.12104904 0.39372144 -0.0028700106)
(0.12273617 0.38248406 -0.0043269819)
(0.1214905 0.37351033 -0.0053955456)
(0.11800533 0.36623706 -0.0061752113)
(0.11285056 0.3602664 -0.0067427639)
(0.10648565 0.35530696 -0.0071772447)
(0.099304601 0.35112448 -0.0075309084)
(0.09162005 0.34754853 -0.0078419453)
(0.083689731 0.34437589 -0.0081270946)
(0.075732761 0.3412681 -0.0083966724)
(0.067916468 0.33769596 -0.0086574461)
(0.060359715 0.33291463 -0.0089076427)
(0.0531484 0.32610618 -0.0091419047)
(0.046346644 0.31652883 -0.0093450505)
(0.040000098 0.30373308 -0.0094961578)
(0.034142052 0.2876789 -0.0095726372)
(0.028794945 0.26872712 -0.0095542761)
(0.023970443 0.24752959 -0.0094263231)
(0.019669736 0.22487653 -0.0091811674)
(0.01588425 0.2015563 -0.0088184192)
(0.012596713 0.17825822 -0.0083439165)
(0.0097824017 0.15552437 -0.0077685512)
(0.0074106231 0.13374058 -0.0071068981)
(0.0054466718 0.11315189 -0.0063745279)
(0.0038534091 0.093889308 -0.005586654)
(0.0025926322 0.075998715 -0.0047580403)
(0.0016261727 0.059466876 -0.0039024635)
(0.0009172453 0.044242486 -0.0030323387)
(0.00043254821 0.030251996 -0.0021585312)
(0.00014283284 0.017410813 -0.0012902776)
(1.07365e-05 0.0056308345 -0.00043531475)
(0.039855408 0.61592661 -0.0094771277)
(0.029884931 0.54447708 -0.017154517)
(0.069887567 0.49082589 -0.017625299)
(0.092427189 0.45141984 -0.016894099)
(0.1062884 0.42295136 -0.014984316)
(0.11508167 0.4022649 -0.012397013)
(0.11977052 0.38700751 -0.0095249087)
(0.12105566 0.37543142 -0.0065858085)
(0.1196611 0.36664789 -0.0035941173)
(0.11623126 0.35988777 -0.00059290769)
(0.1112189 0.35459045 0.0023258504)
(0.10501579 0.35035419 0.0050873286)
(0.09798952 0.34688786 0.0076245806)
(0.090461788 0.34398552 0.0098793171)
(0.082699407 0.34141736 0.011826181)
(0.074898303 0.3388362 0.01345711)
(0.067216205 0.33573443 0.014779421)
(0.059773157 0.3313638 0.015810577)
(0.052656383 0.32491751 0.016575528)
(0.0459332 0.31565592 0.017095503)
(0.039651809 0.30312885 0.017386543)
(0.033847923 0.28729524 0.017459259)
(0.02854626 0.2685166 0.017320496)
(0.023760432 0.2474481 0.016975971)
(0.019493137 0.22488551 0.016432969)
(0.015736894 0.20162402 0.015702105)
(0.012475153 0.17835996 0.014797905)
(0.0096836901 0.1556418 0.013738462)
(0.007332253 0.13386075 0.012544586)
(0.0053863093 0.11326609 0.011238744)
(0.0038087334 0.093992004 0.0098439659)
(0.0025612544 0.076086675 0.008382887)
(0.0016056662 0.05953848 0.0068769922)
(0.00090521101 0.044297222 0.0053460776)
(0.00042662174 0.030290089 0.0038078949)
(0.0001407904 0.017432963 0.0022779628)
(1.0547325e-05 0.0056380293 0.00076943595)
(0.037047276 0.59875317 -0.027931487)
(0.01730841 0.49410081 -0.042887874)
(0.052370734 0.42385609 -0.039304054)
(0.067943668 0.38092821 -0.034451755)
(0.078193336 0.35609867 -0.028056238)
(0.085227076 0.34201586 -0.021299483)
(0.089285705 0.33415488 -0.014708131)
(0.090850386 0.32991189 -0.0083172116)
(0.090398779 0.32782118 -0.0020550092)
(0.088340203 0.32707676 0.004037116)
(0.085020672 0.32714096 0.009876046)
(0.080726174 0.32760416 0.015378896)
(0.075693265 0.32819049 0.020450474)
(0.070142573 0.32868162 0.025011116)
(0.064276139 0.32883272 0.029006463)
(0.05826767 0.32828642 0.032416824)
(0.052264343 0.32650625 0.035253202)
(0.046383336 0.32279997 0.037529521)
(0.040722439 0.31644857 0.039268865)
(0.035358041 0.30689954 0.04048746)
(0.030348309 0.29392613 0.041181759)
(0.02573561 0.27769375 0.041346689)
(0.021546468 0.25871121 0.040986858)
(0.017793729 0.23770594 0.040116663)
(0.014478431 0.2154796 0.038757773)
(0.011590756 0.19278834 0.036942759)
(0.0091115698 0.1702678 0.034715644)
(0.0070145975 0.14840228 0.032128977)
(0.0052688549 0.12752641 0.029240296)
(0.0038407338 0.10784528 0.026108828)
(0.0026957972 0.089461998 0.022792749)
(0.0018000294 0.072405028 0.019347121)
(0.0011207685 0.056651938 0.015822479)
(0.00062761143 0.042148094 0.01226399)
(0.0002937166 0.028820471 0.0087110432)
(9.603286e-05 0.016587315 0.0051971567)
(6.9395445e-06 0.0053645711 0.0017500993)
(0.032590154 0.57474854 -0.040003973)
(0.0040508093 0.43338084 -0.057823615)
(0.032929136 0.35059185 -0.052231458)
(0.039509095 0.31137749 -0.045188328)
(0.045734566 0.29547189 -0.036104495)
(0.050370982 0.29050416 -0.027090041)
(0.053156681 0.29061527 -0.018440627)
(0.054418571 0.29301772 -0.010019321)
(0.054416872 0.29646606 -0.0017278618)
(0.053412947 0.3004135 0.0064194695)
(0.051589183 0.30447654 0.014335962)
(0.049085637 0.30837722 0.021874169)
(0.046037421 0.31188036 0.028887303)
(0.04258324 0.31472915 0.035255628)
(0.038857384 0.31658257 0.040895463)
(0.034983667 0.31696909 0.045758386)
(0.031075406 0.31529462 0.049819063)
(0.027223093 0.31093311 0.053062724)
(0.023515803 0.30337823 0.05548773)
(0.020034251 0.2923925 0.057105992)
(0.016836639 0.27808515 0.057929381)
(0.013962402 0.26089237 0.057976873)
(0.011392376 0.24147912 0.057262543)
(0.0091567328 0.22061067 0.055789621)
(0.0072530415 0.19903547 0.053604813)
(0.0056505469 0.17740357 0.050785586)
(0.0043226407 0.15622731 0.047421867)
(0.0032395497 0.13587504 0.043607859)
(0.002370111 0.11658562 0.039437243)
(0.0016840012 0.098492643 0.034999467)
(0.0011530159 0.08165033 0.030377077)
(0.00075161219 0.066057008 0.025644088)
(0.00045718817 0.051674187 0.020865238)
(0.00025019173 0.038441045 0.016095897)
(0.00011430427 0.026284826 0.011382394)
(3.6229196e-05 0.015127944 0.0067626101)
(2.3271477e-06 0.004892607 0.0022666904)
(0.028265726 0.55335784 -0.046946285)
(-0.005723848 0.38737637 -0.06410889)
(0.017483916 0.30308664 -0.059060691)
(0.015942963 0.27397938 -0.050809319)
(0.019087506 0.26767119 -0.040358118)
(0.021059211 0.26966789 -0.03028906)
(0.022087178 0.27422547 -0.020533681)
(0.02239537 0.27953765 -0.010956199)
(0.022119358 0.28494951 -0.0014929549)
(0.021383793 0.29023482 0.0078414161)
(0.020279485 0.29524315 0.016943538)
(0.018872961 0.2997892 0.02565486)
(0.017228401 0.3036051 0.033808957)
(0.015411279 0.30631733 0.041258503)
(0.013487047 0.30744264 0.047888324)
(0.011520044 0.30642124 0.053615639)
(0.0095871168 0.30270154 0.058382511)
(0.0077533184 0.29586244 0.062148278)
(0.0060555524 0.28572871 0.064880851)
(0.0045277837 0.27243056 0.066555638)
(0.0032584444 0.25638535 0.067144313)
(0.0021436894 0.23821433 0.066671783)
(0.0012933811 0.21862867 0.065218475)
(0.00071154462 0.19832514 0.062907015)
(0.00027944795 0.17791284 0.05984575)
(-1.1500538e-05 0.15787655 0.056149961)
(-0.00018236643 0.13856995 0.051940258)
(-0.00026535063 0.12022741 0.047334852)
(-0.00028731649 0.10298499 0.042444048)
(-0.00026948019 0.086903591 0.037366946)
(-0.00022852832 0.071990334 0.032189884)
(-0.00017719829 0.058216172 0.026986148)
(-0.00012475905 0.045529484 0.0218165)
(-7.7621553e-05 0.033865975 0.016730196)
(-4.0024409e-05 0.02315554 0.01176623)
(-1.4631433e-05 0.013326825 0.0069546384)
(-1.4590311e-06 0.0043101046 0.0023177212)
(0.024633479 0.53479865 -0.049779551)
(-0.014565613 0.35336045 -0.063980216)
(0.0026187295 0.27529872 -0.06155624)
(-0.0046877467 0.25719153 -0.051588014)
(-0.0041453102 0.25834008 -0.041072229)
(-0.0047099249 0.26451936 -0.030714515)
(-0.0052273709 0.27138984 -0.020513498)
(-0.0058026343 0.27779651 -0.01046615)
(-0.006421704 0.28350125 -0.00055911817)
(-0.0070473753 0.2885059 0.0091903134)
(-0.0076314839 0.29275662 0.018678699)
(-0.0081733032 0.29607019 0.02775475)
(-0.0086617905 0.29812436 0.036246671)
(-0.0090816056 0.29848679 0.043987053)
(-0.0094125376 0.29667641 0.050827289)
(-0.0096297283 0.29225527 0.056643431)
(-0.0097075464 0.28493076 0.061335465)
(-0.009589767 0.27463677 0.064825751)
(-0.0093440654 0.26156402 0.067083444)
(-0.0089004991 0.24612897 0.068103693)
(-0.0082428801 0.22890054 0.067983935)
(-0.0075157759 0.21050713 0.066798972)
(-0.0067286658 0.19155485 0.064644569)
(-0.0058937683 0.17257163 0.061660078)
(-0.0050511003 0.15397733 0.058008003)
(-0.0042355321 0.13607802 0.053838056)
(-0.0034696295 0.11907655 0.049287088)
(-0.0027706079 0.10309076 0.044477813)
(-0.0021498539 0.088173338 0.039516507)
(-0.0016132408 0.074330059 0.034492378)
(-0.001162105 0.061534947 0.029478269)
(-0.00079430352 0.049741976 0.024532159)
(-0.00050517488 0.038893655 0.019699005)
(-0.00028850811 0.028927046 0.015012676)
(-0.00013764752 0.019777798 0.010497793)
(-4.6089037e-05 0.011382723 0.0061713976)
(-3.5916816e-06 0.003681356 0.002044342)
(0.020973356 0.51784423 -0.047754102)
(-0.023001982 0.32665581 -0.05839275)
(-0.012894054 0.25724433 -0.058169637)
(-0.023836947 0.24702268 -0.048126437)
(-0.026964346 0.25227636 -0.038484018)
(-0.029595325 0.26016839 -0.028569553)
(-0.031366595 0.26772915 -0.018665972)
(-0.032508056 0.27422968 -0.0088667273)
(-0.033115435 0.27940886 0.00079327733)
(-0.03327585 0.28331165 0.010262539)
(-0.03302984 0.28582888 0.019427842)
(-0.032426831 0.28671405 0.028132857)
(-0.031501568 0.28567195 0.036194337)
(-0.03028342 0.28240548 0.04342585)
(-0.028799861 0.27667026 0.049657187)
(-0.02708675 0.26835339 0.054747554)
(-0.025148558 0.25752157 0.058591619)
(-0.023048813 0.24443245 0.061171796)
(-0.020853091 0.22949869 0.062487528)
(-0.018582979 0.21322619 0.062610283)
(-0.016359694 0.19614706 0.061649089)
(-0.014164026 0.17875845 0.059742971)
(-0.012063906 0.16148357 0.057049588)
(-0.010120776 0.14465402 0.05373165)
(-0.0083484561 0.12850906 0.049944523)
(-0.0067636555 0.11320518 0.045829933)
(-0.0053731115 0.098831022 0.041510631)
(-0.004175151 0.085423187 0.037089297)
(-0.0031620786 0.072980857 0.032649128)
(-0.0023220873 0.061477811 0.02825548)
(-0.0016407554 0.050871783 0.023958106)
(-0.0011022349 0.041111332 0.019793592)
(-0.00069017224 0.03214068 0.015787726)
(-0.00038858364 0.023902985 0.011957643)
(-0.00018287516 0.016342443 0.0083136782)
(-6.02699e-05 0.0094055708 0.0048609332)
(-4.4990097e-06 0.0030419264 0.0016004676)
(0.017632823 0.50358182 -0.040419115)
(-0.031200033 0.3050248 -0.049561608)
(-0.028424408 0.24321293 -0.048811557)
(-0.042530786 0.23675318 -0.040811836)
(-0.049151407 0.24185537 -0.032585207)
(-0.053911998 0.24823947 -0.024040264)
(-0.056768133 0.25411835 -0.015363312)
(-0.058167633 0.2588878 -0.0066922299)
(-0.058368574 0.26219895 0.0018873984)
(-0.05758445 0.26381508 0.010258425)
(-0.055961482 0.26359011 0.018285102)
(-0.053655116 0.26134674 0.025795387)
(-0.050787981 0.25694863 0.032601206)
(-0.047473789 0.25032828 0.038519666)
(-0.04382475 0.24153227 0.043396345)
(-0.039950229 0.23073801 0.047135076)
(-0.035952903 0.21824251 0.04970217)
(-0.031956388 0.20442774 0.051112025)
(-0.028034154 0.18971779 0.051432828)
(-0.02427465 0.17453364 0.050774687)
(-0.020747089 0.15925577 0.049275578)
(-0.017498052 0.1442013 0.047090409)
(-0.014559174 0.12961476 0.044377494)
(-0.011944579 0.11566963 0.041281371)
(-0.0096540485 0.102477 0.037928993)
(-0.0076772847 0.090097341 0.034429034)
(-0.0059962218 0.078552484 0.030870735)
(-0.0045876983 0.067836458 0.027324576)
(-0.003425771 0.057924393 0.023844164)
(-0.0024834982 0.048779447 0.020468659)
(-0.0017342291 0.040357924 0.017225321)
(-0.0011524647 0.032612893 0.014131906)
(-0.00071439995 0.025496658 0.011198784)
(-0.00039840387 0.018962368 0.0084307199)
(-0.00018570012 0.012965009 0.005828334)
(-6.0468232e-05 0.0074619803 0.0033892755)
(-4.3237955e-06 0.0024133768 0.0011090483)
(0.016498432 0.49414439 -0.028422642)
(-0.038277519 0.29027036 -0.036028961)
(-0.041781897 0.23187696 -0.0348257)
(-0.059010354 0.22469475 -0.029406104)
(-0.068714039 0.22573842 -0.02359391)
(-0.07544669 0.22725217 -0.017417379)
(-0.079205647 0.22840123 -0.011041876)
(-0.080604526 0.22875417 -0.0045967188)
(-0.080047856 0.22798064 0.0018163302)
(-0.077914635 0.22582355 0.0080688141)
(-0.074505846 0.22217828 0.013991555)
(-0.070120123 0.21694236 0.019428158)
(-0.065019445 0.21010543 0.024214872)
(-0.059441686 0.20175304 0.028228175)
(-0.053611084 0.19205729 0.031390855)
(-0.047721854 0.18125652 0.033652815)
(-0.041939885 0.16963591 0.035019528)
(-0.036402032 0.15749598 0.035540585)
(-0.031211603 0.14512576 0.035301954)
(-0.026441705 0.13278185 0.034414589)
(-0.022135328 0.12067593 0.032999988)
(-0.018309708 0.10897063 0.031180208)
(-0.014960936 0.097781532 0.029069528)
(-0.01206927 0.087183063 0.026768547)
(-0.0096042363 0.077216122 0.024361872)
(-0.0075288723 0.067895847 0.021917556)
(-0.0058030869 0.059218566 0.019489082)
(-0.0043862073 0.051167539 0.017116361)
(-0.0032387913 0.043717448 0.014827764)
(-0.0023238059 0.036837749 0.01264228)
(-0.0016073049 0.030495098 0.010571523)
(-0.0010587224 0.02465504 0.0086214829)
(-0.00065091133 0.019283168 0.0067939861)
(-0.00036019029 0.014345884 0.0050878687)
(-0.00016659978 0.0098108869 0.0034998928)
(-5.3752206e-05 0.0056474618 0.0020254757)
(-3.7394815e-06 0.001826646 0.0006591371)
(0.017103715 0.48893182 -0.013816212)
(-0.042954292 0.28163318 -0.01805)
(-0.050830293 0.2235145 -0.017268688)
(-0.070352851 0.21396784 -0.014800269)
(-0.082170411 0.20980881 -0.012164958)
(-0.090237212 0.20542707 -0.0093027397)
(-0.094521014 0.20072993 -0.0062806955)
(-0.09572552 0.19560064 -0.0031592286)
(-0.09435467 0.18995237 -8.1262823e-06)
(-0.090964305 0.18371328 0.0030828287)
(-0.086011574 0.17684253 0.0060170336)
(-0.079897851 0.16933877 0.0086965664)
(-0.073017549 0.16124458 0.011040997)
(-0.065724165 0.15264297 0.012987716)
(-0.058326206 0.14364231 0.014488323)
(-0.05106581 0.13436911 0.015523585)
(-0.044141162 0.12496105 0.016109343)
(-0.037693007 0.11555024 0.016281365)
(-0.031812116 0.10625529 0.016091432)
(-0.026545642 0.097176126 0.015600664)
(-0.02190508 0.088391865 0.014872881)
(-0.017874785 0.079961331 0.013969544)
(-0.014420098 0.071925147 0.012946249)
(-0.01149479 0.064308622 0.011850731)
(-0.0090451544 0.057124511 0.010722288)
(-0.0070164528 0.050376345 0.0095916705)
(-0.0053554732 0.044060525 0.0084819206)
(-0.0040110114 0.038167767 0.0074094579)
(-0.0029364768 0.032684841 0.0063855971)
(-0.0020900386 0.027595668 0.0054173342)
(-0.0014347372 0.022882192 0.0045083479)
(-0.00093833375 0.018525054 0.0036598717)
(-0.0005729875 0.014504143 0.0028713998)
(-0.00031498299 0.010799029 0.0021412363)
(-0.00014470325 0.0073893265 0.001466911)
(-4.6284819e-05 0.0042549746 0.00084551862)
(-3.1219138e-06 0.0013764654 0.00027386712)
(0.017353156 0.48729056 0.0019768603)
(-0.044501373 0.27902088 0.0025219246)
(-0.053653415 0.22094233 0.0021852736)
(-0.073888982 0.21060163 0.0014160728)
(-0.086332188 0.20462091 0.00046719439)
(-0.094778315 0.19815283 -0.00053378495)
(-0.099182548 0.19130826 -0.0015009504)
(-0.10029716 0.18409418 -0.0023796422)
(-0.098679624 0.17652546 -0.0031268678)
(-0.094880782 0.16862867 -0.0037687538)
(-0.08940507 0.16044347 -0.0042773328)
(-0.082722905 0.15202488 -0.004652547)
(-0.075274883 0.14343411 -0.0048975163)
(-0.067436156 0.13474116 -0.0050196598)
(-0.059539618 0.12602396 -0.0050378892)
(-0.051852938 0.11735697 -0.0049586606)
(-0.044580298 0.10880947 -0.0048001214)
(-0.037863092 0.10044253 -0.0045805847)
(-0.031786055 0.092307126 -0.0043170131)
(-0.026386546 0.08444386 -0.0040244359)
(-0.021664695 0.076883709 -0.0037154948)
(-0.017593465 0.069649218 -0.0034002719)
(-0.014127731 0.062755857 -0.0030863973)
(-0.01121186 0.056213281 -0.0027793563)
(-0.0087855612 0.050026355 -0.002482896)
(-0.0067884079 0.044195962 -0.0021994359)
(-0.0051617744 0.038719448 -0.0019304677)
(-0.0038518722 0.033591366 -0.0016768011)
(-0.0028103368 0.028803745 -0.0014387783)
(-0.0019937446 0.024346255 -0.0012164249)
(-0.0013643738 0.020206703 -0.001009518)
(-0.00088965357 0.016371395 -0.00081764228)
(-0.00054169778 0.012825495 -0.00064023269)
(-0.00029694267 0.009553377 -0.00047661102)
(-0.00013601679 0.0065389619 -0.00032602041)
(-4.334574e-05 0.0037660113 -0.00018763182)
(-2.8855349e-06 0.001218391 -6.0641124e-05)
(0.01692644 0.48938539 0.017589939)
(-0.042243912 0.28282446 0.022821915)
(-0.049568075 0.22561439 0.0214265)
(-0.068699752 0.21734314 0.017437121)
(-0.080173443 0.21490256 0.012958541)
(-0.08804604 0.21226448 0.0081873636)
(-0.092297738 0.20913008 0.0033535364)
(-0.093587203 0.20528263 -0.0014051833)
(-0.092461965 0.20058432 -0.0059908347)
(-0.089403598 0.19496822 -0.010284225)
(-0.084797082 0.18838596 -0.014191985)
(-0.079031831 0.18086234 -0.017615001)
(-0.072472756 0.17247632 -0.020474946)
(-0.065452815 0.16335556 -0.022712078)
(-0.058266642 0.15366651 -0.024301385)
(-0.051167562 0.14359152 -0.025246331)
(-0.044349044 0.13331677 -0.025582778)
(-0.037962662 0.12302084 -0.025377967)
(-0.032108593 0.11285909 -0.024714287)
(-0.026843361 0.10295806 -0.023681281)
(-0.022186828 0.093414053 -0.022367913)
(-0.018130175 0.084294954 -0.020856637)
(-0.01464392 0.075644165 -0.01921966)
(-0.011685513 0.067485257 -0.017517223)
(-0.0092037083 0.059826323 -0.015797655)
(-0.0071452588 0.052664596 -0.014097876)
(-0.0054577433 0.045989483 -0.012444967)
(-0.0040902898 0.03978466 -0.010857867)
(-0.0029963197 0.034030223 -0.0093492803)
(-0.0021338258 0.028704025 -0.0079267495)
(-0.0014655685 0.023782649 -0.0065938674)
(-0.00095898118 0.019242113 -0.0053512917)
(-0.00058588322 0.015058386 -0.0041975642)
(-0.00032223028 0.011207767 -0.0031297561)
(-0.00014811075 0.0076671685 -0.0021439694)
(-4.7408268e-05 0.0044143204 -0.0012356974)
(-3.2070021e-06 0.0014279192 -0.00040017586)
(0.016476937 0.49502709 0.031887184)
(-0.037131828 0.29248729 0.040046516)
(-0.039619684 0.23502196 0.038401079)
(-0.056253058 0.22982633 0.031502598)
(-0.065378292 0.23307879 0.023984503)
(-0.071768112 0.23664608 0.016112926)
(-0.075455119 0.23947018 0.0081964111)
(-0.077037008 0.24107132 0.00039725913)
(-0.07684968 0.24112049 -0.0072095469)
(-0.075172252 0.23952398 -0.014460942)
(-0.072306668 0.23613085 -0.021230822)
(-0.06847913 0.23087972 -0.027366407)
(-0.063905276 0.22378712 -0.032700516)
(-0.058790176 0.21496154 -0.03710346)
(-0.053338907 0.20460412 -0.040488416)
(-0.047740844 0.19299082 -0.042815229)
(-0.042165965 0.18044995 -0.044096121)
(-0.036760159 0.16732771 -0.044397128)
(-0.031641134 0.15395609 -0.043825047)
(-0.026895397 0.14062815 -0.042512728)
(-0.022579507 0.12758346 -0.040604485)
(-0.01872237 0.11500357 -0.038244086)
(-0.015329373 0.1030148 -0.03556493)
(-0.012387743 0.09169561 -0.032683451)
(-0.0098719214 0.08108599 -0.029696828)
(-0.0077481703 0.071196838 -0.026682704)
(-0.005978322 0.062018281 -0.023701609)
(-0.0045226838 0.053526449 -0.020798435)
(-0.0033421454 0.045688697 -0.018004901)
(-0.0023995863 0.038467438 -0.015342052)
(-0.001660719 0.031822851 -0.012822543)
(-0.0010944989 0.025714716 -0.010452612)
(-0.00067324026 0.020103616 -0.008233724)
(-0.00037271755 0.014951682 -0.006163902)
(-0.000172475 0.010223024 -0.0042387719)
(-5.5674582e-05 0.0058839451 -0.0024523552)
(-3.8806945e-06 0.0019030248 -0.00079774387)
(0.018136271 0.50495614 0.043141234)
(-0.029681958 0.3079741 0.052696817)
(-0.02580058 0.24688632 0.051642715)
(-0.039442067 0.242114 0.042182092)
(-0.045443876 0.24890837 0.032446289)
(-0.049869196 0.25661052 0.022450273)
(-0.052659819 0.26330993 0.012526702)
(-0.05424112 0.26850282 0.002821501)
(-0.054807351 0.27199012 -0.0066147637)
(-0.05448526 0.27372193 -0.015737521)
(-0.053413958 0.27355721 -0.02443176)
(-0.051685331 0.27134459 -0.032543869)
(-0.049378333 0.26695117 -0.039883145)
(-0.046574694 0.26027419 -0.046253866)
(-0.043363724 0.25132016 -0.051484946)
(-0.039842508 0.24024234 -0.055463885)
(-0.036118672 0.22733164 -0.058142606)
(-0.032298717 0.212982 -0.059533056)
(-0.028492258 0.19764413 -0.059708921)
(-0.024787943 0.18177208 -0.058794477)
(-0.021270236 0.16577987 -0.056942436)
(-0.01799876 0.15001395 -0.054326867)
(-0.015017011 0.13474163 -0.051125893)
(-0.01234801 0.12015189 -0.047502355)
(-0.0099985081 0.1063648 -0.043599671)
(-0.0079631282 0.093444539 -0.03954035)
(-0.0062270381 0.081412836 -0.035424787)
(-0.0047689964 0.0702611 -0.031332129)
(-0.0035640108 0.059960378 -0.02732245)
(-0.0025854113 0.050469068 -0.023439503)
(-0.0018063731 0.04173857 -0.019713582)
(-0.0012009508 0.033717254 -0.016164213)
(-0.00074474246 0.026353118 -0.012802537)
(-0.00041546569 0.019595496 -0.009633337)
(-0.00019371551 0.013396074 -0.0066566873)
(-6.3101667e-05 0.0077094368 -0.0038692636)
(-4.5190592e-06 0.0024933153 -0.0012654342)
(0.021426853 0.51946404 0.04948596)
(-0.021473132 0.32980802 0.060904067)
(-0.010490584 0.26095592 0.060417299)
(-0.02115366 0.25191755 0.048766013)
(-0.02365697 0.25815535 0.037874707)
(-0.026070358 0.266565 0.026721097)
(-0.027809247 0.27415921 0.015833641)
(-0.0290952 0.28039412 0.0052746996)
(-0.029999427 0.28527043 -0.0049899924)
(-0.030531462 0.28883712 -0.014984664)
(-0.030716469 0.29123624 -0.024645874)
(-0.030581616 0.29219835 -0.033837792)
(-0.030124126 0.29135692 -0.042378426)
(-0.029348472 0.28836349 -0.050069585)
(-0.028263032 0.28291262 -0.056721285)
(-0.026881294 0.27482546 -0.062170225)
(-0.025232353 0.26411528 -0.066294679)
(-0.023343394 0.25100773 -0.069032729)
(-0.021279101 0.23590925 -0.07039618)
(-0.01909469 0.21934039 -0.07044876)
(-0.016907407 0.2018613 -0.069302339)
(-0.014703263 0.1840028 -0.067104573)
(-0.012573045 0.16622096 -0.064032772)
(-0.010580224 0.14887503 -0.060267756)
(-0.0087487436 0.13222505 -0.055982949)
(-0.0071016263 0.11644152 -0.05133691)
(-0.0056500854 0.10162114 -0.046467433)
(-0.004395464 0.087804139 -0.041489945)
(-0.0033318774 0.074990166 -0.036497939)
(-0.0024484081 0.063151444 -0.031564729)
(-0.0017308641 0.052243018 -0.026745924)
(-0.0011631813 0.04221024 -0.02208217)
(-0.00072851311 0.032994021 -0.017601826)
(-0.00041023289 0.024534349 -0.013323422)
(-0.00019307959 0.016772534 -0.0092577864)
(-6.362897e-05 0.009652539 -0.0054098074)
(-4.7470902e-06 0.0031217159 -0.0017799573)
(0.024849658 0.5357901 0.050609719)
(-0.013257529 0.35555293 0.066060691)
(0.0042711881 0.27842435 0.063004361)
(-0.0028359678 0.2612777 0.051840674)
(-0.0016808666 0.26300107 0.040081752)
(-0.0022188982 0.26927775 0.028668559)
(-0.0027088419 0.27583718 0.017682824)
(-0.0033646911 0.28173938 0.0070746815)
(-0.0041449148 0.28693104 -0.0032624314)
(-0.0049922543 0.29152372 -0.013376373)
(-0.0058604612 0.29555207 -0.023227161)
(-0.0067172006 0.29884781 -0.032685528)
(-0.0075330573 0.30107409 -0.041585756)
(-0.0082780648 0.30176487 -0.049753281)
(-0.0089179118 0.30038779 -0.057021807)
(-0.0094140944 0.29644029 -0.063244079)
(-0.0097266368 0.28956023 -0.06829739)
(-0.0098236762 0.27961847 -0.072087498)
(-0.0097156246 0.26676007 -0.07454825)
(-0.0093698065 0.25138155 -0.075662722)
(-0.0087659025 0.23405587 -0.075523005)
(-0.0080576227 0.21543338 -0.074202613)
(-0.0072507722 0.19615268 -0.071804924)
(-0.0063766568 0.1767764 -0.068480428)
(-0.0054822497 0.15775558 -0.064409144)
(-0.0046071638 0.13942117 -0.059758229)
(-0.0037797 0.12199392 -0.054682234)
(-0.0030211852 0.10560316 -0.049320212)
(-0.0023457116 0.090308012 -0.043792604)
(-0.0017607672 0.076116937 -0.038200261)
(-0.0012684996 0.063004154 -0.032625267)
(-0.00086696907 0.050922305 -0.027132612)
(-0.00055129067 0.039811746 -0.021772312)
(-0.0003147612 0.029607043 -0.016581658)
(-0.00015011911 0.020241313 -0.011587373)
(-5.0242687e-05 0.011648974 -0.0068075324)
(-3.9099468e-06 0.0037673858 -0.0022533366)
(0.028091265 0.55313989 0.047339614)
(-0.0052519724 0.38746917 0.065779546)
(0.018014857 0.30408152 0.060024273)
(0.016490233 0.27602491 0.050881077)
(0.019992827 0.27042374 0.0391247)
(0.022082261 0.27261107 0.028093764)
(0.023202443 0.27693569 0.017664175)
(0.023561737 0.28190779 0.0076292111)
(0.023297181 0.28695041 -0.0021653744)
(0.022533461 0.29193707 -0.011771421)
(0.021353294 0.29677378 -0.021132903)
(0.019827508 0.30129563 -0.030128724)
(0.018029351 0.30523676 -0.03860831)
(0.016034934 0.30821677 -0.046423071)
(0.013921826 0.30973776 -0.053446233)
(0.011766781 0.30921284 -0.059577251)
(0.0096440552 0.30604592 -0.06473667)
(0.0076510076 0.29975509 -0.06886075)
(0.0058320622 0.29009851 -0.071901188)
(0.0042049825 0.27714917 -0.07379997)
(0.0028719295 0.26128961 -0.074509461)
(0.0017088944 0.24313363 -0.074041815)
(0.00085459596 0.22340849 -0.072473119)
(0.00029236577 0.20284192 -0.069937764)
(-0.00011142561 0.18207944 -0.066552267)
(-0.00035863977 0.16164065 -0.06244641)
(-0.00048034473 0.14190821 -0.057757534)
(-0.00051125739 0.12313825 -0.052621263)
(-0.0004834995 0.1054816 -0.047164374)
(-0.00041993557 0.089008158 -0.041500844)
(-0.00033873862 0.073729652 -0.035729591)
(-0.00025349106 0.059618625 -0.029934156)
(-0.00017374847 0.046623111 -0.024183333)
(-0.00010579612 0.034677341 -0.01853241)
(-5.3532853e-05 0.023709172 -0.013024693)
(-1.9169078e-05 0.013645019 -0.0076930691)
(-1.8121276e-06 0.0044129411 -0.0025616438)
(0.031404794 0.57219586 0.040679035)
(0.0024977759 0.4281599 0.059316175)
(0.03128405 0.34531762 0.053191208)
(0.03752761 0.3076774 0.044998227)
(0.044101192 0.29336805 0.034609062)
(0.04914144 0.28951553 0.024633521)
(0.052320987 0.29030003 0.015335071)
(0.053939133 0.29307789 0.0064846161)
(0.054290649 0.29677137 -0.0021064347)
(0.053604953 0.30089496 -0.010474931)
(0.052019412 0.30511077 -0.018572644)
(0.049667316 0.30918254 -0.026301269)
(0.046695385 0.31289879 -0.033541059)
(0.04325503 0.31602123 -0.040179641)
(0.039492245 0.31822886 -0.046130181)
(0.035542715 0.31906806 -0.051334673)
(0.031530925 0.31794792 -0.055754595)
(0.027569727 0.31421673 -0.059356467)
(0.023741708 0.30731114 -0.062108567)
(0.020145984 0.2969163 -0.063997793)
(0.016851678 0.28306768 -0.065016253)
(0.013903947 0.26615156 -0.065167706)
(0.011275199 0.24681622 -0.06445474)
(0.0090075526 0.2258395 -0.062869114)
(0.0070877958 0.20400267 -0.060460531)
(0.005485557 0.18199777 -0.057316365)
(0.0041668814 0.16037815 -0.053539423)
(0.0031006052 0.13954709 -0.049238873)
(0.0022535807 0.11977021 -0.044524989)
(0.0015904063 0.10119967 -0.039503449)
(0.0010817257 0.083901417 -0.034271608)
(0.0007006045 0.067880233 -0.028916409)
(0.0004234867 0.05310038 -0.023513428)
(0.00023030105 0.039501361 -0.018126792)
(0.00010452922 0.02700928 -0.012809662)
(3.283202e-05 0.01554462 -0.0076050102)
(2.0325141e-06 0.0050273133 -0.0025467167)
(0.034999773 0.59387793 0.030188759)
(0.012612335 0.48205728 0.045488439)
(0.047592133 0.40999605 0.040495814)
(0.062717217 0.36886417 0.033882312)
(0.073635258 0.34685859 0.025887849)
(0.081657169 0.3354138 0.017988247)
(0.086707862 0.32966655 0.010656789)
(0.089158761 0.32701947 0.0037874642)
(0.089545161 0.32619116 -0.0027125659)
(0.088263053 0.3263954 -0.0088990934)
(0.085576466 0.3271317 -0.014786966)
(0.081743686 0.32809374 -0.02033416)
(0.077021853 0.32907539 -0.025471702)
(0.071655539 0.32991051 -0.030134337)
(0.065867606 0.33040691 -0.034276809)
(0.059853529 0.33026288 -0.037877744)
(0.053779035 0.32899473 -0.040935963)
(0.047782111 0.32593572 -0.043460453)
(0.04197656 0.32034725 -0.045456336)
(0.036451169 0.31159702 -0.046909534)
(0.031277323 0.29935321 -0.04779491)
(0.026506824 0.28368376 -0.048088969)
(0.022172103 0.26503284 -0.047776986)
(0.018289926 0.2441079 -0.04685971)
(0.014863346 0.22172959 -0.045352527)
(0.011882808 0.19869769 -0.043289042)
(0.0093289363 0.17570086 -0.040720431)
(0.0071715157 0.15327458 -0.037710872)
(0.0053794181 0.13179633 -0.034331248)
(0.0039161876 0.11150367 -0.030655469)
(0.0027452904 0.092522055 -0.026756319)
(0.0018308718 0.07489397 -0.022702436)
(0.0011386688 0.058604665 -0.018556386)
(0.00063693694 0.043602765 -0.0143736)
(0.00029774932 0.029815615 -0.010201927)
(9.7218227e-05 0.017160085 -0.0060816136)
(6.9908439e-06 0.005549798 -0.002045725)
(0.037914493 0.61350196 0.014548816)
(0.024900079 0.53731873 0.022575722)
(0.065385529 0.48216207 0.019755883)
(0.08825052 0.44365735 0.016201998)
(0.10322255 0.41704594 0.012065774)
(0.11336322 0.3982816 0.007907945)
(0.11929199 0.38471088 0.0040618305)
(0.12173623 0.37458377 0.00055779427)
(0.12142504 0.36684387 -0.0026633838)
(0.11885881 0.36079539 -0.0056470594)
(0.11449128 0.35597615 -0.0084138688)
(0.10875731 0.35206763 -0.010971151)
(0.1020387 0.3488377 -0.013304373)
(0.09466008 0.34610688 -0.015394723)
(0.086897865 0.34369574 -0.017231025)
(0.078982254 0.34134476 -0.018810228)
(0.071096586 0.33863263 -0.020138929)
(0.063390619 0.33491177 -0.021226056)
(0.055972786 0.32931925 -0.022080394)
(0.048922293 0.32106153 -0.022704379)
(0.04230417 0.30955077 -0.023093435)
(0.036165822 0.29459202 -0.023235429)
(0.030540616 0.27642513 -0.023116435)
(0.025448946 0.25564288 -0.022725993)
(0.020898588 0.23303946 -0.022061393)
(0.0168855 0.20945313 -0.021129734)
(0.013395108 0.18564643 -0.019947828)
(0.010403905 0.16223861 -0.018540672)
(0.0078813619 0.13968421 -0.016938953)
(0.0057918876 0.11828287 -0.01517649)
(0.0040967058 0.098205201 -0.013288092)
(0.0027554675 0.079523437 -0.011307759)
(0.0017276225 0.062240234 -0.0092673724)
(0.00097398329 0.046312557 -0.0071958407)
(0.00045899078 0.031669928 -0.0051186215)
(0.0001514075 0.018227517 -0.0030575054)
(1.1302508e-05 0.0058950322 -0.0010307132)
(0.038712475 0.61912461 -0.0052032779)
(0.029047916 0.55384881 -0.0084213877)
(0.071005872 0.50413292 -0.0080032178)
(0.095879773 0.46693251 -0.007261484)
(0.11186854 0.43923008 -0.006266643)
(0.12242092 0.4183158 -0.0051900472)
(0.12847596 0.40221593 -0.004132383)
(0.13076795 0.38958987 -0.003089949)
(0.13004824 0.37952995 -0.0020855643)
(0.1269875 0.37140943 -0.001103567)
(0.12208141 0.36477628 -0.00015040566)
(0.11576743 0.35930075 0.00076849479)
(0.10845833 0.35472459 0.0016401299)
(0.10049943 0.35086825 0.0024484687)
(0.092181022 0.34754896 0.0031781566)
(0.083740095 0.3444885 0.0038217456)
(0.075369049 0.34126854 0.0043774786)
(0.067214228 0.33721035 0.0048466668)
(0.059380168 0.33148418 0.0052309281)
(0.051947186 0.32324149 0.0055338403)
(0.044974545 0.31183631 0.005757146)
(0.038505383 0.29701 0.0059009184)
(0.032570433 0.27894793 0.0059642819)
(0.027189042 0.25820753 0.0059463898)
(0.022369246 0.2355688 0.0058473311)
(0.018107985 0.21187305 0.005668729)
(0.014391904 0.18789639 0.0054140796)
(0.011198637 0.16427585 0.0050887502)
(0.0084984374 0.14148347 0.0046996854)
(0.0062559755 0.11983362 0.0042549611)
(0.0044321516 0.099507964 0.0037633168)
(0.0029857429 0.080586268 0.003233729)
(0.0018748558 0.063075756 0.002675052)
(0.0010586274 0.046935741 0.0020957364)
(0.00049973147 0.032096549 0.0015036169)
(0.00016525562 0.018473156 0.00090576659)
(1.2486002e-05 0.0059744852 0.00030836478)
(0.036953064 0.6059268 -0.02372379)
(0.019698814 0.51436772 -0.036618228)
(0.05767088 0.45109176 -0.033160255)
(0.077099847 0.41039859 -0.02846763)
(0.090145188 0.38497723 -0.022745405)
(0.099255439 0.3689373 -0.016937486)
(0.10476254 0.35855557 -0.011488367)
(0.10719616 0.35166512 -0.006401412)
(0.10714574 0.346989 -0.0015508981)
(0.10510595 0.34379169 0.0030934541)
(0.1014646 0.34158251 0.0075246821)
(0.096588121 0.34001167 0.011720503)
(0.090789422 0.33883883 0.015631481)
(0.084346802 0.33788187 0.019209767)
(0.077502759 0.33694863 0.02240523)
(0.07046948 0.33575726 0.025187349)
(0.063422764 0.33385533 0.027561989)
(0.056501942 0.3305823 0.029539534)
(0.049816735 0.32514714 0.031127086)
(0.043453124 0.31681053 0.03232612)
(0.037478268 0.30509284 0.033128879)
(0.031943563 0.28991241 0.033520989)
(0.026885355 0.27159969 0.033488102)
(0.02232438 0.25080035 0.033022831)
(0.018266239 0.22832316 0.032131763)
(0.014704086 0.20499236 0.030834365)
(0.011621187 0.1815408 0.029159774)
(0.0089927355 0.15855352 0.02714632)
(0.0067876613 0.13645362 0.024839596)
(0.0049706116 0.11551562 0.022289188)
(0.0035038827 0.095892162 0.019545705)
(0.0023490265 0.077643975 0.01665845)
(0.0014681177 0.060767326 0.013673726)
(0.00082507264 0.045216494 0.010633727)
(0.00038750967 0.030920772 0.0075758792)
(0.00012726587 0.017796589 0.0045325393)
(9.3274288e-06 0.0057557071 0.0015309595)
(0.033322464 0.58359233 -0.036885371)
(0.0070134002 0.45452392 -0.054887216)
(0.038873074 0.37527842 -0.049644517)
(0.049372982 0.33447805 -0.042527827)
(0.057894412 0.3156201 -0.033703501)
(0.064374603 0.30781662 -0.0250383)
(0.068500429 0.3054928 -0.016930414)
(0.070612796 0.30590929 -0.0092253234)
(0.071023074 0.30771286 -0.0017558897)
(0.07007506 0.31027779 0.0055202174)
(0.068009482 0.31316743 0.012583127)
(0.065014759 0.31608617 0.019343345)
(0.061274792 0.31881732 0.025689712)
(0.056978812 0.32116125 0.031522396)
(0.05230781 0.32286654 0.036765073)
(0.047422805 0.32355865 0.041367886)
(0.042464778 0.32269867 0.045308536)
(0.037555902 0.3196191 0.048578312)
(0.03279973 0.31365423 0.051167418)
(0.028281728 0.30432016 0.053057994)
(0.024069096 0.29146249 0.054222163)
(0.020209492 0.27530675 0.054633724)
(0.016739621 0.2564042 0.054292005)
(0.013676533 0.23550576 0.053227329)
(0.010991018 0.2134198 0.051480365)
(0.0086876381 0.19089864 0.04909009)
(0.0067467448 0.16856905 0.046119626)
(0.0051312922 0.14690524 0.042651228)
(0.0038083784 0.12623272 0.038773334)
(0.0027440164 0.10674962 0.034574059)
(0.0019045397 0.088554327 0.030137481)
(0.0012580524 0.071672647 0.025541172)
(0.00077520873 0.056081063 0.020854678)
(0.00042971299 0.041724966 0.016138811)
(0.00019899538 0.028532055 0.011445514)
(6.4207207e-05 0.016421682 0.0068181195)
(4.4223008e-06 0.0053110492 0.002291872)
(0.029741525 0.56248669 -0.045222045)
(-0.0019673221 0.40580413 -0.064518596)
(0.023850952 0.32078423 -0.059042725)
(0.025664282 0.28711333 -0.050655662)
(0.030324382 0.27701654 -0.040105002)
(0.0338296 0.27644933 -0.029996373)
(0.03594475 0.27945767 -0.020428004)
(0.03693814 0.28370872 -0.011188786)
(0.037006964 0.28836017 -0.0021291133)
(0.036331836 0.29321636 0.0068105769)
(0.035030993 0.29808042 0.015564541)
(0.033200134 0.30272962 0.024003812)
(0.030939259 0.30691292 0.031980223)
(0.028354786 0.31032287 0.039354092)
(0.025551951 0.312545 0.046010386)
(0.022631612 0.31304565 0.05186323)
(0.019689542 0.31121316 0.056851863)
(0.016815397 0.3064645 0.060926914)
(0.014087943 0.29838866 0.064043934)
(0.011555092 0.28686714 0.066165324)
(0.0093183014 0.27211883 0.067279673)
(0.0073682314 0.25465559 0.06738992)
(0.0057188539 0.23517564 0.066512864)
(0.0043071276 0.21443985 0.064697714)
(0.0031758744 0.19316625 0.062020938)
(0.0023149976 0.17196281 0.058598095)
(0.0016405539 0.15129831 0.054552681)
(0.0011269585 0.13150247 0.050007324)
(0.00075086246 0.11278365 0.04508002)
(0.00048224095 0.09525343 0.039880159)
(0.00029564525 0.078951577 0.034505851)
(0.00017051862 0.063867928 0.029042648)
(9.035389e-05 0.049959881 0.023563341)
(4.2084949e-05 0.037165506 0.018128478)
(1.5639778e-05 0.025412851 0.012787301)
(3.4358148e-06 0.014626246 0.0075788875)
(-1.8352202e-07 0.0047303745 0.0025333533)
(0.026296809 0.54398289 -0.050002776)
(-0.0099945253 0.36928438 -0.067068035)
(0.010223568 0.28769609 -0.06364788)
(0.0052790536 0.2651037 -0.053841092)
(0.0071935861 0.26333118 -0.042650361)
(0.007984474 0.26779169 -0.031904605)
(0.0082453353 0.27360322 -0.021551981)
(0.0080814674 0.27935011 -0.011473246)
(0.0075766784 0.28473037 -0.0015670534)
(0.0068099977 0.2897526 0.0081974445)
(0.0058493432 0.29439118 0.017763707)
(0.0047435135 0.29851478 0.027007766)
(0.003537763 0.30182301 0.035762876)
(0.002278237 0.30388201 0.043861503)
(0.0010139971 0.30415914 0.051152717)
(-0.00019746572 0.30208976 0.057508052)
(-0.001301175 0.29718075 0.06282269)
(-0.0022514219 0.28912579 0.067012134)
(-0.0030104498 0.27788877 0.070000429)
(-0.0035209108 0.26372483 0.071717268)
(-0.0038549662 0.24713247 0.072191973)
(-0.0039492847 0.22875789 0.071499323)
(-0.0038480963 0.20928913 0.069743456)
(-0.0036258708 0.1893685 0.067036933)
(-0.0032822606 0.1695379 0.063519254)
(-0.0028772831 0.15021596 0.059339107)
(-0.0024499305 0.13169884 0.054647577)
(-0.0020205206 0.11417531 0.04958323)
(-0.0016109731 0.097748101 0.044269173)
(-0.0012372233 0.082455635 0.038812339)
(-0.00090928847 0.068291189 0.033302904)
(-0.00063249121 0.055218337 0.027814869)
(-0.00040856066 0.043182584 0.022407449)
(-0.00023665169 0.032119732 0.017126836)
(-0.00011447163 0.0219616 0.012008051)
(-3.8963101e-05 0.01263977 0.0070767102)
(-3.2086397e-06 0.0040879197 0.0023506101)
(0.022862446 0.52670697 -0.050882908)
(-0.018183065 0.34056361 -0.063945838)
(-0.0041199507 0.26706824 -0.06337743)
(-0.013677822 0.25387972 -0.052607425)
(-0.014862666 0.25801143 -0.041789637)
(-0.016349533 0.26553657 -0.031063721)
(-0.017518919 0.27287302 -0.020552748)
(-0.018486457 0.27924057 -0.0102721)
(-0.019284994 0.28458056 -0.00017940675)
(-0.019921474 0.28894803 0.0097358552)
(-0.020362418 0.29229454 0.019410029)
(-0.020617186 0.29456367 0.028710774)
(-0.020688453 0.29537701 0.037461149)
(-0.020559759 0.29428521 0.045468264)
(-0.020216897 0.2908728 0.052545779)
(-0.019643076 0.28480754 0.058528685)
(-0.018834041 0.27593363 0.063282571)
(-0.017855477 0.26432333 0.066714486)
(-0.016599035 0.25027627 0.068772827)
(-0.015126907 0.23426994 0.069555063)
(-0.013642982 0.21687707 0.069107746)
(-0.012078425 0.19868616 0.067536987)
(-0.010501709 0.18023703 0.06499265)
(-0.0089670513 0.16197947 0.061646855)
(-0.0075157844 0.14425743 0.057672234)
(-0.0061767179 0.12731198 0.053232464)
(-0.0049694878 0.111295 0.04847302)
(-0.003905085 0.096287191 0.043519133)
(-0.002987074 0.082316109 0.038475808)
(-0.0022129949 0.069371938 0.033428381)
(-0.0015759748 0.057420214 0.028444108)
(-0.0010661383 0.046411427 0.023574396)
(-0.0006717603 0.036287934 0.018857235)
(-0.00038036547 0.026988735 0.014319566)
(-0.00017996707 0.018452618 0.0099794202)
(-5.9671828e-05 0.010620129 0.0058477814)
(-4.5196051e-06 0.0034347393 0.001930096)
(0.01947894 0.51070104 -0.046646954)
(-0.026421186 0.31616037 -0.057143436)
(-0.019521197 0.25156247 -0.056694551)
(-0.032237678 0.24457725 -0.047318552)
(-0.037003423 0.25095472 -0.037649232)
(-0.040610037 0.25894638 -0.027759082)
(-0.04294409 0.26620848 -0.017893092)
(-0.0443445 0.27217118 -0.0081586669)
(-0.044980593 0.27666717 0.0014142672)
(-0.044976275 0.27960152 0.01078227)
(-0.044390368 0.28089456 0.019840511)
(-0.043295202 0.28033445 0.028428752)
(-0.041740746 0.27770391 0.036357112)
(-0.039772366 0.27280507 0.043420923)
(-0.037439567 0.26550278 0.049430052)
(-0.034800679 0.25581081 0.054231383)
(-0.03192685 0.24391166 0.057734345)
(-0.028902747 0.23013989 0.059917034)
(-0.025786981 0.21493558 0.060830824)
(-0.022720347 0.19878743 0.060567399)
(-0.019721416 0.1821725 0.059259567)
(-0.016865932 0.16551448 0.05705995)
(-0.014212281 0.14915955 0.054140536)
(-0.011794401 0.13336847 0.050673112)
(-0.0096320078 0.11832096 0.046816542)
(-0.0077317415 0.1041274 0.042709821)
(-0.0060898449 0.09084311 0.038469688)
(-0.0046948023 0.078482458 0.034190768)
(-0.0035297836 0.067031083 0.029947171)
(-0.0025747302 0.056455698 0.025794919)
(-0.0018080072 0.046711516 0.021774727)
(-0.0012076245 0.037747603 0.017914786)
(-0.00075210951 0.029510586 0.014233317)
(-0.00042128911 0.02194711 0.010740802)
(-0.00019724448 0.015005398 0.0074418464)
(-6.4577023e-05 0.008636164 0.0043367093)
(-4.7135654e-06 0.0027931063 0.001422452)
(0.016515485 0.49843126 -0.037087673)
(-0.03469035 0.29765559 -0.04641505)
(-0.034720227 0.23884623 -0.045290124)
(-0.050177299 0.23345892 -0.038068661)
(-0.058200029 0.23783275 -0.030322291)
(-0.06386959 0.24293742 -0.022205344)
(-0.067204092 0.24742878 -0.013956734)
(-0.068739487 0.25077502 -0.00572568)
(-0.068788516 0.25263392 0.0023970578)
(-0.067614622 0.25276957 0.01029559)
(-0.065411792 0.25107126 0.017827123)
(-0.062370867 0.24739999 0.024816933)
(-0.058656841 0.24169095 0.031081233)
(-0.054427212 0.23396587 0.036438151)
(-0.049833714 0.22435485 0.040756758)
(-0.045029937 0.21309539 0.043961939)
(-0.040160146 0.20050792 0.046030081)
(-0.035354629 0.1869651 0.047001118)
(-0.030723712 0.172851 0.046967186)
(-0.026359384 0.15852515 0.046052622)
(-0.022325733 0.14429799 0.044397696)
(-0.018666591 0.13041817 0.042156685)
(-0.015403091 0.11706995 0.039479467)
(-0.01253773 0.10437833 0.036502113)
(-0.010058714 0.092418188 0.033342179)
(-0.0079439247 0.081224909 0.030096841)
(-0.0061645817 0.07080447 0.026843254)
(-0.0046882976 0.061142178 0.023640284)
(-0.0034814412 0.052209664 0.020530969)
(-0.002510842 0.043970176 0.017545213)
(-0.0017449296 0.036382426 0.014702398)
(-0.0011544125 0.029403274 0.012013737)
(-0.00071262945 0.022989529 0.0094842704)
(-0.00039585163 0.017099111 0.0071145099)
(-0.00018378712 0.011691759 0.0049017455)
(-5.9565222e-05 0.0067294317 0.0028410808)
(-4.2001583e-06 0.0021764959 0.00092615035)
(0.016573618 0.49121663 -0.023525259)
(-0.040635377 0.28583423 -0.030871928)
(-0.046480751 0.22860045 -0.029638223)
(-0.064799881 0.22098558 -0.025133009)
(-0.07556058 0.22022873 -0.020156308)
(-0.082969888 0.21958178 -0.014803475)
(-0.087042192 0.21853755 -0.0092732595)
(-0.08844087 0.21677543 -0.0036991442)
(-0.087618615 0.21404758 0.0018208259)
(-0.085006804 0.21016438 0.0071665014)
(-0.080963807 0.2050592 0.012175644)
(-0.075831043 0.19868599 0.016719974)
(-0.069925528 0.19108178 0.020678881)
(-0.063536219 0.18234985 0.023943786)
(-0.056925197 0.17265936 0.026444602)
(-0.050319018 0.16222606 0.028156803)
(-0.043906007 0.15128885 0.029100892)
(-0.037832525 0.14008772 0.029335985)
(-0.032206798 0.12884547 0.02894921)
(-0.027094836 0.11775036 0.028042422)
(-0.022526917 0.1069533 0.026723548)
(-0.018511353 0.096568477 0.025098642)
(-0.015030552 0.0866736 0.023263865)
(-0.012052705 0.077316498 0.021302221)
(-0.0095364875 0.068521203 0.019282124)
(-0.0074355642 0.060293703 0.017257558)
(-0.0057021115 0.052626926 0.015269265)
(-0.0042893192 0.045504761 0.013346447)
(-0.0031530304 0.038905131 0.011509168)
(-0.0022527145 0.032802275 0.0097699597)
(-0.0015519265 0.02716839 0.0081355576)
(-0.0010183912 0.021974796 0.0066083811)
(-0.00062386505 0.017192747 0.0051877485)
(-0.00034401732 0.012793994 0.00387083)
(-0.00015855473 0.008751165 0.0026533786)
(-5.09168e-05 0.0050380193 0.0015302995)
(-3.489799e-06 0.0016296093 0.00049600012)
(0.017455086 0.48767468 -0.0083495307)
(-0.044207595 0.27978825 -0.01134888)
(-0.053066872 0.22196843 -0.010994255)
(-0.073130891 0.21199356 -0.0096084676)
(-0.085437948 0.20660624 -0.0080345182)
(-0.093809686 0.20081176 -0.0062833158)
(-0.098220132 0.19467326 -0.0044254668)
(-0.099394593 0.18818095 -0.0025104562)
(-0.097859517 0.18131389 -0.0005790215)
(-0.094191569 0.17402052 0.0013011228)
(-0.088885243 0.16631191 0.003068811)
(-0.082378403 0.15821997 0.004669725)
(-0.075086423 0.14980463 0.0060546231)
(-0.06739317 0.14113868 0.0071881557)
(-0.059613846 0.13230853 0.0080420607)
(-0.052017441 0.12341142 0.0086143336)
(-0.044807047 0.11454202 0.008918258)
(-0.038126312 0.10578793 0.0089800209)
(-0.032063787 0.097234897 0.0088343278)
(-0.026661362 0.088943795 0.0085178428)
(-0.021924378 0.080956937 0.0080724323)
(-0.017830233 0.07330684 0.0075348792)
(-0.014337186 0.066016326 0.0069377751)
(-0.011392282 0.059099767 0.0063086536)
(-0.0089372561 0.052564528 0.0056696473)
(-0.0069129702 0.046412268 0.0050377108)
(-0.0052616922 0.040639966 0.0044251807)
(-0.0039300939 0.035241045 0.0038402283)
(-0.0028698971 0.030205952 0.0032881858)
(-0.0020376582 0.025522578 0.0027719883)
(-0.0013954974 0.021176906 0.0022927298)
(-0.0009106126 0.017153466 0.0018501965)
(-0.00055484902 0.013435752 0.0014432883)
(-0.00030436154 0.010006604 0.0010703385)
(-0.00013951285 0.0068485484 0.00072934873)
(-4.450302e-05 0.0039440902 0.00041817983)
(-2.9724145e-06 0.0012759709 0.00013461919)
(0.017492295 0.48770973 0.007663028)
(-0.04415027 0.27988643 0.0095883813)
(-0.052957277 0.2220996 0.0086836849)
(-0.072990308 0.21220534 0.0068023631)
(-0.085278324 0.20691518 0.0047535347)
(-0.093642645 0.20119456 0.0025902326)
(-0.098049054 0.19508867 0.00040677174)
(-0.099218297 0.18861965 -0.0017305876)
(-0.097711389 0.18172084 -0.0037700564)
(-0.094075261 0.17435785 -0.0056859331)
(-0.088783447 0.16654902 -0.0074168935)
(-0.082289094 0.15834117 -0.0089225395)
(-0.07500843 0.14980432 -0.010169091)
(-0.067325425 0.14101963 -0.011134778)
(-0.059555367 0.13208012 -0.011802639)
(-0.051967465 0.12308791 -0.012179796)
(-0.044765236 0.11414161 -0.012285911)
(-0.038091841 0.105339 -0.012151144)
(-0.03203551 0.096757375 -0.011811978)
(-0.026638708 0.088449368 -0.011306651)
(-0.021906739 0.080457801 -0.010676271)
(-0.017816807 0.072814236 -0.0099587233)
(-0.014327279 0.065539859 -0.0091855466)
(-0.011385237 0.058647165 -0.008383033)
(-0.0089324523 0.052141672 -0.0075723354)
(-0.0069099303 0.046023374 -0.0067698299)
(-0.0052599498 0.040287766 -0.0059877219)
(-0.0039292269 0.034927027 -0.0052345297)
(-0.0028696135 0.029930613 -0.0045162069)
(-0.0020377174 0.025285609 -0.0038365015)
(-0.0013957224 0.020977376 -0.0031973927)
(-0.00091088117 0.016989976 -0.002599521)
(-0.00055508595 0.01330657 -0.0020425382)
(-0.00030452899 0.0099097764 -0.0015253864)
(-0.00013961512 0.0067819883 -0.0010465184)
(-4.4532523e-05 0.0039056561 -0.00060405007)
(-2.9783731e-06 0.0012635219 -0.00019593975)
(0.01675743 0.49135766 0.022750004)
(-0.040432565 0.28617283 0.02905549)
(-0.046142719 0.22899154 0.027262552)
(-0.0643649 0.22157252 0.0222749)
(-0.075060779 0.22106613 0.016849801)
(-0.082445721 0.22062079 0.01111992)
(-0.086524926 0.21968793 0.0053003565)
(-0.087927769 0.21793917 -0.00047922169)
(-0.087131752 0.2151251 -0.0061304604)
(-0.084554283 0.21113119 -0.011507022)
(-0.080554577 0.20584549 -0.016477397)
(-0.075460919 0.19925103 -0.020926956)
(-0.069591512 0.19140375 -0.024748886)
(-0.063236147 0.18242313 -0.027846858)
(-0.056657741 0.17249251 -0.03016179)
(-0.050083059 0.16183933 -0.031678227)
(-0.043700475 0.15071134 -0.032423535)
(-0.037656509 0.1393542 -0.03246161)
(-0.032058149 0.12799231 -0.031882278)
(-0.026971999 0.11681406 -0.030788404)
(-0.022427449 0.10596775 -0.029288005)
(-0.018431212 0.095564064 -0.027486661)
(-0.014967542 0.085677256 -0.025479613)
(-0.012004121 0.076350648 -0.023348639)
(-0.0094997964 0.06760376 -0.021161104)
(-0.0074084903 0.059438344 -0.018970311)
(-0.005682653 0.051843509 -0.016816764)
(-0.0042757496 0.044799809 -0.014729776)
(-0.0031438975 0.038282339 -0.012729884)
(-0.0022468272 0.032262998 -0.010830331)
(-0.0015483323 0.026712101 -0.0090386561)
(-0.0010163503 0.021599499 -0.0073580892)
(-0.00062282006 0.016895344 -0.0057886812)
(-0.0003435638 0.012570602 -0.0043282161)
(-0.00015840389 0.0085973804 -0.0029729223)
(-5.0903926e-05 0.00494914 -0.0017180059)
(-3.4951267e-06 0.0016008094 -0.00055810536)
(0.016594786 0.49854827 0.036136317)
(-0.034377394 0.29813265 0.04446535)
(-0.034191275 0.23940105 0.042753489)
(-0.049463878 0.23423613 0.035083462)
(-0.057357914 0.23887555 0.026924947)
(-0.062951385 0.24420108 0.018474699)
(-0.06626552 0.24882259 0.0099789618)
(-0.067826165 0.25220405 0.001581744)
(-0.06791394 0.25399579 -0.0066430714)
(-0.066749047 0.25406684 -0.014563168)
(-0.064577593 0.25224892 -0.022048977)
(-0.061575833 0.24841362 -0.02893692)
(-0.057907348 0.24250674 -0.035055773)
(-0.053729088 0.23455849 -0.040236012)
(-0.049192031 0.22470953 -0.044358281)
(-0.044448496 0.21320932 -0.047357357)
(-0.039641168 0.20039039 -0.049217264)
(-0.034898468 0.18663633 -0.04998378)
(-0.030328666 0.17233971 -0.049753289)
(-0.026022629 0.15786549 -0.048650875)
(-0.022043049 0.14352662 -0.04681789)
(-0.018432946 0.12957151 -0.044406736)
(-0.015213103 0.11618223 -0.041565965)
(-0.01238566 0.10348013 -0.038429663)
(-0.0099389859 0.091535706 -0.035113803)
(-0.0078513259 0.080379646 -0.031714395)
(-0.0060943573 0.070013308 -0.028307887)
(-0.0046362073 0.060417679 -0.024952902)
(-0.003443781 0.051560513 -0.021692633)
(-0.00248444 0.043401694 -0.018557436)
(-0.0017271188 0.035897109 -0.015567317)
(-0.0011429875 0.029001316 -0.012734175)
(-0.00070579701 0.022669312 -0.01006372)
(-0.00039217627 0.016857653 -0.007557062)
(-0.00018214653 0.011525099 -0.0052119884)
(-5.9046458e-05 0.006632956 -0.0030239571)
(-4.170877e-06 0.0021452118 -0.0009869089)
(0.019389546 0.51067779 0.045555667)
(-0.026093898 0.31663473 0.05500867)
(-0.018956023 0.25224284 0.053930736)
(-0.031290135 0.24537816 0.044121162)
(-0.035880312 0.25189043 0.034095635)
(-0.039369473 0.26000498 0.023926851)
(-0.041651596 0.26734322 0.013845835)
(-0.043041415 0.27332618 0.0039656548)
(-0.043682124 0.27780357 -0.005671767)
(-0.043668604 0.2807311 -0.015034734)
(-0.043092761 0.28199266 -0.024023521)
(-0.042019525 0.28136762 -0.032483145)
(-0.040501092 0.27864607 -0.040234197)
(-0.038584343 0.27362224 -0.047085521)
(-0.0363184 0.26616362 -0.05286166)
(-0.03375926 0.25629037 -0.057422198)
(-0.030974896 0.24419484 -0.060686429)
(-0.028047353 0.23022342 -0.062639247)
(-0.025028525 0.21482832 -0.063338932)
(-0.022063781 0.19850881 -0.062877194)
(-0.019161699 0.18174969 -0.061388233)
(-0.016390468 0.16497893 -0.059021341)
(-0.013817127 0.14854399 -0.055947896)
(-0.011470646 0.13270447 -0.052335478)
(-0.0093709502 0.11763731 -0.048340636)
(-0.0075249148 0.10344903 -0.04410034)
(-0.005929114 0.090190663 -0.039729705)
(-0.0045725732 0.077872201 -0.035322226)
(-0.0034391474 0.066475149 -0.030951404)
(-0.0025095326 0.055962482 -0.026673089)
(-0.0017628631 0.046286169 -0.022528139)
(-0.0011778977 0.037392559 -0.018545083)
(-0.00073386553 0.029226079 -0.014742574)
(-0.00041122964 0.021731663 -0.011131555)
(-0.00019261223 0.014856258 -0.0077170663)
(-6.3107253e-05 0.0085496776 -0.004499718)
(-4.6170673e-06 0.0027650392 -0.0014769181)
(0.022914438 0.52671925 0.049619646)
(-0.017726693 0.34123232 0.061602916)
(-0.0033325809 0.26798837 0.060095418)
(-0.01241426 0.25474949 0.049148033)
(-0.013454608 0.25882214 0.038042561)
(-0.014800125 0.26633757 0.027104211)
(-0.015893984 0.27368462 0.016425224)
(-0.016820021 0.28006756 0.0060274205)
(-0.017586988 0.28542516 -0.0041184066)
(-0.018193566 0.28981011 -0.014020662)
(-0.018626864 0.29316457 -0.023607893)
(-0.018889793 0.29542667 -0.032748771)
(-0.018987431 0.29619602 -0.041275912)
(-0.018906239 0.29502879 -0.049012513)
(-0.018633065 0.29150943 -0.055790973)
(-0.018148557 0.28530882 -0.061464512)
(-0.017444661 0.27627727 -0.065915244)
(-0.016594514 0.2644961 -0.06906126)
(-0.015461279 0.25027582 -0.070855207)
(-0.014103151 0.23410501 -0.071403465)
(-0.012745029 0.2165658 -0.070755004)
(-0.011295446 0.19825362 -0.069009368)
(-0.0098439512 0.17971255 -0.066310239)
(-0.0084170091 0.16139357 -0.06283005)
(-0.0070639578 0.14363927 -0.058736287)
(-0.0058122787 0.12668765 -0.054188682)
(-0.0046813048 0.11068662 -0.049330093)
(-0.0036821116 0.095712534 -0.044283234)
(-0.0028188622 0.081788686 -0.039151164)
(-0.0020899081 0.068901351 -0.034017887)
(-0.0014892865 0.057012624 -0.028949851)
(-0.001008073 0.046070092 -0.023998038)
(-0.00063549657 0.03601375 -0.019200281)
(-0.00035999275 0.026780744 -0.01458354)
(-0.00017040361 0.018308469 -0.010165964)
(-5.6519646e-05 0.010536479 -0.0059586693)
(-4.287755e-06 0.0034075843 -0.0019673057)
(0.026522969 0.54416074 0.048520329)
(-0.0093648119 0.37060218 0.064230999)
(0.011288006 0.28939479 0.060060784)
(0.0069594726 0.26650824 0.050080486)
(0.0089721351 0.26449243 0.038694973)
(0.0099536957 0.26882564 0.027786519)
(0.010319595 0.27459597 0.017306809)
(0.010217819 0.28035176 0.0071398775)
(0.0097539336 0.28577044 -0.0028021777)
(0.0090098651 0.2908151 -0.012539171)
(0.008046848 0.29544076 -0.021993647)
(0.0069144076 0.29950344 -0.031040951)
(0.0056594617 0.30271324 -0.039522791)
(0.0043300256 0.30463784 -0.047289484)
(0.0029780639 0.30475272 -0.054211374)
(0.0016596975 0.30250186 -0.060182684)
(0.00043058173 0.29739978 -0.065119862)
(-0.0006571171 0.2891469 -0.068956461)
(-0.0015362831 0.27771485 -0.071627542)
(-0.0022009659 0.26336867 -0.07306322)
(-0.0027105932 0.24661679 -0.073275773)
(-0.0029472901 0.22811361 -0.072352207)
(-0.0029774767 0.208552 -0.070410854)
(-0.0028864979 0.18857518 -0.067559412)
(-0.0026755698 0.16872277 -0.063928776)
(-0.0023772377 0.14940904 -0.059661779)
(-0.0020482135 0.13092484 -0.054901959)
(-0.0017052931 0.11345344 -0.049784513)
(-0.001369923 0.097092386 -0.044429016)
(-0.0010585317 0.081875486 -0.038939442)
(-0.00078188628 0.067792108 -0.033403662)
(-0.00054617673 0.054802633 -0.02789394)
(-0.0003540876 0.042850055 -0.022468199)
(-0.00020575997 0.031868265 -0.01717169)
(-9.9826975e-05 0.021787699 -0.012038757)
(-3.4112597e-05 0.01253899 -0.0070945065)
(-2.8426425e-06 0.0040552253 -0.0023564212)
(0.030183931 0.56300723 0.043429337)
(-0.0010800664 0.40816473 0.061071886)
(0.025234224 0.32401066 0.055103152)
(0.027897535 0.29016292 0.046502992)
(0.032764077 0.2797066 0.035885884)
(0.036458766 0.27883268 0.025686184)
(0.038677544 0.28164697 0.016043043)
(0.039702646 0.28578273 0.0067603497)
(0.039767724 0.29038618 -0.0023062019)
(0.039054275 0.29513462 -0.011171533)
(0.037676696 0.29984031 -0.019755354)
(0.035737373 0.30428369 -0.027936282)
(0.033346797 0.30822147 -0.035578695)
(0.030617591 0.3113448 -0.042559339)
(0.027661248 0.31325836 -0.048784813)
(0.024582825 0.3134431 -0.05419201)
(0.021481199 0.3112965 -0.058738061)
(0.018448499 0.30624247 -0.06238724)
(0.015565437 0.29787862 -0.065104471)
(0.012876508 0.28609811 -0.066863567)
(0.010503752 0.27113243 -0.06767465)
(0.0083952308 0.25350372 -0.067533461)
(0.006610967 0.23391525 -0.066448435)
(0.0050977021 0.21312696 -0.064472208)
(0.0038395991 0.1918517 -0.061681636)
(0.0028547153 0.17068926 -0.058179805)
(0.0020861068 0.15009901 -0.05408663)
(0.0014822129 0.1304016 -0.049520806)
(0.0010261884 0.1117973 -0.044595975)
(0.00068904709 0.094390919 -0.039417458)
(0.00044502063 0.078216858 -0.034079691)
(0.00027300362 0.063260874 -0.028665006)
(0.00015582922 0.049477391 -0.023243415)
(7.9674718e-05 0.03680241 -0.017873099)
(3.3683326e-05 0.02516262 -0.012601307)
(9.5314347e-06 0.014481546 -0.0074654211)
(3.0605802e-07 0.0046834793 -0.0024942038)
(0.034263491 0.58468516 0.03443152)
(0.0086900642 0.45864815 0.050663521)
(0.041034557 0.3810014 0.045088702)
(0.052421482 0.34032731 0.037921299)
(0.061190494 0.32100853 0.029185783)
(0.067750052 0.3126491 0.020563534)
(0.071847567 0.30979105 0.012480924)
(0.073811908 0.30971795 0.0048183983)
(0.074068528 0.31112364 -0.0025726489)
(0.07295367 0.31328435 -0.0096953148)
(0.070678498 0.31573782 -0.016512495)
(0.067444955 0.31819869 -0.022947756)
(0.063462786 0.32046141 -0.028907314)
(0.058932852 0.32233751 -0.03430251)
(0.054042196 0.32358645 -0.039078429)
(0.048957183 0.32383782 -0.043208731)
(0.043821033 0.3225499 -0.046688561)
(0.038754943 0.3190524 -0.049521485)
(0.033860421 0.31268431 -0.051707343)
(0.029220998 0.30297703 -0.053235561)
(0.024899435 0.28979718 -0.054078899)
(0.020941191 0.27339252 -0.054217947)
(0.017377019 0.2543287 -0.053652725)
(0.014224335 0.23335887 -0.052403845)
(0.011468292 0.21128456 -0.050513813)
(0.0090868325 0.18884464 -0.048030234)
(0.0070772796 0.16664947 -0.045011339)
(0.0053991986 0.14515699 -0.041534468)
(0.0040197431 0.12467847 -0.037683707)
(0.0029054566 0.1054005 -0.033542833)
(0.0020229918 0.087412796 -0.029191585)
(0.0013405427 0.070734995 -0.024703296)
(0.0008286635 0.055339462 -0.020143479)
(0.00046081996 0.041169035 -0.015569172)
(0.00021414525 0.028150014 -0.011028855)
(6.9393221e-05 0.01620116 -0.0065627113)
(4.8640753e-06 0.0052396414 -0.0022032529)
(0.03769776 0.60695002 0.020325791)
(0.021883063 0.51845229 0.031393168)
(0.06020429 0.45686162 0.02787127)
(0.080209886 0.41645429 0.023394133)
(0.093278448 0.39058244 0.017986287)
(0.1021924 0.37384343 0.012423072)
(0.10741359 0.36272519 0.0071550146)
(0.10947243 0.355118 0.0022111321)
(0.10905694 0.349836 -0.0024331796)
(0.10668338 0.34607666 -0.0068071232)
(0.10272308 0.34332377 -0.010926173)
(0.097540999 0.34124365 -0.014778508)
(0.091463232 0.33959708 -0.018299327)
(0.084785641 0.33819781 -0.021437672)
(0.077756339 0.33685618 -0.024186195)
(0.070584137 0.33527778 -0.02653688)
(0.063438442 0.3329847 -0.028498114)
(0.056452553 0.32929324 -0.03008334)
(0.049729543 0.32340867 -0.031306785)
(0.043348978 0.31461238 -0.032173688)
(0.037372266 0.3024654 -0.032679023)
(0.031845732 0.28693231 -0.032811444)
(0.026801226 0.26837989 -0.032558319)
(0.022256299 0.24747103 -0.031913672)
(0.018214703 0.22501198 -0.03088424)
(0.014668057 0.20180966 -0.0294903)
(0.011598449 0.17857188 -0.027761736)
(0.0089804473 0.15585718 -0.025736074)
(0.0067829007 0.13406478 -0.023457131)
(0.0049707226 0.11344995 -0.020971938)
(0.0035066589 0.094151032 -0.018327919)
(0.0023527894 0.076218959 -0.01557071)
(0.0014717151 0.059643834 -0.012742641)
(0.00082784114 0.044376477 -0.0098817834)
(0.00038920406 0.030344635 -0.0070214533)
(0.00012800732 0.017464458 -0.0041900221)
(9.4371836e-06 0.0056482216 -0.0014110714)
(0.039219523 0.61843591 0.00078972739)
(0.030510828 0.55247913 0.00201814)
(0.07205181 0.50260811 0.0022033203)
(0.096529045 0.46530297 0.0020376731)
(0.11197474 0.43750827 0.0015651238)
(0.12196755 0.41652782 0.00090083449)
(0.12748869 0.40038431 0.00015559124)
(0.12934489 0.3877294 -0.00061665644)
(0.12830227 0.37765638 -0.0013728433)
(0.12493925 0.36952546 -0.0020662489)
(0.11976805 0.36288279 -0.0027236268)
(0.11326646 0.35739907 -0.0033391063)
(0.10585323 0.35282131 -0.0038917217)
(0.097864195 0.34893866 -0.0043709305)
(0.089579528 0.34558458 -0.0047715623)
(0.081225617 0.34244439 -0.0050935165)
(0.072983479 0.33906175 -0.0053402716)
(0.064987283 0.33471123 -0.0055172271)
(0.057331266 0.32857208 -0.0056299)
(0.050088852 0.31982584 -0.0056825665)
(0.0433123 0.30789771 -0.0056776841)
(0.037039444 0.29261335 -0.0056161488)
(0.031296667 0.27422867 -0.0054981435)
(0.026099684 0.25334082 -0.0053241565)
(0.021453514 0.23073569 -0.0050957923)
(0.017352636 0.20723405 -0.0048162272)
(0.013781784 0.18357678 -0.0044903335)
(0.010717324 0.16036164 -0.0041244632)
(0.0081289283 0.13802463 -0.003725953)
(0.0059813288 0.11685092 -0.0033025671)
(0.004236016 0.097000757 -0.0028620096)
(0.0028527545 0.07853951 -0.0024115453)
(0.0017909125 0.061465708 -0.0019577388)
(0.0010110367 0.045734162 -0.0015063043)
(0.00047720451 0.031273577 -0.0010620458)
(0.00015778369 0.017999158 -0.00062885915)
(1.1926155e-05 0.0058211516 -0.00020982229)
(0.038708297 0.60960378 -0.019540317)
(0.024393327 0.52698812 -0.028617933)
(0.063391036 0.46964601 -0.024536478)
(0.084597432 0.43125217 -0.020320854)
(0.09844234 0.40574675 -0.015723432)
(0.10780462 0.38838523 -0.011267241)
(0.11323325 0.37612979 -0.0072242336)
(0.11533673 0.36718032 -0.0035547403)
(0.11480849 0.36042006 -0.00018504035)
(0.11217798 0.35522021 0.0029238201)
(0.10780056 0.35111406 0.0058172817)
(0.1021539 0.34779466 0.0085068942)
(0.095624716 0.34504349 0.010977884)
(0.08851854 0.34268439 0.013209016)
(0.081091637 0.34052895 0.015188981)
(0.073557212 0.33828536 0.016913527)
(0.066085542 0.33547683 0.018388747)
(0.058807598 0.3314142 0.019621798)
(0.051822185 0.32528833 0.020619951)
(0.045203773 0.31635508 0.021383185)
(0.039008851 0.30414195 0.021903532)
(0.033279791 0.28857839 0.022168363)
(0.028045877 0.27000128 0.022163507)
(0.023323713 0.24905306 0.021879147)
(0.019117405 0.2265298 0.021314389)
(0.015419219 0.20323665 0.020479573)
(0.012211674 0.17988508 0.019393863)
(0.0094698431 0.15703992 0.018081484)
(0.0071630814 0.13510725 0.016570686)
(0.0052566313 0.11434845 0.014892851)
(0.003713197 0.094906762 0.01308057)
(0.0024944159 0.076836594 0.011166004)
(0.0015621107 0.060130294 0.0091796959)
(0.00087967292 0.044739941 0.0071497693)
(0.00041404723 0.030593806 0.0051014297)
(0.00013639079 0.017608063 0.0030566861)
(1.0116259e-05 0.005694694 0.0010342709)
(0.034968923 0.5867231 -0.034806958)
(0.010025788 0.46538315 -0.04938743)
(0.042873515 0.39179866 -0.042939625)
(0.055316182 0.35304059 -0.036132414)
(0.064977174 0.33420017 -0.02808673)
(0.072257196 0.32556486 -0.020289847)
(0.076897303 0.32203567 -0.013077956)
(0.079221998 0.32110837 -0.0063154284)
(0.079520708 0.32148011 0.00013150981)
(0.078284397 0.32262002 0.0062331377)
(0.075776266 0.3240389 0.012028839)
(0.072242775 0.32547115 0.017479111)
(0.067922379 0.32674216 0.022512709)
(0.063041888 0.32769755 0.027070229)
(0.057805841 0.32812865 0.031116097)
(0.052390463 0.32769305 0.034637102)
(0.046942988 0.32586847 0.037635459)
(0.0415846 0.32198928 0.040117727)
(0.03641456 0.31538069 0.042084769)
(0.031513555 0.30554314 0.043526463)
(0.026942198 0.292302 0.044414952)
(0.022744449 0.27586333 0.044725812)
(0.018948194 0.25675897 0.044448803)
(0.015571199 0.23572047 0.043588589)
(0.012612637 0.21354009 0.042176937)
(0.010045113 0.19095708 0.040257507)
(0.0078515124 0.16858812 0.037873697)
(0.0060153629 0.14690015 0.035079457)
(0.0044967671 0.12621377 0.031941386)
(0.0032625867 0.10672379 0.028528773)
(0.0022797026 0.088526373 0.024908757)
(0.0015156769 0.071645791 0.021144056)
(0.00093985769 0.056057443 0.017291621)
(0.00052421576 0.041705922 0.013401894)
(0.00024433066 0.028518323 0.0095185247)
(7.9479153e-05 0.016413528 0.005678396)
(5.6432784e-06 0.0053083814 0.0019119255)
(0.0296433 0.56282482 -0.043900647)
(-0.0021730782 0.40938504 -0.059646336)
(0.024213335 0.32781619 -0.053227075)
(0.026950856 0.2955496 -0.045344908)
(0.032499117 0.2857565 -0.035542186)
(0.036854461 0.28510202 -0.026201957)
(0.039737495 0.28805313 -0.017356051)
(0.04133714 0.29231229 -0.0088270342)
(0.041769915 0.2969444 -0.00052414722)
(0.041301302 0.30162083 0.0075646123)
(0.040076737 0.30606993 0.015349265)
(0.038205355 0.31008887 0.022720827)
(0.035814459 0.31348396 0.029572406)
(0.033038315 0.31601951 0.035814867)
(0.030002804 0.31735594 0.041384961)
(0.026822405 0.31702321 0.046243113)
(0.023601041 0.31445342 0.050363303)
(0.020433364 0.30908548 0.05372071)
(0.017403186 0.3005113 0.056284119)
(0.014559964 0.28860185 0.058025007)
(0.012015709 0.27355782 0.058945406)
(0.0097373326 0.25587023 0.059038399)
(0.0077796662 0.23621721 0.05829744)
(0.006121045 0.21534283 0.056764028)
(0.0047094376 0.1939529 0.054499668)
(0.0035531282 0.17264753 0.051582169)
(0.002648241 0.15189114 0.048108468)
(0.0019328029 0.13201129 0.044182543)
(0.0013702864 0.11321534 0.039904737)
(0.00094334776 0.095614418 0.035368618)
(0.00062588431 0.079248008 0.030659198)
(0.00039518528 0.064105664 0.025851636)
(0.00023263328 0.050144423 0.021010827)
(0.00012301119 0.037301906 0.016191587)
(5.4082872e-05 0.025505659 0.011439231)
(1.6247524e-05 0.01467949 0.0067903597)
(7.9416033e-07 0.0047475722 0.0022737657)
(0.025412141 0.54272701 -0.048140183)
(-0.011677839 0.36950937 -0.061577995)
(0.0079385547 0.29045709 -0.058160238)
(0.0030430398 0.26883269 -0.048934871)
(0.0053748495 0.26707061 -0.0387718)
(0.0066329752 0.27149607 -0.02894169)
(0.0074992266 0.27753354 -0.019341728)
(0.0079495374 0.28370732 -0.0099203389)
(0.0079987522 0.28954123 -0.00067027824)
(0.0077241091 0.29488323 0.0083782986)
(0.0071900796 0.29961786 0.017129261)
(0.0064293642 0.30357362 0.025456881)
(0.0054861329 0.30648582 0.033235072)
(0.0044115424 0.3079906 0.040349065)
(0.0032618325 0.30763394 0.04670199)
(0.0020975429 0.30492349 0.052215103)
(0.0009780376 0.29942232 0.056823605)
(-4.8358198e-05 0.29085854 0.060469429)
(-0.00089971072 0.27920947 0.063084896)
(-0.0015576889 0.26472809 0.064599356)
(-0.0020918918 0.24790078 0.065020595)
(-0.0023814772 0.2293569 0.064414144)
(-0.0024682295 0.2097674 0.062885338)
(-0.0024390672 0.18975979 0.060525666)
(-0.0023007313 0.16986436 0.057443117)
(-0.0020743695 0.15049157 0.05375898)
(-0.0017982249 0.13193239 0.049599567)
(-0.0015102982 0.11437266 0.045086849)
(-0.0012225703 0.097913524 0.040330211)
(-0.00095074177 0.082592579 0.035424503)
(-0.0007061904 0.068402657 0.030450885)
(-0.00049578758 0.055307034 0.025477084)
(-0.00032291399 0.043250961 0.020558251)
(-0.00018847069 0.032169979 0.015738236)
(-9.1848879e-05 0.021995635 0.011051019)
(-3.1556859e-05 0.012659237 0.0065221285)
(-2.6798197e-06 0.0040941986 0.002169959)
(0.021530425 0.52471102 -0.047607753)
(-0.020815112 0.34004981 -0.057377431)
(-0.008488991 0.26919155 -0.057187871)
(-0.018197796 0.25628453 -0.047456075)
(-0.019741589 0.25965993 -0.038022847)
(-0.021190493 0.26655574 -0.028466966)
(-0.022060621 0.27374614 -0.018913957)
(-0.02255866 0.28034066 -0.0094478876)
(-0.022796935 0.28604246 -0.00011651834)
(-0.022819687 0.29067007 0.0090201307)
(-0.022620606 0.2941798 0.017860685)
(-0.022270057 0.29632887 0.026276416)
(-0.021786596 0.29678802 0.034122803)
(-0.021176022 0.29520635 0.04125288)
(-0.02043255 0.2912389 0.047527847)
(-0.019540598 0.2846282 0.052823743)
(-0.018500419 0.27527873 0.057037507)
(-0.017362039 0.26330062 0.060090446)
(-0.016002683 0.24900559 0.061945876)
(-0.014480657 0.23286356 0.062683577)
(-0.012985692 0.2154284 0.062341875)
(-0.011448059 0.19726475 0.061007233)
(-0.0099340596 0.17888995 0.058801604)
(-0.008469023 0.16073513 0.055873083)
(-0.0070903774 0.14313022 0.052367403)
(-0.0058238163 0.12630665 0.048426027)
(-0.0046848388 0.11041026 0.044178773)
(-0.0036819737 0.095518274 0.039737794)
(-0.0028173922 0.081656509 0.035197132)
(-0.0020882943 0.068814466 0.030634202)
(-0.0014880313 0.056957599 0.026111022)
(-0.0010072902 0.046036627 0.021675875)
(-0.00063511048 0.035994271 0.017365229)
(-0.00035986325 0.026769936 0.013205676)
(-0.00017040193 0.018302811 0.0092157189)
(-5.6541863e-05 0.010533828 0.0054073514)
(-4.2980952e-06 0.0034068153 0.0017873794)
(0.017833659 0.50892203 -0.04133505)
(-0.029803773 0.31608898 -0.049568385)
(-0.02500235 0.25413821 -0.049159391)
(-0.038408005 0.24638119 -0.041391634)
(-0.044047752 0.25080173 -0.033359653)
(-0.048114856 0.25703668 -0.024977631)
(-0.050512285 0.26313673 -0.016430063)
(-0.051660207 0.26844299 -0.0078555946)
(-0.051801096 0.27256602 0.00065781674)
(-0.051144774 0.2751933 0.0090108419)
(-0.049790251 0.27617585 0.017065197)
(-0.047890684 0.27526921 0.024674113)
(-0.045546745 0.27225795 0.03167219)
(-0.042841314 0.26697168 0.037892956)
(-0.039847572 0.25934547 0.043184314)
(-0.036638641 0.2494482 0.047428701)
(-0.033291657 0.23749029 0.050545256)
(-0.029881303 0.22381125 0.052516507)
(-0.026474016 0.20883801 0.053395226)
(-0.023185122 0.19303043 0.053260257)
(-0.02002756 0.17683176 0.052217706)
(-0.017056824 0.16063332 0.05038917)
(-0.014324076 0.14475432 0.047918155)
(-0.011854834 0.12943544 0.044949582)
(-0.0096601199 0.1148429 0.041620073)
(-0.0077408238 0.101079 0.038050777)
(-0.0060887355 0.088195032 0.034344482)
(-0.0046890629 0.076204101 0.030585377)
(-0.003522699 0.065092341 0.026840248)
(-0.0025680689 0.054827965 0.023160405)
(-0.0018025753 0.04536818 0.019583919)
(-0.001203652 0.036664224 0.016137881)
(-0.0007495044 0.028664875 0.01284053)
(-0.00041979976 0.021318811 0.0097031275)
(-0.00019654716 0.014576118 0.006731547)
(-6.4367425e-05 0.0083891935 0.0039275962)
(-4.705317e-06 0.0027132441 0.0012900383)
(0.016353307 0.49853831 -0.029760563)
(-0.037686433 0.30006043 -0.037149352)
(-0.040000244 0.24255574 -0.03622278)
(-0.056717878 0.23518736 -0.030801926)
(-0.065956782 0.23638345 -0.025005878)
(-0.072461753 0.23834672 -0.018789434)
(-0.076186849 0.24014212 -0.012320298)
(-0.077713716 0.24128808 -0.0057377072)
(-0.0774207 0.24140104 0.00086118533)
(-0.07566531 0.24014003 0.0073621038)
(-0.07269127 0.2373972 0.013575161)
(-0.068787855 0.23299674 0.019357728)
(-0.06418452 0.22686488 0.024556775)
(-0.059090746 0.21902099 0.029022946)
(-0.053695683 0.20958842 0.032654475)
(-0.04817741 0.19878046 0.035398405)
(-0.042689483 0.18687506 0.037226831)
(-0.03736374 0.17419163 0.038167925)
(-0.032304771 0.16105655 0.038290093)
(-0.0275933 0.14777386 0.037684646)
(-0.023282088 0.13460637 0.036460957)
(-0.019402989 0.12176554 0.034740106)
(-0.015966529 0.10940944 0.032641566)
(-0.0129659 0.097646713 0.030274995)
(-0.010381536 0.086543856 0.027736478)
(-0.0081850361 0.076133778 0.025106301)
(-0.0063425766 0.066424033 0.022449927)
(-0.0048177649 0.057404016 0.019818266)
(-0.0035738255 0.049050792 0.01724937)
(-0.0025751298 0.041333592 0.014770459)
(-0.0017881865 0.034217124 0.012399942)
(-0.0011821974 0.027663929 0.010149267)
(-0.00072931551 0.021636011 0.0080245299)
(-0.00040487568 0.016095925 0.0060278109)
(-0.00018787085 0.011007479 0.0041582596)
(-6.0830231e-05 0.0063361619 0.0024129693)
(-4.279532e-06 0.0020493853 0.00078760232)
(0.016977477 0.49292467 -0.015141145)
(-0.042884128 0.29081028 -0.01977896)
(-0.050276003 0.23399044 -0.019080265)
(-0.069722984 0.22460644 -0.016487843)
(-0.081559816 0.22071467 -0.013664784)
(-0.089832165 0.21673295 -0.010548736)
(-0.094449241 0.21248785 -0.0072259956)
(-0.096065467 0.2078213 -0.0037738666)
(-0.095126551 0.20260562 -0.00026961588)
(-0.092202296 0.19672408 0.0031938582)
(-0.087710443 0.19012198 0.0065081449)
(-0.082001476 0.18277038 0.0095660003)
(-0.075453087 0.17468851 0.012272113)
(-0.068401358 0.16594536 0.01455604)
(-0.061143071 0.15665352 0.016369815)
(-0.053932599 0.14695017 0.017682845)
(-0.046965603 0.13698667 0.018492812)
(-0.040398509 0.12691994 0.018831952)
(-0.034337962 0.11689539 0.018749619)
(-0.028848626 0.10703928 0.018306646)
(-0.023959402 0.097454625 0.017570092)
(-0.019670178 0.088220469 0.016607648)
(-0.015958974 0.079393384 0.015482643)
(-0.012789155 0.071010447 0.014251066)
(-0.010113511 0.063092466 0.012960286)
(-0.0078813002 0.055648048 0.011648593)
(-0.0060413014 0.048676361 0.010345703)
(-0.0045426324 0.042169162 0.0090736423)
(-0.0033379543 0.036113068 0.0078482767)
(-0.0023839549 0.030491048 0.0066802543)
(-0.0016417503 0.025283572 0.0055760524)
(-0.0010769531 0.020469491 0.0045389606)
(-0.00065950636 0.016026716 0.0035699061)
(-0.00036354043 0.011932755 0.0026681177)
(-0.00016748054 0.0081651336 0.0018316463)
(-5.3761391e-05 0.0047017204 0.0010577861)
(-3.6751366e-06 0.001520987 0.0003433385)
(0.017337743 0.49113663 0.00076103037)
(-0.044733124 0.2878747 0.0006628287)
(-0.053706726 0.23096266 0.00034084082)
(-0.074094622 0.22056494 -0.00016858302)
(-0.086788462 0.21443797 -0.00074249687)
(-0.095626462 0.20785245 -0.0013122663)
(-0.10049115 0.20089694 -0.0018334742)
(-0.10208869 0.19356966 -0.0022751696)
(-0.10093386 0.18587846 -0.0026165311)
(-0.09755318 0.1778421 -0.0029038674)
(-0.09244202 0.16949276 -0.0031035622)
(-0.086053516 0.16087281 -0.0032294545)
(-0.078794681 0.15204424 -0.0032908971)
(-0.071053988 0.14307489 -0.0032956601)
(-0.063152745 0.13403842 -0.0032509931)
(-0.055369671 0.12501379 -0.00316608)
(-0.047921702 0.11607535 -0.0030489729)
(-0.040967699 0.10729095 -0.0029071839)
(-0.034610852 0.098718974 -0.0027475194)
(-0.028906635 0.090407393 -0.0025758899)
(-0.023871519 0.08239396 -0.0023972288)
(-0.019491972 0.074707112 -0.0022154725)
(-0.015733124 0.06736721 -0.0020336126)
(-0.012546432 0.060387828 -0.0018538294)
(-0.009875921 0.053776901 -0.0016776681)
(-0.0076632048 0.047537674 -0.0015062079)
(-0.0058500398 0.041669302 -0.0013402263)
(-0.0043816181 0.036167638 -0.001180285)
(-0.0032078198 0.031025649 -0.0010267935)
(-0.0022830424 0.026233625 -0.00088004788)
(-0.0015670329 0.021779673 -0.00074024647)
(-0.0010246604 0.017650129 -0.00060749811)
(-0.0006255374 0.013829945 -0.00048182879)
(-0.00034374654 0.010303073 -0.00036318953)
(-0.00015784576 0.0070528285 -0.00025146644)
(-5.0433722e-05 0.0040622232 -0.00014647947)
(-3.3864579e-06 0.00131426 -4.8025129e-05)
(0.017014807 0.49336796 0.01652559)
(-0.042342161 0.29171926 0.020925658)
(-0.049305123 0.23520319 0.019605438)
(-0.068467014 0.22642928 0.016006047)
(-0.080052922 0.22343959 0.012069122)
(-0.088170562 0.22036749 0.007869667)
(-0.092727936 0.21692152 0.003576815)
(-0.094344651 0.21288801 -0.00069655721)
(-0.093538298 0.20811606 -0.0048686861)
(-0.090780463 0.20251605 -0.0088324548)
(-0.086454012 0.19601116 -0.012507074)
(-0.08093649 0.18859206 -0.015797218)
(-0.074580168 0.1803049 -0.018622196)
(-0.067707814 0.17124581 -0.020925024)
(-0.060607712 0.1615551 -0.022667167)
(-0.053532368 0.15139926 -0.023835094)
(-0.046676918 0.14095749 -0.02443949)
(-0.040198368 0.13041013 -0.024524705)
(-0.03420576 0.11992142 -0.024151612)
(-0.028766884 0.10963128 -0.023391319)
(-0.023913974 0.099651536 -0.02231991)
(-0.019649982 0.090065691 -0.021012828)
(-0.015955518 0.080931316 -0.019539579)
(-0.012796059 0.072283953 -0.017960772)
(-0.010126142 0.064141207 -0.016327137)
(-0.0078964073 0.056507547 -0.014679468)
(-0.0060566951 0.049377617 -0.013049377)
(-0.0045569393 0.04273865 -0.01146033)
(-0.0033503923 0.03657299 -0.0099292948)
(-0.0023941657 0.030859732 -0.0084677493)
(-0.001649671 0.025575944 -0.0070827663)
(-0.0010827212 0.020697564 -0.0057780196)
(-0.00066338748 0.016200064 -0.0045546293)
(-0.00036587662 0.012058948 -0.0034118487)
(-0.00016865518 0.0082501254 -0.0023476097)
(-5.4182863e-05 0.0047501839 -0.0013589401)
(-3.715866e-06 0.0015365946 -0.00044231554)
(0.016459167 0.49935631 0.030821482)
(-0.036766361 0.3017637 0.037757414)
(-0.038307509 0.24444094 0.036287803)
(-0.054556543 0.2379347 0.02991046)
(-0.063357153 0.24024738 0.023087025)
(-0.069577247 0.24328079 0.01591685)
(-0.073190721 0.24594488 0.0086324809)
(-0.074761723 0.2477207 0.0013843111)
(-0.074613968 0.2482107 -0.0057500809)
(-0.073025779 0.24724339 -0.012614234)
(-0.070308298 0.24460986 -0.019088541)
(-0.066692171 0.240173 -0.025037479)
(-0.062385607 0.23387686 -0.030321244)
(-0.057581687 0.22575659 -0.034811509)
(-0.052459814 0.21594612 -0.038399522)
(-0.04718383 0.20467758 -0.041035707)
(-0.041907265 0.19225587 -0.042711865)
(-0.036760035 0.17902437 -0.043459314)
(-0.031847056 0.16533329 -0.043353298)
(-0.027253161 0.15150763 -0.042490899)
(-0.023034291 0.1378268 -0.040987066)
(-0.019226547 0.12451378 -0.038970021)
(-0.015844051 0.11173324 -0.036565898)
(-0.012883389 0.09959612 -0.033889003)
(-0.010327838 0.088168036 -0.031038443)
(-0.0081515822 0.077478805 -0.02809719)
(-0.0063229699 0.067531586 -0.025133154)
(-0.0048073091 0.058310748 -0.022199352)
(-0.0035691319 0.049788203 -0.01933559)
(-0.0025738106 0.041928233 -0.016570512)
(-0.0017886154 0.034691009 -0.01392364)
(-0.0011833192 0.028035066 -0.011407257)
(-0.00073049726 0.021918966 -0.0090280389)
(-0.0004057915 0.016302378 -0.0067884251)
(-0.00018841633 0.011146744 -0.0046877363)
(-6.105236e-05 0.0064156475 -0.0027230484)
(-4.3032439e-06 0.0020749945 -0.00088991249)
(0.018119431 0.51004475 0.041823914)
(-0.028652224 0.31838241 0.049506303)
(-0.022920297 0.25645437 0.048616914)
(-0.035825464 0.24923607 0.039934177)
(-0.040972612 0.25439754 0.030988198)
(-0.044721514 0.26128985 0.02180659)
(-0.046983633 0.26783527 0.012605795)
(-0.048142657 0.27339107 0.0035349815)
(-0.048394813 0.27762313 -0.0053205858)
(-0.047880099 0.2803586 -0.013898787)
(-0.046747026 0.28140245 -0.022090316)
(-0.04510711 0.28053047 -0.029764067)
(-0.043045413 0.27752854 -0.036769468)
(-0.04063314 0.27221028 -0.042953302)
(-0.037932465 0.26449343 -0.048176138)
(-0.035004673 0.25443426 -0.052323424)
(-0.031918653 0.24223962 -0.055318687)
(-0.028750504 0.22825457 -0.057144344)
(-0.025542726 0.21291989 -0.057855434)
(-0.02244051 0.1967152 -0.057528104)
(-0.019440858 0.18010478 -0.056272677)
(-0.016600136 0.16349888 -0.054216735)
(-0.013967493 0.14723145 -0.051505997)
(-0.011581104 0.13155318 -0.048287234)
(-0.009453061 0.11663599 -0.044698169)
(-0.0075860234 0.10258429 -0.040862969)
(-0.0059747514 0.089448863 -0.03688762)
(-0.0046066907 0.077240481 -0.032859041)
(-0.00346451 0.065941899 -0.028846307)
(-0.002528109 0.055517477 -0.024902668)
(-0.001776116 0.045920512 -0.021067807)
(-0.0011869715 0.03709854 -0.017370127)
(-0.00073970004 0.028996998 -0.013828894)
(-0.00041462773 0.021561664 -0.010456147)
(-0.00019428649 0.014740174 -0.0072583185)
(-6.3695015e-05 0.0084829082 -0.0042375656)
(-4.6801958e-06 0.002743449 -0.0013928771)
(0.021832074 0.52596973 0.047352034)
(-0.019620291 0.34268797 0.056807388)
(-0.0063225771 0.2718463 0.055819654)
(-0.015537436 0.25904775 0.045448623)
(-0.016645299 0.26264981 0.035187479)
(-0.017798027 0.26973626 0.024987531)
(-0.01853705 0.27699158 0.014937979)
(-0.019016366 0.28354879 0.0051192589)
(-0.019293842 0.28916884 -0.0044336905)
(-0.01939375 0.29374194 -0.01368638)
(-0.019346585 0.297239 -0.02255835)
(-0.01918415 0.29942273 -0.030936969)
(-0.018915834 0.29995243 -0.038693763)
(-0.018541443 0.2984662 -0.045698272)
(-0.018049389 0.29459774 -0.051826152)
(-0.017416225 0.28806273 -0.056964987)
(-0.016626799 0.27874008 -0.061020106)
(-0.015749179 0.26672207 -0.06392034)
(-0.014615518 0.25231352 -0.065605365)
(-0.013304094 0.23598948 -0.066173485)
(-0.011999145 0.21831751 -0.065663424)
(-0.01061998 0.19988054 -0.064157641)
(-0.0092492681 0.18121485 -0.061772751)
(-0.0079228338 0.16276822 -0.058653637)
(-0.0066559041 0.14488328 -0.054948117)
(-0.0054819547 0.12779988 -0.050798667)
(-0.0044205766 0.11166837 -0.046337129)
(-0.0034817499 0.096567502 -0.041678358)
(-0.002669092 0.082522486 -0.036918459)
(-0.0019814764 0.069520911 -0.03213667)
(-0.0014138108 0.057525617 -0.027396637)
(-0.00095814862 0.04648446 -0.022748064)
(-0.00060472312 0.036337346 -0.01822862)
(-0.00034293721 0.027021085 -0.013865875)
(-0.00016250819 0.018472587 -0.0096791066)
(-5.3966942e-05 0.010630845 -0.0056808789)
(-4.107484e-06 0.0034380889 -0.0018784413)
(0.025741542 0.54385085 0.047195262)
(-0.010470157 0.37235167 0.060323199)
(0.0099010256 0.29365044 0.056066024)
(0.0056688095 0.27184829 0.046335319)
(0.0082680006 0.26996223 0.0355265)
(0.0098625472 0.27430034 0.025174495)
(0.010882563 0.28022372 0.015197462)
(0.01139088 0.28627024 0.005530254)
(0.011459303 0.29198651 -0.0038629518)
(0.011155518 0.29722095 -0.012944755)
(0.010530507 0.30186884 -0.02163735)
(0.0096348289 0.30575891 -0.02983641)
(0.0085237614 0.30863547 -0.037432591)
(0.0072559513 0.31014246 -0.044329032)
(0.0058940769 0.30982687 -0.050446481)
(0.0045029192 0.30718641 -0.055721428)
(0.0031461841 0.3017634 -0.060101061)
(0.0019108465 0.29325962 -0.063537806)
(0.00081947693 0.2816287 -0.065973803)
(-8.0118294e-05 0.26710873 -0.067315035)
(-0.00083237371 0.25018366 -0.067560827)
(-0.0013122322 0.23149092 -0.066776935)
(-0.0015730213 0.21171547 -0.065070555)
(-0.0016962087 0.19150065 -0.062540944)
(-0.0016933488 0.17139132 -0.059296047)
(-0.0015954606 0.15180938 -0.055453295)
(-0.0014173432 0.13305355 -0.051136053)
(-0.0012156225 0.11531417 -0.046464349)
(-0.0010003013 0.098694244 -0.041549055)
(-0.00078788829 0.083231349 -0.036485972)
(-0.00059120192 0.068917111 -0.031357164)
(-0.00041851203 0.055712943 -0.02623125)
(-0.00027447711 0.043561974 -0.021164185)
(-0.00016116035 0.032397624 -0.016200498)
(-7.8971445e-05 0.02214948 -0.011374707)
(-2.7311626e-05 0.012747128 -0.0067127178)
(-2.3652965e-06 0.0041225272 -0.0022332056)
(0.029921217 0.5636745 0.042500914)
(-0.0012088192 0.41220415 0.057619697)
(0.025781398 0.33150279 0.050589297)
(0.029354211 0.29926667 0.042131161)
(0.035232506 0.28932727 0.031883989)
(0.039905443 0.28851072 0.022141529)
(0.042978953 0.29129375 0.013015758)
(0.044640907 0.29538584 0.004338442)
(0.045156657 0.29990306 -0.0040448076)
(0.044705156 0.30441564 -0.012084744)
(0.043408665 0.30866828 -0.019715004)
(0.041403169 0.31246667 -0.026856803)
(0.038839417 0.31564335 -0.033427941)
(0.035863631 0.31798314 -0.039360269)
(0.032610715 0.31916527 -0.044608913)
(0.029203145 0.31873049 -0.04914891)
(0.025752776 0.31610869 -0.052963344)
(0.022360928 0.3107246 -0.056030113)
(0.019095215 0.30214769 -0.05832394)
(0.016054482 0.29022578 -0.059835294)
(0.013318784 0.27514295 -0.060565805)
(0.010858333 0.25738303 -0.060496596)
(0.0087137994 0.23762592 -0.059607114)
(0.0069015675 0.2166232 -0.057931203)
(0.0053821312 0.19509098 -0.055536597)
(0.0040962139 0.17363929 -0.052502563)
(0.0030715945 0.15274016 -0.048917916)
(0.0022706872 0.1327266 -0.044886408)
(0.0016293037 0.11380906 -0.040508849)
(0.0011354795 0.096099831 -0.035878934)
(0.00076315961 0.079638238 -0.031081822)
(0.00048851932 0.06441282 -0.026192775)
(0.00029179888 0.050379169 -0.021276707)
(0.00015674079 0.037473323 -0.016388364)
(7.0172233e-05 0.025621284 -0.011572903)
(2.1632845e-05 0.014745461 -0.0068666597)
(1.2188358e-06 0.0047688228 -0.0022981347)
(0.035027071 0.58704532 0.03308994)
(0.010609556 0.46738052 0.046557693)
(0.043996757 0.39500601 0.039633022)
(0.057182788 0.35684599 0.032323067)
(0.067275282 0.33821554 0.02392626)
(0.074879348 0.32958866 0.015844391)
(0.079751699 0.32595988 0.0084112349)
(0.082080218 0.32480676 0.0015536966)
(0.082459286 0.32506175 -0.0047789575)
(0.081241637 0.32593358 -0.010697626)
(0.078667756 0.32701947 -0.016227989)
(0.074998891 0.32809006 -0.021340234)
(0.070502466 0.32899868 -0.0259923)
(0.065425363 0.32961404 -0.030150614)
(0.059984343 0.32974642 -0.033799465)
(0.054363141 0.32906757 -0.036940227)
(0.048714754 0.3270579 -0.039587745)
(0.043164573 0.32305209 -0.041754408)
(0.037814797 0.31636196 -0.043446573)
(0.032744758 0.30646779 -0.044645256)
(0.02801676 0.2931783 -0.045320707)
(0.023674857 0.27668783 -0.045450226)
(0.019745968 0.25752112 -0.045019267)
(0.016242543 0.23640945 -0.044027162)
(0.013170084 0.21414855 -0.042494222)
(0.010512003 0.19148258 -0.040464795)
(0.008226241 0.16903283 -0.037990921)
(0.006312464 0.14726963 -0.035123881)
(0.0047267683 0.12651562 -0.031928462)
(0.0034352089 0.10696644 -0.028473112)
(0.002404328 0.088718136 -0.024824258)
(0.0016012017 0.071794288 -0.021043795)
(0.00099455027 0.056169285 -0.017187709)
(0.00055566334 0.041786601 -0.013305346)
(0.0002594628 0.02857224 -0.0094391639)
(8.460054e-05 0.016444105 -0.0056247933)
(6.0607198e-06 0.0053182035 -0.001891435)
(0.038662682 0.60951188 0.017703948)
(0.024625979 0.52768828 0.025350659)
(0.063944029 0.47118055 0.020654536)
(0.085573677 0.43340314 0.015931779)
(0.099709478 0.40824071 0.010998858)
(0.10921331 0.39098894 0.0063378182)
(0.1147224 0.37873677 0.0022444268)
(0.11694035 0.3696503 -0.0013503881)
(0.1164832 0.3627351 -0.0045129422)
(0.11375823 0.35730042 -0.0073413782)
(0.10930097 0.3529252 -0.0098672181)
(0.10356208 0.349327 -0.012130629)
(0.096918909 0.34630158 -0.014147575)
(0.089689502 0.34368585 -0.015921643)
(0.082142521 0.34130237 -0.017460175)
(0.074490911 0.33886588 -0.01877243)
(0.066912205 0.33592331 -0.01987272)
(0.059539038 0.33173856 -0.020772119)
(0.05246494 0.32551674 -0.021478072)
(0.045765976 0.31650782 -0.021988076)
(0.039498419 0.30423349 -0.022291295)
(0.033703599 0.28861924 -0.02237009)
(0.02840978 0.26999988 -0.022206628)
(0.023632808 0.2490172 -0.021788411)
(0.019376566 0.2264672 -0.021112027)
(0.01563356 0.20315507 -0.020185452)
(0.012386199 0.179792 -0.019027605)
(0.009609263 0.15694207 -0.017663482)
(0.0072718169 0.13501036 -0.016121499)
(0.0053389177 0.1142571 -0.014432875)
(0.0037731205 0.094824379 -0.012629665)
(0.0025358979 0.076765528 -0.010743089)
(0.0015888687 0.060071974 -0.0088023539)
(0.00089519486 0.044695029 -0.0068339276)
(0.00042159084 0.030562366 -0.0048611293)
(0.00013897559 0.017589709 -0.0029039599)
(1.0339523e-05 0.0056887209 -0.00097916628)
(0.039300482 0.61830603 -0.0026736336)
(0.030608157 0.55203813 -0.005430567)
(0.072059481 0.50193575 -0.0062486009)
(0.096399953 0.46444173 -0.0065839682)
(0.11170911 0.43651272 -0.0064290388)
(0.12162275 0.41544509 -0.0059293076)
(0.12708934 0.39925456 -0.0051846312)
(0.12882273 0.38658723 -0.0042800294)
(0.12762605 0.37653512 -0.0033257567)
(0.12419614 0.36844699 -0.0022892979)
(0.11904316 0.36186833 -0.0012290329)
(0.11255885 0.35645503 -0.00017773646)
(0.10516217 0.3519471 0.0008316163)
(0.097197886 0.34813764 0.0017666216)
(0.088946843 0.34484424 0.0026023375)
(0.080633478 0.34175045 0.0033280364)
(0.072436846 0.33839457 0.0039411207)
(0.064488453 0.33404538 0.0044417792)
(0.056880721 0.32788227 0.0048365057)
(0.04968609 0.31909391 0.0051327596)
(0.042956049 0.30711772 0.0053374782)
(0.036727882 0.29179275 0.0054563009)
(0.0310276 0.27338558 0.0054935824)
(0.025870537 0.25249903 0.0054528398)
(0.021261324 0.22991955 0.0053373925)
(0.017194137 0.20646468 0.0051509314)
(0.013653534 0.18287008 0.0048980878)
(0.010615809 0.15972788 0.0045846972)
(0.0080506342 0.13746903 0.0042176425)
(0.0059228102 0.1163747 0.0038045301)
(0.0041939611 0.096602295 0.0033533462)
(0.0028240409 0.07821535 0.0028721319)
(0.0017726517 0.061211362 0.002368699)
(0.0010005988 0.045544686 0.0018504047)
(0.00047221496 0.03114396 0.0013239855)
(0.00015610791 0.017924557 0.0007954444)
(1.1792801e-05 0.0057970263 0.00026997775)
(0.037841387 0.60658729 -0.022279483)
(0.021721812 0.51652897 -0.034654042)
(0.059571276 0.45379397 -0.031529526)
(0.078918597 0.41265607 -0.027477247)
(0.091502608 0.3864315 -0.022355401)
(0.10004764 0.36959198 -0.016981266)
(0.104993 0.35853196 -0.011841354)
(0.10690718 0.3511166 -0.0069145981)
(0.10642562 0.34605446 -0.0021285699)
(0.10398714 0.34254573 0.0025204812)
(0.10001346 0.34010969 0.0069647614)
(0.094903474 0.33836521 0.011167556)
(0.088959206 0.33705263 0.015074264)
(0.082444008 0.33597015 0.018626148)
(0.075588652 0.3349018 0.021765691)
(0.068598053 0.33353582 0.024472195)
(0.061634929 0.33138408 0.026760733)
(0.054828101 0.32775888 0.028640328)
(0.048277889 0.32187457 0.030123485)
(0.042062483 0.31303538 0.031216435)
(0.036242559 0.30083262 0.031916836)
(0.030864028 0.28525951 0.032216306)
(0.025958367 0.2667027 0.032106672)
(0.021542149 0.24583341 0.031586456)
(0.017617818 0.22345603 0.030667027)
(0.014176617 0.20036921 0.029369974)
(0.011200855 0.17726989 0.027724474)
(0.0086654441 0.15470598 0.025767861)
(0.0065395349 0.13306792 0.02354366)
(0.0047883979 0.1126045 0.021098612)
(0.0033752539 0.093449899 0.018480042)
(0.002262777 0.075652723 0.015733793)
(0.001414265 0.059202118 0.012902737)
(0.00079487512 0.044048864 0.010025804)
(0.00037337091 0.030121213 0.0071374197)
(0.00012266472 0.017336114 0.0042672578)
(8.9999938e-06 0.0056067519 0.0014402588)
(0.034124561 0.58357546 -0.036261622)
(0.0079670439 0.45493222 -0.05341264)
(0.039638553 0.37609103 -0.047958138)
(0.050042968 0.3351589 -0.041283697)
(0.058306145 0.31600032 -0.03290371)
(0.064477417 0.30791423 -0.024588543)
(0.068308139 0.30536307 -0.016717985)
(0.070146248 0.30560781 -0.0091525515)
(0.07031521 0.30727495 -0.0017673881)
(0.06915267 0.30970733 0.0054368985)
(0.066914559 0.31245976 0.012435529)
(0.063801322 0.3152246 0.01911365)
(0.059995418 0.31777874 0.025349088)
(0.055679922 0.31991499 0.031040752)
(0.051029017 0.32136906 0.036116718)
(0.046196165 0.32174883 0.04053512)
(0.041315843 0.32050096 0.044283728)
(0.036503008 0.31696091 0.047360367)
(0.03185435 0.31049295 0.049760987)
(0.027449334 0.30066694 0.051473284)
(0.023350152 0.28739068 0.052475886)
(0.019601328 0.27094179 0.052752231)
(0.016236368 0.2519005 0.052314367)
(0.013268731 0.23102072 0.051196623)
(0.01066084 0.20909317 0.049439045)
(0.0084312803 0.18684069 0.047076342)
(0.0065503296 0.16485708 0.044171405)
(0.0049841955 0.14358591 0.040803827)
(0.0037011746 0.12332746 0.037057745)
(0.0026683321 0.10426094 0.033016331)
(0.0018531493 0.086471684 0.028758586)
(0.0012248843 0.069977301 0.024357163)
(0.00075526228 0.054749704 0.019877052)
(0.00041893742 0.040732286 0.015374975)
(0.00019415116 0.027852456 0.01089931)
(6.2701218e-05 0.016030324 0.0064903487)
(4.3357518e-06 0.0051844555 0.0021808344)
(0.029607352 0.56119504 -0.044807008)
(-0.0023823885 0.403492 -0.062818635)
(0.023245037 0.31876107 -0.057116015)
(0.024712505 0.28548141 -0.049182354)
(0.029261184 0.27566277 -0.039060252)
(0.032616935 0.27530736 -0.029315893)
(0.034635061 0.2785232 -0.019990843)
(0.035564396 0.28297458 -0.010901076)
(0.035589883 0.2877936 -0.0019420038)
(0.034891791 0.29273379 0.006902887)
(0.033593865 0.2975944 0.015545464)
(0.031793726 0.30214781 0.023839692)
(0.029590664 0.30614488 0.03163265)
(0.027087633 0.30927925 0.038789036)
(0.024385385 0.311137 0.04520246)
(0.021579457 0.31118955 0.050801198)
(0.018760115 0.30884322 0.055534943)
(0.016011868 0.30355149 0.059364835)
(0.013408308 0.2949554 0.062254403)
(0.010995715 0.28299249 0.064174695)
(0.008877671 0.26792713 0.065120677)
(0.0070210067 0.25029627 0.065101677)
(0.0054486328 0.23080057 0.064140897)
(0.0040990547 0.210185 0.062292329)
(0.0030276397 0.18914064 0.059630968)
(0.0022152611 0.16824473 0.056272189)
(0.001570148 0.14793701 0.052333559)
(0.0010809792 0.12852287 0.047931247)
(0.00072244745 0.11019211 0.043176608)
(0.00046569877 0.093043208 0.038172515)
(0.00028676334 0.077107405 0.033011008)
(0.00016630161 0.062369534 0.027772211)
(8.8737873e-05 0.048784524 0.022524208)
(4.1724102e-05 0.036289694 0.017323576)
(1.5718574e-05 0.024813444 0.012216284)
(3.5763289e-06 0.01428111 0.0072387632)
(-1.5308052e-07 0.0046187357 0.0024190687)
(0.025757292 0.54204455 -0.049236706)
(-0.010990081 0.36597132 -0.064747558)
(0.0086513579 0.28480928 -0.061529432)
(0.0031957514 0.2627414 -0.052040238)
(0.0049989862 0.26124123 -0.041414141)
(0.0056134254 0.26593787 -0.031108503)
(0.0058382432 0.27203224 -0.021051816)
(0.0057068155 0.27808092 -0.011168477)
(0.0052791097 0.28371926 -0.0014096808)
(0.0046253067 0.28890024 0.0082095776)
(0.0038088218 0.29357159 0.017609045)
(0.0028693354 0.29758412 0.026648519)
(0.0018445844 0.3006376 0.035160661)
(0.00077262312 0.30231137 0.042985959)
(-0.00029581758 0.30209671 0.049984674)
(-0.0013114268 0.29946629 0.056041603)
(-0.0022303081 0.2939788 0.061064512)
(-0.0030170001 0.28538663 0.064976965)
(-0.0036026557 0.27370862 0.067708888)
(-0.0039849057 0.25924021 0.069221802)
(-0.0041870815 0.24249828 0.069557492)
(-0.0041780682 0.22412585 0.0687881)
(-0.0040065149 0.20479166 0.067007187)
(-0.0037256709 0.18511001 0.064326076)
(-0.0033338779 0.16559265 0.060883177)
(-0.0029024758 0.14663039 0.056822249)
(-0.0024564565 0.12849625 0.052288041)
(-0.002015939 0.11136138 0.047410771)
(-0.0016009542 0.095316017 0.042306053)
(-0.0012255696 0.080390423 0.037074089)
(-0.00089833035 0.066573021 0.031799207)
(-0.00062348222 0.05382492 0.026550505)
(-0.00040198671 0.042090804 0.021383202)
(-0.00023246964 0.031306709 0.016340325)
(-0.00011227996 0.021405339 0.011454448)
(-3.8161164e-05 0.012319517 0.0067493408)
(-3.1280487e-06 0.0039843331 0.0022414764)
(0.02211026 0.52444922 -0.049424407)
(-0.019538065 0.33715083 -0.060848609)
(-0.0064797195 0.26426399 -0.060650269)
(-0.016410203 0.2512532 -0.050356615)
(-0.017998943 0.25526045 -0.040271181)
(-0.019693067 0.26271143 -0.030103882)
(-0.020911068 0.27014293 -0.020008111)
(-0.021809442 0.27671042 -0.010038201)
(-0.022455075 0.28224291 -0.0001996932)
(-0.022872513 0.28669105 0.0094757159)
(-0.023042769 0.29001553 0.018895452)
(-0.023003594 0.29209044 0.027914672)
(-0.022766867 0.29254185 0.036356368)
(-0.022329195 0.29097928 0.044036086)
(-0.021685764 0.28703571 0.050780707)
(-0.020830032 0.28043993 0.05643782)
(-0.019779304 0.27109778 0.060889364)
(-0.018551557 0.25913195 0.06404954)
(-0.017096081 0.2448743 0.065915538)
(-0.015492588 0.22881181 0.066553937)
(-0.013889485 0.2115081 0.066022316)
(-0.012225331 0.19352944 0.064431009)
(-0.010576721 0.17538659 0.061929527)
(-0.0089950483 0.15749945 0.058680931)
(-0.0075128513 0.14018538 0.054850024)
(-0.0061557049 0.12366397 0.050591225)
(-0.0049397969 0.10807104 0.046040521)
(-0.0038732195 0.093476137 0.041314822)
(-0.002957145 0.07989966 0.03651196)
(-0.0021873072 0.067327659 0.031711293)
(-0.0015555357 0.055723701 0.026975273)
(-0.0010510602 0.045037779 0.022351567)
(-0.00066157531 0.035212698 0.01787534)
(-0.00037425512 0.026188481 0.013571471)
(-0.00017693641 0.01790525 0.0094565389)
(-5.8600582e-05 0.010305035 0.0055405522)
(-4.4334836e-06 0.0033328249 0.0018283824)
(0.01861738 0.50845317 -0.04421694)
(-0.028043712 0.31286637 -0.0535014)
(-0.022250401 0.24896134 -0.053106336)
(-0.035414188 0.24160085 -0.044534832)
(-0.040719833 0.24719401 -0.035692248)
(-0.044640202 0.25451541 -0.026533901)
(-0.047074545 0.26137213 -0.017273562)
(-0.04840253 0.26712801 -0.0080396806)
(-0.048826882 0.27149227 0.0011033718)
(-0.048512757 0.2742657 0.010076908)
(-0.047545015 0.27533682 0.018746458)
(-0.046031719 0.27448223 0.026944144)
(-0.044048064 0.27150915 0.034480732)
(-0.041660695 0.26624808 0.041161375)
(-0.038935771 0.25862098 0.046810808)
(-0.03594495 0.24869173 0.051291659)
(-0.032767598 0.2366791 0.054529237)
(-0.029480073 0.2229351 0.05651711)
(-0.026178698 0.20789856 0.057308711)
(-0.022946692 0.19204087 0.05699732)
(-0.0198296 0.17581343 0.055708676)
(-0.016895293 0.15961139 0.053591906)
(-0.014189984 0.14375376 0.050810915)
(-0.011742088 0.12847808 0.04752694)
(-0.0095653635 0.11394598 0.043887472)
(-0.0076616147 0.10025477 0.040021143)
(-0.0060232654 0.087451144 0.036035772)
(-0.0046358886 0.075544348 0.032018641)
(-0.0034805299 0.064517469 0.028038053)
(-0.0025356468 0.054336474 0.024145614)
(-0.001778619 0.044957016 0.020378813)
(-0.0011868498 0.036329332 0.016763586)
(-0.00073853524 0.028401627 0.013316664)
(-0.00041336268 0.021122327 0.010047621)
(-0.00019338357 0.014441483 0.0069605948)
(-6.3260874e-05 0.008311614 0.0040556833)
(-4.6034656e-06 0.002688142 0.0013300385)
(0.016375306 0.49706084 -0.033685852)
(-0.036075634 0.29548181 -0.041998181)
(-0.037211994 0.23670482 -0.040913132)
(-0.053287265 0.23028998 -0.034586268)
(-0.061901515 0.23319456 -0.027830899)
(-0.067945309 0.23689394 -0.020656308)
(-0.071419236 0.24022484 -0.013254576)
(-0.072888564 0.24265428 -0.0057792503)
(-0.072699312 0.2437997 0.00166876)
(-0.071166148 0.24336652 0.008962978)
(-0.068520294 0.24123097 0.015930265)
(-0.064999422 0.23724084 0.02239784)
(-0.060801876 0.23133737 0.028187188)
(-0.056112536 0.22355434 0.033128057)
(-0.051103436 0.21403336 0.03710229)
(-0.045941579 0.20301398 0.040045678)
(-0.040776374 0.19080649 0.04194548)
(-0.035736603 0.17776255 0.042840685)
(-0.030929344 0.16423821 0.042815164)
(-0.026437095 0.15056274 0.041982172)
(-0.022317032 0.13701796 0.040475018)
(-0.018604041 0.12382777 0.038434902)
(-0.015311125 0.11115709 0.03599812)
(-0.01243394 0.099116995 0.033287411)
(-0.0099550147 0.087773449 0.030409732)
(-0.0078477967 0.077156853 0.027453449)
(-0.0060802217 0.067271214 0.024488716)
(-0.0046175561 0.058101967 0.021569128)
(-0.0034245586 0.049622227 0.018733975)
(-0.002467012 0.041797531 0.016010671)
(-0.0017127166 0.03458928 0.01341709)
(-0.0011320501 0.027957151 0.010963678)
(-0.00069823057 0.021860735 0.0086552422)
(-0.00038754241 0.016260591 0.0064924341)
(-0.00017979756 0.011118911 0.004472927)
(-5.8204081e-05 0.0063998956 0.0025923497)
(-4.0971242e-06 0.0020699407 0.00084496816)
(0.016752222 0.49056398 -0.019634036)
(-0.041635671 0.28477601 -0.025597097)
(-0.048296633 0.22714676 -0.024555945)
(-0.067114154 0.2185652 -0.021008481)
(-0.078332401 0.2162357 -0.017160133)
(-0.086045828 0.21395495 -0.01295529)
(-0.090238514 0.2113962 -0.0085068779)
(-0.091585857 0.2083094 -0.0039424055)
(-0.090553049 0.20449961 0.00064529713)
(-0.087638021 0.19980708 0.0051499811)
(-0.08324213 0.19414894 0.0094303626)
(-0.077726789 0.18747797 0.0133492)
(-0.071438571 0.17981626 0.016782736)
(-0.064692759 0.17124975 0.019639557)
(-0.057767083 0.16191908 0.021854655)
(-0.050897756 0.152006 0.023405031)
(-0.044277249 0.14170798 0.024301568)
(-0.038044507 0.13122278 0.024588228)
(-0.03230146 0.12073595 0.024337916)
(-0.027107804 0.11040643 0.023636674)
(-0.022489171 0.1003618 0.02257607)
(-0.018444251 0.090697814 0.021245675)
(-0.014949257 0.081480531 0.019727586)
(-0.011967652 0.072751813 0.018092817)
(-0.0094553516 0.0645338 0.016400123)
(-0.0073625165 0.05683284 0.014696363)
(-0.0056392624 0.049644081 0.013017245)
(-0.0042373552 0.042954722 0.011388612)
(-0.0031116808 0.036746523 0.0098285791)
(-0.0022211036 0.030997697 0.008348784)
(-0.0015288335 0.025684301 0.0069558155)
(-0.0010024356 0.020781257 0.0056524641)
(-0.00061363148 0.016263091 0.0044387496)
(-0.00033813518 0.012104475 0.0033127378)
(-0.00015572574 0.0082806077 0.0022711753)
(-4.9972698e-05 0.0047674993 0.0013099843)
(-3.4125336e-06 0.0015421617 0.00042459862)
(0.01737044 0.48765982 -0.0041364491)
(-0.04454702 0.27996723 -0.0055538551)
(-0.053678971 0.22213799 -0.0055177731)
(-0.073913831 0.21186191 -0.0051354977)
(-0.086378391 0.20593794 -0.0047549477)
(-0.094857153 0.19954951 -0.0042632151)
(-0.099322293 0.19281894 -0.0036486651)
(-0.10051056 0.18574847 -0.0028989995)
(-0.098952431 0.17834621 -0.0020400759)
(-0.095215833 0.17062843 -0.001128899)
(-0.089807145 0.16261549 -0.00019578061)
(-0.083185197 0.15434052 0.00071103579)
(-0.075774388 0.1458592 0.0015502519)
(-0.067966767 0.13723386 0.0022919939)
(-0.060082112 0.12853437 0.0029070722)
(-0.052392567 0.11983848 0.0033825589)
(-0.045102244 0.11121979 0.0037110541)
(-0.038354646 0.10274542 0.0039010434)
(-0.032237853 0.094476585 0.0039667371)
(-0.026792542 0.086463305 0.0039262256)
(-0.022021985 0.078744116 0.003799472)
(-0.017901836 0.071347609 0.0036064381)
(-0.014389001 0.064293871 0.0033658018)
(-0.011429243 0.057595318 0.0030948581)
(-0.0089631833 0.051258486 0.0028069803)
(-0.0069308583 0.045285386 0.0025128308)
(-0.0052737583 0.039674048 0.0022203598)
(-0.0039379797 0.034419362 0.0019357591)
(-0.0028748821 0.029513434 0.0016633191)
(-0.0020406697 0.024945816 0.0014058145)
(-0.0013972093 0.020704072 0.0011648196)
(-0.00091150408 0.016774179 0.00094101394)
(-0.00055525397 0.013140918 0.0007344319)
(-0.0003045024 0.0097882578 0.00054465932)
(-0.00013954669 0.0066996953 0.00037098469)
(-4.4483068e-05 0.0038585706 0.00021253185)
(-2.9705582e-06 0.001248334 6.8320484e-05)
(0.017270751 0.48846081 0.011835339)
(-0.043658108 0.28152633 0.015295175)
(-0.052112302 0.22425951 0.014125168)
(-0.071916893 0.21503388 0.011250697)
(-0.084003012 0.21078073 0.0080328419)
(-0.092270442 0.20608417 0.0046406624)
(-0.096677007 0.2009234 0.0012446058)
(-0.097925918 0.19522993 -0.0020364902)
(-0.096581319 0.18894666 -0.0051333439)
(-0.093156667 0.18204296 -0.0079977754)
(-0.088094847 0.1745224 -0.010563494)
(-0.081829276 0.16642964 -0.012770577)
(-0.074762092 0.1578456 -0.014581399)
(-0.067263862 0.14887034 -0.015967309)
(-0.059642318 0.13962022 -0.016908784)
(-0.05216394 0.13022522 -0.017420452)
(-0.045033675 0.12081152 -0.017535142)
(-0.03840047 0.11147899 -0.017300317)
(-0.032359444 0.10233133 -0.016772673)
(-0.026958484 0.093454783 -0.016012429)
(-0.022208263 0.084912079 -0.015078436)
(-0.018091294 0.076747214 -0.01402456)
(-0.014569958 0.068992796 -0.012897449)
(-0.011594251 0.061664458 -0.011735631)
(-0.0091085313 0.054765271 -0.010569633)
(-0.0070544653 0.04829214 -0.0094227364)
(-0.0053758258 0.042237471 -0.0083117166)
(-0.0040201902 0.036590117 -0.0072478612)
(-0.0029389353 0.031335977 -0.0062387037)
(-0.0020888743 0.026458915 -0.0052885107)
(-0.0014320206 0.021941329 -0.0043990696)
(-0.00093535497 0.017764625 -0.0035703559)
(-0.00057046068 0.01390962 -0.0028010624)
(-0.00031321331 0.010356883 -0.0020890099)
(-0.0001437103 0.007087036 -0.0014314603)
(-4.5893755e-05 0.004081 -0.00082533837)
(-3.0800033e-06 0.0013201995 -0.00026742301)
(0.016553656 0.49282648 0.026730217)
(-0.039378322 0.28914837 0.034065571)
(-0.044040986 0.23242213 0.032210153)
(-0.061714099 0.22625093 0.026301566)
(-0.071884758 0.22741983 0.019817571)
(-0.078951962 0.22868026 0.01302686)
(-0.082934349 0.22928887 0.0062090739)
(-0.08444077 0.22885661 -0.00049905418)
(-0.083908828 0.22711333 -0.007010066)
(-0.081705356 0.22396063 -0.013177346)
(-0.078151342 0.21928062 -0.018884814)
(-0.073538494 0.21304355 -0.023988463)
(-0.068138724 0.20530293 -0.028369194)
(-0.062218484 0.19619091 -0.031937648)
(-0.056019145 0.18590661 -0.034617815)
(-0.049756412 0.17470616 -0.036387691)
(-0.04361591 0.16287475 -0.037274113)
(-0.037748292 0.15069987 -0.037346285)
(-0.032266776 0.13844795 -0.036703858)
(-0.027248069 0.1263473 -0.03546418)
(-0.022735675 0.11457981 -0.033751357)
(-0.018744462 0.10327992 -0.031686792)
(-0.015266332 0.092538548 -0.029381065)
(-0.012276458 0.082409758 -0.026929456)
(-0.0097390313 0.072918494 -0.024410466)
(-0.0076119737 0.064068029 -0.02188622)
(-0.0058506025 0.055846308 -0.019403693)
(-0.0044102992 0.048231021 -0.016997475)
(-0.0032483522 0.041193438 -0.014691469)
(-0.0023251129 0.034701208 -0.01250099)
(-0.0016045993 0.028720328 -0.010434696)
(-0.0010547012 0.023216492 -0.0084962287)
(-0.0006471365 0.018155979 -0.0066855582)
(-0.00035740539 0.013506228 -0.0050000536)
(-0.00016499684 0.0092361802 -0.0034353176)
(-5.3091173e-05 0.0053164812 -0.0019858166)
(-3.6702102e-06 0.0017195694 -0.00064536825)
(0.017153465 0.50101618 0.039428914)
(-0.032741842 0.30242468 0.048549562)
(-0.03129667 0.24352094 0.046917145)
(-0.045917339 0.23917863 0.038387288)
(-0.053137865 0.24506061 0.029327827)
(-0.058299205 0.25157445 0.020046585)
(-0.061439454 0.25716506 0.010819737)
(-0.063049574 0.26132973 0.0017816005)
(-0.063371843 0.26379887 -0.0070153598)
(-0.062579719 0.26447736 -0.015473664)
(-0.060877881 0.26321254 -0.023480737)
(-0.058402232 0.2598835 -0.030882118)
(-0.055277838 0.25439748 -0.037496289)
(-0.051630941 0.24674427 -0.043143865)
(-0.047588439 0.23702645 -0.047689377)
(-0.043284066 0.22546828 -0.051050819)
(-0.038849572 0.21239603 -0.05319753)
(-0.034409566 0.19820616 -0.054164714)
(-0.030074403 0.18331947 -0.054042845)
(-0.025940697 0.1681383 -0.052957579)
(-0.022080588 0.15301508 -0.051058459)
(-0.018546376 0.13823496 -0.048510724)
(-0.015368485 0.12401069 -0.045477028)
(-0.01255796 0.11048717 -0.042104529)
(-0.010110414 0.097751525 -0.038520258)
(-0.008010295 0.085845094 -0.03483051)
(-0.0062342004 0.074775211 -0.031120908)
(-0.0047538706 0.064525347 -0.027457703)
(-0.0035387499 0.055063302 -0.023890102)
(-0.0025578977 0.046347425 -0.020452992)
(-0.0017813068 0.038331119 -0.017169653)
(-0.0011807338 0.03096597 -0.014054237)
(-0.00073017483 0.02420381 -0.011113909)
(-0.00040627685 0.01799804 -0.0083506258)
(-0.00018893999 0.012304389 -0.005762571)
(-6.1352679e-05 0.0070813226 -0.0033452758)
(-4.3498626e-06 0.0022902006 -0.0010925005)
(0.020314323 0.51397501 0.047726543)
(-0.024445085 0.32202388 0.058248859)
(-0.015920205 0.25679997 0.057191565)
(-0.027568136 0.24986638 0.046575777)
(-0.031461787 0.25674028 0.0358459)
(-0.034523303 0.26520645 0.02507558)
(-0.036616503 0.27273948 0.014519842)
(-0.038001677 0.2787801 0.0042626553)
(-0.038783619 0.28335751 -0.0056949076)
(-0.039030141 0.28651887 -0.015360097)
(-0.038804915 0.28817282 -0.024657697)
(-0.038145135 0.28809248 -0.033449207)
(-0.037078132 0.28599746 -0.041553539)
(-0.035631175 0.28164587 -0.048778128)
(-0.033833962 0.27483143 -0.054936907)
(-0.031725299 0.2654967 -0.059874778)
(-0.029357257 0.25376974 -0.063492692)
(-0.026797318 0.23995763 -0.065755878)
(-0.024096817 0.22450194 -0.066698802)
(-0.02139062 0.20791716 -0.066412154)
(-0.018710809 0.19072235 -0.065018589)
(-0.016108902 0.17338775 -0.062676537)
(-0.013648646 0.1563031 -0.059557518)
(-0.011384853 0.13976576 -0.05583655)
(-0.0093412686 0.12398342 -0.051677648)
(-0.0075296315 0.10908586 -0.0472287)
(-0.0059528511 0.095140386 -0.042615932)
(-0.0046047243 0.082167439 -0.037942663)
(-0.0034726883 0.070154471 -0.033290736)
(-0.0025401565 0.059067155 -0.028722891)
(-0.0017882793 0.048857925 -0.024285525)
(-0.0011972522 0.039472156 -0.020011509)
(-0.00074728335 0.030852429 -0.015922819)
(-0.0004194636 0.022941361 -0.012032877)
(-0.00019681781 0.015683369 -0.0083485206)
(-6.4610526e-05 0.0090257067 -0.0048716183)
(-4.7707867e-06 0.0029189934 -0.0016003836)
(0.023812475 0.53004498 0.050730091)
(-0.016260802 0.34681433 0.064366182)
(-0.00057095892 0.27291671 0.062114649)
(-0.0088976282 0.25895639 0.050839192)
(-0.0093081569 0.26261489 0.039161134)
(-0.01027651 0.2698503 0.027811054)
(-0.011160372 0.27691939 0.016858667)
(-0.012013834 0.28304434 0.006280595)
(-0.01281852 0.2882597 -0.0040018394)
(-0.013551004 0.29265455 -0.014030624)
(-0.014191205 0.29623232 -0.023758362)
(-0.014721046 0.29881354 -0.033065135)
(-0.015127192 0.3001163 -0.041790916)
(-0.015393204 0.29964891 -0.049760377)
(-0.015491865 0.29693639 -0.056803114)
(-0.015394269 0.29157013 -0.062765759)
(-0.015076204 0.28331057 -0.067520401)
(-0.014564774 0.2721563 -0.070974191)
(-0.013814981 0.25835648 -0.073059155)
(-0.012788326 0.24236977 -0.073833071)
(-0.011657592 0.22478183 -0.073384522)
(-0.010440686 0.20621501 -0.071794318)
(-0.0091743696 0.18725468 -0.069187392)
(-0.0079192217 0.16839836 -0.065729004)
(-0.0066954093 0.15003259 -0.061592356)
(-0.0055431203 0.13243235 -0.056944506)
(-0.0044893104 0.11577403 -0.051937658)
(-0.0035485016 0.10015432 -0.046704064)
(-0.0027282859 0.08561 -0.041355403)
(-0.0020303674 0.072135437 -0.035983429)
(-0.0014516296 0.059696907 -0.030661388)
(-0.00098543791 0.04824346 -0.025446066)
(-0.00062282622 0.037714766 -0.020380135)
(-0.00035363128 0.028046545 -0.015494507)
(-0.00016775118 0.01917414 -0.010810498)
(-5.5782228e-05 0.011034749 -0.0063417208)
(-4.2570928e-06 0.0035687366 -0.0020957285)
(0.027178153 0.54732264 0.048826752)
(-0.0079973624 0.3767588 0.065861564)
(0.013599508 0.29526416 0.061169746)
(0.010239326 0.27114664 0.05105037)
(0.012640831 0.26824168 0.039251062)
(0.014053713 0.27195215 0.028053806)
(0.014701432 0.27726601 0.017429861)
(0.014770052 0.28269339 0.0072122965)
(0.014386058 0.28791013 -0.0027335163)
(0.013640038 0.29287624 -0.012457498)
(0.012597752 0.29753255 -0.021911123)
(0.011317167 0.30174004 -0.030978837)
(0.009855698 0.3052403 -0.039514902)
(0.0082723709 0.30761309 -0.047371487)
(0.0066301168 0.30833197 -0.054419339)
(0.0049937684 0.3068142 -0.060551223)
(0.0034268732 0.30251598 -0.065679914)
(0.0020085947 0.29505357 -0.069734128)
(0.00078494379 0.28430698 -0.072650679)
(-0.0002179983 0.27046369 -0.074351923)
(-0.0010440245 0.25398635 -0.074794983)
(-0.0015783221 0.23552011 -0.074047389)
(-0.0018607875 0.21577908 -0.072234504)
(-0.0019832976 0.19544662 -0.069473656)
(-0.0019693639 0.17510956 -0.065891058)
(-0.0018342423 0.15522769 -0.061627517)
(-0.0016329718 0.13613081 -0.056824902)
(-0.0013958819 0.11803263 -0.051622228)
(-0.0011450458 0.10105261 -0.046145165)
(-0.00089971209 0.085239205 -0.040503869)
(-0.0006737283 0.070590635 -0.034792346)
(-0.00047601699 0.057071915 -0.029088654)
(-0.00031160277 0.044627737 -0.023455969)
(-0.00018260422 0.033191771 -0.017944145)
(-8.9298183e-05 0.02269305 -0.012591458)
(-3.0778273e-05 0.01306015 -0.0074263064)
(-2.6365464e-06 0.0042237847 -0.0024688554)
(0.030525654 0.56585901 0.04321408)
(-0.00014247965 0.41439113 0.061623314)
(0.026861607 0.33073462 0.055669176)
(0.030639746 0.29608803 0.046743151)
(0.036047711 0.28477737 0.035848688)
(0.040274924 0.28321675 0.025453266)
(0.042915482 0.28553105 0.015749098)
(0.044241641 0.28931049 0.0065113623)
(0.044508416 0.29366788 -0.0024470688)
(0.043896395 0.29824375 -0.011167399)
(0.042520655 0.30280719 -0.019600923)
(0.04049738 0.3071701 -0.027647845)
(0.037947047 0.31110887 -0.035186081)
(0.034994654 0.31433249 -0.042100655)
(0.031766688 0.31647643 -0.048300958)
(0.028381704 0.31704604 -0.053723514)
(0.024950973 0.31543694 -0.058322709)
(0.021577688 0.31103138 -0.062057297)
(0.01833679 0.30334843 -0.064887828)
(0.015312946 0.29218527 -0.066792981)
(0.012607224 0.27768689 -0.067776565)
(0.010191621 0.26031923 -0.067823144)
(0.0080953895 0.24076743 -0.066915992)
(0.0063440019 0.21980628 -0.06509449)
(0.0048656695 0.19818519 -0.062436238)
(0.0036607139 0.17654964 -0.059033282)
(0.002717067 0.15540417 -0.055001047)
(0.0019693312 0.13510844 -0.050459097)
(0.0013905522 0.11589307 -0.045523629)
(0.00095323359 0.097884639 -0.040303499)
(0.00062951036 0.081131827 -0.034897301)
(0.00039558067 0.06562887 -0.029391748)
(0.00023176517 0.051334427 -0.023861173)
(0.00012197159 0.038185828 -0.018367835)
(5.3368638e-05 0.026109233 -0.012962688)
(1.590999e-05 0.015026521 -0.0076863999)
(7.5472297e-07 0.0048597473 -0.0025705518)
(0.034108181 0.58686819 0.033988208)
(0.0089187132 0.46416116 0.050341525)
(0.04202209 0.38796619 0.044841653)
(0.054498882 0.34768038 0.03732872)
(0.064113416 0.32824529 0.028362795)
(0.071416329 0.31957433 0.019636536)
(0.076113119 0.31631515 0.011585632)
(0.078510215 0.31581267 0.0040577123)
(0.079071952 0.31680569 -0.0030831999)
(0.078127764 0.31855194 -0.0098949469)
(0.07589961 0.32060495 -0.016383135)
(0.072607597 0.32269433 -0.02249869)
(0.068475025 0.32463197 -0.028164792)
(0.063722811 0.32625391 -0.03331276)
(0.058556746 0.32735375 -0.037894001)
(0.053159254 0.32760322 -0.041883931)
(0.047687204 0.32649527 -0.045277439)
(0.042273009 0.32336353 -0.048077642)
(0.037026768 0.31750446 -0.050283987)
(0.03203842 0.30836442 -0.051880762)
(0.027376113 0.29570619 -0.052831592)
(0.023090678 0.2796855 -0.053107493)
(0.019214762 0.26080991 -0.052698428)
(0.015765276 0.23981502 -0.051608381)
(0.012749607 0.21751893 -0.049865576)
(0.010134018 0.19469816 -0.0475212)
(0.0079115406 0.17200854 -0.044631415)
(0.0060509684 0.14995187 -0.041268025)
(0.0045160024 0.12887628 -0.037512449)
(0.0032716082 0.10899644 -0.033447816)
(0.0022827921 0.090421535 -0.02915438)
(0.0015157259 0.073183552 -0.024706714)
(0.00093872214 0.057261718 -0.020172011)
(0.00052297103 0.042601862 -0.015609221)
(0.00024346255 0.029130697 -0.011068803)
(7.9090016e-05 0.016765804 -0.0065928718)
(5.5845744e-06 0.0054222759 -0.0022157309)
(0.037152621 0.60828257 0.020074807)
(0.021202307 0.52235162 0.030609208)
(0.060303418 0.46259587 0.02664628)
(0.081319986 0.42345549 0.021675447)
(0.095399228 0.39825295 0.016014972)
(0.10520709 0.38170805 0.010441688)
(0.11111605 0.37044218 0.0053621927)
(0.11373533 0.36251562 0.00077473365)
(0.11374381 0.35677564 -0.0034153462)
(0.11161391 0.35248361 -0.0072926321)
(0.10775967 0.34918317 -0.01090027)
(0.10256176 0.34656804 -0.014221769)
(0.096376668 0.34442514 -0.0172345)
(0.089513754 0.34259531 -0.019935578)
(0.082241898 0.34091316 -0.022313977)
(0.074786389 0.33912255 -0.024365701)
(0.0673305 0.33679034 -0.026098585)
(0.060018958 0.33326205 -0.02752305)
(0.052963524 0.32773222 -0.028648418)
(0.046250084 0.31942097 -0.029474966)
(0.039945028 0.3077905 -0.029992286)
(0.034099019 0.29269927 -0.030183363)
(0.028747837 0.27443097 -0.030029283)
(0.023912814 0.25360534 -0.029516945)
(0.019601569 0.23102578 -0.02864444)
(0.015808809 0.207526 -0.027424237)
(0.012518443 0.18385588 -0.025880998)
(0.0097058617 0.16061923 -0.024048001)
(0.0073399802 0.1382559 -0.021965143)
(0.0053851558 0.11705348 -0.019676187)
(0.0038030205 0.097173669 -0.017225945)
(0.002554079 0.078682784 -0.014658022)
(0.0015990246 0.061579955 -0.012013206)
(0.00090017962 0.045820416 -0.0093284523)
(0.00042355207 0.031333181 -0.0066363079)
(0.00013942775 0.018033686 -0.0039646679)
(1.031139e-05 0.0058323445 -0.00133685)
(0.038399371 0.61959522 0.0012840284)
(0.029097567 0.55539803 0.0013535499)
(0.071305906 0.50635736 0.00026747869)
(0.096492379 0.46948234 -0.00072072744)
(0.11272135 0.44183944 -0.0015507906)
(0.12345124 0.4208278 -0.002199545)
(0.12962333 0.40454015 -0.002656089)
(0.13199676 0.39168739 -0.002927362)
(0.13131107 0.38139113 -0.0030654258)
(0.12823495 0.37303842 -0.00308724)
(0.12331126 0.36618863 -0.0030296468)
(0.11696974 0.36051607 -0.0029211149)
(0.10961284 0.35577212 -0.0027800134)
(0.1015916 0.35175167 -0.0026212209)
(0.09320258 0.34830524 -0.0024579736)
(0.084687332 0.34514803 -0.0023004168)
(0.076239386 0.34186689 -0.0021551904)
(0.068006711 0.33778428 -0.002025669)
(0.060095543 0.33207643 -0.0019122394)
(0.052587674 0.3238846 -0.0018127038)
(0.045542795 0.31254708 -0.0017229793)
(0.039004421 0.29778686 -0.0016380718)
(0.033003537 0.27977354 -0.001553117)
(0.027559815 0.25905484 -0.001464233)
(0.022681767 0.23640792 -0.001368998)
(0.018366889 0.2126767 -0.0012665049)
(0.014602271 0.18864305 -0.0011570838)
(0.011365812 0.16495081 -0.0010420084)
(0.0086278596 0.14207837 -0.00092312283)
(0.0063530539 0.12034527 -0.00080248769)
(0.004502153 0.099936943 -0.00068211727)
(0.0030336919 0.08093563 -0.00056381193)
(0.0019054471 0.063350001 -0.00044906991)
(0.001076175 0.047140059 -0.00033905728)
(0.00050814998 0.032236308 -0.000234617)
(0.00016810873 0.018553583 -0.00013630493)
(1.2719383e-05 0.0060004928 -4.4445468e-05)
(0.037553735 0.61208456 -0.018075586)
(0.023371427 0.53178712 -0.028994991)
(0.063069676 0.47362458 -0.026892162)
(0.084807341 0.43354969 -0.023595607)
(0.099047382 0.40645433 -0.019351228)
(0.10873809 0.38791053 -0.014873889)
(0.11446052 0.37489678 -0.010564121)
(0.11684088 0.36554001 -0.0064662606)
(0.11656457 0.35866814 -0.0025118468)
(0.11416403 0.35353078 0.001330444)
(0.11004553 0.349631 0.0050332864)
(0.10461679 0.34661591 0.0085594881)
(0.098239054 0.34422515 0.011862443)
(0.091211436 0.34225636 0.014889394)
(0.083791904 0.34051578 0.017601561)
(0.076200985 0.33873138 0.01997495)
(0.068619839 0.33646373 0.022004349)
(0.061191483 0.33305615 0.023693847)
(0.054025902 0.32769687 0.025052766)
(0.047207218 0.31959081 0.026086698)
(0.040800399 0.30817669 0.026793957)
(0.034855407 0.2932868 0.027167438)
(0.02940809 0.27518275 0.02719706)
(0.024480391 0.25447093 0.026875922)
(0.020080971 0.23195105 0.026204887)
(0.016206133 0.20846098 0.025195203)
(0.012840959 0.18475949 0.023869573)
(0.0099615447 0.16146092 0.022259012)
(0.0075371644 0.13901526 0.020399773)
(0.0055323048 0.11771867 0.018331899)
(0.0039084715 0.097739509 0.016096878)
(0.0026257988 0.079148842 0.013735591)
(0.0016444228 0.06194898 0.011286775)
(0.00092599052 0.0460971 0.0087859831)
(0.00043581008 0.031523273 0.0062649392)
(0.00014351684 0.018143374 0.0037512036)
(1.0629494e-05 0.0058678578 0.0012681208)
(0.034571824 0.59161356 -0.032939477)
(0.010809191 0.47422456 -0.050395153)
(0.044660552 0.39847357 -0.046136878)
(0.058114823 0.35593404 -0.03982432)
(0.067995045 0.33380547 -0.03190157)
(0.075292074 0.32283226 -0.023961378)
(0.079869959 0.31780489 -0.016473973)
(0.082128709 0.31602126 -0.0093395967)
(0.082464389 0.31604467 -0.0024065947)
(0.081248703 0.31714448 0.004357165)
(0.078776101 0.31883241 0.010933992)
(0.075277998 0.32076258 0.017250189)
(0.070965443 0.32269089 0.023196023)
(0.066045794 0.32441286 0.028667689)
(0.060717783 0.32569728 0.033588172)
(0.055161343 0.32620564 0.037911546)
(0.049532572 0.32542894 0.041618868)
(0.043963688 0.32269634 0.044707413)
(0.038564811 0.31728724 0.047178089)
(0.033425923 0.30861564 0.04902147)
(0.02861523 0.29640278 0.050207537)
(0.024184284 0.28076472 0.050710745)
(0.020166791 0.2621809 0.050525942)
(0.016579226 0.24137476 0.049660177)
(0.013425229 0.21916718 0.048136731)
(0.010701535 0.19634793 0.046001108)
(0.0083642073 0.17359134 0.043317219)
(0.0064068565 0.15141838 0.04015112)
(0.0047883631 0.13019451 0.036580126)
(0.0034731863 0.1101485 0.032685078)
(0.0024260247 0.091400188 0.028544903)
(0.0016123266 0.07398908 0.024233614)
(0.00099936505 0.057899387 0.019818494)
(0.00055716006 0.043079982 0.015359099)
(0.00025954897 0.029459228 0.010906863)
(8.4389769e-05 0.016955403 0.0065051273)
(5.9733972e-06 0.0054836662 0.0021895347)
(0.031063119 0.56997263 -0.042775857)
(0.0011475373 0.4214071 -0.062803599)
(0.028833324 0.33618899 -0.057580069)
(0.033569519 0.2983463 -0.0496738)
(0.03929056 0.28449619 -0.039579129)
(0.043665542 0.28119042 -0.029786534)
(0.046351948 0.28249168 -0.020536228)
(0.047658512 0.28568598 -0.011608212)
(0.047834376 0.28970753 -0.0028340713)
(0.047087828 0.2941475 0.0058532382)
(0.045570525 0.29874873 0.014399701)
(0.043402287 0.30328788 0.022673833)
(0.040700509 0.30751236 0.030520814)
(0.037590508 0.31112764 0.037794391)
(0.034198347 0.31376016 0.044375733)
(0.030643494 0.3149101 0.050178471)
(0.0270383 0.31396289 0.055141013)
(0.023487551 0.31027585 0.059212968)
(0.020067617 0.30332547 0.062351606)
(0.016859114 0.29285545 0.064541918)
(0.013962278 0.27895886 0.065795649)
(0.011387171 0.26206377 0.066112194)
(0.0091046537 0.242838 0.065479306)
(0.007174745 0.22205844 0.063914054)
(0.0055733729 0.20049108 0.061488818)
(0.0042333232 0.17880594 0.058301499)
(0.0031539928 0.1575339 0.054456405)
(0.0023133936 0.13705901 0.050072671)
(0.0016492267 0.11763239 0.045267397)
(0.001141071 0.099396468 0.040150622)
(0.0007607326 0.082411562 0.034822826)
(0.00048273914 0.066679917 0.02937307)
(0.00028569437 0.052165403 0.023878308)
(0.00015194706 0.038808479 0.018403504)
(6.7264071e-05 0.026536954 0.013002272)
(2.0404538e-05 0.015273341 0.0077178001)
(1.0610922e-06 0.0049396637 0.0025839705)
(0.027752751 0.55100954 -0.048911128)
(-0.0066485937 0.38181265 -0.06805969)
(0.015789887 0.29723711 -0.063583935)
(0.013219787 0.26973808 -0.054571562)
(0.01604328 0.26478696 -0.043344232)
(0.017683632 0.26747977 -0.032614749)
(0.018442152 0.27214105 -0.022341913)
(0.018543056 0.27730812 -0.012346245)
(0.01811286 0.2824483 -0.0024916106)
(0.017266136 0.28749345 0.0072753447)
(0.016088472 0.29238255 0.016902669)
(0.014647824 0.29697483 0.026252475)
(0.01300832 0.30099791 0.035151175)
(0.011234575 0.30403423 0.04342121)
(0.0093926792 0.30554979 0.050905876)
(0.0075482952 0.30493888 0.05747653)
(0.0057641772 0.30161473 0.063031227)
(0.0041216036 0.29513223 0.067491104)
(0.0026933891 0.28530163 0.070800875)
(0.0014383169 0.27224674 0.072905775)
(0.00041005328 0.25638518 0.07373272)
(-0.00037782188 0.23834346 0.073317992)
(-0.00087617173 0.21884144 0.071775117)
(-0.0011659148 0.19858528 0.06924699)
(-0.0013086472 0.17819311 0.065863544)
(-0.0013272914 0.15815769 0.061760325)
(-0.0012381071 0.13883901 0.057080325)
(-0.001098063 0.12047619 0.051961664)
(-0.00092646594 0.10320862 0.04653435)
(-0.00074406075 0.087099486 0.040912617)
(-0.00056697943 0.072157439 0.035194777)
(-0.0004063689 0.058354445 0.029463229)
(-0.00026923063 0.045639561 0.023785293)
(-0.00015942649 0.033948944 0.01821462)
(-7.8721613e-05 0.023212796 0.012792855)
(-2.7425334e-05 0.013359963 0.0075513223)
(-2.4217081e-06 0.0043208453 0.0025126541)
(0.024587899 0.53365316 -0.051566226)
(-0.014763002 0.35063758 -0.067547686)
(0.0022842601 0.27299335 -0.065566496)
(-0.0055439703 0.25613184 -0.05495452)
(-0.0051960222 0.25829603 -0.043722549)
(-0.0059174016 0.26491263 -0.032708663)
(-0.0066297884 0.27173567 -0.021976759)
(-0.0074256494 0.2778132 -0.011497249)
(-0.0082819726 0.28308375 -0.001185514)
(-0.009153157 0.28768247 0.0089949978)
(-0.0099869142 0.291643 0.018993676)
(-0.010754651 0.29480613 0.028670586)
(-0.011429425 0.29686965 0.037839309)
(-0.011984654 0.29734297 0.046300067)
(-0.01238912 0.29570589 0.053860267)
(-0.01261173 0.29148214 0.060349472)
(-0.01262227 0.28434977 0.065626948)
(-0.012393166 0.27422448 0.069589848)
(-0.011984872 0.26128832 0.072178022)
(-0.011290037 0.24595715 0.073368218)
(-0.0103893 0.22880371 0.073291325)
(-0.0094076202 0.21046125 0.072030707)
(-0.0083312798 0.19154187 0.06969937)
(-0.0072592096 0.17257887 0.066448117)
(-0.0061883394 0.15399624 0.062456136)
(-0.0051568291 0.13610318 0.057895937)
(-0.0042009328 0.11910461 0.05292669)
(-0.0033381568 0.10311961 0.047688834)
(-0.0025786287 0.088201537 0.042301389)
(-0.0019269538 0.074356571 0.036862932)
(-0.0013827496 0.061558973 0.031452902)
(-0.0009417427 0.049762899 0.026133547)
(-0.00059694746 0.038911024 0.020952227)
(-0.0003398346 0.028940575 0.015943788)
(-0.00016161186 0.01978736 0.011132781)
(-5.3894292e-05 0.011388342 0.0065354422)
(-4.1429388e-06 0.0036831891 0.002161394)
(0.021235401 0.51740574 -0.049727611)
(-0.022626412 0.32519809 -0.061962268)
(-0.012393133 0.25602788 -0.06191389)
(-0.023556969 0.24687771 -0.051386826)
(-0.02665913 0.25307907 -0.041022335)
(-0.029288927 0.26150456 -0.030421382)
(-0.031133313 0.26919774 -0.019914785)
(-0.032431984 0.27555528 -0.009584005)
(-0.033283932 0.28048003 0.00058093549)
(-0.033734972 0.28406809 0.010568709)
(-0.033799276 0.28637094 0.020293694)
(-0.033506657 0.28715441 0.029601209)
(-0.032858846 0.28607987 0.038288235)
(-0.031861989 0.28284876 0.046136834)
(-0.030531221 0.27718381 0.052937888)
(-0.028891472 0.26894129 0.058513506)
(-0.026968686 0.25816774 0.062739016)
(-0.024821305 0.24511034 0.065567101)
(-0.022519414 0.23017916 0.067001531)
(-0.020108174 0.21388468 0.067128066)
(-0.017725443 0.19676618 0.066062818)
(-0.015367393 0.17932795 0.063967588)
(-0.013095064 0.16199899 0.061018238)
(-0.010976936 0.1451149 0.057395672)
(-0.0090499132 0.12891728 0.053271298)
(-0.0073257699 0.1135639 0.0488024)
(-0.005813574 0.099143838 0.044126026)
(-0.0045122611 0.085693745 0.03935553)
(-0.003413373 0.073212557 0.034581521)
(-0.0025036622 0.061673725 0.02987419)
(-0.0017669841 0.051034651 0.025286091)
(-0.0011856744 0.04124361 0.020855058)
(-0.00074159305 0.032244598 0.016606976)
(-0.00041707888 0.023980602 0.012558267)
(-0.00019607735 0.016395692 0.0087180267)
(-6.45213e-05 0.0094362897 0.0050897865)
(-4.8034005e-06 0.0030518723 0.0016729285)
(0.0180477 0.50320392 -0.042789421)
(-0.030610928 0.30388151 -0.053207795)
(-0.027574314 0.24223371 -0.052653186)
(-0.041529268 0.23685508 -0.04418826)
(-0.047913112 0.2430718 -0.035260099)
(-0.052490805 0.25035942 -0.025960577)
(-0.055281441 0.25685146 -0.016552752)
(-0.056746201 0.26197818 -0.0071911934)
(-0.057131963 0.26547226 0.0020518685)
(-0.056620624 0.26717676 0.011082377)
(-0.055324924 0.26698724 0.01976015)
(-0.053357285 0.26475057 0.027905503)
(-0.050806274 0.26035025 0.03530611)
(-0.047762902 0.25370249 0.041746605)
(-0.04432282 0.24484406 0.047057239)
(-0.040592449 0.23394501 0.051124591)
(-0.036680718 0.2212985 0.053893394)
(-0.032706255 0.20729307 0.055380486)
(-0.028768062 0.19236422 0.05566575)
(-0.024961301 0.1769456 0.054877754)
(-0.021366163 0.16142918 0.053172133)
(-0.018039134 0.14614118 0.050722265)
(-0.01501926 0.13133246 0.04770618)
(-0.012326133 0.11718021 0.044287142)
(-0.0099632377 0.10379719 0.040606065)
(-0.0079220572 0.091244009 0.036781639)
(-0.0061855056 0.079541799 0.032910768)
(-0.0047305239 0.068683376 0.029069347)
(-0.0035306582 0.058642473 0.025314401)
(-0.0025581264 0.049380827 0.021686905)
(-0.0017853019 0.040853406 0.018214698)
(-0.0011856912 0.033012076 0.014915217)
(-0.00073454347 0.025808083 0.011797889)
(-0.00040937658 0.019193662 0.0088661297)
(-0.00019068372 0.01312302 0.0061189743)
(-6.2031429e-05 0.0075528842 0.0035523693)
(-4.4210967e-06 0.0024427723 0.0011601508)
(0.016439517 0.49346562 -0.031168145)
(-0.037771035 0.28886888 -0.039955178)
(-0.0408537 0.23075473 -0.038964249)
(-0.057744683 0.22465508 -0.03311813)
(-0.067068446 0.22698833 -0.02659784)
(-0.073477941 0.22981172 -0.019583584)
(-0.077038364 0.23215214 -0.012323575)
(-0.078383993 0.23351362 -0.0049930001)
(-0.077910039 0.23354319 0.0022842953)
(-0.075965008 0.23199042 0.0093626118)
(-0.072819248 0.22875412 0.016060518)
(-0.06873196 0.22374174 0.022186985)
(-0.0639281 0.21696176 0.027572211)
(-0.058628027 0.20851351 0.032073268)
(-0.053035746 0.1985849 0.03558504)
(-0.04733797 0.18744138 0.038056371)
(-0.041701241 0.17539724 0.039498345)
(-0.036267139 0.16278313 0.039975939)
(-0.031146783 0.14991556 0.039595425)
(-0.02642059 0.13707379 0.038489182)
(-0.022138794 0.12448648 0.036800013)
(-0.018324902 0.11232769 0.03466976)
(-0.014979906 0.10071963 0.032229911)
(-0.01208754 0.089739551 0.029594911)
(-0.0096196378 0.079428477 0.026859196)
(-0.0075406797 0.069799874 0.024098879)
(-0.0058114141 0.060847353 0.021372352)
(-0.0043915971 0.052550969 0.018722451)
(-0.0032419349 0.044882078 0.016179004)
(-0.0023253791 0.037806926 0.013761371)
(-0.0016078846 0.031289212 0.011480752)
(-0.0010587539 0.025291841 0.0093421902)
(-0.00065071078 0.019778095 0.0073462142)
(-0.00035995244 0.014712394 0.0054901592)
(-0.00016643941 0.010060748 0.0037691915)
(-5.3664763e-05 0.0057910172 0.0021770998)
(-3.7254779e-06 0.0018730391 0.00070685986)
(0.016865694 0.48800299 -0.01666867)
(-0.042594158 0.27978442 -0.022319582)
(-0.050255949 0.22196273 -0.02174117)
(-0.069464738 0.21307358 -0.018886761)
(-0.080929181 0.20986352 -0.015563835)
(-0.088647387 0.20656805 -0.011812604)
(-0.092653884 0.20297807 -0.0077858122)
(-0.093681791 0.19889647 -0.0036170483)
(-0.092243143 0.19417191 0.00057584836)
(-0.088870796 0.18868338 0.0046648655)
(-0.08400225 0.18236359 0.0085124904)
(-0.078028275 0.1752033 0.011986313)
(-0.071322571 0.16724923 0.014984111)
(-0.06421724 0.15860219 0.017421667)
(-0.057006934 0.14939889 0.019246051)
(-0.049925637 0.13980179 0.020445163)
(-0.043165855 0.12998613 0.021050444)
(-0.036865994 0.12011922 0.021120108)
(-0.031116334 0.11034965 0.020731197)
(-0.025964624 0.10080073 0.019970024)
(-0.02142355 0.09156822 0.018923632)
(-0.017478967 0.082721547 0.017673519)
(-0.01409819 0.074306969 0.016291566)
(-0.011234991 0.066351357 0.01483828)
(-0.0088378855 0.058867109 0.013361836)
(-0.0068539336 0.051855543 0.011899048)
(-0.0052298319 0.045309412 0.010477109)
(-0.0039157296 0.039215684 0.009114712)
(-0.0028658926 0.033557338 0.0078241358)
(-0.0020392409 0.028314701 0.0066124155)
(-0.0013995044 0.023466445 0.0054826207)
(-0.00091507023 0.018990332 0.0044349362)
(-0.00055865722 0.014863768 0.0034675243)
(-0.00030704296 0.011064232 0.0025771939)
(-0.00014102865 0.0075695923 0.0017599066)
(-4.5104127e-05 0.0043583564 0.0010111652)
(-3.0459941e-06 0.0014098479 0.0003262699)
(0.01732369 0.48605823 -0.00096246911)
(-0.04459923 0.27656048 -0.0018458918)
(-0.053914079 0.2184056 -0.0024314017)
(-0.074079508 0.20805646 -0.0028929754)
(-0.086374599 0.20195222 -0.0032309257)
(-0.094572915 0.19535448 -0.0033840286)
(-0.09869293 0.1883991 -0.0033484242)
(-0.099518685 0.18110166 -0.0031279806)
(-0.097615115 0.17348641 -0.0027592838)
(-0.09356026 0.16558528 -0.0023026393)
(-0.087881002 0.15743464 -0.0017884443)
(-0.081054077 0.14908298 -0.0012606893)
(-0.073522125 0.14058765 -0.00075632339)
(-0.065658774 0.13201249 -0.00029675754)
(-0.057792556 0.12342945 9.0483837e-05)
(-0.050183373 0.11490845 0.00039737132)
(-0.04302443 0.10651458 0.00062339008)
(-0.036445447 0.09830498 0.00077369261)
(-0.030520531 0.090327458 0.00085753014)
(-0.025277893 0.082620228 0.00088638558)
(-0.020710354 0.075212536 0.00087235682)
(-0.0167855 0.068125732 0.00082698491)
(-0.013454618 0.061374358 0.00076055325)
(-0.010659961 0.054967639 0.00068176852)
(-0.0083403424 0.048910665 0.00059804792)
(-0.0064353306 0.043204215 0.0005138752)
(-0.0048869575 0.037845555 0.00043293798)
(-0.0036424378 0.03282917 0.00035769088)
(-0.0026545968 0.028147045 0.00028957522)
(-0.0018813317 0.023788842 0.00022929378)
(-0.001286225 0.019742399 0.00017699377)
(-0.00083795407 0.015994095 0.00013244164)
(-0.00050979654 0.01252921 9.5159494e-05)
(-0.00027923347 0.0093322828 6.4527248e-05)
(-0.00012781121 0.0063874373 3.9856712e-05)
(-4.0680616e-05 0.003678674 2.0458581e-05)
(-2.7148216e-06 0.0011901253 5.663159e-06)
(0.017115445 0.48773737 0.014822913)
(-0.042943912 0.27962942 0.018807212)
(-0.05096634 0.22217598 0.017003758)
(-0.070376764 0.21341901 0.013209576)
(-0.082041927 0.20988255 0.0091798199)
(-0.089897343 0.20592664 0.005077628)
(-0.093939264 0.20140954 0.0010686971)
(-0.094895 0.19622762 -0.0027390841)
(-0.093328529 0.19032305 -0.0062702055)
(-0.089757777 0.18367227 -0.0094971211)
(-0.084632457 0.17628868 -0.012359094)
(-0.078385017 0.16822975 -0.014797614)
(-0.071412406 0.15959233 -0.016785178)
(-0.064074258 0.15049493 -0.018284866)
(-0.056666894 0.14107424 -0.019284987)
(-0.049442177 0.13147888 -0.019807412)
(-0.042590465 0.12185169 -0.019891662)
(-0.036245631 0.11232147 -0.019592436)
(-0.030490038 0.10299706 -0.018973507)
(-0.025362245 0.09396484 -0.018101554)
(-0.020865955 0.085289102 -0.017041133)
(-0.016978881 0.077014823 -0.015850965)
(-0.013661176 0.069168525 -0.014581723)
(-0.010863127 0.06176201 -0.013275199)
(-0.0085287395 0.054801032 -0.011964602)
(-0.0066019901 0.04828199 -0.010675075)
(-0.0050293831 0.042195681 -0.0094248512)
(-0.0037600839 0.03652862 -0.0082264586)
(-0.0027482686 0.031264496 -0.0070881962)
(-0.0019531387 0.026385061 -0.0060148311)
(-0.0013389039 0.021870799 -0.0050084442)
(-0.00087453941 0.017701456 -0.0040691447)
(-0.00053339951 0.013856457 -0.0031956368)
(-0.00029289541 0.010315249 -0.0023856608)
(-0.00013441206 0.0070575741 -0.0016363306)
(-4.2936329e-05 0.0040636917 -0.00094437746)
(-2.8880935e-06 0.0013145502 -0.00030634732)
(0.016508997 0.49281099 0.029405019)
(-0.038329484 0.2884914 0.036924294)
(-0.042141703 0.23131561 0.034572686)
(-0.0593553 0.2259009 0.027761509)
(-0.069049615 0.2281269 0.020466856)
(-0.075725916 0.23033666 0.013000837)
(-0.079413294 0.23167282 0.0056340158)
(-0.080695694 0.23174499 -0.0015051737)
(-0.080028912 0.23031924 -0.0083435354)
(-0.077779072 0.22731993 -0.014745239)
(-0.074246364 0.22265439 -0.020603247)
(-0.069719808 0.21631726 -0.025781757)
(-0.064467575 0.20838492 -0.030169937)
(-0.058748523 0.19901408 -0.033688308)
(-0.052794087 0.18842937 -0.036275062)
(-0.046808848 0.1769106 -0.037922468)
(-0.040966384 0.16476311 -0.038670764)
(-0.035405207 0.15228967 -0.038600398)
(-0.030227386 0.13976628 -0.037819672)
(-0.025500291 0.12742609 -0.036451363)
(-0.021260282 0.11545231 -0.034622629)
(-0.017517278 0.10397819 -0.032455727)
(-0.014260429 0.09309194 -0.030060517)
(-0.011464056 0.082844292 -0.027530738)
(-0.0090929119 0.073256749 -0.024943019)
(-0.0071064566 0.064329209 -0.022357329)
(-0.0054621483 0.056046463 -0.019819543)
(-0.0041178343 0.048383342 -0.017362894)
(-0.0030333778 0.041308592 -0.015010167)
(-0.0021716473 0.034787677 -0.012775835)
(-0.0014990232 0.028784745 -0.010667951)
(-0.00098555053 0.023263947 -0.0086897419)
(-0.00060486997 0.018190299 -0.0068409131)
(-0.00033415857 0.013530224 -0.0051186763)
(-0.00015431505 0.0092518679 -0.003518552)
(-4.9675538e-05 0.0053252586 -0.0020349768)
(-3.4400511e-06 0.001722372 -0.00066176242)
(0.017595812 0.50177249 0.041451271)
(-0.031474165 0.30286264 0.050699825)
(-0.029225961 0.24311453 0.048722628)
(-0.043563694 0.23921979 0.039345932)
(-0.050461049 0.24591607 0.029550025)
(-0.055402568 0.25309119 0.019665276)
(-0.05840788 0.25906716 0.0099685466)
(-0.059939429 0.26338363 0.00058099089)
(-0.060218751 0.26583326 -0.0084704665)
(-0.05940131 0.26638329 -0.017078363)
(-0.057700725 0.2649074 -0.025139117)
(-0.055252572 0.26130934 -0.032503292)
(-0.052185955 0.25550641 -0.038997967)
(-0.048631017 0.24750739 -0.04445891)
(-0.044716886 0.23743646 -0.048769511)
(-0.040576223 0.22554096 -0.05186921)
(-0.036336822 0.21216838 -0.05374992)
(-0.032116263 0.19773064 -0.054466273)
(-0.028015923 0.18265637 -0.054123835)
(-0.024124197 0.16734801 -0.052855394)
(-0.020503791 0.15215266 -0.050814721)
(-0.017200279 0.13734663 -0.048167133)
(-0.014238025 0.12313266 -0.045070823)
(-0.011624136 0.10964599 -0.04166674)
(-0.0093520295 0.096965352 -0.038075901)
(-0.0074053604 0.085125331 -0.034398887)
(-0.0057609413 0.07412808 -0.03071597)
(-0.0043915621 0.063953282 -0.02708878)
(-0.0032682553 0.054566086 -0.023562765)
(-0.002361958 0.045923063 -0.020169904)
(-0.0016446496 0.037976484 -0.016931326)
(-0.0010900604 0.030677265 -0.01385967)
(-0.00067406925 0.023976896 -0.010961097)
(-0.00037505298 0.017828655 -0.0082369522)
(-0.00017442293 0.012188298 -0.0056850983)
(-5.6642998e-05 0.0070144146 -0.0033009552)
(-4.0197939e-06 0.0022685492 -0.0010783071)
(0.020843354 0.51532823 0.048948152)
(-0.023319807 0.32334127 0.059925112)
(-0.014155081 0.25692382 0.05857587)
(-0.025789131 0.24999353 0.047224686)
(-0.029621328 0.25732218 0.035877568)
(-0.032747325 0.26615353 0.024569582)
(-0.034942905 0.27381316 0.013577283)
(-0.036423263 0.27979785 0.0029773668)
(-0.037265352 0.28418752 -0.0072317218)
(-0.03752416 0.28710852 -0.017058524)
(-0.037274685 0.28847366 -0.026418752)
(-0.036560522 0.28805246 -0.035164801)
(-0.03542389 0.28556994 -0.043114394)
(-0.033909304 0.28078181 -0.050084197)
(-0.032061003 0.27350152 -0.055908704)
(-0.029929075 0.26370394 -0.060460342)
(-0.027573719 0.25155575 -0.063670915)
(-0.025067258 0.23739924 -0.065536452)
(-0.022450342 0.22170026 -0.066124695)
(-0.019869533 0.20498273 -0.065531377)
(-0.017319548 0.18776037 -0.063897484)
(-0.014865047 0.17048876 -0.061381254)
(-0.012564041 0.15353829 -0.058154949)
(-0.01045981 0.13718599 -0.054386947)
(-0.0085667084 0.12162113 -0.050233127)
(-0.0068948235 0.10695822 -0.045831821)
(-0.0054440382 0.093252918 -0.041299332)
(-0.0042065775 0.080517361 -0.036730084)
(-0.0031694749 0.068733495 -0.032198364)
(-0.0023165094 0.057863636 -0.027760734)
(-0.0016296977 0.047858428 -0.023458712)
(-0.0010904171 0.038662542 -0.019321442)
(-0.00068023121 0.030218564 -0.015368151)
(-0.00038163642 0.022469562 -0.011610301)
(-0.00017898196 0.015360659 -0.008053399)
(-5.872131e-05 0.0088399432 -0.0046984572)
(-4.3276765e-06 0.0028589126 -0.0015431853)
(0.02436781 0.53143708 0.051231659)
(-0.015323567 0.3483144 0.065845592)
(0.00070805198 0.27338126 0.063168673)
(-0.0078739196 0.25915423 0.05152849)
(-0.0085464548 0.26300351 0.039364812)
(-0.0099271646 0.27044911 0.027536157)
(-0.011189454 0.27757408 0.016144756)
(-0.012340555 0.28361986 0.0051715227)
(-0.013337943 0.28867433 -0.0054521953)
(-0.014152909 0.29287892 -0.015754951)
(-0.014776643 0.29624196 -0.025662681)
(-0.015208775 0.29856156 -0.035029767)
(-0.015458345 0.29950619 -0.043680336)
(-0.015532275 0.29856851 -0.051437136)
(-0.015425558 0.29527418 -0.058143552)
(-0.015127326 0.28924698 -0.06367274)
(-0.014632696 0.28030615 -0.067931539)
(-0.014009855 0.26852018 -0.070862488)
(-0.013106565 0.2542028 -0.072433413)
(-0.012020391 0.23785701 -0.072769028)
(-0.0109139 0.22008494 -0.071932281)
(-0.0096948778 0.20150256 -0.070026989)
(-0.0084823848 0.18267183 -0.067193618)
(-0.0072864607 0.16405771 -0.063598948)
(-0.006134378 0.14601286 -0.059408653)
(-0.005062176 0.12878182 -0.054779003)
(-0.0040883557 0.1125163 -0.04984975)
(-0.0032237389 0.097294532 -0.0447408)
(-0.0024734454 0.083140423 -0.039552723)
(-0.001837452 0.070040052 -0.034367504)
(-0.0013116997 0.057954859 -0.029250079)
(-0.00088926955 0.046831525 -0.024250397)
(-0.00056139457 0.036609022 -0.01940566)
(-0.0003184231 0.027223443 -0.014742503)
(-0.00015090484 0.018611143 -0.010278983)
(-5.012622e-05 0.01071068 -0.006026283)
(-3.81565e-06 0.0034639265 -0.0019901876)
(0.027848485 0.54868828 0.048800566)
(-0.0070973981 0.37846481 0.067044727)
(0.014432417 0.29598821 0.062248481)
(0.010624758 0.27123359 0.052149127)
(0.012279285 0.26826474 0.040048913)
(0.012892519 0.27206212 0.028423379)
(0.012835783 0.2774088 0.017306968)
(0.012364316 0.28279282 0.0065698713)
(0.011625843 0.28793106 -0.0038893196)
(0.010703324 0.29281806 -0.014084318)
(0.0096440627 0.29741642 -0.023921793)
(0.0084780723 0.30155069 -0.033244179)
(0.0072302363 0.304876 -0.041877106)
(0.0059282212 0.306919 -0.04966013)
(0.0046065131 0.30711563 -0.056470683)
(0.0033057084 0.30488064 -0.062223737)
(0.0020700429 0.29971469 -0.066865334)
(0.00097180112 0.29132121 -0.070362862)
(2.5839603e-05 0.27968926 -0.072686693)
(-0.00074820069 0.26510876 -0.073781194)
(-0.0013678102 0.24811376 -0.073677408)
(-0.0017247267 0.22937883 -0.072476179)
(-0.0018972514 0.2096093 -0.070304858)
(-0.0019461363 0.18945381 -0.067280584)
(-0.0018804231 0.16945204 -0.063530695)
(-0.0017173145 0.15001513 -0.059191105)
(-0.0015116841 0.13142945 -0.054395962)
(-0.0012799933 0.11387382 -0.049272888)
(-0.0010422238 0.097441855 -0.043934929)
(-0.00081420124 0.082164233 -0.03848029)
(-0.00060689131 0.068027944 -0.032991965)
(-0.00042718075 0.05499164 -0.027538259)
(-0.00027875551 0.042997089 -0.022173986)
(-0.00016291552 0.031977323 -0.016942018)
(-7.9476385e-05 0.021862172 -0.011874925)
(-2.732034e-05 0.012581838 -0.0069965311)
(-2.325932e-06 0.0040690854 -0.0023233953)
(0.031501482 0.56745187 0.04264813)
(0.0010235576 0.41635386 0.062551779)
(0.027447613 0.33120669 0.057254586)
(0.030372857 0.29518916 0.048687941)
(0.034484257 0.28321893 0.037733512)
(0.037402351 0.28145285 0.026947142)
(0.038929505 0.28374455 0.016633949)
(0.039429145 0.28757345 0.0066629326)
(0.039160973 0.29202447 -0.0030717021)
(0.038281884 0.29677452 -0.012558314)
(0.036871878 0.30158782 -0.021674425)
(0.034994816 0.30618646 -0.03025686)
(0.032726102 0.31026501 -0.038141718)
(0.030152412 0.31348433 -0.045196096)
(0.027363144 0.31540476 -0.051333287)
(0.024448273 0.31547417 -0.056510234)
(0.021497036 0.31307681 -0.060712134)
(0.018594785 0.30765028 -0.063934964)
(0.015797724 0.29883237 -0.066182406)
(0.013205297 0.28657185 -0.067479971)
(0.010883942 0.2711561 -0.067862352)
(0.0087852857 0.25314968 -0.067337156)
(0.0069941399 0.23327827 -0.065921754)
(0.0054809305 0.21230591 -0.063682493)
(0.0041998453 0.19093574 -0.060704068)
(0.0031677108 0.16975029 -0.057082109)
(0.0023549554 0.14919007 -0.0529287)
(0.0017068116 0.12955846 -0.048354723)
(0.0012067821 0.11104158 -0.043465514)
(0.00082855169 0.093733624 -0.038358269)
(0.00054803987 0.077661554 -0.033119911)
(0.00034496674 0.062806266 -0.027826105)
(0.00020249057 0.04911926 -0.022541129)
(0.00010679446 0.036534967 -0.01731835)
(4.685014e-05 0.024979417 -0.012201049)
(1.4024187e-05 0.014376036 -0.0072234031)
(6.8309909e-07 0.0046493543 -0.0024115945)
(0.035051111 0.58874136 0.032740905)
(0.010683683 0.46635628 0.051235822)
(0.042649601 0.38746039 0.047381193)
(0.053541722 0.34421287 0.040799596)
(0.061122313 0.32286064 0.032017041)
(0.066481954 0.31331707 0.022866105)
(0.069604817 0.30993406 0.013978892)
(0.070900602 0.30977453 0.0053891657)
(0.070762305 0.31134595 -0.002935101)
(0.069482786 0.31382448 -0.010945819)
(0.067231299 0.31666346 -0.018533125)
(0.064152648 0.31950763 -0.025563144)
(0.060403631 0.32209956 -0.031907472)
(0.056152678 0.3242108 -0.037478544)
(0.051563399 0.32555976 -0.042233739)
(0.046784935 0.32573406 -0.046172812)
(0.041948284 0.32416088 -0.049325246)
(0.037166303 0.32016917 -0.051733742)
(0.032535226 0.31314129 -0.053437752)
(0.028132658 0.30268913 -0.054455022)
(0.024020872 0.28877845 -0.05479306)
(0.020244769 0.27174463 -0.054465904)
(0.01683251 0.25220873 -0.053490786)
(0.013802535 0.23094467 -0.051894474)
(0.01115361 0.20874523 -0.049722676)
(0.0088557635 0.1863221 -0.047030989)
(0.006910588 0.16425089 -0.043877213)
(0.0052820593 0.14295532 -0.040332486)
(0.0039398158 0.12271743 -0.036472773)
(0.0028527491 0.10370122 -0.032373226)
(0.0019896689 0.085980292 -0.02810509)
(0.0013206066 0.069563658 -0.02373371)
(0.00081761863 0.054417259 -0.019317341)
(0.00045537706 0.040480529 -0.014906613)
(0.00021194113 0.027678394 -0.010544457)
(6.8830084e-05 0.015929531 -0.0062663464)
(4.8534609e-06 0.0051517784 -0.0021008308)
(0.038361397 0.60956071 0.017672102)
(0.023963621 0.5236896 0.031332792)
(0.061242883 0.46070409 0.030749589)
(0.079961514 0.41772299 0.027649641)
(0.091385719 0.38976656 0.02245019)
(0.0987614 0.3718578 0.016317345)
(0.10277149 0.36037222 0.009999349)
(0.10403223 0.35296058 0.0037706261)
(0.10313186 0.34816318 -0.0022283256)
(0.10054229 0.34505183 -0.007877849)
(0.096607457 0.34298298 -0.013108085)
(0.091613993 0.34153374 -0.017818374)
(0.085838134 0.3404202 -0.021931275)
(0.079530565 0.3394317 -0.025420713)
(0.072913816 0.33833924 -0.028282839)
(0.066176686 0.33679791 -0.030543109)
(0.059471549 0.33427312 -0.03224509)
(0.052919203 0.33005248 -0.033448049)
(0.046614734 0.32336904 -0.034206524)
(0.040631774 0.31359861 -0.034563294)
(0.035027621 0.3004397 -0.034548038)
(0.029845499 0.28399572 -0.034177543)
(0.025115151 0.26473701 -0.033461706)
(0.020853246 0.24337765 -0.032409875)
(0.017063802 0.22072565 -0.031036595)
(0.013739241 0.19755515 -0.029364748)
(0.010862661 0.17452402 -0.027423584)
(0.0084099323 0.15213782 -0.025247186)
(0.0063515629 0.13074857 -0.022873953)
(0.0046544428 0.11057397 -0.020344445)
(0.0032835026 0.091725043 -0.017699249)
(0.002203107 0.074234408 -0.014977267)
(0.0013781589 0.058080952 -0.012214476)
(0.0007752869 0.043209459 -0.0094431386)
(0.00036455651 0.029545169 -0.0066913786)
(0.00011993002 0.017003983 -0.0039830246)
(8.861277e-06 0.0054992667 -0.0013377148)
(0.040147076 0.61735168 -0.003039543)
(0.031604873 0.55110401 0.0016435592)
(0.071642204 0.50160501 0.0062231152)
(0.094509082 0.46447326 0.0082091551)
(0.10839935 0.43674283 0.0081756881)
(0.11701274 0.41585767 0.0067853979)
(0.12139092 0.39990635 0.004637161)
(0.12237084 0.38753739 0.0021635378)
(0.12072478 0.37780353 -0.00032665932)
(0.11702719 0.37002939 -0.0026722788)
(0.11175346 0.36373099 -0.0047852795)
(0.10533428 0.3585578 -0.0065927581)
(0.098147003 0.35424359 -0.0080507427)
(0.090501439 0.35054949 -0.0091479861)
(0.082646999 0.34726491 -0.0098999851)
(0.074798262 0.34402189 -0.010341095)
(0.067097399 0.34021875 -0.010517229)
(0.059644343 0.33512143 -0.010469208)
(0.052530896 0.32790285 -0.010242763)
(0.045820772 0.31785221 -0.0098824066)
(0.039558197 0.30456899 -0.0094272301)
(0.033775455 0.28806344 -0.0089082193)
(0.028494808 0.26873417 -0.0083476766)
(0.02372827 0.24725208 -0.0077605151)
(0.019477509 0.22440888 -0.0071563459)
(0.015734383 0.20098209 -0.0065415154)
(0.012482054 0.17764415 -0.0059206559)
(0.0096964208 0.15491912 -0.0052977848)
(0.0073476933 0.13317669 -0.0046768909)
(0.0054020008 0.11264898 -0.0040620828)
(0.0038229382 0.093457471 -0.0034574907)
(0.0025729183 0.075641508 -0.0028670743)
(0.0016143265 0.059183672 -0.0022944305)
(0.0009108901 0.044030204 -0.0017426465)
(0.00042971917 0.030106282 -0.0012142147)
(0.00014201334 0.017326812 -0.00071101173)
(1.070482e-05 0.0056036552 -0.00023432011)
(0.039800872 0.60317126 -0.02398924)
(0.022854046 0.51694688 -0.027857058)
(0.059978613 0.46379739 -0.018813788)
(0.079259322 0.43075255 -0.012601145)
(0.091915386 0.40932998 -0.007679619)
(0.10040835 0.3944238 -0.0040701521)
(0.10517258 0.38331619 -0.0015623558)
(0.10678281 0.37460768 0.00024751731)
(0.10586584 0.36763246 0.0016501215)
(0.1028747 0.36195486 0.0028669612)
(0.098323653 0.35726707 0.0040383636)
(0.0926832 0.35334234 0.0052348535)
(0.086318516 0.34999455 0.0064803792)
(0.07951422 0.34703464 0.0077670886)
(0.072497794 0.34421414 0.0090762625)
(0.065453617 0.34114263 0.010383831)
(0.058544791 0.33720506 0.011660629)
(0.051885914 0.33163962 0.012889114)
(0.045549393 0.3237037 0.014036508)
(0.039591108 0.31281531 0.01505372)
(0.034052708 0.2987263 0.015886314)
(0.028963449 0.28158058 0.016487462)
(0.024340389 0.26186174 0.016827195)
(0.020189599 0.24026881 0.016893034)
(0.016507799 0.21757455 0.016685926)
(0.013283499 0.19450871 0.016215451)
(0.01049766 0.17168489 0.015498883)
(0.0081249492 0.14957015 0.01456043)
(0.0061353067 0.12848623 0.013428583)
(0.0044956758 0.10862882 0.012133778)
(0.0031715421 0.090094169 0.010706637)
(0.0021281479 0.072905737 0.0091767193)
(0.0013314443 0.057037317 0.0075716848)
(0.00074915237 0.042431367 0.0059167756)
(0.0003523648 0.029012568 0.0042345209)
(0.00011598042 0.016697324 0.002544587)
(8.5978777e-06 0.0054000774 0.00086379428)
(0.033552963 0.57515171 -0.038040774)
(0.0041801425 0.44836056 -0.044485706)
(0.034382328 0.38314165 -0.034754612)
(0.043581826 0.35445119 -0.027088836)
(0.052381219 0.34262227 -0.019291506)
(0.059267914 0.33778622 -0.01260266)
(0.063733454 0.33583822 -0.0069823787)
(0.065919814 0.3351059 -0.0020843279)
(0.066286754 0.3349864 0.0023220574)
(0.065181739 0.33510965 0.0064111424)
(0.062877832 0.33526395 0.010291016)
(0.059659017 0.33531689 0.013984382)
(0.055780803 0.33514172 0.017477204)
(0.051460612 0.33455681 0.020749258)
(0.046880952 0.33326411 0.023778809)
(0.042196289 0.33080835 0.026538287)
(0.037527804 0.32660144 0.028988949)
(0.032974843 0.32002352 0.031095728)
(0.028638584 0.31057356 0.032844427)
(0.024579867 0.29801276 0.034207768)
(0.020843653 0.28243549 0.03514697)
(0.017461432 0.26424714 0.035629525)
(0.014438776 0.24407166 0.03563415)
(0.011771739 0.22262874 0.035139583)
(0.009452614 0.20062233 0.034145433)
(0.0074793696 0.17866483 0.032681535)
(0.0058144061 0.15723908 0.030801808)
(0.0044290399 0.13669157 0.02856683)
(0.00329367 0.11724576 0.026038304)
(0.0023784724 0.099024628 0.02327663)
(0.0016547568 0.082075177 0.020338938)
(0.0010957334 0.066390776 0.017277727)
(0.00067685589 0.051929426 0.014140102)
(0.00037612591 0.038627731 0.010967458)
(0.0001746242 0.026410972 0.0077954634)
(5.6531633e-05 0.015200021 0.0046542265)
(3.9299369e-06 0.0049158476 0.0015686386)
(0.024447454 0.5478024 -0.043289209)
(-0.012561336 0.38911036 -0.048278706)
(0.0084880488 0.31934688 -0.042547148)
(0.006999393 0.29937407 -0.034088692)
(0.011583142 0.29611964 -0.025619807)
(0.015370963 0.29825313 -0.018117725)
(0.018282279 0.30203274 -0.011258856)
(0.020251714 0.30615565 -0.0048090143)
(0.021340165 0.31012479 0.0013644438)
(0.021669281 0.31368974 0.0072440294)
(0.021351915 0.31665222 0.01284087)
(0.020493395 0.31884527 0.018137404)
(0.019208638 0.32006395 0.023103156)
(0.017609299 0.32002294 0.027706365)
(0.015795493 0.3183413 0.031913782)
(0.013872373 0.31457183 0.035686802)
(0.011943373 0.30828144 0.038981204)
(0.010045899 0.29916032 0.041745003)
(0.0082118167 0.28711806 0.043917189)
(0.0065612978 0.27232816 0.045428607)
(0.0051280277 0.25520525 0.046217344)
(0.0038784364 0.23632882 0.046267288)
(0.0028483781 0.21634521 0.045607587)
(0.0020510875 0.19587898 0.044300883)
(0.0014458665 0.17547156 0.042420508)
(0.0009823657 0.15555129 0.040050145)
(0.00063479061 0.13642852 0.037273613)
(0.00039178224 0.11830659 0.034170565)
(0.00022616757 0.10130062 0.030815647)
(0.00011808567 0.085458164 0.027278385)
(5.1924766e-05 0.070778217 0.023621699)
(1.5137391e-05 0.057227125 0.019900932)
(-2.1680223e-06 0.04475086 0.016163609)
(-7.5511518e-06 0.033284064 0.012449708)
(-6.6314866e-06 0.022756374 0.0087921732)
(-3.493039e-06 0.013096638 0.0052175474)
(-6.3576559e-07 0.0042355948 0.0017466831)
(0.018637518 0.52643857 -0.040111535)
(-0.025310405 0.35151912 -0.044037214)
(-0.014495176 0.28685781 -0.042382033)
(-0.022589917 0.27373572 -0.034163163)
(-0.023328087 0.27426757 -0.026771174)
(-0.023434916 0.2781109 -0.019790376)
(-0.022884304 0.28278097 -0.012993915)
(-0.022005931 0.28746085 -0.0063520932)
(-0.02099104 0.29171789 0.00014800986)
(-0.019941194 0.29520327 0.0064832022)
(-0.018862035 0.29768959 0.012585621)
(-0.017836211 0.29889095 0.018403699)
(-0.016885056 0.29849361 0.023878286)
(-0.016001978 0.29617135 0.028940837)
(-0.015165857 0.29162084 0.033514884)
(-0.014341939 0.28461663 0.037520248)
(-0.013480712 0.27506956 0.040874735)
(-0.01258734 0.26306675 0.043494369)
(-0.011650972 0.24887638 0.045300689)
(-0.010607066 0.23291553 0.046294959)
(-0.0094870438 0.21568863 0.046518674)
(-0.0083716303 0.19772013 0.046012378)
(-0.0072864013 0.17949969 0.044828063)
(-0.0062337426 0.16144639 0.043045179)
(-0.0052328905 0.14389034 0.040759967)
(-0.0043238259 0.12707005 0.038067646)
(-0.0035023201 0.11114155 0.035059143)
(-0.0027683829 0.09619267 0.031819388)
(-0.0021291588 0.082258624 0.028424336)
(-0.0015865899 0.069336462 0.024939178)
(-0.001136505 0.057397197 0.021418617)
(-0.00077319144 0.04639533 0.017907662)
(-0.00048980609 0.03627592 0.014442626)
(-0.00027876533 0.026979614 0.011052204)
(-0.00013257542 0.01844607 0.0077585365)
(-4.4209808e-05 0.01061618 0.004578183)
(-3.3974303e-06 0.0034334282 0.0015230279)
(0.016396168 0.51276466 -0.030103238)
(-0.035142089 0.32871516 -0.034779249)
(-0.032951228 0.27019396 -0.03358244)
(-0.046546243 0.25973209 -0.027940411)
(-0.052561359 0.25932396 -0.022533906)
(-0.056569868 0.26055116 -0.017147296)
(-0.058557959 0.26214652 -0.011698875)
(-0.059043124 0.2636221 -0.0062099284)
(-0.058337928 0.2645833 -0.00070086438)
(-0.056766944 0.26464049 0.0047898431)
(-0.054498533 0.26355735 0.010143979)
(-0.051704128 0.26106676 0.01527419)
(-0.048529836 0.2569347 0.020085881)
(-0.045090215 0.25099636 0.024478778)
(-0.041476693 0.24317957 0.028350356)
(-0.037765616 0.23352449 0.03160833)
(-0.034026256 0.22218733 0.034178283)
(-0.030325678 0.2094271 0.03600969)
(-0.026709607 0.19557718 0.037089871)
(-0.023269909 0.18100722 0.037450738)
(-0.020046884 0.1660845 0.0371586)
(-0.017054147 0.15114068 0.036289295)
(-0.014313202 0.13645175 0.03492069)
(-0.011844092 0.12223218 0.033138882)
(-0.0096536729 0.10863609 0.031031012)
(-0.0077385577 0.095763838 0.028676889)
(-0.0060925096 0.083671497 0.026148086)
(-0.0046985515 0.072380706 0.023509005)
(-0.0035351908 0.06188776 0.020815122)
(-0.0025814526 0.052171239 0.018111745)
(-0.0018152486 0.043198105 0.015434681)
(-0.0012144724 0.034928323 0.012811578)
(-0.00075781937 0.027318231 0.010263241)
(-0.00042542903 0.02032291 0.007804815)
(-0.00019972892 0.013897784 0.0054468343)
(-6.5667099e-05 0.0079996646 0.003196122)
(-4.9046973e-06 0.0025873868 0.0010565515)
(0.017078516 0.50558778 -0.016146767)
(-0.041665397 0.31673185 -0.019857731)
(-0.046062942 0.26010006 -0.019069354)
(-0.063710065 0.2492667 -0.016281984)
(-0.073709447 0.24500344 -0.013564424)
(-0.080745774 0.24105682 -0.010739362)
(-0.084718304 0.23702216 -0.0077744501)
(-0.086244684 0.23272246 -0.0046531336)
(-0.085712665 0.22798758 -0.001425937)
(-0.083563132 0.22265704 0.0018267158)
(-0.080130714 0.21660643 0.005051093)
(-0.075682578 0.2097407 0.0081402576)
(-0.070479476 0.2020117 0.011020884)
(-0.064769249 0.19342004 0.01362516)
(-0.058766966 0.18401549 0.015870152)
(-0.052663712 0.17390134 0.017703575)
(-0.046624893 0.16322281 0.019087286)
(-0.04078897 0.15215287 0.020009047)
(-0.035264664 0.14087523 0.020481159)
(-0.030133154 0.12956805 0.020532591)
(-0.025447119 0.11839161 0.020205319)
(-0.021234309 0.10748068 0.019552869)
(-0.017501845 0.096941351 0.018636202)
(-0.014239782 0.086851568 0.017516215)
(-0.011425449 0.077263955 0.016248531)
(-0.0090278125 0.06820981 0.014881128)
(-0.0070110413 0.059703358 0.01345379)
(-0.0053370147 0.051745708 0.011998743)
(-0.0039672541 0.044328211 0.010542569)
(-0.0028643121 0.037435186 0.009106348)
(-0.0019927518 0.031046059 0.0077061619)
(-0.0013197683 0.025137017 0.0063537888)
(-0.00081551304 0.019682266 0.005057442)
(-0.0004533936 0.014654981 0.0038224577)
(-0.00021065821 0.010028022 0.0026518983)
(-6.829017e-05 0.0057744686 0.0015470775)
(-4.7955588e-06 0.0018680184 0.00050797587)
(0.01747854 0.50314721 -0.00047605682)
(-0.044216286 0.31269384 -0.00096045364)
(-0.050960537 0.2563522 -0.0011876584)
(-0.070197212 0.24480632 -0.0014891442)
(-0.081719908 0.23826916 -0.0018499589)
(-0.089919572 0.23145237 -0.0021927692)
(-0.094629368 0.22426942 -0.0024682533)
(-0.096526545 0.21669726 -0.0026403772)
(-0.09604676 0.20872496 -0.0026718767)
(-0.093607914 0.20035713 -0.0026212183)
(-0.089606077 0.19161083 -0.002491633)
(-0.084402626 0.18251515 -0.0023037869)
(-0.078316586 0.17311597 -0.0020754378)
(-0.071642121 0.16347552 -0.0018273572)
(-0.06465018 0.15367008 -0.0015771315)
(-0.057585667 0.14377995 -0.001337967)
(-0.050645671 0.13388783 -0.0011189815)
(-0.043997352 0.12407812 -0.00092529486)
(-0.03776461 0.11442799 -0.00075904976)
(-0.032032849 0.10500495 -0.0006200819)
(-0.026852573 0.095865352 -0.00050668318)
(-0.022244261 0.087054159 -0.00041616171)
(-0.018203873 0.078605572 -0.00034517007)
(-0.014708741 0.070544172 -0.00029012423)
(-0.011723393 0.062886255 -0.00024756861)
(-0.0092049277 0.055641138 -0.00021440125)
(-0.0071057299 0.048812148 -0.00018798028)
(-0.0053782247 0.042397971 -0.00016615638)
(-0.0039764941 0.036393285 -0.00014725149)
(-0.0028564476 0.03078914 -0.00013000719)
(-0.001977755 0.025573721 -0.00011352322)
(-0.0013038996 0.02073286 -9.7191833e-05)
(-0.00080225628 0.016250517 -8.0635482e-05)
(-0.00044421318 0.012109248 -6.3651855e-05)
(-0.00020556783 0.0082906298 -4.6167413e-05)
(-6.6340025e-05 0.0047756691 -2.8185428e-05)
(-4.6150395e-06 0.0015451576 -9.7656611e-06)
(0.01725514 0.50555453 0.015174738)
(-0.041610569 0.31680536 0.017976964)
(-0.0460474 0.26034824 0.016717297)
(-0.063741016 0.24974539 0.013335176)
(-0.073809786 0.24566595 0.0099067288)
(-0.080943413 0.2417922 0.0064060064)
(-0.085024272 0.23766881 0.0029069919)
(-0.086605513 0.23309296 -0.00053152679)
(-0.086149405 0.22792107 -0.0038605223)
(-0.084065132 0.2220562 -0.0070277414)
(-0.080653495 0.21540025 -0.010005069)
(-0.076204612 0.20790355 -0.012750777)
(-0.070985117 0.19956049 -0.015215372)
(-0.065237873 0.19041138 -0.017351677)
(-0.059183232 0.18054105 -0.019117485)
(-0.053018404 0.17007367 -0.020485759)
(-0.046915146 0.15916304 -0.021435903)
(-0.041016939 0.14798012 -0.021967116)
(-0.035436295 0.13669837 -0.022097393)
(-0.03025652 0.12548039 -0.021856873)
(-0.025530471 0.11446813 -0.021285493)
(-0.02128611 0.10377775 -0.020433819)
(-0.017529955 0.093498174 -0.019357849)
(-0.014250913 0.083692537 -0.01811216)
(-0.011425122 0.074401344 -0.016745827)
(-0.0090204348 0.065646463 -0.015300832)
(-0.0069999862 0.057435111 -0.013811792)
(-0.0053247267 0.049763423 -0.012306655)
(-0.0039553891 0.042619413 -0.010808564)
(-0.0028538823 0.035985329 -0.009335914)
(-0.0019842713 0.029839478 -0.007902761)
(-0.0013133841 0.024157619 -0.0065194152)
(-0.00081111509 0.018914021 -0.0051930764)
(-0.00045070219 0.014082258 -0.0039284242)
(-0.00020928923 0.0096358101 -0.0027281377)
(-6.7795619e-05 0.0055485161 -0.0015933285)
(-4.747464e-06 0.0017949092 -0.00052391236)
(0.016554235 0.51260826 0.029001257)
(-0.034992648 0.32873862 0.032940796)
(-0.032906796 0.27058843 0.03128613)
(-0.046545025 0.26062246 0.025061245)
(-0.052651178 0.26064659 0.018980942)
(-0.056776733 0.26215862 0.012949013)
(-0.058911631 0.26381793 0.0069979338)
(-0.059561076 0.26509718 0.0011918274)
(-0.05902993 0.265581 -0.0044749635)
(-0.057523867 0.2650656 -0.0099096564)
(-0.055301236 0.26328886 -0.015069529)
(-0.052537198 0.26001866 -0.019906893)
(-0.049368231 0.25507294 -0.024358906)
(-0.045904921 0.24833782 -0.028350805)
(-0.042240261 0.23978865 -0.031803206)
(-0.038456539 0.22950495 -0.034641436)
(-0.034630797 0.21767129 -0.036803701)
(-0.030836132 0.20456252 -0.038249493)
(-0.027131648 0.19051516 -0.03897788)
(-0.023617195 0.17589174 -0.039032472)
(-0.020319596 0.16104217 -0.038477863)
(-0.017258685 0.14627496 -0.037382127)
(-0.014462373 0.13184259 -0.035821354)
(-0.01194942 0.11793734 -0.033880166)
(-0.0097251629 0.10469361 -0.031641042)
(-0.007784484 0.092195336 -0.029178804)
(-0.0061203164 0.080485498 -0.02656126)
(-0.004713711 0.069575775 -0.023849333)
(-0.0035421675 0.059455164 -0.021095312)
(-0.0025835355 0.05009713 -0.018341727)
(-0.0018147394 0.041465247 -0.015622077)
(-0.0012129029 0.03351742 -0.012962149)
(-0.00075612597 0.026208924 -0.010381274)
(-0.00042410148 0.019494514 -0.0078934665)
(-0.00019893083 0.01332982 -0.0055084129)
(-6.5339007e-05 0.0076722294 -0.0032323172)
(-4.8668349e-06 0.002481408 -0.0010686209)
(0.018540654 0.52578782 0.038929368)
(-0.025211666 0.3508602 0.042191422)
(-0.014544751 0.28688241 0.040135276)
(-0.022706783 0.27446007 0.03135507)
(-0.023542942 0.27560936 0.023349425)
(-0.023759575 0.27992443 0.015757028)
(-0.023344624 0.2848689 0.0084670425)
(-0.022613696 0.28960273 0.0014968019)
(-0.021713679 0.29367643 -0.0051358303)
(-0.020708498 0.29685658 -0.011425807)
(-0.019695664 0.29890232 -0.01736434)
(-0.018723948 0.29955121 -0.022935163)
(-0.017805845 0.29851657 -0.02810892)
(-0.016933075 0.29550069 -0.03284172)
(-0.01608296 0.2902329 -0.037075419)
(-0.015218305 0.28252576 -0.040741211)
(-0.014292859 0.27233106 -0.043760262)
(-0.013338963 0.25977427 -0.04604752)
(-0.01230224 0.24515314 -0.047534141)
(-0.011131132 0.2289006 -0.048239977)
(-0.0099178303 0.21152194 -0.048199588)
(-0.0087273394 0.19353107 -0.04744745)
(-0.0075647449 0.17540009 -0.04604067)
(-0.0064405943 0.15752656 -0.044063453)
(-0.0053922323 0.14021815 -0.041609603)
(-0.0044395723 0.12369251 -0.03877066)
(-0.0035835603 0.10808783 -0.035635069)
(-0.0028234633 0.093477551 -0.032286547)
(-0.0021653309 0.07988575 -0.028799293)
(-0.0016092515 0.067301205 -0.02523648)
(-0.0011498747 0.055689038 -0.021650782)
(-0.00078048375 0.044999757 -0.01808529)
(-0.00049336345 0.035175893 -0.01457458)
(-0.0002802186 0.026156677 -0.011145819)
(-0.00013299128 0.017881176 -0.0078198351)
(-4.4242269e-05 0.010290284 -0.0046120815)
(-3.3723333e-06 0.0033279143 -0.0015335277)
(0.024163277 0.54625753 0.042158043)
(-0.012837685 0.38668242 0.046475857)
(0.0078830392 0.31742329 0.040441543)
(0.0061767974 0.29838637 0.031393851)
(0.01074489 0.2960115 0.022297539)
(0.014471729 0.29885645 0.014219428)
(0.017307102 0.30315225 0.0068885468)
(0.019228785 0.30761886 8.4300215e-05)
(0.020316332 0.3117537 -0.006213286)
(0.02064813 0.31529215 -0.012067619)
(0.020321479 0.31808874 -0.017519175)
(0.019455077 0.32001067 -0.022585548)
(0.018171087 0.32087522 -0.027272751)
(0.016582428 0.32040933 -0.0315789)
(0.014789398 0.31824017 -0.035492171)
(0.012908202 0.31393265 -0.038987327)
(0.011023848 0.30707659 -0.042027416)
(0.009173794 0.29739625 -0.044555328)
(0.0074170422 0.2848415 -0.046502682)
(0.005858216 0.26962388 -0.047778238)
(0.0044913401 0.25218592 -0.048319055)
(0.0033292294 0.23311984 -0.04812218)
(0.0023998412 0.21306932 -0.047229124)
(0.0016967451 0.19264477 -0.045701912)
(0.0011635783 0.1723675 -0.043618113)
(0.00075465492 0.15264414 -0.041060891)
(0.00046277758 0.13376463 -0.038115156)
(0.00026444902 0.11591477 -0.034861038)
(0.00013407071 0.0991955 -0.031373133)
(5.3568862e-05 0.083643516 -0.027720351)
(8.5575766e-06 0.069249919 -0.023964556)
(-1.2503395e-05 0.055975559 -0.020159751)
(-1.8546544e-05 0.043762818 -0.01635198)
(-1.6241975e-05 0.032544188 -0.012579696)
(-1.044982e-05 0.022248206 -0.0088743495)
(-4.6402398e-06 0.012803382 -0.0052610518)
(-6.8937613e-07 0.0041406373 -0.0017593239)
(0.032909263 0.57234962 0.03730128)
(0.0028693417 0.4427298 0.042971211)
(0.032788258 0.3772164 0.032791109)
(0.041524983 0.34958093 0.024501176)
(0.050355981 0.33911559 0.015916532)
(0.057343109 0.33547525 0.0085721045)
(0.061795279 0.33445637 0.0024818147)
(0.064120289 0.33454609 -0.002658862)
(0.064642145 0.334958 -0.0071686354)
(0.063631152 0.33536736 -0.011252272)
(0.06139932 0.33563568 -0.015006377)
(0.058243055 0.33568286 -0.018485973)
(0.054424951 0.3354176 -0.021718852)
(0.050167614 0.33467721 -0.024715322)
(0.045655463 0.33316843 -0.027473452)
(0.041043639 0.33043381 -0.029976049)
(0.036445007 0.32588811 -0.032188352)
(0.031970472 0.31892412 -0.03408382)
(0.027713479 0.30906911 -0.03564012)
(0.023736244 0.29612255 -0.036820643)
(0.020087936 0.28021733 -0.0375851)
(0.016794672 0.26178856 -0.037897278)
(0.013856675 0.24147395 -0.037717779)
(0.01126961 0.21999288 -0.037022045)
(0.0090391099 0.19803902 -0.035818248)
(0.0071416855 0.17620772 -0.034148681)
(0.0055449335 0.15496262 -0.032071837)
(0.0042195443 0.13463207 -0.029650553)
(0.0031353998 0.11542409 -0.026948332)
(0.0022627934 0.097449487 -0.024026891)
(0.0015735623 0.080746288 -0.020944104)
(0.0010416459 0.065301601 -0.017752682)
(0.00064332479 0.051069348 -0.01449949)
(0.00035746379 0.037983703 -0.011225336)
(0.00016596747 0.025968713 -0.007965059)
(5.3727781e-05 0.014944846 -0.0047477641)
(3.737292e-06 0.0048332296 -0.0015972554)
(0.039194545 0.60027333 0.02409143)
(0.021155474 0.51054404 0.027325606)
(0.058102727 0.4567655 0.01723965)
(0.076934329 0.42443896 0.010122067)
(0.089593444 0.40432202 0.0043544885)
(0.098273604 0.39061592 3.2233516e-05)
(0.10324067 0.38044063 -0.0029926446)
(0.10500616 0.37251164 -0.0050697505)
(0.10409302 0.36610589 -0.0065989389)
(0.10114522 0.36081728 -0.0078145234)
(0.096689274 0.35637931 -0.0088547079)
(0.091139775 0.35260878 -0.0098503581)
(0.084854555 0.34935127 -0.010857254)
(0.078131582 0.34643069 -0.011892537)
(0.07120586 0.3436001 -0.012955895)
(0.06426705 0.34046362 -0.014036585)
(0.057460815 0.33639489 -0.015116609)
(0.050893087 0.33064867 -0.016172382)
(0.044644351 0.32248557 -0.017162849)
(0.038773365 0.31135026 -0.018030649)
(0.033321923 0.29702863 -0.018713861)
(0.028318041 0.27969594 -0.019160282)
(0.023777702 0.25985703 -0.01933676)
(0.019706403 0.23821934 -0.019229579)
(0.016100253 0.21555262 -0.018838436)
(0.012946677 0.19257583 -0.018173858)
(0.010225497 0.16988809 -0.01725643)
(0.0079104532 0.14794155 -0.016114243)
(0.0059709678 0.1270447 -0.014779634)
(0.0043738712 0.10738257 -0.013286517)
(0.0030848548 0.089043486 -0.011668432)
(0.0020695983 0.072045424 -0.0099572054)
(0.001294641 0.056358678 -0.0081821143)
(0.00072837722 0.041923699 -0.0063694185)
(0.00034257597 0.028664228 -0.0045421505)
(0.00011274773 0.01649645 -0.0027200635)
(8.3569562e-06 0.005335058 -0.00091975298)
(0.040104735 0.61663104 0.0036890662)
(0.031513396 0.54995575 -0.0013764202)
(0.071560258 0.50080529 -0.007321318)
(0.094477865 0.46403532 -0.010454969)
(0.10840055 0.43649116 -0.011359631)
(0.11694175 0.41560818 -0.010715089)
(0.12123015 0.39956466 -0.0091088009)
(0.12208757 0.38709017 -0.0070108053)
(0.12027688 0.37727267 -0.0046751957)
(0.11647752 0.36944456 -0.002285152)
(0.111163 0.3631184 -4.5568178e-05)
(0.10470771 0.35793172 0.0019360083)
(0.097499564 0.35361372 0.0035975792)
(0.08985317 0.34992129 0.0049094826)
(0.082011704 0.34662849 0.0058710955)
(0.07417854 0.34335579 0.0065053924)
(0.0665035 0.33949385 0.0068485867)
(0.059093089 0.33430633 0.0069468095)
(0.052029126 0.32696841 0.0068511611)
(0.045369668 0.31678373 0.0066129786)
(0.039157509 0.30337268 0.0062792318)
(0.033424315 0.28676601 0.0058886214)
(0.028191593 0.26737679 0.0054697338)
(0.023470532 0.24588184 0.0050413995)
(0.019262078 0.2230709 0.004614529)
(0.01555757 0.19971427 0.0041943859)
(0.012339843 0.17647471 0.00378272)
(0.0095846309 0.15386647 0.0033795782)
(0.0072621212 0.13225067 0.0029845268)
(0.0053385469 0.11185274 0.0025972972)
(0.0037777066 0.092789308 0.0022180323)
(0.0025422905 0.075096552 0.0018472978)
(0.0015950109 0.058755162 0.0014859765)
(0.00089994358 0.043710436 0.0011351257)
(0.00042453564 0.029887258 0.00079584086)
(0.00014029293 0.017200651 0.00046914898)
(1.0574167e-05 0.0055628406 0.00015592825)
(0.038828082 0.6111764 -0.017452212)
(0.02535267 0.52780789 -0.031686705)
(0.062724536 0.46563957 -0.032170786)
(0.081644231 0.42225726 -0.030038556)
(0.093006712 0.39335618 -0.025733437)
(0.10016351 0.37441977 -0.020281439)
(0.10392494 0.36203326 -0.014421127)
(0.10495227 0.35391683 -0.0084766106)
(0.10386133 0.34858171 -0.0025813481)
(0.10106312 0.34505993 0.0031230721)
(0.096919184 0.34272422 0.0084475098)
(0.091780865 0.3411045 0.013281228)
(0.085910313 0.33989141 0.017559383)
(0.079541363 0.33884629 0.021224377)
(0.072886652 0.33772032 0.024258191)
(0.066129344 0.33615318 0.026678754)
(0.059418182 0.33359966 0.028527184)
(0.05286982 0.32934317 0.02986054)
(0.046574619 0.32261919 0.030736658)
(0.040602903 0.31281095 0.031205384)
(0.035009871 0.29962605 0.031304721)
(0.029837406 0.28317511 0.03105922)
(0.025114561 0.26393164 0.030484694)
(0.02085786 0.24260876 0.029593833)
(0.017071565 0.22001049 0.028401728)
(0.013748425 0.19690558 0.026929768)
(0.010871941 0.17394649 0.025204065)
(0.0084184056 0.15163425 0.023254347)
(0.0063587242 0.13031751 0.021114308)
(0.004660102 0.11021179 0.018819958)
(0.0032876907 0.091426912 0.0164078)
(0.0022059922 0.07399502 0.013913296)
(0.0013799825 0.057895013 0.01136969)
(0.00077631147 0.04307198 0.0088072128)
(0.00036502901 0.02945161 0.0062525882)
(0.00012008924 0.016950307 0.003728795)
(8.8731241e-06 0.0054819341 0.0012550668)
(0.03548183 0.59051296 -0.033190136)
(0.011489288 0.46980433 -0.052323717)
(0.043452448 0.39087745 -0.049069816)
(0.054439556 0.34668578 -0.043264113)
(0.061966888 0.32429628 -0.03519693)
(0.067213648 0.31392191 -0.026586891)
(0.070218769 0.30995154 -0.018066512)
(0.071420543 0.30940819 -0.0097021309)
(0.071157103 0.31070148 -0.0014874289)
(0.069744839 0.31301099 0.006486248)
(0.067394871 0.31576834 0.014117053)
(0.064256394 0.31858465 0.021236935)
(0.060474899 0.32118234 0.027699053)
(0.056209328 0.32331753 0.033400147)
(0.051618321 0.32469789 0.038286949)
(0.046847235 0.3249049 0.042352392)
(0.042023214 0.32336418 0.045623025)
(0.03725551 0.31940708 0.048142073)
(0.032637459 0.31242033 0.049953098)
(0.028244798 0.30201966 0.051082253)
(0.024138589 0.28817212 0.051544539)
(0.020362981 0.27121125 0.051357746)
(0.016946258 0.25175389 0.050541535)
(0.013907055 0.23056881 0.04912337)
(0.011249102 0.20844406 0.047148019)
(0.0089368797 0.18608784 0.044670011)
(0.0069782398 0.1640738 0.041741357)
(0.0053365518 0.14282509 0.038428176)
(0.003982092 0.12262418 0.03480197)
(0.0028842499 0.10363619 0.030933885)
(0.0020120779 0.085936092 0.026891777)
(0.0013356603 0.069534379 0.02273831)
(0.00082698946 0.054398378 0.018529761)
(0.00046059376 0.040468743 0.01431542)
(0.00021434777 0.027671422 0.010137421)
(6.9607452e-05 0.015925907 0.0060308907)
(4.9025595e-06 0.0051506643 0.0020243729)
(0.031606879 0.56823248 -0.043270578)
(0.0008574545 0.41714795 -0.063565292)
(0.027161016 0.33131878 -0.058837908)
(0.030013554 0.29453223 -0.051050937)
(0.034140668 0.28202394 -0.040818854)
(0.037075755 0.27998051 -0.030586549)
(0.038630423 0.28219382 -0.020648022)
(0.039160767 0.28605582 -0.010907357)
(0.038900834 0.29057415 -0.0013026491)
(0.038024388 0.29537861 0.0081405508)
(0.03662988 0.30024839 0.017281568)
(0.034781417 0.30491036 0.025930782)
(0.032550303 0.30905897 0.033907626)
(0.030019687 0.31234726 0.041068024)
(0.027276689 0.31433568 0.047317225)
(0.024408267 0.31447515 0.052607544)
(0.021500116 0.312155 0.056923875)
(0.018634688 0.30681779 0.060265867)
(0.015874954 0.2981036 0.062640031)
(0.013293094 0.28595964 0.064068411)
(0.010983817 0.27066794 0.06459518)
(0.0088916596 0.25278559 0.064236868)
(0.0070955967 0.23303056 0.063008708)
(0.0055790211 0.21216064 0.060974187)
(0.0042837754 0.19087516 0.058215346)
(0.0032358348 0.16975525 0.05482142)
(0.0024130448 0.14924197 0.050900609)
(0.0017523571 0.12964059 0.046559746)
(0.0012411253 0.11113983 0.041900448)
(0.00085348898 0.093836689 0.037016875)
(0.00056533399 0.077760866 0.031993636)
(0.00035627595 0.062895708 0.026904762)
(0.00020932944 0.049194797 0.021813495)
(0.0001104827 0.036594254 0.016772654)
(4.8489085e-05 0.025021428 0.011825358)
(1.4527037e-05 0.014400737 0.0070059125)
(7.0712996e-07 0.0046574201 0.0023408355)
(0.02768788 0.54880591 -0.049242894)
(-0.0077818976 0.37800382 -0.067625484)
(0.013486745 0.29472661 -0.063752349)
(0.0095481698 0.26943838 -0.05446089)
(0.011216642 0.26613396 -0.043162984)
(0.011872195 0.26984034 -0.032129805)
(0.011894602 0.27527842 -0.021402499)
(0.011513136 0.28083956 -0.010899015)
(0.010859177 0.28616087 -0.00056589926)
(0.0100175 0.29121063 0.0095836641)
(0.0090448567 0.29592667 0.019430429)
(0.0079673641 0.30014331 0.028799791)
(0.0068084446 0.30353638 0.037505179)
(0.0055938047 0.30564371 0.045378448)
(0.0043554179 0.30591124 0.052291225)
(0.0031318039 0.30376264 0.058155407)
(0.001965037 0.29870499 0.06291669)
(0.0009115525 0.29044363 0.066544228)
(1.2110517e-05 0.27896378 0.069011514)
(-0.00071756358 0.26454675 0.070276432)
(-0.0013250151 0.24771561 0.070362167)
(-0.0016775196 0.22913425 0.069363956)
(-0.0018440732 0.20949976 0.067410318)
(-0.0018950329 0.18945568 0.064615193)
(-0.0018375289 0.16953967 0.06110083)
(-0.0016801651 0.15016339 0.056999209)
(-0.001482083 0.13161559 0.052440528)
(-0.0012575308 0.1140784 0.047549561)
(-0.0010259171 0.097649162 0.042436736)
(-0.00080292206 0.082362172 0.037198344)
(-0.00059951984 0.068207741 0.031916122)
(-0.00042268917 0.055147374 0.02665766)
(-0.00027626005 0.043125195 0.021477471)
(-0.00016170499 0.032076109 0.016418435)
(-7.9012272e-05 0.021931377 0.011513347)
(-2.7210626e-05 0.012622255 0.0067864144)
(-2.3302091e-06 0.0040822436 0.0022546715)
(0.024137216 0.53120784 -0.051284039)
(-0.016254033 0.3475187 -0.065984411)
(-0.00056078469 0.27200331 -0.06441659)
(-0.0093291336 0.25708661 -0.053732066)
(-0.010132282 0.26047602 -0.042462521)
(-0.011488486 0.26776674 -0.031295883)
(-0.012661448 0.27498245 -0.020344969)
(-0.013683875 0.28123665 -0.0096408118)
(-0.014532604 0.2865323 0.00084006962)
(-0.015202424 0.29093169 0.011077492)
(-0.015678549 0.2944347 0.02097366)
(-0.015966226 0.29686115 0.030368504)
(-0.016077778 0.29788754 0.039076579)
(-0.016022331 0.29703433 0.046914908)
(-0.015798653 0.29384328 0.053723772)
(-0.015398556 0.28794815 0.059375334)
(-0.014818147 0.27917061 0.063776746)
(-0.014121648 0.26757407 0.066871603)
(-0.013181401 0.25346158 0.068631044)
(-0.012054502 0.23732266 0.069167659)
(-0.010922091 0.2197464 0.068548427)
(-0.0096921187 0.20133821 0.066875847)
(-0.0084716917 0.18265326 0.064285786)
(-0.007273124 0.16415367 0.060940086)
(-0.0061217332 0.14619234 0.056999188)
(-0.0050515638 0.12901633 0.052615539)
(-0.0040802813 0.11278111 0.047926153)
(-0.0032181276 0.09756926 0.043048833)
(-0.0024699118 0.083409004 0.038082757)
(-0.0018354955 0.070290455 0.033109109)
(-0.001310823 0.058178595 0.028192478)
(-0.00088904505 0.047023085 0.023382789)
(-0.00056149213 0.03676532 0.018717437)
(-0.00031861709 0.027343292 0.014223393)
(-0.00015106988 0.018694793 0.0099191248)
(-5.0207478e-05 0.010759425 0.0058162809)
(-3.8301022e-06 0.0034797803 0.0019211276)
(0.020590914 0.51493305 -0.048436381)
(-0.024296909 0.32240878 -0.059764516)
(-0.015642364 0.25562931 -0.059306209)
(-0.027570259 0.24777316 -0.049194529)
(-0.031609182 0.25433614 -0.038866007)
(-0.03477546 0.26276821 -0.028341269)
(-0.03688637 0.27037243 -0.017891552)
(-0.038196352 0.27649782 -0.0076381078)
(-0.038831881 0.28113339 0.0023783477)
(-0.038890721 0.28426429 0.012101647)
(-0.038429768 0.28581082 0.021423271)
(-0.037511763 0.28556 0.030179777)
(-0.036187415 0.283253 0.038180098)
(-0.034505528 0.27865427 0.045235405)
(-0.032513293 0.27158907 0.051177501)
(-0.030262061 0.26203525 0.055877243)
(-0.027811457 0.25015398 0.05926481)
(-0.025231332 0.23627586 0.061333392)
(-0.022560066 0.22085219 0.062145377)
(-0.019938879 0.2043929 0.061797217)
(-0.017364231 0.18740075 0.060422684)
(-0.014894577 0.17032435 0.058173338)
(-0.012584279 0.15353113 0.055215606)
(-0.010474058 0.13729853 0.051713544)
(-0.0085775111 0.12181855 0.047819833)
(-0.0069035238 0.10720994 0.043670449)
(-0.0054512755 0.093533207 0.039380175)
(-0.0042126405 0.08080546 0.035042568)
(-0.0031744859 0.069013321 0.030731542)
(-0.0023205306 0.058123299 0.026503624)
(-0.0016327882 0.048089641 0.02240052)
(-0.0010926586 0.038860004 0.0184517)
(-0.0006817339 0.030379382 0.014676787)
(-0.00038253481 0.022592716 0.011087672)
(-0.00017942783 0.015446541 0.0076902865)
(-5.8876449e-05 0.0088899625 0.0044860737)
(-4.3400678e-06 0.0028751765 0.0014731539)
(0.01739038 0.50153538 -0.040340971)
(-0.032479304 0.30225906 -0.05009963)
(-0.030863451 0.24218416 -0.049037708)
(-0.045508593 0.23703176 -0.04097162)
(-0.052648952 0.24256641 -0.032357102)
(-0.057669589 0.24895476 -0.023404343)
(-0.060598333 0.25455074 -0.014375036)
(-0.061933477 0.25878976 -0.0054360269)
(-0.061961341 0.26137378 0.0033087981)
(-0.060909283 0.26211506 0.011746038)
(-0.058955557 0.26089936 0.019731961)
(-0.056266334 0.25760322 0.027094998)
(-0.052983718 0.2521393 0.033648845)
(-0.049244099 0.24451108 0.039220318)
(-0.045178331 0.23483511 0.043686267)
(-0.040917769 0.22334703 0.046980334)
(-0.036586757 0.21037961 0.049088185)
(-0.032298471 0.1963295 0.050057705)
(-0.02814954 0.18161186 0.049987409)
(-0.024223434 0.16661928 0.049003559)
(-0.020578928 0.15169302 0.047252959)
(-0.017258258 0.13710757 0.044894809)
(-0.01428354 0.12306709 0.042082915)
(-0.011660319 0.10971054 0.038955368)
(-0.0093809709 0.097121784 0.035631368)
(-0.0074284668 0.085341133 0.03221041)
(-0.0057792147 0.074376531 0.028772269)
(-0.0044057772 0.064213147 0.025378483)
(-0.0032790597 0.054821077 0.022074662)
(-0.0023699231 0.046161198 0.018893089)
(-0.0016502939 0.038189415 0.015855262)
(-0.0010938562 0.030859624 0.012974212)
(-0.0006764434 0.024125695 0.010256488)
(-0.00037638468 0.017942748 0.0077038088)
(-0.00017504702 0.012267925 0.0053143891)
(-5.6844866e-05 0.0070608124 0.0030839925)
(-4.0351251e-06 0.0022836386 0.001006727)
(0.016472932 0.49283338 -0.027802441)
(-0.039172076 0.28852207 -0.035772105)
(-0.043547245 0.2310893 -0.03446063)
(-0.061070173 0.2243288 -0.02905847)
(-0.070982541 0.22520628 -0.023092115)
(-0.077718483 0.22635073 -0.016723335)
(-0.081325987 0.22700484 -0.01018572)
(-0.082468569 0.22674456 -0.0036420922)
(-0.081589646 0.22526644 0.0027871126)
(-0.079091874 0.22236669 0.0089617042)
(-0.075309325 0.21796189 0.014721641)
(-0.070556703 0.21199743 0.019905797)
(-0.065111207 0.20451384 0.024383679)
(-0.059234904 0.19563672 0.028059357)
(-0.053157569 0.18556304 0.030856659)
(-0.047079753 0.17454849 0.032755424)
(-0.041169599 0.16287852 0.033784648)
(-0.035559977 0.15084092 0.034014665)
(-0.03034779 0.13870196 0.033544985)
(-0.025596095 0.12668998 0.032491088)
(-0.021337956 0.11498755 0.030974268)
(-0.017581027 0.10373043 0.029112487)
(-0.014313002 0.093011534 0.027012813)
(-0.011507319 0.082887511 0.02476739)
(-0.0091282209 0.073386322 0.022452106)
(-0.0071348919 0.064514243 0.020126775)
(-0.0054846399 0.056262054 0.017837443)
(-0.0041352289 0.048609983 0.015617682)
(-0.0030464692 0.041531494 0.013490681)
(-0.0021811798 0.034996061 0.011471313)
(-0.0015056848 0.028971152 0.0095680041)
(-0.00098996441 0.02342361 0.0077843229)
(-0.00060758809 0.018320576 0.0061202849)
(-0.00033565896 0.013630109 0.0045733919)
(-0.00015500188 0.0093215738 0.0031394402)
(-4.989538e-05 0.0053658734 0.0018131488)
(-3.4528538e-06 0.0017355803 0.0005886102)
(0.017109644 0.4881461 -0.012920378)
(-0.043490042 0.28065788 -0.017213068)
(-0.051805755 0.22303078 -0.016571921)
(-0.071404415 0.21352917 -0.014271856)
(-0.083174523 0.20909202 -0.011677409)
(-0.091036951 0.2043501 -0.0088149055)
(-0.095013344 0.19923013 -0.0057949282)
(-0.095861542 0.19365866 -0.00270323)
(-0.09413205 0.18756691 0.00037082563)
(-0.090392684 0.18090328 0.0033348917)
(-0.085121956 0.17364013 0.0060958287)
(-0.078748201 0.16580006 0.0085644609)
(-0.071674574 0.15744699 0.010683478)
(-0.06426223 0.14866963 0.012390421)
(-0.056803742 0.1395797 0.013652229)
(-0.049545962 0.13030595 0.014473061)
(-0.042674313 0.12097656 0.014877866)
(-0.0363181 0.11171087 0.014909785)
(-0.030555997 0.10261277 0.014623907)
(-0.025423927 0.093767301 0.014080732)
(-0.020923914 0.085239987 0.01334072)
(-0.017032782 0.077078179 0.012460163)
(-0.013710408 0.069311647 0.01148855)
(-0.010907189 0.061957184 0.010467334)
(-0.0085672049 0.055027958 0.0094298921)
(-0.0066346618 0.048523744 0.0084017638)
(-0.0050564031 0.042438764 0.0074015507)
(-0.0037817969 0.036762665 0.0064423638)
(-0.0027651722 0.031481878 0.0055328813)
(-0.001965831 0.026580475 0.0046781549)
(-0.0013480315 0.022040849 0.0038804818)
(-0.0008807549 0.017844279 0.0031401421)
(-0.00053733045 0.013971385 0.0024559891)
(-0.00029512324 0.010402522 0.0018259098)
(-0.00013546457 0.0071180935 0.0012471749)
(-4.3282155e-05 0.0040988221 0.00071671438)
(-2.9132411e-06 0.0013259559 0.00023130183)
(0.017336866 0.4869921 0.0030212226)
(-0.044633558 0.27880373 0.0035763258)
(-0.053881875 0.22107166 0.0029563244)
(-0.074011129 0.2108255 0.0018852649)
(-0.086242987 0.20480786 0.00074287366)
(-0.094380587 0.19827487 -0.00039568093)
(-0.098424095 0.19134939 -0.0014698571)
(-0.099176862 0.18404229 -0.0024439811)
(-0.097228529 0.17637266 -0.0032894134)
(-0.093148365 0.16837004 -0.0040210422)
(-0.087458172 0.16007936 -0.0046212815)
(-0.080638988 0.15156085 -0.0050898026)
(-0.07313293 0.14288042 -0.0054254918)
(-0.065310337 0.1341111 -0.0056386226)
(-0.057494293 0.12533297 -0.005735336)
(-0.049938994 0.1166217 -0.0057206884)
(-0.042832972 0.10804633 -0.0056110416)
(-0.036303026 0.099666882 -0.0054234632)
(-0.030421115 0.091532786 -0.0051747624)
(-0.025214314 0.083682851 -0.0048808247)
(-0.020675177 0.076146181 -0.004555899)
(-0.016771655 0.068943497 -0.0042121651)
(-0.013455816 0.062088549 -0.003859622)
(-0.010670929 0.055589627 -0.0035062179)
(-0.0083570014 0.049450632 -0.0031584398)
(-0.0064543001 0.043670999 -0.0028199827)
(-0.0049059717 0.038246933 -0.0024938727)
(-0.0036601226 0.033171965 -0.0021821287)
(-0.002669954 0.028437167 -0.0018859692)
(-0.0018939273 0.024031462 -0.0016060153)
(-0.0012959806 0.019942053 -0.0013424416)
(-0.00084503662 0.016154777 -0.0010951006)
(-0.00051453723 0.012654456 -0.00086361719)
(-0.00028206372 0.0094252356 -0.00064745992)
(-0.00012921897 0.0064509034 -0.00044599517)
(-4.1174469e-05 0.0037151723 -0.00025852154)
(-2.7486683e-06 0.0012019255 -8.4302672e-05)
(0.016891244 0.48950137 0.018614724)
(-0.042062171 0.28329409 0.023849289)
(-0.049245261 0.22643627 0.022093937)
(-0.068173369 0.21844007 0.017697843)
(-0.079364531 0.21628066 0.012908584)
(-0.086903001 0.2138763 0.0079023892)
(-0.090810268 0.21090254 0.0028952098)
(-0.091784208 0.2071377 -0.0019803199)
(-0.090369746 0.20245961 -0.0066129451)
(-0.087069394 0.1967954 -0.010916397)
(-0.082293868 0.19011385 -0.014799616)
(-0.076439703 0.18245155 -0.018170414)
(-0.069871642 0.17390016 -0.020959015)
(-0.062917104 0.16459992 -0.023115217)
(-0.055860046 0.15472842 -0.024622256)
(-0.048938604 0.14447739 -0.025490631)
(-0.042330863 0.13403969 -0.025761112)
(-0.036173071 0.12359785 -0.02550348)
(-0.030552158 0.11330905 -0.024800819)
(-0.025513944 0.10330001 -0.023741907)
(-0.021070375 0.093666088 -0.022413832)
(-0.017207516 0.084473645 -0.020896634)
(-0.013893628 0.075764265 -0.019260023)
(-0.011084022 0.067559318 -0.01756214)
(-0.008728952 0.059865442 -0.015849206)
(-0.0067772387 0.052678328 -0.014156551)
(-0.0051773305 0.045985483 -0.012510166)
(-0.0038809492 0.039769134 -0.010928251)
(-0.002843744 0.034008082 -0.0094228641)
(-0.0020258167 0.028679047 -0.008001113)
(-0.0013918778 0.023757642 -0.0066663425)
(-0.00091110942 0.019219075 -0.0054191301)
(-0.00055686129 0.015038648 -0.004258078)
(-0.0003064014 0.011192131 -0.0031804297)
(-0.00014090678 0.0076560236 -0.0021825418)
(-4.5131615e-05 0.0044077457 -0.0012602348)
(-3.0647902e-06 0.0014257695 -0.00040905319)
(0.016453798 0.49545414 0.032820579)
(-0.036802995 0.29352223 0.04086438)
(-0.03901721 0.23631441 0.038869511)
(-0.055469396 0.23157324 0.03151194)
(-0.064356313 0.23524819 0.023613675)
(-0.070491333 0.23913534 0.015448563)
(-0.073909943 0.24213376 0.0073250359)
(-0.07519229 0.24377028 -0.00059240467)
(-0.07473145 0.24375118 -0.0082287092)
(-0.072837374 0.24198995 -0.015432592)
(-0.069793861 0.23835743 -0.02208308)
(-0.065842734 0.2328131 -0.028038037)
(-0.061209653 0.2253945 -0.033147092)
(-0.056103829 0.21623137 -0.037300266)
(-0.050727735 0.20554673 -0.040431672)
(-0.04526267 0.19363478 -0.042521155)
(-0.039866446 0.18083641 -0.043597072)
(-0.034672156 0.167504 -0.043734173)
(-0.029782834 0.15397009 -0.043043241)
(-0.025273173 0.14052405 -0.041657564)
(-0.021189054 0.12739927 -0.039718183)
(-0.017551102 0.11477014 -0.037362822)
(-0.014359082 0.10275594 -0.034717165)
(-0.011597096 0.091428942 -0.031889982)
(-0.009238354 0.080824056 -0.02897117)
(-0.0072492727 0.070948226 -0.026033317)
(-0.0055928104 0.06178858 -0.023132248)
(-0.004231013 0.053319043 -0.020309132)
(-0.0031268211 0.045505378 -0.017592917)
(-0.0022452661 0.038308872 -0.015002701)
(-0.001554172 0.031688917 -0.012549879)
(-0.0010244769 0.025604761 -0.010239986)
(-0.00063030438 0.020016631 -0.0080742205)
(-0.00034902677 0.014886436 -0.0060506631)
(-0.00016156046 0.010178155 -0.0041652332)
(-5.2160522e-05 0.0058580314 -0.0024124142)
(-3.6450924e-06 0.0018946312 -0.00078580195)
(0.018251707 0.50568312 0.043874473)
(-0.02927192 0.30948592 0.053273801)
(-0.025128355 0.2485776 0.051925431)
(-0.038747204 0.24424408 0.042011281)
(-0.044661247 0.25146377 0.031865486)
(-0.048991063 0.25946476 0.021533606)
(-0.051660034 0.26629128 0.011363621)
(-0.05308813 0.27146 0.0015023915)
(-0.053469022 0.27479551 -0.0080135722)
(-0.05292793 0.27628811 -0.017103079)
(-0.051636572 0.27579998 -0.025656303)
(-0.04970354 0.27319508 -0.033524206)
(-0.047226201 0.26835695 -0.040532155)
(-0.044301779 0.26119744 -0.046509596)
(-0.041030111 0.25175706 -0.051317245)
(-0.037512405 0.24022181 -0.054874994)
(-0.033846939 0.22691114 -0.057166282)
(-0.030150536 0.21223906 -0.058224722)
(-0.026499727 0.19666463 -0.058139059)
(-0.022983297 0.1806402 -0.057037271)
(-0.019669811 0.16457057 -0.05507554)
(-0.016608275 0.14878879 -0.052423834)
(-0.013832395 0.13354734 -0.049247356)
(-0.011357382 0.1190214 -0.045695933)
(-0.0091857116 0.10531941 -0.041901946)
(-0.0073091449 0.092496433 -0.037977327)
(-0.0057116002 0.080567466 -0.03401304)
(-0.0043718712 0.069519197 -0.03008034)
(-0.003265877 0.059319556 -0.026233035)
(-0.0023684033 0.049925008 -0.022510134)
(-0.0016543748 0.041285863 -0.018938522)
(-0.0010997141 0.033349977 -0.015535435)
(-0.00068188438 0.026065213 -0.012310627)
(-0.00038037214 0.019380999 -0.0092681816)
(-0.00017735075 0.013249258 -0.0064079972)
(-5.7770191e-05 0.0076248884 -0.0037269509)
(-4.1435513e-06 0.002465965 -0.0012198115)
(0.021641923 0.52049639 0.049917872)
(-0.021051674 0.33173473 0.061378377)
(-0.0099323686 0.26295937 0.060627244)
(-0.02077324 0.25427606 0.048599649)
(-0.02341642 0.2609075 0.037300862)
(-0.02597953 0.26960586 0.025773745)
(-0.027815621 0.27733239 0.014559501)
(-0.029120826 0.28356423 0.0037402853)
(-0.02995226 0.28831606 -0.0066941061)
(-0.030327507 0.29172023 -0.016750865)
(-0.030298915 0.29384823 -0.026345604)
(-0.029911412 0.29442202 -0.035330899)
(-0.029190254 0.29308169 -0.043528987)
(-0.028165449 0.28949747 -0.050762319)
(-0.026867948 0.2833888 -0.05687444)
(-0.025334037 0.274622 -0.061742768)
(-0.023573402 0.2632642 -0.065283261)
(-0.021643497 0.24959166 -0.067493914)
(-0.019606003 0.23404671 -0.06839649)
(-0.017506348 0.21716705 -0.068080982)
(-0.015414004 0.19951123 -0.066664945)
(-0.013338662 0.18159485 -0.064303114)
(-0.011374899 0.16385133 -0.061166893)
(-0.0095441437 0.14661545 -0.057424036)
(-0.007873474 0.13012441 -0.053234092)
(-0.0063791713 0.11452947 -0.048739849)
(-0.0050675979 0.099912439 -0.044064271)
(-0.0039374248 0.086302771 -0.039309656)
(-0.0029816311 0.073692767 -0.034558395)
(-0.0021891964 0.062050011 -0.0298748)
(-0.0015465462 0.051326867 -0.025307468)
(-0.0010387135 0.041467372 -0.020891794)
(-0.00065023851 0.032412027 -0.016652379)
(-0.00036599755 0.02410098 -0.012605205)
(-0.00017219778 0.016476038 -0.0087595057)
(-5.6713911e-05 0.0094818438 -0.0051193112)
(-4.2302483e-06 0.0030665063 -0.0016847203)
(0.025212259 0.53695742 0.050702025)
(-0.012815019 0.35768551 0.066538183)
(0.0046876868 0.28063296 0.063266595)
(-0.0027748152 0.26372412 0.051916858)
(-0.0020731313 0.26580045 0.039824433)
(-0.0030553902 0.27237578 0.028013539)
(-0.0039064686 0.27911046 0.016610897)
(-0.0047883697 0.28507919 0.0056044227)
(-0.0056488328 0.2902609 -0.005070919)
(-0.0064386516 0.29478549 -0.015425779)
(-0.0071358817 0.29866444 -0.025376247)
(-0.0077371276 0.30169796 -0.034764881)
(-0.0082452569 0.30351648 -0.043415573)
(-0.0086609303 0.30363279 -0.05116498)
(-0.0089768392 0.30151858 -0.057876556)
(-0.0091769549 0.29670832 -0.063445901)
(-0.0092406173 0.28890701 -0.067797106)
(-0.0091212311 0.27806935 -0.070876835)
(-0.0088846602 0.26442137 -0.072676264)
(-0.0084363807 0.24841968 -0.073224318)
(-0.0078119185 0.23066742 -0.072622584)
(-0.0071429249 0.21181605 -0.070947242)
(-0.0063825484 0.19248339 -0.068317427)
(-0.0055829318 0.17319823 -0.064891943)
(-0.0047818493 0.15437376 -0.060831671)
(-0.0040060358 0.13630577 -0.056285095)
(-0.0032781783 0.11918578 -0.051389387)
(-0.0026149981 0.10312084 -0.046266564)
(-0.0020270695 0.088154114 -0.04102142)
(-0.0015196343 0.074283462 -0.035741233)
(-0.0010936613 0.061476561 -0.030496713)
(-0.00074686148 0.049682456 -0.025343641)
(-0.00047460407 0.03883992 -0.020324803)
(-0.00027083459 0.028883251 -0.015471987)
(-0.00012911763 0.019746103 -0.010807856)
(-4.3197013e-05 0.011363885 -0.0063476191)
(-3.3649325e-06 0.0036751794 -0.0021004915)
(0.028782111 0.55453269 0.047085616)
(-0.0045554774 0.38991082 0.066234273)
(0.018428084 0.30641193 0.060570709)
(0.01634645 0.27824077 0.051493962)
(0.019003307 0.27279268 0.03955086)
(0.020261329 0.27521635 0.028109616)
(0.020699034 0.27974281 0.017143056)
(0.020585108 0.28485996 0.006520287)
(0.020066193 0.2900091 -0.0038424626)
(0.019242734 0.29506407 -0.013931408)
(0.018165971 0.29992004 -0.023628364)
(0.016870575 0.30437157 -0.032765597)
(0.015391495 0.30810204 -0.041168743)
(0.013768809 0.31068107 -0.048691623)
(0.012048376 0.31157466 -0.055232166)
(0.010281525 0.31019039 -0.060729899)
(0.0085417343 0.30597169 -0.065154044)
(0.0068774013 0.29852346 -0.06849262)
(0.0053297445 0.28772094 -0.070734977)
(0.0039646396 0.27375537 -0.071880474)
(0.0027810852 0.25710006 -0.071923201)
(0.0017717334 0.23841502 -0.070913789)
(0.0010533258 0.21842971 -0.068958012)
(0.00053038794 0.19784143 -0.06617)
(0.00014610609 0.17724772 -0.062660089)
(-9.9181213e-05 0.15711583 -0.058549674)
(-0.00023733668 0.13778032 -0.053962554)
(-0.00029769858 0.1194576 -0.049017856)
(-0.00030437843 0.10226846 -0.043825271)
(-0.00027675902 0.086261655 -0.038482254)
(-0.00023010061 0.071435095 -0.033072851)
(-0.00017594054 0.057753082 -0.027667674)
(-0.00012256584 0.045159372 -0.022324631)
(-7.5598574e-05 0.033586592 -0.017090091)
(-3.8687662e-05 0.022962706 -0.012000232)
(-1.4014675e-05 0.013215245 -0.007082385)
(-1.3716087e-06 0.0042739359 -0.0023563738)
(0.032693943 0.57421456 0.039810996)
(0.0039719397 0.43144534 0.05972072)
(0.031995594 0.34769974 0.054330674)
(0.037280018 0.30892759 0.046585306)
(0.042453718 0.29404027 0.036187588)
(0.046132399 0.29006684 0.025777134)
(0.048209261 0.29099424 0.015766564)
(0.049053765 0.29403872 0.0060667985)
(0.048949459 0.29805028 -0.003393239)
(0.048077426 0.30249729 -0.012565384)
(0.046529503 0.3070212 -0.02130742)
(0.044386592 0.3113218 -0.029453784)
(0.041747436 0.31513658 -0.036852366)
(0.038721135 0.31817319 -0.043389733)
(0.035419291 0.32005222 -0.049002504)
(0.031951497 0.32026869 -0.053671889)
(0.02842318 0.31821446 -0.057406232)
(0.024917959 0.31328246 -0.060225917)
(0.021533432 0.30502223 -0.062164017)
(0.01834571 0.29327706 -0.063256326)
(0.015416665 0.27824067 -0.063537467)
(0.012768068 0.26041706 -0.063037234)
(0.010397034 0.24051268 -0.061764947)
(0.0083524744 0.21930617 -0.059743238)
(0.0066062524 0.19753674 -0.057037481)
(0.0051388968 0.17583223 -0.053732573)
(0.0039257123 0.15467763 -0.049921526)
(0.0029382262 0.13441444 -0.045700147)
(0.0021470681 0.11525835 -0.04116256)
(0.0015238875 0.097324536 -0.036397642)
(0.0010424094 0.080653574 -0.031486538)
(0.00067897193 0.065234238 -0.026501233)
(0.00041273147 0.051021726 -0.021503986)
(0.0002257408 0.037951334 -0.016547404)
(0.00010308746 0.025948148 -0.011674916)
(3.2651788e-05 0.014933597 -0.0069214536)
(2.0884928e-06 0.0048296763 -0.0023143328)
(0.036378411 0.5963938 0.028289492)
(0.015273094 0.48623238 0.045823132)
(0.04891903 0.41214513 0.042720519)
(0.062389665 0.36816718 0.037194961)
(0.071141997 0.34417398 0.029391322)
(0.077124758 0.3318386 0.020947285)
(0.080563983 0.32602139 0.012608989)
(0.081900318 0.32382617 0.0045172355)
(0.081585808 0.32370211 -0.0032875334)
(0.079965865 0.32471731 -0.010720336)
(0.077250768 0.32624677 -0.017664383)
(0.073619796 0.32790104 -0.023992652)
(0.069262878 0.32942138 -0.029600605)
(0.064374839 0.33059881 -0.034424697)
(0.059139831 0.33118592 -0.038447536)
(0.053722046 0.33080657 -0.041692926)
(0.048263633 0.32890819 -0.044213726)
(0.042880814 0.32480481 -0.04606562)
(0.037672466 0.3178282 -0.047303685)
(0.032717759 0.30751604 -0.047969284)
(0.028078403 0.29375073 -0.048081209)
(0.023799735 0.27679796 -0.047653984)
(0.019911175 0.25723694 -0.046706098)
(0.01642826 0.23582829 -0.045258226)
(0.013353899 0.21337412 -0.043337023)
(0.010679427 0.19060889 -0.04098047)
(0.0083865973 0.16813587 -0.038236973)
(0.0064501724 0.14640516 -0.035162468)
(0.0048404712 0.12572078 -0.031817011)
(0.0035255119 0.10626322 -0.028261524)
(0.0024726826 0.088117278 -0.024555081)
(0.0016499548 0.071298785 -0.020752891)
(0.0010267312 0.055777171 -0.016904956)
(0.00057466998 0.041493013 -0.013055343)
(0.00026881924 0.02837085 -0.0092418887)
(8.7864317e-05 0.016328051 -0.0054962383)
(6.3404855e-06 0.0052806613 -0.0018441482)
(0.039512542 0.61446167 0.011046044)
(0.028458118 0.53898882 0.022281365)
(0.066913899 0.48192059 0.023447081)
(0.087469177 0.4406698 0.02208363)
(0.09974565 0.41196449 0.018474132)
(0.10740736 0.39219323 0.013626986)
(0.11139426 0.37848354 0.0083524989)
(0.1124007 0.36883799 0.0030528634)
(0.11107069 0.36192959 -0.0020685071)
(0.10792001 0.35687125 -0.0068535915)
(0.1033571 0.35304745 -0.01119812)
(0.097729806 0.35004616 -0.01501558)
(0.091340243 0.34758348 -0.018248707)
(0.084455262 0.34543877 -0.020878839)
(0.077306094 0.34337394 -0.022922912)
(0.070084879 0.3410358 -0.024424807)
(0.062944323 0.33787972 -0.025445077)
(0.056001909 0.3331767 -0.026050222)
(0.049346626 0.32613596 -0.026305307)
(0.043045581 0.31610371 -0.026263568)
(0.037149976 0.30274691 -0.025964311)
(0.031698477 0.28614029 -0.02543356)
(0.026717881 0.26673226 -0.024687401)
(0.022223212 0.24522319 -0.023736743)
(0.018218191 0.22241505 -0.022591887)
(0.014696104 0.19908149 -0.021265648)
(0.01164105 0.17588317 -0.019774768)
(0.0090295127 0.15332961 -0.018139957)
(0.006832159 0.13177669 -0.016385046)
(0.0050156914 0.11144515 -0.014535683)
(0.0035445437 0.092448125 -0.012617934)
(0.0023822719 0.074819375 -0.010657085)
(0.0014926766 0.058538198 -0.0086767226)
(0.00084107401 0.043549242 -0.006698133)
(0.00039617384 0.029777257 -0.0047399354)
(0.0001306314 0.017137453 -0.002817928)
(9.7447997e-06 0.0055424192 -0.00094511212)
(0.040817378 0.61454623 -0.010912083)
(0.030861582 0.54582985 -0.0091113693)
(0.070337889 0.49739726 -0.0025072056)
(0.092762846 0.46233941 0.0014065507)
(0.10640145 0.43644844 0.0032761296)
(0.11484467 0.41681435 0.0036190321)
(0.11914021 0.40157579 0.0029283345)
(0.12004178 0.38954002 0.0016656209)
(0.11827156 0.37989203 0.00022998159)
(0.11445264 0.3720571 -0.0011389703)
(0.109102 0.36562016 -0.0023034163)
(0.10267065 0.36027361 -0.003183998)
(0.095524691 0.35577583 -0.0037469092)
(0.08796071 0.35190707 -0.0039947962)
(0.080220502 0.34840355 -0.0039556659)
(0.072495953 0.34487238 -0.0036728846)
(0.064933885 0.34072702 -0.0031982235)
(0.057643757 0.33520405 -0.0025838381)
(0.050704457 0.32748962 -0.0018839662)
(0.044172405 0.31691611 -0.0011509881)
(0.038088722 0.30314053 -0.00043221422)
(0.032482947 0.28622649 0.00023310865)
(0.0273744 0.2666078 0.00081594728)
(0.022772419 0.2449674 0.0012980252)
(0.018676305 0.22208893 0.0016709303)
(0.015075811 0.198729 0.0019344558)
(0.011952327 0.17553388 0.002094589)
(0.0092803705 0.15300198 0.002161394)
(0.0070295048 0.13148121 0.0021461545)
(0.0051661364 0.11118701 0.0020590263)
(0.0036547316 0.092229135 0.0019093906)
(0.0024588936 0.074639339 0.0017065588)
(0.0015423017 0.05839577 0.0014594939)
(0.00086998989 0.043442462 0.0011765849)
(0.00041029882 0.029703867 0.00086552772)
(0.00013554263 0.017095085 0.00053326081)
(1.0201442e-05 0.0055286998 0.00018595185)
(0.038351939 0.59345245 -0.030486022)
(0.016812582 0.49384034 -0.034832498)
(0.051581049 0.43724801 -0.02482812)
(0.067853336 0.40622402 -0.017455605)
(0.079108315 0.3884733 -0.011154251)
(0.086853159 0.37719553 -0.0062946627)
(0.09120837 0.3692566 -0.0027297903)
(0.092749514 0.36324335 -3.083096e-05)
(0.092064833 0.35847897 0.0021768932)
(0.089545592 0.35458407 0.0041559432)
(0.085630777 0.35133191 0.0060697523)
(0.080727749 0.34855905 0.0079895008)
(0.075164354 0.3461155 0.0099306966)
(0.069201421 0.34381691 0.011881263)
(0.063047862 0.34138214 0.013817222)
(0.056869766 0.33837221 0.015710812)
(0.050791809 0.33417014 0.017515553)
(0.044914673 0.32805683 0.019187843)
(0.039316551 0.31936348 0.020686852)
(0.034057439 0.30764224 0.021958192)
(0.029181872 0.29278946 0.022946159)
(0.024719369 0.27506621 0.023600745)
(0.020685753 0.25502368 0.023888279)
(0.017086393 0.23337615 0.023795982)
(0.013914804 0.21087087 0.023334295)
(0.011156095 0.18818837 0.022528712)
(0.0087893798 0.16588537 0.021413349)
(0.0067794312 0.14437555 0.020025129)
(0.0050971643 0.12393667 0.018396989)
(0.0037241088 0.1047316 0.016563823)
(0.0026196842 0.086834075 0.014566918)
(0.0017527968 0.070253464 0.012446729)
(0.0010935742 0.054955821 0.010240337)
(0.00061367001 0.040880302 0.0079809407)
(0.00028784722 0.027951201 0.0056977255)
(9.4414296e-05 0.016086312 0.0034158336)
(6.9034201e-06 0.0052024535 0.0011565078)
(0.030112386 0.56386561 -0.041311304)
(-0.0027733829 0.42451589 -0.046372123)
(0.024255315 0.35794205 -0.037472103)
(0.02954346 0.33327888 -0.02903822)
(0.036410708 0.32556373 -0.020569993)
(0.041918616 0.32396966 -0.013482073)
(0.045577327 0.32450452 -0.0075079019)
(0.047483605 0.32570559 -0.0022508014)
(0.047986433 0.32709063 0.002500453)
(0.047336855 0.32838387 0.0069165035)
(0.045746144 0.32943367 0.011114091)
(0.043425031 0.33013127 0.015127564)
(0.040567591 0.33033646 0.018951336)
(0.037342709 0.32982413 0.022566766)
(0.033893573 0.32824434 0.025951183)
(0.030340808 0.32511839 0.029077308)
(0.026786395 0.31989535 0.031905236)
(0.023322435 0.31206845 0.034371169)
(0.020031641 0.30131206 0.036402345)
(0.016971393 0.28757993 0.037934713)
(0.014192722 0.2711269 0.038926408)
(0.011724585 0.25245385 0.039355515)
(0.0095507347 0.23220669 0.039203802)
(0.0076776247 0.21106817 0.038483444)
(0.0060768603 0.18967053 0.037229026)
(0.0047368373 0.1685419 0.035491698)
(0.0036160273 0.14808453 0.033331221)
(0.0026959995 0.1285769 0.030809865)
(0.0019782418 0.11019016 0.027993738)
(0.001413248 0.093010213 0.024950166)
(0.00096666794 0.077059899 0.021741293)
(0.00063004092 0.062318435 0.018422404)
(0.00038362426 0.04873694 0.015042144)
(0.00021022335 0.036250077 0.011642574)
(9.615669e-05 0.024784334 0.0082594158)
(3.0518512e-05 0.01426364 0.0049223996)
(1.9519398e-06 0.0046129879 0.0016557619)
(0.021827591 0.53828345 -0.043175569)
(-0.018389295 0.37279952 -0.047143955)
(-0.0017881575 0.30606259 -0.041869073)
(-0.0059039656 0.29019939 -0.032947453)
(-0.0037349384 0.28926072 -0.024498565)
(-0.0018783129 0.29240138 -0.01712333)
(-0.00018431768 0.29652531 -0.010446867)
(0.0011493204 0.30066306 -0.0042403565)
(0.0020994219 0.30444289 0.0016464109)
(0.0026824056 0.30764419 0.0072398604)
(0.0029412482 0.3100961 0.012593794)
(0.0028908663 0.31159546 0.01771287)
(0.0025772759 0.3118795 0.022576027)
(0.0020616875 0.31061761 0.027148312)
(0.001412201 0.30743153 0.031385831)
(0.00069048088 0.30194957 0.035230151)
(-5.6680513e-05 0.2938865 0.038584985)
(-0.00070473427 0.28312614 0.041314617)
(-0.0012459249 0.26977159 0.043355511)
(-0.0016478482 0.25414093 0.044675125)
(-0.0019467953 0.23671651 0.045266276)
(-0.0021056799 0.21806753 0.0451472)
(-0.0021175872 0.1987711 0.04436236)
(-0.0020409618 0.17935045 0.042965686)
(-0.0018925748 0.16023834 0.041025682)
(-0.0016925966 0.14176351 0.03862001)
(-0.0014656706 0.12415409 0.03583015)
(-0.0012231703 0.10755107 0.032738635)
(-0.00098082325 0.092025783 0.029426535)
(-0.0007623241 0.077597544 0.025967076)
(-0.00056618038 0.06424909 0.022421038)
(-0.0003973897 0.051939161 0.018839095)
(-0.00025885843 0.040612055 0.01526384)
(-0.00015121458 0.030204543 0.011730427)
(-7.3830882e-05 0.020650639 0.0082672453)
(-2.5454163e-05 0.011884754 0.00489666)
(-2.2138051e-06 0.0038436649 0.0016358097)
(0.016844209 0.51912507 -0.036848359)
(-0.030380868 0.34063659 -0.040190676)
(-0.023801876 0.28063367 -0.037734679)
(-0.034410359 0.26977528 -0.029865925)
(-0.037928513 0.27020004 -0.022941037)
(-0.040113393 0.27276002 -0.016555805)
(-0.040957297 0.27568297 -0.010552984)
(-0.040866803 0.27842449 -0.0048285826)
(-0.040109536 0.28064705 0.00072021032)
(-0.038868593 0.28201796 0.0061511459)
(-0.037208529 0.28236415 0.011424067)
(-0.03531128 0.28139493 0.016511044)
(-0.033262308 0.27881886 0.021354642)
(-0.031106187 0.27437406 0.025871182)
(-0.028880008 0.26786629 0.029959142)
(-0.026646513 0.25920897 0.033502592)
(-0.024300527 0.24845207 0.03638276)
(-0.021906236 0.23579181 0.038600596)
(-0.019580059 0.22154505 0.040105318)
(-0.017292639 0.20611181 0.040878997)
(-0.015098318 0.18992712 0.040931437)
(-0.013033663 0.17341534 0.040310704)
(-0.011081503 0.1569533 0.039095373)
(-0.0092882004 0.14084803 0.03737395)
(-0.0076643926 0.12533075 0.035235411)
(-0.0062165725 0.11056111 0.032767263)
(-0.0049467855 0.096637267 0.030052773)
(-0.0038518769 0.083608055 0.027168171)
(-0.0029242602 0.071485145 0.024179803)
(-0.0021531353 0.0602537 0.02114225)
(-0.001525605 0.04988112 0.018099634)
(-0.0010277861 0.040323804 0.015087609)
(-0.00064538864 0.031532113 0.012134377)
(-0.00036439856 0.023453894 0.0092616692)
(-0.00017200077 0.016036864 0.0064857125)
(-5.6872691e-05 0.0092301529 0.0038181404)
(-4.2850873e-06 0.0029852502 0.0012668087)
(0.01652409 0.50851262 -0.024418695)
(-0.038996021 0.32285216 -0.028237295)
(-0.040678222 0.26675886 -0.025890861)
(-0.056649005 0.25659728 -0.020665289)
(-0.065080444 0.25408851 -0.016012286)
(-0.070943085 0.25221246 -0.011735329)
(-0.074165308 0.2502696 -0.0077041053)
(-0.07529909 0.24801614 -0.0038227905)
(-0.074687851 0.24524942 9.0623128e-06)
(-0.072767335 0.24175152 0.0038402993)
(-0.069793619 0.23741385 0.0076149906)
(-0.065998792 0.23206601 0.011283425)
(-0.061603743 0.22557612 0.014771075)
(-0.056799129 0.21787092 0.017984052)
(-0.051754117 0.2089477 0.020822846)
(-0.046614594 0.19888165 0.023201758)
(-0.041492676 0.18782277 0.025079828)
(-0.036552588 0.17597833 0.02643515)
(-0.031830027 0.16358859 0.027252023)
(-0.027393768 0.15090432 0.02753858)
(-0.023295287 0.13816338 0.02732254)
(-0.019569772 0.12557623 0.02665504)
(-0.01623438 0.11331614 0.025604965)
(-0.013290139 0.10151561 0.024246747)
(-0.010725917 0.090268064 0.022650621)
(-0.0085221013 0.079632737 0.020880544)
(-0.0066531969 0.069640916 0.018992578)
(-0.0050900591 0.060302178 0.017035206)
(-0.0038018158 0.051609988 0.015048605)
(-0.0027574147 0.043546398 0.013065093)
(-0.0019267576 0.036085789 0.011109991)
(-0.0012814166 0.029197724 0.0092026079)
(-0.00079505542 0.022849077 0.0073572095)
(-0.00044384452 0.017005568 0.0055839078)
(-0.00020714695 0.011632851 0.0038894565)
(-6.757399e-05 0.006697266 0.0022779391)
(-4.8843931e-06 0.0021663405 0.00075134457)
(0.017402298 0.50347091 -0.0092855786)
(-0.044072516 0.31430567 -0.01074701)
(-0.050616057 0.25903402 -0.009089922)
(-0.06970116 0.24794382 -0.0068286129)
(-0.081036973 0.24178307 -0.0051463063)
(-0.089050246 0.23537384 -0.0038723201)
(-0.093607125 0.2286222 -0.0028614742)
(-0.095357188 0.22150382 -0.0019746876)
(-0.094733255 0.21398629 -0.0010890886)
(-0.092220613 0.20606251 -0.00017356972)
(-0.088216257 0.19775455 0.00081520799)
(-0.083053512 0.18905792 0.0018658906)
(-0.077045001 0.17997376 0.0029446913)
(-0.070483004 0.17054199 0.0040051465)
(-0.063630214 0.1608229 0.0049981028)
(-0.056716714 0.15089618 0.0058866272)
(-0.049936214 0.1408501 0.0066400368)
(-0.043437371 0.13077769 0.0072230862)
(-0.037338003 0.12077451 0.007620711)
(-0.031720392 0.11093011 0.0078317575)
(-0.02663367 0.10133332 0.0078669889)
(-0.022098805 0.092047217 0.0077451164)
(-0.01811388 0.083119508 0.0074895218)
(-0.014658877 0.074586317 0.0071250786)
(-0.011701633 0.066472862 0.0066760869)
(-0.0092008987 0.058794445 0.0061648516)
(-0.007112307 0.05155846 0.0056108608)
(-0.0053907661 0.044765601 0.0050313466)
(-0.0039910287 0.038410746 0.0044404363)
(-0.0028705629 0.032484312 0.0038494363)
(-0.0019900017 0.026973186 0.003267134)
(-0.0013135451 0.021861514 0.0027001501)
(-0.0008091124 0.017131394 0.0021532919)
(-0.0004484874 0.012763477 0.0016298813)
(-0.00020775974 0.0087374887 0.001132049)
(-6.7111366e-05 0.005032689 0.0006609941)
(-4.6703685e-06 0.0016282575 0.00021719535)
(0.017532411 0.50320107 0.006983908)
(-0.044211316 0.31382438 0.0092895085)
(-0.050975901 0.25880104 0.0096015046)
(-0.070129521 0.24810755 0.0086658259)
(-0.08148788 0.24244642 0.0070972276)
(-0.089467884 0.2366686 0.0049871233)
(-0.093963052 0.23063127 0.0025408353)
(-0.095632733 0.22428975 -4.7489743e-05)
(-0.094975926 0.21743182 -0.0026336029)
(-0.092466293 0.21000232 -0.0051047579)
(-0.088467079 0.20196141 -0.0073672229)
(-0.083312787 0.19331177 -0.009359106)
(-0.077314865 0.184096 -0.011043566)
(-0.070760091 0.17438992 -0.012399514)
(-0.063906152 0.16429546 -0.013419994)
(-0.056979068 0.15393416 -0.014115425)
(-0.050174857 0.14343162 -0.014500024)
(-0.043643825 0.13291192 -0.014590899)
(-0.037509711 0.12249379 -0.014421406)
(-0.031857568 0.11228073 -0.014029901)
(-0.026739473 0.1023589 -0.013456738)
(-0.02217738 0.092806658 -0.01274162)
(-0.018169399 0.083666909 -0.01192148)
(-0.014695872 0.074968476 -0.011029133)
(-0.011724408 0.066729306 -0.010092733)
(-0.009213272 0.0589577 -0.0091355105)
(-0.0071174982 0.051654632 -0.0081757972)
(-0.0053913637 0.044815153 -0.0072283729)
(-0.0039890143 0.038429351 -0.0063042608)
(-0.0028673757 0.032483693 -0.0054114019)
(-0.001986618 0.026961883 -0.004555241)
(-0.0013105635 0.021845558 -0.0037392488)
(-0.0008068343 0.017114872 -0.0029653676)
(-0.00044699305 0.012749 -0.002234378)
(-0.00020695723 0.0087265726 -0.0015461965)
(-6.682103e-05 0.0050260534 -0.00090010282)
(-4.6435771e-06 0.0016260604 -0.00029492463)
(0.016929674 0.50757236 0.022093568)
(-0.039428558 0.32106435 0.027198025)
(-0.041958707 0.26565411 0.026670072)
(-0.058281727 0.25659285 0.022630903)
(-0.066889821 0.25535763 0.017980852)
(-0.07274839 0.25500155 0.012800556)
(-0.075871348 0.25470717 0.0073131389)
(-0.076900243 0.25400884 0.0017355998)
(-0.076246405 0.25249009 -0.0037919061)
(-0.074252083 0.24991155 -0.0091077066)
(-0.07122005 0.24606023 -0.014100383)
(-0.067390809 0.24077741 -0.018683614)
(-0.062967592 0.23398128 -0.022779705)
(-0.058129342 0.2256703 -0.026316573)
(-0.053035758 0.21592676 -0.029233038)
(-0.047812644 0.20491408 -0.031494015)
(-0.042627894 0.19286208 -0.033088025)
(-0.037557477 0.18004446 -0.034015447)
(-0.032697602 0.16675381 -0.034301672)
(-0.028124765 0.15327324 -0.033992351)
(-0.02390022 0.13985827 -0.033156525)
(-0.020059704 0.1267226 -0.031876353)
(-0.016621985 0.11403206 -0.030237924)
(-0.01358952 0.10190572 -0.028323281)
(-0.010951844 0.090421182 -0.026208252)
(-0.0086887402 0.079621627 -0.02396022)
(-0.0067731552 0.069523331 -0.021636193)
(-0.0051740609 0.060122602 -0.01928363)
(-0.0038587576 0.051401669 -0.016940484)
(-0.0027945354 0.043333379 -0.014636229)
(-0.0019498133 0.035884772 -0.012393052)
(-0.0012948629 0.029019707 -0.010227066)
(-0.00080224039 0.022700713 -0.0081494275)
(-0.00044720137 0.016890286 -0.0061673368)
(-0.00020838903 0.011551746 -0.0042848857)
(-6.783065e-05 0.0066497988 -0.0025037563)
(-4.8622229e-06 0.0021508752 -0.00082379948)
(0.016996185 0.51655907 0.034717931)
(-0.031626123 0.33566758 0.040126219)
(-0.026586987 0.2769403 0.039294489)
(-0.038323248 0.26770736 0.032393595)
(-0.04246252 0.26984494 0.025196624)
(-0.044931484 0.27414884 0.017727423)
(-0.045831887 0.27881304 0.01014364)
(-0.045671387 0.28311132 0.0026547927)
(-0.044754139 0.28654167 -0.0046010496)
(-0.043275448 0.28880616 -0.011516916)
(-0.041415757 0.28963677 -0.018016795)
(-0.039309271 0.28875902 -0.024042711)
(-0.037034874 0.28592255 -0.029538051)
(-0.034642619 0.28092286 -0.034440131)
(-0.032191576 0.27363523 -0.038677292)
(-0.029634954 0.26405026 -0.04215524)
(-0.027007331 0.25230021 -0.044869142)
(-0.024386584 0.23865288 -0.046768908)
(-0.021790644 0.22348733 -0.047834017)
(-0.019235447 0.20724891 -0.04807457)
(-0.016779898 0.19039958 -0.04754776)
(-0.014428548 0.17337045 -0.046329565)
(-0.012232285 0.15652927 -0.044508223)
(-0.010219093 0.14016649 -0.042182469)
(-0.0084026923 0.12449357 -0.03945831)
(-0.0067916571 0.10964993 -0.03643862)
(-0.0053864725 0.095714652 -0.033214623)
(-0.0041809235 0.082719864 -0.029863181)
(-0.0031642899 0.070663265 -0.026448538)
(-0.0023228907 0.059518859 -0.023023766)
(-0.0016411601 0.049245442 -0.019631599)
(-0.0011026056 0.039792975 -0.016305536)
(-0.00069056182 0.031107159 -0.01307111)
(-0.0003889276 0.023132579 -0.0099471606)
(-0.00018311297 0.015814774 -0.0069470121)
(-6.03742e-05 0.0091015132 -0.0040794887)
(-4.5124703e-06 0.0029435288 -0.0013498071)
(0.020589595 0.53197157 0.042227586)
(-0.021498445 0.36044236 0.047769375)
(-0.0077890082 0.29408751 0.045554168)
(-0.014253753 0.28048367 0.03656051)
(-0.013302117 0.28195421 0.027502611)
(-0.011996018 0.2873199 0.018717865)
(-0.010423995 0.29352848 0.010164852)
(-0.008891145 0.29953871 0.0019609933)
(-0.0075373995 0.30487409 -0.0057962999)
(-0.0064243141 0.30930557 -0.013048271)
(-0.0055937678 0.31263893 -0.019767988)
(-0.0050491776 0.3146735 -0.025940908)
(-0.0047624572 0.31516602 -0.031561332)
(-0.0046858242 0.31381562 -0.03662564)
(-0.0047606966 0.31028351 -0.041121306)
(-0.0049395407 0.30425062 -0.045008754)
(-0.0051050735 0.29550034 -0.048209892)
(-0.0052271962 0.28399433 -0.05067713)
(-0.0052693763 0.26990962 -0.052375935)
(-0.0052139673 0.25362451 -0.053282705)
(-0.0050041627 0.23566135 -0.053399204)
(-0.0046905975 0.21660799 -0.0527486)
(-0.0043144411 0.19704221 -0.051366611)
(-0.0038684168 0.17747596 -0.049325563)
(-0.0033826907 0.1583234 -0.046718242)
(-0.0028771994 0.13989143 -0.043648357)
(-0.0023888323 0.12238659 -0.040220638)
(-0.001934458 0.10593055 -0.036530475)
(-0.0015193944 0.090578594 -0.032660127)
(-0.0011523535 0.076337484 -0.028680876)
(-0.00083814638 0.063180665 -0.0246539)
(-0.00057800176 0.051060313 -0.020630438)
(-0.00037069248 0.039916322 -0.016652409)
(-0.00021341911 0.029682699 -0.012753358)
(-0.00010268686 0.020291904 -0.0089595001)
(-3.4755447e-05 0.011677647 -0.0052907196)
(-2.8322235e-06 0.0037765917 -0.0017615364)
(0.02568369 0.55209174 0.043128438)
(-0.010068586 0.39658498 0.050050182)
(0.012986474 0.32539935 0.043886566)
(0.013379021 0.3041608 0.034599432)
(0.019160563 0.30100212 0.024600169)
(0.024315052 0.30388812 0.01547169)
(0.028312665 0.30858256 0.0071058412)
(0.031105274 0.31352703 -0.00058347518)
(0.032754049 0.318127 -0.0076043043)
(0.03334133 0.32208071 -0.013993549)
(0.033000721 0.3252618 -0.019783917)
(0.031890839 0.32760068 -0.02500481)
(0.030174158 0.32900605 -0.029688243)
(0.028004557 0.32930061 -0.033867845)
(0.025521742 0.3281784 -0.037573935)
(0.0228508 0.32520569 -0.040825984)
(0.020106385 0.31988635 -0.043618702)
(0.017390861 0.31178198 -0.04592265)
(0.014794056 0.3006433 -0.047695627)
(0.012376357 0.28649788 -0.04888972)
(0.010203437 0.26966173 -0.049455045)
(0.0082580376 0.25067925 -0.04935578)
(0.0065799346 0.23022063 -0.048604205)
(0.0051501128 0.20897492 -0.047229638)
(0.0039428189 0.18756666 -0.045273524)
(0.0029796147 0.16650757 -0.04279678)
(0.0022265479 0.14618008 -0.039878625)
(0.0016229272 0.12684328 -0.036601669)
(0.0011509772 0.10865166 -0.033045403)
(0.00079367692 0.091678071 -0.029283952)
(0.00052776479 0.075935848 -0.025384646)
(0.00033406224 0.061397688 -0.021407091)
(0.00019717349 0.048010557 -0.017402876)
(0.00010454534 0.035706728 -0.013415741)
(4.6097877e-05 0.024411558 -0.0094820275)
(1.3877601e-05 0.014048697 -0.0056312505)
(6.7340294e-07 0.0045434155 -0.0018868038)
(0.033337778 0.57670504 0.037077031)
(0.0041681107 0.45064994 0.044716173)
(0.035299823 0.38456421 0.034910022)
(0.046013249 0.35598774 0.02586774)
(0.056282261 0.34507936 0.016426307)
(0.064661337 0.3414306 0.0081447542)
(0.070440617 0.34069147 0.0012358428)
(0.073809036 0.34098074 -0.0045431253)
(0.075045727 0.34147532 -0.0094578445)
(0.074450979 0.34184389 -0.013694285)
(0.072369707 0.34197016 -0.017369835)
(0.069132657 0.34182324 -0.020575433)
(0.06504136 0.34138488 -0.023387991)
(0.060363001 0.34058661 -0.025870323)
(0.055322806 0.33924303 -0.02806699)
(0.050104783 0.33699075 -0.030012055)
(0.04485798 0.3332798 -0.031720963)
(0.039703137 0.32744891 -0.033190523)
(0.034738055 0.31888124 -0.034393608)
(0.030039963 0.30717993 -0.035284213)
(0.025668091 0.29228593 -0.035808081)
(0.021666354 0.27449792 -0.035929817)
(0.018059255 0.25439485 -0.035633495)
(0.014855662 0.23270658 -0.034915963)
(0.012043896 0.21018656 -0.033788018)
(0.0095990991 0.18751518 -0.032264088)
(0.0075155108 0.16524547 -0.030365511)
(0.0057676095 0.14378589 -0.028134369)
(0.0043192129 0.12340871 -0.025625187)
(0.0031396882 0.10427176 -0.022894213)
(0.002198168 0.086444706 -0.01999548)
(0.0014644352 0.069933973 -0.016979187)
(0.00090995979 0.054703642 -0.01389077)
(0.00050862168 0.040691699 -0.01077041)
(0.00023760624 0.027821865 -0.0076528726)
(7.7536638e-05 0.016011767 -0.0045675592)
(5.5689895e-06 0.0051783262 -0.0015387905)
(0.038496981 0.60267861 0.023804822)
(0.020450669 0.5152917 0.027950402)
(0.058331898 0.4621134 0.017956422)
(0.078568014 0.43030673 0.0099088514)
(0.092708093 0.41056851 0.0030881467)
(0.10280919 0.39707535 -0.0021871259)
(0.10900492 0.38697281 -0.0059141643)
(0.11167679 0.37879793 -0.0084118698)
(0.11144437 0.37206452 -0.010036152)
(0.10896583 0.36647076 -0.0110492)
(0.10478262 0.36169066 -0.011643304)
(0.099322001 0.3575294 -0.011966257)
(0.092946183 0.35386433 -0.012154975)
(0.08598503 0.35063173 -0.012301307)
(0.078711791 0.34763117 -0.01245702)
(0.071344271 0.34454832 -0.012651392)
(0.064049327 0.34081989 -0.012897498)
(0.056950296 0.33573322 -0.013188708)
(0.05014555 0.32848297 -0.013504534)
(0.043708902 0.31837698 -0.013810008)
(0.037695691 0.30502964 -0.014061242)
(0.032145933 0.28846151 -0.01421354)
(0.027085089 0.26907679 -0.014227641)
(0.022525207 0.24754808 -0.01407634)
(0.018466348 0.22466628 -0.013747418)
(0.014898405 0.2012071 -0.013241974)
(0.011803392 0.17784109 -0.012569059)
(0.0091569519 0.15509086 -0.011742443)
(0.0069295325 0.13332523 -0.01078015)
(0.0050877239 0.11277579 -0.0097031478)
(0.0035957371 0.093563784 -0.0085334788)
(0.0024168021 0.07572844 -0.0072928764)
(0.0015143363 0.059252312 -0.0060018786)
(0.00085325192 0.044081651 -0.004679293)
(0.00040186705 0.030141652 -0.0033418984)
(0.00013247604 0.017347237 -0.0020042956)
(9.8581615e-06 0.0056102669 -0.00067891262)
(0.038990802 0.61809707 0.0043952003)
(0.029465213 0.55347301 -0.00057289308)
(0.070394651 0.50510445 -0.007437183)
(0.094175962 0.46840491 -0.011889665)
(0.1090552 0.44036848 -0.014017783)
(0.11851219 0.41870617 -0.014343233)
(0.12355994 0.4018152 -0.01340741)
(0.12500523 0.38854522 -0.011602193)
(0.12365922 0.37807456 -0.0091939711)
(0.12021161 0.36978528 -0.0064092597)
(0.1151997 0.36318267 -0.0034413739)
(0.10898604 0.35785645 -0.0005086449)
(0.10187708 0.35353467 0.0022495049)
(0.09421315 0.34998327 0.0047402672)
(0.086273471 0.34690552 0.0068989714)
(0.078261999 0.34396347 0.008695747)
(0.07034875 0.34065213 0.01012644)
(0.062661703 0.33620198 0.011209597)
(0.055292059 0.32978439 0.011976124)
(0.048312626 0.32061593 0.012462486)
(0.041776399 0.30818928 0.012705171)
(0.035722525 0.29240754 0.012736729)
(0.030178694 0.27359163 0.012584067)
(0.025161584 0.25237836 0.012268673)
(0.020676855 0.22956634 0.011808068)
(0.016719498 0.20596839 0.01121769)
(0.013274793 0.18230564 0.010512444)
(0.010319762 0.15915209 0.0097075576)
(0.00782487 0.13692126 0.008818831)
(0.0057557722 0.11587971 0.0078624617)
(0.0040750065 0.096173726 0.0068546418)
(0.0027434864 0.07785903 0.0058110632)
(0.0017217982 0.060928012 0.0047464558)
(0.00097172534 0.045331947 0.0036742277)
(0.00045848684 0.030997819 0.0026062261)
(0.00015153791 0.017840284 0.0015526101)
(1.1424793e-05 0.0057697563 0.0005218395)
(0.037287667 0.61379325 -0.015329864)
(0.023523351 0.53404514 -0.030423418)
(0.061883768 0.47182712 -0.032855186)
(0.081449778 0.42641596 -0.032287166)
(0.093327104 0.39481813 -0.029137666)
(0.10083463 0.37329942 -0.02450602)
(0.10478809 0.35877665 -0.019174415)
(0.10592016 0.34907726 -0.013453633)
(0.10491085 0.34272418 -0.0074685234)
(0.10228122 0.33867749 -0.0013465332)
(0.098324862 0.33622792 0.0047205627)
(0.093318172 0.33487367 0.010564466)
(0.087560188 0.33419139 0.016032115)
(0.081275484 0.33385192 0.020994122)
(0.074656212 0.33355185 0.025371145)
(0.06788027 0.33291215 0.02911392)
(0.061102179 0.3313926 0.032213663)
(0.054448431 0.32827819 0.034685713)
(0.04801998 0.32277081 0.036560661)
(0.041897546 0.31417785 0.037869648)
(0.036145461 0.30210609 0.038638708)
(0.030813374 0.28657135 0.038885795)
(0.025936609 0.26798483 0.038624958)
(0.021536256 0.24704046 0.03787175)
(0.017619721 0.22456133 0.036648048)
(0.014181907 0.20136005 0.034985122)
(0.011207157 0.17814302 0.032923448)
(0.0086714466 0.15546393 0.030510968)
(0.0065445804 0.1337164 0.027801)
(0.0047922681 0.11315073 0.024849461)
(0.003378 0.093901548 0.021712197)
(0.0022645827 0.076017374 0.018442792)
(0.0014153555 0.059486954 0.015090943)
(0.00079546385 0.044260553 0.011701408)
(0.00037364571 0.030265879 0.0083134188)
(0.0001227481 0.017419352 0.004960452)
(9.0135529e-06 0.0056336706 0.0016703473)
(0.034111445 0.59575714 -0.030054189)
(0.011193254 0.48062784 -0.051547051)
(0.044490559 0.39999079 -0.050726472)
(0.056513551 0.35105525 -0.046185835)
(0.064451577 0.32384862 -0.03892611)
(0.069786391 0.30961367 -0.03084865)
(0.072660374 0.30280321 -0.022691123)
(0.073639837 0.3003186 -0.014508926)
(0.073204866 0.30042675 -0.0062429592)
(0.071595895 0.30212614 0.0020890811)
(0.069086667 0.30485596 0.010349225)
(0.065847472 0.30811532 0.018402948)
(0.061996635 0.31151954 0.026049795)
(0.057659917 0.31472348 0.033096932)
(0.052979106 0.31735804 0.0394058)
(0.048095687 0.31895541 0.044891341)
(0.043139937 0.31890672 0.049514973)
(0.038227539 0.31650093 0.053269919)
(0.033459581 0.31105659 0.056164615)
(0.028919259 0.30209845 0.058201595)
(0.024674264 0.28950056 0.059379399)
(0.020774043 0.27352636 0.059704153)
(0.017250008 0.25476079 0.05919626)
(0.014117806 0.2339799 0.057890748)
(0.011381442 0.21200831 0.055837677)
(0.0090207414 0.18960616 0.053105526)
(0.0070214563 0.16740191 0.049773304)
(0.0053524915 0.14586806 0.045930829)
(0.0039815103 0.12532713 0.041672418)
(0.0028749568 0.10597416 0.037091609)
(0.0019995231 0.087904955 0.032277371)
(0.0013233921 0.071143475 0.027311499)
(0.0008170183 0.055665048 0.022267043)
(0.00045373411 0.041414489 0.017207579)
(0.00021052379 0.028319352 0.012187107)
(6.8099912e-05 0.016299142 0.0072503614)
(4.7291776e-06 0.0052714054 0.0024334615)
(0.031615748 0.57625581 -0.040085614)
(0.0028142149 0.43155212 -0.064614909)
(0.030880897 0.34140754 -0.061801075)
(0.035561643 0.2971037 -0.054820094)
(0.040153275 0.27858924 -0.044903791)
(0.043198625 0.27238106 -0.034794837)
(0.044565723 0.27195144 -0.024977455)
(0.044739342 0.27412066 -0.015302179)
(0.044069411 0.27762066 -0.0056124915)
(0.042747385 0.28195598 0.0041456731)
(0.040904596 0.28686196 0.013919592)
(0.038628045 0.29206061 0.023515467)
(0.03598647 0.29720555 0.032700254)
(0.033055203 0.30184365 0.041249476)
(0.029922533 0.3054559 0.048977429)
(0.026678942 0.30741713 0.055748255)
(0.023415351 0.30703325 0.06147063)
(0.020220546 0.30364574 0.06608331)
(0.017162725 0.29677852 0.06954699)
(0.014310459 0.28626582 0.071856638)
(0.011755984 0.27230324 0.073042983)
(0.009497472 0.25540448 0.073138446)
(0.0075149795 0.23628944 0.072158413)
(0.0058600925 0.21575269 0.070155523)
(0.0044826902 0.19455059 0.067230062)
(0.0033644345 0.17332709 0.063500568)
(0.0024795413 0.15258156 0.059099038)
(0.0017850919 0.13266788 0.054158342)
(0.0012526001 0.11381209 0.048806455)
(0.00085253389 0.09613786 0.043162155)
(0.00055847812 0.079692778 0.037332096)
(0.00034787242 0.064471349 0.031409373)
(0.00020189507 0.050433488 0.025473215)
(0.00010516581 0.037518366 0.019589493)
(4.5468189e-05 0.025654254 0.013811695)
(1.3333115e-05 0.014765193 0.0081821472)
(5.7352902e-07 0.0047753124 0.0027333737)
(0.029189023 0.55900414 -0.047245238)
(-0.0032406941 0.39376329 -0.071866607)
(0.020511225 0.30285162 -0.06806832)
(0.01886238 0.26829166 -0.059524143)
(0.021214569 0.2592849 -0.047857231)
(0.022212869 0.2598486 -0.036455844)
(0.022128031 0.26319637 -0.025510023)
(0.021371395 0.26742161 -0.014828187)
(0.020165184 0.27192231 -0.0042145122)
(0.018657016 0.27666119 0.0064220427)
(0.016940441 0.28161126 0.017041843)
(0.015081718 0.28660946 0.027476114)
(0.013132624 0.29131758 0.037487856)
(0.011141401 0.29519813 0.046829631)
(0.0091580071 0.29759028 0.055278246)
(0.0072333559 0.29778355 0.062653886)
(0.0054170317 0.29512724 0.068822616)
(0.003771997 0.28915913 0.073692486)
(0.0023633676 0.2797117 0.077210122)
(0.0011584889 0.26695377 0.079343732)
(0.00018138116 0.25135197 0.080061078)
(-0.00056437964 0.23357176 0.079414694)
(-0.0010100599 0.214356 0.077560773)
(-0.0012626004 0.19441872 0.074650663)
(-0.0013771875 0.1743749 0.070830321)
(-0.0013615823 0.15470822 0.066259542)
(-0.00126188 0.13576765 0.061098117)
(-0.0011088817 0.11778188 0.055499119)
(-0.00092871325 0.10088182 0.049601127)
(-0.00074163654 0.085124585 0.043525566)
(-0.00056252267 0.070514914 0.037375665)
(-0.00040156923 0.057022724 0.031236836)
(-0.00026510254 0.044596377 0.025177964)
(-0.00015646199 0.033172288 0.019253204)
(-7.6999375e-05 0.02268152 0.013503935)
(-2.6716097e-05 0.013054139 0.0079606895)
(-2.3251231e-06 0.0042219334 0.0026449665)
(0.026538299 0.5429493 -0.051864013)
(-0.0097843888 0.36245635 -0.073883759)
(0.010077619 0.27611811 -0.071181151)
(0.0034113599 0.25284284 -0.06072879)
(0.0042569291 0.25222126 -0.048255468)
(0.0035333826 0.25771823 -0.036110618)
(0.002404959 0.26377919 -0.024425443)
(0.00099543077 0.26913161 -0.013096992)
(-0.00056964717 0.27381758 -0.0019411674)
(-0.0021847772 0.27811428 0.0091435052)
(-0.00376153 0.28214603 0.020120922)
(-0.0052400663 0.28578696 0.030837608)
(-0.0065747464 0.28864367 0.041054042)
(-0.007729308 0.29013567 0.050506856)
(-0.0086724106 0.28961106 0.058947732)
(-0.0093752026 0.28647635 0.066164049)
(-0.0098134264 0.28032267 0.071990548)
(-0.0099766959 0.27101732 0.07631818)
(-0.0098889192 0.25873053 0.079092177)
(-0.0095193659 0.24389235 0.080314002)
(-0.0088956087 0.22710366 0.080117965)
(-0.008156124 0.2090307 0.078619233)
(-0.0073174158 0.19031521 0.075944162)
(-0.0064193772 0.17151318 0.072284246)
(-0.0055012841 0.15306416 0.067841175)
(-0.0046085653 0.13528706 0.062802757)
(-0.0037696498 0.11839253 0.057340602)
(-0.0030047275 0.10250279 0.051605465)
(-0.0023267565 0.087672868 0.045725441)
(-0.0017421807 0.073909761 0.039806039)
(-0.001252165 0.061188177 0.033931683)
(-0.00085391388 0.049462557 0.02816802)
(-0.00054184864 0.038675824 0.022564559)
(-0.00030873974 0.02876546 0.01715733)
(-0.00014694214 0.019667554 0.011971338)
(-4.9043448e-05 0.011319369 0.0070227303)
(-3.7838379e-06 0.0036608809 0.002320665)
(0.023895429 0.52749811 -0.053473259)
(-0.016240059 0.33622917 -0.071116366)
(-0.00097882151 0.25713523 -0.070762795)
(-0.011386657 0.24291251 -0.058732802)
(-0.012659175 0.24830802 -0.046413941)
(-0.014749887 0.25705623 -0.034096056)
(-0.016634321 0.26478601 -0.022144063)
(-0.018377862 0.27081418 -0.010560564)
(-0.019957802 0.27543871 0.00077317214)
(-0.021335136 0.27896931 0.011921941)
(-0.022440681 0.28150495 0.022826255)
(-0.023228951 0.28298435 0.033317878)
(-0.023672587 0.28301113 0.043153143)
(-0.023740886 0.28107748 0.052061348)
(-0.023423629 0.27675091 0.059782885)
(-0.022729807 0.26974527 0.066109314)
(-0.021690378 0.26000392 0.07090016)
(-0.020334021 0.24771828 0.074085479)
(-0.01873514 0.23329101 0.075692343)
(-0.016956361 0.21725871 0.075808569)
(-0.015124695 0.20020515 0.074573731)
(-0.013221084 0.18268482 0.072167548)
(-0.011355594 0.16517359 0.068801522)
(-0.0095883209 0.14804584 0.064682454)
(-0.0079495245 0.1315725 0.060006822)
(-0.006466138 0.11593192 0.054952427)
(-0.0051526262 0.10122672 0.049671774)
(-0.004013279 0.087501806 0.044290896)
(-0.0030448939 0.07476074 0.038910539)
(-0.0022389773 0.062979165 0.033608645)
(-0.0015835327 0.052115135 0.028443469)
(-0.0010644901 0.042116652 0.023456862)
(-0.00066681702 0.032926918 0.018677381)
(-0.00037551414 0.024487864 0.014123078)
(-0.00017673899 0.016742404 0.0098038721)
(-5.8226627e-05 0.0096357928 0.0057235099)
(-4.3435502e-06 0.0031163903 0.0018811481)
(0.021109112 0.51251449 -0.051215848)
(-0.022901487 0.31261794 -0.065187271)
(-0.013542161 0.24134531 -0.064985415)
(-0.026022146 0.2336892 -0.053850318)
(-0.030010585 0.24212537 -0.042347125)
(-0.033337261 0.25207827 -0.030587411)
(-0.035752952 0.26035117 -0.018994721)
(-0.037503955 0.26643397 -0.0076909853)
(-0.038687207 0.27055049 0.0033289008)
(-0.039349863 0.27290164 0.014046689)
(-0.039489573 0.27352634 0.024355066)
(-0.039099206 0.27230022 0.034052457)
(-0.038180813 0.2690109 0.042884246)
(-0.036752111 0.26347172 0.050597829)
(-0.034857336 0.25556397 0.0569768)
(-0.032563987 0.24534056 0.061865442)
(-0.029958105 0.23303654 0.065193883)
(-0.027134519 0.2190359 0.066980472)
(-0.024207309 0.20381174 0.067318905)
(-0.021263407 0.187859 0.066364681)
(-0.018397213 0.17163858 0.06430556)
(-0.01567778 0.1555412 0.061352794)
(-0.013159812 0.13987147 0.057719632)
(-0.010876853 0.12484744 0.053599682)
(-0.0088461257 0.11061055 0.04916256)
(-0.0070718837 0.09723995 0.044551694)
(-0.0055479414 0.084767459 0.039883388)
(-0.0042606739 0.073190993 0.035248343)
(-0.0031917133 0.062485602 0.030714596)
(-0.0023200991 0.052611954 0.02633104)
(-0.0016238911 0.043522534 0.022130975)
(-0.0010813011 0.035165996 0.018135384)
(-0.00067145354 0.027490078 0.014355776)
(-0.00037503177 0.020443479 0.010796559)
(-0.00017506336 0.013977005 0.0074569523)
(-5.7096745e-05 0.0080441993 0.0043325052)
(-4.1078915e-06 0.0026016473 0.0014162529)
(0.018478324 0.49921156 -0.0444161)
(-0.030055859 0.29228897 -0.056218207)
(-0.026882136 0.22746919 -0.05536735)
(-0.040880746 0.22269826 -0.046164804)
(-0.047258088 0.23058557 -0.036193289)
(-0.051778267 0.2391582 -0.025796491)
(-0.05451377 0.2461991 -0.015353921)
(-0.055931932 0.25116168 -0.0050726734)
(-0.056271552 0.2539228 0.004935842)
(-0.055690356 0.25448756 0.014551165)
(-0.054298967 0.25287125 0.023605589)
(-0.052190484 0.24904489 0.031873585)
(-0.049454147 0.24300829 0.039129389)
(-0.046195213 0.23483683 0.045177295)
(-0.042532735 0.2247026 0.049869763)
(-0.038599123 0.212889 0.053140449)
(-0.034530532 0.19976623 0.055006927)
(-0.030456742 0.18574878 0.055561127)
(-0.026493372 0.17124964 0.054950169)
(-0.022733745 0.15664272 0.053356218)
(-0.019247778 0.14223932 0.050975981)
(-0.01608082 0.12827895 0.048003631)
(-0.013255695 0.11493111 0.044617674)
(-0.010776791 0.10230396 0.040972665)
(-0.0086346166 0.090456036 0.037196569)
(-0.0068099265 0.079408209 0.033391137)
(-0.0052773002 0.069154429 0.029634038)
(-0.0040080371 0.059670479 0.025982038)
(-0.0029723574 0.050920726 0.022474537)
(-0.0021409671 0.042863071 0.019137043)
(-0.0014860862 0.035452429 0.015984296)
(-0.00098204365 0.028643078 0.013022938)
(-0.00060557171 0.022390177 0.010253698)
(-0.00033603926 0.016650701 0.0076731265)
(-0.00015587147 0.011383965 0.0052749408)
(-5.0451172e-05 0.0065518754 0.0030510432)
(-3.5535507e-06 0.0021190147 0.00099227376)
(0.016657541 0.48976516 -0.033517739)
(-0.03628932 0.27739602 -0.043455133)
(-0.038359494 0.21548929 -0.04220442)
(-0.054443802 0.20955098 -0.035609343)
(-0.062920933 0.21345005 -0.028093386)
(-0.068505497 0.21778265 -0.019998646)
(-0.071353298 0.2212035 -0.011676062)
(-0.072123233 0.22314792 -0.0033696996)
(-0.071228092 0.22329652 0.0047372888)
(-0.069001575 0.22150708 0.012433911)
(-0.065709955 0.2177557 0.019534454)
(-0.061595448 0.21207632 0.025843378)
(-0.056877739 0.20458716 0.031174396)
(-0.051763631 0.1954943 0.035395786)
(-0.046448588 0.18507598 0.038446286)
(-0.041111668 0.17365893 0.040333713)
(-0.035908081 0.16158717 0.041129276)
(-0.030963274 0.14919108 0.040954451)
(-0.026369991 0.13676325 0.039961684)
(-0.02218864 0.12454421 0.038316103)
(-0.01845033 0.11271772 0.036180236)
(-0.015161725 0.10141343 0.033702958)
(-0.012310631 0.090714062 0.031012322)
(-0.0098715871 0.0806644 0.028214927)
(-0.0078108507 0.071280401 0.025394835)
(-0.0060904148 0.062557236 0.022615492)
(-0.0046709997 0.054475914 0.019922625)
(-0.0035141696 0.047008392 0.017347373)
(-0.0025836991 0.040121338 0.01490931)
(-0.001846367 0.033778813 0.012619128)
(-0.0012723257 0.027944094 0.010480927)
(-0.00083516548 0.022580889 0.0084940571)
(-0.00051179238 0.017654099 0.0066545828)
(-0.0002823224 0.013130279 0.0049563984)
(-0.0001301745 0.0089778883 0.0033920672)
(-4.1833906e-05 0.0051673932 0.0019534433)
(-2.8576789e-06 0.001671291 0.00063210976)
(0.016989288 0.48413588 -0.019906263)
(-0.040694184 0.26777953 -0.026851106)
(-0.047027249 0.20596099 -0.026127481)
(-0.064922385 0.19690444 -0.022608494)
(-0.074981901 0.19506666 -0.018397056)
(-0.081294562 0.19336354 -0.013589503)
(-0.084039996 0.19131143 -0.0084240466)
(-0.084022686 0.18860033 -0.0031149775)
(-0.081826925 0.18500623 0.0021514599)
(-0.077967801 0.18036892 0.0071891214)
(-0.072878496 0.17465006 0.01181005)
(-0.066958501 0.16786845 0.015856036)
(-0.060550109 0.16012042 0.019203353)
(-0.053949155 0.15156486 0.02177542)
(-0.047405619 0.1423995 0.023550023)
(-0.041112938 0.1328366 0.024556099)
(-0.035216089 0.1230857 0.024865344)
(-0.029812595 0.1133361 0.024576505)
(-0.024956418 0.10374614 0.023801424)
(-0.0206659 0.094439542 0.022653278)
(-0.016932381 0.085506369 0.021237821)
(-0.013725967 0.077006442 0.019648512)
(-0.011005448 0.068975674 0.017962627)
(-0.0087236962 0.061431078 0.016241439)
(-0.006829631 0.05437491 0.014532169)
(-0.0052734553 0.047799306 0.012868916)
(-0.0040081027 0.041689453 0.011275531)
(-0.0029904133 0.036025981 0.0097673157)
(-0.0021817195 0.030786712 0.0083529498)
(-0.0015479779 0.025947933 0.0070361696)
(-0.0010596194 0.021485282 0.0058171449)
(-0.00069122266 0.01737439 0.0046935648)
(-0.00042110721 0.013591314 0.0036614721)
(-0.00023099774 0.010112848 0.0027158903)
(-0.00010591241 0.0069167279 0.0018512847)
(-3.3798046e-05 0.003981765 0.0010619052)
(-2.2780825e-06 0.001287928 0.00034201576)
(0.017672159 0.48136206 -0.0051563987)
(-0.04330454 0.26322138 -0.0073510362)
(-0.051744887 0.20105791 -0.0080311143)
(-0.070694808 0.190023 -0.0080702325)
(-0.081568854 0.18417256 -0.0077710468)
(-0.088196613 0.17798412 -0.0070029051)
(-0.090776272 0.17152938 -0.0057979429)
(-0.090193367 0.16481402 -0.0042530888)
(-0.087106433 0.15784543 -0.0024922066)
(-0.08217383 0.15063097 -0.00063070185)
(-0.075957443 0.14318144 0.0012062384)
(-0.068940956 0.13552446 0.0029126195)
(-0.061544423 0.12770857 0.0044046539)
(-0.05411296 0.11978798 0.0056244653)
(-0.04692017 0.11183972 0.0065428208)
(-0.040162955 0.10393989 0.0071587814)
(-0.033970633 0.096157656 0.0074940573)
(-0.028413979 0.088554279 0.0075837429)
(-0.023516646 0.081180764 0.0074699749)
(-0.019267079 0.074077202 0.0071966147)
(-0.015629461 0.067273331 0.0068053301)
(-0.012552911 0.060789765 0.0063332441)
(-0.0099788823 0.054639443 0.0058124332)
(-0.0078469443 0.048828969 0.0052677235)
(-0.0060974055 0.043359626 0.0047184126)
(-0.0046750574 0.038228755 0.004178413)
(-0.0035300699 0.033430406 0.0036578089)
(-0.0026175799 0.028955697 0.0031634204)
(-0.00189866 0.024793573 0.0026993648)
(-0.0013397834 0.020931283 0.002267721)
(-0.00091236541 0.017354811 0.0018690795)
(-0.00059223888 0.01404927 0.0015029799)
(-0.00035910466 0.010999249 0.0011682487)
(-0.00019608261 0.0081891206 0.00086325598)
(-8.9474374e-05 0.0056033019 0.0005861064)
(-2.8379966e-05 0.0032264711 0.00033478734)
(-1.8827781e-06 0.0010437411 0.00010726702)
(0.017641557 0.48140265 0.010242433)
(-0.043320617 0.26404988 0.013195965)
(-0.051892318 0.2032401 0.010789974)
(-0.070857113 0.19336648 0.0070132649)
(-0.081753384 0.18837413 0.0031677908)
(-0.088385523 0.1826746 -0.00038404017)
(-0.090953315 0.17628701 -0.0034573924)
(-0.090359339 0.16927517 -0.0059833981)
(-0.087256409 0.16172605 -0.0079881439)
(-0.082272605 0.15374538 -0.0095060897)
(-0.075972035 0.14544653 -0.010565064)
(-0.068858134 0.13694416 -0.011213535)
(-0.06136553 0.12835295 -0.011503011)
(-0.053846932 0.11979362 -0.011486459)
(-0.046583656 0.11134029 -0.011216647)
(-0.039778094 0.10306503 -0.010753358)
(-0.033560393 0.09502622 -0.010151114)
(-0.027999263 0.087267901 -0.0094576963)
(-0.023114697 0.079821393 -0.008713169)
(-0.018890782 0.07270752 -0.0079494693)
(-0.015287382 0.065938883 -0.0071907748)
(-0.012249807 0.059521847 -0.0064544882)
(-0.0097164391 0.053458112 -0.0057530284)
(-0.0076245225 0.047745793 -0.0050931285)
(-0.0059127586 0.042380005 -0.0044781776)
(-0.0045249063 0.037353762 -0.0039088729)
(-0.0034105648 0.032658189 -0.0033846648)
(-0.0025246661 0.028282524 -0.0029039279)
(-0.0018283134 0.024214571 -0.0024643302)
(-0.0012881707 0.020440957 -0.0020631592)
(-0.00087594349 0.0169474 -0.0016975489)
(-0.00056780864 0.013718984 -0.0013646291)
(-0.00034383361 0.01074042 -0.0010616195)
(-0.00018749946 0.0079963012 -0.00078588623)
(-8.5447543e-05 0.0054713191 -0.00053497219)
(-2.705129e-05 0.0031504582 -0.00030660657)
(-1.7885673e-06 0.0010191497 -9.8705286e-05)
(0.016686874 0.48409519 0.025061657)
(-0.040849039 0.27003039 0.032796979)
(-0.047565679 0.21182733 0.028984899)
(-0.065521256 0.20633051 0.021640729)
(-0.075679423 0.20678351 0.013876376)
(-0.082082653 0.20612835 0.006289306)
(-0.084884381 0.20394167 -0.00076927544)
(-0.084890974 0.20015167 -0.0071444956)
(-0.082651767 0.19484934 -0.012746896)
(-0.078659868 0.18815628 -0.017537871)
(-0.073365127 0.18024999 -0.021473138)
(-0.067183002 0.17134074 -0.024524662)
(-0.060489583 0.16166179 -0.026690759)
(-0.053614769 0.15145891 -0.02800114)
(-0.046835863 0.14096835 -0.028523297)
(-0.040360308 0.13040629 -0.028354701)
(-0.0343425 0.11996085 -0.027613753)
(-0.02887773 0.10978177 -0.026425016)
(-0.02401252 0.099980173 -0.024908945)
(-0.019754633 0.090631979 -0.023174231)
(-0.016083926 0.081783432 -0.021313376)
(-0.012959761 0.073456969 -0.019401554)
(-0.010331766 0.065658255 -0.017496053)
(-0.0081455242 0.058380903 -0.015638516)
(-0.0063446286 0.051609787 -0.013858039)
(-0.0048756223 0.045324565 -0.012172944)
(-0.0036891761 0.039501788 -0.010593868)
(-0.002740948 0.034116351 -0.0091253981)
(-0.0019918803 0.029142474 -0.0077677695)
(-0.001408093 0.02455436 -0.006518227)
(-0.0009605438 0.020326633 -0.0053720701)
(-0.00062455998 0.016434636 -0.0043234245)
(-0.00037932602 0.012854626 -0.0033657995)
(-0.00020746481 0.0095639091 -0.00249248)
(-9.4832443e-05 0.0065409287 -0.0016967958)
(-3.0152827e-05 0.0037653127 -0.00097229764)
(-2.0209236e-06 0.0012178996 -0.00031286466)
(0.016427228 0.48951484 0.038875339)
(-0.036666437 0.28053335 0.04969171)
(-0.039487774 0.22374562 0.045314279)
(-0.05579539 0.22353331 0.03489124)
(-0.064577546 0.23046226 0.023789971)
(-0.070446107 0.23583221 0.01288593)
(-0.073550609 0.23866724 0.0026222413)
(-0.07448814 0.23885637 -0.006850874)
(-0.073613288 0.23658961 -0.015443283)
(-0.071268539 0.2320393 -0.023099979)
(-0.067725536 0.22539781 -0.029727222)
(-0.063244614 0.21688779 -0.035212472)
(-0.058085078 0.2067772 -0.039465758)
(-0.052502583 0.19538194 -0.042447665)
(-0.046738439 0.18305147 -0.044188406)
(-0.041007167 0.17014284 -0.04477424)
(-0.035486229 0.1569932 -0.044343645)
(-0.030310098 0.14389712 -0.043067355)
(-0.0255696 0.13109322 -0.041128096)
(-0.021315588 0.11876037 -0.038703689)
(-0.01756546 0.10702126 -0.035955097)
(-0.014310893 0.095950444 -0.033019526)
(-0.011525468 0.085584214 -0.030007311)
(-0.0091713903 0.075930281 -0.027004559)
(-0.0072049342 0.06697625 -0.024074518)
(-0.0055804964 0.058696464 -0.021261086)
(-0.0042533737 0.051057186 -0.018592595)
(-0.0031815402 0.044020348 -0.016085325)
(-0.0023266384 0.037546143 -0.013746555)
(-0.001654418 0.031594732 -0.011577074)
(-0.0011348007 0.026127336 -0.0095731813)
(-0.00074169622 0.021106882 -0.0077282097)
(-0.000452688 0.016498358 -0.0060336733)
(-0.00024876504 0.012268975 -0.0044800982)
(-0.00011427061 0.0083882034 -0.0030576141)
(-3.6551138e-05 0.0048277355 -0.001756361)
(-2.4632049e-06 0.0015614011 -0.00056675556)
(0.018499199 0.49840966 0.049991738)
(-0.03074895 0.29531259 0.063002782)
(-0.028756974 0.23738992 0.059037713)
(-0.043325001 0.23970566 0.046026088)
(-0.050372985 0.25108111 0.032414292)
(-0.055479257 0.26054799 0.019160626)
(-0.058715589 0.26669226 0.0066986897)
(-0.060496659 0.26965251 -0.0048795857)
(-0.061019642 0.26981071 -0.015613558)
(-0.06043933 0.26745427 -0.025476373)
(-0.058859697 0.26273718 -0.034367942)
(-0.056386408 0.25577098 -0.042128079)
(-0.053142653 0.24668204 -0.048570735)
(-0.049279311 0.23567052 -0.053550341)
(-0.044970409 0.22303243 -0.05699411)
(-0.040400155 0.20914374 -0.058916735)
(-0.035747174 0.19442238 -0.059416657)
(-0.031170803 0.17928368 -0.058658419)
(-0.026801281 0.16410271 -0.056848137)
(-0.022735062 0.14919028 -0.054208463)
(-0.019034865 0.13478352 -0.05095755)
(-0.015733186 0.12104788 -0.047294134)
(-0.012837682 0.10808627 -0.043388784)
(-0.010337423 0.095951278 -0.039380566)
(-0.0082088034 0.084657659 -0.035377646)
(-0.0064205097 0.074193407 -0.0314603)
(-0.0049374009 0.06452881 -0.027685079)
(-0.0037233569 0.055623357 -0.024089264)
(-0.002743224 0.04743074 -0.020695085)
(-0.0019640393 0.039902319 -0.017513415)
(-0.0013557085 0.03298943 -0.01454685)
(-0.0008912809 0.026644828 -0.011792168)
(-0.00054696799 0.02082354 -0.0092422333)
(-0.00030214022 0.015483314 -0.0068874286)
(-0.00013950778 0.010584807 -0.0047167102)
(-4.4909162e-05 0.0060915976 -0.0027183647)
(-3.0886687e-06 0.0019701067 -0.00088053092)
(0.020938774 0.51059963 0.057253263)
(-0.023798595 0.31392009 0.072891133)
(-0.016441347 0.25156786 0.069801538)
(-0.029836888 0.25235532 0.054690596)
(-0.03491419 0.26498156 0.039483848)
(-0.039135119 0.27599833 0.024802168)
(-0.042281332 0.28343931 0.011092139)
(-0.04458506 0.28771537 -0.0016698539)
(-0.046142526 0.289482 -0.013664981)
(-0.04698072 0.28916426 -0.024960247)
(-0.047092124 0.28684371 -0.035493497)
(-0.04646511 0.28246367 -0.045097157)
(-0.045113626 0.27589452 -0.053533463)
(-0.043084103 0.26705125 -0.060556419)
(-0.040461074 0.25598953 -0.065974689)
(-0.037363137 0.24293722 -0.069686235)
(-0.03393163 0.22826909 -0.071691438)
(-0.030315888 0.21244986 -0.072087411)
(-0.026658566 0.19596824 -0.07104798)
(-0.02308418 0.17928038 -0.068796239)
(-0.01969222 0.16277268 -0.065576622)
(-0.016554589 0.14674519 -0.061632746)
(-0.013716003 0.13141123 -0.057189573)
(-0.011197776 0.11690714 -0.052441849)
(-0.0090027986 0.10330678 -0.04755019)
(-0.0071204188 0.090636777 -0.042641416)
(-0.0055308413 0.078890168 -0.037811393)
(-0.0042087885 0.068037633 -0.033129269)
(-0.0031263404 0.058036032 -0.028642194)
(-0.0022550002 0.048834622 -0.02437988)
(-0.0015670966 0.040379373 -0.02035868)
(-0.0010366446 0.032615827 -0.016585032)
(-0.00063982255 0.025490909 -0.013058241)
(-0.00035533821 0.018953996 -0.0097726636)
(-0.00016495493 0.012957493 -0.0067193802)
(-5.3442346e-05 0.0074570715 -0.0038874378)
(-3.7783694e-06 0.0024117119 -0.0012647507)
(0.023429575 0.52446334 0.060068362)
(-0.017427557 0.33525325 0.079595607)
(-0.0045479988 0.26614533 0.077502093)
(-0.016777519 0.26168644 0.060824159)
(-0.019497793 0.27244553 0.044902723)
(-0.022794295 0.2829218 0.029520556)
(-0.025624855 0.29023634 0.015290746)
(-0.02810117 0.29479001 0.0020719375)
(-0.030217392 0.29738102 -0.010439284)
(-0.03192316 0.29865846 -0.022427461)
(-0.033193689 0.29877923 -0.033914245)
(-0.033961457 0.29747239 -0.044755218)
(-0.034162496 0.29428569 -0.054694195)
(-0.033769921 0.28889366 -0.063449644)
(-0.032790744 0.28098716 -0.070738407)
(-0.031266825 0.27048604 -0.076347059)
(-0.029273967 0.25755778 -0.080156618)
(-0.026915092 0.24258256 -0.082154875)
(-0.024307726 0.22607869 -0.082431031)
(-0.021570543 0.20861546 -0.081156002)
(-0.018819092 0.19073724 -0.078549712)
(-0.016144744 0.17291283 -0.074864221)
(-0.013624063 0.15551135 -0.070358313)
(-0.011307996 0.13879893 -0.065269485)
(-0.0092271008 0.12294937 -0.059806414)
(-0.0073953387 0.10806109 -0.05414508)
(-0.0058131472 0.094175192 -0.048427441)
(-0.004471089 0.081291866 -0.042763369)
(-0.0033531807 0.069383878 -0.037234454)
(-0.002439581 0.058406864 -0.031898548)
(-0.0017086249 0.048306838 -0.026794327)
(-0.0011382704 0.039025395 -0.021945461)
(-0.00070708119 0.030503176 -0.017364209)
(-0.00039503555 0.022682059 -0.013054387)
(-0.00018443918 0.01550647 -0.0090137375)
(-6.0167634e-05 0.0089240893 -0.0052357703)
(-4.3325506e-06 0.0028861661 -0.0017111601)
(0.025828275 0.53827912 0.059162182)
(-0.011868516 0.35749537 0.084048964)
(0.0054806753 0.28156741 0.080411262)
(-0.0043210043 0.26940373 0.064937496)
(-0.0046634913 0.27573215 0.048550285)
(-0.007089444 0.28407635 0.033080621)
(-0.0093931439 0.29039013 0.018894927)
(-0.01169363 0.29465846 0.0057409534)
(-0.013942286 0.29767049 -0.0067561578)
(-0.016065099 0.30004453 -0.018879072)
(-0.017988643 0.30198308 -0.030711151)
(-0.019612288 0.30326458 -0.042151373)
(-0.020878587 0.30351109 -0.05297893)
(-0.021738899 0.30197 -0.062897263)
(-0.022136405 0.29803851 -0.071599724)
(-0.022059282 0.29127236 -0.078813315)
(-0.021516447 0.28149474 -0.084327984)
(-0.0205477 0.26883352 -0.088023463)
(-0.019220431 0.25368439 -0.089880869)
(-0.017597189 0.23662357 -0.089987495)
(-0.015848606 0.21830336 -0.088490801)
(-0.013956137 0.19935702 -0.085594761)
(-0.012054867 0.18033553 -0.081550673)
(-0.010221413 0.16167627 -0.076607945)
(-0.0085004199 0.14369789 -0.071005329)
(-0.0069292827 0.12661156 -0.06495916)
(-0.005529827 0.11054005 -0.058654629)
(-0.0043110826 0.095538709 -0.052244044)
(-0.0032725312 0.081614631 -0.04584821)
(-0.0024068605 0.068742409 -0.039559605)
(-0.0017022263 0.056876259 -0.033446418)
(-0.0011440537 0.045958807 -0.027556764)
(-0.00071642372 0.0359272 -0.021922674)
(-0.00040327621 0.026717169 -0.016563612)
(-0.00018970165 0.018265604 -0.011489449)
(-6.244884e-05 0.01051209 -0.006702881)
(-4.6442463e-06 0.0033997469 -0.0022013558)
(0.028081632 0.55197972 0.055533205)
(-0.0063564276 0.38207655 0.084558966)
(0.014437094 0.29976209 0.079526934)
(0.0083301493 0.27790231 0.06659944)
(0.0090954897 0.27780747 0.050390033)
(0.0080760361 0.28272686 0.035345197)
(0.0065296155 0.28742076 0.021628842)
(0.0046552418 0.29110886 0.008912944)
(0.0025935231 0.29423308 -0.0032261648)
(0.0004483258 0.29730154 -0.015097064)
(-0.00169321 0.30055036 -0.026819074)
(-0.0037558644 0.3038481 -0.038325357)
(-0.0056727053 0.30673735 -0.049430259)
(-0.0073829704 0.30852709 -0.059857)
(-0.0088315461 0.30842896 -0.069316874)
(-0.0099687869 0.30570367 -0.077533268)
(-0.01075419 0.29980771 -0.084269665)
(-0.011167557 0.29050373 -0.089346699)
(-0.011248825 0.27790283 -0.09265646)
(-0.010936303 0.26242618 -0.094151648)
(-0.010308522 0.2447086 -0.093972001)
(-0.0094989135 0.22547766 -0.092241559)
(-0.0085503626 0.20544773 -0.089098058)
(-0.0075110985 0.18524525 -0.084771864)
(-0.0064391813 0.16536972 -0.079506932)
(-0.0053920771 0.14618598 -0.073534739)
(-0.0044061254 0.12793659 -0.067065913)
(-0.0035071472 0.1107637 -0.060284974)
(-0.0027113288 0.094732927 -0.053347597)
(-0.0020264688 0.079855224 -0.046380716)
(-0.0014537439 0.066104788 -0.039484598)
(-0.00098947539 0.053432806 -0.032736)
(-0.00062665698 0.041777417 -0.026191707)
(-0.00035636786 0.031070608 -0.019892046)
(-0.00016926298 0.021242785 -0.013864086)
(-5.6345797e-05 0.012225654 -0.0081244178)
(-4.3109152e-06 0.003953939 -0.0026814947)
(0.029686225 0.56557375 0.049774647)
(-0.0015116199 0.40925376 0.080597799)
(0.022327168 0.32259651 0.076626433)
(0.0207549 0.29037986 0.065291205)
(0.022657383 0.28242303 0.050285569)
(0.023281794 0.28276295 0.036122701)
(0.022819667 0.28518716 0.023212773)
(0.021690162 0.28805145 0.011210487)
(0.020127376 0.29116183 -0.00030501955)
(0.018268651 0.29471794 -0.011637146)
(0.01620468 0.29883908 -0.022899621)
(0.014004127 0.3034105 -0.034038087)
(0.011725941 0.30804499 -0.044876269)
(0.0094280263 0.31214203 -0.055174329)
(0.0071723739 0.31494641 -0.064679981)
(0.0050234528 0.31563302 -0.073158026)
(0.003043083 0.31342776 -0.080403638)
(0.0012890637 0.30775074 -0.086248906)
(-0.00013834005 0.29833972 -0.09056864)
(-0.0012901464 0.28530747 -0.093281297)
(-0.0021579586 0.26910999 -0.094306284)
(-0.0027187744 0.25044273 -0.093684943)
(-0.0029497587 0.23010678 -0.091594201)
(-0.0029894787 0.20888703 -0.08819671)
(-0.0028496194 0.18746836 -0.083680516)
(-0.0025968753 0.16639479 -0.078242669)
(-0.0022709311 0.14606204 -0.072089284)
(-0.001910731 0.12673165 -0.06541353)
(-0.0015470412 0.10855535 -0.058389521)
(-0.0012023077 0.091601594 -0.051168301)
(-0.00089177233 0.075879723 -0.043876621)
(-0.0006247419 0.061359637 -0.036617747)
(-0.00040580637 0.047986836 -0.029473509)
(-0.00023608621 0.035693248 -0.022506938)
(-0.00011460567 0.02440467 -0.015765063)
(-3.9141115e-05 0.014045655 -0.0092815717)
(-3.2465506e-06 0.0045425649 -0.0030792519)
(0.030261663 0.57869608 0.042514975)
(0.0016290198 0.43861838 0.07255103)
(0.029137259 0.35161214 0.070790664)
(0.032747433 0.31065943 0.060981939)
(0.036854542 0.29453439 0.047772276)
(0.039624103 0.28947448 0.034941617)
(0.04079662 0.28910481 0.023150693)
(0.04084139 0.29075641 0.012129968)
(0.04010129 0.29352698 0.0015140817)
(0.038777788 0.29721552 -0.008964414)
(0.036970412 0.3017409 -0.019384281)
(0.034736407 0.30684428 -0.029682089)
(0.032142514 0.31215548 -0.039697511)
(0.029266862 0.31721427 -0.04922368)
(0.026195138 0.32143778 -0.058053187)
(0.023019494 0.32412244 -0.066004121)
(0.019835696 0.32448394 -0.072925094)
(0.016740098 0.3217611 -0.078687976)
(0.013820769 0.31536964 -0.083182207)
(0.011118721 0.30504786 -0.086329463)
(0.0087622053 0.29092825 -0.088108606)
(0.0067362707 0.27350762 -0.088512188)
(0.0050415165 0.2535354 -0.087540017)
(0.0036551587 0.23186897 -0.08526227)
(0.0025672823 0.20934269 -0.081789699)
(0.0017570045 0.18667912 -0.077286051)
(0.0011493991 0.16444614 -0.071924339)
(0.00071588425 0.14305115 -0.065880358)
(0.00041886941 0.12275828 -0.059323479)
(0.0002245137 0.10371575 -0.052409684)
(0.00010475776 0.085984989 -0.045277441)
(3.7106956e-05 0.069566568 -0.038045915)
(3.9902929e-06 0.054421182 -0.030814896)
(-7.9297752e-06 0.040485449 -0.023665871)
(-8.486826e-06 0.027683152 -0.016663724)
(-4.7171505e-06 0.015932875 -0.0098586834)
(-8.2117485e-07 0.0051529378 -0.0032883865)
(0.030495248 0.59185569 0.03440638)
(0.0041226253 0.47143803 0.060824464)
(0.036140026 0.38949096 0.060614574)
(0.04567113 0.34409398 0.052867893)
(0.05330785 0.3215239 0.041959439)
(0.059042031 0.31120992 0.030978422)
(0.062525093 0.30726346 0.020736706)
(0.064226141 0.30678115 0.01111679)
(0.064550091 0.30832434 0.0018459197)
(0.063802775 0.31120442 -0.0072841359)
(0.06214052 0.31495899 -0.016297132)
(0.059660386 0.31922531 -0.025123704)
(0.056475119 0.32367341 -0.033632746)
(0.052719242 0.32797082 -0.041666867)
(0.048536771 0.33174075 -0.049076818)
(0.044072092 0.33450479 -0.055742908)
(0.039464196 0.33563744 -0.0615789)
(0.034843076 0.3343857 -0.066522543)
(0.030326016 0.32998526 -0.07052109)
(0.026013491 0.32184514 -0.073520765)
(0.021987083 0.30971826 -0.075463622)
(0.01830627 0.29377867 -0.076300272)
(0.01501047 0.27458237 -0.076017059)
(0.01212744 0.25293778 -0.074638274)
(0.0096280591 0.22974609 -0.072224044)
(0.0075191778 0.20586577 -0.068853739)
(0.0057638258 0.18202475 -0.064638418)
(0.0043264447 0.15878241 -0.059707576)
(0.0031692411 0.13652937 -0.054197471)
(0.0022541186 0.11550921 -0.048242753)
(0.0015447363 0.095849179 -0.041970425)
(0.0010077684 0.0775912 -0.035495895)
(0.00061347197 0.060718759 -0.028920823)
(0.00033598036 0.045178173 -0.022332369)
(0.00015363184 0.03089429 -0.015803405)
(4.8757055e-05 0.017781458 -0.0093933158)
(3.1451533e-06 0.0057508271 -0.003149228)
(0.031565606 0.60626277 0.025125144)
(0.0088384599 0.51148859 0.045293309)
(0.045787586 0.44207778 0.045273078)
(0.062371076 0.39828045 0.039848846)
(0.074657431 0.37238029 0.031809013)
(0.083948189 0.35745507 0.023381859)
(0.090030227 0.34901296 0.015403176)
(0.093367233 0.34446229 0.0078931395)
(0.09443752 0.34230551 0.00068374673)
(0.093763875 0.34179545 -0.0062605954)
(0.091637418 0.34229275 -0.012991708)
(0.088258663 0.34338804 -0.019488274)
(0.083842988 0.34478534 -0.025669134)
(0.078620371 0.34624903 -0.031435374)
(0.072816208 0.34755446 -0.036698938)
(0.066639856 0.34841373 -0.041396068)
(0.060278022 0.34838537 -0.045489756)
(0.053893106 0.34681943 -0.048963154)
(0.047618326 0.34290032 -0.051797383)
(0.04156828 0.33581751 -0.053976016)
(0.0358362 0.32498945 -0.05547825)
(0.030495569 0.31023673 -0.05626985)
(0.025600745 0.29183595 -0.056319412)
(0.021185895 0.27044103 -0.055609409)
(0.017265587 0.24692527 -0.054146607)
(0.013837347 0.22221276 -0.051963538)
(0.010885247 0.19714736 -0.049115547)
(0.008383002 0.17241756 -0.045677153)
(0.0062970515 0.14853175 -0.041735588)
(0.0045894137 0.12582812 -0.037384169)
(0.0032201063 0.10450263 -0.032716581)
(0.0021490028 0.08464249 -0.027822502)
(0.0013371859 0.066257784 -0.022784582)
(0.00074822483 0.049307701 -0.01767664)
(0.00034982404 0.033720643 -0.012562787)
(0.00011421747 0.019408634 -0.0074972382)
(8.1914307e-06 0.0062771187 -0.002524666)
(0.03349386 0.61993202 0.013171035)
(0.016577479 0.55354241 0.023928214)
(0.058156188 0.50147478 0.02356226)
(0.081641149 0.46398627 0.020621514)
(0.098377478 0.43758375 0.016248573)
(0.11061443 0.41877691 0.011550583)
(0.11851266 0.4050566 0.0070765138)
(0.12262522 0.39480658 0.0029147187)
(0.12376945 0.38699422 -0.00098290727)
(0.12254393 0.38096227 -0.0046477603)
(0.11928601 0.37622053 -0.0081148287)
(0.11441173 0.37244022 -0.011391613)
(0.10830563 0.36937931 -0.014457709)
(0.10130224 0.36685034 -0.01727756)
(0.093695366 0.36468961 -0.0198209)
(0.085742054 0.3626869 -0.02206604)
(0.077660526 0.36049422 -0.024004171)
(0.069629835 0.35753535 -0.025636909)
(0.061792644 0.35299262 -0.026966368)
(0.054261046 0.34593874 -0.027995113)
(0.047122113 0.33556615 -0.028715338)
(0.040442981 0.32141999 -0.029111003)
(0.034274399 0.30352392 -0.029162473)
(0.028651888 0.2823565 -0.028852926)
(0.02359602 0.25871226 -0.028174243)
(0.019112894 0.23352004 -0.027130638)
(0.015195271 0.20768259 -0.025739619)
(0.011824319 0.18197104 -0.024030611)
(0.0089717352 0.15697734 -0.022042137)
(0.0066020631 0.13311103 -0.01981847)
(0.0046749675 0.11062217 -0.017406406)
(0.0031472691 0.089634974 -0.014852558)
(0.0019747055 0.070182035 -0.012201289)
(0.001113906 0.052234152 -0.0094933128)
(0.00052513337 0.035723706 -0.0067648361)
(0.00017328428 0.020561801 -0.0040471478)
(1.2919047e-05 0.0066500917 -0.0013665649)
(0.03450092 0.62553722 -0.0016700414)
(0.020662077 0.571572 -0.0034096002)
(0.064074669 0.52735586 -0.0040234133)
(0.09025254 0.49303371 -0.0042814756)
(0.10862727 0.46662354 -0.0042491152)
(0.12179215 0.44606881 -0.004038245)
(0.13015744 0.42981302 -0.0037217696)
(0.13440492 0.41676767 -0.0033219134)
(0.13532875 0.4061719 -0.002839873)
(0.13359862 0.39747867 -0.002334554)
(0.12974243 0.39028555 -0.0017944256)
(0.12418909 0.38428791 -0.0012350848)
(0.11735189 0.37924735 -0.00067180181)
(0.10960091 0.37497764 -0.00012063353)
(0.1012584 0.37134852 0.00040307835)
(0.092601634 0.36812964 0.00088692427)
(0.083852438 0.36499043 0.0013224686)
(0.07519913 0.36138351 0.0017051297)
(0.066784772 0.35645569 0.0020333608)
(0.058713947 0.34927125 0.0023073467)
(0.051071072 0.33895412 0.0025280668)
(0.04391908 0.32495734 0.002696515)
(0.037305295 0.30721338 0.0028132715)
(0.03126361 0.2861314 0.0028786029)
(0.0258148 0.26246829 0.0028928449)
(0.020966568 0.23714525 0.0028568439)
(0.016714001 0.21107872 0.002772297)
(0.013040635 0.18506445 0.0026419078)
(0.0099200662 0.15972138 0.0024693616)
(0.0073179471 0.13548321 0.002259161)
(0.0051941246 0.11261886 0.002016385)
(0.003504673 0.091265746 0.0017464238)
(0.0022037541 0.071464738 0.0014547298)
(0.0012458089 0.053191058 0.0011466067)
(0.0005886917 0.036378789 0.00082704582)
(0.00019486705 0.020938955 0.00050059264)
(1.4737171e-05 0.0067720782 0.00017128341)
(0.033307889 0.61869596 -0.016268835)
(0.015515879 0.54851856 -0.03012379)
(0.056322332 0.49314947 -0.030877726)
(0.07861151 0.45354342 -0.028376101)
(0.094461138 0.4261202 -0.023950268)
(0.10604626 0.4070769 -0.01892666)
(0.11350376 0.39362092 -0.013976567)
(0.11739738 0.38395063 -0.0092075206)
(0.11844145 0.3769178 -0.0045701694)
(0.11720683 0.37174872 -1.5163703e-05)
(0.11410892 0.36794596 0.0044152823)
(0.10948968 0.36512941 0.0086928576)
(0.10370086 0.36301993 0.012788074)
(0.097048512 0.36139779 0.016631857)
(0.089803509 0.36006963 0.02016062)
(0.082207867 0.35879892 0.023325777)
(0.074470698 0.3572132 0.026099537)
(0.066766049 0.35471781 0.028471936)
(0.059234099 0.35049272 0.030439128)
(0.051986421 0.34362704 0.031999399)
(0.045111713 0.33334794 0.033145887)
(0.038679238 0.31924466 0.033863308)
(0.032741297 0.30138247 0.034133202)
(0.027334289 0.28026994 0.033940578)
(0.022478937 0.25671681 0.033280147)
(0.018180915 0.231654 0.032160382)
(0.014432245 0.20597777 0.030604651)
(0.011213305 0.18044877 0.028649766)
(0.0084951572 0.15564812 0.026342893)
(0.0062420115 0.13197617 0.023737815)
(0.0044135702 0.10967624 0.020891294)
(0.0029670815 0.088868198 0.017859944)
(0.0018590741 0.069582335 0.014697839)
(0.0010472356 0.051788609 0.01145483)
(0.0004929771 0.035419546 0.0081755021)
(0.00016236673 0.020386979 0.0048986159)
(1.2012541e-05 0.0065935894 0.0016570079)
(0.031339553 0.60450595 -0.02775956)
(0.0077397194 0.50501451 -0.050370285)
(0.043726892 0.43187389 -0.051278774)
(0.058816173 0.38604234 -0.046190035)
(0.070024216 0.35935189 -0.0381563)
(0.078449384 0.34435355 -0.029591028)
(0.083862363 0.33622687 -0.021375122)
(0.086746501 0.33221599 -0.013537852)
(0.087641992 0.33076436 -0.0059178646)
(0.086891485 0.33096899 0.0015968292)
(0.084821392 0.33231515 0.0090079303)
(0.081648989 0.33434457 0.016269507)
(0.077549453 0.33671959 0.023274496)
(0.072709098 0.33915943 0.029891717)
(0.067323312 0.34138884 0.036000625)
(0.061581182 0.34306578 0.041508286)
(0.055655147 0.34369858 0.046353302)
(0.049696892 0.34260439 0.050499302)
(0.043837781 0.33896886 0.053922038)
(0.038186599 0.33201417 0.056590708)
(0.032836467 0.32121755 0.058474054)
(0.027861145 0.30646907 0.059541653)
(0.023313629 0.2881023 0.059764858)
(0.019226166 0.26680578 0.05913332)
(0.015611043 0.24346389 0.057663148)
(0.01246384 0.21899371 0.055396534)
(0.0097669088 0.19422203 0.052399301)
(0.0074926288 0.16981719 0.04875661)
(0.0056066532 0.146269 0.044565982)
(0.0040708634 0.123901 0.039930317)
(0.0028457936 0.10289892 0.034951984)
(0.0018924256 0.083343767 0.029728333)
(0.0011734467 0.065242536 0.024348658)
(0.0006543533 0.048553562 0.018892423)
(0.0003048353 0.033205816 0.01342846)
(9.9077848e-05 0.01911271 0.0080148532)
(6.9856453e-06 0.0061814739 0.0026994024)
(0.030295754 0.59012093 -0.036673013)
(0.003364576 0.46564185 -0.064999887)
(0.034507368 0.38103301 -0.06550709)
(0.042790922 0.33470422 -0.058071576)
(0.049602322 0.3121162 -0.047238725)
(0.054617581 0.30207065 -0.036239443)
(0.057499154 0.29842499 -0.025900273)
(0.058741088 0.29821911 -0.016111666)
(0.058774538 0.30002002 -0.0066029931)
(0.057840284 0.30314803 0.0028293325)
(0.056105963 0.30723185 0.012256916)
(0.053679943 0.31192791 0.021597734)
(0.050656415 0.31689512 0.030698293)
(0.047143461 0.32176075 0.03937479)
(0.043262798 0.32608687 0.047448295)
(0.039140767 0.32932666 0.05476841)
(0.034901686 0.33079828 0.061219973)
(0.03066382 0.32972399 0.066715742)
(0.026535989 0.32535689 0.07118387)
(0.022612957 0.31715937 0.07455891)
(0.018970158 0.30495504 0.076778999)
(0.015662712 0.28898368 0.077799967)
(0.012733092 0.26984499 0.077618301)
(0.010183467 0.24836385 0.076276803)
(0.0080011018 0.2254348 0.073837798)
(0.0061812942 0.20189536 0.070394509)
(0.0046851987 0.178447 0.066071688)
(0.0034763042 0.15562361 0.061010201)
(0.002516627 0.13379478 0.055355509)
(0.0017687247 0.11318879 0.049249456)
(0.0011976398 0.093922978 0.042824467)
(0.00077197249 0.07603376 0.036199843)
(0.00046427585 0.059502365 0.02947989)
(0.00025114931 0.04427503 0.022753434)
(0.00011331653 0.030277852 0.016094274)
(3.5330669e-05 0.017427144 0.0095621929)
(2.1128589e-06 0.0056363121 0.0032043575)
(0.03002867 0.57700019 -0.044512104)
(0.0010074886 0.43338292 -0.076009803)
(0.027689497 0.34459422 -0.074812314)
(0.030343205 0.30359786 -0.065383425)
(0.033949249 0.28806085 -0.052319926)
(0.036252797 0.28362159 -0.03953432)
(0.037023126 0.2836549 -0.027705527)
(0.036732287 0.28545651 -0.016593813)
(0.035742499 0.28823842 -0.0058412773)
(0.03424115 0.29195501 0.0048166232)
(0.032320419 0.29649784 0.015488198)
(0.030055889 0.30165418 0.026114786)
(0.027514186 0.30708443 0.036527232)
(0.024762921 0.31229541 0.046501324)
(0.021877251 0.31665068 0.055805165)
(0.018938728 0.31939426 0.064228622)
(0.016032617 0.31971281 0.07159321)
(0.013244227 0.31685318 0.077750036)
(0.010650968 0.31027447 0.082576631)
(0.0082987072 0.29977742 0.085984453)
(0.0062679179 0.28555469 0.087933947)
(0.0045894267 0.26814401 0.088427528)
(0.0031975365 0.2483097 0.087489911)
(0.0020981847 0.22690033 0.085196384)
(0.0012966666 0.20472639 0.081688969)
(0.00072377792 0.18248029 0.077140781)
(0.00032835057 0.16070046 0.071733758)
(7.8467355e-05 0.13976971 0.065650598)
(-6.3376289e-05 0.11993382 0.059065202)
(-0.00012929038 0.10132883 0.052136089)
(-0.00014497063 0.084009033 0.045002692)
(-0.000130462 0.067971696 0.037783991)
(-0.00010080319 0.05317684 0.030578808)
(-6.684477e-05 0.039562059 0.023467173)
(-3.6163524e-05 0.027053048 0.016512256)
(-1.3802107e-05 0.015570736 0.0097625068)
(-1.4851276e-06 0.0050358969 0.0032538342)
(0.029355579 0.56380014 -0.051457417)
(-0.0024015764 0.40421866 -0.083290281)
(0.020960994 0.31630693 -0.080001939)
(0.01857206 0.28451298 -0.069114262)
(0.02019627 0.27735002 -0.054357565)
(0.020543098 0.27835759 -0.040295924)
(0.01986822 0.28124521 -0.027382113)
(0.018561376 0.28431806 -0.015317225)
(0.016851484 0.28746376 -0.0037032791)
(0.014877646 0.29096829 0.0077534107)
(0.012735578 0.29499835 0.019182435)
(0.010503732 0.29946012 0.030536535)
(0.0082461418 0.30397587 0.041635824)
(0.0060216437 0.30792915 0.052228737)
(0.0038900468 0.31054067 0.062043203)
(0.001911804 0.31097344 0.070820246)
(0.0001454634 0.30846748 0.078332725)
(-0.0013572803 0.30248363 0.084395897)
(-0.0025401229 0.29281558 0.08887352)
(-0.003409501 0.27962843 0.09167489)
(-0.003978914 0.2634115 0.092748311)
(-0.0042568052 0.24486846 0.092165684)
(-0.0042404023 0.22478652 0.090098228)
(-0.00404748 0.20392284 0.086716511)
(-0.0037022503 0.18292976 0.082214048)
(-0.0032722732 0.16232033 0.076802378)
(-0.0027957992 0.14246445 0.070692888)
(-0.0023099367 0.12360441 0.064081284)
(-0.0018432106 0.10587898 0.057142013)
(-0.0014155609 0.089349007 0.050024922)
(-0.001039662 0.074020151 0.042854578)
(-0.00072234428 0.059861431 0.035731549)
(-0.00046589402 0.046819226 0.028734772)
(-0.00026936327 0.034827355 0.021924412)
(-0.00013000156 0.023813995 0.015344798)
(-4.4100684e-05 0.013706225 0.0090271792)
(-3.5847438e-06 0.0044328695 0.002992216)
(0.027755134 0.55015874 -0.056806385)
(-0.0074353423 0.3772489 -0.086560165)
(0.01311015 0.29398229 -0.082612711)
(0.00628319 0.27255856 -0.069944574)
(0.0068491118 0.27315595 -0.054162618)
(0.0056916484 0.27869272 -0.039287254)
(0.0040673214 0.28382641 -0.02559991)
(0.0021413076 0.28776138 -0.012840426)
(4.2510437e-05 0.290966 -0.0006221492)
(-0.0021278776 0.29399569 0.011351825)
(-0.0042792486 0.29711095 0.023199228)
(-0.006326692 0.30020111 0.034854984)
(-0.0081955857 0.30281906 0.046128066)
(-0.0098200387 0.30428045 0.056733338)
(-0.011143582 0.3038102 0.066366264)
(-0.012118069 0.30069791 0.074735064)
(-0.012707849 0.29444426 0.081591634)
(-0.012908793 0.28486162 0.086749293)
(-0.012781981 0.27210293 0.090098967)
(-0.012225213 0.25661248 0.091612873)
(-0.011375619 0.2390267 0.091448754)
(-0.01040591 0.22005594 0.089715389)
(-0.009281081 0.20038572 0.086585612)
(-0.0080832492 0.18060966 0.082303036)
(-0.0068853234 0.16119632 0.077110925)
(-0.0057334702 0.14248514 0.071240436)
(-0.0046620714 0.12469997 0.06490057)
(-0.0036949818 0.10797055 0.058273089)
(-0.002845914 0.092355294 0.051510172)
(-0.0021201618 0.077861808 0.044734922)
(-0.0015166378 0.064463634 0.038043754)
(-0.0010297025 0.052113006 0.031509755)
(-0.00065068808 0.040750074 0.025186358)
(-0.00036929636 0.030309295 0.019110913)
(-0.00017507523 0.020723665 0.01330791)
(-5.8154267e-05 0.011927406 0.0077917611)
(-4.4246413e-06 0.0038575603 0.0025691264)
(0.025529334 0.53641147 -0.059963405)
(-0.012884713 0.35289901 -0.085404698)
(0.0042688289 0.27612516 -0.082979873)
(-0.006182663 0.26407598 -0.068001406)
(-0.0068690067 0.27084881 -0.052131461)
(-0.009253329 0.27967727 -0.036916774)
(-0.011531926 0.28640289 -0.022811217)
(-0.013784105 0.29094207 -0.0096416963)
(-0.015969767 0.29406415 0.0029177857)
(-0.018024875 0.29640436 0.015128211)
(-0.019871805 0.29818183 0.02705398)
(-0.021407627 0.29921222 0.038591804)
(-0.022567888 0.29911351 0.049510639)
(-0.023297231 0.29719513 0.059509674)
(-0.023541902 0.2928933 0.068276429)
(-0.023293788 0.28580822 0.07552927)
(-0.022574019 0.27580684 0.081058558)
(-0.021418985 0.26304865 0.084746364)
(-0.019918558 0.24794277 0.086598533)
(-0.01814461 0.23105936 0.086710928)
(-0.016247832 0.21302948 0.085232072)
(-0.014245885 0.19445696 0.082389602)
(-0.012262585 0.17586179 0.078429511)
(-0.010360107 0.15765365 0.073601752)
(-0.0085890175 0.1401291 0.068145536)
(-0.006982401 0.12348327 0.062273565)
(-0.0055585899 0.1078286 0.05616646)
(-0.0043239479 0.09321474 0.049971759)
(-0.0032757601 0.079646498 0.043805641)
(-0.0024048928 0.067098519 0.037756322)
(-0.0016980472 0.055526514 0.031888207)
(-0.0011395311 0.044875395 0.026246158)
(-0.00071259696 0.035084928 0.020859465)
(-0.00040058946 0.026093507 0.015745331)
(-0.00018818249 0.017840549 0.010911794)
(-6.1842388e-05 0.010267946 0.0063600928)
(-4.5691143e-06 0.0033208602 0.0020865519)
(0.02313108 0.52259429 -0.060345741)
(-0.018478028 0.3307722 -0.080517825)
(-0.0061435111 0.26082779 -0.07930376)
(-0.018537136 0.2560765 -0.063707891)
(-0.021541727 0.26691692 -0.048353378)
(-0.024777545 0.27768751 -0.03334196)
(-0.027487584 0.28535521 -0.019268183)
(-0.029809973 0.2901838 -0.0060757009)
(-0.031750428 0.29289368 0.0064604257)
(-0.033290099 0.29417849 0.018502389)
(-0.034399969 0.29414696 0.03004849)
(-0.03499904 0.29259716 0.04094086)
(-0.035030781 0.28914803 0.050917322)
(-0.034470981 0.28350458 0.059692665)
(-0.033327538 0.27540468 0.066985933)
(-0.031648388 0.26480445 0.072588465)
(-0.029515944 0.25189297 0.076390542)
(-0.027034003 0.23705491 0.078392648)
(-0.024335411 0.2207977 0.078694096)
(-0.021527079 0.20366849 0.077476305)
(-0.018726368 0.18618437 0.074962467)
(-0.016022953 0.16878718 0.071403889)
(-0.013488829 0.15182259 0.067054152)
(-0.011171141 0.13553878 0.062147287)
(-0.0090973917 0.12009725 0.056888561)
(-0.0072783962 0.10558901 0.051449412)
(-0.0057120213 0.092051637 0.045967014)
(-0.004386905 0.079484586 0.040546757)
(-0.0032856869 0.067861711 0.035266289)
(-0.002387591 0.057140823 0.030180132)
(-0.0016703674 0.047270637 0.025324227)
(-0.0011116568 0.038195611 0.020720057)
(-0.00068990423 0.029859166 0.016378167)
(-0.00038510333 0.022205751 0.012301059)
(-0.00017964966 0.015182086 0.0084854896)
(-5.8547344e-05 0.0087378474 0.0049242558)
(-4.2056596e-06 0.0028259996 0.0016075477)
(0.02068792 0.50873515 -0.056960002)
(-0.024774747 0.30958317 -0.07335596)
(-0.018224068 0.24635104 -0.071281885)
(-0.031573942 0.24632849 -0.057341711)
(-0.036758055 0.25858823 -0.042918394)
(-0.040845608 0.26965081 -0.028740845)
(-0.043759398 0.27734521 -0.015286179)
(-0.04580821 0.28188364 -0.0026150606)
(-0.047097841 0.28382113 0.0093628797)
(-0.047663863 0.28356324 0.020678552)
(-0.047524636 0.28123559 0.031249605)
(-0.046673909 0.27682044 0.040889123)
(-0.045128994 0.27021598 0.049353322)
(-0.042937723 0.26138259 0.056398367)
(-0.040185748 0.25040513 0.061838788)
(-0.036992485 0.23752479 0.065580899)
(-0.033498514 0.22311496 0.067634223)
(-0.029850258 0.20762738 0.068103694)
(-0.02618686 0.19153058 0.06716693)
(-0.022626901 0.17525817 0.065048045)
(-0.01926462 0.15917534 0.061990241)
(-0.0161666 0.14356474 0.058233497)
(-0.013373083 0.12862699 0.053997831)
(-0.010901917 0.11449036 0.049473065)
(-0.0087533407 0.10122464 0.044815196)
(-0.0069147954 0.088855356 0.040146826)
(-0.005365234 0.077376543 0.035560143)
(-0.0040786702 0.06676116 0.031121232)
(-0.003026891 0.056969026 0.026874774)
(-0.0021814056 0.047952604 0.022848554)
(-0.0015147495 0.03966103 0.019057457)
(-0.001001271 0.032042794 0.015506832)
(-0.00061755373 0.025047464 0.012195203)
(-0.00034273657 0.018626717 0.0091163871)
(-0.00015899252 0.01273492 0.0062611135)
(-5.146743e-05 0.0073293925 0.0036182323)
(-3.61923e-06 0.0023704801 0.0011755868)
(0.018359686 0.49681477 -0.049177909)
(-0.031555925 0.29149558 -0.063003846)
(-0.030120624 0.23247243 -0.060146571)
(-0.044815998 0.23341008 -0.048520782)
(-0.051850233 0.24395322 -0.035929174)
(-0.056730953 0.25317701 -0.023357188)
(-0.059618091 0.25945635 -0.011290333)
(-0.061022741 0.26270935 0.00010638055)
(-0.061181889 0.26315134 0.010796518)
(-0.060254559 0.26106672 0.020683189)
(-0.05838555 0.25660718 0.029636672)
(-0.055686744 0.2499006 0.037478435)
(-0.052282274 0.2410917 0.044014036)
(-0.048319253 0.23039652 0.049096157)
(-0.043965106 0.21811658 0.052653964)
(-0.039395584 0.20462355 0.0547055)
(-0.034779805 0.19032402 0.055352158)
(-0.030267364 0.17561834 0.05475986)
(-0.025979341 0.16086619 0.053134068)
(-0.022004203 0.14636501 0.050695297)
(-0.018398158 0.13234181 0.047658597)
(-0.015188719 0.11895565 0.044219051)
(-0.012380113 0.10630638 0.040543579)
(-0.0099593081 0.094446274 0.036767927)
(-0.007901585 0.083391722 0.032997432)
(-0.0061752402 0.07313361 0.029310064)
(-0.0047452607 0.063645787 0.025760563)
(-0.0035759931 0.05489153 0.022384832)
(-0.0026329522 0.046828239 0.019204083)
(-0.0018839442 0.039410725 0.016228461)
(-0.0012996738 0.032593401 0.013460066)
(-0.00085397384 0.026331693 0.010895355)
(-0.00052379769 0.020582889 0.0085270116)
(-0.00028919337 0.015306616 0.0063453418)
(-0.00013346072 0.010465067 0.0043393091)
(-4.2938485e-05 0.0060230579 0.0024972791)
(-2.9370435e-06 0.0019479946 0.0008075317)
(0.01635426 0.48809547 -0.037695863)
(-0.037323762 0.27725337 -0.049244874)
(-0.040587242 0.21955405 -0.046203462)
(-0.056912561 0.21755991 -0.037331307)
(-0.065541793 0.22331906 -0.027500475)
(-0.07105263 0.22818824 -0.017472184)
(-0.073680723 0.23104681 -0.0077354303)
(-0.07411752 0.23159081 0.0014652768)
(-0.072804624 0.22978119 0.0099968589)
(-0.070091115 0.2257777 0.017729709)
(-0.066274069 0.2197107 0.024513141)
(-0.061619619 0.21177955 0.030204495)
(-0.056381146 0.20223926 0.034691448)
(-0.050800404 0.19139719 0.037920916)
(-0.045101607 0.17959498 0.039914877)
(-0.039481579 0.16718205 0.040755076)
(-0.034101289 0.15448879 0.040577353)
(-0.029080996 0.14180468 0.039550765)
(-0.024500205 0.12936544 0.037856812)
(-0.020401448 0.11734933 0.03567233)
(-0.016796513 0.1058805 0.033157363)
(-0.013673714 0.095036607 0.030447515)
(-0.011004994 0.084858107 0.027653958)
(-0.0087522209 0.07535744 0.024862538)
(-0.0068722165 0.06652708 0.02213634)
(-0.0053204415 0.058346075 0.019519238)
(-0.004053546 0.05078503 0.017039615)
(-0.0030309588 0.043809752 0.014713827)
(-0.0022157638 0.037383782 0.012549233)
(-0.0015750705 0.031470121 0.010546697)
(-0.0010800418 0.026032341 0.008702583)
(-0.00070569544 0.021035284 0.0070102879)
(-0.00043058881 0.016445473 0.0054613911)
(-0.00023655075 0.012231326 0.0040464927)
(-0.00010862455 0.0083632495 0.0027558093)
(-3.4733865e-05 0.0048136483 0.0015795925)
(-2.3349811e-06 0.0015568852 0.00050840012)
(0.016650734 0.48284505 -0.023616416)
(-0.041352874 0.26749823 -0.031963708)
(-0.04837189 0.20878866 -0.029751619)
(-0.066216589 0.20173405 -0.024195688)
(-0.076054586 0.20103862 -0.017947814)
(-0.081955139 0.19980611 -0.011444207)
(-0.084191938 0.19757641 -0.0050483548)
(-0.08364213 0.19413085 0.0010231236)
(-0.08091128 0.1893755 0.0066219291)
(-0.076535961 0.18336739 0.011607134)
(-0.070995344 0.17618502 0.015866712)
(-0.064700752 0.1679816 0.019321579)
(-0.058011252 0.15895427 0.021920815)
(-0.051233612 0.14932971 0.023664613)
(-0.04461918 0.13933645 0.024601012)
(-0.038351367 0.12918977 0.024816815)
(-0.03256324 0.11908218 0.024424855)
(-0.027333095 0.10917115 0.023548812)
(-0.022695061 0.099577191 0.022311128)
(-0.018649207 0.090385955 0.02082406)
(-0.01516886 0.081652444 0.019184996)
(-0.012212451 0.073408145 0.017472696)
(-0.0097303684 0.065666311 0.015748077)
(-0.0076676135 0.05842611 0.014056816)
(-0.0059700772 0.05167739 0.01243056)
(-0.0045864199 0.045403753 0.010890394)
(-0.0034695388 0.039584812 0.0094487106)
(-0.002577295 0.0341978 0.0081113463)
(-0.0018726867 0.029218696 0.0068793953)
(-0.0013236878 0.02462301 0.0057506599)
(-0.00090288924 0.020386323 0.0047207693)
(-0.00058703356 0.016484669 0.003784019)
(-0.00035651655 0.012894795 0.0029339828)
(-0.00019498137 0.0095943489 0.0021639483)
(-8.9120913e-05 0.0065620026 0.0014672171)
(-2.8336772e-05 0.0037775324 0.0008373129)
(-1.91329e-06 0.0012218651 0.00026810679)
(0.017571773 0.48032607 -0.0086045277)
(-0.043735306 0.26253787 -0.012108186)
(-0.052533013 0.20181985 -0.011553604)
(-0.071276081 0.19141264 -0.0098292579)
(-0.081736191 0.18578999 -0.0077622251)
(-0.087782301 0.17967358 -0.0055039274)
(-0.089702684 0.1731408 -0.0031989465)
(-0.088454992 0.1662016 -0.00095042311)
(-0.084801177 0.15889886 0.0011530494)
(-0.07941813 0.15125164 0.0030335637)
(-0.072861506 0.14331218 0.0046360555)
(-0.06564183 0.13515568 0.0059283685)
(-0.058169484 0.12686786 0.0068891244)
(-0.0507823 0.11855576 0.0075238646)
(-0.043731039 0.11030872 0.007852647)
(-0.037189791 0.10219826 0.007916483)
(-0.031263917 0.094287364 0.007763024)
(-0.026001586 0.086626727 0.0074416566)
(-0.021407388 0.079254633 0.0069993633)
(-0.017454893 0.072198253 0.0064778299)
(-0.014097511 0.065475506 0.0059120583)
(-0.011277449 0.059096938 0.0053308022)
(-0.0089328285 0.053067286 0.0047545966)
(-0.0070011117 0.047386514 0.0041982229)
(-0.0054237391 0.042051264 0.003671138)
(-0.0041474447 0.037055366 0.0031794118)
(-0.0031239482 0.032390009 0.002726257)
(-0.0023112275 0.028044418 0.0023126462)
(-0.0016730123 0.024006216 0.0019379827)
(-0.0011783437 0.020261774 0.001600627)
(-0.00080104749 0.016796538 0.0012982937)
(-0.00051915416 0.013595342 0.0010283432)
(-0.00031432559 0.010642691 0.00078799015)
(-0.00017139196 0.0079230238 0.00057444663)
(-7.8101666e-05 0.0054209353 0.00038501776)
(-2.4724602e-05 0.0031213605 0.0002171699)
(-1.6465107e-06 0.0010097244 6.8565719e-05)
(0.017588619 0.48038354 0.0069928538)
(-0.043719466 0.26269078 0.0086784977)
(-0.052469143 0.20199241 0.0072270812)
(-0.071177003 0.19159647 0.0049427388)
(-0.081596513 0.1859087 0.0025969701)
(-0.087589896 0.17964384 0.00033797978)
(-0.089449317 0.17290286 -0.0017301597)
(-0.088165275 0.16572265 -0.0035631042)
(-0.084476168 0.1581533 -0.0051595687)
(-0.079048518 0.15025871 -0.0064925948)
(-0.072460886 0.14212322 -0.0075596069)
(-0.06522617 0.13383185 -0.0083656026)
(-0.057754728 0.12547127 -0.0089122861)
(-0.050383264 0.11713113 -0.0092166775)
(-0.043360232 0.10889035 -0.0092986654)
(-0.036855765 0.10081636 -0.0091909326)
(-0.030971224 0.092964868 -0.0089280175)
(-0.025751416 0.085379331 -0.0085442514)
(-0.02119831 0.078091884 -0.0080717971)
(-0.017283683 0.071124921 -0.0075391743)
(-0.013959928 0.064492889 -0.0069705964)
(-0.011168848 0.058203947 -0.0063865935)
(-0.0088485705 0.05226128 -0.0058019688)
(-0.006936849 0.0466639 -0.0052278226)
(-0.0053755731 0.041407911 -0.0046717073)
(-0.0041119985 0.036486874 -0.0041391216)
(-0.0030983794 0.031891891 -0.0036335955)
(-0.0022931949 0.027612206 -0.0031570667)
(-0.0016606247 0.023635536 -0.0027103017)
(-0.0011701003 0.019948389 -0.0022932296)
(-0.00079577694 0.016536373 -0.001905197)
(-0.0005159576 0.013384503 -0.0015451587)
(-0.0003125251 0.010477477 -0.0012118195)
(-0.00017048771 0.0077999335 -0.00090373821)
(-7.7727479e-05 0.0053366693 -0.00061940314)
(-2.4630133e-05 0.0030728228 -0.0003572801)
(-1.6234575e-06 0.00099402029 -0.00011584854)
(0.016901691 0.48312195 0.021944129)
(-0.041253949 0.2680768 0.028516909)
(-0.048176699 0.20934058 0.025369661)
(-0.06591693 0.20237134 0.019232948)
(-0.075633792 0.20158123 0.012689797)
(-0.081398217 0.20005038 0.0061707222)
(-0.083479041 0.19736677 -9.4066146e-06)
(-0.082763917 0.19338487 -0.0056974564)
(-0.079877033 0.18811589 -0.010785207)
(-0.075374918 0.18161528 -0.015202077)
(-0.069737536 0.17400968 -0.018884805)
(-0.063389231 0.16547126 -0.02179538)
(-0.056694018 0.15620403 -0.023913189)
(-0.049956704 0.14643237 -0.025258461)
(-0.043421207 0.13637653 -0.025885838)
(-0.03726053 0.12623976 -0.025878429)
(-0.031596445 0.11620053 -0.025339482)
(-0.026496876 0.10640221 -0.024378503)
(-0.021987522 0.096952563 -0.02310211)
(-0.018062362 0.087926545 -0.021607256)
(-0.01469097 0.079370673 -0.019977703)
(-0.011829903 0.071309968 -0.018281434)
(-0.0094290873 0.06375291 -0.016571384)
(-0.0074341048 0.056695258 -0.01488752)
(-0.0057920046 0.050124457 -0.013257968)
(-0.0044529076 0.044022452 -0.011702028)
(-0.0033712645 0.038367736 -0.010231625)
(-0.0025064445 0.033136817 -0.0088530673)
(-0.0018228317 0.028305244 -0.0075685404)
(-0.0012896246 0.023848313 -0.0063773115)
(-0.00088046652 0.019741565 -0.0052766556)
(-0.00057298476 0.015961122 -0.0042625566)
(-0.0003483064 0.012483927 -0.0033302235)
(-0.00019066929 0.0092879027 -0.0024744648)
(-8.7245167e-05 0.0063520574 -0.0016899535)
(-2.777011e-05 0.0036565485 -0.00097140807)
(-1.8573861e-06 0.0011827136 -0.00031371045)
(0.01647045 0.4884413 0.03587405)
(-0.037171799 0.27812895 0.045758043)
(-0.040333293 0.2204973 0.041700311)
(-0.056468459 0.21869147 0.032205548)
(-0.064888945 0.22445985 0.022036368)
(-0.070171893 0.22912538 0.011950744)
(-0.072564382 0.23161538 0.0023947914)
(-0.072754631 0.23168674 -0.0064441058)
(-0.07117403 0.22942374 -0.014468903)
(-0.06821954 0.22494639 -0.021603362)
(-0.064207712 0.2184217 -0.027742194)
(-0.0594232 0.21006968 -0.03278644)
(-0.054130406 0.2001629 -0.0366639)
(-0.04857302 0.189023 -0.039354652)
(-0.042968054 0.17700016 -0.040903098)
(-0.037498308 0.16444555 -0.041401121)
(-0.032307376 0.15168525 -0.040983165)
(-0.027497993 0.1390001 -0.039807936)
(-0.023134204 0.12661489 -0.038040977)
(-0.019246369 0.11469651 -0.035840801)
(-0.015837736 0.10335841 -0.033349367)
(-0.012891442 0.092668944 -0.030686203)
(-0.010377041 0.082660786 -0.027949228)
(-0.0082560728 0.073340087 -0.025214181)
(-0.0064864082 0.064694334 -0.022537022)
(-0.0050253799 0.056698669 -0.019957082)
(-0.0038319127 0.049320681 -0.017500278)
(-0.0028678209 0.042523868 -0.015182086)
(-0.0020984974 0.036270042 -0.013010123)
(-0.0014931765 0.030520947 -0.010986271)
(-0.0010249082 0.025239285 -0.0091083814)
(-0.00067034523 0.02038935 -0.0073715781)
(-0.00040943366 0.01593738 -0.0057692496)
(-0.00022516201 0.011851722 -0.0042937731)
(-0.00010350638 0.0081028834 -0.0029370385)
(-3.3143471e-05 0.0046635037 -0.0016908164)
(-2.2476799e-06 0.001508282 -0.00054700321)
(0.018150128 0.49699319 0.047336642)
(-0.031491258 0.29243975 0.059416681)
(-0.029947218 0.2337368 0.055469383)
(-0.044406396 0.23493689 0.043178812)
(-0.051216183 0.24558083 0.030188759)
(-0.055849514 0.25473437 0.017491806)
(-0.058464157 0.26081503 0.0055366499)
(-0.059546538 0.26378837 -0.0055475235)
(-0.059348575 0.26393548 -0.015756356)
(-0.058080741 0.26149716 -0.025034555)
(-0.055897834 0.25663606 -0.033280731)
(-0.052943558 0.24949197 -0.040355067)
(-0.049368628 0.24023062 -0.046110099)
(-0.045335379 0.22909874 -0.050448797)
(-0.04101289 0.21642844 -0.05334481)
(-0.036566611 0.20261481 -0.054848064)
(-0.032147165 0.18807721 -0.055076124)
(-0.027881807 0.17321843 -0.054195937)
(-0.023869246 0.15839254 -0.052402019)
(-0.020178264 0.14388651 -0.049895978)
(-0.016849524 0.1299149 -0.046870295)
(-0.01389943 0.1166243 -0.04349726)
(-0.011325316 0.10410325 -0.039923056)
(-0.0091107646 0.092394384 -0.036266088)
(-0.0072303125 0.081506148 -0.032618208)
(-0.0056533137 0.071423086 -0.029047627)
(-0.0043469177 0.062114049 -0.025602593)
(-0.0032782093 0.053538427 -0.022315178)
(-0.0024156432 0.045650648 -0.019204807)
(-0.001729923 0.038403282 -0.016281333)
(-0.0011944611 0.031749107 -0.013547581)
(-0.00078553379 0.025642407 -0.011001387)
(-0.00048224374 0.020039729 -0.0086371808)
(-0.00026648516 0.014900288 -0.0064471787)
(-0.00012309542 0.010186125 -0.0044222749)
(-3.9640606e-05 0.005862116 -0.0025526807)
(-2.744128e-06 0.0018958841 -0.0008283753)
(0.020478041 0.50860061 0.055190993)
(-0.024882747 0.31041267 0.069641268)
(-0.018230055 0.24781335 0.066422908)
(-0.031430059 0.24810495 0.05182359)
(-0.036488515 0.26048409 0.036933923)
(-0.04040689 0.27153149 0.02256098)
(-0.043100441 0.27913497 0.0091340622)
(-0.044845039 0.28354933 -0.0033257843)
(-0.045754107 0.28533468 -0.014935683)
(-0.045896305 0.28484835 -0.025710869)
(-0.04531114 0.28220377 -0.035582133)
(-0.044040141 0.27737458 -0.044384828)
(-0.042143393 0.27026497 -0.051911761)
(-0.039703233 0.26087262 -0.057983465)
(-0.036824912 0.24933507 -0.062484406)
(-0.033630347 0.23594362 -0.065383193)
(-0.03024825 0.22110915 -0.066734691)
(-0.026803591 0.20530392 -0.066667956)
(-0.023408514 0.18900087 -0.065365334)
(-0.020156099 0.17262586 -0.063038668)
(-0.017117076 0.15652937 -0.059909195)
(-0.014338858 0.14097653 -0.056189672)
(-0.011847687 0.12615068 -0.052070934)
(-0.0096524083 0.11216472 -0.047715829)
(-0.0077484348 0.099075664 -0.043257503)
(-0.0061215638 0.086898871 -0.038800464)
(-0.0047513412 0.075620561 -0.03442346)
(-0.0036138037 0.06520779 -0.030183251)
(-0.0026835704 0.055616019 -0.026118595)
(-0.0019353409 0.046794549 -0.022254005)
(-0.0013448951 0.038690277 -0.018603068)
(-0.00088969002 0.031250178 -0.015171221)
(-0.00054917312 0.024422856 -0.011957996)
(-0.00030503706 0.018159459 -0.0089587879)
(-0.00014162682 0.012414156 -0.0061662051)
(-4.590091e-05 0.0071443244 -0.0035710826)
(-3.2475728e-06 0.0023105592 -0.0011632231)
(0.022903238 0.52230867 0.058716817)
(-0.018560057 0.33149938 0.076786589)
(-0.0065074715 0.26238127 0.074413145)
(-0.018853496 0.25798996 0.058156609)
(-0.021940807 0.26894246 0.042257396)
(-0.025155382 0.2796955 0.026977261)
(-0.027766569 0.28731866 0.012810531)
(-0.029869608 0.29212782 -0.00033959496)
(-0.03145974 0.29483519 -0.012700482)
(-0.032533678 0.2960829 -0.024389857)
(-0.033092853 0.29587638 -0.035361458)
(-0.03310866 0.2939638 -0.045443307)
(-0.03258746 0.2900065 -0.054407455)
(-0.031558214 0.283697 -0.062017292)
(-0.030069218 0.27484757 -0.068082528)
(-0.028189148 0.2634959 -0.072489752)
(-0.026002595 0.24990479 -0.07521374)
(-0.023603297 0.23451202 -0.076315632)
(-0.021085828 0.21785197 -0.07592945)
(-0.018546144 0.20047512 -0.074236141)
(-0.016060829 0.18288503 -0.071451193)
(-0.013698089 0.16550053 -0.067805278)
(-0.011505741 0.14864096 -0.063516311)
(-0.0095146985 0.13252933 -0.058781316)
(-0.0077417428 0.11730541 -0.053771404)
(-0.0061914256 0.10304274 -0.048628774)
(-0.0048588826 0.089765503 -0.043467018)
(-0.0037326182 0.077463287 -0.038373534)
(-0.0027968826 0.066102893 -0.033413003)
(-0.0020335676 0.055637247 -0.028631191)
(-0.0014236367 0.046011804 -0.024058636)
(-0.00094813328 0.037168954 -0.019713959)
(-0.00058885963 0.029050923 -0.015606689)
(-0.00032895158 0.021601597 -0.01173959)
(-0.00015358288 0.014767587 -0.008110516)
(-5.0099676e-05 0.0084987887 -0.0047138589)
(-3.6121946e-06 0.0027486123 -0.0015416521)
(0.025317792 0.53597623 0.058460471)
(-0.013027616 0.35340403 0.081738885)
(0.0035879876 0.27757111 0.078320517)
(-0.0070534416 0.26600521 0.06253734)
(-0.0081007495 0.27294368 0.04615973)
(-0.010637742 0.28177438 0.030582564)
(-0.012972387 0.28849564 0.01621659)
(-0.015107239 0.29311034 0.0028576638)
(-0.016986812 0.29638752 -0.0097990263)
(-0.018561388 0.29888239 -0.021940496)
(-0.019778939 0.30068707 -0.033543671)
(-0.02061122 0.30157037 -0.04443951)
(-0.021054513 0.30099665 -0.054384326)
(-0.021108604 0.29834153 -0.063121077)
(-0.020787231 0.29309913 -0.070424365)
(-0.020116993 0.28497246 -0.076131932)
(-0.019135374 0.27394411 -0.080157352)
(-0.017891597 0.26027527 -0.082494038)
(-0.016421786 0.24444498 -0.083217205)
(-0.014870202 0.2270569 -0.082458256)
(-0.013199092 0.20874075 -0.080381317)
(-0.011511996 0.19007651 -0.077203142)
(-0.0098744425 0.17154827 -0.073138043)
(-0.0083224371 0.1535269 -0.068396491)
(-0.0068892642 0.13627289 -0.063173996)
(-0.0055961766 0.11995109 -0.057642194)
(-0.0044539893 0.10465019 -0.051945902)
(-0.0034652931 0.090402167 -0.046203106)
(-0.0026264768 0.077199287 -0.040506804)
(-0.0019295141 0.065007659 -0.034927879)
(-0.0013634935 0.053777457 -0.02951843)
(-0.00091584307 0.043450232 -0.024315091)
(-0.00057327029 0.03396393 -0.019342102)
(-0.00032260082 0.025256191 -0.014613989)
(-0.00015172006 0.017266412 -0.010137821)
(-4.9943501e-05 0.0099369444 -0.0059150449)
(-3.7141587e-06 0.0032137303 -0.0019429514)
(0.027657582 0.54954973 0.055446801)
(-0.0077887543 0.3772521 0.083303392)
(0.012235178 0.2950348 0.078427915)
(0.004781262 0.2743309 0.064857576)
(0.0048517594 0.27525196 0.048570735)
(0.0032550781 0.28089244 0.033216071)
(0.001413164 0.28609794 0.019052856)
(-0.00048316286 0.290205 0.0058117156)
(-0.0023052811 0.2937183 -0.0068466835)
(-0.0039773392 0.29711502 -0.01911427)
(-0.0054531921 0.3005156 -0.030977706)
(-0.0067095204 0.30365004 -0.042266375)
(-0.0077401464 0.30594921 -0.052719887)
(-0.0085474931 0.30668772 -0.06207171)
(-0.0091347363 0.30513173 -0.070097303)
(-0.0095004255 0.3006809 -0.076631201)
(-0.009642182 0.29298746 -0.081573006)
(-0.0095844576 0.28202253 -0.084882682)
(-0.0092930587 0.26807136 -0.086558393)
(-0.0087702337 0.25166471 -0.086729231)
(-0.0081257144 0.23347221 -0.085531161)
(-0.0073867429 0.21419483 -0.083073034)
(-0.0065723443 0.19447978 -0.079544086)
(-0.0057206987 0.17486722 -0.075148732)
(-0.0048747712 0.15577004 -0.070081305)
(-0.0040636061 0.1374775 -0.064522746)
(-0.0033094786 0.12017228 -0.058634955)
(-0.0026279779 0.10395259 -0.052557569)
(-0.0020283286 0.088854057 -0.046407128)
(-0.001514351 0.074868629 -0.040278004)
(-0.0010856369 0.061959692 -0.03424442)
(-0.00073866063 0.050073337 -0.028363012)
(-0.00046774925 0.03914641 -0.022675533)
(-0.00026601276 0.029111996 -0.01721146)
(-0.0001263775 0.019903011 -0.011990349)
(-4.2087737e-05 0.011454415 -0.0070238526)
(-3.2311459e-06 0.0037044978 -0.0023174439)
(0.029532305 0.56311743 0.050205022)
(-0.0026430804 0.40372357 0.080575816)
(0.020093546 0.31668077 0.076387572)
(0.016641472 0.28575341 0.064802298)
(0.017465388 0.27915629 0.049463796)
(0.017080737 0.28048403 0.034743259)
(0.015987436 0.2836256 0.021054891)
(0.014611739 0.28701729 0.0081282346)
(0.013161448 0.29064638 -0.0043379117)
(0.011718411 0.29473691 -0.016507001)
(0.010311709 0.29930211 -0.028342647)
(0.0089425373 0.30404824 -0.039645741)
(0.0076013995 0.30842818 -0.05014421)
(0.0062825276 0.31173128 -0.059573957)
(0.0049899523 0.31317645 -0.067728312)
(0.003737885 0.31201432 -0.074474623)
(0.0025514833 0.30764432 -0.079747864)
(0.0015033871 0.29972786 -0.08353519)
(0.00057037785 0.28826036 -0.085857983)
(-0.00021649739 0.27357066 -0.086719552)
(-0.00084419017 0.25624921 -0.086172639)
(-0.0012296556 0.23703172 -0.084386051)
(-0.0014551312 0.21667981 -0.081511022)
(-0.0015544356 0.19588854 -0.077693137)
(-0.001537333 0.17523276 -0.073090916)
(-0.0014366433 0.15514813 -0.067865463)
(-0.0012811801 0.13593675 -0.062171993)
(-0.0010953108 0.11778659 -0.056153157)
(-0.00089866033 0.10079594 -0.049935305)
(-0.00070625751 0.084997157 -0.043626826)
(-0.00052888597 0.070377134 -0.037318077)
(-0.0003736239 0.056893357 -0.031082391)
(-0.00024449615 0.04448586 -0.024977725)
(-0.00014320854 0.03308567 -0.019048589)
(-6.9981517e-05 0.022620514 -0.013328019)
(-2.4098672e-05 0.013018496 -0.0078394299)
(-2.0534856e-06 0.0042103424 -0.0025983169)
(0.030670532 0.57659467 0.043165298)
(0.0013891768 0.43275879 0.07386396)
(0.02715786 0.34426982 0.072013538)
(0.028375156 0.30383026 0.062250325)
(0.030593966 0.2889047 0.048574123)
(0.031700718 0.28501209 0.034851748)
(0.031721658 0.28553215 0.021817909)
(0.03119817 0.28786931 0.0093474667)
(0.030433984 0.29143864 -0.0027747601)
(0.029494278 0.29603698 -0.014632966)
(0.02836783 0.3013701 -0.026127566)
(0.027028719 0.3070359 -0.037028623)
(0.025457069 0.31250477 -0.047059618)
(0.023655921 0.31716186 -0.055974098)
(0.021652993 0.3203327 -0.063601218)
(0.019496656 0.32130789 -0.069855434)
(0.017250874 0.31940422 -0.07472027)
(0.014987263 0.3140733 -0.07822275)
(0.012750322 0.30502474 -0.080420459)
(0.010669178 0.2923068 -0.081403547)
(0.0087664656 0.27630807 -0.081258979)
(0.0070390303 0.25767713 -0.080036365)
(0.0055567707 0.23719847 -0.077804731)
(0.0043032958 0.21566968 -0.074666728)
(0.0032680854 0.19380749 -0.070740462)
(0.0024329721 0.17219524 -0.066152266)
(0.0017725193 0.1512671 -0.061030423)
(0.001261231 0.13131742 -0.055499962)
(0.00087361303 0.11252313 -0.049678203)
(0.00058611136 0.094970416 -0.043671551)
(0.00037795341 0.07867978 -0.037573649)
(0.00023142161 0.063627258 -0.031464709)
(0.00013181569 0.049760808 -0.025411726)
(6.7245512e-05 0.03701234 -0.019469288)
(2.8360956e-05 0.025306096 -0.01368072)
(8.0054247e-06 0.014564212 -0.0080793486)
(2.592379e-07 0.0047102439 -0.0026898461)
(0.031771316 0.59059146 0.034722447)
(0.0051881229 0.46586885 0.063315292)
(0.034740372 0.38034759 0.063987844)
(0.041063808 0.3332349 0.056729521)
(0.045560595 0.31049761 0.045305865)
(0.048565359 0.30083254 0.032980104)
(0.050126322 0.29791732 0.02082451)
(0.050796437 0.2987046 0.0089928173)
(0.050899411 0.30169881 -0.0025617026)
(0.050521568 0.30611665 -0.013786686)
(0.049628056 0.31133624 -0.024492593)
(0.048179358 0.31679936 -0.034428705)
(0.046174549 0.32199065 -0.043346204)
(0.043658237 0.32642988 -0.05105342)
(0.040711048 0.3296347 -0.057446192)
(0.037434795 0.33106488 -0.062509099)
(0.033938685 0.3301117 -0.066296913)
(0.030334576 0.32615926 -0.068909716)
(0.026726993 0.31871295 -0.070454584)
(0.023210371 0.30754717 -0.071026354)
(0.019864405 0.29278937 -0.070705112)
(0.016751562 0.27490519 -0.069561968)
(0.013916022 0.25460348 -0.067660648)
(0.011384471 0.2327026 -0.065061719)
(0.0091647592 0.21000565 -0.06183195)
(0.0072533047 0.18721288 -0.058046103)
(0.0056342812 0.16487783 -0.053786537)
(0.0042853109 0.14339945 -0.049140006)
(0.0031800792 0.12303709 -0.044193888)
(0.0022906515 0.10393627 -0.039032703)
(0.0015892198 0.086156694 -0.033735328)
(0.0010492531 0.0696976 -0.028373081)
(0.00064619376 0.054518466 -0.023008638)
(0.0003579787 0.040554713 -0.01769565)
(0.00016565619 0.027728959 -0.012478854)
(5.3382614e-05 0.015958686 -0.0073945127)
(3.6479805e-06 0.0051612258 -0.0024711236)
(0.034248887 0.60612529 0.024149983)
(0.01238405 0.50723147 0.048850291)
(0.045485187 0.43118801 0.051822626)
(0.057405914 0.38160095 0.047825085)
(0.064743712 0.35252743 0.039231952)
(0.069810454 0.33685558 0.028753733)
(0.072940388 0.32936807 0.017831082)
(0.074632702 0.32682225 0.0069819448)
(0.07524945 0.32729313 -0.0035758148)
(0.074931003 0.32951736 -0.013606024)
(0.073678582 0.33256328 -0.022858792)
(0.071499927 0.33577123 -0.031102598)
(0.068464094 0.33867406 -0.038158783)
(0.064695222 0.34093357 -0.043928582)
(0.060349814 0.3422598 -0.048400279)
(0.055590178 0.34227974 -0.051630396)
(0.050578899 0.34050867 -0.053737898)
(0.045460746 0.33634973 -0.05487902)
(0.040362036 0.32919631 -0.055208485)
(0.03539131 0.31861416 -0.05486437)
(0.030639027 0.30448807 -0.053955804)
(0.026177595 0.28707437 -0.052561473)
(0.022061071 0.2669469 -0.050735417)
(0.018325279 0.24487298 -0.04851642)
(0.014988959 0.22167364 -0.045937279)
(0.012055813 0.19810979 -0.043031447)
(0.009517127 0.17481291 -0.039836544)
(0.0073546028 0.15225863 -0.03639523)
(0.0055431029 0.13077122 -0.032754164)
(0.0040531213 0.11054555 -0.028962034)
(0.0028528512 0.091675347 -0.025067381)
(0.0019097892 0.074180974 -0.021116664)
(0.0011919381 0.058033165 -0.017152771)
(0.00066897722 0.043171615 -0.013214039)
(0.0003137874 0.029518628 -0.0093336954)
(0.00010290242 0.0169886 -0.0055396531)
(7.5127939e-06 0.0054942877 -0.0018546227)
(0.037548129 0.61889143 0.0095497241)
(0.023159138 0.54910692 0.02807188)
(0.059430332 0.49013274 0.034680336)
(0.076817157 0.44495676 0.035012826)
(0.086954691 0.41324836 0.03019585)
(0.093582121 0.39227742 0.022461154)
(0.097529658 0.37897348 0.013522771)
(0.099324534 0.37080922 0.0043456252)
(0.099425897 0.36597104 -0.0044752342)
(0.098095887 0.36310043 -0.012541349)
(0.09547261 0.36125851 -0.019586667)
(0.091699527 0.35983474 -0.025433531)
(0.086957512 0.35844653 -0.029997218)
(0.081461979 0.3568488 -0.033284515)
(0.075426285 0.35481784 -0.035380615)
(0.069056293 0.35211801 -0.036423791)
(0.062549288 0.3482941 -0.036585942)
(0.056059048 0.34267727 -0.036049129)
(0.04970742 0.33461354 -0.034989457)
(0.043595798 0.32354792 -0.033563076)
(0.037802366 0.30921661 -0.031898495)
(0.032387764 0.2917315 -0.03008983)
(0.027396906 0.27155188 -0.028198527)
(0.022859776 0.24937264 -0.026259786)
(0.01879211 0.22598296 -0.02429097)
(0.015196466 0.20214236 -0.022299657)
(0.012063851 0.17849887 -0.020289823)
(0.009375785 0.15555176 -0.01826565)
(0.0071065283 0.13364884 -0.016233263)
(0.0052252063 0.11300454 -0.014201047)
(0.0036977112 0.093726884 -0.012179187)
(0.0024882862 0.075845441 -0.010178868)
(0.0015608324 0.059335984 -0.008211439)
(0.00088036342 0.04414016 -0.006287704)
(0.0004150721 0.030180143 -0.0044173903)
(0.00013701425 0.017368937 -0.0026088079)
(1.0246094e-05 0.0056172327 -0.00086868476)
(0.039149282 0.61767299 -0.010065424)
(0.026909981 0.55848103 0.00040550575)
(0.064614599 0.51503439 0.012217091)
(0.084826013 0.48089028 0.017519733)
(0.096809357 0.45396466 0.017425605)
(0.10434427 0.43306527 0.013763179)
(0.10842798 0.41702263 0.0081586956)
(0.10976399 0.4046402 0.0018834083)
(0.1089077 0.39483679 -0.0041641472)
(0.10624915 0.38678145 -0.0094455684)
(0.10213482 0.37993653 -0.013658568)
(0.096884283 0.37391815 -0.016662134)
(0.090785091 0.36845924 -0.01844473)
(0.084096854 0.36337315 -0.01909018)
(0.077055105 0.3584323 -0.01876383)
(0.069872459 0.35327884 -0.017655471)
(0.062725661 0.34737116 -0.015961662)
(0.055755735 0.34001691 -0.013873355)
(0.049074896 0.33050442 -0.011566206)
(0.04275896 0.31828055 -0.0092008083)
(0.036861399 0.30309805 -0.0069106714)
(0.031424835 0.28507986 -0.00480162)
(0.026473729 0.26467514 -0.0029453975)
(0.022017264 0.2425446 -0.0013793277)
(0.018052918 0.21942594 -0.00011120802)
(0.014569254 0.19602048 0.00087198767)
(0.011547607 0.17292058 0.0015945184)
(0.0089634607 0.15057824 0.002084415)
(0.0067875623 0.12930463 0.0023701857)
(0.0049872201 0.10928788 0.0024799107)
(0.0035276543 0.090618537 0.0024402893)
(0.0023732435 0.073315532 0.002275905)
(0.0014885949 0.057348957 0.0020089321)
(0.00083977184 0.042658158 0.0016591069)
(0.0003961286 0.029165198 0.0012438173)
(0.00013091665 0.016784291 0.00077822259)
(9.8855538e-06 0.0054280782 0.00027542905)
(0.037373621 0.59785784 -0.028779977)
(0.015039999 0.51673864 -0.023775101)
(0.048754809 0.47506484 -0.0090857358)
(0.064767329 0.45137002 -0.000509352)
(0.075795731 0.43445175 0.0037521935)
(0.08329944 0.42025713 0.0043692624)
(0.087396073 0.40785164 0.0026299691)
(0.088664668 0.39668567 -0.00011686627)
(0.087717283 0.38662071 -0.0028887897)
(0.085018529 0.37758221 -0.0050527496)
(0.081011321 0.36958125 -0.0062704233)
(0.076077133 0.36238028 -0.0064419937)
(0.070533535 0.35586051 -0.0056165991)
(0.064612704 0.34991078 -0.0039457003)
(0.058482049 0.34417686 -0.0016009638)
(0.052337932 0.33813563 0.0012165211)
(0.04633624 0.33112293 0.0042891438)
(0.040585648 0.32243337 0.0074108443)
(0.035174669 0.31147117 0.010410091)
(0.030165834 0.29789277 0.013138335)
(0.025597805 0.28168398 0.015488851)
(0.021484451 0.26314819 0.01738939)
(0.017825913 0.24281927 0.018799037)
(0.014611126 0.22134566 0.019709206)
(0.011812648 0.19938043 0.02012467)
(0.0094031871 0.17750256 0.020059077)
(0.0073513172 0.15617514 0.019544363)
(0.00563581 0.13573419 0.018627868)
(0.0042200861 0.11639803 0.017368826)
(0.0030683231 0.098287128 0.015827257)
(0.002149134 0.081447129 0.014058796)
(0.0014326328 0.065870391 0.012114044)
(0.00089085804 0.051513983 0.010038503)
(0.00049836564 0.03831357 0.007872489)
(0.00023304173 0.02619352 0.0056511917)
(7.614799e-05 0.015073869 0.0034048325)
(5.4949938e-06 0.0048748973 0.001158981)
(0.027795957 0.56794158 -0.038089832)
(-0.0075249259 0.45038837 -0.033376399)
(0.017662917 0.40234302 -0.021771369)
(0.023412572 0.3859732 -0.012488668)
(0.030690781 0.37781571 -0.0059919151)
(0.036310906 0.3708386 -0.0028213646)
(0.039718438 0.3634106 -0.0018040925)
(0.041151485 0.35558883 -0.0017309583)
(0.04104006 0.34782678 -0.0017433202)
(0.039728892 0.34049192 -0.0013055799)
(0.037522265 0.33383583 -0.00017574649)
(0.034660173 0.32786798 0.0017207921)
(0.031369345 0.32241706 0.0043225393)
(0.027910953 0.31714939 0.0074778689)
(0.024453893 0.31152874 0.011022714)
(0.021101946 0.30494138 0.014761361)
(0.017944066 0.29679522 0.018486053)
(0.0150226 0.28662994 0.021998205)
(0.012375423 0.27420926 0.02512943)
(0.010023179 0.25956258 0.027759031)
(0.007987704 0.2429645 0.029787038)
(0.0062769808 0.2248671 0.031140353)
(0.0048465792 0.20581086 0.031797127)
(0.0036598225 0.18634015 0.031786759)
(0.0027225076 0.16694059 0.031171089)
(0.0019967177 0.14800457 0.030022472)
(0.0014435905 0.12982121 0.028415312)
(0.0010244638 0.11258302 0.026427046)
(0.00070188469 0.096401116 0.024132719)
(0.00046577659 0.081323085 0.021601388)
(0.0002985262 0.067350129 0.01889353)
(0.00018146968 0.054451775 0.016061887)
(0.0001022758 0.0425775 0.013152843)
(5.1355098e-05 0.031665417 0.010206693)
(2.1099264e-05 0.021648446 0.0072578069)
(5.6315081e-06 0.012458492 0.0043349325)
(1.2718737e-08 0.0040291262 0.0014616748)
(0.017118552 0.53982107 -0.034698743)
(-0.028931287 0.39380448 -0.031189581)
(-0.016001316 0.34393681 -0.024670223)
(-0.01961909 0.33154426 -0.016332876)
(-0.017220006 0.32570363 -0.010349481)
(-0.014797054 0.31979691 -0.0067582549)
(-0.01280109 0.31302454 -0.0045750181)
(-0.011485271 0.30581912 -0.0030142061)
(-0.010824852 0.29872866 -0.0015058733)
(-0.010723528 0.29209568 0.00029711664)
(-0.010961878 0.28599122 0.0025815906)
(-0.011342179 0.28025252 0.0053779765)
(-0.011762768 0.27453629 0.0086340166)
(-0.012120594 0.26840513 0.012217846)
(-0.012337979 0.26140063 0.01593963)
(-0.012366923 0.25313214 0.019604833)
(-0.012175207 0.24334175 0.023030213)
(-0.011750021 0.23194173 0.026049209)
(-0.011133791 0.21902081 0.028523232)
(-0.010367585 0.20481775 0.030355819)
(-0.009450098 0.18967169 0.031516791)
(-0.0084143763 0.17396441 0.032030555)
(-0.0073430332 0.1580694 0.031937159)
(-0.0063049939 0.14231692 0.031283391)
(-0.0053181848 0.12697583 0.030133797)
(-0.004394248 0.11224747 0.028567528)
(-0.0035492736 0.098268599 0.026663453)
(-0.0028025893 0.085120558 0.024493558)
(-0.0021581906 0.072840457 0.022120537)
(-0.0016118976 0.061432287 0.019600569)
(-0.0011556072 0.050876629 0.016984349)
(-0.00078595142 0.041138553 0.014315675)
(-0.00049810946 0.032173709 0.011631197)
(-0.00028375861 0.023932809 0.0089611228)
(-0.00013510083 0.016364793 0.0063299688)
(-4.5125265e-05 0.0094189527 0.0037572494)
(-3.4825301e-06 0.0030463078 0.0012581606)
(0.01475959 0.5234909 -0.020896538)
(-0.042415721 0.36214884 -0.02089188)
(-0.040200817 0.31195237 -0.017811574)
(-0.050434471 0.29809196 -0.012994702)
(-0.052741989 0.28890117 -0.0094430472)
(-0.053424524 0.27972186 -0.0069993898)
(-0.0530069 0.27040023 -0.0051977428)
(-0.052172206 0.26123706 -0.0036548172)
(-0.051141097 0.25244751 -0.0020672247)
(-0.049940724 0.24407748 -0.00025022814)
(-0.048561524 0.23600758 0.0018890701)
(-0.046914342 0.22803209 0.0043282913)
(-0.044910935 0.21992076 0.0069859364)
(-0.04255597 0.2114328 0.0097445664)
(-0.039872095 0.20237735 0.012465564)
(-0.03690723 0.1926411 0.015011699)
(-0.033730478 0.18220028 0.017262008)
(-0.030424101 0.17111579 0.019113686)
(-0.027077613 0.15952025 0.020503455)
(-0.023767556 0.14759243 0.021407722)
(-0.020586889 0.13552907 0.021839255)
(-0.017604473 0.12352236 0.021842822)
(-0.014849372 0.11174205 0.021468636)
(-0.012341476 0.10032638 0.020763054)
(-0.010098387 0.089380033 0.01977422)
(-0.0081254846 0.078975774 0.018554791)
(-0.0064176131 0.069158392 0.01715647)
(-0.0049620118 0.059949638 0.015624829)
(-0.003740875 0.051353336 0.013998603)
(-0.0027368971 0.043360017 0.012311469)
(-0.001928673 0.035950805 0.010593392)
(-0.0012926681 0.029100492 0.0088700715)
(-0.00080786844 0.022779915 0.007162248)
(-0.0004541827 0.016957746 0.0054861524)
(-0.000213543 0.011601794 0.0038542376)
(-7.0323553e-05 0.0066799455 0.0022758106)
(-5.2815899e-06 0.0021608162 0.00075758908)
(0.015145607 0.51793096 -0.0030214598)
(-0.047861053 0.35168496 -0.0046309418)
(-0.049919004 0.30065848 -0.0051182821)
(-0.063008663 0.28507397 -0.0053819818)
(-0.067442528 0.27304718 -0.0053862758)
(-0.069629978 0.26124068 -0.0051331757)
(-0.070093549 0.2496454 -0.0047006953)
(-0.069670508 0.23838327 -0.0041087822)
(-0.068663726 0.2274823 -0.003367405)
(-0.067151018 0.21689519 -0.0025110924)
(-0.06509462 0.20653061 -0.0015837225)
(-0.062490349 0.19628445 -0.0005958548)
(-0.059321575 0.1860696 0.0004376948)
(-0.055631229 0.17582344 0.001465555)
(-0.051507084 0.16551887 0.0024368729)
(-0.047066731 0.15516174 0.0033096055)
(-0.042443858 0.14478647 0.0040490888)
(-0.037772837 0.13444859 0.0046323028)
(-0.033177076 0.12421605 0.0050559254)
(-0.028760456 0.11416026 0.0053293796)
(-0.024606909 0.10434905 0.0054641274)
(-0.02077724 0.094842611 0.0054708078)
(-0.017309155 0.08569131 0.0053630319)
(-0.014220167 0.076933963 0.0051587808)
(-0.011511002 0.068598276 0.0048780138)
(-0.0091694913 0.060701956 0.0045399957)
(-0.0071744765 0.053253911 0.0041617526)
(-0.0054991488 0.046255775 0.0037574499)
(-0.0041136859 0.03970343 0.0033383448)
(-0.0029872319 0.033588112 0.0029130422)
(-0.0020892327 0.027897348 0.0024881139)
(-0.0013903162 0.022615769 0.0020687972)
(-0.00086287814 0.0177258 0.0016592761)
(-0.00048166598 0.013208269 0.0012627528)
(-0.00022465143 0.0090429407 0.00088155959)
(-7.3147815e-05 0.0052089782 0.00051729039)
(-5.1815638e-06 0.0016853467 0.00017094246)
(0.01500328 0.52179065 0.015270838)
(-0.044138418 0.35983843 0.012184692)
(-0.043226954 0.30964802 0.008180269)
(-0.054582076 0.29511219 0.0028188278)
(-0.057756009 0.28435115 -0.00070082387)
(-0.05930104 0.27332507 -0.0027133328)
(-0.059692314 0.26212135 -0.003777185)
(-0.059543869 0.25104871 -0.0042441913)
(-0.059026365 0.24028366 -0.0044411041)
(-0.058132446 0.22987243 -0.0046953475)
(-0.056755351 0.21973176 -0.0051622532)
(-0.054890337 0.20972231 -0.0059094067)
(-0.052507103 0.19968894 -0.0068058774)
(-0.049576861 0.18951679 -0.0077575599)
(-0.046185969 0.17914877 -0.0087232317)
(-0.042437947 0.16856984 -0.0096312713)
(-0.038452885 0.1578091 -0.010419455)
(-0.034362677 0.14693344 -0.011060294)
(-0.03031604 0.13603421 -0.011552558)
(-0.026392546 0.12521112 -0.011872853)
(-0.022662463 0.11455914 -0.011990975)
(-0.019193294 0.10416365 -0.011897967)
(-0.016031172 0.094106811 -0.011605892)
(-0.013200449 0.084453522 -0.011143539)
(-0.010707284 0.075251297 -0.010543742)
(-0.0085445016 0.06653354 -0.0098361175)
(-0.0066958662 0.058318398 -0.0090469677)
(-0.0051393446 0.05061 -0.0081995791)
(-0.0038493692 0.043404217 -0.0073142151)
(-0.0027986495 0.036690447 -0.0064081102)
(-0.0019596699 0.030453179 -0.0054955834)
(-0.0013056888 0.024673314 -0.004588261)
(-0.00081141217 0.019329246 -0.0036953789)
(-0.00045361144 0.014397749 -0.0028241206)
(-0.00021197562 0.0098546938 -0.0019799372)
(-6.9235852e-05 0.0056756173 -0.0011668279)
(-5.0170339e-06 0.0018361822 -0.00038758349)
(0.016440699 0.53597766 0.030108755)
(-0.031830869 0.38844418 0.023744783)
(-0.02112252 0.3393811 0.0168805)
(-0.026681982 0.3269188 0.0075151757)
(-0.025835177 0.31932358 0.0016057123)
(-0.025009358 0.31080468 -0.0014802026)
(-0.024432279 0.30125777 -0.0028965373)
(-0.02434161 0.29139662 -0.0035241604)
(-0.024644236 0.28182327 -0.0040060086)
(-0.025135961 0.27284577 -0.0047699859)
(-0.025615598 0.26445712 -0.0060032238)
(-0.025920495 0.25642366 -0.0077295123)
(-0.02594669 0.24839974 -0.0099069376)
(-0.025600528 0.24001669 -0.012377044)
(-0.024868819 0.23096115 -0.014963977)
(-0.023765979 0.22101559 -0.017500617)
(-0.02236819 0.21008198 -0.019815546)
(-0.020655647 0.1981863 -0.021775085)
(-0.018700885 0.18546328 -0.023327122)
(-0.016686373 0.17212397 -0.024426574)
(-0.014681296 0.15842043 -0.025039844)
(-0.012729849 0.14461274 -0.025166725)
(-0.010883209 0.13094121 -0.024835404)
(-0.0091451956 0.11760905 -0.024101208)
(-0.0075601186 0.10477404 -0.023028826)
(-0.0061412336 0.092547745 -0.021676595)
(-0.0048920959 0.081000964 -0.020099481)
(-0.0038117139 0.070170789 -0.01834972)
(-0.0028945238 0.060068084 -0.01647528)
(-0.0021312027 0.050684329 -0.014518871)
(-0.0015098249 0.041997413 -0.012517514)
(-0.0010169465 0.033976279 -0.010501938)
(-0.00063844619 0.026584467 -0.0084965294)
(-0.00036038974 0.019782743 -0.0065205662)
(-0.00017004641 0.013530969 -0.0045893404)
(-5.6200711e-05 0.007789392 -0.0027146995)
(-4.2139332e-06 0.0025195003 -0.00090552723)
(0.024804465 0.5623865 0.035443862)
(-0.01138717 0.44065154 0.028089993)
(0.012218985 0.39379975 0.015509169)
(0.01470567 0.37886014 0.0055543443)
(0.020709709 0.37047305 -0.00072224472)
(0.024717015 0.36181727 -0.0031840418)
(0.026571904 0.35207788 -0.0033870294)
(0.026641343 0.34181583 -0.0027058754)
(0.025326585 0.33174166 -0.002055807)
(0.02308352 0.32241296 -0.001957957)
(0.020307171 0.3140837 -0.0026529824)
(0.017259396 0.30668083 -0.0041837866)
(0.014222066 0.29989858 -0.0064462738)
(0.01132524 0.29320766 -0.0092988749)
(0.0086675006 0.28602787 -0.012538211)
(0.0063223886 0.27780305 -0.015955007)
(0.0042957299 0.26808935 -0.019333292)
(0.0026132789 0.25662633 -0.022454111)
(0.0013065924 0.24337357 -0.025104276)
(0.00032445639 0.2285031 -0.027163635)
(-0.00037830531 0.21234828 -0.028598294)
(-0.00085017649 0.19533212 -0.029414408)
(-0.0011402675 0.17789747 -0.029642192)
(-0.0012529238 0.16045348 -0.029322031)
(-0.001246738 0.14334333 -0.028507998)
(-0.0011769457 0.12683076 -0.027259205)
(-0.0010555382 0.11110092 -0.025639334)
(-0.00090548493 0.096269492 -0.023713247)
(-0.00074576317 0.082395547 -0.021543614)
(-0.00059045407 0.06949509 -0.019188667)
(-0.00044237732 0.057553336 -0.016702145)
(-0.00031109295 0.046534881 -0.014133713)
(-0.00020524897 0.036391604 -0.011525171)
(-0.0001212156 0.027068517 -0.0089094047)
(-5.9721718e-05 0.018507889 -0.0063131833)
(-2.0808055e-05 0.010652026 -0.0037584199)
(-1.8910013e-06 0.0034450522 -0.0012627178)
(0.035202164 0.59210677 0.028134417)
(0.011317686 0.50596103 0.02120187)
(0.044164184 0.46526766 0.0044393664)
(0.058017777 0.44292117 -0.0044297464)
(0.067652613 0.42660766 -0.0083640771)
(0.073739802 0.4122496 -0.0082213891)
(0.076493711 0.39894119 -0.0056260517)
(0.076554148 0.38654052 -0.0021602775)
(0.074592037 0.3750424 0.0010601578)
(0.071159384 0.364522 0.0033904414)
(0.066681008 0.35505583 0.0045367697)
(0.061536635 0.34665353 0.0044552063)
(0.056014975 0.33921618 0.0032811569)
(0.050309616 0.3324397 0.0011945978)
(0.044663194 0.32585347 -0.0015835954)
(0.039209431 0.31883631 -0.0048037042)
(0.03404157 0.31069926 -0.0082265416)
(0.029240894 0.30081553 -0.011620803)
(0.024858913 0.28874885 -0.014784385)
(0.020917578 0.2743535 -0.017556138)
(0.017427127 0.25778233 -0.019830359)
(0.01437613 0.23942843 -0.021551193)
(0.011743579 0.21982841 -0.022699895)
(0.0094782148 0.19956208 -0.023279413)
(0.007560297 0.17917256 -0.023312131)
(0.0059427289 0.15911725 -0.022848475)
(0.0045911073 0.13974638 -0.021949572)
(0.0034802955 0.12130288 -0.020678519)
(0.0025801397 0.10393566 -0.019096852)
(0.001849369 0.087718153 -0.017262188)
(0.001274283 0.072667442 -0.01522712)
(0.00084548992 0.058761299 -0.013040598)
(0.00052408201 0.045952027 -0.010747691)
(0.00028947841 0.034176975 -0.0083879505)
(0.00013366514 0.023366098 -0.0059951219)
(4.3060071e-05 0.013447118 -0.0035976815)
(2.9280989e-06 0.0043488725 -0.0012193361)
(0.03892457 0.61453838 0.011000638)
(0.0259425 0.55345961 -0.001030572)
(0.063011127 0.51092564 -0.014913604)
(0.082137056 0.47765259 -0.020824369)
(0.093235898 0.45120038 -0.020626647)
(0.099980316 0.43046778 -0.016360998)
(0.10335579 0.41432704 -0.0099527792)
(0.10406576 0.40156983 -0.0029364798)
(0.10265732 0.39109302 0.0036120144)
(0.099507775 0.3820877 0.0090395418)
(0.094967151 0.37407394 0.013021964)
(0.089382567 0.36679405 0.015474669)
(0.083068053 0.36010897 0.016474475)
(0.076303962 0.35388957 0.016203011)
(0.069338029 0.34788821 0.01490972)
(0.062366889 0.34171201 0.012850583)
(0.055552879 0.33479476 0.010276884)
(0.049010071 0.3264024 0.0074287818)
(0.042812537 0.31584658 0.0045144635)
(0.037026432 0.30273029 0.0017097605)
(0.031696982 0.28693745 -0.00084770368)
(0.026845582 0.26868956 -0.0030604903)
(0.022477936 0.24847631 -0.0048709598)
(0.018588263 0.22693856 -0.0062586613)
(0.015162557 0.20474913 -0.007232593)
(0.012180691 0.18252148 -0.0078233722)
(0.0096162113 0.16075699 -0.0080746505)
(0.0074390671 0.13982688 -0.0080328512)
(0.0056177908 0.11997835 -0.0077430594)
(0.0041201765 0.10135361 -0.0072472238)
(0.0029068381 0.084013407 -0.0065821514)
(0.0019490459 0.067959714 -0.0057775442)
(0.001220859 0.053155008 -0.0048613464)
(0.00068778983 0.03953735 -0.0038612649)
(0.00032392141 0.027031467 -0.0028018923)
(0.00010683604 0.015556483 -0.0017041915)
(8.0246871e-06 0.0050310345 -0.00058581668)
(0.038080162 0.61923912 -0.008908893)
(0.024668521 0.55123702 -0.028842525)
(0.060571942 0.493052 -0.03710049)
(0.077590822 0.44772907 -0.037968829)
(0.087338304 0.41569664 -0.032994119)
(0.093695762 0.39456312 -0.024681068)
(0.097510506 0.38125527 -0.01497393)
(0.099260423 0.37309533 -0.0050557047)
(0.099321368 0.36807749 0.0042991338)
(0.097899724 0.36473549 0.012568852)
(0.095117955 0.36210226 0.019445143)
(0.091150406 0.35959107 0.024770848)
(0.086172306 0.35687496 0.028522323)
(0.080440772 0.35405747 0.030793453)
(0.074224291 0.35079402 0.031760238)
(0.067722643 0.34684997 0.031645147)
(0.061127193 0.34183634 0.030690539)
(0.054596331 0.33515211 0.029133192)
(0.048252216 0.32614271 0.027191907)
(0.042189964 0.3143111 0.025052166)
(0.036481319 0.29945592 0.022856886)
(0.031178408 0.28173284 0.02070566)
(0.026316962 0.26161188 0.01865849)
(0.02191826 0.23976436 0.016743365)
(0.017990497 0.21693063 0.014965797)
(0.014530201 0.19380949 0.013317927)
(0.011523845 0.17098826 0.011785667)
(0.0089498249 0.14891341 0.01035347)
(0.0067805318 0.12789157 0.0090070171)
(0.0049842725 0.10810792 0.0077343998)
(0.0035269237 0.089651695 0.0065264326)
(0.0023734302 0.072541898 0.0053770166)
(0.0014889396 0.056749653 0.0042829457)
(0.00083994873 0.042215929 0.0032426012)
(0.00039611114 0.028864676 0.0022549629)
(0.00013081673 0.016612037 0.0013192715)
(9.8102582e-06 0.0053724806 0.00043481186)
(0.034912993 0.60769305 -0.024638733)
(0.013805181 0.51023959 -0.050501615)
(0.046598523 0.43368768 -0.054309932)
(0.058436627 0.38291693 -0.050661846)
(0.06569703 0.35303092 -0.041963364)
(0.070866456 0.33713264 -0.031043937)
(0.07429147 0.32987191 -0.019493966)
(0.076386525 0.3277818 -0.0079871631)
(0.077411536 0.32871149 0.0031063358)
(0.077439867 0.33121394 0.013426955)
(0.076431273 0.33423297 0.022655441)
(0.074379609 0.33708193 0.030549043)
(0.071358368 0.33934418 0.036947681)
(0.067512129 0.34070743 0.041821996)
(0.063025237 0.3410156 0.045237845)
(0.058086031 0.34001957 0.047349847)
(0.052874693 0.33731392 0.048353943)
(0.047550816 0.33235447 0.048462863)
(0.042249963 0.3245762 0.047881027)
(0.037084757 0.31356975 0.046782105)
(0.0321471 0.29922686 0.045299085)
(0.027509513 0.28179238 0.043523477)
(0.023225653 0.26181305 0.041511868)
(0.019331177 0.24001937 0.039296786)
(0.015845208 0.21719271 0.036897657)
(0.012772324 0.19405719 0.034329483)
(0.010104937 0.17121391 0.031608383)
(0.0078258624 0.14911572 0.028754195)
(0.0059108598 0.12807135 0.025790896)
(0.0043309663 0.10826614 0.022745693)
(0.0030545099 0.089788795 0.019647541)
(0.0020487282 0.072657821 0.016525575)
(0.0012810399 0.056844099 0.013407738)
(0.00072030788 0.042288658 0.010319742)
(0.00033851134 0.02891575 0.0072843732)
(0.0001112932 0.016641958 0.0043211061)
(8.2037938e-06 0.0053822352 0.0014459994)
(0.032049995 0.59137214 -0.035679596)
(0.0055593039 0.46601749 -0.065156556)
(0.034922272 0.37897708 -0.066301865)
(0.041271439 0.33044462 -0.059457236)
(0.045879881 0.30691987 -0.048142921)
(0.049151038 0.29708982 -0.035631847)
(0.051145208 0.29448585 -0.023087397)
(0.052361308 0.29588939 -0.010768381)
(0.053049125 0.29963461 0.0012461907)
(0.053236829 0.30477189 0.012798496)
(0.052834564 0.31052472 0.023607668)
(0.051764852 0.3162469 0.033378894)
(0.050012508 0.32140874 0.041863575)
(0.047625124 0.32557142 0.048908734)
(0.044696594 0.32835046 0.054473993)
(0.041347539 0.32932183 0.058620951)
(0.037708264 0.32797632 0.061480545)
(0.033905269 0.32376103 0.063210494)
(0.030058757 0.31620908 0.063974206)
(0.02627496 0.30508798 0.063913369)
(0.022643447 0.29049243 0.063133181)
(0.019234675 0.2728463 0.061716617)
(0.01609961 0.25281786 0.059726452)
(0.013271648 0.23119319 0.057211391)
(0.01076699 0.20875399 0.05421904)
(0.0085868197 0.18618914 0.050801341)
(0.0067205214 0.16404842 0.047016032)
(0.0051491081 0.14273192 0.042925649)
(0.0038482745 0.12250271 0.038595215)
(0.0027908921 0.10351101 0.034089548)
(0.0019489192 0.085821202 0.029470795)
(0.0012947544 0.069436696 0.024796497)
(0.00080214865 0.054320432 0.020118303)
(0.00044695898 0.040410572 0.015481264)
(0.00020807051 0.027631836 0.010923598)
(6.7575525e-05 0.015903278 0.0064767857)
(4.755067e-06 0.0051433809 0.0021659698)
(0.030632761 0.57656052 -0.044153113)
(0.0012841047 0.43105183 -0.075598387)
(0.026975248 0.34068663 -0.074274792)
(0.028252351 0.29882787 -0.065073738)
(0.030639844 0.28313097 -0.051672484)
(0.032001782 0.27899137 -0.037955544)
(0.032399094 0.27968758 -0.024724843)
(0.032343666 0.28251947 -0.011937274)
(0.032101021 0.28670863 0.00053013346)
(0.031706111 0.29201868 0.012674466)
(0.031094804 0.29801157 0.024313782)
(0.030201964 0.30419557 0.035167059)
(0.028981615 0.31000889 0.044943783)
(0.027424171 0.31486379 0.053417921)
(0.025556256 0.31815715 0.060465256)
(0.023432633 0.31926465 0.066062653)
(0.021127479 0.31756953 0.070260744)
(0.018724287 0.31255092 0.073148083)
(0.016294824 0.30390515 0.074828282)
(0.013946446 0.29163864 0.075414313)
(0.01175031 0.27608785 0.075013201)
(0.0096976382 0.25785609 0.073710555)
(0.0078818874 0.23769812 0.071551969)
(0.0062982888 0.21639948 0.068617169)
(0.0049462177 0.1946792 0.065001448)
(0.0038151562 0.17313198 0.06080649)
(0.0028865779 0.15220743 0.056136945)
(0.0021377338 0.1322158 0.051096794)
(0.0015445024 0.11334835 0.045785668)
(0.0010832331 0.095702975 0.040295814)
(0.00073189793 0.079309224 0.034710044)
(0.0004707263 0.06414969 0.029100652)
(0.00028246608 0.050176861 0.023529136)
(0.00015244497 0.037325603 0.018046518)
(6.8606266e-05 0.025521947 0.012694039)
(2.1314703e-05 0.01468899 0.0075040572)
(1.2545113e-06 0.0047506792 0.0025010864)
(0.029409734 0.56261925 -0.051083864)
(-0.0029384064 0.40107311 -0.082187371)
(0.019807607 0.31201624 -0.078679051)
(0.016415032 0.27976397 -0.067766759)
(0.017414185 0.27249719 -0.05280186)
(0.017248481 0.27363498 -0.038209193)
(0.016446047 0.27685509 -0.024457418)
(0.015431243 0.28057167 -0.011356507)
(0.014394363 0.28467453 0.0013333895)
(0.013393764 0.28932879 0.013702063)
(0.012426309 0.29448549 0.025655435)
(0.011462016 0.29980301 0.036952525)
(0.010463538 0.30471911 0.047305092)
(0.0094043271 0.30854326 0.056460603)
(0.0082772462 0.31053473 0.064247391)
(0.0070944909 0.30997951 0.070581828)
(0.0058849453 0.30628597 0.075451266)
(0.004712806 0.29909092 0.078889867)
(0.0035929954 0.28834 0.080958831)
(0.0026130118 0.27430447 0.081708376)
(0.0016836695 0.25752738 0.08120844)
(0.00097067944 0.23871667 0.079560394)
(0.00046097686 0.21862815 0.076914636)
(6.4872439e-05 0.19796806 0.073397502)
(-0.00019722109 0.17733226 0.069146706)
(-0.00034923512 0.15718121 0.064303594)
(-0.00041760817 0.13784118 0.059006039)
(-0.00042563245 0.11952123 0.053382912)
(-0.00039316161 0.10233664 0.047550342)
(-0.00033662694 0.086332671 0.041609689)
(-0.0002690012 0.071505485 0.035646935)
(-0.00019998628 0.057818894 0.029733122)
(-0.00013640394 0.045216997 0.023925449)
(-8.27285e-05 0.033633228 0.018268742)
(-4.1718004e-05 0.022996538 0.012797054)
(-1.487284e-05 0.013235453 0.0075352428)
(-1.3909025e-06 0.0042805869 0.0025004739)
(0.027543734 0.54874289 -0.056174651)
(-0.008163535 0.37399554 -0.084735121)
(0.011902582 0.28973147 -0.080820712)
(0.0044292904 0.26789526 -0.067928069)
(0.0046568363 0.26829203 -0.052109436)
(0.0032471264 0.2738271 -0.036973993)
(0.0016524723 0.27917538 -0.022843624)
(4.749484e-05 0.28357754 -0.0095294448)
(-0.0014472463 0.2874881 0.0032485354)
(-0.002768021 0.29136293 0.015630054)
(-0.0038878094 0.2953113 0.027565113)
(-0.0048097099 0.29905605 0.03885142)
(-0.0055529552 0.30203497 0.049227794)
(-0.0061408556 0.30353116 0.058438814)
(-0.0065912875 0.30281203 0.066288631)
(-0.0069104561 0.2992594 0.072651563)
(-0.0070939191 0.29248372 0.077467253)
(-0.0071377164 0.28239758 0.080727566)
(-0.0070375932 0.26922707 0.082459484)
(-0.006747077 0.25345731 0.08275892)
(-0.0063588658 0.23573461 0.081744649)
(-0.0058557504 0.21675805 0.079542745)
(-0.0052747125 0.19718964 0.076315351)
(-0.0046489177 0.17759444 0.072248884)
(-0.0040061745 0.15841398 0.067519123)
(-0.0033732806 0.13996523 0.062292626)
(-0.0027723019 0.12245511 0.056721261)
(-0.0022195429 0.10600141 0.050938304)
(-0.0017258118 0.090654727 0.045056858)
(-0.0012971189 0.076417909 0.039170072)
(-0.00093552626 0.063261887 0.033352515)
(-0.00064001745 0.051137714 0.027662183)
(-0.00040731841 0.039985272 0.022142793)
(-0.00023273115 0.029739308 0.016826069)
(-0.00011108088 0.020333429 0.011733877)
(-3.720383e-05 0.011702639 0.0068801157)
(-2.9107091e-06 0.0037848495 0.0022723549)
(0.025228276 0.53491372 -0.059001435)
(-0.013524441 0.34978335 -0.083062771)
(0.003220852 0.27212582 -0.080716788)
(-0.0075525081 0.25946516 -0.065654576)
(-0.0085300526 0.26596559 -0.049855156)
(-0.010901015 0.27479802 -0.034580596)
(-0.013018671 0.28176318 -0.020328464)
(-0.014901208 0.28674186 -0.0069769135)
(-0.016503761 0.29045641 0.0057204517)
(-0.017786382 0.29346031 0.017907822)
(-0.018722969 0.2958816 0.029547159)
(-0.019297487 0.29744519 0.040456541)
(-0.019524683 0.29768329 0.050392552)
(-0.019428515 0.29593484 0.059112271)
(-0.019028857 0.29166246 0.066416721)
(-0.018355093 0.28451732 0.07216685)
(-0.017436743 0.27442033 0.07629395)
(-0.016307392 0.26157429 0.078798224)
(-0.014998144 0.2464149 0.079745492)
(-0.013604264 0.22952333 0.079257962)
(-0.012108083 0.21152848 0.077484753)
(-0.010605002 0.19302632 0.074626835)
(-0.0091312472 0.17452654 0.070883531)
(-0.0077263422 0.15642903 0.066453785)
(-0.0064207626 0.13902227 0.061523168)
(-0.0052351756 0.12249555 0.056257255)
(-0.0041814425 0.10695749 0.050798075)
(-0.0032640334 0.092455499 0.045263219)
(-0.0024815477 0.078993201 0.039746894)
(-0.0018282214 0.066544759 0.034322189)
(-0.0012952895 0.05506579 0.029043911)
(-0.00087211854 0.044501322 0.023951567)
(-0.00054710616 0.034791339 0.019072205)
(-0.00030850919 0.025874492 0.014422962)
(-0.00014538253 0.017690473 0.010013246)
(-4.7969647e-05 0.010181453 0.0058465468)
(-3.5901826e-06 0.0032928719 0.0019219145)
(0.022789523 0.52107404 -0.059008476)
(-0.019130315 0.32765422 -0.077969318)
(-0.0072000768 0.25692546 -0.076549245)
(-0.019566185 0.25148038 -0.061268299)
(-0.022676961 0.2620268 -0.046053813)
(-0.025761722 0.27285582 -0.031174039)
(-0.02818054 0.28083991 -0.01720066)
(-0.030055885 0.28614623 -0.0041237206)
(-0.031410151 0.2894367 0.0082154113)
(-0.032241297 0.29127867 0.019914264)
(-0.032568669 0.29179326 0.030918372)
(-0.032393141 0.29070747 0.041051366)
(-0.031726152 0.28764269 0.05008499)
(-0.030608207 0.28227839 0.057802818)
(-0.029089508 0.2743783 0.064023894)
(-0.027233155 0.26392353 0.068639989)
(-0.025112496 0.25112447 0.071623788)
(-0.022807729 0.23638054 0.073026804)
(-0.020401254 0.22020693 0.072968118)
(-0.01797557 0.2031537 0.071615115)
(-0.015599899 0.18573843 0.069169109)
(-0.013336322 0.16840255 0.0658462)
(-0.0112291 0.15149137 0.061854902)
(-0.0093087365 0.13525327 0.057387715)
(-0.0075924662 0.1198505 0.052613833)
(-0.0060861706 0.1053752 0.047675716)
(-0.0047868139 0.091866137 0.042688804)
(-0.0036848582 0.079323904 0.037743311)
(-0.0027664088 0.067723281 0.032907182)
(-0.0020149951 0.057022773 0.028229528)
(-0.0014129574 0.047171567 0.023744064)
(-0.00094245413 0.038114402 0.019472286)
(-0.00058616246 0.029794843 0.015426234)
(-0.00032788562 0.022157384 0.011610808)
(-0.00015329149 0.015148739 0.0080256416)
(-5.00905e-05 0.0087185499 0.0046665879)
(-3.6326358e-06 0.0028197436 0.0015268727)
(0.020370334 0.50724804 -0.055192009)
(-0.025430172 0.30653042 -0.070581044)
(-0.019221736 0.24259316 -0.068450662)
(-0.032441567 0.24175778 -0.054877106)
(-0.037562208 0.253646 -0.040771891)
(-0.041407138 0.26474977 -0.026906558)
(-0.043944501 0.27277898 -0.013765563)
(-0.045505283 0.27781253 -0.0014464124)
(-0.046219027 0.28030415 0.010103557)
(-0.046155393 0.28060626 0.020888588)
(-0.045390589 0.27879727 0.030812866)
(-0.043976512 0.27484412 0.039714335)
(-0.041980961 0.26863746 0.047397072)
(-0.039487555 0.26013608 0.053681537)
(-0.036596337 0.24943367 0.058448433)
(-0.033419944 0.23678075 0.061657574)
(-0.030076123 0.22255813 0.063350503)
(-0.026679423 0.20722281 0.063640527)
(-0.023333568 0.19124721 0.062694476)
(-0.020125605 0.17506834 0.060711258)
(-0.017122667 0.15905501 0.057902073)
(-0.014370841 0.14349371 0.054472921)
(-0.011896713 0.12858898 0.050611633)
(-0.0097103673 0.11447295 0.046481065)
(-0.0078088604 0.10121882 0.042216297)
(-0.0061797066 0.088855034 0.0379249)
(-0.0048040368 0.077377947 0.033689205)
(-0.0036592309 0.066762222 0.029569635)
(-0.0027209703 0.056968864 0.025608403)
(-0.0019647427 0.047951089 0.021833105)
(-0.001366874 0.03965845 0.018259972)
(-0.00090516666 0.032039623 0.014896638)
(-0.00055925692 0.025044201 0.011744419)
(-0.00031091102 0.018623798 0.0088001279)
(-0.00014447621 0.012732666 0.0060574814)
(-4.6871246e-05 0.0073279973 0.0035081744)
(-3.324847e-06 0.0023700142 0.0011426759)
(0.018096794 0.49567185 -0.047025052)
(-0.032060007 0.28885377 -0.060045065)
(-0.030891042 0.22900675 -0.057203335)
(-0.045583826 0.22894136 -0.046069702)
(-0.052544383 0.23891854 -0.03397763)
(-0.057201075 0.2479774 -0.021901846)
(-0.059734008 0.25441415 -0.010335613)
(-0.0606859 0.25802513 0.00053569559)
(-0.060346911 0.25892095 0.010658745)
(-0.05892168 0.25732526 0.019938855)
(-0.05659681 0.25334769 0.028264541)
(-0.053528493 0.24709448 0.035491092)
(-0.049869797 0.23870013 0.041465669)
(-0.045780372 0.22837719 0.046081881)
(-0.041422921 0.21642712 0.049299954)
(-0.036954894 0.20322269 0.051153955)
(-0.032519747 0.18917175 0.051744817)
(-0.028239293 0.17467631 0.051224145)
(-0.024208869 0.16009853 0.049774032)
(-0.020495781 0.14573925 0.047587364)
(-0.017140666 0.13182969 0.044851585)
(-0.01416086 0.11853347 0.041737151)
(-0.011555101 0.10595502 0.038390907)
(-0.0093084459 0.094150815 0.034933575)
(-0.0073967377 0.083140869 0.031460223)
(-0.0057903608 0.07291905 0.028042605)
(-0.004457187 0.063461524 0.02473243)
(-0.0033647367 0.054733284 0.021564918)
(-0.0024816583 0.046692958 0.018562214)
(-0.0017786608 0.03929618 0.015736426)
(-0.0012290262 0.0324979 0.013092193)
(-0.00080880892 0.026253866 0.010628772)
(-0.00049683647 0.020521551 0.0083416814)
(-0.00027470498 0.015260679 0.0062239587)
(-0.00012696281 0.010433488 0.0042671061)
(-4.0916282e-05 0.0060048167 0.0024617868)
(-2.8306643e-06 0.0019420847 0.00079832083)
(0.016394037 0.48726636 -0.035283291)
(-0.037701964 0.27506728 -0.046042678)
(-0.041236661 0.21651193 -0.043147482)
(-0.057640124 0.21346214 -0.034847686)
(-0.066284959 0.21842098 -0.025666438)
(-0.071689678 0.22275789 -0.016305227)
(-0.074097625 0.22536926 -0.0072375851)
(-0.074235567 0.22590533 0.0013113925)
(-0.072583556 0.22425417 0.0092019115)
(-0.069529422 0.22052389 0.016311908)
(-0.06541405 0.21481011 0.022533936)
(-0.060531257 0.20727922 0.027747117)
(-0.055148878 0.19816282 0.031863942)
(-0.049510002 0.18774961 0.034852884)
(-0.04382875 0.17636591 0.036732777)
(-0.038285249 0.16434961 0.037579374)
(-0.033021248 0.15202264 0.037512044)
(-0.028138816 0.13966931 0.0366771)
(-0.023702348 0.12752327 0.035231293)
(-0.019743216 0.11576334 0.033327929)
(-0.016265974 0.1045161 0.031106825)
(-0.013255048 0.093862745 0.028687629)
(-0.010681052 0.083847789 0.026169998)
(-0.0085062583 0.074487718 0.023632254)
(-0.0066889187 0.065778755 0.021133261)
(-0.0051864363 0.057703243 0.018715211)
(-0.0039575577 0.050234572 0.01640662)
(-0.0029637398 0.04334083 0.014225195)
(-0.0021699026 0.036987398 0.012180386)
(-0.0015447449 0.031138731 0.010275528)
(-0.0010607605 0.025759547 0.0085095927)
(-0.00069405407 0.02081559 0.0068785491)
(-0.00042405226 0.016274091 0.00537641)
(-0.00023326701 0.012104032 0.0039960093)
(-0.00010725976 0.0082762777 0.0027295697)
(-3.4357183e-05 0.0047636084 0.0015691114)
(-2.3243082e-06 0.0015407028 0.00050673033)
(0.016777442 0.48228309 -0.021116146)
(-0.04162186 0.26589497 -0.028501411)
(-0.048834778 0.20634753 -0.02653586)
(-0.066829779 0.19860613 -0.02160457)
(-0.07679793 0.19714173 -0.016086065)
(-0.082762156 0.19521608 -0.010357668)
(-0.084977479 0.19244709 -0.0047440173)
(-0.084318305 0.18864498 0.00056769165)
(-0.081440126 0.18372579 0.0054510318)
(-0.076915371 0.17771558 0.0098015378)
(-0.071227211 0.17067973 0.013533551)
(-0.064806572 0.16274244 0.016587345)
(-0.058023358 0.15407196 0.018924437)
(-0.051189894 0.14485886 0.020541602)
(-0.044544271 0.13530202 0.021472996)
(-0.03827072 0.12559655 0.021787882)
(-0.032492202 0.11591576 0.021575118)
(-0.027279953 0.10640408 0.020933614)
(-0.022662536 0.097174393 0.019962899)
(-0.018636234 0.088309104 0.018755863)
(-0.015172182 0.079863183 0.017394559)
(-0.012227909 0.071870197 0.015946971)
(-0.0097537922 0.06434668 0.014467101)
(-0.007695289 0.057295606 0.012996519)
(-0.0059989978 0.050710691 0.011565138)
(-0.0046143496 0.044579199 0.010194045)
(-0.0034949653 0.03888404 0.0088967736)
(-0.0025993255 0.033605322 0.0076809981)
(-0.0018909241 0.028721479 0.0065500191)
(-0.0013381084 0.024210076 0.0055039851)
(-0.00091373429 0.020048397 0.0045408549)
(-0.00059471748 0.016213875 0.0036571383)
(-0.00036155458 0.012684405 0.0028484502)
(-0.00019793549 0.0094385695 0.0021099173)
(-9.0570833e-05 0.0064558055 0.0014364705)
(-2.8831621e-05 0.0037165164 0.00082305536)
(-1.9376929e-06 0.0012021458 0.00026476854)
(0.017550358 0.48004439 -0.006038887)
(-0.043801113 0.26162707 -0.0085243926)
(-0.052675102 0.20055189 -0.0081976189)
(-0.071576637 0.19000924 -0.0070724889)
(-0.08223778 0.18421687 -0.005740507)
(-0.088485443 0.17791095 -0.0042991407)
(-0.09058006 0.17120115 -0.0028389424)
(-0.089477376 0.16411441 -0.0014150359)
(-0.085918065 0.15669803 -9.3009088e-05)
(-0.080576704 0.14900013 0.0011042561)
(-0.074024759 0.14108398 0.0021517681)
(-0.066777825 0.13301853 0.0030342014)
(-0.059252116 0.12487721 0.0037343093)
(-0.051792691 0.11673877 0.0042454788)
(-0.044656984 0.10867632 0.0045783064)
(-0.038024607 0.10075557 0.0047494709)
(-0.032005094 0.093032246 0.0047801611)
(-0.026650266 0.085548846 0.0046948802)
(-0.021967445 0.078338661 0.0045184067)
(-0.017932121 0.071426443 0.0042742447)
(-0.014498975 0.064829524 0.0039835093)
(-0.011610918 0.058559089 0.0036651259)
(-0.0092063008 0.052621255 0.0033332373)
(-0.0072224001 0.04701774 0.0029989288)
(-0.0056002682 0.041747088 0.0026701158)
(-0.0042861223 0.036805001 0.0023528935)
(-0.0032310228 0.032184407 0.0020514252)
(-0.0023922707 0.027876088 0.0017682585)
(-0.0017329195 0.023869026 0.0015047129)
(-0.0012213616 0.02015075 0.0012612032)
(-0.00083081881 0.016707674 0.001037499)
(-0.00053877154 0.013525424 0.00083292756)
(-0.00032638865 0.010589152 0.00064652877)
(-0.00017806831 0.0078838122 0.000477171)
(-8.1188439e-05 0.0053944065 0.00032363649)
(-2.5725493e-05 0.003106189 0.0001846882)
(-1.7032809e-06 0.0010048314 5.9112654e-05)
(0.017632243 0.48052905 0.009515896)
(-0.043466228 0.26264423 0.012244001)
(-0.052155251 0.20201912 0.010669599)
(-0.070988694 0.19214033 0.0078796533)
(-0.081643263 0.18714346 0.0048875892)
(-0.087949223 0.18158828 0.0018770334)
(-0.090147932 0.17551275 -0.0010110922)
(-0.089213975 0.1688903 -0.003699758)
(-0.08585202 0.16175802 -0.0061145896)
(-0.080691013 0.15416629 -0.0082009311)
(-0.074293928 0.14619792 -0.0099172693)
(-0.067165699 0.1379455 -0.011241391)
(-0.059718691 0.12951104 -0.012160402)
(-0.052299314 0.12100404 -0.012689409)
(-0.045170608 0.11252695 -0.012860705)
(-0.038519672 0.10417195 -0.012721747)
(-0.032463105 0.096033609 -0.012331206)
(-0.027059914 0.088161332 -0.011748483)
(-0.022324158 0.080594981 -0.011029318)
(-0.018235789 0.073363216 -0.010222777)
(-0.014752462 0.066484298 -0.0093698014)
(-0.011818841 0.059968084 -0.0085037522)
(-0.0093741384 0.053817919 -0.0076484622)
(-0.0073558269 0.048031986 -0.0068210407)
(-0.0057047462 0.042605042 -0.0060324266)
(-0.0043666616 0.037529087 -0.0052896166)
(-0.0032920579 0.032793619 -0.0045963701)
(-0.0024376372 0.028386367 -0.0039539127)
(-0.0017658765 0.024293675 -0.003361701)
(-0.0012446395 0.020500828 -0.0028180136)
(-0.00084667921 0.01699237 -0.0023203908)
(-0.00054906976 0.013752387 -0.0018659536)
(-0.00033263341 0.010764767 -0.0014516297)
(-0.00018147706 0.0080134425 -0.0010743093)
(-8.274547e-05 0.0054825862 -0.0007309494)
(-2.6215598e-05 0.0031567851 -0.00041863897)
(-1.7385487e-06 0.0010211731 -0.0001346368)
(0.016753424 0.48356773 0.02431657)
(-0.040729013 0.26872238 0.031871859)
(-0.047351081 0.21010457 0.028784882)
(-0.065128683 0.20413616 0.022308427)
(-0.075033043 0.20453568 0.015292163)
(-0.081156278 0.20419962 0.0081820651)
(-0.083733803 0.20262357 0.0013034071)
(-0.083564356 0.1995892 -0.0051669789)
(-0.08120788 0.19510374 -0.011071941)
(-0.077195496 0.18919715 -0.016308457)
(-0.071960949 0.18198323 -0.02077132)
(-0.065899654 0.17363112 -0.024379385)
(-0.059364734 0.16435453 -0.027077286)
(-0.052664385 0.15439756 -0.028860939)
(-0.046057211 0.1440128 -0.029775606)
(-0.039743893 0.13343997 -0.029908951)
(-0.033867746 0.12289233 -0.029378101)
(-0.028522338 0.11254607 -0.028314337)
(-0.023754074 0.10253602 -0.026849023)
(-0.019573033 0.092957761 -0.025103896)
(-0.015959987 0.083872087 -0.023185523)
(-0.012878533 0.075312883 -0.021180782)
(-0.010282312 0.067293225 -0.019157404)
(-0.0081179139 0.059810304 -0.01716659)
(-0.0063317187 0.052850935 -0.015244219)
(-0.0048721011 0.046395176 -0.013414548)
(-0.0036911849 0.040418975 -0.011692241)
(-0.0027457866 0.034896045 -0.010084688)
(-0.0019977389 0.029799134 -0.0085939908)
(-0.0014138291 0.02510089 -0.0072185462)
(-0.00096550485 0.020774419 -0.00595427)
(-0.00062844347 0.016793658 -0.0047955175)
(-0.00038207209 0.013133603 -0.0037357558)
(-0.00020917488 0.0097704577 -0.0027680444)
(-9.5714692e-05 0.0066817137 -0.00188537)
(-3.0471616e-05 0.0038461888 -0.0010808726)
(-2.0480537e-06 0.0012440347 -0.000347987)
(0.016456418 0.48922013 0.038027344)
(-0.03640758 0.27928687 0.048630885)
(-0.038964631 0.22158375 0.044945319)
(-0.055071713 0.22048392 0.035320667)
(-0.063603274 0.22721198 0.024922182)
(-0.069231386 0.23284334 0.014481597)
(-0.072139768 0.23625144 0.0044298746)
(-0.072955452 0.23719874 -0.005033652)
(-0.072057807 0.23574423 -0.013798475)
(-0.0697746 0.23201016 -0.021759818)
(-0.066365799 0.22613792 -0.028786069)
(-0.062071477 0.21830905 -0.034720613)
(-0.057126639 0.20876276 -0.039435534)
(-0.051763788 0.19779791 -0.042859394)
(-0.046205823 0.18575961 -0.044993832)
(-0.040654948 0.17301227 -0.045911477)
(-0.035282263 0.15990912 -0.045740809)
(-0.03022086 0.14676602 -0.044650272)
(-0.025563693 0.1338445 -0.042826246)
(-0.021365854 0.12134506 -0.040454144)
(-0.017649891 0.1094091 -0.037704568)
(-0.014412619 0.098126136 -0.034724132)
(-0.011632212 0.087543687 -0.031634526)
(-0.0092747488 0.077677321 -0.028530893)
(-0.0072996073 0.068519748 -0.025484113)
(-0.0056635353 0.060048302 -0.022544327)
(-0.0043235525 0.052230715 -0.019744775)
(-0.0032388324 0.045029337 -0.017105461)
(-0.0023718073 0.038404101 -0.014636392)
(-0.0016887089 0.032314502 -0.01234028)
(-0.0011597159 0.026720884 -0.010214714)
(-0.00075883616 0.02158521 -0.0082538402)
(-0.00046364217 0.016871498 -0.0064496268)
(-0.00025504433 0.012546029 -0.0047927939)
(-0.00011727432 0.0085774133 -0.0032734804)
(-3.7559192e-05 0.0049365573 -0.0018817108)
(-2.5403147e-06 0.0015965851 -0.00060770373)
(0.018527769 0.49835153 0.048993749)
(-0.030403551 0.29421405 0.061708033)
(-0.028045693 0.23483772 0.058427273)
(-0.04238072 0.23593346 0.046173141)
(-0.049153342 0.24689393 0.033270862)
(-0.05402113 0.25646974 0.020515573)
(-0.057074537 0.26303395 0.0083388391)
(-0.058748848 0.26658841 -0.0031392744)
(-0.059257214 0.26742333 -0.013925774)
(-0.058743157 0.26579834 -0.023958709)
(-0.057302234 0.26183687 -0.03311571)
(-0.055023691 0.2556171 -0.041213904)
(-0.052008906 0.24723239 -0.048041715)
(-0.048387068 0.23684459 -0.053426824)
(-0.044312427 0.22472003 -0.057270767)
(-0.039953975 0.2112176 -0.059565176)
(-0.035480867 0.19675209 -0.06039021)
(-0.031048165 0.18174807 -0.059898302)
(-0.026786196 0.16659817 -0.058289744)
(-0.022794692 0.15163476 -0.055786791)
(-0.019141476 0.13711682 -0.052611786)
(-0.015864707 0.12322947 -0.048970658)
(-0.012977573 0.11009187 -0.045042633)
(-0.010474104 0.097769141 -0.040975726)
(-0.0083347925 0.086285123 -0.036886568)
(-0.0065315202 0.075634038 -0.032862957)
(-0.005031525 0.065790157 -0.028967819)
(-0.0038003711 0.056715288 -0.025243641)
(-0.0028040325 0.048364274 -0.021716764)
(-0.0020102456 0.040688835 -0.018401227)
(-0.0013892979 0.03364016 -0.015301991)
(-0.00091439294 0.027170549 -0.012417557)
(-0.00056174008 0.021234405 -0.0097420027)
(-0.0003106079 0.015788775 -0.0072665282)
(-0.00014356042 0.010793596 -0.0049806075)
(-4.6267888e-05 0.0062117404 -0.0028728217)
(-3.1993487e-06 0.0020089593 -0.00093143918)
(0.021011505 0.51086505 0.056034946)
(-0.023387351 0.3132151 0.071328761)
(-0.015559135 0.24893243 0.068867665)
(-0.028725743 0.24807688 0.054507703)
(-0.033479217 0.26002258 0.040038346)
(-0.037444826 0.27096942 0.02588429)
(-0.040393434 0.27866612 0.012515307)
(-0.042581121 0.28336643 -5.8997039e-05)
(-0.044097587 0.28565986 -0.011981317)
(-0.044962125 0.28595788 -0.023315181)
(-0.045171757 0.28434028 -0.033975817)
(-0.044705448 0.28071788 -0.043788736)
(-0.043559014 0.27495532 -0.052505435)
(-0.041763629 0.26690685 -0.059861753)
(-0.039385965 0.25657902 -0.065647683)
(-0.036527623 0.24415598 -0.069738155)
(-0.033316425 0.22998318 -0.072110369)
(-0.029892295 0.21451411 -0.072841407)
(-0.026392425 0.19824298 -0.072090302)
(-0.022941444 0.18164323 -0.070069082)
(-0.019640315 0.16512489 -0.067017757)
(-0.016565398 0.14901291 -0.063181155)
(-0.01376644 0.1335435 -0.058789096)
(-0.011269935 0.11887214 -0.054043391)
(-0.0090835268 0.10508755 -0.049112798)
(-0.0072006143 0.09222724 -0.044132309)
(-0.0056046735 0.080291754 -0.039205385)
(-0.0042729492 0.069256638 -0.034407882)
(-0.0031793837 0.059081664 -0.029792643)
(-0.0022967922 0.049717624 -0.025394066)
(-0.0015983769 0.041111091 -0.021232262)
(-0.0010586898 0.033207603 -0.017316611)
(-0.0006541966 0.025953712 -0.013648677)
(-0.0003637183 0.019298214 -0.010224512)
(-0.00016902377 0.013192828 -0.0070364391)
(-5.4830429e-05 0.0075925047 -0.0040743868)
(-3.8892596e-06 0.0024555109 -0.001326871)
(0.023514027 0.52490019 0.058636057)
(-0.017077563 0.33493589 0.077777255)
(-0.0036588098 0.2636139 0.076151883)
(-0.015538004 0.25719535 0.060283594)
(-0.017863915 0.26697181 0.045124183)
(-0.020887008 0.27717705 0.030292861)
(-0.023491301 0.28459634 0.016457036)
(-0.025798783 0.28943889 0.0035038868)
(-0.027831012 0.29246871 -0.0088366791)
(-0.029526835 0.29417955 -0.020743586)
(-0.030833188 0.29486201 -0.032229389)
(-0.031702764 0.29425642 -0.043150202)
(-0.032060376 0.29190146 -0.053245079)
(-0.031865474 0.28738733 -0.062219903)
(-0.031115016 0.28037263 -0.069791231)
(-0.029835528 0.27071625 -0.0757291)
(-0.028088917 0.25852851 -0.079893748)
(-0.025966346 0.24414888 -0.082250575)
(-0.023566945 0.22807712 -0.082870908)
(-0.021020879 0.21088517 -0.081900895)
(-0.018423552 0.1931353 -0.079553408)
(-0.015871344 0.17532264 -0.076069555)
(-0.013445139 0.15784511 -0.071705611)
(-0.011198676 0.14099563 -0.066700881)
(-0.0091670922 0.12497056 -0.061269797)
(-0.0073685367 0.10988588 -0.055595285)
(-0.0058072536 0.095795522 -0.049826715)
(-0.0044771143 0.082708514 -0.044081263)
(-0.0033648603 0.070603334 -0.038447299)
(-0.0024527947 0.059439025 -0.032988693)
(-0.0017208778 0.049163386 -0.027749281)
(-0.0011482551 0.039718711 -0.02275704)
(-0.00071432589 0.031045634 -0.018027749)
(-0.00039963014 0.023085605 -0.013568046)
(-0.00018684108 0.015782385 -0.0093778955)
(-6.105193e-05 0.0090828758 -0.0054525297)
(-4.4229356e-06 0.0029375167 -0.0017839319)
(0.02587969 0.53887923 0.057575532)
(-0.011567947 0.35767534 0.081941112)
(0.0063360003 0.2795106 0.078504125)
(-0.0028531149 0.26510632 0.063970777)
(-0.0028144023 0.27011832 0.048326291)
(-0.0049368604 0.27794707 0.033473921)
(-0.0069606893 0.28421196 0.019757163)
(-0.009054409 0.28866485 0.0069481337)
(-0.011167674 0.29198013 -0.0053084145)
(-0.013219266 0.29473007 -0.017258174)
(-0.015124493 0.29714064 -0.028985884)
(-0.016795217 0.29902059 -0.040384505)
(-0.018162473 0.29994056 -0.05123017)
(-0.019169039 0.29921922 -0.061231876)
(-0.019762228 0.29620491 -0.070085271)
(-0.019915367 0.2903933 -0.077515086)
(-0.019627121 0.28153629 -0.083302463)
(-0.018938337 0.26969415 -0.087310936)
(-0.01785545 0.25521217 -0.0894943)
(-0.016464573 0.23864132 -0.089935008)
(-0.014944942 0.22063258 -0.0887538)
(-0.013236601 0.20183722 -0.086130469)
(-0.011507385 0.18283548 -0.082313893)
(-0.0098090955 0.16409701 -0.077546243)
(-0.0081968463 0.1459708 -0.072066029)
(-0.0067108468 0.12869352 -0.066090994)
(-0.0053763144 0.11240779 -0.059810551)
(-0.0042059289 0.09718339 -0.053382839)
(-0.0032025826 0.083037318 -0.04693512)
(-0.0023619225 0.069950509 -0.040566318)
(-0.0016745742 0.057880902 -0.03435065)
(-0.0011279653 0.046773027 -0.028341646)
(-0.00070776088 0.036564712 -0.022576037)
(-0.00039912577 0.027191601 -0.017077273)
(-0.00018807371 0.018590034 -0.011858535)
(-6.2036539e-05 0.010698805 -0.0069252234)
(-4.6357106e-06 0.0034601293 -0.0022769531)
(0.028110501 0.55280666 0.05380093)
(-0.0058912104 0.38307899 0.081983405)
(0.015356449 0.29865667 0.077136486)
(0.0100317 0.27434333 0.065100124)
(0.011200588 0.27261237 0.049658379)
(0.010606982 0.27674314 0.035298657)
(0.0094010644 0.28121677 0.022116856)
(0.0077864899 0.28499923 0.0098121945)
(0.005912604 0.28837306 -0.002012946)
(0.003892033 0.29176526 -0.013638605)
(0.0018176492 0.29538768 -0.02516622)
(-0.00023587655 0.29912094 -0.036522396)
(-0.0022019786 0.30254102 -0.047513945)
(-0.0040191436 0.30498628 -0.057875022)
(-0.0056293303 0.30567641 -0.067325122)
(-0.0069784802 0.30384908 -0.075596292)
(-0.008019285 0.29890672 -0.082458118)
(-0.0087194572 0.29053824 -0.087732631)
(-0.0090827842 0.27877911 -0.091301832)
(-0.0091064564 0.26399227 -0.093104793)
(-0.0087697365 0.24678128 -0.093227521)
(-0.0082408979 0.22787059 -0.091790202)
(-0.0075239657 0.20799205 -0.088934724)
(-0.0066875761 0.1878021 -0.084863568)
(-0.0057971064 0.16783449 -0.079814096)
(-0.0048999267 0.14848649 -0.074011078)
(-0.0040359603 0.13002807 -0.067663779)
(-0.0032347517 0.11262267 -0.060958428)
(-0.0025158982 0.096351334 -0.054054491)
(-0.001890428 0.081235438 -0.04708386)
(-0.0013625468 0.067255749 -0.040152259)
(-0.00093130041 0.054367207 -0.033341914)
(-0.00059204804 0.042509748 -0.026714798)
(-0.00033786225 0.031615882 -0.020315954)
(-0.00016102412 0.021615744 -0.014176618)
(-5.3823819e-05 0.012440314 -0.008316972)
(-4.174813e-06 0.0040233596 -0.0027485064)
(0.02974366 0.56667571 0.047904082)
(-0.0011055675 0.41133292 0.077528681)
(0.023326136 0.32328971 0.073718181)
(0.022747847 0.28858206 0.063121248)
(0.025220945 0.27871167 0.048958105)
(0.026402206 0.27802651 0.035530879)
(0.026387056 0.27998524 0.02321811)
(0.025611279 0.28281621 0.011691696)
(0.024310155 0.28611768 0.00056398515)
(0.022635159 0.28995997 -0.010438795)
(0.020678647 0.29437316 -0.021410206)
(0.018510337 0.29922137 -0.032282301)
(0.01619285 0.30416894 -0.042874328)
(0.013789427 0.30865395 -0.052952615)
(0.011368075 0.31196272 -0.062274778)
(0.0090004103 0.31329496 -0.0706184)
(0.0067578002 0.31186783 -0.077791601)
(0.0047061108 0.30705417 -0.083635747)
(0.0029234321 0.29851657 -0.088029328)
(0.001427025 0.2862855 -0.090893002)
(0.00028157273 0.27074926 -0.092172381)
(-0.0006755729 0.25256492 -0.091867119)
(-0.0012616136 0.23252577 -0.090078852)
(-0.0015598827 0.21143364 -0.086988933)
(-0.0017028476 0.19000431 -0.082762757)
(-0.0016841543 0.16881689 -0.077591429)
(-0.0015594171 0.1483003 -0.071669647)
(-0.0013683207 0.12874396 -0.065186736)
(-0.0011440346 0.11032105 -0.058315531)
(-0.00091189794 0.09311531 -0.051208057)
(-0.00069033215 0.077146228 -0.04399367)
(-0.00049183405 0.062389905 -0.036779251)
(-0.00032403591 0.048795195 -0.02965075)
(-0.00019084284 0.036295448 -0.02267546)
(-9.369679e-05 0.024816643 -0.015904555)
(-3.241381e-05 0.014282776 -0.009375585)
(-2.7860198e-06 0.0046192489 -0.0031148306)
(0.030349426 0.58020135 0.04054077)
(0.0019973432 0.44219548 0.068869857)
(0.030455376 0.35496412 0.067063775)
(0.035346951 0.3121916 0.057952314)
(0.040300912 0.29424643 0.045643939)
(0.043821898 0.28789664 0.033617602)
(0.045610289 0.28687919 0.022509548)
(0.046125683 0.28830529 0.012059187)
(0.045716254 0.2910931 0.0019374553)
(0.044592841 0.29487362 -0.0080938077)
(0.04286681 0.29943043 -0.018085365)
(0.040615636 0.30452509 -0.027961554)
(0.037915723 0.30982944 -0.037563365)
(0.034855652 0.31489546 -0.046693084)
(0.031537588 0.31919934 -0.055156329)
(0.028067214 0.32209745 -0.062786211)
(0.024551168 0.32284354 -0.069447229)
(0.021093136 0.32067444 -0.07502679)
(0.017788206 0.31495899 -0.079426842)
(0.014704385 0.30535641 -0.082568299)
(0.011926825 0.29191259 -0.084410134)
(0.0095153364 0.27505343 -0.084953625)
(0.0074042821 0.25548746 -0.084215776)
(0.0056662967 0.23406189 -0.082223361)
(0.0042417255 0.21162522 -0.079075455)
(0.0031065934 0.18892795 -0.074907191)
(0.0022284827 0.16657045 -0.069878074)
(0.00155663 0.14499079 -0.064152981)
(0.0010563791 0.12447854 -0.057893297)
(0.00069292455 0.10520122 -0.051250025)
(0.00043576844 0.087233725 -0.044359154)
(0.00025940591 0.070585345 -0.037339303)
(0.00014308189 0.055221865 -0.030291124)
(7.0293905e-05 0.041082444 -0.023297903)
(2.8267304e-05 0.028091714 -0.016426882)
(7.3589032e-06 0.016168058 -0.0097309163)
(6.4523222e-08 0.0052289977 -0.0032503277)
(0.030849748 0.59426406 0.032187526)
(0.0052528812 0.4780237 0.056390399)
(0.038493525 0.39793054 0.055756656)
(0.049813473 0.3520896 0.048694625)
(0.058637176 0.32823886 0.038772563)
(0.065311152 0.31663956 0.028716041)
(0.069505677 0.31164082 0.019293698)
(0.071678606 0.31032154 0.010406407)
(0.072242833 0.31116405 0.0018087274)
(0.071554122 0.31342872 -0.0066668502)
(0.069804992 0.31658269 -0.015030806)
(0.067117965 0.32024287 -0.023213616)
(0.063631178 0.32408962 -0.031093228)
(0.059505126 0.3278204 -0.0385244)
(0.054906784 0.33110644 -0.04537285)
(0.049999189 0.33352795 -0.051533449)
(0.044934423 0.33451237 -0.056931765)
(0.039848834 0.33333467 -0.061513588)
(0.034865418 0.32921863 -0.065237752)
(0.030090502 0.32151812 -0.068061)
(0.025611247 0.30990343 -0.069933576)
(0.021491739 0.29446315 -0.070807156)
(0.017774443 0.27568622 -0.070662251)
(0.014480125 0.25434292 -0.069510341)
(0.011614751 0.23132474 -0.067390166)
(0.0091556707 0.20750149 -0.064373502)
(0.0070864971 0.18362384 -0.060554314)
(0.0053712384 0.16027729 -0.056045927)
(0.0039726014 0.13787661 -0.050971063)
(0.002852276 0.11668506 -0.045453398)
(0.0019727208 0.096844464 -0.03961142)
(0.0012985623 0.078406617 -0.033554268)
(0.00079742723 0.061361137 -0.027379265)
(0.00044051306 0.045657703 -0.021170818)
(0.00020325439 0.031222619 -0.015000286)
(6.5259831e-05 0.017970479 -0.0089264759)
(4.4009693e-06 0.0058119601 -0.0029966106)
(0.032427968 0.60966998 0.022060703)
(0.011662437 0.52197908 0.039318932)
(0.050058632 0.45700374 0.038794267)
(0.0688532 0.41442098 0.034134298)
(0.082448379 0.38784597 0.027307266)
(0.092562235 0.37141787 0.020088255)
(0.099133237 0.361208 0.013215002)
(0.10265258 0.35484968 0.0067357721)
(0.10366473 0.35094972 0.00052331742)
(0.10273578 0.3487975 -0.0054558122)
(0.10020303 0.34777379 -0.011253578)
(0.096325524 0.34747274 -0.016855339)
(0.091360946 0.34759907 -0.022191185)
(0.08556731 0.34792513 -0.027172011)
(0.079189966 0.34824449 -0.031721355)
(0.07245504 0.34830052 -0.035787417)
(0.065554326 0.34767959 -0.039327928)
(0.058657095 0.34575309 -0.042328119)
(0.051900332 0.34171527 -0.044787795)
(0.045395416 0.33472582 -0.046695194)
(0.039232851 0.32414218 -0.048028543)
(0.033484133 0.30971132 -0.048758616)
(0.028202251 0.29164073 -0.048856944)
(0.023421458 0.27053348 -0.048304645)
(0.019158058 0.24723542 -0.047101318)
(0.01541215 0.22266384 -0.045269358)
(0.012170143 0.19766979 -0.042852597)
(0.0094077051 0.17295595 -0.039912009)
(0.0070926206 0.14904654 -0.036520713)
(0.005187479 0.12629404 -0.032758307)
(0.0036520387 0.10490569 -0.028705799)
(0.0024451353 0.084976836 -0.02444159)
(0.0015261582 0.066522855 -0.02003863)
(0.00085653585 0.049506095 -0.01556263)
(0.00040170502 0.033856561 -0.011071104)
(0.00013167646 0.019486863 -0.0066130548)
(9.5801886e-06 0.0063024147 -0.0022291601)
(0.034446439 0.62219087 0.0086468363)
(0.019778693 0.5611713 0.015467138)
(0.062365235 0.51271524 0.014929637)
(0.087381837 0.47650195 0.012988104)
(0.10486158 0.44976812 0.010206166)
(0.11737509 0.42977677 0.0072104118)
(0.12531154 0.41453858 0.0043420471)
(0.12931033 0.40255235 0.0016500161)
(0.13018933 0.39307533 -0.00090385181)
(0.12856885 0.3855276 -0.003323742)
(0.12485114 0.37942542 -0.005616872)
(0.11948582 0.37443325 -0.0078009336)
(0.1128907 0.37033537 -0.0098619695)
(0.10542173 0.36690688 -0.011774029)
(0.097382054 0.3639709 -0.013510606)
(0.089030608 0.36130519 -0.015053918)
(0.080581089 0.35859238 -0.016393847)
(0.072220433 0.35528 -0.017531466)
(0.064089384 0.35051189 -0.018465704)
(0.056290817 0.34337385 -0.01919523)
(0.048909041 0.33303907 -0.019712985)
(0.042007405 0.31902356 -0.020006609)
(0.035633303 0.30131854 -0.020061532)
(0.029820014 0.28037293 -0.019865364)
(0.024587062 0.2569584 -0.019411964)
(0.019940447 0.23198886 -0.018703992)
(0.015873406 0.20635912 -0.017753505)
(0.012367783 0.18083735 -0.016580969)
(0.0093958972 0.15601551 -0.015213262)
(0.0069226705 0.13230463 -0.013681317)
(0.0049078111 0.10995671 -0.012017844)
(0.0033078188 0.089097795 -0.01025542)
(0.0020777663 0.069762098 -0.008425038)
(0.0011733573 0.051921681 -0.0065551188)
(0.00055383228 0.035509917 -0.004670916)
(0.00018305315 0.020438683 -0.0027942337)
(1.3746754e-05 0.0066102628 -0.00094339274)
(0.034784332 0.62369925 -0.0071099188)
(0.020965644 0.56556598 -0.013171767)
(0.063928905 0.51870241 -0.013515474)
(0.089534794 0.48301621 -0.012497713)
(0.10735673 0.45616862 -0.010658846)
(0.12004745 0.43573326 -0.0085439186)
(0.12804795 0.41989673 -0.0064455527)
(0.13202546 0.40739588 -0.0044344767)
(0.13279369 0.3973882 -0.0025046723)
(0.1310389 0.38927865 -0.00067464701)
(0.12722504 0.38264549 0.0010685483)
(0.12173869 0.37716087 0.0027356309)
(0.1149956 0.3725794 0.004313776)
(0.1073656 0.36875222 0.0057772357)
(0.099162912 0.3654833 0.0071036725)
(0.090651851 0.36256122 0.0082756524)
(0.082052757 0.35965003 0.0092900141)
(0.073551917 0.35619813 0.010148396)
(0.065289163 0.35135391 0.010853254)
(0.057366843 0.34419869 0.011409384)
(0.049868327 0.33389034 0.011818607)
(0.042855923 0.31992305 0.012079135)
(0.036376282 0.30226566 0.012186486)
(0.03046249 0.28134959 0.012135615)
(0.025134375 0.25793677 0.011923383)
(0.020398611 0.23293887 0.011550495)
(0.016249273 0.20725399 0.011022469)
(0.012669022 0.18165654 0.010349614)
(0.0096308182 0.15674549 0.0095462953)
(0.0070999803 0.13293824 0.0086298182)
(0.0050363378 0.11049192 0.0076191984)
(0.0033962447 0.089536249 0.0065340209)
(0.0021343972 0.070107828 0.0053934964)
(0.0012059513 0.0521801 0.0042157535)
(0.00056953343 0.035687075 0.0030173498)
(0.00018838986 0.020540771 0.0018129518)
(1.4203132e-05 0.0066432957 0.00061521383)
(0.033043048 0.61283197 -0.02133628)
(0.013595121 0.53035134 -0.03841981)
(0.052756205 0.4679577 -0.038541607)
(0.072761293 0.42591805 -0.034642091)
(0.087036648 0.39884958 -0.028573202)
(0.097540258 0.38150533 -0.022015229)
(0.10431944 0.37026077 -0.015711631)
(0.10790414 0.36290127 -0.0097333005)
(0.10892677 0.35808854 -0.0039822291)
(0.10784733 0.35498806 0.0015979719)
(0.10507389 0.35309873 0.0069910605)
(0.10092468 0.35200682 0.012185579)
(0.095674961 0.3514223 0.017123551)
(0.089588865 0.3511257 0.021729236)
(0.082920864 0.35091896 0.025937018)
(0.075894788 0.35054892 0.029682688)
(0.068713844 0.3496215 0.03293524)
(0.061545684 0.34752891 0.035697465)
(0.054527537 0.34346351 0.037967151)
(0.047770186 0.33656476 0.039742205)
(0.04136288 0.32614749 0.041011959)
(0.035376164 0.31190443 0.041758314)
(0.029862831 0.29399215 0.041959639)
(0.024858238 0.27297774 0.041599776)
(0.020380911 0.24969051 0.040675708)
(0.016433754 0.22504845 0.039201904)
(0.013005915 0.19991488 0.037211177)
(0.010075294 0.17501012 0.034751838)
(0.0076112719 0.15087658 0.031883369)
(0.0055773207 0.12788269 0.028672112)
(0.0039333649 0.10624817 0.025186966)
(0.0026377514 0.086077245 0.021495783)
(0.0016488494 0.067391116 0.017662682)
(0.00092669724 0.050155493 0.013746244)
(0.00043520799 0.034301992 0.0097984438)
(0.00014291022 0.019743639 0.0058641351)
(1.045422e-05 0.0063855156 0.0019810514)
(0.031237841 0.59709719 -0.032165124)
(0.0063554264 0.48446675 -0.05664314)
(0.040329376 0.40562997 -0.056539711)
(0.052755865 0.35950857 -0.050099062)
(0.062217216 0.33487905 -0.040748552)
(0.069338849 0.32248208 -0.031144524)
(0.073851537 0.31681664 -0.022088789)
(0.076220194 0.31495401 -0.013519806)
(0.076904926 0.31534816 -0.0052231935)
(0.076208 0.31717296 0.0029396006)
(0.074370407 0.31993088 0.01100392)
(0.071555431 0.32321376 0.018896087)
(0.067908323 0.32669794 0.026490439)
(0.063591252 0.3300955 0.03364653)
(0.058778701 0.33310438 0.040236949)
(0.053640758 0.33533825 0.046161913)
(0.048332308 0.33625888 0.051350858)
(0.042994516 0.33516178 0.055763374)
(0.037752183 0.33126244 0.059369779)
(0.032713404 0.32387458 0.062139225)
(0.027966142 0.31260484 0.064031362)
(0.023579172 0.2974763 0.065009078)
(0.019598575 0.27892578 0.065052894)
(0.016048687 0.25769304 0.06416532)
(0.012936218 0.23466361 0.062374857)
(0.010254757 0.21071945 0.059738316)
(0.0079756149 0.18663362 0.05633834)
(0.0060747209 0.16301712 0.052273292)
(0.0045140492 0.14030864 0.047652785)
(0.0032554835 0.11879126 0.042589738)
(0.0022610623 0.098621767 0.037194131)
(0.0014942637 0.079862422 0.031568721)
(0.00092104242 0.062509545 0.025806345)
(0.00051062853 0.046516661 0.019988523)
(0.00023646118 0.03181188 0.014185007)
(7.6276247e-05 0.018310224 0.0084539754)
(5.2323119e-06 0.0059219209 0.0028427494)
(0.030540581 0.58233355 -0.04085433)
(0.0026105642 0.44634791 -0.069782476)
(0.03162008 0.3591941 -0.068571997)
(0.037335975 0.31553011 -0.059985846)
(0.042712963 0.29666555 -0.048144473)
(0.046569866 0.28965832 -0.036474243)
(0.048621061 0.28826266 -0.025647319)
(0.049330884 0.2895071 -0.015438459)
(0.049062934 0.29222522 -0.0055337753)
(0.048020499 0.29597666 0.0042804079)
(0.046329197 0.3005189 0.014070005)
(0.044072101 0.305592 0.023753224)
(0.041327239 0.3108525 0.033168019)
(0.038187923 0.31589713 0.04212074)
(0.034759065 0.32023817 0.050423925)
(0.031150363 0.32327027 0.057918972)
(0.027470836 0.32427359 0.064481067)
(0.023825665 0.32248456 0.070011697)
(0.020312413 0.31723809 0.074426623)
(0.017013946 0.30813267 0.077652099)
(0.013993247 0.29514448 0.079637947)
(0.011326454 0.27864036 0.080385019)
(0.0089901337 0.25929196 0.079915105)
(0.0070027005 0.2379356 0.078247493)
(0.0053625201 0.21543059 0.075460803)
(0.0040231787 0.19255124 0.071676415)
(0.0029558038 0.16992698 0.067035612)
(0.0021258835 0.14802436 0.061691774)
(0.0014882372 0.12715749 0.055797627)
(0.0010099505 0.10751312 0.049498057)
(0.00065943433 0.089180222 0.042925345)
(0.00040928 0.072177597 0.036196368)
(0.00023659562 0.056477009 0.029411521)
(0.00012270329 0.042020939 0.02265489)
(5.2778121e-05 0.028735482 0.015995207)
(1.5365839e-05 0.016539234 0.0094872248)
(6.3201848e-07 0.0053491327 0.0031733609)
(0.029988002 0.56838899 -0.048449103)
(-0.00055787 0.41424694 -0.078952794)
(0.024218201 0.32572597 -0.07573909)
(0.024239657 0.28993368 -0.065591549)
(0.026922151 0.2792026 -0.051816519)
(0.028312277 0.27802402 -0.038687795)
(0.02845833 0.27976319 -0.026618088)
(0.027804668 0.28250121 -0.015300042)
(0.026606125 0.28582038 -0.0043580334)
(0.025011965 0.28972542 0.0064732896)
(0.023114311 0.29422793 0.017290225)
(0.020981382 0.2991943 0.028024057)
(0.018672904 0.30428336 0.038496381)
(0.016249994 0.30896503 0.048476885)
(0.013778711 0.31255928 0.057729537)
(0.011330224 0.31428789 0.066040594)
(0.0089772728 0.31336569 0.073228382)
(0.0067872943 0.30913287 0.079144008)
(0.0048207451 0.30119454 0.083671782)
(0.0031475855 0.28951365 0.086731278)
(0.001809376 0.27441932 0.088283966)
(0.00066733648 0.2565301 0.088315442)
(-0.0001384101 0.23662615 0.086893086)
(-0.00063078405 0.21551848 0.084174735)
(-0.0009362077 0.19394635 0.08031894)
(-0.001077387 0.17251853 0.075503113)
(-0.0010845184 0.1516937 0.069914651)
(-0.0010064513 0.13178755 0.063735737)
(-0.00087566841 0.11299443 0.057136381)
(-0.00071905067 0.095414035 0.050267742)
(-0.00055704813 0.079077089 0.043259981)
(-0.00040427728 0.063967122 0.036221953)
(-0.00027043433 0.050037507 0.029242277)
(-0.00016134849 0.037223995 0.022391247)
(-8.0153225e-05 0.025453498 0.015723101)
(-2.8089861e-05 0.014649956 0.0092783552)
(-2.4978848e-06 0.0047380908 0.0030860521)
(0.028432833 0.55416801 -0.054582179)
(-0.0054502903 0.38508613 -0.083764514)
(0.016041608 0.29999108 -0.079430061)
(0.011118071 0.27477755 -0.067843392)
(0.012332049 0.27241048 -0.052726936)
(0.011853499 0.27619422 -0.038629416)
(0.010741023 0.2805357 -0.025675997)
(0.0092019477 0.28430234 -0.0135711)
(0.0073945977 0.28772074 -0.0019280757)
(0.0054363275 0.29120221 0.0095358435)
(0.00341522 0.29494775 0.02092536)
(0.0014018043 0.29885564 0.032173315)
(-0.00054250995 0.30252223 0.04308872)
(-0.0023615907 0.30530989 0.053416106)
(-0.004002646 0.30645003 0.062881306)
(-0.0054135548 0.30517158 0.071227138)
(-0.0065467313 0.30084198 0.078229918)
(-0.0073668641 0.29309494 0.083714034)
(-0.0078733258 0.28190403 0.087556392)
(-0.0080463492 0.26757836 0.089688544)
(-0.0078818059 0.25068686 0.090160427)
(-0.0074949333 0.23194207 0.089082955)
(-0.0069249226 0.21208341 0.086594592)
(-0.0062058111 0.19178771 0.082880888)
(-0.0054221095 0.17161559 0.078163758)
(-0.0046147941 0.15199203 0.072661145)
(-0.0038239157 0.13321206 0.066578358)
(-0.0030809451 0.1154598 0.060100916)
(-0.002407435 0.098832254 0.053389502)
(-0.0018164192 0.083362428 0.046578629)
(-0.0013140441 0.069039104 0.039777434)
(-0.00090113273 0.055822402 0.033071878)
(-0.00057459743 0.043655329 0.026527656)
(-0.00032882067 0.032471939 0.020193312)
(-0.00015714873 0.022202851 0.014103245)
(-5.2701269e-05 0.01277882 0.0082804188)
(-4.1327718e-06 0.0041329232 0.0027387234)
(0.026155891 0.53988281 -0.058537821)
(-0.011352436 0.3589624 -0.083944182)
(0.0067944037 0.2802988 -0.080944704)
(-0.0022505678 0.26524928 -0.06687364)
(-0.0022485259 0.26979961 -0.051512814)
(-0.0043286145 0.27738973 -0.03690411)
(-0.0063016192 0.28358702 -0.023407336)
(-0.0083491073 0.28807003 -0.010801731)
(-0.010415857 0.29146757 0.001267865)
(-0.012421661 0.29434045 0.013054067)
(-0.014282405 0.29692563 0.024649619)
(-0.015923699 0.29906517 0.035960646)
(-0.017276186 0.30029721 0.04677054)
(-0.01828586 0.30000633 0.056801344)
(-0.018910526 0.29750817 0.065751518)
(-0.019118649 0.29226519 0.073346824)
(-0.018906737 0.28398189 0.079368055)
(-0.018322561 0.27266517 0.083667543)
(-0.017326878 0.25861407 0.08617653)
(-0.016037065 0.24234958 0.086985577)
(-0.014599252 0.22451055 0.08617966)
(-0.012983392 0.2057533 0.083927473)
(-0.011324454 0.18667495 0.080457454)
(-0.0096839875 0.16776802 0.07600512)
(-0.0081169056 0.14940548 0.070804816)
(-0.0066640965 0.13184603 0.065072362)
(-0.0053526368 0.11525086 0.058997924)
(-0.0041972781 0.099704438 0.052742267)
(-0.0032028637 0.085234769 0.046436326)
(-0.0023667474 0.071830667 0.040183108)
(-0.0016809756 0.059455432 0.034060917)
(-0.0011341062 0.048057017 0.028127089)
(-0.00071266318 0.037575237 0.022421747)
(-0.00040243777 0.027946682 0.01697126)
(-0.00018988298 0.019107907 0.011791255)
(-6.2730931e-05 0.010997411 0.0068891401)
(-4.7062344e-06 0.0035567822 0.0022661631)
(0.023699691 0.52555797 -0.05968321)
(-0.017140663 0.33575153 -0.079860956)
(-0.0036030524 0.26418985 -0.078678461)
(-0.015502943 0.2573235 -0.063220748)
(-0.017892985 0.26670956 -0.048344607)
(-0.020940061 0.27671605 -0.033755109)
(-0.023544658 0.28410796 -0.020144823)
(-0.025837728 0.28903089 -0.0074050897)
(-0.027842901 0.2922037 0.0047353148)
(-0.029508754 0.2940997 0.016471687)
(-0.030779505 0.29500648 0.027830109)
(-0.031618239 0.29470975 0.038680205)
(-0.031958249 0.29275072 0.048776147)
(-0.031759413 0.28867938 0.057827848)
(-0.031020374 0.2821484 0.065554321)
(-0.029766514 0.27297846 0.071718879)
(-0.02805626 0.26123794 0.076169715)
(-0.025975953 0.24722923 0.078855522)
(-0.023608393 0.23142693 0.079831972)
(-0.021107792 0.2143927 0.079223204)
(-0.018536475 0.19669135 0.077231404)
(-0.016001113 0.17883011 0.074081764)
(-0.013581737 0.16122412 0.070020454)
(-0.011333899 0.1441852 0.065283513)
(-0.0092944288 0.12792759 0.060085098)
(-0.0074834032 0.11258281 0.054609937)
(-0.0059069149 0.098217424 0.049010583)
(-0.0045604231 0.084850286 0.043408086)
(-0.0034319244 0.072467172 0.03789485)
(-0.00250464 0.061032353 0.032538579)
(-0.0017591437 0.050497204 0.027386539)
(-0.0011749394 0.040806319 0.022469653)
(-0.00073158345 0.031901675 0.017806137)
(-0.00040962787 0.023725352 0.013404592)
(-0.00019167533 0.016221225 0.0092665346)
(-6.2692762e-05 0.0093359432 0.0053883936)
(-4.5575396e-06 0.0030194353 0.0017630696)
(0.021070814 0.51126324 -0.057046017)
(-0.023610585 0.31380292 -0.073268049)
(-0.015906979 0.24952133 -0.071316857)
(-0.029225914 0.24828513 -0.057318246)
(-0.034141369 0.25979848 -0.04315496)
(-0.038221494 0.27049087 -0.02927584)
(-0.041237858 0.27813537 -0.01615974)
(-0.043462392 0.28292523 -0.0038217056)
(-0.044984632 0.28539419 0.0078655687)
(-0.045829283 0.28592321 0.019005035)
(-0.046003602 0.28460021 0.029535724)
(-0.04549575 0.2813111 0.039282927)
(-0.044306222 0.2759202 0.048009072)
(-0.042470749 0.26826975 0.055461377)
(-0.040057406 0.2583416 0.061422436)
(-0.037166838 0.2462908 0.065754657)
(-0.033924644 0.23243564 0.068418653)
(-0.030468022 0.21720978 0.069473195)
(-0.026931369 0.20109732 0.069059618)
(-0.023439751 0.18457107 0.06737206)
(-0.020093087 0.1680479 0.064637604)
(-0.016969362 0.15186421 0.061093564)
(-0.014119995 0.13626954 0.056965828)
(-0.011573291 0.12143272 0.052455499)
(-0.0093385458 0.10745458 0.047732759)
(-0.0074104908 0.094382941 0.042935294)
(-0.005773543 0.08222677 0.038169845)
(-0.0044055156 0.070968193 0.03351564)
(-0.0032805947 0.060571995 0.029028674)
(-0.0023715809 0.05099265 0.024746107)
(-0.0016514704 0.042179338 0.020690358)
(-0.0010944796 0.034079354 0.016872661)
(-0.00067665961 0.026640334 0.013296021)
(-0.00037638418 0.01981164 0.0099575812)
(-0.00017498557 0.013545166 0.0068504643)
(-5.6797234e-05 0.0077957438 0.0039651766)
(-4.0333142e-06 0.0025213085 0.001290645)
(0.018528962 0.49856618 -0.049870596)
(-0.030764408 0.29474268 -0.063481723)
(-0.028720297 0.23556648 -0.060647786)
(-0.043359695 0.2362392 -0.048733746)
(-0.050427459 0.24661736 -0.036153952)
(-0.055534464 0.25576192 -0.02371967)
(-0.058754867 0.26212006 -0.011863108)
(-0.060559157 0.26565669 -0.00068924771)
(-0.061136011 0.26657491 0.0098275585)
(-0.060603219 0.2651382 0.019633983)
(-0.059108823 0.26143402 0.028618421)
(-0.056747342 0.25551721 0.036611786)
(-0.053631713 0.24746963 0.043425473)
(-0.04989745 0.23743349 0.048884638)
(-0.045703749 0.22565276 0.052881802)
(-0.041222929 0.21246463 0.055393858)
(-0.036626221 0.1982662 0.056483115)
(-0.032070381 0.18347043 0.056283678)
(-0.027687382 0.16846508 0.05497916)
(-0.023578771 0.15358354 0.052778103)
(-0.019814293 0.13909011 0.049893313)
(-0.016433842 0.12517776 0.046525152)
(-0.013451965 0.11197458 0.042850268)
(-0.010863516 0.099554583 0.039016311)
(-0.0086493318 0.087949827 0.035140977)
(-0.0067812226 0.077161751 0.031313906)
(-0.0052260226 0.067170729 0.027600153)
(-0.0039486515 0.057943579 0.024044306)
(-0.0029142858 0.049439148 0.020674605)
(-0.0020897868 0.041612274 0.017506686)
(-0.0014445479 0.034416496 0.014546805)
(-0.00095090148 0.027805822 0.011794461)
(-0.00058423711 0.02173583 0.0092444842)
(-0.00032307595 0.016164308 0.0068886221)
(-0.00014933515 0.011051584 0.0047167405)
(-4.8132948e-05 0.0063606547 0.0027177002)
(-3.3177989e-06 0.0020571841 0.00087997629)
(0.016380574 0.48938101 -0.038667646)
(-0.036900001 0.27994519 -0.050095559)
(-0.039839395 0.22256745 -0.046808883)
(-0.056359477 0.22096056 -0.037488319)
(-0.06533201 0.22693215 -0.02740803)
(-0.071369231 0.23186968 -0.017326167)
(-0.074594275 0.23476474 -0.0076700784)
(-0.075612416 0.23539915 0.0013929932)
(-0.074838336 0.23375968 0.0097913467)
(-0.072587513 0.23000769 0.017416672)
(-0.069125831 0.22424412 0.024167693)
(-0.064712606 0.216625 0.029910061)
(-0.059600994 0.20736467 0.034529962)
(-0.054039636 0.19673338 0.037955945)
(-0.048264892 0.18504787 0.040184382)
(-0.042489734 0.172647 0.041269204)
(-0.036893839 0.15986372 0.041321716)
(-0.031616892 0.14699976 0.040492563)
(-0.026756775 0.13430863 0.038952001)
(-0.022372021 0.12198813 0.03687236)
(-0.018487301 0.11018097 0.034414741)
(-0.015100415 0.098980693 0.031720377)
(-0.012189614 0.088440373 0.028906072)
(-0.009720298 0.078581858 0.026064822)
(-0.0076506133 0.069404217 0.023267016)
(-0.005935752 0.060890825 0.020563043)
(-0.0045310082 0.053014889 0.01798678)
(-0.003393798 0.04574356 0.015559025)
(-0.0024848533 0.039040852 0.013290588)
(-0.0017688187 0.032869638 0.011184923)
(-0.0012144326 0.027192974 0.0092402562)
(-0.00079442252 0.021974942 0.00745127)
(-0.00048524208 0.017181156 0.0058103726)
(-0.00026684191 0.01277905 0.0043086474)
(-0.00012265315 0.008738015 0.0029365383)
(-3.9270092e-05 0.0050294391 0.0016843399)
(-2.6434965e-06 0.0016266904 0.00054252237)
(0.016542168 0.48385057 -0.02466881)
(-0.041195048 0.26972955 -0.033052316)
(-0.048125062 0.21148739 -0.030257011)
(-0.066362408 0.2050451 -0.023984187)
(-0.076815121 0.20470843 -0.017214457)
(-0.083504317 0.20357463 -0.010444773)
(-0.086569533 0.2012613 -0.0040056524)
(-0.086772802 0.19763558 0.0019437402)
(-0.084677873 0.1926913 0.0073086558)
(-0.080795295 0.18650729 0.01202994)
(-0.075564288 0.17918925 0.016041359)
(-0.069397803 0.17089033 0.01928503)
(-0.062671912 0.16179757 0.021736877)
(-0.055718928 0.15212196 0.023396325)
(-0.0488222 0.14207826 0.024301462)
(-0.042197044 0.13187188 0.024525111)
(-0.036007644 0.12168953 0.02416698)
(-0.030359171 0.11168625 0.023338557)
(-0.025307263 0.10198275 0.022152717)
(-0.020867317 0.092666624 0.020715177)
(-0.01702482 0.083796215 0.019118863)
(-0.013743458 0.075405609 0.017441395)
(-0.01097478 0.067510657 0.015743935)
(-0.0086650117 0.060113789 0.014072301)
(-0.0067579597 0.053207416 0.012459415)
(-0.0051991107 0.046777241 0.010927101)
(-0.0039378101 0.040804666 0.0094889557)
(-0.0029281714 0.035268409 0.0081519201)
(-0.0021295093 0.030145634 0.0069180167)
(-0.0015063445 0.025412761 0.005785796)
(-0.0010281304 0.021046023 0.0047514714)
(-0.00066882023 0.017021874 0.0038097813)
(-0.00040637093 0.013317283 0.0029546253)
(-0.00022233127 0.0099099443 0.0021795219)
(-0.00010165904 0.0067784368 0.0014779304)
(-3.2331305e-05 0.0039023305 0.00084347545)
(-2.1800105e-06 0.001262261 0.00027008493)
(0.017504661 0.4813311 -0.0096512255)
(-0.043592987 0.26443536 -0.013293995)
(-0.052373428 0.20393452 -0.011820401)
(-0.071617147 0.19385521 -0.0090509388)
(-0.082845594 0.18857702 -0.0061540833)
(-0.089843659 0.18265197 -0.0034133274)
(-0.092756787 0.17618469 -0.00097998427)
(-0.09244394 0.16922324 0.0010975029)
(-0.089570114 0.16182566 0.0028138086)
(-0.084757281 0.15405284 0.0041766789)
(-0.078551508 0.14599573 0.005205005)
(-0.071451696 0.13774696 0.0059243014)
(-0.063904099 0.12939247 0.006369851)
(-0.056267106 0.12101665 0.006570527)
(-0.048837125 0.112703 0.0065597143)
(-0.041830345 0.10452431 0.0063808454)
(-0.035391927 0.096541816 0.0060749411)
(-0.02960373 0.088804291 0.0056794973)
(-0.024496406 0.08134807 0.0052274504)
(-0.020061927 0.074198568 0.0047463464)
(-0.016265354 0.067373195 0.004257931)
(-0.013054904 0.060882897 0.0037786488)
(-0.010370041 0.054733505 0.0033207152)
(-0.0081477664 0.048926754 0.0028916889)
(-0.006325572 0.043460854 0.002495728)
(-0.0048455337 0.038331445 0.002134354)
(-0.0036553414 0.03353184 0.0018078539)
(-0.002707874 0.029053056 0.0015153177)
(-0.0019622629 0.024884318 0.0012549931)
(-0.0013833326 0.021013353 0.0010246195)
(-0.00094112062 0.017426701 0.00082167748)
(-0.00061032461 0.01411002 0.0006435642)
(-0.00036972128 0.011048387 0.00048771362)
(-0.00020168632 0.0082265855 0.00035167457)
(-9.1937602e-05 0.0056293576 0.00023315813)
(-2.9118669e-05 0.0032416235 0.00013006954)
(-1.9337558e-06 0.0010486648 4.0518005e-05)
(0.01763203 0.48165457 0.0058559167)
(-0.043330051 0.26446406 0.0073351677)
(-0.051825671 0.20306657 0.0071862181)
(-0.07096701 0.19245735 0.0063178763)
(-0.08212671 0.18700185 0.0051643594)
(-0.089116047 0.18119187 0.0036515163)
(-0.092073749 0.17508558 0.0018399824)
(-0.091843272 0.16866588 -0.00017970741)
(-0.089096539 0.16197583 -0.0022950462)
(-0.084448851 0.15494875 -0.0044064871)
(-0.078425027 0.14757562 -0.006403155)
(-0.07150686 0.13989755 -0.0081887681)
(-0.064125747 0.13197176 -0.00969265)
(-0.056628234 0.12387319 -0.010860374)
(-0.049303478 0.11569226 -0.011673334)
(-0.042365405 0.10751985 -0.01213415)
(-0.035960687 0.0994422 -0.012273202)
(-0.030176151 0.091540082 -0.012134067)
(-0.025048341 0.083879883 -0.011766943)
(-0.020575992 0.076503331 -0.011223138)
(-0.016730666 0.069442748 -0.010550918)
(-0.013465755 0.062720427 -0.0097930219)
(-0.010724798 0.056349871 -0.0089861481)
(-0.0084478254 0.050337365 -0.0081586325)
(-0.0065743459 0.044683282 -0.0073324361)
(-0.0050476937 0.039383764 -0.0065233423)
(-0.0038162194 0.034431545 -0.0057427662)
(-0.0028329974 0.02981642 -0.0049984537)
(-0.0020570665 0.025526081 -0.0042951112)
(-0.0014529645 0.021546629 -0.0036351566)
(-0.00099032512 0.017863016 -0.0030193319)
(-0.00064338078 0.014459429 -0.0024471862)
(-0.00039042026 0.011319631 -0.0019174472)
(-0.0002133407 0.0084272571 -0.0014283019)
(-9.7427453e-05 0.0057660621 -0.00097760747)
(-3.0929379e-05 0.003320128 -0.00056304067)
(-2.0453464e-06 0.0010740292 -0.00018220874)
(0.017035605 0.48490562 0.02055578)
(-0.040339546 0.26996052 0.026756287)
(-0.046433947 0.2091124 0.02532531)
(-0.064338445 0.20088968 0.021017606)
(-0.074518989 0.1999744 0.016098676)
(-0.081090432 0.19912605 0.010692614)
(-0.084188833 0.19780005 0.0050366472)
(-0.0845535 0.19566614 -0.00068817464)
(-0.082762285 0.19247475 -0.006330174)
(-0.079293959 0.18812801 -0.011682921)
(-0.074545645 0.18254484 -0.016577288)
(-0.06888745 0.17575516 -0.020856188)
(-0.062652224 0.16786515 -0.024396607)
(-0.056134177 0.1590439 -0.027109761)
(-0.049588214 0.14950884 -0.028966442)
(-0.043225354 0.13949553 -0.029990008)
(-0.037201482 0.12923723 -0.030248925)
(-0.031632079 0.11894935 -0.029844988)
(-0.02658672 0.10881317 -0.028896377)
(-0.022097323 0.098970861 -0.027525056)
(-0.018166125 0.089526162 -0.025846727)
(-0.014771105 0.08054787 -0.023965006)
(-0.01187635 0.072076858 -0.021966588)
(-0.0094378684 0.064131911 -0.019920979)
(-0.007405843 0.056714707 -0.017882293)
(-0.0057305198 0.049815293 -0.015890116)
(-0.0043640245 0.0434159 -0.013972581)
(-0.0032618682 0.037493809 -0.012148183)
(-0.0023837797 0.032023439 -0.010427903)
(-0.0016940103 0.026977813 -0.0088170631)
(-0.0011612973 0.022329576 -0.0073168598)
(-0.00075860855 0.01805168 -0.0059255804)
(-0.00046277387 0.014117835 -0.0046395403)
(-0.00025418079 0.010502806 -0.0034537916)
(-0.00011669357 0.0071825888 -0.0023626485)
(-3.7298269e-05 0.0041345142 -0.0013600669)
(-2.5213236e-06 0.0013372916 -0.00043991198)
(0.016700533 0.49101928 0.033931003)
(-0.035526658 0.28047745 0.04295532)
(-0.036981678 0.21922139 0.04118695)
(-0.052840732 0.21412945 0.033934274)
(-0.06118239 0.21891748 0.025886872)
(-0.066816785 0.22406353 0.017383223)
(-0.06988154 0.22817547 0.0087444555)
(-0.07100279 0.23070949 0.00016873647)
(-0.070526583 0.23134488 -0.0082117623)
(-0.068721053 0.23003267 -0.016198077)
(-0.065862174 0.22668505 -0.023598693)
(-0.062148241 0.22131444 -0.030217954)
(-0.057775741 0.21401403 -0.035871362)
(-0.05293658 0.20496201 -0.040403241)
(-0.047817502 0.1944235 -0.043726334)
(-0.042596354 0.18272757 -0.04583041)
(-0.037434013 0.17023559 -0.046768944)
(-0.03246645 0.15730662 -0.046653482)
(-0.027799616 0.14426738 -0.045634157)
(-0.023508077 0.13139254 -0.043879603)
(-0.019636564 0.11889612 -0.041560929)
(-0.016203525 0.10693197 -0.038838825)
(-0.013206178 0.095600281 -0.035854189)
(-0.010626021 0.084957136 -0.032726312)
(-0.0084340287 0.075024574 -0.029550807)
(-0.0065950419 0.065799918 -0.026401072)
(-0.0050711797 0.057263571 -0.023331034)
(-0.0038243474 0.049385116 -0.020378364)
(-0.0028179301 0.042127855 -0.017567664)
(-0.0020178472 0.035452038 -0.014913396)
(-0.0013931191 0.029317066 -0.012422378)
(-0.00091607084 0.023682936 -0.010095856)
(-0.00056230725 0.018511134 -0.0079311401)
(-0.00031068375 0.013765158 -0.0059228692)
(-0.00014348781 0.0094107754 -0.0040639748)
(-4.6197124e-05 0.0054161181 -0.0023463909)
(-3.1940587e-06 0.0017516717 -0.00076156301)
(0.018611538 0.50098772 0.044363033)
(-0.028901108 0.29621139 0.055073694)
(-0.02478611 0.2315769 0.053844513)
(-0.038329999 0.22700045 0.04410376)
(-0.044299363 0.23522435 0.033795333)
(-0.048638425 0.24415366 0.023201687)
(-0.051397145 0.25153987 0.012642602)
(-0.053002888 0.25688816 0.0022789614)
(-0.053641221 0.26010723 -0.0078153919)
(-0.053422885 0.26125715 -0.01755949)
(-0.052453939 0.26030197 -0.026809249)
(-0.050794553 0.25718624 -0.035353872)
(-0.048509752 0.25183926 -0.042947497)
(-0.045677349 0.24425866 -0.049370859)
(-0.042397983 0.23455258 -0.05445876)
(-0.03878707 0.22295701 -0.058110289)
(-0.03497168 0.20982247 -0.060310218)
(-0.031079337 0.19557202 -0.0611246)
(-0.027227418 0.18064936 -0.060685403)
(-0.023519896 0.1654718 -0.05916384)
(-0.02003581 0.15039807 -0.056754527)
(-0.01683348 0.13571191 -0.053658625)
(-0.013947338 0.12161982 -0.050066332)
(-0.011391994 0.10825812 -0.04614646)
(-0.0091662172 0.095704831 -0.042041782)
(-0.0072570314 0.083992948 -0.037868013)
(-0.005643481 0.073122717 -0.033715251)
(-0.0042998228 0.063072029 -0.029650847)
(-0.0031980331 0.053804539 -0.025722921)
(-0.0023096606 0.045275696 -0.021963951)
(-0.0016071048 0.03743702 -0.018394107)
(-0.0010644148 0.030238993 -0.015024155)
(-0.00065774194 0.02363294 -0.011857875)
(-0.00036571041 0.017572177 -0.0088940027)
(-0.00016996213 0.012012647 -0.0061277565)
(-5.5142599e-05 0.0069132251 -0.0035520025)
(-3.9094511e-06 0.00223581 -0.0011581223)
(0.021440325 0.51489015 0.050425714)
(-0.021668504 0.31747063 0.063367398)
(-0.011136444 0.24578859 0.062694551)
(-0.022717503 0.23741609 0.051094478)
(-0.026025501 0.24536534 0.039469478)
(-0.028950558 0.25506761 0.027733915)
(-0.031180823 0.26326411 0.016241513)
(-0.032921533 0.2694908 0.0050595401)
(-0.034218688 0.27385443 -0.0058491991)
(-0.035082361 0.27673348 -0.016507282)
(-0.035522818 0.27814375 -0.026828571)
(-0.03551222 0.27788962 -0.036632678)
(-0.035031812 0.27566553 -0.045673389)
(-0.034079978 0.27122736 -0.053687476)
(-0.032673822 0.26435031 -0.060438876)
(-0.030855127 0.25498576 -0.065750299)
(-0.028689501 0.24328681 -0.069513142)
(-0.026261869 0.22959249 -0.071706313)
(-0.023646085 0.2143713 -0.07240007)
(-0.02097869 0.19814858 -0.071713954)
(-0.018308741 0.18143679 -0.069826768)
(-0.015725641 0.164687 -0.066937295)
(-0.013295039 0.1482627 -0.063258958)
(-0.011060454 0.13243278 -0.058995505)
(-0.0090487976 0.11737847 -0.054330741)
(-0.0072727168 0.10320745 -0.049422826)
(-0.0057331246 0.089970205 -0.044402608)
(-0.0044221222 0.077675516 -0.039374381)
(-0.0033257224 0.066303539 -0.03441831)
(-0.0024261441 0.055816088 -0.029593715)
(-0.0017036257 0.046164266 -0.024942599)
(-0.0011377625 0.037293857 -0.020493035)
(-0.00070845555 0.029148981 -0.016262188)
(-0.00039672765 0.021674457 -0.012258891)
(-0.00018568046 0.014817251 -0.0084857639)
(-6.0754542e-05 0.0085272794 -0.0049408956)
(-4.4251103e-06 0.0027578055 -0.0016191613)
(0.024357264 0.53010771 0.051909302)
(-0.014841875 0.34166592 0.068817411)
(0.0017073734 0.26220262 0.066849797)
(-0.0072994574 0.24647 0.055102633)
(-0.0077407274 0.25051696 0.042772456)
(-0.0092326031 0.25842576 0.03069539)
(-0.010717065 0.26574464 0.019048277)
(-0.012228048 0.27169585 0.0077725046)
(-0.013713226 0.27648548 -0.0032656601)
(-0.0151124 0.28043334 -0.014160408)
(-0.016364708 0.28365276 -0.024867951)
(-0.017406965 0.28596945 -0.035233863)
(-0.018201243 0.28709798 -0.04503348)
(-0.018714818 0.28644168 -0.054011034)
(-0.018910799 0.28348807 -0.061915775)
(-0.018772472 0.27783233 -0.068528317)
(-0.018299182 0.26928603 -0.073685142)
(-0.017547162 0.2579269 -0.077287873)
(-0.016451744 0.24408274 -0.079296666)
(-0.015106611 0.22826734 -0.079813128)
(-0.013696671 0.21108684 -0.078919123)
(-0.0121364 0.19315095 -0.076763771)
(-0.010560219 0.17500709 -0.07354278)
(-0.0090165612 0.15710197 -0.069464547)
(-0.0075513062 0.13977002 -0.06473231)
(-0.0061976902 0.12324005 -0.059530929)
(-0.0049782067 0.10765149 -0.054023602)
(-0.0039049081 0.09307401 -0.048349122)
(-0.0029813159 0.079526208 -0.042621405)
(-0.0022044987 0.066991532 -0.036930924)
(-0.001566929 0.055430816 -0.031347282)
(-0.0010580309 0.044791552 -0.025922239)
(-0.00066543085 0.035014459 -0.020692786)
(-0.00037610172 0.026037921 -0.015683992)
(-0.00017762591 0.017800851 -0.010911501)
(-5.8753553e-05 0.010244444 -0.0063836456)
(-4.4239221e-06 0.0033131553 -0.002103174)
(0.027167217 0.54606544 0.049524492)
(-0.0078327495 0.36986936 0.070093479)
(0.013265478 0.2833546 0.066011635)
(0.0085182816 0.25758329 0.055915779)
(0.010096646 0.25481909 0.043641136)
(0.010347062 0.25894555 0.031887346)
(0.009889186 0.26433802 0.020680979)
(0.0089544107 0.26948367 0.0098246153)
(0.0077012651 0.27427551 -0.0008599291)
(0.0062404054 0.27887124 -0.01148909)
(0.0046618271 0.2833558 -0.022035876)
(0.0030326774 0.28759566 -0.032354655)
(0.0014077041 0.29123502 -0.042236258)
(-0.00015840521 0.29373088 -0.051440176)
(-0.0016159716 0.29443544 -0.059743101)
(-0.0029179454 0.29269987 -0.066950343)
(-0.0040163068 0.28799894 -0.072904433)
(-0.0048720592 0.28004629 -0.077487649)
(-0.0054657675 0.26886214 -0.080617504)
(-0.0057822675 0.25477024 -0.082247591)
(-0.0058365481 0.23832702 -0.082440444)
(-0.0056584569 0.22021295 -0.081291792)
(-0.005325672 0.20112512 -0.078923549)
(-0.0048231709 0.1816955 -0.075503688)
(-0.0042618522 0.16244389 -0.071207861)
(-0.003662806 0.14376157 -0.066225546)
(-0.0030603575 0.12591766 -0.060730279)
(-0.0024835838 0.10907758 -0.054879527)
(-0.0019531124 0.093325685 -0.048811135)
(-0.0014820973 0.078687058 -0.042641718)
(-0.0010777367 0.065146076 -0.036467015)
(-0.00074255336 0.052660968 -0.030363504)
(-0.000475528 0.041174598 -0.024390638)
(-0.0002732365 0.030622055 -0.018593291)
(-0.00013111979 0.020935764 -0.013004144)
(-4.4197818e-05 0.012048763 -0.0076458605)
(-3.5281615e-06 0.0038966947 -0.0025330159)
(0.029883812 0.56274417 0.044151817)
(-0.001396959 0.40356484 0.066353454)
(0.024033754 0.31394423 0.061772865)
(0.025074702 0.27712417 0.053128222)
(0.028650596 0.26558405 0.041898941)
(0.030996028 0.26433599 0.031026736)
(0.03195888 0.26682429 0.020707408)
(0.031950675 0.27048792 0.010699293)
(0.031251036 0.27486281 0.00079098197)
(0.03000795 0.27965697 -0.0091280586)
(0.028332806 0.2847131 -0.01901154)
(0.026308815 0.28983718 -0.028710379)
(0.024012138 0.29471988 -0.03802195)
(0.021521238 0.29892518 -0.04673413)
(0.018917087 0.30189323 -0.054659586)
(0.016281545 0.30296718 -0.061646147)
(0.013696019 0.30146757 -0.067576138)
(0.011236402 0.29681611 -0.072359158)
(0.0089655543 0.28867188 -0.075927518)
(0.0069302081 0.27702365 -0.07823809)
(0.0052355348 0.26219929 -0.079283577)
(0.0037824093 0.24479369 -0.079076308)
(0.0025662361 0.22554864 -0.077668105)
(0.0016604192 0.20522985 -0.075145567)
(0.0010216027 0.18453232 -0.071661045)
(0.00054304142 0.16402564 -0.067361809)
(0.00022327524 0.14413623 -0.062400793)
(2.6090665e-05 0.12515522 -0.056928129)
(-8.2360623e-05 0.10725946 -0.051084277)
(-0.00012920159 0.090537053 -0.044995693)
(-0.00013577558 0.075011673 -0.038772609)
(-0.00011863051 0.060663167 -0.032508473)
(-9.012901e-05 0.04744361 -0.026280543)
(-5.9123215e-05 0.035289083 -0.02015118)
(-3.1742219e-05 0.024127907 -0.01416948)
(-1.2043214e-05 0.013886112 -0.0083729797)
(-1.2895597e-06 0.0044909221 -0.0027893716)
(0.032366455 0.58096733 0.036175508)
(0.0049984141 0.44547345 0.056981471)
(0.035635821 0.35985289 0.053362948)
(0.043853605 0.31537299 0.04632319)
(0.05055373 0.29491186 0.037019561)
(0.055412204 0.28664872 0.027664454)
(0.058179007 0.28444863 0.018719413)
(0.059302549 0.28534714 0.010035535)
(0.059141178 0.28788445 0.0014123551)
(0.057983267 0.29143136 -0.0072230752)
(0.056000955 0.29554609 -0.015813497)
(0.053317521 0.29989595 -0.024213755)
(0.05005759 0.30418175 -0.032244202)
(0.046355441 0.30808617 -0.03973014)
(0.042347031 0.31122302 -0.046527359)
(0.038162613 0.313088 -0.052531706)
(0.033922964 0.31304767 -0.057674766)
(0.029737722 0.31040615 -0.061910521)
(0.025702981 0.30454876 -0.06520112)
(0.021898044 0.29510827 -0.067509818)
(0.018384343 0.2820762 -0.068807823)
(0.015217117 0.26581251 -0.069097732)
(0.01242514 0.2469599 -0.068414405)
(0.0099627278 0.22630971 -0.066801319)
(0.0078769983 0.20466779 -0.064301978)
(0.0061246285 0.18275483 -0.061004458)
(0.004675405 0.16115249 -0.057019355)
(0.003496327 0.14028837 -0.052465273)
(0.0025525296 0.1204472 -0.047461292)
(0.001809929 0.10179518 -0.042121539)
(0.0012368674 0.08440793 -0.036551351)
(0.00080484612 0.06829653 -0.030844912)
(0.00048877868 0.053429043 -0.025084167)
(0.00026708741 0.039747069 -0.019338688)
(0.00012185581 0.02717768 -0.013666171)
(3.8562106e-05 0.015641626 -0.0081132758)
(2.4618645e-06 0.0050586933 -0.0027167449)
(0.035156835 0.6013547 0.024803983)
(0.015207125 0.49942841 0.041134573)
(0.051472605 0.4277486 0.039108106)
(0.067823922 0.38222154 0.034694471)
(0.078656307 0.35485001 0.028407764)
(0.086139448 0.33875413 0.021584268)
(0.090506458 0.32942275 0.014845616)
(0.092316109 0.3242629 0.0082115373)
(0.09208808 0.32170343 0.0015945589)
(0.090275152 0.32086799 -0.004984662)
(0.087195274 0.32112194 -0.011477162)
(0.08309787 0.32201391 -0.017790358)
(0.078200824 0.3232167 -0.02378605)
(0.072712495 0.32446459 -0.029333764)
(0.066832341 0.32548712 -0.0343344)
(0.060741891 0.32592461 -0.038725446)
(0.054598378 0.32525355 -0.042477011)
(0.048534897 0.32277972 -0.045580729)
(0.042658475 0.31773711 -0.048027612)
(0.037060355 0.30947863 -0.049812436)
(0.031813127 0.29766286 -0.050928762)
(0.026970794 0.28235152 -0.05136158)
(0.022569196 0.26399034 -0.051103378)
(0.018625976 0.24329349 -0.050165228)
(0.015143522 0.22109109 -0.048574756)
(0.012112155 0.19819327 -0.046374829)
(0.0095119918 0.17529853 -0.043624973)
(0.0073152524 0.15295072 -0.04039712)
(0.005488867 0.13153402 -0.036770285)
(0.0039969028 0.11129094 -0.03282564)
(0.0028025237 0.092350488 -0.028642483)
(0.001869427 0.074757571 -0.024295272)
(0.0011628537 0.058499063 -0.019851672)
(0.000650563 0.043524644 -0.015371467)
(0.00030415337 0.029762339 -0.010906138)
(9.9322475e-05 0.017129453 -0.0064988911)
(7.1363272e-06 0.0055398935 -0.0021850743)
(0.037978071 0.61718819 0.0082615392)
(0.026887266 0.54714829 0.016093087)
(0.067771791 0.49329086 0.016968122)
(0.090972778 0.45317656 0.016573564)
(0.10564117 0.42386076 0.014823072)
(0.11523563 0.40243254 0.012224327)
(0.12059382 0.38637696 0.0092098807)
(0.12247415 0.37457395 0.0059636482)
(0.12165832 0.36568875 0.0025534494)
(0.11873888 0.35884908 -0.00096943671)
(0.11411766 0.35354464 -0.0045256506)
(0.10821404 0.34942811 -0.0080129522)
(0.10141054 0.3461911 -0.011337911)
(0.094006049 0.34358355 -0.014414689)
(0.08625331 0.34136979 -0.017180506)
(0.078368153 0.33924191 -0.01959547)
(0.070527486 0.33672867 -0.021644152)
(0.06286988 0.33314429 -0.023324141)
(0.055501541 0.32765333 -0.024643017)
(0.048503607 0.31944365 -0.025610273)
(0.041937317 0.30794476 -0.026230183)
(0.035848403 0.29298593 -0.02650314)
(0.030269477 0.2748292 -0.026428609)
(0.025220469 0.25408203 -0.026009093)
(0.020708859 0.23154437 -0.025253537)
(0.01673047 0.20805292 -0.024179347)
(0.013270714 0.1843642 -0.022812483)
(0.010306192 0.16108976 -0.02118606)
(0.0078065349 0.13867666 -0.019338138)
(0.0057363477 0.11741834 -0.017309327)
(0.0040570727 0.097480815 -0.015140572)
(0.0027286114 0.078933265 -0.012871353)
(0.001710689 0.061776535 -0.010538362)
(0.00096440672 0.045966723 -0.008174649)
(0.00045447139 0.031433139 -0.0058091533)
(0.00014993506 0.018091154 -0.0034665322)
(1.1199376e-05 0.0058509216 -0.0011672431)
(0.039338359 0.61635285 -0.011931241)
(0.02813093 0.54735022 -0.015268858)
(0.069191931 0.49736255 -0.01081959)
(0.093328973 0.46148057 -0.0067170188)
(0.10901805 0.43544379 -0.0032005817)
(0.11949882 0.41599972 -0.00045973593)
(0.12556371 0.40095089 0.0014739665)
(0.12792864 0.38906544 0.0027357061)
(0.12729398 0.37950449 0.0034851383)
(0.12427161 0.37168345 0.003841607)
(0.11942481 0.36520695 0.0039159426)
(0.11321163 0.35979523 0.0038131484)
(0.10602079 0.35523088 0.0036020564)
(0.098193912 0.35133269 0.0033368881)
(0.090021478 0.34794926 0.0030597773)
(0.081737588 0.34478474 0.0027991682)
(0.073531818 0.34139976 0.0025767626)
(0.065545712 0.33708266 0.0024034874)
(0.057879229 0.33101604 0.0022825197)
(0.050610734 0.3223697 0.0022101031)
(0.043796815 0.31054437 0.0021769006)
(0.037479245 0.29533656 0.0021701121)
(0.031687795 0.27697783 0.002175768)
(0.026440711 0.25605192 0.0021806617)
(0.021744807 0.2333434 0.0021735876)
(0.017596003 0.20968133 0.0021460461)
(0.013980292 0.18582022 0.0020923996)
(0.010875054 0.16237292 0.0020095773)
(0.0082506316 0.13978924 0.0018965853)
(0.0060720814 0.11836553 0.0017540142)
(0.0043009332 0.098270192 0.0015836129)
(0.0028967785 0.079574011 0.0013879363)
(0.001818662 0.062278704 0.0011700628)
(0.0010267184 0.046340621 0.00093336846)
(0.00048457604 0.031688875 0.00068134247)
(0.00016020512 0.018238345 0.00041741905)
(1.2085872e-05 0.0058985273 0.00014487316)
(0.036928093 0.59767665 -0.029798365)
(0.016292533 0.49601184 -0.040916158)
(0.052392609 0.43260258 -0.033981948)
(0.070028185 0.39643764 -0.026834171)
(0.082758146 0.37635972 -0.019282156)
(0.092160665 0.36489672 -0.012309499)
(0.098140633 0.35794672 -0.0062596972)
(0.10108738 0.35346993 -0.0010301113)
(0.10157527 0.35041476 0.0035331775)
(0.1000197 0.34815399 0.0075682814)
(0.096783863 0.34634725 0.011157918)
(0.092239109 0.34480318 0.014342524)
(0.086728793 0.34340361 0.017154112)
(0.08055646 0.34205099 0.019616076)
(0.07398414 0.34061015 0.021757298)
(0.067222502 0.338814 0.023586294)
(0.060448944 0.33619985 0.025125717)
(0.053801963 0.33210126 0.026406442)
(0.047390086 0.32574936 0.027440035)
(0.0412978 0.31646355 0.028220724)
(0.035589544 0.30384749 0.028727025)
(0.030312479 0.28790176 0.028930463)
(0.025497602 0.26901466 0.028806774)
(0.021160675 0.24785451 0.028344156)
(0.017304855 0.22522044 0.027542194)
(0.013922958 0.20190543 0.026409513)
(0.010998557 0.17860144 0.024965181)
(0.0085073356 0.15585237 0.023238451)
(0.0064189498 0.13404562 0.021265658)
(0.0046991429 0.11342777 0.01908707)
(0.0033116404 0.094131384 0.016744221)
(0.0022196444 0.076203837 0.014277863)
(0.0013869892 0.05963331 0.011726483)
(0.0007793535 0.044369764 0.0091253355)
(0.00036597724 0.030340731 0.006505855)
(0.00012018625 0.017462497 0.0038953493)
(8.801966e-06 0.005647633 0.0013169866)
(0.031666746 0.57285252 -0.041415566)
(0.0022692588 0.43421095 -0.05562891)
(0.031745314 0.35810608 -0.048284025)
(0.039525244 0.32493857 -0.039856862)
(0.047639909 0.31287025 -0.030111909)
(0.054335887 0.31000372 -0.020937214)
(0.058982277 0.31101483 -0.012563554)
(0.06170538 0.31358061 -0.0048079806)
(0.062798248 0.31671081 0.0024440276)
(0.062506276 0.31990057 0.0092065565)
(0.061014161 0.32284427 0.015483292)
(0.058530456 0.32538391 0.02125337)
(0.05527084 0.3274169 0.026489231)
(0.05144156 0.32882663 0.031171305)
(0.047230208 0.32941008 0.035294803)
(0.042799936 0.32881171 0.038864725)
(0.038289205 0.32650581 0.041884983)
(0.033813553 0.32186336 0.044356162)
(0.029474677 0.31429895 0.046271996)
(0.025358629 0.30344211 0.047621535)
(0.021531885 0.28925589 0.048387168)
(0.018044274 0.27205625 0.048557919)
(0.014922758 0.25243651 0.048135775)
(0.012151014 0.23114183 0.047123287)
(0.0097399143 0.20894064 0.045518626)
(0.0076877369 0.18652675 0.043352685)
(0.0059583934 0.16446469 0.040687463)
(0.0045233284 0.14317233 0.037596361)
(0.0033515778 0.12292952 0.034155988)
(0.0024111748 0.10390038 0.030442127)
(0.0016710901 0.086159831 0.026526857)
(0.0011023069 0.06971864 0.022476526)
(0.00067831979 0.054544558 0.018350549)
(0.00037550034 0.040578627 0.01420087)
(0.00017363889 0.027747091 0.010071893)
(5.5921747e-05 0.015969637 0.0060007032)
(3.8197474e-06 0.005164827 0.0020175634)
(0.026939421 0.55099124 -0.047315409)
(-0.0085339769 0.38773935 -0.060731458)
(0.014128756 0.30973701 -0.055683413)
(0.012832304 0.2854495 -0.04652225)
(0.016862348 0.281443 -0.036029162)
(0.020203467 0.28444016 -0.026080044)
(0.022653312 0.28962141 -0.016618559)
(0.024255791 0.29527206 -0.0075432038)
(0.025077395 0.30080683 0.001187172)
(0.025213336 0.30598297 0.0095286638)
(0.024737321 0.31059936 0.017420845)
(0.02373031 0.31450391 0.024788957)
(0.022286773 0.31751875 0.031561796)
(0.020506286 0.31939099 0.037683956)
(0.01848714 0.31975754 0.04311856)
(0.016323101 0.31814754 0.047840726)
(0.014110933 0.31404416 0.05182827)
(0.011938982 0.3070001 0.055055544)
(0.0098698647 0.29676578 0.057489481)
(0.0079416523 0.28337606 0.059091806)
(0.0062665943 0.26716115 0.059815361)
(0.004807492 0.24868447 0.059647807)
(0.0035363682 0.22863632 0.058628887)
(0.0025383471 0.20772369 0.056819688)
(0.0017981217 0.18658569 0.054306167)
(0.001223347 0.16574526 0.051184192)
(0.00079041094 0.14559355 0.047554325)
(0.00048535882 0.1263969 0.043518687)
(0.00027819834 0.10831595 0.039175819)
(0.0001436535 0.091428801 0.034616854)
(6.1772295e-05 0.075753337 0.029923293)
(1.6679538e-05 0.061266228 0.025166017)
(-4.1123185e-06 0.0479179 0.020405193)
(-1.014925e-05 0.035643609 0.015690776)
(-8.531698e-06 0.024371235 0.011063326)
(-4.3636017e-06 0.014026513 0.0065549583)
(-7.4506973e-07 0.004536389 0.0021903992)
(0.022916599 0.53211482 -0.048408221)
(-0.018172195 0.35459352 -0.059010725)
(-0.0030535692 0.28338936 -0.057118571)
(-0.010513829 0.26856196 -0.047421255)
(-0.010337603 0.27047973 -0.037417295)
(-0.010239052 0.27659195 -0.027602629)
(-0.0099075141 0.28342513 -0.017943813)
(-0.0095157805 0.28994847 -0.0084963513)
(-0.0091507474 0.29581342 0.00069011085)
(-0.0088462391 0.30086706 0.0095467061)
(-0.0086014698 0.30498399 0.018003059)
(-0.0084473068 0.30796761 0.025965451)
(-0.0083836642 0.30954023 0.033337997)
(-0.0083928545 0.30934619 0.040031214)
(-0.0084437367 0.30698368 0.045963568)
(-0.0084954061 0.30207134 0.051058649)
(-0.0085040509 0.29433712 0.055242247)
(-0.0084017945 0.28370058 0.058444053)
(-0.0082100804 0.27031555 0.060624205)
(-0.0078796511 0.25455663 0.061755049)
(-0.0073605143 0.23695854 0.061885265)
(-0.0067406624 0.21813143 0.061065694)
(-0.0060931266 0.19867957 0.059352334)
(-0.0053763087 0.1791408 0.056852039)
(-0.004626787 0.15995229 0.053699764)
(-0.0039041712 0.14143956 0.050031313)
(-0.0032169831 0.12382332 0.045970633)
(-0.0025822952 0.10723582 0.041629046)
(-0.0020132613 0.091740307 0.037105613)
(-0.0015173936 0.077349487 0.032485709)
(-0.0010975352 0.064041266 0.027840768)
(-0.00075303202 0.05177118 0.023229023)
(-0.00048064432 0.04048165 0.018696792)
(-0.00027544589 0.030108553 0.014279988)
(-0.00013188645 0.02058569 0.010005635)
(-4.4354141e-05 0.011847677 0.0058932868)
(-3.5164728e-06 0.0038317224 0.001956347)
(0.018942389 0.51542779 -0.043719645)
(-0.027511362 0.32897693 -0.052169068)
(-0.020595398 0.26687267 -0.051621868)
(-0.032373056 0.25841733 -0.043144495)
(-0.036515027 0.26267416 -0.034525953)
(-0.039355367 0.26914646 -0.025688621)
(-0.040851912 0.2756751 -0.016776745)
(-0.041389341 0.28156188 -0.0079315797)
(-0.041204198 0.28643409 0.00075739873)
(-0.040468927 0.29000926 0.0091955488)
(-0.039263594 0.29213261 0.017288808)
(-0.037731061 0.29254613 0.024924236)
(-0.035949812 0.29097272 0.031976444)
(-0.033971355 0.28715307 0.038316341)
(-0.031831979 0.28089585 0.043820212)
(-0.02956658 0.27213034 0.048378673)
(-0.027169002 0.26094392 0.051900354)
(-0.024694841 0.24758978 0.054358417)
(-0.022194775 0.23245782 0.055728224)
(-0.019674763 0.21602747 0.056053268)
(-0.017244915 0.19880672 0.055418166)
(-0.014890255 0.18127442 0.053927304)
(-0.012654478 0.16384369 0.051702551)
(-0.010598705 0.14684318 0.048879891)
(-0.0087331738 0.13051395 0.045597552)
(-0.0070706687 0.11501685 0.041982969)
(-0.0056149775 0.10044553 0.038146946)
(-0.004362516 0.08684139 0.034184182)
(-0.0033041221 0.074207521 0.030173278)
(-0.0024268156 0.062520625 0.026177505)
(-0.0017152106 0.051740387 0.022246293)
(-0.0011526346 0.041816493 0.018417069)
(-0.00072200415 0.032693644 0.01471718)
(-0.00040667285 0.024315002 0.011165713)
(-0.0001914854 0.016624442 0.0077751182)
(-6.313529e-05 0.0095679553 0.0045526053)
(-4.7274015e-06 0.0030944529 0.0015013178)
(0.016453841 0.50348574 -0.033297059)
(-0.036245424 0.31091847 -0.041001605)
(-0.036999422 0.25462216 -0.040075346)
(-0.052718008 0.2478429 -0.033990155)
(-0.060907353 0.24999478 -0.027492174)
(-0.066580068 0.25319801 -0.0206156)
(-0.069736818 0.25634356 -0.013521905)
(-0.070959615 0.25888377 -0.0063690896)
(-0.070621221 0.26039193 0.00075253247)
(-0.069046816 0.2604845 0.0077507643)
(-0.066433353 0.25903157 0.014445754)
(-0.063051826 0.25580472 0.020710419)
(-0.059092444 0.25065967 0.02640762)
(-0.054718228 0.2435438 0.031403042)
(-0.050073818 0.23451104 0.035580402)
(-0.045288295 0.22372467 0.038848115)
(-0.040471616 0.21145088 0.041169857)
(-0.03574851 0.19802839 0.0425535)
(-0.031192921 0.18382728 0.043039323)
(-0.026886541 0.16921681 0.042702435)
(-0.022890141 0.15453384 0.041643998)
(-0.019242262 0.14006241 0.039982225)
(-0.015965909 0.12602497 0.037842291)
(-0.013068013 0.11258249 0.035343974)
(-0.010541368 0.099840808 0.0325946)
(-0.0083691933 0.087860152 0.029687824)
(-0.0065276712 0.076665262 0.026702154)
(-0.0049885649 0.066254759 0.023701071)
(-0.0037214924 0.056609072 0.020734156)
(-0.002695654 0.04769671 0.017838775)
(-0.0018810491 0.039478995 0.015041966)
(-0.0012492725 0.03191349 0.012362306)
(-0.00077400029 0.024956383 0.0098116291)
(-0.00043144008 0.018564105 0.0073965143)
(-0.00020101868 0.012694365 0.0051195443)
(-6.5419187e-05 0.0073067865 0.0029803322)
(-4.6776231e-06 0.0023632655 0.00097633959)
(0.016692404 0.49665952 -0.018927784)
(-0.042489744 0.30000367 -0.02450561)
(-0.049319558 0.24532136 -0.02370849)
(-0.068409521 0.23677324 -0.020434378)
(-0.079833352 0.23389204 -0.016840501)
(-0.087802889 0.23112771 -0.012904516)
(-0.092260472 0.22818081 -0.00872023)
(-0.093864465 0.22479603 -0.0044026724)
(-0.093057035 0.2207623 -4.8603636e-05)
(-0.090388472 0.21588975 0.0042369488)
(-0.0862466 0.21009266 0.008325489)
(-0.080955772 0.20329861 0.01212598)
(-0.07485071 0.19549458 0.01552971)
(-0.068230814 0.18673087 0.018447607)
(-0.061360794 0.17711745 0.020806861)
(-0.054470063 0.16681253 0.022567791)
(-0.047749013 0.15600618 0.023725761)
(-0.041350151 0.14490233 0.024304444)
(-0.035385111 0.13369696 0.024348022)
(-0.029925022 0.12256678 0.023920099)
(-0.025013602 0.11166288 0.02309876)
(-0.020662413 0.10110376 0.021964518)
(-0.016862061 0.090977553 0.020595896)
(-0.013587962 0.081344485 0.01906427)
(-0.01080188 0.072240325 0.017430932)
(-0.0084598693 0.063682043 0.015746991)
(-0.006515051 0.055672262 0.014053434)
(-0.0049203368 0.048203076 0.012381689)
(-0.0036303822 0.041259112 0.010755431)
(-0.0026028278 0.034819897 0.0091914497)
(-0.0017989912 0.028861646 0.0077009184)
(-0.0011841408 0.023358593 0.0062905774)
(-0.00072750365 0.018283963 0.0049637645)
(-0.00040227963 0.0136107 0.0037212727)
(-0.00018592836 0.0093119901 0.0025620454)
(-5.9912695e-05 0.0053616496 0.0014837343)
(-4.155939e-06 0.0017344014 0.00048312394)
(0.017219502 0.49390435 -0.0028914309)
(-0.045456118 0.2955511 -0.0041393683)
(-0.05481423 0.24078785 -0.004292729)
(-0.075483879 0.23069001 -0.0041568734)
(-0.088365459 0.22441516 -0.0039554388)
(-0.097355748 0.2176991 -0.0036497171)
(-0.10234203 0.21063157 -0.0032405883)
(-0.10404241 0.20319575 -0.0027220702)
(-0.10297735 0.19538904 -0.0020937943)
(-0.099693842 0.18722504 -0.0014525798)
(-0.094680447 0.17872368 -0.00078905153)
(-0.088371451 0.16991669 -0.0001336619)
(-0.081165347 0.16085919 0.00048498395)
(-0.073440133 0.15161449 0.0010388887)
(-0.065511906 0.14225571 0.0015076818)
(-0.057658461 0.13286408 0.0018875986)
(-0.050099102 0.12351959 0.0021725399)
(-0.042998266 0.11429771 0.0023631436)
(-0.036467703 0.10526548 0.0024625823)
(-0.030572864 0.0964798 0.0024827387)
(-0.025339923 0.087986837 0.002437023)
(-0.020763627 0.079822341 0.0023391495)
(-0.01681569 0.07201267 0.0022034375)
(-0.013452331 0.064576061 0.0020411539)
(-0.010620754 0.057524483 0.0018620554)
(-0.0082644671 0.050864332 0.0016742325)
(-0.0063257255 0.044596084 0.0014838471)
(-0.0047496466 0.038716285 0.0012960331)
(-0.0034853893 0.033218215 0.0011145287)
(-0.0024860068 0.028092127 0.0009418965)
(-0.0017098367 0.023325873 0.00077974809)
(-0.001120191 0.018905333 0.00062895888)
(-0.00068510238 0.014814834 0.00048985081)
(-0.00037713632 0.011037573 0.00036234284)
(-0.00017347771 0.0075559963 0.00024607171)
(-5.5551477e-05 0.0043521683 0.00014049393)
(-3.7532645e-06 0.0014080864 4.4955963e-05)
(0.01707481 0.49537747 0.013474656)
(-0.043801766 0.29810324 0.016817402)
(-0.051768847 0.24361186 0.015547262)
(-0.071577446 0.23461569 0.01250167)
(-0.083684728 0.23042276 0.0092458541)
(-0.092169781 0.22601337 0.0058254442)
(-0.096916187 0.22123908 0.0023729089)
(-0.098554901 0.21595616 -0.0010321638)
(-0.09768126 0.21005007 -0.0043477742)
(-0.094797944 0.20347495 -0.0074836595)
(-0.090287159 0.19617072 -0.010383498)
(-0.084543598 0.18814003 -0.012982206)
(-0.077934013 0.17942803 -0.01522315)
(-0.07079231 0.17011759 -0.017066509)
(-0.06341507 0.16033134 -0.018482488)
(-0.05606135 0.15020299 -0.019456032)
(-0.048930315 0.13987682 -0.01998835)
(-0.042183593 0.12950076 -0.020109174)
(-0.035934638 0.11921078 -0.019861496)
(-0.030255023 0.10912423 -0.019297221)
(-0.025179808 0.099336449 -0.018473544)
(-0.020713854 0.089920193 -0.017448925)
(-0.016838472 0.080927096 -0.016278555)
(-0.013518666 0.072387432 -0.015011469)
(-0.010709798 0.0643189 -0.013689215)
(-0.0083604388 0.056734092 -0.012345715)
(-0.0064184402 0.049631455 -0.011007694)
(-0.0048333637 0.043001638 -0.0096952653)
(-0.0035565123 0.036830433 -0.0084235108)
(-0.0025433338 0.03110032 -0.0072029631)
(-0.001753628 0.025791479 -0.0060404728)
(-0.0011516508 0.020882567 -0.0049400145)
(-0.00070601028 0.016351341 -0.0039033743)
(-0.00038957834 0.01217515 -0.0029307122)
(-0.00017967537 0.0083313339 -0.002021013)
(-5.7743691e-05 0.0047975451 -0.001172437)
(-3.9711443e-06 0.0015520035 -0.00038259098)
(0.01636047 0.50081334 0.028417056)
(-0.038319992 0.30717893 0.034686362)
(-0.041118147 0.2521779 0.033064857)
(-0.05796418 0.24551881 0.027093374)
(-0.067260739 0.24663039 0.020779061)
(-0.073763205 0.24833827 0.014195877)
(-0.077451716 0.24976625 0.00755221)
(-0.078945273 0.25044321 0.00096752102)
(-0.078595172 0.24997334 -0.0055094811)
(-0.0767022 0.24821703 -0.011712396)
(-0.073639938 0.24494921 -0.017547846)
(-0.06966475 0.24003012 -0.022908849)
(-0.065006474 0.23339899 -0.027683466)
(-0.059872583 0.22508257 -0.031765737)
(-0.054450547 0.21519786 -0.035059224)
(-0.048906527 0.20395316 -0.037519375)
(-0.043393015 0.19162567 -0.03913312)
(-0.038036491 0.17853031 -0.039915977)
(-0.032940207 0.16499272 -0.03992543)
(-0.02818522 0.15131925 -0.039240668)
(-0.023825258 0.13777622 -0.037957992)
(-0.019893408 0.12457909 -0.036188873)
(-0.016401911 0.11188932 -0.034046968)
(-0.013345285 0.099817737 -0.03163759)
(-0.010705456 0.088431841 -0.029052061)
(-0.0084555918 0.077764477 -0.02636646)
(-0.0065633039 0.067822272 -0.023642919)
(-0.0049933629 0.058593104 -0.020931706)
(-0.0037096484 0.050052165 -0.018271537)
(-0.0026767868 0.042166642 -0.015690996)
(-0.0018612613 0.034899169 -0.013210204)
(-0.0012320549 0.028210297 -0.010842453)
(-0.00076097 0.022060181 -0.0085956643)
(-0.00042291649 0.016409706 -0.006473637)
(-0.00019644888 0.011221204 -0.0044770807)
(-6.3685364e-05 0.0064588773 -0.0026044434)
(-4.4881107e-06 0.0020890296 -0.00085256512)
(0.017502238 0.51084735 0.040345667)
(-0.030127656 0.32285473 0.047321983)
(-0.02537515 0.26373432 0.046123048)
(-0.038478545 0.25694447 0.037670696)
(-0.043843872 0.26145242 0.029018296)
(-0.047595648 0.26758676 0.020202807)
(-0.049688878 0.27352797 0.011413377)
(-0.050563725 0.27864248 0.0027970202)
(-0.050458404 0.2825422 -0.0055502384)
(-0.049544089 0.28502598 -0.013580767)
(-0.04801571 0.28587074 -0.021204347)
(-0.046014283 0.28483126 -0.02831663)
(-0.043644222 0.28167836 -0.03480072)
(-0.040985838 0.27623543 -0.040535987)
(-0.038102646 0.26842092 -0.045407721)
(-0.035050857 0.25828457 -0.049316)
(-0.031889714 0.24602176 -0.052193214)
(-0.028682299 0.23195974 -0.054006258)
(-0.025465919 0.21652433 -0.054784877)
(-0.022364183 0.20018774 -0.054600031)
(-0.019388778 0.18341191 -0.053542183)
(-0.016575479 0.16660969 -0.051726261)
(-0.013967452 0.15012088 -0.049281513)
(-0.011591134 0.13420352 -0.046338401)
(-0.0094686735 0.11903711 -0.043019569)
(-0.0076084572 0.10473312 -0.03943838)
(-0.0059995291 0.09134825 -0.035695691)
(-0.0046310281 0.078897894 -0.031876692)
(-0.003486739 0.067368051 -0.028049987)
(-0.0025472013 0.056725134 -0.024269208)
(-0.0017915364 0.046923542 -0.020575074)
(-0.0011986087 0.037911189 -0.01699748)
(-0.00074778506 0.029633384 -0.013557449)
(-0.00041964141 0.022035429 -0.010268902)
(-0.00019689623 0.015064273 -0.0071401739)
(-6.4659797e-05 0.0086694876 -0.0041752757)
(-4.7965665e-06 0.002803797 -0.0013749287)
(0.021446237 0.52662207 0.046715836)
(-0.020546858 0.34677601 0.055044539)
(-0.0078750291 0.27887658 0.05374256)
(-0.016860634 0.26700786 0.043355674)
(-0.017852061 0.27049678 0.033183194)
(-0.018659626 0.27729659 0.023157317)
(-0.018958615 0.28437411 0.013347658)
(-0.018960588 0.29087494 0.0038458156)
(-0.0187596 0.29649801 -0.0052969593)
(-0.018412802 0.30111468 -0.014042986)
(-0.017983802 0.30457865 -0.022329464)
(-0.017516195 0.3066689 -0.03007746)
(-0.017030078 0.30709277 -0.037201238)
(-0.016526681 0.30550452 -0.043614307)
(-0.015989908 0.30155344 -0.04923102)
(-0.015389149 0.29495714 -0.053968319)
(-0.014691708 0.28558016 -0.057749515)
(-0.013920618 0.27348933 -0.060507339)
(-0.012990663 0.25896323 -0.062174511)
(-0.011874002 0.24245531 -0.062804223)
(-0.010711456 0.22452367 -0.062452798)
(-0.0095330256 0.20575346 -0.061176446)
(-0.0083095275 0.18669133 -0.059071405)
(-0.0071342653 0.16780154 -0.056254952)
(-0.0060241775 0.14944516 -0.052855099)
(-0.0049835536 0.13187935 -0.049001624)
(-0.0040307048 0.11526886 -0.044818206)
(-0.003184371 0.099703195 -0.04041474)
(-0.0024485338 0.085214896 -0.035885659)
(-0.001822907 0.071795967 -0.031309341)
(-0.0013040424 0.059411416 -0.02674935)
(-0.00088584716 0.048009632 -0.022256172)
(-0.00056030158 0.037529948 -0.017868903)
(-0.00031838184 0.027907904 -0.01361695)
(-0.00015115864 0.019078745 -0.0095216464)
(-5.0311946e-05 0.010979619 -0.0055976906)
(-3.8480351e-06 0.0035508718 -0.0018544192)
(0.025569235 0.54483134 0.047059584)
(-0.0107966 0.37681028 0.058751406)
(0.0095925067 0.30105197 0.054024377)
(0.005904202 0.28061583 0.043983709)
(0.00906034 0.27911228 0.033060026)
(0.011367684 0.28351533 0.022726953)
(0.013090556 0.28947643 0.012897302)
(0.014225696 0.29556554 0.0035043601)
(0.014830354 0.3012995 -0.0054700156)
(0.014946026 0.30647594 -0.013982744)
(0.014611476 0.31094838 -0.021983452)
(0.013884088 0.31456502 -0.02941141)
(0.012832883 0.31711998 -0.036207974)
(0.011532173 0.31831677 -0.042326721)
(0.01005835 0.31775485 -0.047733664)
(0.0084867151 0.31496076 -0.05240118)
(0.0069036386 0.30947265 -0.056301715)
(0.0054104297 0.30095738 -0.059405029)
(0.0040019321 0.2893157 -0.061661411)
(0.0027566622 0.27473174 -0.062971829)
(0.0016861123 0.25764965 -0.063297345)
(0.00084150617 0.23868905 -0.062676589)
(0.00026082701 0.21853759 -0.061183676)
(-0.00014428546 0.19785623 -0.058915205)
(-0.000417965 0.17721503 -0.055971811)
(-0.00055667757 0.15706224 -0.052461893)
(-0.00060550575 0.1377203 -0.048491483)
(-0.00058471547 0.1193985 -0.044165334)
(-0.00052179957 0.10221373 -0.039583006)
(-0.00043776362 0.086212803 -0.034835191)
(-0.00034478065 0.071392746 -0.030000559)
(-0.00025354658 0.057717473 -0.025145672)
(-0.00017153388 0.045130568 -0.020325762)
(-0.00010341449 0.033564555 -0.015585638)
(-5.1923936e-05 0.022947304 -0.010960783)
(-1.8452766e-05 0.013206244 -0.0064784955)
(-1.733591e-06 0.0042710006 -0.0021590669)
(0.029972747 0.56520736 0.042423617)
(-0.00090164873 0.41805844 0.055939896)
(0.026757823 0.34121 0.048030727)
(0.031515871 0.31096175 0.039022278)
(0.038414164 0.30191013 0.028502164)
(0.044126797 0.30140366 0.018698453)
(0.048081805 0.30416073 0.009739873)
(0.050415705 0.30806507 0.0013724455)
(0.051424809 0.31227394 -0.0064116863)
(0.051246537 0.31629419 -0.013650122)
(0.050025904 0.31988976 -0.020347947)
(0.047941857 0.32293254 -0.026481845)
(0.045181506 0.32532099 -0.032026545)
(0.041922608 0.32691237 -0.036967537)
(0.038326243 0.32745535 -0.041303325)
(0.034535498 0.32654309 -0.045039598)
(0.030678574 0.3236263 -0.048176682)
(0.02685964 0.31810968 -0.050701061)
(0.023162985 0.30950698 -0.052600408)
(0.019699445 0.29759134 -0.053877337)
(0.016532713 0.28247428 -0.054525514)
(0.013675218 0.26458662 -0.054516368)
(0.011126369 0.2445832 -0.053812183)
(0.0089324042 0.22321614 -0.052407288)
(0.0070625652 0.2012203 -0.050348544)
(0.005501764 0.17923316 -0.047704932)
(0.0042033069 0.15775574 -0.044555639)
(0.0031412507 0.13714682 -0.040983219)
(0.0022988445 0.11763744 -0.037073435)
(0.0016341181 0.099354754 -0.032910228)
(0.0011180783 0.082347723 -0.028571199)
(0.00072847461 0.066610356 -0.024125875)
(0.00044301361 0.052100619 -0.019635104)
(0.00024239399 0.038754785 -0.015150962)
(0.00011070908 0.026497721 -0.01071706)
(3.506313e-05 0.015249903 -0.0063690736)
(2.2302101e-06 0.0049319664 -0.0021354687)
(0.035510449 0.58923472 0.032594398)
(0.011840353 0.47525675 0.044116549)
(0.046159548 0.40778876 0.036005179)
(0.061022161 0.37260316 0.027874279)
(0.072476598 0.35536736 0.019098751)
(0.081236213 0.34706166 0.010990652)
(0.086807115 0.34298415 0.003919426)
(0.089728876 0.34114708 -0.0021977496)
(0.09046198 0.3403448 -0.0075787759)
(0.089262196 0.33997423 -0.012383831)
(0.086487954 0.33974158 -0.016676913)
(0.082487213 0.33949651 -0.020494438)
(0.077573548 0.33915512 -0.023863997)
(0.072027173 0.33863868 -0.02681135)
(0.066090972 0.33780396 -0.029360678)
(0.059967484 0.33636255 -0.03154023)
(0.053822511 0.33382249 -0.033380384)
(0.047790484 0.32951053 -0.034903411)
(0.041974818 0.32269698 -0.036110016)
(0.036458658 0.31279343 -0.036981556)
(0.031303981 0.29952689 -0.037485768)
(0.026554748 0.28301567 -0.037586054)
(0.022239765 0.26373387 -0.037259391)
(0.018373706 0.24239148 -0.036494569)
(0.014957712 0.2197884 -0.035294015)
(0.011981294 0.19668947 -0.033677251)
(0.0094287744 0.17374386 -0.031679828)
(0.0072640527 0.15144991 -0.02934978)
(0.0054595843 0.1301542 -0.026737065)
(0.0039834911 0.11007069 -0.023894262)
(0.0027985584 0.091308136 -0.020875112)
(0.0018702853 0.073897948 -0.017731026)
(0.0011655301 0.057818584 -0.014509248)
(0.00065326778 0.043014895 -0.011251986)
(0.00030602056 0.029412477 -0.0079960337)
(0.00010019664 0.016927743 -0.0047726822)
(7.2763598e-06 0.0054746215 -0.0016079155)
(0.038937002 0.6113254 0.016604945)
(0.025483705 0.53419291 0.021709455)
(0.065569401 0.48149908 0.015479112)
(0.088406401 0.44614658 0.0097651671)
(0.10353157 0.42207124 0.0045540312)
(0.11385224 0.40493943 0.00018350578)
(0.11997693 0.39198977 -0.0032209819)
(0.12251025 0.38195073 -0.0057337559)
(0.12199803 0.37393161 -0.0076100558)
(0.1191405 0.3673667 -0.0090008913)
(0.11450642 0.36186946 -0.010002656)
(0.10853649 0.35722162 -0.010718397)
(0.10161029 0.35325777 -0.011236961)
(0.094066924 0.3498613 -0.011621162)
(0.086193471 0.34683169 -0.011913678)
(0.078212749 0.34389474 -0.012145685)
(0.070309257 0.34060007 -0.012339876)
(0.062619559 0.33622272 -0.012508035)
(0.055240725 0.32995101 -0.012650619)
(0.04824991 0.32099096 -0.012759963)
(0.041702971 0.30880323 -0.0128171)
(0.035641038 0.29325128 -0.012797708)
(0.030092977 0.27462235 -0.012677603)
(0.025075647 0.25353327 -0.012437285)
(0.020594234 0.23077746 -0.012064822)
(0.016643045 0.20717382 -0.011556708)
(0.013206677 0.1834558 -0.010917176)
(0.010261317 0.16021165 -0.010157068)
(0.0077765857 0.13786802 -0.0092914883)
(0.005717446 0.11670221 -0.0083373717)
(0.0040459303 0.096868474 -0.0073123723)
(0.0027226123 0.078427942 -0.0062340535)
(0.0017078606 0.061376378 -0.0051191236)
(0.00096334153 0.04566692 -0.0039829251)
(0.00045423615 0.031227368 -0.0028391409)
(0.00014997111 0.017972523 -0.0016996515)
(1.1234953e-05 0.0058125344 -0.00057452372)
(0.038748536 0.61895684 -0.0036465417)
(0.029431586 0.55326663 -0.0093624524)
(0.07097631 0.5026792 -0.01206374)
(0.095240136 0.46432596 -0.01345808)
(0.11047261 0.43553349 -0.013493753)
(0.12026829 0.41380229 -0.012544085)
(0.12564629 0.3971884 -0.010955237)
(0.12737878 0.38434464 -0.0089852103)
(0.12623508 0.37433141 -0.0066887087)
(0.12292149 0.36639025 -0.0041368767)
(0.11795095 0.36011061 -0.00146023)
(0.1116897 0.35509858 0.001217819)
(0.10449997 0.35105298 0.0037983476)
(0.096721975 0.34773135 0.0062005379)
(0.088634736 0.34487597 0.0083618567)
(0.080454105 0.34218211 0.010243938)
(0.072353681 0.33919478 0.011831345)
(0.064473042 0.33522235 0.013126123)
(0.056912656 0.32940531 0.014140662)
(0.049745963 0.32093244 0.014890194)
(0.043029543 0.3092214 0.01538925)
(0.036804731 0.29409035 0.01564986)
(0.031100826 0.27579173 0.015681725)
(0.025935827 0.25492511 0.015493757)
(0.021316437 0.23228428 0.015095916)
(0.017238391 0.20870145 0.01450067)
(0.013687392 0.1849301 0.01372384)
(0.010640484 0.16157984 0.012784589)
(0.008067717 0.1390966 0.01170475)
(0.0059339688 0.11777319 0.010507798)
(0.0042007483 0.097775254 0.0092177307)
(0.0028277935 0.079171728 0.0078580605)
(0.0017744494 0.061963258 0.0064510131)
(0.0010012645 0.046105736 0.005016951)
(0.00047232056 0.031528245 0.0035740099)
(0.00015605394 0.018145914 0.0021379008)
(1.1743394e-05 0.0058686378 0.00072188735)
(0.036628942 0.60722549 -0.022211099)
(0.019781458 0.51564107 -0.037500133)
(0.0573952 0.44922602 -0.03650913)
(0.075873566 0.4047074 -0.033402702)
(0.087670941 0.37614571 -0.028484616)
(0.095539623 0.35802978 -0.022838234)
(0.099989015 0.34654167 -0.0170654)
(0.10164043 0.33930603 -0.011270601)
(0.10110983 0.33486143 -0.0054063667)
(0.09883716 0.33225844 0.00050524966)
(0.095192283 0.33092683 0.0063432101)
(0.090489528 0.33042076 0.011995024)
(0.084992716 0.33039139 0.017346596)
(0.078926454 0.33056299 0.022285741)
(0.072497409 0.33067053 0.026723102)
(0.065893205 0.33037208 0.030606997)
(0.05926878 0.32915678 0.033905179)
(0.052757137 0.32633264 0.036616765)
(0.046463411 0.32111847 0.03875999)
(0.040471452 0.312822 0.040343295)
(0.034848252 0.30103941 0.041367963)
(0.029645352 0.28577151 0.04183016)
(0.024898884 0.26741655 0.041727224)
(0.020628849 0.24666119 0.04106504)
(0.016839759 0.22432749 0.039864826)
(0.013523731 0.20123182 0.038160003)
(0.010663105 0.17808707 0.035994086)
(0.0082323078 0.15545426 0.033421052)
(0.0061998494 0.13373387 0.030501886)
(0.0045304811 0.1131819 0.027300751)
(0.0031871603 0.093937456 0.023881644)
(0.0021325991 0.076052304 0.020305799)
(0.0013304312 0.059517506 0.016629842)
(0.00074638887 0.044284895 0.012904641)
(0.00034992708 0.030283216 0.0091746995)
(0.00011467512 0.017429549 0.0054779561)
(8.3359615e-06 0.0056369935 0.0018459565)
(0.033538322 0.586129 -0.035371692)
(0.0076833767 0.4578283 -0.055774638)
(0.039499705 0.37505174 -0.052550248)
(0.04960679 0.33004087 -0.04635629)
(0.057147158 0.30795921 -0.037993)
(0.062537466 0.29807662 -0.02939914)
(0.065647192 0.29454856 -0.021076098)
(0.066931247 0.29439035 -0.012923218)
(0.066789173 0.29608784 -0.0047972407)
(0.065485628 0.29886443 0.003339525)
(0.063259203 0.3022818 0.011423885)
(0.060275871 0.305967 0.019314075)
(0.056675238 0.30961931 0.026833092)
(0.052601138 0.31294805 0.03381659)
(0.048201027 0.31561141 0.040135367)
(0.043615588 0.31715342 0.045702183)
(0.038971482 0.31697387 0.050465646)
(0.034378933 0.31437848 0.054396225)
(0.029935232 0.30871541 0.057478128)
(0.025722356 0.29954815 0.059695396)
(0.021804772 0.28678693 0.061027554)
(0.018228357 0.2707199 0.061461395)
(0.015029834 0.25194443 0.061012749)
(0.012221771 0.23123548 0.059728972)
(0.0097621587 0.20940567 0.057665051)
(0.0076802183 0.18719785 0.054875541)
(0.0059326207 0.16522246 0.051446246)
(0.0044880901 0.14393588 0.04747698)
(0.0033137188 0.12364773 0.043070813)
(0.002375577 0.10454365 0.038328577)
(0.0016407689 0.08671327 0.033345132)
(0.0010787042 0.070176896 0.028206864)
(0.00066165959 0.054908111 0.02299026)
(0.00036512831 0.040851276 0.01776138)
(0.00016829965 0.027934321 0.012575941)
(5.3982765e-05 0.016077604 0.0074798076)
(3.6332325e-06 0.0051997654 0.0025097908)
(0.030606808 0.56604834 -0.044210355)
(-0.00020017803 0.41061536 -0.066311184)
(0.025947399 0.32182804 -0.061966281)
(0.028269185 0.28386519 -0.054019743)
(0.032360657 0.27100035 -0.043560281)
(0.035178877 0.26881521 -0.033314878)
(0.036537047 0.27083859 -0.023502769)
(0.036813246 0.27442067 -0.013913459)
(0.036289734 0.27865429 -0.0043705931)
(0.035148182 0.28336788 0.0051941006)
(0.033502043 0.28837654 0.014730251)
(0.03144077 0.29341892 0.024074941)
(0.029049356 0.29820496 0.033025089)
(0.026411645 0.30234578 0.041380603)
(0.023614539 0.30533753 0.048970464)
(0.02074536 0.30656724 0.055662739)
(0.017889692 0.30536799 0.061361384)
(0.015128564 0.30113311 0.065996222)
(0.012532868 0.2934583 0.069514205)
(0.010141522 0.28225298 0.071878919)
(0.0080579601 0.26777227 0.073089233)
(0.0062614319 0.25056123 0.073162817)
(0.0047589375 0.23134123 0.072133225)
(0.0034830643 0.21088427 0.070066552)
(0.0024987509 0.18990979 0.067060106)
(0.0017655314 0.1690208 0.063254812)
(0.0011943686 0.1486781 0.05878904)
(0.00077856203 0.12920323 0.053799924)
(0.00048603899 0.11079759 0.048418165)
(0.00028701659 0.093567552 0.042763547)
(0.00015725488 0.077549444 0.036942352)
(7.7359163e-05 0.06273122 0.031046274)
(3.1975539e-05 0.049069591 0.02515247)
(9.2368274e-06 0.036502788 0.019324371)
(2.1731355e-07 0.024959582 0.013612902)
(-1.6061857e-06 0.014365352 0.0080578817)
(-5.4513752e-07 0.0046459965 0.0026895002)
(0.027543473 0.54816988 -0.049968783)
(-0.0073201309 0.37422415 -0.070573586)
(0.014170378 0.28791095 -0.066743048)
(0.010123207 0.26115373 -0.057394163)
(0.011934584 0.25738537 -0.045804838)
(0.012498488 0.2608867 -0.034639917)
(0.012314176 0.26606299 -0.023905816)
(0.011619557 0.27126718 -0.01342852)
(0.010569831 0.27621294 -0.0030477548)
(0.009277897 0.2809968 0.0073022582)
(0.00782855 0.28566069 0.017581075)
(0.0062857893 0.29007217 0.027638602)
(0.0047017021 0.29390576 0.037268773)
(0.0031233314 0.29666023 0.046245165)
(0.0015980104 0.29772173 0.054363298)
(0.00017654182 0.29644866 0.061450021)
(-0.0010890695 0.29228765 0.067368524)
(-0.002157478 0.28489482 0.072016323)
(-0.0030021978 0.27421993 0.07531472)
(-0.0035643436 0.26052186 0.077201229)
(-0.0039325166 0.24431392 0.077706177)
(-0.004042547 0.226261 0.076920322)
(-0.0039451605 0.20706857 0.074970312)
(-0.003720394 0.18739262 0.071990033)
(-0.0033585793 0.16778439 0.068139566)
(-0.0029484524 0.14866818 0.063583362)
(-0.0025081544 0.1303431 0.058488644)
(-0.0020661253 0.11299934 0.053006064)
(-0.0016455248 0.096740219 0.047269706)
(-0.0012624057 0.081604434 0.041395166)
(-0.00092678792 0.067585501 0.035479111)
(-0.0006439535 0.054647311 0.029600182)
(-0.00041550396 0.042735806 0.023820705)
(-0.00024040121 0.031787323 0.018188764)
(-0.00011614496 0.021734292 0.012740314)
(-3.9466525e-05 0.012508941 0.0075011778)
(-3.2331665e-06 0.0040456079 0.0024888785)
(0.024531659 0.53142411 -0.05247518)
(-0.014962772 0.34456222 -0.069534902)
(0.0017133993 0.26553464 -0.067887521)
(-0.0070071887 0.24921281 -0.056858309)
(-0.007357402 0.25243586 -0.045194887)
(-0.0087076888 0.25981429 -0.033722061)
(-0.010023253 0.26696871 -0.022565247)
(-0.011350877 0.27301015 -0.01167867)
(-0.012652916 0.27801215 -0.00095642125)
(-0.013875468 0.28222429 0.0096670231)
(-0.014958563 0.28572632 0.020134019)
(-0.015860418 0.28835234 0.030290769)
(-0.016553164 0.28983071 0.039920896)
(-0.017013438 0.28959541 0.048783899)
(-0.017209919 0.28713263 0.056646768)
(-0.017122005 0.28201312 0.063305751)
(-0.016742286 0.27400081 0.068598746)
(-0.01612825 0.26311713 0.072421261)
(-0.015204316 0.24964035 0.074717692)
(-0.014004724 0.23405013 0.075588682)
(-0.01273775 0.21693897 0.075104516)
(-0.01135898 0.19892234 0.073383445)
(-0.0099355185 0.18056771 0.070592401)
(-0.0085239114 0.16234929 0.066925484)
(-0.0071717711 0.14463043 0.062575796)
(-0.0059125131 0.12766637 0.057723626)
(-0.0047688937 0.11161877 0.052528546)
(-0.0037550435 0.096574675 0.04712837)
(-0.0028769828 0.082565551 0.041638203)
(-0.0021342184 0.069583853 0.03615111)
(-0.001521463 0.057596327 0.030740033)
(-0.0010301179 0.046554025 0.025460369)
(-0.0006494916 0.036399491 0.020352725)
(-0.00036794507 0.027071708 0.015445581)
(-0.0001741683 0.01850934 0.010757679)
(-5.7762334e-05 0.010652771 0.0063000864)
(-4.3813465e-06 0.0034452961 0.002077929)
(0.021400586 0.51560108 -0.05079132)
(-0.022227241 0.31969285 -0.063896816)
(-0.011991644 0.24888892 -0.063718933)
(-0.023610463 0.24007582 -0.052821662)
(-0.027033609 0.24716806 -0.041931789)
(-0.029978455 0.25625792 -0.030859291)
(-0.032142226 0.26422699 -0.019924018)
(-0.03374752 0.27052309 -0.009197393)
(-0.034865268 0.27512762 0.0013457487)
(-0.035539428 0.27829903 0.011703705)
(-0.035782816 0.28005315 0.02178131)
(-0.035591777 0.28018746 0.03140401)
(-0.034961448 0.27839203 0.040337615)
(-0.033898672 0.27441328 0.048335878)
(-0.032425446 0.26800962 0.055162638)
(-0.030579171 0.25910096 0.060638198)
(-0.028419446 0.24780408 0.064651702)
(-0.026023505 0.23442208 0.067165334)
(-0.023445685 0.21939881 0.06823263)
(-0.020842361 0.20324999 0.067958974)
(-0.018228802 0.18649202 0.066497573)
(-0.015689107 0.16958987 0.064027323)
(-0.0132935 0.15292663 0.060744444)
(-0.011083779 0.13679281 0.056843826)
(-0.0090879463 0.12139027 0.052505788)
(-0.007319929 0.10684465 0.047887734)
(-0.0057822786 0.093220981 0.043121605)
(-0.0044687842 0.080539285 0.038314173)
(-0.0033670118 0.068787972 0.033548894)
(-0.0024604978 0.057934644 0.028888704)
(-0.0017305235 0.047934231 0.024379208)
(-0.0011574574 0.038734842 0.020051847)
(-0.00072173231 0.030281796 0.01592681)
(-0.00040470624 0.022520297 0.012015561)
(-0.0001896731 0.015397108 0.0083229556)
(-6.2167866e-05 0.0088615422 0.0048489567)
(-4.5555784e-06 0.002865989 0.0015899906)
(0.018373137 0.50136628 -0.044280233)
(-0.029818394 0.29824768 -0.055271777)
(-0.026407361 0.23485374 -0.054503334)
(-0.040303077 0.22977875 -0.045528365)
(-0.046615237 0.23688822 -0.036047574)
(-0.051161865 0.24490474 -0.026230121)
(-0.053978978 0.25178725 -0.016349921)
(-0.055512528 0.25698886 -0.0065575435)
(-0.055993684 0.26031622 0.0030771963)
(-0.05558362 0.26169968 0.012450669)
(-0.054386905 0.2610742 0.021419208)
(-0.052494934 0.2583437 0.029779408)
(-0.049991203 0.25342172 0.037292922)
(-0.046964342 0.24628077 0.04374453)
(-0.043518793 0.23700334 0.048965096)
(-0.039770696 0.22579775 0.052842642)
(-0.035842539 0.21298935 0.055345977)
(-0.031855959 0.19898217 0.056520989)
(-0.027921739 0.18421005 0.056478653)
(-0.024140037 0.16908976 0.05536826)
(-0.020585698 0.15398695 0.053365144)
(-0.017315846 0.13919748 0.050657827)
(-0.014364982 0.12494227 0.047428192)
(-0.01174807 0.1113723 0.043840611)
(-0.0094646391 0.098579165 0.040036641)
(-0.0075024612 0.086607608 0.03613292)
(-0.0058411595 0.075467547 0.032221766)
(-0.004455344 0.065144521 0.028373422)
(-0.0033171185 0.055608032 0.024639107)
(-0.0023979562 0.046817834 0.021054313)
(-0.0016700153 0.038728493 0.017641965)
(-0.0011069803 0.031292526 0.014415237)
(-0.00068455673 0.024462496 0.011379951)
(-0.00038088414 0.018192341 0.008536538)
(-0.00017713258 0.012438164 0.0058815969)
(-5.7514475e-05 0.0071586503 0.0034091088)
(-4.0856167e-06 0.0023152612 0.0011113547)
(0.016480403 0.49131627 -0.033225215)
(-0.036739696 0.28272407 -0.042490863)
(-0.039150524 0.2229344 -0.041217473)
(-0.055599676 0.21722264 -0.034794727)
(-0.064491901 0.22058441 -0.027684702)
(-0.070522858 0.22439111 -0.02009796)
(-0.073798463 0.22750339 -0.012294382)
(-0.074952042 0.22940293 -0.0044538254)
(-0.074376437 0.22975371 0.0032888756)
(-0.072403087 0.22835362 0.010769142)
(-0.069296842 0.22511953 0.01778831)
(-0.065295674 0.22001136 0.02415773)
(-0.060621259 0.21307796 0.02969636)
(-0.055482757 0.20445462 0.03424311)
(-0.050077332 0.19436649 0.037703536)
(-0.044587894 0.18310734 0.040042142)
(-0.039177145 0.17101081 0.041291399)
(-0.033981119 0.15841652 0.041539847)
(-0.029105109 0.14564053 0.040915331)
(-0.024622949 0.13295457 0.039566914)
(-0.020578906 0.12057573 0.037650495)
(-0.016991106 0.10866496 0.035316492)
(-0.013856388 0.097331686 0.032700263)
(-0.011155751 0.086641932 0.029916691)
(-0.0088594222 0.076627483 0.027060452)
(-0.0069312534 0.067294601 0.024205602)
(-0.0053321968 0.058631533 0.021407605)
(-0.0040228614 0.050614512 0.018706077)
(-0.0029652817 0.043212315 0.016127681)
(-0.002124028 0.036389575 0.013688853)
(-0.0014668175 0.030109109 0.011398201)
(-0.00096474925 0.024333483 0.0092585309)
(-0.00059229886 0.019026044 0.0072684768)
(-0.00032730727 0.014151558 0.0054237901)
(-0.00015118677 0.0096765856 0.0037183255)
(-4.868719e-05 0.0055696702 0.00214479)
(-3.3580739e-06 0.0018014161 0.00069528259)
(0.016817588 0.48539344 -0.019198843)
(-0.041595348 0.2728353 -0.025479664)
(-0.048668419 0.21352637 -0.02458664)
(-0.067270619 0.20491203 -0.021158423)
(-0.078107436 0.20264191 -0.017262463)
(-0.085204807 0.20036585 -0.012912166)
(-0.088667736 0.19776281 -0.0082725169)
(-0.08925489 0.19458512 -0.0034877539)
(-0.087507441 0.19064375 0.0013058092)
(-0.083942866 0.18579252 0.0059581239)
(-0.078995586 0.17996532 0.010305227)
(-0.073061298 0.17315857 0.014198588)
(-0.066498344 0.16543448 0.017517665)
(-0.0596233 0.15691559 0.020169405)
(-0.052711907 0.14776556 0.022104814)
(-0.045980125 0.13817341 0.023322918)
(-0.039601751 0.12833789 0.023869831)
(-0.033697849 0.11844526 0.023821227)
(-0.028343332 0.10865775 0.023271429)
(-0.023573302 0.099107248 0.022322137)
(-0.019390976 0.089893933 0.021073217)
(-0.015776227 0.08108848 0.019616083)
(-0.012691044 0.07273583 0.018030204)
(-0.010088828 0.064861017 0.016380546)
(-0.007919091 0.05747357 0.01471807)
(-0.0061290257 0.050570989 0.013081561)
(-0.0046681467 0.044142591 0.011498685)
(-0.0034894013 0.03817208 0.0099884978)
(-0.0025500483 0.032639479 0.0085629077)
(-0.001812048 0.027522554 0.0072283125)
(-0.0012420664 0.022797843 0.0059870151)
(-0.00081123303 0.018441404 0.0048383754)
(-0.00049477028 0.014429346 0.0037797167)
(-0.0002716834 0.010738224 0.0028070222)
(-0.00012468611 0.007345309 0.0019154604)
(-3.9836423e-05 0.0042287831 0.0010997792)
(-2.6888173e-06 0.0013678699 0.00035458031)
(0.017394854 0.48263608 -0.0038982155)
(-0.044232731 0.26835016 -0.0053829588)
(-0.053447296 0.20880997 -0.005748919)
(-0.073188273 0.19842324 -0.0057527074)
(-0.084957149 0.19252131 -0.0056484523)
(-0.092522056 0.18615559 -0.0052835577)
(-0.09598551 0.17947557 -0.0046336354)
(-0.096175664 0.17249524 -0.0037248485)
(-0.093705592 0.16523264 -0.0026331753)
(-0.089192101 0.15770816 -0.0014312246)
(-0.083183961 0.14994221 -0.00019358833)
(-0.076164926 0.14197257 0.001005905)
(-0.06858044 0.13384999 0.0021077108)
(-0.06079673 0.12563852 0.003055971)
(-0.053126063 0.11740968 0.0038143651)
(-0.045805167 0.10923385 0.0043726379)
(-0.039002103 0.10117748 0.004735408)
(-0.032821539 0.093299508 0.0049185888)
(-0.027314516 0.085649451 0.0049458591)
(-0.022489647 0.078266874 0.0048447495)
(-0.018324432 0.071180305 0.0046437119)
(-0.014775418 0.064410601 0.0043694033)
(-0.011786745 0.057971911 0.0040455691)
(-0.0092969685 0.051872675 0.0036928754)
(-0.00724412 0.046116508 0.0033269728)
(-0.0055679094 0.040702822 0.0029596539)
(-0.0042130492 0.03562779 0.002600028)
(-0.0031299202 0.03088474 0.0022544911)
(-0.0022740801 0.026464385 0.0019273148)
(-0.0016070638 0.02235542 0.0016210439)
(-0.0010958058 0.018544929 0.0013369179)
(-0.00071213799 0.015018776 0.0010752197)
(-0.00043225033 0.011761972 0.00083555342)
(-0.00023623938 0.0087590194 0.00061706213)
(-0.00010789391 0.0059942124 0.00041859448)
(-3.4251984e-05 0.0034519025 0.00023883616)
(-2.2724144e-06 0.0011167157 7.6400081e-05)
(0.017275903 0.48309291 0.011924715)
(-0.043751014 0.26967554 0.015546291)
(-0.052668318 0.21127802 0.013690002)
(-0.072196436 0.20224558 0.010133171)
(-0.083808065 0.19794606 0.0062927058)
(-0.09129903 0.19296316 0.0024834538)
(-0.094766564 0.18736022 -0.001079785)
(-0.095055227 0.18112429 -0.0043061394)
(-0.092762749 0.17427023 -0.0071392604)
(-0.088447761 0.16684028 -0.0095690092)
(-0.082627003 0.15890656 -0.011568924)
(-0.075774554 0.15055923 -0.013128056)
(-0.068328786 0.14188415 -0.01424976)
(-0.060653517 0.13301299 -0.014941569)
(-0.053061177 0.12406738 -0.015236417)
(-0.045793192 0.115159 -0.015179673)
(-0.039022521 0.1063858 -0.014823867)
(-0.032859091 0.097829093 -0.014229527)
(-0.027359239 0.089552981 -0.01345714)
(-0.022534857 0.081617104 -0.012561871)
(-0.018366 0.074045376 -0.011591616)
(-0.014811562 0.066853599 -0.010586997)
(-0.011816983 0.060050091 -0.0095786537)
(-0.0093218739 0.053636869 -0.0085894106)
(-0.0072637111 0.047610834 -0.0076356302)
(-0.0055829745 0.041965379 -0.0067280422)
(-0.0042247726 0.036691078 -0.0058727905)
(-0.003138725 0.031776005 -0.005073244)
(-0.0022805537 0.027206462 -0.0043303491)
(-0.0016117101 0.022967382 -0.0036433299)
(-0.0010990339 0.01904269 -0.0030102571)
(-0.00071428186 0.015415627 -0.0024284758)
(-0.00043358437 0.012069043 -0.0018949175)
(-0.00023699018 0.0089856772 -0.0014063206)
(-0.00010824877 0.0061483877 -0.00095938555)
(-3.4372477e-05 0.0035403626 -0.00055087545)
(-2.2788368e-06 0.0011452862 -0.00017768335)
(0.016442084 0.48661294 0.026959348)
(-0.04041939 0.27654019 0.035027042)
(-0.046557008 0.21984709 0.032069002)
(-0.064592467 0.21496489 0.025168585)
(-0.074971058 0.21640409 0.017686834)
(-0.081869772 0.21720289 0.010114309)
(-0.085406584 0.21677715 0.0027921567)
(-0.086276074 0.21486418 -0.0041193057)
(-0.084950434 0.21142403 -0.010504784)
(-0.081879588 0.20644907 -0.016289648)
(-0.077429593 0.19999062 -0.021376616)
(-0.071950845 0.19216557 -0.025669196)
(-0.065772099 0.18314684 -0.02909241)
(-0.059198503 0.17315466 -0.031594359)
(-0.052503091 0.16244316 -0.033174424)
(-0.045919417 0.15127965 -0.033880477)
(-0.03963446 0.1399196 -0.033799825)
(-0.033781009 0.12858982 -0.033047663)
(-0.028447341 0.11747972 -0.031754046)
(-0.023680373 0.10673548 -0.030049786)
(-0.019490028 0.09645994 -0.028057746)
(-0.01586101 0.086719723 -0.025885042)
(-0.012761245 0.077551812 -0.023620481)
(-0.010145439 0.068969515 -0.021335001)
(-0.0079631664 0.060969429 -0.019082333)
(-0.0061625706 0.053536675 -0.016900845)
(-0.0046931563 0.046648905 -0.014816992)
(-0.0035076552 0.04027926 -0.012847296)
(-0.0025630673 0.034398459 -0.011000635)
(-0.0018210872 0.028976241 -0.0092802291)
(-0.0012481354 0.023982336 -0.0076852599)
(-0.00081512904 0.019387091 -0.0062121389)
(-0.00049711545 0.015161882 -0.004855475)
(-0.0002729607 0.011279358 -0.003608794)
(-0.00012527356 0.0077135955 -0.0024650625)
(-4.0022709e-05 0.004440162 -0.0014170605)
(-2.7026831e-06 0.0014361501 -0.0004576347)
(0.016666296 0.49332388 0.040412374)
(-0.035064281 0.28828759 0.050959066)
(-0.036248243 0.2314346 0.047923124)
(-0.052111066 0.23048019 0.038180606)
(-0.060464753 0.23780022 0.027696743)
(-0.066278562 0.24439327 0.017194799)
(-0.069671271 0.2490423 0.0070651303)
(-0.071182747 0.25147196 -0.0025501922)
(-0.071135174 0.2516612 -0.011626635)
(-0.069778943 0.24967986 -0.020079662)
(-0.067305992 0.24554149 -0.027784612)
(-0.063890924 0.23930412 -0.034591422)
(-0.059718343 0.2310802 -0.040342371)
(-0.054980274 0.22105223 -0.044896049)
(-0.049871811 0.20949169 -0.048173034)
(-0.044585224 0.19673916 -0.050164607)
(-0.039299135 0.1831724 -0.050935322)
(-0.034167836 0.16916893 -0.050605104)
(-0.029314296 0.15507371 -0.049333257)
(-0.024827522 0.14117722 -0.047299127)
(-0.020763508 0.1277056 -0.044684705)
(-0.017148704 0.11482086 -0.041659707)
(-0.013985384 0.10262769 -0.038374926)
(-0.011257754 0.09118363 -0.034956476)
(-0.0089377178 0.080509999 -0.031504894)
(-0.0069897517 0.070601911 -0.028096831)
(-0.0053747819 0.06143667 -0.024788043)
(-0.0040530553 0.052980315 -0.021616886)
(-0.0029860919 0.04519246 -0.018607798)
(-0.0021379151 0.03802971 -0.015774475)
(-0.001475729 0.031447981 -0.013122588)
(-0.00097018552 0.025404 -0.010652016)
(-0.00059538926 0.019856218 -0.0083586057)
(-0.00032888471 0.014765336 -0.0062355274)
(-0.00015185457 0.010094554 -0.0042742917)
(-4.8878353e-05 0.005809649 -0.0024654986)
(-3.3690604e-06 0.0018789471 -0.00079936642)
(0.01915698 0.50398464 0.050393776)
(-0.027900782 0.30483108 0.062751234)
(-0.023405087 0.24454007 0.060493028)
(-0.037021052 0.24391046 0.04829987)
(-0.042946781 0.25422987 0.035694182)
(-0.047403948 0.26394481 0.023280748)
(-0.05041372 0.2712321 0.011426062)
(-0.052350918 0.27602951 0.00018689157)
(-0.053364581 0.27856557 -0.010523608)
(-0.053530556 0.2790585 -0.020704899)
(-0.052924587 0.27750785 -0.030285184)
(-0.051583166 0.27384755 -0.039099756)
(-0.049555503 0.26799055 -0.046921112)
(-0.046911853 0.25987483 -0.053530356)
(-0.043750929 0.24956936 -0.058755341)
(-0.040191041 0.23728764 -0.062485609)
(-0.03636675 0.22337621 -0.064698369)
(-0.03241644 0.20826929 -0.065456587)
(-0.028469749 0.19243168 -0.064894485)
(-0.024643264 0.17630609 -0.063190122)
(-0.021027126 0.16027626 -0.060548849)
(-0.017689029 0.14464752 -0.057184327)
(-0.014670581 0.12964304 -0.053299417)
(-0.011991456 0.11541076 -0.049074535)
(-0.0096535823 0.10203589 -0.044662318)
(-0.0076455918 0.089554972 -0.040186311)
(-0.0059469678 0.077969212 -0.035742406)
(-0.0045315927 0.06725564 -0.03140191)
(-0.0033705515 0.057375908 -0.027215352)
(-0.0024342117 0.048282798 -0.023216397)
(-0.0016936662 0.039924832 -0.019425489)
(-0.0011216429 0.032249396 -0.015853016)
(-0.00069302682 0.025204742 -0.012501948)
(-0.00038527939 0.018741231 -0.0093699524)
(-0.00017903232 0.012812004 -0.006451037)
(-5.8073743e-05 0.0073733147 -0.0037368129)
(-4.1162337e-06 0.002384617 -0.0012174205)
(0.022037878 0.51829207 0.055607867)
(-0.020562295 0.32612532 0.070873029)
(-0.0095792545 0.25873946 0.069259276)
(-0.021376162 0.25391811 0.055217888)
(-0.024655438 0.26351997 0.041436067)
(-0.027735962 0.2734892 0.027999163)
(-0.03019401 0.28113664 0.015326744)
(-0.032199608 0.28649659 0.0033683824)
(-0.033780597 0.29001444 -0.008061419)
(-0.034921583 0.29217777 -0.019095704)
(-0.035626279 0.29311322 -0.029724435)
(-0.035866871 0.29257096 -0.039810418)
(-0.035609687 0.29015014 -0.049124036)
(-0.034843798 0.28554203 -0.057403986)
(-0.03358216 0.27846362 -0.064402966)
(-0.031862603 0.26880972 -0.06992673)
(-0.029749954 0.2566987 -0.073849294)
(-0.027331389 0.24245759 -0.076135331)
(-0.024685112 0.22656315 -0.076846482)
(-0.0219575 0.20956358 -0.07609884)
(-0.019204004 0.19200179 -0.074078379)
(-0.016523118 0.17436066 -0.070992707)
(-0.013988386 0.15703246 -0.067067668)
(-0.011649538 0.14030942 -0.062520364)
(-0.0095382693 0.12439002 -0.057547658)
(-0.0076705092 0.10939355 -0.052319377)
(-0.0060491154 0.095377461 -0.046976072)
(-0.0046670675 0.082353892 -0.041629612)
(-0.00351047 0.070303849 -0.036365721)
(-0.0025610954 0.059188292 -0.031247511)
(-0.0017983984 0.048956403 -0.026319329)
(-0.0012010068 0.039551438 -0.021610461)
(-0.00074777899 0.030914685 -0.017138444)
(-0.00041870497 0.022988038 -0.012911889)
(-0.00019593929 0.015715557 -0.0089327905)
(-6.4100777e-05 0.0090443596 -0.0051983647)
(-4.6650839e-06 0.0029250495 -0.0017024786)
(0.024984314 0.53318137 0.056206867)
(-0.013759787 0.34938686 0.076296539)
(0.0030366252 0.27432932 0.073191713)
(-0.0063235863 0.2619859 0.059315146)
(-0.0068024099 0.26756168 0.044884793)
(-0.0085453214 0.27559147 0.031166142)
(-0.010255615 0.2822424 0.018388499)
(-0.011973432 0.28724878 0.0063758207)
(-0.013647333 0.29113323 -0.0051483861)
(-0.01521844 0.29436196 -0.016388949)
(-0.016631592 0.29709345 -0.027382957)
(-0.017821668 0.2991291 -0.038018866)
(-0.01875165 0.3001477 -0.048093298)
(-0.019389226 0.29948881 -0.057357504)
(-0.019691364 0.29656204 -0.065554105)
(-0.019636754 0.29089714 -0.07244923)
(-0.019220611 0.2822474 -0.077859791)
(-0.018495363 0.27064847 -0.081666935)
(-0.017395432 0.25640803 -0.083812573)
(-0.016023454 0.24004244 -0.084391621)
(-0.014557189 0.22217855 -0.083477015)
(-0.012922992 0.20345797 -0.081220119)
(-0.011261074 0.18446377 -0.077826004)
(-0.009625414 0.16567631 -0.073513823)
(-0.0080675331 0.14745837 -0.068500231)
(-0.0066249975 0.13006044 -0.062983862)
(-0.0053233105 0.11363716 -0.057140643)
(-0.0041764288 0.098267803 -0.051120317)
(-0.0031888563 0.08397625 -0.045045682)
(-0.0023579215 0.070748075 -0.039014045)
(-0.0016758358 0.058544066 -0.033099977)
(-0.001131413 0.047310273 -0.027358634)
(-0.00071145918 0.036985133 -0.021829122)
(-0.00040203442 0.0275043 -0.016537638)
(-0.00018982912 0.018803763 -0.011500231)
(-6.2768473e-05 0.010821766 -0.0067251071)
(-4.7215473e-06 0.0034998862 -0.0022145426)
(0.027709132 0.54843947 0.053234784)
(-0.0070341857 0.37608126 0.07730258)
(0.014002472 0.29381781 0.07236399)
(0.0088170916 0.27134045 0.060381133)
(0.010142532 0.27028308 0.046021638)
(0.010105827 0.27474007 0.03262462)
(0.0094305777 0.27963237 0.020257614)
(0.0083446024 0.2839704 0.0086434322)
(0.0069927829 0.28793909 -0.0025466403)
(0.00547165 0.29185144 -0.01353322)
(0.0038537636 0.29584813 -0.024366121)
(0.0021940549 0.29979589 -0.034948551)
(0.00054096887 0.30331301 -0.045099906)
(-0.001053117 0.30581821 -0.054589267)
(-0.0025387663 0.30661762 -0.063192746)
(-0.003866189 0.30500899 -0.070707156)
(-0.0049819528 0.3004068 -0.076960233)
(-0.0058425559 0.29246428 -0.081814493)
(-0.0064295763 0.28115233 -0.085168232)
(-0.0067172867 0.26676529 -0.08695731)
(-0.0067141894 0.24985409 -0.087231867)
(-0.006472482 0.2311159 -0.086081434)
(-0.006062082 0.21127957 -0.083627232)
(-0.0054746172 0.19101564 -0.080041386)
(-0.0048237125 0.17088194 -0.075511857)
(-0.0041356154 0.15130259 -0.070240271)
(-0.0034482517 0.1325724 -0.064413942)
(-0.0027932864 0.11487515 -0.058203562)
(-0.0021930697 0.098307181 -0.051758721)
(-0.0016617036 0.082900463 -0.045205894)
(-0.0012066864 0.0686425 -0.038648723)
(-0.00083034606 0.055492044 -0.032169732)
(-0.00053111979 0.043390782 -0.025832789)
(-0.00030483299 0.032271589 -0.019685814)
(-0.00014611182 0.022064105 -0.013763443)
(-4.9180743e-05 0.012698326 -0.0080894424)
(-3.9057588e-06 0.0041067946 -0.0026788598)
(0.02998145 0.56388038 0.047532822)
(-0.0012327237 0.40675869 0.073325046)
(0.023642356 0.32019056 0.068559464)
(0.023894007 0.28682295 0.058010142)
(0.027088494 0.27751774 0.04465796)
(0.029148064 0.27721537 0.032068388)
(0.029968286 0.27965007 0.020503749)
(0.029951715 0.2830529 0.0096412434)
(0.029318426 0.28699395 -0.00085316414)
(0.028197725 0.29137082 -0.01118405)
(0.02666907 0.29612668 -0.021384005)
(0.024792246 0.30108253 -0.031359213)
(0.022630138 0.30591832 -0.040939077)
(0.020254081 0.31018027 -0.049927303)
(0.017742832 0.31328992 -0.058141841)
(0.01517978 0.31456749 -0.065427972)
(0.01265019 0.31329855 -0.07166062)
(0.010234882 0.30885374 -0.076737607)
(0.0080029405 0.30083035 -0.08057587)
(0.0060168087 0.28915841 -0.083113578)
(0.0043717228 0.27412549 -0.084322738)
(0.0029601704 0.25631365 -0.084195488)
(0.001817784 0.23647873 -0.082776002)
(0.00099810828 0.2154202 -0.080159888)
(0.00043563038 0.19387615 -0.076500714)
(4.1551123e-05 0.17245966 -0.07195329)
(-0.00019479991 0.15163548 -0.066682151)
(-0.00031310797 0.13172505 -0.060850467)
(-0.00034927332 0.11292709 -0.054611749)
(-0.00033191752 0.0953441 -0.048104529)
(-0.0002833186 0.079008129 -0.041449592)
(-0.00022037136 0.06390298 -0.034749196)
(-0.0001553255 0.049981593 -0.02808767)
(-9.6598165e-05 0.037178909 -0.021532844)
(-4.9726385e-05 0.025420882 -0.015137883)
(-1.80983e-05 0.014630515 -0.0089432268)
(-1.7682666e-06 0.0047317028 -0.0029785222)
(0.031351765 0.57949529 0.039833034)
(0.0030928873 0.44191737 0.06436556)
(0.032645513 0.3568277 0.060927263)
(0.039389959 0.31544105 0.051802602)
(0.04570861 0.29812262 0.040144094)
(0.050555638 0.29214066 0.028873065)
(0.05354101 0.2914696 0.018511463)
(0.05504363 0.29328977 0.0088008209)
(0.055377567 0.29643334 -0.00055640101)
(0.054763417 0.30041983 -0.0097079865)
(0.053306181 0.30489074 -0.018666748)
(0.051096111 0.30955772 -0.027352352)
(0.04824434 0.31414016 -0.035629504)
(0.044880057 0.31833249 -0.043349282)
(0.041140021 0.32176414 -0.050381033)
(0.037160181 0.32395021 -0.056626372)
(0.033070123 0.32426895 -0.062017104)
(0.028989735 0.32201207 -0.066502568)
(0.025026598 0.31651953 -0.070035616)
(0.021272056 0.30735286 -0.072565955)
(0.017795593 0.29442864 -0.074047036)
(0.014664934 0.27805217 -0.074468799)
(0.011905871 0.25884586 -0.073849723)
(0.0094855029 0.23761559 -0.072214735)
(0.0074460163 0.21520715 -0.069605899)
(0.0057445403 0.19239355 -0.066114353)
(0.0043490162 0.1698096 -0.061857612)
(0.0032241297 0.14792949 -0.056964428)
(0.0023327975 0.1270746 -0.051565829)
(0.0016390389 0.10743735 -0.045788378)
(0.0011097313 0.089110472 -0.03974937)
(0.00071538052 0.072114861 -0.033553862)
(0.00043035226 0.056423109 -0.027293275)
(0.00023289035 0.041977691 -0.021045162)
(0.00010514097 0.028704217 -0.014873734)
(3.2800374e-05 0.016520585 -0.0088308292)
(1.9685229e-06 0.005343004 -0.0029571803)
(0.032484988 0.59638086 0.030370838)
(0.0086491546 0.48527137 0.050550683)
(0.043633007 0.41015189 0.047931664)
(0.058006922 0.36692491 0.040743961)
(0.068854493 0.34399374 0.031469446)
(0.077145019 0.3324087 0.022250142)
(0.082608038 0.32698119 0.013744534)
(0.085620914 0.32493359 0.005840221)
(0.086669505 0.3248585 -0.0016424262)
(0.086116047 0.32596113 -0.0087944791)
(0.084165659 0.32769728 -0.015651585)
(0.08101786 0.32972059 -0.022178721)
(0.076887115 0.33178531 -0.028299835)
(0.071995729 0.33369418 -0.033930606)
(0.066560928 0.33524423 -0.0390008)
(0.060784081 0.33614923 -0.043465088)
(0.054843877 0.33595811 -0.047302999)
(0.048894154 0.3340244 -0.050509585)
(0.043065803 0.32958086 -0.053081818)
(0.037465526 0.32191502 -0.055001129)
(0.032183059 0.31057976 -0.056242462)
(0.027287017 0.29553179 -0.056777719)
(0.022823739 0.2771435 -0.056580446)
(0.018819148 0.25610586 -0.055644756)
(0.015281257 0.2332731 -0.053985782)
(0.012203455 0.2095112 -0.051639949)
(0.0095669063 0.18558792 -0.048666094)
(0.0073435187 0.16211502 -0.045140272)
(0.005499089 0.13953445 -0.041149123)
(0.0039961417 0.11813295 -0.036783579)
(0.0027961809 0.098070304 -0.032133674)
(0.0018613192 0.07941082 -0.027284667)
(0.0011554031 0.062151978 -0.02231448)
(0.00064503433 0.046247803 -0.017292234)
(0.00030088689 0.031626487 -0.012277621)
(9.7965646e-05 0.018202919 -0.0073208642)
(6.9588727e-06 0.005887129 -0.0024631529)
(0.034414458 0.61347812 0.017953911)
(0.017537937 0.53486874 0.030274358)
(0.057902645 0.47712669 0.028121751)
(0.080043055 0.43813708 0.023437047)
(0.095594623 0.41242964 0.017531861)
(0.1068874 0.39520834 0.01161323)
(0.11409582 0.38328065 0.0062069505)
(0.11781875 0.37477875 0.0013392307)
(0.11875972 0.36854463 -0.0030975181)
(0.11740983 0.36384055 -0.0071823526)
(0.11415764 0.36019659 -0.010947538)
(0.10938047 0.35730745 -0.014414533)
(0.10342639 0.35495566 -0.017576023)
(0.096616567 0.35297626 -0.020414761)
(0.089240702 0.35122272 -0.022918561)
(0.081550085 0.34948875 -0.02508146)
(0.073754887 0.34741776 -0.026908775)
(0.066026245 0.34442588 -0.028413812)
(0.058499653 0.33971232 -0.029607097)
(0.051281311 0.33240872 -0.03049409)
(0.044454451 0.32180512 -0.031070314)
(0.038083066 0.30755755 -0.031320255)
(0.032214496 0.28978081 -0.031223982)
(0.026880534 0.26900153 -0.030764387)
(0.022097846 0.24601407 -0.02993347)
(0.017868879 0.22170876 -0.028736166)
(0.014183374 0.1969286 -0.027191082)
(0.01102029 0.17237974 -0.025328821)
(0.0083500155 0.14859527 -0.023188955)
(0.0061366725 0.12593772 -0.020816573)
(0.0043403129 0.10462326 -0.018259051)
(0.0029188278 0.084754182 -0.015563375)
(0.0018295569 0.066350752 -0.012774131)
(0.0010310671 0.049378463 -0.0099321592)
(0.00048563019 0.033769167 -0.0070737363)
(0.00016006293 0.019436434 -0.0042301868)
(1.1884696e-05 0.006286086 -0.0014278497)
(0.035843214 0.62294369 0.001933783)
(0.02387156 0.56425494 0.0025410272)
(0.06706902 0.51767846 0.0012305974)
(0.093154148 0.48205752 -0.00030443065)
(0.11092307 0.45494408 -0.0017184791)
(0.12331745 0.43401521 -0.0028490429)
(0.13098999 0.41755651 -0.0036542604)
(0.13464394 0.40440096 -0.0041530628)
(0.13503259 0.39374434 -0.0044090086)
(0.13283512 0.38501879 -0.0044757401)
(0.1286143 0.37781335 -0.0043400784)
(0.12280502 0.37181686 -0.0040778136)
(0.11578578 0.36678764 -0.0037360182)
(0.10791124 0.36252158 -0.0033414638)
(0.099502485 0.35889562 -0.0029192815)
(0.090833468 0.35566385 -0.0024928647)
(0.082117343 0.3524784 -0.0020809564)
(0.073532831 0.34877671 -0.0016968975)
(0.06521437 0.34370917 -0.0013490916)
(0.057259366 0.33637432 -0.0010417167)
(0.049746018 0.32596042 -0.00077555769)
(0.042731863 0.31199678 -0.00054897675)
(0.036259448 0.29447915 -0.00035892417)
(0.030358413 0.27384842 -0.00020181463)
(0.02504583 0.25085666 -7.4134857e-05)
(0.020326299 0.2263909 2.7246043e-05)
(0.016192465 0.20131701 0.00010500959)
(0.012626101 0.17637648 0.00016146766)
(0.0095997084 0.1521393 0.00019869162)
(0.0070784602 0.12900014 0.00021862707)
(0.0050222565 0.10719989 0.00022316637)
(0.0033876601 0.086857904 0.00021417774)
(0.0021296505 0.068005036 0.00019350154)
(0.0012036941 0.050612345 0.00016292804)
(0.00056871847 0.034613761 0.00012416805)
(0.00018825027 0.019922662 7.8813433e-05)
(1.4246959e-05 0.006443346 2.8317459e-05)
(0.034810467 0.61777913 -0.01456336)
(0.01946546 0.54669466 -0.026244589)
(0.060625063 0.49140011 -0.026494913)
(0.083621777 0.45124759 -0.024598713)
(0.099354141 0.42279955 -0.021214876)
(0.11045211 0.40254574 -0.017260714)
(0.11733151 0.38788865 -0.013248883)
(0.12062926 0.37711401 -0.0092882819)
(0.12107402 0.36910682 -0.0053291738)
(0.11932299 0.36308671 -0.0013269459)
(0.11577567 0.35856228 0.0026566108)
(0.1106965 0.35513896 0.0065760995)
(0.10449921 0.35252517 0.010367983)
(0.097517984 0.35048518 0.013956995)
(0.090017816 0.34881166 0.017275387)
(0.082230049 0.34725167 0.020269051)
(0.074355038 0.34541554 0.022904981)
(0.066558544 0.34269768 0.025168532)
(0.058972398 0.33828344 0.027052119)
(0.051700235 0.33129048 0.028551729)
(0.044823572 0.32099257 0.029660404)
(0.038405323 0.30702814 0.030364947)
(0.032492303 0.28949657 0.03065058)
(0.027116305 0.26891454 0.030506479)
(0.022294353 0.24607336 0.029930858)
(0.018029381 0.22186635 0.028934236)
(0.014311552 0.19714348 0.027540155)
(0.011120106 0.17261961 0.025783707)
(0.0084255419 0.14883645 0.023708741)
(0.0061919231 0.12616409 0.021364568)
(0.0043791 0.10482474 0.018802797)
(0.0029446554 0.08492518 0.016074633)
(0.0018455558 0.066488838 0.013228819)
(0.0010399631 0.049483307 0.010310197)
(0.00048975254 0.033841749 0.0073588214)
(0.00016139962 0.019478488 0.0044094872)
(1.1978147e-05 0.006299724 0.0014916595)
(0.03237355 0.60220077 -0.027609276)
(0.0098459509 0.49925275 -0.048103728)
(0.04598875 0.42527173 -0.047591355)
(0.061557436 0.37894066 -0.042690879)
(0.072804107 0.35178214 -0.035391568)
(0.081081711 0.33631393 -0.027662707)
(0.086299085 0.32774115 -0.020221827)
(0.08896289 0.32331828 -0.013052801)
(0.089621758 0.32148236 -0.0059904907)
(0.088554203 0.32129361 0.0010591581)
(0.086159543 0.32229252 0.0080314811)
(0.08269946 0.32399186 0.014900458)
(0.078346724 0.32605163 0.021558546)
(0.073287227 0.32819275 0.027863583)
(0.067718289 0.33014193 0.033689695)
(0.061829476 0.3315577 0.038943325)
(0.055791565 0.33195007 0.043563634)
(0.049752872 0.33064571 0.047514593)
(0.043840462 0.32685428 0.050772262)
(0.038158315 0.31983661 0.053306595)
(0.03279469 0.30911426 0.055088613)
(0.027818394 0.29461307 0.05609162)
(0.02327749 0.27668204 0.056291175)
(0.019199879 0.25600083 0.055682492)
(0.015594872 0.23342476 0.054284094)
(0.012456584 0.20983023 0.052137286)
(0.0097666422 0.18600069 0.049305541)
(0.0074971799 0.16256499 0.045869781)
(0.0056139463 0.13998102 0.04192185)
(0.0040791445 0.11854888 0.037558172)
(0.0028537425 0.098438796 0.03287439)
(0.0018991776 0.079722725 0.027961331)
(0.0011785568 0.062403482 0.022902266)
(0.00065773242 0.046438625 0.017771311)
(0.00030667647 0.031758554 0.012632712)
(9.9796817e-05 0.018279435 0.0075407359)
(7.0698095e-06 0.0059119433 0.0025400996)
(0.030808794 0.58543009 -0.037149157)
(0.0034926354 0.45396657 -0.062966537)
(0.034323731 0.36713176 -0.061703098)
(0.042393165 0.32059238 -0.05449527)
(0.049249444 0.29846834 -0.044396832)
(0.054322324 0.2890079 -0.034256361)
(0.057286277 0.28593566 -0.02469079)
(0.058604789 0.28622803 -0.015543)
(0.058678897 0.2884062 -0.0065540505)
(0.05773342 0.29179401 0.0024404414)
(0.055959521 0.29603024 0.011499391)
(0.053483028 0.30077368 0.020501765)
(0.050404981 0.30569657 0.029275437)
(0.046840958 0.31044446 0.037632303)
(0.042920124 0.31459796 0.045395943)
(0.038773306 0.31762906 0.052421084)
(0.034526135 0.31887933 0.058597869)
(0.030295901 0.31760478 0.063843476)
(0.026188962 0.3131042 0.068089677)
(0.022296719 0.30489116 0.07127461)
(0.018691108 0.29283368 0.073342984)
(0.015426122 0.27719764 0.074263108)
(0.012545321 0.25858282 0.074044204)
(0.010023773 0.23779144 0.072729694)
(0.0078814224 0.21568114 0.070370662)
(0.0060913999 0.19304625 0.067059821)
(0.0046195415 0.17054674 0.062918511)
(0.0034299948 0.14868137 0.05808132)
(0.0024851492 0.12779283 0.05268617)
(0.0017481791 0.10809071 0.046867029)
(0.00118486 0.089680636 0.040748661)
(0.00076449421 0.072592788 0.034443327)
(0.00046024825 0.056806092 0.02804913)
(0.00024923194 0.042267149 0.021649631)
(0.00011258114 0.028904098 0.015314299)
(3.5152636e-05 0.016636255 0.0090994666)
(2.116467e-06 0.0053804981 0.0030496354)
(0.029989158 0.57041892 -0.044880756)
(-0.00011143393 0.41810392 -0.073181162)
(0.02590986 0.3270232 -0.070410788)
(0.027707811 0.28661166 -0.061596601)
(0.031408225 0.272251 -0.049450775)
(0.033800505 0.26896482 -0.037680538)
(0.034726439 0.26997557 -0.026687302)
(0.034614797 0.27253205 -0.016208883)
(0.033792426 0.27597478 -0.0059365506)
(0.032421361 0.28021113 0.0043370547)
(0.030604283 0.2850784 0.01467563)
(0.028430386 0.29039466 0.024983709)
(0.025972438 0.29583559 0.035072987)
(0.023305063 0.30092908 0.044715411)
(0.020508858 0.30506544 0.053683483)
(0.017668775 0.30752366 0.061775105)
(0.014871059 0.30753762 0.068822231)
(0.012198987 0.30441413 0.07468618)
(0.0097256584 0.29767782 0.079255092)
(0.0075024452 0.28718733 0.08244888)
(0.0056009478 0.27317246 0.084231348)
(0.0040358408 0.25618038 0.084613793)
(0.0027205421 0.23695792 0.083626243)
(0.0017164733 0.21631722 0.08134438)
(0.0010084998 0.19502362 0.077923603)
(0.00049478355 0.17372387 0.073526947)
(0.0001539927 0.15291631 0.06832754)
(-5.0971924e-05 0.13295205 0.062498397)
(-0.00015720077 0.11405405 0.056203482)
(-0.00019537256 0.096343318 0.049591757)
(-0.00018986856 0.079865396 0.04279393)
(-0.00015953253 0.064613473 0.03592133)
(-0.000118387 0.050546723 0.029066304)
(-7.6426923e-05 0.037604015 0.022303576)
(-4.0533088e-05 0.025713596 0.015692096)
(-1.5184911e-05 0.014799647 0.0092770482)
(-1.5782631e-06 0.0047864929 0.0030919042)
(0.028375725 0.55578472 -0.051131022)
(-0.0047228898 0.38692366 -0.078868332)
(0.017713699 0.29748359 -0.075088693)
(0.014177752 0.26717659 -0.065027788)
(0.016059288 0.26153383 -0.051443999)
(0.016406844 0.26377139 -0.038579312)
(0.015893186 0.2677113 -0.026571516)
(0.014783713 0.27166167 -0.015154482)
(0.013269448 0.27551477 -0.0040184472)
(0.011483315 0.27953435 0.0070578936)
(0.0095266707 0.28386369 0.018148983)
(0.0074824307 0.28840986 0.029167968)
(0.0054179176 0.29280953 0.039915216)
(0.0033955173 0.29647569 0.050135619)
(0.0014757409 0.29867467 0.05956158)
(-0.00027862585 0.29863369 0.067944279)
(-0.0018107238 0.29567227 0.075068671)
(-0.0030757417 0.28933774 0.080763046)
(-0.0040350194 0.27950018 0.084906993)
(-0.0046745454 0.26637477 0.087430793)
(-0.0050298882 0.25046709 0.088317356)
(-0.0051052511 0.23246471 0.087644568)
(-0.0049385664 0.21311542 0.085563276)
(-0.0045906537 0.19312564 0.082246609)
(-0.0041295334 0.17309605 0.077881683)
(-0.0036005869 0.15349358 0.072677247)
(-0.0030435171 0.13465093 0.066833018)
(-0.0024932997 0.11678289 0.06053294)
(-0.0019759122 0.10000961 0.053939972)
(-0.0015089598 0.084380505 0.047193318)
(-0.0011030964 0.069895279 0.040408178)
(-0.00076341833 0.056520857 0.033677184)
(-0.00049074353 0.044204113 0.027072772)
(-0.00028290464 0.032880987 0.02064994)
(-0.00013616545 0.022482711 0.014449028)
(-4.6049944e-05 0.012939883 0.0084983005)
(-3.7069356e-06 0.0041850052 0.0028162684)
(0.026163132 0.54124256 -0.055294504)
(-0.010565443 0.35926176 -0.079925027)
(0.0086148314 0.27530033 -0.07736979)
(0.00066533489 0.25553174 -0.065189068)
(0.0012528167 0.25744154 -0.051158777)
(-9.7749888e-05 0.26406562 -0.037645157)
(-0.0015803365 0.27021484 -0.024943576)
(-0.0033008342 0.27506704 -0.012887189)
(-0.0051648756 0.27900522 -0.0011898633)
(-0.0070787223 0.2825123 0.010358597)
(-0.0089471562 0.28581327 0.021806208)
(-0.010686037 0.28880616 0.033062485)
(-0.012220841 0.29106532 0.043900136)
(-0.013489703 0.29198443 0.054039945)
(-0.014441577 0.29086447 0.063186852)
(-0.015035072 0.28710314 0.071063254)
(-0.01524547 0.28031168 0.077442073)
(-0.015075596 0.27039746 0.082166533)
(-0.014589866 0.25757462 0.085157801)
(-0.013725037 0.24230851 0.086416886)
(-0.012619626 0.22521895 0.086074832)
(-0.011398175 0.20697331 0.084257622)
(-0.010058916 0.18820023 0.081156668)
(-0.0086888361 0.16943404 0.077004323)
(-0.0073493986 0.15108998 0.072030672)
(-0.0060832609 0.1334643 0.066451569)
(-0.0049214408 0.11674867 0.06046079)
(-0.0038838561 0.1010507 0.054225496)
(-0.00298053 0.086414901 0.047884596)
(-0.0022135832 0.072841219 0.041549672)
(-0.001579278 0.060300036 0.035307505)
(-0.0010697945 0.048743456 0.029223385)
(-0.00067469478 0.038113442 0.023344615)
(-0.00038226228 0.028347416 0.017703859)
(-0.00018093805 0.019381957 0.01232214)
(-5.9994577e-05 0.011155111 0.0072113994)
(-4.5456177e-06 0.003607776 0.0023766236)
(0.023886019 0.52684659 -0.056760089)
(-0.016315556 0.33519527 -0.076661168)
(-0.0014508312 0.25817709 -0.076246375)
(-0.012642643 0.24686809 -0.062494387)
(-0.014241588 0.2542504 -0.048818886)
(-0.016715801 0.26378555 -0.03518443)
(-0.018911741 0.27142526 -0.022225074)
(-0.020946779 0.2768877 -0.0098872996)
(-0.022818607 0.28074843 0.0020387583)
(-0.024495405 0.28347747 0.013698642)
(-0.025882449 0.28522637 0.025092823)
(-0.026917214 0.28599716 0.036082522)
(-0.02755002 0.28531005 0.046422217)
(-0.027715996 0.28264723 0.055809735)
(-0.027392891 0.27759068 0.063951262)
(-0.026586477 0.26987525 0.070598946)
(-0.025331151 0.25947766 0.07557653)
(-0.023690839 0.24662651 0.078802959)
(-0.02175405 0.23175229 0.080296553)
(-0.019606947 0.21540466 0.080173055)
(-0.01736887 0.1981643 0.07859292)
(-0.015106892 0.1805709 0.075781312)
(-0.012910468 0.16307905 0.071970863)
(-0.010840355 0.14604019 0.067397734)
(-0.008939597 0.12970366 0.062282059)
(-0.0072342759 0.11422945 0.05681711)
(-0.0057364554 0.099705719 0.051165396)
(-0.0044471359 0.086166808 0.045458405)
(-0.0033591573 0.07360901 0.039798701)
(-0.0024597979 0.062003338 0.034263366)
(-0.001732925 0.05130518 0.028907994)
(-0.0011606463 0.041461257 0.023770681)
(-0.00072453047 0.032414425 0.018875684)
(-0.000406651 0.024106857 0.014236591)
(-0.00019073482 0.016482051 0.0098589566)
(-6.2568271e-05 0.0094860248 0.0057424334)
(-4.5930034e-06 0.0030679658 0.0018824436)
(0.021350163 0.51254285 -0.05467991)
(-0.022535602 0.31270621 -0.070653551)
(-0.013326351 0.24305362 -0.06997971)
(-0.026123968 0.23794786 -0.057344203)
(-0.030291668 0.24814938 -0.044373278)
(-0.033842052 0.25883535 -0.03132008)
(-0.036504612 0.26703562 -0.018700016)
(-0.038526918 0.27258782 -0.0065946783)
(-0.039998232 0.275964 0.0050696495)
(-0.040949145 0.27751338 0.016336132)
(-0.041356508 0.27734478 0.027132913)
(-0.041186819 0.27532684 0.037253159)
(-0.040418643 0.27127702 0.046448932)
(-0.039056263 0.26500501 0.054445399)
(-0.037140397 0.2564034 0.060996704)
(-0.034743773 0.24554862 0.065934826)
(-0.031967812 0.23270025 0.069187362)
(-0.028932337 0.21826089 0.0707817)
(-0.025762418 0.2027115 0.070833795)
(-0.022575867 0.18654399 0.069526321)
(-0.019476457 0.17020725 0.067078661)
(-0.016545116 0.15407488 0.063726135)
(-0.013840845 0.13843248 0.059699031)
(-0.011399866 0.12348026 0.055207554)
(-0.0092393632 0.10934439 0.05043351)
(-0.0073612266 0.096091801 0.045526923)
(-0.0057560193 0.083745145 0.040606502)
(-0.0044066098 0.072295834 0.035762419)
(-0.0032912015 0.061714586 0.03106026)
(-0.0023856887 0.051959384 0.026545317)
(-0.0016653816 0.042981237 0.02224672)
(-0.0011061749 0.034728149 0.018181124)
(-0.00068529661 0.027147756 0.014355818)
(-0.000381916 0.020188998 0.010771271)
(-0.00017788839 0.013803111 0.0074231338)
(-5.7863874e-05 0.0079441654 0.004303788)
(-4.1343507e-06 0.0025693034 0.0014035083)
(0.01889035 0.49944577 -0.048294608)
(-0.02937731 0.29280762 -0.061715995)
(-0.026005232 0.22915386 -0.060277733)
(-0.040026987 0.22678062 -0.049603687)
(-0.046379529 0.23654098 -0.038091131)
(-0.05095448 0.24614043 -0.026334329)
(-0.053835849 0.25343002 -0.014781142)
(-0.055473869 0.25810835 -0.0036144626)
(-0.056073693 0.26028533 0.0071028105)
(-0.055758857 0.2601373 0.01729406)
(-0.054618689 0.2577546 0.026803154)
(-0.052716867 0.25315411 0.035419734)
(-0.050128058 0.2463679 0.042917223)
(-0.046947822 0.23748555 0.049081166)
(-0.043299301 0.22669712 0.053764998)
(-0.03932574 0.21430306 0.056910713)
(-0.035178937 0.20068631 0.058552356)
(-0.031005598 0.18626727 0.05880465)
(-0.026935336 0.17145746 0.057841769)
(-0.023072951 0.15662312 0.055872145)
(-0.019495041 0.1420638 0.053114703)
(-0.016250442 0.12800552 0.049780563)
(-0.013363232 0.11460446 0.046059998)
(-0.010837364 0.10195688 0.042115196)
(-0.0086616975 0.090111404 0.038078001)
(-0.0068147277 0.079081128 0.034050944)
(-0.0052686319 0.068854144 0.030110282)
(-0.0039924573 0.059402018 0.026309971)
(-0.00295447 0.050686207 0.022685845)
(-0.0021237731 0.042662686 0.019259543)
(-0.0014713323 0.035285171 0.016041943)
(-0.00097053768 0.028507247 0.013036026)
(-0.00059745059 0.022283725 0.010239167)
(-0.00033098593 0.016571458 0.0076449204)
(-0.00015326844 0.01132978 0.0052443786)
(-4.9510691e-05 0.0065206972 0.0030271774)
(-3.4479885e-06 0.0021089336 0.00098222158)
(0.01683447 0.48982175 -0.037888781)
(-0.035504906 0.27759013 -0.049239816)
(-0.037131647 0.21661188 -0.047316202)
(-0.052985985 0.21292398 -0.039220537)
(-0.061231924 0.21892235 -0.03009002)
(-0.066692229 0.22478831 -0.020524912)
(-0.069545017 0.22907087 -0.010961363)
(-0.070430418 0.23130432 -0.0016461162)
(-0.069724288 0.23131142 0.0072541793)
(-0.067717525 0.22912511 0.01557313)
(-0.064656141 0.22480378 0.023138166)
(-0.060751584 0.21845192 0.029749581)
(-0.056205844 0.21024522 0.035234882)
(-0.051220852 0.20043019 0.039472101)
(-0.045995507 0.18931682 0.04241244)
(-0.040716789 0.17725547 0.044085261)
(-0.035549625 0.1646055 0.044592163)
(-0.030628712 0.15170447 0.044080286)
(-0.026054102 0.13884556 0.042726666)
(-0.021890973 0.12626495 0.040717261)
(-0.018172948 0.11413908 0.038229171)
(-0.01490744 0.10258897 0.035423071)
(-0.012081951 0.091688545 0.032435051)
(-0.0096702011 0.081474442 0.029374823)
(-0.0076373807 0.071955459 0.026326891)
(-0.0059443954 0.06312077 0.023353374)
(-0.0045510411 0.054946495 0.02049754)
(-0.0034181776 0.047400688 0.017787461)
(-0.0025091057 0.040446955 0.015239408)
(-0.0017903406 0.03404697 0.012860796)
(-0.0012319467 0.028162172 0.010652621)
(-0.00080756202 0.022754855 0.0086113992)
(-0.00049423917 0.017788835 0.0067306622)
(-0.00027230149 0.013229835 0.0050020831)
(-0.00012540129 0.0090456701 0.003416303)
(-4.023911e-05 0.0052063108 0.0019635304)
(-2.7302269e-06 0.0016838653 0.0006339497)
(0.016791886 0.48373129 -0.02461512)
(-0.040031815 0.26701146 -0.033107907)
(-0.045863556 0.20610138 -0.031618273)
(-0.063400688 0.1985621 -0.026555477)
(-0.073114801 0.19864507 -0.020671289)
(-0.07917072 0.19865455 -0.014288183)
(-0.081778679 0.19791933 -0.0077469886)
(-0.081730454 0.19608295 -0.0012842613)
(-0.079593614 0.19292982 0.0049113513)
(-0.075860124 0.18838826 0.010656392)
(-0.070937343 0.18248183 0.0157812)
(-0.065195186 0.17530427 0.020136344)
(-0.058962865 0.16701842 0.023621174)
(-0.052528406 0.15783911 0.026178457)
(-0.046135735 0.14801198 0.027812905)
(-0.039982899 0.13779087 0.028582912)
(-0.034217747 0.12741195 0.028589197)
(-0.028934774 0.11708018 0.027957944)
(-0.024191249 0.10696423 0.026823682)
(-0.020004469 0.097190781 0.025318554)
(-0.016365357 0.087849351 0.02356091)
(-0.013246555 0.078996996 0.021651456)
(-0.010605708 0.070663835 0.019672875)
(-0.0083945969 0.062860377 0.017689132)
(-0.0065627579 0.055582969 0.015747095)
(-0.0050605819 0.04881819 0.013880041)
(-0.0038413793 0.042546208 0.012109747)
(-0.0028625381 0.036743247 0.010449001)
(-0.0020860272 0.031383351 0.0089038425)
(-0.0014784816 0.026439612 0.0074754105)
(-0.0010110184 0.021885009 0.0061614256)
(-0.00065888737 0.017692976 0.0049573295)
(-0.00040104476 0.013837779 0.0038571444)
(-0.00021980188 0.010294753 0.0028541031)
(-0.00010068676 0.0070404577 0.0019411029)
(-3.2097999e-05 0.004052757 0.0011110285)
(-2.169753e-06 0.0013108572 0.00035696178)
(0.017571372 0.48051241 -0.010047892)
(-0.042895489 0.26128578 -0.013982548)
(-0.051106699 0.19914211 -0.013864511)
(-0.069760778 0.18860111 -0.012362484)
(-0.080315324 0.18356683 -0.010380319)
(-0.086634063 0.17823399 -0.0079778692)
(-0.088940813 0.1726569 -0.0052985269)
(-0.088143457 0.16667553 -0.0024877812)
(-0.084933387 0.16028058 0.00031140074)
(-0.079949025 0.15345408 0.0029808181)
(-0.073738522 0.146191 0.0054033131)
(-0.066779718 0.13856593 0.0074919939)
(-0.059488393 0.13065563 0.0091763343)
(-0.052193775 0.12255449 0.010423835)
(-0.045160367 0.11436755 0.011238045)
(-0.03857573 0.10619715 0.011649339)
(-0.032560766 0.098133554 0.011704531)
(-0.027179824 0.090245949 0.01146663)
(-0.022451559 0.082601424 0.011000831)
(-0.018360363 0.075250348 0.01036912)
(-0.014867378 0.068233809 0.0096278632)
(-0.011920332 0.061569627 0.0088225948)
(-0.0094609212 0.055267874 0.0079898662)
(-0.0074280533 0.049331784 0.0071578861)
(-0.0057634122 0.043759591 0.0063466476)
(-0.0044132241 0.038545482 0.0055702648)
(-0.0033281742 0.033680171 0.0048379704)
(-0.0024649823 0.029151914 0.0041549877)
(-0.0017860336 0.024947111 0.0035235616)
(-0.0012590406 0.021050814 0.0029437999)
(-0.00085657941 0.017447151 0.0024143368)
(-0.00055554283 0.014119699 0.0019328393)
(-0.00033658035 0.011051802 0.0014963876)
(-0.000183642 0.0082268396 0.0011017521)
(-8.3735426e-05 0.0056284531 0.00074559197)
(-2.6531304e-05 0.0032407249 0.00042459887)
(-1.7666358e-06 0.0010483192 0.00013558731)
(0.017608739 0.47986901 0.005271986)
(-0.043508925 0.26058418 0.0064790765)
(-0.052203104 0.19885759 0.0047999859)
(-0.07107677 0.18819728 0.0024908098)
(-0.081785971 0.1823907 0.00024065192)
(-0.088124179 0.17596627 -0.0017454149)
(-0.090333852 0.16906559 -0.0033724782)
(-0.089356945 0.16174566 -0.0046149646)
(-0.085890643 0.15409003 -0.0055284399)
(-0.080594778 0.14617987 -0.0061427954)
(-0.074053796 0.13810388 -0.0064966077)
(-0.066791103 0.12994449 -0.0066296666)
(-0.059232585 0.12177574 -0.0065900676)
(-0.051731985 0.11366992 -0.006408599)
(-0.044554684 0.1056916 -0.0061236473)
(-0.037885657 0.097895415 -0.0057682861)
(-0.03183794 0.090325024 -0.0053699533)
(-0.026465041 0.083014042 -0.004950339)
(-0.021774246 0.075988586 -0.004525813)
(-0.017739893 0.069267196 -0.0041083025)
(-0.014314905 0.062862131 -0.0037058659)
(-0.011440308 0.056779912 -0.0033237257)
(-0.0090526328 0.051023451 -0.0029647911)
(-0.0070875336 0.045592482 -0.0026307386)
(-0.005484748 0.040484445 -0.0023209437)
(-0.0041894992 0.035694568 -0.002034661)
(-0.0031521447 0.031215735 -0.0017707441)
(-0.0023295225 0.027038964 -0.0015278005)
(-0.0016844165 0.023153647 -0.0013043382)
(-0.0011851 0.019547818 -0.0010988624)
(-0.00080478874 0.016208441 -0.00090993305)
(-0.00052103724 0.01312171 -0.00073619632)
(-0.000315143 0.010273336 -0.00057639801)
(-0.00017166323 0.0076488181 -0.00042938673)
(-7.8141353e-05 0.0052336768 -0.00029411087)
(-2.4708115e-05 0.0030136593 -0.00016960886)
(-1.6236469e-06 0.00097490176 -5.5002494e-05)
(0.016970918 0.48191222 0.020266985)
(-0.041673682 0.26508377 0.026451396)
(-0.049061743 0.20569531 0.023163987)
(-0.067223684 0.19829972 0.017122951)
(-0.077446839 0.19677529 0.010758343)
(-0.083667782 0.19433516 0.0045326441)
(-0.086071832 0.19072206 -0.0012603833)
(-0.085559599 0.18588915 -0.0064847072)
(-0.082752138 0.17990751 -0.011046929)
(-0.078190659 0.17287153 -0.014908764)
(-0.072381364 0.16493284 -0.018035891)
(-0.065778591 0.1562697 -0.020417551)
(-0.058779219 0.14707893 -0.022058766)
(-0.051722031 0.13755732 -0.022995198)
(-0.044865334 0.12789232 -0.023292561)
(-0.038407995 0.1182549 -0.023041397)
(-0.032480922 0.10878706 -0.022343638)
(-0.027157726 0.099599606 -0.021303207)
(-0.02246503 0.09077321 -0.020018055)
(-0.018393902 0.082361817 -0.018574722)
(-0.014910844 0.074397377 -0.017045528)
(-0.011967583 0.066894802 -0.015487975)
(-0.0095069386 0.059856172 -0.013945884)
(-0.0074703844 0.053275146 -0.012450382)
(-0.0058013208 0.047139533 -0.011021976)
(-0.0044458264 0.041432847 -0.0096740583)
(-0.0033554046 0.036136115 -0.0084138446)
(-0.0024870914 0.031228871 -0.0072439821)
(-0.0018034483 0.02668986 -0.0061638943)
(-0.001272293 0.022497524 -0.0051708265)
(-0.0008662564 0.01863037 -0.0042606339)
(-0.00056224722 0.015067241 -0.0034283597)
(-0.00034090343 0.011787517 -0.0026686472)
(-0.00018614656 0.0087712837 -0.001976028)
(-8.4949635e-05 0.0059994453 -0.0013451167)
(-2.6951456e-05 0.0034538158 -0.00077073602)
(-1.7993744e-06 0.0011171757 -0.00024799365)
(0.016424285 0.48655629 0.034446299)
(-0.038073868 0.27431591 0.044300337)
(-0.042189795 0.21661062 0.040040502)
(-0.058925697 0.21460817 0.030694795)
(-0.06802879 0.21960136 0.020720032)
(-0.073887143 0.22327422 0.010857136)
(-0.076694954 0.2247577 0.0015527691)
(-0.077121016 0.22388216 -0.0070312797)
(-0.075585692 0.22080513 -0.01477501)
(-0.072522041 0.21565514 -0.021599262)
(-0.06826377 0.20862762 -0.027409973)
(-0.063127752 0.19996094 -0.032115202)
(-0.057414514 0.18993732 -0.035654818)
(-0.051403128 0.17887409 -0.038026871)
(-0.04534154 0.16710378 -0.03928006)
(-0.039437502 0.15495054 -0.03951864)
(-0.033852096 0.14270748 -0.03888632)
(-0.028698274 0.13062098 -0.037547537)
(-0.02404397 0.11888356 -0.035670127)
(-0.019918571 0.1076343 -0.033411799)
(-0.016321118 0.096964429 -0.030911344)
(-0.013228748 0.0869257 -0.028284296)
(-0.010604343 0.077539343 -0.025622065)
(-0.0084028245 0.068804375 -0.022993088)
(-0.0065759243 0.060704555 -0.020447016)
(-0.0050756047 0.053213808 -0.018017323)
(-0.0038562984 0.04630025 -0.015724645)
(-0.0028761735 0.039929044 -0.013579865)
(-0.0020977404 0.034064345 -0.011586711)
(-0.0014880088 0.02867057 -0.0097438532)
(-0.0010183522 0.023713204 -0.0080465434)
(-0.00066419017 0.019159275 -0.0064878496)
(-0.00040458636 0.014977612 -0.0050595665)
(-0.000221916 0.01113897 -0.0037528682)
(-0.00010174273 0.0076160517 -0.0025587653)
(-3.2470565e-05 0.004383482 -0.0014684156)
(-2.1783115e-06 0.0014177416 -0.00047332221)
(0.017770792 0.49433709 0.046493955)
(-0.032787396 0.28777365 0.058782461)
(-0.032437599 0.22975995 0.054559625)
(-0.047569263 0.23148306 0.042487556)
(-0.055158462 0.24180651 0.029636425)
(-0.060423331 0.25033011 0.017042258)
(-0.063503344 0.25571645 0.0051608863)
(-0.064884235 0.25798738 -0.0058694842)
(-0.064824234 0.25744513 -0.016027507)
(-0.063544852 0.25434613 -0.025260136)
(-0.061209528 0.24887997 -0.033454881)
(-0.05797747 0.24121701 -0.040448346)
(-0.054021306 0.23156554 -0.046089833)
(-0.049531461 0.22020284 -0.050279427)
(-0.044707872 0.20747511 -0.052993001)
(-0.039746063 0.19377464 -0.054288763)
(-0.034823377 0.17950346 -0.054296924)
(-0.030087893 0.16503721 -0.053199006)
(-0.025652264 0.15069848 -0.051203553)
(-0.021592633 0.13674298 -0.048523757)
(-0.017951569 0.12335727 -0.045360253)
(-0.01474343 0.11066486 -0.041889869)
(-0.011960887 0.098736546 -0.038260055)
(-0.0095813745 0.087602206 -0.034587856)
(-0.0075727665 0.077261817 -0.030961903)
(-0.005897945 0.06769485 -0.027446044)
(-0.0045181606 0.058867655 -0.024083607)
(-0.0033953579 0.050738964 -0.020901649)
(-0.0024936597 0.043263806 -0.017914788)
(-0.0017802136 0.03639616 -0.015128466)
(-0.001225576 0.030090685 -0.01254159)
(-0.00080377069 0.02430378 -0.010148608)
(-0.0004921531 0.018994183 -0.0079410764)
(-0.0002712839 0.014123268 -0.0059088257)
(-0.00012499933 0.009655141 -0.0040408009)
(-4.0135872e-05 0.0055566117 -0.0023256565)
(-2.7367772e-06 0.0017970923 -0.00075215619)
(0.019951498 0.5050994 0.055210163)
(-0.026435911 0.30473859 0.069823048)
(-0.021159864 0.24372639 0.066415331)
(-0.034786128 0.24547313 0.05200896)
(-0.04061074 0.25820364 0.037177755)
(-0.045101968 0.26909698 0.02282451)
(-0.04824057 0.27636472 0.0093605081)
(-0.050325345 0.28034038 -0.0031889454)
(-0.05148031 0.28160513 -0.01492533)
(-0.051775403 0.28052056 -0.025867176)
(-0.051239706 0.27723061 -0.035928295)
(-0.049905496 0.27173557 -0.044926293)
(-0.047824797 0.26400717 -0.052631261)
(-0.045083413 0.25409924 -0.058836449)
(-0.041802724 0.24219116 -0.063403844)
(-0.038130314 0.22859819 -0.066290027)
(-0.034225668 0.21373546 -0.06755033)
(-0.030244565 0.19806232 -0.067325439)
(-0.026325928 0.18202696 -0.065816706)
(-0.022583298 0.16602462 -0.063257769)
(-0.01910086 0.15037446 -0.059890552)
(-0.015933276 0.1353131 -0.055945308)
(-0.013108861 0.12100008 -0.051626481)
(-0.010634595 0.10752984 -0.047105961)
(-0.008501498 0.094945895 -0.04252155)
(-0.0066896456 0.083254421 -0.037978865)
(-0.0051724133 0.072435893 -0.033555174)
(-0.0039197954 0.06245424 -0.029304061)
(-0.0029008369 0.053263683 -0.025260128)
(-0.0020853037 0.044813592 -0.021443311)
(-0.0014447373 0.03705179 -0.017862575)
(-0.00095303433 0.029926695 -0.014518954)
(-0.00058670285 0.023388641 -0.011407942)
(-0.00032504859 0.017390624 -0.0085213359)
(-0.00015052826 0.011888669 -0.0058486107)
(-4.8627964e-05 0.0068419531 -0.0033779325)
(-3.3971855e-06 0.0022127764 -0.0010968721)
(0.022333062 0.51856751 0.059641398)
(-0.020028458 0.32517883 0.077770113)
(-0.0091494434 0.25810131 0.075199792)
(-0.02191499 0.25592086 0.059125386)
(-0.025741778 0.26791418 0.043197493)
(-0.02938269 0.27896143 0.027874662)
(-0.032350918 0.28653539 0.013622257)
(-0.034768616 0.29104296 0.00034911068)
(-0.03666847 0.29342271 -0.012183212)
(-0.038052811 0.29415469 -0.024108721)
(-0.03887868 0.29332256 -0.035399933)
(-0.039095349 0.29072348 -0.045880814)
(-0.038673513 0.28607962 -0.055305123)
(-0.037611934 0.27913554 -0.063389375)
(-0.035948564 0.26974767 -0.069888533)
(-0.033759153 0.25799009 -0.074639748)
(-0.031150891 0.24414737 -0.077584233)
(-0.028249956 0.22866207 -0.078770677)
(-0.025186248 0.21205805 -0.078340612)
(-0.022088212 0.19486419 -0.076495939)
(-0.019060976 0.17755677 -0.073478575)
(-0.016192031 0.16052615 -0.069546498)
(-0.01354234 0.14406563 -0.064947178)
(-0.011149732 0.12837632 -0.059902838)
(-0.0090322777 0.11358083 -0.054602869)
(-0.0071923474 0.099740062 -0.049201504)
(-0.0056207716 0.086869518 -0.043819152)
(-0.0043006029 0.074953293 -0.038545939)
(-0.0032102211 0.06395513 -0.033446273)
(-0.0023257298 0.053826666 -0.028563629)
(-0.0016226929 0.044513285 -0.023925016)
(-0.0010773011 0.035958106 -0.019544889)
(-0.00066710902 0.028104571 -0.015428413)
(-0.00037162482 0.020898042 -0.011574073)
(-0.00017302655 0.014286719 -0.0079757131)
(-5.6257625e-05 0.0082220983 -0.004624096)
(-4.0171133e-06 0.0026591353 -0.0015080506)
(0.02476304 0.53212122 0.060136001)
(-0.014328722 0.34670262 0.083261438)
(0.0014842955 0.27287593 0.080398851)
(-0.0098025384 0.26398755 0.064062953)
(-0.011369637 0.27255464 0.047649473)
(-0.014136689 0.28206048 0.031954591)
(-0.016696445 0.28891703 0.01749997)
(-0.019091828 0.29335794 0.0040811843)
(-0.021299037 0.29628606 -0.008657677)
(-0.023273775 0.2982856 -0.020948449)
(-0.024925273 0.29950474 -0.032837564)
(-0.026186636 0.29981043 -0.0441979)
(-0.027004882 0.29866534 -0.054786037)
(-0.027318806 0.2954691 -0.064301946)
(-0.027106204 0.28975464 -0.072443875)
(-0.026375779 0.28124407 -0.078959403)
(-0.025169208 0.26993566 -0.083679163)
(-0.023558835 0.2561 -0.086536955)
(-0.02161079 0.24021699 -0.087579859)
(-0.019492794 0.22288209 -0.086931334)
(-0.017244303 0.20470963 -0.084791644)
(-0.014980562 0.18626035 -0.081400135)
(-0.012785348 0.16799846 -0.077013042)
(-0.01072 0.15027616 -0.071881411)
(-0.0088271311 0.13333788 -0.066234786)
(-0.0071324543 0.11733572 -0.060272352)
(-0.0056472828 0.10234895 -0.054159602)
(-0.0043716889 0.088403074 -0.048028685)
(-0.0032976132 0.075486288 -0.041981188)
(-0.0024115729 0.063562496 -0.036092192)
(-0.0016968536 0.052581011 -0.03041474)
(-0.0011351649 0.042483455 -0.024984165)
(-0.00070784326 0.033208447 -0.01982197)
(-0.00039686394 0.024694657 -0.014939135)
(-0.00018594398 0.016882694 -0.010338824)
(-6.0915043e-05 0.0097161874 -0.0060185427)
(-4.4519129e-06 0.0031423453 -0.0019718055)
(0.026993467 0.5455736 0.05774203)
(-0.0090962802 0.36960768 0.085629452)
(0.010308125 0.28928975 0.081281319)
(0.0020976454 0.27171423 0.06685232)
(0.0021905254 0.2747329 0.050332421)
(0.00043744281 0.28137197 0.034831912)
(-0.0014866847 0.28685626 0.020650917)
(-0.0035665144 0.29081654 0.0074974347)
(-0.0057130595 0.2939263 -0.0050392985)
(-0.0078443373 0.29677211 -0.017251129)
(-0.0098749992 0.29958093 -0.029232727)
(-0.011727963 0.30217369 -0.04090919)
(-0.013332502 0.30403486 -0.05205883)
(-0.014630549 0.30447334 -0.062393691)
(-0.015572648 0.30273031 -0.071611749)
(-0.016119407 0.29818405 -0.079433632)
(-0.016255418 0.29046299 -0.085630749)
(-0.016019265 0.27951989 -0.090047345)
(-0.015371501 0.26562824 -0.092601594)
(-0.014371703 0.24931262 -0.0933873)
(-0.013214341 0.23123868 -0.092495308)
(-0.011853852 0.2121028 -0.090083836)
(-0.010412253 0.19254662 -0.086382539)
(-0.0089575521 0.17310414 -0.081638069)
(-0.0075467691 0.15418241 -0.07609457)
(-0.0062231552 0.13606559 -0.069978006)
(-0.0050170646 0.11893221 -0.063488713)
(-0.0039466117 0.10287738 -0.056796988)
(-0.0030197544 0.087934594 -0.050042234)
(-0.0022366383 0.074094597 -0.043334679)
(-0.0015917582 0.061320268 -0.036758596)
(-0.0010757844 0.049557736 -0.030376134)
(-0.00067704192 0.038744254 -0.024231203)
(-0.00038283627 0.028813553 -0.018353085)
(-0.00018085935 0.019699317 -0.012759585)
(-5.9832823e-05 0.011337316 -0.0074596815)
(-4.5049413e-06 0.0036666425 -0.0024556886)
(0.028881479 0.55886235 0.053083026)
(-0.0040880246 0.39492174 0.083951506)
(0.018155772 0.30908069 0.079493671)
(0.013909728 0.28155805 0.067148157)
(0.015035225 0.27747404 0.051254992)
(0.014750931 0.28011089 0.036385643)
(0.013707058 0.28367123 0.02281624)
(0.012205183 0.28692047 0.010213678)
(0.010421556 0.29006229 -0.0018437951)
(0.0084647176 0.29348109 -0.013668432)
(0.0064205039 0.29736359 -0.025376462)
(0.0043550805 0.30156939 -0.036902548)
(0.0023245034 0.3056527 -0.048052812)
(0.00038340185 0.30893616 -0.058569054)
(-0.0014108298 0.31060994 -0.068177367)
(-0.0030035643 0.30985631 -0.076622414)
(-0.0043436691 0.30599346 -0.083685687)
(-0.0053882867 0.298607 -0.089195154)
(-0.006126398 0.28763291 -0.093027159)
(-0.0065133069 0.2733618 -0.095107785)
(-0.0065990648 0.25636592 -0.095477315)
(-0.0064196 0.23737911 -0.094240613)
(-0.0060319759 0.21717271 -0.091553081)
(-0.0054760605 0.19645806 -0.087602652)
(-0.0048364314 0.17582766 -0.08260858)
(-0.0041518606 0.15573272 -0.076795549)
(-0.0034642943 0.1364877 -0.070375427)
(-0.0028071252 0.11828973 -0.063540411)
(-0.0022038607 0.10124349 -0.056457826)
(-0.0016694126 0.08538567 -0.049268193)
(-0.0012117356 0.070705966 -0.042085846)
(-0.00083334201 0.057163645 -0.035001107)
(-0.00053268203 0.044699843 -0.028083232)
(-0.00030550148 0.033246249 -0.021383606)
(-0.000146306 0.022730966 -0.014938839)
(-4.9187581e-05 0.013082285 -0.0087735508)
(-3.8886702e-06 0.0042309958 -0.0029028213)
(0.029776404 0.57176028 0.046686941)
(-0.00030067333 0.4222996 0.078232113)
(0.024910722 0.33413581 0.075527061)
(0.025291358 0.29687088 0.064661316)
(0.027963281 0.28471571 0.050175198)
(0.029476653 0.2824401 0.036311798)
(0.029732898 0.28347723 0.023622908)
(0.029190915 0.2857227 0.011803832)
(0.028116973 0.2887928 0.00045027293)
(0.026641579 0.29263919 -0.010727154)
(0.024847393 0.29724077 -0.021826484)
(0.022789723 0.30240807 -0.032782792)
(0.020520608 0.30775315 -0.043417088)
(0.018098558 0.31271676 -0.05349791)
(0.015590622 0.31660046 -0.062792211)
(0.013071097 0.31861236 -0.071093874)
(0.01061816 0.31795039 -0.078229876)
(0.0083075413 0.31393089 -0.084059376)
(0.0062043232 0.30613143 -0.088471964)
(0.0043603115 0.29449152 -0.091389069)
(0.0028792817 0.27932796 -0.092779394)
(0.0016211476 0.26126169 -0.092648262)
(0.00066869988 0.24108802 -0.091046394)
(2.9933822e-05 0.2196408 -0.088111178)
(-0.00038797776 0.197685 -0.084010595)
(-0.00063198203 0.17585306 -0.078927146)
(-0.00073365106 0.15462263 -0.073052287)
(-0.00073445637 0.13432301 -0.066573405)
(-0.00066988698 0.11515728 -0.059664742)
(-0.00056802147 0.097229837 -0.052481784)
(-0.00045032971 0.080573215 -0.045158601)
(-0.00033252956 0.065170797 -0.037807414)
(-0.00022544113 0.050974618 -0.030519651)
(-0.00013595964 0.037918462 -0.023367882)
(-6.8165818e-05 0.025927018 -0.016408137)
(-2.4124003e-05 0.014921992 -0.0096822804)
(-2.1955629e-06 0.0048259969 -0.0032203167)
(0.029889968 0.58417022 0.03927516)
(0.0019629993 0.45165384 0.068778961)
(0.031044144 0.3653 0.068146291)
(0.036585777 0.32120846 0.058995441)
(0.041924789 0.30165071 0.046397023)
(0.045893916 0.29404662 0.03395842)
(0.048127172 0.29216566 0.022458342)
(0.049068252 0.29313104 0.011698418)
(0.049052392 0.2957546 0.0013425572)
(0.048281201 0.2995691 -0.0088392314)
(0.04684455 0.30426376 -0.018896951)
(0.044798409 0.30950634 -0.028758504)
(0.042215119 0.31492837 -0.038269145)
(0.039187299 0.32011017 -0.047240627)
(0.035822153 0.32455685 -0.05549414)
(0.032234573 0.32766754 -0.062883512)
(0.028540324 0.32872921 -0.069298403)
(0.024851749 0.32697862 -0.07465499)
(0.021273117 0.32174097 -0.078882271)
(0.017895158 0.31259824 -0.081915552)
(0.014788515 0.2995107 -0.083701708)
(0.012018917 0.2828366 -0.084225645)
(0.0095958177 0.26325055 -0.08351395)
(0.007515066 0.24160114 -0.081601479)
(0.0057867399 0.21876443 -0.078563724)
(0.0043729063 0.19553285 -0.074520561)
(0.0032386185 0.17255192 -0.069616155)
(0.0023460303 0.15030062 -0.064005089)
(0.0016569206 0.12910155 -0.057842229)
(0.0011353291 0.10914648 -0.051275019)
(0.00074903768 0.090526568 -0.044438233)
(0.00047015074 0.073260952 -0.03745098)
(0.00027514413 0.057320461 -0.03041553)
(0.00014466127 0.042645959 -0.023417458)
(6.3247581e-05 0.029161613 -0.016526608)
(1.886517e-05 0.016784027 -0.0097985012)
(9.0896097e-07 0.0054282322 -0.0032760146)
(0.030334635 0.59707535 0.031216608)
(0.0045167912 0.48534404 0.056108271)
(0.038055414 0.4066001 0.056331282)
(0.049676024 0.3606809 0.049211091)
(0.058991228 0.33634674 0.038908575)
(0.066304108 0.32430652 0.028383054)
(0.071175857 0.31903747 0.018532692)
(0.073989907 0.3175713 0.0093098567)
(0.075143027 0.31836839 0.0004664244)
(0.074963548 0.32062906 -0.0080964634)
(0.073605619 0.32375062 -0.016411701)
(0.071186186 0.32731395 -0.024428182)
(0.067850682 0.33098891 -0.032037762)
(0.063770408 0.33448939 -0.039116095)
(0.059127771 0.33752537 -0.045553248)
(0.054101865 0.33973071 -0.051267991)
(0.048857552 0.3405899 -0.056208336)
(0.043545836 0.33941596 -0.060350525)
(0.038300146 0.33543071 -0.063678102)
(0.033236002 0.32794224 -0.066169072)
(0.028447971 0.31654464 -0.067787984)
(0.024011256 0.30124896 -0.068500062)
(0.019977477 0.28248642 -0.068284635)
(0.016374776 0.26099942 -0.067141698)
(0.01321176 0.23768273 -0.065098354)
(0.010480603 0.213431 -0.062209896)
(0.0081604141 0.18903022 -0.058557846)
(0.0062210951 0.16510247 -0.054242849)
(0.0046270096 0.14209466 -0.049376403)
(0.0033400554 0.12029514 -0.044073204)
(0.0023219786 0.099863472 -0.038444989)
(0.0015359612 0.080862812 -0.032596087)
(0.00094763055 0.063289088 -0.026620617)
(0.0005258656 0.047094666 -0.020601041)
(0.0002437644 0.032206106 -0.014607713)
(7.8727755e-05 0.018536737 -0.0086991163)
(5.4241466e-06 0.0059951201 -0.00292261)
(0.031730194 0.61125744 0.021690547)
(0.010024957 0.52637216 0.039412887)
(0.048361378 0.46257932 0.03922425)
(0.06709404 0.42078908 0.034162727)
(0.081192611 0.39487784 0.026657851)
(0.092104688 0.37900643 0.018774408)
(0.099543262 0.36922536 0.011373389)
(0.1038266 0.36314251 0.0045432204)
(0.10559999 0.35945656 -0.0018004912)
(0.10532525 0.35730047 -0.0077444459)
(0.10325881 0.35609938 -0.013342621)
(0.099685805 0.35548287 -0.018584044)
(0.094892366 0.35519655 -0.023428262)
(0.089158144 0.35505406 -0.027829292)
(0.082752153 0.35489183 -0.031751951)
(0.075913052 0.35449116 -0.035159568)
(0.068858408 0.35349055 -0.038045227)
(0.061768979 0.35130894 -0.040431447)
(0.054793383 0.34715418 -0.042330915)
(0.048051952 0.34016793 -0.043751084)
(0.041641733 0.32965572 -0.044685768)
(0.035639452 0.31529583 -0.045117317)
(0.030102685 0.29723254 -0.045022002)
(0.025070404 0.2760276 -0.044380504)
(0.020563768 0.25251286 -0.04318672)
(0.016587517 0.22761477 -0.041452859)
(0.013132093 0.20220791 -0.039210265)
(0.010176245 0.1770238 -0.036506915)
(0.0076898174 0.15261433 -0.033403023)
(0.0056364795 0.12935482 -0.029966078)
(0.0039761801 0.10746943 -0.026266207)
(0.0026671818 0.087064711 -0.022372371)
(0.0016676908 0.068162627 -0.018349551)
(0.00093754111 0.050728608 -0.014256879)
(0.00044043781 0.03469336 -0.010146567)
(0.0001446783 0.01996867 -0.0060634301)
(1.0604533e-05 0.0064582585 -0.0020449223)
(0.033560081 0.62308257 0.0092514226)
(0.017285201 0.56373507 0.016603828)
(0.059545407 0.51614444 0.015726925)
(0.084145598 0.48076375 0.012765312)
(0.1019359 0.4548209 0.0088458745)
(0.11515027 0.43545905 0.0048920516)
(0.12387544 0.42062325 0.0013414445)
(0.12866216 0.40894399 -0.0017326381)
(0.13021983 0.3995238 -0.0043565825)
(0.12910486 0.39185025 -0.006616073)
(0.12582814 0.38551458 -0.0085535949)
(0.12083142 0.38022593 -0.010179583)
(0.1144968 0.37574538 -0.011536991)
(0.1071839 0.37193928 -0.012657347)
(0.099217423 0.36864732 -0.013558603)
(0.090875447 0.36567889 -0.014258585)
(0.082389185 0.36271726 -0.014782034)
(0.073955441 0.3592292 -0.015153108)
(0.06572418 0.35437292 -0.015390316)
(0.057806646 0.34722992 -0.015508655)
(0.05029351 0.33694365 -0.015514145)
(0.04325296 0.32298484 -0.015404784)
(0.036736474 0.30529884 -0.015172904)
(0.030780969 0.28430134 -0.014808867)
(0.025409247 0.26074972 -0.014304938)
(0.020630244 0.23556117 -0.013658121)
(0.016439714 0.20964574 -0.012871488)
(0.012821506 0.18379211 -0.011954103)
(0.0097493589 0.15861283 -0.010920003)
(0.0071890242 0.13453643 -0.009786711)
(0.0051004898 0.11182812 -0.0085736877)
(0.0034400538 0.09062292 -0.007300947)
(0.0021621979 0.0709604 -0.0059879644)
(0.0012217625 0.052815262 -0.0046528955)
(0.00057702131 0.036121626 -0.0033120712)
(0.00019085675 0.0207909 -0.00197972)
(1.4371629e-05 0.0067241894 -0.00066787989)
(0.033799955 0.6252678 -0.0052656665)
(0.018291212 0.57049978 -0.010582707)
(0.060937055 0.52491952 -0.011955763)
(0.08594031 0.48922642 -0.012589073)
(0.10377102 0.46165028 -0.012305916)
(0.11676895 0.44020687 -0.011404417)
(0.12514917 0.42334274 -0.010136807)
(0.129512 0.40994365 -0.0085837946)
(0.13063811 0.39921362 -0.0067987594)
(0.12918148 0.39049494 -0.0047909079)
(0.12569598 0.38347716 -0.0025794382)
(0.1205787 0.37780822 -0.0002591098)
(0.11413509 0.37318915 0.0021099774)
(0.10674392 0.36941754 0.0044620956)
(0.09873852 0.36625146 0.0067289524)
(0.090387024 0.36346651 0.0088527562)
(0.081909186 0.36071657 0.010789508)
(0.073495509 0.35744531 0.012514241)
(0.065291097 0.35278969 0.014007463)
(0.057403767 0.34582935 0.01525653)
(0.049923406 0.33570482 0.016249285)
(0.042917255 0.32188827 0.016973439)
(0.036435971 0.30432845 0.017417519)
(0.03051585 0.28344455 0.017573408)
(0.025179131 0.25999658 0.017439138)
(0.020434164 0.23490342 0.017020741)
(0.016276109 0.20907597 0.016332689)
(0.012688248 0.18330336 0.015397056)
(0.0096438276 0.15819838 0.014241828)
(0.0071082073 0.13418984 0.012898827)
(0.0050411063 0.11154329 0.011401666)
(0.0033986826 0.090394165 0.0097839618)
(0.0021354022 0.070782507 0.0080779337)
(0.0012061902 0.052683526 0.006313407)
(0.0005694601 0.036031841 0.0045171766)
(0.00018827498 0.020739329 0.0027126479)
(1.4158642e-05 0.0067075245 0.00091975499)
(0.031891654 0.61623668 -0.018220005)
(0.010995712 0.54061073 -0.034602735)
(0.050166801 0.479881 -0.036398548)
(0.069624544 0.43621184 -0.034583046)
(0.083860598 0.40614929 -0.030272504)
(0.094499129 0.38567352 -0.025007265)
(0.10139418 0.37170425 -0.019566127)
(0.10506937 0.36219996 -0.014082087)
(0.10619623 0.35583847 -0.0085078315)
(0.10529941 0.3517168 -0.0028082125)
(0.10268248 0.34921551 0.0029861982)
(0.098696975 0.3479412 0.008766653)
(0.09366161 0.34749452 0.01444733)
(0.087810138 0.3475572 0.019917926)
(0.081364791 0.34784425 0.025060089)
(0.074543845 0.3480377 0.029780129)
(0.0675382 0.34768796 0.033996958)
(0.060518913 0.34614553 0.03766525)
(0.053626145 0.34258456 0.040763199)
(0.046974759 0.33612909 0.043266306)
(0.040658769 0.32608377 0.045146275)
(0.034752986 0.31213529 0.046372648)
(0.029313528 0.29443888 0.046917129)
(0.024378008 0.27356577 0.046762583)
(0.019966125 0.25035433 0.045910099)
(0.016081066 0.22573481 0.044382705)
(0.012711759 0.20058377 0.042224951)
(0.0098355907 0.17563391 0.039499338)
(0.0074212872 0.15143807 0.036281065)
(0.005431695 0.12837268 0.032652392)
(0.0038262618 0.10666321 0.028697513)
(0.0025630674 0.086417714 0.024498423)
(0.0016004307 0.067659746 0.020131886)
(0.00089852564 0.050356327 0.015667482)
(0.00042151025 0.034439675 0.011166506)
(0.00013821334 0.019822971 0.0066815202)
(1.0058854e-05 0.0064111788 0.0022564759)
(0.029747684 0.60265488 -0.027706934)
(0.0037146644 0.49961628 -0.051848413)
(0.038242415 0.42157366 -0.054218495)
(0.050549061 0.37140688 -0.050167266)
(0.060318292 0.34154065 -0.042620504)
(0.067764249 0.32450917 -0.03423195)
(0.07245017 0.31525777 -0.025944254)
(0.074871768 0.31081063 -0.017810872)
(0.075569494 0.30946619 -0.0096887927)
(0.07487352 0.31021272 -0.0014706764)
(0.073038551 0.3124526 0.0068479836)
(0.070258586 0.31569078 0.015218121)
(0.066687906 0.31949967 0.023479054)
(0.062470317 0.32349032 0.031446431)
(0.057760672 0.3272639 0.038945952)
(0.052719405 0.33034797 0.045830343)
(0.047499434 0.33213347 0.051984529)
(0.042238822 0.33186377 0.057319929)
(0.037062694 0.32872046 0.061770049)
(0.032081214 0.32199612 0.065275324)
(0.027385273 0.31128571 0.067775403)
(0.023047461 0.29660868 0.069222342)
(0.019117409 0.27840581 0.069590341)
(0.015620796 0.25742727 0.068883954)
(0.012562781 0.23457309 0.067141758)
(0.0099328169 0.21074139 0.064432314)
(0.0077078692 0.18672092 0.060852268)
(0.0058561671 0.16313638 0.056518132)
(0.0043408311 0.14043749 0.051557005)
(0.0031229423 0.11891563 0.046098245)
(0.0021638433 0.09873349 0.040266894)
(0.0014266842 0.079957296 0.034179026)
(0.00087737784 0.062585908 0.027938885)
(0.00048531369 0.046574375 0.021637474)
(0.00022419877 0.031851659 0.015352226)
(7.2092714e-05 0.018333191 0.0091473767)
(4.8840211e-06 0.0059293527 0.0030748888)
(0.02865804 0.59029013 -0.034957642)
(0.00044481727 0.46571846 -0.064419047)
(0.030670708 0.37716199 -0.066734904)
(0.037030604 0.32610993 -0.060667714)
(0.043090509 0.29979379 -0.050590445)
(0.047510688 0.28728352 -0.039954571)
(0.049860456 0.28211172 -0.029688375)
(0.050665954 0.28101815 -0.019759505)
(0.050378598 0.28242795 -0.0099507268)
(0.049249575 0.28555019 -6.4971855e-05)
(0.047444154 0.28997043 0.0099743488)
(0.045072086 0.29531467 0.020102273)
(0.042222625 0.30117665 0.030147172)
(0.038986785 0.30707831 0.039886415)
(0.035464847 0.31244736 0.049089551)
(0.031764299 0.31659846 0.057546632)
(0.027994898 0.31874242 0.065079954)
(0.024263584 0.31805889 0.071542322)
(0.020670022 0.31383748 0.076810646)
(0.01730068 0.30564177 0.080782262)
(0.014222745 0.29342419 0.083379761)
(0.011483217 0.27754066 0.084564276)
(0.0091261686 0.25866622 0.084359858)
(0.0070899114 0.23765211 0.082832147)
(0.0054180721 0.21537852 0.080059286)
(0.0040605088 0.19264351 0.076172494)
(0.0029798332 0.17009917 0.071331779)
(0.0021370848 0.14823147 0.065707809)
(0.0014930923 0.12736988 0.059470577)
(0.0010111888 0.10771256 0.0527812)
(0.0006587898 0.089356452 0.045786432)
(0.00040793176 0.072325699 0.038615597)
(0.00023525198 0.056595407 0.03137946)
(0.00012170528 0.042110032 0.024170503)
(5.2211756e-05 0.028796722 0.017064067)
(1.5145438e-05 0.016574542 0.010119967)
(6.1477075e-07 0.0053605541 0.0033843634)
(0.02806797 0.57933158 -0.04137422)
(-0.0012384657 0.4378008 -0.074169014)
(0.025287311 0.34439837 -0.075149933)
(0.026946271 0.29718122 -0.067356807)
(0.030428435 0.27712419 -0.055159598)
(0.032536411 0.2700006 -0.042751506)
(0.033072265 0.26864336 -0.030973471)
(0.032521327 0.26983782 -0.019721093)
(0.031261112 0.27238707 -0.0087067757)
(0.029512788 0.2761526 0.0023176617)
(0.02738663 0.28096323 0.013471847)
(0.024981538 0.28659158 0.024712195)
(0.02237568 0.2926433 0.035865112)
(0.019640467 0.29853435 0.046678984)
(0.016849624 0.30351843 0.056875438)
(0.01408106 0.30674295 0.06618579)
(0.01141453 0.3073449 0.074370826)
(0.0089261249 0.30458708 0.081227409)
(0.006680381 0.2980036 0.086593719)
(0.0047251408 0.28750085 0.090357634)
(0.0031080342 0.27337243 0.092467577)
(0.0018454126 0.25622583 0.092944459)
(0.00081948707 0.23685303 0.091837254)
(0.00011050582 0.21609204 0.089250545)
(-0.00032026136 0.19471794 0.085383047)
(-0.00058755359 0.1733765 0.080432503)
(-0.00070628375 0.15255929 0.074606343)
(-0.00071819449 0.13260885 0.06810746)
(-0.00066073295 0.11374003 0.061124442)
(-0.00056334277 0.09606721 0.053825587)
(-0.00044831588 0.079631067 0.046356043)
(-0.0003319532 0.064421521 0.038837348)
(-0.0002255141 0.050395754 0.031368574)
(-0.00013621978 0.037491566 0.024028421)
(-6.8384391e-05 0.025636768 0.016877725)
(-2.422754e-05 0.014755486 0.009962048)
(-2.2067885e-06 0.0047722213 0.003314171)
(0.027489236 0.56853823 -0.047158989)
(-0.003537869 0.41226179 -0.081215084)
(0.020074811 0.31766023 -0.080222655)
(0.017742347 0.27744308 -0.071161164)
(0.01964898 0.26502435 -0.057162746)
(0.020030506 0.26353574 -0.043384564)
(0.019299975 0.26543156 -0.030415074)
(0.017853825 0.26827491 -0.01811925)
(0.015935463 0.27154028 -0.0061729271)
(0.013715198 0.27534854 0.0056869258)
(0.011314815 0.27980307 0.017595791)
(0.0088382864 0.28477787 0.029514924)
(0.0063717348 0.2898485 0.041260007)
(0.0039908112 0.29433319 0.052554057)
(0.0017659917 0.2973876 0.063080995)
(-0.00023490243 0.29813635 0.072527839)
(-0.0019527701 0.29582506 0.080613957)
(-0.0033439848 0.28996596 0.087112636)
(-0.0043819281 0.28043008 0.091865414)
(-0.0050551731 0.26745832 0.094784338)
(-0.0053942413 0.25159332 0.095852211)
(-0.0054433068 0.23355993 0.095158785)
(-0.0052438172 0.2141368 0.092882808)
(-0.0048371269 0.19405253 0.089230473)
(-0.0043305585 0.17392204 0.084419373)
(-0.0037570433 0.15422021 0.078692006)
(-0.0031606432 0.13528361 0.072275888)
(-0.0025777759 0.11732845 0.065378438)
(-0.0020344853 0.10047506 0.058181233)
(-0.0015477924 0.084772448 0.050837563)
(-0.0011274997 0.070219754 0.043472783)
(-0.00077775133 0.056783339 0.036186461)
(-0.00049842323 0.044409574 0.029055416)
(-0.00028648994 0.033033977 0.022137088)
(-0.00013748228 0.02258742 0.015472819)
(-4.6325085e-05 0.013000192 0.0090908592)
(-3.684661e-06 0.0042045176 0.0030089971)
(0.02683373 0.55750198 -0.051942018)
(-0.0068040766 0.388303 -0.085158566)
(0.014621335 0.29511592 -0.082916272)
(0.0085671583 0.26354045 -0.072573729)
(0.0096237638 0.25867756 -0.057199809)
(0.0085139567 0.2620859 -0.042448824)
(0.006913975 0.26672193 -0.02856764)
(0.0048874065 0.27081841 -0.015440499)
(0.0025802569 0.27443045 -0.0027641305)
(0.00012904925 0.27797178 0.0097200938)
(-0.0023463744 0.28165923 0.022122803)
(-0.0047334866 0.2853592 0.034377653)
(-0.0069313331 0.28859275 0.04627908)
(-0.0088523019 0.2906374 0.05751667)
(-0.010424246 0.29068856 0.067747724)
(-0.0115919 0.28802927 0.076638464)
(-0.012320908 0.28218087 0.083904695)
(-0.012609394 0.2729963 0.089341994)
(-0.012523999 0.26067279 0.092842856)
(-0.01200696 0.24568872 0.094395743)
(-0.011187204 0.2286961 0.094148518)
(-0.010219289 0.21040265 0.092241811)
(-0.0090879469 0.19147718 0.088891952)
(-0.0078958861 0.1724893 0.084363227)
(-0.006707785 0.15388252 0.078916705)
(-0.0055697618 0.13597422 0.0727958)
(-0.0045162432 0.11897101 0.066218631)
(-0.0035697864 0.10299041 0.059372595)
(-0.002742502 0.088083165 0.052412687)
(-0.0020382489 0.074252804 0.045462806)
(-0.0014547953 0.061471472 0.038618835)
(-0.00098566675 0.04969184 0.03195253)
(-0.00062165626 0.038855671 0.025515579)
(-0.00035217544 0.028899731 0.019343418)
(-0.00016665788 0.019759679 0.013458622)
(-5.5238043e-05 0.011372527 0.0078737775)
(-4.1772693e-06 0.0036780951 0.002593858)
(0.025683882 0.54623887 -0.055398781)
(-0.010533046 0.36589071 -0.085652691)
(0.008777569 0.27622465 -0.084237721)
(-0.00074328177 0.25325279 -0.07137875)
(-0.00033684267 0.2549418 -0.055764205)
(-0.0027886713 0.26227557 -0.040350143)
(-0.0049835495 0.26892003 -0.025812651)
(-0.0073499509 0.27384599 -0.01207547)
(-0.0098108855 0.27751406 0.0011285905)
(-0.012250904 0.28047676 0.014004215)
(-0.01455217 0.28296264 0.026615379)
(-0.016584905 0.28477088 0.038843267)
(-0.018249964 0.28548267 0.050440261)
(-0.019466832 0.28439308 0.061078749)
(-0.02016947 0.28090124 0.070412279)
(-0.020338102 0.27458884 0.078132108)
(-0.019986871 0.26532123 0.084010352)
(-0.019167596 0.25326799 0.087926677)
(-0.017962985 0.23885148 0.089878372)
(-0.016451368 0.22265214 0.089979595)
(-0.014775946 0.20530465 0.088402504)
(-0.012990194 0.18741087 0.085401082)
(-0.01119805 0.16948488 0.081237907)
(-0.0094687851 0.15192898 0.076182334)
(-0.0078530311 0.13503254 0.07048621)
(-0.0063842725 0.11898497 0.064371415)
(-0.0050813274 0.10389484 0.058025056)
(-0.0039511711 0.089809747 0.051598905)
(-0.0029918643 0.076733903 0.045211678)
(-0.0021952247 0.064642476 0.038952937)
(-0.0015490573 0.053492439 0.03288765)
(-0.0010388834 0.043230428 0.027060743)
(-0.00064923063 0.033798176 0.021501276)
(-0.00036471865 0.025136138 0.016226049)
(-0.00017120147 0.017185797 0.011242603)
(-5.6206805e-05 0.0098910447 0.0065516418)
(-4.1351222e-06 0.0031989543 0.0021489306)
(0.02426181 0.53475521 -0.057159357)
(-0.014644637 0.34512699 -0.08325349)
(0.0021869999 0.26018103 -0.08327798)
(-0.009936839 0.24437189 -0.068249778)
(-0.011031037 0.25126188 -0.052942435)
(-0.014020406 0.26144374 -0.037238422)
(-0.016716804 0.26943613 -0.022356728)
(-0.019269029 0.27478136 -0.0082944969)
(-0.021666739 0.27816082 0.0051467727)
(-0.023818159 0.28012468 0.018095672)
(-0.025625361 0.28095355 0.030532358)
(-0.026992786 0.28042794 0.042287787)
(-0.027819579 0.27811259 0.053078819)
(-0.02804828 0.27361715 0.062587008)
(-0.027665142 0.26662534 0.070507247)
(-0.026701246 0.2570499 0.076610277)
(-0.025228971 0.24505669 0.080774786)
(-0.023352095 0.23102563 0.082999122)
(-0.021190931 0.21547167 0.083392628)
(-0.018866945 0.19895574 0.082151494)
(-0.016495468 0.18200999 0.079521963)
(-0.014170282 0.16508968 0.075776231)
(-0.011966043 0.14855136 0.071185914)
(-0.0099339454 0.13265163 0.066001538)
(-0.0081051539 0.11755835 0.060441519)
(-0.0064941319 0.10336737 0.054687473)
(-0.0051024103 0.090120032 0.048884268)
(-0.0039222327 0.077818773 0.043143005)
(-0.0029397071 0.066439887 0.037545504)
(-0.0021373338 0.055943221 0.032149303)
(-0.0014959093 0.046279227 0.026992498)
(-0.0009958701 0.037393866 0.022098087)
(-0.00061819675 0.029231881 0.017477651)
(-0.00034514071 0.021738902 0.013134366)
(-0.00016103337 0.014862712 0.009065388)
(-5.2487096e-05 0.008553964 0.0052636916)
(-3.7742482e-06 0.0027665176 0.0017194694)
(0.022735703 0.5233157 -0.056768513)
(-0.018926336 0.32528818 -0.078602941)
(-0.0059814963 0.24518749 -0.078527648)
(-0.018888867 0.23524387 -0.063753807)
(-0.021995355 0.24570991 -0.048586)
(-0.025481321 0.2575164 -0.033181616)
(-0.028420431 0.26613326 -0.018414194)
(-0.030900179 0.27143159 -0.0044247165)
(-0.032928353 0.27412405 0.0088490101)
(-0.03446297 0.27475543 0.021433954)
(-0.035437833 0.27350842 0.033220968)
(-0.035784205 0.27030911 0.044002243)
(-0.035459667 0.26498212 0.053500825)
(-0.034466493 0.25738233 0.061443332)
(-0.032855095 0.24751229 0.067618127)
(-0.030719688 0.23556237 0.071914123)
(-0.028185853 0.22188823 0.074335465)
(-0.025393931 0.20695028 0.074993953)
(-0.022482462 0.19124202 0.074085297)
(-0.019575183 0.17522872 0.071857567)
(-0.016773072 0.15930713 0.068579738)
(-0.01415108 0.14378741 0.064516802)
(-0.011758469 0.12889222 0.059911365)
(-0.0096220588 0.11476652 0.054972732)
(-0.0077506391 0.1014921 0.0498729)
(-0.0061395761 0.089102807 0.044747157)
(-0.0047750232 0.077598232 0.039697511)
(-0.0036374259 0.066954905 0.034797485)
(-0.0027042397 0.057134829 0.030097294)
(-0.0019519133 0.048091714 0.025628764)
(-0.0013572472 0.039775326 0.021409667)
(-0.00089824631 0.032134394 0.017447348)
(-0.00055460969 0.025118486 0.013741646)
(-0.00030810479 0.018679153 0.010287174)
(-0.00014305899 0.012770567 0.0070750587)
(-4.6360285e-05 0.0073498302 0.0040942332)
(-3.2766585e-06 0.0023770785 0.0013323846)
(0.02124323 0.51175948 -0.0537156)
(-0.023467541 0.30604301 -0.071946498)
(-0.015096667 0.23069261 -0.071107632)
(-0.028210047 0.22468092 -0.057677163)
(-0.032959954 0.23659743 -0.043192121)
(-0.036912623 0.24863252 -0.028522464)
(-0.039825111 0.2570584 -0.014360499)
(-0.041904943 0.26179337 -0.00094894413)
(-0.043207523 0.26341788 0.011654935)
(-0.04374355 0.26242678 0.023351127)
(-0.043524132 0.25906817 0.033980918)
(-0.042553242 0.2534413 0.043325454)
(-0.040867584 0.24561646 0.051157015)
(-0.038547547 0.23572773 0.057295721)
(-0.035713275 0.22402184 0.061649367)
(-0.03251188 0.21085329 0.064230691)
(-0.029100186 0.19664428 0.065152169)
(-0.025627857 0.18183231 0.064604376)
(-0.02222442 0.16682347 0.062826361)
(-0.018991776 0.15196137 0.060075826)
(-0.01600199 0.13751334 0.056604469)
(-0.013299104 0.12367047 0.052640856)
(-0.010903331 0.11055633 0.048380719)
(-0.0088163285 0.098239563 0.043983484)
(-0.0070264536 0.086747097 0.039573222)
(-0.0055133903 0.076075986 0.035242251)
(-0.0042518738 0.066203129 0.03105598)
(-0.0032144894 0.057092733 0.027058011)
(-0.0023736432 0.048701767 0.023274933)
(-0.0017028592 0.040983774 0.019720489)
(-0.001177554 0.033891452 0.016399036)
(-0.00077542443 0.027378302 0.013308295)
(-0.00047657892 0.021399651 0.010441482)
(-0.00026362294 0.015913222 0.007788909)
(-0.00012188992 0.010879413 0.0053391615)
(-3.9301577e-05 0.0062613892 0.0030799536)
(-2.7230206e-06 0.0020250557 0.00099871922)
(0.019784963 0.50139915 -0.04754894)
(-0.028258388 0.28886294 -0.062957009)
(-0.023633505 0.21678487 -0.061310899)
(-0.037468769 0.21192233 -0.049877044)
(-0.043468982 0.22282349 -0.036882829)
(-0.047768489 0.2334488 -0.023566172)
(-0.050391712 0.24069163 -0.010617339)
(-0.051703998 0.24430034 0.0016147512)
(-0.051903434 0.24462276 0.012953914)
(-0.051120576 0.24208317 0.02322514)
(-0.049451448 0.23699829 0.032246209)
(-0.047004988 0.22963966 0.039833836)
(-0.043913683 0.2202878 0.045842809)
(-0.040334828 0.20926871 0.050201436)
(-0.036440862 0.19695845 0.05292912)
(-0.032404295 0.18376086 0.054133558)
(-0.02838255 0.17007359 0.05399231)
(-0.024506629 0.15625625 0.052726379)
(-0.020875228 0.14260909 0.050573128)
(-0.017554059 0.129364 0.047763669)
(-0.014579033 0.11668607 0.044507112)
(-0.011961619 0.10468156 0.040981794)
(-0.0096949141 0.093409004 0.037332262)
(-0.0077594046 0.08289062 0.033670331)
(-0.0061278616 0.073122535 0.030078561)
(-0.0047691642 0.064083217 0.026614847)
(-0.0036510795 0.055739969 0.023317221)
(-0.0027421461 0.04805369 0.020208313)
(-0.0020128486 0.040982238 0.017299219)
(-0.0014362651 0.034482696 0.014592685)
(-0.00098834259 0.028512852 0.012085625)
(-0.00064791388 0.023032108 0.0097710626)
(-0.00039656422 0.018001998 0.007639575)
(-0.00021851073 0.013386448 0.0056803517)
(-0.00010064486 0.0091518679 0.0038819458)
(-3.2303474e-05 0.0052671318 0.0022328007)
(-2.1937853e-06 0.0017034945 0.00072159761)
(0.018522202 0.49330088 -0.038615042)
(-0.032586601 0.27475511 -0.051611654)
(-0.031386521 0.20378866 -0.04964659)
(-0.046032113 0.19717524 -0.04053447)
(-0.052952167 0.2045735 -0.02982608)
(-0.05738128 0.21191073 -0.018623086)
(-0.059464218 0.21669528 -0.0076217821)
(-0.059762801 0.2184709 0.0027555092)
(-0.058625966 0.21731888 0.012237814)
(-0.056337716 0.21352622 0.020627821)
(-0.053135529 0.20741085 0.027753471)
(-0.049243416 0.19932187 0.033487434)
(-0.044880653 0.18963396 0.037767978)
(-0.040258724 0.17873899 0.040611187)
(-0.035571613 0.16702857 0.042109288)
(-0.030985696 0.15487104 0.042415604)
(-0.026632267 0.1425907 0.041722137)
(-0.022604709 0.13045443 0.040236089)
(-0.018960184 0.11866715 0.038159931)
(-0.015724585 0.10737472 0.035677312)
(-0.012899076 0.09667157 0.032945088)
(-0.010467016 0.086610505 0.030090532)
(-0.0084002326 0.077212584 0.027212146)
(-0.0066640927 0.068475962 0.024382664)
(-0.0052213418 0.06038316 0.021653077)
(-0.0040347933 0.05290669 0.019056869)
(-0.0030690738 0.046013208 0.016613963)
(-0.0022916394 0.039666454 0.014334145)
(-0.0016732677 0.033829257 0.012219877)
(-0.0011881933 0.028464855 0.01026853)
(-0.00081401301 0.02353772 0.0084740904)
(-0.00053144813 0.019014046 0.006828439)
(-0.00032404084 0.014862006 0.0053222787)
(-0.00017790498 0.01105186 0.0039457934)
(-8.1644669e-05 0.0075559632 0.0026891026)
(-2.6090181e-05 0.0043487148 0.0015425694)
(-1.7530051e-06 0.0014064714 0.00049699111)
(0.017752016 0.48764795 -0.027544257)
(-0.035987425 0.26423089 -0.037871467)
(-0.037685547 0.19241752 -0.036318177)
(-0.053080546 0.18217296 -0.029978243)
(-0.060658449 0.18422643 -0.022279092)
(-0.0650436 0.18657396 -0.013982101)
(-0.066467423 0.18750364 -0.0056972875)
(-0.065676449 0.18654441 0.002156571)
(-0.063193925 0.18358196 0.0092919034)
(-0.059471111 0.1787305 0.01549936)
(-0.054889134 0.17220581 0.020635099)
(-0.049777323 0.1642948 0.024620856)
(-0.044418877 0.15531941 0.027452964)
(-0.039050436 0.14560802 0.029186678)
(-0.033860339 0.1354714 0.029933013)
(-0.028987447 0.12518392 0.029839389)
(-0.024523642 0.11497244 0.029069651)
(-0.020519335 0.10501273 0.027787006)
(-0.016991097 0.095431853 0.026141607)
(-0.013930038 0.086314359 0.024263075)
(-0.011309746 0.077710209 0.02225672)
(-0.0090930637 0.069642777 0.02020589)
(-0.007237491 0.06211599 0.01817274)
(-0.0056991654 0.055120242 0.016201356)
(-0.0044355064 0.048636989 0.014321183)
(-0.0034068223 0.042642164 0.012550262)
(-0.0025771709 0.037108619 0.010898061)
(-0.0019146959 0.032007816 0.0093678208)
(-0.0013916181 0.027310969 0.0079584175)
(-0.00098401858 0.022989789 0.0066658014)
(-0.00067150446 0.019016955 0.0054840755)
(-0.00043681767 0.015366404 0.004406284)
(-0.00026543641 0.012013484 0.0034249731)
(-0.00014525727 0.0089350343 0.0025325805)
(-6.6442791e-05 0.0061093974 0.0017216965)
(-2.1145018e-05 0.0035164019 0.0009852353)
(-1.4171398e-06 0.0011373175 0.00031653306)
(0.018320789 0.48470239 -0.015218416)
(-0.038076152 0.25818544 -0.021969116)
(-0.041862265 0.18410053 -0.021612358)
(-0.05787711 0.17031647 -0.018561484)
(-0.065849155 0.16691407 -0.014483213)
(-0.070093931 0.163865 -0.009778433)
(-0.070913275 0.16030119 -0.0048617476)
(-0.069198591 0.15599609 -6.8010486e-05)
(-0.065630127 0.15084822 0.0043548585)
(-0.060804383 0.14484872 0.0082218662)
(-0.055209396 0.13808785 0.011414446)
(-0.049250665 0.13070997 0.013875523)
(-0.043251825 0.12288499 0.015600917)
(-0.037448518 0.11478983 0.016636929)
(-0.032011809 0.10659461 0.017064471)
(-0.027047971 0.09844654 0.016984563)
(-0.022611548 0.090464808 0.016504656)
(-0.018716933 0.082739792 0.015728066)
(-0.015350002 0.07533541 0.01474709)
(-0.012476055 0.068292681 0.013640143)
(-0.010050486 0.061635464 0.012469296)
(-0.0080244753 0.055374325 0.011281654)
(-0.006347022 0.049509378 0.010111821)
(-0.0049697525 0.044033777 0.0089843041)
(-0.0038480525 0.038935864 0.0079150327)
(-0.0029418794 0.03420077 0.0069133427)
(-0.0022160209 0.029811574 0.0059836974)
(-0.0016399898 0.025750144 0.0051270805)
(-0.0011877053 0.021997741 0.0043420816)
(-0.00083706529 0.018535464 0.0036257205)
(-0.00056947915 0.015344577 0.0029740581)
(-0.00036939738 0.012406752 0.0023826377)
(-0.00022387012 0.0097042492 0.001846796)
(-0.00012219941 0.0072200465 0.0013618759)
(-5.5750679e-05 0.0049379276 0.00092336712)
(-1.7685092e-05 0.0028425403 0.00052699776)
(-1.1920949e-06 0.00091942757 0.00016878366)
(0.018986035 0.48376195 -0.0025332264)
(-0.039085712 0.25623119 -0.0047222591)
(-0.043688154 0.18112683 -0.0060590107)
(-0.059988382 0.1656002 -0.0066796232)
(-0.068078775 0.15917215 -0.0066476393)
(-0.072161635 0.15279249 -0.0059946968)
(-0.072592582 0.14612001 -0.0048691495)
(-0.070343551 0.13922085 -0.0034625231)
(-0.066170115 0.13215291 -0.0019447526)
(-0.060748925 0.1249677 -0.0004555144)
(-0.054636347 0.11771476 0.00089400253)
(-0.048274058 0.11044402 0.0020398575)
(-0.041992498 0.10321148 0.0029384967)
(-0.036029629 0.096074342 0.0035855441)
(-0.03053795 0.089084358 0.0039973324)
(-0.025600996 0.082285753 0.0042037561)
(-0.021249551 0.075714285 0.0042414413)
(-0.017476533 0.069397361 0.004148162)
(-0.014249754 0.063354833 0.0039591342)
(-0.01152216 0.057600087 0.0037051129)
(-0.0092399345 0.052141165 0.0034121912)
(-0.0073468083 0.046981461 0.0030993353)
(-0.0057891553 0.042121087 0.0027813189)
(-0.0045176932 0.03755727 0.0024686939)
(-0.0034873414 0.033284427 0.0021688092)
(-0.002658688 0.029294883 0.0018863241)
(-0.0019976052 0.025579234 0.001623875)
(-0.0014748991 0.022126673 0.0013826235)
(-0.00106585 0.018925322 0.00116269)
(-0.00074969383 0.015962525 0.00096348855)
(-0.00050909837 0.01322514 0.00078397895)
(-0.00032966311 0.010699785 0.00062285222)
(-0.00019946624 0.0083730697 0.00047866391)
(-0.00010871056 0.0062317781 0.0003499275)
(-4.9521608e-05 0.0042630246 0.00023517811)
(-1.5675316e-05 0.0024543724 0.00013301654)
(-1.0442393e-06 0.0007939231 4.2134763e-05)
(0.018974449 0.48461508 0.010308414)
(-0.038717122 0.25836301 0.012907608)
(-0.043144224 0.18460142 0.0096796066)
(-0.059312442 0.17033591 0.0052642104)
(-0.067282328 0.16503181 0.0011227216)
(-0.071269196 0.15929462 -0.0024120095)
(-0.071641461 0.15273672 -0.0052199633)
(-0.069364085 0.14552808 -0.0073008723)
(-0.065175632 0.13785866 -0.0087308565)
(-0.059751682 0.12991341 -0.009603989)
(-0.053648552 0.12187204 -0.010025302)
(-0.047315072 0.11384725 -0.010093675)
(-0.04107971 0.10593577 -0.0098937101)
(-0.035179367 0.098214848 -0.0094976946)
(-0.029762118 0.090739868 -0.0089712469)
(-0.024906985 0.083548989 -0.0083660367)
(-0.02064009 0.076666756 -0.0077213043)
(-0.016950276 0.070107576 -0.0070658755)
(-0.013802272 0.063878613 -0.0064207955)
(-0.011147446 0.057981928 -0.0057997767)
(-0.0089298451 0.052415611 -0.0052107278)
(-0.0070934782 0.047175568 -0.0046579844)
(-0.0055853149 0.042255861 -0.004142943)
(-0.004355605 0.037648514 -0.0036658405)
(-0.0033602039 0.033344145 -0.0032257191)
(-0.0025604383 0.029332139 -0.0028208606)
(-0.0019229283 0.025600821 -0.0024491312)
(-0.0014192156 0.022137643 -0.0021082143)
(-0.0010252678 0.018929385 -0.0017957609)
(-0.00072094123 0.015962371 -0.0015094825)
(-0.0004894511 0.013222678 -0.0012472048)
(-0.00031687233 0.010696338 -0.0010068965)
(-0.00019169137 0.0083695189 -0.00078668032)
(-0.00010445678 0.0062286784 -0.00058483307)
(-4.7577893e-05 0.0042606936 -0.0003997803)
(-1.5059864e-05 0.0024529579 -0.00023008518)
(-9.9535641e-07 0.00079345522 -7.4437811e-05)
(0.017994525 0.48692296 0.022762888)
(-0.037199558 0.26412328 0.02975268)
(-0.040384829 0.1938068 0.024918017)
(-0.056022195 0.18343852 0.016884704)
(-0.063659957 0.1828286 0.0087487486)
(-0.067674456 0.18109905 0.0012181)
(-0.068351529 0.17742389 -0.0053425646)
(-0.066542153 0.17197366 -0.010778337)
(-0.062907747 0.16504399 -0.015079304)
(-0.058040092 0.15698028 -0.018289638)
(-0.052442877 0.14812001 -0.020490461)
(-0.046530955 0.13876906 -0.021797306)
(-0.04062983 0.12919519 -0.022335119)
(-0.034979554 0.11961699 -0.022240497)
(-0.029735429 0.11020452 -0.021650457)
(-0.024992399 0.10108547 -0.020694065)
(-0.020791391 0.092347251 -0.019485062)
(-0.017133791 0.084044167 -0.018118895)
(-0.01399443 0.076205513 -0.016671796)
(-0.011333276 0.068842687 -0.015201785)
(-0.0091013156 0.061953825 -0.013751219)
(-0.0072463923 0.055528121 -0.012348989)
(-0.0057176178 0.049549287 -0.011014523)
(-0.0044673921 0.043997698 -0.0097593041)
(-0.0034526435 0.038851867 -0.0085889241)
(-0.0026352936 0.034089423 -0.0075047953)
(-0.0019822565 0.029687746 -0.0065054808)
(-0.0014651622 0.025624391 -0.0055876918)
(-0.0010599322 0.021877368 -0.004747017)
(-0.00074629533 0.018425339 -0.0039784427)
(-0.00050729483 0.015247752 -0.0032767146)
(-0.00032881353 0.012324943 -0.0026365813)
(-0.00019914106 0.0096381979 -0.0020529508)
(-0.00010863583 0.0071698011 -0.0015209863)
(-4.9536634e-05 0.0049030565 -0.0010361594)
(-1.5702546e-05 0.0028222924 -0.00059427266)
(-1.0499571e-06 0.00091285354 -0.00019146433)
(0.017616471 0.49108586 0.03472308)
(-0.034821878 0.27356465 0.044869801)
(-0.035684456 0.20622391 0.039063362)
(-0.050617923 0.20111123 0.027848901)
(-0.057771328 0.20639608 0.016163311)
(-0.061879646 0.20975253 0.0051182385)
(-0.063116774 0.20980162 -0.0047439482)
(-0.06216567 0.20674992 -0.013199857)
(-0.059530701 0.20106533 -0.020179713)
(-0.055668521 0.19325924 -0.025677458)
(-0.050984515 0.18383133 -0.029733438)
(-0.045835343 0.17325007 -0.032433977)
(-0.040523159 0.16194123 -0.03390987)
(-0.035290019 0.15027722 -0.034332388)
(-0.030316274 0.13856801 -0.03388735)
(-0.025723708 0.12705784 -0.032765648)
(-0.021582617 0.11592726 -0.031147924)
(-0.01792167 0.10529992 -0.029194011)
(-0.01473842 0.095252164 -0.027036872)
(-0.012009135 0.085823293 -0.024782787)
(-0.0096970831 0.077025223 -0.022513141)
(-0.007758934 0.068850617 -0.020286905)
(-0.0061493823 0.061279396 -0.018144585)
(-0.0048242237 0.054283604 -0.016112119)
(-0.003742199 0.047830915 -0.014204375)
(-0.0028659652 0.041887038 -0.012428093)
(-0.0021624722 0.036417319 -0.01078426)
(-0.0016029553 0.031387763 -0.0092699466)
(-0.0011626984 0.026765655 -0.0078796934)
(-0.00082067597 0.022519913 -0.0066065252)
(-0.00055914111 0.018621269 -0.0054426766)
(-0.00036320156 0.015042334 -0.004380096)
(-0.00022041589 0.011757596 -0.0034107829)
(-0.00012047666 0.0087433712 -0.002527007)
(-5.5044567e-05 0.0059777294 -0.00172144)
(-1.7492922e-05 0.0034404066 -0.00098722918)
(-1.1712234e-06 0.0011127084 -0.00031802753)
(0.018977976 0.49777442 0.045122516)
(-0.031348375 0.28649113 0.057877371)
(-0.029428139 0.22045124 0.051812102)
(-0.043729961 0.21944977 0.037948142)
(-0.050350127 0.22969848 0.023346053)
(-0.054599308 0.23728555 0.0094620124)
(-0.056533634 0.24039904 -0.0031009137)
(-0.056642323 0.23940402 -0.014115233)
(-0.055250511 0.23498138 -0.02349155)
(-0.052659847 0.22775985 -0.031182448)
(-0.04915634 0.21830312 -0.037167729)
(-0.045016991 0.20713129 -0.041473194)
(-0.040503995 0.19473522 -0.044186391)
(-0.035853645 0.18157245 -0.045457779)
(-0.031264596 0.16805245 -0.045486812)
(-0.02689032 0.15452201 -0.04450042)
(-0.022837896 0.14125681 -0.042730306)
(-0.019171695 0.12846118 -0.040394259)
(-0.015920319 0.11627451 -0.037683807)
(-0.013084957 0.10478163 -0.034758224)
(-0.010647678 0.094024412 -0.031743546)
(-0.0085785443 0.084012921 -0.028734903)
(-0.0068412091 0.074734898 -0.025800677)
(-0.0053970027 0.066163402 -0.022987308)
(-0.0042077122 0.058262555 -0.020324003)
(-0.0032373144 0.050991698 -0.017826927)
(-0.0024529356 0.044308265 -0.01550272)
(-0.0018252713 0.038169684 -0.013351309)
(-0.0013286508 0.032534593 -0.011368088)
(-0.00094088535 0.02736355 -0.009545542)
(-0.0006429919 0.022619428 -0.0078744492)
(-0.0004188538 0.018267576 -0.0063447246)
(-0.00025486765 0.014275852 -0.0049460093)
(-0.00013966311 0.010614559 -0.0036680643)
(-6.3976696e-05 0.0072563444 -0.002501023)
(-2.0397681e-05 0.004176056 -0.0014355449)
(-1.3692913e-06 0.0013505995 -0.00046289662)
(0.020321057 0.5062522 0.053349704)
(-0.02737001 0.30166951 0.068831062)
(-0.022293402 0.23529245 0.063092512)
(-0.036103281 0.23596161 0.047058532)
(-0.042105553 0.24924664 0.030238446)
(-0.046454336 0.2595871 0.014240106)
(-0.049061724 0.26479882 -0.00036475264)
(-0.050218194 0.26543843 -0.013404898)
(-0.050089417 0.2623489 -0.024813397)
(-0.048840456 0.2561864 -0.034522924)
(-0.046636476 0.24745542 -0.04245005)
(-0.043661668 0.23659792 -0.048534682)
(-0.04011879 0.22405443 -0.052779338)
(-0.03621779 0.2102805 -0.055268968)
(-0.032159329 0.19573063 -0.056167896)
(-0.02811939 0.18082932 -0.055700076)
(-0.024238945 0.16594457 -0.054121425)
(-0.020619929 0.15137226 -0.051692596)
(-0.017326739 0.13733235 -0.048657529)
(-0.014391451 0.12397448 -0.045229762)
(-0.011820782 0.11138876 -0.041586046)
(-0.0096032275 0.099618481 -0.037865599)
(-0.0077154156 0.088672349 -0.034173021)
(-0.0061272271 0.078534922 -0.030583113)
(-0.004805622 0.069174989 -0.027146334)
(-0.0037172974 0.060551853 -0.023894086)
(-0.0028303992 0.05261985 -0.020843379)
(-0.0021155196 0.04533146 -0.018000735)
(-0.0015461874 0.038639366 -0.015365295)
(-0.001099017 0.032497745 -0.012931223)
(-0.00075363917 0.02686303 -0.010689502)
(-0.00049249549 0.021694306 -0.0086292493)
(-0.00030057082 0.016953474 -0.0067386496)
(-0.00016517535 0.012605257 -0.0050056035)
(-7.5880789e-05 0.0086171242 -0.0034181607)
(-2.4280547e-05 0.0049591503 -0.0019648009)
(-1.6343708e-06 0.0016038573 -0.00063460154)
(0.021659179 0.51633834 0.05896359)
(-0.023109588 0.31879675 0.077769148)
(-0.014804683 0.25010198 0.072872078)
(-0.028345532 0.24973519 0.05504786)
(-0.033533301 0.26397663 0.036740466)
(-0.037853065 0.27570883 0.019311494)
(-0.040963116 0.2822609 0.0032899355)
(-0.0429795 0.28427756 -0.011227029)
(-0.043956226 0.28267794 -0.024236175)
(-0.043954696 0.2780781 -0.035681476)
(-0.043035249 0.27084073 -0.045437327)
(-0.041286622 0.26123066 -0.053359615)
(-0.038835409 0.24953352 -0.059345822)
(-0.03584154 0.23610952 -0.063378008)
(-0.032483665 0.22138953 -0.065539284)
(-0.028940506 0.20583713 -0.066005114)
(-0.025373868 0.18990138 -0.065017694)
(-0.021916887 0.17397806 -0.062853735)
(-0.01866867 0.15838732 -0.059794223)
(-0.015694511 0.14336728 -0.056101281)
(-0.013029915 0.12907941 -0.052003738)
(-0.010686508 0.1156204 -0.047690629)
(-0.0086583598 0.10303615 -0.043310674)
(-0.0069277372 0.09133524 -0.038975551)
(-0.0054698407 0.080500402 -0.034765125)
(-0.0042564099 0.070497589 -0.030733297)
(-0.0032582859 0.061282762 -0.026913622)
(-0.00244711 0.052806726 -0.023324285)
(-0.0017963609 0.04501844 -0.019972235)
(-0.0012819096 0.037867182 -0.016856492)
(-0.00088224236 0.031303907 -0.013970702)
(-0.00057845515 0.025282037 -0.011305053)
(-0.00035412011 0.019757859 -0.0088476779)
(-0.00019516761 0.014690692 -0.0065856531)
(-8.991768e-05 0.010042884 -0.0045057)
(-2.8870398e-05 0.0057797115 -0.0025946555)
(-1.9706756e-06 0.0018692419 -0.00083977764)
(0.02287832 0.52701035 0.061803568)
(-0.019119829 0.33688626 0.084673431)
(-0.0070420084 0.26458082 0.080874147)
(-0.020856098 0.26089921 0.061850022)
(-0.02490857 0.27421888 0.042765445)
(-0.029077018 0.28621603 0.024462032)
(-0.032462798 0.29351182 0.007556528)
(-0.035069229 0.29665621 -0.007925193)
(-0.036896555 0.2965813 -0.022069692)
(-0.037937185 0.29384891 -0.034869562)
(-0.038173581 0.28866675 -0.046196568)
(-0.037610622 0.28108129 -0.055851048)
(-0.036294626 0.27114719 -0.063634031)
(-0.034318836 0.25903488 -0.069410483)
(-0.031816386 0.24506178 -0.073149312)
(-0.028944424 0.22966327 -0.07493428)
(-0.025865069 0.21333233 -0.074949798)
(-0.02272828 0.19655574 -0.073450967)
(-0.019659866 0.17976526 -0.070728462)
(-0.016755612 0.16331019 -0.067076648)
(-0.014080737 0.14744987 -0.062769665)
(-0.011673022 0.13235961 -0.058046717)
(-0.0095478688 0.1181441 -0.053105568)
(-0.0077038835 0.10485296 -0.048102109)
(-0.00612808 0.09249558 -0.043153796)
(-0.0048002358 0.081053644 -0.03834504)
(-0.003696268 0.070490966 -0.033733217)
(-0.0027906838 0.060760786 -0.029354453)
(-0.002058249 0.051810931 -0.025228744)
(-0.001475045 0.043587337 -0.021364219)
(-0.00101907 0.03603633 -0.017760573)
(-0.0006705095 0.029106058 -0.014411714)
(-0.00041179567 0.022747298 -0.011307768)
(-0.0002276376 0.016913889 -0.0084365511)
(-0.00010518687 0.011562877 -0.0057846303)
(-3.3892217e-05 0.0066545188 -0.0033380697)
(-2.3543128e-06 0.0021521713 -0.0010829397)
(0.024101246 0.53726988 0.062386924)
(-0.015476078 0.35487247 0.089850661)
(-0.00013120011 0.27865513 0.087028262)
(-0.013943593 0.27011328 0.067462078)
(-0.016441533 0.28093476 0.048198223)
(-0.020387659 0.292213 0.02943589)
(-0.023818891 0.29968473 0.012077714)
(-0.026737177 0.30361203 -0.0039191577)
(-0.029130035 0.30488344 -0.018744667)
(-0.030950998 0.3040297 -0.032465844)
(-0.032132148 0.30114308 -0.044995097)
(-0.032616747 0.29607564 -0.056120461)
(-0.032382041 0.28862429 -0.065578299)
(-0.031452324 0.27869528 -0.073129108)
(-0.029901244 0.26639496 -0.078618282)
(-0.027843313 0.25203582 -0.082009487)
(-0.025418309 0.23608331 -0.083389659)
(-0.02277313 0.21907574 -0.08295031)
(-0.020045613 0.20154683 -0.080954806)
(-0.017353118 0.18396912 -0.077701926)
(-0.01478667 0.16672355 -0.073493586)
(-0.012409954 0.15009182 -0.068610946)
(-0.010261666 0.13426372 -0.063299709)
(-0.0083598192 0.11935228 -0.05776362)
(-0.0067066192 0.10541111 -0.052164041)
(-0.0052931028 0.09245062 -0.046623349)
(-0.0041030861 0.080451644 -0.041230284)
(-0.0031162802 0.069376021 -0.036045939)
(-0.0023105981 0.059174411 -0.03110954)
(-0.0016637647 0.049791793 -0.026443586)
(-0.0011543665 0.041171191 -0.02205816)
(-0.00076246684 0.033256095 -0.017954405)
(-0.00046992328 0.025991946 -0.014127237)
(-0.00026061971 0.019326995 -0.010567408)
(-0.00012081226 0.013212738 -0.0072630311)
(-3.9075136e-05 0.0076040687 -0.0042007013)
(-2.7465417e-06 0.0024592725 -0.001366285)
(0.025183183 0.54719468 0.06122655)
(-0.01210317 0.37283045 0.093174395)
(0.0053475542 0.29272364 0.090374696)
(-0.0072232531 0.27825536 0.072047184)
(-0.0082115846 0.28528713 0.052898576)
(-0.011955225 0.29494558 0.033978537)
(-0.015222148 0.30201301 0.016527085)
(-0.018212342 0.30629545 0.00039566738)
(-0.020908593 0.3085484 -0.014702291)
(-0.023238985 0.30932976 -0.02892295)
(-0.025115113 0.30868746 -0.042243445)
(-0.026441813 0.30629268 -0.054471099)
(-0.027146885 0.30174914 -0.065327854)
(-0.027198752 0.29466877 -0.07450223)
(-0.026612382 0.28487146 -0.081733534)
(-0.025448562 0.27244516 -0.086861542)
(-0.02380639 0.25772841 -0.089852748)
(-0.021809023 0.24123616 -0.090799767)
(-0.019587378 0.22356299 -0.089899463)
(-0.017265727 0.20529478 -0.087419004)
(-0.014951499 0.18694663 -0.083659454)
(-0.012729597 0.16893122 -0.078925173)
(-0.010660672 0.15155191 -0.073500037)
(-0.0087831237 0.13501204 -0.0676327)
(-0.0071166365 0.1194321 -0.061530366)
(-0.0056663196 0.10486895 -0.055358291)
(-0.004426733 0.091333422 -0.04924297)
(-0.0033853954 0.078805053 -0.043277259)
(-0.0025256071 0.067243361 -0.037526164)
(-0.0018285832 0.05659617 -0.032032476)
(-0.0012749734 0.04680543 -0.026821817)
(-0.00084586916 0.037811133 -0.021906915)
(-0.00052343277 0.029553848 -0.017291067)
(-0.00029138363 0.021976277 -0.012970876)
(-0.00013556867 0.015024136 -0.0089383414)
(-4.4041947e-05 0.008646598 -0.0051824392)
(-3.1394971e-06 0.0027964441 -0.0016902815)
(0.026136683 0.55674528 0.058622372)
(-0.0091340806 0.3909355 0.094615974)
(0.010030956 0.30707911 0.091371152)
(-0.00023663293 0.28609101 0.075662458)
(-0.00044496829 0.28844111 0.056414691)
(-0.0038283776 0.29565763 0.037833998)
(-0.0067168066 0.30174653 0.020645837)
(-0.009588675 0.3059415 0.0046948032)
(-0.012378785 0.30879561 -0.01034187)
(-0.014993177 0.31080145 -0.024692932)
(-0.01731055 0.31201793 -0.038401589)
(-0.019236964 0.31217441 -0.051331658)
(-0.020686542 0.3106274 -0.063212973)
(-0.02158021 0.30675501 -0.073709519)
(-0.021890643 0.30007232 -0.082491508)
(-0.021626851 0.29036614 -0.089297207)
(-0.020838611 0.27774221 -0.09397496)
(-0.019609534 0.2625888 -0.096501558)
(-0.018044639 0.24548415 -0.09697755)
(-0.016255979 0.22708582 -0.09560399)
(-0.014355024 0.20803368 -0.092643941)
(-0.012435951 0.18888487 -0.088396623)
(-0.010577014 0.17008184 -0.083164467)
(-0.0088344289 0.15194724 -0.077228866)
(-0.0072455318 0.13469564 -0.070837737)
(-0.0058311707 0.11845299 -0.064199177)
(-0.0045989978 0.1032777 -0.057480679)
(-0.0035468795 0.089179717 -0.050811947)
(-0.0026659457 0.076136207 -0.044289606)
(-0.0019430914 0.064103566 -0.037982639)
(-0.0013629035 0.05302618 -0.031937739)
(-0.0009090527 0.042842519 -0.026184158)
(-0.00056525887 0.033489223 -0.020737849)
(-0.00031606866 0.024903725 -0.01560487)
(-0.00014768635 0.017025843 -0.010784097)
(-4.8221399e-05 0.0097986785 -0.0062693272)
(-3.487921e-06 0.0031690468 -0.0020508832)
(0.026635513 0.56580696 0.054914722)
(-0.006573616 0.4095306 0.093601442)
(0.014430541 0.3228215 0.091139233)
(0.0066871461 0.294611 0.077868188)
(0.0066705366 0.29147593 0.05897605)
(0.0043396979 0.29552924 0.040992539)
(0.0018543831 0.3001141 0.024294982)
(-0.00080234024 0.30381015 0.008750418)
(-0.0035252229 0.30685905 -0.0059792464)
(-0.0062123677 0.30967659 -0.020169822)
(-0.0087606159 0.31236778 -0.033926601)
(-0.011067252 0.31462751 -0.047175872)
(-0.013036657 0.31581952 -0.059674982)
(-0.014589064 0.31515132 -0.071098016)
(-0.0156669 0.31186892 -0.081089808)
(-0.016240466 0.30543413 -0.089328405)
(-0.016312822 0.29563973 -0.09557204)
(-0.015922152 0.28263734 -0.099689723)
(-0.01513775 0.2668821 -0.10167443)
(-0.014027857 0.24902429 -0.10164343)
(-0.01272614 0.22978755 -0.099773609)
(-0.011274571 0.20986496 -0.096339385)
(-0.0097836871 0.18985239 -0.091628745)
(-0.0083179298 0.17021803 -0.085933053)
(-0.0069295637 0.15129993 -0.079527115)
(-0.0056545403 0.13332037 -0.072654445)
(-0.0045145377 0.11640778 -0.06552113)
(-0.0035196076 0.10061965 -0.058294858)
(-0.0026709406 0.085963054 -0.051107247)
(-0.0019634012 0.072411272 -0.044058012)
(-0.0013876681 0.05991641 -0.037219893)
(-0.00093191382 0.048418541 -0.030643587)
(-0.00058307097 0.037852019 -0.02436229)
(-0.0003278973 0.028149679 -0.018395628)
(-0.00015407247 0.019245507 -0.012752927)
(-5.0646445e-05 0.011076236 -0.0074358549)
(-3.7438602e-06 0.003582232 -0.0024405052)
(0.026882115 0.57432793 0.05039882)
(-0.0046310906 0.42833581 0.090025033)
(0.018025764 0.34027013 0.08959575)
(0.013292623 0.30494246 0.078100537)
(0.013673535 0.29570615 0.060560042)
(0.012509803 0.29588999 0.043367936)
(0.010621185 0.29842596 0.027330334)
(0.0083357212 0.30122803 0.012364003)
(0.005840225 0.30412251 -0.0018708612)
(0.0032527389 0.30736208 -0.015683539)
(0.00067492929 0.31104543 -0.029224784)
(-0.001799012 0.31491707 -0.04245685)
(-0.004084566 0.31837167 -0.055180248)
(-0.0061062535 0.32056612 -0.067092446)
(-0.0077995615 0.3205829 -0.077848251)
(-0.0091127941 0.31761295 -0.087111878)
(-0.010011557 0.31111842 -0.094598102)
(-0.010490021 0.30093387 -0.10010326)
(-0.010604629 0.28727913 -0.10352376)
(-0.010279746 0.27068765 -0.10485367)
(-0.0096967296 0.25188581 -0.10426692)
(-0.0089133125 0.23166033 -0.10191164)
(-0.0079785247 0.21075316 -0.098025487)
(-0.0069655693 0.1897939 -0.09289066)
(-0.0059393214 0.16927104 -0.086786023)
(-0.0049460094 0.14953258 -0.079973742)
(-0.0040196461 0.13080367 -0.072688147)
(-0.0031829335 0.11321106 -0.065129801)
(-0.0024486921 0.096808059 -0.05746407)
(-0.0018218403 0.08159629 -0.049822788)
(-0.0013014094 0.067543178 -0.042307723)
(-0.00088230089 0.054595081 -0.03499484)
(-0.00055673023 0.042686695 -0.027938679)
(-0.00031550735 0.031747507 -0.021176474)
(-0.00014934764 0.021706032 -0.014731771)
(-4.9516052e-05 0.01249247 -0.0086174976)
(-3.7490922e-06 0.0040402699 -0.0028384871)
(0.027150029 0.58237348 0.045326469)
(-0.0031795727 0.4473337 0.084363146)
(0.021264029 0.35933117 0.086469973)
(0.019450716 0.3177785 0.076473574)
(0.020843996 0.30234549 0.060704483)
(0.020949111 0.29818501 0.044643997)
(0.019909081 0.29818757 0.029499154)
(0.01821277 0.29973479 0.015294922)
(0.016136419 0.30219118 0.001711964)
(0.013834114 0.30555952 -0.011550809)
(0.011412422 0.30984542 -0.02465648)
(0.0089562327 0.31480782 -0.037588285)
(0.006536721 0.31990275 -0.050171217)
(0.0042170193 0.32433162 -0.062130316)
(0.0020567835 0.32714542 -0.073149346)
(0.00011452114 0.32738675 -0.082916578)
(-0.0015568033 0.32425193 -0.091155223)
(-0.0029157681 0.31724239 -0.09764513)
(-0.0039166682 0.30625708 -0.10223818)
(-0.0045967887 0.29159518 -0.10485868)
(-0.0049529315 0.27387387 -0.10550126)
(-0.005021346 0.2538949 -0.10428394)
(-0.0048290426 0.23250551 -0.10141643)
(-0.0044802254 0.21048909 -0.097112351)
(-0.0040141926 0.18849951 -0.091621955)
(-0.0034823383 0.16703646 -0.085198836)
(-0.0029288859 0.14644997 -0.078085074)
(-0.0023878165 0.12696144 -0.070500048)
(-0.0018834641 0.10869071 -0.062634276)
(-0.0014318654 0.091682795 -0.054647376)
(-0.0010422134 0.07593078 -0.046668914)
(-0.00071831011 0.061393961 -0.038800979)
(-0.00045992752 0.048011315 -0.031121628)
(-0.00026412561 0.035711038 -0.023688577)
(-0.00012662929 0.024416998 -0.016542763)
(-4.2620772e-05 0.014052918 -0.009711552)
(-3.3798335e-06 0.0045449533 -0.00321153)
(0.02735049 0.59010785 0.039841273)
(-0.0020245883 0.46680878 0.07689937)
(0.024603384 0.38055737 0.081097356)
(0.025625007 0.33425532 0.072918016)
(0.02850153 0.31294856 0.059079496)
(0.030130401 0.30423116 0.044461398)
(0.030271564 0.30135974 0.030464601)
(0.029455759 0.3013896 0.017206024)
(0.028048853 0.30318573 0.0044358685)
(0.026257139 0.30646087 -0.0081092681)
(0.024181814 0.31104028 -0.020572068)
(0.02189869 0.31660582 -0.032927677)
(0.019468187 0.32265077 -0.045008631)
(0.016944969 0.32847045 -0.056561897)
(0.014387598 0.33320414 -0.067306934)
(0.011861518 0.33590496 -0.076976365)
(0.0094373421 0.33564855 -0.085334427)
(0.0071866971 0.33168104 -0.092186205)
(0.0051709569 0.32356664 -0.097380888)
(0.0034180568 0.31127953 -0.10082291)
(0.0020359665 0.29520206 -0.10248702)
(0.00090778816 0.27603256 -0.10240185)
(8.8470771e-05 0.25464045 -0.100635)
(-0.00044870195 0.23192217 -0.097352438)
(-0.00077827282 0.2086905 -0.092750444)
(-0.0009353501 0.18561152 -0.087048838)
(-0.00096441154 0.16318477 -0.080473206)
(-0.00090598548 0.14175241 -0.073240943)
(-0.00079380632 0.12152393 -0.065551504)
(-0.00065453863 0.10260589 -0.057580705)
(-0.00050827842 0.085030204 -0.049478376)
(-0.00036933422 0.068777927 -0.041368471)
(-0.00024716678 0.053797791 -0.033350763)
(-0.00014744357 0.040019755 -0.0255034)
(-7.3196252e-05 0.027364468 -0.017885811)
(-2.5621436e-05 0.015749569 -0.010541598)
(-2.2629154e-06 0.0050936907 -0.0035012636)
(0.027481886 0.59767777 0.034098364)
(-0.0013962013 0.48696981 0.067835359)
(0.027719215 0.40452033 0.073377076)
(0.032048749 0.35555117 0.067062904)
(0.037040333 0.3295096 0.055266019)
(0.040688632 0.31660307 0.042341924)
(0.04250405 0.31085913 0.029730953)
(0.043018267 0.30920218 0.017623365)
(0.042652452 0.31022223 0.00586733)
(0.041633132 0.31320799 -0.0057410756)
(0.040078726 0.31771463 -0.017286013)
(0.038060482 0.3233059 -0.02871178)
(0.03563756 0.32947405 -0.039851894)
(0.032874873 0.33562291 -0.05047893)
(0.029849586 0.34106125 -0.060357393)
(0.026650639 0.34499655 -0.069279281)
(0.023375201 0.3465582 -0.077076292)
(0.020123421 0.34488614 -0.08361517)
(0.016990514 0.33928236 -0.088785385)
(0.014061378 0.32937531 -0.092500236)
(0.011401432 0.31521855 -0.094697351)
(0.0090604113 0.29728012 -0.09535823)
(0.0070457596 0.27633596 -0.094519926)
(0.0053668044 0.2533139 -0.092252738)
(0.0040004919 0.22914382 -0.088678786)
(0.0029153711 0.20464916 -0.083957623)
(0.0020738821 0.18048969 -0.078270321)
(0.0014365591 0.15714806 -0.071805571)
(0.00096539689 0.13494456 -0.06474815)
(0.0006259364 0.11406589 -0.05727046)
(0.00038829191 0.094597212 -0.049527184)
(0.00022744287 0.076551631 -0.041652635)
(0.00012305278 0.059894367 -0.033760161)
(5.9028508e-05 0.044561191 -0.025942943)
(2.2980536e-05 0.030471674 -0.018275636)
(5.6307473e-06 0.017538264 -0.010816391)
(-5.7663917e-08 0.0056722056 -0.0036090765)
(0.027625998 0.60549795 0.028262918)
(-0.00096679034 0.50869774 0.057222163)
(0.031165216 0.43275648 0.062830946)
(0.039499195 0.38405577 0.058235275)
(0.047444138 0.35543757 0.048549744)
(0.053855222 0.33956836 0.037523405)
(0.058043253 0.33146194 0.02655327)
(0.060433975 0.3281763 0.015901251)
(0.061458175 0.32805748 0.0054900132)
(0.061392787 0.33015029 -0.0047985585)
(0.060386612 0.33377877 -0.014961687)
(0.058526456 0.33838008 -0.024914287)
(0.055905367 0.34345432 -0.034505375)
(0.052637993 0.3485291 -0.043552134)
(0.048855996 0.35312081 -0.05188008)
(0.044700099 0.35667443 -0.05934994)
(0.040312466 0.35850663 -0.065864653)
(0.03582938 0.35780867 -0.071359468)
(0.031376309 0.3537524 -0.075785618)
(0.027065686 0.34567548 -0.079097517)
(0.022994513 0.33327006 -0.081253087)
(0.019238101 0.31667981 -0.082219844)
(0.01584715 0.2964681 -0.081983221)
(0.012848342 0.27348795 -0.080560843)
(0.010247182 0.24871196 -0.078007157)
(0.0080317575 0.22308062 -0.074412558)
(0.0061774509 0.19740101 -0.069896311)
(0.0046515856 0.17230006 -0.064596546)
(0.0034174087 0.14822056 -0.058659899)
(0.0024371733 0.1254428 -0.052232483)
(0.0016743074 0.10411731 -0.045452968)
(0.0010947773 0.084298648 -0.038447941)
(0.00066783325 0.065975196 -0.031329271)
(0.0003664664 0.049092881 -0.024193071)
(0.0001678904 0.033572787 -0.017119793)
(5.340084e-05 0.019323549 -0.010175035)
(3.4677783e-06 0.0062496264 -0.0034108454)
(0.028338152 0.61441479 0.022012827)
(0.0011375804 0.5346521 0.044684836)
(0.036622677 0.4693685 0.048867247)
(0.050088387 0.4247914 0.045600467)
(0.061886222 0.39647994 0.038030531)
(0.071743611 0.37922993 0.029128595)
(0.078794297 0.36914432 0.020179952)
(0.083298692 0.36368855 0.011479469)
(0.085664321 0.36127187 0.0029818615)
(0.086298561 0.36095597 -0.0052703677)
(0.085429537 0.36197354 -0.0132559)
(0.083215755 0.36378008 -0.020914858)
(0.079843927 0.36596712 -0.028143399)
(0.075526307 0.36821194 -0.034826296)
(0.070482471 0.37022764 -0.040864257)
(0.064926465 0.37168563 -0.046191117)
(0.05905856 0.37211719 -0.050775199)
(0.053053254 0.3708432 -0.054600271)
(0.04706549 0.36701601 -0.057668963)
(0.041225458 0.35978376 -0.059987599)
(0.035641298 0.34851941 -0.061544599)
(0.030400182 0.33301504 -0.062317043)
(0.02556779 0.31354712 -0.062280834)
(0.021188217 0.29080128 -0.061422858)
(0.017284765 0.26570819 -0.059751029)
(0.013862048 0.23926279 -0.057299174)
(0.010909092 0.21238075 -0.054126478)
(0.0084028964 0.18581409 -0.050312907)
(0.0063119858 0.16012166 -0.045952566)
(0.0045996034 0.13567792 -0.041146691)
(0.0032263837 0.11270229 -0.035997415)
(0.0021524077 0.091295002 -0.030602862)
(0.0013387167 0.071471396 -0.025053697)
(0.00074870336 0.053190562 -0.01943101)
(0.00034983518 0.036377339 -0.013805267)
(0.00011412617 0.020938158 -0.0082360383)
(8.1555562e-06 0.0067718494 -0.0027723598)
(0.029930626 0.62401637 0.014197622)
(0.0063134977 0.56466637 0.028579653)
(0.045350149 0.51425427 0.030500245)
(0.064757661 0.47732999 0.028076795)
(0.080668182 0.4514916 0.022783084)
(0.093751945 0.43351778 0.016546508)
(0.10318971 0.42088017 0.010345171)
(0.10907635 0.41182529 0.0044542101)
(0.11206589 0.40530555 -0.0010602274)
(0.11266066 0.4005256 -0.0062007518)
(0.11113086 0.39693873 -0.0109879)
(0.10781751 0.39418023 -0.015403131)
(0.10306815 0.39199005 -0.019413883)
(0.097211223 0.39017386 -0.022985104)
(0.090547976 0.38856824 -0.026088416)
(0.083353282 0.38697239 -0.02872462)
(0.07587141 0.3850444 -0.030906225)
(0.068307396 0.38220401 -0.032656241)
(0.060827682 0.37761489 -0.03400255)
(0.053564872 0.3703138 -0.034968137)
(0.04662408 0.35944879 -0.035563635)
(0.040088351 0.34452852 -0.035786279)
(0.034021812 0.32556401 -0.03562398)
(0.028470879 0.30305254 -0.035062765)
(0.023464757 0.27783571 -0.034094539)
(0.019016188 0.25090714 -0.032722673)
(0.015122855 0.22323937 -0.030964419)
(0.011769407 0.19566794 -0.028850375)
(0.0089298993 0.16883758 -0.026421934)
(0.0065703937 0.14319688 -0.023727787)
(0.0046514766 0.11902177 -0.020820301)
(0.0031304873 0.096451341 -0.017752324)
(0.0019634262 0.075524725 -0.01457467)
(0.0011070313 0.056213335 -0.011334332)
(0.00052158507 0.038446322 -0.0080733502)
(0.00017195214 0.02212926 -0.0048282037)
(1.2757397e-05 0.0071570881 -0.0016296685)
(0.031308598 0.63048569 0.0039966593)
(0.011197694 0.58614418 0.0076431877)
(0.052574358 0.54707898 0.0072528561)
(0.075858749 0.51609073 0.0053575842)
(0.0941413 0.49183177 0.0027403195)
(0.10870575 0.47259573 9.9314341e-05)
(0.11894682 0.45709636 -0.0022273163)
(0.12516307 0.44438643 -0.004134864)
(0.1279681 0.43389097 -0.005596919)
(0.12788118 0.42512505 -0.0066915099)
(0.12543491 0.41775279 -0.0074518521)
(0.12108958 0.4115198 -0.0078899007)
(0.11525437 0.40622379 -0.0080576252)
(0.10832783 0.40168488 -0.0080056619)
(0.1006311 0.39777338 -0.0077911468)
(0.092440186 0.39430189 -0.007445756)
(0.08402194 0.39092732 -0.0070049748)
(0.07559485 0.38708077 -0.0065042174)
(0.067322823 0.38188827 -0.0059747152)
(0.0593294 0.37435563 -0.0054420246)
(0.051714023 0.36353291 -0.0049254299)
(0.044552528 0.34880147 -0.0044376813)
(0.03790296 0.3300466 -0.0039853505)
(0.031807986 0.30766887 -0.0035699058)
(0.026295508 0.28245558 -0.0031892499)
(0.021378922 0.2553866 -0.0028393152)
(0.01705774 0.22744997 -0.0025153888)
(0.013318811 0.19951213 -0.002213014)
(0.010138069 0.17225265 -0.0019284728)
(0.007482676 0.14615158 -0.0016589452)
(0.0053133007 0.12150964 -0.001402463)
(0.0035862852 0.098483371 -0.0011577613)
(0.0022556363 0.077122814 -0.00092409808)
(0.0012753511 0.057405252 -0.00070108385)
(0.00060269232 0.039262098 -0.00048854)
(0.00019948811 0.022598845 -0.00028639364)
(1.5059152e-05 0.0073089565 -9.4602091e-05)
(0.030907078 0.62964946 -0.007072843)
(0.0097033041 0.58299838 -0.01503974)
(0.05021701 0.54109522 -0.017510206)
(0.071859359 0.50719265 -0.01880905)
(0.088870482 0.48040142 -0.01842538)
(0.10238239 0.45925669 -0.016989819)
(0.11176535 0.44252965 -0.014958343)
(0.11729829 0.42919222 -0.012482958)
(0.11963385 0.41873439 -0.0096628052)
(0.11936251 0.41040574 -0.006519899)
(0.11700065 0.40382189 -0.0031041157)
(0.1129357 0.39863813 0.0004777336)
(0.10746924 0.39455109 0.0041334564)
(0.10093544 0.39131104 0.0077654149)
(0.093684038 0.38869491 0.011262516)
(0.086011127 0.38642797 0.014552409)
(0.078132728 0.38410186 0.017574933)
(0.070233059 0.3810791 0.020285053)
(0.062467945 0.37647469 0.02265091)
(0.05496203 0.36927987 0.024645958)
(0.047813014 0.35859857 0.026243247)
(0.04109748 0.34389773 0.027414946)
(0.034874323 0.32515281 0.028135545)
(0.029185939 0.30283541 0.028387121)
(0.0240586 0.27777293 0.028164181)
(0.019503013 0.25095493 0.027476376)
(0.015515498 0.22335723 0.026348579)
(0.012079794 0.19582254 0.024818805)
(0.0091692869 0.16900403 0.022934842)
(0.006749466 0.14335812 0.02075046)
(0.0047803404 0.11916722 0.018321842)
(0.0032186133 0.096575229 0.015704607)
(0.0020195741 0.0756246 0.012951546)
(0.0011391933 0.056288857 0.010111087)
(0.00053699924 0.038498366 0.0072263622)
(0.00017715432 0.022159302 0.0043347483)
(1.3184206e-05 0.007166812 0.0014678276)
(0.028976627 0.62238994 -0.016215397)
(0.0032113697 0.55891423 -0.033791515)
(0.04034632 0.50296028 -0.038212247)
(0.056153235 0.46013516 -0.038652192)
(0.069467426 0.4289717 -0.035436527)
(0.080293134 0.40680132 -0.03051208)
(0.087758035 0.39125685 -0.024907069)
(0.092176119 0.38056819 -0.018915862)
(0.094131182 0.37349256 -0.012600973)
(0.09409097 0.36910714 -0.0059999585)
(0.092354563 0.36671357 0.00082006214)
(0.089256096 0.36582678 0.0077181916)
(0.085079432 0.36597581 0.014572408)
(0.080048592 0.36676238 0.021242332)
(0.074380491 0.36781816 0.027586617)
(0.068284115 0.36872977 0.033471743)
(0.061949149 0.36894872 0.038800481)
(0.055539231 0.36772423 0.043494718)
(0.049200468 0.36414355 0.047500602)
(0.043055216 0.35729221 0.05077676)
(0.037204517 0.34648138 0.053274749)
(0.031729406 0.33144577 0.054946196)
(0.026690555 0.31241506 0.055752022)
(0.02212821 0.29004374 0.055672498)
(0.018062857 0.26524798 0.054714629)
(0.014497116 0.23902224 0.052914758)
(0.011418617 0.21229093 0.050336288)
(0.0088033264 0.1858193 0.047063958)
(0.0066188868 0.16018018 0.043196576)
(0.0048276776 0.13576062 0.038839723)
(0.0033894026 0.11279012 0.034099446)
(0.002263115 0.09137649 0.029077373)
(0.0014087367 0.071540305 0.02386732)
(0.00078849132 0.053244088 0.018553239)
(0.00036872165 0.036414761 0.013208212)
(0.00012040949 0.020959909 0.0078942117)
(8.6327826e-06 0.0067789073 0.0026624949)
(0.027162646 0.61347849 -0.022675983)
(-0.0019192853 0.53167954 -0.047263998)
(0.031558808 0.46194329 -0.053603861)
(0.041349105 0.41182294 -0.053059647)
(0.050951968 0.37812284 -0.047534143)
(0.058759094 0.35639946 -0.040022381)
(0.06387218 0.34297775 -0.031833794)
(0.066707884 0.33528352 -0.023328474)
(0.067791603 0.3316187 -0.014572285)
(0.067485769 0.33085629 -0.0055728261)
(0.066033706 0.33221603 0.0036367806)
(0.063649707 0.33509603 0.012974452)
(0.0604985 0.33893762 0.022270712)
(0.056720525 0.34322136 0.03132425)
(0.052459431 0.34741407 0.039934202)
(0.04786305 0.35090509 0.047919218)
(0.043075743 0.35295223 0.055129801)
(0.038232565 0.35268698 0.061445074)
(0.03345644 0.34921934 0.06676222)
(0.028856338 0.34182224 0.070989031)
(0.024525848 0.33012333 0.074047223)
(0.020537304 0.31420897 0.075878899)
(0.016939207 0.29459969 0.076452267)
(0.013756536 0.2721242 0.075776064)
(0.010992763 0.24774831 0.073901937)
(0.0086345205 0.22241905 0.070920097)
(0.0066560522 0.19695781 0.06695192)
(0.0050236322 0.17200877 0.06213911)
(0.0036994087 0.14803145 0.056632698)
(0.0026444369 0.12532052 0.050583581)
(0.0018208502 0.10403783 0.044135338)
(0.0011932473 0.084246358 0.037419397)
(0.00072947559 0.065940373 0.030552273)
(0.00040114164 0.049069729 0.023634452)
(0.00018417947 0.033558006 0.016750429)
(5.8750111e-05 0.019315333 0.0099694819)
(3.8576455e-06 0.0062470032 0.0033469755)
(0.026170568 0.60587885 -0.027591497)
(-0.0040771848 0.51010834 -0.057443083)
(0.026481579 0.43119155 -0.065124449)
(0.031687811 0.3774196 -0.063479182)
(0.038405548 0.34365655 -0.055954793)
(0.043561732 0.32365187 -0.046323954)
(0.046460971 0.31256207 -0.03608245)
(0.047631377 0.3072328 -0.025661452)
(0.047558302 0.30577973 -0.015118885)
(0.046553622 0.30709048 -0.0044126995)
(0.04482502 0.31045185 0.0064787188)
(0.042520109 0.31528783 0.017495642)
(0.039752082 0.32103031 0.02847562)
(0.036619336 0.3270568 0.039194845)
(0.033219699 0.33265431 0.049407013)
(0.029655149 0.33700078 0.058873609)
(0.026030771 0.3391857 0.067380853)
(0.022451403 0.33829852 0.07474362)
(0.019014842 0.33358109 0.080800417)
(0.015807226 0.32459633 0.085420942)
(0.012894399 0.31133483 0.088510631)
(0.010319149 0.29421323 0.090018637)
(0.0081082647 0.27397418 0.089958191)
(0.0062401661 0.25153191 0.088405292)
(0.0047117691 0.22781908 0.085473162)
(0.0034852651 0.20367279 0.081318708)
(0.002521891 0.17977177 0.076124959)
(0.0017812409 0.15661841 0.070084793)
(0.0012239872 0.1345509 0.063388456)
(0.00081410636 0.1137707 0.056214513)
(0.00052006369 0.094374391 0.048724077)
(0.00031517979 0.076383452 0.041057825)
(0.00017749895 0.059768996 0.033335168)
(8.9399854e-05 0.044470775 0.025654902)
(3.7127951e-05 0.030410963 0.018096759)
(1.022898e-05 0.017503641 0.010723408)
(2.6676151e-07 0.0056610461 0.0035826645)
(0.025652728 0.59951875 -0.031913613)
(-0.0051375471 0.49262228 -0.065821389)
(0.023200478 0.40755097 -0.073862209)
(0.02492386 0.35271446 -0.070938025)
(0.029556223 0.32088786 -0.061502801)
(0.032678304 0.3038552 -0.049975611)
(0.033885607 0.29561439 -0.037981336)
(0.033749806 0.29256694 -0.025992104)
(0.032699008 0.29279847 -0.014052185)
(0.031002644 0.29533473 -0.0020761003)
(0.028846601 0.29961294 0.010006909)
(0.026365159 0.30515151 0.022165088)
(0.023660494 0.3113888 0.034250043)
(0.020818126 0.31761258 0.046023979)
(0.017918414 0.32296101 0.057202438)
(0.015042384 0.32647323 0.067492324)
(0.012271562 0.32719131 0.076615485)
(0.0096856801 0.32430899 0.084328051)
(0.0073537033 0.31732486 0.090431045)
(0.0053188404 0.30614427 0.094781966)
(0.0036103264 0.29108975 0.097315497)
(0.0022886205 0.27281703 0.098056598)
(0.0012278816 0.25217523 0.097068508)
(0.000470435 0.23005938 0.09447297)
(-2.7423177e-05 0.20729522 0.090470287)
(-0.00033850879 0.18456968 0.085281129)
(-0.00049920812 0.16240517 0.079135198)
(-0.00055076058 0.14116539 0.072256118)
(-0.00052909793 0.12107822 0.064850869)
(-0.00046311127 0.10226485 0.057103412)
(-0.00037498916 0.084768255 0.049171789)
(-0.00028104321 0.068577497 0.041187847)
(-0.0001926269 0.053646912 0.033258671)
(-0.00011714157 0.039910258 0.025469)
(-5.9130346e-05 0.02729068 0.017884075)
(-2.1066271e-05 0.015707416 0.010552529)
(-1.9421742e-06 0.0050800965 0.003509156)
(0.025265872 0.59374417 -0.035895074)
(-0.0059932127 0.47698645 -0.07278763)
(0.02043533 0.38746746 -0.080353289)
(0.019312707 0.33327819 -0.076073326)
(0.022470078 0.30470996 -0.064841843)
(0.024048923 0.29144602 -0.051650834)
(0.024045186 0.28640383 -0.038147584)
(0.023006589 0.28567046 -0.024830055)
(0.021280682 0.28739941 -0.011733061)
(0.019096577 0.29079871 0.0012604694)
(0.016619874 0.29545204 0.014243457)
(0.013984241 0.30095831 0.027196791)
(0.011298548 0.3067437 0.039970509)
(0.0086542491 0.31202464 0.05230817)
(0.0061331245 0.31586414 0.063891651)
(0.0038103064 0.31729203 0.07438449)
(0.0017519428 0.31546267 0.083469544)
(1.0121042e-05 0.30981134 0.090878953)
(-0.0013758929 0.3001598 0.096417799)
(-0.0023877208 0.28673628 0.099980079)
(-0.0030542953 0.2701058 0.10154762)
(-0.0034597119 0.25104262 0.10116244)
(-0.0035397974 0.23039002 0.099024924)
(-0.0034193689 0.20894496 0.095359444)
(-0.0031631162 0.18738475 0.090405586)
(-0.002810633 0.16623613 0.084421282)
(-0.0024077572 0.14587538 0.077655055)
(-0.001991632 0.12654675 0.070334919)
(-0.0015894979 0.10838868 0.062661275)
(-0.0012201039 0.091460413 0.054803987)
(-0.00089526108 0.07576556 0.046902579)
(-0.00062124854 0.061270878 0.039068416)
(-0.00040011743 0.047920486 0.031387912)
(-0.00023096619 0.035646009 0.023926131)
(-0.00011126641 0.024373541 0.016730334)
(-3.7656515e-05 0.014028204 0.0098332394)
(-3.032792e-06 0.004536997 0.0032558952)
(0.024810519 0.58820385 -0.039548602)
(-0.0068285779 0.46234888 -0.078393318)
(0.017827998 0.36960055 -0.08492497)
(0.014247806 0.31724138 -0.079360728)
(0.016395599 0.2926651 -0.066466957)
(0.016737711 0.28344079 -0.051855402)
(0.01584854 0.28157075 -0.037083136)
(0.014188379 0.28298689 -0.022643757)
(0.012022848 0.28598384 -0.0085663366)
(0.0095404087 0.28994673 0.0052692663)
(0.0068943774 0.2945735 0.018948403)
(0.0042195398 0.29949346 0.032438534)
(0.0016327592 0.30410892 0.045568624)
(-0.00076284124 0.30760879 0.058055236)
(-0.0028805357 0.30908159 0.069548861)
(-0.0046515861 0.30768654 0.079688389)
(-0.0060263211 0.30281953 0.088149014)
(-0.0069803266 0.29422998 0.094680449)
(-0.0075200617 0.28205476 0.099133118)
(-0.0076987307 0.2667648 0.1014626)
(-0.0074920387 0.24905134 0.10176049)
(-0.0070720323 0.22969461 0.10022091)
(-0.0064654622 0.2094509 0.097031688)
(-0.0057390512 0.18897775 0.092470649)
(-0.0049598015 0.16879692 0.086821564)
(-0.0041760561 0.14928917 0.080353894)
(-0.0034249891 0.13070855 0.07331243)
(-0.0027328254 0.11320554 0.065910068)
(-0.0021160019 0.096851842 0.058325108)
(-0.001582977 0.081662742 0.050702011)
(-0.0011361197 0.067615435 0.043154307)
(-0.00077339173 0.054663035 0.03576854)
(-0.00048975697 0.042744755 0.028608515)
(-0.00027844009 0.031792988 0.021719403)
(-0.00013219864 0.021738045 0.015131427)
(-4.3982426e-05 0.012511165 0.0088630377)
(-3.3625908e-06 0.0040463502 0.0029235665)
(0.024248447 0.58275118 -0.042822563)
(-0.0077425564 0.44839298 -0.082637522)
(0.015209934 0.35333691 -0.087881188)
(0.0094848659 0.30360776 -0.081169628)
(0.011018131 0.28334434 -0.066718234)
(0.010287044 0.27808888 -0.050927733)
(0.0087353791 0.2791261 -0.035106826)
(0.0066395604 0.28237347 -0.019736343)
(0.0041958242 0.28631277 -0.0048482746)
(0.0015654292 0.29048732 0.0096580261)
(-0.0011064198 0.29466956 0.023835838)
(-0.0036831265 0.29849338 0.037612982)
(-0.0060407327 0.3013557 0.050780078)
(-0.0080722446 0.30248934 0.063023462)
(-0.0096943246 0.30112047 0.073978655)
(-0.010853498 0.29664447 0.083292578)
(-0.01153045 0.28875955 0.090677066)
(-0.011741711 0.27752063 0.095947926)
(-0.011531764 0.2633067 0.099044238)
(-0.010953652 0.24672464 0.1000302)
(-0.010168717 0.22848884 0.099079181)
(-0.0091510809 0.20931044 0.096412585)
(-0.0080530134 0.18982027 0.092324706)
(-0.0069263151 0.17052823 0.087107352)
(-0.0058259002 0.15181377 0.081043677)
(-0.0047924084 0.13393603 0.074390271)
(-0.0038524369 0.1170538 0.067368821)
(-0.0030209709 0.1012483 0.06016343)
(-0.0023040245 0.086544268 0.052921744)
(-0.0017010032 0.07292763 0.045758368)
(-0.0012067265 0.060359244 0.038759383)
(-0.00081306107 0.048784995 0.031987114)
(-0.00051018547 0.038142927 0.025484662)
(-0.00028765965 0.028368084 0.019279929)
(-0.00013550211 0.019395647 0.013389043)
(-4.4671732e-05 0.011162887 0.0078191694)
(-3.3308806e-06 0.003610287 0.0025707722)
(0.02364056 0.57734212 -0.045631886)
(-0.0086575113 0.43501998 -0.085473278)
(0.012582012 0.338346 -0.089497141)
(0.0049672874 0.29171162 -0.081688957)
(0.0062121621 0.27576137 -0.065843453)
(0.0044367345 0.27418428 -0.049107915)
(0.0023926543 0.27773243 -0.032438869)
(-3.3993445e-06 0.28241045 -0.016322014)
(-0.0026017354 0.28690474 -0.00080095901)
(-0.0052544615 0.29089231 0.014184291)
(-0.0078197083 0.29419633 0.028632331)
(-0.010161115 0.29646661 0.042417695)
(-0.012155812 0.29714817 0.055289965)
(-0.013705079 0.29560156 0.066916686)
(-0.014744353 0.29127375 0.076946056)
(-0.015249886 0.28384618 0.085071547)
(-0.015240067 0.27331216 0.091083091)
(-0.014770503 0.25996903 0.094896276)
(-0.013922667 0.24434259 0.096556795)
(-0.012794338 0.22707922 0.096222641)
(-0.011487336 0.20884141 0.094130621)
(-0.010089171 0.19022985 0.090568478)
(-0.008681302 0.17173976 0.085843338)
(-0.0073226413 0.15374643 0.080247282)
(-0.0060559382 0.13651137 0.074044936)
(-0.004908585 0.12019939 0.067464393)
(-0.0038950412 0.10489926 0.06069412)
(-0.0030197849 0.090643581 0.053884176)
(-0.0022801011 0.077425747 0.047149966)
(-0.0016684437 0.065213337 0.040577177)
(-0.0011743106 0.053958107 0.034226951)
(-0.00078564466 0.043603135 0.028140751)
(-0.0004898415 0.034087717 0.022344661)
(-0.00027456627 0.025350613 0.01685299)
(-0.00012859169 0.017332091 0.011671224)
(-4.2100927e-05 0.0099751429 0.0067983656)
(-3.0696891e-06 0.0032261449 0.0022287575)
(0.023103238 0.57198857 -0.04790034)
(-0.009525368 0.42220827 -0.086967952)
(0.010143857 0.32438106 -0.090185231)
(0.00066876554 0.28114015 -0.08078874)
(0.0018540684 0.26914229 -0.064121408)
(-0.00094876442 0.27081489 -0.046563432)
(-0.0033366795 0.27640911 -0.029241808)
(-0.0059256814 0.28207951 -0.012570536)
(-0.0085676704 0.28671676 0.0033826313)
(-0.011122631 0.29011298 0.018619324)
(-0.013452278 0.29214569 0.033073477)
(-0.015426891 0.29251884 0.04656433)
(-0.016937136 0.29079132 0.058812236)
(-0.017907504 0.28652043 0.069491816)
(-0.01830654 0.27941557 0.078298533)
(-0.018150103 0.26943796 0.085008496)
(-0.017496772 0.25682027 0.089517291)
(-0.016436785 0.2420154 0.091851984)
(-0.0150775 0.22560504 0.092158423)
(-0.013529322 0.20820316 0.090671512)
(-0.011893826 0.19037932 0.087679115)
(-0.010256787 0.1726121 0.083489033)
(-0.0086840556 0.15527091 0.078400728)
(-0.0072217758 0.13861825 0.072685481)
(-0.0058986486 0.12282368 0.066576672)
(-0.0047291044 0.10798243 0.060266522)
(-0.0037166782 0.094134004 0.053907357)
(-0.0028571444 0.081278435 0.04761559)
(-0.0021411658 0.069389316 0.041476952)
(-0.0015563821 0.058423677 0.035551967)
(-0.0010889626 0.048329123 0.029881097)
(-0.00072468942 0.039048797 0.024489247)
(-0.00044968011 0.030524695 0.019389537)
(-0.00025095355 0.022699807 0.01458635)
(-0.00011703872 0.015519416 0.010077742)
(-3.8130259e-05 0.008931825 0.0058573033)
(-2.7420136e-06 0.0028887143 0.0019155694)
(0.02269855 0.56663502 -0.049584556)
(-0.010605424 0.40985834 -0.087276447)
(0.0078980519 0.31114441 -0.090148639)
(-0.003443294 0.27120297 -0.07843914)
(-0.0023456423 0.26281323 -0.061644987)
(-0.0057931148 0.26725383 -0.043457508)
(-0.0085184059 0.27441575 -0.025667538)
(-0.011196392 0.28063991 -0.0086442925)
(-0.013769782 0.28501924 0.0075124738)
(-0.016107423 0.28746364 0.022740575)
(-0.018079364 0.28792779 0.036910147)
(-0.019573501 0.28622026 0.049798637)
(-0.020508102 0.28207057 0.061122292)
(-0.020844637 0.27526953 0.070595526)
(-0.020594281 0.26578537 0.077993546)
(-0.019815121 0.25381134 0.083198971)
(-0.018601229 0.23974177 0.086222103)
(-0.017067128 0.22410082 0.087194376)
(-0.015331762 0.20745692 0.086341997)
(-0.013505342 0.19034934 0.083950109)
(-0.011680714 0.1732401 0.0803271)
(-0.0099294144 0.15649237 0.075775264)
(-0.0083013918 0.14036908 0.070570377)
(-0.0068273781 0.12504404 0.064950275)
(-0.0055224241 0.11061847 0.059110814)
(-0.0043897024 0.097138303 0.053206915)
(-0.0034240085 0.084609752 0.047356583)
(-0.002614694 0.073012003 0.04164631)
(-0.0019479606 0.062306971 0.036136777)
(-0.001408553 0.05244644 0.030868201)
(-0.00098093793 0.043377083 0.025865023)
(-0.00065006812 0.035043866 0.021139816)
(-0.00040184546 0.027392267 0.016696429)
(-0.0002234719 0.02036966 0.012532461)
(-0.00010386494 0.01392611 0.0086411528)
(-3.3699321e-05 0.008014788 0.0050128243)
(-2.3919811e-06 0.0025921262 0.001635934)
(0.022479178 0.56123237 -0.050617354)
(-0.012224595 0.3976883 -0.086534029)
(0.005628155 0.29818801 -0.089017625)
(-0.007068524 0.26121578 -0.07529633)
(-0.0066234332 0.25628051 -0.058400981)
(-0.010166655 0.26298649 -0.039911231)
(-0.013106059 0.27122344 -0.021858824)
(-0.01579184 0.2775766 -0.0047079225)
(-0.018191981 0.28134362 0.011397524)
(-0.020200572 0.28256205 0.026335758)
(-0.021711076 0.28129607 0.039926863)
(-0.022642521 0.27750287 0.051931484)
(-0.022953537 0.27111469 0.062093434)
(-0.022651418 0.26215575 0.070197832)
(-0.021792216 0.25081411 0.076121605)
(-0.020471313 0.23744691 0.079861144)
(-0.018807817 0.2225328 0.081532762)
(-0.016927445 0.20660084 0.081350901)
(-0.014947889 0.19016299 0.079594076)
(-0.012968939 0.17366618 0.076568776)
(-0.011067746 0.15746809 0.072578718)
(-0.0092983218 0.14183257 0.067902971)
(-0.0076938855 0.12693794 0.062783332)
(-0.0062706329 0.11289151 0.057419428)
(-0.0050318752 0.0997457 0.051969306)
(-0.0039718736 0.087512852 0.046553309)
(-0.0030790516 0.076177635 0.041259532)
(-0.0023384978 0.065706699 0.036149658)
(-0.0017338007 0.056055838 0.031264466)
(-0.0012483208 0.047175076 0.026628675)
(-0.00086601719 0.039012175 0.022254963)
(-0.00057193137 0.031514936 0.018147218)
(-0.00035243898 0.024632669 0.014303066)
(-0.0001954312 0.018317061 0.010715814)
(-9.0578009e-05 0.012522652 0.0073758988)
(-2.9291e-05 0.0072070318 0.0042719685)
(-2.0587341e-06 0.002330882 0.0013916605)
(0.022526358 0.55592478 -0.050916285)
(-0.014161674 0.38586294 -0.084823357)
(0.0032530601 0.28568906 -0.086656369)
(-0.010093863 0.25133093 -0.07190016)
(-0.010607193 0.24923396 -0.054587481)
(-0.014089613 0.25763082 -0.036010793)
(-0.017086111 0.26646166 -0.01794989)
(-0.019669684 0.27256937 -0.00092637997)
(-0.021792016 0.27545256 0.01485631)
(-0.023375465 0.27528966 0.029222795)
(-0.024349966 0.27228335 0.041966578)
(-0.024677743 0.26656529 0.052862131)
(-0.024365837 0.25827295 0.061710798)
(-0.023469109 0.2476334 0.068389744)
(-0.022083337 0.23499629 0.072884514)
(-0.020330677 0.22081282 0.075296331)
(-0.018342239 0.20558289 0.075825895)
(-0.016242364 0.18979678 0.074742357)
(-0.01413753 0.17388952 0.072347854)
(-0.012110682 0.15821529 0.068945902)
(-0.010220266 0.14304026 0.064818076)
(-0.0085024643 0.12854826 0.060210024)
(-0.0069751251 0.11485349 0.05532554)
(-0.0056421754 0.10201539 0.050326517)
(-0.0044977598 0.090052786 0.045336532)
(-0.003529724 0.078956057 0.040446228)
(-0.0027223304 0.068696694 0.035719206)
(-0.002058244 0.059234525 0.031197661)
(-0.0015199038 0.0505229 0.026907341)
(-0.0010904092 0.042512308 0.022861694)
(-0.00075404582 0.035152789 0.019065204)
(-0.00049654609 0.028395499 0.015515998)
(-0.00030518025 0.022193649 0.012207834)
(-0.00016881325 0.016503053 0.0091315847)
(-7.8054557e-05 0.011282374 0.0062763381)
(-2.5168904e-05 0.0064932025 0.0036301873)
(-1.7531946e-06 0.0021000159 0.0011807944)
(0.022548488 0.55077664 -0.050523555)
(-0.015931041 0.37443025 -0.082271881)
(0.00087953441 0.27350622 -0.083222514)
(-0.012610445 0.24120918 -0.068093744)
(-0.014064355 0.24133476 -0.050422272)
(-0.017497323 0.25089661 -0.031925717)
(-0.020426466 0.25990691 -0.014095078)
(-0.022791435 0.2654789 0.0025410675)
(-0.024539394 0.26731484 0.017731008)
(-0.025627724 0.26574581 0.031268293)
(-0.026029478 0.26113012 0.042947702)
(-0.02575739 0.25377695 0.052586492)
(-0.024868454 0.24400581 0.060064992)
(-0.023459867 0.23219807 0.065360145)
(-0.021656585 0.21880305 0.068558259)
(-0.01959451 0.20430699 0.069844695)
(-0.017404233 0.1891875 0.06947682)
(-0.015198903 0.17387311 0.067750106)
(-0.013067587 0.15871801 0.064966195)
(-0.011073686 0.14399308 0.061408328)
(-0.0092569368 0.12988957 0.05732589)
(-0.00763741 0.11652998 0.05292727)
(-0.0062201502 0.10398183 0.048378985)
(-0.004999601 0.092271273 0.043808787)
(-0.003963362 0.081394972 0.039310857)
(-0.0030951264 0.071329654 0.034951673)
(-0.0023768334 0.062039426 0.030775716)
(-0.0017901501 0.05348111 0.026810537)
(-0.0013174286 0.04560799 0.023071018)
(-0.0009422719 0.038372362 0.019562803)
(-0.00064982218 0.031727203 0.016284987)
(-0.00042685487 0.025627213 0.013232163)
(-0.0002617551 0.020029424 0.010395955)
(-0.00014448866 0.014893514 0.0077661416)
(-6.6670475e-05 0.010181925 0.0053314689)
(-2.1445381e-05 0.0058598563 0.0030802274)
(-1.482612e-06 0.0018951797 0.0010006519)
(0.022411204 0.54569005 -0.04955758)
(-0.017354287 0.36292606 -0.079057969)
(-0.0013953585 0.26118725 -0.078933409)
(-0.014809582 0.23053037 -0.063768255)
(-0.016989764 0.2323459 -0.046023481)
(-0.020358839 0.24261323 -0.027816941)
(-0.023110344 0.25147423 -0.010452307)
(-0.025155227 0.25632221 0.0055466483)
(-0.026455046 0.25706296 0.019900614)
(-0.027007638 0.25418471 0.032399653)
(-0.026837568 0.24820198 0.042868148)
(-0.026008694 0.2395836 0.051187986)
(-0.024622413 0.22879148 0.057327814)
(-0.022807668 0.2163076 0.06135862)
(-0.020705529 0.20262666 0.063448714)
(-0.018453037 0.18822721 0.063841193)
(-0.016170363 0.17353963 0.062822372)
(-0.013953265 0.15892348 0.060690112)
(-0.011870793 0.14465818 0.057728217)
(-0.0099669679 0.13094518 0.054189495)
(-0.0082647484 0.11791745 0.050287226)
(-0.0067708624 0.10565232 0.046193239)
(-0.0054805054 0.094184567 0.042040375)
(-0.0043813754 0.083518092 0.037927334)
(-0.0034568515 0.073635573 0.033924432)
(-0.0026883301 0.064505904 0.030079323)
(-0.0020568377 0.056089711 0.026422143)
(-0.0015440711 0.048343291 0.022969878)
(-0.0011330135 0.041221323 0.019729899)
(-0.00080825019 0.034678674 0.016702737)
(-0.0005560807 0.028671556 0.013884204)
(-0.00036449547 0.023158219 0.011266983)
(-0.00022307652 0.018099333 0.008841794)
(-0.00012291276 0.013458159 0.0065982316)
(-5.661277e-05 0.009200584 0.0045253662)
(-1.8170685e-05 0.005295063 0.0026121582)
(-1.2476764e-06 0.0017125146 0.00084773961)
(0.022288117 0.54057459 -0.048096093)
(-0.018600534 0.35124477 -0.07513247)
(-0.0034800601 0.24847877 -0.073996227)
(-0.016782787 0.21909166 -0.05900271)
(-0.019449468 0.22211456 -0.041512515)
(-0.022697874 0.23270112 -0.023834185)
(-0.02517327 0.24117988 -0.0071675628)
(-0.026813717 0.24522253 0.0079676258)
(-0.027615945 0.24492884 0.021288622)
(-0.02762517 0.2409373 0.03260545)
(-0.026917697 0.23390267 0.041794402)
(-0.025603311 0.22442128 0.048813547)
(-0.02381755 0.21305186 0.053717078)
(-0.021708141 0.20032808 0.056654112)
(-0.019419552 0.18674898 0.057850652)
(-0.017079845 0.17275912 0.057580958)
(-0.014792377 0.15873147 0.056136709)
(-0.012632809 0.14495946 0.053800689)
(-0.010650352 0.13165876 0.050828387)
(-0.0088716609 0.11897592 0.047437932)
(-0.0073058065 0.10700044 0.043806924)
(-0.0059492423 0.095777573 0.040074037)
(-0.0047901337 0.085319901 0.036343371)
(-0.0038118007 0.075617119 0.032689985)
(-0.0029952659 0.066643686 0.029165561)
(-0.0023210205 0.058364596 0.02580359)
(-0.0017701684 0.050739546 0.022623834)
(-0.0013251067 0.04372586 0.019635955)
(-0.00096987705 0.037280464 0.016842391)
(-0.00069029692 0.031361182 0.014240562)
(-0.00047394828 0.025927538 0.011824523)
(-0.00031007619 0.020941221 0.0095861828)
(-0.00018944343 0.016366318 0.0075161885)
(-0.0001042128 0.012169393 0.0056045484)
(-4.7923328e-05 0.0083194715 0.0038410702)
(-1.5352195e-05 0.0047879551 0.0022156591)
(-1.0478304e-06 0.0015485058 0.00071851436)
(0.02216875 0.53535511 -0.046228675)
(-0.019571758 0.33926109 -0.070450994)
(-0.0054382835 0.2352222 -0.068496119)
(-0.018597336 0.20672916 -0.053901506)
(-0.021560729 0.21052765 -0.037003538)
(-0.024604938 0.22112473 -0.020108431)
(-0.026714481 0.22908426 -0.0043606126)
(-0.027885937 0.23234084 0.0097212787)
(-0.02816558 0.23116578 0.021867293)
(-0.027649158 0.22632706 0.03192689)
(-0.026459967 0.2185914 0.039840461)
(-0.024743911 0.2086441 0.045642286)
(-0.022657936 0.19709764 0.049459525)
(-0.020355746 0.1844989 0.051497848)
(-0.017974766 0.17132446 0.052016027)
(-0.015627305 0.1579723 0.051296513)
(-0.013396895 0.14475776 0.049618791)
(-0.011339095 0.13191637 0.047239652)
(-0.0094852328 0.11961244 0.044381498)
(-0.0078474977 0.10795094 0.041227736)
(-0.006424179 0.096990105 0.037923318)
(-0.0052043106 0.086753148 0.034578415)
(-0.004171412 0.077238264 0.031273594)
(-0.0033062827 0.068426592 0.028065328)
(-0.0025889532 0.060288309 0.024991188)
(-0.0019999585 0.052787102 0.02207435)
(-0.0015211015 0.045883353 0.019327323)
(-0.0011358546 0.039536335 0.016754922)
(-0.00082951693 0.033705675 0.014356562)
(-0.00058921549 0.028352297 0.012127985)
(-0.00040381123 0.02343899 0.010062551)
(-0.00026375009 0.018930714 0.0081521626)
(-0.0001608927 0.014794744 0.0063879316)
(-8.8379416e-05 0.011000689 0.0047606442)
(-4.0584165e-05 0.0075204421 0.0032610806)
(-1.297859e-05 0.0043280865 0.0018802289)
(-8.8096356e-07 0.0013997746 0.00060942227)
(0.022083687 0.52986193 -0.044008752)
(-0.020486793 0.32675392 -0.065054627)
(-0.0074708184 0.22124027 -0.062502402)
(-0.02037069 0.19329249 -0.048588038)
(-0.023477285 0.19747511 -0.032614268)
(-0.026227833 0.20783853 -0.016758203)
(-0.027893909 0.21522396 -0.0021284604)
(-0.028550314 0.2177974 0.01075497)
(-0.028301281 0.21596375 0.021643933)
(-0.02729178 0.21058648 0.030436791)
(-0.025683661 0.20250813 0.037139386)
(-0.023646877 0.19246455 0.041852694)
(-0.02134705 0.1810865 0.044758328)
(-0.018933076 0.16890765 0.046095693)
(-0.016528032 0.15636778 0.046134307)
(-0.014224956 0.14381549 0.045147299)
(-0.01208718 0.13151411 0.043390575)
(-0.010151893 0.11965157 0.041089517)
(-0.0084353346 0.10835267 0.038432776)
(-0.0069383003 0.097692016 0.035571557)
(-0.0056511412 0.087706046 0.032622424)
(-0.0045578439 0.078403437 0.029671955)
(-0.0036391157 0.069773514 0.026782014)
(-0.0028745617 0.061792755 0.023994845)
(-0.0022441196 0.054429657 0.021337605)
(-0.0017289327 0.047648255 0.018826162)
(-0.0013118191 0.041410588 0.016468151)
(-0.00097746751 0.035678387 0.014265356)
(-0.00071245709 0.030414189 0.012215528)
(-0.00050517134 0.025582025 0.010313734)
(-0.00034565295 0.021147837 0.0085533464)
(-0.00022542816 0.017079683 0.0069267554)
(-0.00013732579 0.013347815 0.0054258669)
(-7.5335694e-05 0.0099246611 0.0040424511)
(-3.4549585e-05 0.0067847641 0.0027683763)
(-1.1031295e-05 0.0039046744 0.0015957635)
(-7.4499957e-07 0.0012628333 0.00051708253)
(0.022057588 0.52392968 -0.041284098)
(-0.021521076 0.31359115 -0.059006515)
(-0.0096293592 0.2064602 -0.056077622)
(-0.022186663 0.17866172 -0.043170745)
(-0.025337568 0.18282411 -0.028444397)
(-0.027734101 0.1927389 -0.013876122)
(-0.02890602 0.19954671 -0.00053921186)
(-0.02902299 0.20159474 0.011043938)
(-0.028253518 0.19936786 0.020647904)
(-0.026788646 0.19377905 0.028218158)
(-0.024819337 0.18570619 0.033817109)
(-0.022527972 0.17590071 0.037596075)
(-0.020078164 0.16498514 0.039770308)
(-0.017606261 0.15346427 0.040592032)
(-0.015216886 0.14173609 0.040324183)
(-0.012982906 0.1301031 0.039218753)
(-0.010948819 0.11878499 0.037501964)
(-0.009136029 0.10793242 0.035366413)
(-0.0075486461 0.097640901 0.032968911)
(-0.0061788659 0.087963548 0.030432246)
(-0.0050114425 0.078922144 0.027849149)
(-0.004027118 0.070516167 0.025287175)
(-0.0032050741 0.062729875 0.022793638)
(-0.0025245711 0.055537669 0.020400095)
(-0.0019659618 0.048908037 0.018126174)
(-0.0015112529 0.042806374 0.015982703)
(-0.0011443568 0.037196946 0.013974171)
(-0.00085114112 0.032044211 0.012100623)
(-0.00061935632 0.027313686 0.010359083)
(-0.00043849407 0.022972472 0.0087446014)
(-0.00029961266 0.018989557 0.0072510223)
(-0.00019514915 0.01533595 0.0058715191)
(-0.00011873668 0.011984719 0.0045989757)
(-6.5062751e-05 0.008910951 0.0034262459)
(-2.9803684e-05 0.0060916788 0.0023463263)
(-9.5022958e-06 0.0035057706 0.0013524682)
(-6.3867357e-07 0.0011338176 0.00043824582)
(0.022055409 0.51777535 -0.037956881)
(-0.02250073 0.3000288 -0.052287485)
(-0.011796943 0.19090896 -0.04924357)
(-0.024061283 0.16274413 -0.037683224)
(-0.027234989 0.16641781 -0.024532837)
(-0.029272494 0.17564683 -0.011503015)
(-0.029942725 0.18187504 0.00038072566)
(-0.029524612 0.18356627 0.010592518)
(-0.028257062 0.18121918 0.018921938)
(-0.026374932 0.17574062 0.025348872)
(-0.024090665 0.16800045 0.029974751)
(-0.021590274 0.1587343 0.032980596)
(-0.01902815 0.14853721 0.03459468)
(-0.016523817 0.13787688 0.03506458)
(-0.014162167 0.12711009 0.03463426)
(-0.011996917 0.11649935 0.033527683)
(-0.010056082 0.10622938 0.031939215)
(-0.0083481198 0.09642265 0.030029902)
(-0.0068677511 0.087153521 0.027927978)
(-0.0056008917 0.078460287 0.025731978)
(-0.0045284887 0.070355139 0.023515088)
(-0.0036293065 0.06283202 0.021329786)
(-0.0028818199 0.055872661 0.019212214)
(-0.0022654097 0.049451068 0.017185993)
(-0.0017610475 0.043536792 0.015265379)
(-0.0013516265 0.03809724 0.013457797)
(-0.0010220576 0.033099267 0.011765798)
(-0.00075922048 0.028510249 0.010188553)
(-0.00055183248 0.024298753 0.008722967)
(-0.00039027477 0.020434952 0.0073644842)
(-0.0002664035 0.016890841 0.0061076786)
(-0.00017335901 0.013640322 0.0049466654)
(-0.00010538667 0.010659211 0.0038753873)
(-5.7698801e-05 0.0079251837 0.0028878095)
(-2.6407585e-05 0.0054176921 0.0019780482)
(-8.4102565e-06 0.0031178565 0.0011404517)
(-5.6307386e-07 0.0010083558 0.00036964932)
(0.0219989 0.51130906 -0.034136615)
(-0.023290512 0.28602015 -0.044815994)
(-0.013913119 0.17458595 -0.041958823)
(-0.025946389 0.14548469 -0.032087511)
(-0.029182008 0.14811506 -0.020847813)
(-0.030914966 0.15634862 -0.0096131494)
(-0.031130424 0.16193825 0.0006597684)
(-0.030220725 0.16339748 0.00944142)
(-0.02849871 0.16116721 0.016523148)
(-0.026241996 0.15608796 0.0218984)
(-0.023680246 0.14897648 0.025684173)
(-0.020998579 0.14052298 0.02806855)
(-0.018339219 0.1312791 0.029273734)
(-0.015804146 0.12167029 0.029528808)
(-0.013459742 0.11201402 0.029050558)
(-0.011343014 0.10253856 0.028031629)
(-0.0094684004 0.093400696 0.026634897)
(-0.0078342216 0.08470156 0.024992478)
(-0.0064281989 0.076500155 0.023207751)
(-0.005231809 0.068824545 0.021358978)
(-0.0042234911 0.061680752 0.019503527)
(-0.0033808633 0.05505965 0.017682016)
(-0.0026821539 0.048942168 0.01592204)
(-0.0021070509 0.04330311 0.014241325)
(-0.0016371404 0.038113906 0.012650294)
(-0.0012560722 0.033344536 0.011154083)
(-0.00094955 0.028964842 0.0097540926)
(-0.00070522042 0.024945387 0.0084491546)
(-0.0005125067 0.021257992 0.0072363952)
(-0.00036241984 0.017876046 0.0061118619)
(-0.00024736547 0.014774663 0.0050709723)
(-0.00016095611 0.011930726 0.0041088284)
(-9.7838343e-05 0.009322866 0.0032204328)
(-5.3561018e-05 0.0069314011 0.0024008347)
(-2.4510834e-05 0.0047382453 0.0016452243)
(-7.804491e-06 0.0027268066 0.00094899102)
(-5.2176145e-07 0.00088188072 0.00030775866)
(0.021561412 0.50405623 -0.029889718)
(-0.023819002 0.2712147 -0.036626815)
(-0.015862181 0.15748051 -0.03420869)
(-0.027660867 0.12692022 -0.026331547)
(-0.031021604 0.12788337 -0.017308518)
(-0.032554225 0.13472266 -0.0081157546)
(-0.03242176 0.13952131 0.00038823608)
(-0.031115889 0.14078434 0.0076806755)
(-0.029018736 0.13883133 0.01353679)
(-0.026449321 0.13437943 0.017941109)
(-0.023653005 0.12814864 0.021001584)
(-0.020813825 0.12075439 0.022891291)
(-0.018063173 0.11268846 0.023809558)
(-0.015488124 0.10432728 0.023956221)
(-0.013139965 0.095948414 0.023515581)
(-0.011042596 0.08774851 0.022647826)
(-0.0092001835 0.079860317 0.021485904)
(-0.007603657 0.072367556 0.020136013)
(-0.0062358311 0.065317403 0.018680191)
(-0.0050752162 0.058730574 0.017179868)
(-0.0040986902 0.052609213 0.015679627)
(-0.0032832626 0.046942921 0.014210728)
(-0.0026071527 0.041713228 0.012794172)
(-0.0020503832 0.036896847 0.011443255)
(-0.0015950446 0.03246798 0.010165609)
(-0.0012253483 0.028399906 0.0089647955)
(-0.00092754969 0.024666051 0.0078415246)
(-0.00068980036 0.021240665 0.0067945612)
(-0.00050196472 0.018099244 0.0058213947)
(-0.00035542678 0.01521875 0.004918722)
(-0.00024289965 0.012577716 0.0040827911)
(-0.00015824418 0.010156256 0.0033096392)
(-9.6304104e-05 0.0079360356 0.0025952555)
(-5.2782235e-05 0.0059001957 0.0019356889)
(-2.4182995e-05 0.0040332692 0.0013271161)
(-7.7112136e-06 0.0023210832 0.00076588276)
(-5.178155e-07 0.00075066262 0.00024852631)
(0.020731772 0.49507539 -0.025320034)
(-0.023898222 0.25499319 -0.02786342)
(-0.017358847 0.13953536 -0.026074547)
(-0.028801232 0.10722072 -0.020405188)
(-0.032321191 0.10592804 -0.013820043)
(-0.03377878 0.1109442 -0.0068636969)
(-0.033452391 0.11472946 -0.00026630701)
(-0.031901196 0.11574463 0.0054703007)
(-0.029563213 0.11413996 0.010102493)
(-0.026785453 0.11046669 0.013586982)
(-0.023828025 0.10531132 0.016001434)
(-0.020876874 0.099186784 0.017485251)
(-0.018057189 0.092506732 0.018201201)
(-0.015446362 0.085588159 0.018311727)
(-0.013085687 0.07866382 0.017965111)
(-0.010990414 0.071897333 0.017288803)
(-0.0091580334 0.065397871 0.016387489)
(-0.0075747714 0.059233158 0.015344036)
(-0.0062204189 0.053440316 0.014221947)
(-0.0050717209 0.048034553 0.013068413)
(-0.0041046913 0.043015907 0.011917464)
(-0.0032961011 0.038374318 0.010792783)
(-0.002624313 0.034093363 0.0097101382)
(-0.0020696973 0.030152931 0.0086793683)
(-0.0016147777 0.026531095 0.0077059814)
(-0.0012442089 0.023205383 0.0067923882)
(-0.00094465641 0.020153613 0.0059388423)
(-0.00070462517 0.017354419 0.0051441424)
(-0.00051426837 0.014787551 0.0044061459)
(-0.0003651941 0.012434041 0.0037221404)
(-0.00025028018 0.010276255 0.0030891047)
(-0.00016350046 0.0082978944 0.0025038897)
(-9.9768593e-05 0.0064839501 0.0019633393)
(-5.4823935e-05 0.0048206365 0.0014643696)
(-2.5185389e-05 0.0032953144 0.0010040169)
(-8.0570659e-06 0.0018964071 0.000579465)
(-5.4608766e-07 0.0006133188 0.00018805859)
(0.019761449 0.48162993 -0.020652695)
(-0.023350366 0.23543457 -0.01871761)
(-0.017986173 0.12027092 -0.01781602)
(-0.028694366 0.086621053 -0.014428644)
(-0.032280895 0.082773986 -0.010342337)
(-0.033747291 0.085663865 -0.0057016721)
(-0.033410911 0.088246526 -0.0010876005)
(-0.031824219 0.088934657 0.0030415945)
(-0.029441947 0.087689569 0.0064366721)
(-0.026625701 0.084875157 0.0090194871)
(-0.02364356 0.080920938 0.010827812)
(-0.020684053 0.07621617 0.011954102)
(-0.017871013 0.071079914 0.012514645)
(-0.015277944 0.065758447 0.012628778)
(-0.012941746 0.060432882 0.012406183)
(-0.01087376 0.05523025 0.011941223)
(-0.0090684784 0.050234899 0.011311355)
(-0.0075101087 0.045498737 0.010577821)
(-0.0061772994 0.041049842 0.0097874492)
(-0.00504635 0.036899352 0.0089745055)
(-0.004093252 0.033046774 0.0081641535)
(-0.0032950131 0.029483942 0.0073738765)
(-0.0026304178 0.026197909 0.0066152449)
(-0.0020803417 0.023173012 0.0058954087)
(-0.0016278309 0.020392288 0.0052182842)
(-0.0012580382 0.017838438 0.0045854735)
(-0.00095807817 0.015494441 0.0039969648)
(-0.00071684187 0.013343943 0.0034516588)
(-0.00052480214 0.011371471 0.0029477577)
(-0.00037382273 0.0095625443 0.0024830482)
(-0.00025697822 0.0079037099 0.0020551021)
(-0.0001683871 0.0063825327 0.001661416)
(-0.00010306314 0.0049875585 0.0012995048)
(-5.6809969e-05 0.0037082618 0.00096696251)
(-2.6185466e-05 0.0025349848 0.00066149858)
(-8.4145547e-06 0.0014588743 0.00038095795)
(-5.8100818e-07 0.00047181984 0.00012332977)
(0.017623879 0.45575756 -0.01580896)
(-0.022179202 0.20703379 -0.0096855329)
(-0.017243733 0.098026368 -0.010061147)
(-0.026365975 0.065128424 -0.0087926016)
(-0.02969365 0.059150644 -0.0069901526)
(-0.03114551 0.059962189 -0.0045350528)
(-0.03096236 0.061322838 -0.0018539048)
(-0.029586899 0.061661438 0.00068092956)
(-0.02742867 0.060774818 0.0028407194)
(-0.024833019 0.05884381 0.00452491)
(-0.022062288 0.056135981 0.0057312531)
(-0.019300263 0.052907725 0.0065103942)
(-0.016669687 0.04937604 0.0069267573)
(-0.014243437 0.045710631 0.0070545015)
(-0.012058648 0.042036972 0.0069631317)
(-0.010126881 0.038443441 0.0067130979)
(-0.0084429443 0.034988978 0.0063544117)
(-0.0069917992 0.031710093 0.0059268559)
(-0.005752264 0.028626533 0.0054616346)
(-0.0047015896 0.025746631 0.0049814198)
(-0.0038172201 0.023070777 0.0045023091)
(-0.00307701 0.020593746 0.0040360724)
(-0.0024608179 0.018306994 0.0035905753)
(-0.0019505792 0.01620006 0.003170732)
(-0.0015303663 0.014261545 0.0027792542)
(-0.0011863274 0.012479771 0.0024172494)
(-0.00090653344 0.010843209 0.0020846727)
(-0.0006807762 0.0093407472 0.0017806655)
(-0.00050035248 0.0079618437 0.0015038853)
(-0.00035786488 0.0066966074 0.0012526769)
(-0.00024703897 0.0055358266 0.0010252189)
(-0.00016255668 0.004470966 0.00081963441)
(-9.9909975e-05 0.0034941451 0.00063406629)
(-5.5297089e-05 0.0025981056 0.00046672323)
(-2.5591363e-05 0.0017761729 0.0003159017)
(-8.2615924e-06 0.0010222151 0.00018000264)
(-5.7250835e-07 0.0003306034 5.7545587e-05)
(0.011520716 0.39688402 -0.010024536)
(-0.019883208 0.15843147 -0.0020330774)
(-0.014203505 0.069013219 -0.0039920994)
(-0.020460564 0.04193685 -0.0042755019)
(-0.02296129 0.035562219 -0.0041075855)
(-0.024210243 0.034939524 -0.0033600723)
(-0.024272055 0.03533146 -0.0023111404)
(-0.023372087 0.035407146 -0.0011914726)
(-0.02178695 0.034887592 -0.00016465203)
(-0.019786463 0.033809501 0.0006777422)
(-0.017598374 0.032298409 0.001309467)
(-0.015389148 0.030489468 0.0017446601)
(-0.013266421 0.028500289 0.0020107631)
(-0.011297375 0.026427452 0.0021379623)
(-0.0095210096 0.024342219 0.0021573492)
(-0.0079516505 0.022295382 0.0020972628)
(-0.006587433 0.020321342 0.0019815924)
(-0.0054168014 0.018441891 0.001829556)
(-0.0044228462 0.016669457 0.0016561836)
(-0.0035863074 0.015009751 0.0014733258)
(-0.0028875784 0.01346379 0.0012892305)
(-0.0023078542 0.012029434 0.0011098799)
(-0.0018297997 0.010702518 0.00093949275)
(-0.0014379012 0.0094776637 0.00078091766)
(-0.0011184163 0.008348841 0.00063605842)
(-0.00085964417 0.0073097644 0.00050620671)
(-0.00065152788 0.00635413 0.00039212667)
(-0.00048553125 0.0054758175 0.00029389696)
(-0.00035440386 0.004668978 0.00021111731)
(-0.00025198177 0.003928065 0.00014314085)
(-0.00017311333 0.003247878 8.9092139e-05)
(-0.00011346926 0.0026235693 4.8015165e-05)
(-6.9519075e-05 0.002050638 1.8772659e-05)
(-3.8454648e-05 0.0015249192 6.8420573e-08)
(-1.7830009e-05 0.0010425676 -9.4208842e-06)
(-5.7952764e-06 0.00060003846 -1.095444e-05)
(-4.3804516e-07 0.00019406728 -5.7011884e-06)
(0.00075196553 0.24337386 -0.0027361396)
(-0.012279307 0.070891093 0.00064141433)
(-0.0069999476 0.027383284 -0.0015240133)
(-0.0093001565 0.015088423 -0.0017744535)
(-0.010258885 0.011825179 -0.002173749)
(-0.010857893 0.01117439 -0.0022999545)
(-0.011036431 0.011142391 -0.0022822846)
(-0.010770109 0.011128925 -0.0021864832)
(-0.010133831 0.010974507 -0.0020545128)
(-0.0092469062 0.01066094 -0.0019104561)
(-0.0082311073 0.01021466 -0.0017707316)
(-0.0071699801 0.00967248 -0.0016399761)
(-0.0061330804 0.0090683595 -0.0015172793)
(-0.0051674485 0.0084327445 -0.0014061674)
(-0.0042946517 0.0077882064 -0.0013068993)
(-0.0035244857 0.0071512088 -0.0012178528)
(-0.0028583608 0.006533203 -0.0011372657)
(-0.0022918866 0.0059417008 -0.0010636657)
(-0.0018171881 0.0053812389 -0.00099588125)
(-0.0014246116 0.0048541796 -0.00093299462)
(-0.0011039572 0.0043613415 -0.00087429723)
(-0.00084532066 0.0039024844 -0.00081922572)
(-0.00063944408 0.0034766678 -0.00076733634)
(-0.00047686593 0.0030824946 -0.00071780808)
(-0.00035048134 0.0027181891 -0.00066743647)
(-0.00025418102 0.0023819204 -0.00061543697)
(-0.0001814334 0.002071934 -0.00056320464)
(-0.00012725315 0.0017864665 -0.00051110272)
(-8.7640149e-05 0.0015237959 -0.00045911873)
(-5.9119047e-05 0.0012822668 -0.00040704806)
(-3.9077893e-05 0.0010604095 -0.00035539636)
(-2.5464923e-05 0.0008567768 -0.00030391566)
(-1.6407845e-05 0.00066983446 -0.00025136679)
(-1.0386777e-05 0.00049819748 -0.00019738485)
(-6.2688373e-06 0.00034065272 -0.00014223917)
(-3.3113837e-06 0.00019607394 -8.621925e-05)
(-8.5902611e-07 6.3417658e-05 -2.9616564e-05)
)
;

boundaryField
{
    inner_wall
    {
        type            rotatingWallVelocity;
        origin          (0 0 0);
        axis            (0 0 1);
        omega           table;
        omegaCoeffs
        {
            values          
120
(
(0 26.1799)
(7.975 26.1799)
(8.025 0)
(9.975 0)
(10.025 26.1799)
(17.975 26.1799)
(18.025 0)
(19.975 0)
(20.025 26.1799)
(27.975 26.1799)
(28.025 0)
(29.975 0)
(30.025 26.1799)
(37.975 26.1799)
(38.025 0)
(39.975 0)
(40.025 26.1799)
(47.975 26.1799)
(48.025 0)
(49.975 0)
(50.025 26.1799)
(57.975 26.1799)
(58.025 0)
(59.975 0)
(60.025 26.1799)
(67.975 26.1799)
(68.025 0)
(69.975 0)
(70.025 26.1799)
(77.975 26.1799)
(78.025 0)
(79.975 0)
(80.025 26.1799)
(87.975 26.1799)
(88.025 0)
(89.975 0)
(90.025 26.1799)
(97.975 26.1799)
(98.025 0)
(99.975 0)
(100.025 26.1799)
(107.975 26.1799)
(108.025 0)
(109.975 0)
(110.025 26.1799)
(117.975 26.1799)
(118.025 0)
(119.975 0)
(120.025 26.1799)
(127.975 26.1799)
(128.025 0)
(129.975 0)
(130.025 26.1799)
(137.975 26.1799)
(138.025 0)
(139.975 0)
(140.025 26.1799)
(147.975 26.1799)
(148.025 0)
(149.975 0)
(150.025 26.1799)
(157.975 26.1799)
(158.025 0)
(159.975 0)
(160.025 26.1799)
(167.975 26.1799)
(168.025 0)
(169.975 0)
(170.025 26.1799)
(177.975 26.1799)
(178.025 0)
(179.975 0)
(180.025 26.1799)
(187.975 26.1799)
(188.025 0)
(189.975 0)
(190.025 26.1799)
(197.975 26.1799)
(198.025 0)
(199.975 0)
(200.025 26.1799)
(207.975 26.1799)
(208.025 0)
(209.975 0)
(210.025 26.1799)
(217.975 26.1799)
(218.025 0)
(219.975 0)
(220.025 26.1799)
(227.975 26.1799)
(228.025 0)
(229.975 0)
(230.025 26.1799)
(237.975 26.1799)
(238.025 0)
(239.975 0)
(240.025 26.1799)
(247.975 26.1799)
(248.025 0)
(249.975 0)
(250.025 26.1799)
(257.975 26.1799)
(258.025 0)
(259.975 0)
(260.025 26.1799)
(267.975 26.1799)
(268.025 0)
(269.975 0)
(270.025 26.1799)
(277.975 26.1799)
(278.025 0)
(279.975 0)
(280.025 26.1799)
(287.975 26.1799)
(288.025 0)
(289.975 0)
(290.025 26.1799)
(297.975 26.1799)
(298.025 0)
(301 0)
)
;
        }
        value           nonuniform List<vector> 
450
(
(0 0.66433656 -0)
(0 0.66433656 -0)
(0 0.66433656 -0)
(0 0.66433656 -0)
(0 0.66433656 -0)
(0 0.66433656 -0)
(0 0.66433656 -0)
(0 0.66433656 -0)
(0 0.66433656 -0)
(0 0.66433656 -0)
(0 0.66433656 -0)
(0 0.66433656 -0)
(0 0.66433656 -0)
(0 0.66433656 -0)
(0 0.66433656 -0)
(0 0.66433656 -0)
(0 0.66433656 -0)
(0 0.66433656 -0)
(0 0.66433656 -0)
(0 0.66433656 -0)
(0 0.66433656 -0)
(0 0.66433656 -0)
(0 0.66433656 -0)
(0 0.66433656 -0)
(0 0.66433656 -0)
(0 0.66433656 -0)
(0 0.66433656 -0)
(0 0.66433656 -0)
(0 0.66433656 -0)
(0 0.66433656 -0)
(0 0.66433656 -0)
(0 0.66433656 -0)
(0 0.66433656 -0)
(0 0.66433656 -0)
(0 0.66433656 -0)
(0 0.66433656 -0)
(0 0.66433656 -0)
(0 0.66433656 -0)
(0 0.66433656 -0)
(0 0.66433656 -0)
(0 0.66433656 -0)
(0 0.66433656 -0)
(0 0.66433656 -0)
(0 0.66433656 -0)
(0 0.66433656 -0)
(0 0.66433656 -0)
(0 0.66433656 -0)
(0 0.66433656 -0)
(0 0.66433656 -0)
(0 0.66433656 -0)
(0 0.66433656 -0)
(0 0.66433656 -0)
(0 0.66433656 -0)
(0 0.66433656 -0)
(0 0.66433656 -0)
(0 0.66433656 -0)
(0 0.66433656 -0)
(0 0.66433656 -0)
(0 0.66433656 -0)
(0 0.66433656 -0)
(0 0.66433656 -0)
(0 0.66433656 -0)
(0 0.66433656 -0)
(0 0.66433656 -0)
(0 0.66433656 -0)
(0 0.66433656 -0)
(0 0.66433656 -0)
(0 0.66433656 -0)
(0 0.66433656 -0)
(0 0.66433656 -0)
(0 0.66433656 -0)
(0 0.66433656 -0)
(0 0.66433656 -0)
(0 0.66433656 -0)
(0 0.66433656 -0)
(0 0.66433656 -0)
(0 0.66433656 -0)
(0 0.66433656 -0)
(0 0.66433656 -0)
(0 0.66433656 -0)
(0 0.66433656 -0)
(0 0.66433656 -0)
(0 0.66433656 -0)
(0 0.66433656 -0)
(0 0.66433656 -0)
(0 0.66433656 -0)
(0 0.66433656 -0)
(0 0.66433656 -0)
(0 0.66433656 -0)
(0 0.66433656 -0)
(0 0.66433656 -0)
(0 0.66433656 -0)
(0 0.66433656 -0)
(0 0.66433656 -0)
(0 0.66433656 -0)
(0 0.66433656 -0)
(0 0.66433656 -0)
(0 0.66433656 -0)
(0 0.66433656 -0)
(0 0.66433656 -0)
(0 0.66433656 -0)
(0 0.66433656 -0)
(0 0.66433656 -0)
(0 0.66433656 -0)
(0 0.66433656 -0)
(0 0.66433656 -0)
(0 0.66433656 -0)
(0 0.66433656 -0)
(0 0.66433656 -0)
(0 0.66433656 -0)
(0 0.66433656 -0)
(0 0.66433656 -0)
(0 0.66433656 -0)
(0 0.66433656 -0)
(0 0.66433656 -0)
(0 0.66433656 -0)
(0 0.66433656 -0)
(0 0.66433656 -0)
(0 0.66433656 -0)
(0 0.66433656 -0)
(0 0.66433656 -0)
(0 0.66433656 -0)
(0 0.66433656 -0)
(0 0.66433656 -0)
(0 0.66433656 -0)
(0 0.66433656 -0)
(0 0.66433656 -0)
(0 0.66433656 -0)
(0 0.66433656 -0)
(0 0.66433656 -0)
(0 0.66433656 -0)
(0 0.66433656 -0)
(0 0.66433656 -0)
(0 0.66433656 -0)
(0 0.66433656 -0)
(0 0.66433656 -0)
(0 0.66433656 -0)
(0 0.66433656 -0)
(0 0.66433656 -0)
(0 0.66433656 -0)
(0 0.66433656 -0)
(0 0.66433656 -0)
(0 0.66433656 -0)
(0 0.66433656 -0)
(0 0.66433656 -0)
(0 0.66433656 -0)
(0 0.66433656 -0)
(0 0.66433656 -0)
(0 0.66433656 -0)
(0 0.66433656 -0)
(0 0.66433656 -0)
(0 0.66433656 -0)
(0 0.66433656 -0)
(0 0.66433656 -0)
(0 0.66433656 -0)
(0 0.66433656 -0)
(0 0.66433656 -0)
(0 0.66433656 -0)
(0 0.66433656 -0)
(0 0.66433656 -0)
(0 0.66433656 -0)
(0 0.66433656 -0)
(0 0.66433656 -0)
(0 0.66433656 -0)
(0 0.66433656 -0)
(0 0.66433656 -0)
(0 0.66433656 -0)
(0 0.66433656 -0)
(0 0.66433656 -0)
(0 0.66433656 -0)
(0 0.66433656 -0)
(0 0.66433656 -0)
(0 0.66433656 -0)
(0 0.66433656 -0)
(0 0.66433656 -0)
(0 0.66433656 -0)
(0 0.66433656 -0)
(0 0.66433656 -0)
(0 0.66433656 -0)
(0 0.66433656 -0)
(0 0.66433656 -0)
(0 0.66433656 -0)
(0 0.66433656 -0)
(0 0.66433656 -0)
(0 0.66433656 -0)
(0 0.66433656 -0)
(0 0.66433656 -0)
(0 0.66433656 -0)
(0 0.66433656 -0)
(0 0.66433656 -0)
(0 0.66433656 -0)
(0 0.66433656 -0)
(0 0.66433656 -0)
(0 0.66433656 -0)
(0 0.66433656 -0)
(0 0.66433656 -0)
(0 0.66433656 -0)
(0 0.66433656 -0)
(0 0.66433656 -0)
(0 0.66433656 -0)
(0 0.66433656 -0)
(0 0.66433656 -0)
(0 0.66433656 -0)
(0 0.66433656 -0)
(0 0.66433656 -0)
(0 0.66433656 -0)
(0 0.66433656 -0)
(0 0.66433656 -0)
(0 0.66433656 -0)
(0 0.66433656 -0)
(0 0.66433656 -0)
(0 0.66433656 -0)
(0 0.66433656 -0)
(0 0.66433656 -0)
(0 0.66433656 -0)
(0 0.66433656 -0)
(0 0.66433656 -0)
(0 0.66433656 -0)
(0 0.66433656 -0)
(0 0.66433656 -0)
(0 0.66433656 -0)
(0 0.66433656 -0)
(0 0.66433656 -0)
(0 0.66433656 -0)
(0 0.66433656 -0)
(0 0.66433656 -0)
(0 0.66433656 -0)
(0 0.66433656 -0)
(0 0.66433656 -0)
(0 0.66433656 -0)
(0 0.66433656 -0)
(0 0.66433656 -0)
(0 0.66433656 -0)
(0 0.66433656 -0)
(0 0.66433656 -0)
(0 0.66433656 -0)
(0 0.66433656 -0)
(0 0.66433656 -0)
(0 0.66433656 -0)
(0 0.66433656 -0)
(0 0.66433656 -0)
(0 0.66433656 -0)
(0 0.66433656 -0)
(0 0.66433656 -0)
(0 0.66433656 -0)
(0 0.66433656 -0)
(0 0.66433656 -0)
(0 0.66433656 -0)
(0 0.66433656 -0)
(0 0.66433656 -0)
(0 0.66433656 -0)
(0 0.66433656 -0)
(0 0.66433656 -0)
(0 0.66433656 -0)
(0 0.66433656 -0)
(0 0.66433656 -0)
(0 0.66433656 -0)
(0 0.66433656 -0)
(0 0.66433656 -0)
(0 0.66433656 -0)
(0 0.66433656 -0)
(0 0.66433656 -0)
(0 0.66433656 -0)
(0 0.66433656 -0)
(0 0.66433656 -0)
(0 0.66433656 -0)
(0 0.66433656 -0)
(0 0.66433656 -0)
(0 0.66433656 -0)
(0 0.66433656 -0)
(0 0.66433656 -0)
(0 0.66433656 -0)
(0 0.66433656 -0)
(0 0.66433656 -0)
(0 0.66433656 -0)
(0 0.66433656 -0)
(0 0.66433656 -0)
(0 0.66433656 -0)
(0 0.66433656 -0)
(0 0.66433656 -0)
(0 0.66433656 -0)
(0 0.66433656 -0)
(0 0.66433656 -0)
(0 0.66433656 -0)
(0 0.66433656 -0)
(0 0.66433656 -0)
(0 0.66433656 -0)
(0 0.66433656 -0)
(0 0.66433656 -0)
(0 0.66433656 -0)
(0 0.66433656 -0)
(0 0.66433656 -0)
(0 0.66433656 -0)
(0 0.66433656 -0)
(0 0.66433656 -0)
(0 0.66433656 -0)
(0 0.66433656 -0)
(0 0.66433656 -0)
(0 0.66433656 -0)
(0 0.66433656 -0)
(0 0.66433656 -0)
(0 0.66433656 -0)
(0 0.66433656 -0)
(0 0.66433656 -0)
(0 0.66433656 -0)
(0 0.66433656 -0)
(0 0.66433656 -0)
(0 0.66433656 -0)
(0 0.66433656 -0)
(0 0.66433656 -0)
(0 0.66433656 -0)
(0 0.66433656 -0)
(0 0.66433656 -0)
(0 0.66433656 -0)
(0 0.66433656 -0)
(0 0.66433656 -0)
(0 0.66433656 -0)
(0 0.66433656 -0)
(0 0.66433656 -0)
(0 0.66433656 -0)
(0 0.66433656 -0)
(0 0.66433656 -0)
(0 0.66433656 -0)
(0 0.66433656 -0)
(0 0.66433656 -0)
(0 0.66433656 -0)
(0 0.66433656 -0)
(0 0.66433656 -0)
(0 0.66433656 -0)
(0 0.66433656 -0)
(0 0.66433656 -0)
(0 0.66433656 -0)
(0 0.66433656 -0)
(0 0.66433656 -0)
(0 0.66433656 -0)
(0 0.66433656 -0)
(0 0.66433656 -0)
(0 0.66433656 -0)
(0 0.66433656 -0)
(0 0.66433656 -0)
(0 0.66433656 -0)
(0 0.66433656 -0)
(0 0.66433656 -0)
(0 0.66433656 -0)
(0 0.66433656 -0)
(0 0.66433656 -0)
(0 0.66433656 -0)
(0 0.66433656 -0)
(0 0.66433656 -0)
(0 0.66433656 -0)
(0 0.66433656 -0)
(0 0.66433656 -0)
(0 0.66433656 -0)
(0 0.66433656 -0)
(0 0.66433656 -0)
(0 0.66433656 -0)
(0 0.66433656 -0)
(0 0.66433656 -0)
(0 0.66433656 -0)
(0 0.66433656 -0)
(0 0.66433656 -0)
(0 0.66433656 -0)
(0 0.66433656 -0)
(0 0.66433656 -0)
(0 0.66433656 -0)
(0 0.66433656 -0)
(0 0.66433656 -0)
(0 0.66433656 -0)
(0 0.66433656 -0)
(0 0.66433656 -0)
(0 0.66433656 -0)
(0 0.66433656 -0)
(0 0.66433656 -0)
(0 0.66433656 -0)
(0 0.66433656 -0)
(0 0.66433656 -0)
(0 0.66433656 -0)
(0 0.66433656 -0)
(0 0.66433656 -0)
(0 0.66433656 -0)
(0 0.66433656 -0)
(0 0.66433656 -0)
(0 0.66433656 -0)
(0 0.66433656 -0)
(0 0.66433656 -0)
(0 0.66433656 -0)
(0 0.66433656 -0)
(0 0.66433656 -0)
(0 0.66433656 -0)
(0 0.66433656 -0)
(0 0.66433656 -0)
(0 0.66433656 -0)
(0 0.66433656 -0)
(0 0.66433656 -0)
(0 0.66433656 -0)
(0 0.66433656 -0)
(0 0.66433656 -0)
(0 0.66433656 -0)
(0 0.66433656 -0)
(0 0.66433656 -0)
(0 0.66433656 -0)
(0 0.66433656 -0)
(0 0.66433656 -0)
(0 0.66433656 -0)
(0 0.66433656 -0)
(0 0.66433656 -0)
(0 0.66433656 -0)
(0 0.66433656 -0)
(0 0.66433656 -0)
(0 0.66433656 -0)
(0 0.66433656 -0)
(0 0.66433656 -0)
(0 0.66433656 -0)
(0 0.66433656 -0)
(0 0.66433656 -0)
(0 0.66433656 -0)
(0 0.66433656 -0)
(0 0.66433656 -0)
(0 0.66433656 -0)
(0 0.66433656 -0)
(0 0.66433656 -0)
(0 0.66433656 -0)
(0 0.66433656 -0)
(0 0.66433656 -0)
(0 0.66433656 -0)
(0 0.66433656 -0)
(0 0.66433656 -0)
(0 0.66433656 -0)
(0 0.66433656 -0)
(0 0.66433656 -0)
(0 0.66433656 -0)
(0 0.66433656 -0)
(0 0.66433656 -0)
(0 0.66433656 -0)
(0 0.66433656 -0)
(0 0.66433656 -0)
(0 0.66433656 -0)
(0 0.66433656 -0)
(0 0.66433656 -0)
(0 0.66433656 -0)
(0 0.66433656 -0)
(0 0.66433656 -0)
(0 0.66433656 -0)
(0 0.66433656 -0)
(0 0.66433656 -0)
(0 0.66433656 -0)
(0 0.66433656 -0)
(0 0.66433656 -0)
(0 0.66433656 -0)
(0 0.66433656 -0)
)
;
    }
    outer_wall
    {
        type            noSlip;
    }
    side_outlet
    {
        type            zeroGradient;
    }
    inlet
    {
        type            codedFixedValue;
        value           nonuniform List<vector> 
37
(
(-0 -0 -0.00034074024)
(-0 -0 -0.00095859762)
(-0 -0 -0.0014126762)
(-0 -0 -0.0017360277)
(-0 -0 -0.0019554212)
(-0 -0 -0.0020925539)
(-0 -0 -0.0021650152)
(-0 -0 -0.0021870584)
(-0 -0 -0.0021702215)
(-0 -0 -0.0021238297)
(-0 -0 -0.0020554016)
(-0 -0 -0.0019709816)
(-0 -0 -0.0018754091)
(-0 -0 -0.0017725401)
(-0 -0 -0.0016654277)
(-0 -0 -0.0015564707)
(-0 -0 -0.0014475348)
(-0 -0 -0.0013400528)
(-0 -0 -0.0012351065)
(-0 -0 -0.0011334943)
(-0 -0 -0.0010357862)
(-0 -0 -0.00094236956)
(-0 -0 -0.00085348587)
(-0 -0 -0.00076926164)
(-0 -0 -0.0006897331)
(-0 -0 -0.00061486653)
(-0 -0 -0.00054457488)
(-0 -0 -0.00047873109)
(-0 -0 -0.00041717902)
(-0 -0 -0.00035974212)
(-0 -0 -0.00030623042)
(-0 -0 -0.00025644615)
(-0 -0 -0.00021018801)
(-0 -0 -0.00016725471)
(-0 -0 -0.00012744754)
(-0 -0 -9.0572358e-05)
(-0 -0 -5.6441123e-05)
)
;
        name            lopezFullyDevelopedAnnularTopInlet;
        code            #{
            const fvPatch& p = patch();
            vectorField Uin(p.size(), vector::zero);

            const vectorField& Cf = p.Cf();
            const vectorField& Sf = p.Sf();

            const scalar Ri = 0.0254;
            const scalar Ro = 0.03175;
            const scalar Q0 = 100e-6/60.0;  // full 360-degree flow rate [m3/s]
            // UNIFIED to 100 mL/min to match side_outlet_cat_wallmodel (was Yuhe's
            // 40 mL/min). This makes the outer-wall catalytic BC the ONLY difference
            // between the two cases (single controlled variable), and shrinks the
            // residence time (tau ~ 26 s) so the episode reaches steady state well.
            const scalar pi = 3.1415926535897932384626433832795;

            const scalar Aann = pi*(sqr(Ro) - sqr(Ri));
            const scalar Umean = Q0/Aann;

            scalarField shape(p.size(), scalar(0));
            scalar sumShapeA = scalar(0);
            scalar sumA = scalar(0);

            forAll(Cf, faceI)
            {
                const scalar r = sqrt(sqr(Cf[faceI].x()) + sqr(Cf[faceI].y()));

                scalar f =
                    sqr(Ro) - sqr(r)
                  - (sqr(Ro) - sqr(Ri))/log(Ro/Ri)*log(Ro/r);

                shape[faceI] = max(f, scalar(0));

                const scalar Af = mag(Sf[faceI]);
                sumShapeA += shape[faceI]*Af;
                sumA      += Af;
            }

            reduce(sumShapeA, sumOp<scalar>());
            reduce(sumA, sumOp<scalar>());

            const scalar meanShape = sumShapeA/max(sumA, VSMALL);
            const scalar scale = Umean/max(meanShape, VSMALL);

            forAll(Cf, faceI)
            {
                const vector nHat = Sf[faceI]/mag(Sf[faceI]);
                // Top inlet outward normal points +z; inflow is opposite to it.
                Uin[faceI] = -scale*shape[faceI]*nHat;
            }

            operator==(Uin);
        #};
    }
    bottom
    {
        type            noSlip;
    }
    front
    {
        type            wedge;
    }
    back
    {
        type            wedge;
    }
}


// ************************************************************************* //
