/*--------------------------------*- C++ -*----------------------------------*\
| =========                 |                                                 |
| \\      /  F ield         | OpenFOAM: The Open Source CFD Toolbox           |
|  \\    /   O peration     | Version:  2506                                  |
|   \\  /    A nd           | Website:  www.openfoam.com                      |
|    \\/     M anipulation  |                                                 |
\*---------------------------------------------------------------------------*/
FoamFile
{
    version     2.0;
    format      ascii;
    arch        "LSB;label=32;scalar=64";
    class       volVectorField;
    location    "41";
    object      U;
}
// * * * * * * * * * * * * * * * * * * * * * * * * * * * * * * * * * * * * * //

dimensions      [0 1 -1 0 0 0 0];

internalField   nonuniform List<vector> 
3330
(
(0.003262027 0.28409202 0.0019248742)
(-0.016127315 0.073117323 -0.001441622)
(-0.014753381 0.031709578 0.0014002012)
(-0.023401805 0.028017909 0.0018353421)
(-0.031045919 0.031238754 0.0023823768)
(-0.037157175 0.034810348 0.0025843128)
(-0.041293012 0.037392553 0.0027888466)
(-0.04379037 0.0387109 0.0034432363)
(-0.045297828 0.038845523 0.005055278)
(-0.046365656 0.038072474 0.0067439911)
(-0.047692928 0.036673491 0.0077870626)
(-0.049193983 0.034837362 0.0076411043)
(-0.051089887 0.03255056 0.0090182007)
(-0.054317957 0.029906856 0.013649892)
(-0.059181277 0.02720993 0.019964934)
(-0.065531524 0.024885199 0.02625041)
(-0.073392819 0.023416536 0.03033783)
(-0.081987565 0.023117942 0.02975714)
(-0.088791368 0.023956252 0.021846195)
(-0.093043175 0.025554938 0.0069830266)
(-0.094824904 0.027398308 -0.012299902)
(-0.09383048 0.029015285 -0.03387684)
(-0.090896241 0.03015597 -0.056654391)
(-0.086713525 0.030799999 -0.079955586)
(-0.081766588 0.031014219 -0.10306711)
(-0.075931107 0.030862815 -0.12561653)
(-0.06928604 0.030386913 -0.14753505)
(-0.061997994 0.029617968 -0.16875099)
(-0.054048549 0.028591697 -0.18919051)
(-0.045590736 0.027356959 -0.20877314)
(-0.036763993 0.025986036 -0.22721774)
(-0.027369674 0.024568948 -0.24419989)
(-0.018627362 0.023204596 -0.25943872)
(-0.011450355 0.021989706 -0.27263252)
(0.005487694 0.020994155 -0.28278088)
(0.0019296733 0.020283063 -0.27482582)
(0.020406736 0.019916848 -0.28379834)
(0.016014608 0.4462828 0.012504321)
(-0.032421905 0.1502032 0.0085635183)
(-0.037116103 0.080909568 0.013476395)
(-0.054543135 0.084699111 0.015617256)
(-0.066498525 0.097942683 0.014885297)
(-0.074113799 0.10900591 0.011791161)
(-0.077468505 0.11648121 0.0075551273)
(-0.077171641 0.12054383 0.0035463201)
(-0.073782625 0.12180682 0.0006081485)
(-0.067743771 0.12106199 -0.00069978473)
(-0.059836639 0.11891884 -0.00095090901)
(-0.050441632 0.11575313 -0.00058938547)
(-0.039602728 0.11168295 0.00090421477)
(-0.027144498 0.10692979 0.0035654729)
(-0.01308638 0.10194827 0.006862426)
(0.0027854239 0.097184513 0.0098912279)
(0.019985485 0.093025297 0.011333214)
(0.037787727 0.089640469 0.010831187)
(0.05554096 0.086897457 0.0088621056)
(0.072639054 0.084673282 0.0062488386)
(0.08755018 0.082709247 0.0044343191)
(0.098858829 0.08075325 0.004489493)
(0.1063945 0.078731626 0.0069657289)
(0.10989709 0.076798955 0.011363741)
(0.10984215 0.074943909 0.016746167)
(0.10614797 0.073082165 0.021548968)
(0.099465599 0.070980589 0.024486571)
(0.090802706 0.068286478 0.024845817)
(0.080938388 0.064629937 0.022871092)
(0.07033779 0.059747476 0.019526251)
(0.059513965 0.053542257 0.015824953)
(0.048744666 0.046156592 0.012395428)
(0.038209471 0.037906126 0.0096698629)
(0.027777513 0.029191285 0.0079392746)
(0.020477615 0.02040645 0.0072664355)
(0.0093999204 0.011878246 0.0060350744)
(0.0041620908 0.0038493289 0.0026194025)
(0.020649371 0.49825638 0.024586882)
(-0.040547207 0.18984538 0.027169261)
(-0.047965667 0.12317717 0.031251279)
(-0.06677553 0.14041755 0.030110097)
(-0.077000178 0.16322398 0.024744608)
(-0.082263442 0.18050095 0.016885616)
(-0.083403369 0.19194305 0.0082172622)
(-0.081439486 0.19828265 -0.00023882145)
(-0.076947481 0.20043989 -0.0080284038)
(-0.070350888 0.19936642 -0.015115575)
(-0.062111916 0.19582386 -0.021874857)
(-0.052772405 0.19032667 -0.02841298)
(-0.042895407 0.18321769 -0.034676739)
(-0.032706632 0.17483764 -0.040594912)
(-0.022112204 0.1655588 -0.04659208)
(-0.011570263 0.15571803 -0.053412535)
(-0.0019726607 0.1455667 -0.061628467)
(0.0061186389 0.13519776 -0.071309902)
(0.012337806 0.12472062 -0.081417089)
(0.016588199 0.11404718 -0.089781532)
(0.019456007 0.10328554 -0.093578139)
(0.021119462 0.092697438 -0.09065253)
(0.021526592 0.082606068 -0.079958035)
(0.021362235 0.073292694 -0.062133234)
(0.021158398 0.064897173 -0.040024836)
(0.020733165 0.057397451 -0.017018314)
(0.019857472 0.050656728 0.0042531265)
(0.018461679 0.044488021 0.021875027)
(0.016578815 0.038699393 0.034836018)
(0.014340372 0.0331741 0.042949932)
(0.011922808 0.027867155 0.046336443)
(0.0094382928 0.022785019 0.04537128)
(0.0071130358 0.017959778 0.040613682)
(0.0052408221 0.0134249 0.032509006)
(0.0022415033 0.0092042963 0.02152789)
(0.0022643952 0.0053033405 0.010132553)
(1.2093238e-05 0.0017150683 0.0022266125)
(0.021097973 0.51962786 0.038141052)
(-0.042771154 0.21825764 0.047258243)
(-0.047698064 0.16133745 0.049334175)
(-0.064762687 0.18892979 0.043560135)
(-0.072473135 0.21765065 0.03330807)
(-0.076224018 0.23761482 0.021008749)
(-0.076886294 0.24972232 0.0084960438)
(-0.075442389 0.25552388 -0.0033902854)
(-0.07236308 0.256379 -0.014307977)
(-0.06801913 0.25332297 -0.024136977)
(-0.062832012 0.24699982 -0.032841527)
(-0.057240583 0.23783722 -0.040344914)
(-0.051640145 0.22618982 -0.046591364)
(-0.04641482 0.2124452 -0.051548341)
(-0.041840009 0.19707866 -0.054995034)
(-0.038078463 0.180655 -0.056647204)
(-0.035436659 0.16377899 -0.056442178)
(-0.034181352 0.14697925 -0.054662541)
(-0.034451209 0.13072525 -0.051425016)
(-0.036194584 0.11543029 -0.046525461)
(-0.038849074 0.10138788 -0.039906559)
(-0.041696265 0.088770083 -0.031845504)
(-0.044140858 0.077618153 -0.022899622)
(-0.045161563 0.067851031 -0.013641791)
(-0.044473085 0.059303755 -0.0046031501)
(-0.042295549 0.051791085 0.0037300635)
(-0.038742406 0.045109817 0.010624711)
(-0.034012823 0.039071864 0.015627031)
(-0.028646535 0.033549932 0.018628384)
(-0.023121155 0.028450108 0.019715999)
(-0.0178076 0.023709836 0.019178274)
(-0.012970785 0.019290586 0.017458916)
(-0.0088423579 0.015170273 0.015083961)
(-0.005544587 0.011336009 0.012573141)
(-0.0025122105 0.0077779244 0.010400935)
(-0.0015115118 0.0044861857 0.0078880345)
(-4.9787796e-05 0.001452236 0.0034238051)
(0.022605245 0.53537227 0.051518184)
(-0.040405439 0.24524654 0.065103581)
(-0.040200932 0.19392077 0.065180362)
(-0.055222029 0.22600286 0.054671877)
(-0.061088432 0.25680617 0.040268822)
(-0.064378389 0.27667427 0.024729818)
(-0.065607049 0.28770972 0.0096391235)
(-0.065410115 0.2923869 -0.004506127)
(-0.063988013 0.29246777 -0.017563703)
(-0.061474135 0.28902028 -0.02942371)
(-0.058018897 0.28262524 -0.039898625)
(-0.053808552 0.27363661 -0.048741948)
(-0.049085407 0.26235392 -0.055746263)
(-0.044156864 0.24910503 -0.060823352)
(-0.039335834 0.23426381 -0.064022701)
(-0.034839498 0.21823312 -0.065513271)
(-0.030791333 0.20142242 -0.065553284)
(-0.02727052 0.18422471 -0.064461297)
(-0.024250521 0.16700581 -0.062514658)
(-0.021573885 0.15010833 -0.059976336)
(-0.019271832 0.13385185 -0.05710692)
(-0.016966459 0.11851686 -0.054198717)
(-0.0144744 0.10429692 -0.051483515)
(-0.012050748 0.091282401 -0.04899934)
(-0.0096930511 0.079480082 -0.046685873)
(-0.0074478205 0.068837321 -0.044450445)
(-0.0053636449 0.059265333 -0.042217651)
(-0.0035866367 0.050659076 -0.0398111)
(-0.0021629123 0.042911175 -0.037070548)
(-0.00109462 0.035919025 -0.033907583)
(-0.00036167541 0.029589121 -0.030305246)
(7.372992e-05 0.02383954 -0.026314905)
(0.00029651367 0.01860245 -0.022050775)
(0.00036062711 0.013820524 -0.017636897)
(0.00012834337 0.0094447807 -0.013197046)
(0.0002871163 0.005435084 -0.0085293946)
(7.5691202e-06 0.0017578078 -0.0031510799)
(0.024820816 0.55160079 0.062851752)
(-0.035513928 0.27238155 0.079326822)
(-0.02914181 0.2204591 0.078149972)
(-0.042850722 0.25154109 0.06351568)
(-0.04744343 0.2817375 0.046190555)
(-0.050748586 0.30034444 0.028653766)
(-0.052838468 0.31011009 0.012029043)
(-0.05406499 0.31412783 -0.0035591789)
(-0.054490684 0.31436776 -0.018226757)
(-0.054128663 0.31181496 -0.031983688)
(-0.052960592 0.30682809 -0.044667854)
(-0.050971864 0.29944879 -0.055983336)
(-0.048176849 0.2896687 -0.065586656)
(-0.04463813 0.27756057 -0.073163721)
(-0.040470998 0.26336077 -0.078483367)
(-0.035833051 0.24746699 -0.081428127)
(-0.030916291 0.23038633 -0.082025153)
(-0.025935395 0.21265997 -0.080455104)
(-0.021102211 0.19479235 -0.077011275)
(-0.016601255 0.17720153 -0.072050216)
(-0.012583644 0.16020074 -0.065948206)
(-0.0091143718 0.14400277 -0.059041273)
(-0.0063020956 0.12872992 -0.05154694)
(-0.0041170765 0.11443358 -0.043719799)
(-0.0024975218 0.10111815 -0.035852998)
(-0.0013731865 0.088758698 -0.028243804)
(-0.00065266163 0.077313834 -0.021171805)
(-0.00023380234 0.066734601 -0.014881948)
(-2.3271618e-05 0.056969751 -0.0095553578)
(4.8132369e-05 0.047968268 -0.0052837642)
(5.5164659e-05 0.039680493 -0.002072529)
(3.6522926e-05 0.032058585 0.00014358927)
(-1.2932213e-07 0.025056377 0.001481782)
(-4.9778143e-05 0.01862911 0.0020813426)
(-1.1002622e-05 0.012733317 0.0020904409)
(-8.640552e-05 0.0073268945 0.0016022145)
(-1.0387129e-06 0.0023693974 0.00065894394)
(0.027206812 0.57011772 0.07071158)
(-0.029334058 0.30053867 0.089642584)
(-0.016700937 0.24207358 0.088197494)
(-0.03016881 0.26775765 0.07037377)
(-0.033504602 0.29557174 0.051409137)
(-0.036740468 0.31262115 0.032884045)
(-0.039396514 0.32134735 0.01559267)
(-0.041604562 0.3250567 -0.00058925358)
(-0.043380896 0.32589455 -0.015965395)
(-0.044702727 0.32482337 -0.030644512)
(-0.045493455 0.3220643 -0.04452635)
(-0.045677616 0.31735974 -0.05730994)
(-0.045208253 0.31039112 -0.068605186)
(-0.044090179 0.30084107 -0.078009807)
(-0.042384166 0.28861221 -0.085213365)
(-0.040190088 0.27387062 -0.090054424)
(-0.037628766 0.25702799 -0.092542729)
(-0.034822155 0.2386622 -0.092841877)
(-0.03188185 0.21941544 -0.091227389)
(-0.028897749 0.19990317 -0.088038768)
(-0.025938164 0.18065139 -0.083631378)
(-0.023048652 0.16206579 -0.078342873)
(-0.020253499 0.14442701 -0.072477599)
(-0.01756318 0.12790272 -0.066295471)
(-0.015004707 0.11256853 -0.060005893)
(-0.012600095 0.098430975 -0.053772571)
(-0.010348891 0.085449417 -0.047715316)
(-0.0082646738 0.073554976 -0.041907181)
(-0.0063991857 0.062665251 -0.036381543)
(-0.0047835393 0.052694662 -0.031146849)
(-0.0034164383 0.043560844 -0.026197984)
(-0.0022922164 0.035187968 -0.021524169)
(-0.0014163328 0.027507945 -0.017115897)
(-0.00077495473 0.02046034 -0.012963207)
(-0.00036948118 0.013991615 -0.009054767)
(-8.2516567e-05 0.0080541298 -0.005347749)
(-5.8511358e-06 0.0026051278 -0.0017834353)
(0.029885909 0.58998448 0.074398422)
(-0.02323449 0.32960992 0.096689422)
(-0.0046057044 0.2606661 0.095589863)
(-0.018460576 0.27760675 0.075474794)
(-0.020061502 0.30159921 0.055886602)
(-0.023008293 0.31694247 0.037004166)
(-0.02578536 0.32478911 0.019584137)
(-0.028399078 0.32827373 0.0033542225)
(-0.030841156 0.32959061 -0.012131057)
(-0.033057954 0.32986355 -0.027123084)
(-0.034925671 0.32938997 -0.041628382)
(-0.036309138 0.32787649 -0.055427403)
(-0.037071555 0.32468547 -0.068125828)
(-0.037095716 0.31914104 -0.079261102)
(-0.036339566 0.31081032 -0.08839645)
(-0.034826246 0.29950305 -0.095199262)
(-0.032647256 0.28536734 -0.099500626)
(-0.029940145 0.26883707 -0.10131334)
(-0.026888659 0.25052472 -0.10080906)
(-0.023659581 0.23110345 -0.098288804)
(-0.020418769 0.21121076 -0.094121958)
(-0.01729934 0.19138776 -0.088704091)
(-0.01439797 0.17205359 -0.082415971)
(-0.011776579 0.15350538 -0.075596331)
(-0.0094681027 0.13593329 -0.068528164)
(-0.0074743508 0.11944186 -0.061431212)
(-0.0057855349 0.10407153 -0.054457324)
(-0.0043864087 0.089818244 -0.047702478)
(-0.0032533699 0.076648975 -0.04122886)
(-0.0023478355 0.064512877 -0.035078779)
(-0.0016376162 0.053349254 -0.029275829)
(-0.0010927197 0.043093011 -0.023828586)
(-0.00068885903 0.033678181 -0.018735605)
(-0.0004016984 0.025040139 -0.01398844)
(-0.00018271695 0.017116983 -0.0095718263)
(-8.4262078e-05 0.0098503113 -0.0054902918)
(-3.6459201e-06 0.0031856152 -0.0017648526)
(0.032562272 0.60899013 0.074572158)
(-0.018069974 0.35818877 0.10139013)
(0.0052128032 0.27793652 0.099066184)
(-0.0078011125 0.28396725 0.079247698)
(-0.0074558654 0.3027746 0.059398942)
(-0.010028922 0.31606932 0.040577361)
(-0.012629817 0.32307212 0.023403612)
(-0.015320432 0.32628625 0.0074946132)
(-0.018095175 0.32785601 -0.0077024307)
(-0.020879512 0.3290177 -0.022582829)
(-0.023549173 0.33020247 -0.037282318)
(-0.025940194 0.33118783 -0.051698221)
(-0.027885601 0.3313462 -0.065505711)
(-0.029255424 0.32981062 -0.078259269)
(-0.029944377 0.3256563 -0.089464555)
(-0.029898967 0.31831827 -0.098675274)
(-0.029140917 0.3075475 -0.1055538)
(-0.027723422 0.29349628 -0.10991316)
(-0.025765218 0.27664949 -0.11176063)
(-0.023428354 0.25770014 -0.11122726)
(-0.020837915 0.23741291 -0.10858377)
(-0.018149237 0.21651229 -0.10416922)
(-0.015488248 0.19561278 -0.098362642)
(-0.012954857 0.17518885 -0.091536435)
(-0.010619716 0.15557556 -0.084029224)
(-0.0085277629 0.13698672 -0.076132153)
(-0.0067007521 0.11953994 -0.068083585)
(-0.0051417189 0.10328169 -0.060070854)
(-0.003840354 0.088208963 -0.052235214)
(-0.0027778263 0.074286352 -0.044677098)
(-0.0019305509 0.061458755 -0.037462912)
(-0.0012735121 0.049660402 -0.030632477)
(-0.00078002351 0.038820998 -0.024205744)
(-0.00042538825 0.028869729 -0.018187842)
(-0.00019856384 0.019737743 -0.012573631)
(-5.3072789e-05 0.011359578 -0.0073312958)
(-3.9555497e-06 0.0036738788 -0.0024100446)
(0.035113441 0.62751714 0.071956982)
(-0.013505562 0.38805289 0.10332179)
(0.0131899 0.2966689 0.098697797)
(0.0025687619 0.2895575 0.081483762)
(0.0039553427 0.30164384 0.061638642)
(0.0021773059 0.31223645 0.043318525)
(3.325287e-05 0.31825936 0.02676163)
(-0.0024442097 0.32117547 0.011509447)
(-0.0051932009 0.32283622 -0.0030449163)
(-0.0081143219 0.3245306 -0.017382292)
(-0.011076438 0.32687228 -0.031752082)
(-0.013935276 0.32983285 -0.04614496)
(-0.016545014 0.33285007 -0.060329993)
(-0.018759911 0.33498616 -0.073904643)
(-0.020469023 0.33522431 -0.086378207)
(-0.021592026 0.33251329 -0.097256988)
(-0.022080927 0.32615972 -0.1061093)
(-0.021948398 0.31588789 -0.11261817)
(-0.021219284 0.30186754 -0.11660963)
(-0.020003072 0.28463985 -0.11809846)
(-0.018415174 0.26497919 -0.11722796)
(-0.016573511 0.24374159 -0.11421383)
(-0.014569615 0.2217388 -0.10940528)
(-0.012542836 0.19965948 -0.1031673)
(-0.010570303 0.17803594 -0.095858636)
(-0.0087180306 0.15724467 -0.087814633)
(-0.0070302891 0.1375264 -0.079327782)
(-0.0055326565 0.11901421 -0.070640779)
(-0.0042359814 0.10176176 -0.06194628)
(-0.0031401637 0.085767775 -0.053390603)
(-0.0022373196 0.070995284 -0.045079847)
(-0.0015143132 0.057385874 -0.037086787)
(-0.00095518955 0.044869626 -0.029457739)
(-0.00054274201 0.033371787 -0.022218845)
(-0.00025479396 0.022817032 -0.015381216)
(-8.9084858e-05 0.013132071 -0.0089507594)
(-6.2359091e-06 0.0042471497 -0.0029304509)
(0.037643403 0.64526989 0.067140636)
(-0.0095884382 0.41982167 0.101865)
(0.020082228 0.31845896 0.096535924)
(0.012858202 0.29714966 0.081630841)
(0.014513425 0.30071783 0.062556443)
(0.013957111 0.30755242 0.045063057)
(0.012455269 0.31221187 0.029373625)
(0.010370097 0.31478279 0.014979162)
(0.0078691274 0.31654163 0.0012442349)
(0.0050800448 0.31864137 -0.012368894)
(0.0021312336 0.32176722 -0.02617624)
(-0.00084905089 0.32606113 -0.040242076)
(-0.0037390238 0.33113743 -0.054391944)
(-0.0064260568 0.33618151 -0.068273226)
(-0.0088099778 0.34010221 -0.081438185)
(-0.010802499 0.34172513 -0.093406306)
(-0.012331472 0.34000159 -0.1037296)
(-0.013346838 0.33420289 -0.11203072)
(-0.013841487 0.32405036 -0.11803422)
(-0.013870195 0.30974244 -0.12158697)
(-0.013337148 0.29187563 -0.12267449)
(-0.012490127 0.27129856 -0.12151129)
(-0.011383362 0.24894696 -0.11824984)
(-0.010104096 0.22571047 -0.1131728)
(-0.0087304617 0.20234524 -0.10663067)
(-0.0073543973 0.17943631 -0.0989655)
(-0.0060359719 0.15739789 -0.090494608)
(-0.0048191907 0.13649539 -0.08149925)
(-0.0037330166 0.11687602 -0.072217927)
(-0.0027930612 0.098599694 -0.062845114)
(-0.0020042322 0.081665813 -0.053534015)
(-0.001363643 0.066034453 -0.044401415)
(-0.00086266811 0.05164206 -0.035533385)
(-0.00048952279 0.038412503 -0.026990837)
(-0.00023204195 0.026264491 -0.01881467)
(-7.6265498e-05 0.015116344 -0.011028061)
(-5.4207753e-06 0.0048888855 -0.0036406985)
(0.039671528 0.6621723 0.060645565)
(-0.0063771573 0.45317462 0.096695787)
(0.025792375 0.34379048 0.092801888)
(0.022678234 0.30871551 0.079570115)
(0.024945092 0.30277671 0.061991957)
(0.025782663 0.30459303 0.045650731)
(0.025225636 0.30717174 0.031027915)
(0.023808077 0.30918484 0.017635625)
(0.021833252 0.31109894 0.0048416102)
(0.019472288 0.31369548 -0.0079099314)
(0.016847608 0.31754293 -0.020961648)
(0.014062698 0.32282831 -0.0344068)
(0.011203324 0.32930012 -0.048104634)
(0.0083474466 0.33631467 -0.061743115)
(0.0055709428 0.34292493 -0.074915934)
(0.0029513352 0.34799534 -0.087191658)
(0.00056655644 0.3503473 -0.098160762)
(-0.001510194 0.34893793 -0.10746275)
(-0.0032178549 0.34304752 -0.11480403)
(-0.0044717746 0.33241917 -0.11997254)
(-0.0053406425 0.31729446 -0.12283923)
(-0.0058241596 0.29833639 -0.12334364)
(-0.0059094244 0.2764735 -0.12161651)
(-0.0056897155 0.25272353 -0.11790022)
(-0.0052409447 0.22804673 -0.11244853)
(-0.0046607439 0.20325449 -0.10554939)
(-0.0039998805 0.1789713 -0.097516402)
(-0.003315 0.15563647 -0.0886481)
(-0.0026507869 0.13352886 -0.079215766)
(-0.0020386437 0.11280061 -0.069454966)
(-0.0014986616 0.093510735 -0.059562481)
(-0.0010419314 0.0756541 -0.049697154)
(-0.00067238536 0.059184211 -0.039983206)
(-0.00038915258 0.044030032 -0.030514711)
(-0.00018749759 0.030107768 -0.02136039)
(-6.4381889e-05 0.017328742 -0.012567433)
(-5.0436598e-06 0.0056044285 -0.0041660138)
(0.040474832 0.6778664 0.05308379)
(-0.0043274122 0.4877056 0.088472484)
(0.030710791 0.37514843 0.086755912)
(0.032056786 0.32753133 0.075086005)
(0.035915768 0.31123437 0.059443627)
(0.038566604 0.3070546 0.044603401)
(0.039420903 0.30676093 0.031271959)
(0.039113059 0.30780803 0.019018486)
(0.0380637 0.30985205 0.0072404636)
(0.036481675 0.31308139 -0.0045736205)
(0.034480638 0.31773171 -0.016735387)
(0.032130513 0.32385268 -0.029321372)
(0.029480361 0.33120037 -0.042194222)
(0.026579317 0.33925865 -0.055064896)
(0.023488099 0.34728832 -0.067570366)
(0.020282802 0.35437144 -0.079340175)
(0.01705302 0.35945748 -0.090036872)
(0.013897887 0.36144927 -0.099369079)
(0.010918308 0.35935568 -0.10708963)
(0.0082020251 0.35248588 -0.11299374)
(0.0057879254 0.34061067 -0.11693704)
(0.0038635778 0.32401629 -0.118859)
(0.0022649606 0.30343158 -0.11874201)
(0.0010336416 0.27986119 -0.11661486)
(0.00019034953 0.25439666 -0.11262376)
(-0.00034199688 0.22805963 -0.10700255)
(-0.00065375849 0.20170448 -0.10000494)
(-0.00078368861 0.17598021 -0.091900316)
(-0.00078558266 0.1513358 -0.08295401)
(-0.00070625282 0.12804917 -0.073413081)
(-0.00058265155 0.10626478 -0.063497596)
(-0.00044275546 0.086030423 -0.053396481)
(-0.0003066405 0.06732838 -0.043266905)
(-0.00018793496 0.050099675 -0.03323594)
(-9.5331488e-05 0.03426168 -0.02340353)
(-3.4155466e-05 0.019720295 -0.013845462)
(-3.0338348e-06 0.0063779518 -0.004617426)
(0.040469154 0.69262099 0.045105259)
(-0.0030957715 0.52370225 0.077461554)
(0.035831417 0.41342209 0.077094269)
(0.042225566 0.35728967 0.067463918)
(0.048808653 0.3318538 0.054137299)
(0.05408611 0.32114466 0.041130361)
(0.05720289 0.31749769 0.029317826)
(0.058717717 0.3173333 0.018361629)
(0.059134904 0.31927569 0.0077453575)
(0.058713817 0.32289926 -0.0029467633)
(0.057567638 0.32804787 -0.013939072)
(0.055733343 0.33448428 -0.025251712)
(0.053243854 0.34186768 -0.036741521)
(0.050153798 0.34975618 -0.048153985)
(0.046546923 0.35762095 -0.059188145)
(0.042533322 0.36484379 -0.069553306)
(0.038240786 0.3706823 -0.079002788)
(0.03380545 0.37424153 -0.087341013)
(0.029363162 0.37451939 -0.09441191)
(0.025043079 0.37056331 -0.10008186)
(0.020960076 0.36169712 -0.10422814)
(0.017205348 0.34771585 -0.10673768)
(0.013853433 0.32895455 -0.10754101)
(0.010945216 0.30620919 -0.10663904)
(0.0084522588 0.28055475 -0.10407565)
(0.0064014056 0.25313995 -0.099942716)
(0.0047422094 0.22502348 -0.094396868)
(0.0034291691 0.19707629 -0.087635046)
(0.0024132654 0.16994741 -0.079873509)
(0.0016450256 0.14407432 -0.071331597)
(0.0010780866 0.11971697 -0.062219349)
(0.00067114784 0.096999318 -0.052729063)
(0.00038893615 0.075948616 -0.043030489)
(0.00020196099 0.056528163 -0.033268923)
(8.736796e-05 0.038662241 -0.023565336)
(2.4927306e-05 0.022253973 -0.014017558)
(1.2137729e-06 0.0071974439 -0.0047028057)
(0.041258993 0.70838918 0.036757856)
(-0.00041805831 0.56540928 0.06374725)
(0.043104713 0.46514619 0.063053408)
(0.056339165 0.40704028 0.055617147)
(0.067273872 0.37602968 0.044898919)
(0.076380148 0.36027354 0.034055568)
(0.082727844 0.35288312 0.024062819)
(0.08672455 0.3502661 0.014749257)
(0.088895682 0.35057851 0.0057139985)
(0.089597456 0.35291714 -0.0033401177)
(0.089003413 0.35670739 -0.012513862)
(0.087184578 0.36147908 -0.021787561)
(0.084224318 0.36683715 -0.031040765)
(0.080249868 0.37242168 -0.040084978)
(0.07542558 0.37789527 -0.048709699)
(0.069938617 0.38291741 -0.056722171)
(0.063984921 0.38707693 -0.063971192)
(0.057754908 0.38979214 -0.070350416)
(0.051422524 0.39024611 -0.075786106)
(0.045146638 0.38744097 -0.080225718)
(0.039067591 0.38040093 -0.083613632)
(0.033306257 0.36845068 -0.085882719)
(0.027958805 0.35143389 -0.086957379)
(0.023096276 0.32977322 -0.086778766)
(0.018760887 0.30435839 -0.085324428)
(0.01496732 0.2763345 -0.082612272)
(0.011708592 0.24688493 -0.078705107)
(0.0089600302 0.21706776 -0.073708261)
(0.0066843698 0.1877275 -0.067759128)
(0.0048367129 0.15947224 -0.061014321)
(0.0033686818 0.13269363 -0.053637539)
(0.0022315049 0.10760728 -0.04578964)
(0.001378236 0.084297824 -0.037621453)
(0.0007654487 0.062759627 -0.029269207)
(0.00035507477 0.042929548 -0.020852103)
(0.00011470996 0.024711267 -0.012470916)
(7.962849e-06 0.0079922707 -0.0042088667)
(0.044201689 0.72741224 0.026228191)
(0.0084918127 0.62072658 0.04519308)
(0.057134886 0.54143121 0.043254133)
(0.079612021 0.48941299 0.037943784)
(0.096246094 0.45691418 0.030334931)
(0.10959645 0.43673385 0.022350568)
(0.11912199 0.42403762 0.014915143)
(0.12511888 0.41596487 0.0080455567)
(0.12820238 0.41089846 0.0015320534)
(0.12896033 0.40795123 -0.0047715199)
(0.12770271 0.40642567 -0.010956934)
(0.12463474 0.40586161 -0.017028723)
(0.1199903 0.40592489 -0.022932528)
(0.11403508 0.40635921 -0.028569264)
(0.10704695 0.40696221 -0.033830447)
(0.099301258 0.40755742 -0.038623803)
(0.091062171 0.40793523 -0.042887854)
(0.082560477 0.40773709 -0.046572568)
(0.07400587 0.40633984 -0.049663331)
(0.065571575 0.40281264 -0.052170653)
(0.057400696 0.39603784 -0.05408857)
(0.049611281 0.38499692 -0.055397801)
(0.042300231 0.36908615 -0.056062005)
(0.035544147 0.34830791 -0.056036405)
(0.029398463 0.32326253 -0.055279807)
(0.023896944 0.29497485 -0.053768791)
(0.019052368 0.26465263 -0.051506842)
(0.014858443 0.23346943 -0.048527013)
(0.011292746 0.20242142 -0.044889158)
(0.0083201678 0.17226456 -0.040673672)
(0.0058965067 0.14351278 -0.035973958)
(0.0039716143 0.11647122 -0.030889117)
(0.0024924462 0.091283078 -0.025517845)
(0.0014057525 0.067976195 -0.019953833)
(0.00066267107 0.046502575 -0.014282649)
(0.00021807461 0.0267688 -0.0085796439)
(1.6236441e-05 0.0086577909 -0.0029095933)
(0.047926309 0.74369086 0.010608655)
(0.021177995 0.67226717 0.017371781)
(0.073678291 0.61511649 0.015196877)
(0.10401427 0.57194933 0.012192105)
(0.12517896 0.53984332 0.0086132182)
(0.1411097 0.51558401 0.0050575212)
(0.15203134 0.49680396 0.0018813973)
(0.15845702 0.48189426 -0.00088481169)
(0.16121844 0.46975 -0.0033256744)
(0.16096819 0.45984309 -0.0055080004)
(0.15816484 0.45168341 -0.0074849677)
(0.153223 0.44490574 -0.0092354643)
(0.14652668 0.43926628 -0.010789367)
(0.13846281 0.43448356 -0.01215439)
(0.12938626 0.43039535 -0.013323329)
(0.11962226 0.42687429 -0.014290649)
(0.10946358 0.42374974 -0.015058749)
(0.099158648 0.42072887 -0.015637999)
(0.088912919 0.41726857 -0.016045495)
(0.07890547 0.4124928 -0.016301035)
(0.069271316 0.40517202 -0.016418237)
(0.060111438 0.3941481 -0.0164075)
(0.051511621 0.37856503 -0.016269862)
(0.04353896 0.35815751 -0.015998754)
(0.036244947 0.33331319 -0.015583533)
(0.029665363 0.30493704 -0.015013812)
(0.023819246 0.27420944 -0.014283386)
(0.01870858 0.24234331 -0.013392613)
(0.014319155 0.21040828 -0.012349107)
(0.01062243 0.17924075 -0.011166983)
(0.007578142 0.1494253 -0.0098652887)
(0.005137093 0.12132084 -0.0084661242)
(0.0032440078 0.095106687 -0.0069928617)
(0.0018411774 0.070831842 -0.0054686614)
(0.00087346212 0.048458236 -0.0039153687)
(0.00029044773 0.027894761 -0.0023526752)
(2.2343928e-05 0.0090219538 -0.00079808764)
(0.048098684 0.74499092 -0.0084127675)
(0.021721492 0.67549273 -0.016914128)
(0.07406357 0.6178083 -0.018258462)
(0.10397227 0.57271894 -0.018426259)
(0.12445016 0.53834942 -0.01721723)
(0.1395958 0.51203513 -0.015237428)
(0.14975397 0.49166869 -0.012990343)
(0.15546011 0.47537319 -0.01061275)
(0.15755968 0.46251743 -0.0081058118)
(0.15678149 0.45231822 -0.0054587797)
(0.15370984 0.44413948 -0.0026267797)
(0.14871854 0.43759632 0.00032911224)
(0.14203255 0.43230653 0.0033939169)
(0.1340428 0.42799533 0.0065133103)
(0.1251134 0.42446675 0.0096102249)
(0.11555264 0.42154305 0.012607523)
(0.10562952 0.41901496 0.01543732)
(0.095587623 0.41654734 0.018044719)
(0.085621989 0.41355654 0.020392499)
(0.075901507 0.40914904 0.022452071)
(0.066553357 0.40202651 0.024197313)
(0.057672569 0.39107965 0.025598353)
(0.049346193 0.37550233 0.026619855)
(0.041640452 0.35508771 0.027225239)
(0.034605121 0.33027256 0.027383519)
(0.028273538 0.30199053 0.027076194)
(0.022661733 0.27142896 0.026301762)
(0.017768463 0.23979155 0.025076944)
(0.013576513 0.20813032 0.023434892)
(0.010054945 0.17726222 0.021421494)
(0.0071618939 0.14775477 0.019090917)
(0.0048473772 0.11995398 0.016501282)
(0.003056358 0.094030645 0.013711021)
(0.0017318271 0.070028906 0.010776091)
(0.00082038984 0.047908599 0.0077480573)
(0.00027176269 0.027578371 0.0046733154)
(2.0777782e-05 0.0089196315 0.0015920469)
(0.044531328 0.73071266 -0.024420458)
(0.009427326 0.62868834 -0.045165013)
(0.057872522 0.54856034 -0.046081767)
(0.079663343 0.49272157 -0.043251975)
(0.095062721 0.45575419 -0.037432651)
(0.1069093 0.43156373 -0.030643547)
(0.11485035 0.41565556 -0.023959535)
(0.11936849 0.40516069 -0.01750523)
(0.12121254 0.39837937 -0.011095668)
(0.12094423 0.39424871 -0.0045657078)
(0.11878181 0.39202505 0.0021662852)
(0.11512254 0.39139027 0.0090279503)
(0.11025299 0.39185263 0.015981248)
(0.10435049 0.39304073 0.022917229)
(0.097610833 0.39464422 0.029681592)
(0.090254709 0.39637483 0.036119379)
(0.082501281 0.39789912 0.04209956)
(0.074553143 0.39873052 0.047522404)
(0.066590744 0.39812437 0.052314611)
(0.05876566 0.39506327 0.056409238)
(0.051212953 0.38844368 0.059744199)
(0.0440453 0.37733317 0.062259714)
(0.03735468 0.36126444 0.06388092)
(0.031212102 0.34037991 0.064537772)
(0.025665683 0.31538249 0.064181241)
(0.020740312 0.28734422 0.062795757)
(0.016439287 0.25746938 0.060405618)
(0.012747428 0.22689466 0.057073529)
(0.0096348975 0.1965651 0.05289358)
(0.0070612538 0.16718583 0.047981508)
(0.0049792193 0.13922837 0.042464625)
(0.0033379098 0.11296682 0.036472975)
(0.0020853917 0.0885242 0.030132438)
(0.001171256 0.06591706 0.023559913)
(0.00054945729 0.045092612 0.016860324)
(0.00018025178 0.025956973 0.010125432)
(1.3037365e-05 0.0083952095 0.0034329616)
(0.04142876 0.71275622 -0.035275685)
(0.00018735559 0.57583627 -0.06410974)
(0.043724854 0.47515755 -0.065603192)
(0.056535245 0.41335882 -0.060000144)
(0.066597637 0.37822311 -0.050487852)
(0.074516121 0.35894343 -0.04039487)
(0.079491033 0.34874456 -0.030859263)
(0.082069678 0.3438878 -0.021819946)
(0.08290832 0.342417 -0.012954212)
(0.082394291 0.34327903 -0.0039848109)
(0.080748324 0.34590694 0.0052521214)
(0.078146946 0.34991768 0.014830428)
(0.074706181 0.35492512 0.024625882)
(0.070521938 0.36054603 0.034442569)
(0.065714118 0.36637686 0.044053432)
(0.060428338 0.37196002 0.053228471)
(0.054820564 0.37672325 0.061761036)
(0.049046191 0.37991 0.069479555)
(0.043254584 0.38056527 0.076242053)
(0.0375848 0.37764256 0.0819212)
(0.032160566 0.3702318 0.086391417)
(0.027088503 0.35780972 0.089533737)
(0.022450406 0.34040028 0.091244128)
(0.018298923 0.31857185 0.091458796)
(0.01465822 0.29329222 0.090169403)
(0.011528669 0.26571535 0.087422682)
(0.0088896182 0.23698078 0.08331884)
(0.0067055496 0.20807596 0.078002673)
(0.0049316211 0.17976988 0.071648444)
(0.0035186898 0.15260405 0.064444561)
(0.0024172183 0.12691861 0.056580422)
(0.00157978 0.10289348 0.04823652)
(0.00096285994 0.080591258 0.039577863)
(0.00052762348 0.059994796 0.030750308)
(0.00024150615 0.041036783 0.021879096)
(7.630339e-05 0.023621493 0.013068962)
(4.9784944e-06 0.0076397924 0.0044048937)
(0.040339937 0.69786614 -0.043712417)
(-0.0028306393 0.53614831 -0.078126118)
(0.036100331 0.4252489 -0.079493489)
(0.042119967 0.36508066 -0.071333072)
(0.048209798 0.33583447 -0.058826815)
(0.052758556 0.32241832 -0.046233108)
(0.054972693 0.31681719 -0.034588381)
(0.055493167 0.31523044 -0.023709561)
(0.054890645 0.31597032 -0.013158836)
(0.053478114 0.31843768 -0.0025533224)
(0.051427547 0.32244571 0.0083689703)
(0.048841631 0.3278563 0.019699405)
(0.045791008 0.33442771 0.031345803)
(0.042339243 0.34173608 0.043090603)
(0.038564143 0.34922484 0.054646253)
(0.034558921 0.35617749 0.065704295)
(0.030429914 0.36170921 0.075971136)
(0.026291314 0.36479379 0.085183282)
(0.022258892 0.36437062 0.093106237)
(0.018442085 0.35953582 0.099529438)
(0.014933778 0.34975547 0.10426987)
(0.011798102 0.33500612 0.10719179)
(0.0091304046 0.31577988 0.10825043)
(0.0068462792 0.29296194 0.10746242)
(0.0050100061 0.26763856 0.10486747)
(0.0035621543 0.24090914 0.10060523)
(0.0024531813 0.21374909 0.094877067)
(0.0016299005 0.18693733 0.08791563)
(0.0010384635 0.16103933 0.079964268)
(0.00062863957 0.13642582 0.071260949)
(0.00035638132 0.11330869 0.062026783)
(0.00018475604 0.091780501 0.052458996)
(8.3851458e-05 0.071850453 0.042727686)
(3.0323441e-05 0.053473394 0.032975367)
(6.3218804e-06 0.036571647 0.023318317)
(-1.0599677e-06 0.021050423 0.013848999)
(-8.3944805e-07 0.0068081811 0.004638551)
(0.039913084 0.68436397 -0.051572009)
(-0.0044421864 0.50267493 -0.089266966)
(0.030566898 0.38829695 -0.088937217)
(0.031337166 0.33522016 -0.078571171)
(0.034877578 0.31471691 -0.063531463)
(0.037050468 0.30807918 -0.04889782)
(0.037345594 0.30664751 -0.035541676)
(0.036414105 0.30710304 -0.023189564)
(0.034712291 0.30865692 -0.011346488)
(0.032475372 0.3113071 0.00045059698)
(0.029852661 0.31523084 0.012525128)
(0.026951272 0.32049918 0.02500457)
(0.023855126 0.32694698 0.037814608)
(0.020636371 0.33409742 0.050720897)
(0.017367852 0.34119872 0.063387953)
(0.014129307 0.34727556 0.07543929)
(0.011007624 0.35121507 0.086501167)
(0.0080920443 0.35190577 0.096226397)
(0.0054639422 0.34842449 0.10431021)
(0.0031877269 0.34022342 0.11050475)
(0.00132582 0.32724611 0.11463379)
(-3.0183456e-05 0.30992631 0.11661405)
(-0.0011508079 0.28907447 0.11641416)
(-0.0018208131 0.26570041 0.11411472)
(-0.0021133538 0.24083987 0.10997168)
(-0.0022082241 0.21542311 0.10422793)
(-0.0021180402 0.19020358 0.097160141)
(-0.0019033811 0.16573822 0.089052334)
(-0.0016191301 0.1424015 0.080176383)
(-0.0013076786 0.12041655 0.070779216)
(-0.0010001776 0.099891048 0.061075858)
(-0.00071849907 0.080850478 0.051247083)
(-0.00047657348 0.063265533 0.041440278)
(-0.00028236624 0.047073004 0.031772231)
(-0.00013909097 0.03219079 0.022332873)
(-4.8702229e-05 0.018528148 0.013189577)
(-4.0929381e-06 0.0059923788 0.0043905639)
(0.039351076 0.67055352 -0.058877871)
(-0.0068193422 0.47142575 -0.097420114)
(0.025305952 0.35806903 -0.094671993)
(0.021397765 0.31544146 -0.082693431)
(0.023439928 0.30452936 -0.06558396)
(0.023861687 0.30419513 -0.049372551)
(0.022904893 0.30619284 -0.034639289)
(0.021087068 0.30823147 -0.021052056)
(0.018704069 0.31024117 -0.0081100484)
(0.015942214 0.31275153 0.0046817473)
(0.012935808 0.31623012 0.017665859)
(0.0098084998 0.32085444 0.030964911)
(0.0066704251 0.32640087 0.044493783)
(0.003618783 0.33225115 0.057987848)
(0.00074548337 0.33747027 0.071065869)
(-0.0018587376 0.34093819 0.083292607)
(-0.0041115505 0.34152798 0.094230974)
(-0.0059436427 0.33831157 0.1034845)
(-0.0073061003 0.33073521 0.11072834)
(-0.0081946666 0.31871891 0.11573117)
(-0.008602784 0.30264547 0.1183634)
(-0.0085581809 0.28325006 0.11866439)
(-0.0081972662 0.26145704 0.11679342)
(-0.0075475129 0.23822009 0.11297499)
(-0.0067348517 0.21440346 0.10747008)
(-0.0058286123 0.19071399 0.10060954)
(-0.0048935922 0.16767971 0.092711299)
(-0.0039836772 0.14566073 0.084071199)
(-0.0031382118 0.12487657 0.074951593)
(-0.0023829858 0.10543838 0.065575377)
(-0.0017326041 0.087379315 0.056125076)
(-0.0011928395 0.070679766 0.046745302)
(-0.00076291136 0.055286833 0.037547028)
(-0.00043754969 0.041128446 0.028612605)
(-0.00020955692 0.028123124 0.02000077)
(-7.02355e-05 0.01618642 0.01175155)
(-5.5255355e-06 0.0052349916 0.0038897827)
(0.037935066 0.65610261 -0.065110262)
(-0.010124563 0.44190246 -0.10228609)
(0.019541533 0.33317276 -0.097977211)
(0.011277568 0.3023079 -0.084283964)
(0.012718416 0.30029835 -0.065639322)
(0.011655658 0.30518545 -0.048295879)
(0.0098199907 0.30975328 -0.032475358)
(0.0074349852 0.31284578 -0.017869382)
(0.0046625828 0.31510758 -0.0039739746)
(0.001645768 0.31741239 0.0096787085)
(-0.001500487 0.32032842 0.023394296)
(-0.0046361894 0.32396711 0.037256897)
(-0.007614358 0.32795633 0.051126979)
(-0.010313138 0.3315247 0.064694229)
(-0.012618148 0.33365439 0.07752117)
(-0.014433384 0.33328568 0.089132793)
(-0.015689901 0.32953154 0.09907137)
(-0.016358005 0.32185588 0.10695488)
(-0.016473329 0.31016564 0.11251724)
(-0.016023664 0.29479627 0.11562021)
(-0.015095148 0.27640908 0.11635492)
(-0.013926703 0.25584107 0.11485825)
(-0.012461435 0.23395902 0.11135708)
(-0.010890063 0.21155121 0.10618648)
(-0.0092917414 0.1892642 0.099687478)
(-0.0077399705 0.16758356 0.092194931)
(-0.0062905471 0.14684275 0.084015758)
(-0.0049804876 0.12724713 0.075416858)
(-0.0038306208 0.10890279 0.066620187)
(-0.0028490571 0.091843836 0.057803209)
(-0.0020344151 0.076055298 0.049102701)
(-0.0013787537 0.061490881 0.040620245)
(-0.00086970894 0.048085922 0.032428201)
(-0.00049282657 0.035766414 0.02457546)
(-0.00023303519 0.024455023 0.017092553)
(-7.7532711e-05 0.014074917 0.0099960729)
(-5.7612252e-06 0.0045520815 0.003291772)
(0.035729625 0.64124668 -0.069744572)
(-0.01397514 0.41431546 -0.10345634)
(0.012963533 0.31274849 -0.099701579)
(0.00095209172 0.29309266 -0.083374783)
(0.0020365707 0.29865257 -0.064182496)
(-0.00038943712 0.30754189 -0.046035572)
(-0.0028522318 0.3139375 -0.029385322)
(-0.005606983 0.31775047 -0.013961805)
(-0.0085693684 0.32013807 0.00070735509)
(-0.011631495 0.32211142 0.015029713)
(-0.014663938 0.32417943 0.029235991)
(-0.017518718 0.32629658 0.043329653)
(-0.020022807 0.32792889 0.057096052)
(-0.022044918 0.32833734 0.0701523)
(-0.023477617 0.32653149 0.08203645)
(-0.024237087 0.32173646 0.092278264)
(-0.024306113 0.31347561 0.100475)
(-0.023718392 0.30166531 0.106348)
(-0.02255537 0.2866058 0.1097752)
(-0.020905676 0.26888895 0.11080041)
(-0.018968418 0.2492654 0.10958863)
(-0.016814274 0.22851248 0.10642103)
(-0.014587548 0.20733667 0.1016311)
(-0.012396844 0.18631853 0.095575746)
(-0.010320337 0.16589438 0.088596513)
(-0.0084131866 0.14636412 0.081001203)
(-0.0067090449 0.12791261 0.073052809)
(-0.005223508 0.1106352 0.064965818)
(-0.0039583292 0.094562262 0.056907905)
(-0.0029054547 0.079679611 0.049004888)
(-0.0020504017 0.065944529 0.041347124)
(-0.0013748923 0.053297431 0.033996171)
(-0.00085891709 0.041670039 0.026990965)
(-0.00048222146 0.030990864 0.020353206)
(-0.0002262436 0.021188709 0.014091793)
(-7.4072555e-05 0.012194805 0.0082064034)
(-5.4059037e-06 0.0039440133 0.0026898203)
(0.033661279 0.62628571 -0.072276287)
(-0.018365931 0.38909655 -0.10141844)
(0.0055911306 0.29530936 -0.099445621)
(-0.0091668344 0.28539627 -0.080306549)
(-0.0093549418 0.29697493 -0.061283931)
(-0.01255795 0.30877564 -0.042705703)
(-0.015569276 0.31646919 -0.025531546)
(-0.018559699 0.32076089 -0.0095570459)
(-0.021524129 0.32307513 0.0056184619)
(-0.024374718 0.32438531 0.020319472)
(-0.026983745 0.32508369 0.034652076)
(-0.029192037 0.32501639 0.048510155)
(-0.030854011 0.32365696 0.061602035)
(-0.031846865 0.32022394 0.073507778)
(-0.032083653 0.31414758 0.08378888)
(-0.031555004 0.30503875 0.092052478)
(-0.030311086 0.29284776 0.098028068)
(-0.028456553 0.2778559 0.10160224)
(-0.026133001 0.26059535 0.10282397)
(-0.023496889 0.24173299 0.10188177)
(-0.020707941 0.22195662 0.099057642)
(-0.017901243 0.20188993 0.09469136)
(-0.015190556 0.18204435 0.089141364)
(-0.012657615 0.16280341 0.082748163)
(-0.01035566 0.14442978 0.075813383)
(-0.0083135495 0.12708408 0.068590171)
(-0.0065407216 0.11084765 0.061281114)
(-0.0050323171 0.095744119 0.054041219)
(-0.0037737781 0.081757666 0.046983798)
(-0.0027446096 0.068847124 0.040187487)
(-0.001921245 0.05695639 0.033703296)
(-0.0012791835 0.04602169 0.02756098)
(-0.0007941735 0.035976447 0.021774478)
(-0.00044358577 0.026754419 0.016346303)
(-0.00020678282 0.018291602 0.011271002)
(-6.780588e-05 0.01052731 0.0065381332)
(-4.7568429e-06 0.0034047159 0.0021336857)
(0.03150293 0.61141264 -0.072352262)
(-0.023175453 0.36523505 -0.09680883)
(-0.0032858993 0.27927397 -0.09525308)
(-0.019070892 0.27736642 -0.075674796)
(-0.021437649 0.29320091 -0.056845693)
(-0.025164092 0.3068707 -0.03837393)
(-0.02848858 0.31538317 -0.021085338)
(-0.031496723 0.31986094 -0.0049253406)
(-0.034169555 0.32173419 0.010376402)
(-0.036455379 0.32196158 0.025002294)
(-0.038258917 0.32075657 0.038933116)
(-0.039429356 0.31792055 0.051965497)
(-0.039852479 0.3130162 0.063754631)
(-0.039464633 0.30570163 0.073915259)
(-0.038265687 0.29572499 0.082092644)
(-0.036325758 0.28309893 0.08804317)
(-0.033772058 0.26810369 0.091672654)
(-0.030769139 0.25122308 0.093042723)
(-0.027494996 0.23304807 0.092348872)
(-0.024119572 0.21418149 0.089880715)
(-0.020789479 0.19516647 0.08597688)
(-0.017619547 0.17644617 0.080986247)
(-0.014690376 0.15835123 0.075237354)
(-0.012050865 0.14110633 0.069018269)
(-0.0097235859 0.12484688 0.062567566)
(-0.0077109001 0.10963893 0.056073185)
(-0.0060009019 0.095498157 0.049676234)
(-0.0045724897 0.082405805 0.043477399)
(-0.0033993941 0.070321126 0.037544267)
(-0.0024531301 0.059190491 0.031918442)
(-0.0017050918 0.04895377 0.026621896)
(-0.00112782 0.039548612 0.021662283)
(-0.00069583803 0.030913186 0.017037182)
(-0.00038612957 0.022987849 0.012737378)
(-0.00017920609 0.015716085 0.0087493154)
(-5.772853e-05 0.0090449641 0.0050572149)
(-4.0865137e-06 0.0029253001 0.0016438129)
(0.0292679 0.59639634 -0.069521971)
(-0.028545792 0.34224681 -0.089891869)
(-0.013715954 0.26360426 -0.087514211)
(-0.029412206 0.26738634 -0.069530098)
(-0.033768185 0.28537564 -0.051235694)
(-0.038001229 0.29981616 -0.03330376)
(-0.041357181 0.30861886 -0.016376867)
(-0.044027599 0.31292554 -0.00052175892)
(-0.046033796 0.31401006 0.014380057)
(-0.047344173 0.31262514 0.028341273)
(-0.047896669 0.30903647 0.041243985)
(-0.047619622 0.30322488 0.05282785)
(-0.046482804 0.29504679 0.062769969)
(-0.044515952 0.28445889 0.070774252)
(-0.041814659 0.27157544 0.076637526)
(-0.038529644 0.25669988 0.080292202)
(-0.034844749 0.24028386 0.081814119)
(-0.030951906 0.22285389 0.081402473)
(-0.027029079 0.2049362 0.079342338)
(-0.023224993 0.18699966 0.075961996)
(-0.019651751 0.16942385 0.07159473)
(-0.016384139 0.15248971 0.06655044)
(-0.013463463 0.1363861 0.061098172)
(-0.0109039 0.12122449 0.055458433)
(-0.0086995135 0.1070564 0.049802837)
(-0.0068307349 0.093889893 0.044258335)
(-0.0052697736 0.081703381 0.038913747)
(-0.0039847188 0.070456476 0.033826997)
(-0.0029425037 0.060097883 0.029032019)
(-0.0021108836 0.050570949 0.024544852)
(-0.0014596014 0.041817378 0.020368674)
(-0.00096112541 0.033779598 0.016497813)
(-0.00059073247 0.026402198 0.0129208)
(-0.0003268914 0.019632735 0.0096226378)
(-0.00015098204 0.013422111 0.0065864285)
(-4.9002324e-05 0.0077246989 0.0037945279)
(-3.2952363e-06 0.0024983053 0.0012288873)
(0.027134311 0.58203599 -0.063049681)
(-0.034269175 0.32102066 -0.080483965)
(-0.024208386 0.24795128 -0.0772852)
(-0.040151432 0.25415627 -0.061561584)
(-0.045951301 0.27181755 -0.044642464)
(-0.050530741 0.28571662 -0.027854774)
(-0.05357745 0.29411574 -0.011888551)
(-0.055473679 0.29779005 0.003038351)
(-0.056333548 0.2977225 0.016878953)
(-0.056216419 0.29460234 0.029530198)
(-0.055142632 0.28879102 0.040800385)
(-0.053149872 0.28048645 0.050441277)
(-0.050320374 0.2698617 0.058217981)
(-0.046788677 0.25716687 0.063973257)
(-0.04273292 0.24275706 0.067666726)
(-0.038354665 0.22707366 0.069384575)
(-0.033855048 0.21059585 0.069322372)
(-0.029414018 0.19378699 0.067751341)
(-0.025176704 0.17705274 0.064979422)
(-0.021247696 0.16071799 0.061316346)
(-0.017692025 0.14502107 0.057047787)
(-0.014540466 0.13012042 0.052419888)
(-0.01179691 0.1161077 0.047632849)
(-0.0094460039 0.10302294 0.042841162)
(-0.0074599782 0.090868706 0.03815794)
(-0.0058041441 0.079622124 0.033661248)
(-0.004440982 0.069244163 0.029400932)
(-0.0033329864 0.059686509 0.0254051)
(-0.0024444668 0.050896375 0.021685756)
(-0.0017426031 0.04281973 0.018243466)
(-0.0011979347 0.035403367 0.01507103)
(-0.00078445681 0.028596156 0.01215629)
(-0.0004795763 0.02234974 0.0094841924)
(-0.00026386395 0.01661887 0.0070382564)
(-0.00012142931 0.011361498 0.0048015866)
(-3.8742337e-05 0.0065387382 0.0027575802)
(-2.6028542e-06 0.0021147432 0.0008899237)
(0.025451077 0.57099261 -0.052933282)
(-0.039471034 0.30346261 -0.068275545)
(-0.033891445 0.2326305 -0.064804687)
(-0.050549681 0.23724036 -0.051867266)
(-0.057375214 0.25175224 -0.037272036)
(-0.062021095 0.26335176 -0.022453154)
(-0.064379752 0.27032952 -0.0082208242)
(-0.065080861 0.27287131 0.0050462893)
(-0.06438813 0.27157996 0.017145506)
(-0.062508293 0.26703778 0.027898379)
(-0.059603939 0.25969538 0.037104464)
(-0.055845624 0.24994723 0.044580162)
(-0.051427411 0.23818977 0.050206081)
(-0.046564368 0.22485154 0.053961235)
(-0.041477686 0.21038784 0.055932426)
(-0.036375264 0.19525323 0.056300619)
(-0.031434658 0.17986794 0.055312043)
(-0.026792581 0.16459105 0.053244278)
(-0.022541905 0.14970618 0.05037544)
(-0.018734609 0.13541963 0.046961291)
(-0.015388536 0.12186757 0.043221549)
(-0.012495673 0.10912796 0.039334365)
(-0.010030289 0.097233837 0.03543672)
(-0.0079559263 0.086185673 0.031628468)
(-0.0062308538 0.07596175 0.02797813)
(-0.0048120437 0.066526266 0.024529093)
(-0.0036577764 0.057835311 0.021305447)
(-0.002729244 0.049841078 0.018317035)
(-0.0019913838 0.042494698 0.015563629)
(-0.0014131793 0.035748058 0.01303821)
(-0.00096761748 0.029554909 0.010729473)
(-0.00063152015 0.023871489 0.0086236708)
(-0.00038502512 0.018656815 0.0067059269)
(-0.00021153055 0.013872778 0.0049611279)
(-9.689645e-05 0.0094841102 0.0033745132)
(-3.135019e-05 0.0054582703 0.001932332)
(-2.0059844e-06 0.0017653032 0.00062153109)
(0.023870608 0.56269046 -0.040088526)
(-0.043939377 0.28928749 -0.053137018)
(-0.042174535 0.21838442 -0.050338363)
(-0.0596785 0.21783824 -0.040734452)
(-0.067232085 0.22641975 -0.029401575)
(-0.071696814 0.23348867 -0.017510946)
(-0.073107472 0.23751004 -0.0059042546)
(-0.072357623 0.23814234 0.0049318508)
(-0.069921181 0.23555056 0.014690155)
(-0.066198715 0.23010674 0.023149991)
(-0.061520268 0.22222014 0.030134314)
(-0.056185754 0.21233271 0.035533365)
(-0.050474129 0.20090264 0.039323432)
(-0.044639625 0.18838784 0.041573137)
(-0.038902199 0.17522303 0.042432004)
(-0.033438065 0.16179671 0.042107223)
(-0.028374783 0.14843413 0.040832697)
(-0.023791974 0.13538962 0.038845424)
(-0.019727023 0.12284781 0.036364486)
(-0.016183574 0.11093121 0.033578895)
(-0.013140739 0.099711239 0.030642488)
(-0.0105617 0.089219878 0.02767407)
(-0.0084008802 0.07946049 0.024760709)
(-0.0066092921 0.070416798 0.021962588)
(-0.0051382798 0.062059914 0.019318267)
(-0.0039418607 0.054353524 0.016849642)
(-0.0029780683 0.047257559 0.01456626)
(-0.0022095454 0.040730682 0.012468876)
(-0.0016036593 0.034731899 0.010552276)
(-0.001132288 0.029221564 0.0088074423)
(-0.00077148893 0.024161954 0.0072231625)
(-0.00050100504 0.019517566 0.0057871895)
(-0.00030384447 0.015255237 0.0044870379)
(-0.00016582515 0.011344146 0.003310509)
(-7.5766026e-05 0.007755752 0.0022460182)
(-2.3774179e-05 0.0044636919 0.0012830201)
(-1.6016201e-06 0.0014436574 0.0004116004)
(0.024415382 0.55803222 -0.025269232)
(-0.046974312 0.2799507 -0.035222382)
(-0.048152897 0.2068653 -0.034079933)
(-0.066515598 0.19956712 -0.028512977)
(-0.07455407 0.20056298 -0.021320738)
(-0.078713501 0.20118033 -0.013304313)
(-0.079161327 0.20050692 -0.0051863319)
(-0.077029127 0.1980623 0.0025364215)
(-0.073004961 0.19369245 0.0095126793)
(-0.067687745 0.18751759 0.015496409)
(-0.061566602 0.17975619 0.020332413)
(-0.055042446 0.17071104 0.023958925)
(-0.048441765 0.16072252 0.026388443)
(-0.042021975 0.1501318 0.02770999)
(-0.035973779 0.13925283 0.028066584)
(-0.030424325 0.12835274 0.027632677)
(-0.025444304 0.11764436 0.02658999)
(-0.021060371 0.10728614 0.025109871)
(-0.017263305 0.097386406 0.023343622)
(-0.014020239 0.088012195 0.021416276)
(-0.011283694 0.079198347 0.01942499)
(-0.0089988729 0.070955997 0.017443254)
(-0.0071091296 0.063279673 0.015523027)
(-0.0055596616 0.056152868 0.013698709)
(-0.0042996575 0.049552179 0.011991035)
(-0.0032834062 0.04345025 0.010410492)
(-0.0024707061 0.037817785 0.0089601384)
(-0.0018267806 0.032624899 0.0076378688)
(-0.0013219353 0.027841983 0.0064381596)
(-0.00093107878 0.023440258 0.005353409)
(-0.00063314273 0.019392104 0.0043749149)
(-0.00041061631 0.015671253 0.0034935844)
(-0.00024888133 0.012252893 0.0027004035)
(-0.0001359997 0.009113704 0.001986748)
(-6.1892479e-05 0.0062318577 0.0013445594)
(-1.9973877e-05 0.0035869915 0.00076646801)
(-1.2632071e-06 0.0011601642 0.00024540757)
(0.025430233 0.55593964 -0.0098524051)
(-0.048892773 0.27561748 -0.015269625)
(-0.051468075 0.19986925 -0.01657057)
(-0.070322163 0.18814511 -0.015636405)
(-0.078518243 0.18273101 -0.013259897)
(-0.082331322 0.17726008 -0.0098350759)
(-0.082005363 0.17150621 -0.0058580635)
(-0.078845774 0.16521379 -0.0017469068)
(-0.073711629 0.15843311 0.0021747608)
(-0.067342485 0.15111857 0.0056572597)
(-0.060320528 0.14331585 0.008544751)
(-0.053114635 0.13510908 0.010756191)
(-0.046063237 0.12663062 0.012283306)
(-0.039411223 0.11802851 0.013171748)
(-0.033313195 0.10944198 0.013505127)
(-0.027852143 0.10099094 0.013385499)
(-0.023055236 0.092771029 0.012920297)
(-0.018909562 0.084853071 0.012208836)
(-0.015376005 0.077285575 0.011337239)
(-0.012398359 0.070098142 0.010376512)
(-0.0099144191 0.063306751 0.0093808238)
(-0.0078615853 0.056917005 0.0083891862)
(-0.0061783766 0.050926273 0.0074302019)
(-0.004808681 0.045326538 0.0065226235)
(-0.0037023381 0.040106008 0.0056775772)
(-0.0028154217 0.035250285 0.0049005084)
(-0.0021100777 0.030743215 0.0041927551)
(-0.001554101 0.026567505 0.0035528057)
(-0.0011203445 0.022705196 0.0029772692)
(-0.0007861079 0.019138036 0.002461632)
(-0.00053252066 0.015847775 0.0020008162)
(-0.00034395023 0.012816403 0.0015895851)
(-0.00020754644 0.010026343 0.001222816)
(-0.00011272233 0.0074605994 0.0008956736)
(-5.1254419e-05 0.0051028729 0.00060370349)
(-1.5969338e-05 0.0029376403 0.00034293672)
(-1.0537341e-06 0.00095020955 0.00010947385)
(0.025468106 0.55611222 0.0060459517)
(-0.049178837 0.2764713 0.0055454669)
(-0.051882993 0.20103798 0.0013926432)
(-0.07067652 0.18877874 -0.0025968239)
(-0.078714435 0.18158867 -0.0053938112)
(-0.082233251 0.17353061 -0.0069455503)
(-0.081527638 0.1649787 -0.0074376521)
(-0.077920594 0.15617541 -0.0071576628)
(-0.072327534 0.14730498 -0.0063741232)
(-0.065556629 0.13847973 -0.0053250316)
(-0.058246236 0.12977235 -0.0041965747)
(-0.050867802 0.12122734 -0.0031184051)
(-0.043766982 0.11288809 -0.0021721763)
(-0.037169875 0.10478945 -0.0013966637)
(-0.031206507 0.096959301 -0.00079912801)
(-0.025933212 0.08941943 -0.00036651702)
(-0.021352962 0.082186234 -7.4759383e-05)
(-0.017433071 0.075271389 0.00010415005)
(-0.014119563 0.068682587 0.00019758452)
(-0.011348125 0.062424239 0.00022900192)
(-0.0090502128 0.056497645 0.00022037668)
(-0.0071600312 0.0509021 0.00018753475)
(-0.0056170402 0.045634824 0.00014222255)
(-0.0043658505 0.040690581 9.3198862e-05)
(-0.003358113 0.036062229 4.641923e-05)
(-0.0025520947 0.03174087 5.5995366e-06)
(-0.0019122176 0.027716042 -2.7271446e-05)
(-0.001408482 0.023975944 -5.1489774e-05)
(-0.0010158 0.020507708 -6.7245391e-05)
(-0.00071332185 0.01729767 -7.5306065e-05)
(-0.00048379608 0.014331651 -7.6752315e-05)
(-0.00031306647 0.011595216 -7.2791029e-05)
(-0.00018941764 0.0090739093 -6.4613618e-05)
(-0.00010340497 0.0067534546 -5.3315517e-05)
(-4.6942744e-05 0.0046199228 -3.9850287e-05)
(-1.526231e-05 0.0026598617 -2.4718867e-05)
(-9.0650135e-07 0.00086039489 -8.4723447e-06)
(0.025057988 0.55887384 0.02158912)
(-0.047695877 0.28283284 0.025947668)
(-0.049498975 0.21056248 0.019038184)
(-0.067743841 0.20226174 0.010141376)
(-0.075408424 0.19884247 0.0021887701)
(-0.078770478 0.19322608 -0.0043243475)
(-0.07809752 0.18577763 -0.0092646169)
(-0.074651765 0.17698078 -0.012775288)
(-0.069287 0.16730168 -0.015064069)
(-0.062775858 0.15713462 -0.016354149)
(-0.055730992 0.14679164 -0.01687124)
(-0.048627282 0.13650144 -0.016802953)
(-0.041794354 0.12642718 -0.016310802)
(-0.035454914 0.11668309 -0.015532899)
(-0.029734169 0.10734072 -0.014577226)
(-0.024684573 0.098440848 -0.013525465)
(-0.020306469 0.090002664 -0.01243699)
(-0.016566339 0.082030964 -0.011353155)
(-0.013409012 0.074520798 -0.01030108)
(-0.010770866 0.067462499 -0.0092978042)
(-0.0085867164 0.060843479 -0.0083528887)
(-0.0067919407 0.054648688 -0.007469816)
(-0.0053274446 0.048862076 -0.0066494327)
(-0.0041403594 0.043466918 -0.0058902728)
(-0.0031844377 0.038445991 -0.0051894933)
(-0.0024198732 0.033781672 -0.0045435815)
(-0.0018128506 0.029456025 -0.0039488183)
(-0.0013349109 0.025450904 -0.0034015597)
(-0.00096229058 0.021748087 -0.0028983657)
(-0.00067524281 0.018329414 -0.0024360492)
(-0.00045745988 0.015176948 -0.0020116631)
(-0.00029548574 0.012273123 -0.0016224697)
(-0.00017827426 0.0096008746 -0.0012659047)
(-9.6761837e-05 0.0071437598 -0.00093955272)
(-4.4029944e-05 0.0048860458 -0.00064112454)
(-1.360586e-05 0.0028127761 -0.00036818187)
(-9.234601e-07 0.00090981526 -0.00011861307)
(0.023995774 0.56345271 0.036591447)
(-0.045254156 0.29351686 0.044800532)
(-0.044884407 0.22498396 0.035607297)
(-0.06222727 0.22424533 0.022190463)
(-0.069358922 0.22775489 0.0095053194)
(-0.072750471 0.22737763 -0.0015275349)
(-0.072541142 0.22320728 -0.010597453)
(-0.069802725 0.21601125 -0.017671482)
(-0.065239069 0.20653897 -0.02290384)
(-0.059516172 0.19548504 -0.026491588)
(-0.053183462 0.18344009 -0.02865565)
(-0.046680956 0.17088864 -0.02963434)
(-0.040338043 0.15821487 -0.029657937)
(-0.034382965 0.14571095 -0.028948437)
(-0.028956094 0.13358698 -0.027706877)
(-0.02412683 0.12198391 -0.026105708)
(-0.01991145 0.11098749 -0.024285847)
(-0.016289639 0.1006417 -0.022357308)
(-0.013218291 0.090960456 -0.02040211)
(-0.010642183 0.081937253 -0.01847765)
(-0.0085016359 0.073552422 -0.016623764)
(-0.0067375118 0.065778357 -0.014865383)
(-0.0052943054 0.058583154 -0.013216312)
(-0.0041217708 0.051933002 -0.011682389)
(-0.0031755653 0.04579369 -0.010264002)
(-0.0024172722 0.040131531 -0.0089580047)
(-0.0018140871 0.034913886 -0.0077591346)
(-0.0013382819 0.030109466 -0.0066609964)
(-0.00096661885 0.025688482 -0.0056567226)
(-0.00067975536 0.021622719 -0.0047393746)
(-0.0004616424 0.017885557 -0.0039021864)
(-0.00029908045 0.014451975 -0.0031386841)
(-0.00018113191 0.011298518 -0.0024427551)
(-9.8935105e-05 0.0084032713 -0.0018086712)
(-4.4973e-05 0.0057458081 -0.0012310979)
(-1.4566766e-05 0.0033071362 -0.00070511623)
(-8.9908019e-07 0.0010696362 -0.00022659154)
(0.024504189 0.57050502 0.050414999)
(-0.041894275 0.30783895 0.061371232)
(-0.038500606 0.24274791 0.050643816)
(-0.055059134 0.24875822 0.033344724)
(-0.061714502 0.25907443 0.016583372)
(-0.065408378 0.26375649 0.0016751674)
(-0.066025862 0.26277364 -0.010950431)
(-0.064357735 0.25728189 -0.021205027)
(-0.060970673 0.24833203 -0.02919295)
(-0.056377883 0.23684127 -0.035057106)
(-0.051035309 0.22358497 -0.038980865)
(-0.045338421 0.20922013 -0.041189518)
(-0.039610434 0.19429665 -0.041943174)
(-0.034096438 0.17926092 -0.041519804)
(-0.028965528 0.16445866 -0.040193923)
(-0.024319105 0.15014221 -0.038218175)
(-0.020203411 0.13648248 -0.035811188)
(-0.016623396 0.12358363 -0.03315214)
(-0.013555825 0.11149815 -0.030380785)
(-0.010960196 0.10024069 -0.027601039)
(-0.0087872471 0.089799664 -0.024886418)
(-0.0069849854 0.080146371 -0.022285881)
(-0.0055025785 0.071241762 -0.019829434)
(-0.0042926617 0.063041284 -0.01753301)
(-0.003312525 0.055498171 -0.015402525)
(-0.0025245424 0.048565588 -0.013437065)
(-0.001896128 0.042197972 -0.011631311)
(-0.0013994318 0.036351808 -0.0099772894)
(-0.0010108828 0.030986049 -0.008465608)
(-0.00071069215 0.026062289 -0.0070862634)
(-0.00048234834 0.021544801 -0.0058291725)
(-0.00031212305 0.017400486 -0.0046844917)
(-0.00018868546 0.013598761 -0.0036428085)
(-0.00010267166 0.010111433 -0.0026952449)
(-4.6763817e-05 0.0069125534 -0.0018335118)
(-1.4630268e-05 0.003978261 -0.0010498367)
(-9.6641598e-07 0.001286639 -0.00033737317)
(0.026388241 0.58007675 0.062081675)
(-0.037857024 0.32510285 0.075506524)
(-0.031046421 0.26144539 0.064121849)
(-0.047254997 0.27156531 0.043627233)
(-0.053599286 0.28682918 0.023569577)
(-0.057725416 0.295121 0.0055397123)
(-0.059317767 0.29646692 -0.010000211)
(-0.058919731 0.29237146 -0.023017697)
(-0.056887218 0.28413197 -0.033562944)
(-0.053588761 0.27275331 -0.041702189)
(-0.049381296 0.25904884 -0.047538143)
(-0.044606011 0.24371988 -0.051236396)
(-0.039571583 0.22738697 -0.05303208)
(-0.034538016 0.21059007 -0.053215169)
(-0.029706474 0.19377871 -0.052102831)
(-0.025217145 0.17730582 -0.050009982)
(-0.021154344 0.16142998 -0.047225643)
(-0.017556163 0.14632538 -0.043998261)
(-0.014425885 0.1320962 -0.040529692)
(-0.011742931 0.11879212 -0.036975763)
(-0.0094721414 0.10642291 -0.03345095)
(-0.0075709017 0.094970676 -0.030034952)
(-0.0059942177 0.084399556 -0.026779728)
(-0.0046980337 0.074662967 -0.023716056)
(-0.0036412063 0.065708788 -0.020859188)
(-0.0027865652 0.057482895 -0.018213435)
(-0.0021012817 0.049931488 -0.01577573)
(-0.0015568659 0.043002534 -0.013538274)
(-0.0011289111 0.036646608 -0.011490442)
(-0.00079671426 0.030817327 -0.0096201029)
(-0.00054283991 0.025471518 -0.0079145096)
(-0.00035274305 0.020569221 -0.0063608863)
(-0.00021422764 0.016073589 -0.004946796)
(-0.00011731186 0.011950741 -0.0036603703)
(-5.3501097e-05 0.0081695685 -0.0024904402)
(-1.7338181e-05 0.0047015485 -0.001426388)
(-1.0799095e-06 0.0015205423 -0.00045862508)
(0.028152551 0.59129348 0.071164262)
(-0.033679654 0.34396153 0.087411986)
(-0.023300642 0.27934151 0.076172374)
(-0.03951923 0.29083762 0.053144056)
(-0.045565822 0.30897536 0.030609256)
(-0.050125273 0.31959963 0.010218523)
(-0.052654279 0.32266626 -0.0076620312)
(-0.053472015 0.31993156 -0.023026807)
(-0.052773719 0.31279437 -0.035902263)
(-0.050793214 0.30221451 -0.046280333)
(-0.047782432 0.28891458 -0.054162245)
(-0.044012058 0.27352774 -0.059613258)
(-0.039757361 0.25665939 -0.062793089)
(-0.035277676 0.2388886 -0.063954219)
(-0.030797053 0.22074266 -0.063415973)
(-0.026491672 0.20267023 -0.061527889)
(-0.022485872 0.18502576 -0.058634553)
(-0.018855437 0.1680679 -0.055049201)
(-0.015635554 0.15196849 -0.05103836)
(-0.012830563 0.13682735 -0.046816336)
(-0.010423506 0.12268868 -0.04254678)
(-0.0083842511 0.10955622 -0.038348441)
(-0.0066757866 0.097406095 -0.034302759)
(-0.0052587161 0.086196721 -0.030461713)
(-0.0040942529 0.075876213 -0.026855002)
(-0.0031460023 0.066387591 -0.023496134)
(-0.0023809275 0.057672311 -0.020387298)
(-0.0017697281 0.049672567 -0.017523107)
(-0.0012868681 0.042332699 -0.014893358)
(-0.00091036079 0.0356 -0.012485006)
(-0.00062148487 0.02942512 -0.010283535)
(-0.00040438558 0.023762202 -0.0082738981)
(-0.00024573718 0.018568859 -0.0064411224)
(-0.00013439452 0.013806049 -0.0047707112)
(-6.1529471e-05 0.0094378933 -0.0032488804)
(-1.9390181e-05 0.0054314725 -0.0018624881)
(-1.304573e-06 0.0017566101 -0.00059953738)
(0.029858287 0.60409299 0.077345286)
(-0.02952126 0.36413606 0.097369247)
(-0.015670957 0.29602317 0.086875026)
(-0.032233315 0.30636545 0.061903952)
(-0.037795122 0.32561724 0.037643006)
(-0.042634264 0.3376995 0.015544843)
(-0.045907745 0.34219295 -0.0041182682)
(-0.047751384 0.34092994 -0.021390238)
(-0.048248365 0.33531066 -0.036295825)
(-0.047519908 0.32617735 -0.048777253)
(-0.045713329 0.31408207 -0.058740977)
(-0.043013795 0.29950152 -0.066134304)
(-0.039640245 0.28294294 -0.071003171)
(-0.035827923 0.2649611 -0.073513906)
(-0.03180522 0.24612441 -0.073940264)
(-0.027772776 0.22696591 -0.072627846)
(-0.023890064 0.20794306 -0.069951059)
(-0.020270657 0.18941639 -0.066274742)
(-0.016984697 0.1716464 -0.061926916)
(-0.014065764 0.15480329 -0.057183893)
(-0.011519532 0.13898289 -0.052265766)
(-0.0093322425 0.12422427 -0.047339047)
(-0.0074779729 0.11052575 -0.042523353)
(-0.0059242779 0.097858171 -0.037899707)
(-0.0046362547 0.086175145 -0.033518909)
(-0.0035792606 0.075420507 -0.029409054)
(-0.0027205955 0.065533523 -0.025581827)
(-0.0020304073 0.056452375 -0.0220375)
(-0.0014820881 0.048116388 -0.01876874)
(-0.0010523423 0.040467375 -0.015763399)
(-0.00072101652 0.033450382 -0.013006527)
(-0.00047090042 0.027014046 -0.010481759)
(-0.00028729903 0.021110688 -0.0081722766)
(-0.00015793827 0.015696262 -0.0060614342)
(-7.2415254e-05 0.010730207 -0.0041331664)
(-2.3423136e-05 0.0061752435 -0.0023722263)
(-1.5079869e-06 0.0019971617 -0.00076468677)
(0.031392243 0.6169721 0.080727968)
(-0.025473148 0.38440578 0.1055763)
(-0.008382045 0.31145684 0.096201846)
(-0.025582766 0.31866476 0.069837873)
(-0.030304111 0.33759295 0.044534594)
(-0.03522634 0.35046089 0.021273655)
(-0.039007202 0.35613914 0.00032665821)
(-0.041638126 0.35636381 -0.018398678)
(-0.043131664 0.35249627 -0.034960781)
(-0.043526904 0.3452586 -0.049295209)
(-0.042876238 0.33500683 -0.061245274)
(-0.041273667 0.32200137 -0.070648851)
(-0.03886434 0.3065699 -0.077420254)
(-0.03583628 0.28916247 -0.081601296)
(-0.03239961 0.2703274 -0.083372279)
(-0.0287618 0.25064826 -0.083028624)
(-0.025106548 0.23067728 -0.080937727)
(-0.021580499 0.21088701 -0.077491823)
(-0.018288609 0.19164663 -0.073068331)
(-0.015296276 0.17321968 -0.068003012)
(-0.012635582 0.15577539 -0.062576198)
(-0.010313102 0.13940637 -0.057009489)
(-0.0083175624 0.12414743 -0.051469393)
(-0.0066263959 0.10999239 -0.046074718)
(-0.0052108458 0.096907814 -0.04090533)
(-0.0040396602 0.084843411 -0.036010757)
(-0.0030815762 0.07373956 -0.031417809)
(-0.002306888 0.063532494 -0.027136903)
(-0.001688314 0.054157731 -0.023167048)
(-0.001201408 0.045552244 -0.019499631)
(-0.00082464936 0.037655757 -0.016121216)
(-0.00053932305 0.030411451 -0.013015551)
(-0.0003293559 0.02376628 -0.010164983)
(-0.00018104439 0.017671045 -0.0075514174)
(-8.3237277e-05 0.012080316 -0.005156976)
(-2.6545714e-05 0.0069522676 -0.0029643137)
(-1.7722031e-06 0.0022484659 -0.00095726577)
(0.032771535 0.62912599 0.081931912)
(-0.021928204 0.40431419 0.11187649)
(-0.0017672279 0.32625627 0.10403611)
(-0.01963535 0.32854704 0.076851911)
(-0.023070647 0.34588448 0.051131929)
(-0.027944201 0.35890138 0.027142404)
(-0.03200803 0.36544763 0.0053439318)
(-0.035181782 0.36700805 -0.014389995)
(-0.037450821 0.36489813 -0.03219198)
(-0.038797875 0.3597583 -0.048037126)
(-0.039199469 0.35176961 -0.06175132)
(-0.038665659 0.34095389 -0.073094264)
(-0.03726143 0.32739453 -0.081855346)
(-0.035110689 0.31135033 -0.087932584)
(-0.032383605 0.29326668 -0.091374174)
(-0.029273657 0.27371693 -0.092378415)
(-0.025972619 0.25331651 -0.091261211)
(-0.022650192 0.23264445 -0.088407335)
(-0.019441733 0.21219104 -0.084221092)
(-0.01644416 0.19233472 -0.079086783)
(-0.013718116 0.17334199 -0.073343068)
(-0.011293759 0.15538111 -0.067270642)
(-0.009177919 0.13854166 -0.061090137)
(-0.0073610529 0.12285455 -0.054966608)
(-0.0058231673 0.10830953 -0.049017408)
(-0.0045384784 0.094869344 -0.04332116)
(-0.0034787522 0.082480224 -0.037926391)
(-0.0026156035 0.071079476 -0.032859113)
(-0.0019219336 0.060600636 -0.028129043)
(-0.0013727539 0.050976856 -0.023734523)
(-0.00094557159 0.042143027 -0.019666249)
(-0.0006205405 0.034037035 -0.015910046)
(-0.0003802624 0.026600421 -0.012448869)
(-0.00020988356 0.019778673 -0.0092642196)
(-9.6666977e-05 0.013521267 -0.0063371331)
(-3.134841e-05 0.0077815751 -0.0036486148)
(-2.0615736e-06 0.002516679 -0.0011805009)
(0.033951913 0.64057559 0.08158425)
(-0.018829097 0.42367113 0.11663107)
(0.0038144494 0.34030375 0.10988847)
(-0.01420453 0.33675507 0.082840803)
(-0.016054189 0.35142785 0.057278016)
(-0.020869748 0.36394701 0.032902944)
(-0.025024829 0.37096253 0.010629051)
(-0.02851521 0.37357223 -0.009704319)
(-0.031337019 0.37303791 -0.028323308)
(-0.033438138 0.36996826 -0.045284716)
(-0.034741564 0.3644225 -0.060442613)
(-0.035190382 0.35620781 -0.073523427)
(-0.03477478 0.34513249 -0.084220856)
(-0.033547596 0.33119071 -0.092293978)
(-0.031622797 0.314633 -0.097638478)
(-0.029159729 0.29593838 -0.10031698)
(-0.026339363 0.27572658 -0.10054815)
(-0.023340086 0.2546548 -0.098666635)
(-0.020318897 0.23333206 -0.095070587)
(-0.017400505 0.21226648 -0.090171789)
(-0.014674037 0.19184472 -0.084357249)
(-0.012195315 0.17233513 -0.077965283)
(-0.0099923069 0.15390425 -0.071274721)
(-0.0080716831 0.13663824 -0.064503912)
(-0.0064251577 0.120564 -0.057815828)
(-0.0050348432 0.10566733 -0.051326211)
(-0.003877458 0.091907286 -0.045112566)
(-0.0029273691 0.079226826 -0.039222716)
(-0.002158691 0.067560349 -0.033682231)
(-0.0015465948 0.056838833 -0.028500544)
(-0.0010681036 0.04699318 -0.023675754)
(-0.00070243466 0.037956298 -0.01919831)
(-0.00043113623 0.029664312 -0.015053738)
(-0.00023810427 0.022057202 -0.011224629)
(-0.00010998702 0.015079064 -0.0076920594)
(-3.5252979e-05 0.0086781254 -0.0044363655)
(-2.442263e-06 0.0028066378 -0.0014382236)
(0.034972807 0.65143316 0.079869694)
(-0.016068077 0.44289905 0.11964408)
(0.0083604708 0.35429009 0.11363371)
(-0.0088340932 0.34402919 0.088209161)
(-0.0092087565 0.35508463 0.062888119)
(-0.014067176 0.36644822 0.038358222)
(-0.018147948 0.37348417 0.015932446)
(-0.021760863 0.37676138 -0.0046385152)
(-0.024932877 0.37750316 -0.023692154)
(-0.027591739 0.37629772 -0.041366946)
(-0.029622016 0.37314223 -0.057589011)
(-0.030923405 0.36770635 -0.072103245)
(-0.03142676 0.35953592 -0.084550735)
(-0.031118238 0.34831931 -0.094579101)
(-0.030048108 0.33402981 -0.10193464)
(-0.028325947 0.31695526 -0.1065229)
(-0.026103143 0.29763535 -0.108427)
(-0.023549459 0.27674977 -0.10788691)
(-0.020830547 0.25500249 -0.10525364)
(-0.018091112 0.23303309 -0.10093494)
(-0.015445546 0.21136606 -0.095346224)
(-0.012975404 0.19039437 -0.088874031)
(-0.010731775 0.17038652 -0.081854079)
(-0.0087403635 0.15150594 -0.074561968)
(-0.0070074982 0.13383434 -0.067213102)
(-0.0055258504 0.11739392 -0.059968219)
(-0.0042793057 0.10216604 -0.052941616)
(-0.0032467447 0.088105759 -0.046210035)
(-0.0024048186 0.075152569 -0.039821028)
(-0.0017298587 0.063237863 -0.033800199)
(-0.0011990765 0.052290027 -0.028157164)
(-0.00079132545 0.042237715 -0.02289024)
(-0.00048735097 0.033011877 -0.017990057)
(-0.0002701716 0.024546925 -0.013442242)
(-0.00012505029 0.016781328 -0.0092293921)
(-4.061817e-05 0.0096578376 -0.005332485)
(-2.7879315e-06 0.0031234935 -0.0017322053)
(0.036045504 0.6618112 0.076842361)
(-0.013699452 0.46183932 0.1210754)
(0.012223714 0.36824595 0.11537103)
(-0.003220603 0.35093602 0.093021326)
(-0.0028773967 0.35765313 0.067643896)
(-0.0075848466 0.36719238 0.043320408)
(-0.011397462 0.37376708 0.021058167)
(-0.014997888 0.37735458 0.00055334421)
(-0.018358475 0.37895353 -0.018591875)
(-0.021378216 0.37924911 -0.036606007)
(-0.023953064 0.37827308 -0.053507601)
(-0.02595297 0.37556201 -0.069086481)
(-0.027262505 0.37048908 -0.082990587)
(-0.027816586 0.36244288 -0.094798031)
(-0.027605092 0.3510676 -0.10413205)
(-0.026680128 0.33636771 -0.11074283)
(-0.025148687 0.31870103 -0.11455596)
(-0.02315451 0.29868558 -0.11567887)
(-0.020856031 0.27706841 -0.11437208)
(-0.018406117 0.25460171 -0.11099963)
(-0.015937373 0.23195414 -0.10597485)
(-0.013554276 0.20966427 -0.09971326)
(-0.011331151 0.18812908 -0.092598399)
(-0.0093145923 0.1676153 -0.084961808)
(-0.0075281834 0.14828176 -0.077075102)
(-0.0059779276 0.1302046 -0.0691506)
(-0.0046574006 0.11340044 -0.061347077)
(-0.0035521185 0.097845503 -0.053777878)
(-0.002642952 0.083490357 -0.046519574)
(-0.0019086402 0.070270567 -0.039620056)
(-0.0013275258 0.058114181 -0.033105548)
(-0.00087865884 0.046946718 -0.026986387)
(-0.00054249454 0.036694374 -0.021261598)
(-0.00030130883 0.027285985 -0.015922415)
(-0.00013988573 0.018654139 -0.010954933)
(-4.5265002e-05 0.010735719 -0.006341949)
(-3.1826362e-06 0.0034720988 -0.0020647336)
(0.036730709 0.67166418 0.072724053)
(-0.011819814 0.48093722 0.1207495)
(0.015879696 0.38282179 0.11602525)
(0.0026038162 0.35801535 0.096752812)
(0.0027608451 0.3597727 0.071558361)
(-0.0011990215 0.36688506 0.04778561)
(-0.0046901509 0.37254601 0.025902137)
(-0.0081946438 0.37604899 0.0056851753)
(-0.011619027 0.37816622 -0.013277547)
(-0.014870292 0.37955233 -0.031308782)
(-0.017817385 0.38031821 -0.048517921)
(-0.020341517 0.38008226 -0.064779701)
(-0.022321251 0.37805765 -0.079777661)
(-0.023641988 0.37339871 -0.093074834)
(-0.024248286 0.3654171 -0.1042144)
(-0.024136639 0.35376832 -0.11281628)
(-0.023361758 0.33852559 -0.11864942)
(-0.022027031 0.32013908 -0.121667)
(-0.020267097 0.29931605 -0.12200235)
(-0.018227915 0.27687422 -0.11993392)
(-0.016049215 0.25361327 -0.11583381)
(-0.013851787 0.23022861 -0.11011681)
(-0.01173047 0.20727015 -0.10319588)
(-0.0097526703 0.18513638 -0.095449499)
(-0.0079608339 0.16409006 -0.087203741)
(-0.0063767226 0.1442836 -0.078725633)
(-0.0050062371 0.12578605 -0.07022435)
(-0.0038440063 0.10860723 -0.061856968)
(-0.0028772737 0.092717238 -0.053736339)
(-0.0020889586 0.078061332 -0.045939403)
(-0.0014599127 0.064570566 -0.038514949)
(-0.00097052594 0.052169178 -0.031490372)
(-0.00060165058 0.040779478 -0.024877238)
(-0.00033553117 0.030324958 -0.018675731)
(-0.00015624161 0.020732169 -0.01287809)
(-5.1042184e-05 0.011931748 -0.007471041)
(-3.5923625e-06 0.0038589177 -0.0024381103)
(0.036907688 0.68078745 0.067855091)
(-0.010348019 0.49993204 0.11828619)
(0.019132048 0.39838004 0.11604034)
(0.0082326373 0.36594121 0.099021559)
(0.0081342042 0.36213643 0.074787161)
(0.0051889344 0.36621961 0.051716435)
(0.0020189145 0.37052166 0.030368161)
(-0.0013101045 0.37357598 0.010618968)
(-0.0046862901 0.37583029 -0.0079561435)
(-0.0080172704 0.37789885 -0.025740407)
(-0.011195201 0.37999117 -0.042932502)
(-0.014095182 0.38178785 -0.059508576)
(-0.016585795 0.3825282 -0.075211318)
(-0.018547334 0.38121669 -0.089631217)
(-0.019888549 0.37687912 -0.10228117)
(-0.020561319 0.3688032 -0.11269403)
(-0.020569434 0.35669734 -0.12050708)
(-0.019968259 0.3407306 -0.1255203)
(-0.018854445 0.32146002 -0.12771947)
(-0.017348879 0.29968763 -0.1272635)
(-0.015588905 0.27630204 -0.12444014)
(-0.013695943 0.25214822 -0.11962427)
(-0.01178128 0.22794543 -0.11323063)
(-0.0099299982 0.20425199 -0.10566616)
(-0.00820316 0.18146529 -0.097301498)
(-0.0066397989 0.15984191 -0.088455665)
(-0.0052604862 0.13952603 -0.079390482)
(-0.0040714906 0.12057809 -0.070311921)
(-0.003068811 0.10299983 -0.061375633)
(-0.0022416089 0.086754187 -0.052694426)
(-0.001574964 0.071780226 -0.044346146)
(-0.0010518768 0.058003773 -0.036381066)
(-0.00065472283 0.045344674 -0.028828321)
(-0.0003663458 0.033721574 -0.021701267)
(-0.00017130937 0.023054903 -0.01500176)
(-5.589814e-05 0.013268648 -0.008723353)
(-4.0485755e-06 0.0042912972 -0.0028541987)
(0.037154792 0.68920272 0.062558367)
(-0.0093198729 0.51866464 0.11390226)
(0.021488386 0.41516138 0.11466291)
(0.013456684 0.37532118 0.099762714)
(0.013521343 0.36555918 0.077176712)
(0.011592042 0.3659703 0.054985681)
(0.0088859057 0.36842114 0.034344394)
(0.0058268579 0.37066577 0.015223022)
(0.002593506 0.37272304 -0.0027877946)
(-0.00071207662 0.37508947 -0.020115691)
(-0.0039853258 0.37803973 -0.037034067)
(-0.0071094025 0.38137926 -0.053594954)
(-0.0099614583 0.38443472 -0.06962483)
(-0.012421377 0.3861809 -0.084764622)
(-0.014384943 0.38546025 -0.098540778)
(-0.01577547 0.38123838 -0.11045026)
(-0.016555197 0.37282894 -0.12004285)
(-0.016732471 0.3600261 -0.12699064)
(-0.016358229 0.34311334 -0.13113155)
(-0.015492052 0.32276261 -0.13248557)
(-0.014315614 0.29987293 -0.13122666)
(-0.012871539 0.27540226 -0.12765347)
(-0.011297341 0.25023774 -0.12214217)
(-0.0096922302 0.2251188 -0.1150982)
(-0.0081316508 0.20060883 -0.10691565)
(-0.0066714823 0.17710118 -0.097954255)
(-0.0053484438 0.15484381 -0.088524666)
(-0.0041827158 0.13397061 -0.078883067)
(-0.0031815444 0.11453168 -0.069232316)
(-0.0023427814 0.096519238 -0.059727047)
(-0.0016578991 0.079887871 -0.050480609)
(-0.0011144412 0.064569515 -0.041572423)
(-0.00069775897 0.050484 -0.033054924)
(-0.00039263873 0.037546187 -0.024959659)
(-0.00018446564 0.025670591 -0.017302383)
(-6.0809053e-05 0.014774221 -0.010087151)
(-4.4385157e-06 0.0047782324 -0.003309873)
(0.03733648 0.69702473 0.057027923)
(-0.0085068468 0.53718999 0.10807628)
(0.023779621 0.43295733 0.11187081)
(0.018298336 0.38625898 0.098939656)
(0.019059559 0.37046498 0.078360349)
(0.018204088 0.36684779 0.057386897)
(0.016135536 0.36701269 0.037676254)
(0.013473133 0.36810289 0.019354103)
(0.010486983 0.36967599 0.0020620569)
(0.0073129508 0.37203046 -0.014638632)
(0.0040623401 0.37543647 -0.031066662)
(0.00084752991 0.37981408 -0.047339929)
(-0.0022200029 0.3846271 -0.063353333)
(-0.0050329002 0.38892414 -0.078806441)
(-0.0074919473 0.39149469 -0.093266611)
(-0.0095093614 0.39109038 -0.1062418)
(-0.01102034 0.38667139 -0.11724824)
(-0.01199204 0.3776151 -0.12588134)
(-0.012438448 0.36382385 -0.13186011)
(-0.012371609 0.3457063 -0.1350471)
(-0.011837333 0.32405289 -0.13552917)
(-0.011054668 0.29985693 -0.13349582)
(-0.0099734138 0.27414132 -0.12921222)
(-0.00877248 0.24783136 -0.1230516)
(-0.0075205149 0.22168288 -0.11540212)
(-0.0062862078 0.19626107 -0.10664398)
(-0.0051217118 0.17195243 -0.097124521)
(-0.0040621453 0.14899379 -0.0871448)
(-0.0031279918 0.12750648 -0.076954623)
(-0.0023282144 0.10752833 -0.066753535)
(-0.0016632028 0.089040342 -0.056695356)
(-0.0011273211 0.071987356 -0.046894442)
(-0.00071104486 0.056293017 -0.037432411)
(-0.00040273013 0.041870241 -0.028364554)
(-0.00019050749 0.028628179 -0.01972552)
(-6.3093915e-05 0.016476653 -0.011534021)
(-4.7474413e-06 0.0053288386 -0.0037970926)
(0.037410358 0.70439702 0.051303728)
(-0.007878799 0.55573352 0.10093352)
(0.026383215 0.45214198 0.10715689)
(0.02324404 0.39983186 0.096527516)
(0.025003615 0.37785825 0.07813055)
(0.025349085 0.369793 0.058690038)
(0.024113447 0.3672412 0.040164225)
(0.022008071 0.36684225 0.02283578)
(0.019403159 0.36768626 0.0064175286)
(0.016484267 0.36979862 -0.0095072697)
(0.013381438 0.37336118 -0.025274822)
(0.010209186 0.37834509 -0.041038498)
(0.0070682506 0.38434076 -0.056737291)
(0.004048083 0.39053562 -0.072119555)
(0.0012296603 0.39579141 -0.086799704)
(-0.0012989719 0.3987978 -0.10032438)
(-0.0034672159 0.39828149 -0.1122319)
(-0.0052213866 0.3932449 -0.12210406)
(-0.0065178721 0.38315465 -0.12960617)
(-0.0073516422 0.36803182 -0.13451636)
(-0.0077269067 0.34841281 -0.13673645)
(-0.0077106799 0.3252039 -0.13632749)
(-0.007348415 0.29948867 -0.13352114)
(-0.0067684674 0.27235095 -0.12856589)
(-0.0060248472 0.24474908 -0.12181237)
(-0.0051976846 0.21745077 -0.11362794)
(-0.0043500678 0.19101861 -0.10437121)
(-0.0035302991 0.16582818 -0.094371431)
(-0.0027727359 0.14210163 -0.083916324)
(-0.0020994478 0.11994471 -0.073247083)
(-0.0015223544 0.099380475 -0.062558739)
(-0.0010455303 0.080376738 -0.052003836)
(-0.00066722693 0.062866979 -0.041697781)
(-0.00038200906 0.046765332 -0.031724756)
(-0.0001824656 0.031976862 -0.022143462)
(-6.1329935e-05 0.018404308 -0.012992114)
(-4.7411893e-06 0.0059522927 -0.0042932457)
(0.03736332 0.71148316 0.045447819)
(-0.0073591572 0.57448366 0.092422914)
(0.028852033 0.47305158 0.10056743)
(0.028399758 0.41644844 0.092322479)
(0.031555511 0.38872712 0.076245251)
(0.033367349 0.37601837 0.058613821)
(0.033250434 0.37039444 0.041536734)
(0.031941175 0.36820564 0.025413755)
(0.029917008 0.36812128 0.010037453)
(0.027431427 0.36984617 -0.0049685088)
(0.024638425 0.37338379 -0.019924617)
(0.021657874 0.37866162 -0.034987222)
(0.018580122 0.38533167 -0.05010897)
(0.015477552 0.39271436 -0.065062605)
(0.012416332 0.39982267 -0.079499084)
(0.0094644224 0.40543911 -0.093012541)
(0.0066934794 0.40824542 -0.10519635)
(0.0041760392 0.40700971 -0.11566996)
(0.0019801723 0.40080593 -0.12410655)
(0.00015949675 0.38920047 -0.13025258)
(-0.0012488371 0.37233403 -0.13394774)
(-0.0022320229 0.35086751 -0.13514867)
(-0.0028918723 0.32581819 -0.13387187)
(-0.0031604914 0.29835464 -0.13033703)
(-0.0031843033 0.26961468 -0.12480226)
(-0.0030100534 0.24058182 -0.1175787)
(-0.0027017924 0.21202759 -0.10899967)
(-0.0023173202 0.18450484 -0.09939411)
(-0.0019034068 0.15837215 -0.089067343)
(-0.0014954101 0.13383199 -0.078289366)
(-0.0011183564 0.11097054 -0.067289646)
(-0.00078840918 0.089792924 -0.056256633)
(-0.00051455884 0.070251353 -0.045340332)
(-0.00030041085 0.052266155 -0.034656571)
(-0.00014623892 0.035740625 -0.024291909)
(-5.002582e-05 0.020571037 -0.014308419)
(-4.149006e-06 0.0066530777 -0.0047485601)
(0.037291061 0.71850035 0.039475458)
(-0.0068097683 0.59383431 0.082487256)
(0.031328746 0.4962714 0.091888233)
(0.033960911 0.43702262 0.085932549)
(0.039006638 0.40442963 0.072292234)
(0.042701692 0.38724891 0.05672916)
(0.044127144 0.37841344 0.041373159)
(0.043998329 0.37424802 0.026692023)
(0.042889827 0.37312452 0.01254355)
(0.04112158 0.37440707 -0.0013860258)
(0.03887389 0.37783303 -0.01536456)
(0.036266206 0.38318072 -0.029509955)
(0.033376484 0.39006796 -0.043756783)
(0.030262203 0.39789664 -0.057882483)
(0.026979681 0.40585436 -0.071567199)
(0.023594819 0.41293161 -0.084458899)
(0.02018502 0.41795366 -0.096216388)
(0.016839611 0.4196691 -0.10653634)
(0.013652403 0.41691791 -0.11515502)
(0.010713393 0.40885441 -0.12184372)
(0.008097695 0.39514542 -0.12642145)
(0.0058582122 0.37605005 -0.1287754)
(0.0040172084 0.3523492 -0.12889104)
(0.0025698303 0.3251635 -0.12681824)
(0.0014846558 0.29573503 -0.12270434)
(0.00071400026 0.2652419 -0.11677272)
(0.00020243708 0.23467961 -0.10929445)
(-0.00010657572 0.20481117 -0.10056227)
(-0.0002654418 0.17616879 -0.090868213)
(-0.00031960433 0.14908507 -0.080486872)
(-0.00030653635 0.12373567 -0.069664708)
(-0.00025559994 0.10018187 -0.058614628)
(-0.000188648 0.078406973 -0.047514651)
(-0.00012127348 0.058344845 -0.036509334)
(-6.3955773e-05 0.039900827 -0.025712781)
(-2.3984575e-05 0.0229662 -0.015212381)
(-2.4073953e-06 0.0074277625 -0.0050730776)
(0.037292452 0.72562125 0.033489517)
(-0.0066611754 0.61414371 0.071280886)
(0.033922102 0.52252784 0.080826624)
(0.040257952 0.4629188 0.076835219)
(0.047878137 0.42706001 0.06566424)
(0.05410239 0.40626122 0.052383368)
(0.057737322 0.39459053 0.039008408)
(0.059407031 0.38860481 0.026005555)
(0.059740446 0.38647402 0.013303286)
(0.059092711 0.38724974 0.00068304543)
(0.057674694 0.39039353 -0.012050399)
(0.05560283 0.39545321 -0.024933015)
(0.052943523 0.4019412 -0.037860148)
(0.049757466 0.40929328 -0.050611026)
(0.046118996 0.41686395 -0.062901445)
(0.042121119 0.42390945 -0.074441166)
(0.037873143 0.429545 -0.084973296)
(0.033494458 0.43271565 -0.094287995)
(0.029109358 0.43225208 -0.10221387)
(0.024839213 0.42704928 -0.10859781)
(0.020796671 0.41632668 -0.11330191)
(0.017077029 0.39984634 -0.11620981)
(0.013748603 0.37798621 -0.11723833)
(0.010849724 0.35164739 -0.11636255)
(0.0083897417 0.32204718 -0.11362795)
(0.0063530173 0.29048684 -0.10915132)
(0.0047056837 0.25816514 -0.10310988)
(0.0034028942 0.22606784 -0.095723115)
(0.002395154 0.19492902 -0.08723255)
(0.0016331083 0.16524286 -0.07788341)
(0.0010707191 0.13730229 -0.067910327)
(0.00066705662 0.11124603 -0.057527669)
(0.00038701981 0.08710326 -0.046924103)
(0.00020148063 0.064830718 -0.036260499)
(8.7047168e-05 0.044340997 -0.025670185)
(2.5477571e-05 0.025522801 -0.015260585)
(1.1020336e-06 0.0082546857 -0.0051161294)
(0.037597767 0.73347152 0.027538948)
(-0.0062752597 0.63697234 0.058726475)
(0.037517785 0.55431602 0.066722167)
(0.048597584 0.49756195 0.064271576)
(0.05975881 0.46112945 0.055478477)
(0.069448985 0.43857952 0.044576847)
(0.076218666 0.4251305 0.033398586)
(0.080465339 0.41771378 0.022376159)
(0.082798323 0.41445752 0.011488492)
(0.083571252 0.41420705 0.00060301616)
(0.08306189 0.41625903 -0.010335124)
(0.081406364 0.41996371 -0.021297445)
(0.078695813 0.42476915 -0.032161013)
(0.075043933 0.43017183 -0.042731224)
(0.07059407 0.43569948 -0.052786514)
(0.065511919 0.44087788 -0.062119884)
(0.059973049 0.44515571 -0.070563194)
(0.0541491 0.44779788 -0.07799459)
(0.048206406 0.44782152 -0.084336025)
(0.042296589 0.44406646 -0.089520409)
(0.036559324 0.43543649 -0.093482988)
(0.031114983 0.42120671 -0.096150813)
(0.026061239 0.40125207 -0.097442845)
(0.021469911 0.37609652 -0.097294479)
(0.017384475 0.34677578 -0.095679015)
(0.013821003 0.31459707 -0.092621666)
(0.010771993 0.28089591 -0.088202574)
(0.0082117722 0.24685694 -0.082549977)
(0.0061022499 0.21341978 -0.075827278)
(0.0043981388 0.18125706 -0.068218064)
(0.0030511902 0.15079896 -0.059912141)
(0.0020132781 0.12227964 -0.051094285)
(0.0012385887 0.095787916 -0.041936248)
(0.00068510274 0.071312838 -0.032591846)
(0.00031647289 0.048780114 -0.023194532)
(0.00010149858 0.028079093 -0.013856651)
(6.8491911e-06 0.0090815405 -0.0046705134)
(0.039153699 0.74310303 0.020800092)
(-0.0024990538 0.6663115 0.043799617)
(0.044813306 0.59800669 0.048698477)
(0.062496411 0.54852181 0.047182651)
(0.078268225 0.51483079 0.040667715)
(0.092153786 0.49246049 0.032300891)
(0.10254301 0.4778064 0.023670892)
(0.10955449 0.46842573 0.015139146)
(0.11371992 0.46268622 0.0067373164)
(0.11553439 0.45956825 -0.0015409704)
(0.11533704 0.4583425 -0.0096798897)
(0.11332177 0.45839997 -0.017653989)
(0.10971789 0.45928315 -0.025376217)
(0.10477172 0.4606297 -0.032722986)
(0.098740833 0.4621479 -0.039565651)
(0.091889955 0.4635773 -0.045799807)
(0.084469263 0.46463049 -0.051331745)
(0.076718474 0.46486122 -0.056114466)
(0.068845061 0.46352495 -0.060144383)
(0.061027081 0.4595359 -0.063422226)
(0.053414682 0.45164163 -0.065941704)
(0.046133294 0.43873982 -0.06767798)
(0.039286575 0.42022491 -0.068585583)
(0.032956625 0.39618075 -0.068609707)
(0.027202839 0.36735064 -0.06770357)
(0.02206116 0.33493139 -0.065844816)
(0.017544898 0.30030129 -0.063045704)
(0.013647227 0.26478182 -0.059355377)
(0.010344765 0.2294845 -0.054855484)
(0.0076016169 0.19524665 -0.049651826)
(0.0053732735 0.16263346 -0.043864664)
(0.0036100598 0.13197748 -0.03761962)
(0.0022599951 0.10343179 -0.031040218)
(0.0012716759 0.077022204 -0.024242443)
(0.00059773706 0.052691188 -0.017331168)
(0.00019638806 0.030331489 -0.010398062)
(1.4327985e-05 0.0098101169 -0.0035212113)
(0.041811172 0.75280828 0.011477221)
(0.005321618 0.69833607 0.023699706)
(0.055914792 0.64797762 0.025237767)
(0.080932539 0.60885048 0.023857519)
(0.10133228 0.57967067 0.019752794)
(0.11872464 0.55784003 0.014610231)
(0.13170818 0.54121656 0.0094380129)
(0.14030084 0.52838065 0.0045278854)
(0.14518906 0.51829669 -9.5712815e-05)
(0.14696426 0.51021584 -0.004436654)
(0.14601771 0.5036862 -0.0085095427)
(0.1427252 0.49833733 -0.012299277)
(0.13748842 0.49389599 -0.015770802)
(0.13069512 0.4901482 -0.018900753)
(0.12271151 0.48694742 -0.021673495)
(0.11388758 0.48419221 -0.024072396)
(0.10454028 0.48166988 -0.026091173)
(0.094938502 0.47904386 -0.027741735)
(0.085302909 0.47569551 -0.029046596)
(0.075821047 0.47063521 -0.030029901)
(0.066639455 0.46249223 -0.030713368)
(0.057870868 0.44997898 -0.031106349)
(0.049610933 0.4321682 -0.031202838)
(0.041935553 0.40880633 -0.030984277)
(0.034903452 0.38037409 -0.030426861)
(0.028555736 0.34792721 -0.0295104)
(0.022915033 0.31282154 -0.028225645)
(0.017985592 0.27644038 -0.026578292)
(0.013754612 0.23999863 -0.024589462)
(0.010194525 0.20444386 -0.022293506)
(0.0072658766 0.1704372 -0.019734356)
(0.0049203138 0.13838398 -0.016961473)
(0.0031036264 0.10848635 -0.014026144)
(0.0017592203 0.08079911 -0.010978492)
(0.0008333074 0.055278695 -0.0078653025)
(0.00027628879 0.031821565 -0.0047285507)
(2.0941591e-05 0.010292091 -0.0016049307)
(0.043079948 0.75693928 -0.00069645281)
(0.0094165136 0.71266911 -0.0020019334)
(0.061150734 0.67028944 -0.0033219522)
(0.088841301 0.63530534 -0.0051158445)
(0.11063588 0.60709967 -0.0065735242)
(0.12872627 0.58416794 -0.0075766412)
(0.1420368 0.56531137 -0.0081507485)
(0.15058304 0.54967001 -0.0082991044)
(0.15503241 0.53661679 -0.0080440301)
(0.15610446 0.52567998 -0.007438387)
(0.15436789 0.51649104 -0.0065191994)
(0.15031268 0.50875056 -0.0052978513)
(0.14435836 0.50222034 -0.0038441961)
(0.13685733 0.4966583 -0.002225014)
(0.12819558 0.49197108 -0.00049762006)
(0.11874944 0.48797089 0.0012788541)
(0.10883736 0.48445598 0.0030455228)
(0.098722619 0.48108984 0.0047518839)
(0.088632681 0.47725441 0.0063567774)
(0.078746474 0.47187471 0.0078276803)
(0.069199182 0.46363019 0.0091340382)
(0.060102717 0.45116226 0.010248121)
(0.051545551 0.43348129 0.011142649)
(0.04359857 0.41026958 0.011793087)
(0.036317166 0.38195584 0.012180937)
(0.029740554 0.34956468 0.01229668)
(0.023890685 0.31444234 0.012141329)
(0.018771979 0.27797864 0.011726278)
(0.014372204 0.24140381 0.011071766)
(0.010664382 0.20568312 0.010204565)
(0.0076093896 0.17149374 0.0091554639)
(0.0051588095 0.13925344 0.0079569567)
(0.003257835 0.10917292 0.0066413497)
(0.0018489386 0.081312099 0.0052393583)
(0.00087696355 0.055629963 0.0037791546)
(0.0002915106 0.03202374 0.0022858507)
(2.2304004e-05 0.010357465 0.00078099098)
(0.041346659 0.75241894 -0.012517556)
(0.0037157571 0.69674515 -0.026860267)
(0.053332632 0.64360572 -0.030763992)
(0.07598069 0.60063432 -0.03264966)
(0.094468577 0.56738865 -0.031173881)
(0.11007553 0.5418991 -0.027893572)
(0.12142699 0.52235406 -0.023855137)
(0.12861168 0.50737267 -0.019402728)
(0.13232223 0.49595888 -0.014552606)
(0.13321695 0.48736901 -0.0093051318)
(0.13179904 0.48100627 -0.0037149755)
(0.12839386 0.47640076 0.0021367749)
(0.12332319 0.47319701 0.0081395281)
(0.11695661 0.47106004 0.014151739)
(0.10961527 0.46969423 0.020036565)
(0.10156893 0.46883008 0.025675475)
(0.093070029 0.46815072 0.030953119)
(0.084347759 0.46717696 0.035779999)
(0.075600407 0.46513083 0.040092145)
(0.066994242 0.46089017 0.043837496)
(0.058667138 0.45312476 0.046968953)
(0.050733037 0.44061504 0.04942981)
(0.043285557 0.42261131 0.051154865)
(0.036399486 0.39905885 0.052079375)
(0.030130002 0.3705978 0.052152454)
(0.024511624 0.33837131 0.051349328)
(0.019558316 0.30375007 0.049678368)
(0.015265029 0.26807986 0.047181682)
(0.011610411 0.23251202 0.043930488)
(0.008560136 0.1979261 0.040017444)
(0.0060703883 0.16492413 0.035548115)
(0.0040910626 0.1338668 0.030633063)
(0.0025686969 0.10492646 0.025381404)
(0.0014494475 0.078140653 0.019896066)
(0.00068335329 0.053457903 0.014270658)
(0.00022515947 0.030773103 0.0085877315)
(1.6661951e-05 0.0099529625 0.0029178441)
(0.038467047 0.74309312 -0.021065336)
(-0.0045606584 0.66631223 -0.045242896)
(0.041493847 0.59543177 -0.052051172)
(0.056151097 0.54169387 -0.053379542)
(0.069934798 0.50315794 -0.049150739)
(0.081835685 0.47623567 -0.042474875)
(0.090218318 0.45776332 -0.034951997)
(0.095365022 0.44541803 -0.027016992)
(0.097952887 0.43759261 -0.018729379)
(0.098508806 0.43317333 -0.010086005)
(0.097361129 0.43134455 -0.0010950558)
(0.094817176 0.43156295 0.0081590922)
(0.091109191 0.43328851 0.017587303)
(0.086438696 0.43603542 0.027019862)
(0.080984872 0.43935916 0.03624096)
(0.074931823 0.44281521 0.045044452)
(0.068468124 0.44587652 0.053251372)
(0.061775352 0.44782161 0.060717441)
(0.055021574 0.4476578 0.067328412)
(0.048354949 0.44417202 0.072977398)
(0.041910466 0.43615787 0.077564381)
(0.035803694 0.42273456 0.08098766)
(0.03012868 0.40360776 0.083142327)
(0.024955763 0.37915817 0.083943658)
(0.020329012 0.35033094 0.083346377)
(0.016266571 0.31840103 0.081357517)
(0.012763655 0.28471851 0.078039101)
(0.0097971537 0.25051059 0.073501665)
(0.0073307527 0.21676957 0.067892001)
(0.0053198021 0.18421843 0.061378891)
(0.0037154225 0.15332888 0.054139675)
(0.0024676863 0.12436574 0.046349269)
(0.0015279081 0.097438374 0.03817218)
(0.00085057797 0.07254819 0.02975741)
(0.0003954345 0.049627244 0.021235704)
(0.00012811192 0.028567158 0.012718691)
(8.8917299e-06 0.0092394299 0.0042989916)
(0.036711647 0.73436635 -0.026946263)
(-0.0085980812 0.64034866 -0.058394623)
(0.034192061 0.55652175 -0.068137372)
(0.042494102 0.49624491 -0.068494818)
(0.052496635 0.45541116 -0.061906911)
(0.060901889 0.42874121 -0.05256084)
(0.066241669 0.41187544 -0.042328009)
(0.069051266 0.40175508 -0.031781063)
(0.070003869 0.39640968 -0.02102865)
(0.069560263 0.39460477 -0.01003024)
(0.068000267 0.39554178 0.0012784359)
(0.065564443 0.39866331 0.012907805)
(0.062409338 0.40342635 0.024762605)
(0.058645096 0.40928869 0.036648853)
(0.05438064 0.41566265 0.048314146)
(0.049734535 0.42187163 0.059490286)
(0.044833441 0.42708857 0.069923986)
(0.039808278 0.4302885 0.07939131)
(0.034790706 0.43028415 0.087695533)
(0.029905809 0.4258905 0.094650776)
(0.025268976 0.41619093 0.10008538)
(0.020978801 0.40078392 0.10385052)
(0.017108354 0.37989533 0.1058302)
(0.013701142 0.35431819 0.10596841)
(0.010770289 0.32521857 0.10428171)
(0.0083042918 0.29389798 0.10085876)
(0.0062725595 0.26159043 0.095852339)
(0.0046321316 0.22933354 0.089462128)
(0.0033338422 0.19791535 0.081914747)
(0.0023272189 0.16787744 0.073445252)
(0.0015639203 0.13954982 0.064282375)
(0.00099979796 0.11309773 0.054638191)
(0.00059600008 0.088567701 0.044701914)
(0.00031931252 0.065926739 0.034637077)
(0.00014256047 0.04509263 0.0245811)
(4.3636869e-05 0.025955892 0.014646469)
(2.430264e-06 0.0083947965 0.0049226688)
(0.036122622 0.72756818 -0.031878948)
(-0.0095926694 0.62100585 -0.069067652)
(0.030377644 0.52887759 -0.080690183)
(0.034144587 0.46543525 -0.079786217)
(0.041364754 0.42484652 -0.070921816)
(0.047002888 0.40008275 -0.059115725)
(0.049920882 0.38556284 -0.046490228)
(0.050806969 0.37760557 -0.033750247)
(0.050292699 0.37405255 -0.021037381)
(0.048783271 0.37372573 -0.0082686757)
(0.046550502 0.37597857 0.0046968545)
(0.043783676 0.38035834 0.017942694)
(0.040615016 0.38641149 0.031412633)
(0.037138271 0.39356537 0.04492527)
(0.033435192 0.40107949 0.058206268)
(0.029589871 0.40802357 0.070934261)
(0.025694376 0.41328085 0.082780708)
(0.021847633 0.41560906 0.093429003)
(0.018153614 0.41379668 0.10258979)
(0.014710636 0.40688938 0.11000464)
(0.011600794 0.394408 0.11545303)
(0.0088823322 0.37646499 0.11877334)
(0.0066011471 0.35372714 0.11989874)
(0.0047223837 0.3272516 0.11886953)
(0.0032530182 0.29826757 0.11578899)
(0.0021391632 0.2679781 0.11084842)
(0.0013269842 0.23742452 0.10429734)
(0.00076049602 0.20742172 0.096414283)
(0.00038573405 0.17855002 0.08748341)
(0.00015431784 0.15118154 0.077776739)
(2.5243626e-05 0.12552158 0.067542249)
(-3.483215e-05 0.10165192 0.056997307)
(-5.1782561e-05 0.079569019 0.046326284)
(-4.4950077e-05 0.059214375 0.035681131)
(-2.8479137e-05 0.040497118 0.025183748)
(-1.2352955e-05 0.023309793 0.01492933)
(-1.6080052e-06 0.007538921 0.004989827)
(0.035888325 0.72173262 -0.03658973)
(-0.010015197 0.6044713 -0.078302835)
(0.027542004 0.50630678 -0.090439121)
(0.027769779 0.4418301 -0.088076831)
(0.032999309 0.40331021 -0.076990113)
(0.036567929 0.3817725 -0.062923982)
(0.037774836 0.3703814 -0.048178111)
(0.037360013 0.36491579 -0.033554246)
(0.035862322 0.36313996 -0.019206418)
(0.033620716 0.36401508 -0.0050045204)
(0.030874226 0.36707723 0.0092469927)
(0.027796273 0.37201465 0.023672074)
(0.024517223 0.37842643 0.038250964)
(0.021135973 0.38567987 0.052809781)
(0.017736943 0.39287275 0.067051373)
(0.01440166 0.39886383 0.080603691)
(0.011214013 0.40237 0.093065925)
(0.0082596398 0.402135 0.10404375)
(0.0056185397 0.39714851 0.11317783)
(0.0033523649 0.38685124 0.12017124)
(0.0014748729 0.37124802 0.12482246)
(0.00012223667 0.3508847 0.12705103)
(-0.00092317126 0.32670725 0.12687436)
(-0.0015805709 0.29985955 0.12438071)
(-0.0018957154 0.27149311 0.1198254)
(-0.0019925728 0.24262903 0.11349776)
(-0.0019154014 0.21408571 0.1057182)
(-0.0017226349 0.18646205 0.096809924)
(-0.0014649698 0.16015622 0.087078373)
(-0.0011819654 0.13540168 0.076798018)
(-0.00090271581 0.11230709 0.066205675)
(-0.00064735482 0.090892845 0.055498773)
(-0.00042856069 0.071120782 0.044836996)
(-0.00025333141 0.052916771 0.03434584)
(-0.00012464852 0.036186844 0.024121097)
(-4.33148e-05 0.020828182 0.014233579)
(-3.6864915e-06 0.0067362726 0.0047333095)
(0.035651835 0.71624077 -0.041104983)
(-0.010560729 0.58922628 -0.086244771)
(0.024954034 0.48653407 -0.097927039)
(0.022341716 0.42256214 -0.093978263)
(0.026122793 0.38723822 -0.080810331)
(0.028085868 0.36956524 -0.064738421)
(0.028068021 0.36156365 -0.048174215)
(0.026785714 0.35863338 -0.031946601)
(0.024670177 0.3585732 -0.01619925)
(0.021991826 0.36051714 -0.00077499243)
(0.018951735 0.36415837 0.014545836)
(0.01571096 0.36927063 0.029900987)
(0.012401951 0.37543352 0.045271581)
(0.0091363219 0.38191061 0.060467644)
(0.0060137303 0.38765637 0.075157339)
(0.003126524 0.39142267 0.088918485)
(0.00055932339 0.39194322 0.10129459)
(-0.001615416 0.38815931 0.11184754)
(-0.003345669 0.37942818 0.1202051)
(-0.0045784071 0.36564439 0.12610127)
(-0.0053842426 0.34723129 0.12939344)
(-0.0057667418 0.32501824 0.13006416)
(-0.0057830582 0.30005582 0.12826187)
(-0.005485058 0.27343216 0.12427345)
(-0.0050104249 0.24613475 0.11839514)
(-0.0044106919 0.21897258 0.11098111)
(-0.0037502585 0.19255152 0.10238346)
(-0.003082523 0.16728607 0.092932254)
(-0.0024465842 0.14343003 0.082921267)
(-0.0018688138 0.12111303 0.072600925)
(-0.0013651982 0.10037503 0.062177078)
(-0.00094352638 0.081195153 0.051813545)
(-0.0006054121 0.063513928 0.041636725)
(-0.00034823614 0.047249521 0.031741056)
(-0.00016715129 0.032308985 0.022194508)
(-5.6338025e-05 0.018595725 0.013043755)
(-4.4569597e-06 0.0060142259 0.004318392)
(0.03533806 0.71092757 -0.045316021)
(-0.011227284 0.5749177 -0.092924777)
(0.022493515 0.46881024 -0.1035465)
(0.017359619 0.40638725 -0.098065305)
(0.020171576 0.37488276 -0.082866177)
(0.020885134 0.36128405 -0.065068863)
(0.019982984 0.35660718 -0.046967733)
(0.018111795 0.35603454 -0.029382621)
(0.015604255 0.35749102 -0.012439296)
(0.012677688 0.36029436 0.0040338561)
(0.0095041177 0.36425049 0.020254155)
(0.0062357794 0.36914784 0.036341196)
(0.0030099165 0.37449115 0.052243401)
(-4.7878074e-05 0.37943436 0.067728404)
(-0.0028226296 0.38285548 0.082415746)
(-0.0052137094 0.38354043 0.095837466)
(-0.0071404026 0.38041874 0.10750905)
(-0.0085496436 0.37277986 0.11699646)
(-0.0094277083 0.3604093 0.12397258)
(-0.0098239744 0.34360325 0.12825403)
(-0.0096907587 0.32306781 0.1298064)
(-0.0092531891 0.29975303 0.12882888)
(-0.008520394 0.2746762 0.12553718)
(-0.0076121994 0.24878513 0.12025917)
(-0.0066081066 0.22287352 0.11337444)
(-0.005581516 0.19754867 0.10525808)
(-0.004587556 0.17323647 0.096259656)
(-0.0036654709 0.15020685 0.086687997)
(-0.0028403234 0.12860691 0.076804014)
(-0.002125517 0.10849339 0.066819856)
(-0.0015254914 0.089860435 0.056902208)
(-0.0010382102 0.072661529 0.047177766)
(-0.00065720176 0.056825666 0.037739497)
(-0.0003734738 0.042268799 0.028652832)
(-0.0001771642 0.02890155 0.019961278)
(-5.8972516e-05 0.016634212 0.011691305)
(-4.4641953e-06 0.0053798185 0.0038561639)
(0.034913313 0.70575257 -0.049134035)
(-0.01195315 0.56137895 -0.098366135)
(0.020062693 0.45269482 -0.10755592)
(0.01264599 0.39251797 -0.1005698)
(0.014960135 0.36511759 -0.083556794)
(0.014611905 0.35554584 -0.064291703)
(0.013057085 0.3539602 -0.04489155)
(0.010775491 0.35546266 -0.026156376)
(0.0080169346 0.35815632 -0.0081943651)
(0.0049635371 0.36152804 0.0091656317)
(0.0017721931 0.365452 0.026114726)
(-0.0014079121 0.36968094 0.042725209)
(-0.0044326909 0.3736303 0.058885898)
(-0.0071657556 0.37638897 0.07430446)
(-0.0094857176 0.37687001 0.088553943)
(-0.011296961 0.37403892 0.10114596)
(-0.012539532 0.36714341 0.11161356)
(-0.01319782 0.35587135 0.11958551)
(-0.013309897 0.34039349 0.12483954)
(-0.01292464 0.32129127 0.12732509)
(-0.012140064 0.29941047 0.12718393)
(-0.011103438 0.27569561 0.12463531)
(-0.0098653504 0.25105073 0.12003537)
(-0.0085517189 0.22625045 0.11377052)
(-0.0072370749 0.20190034 0.10622887)
(-0.0059809358 0.17843503 0.097773884)
(-0.0048245071 0.15613833 0.088726003)
(-0.0037928461 0.13517283 0.079354654)
(-0.002897999 0.11561029 0.069877436)
(-0.0021422632 0.097458391 0.06046382)
(-0.0015210879 0.080682273 0.051241202)
(-0.0010254436 0.065220688 0.042301784)
(-0.00064367013 0.050997595 0.033709298)
(-0.00036298514 0.037930123 0.025505073)
(-0.00017096703 0.02593381 0.017713193)
(-5.6383705e-05 0.014925901 0.010344796)
(-4.1780851e-06 0.0048273085 0.0034012659)
(0.034371169 0.70071166 -0.052489982)
(-0.012664553 0.54854044 -0.1025527)
(0.017647343 0.43790904 -0.11022603)
(0.0082600914 0.38038734 -0.10188404)
(0.010358246 0.35714445 -0.083148067)
(0.0090204508 0.35136835 -0.062644683)
(0.0069803848 0.35254915 -0.042155885)
(0.0044110272 0.35579427 -0.0224554)
(0.0015006522 0.3593997 -0.0036427455)
(-0.0015863169 0.36299316 0.014433382)
(-0.0046986461 0.36647833 0.03191467)
(-0.0076850653 0.36955598 0.048802701)
(-0.010395942 0.37158908 0.064913941)
(-0.012693091 0.37168831 0.079898328)
(-0.014463903 0.36891587 0.093302837)
(-0.015635378 0.36251877 0.10465834)
(-0.016183796 0.35211034 0.11356709)
(-0.016137276 0.33774618 0.11977071)
(-0.015569056 0.31988513 0.12318645)
(-0.014576054 0.29926692 0.12390944)
(-0.013290662 0.27675915 0.12217391)
(-0.011818162 0.25321959 0.11832186)
(-0.010267746 0.22940217 0.11274286)
(-0.0087273231 0.20590968 0.10583674)
(-0.0072610942 0.18318459 0.097977908)
(-0.0059129186 0.16152381 0.089496822)
(-0.0047088855 0.14110459 0.080670971)
(-0.0036608189 0.12201288 0.071723731)
(-0.0027699367 0.10426908 0.062828169)
(-0.0020301285 0.087849175 0.054113462)
(-0.0014306253 0.072700925 0.045672223)
(-0.00095803719 0.058755631 0.037567673)
(-0.00059777444 0.045936329 0.029840072)
(-0.00033529294 0.034163288 0.022512173)
(-0.00015706459 0.023357533 0.015593678)
(-5.1534553e-05 0.013442988 0.0090848397)
(-3.7286329e-06 0.0043477005 0.0029790054)
(0.033750678 0.69580834 -0.05534286)
(-0.013318145 0.53637411 -0.10544069)
(0.015226738 0.42423973 -0.11179804)
(0.0041377248 0.36953626 -0.10211682)
(0.0062884783 0.35027472 -0.081818208)
(0.0039317704 0.34799232 -0.060305535)
(0.0015497045 0.35157716 -0.038915314)
(-0.0012110124 0.35620711 -0.018423912)
(-0.0041910942 0.36037109 0.0010690004)
(-0.0072262364 0.3638077 0.019670831)
(-0.010165429 0.36643321 0.037453939)
(-0.012855341 0.36791952 0.054339366)
(-0.015148107 0.36764262 0.070073554)
(-0.016916884 0.3648295 0.084268557)
(-0.018073521 0.3587808 0.096481769)
(-0.018581726 0.34907122 0.10630889)
(-0.018461546 0.33566056 0.11346442)
(-0.017783731 0.31889245 0.11783109)
(-0.016655545 0.29940153 0.1194709)
(-0.015202268 0.27797648 0.11860204)
(-0.013551922 0.25542678 0.11555261)
(-0.011818525 0.23248409 0.11071216)
(-0.010096699 0.20974763 0.10448527)
(-0.0084568736 0.18766758 0.097255485)
(-0.0069467301 0.1665539 0.089362737)
(-0.0055943354 0.14659855 0.081092954)
(-0.0044121679 0.12790153 0.072676233)
(-0.0034011781 0.11049569 0.064290505)
(-0.0025544127 0.094367505 0.056068124)
(-0.0018599454 0.079473309 0.048103501)
(-0.0013031198 0.065751285 0.04046064)
(-0.00086814161 0.053129934 0.033179892)
(-0.00053916134 0.041533833 0.026283691)
(-0.00030110441 0.030887399 0.019781215)
(-0.00014049519 0.021117237 0.013672064)
(-4.5818778e-05 0.012153508 0.0079491777)
(-3.2810216e-06 0.0039306543 0.002600788)
(0.033169929 0.69103234 -0.057692276)
(-0.013938876 0.5248538 -0.10705182)
(0.012984494 0.41151931 -0.11259588)
(0.00033089975 0.35965848 -0.10113369)
(0.002689869 0.34404767 -0.079835095)
(-0.00073800402 0.34485389 -0.057405687)
(-0.0033369185 0.35043317 -0.035291671)
(-0.0062124192 0.35607074 -0.014183179)
(-0.0091832036 0.36042981 0.0058043981)
(-0.01208272 0.36333465 0.024714669)
(-0.014756215 0.36471986 0.042539072)
(-0.017054471 0.36427587 0.059120494)
(-0.01884283 0.36146815 0.074154262)
(-0.020020133 0.35571881 0.087248338)
(-0.020535935 0.34661435 0.098012564)
(-0.020398694 0.33404986 0.10614685)
(-0.019672516 0.31826887 0.1115036)
(-0.018463882 0.29980578 0.11411153)
(-0.016902696 0.27937042 0.11416173)
(-0.015123018 0.2577223 0.11196736)
(-0.013247698 0.23556954 0.10791227)
(-0.011378662 0.21350729 0.10240262)
(-0.0095928714 0.19199344 0.095828529)
(-0.0079427461 0.17135147 0.088538866)
(-0.0064593515 0.15178842 0.08082865)
(-0.0051567219 0.13341875 0.072935996)
(-0.0040363065 0.11628789 0.065045275)
(-0.0030909302 0.10039284 0.057293642)
(-0.0023080127 0.085698373 0.049778856)
(-0.0016720202 0.072149357 0.042567089)
(-0.0011662195 0.059679499 0.035699983)
(-0.00077386687 0.048217409 0.029200654)
(-0.00047891195 0.037690621 0.023078575)
(-0.00026661454 0.028028148 0.017333425)
(-0.00012398973 0.019162024 0.011958041)
(-4.0339672e-05 0.011028149 0.0069406876)
(-2.8421422e-06 0.0035666906 0.0022665328)
(0.03276842 0.68631309 -0.059552792)
(-0.014783979 0.51386162 -0.10771639)
(0.010894742 0.39951373 -0.11268059)
(-0.0032089768 0.35040462 -0.098796369)
(-0.0006971055 0.33801077 -0.077322122)
(-0.0048877822 0.34146104 -0.054071636)
(-0.007732009 0.34863306 -0.031389427)
(-0.010644708 0.3549109 -0.0098432932)
(-0.013525606 0.35911193 0.010429058)
(-0.016203171 0.36114583 0.029402989)
(-0.018523135 0.36099212 0.046988496)
(-0.020349619 0.35841712 0.062965761)
(-0.021573905 0.35304322 0.077009524)
(-0.022132857 0.34453548 0.088762889)
(-0.022021635 0.33277021 0.097925814)
(-0.021294282 0.3179168 0.10432774)
(-0.020052561 0.3004206 0.10796492)
(-0.018427195 0.28091534 0.1089981)
(-0.016557308 0.2601099 0.10771903)
(-0.014573028 0.23868777 0.10450126)
(-0.012584008 0.2172395 0.099749856)
(-0.010674169 0.19623105 0.093860191)
(-0.0089014514 0.17600016 0.087189908)
(-0.0073007862 0.15676992 0.080043917)
(-0.0058885757 0.13867003 0.072669744)
(-0.0046674414 0.12175919 0.065259852)
(-0.003630517 0.10604531 0.057957872)
(-0.0027649664 0.091501835 0.050866482)
(-0.0020546703 0.078080375 0.044055415)
(-0.0014821507 0.065719787 0.037568797)
(-0.0010298737 0.054352583 0.031431421)
(-0.00068106639 0.043909243 0.025653866)
(-0.00042018686 0.034320995 0.020236534)
(-0.00023324659 0.025521543 0.015172758)
(-0.00010818518 0.017448056 0.010451128)
(-3.5054251e-05 0.010041664 0.0060572567)
(-2.4481168e-06 0.0032476418 0.001974869)
(0.032470289 0.68159122 -0.060888689)
(-0.015967358 0.5029842 -0.10769419)
(0.0090111675 0.38769727 -0.11177835)
(-0.0064513214 0.34132277 -0.095666977)
(-0.0042044607 0.33182215 -0.074156296)
(-0.0084827523 0.3374683 -0.050390615)
(-0.011575833 0.34582864 -0.027309823)
(-0.014491517 0.35238711 -0.0055226978)
(-0.017210673 0.35610978 0.014805328)
(-0.019586355 0.35700087 0.033582113)
(-0.02147933 0.35512111 0.050648596)
(-0.022778817 0.35036593 0.065748693)
(-0.023413583 0.34255993 0.078572615)
(-0.023366445 0.33162403 0.08883494)
(-0.022679621 0.31769373 0.096351705)
(-0.021447151 0.30114611 0.10108991)
(-0.019797605 0.28254687 0.10317818)
(-0.017873011 0.26255595 0.10288268)
(-0.015809775 0.24183184 0.10056209)
(-0.013725208 0.22096034 0.09661721)
(-0.011710686 0.20041594 0.091447231)
(-0.009830432 0.18055175 0.085418499)
(-0.0081240959 0.16160821 0.078846716)
(-0.0066112423 0.14373154 0.071990298)
(-0.0052963321 0.12699479 0.065051524)
(-0.0041733403 0.11141755 0.058182258)
(-0.0032295754 0.096982511 0.051491723)
(-0.0024486249 0.083648343 0.045054664)
(-0.0018124725 0.071359221 0.038918934)
(-0.0013029374 0.060051606 0.033112036)
(-0.00090259152 0.049658881 0.027646492)
(-0.00059528806 0.040114404 0.022524106)
(-0.00036637922 0.031353428 0.01773923)
(-0.00020294706 0.023314252 0.013281223)
(-9.3912506e-05 0.015938829 0.009136265)
(-3.039454e-05 0.0091730348 0.0052887327)
(-2.0956068e-06 0.0029667111 0.0017219704)
(0.032253119 0.67697381 -0.061629828)
(-0.017388834 0.49242293 -0.10692349)
(0.0072843174 0.37619564 -0.10984908)
(-0.0091150204 0.33201613 -0.092305164)
(-0.0075808099 0.32520384 -0.070344642)
(-0.011688157 0.33262798 -0.046383537)
(-0.014882795 0.3417777 -0.023142685)
(-0.017730182 0.34828533 -0.001337513)
(-0.020215337 0.35126549 0.018803519)
(-0.022219912 0.35083212 0.037121471)
(-0.023633206 0.34716283 0.05341026)
(-0.024380611 0.34032067 0.067409891)
(-0.024436082 0.3303506 0.078860632)
(-0.023830396 0.31741203 0.087575343)
(-0.02264814 0.3018479 0.093496983)
(-0.021013293 0.28417221 0.096722106)
(-0.019068733 0.26500205 0.097488077)
(-0.016955959 0.24497252 0.096134521)
(-0.014799701 0.2246652 0.093054554)
(-0.012699219 0.20456409 0.088649251)
(-0.010725811 0.18503911 0.08329326)
(-0.0089247358 0.16634987 0.077313835)
(-0.0073195572 0.1486609 0.07098175)
(-0.0059172851 0.13206112 0.064510903)
(-0.004713288 0.11658313 0.058063243)
(-0.0036954318 0.10221978 0.051756289)
(-0.0028473038 0.088937427 0.04567135)
(-0.0021505479 0.076685988 0.039861331)
(-0.0015864706 0.065406102 0.034357541)
(-0.0011370556 0.05503416 0.029175342)
(-0.00078556684 0.045505657 0.024318641)
(-0.00051684236 0.03675735 0.019783358)
(-0.00031738723 0.028728583 0.015560043)
(-0.00017542607 0.021362028 0.011635804)
(-8.1023249e-05 0.014604052 0.0079957069)
(-2.6122357e-05 0.0084048205 0.0046238275)
(-1.7923239e-06 0.0027182566 0.0015037978)
(0.032129536 0.67254774 -0.061786101)
(-0.018837331 0.48223477 -0.10540706)
(0.0057563556 0.36506275 -0.10707504)
(-0.011289571 0.32264794 -0.088766698)
(-0.010533158 0.3180308 -0.066233256)
(-0.014458753 0.32677569 -0.04219361)
(-0.017633176 0.33633832 -0.01899961)
(-0.020329833 0.34251245 0.0025979303)
(-0.022514533 0.34456111 0.022308895)
(-0.02409944 0.34272285 0.039924532)
(-0.025008717 0.33731925 0.05521889)
(-0.025212162 0.3285997 0.067960397)
(-0.024731966 0.31682224 0.0779668)
(-0.023643331 0.30234669 0.08516314)
(-0.022064129 0.28566393 0.08961549)
(-0.020136293 0.26736144 0.091530182)
(-0.018005203 0.2480563 0.091223854)
(-0.01580262 0.22832825 0.089078173)
(-0.013636038 0.20867259 0.085493638)
(-0.011584609 0.18947815 0.080852299)
(-0.0097001489 0.171026 0.075493379)
(-0.0080111348 0.15350133 0.06970132)
(-0.0065279111 0.13701108 0.063703406)
(-0.0052478547 0.12160254 0.057673572)
(-0.0041598455 0.10728009 0.05173946)
(-0.0032477923 0.094018811 0.045990589)
(-0.0024932221 0.081775039 0.040486327)
(-0.0018770676 0.070494057 0.035262977)
(-0.001380816 0.060115547 0.030339701)
(-0.00098719481 0.05057729 0.025723279)
(-0.00068052628 0.041817607 0.021411804)
(-0.00044686109 0.03377688 0.017397482)
(-0.00027393265 0.026398455 0.013668704)
(-0.00015118116 0.019629112 0.010211547)
(-6.9700287e-05 0.013419257 0.0070108538)
(-2.246838e-05 0.0077229343 0.0040510079)
(-1.5230442e-06 0.0024977227 0.0013163182)
(0.032171893 0.66833101 -0.061473819)
(-0.019927033 0.47232354 -0.10314429)
(0.0044244999 0.3540622 -0.10371913)
(-0.013024654 0.31302184 -0.08488025)
(-0.01294229 0.31015856 -0.061917381)
(-0.016735947 0.31981274 -0.037933103)
(-0.019806524 0.32946572 -0.014985267)
(-0.022282209 0.33509004 0.0061825105)
(-0.024116675 0.33610171 0.025235898)
(-0.025253849 0.33287601 0.041940079)
(-0.025662313 0.32589273 0.056078808)
(-0.025359325 0.31558613 0.067476137)
(-0.024412607 0.3024008 0.07604394)
(-0.022933706 0.28684874 0.08182012)
(-0.021062414 0.269512 0.084978616)
(-0.018946901 0.25100124 0.085809348)
(-0.016725539 0.23189996 0.084678373)
(-0.014514337 0.21271825 0.081982446)
(-0.012401101 0.19386693 0.078109419)
(-0.010445222 0.17565166 0.073410388)
(-0.0086811249 0.15828128 0.06818446)
(-0.0071233858 0.14188349 0.062673938)
(-0.0057721136 0.12652265 0.057066632)
(-0.0046177399 0.11221653 0.051502188)
(-0.003644874 0.098950361 0.046080058)
(-0.0028351775 0.086687967 0.040867575)
(-0.002169368 0.075380007 0.035907291)
(-0.001628529 0.064969942 0.031223202)
(-0.0011949029 0.055398149 0.026825793)
(-0.00085231038 0.046604678 0.022715988)
(-0.00058632179 0.038531027 0.018888159)
(-0.00038426783 0.031121225 0.015332371)
(-0.00023515119 0.024322433 0.012036016)
(-0.00012955662 0.018085239 0.0089849852)
(-5.9637923e-05 0.012363731 0.0061644896)
(-1.9170976e-05 0.0071154502 0.0035596675)
(-1.2911901e-06 0.0023012516 0.0011558362)
(0.032282267 0.66411418 -0.06086814)
(-0.02076018 0.46237347 -0.10034609)
(0.003184263 0.34296483 -0.099826814)
(-0.014361162 0.3030459 -0.080611557)
(-0.014833402 0.30152253 -0.057466364)
(-0.01850727 0.31172365 -0.033706273)
(-0.021412271 0.32120594 -0.011199146)
(-0.023609889 0.32613546 0.0093306042)
(-0.025061305 0.32608522 0.027530125)
(-0.025747948 0.32157314 0.043162091)
(-0.025685287 0.3132364 0.056046655)
(-0.024936583 0.30167598 0.066082678)
(-0.023608356 0.28748525 0.073281424)
(-0.021838019 0.27127916 0.077783481)
(-0.019775822 0.25368312 0.079848496)
(-0.017566363 0.23529551 0.079822345)
(-0.015334429 0.2166477 0.078094059)
(-0.01317727 0.19817728 0.075054807)
(-0.011162952 0.18021875 0.071066725)
(-0.0093329778 0.16300854 0.06644409)
(-0.0077071895 0.14669862 0.061445595)
(-0.0062892658 0.13137344 0.05627472)
(-0.0050718275 0.11706662 0.051085002)
(-0.0040406421 0.10377546 0.045987607)
(-0.0031778141 0.091472713 0.041059419)
(-0.0024640512 0.080115456 0.036350584)
(-0.0018801592 0.069651661 0.031891048)
(-0.0014079671 0.06002479 0.02769591)
(-0.0010308325 0.051176938 0.023769654)
(-0.00073386485 0.0430509 0.020109401)
(-0.00050397252 0.035591476 0.016707346)
(-0.00032979547 0.028746238 0.013552545)
(-0.00020153773 0.022465938 0.010632212)
(-0.00011090727 0.016704667 0.0079326211)
(-5.0978442e-05 0.011419867 0.0054397418)
(-1.6388198e-05 0.0065722334 0.0031397013)
(-1.0908369e-06 0.0021255657 0.0010189467)
(0.032232661 0.65970199 -0.06002257)
(-0.021589479 0.45203161 -0.097171809)
(0.0020255066 0.33150459 -0.095479593)
(-0.015417016 0.29261559 -0.076052985)
(-0.016285893 0.29209541 -0.052956733)
(-0.019812378 0.30255272 -0.029602039)
(-0.022497622 0.31167141 -0.0077209169)
(-0.024376242 0.31583093 0.011987985)
(-0.025431217 0.31476421 0.029175561)
(-0.025685636 0.309129 0.043627239)
(-0.025200762 0.29970623 0.055219705)
(-0.024080308 0.28723436 0.063935795)
(-0.0224602 0.27241405 0.069881179)
(-0.020492713 0.25591919 0.073281617)
(-0.018328557 0.23838244 0.074457782)
(-0.01610162 0.22036781 0.073786079)
(-0.013919459 0.20234725 0.071657404)
(-0.011859997 0.18469006 0.068443088)
(-0.0099731106 0.16766543 0.064472337)
(-0.0082850878 0.1514541 0.060021142)
(-0.0068041715 0.13616448 0.055310225)
(-0.0055259333 0.1218492 0.05050886)
(-0.0044378517 0.10852016 0.045741778)
(-0.003522856 0.096160947 0.041097098)
(-0.0027618906 0.084736498 0.036634037)
(-0.0021356352 0.074200327 0.032389724)
(-0.0016255909 0.064499697 0.02838488)
(-0.001214691 0.055579228 0.024628362)
(-0.00088759969 0.047383321 0.021120682)
(-0.00063079001 0.039857727 0.017856665)
(-0.00043249886 0.032950523 0.014827424)
(-0.00028260642 0.026612655 0.012021787)
(-0.00017246701 0.020798211 0.0094273174)
(-9.4781516e-05 0.015464497 0.0070310233)
(-4.3510937e-05 0.010571999 0.0048198485)
(-1.3956586e-05 0.0060842655 0.0027810371)
(-9.2303234e-07 0.0019677482 0.00090223337)
(0.032148249 0.65511257 -0.05892124)
(-0.02231408 0.44123171 -0.093651508)
(0.00098711141 0.31957146 -0.090840848)
(-0.016264776 0.28159958 -0.071319133)
(-0.017391414 0.28187259 -0.048474933)
(-0.020729553 0.29237887 -0.025700532)
(-0.023149835 0.30101018 -0.0046131834)
(-0.024683867 0.30438711 0.014124024)
(-0.025345794 0.30240394 0.030186344)
(-0.025201448 0.29584762 0.04340245)
(-0.024353596 0.28561987 0.053717916)
(-0.022938268 0.27256231 0.061199561)
(-0.021110515 0.25744345 0.066035016)
(-0.01902748 0.24096057 0.068514194)
(-0.016832677 0.22372891 0.068995044)
(-0.014644914 0.20626678 0.067863374)
(-0.012553292 0.18898691 0.065496654)
(-0.010617501 0.17219815 0.062237774)
(-0.0088716585 0.1561159 0.058380245)
(-0.0073297369 0.14087736 0.054163201)
(-0.0059911778 0.12655821 0.049773314)
(-0.0048458377 0.11318815 0.045350678)
(-0.0038779319 0.10076411 0.040996385)
(-0.0030689327 0.089260772 0.036780266)
(-0.0023995694 0.078638576 0.032747954)
(-0.0018511057 0.068849586 0.028926889)
(-0.0014060907 0.05984164 0.025331187)
(-0.0010487428 0.051561213 0.021965464)
(-0.00076508405 0.043955318 0.018827739)
(-0.00054292517 0.036972715 0.015911623)
(-0.00037176427 0.03056465 0.013207901)
(-0.00024263672 0.024685248 0.010705692)
(-0.00014791404 0.019291686 0.0083932466)
(-8.1213668e-05 0.014344216 0.0062585158)
(-3.7238984e-05 0.0098061 0.004289526)
(-1.1945345e-05 0.005643473 0.002474657)
(-7.817104e-07 0.0018251878 0.00080270273)
(0.032085226 0.65026399 -0.057601433)
(-0.022960006 0.42982026 -0.089807233)
(3.9482891e-05 0.30699061 -0.085992871)
(-0.016988973 0.2699186 -0.066492128)
(-0.018264447 0.27086334 -0.044096029)
(-0.021371083 0.2812884 -0.022067841)
(-0.023490591 0.28937217 -0.0019198621)
(-0.024666768 0.29200543 0.015730028)
(-0.024950281 0.28924314 0.030598226)
(-0.024447894 0.28198505 0.0425705)
(-0.023297261 0.27122583 0.051665567)
(-0.021657483 0.25787571 0.058026896)
(-0.01969304 0.24273715 0.061907299)
(-0.01755792 0.22650451 0.06363949)
(-0.015383345 0.20976072 0.063598081)
(-0.01327107 0.19297461 0.062162205)
(-0.011292256 0.17650423 0.059685922)
(-0.0094904354 0.16060716 0.056479502)
(-0.0078866905 0.14545569 0.052801014)
(-0.0064854223 0.13115362 0.04885582)
(-0.0052796732 0.11775252 0.044801022)
(-0.0042554919 0.10526588 0.040752381)
(-0.0033952342 0.093680553 0.036791932)
(-0.0026798798 0.082965755 0.032975209)
(-0.0020905552 0.073079689 0.029337544)
(-0.001609455 0.06397438 0.025899285)
(-0.0012203388 0.05559905 0.022669923)
(-0.00090873894 0.047902423 0.019651299)
(-0.00066199312 0.04083425 0.016840003)
(-0.00046915946 0.034346257 0.014229165)
(-0.0003208754 0.028392712 0.011809749)
(-0.00020919411 0.022930715 0.0095714765)
(-0.00012740302 0.017920302 0.0075034806)
(-6.9885549e-05 0.013324433 0.0055947469)
(-3.2010681e-05 0.0091089077 0.0038344151)
(-1.0260056e-05 0.0052422221 0.0022120111)
(-6.6556099e-07 0.0016954156 0.00071747826)
(0.032000314 0.6450457 -0.056090387)
(-0.023571794 0.4176187 -0.085639118)
(-0.0008976084 0.29361425 -0.080979252)
(-0.017684678 0.25748765 -0.061627729)
(-0.019041401 0.25906131 -0.0398799)
(-0.02187555 0.26934414 -0.018755723)
(-0.023665923 0.27687524 0.00033065391)
(-0.024478586 0.27884321 0.016812234)
(-0.024402785 0.2754609 0.030457296)
(-0.023582281 0.26772137 0.041215278)
(-0.022181805 0.25668335 0.049175186)
(-0.020374524 0.24329437 0.054544819)
(-0.018326207 0.22836387 0.057623833)
(-0.016181949 0.21256545 0.058768252)
(-0.014057903 0.19644221 0.058352866)
(-0.012038583 0.18041454 0.05673889)
(-0.010178782 0.16479236 0.054251324)
(-0.0085083097 0.14979101 0.051166765)
(-0.0070378326 0.13554889 0.047709948)
(-0.005764539 0.12214461 0.044056278)
(-0.0046769771 0.10961224 0.04033773)
(-0.0037588012 0.09795396 0.036650086)
(-0.0029914766 0.087150135 0.033060192)
(-0.0023560972 0.07716688 0.029612506)
(-0.0018345212 0.067961692 0.026334627)
(-0.0014100169 0.059487466 0.023241774)
(-0.0010675655 0.051695291 0.020340279)
(-0.00079394994 0.044536346 0.017630261)
(-0.00057770658 0.037963138 0.015107623)
(-0.00040899911 0.031930269 0.012765514)
(-0.00027946492 0.026394877 0.010595397)
(-0.00018204283 0.021316845 0.0085877942)
(-0.0001107757 0.016658867 0.0067328176)
(-6.0720154e-05 0.012386409 0.0050205234)
(-2.7790281e-05 0.0084676088 0.0034411527)
(-8.9004288e-06 0.0048731378 0.0019853175)
(-5.7332724e-07 0.0015760465 0.00064401567)
(0.031855742 0.63935506 -0.054384359)
(-0.024173722 0.40446307 -0.081089589)
(-0.0019875341 0.27930092 -0.075771996)
(-0.018465536 0.24420725 -0.056763084)
(-0.019878341 0.2464244 -0.0358735)
(-0.022399988 0.25655681 -0.015804994)
(-0.023835705 0.26357355 0.0021193839)
(-0.024280641 0.26498311 0.017382653)
(-0.023862162 0.26115039 0.029808278)
(-0.022755566 0.25314099 0.039408951)
(-0.021144763 0.24205066 0.04633563)
(-0.019209075 0.22883794 0.050845463)
(-0.017109372 0.21429934 0.053267167)
(-0.014978293 0.19907671 0.053963642)
(-0.012915934 0.18367078 0.05329757)
(-0.010990523 0.16845721 0.051605115)
(-0.0092425377 0.15370485 0.04917974)
(-0.0076904748 0.13959487 0.046265328)
(-0.0063368507 0.12623943 0.043056288)
(-0.0051735189 0.11369829 0.039702002)
(-0.0041859408 0.10199297 0.036313377)
(-0.0033563395 0.091117989 0.032969931)
(-0.0026658864 0.08104969 0.029726483)
(-0.0020961044 0.071752745 0.026618963)
(-0.001629704 0.063184961 0.023669214)
(-0.0012510108 0.055300684 0.020888806)
(-0.00094613308 0.048053156 0.018281982)
(-0.00070295824 0.041396101 0.015847892)
(-0.0005110589 0.035284756 0.013582256)
(-0.00036153991 0.029676494 0.011478567)
(-0.0002468693 0.02453118 0.0095289763)
(-0.00016071006 0.019811323 0.007724901)
(-9.774456e-05 0.015482108 0.0060574596)
(-5.3552493e-05 0.011511343 0.0045177622)
(-2.4491693e-05 0.0078693478 0.0030971059)
(-7.8485849e-06 0.004528821 0.0017871336)
(-5.0090352e-07 0.0014646872 0.00057984114)
(0.031658134 0.63309453 -0.052435219)
(-0.024952782 0.39023678 -0.076124429)
(-0.0034495897 0.26394366 -0.070334873)
(-0.019467156 0.22996845 -0.051942334)
(-0.020931634 0.23285616 -0.032120482)
(-0.023105603 0.24285677 -0.01325153)
(-0.024161244 0.24942706 0.0034297593)
(-0.024231084 0.25040527 0.017450144)
(-0.023478807 0.2462964 0.028684595)
(-0.022105319 0.23821722 0.037202518)
(-0.02030664 0.22727663 0.043204782)
(-0.018261985 0.21442354 0.046982147)
(-0.016123105 0.20042778 0.048876474)
(-0.014008378 0.18589355 0.049244511)
(-0.012002091 0.17127987 0.048428305)
(-0.010157739 0.15692251 0.046735004)
(-0.0085035961 0.14305587 0.044426211)
(-0.0070489761 0.12983384 0.041715174)
(-0.0057900709 0.11734834 0.038769298)
(-0.004714793 0.10564518 0.03571563)
(-0.0038064777 0.09473696 0.032647524)
(-0.0030465069 0.084613145 0.029631302)
(-0.0024160581 0.075247801 0.026712261)
(-0.0018971762 0.066605291 0.023919771)
(-0.001473373 0.058644415 0.021271393)
(-0.0011298974 0.051321344 0.018776124)
(-0.00085380004 0.044591642 0.016436878)
(-0.00063387341 0.038411617 0.014252351)
(-0.00046051907 0.032739194 0.012218408)
(-0.00032558326 0.027534433 0.010329092)
(-0.00022218941 0.022759812 0.0085773422)
(-0.00014456845 0.018380346 0.0069555137)
(-8.7878749e-05 0.014363589 0.0054557266)
(-4.8121967e-05 0.010679568 0.0040701108)
(-2.199906e-05 0.007300675 0.0027909666)
(-7.0399506e-06 0.0042015298 0.0016108973)
(-4.4820584e-07 0.0013588338 0.00052281452)
(0.031430617 0.62627465 -0.050143243)
(-0.025989609 0.37500601 -0.070582086)
(-0.0052904956 0.24753911 -0.064629904)
(-0.020793462 0.21466391 -0.047186221)
(-0.022321393 0.21818971 -0.028649359)
(-0.024137259 0.22806806 -0.011122235)
(-0.024793461 0.2342721 0.0042462113)
(-0.024477545 0.23495886 0.017015709)
(-0.023390298 0.23075126 0.027102504)
(-0.021754069 0.22279395 0.034620809)
(-0.019771781 0.21218809 0.039806896)
(-0.017618249 0.19985726 0.042969773)
(-0.01543369 0.18653576 0.044450895)
(-0.013321756 0.17278782 0.044591047)
(-0.011351901 0.15903318 0.043706143)
(-0.0095646261 0.1455727 0.0420726)
(-0.0079779372 0.13261229 0.03992117)
(-0.0065936997 0.12028406 0.037437047)
(-0.0054031431 0.1086644 0.034763862)
(-0.0043911891 0.097788818 0.032009592)
(-0.0035396265 0.087663636 0.029252973)
(-0.0028292783 0.078275123 0.026549572)
(-0.0022413932 0.069596303 0.023937106)
(-0.001758458 0.061591997 0.021439849)
(-0.0013646154 0.054222458 0.019072154)
(-0.0010458185 0.047445931 0.016841199)
(-0.00078982396 0.041220413 0.014749077)
(-0.00058608699 0.035504824 0.012794366)
(-0.00042561439 0.030259751 0.010973282)
(-0.00030078983 0.025447888 0.0092805229)
(-0.0002051994 0.021034261 0.0077098727)
(-0.00013347171 0.016986317 0.0062546272)
(-8.1116322e-05 0.013273908 0.0049078896)
(-4.4411513e-05 0.0098692141 0.003662772)
(-2.0294131e-05 0.0067466359 0.0025125307)
(-6.5016036e-06 0.0038826565 0.0014506798)
(-4.1098864e-07 0.0012557023 0.00047099643)
(0.031205487 0.61895706 -0.047457312)
(-0.027109603 0.35889702 -0.064298888)
(-0.007415808 0.23011141 -0.058562827)
(-0.022505409 0.19816221 -0.042434876)
(-0.024136549 0.20217686 -0.025444386)
(-0.025617347 0.21188953 -0.0094214005)
(-0.025867432 0.21779432 0.0045591987)
(-0.025154353 0.21833119 0.01607296)
(-0.023721629 0.21420437 0.025059886)
(-0.021812242 0.20655807 0.031661774)
(-0.019633461 0.19646552 0.036133655)
(-0.017353593 0.18481254 0.038788038)
(-0.015100515 0.17229233 0.039954614)
(-0.01296365 0.15942894 0.039951005)
(-0.010998987 0.14660596 0.039063713)
(-0.0092357405 0.13409411 0.037538178)
(-0.0076832781 0.12207569 0.035575998)
(-0.0063373506 0.11066545 0.033336979)
(-0.0051851786 0.099927806 0.030943908)
(-0.0042092803 0.089890573 0.028488441)
(-0.0033901807 0.080555739 0.026037055)
(-0.0027081994 0.071907648 0.02363647)
(-0.0021445552 0.063919137 0.021318276)
(-0.0016819778 0.056556025 0.01910272)
(-0.001304989 0.049780345 0.017001704)
(-0.00099997411 0.043552605 0.015021104)
(-0.00075512116 0.037833342 0.013162529)
(-0.00056029199 0.032584139 0.01142464)
(-0.00040685696 0.02776827 0.009804117)
(-0.00028751587 0.023351068 0.0082963671)
(-0.00019613172 0.01930011 0.0068960265)
(-0.00012756728 0.015585272 0.0055973167)
(-7.7519201e-05 0.0121787 0.0043942915)
(-4.2438e-05 0.0090547267 0.0032810058)
(-1.9393647e-05 0.0061897591 0.0022516282)
(-6.2074806e-06 0.0035621458 0.0013005623)
(-3.9400566e-07 0.0011520405 0.000422446)
(0.030955417 0.61104071 -0.044352003)
(-0.028226986 0.34186839 -0.057130397)
(-0.0098743927 0.2116402 -0.051976847)
(-0.024624966 0.18030366 -0.037574286)
(-0.026433096 0.18449498 -0.022445338)
(-0.027630411 0.19389422 -0.0081244303)
(-0.027486744 0.19951666 0.0043715751)
(-0.026371339 0.20002626 0.014612941)
(-0.024579091 0.19615494 0.022540033)
(-0.022376349 0.18900965 0.028300227)
(-0.019975259 0.17961308 0.032148587)
(-0.017537879 0.16880115 0.034386641)
(-0.015180519 0.15722137 0.035322518)
(-0.012979734 0.14535786 0.035245272)
(-0.010979704 0.13356101 0.034410132)
(-0.0091999905 0.12207518 0.033032134)
(-0.0076427017 0.11106285 0.03128566)
(-0.0062984925 0.10062462 0.029307629)
(-0.0051512253 0.090815419 0.027202501)
(-0.004181348 0.081657224 0.025047858)
(-0.0033682083 0.073148961 0.022899766)
(-0.0026915334 0.065273946 0.020797525)
(-0.0021323106 0.058005434 0.018767659)
(-0.0016732435 0.051310663 0.01682714)
(-0.0012989377 0.045153747 0.014985929)
(-0.00099590485 0.039497683 0.013248929)
(-0.00075247189 0.034305726 0.011617469)
(-0.00055862712 0.029542273 0.010090402)
(-0.00040585225 0.025173415 0.0086649256)
(-0.00028693929 0.021167245 0.0073371636)
(-0.00019581972 0.017493999 0.0061025901)
(-0.00012740721 0.014126086 0.0049563241)
(-7.7445231e-05 0.01103804 0.0038933346)
(-4.2402602e-05 0.0082064351 0.0029085806)
(-1.9386036e-05 0.005609769 0.0019971061)
(-6.195724e-06 0.0032283319 0.0011541411)
(-3.9732128e-07 0.0010440761 0.00037510559)
(0.030511552 0.60215907 -0.040612283)
(-0.029260061 0.32372341 -0.04911074)
(-0.012692985 0.19216082 -0.04477243)
(-0.027084675 0.16095585 -0.032495893)
(-0.029162256 0.16479532 -0.019562426)
(-0.030161048 0.1735802 -0.0071731804)
(-0.029669282 0.17884467 0.0037105975)
(-0.028168682 0.17939909 0.012637662)
(-0.026013947 0.17593542 0.019524449)
(-0.023500294 0.16947726 0.02449939)
(-0.020848389 0.16096879 0.027797377)
(-0.018216949 0.1511809 0.029694417)
(-0.01571334 0.14070878 0.030468049)
(-0.013403685 0.12999506 0.030374286)
(-0.011322521 0.11935787 0.029635877)
(-0.0094815192 0.10901725 0.028438269)
(-0.0078768344 0.099117942 0.026930468)
(-0.0064948927 0.089748242 0.02522866)
(-0.0053166884 0.080955031 0.023421046)
(-0.0043207938 0.072755589 0.021572897)
(-0.0034853626 0.065146632 0.019731263)
(-0.0027893716 0.058111126 0.017929065)
(-0.0022133328 0.051623308 0.016188493)
(-0.001739636 0.045652323 0.014523737)
(-0.0013526611 0.040164801 0.012943119)
(-0.0010387408 0.035126639 0.011450739)
(-0.00078604432 0.030504182 0.01004772)
(-0.00058441266 0.026264994 0.008733124)
(-0.00042518314 0.022378314 0.0075046369)
(-0.00030100611 0.018815294 0.0063590541)
(-0.00020567758 0.015549107 0.0052926296)
(-0.00013398175 0.012554946 0.0043013202)
(-8.1532469e-05 0.0098099669 0.0033809535)
(-4.4690573e-05 0.0072931922 0.0025273426)
(-2.0456224e-05 0.0049853968 0.001736363)
(-6.5464394e-06 0.0028689828 0.0010040366)
(-4.2377315e-07 0.00092785412 0.0003265378)
(0.029441318 0.59214703 -0.036063866)
(-0.030046177 0.30461001 -0.040374454)
(-0.015567742 0.17183436 -0.036901035)
(-0.029603985 0.14008767 -0.027096487)
(-0.032054768 0.14282239 -0.016676049)
(-0.032980103 0.15052663 -0.0064642146)
(-0.032236852 0.15523917 0.0026484777)
(-0.030413377 0.15583022 0.010185226)
(-0.027928013 0.15287962 0.016018831)
(-0.025110732 0.14727674 0.020235579)
(-0.02219648 0.13985387 0.023030388)
(-0.019345986 0.13129636 0.024639482)
(-0.01666233 0.12213537 0.025301073)
(-0.014205054 0.11276594 0.02523382)
(-0.012002053 0.1034711 0.024626706)
(-0.010059311 0.094445493 0.02363608)
(-0.0083685339 0.08581597 0.022386919)
(-0.0069128487 0.077658779 0.020976282)
(-0.0056708816 0.070013283 0.019477626)
(-0.0046195204 0.062892693 0.017945183)
(-0.0037357121 0.056292252 0.016417978)
(-0.0029975442 0.050195351 0.01492327)
(-0.0023848422 0.044578009 0.013479398)
(-0.0018794339 0.039412078 0.012098055)
(-0.0014652146 0.034667484 0.010786077)
(-0.0011280789 0.03031376 0.0095468086)
(-0.00085578976 0.026321044 0.0083811389)
(-0.00063780608 0.022660707 0.0072882724)
(-0.00046510393 0.019305714 0.0062662896)
(-0.00032999629 0.016230811 0.0053125523)
(-0.0002259606 0.013412576 0.004423989)
(-0.00014748531 0.010829409 0.0035972947)
(-8.9919369e-05 0.0084614577 0.0028290662)
(-4.9372844e-05 0.0062905223 0.0021158938)
(-2.2645354e-05 0.0042999473 0.001454422)
(-7.2539851e-06 0.0024745033 0.00084142484)
(-4.77204e-07 0.00080027334 0.00027381071)
(0.028591549 0.58067999 -0.030965571)
(-0.030171535 0.28480387 -0.030823615)
(-0.01797957 0.15080056 -0.0283668)
(-0.031620753 0.11783095 -0.021302458)
(-0.034513331 0.11860946 -0.013657367)
(-0.035505018 0.12467429 -0.0058514526)
(-0.034658643 0.1285528 0.0013170883)
(-0.032637651 0.12909424 0.0073582793)
(-0.029915649 0.12670388 0.012089206)
(-0.026857463 0.12209037 0.015537438)
(-0.023716839 0.11593988 0.017842031)
(-0.020662813 0.10882726 0.019187145)
(-0.017800247 0.10120237 0.019763628)
(-0.015187185 0.093401153 0.01974842)
(-0.012848796 0.085664273 0.019294924)
(-0.010788172 0.078156604 0.018530117)
(-0.0089944246 0.070984813 0.01755545)
(-0.0074485258 0.064212187 0.016449655)
(-0.0061273709 0.057870586 0.015272258)
(-0.0050064362 0.051969768 0.014067144)
(-0.0040615156 0.046504482 0.012865856)
(-0.0032697677 0.041459713 0.011690379)
(-0.0026102516 0.036814497 0.010555446)
(-0.0020641407 0.032544614 0.009470387)
(-0.0016147527 0.028624453 0.0084405873)
(-0.0012474611 0.025028258 0.0074686073)
(-0.00094954601 0.021730931 0.0065550304)
(-0.00071001681 0.018708522 0.0056990952)
(-0.00051942555 0.015938495 0.0048991543)
(-0.00036968443 0.013399859 0.0041530049)
(-0.00025389675 0.011073191 0.0034581204)
(-0.00016619944 0.0089406082 0.0028118099)
(-0.00010160997 0.0069856951 0.0022113255)
(-5.5941715e-05 0.005193418 0.0016539336)
(-2.5734414e-05 0.0035500258 0.0011369595)
(-8.2636504e-06 0.0020429497 0.00065783405)
(-5.5312063e-07 0.00066070653 0.00021410065)
(0.027499973 0.56369594 -0.025773557)
(-0.02965236 0.26151192 -0.020499268)
(-0.019468356 0.12854795 -0.019429464)
(-0.032279291 0.094464534 -0.01523374)
(-0.03551631 0.092660935 -0.0104583)
(-0.036661324 0.096619937 -0.0051834202)
(-0.035888639 0.099403903 -8.9414311e-05)
(-0.03386412 0.099789617 0.0043481534)
(-0.031088393 0.097965975 0.0079027678)
(-0.027944599 0.094431415 0.010538513)
(-0.024703013 0.08969944 0.012333307)
(-0.021544045 0.084211684 0.013409878)
(-0.018579734 0.078318582 0.013905245)
(-0.01587174 0.072283671 0.013950352)
(-0.013446729 0.06629623 0.013660449)
(-0.01130809 0.060485838 0.013131788)
(-0.0094446 0.054936056 0.012441733)
(-0.0078366179 0.049696165 0.011650588)
(-0.0064603419 0.044790693 0.010804054)
(-0.0052905956 0.040226868 0.0099353905)
(-0.0043025412 0.036000261 0.0090690718)
(-0.0034727403 0.03209892 0.008222172)
(-0.0027797394 0.028506362 0.0074060926)
(-0.002204272 0.025203678 0.0066280044)
(-0.0017292738 0.022170967 0.0058919798)
(-0.0013397836 0.019388287 0.0051998692)
(-0.0010227812 0.016836258 0.004551964)
(-0.00076700003 0.014496421 0.0039474977)
(-0.00056273567 0.012351436 0.0033850122)
(-0.00040165955 0.010385163 0.002862623)
(-0.00027664275 0.0085826734 0.0023782068)
(-0.00018160062 0.0069302243 0.0019295318)
(-0.00011134264 0.0054151957 0.0015143457)
(-6.1479977e-05 0.0040260234 0.0011304327)
(-2.8368991e-05 0.0027521214 0.00077565012)
(-9.1544461e-06 0.0015838058 0.00044797208)
(-6.2171675e-07 0.00051222006 0.0001454945)
(0.024120496 0.53153789 -0.020076143)
(-0.028437216 0.22839104 -0.010077668)
(-0.019364969 0.10360184 -0.01089389)
(-0.030293997 0.070243867 -0.0093262081)
(-0.033506394 0.065921218 -0.007202232)
(-0.03477102 0.067654726 -0.0043653487)
(-0.034255815 0.069254234 -0.0013486418)
(-0.032496819 0.069436771 0.00143211)
(-0.029955481 0.068175475 0.0037492214)
(-0.027006519 0.065755873 0.0055178979)
(-0.023924694 0.062509056 0.0067566789)
(-0.02089354 0.058730925 0.0075327886)
(-0.018032504 0.054663286 0.0079276188)
(-0.015409863 0.05048921 0.0080232454)
(-0.013057061 0.046340919 0.0078939598)
(-0.010980644 0.042309392 0.0076029235)
(-0.0091714284 0.038453638 0.0072015098)
(-0.0076113036 0.034808778 0.0067301215)
(-0.0062766857 0.031392367 0.0062201463)
(-0.0051429924 0.028210227 0.0056944538)
(-0.0041862507 0.025260152 0.0051693722)
(-0.0033831157 0.022534348 0.0046568162)
(-0.0027124455 0.020021836 0.0041648329)
(-0.0021552985 0.017709903 0.003698546)
(-0.001694961 0.015585091 0.0032608985)
(-0.0013168649 0.013633862 0.0028532253)
(-0.0010084205 0.011843015 0.0024756578)
(-0.00075880159 0.010199942 0.0021275735)
(-0.00055873825 0.0086927699 0.0018078301)
(-0.00040031702 0.0073104172 0.0015149394)
(-0.0002767915 0.0060426135 0.0012472181)
(-0.00018241188 0.0048798795 0.0010028985)
(-0.00011227257 0.0038134918 0.00078020638)
(-6.2224527e-05 0.0028354381 0.00057741075)
(-2.882717e-05 0.0019383678 0.00039285337)
(-9.3285177e-06 0.0011155418 0.00022497991)
(-6.4217716e-07 0.00036078426 7.2345306e-05)
(0.015628765 0.46180838 -0.012777978)
(-0.025537937 0.17409271 -0.0012369647)
(-0.016315472 0.072438797 -0.0041627871)
(-0.023874317 0.044739389 -0.0044905868)
(-0.026407013 0.039316767 -0.0042905075)
(-0.027606727 0.039300242 -0.00338661)
(-0.027477835 0.039892703 -0.0021701881)
(-0.026309997 0.039919943 -0.00090811686)
(-0.024415724 0.039211597 0.00022372208)
(-0.022104513 0.037869217 0.0011317863)
(-0.019625261 0.036057945 0.0017993824)
(-0.017144963 0.03393572 0.0022505008)
(-0.01477598 0.031639796 0.0025164732)
(-0.012590698 0.029273574 0.0026335499)
(-0.010625015 0.026912732 0.0026367102)
(-0.0088901278 0.024610075 0.0025565011)
(-0.0073815487 0.022400454 0.0024181424)
(-0.0060853837 0.020305171 0.0022417003)
(-0.0049826187 0.018335647 0.002042783)
(-0.0040521107 0.016496322 0.0018337041)
(-0.0032725646 0.014786843 0.0016230484)
(-0.0026236604 0.013203691 0.0014170921)
(-0.0020866855 0.011741376 0.0012203291)
(-0.001644833 0.010393273 0.0010358497)
(-0.00128335 0.0091522047 0.00086565961)
(-0.00098932872 0.0080108096 0.00071117825)
(-0.00075199374 0.0069618554 0.0005732002)
(-0.00056196326 0.0059983796 0.00045192949)
(-0.0004111705 0.0051137483 0.00034719267)
(-0.00029294057 0.0043017252 0.00025844169)
(-0.000201614 0.0035564924 0.00018485972)
(-0.00013240723 0.0028726501 0.00012545428)
(-8.1277312e-05 0.0022452021 7.9189109e-05)
(-4.4980472e-05 0.0016695383 4.4801513e-05)
(-2.0872829e-05 0.0011414123 2.0965107e-05)
(-6.8127594e-06 0.0006569174 6.38077e-06)
(-5.0787211e-07 0.0002124619 -1.6447345e-07)
(0.001275672 0.28492827 -0.0034130335)
(-0.015673138 0.078274308 0.0013126754)
(-0.0080958393 0.0289999 -0.0015721239)
(-0.010975642 0.016057793 -0.0017564926)
(-0.011977487 0.012981155 -0.0022210672)
(-0.012592865 0.012512515 -0.0023392538)
(-0.012731151 0.012558821 -0.002299928)
(-0.012373465 0.012546476 -0.0021827067)
(-0.011602396 0.012345745 -0.0020333266)
(-0.010560741 0.011958619 -0.0018760036)
(-0.0093845917 0.011424615 -0.0017260042)
(-0.0081724178 0.010786897 -0.0015844442)
(-0.0070006167 0.010088251 -0.001457576)
(-0.0059102728 0.0093609909 -0.0013462891)
(-0.0049252152 0.0086294186 -0.0012485545)
(-0.0040559065 0.0079109318 -0.0011620056)
(-0.0033031519 0.0072173476 -0.0010845656)
(-0.0026615605 0.0065561881 -0.0010145341)
(-0.0021221833 0.0059317896 -0.00095055181)
(-0.0016742913 0.0053461984 -0.00089154271)
(-0.0013066112 0.0047998597 -0.00083665492)
(-0.0010081579 0.0042921402 -0.00078517129)
(-0.00076872082 0.0038217092 -0.00073647407)
(-0.00057902127 0.0033868104 -0.00069003255)
(-0.00042986932 0.0029854532 -0.0006452937)
(-0.00031446083 0.0026154407 -0.00059969989)
(-0.00022674131 0.002274601 -0.00055218627)
(-0.0001606399 0.0019609084 -0.0005036347)
(-0.00011169083 0.0016724105 -0.00045442196)
(-7.6081053e-05 0.0014072404 -0.00040458074)
(-5.0513639e-05 0.0011636347 -0.00035399014)
(-3.2735161e-05 0.00094005453 -0.00030324115)
(-2.0718137e-05 0.00073488985 -0.00025160861)
(-1.2685853e-05 0.00054655683 -0.00019821257)
(-7.3350527e-06 0.00037370729 -0.00014330156)
(-3.6357308e-06 0.00021509539 -8.7153575e-05)
(-8.605589e-07 6.9569279e-05 -3.0052853e-05)
)
;

boundaryField
{
    inner_wall
    {
        type            rotatingWallVelocity;
        origin          (0 0 0);
        axis            (0 0 1);
        omega           table;
        omegaCoeffs
        {
            values          
2
(
(0 31.4159)
(61 31.4159)
)
;
        }
        value           nonuniform List<vector> 
90
(
(0 0.79720437 -0)
(0 0.79720437 -0)
(0 0.79720437 -0)
(0 0.79720437 -0)
(0 0.79720437 -0)
(0 0.79720437 -0)
(0 0.79720437 -0)
(0 0.79720437 -0)
(0 0.79720437 -0)
(0 0.79720437 -0)
(0 0.79720437 -0)
(0 0.79720437 -0)
(0 0.79720437 -0)
(0 0.79720437 -0)
(0 0.79720437 -0)
(0 0.79720437 -0)
(0 0.79720437 -0)
(0 0.79720437 -0)
(0 0.79720437 -0)
(0 0.79720437 -0)
(0 0.79720437 -0)
(0 0.79720437 -0)
(0 0.79720437 -0)
(0 0.79720437 -0)
(0 0.79720437 -0)
(0 0.79720437 -0)
(0 0.79720437 -0)
(0 0.79720437 -0)
(0 0.79720437 -0)
(0 0.79720437 -0)
(0 0.79720437 -0)
(0 0.79720437 -0)
(0 0.79720437 -0)
(0 0.79720437 -0)
(0 0.79720437 -0)
(0 0.79720437 -0)
(0 0.79720437 -0)
(0 0.79720437 -0)
(0 0.79720437 -0)
(0 0.79720437 -0)
(0 0.79720437 -0)
(0 0.79720437 -0)
(0 0.79720437 -0)
(0 0.79720437 -0)
(0 0.79720437 -0)
(0 0.79720437 -0)
(0 0.79720437 -0)
(0 0.79720437 -0)
(0 0.79720437 -0)
(0 0.79720437 -0)
(0 0.79720437 -0)
(0 0.79720437 -0)
(0 0.79720437 -0)
(0 0.79720437 -0)
(0 0.79720437 -0)
(0 0.79720437 -0)
(0 0.79720437 -0)
(0 0.79720437 -0)
(0 0.79720437 -0)
(0 0.79720437 -0)
(0 0.79720437 -0)
(0 0.79720437 -0)
(0 0.79720437 -0)
(0 0.79720437 -0)
(0 0.79720437 -0)
(0 0.79720437 -0)
(0 0.79720437 -0)
(0 0.79720437 -0)
(0 0.79720437 -0)
(0 0.79720437 -0)
(0 0.79720437 -0)
(0 0.79720437 -0)
(0 0.79720437 -0)
(0 0.79720437 -0)
(0 0.79720437 -0)
(0 0.79720437 -0)
(0 0.79720437 -0)
(0 0.79720437 -0)
(0 0.79720437 -0)
(0 0.79720437 -0)
(0 0.79720437 -0)
(0 0.79720437 -0)
(0 0.79720437 -0)
(0 0.79720437 -0)
(0 0.79720437 -0)
(0 0.79720437 -0)
(0 0.79720437 -0)
(0 0.79720437 -0)
(0 0.79720437 -0)
(0 0.79720437 -0)
)
;
    }
    outer_wall
    {
        type            noSlip;
    }
    side_outlet
    {
        type            zeroGradient;
    }
    inlet
    {
        type            codedFixedValue;
        value           nonuniform List<vector> 
37
(
(-0 -0 -0.00034074024)
(-0 -0 -0.00095859762)
(-0 -0 -0.0014126762)
(-0 -0 -0.0017360277)
(-0 -0 -0.0019554212)
(-0 -0 -0.0020925539)
(-0 -0 -0.0021650152)
(-0 -0 -0.0021870584)
(-0 -0 -0.0021702215)
(-0 -0 -0.0021238297)
(-0 -0 -0.0020554016)
(-0 -0 -0.0019709816)
(-0 -0 -0.0018754091)
(-0 -0 -0.0017725401)
(-0 -0 -0.0016654277)
(-0 -0 -0.0015564707)
(-0 -0 -0.0014475348)
(-0 -0 -0.0013400528)
(-0 -0 -0.0012351065)
(-0 -0 -0.0011334943)
(-0 -0 -0.0010357862)
(-0 -0 -0.00094236956)
(-0 -0 -0.00085348587)
(-0 -0 -0.00076926164)
(-0 -0 -0.0006897331)
(-0 -0 -0.00061486653)
(-0 -0 -0.00054457488)
(-0 -0 -0.00047873109)
(-0 -0 -0.00041717902)
(-0 -0 -0.00035974212)
(-0 -0 -0.00030623042)
(-0 -0 -0.00025644615)
(-0 -0 -0.00021018801)
(-0 -0 -0.00016725471)
(-0 -0 -0.00012744754)
(-0 -0 -9.0572358e-05)
(-0 -0 -5.6441123e-05)
)
;
        name            lopezFullyDevelopedAnnularTopInlet;
        code            #{
            const fvPatch& p = patch();
            vectorField Uin(p.size(), vector::zero);

            const vectorField& Cf = p.Cf();
            const vectorField& Sf = p.Sf();

            const scalar Ri = 0.0254;
            const scalar Ro = 0.03175;
            const scalar Q0 = 100e-6/60.0;  // full 360-degree flow rate [m3/s]
            // UNIFIED to 100 mL/min to match side_outlet_cat_wallmodel (was Yuhe's
            // 40 mL/min). This makes the outer-wall catalytic BC the ONLY difference
            // between the two cases (single controlled variable), and shrinks the
            // residence time (tau ~ 26 s) so the episode reaches steady state well.
            const scalar pi = 3.1415926535897932384626433832795;

            const scalar Aann = pi*(sqr(Ro) - sqr(Ri));
            const scalar Umean = Q0/Aann;

            scalarField shape(p.size(), scalar(0));
            scalar sumShapeA = scalar(0);
            scalar sumA = scalar(0);

            forAll(Cf, faceI)
            {
                const scalar r = sqrt(sqr(Cf[faceI].x()) + sqr(Cf[faceI].y()));

                scalar f =
                    sqr(Ro) - sqr(r)
                  - (sqr(Ro) - sqr(Ri))/log(Ro/Ri)*log(Ro/r);

                shape[faceI] = max(f, scalar(0));

                const scalar Af = mag(Sf[faceI]);
                sumShapeA += shape[faceI]*Af;
                sumA      += Af;
            }

            reduce(sumShapeA, sumOp<scalar>());
            reduce(sumA, sumOp<scalar>());

            const scalar meanShape = sumShapeA/max(sumA, VSMALL);
            const scalar scale = Umean/max(meanShape, VSMALL);

            forAll(Cf, faceI)
            {
                const vector nHat = Sf[faceI]/mag(Sf[faceI]);
                // Top inlet outward normal points +z; inflow is opposite to it.
                Uin[faceI] = -scale*shape[faceI]*nHat;
            }

            operator==(Uin);
        #};
    }
    bottom
    {
        type            noSlip;
    }
    front
    {
        type            wedge;
    }
    back
    {
        type            wedge;
    }
}


// ************************************************************************* //
